/cmcode/hgq2.tar.gz: OK
WARNING: Running pip as the 'root' user can result in broken permissions and conflicting behaviour with the system package manager, possibly rendering your system unusable. It is recommended to use a virtual environment instead: https://pip.pypa.io/warnings/venv. Use the --root-user-action option if you know what you are doing and want to suppress this warning.

[notice] A new release of pip is available: 25.0.1 -> 26.2.1
[notice] To update, run: pip install --upgrade pip
MANIFEST_SHA_OK f7d4003f49584c701aec1cfefb4c0c9a3591c41d7d2fda94dd5a293d00eaaa36
GPU_GATE_PASS
NVIDIA A10, 23028 MiB
Filesystem                                                                                                                                                      Size  Used Avail Use% Mounted on
csi-cephfs-node@90a5afad-c313-4e49-9b5f-317100c6930e.nautilusfs=/volumes/csi/csi-vol-9f276e98-3be5-415d-b665-c05c6036f24c/a3a2d703-9f9a-423c-a8bc-89c13d677031  100G   33G   68G  33% /data
ARM_STARTED 0 chang0926-a-n64-s1 pid 74 attempt 0
ARM_STARTED 1 chang0926-a-n64-s2 pid 94 attempt 0
ARM_STARTED 24 chang0926-d-n64-s1 pid 115 attempt 0
ARM_STARTED 48 chang0926-a07-350-n64-s1 pid 642 attempt 0
ARM_STARTED 56 chang0926-cprime-n64-s1 pid 1408 attempt 0
ARM_STARTED 57 chang0926-e1-n64-s1 pid 1720 attempt 0
2026/09/27 20:54:46.276, NVIDIA A10, 100 %, 10891 MiB, 23028 MiB
2026/09/27 20:55:46.326, NVIDIA A10, 100 %, 11787 MiB, 23028 MiB
2026/09/27 20:56:46.365, NVIDIA A10, 100 %, 22557 MiB, 23028 MiB
ARM_EXIT chang0926-a07-350-n64-s1 1 attempt 0
ARM_LOG   File "/usr/local/lib/python3.12/site-packages/keras/src/utils/traceback_utils.py", line 117, in error_handler
ARM_LOG 
ARM_LOG   File "/usr/local/lib/python3.12/site-packages/keras/src/layers/layer.py", line 1002, in __call__
ARM_LOG 
ARM_LOG   File "/usr/local/lib/python3.12/site-packages/keras/src/utils/traceback_utils.py", line 117, in error_handler
ARM_LOG 
ARM_LOG   File "/usr/local/lib/python3.12/site-packages/keras/src/ops/operation.py", line 63, in __call__
ARM_LOG 
ARM_LOG   File "/usr/local/lib/python3.12/site-packages/keras/src/utils/traceback_utils.py", line 156, in error_handler
ARM_LOG 
ARM_LOG   File "/usr/local/lib/python3.12/site-packages/keras/src/models/functional.py", line 184, in call
ARM_LOG 
ARM_LOG   File "/usr/local/lib/python3.12/site-packages/keras/src/ops/function.py", line 210, in _run_through_graph
ARM_LOG 
ARM_LOG   File "/usr/local/lib/python3.12/site-packages/keras/src/models/functional.py", line 707, in call
ARM_LOG 
ARM_LOG   File "/usr/local/lib/python3.12/site-packages/keras/src/utils/traceback_utils.py", line 117, in error_handler
ARM_LOG 
ARM_LOG   File "/usr/local/lib/python3.12/site-packages/keras/src/layers/layer.py", line 1002, in __call__
ARM_LOG 
ARM_LOG   File "/usr/local/lib/python3.12/site-packages/keras/src/utils/traceback_utils.py", line 117, in error_handler
ARM_LOG 
ARM_LOG   File "/usr/local/lib/python3.12/site-packages/keras/src/ops/operation.py", line 63, in __call__
ARM_LOG 
ARM_LOG   File "/usr/local/lib/python3.12/site-packages/keras/src/utils/traceback_utils.py", line 156, in error_handler
ARM_LOG 
ARM_LOG   File "/usr/local/lib/python3.12/site-packages/hgq/layers/core/base.py", line 96, in call
ARM_LOG 
ARM_LOG   File "/usr/local/lib/python3.12/site-packages/hgq/layers/softmax.py", line 124, in call
ARM_LOG 
ARM_LOG   File "/usr/local/lib/python3.12/site-packages/keras/src/utils/traceback_utils.py", line 117, in error_handler
ARM_LOG 
ARM_LOG   File "/usr/local/lib/python3.12/site-packages/keras/src/layers/layer.py", line 1002, in __call__
ARM_LOG 
ARM_LOG   File "/usr/local/lib/python3.12/site-packages/keras/src/utils/traceback_utils.py", line 117, in error_handler
ARM_LOG 
ARM_LOG   File "/usr/local/lib/python3.12/site-packages/keras/src/ops/operation.py", line 63, in __call__
ARM_LOG 
ARM_LOG   File "/usr/local/lib/python3.12/site-packages/keras/src/utils/traceback_utils.py", line 156, in error_handler
ARM_LOG 
ARM_LOG   File "/usr/local/lib/python3.12/site-packages/hgq/layers/core/base.py", line 96, in call
ARM_LOG 
ARM_LOG   File "/usr/local/lib/python3.12/site-packages/hgq/layers/activation.py", line 60, in call
ARM_LOG 
ARM_LOG   File "/usr/local/lib/python3.12/site-packages/keras/src/utils/traceback_utils.py", line 117, in error_handler
ARM_LOG 
ARM_LOG   File "/usr/local/lib/python3.12/site-packages/keras/src/layers/layer.py", line 1002, in __call__
ARM_LOG 
ARM_LOG   File "/usr/local/lib/python3.12/site-packages/keras/src/utils/traceback_utils.py", line 117, in error_handler
ARM_LOG 
ARM_LOG   File "/usr/local/lib/python3.12/site-packages/keras/src/ops/operation.py", line 63, in __call__
ARM_LOG 
ARM_LOG   File "/usr/local/lib/python3.12/site-packages/keras/src/utils/traceback_utils.py", line 156, in error_handler
ARM_LOG 
ARM_LOG   File "/usr/local/lib/python3.12/site-packages/hgq/quantizer/quantizer.py", line 53, in call
ARM_LOG 
ARM_LOG   File "/usr/local/lib/python3.12/site-packages/hgq/quantizer/internal/fixed_point_quantizer.py", line 429, in call
ARM_LOG 
ARM_LOG   File "/usr/local/lib/python3.12/site-packages/hgq/quantizer/internal/fixed_point_quantizer.py", line 146, in call
ARM_LOG 
ARM_LOG   File "/usr/local/lib/python3.12/site-packages/hgq/quantizer/internal/base.py", line 183, in bw_to_x
ARM_LOG 
ARM_LOG   File "/usr/local/lib/python3.12/site-packages/keras/src/ops/numpy.py", line 1957, in broadcast_to
ARM_LOG 
ARM_LOG   File "/usr/local/lib/python3.12/site-packages/keras/src/backend/tensorflow/numpy.py", line 1172, in broadcast_to
ARM_LOG 
ARM_LOG 2 root error(s) found.
ARM_LOG   (0) RESOURCE_EXHAUSTED:  OOM when allocating tensor with shape[2790,4,64,64] and type float on /job:localhost/replica:0/task:0/device:GPU:0 by allocator GPU_0_bfc
ARM_LOG 	 [[{{node while/chang0926-a07-350-n64-s1_1/bit_block_0_attn_softmax_1/bit_block_0_attn_softmax_exp_table_1/bit_block_0_attn_softmax_exp_table_iq_1/BroadcastTo_2}}]]
ARM_LOG Hint: If you want to see a list of allocated tensors when OOM happens, add report_tensor_allocations_upon_oom to RunOptions for current allocation info. This isn't available when running in Eager mode.
ARM_LOG 
ARM_LOG 	 [[while/LoopCond/_200/_12]]
ARM_LOG Hint: If you want to see a list of allocated tensors when OOM happens, add report_tensor_allocations_upon_oom to RunOptions for current allocation info. This isn't available when running in Eager mode.
ARM_LOG 
ARM_LOG   (1) RESOURCE_EXHAUSTED:  OOM when allocating tensor with shape[2790,4,64,64] and type float on /job:localhost/replica:0/task:0/device:GPU:0 by allocator GPU_0_bfc
ARM_LOG 	 [[{{node while/chang0926-a07-350-n64-s1_1/bit_block_0_attn_softmax_1/bit_block_0_attn_softmax_exp_table_1/bit_block_0_attn_softmax_exp_table_iq_1/BroadcastTo_2}}]]
ARM_LOG Hint: If you want to see a list of allocated tensors when OOM happens, add report_tensor_allocations_upon_oom to RunOptions for current allocation info. This isn't available when running in Eager mode.
ARM_LOG 
ARM_LOG 0 successful operations.
ARM_LOG 0 derived errors ignored. [Op:__inference_epoch_step_617916]
ARM_STARTED 48 chang0926-a07-350-n64-s1 pid 2549 attempt 1
ARM_EXIT chang0926-cprime-n64-s1 1 attempt 0
ARM_LOG   File "/usr/local/lib/python3.12/site-packages/keras/src/models/functional.py", line 184, in call
ARM_LOG 
ARM_LOG   File "/usr/local/lib/python3.12/site-packages/keras/src/ops/function.py", line 210, in _run_through_graph
ARM_LOG 
ARM_LOG   File "/usr/local/lib/python3.12/site-packages/keras/src/models/functional.py", line 707, in call
ARM_LOG 
ARM_LOG   File "/usr/local/lib/python3.12/site-packages/keras/src/utils/traceback_utils.py", line 117, in error_handler
ARM_LOG 
ARM_LOG   File "/usr/local/lib/python3.12/site-packages/keras/src/layers/layer.py", line 1002, in __call__
ARM_LOG 
ARM_LOG   File "/usr/local/lib/python3.12/site-packages/keras/src/utils/traceback_utils.py", line 117, in error_handler
ARM_LOG 
ARM_LOG   File "/usr/local/lib/python3.12/site-packages/keras/src/ops/operation.py", line 63, in __call__
ARM_LOG 
ARM_LOG   File "/usr/local/lib/python3.12/site-packages/keras/src/utils/traceback_utils.py", line 156, in error_handler
ARM_LOG 
ARM_LOG   File "/usr/local/lib/python3.12/site-packages/hgq/layers/core/base.py", line 96, in call
ARM_LOG 
ARM_LOG   File "/usr/local/lib/python3.12/site-packages/hgq/layers/ops/einsum.py", line 58, in call
ARM_LOG 
ARM_LOG   File "/usr/local/lib/python3.12/site-packages/keras/src/utils/traceback_utils.py", line 117, in error_handler
ARM_LOG 
ARM_LOG   File "/usr/local/lib/python3.12/site-packages/keras/src/layers/layer.py", line 1002, in __call__
ARM_LOG 
ARM_LOG   File "/usr/local/lib/python3.12/site-packages/keras/src/utils/traceback_utils.py", line 117, in error_handler
ARM_LOG 
ARM_LOG   File "/usr/local/lib/python3.12/site-packages/keras/src/ops/operation.py", line 63, in __call__
ARM_LOG 
ARM_LOG   File "/usr/local/lib/python3.12/site-packages/keras/src/utils/traceback_utils.py", line 156, in error_handler
ARM_LOG 
ARM_LOG   File "/usr/local/lib/python3.12/site-packages/hgq/layers/core/base.py", line 315, in call
ARM_LOG 
ARM_LOG   File "/usr/local/lib/python3.12/site-packages/hgq/layers/core/base.py", line 315, in <genexpr>
ARM_LOG 
ARM_LOG   File "/usr/local/lib/python3.12/site-packages/keras/src/utils/traceback_utils.py", line 117, in error_handler
ARM_LOG 
ARM_LOG   File "/usr/local/lib/python3.12/site-packages/keras/src/layers/layer.py", line 1002, in __call__
ARM_LOG 
ARM_LOG   File "/usr/local/lib/python3.12/site-packages/keras/src/utils/traceback_utils.py", line 117, in error_handler
ARM_LOG 
ARM_LOG   File "/usr/local/lib/python3.12/site-packages/keras/src/ops/operation.py", line 63, in __call__
ARM_LOG 
ARM_LOG   File "/usr/local/lib/python3.12/site-packages/keras/src/utils/traceback_utils.py", line 156, in error_handler
ARM_LOG 
ARM_LOG   File "/usr/local/lib/python3.12/site-packages/hgq/quantizer/quantizer.py", line 53, in call
ARM_LOG 
ARM_LOG   File "/usr/local/lib/python3.12/site-packages/hgq/quantizer/internal/fixed_point_quantizer.py", line 429, in call
ARM_LOG 
ARM_LOG   File "/usr/local/lib/python3.12/site-packages/hgq/quantizer/internal/fixed_point_quantizer.py", line 147, in call
ARM_LOG 
ARM_LOG   File "/usr/local/lib/python3.12/site-packages/quantizers/fixed_point/_fixed_point_ops.py", line 202, in __call__
ARM_LOG 
ARM_LOG   File "/usr/local/lib/python3.12/site-packages/quantizers/fixed_point/_fixed_point_ops.py", line 185, in forward
ARM_LOG 
ARM_LOG   File "/usr/local/lib/python3.12/site-packages/quantizers/fixed_point/_fixed_point_ops.py", line 144, in round
ARM_LOG 
ARM_LOG   File "/usr/local/lib/python3.12/site-packages/quantizers/fixed_point/_fixed_point_ops.py", line 27, in wrapper
ARM_LOG 
ARM_LOG   File "/usr/local/lib/python3.12/site-packages/quantizers/fixed_point/_fixed_point_ops.py", line 50, in round_conv
ARM_LOG 
ARM_LOG   File "/usr/local/lib/python3.12/site-packages/keras/src/ops/numpy.py", line 7414, in round
ARM_LOG 
ARM_LOG   File "/usr/local/lib/python3.12/site-packages/keras/src/backend/tensorflow/sparse.py", line 387, in sparse_wrapper
ARM_LOG 
ARM_LOG   File "/usr/local/lib/python3.12/site-packages/keras/src/backend/tensorflow/numpy.py", line 3225, in round
ARM_LOG 
ARM_LOG 2 root error(s) found.
ARM_LOG   (0) RESOURCE_EXHAUSTED:  failed to allocate memory
ARM_LOG 	 [[{{node while/chang0926-cprime-n64-s1_1/bit_block_0_attn_ctx_1/multiple_quantizers_3_1/quantizer_6_1/Round_2}}]]
ARM_LOG Hint: If you want to see a list of allocated tensors when OOM happens, add report_tensor_allocations_upon_oom to RunOptions for current allocation info. This isn't available when running in Eager mode.
ARM_LOG 
ARM_LOG 	 [[while/body/_1/while/NoOp/_41]]
ARM_LOG Hint: If you want to see a list of allocated tensors when OOM happens, add report_tensor_allocations_upon_oom to RunOptions for current allocation info. This isn't available when running in Eager mode.
ARM_LOG 
ARM_LOG   (1) RESOURCE_EXHAUSTED:  failed to allocate memory
ARM_LOG 	 [[{{node while/chang0926-cprime-n64-s1_1/bit_block_0_attn_ctx_1/multiple_quantizers_3_1/quantizer_6_1/Round_2}}]]
ARM_LOG Hint: If you want to see a list of allocated tensors when OOM happens, add report_tensor_allocations_upon_oom to RunOptions for current allocation info. This isn't available when running in Eager mode.
ARM_LOG 
ARM_LOG 0 successful operations.
ARM_LOG 0 derived errors ignored. [Op:__inference_epoch_step_560563]
ARM_STARTED 56 chang0926-cprime-n64-s1 pid 2846 attempt 1
2026/09/27 20:58:31.408, NVIDIA A10, 99 %, 17180 MiB, 23028 MiB
2026/09/27 20:59:31.449, NVIDIA A10, 100 %, 21073 MiB, 23028 MiB
2026/09/27 21:00:31.503, NVIDIA A10, 100 %, 21073 MiB, 23028 MiB
ARM_EXIT chang0926-a07-350-n64-s1 1 attempt 1
ARM_LOG   File "/usr/local/lib/python3.12/site-packages/keras/src/utils/traceback_utils.py", line 117, in error_handler
ARM_LOG 
ARM_LOG   File "/usr/local/lib/python3.12/site-packages/keras/src/layers/layer.py", line 1002, in __call__
ARM_LOG 
ARM_LOG   File "/usr/local/lib/python3.12/site-packages/keras/src/utils/traceback_utils.py", line 117, in error_handler
ARM_LOG 
ARM_LOG   File "/usr/local/lib/python3.12/site-packages/keras/src/ops/operation.py", line 63, in __call__
ARM_LOG 
ARM_LOG   File "/usr/local/lib/python3.12/site-packages/keras/src/utils/traceback_utils.py", line 156, in error_handler
ARM_LOG 
ARM_LOG   File "/usr/local/lib/python3.12/site-packages/keras/src/models/functional.py", line 184, in call
ARM_LOG 
ARM_LOG   File "/usr/local/lib/python3.12/site-packages/keras/src/ops/function.py", line 210, in _run_through_graph
ARM_LOG 
ARM_LOG   File "/usr/local/lib/python3.12/site-packages/keras/src/models/functional.py", line 707, in call
ARM_LOG 
ARM_LOG   File "/usr/local/lib/python3.12/site-packages/keras/src/utils/traceback_utils.py", line 117, in error_handler
ARM_LOG 
ARM_LOG   File "/usr/local/lib/python3.12/site-packages/keras/src/layers/layer.py", line 1002, in __call__
ARM_LOG 
ARM_LOG   File "/usr/local/lib/python3.12/site-packages/keras/src/utils/traceback_utils.py", line 117, in error_handler
ARM_LOG 
ARM_LOG   File "/usr/local/lib/python3.12/site-packages/keras/src/ops/operation.py", line 63, in __call__
ARM_LOG 
ARM_LOG   File "/usr/local/lib/python3.12/site-packages/keras/src/utils/traceback_utils.py", line 156, in error_handler
ARM_LOG 
ARM_LOG   File "/usr/local/lib/python3.12/site-packages/hgq/layers/core/base.py", line 96, in call
ARM_LOG 
ARM_LOG   File "/usr/local/lib/python3.12/site-packages/hgq/layers/softmax.py", line 124, in call
ARM_LOG 
ARM_LOG   File "/usr/local/lib/python3.12/site-packages/keras/src/utils/traceback_utils.py", line 117, in error_handler
ARM_LOG 
ARM_LOG   File "/usr/local/lib/python3.12/site-packages/keras/src/layers/layer.py", line 1002, in __call__
ARM_LOG 
ARM_LOG   File "/usr/local/lib/python3.12/site-packages/keras/src/utils/traceback_utils.py", line 117, in error_handler
ARM_LOG 
ARM_LOG   File "/usr/local/lib/python3.12/site-packages/keras/src/ops/operation.py", line 63, in __call__
ARM_LOG 
ARM_LOG   File "/usr/local/lib/python3.12/site-packages/keras/src/utils/traceback_utils.py", line 156, in error_handler
ARM_LOG 
ARM_LOG   File "/usr/local/lib/python3.12/site-packages/hgq/layers/core/base.py", line 112, in call
ARM_LOG 
ARM_LOG   File "/usr/local/lib/python3.12/site-packages/keras/src/utils/traceback_utils.py", line 117, in error_handler
ARM_LOG 
ARM_LOG   File "/usr/local/lib/python3.12/site-packages/keras/src/layers/layer.py", line 1002, in __call__
ARM_LOG 
ARM_LOG   File "/usr/local/lib/python3.12/site-packages/keras/src/utils/traceback_utils.py", line 117, in error_handler
ARM_LOG 
ARM_LOG   File "/usr/local/lib/python3.12/site-packages/keras/src/ops/operation.py", line 63, in __call__
ARM_LOG 
ARM_LOG   File "/usr/local/lib/python3.12/site-packages/keras/src/utils/traceback_utils.py", line 156, in error_handler
ARM_LOG 
ARM_LOG   File "/usr/local/lib/python3.12/site-packages/hgq/quantizer/quantizer.py", line 53, in call
ARM_LOG 
ARM_LOG   File "/usr/local/lib/python3.12/site-packages/hgq/quantizer/internal/fixed_point_quantizer.py", line 307, in call
ARM_LOG 
ARM_LOG   File "/usr/local/lib/python3.12/site-packages/hgq/quantizer/internal/fixed_point_quantizer.py", line 147, in call
ARM_LOG 
ARM_LOG   File "/usr/local/lib/python3.12/site-packages/quantizers/fixed_point/_fixed_point_ops.py", line 202, in __call__
ARM_LOG 
ARM_LOG   File "/usr/local/lib/python3.12/site-packages/quantizers/fixed_point/_fixed_point_ops.py", line 184, in forward
ARM_LOG 
ARM_LOG   File "/usr/local/lib/python3.12/site-packages/quantizers/fixed_point/_fixed_point_ops.py", line 154, in saturate
ARM_LOG 
ARM_LOG   File "/usr/local/lib/python3.12/site-packages/quantizers/fixed_point/_fixed_point_ops.py", line 103, in sat
ARM_LOG 
ARM_LOG 2 root error(s) found.
ARM_LOG   (0) RESOURCE_EXHAUSTED:  failed to allocate memory
ARM_LOG 	 [[{{node while/chang0926-a07-350-n64-s1_1/bit_block_0_attn_softmax_1/bit_block_0_attn_softmax_exp_table_1/bit_block_0_attn_softmax_exp_table_oq_1/Neg_1}}]]
ARM_LOG Hint: If you want to see a list of allocated tensors when OOM happens, add report_tensor_allocations_upon_oom to RunOptions for current allocation info. This isn't available when running in Eager mode.
ARM_LOG 
ARM_LOG 	 [[while/loop_body_control/_211/_15]]
ARM_LOG Hint: If you want to see a list of allocated tensors when OOM happens, add report_tensor_allocations_upon_oom to RunOptions for current allocation info. This isn't available when running in Eager mode.
ARM_LOG 
ARM_LOG   (1) RESOURCE_EXHAUSTED:  failed to allocate memory
ARM_LOG 	 [[{{node while/chang0926-a07-350-n64-s1_1/bit_block_0_attn_softmax_1/bit_block_0_attn_softmax_exp_table_1/bit_block_0_attn_softmax_exp_table_oq_1/Neg_1}}]]
ARM_LOG Hint: If you want to see a list of allocated tensors when OOM happens, add report_tensor_allocations_upon_oom to RunOptions for current allocation info. This isn't available when running in Eager mode.
ARM_LOG 
ARM_LOG 0 successful operations.
ARM_LOG 0 derived errors ignored. [Op:__inference_epoch_step_617916]
ARM_STARTED 48 chang0926-a07-350-n64-s1 pid 3835 attempt 2
2026/09/27 21:02:01.557, NVIDIA A10, 99 %, 18768 MiB, 23028 MiB
ARM_EXIT chang0926-cprime-n64-s1 1 attempt 1
ARM_LOG   File "/work/code/bnhgq2/ablation.py", line 215, in epoch_step
ARM_LOG 
ARM_LOG   File "/work/code/bnhgq2/ablation.py", line 219, in epoch_step
ARM_LOG 
ARM_LOG   File "/usr/local/lib/python3.12/site-packages/keras/src/utils/traceback_utils.py", line 117, in error_handler
ARM_LOG 
ARM_LOG   File "/usr/local/lib/python3.12/site-packages/keras/src/layers/layer.py", line 1002, in __call__
ARM_LOG 
ARM_LOG   File "/usr/local/lib/python3.12/site-packages/keras/src/utils/traceback_utils.py", line 117, in error_handler
ARM_LOG 
ARM_LOG   File "/usr/local/lib/python3.12/site-packages/keras/src/ops/operation.py", line 63, in __call__
ARM_LOG 
ARM_LOG   File "/usr/local/lib/python3.12/site-packages/keras/src/utils/traceback_utils.py", line 156, in error_handler
ARM_LOG 
ARM_LOG   File "/usr/local/lib/python3.12/site-packages/keras/src/models/functional.py", line 184, in call
ARM_LOG 
ARM_LOG   File "/usr/local/lib/python3.12/site-packages/keras/src/ops/function.py", line 210, in _run_through_graph
ARM_LOG 
ARM_LOG   File "/usr/local/lib/python3.12/site-packages/keras/src/models/functional.py", line 707, in call
ARM_LOG 
ARM_LOG   File "/usr/local/lib/python3.12/site-packages/keras/src/utils/traceback_utils.py", line 117, in error_handler
ARM_LOG 
ARM_LOG   File "/usr/local/lib/python3.12/site-packages/keras/src/layers/layer.py", line 1002, in __call__
ARM_LOG 
ARM_LOG   File "/usr/local/lib/python3.12/site-packages/keras/src/utils/traceback_utils.py", line 117, in error_handler
ARM_LOG 
ARM_LOG   File "/usr/local/lib/python3.12/site-packages/keras/src/ops/operation.py", line 63, in __call__
ARM_LOG 
ARM_LOG   File "/usr/local/lib/python3.12/site-packages/keras/src/utils/traceback_utils.py", line 156, in error_handler
ARM_LOG 
ARM_LOG   File "/usr/local/lib/python3.12/site-packages/hgq/layers/core/base.py", line 96, in call
ARM_LOG 
ARM_LOG   File "/usr/local/lib/python3.12/site-packages/hgq/layers/softmax.py", line 124, in call
ARM_LOG 
ARM_LOG   File "/usr/local/lib/python3.12/site-packages/keras/src/utils/traceback_utils.py", line 117, in error_handler
ARM_LOG 
ARM_LOG   File "/usr/local/lib/python3.12/site-packages/keras/src/layers/layer.py", line 1002, in __call__
ARM_LOG 
ARM_LOG   File "/usr/local/lib/python3.12/site-packages/keras/src/utils/traceback_utils.py", line 117, in error_handler
ARM_LOG 
ARM_LOG   File "/usr/local/lib/python3.12/site-packages/keras/src/ops/operation.py", line 63, in __call__
ARM_LOG 
ARM_LOG   File "/usr/local/lib/python3.12/site-packages/keras/src/utils/traceback_utils.py", line 156, in error_handler
ARM_LOG 
ARM_LOG   File "/usr/local/lib/python3.12/site-packages/hgq/layers/core/base.py", line 96, in call
ARM_LOG 
ARM_LOG   File "/usr/local/lib/python3.12/site-packages/hgq/layers/activation.py", line 60, in call
ARM_LOG 
ARM_LOG   File "/usr/local/lib/python3.12/site-packages/keras/src/utils/traceback_utils.py", line 117, in error_handler
ARM_LOG 
ARM_LOG   File "/usr/local/lib/python3.12/site-packages/keras/src/layers/layer.py", line 1002, in __call__
ARM_LOG 
ARM_LOG   File "/usr/local/lib/python3.12/site-packages/keras/src/utils/traceback_utils.py", line 117, in error_handler
ARM_LOG 
ARM_LOG   File "/usr/local/lib/python3.12/site-packages/keras/src/ops/operation.py", line 63, in __call__
ARM_LOG 
ARM_LOG   File "/usr/local/lib/python3.12/site-packages/keras/src/utils/traceback_utils.py", line 156, in error_handler
ARM_LOG 
ARM_LOG   File "/usr/local/lib/python3.12/site-packages/hgq/quantizer/quantizer.py", line 53, in call
ARM_LOG 
ARM_LOG   File "/usr/local/lib/python3.12/site-packages/hgq/quantizer/internal/fixed_point_quantizer.py", line 429, in call
ARM_LOG 
ARM_LOG   File "/usr/local/lib/python3.12/site-packages/hgq/quantizer/internal/fixed_point_quantizer.py", line 147, in call
ARM_LOG 
ARM_LOG   File "/usr/local/lib/python3.12/site-packages/quantizers/fixed_point/_fixed_point_ops.py", line 198, in __call__
ARM_LOG 
ARM_LOG 2 root error(s) found.
ARM_LOG   (0) RESOURCE_EXHAUSTED:  failed to allocate memory
ARM_LOG 	 [[{{node while/chang0926-cprime-n64-s1_1/bit_block_0_attn_softmax_1/bit_block_0_attn_softmax_exp_table_1/bit_block_0_attn_softmax_exp_table_iq_1/sub_2}}]]
ARM_LOG Hint: If you want to see a list of allocated tensors when OOM happens, add report_tensor_allocations_upon_oom to RunOptions for current allocation info. This isn't available when running in Eager mode.
ARM_LOG 
ARM_LOG 	 [[while/body/_1/while/NoOp/_41]]
ARM_LOG Hint: If you want to see a list of allocated tensors when OOM happens, add report_tensor_allocations_upon_oom to RunOptions for current allocation info. This isn't available when running in Eager mode.
ARM_LOG 
ARM_LOG   (1) RESOURCE_EXHAUSTED:  failed to allocate memory
ARM_LOG 	 [[{{node while/chang0926-cprime-n64-s1_1/bit_block_0_attn_softmax_1/bit_block_0_attn_softmax_exp_table_1/bit_block_0_attn_softmax_exp_table_iq_1/sub_2}}]]
ARM_LOG Hint: If you want to see a list of allocated tensors when OOM happens, add report_tensor_allocations_upon_oom to RunOptions for current allocation info. This isn't available when running in Eager mode.
ARM_LOG 
ARM_LOG 0 successful operations.
ARM_LOG 0 derived errors ignored. [Op:__inference_epoch_step_560563]
ARM_STARTED 56 chang0926-cprime-n64-s1 pid 4297 attempt 2
ARM_EXIT chang0926-a07-350-n64-s1 1 attempt 2
ARM_LOG   File "/usr/local/lib/python3.12/site-packages/quantizers/fixed_point/_fixed_point_ops.py", line 154, in saturate
ARM_LOG 
ARM_LOG   File "/usr/local/lib/python3.12/site-packages/quantizers/fixed_point/_fixed_point_ops.py", line 103, in sat
ARM_LOG 
ARM_LOG 2 root error(s) found.
ARM_LOG   (0) RESOURCE_EXHAUSTED:  failed to allocate memory
ARM_LOG 	 [[{{node while/chang0926-a07-350-n64-s1_1/bit_block_0_attn_softmax_1/bit_block_0_attn_softmax_exp_table_1/bit_block_0_attn_softmax_exp_table_oq_1/Neg_1}}]]
ARM_LOG Hint: If you want to see a list of allocated tensors when OOM happens, add report_tensor_allocations_upon_oom to RunOptions for current allocation info. This isn't available when running in Eager mode.
ARM_LOG 
ARM_LOG 	 [[while/loop_body_control/_211/_15]]
ARM_LOG Hint: If you want to see a list of allocated tensors when OOM happens, add report_tensor_allocations_upon_oom to RunOptions for current allocation info. This isn't available when running in Eager mode.
ARM_LOG 
ARM_LOG   (1) RESOURCE_EXHAUSTED:  failed to allocate memory
ARM_LOG 	 [[{{node while/chang0926-a07-350-n64-s1_1/bit_block_0_attn_softmax_1/bit_block_0_attn_softmax_exp_table_1/bit_block_0_attn_softmax_exp_table_oq_1/Neg_1}}]]
ARM_LOG Hint: If you want to see a list of allocated tensors when OOM happens, add report_tensor_allocations_upon_oom to RunOptions for current allocation info. This isn't available when running in Eager mode.
ARM_LOG 
ARM_LOG 0 successful operations.
ARM_LOG 0 derived errors ignored. [Op:__inference_epoch_step_617916]
ARM_LOG ==== ARM_ATTEMPT 2 2026-09-27T21:02:01Z
ARM_LOG RUN_STAGE pilot
ARM_LOG Traceback (most recent call last):
ARM_LOG   File "/work/code/run_study.py", line 201, in <module>
ARM_LOG     train(args.index, args.stop_after)
ARM_LOG   File "/work/code/run_study.py", line 135, in train
ARM_LOG     state = ablation.run_training(cfg, arrays, info, out, remote=True,
ARM_LOG             ^^^^^^^^^^^^^^^^^^^^^^^^^^^^^^^^^^^^^^^^^^^^^^^^^^^^^^^^^^
ARM_LOG   File "/work/code/bnhgq2/ablation.py", line 590, in run_training
ARM_LOG     initial = traced_ebops(model)
ARM_LOG               ^^^^^^^^^^^^^^^^^^^
ARM_LOG   File "/work/code/bnhgq2/ablation.py", line 579, in traced_ebops
ARM_LOG     return compute_ebops(m, trace_rows, batch_size=trace_batch)
ARM_LOG            ^^^^^^^^^^^^^^^^^^^^^^^^^^^^^^^^^^^^^^^^^^^^^^^^^^^^
ARM_LOG   File "/work/code/bnhgq2/ebops_calc.py", line 20, in compute_ebops
ARM_LOG     total = trace_minmax(model, np.asarray(X_calib, dtype=np.float32), batch_size=batch_size,
ARM_LOG             ^^^^^^^^^^^^^^^^^^^^^^^^^^^^^^^^^^^^^^^^^^^^^^^^^^^^^^^^^^^^^^^^^^^^^^^^^^^^^^^^^
ARM_LOG   File "/usr/local/lib/python3.12/site-packages/hgq/utils/minmax_trace.py", line 78, in trace_minmax
ARM_LOG     r = model(data[i][0], training=TrainingFlagWrapper('tracing'))
ARM_LOG         ^^^^^^^^^^^^^^^^^^^^^^^^^^^^^^^^^^^^^^^^^^^^^^^^^^^^^^^^^^
ARM_LOG   File "/usr/local/lib/python3.12/site-packages/keras/src/utils/traceback_utils.py", line 122, in error_handler
ARM_LOG     raise e.with_traceback(filtered_tb) from None
ARM_LOG   File "/usr/local/lib/python3.12/site-packages/hgq/layers/core/base.py", line 96, in call
ARM_LOG     r = original_call(self, *args, **kwargs)
ARM_LOG         ^^^^^^^^^^^^^^^^^^^^^^^^^^^^^^^^^^^^
ARM_LOG   File "/usr/local/lib/python3.12/site-packages/hgq/layers/softmax.py", line 124, in call
ARM_LOG     exp_inp = self.exp_table(inputs, training=training)
ARM_LOG               ^^^^^^^^^^^^^^^^^^^^^^^^^^^^^^^^^^^^^^^^^
ARM_LOG   File "/usr/local/lib/python3.12/site-packages/hgq/layers/core/base.py", line 112, in call
ARM_LOG     return self.oq(r, training=training)
ARM_LOG            ^^^^^^^^^^^^^^^^^^^^^^^^^^^^^
ARM_LOG   File "/usr/local/lib/python3.12/site-packages/hgq/quantizer/quantizer.py", line 53, in call
ARM_LOG     outputs = self.quantizer.call(inputs, training=training)
ARM_LOG               ^^^^^^^^^^^^^^^^^^^^^^^^^^^^^^^^^^^^^^^^^^^^^^
ARM_LOG   File "/usr/local/lib/python3.12/site-packages/hgq/quantizer/internal/fixed_point_quantizer.py", line 307, in call
ARM_LOG     return super().call(inputs, training is True)
ARM_LOG            ^^^^^^^^^^^^^^^^^^^^^^^^^^^^^^^^^^^^^^
ARM_LOG   File "/usr/local/lib/python3.12/site-packages/hgq/quantizer/internal/fixed_point_quantizer.py", line 147, in call
ARM_LOG     ret = self.stateless_quantizer(inputs, k, i, f, training is True, self.seed_gen)
ARM_LOG           ^^^^^^^^^^^^^^^^^^^^^^^^^^^^^^^^^^^^^^^^^^^^^^^^^^^^^^^^^^^^^^^^^^^^^^^^^^
ARM_LOG   File "/usr/local/lib/python3.12/site-packages/quantizers/fixed_point/_fixed_point_ops.py", line 202, in __call__
ARM_LOG     return self.forward(x, k, i, f, training, seed_gen)
ARM_LOG            ^^^^^^^^^^^^^^^^^^^^^^^^^^^^^^^^^^^^^^^^^^^^
ARM_LOG   File "/usr/local/lib/python3.12/site-packages/quantizers/fixed_point/_fixed_point_ops.py", line 185, in forward
ARM_LOG     x = self.round(x, f, self.stochastic and training, seed_gen)
ARM_LOG         ^^^^^^^^^^^^^^^^^^^^^^^^^^^^^^^^^^^^^^^^^^^^^^^^^^^^^^^^
ARM_LOG   File "/usr/local/lib/python3.12/site-packages/quantizers/fixed_point/_fixed_point_ops.py", line 144, in round
ARM_LOG     xq = self.round_fn(x)
ARM_LOG          ^^^^^^^^^^^^^^^^
ARM_LOG   File "/usr/local/lib/python3.12/site-packages/quantizers/fixed_point/_fixed_point_ops.py", line 27, in wrapper
ARM_LOG     xq = func(x)
ARM_LOG          ^^^^^^^
ARM_LOG   File "/usr/local/lib/python3.12/site-packages/quantizers/fixed_point/_fixed_point_ops.py", line 50, in round_conv
ARM_LOG     return ops.round(x)
ARM_LOG            ^^^^^^^^^^^^
ARM_LOG tensorflow.python.framework.errors_impl.ResourceExhaustedError: Exception encountered when calling Quantizer.call().
ARM_LOG 
ARM_LOG [1m{{function_node __wrapped__Round_device_/job:localhost/replica:0/task:0/device:GPU:0}} failed to allocate memory [Op:Round] name: [0m
ARM_LOG 
ARM_LOG Arguments received by Quantizer.call():
ARM_LOG   • inputs=tf.Tensor(shape=(2048, 4, 64, 64), dtype=float32)
ARM_LOG   • training=<hgq.utils.minmax_trace.TrainingFlagWrapper object at 0x7ed305f4d730>
ARM_FAILED_AFTER_RETRIES chang0926-a07-350-n64-s1
2026/09/27 21:03:01.600, NVIDIA A10, 41 %, 17180 MiB, 23028 MiB
2026/09/27 21:04:01.647, NVIDIA A10, 100 %, 20252 MiB, 23028 MiB
2026/09/27 21:05:01.691, NVIDIA A10, 100 %, 20252 MiB, 23028 MiB
2026/09/27 21:06:01.735, NVIDIA A10, 100 %, 21074 MiB, 23028 MiB
2026/09/27 21:07:01.780, NVIDIA A10, 100 %, 21074 MiB, 23028 MiB
2026/09/27 21:08:01.826, NVIDIA A10, 100 %, 21076 MiB, 23028 MiB
2026/09/27 21:09:01.868, NVIDIA A10, 100 %, 21076 MiB, 23028 MiB
2026/09/27 21:10:01.917, NVIDIA A10, 100 %, 21076 MiB, 23028 MiB
2026/09/27 21:11:01.963, NVIDIA A10, 100 %, 21084 MiB, 23028 MiB
2026/09/27 21:12:02.115, NVIDIA A10, 100 %, 21084 MiB, 23028 MiB
2026/09/27 21:13:02.159, NVIDIA A10, 100 %, 21084 MiB, 23028 MiB
2026/09/27 21:14:02.205, NVIDIA A10, 100 %, 21084 MiB, 23028 MiB
2026/09/27 21:15:02.255, NVIDIA A10, 100 %, 21084 MiB, 23028 MiB
2026/09/27 21:16:02.297, NVIDIA A10, 100 %, 21084 MiB, 23028 MiB
2026/09/27 21:17:02.339, NVIDIA A10, 100 %, 21084 MiB, 23028 MiB
2026/09/27 21:18:02.385, NVIDIA A10, 100 %, 21084 MiB, 23028 MiB
2026/09/27 21:19:02.428, NVIDIA A10, 100 %, 21086 MiB, 23028 MiB
2026/09/27 21:20:02.469, NVIDIA A10, 100 %, 21086 MiB, 23028 MiB
2026/09/27 21:21:02.511, NVIDIA A10, 100 %, 21086 MiB, 23028 MiB
2026/09/27 21:22:02.562, NVIDIA A10, 100 %, 21092 MiB, 23028 MiB
2026/09/27 21:23:02.610, NVIDIA A10, 100 %, 21092 MiB, 23028 MiB
2026/09/27 21:24:02.656, NVIDIA A10, 100 %, 21092 MiB, 23028 MiB
2026/09/27 21:25:02.704, NVIDIA A10, 100 %, 21092 MiB, 23028 MiB
2026/09/27 21:26:02.748, NVIDIA A10, 100 %, 21092 MiB, 23028 MiB
2026/09/27 21:27:02.794, NVIDIA A10, 100 %, 21092 MiB, 23028 MiB
2026/09/27 21:28:02.841, NVIDIA A10, 100 %, 21092 MiB, 23028 MiB
2026/09/27 21:29:02.885, NVIDIA A10, 100 %, 21092 MiB, 23028 MiB
2026/09/27 21:30:02.929, NVIDIA A10, 100 %, 21094 MiB, 23028 MiB
2026/09/27 21:31:02.973, NVIDIA A10, 100 %, 21094 MiB, 23028 MiB
2026/09/27 21:32:03.018, NVIDIA A10, 100 %, 21094 MiB, 23028 MiB
2026/09/27 21:33:03.064, NVIDIA A10, 100 %, 21094 MiB, 23028 MiB
2026/09/27 21:34:03.110, NVIDIA A10, 100 %, 21094 MiB, 23028 MiB
2026/09/27 21:35:03.159, NVIDIA A10, 100 %, 21096 MiB, 23028 MiB
2026/09/27 21:36:03.204, NVIDIA A10, 100 %, 21100 MiB, 23028 MiB
2026/09/27 21:37:03.252, NVIDIA A10, 100 %, 21102 MiB, 23028 MiB
2026/09/27 21:38:03.294, NVIDIA A10, 100 %, 21102 MiB, 23028 MiB
2026/09/27 21:39:03.339, NVIDIA A10, 100 %, 21102 MiB, 23028 MiB
2026/09/27 21:40:03.381, NVIDIA A10, 100 %, 21102 MiB, 23028 MiB
2026/09/27 21:41:03.425, NVIDIA A10, 100 %, 21104 MiB, 23028 MiB
2026/09/27 21:42:03.468, NVIDIA A10, 100 %, 21104 MiB, 23028 MiB
2026/09/27 21:43:03.520, NVIDIA A10, 100 %, 21104 MiB, 23028 MiB
2026/09/27 21:44:03.568, NVIDIA A10, 100 %, 21104 MiB, 23028 MiB
2026/09/27 21:45:03.694, NVIDIA A10, 100 %, 21104 MiB, 23028 MiB
2026/09/27 21:46:03.741, NVIDIA A10, 100 %, 21104 MiB, 23028 MiB
2026/09/27 21:47:03.787, NVIDIA A10, 100 %, 21108 MiB, 23028 MiB
2026/09/27 21:48:03.833, NVIDIA A10, 100 %, 21110 MiB, 23028 MiB
2026/09/27 21:49:03.879, NVIDIA A10, 100 %, 21110 MiB, 23028 MiB
2026/09/27 21:50:03.923, NVIDIA A10, 100 %, 21110 MiB, 23028 MiB
2026/09/27 21:51:03.968, NVIDIA A10, 100 %, 21110 MiB, 23028 MiB
2026/09/27 21:52:04.012, NVIDIA A10, 100 %, 21110 MiB, 23028 MiB
2026/09/27 21:53:04.056, NVIDIA A10, 100 %, 21112 MiB, 23028 MiB
2026/09/27 21:54:04.100, NVIDIA A10, 100 %, 21112 MiB, 23028 MiB
2026/09/27 21:55:04.144, NVIDIA A10, 100 %, 21112 MiB, 23028 MiB
2026/09/27 21:56:04.186, NVIDIA A10, 100 %, 21112 MiB, 23028 MiB
2026/09/27 21:57:04.226, NVIDIA A10, 100 %, 21112 MiB, 23028 MiB
2026/09/27 21:58:04.267, NVIDIA A10, 100 %, 21112 MiB, 23028 MiB
2026/09/27 21:59:04.314, NVIDIA A10, 100 %, 21112 MiB, 23028 MiB
2026/09/27 22:00:04.359, NVIDIA A10, 100 %, 21112 MiB, 23028 MiB
2026/09/27 22:01:04.402, NVIDIA A10, 100 %, 21116 MiB, 23028 MiB
2026/09/27 22:02:04.450, NVIDIA A10, 100 %, 21118 MiB, 23028 MiB
2026/09/27 22:03:04.495, NVIDIA A10, 100 %, 21118 MiB, 23028 MiB
2026/09/27 22:04:04.540, NVIDIA A10, 100 %, 21120 MiB, 23028 MiB
2026/09/27 22:05:04.583, NVIDIA A10, 100 %, 21122 MiB, 23028 MiB
2026/09/27 22:06:04.627, NVIDIA A10, 100 %, 21122 MiB, 23028 MiB
2026/09/27 22:07:04.669, NVIDIA A10, 100 %, 21122 MiB, 23028 MiB
2026/09/27 22:08:04.711, NVIDIA A10, 100 %, 21122 MiB, 23028 MiB
2026/09/27 22:09:04.754, NVIDIA A10, 100 %, 21122 MiB, 23028 MiB
2026/09/27 22:10:04.795, NVIDIA A10, 100 %, 21122 MiB, 23028 MiB
2026/09/27 22:11:04.842, NVIDIA A10, 100 %, 21122 MiB, 23028 MiB
2026/09/27 22:12:04.887, NVIDIA A10, 100 %, 21124 MiB, 23028 MiB
2026/09/27 22:13:04.931, NVIDIA A10, 100 %, 21126 MiB, 23028 MiB
2026/09/27 22:14:04.975, NVIDIA A10, 100 %, 21126 MiB, 23028 MiB
2026/09/27 22:15:05.027, NVIDIA A10, 100 %, 21128 MiB, 23028 MiB
2026/09/27 22:16:05.071, NVIDIA A10, 100 %, 21130 MiB, 23028 MiB
2026/09/27 22:17:05.124, NVIDIA A10, 100 %, 21130 MiB, 23028 MiB
2026/09/27 22:18:05.167, NVIDIA A10, 100 %, 21130 MiB, 23028 MiB
2026/09/27 22:19:05.209, NVIDIA A10, 100 %, 21130 MiB, 23028 MiB
2026/09/27 22:20:05.253, NVIDIA A10, 100 %, 21130 MiB, 23028 MiB
2026/09/27 22:21:05.294, NVIDIA A10, 100 %, 21130 MiB, 23028 MiB
2026/09/27 22:22:05.339, NVIDIA A10, 100 %, 21130 MiB, 23028 MiB
2026/09/27 22:23:05.384, NVIDIA A10, 100 %, 21130 MiB, 23028 MiB
2026/09/27 22:24:05.425, NVIDIA A10, 100 %, 21130 MiB, 23028 MiB
2026/09/27 22:25:05.466, NVIDIA A10, 100 %, 21132 MiB, 23028 MiB
2026/09/27 22:26:05.508, NVIDIA A10, 100 %, 21134 MiB, 23028 MiB
2026/09/27 22:27:05.555, NVIDIA A10, 100 %, 21138 MiB, 23028 MiB
2026/09/27 22:28:05.610, NVIDIA A10, 100 %, 21138 MiB, 23028 MiB
2026/09/27 22:29:05.660, NVIDIA A10, 100 %, 21138 MiB, 23028 MiB
2026/09/27 22:30:05.704, NVIDIA A10, 100 %, 21138 MiB, 23028 MiB
2026/09/27 22:31:05.747, NVIDIA A10, 100 %, 21138 MiB, 23028 MiB
2026/09/27 22:32:05.792, NVIDIA A10, 100 %, 21138 MiB, 23028 MiB
2026/09/27 22:33:05.842, NVIDIA A10, 100 %, 21138 MiB, 23028 MiB
2026/09/27 22:34:05.886, NVIDIA A10, 100 %, 21138 MiB, 23028 MiB
2026/09/27 22:35:05.932, NVIDIA A10, 100 %, 21140 MiB, 23028 MiB
2026/09/27 22:36:05.975, NVIDIA A10, 100 %, 21142 MiB, 23028 MiB
2026/09/27 22:37:06.019, NVIDIA A10, 100 %, 21144 MiB, 23028 MiB
2026/09/27 22:38:06.062, NVIDIA A10, 100 %, 21146 MiB, 23028 MiB
2026/09/27 22:39:06.110, NVIDIA A10, 100 %, 21146 MiB, 23028 MiB
2026/09/27 22:40:06.154, NVIDIA A10, 100 %, 21146 MiB, 23028 MiB
2026/09/27 22:41:06.197, NVIDIA A10, 100 %, 21148 MiB, 23028 MiB
2026/09/27 22:42:06.239, NVIDIA A10, 100 %, 21148 MiB, 23028 MiB
2026/09/27 22:43:06.282, NVIDIA A10, 100 %, 21148 MiB, 23028 MiB
2026/09/27 22:44:06.326, NVIDIA A10, 100 %, 21148 MiB, 23028 MiB
2026/09/27 22:45:06.371, NVIDIA A10, 100 %, 21148 MiB, 23028 MiB
2026/09/27 22:46:06.416, NVIDIA A10, 100 %, 21148 MiB, 23028 MiB
2026/09/27 22:47:06.462, NVIDIA A10, 100 %, 21148 MiB, 23028 MiB
2026/09/27 22:48:06.514, NVIDIA A10, 100 %, 21148 MiB, 23028 MiB
2026/09/27 22:49:06.561, NVIDIA A10, 100 %, 21150 MiB, 23028 MiB
2026/09/27 22:50:06.605, NVIDIA A10, 100 %, 21152 MiB, 23028 MiB
2026/09/27 22:51:06.655, NVIDIA A10, 100 %, 21154 MiB, 23028 MiB
2026/09/27 22:52:06.706, NVIDIA A10, 100 %, 21156 MiB, 23028 MiB
2026/09/27 22:53:06.760, NVIDIA A10, 100 %, 21156 MiB, 23028 MiB
2026/09/27 22:54:06.811, NVIDIA A10, 100 %, 21156 MiB, 23028 MiB
2026/09/27 22:55:06.855, NVIDIA A10, 100 %, 21156 MiB, 23028 MiB
2026/09/27 22:56:06.898, NVIDIA A10, 100 %, 21156 MiB, 23028 MiB
2026/09/27 22:57:06.939, NVIDIA A10, 100 %, 21156 MiB, 23028 MiB
2026/09/27 22:58:06.983, NVIDIA A10, 100 %, 21156 MiB, 23028 MiB
2026/09/27 22:59:07.028, NVIDIA A10, 100 %, 21156 MiB, 23028 MiB
2026/09/27 23:00:07.071, NVIDIA A10, 100 %, 21158 MiB, 23028 MiB
2026/09/27 23:01:07.116, NVIDIA A10, 100 %, 21158 MiB, 23028 MiB
2026/09/27 23:02:07.159, NVIDIA A10, 100 %, 21158 MiB, 23028 MiB
2026/09/27 23:03:07.202, NVIDIA A10, 100 %, 21158 MiB, 23028 MiB
2026/09/27 23:04:07.252, NVIDIA A10, 100 %, 21160 MiB, 23028 MiB
2026/09/27 23:05:07.297, NVIDIA A10, 100 %, 21164 MiB, 23028 MiB
2026/09/27 23:06:07.341, NVIDIA A10, 100 %, 21166 MiB, 23028 MiB
2026/09/27 23:07:07.384, NVIDIA A10, 100 %, 21166 MiB, 23028 MiB
2026/09/27 23:08:07.436, NVIDIA A10, 100 %, 21166 MiB, 23028 MiB
2026/09/27 23:09:07.484, NVIDIA A10, 100 %, 21166 MiB, 23028 MiB
2026/09/27 23:10:07.530, NVIDIA A10, 100 %, 21166 MiB, 23028 MiB
2026/09/27 23:11:07.574, NVIDIA A10, 100 %, 21168 MiB, 23028 MiB
2026/09/27 23:12:07.628, NVIDIA A10, 100 %, 21168 MiB, 23028 MiB
2026/09/27 23:13:07.679, NVIDIA A10, 100 %, 21168 MiB, 23028 MiB
2026/09/27 23:14:07.727, NVIDIA A10, 100 %, 21170 MiB, 23028 MiB
2026/09/27 23:15:07.772, NVIDIA A10, 100 %, 21170 MiB, 23028 MiB
2026/09/27 23:16:07.816, NVIDIA A10, 100 %, 21170 MiB, 23028 MiB
2026/09/27 23:17:07.860, NVIDIA A10, 100 %, 21172 MiB, 23028 MiB
2026/09/27 23:18:07.909, NVIDIA A10, 100 %, 21172 MiB, 23028 MiB
2026/09/27 23:19:07.953, NVIDIA A10, 100 %, 21174 MiB, 23028 MiB
2026/09/27 23:20:07.995, NVIDIA A10, 100 %, 21174 MiB, 23028 MiB
2026/09/27 23:21:08.037, NVIDIA A10, 100 %, 21174 MiB, 23028 MiB
2026/09/27 23:22:08.079, NVIDIA A10, 100 %, 21176 MiB, 23028 MiB
2026/09/27 23:23:08.122, NVIDIA A10, 100 %, 21176 MiB, 23028 MiB
2026/09/27 23:24:08.166, NVIDIA A10, 100 %, 21176 MiB, 23028 MiB
2026/09/27 23:25:08.209, NVIDIA A10, 100 %, 21176 MiB, 23028 MiB
2026/09/27 23:26:08.258, NVIDIA A10, 100 %, 21176 MiB, 23028 MiB
2026/09/27 23:27:08.309, NVIDIA A10, 100 %, 21176 MiB, 23028 MiB
2026/09/27 23:28:08.355, NVIDIA A10, 100 %, 21178 MiB, 23028 MiB
2026/09/27 23:29:08.400, NVIDIA A10, 100 %, 21178 MiB, 23028 MiB
2026/09/27 23:30:08.443, NVIDIA A10, 100 %, 21182 MiB, 23028 MiB
2026/09/27 23:31:08.487, NVIDIA A10, 100 %, 21184 MiB, 23028 MiB
2026/09/27 23:32:08.530, NVIDIA A10, 100 %, 21184 MiB, 23028 MiB
2026/09/27 23:33:08.578, NVIDIA A10, 100 %, 21186 MiB, 23028 MiB
2026/09/27 23:34:08.622, NVIDIA A10, 100 %, 21186 MiB, 23028 MiB
2026/09/27 23:35:08.667, NVIDIA A10, 100 %, 21186 MiB, 23028 MiB
2026/09/27 23:36:08.711, NVIDIA A10, 100 %, 21186 MiB, 23028 MiB
2026/09/27 23:37:08.756, NVIDIA A10, 100 %, 21186 MiB, 23028 MiB
2026/09/27 23:38:08.804, NVIDIA A10, 100 %, 21186 MiB, 23028 MiB
2026/09/27 23:39:08.848, NVIDIA A10, 100 %, 21188 MiB, 23028 MiB
2026/09/27 23:40:08.893, NVIDIA A10, 100 %, 21188 MiB, 23028 MiB
2026/09/27 23:41:08.937, NVIDIA A10, 100 %, 21190 MiB, 23028 MiB
2026/09/27 23:42:08.981, NVIDIA A10, 100 %, 21190 MiB, 23028 MiB
2026/09/27 23:43:09.024, NVIDIA A10, 100 %, 21192 MiB, 23028 MiB
2026/09/27 23:44:09.064, NVIDIA A10, 100 %, 21194 MiB, 23028 MiB
2026/09/27 23:45:09.109, NVIDIA A10, 100 %, 21194 MiB, 23028 MiB
2026/09/27 23:46:09.154, NVIDIA A10, 100 %, 21194 MiB, 23028 MiB
2026/09/27 23:47:09.196, NVIDIA A10, 100 %, 21194 MiB, 23028 MiB
2026/09/27 23:48:09.238, NVIDIA A10, 100 %, 21194 MiB, 23028 MiB
2026/09/27 23:49:09.281, NVIDIA A10, 100 %, 21194 MiB, 23028 MiB
2026/09/27 23:50:09.327, NVIDIA A10, 100 %, 21194 MiB, 23028 MiB
2026/09/27 23:51:09.366, NVIDIA A10, 100 %, 21194 MiB, 23028 MiB
2026/09/27 23:52:09.409, NVIDIA A10, 100 %, 21194 MiB, 23028 MiB
2026/09/27 23:53:09.454, NVIDIA A10, 100 %, 21196 MiB, 23028 MiB
2026/09/27 23:54:09.508, NVIDIA A10, 100 %, 21198 MiB, 23028 MiB
2026/09/27 23:55:09.557, NVIDIA A10, 100 %, 21202 MiB, 23028 MiB
2026/09/27 23:56:09.602, NVIDIA A10, 100 %, 21202 MiB, 23028 MiB
2026/09/27 23:57:09.655, NVIDIA A10, 100 %, 21202 MiB, 23028 MiB
2026/09/27 23:58:09.701, NVIDIA A10, 100 %, 21202 MiB, 23028 MiB
2026/09/27 23:59:09.750, NVIDIA A10, 100 %, 21202 MiB, 23028 MiB
2026/09/28 00:00:09.793, NVIDIA A10, 100 %, 21202 MiB, 23028 MiB
2026/09/28 00:01:09.837, NVIDIA A10, 100 %, 21204 MiB, 23028 MiB
2026/09/28 00:02:09.877, NVIDIA A10, 100 %, 21204 MiB, 23028 MiB
2026/09/28 00:03:09.926, NVIDIA A10, 100 %, 21204 MiB, 23028 MiB
2026/09/28 00:04:09.972, NVIDIA A10, 100 %, 21206 MiB, 23028 MiB
2026/09/28 00:05:10.023, NVIDIA A10, 100 %, 21206 MiB, 23028 MiB
2026/09/28 00:06:10.070, NVIDIA A10, 100 %, 21210 MiB, 23028 MiB
2026/09/28 00:07:10.116, NVIDIA A10, 100 %, 21210 MiB, 23028 MiB
2026/09/28 00:08:10.161, NVIDIA A10, 100 %, 21212 MiB, 23028 MiB
2026/09/28 00:09:10.202, NVIDIA A10, 100 %, 21212 MiB, 23028 MiB
2026/09/28 00:10:10.246, NVIDIA A10, 100 %, 21212 MiB, 23028 MiB
2026/09/28 00:11:10.293, NVIDIA A10, 100 %, 21212 MiB, 23028 MiB
2026/09/28 00:12:10.336, NVIDIA A10, 100 %, 21212 MiB, 23028 MiB
2026/09/28 00:13:10.379, NVIDIA A10, 100 %, 21212 MiB, 23028 MiB
2026/09/28 00:14:10.426, NVIDIA A10, 100 %, 21212 MiB, 23028 MiB
2026/09/28 00:15:10.471, NVIDIA A10, 100 %, 21212 MiB, 23028 MiB
2026/09/28 00:16:10.516, NVIDIA A10, 100 %, 21212 MiB, 23028 MiB
2026/09/28 00:17:10.560, NVIDIA A10, 100 %, 21214 MiB, 23028 MiB
2026/09/28 00:18:10.606, NVIDIA A10, 100 %, 21216 MiB, 23028 MiB
2026/09/28 00:19:10.651, NVIDIA A10, 100 %, 21216 MiB, 23028 MiB
2026/09/28 00:20:10.694, NVIDIA A10, 100 %, 21218 MiB, 23028 MiB
2026/09/28 00:21:10.737, NVIDIA A10, 100 %, 21218 MiB, 23028 MiB
2026/09/28 00:22:10.782, NVIDIA A10, 100 %, 21220 MiB, 23028 MiB
2026/09/28 00:23:10.827, NVIDIA A10, 100 %, 21220 MiB, 23028 MiB
2026/09/28 00:24:10.871, NVIDIA A10, 100 %, 21220 MiB, 23028 MiB
2026/09/28 00:25:10.923, NVIDIA A10, 100 %, 21220 MiB, 23028 MiB
2026/09/28 00:26:10.968, NVIDIA A10, 100 %, 21220 MiB, 23028 MiB
2026/09/28 00:27:11.012, NVIDIA A10, 100 %, 21220 MiB, 23028 MiB
2026/09/28 00:28:11.059, NVIDIA A10, 100 %, 21224 MiB, 23028 MiB
2026/09/28 00:29:11.102, NVIDIA A10, 100 %, 21224 MiB, 23028 MiB
2026/09/28 00:30:11.145, NVIDIA A10, 100 %, 21226 MiB, 23028 MiB
2026/09/28 00:31:11.189, NVIDIA A10, 100 %, 21228 MiB, 23028 MiB
2026/09/28 00:32:11.233, NVIDIA A10, 100 %, 21228 MiB, 23028 MiB
2026/09/28 00:33:11.275, NVIDIA A10, 100 %, 21230 MiB, 23028 MiB
2026/09/28 00:34:11.319, NVIDIA A10, 100 %, 21230 MiB, 23028 MiB
2026/09/28 00:35:11.364, NVIDIA A10, 100 %, 21230 MiB, 23028 MiB
2026/09/28 00:36:11.407, NVIDIA A10, 100 %, 21230 MiB, 23028 MiB
2026/09/28 00:37:11.452, NVIDIA A10, 100 %, 21230 MiB, 23028 MiB
2026/09/28 00:38:11.504, NVIDIA A10, 100 %, 21230 MiB, 23028 MiB
2026/09/28 00:39:11.553, NVIDIA A10, 100 %, 21232 MiB, 23028 MiB
2026/09/28 00:40:11.597, NVIDIA A10, 100 %, 21232 MiB, 23028 MiB
2026/09/28 00:41:11.642, NVIDIA A10, 100 %, 21232 MiB, 23028 MiB
2026/09/28 00:42:11.686, NVIDIA A10, 100 %, 21234 MiB, 23028 MiB
2026/09/28 00:43:11.730, NVIDIA A10, 100 %, 21234 MiB, 23028 MiB
2026/09/28 00:44:11.772, NVIDIA A10, 100 %, 21236 MiB, 23028 MiB
2026/09/28 00:45:11.827, NVIDIA A10, 100 %, 21236 MiB, 23028 MiB
2026/09/28 00:46:11.870, NVIDIA A10, 100 %, 21236 MiB, 23028 MiB
2026/09/28 00:47:11.921, NVIDIA A10, 100 %, 21238 MiB, 23028 MiB
2026/09/28 00:48:11.966, NVIDIA A10, 100 %, 21238 MiB, 23028 MiB
2026/09/28 00:49:12.009, NVIDIA A10, 100 %, 21238 MiB, 23028 MiB
2026/09/28 00:50:12.057, NVIDIA A10, 100 %, 21240 MiB, 23028 MiB
2026/09/28 00:51:12.108, NVIDIA A10, 100 %, 21240 MiB, 23028 MiB
2026/09/28 00:52:12.153, NVIDIA A10, 100 %, 21240 MiB, 23028 MiB
2026/09/28 00:53:12.196, NVIDIA A10, 100 %, 21242 MiB, 23028 MiB
2026/09/28 00:54:12.239, NVIDIA A10, 100 %, 21242 MiB, 23028 MiB
2026/09/28 00:55:12.287, NVIDIA A10, 100 %, 21244 MiB, 23028 MiB
2026/09/28 00:56:12.813, NVIDIA A10, 100 %, 21244 MiB, 23028 MiB
2026/09/28 00:57:12.856, NVIDIA A10, 100 %, 21246 MiB, 23028 MiB
2026/09/28 00:58:13.383, NVIDIA A10, 100 %, 21246 MiB, 23028 MiB
2026/09/28 00:59:13.428, NVIDIA A10, 100 %, 21246 MiB, 23028 MiB
2026/09/28 01:00:13.488, NVIDIA A10, 100 %, 21246 MiB, 23028 MiB
2026/09/28 01:01:13.540, NVIDIA A10, 100 %, 21250 MiB, 23028 MiB
2026/09/28 01:02:13.595, NVIDIA A10, 100 %, 21250 MiB, 23028 MiB
2026/09/28 01:03:13.651, NVIDIA A10, 0 %, 21250 MiB, 23028 MiB
2026/09/28 01:04:13.708, NVIDIA A10, 0 %, 21250 MiB, 23028 MiB
2026/09/28 01:05:13.763, NVIDIA A10, 4 %, 21250 MiB, 23028 MiB
2026/09/28 01:06:13.813, NVIDIA A10, 0 %, 21250 MiB, 23028 MiB
2026/09/28 01:07:13.867, NVIDIA A10, 0 %, 21250 MiB, 23028 MiB
2026/09/28 01:08:13.920, NVIDIA A10, 1 %, 21250 MiB, 23028 MiB
2026/09/28 01:09:13.976, NVIDIA A10, 0 %, 21250 MiB, 23028 MiB
2026/09/28 01:10:14.030, NVIDIA A10, 0 %, 21250 MiB, 23028 MiB
2026/09/28 01:11:14.080, NVIDIA A10, 0 %, 21250 MiB, 23028 MiB
2026/09/28 01:12:14.131, NVIDIA A10, 0 %, 21250 MiB, 23028 MiB
2026/09/28 01:13:14.182, NVIDIA A10, 1 %, 21250 MiB, 23028 MiB
2026/09/28 01:14:14.231, NVIDIA A10, 0 %, 21250 MiB, 23028 MiB
2026/09/28 01:15:14.284, NVIDIA A10, 0 %, 21250 MiB, 23028 MiB
2026/09/28 01:16:14.330, NVIDIA A10, 0 %, 21250 MiB, 23028 MiB
2026/09/28 01:17:14.382, NVIDIA A10, 1 %, 21250 MiB, 23028 MiB
2026/09/28 01:18:14.432, NVIDIA A10, 0 %, 21250 MiB, 23028 MiB
2026/09/28 01:19:14.484, NVIDIA A10, 99 %, 21250 MiB, 23028 MiB
2026/09/28 01:20:17.100, NVIDIA A10, 0 %, 21250 MiB, 23028 MiB
2026/09/28 01:21:23.392, NVIDIA A10, 0 %, 21250 MiB, 23028 MiB
2026/09/28 01:22:25.141, NVIDIA A10, 0 %, 21250 MiB, 23028 MiB
2026/09/28 01:23:26.312, NVIDIA A10, 0 %, 21250 MiB, 23028 MiB
2026/09/28 01:24:28.337, NVIDIA A10, 0 %, 21250 MiB, 23028 MiB
2026/09/28 01:25:32.573, NVIDIA A10, 0 %, 21250 MiB, 23028 MiB
2026/09/28 01:26:36.493, NVIDIA A10, 0 %, 21250 MiB, 23028 MiB
2026/09/28 01:27:37.822, NVIDIA A10, 0 %, 21250 MiB, 23028 MiB
2026/09/28 01:28:40.583, NVIDIA A10, 0 %, 21250 MiB, 23028 MiB
2026/09/28 01:29:42.338, NVIDIA A10, 0 %, 21250 MiB, 23028 MiB
ARM_STALLED_NO_PROGRESS chang0926-a-n64-s1 1802 s
ARM_STALLED_NO_PROGRESS chang0926-a-n64-s2 1847 s
ARM_STALLED_NO_PROGRESS chang0926-e1-n64-s1 1914 s
ARM_STALLED_NO_PROGRESS chang0926-cprime-n64-s1 1903 s
2026/09/28 01:32:53.420, NVIDIA A10, 100 %, 4397 MiB, 23028 MiB
ARM_EXIT chang0926-a-n64-s1 -9 attempt 0
ARM_LOG ==== ARM_ATTEMPT 0 2026-09-27T20:53:15Z
ARM_LOG RUN_STAGE pilot
ARM_LOG [train] chang0926-a-n64-s1 params=31735 resume_epoch=0 initial_ebops=11559681
ARM_LOG wandb: [wandb.login()] Loaded credentials for https://api.wandb.ai from WANDB_API_KEY.
ARM_LOG wandb: Syncing run chang0926-a-n64-s1
ARM_LOG wandb: 🚀 View run at https://wandb.ai/kayamaguchi-uc-san-diego/BNJetTag-ChangRecipe/runs/c16aff0707b9
ARM_LOG [epoch 1/7000] EBOPs=11737590 target=350000 above_floor=11566064 feasible=0 degenerate=0 beta=1e-07 val_AUC=0.821802 val_accuracy=0.525984 seconds=218.8 checkpoint=-
ARM_LOG [epoch 2/7000] EBOPs=11622721 target=350000 above_floor=11451195 feasible=0 degenerate=0 beta=1e-07 val_AUC=0.879425 val_accuracy=0.618952 seconds=221.1 checkpoint=-
ARM_LOG [epoch 3/7000] EBOPs=9104870 target=350000 above_floor=8933344 feasible=0 degenerate=0 beta=1.18e-07 val_AUC=0.891914 val_accuracy=0.662048 seconds=216.1 checkpoint=-
ARM_LOG [epoch 4/7000] EBOPs=8949610 target=350000 above_floor=8778084 feasible=0 degenerate=0 beta=1.09e-07 val_AUC=0.896499 val_accuracy=0.667871 seconds=221.2 checkpoint=-
ARM_LOG [epoch 5/7000] EBOPs=7266651 target=350000 above_floor=7095125 feasible=0 degenerate=0 beta=1.26e-07 val_AUC=0.887717 val_accuracy=0.649855 seconds=225.0 checkpoint=-
ARM_LOG [epoch 6/7000] EBOPs=6328804 target=350000 above_floor=6157278 feasible=0 degenerate=0 beta=1.19e-07 val_AUC=0.883571 val_accuracy=0.648710 seconds=216.7 checkpoint=-
ARM_LOG [epoch 7/7000] EBOPs=5456991 target=350000 above_floor=5285465 feasible=0 degenerate=0 beta=1.2e-07 val_AUC=0.884899 val_accuracy=0.641113 seconds=216.5 checkpoint=-
ARM_LOG [epoch 8/7000] EBOPs=4811667 target=350000 above_floor=4640141 feasible=0 degenerate=0 beta=1.18e-07 val_AUC=0.882565 val_accuracy=0.632710 seconds=220.3 checkpoint=-
ARM_LOG [epoch 9/7000] EBOPs=4047622 target=350000 above_floor=3876096 feasible=0 degenerate=0 beta=1.19e-07 val_AUC=0.890053 val_accuracy=0.650935 seconds=222.6 checkpoint=-
ARM_LOG [epoch 10/7000] EBOPs=3748891 target=350000 above_floor=3577365 feasible=0 degenerate=0 beta=1.13e-07 val_AUC=0.878214 val_accuracy=0.637194 seconds=218.2 checkpoint=-
ARM_LOG [epoch 11/7000] EBOPs=3633640 target=350000 above_floor=3462114 feasible=0 degenerate=0 beta=1.18e-07 val_AUC=0.888726 val_accuracy=0.646887 seconds=213.0 checkpoint=-
ARM_LOG [epoch 12/7000] EBOPs=3134474 target=350000 above_floor=2962948 feasible=0 degenerate=0 beta=1.28e-07 val_AUC=0.879380 val_accuracy=0.582968 seconds=208.0 checkpoint=-
ARM_LOG [epoch 13/7000] EBOPs=2984167 target=350000 above_floor=2812641 feasible=0 degenerate=0 beta=1.24e-07 val_AUC=0.883856 val_accuracy=0.627790 seconds=210.5 checkpoint=-
ARM_LOG [epoch 14/7000] EBOPs=2853842 target=350000 above_floor=2682316 feasible=0 degenerate=0 beta=1.31e-07 val_AUC=0.880403 val_accuracy=0.613952 seconds=208.7 checkpoint=-
ARM_LOG [epoch 15/7000] EBOPs=2592039 target=350000 above_floor=2420513 feasible=0 degenerate=0 beta=1.39e-07 val_AUC=0.879558 val_accuracy=0.622758 seconds=208.9 checkpoint=-
ARM_LOG [epoch 16/7000] EBOPs=2520675 target=350000 above_floor=2349149 feasible=0 degenerate=0 beta=1.4e-07 val_AUC=0.877856 val_accuracy=0.625468 seconds=210.6 checkpoint=-
ARM_LOG [epoch 17/7000] EBOPs=2461174 target=350000 above_floor=2289648 feasible=0 degenerate=0 beta=1.5e-07 val_AUC=0.873932 val_accuracy=0.611290 seconds=214.9 checkpoint=-
ARM_LOG [epoch 18/7000] EBOPs=2288661 target=350000 above_floor=2117135 feasible=0 degenerate=0 beta=1.61e-07 val_AUC=0.865397 val_accuracy=0.563290 seconds=214.4 checkpoint=-
ARM_LOG [epoch 19/7000] EBOPs=2162936 target=350000 above_floor=1991410 feasible=0 degenerate=0 beta=1.65e-07 val_AUC=0.860451 val_accuracy=0.561919 seconds=218.1 checkpoint=-
ARM_LOG [epoch 20/7000] EBOPs=2004843 target=350000 above_floor=1833317 feasible=0 degenerate=0 beta=1.71e-07 val_AUC=0.862171 val_accuracy=0.524758 seconds=214.7 checkpoint=-
ARM_LOG [epoch 21/7000] EBOPs=1939037 target=350000 above_floor=1767511 feasible=0 degenerate=0 beta=1.73e-07 val_AUC=0.863989 val_accuracy=0.590968 seconds=217.4 checkpoint=-
ARM_LOG [epoch 22/7000] EBOPs=1824002 target=350000 above_floor=1652476 feasible=0 degenerate=0 beta=1.82e-07 val_AUC=0.842803 val_accuracy=0.556403 seconds=215.8 checkpoint=-
ARM_LOG [epoch 23/7000] EBOPs=1643377 target=350000 above_floor=1471851 feasible=0 degenerate=0 beta=1.86e-07 val_AUC=0.858800 val_accuracy=0.596903 seconds=216.9 checkpoint=-
ARM_LOG [epoch 24/7000] EBOPs=1574622 target=350000 above_floor=1403096 feasible=0 degenerate=0 beta=1.81e-07 val_AUC=0.847458 val_accuracy=0.572726 seconds=215.9 checkpoint=-
ARM_LOG [epoch 25/7000] EBOPs=1524273 target=350000 above_floor=1352747 feasible=0 degenerate=0 beta=1.87e-07 val_AUC=0.843549 val_accuracy=0.564161 seconds=213.7 checkpoint=epoch-0025
ARM_LOG [epoch 26/7000] EBOPs=1411394 target=350000 above_floor=1239868 feasible=0 degenerate=0 beta=1.95e-07 val_AUC=0.853184 val_accuracy=0.580839 seconds=214.3 checkpoint=-
ARM_LOG [epoch 27/7000] EBOPs=1343054 target=350000 above_floor=1171528 feasible=0 degenerate=0 beta=1.93e-07 val_AUC=0.844032 val_accuracy=0.558645 seconds=212.2 checkpoint=-
ARM_LOG [epoch 28/7000] EBOPs=1167979 target=350000 above_floor=996453 feasible=0 degenerate=0 beta=1.97e-07 val_AUC=0.839415 val_accuracy=0.557758 seconds=215.0 checkpoint=-
ARM_LOG [epoch 29/7000] EBOPs=1181676 target=350000 above_floor=1010150 feasible=0 degenerate=0 beta=1.82e-07 val_AUC=0.851893 val_accuracy=0.578710 seconds=214.2 checkpoint=-
ARM_LOG [epoch 30/7000] EBOPs=1066889 target=350000 above_floor=895363 feasible=0 degenerate=0 beta=1.95e-07 val_AUC=0.850642 val_accuracy=0.585952 seconds=210.2 checkpoint=-
ARM_LOG [epoch 31/7000] EBOPs=992010 target=350000 above_floor=820484 feasible=0 degenerate=0 beta=1.86e-07 val_AUC=0.848263 val_accuracy=0.566806 seconds=199.9 checkpoint=-
ARM_LOG [epoch 32/7000] EBOPs=947422 target=350000 above_floor=775896 feasible=0 degenerate=0 beta=1.83e-07 val_AUC=0.830643 val_accuracy=0.524548 seconds=203.8 checkpoint=-
ARM_LOG [epoch 33/7000] EBOPs=867874 target=350000 above_floor=696348 feasible=0 degenerate=0 beta=1.83e-07 val_AUC=0.830535 val_accuracy=0.550242 seconds=211.9 checkpoint=-
ARM_LOG [epoch 34/7000] EBOPs=845746 target=350000 above_floor=674220 feasible=0 degenerate=0 beta=1.76e-07 val_AUC=0.846271 val_accuracy=0.569161 seconds=217.8 checkpoint=-
ARM_LOG [epoch 35/7000] EBOPs=800066 target=350000 above_floor=628540 feasible=0 degenerate=0 beta=1.79e-07 val_AUC=0.797443 val_accuracy=0.439839 seconds=202.3 checkpoint=-
ARM_LOG [epoch 36/7000] EBOPs=782537 target=350000 above_floor=611011 feasible=0 degenerate=0 beta=1.76e-07 val_AUC=0.826692 val_accuracy=0.540597 seconds=205.1 checkpoint=-
ARM_LOG [epoch 37/7000] EBOPs=717146 target=350000 above_floor=545620 feasible=0 degenerate=0 beta=1.8e-07 val_AUC=0.829143 val_accuracy=0.527758 seconds=217.3 checkpoint=-
ARM_LOG [epoch 38/7000] EBOPs=720009 target=350000 above_floor=548483 feasible=0 degenerate=0 beta=1.71e-07 val_AUC=0.822615 val_accuracy=0.511871 seconds=208.8 checkpoint=-
ARM_LOG [epoch 39/7000] EBOPs=686375 target=350000 above_floor=514849 feasible=0 degenerate=0 beta=1.78e-07 val_AUC=0.818678 val_accuracy=0.484726 seconds=199.8 checkpoint=-
ARM_LOG [epoch 40/7000] EBOPs=649034 target=350000 above_floor=477508 feasible=0 degenerate=0 beta=1.75e-07 val_AUC=0.827463 val_accuracy=0.533548 seconds=207.7 checkpoint=-
ARM_LOG [epoch 41/7000] EBOPs=622099 target=350000 above_floor=450573 feasible=0 degenerate=0 beta=1.71e-07 val_AUC=0.839761 val_accuracy=0.565403 seconds=205.7 checkpoint=-
ARM_LOG [epoch 42/7000] EBOPs=620075 target=350000 above_floor=448549 feasible=0 degenerate=0 beta=1.69e-07 val_AUC=0.813873 val_accuracy=0.529242 seconds=205.9 checkpoint=-
ARM_LOG [epoch 43/7000] EBOPs=597465 target=350000 above_floor=425939 feasible=0 degenerate=0 beta=1.73e-07 val_AUC=0.813188 val_accuracy=0.511484 seconds=210.1 checkpoint=-
ARM_LOG [epoch 44/7000] EBOPs=612549 target=350000 above_floor=441023 feasible=0 degenerate=0 beta=1.71e-07 val_AUC=0.818403 val_accuracy=0.518403 seconds=201.8 checkpoint=-
ARM_LOG [epoch 45/7000] EBOPs=603154 target=350000 above_floor=431628 feasible=0 degenerate=0 beta=1.8e-07 val_AUC=0.826917 val_accuracy=0.511113 seconds=205.7 checkpoint=-
ARM_LOG [epoch 46/7000] EBOPs=596082 target=350000 above_floor=424556 feasible=0 degenerate=0 beta=1.82e-07 val_AUC=0.823838 val_accuracy=0.464081 seconds=215.9 checkpoint=-
ARM_LOG [epoch 47/7000] EBOPs=591470 target=350000 above_floor=419944 feasible=0 degenerate=0 beta=1.85e-07 val_AUC=0.844567 val_accuracy=0.558500 seconds=209.1 checkpoint=-
ARM_LOG [epoch 48/7000] EBOPs=608432 target=350000 above_floor=436906 feasible=0 degenerate=0 beta=1.89e-07 val_AUC=0.828147 val_accuracy=0.526306 seconds=205.6 checkpoint=-
ARM_LOG [epoch 49/7000] EBOPs=596613 target=350000 above_floor=425087 feasible=0 degenerate=0 beta=2e-07 val_AUC=0.824114 val_accuracy=0.515774 seconds=217.1 checkpoint=-
ARM_LOG [epoch 50/7000] EBOPs=603618 target=350000 above_floor=432092 feasible=0 degenerate=0 beta=2.01e-07 val_AUC=0.840840 val_accuracy=0.552452 seconds=214.2 checkpoint=epoch-0050
ARM_LOG [epoch 51/7000] EBOPs=591403 target=350000 above_floor=419877 feasible=0 degenerate=0 beta=2.09e-07 val_AUC=0.817525 val_accuracy=0.544516 seconds=203.3 checkpoint=-
ARM_LOG [epoch 52/7000] EBOPs=592944 target=350000 above_floor=421418 feasible=0 degenerate=0 beta=2.1e-07 val_AUC=0.840625 val_accuracy=0.551968 seconds=211.7 checkpoint=-
ARM_LOG [epoch 53/7000] EBOPs=577102 target=350000 above_floor=405576 feasible=0 degenerate=0 beta=2.16e-07 val_AUC=0.830512 val_accuracy=0.528952 seconds=219.5 checkpoint=-
ARM_LOG [epoch 54/7000] EBOPs=596011 target=350000 above_floor=424485 feasible=0 degenerate=0 beta=2.16e-07 val_AUC=0.832663 val_accuracy=0.519339 seconds=199.0 checkpoint=-
ARM_LOG [epoch 55/7000] EBOPs=583086 target=350000 above_floor=411560 feasible=0 degenerate=0 beta=2.29e-07 val_AUC=0.793856 val_accuracy=0.488210 seconds=205.4 checkpoint=-
ARM_LOG [epoch 56/7000] EBOPs=570287 target=350000 above_floor=398761 feasible=0 degenerate=0 beta=2.3e-07 val_AUC=0.802347 val_accuracy=0.526532 seconds=222.2 checkpoint=-
ARM_LOG [epoch 57/7000] EBOPs=577153 target=350000 above_floor=405627 feasible=0 degenerate=0 beta=2.3e-07 val_AUC=0.778117 val_accuracy=0.420694 seconds=206.3 checkpoint=-
ARM_LOG [epoch 58/7000] EBOPs=576509 target=350000 above_floor=404983 feasible=0 degenerate=0 beta=2.39e-07 val_AUC=0.820002 val_accuracy=0.526694 seconds=204.5 checkpoint=-
ARM_LOG [epoch 59/7000] EBOPs=584598 target=350000 above_floor=413072 feasible=0 degenerate=0 beta=2.45e-07 val_AUC=0.816880 val_accuracy=0.513790 seconds=218.4 checkpoint=-
ARM_LOG [epoch 60/7000] EBOPs=577027 target=350000 above_floor=405501 feasible=0 degenerate=0 beta=2.55e-07 val_AUC=0.823699 val_accuracy=0.538242 seconds=216.8 checkpoint=-
ARM_LOG [epoch 61/7000] EBOPs=570259 target=350000 above_floor=398733 feasible=0 degenerate=0 beta=2.58e-07 val_AUC=0.815715 val_accuracy=0.513226 seconds=206.8 checkpoint=-
ARM_LOG [epoch 62/7000] EBOPs=563469 target=350000 above_floor=391943 feasible=0 degenerate=0 beta=2.61e-07 val_AUC=0.810900 val_accuracy=0.511306 seconds=213.7 checkpoint=-
ARM_LOG [epoch 63/7000] EBOPs=559464 target=350000 above_floor=387938 feasible=0 degenerate=0 beta=2.64e-07 val_AUC=0.822077 val_accuracy=0.554887 seconds=217.8 checkpoint=-
ARM_LOG [epoch 64/7000] EBOPs=566734 target=350000 above_floor=395208 feasible=0 degenerate=0 beta=2.68e-07 val_AUC=0.811885 val_accuracy=0.491710 seconds=203.3 checkpoint=-
ARM_LOG [epoch 65/7000] EBOPs=564182 target=350000 above_floor=392656 feasible=0 degenerate=0 beta=2.78e-07 val_AUC=0.813736 val_accuracy=0.516677 seconds=209.0 checkpoint=-
ARM_LOG [epoch 66/7000] EBOPs=553420 target=350000 above_floor=381894 feasible=0 degenerate=0 beta=2.84e-07 val_AUC=0.816830 val_accuracy=0.535774 seconds=220.6 checkpoint=-
ARM_LOG [epoch 67/7000] EBOPs=559888 target=350000 above_floor=388362 feasible=0 degenerate=0 beta=2.85e-07 val_AUC=0.821280 val_accuracy=0.508403 seconds=204.4 checkpoint=-
ARM_LOG [epoch 68/7000] EBOPs=568411 target=350000 above_floor=396885 feasible=0 degenerate=0 beta=2.95e-07 val_AUC=0.805789 val_accuracy=0.529919 seconds=201.0 checkpoint=-
ARM_LOG [epoch 69/7000] EBOPs=560616 target=350000 above_floor=389090 feasible=0 degenerate=0 beta=3.07e-07 val_AUC=0.807374 val_accuracy=0.497790 seconds=213.2 checkpoint=-
ARM_STARTED 0 chang0926-a-n64-s1 pid 25446 attempt 1
ARM_EXIT chang0926-a-n64-s2 143 attempt 0
ARM_LOG RUN_STAGE pilot
ARM_LOG [train] chang0926-a-n64-s2 params=31735 resume_epoch=0 initial_ebops=11295521
ARM_LOG wandb: [wandb.login()] Loaded credentials for https://api.wandb.ai from WANDB_API_KEY.
ARM_LOG wandb: Syncing run chang0926-a-n64-s2
ARM_LOG wandb: 🚀 View run at https://wandb.ai/kayamaguchi-uc-san-diego/BNJetTag-ChangRecipe/runs/8560dcb87a4c
ARM_LOG [epoch 1/7000] EBOPs=11716777 target=350000 above_floor=11545251 feasible=0 degenerate=0 beta=1e-07 val_AUC=0.835122 val_accuracy=0.568210 seconds=219.4 checkpoint=-
ARM_LOG [epoch 2/7000] EBOPs=11753661 target=350000 above_floor=11582135 feasible=0 degenerate=0 beta=1e-07 val_AUC=0.864888 val_accuracy=0.594355 seconds=221.0 checkpoint=-
ARM_LOG [epoch 3/7000] EBOPs=8473706 target=350000 above_floor=8302180 feasible=0 degenerate=0 beta=1.2e-07 val_AUC=0.878918 val_accuracy=0.635565 seconds=215.8 checkpoint=-
ARM_LOG [epoch 4/7000] EBOPs=8615608 target=350000 above_floor=8444082 feasible=0 degenerate=0 beta=1.01e-07 val_AUC=0.879868 val_accuracy=0.633306 seconds=222.1 checkpoint=-
ARM_LOG [epoch 5/7000] EBOPs=7007169 target=350000 above_floor=6835643 feasible=0 degenerate=0 beta=1.21e-07 val_AUC=0.877476 val_accuracy=0.624097 seconds=225.7 checkpoint=-
ARM_LOG [epoch 6/7000] EBOPs=6519024 target=350000 above_floor=6347498 feasible=0 degenerate=0 beta=1.14e-07 val_AUC=0.886185 val_accuracy=0.642097 seconds=218.1 checkpoint=-
ARM_LOG [epoch 7/7000] EBOPs=5419166 target=350000 above_floor=5247640 feasible=0 degenerate=0 beta=1.23e-07 val_AUC=0.867966 val_accuracy=0.595161 seconds=216.8 checkpoint=-
ARM_LOG [epoch 8/7000] EBOPs=4894441 target=350000 above_floor=4722915 feasible=0 degenerate=0 beta=1.17e-07 val_AUC=0.879760 val_accuracy=0.623952 seconds=221.0 checkpoint=-
ARM_LOG [epoch 9/7000] EBOPs=4117096 target=350000 above_floor=3945570 feasible=0 degenerate=0 beta=1.21e-07 val_AUC=0.876516 val_accuracy=0.620065 seconds=215.7 checkpoint=-
ARM_LOG [epoch 10/7000] EBOPs=3968681 target=350000 above_floor=3797155 feasible=0 degenerate=0 beta=1.15e-07 val_AUC=0.875256 val_accuracy=0.610226 seconds=218.1 checkpoint=-
ARM_LOG [epoch 11/7000] EBOPs=3560586 target=350000 above_floor=3389060 feasible=0 degenerate=0 beta=1.25e-07 val_AUC=0.867562 val_accuracy=0.589645 seconds=217.9 checkpoint=-
ARM_LOG [epoch 12/7000] EBOPs=3278356 target=350000 above_floor=3106830 feasible=0 degenerate=0 beta=1.26e-07 val_AUC=0.873650 val_accuracy=0.623710 seconds=218.3 checkpoint=-
ARM_LOG [epoch 13/7000] EBOPs=2879922 target=350000 above_floor=2708396 feasible=0 degenerate=0 beta=1.3e-07 val_AUC=0.864881 val_accuracy=0.584452 seconds=223.1 checkpoint=-
ARM_LOG [epoch 14/7000] EBOPs=2547594 target=350000 above_floor=2376068 feasible=0 degenerate=0 beta=1.26e-07 val_AUC=0.867097 val_accuracy=0.609855 seconds=216.6 checkpoint=-
ARM_LOG [epoch 15/7000] EBOPs=2411905 target=350000 above_floor=2240379 feasible=0 degenerate=0 beta=1.24e-07 val_AUC=0.876014 val_accuracy=0.619468 seconds=214.0 checkpoint=-
ARM_LOG [epoch 16/7000] EBOPs=2308447 target=350000 above_floor=2136921 feasible=0 degenerate=0 beta=1.29e-07 val_AUC=0.862368 val_accuracy=0.586613 seconds=218.1 checkpoint=-
ARM_LOG [epoch 17/7000] EBOPs=2266257 target=350000 above_floor=2094731 feasible=0 degenerate=0 beta=1.35e-07 val_AUC=0.854080 val_accuracy=0.583548 seconds=219.9 checkpoint=-
ARM_LOG [epoch 18/7000] EBOPs=2151864 target=350000 above_floor=1980338 feasible=0 degenerate=0 beta=1.46e-07 val_AUC=0.860878 val_accuracy=0.594774 seconds=209.9 checkpoint=-
ARM_LOG [epoch 19/7000] EBOPs=1998129 target=350000 above_floor=1826603 feasible=0 degenerate=0 beta=1.52e-07 val_AUC=0.860977 val_accuracy=0.596339 seconds=207.2 checkpoint=-
ARM_LOG [epoch 20/7000] EBOPs=1833323 target=350000 above_floor=1661797 feasible=0 degenerate=0 beta=1.54e-07 val_AUC=0.857899 val_accuracy=0.550952 seconds=216.3 checkpoint=-
ARM_LOG [epoch 21/7000] EBOPs=1650184 target=350000 above_floor=1478658 feasible=0 degenerate=0 beta=1.53e-07 val_AUC=0.854691 val_accuracy=0.593661 seconds=216.6 checkpoint=-
ARM_LOG [epoch 22/7000] EBOPs=1460625 target=350000 above_floor=1289099 feasible=0 degenerate=0 beta=1.49e-07 val_AUC=0.855106 val_accuracy=0.560113 seconds=211.2 checkpoint=-
ARM_LOG [epoch 23/7000] EBOPs=1356123 target=350000 above_floor=1184597 feasible=0 degenerate=0 beta=1.42e-07 val_AUC=0.868364 val_accuracy=0.604258 seconds=209.3 checkpoint=-
ARM_LOG [epoch 24/7000] EBOPs=1260161 target=350000 above_floor=1088635 feasible=0 degenerate=0 beta=1.41e-07 val_AUC=0.854580 val_accuracy=0.571790 seconds=221.1 checkpoint=-
ARM_LOG [epoch 25/7000] EBOPs=1185492 target=350000 above_floor=1013966 feasible=0 degenerate=0 beta=1.4e-07 val_AUC=0.844836 val_accuracy=0.562710 seconds=215.3 checkpoint=epoch-0025
ARM_LOG [epoch 26/7000] EBOPs=1012152 target=350000 above_floor=840626 feasible=0 degenerate=0 beta=1.4e-07 val_AUC=0.865099 val_accuracy=0.619258 seconds=205.6 checkpoint=-
ARM_LOG [epoch 27/7000] EBOPs=1008637 target=350000 above_floor=837111 feasible=0 degenerate=0 beta=1.26e-07 val_AUC=0.860305 val_accuracy=0.596855 seconds=213.5 checkpoint=-
ARM_LOG [epoch 28/7000] EBOPs=920165 target=350000 above_floor=748639 feasible=0 degenerate=0 beta=1.32e-07 val_AUC=0.853455 val_accuracy=0.576339 seconds=216.3 checkpoint=-
ARM_LOG [epoch 29/7000] EBOPs=853454 target=350000 above_floor=681928 feasible=0 degenerate=0 beta=1.26e-07 val_AUC=0.853824 val_accuracy=0.571984 seconds=213.7 checkpoint=-
ARM_LOG [epoch 30/7000] EBOPs=776960 target=350000 above_floor=605434 feasible=0 degenerate=0 beta=1.23e-07 val_AUC=0.860890 val_accuracy=0.595887 seconds=211.6 checkpoint=-
ARM_LOG [epoch 31/7000] EBOPs=765069 target=350000 above_floor=593543 feasible=0 degenerate=0 beta=1.16e-07 val_AUC=0.857772 val_accuracy=0.577290 seconds=215.9 checkpoint=-
ARM_LOG [epoch 32/7000] EBOPs=723500 target=350000 above_floor=551974 feasible=0 degenerate=0 beta=1.19e-07 val_AUC=0.843184 val_accuracy=0.538677 seconds=210.4 checkpoint=-
ARM_LOG [epoch 33/7000] EBOPs=723255 target=350000 above_floor=551729 feasible=0 degenerate=0 beta=1.17e-07 val_AUC=0.842651 val_accuracy=0.550758 seconds=209.4 checkpoint=-
ARM_LOG [epoch 34/7000] EBOPs=698354 target=350000 above_floor=526828 feasible=0 degenerate=0 beta=1.21e-07 val_AUC=0.829116 val_accuracy=0.534581 seconds=213.8 checkpoint=-
ARM_LOG [epoch 35/7000] EBOPs=670054 target=350000 above_floor=498528 feasible=0 degenerate=0 beta=1.21e-07 val_AUC=0.857829 val_accuracy=0.583048 seconds=210.3 checkpoint=-
ARM_LOG [epoch 36/7000] EBOPs=669623 target=350000 above_floor=498097 feasible=0 degenerate=0 beta=1.2e-07 val_AUC=0.832651 val_accuracy=0.556565 seconds=213.3 checkpoint=-
ARM_LOG [epoch 37/7000] EBOPs=674079 target=350000 above_floor=502553 feasible=0 degenerate=0 beta=1.24e-07 val_AUC=0.856280 val_accuracy=0.582371 seconds=216.5 checkpoint=-
ARM_LOG [epoch 38/7000] EBOPs=697165 target=350000 above_floor=525639 feasible=0 degenerate=0 beta=1.29e-07 val_AUC=0.848544 val_accuracy=0.568258 seconds=210.6 checkpoint=-
ARM_LOG [epoch 39/7000] EBOPs=672072 target=350000 above_floor=500546 feasible=0 degenerate=0 beta=1.38e-07 val_AUC=0.853313 val_accuracy=0.562774 seconds=210.6 checkpoint=-
ARM_LOG [epoch 40/7000] EBOPs=683360 target=350000 above_floor=511834 feasible=0 degenerate=0 beta=1.37e-07 val_AUC=0.846354 val_accuracy=0.584161 seconds=215.2 checkpoint=-
ARM_LOG [epoch 41/7000] EBOPs=646636 target=350000 above_floor=475110 feasible=0 degenerate=0 beta=1.44e-07 val_AUC=0.843756 val_accuracy=0.573839 seconds=214.8 checkpoint=-
ARM_LOG [epoch 42/7000] EBOPs=642532 target=350000 above_floor=471006 feasible=0 degenerate=0 beta=1.41e-07 val_AUC=0.831724 val_accuracy=0.518306 seconds=204.7 checkpoint=-
ARM_LOG [epoch 43/7000] EBOPs=623315 target=350000 above_floor=451789 feasible=0 degenerate=0 beta=1.44e-07 val_AUC=0.820580 val_accuracy=0.511258 seconds=206.7 checkpoint=-
ARM_LOG [epoch 44/7000] EBOPs=628243 target=350000 above_floor=456717 feasible=0 degenerate=0 beta=1.44e-07 val_AUC=0.848058 val_accuracy=0.568355 seconds=220.2 checkpoint=-
ARM_LOG [epoch 45/7000] EBOPs=607786 target=350000 above_floor=436260 feasible=0 degenerate=0 beta=1.49e-07 val_AUC=0.828851 val_accuracy=0.527016 seconds=199.0 checkpoint=-
ARM_LOG [epoch 46/7000] EBOPs=617142 target=350000 above_floor=445616 feasible=0 degenerate=0 beta=1.48e-07 val_AUC=0.833684 val_accuracy=0.505419 seconds=202.4 checkpoint=-
ARM_LOG [epoch 47/7000] EBOPs=618397 target=350000 above_floor=446871 feasible=0 degenerate=0 beta=1.55e-07 val_AUC=0.840852 val_accuracy=0.570855 seconds=216.7 checkpoint=-
ARM_LOG [epoch 48/7000] EBOPs=607966 target=350000 above_floor=436440 feasible=0 degenerate=0 beta=1.6e-07 val_AUC=0.806026 val_accuracy=0.529258 seconds=210.8 checkpoint=-
ARM_LOG [epoch 49/7000] EBOPs=606884 target=350000 above_floor=435358 feasible=0 degenerate=0 beta=1.62e-07 val_AUC=0.822671 val_accuracy=0.529758 seconds=199.5 checkpoint=-
ARM_LOG [epoch 50/7000] EBOPs=614943 target=350000 above_floor=443417 feasible=0 degenerate=0 beta=1.66e-07 val_AUC=0.839311 val_accuracy=0.528871 seconds=212.3 checkpoint=epoch-0050
ARM_LOG [epoch 51/7000] EBOPs=609953 target=350000 above_floor=438427 feasible=0 degenerate=0 beta=1.73e-07 val_AUC=0.847723 val_accuracy=0.561242 seconds=216.7 checkpoint=-
ARM_LOG [epoch 52/7000] EBOPs=608599 target=350000 above_floor=437073 feasible=0 degenerate=0 beta=1.76e-07 val_AUC=0.802528 val_accuracy=0.471274 seconds=200.9 checkpoint=-
ARM_LOG [epoch 53/7000] EBOPs=602223 target=350000 above_floor=430697 feasible=0 degenerate=0 beta=1.81e-07 val_AUC=0.822083 val_accuracy=0.536774 seconds=209.3 checkpoint=-
ARM_LOG [epoch 54/7000] EBOPs=594685 target=350000 above_floor=423159 feasible=0 degenerate=0 beta=1.84e-07 val_AUC=0.837739 val_accuracy=0.541548 seconds=218.2 checkpoint=-
ARM_LOG [epoch 55/7000] EBOPs=606418 target=350000 above_floor=434892 feasible=0 degenerate=0 beta=1.86e-07 val_AUC=0.817250 val_accuracy=0.518097 seconds=203.1 checkpoint=-
ARM_LOG [epoch 56/7000] EBOPs=596035 target=350000 above_floor=424509 feasible=0 degenerate=0 beta=1.95e-07 val_AUC=0.839467 val_accuracy=0.562581 seconds=204.0 checkpoint=-
ARM_LOG [epoch 57/7000] EBOPs=594837 target=350000 above_floor=423311 feasible=0 degenerate=0 beta=1.97e-07 val_AUC=0.838328 val_accuracy=0.552661 seconds=214.5 checkpoint=-
ARM_LOG [epoch 58/7000] EBOPs=578747 target=350000 above_floor=407221 feasible=0 degenerate=0 beta=2.02e-07 val_AUC=0.815573 val_accuracy=0.530984 seconds=205.8 checkpoint=-
ARM_LOG [epoch 59/7000] EBOPs=585243 target=350000 above_floor=413717 feasible=0 degenerate=0 beta=2.02e-07 val_AUC=0.836455 val_accuracy=0.564548 seconds=205.9 checkpoint=-
ARM_LOG [epoch 60/7000] EBOPs=587435 target=350000 above_floor=415909 feasible=0 degenerate=0 beta=2.09e-07 val_AUC=0.838432 val_accuracy=0.560065 seconds=213.5 checkpoint=-
ARM_LOG [epoch 61/7000] EBOPs=575624 target=350000 above_floor=404098 feasible=0 degenerate=0 beta=2.15e-07 val_AUC=0.835852 val_accuracy=0.539355 seconds=210.0 checkpoint=-
ARM_LOG [epoch 62/7000] EBOPs=588395 target=350000 above_floor=416869 feasible=0 degenerate=0 beta=2.16e-07 val_AUC=0.821890 val_accuracy=0.558194 seconds=209.1 checkpoint=-
ARM_LOG [epoch 63/7000] EBOPs=575853 target=350000 above_floor=404327 feasible=0 degenerate=0 beta=2.27e-07 val_AUC=0.824477 val_accuracy=0.550452 seconds=208.8 checkpoint=-
ARM_LOG [epoch 64/7000] EBOPs=582141 target=350000 above_floor=410615 feasible=0 degenerate=0 beta=2.28e-07 val_AUC=0.841286 val_accuracy=0.572806 seconds=210.2 checkpoint=-
ARM_LOG [epoch 65/7000] EBOPs=576739 target=350000 above_floor=405213 feasible=0 degenerate=0 beta=2.36e-07 val_AUC=0.810291 val_accuracy=0.487984 seconds=212.4 checkpoint=-
ARM_LOG [epoch 66/7000] EBOPs=567793 target=350000 above_floor=396267 feasible=0 degenerate=0 beta=2.4e-07 val_AUC=0.802866 val_accuracy=0.520710 seconds=211.3 checkpoint=-
ARM_LOG [epoch 67/7000] EBOPs=579154 target=350000 above_floor=407628 feasible=0 degenerate=0 beta=2.42e-07 val_AUC=0.815995 val_accuracy=0.521500 seconds=211.6 checkpoint=-
ARM_LOG [epoch 68/7000] EBOPs=577533 target=350000 above_floor=406007 feasible=0 degenerate=0 beta=2.53e-07 val_AUC=0.828723 val_accuracy=0.534145 seconds=212.4 checkpoint=-
ARM_LOG [epoch 69/7000] EBOPs=563529 target=350000 above_floor=392003 feasible=0 degenerate=0 beta=2.59e-07 val_AUC=0.780681 val_accuracy=0.460532 seconds=225.1 checkpoint=-
ARM_LOG wandb: uploading data; updating run metadata
ARM_LOG wandb: uploading data; uploading output.log; uploading wandb-summary.json; uploading config.yaml
ARM_LOG wandb: uploading data
ARM_LOG wandb: 🚀 View run chang0926-a-n64-s2 at: https://wandb.ai/kayamaguchi-uc-san-diego/BNJetTag-ChangRecipe/runs/8560dcb87a4c
ARM_LOG wandb: ⭐️ View project at: https://wandb.ai/kayamaguchi-uc-san-diego/BNJetTag-ChangRecipe
ARM_LOG wandb: Synced 5 W&B file(s), 0 media file(s), 0 artifact file(s) and 0 other file(s)
ARM_STARTED 1 chang0926-a-n64-s2 pid 25645 attempt 1
ARM_EXIT chang0926-e1-n64-s1 143 attempt 0
ARM_LOG [epoch 14/7000] EBOPs=2626627 target=350000 above_floor=2540864 feasible=0 degenerate=0 beta=1.28e-07 val_AUC=0.877242 val_accuracy=0.603419 seconds=173.2 checkpoint=-
ARM_LOG [epoch 15/7000] EBOPs=2452078 target=350000 above_floor=2366315 feasible=0 degenerate=0 beta=1.35e-07 val_AUC=0.873222 val_accuracy=0.600984 seconds=172.9 checkpoint=-
ARM_LOG [epoch 16/7000] EBOPs=2411672 target=350000 above_floor=2325909 feasible=0 degenerate=0 beta=1.39e-07 val_AUC=0.860938 val_accuracy=0.591403 seconds=155.4 checkpoint=-
ARM_LOG [epoch 17/7000] EBOPs=2317439 target=350000 above_floor=2231676 feasible=0 degenerate=0 beta=1.51e-07 val_AUC=0.872386 val_accuracy=0.618129 seconds=170.8 checkpoint=-
ARM_LOG [epoch 18/7000] EBOPs=2195966 target=350000 above_floor=2110203 feasible=0 degenerate=0 beta=1.59e-07 val_AUC=0.854070 val_accuracy=0.580887 seconds=176.0 checkpoint=-
ARM_LOG [epoch 19/7000] EBOPs=2019558 target=350000 above_floor=1933795 feasible=0 degenerate=0 beta=1.65e-07 val_AUC=0.861641 val_accuracy=0.579790 seconds=178.9 checkpoint=-
ARM_LOG [epoch 20/7000] EBOPs=1959788 target=350000 above_floor=1874025 feasible=0 degenerate=0 beta=1.66e-07 val_AUC=0.868385 val_accuracy=0.621839 seconds=163.7 checkpoint=-
ARM_LOG [epoch 21/7000] EBOPs=1825246 target=350000 above_floor=1739483 feasible=0 degenerate=0 beta=1.76e-07 val_AUC=0.859602 val_accuracy=0.569290 seconds=157.4 checkpoint=-
ARM_LOG [epoch 22/7000] EBOPs=1771974 target=350000 above_floor=1686211 feasible=0 degenerate=0 beta=1.78e-07 val_AUC=0.864511 val_accuracy=0.604871 seconds=173.6 checkpoint=-
ARM_LOG [epoch 23/7000] EBOPs=1622382 target=350000 above_floor=1536619 feasible=0 degenerate=0 beta=1.87e-07 val_AUC=0.841034 val_accuracy=0.571468 seconds=171.2 checkpoint=-
ARM_LOG [epoch 24/7000] EBOPs=1530169 target=350000 above_floor=1444406 feasible=0 degenerate=0 beta=1.85e-07 val_AUC=0.859529 val_accuracy=0.593516 seconds=174.9 checkpoint=-
ARM_LOG [epoch 25/7000] EBOPs=1370163 target=350000 above_floor=1284400 feasible=0 degenerate=0 beta=1.88e-07 val_AUC=0.847121 val_accuracy=0.536161 seconds=156.9 checkpoint=epoch-0025
ARM_LOG [epoch 26/7000] EBOPs=1296636 target=350000 above_floor=1210873 feasible=0 degenerate=0 beta=1.8e-07 val_AUC=0.848278 val_accuracy=0.551000 seconds=159.8 checkpoint=-
ARM_LOG [epoch 27/7000] EBOPs=1290002 target=350000 above_floor=1204239 feasible=0 degenerate=0 beta=1.82e-07 val_AUC=0.847036 val_accuracy=0.550968 seconds=173.5 checkpoint=-
ARM_LOG [epoch 28/7000] EBOPs=1139947 target=350000 above_floor=1054184 feasible=0 degenerate=0 beta=1.93e-07 val_AUC=0.859980 val_accuracy=0.577371 seconds=171.3 checkpoint=-
ARM_LOG [epoch 29/7000] EBOPs=1058718 target=350000 above_floor=972955 feasible=0 degenerate=0 beta=1.81e-07 val_AUC=0.852863 val_accuracy=0.577629 seconds=173.4 checkpoint=-
ARM_LOG [epoch 30/7000] EBOPs=963493 target=350000 above_floor=877730 feasible=0 degenerate=0 beta=1.78e-07 val_AUC=0.859218 val_accuracy=0.599000 seconds=153.3 checkpoint=-
ARM_LOG [epoch 31/7000] EBOPs=923707 target=350000 above_floor=837944 feasible=0 degenerate=0 beta=1.7e-07 val_AUC=0.867238 val_accuracy=0.591581 seconds=169.3 checkpoint=-
ARM_LOG [epoch 32/7000] EBOPs=919512 target=350000 above_floor=833749 feasible=0 degenerate=0 beta=1.71e-07 val_AUC=0.847422 val_accuracy=0.576097 seconds=173.0 checkpoint=-
ARM_LOG [epoch 33/7000] EBOPs=828409 target=350000 above_floor=742646 feasible=0 degenerate=0 beta=1.79e-07 val_AUC=0.856701 val_accuracy=0.586484 seconds=170.5 checkpoint=-
ARM_LOG [epoch 34/7000] EBOPs=814084 target=350000 above_floor=728321 feasible=0 degenerate=0 beta=1.68e-07 val_AUC=0.844406 val_accuracy=0.555565 seconds=167.5 checkpoint=-
ARM_LOG [epoch 35/7000] EBOPs=757052 target=350000 above_floor=671289 feasible=0 degenerate=0 beta=1.72e-07 val_AUC=0.830754 val_accuracy=0.563290 seconds=156.4 checkpoint=-
ARM_LOG [epoch 36/7000] EBOPs=731657 target=350000 above_floor=645894 feasible=0 degenerate=0 beta=1.67e-07 val_AUC=0.847372 val_accuracy=0.562790 seconds=175.3 checkpoint=-
ARM_LOG [epoch 37/7000] EBOPs=679698 target=350000 above_floor=593935 feasible=0 degenerate=0 beta=1.67e-07 val_AUC=0.834589 val_accuracy=0.511161 seconds=171.6 checkpoint=-
ARM_LOG [epoch 38/7000] EBOPs=627938 target=350000 above_floor=542175 feasible=0 degenerate=0 beta=1.6e-07 val_AUC=0.824944 val_accuracy=0.519274 seconds=167.6 checkpoint=-
ARM_LOG [epoch 39/7000] EBOPs=613095 target=350000 above_floor=527332 feasible=0 degenerate=0 beta=1.53e-07 val_AUC=0.826823 val_accuracy=0.549516 seconds=167.1 checkpoint=-
ARM_LOG [epoch 40/7000] EBOPs=567857 target=350000 above_floor=482094 feasible=0 degenerate=0 beta=1.53e-07 val_AUC=0.842582 val_accuracy=0.568581 seconds=168.1 checkpoint=-
ARM_LOG [epoch 41/7000] EBOPs=573445 target=350000 above_floor=487682 feasible=0 degenerate=0 beta=1.45e-07 val_AUC=0.815251 val_accuracy=0.454774 seconds=166.1 checkpoint=-
ARM_LOG [epoch 42/7000] EBOPs=556410 target=350000 above_floor=470647 feasible=0 degenerate=0 beta=1.51e-07 val_AUC=0.800318 val_accuracy=0.487710 seconds=171.8 checkpoint=-
ARM_LOG [epoch 43/7000] EBOPs=548559 target=350000 above_floor=462796 feasible=0 degenerate=0 beta=1.49e-07 val_AUC=0.811918 val_accuracy=0.511597 seconds=157.8 checkpoint=-
ARM_LOG [epoch 44/7000] EBOPs=536298 target=350000 above_floor=450535 feasible=0 degenerate=0 beta=1.51e-07 val_AUC=0.810476 val_accuracy=0.516645 seconds=166.1 checkpoint=-
ARM_LOG [epoch 45/7000] EBOPs=529355 target=350000 above_floor=443592 feasible=0 degenerate=0 beta=1.51e-07 val_AUC=0.810394 val_accuracy=0.461452 seconds=169.7 checkpoint=-
ARM_LOG [epoch 46/7000] EBOPs=526700 target=350000 above_floor=440937 feasible=0 degenerate=0 beta=1.52e-07 val_AUC=0.827292 val_accuracy=0.544758 seconds=166.4 checkpoint=-
ARM_LOG [epoch 47/7000] EBOPs=523658 target=350000 above_floor=437895 feasible=0 degenerate=0 beta=1.54e-07 val_AUC=0.831156 val_accuracy=0.546000 seconds=173.8 checkpoint=-
ARM_LOG [epoch 48/7000] EBOPs=523198 target=350000 above_floor=437435 feasible=0 degenerate=0 beta=1.56e-07 val_AUC=0.824030 val_accuracy=0.535871 seconds=159.8 checkpoint=-
ARM_LOG [epoch 49/7000] EBOPs=514892 target=350000 above_floor=429129 feasible=0 degenerate=0 beta=1.59e-07 val_AUC=0.836911 val_accuracy=0.544113 seconds=171.2 checkpoint=-
ARM_LOG [epoch 50/7000] EBOPs=540254 target=350000 above_floor=454491 feasible=0 degenerate=0 beta=1.6e-07 val_AUC=0.811169 val_accuracy=0.497726 seconds=167.6 checkpoint=epoch-0050
ARM_LOG [epoch 51/7000] EBOPs=524642 target=350000 above_floor=438879 feasible=0 degenerate=0 beta=1.71e-07 val_AUC=0.832600 val_accuracy=0.507452 seconds=168.5 checkpoint=-
ARM_LOG [epoch 52/7000] EBOPs=521089 target=350000 above_floor=435326 feasible=0 degenerate=0 beta=1.7e-07 val_AUC=0.817382 val_accuracy=0.529452 seconds=167.1 checkpoint=-
ARM_LOG [epoch 53/7000] EBOPs=519788 target=350000 above_floor=434025 feasible=0 degenerate=0 beta=1.72e-07 val_AUC=0.824015 val_accuracy=0.514661 seconds=164.5 checkpoint=-
ARM_LOG [epoch 54/7000] EBOPs=521246 target=350000 above_floor=435483 feasible=0 degenerate=0 beta=1.75e-07 val_AUC=0.817791 val_accuracy=0.476290 seconds=169.5 checkpoint=-
ARM_LOG [epoch 55/7000] EBOPs=506585 target=350000 above_floor=420822 feasible=0 degenerate=0 beta=1.79e-07 val_AUC=0.803530 val_accuracy=0.463742 seconds=165.5 checkpoint=-
ARM_LOG [epoch 56/7000] EBOPs=499852 target=350000 above_floor=414089 feasible=0 degenerate=0 beta=1.77e-07 val_AUC=0.827502 val_accuracy=0.530129 seconds=169.7 checkpoint=-
ARM_LOG [epoch 57/7000] EBOPs=509943 target=350000 above_floor=424180 feasible=0 degenerate=0 beta=1.78e-07 val_AUC=0.812330 val_accuracy=0.498306 seconds=157.6 checkpoint=-
ARM_LOG [epoch 58/7000] EBOPs=500206 target=350000 above_floor=414443 feasible=0 degenerate=0 beta=1.85e-07 val_AUC=0.804267 val_accuracy=0.507081 seconds=167.8 checkpoint=-
ARM_LOG [epoch 59/7000] EBOPs=501886 target=350000 above_floor=416123 feasible=0 degenerate=0 beta=1.85e-07 val_AUC=0.802582 val_accuracy=0.514113 seconds=164.9 checkpoint=-
ARM_LOG [epoch 60/7000] EBOPs=508715 target=350000 above_floor=422952 feasible=0 degenerate=0 beta=1.89e-07 val_AUC=0.782254 val_accuracy=0.490613 seconds=165.1 checkpoint=-
ARM_LOG [epoch 61/7000] EBOPs=499740 target=350000 above_floor=413977 feasible=0 degenerate=0 beta=1.95e-07 val_AUC=0.790157 val_accuracy=0.493468 seconds=157.2 checkpoint=-
ARM_LOG [epoch 62/7000] EBOPs=507907 target=350000 above_floor=422144 feasible=0 degenerate=0 beta=1.95e-07 val_AUC=0.805144 val_accuracy=0.505823 seconds=164.4 checkpoint=-
ARM_LOG [epoch 63/7000] EBOPs=489943 target=350000 above_floor=404180 feasible=0 degenerate=0 beta=2.02e-07 val_AUC=0.823347 val_accuracy=0.527161 seconds=160.4 checkpoint=-
ARM_LOG [epoch 64/7000] EBOPs=494556 target=350000 above_floor=408793 feasible=0 degenerate=0 beta=1.98e-07 val_AUC=0.796904 val_accuracy=0.518435 seconds=164.9 checkpoint=-
ARM_LOG [epoch 65/7000] EBOPs=491039 target=350000 above_floor=405276 feasible=0 degenerate=0 beta=2.03e-07 val_AUC=0.823533 val_accuracy=0.495774 seconds=162.0 checkpoint=-
ARM_LOG [epoch 66/7000] EBOPs=482350 target=350000 above_floor=396587 feasible=0 degenerate=0 beta=2.05e-07 val_AUC=0.817387 val_accuracy=0.518371 seconds=159.2 checkpoint=-
ARM_LOG [epoch 67/7000] EBOPs=475128 target=350000 above_floor=389365 feasible=0 degenerate=0 beta=2.05e-07 val_AUC=0.792639 val_accuracy=0.496468 seconds=168.8 checkpoint=-
ARM_LOG [epoch 68/7000] EBOPs=480794 target=350000 above_floor=395031 feasible=0 degenerate=0 beta=2.05e-07 val_AUC=0.797077 val_accuracy=0.473742 seconds=155.7 checkpoint=-
ARM_LOG [epoch 69/7000] EBOPs=497246 target=350000 above_floor=411483 feasible=0 degenerate=0 beta=2.11e-07 val_AUC=0.826916 val_accuracy=0.524081 seconds=166.4 checkpoint=-
ARM_LOG [epoch 70/7000] EBOPs=486947 target=350000 above_floor=401184 feasible=0 degenerate=0 beta=2.22e-07 val_AUC=0.773337 val_accuracy=0.460984 seconds=160.8 checkpoint=-
ARM_LOG [epoch 71/7000] EBOPs=501639 target=350000 above_floor=415876 feasible=0 degenerate=0 beta=2.21e-07 val_AUC=0.735387 val_accuracy=0.346081 seconds=167.8 checkpoint=-
ARM_LOG [epoch 72/7000] EBOPs=471438 target=350000 above_floor=385675 feasible=0 degenerate=0 beta=2.32e-07 val_AUC=0.806250 val_accuracy=0.498903 seconds=159.4 checkpoint=-
ARM_LOG [epoch 73/7000] EBOPs=470089 target=350000 above_floor=384326 feasible=0 degenerate=0 beta=2.21e-07 val_AUC=0.796611 val_accuracy=0.488210 seconds=162.5 checkpoint=-
ARM_LOG [epoch 74/7000] EBOPs=464791 target=350000 above_floor=379028 feasible=0 degenerate=0 beta=2.24e-07 val_AUC=0.805820 val_accuracy=0.501129 seconds=158.2 checkpoint=-
ARM_LOG [epoch 75/7000] EBOPs=475868 target=350000 above_floor=390105 feasible=0 degenerate=0 beta=2.24e-07 val_AUC=0.832515 val_accuracy=0.527871 seconds=164.5 checkpoint=epoch-0075
ARM_LOG [epoch 76/7000] EBOPs=478075 target=350000 above_floor=392312 feasible=0 degenerate=0 beta=2.33e-07 val_AUC=0.804430 val_accuracy=0.439661 seconds=162.6 checkpoint=-
ARM_LOG [epoch 77/7000] EBOPs=474730 target=350000 above_floor=388967 feasible=0 degenerate=0 beta=2.38e-07 val_AUC=0.794459 val_accuracy=0.490935 seconds=158.1 checkpoint=-
ARM_LOG [epoch 78/7000] EBOPs=479740 target=350000 above_floor=393977 feasible=0 degenerate=0 beta=2.4e-07 val_AUC=0.813787 val_accuracy=0.528000 seconds=165.2 checkpoint=-
ARM_LOG [epoch 79/7000] EBOPs=453942 target=350000 above_floor=368179 feasible=0 degenerate=0 beta=2.46e-07 val_AUC=0.781208 val_accuracy=0.421710 seconds=164.3 checkpoint=-
ARM_LOG [epoch 80/7000] EBOPs=473051 target=350000 above_floor=387288 feasible=0 degenerate=0 beta=2.36e-07 val_AUC=0.804279 val_accuracy=0.512274 seconds=169.3 checkpoint=-
ARM_LOG [epoch 81/7000] EBOPs=469486 target=350000 above_floor=383723 feasible=0 degenerate=0 beta=2.5e-07 val_AUC=0.816210 val_accuracy=0.499032 seconds=161.9 checkpoint=-
ARM_LOG [epoch 82/7000] EBOPs=462938 target=350000 above_floor=377175 feasible=0 degenerate=0 beta=2.52e-07 val_AUC=0.781955 val_accuracy=0.489435 seconds=165.4 checkpoint=-
ARM_LOG [epoch 83/7000] EBOPs=467920 target=350000 above_floor=382157 feasible=0 degenerate=0 beta=2.52e-07 val_AUC=0.777487 val_accuracy=0.468468 seconds=168.5 checkpoint=-
ARM_LOG [epoch 84/7000] EBOPs=466919 target=350000 above_floor=381156 feasible=0 degenerate=0 beta=2.58e-07 val_AUC=0.814287 val_accuracy=0.510403 seconds=173.7 checkpoint=-
ARM_LOG [epoch 85/7000] EBOPs=464308 target=350000 above_floor=378545 feasible=0 degenerate=0 beta=2.61e-07 val_AUC=0.794535 val_accuracy=0.504887 seconds=162.4 checkpoint=-
ARM_LOG [epoch 86/7000] EBOPs=458589 target=350000 above_floor=372826 feasible=0 degenerate=0 beta=2.64e-07 val_AUC=0.782279 val_accuracy=0.442081 seconds=167.3 checkpoint=-
ARM_LOG [epoch 87/7000] EBOPs=463011 target=350000 above_floor=377248 feasible=0 degenerate=0 beta=2.64e-07 val_AUC=0.784918 val_accuracy=0.486661 seconds=167.0 checkpoint=-
ARM_LOG [epoch 88/7000] EBOPs=445720 target=350000 above_floor=359957 feasible=0 degenerate=0 beta=2.7e-07 val_AUC=0.816901 val_accuracy=0.502081 seconds=170.2 checkpoint=-
ARM_LOG wandb: updating run metadata
ARM_LOG wandb: uploading output.log; uploading wandb-summary.json; uploading config.yaml
ARM_LOG wandb: 🚀 View run chang0926-e1-n64-s1 at: https://wandb.ai/kayamaguchi-uc-san-diego/BNJetTag-ChangRecipe/runs/5fd00a94e508
ARM_LOG wandb: ⭐️ View project at: https://wandb.ai/kayamaguchi-uc-san-diego/BNJetTag-ChangRecipe
ARM_LOG wandb: Synced 5 W&B file(s), 0 media file(s), 0 artifact file(s) and 0 other file(s)
ARM_STARTED 57 chang0926-e1-n64-s1 pid 25997 attempt 1
ARM_EXIT chang0926-cprime-n64-s1 143 attempt 2
ARM_LOG   File "/usr/local/lib/python3.12/site-packages/hgq/quantizer/quantizer.py", line 53, in call
ARM_LOG 
ARM_LOG   File "/usr/local/lib/python3.12/site-packages/hgq/quantizer/internal/fixed_point_quantizer.py", line 429, in call
ARM_LOG 
ARM_LOG   File "/usr/local/lib/python3.12/site-packages/hgq/quantizer/internal/fixed_point_quantizer.py", line 147, in call
ARM_LOG 
ARM_LOG   File "/usr/local/lib/python3.12/site-packages/quantizers/fixed_point/_fixed_point_ops.py", line 198, in __call__
ARM_LOG 
ARM_LOG 2 root error(s) found.
ARM_LOG   (0) RESOURCE_EXHAUSTED:  failed to allocate memory
ARM_LOG 	 [[{{node while/chang0926-cprime-n64-s1_1/bit_block_0_attn_softmax_1/bit_block_0_attn_softmax_exp_table_1/bit_block_0_attn_softmax_exp_table_iq_1/sub_2}}]]
ARM_LOG Hint: If you want to see a list of allocated tensors when OOM happens, add report_tensor_allocations_upon_oom to RunOptions for current allocation info. This isn't available when running in Eager mode.
ARM_LOG 
ARM_LOG 	 [[while/body/_1/while/NoOp/_41]]
ARM_LOG Hint: If you want to see a list of allocated tensors when OOM happens, add report_tensor_allocations_upon_oom to RunOptions for current allocation info. This isn't available when running in Eager mode.
ARM_LOG 
ARM_LOG   (1) RESOURCE_EXHAUSTED:  failed to allocate memory
ARM_LOG 	 [[{{node while/chang0926-cprime-n64-s1_1/bit_block_0_attn_softmax_1/bit_block_0_attn_softmax_exp_table_1/bit_block_0_attn_softmax_exp_table_iq_1/sub_2}}]]
ARM_LOG Hint: If you want to see a list of allocated tensors when OOM happens, add report_tensor_allocations_upon_oom to RunOptions for current allocation info. This isn't available when running in Eager mode.
ARM_LOG 
ARM_LOG 0 successful operations.
ARM_LOG 0 derived errors ignored. [Op:__inference_epoch_step_560563]
ARM_LOG ==== ARM_ATTEMPT 2 2026-09-27T21:02:46Z
ARM_LOG RUN_STAGE pilot
ARM_LOG [train] chang0926-cprime-n64-s1 params=12788 resume_epoch=0 initial_ebops=24816782
ARM_LOG wandb: [wandb.login()] Loaded credentials for https://api.wandb.ai from WANDB_API_KEY.
ARM_LOG wandb: Resuming run chang0926-cprime-n64-s1
ARM_LOG wandb: 🚀 View run at https://wandb.ai/kayamaguchi-uc-san-diego/BNJetTag-ChangRecipe/runs/a4d52dc546a0
ARM_LOG [epoch 1/7000] EBOPs=17947790 target=5000000 above_floor=13367392 feasible=0 degenerate=0 beta=1e-07 val_AUC=0.833030 val_accuracy=0.532161 seconds=273.9 checkpoint=-
ARM_LOG [epoch 2/7000] EBOPs=17808464 target=5000000 above_floor=13228066 feasible=0 degenerate=0 beta=1e-07 val_AUC=0.882122 val_accuracy=0.613048 seconds=308.2 checkpoint=-
ARM_LOG [epoch 3/7000] EBOPs=12888831 target=5000000 above_floor=8308433 feasible=0 degenerate=0 beta=1.06e-07 val_AUC=0.891417 val_accuracy=0.646468 seconds=292.3 checkpoint=-
ARM_LOG [epoch 4/7000] EBOPs=12538431 target=5000000 above_floor=7958033 feasible=0 degenerate=0 beta=8.02e-08 val_AUC=0.880199 val_accuracy=0.609258 seconds=282.8 checkpoint=-
ARM_LOG [epoch 5/7000] EBOPs=10471913 target=5000000 above_floor=5891515 feasible=0 degenerate=0 beta=8.17e-08 val_AUC=0.885974 val_accuracy=0.641790 seconds=311.0 checkpoint=-
ARM_LOG [epoch 6/7000] EBOPs=9226635 target=5000000 above_floor=4646237 feasible=0 degenerate=0 beta=7.08e-08 val_AUC=0.900076 val_accuracy=0.674242 seconds=279.5 checkpoint=-
ARM_LOG [epoch 7/7000] EBOPs=8218849 target=5000000 above_floor=3638451 feasible=0 degenerate=0 beta=6.43e-08 val_AUC=0.904065 val_accuracy=0.680129 seconds=293.0 checkpoint=-
ARM_LOG [epoch 8/7000] EBOPs=8018177 target=5000000 above_floor=3437779 feasible=0 degenerate=0 beta=5.88e-08 val_AUC=0.885918 val_accuracy=0.627661 seconds=310.7 checkpoint=-
ARM_LOG [epoch 9/7000] EBOPs=7762108 target=5000000 above_floor=3181710 feasible=0 degenerate=0 beta=5.87e-08 val_AUC=0.887086 val_accuracy=0.618435 seconds=272.2 checkpoint=-
ARM_LOG [epoch 10/7000] EBOPs=7569433 target=5000000 above_floor=2989035 feasible=0 degenerate=0 beta=5.81e-08 val_AUC=0.894918 val_accuracy=0.640484 seconds=299.3 checkpoint=-
ARM_LOG [epoch 11/7000] EBOPs=7215144 target=5000000 above_floor=2634746 feasible=0 degenerate=0 beta=5.78e-08 val_AUC=0.888885 val_accuracy=0.643774 seconds=303.9 checkpoint=-
ARM_LOG [epoch 12/7000] EBOPs=7301096 target=5000000 above_floor=2720698 feasible=0 degenerate=0 beta=5.61e-08 val_AUC=0.900999 val_accuracy=0.670048 seconds=281.8 checkpoint=-
ARM_LOG [epoch 13/7000] EBOPs=7155560 target=5000000 above_floor=2575162 feasible=0 degenerate=0 beta=5.79e-08 val_AUC=0.887900 val_accuracy=0.627177 seconds=307.6 checkpoint=-
ARM_LOG [epoch 14/7000] EBOPs=6993662 target=5000000 above_floor=2413264 feasible=0 degenerate=0 beta=5.78e-08 val_AUC=0.890319 val_accuracy=0.657565 seconds=284.6 checkpoint=-
ARM_LOG [epoch 15/7000] EBOPs=6995683 target=5000000 above_floor=2415285 feasible=0 degenerate=0 beta=5.74e-08 val_AUC=0.892563 val_accuracy=0.650355 seconds=292.6 checkpoint=-
ARM_LOG [epoch 16/7000] EBOPs=7137012 target=5000000 above_floor=2556614 feasible=0 degenerate=0 beta=5.84e-08 val_AUC=0.898441 val_accuracy=0.656032 seconds=311.7 checkpoint=-
ARM_LOG [epoch 17/7000] EBOPs=7089893 target=5000000 above_floor=2509495 feasible=0 degenerate=0 beta=6.07e-08 val_AUC=0.902018 val_accuracy=0.680097 seconds=280.9 checkpoint=-
ARM_LOG [epoch 18/7000] EBOPs=6925873 target=5000000 above_floor=2345475 feasible=0 degenerate=0 beta=6.13e-08 val_AUC=0.902228 val_accuracy=0.676387 seconds=306.4 checkpoint=-
ARM_LOG [epoch 19/7000] EBOPs=7087687 target=5000000 above_floor=2507289 feasible=0 degenerate=0 beta=6.09e-08 val_AUC=0.890118 val_accuracy=0.671935 seconds=303.5 checkpoint=-
ARM_LOG [epoch 20/7000] EBOPs=7050786 target=5000000 above_floor=2470388 feasible=0 degenerate=0 beta=6.34e-08 val_AUC=0.898469 val_accuracy=0.676145 seconds=299.4 checkpoint=-
ARM_LOG [epoch 21/7000] EBOPs=6874606 target=5000000 above_floor=2294208 feasible=0 degenerate=0 beta=6.42e-08 val_AUC=0.898720 val_accuracy=0.676435 seconds=308.6 checkpoint=-
ARM_LOG [epoch 22/7000] EBOPs=6782468 target=5000000 above_floor=2202070 feasible=0 degenerate=0 beta=6.36e-08 val_AUC=0.850355 val_accuracy=0.538452 seconds=294.9 checkpoint=-
ARM_LOG [epoch 23/7000] EBOPs=7013909 target=5000000 above_floor=2433511 feasible=0 degenerate=0 beta=6.37e-08 val_AUC=0.893732 val_accuracy=0.668565 seconds=303.2 checkpoint=-
ARM_LOG [epoch 24/7000] EBOPs=6743531 target=5000000 above_floor=2163133 feasible=0 degenerate=0 beta=6.7e-08 val_AUC=0.890758 val_accuracy=0.655968 seconds=305.7 checkpoint=-
ARM_LOG [epoch 25/7000] EBOPs=6759851 target=5000000 above_floor=2179453 feasible=0 degenerate=0 beta=6.54e-08 val_AUC=0.894803 val_accuracy=0.659581 seconds=296.8 checkpoint=epoch-0025
ARM_LOG [epoch 26/7000] EBOPs=6792597 target=5000000 above_floor=2212199 feasible=0 degenerate=0 beta=6.65e-08 val_AUC=0.896371 val_accuracy=0.667419 seconds=308.1 checkpoint=-
ARM_LOG [epoch 27/7000] EBOPs=6755627 target=5000000 above_floor=2175229 feasible=0 degenerate=0 beta=6.79e-08 val_AUC=0.888827 val_accuracy=0.655371 seconds=294.0 checkpoint=-
ARM_LOG [epoch 28/7000] EBOPs=6941714 target=5000000 above_floor=2361316 feasible=0 degenerate=0 beta=6.85e-08 val_AUC=0.887281 val_accuracy=0.623210 seconds=302.6 checkpoint=-
ARM_LOG [epoch 29/7000] EBOPs=6536131 target=5000000 above_floor=1955733 feasible=0 degenerate=0 beta=7.16e-08 val_AUC=0.844845 val_accuracy=0.525468 seconds=311.3 checkpoint=-
ARM_LOG [epoch 30/7000] EBOPs=6558617 target=5000000 above_floor=1978219 feasible=0 degenerate=0 beta=6.83e-08 val_AUC=0.873862 val_accuracy=0.606839 seconds=305.2 checkpoint=-
ARM_LOG [epoch 31/7000] EBOPs=6751156 target=5000000 above_floor=2170758 feasible=0 degenerate=0 beta=6.95e-08 val_AUC=0.889209 val_accuracy=0.657774 seconds=310.7 checkpoint=-
ARM_LOG [epoch 32/7000] EBOPs=6712180 target=5000000 above_floor=2131782 feasible=0 degenerate=0 beta=7.26e-08 val_AUC=0.884335 val_accuracy=0.652339 seconds=306.3 checkpoint=-
ARM_LOG [epoch 33/7000] EBOPs=6900554 target=5000000 above_floor=2320156 feasible=0 degenerate=0 beta=7.32e-08 val_AUC=0.857292 val_accuracy=0.568097 seconds=301.3 checkpoint=-
ARM_LOG [epoch 34/7000] EBOPs=6439611 target=5000000 above_floor=1859213 feasible=0 degenerate=0 beta=7.65e-08 val_AUC=0.893278 val_accuracy=0.650339 seconds=302.0 checkpoint=-
ARM_LOG [epoch 35/7000] EBOPs=6617831 target=5000000 above_floor=2037433 feasible=0 degenerate=0 beta=7.23e-08 val_AUC=0.892438 val_accuracy=0.663387 seconds=301.1 checkpoint=-
ARM_LOG [epoch 36/7000] EBOPs=6740546 target=5000000 above_floor=2160148 feasible=0 degenerate=0 beta=7.54e-08 val_AUC=0.877344 val_accuracy=0.625452 seconds=307.7 checkpoint=-
ARM_LOG [epoch 37/7000] EBOPs=6818471 target=5000000 above_floor=2238073 feasible=0 degenerate=0 beta=7.79e-08 val_AUC=0.879480 val_accuracy=0.616306 seconds=307.3 checkpoint=-
ARM_LOG [epoch 38/7000] EBOPs=6638126 target=5000000 above_floor=2057728 feasible=0 degenerate=0 beta=8.01e-08 val_AUC=0.891987 val_accuracy=0.660613 seconds=308.5 checkpoint=-
ARM_LOG [epoch 39/7000] EBOPs=6640068 target=5000000 above_floor=2059670 feasible=0 degenerate=0 beta=7.9e-08 val_AUC=0.876102 val_accuracy=0.634871 seconds=307.1 checkpoint=-
ARM_LOG [epoch 40/7000] EBOPs=6842810 target=5000000 above_floor=2262412 feasible=0 degenerate=0 beta=8.02e-08 val_AUC=0.872427 val_accuracy=0.602548 seconds=298.3 checkpoint=-
ARM_LOG [epoch 41/7000] EBOPs=6484427 target=5000000 above_floor=1904029 feasible=0 degenerate=0 beta=8.4e-08 val_AUC=0.879890 val_accuracy=0.634242 seconds=305.8 checkpoint=-
ARM_LOG [epoch 42/7000] EBOPs=6515206 target=5000000 above_floor=1934808 feasible=0 degenerate=0 beta=8.06e-08 val_AUC=0.880227 val_accuracy=0.625145 seconds=289.9 checkpoint=-
ARM_LOG [epoch 43/7000] EBOPs=6531516 target=5000000 above_floor=1951118 feasible=0 degenerate=0 beta=8.21e-08 val_AUC=0.889426 val_accuracy=0.654871 seconds=307.0 checkpoint=-
ARM_LOG [epoch 44/7000] EBOPs=6394253 target=5000000 above_floor=1813855 feasible=0 degenerate=0 beta=8.34e-08 val_AUC=0.888539 val_accuracy=0.658935 seconds=302.6 checkpoint=-
ARM_LOG [epoch 45/7000] EBOPs=6574307 target=5000000 above_floor=1993909 feasible=0 degenerate=0 beta=8.26e-08 val_AUC=0.878030 val_accuracy=0.633581 seconds=303.5 checkpoint=-
ARM_LOG [epoch 46/7000] EBOPs=6785113 target=5000000 above_floor=2204715 feasible=0 degenerate=0 beta=8.61e-08 val_AUC=0.875945 val_accuracy=0.608629 seconds=307.9 checkpoint=-
ARM_LOG [epoch 47/7000] EBOPs=6418622 target=5000000 above_floor=1838224 feasible=0 degenerate=0 beta=9.03e-08 val_AUC=0.888339 val_accuracy=0.627919 seconds=294.2 checkpoint=-
ARM_LOG wandb: updating run metadata
ARM_LOG wandb: uploading output.log; uploading wandb-summary.json; uploading config.yaml
ARM_LOG wandb: 🚀 View run chang0926-cprime-n64-s1 at: https://wandb.ai/kayamaguchi-uc-san-diego/BNJetTag-ChangRecipe/runs/a4d52dc546a0
ARM_LOG wandb: ⭐️ View project at: https://wandb.ai/kayamaguchi-uc-san-diego/BNJetTag-ChangRecipe
ARM_LOG wandb: Synced 5 W&B file(s), 0 media file(s), 0 artifact file(s) and 0 other file(s)
ARM_FAILED_AFTER_RETRIES chang0926-cprime-n64-s1
2026/09/28 01:34:28.837, NVIDIA A10, 100 %, 13085 MiB, 23028 MiB
ARM_STALLED_NO_PROGRESS chang0926-e1-n64-s1 2022 s
ARM_EXIT chang0926-e1-n64-s1 143 attempt 1
ARM_LOG [epoch 16/7000] EBOPs=2411672 target=350000 above_floor=2325909 feasible=0 degenerate=0 beta=1.39e-07 val_AUC=0.860938 val_accuracy=0.591403 seconds=155.4 checkpoint=-
ARM_LOG [epoch 17/7000] EBOPs=2317439 target=350000 above_floor=2231676 feasible=0 degenerate=0 beta=1.51e-07 val_AUC=0.872386 val_accuracy=0.618129 seconds=170.8 checkpoint=-
ARM_LOG [epoch 18/7000] EBOPs=2195966 target=350000 above_floor=2110203 feasible=0 degenerate=0 beta=1.59e-07 val_AUC=0.854070 val_accuracy=0.580887 seconds=176.0 checkpoint=-
ARM_LOG [epoch 19/7000] EBOPs=2019558 target=350000 above_floor=1933795 feasible=0 degenerate=0 beta=1.65e-07 val_AUC=0.861641 val_accuracy=0.579790 seconds=178.9 checkpoint=-
ARM_LOG [epoch 20/7000] EBOPs=1959788 target=350000 above_floor=1874025 feasible=0 degenerate=0 beta=1.66e-07 val_AUC=0.868385 val_accuracy=0.621839 seconds=163.7 checkpoint=-
ARM_LOG [epoch 21/7000] EBOPs=1825246 target=350000 above_floor=1739483 feasible=0 degenerate=0 beta=1.76e-07 val_AUC=0.859602 val_accuracy=0.569290 seconds=157.4 checkpoint=-
ARM_LOG [epoch 22/7000] EBOPs=1771974 target=350000 above_floor=1686211 feasible=0 degenerate=0 beta=1.78e-07 val_AUC=0.864511 val_accuracy=0.604871 seconds=173.6 checkpoint=-
ARM_LOG [epoch 23/7000] EBOPs=1622382 target=350000 above_floor=1536619 feasible=0 degenerate=0 beta=1.87e-07 val_AUC=0.841034 val_accuracy=0.571468 seconds=171.2 checkpoint=-
ARM_LOG [epoch 24/7000] EBOPs=1530169 target=350000 above_floor=1444406 feasible=0 degenerate=0 beta=1.85e-07 val_AUC=0.859529 val_accuracy=0.593516 seconds=174.9 checkpoint=-
ARM_LOG [epoch 25/7000] EBOPs=1370163 target=350000 above_floor=1284400 feasible=0 degenerate=0 beta=1.88e-07 val_AUC=0.847121 val_accuracy=0.536161 seconds=156.9 checkpoint=epoch-0025
ARM_LOG [epoch 26/7000] EBOPs=1296636 target=350000 above_floor=1210873 feasible=0 degenerate=0 beta=1.8e-07 val_AUC=0.848278 val_accuracy=0.551000 seconds=159.8 checkpoint=-
ARM_LOG [epoch 27/7000] EBOPs=1290002 target=350000 above_floor=1204239 feasible=0 degenerate=0 beta=1.82e-07 val_AUC=0.847036 val_accuracy=0.550968 seconds=173.5 checkpoint=-
ARM_LOG [epoch 28/7000] EBOPs=1139947 target=350000 above_floor=1054184 feasible=0 degenerate=0 beta=1.93e-07 val_AUC=0.859980 val_accuracy=0.577371 seconds=171.3 checkpoint=-
ARM_LOG [epoch 29/7000] EBOPs=1058718 target=350000 above_floor=972955 feasible=0 degenerate=0 beta=1.81e-07 val_AUC=0.852863 val_accuracy=0.577629 seconds=173.4 checkpoint=-
ARM_LOG [epoch 30/7000] EBOPs=963493 target=350000 above_floor=877730 feasible=0 degenerate=0 beta=1.78e-07 val_AUC=0.859218 val_accuracy=0.599000 seconds=153.3 checkpoint=-
ARM_LOG [epoch 31/7000] EBOPs=923707 target=350000 above_floor=837944 feasible=0 degenerate=0 beta=1.7e-07 val_AUC=0.867238 val_accuracy=0.591581 seconds=169.3 checkpoint=-
ARM_LOG [epoch 32/7000] EBOPs=919512 target=350000 above_floor=833749 feasible=0 degenerate=0 beta=1.71e-07 val_AUC=0.847422 val_accuracy=0.576097 seconds=173.0 checkpoint=-
ARM_LOG [epoch 33/7000] EBOPs=828409 target=350000 above_floor=742646 feasible=0 degenerate=0 beta=1.79e-07 val_AUC=0.856701 val_accuracy=0.586484 seconds=170.5 checkpoint=-
ARM_LOG [epoch 34/7000] EBOPs=814084 target=350000 above_floor=728321 feasible=0 degenerate=0 beta=1.68e-07 val_AUC=0.844406 val_accuracy=0.555565 seconds=167.5 checkpoint=-
ARM_LOG [epoch 35/7000] EBOPs=757052 target=350000 above_floor=671289 feasible=0 degenerate=0 beta=1.72e-07 val_AUC=0.830754 val_accuracy=0.563290 seconds=156.4 checkpoint=-
ARM_LOG [epoch 36/7000] EBOPs=731657 target=350000 above_floor=645894 feasible=0 degenerate=0 beta=1.67e-07 val_AUC=0.847372 val_accuracy=0.562790 seconds=175.3 checkpoint=-
ARM_LOG [epoch 37/7000] EBOPs=679698 target=350000 above_floor=593935 feasible=0 degenerate=0 beta=1.67e-07 val_AUC=0.834589 val_accuracy=0.511161 seconds=171.6 checkpoint=-
ARM_LOG [epoch 38/7000] EBOPs=627938 target=350000 above_floor=542175 feasible=0 degenerate=0 beta=1.6e-07 val_AUC=0.824944 val_accuracy=0.519274 seconds=167.6 checkpoint=-
ARM_LOG [epoch 39/7000] EBOPs=613095 target=350000 above_floor=527332 feasible=0 degenerate=0 beta=1.53e-07 val_AUC=0.826823 val_accuracy=0.549516 seconds=167.1 checkpoint=-
ARM_LOG [epoch 40/7000] EBOPs=567857 target=350000 above_floor=482094 feasible=0 degenerate=0 beta=1.53e-07 val_AUC=0.842582 val_accuracy=0.568581 seconds=168.1 checkpoint=-
ARM_LOG [epoch 41/7000] EBOPs=573445 target=350000 above_floor=487682 feasible=0 degenerate=0 beta=1.45e-07 val_AUC=0.815251 val_accuracy=0.454774 seconds=166.1 checkpoint=-
ARM_LOG [epoch 42/7000] EBOPs=556410 target=350000 above_floor=470647 feasible=0 degenerate=0 beta=1.51e-07 val_AUC=0.800318 val_accuracy=0.487710 seconds=171.8 checkpoint=-
ARM_LOG [epoch 43/7000] EBOPs=548559 target=350000 above_floor=462796 feasible=0 degenerate=0 beta=1.49e-07 val_AUC=0.811918 val_accuracy=0.511597 seconds=157.8 checkpoint=-
ARM_LOG [epoch 44/7000] EBOPs=536298 target=350000 above_floor=450535 feasible=0 degenerate=0 beta=1.51e-07 val_AUC=0.810476 val_accuracy=0.516645 seconds=166.1 checkpoint=-
ARM_LOG [epoch 45/7000] EBOPs=529355 target=350000 above_floor=443592 feasible=0 degenerate=0 beta=1.51e-07 val_AUC=0.810394 val_accuracy=0.461452 seconds=169.7 checkpoint=-
ARM_LOG [epoch 46/7000] EBOPs=526700 target=350000 above_floor=440937 feasible=0 degenerate=0 beta=1.52e-07 val_AUC=0.827292 val_accuracy=0.544758 seconds=166.4 checkpoint=-
ARM_LOG [epoch 47/7000] EBOPs=523658 target=350000 above_floor=437895 feasible=0 degenerate=0 beta=1.54e-07 val_AUC=0.831156 val_accuracy=0.546000 seconds=173.8 checkpoint=-
ARM_LOG [epoch 48/7000] EBOPs=523198 target=350000 above_floor=437435 feasible=0 degenerate=0 beta=1.56e-07 val_AUC=0.824030 val_accuracy=0.535871 seconds=159.8 checkpoint=-
ARM_LOG [epoch 49/7000] EBOPs=514892 target=350000 above_floor=429129 feasible=0 degenerate=0 beta=1.59e-07 val_AUC=0.836911 val_accuracy=0.544113 seconds=171.2 checkpoint=-
ARM_LOG [epoch 50/7000] EBOPs=540254 target=350000 above_floor=454491 feasible=0 degenerate=0 beta=1.6e-07 val_AUC=0.811169 val_accuracy=0.497726 seconds=167.6 checkpoint=epoch-0050
ARM_LOG [epoch 51/7000] EBOPs=524642 target=350000 above_floor=438879 feasible=0 degenerate=0 beta=1.71e-07 val_AUC=0.832600 val_accuracy=0.507452 seconds=168.5 checkpoint=-
ARM_LOG [epoch 52/7000] EBOPs=521089 target=350000 above_floor=435326 feasible=0 degenerate=0 beta=1.7e-07 val_AUC=0.817382 val_accuracy=0.529452 seconds=167.1 checkpoint=-
ARM_LOG [epoch 53/7000] EBOPs=519788 target=350000 above_floor=434025 feasible=0 degenerate=0 beta=1.72e-07 val_AUC=0.824015 val_accuracy=0.514661 seconds=164.5 checkpoint=-
ARM_LOG [epoch 54/7000] EBOPs=521246 target=350000 above_floor=435483 feasible=0 degenerate=0 beta=1.75e-07 val_AUC=0.817791 val_accuracy=0.476290 seconds=169.5 checkpoint=-
ARM_LOG [epoch 55/7000] EBOPs=506585 target=350000 above_floor=420822 feasible=0 degenerate=0 beta=1.79e-07 val_AUC=0.803530 val_accuracy=0.463742 seconds=165.5 checkpoint=-
ARM_LOG [epoch 56/7000] EBOPs=499852 target=350000 above_floor=414089 feasible=0 degenerate=0 beta=1.77e-07 val_AUC=0.827502 val_accuracy=0.530129 seconds=169.7 checkpoint=-
ARM_LOG [epoch 57/7000] EBOPs=509943 target=350000 above_floor=424180 feasible=0 degenerate=0 beta=1.78e-07 val_AUC=0.812330 val_accuracy=0.498306 seconds=157.6 checkpoint=-
ARM_LOG [epoch 58/7000] EBOPs=500206 target=350000 above_floor=414443 feasible=0 degenerate=0 beta=1.85e-07 val_AUC=0.804267 val_accuracy=0.507081 seconds=167.8 checkpoint=-
ARM_LOG [epoch 59/7000] EBOPs=501886 target=350000 above_floor=416123 feasible=0 degenerate=0 beta=1.85e-07 val_AUC=0.802582 val_accuracy=0.514113 seconds=164.9 checkpoint=-
ARM_LOG [epoch 60/7000] EBOPs=508715 target=350000 above_floor=422952 feasible=0 degenerate=0 beta=1.89e-07 val_AUC=0.782254 val_accuracy=0.490613 seconds=165.1 checkpoint=-
ARM_LOG [epoch 61/7000] EBOPs=499740 target=350000 above_floor=413977 feasible=0 degenerate=0 beta=1.95e-07 val_AUC=0.790157 val_accuracy=0.493468 seconds=157.2 checkpoint=-
ARM_LOG [epoch 62/7000] EBOPs=507907 target=350000 above_floor=422144 feasible=0 degenerate=0 beta=1.95e-07 val_AUC=0.805144 val_accuracy=0.505823 seconds=164.4 checkpoint=-
ARM_LOG [epoch 63/7000] EBOPs=489943 target=350000 above_floor=404180 feasible=0 degenerate=0 beta=2.02e-07 val_AUC=0.823347 val_accuracy=0.527161 seconds=160.4 checkpoint=-
ARM_LOG [epoch 64/7000] EBOPs=494556 target=350000 above_floor=408793 feasible=0 degenerate=0 beta=1.98e-07 val_AUC=0.796904 val_accuracy=0.518435 seconds=164.9 checkpoint=-
ARM_LOG [epoch 65/7000] EBOPs=491039 target=350000 above_floor=405276 feasible=0 degenerate=0 beta=2.03e-07 val_AUC=0.823533 val_accuracy=0.495774 seconds=162.0 checkpoint=-
ARM_LOG [epoch 66/7000] EBOPs=482350 target=350000 above_floor=396587 feasible=0 degenerate=0 beta=2.05e-07 val_AUC=0.817387 val_accuracy=0.518371 seconds=159.2 checkpoint=-
ARM_LOG [epoch 67/7000] EBOPs=475128 target=350000 above_floor=389365 feasible=0 degenerate=0 beta=2.05e-07 val_AUC=0.792639 val_accuracy=0.496468 seconds=168.8 checkpoint=-
ARM_LOG [epoch 68/7000] EBOPs=480794 target=350000 above_floor=395031 feasible=0 degenerate=0 beta=2.05e-07 val_AUC=0.797077 val_accuracy=0.473742 seconds=155.7 checkpoint=-
ARM_LOG [epoch 69/7000] EBOPs=497246 target=350000 above_floor=411483 feasible=0 degenerate=0 beta=2.11e-07 val_AUC=0.826916 val_accuracy=0.524081 seconds=166.4 checkpoint=-
ARM_LOG [epoch 70/7000] EBOPs=486947 target=350000 above_floor=401184 feasible=0 degenerate=0 beta=2.22e-07 val_AUC=0.773337 val_accuracy=0.460984 seconds=160.8 checkpoint=-
ARM_LOG [epoch 71/7000] EBOPs=501639 target=350000 above_floor=415876 feasible=0 degenerate=0 beta=2.21e-07 val_AUC=0.735387 val_accuracy=0.346081 seconds=167.8 checkpoint=-
ARM_LOG [epoch 72/7000] EBOPs=471438 target=350000 above_floor=385675 feasible=0 degenerate=0 beta=2.32e-07 val_AUC=0.806250 val_accuracy=0.498903 seconds=159.4 checkpoint=-
ARM_LOG [epoch 73/7000] EBOPs=470089 target=350000 above_floor=384326 feasible=0 degenerate=0 beta=2.21e-07 val_AUC=0.796611 val_accuracy=0.488210 seconds=162.5 checkpoint=-
ARM_LOG [epoch 74/7000] EBOPs=464791 target=350000 above_floor=379028 feasible=0 degenerate=0 beta=2.24e-07 val_AUC=0.805820 val_accuracy=0.501129 seconds=158.2 checkpoint=-
ARM_LOG [epoch 75/7000] EBOPs=475868 target=350000 above_floor=390105 feasible=0 degenerate=0 beta=2.24e-07 val_AUC=0.832515 val_accuracy=0.527871 seconds=164.5 checkpoint=epoch-0075
ARM_LOG [epoch 76/7000] EBOPs=478075 target=350000 above_floor=392312 feasible=0 degenerate=0 beta=2.33e-07 val_AUC=0.804430 val_accuracy=0.439661 seconds=162.6 checkpoint=-
ARM_LOG [epoch 77/7000] EBOPs=474730 target=350000 above_floor=388967 feasible=0 degenerate=0 beta=2.38e-07 val_AUC=0.794459 val_accuracy=0.490935 seconds=158.1 checkpoint=-
ARM_LOG [epoch 78/7000] EBOPs=479740 target=350000 above_floor=393977 feasible=0 degenerate=0 beta=2.4e-07 val_AUC=0.813787 val_accuracy=0.528000 seconds=165.2 checkpoint=-
ARM_LOG [epoch 79/7000] EBOPs=453942 target=350000 above_floor=368179 feasible=0 degenerate=0 beta=2.46e-07 val_AUC=0.781208 val_accuracy=0.421710 seconds=164.3 checkpoint=-
ARM_LOG [epoch 80/7000] EBOPs=473051 target=350000 above_floor=387288 feasible=0 degenerate=0 beta=2.36e-07 val_AUC=0.804279 val_accuracy=0.512274 seconds=169.3 checkpoint=-
ARM_LOG [epoch 81/7000] EBOPs=469486 target=350000 above_floor=383723 feasible=0 degenerate=0 beta=2.5e-07 val_AUC=0.816210 val_accuracy=0.499032 seconds=161.9 checkpoint=-
ARM_LOG [epoch 82/7000] EBOPs=462938 target=350000 above_floor=377175 feasible=0 degenerate=0 beta=2.52e-07 val_AUC=0.781955 val_accuracy=0.489435 seconds=165.4 checkpoint=-
ARM_LOG [epoch 83/7000] EBOPs=467920 target=350000 above_floor=382157 feasible=0 degenerate=0 beta=2.52e-07 val_AUC=0.777487 val_accuracy=0.468468 seconds=168.5 checkpoint=-
ARM_LOG [epoch 84/7000] EBOPs=466919 target=350000 above_floor=381156 feasible=0 degenerate=0 beta=2.58e-07 val_AUC=0.814287 val_accuracy=0.510403 seconds=173.7 checkpoint=-
ARM_LOG [epoch 85/7000] EBOPs=464308 target=350000 above_floor=378545 feasible=0 degenerate=0 beta=2.61e-07 val_AUC=0.794535 val_accuracy=0.504887 seconds=162.4 checkpoint=-
ARM_LOG [epoch 86/7000] EBOPs=458589 target=350000 above_floor=372826 feasible=0 degenerate=0 beta=2.64e-07 val_AUC=0.782279 val_accuracy=0.442081 seconds=167.3 checkpoint=-
ARM_LOG [epoch 87/7000] EBOPs=463011 target=350000 above_floor=377248 feasible=0 degenerate=0 beta=2.64e-07 val_AUC=0.784918 val_accuracy=0.486661 seconds=167.0 checkpoint=-
ARM_LOG [epoch 88/7000] EBOPs=445720 target=350000 above_floor=359957 feasible=0 degenerate=0 beta=2.7e-07 val_AUC=0.816901 val_accuracy=0.502081 seconds=170.2 checkpoint=-
ARM_LOG wandb: updating run metadata
ARM_LOG wandb: uploading output.log; uploading wandb-summary.json; uploading config.yaml
ARM_LOG wandb: 🚀 View run chang0926-e1-n64-s1 at: https://wandb.ai/kayamaguchi-uc-san-diego/BNJetTag-ChangRecipe/runs/5fd00a94e508
ARM_LOG wandb: ⭐️ View project at: https://wandb.ai/kayamaguchi-uc-san-diego/BNJetTag-ChangRecipe
ARM_LOG wandb: Synced 5 W&B file(s), 0 media file(s), 0 artifact file(s) and 0 other file(s)
ARM_LOG ==== ARM_ATTEMPT 1 2026-09-28T01:34:28Z
ARM_LOG RUN_STAGE pilot
ARM_STARTED 57 chang0926-e1-n64-s1 pid 26020 attempt 2
ARM_STALLED_NO_PROGRESS chang0926-e1-n64-s1 2063 s
ARM_EXIT chang0926-e1-n64-s1 -15 attempt 2
ARM_LOG [epoch 17/7000] EBOPs=2317439 target=350000 above_floor=2231676 feasible=0 degenerate=0 beta=1.51e-07 val_AUC=0.872386 val_accuracy=0.618129 seconds=170.8 checkpoint=-
ARM_LOG [epoch 18/7000] EBOPs=2195966 target=350000 above_floor=2110203 feasible=0 degenerate=0 beta=1.59e-07 val_AUC=0.854070 val_accuracy=0.580887 seconds=176.0 checkpoint=-
ARM_LOG [epoch 19/7000] EBOPs=2019558 target=350000 above_floor=1933795 feasible=0 degenerate=0 beta=1.65e-07 val_AUC=0.861641 val_accuracy=0.579790 seconds=178.9 checkpoint=-
ARM_LOG [epoch 20/7000] EBOPs=1959788 target=350000 above_floor=1874025 feasible=0 degenerate=0 beta=1.66e-07 val_AUC=0.868385 val_accuracy=0.621839 seconds=163.7 checkpoint=-
ARM_LOG [epoch 21/7000] EBOPs=1825246 target=350000 above_floor=1739483 feasible=0 degenerate=0 beta=1.76e-07 val_AUC=0.859602 val_accuracy=0.569290 seconds=157.4 checkpoint=-
ARM_LOG [epoch 22/7000] EBOPs=1771974 target=350000 above_floor=1686211 feasible=0 degenerate=0 beta=1.78e-07 val_AUC=0.864511 val_accuracy=0.604871 seconds=173.6 checkpoint=-
ARM_LOG [epoch 23/7000] EBOPs=1622382 target=350000 above_floor=1536619 feasible=0 degenerate=0 beta=1.87e-07 val_AUC=0.841034 val_accuracy=0.571468 seconds=171.2 checkpoint=-
ARM_LOG [epoch 24/7000] EBOPs=1530169 target=350000 above_floor=1444406 feasible=0 degenerate=0 beta=1.85e-07 val_AUC=0.859529 val_accuracy=0.593516 seconds=174.9 checkpoint=-
ARM_LOG [epoch 25/7000] EBOPs=1370163 target=350000 above_floor=1284400 feasible=0 degenerate=0 beta=1.88e-07 val_AUC=0.847121 val_accuracy=0.536161 seconds=156.9 checkpoint=epoch-0025
ARM_LOG [epoch 26/7000] EBOPs=1296636 target=350000 above_floor=1210873 feasible=0 degenerate=0 beta=1.8e-07 val_AUC=0.848278 val_accuracy=0.551000 seconds=159.8 checkpoint=-
ARM_LOG [epoch 27/7000] EBOPs=1290002 target=350000 above_floor=1204239 feasible=0 degenerate=0 beta=1.82e-07 val_AUC=0.847036 val_accuracy=0.550968 seconds=173.5 checkpoint=-
ARM_LOG [epoch 28/7000] EBOPs=1139947 target=350000 above_floor=1054184 feasible=0 degenerate=0 beta=1.93e-07 val_AUC=0.859980 val_accuracy=0.577371 seconds=171.3 checkpoint=-
ARM_LOG [epoch 29/7000] EBOPs=1058718 target=350000 above_floor=972955 feasible=0 degenerate=0 beta=1.81e-07 val_AUC=0.852863 val_accuracy=0.577629 seconds=173.4 checkpoint=-
ARM_LOG [epoch 30/7000] EBOPs=963493 target=350000 above_floor=877730 feasible=0 degenerate=0 beta=1.78e-07 val_AUC=0.859218 val_accuracy=0.599000 seconds=153.3 checkpoint=-
ARM_LOG [epoch 31/7000] EBOPs=923707 target=350000 above_floor=837944 feasible=0 degenerate=0 beta=1.7e-07 val_AUC=0.867238 val_accuracy=0.591581 seconds=169.3 checkpoint=-
ARM_LOG [epoch 32/7000] EBOPs=919512 target=350000 above_floor=833749 feasible=0 degenerate=0 beta=1.71e-07 val_AUC=0.847422 val_accuracy=0.576097 seconds=173.0 checkpoint=-
ARM_LOG [epoch 33/7000] EBOPs=828409 target=350000 above_floor=742646 feasible=0 degenerate=0 beta=1.79e-07 val_AUC=0.856701 val_accuracy=0.586484 seconds=170.5 checkpoint=-
ARM_LOG [epoch 34/7000] EBOPs=814084 target=350000 above_floor=728321 feasible=0 degenerate=0 beta=1.68e-07 val_AUC=0.844406 val_accuracy=0.555565 seconds=167.5 checkpoint=-
ARM_LOG [epoch 35/7000] EBOPs=757052 target=350000 above_floor=671289 feasible=0 degenerate=0 beta=1.72e-07 val_AUC=0.830754 val_accuracy=0.563290 seconds=156.4 checkpoint=-
ARM_LOG [epoch 36/7000] EBOPs=731657 target=350000 above_floor=645894 feasible=0 degenerate=0 beta=1.67e-07 val_AUC=0.847372 val_accuracy=0.562790 seconds=175.3 checkpoint=-
ARM_LOG [epoch 37/7000] EBOPs=679698 target=350000 above_floor=593935 feasible=0 degenerate=0 beta=1.67e-07 val_AUC=0.834589 val_accuracy=0.511161 seconds=171.6 checkpoint=-
ARM_LOG [epoch 38/7000] EBOPs=627938 target=350000 above_floor=542175 feasible=0 degenerate=0 beta=1.6e-07 val_AUC=0.824944 val_accuracy=0.519274 seconds=167.6 checkpoint=-
ARM_LOG [epoch 39/7000] EBOPs=613095 target=350000 above_floor=527332 feasible=0 degenerate=0 beta=1.53e-07 val_AUC=0.826823 val_accuracy=0.549516 seconds=167.1 checkpoint=-
ARM_LOG [epoch 40/7000] EBOPs=567857 target=350000 above_floor=482094 feasible=0 degenerate=0 beta=1.53e-07 val_AUC=0.842582 val_accuracy=0.568581 seconds=168.1 checkpoint=-
ARM_LOG [epoch 41/7000] EBOPs=573445 target=350000 above_floor=487682 feasible=0 degenerate=0 beta=1.45e-07 val_AUC=0.815251 val_accuracy=0.454774 seconds=166.1 checkpoint=-
ARM_LOG [epoch 42/7000] EBOPs=556410 target=350000 above_floor=470647 feasible=0 degenerate=0 beta=1.51e-07 val_AUC=0.800318 val_accuracy=0.487710 seconds=171.8 checkpoint=-
ARM_LOG [epoch 43/7000] EBOPs=548559 target=350000 above_floor=462796 feasible=0 degenerate=0 beta=1.49e-07 val_AUC=0.811918 val_accuracy=0.511597 seconds=157.8 checkpoint=-
ARM_LOG [epoch 44/7000] EBOPs=536298 target=350000 above_floor=450535 feasible=0 degenerate=0 beta=1.51e-07 val_AUC=0.810476 val_accuracy=0.516645 seconds=166.1 checkpoint=-
ARM_LOG [epoch 45/7000] EBOPs=529355 target=350000 above_floor=443592 feasible=0 degenerate=0 beta=1.51e-07 val_AUC=0.810394 val_accuracy=0.461452 seconds=169.7 checkpoint=-
ARM_LOG [epoch 46/7000] EBOPs=526700 target=350000 above_floor=440937 feasible=0 degenerate=0 beta=1.52e-07 val_AUC=0.827292 val_accuracy=0.544758 seconds=166.4 checkpoint=-
ARM_LOG [epoch 47/7000] EBOPs=523658 target=350000 above_floor=437895 feasible=0 degenerate=0 beta=1.54e-07 val_AUC=0.831156 val_accuracy=0.546000 seconds=173.8 checkpoint=-
ARM_LOG [epoch 48/7000] EBOPs=523198 target=350000 above_floor=437435 feasible=0 degenerate=0 beta=1.56e-07 val_AUC=0.824030 val_accuracy=0.535871 seconds=159.8 checkpoint=-
ARM_LOG [epoch 49/7000] EBOPs=514892 target=350000 above_floor=429129 feasible=0 degenerate=0 beta=1.59e-07 val_AUC=0.836911 val_accuracy=0.544113 seconds=171.2 checkpoint=-
ARM_LOG [epoch 50/7000] EBOPs=540254 target=350000 above_floor=454491 feasible=0 degenerate=0 beta=1.6e-07 val_AUC=0.811169 val_accuracy=0.497726 seconds=167.6 checkpoint=epoch-0050
ARM_LOG [epoch 51/7000] EBOPs=524642 target=350000 above_floor=438879 feasible=0 degenerate=0 beta=1.71e-07 val_AUC=0.832600 val_accuracy=0.507452 seconds=168.5 checkpoint=-
ARM_LOG [epoch 52/7000] EBOPs=521089 target=350000 above_floor=435326 feasible=0 degenerate=0 beta=1.7e-07 val_AUC=0.817382 val_accuracy=0.529452 seconds=167.1 checkpoint=-
ARM_LOG [epoch 53/7000] EBOPs=519788 target=350000 above_floor=434025 feasible=0 degenerate=0 beta=1.72e-07 val_AUC=0.824015 val_accuracy=0.514661 seconds=164.5 checkpoint=-
ARM_LOG [epoch 54/7000] EBOPs=521246 target=350000 above_floor=435483 feasible=0 degenerate=0 beta=1.75e-07 val_AUC=0.817791 val_accuracy=0.476290 seconds=169.5 checkpoint=-
ARM_LOG [epoch 55/7000] EBOPs=506585 target=350000 above_floor=420822 feasible=0 degenerate=0 beta=1.79e-07 val_AUC=0.803530 val_accuracy=0.463742 seconds=165.5 checkpoint=-
ARM_LOG [epoch 56/7000] EBOPs=499852 target=350000 above_floor=414089 feasible=0 degenerate=0 beta=1.77e-07 val_AUC=0.827502 val_accuracy=0.530129 seconds=169.7 checkpoint=-
ARM_LOG [epoch 57/7000] EBOPs=509943 target=350000 above_floor=424180 feasible=0 degenerate=0 beta=1.78e-07 val_AUC=0.812330 val_accuracy=0.498306 seconds=157.6 checkpoint=-
ARM_LOG [epoch 58/7000] EBOPs=500206 target=350000 above_floor=414443 feasible=0 degenerate=0 beta=1.85e-07 val_AUC=0.804267 val_accuracy=0.507081 seconds=167.8 checkpoint=-
ARM_LOG [epoch 59/7000] EBOPs=501886 target=350000 above_floor=416123 feasible=0 degenerate=0 beta=1.85e-07 val_AUC=0.802582 val_accuracy=0.514113 seconds=164.9 checkpoint=-
ARM_LOG [epoch 60/7000] EBOPs=508715 target=350000 above_floor=422952 feasible=0 degenerate=0 beta=1.89e-07 val_AUC=0.782254 val_accuracy=0.490613 seconds=165.1 checkpoint=-
ARM_LOG [epoch 61/7000] EBOPs=499740 target=350000 above_floor=413977 feasible=0 degenerate=0 beta=1.95e-07 val_AUC=0.790157 val_accuracy=0.493468 seconds=157.2 checkpoint=-
ARM_LOG [epoch 62/7000] EBOPs=507907 target=350000 above_floor=422144 feasible=0 degenerate=0 beta=1.95e-07 val_AUC=0.805144 val_accuracy=0.505823 seconds=164.4 checkpoint=-
ARM_LOG [epoch 63/7000] EBOPs=489943 target=350000 above_floor=404180 feasible=0 degenerate=0 beta=2.02e-07 val_AUC=0.823347 val_accuracy=0.527161 seconds=160.4 checkpoint=-
ARM_LOG [epoch 64/7000] EBOPs=494556 target=350000 above_floor=408793 feasible=0 degenerate=0 beta=1.98e-07 val_AUC=0.796904 val_accuracy=0.518435 seconds=164.9 checkpoint=-
ARM_LOG [epoch 65/7000] EBOPs=491039 target=350000 above_floor=405276 feasible=0 degenerate=0 beta=2.03e-07 val_AUC=0.823533 val_accuracy=0.495774 seconds=162.0 checkpoint=-
ARM_LOG [epoch 66/7000] EBOPs=482350 target=350000 above_floor=396587 feasible=0 degenerate=0 beta=2.05e-07 val_AUC=0.817387 val_accuracy=0.518371 seconds=159.2 checkpoint=-
ARM_LOG [epoch 67/7000] EBOPs=475128 target=350000 above_floor=389365 feasible=0 degenerate=0 beta=2.05e-07 val_AUC=0.792639 val_accuracy=0.496468 seconds=168.8 checkpoint=-
ARM_LOG [epoch 68/7000] EBOPs=480794 target=350000 above_floor=395031 feasible=0 degenerate=0 beta=2.05e-07 val_AUC=0.797077 val_accuracy=0.473742 seconds=155.7 checkpoint=-
ARM_LOG [epoch 69/7000] EBOPs=497246 target=350000 above_floor=411483 feasible=0 degenerate=0 beta=2.11e-07 val_AUC=0.826916 val_accuracy=0.524081 seconds=166.4 checkpoint=-
ARM_LOG [epoch 70/7000] EBOPs=486947 target=350000 above_floor=401184 feasible=0 degenerate=0 beta=2.22e-07 val_AUC=0.773337 val_accuracy=0.460984 seconds=160.8 checkpoint=-
ARM_LOG [epoch 71/7000] EBOPs=501639 target=350000 above_floor=415876 feasible=0 degenerate=0 beta=2.21e-07 val_AUC=0.735387 val_accuracy=0.346081 seconds=167.8 checkpoint=-
ARM_LOG [epoch 72/7000] EBOPs=471438 target=350000 above_floor=385675 feasible=0 degenerate=0 beta=2.32e-07 val_AUC=0.806250 val_accuracy=0.498903 seconds=159.4 checkpoint=-
ARM_LOG [epoch 73/7000] EBOPs=470089 target=350000 above_floor=384326 feasible=0 degenerate=0 beta=2.21e-07 val_AUC=0.796611 val_accuracy=0.488210 seconds=162.5 checkpoint=-
ARM_LOG [epoch 74/7000] EBOPs=464791 target=350000 above_floor=379028 feasible=0 degenerate=0 beta=2.24e-07 val_AUC=0.805820 val_accuracy=0.501129 seconds=158.2 checkpoint=-
ARM_LOG [epoch 75/7000] EBOPs=475868 target=350000 above_floor=390105 feasible=0 degenerate=0 beta=2.24e-07 val_AUC=0.832515 val_accuracy=0.527871 seconds=164.5 checkpoint=epoch-0075
ARM_LOG [epoch 76/7000] EBOPs=478075 target=350000 above_floor=392312 feasible=0 degenerate=0 beta=2.33e-07 val_AUC=0.804430 val_accuracy=0.439661 seconds=162.6 checkpoint=-
ARM_LOG [epoch 77/7000] EBOPs=474730 target=350000 above_floor=388967 feasible=0 degenerate=0 beta=2.38e-07 val_AUC=0.794459 val_accuracy=0.490935 seconds=158.1 checkpoint=-
ARM_LOG [epoch 78/7000] EBOPs=479740 target=350000 above_floor=393977 feasible=0 degenerate=0 beta=2.4e-07 val_AUC=0.813787 val_accuracy=0.528000 seconds=165.2 checkpoint=-
ARM_LOG [epoch 79/7000] EBOPs=453942 target=350000 above_floor=368179 feasible=0 degenerate=0 beta=2.46e-07 val_AUC=0.781208 val_accuracy=0.421710 seconds=164.3 checkpoint=-
ARM_LOG [epoch 80/7000] EBOPs=473051 target=350000 above_floor=387288 feasible=0 degenerate=0 beta=2.36e-07 val_AUC=0.804279 val_accuracy=0.512274 seconds=169.3 checkpoint=-
ARM_LOG [epoch 81/7000] EBOPs=469486 target=350000 above_floor=383723 feasible=0 degenerate=0 beta=2.5e-07 val_AUC=0.816210 val_accuracy=0.499032 seconds=161.9 checkpoint=-
ARM_LOG [epoch 82/7000] EBOPs=462938 target=350000 above_floor=377175 feasible=0 degenerate=0 beta=2.52e-07 val_AUC=0.781955 val_accuracy=0.489435 seconds=165.4 checkpoint=-
ARM_LOG [epoch 83/7000] EBOPs=467920 target=350000 above_floor=382157 feasible=0 degenerate=0 beta=2.52e-07 val_AUC=0.777487 val_accuracy=0.468468 seconds=168.5 checkpoint=-
ARM_LOG [epoch 84/7000] EBOPs=466919 target=350000 above_floor=381156 feasible=0 degenerate=0 beta=2.58e-07 val_AUC=0.814287 val_accuracy=0.510403 seconds=173.7 checkpoint=-
ARM_LOG [epoch 85/7000] EBOPs=464308 target=350000 above_floor=378545 feasible=0 degenerate=0 beta=2.61e-07 val_AUC=0.794535 val_accuracy=0.504887 seconds=162.4 checkpoint=-
ARM_LOG [epoch 86/7000] EBOPs=458589 target=350000 above_floor=372826 feasible=0 degenerate=0 beta=2.64e-07 val_AUC=0.782279 val_accuracy=0.442081 seconds=167.3 checkpoint=-
ARM_LOG [epoch 87/7000] EBOPs=463011 target=350000 above_floor=377248 feasible=0 degenerate=0 beta=2.64e-07 val_AUC=0.784918 val_accuracy=0.486661 seconds=167.0 checkpoint=-
ARM_LOG [epoch 88/7000] EBOPs=445720 target=350000 above_floor=359957 feasible=0 degenerate=0 beta=2.7e-07 val_AUC=0.816901 val_accuracy=0.502081 seconds=170.2 checkpoint=-
ARM_LOG wandb: updating run metadata
ARM_LOG wandb: uploading output.log; uploading wandb-summary.json; uploading config.yaml
ARM_LOG wandb: 🚀 View run chang0926-e1-n64-s1 at: https://wandb.ai/kayamaguchi-uc-san-diego/BNJetTag-ChangRecipe/runs/5fd00a94e508
ARM_LOG wandb: ⭐️ View project at: https://wandb.ai/kayamaguchi-uc-san-diego/BNJetTag-ChangRecipe
ARM_LOG wandb: Synced 5 W&B file(s), 0 media file(s), 0 artifact file(s) and 0 other file(s)
ARM_LOG ==== ARM_ATTEMPT 1 2026-09-28T01:34:28Z
ARM_LOG RUN_STAGE pilot
ARM_LOG ==== ARM_ATTEMPT 2 2026-09-28T01:35:09Z
ARM_FAILED_AFTER_RETRIES chang0926-e1-n64-s1
2026/09/28 01:35:30.056, NVIDIA A10, 97 %, 13085 MiB, 23028 MiB
2026/09/28 01:36:30.097, NVIDIA A10, 100 %, 13093 MiB, 23028 MiB
2026/09/28 01:37:30.139, NVIDIA A10, 100 %, 13101 MiB, 23028 MiB
2026/09/28 01:38:30.177, NVIDIA A10, 97 %, 13101 MiB, 23028 MiB
2026/09/28 01:39:30.223, NVIDIA A10, 100 %, 13101 MiB, 23028 MiB
2026/09/28 01:40:30.266, NVIDIA A10, 99 %, 13101 MiB, 23028 MiB
2026/09/28 01:41:30.310, NVIDIA A10, 100 %, 13101 MiB, 23028 MiB
2026/09/28 01:42:30.351, NVIDIA A10, 99 %, 13101 MiB, 23028 MiB
2026/09/28 01:43:30.438, NVIDIA A10, 100 %, 13103 MiB, 23028 MiB
2026/09/28 01:44:30.479, NVIDIA A10, 100 %, 13107 MiB, 23028 MiB
2026/09/28 01:45:30.519, NVIDIA A10, 100 %, 13107 MiB, 23028 MiB
2026/09/28 01:46:30.560, NVIDIA A10, 100 %, 13107 MiB, 23028 MiB
2026/09/28 01:47:30.601, NVIDIA A10, 82 %, 13107 MiB, 23028 MiB
2026/09/28 01:48:30.645, NVIDIA A10, 100 %, 13107 MiB, 23028 MiB
2026/09/28 01:49:30.688, NVIDIA A10, 98 %, 13107 MiB, 23028 MiB
2026/09/28 01:50:30.731, NVIDIA A10, 79 %, 13109 MiB, 23028 MiB
2026/09/28 01:51:30.770, NVIDIA A10, 100 %, 13109 MiB, 23028 MiB
2026/09/28 01:52:30.812, NVIDIA A10, 100 %, 13109 MiB, 23028 MiB
2026/09/28 01:53:30.858, NVIDIA A10, 100 %, 13113 MiB, 23028 MiB
2026/09/28 01:54:30.898, NVIDIA A10, 100 %, 13113 MiB, 23028 MiB
2026/09/28 01:55:30.940, NVIDIA A10, 100 %, 13113 MiB, 23028 MiB
2026/09/28 01:56:30.981, NVIDIA A10, 100 %, 13113 MiB, 23028 MiB
2026/09/28 01:57:31.020, NVIDIA A10, 19 %, 13113 MiB, 23028 MiB
2026/09/28 01:58:31.057, NVIDIA A10, 100 %, 13115 MiB, 23028 MiB
2026/09/28 01:59:31.105, NVIDIA A10, 98 %, 13115 MiB, 23028 MiB
2026/09/28 02:00:31.151, NVIDIA A10, 100 %, 13117 MiB, 23028 MiB
2026/09/28 02:01:31.190, NVIDIA A10, 99 %, 13117 MiB, 23028 MiB
2026/09/28 02:02:31.233, NVIDIA A10, 100 %, 13119 MiB, 23028 MiB
2026/09/28 02:03:31.275, NVIDIA A10, 100 %, 13119 MiB, 23028 MiB
2026/09/28 02:04:31.330, NVIDIA A10, 100 %, 13119 MiB, 23028 MiB
2026/09/28 02:05:31.372, NVIDIA A10, 100 %, 13121 MiB, 23028 MiB
2026/09/28 02:06:31.417, NVIDIA A10, 84 %, 13121 MiB, 23028 MiB
2026/09/28 02:07:31.455, NVIDIA A10, 100 %, 13121 MiB, 23028 MiB
2026/09/28 02:08:31.495, NVIDIA A10, 98 %, 13121 MiB, 23028 MiB
2026/09/28 02:09:31.535, NVIDIA A10, 100 %, 13125 MiB, 23028 MiB
2026/09/28 02:10:31.577, NVIDIA A10, 100 %, 13125 MiB, 23028 MiB
2026/09/28 02:11:31.621, NVIDIA A10, 100 %, 13125 MiB, 23028 MiB
2026/09/28 02:12:31.663, NVIDIA A10, 100 %, 13125 MiB, 23028 MiB
2026/09/28 02:13:31.702, NVIDIA A10, 100 %, 13125 MiB, 23028 MiB
2026/09/28 02:14:31.746, NVIDIA A10, 100 %, 13127 MiB, 23028 MiB
2026/09/28 02:15:31.787, NVIDIA A10, 100 %, 13127 MiB, 23028 MiB
2026/09/28 02:16:31.830, NVIDIA A10, 100 %, 13127 MiB, 23028 MiB
2026/09/28 02:17:31.871, NVIDIA A10, 100 %, 13129 MiB, 23028 MiB
2026/09/28 02:18:31.917, NVIDIA A10, 88 %, 13131 MiB, 23028 MiB
2026/09/28 02:19:31.964, NVIDIA A10, 100 %, 13131 MiB, 23028 MiB
2026/09/28 02:20:32.016, NVIDIA A10, 98 %, 13131 MiB, 23028 MiB
2026/09/28 02:21:32.057, NVIDIA A10, 100 %, 13133 MiB, 23028 MiB
2026/09/28 02:22:32.097, NVIDIA A10, 98 %, 13133 MiB, 23028 MiB
2026/09/28 02:23:32.138, NVIDIA A10, 100 %, 13133 MiB, 23028 MiB
2026/09/28 02:24:32.177, NVIDIA A10, 100 %, 13135 MiB, 23028 MiB
2026/09/28 02:25:32.221, NVIDIA A10, 100 %, 13137 MiB, 23028 MiB
2026/09/28 02:26:32.262, NVIDIA A10, 100 %, 13137 MiB, 23028 MiB
2026/09/28 02:27:32.304, NVIDIA A10, 99 %, 13137 MiB, 23028 MiB
2026/09/28 02:28:32.350, NVIDIA A10, 100 %, 13137 MiB, 23028 MiB
2026/09/28 02:29:32.393, NVIDIA A10, 96 %, 13137 MiB, 23028 MiB
2026/09/28 02:30:32.432, NVIDIA A10, 100 %, 13139 MiB, 23028 MiB
2026/09/28 02:31:32.472, NVIDIA A10, 100 %, 13139 MiB, 23028 MiB
2026/09/28 02:32:32.513, NVIDIA A10, 100 %, 13139 MiB, 23028 MiB
2026/09/28 02:33:32.555, NVIDIA A10, 100 %, 13141 MiB, 23028 MiB
2026/09/28 02:34:32.597, NVIDIA A10, 100 %, 13143 MiB, 23028 MiB
2026/09/28 02:35:32.636, NVIDIA A10, 100 %, 13143 MiB, 23028 MiB
2026/09/28 02:36:32.677, NVIDIA A10, 100 %, 13143 MiB, 23028 MiB
2026/09/28 02:37:32.725, NVIDIA A10, 100 %, 13145 MiB, 23028 MiB
2026/09/28 02:38:32.765, NVIDIA A10, 76 %, 13145 MiB, 23028 MiB
2026/09/28 02:39:32.803, NVIDIA A10, 79 %, 13145 MiB, 23028 MiB
2026/09/28 02:40:32.844, NVIDIA A10, 100 %, 13147 MiB, 23028 MiB
2026/09/28 02:41:32.884, NVIDIA A10, 98 %, 13149 MiB, 23028 MiB
2026/09/28 02:42:32.927, NVIDIA A10, 100 %, 13149 MiB, 23028 MiB
2026/09/28 02:43:32.971, NVIDIA A10, 100 %, 13149 MiB, 23028 MiB
2026/09/28 02:44:33.010, NVIDIA A10, 100 %, 13149 MiB, 23028 MiB
2026/09/28 02:45:33.052, NVIDIA A10, 100 %, 13149 MiB, 23028 MiB
2026/09/28 02:46:33.091, NVIDIA A10, 94 %, 13151 MiB, 23028 MiB
2026/09/28 02:47:33.133, NVIDIA A10, 100 %, 13151 MiB, 23028 MiB
2026/09/28 02:48:33.172, NVIDIA A10, 97 %, 13151 MiB, 23028 MiB
2026/09/28 02:49:33.211, NVIDIA A10, 100 %, 13155 MiB, 23028 MiB
2026/09/28 02:50:33.257, NVIDIA A10, 98 %, 13155 MiB, 23028 MiB
2026/09/28 02:51:33.298, NVIDIA A10, 100 %, 13155 MiB, 23028 MiB
2026/09/28 02:52:33.341, NVIDIA A10, 100 %, 13155 MiB, 23028 MiB
2026/09/28 02:53:33.385, NVIDIA A10, 100 %, 13157 MiB, 23028 MiB
2026/09/28 02:54:33.427, NVIDIA A10, 100 %, 13157 MiB, 23028 MiB
2026/09/28 02:55:33.469, NVIDIA A10, 95 %, 13157 MiB, 23028 MiB
2026/09/28 02:56:33.516, NVIDIA A10, 100 %, 13161 MiB, 23028 MiB
2026/09/28 02:57:33.557, NVIDIA A10, 95 %, 13161 MiB, 23028 MiB
2026/09/28 02:58:33.599, NVIDIA A10, 100 %, 13161 MiB, 23028 MiB
2026/09/28 02:59:33.644, NVIDIA A10, 100 %, 13161 MiB, 23028 MiB
2026/09/28 03:00:33.687, NVIDIA A10, 97 %, 13161 MiB, 23028 MiB
2026/09/28 03:01:33.730, NVIDIA A10, 100 %, 13161 MiB, 23028 MiB
2026/09/28 03:02:33.769, NVIDIA A10, 97 %, 13161 MiB, 23028 MiB
2026/09/28 03:03:33.811, NVIDIA A10, 100 %, 13163 MiB, 23028 MiB
2026/09/28 03:04:33.855, NVIDIA A10, 99 %, 13163 MiB, 23028 MiB
2026/09/28 03:05:33.897, NVIDIA A10, 100 %, 13163 MiB, 23028 MiB
2026/09/28 03:06:33.938, NVIDIA A10, 100 %, 13167 MiB, 23028 MiB
2026/09/28 03:07:33.981, NVIDIA A10, 94 %, 13167 MiB, 23028 MiB
2026/09/28 03:08:34.026, NVIDIA A10, 100 %, 13167 MiB, 23028 MiB
2026/09/28 03:09:34.066, NVIDIA A10, 99 %, 13167 MiB, 23028 MiB
2026/09/28 03:10:34.105, NVIDIA A10, 100 %, 13167 MiB, 23028 MiB
2026/09/28 03:11:34.154, NVIDIA A10, 100 %, 13167 MiB, 23028 MiB
2026/09/28 03:12:34.196, NVIDIA A10, 100 %, 13169 MiB, 23028 MiB
2026/09/28 03:13:34.236, NVIDIA A10, 100 %, 13171 MiB, 23028 MiB
2026/09/28 03:14:34.278, NVIDIA A10, 100 %, 13171 MiB, 23028 MiB
2026/09/28 03:15:34.324, NVIDIA A10, 100 %, 13173 MiB, 23028 MiB
2026/09/28 03:16:34.364, NVIDIA A10, 100 %, 13173 MiB, 23028 MiB
2026/09/28 03:17:34.405, NVIDIA A10, 100 %, 13173 MiB, 23028 MiB
2026/09/28 03:18:34.447, NVIDIA A10, 100 %, 13175 MiB, 23028 MiB
2026/09/28 03:19:34.489, NVIDIA A10, 95 %, 13175 MiB, 23028 MiB
2026/09/28 03:20:34.530, NVIDIA A10, 100 %, 13175 MiB, 23028 MiB
2026/09/28 03:21:34.575, NVIDIA A10, 98 %, 13175 MiB, 23028 MiB
2026/09/28 03:22:34.619, NVIDIA A10, 100 %, 13179 MiB, 23028 MiB
2026/09/28 03:23:34.661, NVIDIA A10, 100 %, 13179 MiB, 23028 MiB
2026/09/28 03:24:34.701, NVIDIA A10, 100 %, 13179 MiB, 23028 MiB
2026/09/28 03:25:34.744, NVIDIA A10, 100 %, 13179 MiB, 23028 MiB
2026/09/28 03:26:34.784, NVIDIA A10, 98 %, 13179 MiB, 23028 MiB
2026/09/28 03:27:34.827, NVIDIA A10, 100 %, 13181 MiB, 23028 MiB
2026/09/28 03:28:34.870, NVIDIA A10, 99 %, 13181 MiB, 23028 MiB
2026/09/28 03:29:34.912, NVIDIA A10, 100 %, 13181 MiB, 23028 MiB
2026/09/28 03:30:34.953, NVIDIA A10, 100 %, 13181 MiB, 23028 MiB
2026/09/28 03:31:34.994, NVIDIA A10, 100 %, 13183 MiB, 23028 MiB
2026/09/28 03:32:35.035, NVIDIA A10, 100 %, 13185 MiB, 23028 MiB
2026/09/28 03:33:35.076, NVIDIA A10, 100 %, 13185 MiB, 23028 MiB
2026/09/28 03:34:35.121, NVIDIA A10, 100 %, 13187 MiB, 23028 MiB
2026/09/28 03:35:35.162, NVIDIA A10, 87 %, 13187 MiB, 23028 MiB
2026/09/28 03:36:35.218, NVIDIA A10, 100 %, 13187 MiB, 23028 MiB
2026/09/28 03:37:35.262, NVIDIA A10, 100 %, 13187 MiB, 23028 MiB
2026/09/28 03:38:35.303, NVIDIA A10, 97 %, 13189 MiB, 23028 MiB
2026/09/28 03:39:35.350, NVIDIA A10, 100 %, 13191 MiB, 23028 MiB
2026/09/28 03:40:35.390, NVIDIA A10, 100 %, 13191 MiB, 23028 MiB
2026/09/28 03:41:35.431, NVIDIA A10, 100 %, 13191 MiB, 23028 MiB
2026/09/28 03:42:35.471, NVIDIA A10, 100 %, 13191 MiB, 23028 MiB
2026/09/28 03:43:35.512, NVIDIA A10, 100 %, 13193 MiB, 23028 MiB
2026/09/28 03:44:35.555, NVIDIA A10, 100 %, 13193 MiB, 23028 MiB
2026/09/28 03:45:35.594, NVIDIA A10, 98 %, 13193 MiB, 23028 MiB
2026/09/28 03:46:35.636, NVIDIA A10, 100 %, 13195 MiB, 23028 MiB
2026/09/28 03:47:35.676, NVIDIA A10, 99 %, 13195 MiB, 23028 MiB
2026/09/28 03:48:35.726, NVIDIA A10, 100 %, 13197 MiB, 23028 MiB
2026/09/28 03:49:35.767, NVIDIA A10, 100 %, 13197 MiB, 23028 MiB
2026/09/28 03:50:35.810, NVIDIA A10, 100 %, 13199 MiB, 23028 MiB
2026/09/28 03:51:35.853, NVIDIA A10, 100 %, 13199 MiB, 23028 MiB
2026/09/28 03:52:35.892, NVIDIA A10, 97 %, 13199 MiB, 23028 MiB
2026/09/28 03:53:35.933, NVIDIA A10, 100 %, 13201 MiB, 23028 MiB
2026/09/28 03:54:35.975, NVIDIA A10, 99 %, 13201 MiB, 23028 MiB
2026/09/28 03:55:36.023, NVIDIA A10, 100 %, 13203 MiB, 23028 MiB
2026/09/28 03:56:36.064, NVIDIA A10, 100 %, 13203 MiB, 23028 MiB
2026/09/28 03:57:36.108, NVIDIA A10, 100 %, 13203 MiB, 23028 MiB
2026/09/28 03:58:36.155, NVIDIA A10, 100 %, 13203 MiB, 23028 MiB
2026/09/28 03:59:36.197, NVIDIA A10, 100 %, 13205 MiB, 23028 MiB
2026/09/28 04:00:36.237, NVIDIA A10, 100 %, 13205 MiB, 23028 MiB
2026/09/28 04:01:36.279, NVIDIA A10, 100 %, 13205 MiB, 23028 MiB
2026/09/28 04:02:36.322, NVIDIA A10, 100 %, 13207 MiB, 23028 MiB
2026/09/28 04:03:36.362, NVIDIA A10, 100 %, 13207 MiB, 23028 MiB
2026/09/28 04:04:36.402, NVIDIA A10, 99 %, 13207 MiB, 23028 MiB
2026/09/28 04:05:36.445, NVIDIA A10, 100 %, 13211 MiB, 23028 MiB
2026/09/28 04:06:36.487, NVIDIA A10, 97 %, 13211 MiB, 23028 MiB
2026/09/28 04:07:36.526, NVIDIA A10, 100 %, 13211 MiB, 23028 MiB
2026/09/28 04:08:36.566, NVIDIA A10, 100 %, 13211 MiB, 23028 MiB
2026/09/28 04:09:36.607, NVIDIA A10, 100 %, 13211 MiB, 23028 MiB
2026/09/28 04:10:36.651, NVIDIA A10, 100 %, 13213 MiB, 23028 MiB
2026/09/28 04:11:36.690, NVIDIA A10, 92 %, 13213 MiB, 23028 MiB
2026/09/28 04:12:36.729, NVIDIA A10, 100 %, 13215 MiB, 23028 MiB
2026/09/28 04:13:36.767, NVIDIA A10, 98 %, 13215 MiB, 23028 MiB
2026/09/28 04:14:36.808, NVIDIA A10, 100 %, 13217 MiB, 23028 MiB
2026/09/28 04:15:36.850, NVIDIA A10, 100 %, 13217 MiB, 23028 MiB
2026/09/28 04:16:36.891, NVIDIA A10, 100 %, 13217 MiB, 23028 MiB
2026/09/28 04:17:36.932, NVIDIA A10, 100 %, 13217 MiB, 23028 MiB
2026/09/28 04:18:36.970, NVIDIA A10, 99 %, 13217 MiB, 23028 MiB
2026/09/28 04:19:37.011, NVIDIA A10, 100 %, 13219 MiB, 23028 MiB
2026/09/28 04:20:37.052, NVIDIA A10, 94 %, 13219 MiB, 23028 MiB
2026/09/28 04:21:37.089, NVIDIA A10, 100 %, 13221 MiB, 23028 MiB
2026/09/28 04:22:37.132, NVIDIA A10, 100 %, 13223 MiB, 23028 MiB
2026/09/28 04:23:37.172, NVIDIA A10, 100 %, 13223 MiB, 23028 MiB
2026/09/28 04:24:37.211, NVIDIA A10, 100 %, 13223 MiB, 23028 MiB
2026/09/28 04:25:37.253, NVIDIA A10, 100 %, 13223 MiB, 23028 MiB
2026/09/28 04:26:37.294, NVIDIA A10, 100 %, 13223 MiB, 23028 MiB
2026/09/28 04:27:37.334, NVIDIA A10, 100 %, 13225 MiB, 23028 MiB
2026/09/28 04:28:37.373, NVIDIA A10, 50 %, 13227 MiB, 23028 MiB
2026/09/28 04:29:37.412, NVIDIA A10, 100 %, 13227 MiB, 23028 MiB
2026/09/28 04:30:37.452, NVIDIA A10, 97 %, 13227 MiB, 23028 MiB
2026/09/28 04:31:37.493, NVIDIA A10, 100 %, 13229 MiB, 23028 MiB
2026/09/28 04:32:37.535, NVIDIA A10, 98 %, 13229 MiB, 23028 MiB
2026/09/28 04:33:37.575, NVIDIA A10, 100 %, 13229 MiB, 23028 MiB
2026/09/28 04:34:37.618, NVIDIA A10, 100 %, 13229 MiB, 23028 MiB
2026/09/28 04:35:37.657, NVIDIA A10, 100 %, 13231 MiB, 23028 MiB
2026/09/28 04:36:37.699, NVIDIA A10, 100 %, 13233 MiB, 23028 MiB
2026/09/28 04:37:37.744, NVIDIA A10, 98 %, 13233 MiB, 23028 MiB
2026/09/28 04:38:37.813, NVIDIA A10, 100 %, 13235 MiB, 23028 MiB
2026/09/28 04:39:37.853, NVIDIA A10, 98 %, 13235 MiB, 23028 MiB
2026/09/28 04:40:37.896, NVIDIA A10, 100 %, 13235 MiB, 23028 MiB
2026/09/28 04:41:37.939, NVIDIA A10, 100 %, 13235 MiB, 23028 MiB
2026/09/28 04:42:37.981, NVIDIA A10, 100 %, 13235 MiB, 23028 MiB
2026/09/28 04:43:38.028, NVIDIA A10, 100 %, 13237 MiB, 23028 MiB
2026/09/28 04:44:38.068, NVIDIA A10, 100 %, 13239 MiB, 23028 MiB
2026/09/28 04:45:38.110, NVIDIA A10, 100 %, 13239 MiB, 23028 MiB
2026/09/28 04:46:38.148, NVIDIA A10, 100 %, 13239 MiB, 23028 MiB
2026/09/28 04:47:38.188, NVIDIA A10, 100 %, 13241 MiB, 23028 MiB
2026/09/28 04:48:38.234, NVIDIA A10, 100 %, 13241 MiB, 23028 MiB
2026/09/28 04:49:38.275, NVIDIA A10, 82 %, 13241 MiB, 23028 MiB
2026/09/28 04:50:38.319, NVIDIA A10, 100 %, 13241 MiB, 23028 MiB
2026/09/28 04:51:38.359, NVIDIA A10, 99 %, 13243 MiB, 23028 MiB
2026/09/28 04:52:38.409, NVIDIA A10, 100 %, 13245 MiB, 23028 MiB
2026/09/28 04:53:38.451, NVIDIA A10, 100 %, 13245 MiB, 23028 MiB
2026/09/28 04:54:38.494, NVIDIA A10, 100 %, 13245 MiB, 23028 MiB
2026/09/28 04:55:38.533, NVIDIA A10, 100 %, 13245 MiB, 23028 MiB
2026/09/28 04:56:38.574, NVIDIA A10, 100 %, 13247 MiB, 23028 MiB
2026/09/28 04:57:38.626, NVIDIA A10, 100 %, 13247 MiB, 23028 MiB
2026/09/28 04:58:38.666, NVIDIA A10, 97 %, 13247 MiB, 23028 MiB
2026/09/28 04:59:38.705, NVIDIA A10, 100 %, 13249 MiB, 23028 MiB
2026/09/28 05:00:38.753, NVIDIA A10, 99 %, 13249 MiB, 23028 MiB
2026/09/28 05:01:38.794, NVIDIA A10, 100 %, 13251 MiB, 23028 MiB
2026/09/28 05:02:38.837, NVIDIA A10, 99 %, 13251 MiB, 23028 MiB
2026/09/28 05:03:38.879, NVIDIA A10, 100 %, 13253 MiB, 23028 MiB
2026/09/28 05:04:38.922, NVIDIA A10, 100 %, 13253 MiB, 23028 MiB
2026/09/28 05:05:38.974, NVIDIA A10, 100 %, 13253 MiB, 23028 MiB
2026/09/28 05:06:39.129, NVIDIA A10, 100 %, 13255 MiB, 23028 MiB
2026/09/28 05:07:39.172, NVIDIA A10, 100 %, 13255 MiB, 23028 MiB
2026/09/28 05:08:39.220, NVIDIA A10, 100 %, 13257 MiB, 23028 MiB
2026/09/28 05:09:39.262, NVIDIA A10, 100 %, 13257 MiB, 23028 MiB
2026/09/28 05:10:39.306, NVIDIA A10, 100 %, 13257 MiB, 23028 MiB
2026/09/28 05:11:39.351, NVIDIA A10, 84 %, 13257 MiB, 23028 MiB
2026/09/28 05:12:39.392, NVIDIA A10, 100 %, 13259 MiB, 23028 MiB
2026/09/28 05:13:39.441, NVIDIA A10, 100 %, 13259 MiB, 23028 MiB
2026/09/28 05:14:39.489, NVIDIA A10, 100 %, 13259 MiB, 23028 MiB
2026/09/28 05:15:39.540, NVIDIA A10, 100 %, 13261 MiB, 23028 MiB
2026/09/28 05:16:39.599, NVIDIA A10, 100 %, 13261 MiB, 23028 MiB
2026/09/28 05:17:39.651, NVIDIA A10, 100 %, 13263 MiB, 23028 MiB
2026/09/28 05:18:39.704, NVIDIA A10, 0 %, 13263 MiB, 23028 MiB
2026/09/28 05:19:39.761, NVIDIA A10, 0 %, 13263 MiB, 23028 MiB
2026/09/28 05:20:39.818, NVIDIA A10, 0 %, 13263 MiB, 23028 MiB
2026/09/28 05:21:39.876, NVIDIA A10, 100 %, 13263 MiB, 23028 MiB
2026/09/28 05:22:42.944, NVIDIA A10, 0 %, 13263 MiB, 23028 MiB
2026/09/28 05:23:44.242, NVIDIA A10, 0 %, 13263 MiB, 23028 MiB
2026/09/28 05:24:44.752, NVIDIA A10, 0 %, 13263 MiB, 23028 MiB
2026/09/28 05:25:45.143, NVIDIA A10, 0 %, 13263 MiB, 23028 MiB
2026/09/28 05:26:47.284, NVIDIA A10, 0 %, 13263 MiB, 23028 MiB
2026/09/28 05:27:48.435, NVIDIA A10, 0 %, 13263 MiB, 23028 MiB
2026/09/28 05:28:50.603, NVIDIA A10, 0 %, 13263 MiB, 23028 MiB
2026/09/28 05:29:52.706, NVIDIA A10, 0 %, 13263 MiB, 23028 MiB
2026/09/28 05:30:54.804, NVIDIA A10, 0 %, 13263 MiB, 23028 MiB
