

================================================================
== Vitis HLS Report for 'dense_latency_ap_fixed_8_3_5_3_0_ap_fixed_13_8_4_0_0_config41_dense_s'
================================================================
* Date:           Tue Aug  4 15:23:55 2026

* Version:        2023.2 (Build 4023990 on Oct 11 2023)
* Project:        myproject_prj
* Solution:       solution1 (Vivado IP Flow Target)
* Product family: virtexuplus
* Target device:  xcvu13p-flga2577-2-e


================================================================
== Performance Estimates
================================================================
+ Timing: 
    * Summary: 
    +--------+---------+----------+------------+
    |  Clock |  Target | Estimated| Uncertainty|
    +--------+---------+----------+------------+
    |ap_clk  |  2.50 ns|  1.534 ns|     0.68 ns|
    +--------+---------+----------+------------+

+ Latency: 
    * Summary: 
    +---------+---------+-----------+-----------+-----+-----+---------+
    |  Latency (cycles) |   Latency (absolute)  |  Interval | Pipeline|
    |   min   |   max   |    min    |    max    | min | max |   Type  |
    +---------+---------+-----------+-----------+-----+-----+---------+
    |        4|        4|  10.000 ns|  10.000 ns|    1|    1|      yes|
    +---------+---------+-----------+-----------+-----+-----+---------+

    + Detail: 
        * Instance: 
        N/A

        * Loop: 
        N/A



================================================================
== Utilization Estimates
================================================================
* Summary: 
+---------------------+---------+-------+---------+---------+------+
|         Name        | BRAM_18K|  DSP  |    FF   |   LUT   | URAM |
+---------------------+---------+-------+---------+---------+------+
|DSP                  |        -|      -|        -|        -|     -|
|Expression           |        -|      -|        0|    12728|     -|
|FIFO                 |        -|      -|        -|        -|     -|
|Instance             |        -|      -|        -|        -|     -|
|Memory               |        -|      -|        -|        -|     -|
|Multiplexer          |        -|      -|        -|      448|     -|
|Register             |        -|      -|     5452|      384|     -|
+---------------------+---------+-------+---------+---------+------+
|Total                |        0|      0|     5452|    13560|     0|
+---------------------+---------+-------+---------+---------+------+
|Available SLR        |     1344|   3072|   864000|   432000|   320|
+---------------------+---------+-------+---------+---------+------+
|Utilization SLR (%)  |        0|      0|       ~0|        3|     0|
+---------------------+---------+-------+---------+---------+------+
|Available            |     5376|  12288|  3456000|  1728000|  1280|
+---------------------+---------+-------+---------+---------+------+
|Utilization (%)      |        0|      0|       ~0|       ~0|     0|
+---------------------+---------+-------+---------+---------+------+

+ Detail: 
    * Instance: 
    N/A

    * DSP: 
    N/A

    * Memory: 
    N/A

    * FIFO: 
    N/A

    * Expression: 
    +---------------------------+----------+----+---+-----+------------+------------+
    |       Variable Name       | Operation| DSP| FF| LUT | Bitwidth P0| Bitwidth P1|
    +---------------------------+----------+----+---+-----+------------+------------+
    |add_ln58_84432_fu_590_p2   |         +|   0|  0|   17|          10|          10|
    |add_ln58_84433_fu_600_p2   |         +|   0|  0|   16|           9|           9|
    |add_ln58_84434_fu_610_p2   |         +|   0|  0|   17|          10|          10|
    |add_ln58_84435_fu_1300_p2  |         +|   0|  0|   18|          11|          11|
    |add_ln58_84436_fu_1315_p2  |         +|   0|  0|   17|          10|          10|
    |add_ln58_84437_fu_619_p2   |         +|   0|  0|   18|          11|          11|
    |add_ln58_84438_fu_625_p2   |         +|   0|  0|   17|          10|          10|
    |add_ln58_84439_fu_1327_p2  |         +|   0|  0|   18|          11|          11|
    |add_ln58_84440_fu_1332_p2  |         +|   0|  0|   18|          11|          11|
    |add_ln58_84441_fu_1341_p2  |         +|   0|  0|   17|          11|          11|
    |add_ln58_84442_fu_1347_p2  |         +|   0|  0|   18|          11|          11|
    |add_ln58_84443_fu_1353_p2  |         +|   0|  0|   18|          11|          11|
    |add_ln58_84444_fu_1358_p2  |         +|   0|  0|   17|          10|          10|
    |add_ln58_84445_fu_1368_p2  |         +|   0|  0|   18|          11|          11|
    |add_ln58_84446_fu_1373_p2  |         +|   0|  0|   18|          11|          11|
    |add_ln58_84447_fu_1379_p2  |         +|   0|  0|   18|          11|          11|
    |add_ln58_84448_fu_634_p2   |         +|   0|  0|   16|           9|           9|
    |add_ln58_84449_fu_644_p2   |         +|   0|  0|   17|          10|          10|
    |add_ln58_84450_fu_1388_p2  |         +|   0|  0|   18|          11|          11|
    |add_ln58_84451_fu_2589_p2  |         +|   0|  0|   18|          11|          11|
    |add_ln58_84452_fu_1402_p2  |         +|   0|  0|   18|          11|          11|
    |add_ln58_84453_fu_1408_p2  |         +|   0|  0|   16|           9|           9|
    |add_ln58_84454_fu_1421_p2  |         +|   0|  0|   17|          11|          11|
    |add_ln58_84455_fu_1427_p2  |         +|   0|  0|   17|          11|          11|
    |add_ln58_84456_fu_1433_p2  |         +|   0|  0|   18|          11|          11|
    |add_ln58_84457_fu_1442_p2  |         +|   0|  0|   17|          10|          10|
    |add_ln58_84458_fu_2612_p2  |         +|   0|  0|   18|          11|          11|
    |add_ln58_84459_fu_2621_p2  |         +|   0|  0|   19|          12|          12|
    |add_ln58_84460_fu_1454_p2  |         +|   0|  0|   17|          10|          10|
    |add_ln58_84461_fu_2630_p2  |         +|   0|  0|   17|          12|          12|
    |add_ln58_84462_fu_2636_p2  |         +|   0|  0|   17|          12|          12|
    |add_ln58_84463_fu_1460_p2  |         +|   0|  0|   18|          11|          11|
    |add_ln58_84464_fu_1470_p2  |         +|   0|  0|   17|          10|          10|
    |add_ln58_84465_fu_1480_p2  |         +|   0|  0|   19|          12|          12|
    |add_ln58_84466_fu_1486_p2  |         +|   0|  0|   17|          10|          10|
    |add_ln58_84467_fu_2645_p2  |         +|   0|  0|   19|          12|          12|
    |add_ln58_84468_fu_2657_p2  |         +|   0|  0|   19|          12|          12|
    |add_ln58_84469_fu_1588_p2  |         +|   0|  0|   16|           9|           9|
    |add_ln58_84470_fu_1594_p2  |         +|   0|  0|   17|          11|          11|
    |add_ln58_84471_fu_2701_p2  |         +|   0|  0|   19|          12|          12|
    |add_ln58_84472_fu_2707_p2  |         +|   0|  0|   17|          10|          10|
    |add_ln58_84473_fu_2717_p2  |         +|   0|  0|   17|          10|          10|
    |add_ln58_84474_fu_2727_p2  |         +|   0|  0|   18|          11|          11|
    |add_ln58_84475_fu_5780_p2  |         +|   0|  0|   20|          13|          13|
    |add_ln58_84476_fu_2733_p2  |         +|   0|  0|   17|          10|          10|
    |add_ln58_84477_fu_2743_p2  |         +|   0|  0|   18|          11|          11|
    |add_ln58_84478_fu_2749_p2  |         +|   0|  0|   17|          10|          10|
    |add_ln58_84479_fu_2758_p2  |         +|   0|  0|   17|          10|          10|
    |add_ln58_84480_fu_2766_p2  |         +|   0|  0|   18|          11|          11|
    |add_ln58_84481_fu_5792_p2  |         +|   0|  0|   19|          12|          12|
    |add_ln58_84482_fu_5802_p2  |         +|   0|  0|   17|          13|          13|
    |add_ln58_84483_fu_2772_p2  |         +|   0|  0|   17|          10|          10|
    |add_ln58_84484_fu_2781_p2  |         +|   0|  0|   18|          11|          11|
    |add_ln58_84485_fu_1600_p2  |         +|   0|  0|   16|           9|           9|
    |add_ln58_84486_fu_1606_p2  |         +|   0|  0|   16|           9|           9|
    |add_ln58_84487_fu_2793_p2  |         +|   0|  0|   17|          10|          10|
    |add_ln58_84488_fu_5814_p2  |         +|   0|  0|   17|          12|          12|
    |add_ln58_84489_fu_1612_p2  |         +|   0|  0|   16|           9|           9|
    |add_ln58_84490_fu_2802_p2  |         +|   0|  0|   17|          10|          10|
    |add_ln58_84491_fu_1618_p2  |         +|   0|  0|   16|           9|           9|
    |add_ln58_84492_fu_1624_p2  |         +|   0|  0|   16|           9|           9|
    |add_ln58_84493_fu_2817_p2  |         +|   0|  0|   17|          10|          10|
    |add_ln58_84494_fu_2827_p2  |         +|   0|  0|   18|          11|          11|
    |add_ln58_84495_fu_5823_p2  |         +|   0|  0|   17|          12|          12|
    |add_ln58_84496_fu_5833_p2  |         +|   0|  0|   17|          13|          13|
    |add_ln58_84497_fu_1633_p2  |         +|   0|  0|   16|           9|           9|
    |add_ln58_84498_fu_2839_p2  |         +|   0|  0|   17|          10|          10|
    |add_ln58_84499_fu_2849_p2  |         +|   0|  0|   19|          12|          12|
    |add_ln58_84500_fu_2855_p2  |         +|   0|  0|   17|          10|          10|
    |add_ln58_84501_fu_2865_p2  |         +|   0|  0|   18|          11|          11|
    |add_ln58_84502_fu_5848_p2  |         +|   0|  0|   20|          13|          13|
    |add_ln58_84503_fu_2871_p2  |         +|   0|  0|   17|          10|          10|
    |add_ln58_84504_fu_2881_p2  |         +|   0|  0|   18|          11|          11|
    |add_ln58_84505_fu_2887_p2  |         +|   0|  0|   17|          10|          10|
    |add_ln58_84506_fu_2897_p2  |         +|   0|  0|   17|          10|          10|
    |add_ln58_84507_fu_2905_p2  |         +|   0|  0|   18|          11|          11|
    |add_ln58_84508_fu_5860_p2  |         +|   0|  0|   19|          12|          12|
    |add_ln58_84509_fu_5870_p2  |         +|   0|  0|   17|          13|          13|
    |add_ln58_84510_fu_1639_p2  |         +|   0|  0|   16|           9|           9|
    |add_ln58_84511_fu_2914_p2  |         +|   0|  0|   17|          10|          10|
    |add_ln58_84512_fu_1645_p2  |         +|   0|  0|   16|           9|           9|
    |add_ln58_84513_fu_1651_p2  |         +|   0|  0|   16|           9|           9|
    |add_ln58_84514_fu_2929_p2  |         +|   0|  0|   17|          10|          10|
    |add_ln58_84515_fu_2939_p2  |         +|   0|  0|   18|          11|          11|
    |add_ln58_84516_fu_1657_p2  |         +|   0|  0|   16|           9|           9|
    |add_ln58_84517_fu_1667_p2  |         +|   0|  0|   17|          10|          10|
    |add_ln58_84518_fu_1673_p2  |         +|   0|  0|   16|           9|           9|
    |add_ln58_84519_fu_1683_p2  |         +|   0|  0|   16|           9|           9|
    |add_ln58_84520_fu_2951_p2  |         +|   0|  0|   17|          10|          10|
    |add_ln58_84521_fu_2960_p2  |         +|   0|  0|   18|          11|          11|
    |add_ln58_84522_fu_5882_p2  |         +|   0|  0|   19|          12|          12|
    |add_ln58_84523_fu_5892_p2  |         +|   0|  0|   17|          13|          13|
    |add_ln58_84524_fu_2966_p2  |         +|   0|  0|   19|          12|          12|
    |add_ln58_84525_fu_2972_p2  |         +|   0|  0|   17|          10|          10|
    |add_ln58_84526_fu_2982_p2  |         +|   0|  0|   18|          11|          11|
    |add_ln58_84527_fu_5904_p2  |         +|   0|  0|   20|          13|          13|
    |add_ln58_84528_fu_2988_p2  |         +|   0|  0|   17|          10|          10|
    |add_ln58_84529_fu_2998_p2  |         +|   0|  0|   18|          11|          11|
    |add_ln58_84530_fu_1689_p2  |         +|   0|  0|   17|          10|          10|
    |add_ln58_84531_fu_3007_p2  |         +|   0|  0|   18|          11|          11|
    |add_ln58_84532_fu_5916_p2  |         +|   0|  0|   19|          12|          12|
    |add_ln58_84533_fu_5926_p2  |         +|   0|  0|   17|          13|          13|
    |add_ln58_84534_fu_1695_p2  |         +|   0|  0|   17|          10|          10|
    |add_ln58_84535_fu_3016_p2  |         +|   0|  0|   18|          11|          11|
    |add_ln58_84536_fu_1701_p2  |         +|   0|  0|   17|          10|          10|
    |add_ln58_84537_fu_3032_p2  |         +|   0|  0|   18|          11|          11|
    |add_ln58_84538_fu_3042_p2  |         +|   0|  0|   19|          12|          12|
    |add_ln58_84539_fu_1707_p2  |         +|   0|  0|   16|           9|           9|
    |add_ln58_84540_fu_3051_p2  |         +|   0|  0|   17|          10|          10|
    |add_ln58_84541_fu_1713_p2  |         +|   0|  0|   16|           9|           9|
    |add_ln58_84542_fu_1719_p2  |         +|   0|  0|   16|           9|           9|
    |add_ln58_84543_fu_3067_p2  |         +|   0|  0|   17|          10|          10|
    |add_ln58_84544_fu_3077_p2  |         +|   0|  0|   18|          11|          11|
    |add_ln58_84545_fu_5938_p2  |         +|   0|  0|   20|          13|          13|
    |add_ln58_84546_fu_5944_p2  |         +|   0|  0|   17|          13|          13|
    |add_ln58_84547_fu_3083_p2  |         +|   0|  0|   17|          10|          10|
    |add_ln58_84548_fu_3097_p2  |         +|   0|  0|   19|          12|          12|
    |add_ln58_84549_fu_3103_p2  |         +|   0|  0|   17|          10|          10|
    |add_ln58_84550_fu_3113_p2  |         +|   0|  0|   18|          11|          11|
    |add_ln58_84551_fu_5956_p2  |         +|   0|  0|   20|          13|          13|
    |add_ln58_84552_fu_3119_p2  |         +|   0|  0|   18|          11|          11|
    |add_ln58_84553_fu_3125_p2  |         +|   0|  0|   17|          10|          10|
    |add_ln58_84554_fu_1725_p2  |         +|   0|  0|   16|           9|           9|
    |add_ln58_84555_fu_3136_p2  |         +|   0|  0|   18|          11|          11|
    |add_ln58_84556_fu_5968_p2  |         +|   0|  0|   19|          12|          12|
    |add_ln58_84557_fu_5978_p2  |         +|   0|  0|   17|          13|          13|
    |add_ln58_84558_fu_3142_p2  |         +|   0|  0|   17|          10|          10|
    |add_ln58_84559_fu_1731_p2  |         +|   0|  0|   16|           9|           9|
    |add_ln58_84560_fu_1737_p2  |         +|   0|  0|   16|           9|           9|
    |add_ln58_84561_fu_3158_p2  |         +|   0|  0|   17|          10|          10|
    |add_ln58_84562_fu_3168_p2  |         +|   0|  0|   18|          11|          11|
    |add_ln58_84563_fu_1743_p2  |         +|   0|  0|   16|           9|           9|
    |add_ln58_84564_fu_3177_p2  |         +|   0|  0|   17|          10|          10|
    |add_ln58_84565_fu_1749_p2  |         +|   0|  0|   16|           9|           9|
    |add_ln58_84566_fu_1755_p2  |         +|   0|  0|   16|           9|           9|
    |add_ln58_84567_fu_3193_p2  |         +|   0|  0|   17|          10|          10|
    |add_ln58_84568_fu_3203_p2  |         +|   0|  0|   18|          11|          11|
    |add_ln58_84569_fu_5990_p2  |         +|   0|  0|   19|          12|          12|
    |add_ln58_84570_fu_6000_p2  |         +|   0|  0|   17|          13|          13|
    |add_ln58_84571_fu_3209_p2  |         +|   0|  0|   17|          10|          10|
    |add_ln58_84572_fu_3221_p2  |         +|   0|  0|   19|          12|          12|
    |add_ln58_84573_fu_3227_p2  |         +|   0|  0|   17|          10|          10|
    |add_ln58_84574_fu_3240_p2  |         +|   0|  0|   17|          10|          10|
    |add_ln58_84575_fu_3250_p2  |         +|   0|  0|   18|          11|          11|
    |add_ln58_84576_fu_6012_p2  |         +|   0|  0|   20|          13|          13|
    |add_ln58_84577_fu_3256_p2  |         +|   0|  0|   17|          10|          10|
    |add_ln58_84578_fu_3266_p2  |         +|   0|  0|   18|          11|          11|
    |add_ln58_84579_fu_3272_p2  |         +|   0|  0|   17|          10|          10|
    |add_ln58_84580_fu_3282_p2  |         +|   0|  0|   17|          10|          10|
    |add_ln58_84581_fu_3292_p2  |         +|   0|  0|   18|          11|          11|
    |add_ln58_84582_fu_6024_p2  |         +|   0|  0|   19|          12|          12|
    |add_ln58_84583_fu_6034_p2  |         +|   0|  0|   17|          13|          13|
    |add_ln58_84584_fu_1761_p2  |         +|   0|  0|   17|          10|          10|
    |add_ln58_84585_fu_3301_p2  |         +|   0|  0|   18|          11|          11|
    |add_ln58_84586_fu_1767_p2  |         +|   0|  0|   16|           9|           9|
    |add_ln58_84587_fu_1777_p2  |         +|   0|  0|   16|           9|           9|
    |add_ln58_84588_fu_1787_p2  |         +|   0|  0|   17|          10|          10|
    |add_ln58_84589_fu_3314_p2  |         +|   0|  0|   19|          12|          12|
    |add_ln58_84590_fu_1793_p2  |         +|   0|  0|   16|           9|           9|
    |add_ln58_84591_fu_1803_p2  |         +|   0|  0|   16|           9|           9|
    |add_ln58_84592_fu_3320_p2  |         +|   0|  0|   17|          10|          10|
    |add_ln58_84593_fu_1813_p2  |         +|   0|  0|   16|           9|           9|
    |add_ln58_84594_fu_3328_p2  |         +|   0|  0|   17|          10|          10|
    |add_ln58_84595_fu_3337_p2  |         +|   0|  0|   18|          11|          11|
    |add_ln58_84596_fu_6046_p2  |         +|   0|  0|   20|          13|          13|
    |add_ln58_84597_fu_6052_p2  |         +|   0|  0|   17|          13|          13|
    |add_ln58_84598_fu_3343_p2  |         +|   0|  0|   17|          10|          10|
    |add_ln58_84599_fu_3356_p2  |         +|   0|  0|   18|          11|          11|
    |add_ln58_84600_fu_3365_p2  |         +|   0|  0|   19|          12|          12|
    |add_ln58_84601_fu_3371_p2  |         +|   0|  0|   17|          10|          10|
    |add_ln58_84602_fu_3381_p2  |         +|   0|  0|   18|          11|          11|
    |add_ln58_84603_fu_6064_p2  |         +|   0|  0|   20|          13|          13|
    |add_ln58_84604_fu_3387_p2  |         +|   0|  0|   17|          10|          10|
    |add_ln58_84605_fu_3397_p2  |         +|   0|  0|   18|          11|          11|
    |add_ln58_84606_fu_3403_p2  |         +|   0|  0|   17|          10|          10|
    |add_ln58_84607_fu_3412_p2  |         +|   0|  0|   18|          11|          11|
    |add_ln58_84608_fu_6076_p2  |         +|   0|  0|   19|          12|          12|
    |add_ln58_84609_fu_6086_p2  |         +|   0|  0|   17|          13|          13|
    |add_ln58_84610_fu_1823_p2  |         +|   0|  0|   17|          10|          10|
    |add_ln58_84611_fu_3421_p2  |         +|   0|  0|   18|          11|          11|
    |add_ln58_84612_fu_1829_p2  |         +|   0|  0|   16|           9|           9|
    |add_ln58_84613_fu_3430_p2  |         +|   0|  0|   17|          10|          10|
    |add_ln58_84614_fu_6098_p2  |         +|   0|  0|   17|          12|          12|
    |add_ln58_84615_fu_3436_p2  |         +|   0|  0|   17|          10|          10|
    |add_ln58_84616_fu_1835_p2  |         +|   0|  0|   16|           9|           9|
    |add_ln58_84617_fu_1841_p2  |         +|   0|  0|   16|           9|           9|
    |add_ln58_84618_fu_3452_p2  |         +|   0|  0|   17|          10|          10|
    |add_ln58_84619_fu_3462_p2  |         +|   0|  0|   18|          11|          11|
    |add_ln58_84620_fu_6107_p2  |         +|   0|  0|   17|          12|          12|
    |add_ln58_84621_fu_6117_p2  |         +|   0|  0|   17|          13|          13|
    |add_ln58_84622_fu_3468_p2  |         +|   0|  0|   17|          10|          10|
    |add_ln58_84623_fu_3478_p2  |         +|   0|  0|   18|          11|          11|
    |add_ln58_84624_fu_3484_p2  |         +|   0|  0|   18|          11|          11|
    |add_ln58_84625_fu_6129_p2  |         +|   0|  0|   19|          12|          12|
    |add_ln58_84626_fu_3490_p2  |         +|   0|  0|   17|          10|          10|
    |add_ln58_84627_fu_3499_p2  |         +|   0|  0|   18|          11|          11|
    |add_ln58_84628_fu_1847_p2  |         +|   0|  0|   17|          10|          10|
    |add_ln58_84629_fu_3511_p2  |         +|   0|  0|   18|          11|          11|
    |add_ln58_84630_fu_3520_p2  |         +|   0|  0|   19|          12|          12|
    |add_ln58_84631_fu_6145_p2  |         +|   0|  0|   20|          13|          13|
    |add_ln58_84632_fu_6151_p2  |         +|   0|  0|   17|          13|          13|
    |add_ln58_84633_fu_1853_p2  |         +|   0|  0|   16|           9|           9|
    |add_ln58_84634_fu_3529_p2  |         +|   0|  0|   17|          10|          10|
    |add_ln58_84635_fu_1859_p2  |         +|   0|  0|   16|           9|           9|
    |add_ln58_84636_fu_3541_p2  |         +|   0|  0|   17|          10|          10|
    |add_ln58_84637_fu_3551_p2  |         +|   0|  0|   18|          11|          11|
    |add_ln58_84638_fu_1865_p2  |         +|   0|  0|   16|           9|           9|
    |add_ln58_84639_fu_3560_p2  |         +|   0|  0|   17|          10|          10|
    |add_ln58_84640_fu_1871_p2  |         +|   0|  0|   16|           9|           9|
    |add_ln58_84641_fu_3573_p2  |         +|   0|  0|   17|          10|          10|
    |add_ln58_84642_fu_3583_p2  |         +|   0|  0|   18|          11|          11|
    |add_ln58_84643_fu_6163_p2  |         +|   0|  0|   19|          12|          12|
    |add_ln58_84644_fu_6173_p2  |         +|   0|  0|   17|          13|          13|
    |add_ln58_84645_fu_3589_p2  |         +|   0|  0|   17|          10|          10|
    |add_ln58_84646_fu_6182_p2  |         +|   0|  0|   17|          13|          13|
    |add_ln58_84647_fu_6188_p2  |         +|   0|  0|   17|          13|          13|
    |add_ln58_84648_fu_3599_p2  |         +|   0|  0|   17|          10|          10|
    |add_ln58_84649_fu_3609_p2  |         +|   0|  0|   18|          11|          11|
    |add_ln58_84650_fu_3615_p2  |         +|   0|  0|   17|          10|          10|
    |add_ln58_84651_fu_3623_p2  |         +|   0|  0|   18|          11|          11|
    |add_ln58_84652_fu_6203_p2  |         +|   0|  0|   19|          12|          12|
    |add_ln58_84653_fu_6213_p2  |         +|   0|  0|   17|          13|          13|
    |add_ln58_84654_fu_1877_p2  |         +|   0|  0|   16|           9|           9|
    |add_ln58_84655_fu_3632_p2  |         +|   0|  0|   17|          10|          10|
    |add_ln58_84656_fu_3641_p2  |         +|   0|  0|   17|          10|          10|
    |add_ln58_84657_fu_3651_p2  |         +|   0|  0|   18|          11|          11|
    |add_ln58_84658_fu_1883_p2  |         +|   0|  0|   16|           9|           9|
    |add_ln58_84659_fu_3660_p2  |         +|   0|  0|   17|          10|          10|
    |add_ln58_84660_fu_1889_p2  |         +|   0|  0|   16|           9|           9|
    |add_ln58_84661_fu_1899_p2  |         +|   0|  0|   16|           9|           9|
    |add_ln58_84662_fu_1909_p2  |         +|   0|  0|   17|          10|          10|
    |add_ln58_84663_fu_3673_p2  |         +|   0|  0|   18|          11|          11|
    |add_ln58_84664_fu_6225_p2  |         +|   0|  0|   19|          12|          12|
    |add_ln58_84665_fu_6235_p2  |         +|   0|  0|   17|          13|          13|
    |add_ln58_84666_fu_3679_p2  |         +|   0|  0|   18|          11|          11|
    |add_ln58_84667_fu_3687_p2  |         +|   0|  0|   19|          12|          12|
    |add_ln58_84668_fu_3693_p2  |         +|   0|  0|   17|          10|          10|
    |add_ln58_84669_fu_3703_p2  |         +|   0|  0|   18|          11|          11|
    |add_ln58_84670_fu_6247_p2  |         +|   0|  0|   20|          13|          13|
    |add_ln58_84671_fu_3709_p2  |         +|   0|  0|   17|          10|          10|
    |add_ln58_84672_fu_3719_p2  |         +|   0|  0|   18|          11|          11|
    |add_ln58_84673_fu_3725_p2  |         +|   0|  0|   17|          10|          10|
    |add_ln58_84674_fu_3735_p2  |         +|   0|  0|   18|          11|          11|
    |add_ln58_84675_fu_6259_p2  |         +|   0|  0|   19|          12|          12|
    |add_ln58_84676_fu_6269_p2  |         +|   0|  0|   17|          13|          13|
    |add_ln58_84677_fu_1915_p2  |         +|   0|  0|   17|          10|          10|
    |add_ln58_84678_fu_3744_p2  |         +|   0|  0|   18|          11|          11|
    |add_ln58_84679_fu_1921_p2  |         +|   0|  0|   16|           9|           9|
    |add_ln58_84680_fu_3757_p2  |         +|   0|  0|   17|          10|          10|
    |add_ln58_84681_fu_3767_p2  |         +|   0|  0|   17|          12|          12|
    |add_ln58_84682_fu_1927_p2  |         +|   0|  0|   16|           9|           9|
    |add_ln58_84683_fu_1937_p2  |         +|   0|  0|   17|          10|          10|
    |add_ln58_84684_fu_1943_p2  |         +|   0|  0|   16|           9|           9|
    |add_ln58_84685_fu_1953_p2  |         +|   0|  0|   16|           9|           9|
    |add_ln58_84686_fu_1963_p2  |         +|   0|  0|   17|          10|          10|
    |add_ln58_84687_fu_3779_p2  |         +|   0|  0|   18|          11|          11|
    |add_ln58_84688_fu_3789_p2  |         +|   0|  0|   17|          12|          12|
    |add_ln58_84689_fu_6278_p2  |         +|   0|  0|   17|          13|          13|
    |add_ln58_84690_fu_3795_p2  |         +|   0|  0|   17|          12|          12|
    |add_ln58_84691_fu_3801_p2  |         +|   0|  0|   17|          12|          12|
    |add_ln58_84692_fu_3807_p2  |         +|   0|  0|   17|          10|          10|
    |add_ln58_84693_fu_3821_p2  |         +|   0|  0|   18|          11|          11|
    |add_ln58_84694_fu_6290_p2  |         +|   0|  0|   20|          13|          13|
    |add_ln58_84695_fu_3827_p2  |         +|   0|  0|   17|          10|          10|
    |add_ln58_84696_fu_3837_p2  |         +|   0|  0|   18|          11|          11|
    |add_ln58_84697_fu_3843_p2  |         +|   0|  0|   17|          10|          10|
    |add_ln58_84698_fu_3853_p2  |         +|   0|  0|   18|          11|          11|
    |add_ln58_84699_fu_6305_p2  |         +|   0|  0|   19|          12|          12|
    |add_ln58_84700_fu_6315_p2  |         +|   0|  0|   17|          13|          13|
    |add_ln58_84701_fu_1969_p2  |         +|   0|  0|   17|          10|          10|
    |add_ln58_84702_fu_1979_p2  |         +|   0|  0|   18|          11|          11|
    |add_ln58_84703_fu_1985_p2  |         +|   0|  0|   17|          10|          10|
    |add_ln58_84704_fu_3868_p2  |         +|   0|  0|   18|          11|          11|
    |add_ln58_84705_fu_3878_p2  |         +|   0|  0|   19|          12|          12|
    |add_ln58_84706_fu_1991_p2  |         +|   0|  0|   16|           9|           9|
    |add_ln58_84707_fu_3887_p2  |         +|   0|  0|   17|          10|          10|
    |add_ln58_84708_fu_1997_p2  |         +|   0|  0|   16|           9|           9|
    |add_ln58_84709_fu_3896_p2  |         +|   0|  0|   17|          10|          10|
    |add_ln58_84710_fu_3904_p2  |         +|   0|  0|   18|          11|          11|
    |add_ln58_84711_fu_6327_p2  |         +|   0|  0|   20|          13|          13|
    |add_ln58_84712_fu_6333_p2  |         +|   0|  0|   17|          13|          13|
    |add_ln58_84713_fu_3910_p2  |         +|   0|  0|   17|          10|          10|
    |add_ln58_84714_fu_3923_p2  |         +|   0|  0|   18|          11|          11|
    |add_ln58_84715_fu_3929_p2  |         +|   0|  0|   17|          10|          10|
    |add_ln58_84716_fu_3939_p2  |         +|   0|  0|   18|          11|          11|
    |add_ln58_84717_fu_6345_p2  |         +|   0|  0|   19|          12|          12|
    |add_ln58_84718_fu_3945_p2  |         +|   0|  0|   18|          11|          11|
    |add_ln58_84719_fu_3955_p2  |         +|   0|  0|   17|          12|          12|
    |add_ln58_84720_fu_3960_p2  |         +|   0|  0|   17|          12|          12|
    |add_ln58_84721_fu_3970_p2  |         +|   0|  0|   20|          13|          13|
    |add_ln58_84722_fu_6355_p2  |         +|   0|  0|   17|          13|          13|
    |add_ln58_84723_fu_3976_p2  |         +|   0|  0|   17|          10|          10|
    |add_ln58_84724_fu_3986_p2  |         +|   0|  0|   17|          10|          10|
    |add_ln58_84725_fu_3996_p2  |         +|   0|  0|   18|          11|          11|
    |add_ln58_84726_fu_4002_p2  |         +|   0|  0|   17|          10|          10|
    |add_ln58_84727_fu_4012_p2  |         +|   0|  0|   17|          10|          10|
    |add_ln58_84728_fu_4021_p2  |         +|   0|  0|   18|          11|          11|
    |add_ln58_84729_fu_6366_p2  |         +|   0|  0|   19|          12|          12|
    |add_ln58_84730_fu_6376_p2  |         +|   0|  0|   17|          13|          13|
    |add_ln58_84731_fu_4027_p2  |         +|   0|  0|   19|          12|          12|
    |add_ln58_84732_fu_6385_p2  |         +|   0|  0|   17|          13|          13|
    |add_ln58_84733_fu_6391_p2  |         +|   0|  0|   17|          13|          13|
    |add_ln58_84734_fu_4033_p2  |         +|   0|  0|   18|          11|          11|
    |add_ln58_84735_fu_4039_p2  |         +|   0|  0|   17|          10|          10|
    |add_ln58_84736_fu_4048_p2  |         +|   0|  0|   17|          10|          10|
    |add_ln58_84737_fu_4056_p2  |         +|   0|  0|   18|          11|          11|
    |add_ln58_84738_fu_6403_p2  |         +|   0|  0|   19|          12|          12|
    |add_ln58_84739_fu_6413_p2  |         +|   0|  0|   17|          13|          13|
    |add_ln58_84740_fu_4062_p2  |         +|   0|  0|   18|          11|          11|
    |add_ln58_84741_fu_4068_p2  |         +|   0|  0|   17|          10|          10|
    |add_ln58_84742_fu_4077_p2  |         +|   0|  0|   18|          11|          11|
    |add_ln58_84743_fu_6425_p2  |         +|   0|  0|   19|          12|          12|
    |add_ln58_84744_fu_6435_p2  |         +|   0|  0|   17|          13|          13|
    |add_ln58_84745_fu_4083_p2  |         +|   0|  0|   17|          12|          12|
    |add_ln58_84746_fu_4089_p2  |         +|   0|  0|   17|          12|          12|
    |add_ln58_84747_fu_4095_p2  |         +|   0|  0|   17|          10|          10|
    |add_ln58_84748_fu_4105_p2  |         +|   0|  0|   18|          11|          11|
    |add_ln58_84749_fu_6447_p2  |         +|   0|  0|   20|          13|          13|
    |add_ln58_84750_fu_4111_p2  |         +|   0|  0|   17|          10|          10|
    |add_ln58_84751_fu_4121_p2  |         +|   0|  0|   18|          11|          11|
    |add_ln58_84752_fu_4127_p2  |         +|   0|  0|   17|          10|          10|
    |add_ln58_84753_fu_4135_p2  |         +|   0|  0|   18|          11|          11|
    |add_ln58_84754_fu_6459_p2  |         +|   0|  0|   19|          12|          12|
    |add_ln58_84755_fu_6469_p2  |         +|   0|  0|   17|          13|          13|
    |add_ln58_84756_fu_4141_p2  |         +|   0|  0|   17|          10|          10|
    |add_ln58_84757_fu_4151_p2  |         +|   0|  0|   17|          10|          10|
    |add_ln58_84758_fu_4161_p2  |         +|   0|  0|   18|          11|          11|
    |add_ln58_84759_fu_2007_p2  |         +|   0|  0|   16|           9|           9|
    |add_ln58_84760_fu_4170_p2  |         +|   0|  0|   17|          10|          10|
    |add_ln58_84761_fu_2013_p2  |         +|   0|  0|   16|           9|           9|
    |add_ln58_84762_fu_2023_p2  |         +|   0|  0|   17|          10|          10|
    |add_ln58_84763_fu_4183_p2  |         +|   0|  0|   18|          11|          11|
    |add_ln58_84764_fu_6481_p2  |         +|   0|  0|   19|          12|          12|
    |add_ln58_84765_fu_6491_p2  |         +|   0|  0|   17|          13|          13|
    |add_ln58_84766_fu_4192_p2  |         +|   0|  0|   17|          10|          10|
    |add_ln58_84767_fu_4202_p2  |         +|   0|  0|   17|          12|          12|
    |add_ln58_84768_fu_4208_p2  |         +|   0|  0|   17|          12|          12|
    |add_ln58_84769_fu_4214_p2  |         +|   0|  0|   18|          11|          11|
    |add_ln58_84770_fu_6503_p2  |         +|   0|  0|   20|          13|          13|
    |add_ln58_84771_fu_4220_p2  |         +|   0|  0|   17|          10|          10|
    |add_ln58_84772_fu_4230_p2  |         +|   0|  0|   18|          11|          11|
    |add_ln58_84773_fu_4236_p2  |         +|   0|  0|   17|          10|          10|
    |add_ln58_84774_fu_4246_p2  |         +|   0|  0|   18|          11|          11|
    |add_ln58_84775_fu_6515_p2  |         +|   0|  0|   19|          12|          12|
    |add_ln58_84776_fu_6525_p2  |         +|   0|  0|   17|          13|          13|
    |add_ln58_84777_fu_4252_p2  |         +|   0|  0|   18|          11|          11|
    |add_ln58_84778_fu_2029_p2  |         +|   0|  0|   16|           9|           9|
    |add_ln58_84779_fu_4265_p2  |         +|   0|  0|   17|          10|          10|
    |add_ln58_84780_fu_4275_p2  |         +|   0|  0|   19|          12|          12|
    |add_ln58_84781_fu_2035_p2  |         +|   0|  0|   16|           9|           9|
    |add_ln58_84782_fu_2045_p2  |         +|   0|  0|   17|          10|          10|
    |add_ln58_84783_fu_2051_p2  |         +|   0|  0|   16|           9|           9|
    |add_ln58_84784_fu_4287_p2  |         +|   0|  0|   17|          10|          10|
    |add_ln58_84785_fu_4297_p2  |         +|   0|  0|   18|          11|          11|
    |add_ln58_84786_fu_6537_p2  |         +|   0|  0|   20|          13|          13|
    |add_ln58_84787_fu_6543_p2  |         +|   0|  0|   17|          13|          13|
    |add_ln58_84788_fu_4303_p2  |         +|   0|  0|   17|          12|          12|
    |add_ln58_84789_fu_4309_p2  |         +|   0|  0|   17|          12|          12|
    |add_ln58_84790_fu_4315_p2  |         +|   0|  0|   18|          11|          11|
    |add_ln58_84791_fu_6555_p2  |         +|   0|  0|   20|          13|          13|
    |add_ln58_84792_fu_4321_p2  |         +|   0|  0|   18|          11|          11|
    |add_ln58_84793_fu_4327_p2  |         +|   0|  0|   18|          11|          11|
    |add_ln58_84794_fu_6567_p2  |         +|   0|  0|   19|          12|          12|
    |add_ln58_84795_fu_6577_p2  |         +|   0|  0|   17|          13|          13|
    |add_ln58_84796_fu_4333_p2  |         +|   0|  0|   18|          11|          11|
    |add_ln58_84797_fu_4343_p2  |         +|   0|  0|   17|          10|          10|
    |add_ln58_84798_fu_4353_p2  |         +|   0|  0|   17|          12|          12|
    |add_ln58_84799_fu_2057_p2  |         +|   0|  0|   16|           9|           9|
    |add_ln58_84800_fu_2067_p2  |         +|   0|  0|   17|          10|          10|
    |add_ln58_84801_fu_2073_p2  |         +|   0|  0|   17|          10|          10|
    |add_ln58_84802_fu_4365_p2  |         +|   0|  0|   18|          11|          11|
    |add_ln58_84803_fu_4375_p2  |         +|   0|  0|   17|          12|          12|
    |add_ln58_84804_fu_6586_p2  |         +|   0|  0|   17|          13|          13|
    |add_ln58_84805_fu_4381_p2  |         +|   0|  0|   19|          12|          12|
    |add_ln58_84806_fu_4387_p2  |         +|   0|  0|   17|          10|          10|
    |add_ln58_84807_fu_4401_p2  |         +|   0|  0|   18|          11|          11|
    |add_ln58_84808_fu_6598_p2  |         +|   0|  0|   20|          13|          13|
    |add_ln58_84809_fu_4407_p2  |         +|   0|  0|   17|          10|          10|
    |add_ln58_84810_fu_4417_p2  |         +|   0|  0|   18|          11|          11|
    |add_ln58_84811_fu_6607_p2  |         +|   0|  0|   19|          12|          12|
    |add_ln58_84812_fu_6617_p2  |         +|   0|  0|   17|          13|          13|
    |add_ln58_84813_fu_4423_p2  |         +|   0|  0|   18|          11|          11|
    |add_ln58_84814_fu_2079_p2  |         +|   0|  0|   17|          10|          10|
    |add_ln58_84815_fu_2089_p2  |         +|   0|  0|   16|           9|           9|
    |add_ln58_84816_fu_2099_p2  |         +|   0|  0|   18|          11|          11|
    |add_ln58_84817_fu_4436_p2  |         +|   0|  0|   19|          12|          12|
    |add_ln58_84818_fu_4442_p2  |         +|   0|  0|   17|          10|          10|
    |add_ln58_84819_fu_2105_p2  |         +|   0|  0|   16|           9|           9|
    |add_ln58_84820_fu_4455_p2  |         +|   0|  0|   17|          10|          10|
    |add_ln58_84821_fu_4464_p2  |         +|   0|  0|   18|          11|          11|
    |add_ln58_84822_fu_6629_p2  |         +|   0|  0|   20|          13|          13|
    |add_ln58_84823_fu_6635_p2  |         +|   0|  0|   17|          13|          13|
    |add_ln58_84824_fu_4470_p2  |         +|   0|  0|   19|          12|          12|
    |add_ln58_84825_fu_4476_p2  |         +|   0|  0|   17|          10|          10|
    |add_ln58_84826_fu_4486_p2  |         +|   0|  0|   18|          11|          11|
    |add_ln58_84827_fu_6647_p2  |         +|   0|  0|   20|          13|          13|
    |add_ln58_84828_fu_4492_p2  |         +|   0|  0|   17|          10|          10|
    |add_ln58_84829_fu_4502_p2  |         +|   0|  0|   18|          11|          11|
    |add_ln58_84830_fu_6656_p2  |         +|   0|  0|   19|          12|          12|
    |add_ln58_84831_fu_6666_p2  |         +|   0|  0|   17|          13|          13|
    |add_ln58_84832_fu_4508_p2  |         +|   0|  0|   18|          11|          11|
    |add_ln58_84833_fu_2111_p2  |         +|   0|  0|   16|           9|           9|
    |add_ln58_84834_fu_2121_p2  |         +|   0|  0|   16|           9|           9|
    |add_ln58_84835_fu_2131_p2  |         +|   0|  0|   17|          10|          10|
    |add_ln58_84836_fu_4521_p2  |         +|   0|  0|   19|          12|          12|
    |add_ln58_84837_fu_4527_p2  |         +|   0|  0|   17|          10|          10|
    |add_ln58_84838_fu_2137_p2  |         +|   0|  0|   16|           9|           9|
    |add_ln58_84839_fu_4540_p2  |         +|   0|  0|   17|          10|          10|
    |add_ln58_84840_fu_4549_p2  |         +|   0|  0|   18|          11|          11|
    |add_ln58_84841_fu_6678_p2  |         +|   0|  0|   20|          13|          13|
    |add_ln58_84842_fu_6684_p2  |         +|   0|  0|   17|          13|          13|
    |add_ln58_84843_fu_4555_p2  |         +|   0|  0|   17|          10|          10|
    |add_ln58_84844_fu_4565_p2  |         +|   0|  0|   18|          11|          11|
    |add_ln58_84845_fu_4571_p2  |         +|   0|  0|   18|          11|          11|
    |add_ln58_84846_fu_6696_p2  |         +|   0|  0|   19|          12|          12|
    |add_ln58_84847_fu_4577_p2  |         +|   0|  0|   18|          11|          11|
    |add_ln58_84848_fu_4583_p2  |         +|   0|  0|   17|          10|          10|
    |add_ln58_84849_fu_4591_p2  |         +|   0|  0|   18|          11|          11|
    |add_ln58_84850_fu_6712_p2  |         +|   0|  0|   19|          12|          12|
    |add_ln58_84851_fu_6722_p2  |         +|   0|  0|   17|          13|          13|
    |add_ln58_84852_fu_4597_p2  |         +|   0|  0|   18|          11|          11|
    |add_ln58_84853_fu_4607_p2  |         +|   0|  0|   18|          11|          11|
    |add_ln58_84854_fu_2143_p2  |         +|   0|  0|   16|           9|           9|
    |add_ln58_84855_fu_4619_p2  |         +|   0|  0|   17|          12|          12|
    |add_ln58_84856_fu_4625_p2  |         +|   0|  0|   17|          12|          12|
    |add_ln58_84857_fu_2149_p2  |         +|   0|  0|   16|           9|           9|
    |add_ln58_84858_fu_4634_p2  |         +|   0|  0|   17|          10|          10|
    |add_ln58_84859_fu_2155_p2  |         +|   0|  0|   16|           9|           9|
    |add_ln58_84860_fu_4647_p2  |         +|   0|  0|   17|          10|          10|
    |add_ln58_84861_fu_4656_p2  |         +|   0|  0|   18|          11|          11|
    |add_ln58_84862_fu_6734_p2  |         +|   0|  0|   20|          13|          13|
    |add_ln58_84863_fu_6740_p2  |         +|   0|  0|   17|          13|          13|
    |add_ln58_84864_fu_2161_p2  |         +|   0|  0|   17|          11|          11|
    |add_ln58_84865_fu_2167_p2  |         +|   0|  0|   17|          11|          11|
    |add_ln58_84866_fu_4662_p2  |         +|   0|  0|   17|          10|          10|
    |add_ln58_84867_fu_4672_p2  |         +|   0|  0|   18|          11|          11|
    |add_ln58_84868_fu_6752_p2  |         +|   0|  0|   19|          12|          12|
    |add_ln58_84869_fu_4678_p2  |         +|   0|  0|   17|          10|          10|
    |add_ln58_84870_fu_4687_p2  |         +|   0|  0|   18|          11|          11|
    |add_ln58_84871_fu_2173_p2  |         +|   0|  0|   16|           9|           9|
    |add_ln58_84872_fu_4696_p2  |         +|   0|  0|   17|          10|          10|
    |add_ln58_84873_fu_6768_p2  |         +|   0|  0|   19|          12|          12|
    |add_ln58_84874_fu_6778_p2  |         +|   0|  0|   17|          13|          13|
    |add_ln58_84875_fu_2179_p2  |         +|   0|  0|   16|           9|           9|
    |add_ln58_84876_fu_4705_p2  |         +|   0|  0|   17|          10|          10|
    |add_ln58_84877_fu_2185_p2  |         +|   0|  0|   16|           9|           9|
    |add_ln58_84878_fu_4718_p2  |         +|   0|  0|   17|          10|          10|
    |add_ln58_84879_fu_4728_p2  |         +|   0|  0|   18|          11|          11|
    |add_ln58_84880_fu_4734_p2  |         +|   0|  0|   17|          10|          10|
    |add_ln58_84881_fu_4743_p2  |         +|   0|  0|   17|          10|          10|
    |add_ln58_84882_fu_4753_p2  |         +|   0|  0|   18|          11|          11|
    |add_ln58_84883_fu_6790_p2  |         +|   0|  0|   19|          12|          12|
    |add_ln58_84884_fu_6800_p2  |         +|   0|  0|   17|          13|          13|
    |add_ln58_84885_fu_2191_p2  |         +|   0|  0|   17|          10|          10|
    |add_ln58_84886_fu_2201_p2  |         +|   0|  0|   19|          12|          12|
    |add_ln58_84887_fu_4759_p2  |         +|   0|  0|   17|          10|          10|
    |add_ln58_84888_fu_4768_p2  |         +|   0|  0|   18|          11|          11|
    |add_ln58_84889_fu_6812_p2  |         +|   0|  0|   20|          13|          13|
    |add_ln58_84890_fu_4774_p2  |         +|   0|  0|   18|          11|          11|
    |add_ln58_84891_fu_6821_p2  |         +|   0|  0|   19|          12|          12|
    |add_ln58_84892_fu_6831_p2  |         +|   0|  0|   17|          13|          13|
    |add_ln58_84893_fu_4780_p2  |         +|   0|  0|   17|          10|          10|
    |add_ln58_84894_fu_4790_p2  |         +|   0|  0|   18|          11|          11|
    |add_ln58_84895_fu_4796_p2  |         +|   0|  0|   17|          10|          10|
    |add_ln58_84896_fu_4806_p2  |         +|   0|  0|   18|          11|          11|
    |add_ln58_84897_fu_6843_p2  |         +|   0|  0|   19|          12|          12|
    |add_ln58_84898_fu_6853_p2  |         +|   0|  0|   17|          13|          13|
    |add_ln58_84899_fu_4812_p2  |         +|   0|  0|   18|          11|          11|
    |add_ln58_84900_fu_4817_p2  |         +|   0|  0|   17|          10|          10|
    |add_ln58_84901_fu_4826_p2  |         +|   0|  0|   18|          11|          11|
    |add_ln58_84902_fu_6865_p2  |         +|   0|  0|   19|          12|          12|
    |add_ln58_84903_fu_4832_p2  |         +|   0|  0|   18|          11|          11|
    |add_ln58_84904_fu_4838_p2  |         +|   0|  0|   17|          10|          10|
    |add_ln58_84905_fu_4848_p2  |         +|   0|  0|   18|          11|          11|
    |add_ln58_84906_fu_6881_p2  |         +|   0|  0|   19|          12|          12|
    |add_ln58_84907_fu_6891_p2  |         +|   0|  0|   17|          13|          13|
    |add_ln58_84908_fu_2207_p2  |         +|   0|  0|   17|          10|          10|
    |add_ln58_84909_fu_4857_p2  |         +|   0|  0|   18|          11|          11|
    |add_ln58_84910_fu_2213_p2  |         +|   0|  0|   17|          10|          10|
    |add_ln58_84911_fu_2223_p2  |         +|   0|  0|   16|           9|           9|
    |add_ln58_84912_fu_2232_p2  |         +|   0|  0|   18|          11|          11|
    |add_ln58_84913_fu_4870_p2  |         +|   0|  0|   19|          12|          12|
    |add_ln58_84914_fu_4876_p2  |         +|   0|  0|   17|          10|          10|
    |add_ln58_84915_fu_4886_p2  |         +|   0|  0|   17|          10|          10|
    |add_ln58_84916_fu_4896_p2  |         +|   0|  0|   18|          11|          11|
    |add_ln58_84917_fu_6903_p2  |         +|   0|  0|   20|          13|          13|
    |add_ln58_84918_fu_6909_p2  |         +|   0|  0|   17|          13|          13|
    |add_ln58_84919_fu_4902_p2  |         +|   0|  0|   19|          12|          12|
    |add_ln58_84920_fu_4908_p2  |         +|   0|  0|   18|          11|          11|
    |add_ln58_84921_fu_6921_p2  |         +|   0|  0|   20|          13|          13|
    |add_ln58_84922_fu_4914_p2  |         +|   0|  0|   18|          11|          11|
    |add_ln58_84923_fu_6930_p2  |         +|   0|  0|   19|          12|          12|
    |add_ln58_84924_fu_6940_p2  |         +|   0|  0|   17|          13|          13|
    |add_ln58_84925_fu_2238_p2  |         +|   0|  0|   17|          10|          10|
    |add_ln58_84926_fu_2244_p2  |         +|   0|  0|   16|           9|           9|
    |add_ln58_84927_fu_2254_p2  |         +|   0|  0|   17|          10|          10|
    |add_ln58_84928_fu_4926_p2  |         +|   0|  0|   18|          11|          11|
    |add_ln58_84929_fu_2260_p2  |         +|   0|  0|   17|          10|          10|
    |add_ln58_84930_fu_2266_p2  |         +|   0|  0|   16|           9|           9|
    |add_ln58_84931_fu_2276_p2  |         +|   0|  0|   17|          10|          10|
    |add_ln58_84932_fu_4942_p2  |         +|   0|  0|   18|          11|          11|
    |add_ln58_84933_fu_4952_p2  |         +|   0|  0|   19|          12|          12|
    |add_ln58_84934_fu_6949_p2  |         +|   0|  0|   17|          13|          13|
    |add_ln58_84935_fu_4958_p2  |         +|   0|  0|   18|          11|          11|
    |add_ln58_84936_fu_4967_p2  |         +|   0|  0|   19|          12|          12|
    |add_ln58_84937_fu_6958_p2  |         +|   0|  0|   20|          13|          13|
    |add_ln58_84938_fu_4973_p2  |         +|   0|  0|   17|          10|          10|
    |add_ln58_84939_fu_4983_p2  |         +|   0|  0|   18|          11|          11|
    |add_ln58_84940_fu_4989_p2  |         +|   0|  0|   18|          11|          11|
    |add_ln58_84941_fu_6970_p2  |         +|   0|  0|   19|          12|          12|
    |add_ln58_84942_fu_6980_p2  |         +|   0|  0|   17|          13|          13|
    |add_ln58_84943_fu_2282_p2  |         +|   0|  0|   16|           9|           9|
    |add_ln58_84944_fu_4998_p2  |         +|   0|  0|   17|          10|          10|
    |add_ln58_84945_fu_5008_p2  |         +|   0|  0|   19|          12|          12|
    |add_ln58_84946_fu_5014_p2  |         +|   0|  0|   17|          10|          10|
    |add_ln58_84947_fu_2288_p2  |         +|   0|  0|   16|           9|           9|
    |add_ln58_84948_fu_5026_p2  |         +|   0|  0|   17|          10|          10|
    |add_ln58_84949_fu_5036_p2  |         +|   0|  0|   18|          11|          11|
    |add_ln58_84950_fu_6992_p2  |         +|   0|  0|   20|          13|          13|
    |add_ln58_84951_fu_6998_p2  |         +|   0|  0|   17|          13|          13|
    |add_ln58_84952_fu_5042_p2  |         +|   0|  0|   17|          10|          10|
    |add_ln58_84953_fu_5056_p2  |         +|   0|  0|   19|          12|          12|
    |add_ln58_84954_fu_7007_p2  |         +|   0|  0|   20|          13|          13|
    |add_ln58_84955_fu_5062_p2  |         +|   0|  0|   18|          11|          11|
    |add_ln58_84956_fu_5068_p2  |         +|   0|  0|   18|          11|          11|
    |add_ln58_84957_fu_7019_p2  |         +|   0|  0|   19|          12|          12|
    |add_ln58_84958_fu_7029_p2  |         +|   0|  0|   17|          13|          13|
    |add_ln58_84959_fu_5074_p2  |         +|   0|  0|   18|          11|          11|
    |add_ln58_84960_fu_2294_p2  |         +|   0|  0|   16|           9|           9|
    |add_ln58_84961_fu_2304_p2  |         +|   0|  0|   16|           9|           9|
    |add_ln58_84962_fu_2314_p2  |         +|   0|  0|   17|          10|          10|
    |add_ln58_84963_fu_5087_p2  |         +|   0|  0|   17|          12|          12|
    |add_ln58_84964_fu_2320_p2  |         +|   0|  0|   17|          10|          10|
    |add_ln58_84965_fu_5096_p2  |         +|   0|  0|   18|          11|          11|
    |add_ln58_84966_fu_5106_p2  |         +|   0|  0|   17|          12|          12|
    |add_ln58_84967_fu_7038_p2  |         +|   0|  0|   17|          13|          13|
    |add_ln58_84968_fu_5112_p2  |         +|   0|  0|   19|          12|          12|
    |add_ln58_84969_fu_5118_p2  |         +|   0|  0|   17|          10|          10|
    |add_ln58_84970_fu_5128_p2  |         +|   0|  0|   18|          11|          11|
    |add_ln58_84971_fu_7050_p2  |         +|   0|  0|   20|          13|          13|
    |add_ln58_84972_fu_5134_p2  |         +|   0|  0|   17|          10|          10|
    |add_ln58_84973_fu_5144_p2  |         +|   0|  0|   18|          11|          11|
    |add_ln58_84974_fu_5150_p2  |         +|   0|  0|   17|          10|          10|
    |add_ln58_84975_fu_2326_p2  |         +|   0|  0|   16|           9|           9|
    |add_ln58_84976_fu_5162_p2  |         +|   0|  0|   18|          11|          11|
    |add_ln58_84977_fu_7062_p2  |         +|   0|  0|   19|          12|          12|
    |add_ln58_84978_fu_7072_p2  |         +|   0|  0|   17|          13|          13|
    |add_ln58_84979_fu_2332_p2  |         +|   0|  0|   16|           9|           9|
    |add_ln58_84980_fu_5171_p2  |         +|   0|  0|   17|          10|          10|
    |add_ln58_84981_fu_5181_p2  |         +|   0|  0|   17|          10|          10|
    |add_ln58_84982_fu_5191_p2  |         +|   0|  0|   18|          11|          11|
    |add_ln58_84983_fu_5197_p2  |         +|   0|  0|   17|          10|          10|
    |add_ln58_84984_fu_5207_p2  |         +|   0|  0|   18|          11|          11|
    |add_ln58_84985_fu_7084_p2  |         +|   0|  0|   19|          12|          12|
    |add_ln58_84986_fu_7094_p2  |         +|   0|  0|   17|          13|          13|
    |add_ln58_84987_fu_5213_p2  |         +|   0|  0|   17|          12|          12|
    |add_ln58_84988_fu_5219_p2  |         +|   0|  0|   17|          12|          12|
    |add_ln58_84989_fu_5225_p2  |         +|   0|  0|   17|          10|          10|
    |add_ln58_84990_fu_5235_p2  |         +|   0|  0|   18|          11|          11|
    |add_ln58_84991_fu_7106_p2  |         +|   0|  0|   20|          13|          13|
    |add_ln58_84992_fu_5241_p2  |         +|   0|  0|   17|          10|          10|
    |add_ln58_84993_fu_5251_p2  |         +|   0|  0|   18|          11|          11|
    |add_ln58_84994_fu_5257_p2  |         +|   0|  0|   18|          11|          11|
    |add_ln58_84995_fu_7118_p2  |         +|   0|  0|   19|          12|          12|
    |add_ln58_84996_fu_7128_p2  |         +|   0|  0|   17|          13|          13|
    |add_ln58_84997_fu_5263_p2  |         +|   0|  0|   17|          10|          10|
    |add_ln58_84998_fu_5273_p2  |         +|   0|  0|   18|          11|          11|
    |add_ln58_84999_fu_5279_p2  |         +|   0|  0|   17|          10|          10|
    |add_ln58_85000_fu_5288_p2  |         +|   0|  0|   17|          10|          10|
    |add_ln58_85001_fu_5298_p2  |         +|   0|  0|   18|          11|          11|
    |add_ln58_85002_fu_7140_p2  |         +|   0|  0|   19|          12|          12|
    |add_ln58_85003_fu_7150_p2  |         +|   0|  0|   17|          13|          13|
    |add_ln58_85004_fu_5304_p2  |         +|   0|  0|   17|          12|          12|
    |add_ln58_85005_fu_5310_p2  |         +|   0|  0|   17|          12|          12|
    |add_ln58_85006_fu_7159_p2  |         +|   0|  0|   20|          13|          13|
    |add_ln58_85007_fu_5316_p2  |         +|   0|  0|   18|          11|          11|
    |add_ln58_85008_fu_5322_p2  |         +|   0|  0|   17|          10|          10|
    |add_ln58_85009_fu_5330_p2  |         +|   0|  0|   17|          10|          10|
    |add_ln58_85010_fu_5338_p2  |         +|   0|  0|   18|          11|          11|
    |add_ln58_85011_fu_7171_p2  |         +|   0|  0|   19|          12|          12|
    |add_ln58_85012_fu_7181_p2  |         +|   0|  0|   17|          13|          13|
    |add_ln58_85013_fu_5344_p2  |         +|   0|  0|   17|          10|          10|
    |add_ln58_85014_fu_2338_p2  |         +|   0|  0|   16|           9|           9|
    |add_ln58_85015_fu_5356_p2  |         +|   0|  0|   17|          10|          10|
    |add_ln58_85016_fu_5366_p2  |         +|   0|  0|   18|          11|          11|
    |add_ln58_85017_fu_2344_p2  |         +|   0|  0|   16|           9|           9|
    |add_ln58_85018_fu_5375_p2  |         +|   0|  0|   17|          10|          10|
    |add_ln58_85019_fu_5385_p2  |         +|   0|  0|   17|          10|          10|
    |add_ln58_85020_fu_5394_p2  |         +|   0|  0|   18|          11|          11|
    |add_ln58_85021_fu_7193_p2  |         +|   0|  0|   19|          12|          12|
    |add_ln58_85022_fu_7203_p2  |         +|   0|  0|   17|          13|          13|
    |add_ln58_85023_fu_5400_p2  |         +|   0|  0|   17|          10|          10|
    |add_ln58_85024_fu_5409_p2  |         +|   0|  0|   19|          12|          12|
    |add_ln58_85025_fu_5415_p2  |         +|   0|  0|   17|          10|          10|
    |add_ln58_85026_fu_5424_p2  |         +|   0|  0|   18|          11|          11|
    |add_ln58_85027_fu_7215_p2  |         +|   0|  0|   20|          13|          13|
    |add_ln58_85028_fu_2350_p2  |         +|   0|  0|   17|          10|          10|
    |add_ln58_85029_fu_5433_p2  |         +|   0|  0|   18|          11|          11|
    |add_ln58_85030_fu_2356_p2  |         +|   0|  0|   16|           9|           9|
    |add_ln58_85031_fu_2366_p2  |         +|   0|  0|   16|           9|           9|
    |add_ln58_85032_fu_2376_p2  |         +|   0|  0|   17|          10|          10|
    |add_ln58_85033_fu_5446_p2  |         +|   0|  0|   19|          12|          12|
    |add_ln58_85034_fu_7224_p2  |         +|   0|  0|   17|          13|          13|
    |add_ln58_85035_fu_5452_p2  |         +|   0|  0|   17|          10|          10|
    |add_ln58_85036_fu_5461_p2  |         +|   0|  0|   17|          10|          10|
    |add_ln58_85037_fu_5471_p2  |         +|   0|  0|   18|          11|          11|
    |add_ln58_85038_fu_5477_p2  |         +|   0|  0|   17|          10|          10|
    |add_ln58_85039_fu_5485_p2  |         +|   0|  0|   18|          11|          11|
    |add_ln58_85040_fu_7236_p2  |         +|   0|  0|   19|          12|          12|
    |add_ln58_85041_fu_7246_p2  |         +|   0|  0|   17|          13|          13|
    |add_ln58_85042_fu_5491_p2  |         +|   0|  0|   18|          11|          11|
    |add_ln58_85043_fu_5496_p2  |         +|   0|  0|   17|          10|          10|
    |add_ln58_85044_fu_5506_p2  |         +|   0|  0|   18|          11|          11|
    |add_ln58_85045_fu_7258_p2  |         +|   0|  0|   19|          12|          12|
    |add_ln58_85046_fu_5512_p2  |         +|   0|  0|   17|          10|          10|
    |add_ln58_85047_fu_5522_p2  |         +|   0|  0|   18|          11|          11|
    |add_ln58_85048_fu_5528_p2  |         +|   0|  0|   18|          11|          11|
    |add_ln58_85049_fu_7274_p2  |         +|   0|  0|   19|          12|          12|
    |add_ln58_85050_fu_7284_p2  |         +|   0|  0|   17|          13|          13|
    |add_ln58_85051_fu_2382_p2  |         +|   0|  0|   17|          10|          10|
    |add_ln58_85052_fu_2392_p2  |         +|   0|  0|   16|           9|           9|
    |add_ln58_85053_fu_2402_p2  |         +|   0|  0|   18|          11|          11|
    |add_ln58_85054_fu_5537_p2  |         +|   0|  0|   19|          12|          12|
    |add_ln58_85055_fu_2408_p2  |         +|   0|  0|   16|           9|           9|
    |add_ln58_85056_fu_5546_p2  |         +|   0|  0|   17|          10|          10|
    |add_ln58_85057_fu_5556_p2  |         +|   0|  0|   17|          10|          10|
    |add_ln58_85058_fu_5566_p2  |         +|   0|  0|   18|          11|          11|
    |add_ln58_85059_fu_7296_p2  |         +|   0|  0|   20|          13|          13|
    |add_ln58_85060_fu_7302_p2  |         +|   0|  0|   17|          13|          13|
    |add_ln58_85061_fu_5572_p2  |         +|   0|  0|   19|          12|          12|
    |add_ln58_85062_fu_5578_p2  |         +|   0|  0|   17|          10|          10|
    |add_ln58_85063_fu_5588_p2  |         +|   0|  0|   18|          11|          11|
    |add_ln58_85064_fu_7314_p2  |         +|   0|  0|   20|          13|          13|
    |add_ln58_85065_fu_7320_p2  |         +|   0|  0|   19|          12|          12|
    |add_ln58_85066_fu_7330_p2  |         +|   0|  0|   17|          13|          13|
    |add_ln58_85067_fu_2414_p2  |         +|   0|  0|   17|          10|          10|
    |add_ln58_85068_fu_5597_p2  |         +|   0|  0|   18|          11|          11|
    |add_ln58_85069_fu_5607_p2  |         +|   0|  0|   17|          10|          10|
    |add_ln58_85070_fu_5617_p2  |         +|   0|  0|   19|          12|          12|
    |add_ln58_85071_fu_5623_p2  |         +|   0|  0|   17|          10|          10|
    |add_ln58_85072_fu_5632_p2  |         +|   0|  0|   18|          11|          11|
    |add_ln58_85073_fu_7342_p2  |         +|   0|  0|   20|          13|          13|
    |add_ln58_85074_fu_7348_p2  |         +|   0|  0|   17|          13|          13|
    |add_ln58_85075_fu_5638_p2  |         +|   0|  0|   19|          12|          12|
    |add_ln58_85076_fu_7357_p2  |         +|   0|  0|   20|          13|          13|
    |add_ln58_85077_fu_5644_p2  |         +|   0|  0|   18|          11|          11|
    |add_ln58_85078_fu_7366_p2  |         +|   0|  0|   19|          12|          12|
    |add_ln58_85079_fu_7375_p2  |         +|   0|  0|   17|          13|          13|
    |add_ln58_85080_fu_5650_p2  |         +|   0|  0|   17|          10|          10|
    |add_ln58_85081_fu_5659_p2  |         +|   0|  0|   17|          10|          10|
    |add_ln58_85082_fu_5669_p2  |         +|   0|  0|   18|          11|          11|
    |add_ln58_85083_fu_2420_p2  |         +|   0|  0|   16|           9|           9|
    |add_ln58_85084_fu_2430_p2  |         +|   0|  0|   17|          10|          10|
    |add_ln58_85085_fu_5678_p2  |         +|   0|  0|   18|          11|          11|
    |add_ln58_85086_fu_7387_p2  |         +|   0|  0|   19|          12|          12|
    |add_ln58_85087_fu_7397_p2  |         +|   0|  0|   17|          13|          13|
    |add_ln58_85088_fu_5684_p2  |         +|   0|  0|   18|          11|          11|
    |add_ln58_85089_fu_5692_p2  |         +|   0|  0|   19|          12|          12|
    |add_ln58_85090_fu_5698_p2  |         +|   0|  0|   18|          11|          11|
    |add_ln58_85091_fu_7409_p2  |         +|   0|  0|   20|          13|          13|
    |add_ln58_85092_fu_5704_p2  |         +|   0|  0|   18|          11|          11|
    |add_ln58_85093_fu_5710_p2  |         +|   0|  0|   17|          10|          10|
    |add_ln58_85094_fu_5718_p2  |         +|   0|  0|   18|          11|          11|
    |add_ln58_85095_fu_7421_p2  |         +|   0|  0|   19|          12|          12|
    |add_ln58_85096_fu_7431_p2  |         +|   0|  0|   17|          13|          13|
    |add_ln58_85097_fu_5724_p2  |         +|   0|  0|   17|          10|          10|
    |add_ln58_85098_fu_5733_p2  |         +|   0|  0|   17|          10|          10|
    |add_ln58_85099_fu_5743_p2  |         +|   0|  0|   18|          11|          11|
    |add_ln58_85100_fu_2436_p2  |         +|   0|  0|   16|           9|           9|
    |add_ln58_85101_fu_5752_p2  |         +|   0|  0|   17|          10|          10|
    |add_ln58_85102_fu_5762_p2  |         +|   0|  0|   18|          11|          11|
    |add_ln58_85103_fu_7443_p2  |         +|   0|  0|   19|          12|          12|
    |add_ln58_85104_fu_7453_p2  |         +|   0|  0|   17|          13|          13|
    |add_ln58_fu_578_p2         |         +|   0|  0|   17|          10|          10|
    |sub_ln73_3463_fu_298_p2    |         -|   0|  0|   28|           1|          21|
    |sub_ln73_3464_fu_359_p2    |         -|   0|  0|   28|           1|          21|
    |sub_ln73_3465_fu_394_p2    |         -|   0|  0|   28|           1|          21|
    |sub_ln73_3466_fu_421_p2    |         -|   0|  0|   28|           1|          21|
    |sub_ln73_3467_fu_448_p2    |         -|   0|  0|   28|           1|          21|
    |sub_ln73_3468_fu_475_p2    |         -|   0|  0|   28|           1|          21|
    |sub_ln73_3469_fu_682_p2    |         -|   0|  0|   28|           1|          21|
    |sub_ln73_3470_fu_709_p2    |         -|   0|  0|   28|           1|          21|
    |sub_ln73_3471_fu_736_p2    |         -|   0|  0|   28|           1|          21|
    |sub_ln73_3472_fu_763_p2    |         -|   0|  0|   28|           1|          21|
    |sub_ln73_3473_fu_790_p2    |         -|   0|  0|   28|           1|          21|
    |sub_ln73_3474_fu_817_p2    |         -|   0|  0|   28|           1|          21|
    |sub_ln73_3475_fu_844_p2    |         -|   0|  0|   28|           1|          21|
    |sub_ln73_3476_fu_871_p2    |         -|   0|  0|   28|           1|          21|
    |sub_ln73_3477_fu_898_p2    |         -|   0|  0|   28|           1|          21|
    |sub_ln73_3478_fu_925_p2    |         -|   0|  0|   28|           1|          21|
    |sub_ln73_3479_fu_952_p2    |         -|   0|  0|   28|           1|          21|
    |sub_ln73_3480_fu_979_p2    |         -|   0|  0|   28|           1|          21|
    |sub_ln73_3481_fu_1006_p2   |         -|   0|  0|   28|           1|          21|
    |sub_ln73_3482_fu_1033_p2   |         -|   0|  0|   28|           1|          21|
    |sub_ln73_3483_fu_1060_p2   |         -|   0|  0|   28|           1|          21|
    |sub_ln73_3484_fu_1087_p2   |         -|   0|  0|   28|           1|          21|
    |sub_ln73_3485_fu_1114_p2   |         -|   0|  0|   28|           1|          21|
    |sub_ln73_3486_fu_1141_p2   |         -|   0|  0|   28|           1|          21|
    |sub_ln73_3487_fu_1168_p2   |         -|   0|  0|   28|           1|          21|
    |sub_ln73_3488_fu_1199_p2   |         -|   0|  0|   28|           1|          21|
    |sub_ln73_3489_fu_1230_p2   |         -|   0|  0|   28|           1|          21|
    |sub_ln73_3490_fu_502_p2    |         -|   0|  0|   28|           1|          21|
    |sub_ln73_3491_fu_529_p2    |         -|   0|  0|   28|           1|          21|
    |sub_ln73_3492_fu_1271_p2   |         -|   0|  0|   28|           1|          21|
    |sub_ln73_3493_fu_556_p2    |         -|   0|  0|   28|           1|          21|
    |sub_ln73_fu_325_p2         |         -|   0|  0|   28|           1|          21|
    +---------------------------+----------+----+---+-----+------------+------------+
    |Total                      |          |   0|  0|12728|        7412|        8052|
    +---------------------------+----------+----+---+-----+------------+------------+

    * Multiplexer: 
    +--------------+----+-----------+-----+-----------+
    |     Name     | LUT| Input Size| Bits| Total Bits|
    +--------------+----+-----------+-----+-----------+
    |ap_return_0   |  14|          3|   13|         39|
    |ap_return_1   |  14|          3|   13|         39|
    |ap_return_10  |  14|          3|   13|         39|
    |ap_return_11  |  14|          3|   13|         39|
    |ap_return_12  |  14|          3|   13|         39|
    |ap_return_13  |  14|          3|   13|         39|
    |ap_return_14  |  14|          3|   13|         39|
    |ap_return_15  |  14|          3|   13|         39|
    |ap_return_16  |  14|          3|   13|         39|
    |ap_return_17  |  14|          3|   13|         39|
    |ap_return_18  |  14|          3|   13|         39|
    |ap_return_19  |  14|          3|   13|         39|
    |ap_return_2   |  14|          3|   13|         39|
    |ap_return_20  |  14|          3|   13|         39|
    |ap_return_21  |  14|          3|   13|         39|
    |ap_return_22  |  14|          3|   13|         39|
    |ap_return_23  |  14|          3|   13|         39|
    |ap_return_24  |  14|          3|   13|         39|
    |ap_return_25  |  14|          3|   13|         39|
    |ap_return_26  |  14|          3|   13|         39|
    |ap_return_27  |  14|          3|   13|         39|
    |ap_return_28  |  14|          3|   13|         39|
    |ap_return_29  |  14|          3|   13|         39|
    |ap_return_3   |  14|          3|   13|         39|
    |ap_return_30  |  14|          3|   13|         39|
    |ap_return_31  |  14|          3|   13|         39|
    |ap_return_4   |  14|          3|   13|         39|
    |ap_return_5   |  14|          3|   13|         39|
    |ap_return_6   |  14|          3|   13|         39|
    |ap_return_7   |  14|          3|   13|         39|
    |ap_return_8   |  14|          3|   13|         39|
    |ap_return_9   |  14|          3|   13|         39|
    +--------------+----+-----------+-----+-----------+
    |Total         | 448|         96|  416|       1248|
    +--------------+----+-----------+-----+-----------+

    * Register: 
    +-----------------------------------------+----+----+-----+-----------+
    |                   Name                  | FF | LUT| Bits| Const Bits|
    +-----------------------------------------+----+----+-----+-----------+
    |add_ln58_84434_reg_7936                  |  10|   0|   10|          0|
    |add_ln58_84437_reg_7941                  |  11|   0|   11|          0|
    |add_ln58_84438_reg_7947                  |  10|   0|   10|          0|
    |add_ln58_84442_reg_8181                  |  11|   0|   11|          0|
    |add_ln58_84443_reg_8187                  |  11|   0|   11|          0|
    |add_ln58_84445_reg_8192                  |  11|   0|   11|          0|
    |add_ln58_84446_reg_8198                  |  11|   0|   11|          0|
    |add_ln58_84447_reg_8203                  |  11|   0|   11|          0|
    |add_ln58_84449_reg_7958                  |  10|   0|   10|          0|
    |add_ln58_84450_reg_8214                  |  11|   0|   11|          0|
    |add_ln58_84452_reg_8225                  |  11|   0|   11|          0|
    |add_ln58_84455_reg_8230                  |  11|   0|   11|          0|
    |add_ln58_84456_reg_8235                  |  11|   0|   11|          0|
    |add_ln58_84457_reg_8240                  |  10|   0|   10|          0|
    |add_ln58_84460_reg_8245                  |  10|   0|   10|          0|
    |add_ln58_84462_reg_8772                  |  12|   0|   12|          0|
    |add_ln58_84465_reg_8250                  |  12|   0|   12|          0|
    |add_ln58_84466_reg_8256                  |  10|   0|   10|          0|
    |add_ln58_84469_reg_8293                  |   9|   0|    9|          0|
    |add_ln58_84470_reg_8299                  |  11|   0|   11|          0|
    |add_ln58_84471_reg_8777                  |  12|   0|   12|          0|
    |add_ln58_84474_reg_8782                  |  11|   0|   11|          0|
    |add_ln58_84477_reg_8787                  |  11|   0|   11|          0|
    |add_ln58_84480_reg_8792                  |  11|   0|   11|          0|
    |add_ln58_84484_reg_8797                  |  11|   0|   11|          0|
    |add_ln58_84485_reg_8304                  |   9|   0|    9|          0|
    |add_ln58_84486_reg_8309                  |   9|   0|    9|          0|
    |add_ln58_84487_reg_8802                  |  10|   0|   10|          0|
    |add_ln58_84489_reg_8314                  |   9|   0|    9|          0|
    |add_ln58_84491_reg_8319                  |   9|   0|    9|          0|
    |add_ln58_84492_reg_8324                  |   9|   0|    9|          0|
    |add_ln58_84494_reg_8807                  |  11|   0|   11|          0|
    |add_ln58_84497_reg_8329                  |   9|   0|    9|          0|
    |add_ln58_84499_reg_8812                  |  12|   0|   12|          0|
    |add_ln58_84501_reg_8817                  |  11|   0|   11|          0|
    |add_ln58_84504_reg_8823                  |  11|   0|   11|          0|
    |add_ln58_84507_reg_8828                  |  11|   0|   11|          0|
    |add_ln58_84510_reg_8335                  |   9|   0|    9|          0|
    |add_ln58_84512_reg_8341                  |   9|   0|    9|          0|
    |add_ln58_84513_reg_8346                  |   9|   0|    9|          0|
    |add_ln58_84515_reg_8833                  |  11|   0|   11|          0|
    |add_ln58_84517_reg_8351                  |  10|   0|   10|          0|
    |add_ln58_84519_reg_8363                  |   9|   0|    9|          0|
    |add_ln58_84521_reg_8838                  |  11|   0|   11|          0|
    |add_ln58_84524_reg_8843                  |  12|   0|   12|          0|
    |add_ln58_84526_reg_8848                  |  11|   0|   11|          0|
    |add_ln58_84529_reg_8853                  |  11|   0|   11|          0|
    |add_ln58_84530_reg_8368                  |  10|   0|   10|          0|
    |add_ln58_84531_reg_8858                  |  11|   0|   11|          0|
    |add_ln58_84534_reg_8373                  |  10|   0|   10|          0|
    |add_ln58_84536_reg_8378                  |  10|   0|   10|          0|
    |add_ln58_84538_reg_8863                  |  12|   0|   12|          0|
    |add_ln58_84539_reg_8383                  |   9|   0|    9|          0|
    |add_ln58_84541_reg_8388                  |   9|   0|    9|          0|
    |add_ln58_84542_reg_8393                  |   9|   0|    9|          0|
    |add_ln58_84544_reg_8868                  |  11|   0|   11|          0|
    |add_ln58_84548_reg_8873                  |  12|   0|   12|          0|
    |add_ln58_84550_reg_8878                  |  11|   0|   11|          0|
    |add_ln58_84552_reg_8883                  |  11|   0|   11|          0|
    |add_ln58_84554_reg_8398                  |   9|   0|    9|          0|
    |add_ln58_84555_reg_8888                  |  11|   0|   11|          0|
    |add_ln58_84559_reg_8403                  |   9|   0|    9|          0|
    |add_ln58_84560_reg_8408                  |   9|   0|    9|          0|
    |add_ln58_84562_reg_8893                  |  11|   0|   11|          0|
    |add_ln58_84563_reg_8413                  |   9|   0|    9|          0|
    |add_ln58_84565_reg_8418                  |   9|   0|    9|          0|
    |add_ln58_84566_reg_8423                  |   9|   0|    9|          0|
    |add_ln58_84568_reg_8898                  |  11|   0|   11|          0|
    |add_ln58_84572_reg_8903                  |  12|   0|   12|          0|
    |add_ln58_84575_reg_8908                  |  11|   0|   11|          0|
    |add_ln58_84578_reg_8913                  |  11|   0|   11|          0|
    |add_ln58_84581_reg_8918                  |  11|   0|   11|          0|
    |add_ln58_84584_reg_8428                  |  10|   0|   10|          0|
    |add_ln58_84588_reg_8433                  |  10|   0|   10|          0|
    |add_ln58_84589_reg_8923                  |  12|   0|   12|          0|
    |add_ln58_84595_reg_8928                  |  11|   0|   11|          0|
    |add_ln58_84600_reg_8933                  |  12|   0|   12|          0|
    |add_ln58_84602_reg_8938                  |  11|   0|   11|          0|
    |add_ln58_84605_reg_8943                  |  11|   0|   11|          0|
    |add_ln58_84607_reg_8948                  |  11|   0|   11|          0|
    |add_ln58_84610_reg_8456                  |  10|   0|   10|          0|
    |add_ln58_84611_reg_8953                  |  11|   0|   11|          0|
    |add_ln58_84612_reg_8461                  |   9|   0|    9|          0|
    |add_ln58_84613_reg_8958                  |  10|   0|   10|          0|
    |add_ln58_84616_reg_8466                  |   9|   0|    9|          0|
    |add_ln58_84617_reg_8471                  |   9|   0|    9|          0|
    |add_ln58_84619_reg_8963                  |  11|   0|   11|          0|
    |add_ln58_84623_reg_8968                  |  11|   0|   11|          0|
    |add_ln58_84624_reg_8973                  |  11|   0|   11|          0|
    |add_ln58_84627_reg_8978                  |  11|   0|   11|          0|
    |add_ln58_84628_reg_8476                  |  10|   0|   10|          0|
    |add_ln58_84630_reg_8983                  |  12|   0|   12|          0|
    |add_ln58_84633_reg_8482                  |   9|   0|    9|          0|
    |add_ln58_84635_reg_8488                  |   9|   0|    9|          0|
    |add_ln58_84637_reg_8988                  |  11|   0|   11|          0|
    |add_ln58_84638_reg_8493                  |   9|   0|    9|          0|
    |add_ln58_84640_reg_8498                  |   9|   0|    9|          0|
    |add_ln58_84642_reg_8993                  |  11|   0|   11|          0|
    |add_ln58_84645_reg_8998                  |  10|   0|   10|          0|
    |add_ln58_84649_reg_9003                  |  11|   0|   11|          0|
    |add_ln58_84651_reg_9009                  |  11|   0|   11|          0|
    |add_ln58_84654_reg_8503                  |   9|   0|    9|          0|
    |add_ln58_84657_reg_9014                  |  11|   0|   11|          0|
    |add_ln58_84658_reg_8508                  |   9|   0|    9|          0|
    |add_ln58_84662_reg_8513                  |  10|   0|   10|          0|
    |add_ln58_84663_reg_9019                  |  11|   0|   11|          0|
    |add_ln58_84667_reg_9024                  |  12|   0|   12|          0|
    |add_ln58_84669_reg_9029                  |  11|   0|   11|          0|
    |add_ln58_84672_reg_9034                  |  11|   0|   11|          0|
    |add_ln58_84674_reg_9039                  |  11|   0|   11|          0|
    |add_ln58_84677_reg_8518                  |  10|   0|   10|          0|
    |add_ln58_84679_reg_8523                  |   9|   0|    9|          0|
    |add_ln58_84683_reg_8528                  |  10|   0|   10|          0|
    |add_ln58_84686_reg_8538                  |  10|   0|   10|          0|
    |add_ln58_84688_reg_9044                  |  12|   0|   12|          0|
    |add_ln58_84691_reg_9049                  |  12|   0|   12|          0|
    |add_ln58_84693_reg_9054                  |  11|   0|   11|          0|
    |add_ln58_84696_reg_9059                  |  11|   0|   11|          0|
    |add_ln58_84698_reg_9065                  |  11|   0|   11|          0|
    |add_ln58_84702_reg_8543                  |  11|   0|   11|          0|
    |add_ln58_84703_reg_8548                  |  10|   0|   10|          0|
    |add_ln58_84705_reg_9075                  |  12|   0|   12|          0|
    |add_ln58_84706_reg_8553                  |   9|   0|    9|          0|
    |add_ln58_84710_reg_9080                  |  11|   0|   11|          0|
    |add_ln58_84714_reg_9085                  |  11|   0|   11|          0|
    |add_ln58_84716_reg_9090                  |  11|   0|   11|          0|
    |add_ln58_84721_reg_9095                  |  13|   0|   13|          0|
    |add_ln58_84725_reg_9100                  |  11|   0|   11|          0|
    |add_ln58_84728_reg_9105                  |  11|   0|   11|          0|
    |add_ln58_84731_reg_9110                  |  12|   0|   12|          0|
    |add_ln58_84734_reg_9115                  |  11|   0|   11|          0|
    |add_ln58_84737_reg_9120                  |  11|   0|   11|          0|
    |add_ln58_84740_reg_9125                  |  11|   0|   11|          0|
    |add_ln58_84742_reg_9130                  |  11|   0|   11|          0|
    |add_ln58_84746_reg_9135                  |  12|   0|   12|          0|
    |add_ln58_84748_reg_9140                  |  11|   0|   11|          0|
    |add_ln58_84751_reg_9145                  |  11|   0|   11|          0|
    |add_ln58_84753_reg_9150                  |  11|   0|   11|          0|
    |add_ln58_84758_reg_9155                  |  11|   0|   11|          0|
    |add_ln58_84759_reg_8566                  |   9|   0|    9|          0|
    |add_ln58_84762_reg_8577                  |  10|   0|   10|          0|
    |add_ln58_84763_reg_9160                  |  11|   0|   11|          0|
    |add_ln58_84768_reg_9165                  |  12|   0|   12|          0|
    |add_ln58_84769_reg_9170                  |  11|   0|   11|          0|
    |add_ln58_84772_reg_9175                  |  11|   0|   11|          0|
    |add_ln58_84774_reg_9180                  |  11|   0|   11|          0|
    |add_ln58_84778_reg_8582                  |   9|   0|    9|          0|
    |add_ln58_84780_reg_9185                  |  12|   0|   12|          0|
    |add_ln58_84782_reg_8587                  |  10|   0|   10|          0|
    |add_ln58_84783_reg_8592                  |   9|   0|    9|          0|
    |add_ln58_84785_reg_9190                  |  11|   0|   11|          0|
    |add_ln58_84789_reg_9195                  |  12|   0|   12|          0|
    |add_ln58_84790_reg_9200                  |  11|   0|   11|          0|
    |add_ln58_84792_reg_9205                  |  11|   0|   11|          0|
    |add_ln58_84793_reg_9210                  |  11|   0|   11|          0|
    |add_ln58_84800_reg_8597                  |  10|   0|   10|          0|
    |add_ln58_84801_reg_8602                  |  10|   0|   10|          0|
    |add_ln58_84803_reg_9215                  |  12|   0|   12|          0|
    |add_ln58_84805_reg_9220                  |  12|   0|   12|          0|
    |add_ln58_84807_reg_9225                  |  11|   0|   11|          0|
    |add_ln58_84810_reg_9230                  |  11|   0|   11|          0|
    |add_ln58_84816_reg_8607                  |  11|   0|   11|          0|
    |add_ln58_84817_reg_9235                  |  12|   0|   12|          0|
    |add_ln58_84819_reg_8612                  |   9|   0|    9|          0|
    |add_ln58_84821_reg_9240                  |  11|   0|   11|          0|
    |add_ln58_84824_reg_9245                  |  12|   0|   12|          0|
    |add_ln58_84826_reg_9250                  |  11|   0|   11|          0|
    |add_ln58_84829_reg_9255                  |  11|   0|   11|          0|
    |add_ln58_84835_reg_8617                  |  10|   0|   10|          0|
    |add_ln58_84836_reg_9260                  |  12|   0|   12|          0|
    |add_ln58_84838_reg_8622                  |   9|   0|    9|          0|
    |add_ln58_84840_reg_9265                  |  11|   0|   11|          0|
    |add_ln58_84844_reg_9270                  |  11|   0|   11|          0|
    |add_ln58_84845_reg_9275                  |  11|   0|   11|          0|
    |add_ln58_84847_reg_9280                  |  11|   0|   11|          0|
    |add_ln58_84849_reg_9285                  |  11|   0|   11|          0|
    |add_ln58_84854_reg_8627                  |   9|   0|    9|          0|
    |add_ln58_84856_reg_9290                  |  12|   0|   12|          0|
    |add_ln58_84857_reg_8632                  |   9|   0|    9|          0|
    |add_ln58_84859_reg_8637                  |   9|   0|    9|          0|
    |add_ln58_84861_reg_9295                  |  11|   0|   11|          0|
    |add_ln58_84865_reg_8642                  |  11|   0|   11|          0|
    |add_ln58_84865_reg_8642_pp0_iter3_reg    |  11|   0|   11|          0|
    |add_ln58_84867_reg_9300                  |  11|   0|   11|          0|
    |add_ln58_84870_reg_9305                  |  11|   0|   11|          0|
    |add_ln58_84871_reg_8647                  |   9|   0|    9|          0|
    |add_ln58_84872_reg_9310                  |  10|   0|   10|          0|
    |add_ln58_84875_reg_8652                  |   9|   0|    9|          0|
    |add_ln58_84877_reg_8657                  |   9|   0|    9|          0|
    |add_ln58_84879_reg_9315                  |  11|   0|   11|          0|
    |add_ln58_84882_reg_9320                  |  11|   0|   11|          0|
    |add_ln58_84886_reg_8662                  |  12|   0|   12|          0|
    |add_ln58_84886_reg_8662_pp0_iter3_reg    |  12|   0|   12|          0|
    |add_ln58_84888_reg_9325                  |  11|   0|   11|          0|
    |add_ln58_84890_reg_9330                  |  11|   0|   11|          0|
    |add_ln58_84894_reg_9335                  |  11|   0|   11|          0|
    |add_ln58_84896_reg_9340                  |  11|   0|   11|          0|
    |add_ln58_84899_reg_9345                  |  11|   0|   11|          0|
    |add_ln58_84901_reg_9350                  |  11|   0|   11|          0|
    |add_ln58_84903_reg_9355                  |  11|   0|   11|          0|
    |add_ln58_84905_reg_9360                  |  11|   0|   11|          0|
    |add_ln58_84908_reg_8667                  |  10|   0|   10|          0|
    |add_ln58_84912_reg_8672                  |  11|   0|   11|          0|
    |add_ln58_84913_reg_9365                  |  12|   0|   12|          0|
    |add_ln58_84916_reg_9370                  |  11|   0|   11|          0|
    |add_ln58_84919_reg_9375                  |  12|   0|   12|          0|
    |add_ln58_84920_reg_9380                  |  11|   0|   11|          0|
    |add_ln58_84922_reg_9385                  |  11|   0|   11|          0|
    |add_ln58_84925_reg_8677                  |  10|   0|   10|          0|
    |add_ln58_84927_reg_8682                  |  10|   0|   10|          0|
    |add_ln58_84929_reg_8687                  |  10|   0|   10|          0|
    |add_ln58_84931_reg_8692                  |  10|   0|   10|          0|
    |add_ln58_84933_reg_9390                  |  12|   0|   12|          0|
    |add_ln58_84936_reg_9395                  |  12|   0|   12|          0|
    |add_ln58_84939_reg_9400                  |  11|   0|   11|          0|
    |add_ln58_84940_reg_9405                  |  11|   0|   11|          0|
    |add_ln58_84943_reg_8697                  |   9|   0|    9|          0|
    |add_ln58_84945_reg_9410                  |  12|   0|   12|          0|
    |add_ln58_84947_reg_8702                  |   9|   0|    9|          0|
    |add_ln58_84949_reg_9415                  |  11|   0|   11|          0|
    |add_ln58_84953_reg_9420                  |  12|   0|   12|          0|
    |add_ln58_84955_reg_9425                  |  11|   0|   11|          0|
    |add_ln58_84956_reg_9430                  |  11|   0|   11|          0|
    |add_ln58_84962_reg_8707                  |  10|   0|   10|          0|
    |add_ln58_84964_reg_8712                  |  10|   0|   10|          0|
    |add_ln58_84966_reg_9435                  |  12|   0|   12|          0|
    |add_ln58_84968_reg_9440                  |  12|   0|   12|          0|
    |add_ln58_84970_reg_9445                  |  11|   0|   11|          0|
    |add_ln58_84973_reg_9450                  |  11|   0|   11|          0|
    |add_ln58_84975_reg_8717                  |   9|   0|    9|          0|
    |add_ln58_84976_reg_9455                  |  11|   0|   11|          0|
    |add_ln58_84979_reg_8722                  |   9|   0|    9|          0|
    |add_ln58_84982_reg_9460                  |  11|   0|   11|          0|
    |add_ln58_84984_reg_9465                  |  11|   0|   11|          0|
    |add_ln58_84988_reg_9470                  |  12|   0|   12|          0|
    |add_ln58_84990_reg_9475                  |  11|   0|   11|          0|
    |add_ln58_84993_reg_9480                  |  11|   0|   11|          0|
    |add_ln58_84994_reg_9485                  |  11|   0|   11|          0|
    |add_ln58_84998_reg_9490                  |  11|   0|   11|          0|
    |add_ln58_85001_reg_9495                  |  11|   0|   11|          0|
    |add_ln58_85005_reg_9500                  |  12|   0|   12|          0|
    |add_ln58_85007_reg_9505                  |  11|   0|   11|          0|
    |add_ln58_85010_reg_9510                  |  11|   0|   11|          0|
    |add_ln58_85014_reg_8727                  |   9|   0|    9|          0|
    |add_ln58_85016_reg_9515                  |  11|   0|   11|          0|
    |add_ln58_85017_reg_8732                  |   9|   0|    9|          0|
    |add_ln58_85020_reg_9520                  |  11|   0|   11|          0|
    |add_ln58_85024_reg_9525                  |  12|   0|   12|          0|
    |add_ln58_85026_reg_9530                  |  11|   0|   11|          0|
    |add_ln58_85028_reg_8737                  |  10|   0|   10|          0|
    |add_ln58_85032_reg_8742                  |  10|   0|   10|          0|
    |add_ln58_85033_reg_9535                  |  12|   0|   12|          0|
    |add_ln58_85037_reg_9540                  |  11|   0|   11|          0|
    |add_ln58_85039_reg_9545                  |  11|   0|   11|          0|
    |add_ln58_85042_reg_9550                  |  11|   0|   11|          0|
    |add_ln58_85044_reg_9555                  |  11|   0|   11|          0|
    |add_ln58_85047_reg_9560                  |  11|   0|   11|          0|
    |add_ln58_85048_reg_9565                  |  11|   0|   11|          0|
    |add_ln58_85053_reg_8747                  |  11|   0|   11|          0|
    |add_ln58_85054_reg_9570                  |  12|   0|   12|          0|
    |add_ln58_85055_reg_8752                  |   9|   0|    9|          0|
    |add_ln58_85058_reg_9575                  |  11|   0|   11|          0|
    |add_ln58_85061_reg_9580                  |  12|   0|   12|          0|
    |add_ln58_85063_reg_9585                  |  11|   0|   11|          0|
    |add_ln58_85067_reg_8757                  |  10|   0|   10|          0|
    |add_ln58_85070_reg_9590                  |  12|   0|   12|          0|
    |add_ln58_85072_reg_9595                  |  11|   0|   11|          0|
    |add_ln58_85075_reg_9600                  |  12|   0|   12|          0|
    |add_ln58_85077_reg_9605                  |  11|   0|   11|          0|
    |add_ln58_85082_reg_9610                  |  11|   0|   11|          0|
    |add_ln58_85084_reg_8762                  |  10|   0|   10|          0|
    |add_ln58_85085_reg_9615                  |  11|   0|   11|          0|
    |add_ln58_85089_reg_9620                  |  12|   0|   12|          0|
    |add_ln58_85090_reg_9625                  |  11|   0|   11|          0|
    |add_ln58_85092_reg_9630                  |  11|   0|   11|          0|
    |add_ln58_85094_reg_9635                  |  11|   0|   11|          0|
    |add_ln58_85099_reg_9640                  |  11|   0|   11|          0|
    |add_ln58_85100_reg_8767                  |   9|   0|    9|          0|
    |add_ln58_85102_reg_9645                  |  11|   0|   11|          0|
    |add_ln58_reg_7925                        |  10|   0|   10|          0|
    |ap_ce_reg                                |   1|   0|    1|          0|
    |ap_return_0_int_reg                      |  13|   0|   13|          0|
    |ap_return_10_int_reg                     |  13|   0|   13|          0|
    |ap_return_11_int_reg                     |  13|   0|   13|          0|
    |ap_return_12_int_reg                     |  13|   0|   13|          0|
    |ap_return_13_int_reg                     |  13|   0|   13|          0|
    |ap_return_14_int_reg                     |  13|   0|   13|          0|
    |ap_return_15_int_reg                     |  13|   0|   13|          0|
    |ap_return_16_int_reg                     |  13|   0|   13|          0|
    |ap_return_17_int_reg                     |  13|   0|   13|          0|
    |ap_return_18_int_reg                     |  13|   0|   13|          0|
    |ap_return_19_int_reg                     |  13|   0|   13|          0|
    |ap_return_1_int_reg                      |  13|   0|   13|          0|
    |ap_return_20_int_reg                     |  13|   0|   13|          0|
    |ap_return_21_int_reg                     |  13|   0|   13|          0|
    |ap_return_22_int_reg                     |  13|   0|   13|          0|
    |ap_return_23_int_reg                     |  13|   0|   13|          0|
    |ap_return_24_int_reg                     |  13|   0|   13|          0|
    |ap_return_25_int_reg                     |  13|   0|   13|          0|
    |ap_return_26_int_reg                     |  13|   0|   13|          0|
    |ap_return_27_int_reg                     |  13|   0|   13|          0|
    |ap_return_28_int_reg                     |  13|   0|   13|          0|
    |ap_return_29_int_reg                     |  13|   0|   13|          0|
    |ap_return_2_int_reg                      |  13|   0|   13|          0|
    |ap_return_30_int_reg                     |  13|   0|   13|          0|
    |ap_return_31_int_reg                     |  13|   0|   13|          0|
    |ap_return_3_int_reg                      |  13|   0|   13|          0|
    |ap_return_4_int_reg                      |  13|   0|   13|          0|
    |ap_return_5_int_reg                      |  13|   0|   13|          0|
    |ap_return_6_int_reg                      |  13|   0|   13|          0|
    |ap_return_7_int_reg                      |  13|   0|   13|          0|
    |ap_return_8_int_reg                      |  13|   0|   13|          0|
    |ap_return_9_int_reg                      |  13|   0|   13|          0|
    |data_0_val_int_reg                       |   8|   0|    8|          0|
    |data_0_val_read_reg_7865                 |   8|   0|    8|          0|
    |data_10_val_int_reg                      |   8|   0|    8|          0|
    |data_10_val_read_reg_7791                |   8|   0|    8|          0|
    |data_11_val_int_reg                      |   8|   0|    8|          0|
    |data_11_val_read_reg_7784                |   8|   0|    8|          0|
    |data_12_val_int_reg                      |   8|   0|    8|          0|
    |data_12_val_read_reg_7777                |   8|   0|    8|          0|
    |data_13_val_int_reg                      |   8|   0|    8|          0|
    |data_13_val_read_reg_7770                |   8|   0|    8|          0|
    |data_14_val_int_reg                      |   8|   0|    8|          0|
    |data_14_val_read_reg_7763                |   8|   0|    8|          0|
    |data_14_val_read_reg_7763_pp0_iter1_reg  |   8|   0|    8|          0|
    |data_15_val_int_reg                      |   8|   0|    8|          0|
    |data_15_val_read_reg_7756                |   8|   0|    8|          0|
    |data_16_val_int_reg                      |   8|   0|    8|          0|
    |data_16_val_read_reg_7749                |   8|   0|    8|          0|
    |data_16_val_read_reg_7749_pp0_iter1_reg  |   8|   0|    8|          0|
    |data_17_val_int_reg                      |   8|   0|    8|          0|
    |data_17_val_read_reg_7742                |   8|   0|    8|          0|
    |data_18_val_int_reg                      |   8|   0|    8|          0|
    |data_18_val_read_reg_7735                |   8|   0|    8|          0|
    |data_19_val_int_reg                      |   8|   0|    8|          0|
    |data_19_val_read_reg_7728                |   8|   0|    8|          0|
    |data_19_val_read_reg_7728_pp0_iter1_reg  |   8|   0|    8|          0|
    |data_1_val_int_reg                       |   8|   0|    8|          0|
    |data_1_val_read_reg_7859                 |   8|   0|    8|          0|
    |data_20_val_int_reg                      |   8|   0|    8|          0|
    |data_20_val_read_reg_7721                |   8|   0|    8|          0|
    |data_21_val_int_reg                      |   8|   0|    8|          0|
    |data_21_val_read_reg_7714                |   8|   0|    8|          0|
    |data_22_val_int_reg                      |   8|   0|    8|          0|
    |data_22_val_read_reg_7707                |   8|   0|    8|          0|
    |data_22_val_read_reg_7707_pp0_iter1_reg  |   8|   0|    8|          0|
    |data_23_val_int_reg                      |   8|   0|    8|          0|
    |data_23_val_read_reg_7701                |   8|   0|    8|          0|
    |data_23_val_read_reg_7701_pp0_iter1_reg  |   8|   0|    8|          0|
    |data_24_val_int_reg                      |   8|   0|    8|          0|
    |data_24_val_read_reg_7694                |   8|   0|    8|          0|
    |data_24_val_read_reg_7694_pp0_iter1_reg  |   8|   0|    8|          0|
    |data_25_val_int_reg                      |   8|   0|    8|          0|
    |data_25_val_read_reg_7687                |   8|   0|    8|          0|
    |data_26_val_int_reg                      |   8|   0|    8|          0|
    |data_26_val_read_reg_7681                |   8|   0|    8|          0|
    |data_26_val_read_reg_7681_pp0_iter1_reg  |   8|   0|    8|          0|
    |data_27_val_int_reg                      |   8|   0|    8|          0|
    |data_27_val_read_reg_7675                |   8|   0|    8|          0|
    |data_27_val_read_reg_7675_pp0_iter1_reg  |   8|   0|    8|          0|
    |data_28_val_int_reg                      |   8|   0|    8|          0|
    |data_28_val_read_reg_7669                |   8|   0|    8|          0|
    |data_28_val_read_reg_7669_pp0_iter1_reg  |   8|   0|    8|          0|
    |data_29_val_int_reg                      |   8|   0|    8|          0|
    |data_29_val_read_reg_7663                |   8|   0|    8|          0|
    |data_29_val_read_reg_7663_pp0_iter1_reg  |   8|   0|    8|          0|
    |data_2_val_int_reg                       |   8|   0|    8|          0|
    |data_2_val_read_reg_7851                 |   8|   0|    8|          0|
    |data_2_val_read_reg_7851_pp0_iter1_reg   |   8|   0|    8|          0|
    |data_30_val_int_reg                      |   8|   0|    8|          0|
    |data_30_val_read_reg_7657                |   8|   0|    8|          0|
    |data_30_val_read_reg_7657_pp0_iter1_reg  |   8|   0|    8|          0|
    |data_31_val_int_reg                      |   8|   0|    8|          0|
    |data_31_val_read_reg_7651                |   8|   0|    8|          0|
    |data_31_val_read_reg_7651_pp0_iter1_reg  |   8|   0|    8|          0|
    |data_3_val_int_reg                       |   8|   0|    8|          0|
    |data_3_val_read_reg_7844                 |   8|   0|    8|          0|
    |data_3_val_read_reg_7844_pp0_iter1_reg   |   8|   0|    8|          0|
    |data_4_val_int_reg                       |   8|   0|    8|          0|
    |data_4_val_read_reg_7836                 |   8|   0|    8|          0|
    |data_4_val_read_reg_7836_pp0_iter1_reg   |   8|   0|    8|          0|
    |data_5_val_int_reg                       |   8|   0|    8|          0|
    |data_5_val_read_reg_7829                 |   8|   0|    8|          0|
    |data_6_val_int_reg                       |   8|   0|    8|          0|
    |data_6_val_read_reg_7822                 |   8|   0|    8|          0|
    |data_6_val_read_reg_7822_pp0_iter1_reg   |   8|   0|    8|          0|
    |data_7_val_int_reg                       |   8|   0|    8|          0|
    |data_7_val_read_reg_7813                 |   8|   0|    8|          0|
    |data_8_val_int_reg                       |   8|   0|    8|          0|
    |data_8_val_read_reg_7806                 |   8|   0|    8|          0|
    |data_8_val_read_reg_7806_pp0_iter1_reg   |   8|   0|    8|          0|
    |data_9_val_int_reg                       |   8|   0|    8|          0|
    |data_9_val_read_reg_7799                 |   8|   0|    8|          0|
    |data_9_val_read_reg_7799_pp0_iter1_reg   |   8|   0|    8|          0|
    |mult_1458_reg_7872                       |   9|   0|    9|          0|
    |mult_1460_reg_7883                       |   9|   0|    9|          0|
    |mult_1461_reg_7889                       |   9|   0|    9|          0|
    |mult_1462_reg_7895                       |   9|   0|    9|          0|
    |mult_1462_reg_7895_pp0_iter2_reg         |   9|   0|    9|          0|
    |mult_1463_reg_7902                       |   9|   0|    9|          0|
    |mult_1463_reg_7902_pp0_iter2_reg         |   9|   0|    9|          0|
    |mult_1464_reg_7988                       |   9|   0|    9|          0|
    |mult_1464_reg_7988_pp0_iter3_reg         |   9|   0|    9|          0|
    |mult_1465_reg_7996                       |   9|   0|    9|          0|
    |mult_1466_reg_8003                       |   9|   0|    9|          0|
    |mult_1467_reg_8010                       |   9|   0|    9|          0|
    |mult_1468_reg_8017                       |   9|   0|    9|          0|
    |mult_1469_reg_8023                       |   9|   0|    9|          0|
    |mult_1470_reg_8029                       |   9|   0|    9|          0|
    |mult_1471_reg_8035                       |   9|   0|    9|          0|
    |mult_1472_reg_8041                       |   9|   0|    9|          0|
    |mult_1473_reg_8047                       |   9|   0|    9|          0|
    |mult_1474_reg_8053                       |   9|   0|    9|          0|
    |mult_1475_reg_8059                       |   9|   0|    9|          0|
    |mult_1476_reg_8064                       |   9|   0|    9|          0|
    |mult_1477_reg_8070                       |   9|   0|    9|          0|
    |mult_1478_reg_8075                       |   9|   0|    9|          0|
    |mult_1479_reg_8081                       |   9|   0|    9|          0|
    |mult_1480_reg_8087                       |   9|   0|    9|          0|
    |mult_1481_reg_8093                       |   9|   0|    9|          0|
    |mult_1482_reg_8099                       |   9|   0|    9|          0|
    |mult_1483_reg_8114                       |   9|   0|    9|          0|
    |mult_1485_reg_7908                       |   9|   0|    9|          0|
    |mult_1485_reg_7908_pp0_iter2_reg         |   9|   0|    9|          0|
    |mult_1486_reg_7914                       |   9|   0|    9|          0|
    |mult_1486_reg_7914_pp0_iter2_reg         |   9|   0|    9|          0|
    |mult_1487_reg_8149                       |   9|   0|    9|          0|
    |mult_1488_reg_7920                       |   9|   0|    9|          0|
    |sext_ln17_3043_reg_7877                  |  11|   0|   11|          0|
    |sext_ln17_3047_reg_7963                  |  10|   0|   10|          0|
    |sext_ln17_3048_reg_7969                  |  11|   0|   11|          0|
    |sext_ln17_3050_reg_7975                  |  10|   0|   10|          0|
    |sext_ln17_3052_reg_7982                  |  10|   0|   10|          0|
    |sext_ln17_3092_reg_8104                  |  10|   0|   10|          0|
    |sext_ln17_3094_reg_8119                  |  10|   0|   10|          0|
    |sext_ln17_3096_reg_8128                  |  10|   0|   10|          0|
    |sext_ln17_3098_reg_8135                  |  10|   0|   10|          0|
    |sext_ln17_3099_reg_8141                  |  10|   0|   10|          0|
    |sext_ln17_3103_reg_8155                  |  10|   0|   10|          0|
    |sext_ln17_3104_reg_8162                  |  10|   0|   10|          0|
    |sext_ln58_52590_reg_7952                 |   9|   0|    9|          0|
    |sext_ln58_52611_reg_8280                 |  10|   0|   10|          0|
    |sext_ln58_52616_reg_8285                 |  10|   0|   10|          0|
    |sext_ln58_52659_reg_8356                 |  10|   0|   10|          0|
    |sext_ln58_52687_reg_8438                 |  10|   0|   10|          0|
    |sext_ln58_52688_reg_8446                 |  10|   0|   10|          0|
    |sext_ln58_52690_reg_8451                 |  10|   0|   10|          0|
    |sext_ln58_52723_reg_8533                 |  10|   0|   10|          0|
    |sext_ln58_52730_reg_8558                 |  10|   0|   10|          0|
    |sext_ln58_52749_reg_8571                 |  10|   0|   10|          0|
    |sext_ln58_56279_reg_7931                 |  11|   0|   11|          0|
    |sext_ln58_56285_reg_8171                 |  11|   0|   11|          0|
    |sext_ln58_56286_reg_8176                 |  11|   0|   11|          0|
    |sext_ln58_56291_reg_8209                 |  11|   0|   11|          0|
    |sext_ln58_56294_reg_8220                 |  11|   0|   11|          0|
    |sext_ln58_56311_reg_8261                 |  10|   0|   10|          0|
    |sext_ln58_56313_reg_8267                 |  10|   0|   10|          0|
    |sext_ln58_56314_reg_8275                 |  10|   0|   10|          0|
    |sext_ln58_56453_reg_9070                 |  12|   0|   12|          0|
    |data_10_val_read_reg_7791                |  64|  32|    8|          0|
    |data_11_val_read_reg_7784                |  64|  32|    8|          0|
    |data_12_val_read_reg_7777                |  64|  32|    8|          0|
    |data_13_val_read_reg_7770                |  64|  32|    8|          0|
    |data_15_val_read_reg_7756                |  64|  32|    8|          0|
    |data_17_val_read_reg_7742                |  64|  32|    8|          0|
    |data_18_val_read_reg_7735                |  64|  32|    8|          0|
    |data_20_val_read_reg_7721                |  64|  32|    8|          0|
    |data_21_val_read_reg_7714                |  64|  32|    8|          0|
    |data_25_val_read_reg_7687                |  64|  32|    8|          0|
    |data_5_val_read_reg_7829                 |  64|  32|    8|          0|
    |data_7_val_read_reg_7813                 |  64|  32|    8|          0|
    +-----------------------------------------+----+----+-----+-----------+
    |Total                                    |5452| 384| 4780|          0|
    +-----------------------------------------+----+----+-----+-----------+



================================================================
== Interface
================================================================
* Summary: 
+--------------+-----+-----+------------+----------------------------------------------------------------------------------+--------------+
|   RTL Ports  | Dir | Bits|  Protocol  |                                   Source Object                                  |    C Type    |
+--------------+-----+-----+------------+----------------------------------------------------------------------------------+--------------+
|ap_clk        |   in|    1|  ap_ctrl_hs|  dense_latency<ap_fixed<8, 3, 5, 3, 0>, ap_fixed<13, 8, 4, 0, 0>, config41_dense>|  return value|
|ap_rst        |   in|    1|  ap_ctrl_hs|  dense_latency<ap_fixed<8, 3, 5, 3, 0>, ap_fixed<13, 8, 4, 0, 0>, config41_dense>|  return value|
|ap_return_0   |  out|   13|  ap_ctrl_hs|  dense_latency<ap_fixed<8, 3, 5, 3, 0>, ap_fixed<13, 8, 4, 0, 0>, config41_dense>|  return value|
|ap_return_1   |  out|   13|  ap_ctrl_hs|  dense_latency<ap_fixed<8, 3, 5, 3, 0>, ap_fixed<13, 8, 4, 0, 0>, config41_dense>|  return value|
|ap_return_2   |  out|   13|  ap_ctrl_hs|  dense_latency<ap_fixed<8, 3, 5, 3, 0>, ap_fixed<13, 8, 4, 0, 0>, config41_dense>|  return value|
|ap_return_3   |  out|   13|  ap_ctrl_hs|  dense_latency<ap_fixed<8, 3, 5, 3, 0>, ap_fixed<13, 8, 4, 0, 0>, config41_dense>|  return value|
|ap_return_4   |  out|   13|  ap_ctrl_hs|  dense_latency<ap_fixed<8, 3, 5, 3, 0>, ap_fixed<13, 8, 4, 0, 0>, config41_dense>|  return value|
|ap_return_5   |  out|   13|  ap_ctrl_hs|  dense_latency<ap_fixed<8, 3, 5, 3, 0>, ap_fixed<13, 8, 4, 0, 0>, config41_dense>|  return value|
|ap_return_6   |  out|   13|  ap_ctrl_hs|  dense_latency<ap_fixed<8, 3, 5, 3, 0>, ap_fixed<13, 8, 4, 0, 0>, config41_dense>|  return value|
|ap_return_7   |  out|   13|  ap_ctrl_hs|  dense_latency<ap_fixed<8, 3, 5, 3, 0>, ap_fixed<13, 8, 4, 0, 0>, config41_dense>|  return value|
|ap_return_8   |  out|   13|  ap_ctrl_hs|  dense_latency<ap_fixed<8, 3, 5, 3, 0>, ap_fixed<13, 8, 4, 0, 0>, config41_dense>|  return value|
|ap_return_9   |  out|   13|  ap_ctrl_hs|  dense_latency<ap_fixed<8, 3, 5, 3, 0>, ap_fixed<13, 8, 4, 0, 0>, config41_dense>|  return value|
|ap_return_10  |  out|   13|  ap_ctrl_hs|  dense_latency<ap_fixed<8, 3, 5, 3, 0>, ap_fixed<13, 8, 4, 0, 0>, config41_dense>|  return value|
|ap_return_11  |  out|   13|  ap_ctrl_hs|  dense_latency<ap_fixed<8, 3, 5, 3, 0>, ap_fixed<13, 8, 4, 0, 0>, config41_dense>|  return value|
|ap_return_12  |  out|   13|  ap_ctrl_hs|  dense_latency<ap_fixed<8, 3, 5, 3, 0>, ap_fixed<13, 8, 4, 0, 0>, config41_dense>|  return value|
|ap_return_13  |  out|   13|  ap_ctrl_hs|  dense_latency<ap_fixed<8, 3, 5, 3, 0>, ap_fixed<13, 8, 4, 0, 0>, config41_dense>|  return value|
|ap_return_14  |  out|   13|  ap_ctrl_hs|  dense_latency<ap_fixed<8, 3, 5, 3, 0>, ap_fixed<13, 8, 4, 0, 0>, config41_dense>|  return value|
|ap_return_15  |  out|   13|  ap_ctrl_hs|  dense_latency<ap_fixed<8, 3, 5, 3, 0>, ap_fixed<13, 8, 4, 0, 0>, config41_dense>|  return value|
|ap_return_16  |  out|   13|  ap_ctrl_hs|  dense_latency<ap_fixed<8, 3, 5, 3, 0>, ap_fixed<13, 8, 4, 0, 0>, config41_dense>|  return value|
|ap_return_17  |  out|   13|  ap_ctrl_hs|  dense_latency<ap_fixed<8, 3, 5, 3, 0>, ap_fixed<13, 8, 4, 0, 0>, config41_dense>|  return value|
|ap_return_18  |  out|   13|  ap_ctrl_hs|  dense_latency<ap_fixed<8, 3, 5, 3, 0>, ap_fixed<13, 8, 4, 0, 0>, config41_dense>|  return value|
|ap_return_19  |  out|   13|  ap_ctrl_hs|  dense_latency<ap_fixed<8, 3, 5, 3, 0>, ap_fixed<13, 8, 4, 0, 0>, config41_dense>|  return value|
|ap_return_20  |  out|   13|  ap_ctrl_hs|  dense_latency<ap_fixed<8, 3, 5, 3, 0>, ap_fixed<13, 8, 4, 0, 0>, config41_dense>|  return value|
|ap_return_21  |  out|   13|  ap_ctrl_hs|  dense_latency<ap_fixed<8, 3, 5, 3, 0>, ap_fixed<13, 8, 4, 0, 0>, config41_dense>|  return value|
|ap_return_22  |  out|   13|  ap_ctrl_hs|  dense_latency<ap_fixed<8, 3, 5, 3, 0>, ap_fixed<13, 8, 4, 0, 0>, config41_dense>|  return value|
|ap_return_23  |  out|   13|  ap_ctrl_hs|  dense_latency<ap_fixed<8, 3, 5, 3, 0>, ap_fixed<13, 8, 4, 0, 0>, config41_dense>|  return value|
|ap_return_24  |  out|   13|  ap_ctrl_hs|  dense_latency<ap_fixed<8, 3, 5, 3, 0>, ap_fixed<13, 8, 4, 0, 0>, config41_dense>|  return value|
|ap_return_25  |  out|   13|  ap_ctrl_hs|  dense_latency<ap_fixed<8, 3, 5, 3, 0>, ap_fixed<13, 8, 4, 0, 0>, config41_dense>|  return value|
|ap_return_26  |  out|   13|  ap_ctrl_hs|  dense_latency<ap_fixed<8, 3, 5, 3, 0>, ap_fixed<13, 8, 4, 0, 0>, config41_dense>|  return value|
|ap_return_27  |  out|   13|  ap_ctrl_hs|  dense_latency<ap_fixed<8, 3, 5, 3, 0>, ap_fixed<13, 8, 4, 0, 0>, config41_dense>|  return value|
|ap_return_28  |  out|   13|  ap_ctrl_hs|  dense_latency<ap_fixed<8, 3, 5, 3, 0>, ap_fixed<13, 8, 4, 0, 0>, config41_dense>|  return value|
|ap_return_29  |  out|   13|  ap_ctrl_hs|  dense_latency<ap_fixed<8, 3, 5, 3, 0>, ap_fixed<13, 8, 4, 0, 0>, config41_dense>|  return value|
|ap_return_30  |  out|   13|  ap_ctrl_hs|  dense_latency<ap_fixed<8, 3, 5, 3, 0>, ap_fixed<13, 8, 4, 0, 0>, config41_dense>|  return value|
|ap_return_31  |  out|   13|  ap_ctrl_hs|  dense_latency<ap_fixed<8, 3, 5, 3, 0>, ap_fixed<13, 8, 4, 0, 0>, config41_dense>|  return value|
|ap_ce         |   in|    1|  ap_ctrl_hs|  dense_latency<ap_fixed<8, 3, 5, 3, 0>, ap_fixed<13, 8, 4, 0, 0>, config41_dense>|  return value|
|data_0_val    |   in|    8|     ap_none|                                                                        data_0_val|        scalar|
|data_1_val    |   in|    8|     ap_none|                                                                        data_1_val|        scalar|
|data_2_val    |   in|    8|     ap_none|                                                                        data_2_val|        scalar|
|data_3_val    |   in|    8|     ap_none|                                                                        data_3_val|        scalar|
|data_4_val    |   in|    8|     ap_none|                                                                        data_4_val|        scalar|
|data_5_val    |   in|    8|     ap_none|                                                                        data_5_val|        scalar|
|data_6_val    |   in|    8|     ap_none|                                                                        data_6_val|        scalar|
|data_7_val    |   in|    8|     ap_none|                                                                        data_7_val|        scalar|
|data_8_val    |   in|    8|     ap_none|                                                                        data_8_val|        scalar|
|data_9_val    |   in|    8|     ap_none|                                                                        data_9_val|        scalar|
|data_10_val   |   in|    8|     ap_none|                                                                       data_10_val|        scalar|
|data_11_val   |   in|    8|     ap_none|                                                                       data_11_val|        scalar|
|data_12_val   |   in|    8|     ap_none|                                                                       data_12_val|        scalar|
|data_13_val   |   in|    8|     ap_none|                                                                       data_13_val|        scalar|
|data_14_val   |   in|    8|     ap_none|                                                                       data_14_val|        scalar|
|data_15_val   |   in|    8|     ap_none|                                                                       data_15_val|        scalar|
|data_16_val   |   in|    8|     ap_none|                                                                       data_16_val|        scalar|
|data_17_val   |   in|    8|     ap_none|                                                                       data_17_val|        scalar|
|data_18_val   |   in|    8|     ap_none|                                                                       data_18_val|        scalar|
|data_19_val   |   in|    8|     ap_none|                                                                       data_19_val|        scalar|
|data_20_val   |   in|    8|     ap_none|                                                                       data_20_val|        scalar|
|data_21_val   |   in|    8|     ap_none|                                                                       data_21_val|        scalar|
|data_22_val   |   in|    8|     ap_none|                                                                       data_22_val|        scalar|
|data_23_val   |   in|    8|     ap_none|                                                                       data_23_val|        scalar|
|data_24_val   |   in|    8|     ap_none|                                                                       data_24_val|        scalar|
|data_25_val   |   in|    8|     ap_none|                                                                       data_25_val|        scalar|
|data_26_val   |   in|    8|     ap_none|                                                                       data_26_val|        scalar|
|data_27_val   |   in|    8|     ap_none|                                                                       data_27_val|        scalar|
|data_28_val   |   in|    8|     ap_none|                                                                       data_28_val|        scalar|
|data_29_val   |   in|    8|     ap_none|                                                                       data_29_val|        scalar|
|data_30_val   |   in|    8|     ap_none|                                                                       data_30_val|        scalar|
|data_31_val   |   in|    8|     ap_none|                                                                       data_31_val|        scalar|
+--------------+-----+-----+------------+----------------------------------------------------------------------------------+--------------+

