

================================================================
== Vitis HLS Report for 'dense_latency_ap_fixed_8_3_5_3_0_ap_fixed_13_8_4_0_0_config43_dense_129'
================================================================
* Date:           Tue Aug  4 15:30:14 2026

* Version:        2023.2 (Build 4023990 on Oct 11 2023)
* Project:        myproject_prj
* Solution:       solution1 (Vivado IP Flow Target)
* Product family: virtexuplus
* Target device:  xcvu13p-flga2577-2-e


================================================================
== Performance Estimates
================================================================
+ Timing: 
    * Summary: 
    +--------+---------+----------+------------+
    |  Clock |  Target | Estimated| Uncertainty|
    +--------+---------+----------+------------+
    |ap_clk  |  2.50 ns|  1.524 ns|     0.68 ns|
    +--------+---------+----------+------------+

+ Latency: 
    * Summary: 
    +---------+---------+-----------+-----------+-----+-----+---------+
    |  Latency (cycles) |   Latency (absolute)  |  Interval | Pipeline|
    |   min   |   max   |    min    |    max    | min | max |   Type  |
    +---------+---------+-----------+-----------+-----+-----+---------+
    |        4|        4|  10.000 ns|  10.000 ns|    1|    1|      yes|
    +---------+---------+-----------+-----------+-----+-----+---------+

    + Detail: 
        * Instance: 
        N/A

        * Loop: 
        N/A



================================================================
== Utilization Estimates
================================================================
* Summary: 
+---------------------+---------+-------+---------+---------+------+
|         Name        | BRAM_18K|  DSP  |    FF   |   LUT   | URAM |
+---------------------+---------+-------+---------+---------+------+
|DSP                  |        -|      -|        -|        -|     -|
|Expression           |        -|      -|        0|    12839|     -|
|FIFO                 |        -|      -|        -|        -|     -|
|Instance             |        -|      -|        -|        -|     -|
|Memory               |        -|      -|        -|        -|     -|
|Multiplexer          |        -|      -|        -|      448|     -|
|Register             |        -|      -|     5691|      512|     -|
+---------------------+---------+-------+---------+---------+------+
|Total                |        0|      0|     5691|    13799|     0|
+---------------------+---------+-------+---------+---------+------+
|Available SLR        |     1344|   3072|   864000|   432000|   320|
+---------------------+---------+-------+---------+---------+------+
|Utilization SLR (%)  |        0|      0|       ~0|        3|     0|
+---------------------+---------+-------+---------+---------+------+
|Available            |     5376|  12288|  3456000|  1728000|  1280|
+---------------------+---------+-------+---------+---------+------+
|Utilization (%)      |        0|      0|       ~0|       ~0|     0|
+---------------------+---------+-------+---------+---------+------+

+ Detail: 
    * Instance: 
    N/A

    * DSP: 
    N/A

    * Memory: 
    N/A

    * FIFO: 
    N/A

    * Expression: 
    +---------------------------+----------+----+---+-----+------------+------------+
    |       Variable Name       | Operation| DSP| FF| LUT | Bitwidth P0| Bitwidth P1|
    +---------------------------+----------+----+---+-----+------------+------------+
    |add_ln58_67527_fu_424_p2   |         +|   0|  0|   17|          10|          10|
    |add_ln58_67528_fu_430_p2   |         +|   0|  0|   17|          10|          10|
    |add_ln58_67529_fu_531_p2   |         +|   0|  0|   17|          10|          10|
    |add_ln58_67530_fu_536_p2   |         +|   0|  0|   18|          11|          11|
    |add_ln58_67531_fu_542_p2   |         +|   0|  0|   17|          10|          10|
    |add_ln58_67532_fu_547_p2   |         +|   0|  0|   18|          11|          11|
    |add_ln58_67533_fu_553_p2   |         +|   0|  0|   18|          11|          11|
    |add_ln58_67534_fu_440_p2   |         +|   0|  0|   16|           9|           9|
    |add_ln58_67535_fu_450_p2   |         +|   0|  0|   17|          10|          10|
    |add_ln58_67536_fu_1332_p2  |         +|   0|  0|   18|          11|          11|
    |add_ln58_67537_fu_1337_p2  |         +|   0|  0|   18|          11|          11|
    |add_ln58_67538_fu_1343_p2  |         +|   0|  0|   18|          11|          11|
    |add_ln58_67539_fu_559_p2   |         +|   0|  0|   17|          10|          10|
    |add_ln58_67540_fu_569_p2   |         +|   0|  0|   18|          11|          11|
    |add_ln58_67541_fu_1348_p2  |         +|   0|  0|   18|          11|          11|
    |add_ln58_67542_fu_575_p2   |         +|   0|  0|   18|          11|          11|
    |add_ln58_67543_fu_2293_p2  |         +|   0|  0|   18|          11|          11|
    |add_ln58_67544_fu_1355_p2  |         +|   0|  0|   18|          11|          11|
    |add_ln58_67545_fu_2304_p2  |         +|   0|  0|   18|          11|          11|
    |add_ln58_67546_fu_1369_p2  |         +|   0|  0|   18|          11|          11|
    |add_ln58_67547_fu_2313_p2  |         +|   0|  0|   18|          11|          11|
    |add_ln58_67548_fu_1375_p2  |         +|   0|  0|   19|          12|          12|
    |add_ln58_67549_fu_1381_p2  |         +|   0|  0|   16|           9|           9|
    |add_ln58_67550_fu_1391_p2  |         +|   0|  0|   18|          11|          11|
    |add_ln58_67551_fu_1403_p2  |         +|   0|  0|   16|           9|           9|
    |add_ln58_67552_fu_2337_p2  |         +|   0|  0|   18|          11|          11|
    |add_ln58_67553_fu_2346_p2  |         +|   0|  0|   19|          12|          12|
    |add_ln58_67554_fu_1409_p2  |         +|   0|  0|   19|          12|          12|
    |add_ln58_67555_fu_1415_p2  |         +|   0|  0|   17|          11|          11|
    |add_ln58_67556_fu_1420_p2  |         +|   0|  0|   17|          10|          10|
    |add_ln58_67557_fu_1430_p2  |         +|   0|  0|   17|          11|          11|
    |add_ln58_67558_fu_2358_p2  |         +|   0|  0|   19|          12|          12|
    |add_ln58_67559_fu_2363_p2  |         +|   0|  0|   17|          12|          12|
    |add_ln58_67560_fu_1454_p2  |         +|   0|  0|   17|          10|          10|
    |add_ln58_67561_fu_2371_p2  |         +|   0|  0|   17|          12|          12|
    |add_ln58_67562_fu_2420_p2  |         +|   0|  0|   17|          10|          10|
    |add_ln58_67563_fu_2430_p2  |         +|   0|  0|   18|          11|          11|
    |add_ln58_67564_fu_2435_p2  |         +|   0|  0|   17|          10|          10|
    |add_ln58_67565_fu_2445_p2  |         +|   0|  0|   17|          10|          10|
    |add_ln58_67566_fu_2455_p2  |         +|   0|  0|   18|          11|          11|
    |add_ln58_67567_fu_5755_p2  |         +|   0|  0|   19|          12|          12|
    |add_ln58_67568_fu_2461_p2  |         +|   0|  0|   17|          10|          10|
    |add_ln58_67569_fu_2471_p2  |         +|   0|  0|   17|          10|          10|
    |add_ln58_67570_fu_2481_p2  |         +|   0|  0|   18|          11|          11|
    |add_ln58_67571_fu_1541_p2  |         +|   0|  0|   17|          10|          10|
    |add_ln58_67572_fu_2490_p2  |         +|   0|  0|   17|          10|          10|
    |add_ln58_67573_fu_2499_p2  |         +|   0|  0|   18|          11|          11|
    |add_ln58_67574_fu_5771_p2  |         +|   0|  0|   19|          12|          12|
    |add_ln58_67575_fu_5781_p2  |         +|   0|  0|   17|          13|          13|
    |add_ln58_67576_fu_1547_p2  |         +|   0|  0|   16|           9|           9|
    |add_ln58_67577_fu_2508_p2  |         +|   0|  0|   17|          10|          10|
    |add_ln58_67578_fu_1553_p2  |         +|   0|  0|   16|           9|           9|
    |add_ln58_67579_fu_1559_p2  |         +|   0|  0|   16|           9|           9|
    |add_ln58_67580_fu_2524_p2  |         +|   0|  0|   17|          10|          10|
    |add_ln58_67581_fu_2534_p2  |         +|   0|  0|   18|          11|          11|
    |add_ln58_67582_fu_1565_p2  |         +|   0|  0|   16|           9|           9|
    |add_ln58_67583_fu_1571_p2  |         +|   0|  0|   16|           9|           9|
    |add_ln58_67584_fu_2546_p2  |         +|   0|  0|   17|          10|          10|
    |add_ln58_67585_fu_1577_p2  |         +|   0|  0|   16|           9|           9|
    |add_ln58_67586_fu_1583_p2  |         +|   0|  0|   16|           9|           9|
    |add_ln58_67587_fu_2562_p2  |         +|   0|  0|   17|          10|          10|
    |add_ln58_67588_fu_2572_p2  |         +|   0|  0|   18|          11|          11|
    |add_ln58_67589_fu_5793_p2  |         +|   0|  0|   19|          12|          12|
    |add_ln58_67590_fu_5803_p2  |         +|   0|  0|   17|          13|          13|
    |add_ln58_67591_fu_1589_p2  |         +|   0|  0|   16|           9|           9|
    |add_ln58_67592_fu_2584_p2  |         +|   0|  0|   17|          10|          10|
    |add_ln58_67593_fu_2594_p2  |         +|   0|  0|   19|          12|          12|
    |add_ln58_67594_fu_2600_p2  |         +|   0|  0|   17|          10|          10|
    |add_ln58_67595_fu_2610_p2  |         +|   0|  0|   18|          11|          11|
    |add_ln58_67596_fu_5818_p2  |         +|   0|  0|   20|          13|          13|
    |add_ln58_67597_fu_2616_p2  |         +|   0|  0|   17|          10|          10|
    |add_ln58_67598_fu_2626_p2  |         +|   0|  0|   18|          11|          11|
    |add_ln58_67599_fu_2632_p2  |         +|   0|  0|   17|          10|          10|
    |add_ln58_67600_fu_2642_p2  |         +|   0|  0|   17|          10|          10|
    |add_ln58_67601_fu_2650_p2  |         +|   0|  0|   18|          11|          11|
    |add_ln58_67602_fu_5830_p2  |         +|   0|  0|   19|          12|          12|
    |add_ln58_67603_fu_5840_p2  |         +|   0|  0|   17|          13|          13|
    |add_ln58_67604_fu_1595_p2  |         +|   0|  0|   16|           9|           9|
    |add_ln58_67605_fu_2659_p2  |         +|   0|  0|   17|          10|          10|
    |add_ln58_67606_fu_1601_p2  |         +|   0|  0|   16|           9|           9|
    |add_ln58_67607_fu_1607_p2  |         +|   0|  0|   16|           9|           9|
    |add_ln58_67608_fu_2674_p2  |         +|   0|  0|   17|          10|          10|
    |add_ln58_67609_fu_2684_p2  |         +|   0|  0|   18|          11|          11|
    |add_ln58_67610_fu_1613_p2  |         +|   0|  0|   16|           9|           9|
    |add_ln58_67611_fu_2693_p2  |         +|   0|  0|   17|          10|          10|
    |add_ln58_67612_fu_1619_p2  |         +|   0|  0|   16|           9|           9|
    |add_ln58_67613_fu_1625_p2  |         +|   0|  0|   16|           9|           9|
    |add_ln58_67614_fu_2706_p2  |         +|   0|  0|   17|          10|          10|
    |add_ln58_67615_fu_2715_p2  |         +|   0|  0|   18|          11|          11|
    |add_ln58_67616_fu_5852_p2  |         +|   0|  0|   19|          12|          12|
    |add_ln58_67617_fu_5862_p2  |         +|   0|  0|   17|          13|          13|
    |add_ln58_67618_fu_2721_p2  |         +|   0|  0|   18|          11|          11|
    |add_ln58_67619_fu_5871_p2  |         +|   0|  0|   17|          12|          12|
    |add_ln58_67620_fu_2726_p2  |         +|   0|  0|   17|          10|          10|
    |add_ln58_67621_fu_2736_p2  |         +|   0|  0|   18|          11|          11|
    |add_ln58_67622_fu_5880_p2  |         +|   0|  0|   17|          12|          12|
    |add_ln58_67623_fu_2742_p2  |         +|   0|  0|   17|          10|          10|
    |add_ln58_67624_fu_2752_p2  |         +|   0|  0|   18|          11|          11|
    |add_ln58_67625_fu_2758_p2  |         +|   0|  0|   17|          10|          10|
    |add_ln58_67626_fu_2768_p2  |         +|   0|  0|   17|          10|          10|
    |add_ln58_67627_fu_2776_p2  |         +|   0|  0|   18|          11|          11|
    |add_ln58_67628_fu_5896_p2  |         +|   0|  0|   19|          12|          12|
    |add_ln58_67629_fu_5906_p2  |         +|   0|  0|   17|          13|          13|
    |add_ln58_67630_fu_1635_p2  |         +|   0|  0|   16|           9|           9|
    |add_ln58_67631_fu_2785_p2  |         +|   0|  0|   17|          10|          10|
    |add_ln58_67632_fu_1641_p2  |         +|   0|  0|   16|           9|           9|
    |add_ln58_67633_fu_1647_p2  |         +|   0|  0|   16|           9|           9|
    |add_ln58_67634_fu_2800_p2  |         +|   0|  0|   17|          10|          10|
    |add_ln58_67635_fu_2810_p2  |         +|   0|  0|   18|          11|          11|
    |add_ln58_67636_fu_1653_p2  |         +|   0|  0|   16|           9|           9|
    |add_ln58_67637_fu_1663_p2  |         +|   0|  0|   17|          10|          10|
    |add_ln58_67638_fu_1669_p2  |         +|   0|  0|   16|           9|           9|
    |add_ln58_67639_fu_2819_p2  |         +|   0|  0|   17|          10|          10|
    |add_ln58_67640_fu_2828_p2  |         +|   0|  0|   18|          11|          11|
    |add_ln58_67641_fu_5918_p2  |         +|   0|  0|   19|          12|          12|
    |add_ln58_67642_fu_5928_p2  |         +|   0|  0|   17|          13|          13|
    |add_ln58_67643_fu_2834_p2  |         +|   0|  0|   17|          10|          10|
    |add_ln58_67644_fu_2843_p2  |         +|   0|  0|   19|          12|          12|
    |add_ln58_67645_fu_2849_p2  |         +|   0|  0|   17|          10|          10|
    |add_ln58_67646_fu_2859_p2  |         +|   0|  0|   17|          10|          10|
    |add_ln58_67647_fu_2869_p2  |         +|   0|  0|   18|          11|          11|
    |add_ln58_67648_fu_5940_p2  |         +|   0|  0|   20|          13|          13|
    |add_ln58_67649_fu_2875_p2  |         +|   0|  0|   17|          10|          10|
    |add_ln58_67650_fu_2885_p2  |         +|   0|  0|   18|          11|          11|
    |add_ln58_67651_fu_2891_p2  |         +|   0|  0|   17|          10|          10|
    |add_ln58_67652_fu_1679_p2  |         +|   0|  0|   17|          10|          10|
    |add_ln58_67653_fu_2904_p2  |         +|   0|  0|   18|          11|          11|
    |add_ln58_67654_fu_5952_p2  |         +|   0|  0|   19|          12|          12|
    |add_ln58_67655_fu_5962_p2  |         +|   0|  0|   17|          13|          13|
    |add_ln58_67656_fu_2910_p2  |         +|   0|  0|   17|          10|          10|
    |add_ln58_67657_fu_1685_p2  |         +|   0|  0|   16|           9|           9|
    |add_ln58_67658_fu_1691_p2  |         +|   0|  0|   16|           9|           9|
    |add_ln58_67659_fu_2925_p2  |         +|   0|  0|   17|          10|          10|
    |add_ln58_67660_fu_2935_p2  |         +|   0|  0|   18|          11|          11|
    |add_ln58_67661_fu_1697_p2  |         +|   0|  0|   16|           9|           9|
    |add_ln58_67662_fu_2944_p2  |         +|   0|  0|   17|          10|          10|
    |add_ln58_67663_fu_1703_p2  |         +|   0|  0|   16|           9|           9|
    |add_ln58_67664_fu_2956_p2  |         +|   0|  0|   17|          10|          10|
    |add_ln58_67665_fu_2965_p2  |         +|   0|  0|   18|          11|          11|
    |add_ln58_67666_fu_5974_p2  |         +|   0|  0|   19|          12|          12|
    |add_ln58_67667_fu_5984_p2  |         +|   0|  0|   17|          13|          13|
    |add_ln58_67668_fu_2971_p2  |         +|   0|  0|   17|          10|          10|
    |add_ln58_67669_fu_2984_p2  |         +|   0|  0|   18|          11|          11|
    |add_ln58_67670_fu_2990_p2  |         +|   0|  0|   17|          10|          10|
    |add_ln58_67671_fu_3000_p2  |         +|   0|  0|   18|          11|          11|
    |add_ln58_67672_fu_5996_p2  |         +|   0|  0|   19|          12|          12|
    |add_ln58_67673_fu_3006_p2  |         +|   0|  0|   17|          10|          10|
    |add_ln58_67674_fu_3016_p2  |         +|   0|  0|   18|          11|          11|
    |add_ln58_67675_fu_3022_p2  |         +|   0|  0|   17|          10|          10|
    |add_ln58_67676_fu_1709_p2  |         +|   0|  0|   17|          10|          10|
    |add_ln58_67677_fu_3034_p2  |         +|   0|  0|   18|          11|          11|
    |add_ln58_67678_fu_6012_p2  |         +|   0|  0|   19|          12|          12|
    |add_ln58_67679_fu_6022_p2  |         +|   0|  0|   17|          13|          13|
    |add_ln58_67680_fu_3040_p2  |         +|   0|  0|   18|          11|          11|
    |add_ln58_67681_fu_3049_p2  |         +|   0|  0|   17|          12|          12|
    |add_ln58_67682_fu_1715_p2  |         +|   0|  0|   16|           9|           9|
    |add_ln58_67683_fu_1721_p2  |         +|   0|  0|   16|           9|           9|
    |add_ln58_67684_fu_3061_p2  |         +|   0|  0|   17|          10|          10|
    |add_ln58_67685_fu_3071_p2  |         +|   0|  0|   17|          12|          12|
    |add_ln58_67686_fu_1727_p2  |         +|   0|  0|   16|           9|           9|
    |add_ln58_67687_fu_3080_p2  |         +|   0|  0|   17|          10|          10|
    |add_ln58_67688_fu_1733_p2  |         +|   0|  0|   16|           9|           9|
    |add_ln58_67689_fu_1739_p2  |         +|   0|  0|   16|           9|           9|
    |add_ln58_67690_fu_3096_p2  |         +|   0|  0|   17|          10|          10|
    |add_ln58_67691_fu_3106_p2  |         +|   0|  0|   18|          11|          11|
    |add_ln58_67692_fu_6034_p2  |         +|   0|  0|   20|          13|          13|
    |add_ln58_67693_fu_6040_p2  |         +|   0|  0|   17|          13|          13|
    |add_ln58_67694_fu_1745_p2  |         +|   0|  0|   16|           9|           9|
    |add_ln58_67695_fu_3115_p2  |         +|   0|  0|   17|          12|          12|
    |add_ln58_67696_fu_3121_p2  |         +|   0|  0|   17|          12|          12|
    |add_ln58_67697_fu_3127_p2  |         +|   0|  0|   17|          10|          10|
    |add_ln58_67698_fu_3137_p2  |         +|   0|  0|   18|          11|          11|
    |add_ln58_67699_fu_6052_p2  |         +|   0|  0|   20|          13|          13|
    |add_ln58_67700_fu_3143_p2  |         +|   0|  0|   18|          11|          11|
    |add_ln58_67701_fu_3149_p2  |         +|   0|  0|   17|          10|          10|
    |add_ln58_67702_fu_3159_p2  |         +|   0|  0|   18|          11|          11|
    |add_ln58_67703_fu_6064_p2  |         +|   0|  0|   19|          12|          12|
    |add_ln58_67704_fu_6074_p2  |         +|   0|  0|   17|          13|          13|
    |add_ln58_67705_fu_1751_p2  |         +|   0|  0|   17|          10|          10|
    |add_ln58_67706_fu_3168_p2  |         +|   0|  0|   18|          11|          11|
    |add_ln58_67707_fu_1757_p2  |         +|   0|  0|   16|           9|           9|
    |add_ln58_67708_fu_3181_p2  |         +|   0|  0|   17|          10|          10|
    |add_ln58_67709_fu_3190_p2  |         +|   0|  0|   19|          12|          12|
    |add_ln58_67710_fu_1763_p2  |         +|   0|  0|   16|           9|           9|
    |add_ln58_67711_fu_3199_p2  |         +|   0|  0|   17|          10|          10|
    |add_ln58_67712_fu_1769_p2  |         +|   0|  0|   16|           9|           9|
    |add_ln58_67713_fu_1775_p2  |         +|   0|  0|   16|           9|           9|
    |add_ln58_67714_fu_3215_p2  |         +|   0|  0|   17|          10|          10|
    |add_ln58_67715_fu_3225_p2  |         +|   0|  0|   18|          11|          11|
    |add_ln58_67716_fu_6086_p2  |         +|   0|  0|   20|          13|          13|
    |add_ln58_67717_fu_6092_p2  |         +|   0|  0|   17|          13|          13|
    |add_ln58_67718_fu_3231_p2  |         +|   0|  0|   17|          10|          10|
    |add_ln58_67719_fu_3245_p2  |         +|   0|  0|   18|          11|          11|
    |add_ln58_67720_fu_3251_p2  |         +|   0|  0|   17|          10|          10|
    |add_ln58_67721_fu_3261_p2  |         +|   0|  0|   18|          11|          11|
    |add_ln58_67722_fu_6104_p2  |         +|   0|  0|   19|          12|          12|
    |add_ln58_67723_fu_3267_p2  |         +|   0|  0|   17|          10|          10|
    |add_ln58_67724_fu_3277_p2  |         +|   0|  0|   18|          11|          11|
    |add_ln58_67725_fu_3283_p2  |         +|   0|  0|   17|          10|          10|
    |add_ln58_67726_fu_3295_p2  |         +|   0|  0|   17|          12|          12|
    |add_ln58_67727_fu_3301_p2  |         +|   0|  0|   17|          12|          12|
    |add_ln58_67728_fu_6120_p2  |         +|   0|  0|   20|          13|          13|
    |add_ln58_67729_fu_6126_p2  |         +|   0|  0|   17|          13|          13|
    |add_ln58_67730_fu_1781_p2  |         +|   0|  0|   16|           9|           9|
    |add_ln58_67731_fu_1787_p2  |         +|   0|  0|   16|           9|           9|
    |add_ln58_67732_fu_3313_p2  |         +|   0|  0|   17|          10|          10|
    |add_ln58_67733_fu_3323_p2  |         +|   0|  0|   18|          11|          11|
    |add_ln58_67734_fu_1793_p2  |         +|   0|  0|   16|           9|           9|
    |add_ln58_67735_fu_1803_p2  |         +|   0|  0|   17|          10|          10|
    |add_ln58_67736_fu_1809_p2  |         +|   0|  0|   16|           9|           9|
    |add_ln58_67737_fu_3332_p2  |         +|   0|  0|   17|          10|          10|
    |add_ln58_67738_fu_3341_p2  |         +|   0|  0|   18|          11|          11|
    |add_ln58_67739_fu_6138_p2  |         +|   0|  0|   19|          12|          12|
    |add_ln58_67740_fu_6148_p2  |         +|   0|  0|   17|          13|          13|
    |add_ln58_67741_fu_3347_p2  |         +|   0|  0|   17|          10|          10|
    |add_ln58_67742_fu_3361_p2  |         +|   0|  0|   19|          12|          12|
    |add_ln58_67743_fu_3367_p2  |         +|   0|  0|   17|          10|          10|
    |add_ln58_67744_fu_3377_p2  |         +|   0|  0|   18|          11|          11|
    |add_ln58_67745_fu_6160_p2  |         +|   0|  0|   20|          13|          13|
    |add_ln58_67746_fu_3383_p2  |         +|   0|  0|   17|          10|          10|
    |add_ln58_67747_fu_3393_p2  |         +|   0|  0|   18|          11|          11|
    |add_ln58_67748_fu_3399_p2  |         +|   0|  0|   17|          10|          10|
    |add_ln58_67749_fu_3409_p2  |         +|   0|  0|   18|          11|          11|
    |add_ln58_67750_fu_6172_p2  |         +|   0|  0|   19|          12|          12|
    |add_ln58_67751_fu_6182_p2  |         +|   0|  0|   17|          13|          13|
    |add_ln58_67752_fu_3415_p2  |         +|   0|  0|   17|          10|          10|
    |add_ln58_67753_fu_3423_p2  |         +|   0|  0|   18|          11|          11|
    |add_ln58_67754_fu_3429_p2  |         +|   0|  0|   17|          10|          10|
    |add_ln58_67755_fu_6194_p2  |         +|   0|  0|   17|          12|          12|
    |add_ln58_67756_fu_3435_p2  |         +|   0|  0|   17|          10|          10|
    |add_ln58_67757_fu_1819_p2  |         +|   0|  0|   16|           9|           9|
    |add_ln58_67758_fu_1825_p2  |         +|   0|  0|   16|           9|           9|
    |add_ln58_67759_fu_3451_p2  |         +|   0|  0|   17|          10|          10|
    |add_ln58_67760_fu_3461_p2  |         +|   0|  0|   18|          11|          11|
    |add_ln58_67761_fu_6203_p2  |         +|   0|  0|   17|          12|          12|
    |add_ln58_67762_fu_6213_p2  |         +|   0|  0|   17|          13|          13|
    |add_ln58_67763_fu_3467_p2  |         +|   0|  0|   17|          12|          12|
    |add_ln58_67764_fu_3472_p2  |         +|   0|  0|   17|          12|          12|
    |add_ln58_67765_fu_3478_p2  |         +|   0|  0|   18|          11|          11|
    |add_ln58_67766_fu_6225_p2  |         +|   0|  0|   20|          13|          13|
    |add_ln58_67767_fu_3484_p2  |         +|   0|  0|   17|          10|          10|
    |add_ln58_67768_fu_3492_p2  |         +|   0|  0|   18|          11|          11|
    |add_ln58_67769_fu_1831_p2  |         +|   0|  0|   16|           9|           9|
    |add_ln58_67770_fu_3501_p2  |         +|   0|  0|   17|          10|          10|
    |add_ln58_67771_fu_6237_p2  |         +|   0|  0|   19|          12|          12|
    |add_ln58_67772_fu_6247_p2  |         +|   0|  0|   17|          13|          13|
    |add_ln58_67773_fu_1837_p2  |         +|   0|  0|   16|           9|           9|
    |add_ln58_67774_fu_3510_p2  |         +|   0|  0|   17|          10|          10|
    |add_ln58_67775_fu_1843_p2  |         +|   0|  0|   16|           9|           9|
    |add_ln58_67776_fu_3523_p2  |         +|   0|  0|   17|          10|          10|
    |add_ln58_67777_fu_3533_p2  |         +|   0|  0|   18|          11|          11|
    |add_ln58_67778_fu_3539_p2  |         +|   0|  0|   17|          10|          10|
    |add_ln58_67779_fu_3549_p2  |         +|   0|  0|   17|          10|          10|
    |add_ln58_67780_fu_3559_p2  |         +|   0|  0|   18|          11|          11|
    |add_ln58_67781_fu_6259_p2  |         +|   0|  0|   19|          12|          12|
    |add_ln58_67782_fu_6269_p2  |         +|   0|  0|   17|          13|          13|
    |add_ln58_67783_fu_1849_p2  |         +|   0|  0|   16|           9|           9|
    |add_ln58_67784_fu_3568_p2  |         +|   0|  0|   17|          12|          12|
    |add_ln58_67785_fu_3573_p2  |         +|   0|  0|   17|          12|          12|
    |add_ln58_67786_fu_3579_p2  |         +|   0|  0|   17|          10|          10|
    |add_ln58_67787_fu_3588_p2  |         +|   0|  0|   17|          10|          10|
    |add_ln58_67788_fu_3598_p2  |         +|   0|  0|   18|          11|          11|
    |add_ln58_67789_fu_6281_p2  |         +|   0|  0|   20|          13|          13|
    |add_ln58_67790_fu_3604_p2  |         +|   0|  0|   18|          11|          11|
    |add_ln58_67791_fu_3613_p2  |         +|   0|  0|   18|          11|          11|
    |add_ln58_67792_fu_6293_p2  |         +|   0|  0|   19|          12|          12|
    |add_ln58_67793_fu_6303_p2  |         +|   0|  0|   17|          13|          13|
    |add_ln58_67794_fu_1855_p2  |         +|   0|  0|   16|           9|           9|
    |add_ln58_67795_fu_3622_p2  |         +|   0|  0|   17|          10|          10|
    |add_ln58_67796_fu_1861_p2  |         +|   0|  0|   16|           9|           9|
    |add_ln58_67797_fu_3635_p2  |         +|   0|  0|   17|          10|          10|
    |add_ln58_67798_fu_3645_p2  |         +|   0|  0|   18|          11|          11|
    |add_ln58_67799_fu_1867_p2  |         +|   0|  0|   16|           9|           9|
    |add_ln58_67800_fu_3654_p2  |         +|   0|  0|   17|          10|          10|
    |add_ln58_67801_fu_1873_p2  |         +|   0|  0|   16|           9|           9|
    |add_ln58_67802_fu_3666_p2  |         +|   0|  0|   17|          10|          10|
    |add_ln58_67803_fu_3676_p2  |         +|   0|  0|   18|          11|          11|
    |add_ln58_67804_fu_6315_p2  |         +|   0|  0|   19|          12|          12|
    |add_ln58_67805_fu_6325_p2  |         +|   0|  0|   17|          13|          13|
    |add_ln58_67806_fu_3682_p2  |         +|   0|  0|   17|          12|          12|
    |add_ln58_67807_fu_3688_p2  |         +|   0|  0|   17|          12|          12|
    |add_ln58_67808_fu_3694_p2  |         +|   0|  0|   17|          10|          10|
    |add_ln58_67809_fu_3704_p2  |         +|   0|  0|   17|          10|          10|
    |add_ln58_67810_fu_3714_p2  |         +|   0|  0|   18|          11|          11|
    |add_ln58_67811_fu_6337_p2  |         +|   0|  0|   20|          13|          13|
    |add_ln58_67812_fu_3720_p2  |         +|   0|  0|   18|          11|          11|
    |add_ln58_67813_fu_3726_p2  |         +|   0|  0|   18|          11|          11|
    |add_ln58_67814_fu_6349_p2  |         +|   0|  0|   19|          12|          12|
    |add_ln58_67815_fu_6359_p2  |         +|   0|  0|   17|          13|          13|
    |add_ln58_67816_fu_3732_p2  |         +|   0|  0|   17|          10|          10|
    |add_ln58_67817_fu_3741_p2  |         +|   0|  0|   17|          10|          10|
    |add_ln58_67818_fu_3751_p2  |         +|   0|  0|   18|          11|          11|
    |add_ln58_67819_fu_1879_p2  |         +|   0|  0|   16|           9|           9|
    |add_ln58_67820_fu_3760_p2  |         +|   0|  0|   17|          10|          10|
    |add_ln58_67821_fu_1885_p2  |         +|   0|  0|   16|           9|           9|
    |add_ln58_67822_fu_3772_p2  |         +|   0|  0|   17|          10|          10|
    |add_ln58_67823_fu_3781_p2  |         +|   0|  0|   18|          11|          11|
    |add_ln58_67824_fu_6371_p2  |         +|   0|  0|   19|          12|          12|
    |add_ln58_67825_fu_6381_p2  |         +|   0|  0|   17|          13|          13|
    |add_ln58_67826_fu_3787_p2  |         +|   0|  0|   17|          12|          12|
    |add_ln58_67827_fu_3793_p2  |         +|   0|  0|   17|          12|          12|
    |add_ln58_67828_fu_3799_p2  |         +|   0|  0|   18|          11|          11|
    |add_ln58_67829_fu_6393_p2  |         +|   0|  0|   20|          13|          13|
    |add_ln58_67830_fu_3805_p2  |         +|   0|  0|   17|          10|          10|
    |add_ln58_67831_fu_3815_p2  |         +|   0|  0|   18|          11|          11|
    |add_ln58_67832_fu_6402_p2  |         +|   0|  0|   19|          12|          12|
    |add_ln58_67833_fu_6412_p2  |         +|   0|  0|   17|          13|          13|
    |add_ln58_67834_fu_3821_p2  |         +|   0|  0|   17|          10|          10|
    |add_ln58_67835_fu_3829_p2  |         +|   0|  0|   18|          11|          11|
    |add_ln58_67836_fu_3835_p2  |         +|   0|  0|   17|          10|          10|
    |add_ln58_67837_fu_6424_p2  |         +|   0|  0|   17|          12|          12|
    |add_ln58_67838_fu_1891_p2  |         +|   0|  0|   16|           9|           9|
    |add_ln58_67839_fu_3844_p2  |         +|   0|  0|   17|          10|          10|
    |add_ln58_67840_fu_3854_p2  |         +|   0|  0|   18|          11|          11|
    |add_ln58_67841_fu_6433_p2  |         +|   0|  0|   17|          12|          12|
    |add_ln58_67842_fu_6443_p2  |         +|   0|  0|   17|          13|          13|
    |add_ln58_67843_fu_3860_p2  |         +|   0|  0|   18|          11|          11|
    |add_ln58_67844_fu_3869_p2  |         +|   0|  0|   19|          12|          12|
    |add_ln58_67845_fu_3875_p2  |         +|   0|  0|   17|          10|          10|
    |add_ln58_67846_fu_3888_p2  |         +|   0|  0|   17|          10|          10|
    |add_ln58_67847_fu_3898_p2  |         +|   0|  0|   18|          11|          11|
    |add_ln58_67848_fu_6455_p2  |         +|   0|  0|   20|          13|          13|
    |add_ln58_67849_fu_3904_p2  |         +|   0|  0|   18|          11|          11|
    |add_ln58_67850_fu_3910_p2  |         +|   0|  0|   17|          10|          10|
    |add_ln58_67851_fu_3920_p2  |         +|   0|  0|   17|          10|          10|
    |add_ln58_67852_fu_3930_p2  |         +|   0|  0|   18|          11|          11|
    |add_ln58_67853_fu_6467_p2  |         +|   0|  0|   19|          12|          12|
    |add_ln58_67854_fu_6477_p2  |         +|   0|  0|   17|          13|          13|
    |add_ln58_67855_fu_3936_p2  |         +|   0|  0|   18|          11|          11|
    |add_ln58_67856_fu_1897_p2  |         +|   0|  0|   17|          10|          10|
    |add_ln58_67857_fu_1903_p2  |         +|   0|  0|   16|           9|           9|
    |add_ln58_67858_fu_3952_p2  |         +|   0|  0|   18|          11|          11|
    |add_ln58_67859_fu_3962_p2  |         +|   0|  0|   19|          12|          12|
    |add_ln58_67860_fu_1909_p2  |         +|   0|  0|   16|           9|           9|
    |add_ln58_67861_fu_3971_p2  |         +|   0|  0|   17|          10|          10|
    |add_ln58_67862_fu_1915_p2  |         +|   0|  0|   16|           9|           9|
    |add_ln58_67863_fu_3984_p2  |         +|   0|  0|   17|          10|          10|
    |add_ln58_67864_fu_3994_p2  |         +|   0|  0|   18|          11|          11|
    |add_ln58_67865_fu_6489_p2  |         +|   0|  0|   20|          13|          13|
    |add_ln58_67866_fu_6495_p2  |         +|   0|  0|   17|          13|          13|
    |add_ln58_67867_fu_4000_p2  |         +|   0|  0|   17|          10|          10|
    |add_ln58_67868_fu_4010_p2  |         +|   0|  0|   19|          12|          12|
    |add_ln58_67869_fu_4016_p2  |         +|   0|  0|   18|          11|          11|
    |add_ln58_67870_fu_6507_p2  |         +|   0|  0|   20|          13|          13|
    |add_ln58_67871_fu_4022_p2  |         +|   0|  0|   17|          10|          10|
    |add_ln58_67872_fu_4031_p2  |         +|   0|  0|   18|          11|          11|
    |add_ln58_67873_fu_4040_p2  |         +|   0|  0|   17|          10|          10|
    |add_ln58_67874_fu_6519_p2  |         +|   0|  0|   19|          12|          12|
    |add_ln58_67875_fu_6529_p2  |         +|   0|  0|   17|          13|          13|
    |add_ln58_67876_fu_4046_p2  |         +|   0|  0|   17|          10|          10|
    |add_ln58_67877_fu_4055_p2  |         +|   0|  0|   17|          10|          10|
    |add_ln58_67878_fu_4065_p2  |         +|   0|  0|   18|          11|          11|
    |add_ln58_67879_fu_1921_p2  |         +|   0|  0|   16|           9|           9|
    |add_ln58_67880_fu_4074_p2  |         +|   0|  0|   17|          10|          10|
    |add_ln58_67881_fu_1927_p2  |         +|   0|  0|   16|           9|           9|
    |add_ln58_67882_fu_4087_p2  |         +|   0|  0|   17|          10|          10|
    |add_ln58_67883_fu_4097_p2  |         +|   0|  0|   18|          11|          11|
    |add_ln58_67884_fu_6541_p2  |         +|   0|  0|   19|          12|          12|
    |add_ln58_67885_fu_6551_p2  |         +|   0|  0|   17|          13|          13|
    |add_ln58_67886_fu_4103_p2  |         +|   0|  0|   20|          13|          13|
    |add_ln58_67887_fu_6557_p2  |         +|   0|  0|   17|          13|          13|
    |add_ln58_67888_fu_4109_p2  |         +|   0|  0|   17|          10|          10|
    |add_ln58_67889_fu_4119_p2  |         +|   0|  0|   18|          11|          11|
    |add_ln58_67890_fu_6565_p2  |         +|   0|  0|   17|          13|          13|
    |add_ln58_67891_fu_4125_p2  |         +|   0|  0|   18|          11|          11|
    |add_ln58_67892_fu_4131_p2  |         +|   0|  0|   17|          10|          10|
    |add_ln58_67893_fu_4140_p2  |         +|   0|  0|   18|          11|          11|
    |add_ln58_67894_fu_6577_p2  |         +|   0|  0|   19|          12|          12|
    |add_ln58_67895_fu_6587_p2  |         +|   0|  0|   17|          13|          13|
    |add_ln58_67896_fu_4146_p2  |         +|   0|  0|   17|          10|          10|
    |add_ln58_67897_fu_4156_p2  |         +|   0|  0|   17|          10|          10|
    |add_ln58_67898_fu_4165_p2  |         +|   0|  0|   18|          11|          11|
    |add_ln58_67899_fu_1933_p2  |         +|   0|  0|   16|           9|           9|
    |add_ln58_67900_fu_4174_p2  |         +|   0|  0|   17|          10|          10|
    |add_ln58_67901_fu_4184_p2  |         +|   0|  0|   17|          10|          10|
    |add_ln58_67902_fu_4193_p2  |         +|   0|  0|   18|          11|          11|
    |add_ln58_67903_fu_6599_p2  |         +|   0|  0|   19|          12|          12|
    |add_ln58_67904_fu_6609_p2  |         +|   0|  0|   17|          13|          13|
    |add_ln58_67905_fu_4199_p2  |         +|   0|  0|   17|          10|          10|
    |add_ln58_67906_fu_4208_p2  |         +|   0|  0|   17|          12|          12|
    |add_ln58_67907_fu_4214_p2  |         +|   0|  0|   17|          12|          12|
    |add_ln58_67908_fu_6618_p2  |         +|   0|  0|   20|          13|          13|
    |add_ln58_67909_fu_4220_p2  |         +|   0|  0|   18|          11|          11|
    |add_ln58_67910_fu_4226_p2  |         +|   0|  0|   17|          10|          10|
    |add_ln58_67911_fu_4235_p2  |         +|   0|  0|   18|          11|          11|
    |add_ln58_67912_fu_6630_p2  |         +|   0|  0|   19|          12|          12|
    |add_ln58_67913_fu_6640_p2  |         +|   0|  0|   17|          13|          13|
    |add_ln58_67914_fu_1939_p2  |         +|   0|  0|   16|           9|           9|
    |add_ln58_67915_fu_4244_p2  |         +|   0|  0|   17|          10|          10|
    |add_ln58_67916_fu_1945_p2  |         +|   0|  0|   16|           9|           9|
    |add_ln58_67917_fu_4256_p2  |         +|   0|  0|   17|          10|          10|
    |add_ln58_67918_fu_4266_p2  |         +|   0|  0|   18|          11|          11|
    |add_ln58_67919_fu_4272_p2  |         +|   0|  0|   17|          10|          10|
    |add_ln58_67920_fu_1951_p2  |         +|   0|  0|   16|           9|           9|
    |add_ln58_67921_fu_1957_p2  |         +|   0|  0|   16|           9|           9|
    |add_ln58_67922_fu_4288_p2  |         +|   0|  0|   17|          10|          10|
    |add_ln58_67923_fu_4298_p2  |         +|   0|  0|   18|          11|          11|
    |add_ln58_67924_fu_6652_p2  |         +|   0|  0|   19|          12|          12|
    |add_ln58_67925_fu_6662_p2  |         +|   0|  0|   17|          13|          13|
    |add_ln58_67926_fu_4304_p2  |         +|   0|  0|   19|          12|          12|
    |add_ln58_67927_fu_4310_p2  |         +|   0|  0|   18|          11|          11|
    |add_ln58_67928_fu_6674_p2  |         +|   0|  0|   20|          13|          13|
    |add_ln58_67929_fu_4316_p2  |         +|   0|  0|   18|          11|          11|
    |add_ln58_67930_fu_6683_p2  |         +|   0|  0|   19|          12|          12|
    |add_ln58_67931_fu_6693_p2  |         +|   0|  0|   17|          13|          13|
    |add_ln58_67932_fu_4322_p2  |         +|   0|  0|   18|          11|          11|
    |add_ln58_67933_fu_1963_p2  |         +|   0|  0|   17|          10|          10|
    |add_ln58_67934_fu_4338_p2  |         +|   0|  0|   18|          11|          11|
    |add_ln58_67935_fu_4348_p2  |         +|   0|  0|   19|          12|          12|
    |add_ln58_67936_fu_4354_p2  |         +|   0|  0|   17|          10|          10|
    |add_ln58_67937_fu_1969_p2  |         +|   0|  0|   16|           9|           9|
    |add_ln58_67938_fu_4367_p2  |         +|   0|  0|   17|          10|          10|
    |add_ln58_67939_fu_4377_p2  |         +|   0|  0|   18|          11|          11|
    |add_ln58_67940_fu_6705_p2  |         +|   0|  0|   20|          13|          13|
    |add_ln58_67941_fu_6711_p2  |         +|   0|  0|   17|          13|          13|
    |add_ln58_67942_fu_4383_p2  |         +|   0|  0|   17|          10|          10|
    |add_ln58_67943_fu_4392_p2  |         +|   0|  0|   19|          12|          12|
    |add_ln58_67944_fu_4398_p2  |         +|   0|  0|   17|          10|          10|
    |add_ln58_67945_fu_4412_p2  |         +|   0|  0|   17|          10|          10|
    |add_ln58_67946_fu_4422_p2  |         +|   0|  0|   18|          11|          11|
    |add_ln58_67947_fu_6723_p2  |         +|   0|  0|   20|          13|          13|
    |add_ln58_67948_fu_4428_p2  |         +|   0|  0|   17|          10|          10|
    |add_ln58_67949_fu_4436_p2  |         +|   0|  0|   18|          11|          11|
    |add_ln58_67950_fu_6732_p2  |         +|   0|  0|   19|          12|          12|
    |add_ln58_67951_fu_6742_p2  |         +|   0|  0|   17|          13|          13|
    |add_ln58_67952_fu_4442_p2  |         +|   0|  0|   17|          10|          10|
    |add_ln58_67953_fu_1975_p2  |         +|   0|  0|   16|           9|           9|
    |add_ln58_67954_fu_4454_p2  |         +|   0|  0|   17|          10|          10|
    |add_ln58_67955_fu_4464_p2  |         +|   0|  0|   18|          11|          11|
    |add_ln58_67956_fu_4470_p2  |         +|   0|  0|   17|          10|          10|
    |add_ln58_67957_fu_1981_p2  |         +|   0|  0|   16|           9|           9|
    |add_ln58_67958_fu_4483_p2  |         +|   0|  0|   17|          10|          10|
    |add_ln58_67959_fu_4492_p2  |         +|   0|  0|   18|          11|          11|
    |add_ln58_67960_fu_6754_p2  |         +|   0|  0|   19|          12|          12|
    |add_ln58_67961_fu_6764_p2  |         +|   0|  0|   17|          13|          13|
    |add_ln58_67962_fu_4498_p2  |         +|   0|  0|   17|          12|          12|
    |add_ln58_67963_fu_4504_p2  |         +|   0|  0|   17|          12|          12|
    |add_ln58_67964_fu_4510_p2  |         +|   0|  0|   18|          11|          11|
    |add_ln58_67965_fu_6776_p2  |         +|   0|  0|   20|          13|          13|
    |add_ln58_67966_fu_4516_p2  |         +|   0|  0|   17|          10|          10|
    |add_ln58_67967_fu_4526_p2  |         +|   0|  0|   18|          11|          11|
    |add_ln58_67968_fu_6785_p2  |         +|   0|  0|   19|          12|          12|
    |add_ln58_67969_fu_6795_p2  |         +|   0|  0|   17|          13|          13|
    |add_ln58_67970_fu_4532_p2  |         +|   0|  0|   17|          10|          10|
    |add_ln58_67971_fu_4540_p2  |         +|   0|  0|   18|          11|          11|
    |add_ln58_67972_fu_4546_p2  |         +|   0|  0|   17|          10|          10|
    |add_ln58_67973_fu_6807_p2  |         +|   0|  0|   17|          12|          12|
    |add_ln58_67974_fu_4552_p2  |         +|   0|  0|   17|          10|          10|
    |add_ln58_67975_fu_4562_p2  |         +|   0|  0|   17|          10|          10|
    |add_ln58_67976_fu_4572_p2  |         +|   0|  0|   18|          11|          11|
    |add_ln58_67977_fu_6816_p2  |         +|   0|  0|   17|          12|          12|
    |add_ln58_67978_fu_6826_p2  |         +|   0|  0|   17|          13|          13|
    |add_ln58_67979_fu_4578_p2  |         +|   0|  0|   17|          10|          10|
    |add_ln58_67980_fu_6835_p2  |         +|   0|  0|   17|          13|          13|
    |add_ln58_67981_fu_4584_p2  |         +|   0|  0|   17|          10|          10|
    |add_ln58_67982_fu_4594_p2  |         +|   0|  0|   18|          11|          11|
    |add_ln58_67983_fu_6843_p2  |         +|   0|  0|   17|          13|          13|
    |add_ln58_67984_fu_4600_p2  |         +|   0|  0|   18|          11|          11|
    |add_ln58_67985_fu_4606_p2  |         +|   0|  0|   17|          10|          10|
    |add_ln58_67986_fu_4615_p2  |         +|   0|  0|   18|          11|          11|
    |add_ln58_67987_fu_6855_p2  |         +|   0|  0|   19|          12|          12|
    |add_ln58_67988_fu_6865_p2  |         +|   0|  0|   17|          13|          13|
    |add_ln58_67989_fu_4621_p2  |         +|   0|  0|   17|          10|          10|
    |add_ln58_67990_fu_4631_p2  |         +|   0|  0|   17|          10|          10|
    |add_ln58_67991_fu_4641_p2  |         +|   0|  0|   18|          11|          11|
    |add_ln58_67992_fu_4647_p2  |         +|   0|  0|   17|          10|          10|
    |add_ln58_67993_fu_4657_p2  |         +|   0|  0|   17|          10|          10|
    |add_ln58_67994_fu_4667_p2  |         +|   0|  0|   18|          11|          11|
    |add_ln58_67995_fu_6877_p2  |         +|   0|  0|   19|          12|          12|
    |add_ln58_67996_fu_6887_p2  |         +|   0|  0|   17|          13|          13|
    |add_ln58_67997_fu_4673_p2  |         +|   0|  0|   17|          10|          10|
    |add_ln58_67998_fu_4683_p2  |         +|   0|  0|   19|          12|          12|
    |add_ln58_67999_fu_4689_p2  |         +|   0|  0|   17|          10|          10|
    |add_ln58_68000_fu_4699_p2  |         +|   0|  0|   18|          11|          11|
    |add_ln58_68001_fu_6899_p2  |         +|   0|  0|   20|          13|          13|
    |add_ln58_68002_fu_4705_p2  |         +|   0|  0|   18|          11|          11|
    |add_ln58_68003_fu_4711_p2  |         +|   0|  0|   18|          11|          11|
    |add_ln58_68004_fu_6911_p2  |         +|   0|  0|   19|          12|          12|
    |add_ln58_68005_fu_6921_p2  |         +|   0|  0|   17|          13|          13|
    |add_ln58_68006_fu_1987_p2  |         +|   0|  0|   16|           9|           9|
    |add_ln58_68007_fu_4720_p2  |         +|   0|  0|   17|          10|          10|
    |add_ln58_68008_fu_4729_p2  |         +|   0|  0|   17|          10|          10|
    |add_ln58_68009_fu_4739_p2  |         +|   0|  0|   18|          11|          11|
    |add_ln58_68010_fu_4745_p2  |         +|   0|  0|   17|          10|          10|
    |add_ln58_68011_fu_4755_p2  |         +|   0|  0|   18|          11|          11|
    |add_ln58_68012_fu_6933_p2  |         +|   0|  0|   19|          12|          12|
    |add_ln58_68013_fu_6943_p2  |         +|   0|  0|   17|          13|          13|
    |add_ln58_68014_fu_4761_p2  |         +|   0|  0|   17|          12|          12|
    |add_ln58_68015_fu_4767_p2  |         +|   0|  0|   17|          12|          12|
    |add_ln58_68016_fu_4773_p2  |         +|   0|  0|   17|          10|          10|
    |add_ln58_68017_fu_4783_p2  |         +|   0|  0|   18|          11|          11|
    |add_ln58_68018_fu_6955_p2  |         +|   0|  0|   20|          13|          13|
    |add_ln58_68019_fu_4789_p2  |         +|   0|  0|   18|          11|          11|
    |add_ln58_68020_fu_4795_p2  |         +|   0|  0|   18|          11|          11|
    |add_ln58_68021_fu_6967_p2  |         +|   0|  0|   19|          12|          12|
    |add_ln58_68022_fu_6977_p2  |         +|   0|  0|   17|          13|          13|
    |add_ln58_68023_fu_1993_p2  |         +|   0|  0|   17|          10|          10|
    |add_ln58_68024_fu_4804_p2  |         +|   0|  0|   18|          11|          11|
    |add_ln58_68025_fu_4814_p2  |         +|   0|  0|   17|          10|          10|
    |add_ln58_68026_fu_4824_p2  |         +|   0|  0|   17|          12|          12|
    |add_ln58_68027_fu_1999_p2  |         +|   0|  0|   16|           9|           9|
    |add_ln58_68028_fu_2009_p2  |         +|   0|  0|   17|          10|          10|
    |add_ln58_68029_fu_2015_p2  |         +|   0|  0|   17|          10|          10|
    |add_ln58_68030_fu_4836_p2  |         +|   0|  0|   18|          11|          11|
    |add_ln58_68031_fu_4846_p2  |         +|   0|  0|   17|          12|          12|
    |add_ln58_68032_fu_6986_p2  |         +|   0|  0|   17|          13|          13|
    |add_ln58_68033_fu_4852_p2  |         +|   0|  0|   17|          10|          10|
    |add_ln58_68034_fu_4861_p2  |         +|   0|  0|   18|          11|          11|
    |add_ln58_68035_fu_4867_p2  |         +|   0|  0|   17|          10|          10|
    |add_ln58_68036_fu_4877_p2  |         +|   0|  0|   18|          11|          11|
    |add_ln58_68037_fu_6998_p2  |         +|   0|  0|   19|          12|          12|
    |add_ln58_68038_fu_4883_p2  |         +|   0|  0|   18|          11|          11|
    |add_ln58_68039_fu_4889_p2  |         +|   0|  0|   18|          11|          11|
    |add_ln58_68040_fu_7014_p2  |         +|   0|  0|   19|          12|          12|
    |add_ln58_68041_fu_7024_p2  |         +|   0|  0|   17|          13|          13|
    |add_ln58_68042_fu_4895_p2  |         +|   0|  0|   18|          11|          11|
    |add_ln58_68043_fu_4904_p2  |         +|   0|  0|   17|          12|          12|
    |add_ln58_68044_fu_2021_p2  |         +|   0|  0|   16|           9|           9|
    |add_ln58_68045_fu_4913_p2  |         +|   0|  0|   17|          10|          10|
    |add_ln58_68046_fu_4923_p2  |         +|   0|  0|   17|          12|          12|
    |add_ln58_68047_fu_2027_p2  |         +|   0|  0|   16|           9|           9|
    |add_ln58_68048_fu_4932_p2  |         +|   0|  0|   17|          10|          10|
    |add_ln58_68049_fu_4942_p2  |         +|   0|  0|   17|          10|          10|
    |add_ln58_68050_fu_4952_p2  |         +|   0|  0|   18|          11|          11|
    |add_ln58_68051_fu_7036_p2  |         +|   0|  0|   20|          13|          13|
    |add_ln58_68052_fu_7042_p2  |         +|   0|  0|   17|          13|          13|
    |add_ln58_68053_fu_4958_p2  |         +|   0|  0|   17|          10|          10|
    |add_ln58_68054_fu_4968_p2  |         +|   0|  0|   18|          11|          11|
    |add_ln58_68055_fu_4973_p2  |         +|   0|  0|   17|          10|          10|
    |add_ln58_68056_fu_4983_p2  |         +|   0|  0|   18|          11|          11|
    |add_ln58_68057_fu_7054_p2  |         +|   0|  0|   19|          12|          12|
    |add_ln58_68058_fu_4989_p2  |         +|   0|  0|   18|          11|          11|
    |add_ln58_68059_fu_4995_p2  |         +|   0|  0|   17|          10|          10|
    |add_ln58_68060_fu_5003_p2  |         +|   0|  0|   18|          11|          11|
    |add_ln58_68061_fu_7070_p2  |         +|   0|  0|   19|          12|          12|
    |add_ln58_68062_fu_7080_p2  |         +|   0|  0|   17|          13|          13|
    |add_ln58_68063_fu_5009_p2  |         +|   0|  0|   18|          11|          11|
    |add_ln58_68064_fu_5018_p2  |         +|   0|  0|   17|          10|          10|
    |add_ln58_68065_fu_5028_p2  |         +|   0|  0|   19|          12|          12|
    |add_ln58_68066_fu_5034_p2  |         +|   0|  0|   17|          10|          10|
    |add_ln58_68067_fu_2033_p2  |         +|   0|  0|   16|           9|           9|
    |add_ln58_68068_fu_5047_p2  |         +|   0|  0|   17|          10|          10|
    |add_ln58_68069_fu_5057_p2  |         +|   0|  0|   18|          11|          11|
    |add_ln58_68070_fu_7092_p2  |         +|   0|  0|   20|          13|          13|
    |add_ln58_68071_fu_7098_p2  |         +|   0|  0|   17|          13|          13|
    |add_ln58_68072_fu_5063_p2  |         +|   0|  0|   19|          12|          12|
    |add_ln58_68073_fu_5069_p2  |         +|   0|  0|   18|          11|          11|
    |add_ln58_68074_fu_7110_p2  |         +|   0|  0|   20|          13|          13|
    |add_ln58_68075_fu_5075_p2  |         +|   0|  0|   18|          11|          11|
    |add_ln58_68076_fu_5081_p2  |         +|   0|  0|   17|          10|          10|
    |add_ln58_68077_fu_5090_p2  |         +|   0|  0|   18|          11|          11|
    |add_ln58_68078_fu_7122_p2  |         +|   0|  0|   19|          12|          12|
    |add_ln58_68079_fu_7132_p2  |         +|   0|  0|   17|          13|          13|
    |add_ln58_68080_fu_5096_p2  |         +|   0|  0|   17|          10|          10|
    |add_ln58_68081_fu_5105_p2  |         +|   0|  0|   17|          10|          10|
    |add_ln58_68082_fu_5115_p2  |         +|   0|  0|   18|          11|          11|
    |add_ln58_68083_fu_5121_p2  |         +|   0|  0|   17|          10|          10|
    |add_ln58_68084_fu_5131_p2  |         +|   0|  0|   17|          10|          10|
    |add_ln58_68085_fu_5141_p2  |         +|   0|  0|   18|          11|          11|
    |add_ln58_68086_fu_7144_p2  |         +|   0|  0|   19|          12|          12|
    |add_ln58_68087_fu_7154_p2  |         +|   0|  0|   17|          13|          13|
    |add_ln58_68088_fu_5147_p2  |         +|   0|  0|   17|          10|          10|
    |add_ln58_68089_fu_5157_p2  |         +|   0|  0|   19|          12|          12|
    |add_ln58_68090_fu_5163_p2  |         +|   0|  0|   17|          10|          10|
    |add_ln58_68091_fu_5173_p2  |         +|   0|  0|   18|          11|          11|
    |add_ln58_68092_fu_7166_p2  |         +|   0|  0|   20|          13|          13|
    |add_ln58_68093_fu_5179_p2  |         +|   0|  0|   18|          11|          11|
    |add_ln58_68094_fu_5185_p2  |         +|   0|  0|   17|          10|          10|
    |add_ln58_68095_fu_5195_p2  |         +|   0|  0|   18|          11|          11|
    |add_ln58_68096_fu_7178_p2  |         +|   0|  0|   19|          12|          12|
    |add_ln58_68097_fu_7188_p2  |         +|   0|  0|   17|          13|          13|
    |add_ln58_68098_fu_5201_p2  |         +|   0|  0|   18|          11|          11|
    |add_ln58_68099_fu_5211_p2  |         +|   0|  0|   17|          10|          10|
    |add_ln58_68100_fu_5221_p2  |         +|   0|  0|   19|          12|          12|
    |add_ln58_68101_fu_2039_p2  |         +|   0|  0|   16|           9|           9|
    |add_ln58_68102_fu_5230_p2  |         +|   0|  0|   17|          10|          10|
    |add_ln58_68103_fu_2045_p2  |         +|   0|  0|   16|           9|           9|
    |add_ln58_68104_fu_5243_p2  |         +|   0|  0|   17|          10|          10|
    |add_ln58_68105_fu_5253_p2  |         +|   0|  0|   18|          11|          11|
    |add_ln58_68106_fu_7200_p2  |         +|   0|  0|   20|          13|          13|
    |add_ln58_68107_fu_7206_p2  |         +|   0|  0|   17|          13|          13|
    |add_ln58_68108_fu_5259_p2  |         +|   0|  0|   19|          12|          12|
    |add_ln58_68109_fu_5265_p2  |         +|   0|  0|   18|          11|          11|
    |add_ln58_68110_fu_7218_p2  |         +|   0|  0|   20|          13|          13|
    |add_ln58_68111_fu_5271_p2  |         +|   0|  0|   18|          11|          11|
    |add_ln58_68112_fu_7227_p2  |         +|   0|  0|   19|          12|          12|
    |add_ln58_68113_fu_7237_p2  |         +|   0|  0|   17|          13|          13|
    |add_ln58_68114_fu_5277_p2  |         +|   0|  0|   17|          10|          10|
    |add_ln58_68115_fu_2051_p2  |         +|   0|  0|   16|           9|           9|
    |add_ln58_68116_fu_5289_p2  |         +|   0|  0|   17|          10|          10|
    |add_ln58_68117_fu_5299_p2  |         +|   0|  0|   18|          11|          11|
    |add_ln58_68118_fu_5305_p2  |         +|   0|  0|   17|          10|          10|
    |add_ln58_68119_fu_2057_p2  |         +|   0|  0|   16|           9|           9|
    |add_ln58_68120_fu_5317_p2  |         +|   0|  0|   17|          10|          10|
    |add_ln58_68121_fu_5327_p2  |         +|   0|  0|   18|          11|          11|
    |add_ln58_68122_fu_7249_p2  |         +|   0|  0|   19|          12|          12|
    |add_ln58_68123_fu_7259_p2  |         +|   0|  0|   17|          13|          13|
    |add_ln58_68124_fu_5333_p2  |         +|   0|  0|   17|          10|          10|
    |add_ln58_68125_fu_5343_p2  |         +|   0|  0|   19|          12|          12|
    |add_ln58_68126_fu_5349_p2  |         +|   0|  0|   17|          10|          10|
    |add_ln58_68127_fu_5358_p2  |         +|   0|  0|   17|          10|          10|
    |add_ln58_68128_fu_5368_p2  |         +|   0|  0|   18|          11|          11|
    |add_ln58_68129_fu_7271_p2  |         +|   0|  0|   20|          13|          13|
    |add_ln58_68130_fu_5374_p2  |         +|   0|  0|   17|          10|          10|
    |add_ln58_68131_fu_5384_p2  |         +|   0|  0|   18|          11|          11|
    |add_ln58_68132_fu_7280_p2  |         +|   0|  0|   19|          12|          12|
    |add_ln58_68133_fu_7290_p2  |         +|   0|  0|   17|          13|          13|
    |add_ln58_68134_fu_5390_p2  |         +|   0|  0|   18|          11|          11|
    |add_ln58_68135_fu_2063_p2  |         +|   0|  0|   16|           9|           9|
    |add_ln58_68136_fu_5403_p2  |         +|   0|  0|   17|          10|          10|
    |add_ln58_68137_fu_5413_p2  |         +|   0|  0|   17|          12|          12|
    |add_ln58_68138_fu_2069_p2  |         +|   0|  0|   16|           9|           9|
    |add_ln58_68139_fu_2079_p2  |         +|   0|  0|   17|          10|          10|
    |add_ln58_68140_fu_2085_p2  |         +|   0|  0|   16|           9|           9|
    |add_ln58_68141_fu_2095_p2  |         +|   0|  0|   17|          10|          10|
    |add_ln58_68142_fu_5425_p2  |         +|   0|  0|   18|          11|          11|
    |add_ln58_68143_fu_5435_p2  |         +|   0|  0|   17|          12|          12|
    |add_ln58_68144_fu_7299_p2  |         +|   0|  0|   17|          13|          13|
    |add_ln58_68145_fu_5441_p2  |         +|   0|  0|   17|          12|          12|
    |add_ln58_68146_fu_5447_p2  |         +|   0|  0|   17|          12|          12|
    |add_ln58_68147_fu_5453_p2  |         +|   0|  0|   18|          11|          11|
    |add_ln58_68148_fu_7311_p2  |         +|   0|  0|   20|          13|          13|
    |add_ln58_68149_fu_5459_p2  |         +|   0|  0|   18|          11|          11|
    |add_ln58_68150_fu_5465_p2  |         +|   0|  0|   17|          10|          10|
    |add_ln58_68151_fu_5474_p2  |         +|   0|  0|   18|          11|          11|
    |add_ln58_68152_fu_7323_p2  |         +|   0|  0|   19|          12|          12|
    |add_ln58_68153_fu_7333_p2  |         +|   0|  0|   17|          13|          13|
    |add_ln58_68154_fu_5480_p2  |         +|   0|  0|   17|          10|          10|
    |add_ln58_68155_fu_5490_p2  |         +|   0|  0|   18|          11|          11|
    |add_ln58_68156_fu_2101_p2  |         +|   0|  0|   16|           9|           9|
    |add_ln58_68157_fu_5499_p2  |         +|   0|  0|   17|          10|          10|
    |add_ln58_68158_fu_5509_p2  |         +|   0|  0|   18|          11|          11|
    |add_ln58_68159_fu_7345_p2  |         +|   0|  0|   19|          12|          12|
    |add_ln58_68160_fu_7355_p2  |         +|   0|  0|   17|          13|          13|
    |add_ln58_68161_fu_5515_p2  |         +|   0|  0|   17|          12|          12|
    |add_ln58_68162_fu_5521_p2  |         +|   0|  0|   17|          12|          12|
    |add_ln58_68163_fu_5527_p2  |         +|   0|  0|   17|          10|          10|
    |add_ln58_68164_fu_5537_p2  |         +|   0|  0|   18|          11|          11|
    |add_ln58_68165_fu_7367_p2  |         +|   0|  0|   20|          13|          13|
    |add_ln58_68166_fu_5543_p2  |         +|   0|  0|   17|          10|          10|
    |add_ln58_68167_fu_5553_p2  |         +|   0|  0|   18|          11|          11|
    |add_ln58_68168_fu_5559_p2  |         +|   0|  0|   17|          10|          10|
    |add_ln58_68169_fu_5571_p2  |         +|   0|  0|   18|          11|          11|
    |add_ln58_68170_fu_7379_p2  |         +|   0|  0|   19|          12|          12|
    |add_ln58_68171_fu_7389_p2  |         +|   0|  0|   17|          13|          13|
    |add_ln58_68172_fu_5577_p2  |         +|   0|  0|   17|          10|          10|
    |add_ln58_68173_fu_5587_p2  |         +|   0|  0|   17|          10|          10|
    |add_ln58_68174_fu_5597_p2  |         +|   0|  0|   18|          11|          11|
    |add_ln58_68175_fu_5603_p2  |         +|   0|  0|   17|          10|          10|
    |add_ln58_68176_fu_5613_p2  |         +|   0|  0|   18|          11|          11|
    |add_ln58_68177_fu_7401_p2  |         +|   0|  0|   19|          12|          12|
    |add_ln58_68178_fu_7411_p2  |         +|   0|  0|   17|          13|          13|
    |add_ln58_68179_fu_5619_p2  |         +|   0|  0|   19|          12|          12|
    |add_ln58_68180_fu_7420_p2  |         +|   0|  0|   20|          13|          13|
    |add_ln58_68181_fu_5625_p2  |         +|   0|  0|   18|          11|          11|
    |add_ln58_68182_fu_5631_p2  |         +|   0|  0|   18|          11|          11|
    |add_ln58_68183_fu_7432_p2  |         +|   0|  0|   19|          12|          12|
    |add_ln58_68184_fu_7442_p2  |         +|   0|  0|   17|          13|          13|
    |add_ln58_68185_fu_5637_p2  |         +|   0|  0|   17|          10|          10|
    |add_ln58_68186_fu_5646_p2  |         +|   0|  0|   18|          11|          11|
    |add_ln58_68187_fu_2107_p2  |         +|   0|  0|   16|           9|           9|
    |add_ln58_68188_fu_5655_p2  |         +|   0|  0|   17|          10|          10|
    |add_ln58_68189_fu_5665_p2  |         +|   0|  0|   18|          11|          11|
    |add_ln58_68190_fu_7454_p2  |         +|   0|  0|   19|          12|          12|
    |add_ln58_68191_fu_7464_p2  |         +|   0|  0|   17|          13|          13|
    |add_ln58_68192_fu_5671_p2  |         +|   0|  0|   17|          12|          12|
    |add_ln58_68193_fu_5677_p2  |         +|   0|  0|   17|          12|          12|
    |add_ln58_68194_fu_5682_p2  |         +|   0|  0|   17|          10|          10|
    |add_ln58_68195_fu_5692_p2  |         +|   0|  0|   18|          11|          11|
    |add_ln58_68196_fu_7476_p2  |         +|   0|  0|   20|          13|          13|
    |add_ln58_68197_fu_7482_p2  |         +|   0|  0|   19|          12|          12|
    |add_ln58_68198_fu_7492_p2  |         +|   0|  0|   17|          13|          13|
    |add_ln58_68199_fu_2113_p2  |         +|   0|  0|   17|          10|          10|
    |add_ln58_68200_fu_5701_p2  |         +|   0|  0|   18|          11|          11|
    |add_ln58_68201_fu_5711_p2  |         +|   0|  0|   19|          12|          12|
    |add_ln58_68202_fu_5717_p2  |         +|   0|  0|   17|          10|          10|
    |add_ln58_68203_fu_2119_p2  |         +|   0|  0|   16|           9|           9|
    |add_ln58_68204_fu_5730_p2  |         +|   0|  0|   17|          10|          10|
    |add_ln58_68205_fu_5740_p2  |         +|   0|  0|   18|          11|          11|
    |add_ln58_68206_fu_7504_p2  |         +|   0|  0|   20|          13|          13|
    |add_ln58_68207_fu_7510_p2  |         +|   0|  0|   17|          13|          13|
    |add_ln58_fu_414_p2         |         +|   0|  0|   17|          10|          10|
    |sub_ln73_2688_fu_330_p2    |         -|   0|  0|   28|           1|          21|
    |sub_ln73_2689_fu_362_p2    |         -|   0|  0|   28|           1|          21|
    |sub_ln73_2690_fu_390_p2    |         -|   0|  0|   28|           1|          21|
    |sub_ln73_2691_fu_476_p2    |         -|   0|  0|   28|           1|          21|
    |sub_ln73_2692_fu_503_p2    |         -|   0|  0|   28|           1|          21|
    |sub_ln73_2693_fu_598_p2    |         -|   0|  0|   28|           1|          21|
    |sub_ln73_2694_fu_625_p2    |         -|   0|  0|   28|           1|          21|
    |sub_ln73_2695_fu_652_p2    |         -|   0|  0|   28|           1|          21|
    |sub_ln73_2696_fu_683_p2    |         -|   0|  0|   28|           1|          21|
    |sub_ln73_2697_fu_710_p2    |         -|   0|  0|   28|           1|          21|
    |sub_ln73_2698_fu_737_p2    |         -|   0|  0|   28|           1|          21|
    |sub_ln73_2699_fu_764_p2    |         -|   0|  0|   28|           1|          21|
    |sub_ln73_2700_fu_791_p2    |         -|   0|  0|   28|           1|          21|
    |sub_ln73_2701_fu_818_p2    |         -|   0|  0|   28|           1|          21|
    |sub_ln73_2702_fu_845_p2    |         -|   0|  0|   28|           1|          21|
    |sub_ln73_2703_fu_872_p2    |         -|   0|  0|   28|           1|          21|
    |sub_ln73_2704_fu_899_p2    |         -|   0|  0|   28|           1|          21|
    |sub_ln73_2705_fu_926_p2    |         -|   0|  0|   28|           1|          21|
    |sub_ln73_2706_fu_953_p2    |         -|   0|  0|   28|           1|          21|
    |sub_ln73_2707_fu_980_p2    |         -|   0|  0|   28|           1|          21|
    |sub_ln73_2708_fu_1007_p2   |         -|   0|  0|   28|           1|          21|
    |sub_ln73_2709_fu_1034_p2   |         -|   0|  0|   28|           1|          21|
    |sub_ln73_2710_fu_1061_p2   |         -|   0|  0|   28|           1|          21|
    |sub_ln73_2711_fu_1088_p2   |         -|   0|  0|   28|           1|          21|
    |sub_ln73_2712_fu_1115_p2   |         -|   0|  0|   28|           1|          21|
    |sub_ln73_2713_fu_1142_p2   |         -|   0|  0|   28|           1|          21|
    |sub_ln73_2714_fu_1173_p2   |         -|   0|  0|   28|           1|          21|
    |sub_ln73_2715_fu_1204_p2   |         -|   0|  0|   28|           1|          21|
    |sub_ln73_2716_fu_1235_p2   |         -|   0|  0|   28|           1|          21|
    |sub_ln73_2717_fu_1266_p2   |         -|   0|  0|   28|           1|          21|
    |sub_ln73_2718_fu_1297_p2   |         -|   0|  0|   28|           1|          21|
    |sub_ln73_fu_298_p2         |         -|   0|  0|   28|           1|          21|
    +---------------------------+----------+----+---+-----+------------+------------+
    |Total                      |          |   0|  0|12839|        7491|        8131|
    +---------------------------+----------+----+---+-----+------------+------------+

    * Multiplexer: 
    +--------------+----+-----------+-----+-----------+
    |     Name     | LUT| Input Size| Bits| Total Bits|
    +--------------+----+-----------+-----+-----------+
    |ap_return_0   |  14|          3|   13|         39|
    |ap_return_1   |  14|          3|   13|         39|
    |ap_return_10  |  14|          3|   13|         39|
    |ap_return_11  |  14|          3|   13|         39|
    |ap_return_12  |  14|          3|   13|         39|
    |ap_return_13  |  14|          3|   13|         39|
    |ap_return_14  |  14|          3|   13|         39|
    |ap_return_15  |  14|          3|   13|         39|
    |ap_return_16  |  14|          3|   13|         39|
    |ap_return_17  |  14|          3|   13|         39|
    |ap_return_18  |  14|          3|   13|         39|
    |ap_return_19  |  14|          3|   13|         39|
    |ap_return_2   |  14|          3|   13|         39|
    |ap_return_20  |  14|          3|   13|         39|
    |ap_return_21  |  14|          3|   13|         39|
    |ap_return_22  |  14|          3|   13|         39|
    |ap_return_23  |  14|          3|   13|         39|
    |ap_return_24  |  14|          3|   13|         39|
    |ap_return_25  |  14|          3|   13|         39|
    |ap_return_26  |  14|          3|   13|         39|
    |ap_return_27  |  14|          3|   13|         39|
    |ap_return_28  |  14|          3|   13|         39|
    |ap_return_29  |  14|          3|   13|         39|
    |ap_return_3   |  14|          3|   13|         39|
    |ap_return_30  |  14|          3|   13|         39|
    |ap_return_31  |  14|          3|   13|         39|
    |ap_return_4   |  14|          3|   13|         39|
    |ap_return_5   |  14|          3|   13|         39|
    |ap_return_6   |  14|          3|   13|         39|
    |ap_return_7   |  14|          3|   13|         39|
    |ap_return_8   |  14|          3|   13|         39|
    |ap_return_9   |  14|          3|   13|         39|
    +--------------+----+-----------+-----+-----------+
    |Total         | 448|         96|  416|       1248|
    +--------------+----+-----------+-----+-----------+

    * Register: 
    +------------------------------------------+----+----+-----+-----------+
    |                   Name                   | FF | LUT| Bits| Const Bits|
    +------------------------------------------+----+----+-----+-----------+
    |add_ln58_67527_reg_7930                   |  10|   0|   10|          0|
    |add_ln58_67528_reg_7936                   |  10|   0|   10|          0|
    |add_ln58_67529_reg_7969                   |  10|   0|   10|          0|
    |add_ln58_67530_reg_7974                   |  11|   0|   11|          0|
    |add_ln58_67530_reg_7974_pp0_iter2_reg     |  11|   0|   11|          0|
    |add_ln58_67531_reg_7980                   |  10|   0|   10|          0|
    |add_ln58_67532_reg_7985                   |  11|   0|   11|          0|
    |add_ln58_67532_reg_7985_pp0_iter2_reg     |  11|   0|   11|          0|
    |add_ln58_67533_reg_7991                   |  11|   0|   11|          0|
    |add_ln58_67535_reg_7941                   |  10|   0|   10|          0|
    |add_ln58_67535_reg_7941_pp0_iter1_reg     |  10|   0|   10|          0|
    |add_ln58_67536_reg_8239                   |  11|   0|   11|          0|
    |add_ln58_67537_reg_8245                   |  11|   0|   11|          0|
    |add_ln58_67538_reg_8250                   |  11|   0|   11|          0|
    |add_ln58_67540_reg_7996                   |  11|   0|   11|          0|
    |add_ln58_67540_reg_7996_pp0_iter2_reg     |  11|   0|   11|          0|
    |add_ln58_67541_reg_8256                   |  11|   0|   11|          0|
    |add_ln58_67542_reg_8001                   |  11|   0|   11|          0|
    |add_ln58_67544_reg_8266                   |  11|   0|   11|          0|
    |add_ln58_67546_reg_8271                   |  11|   0|   11|          0|
    |add_ln58_67548_reg_8277                   |  12|   0|   12|          0|
    |add_ln58_67549_reg_8282                   |   9|   0|    9|          0|
    |add_ln58_67550_reg_8287                   |  11|   0|   11|          0|
    |add_ln58_67551_reg_8293                   |   9|   0|    9|          0|
    |add_ln58_67554_reg_8300                   |  12|   0|   12|          0|
    |add_ln58_67557_reg_8306                   |  11|   0|   11|          0|
    |add_ln58_67560_reg_8332                   |  10|   0|   10|          0|
    |add_ln58_67563_reg_8799                   |  11|   0|   11|          0|
    |add_ln58_67566_reg_8804                   |  11|   0|   11|          0|
    |add_ln58_67570_reg_8809                   |  11|   0|   11|          0|
    |add_ln58_67571_reg_8350                   |  10|   0|   10|          0|
    |add_ln58_67573_reg_8814                   |  11|   0|   11|          0|
    |add_ln58_67576_reg_8355                   |   9|   0|    9|          0|
    |add_ln58_67578_reg_8360                   |   9|   0|    9|          0|
    |add_ln58_67579_reg_8365                   |   9|   0|    9|          0|
    |add_ln58_67581_reg_8819                   |  11|   0|   11|          0|
    |add_ln58_67582_reg_8370                   |   9|   0|    9|          0|
    |add_ln58_67583_reg_8375                   |   9|   0|    9|          0|
    |add_ln58_67585_reg_8380                   |   9|   0|    9|          0|
    |add_ln58_67586_reg_8385                   |   9|   0|    9|          0|
    |add_ln58_67588_reg_8824                   |  11|   0|   11|          0|
    |add_ln58_67591_reg_8390                   |   9|   0|    9|          0|
    |add_ln58_67591_reg_8390_pp0_iter3_reg     |   9|   0|    9|          0|
    |add_ln58_67593_reg_8829                   |  12|   0|   12|          0|
    |add_ln58_67595_reg_8834                   |  11|   0|   11|          0|
    |add_ln58_67598_reg_8839                   |  11|   0|   11|          0|
    |add_ln58_67601_reg_8844                   |  11|   0|   11|          0|
    |add_ln58_67604_reg_8397                   |   9|   0|    9|          0|
    |add_ln58_67606_reg_8402                   |   9|   0|    9|          0|
    |add_ln58_67607_reg_8407                   |   9|   0|    9|          0|
    |add_ln58_67609_reg_8849                   |  11|   0|   11|          0|
    |add_ln58_67610_reg_8412                   |   9|   0|    9|          0|
    |add_ln58_67612_reg_8417                   |   9|   0|    9|          0|
    |add_ln58_67615_reg_8854                   |  11|   0|   11|          0|
    |add_ln58_67618_reg_8859                   |  11|   0|   11|          0|
    |add_ln58_67621_reg_8864                   |  11|   0|   11|          0|
    |add_ln58_67624_reg_8869                   |  11|   0|   11|          0|
    |add_ln58_67627_reg_8874                   |  11|   0|   11|          0|
    |add_ln58_67630_reg_8429                   |   9|   0|    9|          0|
    |add_ln58_67632_reg_8434                   |   9|   0|    9|          0|
    |add_ln58_67633_reg_8439                   |   9|   0|    9|          0|
    |add_ln58_67635_reg_8879                   |  11|   0|   11|          0|
    |add_ln58_67637_reg_8444                   |  10|   0|   10|          0|
    |add_ln58_67640_reg_8884                   |  11|   0|   11|          0|
    |add_ln58_67644_reg_8889                   |  12|   0|   12|          0|
    |add_ln58_67647_reg_8894                   |  11|   0|   11|          0|
    |add_ln58_67650_reg_8899                   |  11|   0|   11|          0|
    |add_ln58_67652_reg_8455                   |  10|   0|   10|          0|
    |add_ln58_67653_reg_8904                   |  11|   0|   11|          0|
    |add_ln58_67657_reg_8460                   |   9|   0|    9|          0|
    |add_ln58_67658_reg_8465                   |   9|   0|    9|          0|
    |add_ln58_67660_reg_8909                   |  11|   0|   11|          0|
    |add_ln58_67661_reg_8470                   |   9|   0|    9|          0|
    |add_ln58_67663_reg_8475                   |   9|   0|    9|          0|
    |add_ln58_67665_reg_8914                   |  11|   0|   11|          0|
    |add_ln58_67669_reg_8919                   |  11|   0|   11|          0|
    |add_ln58_67671_reg_8924                   |  11|   0|   11|          0|
    |add_ln58_67674_reg_8929                   |  11|   0|   11|          0|
    |add_ln58_67676_reg_8480                   |  10|   0|   10|          0|
    |add_ln58_67677_reg_8934                   |  11|   0|   11|          0|
    |add_ln58_67682_reg_8485                   |   9|   0|    9|          0|
    |add_ln58_67683_reg_8491                   |   9|   0|    9|          0|
    |add_ln58_67685_reg_8939                   |  12|   0|   12|          0|
    |add_ln58_67686_reg_8496                   |   9|   0|    9|          0|
    |add_ln58_67688_reg_8501                   |   9|   0|    9|          0|
    |add_ln58_67689_reg_8506                   |   9|   0|    9|          0|
    |add_ln58_67691_reg_8944                   |  11|   0|   11|          0|
    |add_ln58_67694_reg_8511                   |   9|   0|    9|          0|
    |add_ln58_67696_reg_8949                   |  12|   0|   12|          0|
    |add_ln58_67698_reg_8954                   |  11|   0|   11|          0|
    |add_ln58_67700_reg_8959                   |  11|   0|   11|          0|
    |add_ln58_67702_reg_8964                   |  11|   0|   11|          0|
    |add_ln58_67705_reg_8516                   |  10|   0|   10|          0|
    |add_ln58_67707_reg_8521                   |   9|   0|    9|          0|
    |add_ln58_67709_reg_8969                   |  12|   0|   12|          0|
    |add_ln58_67710_reg_8526                   |   9|   0|    9|          0|
    |add_ln58_67712_reg_8531                   |   9|   0|    9|          0|
    |add_ln58_67713_reg_8536                   |   9|   0|    9|          0|
    |add_ln58_67715_reg_8974                   |  11|   0|   11|          0|
    |add_ln58_67719_reg_8979                   |  11|   0|   11|          0|
    |add_ln58_67721_reg_8984                   |  11|   0|   11|          0|
    |add_ln58_67724_reg_8989                   |  11|   0|   11|          0|
    |add_ln58_67727_reg_8994                   |  12|   0|   12|          0|
    |add_ln58_67730_reg_8541                   |   9|   0|    9|          0|
    |add_ln58_67731_reg_8547                   |   9|   0|    9|          0|
    |add_ln58_67733_reg_8999                   |  11|   0|   11|          0|
    |add_ln58_67735_reg_8552                   |  10|   0|   10|          0|
    |add_ln58_67738_reg_9004                   |  11|   0|   11|          0|
    |add_ln58_67742_reg_9009                   |  12|   0|   12|          0|
    |add_ln58_67744_reg_9014                   |  11|   0|   11|          0|
    |add_ln58_67747_reg_9019                   |  11|   0|   11|          0|
    |add_ln58_67749_reg_9024                   |  11|   0|   11|          0|
    |add_ln58_67753_reg_9029                   |  11|   0|   11|          0|
    |add_ln58_67754_reg_9034                   |  10|   0|   10|          0|
    |add_ln58_67757_reg_8563                   |   9|   0|    9|          0|
    |add_ln58_67758_reg_8568                   |   9|   0|    9|          0|
    |add_ln58_67760_reg_9039                   |  11|   0|   11|          0|
    |add_ln58_67764_reg_9044                   |  12|   0|   12|          0|
    |add_ln58_67765_reg_9049                   |  11|   0|   11|          0|
    |add_ln58_67768_reg_9054                   |  11|   0|   11|          0|
    |add_ln58_67769_reg_8573                   |   9|   0|    9|          0|
    |add_ln58_67770_reg_9059                   |  10|   0|   10|          0|
    |add_ln58_67773_reg_8578                   |   9|   0|    9|          0|
    |add_ln58_67775_reg_8583                   |   9|   0|    9|          0|
    |add_ln58_67777_reg_9064                   |  11|   0|   11|          0|
    |add_ln58_67780_reg_9069                   |  11|   0|   11|          0|
    |add_ln58_67783_reg_8588                   |   9|   0|    9|          0|
    |add_ln58_67785_reg_9074                   |  12|   0|   12|          0|
    |add_ln58_67788_reg_9079                   |  11|   0|   11|          0|
    |add_ln58_67790_reg_9084                   |  11|   0|   11|          0|
    |add_ln58_67791_reg_9089                   |  11|   0|   11|          0|
    |add_ln58_67794_reg_8593                   |   9|   0|    9|          0|
    |add_ln58_67796_reg_8598                   |   9|   0|    9|          0|
    |add_ln58_67798_reg_9094                   |  11|   0|   11|          0|
    |add_ln58_67799_reg_8603                   |   9|   0|    9|          0|
    |add_ln58_67801_reg_8608                   |   9|   0|    9|          0|
    |add_ln58_67803_reg_9099                   |  11|   0|   11|          0|
    |add_ln58_67807_reg_9104                   |  12|   0|   12|          0|
    |add_ln58_67810_reg_9109                   |  11|   0|   11|          0|
    |add_ln58_67812_reg_9114                   |  11|   0|   11|          0|
    |add_ln58_67813_reg_9119                   |  11|   0|   11|          0|
    |add_ln58_67818_reg_9124                   |  11|   0|   11|          0|
    |add_ln58_67819_reg_8613                   |   9|   0|    9|          0|
    |add_ln58_67821_reg_8618                   |   9|   0|    9|          0|
    |add_ln58_67823_reg_9129                   |  11|   0|   11|          0|
    |add_ln58_67827_reg_9134                   |  12|   0|   12|          0|
    |add_ln58_67828_reg_9139                   |  11|   0|   11|          0|
    |add_ln58_67831_reg_9144                   |  11|   0|   11|          0|
    |add_ln58_67835_reg_9149                   |  11|   0|   11|          0|
    |add_ln58_67836_reg_9154                   |  10|   0|   10|          0|
    |add_ln58_67838_reg_8623                   |   9|   0|    9|          0|
    |add_ln58_67840_reg_9159                   |  11|   0|   11|          0|
    |add_ln58_67844_reg_9164                   |  12|   0|   12|          0|
    |add_ln58_67847_reg_9169                   |  11|   0|   11|          0|
    |add_ln58_67849_reg_9174                   |  11|   0|   11|          0|
    |add_ln58_67852_reg_9179                   |  11|   0|   11|          0|
    |add_ln58_67856_reg_8628                   |  10|   0|   10|          0|
    |add_ln58_67857_reg_8633                   |   9|   0|    9|          0|
    |add_ln58_67859_reg_9184                   |  12|   0|   12|          0|
    |add_ln58_67860_reg_8638                   |   9|   0|    9|          0|
    |add_ln58_67862_reg_8643                   |   9|   0|    9|          0|
    |add_ln58_67864_reg_9189                   |  11|   0|   11|          0|
    |add_ln58_67868_reg_9194                   |  12|   0|   12|          0|
    |add_ln58_67869_reg_9199                   |  11|   0|   11|          0|
    |add_ln58_67872_reg_9204                   |  11|   0|   11|          0|
    |add_ln58_67873_reg_9209                   |  10|   0|   10|          0|
    |add_ln58_67878_reg_9214                   |  11|   0|   11|          0|
    |add_ln58_67879_reg_8648                   |   9|   0|    9|          0|
    |add_ln58_67881_reg_8653                   |   9|   0|    9|          0|
    |add_ln58_67883_reg_9219                   |  11|   0|   11|          0|
    |add_ln58_67886_reg_9224                   |  13|   0|   13|          0|
    |add_ln58_67889_reg_9229                   |  11|   0|   11|          0|
    |add_ln58_67891_reg_9234                   |  11|   0|   11|          0|
    |add_ln58_67893_reg_9239                   |  11|   0|   11|          0|
    |add_ln58_67898_reg_9244                   |  11|   0|   11|          0|
    |add_ln58_67899_reg_8658                   |   9|   0|    9|          0|
    |add_ln58_67902_reg_9249                   |  11|   0|   11|          0|
    |add_ln58_67907_reg_9254                   |  12|   0|   12|          0|
    |add_ln58_67909_reg_9259                   |  11|   0|   11|          0|
    |add_ln58_67911_reg_9264                   |  11|   0|   11|          0|
    |add_ln58_67914_reg_8663                   |   9|   0|    9|          0|
    |add_ln58_67916_reg_8668                   |   9|   0|    9|          0|
    |add_ln58_67918_reg_9269                   |  11|   0|   11|          0|
    |add_ln58_67920_reg_8673                   |   9|   0|    9|          0|
    |add_ln58_67921_reg_8678                   |   9|   0|    9|          0|
    |add_ln58_67923_reg_9274                   |  11|   0|   11|          0|
    |add_ln58_67926_reg_9279                   |  12|   0|   12|          0|
    |add_ln58_67927_reg_9284                   |  11|   0|   11|          0|
    |add_ln58_67929_reg_9289                   |  11|   0|   11|          0|
    |add_ln58_67933_reg_8683                   |  10|   0|   10|          0|
    |add_ln58_67935_reg_9294                   |  12|   0|   12|          0|
    |add_ln58_67937_reg_8688                   |   9|   0|    9|          0|
    |add_ln58_67939_reg_9299                   |  11|   0|   11|          0|
    |add_ln58_67943_reg_9304                   |  12|   0|   12|          0|
    |add_ln58_67946_reg_9309                   |  11|   0|   11|          0|
    |add_ln58_67949_reg_9314                   |  11|   0|   11|          0|
    |add_ln58_67953_reg_8693                   |   9|   0|    9|          0|
    |add_ln58_67955_reg_9319                   |  11|   0|   11|          0|
    |add_ln58_67957_reg_8698                   |   9|   0|    9|          0|
    |add_ln58_67959_reg_9324                   |  11|   0|   11|          0|
    |add_ln58_67963_reg_9329                   |  12|   0|   12|          0|
    |add_ln58_67964_reg_9334                   |  11|   0|   11|          0|
    |add_ln58_67967_reg_9339                   |  11|   0|   11|          0|
    |add_ln58_67971_reg_9344                   |  11|   0|   11|          0|
    |add_ln58_67972_reg_9349                   |  10|   0|   10|          0|
    |add_ln58_67976_reg_9354                   |  11|   0|   11|          0|
    |add_ln58_67979_reg_9359                   |  10|   0|   10|          0|
    |add_ln58_67982_reg_9364                   |  11|   0|   11|          0|
    |add_ln58_67984_reg_9369                   |  11|   0|   11|          0|
    |add_ln58_67986_reg_9374                   |  11|   0|   11|          0|
    |add_ln58_67991_reg_9379                   |  11|   0|   11|          0|
    |add_ln58_67994_reg_9384                   |  11|   0|   11|          0|
    |add_ln58_67998_reg_9389                   |  12|   0|   12|          0|
    |add_ln58_68000_reg_9394                   |  11|   0|   11|          0|
    |add_ln58_68002_reg_9399                   |  11|   0|   11|          0|
    |add_ln58_68003_reg_9404                   |  11|   0|   11|          0|
    |add_ln58_68006_reg_8703                   |   9|   0|    9|          0|
    |add_ln58_68009_reg_9409                   |  11|   0|   11|          0|
    |add_ln58_68011_reg_9414                   |  11|   0|   11|          0|
    |add_ln58_68015_reg_9419                   |  12|   0|   12|          0|
    |add_ln58_68017_reg_9424                   |  11|   0|   11|          0|
    |add_ln58_68019_reg_9429                   |  11|   0|   11|          0|
    |add_ln58_68020_reg_9434                   |  11|   0|   11|          0|
    |add_ln58_68023_reg_8708                   |  10|   0|   10|          0|
    |add_ln58_68028_reg_8713                   |  10|   0|   10|          0|
    |add_ln58_68029_reg_8718                   |  10|   0|   10|          0|
    |add_ln58_68031_reg_9439                   |  12|   0|   12|          0|
    |add_ln58_68034_reg_9444                   |  11|   0|   11|          0|
    |add_ln58_68036_reg_9449                   |  11|   0|   11|          0|
    |add_ln58_68038_reg_9454                   |  11|   0|   11|          0|
    |add_ln58_68039_reg_9459                   |  11|   0|   11|          0|
    |add_ln58_68044_reg_8723                   |   9|   0|    9|          0|
    |add_ln58_68046_reg_9464                   |  12|   0|   12|          0|
    |add_ln58_68047_reg_8728                   |   9|   0|    9|          0|
    |add_ln58_68050_reg_9469                   |  11|   0|   11|          0|
    |add_ln58_68054_reg_9474                   |  11|   0|   11|          0|
    |add_ln58_68056_reg_9479                   |  11|   0|   11|          0|
    |add_ln58_68058_reg_9484                   |  11|   0|   11|          0|
    |add_ln58_68060_reg_9489                   |  11|   0|   11|          0|
    |add_ln58_68065_reg_9494                   |  12|   0|   12|          0|
    |add_ln58_68067_reg_8733                   |   9|   0|    9|          0|
    |add_ln58_68069_reg_9499                   |  11|   0|   11|          0|
    |add_ln58_68072_reg_9504                   |  12|   0|   12|          0|
    |add_ln58_68073_reg_9509                   |  11|   0|   11|          0|
    |add_ln58_68075_reg_9514                   |  11|   0|   11|          0|
    |add_ln58_68077_reg_9519                   |  11|   0|   11|          0|
    |add_ln58_68082_reg_9524                   |  11|   0|   11|          0|
    |add_ln58_68085_reg_9529                   |  11|   0|   11|          0|
    |add_ln58_68089_reg_9534                   |  12|   0|   12|          0|
    |add_ln58_68091_reg_9539                   |  11|   0|   11|          0|
    |add_ln58_68093_reg_9544                   |  11|   0|   11|          0|
    |add_ln58_68095_reg_9549                   |  11|   0|   11|          0|
    |add_ln58_68100_reg_9554                   |  12|   0|   12|          0|
    |add_ln58_68101_reg_8738                   |   9|   0|    9|          0|
    |add_ln58_68103_reg_8743                   |   9|   0|    9|          0|
    |add_ln58_68105_reg_9559                   |  11|   0|   11|          0|
    |add_ln58_68108_reg_9564                   |  12|   0|   12|          0|
    |add_ln58_68109_reg_9569                   |  11|   0|   11|          0|
    |add_ln58_68111_reg_9574                   |  11|   0|   11|          0|
    |add_ln58_68115_reg_8748                   |   9|   0|    9|          0|
    |add_ln58_68117_reg_9579                   |  11|   0|   11|          0|
    |add_ln58_68119_reg_8753                   |   9|   0|    9|          0|
    |add_ln58_68121_reg_9584                   |  11|   0|   11|          0|
    |add_ln58_68125_reg_9589                   |  12|   0|   12|          0|
    |add_ln58_68128_reg_9594                   |  11|   0|   11|          0|
    |add_ln58_68131_reg_9599                   |  11|   0|   11|          0|
    |add_ln58_68135_reg_8758                   |   9|   0|    9|          0|
    |add_ln58_68139_reg_8764                   |  10|   0|   10|          0|
    |add_ln58_68141_reg_8769                   |  10|   0|   10|          0|
    |add_ln58_68143_reg_9604                   |  12|   0|   12|          0|
    |add_ln58_68146_reg_9609                   |  12|   0|   12|          0|
    |add_ln58_68147_reg_9614                   |  11|   0|   11|          0|
    |add_ln58_68149_reg_9619                   |  11|   0|   11|          0|
    |add_ln58_68151_reg_9624                   |  11|   0|   11|          0|
    |add_ln58_68155_reg_9629                   |  11|   0|   11|          0|
    |add_ln58_68156_reg_8774                   |   9|   0|    9|          0|
    |add_ln58_68158_reg_9634                   |  11|   0|   11|          0|
    |add_ln58_68162_reg_9639                   |  12|   0|   12|          0|
    |add_ln58_68164_reg_9644                   |  11|   0|   11|          0|
    |add_ln58_68167_reg_9649                   |  11|   0|   11|          0|
    |add_ln58_68169_reg_9654                   |  11|   0|   11|          0|
    |add_ln58_68174_reg_9659                   |  11|   0|   11|          0|
    |add_ln58_68176_reg_9664                   |  11|   0|   11|          0|
    |add_ln58_68179_reg_9669                   |  12|   0|   12|          0|
    |add_ln58_68181_reg_9674                   |  11|   0|   11|          0|
    |add_ln58_68182_reg_9679                   |  11|   0|   11|          0|
    |add_ln58_68186_reg_9684                   |  11|   0|   11|          0|
    |add_ln58_68187_reg_8779                   |   9|   0|    9|          0|
    |add_ln58_68189_reg_9689                   |  11|   0|   11|          0|
    |add_ln58_68193_reg_9694                   |  12|   0|   12|          0|
    |add_ln58_68195_reg_9699                   |  11|   0|   11|          0|
    |add_ln58_68199_reg_8784                   |  10|   0|   10|          0|
    |add_ln58_68201_reg_9704                   |  12|   0|   12|          0|
    |add_ln58_68203_reg_8789                   |   9|   0|    9|          0|
    |add_ln58_68205_reg_9709                   |  11|   0|   11|          0|
    |add_ln58_reg_7924                         |  10|   0|   10|          0|
    |ap_ce_reg                                 |   1|   0|    1|          0|
    |ap_return_0_int_reg                       |  13|   0|   13|          0|
    |ap_return_10_int_reg                      |  13|   0|   13|          0|
    |ap_return_11_int_reg                      |  13|   0|   13|          0|
    |ap_return_12_int_reg                      |  13|   0|   13|          0|
    |ap_return_13_int_reg                      |  13|   0|   13|          0|
    |ap_return_14_int_reg                      |  13|   0|   13|          0|
    |ap_return_15_int_reg                      |  13|   0|   13|          0|
    |ap_return_16_int_reg                      |  13|   0|   13|          0|
    |ap_return_17_int_reg                      |  13|   0|   13|          0|
    |ap_return_18_int_reg                      |  13|   0|   13|          0|
    |ap_return_19_int_reg                      |  13|   0|   13|          0|
    |ap_return_1_int_reg                       |  13|   0|   13|          0|
    |ap_return_20_int_reg                      |  13|   0|   13|          0|
    |ap_return_21_int_reg                      |  13|   0|   13|          0|
    |ap_return_22_int_reg                      |  13|   0|   13|          0|
    |ap_return_23_int_reg                      |  13|   0|   13|          0|
    |ap_return_24_int_reg                      |  13|   0|   13|          0|
    |ap_return_25_int_reg                      |  13|   0|   13|          0|
    |ap_return_26_int_reg                      |  13|   0|   13|          0|
    |ap_return_27_int_reg                      |  13|   0|   13|          0|
    |ap_return_28_int_reg                      |  13|   0|   13|          0|
    |ap_return_29_int_reg                      |  13|   0|   13|          0|
    |ap_return_2_int_reg                       |  13|   0|   13|          0|
    |ap_return_30_int_reg                      |  13|   0|   13|          0|
    |ap_return_31_int_reg                      |  13|   0|   13|          0|
    |ap_return_3_int_reg                       |  13|   0|   13|          0|
    |ap_return_4_int_reg                       |  13|   0|   13|          0|
    |ap_return_5_int_reg                       |  13|   0|   13|          0|
    |ap_return_6_int_reg                       |  13|   0|   13|          0|
    |ap_return_7_int_reg                       |  13|   0|   13|          0|
    |ap_return_8_int_reg                       |  13|   0|   13|          0|
    |ap_return_9_int_reg                       |  13|   0|   13|          0|
    |data_288_val_int_reg                      |   8|   0|    8|          0|
    |data_289_val_int_reg                      |   8|   0|    8|          0|
    |data_290_val_int_reg                      |   8|   0|    8|          0|
    |data_290_val_read_reg_7908                |   8|   0|    8|          0|
    |data_291_val_int_reg                      |   8|   0|    8|          0|
    |data_291_val_read_reg_7901                |   8|   0|    8|          0|
    |data_292_val_int_reg                      |   8|   0|    8|          0|
    |data_292_val_read_reg_7893                |   8|   0|    8|          0|
    |data_292_val_read_reg_7893_pp0_iter1_reg  |   8|   0|    8|          0|
    |data_293_val_int_reg                      |   8|   0|    8|          0|
    |data_293_val_read_reg_7885                |   8|   0|    8|          0|
    |data_294_val_int_reg                      |   8|   0|    8|          0|
    |data_294_val_read_reg_7877                |   8|   0|    8|          0|
    |data_295_val_int_reg                      |   8|   0|    8|          0|
    |data_295_val_read_reg_7870                |   8|   0|    8|          0|
    |data_295_val_read_reg_7870_pp0_iter1_reg  |   8|   0|    8|          0|
    |data_296_val_int_reg                      |   8|   0|    8|          0|
    |data_296_val_read_reg_7863                |   8|   0|    8|          0|
    |data_296_val_read_reg_7863_pp0_iter1_reg  |   8|   0|    8|          0|
    |data_297_val_int_reg                      |   8|   0|    8|          0|
    |data_297_val_read_reg_7856                |   8|   0|    8|          0|
    |data_298_val_int_reg                      |   8|   0|    8|          0|
    |data_298_val_read_reg_7849                |   8|   0|    8|          0|
    |data_299_val_int_reg                      |   8|   0|    8|          0|
    |data_299_val_read_reg_7842                |   8|   0|    8|          0|
    |data_300_val_int_reg                      |   8|   0|    8|          0|
    |data_300_val_read_reg_7835                |   8|   0|    8|          0|
    |data_301_val_int_reg                      |   8|   0|    8|          0|
    |data_301_val_read_reg_7828                |   8|   0|    8|          0|
    |data_302_val_int_reg                      |   8|   0|    8|          0|
    |data_302_val_read_reg_7821                |   8|   0|    8|          0|
    |data_303_val_int_reg                      |   8|   0|    8|          0|
    |data_303_val_read_reg_7814                |   8|   0|    8|          0|
    |data_304_val_int_reg                      |   8|   0|    8|          0|
    |data_304_val_read_reg_7807                |   8|   0|    8|          0|
    |data_304_val_read_reg_7807_pp0_iter1_reg  |   8|   0|    8|          0|
    |data_305_val_int_reg                      |   8|   0|    8|          0|
    |data_305_val_read_reg_7800                |   8|   0|    8|          0|
    |data_305_val_read_reg_7800_pp0_iter1_reg  |   8|   0|    8|          0|
    |data_306_val_int_reg                      |   8|   0|    8|          0|
    |data_306_val_read_reg_7793                |   8|   0|    8|          0|
    |data_307_val_int_reg                      |   8|   0|    8|          0|
    |data_307_val_read_reg_7786                |   8|   0|    8|          0|
    |data_307_val_read_reg_7786_pp0_iter1_reg  |   8|   0|    8|          0|
    |data_308_val_int_reg                      |   8|   0|    8|          0|
    |data_308_val_read_reg_7779                |   8|   0|    8|          0|
    |data_308_val_read_reg_7779_pp0_iter1_reg  |   8|   0|    8|          0|
    |data_309_val_int_reg                      |   8|   0|    8|          0|
    |data_309_val_read_reg_7772                |   8|   0|    8|          0|
    |data_310_val_int_reg                      |   8|   0|    8|          0|
    |data_310_val_read_reg_7765                |   8|   0|    8|          0|
    |data_311_val_int_reg                      |   8|   0|    8|          0|
    |data_311_val_read_reg_7759                |   8|   0|    8|          0|
    |data_311_val_read_reg_7759_pp0_iter1_reg  |   8|   0|    8|          0|
    |data_312_val_int_reg                      |   8|   0|    8|          0|
    |data_312_val_read_reg_7752                |   8|   0|    8|          0|
    |data_313_val_int_reg                      |   8|   0|    8|          0|
    |data_313_val_read_reg_7746                |   8|   0|    8|          0|
    |data_313_val_read_reg_7746_pp0_iter1_reg  |   8|   0|    8|          0|
    |data_314_val_int_reg                      |   8|   0|    8|          0|
    |data_314_val_read_reg_7740                |   8|   0|    8|          0|
    |data_314_val_read_reg_7740_pp0_iter1_reg  |   8|   0|    8|          0|
    |data_315_val_int_reg                      |   8|   0|    8|          0|
    |data_315_val_read_reg_7733                |   8|   0|    8|          0|
    |data_316_val_int_reg                      |   8|   0|    8|          0|
    |data_316_val_read_reg_7726                |   8|   0|    8|          0|
    |data_317_val_int_reg                      |   8|   0|    8|          0|
    |data_317_val_read_reg_7720                |   8|   0|    8|          0|
    |data_317_val_read_reg_7720_pp0_iter1_reg  |   8|   0|    8|          0|
    |data_318_val_int_reg                      |   8|   0|    8|          0|
    |data_318_val_read_reg_7714                |   8|   0|    8|          0|
    |data_318_val_read_reg_7714_pp0_iter1_reg  |   8|   0|    8|          0|
    |data_319_val_int_reg                      |   8|   0|    8|          0|
    |data_319_val_read_reg_7708                |   8|   0|    8|          0|
    |data_319_val_read_reg_7708_pp0_iter1_reg  |   8|   0|    8|          0|
    |mult_684_reg_7913                         |   9|   0|    9|          0|
    |mult_685_reg_7918                         |   9|   0|    9|          0|
    |mult_686_reg_7955                         |   9|   0|    9|          0|
    |mult_686_reg_7955_pp0_iter2_reg           |   9|   0|    9|          0|
    |mult_687_reg_7962                         |   9|   0|    9|          0|
    |mult_687_reg_7962_pp0_iter2_reg           |   9|   0|    9|          0|
    |mult_688_reg_8017                         |   9|   0|    9|          0|
    |mult_689_reg_8023                         |   9|   0|    9|          0|
    |mult_690_reg_8029                         |   9|   0|    9|          0|
    |mult_691_reg_8043                         |   9|   0|    9|          0|
    |mult_691_reg_8043_pp0_iter3_reg           |   9|   0|    9|          0|
    |mult_692_reg_8051                         |   9|   0|    9|          0|
    |mult_693_reg_8058                         |   9|   0|    9|          0|
    |mult_694_reg_8065                         |   9|   0|    9|          0|
    |mult_695_reg_8071                         |   9|   0|    9|          0|
    |mult_696_reg_8077                         |   9|   0|    9|          0|
    |mult_697_reg_8083                         |   9|   0|    9|          0|
    |mult_698_reg_8089                         |   9|   0|    9|          0|
    |mult_699_reg_8095                         |   9|   0|    9|          0|
    |mult_700_reg_8101                         |   9|   0|    9|          0|
    |mult_701_reg_8107                         |   9|   0|    9|          0|
    |mult_702_reg_8112                         |   9|   0|    9|          0|
    |mult_703_reg_8118                         |   9|   0|    9|          0|
    |mult_704_reg_8124                         |   9|   0|    9|          0|
    |mult_705_reg_8130                         |   9|   0|    9|          0|
    |mult_706_reg_8135                         |   9|   0|    9|          0|
    |mult_707_reg_8141                         |   9|   0|    9|          0|
    |mult_708_reg_8147                         |   9|   0|    9|          0|
    |mult_709_reg_8162                         |   9|   0|    9|          0|
    |mult_711_reg_8182                         |   9|   0|    9|          0|
    |mult_712_reg_8196                         |   9|   0|    9|          0|
    |mult_713_reg_8211                         |   9|   0|    9|          0|
    |sext_ln17_1454_reg_7946                   |  11|   0|   11|          0|
    |sext_ln17_1454_reg_7946_pp0_iter2_reg     |  11|   0|   11|          0|
    |sext_ln17_1456_reg_8006                   |  12|   0|   12|          0|
    |sext_ln17_1460_reg_8011                   |  10|   0|   10|          0|
    |sext_ln17_1466_reg_8034                   |  10|   0|   10|          0|
    |sext_ln17_1502_reg_8152                   |  10|   0|   10|          0|
    |sext_ln17_1504_reg_8167                   |  10|   0|   10|          0|
    |sext_ln17_1505_reg_8175                   |  10|   0|   10|          0|
    |sext_ln17_1507_reg_8188                   |  10|   0|   10|          0|
    |sext_ln17_1510_reg_8201                   |  10|   0|   10|          0|
    |sext_ln17_1513_reg_8217                   |  10|   0|   10|          0|
    |sext_ln58_45261_reg_8337                  |  10|   0|   10|          0|
    |sext_ln58_45267_reg_8344                  |  10|   0|   10|          0|
    |sext_ln58_45307_reg_8422                  |  10|   0|   10|          0|
    |sext_ln58_45318_reg_8449                  |  10|   0|   10|          0|
    |sext_ln58_45356_reg_8557                  |  10|   0|   10|          0|
    |sext_ln58_46872_reg_8229                  |  11|   0|   11|          0|
    |sext_ln58_46873_reg_8234                  |  11|   0|   11|          0|
    |sext_ln58_46881_reg_8261                  |  12|   0|   12|          0|
    |sext_ln58_46897_reg_8311                  |  10|   0|   10|          0|
    |sext_ln58_46899_reg_8317                  |  10|   0|   10|          0|
    |sext_ln58_46900_reg_8325                  |  10|   0|   10|          0|
    |sext_ln58_46902_reg_8794                  |  13|   0|   13|          0|
    |data_291_val_read_reg_7901                |  64|  32|    8|          0|
    |data_293_val_read_reg_7885                |  64|  32|    8|          0|
    |data_294_val_read_reg_7877                |  64|  32|    8|          0|
    |data_297_val_read_reg_7856                |  64|  32|    8|          0|
    |data_298_val_read_reg_7849                |  64|  32|    8|          0|
    |data_299_val_read_reg_7842                |  64|  32|    8|          0|
    |data_300_val_read_reg_7835                |  64|  32|    8|          0|
    |data_301_val_read_reg_7828                |  64|  32|    8|          0|
    |data_302_val_read_reg_7821                |  64|  32|    8|          0|
    |data_303_val_read_reg_7814                |  64|  32|    8|          0|
    |data_306_val_read_reg_7793                |  64|  32|    8|          0|
    |data_309_val_read_reg_7772                |  64|  32|    8|          0|
    |data_310_val_read_reg_7765                |  64|  32|    8|          0|
    |data_312_val_read_reg_7752                |  64|  32|    8|          0|
    |data_315_val_read_reg_7733                |  64|  32|    8|          0|
    |data_316_val_read_reg_7726                |  64|  32|    8|          0|
    +------------------------------------------+----+----+-----+-----------+
    |Total                                     |5691| 512| 4795|          0|
    +------------------------------------------+----+----+-----+-----------+



================================================================
== Interface
================================================================
* Summary: 
+--------------+-----+-----+------------+--------------------------------------------------------------------------------------+--------------+
|   RTL Ports  | Dir | Bits|  Protocol  |                                     Source Object                                    |    C Type    |
+--------------+-----+-----+------------+--------------------------------------------------------------------------------------+--------------+
|ap_clk        |   in|    1|  ap_ctrl_hs|  dense_latency<ap_fixed<8, 3, 5, 3, 0>, ap_fixed<13, 8, 4, 0, 0>, config43_dense>.129|  return value|
|ap_rst        |   in|    1|  ap_ctrl_hs|  dense_latency<ap_fixed<8, 3, 5, 3, 0>, ap_fixed<13, 8, 4, 0, 0>, config43_dense>.129|  return value|
|ap_return_0   |  out|   13|  ap_ctrl_hs|  dense_latency<ap_fixed<8, 3, 5, 3, 0>, ap_fixed<13, 8, 4, 0, 0>, config43_dense>.129|  return value|
|ap_return_1   |  out|   13|  ap_ctrl_hs|  dense_latency<ap_fixed<8, 3, 5, 3, 0>, ap_fixed<13, 8, 4, 0, 0>, config43_dense>.129|  return value|
|ap_return_2   |  out|   13|  ap_ctrl_hs|  dense_latency<ap_fixed<8, 3, 5, 3, 0>, ap_fixed<13, 8, 4, 0, 0>, config43_dense>.129|  return value|
|ap_return_3   |  out|   13|  ap_ctrl_hs|  dense_latency<ap_fixed<8, 3, 5, 3, 0>, ap_fixed<13, 8, 4, 0, 0>, config43_dense>.129|  return value|
|ap_return_4   |  out|   13|  ap_ctrl_hs|  dense_latency<ap_fixed<8, 3, 5, 3, 0>, ap_fixed<13, 8, 4, 0, 0>, config43_dense>.129|  return value|
|ap_return_5   |  out|   13|  ap_ctrl_hs|  dense_latency<ap_fixed<8, 3, 5, 3, 0>, ap_fixed<13, 8, 4, 0, 0>, config43_dense>.129|  return value|
|ap_return_6   |  out|   13|  ap_ctrl_hs|  dense_latency<ap_fixed<8, 3, 5, 3, 0>, ap_fixed<13, 8, 4, 0, 0>, config43_dense>.129|  return value|
|ap_return_7   |  out|   13|  ap_ctrl_hs|  dense_latency<ap_fixed<8, 3, 5, 3, 0>, ap_fixed<13, 8, 4, 0, 0>, config43_dense>.129|  return value|
|ap_return_8   |  out|   13|  ap_ctrl_hs|  dense_latency<ap_fixed<8, 3, 5, 3, 0>, ap_fixed<13, 8, 4, 0, 0>, config43_dense>.129|  return value|
|ap_return_9   |  out|   13|  ap_ctrl_hs|  dense_latency<ap_fixed<8, 3, 5, 3, 0>, ap_fixed<13, 8, 4, 0, 0>, config43_dense>.129|  return value|
|ap_return_10  |  out|   13|  ap_ctrl_hs|  dense_latency<ap_fixed<8, 3, 5, 3, 0>, ap_fixed<13, 8, 4, 0, 0>, config43_dense>.129|  return value|
|ap_return_11  |  out|   13|  ap_ctrl_hs|  dense_latency<ap_fixed<8, 3, 5, 3, 0>, ap_fixed<13, 8, 4, 0, 0>, config43_dense>.129|  return value|
|ap_return_12  |  out|   13|  ap_ctrl_hs|  dense_latency<ap_fixed<8, 3, 5, 3, 0>, ap_fixed<13, 8, 4, 0, 0>, config43_dense>.129|  return value|
|ap_return_13  |  out|   13|  ap_ctrl_hs|  dense_latency<ap_fixed<8, 3, 5, 3, 0>, ap_fixed<13, 8, 4, 0, 0>, config43_dense>.129|  return value|
|ap_return_14  |  out|   13|  ap_ctrl_hs|  dense_latency<ap_fixed<8, 3, 5, 3, 0>, ap_fixed<13, 8, 4, 0, 0>, config43_dense>.129|  return value|
|ap_return_15  |  out|   13|  ap_ctrl_hs|  dense_latency<ap_fixed<8, 3, 5, 3, 0>, ap_fixed<13, 8, 4, 0, 0>, config43_dense>.129|  return value|
|ap_return_16  |  out|   13|  ap_ctrl_hs|  dense_latency<ap_fixed<8, 3, 5, 3, 0>, ap_fixed<13, 8, 4, 0, 0>, config43_dense>.129|  return value|
|ap_return_17  |  out|   13|  ap_ctrl_hs|  dense_latency<ap_fixed<8, 3, 5, 3, 0>, ap_fixed<13, 8, 4, 0, 0>, config43_dense>.129|  return value|
|ap_return_18  |  out|   13|  ap_ctrl_hs|  dense_latency<ap_fixed<8, 3, 5, 3, 0>, ap_fixed<13, 8, 4, 0, 0>, config43_dense>.129|  return value|
|ap_return_19  |  out|   13|  ap_ctrl_hs|  dense_latency<ap_fixed<8, 3, 5, 3, 0>, ap_fixed<13, 8, 4, 0, 0>, config43_dense>.129|  return value|
|ap_return_20  |  out|   13|  ap_ctrl_hs|  dense_latency<ap_fixed<8, 3, 5, 3, 0>, ap_fixed<13, 8, 4, 0, 0>, config43_dense>.129|  return value|
|ap_return_21  |  out|   13|  ap_ctrl_hs|  dense_latency<ap_fixed<8, 3, 5, 3, 0>, ap_fixed<13, 8, 4, 0, 0>, config43_dense>.129|  return value|
|ap_return_22  |  out|   13|  ap_ctrl_hs|  dense_latency<ap_fixed<8, 3, 5, 3, 0>, ap_fixed<13, 8, 4, 0, 0>, config43_dense>.129|  return value|
|ap_return_23  |  out|   13|  ap_ctrl_hs|  dense_latency<ap_fixed<8, 3, 5, 3, 0>, ap_fixed<13, 8, 4, 0, 0>, config43_dense>.129|  return value|
|ap_return_24  |  out|   13|  ap_ctrl_hs|  dense_latency<ap_fixed<8, 3, 5, 3, 0>, ap_fixed<13, 8, 4, 0, 0>, config43_dense>.129|  return value|
|ap_return_25  |  out|   13|  ap_ctrl_hs|  dense_latency<ap_fixed<8, 3, 5, 3, 0>, ap_fixed<13, 8, 4, 0, 0>, config43_dense>.129|  return value|
|ap_return_26  |  out|   13|  ap_ctrl_hs|  dense_latency<ap_fixed<8, 3, 5, 3, 0>, ap_fixed<13, 8, 4, 0, 0>, config43_dense>.129|  return value|
|ap_return_27  |  out|   13|  ap_ctrl_hs|  dense_latency<ap_fixed<8, 3, 5, 3, 0>, ap_fixed<13, 8, 4, 0, 0>, config43_dense>.129|  return value|
|ap_return_28  |  out|   13|  ap_ctrl_hs|  dense_latency<ap_fixed<8, 3, 5, 3, 0>, ap_fixed<13, 8, 4, 0, 0>, config43_dense>.129|  return value|
|ap_return_29  |  out|   13|  ap_ctrl_hs|  dense_latency<ap_fixed<8, 3, 5, 3, 0>, ap_fixed<13, 8, 4, 0, 0>, config43_dense>.129|  return value|
|ap_return_30  |  out|   13|  ap_ctrl_hs|  dense_latency<ap_fixed<8, 3, 5, 3, 0>, ap_fixed<13, 8, 4, 0, 0>, config43_dense>.129|  return value|
|ap_return_31  |  out|   13|  ap_ctrl_hs|  dense_latency<ap_fixed<8, 3, 5, 3, 0>, ap_fixed<13, 8, 4, 0, 0>, config43_dense>.129|  return value|
|ap_ce         |   in|    1|  ap_ctrl_hs|  dense_latency<ap_fixed<8, 3, 5, 3, 0>, ap_fixed<13, 8, 4, 0, 0>, config43_dense>.129|  return value|
|data_288_val  |   in|    8|     ap_none|                                                                          data_288_val|        scalar|
|data_289_val  |   in|    8|     ap_none|                                                                          data_289_val|        scalar|
|data_290_val  |   in|    8|     ap_none|                                                                          data_290_val|        scalar|
|data_291_val  |   in|    8|     ap_none|                                                                          data_291_val|        scalar|
|data_292_val  |   in|    8|     ap_none|                                                                          data_292_val|        scalar|
|data_293_val  |   in|    8|     ap_none|                                                                          data_293_val|        scalar|
|data_294_val  |   in|    8|     ap_none|                                                                          data_294_val|        scalar|
|data_295_val  |   in|    8|     ap_none|                                                                          data_295_val|        scalar|
|data_296_val  |   in|    8|     ap_none|                                                                          data_296_val|        scalar|
|data_297_val  |   in|    8|     ap_none|                                                                          data_297_val|        scalar|
|data_298_val  |   in|    8|     ap_none|                                                                          data_298_val|        scalar|
|data_299_val  |   in|    8|     ap_none|                                                                          data_299_val|        scalar|
|data_300_val  |   in|    8|     ap_none|                                                                          data_300_val|        scalar|
|data_301_val  |   in|    8|     ap_none|                                                                          data_301_val|        scalar|
|data_302_val  |   in|    8|     ap_none|                                                                          data_302_val|        scalar|
|data_303_val  |   in|    8|     ap_none|                                                                          data_303_val|        scalar|
|data_304_val  |   in|    8|     ap_none|                                                                          data_304_val|        scalar|
|data_305_val  |   in|    8|     ap_none|                                                                          data_305_val|        scalar|
|data_306_val  |   in|    8|     ap_none|                                                                          data_306_val|        scalar|
|data_307_val  |   in|    8|     ap_none|                                                                          data_307_val|        scalar|
|data_308_val  |   in|    8|     ap_none|                                                                          data_308_val|        scalar|
|data_309_val  |   in|    8|     ap_none|                                                                          data_309_val|        scalar|
|data_310_val  |   in|    8|     ap_none|                                                                          data_310_val|        scalar|
|data_311_val  |   in|    8|     ap_none|                                                                          data_311_val|        scalar|
|data_312_val  |   in|    8|     ap_none|                                                                          data_312_val|        scalar|
|data_313_val  |   in|    8|     ap_none|                                                                          data_313_val|        scalar|
|data_314_val  |   in|    8|     ap_none|                                                                          data_314_val|        scalar|
|data_315_val  |   in|    8|     ap_none|                                                                          data_315_val|        scalar|
|data_316_val  |   in|    8|     ap_none|                                                                          data_316_val|        scalar|
|data_317_val  |   in|    8|     ap_none|                                                                          data_317_val|        scalar|
|data_318_val  |   in|    8|     ap_none|                                                                          data_318_val|        scalar|
|data_319_val  |   in|    8|     ap_none|                                                                          data_319_val|        scalar|
+--------------+-----+-----+------------+--------------------------------------------------------------------------------------+--------------+

