

================================================================
== Vitis HLS Report for 'dense_latency_ap_fixed_8_2_4_0_0_ap_fixed_13_7_4_0_0_config60_dense_160'
================================================================
* Date:           Tue Aug  4 17:26:39 2026

* Version:        2023.2 (Build 4023990 on Oct 11 2023)
* Project:        myproject_prj
* Solution:       solution1 (Vivado IP Flow Target)
* Product family: virtexuplus
* Target device:  xcvu13p-flga2577-2-e


================================================================
== Performance Estimates
================================================================
+ Timing: 
    * Summary: 
    +--------+---------+----------+------------+
    |  Clock |  Target | Estimated| Uncertainty|
    +--------+---------+----------+------------+
    |ap_clk  |  2.50 ns|  1.544 ns|     0.68 ns|
    +--------+---------+----------+------------+

+ Latency: 
    * Summary: 
    +---------+---------+-----------+-----------+-----+-----+---------+
    |  Latency (cycles) |   Latency (absolute)  |  Interval | Pipeline|
    |   min   |   max   |    min    |    max    | min | max |   Type  |
    +---------+---------+-----------+-----------+-----+-----+---------+
    |        4|        4|  10.000 ns|  10.000 ns|    1|    1|      yes|
    +---------+---------+-----------+-----------+-----+-----+---------+

    + Detail: 
        * Instance: 
        N/A

        * Loop: 
        N/A



================================================================
== Utilization Estimates
================================================================
* Summary: 
+---------------------+---------+-------+---------+---------+------+
|         Name        | BRAM_18K|  DSP  |    FF   |   LUT   | URAM |
+---------------------+---------+-------+---------+---------+------+
|DSP                  |        -|      -|        -|        -|     -|
|Expression           |        -|      -|        0|    12625|     -|
|FIFO                 |        -|      -|        -|        -|     -|
|Instance             |        -|      -|        -|        -|     -|
|Memory               |        -|      -|        -|        -|     -|
|Multiplexer          |        -|      -|        -|      448|     -|
|Register             |        -|      -|     5693|      608|     -|
+---------------------+---------+-------+---------+---------+------+
|Total                |        0|      0|     5693|    13681|     0|
+---------------------+---------+-------+---------+---------+------+
|Available SLR        |     1344|   3072|   864000|   432000|   320|
+---------------------+---------+-------+---------+---------+------+
|Utilization SLR (%)  |        0|      0|       ~0|        3|     0|
+---------------------+---------+-------+---------+---------+------+
|Available            |     5376|  12288|  3456000|  1728000|  1280|
+---------------------+---------+-------+---------+---------+------+
|Utilization (%)      |        0|      0|       ~0|       ~0|     0|
+---------------------+---------+-------+---------+---------+------+

+ Detail: 
    * Instance: 
    N/A

    * DSP: 
    N/A

    * Memory: 
    N/A

    * FIFO: 
    N/A

    * Expression: 
    +----------------------------+----------+----+---+-----+------------+------------+
    |        Variable Name       | Operation| DSP| FF| LUT | Bitwidth P0| Bitwidth P1|
    +----------------------------+----------+----+---+-----+------------+------------+
    |add_ln58_137290_fu_447_p2   |         +|   0|  0|   16|           9|           9|
    |add_ln58_137291_fu_453_p2   |         +|   0|  0|   17|          10|          10|
    |add_ln58_137292_fu_459_p2   |         +|   0|  0|   17|          10|          10|
    |add_ln58_137293_fu_1281_p2  |         +|   0|  0|   18|          11|          11|
    |add_ln58_137294_fu_475_p2   |         +|   0|  0|   17|          10|          10|
    |add_ln58_137295_fu_1290_p2  |         +|   0|  0|   17|          10|          10|
    |add_ln58_137296_fu_1299_p2  |         +|   0|  0|   18|          11|          11|
    |add_ln58_137297_fu_481_p2   |         +|   0|  0|   17|          10|          10|
    |add_ln58_137298_fu_487_p2   |         +|   0|  0|   18|          11|          11|
    |add_ln58_137299_fu_1320_p2  |         +|   0|  0|   18|          11|          11|
    |add_ln58_137300_fu_1326_p2  |         +|   0|  0|   18|          11|          11|
    |add_ln58_137301_fu_1332_p2  |         +|   0|  0|   18|          11|          11|
    |add_ln58_137302_fu_1338_p2  |         +|   0|  0|   18|          11|          11|
    |add_ln58_137303_fu_1344_p2  |         +|   0|  0|   18|          11|          11|
    |add_ln58_137304_fu_1349_p2  |         +|   0|  0|   17|          10|          10|
    |add_ln58_137305_fu_1359_p2  |         +|   0|  0|   18|          11|          11|
    |add_ln58_137306_fu_1364_p2  |         +|   0|  0|   18|          11|          11|
    |add_ln58_137307_fu_1370_p2  |         +|   0|  0|   18|          11|          11|
    |add_ln58_137308_fu_1376_p2  |         +|   0|  0|   18|          11|          11|
    |add_ln58_137309_fu_2318_p2  |         +|   0|  0|   18|          11|          11|
    |add_ln58_137310_fu_1388_p2  |         +|   0|  0|   16|           9|           9|
    |add_ln58_137311_fu_1398_p2  |         +|   0|  0|   18|          11|          11|
    |add_ln58_137312_fu_1404_p2  |         +|   0|  0|   18|          11|          11|
    |add_ln58_137313_fu_1413_p2  |         +|   0|  0|   16|           9|           9|
    |add_ln58_137314_fu_1423_p2  |         +|   0|  0|   18|          11|          11|
    |add_ln58_137315_fu_1429_p2  |         +|   0|  0|   16|           9|           9|
    |add_ln58_137316_fu_1445_p2  |         +|   0|  0|   16|           9|           9|
    |add_ln58_137317_fu_2348_p2  |         +|   0|  0|   19|          12|          12|
    |add_ln58_137318_fu_1451_p2  |         +|   0|  0|   17|          10|          10|
    |add_ln58_137319_fu_1457_p2  |         +|   0|  0|   17|          10|          10|
    |add_ln58_137320_fu_2360_p2  |         +|   0|  0|   19|          12|          12|
    |add_ln58_137321_fu_2366_p2  |         +|   0|  0|   17|          12|          12|
    |add_ln58_137322_fu_2372_p2  |         +|   0|  0|   17|          12|          12|
    |add_ln58_137323_fu_1463_p2  |         +|   0|  0|   17|          10|          10|
    |add_ln58_137324_fu_1469_p2  |         +|   0|  0|   18|          11|          11|
    |add_ln58_137325_fu_2387_p2  |         +|   0|  0|   19|          12|          12|
    |add_ln58_137326_fu_2396_p2  |         +|   0|  0|   17|          12|          12|
    |add_ln58_137327_fu_2402_p2  |         +|   0|  0|   17|          12|          12|
    |add_ln58_137328_fu_1481_p2  |         +|   0|  0|   17|          10|          10|
    |add_ln58_137329_fu_2411_p2  |         +|   0|  0|   19|          12|          12|
    |add_ln58_137330_fu_2465_p2  |         +|   0|  0|   18|          11|          11|
    |add_ln58_137331_fu_2474_p2  |         +|   0|  0|   19|          12|          12|
    |add_ln58_137332_fu_2480_p2  |         +|   0|  0|   17|          10|          10|
    |add_ln58_137333_fu_2489_p2  |         +|   0|  0|   17|          10|          10|
    |add_ln58_137334_fu_2499_p2  |         +|   0|  0|   18|          11|          11|
    |add_ln58_137335_fu_5710_p2  |         +|   0|  0|   20|          13|          13|
    |add_ln58_137336_fu_2505_p2  |         +|   0|  0|   17|          10|          10|
    |add_ln58_137337_fu_2515_p2  |         +|   0|  0|   18|          11|          11|
    |add_ln58_137338_fu_1559_p2  |         +|   0|  0|   17|          10|          10|
    |add_ln58_137339_fu_1565_p2  |         +|   0|  0|   17|          10|          10|
    |add_ln58_137340_fu_2527_p2  |         +|   0|  0|   18|          11|          11|
    |add_ln58_137341_fu_5722_p2  |         +|   0|  0|   19|          12|          12|
    |add_ln58_137342_fu_5732_p2  |         +|   0|  0|   17|          13|          13|
    |add_ln58_137343_fu_1571_p2  |         +|   0|  0|   16|           9|           9|
    |add_ln58_137344_fu_2536_p2  |         +|   0|  0|   17|          10|          10|
    |add_ln58_137345_fu_1577_p2  |         +|   0|  0|   16|           9|           9|
    |add_ln58_137346_fu_1583_p2  |         +|   0|  0|   16|           9|           9|
    |add_ln58_137347_fu_2552_p2  |         +|   0|  0|   17|          10|          10|
    |add_ln58_137348_fu_2562_p2  |         +|   0|  0|   18|          11|          11|
    |add_ln58_137349_fu_1589_p2  |         +|   0|  0|   16|           9|           9|
    |add_ln58_137350_fu_1595_p2  |         +|   0|  0|   16|           9|           9|
    |add_ln58_137351_fu_2574_p2  |         +|   0|  0|   17|          10|          10|
    |add_ln58_137352_fu_1601_p2  |         +|   0|  0|   16|           9|           9|
    |add_ln58_137353_fu_1607_p2  |         +|   0|  0|   16|           9|           9|
    |add_ln58_137354_fu_2590_p2  |         +|   0|  0|   17|          10|          10|
    |add_ln58_137355_fu_2600_p2  |         +|   0|  0|   18|          11|          11|
    |add_ln58_137356_fu_5744_p2  |         +|   0|  0|   19|          12|          12|
    |add_ln58_137357_fu_5754_p2  |         +|   0|  0|   17|          13|          13|
    |add_ln58_137358_fu_1616_p2  |         +|   0|  0|   16|           9|           9|
    |add_ln58_137359_fu_2612_p2  |         +|   0|  0|   17|          12|          12|
    |add_ln58_137360_fu_2618_p2  |         +|   0|  0|   17|          12|          12|
    |add_ln58_137361_fu_2624_p2  |         +|   0|  0|   17|          10|          10|
    |add_ln58_137362_fu_2634_p2  |         +|   0|  0|   18|          11|          11|
    |add_ln58_137363_fu_5766_p2  |         +|   0|  0|   20|          13|          13|
    |add_ln58_137364_fu_2640_p2  |         +|   0|  0|   17|          10|          10|
    |add_ln58_137365_fu_2650_p2  |         +|   0|  0|   18|          11|          11|
    |add_ln58_137366_fu_2656_p2  |         +|   0|  0|   17|          10|          10|
    |add_ln58_137367_fu_2666_p2  |         +|   0|  0|   18|          11|          11|
    |add_ln58_137368_fu_5778_p2  |         +|   0|  0|   19|          12|          12|
    |add_ln58_137369_fu_5788_p2  |         +|   0|  0|   17|          13|          13|
    |add_ln58_137370_fu_2672_p2  |         +|   0|  0|   17|          10|          10|
    |add_ln58_137371_fu_2681_p2  |         +|   0|  0|   17|          11|          11|
    |add_ln58_137372_fu_1622_p2  |         +|   0|  0|   16|           9|           9|
    |add_ln58_137373_fu_2690_p2  |         +|   0|  0|   17|          10|          10|
    |add_ln58_137374_fu_2700_p2  |         +|   0|  0|   17|          11|          11|
    |add_ln58_137375_fu_1628_p2  |         +|   0|  0|   16|           9|           9|
    |add_ln58_137376_fu_2709_p2  |         +|   0|  0|   17|          10|          10|
    |add_ln58_137377_fu_1634_p2  |         +|   0|  0|   16|           9|           9|
    |add_ln58_137378_fu_1640_p2  |         +|   0|  0|   16|           9|           9|
    |add_ln58_137379_fu_2725_p2  |         +|   0|  0|   17|          10|          10|
    |add_ln58_137380_fu_2735_p2  |         +|   0|  0|   18|          11|          11|
    |add_ln58_137381_fu_5800_p2  |         +|   0|  0|   19|          12|          12|
    |add_ln58_137382_fu_5810_p2  |         +|   0|  0|   17|          13|          13|
    |add_ln58_137383_fu_2741_p2  |         +|   0|  0|   17|          10|          10|
    |add_ln58_137384_fu_2750_p2  |         +|   0|  0|   19|          12|          12|
    |add_ln58_137385_fu_2756_p2  |         +|   0|  0|   17|          10|          10|
    |add_ln58_137386_fu_2766_p2  |         +|   0|  0|   18|          11|          11|
    |add_ln58_137387_fu_5822_p2  |         +|   0|  0|   20|          13|          13|
    |add_ln58_137388_fu_2772_p2  |         +|   0|  0|   18|          11|          11|
    |add_ln58_137389_fu_2778_p2  |         +|   0|  0|   17|          10|          10|
    |add_ln58_137390_fu_2788_p2  |         +|   0|  0|   17|          10|          10|
    |add_ln58_137391_fu_2797_p2  |         +|   0|  0|   18|          11|          11|
    |add_ln58_137392_fu_5834_p2  |         +|   0|  0|   19|          12|          12|
    |add_ln58_137393_fu_5844_p2  |         +|   0|  0|   17|          13|          13|
    |add_ln58_137394_fu_1646_p2  |         +|   0|  0|   17|          10|          10|
    |add_ln58_137395_fu_2806_p2  |         +|   0|  0|   18|          11|          11|
    |add_ln58_137396_fu_1652_p2  |         +|   0|  0|   16|           9|           9|
    |add_ln58_137397_fu_2819_p2  |         +|   0|  0|   17|          10|          10|
    |add_ln58_137398_fu_2829_p2  |         +|   0|  0|   17|          12|          12|
    |add_ln58_137399_fu_1658_p2  |         +|   0|  0|   16|           9|           9|
    |add_ln58_137400_fu_1668_p2  |         +|   0|  0|   17|          10|          10|
    |add_ln58_137401_fu_1674_p2  |         +|   0|  0|   16|           9|           9|
    |add_ln58_137402_fu_1684_p2  |         +|   0|  0|   16|           9|           9|
    |add_ln58_137403_fu_1694_p2  |         +|   0|  0|   17|          10|          10|
    |add_ln58_137404_fu_2841_p2  |         +|   0|  0|   18|          11|          11|
    |add_ln58_137405_fu_2851_p2  |         +|   0|  0|   17|          12|          12|
    |add_ln58_137406_fu_5853_p2  |         +|   0|  0|   17|          13|          13|
    |add_ln58_137407_fu_2857_p2  |         +|   0|  0|   17|          12|          12|
    |add_ln58_137408_fu_2863_p2  |         +|   0|  0|   17|          12|          12|
    |add_ln58_137409_fu_2869_p2  |         +|   0|  0|   17|          10|          10|
    |add_ln58_137410_fu_2879_p2  |         +|   0|  0|   17|          10|          10|
    |add_ln58_137411_fu_2889_p2  |         +|   0|  0|   18|          11|          11|
    |add_ln58_137412_fu_5865_p2  |         +|   0|  0|   20|          13|          13|
    |add_ln58_137413_fu_2895_p2  |         +|   0|  0|   17|          10|          10|
    |add_ln58_137414_fu_2904_p2  |         +|   0|  0|   18|          11|          11|
    |add_ln58_137415_fu_1700_p2  |         +|   0|  0|   17|          10|          10|
    |add_ln58_137416_fu_1706_p2  |         +|   0|  0|   16|           9|           9|
    |add_ln58_137417_fu_2919_p2  |         +|   0|  0|   18|          11|          11|
    |add_ln58_137418_fu_5877_p2  |         +|   0|  0|   19|          12|          12|
    |add_ln58_137419_fu_5887_p2  |         +|   0|  0|   17|          13|          13|
    |add_ln58_137420_fu_1712_p2  |         +|   0|  0|   16|           9|           9|
    |add_ln58_137421_fu_2928_p2  |         +|   0|  0|   17|          10|          10|
    |add_ln58_137422_fu_1718_p2  |         +|   0|  0|   16|           9|           9|
    |add_ln58_137423_fu_1724_p2  |         +|   0|  0|   16|           9|           9|
    |add_ln58_137424_fu_2944_p2  |         +|   0|  0|   17|          10|          10|
    |add_ln58_137425_fu_2954_p2  |         +|   0|  0|   18|          11|          11|
    |add_ln58_137426_fu_1730_p2  |         +|   0|  0|   16|           9|           9|
    |add_ln58_137427_fu_2963_p2  |         +|   0|  0|   17|          10|          10|
    |add_ln58_137428_fu_1736_p2  |         +|   0|  0|   16|           9|           9|
    |add_ln58_137429_fu_1742_p2  |         +|   0|  0|   16|           9|           9|
    |add_ln58_137430_fu_2979_p2  |         +|   0|  0|   17|          10|          10|
    |add_ln58_137431_fu_2989_p2  |         +|   0|  0|   18|          11|          11|
    |add_ln58_137432_fu_5899_p2  |         +|   0|  0|   19|          12|          12|
    |add_ln58_137433_fu_5909_p2  |         +|   0|  0|   17|          13|          13|
    |add_ln58_137434_fu_2995_p2  |         +|   0|  0|   18|          11|          11|
    |add_ln58_137435_fu_3004_p2  |         +|   0|  0|   19|          12|          12|
    |add_ln58_137436_fu_3010_p2  |         +|   0|  0|   17|          10|          10|
    |add_ln58_137437_fu_3019_p2  |         +|   0|  0|   17|          10|          10|
    |add_ln58_137438_fu_3029_p2  |         +|   0|  0|   18|          11|          11|
    |add_ln58_137439_fu_5921_p2  |         +|   0|  0|   20|          13|          13|
    |add_ln58_137440_fu_3035_p2  |         +|   0|  0|   17|          10|          10|
    |add_ln58_137441_fu_3045_p2  |         +|   0|  0|   18|          11|          11|
    |add_ln58_137442_fu_3051_p2  |         +|   0|  0|   17|          10|          10|
    |add_ln58_137443_fu_3060_p2  |         +|   0|  0|   17|          10|          10|
    |add_ln58_137444_fu_3072_p2  |         +|   0|  0|   18|          11|          11|
    |add_ln58_137445_fu_5933_p2  |         +|   0|  0|   19|          12|          12|
    |add_ln58_137446_fu_5943_p2  |         +|   0|  0|   17|          13|          13|
    |add_ln58_137447_fu_3078_p2  |         +|   0|  0|   17|          10|          10|
    |add_ln58_137448_fu_1748_p2  |         +|   0|  0|   16|           9|           9|
    |add_ln58_137449_fu_1754_p2  |         +|   0|  0|   16|           9|           9|
    |add_ln58_137450_fu_3093_p2  |         +|   0|  0|   17|          10|          10|
    |add_ln58_137451_fu_3103_p2  |         +|   0|  0|   18|          11|          11|
    |add_ln58_137452_fu_3109_p2  |         +|   0|  0|   17|          10|          10|
    |add_ln58_137453_fu_1760_p2  |         +|   0|  0|   16|           9|           9|
    |add_ln58_137454_fu_3122_p2  |         +|   0|  0|   17|          10|          10|
    |add_ln58_137455_fu_3132_p2  |         +|   0|  0|   18|          11|          11|
    |add_ln58_137456_fu_5955_p2  |         +|   0|  0|   19|          12|          12|
    |add_ln58_137457_fu_5965_p2  |         +|   0|  0|   17|          13|          13|
    |add_ln58_137458_fu_3138_p2  |         +|   0|  0|   18|          11|          11|
    |add_ln58_137459_fu_3147_p2  |         +|   0|  0|   19|          12|          12|
    |add_ln58_137460_fu_3153_p2  |         +|   0|  0|   17|          10|          10|
    |add_ln58_137461_fu_3163_p2  |         +|   0|  0|   18|          11|          11|
    |add_ln58_137462_fu_5977_p2  |         +|   0|  0|   20|          13|          13|
    |add_ln58_137463_fu_3169_p2  |         +|   0|  0|   17|          10|          10|
    |add_ln58_137464_fu_3179_p2  |         +|   0|  0|   17|          10|          10|
    |add_ln58_137465_fu_3189_p2  |         +|   0|  0|   18|          11|          11|
    |add_ln58_137466_fu_5986_p2  |         +|   0|  0|   19|          12|          12|
    |add_ln58_137467_fu_5996_p2  |         +|   0|  0|   17|          13|          13|
    |add_ln58_137468_fu_1766_p2  |         +|   0|  0|   17|          10|          10|
    |add_ln58_137469_fu_3198_p2  |         +|   0|  0|   18|          11|          11|
    |add_ln58_137470_fu_1772_p2  |         +|   0|  0|   16|           9|           9|
    |add_ln58_137471_fu_3214_p2  |         +|   0|  0|   18|          11|          11|
    |add_ln58_137472_fu_3224_p2  |         +|   0|  0|   19|          12|          12|
    |add_ln58_137473_fu_1778_p2  |         +|   0|  0|   16|           9|           9|
    |add_ln58_137474_fu_3233_p2  |         +|   0|  0|   17|          10|          10|
    |add_ln58_137475_fu_1784_p2  |         +|   0|  0|   16|           9|           9|
    |add_ln58_137476_fu_1790_p2  |         +|   0|  0|   16|           9|           9|
    |add_ln58_137477_fu_3249_p2  |         +|   0|  0|   17|          10|          10|
    |add_ln58_137478_fu_3259_p2  |         +|   0|  0|   18|          11|          11|
    |add_ln58_137479_fu_6008_p2  |         +|   0|  0|   20|          13|          13|
    |add_ln58_137480_fu_6014_p2  |         +|   0|  0|   17|          13|          13|
    |add_ln58_137481_fu_3265_p2  |         +|   0|  0|   17|          10|          10|
    |add_ln58_137482_fu_3279_p2  |         +|   0|  0|   18|          11|          11|
    |add_ln58_137483_fu_3285_p2  |         +|   0|  0|   17|          10|          10|
    |add_ln58_137484_fu_3295_p2  |         +|   0|  0|   18|          11|          11|
    |add_ln58_137485_fu_6026_p2  |         +|   0|  0|   19|          12|          12|
    |add_ln58_137486_fu_3301_p2  |         +|   0|  0|   17|          10|          10|
    |add_ln58_137487_fu_3311_p2  |         +|   0|  0|   18|          11|          11|
    |add_ln58_137488_fu_3317_p2  |         +|   0|  0|   17|          10|          10|
    |add_ln58_137489_fu_3327_p2  |         +|   0|  0|   18|          11|          11|
    |add_ln58_137490_fu_6042_p2  |         +|   0|  0|   19|          12|          12|
    |add_ln58_137491_fu_6052_p2  |         +|   0|  0|   17|          13|          13|
    |add_ln58_137492_fu_1796_p2  |         +|   0|  0|   17|          10|          10|
    |add_ln58_137493_fu_3336_p2  |         +|   0|  0|   18|          11|          11|
    |add_ln58_137494_fu_3342_p2  |         +|   0|  0|   17|          12|          12|
    |add_ln58_137495_fu_3348_p2  |         +|   0|  0|   17|          12|          12|
    |add_ln58_137496_fu_6064_p2  |         +|   0|  0|   17|          13|          13|
    |add_ln58_137497_fu_1802_p2  |         +|   0|  0|   16|           9|           9|
    |add_ln58_137498_fu_3357_p2  |         +|   0|  0|   17|          10|          10|
    |add_ln58_137499_fu_1808_p2  |         +|   0|  0|   16|           9|           9|
    |add_ln58_137500_fu_3370_p2  |         +|   0|  0|   17|          10|          10|
    |add_ln58_137501_fu_3380_p2  |         +|   0|  0|   18|          11|          11|
    |add_ln58_137502_fu_6073_p2  |         +|   0|  0|   17|          13|          13|
    |add_ln58_137503_fu_6079_p2  |         +|   0|  0|   17|          13|          13|
    |add_ln58_137504_fu_3386_p2  |         +|   0|  0|   17|          10|          10|
    |add_ln58_137505_fu_3396_p2  |         +|   0|  0|   19|          12|          12|
    |add_ln58_137506_fu_3402_p2  |         +|   0|  0|   17|          10|          10|
    |add_ln58_137507_fu_3412_p2  |         +|   0|  0|   18|          11|          11|
    |add_ln58_137508_fu_6091_p2  |         +|   0|  0|   20|          13|          13|
    |add_ln58_137509_fu_3418_p2  |         +|   0|  0|   17|          10|          10|
    |add_ln58_137510_fu_3428_p2  |         +|   0|  0|   18|          11|          11|
    |add_ln58_137511_fu_3434_p2  |         +|   0|  0|   17|          10|          10|
    |add_ln58_137512_fu_3442_p2  |         +|   0|  0|   18|          11|          11|
    |add_ln58_137513_fu_6103_p2  |         +|   0|  0|   19|          12|          12|
    |add_ln58_137514_fu_6113_p2  |         +|   0|  0|   17|          13|          13|
    |add_ln58_137515_fu_1814_p2  |         +|   0|  0|   16|           9|           9|
    |add_ln58_137516_fu_3451_p2  |         +|   0|  0|   17|          10|          10|
    |add_ln58_137517_fu_1820_p2  |         +|   0|  0|   16|           9|           9|
    |add_ln58_137518_fu_3464_p2  |         +|   0|  0|   17|          10|          10|
    |add_ln58_137519_fu_3474_p2  |         +|   0|  0|   18|          11|          11|
    |add_ln58_137520_fu_1826_p2  |         +|   0|  0|   16|           9|           9|
    |add_ln58_137521_fu_3483_p2  |         +|   0|  0|   17|          10|          10|
    |add_ln58_137522_fu_1832_p2  |         +|   0|  0|   16|           9|           9|
    |add_ln58_137523_fu_1838_p2  |         +|   0|  0|   16|           9|           9|
    |add_ln58_137524_fu_3499_p2  |         +|   0|  0|   17|          10|          10|
    |add_ln58_137525_fu_3509_p2  |         +|   0|  0|   18|          11|          11|
    |add_ln58_137526_fu_6125_p2  |         +|   0|  0|   19|          12|          12|
    |add_ln58_137527_fu_6135_p2  |         +|   0|  0|   17|          13|          13|
    |add_ln58_137528_fu_3515_p2  |         +|   0|  0|   17|          10|          10|
    |add_ln58_137529_fu_3528_p2  |         +|   0|  0|   19|          12|          12|
    |add_ln58_137530_fu_6144_p2  |         +|   0|  0|   20|          13|          13|
    |add_ln58_137531_fu_3534_p2  |         +|   0|  0|   17|          10|          10|
    |add_ln58_137532_fu_3544_p2  |         +|   0|  0|   18|          11|          11|
    |add_ln58_137533_fu_3550_p2  |         +|   0|  0|   17|          10|          10|
    |add_ln58_137534_fu_3559_p2  |         +|   0|  0|   18|          11|          11|
    |add_ln58_137535_fu_6156_p2  |         +|   0|  0|   19|          12|          12|
    |add_ln58_137536_fu_6166_p2  |         +|   0|  0|   17|          13|          13|
    |add_ln58_137537_fu_1844_p2  |         +|   0|  0|   17|          10|          10|
    |add_ln58_137538_fu_3568_p2  |         +|   0|  0|   18|          11|          11|
    |add_ln58_137539_fu_3578_p2  |         +|   0|  0|   17|          10|          10|
    |add_ln58_137540_fu_3588_p2  |         +|   0|  0|   19|          12|          12|
    |add_ln58_137541_fu_1850_p2  |         +|   0|  0|   16|           9|           9|
    |add_ln58_137542_fu_1856_p2  |         +|   0|  0|   16|           9|           9|
    |add_ln58_137543_fu_3600_p2  |         +|   0|  0|   17|          10|          10|
    |add_ln58_137544_fu_1862_p2  |         +|   0|  0|   16|           9|           9|
    |add_ln58_137545_fu_3613_p2  |         +|   0|  0|   17|          10|          10|
    |add_ln58_137546_fu_3623_p2  |         +|   0|  0|   18|          11|          11|
    |add_ln58_137547_fu_6178_p2  |         +|   0|  0|   20|          13|          13|
    |add_ln58_137548_fu_6184_p2  |         +|   0|  0|   17|          13|          13|
    |add_ln58_137549_fu_3629_p2  |         +|   0|  0|   17|          12|          12|
    |add_ln58_137550_fu_3635_p2  |         +|   0|  0|   17|          12|          12|
    |add_ln58_137551_fu_3641_p2  |         +|   0|  0|   17|          10|          10|
    |add_ln58_137552_fu_3651_p2  |         +|   0|  0|   18|          11|          11|
    |add_ln58_137553_fu_6196_p2  |         +|   0|  0|   20|          13|          13|
    |add_ln58_137554_fu_3657_p2  |         +|   0|  0|   17|          10|          10|
    |add_ln58_137555_fu_3667_p2  |         +|   0|  0|   18|          11|          11|
    |add_ln58_137556_fu_3673_p2  |         +|   0|  0|   17|          10|          10|
    |add_ln58_137557_fu_3682_p2  |         +|   0|  0|   18|          11|          11|
    |add_ln58_137558_fu_6208_p2  |         +|   0|  0|   19|          12|          12|
    |add_ln58_137559_fu_6218_p2  |         +|   0|  0|   17|          13|          13|
    |add_ln58_137560_fu_1868_p2  |         +|   0|  0|   16|           9|           9|
    |add_ln58_137561_fu_3691_p2  |         +|   0|  0|   17|          10|          10|
    |add_ln58_137562_fu_1874_p2  |         +|   0|  0|   16|           9|           9|
    |add_ln58_137563_fu_3704_p2  |         +|   0|  0|   17|          10|          10|
    |add_ln58_137564_fu_3714_p2  |         +|   0|  0|   18|          11|          11|
    |add_ln58_137565_fu_3720_p2  |         +|   0|  0|   17|          10|          10|
    |add_ln58_137566_fu_1880_p2  |         +|   0|  0|   16|           9|           9|
    |add_ln58_137567_fu_1886_p2  |         +|   0|  0|   16|           9|           9|
    |add_ln58_137568_fu_3736_p2  |         +|   0|  0|   17|          10|          10|
    |add_ln58_137569_fu_3746_p2  |         +|   0|  0|   18|          11|          11|
    |add_ln58_137570_fu_6230_p2  |         +|   0|  0|   19|          12|          12|
    |add_ln58_137571_fu_6240_p2  |         +|   0|  0|   17|          13|          13|
    |add_ln58_137572_fu_3752_p2  |         +|   0|  0|   17|          12|          12|
    |add_ln58_137573_fu_3758_p2  |         +|   0|  0|   17|          12|          12|
    |add_ln58_137574_fu_6249_p2  |         +|   0|  0|   20|          13|          13|
    |add_ln58_137575_fu_3764_p2  |         +|   0|  0|   18|          11|          11|
    |add_ln58_137576_fu_3770_p2  |         +|   0|  0|   17|          10|          10|
    |add_ln58_137577_fu_1892_p2  |         +|   0|  0|   16|           9|           9|
    |add_ln58_137578_fu_3785_p2  |         +|   0|  0|   18|          11|          11|
    |add_ln58_137579_fu_6261_p2  |         +|   0|  0|   19|          12|          12|
    |add_ln58_137580_fu_6271_p2  |         +|   0|  0|   17|          13|          13|
    |add_ln58_137581_fu_3791_p2  |         +|   0|  0|   17|          10|          10|
    |add_ln58_137582_fu_3801_p2  |         +|   0|  0|   18|          11|          11|
    |add_ln58_137583_fu_3807_p2  |         +|   0|  0|   17|          10|          10|
    |add_ln58_137584_fu_3817_p2  |         +|   0|  0|   17|          10|          10|
    |add_ln58_137585_fu_3827_p2  |         +|   0|  0|   18|          11|          11|
    |add_ln58_137586_fu_6283_p2  |         +|   0|  0|   19|          12|          12|
    |add_ln58_137587_fu_6293_p2  |         +|   0|  0|   17|          13|          13|
    |add_ln58_137588_fu_3833_p2  |         +|   0|  0|   17|          10|          10|
    |add_ln58_137589_fu_3847_p2  |         +|   0|  0|   19|          12|          12|
    |add_ln58_137590_fu_3853_p2  |         +|   0|  0|   17|          10|          10|
    |add_ln58_137591_fu_3863_p2  |         +|   0|  0|   18|          11|          11|
    |add_ln58_137592_fu_6308_p2  |         +|   0|  0|   20|          13|          13|
    |add_ln58_137593_fu_3869_p2  |         +|   0|  0|   17|          10|          10|
    |add_ln58_137594_fu_3879_p2  |         +|   0|  0|   18|          11|          11|
    |add_ln58_137595_fu_3885_p2  |         +|   0|  0|   18|          11|          11|
    |add_ln58_137596_fu_6320_p2  |         +|   0|  0|   19|          12|          12|
    |add_ln58_137597_fu_6330_p2  |         +|   0|  0|   17|          13|          13|
    |add_ln58_137598_fu_3891_p2  |         +|   0|  0|   17|          10|          10|
    |add_ln58_137599_fu_1898_p2  |         +|   0|  0|   16|           9|           9|
    |add_ln58_137600_fu_1904_p2  |         +|   0|  0|   16|           9|           9|
    |add_ln58_137601_fu_3906_p2  |         +|   0|  0|   17|          10|          10|
    |add_ln58_137602_fu_3916_p2  |         +|   0|  0|   18|          11|          11|
    |add_ln58_137603_fu_3922_p2  |         +|   0|  0|   17|          10|          10|
    |add_ln58_137604_fu_3932_p2  |         +|   0|  0|   17|          10|          10|
    |add_ln58_137605_fu_3942_p2  |         +|   0|  0|   18|          11|          11|
    |add_ln58_137606_fu_6342_p2  |         +|   0|  0|   19|          12|          12|
    |add_ln58_137607_fu_6352_p2  |         +|   0|  0|   17|          13|          13|
    |add_ln58_137608_fu_3948_p2  |         +|   0|  0|   17|          10|          10|
    |add_ln58_137609_fu_3958_p2  |         +|   0|  0|   19|          12|          12|
    |add_ln58_137610_fu_3964_p2  |         +|   0|  0|   18|          11|          11|
    |add_ln58_137611_fu_6367_p2  |         +|   0|  0|   20|          13|          13|
    |add_ln58_137612_fu_3970_p2  |         +|   0|  0|   17|          10|          10|
    |add_ln58_137613_fu_3980_p2  |         +|   0|  0|   18|          11|          11|
    |add_ln58_137614_fu_3986_p2  |         +|   0|  0|   17|          10|          10|
    |add_ln58_137615_fu_3996_p2  |         +|   0|  0|   18|          11|          11|
    |add_ln58_137616_fu_6379_p2  |         +|   0|  0|   19|          12|          12|
    |add_ln58_137617_fu_6389_p2  |         +|   0|  0|   17|          13|          13|
    |add_ln58_137618_fu_1910_p2  |         +|   0|  0|   17|          10|          10|
    |add_ln58_137619_fu_4005_p2  |         +|   0|  0|   18|          11|          11|
    |add_ln58_137620_fu_1916_p2  |         +|   0|  0|   16|           9|           9|
    |add_ln58_137621_fu_4014_p2  |         +|   0|  0|   17|          10|          10|
    |add_ln58_137622_fu_6401_p2  |         +|   0|  0|   17|          12|          12|
    |add_ln58_137623_fu_1922_p2  |         +|   0|  0|   16|           9|           9|
    |add_ln58_137624_fu_4023_p2  |         +|   0|  0|   17|          10|          10|
    |add_ln58_137625_fu_4033_p2  |         +|   0|  0|   17|          10|          10|
    |add_ln58_137626_fu_4043_p2  |         +|   0|  0|   18|          11|          11|
    |add_ln58_137627_fu_6410_p2  |         +|   0|  0|   17|          12|          12|
    |add_ln58_137628_fu_6420_p2  |         +|   0|  0|   17|          13|          13|
    |add_ln58_137629_fu_4049_p2  |         +|   0|  0|   17|          10|          10|
    |add_ln58_137630_fu_4062_p2  |         +|   0|  0|   19|          12|          12|
    |add_ln58_137631_fu_4068_p2  |         +|   0|  0|   17|          10|          10|
    |add_ln58_137632_fu_4078_p2  |         +|   0|  0|   18|          11|          11|
    |add_ln58_137633_fu_6432_p2  |         +|   0|  0|   20|          13|          13|
    |add_ln58_137634_fu_4084_p2  |         +|   0|  0|   17|          10|          10|
    |add_ln58_137635_fu_4094_p2  |         +|   0|  0|   18|          11|          11|
    |add_ln58_137636_fu_4100_p2  |         +|   0|  0|   17|          10|          10|
    |add_ln58_137637_fu_4110_p2  |         +|   0|  0|   18|          11|          11|
    |add_ln58_137638_fu_6444_p2  |         +|   0|  0|   19|          12|          12|
    |add_ln58_137639_fu_6454_p2  |         +|   0|  0|   17|          13|          13|
    |add_ln58_137640_fu_4116_p2  |         +|   0|  0|   18|          11|          11|
    |add_ln58_137641_fu_1928_p2  |         +|   0|  0|   16|           9|           9|
    |add_ln58_137642_fu_4129_p2  |         +|   0|  0|   18|          11|          11|
    |add_ln58_137643_fu_4139_p2  |         +|   0|  0|   19|          12|          12|
    |add_ln58_137644_fu_1934_p2  |         +|   0|  0|   16|           9|           9|
    |add_ln58_137645_fu_4148_p2  |         +|   0|  0|   17|          10|          10|
    |add_ln58_137646_fu_1940_p2  |         +|   0|  0|   16|           9|           9|
    |add_ln58_137647_fu_4161_p2  |         +|   0|  0|   17|          10|          10|
    |add_ln58_137648_fu_4171_p2  |         +|   0|  0|   18|          11|          11|
    |add_ln58_137649_fu_6466_p2  |         +|   0|  0|   20|          13|          13|
    |add_ln58_137650_fu_6472_p2  |         +|   0|  0|   17|          13|          13|
    |add_ln58_137651_fu_4177_p2  |         +|   0|  0|   17|          12|          12|
    |add_ln58_137652_fu_4183_p2  |         +|   0|  0|   17|          12|          12|
    |add_ln58_137653_fu_4189_p2  |         +|   0|  0|   18|          11|          11|
    |add_ln58_137654_fu_6484_p2  |         +|   0|  0|   20|          13|          13|
    |add_ln58_137655_fu_4195_p2  |         +|   0|  0|   17|          10|          10|
    |add_ln58_137656_fu_4205_p2  |         +|   0|  0|   18|          11|          11|
    |add_ln58_137657_fu_1946_p2  |         +|   0|  0|   16|           9|           9|
    |add_ln58_137658_fu_4214_p2  |         +|   0|  0|   18|          11|          11|
    |add_ln58_137659_fu_6496_p2  |         +|   0|  0|   19|          12|          12|
    |add_ln58_137660_fu_6506_p2  |         +|   0|  0|   17|          13|          13|
    |add_ln58_137661_fu_4220_p2  |         +|   0|  0|   17|          10|          10|
    |add_ln58_137662_fu_1952_p2  |         +|   0|  0|   16|           9|           9|
    |add_ln58_137663_fu_4233_p2  |         +|   0|  0|   17|          10|          10|
    |add_ln58_137664_fu_4243_p2  |         +|   0|  0|   18|          11|          11|
    |add_ln58_137665_fu_1958_p2  |         +|   0|  0|   16|           9|           9|
    |add_ln58_137666_fu_4252_p2  |         +|   0|  0|   17|          10|          10|
    |add_ln58_137667_fu_4262_p2  |         +|   0|  0|   17|          10|          10|
    |add_ln58_137668_fu_4272_p2  |         +|   0|  0|   18|          11|          11|
    |add_ln58_137669_fu_6518_p2  |         +|   0|  0|   19|          12|          12|
    |add_ln58_137670_fu_6528_p2  |         +|   0|  0|   17|          13|          13|
    |add_ln58_137671_fu_4278_p2  |         +|   0|  0|   19|          12|          12|
    |add_ln58_137672_fu_4284_p2  |         +|   0|  0|   18|          11|          11|
    |add_ln58_137673_fu_6540_p2  |         +|   0|  0|   20|          13|          13|
    |add_ln58_137674_fu_4290_p2  |         +|   0|  0|   17|          10|          10|
    |add_ln58_137675_fu_4300_p2  |         +|   0|  0|   18|          11|          11|
    |add_ln58_137676_fu_4306_p2  |         +|   0|  0|   17|          10|          10|
    |add_ln58_137677_fu_4316_p2  |         +|   0|  0|   18|          11|          11|
    |add_ln58_137678_fu_6552_p2  |         +|   0|  0|   19|          12|          12|
    |add_ln58_137679_fu_6562_p2  |         +|   0|  0|   17|          13|          13|
    |add_ln58_137680_fu_4322_p2  |         +|   0|  0|   17|          10|          10|
    |add_ln58_137681_fu_4331_p2  |         +|   0|  0|   17|          11|          11|
    |add_ln58_137682_fu_4337_p2  |         +|   0|  0|   17|          10|          10|
    |add_ln58_137683_fu_4346_p2  |         +|   0|  0|   17|          11|          11|
    |add_ln58_137684_fu_4352_p2  |         +|   0|  0|   17|          10|          10|
    |add_ln58_137685_fu_4362_p2  |         +|   0|  0|   17|          10|          10|
    |add_ln58_137686_fu_4372_p2  |         +|   0|  0|   18|          11|          11|
    |add_ln58_137687_fu_6574_p2  |         +|   0|  0|   19|          12|          12|
    |add_ln58_137688_fu_6584_p2  |         +|   0|  0|   17|          13|          13|
    |add_ln58_137689_fu_4378_p2  |         +|   0|  0|   19|          12|          12|
    |add_ln58_137690_fu_4384_p2  |         +|   0|  0|   17|          10|          10|
    |add_ln58_137691_fu_4394_p2  |         +|   0|  0|   18|          11|          11|
    |add_ln58_137692_fu_6596_p2  |         +|   0|  0|   20|          13|          13|
    |add_ln58_137693_fu_4400_p2  |         +|   0|  0|   18|          11|          11|
    |add_ln58_137694_fu_4406_p2  |         +|   0|  0|   17|          10|          10|
    |add_ln58_137695_fu_4415_p2  |         +|   0|  0|   18|          11|          11|
    |add_ln58_137696_fu_6608_p2  |         +|   0|  0|   19|          12|          12|
    |add_ln58_137697_fu_6618_p2  |         +|   0|  0|   17|          13|          13|
    |add_ln58_137698_fu_1964_p2  |         +|   0|  0|   16|           9|           9|
    |add_ln58_137699_fu_4424_p2  |         +|   0|  0|   17|          10|          10|
    |add_ln58_137700_fu_4433_p2  |         +|   0|  0|   17|          10|          10|
    |add_ln58_137701_fu_4443_p2  |         +|   0|  0|   18|          11|          11|
    |add_ln58_137702_fu_1970_p2  |         +|   0|  0|   16|           9|           9|
    |add_ln58_137703_fu_1976_p2  |         +|   0|  0|   16|           9|           9|
    |add_ln58_137704_fu_4455_p2  |         +|   0|  0|   17|          10|          10|
    |add_ln58_137705_fu_4465_p2  |         +|   0|  0|   17|          10|          10|
    |add_ln58_137706_fu_4475_p2  |         +|   0|  0|   18|          11|          11|
    |add_ln58_137707_fu_6630_p2  |         +|   0|  0|   19|          12|          12|
    |add_ln58_137708_fu_6640_p2  |         +|   0|  0|   17|          13|          13|
    |add_ln58_137709_fu_4484_p2  |         +|   0|  0|   17|          12|          12|
    |add_ln58_137710_fu_4490_p2  |         +|   0|  0|   17|          12|          12|
    |add_ln58_137711_fu_4496_p2  |         +|   0|  0|   17|          10|          10|
    |add_ln58_137712_fu_4506_p2  |         +|   0|  0|   18|          11|          11|
    |add_ln58_137713_fu_6652_p2  |         +|   0|  0|   20|          13|          13|
    |add_ln58_137714_fu_4512_p2  |         +|   0|  0|   17|          10|          10|
    |add_ln58_137715_fu_4522_p2  |         +|   0|  0|   18|          11|          11|
    |add_ln58_137716_fu_4528_p2  |         +|   0|  0|   18|          11|          11|
    |add_ln58_137717_fu_6664_p2  |         +|   0|  0|   19|          12|          12|
    |add_ln58_137718_fu_6674_p2  |         +|   0|  0|   17|          13|          13|
    |add_ln58_137719_fu_4534_p2  |         +|   0|  0|   18|          11|          11|
    |add_ln58_137720_fu_4544_p2  |         +|   0|  0|   18|          11|          11|
    |add_ln58_137721_fu_4554_p2  |         +|   0|  0|   19|          12|          12|
    |add_ln58_137722_fu_4560_p2  |         +|   0|  0|   17|          10|          10|
    |add_ln58_137723_fu_4570_p2  |         +|   0|  0|   17|          10|          10|
    |add_ln58_137724_fu_4580_p2  |         +|   0|  0|   18|          11|          11|
    |add_ln58_137725_fu_6686_p2  |         +|   0|  0|   20|          13|          13|
    |add_ln58_137726_fu_6692_p2  |         +|   0|  0|   17|          13|          13|
    |add_ln58_137727_fu_4586_p2  |         +|   0|  0|   17|          10|          10|
    |add_ln58_137728_fu_4594_p2  |         +|   0|  0|   18|          11|          11|
    |add_ln58_137729_fu_4599_p2  |         +|   0|  0|   18|          11|          11|
    |add_ln58_137730_fu_6704_p2  |         +|   0|  0|   19|          12|          12|
    |add_ln58_137731_fu_4605_p2  |         +|   0|  0|   17|          10|          10|
    |add_ln58_137732_fu_4615_p2  |         +|   0|  0|   18|          11|          11|
    |add_ln58_137733_fu_4621_p2  |         +|   0|  0|   18|          11|          11|
    |add_ln58_137734_fu_6720_p2  |         +|   0|  0|   19|          12|          12|
    |add_ln58_137735_fu_6730_p2  |         +|   0|  0|   17|          13|          13|
    |add_ln58_137736_fu_1982_p2  |         +|   0|  0|   16|           9|           9|
    |add_ln58_137737_fu_4630_p2  |         +|   0|  0|   17|          10|          10|
    |add_ln58_137738_fu_1988_p2  |         +|   0|  0|   16|           9|           9|
    |add_ln58_137739_fu_4643_p2  |         +|   0|  0|   17|          10|          10|
    |add_ln58_137740_fu_4653_p2  |         +|   0|  0|   18|          11|          11|
    |add_ln58_137741_fu_1994_p2  |         +|   0|  0|   16|           9|           9|
    |add_ln58_137742_fu_4662_p2  |         +|   0|  0|   17|          10|          10|
    |add_ln58_137743_fu_2000_p2  |         +|   0|  0|   16|           9|           9|
    |add_ln58_137744_fu_4675_p2  |         +|   0|  0|   17|          10|          10|
    |add_ln58_137745_fu_4685_p2  |         +|   0|  0|   18|          11|          11|
    |add_ln58_137746_fu_6742_p2  |         +|   0|  0|   19|          12|          12|
    |add_ln58_137747_fu_6752_p2  |         +|   0|  0|   17|          13|          13|
    |add_ln58_137748_fu_4691_p2  |         +|   0|  0|   17|          10|          10|
    |add_ln58_137749_fu_4704_p2  |         +|   0|  0|   18|          11|          11|
    |add_ln58_137750_fu_4710_p2  |         +|   0|  0|   17|          10|          10|
    |add_ln58_137751_fu_4720_p2  |         +|   0|  0|   18|          11|          11|
    |add_ln58_137752_fu_6764_p2  |         +|   0|  0|   19|          12|          12|
    |add_ln58_137753_fu_4726_p2  |         +|   0|  0|   18|          11|          11|
    |add_ln58_137754_fu_4732_p2  |         +|   0|  0|   17|          12|          12|
    |add_ln58_137755_fu_4741_p2  |         +|   0|  0|   17|          12|          12|
    |add_ln58_137756_fu_6783_p2  |         +|   0|  0|   20|          13|          13|
    |add_ln58_137757_fu_6789_p2  |         +|   0|  0|   17|          13|          13|
    |add_ln58_137758_fu_4747_p2  |         +|   0|  0|   17|          10|          10|
    |add_ln58_137759_fu_2006_p2  |         +|   0|  0|   16|           9|           9|
    |add_ln58_137760_fu_4760_p2  |         +|   0|  0|   17|          10|          10|
    |add_ln58_137761_fu_4770_p2  |         +|   0|  0|   18|          11|          11|
    |add_ln58_137762_fu_4776_p2  |         +|   0|  0|   17|          10|          10|
    |add_ln58_137763_fu_4785_p2  |         +|   0|  0|   17|          10|          10|
    |add_ln58_137764_fu_4795_p2  |         +|   0|  0|   18|          11|          11|
    |add_ln58_137765_fu_6801_p2  |         +|   0|  0|   19|          12|          12|
    |add_ln58_137766_fu_6811_p2  |         +|   0|  0|   17|          13|          13|
    |add_ln58_137767_fu_4801_p2  |         +|   0|  0|   17|          12|          12|
    |add_ln58_137768_fu_4807_p2  |         +|   0|  0|   17|          12|          12|
    |add_ln58_137769_fu_6820_p2  |         +|   0|  0|   20|          13|          13|
    |add_ln58_137770_fu_4813_p2  |         +|   0|  0|   18|          11|          11|
    |add_ln58_137771_fu_6829_p2  |         +|   0|  0|   19|          12|          12|
    |add_ln58_137772_fu_6838_p2  |         +|   0|  0|   17|          13|          13|
    |add_ln58_137773_fu_4819_p2  |         +|   0|  0|   17|          10|          10|
    |add_ln58_137774_fu_4828_p2  |         +|   0|  0|   17|          10|          10|
    |add_ln58_137775_fu_4838_p2  |         +|   0|  0|   18|          11|          11|
    |add_ln58_137776_fu_2012_p2  |         +|   0|  0|   16|           9|           9|
    |add_ln58_137777_fu_4847_p2  |         +|   0|  0|   17|          10|          10|
    |add_ln58_137778_fu_4857_p2  |         +|   0|  0|   17|          10|          10|
    |add_ln58_137779_fu_4867_p2  |         +|   0|  0|   18|          11|          11|
    |add_ln58_137780_fu_6850_p2  |         +|   0|  0|   19|          12|          12|
    |add_ln58_137781_fu_6860_p2  |         +|   0|  0|   17|          13|          13|
    |add_ln58_137782_fu_4873_p2  |         +|   0|  0|   17|          10|          10|
    |add_ln58_137783_fu_4882_p2  |         +|   0|  0|   18|          11|          11|
    |add_ln58_137784_fu_4887_p2  |         +|   0|  0|   17|          10|          10|
    |add_ln58_137785_fu_4897_p2  |         +|   0|  0|   17|          10|          10|
    |add_ln58_137786_fu_4907_p2  |         +|   0|  0|   18|          11|          11|
    |add_ln58_137787_fu_6872_p2  |         +|   0|  0|   19|          12|          12|
    |add_ln58_137788_fu_4913_p2  |         +|   0|  0|   17|          10|          10|
    |add_ln58_137789_fu_4923_p2  |         +|   0|  0|   18|          11|          11|
    |add_ln58_137790_fu_4929_p2  |         +|   0|  0|   17|          10|          10|
    |add_ln58_137791_fu_2018_p2  |         +|   0|  0|   17|          10|          10|
    |add_ln58_137792_fu_4940_p2  |         +|   0|  0|   18|          11|          11|
    |add_ln58_137793_fu_6888_p2  |         +|   0|  0|   19|          12|          12|
    |add_ln58_137794_fu_6898_p2  |         +|   0|  0|   17|          13|          13|
    |add_ln58_137795_fu_4946_p2  |         +|   0|  0|   17|          10|          10|
    |add_ln58_137796_fu_2024_p2  |         +|   0|  0|   16|           9|           9|
    |add_ln58_137797_fu_4958_p2  |         +|   0|  0|   17|          10|          10|
    |add_ln58_137798_fu_4968_p2  |         +|   0|  0|   18|          11|          11|
    |add_ln58_137799_fu_4974_p2  |         +|   0|  0|   17|          10|          10|
    |add_ln58_137800_fu_4984_p2  |         +|   0|  0|   17|          10|          10|
    |add_ln58_137801_fu_4994_p2  |         +|   0|  0|   18|          11|          11|
    |add_ln58_137802_fu_6910_p2  |         +|   0|  0|   19|          12|          12|
    |add_ln58_137803_fu_6920_p2  |         +|   0|  0|   17|          13|          13|
    |add_ln58_137804_fu_5000_p2  |         +|   0|  0|   17|          12|          12|
    |add_ln58_137805_fu_5006_p2  |         +|   0|  0|   17|          12|          12|
    |add_ln58_137806_fu_6929_p2  |         +|   0|  0|   20|          13|          13|
    |add_ln58_137807_fu_6935_p2  |         +|   0|  0|   17|          13|          13|
    |add_ln58_137808_fu_2030_p2  |         +|   0|  0|   16|           9|           9|
    |add_ln58_137809_fu_5015_p2  |         +|   0|  0|   17|          10|          10|
    |add_ln58_137810_fu_5024_p2  |         +|   0|  0|   19|          12|          12|
    |add_ln58_137811_fu_5030_p2  |         +|   0|  0|   17|          10|          10|
    |add_ln58_137812_fu_5040_p2  |         +|   0|  0|   17|          10|          10|
    |add_ln58_137813_fu_5050_p2  |         +|   0|  0|   18|          11|          11|
    |add_ln58_137814_fu_6947_p2  |         +|   0|  0|   20|          13|          13|
    |add_ln58_137815_fu_6953_p2  |         +|   0|  0|   17|          13|          13|
    |add_ln58_137816_fu_5056_p2  |         +|   0|  0|   17|          10|          10|
    |add_ln58_137817_fu_5065_p2  |         +|   0|  0|   19|          12|          12|
    |add_ln58_137818_fu_5071_p2  |         +|   0|  0|   18|          11|          11|
    |add_ln58_137819_fu_6965_p2  |         +|   0|  0|   20|          13|          13|
    |add_ln58_137820_fu_5077_p2  |         +|   0|  0|   17|          10|          10|
    |add_ln58_137821_fu_5087_p2  |         +|   0|  0|   17|          10|          10|
    |add_ln58_137822_fu_5097_p2  |         +|   0|  0|   18|          11|          11|
    |add_ln58_137823_fu_6974_p2  |         +|   0|  0|   19|          12|          12|
    |add_ln58_137824_fu_6984_p2  |         +|   0|  0|   17|          13|          13|
    |add_ln58_137825_fu_5103_p2  |         +|   0|  0|   17|          10|          10|
    |add_ln58_137826_fu_5112_p2  |         +|   0|  0|   18|          11|          11|
    |add_ln58_137827_fu_2036_p2  |         +|   0|  0|   16|           9|           9|
    |add_ln58_137828_fu_5121_p2  |         +|   0|  0|   17|          10|          10|
    |add_ln58_137829_fu_6996_p2  |         +|   0|  0|   17|          12|          12|
    |add_ln58_137830_fu_5127_p2  |         +|   0|  0|   17|          10|          10|
    |add_ln58_137831_fu_5137_p2  |         +|   0|  0|   18|          11|          11|
    |add_ln58_137832_fu_7005_p2  |         +|   0|  0|   17|          12|          12|
    |add_ln58_137833_fu_7015_p2  |         +|   0|  0|   17|          13|          13|
    |add_ln58_137834_fu_2042_p2  |         +|   0|  0|   17|          11|          11|
    |add_ln58_137835_fu_2048_p2  |         +|   0|  0|   17|          11|          11|
    |add_ln58_137836_fu_5143_p2  |         +|   0|  0|   18|          11|          11|
    |add_ln58_137837_fu_7027_p2  |         +|   0|  0|   19|          12|          12|
    |add_ln58_137838_fu_5149_p2  |         +|   0|  0|   18|          11|          11|
    |add_ln58_137839_fu_5155_p2  |         +|   0|  0|   17|          10|          10|
    |add_ln58_137840_fu_5165_p2  |         +|   0|  0|   18|          11|          11|
    |add_ln58_137841_fu_7043_p2  |         +|   0|  0|   19|          12|          12|
    |add_ln58_137842_fu_7053_p2  |         +|   0|  0|   17|          13|          13|
    |add_ln58_137843_fu_5171_p2  |         +|   0|  0|   18|          11|          11|
    |add_ln58_137844_fu_2054_p2  |         +|   0|  0|   16|           9|           9|
    |add_ln58_137845_fu_2064_p2  |         +|   0|  0|   16|           9|           9|
    |add_ln58_137846_fu_2074_p2  |         +|   0|  0|   17|          10|          10|
    |add_ln58_137847_fu_5184_p2  |         +|   0|  0|   19|          12|          12|
    |add_ln58_137848_fu_5190_p2  |         +|   0|  0|   17|          10|          10|
    |add_ln58_137849_fu_5200_p2  |         +|   0|  0|   17|          10|          10|
    |add_ln58_137850_fu_5210_p2  |         +|   0|  0|   18|          11|          11|
    |add_ln58_137851_fu_7065_p2  |         +|   0|  0|   20|          13|          13|
    |add_ln58_137852_fu_7071_p2  |         +|   0|  0|   17|          13|          13|
    |add_ln58_137853_fu_5216_p2  |         +|   0|  0|   17|          12|          12|
    |add_ln58_137854_fu_5222_p2  |         +|   0|  0|   17|          12|          12|
    |add_ln58_137855_fu_5228_p2  |         +|   0|  0|   18|          11|          11|
    |add_ln58_137856_fu_7083_p2  |         +|   0|  0|   20|          13|          13|
    |add_ln58_137857_fu_5234_p2  |         +|   0|  0|   18|          11|          11|
    |add_ln58_137858_fu_7092_p2  |         +|   0|  0|   19|          12|          12|
    |add_ln58_137859_fu_7102_p2  |         +|   0|  0|   17|          13|          13|
    |add_ln58_137860_fu_5240_p2  |         +|   0|  0|   17|          10|          10|
    |add_ln58_137861_fu_5249_p2  |         +|   0|  0|   17|          11|          11|
    |add_ln58_137862_fu_5255_p2  |         +|   0|  0|   17|          10|          10|
    |add_ln58_137863_fu_5265_p2  |         +|   0|  0|   17|          11|          11|
    |add_ln58_137864_fu_5271_p2  |         +|   0|  0|   17|          10|          10|
    |add_ln58_137865_fu_5281_p2  |         +|   0|  0|   17|          10|          10|
    |add_ln58_137866_fu_5291_p2  |         +|   0|  0|   18|          11|          11|
    |add_ln58_137867_fu_7114_p2  |         +|   0|  0|   19|          12|          12|
    |add_ln58_137868_fu_7124_p2  |         +|   0|  0|   17|          13|          13|
    |add_ln58_137869_fu_5297_p2  |         +|   0|  0|   17|          12|          12|
    |add_ln58_137870_fu_5303_p2  |         +|   0|  0|   17|          12|          12|
    |add_ln58_137871_fu_5309_p2  |         +|   0|  0|   18|          11|          11|
    |add_ln58_137872_fu_7136_p2  |         +|   0|  0|   20|          13|          13|
    |add_ln58_137873_fu_5315_p2  |         +|   0|  0|   17|          10|          10|
    |add_ln58_137874_fu_5325_p2  |         +|   0|  0|   18|          11|          11|
    |add_ln58_137875_fu_5331_p2  |         +|   0|  0|   18|          11|          11|
    |add_ln58_137876_fu_7148_p2  |         +|   0|  0|   19|          12|          12|
    |add_ln58_137877_fu_7158_p2  |         +|   0|  0|   17|          13|          13|
    |add_ln58_137878_fu_5337_p2  |         +|   0|  0|   18|          11|          11|
    |add_ln58_137879_fu_2080_p2  |         +|   0|  0|   16|           9|           9|
    |add_ln58_137880_fu_2086_p2  |         +|   0|  0|   16|           9|           9|
    |add_ln58_137881_fu_5353_p2  |         +|   0|  0|   17|          10|          10|
    |add_ln58_137882_fu_5363_p2  |         +|   0|  0|   19|          12|          12|
    |add_ln58_137883_fu_5369_p2  |         +|   0|  0|   17|          10|          10|
    |add_ln58_137884_fu_5379_p2  |         +|   0|  0|   17|          10|          10|
    |add_ln58_137885_fu_5388_p2  |         +|   0|  0|   18|          11|          11|
    |add_ln58_137886_fu_7170_p2  |         +|   0|  0|   20|          13|          13|
    |add_ln58_137887_fu_7176_p2  |         +|   0|  0|   17|          13|          13|
    |add_ln58_137888_fu_2092_p2  |         +|   0|  0|   17|          10|          10|
    |add_ln58_137889_fu_2102_p2  |         +|   0|  0|   19|          12|          12|
    |add_ln58_137890_fu_5394_p2  |         +|   0|  0|   18|          11|          11|
    |add_ln58_137891_fu_7188_p2  |         +|   0|  0|   20|          13|          13|
    |add_ln58_137892_fu_5400_p2  |         +|   0|  0|   18|          11|          11|
    |add_ln58_137893_fu_7197_p2  |         +|   0|  0|   19|          12|          12|
    |add_ln58_137894_fu_7207_p2  |         +|   0|  0|   17|          13|          13|
    |add_ln58_137895_fu_5406_p2  |         +|   0|  0|   18|          11|          11|
    |add_ln58_137896_fu_2108_p2  |         +|   0|  0|   16|           9|           9|
    |add_ln58_137897_fu_5419_p2  |         +|   0|  0|   18|          11|          11|
    |add_ln58_137898_fu_5429_p2  |         +|   0|  0|   19|          12|          12|
    |add_ln58_137899_fu_5435_p2  |         +|   0|  0|   17|          10|          10|
    |add_ln58_137900_fu_5444_p2  |         +|   0|  0|   18|          11|          11|
    |add_ln58_137901_fu_7219_p2  |         +|   0|  0|   20|          13|          13|
    |add_ln58_137902_fu_7225_p2  |         +|   0|  0|   17|          13|          13|
    |add_ln58_137903_fu_5450_p2  |         +|   0|  0|   17|          10|          10|
    |add_ln58_137904_fu_5460_p2  |         +|   0|  0|   18|          11|          11|
    |add_ln58_137905_fu_5466_p2  |         +|   0|  0|   18|          11|          11|
    |add_ln58_137906_fu_7237_p2  |         +|   0|  0|   19|          12|          12|
    |add_ln58_137907_fu_5472_p2  |         +|   0|  0|   18|          11|          11|
    |add_ln58_137908_fu_5478_p2  |         +|   0|  0|   18|          11|          11|
    |add_ln58_137909_fu_5487_p2  |         +|   0|  0|   19|          12|          12|
    |add_ln58_137910_fu_7253_p2  |         +|   0|  0|   20|          13|          13|
    |add_ln58_137911_fu_7259_p2  |         +|   0|  0|   17|          13|          13|
    |add_ln58_137912_fu_5497_p2  |         +|   0|  0|   18|          11|          11|
    |add_ln58_137913_fu_5503_p2  |         +|   0|  0|   17|          10|          10|
    |add_ln58_137914_fu_5513_p2  |         +|   0|  0|   18|          11|          11|
    |add_ln58_137915_fu_7271_p2  |         +|   0|  0|   19|          12|          12|
    |add_ln58_137916_fu_7281_p2  |         +|   0|  0|   17|          13|          13|
    |add_ln58_137917_fu_5519_p2  |         +|   0|  0|   17|          10|          10|
    |add_ln58_137918_fu_5529_p2  |         +|   0|  0|   19|          12|          12|
    |add_ln58_137919_fu_7290_p2  |         +|   0|  0|   20|          13|          13|
    |add_ln58_137920_fu_5535_p2  |         +|   0|  0|   18|          11|          11|
    |add_ln58_137921_fu_7299_p2  |         +|   0|  0|   19|          12|          12|
    |add_ln58_137922_fu_7309_p2  |         +|   0|  0|   17|          13|          13|
    |add_ln58_137923_fu_2114_p2  |         +|   0|  0|   16|           9|           9|
    |add_ln58_137924_fu_5544_p2  |         +|   0|  0|   17|          10|          10|
    |add_ln58_137925_fu_7318_p2  |         +|   0|  0|   17|          12|          12|
    |add_ln58_137926_fu_5549_p2  |         +|   0|  0|   17|          10|          10|
    |add_ln58_137927_fu_5559_p2  |         +|   0|  0|   17|          10|          10|
    |add_ln58_137928_fu_5569_p2  |         +|   0|  0|   18|          11|          11|
    |add_ln58_137929_fu_7327_p2  |         +|   0|  0|   17|          12|          12|
    |add_ln58_137930_fu_7337_p2  |         +|   0|  0|   17|          13|          13|
    |add_ln58_137931_fu_5575_p2  |         +|   0|  0|   18|          11|          11|
    |add_ln58_137932_fu_7346_p2  |         +|   0|  0|   19|          12|          12|
    |add_ln58_137933_fu_7356_p2  |         +|   0|  0|   17|          13|          13|
    |add_ln58_137934_fu_2120_p2  |         +|   0|  0|   16|           9|           9|
    |add_ln58_137935_fu_5584_p2  |         +|   0|  0|   17|          12|          12|
    |add_ln58_137936_fu_2126_p2  |         +|   0|  0|   16|           9|           9|
    |add_ln58_137937_fu_5593_p2  |         +|   0|  0|   17|          10|          10|
    |add_ln58_137938_fu_5603_p2  |         +|   0|  0|   17|          12|          12|
    |add_ln58_137939_fu_5609_p2  |         +|   0|  0|   17|          10|          10|
    |add_ln58_137940_fu_5619_p2  |         +|   0|  0|   18|          11|          11|
    |add_ln58_137941_fu_7368_p2  |         +|   0|  0|   20|          13|          13|
    |add_ln58_137942_fu_7374_p2  |         +|   0|  0|   17|          13|          13|
    |add_ln58_137943_fu_5625_p2  |         +|   0|  0|   19|          12|          12|
    |add_ln58_137944_fu_7383_p2  |         +|   0|  0|   20|          13|          13|
    |add_ln58_137945_fu_5631_p2  |         +|   0|  0|   18|          11|          11|
    |add_ln58_137946_fu_5637_p2  |         +|   0|  0|   17|          10|          10|
    |add_ln58_137947_fu_5647_p2  |         +|   0|  0|   18|          11|          11|
    |add_ln58_137948_fu_7395_p2  |         +|   0|  0|   19|          12|          12|
    |add_ln58_137949_fu_7405_p2  |         +|   0|  0|   17|          13|          13|
    |add_ln58_137950_fu_5653_p2  |         +|   0|  0|   17|          10|          10|
    |add_ln58_137951_fu_5662_p2  |         +|   0|  0|   17|          10|          10|
    |add_ln58_137952_fu_5672_p2  |         +|   0|  0|   18|          11|          11|
    |add_ln58_137953_fu_5678_p2  |         +|   0|  0|   17|          10|          10|
    |add_ln58_137954_fu_5688_p2  |         +|   0|  0|   17|          10|          10|
    |add_ln58_137955_fu_5698_p2  |         +|   0|  0|   18|          11|          11|
    |add_ln58_137956_fu_7417_p2  |         +|   0|  0|   19|          12|          12|
    |add_ln58_137957_fu_7427_p2  |         +|   0|  0|   17|          13|          13|
    |add_ln58_fu_435_p2          |         +|   0|  0|   17|          10|          10|
    |sub_ln73_5137_fu_326_p2     |         -|   0|  0|   28|           1|          21|
    |sub_ln73_5138_fu_359_p2     |         -|   0|  0|   28|           1|          21|
    |sub_ln73_5139_fu_386_p2     |         -|   0|  0|   28|           1|          21|
    |sub_ln73_5140_fu_413_p2     |         -|   0|  0|   28|           1|          21|
    |sub_ln73_5141_fu_522_p2     |         -|   0|  0|   28|           1|          21|
    |sub_ln73_5142_fu_553_p2     |         -|   0|  0|   28|           1|          21|
    |sub_ln73_5143_fu_584_p2     |         -|   0|  0|   28|           1|          21|
    |sub_ln73_5144_fu_615_p2     |         -|   0|  0|   28|           1|          21|
    |sub_ln73_5145_fu_642_p2     |         -|   0|  0|   28|           1|          21|
    |sub_ln73_5146_fu_669_p2     |         -|   0|  0|   28|           1|          21|
    |sub_ln73_5147_fu_696_p2     |         -|   0|  0|   28|           1|          21|
    |sub_ln73_5148_fu_723_p2     |         -|   0|  0|   28|           1|          21|
    |sub_ln73_5149_fu_750_p2     |         -|   0|  0|   28|           1|          21|
    |sub_ln73_5150_fu_777_p2     |         -|   0|  0|   28|           1|          21|
    |sub_ln73_5151_fu_804_p2     |         -|   0|  0|   28|           1|          21|
    |sub_ln73_5152_fu_831_p2     |         -|   0|  0|   28|           1|          21|
    |sub_ln73_5153_fu_858_p2     |         -|   0|  0|   28|           1|          21|
    |sub_ln73_5154_fu_885_p2     |         -|   0|  0|   28|           1|          21|
    |sub_ln73_5155_fu_912_p2     |         -|   0|  0|   28|           1|          21|
    |sub_ln73_5156_fu_939_p2     |         -|   0|  0|   28|           1|          21|
    |sub_ln73_5157_fu_966_p2     |         -|   0|  0|   28|           1|          21|
    |sub_ln73_5158_fu_993_p2     |         -|   0|  0|   28|           1|          21|
    |sub_ln73_5159_fu_1020_p2    |         -|   0|  0|   28|           1|          21|
    |sub_ln73_5160_fu_1047_p2    |         -|   0|  0|   28|           1|          21|
    |sub_ln73_5161_fu_1074_p2    |         -|   0|  0|   28|           1|          21|
    |sub_ln73_5162_fu_1101_p2    |         -|   0|  0|   28|           1|          21|
    |sub_ln73_5163_fu_1128_p2    |         -|   0|  0|   28|           1|          21|
    |sub_ln73_5164_fu_1159_p2    |         -|   0|  0|   28|           1|          21|
    |sub_ln73_5165_fu_1190_p2    |         -|   0|  0|   28|           1|          21|
    |sub_ln73_5166_fu_1221_p2    |         -|   0|  0|   28|           1|          21|
    |sub_ln73_5167_fu_1252_p2    |         -|   0|  0|   28|           1|          21|
    |sub_ln73_fu_298_p2          |         -|   0|  0|   28|           1|          21|
    +----------------------------+----------+----+---+-----+------------+------------+
    |Total                       |          |   0|  0|12625|        7360|        8000|
    +----------------------------+----------+----+---+-----+------------+------------+

    * Multiplexer: 
    +--------------+----+-----------+-----+-----------+
    |     Name     | LUT| Input Size| Bits| Total Bits|
    +--------------+----+-----------+-----+-----------+
    |ap_return_0   |  14|          3|   13|         39|
    |ap_return_1   |  14|          3|   13|         39|
    |ap_return_10  |  14|          3|   13|         39|
    |ap_return_11  |  14|          3|   13|         39|
    |ap_return_12  |  14|          3|   13|         39|
    |ap_return_13  |  14|          3|   13|         39|
    |ap_return_14  |  14|          3|   13|         39|
    |ap_return_15  |  14|          3|   13|         39|
    |ap_return_16  |  14|          3|   13|         39|
    |ap_return_17  |  14|          3|   13|         39|
    |ap_return_18  |  14|          3|   13|         39|
    |ap_return_19  |  14|          3|   13|         39|
    |ap_return_2   |  14|          3|   13|         39|
    |ap_return_20  |  14|          3|   13|         39|
    |ap_return_21  |  14|          3|   13|         39|
    |ap_return_22  |  14|          3|   13|         39|
    |ap_return_23  |  14|          3|   13|         39|
    |ap_return_24  |  14|          3|   13|         39|
    |ap_return_25  |  14|          3|   13|         39|
    |ap_return_26  |  14|          3|   13|         39|
    |ap_return_27  |  14|          3|   13|         39|
    |ap_return_28  |  14|          3|   13|         39|
    |ap_return_29  |  14|          3|   13|         39|
    |ap_return_3   |  14|          3|   13|         39|
    |ap_return_30  |  14|          3|   13|         39|
    |ap_return_31  |  14|          3|   13|         39|
    |ap_return_4   |  14|          3|   13|         39|
    |ap_return_5   |  14|          3|   13|         39|
    |ap_return_6   |  14|          3|   13|         39|
    |ap_return_7   |  14|          3|   13|         39|
    |ap_return_8   |  14|          3|   13|         39|
    |ap_return_9   |  14|          3|   13|         39|
    +--------------+----+-----------+-----+-----------+
    |Total         | 448|         96|  416|       1248|
    +--------------+----+-----------+-----+-----------+

    * Register: 
    +------------------------------------------+----+----+-----+-----------+
    |                   Name                   | FF | LUT| Bits| Const Bits|
    +------------------------------------------+----+----+-----+-----------+
    |add_ln58_137290_reg_7878                  |   9|   0|    9|          0|
    |add_ln58_137291_reg_7883                  |  10|   0|   10|          0|
    |add_ln58_137294_reg_7898                  |  10|   0|   10|          0|
    |add_ln58_137297_reg_7903                  |  10|   0|   10|          0|
    |add_ln58_137298_reg_7908                  |  11|   0|   11|          0|
    |add_ln58_137299_reg_8151                  |  11|   0|   11|          0|
    |add_ln58_137300_reg_8157                  |  11|   0|   11|          0|
    |add_ln58_137301_reg_8163                  |  11|   0|   11|          0|
    |add_ln58_137302_reg_8168                  |  11|   0|   11|          0|
    |add_ln58_137303_reg_8173                  |  11|   0|   11|          0|
    |add_ln58_137305_reg_8178                  |  11|   0|   11|          0|
    |add_ln58_137306_reg_8183                  |  11|   0|   11|          0|
    |add_ln58_137308_reg_8189                  |  11|   0|   11|          0|
    |add_ln58_137311_reg_8194                  |  11|   0|   11|          0|
    |add_ln58_137312_reg_8200                  |  11|   0|   11|          0|
    |add_ln58_137314_reg_8205                  |  11|   0|   11|          0|
    |add_ln58_137316_reg_8215                  |   9|   0|    9|          0|
    |add_ln58_137318_reg_8221                  |  10|   0|   10|          0|
    |add_ln58_137319_reg_8226                  |  10|   0|   10|          0|
    |add_ln58_137323_reg_8231                  |  10|   0|   10|          0|
    |add_ln58_137324_reg_8237                  |  11|   0|   11|          0|
    |add_ln58_137328_reg_8242                  |  10|   0|   10|          0|
    |add_ln58_137331_reg_8689                  |  12|   0|   12|          0|
    |add_ln58_137334_reg_8694                  |  11|   0|   11|          0|
    |add_ln58_137337_reg_8699                  |  11|   0|   11|          0|
    |add_ln58_137338_reg_8253                  |  10|   0|   10|          0|
    |add_ln58_137339_reg_8258                  |  10|   0|   10|          0|
    |add_ln58_137340_reg_8704                  |  11|   0|   11|          0|
    |add_ln58_137343_reg_8263                  |   9|   0|    9|          0|
    |add_ln58_137345_reg_8269                  |   9|   0|    9|          0|
    |add_ln58_137346_reg_8274                  |   9|   0|    9|          0|
    |add_ln58_137348_reg_8709                  |  11|   0|   11|          0|
    |add_ln58_137349_reg_8279                  |   9|   0|    9|          0|
    |add_ln58_137350_reg_8284                  |   9|   0|    9|          0|
    |add_ln58_137352_reg_8289                  |   9|   0|    9|          0|
    |add_ln58_137353_reg_8294                  |   9|   0|    9|          0|
    |add_ln58_137355_reg_8714                  |  11|   0|   11|          0|
    |add_ln58_137358_reg_8299                  |   9|   0|    9|          0|
    |add_ln58_137360_reg_8719                  |  12|   0|   12|          0|
    |add_ln58_137362_reg_8724                  |  11|   0|   11|          0|
    |add_ln58_137365_reg_8729                  |  11|   0|   11|          0|
    |add_ln58_137367_reg_8734                  |  11|   0|   11|          0|
    |add_ln58_137372_reg_8305                  |   9|   0|    9|          0|
    |add_ln58_137374_reg_8739                  |  11|   0|   11|          0|
    |add_ln58_137375_reg_8310                  |   9|   0|    9|          0|
    |add_ln58_137377_reg_8315                  |   9|   0|    9|          0|
    |add_ln58_137378_reg_8320                  |   9|   0|    9|          0|
    |add_ln58_137380_reg_8744                  |  11|   0|   11|          0|
    |add_ln58_137384_reg_8749                  |  12|   0|   12|          0|
    |add_ln58_137386_reg_8754                  |  11|   0|   11|          0|
    |add_ln58_137388_reg_8759                  |  11|   0|   11|          0|
    |add_ln58_137391_reg_8764                  |  11|   0|   11|          0|
    |add_ln58_137394_reg_8325                  |  10|   0|   10|          0|
    |add_ln58_137396_reg_8330                  |   9|   0|    9|          0|
    |add_ln58_137400_reg_8335                  |  10|   0|   10|          0|
    |add_ln58_137403_reg_8350                  |  10|   0|   10|          0|
    |add_ln58_137405_reg_8769                  |  12|   0|   12|          0|
    |add_ln58_137408_reg_8774                  |  12|   0|   12|          0|
    |add_ln58_137411_reg_8779                  |  11|   0|   11|          0|
    |add_ln58_137414_reg_8784                  |  11|   0|   11|          0|
    |add_ln58_137415_reg_8355                  |  10|   0|   10|          0|
    |add_ln58_137416_reg_8360                  |   9|   0|    9|          0|
    |add_ln58_137417_reg_8789                  |  11|   0|   11|          0|
    |add_ln58_137420_reg_8366                  |   9|   0|    9|          0|
    |add_ln58_137422_reg_8371                  |   9|   0|    9|          0|
    |add_ln58_137423_reg_8376                  |   9|   0|    9|          0|
    |add_ln58_137425_reg_8794                  |  11|   0|   11|          0|
    |add_ln58_137426_reg_8381                  |   9|   0|    9|          0|
    |add_ln58_137428_reg_8386                  |   9|   0|    9|          0|
    |add_ln58_137429_reg_8391                  |   9|   0|    9|          0|
    |add_ln58_137431_reg_8799                  |  11|   0|   11|          0|
    |add_ln58_137435_reg_8804                  |  12|   0|   12|          0|
    |add_ln58_137438_reg_8809                  |  11|   0|   11|          0|
    |add_ln58_137441_reg_8814                  |  11|   0|   11|          0|
    |add_ln58_137444_reg_8819                  |  11|   0|   11|          0|
    |add_ln58_137448_reg_8396                  |   9|   0|    9|          0|
    |add_ln58_137449_reg_8401                  |   9|   0|    9|          0|
    |add_ln58_137451_reg_8824                  |  11|   0|   11|          0|
    |add_ln58_137453_reg_8406                  |   9|   0|    9|          0|
    |add_ln58_137455_reg_8829                  |  11|   0|   11|          0|
    |add_ln58_137459_reg_8834                  |  12|   0|   12|          0|
    |add_ln58_137461_reg_8839                  |  11|   0|   11|          0|
    |add_ln58_137465_reg_8844                  |  11|   0|   11|          0|
    |add_ln58_137468_reg_8411                  |  10|   0|   10|          0|
    |add_ln58_137470_reg_8416                  |   9|   0|    9|          0|
    |add_ln58_137472_reg_8849                  |  12|   0|   12|          0|
    |add_ln58_137473_reg_8422                  |   9|   0|    9|          0|
    |add_ln58_137475_reg_8427                  |   9|   0|    9|          0|
    |add_ln58_137476_reg_8432                  |   9|   0|    9|          0|
    |add_ln58_137478_reg_8854                  |  11|   0|   11|          0|
    |add_ln58_137482_reg_8859                  |  11|   0|   11|          0|
    |add_ln58_137484_reg_8864                  |  11|   0|   11|          0|
    |add_ln58_137487_reg_8869                  |  11|   0|   11|          0|
    |add_ln58_137489_reg_8874                  |  11|   0|   11|          0|
    |add_ln58_137492_reg_8437                  |  10|   0|   10|          0|
    |add_ln58_137493_reg_8879                  |  11|   0|   11|          0|
    |add_ln58_137495_reg_8884                  |  12|   0|   12|          0|
    |add_ln58_137497_reg_8442                  |   9|   0|    9|          0|
    |add_ln58_137499_reg_8447                  |   9|   0|    9|          0|
    |add_ln58_137501_reg_8889                  |  11|   0|   11|          0|
    |add_ln58_137505_reg_8894                  |  12|   0|   12|          0|
    |add_ln58_137507_reg_8899                  |  11|   0|   11|          0|
    |add_ln58_137510_reg_8904                  |  11|   0|   11|          0|
    |add_ln58_137512_reg_8909                  |  11|   0|   11|          0|
    |add_ln58_137515_reg_8452                  |   9|   0|    9|          0|
    |add_ln58_137517_reg_8457                  |   9|   0|    9|          0|
    |add_ln58_137519_reg_8914                  |  11|   0|   11|          0|
    |add_ln58_137520_reg_8462                  |   9|   0|    9|          0|
    |add_ln58_137522_reg_8467                  |   9|   0|    9|          0|
    |add_ln58_137523_reg_8472                  |   9|   0|    9|          0|
    |add_ln58_137525_reg_8919                  |  11|   0|   11|          0|
    |add_ln58_137529_reg_8924                  |  12|   0|   12|          0|
    |add_ln58_137532_reg_8929                  |  11|   0|   11|          0|
    |add_ln58_137534_reg_8934                  |  11|   0|   11|          0|
    |add_ln58_137537_reg_8477                  |  10|   0|   10|          0|
    |add_ln58_137540_reg_8939                  |  12|   0|   12|          0|
    |add_ln58_137541_reg_8482                  |   9|   0|    9|          0|
    |add_ln58_137542_reg_8487                  |   9|   0|    9|          0|
    |add_ln58_137544_reg_8492                  |   9|   0|    9|          0|
    |add_ln58_137546_reg_8944                  |  11|   0|   11|          0|
    |add_ln58_137550_reg_8949                  |  12|   0|   12|          0|
    |add_ln58_137552_reg_8954                  |  11|   0|   11|          0|
    |add_ln58_137555_reg_8959                  |  11|   0|   11|          0|
    |add_ln58_137557_reg_8964                  |  11|   0|   11|          0|
    |add_ln58_137560_reg_8497                  |   9|   0|    9|          0|
    |add_ln58_137562_reg_8502                  |   9|   0|    9|          0|
    |add_ln58_137564_reg_8969                  |  11|   0|   11|          0|
    |add_ln58_137566_reg_8507                  |   9|   0|    9|          0|
    |add_ln58_137567_reg_8512                  |   9|   0|    9|          0|
    |add_ln58_137569_reg_8974                  |  11|   0|   11|          0|
    |add_ln58_137573_reg_8979                  |  12|   0|   12|          0|
    |add_ln58_137575_reg_8984                  |  11|   0|   11|          0|
    |add_ln58_137577_reg_8517                  |   9|   0|    9|          0|
    |add_ln58_137578_reg_8989                  |  11|   0|   11|          0|
    |add_ln58_137582_reg_8994                  |  11|   0|   11|          0|
    |add_ln58_137585_reg_8999                  |  11|   0|   11|          0|
    |add_ln58_137589_reg_9004                  |  12|   0|   12|          0|
    |add_ln58_137591_reg_9009                  |  11|   0|   11|          0|
    |add_ln58_137594_reg_9015                  |  11|   0|   11|          0|
    |add_ln58_137595_reg_9020                  |  11|   0|   11|          0|
    |add_ln58_137599_reg_8523                  |   9|   0|    9|          0|
    |add_ln58_137600_reg_8529                  |   9|   0|    9|          0|
    |add_ln58_137602_reg_9025                  |  11|   0|   11|          0|
    |add_ln58_137605_reg_9030                  |  11|   0|   11|          0|
    |add_ln58_137609_reg_9035                  |  12|   0|   12|          0|
    |add_ln58_137610_reg_9040                  |  11|   0|   11|          0|
    |add_ln58_137613_reg_9046                  |  11|   0|   11|          0|
    |add_ln58_137615_reg_9051                  |  11|   0|   11|          0|
    |add_ln58_137618_reg_8534                  |  10|   0|   10|          0|
    |add_ln58_137619_reg_9056                  |  11|   0|   11|          0|
    |add_ln58_137620_reg_8539                  |   9|   0|    9|          0|
    |add_ln58_137621_reg_9061                  |  10|   0|   10|          0|
    |add_ln58_137623_reg_8544                  |   9|   0|    9|          0|
    |add_ln58_137626_reg_9066                  |  11|   0|   11|          0|
    |add_ln58_137630_reg_9071                  |  12|   0|   12|          0|
    |add_ln58_137632_reg_9076                  |  11|   0|   11|          0|
    |add_ln58_137635_reg_9081                  |  11|   0|   11|          0|
    |add_ln58_137637_reg_9086                  |  11|   0|   11|          0|
    |add_ln58_137641_reg_8549                  |   9|   0|    9|          0|
    |add_ln58_137643_reg_9091                  |  12|   0|   12|          0|
    |add_ln58_137644_reg_8554                  |   9|   0|    9|          0|
    |add_ln58_137646_reg_8559                  |   9|   0|    9|          0|
    |add_ln58_137648_reg_9096                  |  11|   0|   11|          0|
    |add_ln58_137652_reg_9101                  |  12|   0|   12|          0|
    |add_ln58_137653_reg_9106                  |  11|   0|   11|          0|
    |add_ln58_137656_reg_9111                  |  11|   0|   11|          0|
    |add_ln58_137657_reg_8564                  |   9|   0|    9|          0|
    |add_ln58_137658_reg_9116                  |  11|   0|   11|          0|
    |add_ln58_137662_reg_8569                  |   9|   0|    9|          0|
    |add_ln58_137664_reg_9121                  |  11|   0|   11|          0|
    |add_ln58_137665_reg_8574                  |   9|   0|    9|          0|
    |add_ln58_137668_reg_9126                  |  11|   0|   11|          0|
    |add_ln58_137671_reg_9131                  |  12|   0|   12|          0|
    |add_ln58_137672_reg_9136                  |  11|   0|   11|          0|
    |add_ln58_137675_reg_9141                  |  11|   0|   11|          0|
    |add_ln58_137677_reg_9146                  |  11|   0|   11|          0|
    |add_ln58_137683_reg_9151                  |  11|   0|   11|          0|
    |add_ln58_137686_reg_9156                  |  11|   0|   11|          0|
    |add_ln58_137689_reg_9161                  |  12|   0|   12|          0|
    |add_ln58_137691_reg_9166                  |  11|   0|   11|          0|
    |add_ln58_137693_reg_9171                  |  11|   0|   11|          0|
    |add_ln58_137695_reg_9176                  |  11|   0|   11|          0|
    |add_ln58_137698_reg_8579                  |   9|   0|    9|          0|
    |add_ln58_137701_reg_9181                  |  11|   0|   11|          0|
    |add_ln58_137702_reg_8584                  |   9|   0|    9|          0|
    |add_ln58_137703_reg_8589                  |   9|   0|    9|          0|
    |add_ln58_137706_reg_9186                  |  11|   0|   11|          0|
    |add_ln58_137710_reg_9191                  |  12|   0|   12|          0|
    |add_ln58_137712_reg_9196                  |  11|   0|   11|          0|
    |add_ln58_137715_reg_9201                  |  11|   0|   11|          0|
    |add_ln58_137716_reg_9206                  |  11|   0|   11|          0|
    |add_ln58_137721_reg_9216                  |  12|   0|   12|          0|
    |add_ln58_137724_reg_9221                  |  11|   0|   11|          0|
    |add_ln58_137728_reg_9226                  |  11|   0|   11|          0|
    |add_ln58_137729_reg_9231                  |  11|   0|   11|          0|
    |add_ln58_137732_reg_9236                  |  11|   0|   11|          0|
    |add_ln58_137733_reg_9241                  |  11|   0|   11|          0|
    |add_ln58_137736_reg_8594                  |   9|   0|    9|          0|
    |add_ln58_137738_reg_8599                  |   9|   0|    9|          0|
    |add_ln58_137740_reg_9246                  |  11|   0|   11|          0|
    |add_ln58_137741_reg_8604                  |   9|   0|    9|          0|
    |add_ln58_137743_reg_8609                  |   9|   0|    9|          0|
    |add_ln58_137745_reg_9251                  |  11|   0|   11|          0|
    |add_ln58_137749_reg_9256                  |  11|   0|   11|          0|
    |add_ln58_137751_reg_9261                  |  11|   0|   11|          0|
    |add_ln58_137753_reg_9266                  |  11|   0|   11|          0|
    |add_ln58_137755_reg_9272                  |  12|   0|   12|          0|
    |add_ln58_137759_reg_8614                  |   9|   0|    9|          0|
    |add_ln58_137761_reg_9277                  |  11|   0|   11|          0|
    |add_ln58_137764_reg_9282                  |  11|   0|   11|          0|
    |add_ln58_137768_reg_9287                  |  12|   0|   12|          0|
    |add_ln58_137770_reg_9292                  |  11|   0|   11|          0|
    |add_ln58_137775_reg_9297                  |  11|   0|   11|          0|
    |add_ln58_137776_reg_8619                  |   9|   0|    9|          0|
    |add_ln58_137779_reg_9302                  |  11|   0|   11|          0|
    |add_ln58_137783_reg_9307                  |  11|   0|   11|          0|
    |add_ln58_137786_reg_9312                  |  11|   0|   11|          0|
    |add_ln58_137789_reg_9317                  |  11|   0|   11|          0|
    |add_ln58_137791_reg_8624                  |  10|   0|   10|          0|
    |add_ln58_137792_reg_9322                  |  11|   0|   11|          0|
    |add_ln58_137796_reg_8629                  |   9|   0|    9|          0|
    |add_ln58_137798_reg_9327                  |  11|   0|   11|          0|
    |add_ln58_137801_reg_9332                  |  11|   0|   11|          0|
    |add_ln58_137805_reg_9337                  |  12|   0|   12|          0|
    |add_ln58_137808_reg_8634                  |   9|   0|    9|          0|
    |add_ln58_137810_reg_9342                  |  12|   0|   12|          0|
    |add_ln58_137813_reg_9347                  |  11|   0|   11|          0|
    |add_ln58_137817_reg_9352                  |  12|   0|   12|          0|
    |add_ln58_137818_reg_9357                  |  11|   0|   11|          0|
    |add_ln58_137822_reg_9362                  |  11|   0|   11|          0|
    |add_ln58_137826_reg_9367                  |  11|   0|   11|          0|
    |add_ln58_137827_reg_8639                  |   9|   0|    9|          0|
    |add_ln58_137828_reg_9372                  |  10|   0|   10|          0|
    |add_ln58_137831_reg_9377                  |  11|   0|   11|          0|
    |add_ln58_137835_reg_8644                  |  11|   0|   11|          0|
    |add_ln58_137835_reg_8644_pp0_iter3_reg    |  11|   0|   11|          0|
    |add_ln58_137836_reg_9382                  |  11|   0|   11|          0|
    |add_ln58_137838_reg_9387                  |  11|   0|   11|          0|
    |add_ln58_137840_reg_9392                  |  11|   0|   11|          0|
    |add_ln58_137846_reg_8649                  |  10|   0|   10|          0|
    |add_ln58_137847_reg_9397                  |  12|   0|   12|          0|
    |add_ln58_137850_reg_9402                  |  11|   0|   11|          0|
    |add_ln58_137854_reg_9407                  |  12|   0|   12|          0|
    |add_ln58_137855_reg_9412                  |  11|   0|   11|          0|
    |add_ln58_137857_reg_9417                  |  11|   0|   11|          0|
    |add_ln58_137863_reg_9422                  |  11|   0|   11|          0|
    |add_ln58_137866_reg_9427                  |  11|   0|   11|          0|
    |add_ln58_137870_reg_9432                  |  12|   0|   12|          0|
    |add_ln58_137871_reg_9437                  |  11|   0|   11|          0|
    |add_ln58_137874_reg_9442                  |  11|   0|   11|          0|
    |add_ln58_137875_reg_9447                  |  11|   0|   11|          0|
    |add_ln58_137879_reg_8654                  |   9|   0|    9|          0|
    |add_ln58_137880_reg_8659                  |   9|   0|    9|          0|
    |add_ln58_137882_reg_9452                  |  12|   0|   12|          0|
    |add_ln58_137885_reg_9457                  |  11|   0|   11|          0|
    |add_ln58_137889_reg_8664                  |  12|   0|   12|          0|
    |add_ln58_137889_reg_8664_pp0_iter3_reg    |  12|   0|   12|          0|
    |add_ln58_137890_reg_9462                  |  11|   0|   11|          0|
    |add_ln58_137892_reg_9467                  |  11|   0|   11|          0|
    |add_ln58_137896_reg_8669                  |   9|   0|    9|          0|
    |add_ln58_137898_reg_9472                  |  12|   0|   12|          0|
    |add_ln58_137900_reg_9477                  |  11|   0|   11|          0|
    |add_ln58_137904_reg_9482                  |  11|   0|   11|          0|
    |add_ln58_137905_reg_9487                  |  11|   0|   11|          0|
    |add_ln58_137907_reg_9492                  |  11|   0|   11|          0|
    |add_ln58_137909_reg_9497                  |  12|   0|   12|          0|
    |add_ln58_137912_reg_9502                  |  11|   0|   11|          0|
    |add_ln58_137914_reg_9507                  |  11|   0|   11|          0|
    |add_ln58_137918_reg_9512                  |  12|   0|   12|          0|
    |add_ln58_137920_reg_9517                  |  11|   0|   11|          0|
    |add_ln58_137923_reg_8674                  |   9|   0|    9|          0|
    |add_ln58_137924_reg_9522                  |  10|   0|   10|          0|
    |add_ln58_137928_reg_9527                  |  11|   0|   11|          0|
    |add_ln58_137931_reg_9532                  |  11|   0|   11|          0|
    |add_ln58_137934_reg_8679                  |   9|   0|    9|          0|
    |add_ln58_137936_reg_8684                  |   9|   0|    9|          0|
    |add_ln58_137938_reg_9537                  |  12|   0|   12|          0|
    |add_ln58_137940_reg_9542                  |  11|   0|   11|          0|
    |add_ln58_137943_reg_9547                  |  12|   0|   12|          0|
    |add_ln58_137945_reg_9552                  |  11|   0|   11|          0|
    |add_ln58_137947_reg_9557                  |  11|   0|   11|          0|
    |add_ln58_137952_reg_9562                  |  11|   0|   11|          0|
    |add_ln58_137955_reg_9567                  |  11|   0|   11|          0|
    |add_ln58_reg_7873                         |  10|   0|   10|          0|
    |ap_ce_reg                                 |   1|   0|    1|          0|
    |ap_return_0_int_reg                       |  13|   0|   13|          0|
    |ap_return_10_int_reg                      |  13|   0|   13|          0|
    |ap_return_11_int_reg                      |  13|   0|   13|          0|
    |ap_return_12_int_reg                      |  13|   0|   13|          0|
    |ap_return_13_int_reg                      |  13|   0|   13|          0|
    |ap_return_14_int_reg                      |  13|   0|   13|          0|
    |ap_return_15_int_reg                      |  13|   0|   13|          0|
    |ap_return_16_int_reg                      |  13|   0|   13|          0|
    |ap_return_17_int_reg                      |  13|   0|   13|          0|
    |ap_return_18_int_reg                      |  13|   0|   13|          0|
    |ap_return_19_int_reg                      |  13|   0|   13|          0|
    |ap_return_1_int_reg                       |  13|   0|   13|          0|
    |ap_return_20_int_reg                      |  13|   0|   13|          0|
    |ap_return_21_int_reg                      |  13|   0|   13|          0|
    |ap_return_22_int_reg                      |  13|   0|   13|          0|
    |ap_return_23_int_reg                      |  13|   0|   13|          0|
    |ap_return_24_int_reg                      |  13|   0|   13|          0|
    |ap_return_25_int_reg                      |  13|   0|   13|          0|
    |ap_return_26_int_reg                      |  13|   0|   13|          0|
    |ap_return_27_int_reg                      |  13|   0|   13|          0|
    |ap_return_28_int_reg                      |  13|   0|   13|          0|
    |ap_return_29_int_reg                      |  13|   0|   13|          0|
    |ap_return_2_int_reg                       |  13|   0|   13|          0|
    |ap_return_30_int_reg                      |  13|   0|   13|          0|
    |ap_return_31_int_reg                      |  13|   0|   13|          0|
    |ap_return_3_int_reg                       |  13|   0|   13|          0|
    |ap_return_4_int_reg                       |  13|   0|   13|          0|
    |ap_return_5_int_reg                       |  13|   0|   13|          0|
    |ap_return_6_int_reg                       |  13|   0|   13|          0|
    |ap_return_7_int_reg                       |  13|   0|   13|          0|
    |ap_return_8_int_reg                       |  13|   0|   13|          0|
    |ap_return_9_int_reg                       |  13|   0|   13|          0|
    |data_320_val_int_reg                      |   8|   0|    8|          0|
    |data_320_val_read_reg_7838                |   8|   0|    8|          0|
    |data_321_val_int_reg                      |   8|   0|    8|          0|
    |data_321_val_read_reg_7832                |   8|   0|    8|          0|
    |data_322_val_int_reg                      |   8|   0|    8|          0|
    |data_322_val_read_reg_7825                |   8|   0|    8|          0|
    |data_323_val_int_reg                      |   8|   0|    8|          0|
    |data_323_val_read_reg_7817                |   8|   0|    8|          0|
    |data_323_val_read_reg_7817_pp0_iter1_reg  |   8|   0|    8|          0|
    |data_324_val_int_reg                      |   8|   0|    8|          0|
    |data_324_val_read_reg_7809                |   8|   0|    8|          0|
    |data_325_val_int_reg                      |   8|   0|    8|          0|
    |data_325_val_read_reg_7802                |   8|   0|    8|          0|
    |data_326_val_int_reg                      |   8|   0|    8|          0|
    |data_326_val_read_reg_7794                |   8|   0|    8|          0|
    |data_327_val_int_reg                      |   8|   0|    8|          0|
    |data_327_val_read_reg_7786                |   8|   0|    8|          0|
    |data_328_val_int_reg                      |   8|   0|    8|          0|
    |data_328_val_read_reg_7779                |   8|   0|    8|          0|
    |data_329_val_int_reg                      |   8|   0|    8|          0|
    |data_329_val_read_reg_7772                |   8|   0|    8|          0|
    |data_330_val_int_reg                      |   8|   0|    8|          0|
    |data_330_val_read_reg_7765                |   8|   0|    8|          0|
    |data_331_val_int_reg                      |   8|   0|    8|          0|
    |data_331_val_read_reg_7757                |   8|   0|    8|          0|
    |data_332_val_int_reg                      |   8|   0|    8|          0|
    |data_332_val_read_reg_7750                |   8|   0|    8|          0|
    |data_333_val_int_reg                      |   8|   0|    8|          0|
    |data_333_val_read_reg_7743                |   8|   0|    8|          0|
    |data_334_val_int_reg                      |   8|   0|    8|          0|
    |data_334_val_read_reg_7737                |   8|   0|    8|          0|
    |data_334_val_read_reg_7737_pp0_iter1_reg  |   8|   0|    8|          0|
    |data_335_val_int_reg                      |   8|   0|    8|          0|
    |data_335_val_read_reg_7730                |   8|   0|    8|          0|
    |data_336_val_int_reg                      |   8|   0|    8|          0|
    |data_336_val_read_reg_7723                |   8|   0|    8|          0|
    |data_337_val_int_reg                      |   8|   0|    8|          0|
    |data_337_val_read_reg_7716                |   8|   0|    8|          0|
    |data_338_val_int_reg                      |   8|   0|    8|          0|
    |data_338_val_read_reg_7709                |   8|   0|    8|          0|
    |data_339_val_int_reg                      |   8|   0|    8|          0|
    |data_339_val_read_reg_7702                |   8|   0|    8|          0|
    |data_339_val_read_reg_7702_pp0_iter1_reg  |   8|   0|    8|          0|
    |data_340_val_int_reg                      |   8|   0|    8|          0|
    |data_340_val_read_reg_7695                |   8|   0|    8|          0|
    |data_341_val_int_reg                      |   8|   0|    8|          0|
    |data_341_val_read_reg_7688                |   8|   0|    8|          0|
    |data_342_val_int_reg                      |   8|   0|    8|          0|
    |data_342_val_read_reg_7681                |   8|   0|    8|          0|
    |data_343_val_int_reg                      |   8|   0|    8|          0|
    |data_343_val_read_reg_7674                |   8|   0|    8|          0|
    |data_344_val_int_reg                      |   8|   0|    8|          0|
    |data_344_val_read_reg_7668                |   8|   0|    8|          0|
    |data_344_val_read_reg_7668_pp0_iter1_reg  |   8|   0|    8|          0|
    |data_345_val_int_reg                      |   8|   0|    8|          0|
    |data_345_val_read_reg_7662                |   8|   0|    8|          0|
    |data_345_val_read_reg_7662_pp0_iter1_reg  |   8|   0|    8|          0|
    |data_346_val_int_reg                      |   8|   0|    8|          0|
    |data_346_val_read_reg_7656                |   8|   0|    8|          0|
    |data_346_val_read_reg_7656_pp0_iter1_reg  |   8|   0|    8|          0|
    |data_347_val_int_reg                      |   8|   0|    8|          0|
    |data_347_val_read_reg_7650                |   8|   0|    8|          0|
    |data_347_val_read_reg_7650_pp0_iter1_reg  |   8|   0|    8|          0|
    |data_348_val_int_reg                      |   8|   0|    8|          0|
    |data_348_val_read_reg_7643                |   8|   0|    8|          0|
    |data_349_val_int_reg                      |   8|   0|    8|          0|
    |data_349_val_read_reg_7637                |   8|   0|    8|          0|
    |data_349_val_read_reg_7637_pp0_iter1_reg  |   8|   0|    8|          0|
    |data_350_val_int_reg                      |   8|   0|    8|          0|
    |data_350_val_read_reg_7631                |   8|   0|    8|          0|
    |data_350_val_read_reg_7631_pp0_iter1_reg  |   8|   0|    8|          0|
    |data_351_val_int_reg                      |   8|   0|    8|          0|
    |data_351_val_read_reg_7625                |   8|   0|    8|          0|
    |data_351_val_read_reg_7625_pp0_iter1_reg  |   8|   0|    8|          0|
    |mult_3132_reg_7849                        |   9|   0|    9|          0|
    |mult_3133_reg_7854                        |   9|   0|    9|          0|
    |mult_3134_reg_7860                        |   9|   0|    9|          0|
    |mult_3135_reg_7866                        |   9|   0|    9|          0|
    |mult_3135_reg_7866_pp0_iter2_reg          |   9|   0|    9|          0|
    |mult_3136_reg_7925                        |   9|   0|    9|          0|
    |mult_3137_reg_7931                        |   9|   0|    9|          0|
    |mult_3138_reg_7945                        |   9|   0|    9|          0|
    |mult_3139_reg_7958                        |   9|   0|    9|          0|
    |mult_3140_reg_7965                        |   9|   0|    9|          0|
    |mult_3141_reg_7972                        |   9|   0|    9|          0|
    |mult_3142_reg_7979                        |   9|   0|    9|          0|
    |mult_3143_reg_7985                        |   9|   0|    9|          0|
    |mult_3144_reg_7991                        |   9|   0|    9|          0|
    |mult_3145_reg_7998                        |   9|   0|    9|          0|
    |mult_3146_reg_8004                        |   9|   0|    9|          0|
    |mult_3147_reg_8010                        |   9|   0|    9|          0|
    |mult_3148_reg_8016                        |   9|   0|    9|          0|
    |mult_3149_reg_8022                        |   9|   0|    9|          0|
    |mult_3150_reg_8028                        |   9|   0|    9|          0|
    |mult_3151_reg_8034                        |   9|   0|    9|          0|
    |mult_3152_reg_8040                        |   9|   0|    9|          0|
    |mult_3153_reg_8046                        |   9|   0|    9|          0|
    |mult_3154_reg_8052                        |   9|   0|    9|          0|
    |mult_3155_reg_8058                        |   9|   0|    9|          0|
    |mult_3156_reg_8064                        |   9|   0|    9|          0|
    |mult_3157_reg_8070                        |   9|   0|    9|          0|
    |mult_3158_reg_8076                        |   9|   0|    9|          0|
    |mult_3159_reg_8090                        |   9|   0|    9|          0|
    |mult_3160_reg_8101                        |   9|   0|    9|          0|
    |mult_3161_reg_8112                        |   9|   0|    9|          0|
    |mult_3162_reg_8127                        |   9|   0|    9|          0|
    |mult_reg_7844                             |   9|   0|    9|          0|
    |sext_ln17_6604_reg_7914                   |  11|   0|   11|          0|
    |sext_ln17_6608_reg_7919                   |  10|   0|   10|          0|
    |sext_ln17_6615_reg_7937                   |  10|   0|   10|          0|
    |sext_ln17_6616_reg_7950                   |  10|   0|   10|          0|
    |sext_ln17_6661_reg_8081                   |  10|   0|   10|          0|
    |sext_ln17_6663_reg_8095                   |  10|   0|   10|          0|
    |sext_ln17_6665_reg_8106                   |  10|   0|   10|          0|
    |sext_ln17_6668_reg_8118                   |  10|   0|   10|          0|
    |sext_ln17_6670_reg_8132                   |  10|   0|   10|          0|
    |sext_ln58_84715_reg_8247                  |  10|   0|   10|          0|
    |sext_ln58_84761_reg_8340                  |  10|   0|   10|          0|
    |sext_ln58_84762_reg_8345                  |  10|   0|   10|          0|
    |sext_ln58_89390_reg_7888                  |  11|   0|   11|          0|
    |sext_ln58_89392_reg_7893                  |  10|   0|   10|          0|
    |sext_ln58_89395_reg_8146                  |  11|   0|   11|          0|
    |sext_ln58_89413_reg_8210                  |  10|   0|   10|          0|
    |sext_ln58_89647_reg_9211                  |  12|   0|   12|          0|
    |data_324_val_read_reg_7809                |  64|  32|    8|          0|
    |data_325_val_read_reg_7802                |  64|  32|    8|          0|
    |data_326_val_read_reg_7794                |  64|  32|    8|          0|
    |data_327_val_read_reg_7786                |  64|  32|    8|          0|
    |data_328_val_read_reg_7779                |  64|  32|    8|          0|
    |data_329_val_read_reg_7772                |  64|  32|    8|          0|
    |data_330_val_read_reg_7765                |  64|  32|    8|          0|
    |data_331_val_read_reg_7757                |  64|  32|    8|          0|
    |data_332_val_read_reg_7750                |  64|  32|    8|          0|
    |data_333_val_read_reg_7743                |  64|  32|    8|          0|
    |data_335_val_read_reg_7730                |  64|  32|    8|          0|
    |data_336_val_read_reg_7723                |  64|  32|    8|          0|
    |data_337_val_read_reg_7716                |  64|  32|    8|          0|
    |data_338_val_read_reg_7709                |  64|  32|    8|          0|
    |data_340_val_read_reg_7695                |  64|  32|    8|          0|
    |data_341_val_read_reg_7688                |  64|  32|    8|          0|
    |data_342_val_read_reg_7681                |  64|  32|    8|          0|
    |data_343_val_read_reg_7674                |  64|  32|    8|          0|
    |data_348_val_read_reg_7643                |  64|  32|    8|          0|
    +------------------------------------------+----+----+-----+-----------+
    |Total                                     |5693| 608| 4629|          0|
    +------------------------------------------+----+----+-----+-----------+



================================================================
== Interface
================================================================
* Summary: 
+--------------+-----+-----+------------+--------------------------------------------------------------------------------------+--------------+
|   RTL Ports  | Dir | Bits|  Protocol  |                                     Source Object                                    |    C Type    |
+--------------+-----+-----+------------+--------------------------------------------------------------------------------------+--------------+
|ap_clk        |   in|    1|  ap_ctrl_hs|  dense_latency<ap_fixed<8, 2, 4, 0, 0>, ap_fixed<13, 7, 4, 0, 0>, config60_dense>.160|  return value|
|ap_rst        |   in|    1|  ap_ctrl_hs|  dense_latency<ap_fixed<8, 2, 4, 0, 0>, ap_fixed<13, 7, 4, 0, 0>, config60_dense>.160|  return value|
|ap_return_0   |  out|   13|  ap_ctrl_hs|  dense_latency<ap_fixed<8, 2, 4, 0, 0>, ap_fixed<13, 7, 4, 0, 0>, config60_dense>.160|  return value|
|ap_return_1   |  out|   13|  ap_ctrl_hs|  dense_latency<ap_fixed<8, 2, 4, 0, 0>, ap_fixed<13, 7, 4, 0, 0>, config60_dense>.160|  return value|
|ap_return_2   |  out|   13|  ap_ctrl_hs|  dense_latency<ap_fixed<8, 2, 4, 0, 0>, ap_fixed<13, 7, 4, 0, 0>, config60_dense>.160|  return value|
|ap_return_3   |  out|   13|  ap_ctrl_hs|  dense_latency<ap_fixed<8, 2, 4, 0, 0>, ap_fixed<13, 7, 4, 0, 0>, config60_dense>.160|  return value|
|ap_return_4   |  out|   13|  ap_ctrl_hs|  dense_latency<ap_fixed<8, 2, 4, 0, 0>, ap_fixed<13, 7, 4, 0, 0>, config60_dense>.160|  return value|
|ap_return_5   |  out|   13|  ap_ctrl_hs|  dense_latency<ap_fixed<8, 2, 4, 0, 0>, ap_fixed<13, 7, 4, 0, 0>, config60_dense>.160|  return value|
|ap_return_6   |  out|   13|  ap_ctrl_hs|  dense_latency<ap_fixed<8, 2, 4, 0, 0>, ap_fixed<13, 7, 4, 0, 0>, config60_dense>.160|  return value|
|ap_return_7   |  out|   13|  ap_ctrl_hs|  dense_latency<ap_fixed<8, 2, 4, 0, 0>, ap_fixed<13, 7, 4, 0, 0>, config60_dense>.160|  return value|
|ap_return_8   |  out|   13|  ap_ctrl_hs|  dense_latency<ap_fixed<8, 2, 4, 0, 0>, ap_fixed<13, 7, 4, 0, 0>, config60_dense>.160|  return value|
|ap_return_9   |  out|   13|  ap_ctrl_hs|  dense_latency<ap_fixed<8, 2, 4, 0, 0>, ap_fixed<13, 7, 4, 0, 0>, config60_dense>.160|  return value|
|ap_return_10  |  out|   13|  ap_ctrl_hs|  dense_latency<ap_fixed<8, 2, 4, 0, 0>, ap_fixed<13, 7, 4, 0, 0>, config60_dense>.160|  return value|
|ap_return_11  |  out|   13|  ap_ctrl_hs|  dense_latency<ap_fixed<8, 2, 4, 0, 0>, ap_fixed<13, 7, 4, 0, 0>, config60_dense>.160|  return value|
|ap_return_12  |  out|   13|  ap_ctrl_hs|  dense_latency<ap_fixed<8, 2, 4, 0, 0>, ap_fixed<13, 7, 4, 0, 0>, config60_dense>.160|  return value|
|ap_return_13  |  out|   13|  ap_ctrl_hs|  dense_latency<ap_fixed<8, 2, 4, 0, 0>, ap_fixed<13, 7, 4, 0, 0>, config60_dense>.160|  return value|
|ap_return_14  |  out|   13|  ap_ctrl_hs|  dense_latency<ap_fixed<8, 2, 4, 0, 0>, ap_fixed<13, 7, 4, 0, 0>, config60_dense>.160|  return value|
|ap_return_15  |  out|   13|  ap_ctrl_hs|  dense_latency<ap_fixed<8, 2, 4, 0, 0>, ap_fixed<13, 7, 4, 0, 0>, config60_dense>.160|  return value|
|ap_return_16  |  out|   13|  ap_ctrl_hs|  dense_latency<ap_fixed<8, 2, 4, 0, 0>, ap_fixed<13, 7, 4, 0, 0>, config60_dense>.160|  return value|
|ap_return_17  |  out|   13|  ap_ctrl_hs|  dense_latency<ap_fixed<8, 2, 4, 0, 0>, ap_fixed<13, 7, 4, 0, 0>, config60_dense>.160|  return value|
|ap_return_18  |  out|   13|  ap_ctrl_hs|  dense_latency<ap_fixed<8, 2, 4, 0, 0>, ap_fixed<13, 7, 4, 0, 0>, config60_dense>.160|  return value|
|ap_return_19  |  out|   13|  ap_ctrl_hs|  dense_latency<ap_fixed<8, 2, 4, 0, 0>, ap_fixed<13, 7, 4, 0, 0>, config60_dense>.160|  return value|
|ap_return_20  |  out|   13|  ap_ctrl_hs|  dense_latency<ap_fixed<8, 2, 4, 0, 0>, ap_fixed<13, 7, 4, 0, 0>, config60_dense>.160|  return value|
|ap_return_21  |  out|   13|  ap_ctrl_hs|  dense_latency<ap_fixed<8, 2, 4, 0, 0>, ap_fixed<13, 7, 4, 0, 0>, config60_dense>.160|  return value|
|ap_return_22  |  out|   13|  ap_ctrl_hs|  dense_latency<ap_fixed<8, 2, 4, 0, 0>, ap_fixed<13, 7, 4, 0, 0>, config60_dense>.160|  return value|
|ap_return_23  |  out|   13|  ap_ctrl_hs|  dense_latency<ap_fixed<8, 2, 4, 0, 0>, ap_fixed<13, 7, 4, 0, 0>, config60_dense>.160|  return value|
|ap_return_24  |  out|   13|  ap_ctrl_hs|  dense_latency<ap_fixed<8, 2, 4, 0, 0>, ap_fixed<13, 7, 4, 0, 0>, config60_dense>.160|  return value|
|ap_return_25  |  out|   13|  ap_ctrl_hs|  dense_latency<ap_fixed<8, 2, 4, 0, 0>, ap_fixed<13, 7, 4, 0, 0>, config60_dense>.160|  return value|
|ap_return_26  |  out|   13|  ap_ctrl_hs|  dense_latency<ap_fixed<8, 2, 4, 0, 0>, ap_fixed<13, 7, 4, 0, 0>, config60_dense>.160|  return value|
|ap_return_27  |  out|   13|  ap_ctrl_hs|  dense_latency<ap_fixed<8, 2, 4, 0, 0>, ap_fixed<13, 7, 4, 0, 0>, config60_dense>.160|  return value|
|ap_return_28  |  out|   13|  ap_ctrl_hs|  dense_latency<ap_fixed<8, 2, 4, 0, 0>, ap_fixed<13, 7, 4, 0, 0>, config60_dense>.160|  return value|
|ap_return_29  |  out|   13|  ap_ctrl_hs|  dense_latency<ap_fixed<8, 2, 4, 0, 0>, ap_fixed<13, 7, 4, 0, 0>, config60_dense>.160|  return value|
|ap_return_30  |  out|   13|  ap_ctrl_hs|  dense_latency<ap_fixed<8, 2, 4, 0, 0>, ap_fixed<13, 7, 4, 0, 0>, config60_dense>.160|  return value|
|ap_return_31  |  out|   13|  ap_ctrl_hs|  dense_latency<ap_fixed<8, 2, 4, 0, 0>, ap_fixed<13, 7, 4, 0, 0>, config60_dense>.160|  return value|
|ap_ce         |   in|    1|  ap_ctrl_hs|  dense_latency<ap_fixed<8, 2, 4, 0, 0>, ap_fixed<13, 7, 4, 0, 0>, config60_dense>.160|  return value|
|data_320_val  |   in|    8|     ap_none|                                                                          data_320_val|        scalar|
|data_321_val  |   in|    8|     ap_none|                                                                          data_321_val|        scalar|
|data_322_val  |   in|    8|     ap_none|                                                                          data_322_val|        scalar|
|data_323_val  |   in|    8|     ap_none|                                                                          data_323_val|        scalar|
|data_324_val  |   in|    8|     ap_none|                                                                          data_324_val|        scalar|
|data_325_val  |   in|    8|     ap_none|                                                                          data_325_val|        scalar|
|data_326_val  |   in|    8|     ap_none|                                                                          data_326_val|        scalar|
|data_327_val  |   in|    8|     ap_none|                                                                          data_327_val|        scalar|
|data_328_val  |   in|    8|     ap_none|                                                                          data_328_val|        scalar|
|data_329_val  |   in|    8|     ap_none|                                                                          data_329_val|        scalar|
|data_330_val  |   in|    8|     ap_none|                                                                          data_330_val|        scalar|
|data_331_val  |   in|    8|     ap_none|                                                                          data_331_val|        scalar|
|data_332_val  |   in|    8|     ap_none|                                                                          data_332_val|        scalar|
|data_333_val  |   in|    8|     ap_none|                                                                          data_333_val|        scalar|
|data_334_val  |   in|    8|     ap_none|                                                                          data_334_val|        scalar|
|data_335_val  |   in|    8|     ap_none|                                                                          data_335_val|        scalar|
|data_336_val  |   in|    8|     ap_none|                                                                          data_336_val|        scalar|
|data_337_val  |   in|    8|     ap_none|                                                                          data_337_val|        scalar|
|data_338_val  |   in|    8|     ap_none|                                                                          data_338_val|        scalar|
|data_339_val  |   in|    8|     ap_none|                                                                          data_339_val|        scalar|
|data_340_val  |   in|    8|     ap_none|                                                                          data_340_val|        scalar|
|data_341_val  |   in|    8|     ap_none|                                                                          data_341_val|        scalar|
|data_342_val  |   in|    8|     ap_none|                                                                          data_342_val|        scalar|
|data_343_val  |   in|    8|     ap_none|                                                                          data_343_val|        scalar|
|data_344_val  |   in|    8|     ap_none|                                                                          data_344_val|        scalar|
|data_345_val  |   in|    8|     ap_none|                                                                          data_345_val|        scalar|
|data_346_val  |   in|    8|     ap_none|                                                                          data_346_val|        scalar|
|data_347_val  |   in|    8|     ap_none|                                                                          data_347_val|        scalar|
|data_348_val  |   in|    8|     ap_none|                                                                          data_348_val|        scalar|
|data_349_val  |   in|    8|     ap_none|                                                                          data_349_val|        scalar|
|data_350_val  |   in|    8|     ap_none|                                                                          data_350_val|        scalar|
|data_351_val  |   in|    8|     ap_none|                                                                          data_351_val|        scalar|
+--------------+-----+-----+------------+--------------------------------------------------------------------------------------+--------------+

