

================================================================
== Vitis HLS Report for 'dense_latency_ap_ufixed_ap_fixed_14_9_4_0_0_config70_dense_s'
================================================================
* Date:           Tue Aug  4 18:40:51 2026

* Version:        2023.2 (Build 4023990 on Oct 11 2023)
* Project:        myproject_prj
* Solution:       solution1 (Vivado IP Flow Target)
* Product family: virtexuplus
* Target device:  xcvu13p-flga2577-2-e


================================================================
== Performance Estimates
================================================================
+ Timing: 
    * Summary: 
    +--------+---------+----------+------------+
    |  Clock |  Target | Estimated| Uncertainty|
    +--------+---------+----------+------------+
    |ap_clk  |  2.50 ns|  1.522 ns|     0.68 ns|
    +--------+---------+----------+------------+

+ Latency: 
    * Summary: 
    +---------+---------+-----------+-----------+-----+-----+---------+
    |  Latency (cycles) |   Latency (absolute)  |  Interval | Pipeline|
    |   min   |   max   |    min    |    max    | min | max |   Type  |
    +---------+---------+-----------+-----------+-----+-----+---------+
    |        4|        4|  10.000 ns|  10.000 ns|    1|    1|      yes|
    +---------+---------+-----------+-----------+-----+-----+---------+

    + Detail: 
        * Instance: 
        N/A

        * Loop: 
        N/A



================================================================
== Utilization Estimates
================================================================
* Summary: 
+---------------------+---------+-------+---------+---------+------+
|         Name        | BRAM_18K|  DSP  |    FF   |   LUT   | URAM |
+---------------------+---------+-------+---------+---------+------+
|DSP                  |        -|      -|        -|        -|     -|
|Expression           |        -|      -|        0|    24352|     -|
|FIFO                 |        -|      -|        -|        -|     -|
|Instance             |        -|      -|        -|        -|     -|
|Memory               |        -|      -|        -|        -|     -|
|Multiplexer          |        -|      -|        -|      448|     -|
|Register             |        -|      -|     8720|        -|     -|
+---------------------+---------+-------+---------+---------+------+
|Total                |        0|      0|     8720|    24800|     0|
+---------------------+---------+-------+---------+---------+------+
|Available SLR        |     1344|   3072|   864000|   432000|   320|
+---------------------+---------+-------+---------+---------+------+
|Utilization SLR (%)  |        0|      0|        1|        5|     0|
+---------------------+---------+-------+---------+---------+------+
|Available            |     5376|  12288|  3456000|  1728000|  1280|
+---------------------+---------+-------+---------+---------+------+
|Utilization (%)      |        0|      0|       ~0|        1|     0|
+---------------------+---------+-------+---------+---------+------+

+ Detail: 
    * Instance: 
    N/A

    * DSP: 
    N/A

    * Memory: 
    N/A

    * FIFO: 
    N/A

    * Expression: 
    +---------------------------+----------+----+---+-----+------------+------------+
    |       Variable Name       | Operation| DSP| FF| LUT | Bitwidth P0| Bitwidth P1|
    +---------------------------+----------+----+---+-----+------------+------------+
    |add_ln58_1003_fu_7391_p2   |         +|   0|  0|   17|          10|          10|
    |add_ln58_1006_fu_7397_p2   |         +|   0|  0|   16|           9|           9|
    |add_ln58_1007_fu_2354_p2   |         +|   0|  0|   15|           8|           8|
    |add_ln58_1009_fu_7410_p2   |         +|   0|  0|   16|           9|           9|
    |add_ln58_100_fu_3830_p2    |         +|   0|  0|   16|           9|           9|
    |add_ln58_1010_fu_7420_p2   |         +|   0|  0|   17|          10|          10|
    |add_ln58_1011_fu_11904_p2  |         +|   0|  0|   18|          11|          11|
    |add_ln58_1012_fu_2360_p2   |         +|   0|  0|   15|           8|           8|
    |add_ln58_1013_fu_2370_p2   |         +|   0|  0|   16|           9|           9|
    |add_ln58_1015_fu_2376_p2   |         +|   0|  0|   15|           8|           8|
    |add_ln58_1016_fu_7432_p2   |         +|   0|  0|   16|           9|           9|
    |add_ln58_1017_fu_7441_p2   |         +|   0|  0|   17|          10|          10|
    |add_ln58_101_fu_3840_p2    |         +|   0|  0|   16|           9|           9|
    |add_ln58_1020_fu_7447_p2   |         +|   0|  0|   16|           9|           9|
    |add_ln58_1021_fu_2382_p2   |         +|   0|  0|   15|           8|           8|
    |add_ln58_1023_fu_7460_p2   |         +|   0|  0|   16|           9|           9|
    |add_ln58_1024_fu_7470_p2   |         +|   0|  0|   17|          10|          10|
    |add_ln58_1025_fu_11920_p2  |         +|   0|  0|   18|          11|          11|
    |add_ln58_1026_fu_11930_p2  |         +|   0|  0|   19|          12|          12|
    |add_ln58_1027_fu_14065_p2  |         +|   0|  0|   21|          14|          14|
    |add_ln58_1028_fu_7476_p2   |         +|   0|  0|   16|           9|           9|
    |add_ln58_1029_fu_7485_p2   |         +|   0|  0|   17|          10|          10|
    |add_ln58_102_fu_3850_p2    |         +|   0|  0|   17|          10|          10|
    |add_ln58_1030_fu_7491_p2   |         +|   0|  0|   16|           9|           9|
    |add_ln58_1032_fu_7501_p2   |         +|   0|  0|   17|          10|          10|
    |add_ln58_1033_fu_11942_p2  |         +|   0|  0|   18|          11|          11|
    |add_ln58_1034_fu_7507_p2   |         +|   0|  0|   16|           9|           9|
    |add_ln58_1035_fu_7517_p2   |         +|   0|  0|   16|           9|           9|
    |add_ln58_1036_fu_7527_p2   |         +|   0|  0|   17|          10|          10|
    |add_ln58_1037_fu_7533_p2   |         +|   0|  0|   16|           9|           9|
    |add_ln58_1039_fu_7543_p2   |         +|   0|  0|   17|          10|          10|
    |add_ln58_103_fu_3856_p2    |         +|   0|  0|   16|           9|           9|
    |add_ln58_1040_fu_11958_p2  |         +|   0|  0|   18|          11|          11|
    |add_ln58_1041_fu_11968_p2  |         +|   0|  0|   19|          12|          12|
    |add_ln58_1042_fu_7549_p2   |         +|   0|  0|   16|           9|           9|
    |add_ln58_1043_fu_7559_p2   |         +|   0|  0|   17|          10|          10|
    |add_ln58_1044_fu_7565_p2   |         +|   0|  0|   16|           9|           9|
    |add_ln58_1045_fu_7575_p2   |         +|   0|  0|   16|           9|           9|
    |add_ln58_1046_fu_7585_p2   |         +|   0|  0|   17|          10|          10|
    |add_ln58_1047_fu_11980_p2  |         +|   0|  0|   18|          11|          11|
    |add_ln58_1048_fu_7591_p2   |         +|   0|  0|   16|           9|           9|
    |add_ln58_104_fu_3866_p2    |         +|   0|  0|   16|           9|           9|
    |add_ln58_1050_fu_7601_p2   |         +|   0|  0|   17|          10|          10|
    |add_ln58_1052_fu_7610_p2   |         +|   0|  0|   17|          10|          10|
    |add_ln58_1053_fu_11996_p2  |         +|   0|  0|   18|          11|          11|
    |add_ln58_1054_fu_12006_p2  |         +|   0|  0|   19|          12|          12|
    |add_ln58_1055_fu_14077_p2  |         +|   0|  0|   20|          13|          13|
    |add_ln58_1056_fu_2388_p2   |         +|   0|  0|   15|           8|           8|
    |add_ln58_1057_fu_7619_p2   |         +|   0|  0|   16|           9|           9|
    |add_ln58_1059_fu_2394_p2   |         +|   0|  0|   15|           8|           8|
    |add_ln58_105_fu_3876_p2    |         +|   0|  0|   17|          10|          10|
    |add_ln58_1060_fu_7632_p2   |         +|   0|  0|   16|           9|           9|
    |add_ln58_1061_fu_7642_p2   |         +|   0|  0|   17|          10|          10|
    |add_ln58_1064_fu_7648_p2   |         +|   0|  0|   16|           9|           9|
    |add_ln58_1066_fu_2400_p2   |         +|   0|  0|   15|           8|           8|
    |add_ln58_1067_fu_7661_p2   |         +|   0|  0|   16|           9|           9|
    |add_ln58_1068_fu_7671_p2   |         +|   0|  0|   17|          10|          10|
    |add_ln58_1069_fu_12018_p2  |         +|   0|  0|   18|          11|          11|
    |add_ln58_106_fu_10233_p2   |         +|   0|  0|   18|          11|          11|
    |add_ln58_1072_fu_7677_p2   |         +|   0|  0|   16|           9|           9|
    |add_ln58_1074_fu_2406_p2   |         +|   0|  0|   15|           8|           8|
    |add_ln58_1075_fu_7690_p2   |         +|   0|  0|   16|           9|           9|
    |add_ln58_1076_fu_7700_p2   |         +|   0|  0|   17|          10|          10|
    |add_ln58_1079_fu_7706_p2   |         +|   0|  0|   16|           9|           9|
    |add_ln58_107_fu_10243_p2   |         +|   0|  0|   19|          12|          12|
    |add_ln58_1081_fu_2412_p2   |         +|   0|  0|   15|           8|           8|
    |add_ln58_1082_fu_7718_p2   |         +|   0|  0|   16|           9|           9|
    |add_ln58_1083_fu_7728_p2   |         +|   0|  0|   17|          10|          10|
    |add_ln58_1084_fu_12034_p2  |         +|   0|  0|   18|          11|          11|
    |add_ln58_1085_fu_12044_p2  |         +|   0|  0|   19|          12|          12|
    |add_ln58_1086_fu_14090_p2  |         +|   0|  0|   21|          14|          14|
    |add_ln58_1088_fu_7734_p2   |         +|   0|  0|   17|          10|          10|
    |add_ln58_108_fu_3882_p2    |         +|   0|  0|   16|           9|           9|
    |add_ln58_1091_fu_7740_p2   |         +|   0|  0|   17|          10|          10|
    |add_ln58_1092_fu_12056_p2  |         +|   0|  0|   18|          11|          11|
    |add_ln58_1095_fu_7746_p2   |         +|   0|  0|   17|          10|          10|
    |add_ln58_1096_fu_7752_p2   |         +|   0|  0|   16|           9|           9|
    |add_ln58_1097_fu_7762_p2   |         +|   0|  0|   16|           9|           9|
    |add_ln58_1098_fu_7772_p2   |         +|   0|  0|   17|          10|          10|
    |add_ln58_1099_fu_12072_p2  |         +|   0|  0|   18|          11|          11|
    |add_ln58_109_fu_3892_p2    |         +|   0|  0|   17|          10|          10|
    |add_ln58_10_fu_2984_p2     |         +|   0|  0|   17|          10|          10|
    |add_ln58_1100_fu_12082_p2  |         +|   0|  0|   19|          12|          12|
    |add_ln58_1102_fu_7778_p2   |         +|   0|  0|   17|          10|          10|
    |add_ln58_1103_fu_7784_p2   |         +|   0|  0|   16|           9|           9|
    |add_ln58_1105_fu_7794_p2   |         +|   0|  0|   17|          10|          10|
    |add_ln58_1106_fu_12094_p2  |         +|   0|  0|   18|          11|          11|
    |add_ln58_1108_fu_7800_p2   |         +|   0|  0|   16|           9|           9|
    |add_ln58_1109_fu_7810_p2   |         +|   0|  0|   17|          10|          10|
    |add_ln58_1110_fu_7816_p2   |         +|   0|  0|   16|           9|           9|
    |add_ln58_1112_fu_7826_p2   |         +|   0|  0|   17|          10|          10|
    |add_ln58_1113_fu_12110_p2  |         +|   0|  0|   18|          11|          11|
    |add_ln58_1114_fu_12120_p2  |         +|   0|  0|   19|          12|          12|
    |add_ln58_1115_fu_14102_p2  |         +|   0|  0|   20|          13|          13|
    |add_ln58_1116_fu_7835_p2   |         +|   0|  0|   16|           9|           9|
    |add_ln58_1117_fu_2424_p2   |         +|   0|  0|   15|           8|           8|
    |add_ln58_1119_fu_2434_p2   |         +|   0|  0|   16|           9|           9|
    |add_ln58_111_fu_3898_p2    |         +|   0|  0|   16|           9|           9|
    |add_ln58_1120_fu_7848_p2   |         +|   0|  0|   18|          11|          11|
    |add_ln58_1123_fu_7854_p2   |         +|   0|  0|   16|           9|           9|
    |add_ln58_1124_fu_2440_p2   |         +|   0|  0|   15|           8|           8|
    |add_ln58_1126_fu_7867_p2   |         +|   0|  0|   16|           9|           9|
    |add_ln58_1127_fu_7877_p2   |         +|   0|  0|   17|          10|          10|
    |add_ln58_1128_fu_12132_p2  |         +|   0|  0|   19|          12|          12|
    |add_ln58_1129_fu_2446_p2   |         +|   0|  0|   15|           8|           8|
    |add_ln58_112_fu_3908_p2    |         +|   0|  0|   17|          10|          10|
    |add_ln58_1131_fu_2456_p2   |         +|   0|  0|   16|           9|           9|
    |add_ln58_1132_fu_2462_p2   |         +|   0|  0|   15|           8|           8|
    |add_ln58_1133_fu_2472_p2   |         +|   0|  0|   15|           8|           8|
    |add_ln58_1134_fu_2482_p2   |         +|   0|  0|   16|           9|           9|
    |add_ln58_1135_fu_7889_p2   |         +|   0|  0|   17|          10|          10|
    |add_ln58_1137_fu_2488_p2   |         +|   0|  0|   15|           8|           8|
    |add_ln58_1138_fu_2498_p2   |         +|   0|  0|   16|           9|           9|
    |add_ln58_113_fu_10255_p2   |         +|   0|  0|   18|          11|          11|
    |add_ln58_1140_fu_2504_p2   |         +|   0|  0|   15|           8|           8|
    |add_ln58_1141_fu_2514_p2   |         +|   0|  0|   16|           9|           9|
    |add_ln58_1142_fu_7905_p2   |         +|   0|  0|   17|          10|          10|
    |add_ln58_1143_fu_7915_p2   |         +|   0|  0|   18|          11|          11|
    |add_ln58_1144_fu_12145_p2  |         +|   0|  0|   20|          13|          13|
    |add_ln58_1145_fu_14115_p2  |         +|   0|  0|   21|          14|          14|
    |add_ln58_1147_fu_7921_p2   |         +|   0|  0|   18|          11|          11|
    |add_ln58_114_fu_3914_p2    |         +|   0|  0|   16|           9|           9|
    |add_ln58_1151_fu_12154_p2  |         +|   0|  0|   19|          12|          12|
    |add_ln58_1154_fu_7927_p2   |         +|   0|  0|   17|          10|          10|
    |add_ln58_1156_fu_7933_p2   |         +|   0|  0|   16|           9|           9|
    |add_ln58_1157_fu_7943_p2   |         +|   0|  0|   17|          10|          10|
    |add_ln58_1158_fu_12170_p2  |         +|   0|  0|   18|          11|          11|
    |add_ln58_1159_fu_12180_p2  |         +|   0|  0|   20|          13|          13|
    |add_ln58_115_fu_3924_p2    |         +|   0|  0|   16|           9|           9|
    |add_ln58_1160_fu_7949_p2   |         +|   0|  0|   16|           9|           9|
    |add_ln58_1161_fu_7959_p2   |         +|   0|  0|   17|          10|          10|
    |add_ln58_1164_fu_7965_p2   |         +|   0|  0|   17|          10|          10|
    |add_ln58_1165_fu_12192_p2  |         +|   0|  0|   18|          11|          11|
    |add_ln58_1166_fu_7971_p2   |         +|   0|  0|   16|           9|           9|
    |add_ln58_1168_fu_7981_p2   |         +|   0|  0|   17|          10|          10|
    |add_ln58_1169_fu_7987_p2   |         +|   0|  0|   16|           9|           9|
    |add_ln58_116_fu_3934_p2    |         +|   0|  0|   17|          10|          10|
    |add_ln58_1170_fu_7997_p2   |         +|   0|  0|   16|           9|           9|
    |add_ln58_1171_fu_8007_p2   |         +|   0|  0|   17|          10|          10|
    |add_ln58_1172_fu_12208_p2  |         +|   0|  0|   18|          11|          11|
    |add_ln58_1173_fu_12218_p2  |         +|   0|  0|   19|          12|          12|
    |add_ln58_1174_fu_14124_p2  |         +|   0|  0|   17|          13|          13|
    |add_ln58_1177_fu_2520_p2   |         +|   0|  0|   15|           8|           8|
    |add_ln58_1179_fu_8016_p2   |         +|   0|  0|   16|           9|           9|
    |add_ln58_117_fu_3940_p2    |         +|   0|  0|   16|           9|           9|
    |add_ln58_1180_fu_8026_p2   |         +|   0|  0|   17|          10|          10|
    |add_ln58_1182_fu_2526_p2   |         +|   0|  0|   15|           8|           8|
    |add_ln58_1183_fu_8035_p2   |         +|   0|  0|   16|           9|           9|
    |add_ln58_1184_fu_2532_p2   |         +|   0|  0|   15|           8|           8|
    |add_ln58_1185_fu_2542_p2   |         +|   0|  0|   15|           8|           8|
    |add_ln58_1186_fu_2552_p2   |         +|   0|  0|   16|           9|           9|
    |add_ln58_1187_fu_8048_p2   |         +|   0|  0|   17|          10|          10|
    |add_ln58_1188_fu_12230_p2  |         +|   0|  0|   18|          11|          11|
    |add_ln58_118_fu_3953_p2    |         +|   0|  0|   17|          10|          10|
    |add_ln58_1190_fu_2558_p2   |         +|   0|  0|   16|           9|           9|
    |add_ln58_1191_fu_2564_p2   |         +|   0|  0|   15|           8|           8|
    |add_ln58_1193_fu_8057_p2   |         +|   0|  0|   16|           9|           9|
    |add_ln58_1194_fu_8066_p2   |         +|   0|  0|   17|          10|          10|
    |add_ln58_1197_fu_8072_p2   |         +|   0|  0|   16|           9|           9|
    |add_ln58_1199_fu_2574_p2   |         +|   0|  0|   15|           8|           8|
    |add_ln58_119_fu_10271_p2   |         +|   0|  0|   18|          11|          11|
    |add_ln58_11_fu_1220_p2     |         +|   0|  0|   17|          10|          10|
    |add_ln58_1200_fu_8085_p2   |         +|   0|  0|   16|           9|           9|
    |add_ln58_1201_fu_8094_p2   |         +|   0|  0|   17|          10|          10|
    |add_ln58_1202_fu_12246_p2  |         +|   0|  0|   18|          11|          11|
    |add_ln58_1203_fu_12256_p2  |         +|   0|  0|   19|          12|          12|
    |add_ln58_1204_fu_14132_p2  |         +|   0|  0|   17|          13|          13|
    |add_ln58_1206_fu_8100_p2   |         +|   0|  0|   17|          10|          10|
    |add_ln58_1207_fu_8105_p2   |         +|   0|  0|   16|           9|           9|
    |add_ln58_1208_fu_8115_p2   |         +|   0|  0|   16|           9|           9|
    |add_ln58_1209_fu_8125_p2   |         +|   0|  0|   17|          10|          10|
    |add_ln58_120_fu_10281_p2   |         +|   0|  0|   19|          12|          12|
    |add_ln58_1210_fu_12268_p2  |         +|   0|  0|   18|          11|          11|
    |add_ln58_1213_fu_8131_p2   |         +|   0|  0|   17|          10|          10|
    |add_ln58_1214_fu_8137_p2   |         +|   0|  0|   16|           9|           9|
    |add_ln58_1215_fu_8147_p2   |         +|   0|  0|   16|           9|           9|
    |add_ln58_1216_fu_8157_p2   |         +|   0|  0|   17|          10|          10|
    |add_ln58_1217_fu_12284_p2  |         +|   0|  0|   18|          11|          11|
    |add_ln58_1218_fu_12294_p2  |         +|   0|  0|   19|          12|          12|
    |add_ln58_1219_fu_8163_p2   |         +|   0|  0|   16|           9|           9|
    |add_ln58_121_fu_13609_p2   |         +|   0|  0|   20|          13|          13|
    |add_ln58_1220_fu_8173_p2   |         +|   0|  0|   17|          10|          10|
    |add_ln58_1224_fu_12303_p2  |         +|   0|  0|   18|          11|          11|
    |add_ln58_1229_fu_8182_p2   |         +|   0|  0|   17|          10|          10|
    |add_ln58_122_fu_1430_p2    |         +|   0|  0|   15|           8|           8|
    |add_ln58_1230_fu_12316_p2  |         +|   0|  0|   18|          11|          11|
    |add_ln58_1231_fu_12326_p2  |         +|   0|  0|   19|          12|          12|
    |add_ln58_1232_fu_14148_p2  |         +|   0|  0|   20|          13|          13|
    |add_ln58_1234_fu_8188_p2   |         +|   0|  0|   16|           9|           9|
    |add_ln58_1237_fu_8198_p2   |         +|   0|  0|   16|           9|           9|
    |add_ln58_1238_fu_8208_p2   |         +|   0|  0|   17|          10|          10|
    |add_ln58_123_fu_3962_p2    |         +|   0|  0|   16|           9|           9|
    |add_ln58_1244_fu_8214_p2   |         +|   0|  0|   16|           9|           9|
    |add_ln58_1245_fu_8223_p2   |         +|   0|  0|   17|          10|          10|
    |add_ln58_1246_fu_12338_p2  |         +|   0|  0|   18|          11|          11|
    |add_ln58_1247_fu_2586_p2   |         +|   0|  0|   15|           8|           8|
    |add_ln58_1248_fu_2596_p2   |         +|   0|  0|   15|           8|           8|
    |add_ln58_1249_fu_2606_p2   |         +|   0|  0|   16|           9|           9|
    |add_ln58_124_fu_1436_p2    |         +|   0|  0|   15|           8|           8|
    |add_ln58_1252_fu_8232_p2   |         +|   0|  0|   16|           9|           9|
    |add_ln58_1253_fu_8242_p2   |         +|   0|  0|   17|          10|          10|
    |add_ln58_1256_fu_8248_p2   |         +|   0|  0|   16|           9|           9|
    |add_ln58_1257_fu_2612_p2   |         +|   0|  0|   15|           8|           8|
    |add_ln58_1259_fu_8261_p2   |         +|   0|  0|   16|           9|           9|
    |add_ln58_125_fu_1442_p2    |         +|   0|  0|   15|           8|           8|
    |add_ln58_1260_fu_8271_p2   |         +|   0|  0|   17|          10|          10|
    |add_ln58_1261_fu_12354_p2  |         +|   0|  0|   18|          11|          11|
    |add_ln58_1262_fu_12364_p2  |         +|   0|  0|   19|          12|          12|
    |add_ln58_1263_fu_14161_p2  |         +|   0|  0|   21|          14|          14|
    |add_ln58_1265_fu_8281_p2   |         +|   0|  0|   17|          10|          10|
    |add_ln58_1268_fu_8287_p2   |         +|   0|  0|   17|          10|          10|
    |add_ln58_1269_fu_12376_p2  |         +|   0|  0|   18|          11|          11|
    |add_ln58_126_fu_3978_p2    |         +|   0|  0|   16|           9|           9|
    |add_ln58_1271_fu_8293_p2   |         +|   0|  0|   16|           9|           9|
    |add_ln58_1272_fu_8303_p2   |         +|   0|  0|   17|          10|          10|
    |add_ln58_1274_fu_8309_p2   |         +|   0|  0|   16|           9|           9|
    |add_ln58_1275_fu_8319_p2   |         +|   0|  0|   17|          10|          10|
    |add_ln58_1276_fu_12392_p2  |         +|   0|  0|   18|          11|          11|
    |add_ln58_1277_fu_12402_p2  |         +|   0|  0|   19|          12|          12|
    |add_ln58_1279_fu_8325_p2   |         +|   0|  0|   17|          10|          10|
    |add_ln58_127_fu_3988_p2    |         +|   0|  0|   17|          10|          10|
    |add_ln58_1280_fu_8331_p2   |         +|   0|  0|   16|           9|           9|
    |add_ln58_1281_fu_8341_p2   |         +|   0|  0|   16|           9|           9|
    |add_ln58_1282_fu_8351_p2   |         +|   0|  0|   17|          10|          10|
    |add_ln58_1283_fu_12414_p2  |         +|   0|  0|   18|          11|          11|
    |add_ln58_1289_fu_8357_p2   |         +|   0|  0|   17|          10|          10|
    |add_ln58_128_fu_1448_p2    |         +|   0|  0|   15|           8|           8|
    |add_ln58_1290_fu_12427_p2  |         +|   0|  0|   18|          11|          11|
    |add_ln58_1291_fu_12437_p2  |         +|   0|  0|   19|          12|          12|
    |add_ln58_1292_fu_14173_p2  |         +|   0|  0|   20|          13|          13|
    |add_ln58_1294_fu_8363_p2   |         +|   0|  0|   18|          10|          10|
    |add_ln58_1297_fu_8369_p2   |         +|   0|  0|   16|           9|           9|
    |add_ln58_1298_fu_8379_p2   |         +|   0|  0|   18|          10|          10|
    |add_ln58_129_fu_1454_p2    |         +|   0|  0|   15|           8|           8|
    |add_ln58_12_fu_2994_p2     |         +|   0|  0|   17|          10|          10|
    |add_ln58_1300_fu_2618_p2   |         +|   0|  0|   15|           8|           8|
    |add_ln58_1301_fu_2628_p2   |         +|   0|  0|   16|           9|           9|
    |add_ln58_1304_fu_8388_p2   |         +|   0|  0|   16|           9|           9|
    |add_ln58_1305_fu_8398_p2   |         +|   0|  0|   17|          10|          10|
    |add_ln58_1306_fu_12449_p2  |         +|   0|  0|   19|          12|          12|
    |add_ln58_1307_fu_2634_p2   |         +|   0|  0|   15|           8|           8|
    |add_ln58_1309_fu_8407_p2   |         +|   0|  0|   16|           9|           9|
    |add_ln58_130_fu_4000_p2    |         +|   0|  0|   16|           9|           9|
    |add_ln58_1312_fu_8417_p2   |         +|   0|  0|   16|           9|           9|
    |add_ln58_1313_fu_8426_p2   |         +|   0|  0|   17|          10|          10|
    |add_ln58_1316_fu_8432_p2   |         +|   0|  0|   16|           9|           9|
    |add_ln58_1319_fu_8441_p2   |         +|   0|  0|   16|           9|           9|
    |add_ln58_131_fu_1460_p2    |         +|   0|  0|   15|           8|           8|
    |add_ln58_1320_fu_8451_p2   |         +|   0|  0|   17|          10|          10|
    |add_ln58_1321_fu_12465_p2  |         +|   0|  0|   18|          11|          11|
    |add_ln58_1322_fu_12475_p2  |         +|   0|  0|   20|          13|          13|
    |add_ln58_1323_fu_14186_p2  |         +|   0|  0|   21|          14|          14|
    |add_ln58_1325_fu_12481_p2  |         +|   0|  0|   17|          11|          11|
    |add_ln58_1326_fu_8457_p2   |         +|   0|  0|   16|           9|           9|
    |add_ln58_1328_fu_8466_p2   |         +|   0|  0|   17|          10|          10|
    |add_ln58_1329_fu_12489_p2  |         +|   0|  0|   17|          11|          11|
    |add_ln58_132_fu_1466_p2    |         +|   0|  0|   15|           8|           8|
    |add_ln58_1332_fu_8472_p2   |         +|   0|  0|   17|          10|          10|
    |add_ln58_1333_fu_8478_p2   |         +|   0|  0|   16|           9|           9|
    |add_ln58_1335_fu_8488_p2   |         +|   0|  0|   17|          10|          10|
    |add_ln58_1336_fu_12505_p2  |         +|   0|  0|   18|          11|          11|
    |add_ln58_1337_fu_12515_p2  |         +|   0|  0|   19|          12|          12|
    |add_ln58_1339_fu_8494_p2   |         +|   0|  0|   17|          10|          10|
    |add_ln58_133_fu_4016_p2    |         +|   0|  0|   16|           9|           9|
    |add_ln58_1340_fu_8500_p2   |         +|   0|  0|   16|           9|           9|
    |add_ln58_1342_fu_8510_p2   |         +|   0|  0|   17|          10|          10|
    |add_ln58_1343_fu_12527_p2  |         +|   0|  0|   18|          11|          11|
    |add_ln58_1346_fu_8516_p2   |         +|   0|  0|   17|          10|          10|
    |add_ln58_1349_fu_8522_p2   |         +|   0|  0|   17|          10|          10|
    |add_ln58_134_fu_4026_p2    |         +|   0|  0|   17|          10|          10|
    |add_ln58_1350_fu_12543_p2  |         +|   0|  0|   18|          11|          11|
    |add_ln58_1351_fu_12553_p2  |         +|   0|  0|   19|          12|          12|
    |add_ln58_1352_fu_14198_p2  |         +|   0|  0|   20|          13|          13|
    |add_ln58_1353_fu_2640_p2   |         +|   0|  0|   15|           8|           8|
    |add_ln58_1354_fu_8531_p2   |         +|   0|  0|   16|           9|           9|
    |add_ln58_1357_fu_8541_p2   |         +|   0|  0|   16|           9|           9|
    |add_ln58_1358_fu_8551_p2   |         +|   0|  0|   17|          10|          10|
    |add_ln58_135_fu_10293_p2   |         +|   0|  0|   18|          11|          11|
    |add_ln58_1361_fu_8557_p2   |         +|   0|  0|   16|           9|           9|
    |add_ln58_1364_fu_8567_p2   |         +|   0|  0|   16|           9|           9|
    |add_ln58_1365_fu_8576_p2   |         +|   0|  0|   17|          10|          10|
    |add_ln58_1366_fu_12565_p2  |         +|   0|  0|   18|          11|          11|
    |add_ln58_1368_fu_8582_p2   |         +|   0|  0|   16|           9|           9|
    |add_ln58_1369_fu_2646_p2   |         +|   0|  0|   15|           8|           8|
    |add_ln58_136_fu_1472_p2    |         +|   0|  0|   15|           8|           8|
    |add_ln58_1371_fu_8595_p2   |         +|   0|  0|   16|           9|           9|
    |add_ln58_1372_fu_8605_p2   |         +|   0|  0|   17|          10|          10|
    |add_ln58_1375_fu_8611_p2   |         +|   0|  0|   16|           9|           9|
    |add_ln58_1378_fu_8621_p2   |         +|   0|  0|   16|           9|           9|
    |add_ln58_1379_fu_8631_p2   |         +|   0|  0|   17|          10|          10|
    |add_ln58_137_fu_1478_p2    |         +|   0|  0|   15|           8|           8|
    |add_ln58_1380_fu_12581_p2  |         +|   0|  0|   18|          11|          11|
    |add_ln58_1381_fu_12591_p2  |         +|   0|  0|   19|          12|          12|
    |add_ln58_1382_fu_14211_p2  |         +|   0|  0|   21|          14|          14|
    |add_ln58_1384_fu_12597_p2  |         +|   0|  0|   18|          11|          11|
    |add_ln58_1385_fu_8637_p2   |         +|   0|  0|   16|           9|           9|
    |add_ln58_1387_fu_8647_p2   |         +|   0|  0|   17|          10|          10|
    |add_ln58_1388_fu_12609_p2  |         +|   0|  0|   19|          12|          12|
    |add_ln58_138_fu_4038_p2    |         +|   0|  0|   16|           9|           9|
    |add_ln58_1390_fu_8653_p2   |         +|   0|  0|   17|          10|          10|
    |add_ln58_1393_fu_8659_p2   |         +|   0|  0|   17|          10|          10|
    |add_ln58_1394_fu_12621_p2  |         +|   0|  0|   18|          11|          11|
    |add_ln58_1395_fu_14223_p2  |         +|   0|  0|   17|          13|          13|
    |add_ln58_1396_fu_8665_p2   |         +|   0|  0|   16|           9|           9|
    |add_ln58_1397_fu_8675_p2   |         +|   0|  0|   17|          10|          10|
    |add_ln58_1398_fu_8681_p2   |         +|   0|  0|   16|           9|           9|
    |add_ln58_1399_fu_8691_p2   |         +|   0|  0|   16|           9|           9|
    |add_ln58_139_fu_1484_p2    |         +|   0|  0|   15|           8|           8|
    |add_ln58_13_fu_2999_p2     |         +|   0|  0|   17|          10|          10|
    |add_ln58_1400_fu_8701_p2   |         +|   0|  0|   17|          10|          10|
    |add_ln58_1401_fu_12633_p2  |         +|   0|  0|   18|          11|          11|
    |add_ln58_1403_fu_8707_p2   |         +|   0|  0|   16|           9|           9|
    |add_ln58_1404_fu_8717_p2   |         +|   0|  0|   17|          10|          10|
    |add_ln58_1406_fu_2666_p2   |         +|   0|  0|   17|          10|          10|
    |add_ln58_1407_fu_12649_p2  |         +|   0|  0|   18|          11|          11|
    |add_ln58_1408_fu_12659_p2  |         +|   0|  0|   19|          12|          12|
    |add_ln58_1409_fu_14232_p2  |         +|   0|  0|   17|          13|          13|
    |add_ln58_140_fu_1490_p2    |         +|   0|  0|   15|           8|           8|
    |add_ln58_1410_fu_2672_p2   |         +|   0|  0|   15|           8|           8|
    |add_ln58_1411_fu_8726_p2   |         +|   0|  0|   16|           9|           9|
    |add_ln58_1412_fu_2678_p2   |         +|   0|  0|   15|           8|           8|
    |add_ln58_1413_fu_2688_p2   |         +|   0|  0|   15|           8|           8|
    |add_ln58_1414_fu_2698_p2   |         +|   0|  0|   16|           9|           9|
    |add_ln58_1415_fu_8739_p2   |         +|   0|  0|   17|          10|          10|
    |add_ln58_141_fu_4054_p2    |         +|   0|  0|   16|           9|           9|
    |add_ln58_1421_fu_8745_p2   |         +|   0|  0|   16|           9|           9|
    |add_ln58_1422_fu_8755_p2   |         +|   0|  0|   17|          10|          10|
    |add_ln58_1423_fu_12671_p2  |         +|   0|  0|   18|          11|          11|
    |add_ln58_1425_fu_8761_p2   |         +|   0|  0|   16|           9|           9|
    |add_ln58_1429_fu_8771_p2   |         +|   0|  0|   17|          10|          10|
    |add_ln58_142_fu_4064_p2    |         +|   0|  0|   17|          10|          10|
    |add_ln58_1432_fu_8777_p2   |         +|   0|  0|   16|           9|           9|
    |add_ln58_1436_fu_8787_p2   |         +|   0|  0|   17|          10|          10|
    |add_ln58_1437_fu_12687_p2  |         +|   0|  0|   18|          11|          11|
    |add_ln58_1438_fu_12697_p2  |         +|   0|  0|   19|          12|          12|
    |add_ln58_1439_fu_14245_p2  |         +|   0|  0|   21|          14|          14|
    |add_ln58_143_fu_1496_p2    |         +|   0|  0|   15|           8|           8|
    |add_ln58_1440_fu_8793_p2   |         +|   0|  0|   16|           9|           9|
    |add_ln58_1441_fu_8803_p2   |         +|   0|  0|   17|          10|          10|
    |add_ln58_1444_fu_8809_p2   |         +|   0|  0|   17|          10|          10|
    |add_ln58_1445_fu_12709_p2  |         +|   0|  0|   18|          11|          11|
    |add_ln58_1448_fu_8815_p2   |         +|   0|  0|   17|          10|          10|
    |add_ln58_1449_fu_8821_p2   |         +|   0|  0|   16|           9|           9|
    |add_ln58_144_fu_1502_p2    |         +|   0|  0|   15|           8|           8|
    |add_ln58_1451_fu_8831_p2   |         +|   0|  0|   17|          10|          10|
    |add_ln58_1452_fu_12725_p2  |         +|   0|  0|   18|          11|          11|
    |add_ln58_1453_fu_12735_p2  |         +|   0|  0|   19|          12|          12|
    |add_ln58_1455_fu_8837_p2   |         +|   0|  0|   17|          10|          10|
    |add_ln58_1458_fu_8843_p2   |         +|   0|  0|   17|          10|          10|
    |add_ln58_1459_fu_12747_p2  |         +|   0|  0|   18|          11|          11|
    |add_ln58_145_fu_4076_p2    |         +|   0|  0|   16|           9|           9|
    |add_ln58_1465_fu_8849_p2   |         +|   0|  0|   17|          10|          10|
    |add_ln58_1466_fu_12760_p2  |         +|   0|  0|   18|          11|          11|
    |add_ln58_1467_fu_12770_p2  |         +|   0|  0|   19|          12|          12|
    |add_ln58_1468_fu_14257_p2  |         +|   0|  0|   20|          13|          13|
    |add_ln58_1469_fu_8858_p2   |         +|   0|  0|   16|           9|           9|
    |add_ln58_146_fu_1508_p2    |         +|   0|  0|   15|           8|           8|
    |add_ln58_1473_fu_8872_p2   |         +|   0|  0|   18|          11|          11|
    |add_ln58_1476_fu_8878_p2   |         +|   0|  0|   16|           9|           9|
    |add_ln58_147_fu_1518_p2    |         +|   0|  0|   15|           8|           8|
    |add_ln58_1480_fu_8888_p2   |         +|   0|  0|   17|          10|          10|
    |add_ln58_1481_fu_12782_p2  |         +|   0|  0|   19|          12|          12|
    |add_ln58_1484_fu_8894_p2   |         +|   0|  0|   16|           9|           9|
    |add_ln58_1485_fu_2704_p2   |         +|   0|  0|   15|           8|           8|
    |add_ln58_1487_fu_8907_p2   |         +|   0|  0|   16|           9|           9|
    |add_ln58_1488_fu_8917_p2   |         +|   0|  0|   17|          10|          10|
    |add_ln58_148_fu_1528_p2    |         +|   0|  0|   16|           9|           9|
    |add_ln58_1490_fu_2710_p2   |         +|   0|  0|   15|           8|           8|
    |add_ln58_1491_fu_8926_p2   |         +|   0|  0|   16|           9|           9|
    |add_ln58_1494_fu_8936_p2   |         +|   0|  0|   16|           9|           9|
    |add_ln58_1495_fu_8946_p2   |         +|   0|  0|   17|          10|          10|
    |add_ln58_1496_fu_12798_p2  |         +|   0|  0|   18|          11|          11|
    |add_ln58_1497_fu_12808_p2  |         +|   0|  0|   20|          13|          13|
    |add_ln58_1498_fu_14270_p2  |         +|   0|  0|   21|          14|          14|
    |add_ln58_149_fu_4089_p2    |         +|   0|  0|   17|          10|          10|
    |add_ln58_14_fu_1226_p2     |         +|   0|  0|   17|          10|          10|
    |add_ln58_1500_fu_8952_p2   |         +|   0|  0|   18|          11|          11|
    |add_ln58_1501_fu_8958_p2   |         +|   0|  0|   16|           9|           9|
    |add_ln58_1503_fu_8967_p2   |         +|   0|  0|   17|          10|          10|
    |add_ln58_1504_fu_12820_p2  |         +|   0|  0|   19|          12|          12|
    |add_ln58_1507_fu_8973_p2   |         +|   0|  0|   17|          10|          10|
    |add_ln58_1509_fu_8979_p2   |         +|   0|  0|   16|           9|           9|
    |add_ln58_150_fu_10309_p2   |         +|   0|  0|   18|          11|          11|
    |add_ln58_1510_fu_8989_p2   |         +|   0|  0|   17|          10|          10|
    |add_ln58_1511_fu_12836_p2  |         +|   0|  0|   18|          11|          11|
    |add_ln58_1512_fu_12846_p2  |         +|   0|  0|   20|          13|          13|
    |add_ln58_1514_fu_8995_p2   |         +|   0|  0|   17|          10|          10|
    |add_ln58_1517_fu_9001_p2   |         +|   0|  0|   17|          10|          10|
    |add_ln58_1518_fu_12858_p2  |         +|   0|  0|   18|          11|          11|
    |add_ln58_151_fu_10319_p2   |         +|   0|  0|   19|          12|          12|
    |add_ln58_1521_fu_9007_p2   |         +|   0|  0|   17|          10|          10|
    |add_ln58_1523_fu_9013_p2   |         +|   0|  0|   16|           9|           9|
    |add_ln58_1524_fu_9023_p2   |         +|   0|  0|   17|          10|          10|
    |add_ln58_1525_fu_12874_p2  |         +|   0|  0|   18|          11|          11|
    |add_ln58_1526_fu_12884_p2  |         +|   0|  0|   19|          12|          12|
    |add_ln58_1527_fu_14279_p2  |         +|   0|  0|   17|          13|          13|
    |add_ln58_1528_fu_2716_p2   |         +|   0|  0|   15|           8|           8|
    |add_ln58_1529_fu_9032_p2   |         +|   0|  0|   16|           9|           9|
    |add_ln58_152_fu_13622_p2   |         +|   0|  0|   21|          14|          14|
    |add_ln58_1532_fu_9042_p2   |         +|   0|  0|   16|           9|           9|
    |add_ln58_1533_fu_9052_p2   |         +|   0|  0|   17|          10|          10|
    |add_ln58_1535_fu_2722_p2   |         +|   0|  0|   15|           8|           8|
    |add_ln58_1536_fu_9061_p2   |         +|   0|  0|   16|           9|           9|
    |add_ln58_153_fu_4095_p2    |         +|   0|  0|   16|           9|           9|
    |add_ln58_1540_fu_9071_p2   |         +|   0|  0|   17|          10|          10|
    |add_ln58_1541_fu_12896_p2  |         +|   0|  0|   18|          11|          11|
    |add_ln58_1543_fu_2728_p2   |         +|   0|  0|   15|           8|           8|
    |add_ln58_1544_fu_9080_p2   |         +|   0|  0|   16|           9|           9|
    |add_ln58_1545_fu_2734_p2   |         +|   0|  0|   15|           8|           8|
    |add_ln58_1546_fu_2740_p2   |         +|   0|  0|   15|           8|           8|
    |add_ln58_1547_fu_9096_p2   |         +|   0|  0|   16|           9|           9|
    |add_ln58_1548_fu_9106_p2   |         +|   0|  0|   17|          10|          10|
    |add_ln58_154_fu_4105_p2    |         +|   0|  0|   17|          10|          10|
    |add_ln58_1550_fu_2746_p2   |         +|   0|  0|   15|           8|           8|
    |add_ln58_1551_fu_9115_p2   |         +|   0|  0|   16|           9|           9|
    |add_ln58_1554_fu_9125_p2   |         +|   0|  0|   16|           9|           9|
    |add_ln58_1555_fu_9134_p2   |         +|   0|  0|   17|          10|          10|
    |add_ln58_1556_fu_12912_p2  |         +|   0|  0|   18|          11|          11|
    |add_ln58_1557_fu_12922_p2  |         +|   0|  0|   19|          12|          12|
    |add_ln58_1558_fu_14287_p2  |         +|   0|  0|   17|          13|          13|
    |add_ln58_155_fu_4111_p2    |         +|   0|  0|   16|           9|           9|
    |add_ln58_1560_fu_12931_p2  |         +|   0|  0|   17|          11|          11|
    |add_ln58_1561_fu_9140_p2   |         +|   0|  0|   16|           9|           9|
    |add_ln58_1562_fu_9150_p2   |         +|   0|  0|   17|          10|          10|
    |add_ln58_1563_fu_12939_p2  |         +|   0|  0|   17|          11|          11|
    |add_ln58_1569_fu_12949_p2  |         +|   0|  0|   18|          11|          11|
    |add_ln58_1570_fu_12959_p2  |         +|   0|  0|   19|          12|          12|
    |add_ln58_1572_fu_9156_p2   |         +|   0|  0|   17|          10|          10|
    |add_ln58_1573_fu_9162_p2   |         +|   0|  0|   16|           9|           9|
    |add_ln58_1574_fu_9172_p2   |         +|   0|  0|   16|           9|           9|
    |add_ln58_1575_fu_9182_p2   |         +|   0|  0|   17|          10|          10|
    |add_ln58_1576_fu_12971_p2  |         +|   0|  0|   18|          11|          11|
    |add_ln58_1577_fu_9188_p2   |         +|   0|  0|   16|           9|           9|
    |add_ln58_1578_fu_9198_p2   |         +|   0|  0|   17|          10|          10|
    |add_ln58_157_fu_4120_p2    |         +|   0|  0|   17|          10|          10|
    |add_ln58_1581_fu_9204_p2   |         +|   0|  0|   17|          10|          10|
    |add_ln58_1582_fu_12987_p2  |         +|   0|  0|   18|          11|          11|
    |add_ln58_1583_fu_12997_p2  |         +|   0|  0|   19|          12|          12|
    |add_ln58_1584_fu_14303_p2  |         +|   0|  0|   20|          13|          13|
    |add_ln58_1585_fu_9213_p2   |         +|   0|  0|   16|           9|           9|
    |add_ln58_1587_fu_2758_p2   |         +|   0|  0|   15|           8|           8|
    |add_ln58_1588_fu_9226_p2   |         +|   0|  0|   16|           9|           9|
    |add_ln58_1589_fu_9236_p2   |         +|   0|  0|   18|          11|          11|
    |add_ln58_158_fu_10331_p2   |         +|   0|  0|   18|          11|          11|
    |add_ln58_1591_fu_9242_p2   |         +|   0|  0|   16|           9|           9|
    |add_ln58_1594_fu_9252_p2   |         +|   0|  0|   16|           9|           9|
    |add_ln58_1595_fu_9262_p2   |         +|   0|  0|   17|          10|          10|
    |add_ln58_1596_fu_13009_p2  |         +|   0|  0|   19|          12|          12|
    |add_ln58_1598_fu_9268_p2   |         +|   0|  0|   16|           9|           9|
    |add_ln58_1599_fu_2764_p2   |         +|   0|  0|   15|           8|           8|
    |add_ln58_159_fu_4126_p2    |         +|   0|  0|   16|           9|           9|
    |add_ln58_15_fu_1232_p2     |         +|   0|  0|   16|           9|           9|
    |add_ln58_1601_fu_9281_p2   |         +|   0|  0|   16|           9|           9|
    |add_ln58_1602_fu_9291_p2   |         +|   0|  0|   17|          10|          10|
    |add_ln58_1603_fu_2770_p2   |         +|   0|  0|   15|           8|           8|
    |add_ln58_1604_fu_2780_p2   |         +|   0|  0|   16|           9|           9|
    |add_ln58_1607_fu_9300_p2   |         +|   0|  0|   16|           9|           9|
    |add_ln58_1608_fu_9310_p2   |         +|   0|  0|   17|          10|          10|
    |add_ln58_1609_fu_13025_p2  |         +|   0|  0|   18|          11|          11|
    |add_ln58_1610_fu_13035_p2  |         +|   0|  0|   20|          13|          13|
    |add_ln58_1611_fu_14316_p2  |         +|   0|  0|   21|          14|          14|
    |add_ln58_1613_fu_9320_p2   |         +|   0|  0|   17|          10|          10|
    |add_ln58_1614_fu_9326_p2   |         +|   0|  0|   16|           9|           9|
    |add_ln58_1616_fu_9336_p2   |         +|   0|  0|   17|          10|          10|
    |add_ln58_1617_fu_13047_p2  |         +|   0|  0|   18|          11|          11|
    |add_ln58_161_fu_4136_p2    |         +|   0|  0|   17|          10|          10|
    |add_ln58_1620_fu_9342_p2   |         +|   0|  0|   17|          10|          10|
    |add_ln58_1623_fu_9348_p2   |         +|   0|  0|   17|          10|          10|
    |add_ln58_1624_fu_13063_p2  |         +|   0|  0|   18|          11|          11|
    |add_ln58_1625_fu_13073_p2  |         +|   0|  0|   19|          12|          12|
    |add_ln58_1627_fu_9354_p2   |         +|   0|  0|   17|          10|          10|
    |add_ln58_1628_fu_9360_p2   |         +|   0|  0|   16|           9|           9|
    |add_ln58_162_fu_4142_p2    |         +|   0|  0|   16|           9|           9|
    |add_ln58_1630_fu_9370_p2   |         +|   0|  0|   17|          10|          10|
    |add_ln58_1631_fu_13085_p2  |         +|   0|  0|   18|          11|          11|
    |add_ln58_1637_fu_9376_p2   |         +|   0|  0|   17|          10|          10|
    |add_ln58_1638_fu_13098_p2  |         +|   0|  0|   18|          11|          11|
    |add_ln58_1639_fu_13108_p2  |         +|   0|  0|   19|          12|          12|
    |add_ln58_163_fu_4152_p2    |         +|   0|  0|   16|           9|           9|
    |add_ln58_1640_fu_14328_p2  |         +|   0|  0|   20|          13|          13|
    |add_ln58_1641_fu_9382_p2   |         +|   0|  0|   16|           9|           9|
    |add_ln58_1642_fu_9392_p2   |         +|   0|  0|   18|          10|          10|
    |add_ln58_1646_fu_9398_p2   |         +|   0|  0|   18|          10|          10|
    |add_ln58_1649_fu_9404_p2   |         +|   0|  0|   16|           9|           9|
    |add_ln58_164_fu_4162_p2    |         +|   0|  0|   17|          10|          10|
    |add_ln58_1652_fu_9413_p2   |         +|   0|  0|   16|           9|           9|
    |add_ln58_1653_fu_9423_p2   |         +|   0|  0|   17|          10|          10|
    |add_ln58_1654_fu_13120_p2  |         +|   0|  0|   19|          12|          12|
    |add_ln58_1655_fu_2786_p2   |         +|   0|  0|   15|           8|           8|
    |add_ln58_1656_fu_2796_p2   |         +|   0|  0|   16|           9|           9|
    |add_ln58_1659_fu_9432_p2   |         +|   0|  0|   16|           9|           9|
    |add_ln58_165_fu_10347_p2   |         +|   0|  0|   18|          11|          11|
    |add_ln58_1660_fu_9441_p2   |         +|   0|  0|   17|          10|          10|
    |add_ln58_1663_fu_9447_p2   |         +|   0|  0|   16|           9|           9|
    |add_ln58_1667_fu_9456_p2   |         +|   0|  0|   17|          10|          10|
    |add_ln58_1668_fu_13136_p2  |         +|   0|  0|   18|          11|          11|
    |add_ln58_1669_fu_13146_p2  |         +|   0|  0|   20|          13|          13|
    |add_ln58_166_fu_10357_p2   |         +|   0|  0|   19|          12|          12|
    |add_ln58_1670_fu_14341_p2  |         +|   0|  0|   21|          14|          14|
    |add_ln58_1671_fu_9462_p2   |         +|   0|  0|   16|           9|           9|
    |add_ln58_1672_fu_9472_p2   |         +|   0|  0|   17|          10|          10|
    |add_ln58_1675_fu_9478_p2   |         +|   0|  0|   17|          10|          10|
    |add_ln58_1676_fu_13158_p2  |         +|   0|  0|   18|          11|          11|
    |add_ln58_1679_fu_9484_p2   |         +|   0|  0|   17|          10|          10|
    |add_ln58_167_fu_4168_p2    |         +|   0|  0|   16|           9|           9|
    |add_ln58_1681_fu_9490_p2   |         +|   0|  0|   16|           9|           9|
    |add_ln58_1682_fu_9500_p2   |         +|   0|  0|   17|          10|          10|
    |add_ln58_1683_fu_13174_p2  |         +|   0|  0|   18|          11|          11|
    |add_ln58_1684_fu_13184_p2  |         +|   0|  0|   19|          12|          12|
    |add_ln58_1686_fu_9506_p2   |         +|   0|  0|   17|          10|          10|
    |add_ln58_168_fu_4178_p2    |         +|   0|  0|   17|          10|          10|
    |add_ln58_1690_fu_13193_p2  |         +|   0|  0|   18|          11|          11|
    |add_ln58_1693_fu_9512_p2   |         +|   0|  0|   17|          10|          10|
    |add_ln58_1696_fu_9518_p2   |         +|   0|  0|   17|          10|          10|
    |add_ln58_1697_fu_13209_p2  |         +|   0|  0|   18|          11|          11|
    |add_ln58_1698_fu_13219_p2  |         +|   0|  0|   19|          12|          12|
    |add_ln58_1699_fu_14353_p2  |         +|   0|  0|   20|          13|          13|
    |add_ln58_169_fu_4184_p2    |         +|   0|  0|   16|           9|           9|
    |add_ln58_16_fu_3007_p2     |         +|   0|  0|   16|           9|           9|
    |add_ln58_1700_fu_9524_p2   |         +|   0|  0|   16|           9|           9|
    |add_ln58_1701_fu_9534_p2   |         +|   0|  0|   18|          10|          10|
    |add_ln58_1703_fu_2802_p2   |         +|   0|  0|   15|           8|           8|
    |add_ln58_1704_fu_9543_p2   |         +|   0|  0|   16|           9|           9|
    |add_ln58_1705_fu_9553_p2   |         +|   0|  0|   18|          10|          10|
    |add_ln58_1707_fu_2808_p2   |         +|   0|  0|   15|           8|           8|
    |add_ln58_1708_fu_2818_p2   |         +|   0|  0|   16|           9|           9|
    |add_ln58_170_fu_4194_p2    |         +|   0|  0|   16|           9|           9|
    |add_ln58_1712_fu_9562_p2   |         +|   0|  0|   17|          10|          10|
    |add_ln58_1713_fu_13231_p2  |         +|   0|  0|   19|          12|          12|
    |add_ln58_1716_fu_9568_p2   |         +|   0|  0|   16|           9|           9|
    |add_ln58_1717_fu_2824_p2   |         +|   0|  0|   15|           8|           8|
    |add_ln58_1719_fu_2834_p2   |         +|   0|  0|   16|           9|           9|
    |add_ln58_171_fu_4204_p2    |         +|   0|  0|   17|          10|          10|
    |add_ln58_1720_fu_9581_p2   |         +|   0|  0|   17|          10|          10|
    |add_ln58_1723_fu_9587_p2   |         +|   0|  0|   16|           9|           9|
    |add_ln58_1724_fu_2840_p2   |         +|   0|  0|   15|           8|           8|
    |add_ln58_1726_fu_9600_p2   |         +|   0|  0|   16|           9|           9|
    |add_ln58_1727_fu_9610_p2   |         +|   0|  0|   17|          10|          10|
    |add_ln58_1728_fu_13247_p2  |         +|   0|  0|   18|          11|          11|
    |add_ln58_1729_fu_13257_p2  |         +|   0|  0|   20|          13|          13|
    |add_ln58_172_fu_10369_p2   |         +|   0|  0|   17|          11|          11|
    |add_ln58_1730_fu_14366_p2  |         +|   0|  0|   21|          14|          14|
    |add_ln58_1732_fu_9620_p2   |         +|   0|  0|   18|          11|          11|
    |add_ln58_1735_fu_9626_p2   |         +|   0|  0|   17|          10|          10|
    |add_ln58_1736_fu_13269_p2  |         +|   0|  0|   19|          12|          12|
    |add_ln58_1737_fu_9632_p2   |         +|   0|  0|   16|           9|           9|
    |add_ln58_1738_fu_9642_p2   |         +|   0|  0|   17|          10|          10|
    |add_ln58_173_fu_1540_p2    |         +|   0|  0|   15|           8|           8|
    |add_ln58_1740_fu_9648_p2   |         +|   0|  0|   16|           9|           9|
    |add_ln58_1741_fu_9658_p2   |         +|   0|  0|   17|          10|          10|
    |add_ln58_1742_fu_13281_p2  |         +|   0|  0|   18|          11|          11|
    |add_ln58_1743_fu_14378_p2  |         +|   0|  0|   17|          13|          13|
    |add_ln58_1745_fu_9664_p2   |         +|   0|  0|   17|          10|          10|
    |add_ln58_1748_fu_9670_p2   |         +|   0|  0|   17|          10|          10|
    |add_ln58_1749_fu_13293_p2  |         +|   0|  0|   18|          11|          11|
    |add_ln58_174_fu_4216_p2    |         +|   0|  0|   17|          10|          10|
    |add_ln58_1752_fu_9676_p2   |         +|   0|  0|   17|          10|          10|
    |add_ln58_1754_fu_9685_p2   |         +|   0|  0|   17|          10|          10|
    |add_ln58_1755_fu_13309_p2  |         +|   0|  0|   18|          11|          11|
    |add_ln58_1756_fu_13319_p2  |         +|   0|  0|   19|          12|          12|
    |add_ln58_1757_fu_14387_p2  |         +|   0|  0|   17|          13|          13|
    |add_ln58_1759_fu_9691_p2   |         +|   0|  0|   16|           9|           9|
    |add_ln58_175_fu_1546_p2    |         +|   0|  0|   15|           8|           8|
    |add_ln58_1762_fu_9701_p2   |         +|   0|  0|   16|           9|           9|
    |add_ln58_1763_fu_9711_p2   |         +|   0|  0|   17|          10|          10|
    |add_ln58_1764_fu_2846_p2   |         +|   0|  0|   15|           8|           8|
    |add_ln58_1765_fu_2856_p2   |         +|   0|  0|   16|           9|           9|
    |add_ln58_1768_fu_9720_p2   |         +|   0|  0|   16|           9|           9|
    |add_ln58_1769_fu_9729_p2   |         +|   0|  0|   17|          10|          10|
    |add_ln58_176_fu_1552_p2    |         +|   0|  0|   15|           8|           8|
    |add_ln58_1770_fu_13331_p2  |         +|   0|  0|   18|          11|          11|
    |add_ln58_1772_fu_9735_p2   |         +|   0|  0|   16|           9|           9|
    |add_ln58_1775_fu_9745_p2   |         +|   0|  0|   16|           9|           9|
    |add_ln58_1776_fu_9755_p2   |         +|   0|  0|   17|          10|          10|
    |add_ln58_1779_fu_9761_p2   |         +|   0|  0|   16|           9|           9|
    |add_ln58_177_fu_4232_p2    |         +|   0|  0|   16|           9|           9|
    |add_ln58_1782_fu_9770_p2   |         +|   0|  0|   16|           9|           9|
    |add_ln58_1783_fu_9780_p2   |         +|   0|  0|   17|          10|          10|
    |add_ln58_1784_fu_13347_p2  |         +|   0|  0|   18|          11|          11|
    |add_ln58_1785_fu_13357_p2  |         +|   0|  0|   19|          12|          12|
    |add_ln58_1786_fu_14400_p2  |         +|   0|  0|   21|          14|          14|
    |add_ln58_1788_fu_13363_p2  |         +|   0|  0|   18|          11|          11|
    |add_ln58_178_fu_4242_p2    |         +|   0|  0|   18|          11|          11|
    |add_ln58_1791_fu_9790_p2   |         +|   0|  0|   17|          10|          10|
    |add_ln58_1792_fu_13375_p2  |         +|   0|  0|   19|          12|          12|
    |add_ln58_1794_fu_9796_p2   |         +|   0|  0|   16|           9|           9|
    |add_ln58_1795_fu_9806_p2   |         +|   0|  0|   17|          10|          10|
    |add_ln58_1798_fu_9812_p2   |         +|   0|  0|   17|          10|          10|
    |add_ln58_1799_fu_13387_p2  |         +|   0|  0|   18|          11|          11|
    |add_ln58_179_fu_10375_p2   |         +|   0|  0|   17|          11|          11|
    |add_ln58_17_fu_1238_p2     |         +|   0|  0|   15|           8|           8|
    |add_ln58_1800_fu_14412_p2  |         +|   0|  0|   17|          13|          13|
    |add_ln58_1804_fu_9818_p2   |         +|   0|  0|   16|           9|           9|
    |add_ln58_1805_fu_9828_p2   |         +|   0|  0|   17|          10|          10|
    |add_ln58_1806_fu_13396_p2  |         +|   0|  0|   18|          11|          11|
    |add_ln58_1809_fu_9834_p2   |         +|   0|  0|   17|          10|          10|
    |add_ln58_180_fu_13634_p2   |         +|   0|  0|   20|          13|          13|
    |add_ln58_1812_fu_9840_p2   |         +|   0|  0|   17|          10|          10|
    |add_ln58_1813_fu_13412_p2  |         +|   0|  0|   18|          11|          11|
    |add_ln58_1814_fu_13422_p2  |         +|   0|  0|   19|          12|          12|
    |add_ln58_1815_fu_14421_p2  |         +|   0|  0|   17|          13|          13|
    |add_ln58_1817_fu_9846_p2   |         +|   0|  0|   17|          10|          10|
    |add_ln58_181_fu_1558_p2    |         +|   0|  0|   15|           8|           8|
    |add_ln58_1820_fu_9852_p2   |         +|   0|  0|   17|          10|          10|
    |add_ln58_1821_fu_13434_p2  |         +|   0|  0|   17|          11|          11|
    |add_ln58_1822_fu_2862_p2   |         +|   0|  0|   15|           8|           8|
    |add_ln58_1824_fu_9861_p2   |         +|   0|  0|   16|           9|           9|
    |add_ln58_1827_fu_9871_p2   |         +|   0|  0|   16|           9|           9|
    |add_ln58_1828_fu_9881_p2   |         +|   0|  0|   17|          10|          10|
    |add_ln58_1829_fu_13443_p2  |         +|   0|  0|   17|          11|          11|
    |add_ln58_182_fu_4251_p2    |         +|   0|  0|   16|           9|           9|
    |add_ln58_1831_fu_2868_p2   |         +|   0|  0|   15|           8|           8|
    |add_ln58_1832_fu_2878_p2   |         +|   0|  0|   16|           9|           9|
    |add_ln58_1835_fu_2884_p2   |         +|   0|  0|   16|           9|           9|
    |add_ln58_1836_fu_9893_p2   |         +|   0|  0|   17|          10|          10|
    |add_ln58_1837_fu_2890_p2   |         +|   0|  0|   15|           8|           8|
    |add_ln58_1839_fu_2900_p2   |         +|   0|  0|   16|           9|           9|
    |add_ln58_183_fu_1564_p2    |         +|   0|  0|   15|           8|           8|
    |add_ln58_1841_fu_2906_p2   |         +|   0|  0|   15|           8|           8|
    |add_ln58_1842_fu_2916_p2   |         +|   0|  0|   16|           9|           9|
    |add_ln58_1843_fu_9909_p2   |         +|   0|  0|   17|          10|          10|
    |add_ln58_1844_fu_9919_p2   |         +|   0|  0|   18|          11|          11|
    |add_ln58_1845_fu_13456_p2  |         +|   0|  0|   20|          13|          13|
    |add_ln58_1846_fu_14434_p2  |         +|   0|  0|   21|          14|          14|
    |add_ln58_1848_fu_13465_p2  |         +|   0|  0|   17|          11|          11|
    |add_ln58_1849_fu_9925_p2   |         +|   0|  0|   16|           9|           9|
    |add_ln58_1850_fu_9935_p2   |         +|   0|  0|   17|          10|          10|
    |add_ln58_1851_fu_13473_p2  |         +|   0|  0|   17|          11|          11|
    |add_ln58_1853_fu_9941_p2   |         +|   0|  0|   17|          10|          10|
    |add_ln58_1856_fu_9947_p2   |         +|   0|  0|   17|          10|          10|
    |add_ln58_1857_fu_13489_p2  |         +|   0|  0|   18|          11|          11|
    |add_ln58_1858_fu_13499_p2  |         +|   0|  0|   19|          12|          12|
    |add_ln58_185_fu_4261_p2    |         +|   0|  0|   16|           9|           9|
    |add_ln58_1862_fu_9953_p2   |         +|   0|  0|   16|           9|           9|
    |add_ln58_1863_fu_9963_p2   |         +|   0|  0|   17|          10|          10|
    |add_ln58_1864_fu_13508_p2  |         +|   0|  0|   18|          11|          11|
    |add_ln58_1866_fu_9969_p2   |         +|   0|  0|   17|          10|          10|
    |add_ln58_1868_fu_9975_p2   |         +|   0|  0|   16|           9|           9|
    |add_ln58_1869_fu_9985_p2   |         +|   0|  0|   17|          10|          10|
    |add_ln58_186_fu_4270_p2    |         +|   0|  0|   17|          10|          10|
    |add_ln58_1870_fu_13524_p2  |         +|   0|  0|   18|          11|          11|
    |add_ln58_1871_fu_13534_p2  |         +|   0|  0|   19|          12|          12|
    |add_ln58_1872_fu_14446_p2  |         +|   0|  0|   20|          13|          13|
    |add_ln58_1874_fu_9991_p2   |         +|   0|  0|   16|           9|           9|
    |add_ln58_1875_fu_2922_p2   |         +|   0|  0|   15|           8|           8|
    |add_ln58_1876_fu_2932_p2   |         +|   0|  0|   15|           8|           8|
    |add_ln58_1877_fu_2942_p2   |         +|   0|  0|   16|           9|           9|
    |add_ln58_1878_fu_10004_p2  |         +|   0|  0|   17|          10|          10|
    |add_ln58_187_fu_1574_p2    |         +|   0|  0|   15|           8|           8|
    |add_ln58_1880_fu_10010_p2  |         +|   0|  0|   16|           9|           9|
    |add_ln58_1883_fu_10020_p2  |         +|   0|  0|   16|           9|           9|
    |add_ln58_1884_fu_10030_p2  |         +|   0|  0|   17|          10|          10|
    |add_ln58_1885_fu_13546_p2  |         +|   0|  0|   18|          11|          11|
    |add_ln58_1886_fu_2948_p2   |         +|   0|  0|   15|           8|           8|
    |add_ln58_1887_fu_10039_p2  |         +|   0|  0|   16|           9|           9|
    |add_ln58_188_fu_1580_p2    |         +|   0|  0|   15|           8|           8|
    |add_ln58_1890_fu_10049_p2  |         +|   0|  0|   16|           9|           9|
    |add_ln58_1891_fu_10059_p2  |         +|   0|  0|   17|          10|          10|
    |add_ln58_1893_fu_10065_p2  |         +|   0|  0|   16|           9|           9|
    |add_ln58_1897_fu_10074_p2  |         +|   0|  0|   17|          10|          10|
    |add_ln58_1898_fu_13562_p2  |         +|   0|  0|   18|          11|          11|
    |add_ln58_1899_fu_13572_p2  |         +|   0|  0|   19|          12|          12|
    |add_ln58_189_fu_4282_p2    |         +|   0|  0|   16|           9|           9|
    |add_ln58_18_fu_1248_p2     |         +|   0|  0|   17|          10|          10|
    |add_ln58_1900_fu_14459_p2  |         +|   0|  0|   21|          14|          14|
    |add_ln58_191_fu_1586_p2    |         +|   0|  0|   15|           8|           8|
    |add_ln58_192_fu_4295_p2    |         +|   0|  0|   16|           9|           9|
    |add_ln58_193_fu_4305_p2    |         +|   0|  0|   17|          10|          10|
    |add_ln58_194_fu_10386_p2   |         +|   0|  0|   18|          11|          11|
    |add_ln58_195_fu_1592_p2    |         +|   0|  0|   15|           8|           8|
    |add_ln58_196_fu_1598_p2    |         +|   0|  0|   15|           8|           8|
    |add_ln58_197_fu_4317_p2    |         +|   0|  0|   16|           9|           9|
    |add_ln58_198_fu_1604_p2    |         +|   0|  0|   15|           8|           8|
    |add_ln58_199_fu_1614_p2    |         +|   0|  0|   15|           8|           8|
    |add_ln58_19_fu_3031_p2     |         +|   0|  0|   17|          10|          10|
    |add_ln58_200_fu_4327_p2    |         +|   0|  0|   16|           9|           9|
    |add_ln58_201_fu_4335_p2    |         +|   0|  0|   17|          10|          10|
    |add_ln58_202_fu_1624_p2    |         +|   0|  0|   15|           8|           8|
    |add_ln58_203_fu_1630_p2    |         +|   0|  0|   15|           8|           8|
    |add_ln58_204_fu_4347_p2    |         +|   0|  0|   16|           9|           9|
    |add_ln58_205_fu_1636_p2    |         +|   0|  0|   15|           8|           8|
    |add_ln58_207_fu_4360_p2    |         +|   0|  0|   16|           9|           9|
    |add_ln58_208_fu_4370_p2    |         +|   0|  0|   17|          10|          10|
    |add_ln58_209_fu_10402_p2   |         +|   0|  0|   18|          11|          11|
    |add_ln58_20_fu_3041_p2     |         +|   0|  0|   17|          10|          10|
    |add_ln58_210_fu_10412_p2   |         +|   0|  0|   19|          12|          12|
    |add_ln58_211_fu_13647_p2   |         +|   0|  0|   21|          14|          14|
    |add_ln58_212_fu_4376_p2    |         +|   0|  0|   16|           9|           9|
    |add_ln58_213_fu_10421_p2   |         +|   0|  0|   18|          11|          11|
    |add_ln58_214_fu_4381_p2    |         +|   0|  0|   16|           9|           9|
    |add_ln58_215_fu_4391_p2    |         +|   0|  0|   16|           9|           9|
    |add_ln58_216_fu_4401_p2    |         +|   0|  0|   17|          10|          10|
    |add_ln58_217_fu_10434_p2   |         +|   0|  0|   19|          12|          12|
    |add_ln58_219_fu_4407_p2    |         +|   0|  0|   17|          10|          10|
    |add_ln58_21_fu_3050_p2     |         +|   0|  0|   16|           9|           9|
    |add_ln58_220_fu_4413_p2    |         +|   0|  0|   16|           9|           9|
    |add_ln58_221_fu_4423_p2    |         +|   0|  0|   16|           9|           9|
    |add_ln58_222_fu_4433_p2    |         +|   0|  0|   17|          10|          10|
    |add_ln58_223_fu_10446_p2   |         +|   0|  0|   18|          11|          11|
    |add_ln58_224_fu_13659_p2   |         +|   0|  0|   17|          13|          13|
    |add_ln58_225_fu_4439_p2    |         +|   0|  0|   16|           9|           9|
    |add_ln58_226_fu_4449_p2    |         +|   0|  0|   17|          10|          10|
    |add_ln58_227_fu_4455_p2    |         +|   0|  0|   16|           9|           9|
    |add_ln58_229_fu_4465_p2    |         +|   0|  0|   17|          10|          10|
    |add_ln58_22_fu_3059_p2     |         +|   0|  0|   17|          10|          10|
    |add_ln58_230_fu_10458_p2   |         +|   0|  0|   18|          11|          11|
    |add_ln58_231_fu_4471_p2    |         +|   0|  0|   16|           9|           9|
    |add_ln58_232_fu_4481_p2    |         +|   0|  0|   16|           9|           9|
    |add_ln58_233_fu_4491_p2    |         +|   0|  0|   17|          10|          10|
    |add_ln58_236_fu_10471_p2   |         +|   0|  0|   18|          11|          11|
    |add_ln58_237_fu_10481_p2   |         +|   0|  0|   19|          12|          12|
    |add_ln58_238_fu_13668_p2   |         +|   0|  0|   17|          13|          13|
    |add_ln58_23_fu_3064_p2     |         +|   0|  0|   17|          10|          10|
    |add_ln58_240_fu_4497_p2    |         +|   0|  0|   16|           9|           9|
    |add_ln58_243_fu_4507_p2    |         +|   0|  0|   16|           9|           9|
    |add_ln58_244_fu_4516_p2    |         +|   0|  0|   17|          10|          10|
    |add_ln58_245_fu_1642_p2    |         +|   0|  0|   15|           8|           8|
    |add_ln58_247_fu_4522_p2    |         +|   0|  0|   16|           9|           9|
    |add_ln58_249_fu_1652_p2    |         +|   0|  0|   15|           8|           8|
    |add_ln58_24_fu_3079_p2     |         +|   0|  0|   17|          10|          10|
    |add_ln58_250_fu_4534_p2    |         +|   0|  0|   16|           9|           9|
    |add_ln58_251_fu_4544_p2    |         +|   0|  0|   17|          10|          10|
    |add_ln58_252_fu_10493_p2   |         +|   0|  0|   18|          11|          11|
    |add_ln58_253_fu_1658_p2    |         +|   0|  0|   15|           8|           8|
    |add_ln58_254_fu_1668_p2    |         +|   0|  0|   16|           9|           9|
    |add_ln58_255_fu_1674_p2    |         +|   0|  0|   15|           8|           8|
    |add_ln58_256_fu_1684_p2    |         +|   0|  0|   15|           8|           8|
    |add_ln58_257_fu_1694_p2    |         +|   0|  0|   16|           9|           9|
    |add_ln58_258_fu_4556_p2    |         +|   0|  0|   17|          10|          10|
    |add_ln58_259_fu_1700_p2    |         +|   0|  0|   15|           8|           8|
    |add_ln58_25_fu_3088_p2     |         +|   0|  0|   18|          10|          10|
    |add_ln58_260_fu_1710_p2    |         +|   0|  0|   15|           8|           8|
    |add_ln58_261_fu_1720_p2    |         +|   0|  0|   16|           9|           9|
    |add_ln58_265_fu_4569_p2    |         +|   0|  0|   17|          10|          10|
    |add_ln58_266_fu_4579_p2    |         +|   0|  0|   18|          11|          11|
    |add_ln58_267_fu_10506_p2   |         +|   0|  0|   19|          12|          12|
    |add_ln58_268_fu_13681_p2   |         +|   0|  0|   21|          14|          14|
    |add_ln58_269_fu_4585_p2    |         +|   0|  0|   16|           9|           9|
    |add_ln58_26_fu_3097_p2     |         +|   0|  0|   18|          10|          10|
    |add_ln58_270_fu_4594_p2    |         +|   0|  0|   17|          10|          10|
    |add_ln58_272_fu_4600_p2    |         +|   0|  0|   16|           9|           9|
    |add_ln58_273_fu_4610_p2    |         +|   0|  0|   17|          10|          10|
    |add_ln58_274_fu_10518_p2   |         +|   0|  0|   18|          11|          11|
    |add_ln58_275_fu_4616_p2    |         +|   0|  0|   16|           9|           9|
    |add_ln58_277_fu_4626_p2    |         +|   0|  0|   17|          10|          10|
    |add_ln58_278_fu_4632_p2    |         +|   0|  0|   16|           9|           9|
    |add_ln58_279_fu_4642_p2    |         +|   0|  0|   16|           9|           9|
    |add_ln58_27_fu_3113_p2     |         +|   0|  0|   18|          10|          10|
    |add_ln58_280_fu_4652_p2    |         +|   0|  0|   17|          10|          10|
    |add_ln58_281_fu_10534_p2   |         +|   0|  0|   18|          11|          11|
    |add_ln58_282_fu_10544_p2   |         +|   0|  0|   19|          12|          12|
    |add_ln58_283_fu_4658_p2    |         +|   0|  0|   16|           9|           9|
    |add_ln58_284_fu_4668_p2    |         +|   0|  0|   16|           9|           9|
    |add_ln58_285_fu_4678_p2    |         +|   0|  0|   17|          10|          10|
    |add_ln58_287_fu_4684_p2    |         +|   0|  0|   16|           9|           9|
    |add_ln58_288_fu_4694_p2    |         +|   0|  0|   17|          10|          10|
    |add_ln58_289_fu_10556_p2   |         +|   0|  0|   18|          11|          11|
    |add_ln58_28_fu_3122_p2     |         +|   0|  0|   16|           9|           9|
    |add_ln58_290_fu_4700_p2    |         +|   0|  0|   16|           9|           9|
    |add_ln58_291_fu_4710_p2    |         +|   0|  0|   16|           9|           9|
    |add_ln58_292_fu_4720_p2    |         +|   0|  0|   17|          10|          10|
    |add_ln58_293_fu_4726_p2    |         +|   0|  0|   16|           9|           9|
    |add_ln58_294_fu_1726_p2    |         +|   0|  0|   15|           8|           8|
    |add_ln58_295_fu_4735_p2    |         +|   0|  0|   16|           9|           9|
    |add_ln58_296_fu_10572_p2   |         +|   0|  0|   18|          11|          11|
    |add_ln58_297_fu_10582_p2   |         +|   0|  0|   19|          12|          12|
    |add_ln58_298_fu_13693_p2   |         +|   0|  0|   20|          13|          13|
    |add_ln58_299_fu_1732_p2    |         +|   0|  0|   15|           8|           8|
    |add_ln58_29_fu_3132_p2     |         +|   0|  0|   18|          10|          10|
    |add_ln58_2_fu_1137_p2      |         +|   0|  0|   16|           9|           9|
    |add_ln58_300_fu_4744_p2    |         +|   0|  0|   16|           9|           9|
    |add_ln58_303_fu_4754_p2    |         +|   0|  0|   16|           9|           9|
    |add_ln58_304_fu_4764_p2    |         +|   0|  0|   17|          10|          10|
    |add_ln58_305_fu_1738_p2    |         +|   0|  0|   15|           8|           8|
    |add_ln58_307_fu_4773_p2    |         +|   0|  0|   16|           9|           9|
    |add_ln58_309_fu_1744_p2    |         +|   0|  0|   15|           8|           8|
    |add_ln58_30_fu_1280_p2     |         +|   0|  0|   16|           9|           9|
    |add_ln58_310_fu_4786_p2    |         +|   0|  0|   16|           9|           9|
    |add_ln58_311_fu_4796_p2    |         +|   0|  0|   17|          10|          10|
    |add_ln58_312_fu_10594_p2   |         +|   0|  0|   18|          11|          11|
    |add_ln58_313_fu_1750_p2    |         +|   0|  0|   15|           8|           8|
    |add_ln58_314_fu_1756_p2    |         +|   0|  0|   15|           8|           8|
    |add_ln58_315_fu_4808_p2    |         +|   0|  0|   16|           9|           9|
    |add_ln58_316_fu_1762_p2    |         +|   0|  0|   15|           8|           8|
    |add_ln58_318_fu_4821_p2    |         +|   0|  0|   16|           9|           9|
    |add_ln58_319_fu_4831_p2    |         +|   0|  0|   17|          10|          10|
    |add_ln58_31_fu_3150_p2     |         +|   0|  0|   17|          10|          10|
    |add_ln58_320_fu_1768_p2    |         +|   0|  0|   15|           8|           8|
    |add_ln58_321_fu_1774_p2    |         +|   0|  0|   15|           8|           8|
    |add_ln58_322_fu_4843_p2    |         +|   0|  0|   16|           9|           9|
    |add_ln58_323_fu_1780_p2    |         +|   0|  0|   15|           8|           8|
    |add_ln58_324_fu_1786_p2    |         +|   0|  0|   15|           8|           8|
    |add_ln58_325_fu_4859_p2    |         +|   0|  0|   16|           9|           9|
    |add_ln58_326_fu_4869_p2    |         +|   0|  0|   17|          10|          10|
    |add_ln58_327_fu_10610_p2   |         +|   0|  0|   18|          11|          11|
    |add_ln58_328_fu_10620_p2   |         +|   0|  0|   19|          12|          12|
    |add_ln58_329_fu_13706_p2   |         +|   0|  0|   21|          14|          14|
    |add_ln58_32_fu_1286_p2     |         +|   0|  0|   15|           8|           8|
    |add_ln58_331_fu_4882_p2    |         +|   0|  0|   18|          11|          11|
    |add_ln58_332_fu_4888_p2    |         +|   0|  0|   16|           9|           9|
    |add_ln58_334_fu_4897_p2    |         +|   0|  0|   17|          10|          10|
    |add_ln58_335_fu_10632_p2   |         +|   0|  0|   19|          12|          12|
    |add_ln58_336_fu_4903_p2    |         +|   0|  0|   16|           9|           9|
    |add_ln58_337_fu_4913_p2    |         +|   0|  0|   16|           9|           9|
    |add_ln58_338_fu_4923_p2    |         +|   0|  0|   17|          10|          10|
    |add_ln58_33_fu_1296_p2     |         +|   0|  0|   15|           8|           8|
    |add_ln58_340_fu_4929_p2    |         +|   0|  0|   16|           9|           9|
    |add_ln58_341_fu_4939_p2    |         +|   0|  0|   17|          10|          10|
    |add_ln58_342_fu_10644_p2   |         +|   0|  0|   18|          11|          11|
    |add_ln58_343_fu_13718_p2   |         +|   0|  0|   17|          13|          13|
    |add_ln58_344_fu_4945_p2    |         +|   0|  0|   16|           9|           9|
    |add_ln58_345_fu_4955_p2    |         +|   0|  0|   17|          10|          10|
    |add_ln58_346_fu_4961_p2    |         +|   0|  0|   16|           9|           9|
    |add_ln58_347_fu_4971_p2    |         +|   0|  0|   16|           9|           9|
    |add_ln58_348_fu_4981_p2    |         +|   0|  0|   17|          10|          10|
    |add_ln58_349_fu_10656_p2   |         +|   0|  0|   18|          11|          11|
    |add_ln58_34_fu_1306_p2     |         +|   0|  0|   16|           9|           9|
    |add_ln58_350_fu_4987_p2    |         +|   0|  0|   16|           9|           9|
    |add_ln58_352_fu_4997_p2    |         +|   0|  0|   17|          10|          10|
    |add_ln58_354_fu_5003_p2    |         +|   0|  0|   16|           9|           9|
    |add_ln58_355_fu_5013_p2    |         +|   0|  0|   17|          10|          10|
    |add_ln58_356_fu_10672_p2   |         +|   0|  0|   18|          11|          11|
    |add_ln58_357_fu_10682_p2   |         +|   0|  0|   19|          12|          12|
    |add_ln58_358_fu_13727_p2   |         +|   0|  0|   17|          13|          13|
    |add_ln58_359_fu_5019_p2    |         +|   0|  0|   16|           9|           9|
    |add_ln58_35_fu_3162_p2     |         +|   0|  0|   18|          11|          11|
    |add_ln58_360_fu_5029_p2    |         +|   0|  0|   17|          10|          10|
    |add_ln58_362_fu_5035_p2    |         +|   0|  0|   16|           9|           9|
    |add_ln58_363_fu_5045_p2    |         +|   0|  0|   17|          10|          10|
    |add_ln58_364_fu_10694_p2   |         +|   0|  0|   17|          11|          11|
    |add_ln58_365_fu_1792_p2    |         +|   0|  0|   15|           8|           8|
    |add_ln58_366_fu_1798_p2    |         +|   0|  0|   15|           8|           8|
    |add_ln58_367_fu_5057_p2    |         +|   0|  0|   16|           9|           9|
    |add_ln58_36_fu_3468_p2     |         +|   0|  0|   16|           9|           9|
    |add_ln58_370_fu_5067_p2    |         +|   0|  0|   16|           9|           9|
    |add_ln58_371_fu_5075_p2    |         +|   0|  0|   17|          10|          10|
    |add_ln58_372_fu_10703_p2   |         +|   0|  0|   17|          11|          11|
    |add_ln58_373_fu_1804_p2    |         +|   0|  0|   15|           8|           8|
    |add_ln58_374_fu_1810_p2    |         +|   0|  0|   15|           8|           8|
    |add_ln58_375_fu_5087_p2    |         +|   0|  0|   16|           9|           9|
    |add_ln58_377_fu_1816_p2    |         +|   0|  0|   15|           8|           8|
    |add_ln58_378_fu_5100_p2    |         +|   0|  0|   16|           9|           9|
    |add_ln58_379_fu_5110_p2    |         +|   0|  0|   17|          10|          10|
    |add_ln58_37_fu_10095_p2    |         +|   0|  0|   17|          11|          11|
    |add_ln58_380_fu_1822_p2    |         +|   0|  0|   15|           8|           8|
    |add_ln58_382_fu_5119_p2    |         +|   0|  0|   16|           9|           9|
    |add_ln58_383_fu_1828_p2    |         +|   0|  0|   15|           8|           8|
    |add_ln58_384_fu_1834_p2    |         +|   0|  0|   15|           8|           8|
    |add_ln58_385_fu_5135_p2    |         +|   0|  0|   16|           9|           9|
    |add_ln58_386_fu_5145_p2    |         +|   0|  0|   17|          10|          10|
    |add_ln58_387_fu_10719_p2   |         +|   0|  0|   18|          11|          11|
    |add_ln58_388_fu_10729_p2   |         +|   0|  0|   20|          13|          13|
    |add_ln58_389_fu_13740_p2   |         +|   0|  0|   21|          14|          14|
    |add_ln58_38_fu_3477_p2     |         +|   0|  0|   16|           9|           9|
    |add_ln58_391_fu_5155_p2    |         +|   0|  0|   18|          11|          11|
    |add_ln58_393_fu_5161_p2    |         +|   0|  0|   16|           9|           9|
    |add_ln58_394_fu_5171_p2    |         +|   0|  0|   17|          10|          10|
    |add_ln58_395_fu_10741_p2   |         +|   0|  0|   19|          12|          12|
    |add_ln58_396_fu_5177_p2    |         +|   0|  0|   16|           9|           9|
    |add_ln58_398_fu_5187_p2    |         +|   0|  0|   17|          10|          10|
    |add_ln58_399_fu_5193_p2    |         +|   0|  0|   16|           9|           9|
    |add_ln58_39_fu_3486_p2     |         +|   0|  0|   16|           9|           9|
    |add_ln58_3_fu_1150_p2      |         +|   0|  0|   16|           9|           9|
    |add_ln58_400_fu_5203_p2    |         +|   0|  0|   16|           9|           9|
    |add_ln58_401_fu_5213_p2    |         +|   0|  0|   17|          10|          10|
    |add_ln58_402_fu_10757_p2   |         +|   0|  0|   18|          11|          11|
    |add_ln58_403_fu_10767_p2   |         +|   0|  0|   20|          13|          13|
    |add_ln58_404_fu_5219_p2    |         +|   0|  0|   16|           9|           9|
    |add_ln58_405_fu_5229_p2    |         +|   0|  0|   17|          10|          10|
    |add_ln58_406_fu_5235_p2    |         +|   0|  0|   16|           9|           9|
    |add_ln58_407_fu_5245_p2    |         +|   0|  0|   16|           9|           9|
    |add_ln58_408_fu_5255_p2    |         +|   0|  0|   17|          10|          10|
    |add_ln58_409_fu_10779_p2   |         +|   0|  0|   18|          11|          11|
    |add_ln58_40_fu_3496_p2     |         +|   0|  0|   17|          10|          10|
    |add_ln58_410_fu_5261_p2    |         +|   0|  0|   16|           9|           9|
    |add_ln58_411_fu_5271_p2    |         +|   0|  0|   16|           9|           9|
    |add_ln58_412_fu_5281_p2    |         +|   0|  0|   17|          10|          10|
    |add_ln58_413_fu_5287_p2    |         +|   0|  0|   16|           9|           9|
    |add_ln58_414_fu_5297_p2    |         +|   0|  0|   16|           9|           9|
    |add_ln58_415_fu_5307_p2    |         +|   0|  0|   17|          10|          10|
    |add_ln58_416_fu_10795_p2   |         +|   0|  0|   18|          11|          11|
    |add_ln58_417_fu_10805_p2   |         +|   0|  0|   19|          12|          12|
    |add_ln58_418_fu_13752_p2   |         +|   0|  0|   16|          14|          14|
    |add_ln58_419_fu_5313_p2    |         +|   0|  0|   16|           9|           9|
    |add_ln58_41_fu_10103_p2    |         +|   0|  0|   17|          11|          11|
    |add_ln58_420_fu_5323_p2    |         +|   0|  0|   17|          10|          10|
    |add_ln58_421_fu_5329_p2    |         +|   0|  0|   16|           9|           9|
    |add_ln58_423_fu_5339_p2    |         +|   0|  0|   17|          10|          10|
    |add_ln58_424_fu_10817_p2   |         +|   0|  0|   17|          11|          11|
    |add_ln58_425_fu_1846_p2    |         +|   0|  0|   15|           8|           8|
    |add_ln58_426_fu_5351_p2    |         +|   0|  0|   17|          10|          10|
    |add_ln58_428_fu_1852_p2    |         +|   0|  0|   15|           8|           8|
    |add_ln58_429_fu_5364_p2    |         +|   0|  0|   16|           9|           9|
    |add_ln58_42_fu_3502_p2     |         +|   0|  0|   16|           9|           9|
    |add_ln58_430_fu_5374_p2    |         +|   0|  0|   18|          11|          11|
    |add_ln58_431_fu_10823_p2   |         +|   0|  0|   17|          11|          11|
    |add_ln58_433_fu_1858_p2    |         +|   0|  0|   16|           9|           9|
    |add_ln58_434_fu_1864_p2    |         +|   0|  0|   15|           8|           8|
    |add_ln58_435_fu_1874_p2    |         +|   0|  0|   15|           8|           8|
    |add_ln58_436_fu_1884_p2    |         +|   0|  0|   16|           9|           9|
    |add_ln58_437_fu_5386_p2    |         +|   0|  0|   17|          10|          10|
    |add_ln58_438_fu_1890_p2    |         +|   0|  0|   15|           8|           8|
    |add_ln58_439_fu_1900_p2    |         +|   0|  0|   15|           8|           8|
    |add_ln58_43_fu_3512_p2     |         +|   0|  0|   16|           9|           9|
    |add_ln58_440_fu_1910_p2    |         +|   0|  0|   16|           9|           9|
    |add_ln58_442_fu_1916_p2    |         +|   0|  0|   15|           8|           8|
    |add_ln58_443_fu_1926_p2    |         +|   0|  0|   16|           9|           9|
    |add_ln58_444_fu_5402_p2    |         +|   0|  0|   17|          10|          10|
    |add_ln58_445_fu_5412_p2    |         +|   0|  0|   18|          11|          11|
    |add_ln58_446_fu_10835_p2   |         +|   0|  0|   20|          13|          13|
    |add_ln58_447_fu_13761_p2   |         +|   0|  0|   16|          14|          14|
    |add_ln58_448_fu_5418_p2    |         +|   0|  0|   16|           9|           9|
    |add_ln58_449_fu_5427_p2    |         +|   0|  0|   17|          10|          10|
    |add_ln58_44_fu_3522_p2     |         +|   0|  0|   17|          10|          10|
    |add_ln58_451_fu_5433_p2    |         +|   0|  0|   16|           9|           9|
    |add_ln58_452_fu_5443_p2    |         +|   0|  0|   17|          10|          10|
    |add_ln58_453_fu_10847_p2   |         +|   0|  0|   18|          11|          11|
    |add_ln58_454_fu_5449_p2    |         +|   0|  0|   16|           9|           9|
    |add_ln58_455_fu_5459_p2    |         +|   0|  0|   16|           9|           9|
    |add_ln58_456_fu_5469_p2    |         +|   0|  0|   17|          10|          10|
    |add_ln58_457_fu_5475_p2    |         +|   0|  0|   16|           9|           9|
    |add_ln58_458_fu_5485_p2    |         +|   0|  0|   16|           9|           9|
    |add_ln58_459_fu_5495_p2    |         +|   0|  0|   17|          10|          10|
    |add_ln58_45_fu_3528_p2     |         +|   0|  0|   16|           9|           9|
    |add_ln58_460_fu_10863_p2   |         +|   0|  0|   18|          11|          11|
    |add_ln58_461_fu_10873_p2   |         +|   0|  0|   19|          12|          12|
    |add_ln58_463_fu_5501_p2    |         +|   0|  0|   17|          10|          10|
    |add_ln58_465_fu_5507_p2    |         +|   0|  0|   16|           9|           9|
    |add_ln58_466_fu_5517_p2    |         +|   0|  0|   17|          10|          10|
    |add_ln58_467_fu_10885_p2   |         +|   0|  0|   18|          11|          11|
    |add_ln58_468_fu_5523_p2    |         +|   0|  0|   16|           9|           9|
    |add_ln58_469_fu_5533_p2    |         +|   0|  0|   16|           9|           9|
    |add_ln58_46_fu_3538_p2     |         +|   0|  0|   16|           9|           9|
    |add_ln58_470_fu_5543_p2    |         +|   0|  0|   17|          10|          10|
    |add_ln58_471_fu_5549_p2    |         +|   0|  0|   16|           9|           9|
    |add_ln58_472_fu_5559_p2    |         +|   0|  0|   16|           9|           9|
    |add_ln58_473_fu_5569_p2    |         +|   0|  0|   17|          10|          10|
    |add_ln58_474_fu_10901_p2   |         +|   0|  0|   18|          11|          11|
    |add_ln58_475_fu_10911_p2   |         +|   0|  0|   19|          12|          12|
    |add_ln58_476_fu_13773_p2   |         +|   0|  0|   20|          13|          13|
    |add_ln58_478_fu_5575_p2    |         +|   0|  0|   16|           9|           9|
    |add_ln58_479_fu_1932_p2    |         +|   0|  0|   15|           8|           8|
    |add_ln58_47_fu_3548_p2     |         +|   0|  0|   17|          10|          10|
    |add_ln58_481_fu_5588_p2    |         +|   0|  0|   16|           9|           9|
    |add_ln58_482_fu_5598_p2    |         +|   0|  0|   17|          10|          10|
    |add_ln58_483_fu_1938_p2    |         +|   0|  0|   15|           8|           8|
    |add_ln58_485_fu_5607_p2    |         +|   0|  0|   16|           9|           9|
    |add_ln58_486_fu_1944_p2    |         +|   0|  0|   15|           8|           8|
    |add_ln58_488_fu_5620_p2    |         +|   0|  0|   16|           9|           9|
    |add_ln58_489_fu_5630_p2    |         +|   0|  0|   17|          10|          10|
    |add_ln58_48_fu_10119_p2    |         +|   0|  0|   18|          11|          11|
    |add_ln58_490_fu_10923_p2   |         +|   0|  0|   18|          11|          11|
    |add_ln58_491_fu_1950_p2    |         +|   0|  0|   15|           8|           8|
    |add_ln58_493_fu_5636_p2    |         +|   0|  0|   16|           9|           9|
    |add_ln58_494_fu_1960_p2    |         +|   0|  0|   15|           8|           8|
    |add_ln58_495_fu_1966_p2    |         +|   0|  0|   15|           8|           8|
    |add_ln58_496_fu_5651_p2    |         +|   0|  0|   16|           9|           9|
    |add_ln58_497_fu_5661_p2    |         +|   0|  0|   17|          10|          10|
    |add_ln58_49_fu_10129_p2    |         +|   0|  0|   19|          12|          12|
    |add_ln58_4_fu_1160_p2      |         +|   0|  0|   16|           9|           9|
    |add_ln58_500_fu_5667_p2    |         +|   0|  0|   16|           9|           9|
    |add_ln58_502_fu_1972_p2    |         +|   0|  0|   15|           8|           8|
    |add_ln58_503_fu_5680_p2    |         +|   0|  0|   16|           9|           9|
    |add_ln58_504_fu_5690_p2    |         +|   0|  0|   17|          10|          10|
    |add_ln58_505_fu_10939_p2   |         +|   0|  0|   18|          11|          11|
    |add_ln58_506_fu_10949_p2   |         +|   0|  0|   19|          12|          12|
    |add_ln58_507_fu_13786_p2   |         +|   0|  0|   21|          14|          14|
    |add_ln58_509_fu_10958_p2   |         +|   0|  0|   18|          11|          11|
    |add_ln58_50_fu_3554_p2     |         +|   0|  0|   16|           9|           9|
    |add_ln58_510_fu_5696_p2    |         +|   0|  0|   16|           9|           9|
    |add_ln58_512_fu_5706_p2    |         +|   0|  0|   17|          10|          10|
    |add_ln58_513_fu_10971_p2   |         +|   0|  0|   19|          12|          12|
    |add_ln58_515_fu_5712_p2    |         +|   0|  0|   17|          10|          10|
    |add_ln58_516_fu_5718_p2    |         +|   0|  0|   16|           9|           9|
    |add_ln58_518_fu_5728_p2    |         +|   0|  0|   17|          10|          10|
    |add_ln58_519_fu_10983_p2   |         +|   0|  0|   18|          11|          11|
    |add_ln58_51_fu_3564_p2     |         +|   0|  0|   17|          10|          10|
    |add_ln58_520_fu_13798_p2   |         +|   0|  0|   17|          13|          13|
    |add_ln58_521_fu_5734_p2    |         +|   0|  0|   16|           9|           9|
    |add_ln58_522_fu_5744_p2    |         +|   0|  0|   17|          10|          10|
    |add_ln58_523_fu_5750_p2    |         +|   0|  0|   16|           9|           9|
    |add_ln58_525_fu_5760_p2    |         +|   0|  0|   17|          10|          10|
    |add_ln58_526_fu_10995_p2   |         +|   0|  0|   18|          11|          11|
    |add_ln58_527_fu_5766_p2    |         +|   0|  0|   16|           9|           9|
    |add_ln58_528_fu_5776_p2    |         +|   0|  0|   17|          10|          10|
    |add_ln58_52_fu_3570_p2     |         +|   0|  0|   16|           9|           9|
    |add_ln58_531_fu_5782_p2    |         +|   0|  0|   17|          10|          10|
    |add_ln58_532_fu_11011_p2   |         +|   0|  0|   18|          11|          11|
    |add_ln58_533_fu_11021_p2   |         +|   0|  0|   19|          12|          12|
    |add_ln58_534_fu_13807_p2   |         +|   0|  0|   17|          13|          13|
    |add_ln58_535_fu_5788_p2    |         +|   0|  0|   16|           9|           9|
    |add_ln58_536_fu_5798_p2    |         +|   0|  0|   18|          10|          10|
    |add_ln58_537_fu_1988_p2    |         +|   0|  0|   15|           8|           8|
    |add_ln58_538_fu_1998_p2    |         +|   0|  0|   17|          10|          10|
    |add_ln58_539_fu_5804_p2    |         +|   0|  0|   18|          10|          10|
    |add_ln58_53_fu_3580_p2     |         +|   0|  0|   16|           9|           9|
    |add_ln58_541_fu_5809_p2    |         +|   0|  0|   16|           9|           9|
    |add_ln58_542_fu_2004_p2    |         +|   0|  0|   15|           8|           8|
    |add_ln58_544_fu_5822_p2    |         +|   0|  0|   16|           9|           9|
    |add_ln58_545_fu_5832_p2    |         +|   0|  0|   17|          10|          10|
    |add_ln58_546_fu_11033_p2   |         +|   0|  0|   19|          12|          12|
    |add_ln58_548_fu_5838_p2    |         +|   0|  0|   16|           9|           9|
    |add_ln58_54_fu_3590_p2     |         +|   0|  0|   17|          10|          10|
    |add_ln58_551_fu_5847_p2    |         +|   0|  0|   16|           9|           9|
    |add_ln58_552_fu_5857_p2    |         +|   0|  0|   17|          10|          10|
    |add_ln58_554_fu_2010_p2    |         +|   0|  0|   15|           8|           8|
    |add_ln58_555_fu_5866_p2    |         +|   0|  0|   16|           9|           9|
    |add_ln58_556_fu_2016_p2    |         +|   0|  0|   15|           8|           8|
    |add_ln58_557_fu_2022_p2    |         +|   0|  0|   15|           8|           8|
    |add_ln58_558_fu_5881_p2    |         +|   0|  0|   16|           9|           9|
    |add_ln58_559_fu_5891_p2    |         +|   0|  0|   17|          10|          10|
    |add_ln58_55_fu_10141_p2    |         +|   0|  0|   18|          11|          11|
    |add_ln58_560_fu_11049_p2   |         +|   0|  0|   18|          11|          11|
    |add_ln58_561_fu_11059_p2   |         +|   0|  0|   20|          13|          13|
    |add_ln58_562_fu_13820_p2   |         +|   0|  0|   21|          14|          14|
    |add_ln58_564_fu_5897_p2    |         +|   0|  0|   17|          10|          10|
    |add_ln58_565_fu_5902_p2    |         +|   0|  0|   16|           9|           9|
    |add_ln58_567_fu_5912_p2    |         +|   0|  0|   17|          10|          10|
    |add_ln58_568_fu_11071_p2   |         +|   0|  0|   18|          11|          11|
    |add_ln58_569_fu_5918_p2    |         +|   0|  0|   16|           9|           9|
    |add_ln58_56_fu_3596_p2     |         +|   0|  0|   16|           9|           9|
    |add_ln58_570_fu_5928_p2    |         +|   0|  0|   16|           9|           9|
    |add_ln58_571_fu_5938_p2    |         +|   0|  0|   17|          10|          10|
    |add_ln58_573_fu_5944_p2    |         +|   0|  0|   16|           9|           9|
    |add_ln58_574_fu_5954_p2    |         +|   0|  0|   17|          10|          10|
    |add_ln58_575_fu_11087_p2   |         +|   0|  0|   18|          11|          11|
    |add_ln58_576_fu_11097_p2   |         +|   0|  0|   19|          12|          12|
    |add_ln58_578_fu_5960_p2    |         +|   0|  0|   17|          10|          10|
    |add_ln58_579_fu_5966_p2    |         +|   0|  0|   16|           9|           9|
    |add_ln58_57_fu_3606_p2     |         +|   0|  0|   16|           9|           9|
    |add_ln58_581_fu_5976_p2    |         +|   0|  0|   17|          10|          10|
    |add_ln58_582_fu_11109_p2   |         +|   0|  0|   18|          11|          11|
    |add_ln58_583_fu_5982_p2    |         +|   0|  0|   16|           9|           9|
    |add_ln58_585_fu_5992_p2    |         +|   0|  0|   17|          10|          10|
    |add_ln58_589_fu_11122_p2   |         +|   0|  0|   18|          11|          11|
    |add_ln58_58_fu_3616_p2     |         +|   0|  0|   17|          10|          10|
    |add_ln58_590_fu_11132_p2   |         +|   0|  0|   19|          12|          12|
    |add_ln58_591_fu_13832_p2   |         +|   0|  0|   20|          13|          13|
    |add_ln58_592_fu_2028_p2    |         +|   0|  0|   15|           8|           8|
    |add_ln58_593_fu_6001_p2    |         +|   0|  0|   16|           9|           9|
    |add_ln58_596_fu_6014_p2    |         +|   0|  0|   16|           9|           9|
    |add_ln58_597_fu_6024_p2    |         +|   0|  0|   18|          11|          11|
    |add_ln58_598_fu_2034_p2    |         +|   0|  0|   15|           8|           8|
    |add_ln58_59_fu_3622_p2     |         +|   0|  0|   16|           9|           9|
    |add_ln58_5_fu_1176_p2      |         +|   0|  0|   16|           9|           9|
    |add_ln58_600_fu_6033_p2    |         +|   0|  0|   16|           9|           9|
    |add_ln58_603_fu_6043_p2    |         +|   0|  0|   16|           9|           9|
    |add_ln58_604_fu_6052_p2    |         +|   0|  0|   17|          10|          10|
    |add_ln58_605_fu_11144_p2   |         +|   0|  0|   19|          12|          12|
    |add_ln58_607_fu_2040_p2    |         +|   0|  0|   15|           8|           8|
    |add_ln58_608_fu_6061_p2    |         +|   0|  0|   16|           9|           9|
    |add_ln58_60_fu_3632_p2     |         +|   0|  0|   16|           9|           9|
    |add_ln58_610_fu_2046_p2    |         +|   0|  0|   15|           8|           8|
    |add_ln58_611_fu_6074_p2    |         +|   0|  0|   16|           9|           9|
    |add_ln58_612_fu_6084_p2    |         +|   0|  0|   17|          10|          10|
    |add_ln58_616_fu_2052_p2    |         +|   0|  0|   15|           8|           8|
    |add_ln58_617_fu_2058_p2    |         +|   0|  0|   15|           8|           8|
    |add_ln58_618_fu_6096_p2    |         +|   0|  0|   16|           9|           9|
    |add_ln58_619_fu_6106_p2    |         +|   0|  0|   17|          10|          10|
    |add_ln58_61_fu_3642_p2     |         +|   0|  0|   17|          10|          10|
    |add_ln58_620_fu_11160_p2   |         +|   0|  0|   18|          11|          11|
    |add_ln58_621_fu_11170_p2   |         +|   0|  0|   20|          13|          13|
    |add_ln58_622_fu_13845_p2   |         +|   0|  0|   21|          14|          14|
    |add_ln58_623_fu_6112_p2    |         +|   0|  0|   16|           9|           9|
    |add_ln58_624_fu_11179_p2   |         +|   0|  0|   18|          11|          11|
    |add_ln58_625_fu_6117_p2    |         +|   0|  0|   16|           9|           9|
    |add_ln58_626_fu_6127_p2    |         +|   0|  0|   16|           9|           9|
    |add_ln58_627_fu_6137_p2    |         +|   0|  0|   17|          10|          10|
    |add_ln58_628_fu_11192_p2   |         +|   0|  0|   19|          12|          12|
    |add_ln58_62_fu_10157_p2    |         +|   0|  0|   18|          11|          11|
    |add_ln58_630_fu_6143_p2    |         +|   0|  0|   16|           9|           9|
    |add_ln58_631_fu_6153_p2    |         +|   0|  0|   17|          10|          10|
    |add_ln58_632_fu_6159_p2    |         +|   0|  0|   16|           9|           9|
    |add_ln58_634_fu_6169_p2    |         +|   0|  0|   17|          10|          10|
    |add_ln58_635_fu_11204_p2   |         +|   0|  0|   18|          11|          11|
    |add_ln58_636_fu_13857_p2   |         +|   0|  0|   17|          13|          13|
    |add_ln58_638_fu_6175_p2    |         +|   0|  0|   17|          10|          10|
    |add_ln58_639_fu_6181_p2    |         +|   0|  0|   16|           9|           9|
    |add_ln58_63_fu_10167_p2    |         +|   0|  0|   19|          12|          12|
    |add_ln58_640_fu_6191_p2    |         +|   0|  0|   16|           9|           9|
    |add_ln58_641_fu_6201_p2    |         +|   0|  0|   17|          10|          10|
    |add_ln58_642_fu_11216_p2   |         +|   0|  0|   18|          11|          11|
    |add_ln58_643_fu_6207_p2    |         +|   0|  0|   16|           9|           9|
    |add_ln58_644_fu_6217_p2    |         +|   0|  0|   16|           9|           9|
    |add_ln58_645_fu_6227_p2    |         +|   0|  0|   17|          10|          10|
    |add_ln58_648_fu_6237_p2    |         +|   0|  0|   17|          10|          10|
    |add_ln58_649_fu_11232_p2   |         +|   0|  0|   18|          11|          11|
    |add_ln58_64_fu_13584_p2    |         +|   0|  0|   20|          13|          13|
    |add_ln58_650_fu_11242_p2   |         +|   0|  0|   19|          12|          12|
    |add_ln58_651_fu_13866_p2   |         +|   0|  0|   17|          13|          13|
    |add_ln58_652_fu_2064_p2    |         +|   0|  0|   15|           8|           8|
    |add_ln58_653_fu_6246_p2    |         +|   0|  0|   16|           9|           9|
    |add_ln58_655_fu_2070_p2    |         +|   0|  0|   15|           8|           8|
    |add_ln58_656_fu_6259_p2    |         +|   0|  0|   16|           9|           9|
    |add_ln58_657_fu_6269_p2    |         +|   0|  0|   18|          11|          11|
    |add_ln58_65_fu_3651_p2     |         +|   0|  0|   16|           9|           9|
    |add_ln58_660_fu_6275_p2    |         +|   0|  0|   16|           9|           9|
    |add_ln58_662_fu_2076_p2    |         +|   0|  0|   15|           8|           8|
    |add_ln58_663_fu_6288_p2    |         +|   0|  0|   16|           9|           9|
    |add_ln58_664_fu_6298_p2    |         +|   0|  0|   17|          10|          10|
    |add_ln58_665_fu_11254_p2   |         +|   0|  0|   19|          12|          12|
    |add_ln58_667_fu_6304_p2    |         +|   0|  0|   16|           9|           9|
    |add_ln58_668_fu_2082_p2    |         +|   0|  0|   15|           8|           8|
    |add_ln58_66_fu_1342_p2     |         +|   0|  0|   15|           8|           8|
    |add_ln58_670_fu_6317_p2    |         +|   0|  0|   16|           9|           9|
    |add_ln58_671_fu_6326_p2    |         +|   0|  0|   17|          10|          10|
    |add_ln58_674_fu_6332_p2    |         +|   0|  0|   16|           9|           9|
    |add_ln58_677_fu_6341_p2    |         +|   0|  0|   16|           9|           9|
    |add_ln58_678_fu_6351_p2    |         +|   0|  0|   17|          10|          10|
    |add_ln58_679_fu_11270_p2   |         +|   0|  0|   18|          11|          11|
    |add_ln58_67_fu_1348_p2     |         +|   0|  0|   15|           8|           8|
    |add_ln58_680_fu_11280_p2   |         +|   0|  0|   20|          13|          13|
    |add_ln58_681_fu_13879_p2   |         +|   0|  0|   21|          14|          14|
    |add_ln58_683_fu_11289_p2   |         +|   0|  0|   18|          11|          11|
    |add_ln58_685_fu_6357_p2    |         +|   0|  0|   16|           9|           9|
    |add_ln58_686_fu_6367_p2    |         +|   0|  0|   17|          10|          10|
    |add_ln58_687_fu_11302_p2   |         +|   0|  0|   19|          12|          12|
    |add_ln58_688_fu_6373_p2    |         +|   0|  0|   16|           9|           9|
    |add_ln58_689_fu_6383_p2    |         +|   0|  0|   17|          10|          10|
    |add_ln58_68_fu_3667_p2     |         +|   0|  0|   16|           9|           9|
    |add_ln58_692_fu_6389_p2    |         +|   0|  0|   17|          10|          10|
    |add_ln58_693_fu_11314_p2   |         +|   0|  0|   18|          11|          11|
    |add_ln58_694_fu_13891_p2   |         +|   0|  0|   17|          13|          13|
    |add_ln58_696_fu_6395_p2    |         +|   0|  0|   17|          10|          10|
    |add_ln58_699_fu_6401_p2    |         +|   0|  0|   17|          10|          10|
    |add_ln58_69_fu_3677_p2     |         +|   0|  0|   18|          11|          11|
    |add_ln58_6_fu_1182_p2      |         +|   0|  0|   16|           9|           9|
    |add_ln58_700_fu_11326_p2   |         +|   0|  0|   18|          11|          11|
    |add_ln58_702_fu_6407_p2    |         +|   0|  0|   17|          10|          10|
    |add_ln58_705_fu_6413_p2    |         +|   0|  0|   17|          10|          10|
    |add_ln58_706_fu_11342_p2   |         +|   0|  0|   18|          11|          11|
    |add_ln58_707_fu_11352_p2   |         +|   0|  0|   19|          12|          12|
    |add_ln58_708_fu_13900_p2   |         +|   0|  0|   17|          13|          13|
    |add_ln58_70_fu_1354_p2     |         +|   0|  0|   15|           8|           8|
    |add_ln58_710_fu_6419_p2    |         +|   0|  0|   17|          10|          10|
    |add_ln58_711_fu_6425_p2    |         +|   0|  0|   16|           9|           9|
    |add_ln58_713_fu_6435_p2    |         +|   0|  0|   17|          10|          10|
    |add_ln58_714_fu_11364_p2   |         +|   0|  0|   18|          11|          11|
    |add_ln58_715_fu_6444_p2    |         +|   0|  0|   16|           9|           9|
    |add_ln58_716_fu_2094_p2    |         +|   0|  0|   15|           8|           8|
    |add_ln58_717_fu_2104_p2    |         +|   0|  0|   15|           8|           8|
    |add_ln58_718_fu_2114_p2    |         +|   0|  0|   16|           9|           9|
    |add_ln58_719_fu_6457_p2    |         +|   0|  0|   18|          11|          11|
    |add_ln58_71_fu_1360_p2     |         +|   0|  0|   15|           8|           8|
    |add_ln58_720_fu_11377_p2   |         +|   0|  0|   19|          12|          12|
    |add_ln58_721_fu_2120_p2    |         +|   0|  0|   15|           8|           8|
    |add_ln58_722_fu_6466_p2    |         +|   0|  0|   16|           9|           9|
    |add_ln58_723_fu_2126_p2    |         +|   0|  0|   15|           8|           8|
    |add_ln58_724_fu_2136_p2    |         +|   0|  0|   15|           8|           8|
    |add_ln58_725_fu_2146_p2    |         +|   0|  0|   16|           9|           9|
    |add_ln58_726_fu_6479_p2    |         +|   0|  0|   17|          10|          10|
    |add_ln58_729_fu_6485_p2    |         +|   0|  0|   16|           9|           9|
    |add_ln58_72_fu_3689_p2     |         +|   0|  0|   16|           9|           9|
    |add_ln58_732_fu_6495_p2    |         +|   0|  0|   16|           9|           9|
    |add_ln58_733_fu_6503_p2    |         +|   0|  0|   17|          10|          10|
    |add_ln58_734_fu_11389_p2   |         +|   0|  0|   18|          11|          11|
    |add_ln58_735_fu_13916_p2   |         +|   0|  0|   20|          13|          13|
    |add_ln58_736_fu_13926_p2   |         +|   0|  0|   21|          14|          14|
    |add_ln58_738_fu_6509_p2    |         +|   0|  0|   18|          11|          11|
    |add_ln58_73_fu_1366_p2     |         +|   0|  0|   15|           8|           8|
    |add_ln58_740_fu_6515_p2    |         +|   0|  0|   16|           9|           9|
    |add_ln58_741_fu_6525_p2    |         +|   0|  0|   17|          10|          10|
    |add_ln58_742_fu_11401_p2   |         +|   0|  0|   19|          12|          12|
    |add_ln58_744_fu_6531_p2    |         +|   0|  0|   16|           9|           9|
    |add_ln58_745_fu_6541_p2    |         +|   0|  0|   17|          10|          10|
    |add_ln58_747_fu_6547_p2    |         +|   0|  0|   16|           9|           9|
    |add_ln58_748_fu_6557_p2    |         +|   0|  0|   17|          10|          10|
    |add_ln58_749_fu_11417_p2   |         +|   0|  0|   18|          11|          11|
    |add_ln58_74_fu_1372_p2     |         +|   0|  0|   15|           8|           8|
    |add_ln58_750_fu_11427_p2   |         +|   0|  0|   20|          13|          13|
    |add_ln58_751_fu_6563_p2    |         +|   0|  0|   16|           9|           9|
    |add_ln58_752_fu_6573_p2    |         +|   0|  0|   17|          10|          10|
    |add_ln58_753_fu_6579_p2    |         +|   0|  0|   16|           9|           9|
    |add_ln58_755_fu_6589_p2    |         +|   0|  0|   17|          10|          10|
    |add_ln58_756_fu_11439_p2   |         +|   0|  0|   18|          11|          11|
    |add_ln58_759_fu_6595_p2    |         +|   0|  0|   17|          10|          10|
    |add_ln58_75_fu_3705_p2     |         +|   0|  0|   16|           9|           9|
    |add_ln58_760_fu_6601_p2    |         +|   0|  0|   16|           9|           9|
    |add_ln58_762_fu_6611_p2    |         +|   0|  0|   17|          10|          10|
    |add_ln58_763_fu_11455_p2   |         +|   0|  0|   18|          11|          11|
    |add_ln58_764_fu_11465_p2   |         +|   0|  0|   19|          12|          12|
    |add_ln58_765_fu_13938_p2   |         +|   0|  0|   16|          14|          14|
    |add_ln58_767_fu_6617_p2    |         +|   0|  0|   17|          10|          10|
    |add_ln58_768_fu_6623_p2    |         +|   0|  0|   16|           9|           9|
    |add_ln58_769_fu_6633_p2    |         +|   0|  0|   16|           9|           9|
    |add_ln58_76_fu_3715_p2     |         +|   0|  0|   17|          10|          10|
    |add_ln58_770_fu_6643_p2    |         +|   0|  0|   17|          10|          10|
    |add_ln58_771_fu_11477_p2   |         +|   0|  0|   17|          11|          11|
    |add_ln58_773_fu_6655_p2    |         +|   0|  0|   17|          10|          10|
    |add_ln58_775_fu_2158_p2    |         +|   0|  0|   15|           8|           8|
    |add_ln58_776_fu_6668_p2    |         +|   0|  0|   16|           9|           9|
    |add_ln58_777_fu_6678_p2    |         +|   0|  0|   18|          11|          11|
    |add_ln58_778_fu_11483_p2   |         +|   0|  0|   17|          11|          11|
    |add_ln58_779_fu_2164_p2    |         +|   0|  0|   15|           8|           8|
    |add_ln58_77_fu_10179_p2    |         +|   0|  0|   19|          12|          12|
    |add_ln58_780_fu_2174_p2    |         +|   0|  0|   16|           9|           9|
    |add_ln58_781_fu_2180_p2    |         +|   0|  0|   15|           8|           8|
    |add_ln58_782_fu_2190_p2    |         +|   0|  0|   15|           8|           8|
    |add_ln58_783_fu_2200_p2    |         +|   0|  0|   16|           9|           9|
    |add_ln58_784_fu_6690_p2    |         +|   0|  0|   17|          10|          10|
    |add_ln58_785_fu_2206_p2    |         +|   0|  0|   15|           8|           8|
    |add_ln58_786_fu_2212_p2    |         +|   0|  0|   15|           8|           8|
    |add_ln58_787_fu_6702_p2    |         +|   0|  0|   16|           9|           9|
    |add_ln58_789_fu_2218_p2    |         +|   0|  0|   15|           8|           8|
    |add_ln58_78_fu_1378_p2     |         +|   0|  0|   15|           8|           8|
    |add_ln58_790_fu_6715_p2    |         +|   0|  0|   16|           9|           9|
    |add_ln58_791_fu_6725_p2    |         +|   0|  0|   17|          10|          10|
    |add_ln58_792_fu_11498_p2   |         +|   0|  0|   18|          11|          11|
    |add_ln58_793_fu_11508_p2   |         +|   0|  0|   20|          13|          13|
    |add_ln58_794_fu_13947_p2   |         +|   0|  0|   16|          14|          14|
    |add_ln58_795_fu_6731_p2    |         +|   0|  0|   16|           9|           9|
    |add_ln58_796_fu_6741_p2    |         +|   0|  0|   18|          11|          11|
    |add_ln58_797_fu_6747_p2    |         +|   0|  0|   16|           9|           9|
    |add_ln58_799_fu_6757_p2    |         +|   0|  0|   17|          10|          10|
    |add_ln58_79_fu_3724_p2     |         +|   0|  0|   16|           9|           9|
    |add_ln58_7_fu_1191_p2      |         +|   0|  0|   17|          10|          10|
    |add_ln58_800_fu_11520_p2   |         +|   0|  0|   19|          12|          12|
    |add_ln58_801_fu_6763_p2    |         +|   0|  0|   16|           9|           9|
    |add_ln58_802_fu_6773_p2    |         +|   0|  0|   17|          10|          10|
    |add_ln58_805_fu_6779_p2    |         +|   0|  0|   17|          10|          10|
    |add_ln58_806_fu_11532_p2   |         +|   0|  0|   18|          11|          11|
    |add_ln58_807_fu_13959_p2   |         +|   0|  0|   17|          13|          13|
    |add_ln58_809_fu_6785_p2    |         +|   0|  0|   17|          10|          10|
    |add_ln58_80_fu_1384_p2     |         +|   0|  0|   15|           8|           8|
    |add_ln58_811_fu_6791_p2    |         +|   0|  0|   16|           9|           9|
    |add_ln58_812_fu_6801_p2    |         +|   0|  0|   17|          10|          10|
    |add_ln58_813_fu_11544_p2   |         +|   0|  0|   18|          11|          11|
    |add_ln58_816_fu_6807_p2    |         +|   0|  0|   17|          10|          10|
    |add_ln58_818_fu_6816_p2    |         +|   0|  0|   17|          10|          10|
    |add_ln58_819_fu_11560_p2   |         +|   0|  0|   18|          11|          11|
    |add_ln58_81_fu_1390_p2     |         +|   0|  0|   15|           8|           8|
    |add_ln58_820_fu_11570_p2   |         +|   0|  0|   19|          12|          12|
    |add_ln58_821_fu_13968_p2   |         +|   0|  0|   17|          13|          13|
    |add_ln58_822_fu_2230_p2    |         +|   0|  0|   15|           8|           8|
    |add_ln58_823_fu_6825_p2    |         +|   0|  0|   16|           9|           9|
    |add_ln58_824_fu_2236_p2    |         +|   0|  0|   15|           8|           8|
    |add_ln58_826_fu_6838_p2    |         +|   0|  0|   16|           9|           9|
    |add_ln58_827_fu_6848_p2    |         +|   0|  0|   17|          10|          10|
    |add_ln58_828_fu_2242_p2    |         +|   0|  0|   15|           8|           8|
    |add_ln58_829_fu_6857_p2    |         +|   0|  0|   16|           9|           9|
    |add_ln58_82_fu_3739_p2     |         +|   0|  0|   16|           9|           9|
    |add_ln58_830_fu_2248_p2    |         +|   0|  0|   15|           8|           8|
    |add_ln58_831_fu_2254_p2    |         +|   0|  0|   15|           8|           8|
    |add_ln58_832_fu_6873_p2    |         +|   0|  0|   16|           9|           9|
    |add_ln58_833_fu_6883_p2    |         +|   0|  0|   17|          10|          10|
    |add_ln58_834_fu_11582_p2   |         +|   0|  0|   18|          11|          11|
    |add_ln58_836_fu_6889_p2    |         +|   0|  0|   16|           9|           9|
    |add_ln58_839_fu_6898_p2    |         +|   0|  0|   16|           9|           9|
    |add_ln58_83_fu_3749_p2     |         +|   0|  0|   17|          10|          10|
    |add_ln58_840_fu_6906_p2    |         +|   0|  0|   17|          10|          10|
    |add_ln58_843_fu_6912_p2    |         +|   0|  0|   16|           9|           9|
    |add_ln58_844_fu_2260_p2    |         +|   0|  0|   15|           8|           8|
    |add_ln58_846_fu_6925_p2    |         +|   0|  0|   16|           9|           9|
    |add_ln58_847_fu_6935_p2    |         +|   0|  0|   17|          10|          10|
    |add_ln58_848_fu_11598_p2   |         +|   0|  0|   18|          11|          11|
    |add_ln58_849_fu_11608_p2   |         +|   0|  0|   19|          12|          12|
    |add_ln58_84_fu_1396_p2     |         +|   0|  0|   15|           8|           8|
    |add_ln58_850_fu_13981_p2   |         +|   0|  0|   21|          14|          14|
    |add_ln58_852_fu_6941_p2    |         +|   0|  0|   17|          10|          10|
    |add_ln58_854_fu_6947_p2    |         +|   0|  0|   16|           9|           9|
    |add_ln58_855_fu_6957_p2    |         +|   0|  0|   17|          10|          10|
    |add_ln58_856_fu_11620_p2   |         +|   0|  0|   18|          11|          11|
    |add_ln58_858_fu_6963_p2    |         +|   0|  0|   16|           9|           9|
    |add_ln58_859_fu_6973_p2    |         +|   0|  0|   17|          10|          10|
    |add_ln58_85_fu_1402_p2     |         +|   0|  0|   15|           8|           8|
    |add_ln58_860_fu_6979_p2    |         +|   0|  0|   16|           9|           9|
    |add_ln58_862_fu_6989_p2    |         +|   0|  0|   17|          10|          10|
    |add_ln58_863_fu_11636_p2   |         +|   0|  0|   18|          11|          11|
    |add_ln58_864_fu_11646_p2   |         +|   0|  0|   19|          12|          12|
    |add_ln58_866_fu_6995_p2    |         +|   0|  0|   17|          10|          10|
    |add_ln58_868_fu_7001_p2    |         +|   0|  0|   16|           9|           9|
    |add_ln58_869_fu_7011_p2    |         +|   0|  0|   17|          10|          10|
    |add_ln58_86_fu_3758_p2     |         +|   0|  0|   16|           9|           9|
    |add_ln58_870_fu_11658_p2   |         +|   0|  0|   18|          11|          11|
    |add_ln58_873_fu_7017_p2    |         +|   0|  0|   17|          10|          10|
    |add_ln58_875_fu_7023_p2    |         +|   0|  0|   16|           9|           9|
    |add_ln58_876_fu_7033_p2    |         +|   0|  0|   17|          10|          10|
    |add_ln58_877_fu_11674_p2   |         +|   0|  0|   18|          11|          11|
    |add_ln58_878_fu_11684_p2   |         +|   0|  0|   19|          12|          12|
    |add_ln58_879_fu_13993_p2   |         +|   0|  0|   20|          13|          13|
    |add_ln58_87_fu_1412_p2     |         +|   0|  0|   15|           8|           8|
    |add_ln58_881_fu_7039_p2    |         +|   0|  0|   18|          10|          10|
    |add_ln58_882_fu_2266_p2    |         +|   0|  0|   15|           8|           8|
    |add_ln58_883_fu_2272_p2    |         +|   0|  0|   15|           8|           8|
    |add_ln58_884_fu_7051_p2    |         +|   0|  0|   16|           9|           9|
    |add_ln58_885_fu_7061_p2    |         +|   0|  0|   18|          10|          10|
    |add_ln58_887_fu_2278_p2    |         +|   0|  0|   15|           8|           8|
    |add_ln58_888_fu_7070_p2    |         +|   0|  0|   16|           9|           9|
    |add_ln58_889_fu_2284_p2    |         +|   0|  0|   15|           8|           8|
    |add_ln58_88_fu_1418_p2     |         +|   0|  0|   15|           8|           8|
    |add_ln58_891_fu_7083_p2    |         +|   0|  0|   16|           9|           9|
    |add_ln58_892_fu_7093_p2    |         +|   0|  0|   17|          10|          10|
    |add_ln58_893_fu_11696_p2   |         +|   0|  0|   19|          12|          12|
    |add_ln58_895_fu_7099_p2    |         +|   0|  0|   16|           9|           9|
    |add_ln58_896_fu_2290_p2    |         +|   0|  0|   15|           8|           8|
    |add_ln58_898_fu_7111_p2    |         +|   0|  0|   16|           9|           9|
    |add_ln58_899_fu_7121_p2    |         +|   0|  0|   17|          10|          10|
    |add_ln58_89_fu_3773_p2     |         +|   0|  0|   16|           9|           9|
    |add_ln58_8_fu_2972_p2      |         +|   0|  0|   16|           9|           9|
    |add_ln58_902_fu_7127_p2    |         +|   0|  0|   16|           9|           9|
    |add_ln58_903_fu_2296_p2    |         +|   0|  0|   15|           8|           8|
    |add_ln58_904_fu_2306_p2    |         +|   0|  0|   15|           8|           8|
    |add_ln58_905_fu_2316_p2    |         +|   0|  0|   16|           9|           9|
    |add_ln58_906_fu_7140_p2    |         +|   0|  0|   17|          10|          10|
    |add_ln58_907_fu_11712_p2   |         +|   0|  0|   18|          11|          11|
    |add_ln58_908_fu_11722_p2   |         +|   0|  0|   20|          13|          13|
    |add_ln58_909_fu_14006_p2   |         +|   0|  0|   21|          14|          14|
    |add_ln58_90_fu_3783_p2     |         +|   0|  0|   17|          10|          10|
    |add_ln58_911_fu_7146_p2    |         +|   0|  0|   17|          10|          10|
    |add_ln58_913_fu_7152_p2    |         +|   0|  0|   16|           9|           9|
    |add_ln58_914_fu_7162_p2    |         +|   0|  0|   17|          10|          10|
    |add_ln58_915_fu_11734_p2   |         +|   0|  0|   18|          11|          11|
    |add_ln58_918_fu_7168_p2    |         +|   0|  0|   17|          10|          10|
    |add_ln58_919_fu_7174_p2    |         +|   0|  0|   16|           9|           9|
    |add_ln58_91_fu_10195_p2    |         +|   0|  0|   18|          11|          11|
    |add_ln58_921_fu_7184_p2    |         +|   0|  0|   17|          10|          10|
    |add_ln58_922_fu_11750_p2   |         +|   0|  0|   18|          11|          11|
    |add_ln58_923_fu_11760_p2   |         +|   0|  0|   19|          12|          12|
    |add_ln58_925_fu_7190_p2    |         +|   0|  0|   16|           9|           9|
    |add_ln58_926_fu_7200_p2    |         +|   0|  0|   17|          10|          10|
    |add_ln58_929_fu_7206_p2    |         +|   0|  0|   17|          10|          10|
    |add_ln58_92_fu_10205_p2    |         +|   0|  0|   20|          13|          13|
    |add_ln58_930_fu_11772_p2   |         +|   0|  0|   18|          11|          11|
    |add_ln58_933_fu_7212_p2    |         +|   0|  0|   17|          10|          10|
    |add_ln58_934_fu_7218_p2    |         +|   0|  0|   16|           9|           9|
    |add_ln58_935_fu_7231_p2    |         +|   0|  0|   17|          10|          10|
    |add_ln58_936_fu_11788_p2   |         +|   0|  0|   18|          11|          11|
    |add_ln58_937_fu_11798_p2   |         +|   0|  0|   19|          12|          12|
    |add_ln58_938_fu_14018_p2   |         +|   0|  0|   20|          13|          13|
    |add_ln58_93_fu_13597_p2    |         +|   0|  0|   21|          14|          14|
    |add_ln58_940_fu_7237_p2    |         +|   0|  0|   16|           9|           9|
    |add_ln58_943_fu_7247_p2    |         +|   0|  0|   16|           9|           9|
    |add_ln58_944_fu_7257_p2    |         +|   0|  0|   17|          10|          10|
    |add_ln58_947_fu_7263_p2    |         +|   0|  0|   16|           9|           9|
    |add_ln58_94_fu_3789_p2     |         +|   0|  0|   16|           9|           9|
    |add_ln58_950_fu_7272_p2    |         +|   0|  0|   16|           9|           9|
    |add_ln58_951_fu_7282_p2    |         +|   0|  0|   17|          10|          10|
    |add_ln58_952_fu_11810_p2   |         +|   0|  0|   18|          11|          11|
    |add_ln58_957_fu_2328_p2    |         +|   0|  0|   15|           8|           8|
    |add_ln58_958_fu_7291_p2    |         +|   0|  0|   16|           9|           9|
    |add_ln58_959_fu_7301_p2    |         +|   0|  0|   17|          10|          10|
    |add_ln58_95_fu_3799_p2     |         +|   0|  0|   17|          10|          10|
    |add_ln58_962_fu_7307_p2    |         +|   0|  0|   16|           9|           9|
    |add_ln58_966_fu_7316_p2    |         +|   0|  0|   17|          10|          10|
    |add_ln58_967_fu_11826_p2   |         +|   0|  0|   18|          11|          11|
    |add_ln58_968_fu_11836_p2   |         +|   0|  0|   19|          12|          12|
    |add_ln58_969_fu_14031_p2   |         +|   0|  0|   21|          14|          14|
    |add_ln58_96_fu_3804_p2     |         +|   0|  0|   16|           9|           9|
    |add_ln58_971_fu_11842_p2   |         +|   0|  0|   18|          11|          11|
    |add_ln58_974_fu_7322_p2    |         +|   0|  0|   17|          10|          10|
    |add_ln58_975_fu_11855_p2   |         +|   0|  0|   19|          12|          12|
    |add_ln58_978_fu_7328_p2    |         +|   0|  0|   17|          10|          10|
    |add_ln58_97_fu_3814_p2     |         +|   0|  0|   16|           9|           9|
    |add_ln58_980_fu_7334_p2    |         +|   0|  0|   16|           9|           9|
    |add_ln58_981_fu_7344_p2    |         +|   0|  0|   17|          10|          10|
    |add_ln58_982_fu_11867_p2   |         +|   0|  0|   18|          11|          11|
    |add_ln58_983_fu_14043_p2   |         +|   0|  0|   17|          13|          13|
    |add_ln58_985_fu_7350_p2    |         +|   0|  0|   17|          10|          10|
    |add_ln58_986_fu_7356_p2    |         +|   0|  0|   16|           9|           9|
    |add_ln58_987_fu_7366_p2    |         +|   0|  0|   17|          10|          10|
    |add_ln58_988_fu_11879_p2   |         +|   0|  0|   18|          11|          11|
    |add_ln58_98_fu_3824_p2     |         +|   0|  0|   17|          10|          10|
    |add_ln58_991_fu_7372_p2    |         +|   0|  0|   16|           9|           9|
    |add_ln58_992_fu_2334_p2    |         +|   0|  0|   15|           8|           8|
    |add_ln58_994_fu_2348_p2    |         +|   0|  0|   16|           9|           9|
    |add_ln58_995_fu_7385_p2    |         +|   0|  0|   17|          10|          10|
    |add_ln58_996_fu_11892_p2   |         +|   0|  0|   19|          12|          12|
    |add_ln58_997_fu_14052_p2   |         +|   0|  0|   17|          13|          13|
    |add_ln58_99_fu_10217_p2    |         +|   0|  0|   18|          11|          11|
    |add_ln58_9_fu_1205_p2      |         +|   0|  0|   16|           9|           9|
    |add_ln58_fu_552_p2         |         +|   0|  0|   15|           8|           8|
    |sub_ln58_10_fu_1534_p2     |         -|   0|  0|   15|           8|           8|
    |sub_ln58_12_fu_1840_p2     |         -|   0|  0|   15|           8|           8|
    |sub_ln58_13_fu_1978_p2     |         -|   0|  0|   15|           8|           8|
    |sub_ln58_14_fu_2088_p2     |         -|   0|  0|   15|           8|           8|
    |sub_ln58_15_fu_2152_p2     |         -|   0|  0|   15|           8|           8|
    |sub_ln58_16_fu_2224_p2     |         -|   0|  0|   15|           8|           8|
    |sub_ln58_17_fu_2322_p2     |         -|   0|  0|   15|           8|           8|
    |sub_ln58_1_fu_558_p2       |         -|   0|  0|   15|           8|           8|
    |sub_ln58_20_fu_2418_p2     |         -|   0|  0|   15|           8|           8|
    |sub_ln58_21_fu_2580_p2     |         -|   0|  0|   15|           8|           8|
    |sub_ln58_22_fu_2652_p2     |         -|   0|  0|   15|           8|           8|
    |sub_ln58_24_fu_2752_p2     |         -|   0|  0|   15|           8|           8|
    |sub_ln58_2_fu_564_p2       |         -|   0|  0|   15|           8|           8|
    |sub_ln58_3_fu_1170_p2      |         -|   0|  0|   16|           9|           9|
    |sub_ln58_4_fu_1211_p2      |         -|   0|  0|   15|           8|           8|
    |sub_ln58_5_fu_1254_p2      |         -|   0|  0|   15|           8|           8|
    |sub_ln58_6_fu_1264_p2      |         -|   0|  0|   15|           8|           8|
    |sub_ln58_7_fu_1270_p2      |         -|   0|  0|   15|           8|           8|
    |sub_ln58_8_fu_1336_p2      |         -|   0|  0|   15|           8|           8|
    |sub_ln58_9_fu_1424_p2      |         -|   0|  0|   15|           8|           8|
    |sub_ln58_fu_1125_p2        |         -|   0|  0|   16|           1|           9|
    |sub_ln73_10_fu_654_p2      |         -|   0|  0|   15|           1|           8|
    |sub_ln73_11_fu_663_p2      |         -|   0|  0|   15|           1|           8|
    |sub_ln73_12_fu_672_p2      |         -|   0|  0|   15|           1|           8|
    |sub_ln73_13_fu_681_p2      |         -|   0|  0|   15|           1|           8|
    |sub_ln73_14_fu_690_p2      |         -|   0|  0|   15|           1|           8|
    |sub_ln73_15_fu_699_p2      |         -|   0|  0|   15|           1|           8|
    |sub_ln73_16_fu_708_p2      |         -|   0|  0|   15|           1|           8|
    |sub_ln73_17_fu_717_p2      |         -|   0|  0|   15|           1|           8|
    |sub_ln73_18_fu_726_p2      |         -|   0|  0|   15|           1|           8|
    |sub_ln73_19_fu_735_p2      |         -|   0|  0|   15|           1|           8|
    |sub_ln73_1_fu_573_p2       |         -|   0|  0|   15|           1|           8|
    |sub_ln73_20_fu_744_p2      |         -|   0|  0|   15|           1|           8|
    |sub_ln73_21_fu_753_p2      |         -|   0|  0|   15|           1|           8|
    |sub_ln73_22_fu_762_p2      |         -|   0|  0|   15|           1|           8|
    |sub_ln73_23_fu_771_p2      |         -|   0|  0|   15|           1|           8|
    |sub_ln73_24_fu_780_p2      |         -|   0|  0|   15|           1|           8|
    |sub_ln73_25_fu_789_p2      |         -|   0|  0|   15|           1|           8|
    |sub_ln73_26_fu_798_p2      |         -|   0|  0|   15|           1|           8|
    |sub_ln73_27_fu_807_p2      |         -|   0|  0|   15|           1|           8|
    |sub_ln73_28_fu_816_p2      |         -|   0|  0|   15|           1|           8|
    |sub_ln73_29_fu_825_p2      |         -|   0|  0|   15|           1|           8|
    |sub_ln73_2_fu_582_p2       |         -|   0|  0|   15|           1|           8|
    |sub_ln73_30_fu_834_p2      |         -|   0|  0|   15|           1|           8|
    |sub_ln73_31_fu_843_p2      |         -|   0|  0|   15|           1|           8|
    |sub_ln73_32_fu_852_p2      |         -|   0|  0|   15|           1|           8|
    |sub_ln73_33_fu_861_p2      |         -|   0|  0|   15|           1|           8|
    |sub_ln73_34_fu_870_p2      |         -|   0|  0|   15|           1|           8|
    |sub_ln73_35_fu_879_p2      |         -|   0|  0|   15|           1|           8|
    |sub_ln73_36_fu_888_p2      |         -|   0|  0|   15|           1|           8|
    |sub_ln73_37_fu_897_p2      |         -|   0|  0|   15|           1|           8|
    |sub_ln73_38_fu_906_p2      |         -|   0|  0|   15|           1|           8|
    |sub_ln73_39_fu_915_p2      |         -|   0|  0|   15|           1|           8|
    |sub_ln73_3_fu_591_p2       |         -|   0|  0|   15|           1|           8|
    |sub_ln73_40_fu_924_p2      |         -|   0|  0|   15|           1|           8|
    |sub_ln73_41_fu_933_p2      |         -|   0|  0|   15|           1|           8|
    |sub_ln73_42_fu_942_p2      |         -|   0|  0|   15|           1|           8|
    |sub_ln73_43_fu_951_p2      |         -|   0|  0|   15|           1|           8|
    |sub_ln73_44_fu_960_p2      |         -|   0|  0|   15|           1|           8|
    |sub_ln73_45_fu_969_p2      |         -|   0|  0|   15|           1|           8|
    |sub_ln73_46_fu_978_p2      |         -|   0|  0|   15|           1|           8|
    |sub_ln73_47_fu_987_p2      |         -|   0|  0|   15|           1|           8|
    |sub_ln73_48_fu_996_p2      |         -|   0|  0|   15|           1|           8|
    |sub_ln73_49_fu_1005_p2     |         -|   0|  0|   15|           1|           8|
    |sub_ln73_4_fu_600_p2       |         -|   0|  0|   15|           1|           8|
    |sub_ln73_50_fu_1014_p2     |         -|   0|  0|   15|           1|           8|
    |sub_ln73_51_fu_1023_p2     |         -|   0|  0|   15|           1|           8|
    |sub_ln73_52_fu_1032_p2     |         -|   0|  0|   15|           1|           8|
    |sub_ln73_53_fu_1041_p2     |         -|   0|  0|   15|           1|           8|
    |sub_ln73_54_fu_1050_p2     |         -|   0|  0|   15|           1|           8|
    |sub_ln73_55_fu_1059_p2     |         -|   0|  0|   15|           1|           8|
    |sub_ln73_56_fu_1068_p2     |         -|   0|  0|   15|           1|           8|
    |sub_ln73_57_fu_1077_p2     |         -|   0|  0|   15|           1|           8|
    |sub_ln73_58_fu_1086_p2     |         -|   0|  0|   15|           1|           8|
    |sub_ln73_59_fu_1095_p2     |         -|   0|  0|   15|           1|           8|
    |sub_ln73_5_fu_609_p2       |         -|   0|  0|   15|           1|           8|
    |sub_ln73_60_fu_1104_p2     |         -|   0|  0|   15|           1|           8|
    |sub_ln73_61_fu_1113_p2     |         -|   0|  0|   15|           1|           8|
    |sub_ln73_6_fu_618_p2       |         -|   0|  0|   15|           1|           8|
    |sub_ln73_7_fu_627_p2       |         -|   0|  0|   15|           1|           8|
    |sub_ln73_8_fu_636_p2       |         -|   0|  0|   15|           1|           8|
    |sub_ln73_9_fu_645_p2       |         -|   0|  0|   15|           1|           8|
    |sub_ln73_fu_546_p2         |         -|   0|  0|   15|           1|           8|
    +---------------------------+----------+----+---+-----+------------+------------+
    |Total                      |          |   0|  0|24352|       13828|       14270|
    +---------------------------+----------+----+---+-----+------------+------------+

    * Multiplexer: 
    +--------------+----+-----------+-----+-----------+
    |     Name     | LUT| Input Size| Bits| Total Bits|
    +--------------+----+-----------+-----+-----------+
    |ap_return_0   |  14|          3|   14|         42|
    |ap_return_1   |  14|          3|   14|         42|
    |ap_return_10  |  14|          3|   14|         42|
    |ap_return_11  |  14|          3|   14|         42|
    |ap_return_12  |  14|          3|   14|         42|
    |ap_return_13  |  14|          3|   14|         42|
    |ap_return_14  |  14|          3|   14|         42|
    |ap_return_15  |  14|          3|   14|         42|
    |ap_return_16  |  14|          3|   14|         42|
    |ap_return_17  |  14|          3|   14|         42|
    |ap_return_18  |  14|          3|   14|         42|
    |ap_return_19  |  14|          3|   14|         42|
    |ap_return_2   |  14|          3|   14|         42|
    |ap_return_20  |  14|          3|   14|         42|
    |ap_return_21  |  14|          3|   14|         42|
    |ap_return_22  |  14|          3|   14|         42|
    |ap_return_23  |  14|          3|   14|         42|
    |ap_return_24  |  14|          3|   14|         42|
    |ap_return_25  |  14|          3|   14|         42|
    |ap_return_26  |  14|          3|   14|         42|
    |ap_return_27  |  14|          3|   14|         42|
    |ap_return_28  |  14|          3|   14|         42|
    |ap_return_29  |  14|          3|   14|         42|
    |ap_return_3   |  14|          3|   14|         42|
    |ap_return_30  |  14|          3|   14|         42|
    |ap_return_31  |  14|          3|   14|         42|
    |ap_return_4   |  14|          3|   14|         42|
    |ap_return_5   |  14|          3|   14|         42|
    |ap_return_6   |  14|          3|   14|         42|
    |ap_return_7   |  14|          3|   14|         42|
    |ap_return_8   |  14|          3|   14|         42|
    |ap_return_9   |  14|          3|   14|         42|
    +--------------+----+-----------+-----+-----------+
    |Total         | 448|         96|  448|       1344|
    +--------------+----+-----------+-----+-----------+

    * Register: 
    +--------------------------------------------+----+----+-----+-----------+
    |                    Name                    | FF | LUT| Bits| Const Bits|
    +--------------------------------------------+----+----+-----+-----------+
    |add_ln58_1003_reg_17448                     |  10|   0|   10|          0|
    |add_ln58_1007_reg_16144                     |   8|   0|    8|          0|
    |add_ln58_1010_reg_17453                     |  10|   0|   10|          0|
    |add_ln58_1013_reg_16149                     |   9|   0|    9|          0|
    |add_ln58_1015_reg_16154                     |   8|   0|    8|          0|
    |add_ln58_1017_reg_17458                     |  10|   0|   10|          0|
    |add_ln58_1021_reg_16159                     |   8|   0|    8|          0|
    |add_ln58_1024_reg_17463                     |  10|   0|   10|          0|
    |add_ln58_1026_reg_18573                     |  12|   0|   12|          0|
    |add_ln58_1029_reg_17468                     |  10|   0|   10|          0|
    |add_ln58_102_reg_16522                      |  10|   0|   10|          0|
    |add_ln58_1030_reg_17473                     |   9|   0|    9|          0|
    |add_ln58_1032_reg_17478                     |  10|   0|   10|          0|
    |add_ln58_1036_reg_17483                     |  10|   0|   10|          0|
    |add_ln58_1039_reg_17488                     |  10|   0|   10|          0|
    |add_ln58_1041_reg_18578                     |  12|   0|   12|          0|
    |add_ln58_1043_reg_17493                     |  10|   0|   10|          0|
    |add_ln58_1046_reg_17498                     |  10|   0|   10|          0|
    |add_ln58_1050_reg_17503                     |  10|   0|   10|          0|
    |add_ln58_1052_reg_17508                     |  10|   0|   10|          0|
    |add_ln58_1054_reg_18583                     |  12|   0|   12|          0|
    |add_ln58_1056_reg_16164                     |   8|   0|    8|          0|
    |add_ln58_1059_reg_16169                     |   8|   0|    8|          0|
    |add_ln58_105_reg_16527                      |  10|   0|   10|          0|
    |add_ln58_1061_reg_17513                     |  10|   0|   10|          0|
    |add_ln58_1066_reg_16174                     |   8|   0|    8|          0|
    |add_ln58_1068_reg_17518                     |  10|   0|   10|          0|
    |add_ln58_1074_reg_16179                     |   8|   0|    8|          0|
    |add_ln58_1076_reg_17523                     |  10|   0|   10|          0|
    |add_ln58_107_reg_18298                      |  12|   0|   12|          0|
    |add_ln58_1081_reg_16184                     |   8|   0|    8|          0|
    |add_ln58_1083_reg_17528                     |  10|   0|   10|          0|
    |add_ln58_1085_reg_18588                     |  12|   0|   12|          0|
    |add_ln58_1088_reg_17533                     |  10|   0|   10|          0|
    |add_ln58_1091_reg_17538                     |  10|   0|   10|          0|
    |add_ln58_1095_reg_17543                     |  10|   0|   10|          0|
    |add_ln58_1098_reg_17548                     |  10|   0|   10|          0|
    |add_ln58_109_reg_16532                      |  10|   0|   10|          0|
    |add_ln58_1100_reg_18593                     |  12|   0|   12|          0|
    |add_ln58_1102_reg_17553                     |  10|   0|   10|          0|
    |add_ln58_1105_reg_17558                     |  10|   0|   10|          0|
    |add_ln58_1109_reg_17563                     |  10|   0|   10|          0|
    |add_ln58_1112_reg_17568                     |  10|   0|   10|          0|
    |add_ln58_1114_reg_18598                     |  12|   0|   12|          0|
    |add_ln58_1119_reg_16194                     |   9|   0|    9|          0|
    |add_ln58_1120_reg_17573                     |  11|   0|   11|          0|
    |add_ln58_1124_reg_16199                     |   8|   0|    8|          0|
    |add_ln58_1127_reg_17578                     |  10|   0|   10|          0|
    |add_ln58_112_reg_16537                      |  10|   0|   10|          0|
    |add_ln58_1131_reg_16204                     |   9|   0|    9|          0|
    |add_ln58_1134_reg_16209                     |   9|   0|    9|          0|
    |add_ln58_1138_reg_16214                     |   9|   0|    9|          0|
    |add_ln58_1141_reg_16219                     |   9|   0|    9|          0|
    |add_ln58_1143_reg_17583                     |  11|   0|   11|          0|
    |add_ln58_1144_reg_18603                     |  13|   0|   13|          0|
    |add_ln58_1147_reg_17588                     |  11|   0|   11|          0|
    |add_ln58_1154_reg_17593                     |  10|   0|   10|          0|
    |add_ln58_1157_reg_17598                     |  10|   0|   10|          0|
    |add_ln58_1159_reg_18608                     |  13|   0|   13|          0|
    |add_ln58_1161_reg_17603                     |  10|   0|   10|          0|
    |add_ln58_1164_reg_17608                     |  10|   0|   10|          0|
    |add_ln58_1168_reg_17613                     |  10|   0|   10|          0|
    |add_ln58_116_reg_16542                      |  10|   0|   10|          0|
    |add_ln58_1171_reg_17618                     |  10|   0|   10|          0|
    |add_ln58_1173_reg_18613                     |  12|   0|   12|          0|
    |add_ln58_1177_reg_16224                     |   8|   0|    8|          0|
    |add_ln58_1180_reg_17623                     |  10|   0|   10|          0|
    |add_ln58_1182_reg_16229                     |   8|   0|    8|          0|
    |add_ln58_1186_reg_16234                     |   9|   0|    9|          0|
    |add_ln58_1187_reg_17628                     |  10|   0|   10|          0|
    |add_ln58_118_reg_16547                      |  10|   0|   10|          0|
    |add_ln58_1190_reg_16239                     |   9|   0|    9|          0|
    |add_ln58_1194_reg_17633                     |  10|   0|   10|          0|
    |add_ln58_1199_reg_16249                     |   8|   0|    8|          0|
    |add_ln58_11_reg_15403                       |  10|   0|   10|          0|
    |add_ln58_11_reg_15403_pp0_iter2_reg         |  10|   0|   10|          0|
    |add_ln58_1201_reg_17638                     |  10|   0|   10|          0|
    |add_ln58_1203_reg_18618                     |  12|   0|   12|          0|
    |add_ln58_1206_reg_17643                     |  10|   0|   10|          0|
    |add_ln58_1209_reg_17648                     |  10|   0|   10|          0|
    |add_ln58_120_reg_18303                      |  12|   0|   12|          0|
    |add_ln58_1213_reg_17653                     |  10|   0|   10|          0|
    |add_ln58_1216_reg_17658                     |  10|   0|   10|          0|
    |add_ln58_1218_reg_18623                     |  12|   0|   12|          0|
    |add_ln58_1220_reg_17663                     |  10|   0|   10|          0|
    |add_ln58_1229_reg_17668                     |  10|   0|   10|          0|
    |add_ln58_122_reg_15552                      |   8|   0|    8|          0|
    |add_ln58_1231_reg_18628                     |  12|   0|   12|          0|
    |add_ln58_1238_reg_17673                     |  10|   0|   10|          0|
    |add_ln58_1245_reg_17678                     |  10|   0|   10|          0|
    |add_ln58_1249_reg_16259                     |   9|   0|    9|          0|
    |add_ln58_124_reg_15557                      |   8|   0|    8|          0|
    |add_ln58_1253_reg_17683                     |  10|   0|   10|          0|
    |add_ln58_1257_reg_16264                     |   8|   0|    8|          0|
    |add_ln58_125_reg_15562                      |   8|   0|    8|          0|
    |add_ln58_1260_reg_17688                     |  10|   0|   10|          0|
    |add_ln58_1262_reg_18633                     |  12|   0|   12|          0|
    |add_ln58_1265_reg_17693                     |  10|   0|   10|          0|
    |add_ln58_1268_reg_17698                     |  10|   0|   10|          0|
    |add_ln58_1272_reg_17703                     |  10|   0|   10|          0|
    |add_ln58_1275_reg_17708                     |  10|   0|   10|          0|
    |add_ln58_1277_reg_18638                     |  12|   0|   12|          0|
    |add_ln58_1279_reg_17713                     |  10|   0|   10|          0|
    |add_ln58_127_reg_16552                      |  10|   0|   10|          0|
    |add_ln58_1282_reg_17718                     |  10|   0|   10|          0|
    |add_ln58_1289_reg_17723                     |  10|   0|   10|          0|
    |add_ln58_128_reg_15567                      |   8|   0|    8|          0|
    |add_ln58_1291_reg_18643                     |  12|   0|   12|          0|
    |add_ln58_1298_reg_17728                     |  10|   0|   10|          0|
    |add_ln58_129_reg_15572                      |   8|   0|    8|          0|
    |add_ln58_1301_reg_16269                     |   9|   0|    9|          0|
    |add_ln58_1305_reg_17733                     |  10|   0|   10|          0|
    |add_ln58_1307_reg_16274                     |   8|   0|    8|          0|
    |add_ln58_1313_reg_17738                     |  10|   0|   10|          0|
    |add_ln58_131_reg_15577                      |   8|   0|    8|          0|
    |add_ln58_1320_reg_17743                     |  10|   0|   10|          0|
    |add_ln58_1322_reg_18648                     |  13|   0|   13|          0|
    |add_ln58_1328_reg_17748                     |  10|   0|   10|          0|
    |add_ln58_132_reg_15582                      |   8|   0|    8|          0|
    |add_ln58_1332_reg_17753                     |  10|   0|   10|          0|
    |add_ln58_1335_reg_17758                     |  10|   0|   10|          0|
    |add_ln58_1337_reg_18653                     |  12|   0|   12|          0|
    |add_ln58_1339_reg_17763                     |  10|   0|   10|          0|
    |add_ln58_1342_reg_17768                     |  10|   0|   10|          0|
    |add_ln58_1346_reg_17773                     |  10|   0|   10|          0|
    |add_ln58_1349_reg_17778                     |  10|   0|   10|          0|
    |add_ln58_134_reg_16557                      |  10|   0|   10|          0|
    |add_ln58_1351_reg_18658                     |  12|   0|   12|          0|
    |add_ln58_1353_reg_16279                     |   8|   0|    8|          0|
    |add_ln58_1358_reg_17783                     |  10|   0|   10|          0|
    |add_ln58_1365_reg_17788                     |  10|   0|   10|          0|
    |add_ln58_1369_reg_16285                     |   8|   0|    8|          0|
    |add_ln58_136_reg_15587                      |   8|   0|    8|          0|
    |add_ln58_1372_reg_17793                     |  10|   0|   10|          0|
    |add_ln58_1379_reg_17798                     |  10|   0|   10|          0|
    |add_ln58_137_reg_15592                      |   8|   0|    8|          0|
    |add_ln58_1381_reg_18663                     |  12|   0|   12|          0|
    |add_ln58_1387_reg_17803                     |  10|   0|   10|          0|
    |add_ln58_1388_reg_18668                     |  12|   0|   12|          0|
    |add_ln58_1390_reg_17808                     |  10|   0|   10|          0|
    |add_ln58_1393_reg_17813                     |  10|   0|   10|          0|
    |add_ln58_1394_reg_18673                     |  11|   0|   11|          0|
    |add_ln58_1397_reg_17818                     |  10|   0|   10|          0|
    |add_ln58_139_reg_15597                      |   8|   0|    8|          0|
    |add_ln58_1400_reg_17823                     |  10|   0|   10|          0|
    |add_ln58_1404_reg_17828                     |  10|   0|   10|          0|
    |add_ln58_1406_reg_16290                     |  10|   0|   10|          0|
    |add_ln58_1406_reg_16290_pp0_iter2_reg       |  10|   0|   10|          0|
    |add_ln58_1408_reg_18678                     |  12|   0|   12|          0|
    |add_ln58_140_reg_15602                      |   8|   0|    8|          0|
    |add_ln58_1410_reg_16295                     |   8|   0|    8|          0|
    |add_ln58_1414_reg_16300                     |   9|   0|    9|          0|
    |add_ln58_1415_reg_17833                     |  10|   0|   10|          0|
    |add_ln58_1422_reg_17838                     |  10|   0|   10|          0|
    |add_ln58_1429_reg_17843                     |  10|   0|   10|          0|
    |add_ln58_142_reg_16562                      |  10|   0|   10|          0|
    |add_ln58_1436_reg_17848                     |  10|   0|   10|          0|
    |add_ln58_1438_reg_18683                     |  12|   0|   12|          0|
    |add_ln58_143_reg_15607                      |   8|   0|    8|          0|
    |add_ln58_1441_reg_17853                     |  10|   0|   10|          0|
    |add_ln58_1444_reg_17858                     |  10|   0|   10|          0|
    |add_ln58_1448_reg_17863                     |  10|   0|   10|          0|
    |add_ln58_144_reg_15612                      |   8|   0|    8|          0|
    |add_ln58_1451_reg_17868                     |  10|   0|   10|          0|
    |add_ln58_1453_reg_18688                     |  12|   0|   12|          0|
    |add_ln58_1455_reg_17873                     |  10|   0|   10|          0|
    |add_ln58_1458_reg_17878                     |  10|   0|   10|          0|
    |add_ln58_1465_reg_17883                     |  10|   0|   10|          0|
    |add_ln58_1467_reg_18693                     |  12|   0|   12|          0|
    |add_ln58_1473_reg_17888                     |  11|   0|   11|          0|
    |add_ln58_1480_reg_17893                     |  10|   0|   10|          0|
    |add_ln58_1485_reg_16305                     |   8|   0|    8|          0|
    |add_ln58_1488_reg_17898                     |  10|   0|   10|          0|
    |add_ln58_148_reg_15627                      |   9|   0|    9|          0|
    |add_ln58_1490_reg_16310                     |   8|   0|    8|          0|
    |add_ln58_1495_reg_17903                     |  10|   0|   10|          0|
    |add_ln58_1497_reg_18698                     |  13|   0|   13|          0|
    |add_ln58_149_reg_16567                      |  10|   0|   10|          0|
    |add_ln58_14_reg_15409                       |  10|   0|   10|          0|
    |add_ln58_1500_reg_17908                     |  11|   0|   11|          0|
    |add_ln58_1503_reg_17913                     |  10|   0|   10|          0|
    |add_ln58_1507_reg_17918                     |  10|   0|   10|          0|
    |add_ln58_1510_reg_17923                     |  10|   0|   10|          0|
    |add_ln58_1512_reg_18703                     |  13|   0|   13|          0|
    |add_ln58_1514_reg_17928                     |  10|   0|   10|          0|
    |add_ln58_1517_reg_17933                     |  10|   0|   10|          0|
    |add_ln58_151_reg_18308                      |  12|   0|   12|          0|
    |add_ln58_1521_reg_17938                     |  10|   0|   10|          0|
    |add_ln58_1524_reg_17943                     |  10|   0|   10|          0|
    |add_ln58_1526_reg_18708                     |  12|   0|   12|          0|
    |add_ln58_1528_reg_16315                     |   8|   0|    8|          0|
    |add_ln58_1533_reg_17948                     |  10|   0|   10|          0|
    |add_ln58_1535_reg_16320                     |   8|   0|    8|          0|
    |add_ln58_1540_reg_17953                     |  10|   0|   10|          0|
    |add_ln58_1543_reg_16325                     |   8|   0|    8|          0|
    |add_ln58_1545_reg_16330                     |   8|   0|    8|          0|
    |add_ln58_1546_reg_16335                     |   8|   0|    8|          0|
    |add_ln58_1548_reg_17958                     |  10|   0|   10|          0|
    |add_ln58_154_reg_16572                      |  10|   0|   10|          0|
    |add_ln58_1550_reg_16340                     |   8|   0|    8|          0|
    |add_ln58_1555_reg_17963                     |  10|   0|   10|          0|
    |add_ln58_1557_reg_18713                     |  12|   0|   12|          0|
    |add_ln58_155_reg_16577                      |   9|   0|    9|          0|
    |add_ln58_1562_reg_17968                     |  10|   0|   10|          0|
    |add_ln58_1570_reg_18718                     |  12|   0|   12|          0|
    |add_ln58_1572_reg_17973                     |  10|   0|   10|          0|
    |add_ln58_1575_reg_17978                     |  10|   0|   10|          0|
    |add_ln58_1578_reg_17983                     |  10|   0|   10|          0|
    |add_ln58_157_reg_16582                      |  10|   0|   10|          0|
    |add_ln58_1581_reg_17988                     |  10|   0|   10|          0|
    |add_ln58_1583_reg_18723                     |  12|   0|   12|          0|
    |add_ln58_1587_reg_16350                     |   8|   0|    8|          0|
    |add_ln58_1589_reg_17993                     |  11|   0|   11|          0|
    |add_ln58_1595_reg_17998                     |  10|   0|   10|          0|
    |add_ln58_1599_reg_16355                     |   8|   0|    8|          0|
    |add_ln58_15_reg_15415                       |   9|   0|    9|          0|
    |add_ln58_1602_reg_18003                     |  10|   0|   10|          0|
    |add_ln58_1604_reg_16360                     |   9|   0|    9|          0|
    |add_ln58_1608_reg_18008                     |  10|   0|   10|          0|
    |add_ln58_1610_reg_18728                     |  13|   0|   13|          0|
    |add_ln58_1613_reg_18013                     |  10|   0|   10|          0|
    |add_ln58_1616_reg_18018                     |  10|   0|   10|          0|
    |add_ln58_161_reg_16587                      |  10|   0|   10|          0|
    |add_ln58_1620_reg_18023                     |  10|   0|   10|          0|
    |add_ln58_1623_reg_18028                     |  10|   0|   10|          0|
    |add_ln58_1625_reg_18733                     |  12|   0|   12|          0|
    |add_ln58_1627_reg_18033                     |  10|   0|   10|          0|
    |add_ln58_1630_reg_18038                     |  10|   0|   10|          0|
    |add_ln58_1637_reg_18043                     |  10|   0|   10|          0|
    |add_ln58_1639_reg_18738                     |  12|   0|   12|          0|
    |add_ln58_1646_reg_18048                     |  10|   0|   10|          0|
    |add_ln58_164_reg_16592                      |  10|   0|   10|          0|
    |add_ln58_1653_reg_18053                     |  10|   0|   10|          0|
    |add_ln58_1656_reg_16365                     |   9|   0|    9|          0|
    |add_ln58_1660_reg_18058                     |  10|   0|   10|          0|
    |add_ln58_1667_reg_18063                     |  10|   0|   10|          0|
    |add_ln58_1669_reg_18743                     |  13|   0|   13|          0|
    |add_ln58_166_reg_18313                      |  12|   0|   12|          0|
    |add_ln58_1672_reg_18068                     |  10|   0|   10|          0|
    |add_ln58_1675_reg_18073                     |  10|   0|   10|          0|
    |add_ln58_1679_reg_18078                     |  10|   0|   10|          0|
    |add_ln58_1682_reg_18083                     |  10|   0|   10|          0|
    |add_ln58_1684_reg_18748                     |  12|   0|   12|          0|
    |add_ln58_1686_reg_18088                     |  10|   0|   10|          0|
    |add_ln58_168_reg_16597                      |  10|   0|   10|          0|
    |add_ln58_1693_reg_18093                     |  10|   0|   10|          0|
    |add_ln58_1696_reg_18098                     |  10|   0|   10|          0|
    |add_ln58_1698_reg_18753                     |  12|   0|   12|          0|
    |add_ln58_1703_reg_16370                     |   8|   0|    8|          0|
    |add_ln58_1705_reg_18103                     |  10|   0|   10|          0|
    |add_ln58_1708_reg_16375                     |   9|   0|    9|          0|
    |add_ln58_1712_reg_18108                     |  10|   0|   10|          0|
    |add_ln58_1719_reg_16380                     |   9|   0|    9|          0|
    |add_ln58_171_reg_16602                      |  10|   0|   10|          0|
    |add_ln58_1720_reg_18113                     |  10|   0|   10|          0|
    |add_ln58_1724_reg_16385                     |   8|   0|    8|          0|
    |add_ln58_1727_reg_18118                     |  10|   0|   10|          0|
    |add_ln58_1729_reg_18758                     |  13|   0|   13|          0|
    |add_ln58_1732_reg_18123                     |  11|   0|   11|          0|
    |add_ln58_1735_reg_18128                     |  10|   0|   10|          0|
    |add_ln58_1736_reg_18763                     |  12|   0|   12|          0|
    |add_ln58_1738_reg_18133                     |  10|   0|   10|          0|
    |add_ln58_173_reg_15637                      |   8|   0|    8|          0|
    |add_ln58_1741_reg_18138                     |  10|   0|   10|          0|
    |add_ln58_1742_reg_18768                     |  11|   0|   11|          0|
    |add_ln58_1745_reg_18143                     |  10|   0|   10|          0|
    |add_ln58_1748_reg_18148                     |  10|   0|   10|          0|
    |add_ln58_1752_reg_18153                     |  10|   0|   10|          0|
    |add_ln58_1754_reg_18158                     |  10|   0|   10|          0|
    |add_ln58_1756_reg_18773                     |  12|   0|   12|          0|
    |add_ln58_175_reg_15642                      |   8|   0|    8|          0|
    |add_ln58_1763_reg_18163                     |  10|   0|   10|          0|
    |add_ln58_1765_reg_16390                     |   9|   0|    9|          0|
    |add_ln58_1769_reg_18168                     |  10|   0|   10|          0|
    |add_ln58_176_reg_15647                      |   8|   0|    8|          0|
    |add_ln58_1776_reg_18173                     |  10|   0|   10|          0|
    |add_ln58_1783_reg_18178                     |  10|   0|   10|          0|
    |add_ln58_1785_reg_18778                     |  12|   0|   12|          0|
    |add_ln58_178_reg_16607                      |  11|   0|   11|          0|
    |add_ln58_1791_reg_18183                     |  10|   0|   10|          0|
    |add_ln58_1792_reg_18783                     |  12|   0|   12|          0|
    |add_ln58_1795_reg_18188                     |  10|   0|   10|          0|
    |add_ln58_1798_reg_18193                     |  10|   0|   10|          0|
    |add_ln58_1799_reg_18788                     |  11|   0|   11|          0|
    |add_ln58_179_reg_18318                      |  11|   0|   11|          0|
    |add_ln58_1805_reg_18198                     |  10|   0|   10|          0|
    |add_ln58_1809_reg_18203                     |  10|   0|   10|          0|
    |add_ln58_1812_reg_18208                     |  10|   0|   10|          0|
    |add_ln58_1814_reg_18793                     |  12|   0|   12|          0|
    |add_ln58_1817_reg_18213                     |  10|   0|   10|          0|
    |add_ln58_181_reg_15652                      |   8|   0|    8|          0|
    |add_ln58_1820_reg_18218                     |  10|   0|   10|          0|
    |add_ln58_1822_reg_16395                     |   8|   0|    8|          0|
    |add_ln58_1828_reg_18223                     |  10|   0|   10|          0|
    |add_ln58_1832_reg_16400                     |   9|   0|    9|          0|
    |add_ln58_1835_reg_16405                     |   9|   0|    9|          0|
    |add_ln58_1839_reg_16410                     |   9|   0|    9|          0|
    |add_ln58_1842_reg_16415                     |   9|   0|    9|          0|
    |add_ln58_1844_reg_18228                     |  11|   0|   11|          0|
    |add_ln58_1845_reg_18798                     |  13|   0|   13|          0|
    |add_ln58_1850_reg_18233                     |  10|   0|   10|          0|
    |add_ln58_1853_reg_18238                     |  10|   0|   10|          0|
    |add_ln58_1856_reg_18243                     |  10|   0|   10|          0|
    |add_ln58_1858_reg_18803                     |  12|   0|   12|          0|
    |add_ln58_1863_reg_18248                     |  10|   0|   10|          0|
    |add_ln58_1866_reg_18253                     |  10|   0|   10|          0|
    |add_ln58_1869_reg_18258                     |  10|   0|   10|          0|
    |add_ln58_186_reg_16612                      |  10|   0|   10|          0|
    |add_ln58_1871_reg_18808                     |  12|   0|   12|          0|
    |add_ln58_1877_reg_16420                     |   9|   0|    9|          0|
    |add_ln58_1878_reg_18263                     |  10|   0|   10|          0|
    |add_ln58_187_reg_15665                      |   8|   0|    8|          0|
    |add_ln58_1884_reg_18268                     |  10|   0|   10|          0|
    |add_ln58_1886_reg_16425                     |   8|   0|    8|          0|
    |add_ln58_188_reg_15670                      |   8|   0|    8|          0|
    |add_ln58_1891_reg_18273                     |  10|   0|   10|          0|
    |add_ln58_1897_reg_18278                     |  10|   0|   10|          0|
    |add_ln58_1899_reg_18813                     |  12|   0|   12|          0|
    |add_ln58_18_reg_15420                       |  10|   0|   10|          0|
    |add_ln58_18_reg_15420_pp0_iter2_reg         |  10|   0|   10|          0|
    |add_ln58_191_reg_15675                      |   8|   0|    8|          0|
    |add_ln58_193_reg_16617                      |  10|   0|   10|          0|
    |add_ln58_195_reg_15680                      |   8|   0|    8|          0|
    |add_ln58_196_reg_15685                      |   8|   0|    8|          0|
    |add_ln58_201_reg_16622                      |  10|   0|   10|          0|
    |add_ln58_202_reg_15704                      |   8|   0|    8|          0|
    |add_ln58_203_reg_15709                      |   8|   0|    8|          0|
    |add_ln58_205_reg_15714                      |   8|   0|    8|          0|
    |add_ln58_208_reg_16627                      |  10|   0|   10|          0|
    |add_ln58_210_reg_18323                      |  12|   0|   12|          0|
    |add_ln58_212_reg_16632                      |   9|   0|    9|          0|
    |add_ln58_216_reg_16637                      |  10|   0|   10|          0|
    |add_ln58_217_reg_18328                      |  12|   0|   12|          0|
    |add_ln58_219_reg_16642                      |  10|   0|   10|          0|
    |add_ln58_222_reg_16647                      |  10|   0|   10|          0|
    |add_ln58_223_reg_18333                      |  11|   0|   11|          0|
    |add_ln58_226_reg_16652                      |  10|   0|   10|          0|
    |add_ln58_229_reg_16657                      |  10|   0|   10|          0|
    |add_ln58_22_reg_16430                       |  10|   0|   10|          0|
    |add_ln58_233_reg_16662                      |  10|   0|   10|          0|
    |add_ln58_237_reg_18338                      |  12|   0|   12|          0|
    |add_ln58_244_reg_16667                      |  10|   0|   10|          0|
    |add_ln58_249_reg_15729                      |   8|   0|    8|          0|
    |add_ln58_24_reg_16435                       |  10|   0|   10|          0|
    |add_ln58_251_reg_16672                      |  10|   0|   10|          0|
    |add_ln58_254_reg_15734                      |   9|   0|    9|          0|
    |add_ln58_257_reg_15747                      |   9|   0|    9|          0|
    |add_ln58_261_reg_15752                      |   9|   0|    9|          0|
    |add_ln58_266_reg_16677                      |  11|   0|   11|          0|
    |add_ln58_267_reg_18343                      |  12|   0|   12|          0|
    |add_ln58_270_reg_16682                      |  10|   0|   10|          0|
    |add_ln58_273_reg_16687                      |  10|   0|   10|          0|
    |add_ln58_277_reg_16692                      |  10|   0|   10|          0|
    |add_ln58_280_reg_16697                      |  10|   0|   10|          0|
    |add_ln58_282_reg_18348                      |  12|   0|   12|          0|
    |add_ln58_285_reg_16702                      |  10|   0|   10|          0|
    |add_ln58_288_reg_16707                      |  10|   0|   10|          0|
    |add_ln58_292_reg_16712                      |  10|   0|   10|          0|
    |add_ln58_294_reg_15757                      |   8|   0|    8|          0|
    |add_ln58_295_reg_16717                      |   9|   0|    9|          0|
    |add_ln58_297_reg_18353                      |  12|   0|   12|          0|
    |add_ln58_299_reg_15762                      |   8|   0|    8|          0|
    |add_ln58_29_reg_16440                       |  10|   0|   10|          0|
    |add_ln58_304_reg_16722                      |  10|   0|   10|          0|
    |add_ln58_305_reg_15768                      |   8|   0|    8|          0|
    |add_ln58_309_reg_15773                      |   8|   0|    8|          0|
    |add_ln58_30_reg_15458                       |   9|   0|    9|          0|
    |add_ln58_311_reg_16727                      |  10|   0|   10|          0|
    |add_ln58_313_reg_15778                      |   8|   0|    8|          0|
    |add_ln58_314_reg_15783                      |   8|   0|    8|          0|
    |add_ln58_316_reg_15788                      |   8|   0|    8|          0|
    |add_ln58_319_reg_16732                      |  10|   0|   10|          0|
    |add_ln58_320_reg_15793                      |   8|   0|    8|          0|
    |add_ln58_321_reg_15798                      |   8|   0|    8|          0|
    |add_ln58_323_reg_15803                      |   8|   0|    8|          0|
    |add_ln58_324_reg_15808                      |   8|   0|    8|          0|
    |add_ln58_326_reg_16737                      |  10|   0|   10|          0|
    |add_ln58_328_reg_18358                      |  12|   0|   12|          0|
    |add_ln58_331_reg_16742                      |  11|   0|   11|          0|
    |add_ln58_334_reg_16747                      |  10|   0|   10|          0|
    |add_ln58_335_reg_18363                      |  12|   0|   12|          0|
    |add_ln58_338_reg_16752                      |  10|   0|   10|          0|
    |add_ln58_341_reg_16757                      |  10|   0|   10|          0|
    |add_ln58_342_reg_18368                      |  11|   0|   11|          0|
    |add_ln58_345_reg_16762                      |  10|   0|   10|          0|
    |add_ln58_348_reg_16767                      |  10|   0|   10|          0|
    |add_ln58_34_reg_15463                       |   9|   0|    9|          0|
    |add_ln58_352_reg_16772                      |  10|   0|   10|          0|
    |add_ln58_355_reg_16777                      |  10|   0|   10|          0|
    |add_ln58_357_reg_18373                      |  12|   0|   12|          0|
    |add_ln58_35_reg_16445                       |  11|   0|   11|          0|
    |add_ln58_360_reg_16782                      |  10|   0|   10|          0|
    |add_ln58_363_reg_16787                      |  10|   0|   10|          0|
    |add_ln58_365_reg_15813                      |   8|   0|    8|          0|
    |add_ln58_366_reg_15818                      |   8|   0|    8|          0|
    |add_ln58_371_reg_16792                      |  10|   0|   10|          0|
    |add_ln58_373_reg_15823                      |   8|   0|    8|          0|
    |add_ln58_374_reg_15828                      |   8|   0|    8|          0|
    |add_ln58_377_reg_15833                      |   8|   0|    8|          0|
    |add_ln58_379_reg_16797                      |  10|   0|   10|          0|
    |add_ln58_380_reg_15838                      |   8|   0|    8|          0|
    |add_ln58_383_reg_15843                      |   8|   0|    8|          0|
    |add_ln58_384_reg_15848                      |   8|   0|    8|          0|
    |add_ln58_386_reg_16802                      |  10|   0|   10|          0|
    |add_ln58_388_reg_18378                      |  13|   0|   13|          0|
    |add_ln58_391_reg_16813                      |  11|   0|   11|          0|
    |add_ln58_394_reg_16818                      |  10|   0|   10|          0|
    |add_ln58_398_reg_16823                      |  10|   0|   10|          0|
    |add_ln58_401_reg_16828                      |  10|   0|   10|          0|
    |add_ln58_403_reg_18383                      |  13|   0|   13|          0|
    |add_ln58_405_reg_16833                      |  10|   0|   10|          0|
    |add_ln58_408_reg_16838                      |  10|   0|   10|          0|
    |add_ln58_40_reg_16457                       |  10|   0|   10|          0|
    |add_ln58_412_reg_16843                      |  10|   0|   10|          0|
    |add_ln58_415_reg_16848                      |  10|   0|   10|          0|
    |add_ln58_417_reg_18388                      |  12|   0|   12|          0|
    |add_ln58_420_reg_16853                      |  10|   0|   10|          0|
    |add_ln58_423_reg_16858                      |  10|   0|   10|          0|
    |add_ln58_425_reg_15859                      |   8|   0|    8|          0|
    |add_ln58_428_reg_15865                      |   8|   0|    8|          0|
    |add_ln58_430_reg_16863                      |  11|   0|   11|          0|
    |add_ln58_433_reg_15870                      |   9|   0|    9|          0|
    |add_ln58_436_reg_15875                      |   9|   0|    9|          0|
    |add_ln58_440_reg_15886                      |   9|   0|    9|          0|
    |add_ln58_443_reg_15891                      |   9|   0|    9|          0|
    |add_ln58_445_reg_16868                      |  11|   0|   11|          0|
    |add_ln58_446_reg_18393                      |  13|   0|   13|          0|
    |add_ln58_449_reg_16873                      |  10|   0|   10|          0|
    |add_ln58_44_reg_16462                       |  10|   0|   10|          0|
    |add_ln58_451_reg_16878                      |   9|   0|    9|          0|
    |add_ln58_452_reg_16883                      |  10|   0|   10|          0|
    |add_ln58_456_reg_16888                      |  10|   0|   10|          0|
    |add_ln58_459_reg_16893                      |  10|   0|   10|          0|
    |add_ln58_461_reg_18398                      |  12|   0|   12|          0|
    |add_ln58_463_reg_16898                      |  10|   0|   10|          0|
    |add_ln58_466_reg_16903                      |  10|   0|   10|          0|
    |add_ln58_470_reg_16908                      |  10|   0|   10|          0|
    |add_ln58_473_reg_16913                      |  10|   0|   10|          0|
    |add_ln58_475_reg_18403                      |  12|   0|   12|          0|
    |add_ln58_479_reg_15896                      |   8|   0|    8|          0|
    |add_ln58_47_reg_16467                       |  10|   0|   10|          0|
    |add_ln58_482_reg_16918                      |  10|   0|   10|          0|
    |add_ln58_483_reg_15901                      |   8|   0|    8|          0|
    |add_ln58_486_reg_15906                      |   8|   0|    8|          0|
    |add_ln58_489_reg_16923                      |  10|   0|   10|          0|
    |add_ln58_494_reg_15918                      |   8|   0|    8|          0|
    |add_ln58_495_reg_15923                      |   8|   0|    8|          0|
    |add_ln58_497_reg_16928                      |  10|   0|   10|          0|
    |add_ln58_49_reg_18283                       |  12|   0|   12|          0|
    |add_ln58_4_reg_15358                        |   9|   0|    9|          0|
    |add_ln58_502_reg_15928                      |   8|   0|    8|          0|
    |add_ln58_504_reg_16933                      |  10|   0|   10|          0|
    |add_ln58_506_reg_18408                      |  12|   0|   12|          0|
    |add_ln58_510_reg_16938                      |   9|   0|    9|          0|
    |add_ln58_512_reg_16943                      |  10|   0|   10|          0|
    |add_ln58_513_reg_18413                      |  12|   0|   12|          0|
    |add_ln58_515_reg_16948                      |  10|   0|   10|          0|
    |add_ln58_518_reg_16953                      |  10|   0|   10|          0|
    |add_ln58_519_reg_18418                      |  11|   0|   11|          0|
    |add_ln58_51_reg_16472                       |  10|   0|   10|          0|
    |add_ln58_522_reg_16958                      |  10|   0|   10|          0|
    |add_ln58_525_reg_16963                      |  10|   0|   10|          0|
    |add_ln58_528_reg_16968                      |  10|   0|   10|          0|
    |add_ln58_531_reg_16973                      |  10|   0|   10|          0|
    |add_ln58_533_reg_18423                      |  12|   0|   12|          0|
    |add_ln58_538_reg_15933                      |  10|   0|   10|          0|
    |add_ln58_539_reg_16978                      |  10|   0|   10|          0|
    |add_ln58_542_reg_15938                      |   8|   0|    8|          0|
    |add_ln58_545_reg_16983                      |  10|   0|   10|          0|
    |add_ln58_54_reg_16477                       |  10|   0|   10|          0|
    |add_ln58_552_reg_16988                      |  10|   0|   10|          0|
    |add_ln58_554_reg_15943                      |   8|   0|    8|          0|
    |add_ln58_556_reg_15948                      |   8|   0|    8|          0|
    |add_ln58_557_reg_15953                      |   8|   0|    8|          0|
    |add_ln58_559_reg_16993                      |  10|   0|   10|          0|
    |add_ln58_561_reg_18428                      |  13|   0|   13|          0|
    |add_ln58_564_reg_16998                      |  10|   0|   10|          0|
    |add_ln58_567_reg_17003                      |  10|   0|   10|          0|
    |add_ln58_571_reg_17008                      |  10|   0|   10|          0|
    |add_ln58_574_reg_17013                      |  10|   0|   10|          0|
    |add_ln58_576_reg_18433                      |  12|   0|   12|          0|
    |add_ln58_578_reg_17018                      |  10|   0|   10|          0|
    |add_ln58_581_reg_17023                      |  10|   0|   10|          0|
    |add_ln58_585_reg_17028                      |  10|   0|   10|          0|
    |add_ln58_58_reg_16482                       |  10|   0|   10|          0|
    |add_ln58_590_reg_18438                      |  12|   0|   12|          0|
    |add_ln58_592_reg_15958                      |   8|   0|    8|          0|
    |add_ln58_597_reg_17033                      |  11|   0|   11|          0|
    |add_ln58_598_reg_15963                      |   8|   0|    8|          0|
    |add_ln58_5_reg_15370                        |   9|   0|    9|          0|
    |add_ln58_604_reg_17038                      |  10|   0|   10|          0|
    |add_ln58_607_reg_15968                      |   8|   0|    8|          0|
    |add_ln58_610_reg_15973                      |   8|   0|    8|          0|
    |add_ln58_612_reg_17043                      |  10|   0|   10|          0|
    |add_ln58_616_reg_15978                      |   8|   0|    8|          0|
    |add_ln58_617_reg_15983                      |   8|   0|    8|          0|
    |add_ln58_619_reg_17048                      |  10|   0|   10|          0|
    |add_ln58_61_reg_16487                       |  10|   0|   10|          0|
    |add_ln58_621_reg_18443                      |  13|   0|   13|          0|
    |add_ln58_623_reg_17053                      |   9|   0|    9|          0|
    |add_ln58_627_reg_17058                      |  10|   0|   10|          0|
    |add_ln58_628_reg_18448                      |  12|   0|   12|          0|
    |add_ln58_631_reg_17063                      |  10|   0|   10|          0|
    |add_ln58_634_reg_17068                      |  10|   0|   10|          0|
    |add_ln58_635_reg_18453                      |  11|   0|   11|          0|
    |add_ln58_638_reg_17073                      |  10|   0|   10|          0|
    |add_ln58_63_reg_18288                       |  12|   0|   12|          0|
    |add_ln58_641_reg_17078                      |  10|   0|   10|          0|
    |add_ln58_645_reg_17083                      |  10|   0|   10|          0|
    |add_ln58_648_reg_17088                      |  10|   0|   10|          0|
    |add_ln58_650_reg_18458                      |  12|   0|   12|          0|
    |add_ln58_652_reg_15988                      |   8|   0|    8|          0|
    |add_ln58_655_reg_15994                      |   8|   0|    8|          0|
    |add_ln58_657_reg_17093                      |  11|   0|   11|          0|
    |add_ln58_662_reg_15999                      |   8|   0|    8|          0|
    |add_ln58_664_reg_17098                      |  10|   0|   10|          0|
    |add_ln58_668_reg_16004                      |   8|   0|    8|          0|
    |add_ln58_66_reg_15479                       |   8|   0|    8|          0|
    |add_ln58_671_reg_17103                      |  10|   0|   10|          0|
    |add_ln58_678_reg_17108                      |  10|   0|   10|          0|
    |add_ln58_67_reg_15484                       |   8|   0|    8|          0|
    |add_ln58_680_reg_18463                      |  13|   0|   13|          0|
    |add_ln58_686_reg_17113                      |  10|   0|   10|          0|
    |add_ln58_687_reg_18468                      |  12|   0|   12|          0|
    |add_ln58_689_reg_17118                      |  10|   0|   10|          0|
    |add_ln58_692_reg_17123                      |  10|   0|   10|          0|
    |add_ln58_693_reg_18473                      |  11|   0|   11|          0|
    |add_ln58_696_reg_17128                      |  10|   0|   10|          0|
    |add_ln58_699_reg_17133                      |  10|   0|   10|          0|
    |add_ln58_69_reg_16492                       |  11|   0|   11|          0|
    |add_ln58_6_reg_15375                        |   9|   0|    9|          0|
    |add_ln58_702_reg_17138                      |  10|   0|   10|          0|
    |add_ln58_705_reg_17143                      |  10|   0|   10|          0|
    |add_ln58_707_reg_18478                      |  12|   0|   12|          0|
    |add_ln58_70_reg_15489                       |   8|   0|    8|          0|
    |add_ln58_710_reg_17148                      |  10|   0|   10|          0|
    |add_ln58_713_reg_17153                      |  10|   0|   10|          0|
    |add_ln58_718_reg_16014                      |   9|   0|    9|          0|
    |add_ln58_719_reg_17158                      |  11|   0|   11|          0|
    |add_ln58_71_reg_15494                       |   8|   0|    8|          0|
    |add_ln58_720_reg_18483                      |  12|   0|   12|          0|
    |add_ln58_721_reg_16019                      |   8|   0|    8|          0|
    |add_ln58_725_reg_16024                      |   9|   0|    9|          0|
    |add_ln58_726_reg_17163                      |  10|   0|   10|          0|
    |add_ln58_733_reg_17168                      |  10|   0|   10|          0|
    |add_ln58_734_reg_18488                      |  11|   0|   11|          0|
    |add_ln58_738_reg_17173                      |  11|   0|   11|          0|
    |add_ln58_73_reg_15499                       |   8|   0|    8|          0|
    |add_ln58_741_reg_17178                      |  10|   0|   10|          0|
    |add_ln58_745_reg_17183                      |  10|   0|   10|          0|
    |add_ln58_748_reg_17188                      |  10|   0|   10|          0|
    |add_ln58_74_reg_15504                       |   8|   0|    8|          0|
    |add_ln58_750_reg_18493                      |  13|   0|   13|          0|
    |add_ln58_752_reg_17193                      |  10|   0|   10|          0|
    |add_ln58_755_reg_17198                      |  10|   0|   10|          0|
    |add_ln58_759_reg_17203                      |  10|   0|   10|          0|
    |add_ln58_762_reg_17208                      |  10|   0|   10|          0|
    |add_ln58_764_reg_18498                      |  12|   0|   12|          0|
    |add_ln58_767_reg_17213                      |  10|   0|   10|          0|
    |add_ln58_76_reg_16497                       |  10|   0|   10|          0|
    |add_ln58_770_reg_17218                      |  10|   0|   10|          0|
    |add_ln58_775_reg_16034                      |   8|   0|    8|          0|
    |add_ln58_777_reg_17223                      |  11|   0|   11|          0|
    |add_ln58_780_reg_16039                      |   9|   0|    9|          0|
    |add_ln58_783_reg_16044                      |   9|   0|    9|          0|
    |add_ln58_784_reg_17228                      |  10|   0|   10|          0|
    |add_ln58_785_reg_16049                      |   8|   0|    8|          0|
    |add_ln58_786_reg_16054                      |   8|   0|    8|          0|
    |add_ln58_789_reg_16059                      |   8|   0|    8|          0|
    |add_ln58_78_reg_15509                       |   8|   0|    8|          0|
    |add_ln58_791_reg_17233                      |  10|   0|   10|          0|
    |add_ln58_793_reg_18503                      |  13|   0|   13|          0|
    |add_ln58_796_reg_17238                      |  11|   0|   11|          0|
    |add_ln58_799_reg_17243                      |  10|   0|   10|          0|
    |add_ln58_7_reg_15386                        |  10|   0|   10|          0|
    |add_ln58_800_reg_18508                      |  12|   0|   12|          0|
    |add_ln58_802_reg_17248                      |  10|   0|   10|          0|
    |add_ln58_805_reg_17253                      |  10|   0|   10|          0|
    |add_ln58_806_reg_18513                      |  11|   0|   11|          0|
    |add_ln58_809_reg_17258                      |  10|   0|   10|          0|
    |add_ln58_80_reg_15514                       |   8|   0|    8|          0|
    |add_ln58_812_reg_17263                      |  10|   0|   10|          0|
    |add_ln58_816_reg_17268                      |  10|   0|   10|          0|
    |add_ln58_818_reg_17273                      |  10|   0|   10|          0|
    |add_ln58_81_reg_15519                       |   8|   0|    8|          0|
    |add_ln58_820_reg_18518                      |  12|   0|   12|          0|
    |add_ln58_822_reg_16069                      |   8|   0|    8|          0|
    |add_ln58_824_reg_16074                      |   8|   0|    8|          0|
    |add_ln58_827_reg_17278                      |  10|   0|   10|          0|
    |add_ln58_828_reg_16079                      |   8|   0|    8|          0|
    |add_ln58_830_reg_16084                      |   8|   0|    8|          0|
    |add_ln58_831_reg_16089                      |   8|   0|    8|          0|
    |add_ln58_833_reg_17283                      |  10|   0|   10|          0|
    |add_ln58_83_reg_16502                       |  10|   0|   10|          0|
    |add_ln58_840_reg_17288                      |  10|   0|   10|          0|
    |add_ln58_844_reg_16094                      |   8|   0|    8|          0|
    |add_ln58_847_reg_17293                      |  10|   0|   10|          0|
    |add_ln58_849_reg_18523                      |  12|   0|   12|          0|
    |add_ln58_84_reg_15524                       |   8|   0|    8|          0|
    |add_ln58_852_reg_17298                      |  10|   0|   10|          0|
    |add_ln58_855_reg_17303                      |  10|   0|   10|          0|
    |add_ln58_859_reg_17308                      |  10|   0|   10|          0|
    |add_ln58_862_reg_17313                      |  10|   0|   10|          0|
    |add_ln58_864_reg_18528                      |  12|   0|   12|          0|
    |add_ln58_866_reg_17318                      |  10|   0|   10|          0|
    |add_ln58_869_reg_17323                      |  10|   0|   10|          0|
    |add_ln58_873_reg_17328                      |  10|   0|   10|          0|
    |add_ln58_876_reg_17333                      |  10|   0|   10|          0|
    |add_ln58_878_reg_18533                      |  12|   0|   12|          0|
    |add_ln58_87_reg_15537                       |   8|   0|    8|          0|
    |add_ln58_882_reg_16099                      |   8|   0|    8|          0|
    |add_ln58_883_reg_16104                      |   8|   0|    8|          0|
    |add_ln58_885_reg_17338                      |  10|   0|   10|          0|
    |add_ln58_887_reg_16109                      |   8|   0|    8|          0|
    |add_ln58_889_reg_16114                      |   8|   0|    8|          0|
    |add_ln58_88_reg_15542                       |   8|   0|    8|          0|
    |add_ln58_892_reg_17343                      |  10|   0|   10|          0|
    |add_ln58_896_reg_16119                      |   8|   0|    8|          0|
    |add_ln58_899_reg_17348                      |  10|   0|   10|          0|
    |add_ln58_905_reg_16124                      |   9|   0|    9|          0|
    |add_ln58_906_reg_17353                      |  10|   0|   10|          0|
    |add_ln58_908_reg_18538                      |  13|   0|   13|          0|
    |add_ln58_90_reg_16507                       |  10|   0|   10|          0|
    |add_ln58_911_reg_17358                      |  10|   0|   10|          0|
    |add_ln58_914_reg_17363                      |  10|   0|   10|          0|
    |add_ln58_918_reg_17368                      |  10|   0|   10|          0|
    |add_ln58_921_reg_17373                      |  10|   0|   10|          0|
    |add_ln58_923_reg_18543                      |  12|   0|   12|          0|
    |add_ln58_926_reg_17378                      |  10|   0|   10|          0|
    |add_ln58_929_reg_17383                      |  10|   0|   10|          0|
    |add_ln58_92_reg_18293                       |  13|   0|   13|          0|
    |add_ln58_933_reg_17388                      |  10|   0|   10|          0|
    |add_ln58_935_reg_17393                      |  10|   0|   10|          0|
    |add_ln58_937_reg_18548                      |  12|   0|   12|          0|
    |add_ln58_944_reg_17398                      |  10|   0|   10|          0|
    |add_ln58_951_reg_17403                      |  10|   0|   10|          0|
    |add_ln58_957_reg_16134                      |   8|   0|    8|          0|
    |add_ln58_959_reg_17408                      |  10|   0|   10|          0|
    |add_ln58_95_reg_16512                       |  10|   0|   10|          0|
    |add_ln58_966_reg_17413                      |  10|   0|   10|          0|
    |add_ln58_968_reg_18553                      |  12|   0|   12|          0|
    |add_ln58_974_reg_17418                      |  10|   0|   10|          0|
    |add_ln58_975_reg_18558                      |  12|   0|   12|          0|
    |add_ln58_978_reg_17423                      |  10|   0|   10|          0|
    |add_ln58_981_reg_17428                      |  10|   0|   10|          0|
    |add_ln58_982_reg_18563                      |  11|   0|   11|          0|
    |add_ln58_985_reg_17433                      |  10|   0|   10|          0|
    |add_ln58_987_reg_17438                      |  10|   0|   10|          0|
    |add_ln58_98_reg_16517                       |  10|   0|   10|          0|
    |add_ln58_994_reg_16139                      |   9|   0|    9|          0|
    |add_ln58_995_reg_17443                      |  10|   0|   10|          0|
    |add_ln58_996_reg_18568                      |  12|   0|   12|          0|
    |add_ln58_9_reg_15398                        |   9|   0|    9|          0|
    |add_ln58_reg_15005                          |   8|   0|    8|          0|
    |ap_ce_reg                                   |   1|   0|    1|          0|
    |ap_return_0_int_reg                         |  14|   0|   14|          0|
    |ap_return_10_int_reg                        |  14|   0|   14|          0|
    |ap_return_11_int_reg                        |  14|   0|   14|          0|
    |ap_return_12_int_reg                        |  14|   0|   14|          0|
    |ap_return_13_int_reg                        |  14|   0|   14|          0|
    |ap_return_14_int_reg                        |  14|   0|   14|          0|
    |ap_return_15_int_reg                        |  14|   0|   14|          0|
    |ap_return_16_int_reg                        |  14|   0|   14|          0|
    |ap_return_17_int_reg                        |  14|   0|   14|          0|
    |ap_return_18_int_reg                        |  14|   0|   14|          0|
    |ap_return_19_int_reg                        |  14|   0|   14|          0|
    |ap_return_1_int_reg                         |  14|   0|   14|          0|
    |ap_return_20_int_reg                        |  14|   0|   14|          0|
    |ap_return_21_int_reg                        |  14|   0|   14|          0|
    |ap_return_22_int_reg                        |  14|   0|   14|          0|
    |ap_return_23_int_reg                        |  14|   0|   14|          0|
    |ap_return_24_int_reg                        |  14|   0|   14|          0|
    |ap_return_25_int_reg                        |  14|   0|   14|          0|
    |ap_return_26_int_reg                        |  14|   0|   14|          0|
    |ap_return_27_int_reg                        |  14|   0|   14|          0|
    |ap_return_28_int_reg                        |  14|   0|   14|          0|
    |ap_return_29_int_reg                        |  14|   0|   14|          0|
    |ap_return_2_int_reg                         |  14|   0|   14|          0|
    |ap_return_30_int_reg                        |  14|   0|   14|          0|
    |ap_return_31_int_reg                        |  14|   0|   14|          0|
    |ap_return_3_int_reg                         |  14|   0|   14|          0|
    |ap_return_4_int_reg                         |  14|   0|   14|          0|
    |ap_return_5_int_reg                         |  14|   0|   14|          0|
    |ap_return_6_int_reg                         |  14|   0|   14|          0|
    |ap_return_7_int_reg                         |  14|   0|   14|          0|
    |ap_return_8_int_reg                         |  14|   0|   14|          0|
    |ap_return_9_int_reg                         |  14|   0|   14|          0|
    |data_1000_val_int_reg                       |   7|   0|    7|          0|
    |data_1000_val_read_reg_14776                |   7|   0|    7|          0|
    |data_1001_val_int_reg                       |   7|   0|    7|          0|
    |data_1001_val_read_reg_14770                |   7|   0|    7|          0|
    |data_1002_val_int_reg                       |   7|   0|    7|          0|
    |data_1002_val_read_reg_14764                |   7|   0|    7|          0|
    |data_1002_val_read_reg_14764_pp0_iter1_reg  |   7|   0|    7|          0|
    |data_1003_val_int_reg                       |   7|   0|    7|          0|
    |data_1003_val_read_reg_14759                |   7|   0|    7|          0|
    |data_1004_val_int_reg                       |   7|   0|    7|          0|
    |data_1004_val_read_reg_14754                |   7|   0|    7|          0|
    |data_1005_val_int_reg                       |   7|   0|    7|          0|
    |data_1005_val_read_reg_14749                |   7|   0|    7|          0|
    |data_1006_val_int_reg                       |   7|   0|    7|          0|
    |data_1006_val_read_reg_14744                |   7|   0|    7|          0|
    |data_1007_val_int_reg                       |   7|   0|    7|          0|
    |data_1007_val_read_reg_14739                |   7|   0|    7|          0|
    |data_1008_val_int_reg                       |   7|   0|    7|          0|
    |data_1008_val_read_reg_14734                |   7|   0|    7|          0|
    |data_1009_val_int_reg                       |   7|   0|    7|          0|
    |data_1009_val_read_reg_14729                |   7|   0|    7|          0|
    |data_1010_val_int_reg                       |   7|   0|    7|          0|
    |data_1010_val_read_reg_14724                |   7|   0|    7|          0|
    |data_1011_val_int_reg                       |   7|   0|    7|          0|
    |data_1011_val_read_reg_14719                |   7|   0|    7|          0|
    |data_1012_val_int_reg                       |   7|   0|    7|          0|
    |data_1012_val_read_reg_14713                |   7|   0|    7|          0|
    |data_1013_val_int_reg                       |   7|   0|    7|          0|
    |data_1013_val_read_reg_14708                |   7|   0|    7|          0|
    |data_1014_val_int_reg                       |   7|   0|    7|          0|
    |data_1014_val_read_reg_14703                |   7|   0|    7|          0|
    |data_1015_val_int_reg                       |   7|   0|    7|          0|
    |data_1015_val_read_reg_14698                |   7|   0|    7|          0|
    |data_1016_val_int_reg                       |   7|   0|    7|          0|
    |data_1016_val_read_reg_14692                |   7|   0|    7|          0|
    |data_1016_val_read_reg_14692_pp0_iter1_reg  |   7|   0|    7|          0|
    |data_1017_val_int_reg                       |   7|   0|    7|          0|
    |data_1017_val_read_reg_14687                |   7|   0|    7|          0|
    |data_1018_val_int_reg                       |   7|   0|    7|          0|
    |data_1018_val_read_reg_14682                |   7|   0|    7|          0|
    |data_1019_val_int_reg                       |   7|   0|    7|          0|
    |data_1019_val_read_reg_14677                |   7|   0|    7|          0|
    |data_1020_val_int_reg                       |   7|   0|    7|          0|
    |data_1020_val_read_reg_14672                |   7|   0|    7|          0|
    |data_1021_val_int_reg                       |   7|   0|    7|          0|
    |data_1021_val_read_reg_14667                |   7|   0|    7|          0|
    |data_1022_val_int_reg                       |   7|   0|    7|          0|
    |data_1022_val_read_reg_14662                |   7|   0|    7|          0|
    |data_1023_val_int_reg                       |   7|   0|    7|          0|
    |data_1023_val_read_reg_14657                |   7|   0|    7|          0|
    |data_960_val_int_reg                        |   7|   0|    7|          0|
    |data_961_val_int_reg                        |   7|   0|    7|          0|
    |data_962_val_int_reg                        |   7|   0|    7|          0|
    |data_962_val_read_reg_14990                 |   7|   0|    7|          0|
    |data_963_val_int_reg                        |   7|   0|    7|          0|
    |data_963_val_read_reg_14983                 |   7|   0|    7|          0|
    |data_963_val_read_reg_14983_pp0_iter1_reg   |   7|   0|    7|          0|
    |data_964_val_int_reg                        |   7|   0|    7|          0|
    |data_964_val_read_reg_14976                 |   7|   0|    7|          0|
    |data_964_val_read_reg_14976_pp0_iter1_reg   |   7|   0|    7|          0|
    |data_965_val_int_reg                        |   7|   0|    7|          0|
    |data_965_val_read_reg_14970                 |   7|   0|    7|          0|
    |data_965_val_read_reg_14970_pp0_iter1_reg   |   7|   0|    7|          0|
    |data_966_val_int_reg                        |   7|   0|    7|          0|
    |data_966_val_read_reg_14965                 |   7|   0|    7|          0|
    |data_967_val_int_reg                        |   7|   0|    7|          0|
    |data_967_val_read_reg_14959                 |   7|   0|    7|          0|
    |data_967_val_read_reg_14959_pp0_iter1_reg   |   7|   0|    7|          0|
    |data_968_val_int_reg                        |   7|   0|    7|          0|
    |data_968_val_read_reg_14953                 |   7|   0|    7|          0|
    |data_968_val_read_reg_14953_pp0_iter1_reg   |   7|   0|    7|          0|
    |data_969_val_int_reg                        |   7|   0|    7|          0|
    |data_969_val_read_reg_14947                 |   7|   0|    7|          0|
    |data_969_val_read_reg_14947_pp0_iter1_reg   |   7|   0|    7|          0|
    |data_970_val_int_reg                        |   7|   0|    7|          0|
    |data_970_val_read_reg_14941                 |   7|   0|    7|          0|
    |data_970_val_read_reg_14941_pp0_iter1_reg   |   7|   0|    7|          0|
    |data_971_val_int_reg                        |   7|   0|    7|          0|
    |data_971_val_read_reg_14936                 |   7|   0|    7|          0|
    |data_972_val_int_reg                        |   7|   0|    7|          0|
    |data_972_val_read_reg_14930                 |   7|   0|    7|          0|
    |data_972_val_read_reg_14930_pp0_iter1_reg   |   7|   0|    7|          0|
    |data_973_val_int_reg                        |   7|   0|    7|          0|
    |data_973_val_read_reg_14925                 |   7|   0|    7|          0|
    |data_974_val_int_reg                        |   7|   0|    7|          0|
    |data_974_val_read_reg_14920                 |   7|   0|    7|          0|
    |data_975_val_int_reg                        |   7|   0|    7|          0|
    |data_975_val_read_reg_14915                 |   7|   0|    7|          0|
    |data_976_val_int_reg                        |   7|   0|    7|          0|
    |data_976_val_read_reg_14910                 |   7|   0|    7|          0|
    |data_977_val_int_reg                        |   7|   0|    7|          0|
    |data_977_val_read_reg_14905                 |   7|   0|    7|          0|
    |data_978_val_int_reg                        |   7|   0|    7|          0|
    |data_978_val_read_reg_14899                 |   7|   0|    7|          0|
    |data_978_val_read_reg_14899_pp0_iter1_reg   |   7|   0|    7|          0|
    |data_979_val_int_reg                        |   7|   0|    7|          0|
    |data_979_val_read_reg_14894                 |   7|   0|    7|          0|
    |data_980_val_int_reg                        |   7|   0|    7|          0|
    |data_980_val_read_reg_14889                 |   7|   0|    7|          0|
    |data_981_val_int_reg                        |   7|   0|    7|          0|
    |data_981_val_read_reg_14883                 |   7|   0|    7|          0|
    |data_981_val_read_reg_14883_pp0_iter1_reg   |   7|   0|    7|          0|
    |data_982_val_int_reg                        |   7|   0|    7|          0|
    |data_982_val_read_reg_14877                 |   7|   0|    7|          0|
    |data_983_val_int_reg                        |   7|   0|    7|          0|
    |data_983_val_read_reg_14872                 |   7|   0|    7|          0|
    |data_984_val_int_reg                        |   7|   0|    7|          0|
    |data_984_val_read_reg_14866                 |   7|   0|    7|          0|
    |data_985_val_int_reg                        |   7|   0|    7|          0|
    |data_985_val_read_reg_14860                 |   7|   0|    7|          0|
    |data_986_val_int_reg                        |   7|   0|    7|          0|
    |data_986_val_read_reg_14855                 |   7|   0|    7|          0|
    |data_987_val_int_reg                        |   7|   0|    7|          0|
    |data_987_val_read_reg_14849                 |   7|   0|    7|          0|
    |data_987_val_read_reg_14849_pp0_iter1_reg   |   7|   0|    7|          0|
    |data_988_val_int_reg                        |   7|   0|    7|          0|
    |data_988_val_read_reg_14843                 |   7|   0|    7|          0|
    |data_988_val_read_reg_14843_pp0_iter1_reg   |   7|   0|    7|          0|
    |data_989_val_int_reg                        |   7|   0|    7|          0|
    |data_989_val_read_reg_14838                 |   7|   0|    7|          0|
    |data_990_val_int_reg                        |   7|   0|    7|          0|
    |data_990_val_read_reg_14833                 |   7|   0|    7|          0|
    |data_991_val_int_reg                        |   7|   0|    7|          0|
    |data_991_val_read_reg_14827                 |   7|   0|    7|          0|
    |data_991_val_read_reg_14827_pp0_iter1_reg   |   7|   0|    7|          0|
    |data_992_val_int_reg                        |   7|   0|    7|          0|
    |data_992_val_read_reg_14822                 |   7|   0|    7|          0|
    |data_993_val_int_reg                        |   7|   0|    7|          0|
    |data_993_val_read_reg_14816                 |   7|   0|    7|          0|
    |data_993_val_read_reg_14816_pp0_iter1_reg   |   7|   0|    7|          0|
    |data_994_val_int_reg                        |   7|   0|    7|          0|
    |data_994_val_read_reg_14810                 |   7|   0|    7|          0|
    |data_995_val_int_reg                        |   7|   0|    7|          0|
    |data_995_val_read_reg_14805                 |   7|   0|    7|          0|
    |data_996_val_int_reg                        |   7|   0|    7|          0|
    |data_996_val_read_reg_14799                 |   7|   0|    7|          0|
    |data_997_val_int_reg                        |   7|   0|    7|          0|
    |data_997_val_read_reg_14794                 |   7|   0|    7|          0|
    |data_998_val_int_reg                        |   7|   0|    7|          0|
    |data_998_val_read_reg_14788                 |   7|   0|    7|          0|
    |data_998_val_read_reg_14788_pp0_iter1_reg   |   7|   0|    7|          0|
    |data_999_val_int_reg                        |   7|   0|    7|          0|
    |data_999_val_read_reg_14782                 |   7|   0|    7|          0|
    |data_999_val_read_reg_14782_pp0_iter1_reg   |   7|   0|    7|          0|
    |sext_ln58_129_reg_16451                     |  11|   0|   11|          0|
    |sext_ln58_12_reg_15392                      |   9|   0|    9|          0|
    |sext_ln58_29_reg_15430                      |   9|   0|    9|          0|
    |sext_ln58_305_reg_16807                     |  11|   0|   11|          0|
    |sext_ln58_37_reg_15447                      |   9|   0|    9|          0|
    |sext_ln58_4_reg_15353                       |  10|   0|   10|          0|
    |sub_ln58_10_reg_15632                       |   8|   0|    8|          0|
    |sub_ln58_12_reg_15853                       |   8|   0|    8|          0|
    |sub_ln58_14_reg_16009                       |   8|   0|    8|          0|
    |sub_ln58_15_reg_16029                       |   8|   0|    8|          0|
    |sub_ln58_16_reg_16064                       |   8|   0|    8|          0|
    |sub_ln58_17_reg_16129                       |   8|   0|    8|          0|
    |sub_ln58_1_reg_15010                        |   8|   0|    8|          0|
    |sub_ln58_20_reg_16189                       |   8|   0|    8|          0|
    |sub_ln58_21_reg_16254                       |   8|   0|    8|          0|
    |sub_ln58_24_reg_16345                       |   8|   0|    8|          0|
    |sub_ln58_2_reg_15015                        |   8|   0|    8|          0|
    |sub_ln58_2_reg_15015_pp0_iter1_reg          |   8|   0|    8|          0|
    |sub_ln58_3_reg_15364                        |   9|   0|    9|          0|
    |sub_ln58_5_reg_15425                        |   8|   0|    8|          0|
    |sub_ln58_6_reg_15437                        |   8|   0|    8|          0|
    |sub_ln58_7_reg_15442                        |   8|   0|    8|          0|
    |sub_ln58_8_reg_15474                        |   8|   0|    8|          0|
    |sub_ln58_9_reg_15547                        |   8|   0|    8|          0|
    |sub_ln73_10_reg_15058                       |   8|   0|    8|          0|
    |sub_ln73_11_reg_15063                       |   8|   0|    8|          0|
    |sub_ln73_12_reg_15069                       |   8|   0|    8|          0|
    |sub_ln73_13_reg_15075                       |   8|   0|    8|          0|
    |sub_ln73_14_reg_15080                       |   8|   0|    8|          0|
    |sub_ln73_15_reg_15086                       |   8|   0|    8|          0|
    |sub_ln73_16_reg_15092                       |   8|   0|    8|          0|
    |sub_ln73_17_reg_15097                       |   8|   0|    8|          0|
    |sub_ln73_18_reg_15103                       |   8|   0|    8|          0|
    |sub_ln73_19_reg_15108                       |   8|   0|    8|          0|
    |sub_ln73_20_reg_15114                       |   8|   0|    8|          0|
    |sub_ln73_21_reg_15120                       |   8|   0|    8|          0|
    |sub_ln73_22_reg_15125                       |   8|   0|    8|          0|
    |sub_ln73_23_reg_15131                       |   8|   0|    8|          0|
    |sub_ln73_24_reg_15137                       |   8|   0|    8|          0|
    |sub_ln73_25_reg_15142                       |   8|   0|    8|          0|
    |sub_ln73_26_reg_15148                       |   8|   0|    8|          0|
    |sub_ln73_27_reg_15154                       |   8|   0|    8|          0|
    |sub_ln73_28_reg_15160                       |   8|   0|    8|          0|
    |sub_ln73_29_reg_15166                       |   8|   0|    8|          0|
    |sub_ln73_2_reg_15021                        |   8|   0|    8|          0|
    |sub_ln73_30_reg_15172                       |   8|   0|    8|          0|
    |sub_ln73_31_reg_15178                       |   8|   0|    8|          0|
    |sub_ln73_32_reg_15184                       |   8|   0|    8|          0|
    |sub_ln73_33_reg_15190                       |   8|   0|    8|          0|
    |sub_ln73_34_reg_15196                       |   8|   0|    8|          0|
    |sub_ln73_35_reg_15201                       |   8|   0|    8|          0|
    |sub_ln73_36_reg_15207                       |   8|   0|    8|          0|
    |sub_ln73_37_reg_15212                       |   8|   0|    8|          0|
    |sub_ln73_38_reg_15218                       |   8|   0|    8|          0|
    |sub_ln73_39_reg_15223                       |   8|   0|    8|          0|
    |sub_ln73_3_reg_15027                        |   8|   0|    8|          0|
    |sub_ln73_40_reg_15228                       |   8|   0|    8|          0|
    |sub_ln73_41_reg_15233                       |   8|   0|    8|          0|
    |sub_ln73_42_reg_15239                       |   8|   0|    8|          0|
    |sub_ln73_43_reg_15245                       |   8|   0|    8|          0|
    |sub_ln73_44_reg_15251                       |   8|   0|    8|          0|
    |sub_ln73_45_reg_15257                       |   8|   0|    8|          0|
    |sub_ln73_46_reg_15263                       |   8|   0|    8|          0|
    |sub_ln73_47_reg_15269                       |   8|   0|    8|          0|
    |sub_ln73_48_reg_15275                       |   8|   0|    8|          0|
    |sub_ln73_49_reg_15281                       |   8|   0|    8|          0|
    |sub_ln73_4_reg_15033                        |   8|   0|    8|          0|
    |sub_ln73_50_reg_15286                       |   8|   0|    8|          0|
    |sub_ln73_51_reg_15291                       |   8|   0|    8|          0|
    |sub_ln73_52_reg_15297                       |   8|   0|    8|          0|
    |sub_ln73_53_reg_15303                       |   8|   0|    8|          0|
    |sub_ln73_54_reg_15309                       |   8|   0|    8|          0|
    |sub_ln73_55_reg_15315                       |   8|   0|    8|          0|
    |sub_ln73_56_reg_15321                       |   8|   0|    8|          0|
    |sub_ln73_57_reg_15327                       |   8|   0|    8|          0|
    |sub_ln73_58_reg_15332                       |   8|   0|    8|          0|
    |sub_ln73_59_reg_15338                       |   8|   0|    8|          0|
    |sub_ln73_5_reg_15038                        |   8|   0|    8|          0|
    |sub_ln73_60_reg_15343                       |   8|   0|    8|          0|
    |sub_ln73_61_reg_15348                       |   8|   0|    8|          0|
    |sub_ln73_7_reg_15043                        |   8|   0|    8|          0|
    |sub_ln73_8_reg_15048                        |   8|   0|    8|          0|
    |sub_ln73_9_reg_15053                        |   8|   0|    8|          0|
    |sub_ln73_reg_15000                          |   8|   0|    8|          0|
    |zext_ln58_117_reg_15529                     |   8|   0|    9|          1|
    |zext_ln58_148_reg_15617                     |   8|   0|    9|          1|
    |zext_ln58_160_reg_15657                     |   8|   0|    9|          1|
    |zext_ln58_175_reg_15690                     |   8|   0|    9|          1|
    |zext_ln58_176_reg_15697                     |   8|   0|    9|          1|
    |zext_ln58_194_reg_15719                     |   8|   0|    9|          1|
    |zext_ln58_205_reg_15739                     |   8|   0|    9|          1|
    |zext_ln58_281_reg_15880                     |   8|   0|    9|          1|
    |zext_ln58_302_reg_15911                     |   8|   0|    9|          1|
    |zext_ln58_616_reg_16244                     |   8|   0|    9|          1|
    |zext_ln58_62_reg_15468                      |   7|   0|    9|          2|
    |zext_ln58_8_reg_15380                       |   7|   0|   10|          3|
    |zext_ln70_2_reg_14995                       |   7|   0|    8|          1|
    +--------------------------------------------+----+----+-----+-----------+
    |Total                                       |8720|   0| 8736|         16|
    +--------------------------------------------+----+----+-----+-----------+



================================================================
== Interface
================================================================
* Summary: 
+---------------+-----+-----+------------+--------------------------------------------------------------+--------------+
|   RTL Ports   | Dir | Bits|  Protocol  |                         Source Object                        |    C Type    |
+---------------+-----+-----+------------+--------------------------------------------------------------+--------------+
|ap_clk         |   in|    1|  ap_ctrl_hs|  dense_latency<ap_ufixed,ap_fixed<14,9,4,0,0>,config70_dense>|  return value|
|ap_rst         |   in|    1|  ap_ctrl_hs|  dense_latency<ap_ufixed,ap_fixed<14,9,4,0,0>,config70_dense>|  return value|
|ap_return_0    |  out|   14|  ap_ctrl_hs|  dense_latency<ap_ufixed,ap_fixed<14,9,4,0,0>,config70_dense>|  return value|
|ap_return_1    |  out|   14|  ap_ctrl_hs|  dense_latency<ap_ufixed,ap_fixed<14,9,4,0,0>,config70_dense>|  return value|
|ap_return_2    |  out|   14|  ap_ctrl_hs|  dense_latency<ap_ufixed,ap_fixed<14,9,4,0,0>,config70_dense>|  return value|
|ap_return_3    |  out|   14|  ap_ctrl_hs|  dense_latency<ap_ufixed,ap_fixed<14,9,4,0,0>,config70_dense>|  return value|
|ap_return_4    |  out|   14|  ap_ctrl_hs|  dense_latency<ap_ufixed,ap_fixed<14,9,4,0,0>,config70_dense>|  return value|
|ap_return_5    |  out|   14|  ap_ctrl_hs|  dense_latency<ap_ufixed,ap_fixed<14,9,4,0,0>,config70_dense>|  return value|
|ap_return_6    |  out|   14|  ap_ctrl_hs|  dense_latency<ap_ufixed,ap_fixed<14,9,4,0,0>,config70_dense>|  return value|
|ap_return_7    |  out|   14|  ap_ctrl_hs|  dense_latency<ap_ufixed,ap_fixed<14,9,4,0,0>,config70_dense>|  return value|
|ap_return_8    |  out|   14|  ap_ctrl_hs|  dense_latency<ap_ufixed,ap_fixed<14,9,4,0,0>,config70_dense>|  return value|
|ap_return_9    |  out|   14|  ap_ctrl_hs|  dense_latency<ap_ufixed,ap_fixed<14,9,4,0,0>,config70_dense>|  return value|
|ap_return_10   |  out|   14|  ap_ctrl_hs|  dense_latency<ap_ufixed,ap_fixed<14,9,4,0,0>,config70_dense>|  return value|
|ap_return_11   |  out|   14|  ap_ctrl_hs|  dense_latency<ap_ufixed,ap_fixed<14,9,4,0,0>,config70_dense>|  return value|
|ap_return_12   |  out|   14|  ap_ctrl_hs|  dense_latency<ap_ufixed,ap_fixed<14,9,4,0,0>,config70_dense>|  return value|
|ap_return_13   |  out|   14|  ap_ctrl_hs|  dense_latency<ap_ufixed,ap_fixed<14,9,4,0,0>,config70_dense>|  return value|
|ap_return_14   |  out|   14|  ap_ctrl_hs|  dense_latency<ap_ufixed,ap_fixed<14,9,4,0,0>,config70_dense>|  return value|
|ap_return_15   |  out|   14|  ap_ctrl_hs|  dense_latency<ap_ufixed,ap_fixed<14,9,4,0,0>,config70_dense>|  return value|
|ap_return_16   |  out|   14|  ap_ctrl_hs|  dense_latency<ap_ufixed,ap_fixed<14,9,4,0,0>,config70_dense>|  return value|
|ap_return_17   |  out|   14|  ap_ctrl_hs|  dense_latency<ap_ufixed,ap_fixed<14,9,4,0,0>,config70_dense>|  return value|
|ap_return_18   |  out|   14|  ap_ctrl_hs|  dense_latency<ap_ufixed,ap_fixed<14,9,4,0,0>,config70_dense>|  return value|
|ap_return_19   |  out|   14|  ap_ctrl_hs|  dense_latency<ap_ufixed,ap_fixed<14,9,4,0,0>,config70_dense>|  return value|
|ap_return_20   |  out|   14|  ap_ctrl_hs|  dense_latency<ap_ufixed,ap_fixed<14,9,4,0,0>,config70_dense>|  return value|
|ap_return_21   |  out|   14|  ap_ctrl_hs|  dense_latency<ap_ufixed,ap_fixed<14,9,4,0,0>,config70_dense>|  return value|
|ap_return_22   |  out|   14|  ap_ctrl_hs|  dense_latency<ap_ufixed,ap_fixed<14,9,4,0,0>,config70_dense>|  return value|
|ap_return_23   |  out|   14|  ap_ctrl_hs|  dense_latency<ap_ufixed,ap_fixed<14,9,4,0,0>,config70_dense>|  return value|
|ap_return_24   |  out|   14|  ap_ctrl_hs|  dense_latency<ap_ufixed,ap_fixed<14,9,4,0,0>,config70_dense>|  return value|
|ap_return_25   |  out|   14|  ap_ctrl_hs|  dense_latency<ap_ufixed,ap_fixed<14,9,4,0,0>,config70_dense>|  return value|
|ap_return_26   |  out|   14|  ap_ctrl_hs|  dense_latency<ap_ufixed,ap_fixed<14,9,4,0,0>,config70_dense>|  return value|
|ap_return_27   |  out|   14|  ap_ctrl_hs|  dense_latency<ap_ufixed,ap_fixed<14,9,4,0,0>,config70_dense>|  return value|
|ap_return_28   |  out|   14|  ap_ctrl_hs|  dense_latency<ap_ufixed,ap_fixed<14,9,4,0,0>,config70_dense>|  return value|
|ap_return_29   |  out|   14|  ap_ctrl_hs|  dense_latency<ap_ufixed,ap_fixed<14,9,4,0,0>,config70_dense>|  return value|
|ap_return_30   |  out|   14|  ap_ctrl_hs|  dense_latency<ap_ufixed,ap_fixed<14,9,4,0,0>,config70_dense>|  return value|
|ap_return_31   |  out|   14|  ap_ctrl_hs|  dense_latency<ap_ufixed,ap_fixed<14,9,4,0,0>,config70_dense>|  return value|
|ap_ce          |   in|    1|  ap_ctrl_hs|  dense_latency<ap_ufixed,ap_fixed<14,9,4,0,0>,config70_dense>|  return value|
|data_960_val   |   in|    7|     ap_none|                                                  data_960_val|        scalar|
|data_961_val   |   in|    7|     ap_none|                                                  data_961_val|        scalar|
|data_962_val   |   in|    7|     ap_none|                                                  data_962_val|        scalar|
|data_963_val   |   in|    7|     ap_none|                                                  data_963_val|        scalar|
|data_964_val   |   in|    7|     ap_none|                                                  data_964_val|        scalar|
|data_965_val   |   in|    7|     ap_none|                                                  data_965_val|        scalar|
|data_966_val   |   in|    7|     ap_none|                                                  data_966_val|        scalar|
|data_967_val   |   in|    7|     ap_none|                                                  data_967_val|        scalar|
|data_968_val   |   in|    7|     ap_none|                                                  data_968_val|        scalar|
|data_969_val   |   in|    7|     ap_none|                                                  data_969_val|        scalar|
|data_970_val   |   in|    7|     ap_none|                                                  data_970_val|        scalar|
|data_971_val   |   in|    7|     ap_none|                                                  data_971_val|        scalar|
|data_972_val   |   in|    7|     ap_none|                                                  data_972_val|        scalar|
|data_973_val   |   in|    7|     ap_none|                                                  data_973_val|        scalar|
|data_974_val   |   in|    7|     ap_none|                                                  data_974_val|        scalar|
|data_975_val   |   in|    7|     ap_none|                                                  data_975_val|        scalar|
|data_976_val   |   in|    7|     ap_none|                                                  data_976_val|        scalar|
|data_977_val   |   in|    7|     ap_none|                                                  data_977_val|        scalar|
|data_978_val   |   in|    7|     ap_none|                                                  data_978_val|        scalar|
|data_979_val   |   in|    7|     ap_none|                                                  data_979_val|        scalar|
|data_980_val   |   in|    7|     ap_none|                                                  data_980_val|        scalar|
|data_981_val   |   in|    7|     ap_none|                                                  data_981_val|        scalar|
|data_982_val   |   in|    7|     ap_none|                                                  data_982_val|        scalar|
|data_983_val   |   in|    7|     ap_none|                                                  data_983_val|        scalar|
|data_984_val   |   in|    7|     ap_none|                                                  data_984_val|        scalar|
|data_985_val   |   in|    7|     ap_none|                                                  data_985_val|        scalar|
|data_986_val   |   in|    7|     ap_none|                                                  data_986_val|        scalar|
|data_987_val   |   in|    7|     ap_none|                                                  data_987_val|        scalar|
|data_988_val   |   in|    7|     ap_none|                                                  data_988_val|        scalar|
|data_989_val   |   in|    7|     ap_none|                                                  data_989_val|        scalar|
|data_990_val   |   in|    7|     ap_none|                                                  data_990_val|        scalar|
|data_991_val   |   in|    7|     ap_none|                                                  data_991_val|        scalar|
|data_992_val   |   in|    7|     ap_none|                                                  data_992_val|        scalar|
|data_993_val   |   in|    7|     ap_none|                                                  data_993_val|        scalar|
|data_994_val   |   in|    7|     ap_none|                                                  data_994_val|        scalar|
|data_995_val   |   in|    7|     ap_none|                                                  data_995_val|        scalar|
|data_996_val   |   in|    7|     ap_none|                                                  data_996_val|        scalar|
|data_997_val   |   in|    7|     ap_none|                                                  data_997_val|        scalar|
|data_998_val   |   in|    7|     ap_none|                                                  data_998_val|        scalar|
|data_999_val   |   in|    7|     ap_none|                                                  data_999_val|        scalar|
|data_1000_val  |   in|    7|     ap_none|                                                 data_1000_val|        scalar|
|data_1001_val  |   in|    7|     ap_none|                                                 data_1001_val|        scalar|
|data_1002_val  |   in|    7|     ap_none|                                                 data_1002_val|        scalar|
|data_1003_val  |   in|    7|     ap_none|                                                 data_1003_val|        scalar|
|data_1004_val  |   in|    7|     ap_none|                                                 data_1004_val|        scalar|
|data_1005_val  |   in|    7|     ap_none|                                                 data_1005_val|        scalar|
|data_1006_val  |   in|    7|     ap_none|                                                 data_1006_val|        scalar|
|data_1007_val  |   in|    7|     ap_none|                                                 data_1007_val|        scalar|
|data_1008_val  |   in|    7|     ap_none|                                                 data_1008_val|        scalar|
|data_1009_val  |   in|    7|     ap_none|                                                 data_1009_val|        scalar|
|data_1010_val  |   in|    7|     ap_none|                                                 data_1010_val|        scalar|
|data_1011_val  |   in|    7|     ap_none|                                                 data_1011_val|        scalar|
|data_1012_val  |   in|    7|     ap_none|                                                 data_1012_val|        scalar|
|data_1013_val  |   in|    7|     ap_none|                                                 data_1013_val|        scalar|
|data_1014_val  |   in|    7|     ap_none|                                                 data_1014_val|        scalar|
|data_1015_val  |   in|    7|     ap_none|                                                 data_1015_val|        scalar|
|data_1016_val  |   in|    7|     ap_none|                                                 data_1016_val|        scalar|
|data_1017_val  |   in|    7|     ap_none|                                                 data_1017_val|        scalar|
|data_1018_val  |   in|    7|     ap_none|                                                 data_1018_val|        scalar|
|data_1019_val  |   in|    7|     ap_none|                                                 data_1019_val|        scalar|
|data_1020_val  |   in|    7|     ap_none|                                                 data_1020_val|        scalar|
|data_1021_val  |   in|    7|     ap_none|                                                 data_1021_val|        scalar|
|data_1022_val  |   in|    7|     ap_none|                                                 data_1022_val|        scalar|
|data_1023_val  |   in|    7|     ap_none|                                                 data_1023_val|        scalar|
+---------------+-----+-----+------------+--------------------------------------------------------------+--------------+

