

================================================================
== Vitis HLS Report for 'dense_latency_ap_ufixed_ap_fixed_14_9_4_0_0_config36_dense_7'
================================================================
* Date:           Tue Aug  4 14:54:28 2026

* Version:        2023.2 (Build 4023990 on Oct 11 2023)
* Project:        myproject_prj
* Solution:       solution1 (Vivado IP Flow Target)
* Product family: virtexuplus
* Target device:  xcvu13p-flga2577-2-e


================================================================
== Performance Estimates
================================================================
+ Timing: 
    * Summary: 
    +--------+---------+----------+------------+
    |  Clock |  Target | Estimated| Uncertainty|
    +--------+---------+----------+------------+
    |ap_clk  |  2.50 ns|  1.543 ns|     0.68 ns|
    +--------+---------+----------+------------+

+ Latency: 
    * Summary: 
    +---------+---------+-----------+-----------+-----+-----+---------+
    |  Latency (cycles) |   Latency (absolute)  |  Interval | Pipeline|
    |   min   |   max   |    min    |    max    | min | max |   Type  |
    +---------+---------+-----------+-----------+-----+-----+---------+
    |        4|        4|  10.000 ns|  10.000 ns|    1|    1|      yes|
    +---------+---------+-----------+-----------+-----+-----+---------+

    + Detail: 
        * Instance: 
        N/A

        * Loop: 
        N/A



================================================================
== Utilization Estimates
================================================================
* Summary: 
+---------------------+---------+-------+---------+---------+------+
|         Name        | BRAM_18K|  DSP  |    FF   |   LUT   | URAM |
+---------------------+---------+-------+---------+---------+------+
|DSP                  |        -|      -|        -|        -|     -|
|Expression           |        -|      -|        0|    24153|     -|
|FIFO                 |        -|      -|        -|        -|     -|
|Instance             |        -|      -|        -|        -|     -|
|Memory               |        -|      -|        -|        -|     -|
|Multiplexer          |        -|      -|        -|      448|     -|
|Register             |        -|      -|     8807|        -|     -|
+---------------------+---------+-------+---------+---------+------+
|Total                |        0|      0|     8807|    24601|     0|
+---------------------+---------+-------+---------+---------+------+
|Available SLR        |     1344|   3072|   864000|   432000|   320|
+---------------------+---------+-------+---------+---------+------+
|Utilization SLR (%)  |        0|      0|        1|        5|     0|
+---------------------+---------+-------+---------+---------+------+
|Available            |     5376|  12288|  3456000|  1728000|  1280|
+---------------------+---------+-------+---------+---------+------+
|Utilization (%)      |        0|      0|       ~0|        1|     0|
+---------------------+---------+-------+---------+---------+------+

+ Detail: 
    * Instance: 
    N/A

    * DSP: 
    N/A

    * Memory: 
    N/A

    * FIFO: 
    N/A

    * Expression: 
    +----------------------------+----------+----+---+-----+------------+------------+
    |        Variable Name       | Operation| DSP| FF| LUT | Bitwidth P0| Bitwidth P1|
    +----------------------------+----------+----+---+-----+------------+------------+
    |add_ln58_19285_fu_588_p2    |         +|   0|  0|   16|           9|           9|
    |add_ln58_19286_fu_1155_p2   |         +|   0|  0|   17|          10|          10|
    |add_ln58_19287_fu_1161_p2   |         +|   0|  0|   16|           9|           9|
    |add_ln58_19288_fu_3061_p2   |         +|   0|  0|   17|          10|          10|
    |add_ln58_19289_fu_1176_p2   |         +|   0|  0|   17|          10|          10|
    |add_ln58_19290_fu_1182_p2   |         +|   0|  0|   17|          10|          10|
    |add_ln58_19291_fu_1194_p2   |         +|   0|  0|   17|          10|          10|
    |add_ln58_19292_fu_1200_p2   |         +|   0|  0|   16|           9|           9|
    |add_ln58_19293_fu_1209_p2   |         +|   0|  0|   16|           9|           9|
    |add_ln58_19294_fu_1223_p2   |         +|   0|  0|   16|           9|           9|
    |add_ln58_19295_fu_1232_p2   |         +|   0|  0|   16|           9|           9|
    |add_ln58_19296_fu_1242_p2   |         +|   0|  0|   15|           8|           8|
    |add_ln58_19297_fu_1251_p2   |         +|   0|  0|   17|          10|          10|
    |add_ln58_19298_fu_1257_p2   |         +|   0|  0|   17|          10|          10|
    |add_ln58_19299_fu_3094_p2   |         +|   0|  0|   17|          10|          10|
    |add_ln58_19300_fu_3099_p2   |         +|   0|  0|   17|          10|          10|
    |add_ln58_19301_fu_1272_p2   |         +|   0|  0|   17|          10|          10|
    |add_ln58_19302_fu_3115_p2   |         +|   0|  0|   17|          10|          10|
    |add_ln58_19303_fu_1278_p2   |         +|   0|  0|   15|           8|           8|
    |add_ln58_19304_fu_3127_p2   |         +|   0|  0|   18|          11|          11|
    |add_ln58_19305_fu_3139_p2   |         +|   0|  0|   17|          10|          10|
    |add_ln58_19306_fu_3148_p2   |         +|   0|  0|   18|          11|          11|
    |add_ln58_19307_fu_1288_p2   |         +|   0|  0|   17|          10|          10|
    |add_ln58_19308_fu_3157_p2   |         +|   0|  0|   17|          10|          10|
    |add_ln58_19309_fu_3172_p2   |         +|   0|  0|   18|          11|          11|
    |add_ln58_19310_fu_3184_p2   |         +|   0|  0|   18|          11|          11|
    |add_ln58_19311_fu_3193_p2   |         +|   0|  0|   17|          10|          10|
    |add_ln58_19312_fu_3205_p2   |         +|   0|  0|   18|          11|          11|
    |add_ln58_19313_fu_3511_p2   |         +|   0|  0|   16|           9|           9|
    |add_ln58_19314_fu_10048_p2  |         +|   0|  0|   18|          11|          11|
    |add_ln58_19315_fu_3517_p2   |         +|   0|  0|   16|           9|           9|
    |add_ln58_19316_fu_3527_p2   |         +|   0|  0|   16|           9|           9|
    |add_ln58_19317_fu_3537_p2   |         +|   0|  0|   17|          10|          10|
    |add_ln58_19318_fu_10060_p2  |         +|   0|  0|   17|          12|          12|
    |add_ln58_19319_fu_3543_p2   |         +|   0|  0|   16|           9|           9|
    |add_ln58_19320_fu_3553_p2   |         +|   0|  0|   17|          10|          10|
    |add_ln58_19321_fu_3559_p2   |         +|   0|  0|   16|           9|           9|
    |add_ln58_19322_fu_3569_p2   |         +|   0|  0|   16|           9|           9|
    |add_ln58_19323_fu_3579_p2   |         +|   0|  0|   17|          10|          10|
    |add_ln58_19324_fu_10072_p2  |         +|   0|  0|   18|          11|          11|
    |add_ln58_19325_fu_10082_p2  |         +|   0|  0|   17|          12|          12|
    |add_ln58_19326_fu_3585_p2   |         +|   0|  0|   16|           9|           9|
    |add_ln58_19327_fu_3595_p2   |         +|   0|  0|   17|          10|          10|
    |add_ln58_19328_fu_3601_p2   |         +|   0|  0|   16|           9|           9|
    |add_ln58_19329_fu_3611_p2   |         +|   0|  0|   16|           9|           9|
    |add_ln58_19330_fu_3620_p2   |         +|   0|  0|   17|          10|          10|
    |add_ln58_19331_fu_10094_p2  |         +|   0|  0|   18|          11|          11|
    |add_ln58_19332_fu_1384_p2   |         +|   0|  0|   16|           9|           9|
    |add_ln58_19333_fu_3629_p2   |         +|   0|  0|   17|          10|          10|
    |add_ln58_19334_fu_1390_p2   |         +|   0|  0|   16|           9|           9|
    |add_ln58_19335_fu_3645_p2   |         +|   0|  0|   17|          10|          10|
    |add_ln58_19336_fu_3655_p2   |         +|   0|  0|   18|          11|          11|
    |add_ln58_19337_fu_10107_p2  |         +|   0|  0|   19|          12|          12|
    |add_ln58_19338_fu_13465_p2  |         +|   0|  0|   20|          13|          13|
    |add_ln58_19339_fu_1402_p2   |         +|   0|  0|   15|           8|           8|
    |add_ln58_19340_fu_1412_p2   |         +|   0|  0|   16|           9|           9|
    |add_ln58_19341_fu_1418_p2   |         +|   0|  0|   15|           8|           8|
    |add_ln58_19342_fu_1424_p2   |         +|   0|  0|   15|           8|           8|
    |add_ln58_19343_fu_3670_p2   |         +|   0|  0|   16|           9|           9|
    |add_ln58_19344_fu_3680_p2   |         +|   0|  0|   17|          10|          10|
    |add_ln58_19345_fu_1430_p2   |         +|   0|  0|   15|           8|           8|
    |add_ln58_19346_fu_3689_p2   |         +|   0|  0|   16|           9|           9|
    |add_ln58_19347_fu_1436_p2   |         +|   0|  0|   15|           8|           8|
    |add_ln58_19348_fu_1442_p2   |         +|   0|  0|   15|           8|           8|
    |add_ln58_19349_fu_3705_p2   |         +|   0|  0|   16|           9|           9|
    |add_ln58_19350_fu_3715_p2   |         +|   0|  0|   17|          10|          10|
    |add_ln58_19351_fu_10119_p2  |         +|   0|  0|   18|          11|          11|
    |add_ln58_19352_fu_1448_p2   |         +|   0|  0|   15|           8|           8|
    |add_ln58_19353_fu_3724_p2   |         +|   0|  0|   16|           9|           9|
    |add_ln58_19354_fu_1454_p2   |         +|   0|  0|   15|           8|           8|
    |add_ln58_19355_fu_1460_p2   |         +|   0|  0|   15|           8|           8|
    |add_ln58_19356_fu_3740_p2   |         +|   0|  0|   16|           9|           9|
    |add_ln58_19357_fu_3750_p2   |         +|   0|  0|   17|          10|          10|
    |add_ln58_19358_fu_1466_p2   |         +|   0|  0|   15|           8|           8|
    |add_ln58_19359_fu_1472_p2   |         +|   0|  0|   15|           8|           8|
    |add_ln58_19360_fu_3762_p2   |         +|   0|  0|   16|           9|           9|
    |add_ln58_19361_fu_1478_p2   |         +|   0|  0|   15|           8|           8|
    |add_ln58_19362_fu_1484_p2   |         +|   0|  0|   15|           8|           8|
    |add_ln58_19363_fu_3778_p2   |         +|   0|  0|   16|           9|           9|
    |add_ln58_19364_fu_3788_p2   |         +|   0|  0|   17|          10|          10|
    |add_ln58_19365_fu_10135_p2  |         +|   0|  0|   18|          11|          11|
    |add_ln58_19366_fu_10145_p2  |         +|   0|  0|   19|          12|          12|
    |add_ln58_19367_fu_13478_p2  |         +|   0|  0|   21|          14|          14|
    |add_ln58_19368_fu_3794_p2   |         +|   0|  0|   16|           9|           9|
    |add_ln58_19369_fu_10154_p2  |         +|   0|  0|   17|          11|          11|
    |add_ln58_19370_fu_3800_p2   |         +|   0|  0|   16|           9|           9|
    |add_ln58_19371_fu_3810_p2   |         +|   0|  0|   16|           9|           9|
    |add_ln58_19372_fu_3820_p2   |         +|   0|  0|   17|          10|          10|
    |add_ln58_19373_fu_10162_p2  |         +|   0|  0|   17|          11|          11|
    |add_ln58_19374_fu_3826_p2   |         +|   0|  0|   16|           9|           9|
    |add_ln58_19375_fu_3836_p2   |         +|   0|  0|   17|          10|          10|
    |add_ln58_19376_fu_3842_p2   |         +|   0|  0|   16|           9|           9|
    |add_ln58_19377_fu_3852_p2   |         +|   0|  0|   17|          10|          10|
    |add_ln58_19378_fu_10178_p2  |         +|   0|  0|   18|          11|          11|
    |add_ln58_19379_fu_10188_p2  |         +|   0|  0|   19|          12|          12|
    |add_ln58_19380_fu_3858_p2   |         +|   0|  0|   16|           9|           9|
    |add_ln58_19381_fu_3867_p2   |         +|   0|  0|   17|          10|          10|
    |add_ln58_19382_fu_1490_p2   |         +|   0|  0|   16|           9|           9|
    |add_ln58_19383_fu_3876_p2   |         +|   0|  0|   17|          10|          10|
    |add_ln58_19384_fu_10200_p2  |         +|   0|  0|   17|          11|          11|
    |add_ln58_19385_fu_1502_p2   |         +|   0|  0|   15|           8|           8|
    |add_ln58_19386_fu_3888_p2   |         +|   0|  0|   17|          10|          10|
    |add_ln58_19387_fu_1508_p2   |         +|   0|  0|   15|           8|           8|
    |add_ln58_19388_fu_1514_p2   |         +|   0|  0|   15|           8|           8|
    |add_ln58_19389_fu_3904_p2   |         +|   0|  0|   16|           9|           9|
    |add_ln58_19390_fu_3914_p2   |         +|   0|  0|   18|          11|          11|
    |add_ln58_19391_fu_10206_p2  |         +|   0|  0|   17|          11|          11|
    |add_ln58_19392_fu_13490_p2  |         +|   0|  0|   20|          13|          13|
    |add_ln58_19393_fu_1520_p2   |         +|   0|  0|   15|           8|           8|
    |add_ln58_19394_fu_3920_p2   |         +|   0|  0|   16|           9|           9|
    |add_ln58_19395_fu_1530_p2   |         +|   0|  0|   15|           8|           8|
    |add_ln58_19396_fu_1536_p2   |         +|   0|  0|   15|           8|           8|
    |add_ln58_19397_fu_3935_p2   |         +|   0|  0|   16|           9|           9|
    |add_ln58_19398_fu_3945_p2   |         +|   0|  0|   17|          10|          10|
    |add_ln58_19399_fu_1542_p2   |         +|   0|  0|   15|           8|           8|
    |add_ln58_19400_fu_1548_p2   |         +|   0|  0|   15|           8|           8|
    |add_ln58_19401_fu_3957_p2   |         +|   0|  0|   16|           9|           9|
    |add_ln58_19402_fu_1554_p2   |         +|   0|  0|   15|           8|           8|
    |add_ln58_19403_fu_1560_p2   |         +|   0|  0|   15|           8|           8|
    |add_ln58_19404_fu_3973_p2   |         +|   0|  0|   16|           9|           9|
    |add_ln58_19405_fu_3983_p2   |         +|   0|  0|   17|          10|          10|
    |add_ln58_19406_fu_10217_p2  |         +|   0|  0|   18|          11|          11|
    |add_ln58_19407_fu_1566_p2   |         +|   0|  0|   15|           8|           8|
    |add_ln58_19408_fu_3992_p2   |         +|   0|  0|   16|           9|           9|
    |add_ln58_19409_fu_1572_p2   |         +|   0|  0|   15|           8|           8|
    |add_ln58_19410_fu_4005_p2   |         +|   0|  0|   16|           9|           9|
    |add_ln58_19411_fu_4015_p2   |         +|   0|  0|   17|          10|          10|
    |add_ln58_19412_fu_1578_p2   |         +|   0|  0|   15|           8|           8|
    |add_ln58_19413_fu_1584_p2   |         +|   0|  0|   15|           8|           8|
    |add_ln58_19414_fu_4027_p2   |         +|   0|  0|   16|           9|           9|
    |add_ln58_19415_fu_1590_p2   |         +|   0|  0|   15|           8|           8|
    |add_ln58_19416_fu_1596_p2   |         +|   0|  0|   15|           8|           8|
    |add_ln58_19417_fu_4043_p2   |         +|   0|  0|   16|           9|           9|
    |add_ln58_19418_fu_4053_p2   |         +|   0|  0|   17|          10|          10|
    |add_ln58_19419_fu_10233_p2  |         +|   0|  0|   18|          11|          11|
    |add_ln58_19420_fu_10243_p2  |         +|   0|  0|   19|          12|          12|
    |add_ln58_19421_fu_13503_p2  |         +|   0|  0|   21|          14|          14|
    |add_ln58_19422_fu_4059_p2   |         +|   0|  0|   16|           9|           9|
    |add_ln58_19423_fu_4069_p2   |         +|   0|  0|   18|          11|          11|
    |add_ln58_19424_fu_4075_p2   |         +|   0|  0|   16|           9|           9|
    |add_ln58_19425_fu_4085_p2   |         +|   0|  0|   16|           9|           9|
    |add_ln58_19426_fu_4095_p2   |         +|   0|  0|   17|          10|          10|
    |add_ln58_19427_fu_10255_p2  |         +|   0|  0|   19|          12|          12|
    |add_ln58_19428_fu_4101_p2   |         +|   0|  0|   16|           9|           9|
    |add_ln58_19429_fu_4111_p2   |         +|   0|  0|   17|          10|          10|
    |add_ln58_19430_fu_4117_p2   |         +|   0|  0|   16|           9|           9|
    |add_ln58_19431_fu_4127_p2   |         +|   0|  0|   16|           9|           9|
    |add_ln58_19432_fu_4137_p2   |         +|   0|  0|   17|          10|          10|
    |add_ln58_19433_fu_10271_p2  |         +|   0|  0|   18|          11|          11|
    |add_ln58_19434_fu_10281_p2  |         +|   0|  0|   17|          13|          13|
    |add_ln58_19435_fu_1602_p2   |         +|   0|  0|   16|           9|           9|
    |add_ln58_19436_fu_4146_p2   |         +|   0|  0|   17|          10|          10|
    |add_ln58_19437_fu_4159_p2   |         +|   0|  0|   16|           9|           9|
    |add_ln58_19438_fu_4168_p2   |         +|   0|  0|   18|          11|          11|
    |add_ln58_19439_fu_1608_p2   |         +|   0|  0|   15|           8|           8|
    |add_ln58_19440_fu_4177_p2   |         +|   0|  0|   16|           9|           9|
    |add_ln58_19441_fu_1614_p2   |         +|   0|  0|   15|           8|           8|
    |add_ln58_19442_fu_4187_p2   |         +|   0|  0|   16|           9|           9|
    |add_ln58_19443_fu_4195_p2   |         +|   0|  0|   17|          10|          10|
    |add_ln58_19444_fu_10293_p2  |         +|   0|  0|   19|          12|          12|
    |add_ln58_19445_fu_10303_p2  |         +|   0|  0|   17|          13|          13|
    |add_ln58_19446_fu_4201_p2   |         +|   0|  0|   16|           9|           9|
    |add_ln58_19447_fu_1624_p2   |         +|   0|  0|   15|           8|           8|
    |add_ln58_19448_fu_4214_p2   |         +|   0|  0|   16|           9|           9|
    |add_ln58_19449_fu_4224_p2   |         +|   0|  0|   17|          10|          10|
    |add_ln58_19450_fu_1630_p2   |         +|   0|  0|   15|           8|           8|
    |add_ln58_19451_fu_4233_p2   |         +|   0|  0|   16|           9|           9|
    |add_ln58_19452_fu_1636_p2   |         +|   0|  0|   15|           8|           8|
    |add_ln58_19453_fu_4246_p2   |         +|   0|  0|   16|           9|           9|
    |add_ln58_19454_fu_4256_p2   |         +|   0|  0|   17|          10|          10|
    |add_ln58_19455_fu_10315_p2  |         +|   0|  0|   18|          11|          11|
    |add_ln58_19456_fu_1642_p2   |         +|   0|  0|   15|           8|           8|
    |add_ln58_19457_fu_4265_p2   |         +|   0|  0|   16|           9|           9|
    |add_ln58_19458_fu_1648_p2   |         +|   0|  0|   15|           8|           8|
    |add_ln58_19459_fu_1654_p2   |         +|   0|  0|   15|           8|           8|
    |add_ln58_19460_fu_4281_p2   |         +|   0|  0|   16|           9|           9|
    |add_ln58_19461_fu_4291_p2   |         +|   0|  0|   17|          10|          10|
    |add_ln58_19462_fu_1660_p2   |         +|   0|  0|   15|           8|           8|
    |add_ln58_19463_fu_1666_p2   |         +|   0|  0|   15|           8|           8|
    |add_ln58_19464_fu_4303_p2   |         +|   0|  0|   16|           9|           9|
    |add_ln58_19465_fu_1672_p2   |         +|   0|  0|   15|           8|           8|
    |add_ln58_19466_fu_1678_p2   |         +|   0|  0|   15|           8|           8|
    |add_ln58_19467_fu_4319_p2   |         +|   0|  0|   16|           9|           9|
    |add_ln58_19468_fu_4329_p2   |         +|   0|  0|   17|          10|          10|
    |add_ln58_19469_fu_10331_p2  |         +|   0|  0|   18|          11|          11|
    |add_ln58_19470_fu_10341_p2  |         +|   0|  0|   19|          12|          12|
    |add_ln58_19471_fu_13515_p2  |         +|   0|  0|   21|          14|          14|
    |add_ln58_19472_fu_4335_p2   |         +|   0|  0|   16|           9|           9|
    |add_ln58_19473_fu_4345_p2   |         +|   0|  0|   17|          10|          10|
    |add_ln58_19474_fu_4355_p2   |         +|   0|  0|   16|           9|           9|
    |add_ln58_19475_fu_4365_p2   |         +|   0|  0|   17|          10|          10|
    |add_ln58_19476_fu_10353_p2  |         +|   0|  0|   18|          11|          11|
    |add_ln58_19477_fu_4371_p2   |         +|   0|  0|   16|           9|           9|
    |add_ln58_19478_fu_4381_p2   |         +|   0|  0|   16|           9|           9|
    |add_ln58_19479_fu_4391_p2   |         +|   0|  0|   17|          10|          10|
    |add_ln58_19480_fu_4397_p2   |         +|   0|  0|   16|           9|           9|
    |add_ln58_19481_fu_4407_p2   |         +|   0|  0|   16|           9|           9|
    |add_ln58_19482_fu_4417_p2   |         +|   0|  0|   17|          10|          10|
    |add_ln58_19483_fu_10369_p2  |         +|   0|  0|   18|          11|          11|
    |add_ln58_19484_fu_10379_p2  |         +|   0|  0|   19|          12|          12|
    |add_ln58_19485_fu_4423_p2   |         +|   0|  0|   17|          10|          10|
    |add_ln58_19486_fu_4429_p2   |         +|   0|  0|   16|           9|           9|
    |add_ln58_19487_fu_4439_p2   |         +|   0|  0|   16|           9|           9|
    |add_ln58_19488_fu_4449_p2   |         +|   0|  0|   17|          10|          10|
    |add_ln58_19489_fu_10391_p2  |         +|   0|  0|   18|          11|          11|
    |add_ln58_19490_fu_4455_p2   |         +|   0|  0|   16|           9|           9|
    |add_ln58_19491_fu_4465_p2   |         +|   0|  0|   16|           9|           9|
    |add_ln58_19492_fu_4475_p2   |         +|   0|  0|   17|          10|          10|
    |add_ln58_19493_fu_4481_p2   |         +|   0|  0|   16|           9|           9|
    |add_ln58_19494_fu_4491_p2   |         +|   0|  0|   16|           9|           9|
    |add_ln58_19495_fu_4500_p2   |         +|   0|  0|   17|          10|          10|
    |add_ln58_19496_fu_10407_p2  |         +|   0|  0|   18|          11|          11|
    |add_ln58_19497_fu_10417_p2  |         +|   0|  0|   19|          12|          12|
    |add_ln58_19498_fu_13527_p2  |         +|   0|  0|   20|          13|          13|
    |add_ln58_19499_fu_1684_p2   |         +|   0|  0|   16|           9|           9|
    |add_ln58_19500_fu_4509_p2   |         +|   0|  0|   17|          10|          10|
    |add_ln58_19501_fu_1690_p2   |         +|   0|  0|   15|           8|           8|
    |add_ln58_19502_fu_1696_p2   |         +|   0|  0|   15|           8|           8|
    |add_ln58_19503_fu_4521_p2   |         +|   0|  0|   16|           9|           9|
    |add_ln58_19504_fu_4531_p2   |         +|   0|  0|   17|          10|          10|
    |add_ln58_19505_fu_1702_p2   |         +|   0|  0|   15|           8|           8|
    |add_ln58_19506_fu_4540_p2   |         +|   0|  0|   16|           9|           9|
    |add_ln58_19507_fu_1708_p2   |         +|   0|  0|   15|           8|           8|
    |add_ln58_19508_fu_1714_p2   |         +|   0|  0|   15|           8|           8|
    |add_ln58_19509_fu_4556_p2   |         +|   0|  0|   16|           9|           9|
    |add_ln58_19510_fu_4566_p2   |         +|   0|  0|   17|          10|          10|
    |add_ln58_19511_fu_10429_p2  |         +|   0|  0|   19|          12|          12|
    |add_ln58_19512_fu_1720_p2   |         +|   0|  0|   15|           8|           8|
    |add_ln58_19513_fu_4575_p2   |         +|   0|  0|   16|           9|           9|
    |add_ln58_19514_fu_1726_p2   |         +|   0|  0|   15|           8|           8|
    |add_ln58_19515_fu_1736_p2   |         +|   0|  0|   15|           8|           8|
    |add_ln58_19516_fu_1746_p2   |         +|   0|  0|   16|           9|           9|
    |add_ln58_19517_fu_4588_p2   |         +|   0|  0|   17|          10|          10|
    |add_ln58_19518_fu_1752_p2   |         +|   0|  0|   15|           8|           8|
    |add_ln58_19519_fu_4597_p2   |         +|   0|  0|   16|           9|           9|
    |add_ln58_19520_fu_1758_p2   |         +|   0|  0|   15|           8|           8|
    |add_ln58_19521_fu_4610_p2   |         +|   0|  0|   16|           9|           9|
    |add_ln58_19522_fu_4620_p2   |         +|   0|  0|   17|          10|          10|
    |add_ln58_19523_fu_10445_p2  |         +|   0|  0|   18|          11|          11|
    |add_ln58_19524_fu_10455_p2  |         +|   0|  0|   20|          13|          13|
    |add_ln58_19525_fu_13540_p2  |         +|   0|  0|   21|          14|          14|
    |add_ln58_19526_fu_4626_p2   |         +|   0|  0|   16|           9|           9|
    |add_ln58_19527_fu_4636_p2   |         +|   0|  0|   18|          11|          11|
    |add_ln58_19528_fu_4642_p2   |         +|   0|  0|   16|           9|           9|
    |add_ln58_19529_fu_4652_p2   |         +|   0|  0|   16|           9|           9|
    |add_ln58_19530_fu_4662_p2   |         +|   0|  0|   17|          10|          10|
    |add_ln58_19531_fu_10467_p2  |         +|   0|  0|   19|          12|          12|
    |add_ln58_19532_fu_4668_p2   |         +|   0|  0|   16|           9|           9|
    |add_ln58_19533_fu_4678_p2   |         +|   0|  0|   16|           9|           9|
    |add_ln58_19534_fu_4688_p2   |         +|   0|  0|   17|          10|          10|
    |add_ln58_19535_fu_4694_p2   |         +|   0|  0|   16|           9|           9|
    |add_ln58_19536_fu_4704_p2   |         +|   0|  0|   17|          10|          10|
    |add_ln58_19537_fu_10479_p2  |         +|   0|  0|   18|          11|          11|
    |add_ln58_19538_fu_13552_p2  |         +|   0|  0|   17|          13|          13|
    |add_ln58_19539_fu_4710_p2   |         +|   0|  0|   16|           9|           9|
    |add_ln58_19540_fu_4720_p2   |         +|   0|  0|   17|          10|          10|
    |add_ln58_19541_fu_4726_p2   |         +|   0|  0|   16|           9|           9|
    |add_ln58_19542_fu_4736_p2   |         +|   0|  0|   16|           9|           9|
    |add_ln58_19543_fu_4746_p2   |         +|   0|  0|   17|          10|          10|
    |add_ln58_19544_fu_10491_p2  |         +|   0|  0|   18|          11|          11|
    |add_ln58_19545_fu_4752_p2   |         +|   0|  0|   16|           9|           9|
    |add_ln58_19546_fu_4762_p2   |         +|   0|  0|   17|          10|          10|
    |add_ln58_19547_fu_4771_p2   |         +|   0|  0|   17|          10|          10|
    |add_ln58_19548_fu_10507_p2  |         +|   0|  0|   18|          11|          11|
    |add_ln58_19549_fu_10517_p2  |         +|   0|  0|   19|          12|          12|
    |add_ln58_19550_fu_13561_p2  |         +|   0|  0|   17|          13|          13|
    |add_ln58_19551_fu_1770_p2   |         +|   0|  0|   15|           8|           8|
    |add_ln58_19552_fu_1780_p2   |         +|   0|  0|   16|           9|           9|
    |add_ln58_19553_fu_4780_p2   |         +|   0|  0|   16|           9|           9|
    |add_ln58_19554_fu_4790_p2   |         +|   0|  0|   17|          10|          10|
    |add_ln58_19555_fu_1786_p2   |         +|   0|  0|   15|           8|           8|
    |add_ln58_19556_fu_1792_p2   |         +|   0|  0|   15|           8|           8|
    |add_ln58_19557_fu_4802_p2   |         +|   0|  0|   16|           9|           9|
    |add_ln58_19558_fu_1798_p2   |         +|   0|  0|   15|           8|           8|
    |add_ln58_19559_fu_4815_p2   |         +|   0|  0|   16|           9|           9|
    |add_ln58_19560_fu_4825_p2   |         +|   0|  0|   17|          10|          10|
    |add_ln58_19561_fu_10529_p2  |         +|   0|  0|   18|          11|          11|
    |add_ln58_19562_fu_1804_p2   |         +|   0|  0|   15|           8|           8|
    |add_ln58_19563_fu_1814_p2   |         +|   0|  0|   16|           9|           9|
    |add_ln58_19564_fu_1820_p2   |         +|   0|  0|   15|           8|           8|
    |add_ln58_19565_fu_4837_p2   |         +|   0|  0|   16|           9|           9|
    |add_ln58_19566_fu_4847_p2   |         +|   0|  0|   17|          10|          10|
    |add_ln58_19567_fu_1826_p2   |         +|   0|  0|   15|           8|           8|
    |add_ln58_19568_fu_1832_p2   |         +|   0|  0|   15|           8|           8|
    |add_ln58_19569_fu_4859_p2   |         +|   0|  0|   16|           9|           9|
    |add_ln58_19570_fu_1838_p2   |         +|   0|  0|   15|           8|           8|
    |add_ln58_19571_fu_4872_p2   |         +|   0|  0|   16|           9|           9|
    |add_ln58_19572_fu_4882_p2   |         +|   0|  0|   17|          10|          10|
    |add_ln58_19573_fu_10545_p2  |         +|   0|  0|   18|          11|          11|
    |add_ln58_19574_fu_10555_p2  |         +|   0|  0|   19|          12|          12|
    |add_ln58_19575_fu_13574_p2  |         +|   0|  0|   21|          14|          14|
    |add_ln58_19576_fu_4892_p2   |         +|   0|  0|   18|          11|          11|
    |add_ln58_19577_fu_4898_p2   |         +|   0|  0|   16|           9|           9|
    |add_ln58_19578_fu_4908_p2   |         +|   0|  0|   16|           9|           9|
    |add_ln58_19579_fu_4918_p2   |         +|   0|  0|   17|          10|          10|
    |add_ln58_19580_fu_10567_p2  |         +|   0|  0|   19|          12|          12|
    |add_ln58_19581_fu_4924_p2   |         +|   0|  0|   17|          10|          10|
    |add_ln58_19582_fu_4930_p2   |         +|   0|  0|   16|           9|           9|
    |add_ln58_19583_fu_4940_p2   |         +|   0|  0|   17|          10|          10|
    |add_ln58_19584_fu_10579_p2  |         +|   0|  0|   18|          11|          11|
    |add_ln58_19585_fu_13586_p2  |         +|   0|  0|   17|          13|          13|
    |add_ln58_19586_fu_4946_p2   |         +|   0|  0|   16|           9|           9|
    |add_ln58_19587_fu_4956_p2   |         +|   0|  0|   17|          10|          10|
    |add_ln58_19588_fu_4962_p2   |         +|   0|  0|   16|           9|           9|
    |add_ln58_19589_fu_4972_p2   |         +|   0|  0|   16|           9|           9|
    |add_ln58_19590_fu_4982_p2   |         +|   0|  0|   17|          10|          10|
    |add_ln58_19591_fu_10591_p2  |         +|   0|  0|   18|          11|          11|
    |add_ln58_19592_fu_4988_p2   |         +|   0|  0|   16|           9|           9|
    |add_ln58_19593_fu_4998_p2   |         +|   0|  0|   16|           9|           9|
    |add_ln58_19594_fu_5008_p2   |         +|   0|  0|   17|          10|          10|
    |add_ln58_19595_fu_5014_p2   |         +|   0|  0|   16|           9|           9|
    |add_ln58_19596_fu_5024_p2   |         +|   0|  0|   17|          10|          10|
    |add_ln58_19597_fu_10607_p2  |         +|   0|  0|   18|          11|          11|
    |add_ln58_19598_fu_10617_p2  |         +|   0|  0|   19|          12|          12|
    |add_ln58_19599_fu_13595_p2  |         +|   0|  0|   17|          13|          13|
    |add_ln58_19600_fu_5030_p2   |         +|   0|  0|   16|           9|           9|
    |add_ln58_19601_fu_5040_p2   |         +|   0|  0|   17|          10|          10|
    |add_ln58_19602_fu_5046_p2   |         +|   0|  0|   16|           9|           9|
    |add_ln58_19603_fu_5057_p2   |         +|   0|  0|   17|          10|          10|
    |add_ln58_19604_fu_10629_p2  |         +|   0|  0|   18|          11|          11|
    |add_ln58_19605_fu_1850_p2   |         +|   0|  0|   15|           8|           8|
    |add_ln58_19606_fu_1860_p2   |         +|   0|  0|   15|           8|           8|
    |add_ln58_19607_fu_1870_p2   |         +|   0|  0|   16|           9|           9|
    |add_ln58_19608_fu_1876_p2   |         +|   0|  0|   15|           8|           8|
    |add_ln58_19609_fu_1886_p2   |         +|   0|  0|   15|           8|           8|
    |add_ln58_19610_fu_5069_p2   |         +|   0|  0|   16|           9|           9|
    |add_ln58_19611_fu_5078_p2   |         +|   0|  0|   17|          10|          10|
    |add_ln58_19612_fu_10642_p2  |         +|   0|  0|   19|          12|          12|
    |add_ln58_19613_fu_1892_p2   |         +|   0|  0|   15|           8|           8|
    |add_ln58_19614_fu_5087_p2   |         +|   0|  0|   16|           9|           9|
    |add_ln58_19615_fu_1898_p2   |         +|   0|  0|   15|           8|           8|
    |add_ln58_19616_fu_5100_p2   |         +|   0|  0|   16|           9|           9|
    |add_ln58_19617_fu_5110_p2   |         +|   0|  0|   17|          10|          10|
    |add_ln58_19618_fu_1904_p2   |         +|   0|  0|   15|           8|           8|
    |add_ln58_19619_fu_1914_p2   |         +|   0|  0|   15|           8|           8|
    |add_ln58_19620_fu_1924_p2   |         +|   0|  0|   16|           9|           9|
    |add_ln58_19621_fu_1930_p2   |         +|   0|  0|   15|           8|           8|
    |add_ln58_19622_fu_1936_p2   |         +|   0|  0|   15|           8|           8|
    |add_ln58_19623_fu_5125_p2   |         +|   0|  0|   16|           9|           9|
    |add_ln58_19624_fu_5135_p2   |         +|   0|  0|   17|          10|          10|
    |add_ln58_19625_fu_10654_p2  |         +|   0|  0|   18|          11|          11|
    |add_ln58_19626_fu_13611_p2  |         +|   0|  0|   20|          13|          13|
    |add_ln58_19627_fu_13621_p2  |         +|   0|  0|   21|          14|          14|
    |add_ln58_19628_fu_5141_p2   |         +|   0|  0|   18|          11|          11|
    |add_ln58_19629_fu_5147_p2   |         +|   0|  0|   16|           9|           9|
    |add_ln58_19630_fu_5157_p2   |         +|   0|  0|   17|          10|          10|
    |add_ln58_19631_fu_10666_p2  |         +|   0|  0|   19|          12|          12|
    |add_ln58_19632_fu_5163_p2   |         +|   0|  0|   16|           9|           9|
    |add_ln58_19633_fu_5173_p2   |         +|   0|  0|   16|           9|           9|
    |add_ln58_19634_fu_5183_p2   |         +|   0|  0|   17|          10|          10|
    |add_ln58_19635_fu_5189_p2   |         +|   0|  0|   16|           9|           9|
    |add_ln58_19636_fu_5199_p2   |         +|   0|  0|   17|          10|          10|
    |add_ln58_19637_fu_10682_p2  |         +|   0|  0|   18|          11|          11|
    |add_ln58_19638_fu_10692_p2  |         +|   0|  0|   20|          13|          13|
    |add_ln58_19639_fu_5205_p2   |         +|   0|  0|   17|          10|          10|
    |add_ln58_19640_fu_5211_p2   |         +|   0|  0|   16|           9|           9|
    |add_ln58_19641_fu_5221_p2   |         +|   0|  0|   17|          10|          10|
    |add_ln58_19642_fu_10704_p2  |         +|   0|  0|   18|          11|          11|
    |add_ln58_19643_fu_5227_p2   |         +|   0|  0|   16|           9|           9|
    |add_ln58_19644_fu_5237_p2   |         +|   0|  0|   16|           9|           9|
    |add_ln58_19645_fu_5247_p2   |         +|   0|  0|   17|          10|          10|
    |add_ln58_19646_fu_5253_p2   |         +|   0|  0|   16|           9|           9|
    |add_ln58_19647_fu_5263_p2   |         +|   0|  0|   17|          10|          10|
    |add_ln58_19648_fu_10720_p2  |         +|   0|  0|   18|          11|          11|
    |add_ln58_19649_fu_10730_p2  |         +|   0|  0|   19|          12|          12|
    |add_ln58_19650_fu_13633_p2  |         +|   0|  0|   16|          14|          14|
    |add_ln58_19651_fu_1942_p2   |         +|   0|  0|   16|           9|           9|
    |add_ln58_19652_fu_5272_p2   |         +|   0|  0|   17|          10|          10|
    |add_ln58_19653_fu_5282_p2   |         +|   0|  0|   18|           9|           9|
    |add_ln58_19654_fu_5286_p2   |         +|   0|  0|   18|           9|           9|
    |add_ln58_19655_fu_5296_p2   |         +|   0|  0|   18|          11|          11|
    |add_ln58_19656_fu_1948_p2   |         +|   0|  0|   15|           8|           8|
    |add_ln58_19657_fu_5305_p2   |         +|   0|  0|   16|           9|           9|
    |add_ln58_19658_fu_1954_p2   |         +|   0|  0|   15|           8|           8|
    |add_ln58_19659_fu_1960_p2   |         +|   0|  0|   15|           8|           8|
    |add_ln58_19660_fu_5320_p2   |         +|   0|  0|   16|           9|           9|
    |add_ln58_19661_fu_5330_p2   |         +|   0|  0|   17|          10|          10|
    |add_ln58_19662_fu_10742_p2  |         +|   0|  0|   19|          12|          12|
    |add_ln58_19663_fu_1966_p2   |         +|   0|  0|   15|           8|           8|
    |add_ln58_19664_fu_5339_p2   |         +|   0|  0|   16|           9|           9|
    |add_ln58_19665_fu_1972_p2   |         +|   0|  0|   15|           8|           8|
    |add_ln58_19666_fu_5352_p2   |         +|   0|  0|   16|           9|           9|
    |add_ln58_19667_fu_5362_p2   |         +|   0|  0|   17|          10|          10|
    |add_ln58_19668_fu_5368_p2   |         +|   0|  0|   16|           9|           9|
    |add_ln58_19669_fu_1978_p2   |         +|   0|  0|   15|           8|           8|
    |add_ln58_19670_fu_5381_p2   |         +|   0|  0|   16|           9|           9|
    |add_ln58_19671_fu_5391_p2   |         +|   0|  0|   17|          10|          10|
    |add_ln58_19672_fu_10758_p2  |         +|   0|  0|   18|          11|          11|
    |add_ln58_19673_fu_10768_p2  |         +|   0|  0|   20|          13|          13|
    |add_ln58_19674_fu_13642_p2  |         +|   0|  0|   16|          14|          14|
    |add_ln58_19675_fu_5401_p2   |         +|   0|  0|   17|          10|          10|
    |add_ln58_19676_fu_5407_p2   |         +|   0|  0|   16|           9|           9|
    |add_ln58_19677_fu_5417_p2   |         +|   0|  0|   17|          10|          10|
    |add_ln58_19678_fu_10780_p2  |         +|   0|  0|   18|          11|          11|
    |add_ln58_19679_fu_5423_p2   |         +|   0|  0|   16|           9|           9|
    |add_ln58_19680_fu_5433_p2   |         +|   0|  0|   16|           9|           9|
    |add_ln58_19681_fu_5443_p2   |         +|   0|  0|   17|          10|          10|
    |add_ln58_19682_fu_10793_p2  |         +|   0|  0|   18|          11|          11|
    |add_ln58_19683_fu_10803_p2  |         +|   0|  0|   19|          12|          12|
    |add_ln58_19684_fu_5449_p2   |         +|   0|  0|   16|           9|           9|
    |add_ln58_19685_fu_5459_p2   |         +|   0|  0|   17|          10|          10|
    |add_ln58_19686_fu_5465_p2   |         +|   0|  0|   16|           9|           9|
    |add_ln58_19687_fu_5475_p2   |         +|   0|  0|   17|          10|          10|
    |add_ln58_19688_fu_10815_p2  |         +|   0|  0|   18|          11|          11|
    |add_ln58_19689_fu_5481_p2   |         +|   0|  0|   16|           9|           9|
    |add_ln58_19690_fu_5491_p2   |         +|   0|  0|   17|          10|          10|
    |add_ln58_19691_fu_5497_p2   |         +|   0|  0|   16|           9|           9|
    |add_ln58_19692_fu_1984_p2   |         +|   0|  0|   16|           9|           9|
    |add_ln58_19693_fu_5510_p2   |         +|   0|  0|   17|          10|          10|
    |add_ln58_19694_fu_10831_p2  |         +|   0|  0|   18|          11|          11|
    |add_ln58_19695_fu_10841_p2  |         +|   0|  0|   19|          12|          12|
    |add_ln58_19696_fu_13654_p2  |         +|   0|  0|   20|          13|          13|
    |add_ln58_19697_fu_5519_p2   |         +|   0|  0|   16|           9|           9|
    |add_ln58_19698_fu_1996_p2   |         +|   0|  0|   15|           8|           8|
    |add_ln58_19699_fu_2006_p2   |         +|   0|  0|   15|           8|           8|
    |add_ln58_19700_fu_2016_p2   |         +|   0|  0|   16|           9|           9|
    |add_ln58_19701_fu_5531_p2   |         +|   0|  0|   18|          11|          11|
    |add_ln58_19702_fu_2022_p2   |         +|   0|  0|   15|           8|           8|
    |add_ln58_19703_fu_5540_p2   |         +|   0|  0|   16|           9|           9|
    |add_ln58_19704_fu_2028_p2   |         +|   0|  0|   15|           8|           8|
    |add_ln58_19705_fu_2034_p2   |         +|   0|  0|   15|           8|           8|
    |add_ln58_19706_fu_5556_p2   |         +|   0|  0|   16|           9|           9|
    |add_ln58_19707_fu_5566_p2   |         +|   0|  0|   17|          10|          10|
    |add_ln58_19708_fu_10853_p2  |         +|   0|  0|   19|          12|          12|
    |add_ln58_19709_fu_5572_p2   |         +|   0|  0|   16|           9|           9|
    |add_ln58_19710_fu_2040_p2   |         +|   0|  0|   15|           8|           8|
    |add_ln58_19711_fu_2050_p2   |         +|   0|  0|   15|           8|           8|
    |add_ln58_19712_fu_2060_p2   |         +|   0|  0|   16|           9|           9|
    |add_ln58_19713_fu_5585_p2   |         +|   0|  0|   17|          10|          10|
    |add_ln58_19714_fu_5591_p2   |         +|   0|  0|   16|           9|           9|
    |add_ln58_19715_fu_2066_p2   |         +|   0|  0|   15|           8|           8|
    |add_ln58_19716_fu_5604_p2   |         +|   0|  0|   16|           9|           9|
    |add_ln58_19717_fu_5614_p2   |         +|   0|  0|   17|          10|          10|
    |add_ln58_19718_fu_10869_p2  |         +|   0|  0|   18|          11|          11|
    |add_ln58_19719_fu_10879_p2  |         +|   0|  0|   20|          13|          13|
    |add_ln58_19720_fu_13667_p2  |         +|   0|  0|   21|          14|          14|
    |add_ln58_19721_fu_5620_p2   |         +|   0|  0|   17|          10|          10|
    |add_ln58_19722_fu_5626_p2   |         +|   0|  0|   17|          10|          10|
    |add_ln58_19723_fu_10891_p2  |         +|   0|  0|   18|          11|          11|
    |add_ln58_19724_fu_5632_p2   |         +|   0|  0|   17|          10|          10|
    |add_ln58_19725_fu_5638_p2   |         +|   0|  0|   16|           9|           9|
    |add_ln58_19726_fu_5648_p2   |         +|   0|  0|   17|          10|          10|
    |add_ln58_19727_fu_10907_p2  |         +|   0|  0|   18|          11|          11|
    |add_ln58_19728_fu_10917_p2  |         +|   0|  0|   19|          12|          12|
    |add_ln58_19729_fu_5654_p2   |         +|   0|  0|   16|           9|           9|
    |add_ln58_19730_fu_5664_p2   |         +|   0|  0|   17|          10|          10|
    |add_ln58_19731_fu_5670_p2   |         +|   0|  0|   16|           9|           9|
    |add_ln58_19732_fu_5680_p2   |         +|   0|  0|   17|          10|          10|
    |add_ln58_19733_fu_10929_p2  |         +|   0|  0|   18|          11|          11|
    |add_ln58_19734_fu_5686_p2   |         +|   0|  0|   16|           9|           9|
    |add_ln58_19735_fu_5696_p2   |         +|   0|  0|   17|          10|          10|
    |add_ln58_19736_fu_5702_p2   |         +|   0|  0|   16|           9|           9|
    |add_ln58_19737_fu_5712_p2   |         +|   0|  0|   16|           9|           9|
    |add_ln58_19738_fu_5722_p2   |         +|   0|  0|   17|          10|          10|
    |add_ln58_19739_fu_10945_p2  |         +|   0|  0|   18|          11|          11|
    |add_ln58_19740_fu_10955_p2  |         +|   0|  0|   19|          12|          12|
    |add_ln58_19741_fu_13679_p2  |         +|   0|  0|   20|          13|          13|
    |add_ln58_19742_fu_5728_p2   |         +|   0|  0|   17|          10|          10|
    |add_ln58_19743_fu_5738_p2   |         +|   0|  0|   17|          10|          10|
    |add_ln58_19744_fu_5748_p2   |         +|   0|  0|   18|          11|          11|
    |add_ln58_19745_fu_2072_p2   |         +|   0|  0|   15|           8|           8|
    |add_ln58_19746_fu_5757_p2   |         +|   0|  0|   16|           9|           9|
    |add_ln58_19747_fu_5767_p2   |         +|   0|  0|   16|           9|           9|
    |add_ln58_19748_fu_5776_p2   |         +|   0|  0|   17|          10|          10|
    |add_ln58_19749_fu_10967_p2  |         +|   0|  0|   19|          12|          12|
    |add_ln58_19750_fu_5782_p2   |         +|   0|  0|   16|           9|           9|
    |add_ln58_19751_fu_2078_p2   |         +|   0|  0|   15|           8|           8|
    |add_ln58_19752_fu_5795_p2   |         +|   0|  0|   16|           9|           9|
    |add_ln58_19753_fu_5805_p2   |         +|   0|  0|   17|          10|          10|
    |add_ln58_19754_fu_2084_p2   |         +|   0|  0|   15|           8|           8|
    |add_ln58_19755_fu_2094_p2   |         +|   0|  0|   15|           8|           8|
    |add_ln58_19756_fu_2104_p2   |         +|   0|  0|   16|           9|           9|
    |add_ln58_19757_fu_2110_p2   |         +|   0|  0|   15|           8|           8|
    |add_ln58_19758_fu_5817_p2   |         +|   0|  0|   16|           9|           9|
    |add_ln58_19759_fu_5827_p2   |         +|   0|  0|   17|          10|          10|
    |add_ln58_19760_fu_10983_p2  |         +|   0|  0|   18|          11|          11|
    |add_ln58_19761_fu_10993_p2  |         +|   0|  0|   20|          13|          13|
    |add_ln58_19762_fu_13692_p2  |         +|   0|  0|   21|          14|          14|
    |add_ln58_19763_fu_5833_p2   |         +|   0|  0|   16|           9|           9|
    |add_ln58_19764_fu_5843_p2   |         +|   0|  0|   18|          11|          11|
    |add_ln58_19765_fu_5849_p2   |         +|   0|  0|   16|           9|           9|
    |add_ln58_19766_fu_5859_p2   |         +|   0|  0|   16|           9|           9|
    |add_ln58_19767_fu_5869_p2   |         +|   0|  0|   17|          10|          10|
    |add_ln58_19768_fu_11005_p2  |         +|   0|  0|   19|          12|          12|
    |add_ln58_19769_fu_5875_p2   |         +|   0|  0|   17|          10|          10|
    |add_ln58_19770_fu_5881_p2   |         +|   0|  0|   16|           9|           9|
    |add_ln58_19771_fu_5891_p2   |         +|   0|  0|   16|           9|           9|
    |add_ln58_19772_fu_5901_p2   |         +|   0|  0|   17|          10|          10|
    |add_ln58_19773_fu_11017_p2  |         +|   0|  0|   18|          11|          11|
    |add_ln58_19774_fu_13704_p2  |         +|   0|  0|   17|          13|          13|
    |add_ln58_19775_fu_5907_p2   |         +|   0|  0|   17|          10|          10|
    |add_ln58_19776_fu_5913_p2   |         +|   0|  0|   16|           9|           9|
    |add_ln58_19777_fu_5923_p2   |         +|   0|  0|   17|          10|          10|
    |add_ln58_19778_fu_11029_p2  |         +|   0|  0|   18|          11|          11|
    |add_ln58_19779_fu_5929_p2   |         +|   0|  0|   16|           9|           9|
    |add_ln58_19780_fu_5939_p2   |         +|   0|  0|   16|           9|           9|
    |add_ln58_19781_fu_5947_p2   |         +|   0|  0|   17|          10|          10|
    |add_ln58_19782_fu_5959_p2   |         +|   0|  0|   17|          10|          10|
    |add_ln58_19783_fu_11045_p2  |         +|   0|  0|   18|          11|          11|
    |add_ln58_19784_fu_11055_p2  |         +|   0|  0|   19|          12|          12|
    |add_ln58_19785_fu_13713_p2  |         +|   0|  0|   17|          13|          13|
    |add_ln58_19786_fu_5965_p2   |         +|   0|  0|   16|           9|           9|
    |add_ln58_19787_fu_5975_p2   |         +|   0|  0|   16|           9|           9|
    |add_ln58_19788_fu_5985_p2   |         +|   0|  0|   17|          10|          10|
    |add_ln58_19789_fu_2122_p2   |         +|   0|  0|   15|           8|           8|
    |add_ln58_19790_fu_5994_p2   |         +|   0|  0|   16|           9|           9|
    |add_ln58_19791_fu_2128_p2   |         +|   0|  0|   15|           8|           8|
    |add_ln58_19792_fu_2138_p2   |         +|   0|  0|   15|           8|           8|
    |add_ln58_19793_fu_2148_p2   |         +|   0|  0|   16|           9|           9|
    |add_ln58_19794_fu_6007_p2   |         +|   0|  0|   17|          10|          10|
    |add_ln58_19795_fu_11067_p2  |         +|   0|  0|   18|          11|          11|
    |add_ln58_19796_fu_6013_p2   |         +|   0|  0|   16|           9|           9|
    |add_ln58_19797_fu_2154_p2   |         +|   0|  0|   15|           8|           8|
    |add_ln58_19798_fu_6026_p2   |         +|   0|  0|   16|           9|           9|
    |add_ln58_19799_fu_6036_p2   |         +|   0|  0|   17|          10|          10|
    |add_ln58_19800_fu_2160_p2   |         +|   0|  0|   15|           8|           8|
    |add_ln58_19801_fu_6045_p2   |         +|   0|  0|   16|           9|           9|
    |add_ln58_19802_fu_2166_p2   |         +|   0|  0|   15|           8|           8|
    |add_ln58_19803_fu_6058_p2   |         +|   0|  0|   16|           9|           9|
    |add_ln58_19804_fu_6068_p2   |         +|   0|  0|   17|          10|          10|
    |add_ln58_19805_fu_11083_p2  |         +|   0|  0|   18|          11|          11|
    |add_ln58_19806_fu_11093_p2  |         +|   0|  0|   19|          12|          12|
    |add_ln58_19807_fu_13726_p2  |         +|   0|  0|   21|          14|          14|
    |add_ln58_19808_fu_6074_p2   |         +|   0|  0|   17|          10|          10|
    |add_ln58_19809_fu_6079_p2   |         +|   0|  0|   16|           9|           9|
    |add_ln58_19810_fu_6089_p2   |         +|   0|  0|   17|          10|          10|
    |add_ln58_19811_fu_11105_p2  |         +|   0|  0|   18|          11|          11|
    |add_ln58_19812_fu_6095_p2   |         +|   0|  0|   16|           9|           9|
    |add_ln58_19813_fu_6105_p2   |         +|   0|  0|   16|           9|           9|
    |add_ln58_19814_fu_6115_p2   |         +|   0|  0|   17|          10|          10|
    |add_ln58_19815_fu_11118_p2  |         +|   0|  0|   18|          11|          11|
    |add_ln58_19816_fu_11128_p2  |         +|   0|  0|   19|          12|          12|
    |add_ln58_19817_fu_6121_p2   |         +|   0|  0|   16|           9|           9|
    |add_ln58_19818_fu_6131_p2   |         +|   0|  0|   17|          10|          10|
    |add_ln58_19819_fu_6137_p2   |         +|   0|  0|   16|           9|           9|
    |add_ln58_19820_fu_6147_p2   |         +|   0|  0|   16|           9|           9|
    |add_ln58_19821_fu_6157_p2   |         +|   0|  0|   17|          10|          10|
    |add_ln58_19822_fu_11140_p2  |         +|   0|  0|   18|          11|          11|
    |add_ln58_19823_fu_6163_p2   |         +|   0|  0|   16|           9|           9|
    |add_ln58_19824_fu_6173_p2   |         +|   0|  0|   17|          10|          10|
    |add_ln58_19825_fu_6179_p2   |         +|   0|  0|   16|           9|           9|
    |add_ln58_19826_fu_6187_p2   |         +|   0|  0|   17|          10|          10|
    |add_ln58_19827_fu_11156_p2  |         +|   0|  0|   18|          11|          11|
    |add_ln58_19828_fu_11166_p2  |         +|   0|  0|   19|          12|          12|
    |add_ln58_19829_fu_13738_p2  |         +|   0|  0|   17|          13|          13|
    |add_ln58_19830_fu_2172_p2   |         +|   0|  0|   15|           8|           8|
    |add_ln58_19831_fu_6196_p2   |         +|   0|  0|   16|           9|           9|
    |add_ln58_19832_fu_2178_p2   |         +|   0|  0|   15|           8|           8|
    |add_ln58_19833_fu_6208_p2   |         +|   0|  0|   16|           9|           9|
    |add_ln58_19834_fu_6218_p2   |         +|   0|  0|   18|          11|          11|
    |add_ln58_19835_fu_2184_p2   |         +|   0|  0|   15|           8|           8|
    |add_ln58_19836_fu_2190_p2   |         +|   0|  0|   15|           8|           8|
    |add_ln58_19837_fu_6230_p2   |         +|   0|  0|   16|           9|           9|
    |add_ln58_19838_fu_6240_p2   |         +|   0|  0|   17|          10|          10|
    |add_ln58_19839_fu_11178_p2  |         +|   0|  0|   19|          12|          12|
    |add_ln58_19840_fu_2196_p2   |         +|   0|  0|   15|           8|           8|
    |add_ln58_19841_fu_6249_p2   |         +|   0|  0|   16|           9|           9|
    |add_ln58_19842_fu_2202_p2   |         +|   0|  0|   15|           8|           8|
    |add_ln58_19843_fu_6262_p2   |         +|   0|  0|   16|           9|           9|
    |add_ln58_19844_fu_6272_p2   |         +|   0|  0|   17|          10|          10|
    |add_ln58_19845_fu_2208_p2   |         +|   0|  0|   15|           8|           8|
    |add_ln58_19846_fu_2218_p2   |         +|   0|  0|   16|           9|           9|
    |add_ln58_19847_fu_2224_p2   |         +|   0|  0|   15|           8|           8|
    |add_ln58_19848_fu_6284_p2   |         +|   0|  0|   16|           9|           9|
    |add_ln58_19849_fu_6294_p2   |         +|   0|  0|   17|          10|          10|
    |add_ln58_19850_fu_11194_p2  |         +|   0|  0|   18|          11|          11|
    |add_ln58_19851_fu_11204_p2  |         +|   0|  0|   20|          13|          13|
    |add_ln58_19852_fu_13744_p2  |         +|   0|  0|   17|          13|          13|
    |add_ln58_19853_fu_11210_p2  |         +|   0|  0|   17|          11|          11|
    |add_ln58_19854_fu_6300_p2   |         +|   0|  0|   16|           9|           9|
    |add_ln58_19855_fu_6310_p2   |         +|   0|  0|   16|           9|           9|
    |add_ln58_19856_fu_6320_p2   |         +|   0|  0|   17|          10|          10|
    |add_ln58_19857_fu_11218_p2  |         +|   0|  0|   17|          11|          11|
    |add_ln58_19858_fu_6326_p2   |         +|   0|  0|   16|           9|           9|
    |add_ln58_19859_fu_6336_p2   |         +|   0|  0|   17|          10|          10|
    |add_ln58_19860_fu_6342_p2   |         +|   0|  0|   16|           9|           9|
    |add_ln58_19861_fu_6352_p2   |         +|   0|  0|   17|          10|          10|
    |add_ln58_19862_fu_11234_p2  |         +|   0|  0|   18|          11|          11|
    |add_ln58_19863_fu_11244_p2  |         +|   0|  0|   19|          12|          12|
    |add_ln58_19864_fu_6358_p2   |         +|   0|  0|   16|           9|           9|
    |add_ln58_19865_fu_6368_p2   |         +|   0|  0|   17|          10|          10|
    |add_ln58_19866_fu_6374_p2   |         +|   0|  0|   16|           9|           9|
    |add_ln58_19867_fu_6383_p2   |         +|   0|  0|   17|          10|          10|
    |add_ln58_19868_fu_11256_p2  |         +|   0|  0|   17|          11|          11|
    |add_ln58_19869_fu_2230_p2   |         +|   0|  0|   15|           8|           8|
    |add_ln58_19870_fu_6392_p2   |         +|   0|  0|   16|           9|           9|
    |add_ln58_19871_fu_6402_p2   |         +|   0|  0|   16|           9|           9|
    |add_ln58_19872_fu_6411_p2   |         +|   0|  0|   17|          10|          10|
    |add_ln58_19873_fu_11265_p2  |         +|   0|  0|   17|          11|          11|
    |add_ln58_19874_fu_13759_p2  |         +|   0|  0|   20|          13|          13|
    |add_ln58_19875_fu_6417_p2   |         +|   0|  0|   16|           9|           9|
    |add_ln58_19876_fu_2236_p2   |         +|   0|  0|   15|           8|           8|
    |add_ln58_19877_fu_6430_p2   |         +|   0|  0|   16|           9|           9|
    |add_ln58_19878_fu_6440_p2   |         +|   0|  0|   17|          10|          10|
    |add_ln58_19879_fu_6446_p2   |         +|   0|  0|   16|           9|           9|
    |add_ln58_19880_fu_2242_p2   |         +|   0|  0|   15|           8|           8|
    |add_ln58_19881_fu_6459_p2   |         +|   0|  0|   16|           9|           9|
    |add_ln58_19882_fu_6469_p2   |         +|   0|  0|   17|          10|          10|
    |add_ln58_19883_fu_11277_p2  |         +|   0|  0|   18|          11|          11|
    |add_ln58_19884_fu_2248_p2   |         +|   0|  0|   15|           8|           8|
    |add_ln58_19885_fu_6478_p2   |         +|   0|  0|   16|           9|           9|
    |add_ln58_19886_fu_2254_p2   |         +|   0|  0|   15|           8|           8|
    |add_ln58_19887_fu_6491_p2   |         +|   0|  0|   16|           9|           9|
    |add_ln58_19888_fu_6501_p2   |         +|   0|  0|   17|          10|          10|
    |add_ln58_19889_fu_6507_p2   |         +|   0|  0|   16|           9|           9|
    |add_ln58_19890_fu_6517_p2   |         +|   0|  0|   16|           9|           9|
    |add_ln58_19891_fu_6527_p2   |         +|   0|  0|   17|          10|          10|
    |add_ln58_19892_fu_11293_p2  |         +|   0|  0|   18|          11|          11|
    |add_ln58_19893_fu_11303_p2  |         +|   0|  0|   19|          12|          12|
    |add_ln58_19894_fu_13772_p2  |         +|   0|  0|   21|          14|          14|
    |add_ln58_19895_fu_6537_p2   |         +|   0|  0|   17|          10|          10|
    |add_ln58_19896_fu_6546_p2   |         +|   0|  0|   17|          10|          10|
    |add_ln58_19897_fu_11315_p2  |         +|   0|  0|   18|          11|          11|
    |add_ln58_19898_fu_6552_p2   |         +|   0|  0|   16|           9|           9|
    |add_ln58_19899_fu_6562_p2   |         +|   0|  0|   17|          10|          10|
    |add_ln58_19900_fu_6568_p2   |         +|   0|  0|   17|          10|          10|
    |add_ln58_19901_fu_11331_p2  |         +|   0|  0|   18|          11|          11|
    |add_ln58_19902_fu_11341_p2  |         +|   0|  0|   19|          12|          12|
    |add_ln58_19903_fu_6574_p2   |         +|   0|  0|   17|          10|          10|
    |add_ln58_19904_fu_6580_p2   |         +|   0|  0|   16|           9|           9|
    |add_ln58_19905_fu_6590_p2   |         +|   0|  0|   17|          10|          10|
    |add_ln58_19906_fu_11353_p2  |         +|   0|  0|   18|          11|          11|
    |add_ln58_19907_fu_6596_p2   |         +|   0|  0|   16|           9|           9|
    |add_ln58_19908_fu_6605_p2   |         +|   0|  0|   17|          10|          10|
    |add_ln58_19909_fu_11366_p2  |         +|   0|  0|   18|          11|          11|
    |add_ln58_19910_fu_11376_p2  |         +|   0|  0|   19|          12|          12|
    |add_ln58_19911_fu_13784_p2  |         +|   0|  0|   20|          13|          13|
    |add_ln58_19912_fu_6611_p2   |         +|   0|  0|   17|          10|          10|
    |add_ln58_19913_fu_6621_p2   |         +|   0|  0|   17|          10|          10|
    |add_ln58_19914_fu_6631_p2   |         +|   0|  0|   18|          11|          11|
    |add_ln58_19915_fu_6637_p2   |         +|   0|  0|   16|           9|           9|
    |add_ln58_19916_fu_2260_p2   |         +|   0|  0|   15|           8|           8|
    |add_ln58_19917_fu_6650_p2   |         +|   0|  0|   16|           9|           9|
    |add_ln58_19918_fu_6660_p2   |         +|   0|  0|   17|          10|          10|
    |add_ln58_19919_fu_11388_p2  |         +|   0|  0|   19|          12|          12|
    |add_ln58_19920_fu_2266_p2   |         +|   0|  0|   15|           8|           8|
    |add_ln58_19921_fu_6669_p2   |         +|   0|  0|   16|           9|           9|
    |add_ln58_19922_fu_6679_p2   |         +|   0|  0|   16|           9|           9|
    |add_ln58_19923_fu_6689_p2   |         +|   0|  0|   17|          10|          10|
    |add_ln58_19924_fu_2272_p2   |         +|   0|  0|   15|           8|           8|
    |add_ln58_19925_fu_2282_p2   |         +|   0|  0|   16|           9|           9|
    |add_ln58_19926_fu_2288_p2   |         +|   0|  0|   15|           8|           8|
    |add_ln58_19927_fu_6701_p2   |         +|   0|  0|   16|           9|           9|
    |add_ln58_19928_fu_6711_p2   |         +|   0|  0|   17|          10|          10|
    |add_ln58_19929_fu_11404_p2  |         +|   0|  0|   18|          11|          11|
    |add_ln58_19930_fu_11414_p2  |         +|   0|  0|   20|          13|          13|
    |add_ln58_19931_fu_13797_p2  |         +|   0|  0|   21|          14|          14|
    |add_ln58_19932_fu_2294_p2   |         +|   0|  0|   15|           8|           8|
    |add_ln58_19933_fu_6730_p2   |         +|   0|  0|   16|           9|           9|
    |add_ln58_19934_fu_6739_p2   |         +|   0|  0|   17|          10|          10|
    |add_ln58_19935_fu_6745_p2   |         +|   0|  0|   16|           9|           9|
    |add_ln58_19936_fu_6755_p2   |         +|   0|  0|   16|           9|           9|
    |add_ln58_19937_fu_6765_p2   |         +|   0|  0|   17|          10|          10|
    |add_ln58_19938_fu_11426_p2  |         +|   0|  0|   18|          11|          11|
    |add_ln58_19939_fu_6771_p2   |         +|   0|  0|   16|           9|           9|
    |add_ln58_19940_fu_6781_p2   |         +|   0|  0|   17|          10|          10|
    |add_ln58_19941_fu_6787_p2   |         +|   0|  0|   16|           9|           9|
    |add_ln58_19942_fu_6797_p2   |         +|   0|  0|   17|          10|          10|
    |add_ln58_19943_fu_11442_p2  |         +|   0|  0|   18|          11|          11|
    |add_ln58_19944_fu_11452_p2  |         +|   0|  0|   19|          12|          12|
    |add_ln58_19945_fu_6803_p2   |         +|   0|  0|   16|           9|           9|
    |add_ln58_19946_fu_6813_p2   |         +|   0|  0|   17|          10|          10|
    |add_ln58_19947_fu_6819_p2   |         +|   0|  0|   16|           9|           9|
    |add_ln58_19948_fu_6829_p2   |         +|   0|  0|   17|          10|          10|
    |add_ln58_19949_fu_11464_p2  |         +|   0|  0|   18|          11|          11|
    |add_ln58_19950_fu_6835_p2   |         +|   0|  0|   17|          10|          10|
    |add_ln58_19951_fu_6841_p2   |         +|   0|  0|   17|          10|          10|
    |add_ln58_19952_fu_11480_p2  |         +|   0|  0|   18|          11|          11|
    |add_ln58_19953_fu_11490_p2  |         +|   0|  0|   19|          12|          12|
    |add_ln58_19954_fu_13809_p2  |         +|   0|  0|   20|          13|          13|
    |add_ln58_19955_fu_2311_p2   |         +|   0|  0|   17|          10|          10|
    |add_ln58_19956_fu_2317_p2   |         +|   0|  0|   15|           8|           8|
    |add_ln58_19957_fu_2327_p2   |         +|   0|  0|   16|           9|           9|
    |add_ln58_19958_fu_6853_p2   |         +|   0|  0|   18|          11|          11|
    |add_ln58_19959_fu_2333_p2   |         +|   0|  0|   15|           8|           8|
    |add_ln58_19960_fu_2343_p2   |         +|   0|  0|   16|           9|           9|
    |add_ln58_19961_fu_2349_p2   |         +|   0|  0|   15|           8|           8|
    |add_ln58_19962_fu_2359_p2   |         +|   0|  0|   15|           8|           8|
    |add_ln58_19963_fu_2369_p2   |         +|   0|  0|   16|           9|           9|
    |add_ln58_19964_fu_6869_p2   |         +|   0|  0|   17|          10|          10|
    |add_ln58_19965_fu_6879_p2   |         +|   0|  0|   19|          12|          12|
    |add_ln58_19966_fu_2375_p2   |         +|   0|  0|   15|           8|           8|
    |add_ln58_19967_fu_6888_p2   |         +|   0|  0|   16|           9|           9|
    |add_ln58_19968_fu_2381_p2   |         +|   0|  0|   15|           8|           8|
    |add_ln58_19969_fu_2387_p2   |         +|   0|  0|   15|           8|           8|
    |add_ln58_19970_fu_6904_p2   |         +|   0|  0|   16|           9|           9|
    |add_ln58_19971_fu_6914_p2   |         +|   0|  0|   17|          10|          10|
    |add_ln58_19972_fu_2393_p2   |         +|   0|  0|   15|           8|           8|
    |add_ln58_19973_fu_6923_p2   |         +|   0|  0|   16|           9|           9|
    |add_ln58_19974_fu_6933_p2   |         +|   0|  0|   17|          10|          10|
    |add_ln58_19975_fu_11505_p2  |         +|   0|  0|   18|          11|          11|
    |add_ln58_19976_fu_11515_p2  |         +|   0|  0|   20|          13|          13|
    |add_ln58_19977_fu_13822_p2  |         +|   0|  0|   21|          14|          14|
    |add_ln58_19978_fu_11524_p2  |         +|   0|  0|   17|          11|          11|
    |add_ln58_19979_fu_6939_p2   |         +|   0|  0|   16|           9|           9|
    |add_ln58_19980_fu_6949_p2   |         +|   0|  0|   17|          10|          10|
    |add_ln58_19981_fu_11532_p2  |         +|   0|  0|   17|          11|          11|
    |add_ln58_19982_fu_6955_p2   |         +|   0|  0|   16|           9|           9|
    |add_ln58_19983_fu_6965_p2   |         +|   0|  0|   17|          10|          10|
    |add_ln58_19984_fu_6971_p2   |         +|   0|  0|   17|          10|          10|
    |add_ln58_19985_fu_11548_p2  |         +|   0|  0|   18|          11|          11|
    |add_ln58_19986_fu_11558_p2  |         +|   0|  0|   19|          12|          12|
    |add_ln58_19987_fu_6977_p2   |         +|   0|  0|   17|          10|          10|
    |add_ln58_19988_fu_6983_p2   |         +|   0|  0|   16|           9|           9|
    |add_ln58_19989_fu_6993_p2   |         +|   0|  0|   16|           9|           9|
    |add_ln58_19990_fu_7003_p2   |         +|   0|  0|   17|          10|          10|
    |add_ln58_19991_fu_11570_p2  |         +|   0|  0|   18|          11|          11|
    |add_ln58_19992_fu_7009_p2   |         +|   0|  0|   16|           9|           9|
    |add_ln58_19993_fu_7019_p2   |         +|   0|  0|   17|          10|          10|
    |add_ln58_19994_fu_7025_p2   |         +|   0|  0|   16|           9|           9|
    |add_ln58_19995_fu_7035_p2   |         +|   0|  0|   17|          10|          10|
    |add_ln58_19996_fu_11586_p2  |         +|   0|  0|   18|          11|          11|
    |add_ln58_19997_fu_11596_p2  |         +|   0|  0|   19|          12|          12|
    |add_ln58_19998_fu_13834_p2  |         +|   0|  0|   20|          13|          13|
    |add_ln58_19999_fu_7041_p2   |         +|   0|  0|   17|          10|          10|
    |add_ln58_20000_fu_7054_p2   |         +|   0|  0|   17|          10|          10|
    |add_ln58_20001_fu_7064_p2   |         +|   0|  0|   18|          11|          11|
    |add_ln58_20002_fu_2405_p2   |         +|   0|  0|   15|           8|           8|
    |add_ln58_20003_fu_7073_p2   |         +|   0|  0|   16|           9|           9|
    |add_ln58_20004_fu_7083_p2   |         +|   0|  0|   16|           9|           9|
    |add_ln58_20005_fu_7092_p2   |         +|   0|  0|   17|          10|          10|
    |add_ln58_20006_fu_11608_p2  |         +|   0|  0|   19|          12|          12|
    |add_ln58_20007_fu_2411_p2   |         +|   0|  0|   15|           8|           8|
    |add_ln58_20008_fu_7101_p2   |         +|   0|  0|   16|           9|           9|
    |add_ln58_20009_fu_2417_p2   |         +|   0|  0|   15|           8|           8|
    |add_ln58_20010_fu_2423_p2   |         +|   0|  0|   15|           8|           8|
    |add_ln58_20011_fu_7117_p2   |         +|   0|  0|   16|           9|           9|
    |add_ln58_20012_fu_7127_p2   |         +|   0|  0|   17|          10|          10|
    |add_ln58_20013_fu_2429_p2   |         +|   0|  0|   15|           8|           8|
    |add_ln58_20014_fu_2435_p2   |         +|   0|  0|   15|           8|           8|
    |add_ln58_20015_fu_7139_p2   |         +|   0|  0|   16|           9|           9|
    |add_ln58_20016_fu_2441_p2   |         +|   0|  0|   15|           8|           8|
    |add_ln58_20017_fu_7152_p2   |         +|   0|  0|   16|           9|           9|
    |add_ln58_20018_fu_7162_p2   |         +|   0|  0|   17|          10|          10|
    |add_ln58_20019_fu_11624_p2  |         +|   0|  0|   18|          11|          11|
    |add_ln58_20020_fu_11634_p2  |         +|   0|  0|   20|          13|          13|
    |add_ln58_20021_fu_13847_p2  |         +|   0|  0|   21|          14|          14|
    |add_ln58_20022_fu_7168_p2   |         +|   0|  0|   16|           9|           9|
    |add_ln58_20023_fu_7178_p2   |         +|   0|  0|   18|          11|          11|
    |add_ln58_20024_fu_7184_p2   |         +|   0|  0|   16|           9|           9|
    |add_ln58_20025_fu_7194_p2   |         +|   0|  0|   17|          10|          10|
    |add_ln58_20026_fu_11646_p2  |         +|   0|  0|   19|          12|          12|
    |add_ln58_20027_fu_7200_p2   |         +|   0|  0|   16|           9|           9|
    |add_ln58_20028_fu_7210_p2   |         +|   0|  0|   17|          10|          10|
    |add_ln58_20029_fu_7216_p2   |         +|   0|  0|   16|           9|           9|
    |add_ln58_20030_fu_7226_p2   |         +|   0|  0|   17|          10|          10|
    |add_ln58_20031_fu_11658_p2  |         +|   0|  0|   18|          11|          11|
    |add_ln58_20032_fu_13859_p2  |         +|   0|  0|   17|          13|          13|
    |add_ln58_20033_fu_7232_p2   |         +|   0|  0|   16|           9|           9|
    |add_ln58_20034_fu_7242_p2   |         +|   0|  0|   17|          10|          10|
    |add_ln58_20035_fu_7248_p2   |         +|   0|  0|   16|           9|           9|
    |add_ln58_20036_fu_7258_p2   |         +|   0|  0|   17|          10|          10|
    |add_ln58_20037_fu_11670_p2  |         +|   0|  0|   18|          11|          11|
    |add_ln58_20038_fu_7264_p2   |         +|   0|  0|   17|          10|          10|
    |add_ln58_20039_fu_7270_p2   |         +|   0|  0|   16|           9|           9|
    |add_ln58_20040_fu_7279_p2   |         +|   0|  0|   17|          10|          10|
    |add_ln58_20041_fu_11686_p2  |         +|   0|  0|   18|          11|          11|
    |add_ln58_20042_fu_11696_p2  |         +|   0|  0|   19|          12|          12|
    |add_ln58_20043_fu_13868_p2  |         +|   0|  0|   17|          13|          13|
    |add_ln58_20044_fu_7285_p2   |         +|   0|  0|   16|           9|           9|
    |add_ln58_20045_fu_7293_p2   |         +|   0|  0|   18|          10|          10|
    |add_ln58_20046_fu_2461_p2   |         +|   0|  0|   17|          10|          10|
    |add_ln58_20047_fu_7299_p2   |         +|   0|  0|   18|          10|          10|
    |add_ln58_20048_fu_2467_p2   |         +|   0|  0|   15|           8|           8|
    |add_ln58_20049_fu_2473_p2   |         +|   0|  0|   15|           8|           8|
    |add_ln58_20050_fu_7310_p2   |         +|   0|  0|   16|           9|           9|
    |add_ln58_20051_fu_2479_p2   |         +|   0|  0|   15|           8|           8|
    |add_ln58_20052_fu_7323_p2   |         +|   0|  0|   16|           9|           9|
    |add_ln58_20053_fu_7333_p2   |         +|   0|  0|   17|          10|          10|
    |add_ln58_20054_fu_11708_p2  |         +|   0|  0|   19|          12|          12|
    |add_ln58_20055_fu_7339_p2   |         +|   0|  0|   16|           9|           9|
    |add_ln58_20056_fu_2485_p2   |         +|   0|  0|   15|           8|           8|
    |add_ln58_20057_fu_2495_p2   |         +|   0|  0|   16|           9|           9|
    |add_ln58_20058_fu_7352_p2   |         +|   0|  0|   17|          10|          10|
    |add_ln58_20059_fu_7358_p2   |         +|   0|  0|   16|           9|           9|
    |add_ln58_20060_fu_7368_p2   |         +|   0|  0|   16|           9|           9|
    |add_ln58_20061_fu_7378_p2   |         +|   0|  0|   17|          10|          10|
    |add_ln58_20062_fu_11724_p2  |         +|   0|  0|   18|          11|          11|
    |add_ln58_20063_fu_11734_p2  |         +|   0|  0|   20|          13|          13|
    |add_ln58_20064_fu_13881_p2  |         +|   0|  0|   21|          14|          14|
    |add_ln58_20065_fu_7384_p2   |         +|   0|  0|   16|           9|           9|
    |add_ln58_20066_fu_7394_p2   |         +|   0|  0|   18|          11|          11|
    |add_ln58_20067_fu_7400_p2   |         +|   0|  0|   16|           9|           9|
    |add_ln58_20068_fu_7410_p2   |         +|   0|  0|   17|          10|          10|
    |add_ln58_20069_fu_11746_p2  |         +|   0|  0|   19|          12|          12|
    |add_ln58_20070_fu_7416_p2   |         +|   0|  0|   17|          10|          10|
    |add_ln58_20071_fu_11755_p2  |         +|   0|  0|   18|          11|          11|
    |add_ln58_20072_fu_13893_p2  |         +|   0|  0|   17|          13|          13|
    |add_ln58_20073_fu_7422_p2   |         +|   0|  0|   16|           9|           9|
    |add_ln58_20074_fu_7432_p2   |         +|   0|  0|   17|          10|          10|
    |add_ln58_20075_fu_7438_p2   |         +|   0|  0|   16|           9|           9|
    |add_ln58_20076_fu_7448_p2   |         +|   0|  0|   17|          10|          10|
    |add_ln58_20077_fu_11767_p2  |         +|   0|  0|   18|          11|          11|
    |add_ln58_20078_fu_7454_p2   |         +|   0|  0|   18|           9|           9|
    |add_ln58_20079_fu_2501_p2   |         +|   0|  0|   15|           8|           8|
    |add_ln58_20080_fu_7461_p2   |         +|   0|  0|   18|           9|           9|
    |add_ln58_20081_fu_7471_p2   |         +|   0|  0|   16|           9|           9|
    |add_ln58_20082_fu_7481_p2   |         +|   0|  0|   18|          11|          11|
    |add_ln58_20083_fu_11780_p2  |         +|   0|  0|   19|          12|          12|
    |add_ln58_20084_fu_13902_p2  |         +|   0|  0|   17|          13|          13|
    |add_ln58_20085_fu_7487_p2   |         +|   0|  0|   16|           9|           9|
    |add_ln58_20086_fu_7497_p2   |         +|   0|  0|   16|           9|           9|
    |add_ln58_20087_fu_7507_p2   |         +|   0|  0|   17|          10|          10|
    |add_ln58_20088_fu_2507_p2   |         +|   0|  0|   15|           8|           8|
    |add_ln58_20089_fu_2517_p2   |         +|   0|  0|   16|           9|           9|
    |add_ln58_20090_fu_7516_p2   |         +|   0|  0|   16|           9|           9|
    |add_ln58_20091_fu_7526_p2   |         +|   0|  0|   17|          10|          10|
    |add_ln58_20092_fu_11792_p2  |         +|   0|  0|   18|          11|          11|
    |add_ln58_20093_fu_7532_p2   |         +|   0|  0|   16|           9|           9|
    |add_ln58_20094_fu_2523_p2   |         +|   0|  0|   15|           8|           8|
    |add_ln58_20095_fu_7545_p2   |         +|   0|  0|   16|           9|           9|
    |add_ln58_20096_fu_7555_p2   |         +|   0|  0|   17|          10|          10|
    |add_ln58_20097_fu_7561_p2   |         +|   0|  0|   16|           9|           9|
    |add_ln58_20098_fu_7571_p2   |         +|   0|  0|   17|          10|          10|
    |add_ln58_20099_fu_11808_p2  |         +|   0|  0|   18|          11|          11|
    |add_ln58_20100_fu_11818_p2  |         +|   0|  0|   19|          12|          12|
    |add_ln58_20101_fu_13915_p2  |         +|   0|  0|   21|          14|          14|
    |add_ln58_20102_fu_11824_p2  |         +|   0|  0|   18|          11|          11|
    |add_ln58_20103_fu_7577_p2   |         +|   0|  0|   16|           9|           9|
    |add_ln58_20104_fu_7587_p2   |         +|   0|  0|   17|          10|          10|
    |add_ln58_20105_fu_11837_p2  |         +|   0|  0|   17|          12|          12|
    |add_ln58_20106_fu_7593_p2   |         +|   0|  0|   16|           9|           9|
    |add_ln58_20107_fu_7603_p2   |         +|   0|  0|   17|          10|          10|
    |add_ln58_20108_fu_7609_p2   |         +|   0|  0|   17|          10|          10|
    |add_ln58_20109_fu_11849_p2  |         +|   0|  0|   18|          11|          11|
    |add_ln58_20110_fu_11859_p2  |         +|   0|  0|   17|          12|          12|
    |add_ln58_20111_fu_7615_p2   |         +|   0|  0|   16|           9|           9|
    |add_ln58_20112_fu_7625_p2   |         +|   0|  0|   17|          10|          10|
    |add_ln58_20113_fu_7631_p2   |         +|   0|  0|   16|           9|           9|
    |add_ln58_20114_fu_7641_p2   |         +|   0|  0|   17|          10|          10|
    |add_ln58_20115_fu_11871_p2  |         +|   0|  0|   18|          11|          11|
    |add_ln58_20116_fu_7647_p2   |         +|   0|  0|   16|           9|           9|
    |add_ln58_20117_fu_7657_p2   |         +|   0|  0|   17|          10|          10|
    |add_ln58_20118_fu_7663_p2   |         +|   0|  0|   16|           9|           9|
    |add_ln58_20119_fu_7671_p2   |         +|   0|  0|   17|          10|          10|
    |add_ln58_20120_fu_11887_p2  |         +|   0|  0|   18|          11|          11|
    |add_ln58_20121_fu_11897_p2  |         +|   0|  0|   19|          12|          12|
    |add_ln58_20122_fu_13927_p2  |         +|   0|  0|   20|          13|          13|
    |add_ln58_20123_fu_2529_p2   |         +|   0|  0|   16|           9|           9|
    |add_ln58_20124_fu_7681_p2   |         +|   0|  0|   16|           9|           9|
    |add_ln58_20125_fu_7690_p2   |         +|   0|  0|   18|          11|          11|
    |add_ln58_20126_fu_7696_p2   |         +|   0|  0|   16|           9|           9|
    |add_ln58_20127_fu_7706_p2   |         +|   0|  0|   16|           9|           9|
    |add_ln58_20128_fu_7716_p2   |         +|   0|  0|   17|          10|          10|
    |add_ln58_20129_fu_11909_p2  |         +|   0|  0|   19|          12|          12|
    |add_ln58_20130_fu_2535_p2   |         +|   0|  0|   15|           8|           8|
    |add_ln58_20131_fu_7725_p2   |         +|   0|  0|   16|           9|           9|
    |add_ln58_20132_fu_7735_p2   |         +|   0|  0|   16|           9|           9|
    |add_ln58_20133_fu_7745_p2   |         +|   0|  0|   17|          10|          10|
    |add_ln58_20134_fu_7751_p2   |         +|   0|  0|   16|           9|           9|
    |add_ln58_20135_fu_2541_p2   |         +|   0|  0|   15|           8|           8|
    |add_ln58_20136_fu_7764_p2   |         +|   0|  0|   16|           9|           9|
    |add_ln58_20137_fu_7774_p2   |         +|   0|  0|   17|          10|          10|
    |add_ln58_20138_fu_11925_p2  |         +|   0|  0|   18|          11|          11|
    |add_ln58_20139_fu_11935_p2  |         +|   0|  0|   20|          13|          13|
    |add_ln58_20140_fu_13940_p2  |         +|   0|  0|   21|          14|          14|
    |add_ln58_20141_fu_7780_p2   |         +|   0|  0|   16|           9|           9|
    |add_ln58_20142_fu_7790_p2   |         +|   0|  0|   17|          10|          10|
    |add_ln58_20143_fu_7795_p2   |         +|   0|  0|   16|           9|           9|
    |add_ln58_20144_fu_7805_p2   |         +|   0|  0|   17|          10|          10|
    |add_ln58_20145_fu_11947_p2  |         +|   0|  0|   18|          11|          11|
    |add_ln58_20146_fu_7811_p2   |         +|   0|  0|   17|          10|          10|
    |add_ln58_20147_fu_7817_p2   |         +|   0|  0|   17|          10|          10|
    |add_ln58_20148_fu_11963_p2  |         +|   0|  0|   18|          11|          11|
    |add_ln58_20149_fu_11973_p2  |         +|   0|  0|   19|          12|          12|
    |add_ln58_20150_fu_7823_p2   |         +|   0|  0|   17|          10|          10|
    |add_ln58_20151_fu_11982_p2  |         +|   0|  0|   18|          11|          11|
    |add_ln58_20152_fu_7829_p2   |         +|   0|  0|   16|           9|           9|
    |add_ln58_20153_fu_7839_p2   |         +|   0|  0|   17|          10|          10|
    |add_ln58_20154_fu_11995_p2  |         +|   0|  0|   18|          11|          11|
    |add_ln58_20155_fu_12005_p2  |         +|   0|  0|   19|          12|          12|
    |add_ln58_20156_fu_13952_p2  |         +|   0|  0|   20|          13|          13|
    |add_ln58_20157_fu_7848_p2   |         +|   0|  0|   16|           9|           9|
    |add_ln58_20158_fu_2553_p2   |         +|   0|  0|   15|           8|           8|
    |add_ln58_20159_fu_2563_p2   |         +|   0|  0|   15|           8|           8|
    |add_ln58_20160_fu_2573_p2   |         +|   0|  0|   16|           9|           9|
    |add_ln58_20161_fu_7860_p2   |         +|   0|  0|   18|          11|          11|
    |add_ln58_20162_fu_7866_p2   |         +|   0|  0|   16|           9|           9|
    |add_ln58_20163_fu_7876_p2   |         +|   0|  0|   17|          10|          10|
    |add_ln58_20164_fu_12017_p2  |         +|   0|  0|   19|          12|          12|
    |add_ln58_20165_fu_2579_p2   |         +|   0|  0|   15|           8|           8|
    |add_ln58_20166_fu_7885_p2   |         +|   0|  0|   16|           9|           9|
    |add_ln58_20167_fu_2585_p2   |         +|   0|  0|   15|           8|           8|
    |add_ln58_20168_fu_7898_p2   |         +|   0|  0|   16|           9|           9|
    |add_ln58_20169_fu_7908_p2   |         +|   0|  0|   17|          10|          10|
    |add_ln58_20170_fu_7914_p2   |         +|   0|  0|   16|           9|           9|
    |add_ln58_20171_fu_7924_p2   |         +|   0|  0|   17|          10|          10|
    |add_ln58_20172_fu_12033_p2  |         +|   0|  0|   18|          11|          11|
    |add_ln58_20173_fu_12043_p2  |         +|   0|  0|   20|          13|          13|
    |add_ln58_20174_fu_13965_p2  |         +|   0|  0|   21|          14|          14|
    |add_ln58_20175_fu_7934_p2   |         +|   0|  0|   18|          11|          11|
    |add_ln58_20176_fu_7940_p2   |         +|   0|  0|   16|           9|           9|
    |add_ln58_20177_fu_7950_p2   |         +|   0|  0|   17|          10|          10|
    |add_ln58_20178_fu_12055_p2  |         +|   0|  0|   19|          12|          12|
    |add_ln58_20179_fu_7956_p2   |         +|   0|  0|   17|          10|          10|
    |add_ln58_20180_fu_7962_p2   |         +|   0|  0|   17|          10|          10|
    |add_ln58_20181_fu_12071_p2  |         +|   0|  0|   18|          11|          11|
    |add_ln58_20182_fu_12081_p2  |         +|   0|  0|   20|          13|          13|
    |add_ln58_20183_fu_7968_p2   |         +|   0|  0|   16|           9|           9|
    |add_ln58_20184_fu_7978_p2   |         +|   0|  0|   17|          10|          10|
    |add_ln58_20185_fu_7984_p2   |         +|   0|  0|   16|           9|           9|
    |add_ln58_20186_fu_7994_p2   |         +|   0|  0|   17|          10|          10|
    |add_ln58_20187_fu_12093_p2  |         +|   0|  0|   18|          11|          11|
    |add_ln58_20188_fu_8000_p2   |         +|   0|  0|   16|           9|           9|
    |add_ln58_20189_fu_8010_p2   |         +|   0|  0|   17|          10|          10|
    |add_ln58_20190_fu_8016_p2   |         +|   0|  0|   17|          10|          10|
    |add_ln58_20191_fu_12109_p2  |         +|   0|  0|   18|          11|          11|
    |add_ln58_20192_fu_12119_p2  |         +|   0|  0|   19|          12|          12|
    |add_ln58_20193_fu_13977_p2  |         +|   0|  0|   16|          14|          14|
    |add_ln58_20194_fu_8025_p2   |         +|   0|  0|   18|          10|          10|
    |add_ln58_20195_fu_2591_p2   |         +|   0|  0|   16|           9|           9|
    |add_ln58_20196_fu_8034_p2   |         +|   0|  0|   18|          10|          10|
    |add_ln58_20197_fu_2597_p2   |         +|   0|  0|   16|           9|           9|
    |add_ln58_20198_fu_2603_p2   |         +|   0|  0|   15|           8|           8|
    |add_ln58_20199_fu_2613_p2   |         +|   0|  0|   16|           9|           9|
    |add_ln58_20200_fu_8050_p2   |         +|   0|  0|   17|          10|          10|
    |add_ln58_20201_fu_8060_p2   |         +|   0|  0|   19|          12|          12|
    |add_ln58_20202_fu_8066_p2   |         +|   0|  0|   16|           9|           9|
    |add_ln58_20203_fu_8076_p2   |         +|   0|  0|   17|          10|          10|
    |add_ln58_20204_fu_2619_p2   |         +|   0|  0|   15|           8|           8|
    |add_ln58_20205_fu_8085_p2   |         +|   0|  0|   16|           9|           9|
    |add_ln58_20206_fu_2625_p2   |         +|   0|  0|   15|           8|           8|
    |add_ln58_20207_fu_8098_p2   |         +|   0|  0|   16|           9|           9|
    |add_ln58_20208_fu_8108_p2   |         +|   0|  0|   17|          10|          10|
    |add_ln58_20209_fu_12134_p2  |         +|   0|  0|   18|          11|          11|
    |add_ln58_20210_fu_12144_p2  |         +|   0|  0|   20|          13|          13|
    |add_ln58_20211_fu_13986_p2  |         +|   0|  0|   16|          14|          14|
    |add_ln58_20212_fu_12153_p2  |         +|   0|  0|   18|          11|          11|
    |add_ln58_20213_fu_8114_p2   |         +|   0|  0|   16|           9|           9|
    |add_ln58_20214_fu_8124_p2   |         +|   0|  0|   17|          10|          10|
    |add_ln58_20215_fu_12165_p2  |         +|   0|  0|   17|          12|          12|
    |add_ln58_20216_fu_8130_p2   |         +|   0|  0|   16|           9|           9|
    |add_ln58_20217_fu_8140_p2   |         +|   0|  0|   17|          10|          10|
    |add_ln58_20218_fu_8146_p2   |         +|   0|  0|   17|          10|          10|
    |add_ln58_20219_fu_12177_p2  |         +|   0|  0|   18|          11|          11|
    |add_ln58_20220_fu_12187_p2  |         +|   0|  0|   17|          12|          12|
    |add_ln58_20221_fu_8152_p2   |         +|   0|  0|   16|           9|           9|
    |add_ln58_20222_fu_8162_p2   |         +|   0|  0|   17|          10|          10|
    |add_ln58_20223_fu_8168_p2   |         +|   0|  0|   16|           9|           9|
    |add_ln58_20224_fu_8180_p2   |         +|   0|  0|   17|          10|          10|
    |add_ln58_20225_fu_12199_p2  |         +|   0|  0|   17|          11|          11|
    |add_ln58_20226_fu_2637_p2   |         +|   0|  0|   15|           8|           8|
    |add_ln58_20227_fu_2647_p2   |         +|   0|  0|   16|           9|           9|
    |add_ln58_20228_fu_2653_p2   |         +|   0|  0|   15|           8|           8|
    |add_ln58_20229_fu_8192_p2   |         +|   0|  0|   16|           9|           9|
    |add_ln58_20230_fu_8202_p2   |         +|   0|  0|   17|          10|          10|
    |add_ln58_20231_fu_12208_p2  |         +|   0|  0|   17|          11|          11|
    |add_ln58_20232_fu_13998_p2  |         +|   0|  0|   20|          13|          13|
    |add_ln58_20233_fu_8208_p2   |         +|   0|  0|   16|           9|           9|
    |add_ln58_20234_fu_2659_p2   |         +|   0|  0|   15|           8|           8|
    |add_ln58_20235_fu_2669_p2   |         +|   0|  0|   15|           8|           8|
    |add_ln58_20236_fu_2679_p2   |         +|   0|  0|   16|           9|           9|
    |add_ln58_20237_fu_8221_p2   |         +|   0|  0|   17|          10|          10|
    |add_ln58_20238_fu_8227_p2   |         +|   0|  0|   16|           9|           9|
    |add_ln58_20239_fu_2685_p2   |         +|   0|  0|   15|           8|           8|
    |add_ln58_20240_fu_8240_p2   |         +|   0|  0|   16|           9|           9|
    |add_ln58_20241_fu_8250_p2   |         +|   0|  0|   17|          10|          10|
    |add_ln58_20242_fu_12220_p2  |         +|   0|  0|   18|          11|          11|
    |add_ln58_20243_fu_8256_p2   |         +|   0|  0|   16|           9|           9|
    |add_ln58_20244_fu_8266_p2   |         +|   0|  0|   17|          10|          10|
    |add_ln58_20245_fu_8272_p2   |         +|   0|  0|   16|           9|           9|
    |add_ln58_20246_fu_8282_p2   |         +|   0|  0|   16|           9|           9|
    |add_ln58_20247_fu_8292_p2   |         +|   0|  0|   17|          10|          10|
    |add_ln58_20248_fu_12236_p2  |         +|   0|  0|   18|          11|          11|
    |add_ln58_20249_fu_12246_p2  |         +|   0|  0|   19|          12|          12|
    |add_ln58_20250_fu_14011_p2  |         +|   0|  0|   21|          14|          14|
    |add_ln58_20251_fu_8302_p2   |         +|   0|  0|   18|          11|          11|
    |add_ln58_20252_fu_8308_p2   |         +|   0|  0|   17|          10|          10|
    |add_ln58_20253_fu_12258_p2  |         +|   0|  0|   19|          12|          12|
    |add_ln58_20254_fu_8314_p2   |         +|   0|  0|   16|           9|           9|
    |add_ln58_20255_fu_8324_p2   |         +|   0|  0|   17|          10|          10|
    |add_ln58_20256_fu_8330_p2   |         +|   0|  0|   17|          10|          10|
    |add_ln58_20257_fu_12274_p2  |         +|   0|  0|   18|          11|          11|
    |add_ln58_20258_fu_12284_p2  |         +|   0|  0|   20|          13|          13|
    |add_ln58_20259_fu_8336_p2   |         +|   0|  0|   17|          10|          10|
    |add_ln58_20260_fu_8342_p2   |         +|   0|  0|   16|           9|           9|
    |add_ln58_20261_fu_8352_p2   |         +|   0|  0|   17|          10|          10|
    |add_ln58_20262_fu_12296_p2  |         +|   0|  0|   18|          11|          11|
    |add_ln58_20263_fu_8358_p2   |         +|   0|  0|   17|          10|          10|
    |add_ln58_20264_fu_8364_p2   |         +|   0|  0|   17|          10|          10|
    |add_ln58_20265_fu_12312_p2  |         +|   0|  0|   18|          11|          11|
    |add_ln58_20266_fu_12322_p2  |         +|   0|  0|   19|          12|          12|
    |add_ln58_20267_fu_14023_p2  |         +|   0|  0|   16|          14|          14|
    |add_ln58_20268_fu_8370_p2   |         +|   0|  0|   17|          10|          10|
    |add_ln58_20269_fu_2691_p2   |         +|   0|  0|   16|           9|           9|
    |add_ln58_20270_fu_8379_p2   |         +|   0|  0|   17|          10|          10|
    |add_ln58_20271_fu_2697_p2   |         +|   0|  0|   15|           8|           8|
    |add_ln58_20272_fu_8388_p2   |         +|   0|  0|   16|           9|           9|
    |add_ln58_20273_fu_8398_p2   |         +|   0|  0|   16|           9|           9|
    |add_ln58_20274_fu_8408_p2   |         +|   0|  0|   17|          10|          10|
    |add_ln58_20275_fu_12334_p2  |         +|   0|  0|   19|          12|          12|
    |add_ln58_20276_fu_2703_p2   |         +|   0|  0|   16|           9|           9|
    |add_ln58_20277_fu_8417_p2   |         +|   0|  0|   16|           9|           9|
    |add_ln58_20278_fu_8427_p2   |         +|   0|  0|   17|          10|          10|
    |add_ln58_20279_fu_8433_p2   |         +|   0|  0|   16|           9|           9|
    |add_ln58_20280_fu_2709_p2   |         +|   0|  0|   15|           8|           8|
    |add_ln58_20281_fu_2719_p2   |         +|   0|  0|   15|           8|           8|
    |add_ln58_20282_fu_2729_p2   |         +|   0|  0|   16|           9|           9|
    |add_ln58_20283_fu_8446_p2   |         +|   0|  0|   17|          10|          10|
    |add_ln58_20284_fu_12350_p2  |         +|   0|  0|   18|          11|          11|
    |add_ln58_20285_fu_12360_p2  |         +|   0|  0|   20|          13|          13|
    |add_ln58_20286_fu_14032_p2  |         +|   0|  0|   16|          14|          14|
    |add_ln58_20287_fu_8452_p2   |         +|   0|  0|   17|          10|          10|
    |add_ln58_20288_fu_8458_p2   |         +|   0|  0|   17|          10|          10|
    |add_ln58_20289_fu_12372_p2  |         +|   0|  0|   18|          11|          11|
    |add_ln58_20290_fu_8464_p2   |         +|   0|  0|   17|          10|          10|
    |add_ln58_20291_fu_8470_p2   |         +|   0|  0|   16|           9|           9|
    |add_ln58_20292_fu_8480_p2   |         +|   0|  0|   17|          10|          10|
    |add_ln58_20293_fu_12388_p2  |         +|   0|  0|   18|          11|          11|
    |add_ln58_20294_fu_12398_p2  |         +|   0|  0|   19|          12|          12|
    |add_ln58_20295_fu_8486_p2   |         +|   0|  0|   17|          10|          10|
    |add_ln58_20296_fu_8492_p2   |         +|   0|  0|   17|          10|          10|
    |add_ln58_20297_fu_12410_p2  |         +|   0|  0|   18|          11|          11|
    |add_ln58_20298_fu_8498_p2   |         +|   0|  0|   17|          10|          10|
    |add_ln58_20299_fu_8504_p2   |         +|   0|  0|   17|          10|          10|
    |add_ln58_20300_fu_12426_p2  |         +|   0|  0|   18|          11|          11|
    |add_ln58_20301_fu_12436_p2  |         +|   0|  0|   19|          12|          12|
    |add_ln58_20302_fu_14044_p2  |         +|   0|  0|   20|          13|          13|
    |add_ln58_20303_fu_8510_p2   |         +|   0|  0|   17|          10|          10|
    |add_ln58_20304_fu_12445_p2  |         +|   0|  0|   18|          11|          11|
    |add_ln58_20305_fu_8516_p2   |         +|   0|  0|   16|           9|           9|
    |add_ln58_20306_fu_8524_p2   |         +|   0|  0|   17|          10|          10|
    |add_ln58_20307_fu_2735_p2   |         +|   0|  0|   15|           8|           8|
    |add_ln58_20308_fu_8533_p2   |         +|   0|  0|   16|           9|           9|
    |add_ln58_20309_fu_12461_p2  |         +|   0|  0|   18|          11|          11|
    |add_ln58_20310_fu_12471_p2  |         +|   0|  0|   19|          12|          12|
    |add_ln58_20311_fu_2741_p2   |         +|   0|  0|   15|           8|           8|
    |add_ln58_20312_fu_8541_p2   |         +|   0|  0|   16|           9|           9|
    |add_ln58_20313_fu_8551_p2   |         +|   0|  0|   16|           9|           9|
    |add_ln58_20314_fu_8561_p2   |         +|   0|  0|   17|          10|          10|
    |add_ln58_20315_fu_2747_p2   |         +|   0|  0|   15|           8|           8|
    |add_ln58_20316_fu_8570_p2   |         +|   0|  0|   16|           9|           9|
    |add_ln58_20317_fu_8580_p2   |         +|   0|  0|   16|           9|           9|
    |add_ln58_20318_fu_8590_p2   |         +|   0|  0|   17|          10|          10|
    |add_ln58_20319_fu_12483_p2  |         +|   0|  0|   18|          11|          11|
    |add_ln58_20320_fu_14060_p2  |         +|   0|  0|   20|          13|          13|
    |add_ln58_20321_fu_14070_p2  |         +|   0|  0|   21|          14|          14|
    |add_ln58_20322_fu_12489_p2  |         +|   0|  0|   17|          11|          11|
    |add_ln58_20323_fu_12496_p2  |         +|   0|  0|   17|          11|          11|
    |add_ln58_20324_fu_8596_p2   |         +|   0|  0|   17|          10|          10|
    |add_ln58_20325_fu_12509_p2  |         +|   0|  0|   18|          11|          11|
    |add_ln58_20326_fu_12519_p2  |         +|   0|  0|   19|          12|          12|
    |add_ln58_20327_fu_8602_p2   |         +|   0|  0|   17|          10|          10|
    |add_ln58_20328_fu_8608_p2   |         +|   0|  0|   17|          10|          10|
    |add_ln58_20329_fu_12531_p2  |         +|   0|  0|   18|          11|          11|
    |add_ln58_20330_fu_8614_p2   |         +|   0|  0|   16|           9|           9|
    |add_ln58_20331_fu_8624_p2   |         +|   0|  0|   17|          10|          10|
    |add_ln58_20332_fu_8630_p2   |         +|   0|  0|   16|           9|           9|
    |add_ln58_20333_fu_8639_p2   |         +|   0|  0|   17|          10|          10|
    |add_ln58_20334_fu_12547_p2  |         +|   0|  0|   18|          11|          11|
    |add_ln58_20335_fu_12557_p2  |         +|   0|  0|   19|          12|          12|
    |add_ln58_20336_fu_14082_p2  |         +|   0|  0|   20|          13|          13|
    |add_ln58_20337_fu_8648_p2   |         +|   0|  0|   16|           9|           9|
    |add_ln58_20338_fu_8657_p2   |         +|   0|  0|   16|           9|           9|
    |add_ln58_20339_fu_8667_p2   |         +|   0|  0|   18|          11|          11|
    |add_ln58_20340_fu_2753_p2   |         +|   0|  0|   15|           8|           8|
    |add_ln58_20341_fu_8676_p2   |         +|   0|  0|   16|           9|           9|
    |add_ln58_20342_fu_2759_p2   |         +|   0|  0|   15|           8|           8|
    |add_ln58_20343_fu_2769_p2   |         +|   0|  0|   16|           9|           9|
    |add_ln58_20344_fu_8689_p2   |         +|   0|  0|   17|          10|          10|
    |add_ln58_20345_fu_12569_p2  |         +|   0|  0|   19|          12|          12|
    |add_ln58_20346_fu_8695_p2   |         +|   0|  0|   16|           9|           9|
    |add_ln58_20347_fu_2775_p2   |         +|   0|  0|   15|           8|           8|
    |add_ln58_20348_fu_8708_p2   |         +|   0|  0|   16|           9|           9|
    |add_ln58_20349_fu_8718_p2   |         +|   0|  0|   17|          10|          10|
    |add_ln58_20350_fu_8724_p2   |         +|   0|  0|   16|           9|           9|
    |add_ln58_20351_fu_2781_p2   |         +|   0|  0|   15|           8|           8|
    |add_ln58_20352_fu_8737_p2   |         +|   0|  0|   16|           9|           9|
    |add_ln58_20353_fu_8747_p2   |         +|   0|  0|   17|          10|          10|
    |add_ln58_20354_fu_12585_p2  |         +|   0|  0|   18|          11|          11|
    |add_ln58_20355_fu_12595_p2  |         +|   0|  0|   20|          13|          13|
    |add_ln58_20356_fu_14095_p2  |         +|   0|  0|   21|          14|          14|
    |add_ln58_20357_fu_8753_p2   |         +|   0|  0|   17|          10|          10|
    |add_ln58_20358_fu_8759_p2   |         +|   0|  0|   16|           9|           9|
    |add_ln58_20359_fu_8769_p2   |         +|   0|  0|   17|          10|          10|
    |add_ln58_20360_fu_12607_p2  |         +|   0|  0|   18|          11|          11|
    |add_ln58_20361_fu_8775_p2   |         +|   0|  0|   16|           9|           9|
    |add_ln58_20362_fu_8785_p2   |         +|   0|  0|   17|          10|          10|
    |add_ln58_20363_fu_12620_p2  |         +|   0|  0|   18|          11|          11|
    |add_ln58_20364_fu_12630_p2  |         +|   0|  0|   19|          12|          12|
    |add_ln58_20365_fu_8791_p2   |         +|   0|  0|   17|          10|          10|
    |add_ln58_20366_fu_8797_p2   |         +|   0|  0|   17|          10|          10|
    |add_ln58_20367_fu_12642_p2  |         +|   0|  0|   17|          11|          11|
    |add_ln58_20368_fu_8806_p2   |         +|   0|  0|   16|           9|           9|
    |add_ln58_20369_fu_8816_p2   |         +|   0|  0|   16|           9|           9|
    |add_ln58_20370_fu_8826_p2   |         +|   0|  0|   17|          10|          10|
    |add_ln58_20371_fu_12651_p2  |         +|   0|  0|   17|          11|          11|
    |add_ln58_20372_fu_14107_p2  |         +|   0|  0|   20|          13|          13|
    |add_ln58_20373_fu_2787_p2   |         +|   0|  0|   16|           9|           9|
    |add_ln58_20374_fu_8835_p2   |         +|   0|  0|   16|           9|           9|
    |add_ln58_20375_fu_8845_p2   |         +|   0|  0|   17|          10|          10|
    |add_ln58_20376_fu_8851_p2   |         +|   0|  0|   16|           9|           9|
    |add_ln58_20377_fu_8861_p2   |         +|   0|  0|   16|           9|           9|
    |add_ln58_20378_fu_8871_p2   |         +|   0|  0|   17|          10|          10|
    |add_ln58_20379_fu_12663_p2  |         +|   0|  0|   18|          11|          11|
    |add_ln58_20380_fu_8877_p2   |         +|   0|  0|   16|           9|           9|
    |add_ln58_20381_fu_2793_p2   |         +|   0|  0|   15|           8|           8|
    |add_ln58_20382_fu_8890_p2   |         +|   0|  0|   16|           9|           9|
    |add_ln58_20383_fu_8900_p2   |         +|   0|  0|   17|          10|          10|
    |add_ln58_20384_fu_2799_p2   |         +|   0|  0|   15|           8|           8|
    |add_ln58_20385_fu_8909_p2   |         +|   0|  0|   16|           9|           9|
    |add_ln58_20386_fu_8919_p2   |         +|   0|  0|   16|           9|           9|
    |add_ln58_20387_fu_8929_p2   |         +|   0|  0|   17|          10|          10|
    |add_ln58_20388_fu_12679_p2  |         +|   0|  0|   18|          11|          11|
    |add_ln58_20389_fu_12689_p2  |         +|   0|  0|   19|          12|          12|
    |add_ln58_20390_fu_14120_p2  |         +|   0|  0|   21|          14|          14|
    |add_ln58_20391_fu_8935_p2   |         +|   0|  0|   18|          11|          11|
    |add_ln58_20392_fu_8941_p2   |         +|   0|  0|   17|          10|          10|
    |add_ln58_20393_fu_12701_p2  |         +|   0|  0|   19|          12|          12|
    |add_ln58_20394_fu_8947_p2   |         +|   0|  0|   17|          10|          10|
    |add_ln58_20395_fu_8953_p2   |         +|   0|  0|   16|           9|           9|
    |add_ln58_20396_fu_8963_p2   |         +|   0|  0|   17|          10|          10|
    |add_ln58_20397_fu_12713_p2  |         +|   0|  0|   18|          11|          11|
    |add_ln58_20398_fu_14132_p2  |         +|   0|  0|   17|          13|          13|
    |add_ln58_20399_fu_8969_p2   |         +|   0|  0|   17|          10|          10|
    |add_ln58_20400_fu_8975_p2   |         +|   0|  0|   17|          10|          10|
    |add_ln58_20401_fu_12725_p2  |         +|   0|  0|   18|          11|          11|
    |add_ln58_20402_fu_8981_p2   |         +|   0|  0|   17|          10|          10|
    |add_ln58_20403_fu_8987_p2   |         +|   0|  0|   17|          10|          10|
    |add_ln58_20404_fu_12741_p2  |         +|   0|  0|   18|          11|          11|
    |add_ln58_20405_fu_12751_p2  |         +|   0|  0|   19|          12|          12|
    |add_ln58_20406_fu_14141_p2  |         +|   0|  0|   17|          13|          13|
    |add_ln58_20407_fu_8993_p2   |         +|   0|  0|   16|           9|           9|
    |add_ln58_20408_fu_9003_p2   |         +|   0|  0|   17|          10|          10|
    |add_ln58_20409_fu_9009_p2   |         +|   0|  0|   16|           9|           9|
    |add_ln58_20410_fu_9017_p2   |         +|   0|  0|   17|          10|          10|
    |add_ln58_20411_fu_12763_p2  |         +|   0|  0|   17|          11|          11|
    |add_ln58_20412_fu_2805_p2   |         +|   0|  0|   15|           8|           8|
    |add_ln58_20413_fu_9026_p2   |         +|   0|  0|   16|           9|           9|
    |add_ln58_20414_fu_9036_p2   |         +|   0|  0|   16|           9|           9|
    |add_ln58_20415_fu_9046_p2   |         +|   0|  0|   17|          10|          10|
    |add_ln58_20416_fu_12772_p2  |         +|   0|  0|   17|          11|          11|
    |add_ln58_20417_fu_2811_p2   |         +|   0|  0|   15|           8|           8|
    |add_ln58_20418_fu_2821_p2   |         +|   0|  0|   16|           9|           9|
    |add_ln58_20419_fu_9055_p2   |         +|   0|  0|   16|           9|           9|
    |add_ln58_20420_fu_9065_p2   |         +|   0|  0|   17|          10|          10|
    |add_ln58_20421_fu_9071_p2   |         +|   0|  0|   16|           9|           9|
    |add_ln58_20422_fu_9081_p2   |         +|   0|  0|   17|          10|          10|
    |add_ln58_20423_fu_12788_p2  |         +|   0|  0|   18|          11|          11|
    |add_ln58_20424_fu_12798_p2  |         +|   0|  0|   20|          13|          13|
    |add_ln58_20425_fu_14154_p2  |         +|   0|  0|   21|          14|          14|
    |add_ln58_20426_fu_12804_p2  |         +|   0|  0|   18|          11|          11|
    |add_ln58_20427_fu_9087_p2   |         +|   0|  0|   17|          10|          10|
    |add_ln58_20428_fu_12816_p2  |         +|   0|  0|   19|          12|          12|
    |add_ln58_20429_fu_9093_p2   |         +|   0|  0|   17|          10|          10|
    |add_ln58_20430_fu_9099_p2   |         +|   0|  0|   17|          10|          10|
    |add_ln58_20431_fu_12828_p2  |         +|   0|  0|   18|          11|          11|
    |add_ln58_20432_fu_14166_p2  |         +|   0|  0|   20|          13|          13|
    |add_ln58_20433_fu_9105_p2   |         +|   0|  0|   17|          10|          10|
    |add_ln58_20434_fu_9111_p2   |         +|   0|  0|   16|           9|           9|
    |add_ln58_20435_fu_9121_p2   |         +|   0|  0|   17|          10|          10|
    |add_ln58_20436_fu_12840_p2  |         +|   0|  0|   18|          11|          11|
    |add_ln58_20437_fu_9127_p2   |         +|   0|  0|   16|           9|           9|
    |add_ln58_20438_fu_9136_p2   |         +|   0|  0|   17|          10|          10|
    |add_ln58_20439_fu_12853_p2  |         +|   0|  0|   18|          11|          11|
    |add_ln58_20440_fu_12863_p2  |         +|   0|  0|   19|          12|          12|
    |add_ln58_20441_fu_14175_p2  |         +|   0|  0|   17|          13|          13|
    |add_ln58_20442_fu_9142_p2   |         +|   0|  0|   16|           9|           9|
    |add_ln58_20443_fu_2827_p2   |         +|   0|  0|   15|           8|           8|
    |add_ln58_20444_fu_9154_p2   |         +|   0|  0|   16|           9|           9|
    |add_ln58_20445_fu_9164_p2   |         +|   0|  0|   18|          11|          11|
    |add_ln58_20446_fu_9170_p2   |         +|   0|  0|   16|           9|           9|
    |add_ln58_20447_fu_9180_p2   |         +|   0|  0|   16|           9|           9|
    |add_ln58_20448_fu_9190_p2   |         +|   0|  0|   17|          10|          10|
    |add_ln58_20449_fu_12875_p2  |         +|   0|  0|   19|          12|          12|
    |add_ln58_20450_fu_2833_p2   |         +|   0|  0|   15|           8|           8|
    |add_ln58_20451_fu_2843_p2   |         +|   0|  0|   16|           9|           9|
    |add_ln58_20452_fu_2849_p2   |         +|   0|  0|   15|           8|           8|
    |add_ln58_20453_fu_2859_p2   |         +|   0|  0|   16|           9|           9|
    |add_ln58_20454_fu_9202_p2   |         +|   0|  0|   17|          10|          10|
    |add_ln58_20455_fu_9208_p2   |         +|   0|  0|   16|           9|           9|
    |add_ln58_20456_fu_9218_p2   |         +|   0|  0|   16|           9|           9|
    |add_ln58_20457_fu_9228_p2   |         +|   0|  0|   17|          10|          10|
    |add_ln58_20458_fu_12891_p2  |         +|   0|  0|   18|          11|          11|
    |add_ln58_20459_fu_12901_p2  |         +|   0|  0|   20|          13|          13|
    |add_ln58_20460_fu_14181_p2  |         +|   0|  0|   17|          13|          13|
    |add_ln58_20461_fu_12910_p2  |         +|   0|  0|   18|          11|          11|
    |add_ln58_20462_fu_12923_p2  |         +|   0|  0|   17|          12|          12|
    |add_ln58_20463_fu_9234_p2   |         +|   0|  0|   17|          10|          10|
    |add_ln58_20464_fu_9240_p2   |         +|   0|  0|   17|          10|          10|
    |add_ln58_20465_fu_12935_p2  |         +|   0|  0|   18|          11|          11|
    |add_ln58_20466_fu_12945_p2  |         +|   0|  0|   17|          12|          12|
    |add_ln58_20467_fu_9246_p2   |         +|   0|  0|   17|          10|          10|
    |add_ln58_20468_fu_9252_p2   |         +|   0|  0|   17|          10|          10|
    |add_ln58_20469_fu_12957_p2  |         +|   0|  0|   18|          11|          11|
    |add_ln58_20470_fu_9258_p2   |         +|   0|  0|   16|           9|           9|
    |add_ln58_20471_fu_9268_p2   |         +|   0|  0|   17|          10|          10|
    |add_ln58_20472_fu_9274_p2   |         +|   0|  0|   16|           9|           9|
    |add_ln58_20473_fu_9284_p2   |         +|   0|  0|   17|          10|          10|
    |add_ln58_20474_fu_12973_p2  |         +|   0|  0|   18|          11|          11|
    |add_ln58_20475_fu_12983_p2  |         +|   0|  0|   19|          12|          12|
    |add_ln58_20476_fu_14196_p2  |         +|   0|  0|   17|          13|          13|
    |add_ln58_20477_fu_9290_p2   |         +|   0|  0|   16|           9|           9|
    |add_ln58_20478_fu_2865_p2   |         +|   0|  0|   15|           8|           8|
    |add_ln58_20479_fu_2875_p2   |         +|   0|  0|   15|           8|           8|
    |add_ln58_20480_fu_2885_p2   |         +|   0|  0|   16|           9|           9|
    |add_ln58_20481_fu_9302_p2   |         +|   0|  0|   18|          11|          11|
    |add_ln58_20482_fu_2891_p2   |         +|   0|  0|   15|           8|           8|
    |add_ln58_20483_fu_2901_p2   |         +|   0|  0|   15|           8|           8|
    |add_ln58_20484_fu_2911_p2   |         +|   0|  0|   16|           9|           9|
    |add_ln58_20485_fu_9311_p2   |         +|   0|  0|   16|           9|           9|
    |add_ln58_20486_fu_9321_p2   |         +|   0|  0|   17|          10|          10|
    |add_ln58_20487_fu_12995_p2  |         +|   0|  0|   19|          12|          12|
    |add_ln58_20488_fu_9327_p2   |         +|   0|  0|   16|           9|           9|
    |add_ln58_20489_fu_2917_p2   |         +|   0|  0|   15|           8|           8|
    |add_ln58_20490_fu_9340_p2   |         +|   0|  0|   16|           9|           9|
    |add_ln58_20491_fu_9350_p2   |         +|   0|  0|   17|          10|          10|
    |add_ln58_20492_fu_2923_p2   |         +|   0|  0|   15|           8|           8|
    |add_ln58_20493_fu_9359_p2   |         +|   0|  0|   16|           9|           9|
    |add_ln58_20494_fu_9369_p2   |         +|   0|  0|   16|           9|           9|
    |add_ln58_20495_fu_9379_p2   |         +|   0|  0|   17|          10|          10|
    |add_ln58_20496_fu_13011_p2  |         +|   0|  0|   18|          11|          11|
    |add_ln58_20497_fu_13021_p2  |         +|   0|  0|   20|          13|          13|
    |add_ln58_20498_fu_14202_p2  |         +|   0|  0|   17|          13|          13|
    |add_ln58_20499_fu_9385_p2   |         +|   0|  0|   16|           9|           9|
    |add_ln58_20500_fu_9395_p2   |         +|   0|  0|   18|          11|          11|
    |add_ln58_20501_fu_9401_p2   |         +|   0|  0|   17|          10|          10|
    |add_ln58_20502_fu_13033_p2  |         +|   0|  0|   19|          12|          12|
    |add_ln58_20503_fu_9407_p2   |         +|   0|  0|   17|          10|          10|
    |add_ln58_20504_fu_9413_p2   |         +|   0|  0|   17|          10|          10|
    |add_ln58_20505_fu_13049_p2  |         +|   0|  0|   18|          11|          11|
    |add_ln58_20506_fu_13059_p2  |         +|   0|  0|   20|          13|          13|
    |add_ln58_20507_fu_9419_p2   |         +|   0|  0|   17|          10|          10|
    |add_ln58_20508_fu_13068_p2  |         +|   0|  0|   18|          11|          11|
    |add_ln58_20509_fu_9425_p2   |         +|   0|  0|   17|          10|          10|
    |add_ln58_20510_fu_9431_p2   |         +|   0|  0|   16|           9|           9|
    |add_ln58_20511_fu_9439_p2   |         +|   0|  0|   17|          10|          10|
    |add_ln58_20512_fu_13084_p2  |         +|   0|  0|   18|          11|          11|
    |add_ln58_20513_fu_13094_p2  |         +|   0|  0|   19|          12|          12|
    |add_ln58_20514_fu_14217_p2  |         +|   0|  0|   16|          14|          14|
    |add_ln58_20515_fu_9445_p2   |         +|   0|  0|   16|           9|           9|
    |add_ln58_20516_fu_9453_p2   |         +|   0|  0|   18|          10|          10|
    |add_ln58_20517_fu_2929_p2   |         +|   0|  0|   15|           8|           8|
    |add_ln58_20518_fu_2939_p2   |         +|   0|  0|   16|           9|           9|
    |add_ln58_20519_fu_9462_p2   |         +|   0|  0|   18|          10|          10|
    |add_ln58_20520_fu_2945_p2   |         +|   0|  0|   15|           8|           8|
    |add_ln58_20521_fu_9471_p2   |         +|   0|  0|   16|           9|           9|
    |add_ln58_20522_fu_9481_p2   |         +|   0|  0|   16|           9|           9|
    |add_ln58_20523_fu_9491_p2   |         +|   0|  0|   17|          10|          10|
    |add_ln58_20524_fu_13106_p2  |         +|   0|  0|   19|          12|          12|
    |add_ln58_20525_fu_9497_p2   |         +|   0|  0|   16|           9|           9|
    |add_ln58_20526_fu_2951_p2   |         +|   0|  0|   15|           8|           8|
    |add_ln58_20527_fu_9510_p2   |         +|   0|  0|   16|           9|           9|
    |add_ln58_20528_fu_9520_p2   |         +|   0|  0|   17|          10|          10|
    |add_ln58_20529_fu_9526_p2   |         +|   0|  0|   16|           9|           9|
    |add_ln58_20530_fu_2957_p2   |         +|   0|  0|   15|           8|           8|
    |add_ln58_20531_fu_9539_p2   |         +|   0|  0|   16|           9|           9|
    |add_ln58_20532_fu_9549_p2   |         +|   0|  0|   17|          10|          10|
    |add_ln58_20533_fu_13122_p2  |         +|   0|  0|   18|          11|          11|
    |add_ln58_20534_fu_13132_p2  |         +|   0|  0|   20|          13|          13|
    |add_ln58_20535_fu_14226_p2  |         +|   0|  0|   16|          14|          14|
    |add_ln58_20536_fu_9555_p2   |         +|   0|  0|   16|           9|           9|
    |add_ln58_20537_fu_9565_p2   |         +|   0|  0|   17|          10|          10|
    |add_ln58_20538_fu_9571_p2   |         +|   0|  0|   16|           9|           9|
    |add_ln58_20539_fu_9581_p2   |         +|   0|  0|   17|          10|          10|
    |add_ln58_20540_fu_13144_p2  |         +|   0|  0|   18|          11|          11|
    |add_ln58_20541_fu_9587_p2   |         +|   0|  0|   17|          10|          10|
    |add_ln58_20542_fu_9593_p2   |         +|   0|  0|   17|          10|          10|
    |add_ln58_20543_fu_13160_p2  |         +|   0|  0|   18|          11|          11|
    |add_ln58_20544_fu_13170_p2  |         +|   0|  0|   19|          12|          12|
    |add_ln58_20545_fu_9599_p2   |         +|   0|  0|   17|          10|          10|
    |add_ln58_20546_fu_9605_p2   |         +|   0|  0|   17|          10|          10|
    |add_ln58_20547_fu_13182_p2  |         +|   0|  0|   18|          11|          11|
    |add_ln58_20548_fu_9611_p2   |         +|   0|  0|   17|          10|          10|
    |add_ln58_20549_fu_9617_p2   |         +|   0|  0|   16|           9|           9|
    |add_ln58_20550_fu_9625_p2   |         +|   0|  0|   17|          10|          10|
    |add_ln58_20551_fu_13198_p2  |         +|   0|  0|   18|          11|          11|
    |add_ln58_20552_fu_13208_p2  |         +|   0|  0|   19|          12|          12|
    |add_ln58_20553_fu_14238_p2  |         +|   0|  0|   20|          13|          13|
    |add_ln58_20554_fu_9631_p2   |         +|   0|  0|   18|          10|          10|
    |add_ln58_20555_fu_2963_p2   |         +|   0|  0|   15|           8|           8|
    |add_ln58_20556_fu_2973_p2   |         +|   0|  0|   16|           9|           9|
    |add_ln58_20557_fu_9640_p2   |         +|   0|  0|   18|          10|          10|
    |add_ln58_20558_fu_9646_p2   |         +|   0|  0|   16|           9|           9|
    |add_ln58_20559_fu_9655_p2   |         +|   0|  0|   16|           9|           9|
    |add_ln58_20560_fu_9665_p2   |         +|   0|  0|   17|          10|          10|
    |add_ln58_20561_fu_13220_p2  |         +|   0|  0|   19|          12|          12|
    |add_ln58_20562_fu_2979_p2   |         +|   0|  0|   16|           9|           9|
    |add_ln58_20563_fu_9674_p2   |         +|   0|  0|   16|           9|           9|
    |add_ln58_20564_fu_9684_p2   |         +|   0|  0|   17|          10|          10|
    |add_ln58_20565_fu_2985_p2   |         +|   0|  0|   15|           8|           8|
    |add_ln58_20566_fu_2995_p2   |         +|   0|  0|   16|           9|           9|
    |add_ln58_20567_fu_3001_p2   |         +|   0|  0|   15|           8|           8|
    |add_ln58_20568_fu_9696_p2   |         +|   0|  0|   16|           9|           9|
    |add_ln58_20569_fu_9706_p2   |         +|   0|  0|   17|          10|          10|
    |add_ln58_20570_fu_13236_p2  |         +|   0|  0|   18|          11|          11|
    |add_ln58_20571_fu_13246_p2  |         +|   0|  0|   20|          13|          13|
    |add_ln58_20572_fu_14251_p2  |         +|   0|  0|   21|          14|          14|
    |add_ln58_20573_fu_13252_p2  |         +|   0|  0|   18|          11|          11|
    |add_ln58_20574_fu_9712_p2   |         +|   0|  0|   16|           9|           9|
    |add_ln58_20575_fu_9722_p2   |         +|   0|  0|   17|          10|          10|
    |add_ln58_20576_fu_13264_p2  |         +|   0|  0|   19|          12|          12|
    |add_ln58_20577_fu_9728_p2   |         +|   0|  0|   17|          10|          10|
    |add_ln58_20578_fu_9734_p2   |         +|   0|  0|   17|          10|          10|
    |add_ln58_20579_fu_13276_p2  |         +|   0|  0|   18|          11|          11|
    |add_ln58_20580_fu_14263_p2  |         +|   0|  0|   17|          13|          13|
    |add_ln58_20581_fu_9740_p2   |         +|   0|  0|   16|           9|           9|
    |add_ln58_20582_fu_9750_p2   |         +|   0|  0|   17|          10|          10|
    |add_ln58_20583_fu_9756_p2   |         +|   0|  0|   17|          10|          10|
    |add_ln58_20584_fu_13288_p2  |         +|   0|  0|   18|          11|          11|
    |add_ln58_20585_fu_9768_p2   |         +|   0|  0|   18|          10|          10|
    |add_ln58_20586_fu_9774_p2   |         +|   0|  0|   18|          10|          10|
    |add_ln58_20587_fu_13301_p2  |         +|   0|  0|   19|          12|          12|
    |add_ln58_20588_fu_14272_p2  |         +|   0|  0|   17|          13|          13|
    |add_ln58_20589_fu_3013_p2   |         +|   0|  0|   15|           8|           8|
    |add_ln58_20590_fu_9783_p2   |         +|   0|  0|   16|           9|           9|
    |add_ln58_20591_fu_9793_p2   |         +|   0|  0|   17|          10|          10|
    |add_ln58_20592_fu_9799_p2   |         +|   0|  0|   16|           9|           9|
    |add_ln58_20593_fu_9809_p2   |         +|   0|  0|   16|           9|           9|
    |add_ln58_20594_fu_9819_p2   |         +|   0|  0|   17|          10|          10|
    |add_ln58_20595_fu_13313_p2  |         +|   0|  0|   18|          11|          11|
    |add_ln58_20596_fu_3019_p2   |         +|   0|  0|   15|           8|           8|
    |add_ln58_20597_fu_3029_p2   |         +|   0|  0|   16|           9|           9|
    |add_ln58_20598_fu_9828_p2   |         +|   0|  0|   16|           9|           9|
    |add_ln58_20599_fu_9838_p2   |         +|   0|  0|   17|          10|          10|
    |add_ln58_20600_fu_9844_p2   |         +|   0|  0|   16|           9|           9|
    |add_ln58_20601_fu_9854_p2   |         +|   0|  0|   16|           9|           9|
    |add_ln58_20602_fu_9864_p2   |         +|   0|  0|   17|          10|          10|
    |add_ln58_20603_fu_13329_p2  |         +|   0|  0|   18|          11|          11|
    |add_ln58_20604_fu_13339_p2  |         +|   0|  0|   19|          12|          12|
    |add_ln58_20605_fu_14285_p2  |         +|   0|  0|   21|          14|          14|
    |add_ln58_20606_fu_9870_p2   |         +|   0|  0|   17|          10|          10|
    |add_ln58_20607_fu_13351_p2  |         +|   0|  0|   18|          11|          11|
    |add_ln58_20608_fu_9876_p2   |         +|   0|  0|   17|          10|          10|
    |add_ln58_20609_fu_9882_p2   |         +|   0|  0|   16|           9|           9|
    |add_ln58_20610_fu_9892_p2   |         +|   0|  0|   17|          10|          10|
    |add_ln58_20611_fu_13367_p2  |         +|   0|  0|   18|          11|          11|
    |add_ln58_20612_fu_13377_p2  |         +|   0|  0|   19|          12|          12|
    |add_ln58_20613_fu_9898_p2   |         +|   0|  0|   17|          10|          10|
    |add_ln58_20614_fu_9904_p2   |         +|   0|  0|   16|           9|           9|
    |add_ln58_20615_fu_9914_p2   |         +|   0|  0|   17|          10|          10|
    |add_ln58_20616_fu_13389_p2  |         +|   0|  0|   18|          11|          11|
    |add_ln58_20617_fu_9920_p2   |         +|   0|  0|   16|           9|           9|
    |add_ln58_20618_fu_9930_p2   |         +|   0|  0|   17|          10|          10|
    |add_ln58_20619_fu_9936_p2   |         +|   0|  0|   17|          10|          10|
    |add_ln58_20620_fu_13405_p2  |         +|   0|  0|   18|          11|          11|
    |add_ln58_20621_fu_13415_p2  |         +|   0|  0|   19|          12|          12|
    |add_ln58_20622_fu_14297_p2  |         +|   0|  0|   20|          13|          13|
    |add_ln58_20623_fu_9942_p2   |         +|   0|  0|   17|          10|          10|
    |add_ln58_20624_fu_9952_p2   |         +|   0|  0|   18|           9|           9|
    |add_ln58_20625_fu_3035_p2   |         +|   0|  0|   15|           8|           8|
    |add_ln58_20626_fu_9959_p2   |         +|   0|  0|   18|           9|           9|
    |add_ln58_20627_fu_9969_p2   |         +|   0|  0|   18|          11|          11|
    |add_ln58_20628_fu_3040_p2   |         +|   0|  0|   15|           8|           8|
    |add_ln58_20629_fu_9978_p2   |         +|   0|  0|   16|           9|           9|
    |add_ln58_20630_fu_9988_p2   |         +|   0|  0|   17|          10|          10|
    |add_ln58_20631_fu_13427_p2  |         +|   0|  0|   19|          12|          12|
    |add_ln58_20632_fu_9994_p2   |         +|   0|  0|   16|           9|           9|
    |add_ln58_20633_fu_3046_p2   |         +|   0|  0|   15|           8|           8|
    |add_ln58_20634_fu_10007_p2  |         +|   0|  0|   16|           9|           9|
    |add_ln58_20635_fu_10017_p2  |         +|   0|  0|   17|          10|          10|
    |add_ln58_20636_fu_3052_p2   |         +|   0|  0|   15|           8|           8|
    |add_ln58_20637_fu_10026_p2  |         +|   0|  0|   16|           9|           9|
    |add_ln58_20638_fu_10036_p2  |         +|   0|  0|   17|          10|          10|
    |add_ln58_20639_fu_13443_p2  |         +|   0|  0|   18|          11|          11|
    |add_ln58_20640_fu_13453_p2  |         +|   0|  0|   20|          13|          13|
    |add_ln58_20641_fu_14310_p2  |         +|   0|  0|   21|          14|          14|
    |add_ln58_fu_568_p2          |         +|   0|  0|   15|           8|           8|
    |sub_ln58_283_fu_562_p2      |         -|   0|  0|   15|           8|           8|
    |sub_ln58_284_fu_594_p2      |         -|   0|  0|   16|           9|           9|
    |sub_ln58_285_fu_1215_p2     |         -|   0|  0|   15|           8|           8|
    |sub_ln58_286_fu_1263_p2     |         -|   0|  0|   15|           8|           8|
    |sub_ln58_287_fu_1294_p2     |         -|   0|  0|   15|           8|           8|
    |sub_ln58_288_fu_1303_p2     |         -|   0|  0|   15|           8|           8|
    |sub_ln58_289_fu_1309_p2     |         -|   0|  0|   15|           8|           8|
    |sub_ln58_290_fu_1315_p2     |         -|   0|  0|   15|           8|           8|
    |sub_ln58_291_fu_1396_p2     |         -|   0|  0|   15|           8|           8|
    |sub_ln58_292_fu_1496_p2     |         -|   0|  0|   15|           8|           8|
    |sub_ln58_293_fu_1764_p2     |         -|   0|  0|   15|           8|           8|
    |sub_ln58_294_fu_1844_p2     |         -|   0|  0|   15|           8|           8|
    |sub_ln58_295_fu_1990_p2     |         -|   0|  0|   15|           8|           8|
    |sub_ln58_296_fu_2116_p2     |         -|   0|  0|   15|           8|           8|
    |sub_ln58_297_fu_6720_p2     |         -|   0|  0|   16|           1|           9|
    |sub_ln58_298_fu_2298_p2     |         -|   0|  0|   15|           8|           8|
    |sub_ln58_299_fu_2399_p2     |         -|   0|  0|   15|           8|           8|
    |sub_ln58_300_fu_2447_p2     |         -|   0|  0|   15|           8|           8|
    |sub_ln58_301_fu_2547_p2     |         -|   0|  0|   15|           8|           8|
    |sub_ln58_302_fu_2631_p2     |         -|   0|  0|   15|           8|           8|
    |sub_ln58_303_fu_3007_p2     |         -|   0|  0|   15|           8|           8|
    |sub_ln58_fu_578_p2          |         -|   0|  0|   16|           1|           9|
    |sub_ln73_794_fu_556_p2      |         -|   0|  0|   15|           1|           8|
    |sub_ln73_795_fu_603_p2      |         -|   0|  0|   15|           1|           8|
    |sub_ln73_796_fu_612_p2      |         -|   0|  0|   15|           1|           8|
    |sub_ln73_797_fu_621_p2      |         -|   0|  0|   15|           1|           8|
    |sub_ln73_798_fu_630_p2      |         -|   0|  0|   15|           1|           8|
    |sub_ln73_799_fu_639_p2      |         -|   0|  0|   15|           1|           8|
    |sub_ln73_800_fu_648_p2      |         -|   0|  0|   15|           1|           8|
    |sub_ln73_801_fu_657_p2      |         -|   0|  0|   15|           1|           8|
    |sub_ln73_802_fu_666_p2      |         -|   0|  0|   15|           1|           8|
    |sub_ln73_803_fu_675_p2      |         -|   0|  0|   15|           1|           8|
    |sub_ln73_804_fu_684_p2      |         -|   0|  0|   15|           1|           8|
    |sub_ln73_805_fu_693_p2      |         -|   0|  0|   15|           1|           8|
    |sub_ln73_806_fu_702_p2      |         -|   0|  0|   15|           1|           8|
    |sub_ln73_807_fu_711_p2      |         -|   0|  0|   15|           1|           8|
    |sub_ln73_808_fu_720_p2      |         -|   0|  0|   15|           1|           8|
    |sub_ln73_809_fu_729_p2      |         -|   0|  0|   15|           1|           8|
    |sub_ln73_810_fu_738_p2      |         -|   0|  0|   15|           1|           8|
    |sub_ln73_811_fu_747_p2      |         -|   0|  0|   15|           1|           8|
    |sub_ln73_812_fu_756_p2      |         -|   0|  0|   15|           1|           8|
    |sub_ln73_813_fu_765_p2      |         -|   0|  0|   15|           1|           8|
    |sub_ln73_814_fu_774_p2      |         -|   0|  0|   15|           1|           8|
    |sub_ln73_815_fu_783_p2      |         -|   0|  0|   15|           1|           8|
    |sub_ln73_816_fu_792_p2      |         -|   0|  0|   15|           1|           8|
    |sub_ln73_817_fu_801_p2      |         -|   0|  0|   15|           1|           8|
    |sub_ln73_818_fu_810_p2      |         -|   0|  0|   15|           1|           8|
    |sub_ln73_819_fu_819_p2      |         -|   0|  0|   15|           1|           8|
    |sub_ln73_820_fu_828_p2      |         -|   0|  0|   15|           1|           8|
    |sub_ln73_821_fu_837_p2      |         -|   0|  0|   15|           1|           8|
    |sub_ln73_822_fu_846_p2      |         -|   0|  0|   15|           1|           8|
    |sub_ln73_823_fu_855_p2      |         -|   0|  0|   15|           1|           8|
    |sub_ln73_824_fu_864_p2      |         -|   0|  0|   15|           1|           8|
    |sub_ln73_825_fu_873_p2      |         -|   0|  0|   15|           1|           8|
    |sub_ln73_826_fu_882_p2      |         -|   0|  0|   15|           1|           8|
    |sub_ln73_827_fu_891_p2      |         -|   0|  0|   15|           1|           8|
    |sub_ln73_828_fu_900_p2      |         -|   0|  0|   15|           1|           8|
    |sub_ln73_829_fu_909_p2      |         -|   0|  0|   15|           1|           8|
    |sub_ln73_830_fu_918_p2      |         -|   0|  0|   15|           1|           8|
    |sub_ln73_831_fu_927_p2      |         -|   0|  0|   15|           1|           8|
    |sub_ln73_832_fu_936_p2      |         -|   0|  0|   15|           1|           8|
    |sub_ln73_833_fu_945_p2      |         -|   0|  0|   15|           1|           8|
    |sub_ln73_834_fu_954_p2      |         -|   0|  0|   15|           1|           8|
    |sub_ln73_835_fu_963_p2      |         -|   0|  0|   15|           1|           8|
    |sub_ln73_836_fu_972_p2      |         -|   0|  0|   15|           1|           8|
    |sub_ln73_837_fu_981_p2      |         -|   0|  0|   15|           1|           8|
    |sub_ln73_838_fu_990_p2      |         -|   0|  0|   15|           1|           8|
    |sub_ln73_839_fu_999_p2      |         -|   0|  0|   15|           1|           8|
    |sub_ln73_840_fu_1008_p2     |         -|   0|  0|   15|           1|           8|
    |sub_ln73_841_fu_1017_p2     |         -|   0|  0|   15|           1|           8|
    |sub_ln73_842_fu_1026_p2     |         -|   0|  0|   15|           1|           8|
    |sub_ln73_843_fu_1035_p2     |         -|   0|  0|   15|           1|           8|
    |sub_ln73_844_fu_1044_p2     |         -|   0|  0|   15|           1|           8|
    |sub_ln73_845_fu_1053_p2     |         -|   0|  0|   15|           1|           8|
    |sub_ln73_846_fu_1062_p2     |         -|   0|  0|   15|           1|           8|
    |sub_ln73_847_fu_1071_p2     |         -|   0|  0|   15|           1|           8|
    |sub_ln73_848_fu_1080_p2     |         -|   0|  0|   15|           1|           8|
    |sub_ln73_849_fu_1089_p2     |         -|   0|  0|   15|           1|           8|
    |sub_ln73_850_fu_1098_p2     |         -|   0|  0|   15|           1|           8|
    |sub_ln73_851_fu_1107_p2     |         -|   0|  0|   15|           1|           8|
    |sub_ln73_852_fu_1116_p2     |         -|   0|  0|   15|           1|           8|
    |sub_ln73_853_fu_1125_p2     |         -|   0|  0|   15|           1|           8|
    |sub_ln73_854_fu_1134_p2     |         -|   0|  0|   15|           1|           8|
    |sub_ln73_fu_546_p2          |         -|   0|  0|   15|           1|           8|
    +----------------------------+----------+----+---+-----+------------+------------+
    |Total                       |          |   0|  0|24153|       13727|       14177|
    +----------------------------+----------+----+---+-----+------------+------------+

    * Multiplexer: 
    +--------------+----+-----------+-----+-----------+
    |     Name     | LUT| Input Size| Bits| Total Bits|
    +--------------+----+-----------+-----+-----------+
    |ap_return_0   |  14|          3|   14|         42|
    |ap_return_1   |  14|          3|   14|         42|
    |ap_return_10  |  14|          3|   14|         42|
    |ap_return_11  |  14|          3|   14|         42|
    |ap_return_12  |  14|          3|   14|         42|
    |ap_return_13  |  14|          3|   14|         42|
    |ap_return_14  |  14|          3|   14|         42|
    |ap_return_15  |  14|          3|   14|         42|
    |ap_return_16  |  14|          3|   14|         42|
    |ap_return_17  |  14|          3|   14|         42|
    |ap_return_18  |  14|          3|   14|         42|
    |ap_return_19  |  14|          3|   14|         42|
    |ap_return_2   |  14|          3|   14|         42|
    |ap_return_20  |  14|          3|   14|         42|
    |ap_return_21  |  14|          3|   14|         42|
    |ap_return_22  |  14|          3|   14|         42|
    |ap_return_23  |  14|          3|   14|         42|
    |ap_return_24  |  14|          3|   14|         42|
    |ap_return_25  |  14|          3|   14|         42|
    |ap_return_26  |  14|          3|   14|         42|
    |ap_return_27  |  14|          3|   14|         42|
    |ap_return_28  |  14|          3|   14|         42|
    |ap_return_29  |  14|          3|   14|         42|
    |ap_return_3   |  14|          3|   14|         42|
    |ap_return_30  |  14|          3|   14|         42|
    |ap_return_31  |  14|          3|   14|         42|
    |ap_return_4   |  14|          3|   14|         42|
    |ap_return_5   |  14|          3|   14|         42|
    |ap_return_6   |  14|          3|   14|         42|
    |ap_return_7   |  14|          3|   14|         42|
    |ap_return_8   |  14|          3|   14|         42|
    |ap_return_9   |  14|          3|   14|         42|
    +--------------+----+-----------+-----+-----------+
    |Total         | 448|         96|  448|       1344|
    +--------------+----+-----------+-----+-----------+

    * Register: 
    +-------------------------------------------+----+----+-----+-----------+
    |                    Name                   | FF | LUT| Bits| Const Bits|
    +-------------------------------------------+----+----+-----+-----------+
    |add_ln58_19285_reg_14894                   |   9|   0|    9|          0|
    |add_ln58_19285_reg_14894_pp0_iter1_reg     |   9|   0|    9|          0|
    |add_ln58_19289_reg_15230                   |  10|   0|   10|          0|
    |add_ln58_19290_reg_15235                   |  10|   0|   10|          0|
    |add_ln58_19291_reg_15240                   |  10|   0|   10|          0|
    |add_ln58_19293_reg_15251                   |   9|   0|    9|          0|
    |add_ln58_19294_reg_15256                   |   9|   0|    9|          0|
    |add_ln58_19297_reg_15261                   |  10|   0|   10|          0|
    |add_ln58_19298_reg_15267                   |  10|   0|   10|          0|
    |add_ln58_19301_reg_15273                   |  10|   0|   10|          0|
    |add_ln58_19303_reg_15278                   |   8|   0|    8|          0|
    |add_ln58_19304_reg_16390                   |  11|   0|   11|          0|
    |add_ln58_19306_reg_16396                   |  11|   0|   11|          0|
    |add_ln58_19307_reg_15284                   |  10|   0|   10|          0|
    |add_ln58_19308_reg_16402                   |  10|   0|   10|          0|
    |add_ln58_19310_reg_16407                   |  11|   0|   11|          0|
    |add_ln58_19312_reg_16413                   |  11|   0|   11|          0|
    |add_ln58_19313_reg_16419                   |   9|   0|    9|          0|
    |add_ln58_19317_reg_16424                   |  10|   0|   10|          0|
    |add_ln58_19320_reg_16429                   |  10|   0|   10|          0|
    |add_ln58_19323_reg_16434                   |  10|   0|   10|          0|
    |add_ln58_19325_reg_18217                   |  12|   0|   12|          0|
    |add_ln58_19327_reg_16439                   |  10|   0|   10|          0|
    |add_ln58_19330_reg_16444                   |  10|   0|   10|          0|
    |add_ln58_19332_reg_15387                   |   9|   0|    9|          0|
    |add_ln58_19334_reg_15393                   |   9|   0|    9|          0|
    |add_ln58_19336_reg_16449                   |  11|   0|   11|          0|
    |add_ln58_19337_reg_18222                   |  12|   0|   12|          0|
    |add_ln58_19340_reg_15403                   |   9|   0|    9|          0|
    |add_ln58_19341_reg_15408                   |   8|   0|    8|          0|
    |add_ln58_19342_reg_15413                   |   8|   0|    8|          0|
    |add_ln58_19344_reg_16454                   |  10|   0|   10|          0|
    |add_ln58_19345_reg_15418                   |   8|   0|    8|          0|
    |add_ln58_19347_reg_15423                   |   8|   0|    8|          0|
    |add_ln58_19348_reg_15428                   |   8|   0|    8|          0|
    |add_ln58_19350_reg_16459                   |  10|   0|   10|          0|
    |add_ln58_19352_reg_15433                   |   8|   0|    8|          0|
    |add_ln58_19354_reg_15438                   |   8|   0|    8|          0|
    |add_ln58_19355_reg_15443                   |   8|   0|    8|          0|
    |add_ln58_19357_reg_16464                   |  10|   0|   10|          0|
    |add_ln58_19358_reg_15448                   |   8|   0|    8|          0|
    |add_ln58_19359_reg_15453                   |   8|   0|    8|          0|
    |add_ln58_19361_reg_15458                   |   8|   0|    8|          0|
    |add_ln58_19362_reg_15463                   |   8|   0|    8|          0|
    |add_ln58_19364_reg_16469                   |  10|   0|   10|          0|
    |add_ln58_19366_reg_18227                   |  12|   0|   12|          0|
    |add_ln58_19368_reg_16474                   |   9|   0|    9|          0|
    |add_ln58_19372_reg_16479                   |  10|   0|   10|          0|
    |add_ln58_19375_reg_16484                   |  10|   0|   10|          0|
    |add_ln58_19377_reg_16489                   |  10|   0|   10|          0|
    |add_ln58_19379_reg_18232                   |  12|   0|   12|          0|
    |add_ln58_19381_reg_16494                   |  10|   0|   10|          0|
    |add_ln58_19382_reg_15468                   |   9|   0|    9|          0|
    |add_ln58_19383_reg_16499                   |  10|   0|   10|          0|
    |add_ln58_19385_reg_15478                   |   8|   0|    8|          0|
    |add_ln58_19387_reg_15484                   |   8|   0|    8|          0|
    |add_ln58_19388_reg_15489                   |   8|   0|    8|          0|
    |add_ln58_19390_reg_16504                   |  11|   0|   11|          0|
    |add_ln58_19391_reg_18237                   |  11|   0|   11|          0|
    |add_ln58_19395_reg_15504                   |   8|   0|    8|          0|
    |add_ln58_19396_reg_15509                   |   8|   0|    8|          0|
    |add_ln58_19398_reg_16509                   |  10|   0|   10|          0|
    |add_ln58_19399_reg_15514                   |   8|   0|    8|          0|
    |add_ln58_19400_reg_15519                   |   8|   0|    8|          0|
    |add_ln58_19402_reg_15524                   |   8|   0|    8|          0|
    |add_ln58_19403_reg_15529                   |   8|   0|    8|          0|
    |add_ln58_19405_reg_16514                   |  10|   0|   10|          0|
    |add_ln58_19407_reg_15534                   |   8|   0|    8|          0|
    |add_ln58_19409_reg_15539                   |   8|   0|    8|          0|
    |add_ln58_19411_reg_16519                   |  10|   0|   10|          0|
    |add_ln58_19412_reg_15544                   |   8|   0|    8|          0|
    |add_ln58_19413_reg_15549                   |   8|   0|    8|          0|
    |add_ln58_19415_reg_15554                   |   8|   0|    8|          0|
    |add_ln58_19416_reg_15559                   |   8|   0|    8|          0|
    |add_ln58_19418_reg_16524                   |  10|   0|   10|          0|
    |add_ln58_19420_reg_18242                   |  12|   0|   12|          0|
    |add_ln58_19423_reg_16534                   |  11|   0|   11|          0|
    |add_ln58_19426_reg_16539                   |  10|   0|   10|          0|
    |add_ln58_19429_reg_16544                   |  10|   0|   10|          0|
    |add_ln58_19432_reg_16549                   |  10|   0|   10|          0|
    |add_ln58_19435_reg_15564                   |   9|   0|    9|          0|
    |add_ln58_19438_reg_16554                   |  11|   0|   11|          0|
    |add_ln58_19439_reg_15569                   |   8|   0|    8|          0|
    |add_ln58_19443_reg_16559                   |  10|   0|   10|          0|
    |add_ln58_19445_reg_18247                   |  13|   0|   13|          0|
    |add_ln58_19447_reg_15580                   |   8|   0|    8|          0|
    |add_ln58_19449_reg_16564                   |  10|   0|   10|          0|
    |add_ln58_19450_reg_15585                   |   8|   0|    8|          0|
    |add_ln58_19452_reg_15590                   |   8|   0|    8|          0|
    |add_ln58_19454_reg_16569                   |  10|   0|   10|          0|
    |add_ln58_19456_reg_15595                   |   8|   0|    8|          0|
    |add_ln58_19458_reg_15600                   |   8|   0|    8|          0|
    |add_ln58_19459_reg_15605                   |   8|   0|    8|          0|
    |add_ln58_19461_reg_16574                   |  10|   0|   10|          0|
    |add_ln58_19462_reg_15610                   |   8|   0|    8|          0|
    |add_ln58_19463_reg_15615                   |   8|   0|    8|          0|
    |add_ln58_19465_reg_15620                   |   8|   0|    8|          0|
    |add_ln58_19466_reg_15625                   |   8|   0|    8|          0|
    |add_ln58_19468_reg_16579                   |  10|   0|   10|          0|
    |add_ln58_19470_reg_18252                   |  12|   0|   12|          0|
    |add_ln58_19473_reg_16584                   |  10|   0|   10|          0|
    |add_ln58_19475_reg_16589                   |  10|   0|   10|          0|
    |add_ln58_19479_reg_16594                   |  10|   0|   10|          0|
    |add_ln58_19482_reg_16599                   |  10|   0|   10|          0|
    |add_ln58_19484_reg_18257                   |  12|   0|   12|          0|
    |add_ln58_19485_reg_16604                   |  10|   0|   10|          0|
    |add_ln58_19488_reg_16609                   |  10|   0|   10|          0|
    |add_ln58_19492_reg_16614                   |  10|   0|   10|          0|
    |add_ln58_19495_reg_16619                   |  10|   0|   10|          0|
    |add_ln58_19497_reg_18262                   |  12|   0|   12|          0|
    |add_ln58_19499_reg_15630                   |   9|   0|    9|          0|
    |add_ln58_19501_reg_15635                   |   8|   0|    8|          0|
    |add_ln58_19502_reg_15640                   |   8|   0|    8|          0|
    |add_ln58_19504_reg_16624                   |  10|   0|   10|          0|
    |add_ln58_19505_reg_15645                   |   8|   0|    8|          0|
    |add_ln58_19507_reg_15650                   |   8|   0|    8|          0|
    |add_ln58_19508_reg_15655                   |   8|   0|    8|          0|
    |add_ln58_19510_reg_16629                   |  10|   0|   10|          0|
    |add_ln58_19512_reg_15660                   |   8|   0|    8|          0|
    |add_ln58_19516_reg_15665                   |   9|   0|    9|          0|
    |add_ln58_19517_reg_16634                   |  10|   0|   10|          0|
    |add_ln58_19518_reg_15670                   |   8|   0|    8|          0|
    |add_ln58_19520_reg_15675                   |   8|   0|    8|          0|
    |add_ln58_19522_reg_16639                   |  10|   0|   10|          0|
    |add_ln58_19524_reg_18267                   |  13|   0|   13|          0|
    |add_ln58_19527_reg_16644                   |  11|   0|   11|          0|
    |add_ln58_19530_reg_16649                   |  10|   0|   10|          0|
    |add_ln58_19531_reg_18272                   |  12|   0|   12|          0|
    |add_ln58_19534_reg_16654                   |  10|   0|   10|          0|
    |add_ln58_19536_reg_16659                   |  10|   0|   10|          0|
    |add_ln58_19537_reg_18277                   |  11|   0|   11|          0|
    |add_ln58_19540_reg_16664                   |  10|   0|   10|          0|
    |add_ln58_19543_reg_16669                   |  10|   0|   10|          0|
    |add_ln58_19546_reg_16674                   |  10|   0|   10|          0|
    |add_ln58_19547_reg_16679                   |  10|   0|   10|          0|
    |add_ln58_19549_reg_18282                   |  12|   0|   12|          0|
    |add_ln58_19552_reg_15685                   |   9|   0|    9|          0|
    |add_ln58_19554_reg_16684                   |  10|   0|   10|          0|
    |add_ln58_19555_reg_15690                   |   8|   0|    8|          0|
    |add_ln58_19556_reg_15695                   |   8|   0|    8|          0|
    |add_ln58_19558_reg_15700                   |   8|   0|    8|          0|
    |add_ln58_19560_reg_16689                   |  10|   0|   10|          0|
    |add_ln58_19563_reg_15705                   |   9|   0|    9|          0|
    |add_ln58_19564_reg_15710                   |   8|   0|    8|          0|
    |add_ln58_19566_reg_16694                   |  10|   0|   10|          0|
    |add_ln58_19567_reg_15715                   |   8|   0|    8|          0|
    |add_ln58_19568_reg_15720                   |   8|   0|    8|          0|
    |add_ln58_19570_reg_15725                   |   8|   0|    8|          0|
    |add_ln58_19572_reg_16699                   |  10|   0|   10|          0|
    |add_ln58_19574_reg_18287                   |  12|   0|   12|          0|
    |add_ln58_19576_reg_16704                   |  11|   0|   11|          0|
    |add_ln58_19577_reg_16709                   |   9|   0|    9|          0|
    |add_ln58_19579_reg_16714                   |  10|   0|   10|          0|
    |add_ln58_19580_reg_18292                   |  12|   0|   12|          0|
    |add_ln58_19581_reg_16720                   |  10|   0|   10|          0|
    |add_ln58_19583_reg_16725                   |  10|   0|   10|          0|
    |add_ln58_19584_reg_18297                   |  11|   0|   11|          0|
    |add_ln58_19587_reg_16730                   |  10|   0|   10|          0|
    |add_ln58_19590_reg_16735                   |  10|   0|   10|          0|
    |add_ln58_19594_reg_16740                   |  10|   0|   10|          0|
    |add_ln58_19596_reg_16745                   |  10|   0|   10|          0|
    |add_ln58_19598_reg_18302                   |  12|   0|   12|          0|
    |add_ln58_19601_reg_16750                   |  10|   0|   10|          0|
    |add_ln58_19603_reg_16755                   |  10|   0|   10|          0|
    |add_ln58_19607_reg_15735                   |   9|   0|    9|          0|
    |add_ln58_19609_reg_15746                   |   8|   0|    8|          0|
    |add_ln58_19611_reg_16760                   |  10|   0|   10|          0|
    |add_ln58_19612_reg_18307                   |  12|   0|   12|          0|
    |add_ln58_19613_reg_15751                   |   8|   0|    8|          0|
    |add_ln58_19615_reg_15756                   |   8|   0|    8|          0|
    |add_ln58_19617_reg_16765                   |  10|   0|   10|          0|
    |add_ln58_19620_reg_15761                   |   9|   0|    9|          0|
    |add_ln58_19621_reg_15766                   |   8|   0|    8|          0|
    |add_ln58_19622_reg_15771                   |   8|   0|    8|          0|
    |add_ln58_19624_reg_16770                   |  10|   0|   10|          0|
    |add_ln58_19625_reg_18312                   |  11|   0|   11|          0|
    |add_ln58_19628_reg_16775                   |  11|   0|   11|          0|
    |add_ln58_19629_reg_16780                   |   9|   0|    9|          0|
    |add_ln58_19630_reg_16785                   |  10|   0|   10|          0|
    |add_ln58_19634_reg_16790                   |  10|   0|   10|          0|
    |add_ln58_19636_reg_16795                   |  10|   0|   10|          0|
    |add_ln58_19638_reg_18317                   |  13|   0|   13|          0|
    |add_ln58_19639_reg_16800                   |  10|   0|   10|          0|
    |add_ln58_19641_reg_16805                   |  10|   0|   10|          0|
    |add_ln58_19645_reg_16810                   |  10|   0|   10|          0|
    |add_ln58_19647_reg_16815                   |  10|   0|   10|          0|
    |add_ln58_19649_reg_18322                   |  12|   0|   12|          0|
    |add_ln58_19651_reg_15776                   |   9|   0|    9|          0|
    |add_ln58_19655_reg_16820                   |  11|   0|   11|          0|
    |add_ln58_19656_reg_15781                   |   8|   0|    8|          0|
    |add_ln58_19658_reg_15787                   |   8|   0|    8|          0|
    |add_ln58_19659_reg_15792                   |   8|   0|    8|          0|
    |add_ln58_19661_reg_16825                   |  10|   0|   10|          0|
    |add_ln58_19663_reg_15797                   |   8|   0|    8|          0|
    |add_ln58_19665_reg_15802                   |   8|   0|    8|          0|
    |add_ln58_19667_reg_16830                   |  10|   0|   10|          0|
    |add_ln58_19669_reg_15807                   |   8|   0|    8|          0|
    |add_ln58_19671_reg_16835                   |  10|   0|   10|          0|
    |add_ln58_19673_reg_18327                   |  13|   0|   13|          0|
    |add_ln58_19675_reg_16840                   |  10|   0|   10|          0|
    |add_ln58_19677_reg_16845                   |  10|   0|   10|          0|
    |add_ln58_19681_reg_16850                   |  10|   0|   10|          0|
    |add_ln58_19683_reg_18332                   |  12|   0|   12|          0|
    |add_ln58_19685_reg_16855                   |  10|   0|   10|          0|
    |add_ln58_19687_reg_16860                   |  10|   0|   10|          0|
    |add_ln58_19690_reg_16865                   |  10|   0|   10|          0|
    |add_ln58_19692_reg_15812                   |   9|   0|    9|          0|
    |add_ln58_19693_reg_16870                   |  10|   0|   10|          0|
    |add_ln58_19695_reg_18337                   |  12|   0|   12|          0|
    |add_ln58_19700_reg_15822                   |   9|   0|    9|          0|
    |add_ln58_19701_reg_16875                   |  11|   0|   11|          0|
    |add_ln58_19702_reg_15827                   |   8|   0|    8|          0|
    |add_ln58_19704_reg_15832                   |   8|   0|    8|          0|
    |add_ln58_19705_reg_15837                   |   8|   0|    8|          0|
    |add_ln58_19707_reg_16880                   |  10|   0|   10|          0|
    |add_ln58_19712_reg_15842                   |   9|   0|    9|          0|
    |add_ln58_19713_reg_16885                   |  10|   0|   10|          0|
    |add_ln58_19715_reg_15847                   |   8|   0|    8|          0|
    |add_ln58_19717_reg_16890                   |  10|   0|   10|          0|
    |add_ln58_19719_reg_18342                   |  13|   0|   13|          0|
    |add_ln58_19721_reg_16895                   |  10|   0|   10|          0|
    |add_ln58_19722_reg_16900                   |  10|   0|   10|          0|
    |add_ln58_19724_reg_16905                   |  10|   0|   10|          0|
    |add_ln58_19726_reg_16910                   |  10|   0|   10|          0|
    |add_ln58_19728_reg_18347                   |  12|   0|   12|          0|
    |add_ln58_19730_reg_16915                   |  10|   0|   10|          0|
    |add_ln58_19732_reg_16920                   |  10|   0|   10|          0|
    |add_ln58_19735_reg_16925                   |  10|   0|   10|          0|
    |add_ln58_19738_reg_16930                   |  10|   0|   10|          0|
    |add_ln58_19740_reg_18352                   |  12|   0|   12|          0|
    |add_ln58_19744_reg_16935                   |  11|   0|   11|          0|
    |add_ln58_19745_reg_15852                   |   8|   0|    8|          0|
    |add_ln58_19748_reg_16940                   |  10|   0|   10|          0|
    |add_ln58_19751_reg_15857                   |   8|   0|    8|          0|
    |add_ln58_19753_reg_16945                   |  10|   0|   10|          0|
    |add_ln58_19756_reg_15862                   |   9|   0|    9|          0|
    |add_ln58_19757_reg_15867                   |   8|   0|    8|          0|
    |add_ln58_19759_reg_16950                   |  10|   0|   10|          0|
    |add_ln58_19761_reg_18357                   |  13|   0|   13|          0|
    |add_ln58_19764_reg_16955                   |  11|   0|   11|          0|
    |add_ln58_19765_reg_16960                   |   9|   0|    9|          0|
    |add_ln58_19767_reg_16965                   |  10|   0|   10|          0|
    |add_ln58_19768_reg_18362                   |  12|   0|   12|          0|
    |add_ln58_19769_reg_16971                   |  10|   0|   10|          0|
    |add_ln58_19772_reg_16976                   |  10|   0|   10|          0|
    |add_ln58_19773_reg_18367                   |  11|   0|   11|          0|
    |add_ln58_19775_reg_16981                   |  10|   0|   10|          0|
    |add_ln58_19777_reg_16986                   |  10|   0|   10|          0|
    |add_ln58_19781_reg_16991                   |  10|   0|   10|          0|
    |add_ln58_19782_reg_16996                   |  10|   0|   10|          0|
    |add_ln58_19784_reg_18372                   |  12|   0|   12|          0|
    |add_ln58_19788_reg_17001                   |  10|   0|   10|          0|
    |add_ln58_19789_reg_15877                   |   8|   0|    8|          0|
    |add_ln58_19793_reg_15882                   |   9|   0|    9|          0|
    |add_ln58_19794_reg_17006                   |  10|   0|   10|          0|
    |add_ln58_19797_reg_15887                   |   8|   0|    8|          0|
    |add_ln58_19799_reg_17011                   |  10|   0|   10|          0|
    |add_ln58_19800_reg_15892                   |   8|   0|    8|          0|
    |add_ln58_19802_reg_15897                   |   8|   0|    8|          0|
    |add_ln58_19804_reg_17016                   |  10|   0|   10|          0|
    |add_ln58_19806_reg_18377                   |  12|   0|   12|          0|
    |add_ln58_19808_reg_17021                   |  10|   0|   10|          0|
    |add_ln58_19810_reg_17026                   |  10|   0|   10|          0|
    |add_ln58_19814_reg_17031                   |  10|   0|   10|          0|
    |add_ln58_19816_reg_18382                   |  12|   0|   12|          0|
    |add_ln58_19818_reg_17036                   |  10|   0|   10|          0|
    |add_ln58_19821_reg_17041                   |  10|   0|   10|          0|
    |add_ln58_19824_reg_17046                   |  10|   0|   10|          0|
    |add_ln58_19826_reg_17051                   |  10|   0|   10|          0|
    |add_ln58_19828_reg_18387                   |  12|   0|   12|          0|
    |add_ln58_19830_reg_15902                   |   8|   0|    8|          0|
    |add_ln58_19832_reg_15907                   |   8|   0|    8|          0|
    |add_ln58_19834_reg_17056                   |  11|   0|   11|          0|
    |add_ln58_19835_reg_15912                   |   8|   0|    8|          0|
    |add_ln58_19836_reg_15917                   |   8|   0|    8|          0|
    |add_ln58_19838_reg_17061                   |  10|   0|   10|          0|
    |add_ln58_19840_reg_15922                   |   8|   0|    8|          0|
    |add_ln58_19842_reg_15927                   |   8|   0|    8|          0|
    |add_ln58_19844_reg_17066                   |  10|   0|   10|          0|
    |add_ln58_19846_reg_15932                   |   9|   0|    9|          0|
    |add_ln58_19847_reg_15937                   |   8|   0|    8|          0|
    |add_ln58_19849_reg_17071                   |  10|   0|   10|          0|
    |add_ln58_19851_reg_18392                   |  13|   0|   13|          0|
    |add_ln58_19856_reg_17076                   |  10|   0|   10|          0|
    |add_ln58_19859_reg_17081                   |  10|   0|   10|          0|
    |add_ln58_19861_reg_17086                   |  10|   0|   10|          0|
    |add_ln58_19863_reg_18397                   |  12|   0|   12|          0|
    |add_ln58_19865_reg_17091                   |  10|   0|   10|          0|
    |add_ln58_19867_reg_17096                   |  10|   0|   10|          0|
    |add_ln58_19869_reg_15942                   |   8|   0|    8|          0|
    |add_ln58_19872_reg_17101                   |  10|   0|   10|          0|
    |add_ln58_19873_reg_18402                   |  11|   0|   11|          0|
    |add_ln58_19876_reg_15947                   |   8|   0|    8|          0|
    |add_ln58_19878_reg_17106                   |  10|   0|   10|          0|
    |add_ln58_19880_reg_15952                   |   8|   0|    8|          0|
    |add_ln58_19882_reg_17111                   |  10|   0|   10|          0|
    |add_ln58_19884_reg_15957                   |   8|   0|    8|          0|
    |add_ln58_19886_reg_15962                   |   8|   0|    8|          0|
    |add_ln58_19888_reg_17116                   |  10|   0|   10|          0|
    |add_ln58_19891_reg_17121                   |  10|   0|   10|          0|
    |add_ln58_19893_reg_18407                   |  12|   0|   12|          0|
    |add_ln58_19895_reg_17126                   |  10|   0|   10|          0|
    |add_ln58_19896_reg_17131                   |  10|   0|   10|          0|
    |add_ln58_19899_reg_17136                   |  10|   0|   10|          0|
    |add_ln58_19900_reg_17141                   |  10|   0|   10|          0|
    |add_ln58_19902_reg_18412                   |  12|   0|   12|          0|
    |add_ln58_19903_reg_17146                   |  10|   0|   10|          0|
    |add_ln58_19905_reg_17151                   |  10|   0|   10|          0|
    |add_ln58_19908_reg_17156                   |  10|   0|   10|          0|
    |add_ln58_19910_reg_18417                   |  12|   0|   12|          0|
    |add_ln58_19914_reg_17161                   |  11|   0|   11|          0|
    |add_ln58_19916_reg_15967                   |   8|   0|    8|          0|
    |add_ln58_19918_reg_17166                   |  10|   0|   10|          0|
    |add_ln58_19920_reg_15972                   |   8|   0|    8|          0|
    |add_ln58_19923_reg_17171                   |  10|   0|   10|          0|
    |add_ln58_19925_reg_15977                   |   9|   0|    9|          0|
    |add_ln58_19926_reg_15982                   |   8|   0|    8|          0|
    |add_ln58_19928_reg_17176                   |  10|   0|   10|          0|
    |add_ln58_19930_reg_18422                   |  13|   0|   13|          0|
    |add_ln58_19932_reg_15987                   |   8|   0|    8|          0|
    |add_ln58_19934_reg_17181                   |  10|   0|   10|          0|
    |add_ln58_19937_reg_17186                   |  10|   0|   10|          0|
    |add_ln58_19940_reg_17191                   |  10|   0|   10|          0|
    |add_ln58_19942_reg_17196                   |  10|   0|   10|          0|
    |add_ln58_19944_reg_18427                   |  12|   0|   12|          0|
    |add_ln58_19946_reg_17201                   |  10|   0|   10|          0|
    |add_ln58_19948_reg_17206                   |  10|   0|   10|          0|
    |add_ln58_19950_reg_17211                   |  10|   0|   10|          0|
    |add_ln58_19951_reg_17216                   |  10|   0|   10|          0|
    |add_ln58_19953_reg_18432                   |  12|   0|   12|          0|
    |add_ln58_19955_reg_15992                   |  10|   0|   10|          0|
    |add_ln58_19957_reg_15997                   |   9|   0|    9|          0|
    |add_ln58_19960_reg_16002                   |   9|   0|    9|          0|
    |add_ln58_19963_reg_16007                   |   9|   0|    9|          0|
    |add_ln58_19965_reg_17221                   |  12|   0|   12|          0|
    |add_ln58_19966_reg_16012                   |   8|   0|    8|          0|
    |add_ln58_19968_reg_16017                   |   8|   0|    8|          0|
    |add_ln58_19969_reg_16022                   |   8|   0|    8|          0|
    |add_ln58_19971_reg_17226                   |  10|   0|   10|          0|
    |add_ln58_19972_reg_16027                   |   8|   0|    8|          0|
    |add_ln58_19974_reg_17231                   |  10|   0|   10|          0|
    |add_ln58_19976_reg_18437                   |  13|   0|   13|          0|
    |add_ln58_19980_reg_17236                   |  10|   0|   10|          0|
    |add_ln58_19983_reg_17241                   |  10|   0|   10|          0|
    |add_ln58_19984_reg_17246                   |  10|   0|   10|          0|
    |add_ln58_19986_reg_18442                   |  12|   0|   12|          0|
    |add_ln58_19987_reg_17251                   |  10|   0|   10|          0|
    |add_ln58_19990_reg_17256                   |  10|   0|   10|          0|
    |add_ln58_19993_reg_17261                   |  10|   0|   10|          0|
    |add_ln58_19995_reg_17266                   |  10|   0|   10|          0|
    |add_ln58_19997_reg_18447                   |  12|   0|   12|          0|
    |add_ln58_20001_reg_17271                   |  11|   0|   11|          0|
    |add_ln58_20002_reg_16037                   |   8|   0|    8|          0|
    |add_ln58_20005_reg_17276                   |  10|   0|   10|          0|
    |add_ln58_20007_reg_16042                   |   8|   0|    8|          0|
    |add_ln58_20009_reg_16047                   |   8|   0|    8|          0|
    |add_ln58_20010_reg_16052                   |   8|   0|    8|          0|
    |add_ln58_20012_reg_17281                   |  10|   0|   10|          0|
    |add_ln58_20013_reg_16057                   |   8|   0|    8|          0|
    |add_ln58_20014_reg_16062                   |   8|   0|    8|          0|
    |add_ln58_20016_reg_16067                   |   8|   0|    8|          0|
    |add_ln58_20018_reg_17286                   |  10|   0|   10|          0|
    |add_ln58_20020_reg_18452                   |  13|   0|   13|          0|
    |add_ln58_20023_reg_17291                   |  11|   0|   11|          0|
    |add_ln58_20025_reg_17296                   |  10|   0|   10|          0|
    |add_ln58_20026_reg_18457                   |  12|   0|   12|          0|
    |add_ln58_20028_reg_17301                   |  10|   0|   10|          0|
    |add_ln58_20030_reg_17306                   |  10|   0|   10|          0|
    |add_ln58_20031_reg_18462                   |  11|   0|   11|          0|
    |add_ln58_20034_reg_17311                   |  10|   0|   10|          0|
    |add_ln58_20036_reg_17316                   |  10|   0|   10|          0|
    |add_ln58_20038_reg_17321                   |  10|   0|   10|          0|
    |add_ln58_20040_reg_17326                   |  10|   0|   10|          0|
    |add_ln58_20042_reg_18467                   |  12|   0|   12|          0|
    |add_ln58_20046_reg_16072                   |  10|   0|   10|          0|
    |add_ln58_20047_reg_17331                   |  10|   0|   10|          0|
    |add_ln58_20048_reg_16077                   |   8|   0|    8|          0|
    |add_ln58_20049_reg_16082                   |   8|   0|    8|          0|
    |add_ln58_20051_reg_16087                   |   8|   0|    8|          0|
    |add_ln58_20053_reg_17336                   |  10|   0|   10|          0|
    |add_ln58_20057_reg_16092                   |   9|   0|    9|          0|
    |add_ln58_20058_reg_17341                   |  10|   0|   10|          0|
    |add_ln58_20061_reg_17346                   |  10|   0|   10|          0|
    |add_ln58_20063_reg_18472                   |  13|   0|   13|          0|
    |add_ln58_20066_reg_17351                   |  11|   0|   11|          0|
    |add_ln58_20068_reg_17356                   |  10|   0|   10|          0|
    |add_ln58_20069_reg_18477                   |  12|   0|   12|          0|
    |add_ln58_20070_reg_17361                   |  10|   0|   10|          0|
    |add_ln58_20071_reg_18482                   |  11|   0|   11|          0|
    |add_ln58_20074_reg_17366                   |  10|   0|   10|          0|
    |add_ln58_20076_reg_17371                   |  10|   0|   10|          0|
    |add_ln58_20079_reg_16097                   |   8|   0|    8|          0|
    |add_ln58_20082_reg_17376                   |  11|   0|   11|          0|
    |add_ln58_20083_reg_18487                   |  12|   0|   12|          0|
    |add_ln58_20087_reg_17381                   |  10|   0|   10|          0|
    |add_ln58_20089_reg_16102                   |   9|   0|    9|          0|
    |add_ln58_20091_reg_17386                   |  10|   0|   10|          0|
    |add_ln58_20094_reg_16107                   |   8|   0|    8|          0|
    |add_ln58_20096_reg_17391                   |  10|   0|   10|          0|
    |add_ln58_20098_reg_17396                   |  10|   0|   10|          0|
    |add_ln58_20100_reg_18492                   |  12|   0|   12|          0|
    |add_ln58_20104_reg_17401                   |  10|   0|   10|          0|
    |add_ln58_20107_reg_17406                   |  10|   0|   10|          0|
    |add_ln58_20108_reg_17411                   |  10|   0|   10|          0|
    |add_ln58_20110_reg_18497                   |  12|   0|   12|          0|
    |add_ln58_20112_reg_17416                   |  10|   0|   10|          0|
    |add_ln58_20114_reg_17421                   |  10|   0|   10|          0|
    |add_ln58_20117_reg_17426                   |  10|   0|   10|          0|
    |add_ln58_20119_reg_17431                   |  10|   0|   10|          0|
    |add_ln58_20121_reg_18502                   |  12|   0|   12|          0|
    |add_ln58_20123_reg_16112                   |   9|   0|    9|          0|
    |add_ln58_20125_reg_17436                   |  11|   0|   11|          0|
    |add_ln58_20128_reg_17441                   |  10|   0|   10|          0|
    |add_ln58_20130_reg_16119                   |   8|   0|    8|          0|
    |add_ln58_20133_reg_17446                   |  10|   0|   10|          0|
    |add_ln58_20135_reg_16124                   |   8|   0|    8|          0|
    |add_ln58_20137_reg_17451                   |  10|   0|   10|          0|
    |add_ln58_20139_reg_18507                   |  13|   0|   13|          0|
    |add_ln58_20142_reg_17456                   |  10|   0|   10|          0|
    |add_ln58_20144_reg_17461                   |  10|   0|   10|          0|
    |add_ln58_20146_reg_17466                   |  10|   0|   10|          0|
    |add_ln58_20147_reg_17471                   |  10|   0|   10|          0|
    |add_ln58_20149_reg_18512                   |  12|   0|   12|          0|
    |add_ln58_20150_reg_17476                   |  10|   0|   10|          0|
    |add_ln58_20153_reg_17481                   |  10|   0|   10|          0|
    |add_ln58_20155_reg_18517                   |  12|   0|   12|          0|
    |add_ln58_20160_reg_16134                   |   9|   0|    9|          0|
    |add_ln58_20161_reg_17486                   |  11|   0|   11|          0|
    |add_ln58_20163_reg_17491                   |  10|   0|   10|          0|
    |add_ln58_20165_reg_16139                   |   8|   0|    8|          0|
    |add_ln58_20167_reg_16144                   |   8|   0|    8|          0|
    |add_ln58_20169_reg_17496                   |  10|   0|   10|          0|
    |add_ln58_20171_reg_17501                   |  10|   0|   10|          0|
    |add_ln58_20173_reg_18522                   |  13|   0|   13|          0|
    |add_ln58_20175_reg_17506                   |  11|   0|   11|          0|
    |add_ln58_20177_reg_17511                   |  10|   0|   10|          0|
    |add_ln58_20179_reg_17516                   |  10|   0|   10|          0|
    |add_ln58_20180_reg_17521                   |  10|   0|   10|          0|
    |add_ln58_20182_reg_18527                   |  13|   0|   13|          0|
    |add_ln58_20184_reg_17526                   |  10|   0|   10|          0|
    |add_ln58_20186_reg_17531                   |  10|   0|   10|          0|
    |add_ln58_20189_reg_17536                   |  10|   0|   10|          0|
    |add_ln58_20190_reg_17541                   |  10|   0|   10|          0|
    |add_ln58_20192_reg_18532                   |  12|   0|   12|          0|
    |add_ln58_20195_reg_16149                   |   9|   0|    9|          0|
    |add_ln58_20197_reg_16154                   |   9|   0|    9|          0|
    |add_ln58_20199_reg_16159                   |   9|   0|    9|          0|
    |add_ln58_20201_reg_17546                   |  12|   0|   12|          0|
    |add_ln58_20203_reg_17551                   |  10|   0|   10|          0|
    |add_ln58_20204_reg_16164                   |   8|   0|    8|          0|
    |add_ln58_20206_reg_16169                   |   8|   0|    8|          0|
    |add_ln58_20208_reg_17556                   |  10|   0|   10|          0|
    |add_ln58_20210_reg_18537                   |  13|   0|   13|          0|
    |add_ln58_20214_reg_17561                   |  10|   0|   10|          0|
    |add_ln58_20217_reg_17566                   |  10|   0|   10|          0|
    |add_ln58_20218_reg_17571                   |  10|   0|   10|          0|
    |add_ln58_20220_reg_18542                   |  12|   0|   12|          0|
    |add_ln58_20222_reg_17576                   |  10|   0|   10|          0|
    |add_ln58_20224_reg_17581                   |  10|   0|   10|          0|
    |add_ln58_20227_reg_16180                   |   9|   0|    9|          0|
    |add_ln58_20228_reg_16185                   |   8|   0|    8|          0|
    |add_ln58_20230_reg_17586                   |  10|   0|   10|          0|
    |add_ln58_20231_reg_18547                   |  11|   0|   11|          0|
    |add_ln58_20236_reg_16190                   |   9|   0|    9|          0|
    |add_ln58_20237_reg_17591                   |  10|   0|   10|          0|
    |add_ln58_20239_reg_16195                   |   8|   0|    8|          0|
    |add_ln58_20241_reg_17596                   |  10|   0|   10|          0|
    |add_ln58_20244_reg_17601                   |  10|   0|   10|          0|
    |add_ln58_20247_reg_17606                   |  10|   0|   10|          0|
    |add_ln58_20249_reg_18552                   |  12|   0|   12|          0|
    |add_ln58_20251_reg_17611                   |  11|   0|   11|          0|
    |add_ln58_20252_reg_17616                   |  10|   0|   10|          0|
    |add_ln58_20255_reg_17621                   |  10|   0|   10|          0|
    |add_ln58_20256_reg_17626                   |  10|   0|   10|          0|
    |add_ln58_20258_reg_18557                   |  13|   0|   13|          0|
    |add_ln58_20259_reg_17631                   |  10|   0|   10|          0|
    |add_ln58_20261_reg_17636                   |  10|   0|   10|          0|
    |add_ln58_20263_reg_17641                   |  10|   0|   10|          0|
    |add_ln58_20264_reg_17646                   |  10|   0|   10|          0|
    |add_ln58_20266_reg_18562                   |  12|   0|   12|          0|
    |add_ln58_20269_reg_16200                   |   9|   0|    9|          0|
    |add_ln58_20270_reg_17651                   |  10|   0|   10|          0|
    |add_ln58_20271_reg_16205                   |   8|   0|    8|          0|
    |add_ln58_20274_reg_17656                   |  10|   0|   10|          0|
    |add_ln58_20276_reg_16210                   |   9|   0|    9|          0|
    |add_ln58_20278_reg_17661                   |  10|   0|   10|          0|
    |add_ln58_20282_reg_16215                   |   9|   0|    9|          0|
    |add_ln58_20283_reg_17666                   |  10|   0|   10|          0|
    |add_ln58_20285_reg_18567                   |  13|   0|   13|          0|
    |add_ln58_20287_reg_17671                   |  10|   0|   10|          0|
    |add_ln58_20288_reg_17676                   |  10|   0|   10|          0|
    |add_ln58_20290_reg_17681                   |  10|   0|   10|          0|
    |add_ln58_20292_reg_17686                   |  10|   0|   10|          0|
    |add_ln58_20294_reg_18572                   |  12|   0|   12|          0|
    |add_ln58_20295_reg_17691                   |  10|   0|   10|          0|
    |add_ln58_20296_reg_17696                   |  10|   0|   10|          0|
    |add_ln58_20298_reg_17701                   |  10|   0|   10|          0|
    |add_ln58_20299_reg_17706                   |  10|   0|   10|          0|
    |add_ln58_20301_reg_18577                   |  12|   0|   12|          0|
    |add_ln58_20303_reg_17711                   |  10|   0|   10|          0|
    |add_ln58_20306_reg_17716                   |  10|   0|   10|          0|
    |add_ln58_20307_reg_16220                   |   8|   0|    8|          0|
    |add_ln58_20308_reg_17721                   |   9|   0|    9|          0|
    |add_ln58_20310_reg_18582                   |  12|   0|   12|          0|
    |add_ln58_20311_reg_16225                   |   8|   0|    8|          0|
    |add_ln58_20314_reg_17726                   |  10|   0|   10|          0|
    |add_ln58_20315_reg_16230                   |   8|   0|    8|          0|
    |add_ln58_20318_reg_17731                   |  10|   0|   10|          0|
    |add_ln58_20319_reg_18587                   |  11|   0|   11|          0|
    |add_ln58_20324_reg_17736                   |  10|   0|   10|          0|
    |add_ln58_20326_reg_18592                   |  12|   0|   12|          0|
    |add_ln58_20327_reg_17741                   |  10|   0|   10|          0|
    |add_ln58_20328_reg_17746                   |  10|   0|   10|          0|
    |add_ln58_20331_reg_17751                   |  10|   0|   10|          0|
    |add_ln58_20333_reg_17756                   |  10|   0|   10|          0|
    |add_ln58_20335_reg_18597                   |  12|   0|   12|          0|
    |add_ln58_20339_reg_17761                   |  11|   0|   11|          0|
    |add_ln58_20340_reg_16235                   |   8|   0|    8|          0|
    |add_ln58_20343_reg_16240                   |   9|   0|    9|          0|
    |add_ln58_20344_reg_17766                   |  10|   0|   10|          0|
    |add_ln58_20347_reg_16245                   |   8|   0|    8|          0|
    |add_ln58_20349_reg_17771                   |  10|   0|   10|          0|
    |add_ln58_20351_reg_16250                   |   8|   0|    8|          0|
    |add_ln58_20353_reg_17776                   |  10|   0|   10|          0|
    |add_ln58_20355_reg_18602                   |  13|   0|   13|          0|
    |add_ln58_20357_reg_17781                   |  10|   0|   10|          0|
    |add_ln58_20359_reg_17786                   |  10|   0|   10|          0|
    |add_ln58_20362_reg_17791                   |  10|   0|   10|          0|
    |add_ln58_20364_reg_18607                   |  12|   0|   12|          0|
    |add_ln58_20365_reg_17796                   |  10|   0|   10|          0|
    |add_ln58_20366_reg_17801                   |  10|   0|   10|          0|
    |add_ln58_20370_reg_17806                   |  10|   0|   10|          0|
    |add_ln58_20371_reg_18612                   |  11|   0|   11|          0|
    |add_ln58_20373_reg_16255                   |   9|   0|    9|          0|
    |add_ln58_20375_reg_17811                   |  10|   0|   10|          0|
    |add_ln58_20378_reg_17816                   |  10|   0|   10|          0|
    |add_ln58_20381_reg_16260                   |   8|   0|    8|          0|
    |add_ln58_20383_reg_17821                   |  10|   0|   10|          0|
    |add_ln58_20384_reg_16265                   |   8|   0|    8|          0|
    |add_ln58_20387_reg_17826                   |  10|   0|   10|          0|
    |add_ln58_20389_reg_18617                   |  12|   0|   12|          0|
    |add_ln58_20391_reg_17831                   |  11|   0|   11|          0|
    |add_ln58_20392_reg_17836                   |  10|   0|   10|          0|
    |add_ln58_20393_reg_18622                   |  12|   0|   12|          0|
    |add_ln58_20394_reg_17841                   |  10|   0|   10|          0|
    |add_ln58_20396_reg_17847                   |  10|   0|   10|          0|
    |add_ln58_20397_reg_18627                   |  11|   0|   11|          0|
    |add_ln58_20399_reg_17852                   |  10|   0|   10|          0|
    |add_ln58_20400_reg_17857                   |  10|   0|   10|          0|
    |add_ln58_20402_reg_17862                   |  10|   0|   10|          0|
    |add_ln58_20403_reg_17867                   |  10|   0|   10|          0|
    |add_ln58_20405_reg_18632                   |  12|   0|   12|          0|
    |add_ln58_20408_reg_17872                   |  10|   0|   10|          0|
    |add_ln58_20410_reg_17877                   |  10|   0|   10|          0|
    |add_ln58_20412_reg_16270                   |   8|   0|    8|          0|
    |add_ln58_20415_reg_17882                   |  10|   0|   10|          0|
    |add_ln58_20418_reg_16275                   |   9|   0|    9|          0|
    |add_ln58_20420_reg_17887                   |  10|   0|   10|          0|
    |add_ln58_20422_reg_17892                   |  10|   0|   10|          0|
    |add_ln58_20424_reg_18637                   |  13|   0|   13|          0|
    |add_ln58_20427_reg_17897                   |  10|   0|   10|          0|
    |add_ln58_20428_reg_18642                   |  12|   0|   12|          0|
    |add_ln58_20429_reg_17902                   |  10|   0|   10|          0|
    |add_ln58_20430_reg_17907                   |  10|   0|   10|          0|
    |add_ln58_20431_reg_18647                   |  11|   0|   11|          0|
    |add_ln58_20433_reg_17912                   |  10|   0|   10|          0|
    |add_ln58_20435_reg_17917                   |  10|   0|   10|          0|
    |add_ln58_20438_reg_17922                   |  10|   0|   10|          0|
    |add_ln58_20440_reg_18652                   |  12|   0|   12|          0|
    |add_ln58_20443_reg_16280                   |   8|   0|    8|          0|
    |add_ln58_20445_reg_17927                   |  11|   0|   11|          0|
    |add_ln58_20448_reg_17932                   |  10|   0|   10|          0|
    |add_ln58_20451_reg_16285                   |   9|   0|    9|          0|
    |add_ln58_20453_reg_16290                   |   9|   0|    9|          0|
    |add_ln58_20454_reg_17937                   |  10|   0|   10|          0|
    |add_ln58_20457_reg_17942                   |  10|   0|   10|          0|
    |add_ln58_20459_reg_18657                   |  13|   0|   13|          0|
    |add_ln58_20463_reg_17947                   |  10|   0|   10|          0|
    |add_ln58_20464_reg_17952                   |  10|   0|   10|          0|
    |add_ln58_20466_reg_18662                   |  12|   0|   12|          0|
    |add_ln58_20467_reg_17957                   |  10|   0|   10|          0|
    |add_ln58_20468_reg_17962                   |  10|   0|   10|          0|
    |add_ln58_20471_reg_17967                   |  10|   0|   10|          0|
    |add_ln58_20473_reg_17972                   |  10|   0|   10|          0|
    |add_ln58_20475_reg_18667                   |  12|   0|   12|          0|
    |add_ln58_20480_reg_16295                   |   9|   0|    9|          0|
    |add_ln58_20481_reg_17977                   |  11|   0|   11|          0|
    |add_ln58_20484_reg_16300                   |   9|   0|    9|          0|
    |add_ln58_20486_reg_17982                   |  10|   0|   10|          0|
    |add_ln58_20489_reg_16305                   |   8|   0|    8|          0|
    |add_ln58_20491_reg_17987                   |  10|   0|   10|          0|
    |add_ln58_20492_reg_16310                   |   8|   0|    8|          0|
    |add_ln58_20495_reg_17992                   |  10|   0|   10|          0|
    |add_ln58_20497_reg_18672                   |  13|   0|   13|          0|
    |add_ln58_20500_reg_17997                   |  11|   0|   11|          0|
    |add_ln58_20501_reg_18002                   |  10|   0|   10|          0|
    |add_ln58_20503_reg_18007                   |  10|   0|   10|          0|
    |add_ln58_20504_reg_18012                   |  10|   0|   10|          0|
    |add_ln58_20506_reg_18677                   |  13|   0|   13|          0|
    |add_ln58_20507_reg_18017                   |  10|   0|   10|          0|
    |add_ln58_20509_reg_18022                   |  10|   0|   10|          0|
    |add_ln58_20511_reg_18027                   |  10|   0|   10|          0|
    |add_ln58_20513_reg_18682                   |  12|   0|   12|          0|
    |add_ln58_20518_reg_16315                   |   9|   0|    9|          0|
    |add_ln58_20519_reg_18032                   |  10|   0|   10|          0|
    |add_ln58_20520_reg_16320                   |   8|   0|    8|          0|
    |add_ln58_20523_reg_18037                   |  10|   0|   10|          0|
    |add_ln58_20526_reg_16325                   |   8|   0|    8|          0|
    |add_ln58_20528_reg_18042                   |  10|   0|   10|          0|
    |add_ln58_20530_reg_16330                   |   8|   0|    8|          0|
    |add_ln58_20532_reg_18047                   |  10|   0|   10|          0|
    |add_ln58_20534_reg_18687                   |  13|   0|   13|          0|
    |add_ln58_20537_reg_18052                   |  10|   0|   10|          0|
    |add_ln58_20539_reg_18057                   |  10|   0|   10|          0|
    |add_ln58_20541_reg_18062                   |  10|   0|   10|          0|
    |add_ln58_20542_reg_18067                   |  10|   0|   10|          0|
    |add_ln58_20544_reg_18692                   |  12|   0|   12|          0|
    |add_ln58_20545_reg_18072                   |  10|   0|   10|          0|
    |add_ln58_20546_reg_18077                   |  10|   0|   10|          0|
    |add_ln58_20548_reg_18082                   |  10|   0|   10|          0|
    |add_ln58_20550_reg_18087                   |  10|   0|   10|          0|
    |add_ln58_20552_reg_18697                   |  12|   0|   12|          0|
    |add_ln58_20556_reg_16335                   |   9|   0|    9|          0|
    |add_ln58_20557_reg_18092                   |  10|   0|   10|          0|
    |add_ln58_20560_reg_18097                   |  10|   0|   10|          0|
    |add_ln58_20562_reg_16340                   |   9|   0|    9|          0|
    |add_ln58_20564_reg_18102                   |  10|   0|   10|          0|
    |add_ln58_20566_reg_16345                   |   9|   0|    9|          0|
    |add_ln58_20567_reg_16350                   |   8|   0|    8|          0|
    |add_ln58_20569_reg_18107                   |  10|   0|   10|          0|
    |add_ln58_20571_reg_18702                   |  13|   0|   13|          0|
    |add_ln58_20575_reg_18112                   |  10|   0|   10|          0|
    |add_ln58_20576_reg_18707                   |  12|   0|   12|          0|
    |add_ln58_20577_reg_18117                   |  10|   0|   10|          0|
    |add_ln58_20578_reg_18122                   |  10|   0|   10|          0|
    |add_ln58_20579_reg_18712                   |  11|   0|   11|          0|
    |add_ln58_20582_reg_18127                   |  10|   0|   10|          0|
    |add_ln58_20583_reg_18132                   |  10|   0|   10|          0|
    |add_ln58_20586_reg_18137                   |  10|   0|   10|          0|
    |add_ln58_20587_reg_18717                   |  12|   0|   12|          0|
    |add_ln58_20589_reg_16360                   |   8|   0|    8|          0|
    |add_ln58_20591_reg_18142                   |  10|   0|   10|          0|
    |add_ln58_20594_reg_18147                   |  10|   0|   10|          0|
    |add_ln58_20597_reg_16365                   |   9|   0|    9|          0|
    |add_ln58_20599_reg_18152                   |  10|   0|   10|          0|
    |add_ln58_20602_reg_18157                   |  10|   0|   10|          0|
    |add_ln58_20604_reg_18722                   |  12|   0|   12|          0|
    |add_ln58_20606_reg_18162                   |  10|   0|   10|          0|
    |add_ln58_20608_reg_18167                   |  10|   0|   10|          0|
    |add_ln58_20610_reg_18172                   |  10|   0|   10|          0|
    |add_ln58_20612_reg_18727                   |  12|   0|   12|          0|
    |add_ln58_20613_reg_18177                   |  10|   0|   10|          0|
    |add_ln58_20615_reg_18182                   |  10|   0|   10|          0|
    |add_ln58_20618_reg_18187                   |  10|   0|   10|          0|
    |add_ln58_20619_reg_18192                   |  10|   0|   10|          0|
    |add_ln58_20621_reg_18732                   |  12|   0|   12|          0|
    |add_ln58_20625_reg_16370                   |   8|   0|    8|          0|
    |add_ln58_20627_reg_18197                   |  11|   0|   11|          0|
    |add_ln58_20628_reg_16375                   |   8|   0|    8|          0|
    |add_ln58_20630_reg_18202                   |  10|   0|   10|          0|
    |add_ln58_20633_reg_16380                   |   8|   0|    8|          0|
    |add_ln58_20635_reg_18207                   |  10|   0|   10|          0|
    |add_ln58_20636_reg_16385                   |   8|   0|    8|          0|
    |add_ln58_20638_reg_18212                   |  10|   0|   10|          0|
    |add_ln58_20640_reg_18737                   |  13|   0|   13|          0|
    |ap_ce_reg                                  |   1|   0|    1|          0|
    |ap_return_0_int_reg                        |  14|   0|   14|          0|
    |ap_return_10_int_reg                       |  14|   0|   14|          0|
    |ap_return_11_int_reg                       |  14|   0|   14|          0|
    |ap_return_12_int_reg                       |  14|   0|   14|          0|
    |ap_return_13_int_reg                       |  14|   0|   14|          0|
    |ap_return_14_int_reg                       |  14|   0|   14|          0|
    |ap_return_15_int_reg                       |  14|   0|   14|          0|
    |ap_return_16_int_reg                       |  14|   0|   14|          0|
    |ap_return_17_int_reg                       |  14|   0|   14|          0|
    |ap_return_18_int_reg                       |  14|   0|   14|          0|
    |ap_return_19_int_reg                       |  14|   0|   14|          0|
    |ap_return_1_int_reg                        |  14|   0|   14|          0|
    |ap_return_20_int_reg                       |  14|   0|   14|          0|
    |ap_return_21_int_reg                       |  14|   0|   14|          0|
    |ap_return_22_int_reg                       |  14|   0|   14|          0|
    |ap_return_23_int_reg                       |  14|   0|   14|          0|
    |ap_return_24_int_reg                       |  14|   0|   14|          0|
    |ap_return_25_int_reg                       |  14|   0|   14|          0|
    |ap_return_26_int_reg                       |  14|   0|   14|          0|
    |ap_return_27_int_reg                       |  14|   0|   14|          0|
    |ap_return_28_int_reg                       |  14|   0|   14|          0|
    |ap_return_29_int_reg                       |  14|   0|   14|          0|
    |ap_return_2_int_reg                        |  14|   0|   14|          0|
    |ap_return_30_int_reg                       |  14|   0|   14|          0|
    |ap_return_31_int_reg                       |  14|   0|   14|          0|
    |ap_return_3_int_reg                        |  14|   0|   14|          0|
    |ap_return_4_int_reg                        |  14|   0|   14|          0|
    |ap_return_5_int_reg                        |  14|   0|   14|          0|
    |ap_return_6_int_reg                        |  14|   0|   14|          0|
    |ap_return_7_int_reg                        |  14|   0|   14|          0|
    |ap_return_8_int_reg                        |  14|   0|   14|          0|
    |ap_return_9_int_reg                        |  14|   0|   14|          0|
    |data_128_val_int_reg                       |   7|   0|    7|          0|
    |data_129_val_int_reg                       |   7|   0|    7|          0|
    |data_130_val_int_reg                       |   7|   0|    7|          0|
    |data_131_val_int_reg                       |   7|   0|    7|          0|
    |data_131_val_read_reg_14837                |   7|   0|    7|          0|
    |data_132_val_int_reg                       |   7|   0|    7|          0|
    |data_132_val_read_reg_14831                |   7|   0|    7|          0|
    |data_133_val_int_reg                       |   7|   0|    7|          0|
    |data_133_val_read_reg_14825                |   7|   0|    7|          0|
    |data_133_val_read_reg_14825_pp0_iter1_reg  |   7|   0|    7|          0|
    |data_134_val_int_reg                       |   7|   0|    7|          0|
    |data_134_val_read_reg_14819                |   7|   0|    7|          0|
    |data_135_val_int_reg                       |   7|   0|    7|          0|
    |data_135_val_read_reg_14814                |   7|   0|    7|          0|
    |data_136_val_int_reg                       |   7|   0|    7|          0|
    |data_136_val_read_reg_14809                |   7|   0|    7|          0|
    |data_137_val_int_reg                       |   7|   0|    7|          0|
    |data_137_val_read_reg_14803                |   7|   0|    7|          0|
    |data_138_val_int_reg                       |   7|   0|    7|          0|
    |data_138_val_read_reg_14798                |   7|   0|    7|          0|
    |data_139_val_int_reg                       |   7|   0|    7|          0|
    |data_139_val_read_reg_14792                |   7|   0|    7|          0|
    |data_140_val_int_reg                       |   7|   0|    7|          0|
    |data_140_val_read_reg_14787                |   7|   0|    7|          0|
    |data_141_val_int_reg                       |   7|   0|    7|          0|
    |data_141_val_read_reg_14781                |   7|   0|    7|          0|
    |data_142_val_int_reg                       |   7|   0|    7|          0|
    |data_142_val_read_reg_14775                |   7|   0|    7|          0|
    |data_143_val_int_reg                       |   7|   0|    7|          0|
    |data_143_val_read_reg_14769                |   7|   0|    7|          0|
    |data_143_val_read_reg_14769_pp0_iter1_reg  |   7|   0|    7|          0|
    |data_144_val_int_reg                       |   7|   0|    7|          0|
    |data_144_val_read_reg_14763                |   7|   0|    7|          0|
    |data_144_val_read_reg_14763_pp0_iter1_reg  |   7|   0|    7|          0|
    |data_145_val_int_reg                       |   7|   0|    7|          0|
    |data_145_val_read_reg_14758                |   7|   0|    7|          0|
    |data_146_val_int_reg                       |   7|   0|    7|          0|
    |data_146_val_read_reg_14753                |   7|   0|    7|          0|
    |data_147_val_int_reg                       |   7|   0|    7|          0|
    |data_147_val_read_reg_14748                |   7|   0|    7|          0|
    |data_148_val_int_reg                       |   7|   0|    7|          0|
    |data_148_val_read_reg_14742                |   7|   0|    7|          0|
    |data_148_val_read_reg_14742_pp0_iter1_reg  |   7|   0|    7|          0|
    |data_149_val_int_reg                       |   7|   0|    7|          0|
    |data_149_val_read_reg_14736                |   7|   0|    7|          0|
    |data_149_val_read_reg_14736_pp0_iter1_reg  |   7|   0|    7|          0|
    |data_150_val_int_reg                       |   7|   0|    7|          0|
    |data_150_val_read_reg_14730                |   7|   0|    7|          0|
    |data_150_val_read_reg_14730_pp0_iter1_reg  |   7|   0|    7|          0|
    |data_151_val_int_reg                       |   7|   0|    7|          0|
    |data_151_val_read_reg_14724                |   7|   0|    7|          0|
    |data_151_val_read_reg_14724_pp0_iter1_reg  |   7|   0|    7|          0|
    |data_152_val_int_reg                       |   7|   0|    7|          0|
    |data_152_val_read_reg_14719                |   7|   0|    7|          0|
    |data_153_val_int_reg                       |   7|   0|    7|          0|
    |data_153_val_read_reg_14713                |   7|   0|    7|          0|
    |data_154_val_int_reg                       |   7|   0|    7|          0|
    |data_154_val_read_reg_14708                |   7|   0|    7|          0|
    |data_155_val_int_reg                       |   7|   0|    7|          0|
    |data_155_val_read_reg_14702                |   7|   0|    7|          0|
    |data_155_val_read_reg_14702_pp0_iter1_reg  |   7|   0|    7|          0|
    |data_156_val_int_reg                       |   7|   0|    7|          0|
    |data_156_val_read_reg_14697                |   7|   0|    7|          0|
    |data_157_val_int_reg                       |   7|   0|    7|          0|
    |data_157_val_read_reg_14691                |   7|   0|    7|          0|
    |data_158_val_int_reg                       |   7|   0|    7|          0|
    |data_158_val_read_reg_14685                |   7|   0|    7|          0|
    |data_159_val_int_reg                       |   7|   0|    7|          0|
    |data_159_val_read_reg_14680                |   7|   0|    7|          0|
    |data_160_val_int_reg                       |   7|   0|    7|          0|
    |data_160_val_read_reg_14674                |   7|   0|    7|          0|
    |data_160_val_read_reg_14674_pp0_iter1_reg  |   7|   0|    7|          0|
    |data_161_val_int_reg                       |   7|   0|    7|          0|
    |data_161_val_read_reg_14669                |   7|   0|    7|          0|
    |data_162_val_int_reg                       |   7|   0|    7|          0|
    |data_162_val_read_reg_14663                |   7|   0|    7|          0|
    |data_162_val_read_reg_14663_pp0_iter1_reg  |   7|   0|    7|          0|
    |data_163_val_int_reg                       |   7|   0|    7|          0|
    |data_163_val_read_reg_14658                |   7|   0|    7|          0|
    |data_164_val_int_reg                       |   7|   0|    7|          0|
    |data_164_val_read_reg_14652                |   7|   0|    7|          0|
    |data_165_val_int_reg                       |   7|   0|    7|          0|
    |data_165_val_read_reg_14646                |   7|   0|    7|          0|
    |data_165_val_read_reg_14646_pp0_iter1_reg  |   7|   0|    7|          0|
    |data_166_val_int_reg                       |   7|   0|    7|          0|
    |data_166_val_read_reg_14640                |   7|   0|    7|          0|
    |data_166_val_read_reg_14640_pp0_iter1_reg  |   7|   0|    7|          0|
    |data_167_val_int_reg                       |   7|   0|    7|          0|
    |data_167_val_read_reg_14634                |   7|   0|    7|          0|
    |data_167_val_read_reg_14634_pp0_iter1_reg  |   7|   0|    7|          0|
    |data_168_val_int_reg                       |   7|   0|    7|          0|
    |data_168_val_read_reg_14628                |   7|   0|    7|          0|
    |data_168_val_read_reg_14628_pp0_iter1_reg  |   7|   0|    7|          0|
    |data_169_val_int_reg                       |   7|   0|    7|          0|
    |data_169_val_read_reg_14622                |   7|   0|    7|          0|
    |data_169_val_read_reg_14622_pp0_iter1_reg  |   7|   0|    7|          0|
    |data_170_val_int_reg                       |   7|   0|    7|          0|
    |data_170_val_read_reg_14617                |   7|   0|    7|          0|
    |data_171_val_int_reg                       |   7|   0|    7|          0|
    |data_171_val_read_reg_14612                |   7|   0|    7|          0|
    |data_172_val_int_reg                       |   7|   0|    7|          0|
    |data_172_val_read_reg_14606                |   7|   0|    7|          0|
    |data_173_val_int_reg                       |   7|   0|    7|          0|
    |data_173_val_read_reg_14600                |   7|   0|    7|          0|
    |data_173_val_read_reg_14600_pp0_iter1_reg  |   7|   0|    7|          0|
    |data_174_val_int_reg                       |   7|   0|    7|          0|
    |data_174_val_read_reg_14595                |   7|   0|    7|          0|
    |data_175_val_int_reg                       |   7|   0|    7|          0|
    |data_175_val_read_reg_14590                |   7|   0|    7|          0|
    |data_176_val_int_reg                       |   7|   0|    7|          0|
    |data_176_val_read_reg_14584                |   7|   0|    7|          0|
    |data_176_val_read_reg_14584_pp0_iter1_reg  |   7|   0|    7|          0|
    |data_177_val_int_reg                       |   7|   0|    7|          0|
    |data_177_val_read_reg_14579                |   7|   0|    7|          0|
    |data_178_val_int_reg                       |   7|   0|    7|          0|
    |data_178_val_read_reg_14573                |   7|   0|    7|          0|
    |data_178_val_read_reg_14573_pp0_iter1_reg  |   7|   0|    7|          0|
    |data_179_val_int_reg                       |   7|   0|    7|          0|
    |data_179_val_read_reg_14568                |   7|   0|    7|          0|
    |data_180_val_int_reg                       |   7|   0|    7|          0|
    |data_180_val_read_reg_14563                |   7|   0|    7|          0|
    |data_181_val_int_reg                       |   7|   0|    7|          0|
    |data_181_val_read_reg_14558                |   7|   0|    7|          0|
    |data_182_val_int_reg                       |   7|   0|    7|          0|
    |data_182_val_read_reg_14553                |   7|   0|    7|          0|
    |data_183_val_int_reg                       |   7|   0|    7|          0|
    |data_183_val_read_reg_14548                |   7|   0|    7|          0|
    |data_184_val_int_reg                       |   7|   0|    7|          0|
    |data_184_val_read_reg_14543                |   7|   0|    7|          0|
    |data_185_val_int_reg                       |   7|   0|    7|          0|
    |data_185_val_read_reg_14538                |   7|   0|    7|          0|
    |data_186_val_int_reg                       |   7|   0|    7|          0|
    |data_186_val_read_reg_14533                |   7|   0|    7|          0|
    |data_187_val_int_reg                       |   7|   0|    7|          0|
    |data_187_val_read_reg_14528                |   7|   0|    7|          0|
    |data_188_val_int_reg                       |   7|   0|    7|          0|
    |data_188_val_read_reg_14523                |   7|   0|    7|          0|
    |data_189_val_int_reg                       |   7|   0|    7|          0|
    |data_189_val_read_reg_14518                |   7|   0|    7|          0|
    |data_190_val_int_reg                       |   7|   0|    7|          0|
    |data_190_val_read_reg_14513                |   7|   0|    7|          0|
    |data_191_val_int_reg                       |   7|   0|    7|          0|
    |data_191_val_read_reg_14508                |   7|   0|    7|          0|
    |sext_ln58_12039_reg_15220                  |   9|   0|    9|          0|
    |sext_ln58_12040_reg_15225                  |  10|   0|   10|          0|
    |sext_ln58_12045_reg_15246                  |  10|   0|   10|          0|
    |sext_ln58_12148_reg_15310                  |   9|   0|    9|          0|
    |sext_ln58_12150_reg_15317                  |   9|   0|    9|          0|
    |sext_ln58_12151_reg_15328                  |   9|   0|    9|          0|
    |sext_ln58_12153_reg_15336                  |   9|   0|    9|          0|
    |sext_ln58_12155_reg_15348                  |   9|   0|    9|          0|
    |sext_ln58_12157_reg_15357                  |   9|   0|    9|          0|
    |sext_ln58_12159_reg_15364                  |   9|   0|    9|          0|
    |sext_ln58_12160_reg_15373                  |   9|   0|    9|          0|
    |sext_ln58_12161_reg_15380                  |   9|   0|    9|          0|
    |sext_ln58_12207_reg_16529                  |  11|   0|   11|          0|
    |sub_ln58_283_reg_14879                     |   8|   0|    8|          0|
    |sub_ln58_284_reg_14899                     |   9|   0|    9|          0|
    |sub_ln58_287_reg_15290                     |   8|   0|    8|          0|
    |sub_ln58_288_reg_15295                     |   8|   0|    8|          0|
    |sub_ln58_289_reg_15300                     |   8|   0|    8|          0|
    |sub_ln58_290_reg_15305                     |   8|   0|    8|          0|
    |sub_ln58_291_reg_15398                     |   8|   0|    8|          0|
    |sub_ln58_292_reg_15473                     |   8|   0|    8|          0|
    |sub_ln58_293_reg_15680                     |   8|   0|    8|          0|
    |sub_ln58_294_reg_15730                     |   8|   0|    8|          0|
    |sub_ln58_295_reg_15817                     |   8|   0|    8|          0|
    |sub_ln58_296_reg_15872                     |   8|   0|    8|          0|
    |sub_ln58_299_reg_16032                     |   8|   0|    8|          0|
    |sub_ln58_301_reg_16129                     |   8|   0|    8|          0|
    |sub_ln58_302_reg_16174                     |   8|   0|    8|          0|
    |sub_ln58_303_reg_16355                     |   8|   0|    8|          0|
    |sub_ln58_reg_14889                         |   9|   0|    9|          0|
    |sub_ln73_794_reg_14873                     |   8|   0|    8|          0|
    |sub_ln73_795_reg_14905                     |   8|   0|    8|          0|
    |sub_ln73_796_reg_14911                     |   8|   0|    8|          0|
    |sub_ln73_797_reg_14917                     |   8|   0|    8|          0|
    |sub_ln73_798_reg_14923                     |   8|   0|    8|          0|
    |sub_ln73_799_reg_14928                     |   8|   0|    8|          0|
    |sub_ln73_800_reg_14933                     |   8|   0|    8|          0|
    |sub_ln73_801_reg_14938                     |   8|   0|    8|          0|
    |sub_ln73_802_reg_14943                     |   8|   0|    8|          0|
    |sub_ln73_803_reg_14948                     |   8|   0|    8|          0|
    |sub_ln73_804_reg_14953                     |   8|   0|    8|          0|
    |sub_ln73_805_reg_14958                     |   8|   0|    8|          0|
    |sub_ln73_806_reg_14964                     |   8|   0|    8|          0|
    |sub_ln73_807_reg_14969                     |   8|   0|    8|          0|
    |sub_ln73_808_reg_14974                     |   8|   0|    8|          0|
    |sub_ln73_809_reg_14980                     |   8|   0|    8|          0|
    |sub_ln73_810_reg_14986                     |   8|   0|    8|          0|
    |sub_ln73_811_reg_14992                     |   8|   0|    8|          0|
    |sub_ln73_812_reg_14998                     |   8|   0|    8|          0|
    |sub_ln73_813_reg_15004                     |   8|   0|    8|          0|
    |sub_ln73_814_reg_15010                     |   8|   0|    8|          0|
    |sub_ln73_815_reg_15016                     |   8|   0|    8|          0|
    |sub_ln73_816_reg_15022                     |   8|   0|    8|          0|
    |sub_ln73_817_reg_15028                     |   8|   0|    8|          0|
    |sub_ln73_818_reg_15034                     |   8|   0|    8|          0|
    |sub_ln73_819_reg_15040                     |   8|   0|    8|          0|
    |sub_ln73_820_reg_15046                     |   8|   0|    8|          0|
    |sub_ln73_821_reg_15052                     |   8|   0|    8|          0|
    |sub_ln73_822_reg_15058                     |   8|   0|    8|          0|
    |sub_ln73_823_reg_15064                     |   8|   0|    8|          0|
    |sub_ln73_824_reg_15070                     |   8|   0|    8|          0|
    |sub_ln73_825_reg_15076                     |   8|   0|    8|          0|
    |sub_ln73_826_reg_15082                     |   8|   0|    8|          0|
    |sub_ln73_827_reg_15088                     |   8|   0|    8|          0|
    |sub_ln73_828_reg_15094                     |   8|   0|    8|          0|
    |sub_ln73_829_reg_15099                     |   8|   0|    8|          0|
    |sub_ln73_830_reg_15105                     |   8|   0|    8|          0|
    |sub_ln73_831_reg_15110                     |   8|   0|    8|          0|
    |sub_ln73_832_reg_15116                     |   8|   0|    8|          0|
    |sub_ln73_833_reg_15122                     |   8|   0|    8|          0|
    |sub_ln73_834_reg_15127                     |   8|   0|    8|          0|
    |sub_ln73_835_reg_15133                     |   8|   0|    8|          0|
    |sub_ln73_836_reg_15138                     |   8|   0|    8|          0|
    |sub_ln73_837_reg_15143                     |   8|   0|    8|          0|
    |sub_ln73_838_reg_15149                     |   8|   0|    8|          0|
    |sub_ln73_839_reg_15155                     |   8|   0|    8|          0|
    |sub_ln73_840_reg_15161                     |   8|   0|    8|          0|
    |sub_ln73_841_reg_15167                     |   8|   0|    8|          0|
    |sub_ln73_842_reg_15172                     |   8|   0|    8|          0|
    |sub_ln73_843_reg_15178                     |   8|   0|    8|          0|
    |sub_ln73_844_reg_15184                     |   8|   0|    8|          0|
    |sub_ln73_845_reg_15190                     |   8|   0|    8|          0|
    |sub_ln73_846_reg_15195                     |   8|   0|    8|          0|
    |sub_ln73_848_reg_15200                     |   8|   0|    8|          0|
    |sub_ln73_850_reg_15205                     |   8|   0|    8|          0|
    |sub_ln73_851_reg_15210                     |   8|   0|    8|          0|
    |sub_ln73_852_reg_15215                     |   8|   0|    8|          0|
    |sub_ln73_reg_14860                         |   8|   0|    8|          0|
    |zext_ln58_8734_reg_15495                   |   8|   0|    9|          1|
    |zext_ln58_8765_reg_15574                   |   8|   0|    9|          1|
    |zext_ln58_8841_reg_15740                   |   8|   0|    9|          1|
    |zext_ln58_reg_14884                        |   8|   0|    9|          1|
    |zext_ln70_820_reg_14848                    |   7|   0|    8|          1|
    |zext_ln70_821_reg_14853                    |   7|   0|    8|          1|
    |zext_ln70_822_reg_14866                    |   7|   0|    8|          1|
    |zext_ln70_reg_14843                        |   7|   0|    8|          1|
    +-------------------------------------------+----+----+-----+-----------+
    |Total                                      |8807|   0| 8815|          8|
    +-------------------------------------------+----+----+-----+-----------+



================================================================
== Interface
================================================================
* Summary: 
+--------------+-----+-----+------------+----------------------------------------------------------------+--------------+
|   RTL Ports  | Dir | Bits|  Protocol  |                          Source Object                         |    C Type    |
+--------------+-----+-----+------------+----------------------------------------------------------------+--------------+
|ap_clk        |   in|    1|  ap_ctrl_hs|  dense_latency<ap_ufixed,ap_fixed<14,9,4,0,0>,config36_dense>.7|  return value|
|ap_rst        |   in|    1|  ap_ctrl_hs|  dense_latency<ap_ufixed,ap_fixed<14,9,4,0,0>,config36_dense>.7|  return value|
|ap_return_0   |  out|   14|  ap_ctrl_hs|  dense_latency<ap_ufixed,ap_fixed<14,9,4,0,0>,config36_dense>.7|  return value|
|ap_return_1   |  out|   14|  ap_ctrl_hs|  dense_latency<ap_ufixed,ap_fixed<14,9,4,0,0>,config36_dense>.7|  return value|
|ap_return_2   |  out|   14|  ap_ctrl_hs|  dense_latency<ap_ufixed,ap_fixed<14,9,4,0,0>,config36_dense>.7|  return value|
|ap_return_3   |  out|   14|  ap_ctrl_hs|  dense_latency<ap_ufixed,ap_fixed<14,9,4,0,0>,config36_dense>.7|  return value|
|ap_return_4   |  out|   14|  ap_ctrl_hs|  dense_latency<ap_ufixed,ap_fixed<14,9,4,0,0>,config36_dense>.7|  return value|
|ap_return_5   |  out|   14|  ap_ctrl_hs|  dense_latency<ap_ufixed,ap_fixed<14,9,4,0,0>,config36_dense>.7|  return value|
|ap_return_6   |  out|   14|  ap_ctrl_hs|  dense_latency<ap_ufixed,ap_fixed<14,9,4,0,0>,config36_dense>.7|  return value|
|ap_return_7   |  out|   14|  ap_ctrl_hs|  dense_latency<ap_ufixed,ap_fixed<14,9,4,0,0>,config36_dense>.7|  return value|
|ap_return_8   |  out|   14|  ap_ctrl_hs|  dense_latency<ap_ufixed,ap_fixed<14,9,4,0,0>,config36_dense>.7|  return value|
|ap_return_9   |  out|   14|  ap_ctrl_hs|  dense_latency<ap_ufixed,ap_fixed<14,9,4,0,0>,config36_dense>.7|  return value|
|ap_return_10  |  out|   14|  ap_ctrl_hs|  dense_latency<ap_ufixed,ap_fixed<14,9,4,0,0>,config36_dense>.7|  return value|
|ap_return_11  |  out|   14|  ap_ctrl_hs|  dense_latency<ap_ufixed,ap_fixed<14,9,4,0,0>,config36_dense>.7|  return value|
|ap_return_12  |  out|   14|  ap_ctrl_hs|  dense_latency<ap_ufixed,ap_fixed<14,9,4,0,0>,config36_dense>.7|  return value|
|ap_return_13  |  out|   14|  ap_ctrl_hs|  dense_latency<ap_ufixed,ap_fixed<14,9,4,0,0>,config36_dense>.7|  return value|
|ap_return_14  |  out|   14|  ap_ctrl_hs|  dense_latency<ap_ufixed,ap_fixed<14,9,4,0,0>,config36_dense>.7|  return value|
|ap_return_15  |  out|   14|  ap_ctrl_hs|  dense_latency<ap_ufixed,ap_fixed<14,9,4,0,0>,config36_dense>.7|  return value|
|ap_return_16  |  out|   14|  ap_ctrl_hs|  dense_latency<ap_ufixed,ap_fixed<14,9,4,0,0>,config36_dense>.7|  return value|
|ap_return_17  |  out|   14|  ap_ctrl_hs|  dense_latency<ap_ufixed,ap_fixed<14,9,4,0,0>,config36_dense>.7|  return value|
|ap_return_18  |  out|   14|  ap_ctrl_hs|  dense_latency<ap_ufixed,ap_fixed<14,9,4,0,0>,config36_dense>.7|  return value|
|ap_return_19  |  out|   14|  ap_ctrl_hs|  dense_latency<ap_ufixed,ap_fixed<14,9,4,0,0>,config36_dense>.7|  return value|
|ap_return_20  |  out|   14|  ap_ctrl_hs|  dense_latency<ap_ufixed,ap_fixed<14,9,4,0,0>,config36_dense>.7|  return value|
|ap_return_21  |  out|   14|  ap_ctrl_hs|  dense_latency<ap_ufixed,ap_fixed<14,9,4,0,0>,config36_dense>.7|  return value|
|ap_return_22  |  out|   14|  ap_ctrl_hs|  dense_latency<ap_ufixed,ap_fixed<14,9,4,0,0>,config36_dense>.7|  return value|
|ap_return_23  |  out|   14|  ap_ctrl_hs|  dense_latency<ap_ufixed,ap_fixed<14,9,4,0,0>,config36_dense>.7|  return value|
|ap_return_24  |  out|   14|  ap_ctrl_hs|  dense_latency<ap_ufixed,ap_fixed<14,9,4,0,0>,config36_dense>.7|  return value|
|ap_return_25  |  out|   14|  ap_ctrl_hs|  dense_latency<ap_ufixed,ap_fixed<14,9,4,0,0>,config36_dense>.7|  return value|
|ap_return_26  |  out|   14|  ap_ctrl_hs|  dense_latency<ap_ufixed,ap_fixed<14,9,4,0,0>,config36_dense>.7|  return value|
|ap_return_27  |  out|   14|  ap_ctrl_hs|  dense_latency<ap_ufixed,ap_fixed<14,9,4,0,0>,config36_dense>.7|  return value|
|ap_return_28  |  out|   14|  ap_ctrl_hs|  dense_latency<ap_ufixed,ap_fixed<14,9,4,0,0>,config36_dense>.7|  return value|
|ap_return_29  |  out|   14|  ap_ctrl_hs|  dense_latency<ap_ufixed,ap_fixed<14,9,4,0,0>,config36_dense>.7|  return value|
|ap_return_30  |  out|   14|  ap_ctrl_hs|  dense_latency<ap_ufixed,ap_fixed<14,9,4,0,0>,config36_dense>.7|  return value|
|ap_return_31  |  out|   14|  ap_ctrl_hs|  dense_latency<ap_ufixed,ap_fixed<14,9,4,0,0>,config36_dense>.7|  return value|
|ap_ce         |   in|    1|  ap_ctrl_hs|  dense_latency<ap_ufixed,ap_fixed<14,9,4,0,0>,config36_dense>.7|  return value|
|data_128_val  |   in|    7|     ap_none|                                                    data_128_val|        scalar|
|data_129_val  |   in|    7|     ap_none|                                                    data_129_val|        scalar|
|data_130_val  |   in|    7|     ap_none|                                                    data_130_val|        scalar|
|data_131_val  |   in|    7|     ap_none|                                                    data_131_val|        scalar|
|data_132_val  |   in|    7|     ap_none|                                                    data_132_val|        scalar|
|data_133_val  |   in|    7|     ap_none|                                                    data_133_val|        scalar|
|data_134_val  |   in|    7|     ap_none|                                                    data_134_val|        scalar|
|data_135_val  |   in|    7|     ap_none|                                                    data_135_val|        scalar|
|data_136_val  |   in|    7|     ap_none|                                                    data_136_val|        scalar|
|data_137_val  |   in|    7|     ap_none|                                                    data_137_val|        scalar|
|data_138_val  |   in|    7|     ap_none|                                                    data_138_val|        scalar|
|data_139_val  |   in|    7|     ap_none|                                                    data_139_val|        scalar|
|data_140_val  |   in|    7|     ap_none|                                                    data_140_val|        scalar|
|data_141_val  |   in|    7|     ap_none|                                                    data_141_val|        scalar|
|data_142_val  |   in|    7|     ap_none|                                                    data_142_val|        scalar|
|data_143_val  |   in|    7|     ap_none|                                                    data_143_val|        scalar|
|data_144_val  |   in|    7|     ap_none|                                                    data_144_val|        scalar|
|data_145_val  |   in|    7|     ap_none|                                                    data_145_val|        scalar|
|data_146_val  |   in|    7|     ap_none|                                                    data_146_val|        scalar|
|data_147_val  |   in|    7|     ap_none|                                                    data_147_val|        scalar|
|data_148_val  |   in|    7|     ap_none|                                                    data_148_val|        scalar|
|data_149_val  |   in|    7|     ap_none|                                                    data_149_val|        scalar|
|data_150_val  |   in|    7|     ap_none|                                                    data_150_val|        scalar|
|data_151_val  |   in|    7|     ap_none|                                                    data_151_val|        scalar|
|data_152_val  |   in|    7|     ap_none|                                                    data_152_val|        scalar|
|data_153_val  |   in|    7|     ap_none|                                                    data_153_val|        scalar|
|data_154_val  |   in|    7|     ap_none|                                                    data_154_val|        scalar|
|data_155_val  |   in|    7|     ap_none|                                                    data_155_val|        scalar|
|data_156_val  |   in|    7|     ap_none|                                                    data_156_val|        scalar|
|data_157_val  |   in|    7|     ap_none|                                                    data_157_val|        scalar|
|data_158_val  |   in|    7|     ap_none|                                                    data_158_val|        scalar|
|data_159_val  |   in|    7|     ap_none|                                                    data_159_val|        scalar|
|data_160_val  |   in|    7|     ap_none|                                                    data_160_val|        scalar|
|data_161_val  |   in|    7|     ap_none|                                                    data_161_val|        scalar|
|data_162_val  |   in|    7|     ap_none|                                                    data_162_val|        scalar|
|data_163_val  |   in|    7|     ap_none|                                                    data_163_val|        scalar|
|data_164_val  |   in|    7|     ap_none|                                                    data_164_val|        scalar|
|data_165_val  |   in|    7|     ap_none|                                                    data_165_val|        scalar|
|data_166_val  |   in|    7|     ap_none|                                                    data_166_val|        scalar|
|data_167_val  |   in|    7|     ap_none|                                                    data_167_val|        scalar|
|data_168_val  |   in|    7|     ap_none|                                                    data_168_val|        scalar|
|data_169_val  |   in|    7|     ap_none|                                                    data_169_val|        scalar|
|data_170_val  |   in|    7|     ap_none|                                                    data_170_val|        scalar|
|data_171_val  |   in|    7|     ap_none|                                                    data_171_val|        scalar|
|data_172_val  |   in|    7|     ap_none|                                                    data_172_val|        scalar|
|data_173_val  |   in|    7|     ap_none|                                                    data_173_val|        scalar|
|data_174_val  |   in|    7|     ap_none|                                                    data_174_val|        scalar|
|data_175_val  |   in|    7|     ap_none|                                                    data_175_val|        scalar|
|data_176_val  |   in|    7|     ap_none|                                                    data_176_val|        scalar|
|data_177_val  |   in|    7|     ap_none|                                                    data_177_val|        scalar|
|data_178_val  |   in|    7|     ap_none|                                                    data_178_val|        scalar|
|data_179_val  |   in|    7|     ap_none|                                                    data_179_val|        scalar|
|data_180_val  |   in|    7|     ap_none|                                                    data_180_val|        scalar|
|data_181_val  |   in|    7|     ap_none|                                                    data_181_val|        scalar|
|data_182_val  |   in|    7|     ap_none|                                                    data_182_val|        scalar|
|data_183_val  |   in|    7|     ap_none|                                                    data_183_val|        scalar|
|data_184_val  |   in|    7|     ap_none|                                                    data_184_val|        scalar|
|data_185_val  |   in|    7|     ap_none|                                                    data_185_val|        scalar|
|data_186_val  |   in|    7|     ap_none|                                                    data_186_val|        scalar|
|data_187_val  |   in|    7|     ap_none|                                                    data_187_val|        scalar|
|data_188_val  |   in|    7|     ap_none|                                                    data_188_val|        scalar|
|data_189_val  |   in|    7|     ap_none|                                                    data_189_val|        scalar|
|data_190_val  |   in|    7|     ap_none|                                                    data_190_val|        scalar|
|data_191_val  |   in|    7|     ap_none|                                                    data_191_val|        scalar|
+--------------+-----+-----+------------+----------------------------------------------------------------+--------------+

