

================================================================
== Vitis HLS Report for 'dense_latency_ap_fixed_8_3_5_3_0_ap_fixed_13_8_4_0_0_config31_dense_84'
================================================================
* Date:           Tue Aug  4 13:55:36 2026

* Version:        2023.2 (Build 4023990 on Oct 11 2023)
* Project:        myproject_prj
* Solution:       solution1 (Vivado IP Flow Target)
* Product family: virtexuplus
* Target device:  xcvu13p-flga2577-2-e


================================================================
== Performance Estimates
================================================================
+ Timing: 
    * Summary: 
    +--------+---------+----------+------------+
    |  Clock |  Target | Estimated| Uncertainty|
    +--------+---------+----------+------------+
    |ap_clk  |  2.50 ns|  1.574 ns|     0.68 ns|
    +--------+---------+----------+------------+

+ Latency: 
    * Summary: 
    +---------+---------+----------+----------+-----+-----+---------+
    |  Latency (cycles) |  Latency (absolute) |  Interval | Pipeline|
    |   min   |   max   |    min   |    max   | min | max |   Type  |
    +---------+---------+----------+----------+-----+-----+---------+
    |        3|        3|  7.500 ns|  7.500 ns|    1|    1|      yes|
    +---------+---------+----------+----------+-----+-----+---------+

    + Detail: 
        * Instance: 
        N/A

        * Loop: 
        N/A



================================================================
== Utilization Estimates
================================================================
* Summary: 
+---------------------+---------+-------+---------+---------+------+
|         Name        | BRAM_18K|  DSP  |    FF   |   LUT   | URAM |
+---------------------+---------+-------+---------+---------+------+
|DSP                  |        -|      -|        -|        -|     -|
|Expression           |        -|      -|        0|    20560|     -|
|FIFO                 |        -|      -|        -|        -|     -|
|Instance             |        -|      -|        -|        -|     -|
|Memory               |        -|      -|        -|        -|     -|
|Multiplexer          |        -|      -|        -|      896|     -|
|Register             |        -|      -|     6900|        -|     -|
+---------------------+---------+-------+---------+---------+------+
|Total                |        0|      0|     6900|    21456|     0|
+---------------------+---------+-------+---------+---------+------+
|Available SLR        |     1344|   3072|   864000|   432000|   320|
+---------------------+---------+-------+---------+---------+------+
|Utilization SLR (%)  |        0|      0|       ~0|        4|     0|
+---------------------+---------+-------+---------+---------+------+
|Available            |     5376|  12288|  3456000|  1728000|  1280|
+---------------------+---------+-------+---------+---------+------+
|Utilization (%)      |        0|      0|       ~0|        1|     0|
+---------------------+---------+-------+---------+---------+------+

+ Detail: 
    * Instance: 
    N/A

    * DSP: 
    N/A

    * Memory: 
    N/A

    * FIFO: 
    N/A

    * Expression: 
    +----------------------------+----------+----+---+-----+------------+------------+
    |        Variable Name       | Operation| DSP| FF| LUT | Bitwidth P0| Bitwidth P1|
    +----------------------------+----------+----+---+-----+------------+------------+
    |add_ln58_91117_fu_346_p2    |         +|   0|  0|   17|          10|          10|
    |add_ln58_91118_fu_364_p2    |         +|   0|  0|   17|          10|          10|
    |add_ln58_91119_fu_376_p2    |         +|   0|  0|   17|          10|          10|
    |add_ln58_91120_fu_644_p2    |         +|   0|  0|   17|          10|          10|
    |add_ln58_91121_fu_1763_p2   |         +|   0|  0|   17|          10|          10|
    |add_ln58_91122_fu_652_p2    |         +|   0|  0|   17|          10|          10|
    |add_ln58_91123_fu_661_p2    |         +|   0|  0|   17|          10|          10|
    |add_ln58_91124_fu_670_p2    |         +|   0|  0|   17|          10|          10|
    |add_ln58_91125_fu_679_p2    |         +|   0|  0|   18|          10|          10|
    |add_ln58_91126_fu_689_p2    |         +|   0|  0|   17|          10|          10|
    |add_ln58_91127_fu_694_p2    |         +|   0|  0|   17|          10|          10|
    |add_ln58_91128_fu_703_p2    |         +|   0|  0|   17|          10|          10|
    |add_ln58_91129_fu_712_p2    |         +|   0|  0|   17|          10|          10|
    |add_ln58_91130_fu_717_p2    |         +|   0|  0|   17|          10|          10|
    |add_ln58_91131_fu_722_p2    |         +|   0|  0|   17|          10|          10|
    |add_ln58_91132_fu_736_p2    |         +|   0|  0|   18|          11|          11|
    |add_ln58_91133_fu_748_p2    |         +|   0|  0|   18|          11|          11|
    |add_ln58_91134_fu_754_p2    |         +|   0|  0|   18|          11|          11|
    |add_ln58_91135_fu_779_p2    |         +|   0|  0|   18|          11|          11|
    |add_ln58_91136_fu_795_p2    |         +|   0|  0|   18|          11|          11|
    |add_ln58_91137_fu_1796_p2   |         +|   0|  0|   18|          11|          11|
    |add_ln58_91138_fu_1810_p2   |         +|   0|  0|   18|          11|          11|
    |add_ln58_91139_fu_1815_p2   |         +|   0|  0|   18|          11|          11|
    |add_ln58_91140_fu_807_p2    |         +|   0|  0|   16|           9|           9|
    |add_ln58_91141_fu_1823_p2   |         +|   0|  0|   18|          11|          11|
    |add_ln58_91142_fu_1828_p2   |         +|   0|  0|   18|          11|          11|
    |add_ln58_91143_fu_1833_p2   |         +|   0|  0|   18|          11|          11|
    |add_ln58_91144_fu_1838_p2   |         +|   0|  0|   18|          11|          11|
    |add_ln58_91145_fu_821_p2    |         +|   0|  0|   18|          11|          11|
    |add_ln58_91146_fu_1843_p2   |         +|   0|  0|   18|          11|          11|
    |add_ln58_91147_fu_1848_p2   |         +|   0|  0|   18|          11|          11|
    |add_ln58_91148_fu_1853_p2   |         +|   0|  0|   18|          11|          11|
    |add_ln58_91149_fu_1858_p2   |         +|   0|  0|   18|          11|          11|
    |add_ln58_91150_fu_1863_p2   |         +|   0|  0|   18|          11|          11|
    |add_ln58_91151_fu_1868_p2   |         +|   0|  0|   18|          11|          11|
    |add_ln58_91152_fu_1881_p2   |         +|   0|  0|   17|          11|          11|
    |add_ln58_91153_fu_1894_p2   |         +|   0|  0|   18|          11|          11|
    |add_ln58_91154_fu_1903_p2   |         +|   0|  0|   18|          11|          11|
    |add_ln58_91155_fu_1908_p2   |         +|   0|  0|   18|          11|          11|
    |add_ln58_91156_fu_833_p2    |         +|   0|  0|   16|           9|           9|
    |add_ln58_91157_fu_1917_p2   |         +|   0|  0|   18|          11|          11|
    |add_ln58_91158_fu_1926_p2   |         +|   0|  0|   18|          11|          11|
    |add_ln58_91159_fu_842_p2    |         +|   0|  0|   16|           9|           9|
    |add_ln58_91160_fu_1940_p2   |         +|   0|  0|   17|          10|          10|
    |add_ln58_91161_fu_1950_p2   |         +|   0|  0|   17|          11|          11|
    |add_ln58_91162_fu_1959_p2   |         +|   0|  0|   17|          11|          11|
    |add_ln58_91163_fu_1967_p2   |         +|   0|  0|   17|          11|          11|
    |add_ln58_91164_fu_1973_p2   |         +|   0|  0|   18|          11|          11|
    |add_ln58_91165_fu_1994_p2   |         +|   0|  0|   18|          11|          11|
    |add_ln58_91166_fu_2016_p2   |         +|   0|  0|   18|          10|          10|
    |add_ln58_91167_fu_2026_p2   |         +|   0|  0|   19|          12|          12|
    |add_ln58_91168_fu_2044_p2   |         +|   0|  0|   17|          11|          11|
    |add_ln58_91169_fu_2052_p2   |         +|   0|  0|   17|          11|          11|
    |add_ln58_91170_fu_875_p2    |         +|   0|  0|   16|           9|           9|
    |add_ln58_91171_fu_881_p2    |         +|   0|  0|   16|           9|           9|
    |add_ln58_91172_fu_2068_p2   |         +|   0|  0|   17|          10|          10|
    |add_ln58_91173_fu_2078_p2   |         +|   0|  0|   19|          12|          12|
    |add_ln58_91174_fu_2151_p2   |         +|   0|  0|   17|          12|          12|
    |add_ln58_91175_fu_2162_p2   |         +|   0|  0|   18|          10|          10|
    |add_ln58_91176_fu_2172_p2   |         +|   0|  0|   17|          12|          12|
    |add_ln58_91177_fu_2178_p2   |         +|   0|  0|   17|          10|          10|
    |add_ln58_91178_fu_2198_p2   |         +|   0|  0|   17|          11|          11|
    |add_ln58_91179_fu_2204_p2   |         +|   0|  0|   17|          11|          11|
    |add_ln58_91180_fu_7297_p2   |         +|   0|  0|   17|          13|          13|
    |add_ln58_91181_fu_959_p2    |         +|   0|  0|   16|           9|           9|
    |add_ln58_91182_fu_2213_p2   |         +|   0|  0|   17|          10|          10|
    |add_ln58_91183_fu_965_p2    |         +|   0|  0|   16|           9|           9|
    |add_ln58_91184_fu_2225_p2   |         +|   0|  0|   17|          10|          10|
    |add_ln58_91185_fu_2235_p2   |         +|   0|  0|   18|          11|          11|
    |add_ln58_91186_fu_971_p2    |         +|   0|  0|   16|           9|           9|
    |add_ln58_91187_fu_2244_p2   |         +|   0|  0|   17|          10|          10|
    |add_ln58_91188_fu_977_p2    |         +|   0|  0|   16|           9|           9|
    |add_ln58_91189_fu_983_p2    |         +|   0|  0|   16|           9|           9|
    |add_ln58_91190_fu_2260_p2   |         +|   0|  0|   17|          10|          10|
    |add_ln58_91191_fu_2270_p2   |         +|   0|  0|   18|          11|          11|
    |add_ln58_91192_fu_7309_p2   |         +|   0|  0|   19|          12|          12|
    |add_ln58_91193_fu_7319_p2   |         +|   0|  0|   17|          13|          13|
    |add_ln58_91194_fu_7328_p2   |         +|   0|  0|   17|          12|          12|
    |add_ln58_91195_fu_2287_p2   |         +|   0|  0|   17|          10|          10|
    |add_ln58_91196_fu_7337_p2   |         +|   0|  0|   17|          12|          12|
    |add_ln58_91197_fu_2298_p2   |         +|   0|  0|   18|          10|          10|
    |add_ln58_91198_fu_2303_p2   |         +|   0|  0|   17|          10|          10|
    |add_ln58_91199_fu_7353_p2   |         +|   0|  0|   18|          11|          11|
    |add_ln58_91200_fu_7363_p2   |         +|   0|  0|   17|          13|          13|
    |add_ln58_91201_fu_989_p2    |         +|   0|  0|   16|           9|           9|
    |add_ln58_91202_fu_995_p2    |         +|   0|  0|   16|           9|           9|
    |add_ln58_91203_fu_2327_p2   |         +|   0|  0|   17|          10|          10|
    |add_ln58_91204_fu_2337_p2   |         +|   0|  0|   18|          11|          11|
    |add_ln58_91205_fu_1001_p2   |         +|   0|  0|   16|           9|           9|
    |add_ln58_91206_fu_2346_p2   |         +|   0|  0|   17|          10|          10|
    |add_ln58_91207_fu_1007_p2   |         +|   0|  0|   16|           9|           9|
    |add_ln58_91208_fu_1013_p2   |         +|   0|  0|   16|           9|           9|
    |add_ln58_91209_fu_2362_p2   |         +|   0|  0|   17|          10|          10|
    |add_ln58_91210_fu_2372_p2   |         +|   0|  0|   18|          11|          11|
    |add_ln58_91211_fu_7375_p2   |         +|   0|  0|   19|          12|          12|
    |add_ln58_91212_fu_7385_p2   |         +|   0|  0|   17|          13|          13|
    |add_ln58_91213_fu_2378_p2   |         +|   0|  0|   18|          11|          11|
    |add_ln58_91214_fu_2390_p2   |         +|   0|  0|   17|          10|          10|
    |add_ln58_91215_fu_7397_p2   |         +|   0|  0|   19|          12|          12|
    |add_ln58_91216_fu_2402_p2   |         +|   0|  0|   17|          10|          10|
    |add_ln58_91217_fu_7410_p2   |         +|   0|  0|   17|          11|          11|
    |add_ln58_91218_fu_7414_p2   |         +|   0|  0|   17|          11|          11|
    |add_ln58_91219_fu_7424_p2   |         +|   0|  0|   17|          13|          13|
    |add_ln58_91220_fu_2419_p2   |         +|   0|  0|   17|          10|          10|
    |add_ln58_91221_fu_1029_p2   |         +|   0|  0|   16|           9|           9|
    |add_ln58_91222_fu_1035_p2   |         +|   0|  0|   16|           9|           9|
    |add_ln58_91223_fu_2434_p2   |         +|   0|  0|   17|          10|          10|
    |add_ln58_91224_fu_2444_p2   |         +|   0|  0|   18|          11|          11|
    |add_ln58_91225_fu_1041_p2   |         +|   0|  0|   16|           9|           9|
    |add_ln58_91226_fu_2453_p2   |         +|   0|  0|   17|          10|          10|
    |add_ln58_91227_fu_1047_p2   |         +|   0|  0|   16|           9|           9|
    |add_ln58_91228_fu_2466_p2   |         +|   0|  0|   17|          10|          10|
    |add_ln58_91229_fu_2476_p2   |         +|   0|  0|   18|          11|          11|
    |add_ln58_91230_fu_7436_p2   |         +|   0|  0|   19|          12|          12|
    |add_ln58_91231_fu_7446_p2   |         +|   0|  0|   17|          13|          13|
    |add_ln58_91232_fu_2495_p2   |         +|   0|  0|   18|          11|          11|
    |add_ln58_91233_fu_2507_p2   |         +|   0|  0|   17|          10|          10|
    |add_ln58_91234_fu_7458_p2   |         +|   0|  0|   19|          12|          12|
    |add_ln58_91235_fu_2518_p2   |         +|   0|  0|   17|          10|          10|
    |add_ln58_91236_fu_2526_p2   |         +|   0|  0|   18|          11|          11|
    |add_ln58_91237_fu_7471_p2   |         +|   0|  0|   18|          11|          11|
    |add_ln58_91238_fu_7480_p2   |         +|   0|  0|   17|          13|          13|
    |add_ln58_91239_fu_1065_p2   |         +|   0|  0|   16|           9|           9|
    |add_ln58_91240_fu_1071_p2   |         +|   0|  0|   16|           9|           9|
    |add_ln58_91241_fu_2550_p2   |         +|   0|  0|   17|          10|          10|
    |add_ln58_91242_fu_2560_p2   |         +|   0|  0|   18|          11|          11|
    |add_ln58_91243_fu_1077_p2   |         +|   0|  0|   16|           9|           9|
    |add_ln58_91244_fu_2569_p2   |         +|   0|  0|   17|          10|          10|
    |add_ln58_91245_fu_1083_p2   |         +|   0|  0|   16|           9|           9|
    |add_ln58_91246_fu_2582_p2   |         +|   0|  0|   17|          10|          10|
    |add_ln58_91247_fu_2592_p2   |         +|   0|  0|   18|          11|          11|
    |add_ln58_91248_fu_7492_p2   |         +|   0|  0|   19|          12|          12|
    |add_ln58_91249_fu_7502_p2   |         +|   0|  0|   17|          13|          13|
    |add_ln58_91250_fu_2608_p2   |         +|   0|  0|   18|          11|          11|
    |add_ln58_91251_fu_2633_p2   |         +|   0|  0|   18|          11|          11|
    |add_ln58_91252_fu_7514_p2   |         +|   0|  0|   19|          12|          12|
    |add_ln58_91253_fu_2639_p2   |         +|   0|  0|   17|          10|          10|
    |add_ln58_91254_fu_2650_p2   |         +|   0|  0|   17|          10|          10|
    |add_ln58_91255_fu_2659_p2   |         +|   0|  0|   18|          11|          11|
    |add_ln58_91256_fu_7527_p2   |         +|   0|  0|   17|          13|          13|
    |add_ln58_91257_fu_1095_p2   |         +|   0|  0|   16|           9|           9|
    |add_ln58_91258_fu_2668_p2   |         +|   0|  0|   17|          10|          10|
    |add_ln58_91259_fu_1101_p2   |         +|   0|  0|   16|           9|           9|
    |add_ln58_91260_fu_2680_p2   |         +|   0|  0|   17|          10|          10|
    |add_ln58_91261_fu_2690_p2   |         +|   0|  0|   18|          11|          11|
    |add_ln58_91262_fu_1107_p2   |         +|   0|  0|   16|           9|           9|
    |add_ln58_91263_fu_2699_p2   |         +|   0|  0|   17|          10|          10|
    |add_ln58_91264_fu_1113_p2   |         +|   0|  0|   16|           9|           9|
    |add_ln58_91265_fu_2711_p2   |         +|   0|  0|   17|          10|          10|
    |add_ln58_91266_fu_2721_p2   |         +|   0|  0|   18|          11|          11|
    |add_ln58_91267_fu_7539_p2   |         +|   0|  0|   19|          12|          12|
    |add_ln58_91268_fu_7549_p2   |         +|   0|  0|   17|          13|          13|
    |add_ln58_91269_fu_2737_p2   |         +|   0|  0|   18|          11|          11|
    |add_ln58_91270_fu_2749_p2   |         +|   0|  0|   17|          10|          10|
    |add_ln58_91271_fu_7561_p2   |         +|   0|  0|   19|          12|          12|
    |add_ln58_91272_fu_2760_p2   |         +|   0|  0|   17|          10|          10|
    |add_ln58_91273_fu_2768_p2   |         +|   0|  0|   17|          10|          10|
    |add_ln58_91274_fu_7577_p2   |         +|   0|  0|   18|          11|          11|
    |add_ln58_91275_fu_7587_p2   |         +|   0|  0|   17|          13|          13|
    |add_ln58_91276_fu_2774_p2   |         +|   0|  0|   17|          10|          10|
    |add_ln58_91277_fu_1125_p2   |         +|   0|  0|   16|           9|           9|
    |add_ln58_91278_fu_1131_p2   |         +|   0|  0|   16|           9|           9|
    |add_ln58_91279_fu_2790_p2   |         +|   0|  0|   17|          10|          10|
    |add_ln58_91280_fu_2800_p2   |         +|   0|  0|   18|          11|          11|
    |add_ln58_91281_fu_1137_p2   |         +|   0|  0|   16|           9|           9|
    |add_ln58_91282_fu_2809_p2   |         +|   0|  0|   17|          10|          10|
    |add_ln58_91283_fu_1143_p2   |         +|   0|  0|   16|           9|           9|
    |add_ln58_91284_fu_1149_p2   |         +|   0|  0|   16|           9|           9|
    |add_ln58_91285_fu_2824_p2   |         +|   0|  0|   17|          10|          10|
    |add_ln58_91286_fu_2834_p2   |         +|   0|  0|   18|          11|          11|
    |add_ln58_91287_fu_7599_p2   |         +|   0|  0|   19|          12|          12|
    |add_ln58_91288_fu_7609_p2   |         +|   0|  0|   17|          13|          13|
    |add_ln58_91289_fu_2849_p2   |         +|   0|  0|   18|          11|          11|
    |add_ln58_91290_fu_2861_p2   |         +|   0|  0|   17|          10|          10|
    |add_ln58_91291_fu_7621_p2   |         +|   0|  0|   19|          12|          12|
    |add_ln58_91292_fu_2867_p2   |         +|   0|  0|   17|          10|          10|
    |add_ln58_91293_fu_2876_p2   |         +|   0|  0|   18|          11|          11|
    |add_ln58_91294_fu_2882_p2   |         +|   0|  0|   18|          11|          11|
    |add_ln58_91295_fu_7634_p2   |         +|   0|  0|   17|          13|          13|
    |add_ln58_91296_fu_2888_p2   |         +|   0|  0|   17|          10|          10|
    |add_ln58_91297_fu_1155_p2   |         +|   0|  0|   16|           9|           9|
    |add_ln58_91298_fu_2900_p2   |         +|   0|  0|   17|          10|          10|
    |add_ln58_91299_fu_2910_p2   |         +|   0|  0|   18|          11|          11|
    |add_ln58_91300_fu_2916_p2   |         +|   0|  0|   17|          10|          10|
    |add_ln58_91301_fu_1161_p2   |         +|   0|  0|   16|           9|           9|
    |add_ln58_91302_fu_1167_p2   |         +|   0|  0|   16|           9|           9|
    |add_ln58_91303_fu_2931_p2   |         +|   0|  0|   17|          10|          10|
    |add_ln58_91304_fu_2941_p2   |         +|   0|  0|   18|          11|          11|
    |add_ln58_91305_fu_7646_p2   |         +|   0|  0|   19|          12|          12|
    |add_ln58_91306_fu_7656_p2   |         +|   0|  0|   17|          13|          13|
    |add_ln58_91307_fu_2960_p2   |         +|   0|  0|   18|          11|          11|
    |add_ln58_91308_fu_2986_p2   |         +|   0|  0|   18|          11|          11|
    |add_ln58_91309_fu_7668_p2   |         +|   0|  0|   19|          12|          12|
    |add_ln58_91310_fu_2997_p2   |         +|   0|  0|   18|          10|          10|
    |add_ln58_91311_fu_7681_p2   |         +|   0|  0|   18|          11|          11|
    |add_ln58_91312_fu_7690_p2   |         +|   0|  0|   17|          13|          13|
    |add_ln58_91313_fu_3003_p2   |         +|   0|  0|   17|          10|          10|
    |add_ln58_91314_fu_1185_p2   |         +|   0|  0|   16|           9|           9|
    |add_ln58_91315_fu_3018_p2   |         +|   0|  0|   17|          10|          10|
    |add_ln58_91316_fu_3028_p2   |         +|   0|  0|   18|          11|          11|
    |add_ln58_91317_fu_1191_p2   |         +|   0|  0|   16|           9|           9|
    |add_ln58_91318_fu_3037_p2   |         +|   0|  0|   17|          10|          10|
    |add_ln58_91319_fu_1197_p2   |         +|   0|  0|   16|           9|           9|
    |add_ln58_91320_fu_1207_p2   |         +|   0|  0|   16|           9|           9|
    |add_ln58_91321_fu_1217_p2   |         +|   0|  0|   17|          10|          10|
    |add_ln58_91322_fu_3050_p2   |         +|   0|  0|   18|          11|          11|
    |add_ln58_91323_fu_7702_p2   |         +|   0|  0|   19|          12|          12|
    |add_ln58_91324_fu_7712_p2   |         +|   0|  0|   17|          13|          13|
    |add_ln58_91325_fu_3066_p2   |         +|   0|  0|   18|          11|          11|
    |add_ln58_91326_fu_3085_p2   |         +|   0|  0|   18|          11|          11|
    |add_ln58_91327_fu_7724_p2   |         +|   0|  0|   19|          12|          12|
    |add_ln58_91328_fu_3091_p2   |         +|   0|  0|   17|          10|          10|
    |add_ln58_91329_fu_7743_p2   |         +|   0|  0|   17|          11|          11|
    |add_ln58_91330_fu_7749_p2   |         +|   0|  0|   17|          11|          11|
    |add_ln58_91331_fu_7759_p2   |         +|   0|  0|   17|          13|          13|
    |add_ln58_91332_fu_3097_p2   |         +|   0|  0|   17|          10|          10|
    |add_ln58_91333_fu_1229_p2   |         +|   0|  0|   16|           9|           9|
    |add_ln58_91334_fu_3108_p2   |         +|   0|  0|   17|          10|          10|
    |add_ln58_91335_fu_3118_p2   |         +|   0|  0|   18|          11|          11|
    |add_ln58_91336_fu_1234_p2   |         +|   0|  0|   16|           9|           9|
    |add_ln58_91337_fu_1240_p2   |         +|   0|  0|   16|           9|           9|
    |add_ln58_91338_fu_3130_p2   |         +|   0|  0|   17|          10|          10|
    |add_ln58_91339_fu_3140_p2   |         +|   0|  0|   17|          10|          10|
    |add_ln58_91340_fu_3150_p2   |         +|   0|  0|   18|          11|          11|
    |add_ln58_91341_fu_7771_p2   |         +|   0|  0|   19|          12|          12|
    |add_ln58_91342_fu_7781_p2   |         +|   0|  0|   17|          13|          13|
    |add_ln58_91343_fu_3156_p2   |         +|   0|  0|   18|          11|          11|
    |add_ln58_91344_fu_3171_p2   |         +|   0|  0|   18|          11|          11|
    |add_ln58_91345_fu_7793_p2   |         +|   0|  0|   19|          12|          12|
    |add_ln58_91346_fu_3177_p2   |         +|   0|  0|   17|          10|          10|
    |add_ln58_91347_fu_7812_p2   |         +|   0|  0|   17|          11|          11|
    |add_ln58_91348_fu_7818_p2   |         +|   0|  0|   17|          11|          11|
    |add_ln58_91349_fu_7828_p2   |         +|   0|  0|   17|          13|          13|
    |add_ln58_91350_fu_3189_p2   |         +|   0|  0|   17|          10|          10|
    |add_ln58_91351_fu_1258_p2   |         +|   0|  0|   16|           9|           9|
    |add_ln58_91352_fu_1264_p2   |         +|   0|  0|   16|           9|           9|
    |add_ln58_91353_fu_3204_p2   |         +|   0|  0|   17|          10|          10|
    |add_ln58_91354_fu_3214_p2   |         +|   0|  0|   18|          11|          11|
    |add_ln58_91355_fu_1270_p2   |         +|   0|  0|   16|           9|           9|
    |add_ln58_91356_fu_3223_p2   |         +|   0|  0|   17|          10|          10|
    |add_ln58_91357_fu_3233_p2   |         +|   0|  0|   18|          11|          11|
    |add_ln58_91358_fu_7840_p2   |         +|   0|  0|   19|          12|          12|
    |add_ln58_91359_fu_7850_p2   |         +|   0|  0|   17|          13|          13|
    |add_ln58_91360_fu_3239_p2   |         +|   0|  0|   18|          11|          11|
    |add_ln58_91361_fu_3245_p2   |         +|   0|  0|   17|          10|          10|
    |add_ln58_91362_fu_7862_p2   |         +|   0|  0|   19|          12|          12|
    |add_ln58_91363_fu_3256_p2   |         +|   0|  0|   18|          10|          10|
    |add_ln58_91364_fu_3269_p2   |         +|   0|  0|   17|          10|          10|
    |add_ln58_91365_fu_3278_p2   |         +|   0|  0|   18|          11|          11|
    |add_ln58_91366_fu_7875_p2   |         +|   0|  0|   17|          13|          13|
    |add_ln58_91367_fu_1288_p2   |         +|   0|  0|   16|           9|           9|
    |add_ln58_91368_fu_3287_p2   |         +|   0|  0|   17|          10|          10|
    |add_ln58_91369_fu_3297_p2   |         +|   0|  0|   18|          11|          11|
    |add_ln58_91370_fu_1294_p2   |         +|   0|  0|   16|           9|           9|
    |add_ln58_91371_fu_3306_p2   |         +|   0|  0|   17|          10|          10|
    |add_ln58_91372_fu_1300_p2   |         +|   0|  0|   16|           9|           9|
    |add_ln58_91373_fu_3318_p2   |         +|   0|  0|   17|          10|          10|
    |add_ln58_91374_fu_3328_p2   |         +|   0|  0|   18|          11|          11|
    |add_ln58_91375_fu_7887_p2   |         +|   0|  0|   19|          12|          12|
    |add_ln58_91376_fu_7897_p2   |         +|   0|  0|   17|          13|          13|
    |add_ln58_91377_fu_3344_p2   |         +|   0|  0|   18|          11|          11|
    |add_ln58_91378_fu_7909_p2   |         +|   0|  0|   19|          12|          12|
    |add_ln58_91379_fu_3350_p2   |         +|   0|  0|   17|          10|          10|
    |add_ln58_91380_fu_3372_p2   |         +|   0|  0|   17|          11|          11|
    |add_ln58_91381_fu_3378_p2   |         +|   0|  0|   17|          11|          11|
    |add_ln58_91382_fu_7922_p2   |         +|   0|  0|   17|          13|          13|
    |add_ln58_91383_fu_3384_p2   |         +|   0|  0|   17|          10|          10|
    |add_ln58_91384_fu_3393_p2   |         +|   0|  0|   17|          10|          10|
    |add_ln58_91385_fu_3403_p2   |         +|   0|  0|   18|          11|          11|
    |add_ln58_91386_fu_3409_p2   |         +|   0|  0|   17|          10|          10|
    |add_ln58_91387_fu_1312_p2   |         +|   0|  0|   16|           9|           9|
    |add_ln58_91388_fu_3421_p2   |         +|   0|  0|   17|          10|          10|
    |add_ln58_91389_fu_3431_p2   |         +|   0|  0|   18|          11|          11|
    |add_ln58_91390_fu_7934_p2   |         +|   0|  0|   19|          12|          12|
    |add_ln58_91391_fu_7944_p2   |         +|   0|  0|   17|          13|          13|
    |add_ln58_91392_fu_3437_p2   |         +|   0|  0|   18|          11|          11|
    |add_ln58_91393_fu_3448_p2   |         +|   0|  0|   17|          10|          10|
    |add_ln58_91394_fu_7956_p2   |         +|   0|  0|   19|          12|          12|
    |add_ln58_91395_fu_3459_p2   |         +|   0|  0|   17|          10|          10|
    |add_ln58_91396_fu_3470_p2   |         +|   0|  0|   18|          10|          10|
    |add_ln58_91397_fu_7972_p2   |         +|   0|  0|   18|          11|          11|
    |add_ln58_91398_fu_7982_p2   |         +|   0|  0|   17|          13|          13|
    |add_ln58_91399_fu_3476_p2   |         +|   0|  0|   17|          10|          10|
    |add_ln58_91400_fu_1318_p2   |         +|   0|  0|   16|           9|           9|
    |add_ln58_91401_fu_3489_p2   |         +|   0|  0|   17|          10|          10|
    |add_ln58_91402_fu_3499_p2   |         +|   0|  0|   18|          11|          11|
    |add_ln58_91403_fu_1324_p2   |         +|   0|  0|   16|           9|           9|
    |add_ln58_91404_fu_3508_p2   |         +|   0|  0|   17|          10|          10|
    |add_ln58_91405_fu_3517_p2   |         +|   0|  0|   17|          10|          10|
    |add_ln58_91406_fu_3527_p2   |         +|   0|  0|   18|          11|          11|
    |add_ln58_91407_fu_7994_p2   |         +|   0|  0|   19|          12|          12|
    |add_ln58_91408_fu_8004_p2   |         +|   0|  0|   17|          13|          13|
    |add_ln58_91409_fu_8013_p2   |         +|   0|  0|   17|          12|          12|
    |add_ln58_91410_fu_3533_p2   |         +|   0|  0|   17|          10|          10|
    |add_ln58_91411_fu_8022_p2   |         +|   0|  0|   17|          12|          12|
    |add_ln58_91412_fu_3539_p2   |         +|   0|  0|   17|          10|          10|
    |add_ln58_91413_fu_3556_p2   |         +|   0|  0|   17|          11|          11|
    |add_ln58_91414_fu_3562_p2   |         +|   0|  0|   17|          11|          11|
    |add_ln58_91415_fu_8035_p2   |         +|   0|  0|   17|          13|          13|
    |add_ln58_91416_fu_3568_p2   |         +|   0|  0|   17|          10|          10|
    |add_ln58_91417_fu_3578_p2   |         +|   0|  0|   17|          10|          10|
    |add_ln58_91418_fu_3588_p2   |         +|   0|  0|   18|          11|          11|
    |add_ln58_91419_fu_3594_p2   |         +|   0|  0|   17|          10|          10|
    |add_ln58_91420_fu_1336_p2   |         +|   0|  0|   16|           9|           9|
    |add_ln58_91421_fu_1342_p2   |         +|   0|  0|   16|           9|           9|
    |add_ln58_91422_fu_3609_p2   |         +|   0|  0|   17|          10|          10|
    |add_ln58_91423_fu_3619_p2   |         +|   0|  0|   18|          11|          11|
    |add_ln58_91424_fu_8047_p2   |         +|   0|  0|   19|          12|          12|
    |add_ln58_91425_fu_8057_p2   |         +|   0|  0|   17|          13|          13|
    |add_ln58_91426_fu_3625_p2   |         +|   0|  0|   18|          11|          11|
    |add_ln58_91427_fu_3639_p2   |         +|   0|  0|   18|          11|          11|
    |add_ln58_91428_fu_8069_p2   |         +|   0|  0|   19|          12|          12|
    |add_ln58_91429_fu_1353_p2   |         +|   0|  0|   16|           9|           9|
    |add_ln58_91430_fu_3660_p2   |         +|   0|  0|   17|          10|          10|
    |add_ln58_91431_fu_3670_p2   |         +|   0|  0|   18|          11|          11|
    |add_ln58_91432_fu_8082_p2   |         +|   0|  0|   17|          13|          13|
    |add_ln58_91433_fu_3676_p2   |         +|   0|  0|   17|          10|          10|
    |add_ln58_91434_fu_3686_p2   |         +|   0|  0|   17|          10|          10|
    |add_ln58_91435_fu_3696_p2   |         +|   0|  0|   18|          11|          11|
    |add_ln58_91436_fu_3702_p2   |         +|   0|  0|   17|          10|          10|
    |add_ln58_91437_fu_1359_p2   |         +|   0|  0|   16|           9|           9|
    |add_ln58_91438_fu_3715_p2   |         +|   0|  0|   17|          10|          10|
    |add_ln58_91439_fu_3725_p2   |         +|   0|  0|   18|          11|          11|
    |add_ln58_91440_fu_8094_p2   |         +|   0|  0|   19|          12|          12|
    |add_ln58_91441_fu_8104_p2   |         +|   0|  0|   17|          13|          13|
    |add_ln58_91442_fu_8110_p2   |         +|   0|  0|   17|          12|          12|
    |add_ln58_91443_fu_3737_p2   |         +|   0|  0|   17|          10|          10|
    |add_ln58_91444_fu_8119_p2   |         +|   0|  0|   17|          12|          12|
    |add_ln58_91445_fu_3743_p2   |         +|   0|  0|   17|          10|          10|
    |add_ln58_91446_fu_3757_p2   |         +|   0|  0|   18|          10|          10|
    |add_ln58_91447_fu_8135_p2   |         +|   0|  0|   18|          11|          11|
    |add_ln58_91448_fu_8145_p2   |         +|   0|  0|   17|          13|          13|
    |add_ln58_91449_fu_1371_p2   |         +|   0|  0|   16|           9|           9|
    |add_ln58_91450_fu_3766_p2   |         +|   0|  0|   17|          10|          10|
    |add_ln58_91451_fu_3776_p2   |         +|   0|  0|   18|          11|          11|
    |add_ln58_91452_fu_3782_p2   |         +|   0|  0|   17|          10|          10|
    |add_ln58_91453_fu_3791_p2   |         +|   0|  0|   17|          10|          10|
    |add_ln58_91454_fu_3801_p2   |         +|   0|  0|   18|          11|          11|
    |add_ln58_91455_fu_8157_p2   |         +|   0|  0|   19|          12|          12|
    |add_ln58_91456_fu_8167_p2   |         +|   0|  0|   17|          13|          13|
    |add_ln58_91457_fu_3817_p2   |         +|   0|  0|   18|          11|          11|
    |add_ln58_91458_fu_3823_p2   |         +|   0|  0|   17|          10|          10|
    |add_ln58_91459_fu_8179_p2   |         +|   0|  0|   19|          12|          12|
    |add_ln58_91460_fu_3829_p2   |         +|   0|  0|   17|          10|          10|
    |add_ln58_91461_fu_8192_p2   |         +|   0|  0|   18|          11|          11|
    |add_ln58_91462_fu_8202_p2   |         +|   0|  0|   17|          13|          13|
    |add_ln58_91463_fu_1377_p2   |         +|   0|  0|   16|           9|           9|
    |add_ln58_91464_fu_3838_p2   |         +|   0|  0|   17|          10|          10|
    |add_ln58_91465_fu_3848_p2   |         +|   0|  0|   18|          11|          11|
    |add_ln58_91466_fu_1383_p2   |         +|   0|  0|   16|           9|           9|
    |add_ln58_91467_fu_3857_p2   |         +|   0|  0|   17|          10|          10|
    |add_ln58_91468_fu_3867_p2   |         +|   0|  0|   18|          11|          11|
    |add_ln58_91469_fu_8214_p2   |         +|   0|  0|   19|          12|          12|
    |add_ln58_91470_fu_8224_p2   |         +|   0|  0|   17|          13|          13|
    |add_ln58_91471_fu_3883_p2   |         +|   0|  0|   18|          11|          11|
    |add_ln58_91472_fu_8233_p2   |         +|   0|  0|   19|          12|          12|
    |add_ln58_91473_fu_3889_p2   |         +|   0|  0|   17|          10|          10|
    |add_ln58_91474_fu_3898_p2   |         +|   0|  0|   17|          10|          10|
    |add_ln58_91475_fu_3907_p2   |         +|   0|  0|   18|          11|          11|
    |add_ln58_91476_fu_8246_p2   |         +|   0|  0|   17|          13|          13|
    |add_ln58_91477_fu_1389_p2   |         +|   0|  0|   16|           9|           9|
    |add_ln58_91478_fu_3916_p2   |         +|   0|  0|   17|          10|          10|
    |add_ln58_91479_fu_3926_p2   |         +|   0|  0|   18|          11|          11|
    |add_ln58_91480_fu_3932_p2   |         +|   0|  0|   17|          10|          10|
    |add_ln58_91481_fu_3941_p2   |         +|   0|  0|   17|          10|          10|
    |add_ln58_91482_fu_3951_p2   |         +|   0|  0|   18|          11|          11|
    |add_ln58_91483_fu_8258_p2   |         +|   0|  0|   19|          12|          12|
    |add_ln58_91484_fu_8268_p2   |         +|   0|  0|   17|          13|          13|
    |add_ln58_91485_fu_3957_p2   |         +|   0|  0|   18|          11|          11|
    |add_ln58_91486_fu_3963_p2   |         +|   0|  0|   17|          10|          10|
    |add_ln58_91487_fu_8280_p2   |         +|   0|  0|   19|          12|          12|
    |add_ln58_91488_fu_8296_p2   |         +|   0|  0|   17|          11|          11|
    |add_ln58_91489_fu_8302_p2   |         +|   0|  0|   17|          11|          11|
    |add_ln58_91490_fu_8312_p2   |         +|   0|  0|   17|          13|          13|
    |add_ln58_91491_fu_1401_p2   |         +|   0|  0|   16|           9|           9|
    |add_ln58_91492_fu_1411_p2   |         +|   0|  0|   16|           9|           9|
    |add_ln58_91493_fu_1421_p2   |         +|   0|  0|   17|          10|          10|
    |add_ln58_91494_fu_3989_p2   |         +|   0|  0|   18|          11|          11|
    |add_ln58_91495_fu_3995_p2   |         +|   0|  0|   17|          10|          10|
    |add_ln58_91496_fu_4004_p2   |         +|   0|  0|   17|          10|          10|
    |add_ln58_91497_fu_4014_p2   |         +|   0|  0|   18|          11|          11|
    |add_ln58_91498_fu_8324_p2   |         +|   0|  0|   19|          12|          12|
    |add_ln58_91499_fu_8334_p2   |         +|   0|  0|   17|          13|          13|
    |add_ln58_91500_fu_8343_p2   |         +|   0|  0|   17|          12|          12|
    |add_ln58_91501_fu_4026_p2   |         +|   0|  0|   17|          10|          10|
    |add_ln58_91502_fu_8352_p2   |         +|   0|  0|   17|          12|          12|
    |add_ln58_91503_fu_4032_p2   |         +|   0|  0|   17|          10|          10|
    |add_ln58_91504_fu_4041_p2   |         +|   0|  0|   17|          10|          10|
    |add_ln58_91505_fu_4049_p2   |         +|   0|  0|   18|          11|          11|
    |add_ln58_91506_fu_8365_p2   |         +|   0|  0|   17|          13|          13|
    |add_ln58_91507_fu_4065_p2   |         +|   0|  0|   18|          11|          11|
    |add_ln58_91508_fu_1433_p2   |         +|   0|  0|   16|           9|           9|
    |add_ln58_91509_fu_4074_p2   |         +|   0|  0|   17|          10|          10|
    |add_ln58_91510_fu_1439_p2   |         +|   0|  0|   16|           9|           9|
    |add_ln58_91511_fu_1445_p2   |         +|   0|  0|   16|           9|           9|
    |add_ln58_91512_fu_4090_p2   |         +|   0|  0|   17|          10|          10|
    |add_ln58_91513_fu_4100_p2   |         +|   0|  0|   18|          11|          11|
    |add_ln58_91514_fu_8377_p2   |         +|   0|  0|   19|          12|          12|
    |add_ln58_91515_fu_8387_p2   |         +|   0|  0|   17|          13|          13|
    |add_ln58_91516_fu_4115_p2   |         +|   0|  0|   18|          11|          11|
    |add_ln58_91517_fu_4121_p2   |         +|   0|  0|   17|          10|          10|
    |add_ln58_91518_fu_8399_p2   |         +|   0|  0|   19|          12|          12|
    |add_ln58_91519_fu_4127_p2   |         +|   0|  0|   17|          10|          10|
    |add_ln58_91520_fu_4142_p2   |         +|   0|  0|   17|          11|          11|
    |add_ln58_91521_fu_4148_p2   |         +|   0|  0|   17|          11|          11|
    |add_ln58_91522_fu_8412_p2   |         +|   0|  0|   17|          13|          13|
    |add_ln58_91523_fu_1457_p2   |         +|   0|  0|   16|           9|           9|
    |add_ln58_91524_fu_1463_p2   |         +|   0|  0|   16|           9|           9|
    |add_ln58_91525_fu_4170_p2   |         +|   0|  0|   17|          10|          10|
    |add_ln58_91526_fu_4180_p2   |         +|   0|  0|   18|          11|          11|
    |add_ln58_91527_fu_1469_p2   |         +|   0|  0|   16|           9|           9|
    |add_ln58_91528_fu_4189_p2   |         +|   0|  0|   17|          10|          10|
    |add_ln58_91529_fu_4198_p2   |         +|   0|  0|   17|          10|          10|
    |add_ln58_91530_fu_4208_p2   |         +|   0|  0|   18|          11|          11|
    |add_ln58_91531_fu_8424_p2   |         +|   0|  0|   19|          12|          12|
    |add_ln58_91532_fu_8434_p2   |         +|   0|  0|   17|          13|          13|
    |add_ln58_91533_fu_8443_p2   |         +|   0|  0|   17|          12|          12|
    |add_ln58_91534_fu_4220_p2   |         +|   0|  0|   17|          10|          10|
    |add_ln58_91535_fu_8452_p2   |         +|   0|  0|   17|          12|          12|
    |add_ln58_91536_fu_4226_p2   |         +|   0|  0|   17|          10|          10|
    |add_ln58_91537_fu_4243_p2   |         +|   0|  0|   18|          11|          11|
    |add_ln58_91538_fu_8465_p2   |         +|   0|  0|   17|          13|          13|
    |add_ln58_91539_fu_4249_p2   |         +|   0|  0|   17|          10|          10|
    |add_ln58_91540_fu_4259_p2   |         +|   0|  0|   18|          11|          11|
    |add_ln58_91541_fu_4265_p2   |         +|   0|  0|   17|          10|          10|
    |add_ln58_91542_fu_1481_p2   |         +|   0|  0|   16|           9|           9|
    |add_ln58_91543_fu_4277_p2   |         +|   0|  0|   17|          10|          10|
    |add_ln58_91544_fu_4287_p2   |         +|   0|  0|   18|          11|          11|
    |add_ln58_91545_fu_8477_p2   |         +|   0|  0|   19|          12|          12|
    |add_ln58_91546_fu_8487_p2   |         +|   0|  0|   17|          13|          13|
    |add_ln58_91547_fu_4297_p2   |         +|   0|  0|   18|          11|          11|
    |add_ln58_91548_fu_4303_p2   |         +|   0|  0|   17|          10|          10|
    |add_ln58_91549_fu_8499_p2   |         +|   0|  0|   19|          12|          12|
    |add_ln58_91550_fu_4309_p2   |         +|   0|  0|   17|          10|          10|
    |add_ln58_91551_fu_4327_p2   |         +|   0|  0|   17|          11|          11|
    |add_ln58_91552_fu_4333_p2   |         +|   0|  0|   17|          11|          11|
    |add_ln58_91553_fu_8512_p2   |         +|   0|  0|   17|          13|          13|
    |add_ln58_91554_fu_4348_p2   |         +|   0|  0|   17|          10|          10|
    |add_ln58_91555_fu_4358_p2   |         +|   0|  0|   18|          11|          11|
    |add_ln58_91556_fu_1487_p2   |         +|   0|  0|   16|           9|           9|
    |add_ln58_91557_fu_4367_p2   |         +|   0|  0|   17|          10|          10|
    |add_ln58_91558_fu_4377_p2   |         +|   0|  0|   17|          10|          10|
    |add_ln58_91559_fu_4387_p2   |         +|   0|  0|   18|          11|          11|
    |add_ln58_91560_fu_8524_p2   |         +|   0|  0|   19|          12|          12|
    |add_ln58_91561_fu_8534_p2   |         +|   0|  0|   17|          13|          13|
    |add_ln58_91562_fu_4393_p2   |         +|   0|  0|   18|          11|          11|
    |add_ln58_91563_fu_4405_p2   |         +|   0|  0|   18|          10|          10|
    |add_ln58_91564_fu_8546_p2   |         +|   0|  0|   19|          12|          12|
    |add_ln58_91565_fu_8556_p2   |         +|   0|  0|   17|          11|          11|
    |add_ln58_91566_fu_8560_p2   |         +|   0|  0|   17|          11|          11|
    |add_ln58_91567_fu_8570_p2   |         +|   0|  0|   17|          13|          13|
    |add_ln58_91568_fu_4420_p2   |         +|   0|  0|   17|          10|          10|
    |add_ln58_91569_fu_4428_p2   |         +|   0|  0|   17|          10|          10|
    |add_ln58_91570_fu_4437_p2   |         +|   0|  0|   18|          11|          11|
    |add_ln58_91571_fu_1493_p2   |         +|   0|  0|   16|           9|           9|
    |add_ln58_91572_fu_4446_p2   |         +|   0|  0|   17|          10|          10|
    |add_ln58_91573_fu_1499_p2   |         +|   0|  0|   16|           9|           9|
    |add_ln58_91574_fu_1505_p2   |         +|   0|  0|   16|           9|           9|
    |add_ln58_91575_fu_4462_p2   |         +|   0|  0|   17|          10|          10|
    |add_ln58_91576_fu_4472_p2   |         +|   0|  0|   18|          11|          11|
    |add_ln58_91577_fu_8582_p2   |         +|   0|  0|   19|          12|          12|
    |add_ln58_91578_fu_8592_p2   |         +|   0|  0|   17|          13|          13|
    |add_ln58_91579_fu_4478_p2   |         +|   0|  0|   18|          11|          11|
    |add_ln58_91580_fu_4503_p2   |         +|   0|  0|   18|          11|          11|
    |add_ln58_91581_fu_8604_p2   |         +|   0|  0|   19|          12|          12|
    |add_ln58_91582_fu_4514_p2   |         +|   0|  0|   17|          10|          10|
    |add_ln58_91583_fu_4522_p2   |         +|   0|  0|   18|          11|          11|
    |add_ln58_91584_fu_8617_p2   |         +|   0|  0|   18|          11|          11|
    |add_ln58_91585_fu_8626_p2   |         +|   0|  0|   17|          13|          13|
    |add_ln58_91586_fu_4528_p2   |         +|   0|  0|   17|          10|          10|
    |add_ln58_91587_fu_1511_p2   |         +|   0|  0|   16|           9|           9|
    |add_ln58_91588_fu_4541_p2   |         +|   0|  0|   17|          10|          10|
    |add_ln58_91589_fu_4551_p2   |         +|   0|  0|   18|          11|          11|
    |add_ln58_91590_fu_1517_p2   |         +|   0|  0|   16|           9|           9|
    |add_ln58_91591_fu_4560_p2   |         +|   0|  0|   17|          10|          10|
    |add_ln58_91592_fu_1523_p2   |         +|   0|  0|   16|           9|           9|
    |add_ln58_91593_fu_4573_p2   |         +|   0|  0|   17|          10|          10|
    |add_ln58_91594_fu_4583_p2   |         +|   0|  0|   18|          11|          11|
    |add_ln58_91595_fu_8638_p2   |         +|   0|  0|   19|          12|          12|
    |add_ln58_91596_fu_8648_p2   |         +|   0|  0|   17|          13|          13|
    |add_ln58_91597_fu_8654_p2   |         +|   0|  0|   17|          12|          12|
    |add_ln58_91598_fu_8660_p2   |         +|   0|  0|   17|          12|          12|
    |add_ln58_91599_fu_4589_p2   |         +|   0|  0|   17|          10|          10|
    |add_ln58_91600_fu_4601_p2   |         +|   0|  0|   17|          11|          11|
    |add_ln58_91601_fu_4607_p2   |         +|   0|  0|   17|          11|          11|
    |add_ln58_91602_fu_8673_p2   |         +|   0|  0|   17|          13|          13|
    |add_ln58_91603_fu_4625_p2   |         +|   0|  0|   17|          10|          10|
    |add_ln58_91604_fu_4635_p2   |         +|   0|  0|   18|          11|          11|
    |add_ln58_91605_fu_4641_p2   |         +|   0|  0|   17|          10|          10|
    |add_ln58_91606_fu_4651_p2   |         +|   0|  0|   17|          10|          10|
    |add_ln58_91607_fu_4661_p2   |         +|   0|  0|   18|          11|          11|
    |add_ln58_91608_fu_8685_p2   |         +|   0|  0|   19|          12|          12|
    |add_ln58_91609_fu_8695_p2   |         +|   0|  0|   17|          13|          13|
    |add_ln58_91610_fu_4667_p2   |         +|   0|  0|   18|          11|          11|
    |add_ln58_91611_fu_4679_p2   |         +|   0|  0|   18|          10|          10|
    |add_ln58_91612_fu_8707_p2   |         +|   0|  0|   19|          12|          12|
    |add_ln58_91613_fu_4684_p2   |         +|   0|  0|   17|          10|          10|
    |add_ln58_91614_fu_4702_p2   |         +|   0|  0|   17|          11|          11|
    |add_ln58_91615_fu_4708_p2   |         +|   0|  0|   17|          11|          11|
    |add_ln58_91616_fu_8720_p2   |         +|   0|  0|   17|          13|          13|
    |add_ln58_91617_fu_1541_p2   |         +|   0|  0|   16|           9|           9|
    |add_ln58_91618_fu_4717_p2   |         +|   0|  0|   17|          10|          10|
    |add_ln58_91619_fu_4727_p2   |         +|   0|  0|   17|          10|          10|
    |add_ln58_91620_fu_4737_p2   |         +|   0|  0|   18|          11|          11|
    |add_ln58_91621_fu_4743_p2   |         +|   0|  0|   17|          10|          10|
    |add_ln58_91622_fu_4753_p2   |         +|   0|  0|   18|          11|          11|
    |add_ln58_91623_fu_8732_p2   |         +|   0|  0|   19|          12|          12|
    |add_ln58_91624_fu_8742_p2   |         +|   0|  0|   17|          13|          13|
    |add_ln58_91625_fu_4759_p2   |         +|   0|  0|   18|          11|          11|
    |add_ln58_91626_fu_4783_p2   |         +|   0|  0|   18|          11|          11|
    |add_ln58_91627_fu_8754_p2   |         +|   0|  0|   19|          12|          12|
    |add_ln58_91628_fu_4789_p2   |         +|   0|  0|   17|          10|          10|
    |add_ln58_91629_fu_4803_p2   |         +|   0|  0|   18|          11|          11|
    |add_ln58_91630_fu_8767_p2   |         +|   0|  0|   18|          11|          11|
    |add_ln58_91631_fu_8776_p2   |         +|   0|  0|   17|          13|          13|
    |add_ln58_91632_fu_4821_p2   |         +|   0|  0|   17|          10|          10|
    |add_ln58_91633_fu_4831_p2   |         +|   0|  0|   18|          11|          11|
    |add_ln58_91634_fu_4837_p2   |         +|   0|  0|   17|          10|          10|
    |add_ln58_91635_fu_1553_p2   |         +|   0|  0|   16|           9|           9|
    |add_ln58_91636_fu_4850_p2   |         +|   0|  0|   17|          10|          10|
    |add_ln58_91637_fu_4860_p2   |         +|   0|  0|   18|          11|          11|
    |add_ln58_91638_fu_8788_p2   |         +|   0|  0|   19|          12|          12|
    |add_ln58_91639_fu_8798_p2   |         +|   0|  0|   17|          13|          13|
    |add_ln58_91640_fu_8807_p2   |         +|   0|  0|   17|          12|          12|
    |add_ln58_91641_fu_8813_p2   |         +|   0|  0|   17|          12|          12|
    |add_ln58_91642_fu_4870_p2   |         +|   0|  0|   18|          10|          10|
    |add_ln58_91643_fu_4880_p2   |         +|   0|  0|   17|          10|          10|
    |add_ln58_91644_fu_4889_p2   |         +|   0|  0|   18|          11|          11|
    |add_ln58_91645_fu_8826_p2   |         +|   0|  0|   17|          13|          13|
    |add_ln58_91646_fu_4895_p2   |         +|   0|  0|   17|          10|          10|
    |add_ln58_91647_fu_4905_p2   |         +|   0|  0|   17|          10|          10|
    |add_ln58_91648_fu_4915_p2   |         +|   0|  0|   18|          11|          11|
    |add_ln58_91649_fu_4921_p2   |         +|   0|  0|   17|          10|          10|
    |add_ln58_91650_fu_4930_p2   |         +|   0|  0|   17|          10|          10|
    |add_ln58_91651_fu_4940_p2   |         +|   0|  0|   18|          11|          11|
    |add_ln58_91652_fu_8838_p2   |         +|   0|  0|   19|          12|          12|
    |add_ln58_91653_fu_8848_p2   |         +|   0|  0|   17|          13|          13|
    |add_ln58_91654_fu_4950_p2   |         +|   0|  0|   17|          12|          12|
    |add_ln58_91655_fu_4962_p2   |         +|   0|  0|   18|          10|          10|
    |add_ln58_91656_fu_4972_p2   |         +|   0|  0|   17|          12|          12|
    |add_ln58_91657_fu_4978_p2   |         +|   0|  0|   17|          10|          10|
    |add_ln58_91658_fu_4983_p2   |         +|   0|  0|   17|          10|          10|
    |add_ln58_91659_fu_8863_p2   |         +|   0|  0|   18|          11|          11|
    |add_ln58_91660_fu_8873_p2   |         +|   0|  0|   17|          13|          13|
    |add_ln58_91661_fu_4988_p2   |         +|   0|  0|   17|          10|          10|
    |add_ln58_91662_fu_4998_p2   |         +|   0|  0|   17|          10|          10|
    |add_ln58_91663_fu_5008_p2   |         +|   0|  0|   18|          11|          11|
    |add_ln58_91664_fu_1559_p2   |         +|   0|  0|   16|           9|           9|
    |add_ln58_91665_fu_5017_p2   |         +|   0|  0|   17|          10|          10|
    |add_ln58_91666_fu_5027_p2   |         +|   0|  0|   18|          11|          11|
    |add_ln58_91667_fu_8885_p2   |         +|   0|  0|   19|          12|          12|
    |add_ln58_91668_fu_8895_p2   |         +|   0|  0|   17|          13|          13|
    |add_ln58_91669_fu_5033_p2   |         +|   0|  0|   18|          11|          11|
    |add_ln58_91670_fu_5039_p2   |         +|   0|  0|   17|          10|          10|
    |add_ln58_91671_fu_8907_p2   |         +|   0|  0|   19|          12|          12|
    |add_ln58_91672_fu_5045_p2   |         +|   0|  0|   17|          11|          11|
    |add_ln58_91673_fu_5051_p2   |         +|   0|  0|   17|          11|          11|
    |add_ln58_91674_fu_8920_p2   |         +|   0|  0|   17|          13|          13|
    |add_ln58_91675_fu_5057_p2   |         +|   0|  0|   17|          10|          10|
    |add_ln58_91676_fu_5067_p2   |         +|   0|  0|   18|          11|          11|
    |add_ln58_91677_fu_1565_p2   |         +|   0|  0|   16|           9|           9|
    |add_ln58_91678_fu_5076_p2   |         +|   0|  0|   17|          10|          10|
    |add_ln58_91679_fu_5086_p2   |         +|   0|  0|   18|          11|          11|
    |add_ln58_91680_fu_8932_p2   |         +|   0|  0|   19|          12|          12|
    |add_ln58_91681_fu_8942_p2   |         +|   0|  0|   17|          13|          13|
    |add_ln58_91682_fu_8948_p2   |         +|   0|  0|   17|          12|          12|
    |add_ln58_91683_fu_5092_p2   |         +|   0|  0|   17|          10|          10|
    |add_ln58_91684_fu_8957_p2   |         +|   0|  0|   17|          12|          12|
    |add_ln58_91685_fu_1571_p2   |         +|   0|  0|   16|           9|           9|
    |add_ln58_91686_fu_5101_p2   |         +|   0|  0|   17|          10|          10|
    |add_ln58_91687_fu_8970_p2   |         +|   0|  0|   18|          11|          11|
    |add_ln58_91688_fu_8979_p2   |         +|   0|  0|   17|          13|          13|
    |add_ln58_91689_fu_5106_p2   |         +|   0|  0|   17|          10|          10|
    |add_ln58_91690_fu_5116_p2   |         +|   0|  0|   17|          10|          10|
    |add_ln58_91691_fu_5126_p2   |         +|   0|  0|   18|          11|          11|
    |add_ln58_91692_fu_1577_p2   |         +|   0|  0|   16|           9|           9|
    |add_ln58_91693_fu_5135_p2   |         +|   0|  0|   17|          10|          10|
    |add_ln58_91694_fu_5145_p2   |         +|   0|  0|   18|          11|          11|
    |add_ln58_91695_fu_8991_p2   |         +|   0|  0|   19|          12|          12|
    |add_ln58_91696_fu_9001_p2   |         +|   0|  0|   17|          13|          13|
    |add_ln58_91697_fu_5160_p2   |         +|   0|  0|   18|          11|          11|
    |add_ln58_91698_fu_5166_p2   |         +|   0|  0|   18|          11|          11|
    |add_ln58_91699_fu_9013_p2   |         +|   0|  0|   19|          12|          12|
    |add_ln58_91700_fu_5172_p2   |         +|   0|  0|   17|          10|          10|
    |add_ln58_91701_fu_5181_p2   |         +|   0|  0|   17|          11|          11|
    |add_ln58_91702_fu_5187_p2   |         +|   0|  0|   17|          11|          11|
    |add_ln58_91703_fu_9026_p2   |         +|   0|  0|   17|          13|          13|
    |add_ln58_91704_fu_1589_p2   |         +|   0|  0|   16|           9|           9|
    |add_ln58_91705_fu_5208_p2   |         +|   0|  0|   17|          10|          10|
    |add_ln58_91706_fu_5218_p2   |         +|   0|  0|   18|          11|          11|
    |add_ln58_91707_fu_5224_p2   |         +|   0|  0|   17|          10|          10|
    |add_ln58_91708_fu_5234_p2   |         +|   0|  0|   18|          11|          11|
    |add_ln58_91709_fu_9038_p2   |         +|   0|  0|   19|          12|          12|
    |add_ln58_91710_fu_9048_p2   |         +|   0|  0|   17|          13|          13|
    |add_ln58_91711_fu_5249_p2   |         +|   0|  0|   18|          11|          11|
    |add_ln58_91712_fu_5264_p2   |         +|   0|  0|   18|          11|          11|
    |add_ln58_91713_fu_9060_p2   |         +|   0|  0|   19|          12|          12|
    |add_ln58_91714_fu_5280_p2   |         +|   0|  0|   18|          11|          11|
    |add_ln58_91715_fu_5286_p2   |         +|   0|  0|   18|          11|          11|
    |add_ln58_91716_fu_9076_p2   |         +|   0|  0|   19|          12|          12|
    |add_ln58_91717_fu_9086_p2   |         +|   0|  0|   17|          13|          13|
    |add_ln58_91718_fu_5295_p2   |         +|   0|  0|   17|          10|          10|
    |add_ln58_91719_fu_5305_p2   |         +|   0|  0|   18|          11|          11|
    |add_ln58_91720_fu_5311_p2   |         +|   0|  0|   17|          10|          10|
    |add_ln58_91721_fu_5321_p2   |         +|   0|  0|   17|          10|          10|
    |add_ln58_91722_fu_5331_p2   |         +|   0|  0|   18|          11|          11|
    |add_ln58_91723_fu_9098_p2   |         +|   0|  0|   19|          12|          12|
    |add_ln58_91724_fu_9108_p2   |         +|   0|  0|   17|          13|          13|
    |add_ln58_91725_fu_5337_p2   |         +|   0|  0|   18|          11|          11|
    |add_ln58_91726_fu_5349_p2   |         +|   0|  0|   17|          10|          10|
    |add_ln58_91727_fu_9120_p2   |         +|   0|  0|   19|          12|          12|
    |add_ln58_91728_fu_5354_p2   |         +|   0|  0|   17|          10|          10|
    |add_ln58_91729_fu_5363_p2   |         +|   0|  0|   17|          11|          11|
    |add_ln58_91730_fu_5369_p2   |         +|   0|  0|   17|          11|          11|
    |add_ln58_91731_fu_9133_p2   |         +|   0|  0|   17|          13|          13|
    |add_ln58_91732_fu_5384_p2   |         +|   0|  0|   17|          10|          10|
    |add_ln58_91733_fu_5394_p2   |         +|   0|  0|   18|          11|          11|
    |add_ln58_91734_fu_5400_p2   |         +|   0|  0|   17|          10|          10|
    |add_ln58_91735_fu_1595_p2   |         +|   0|  0|   16|           9|           9|
    |add_ln58_91736_fu_5413_p2   |         +|   0|  0|   17|          10|          10|
    |add_ln58_91737_fu_5423_p2   |         +|   0|  0|   18|          11|          11|
    |add_ln58_91738_fu_9145_p2   |         +|   0|  0|   19|          12|          12|
    |add_ln58_91739_fu_9155_p2   |         +|   0|  0|   17|          13|          13|
    |add_ln58_91740_fu_5433_p2   |         +|   0|  0|   18|          11|          11|
    |add_ln58_91741_fu_5439_p2   |         +|   0|  0|   17|          10|          10|
    |add_ln58_91742_fu_9167_p2   |         +|   0|  0|   19|          12|          12|
    |add_ln58_91743_fu_9177_p2   |         +|   0|  0|   18|          11|          11|
    |add_ln58_91744_fu_9185_p2   |         +|   0|  0|   17|          13|          13|
    |add_ln58_91745_fu_5455_p2   |         +|   0|  0|   17|          10|          10|
    |add_ln58_91746_fu_5465_p2   |         +|   0|  0|   18|          11|          11|
    |add_ln58_91747_fu_5471_p2   |         +|   0|  0|   17|          10|          10|
    |add_ln58_91748_fu_5481_p2   |         +|   0|  0|   17|          10|          10|
    |add_ln58_91749_fu_5491_p2   |         +|   0|  0|   18|          11|          11|
    |add_ln58_91750_fu_9197_p2   |         +|   0|  0|   19|          12|          12|
    |add_ln58_91751_fu_9207_p2   |         +|   0|  0|   17|          13|          13|
    |add_ln58_91752_fu_5497_p2   |         +|   0|  0|   18|          11|          11|
    |add_ln58_91753_fu_5516_p2   |         +|   0|  0|   18|          11|          11|
    |add_ln58_91754_fu_9219_p2   |         +|   0|  0|   19|          12|          12|
    |add_ln58_91755_fu_5522_p2   |         +|   0|  0|   17|          10|          10|
    |add_ln58_91756_fu_5533_p2   |         +|   0|  0|   18|          10|          10|
    |add_ln58_91757_fu_9235_p2   |         +|   0|  0|   18|          11|          11|
    |add_ln58_91758_fu_9245_p2   |         +|   0|  0|   17|          13|          13|
    |add_ln58_91759_fu_1601_p2   |         +|   0|  0|   16|           9|           9|
    |add_ln58_91760_fu_5542_p2   |         +|   0|  0|   17|          10|          10|
    |add_ln58_91761_fu_5551_p2   |         +|   0|  0|   18|          11|          11|
    |add_ln58_91762_fu_5557_p2   |         +|   0|  0|   18|          11|          11|
    |add_ln58_91763_fu_9257_p2   |         +|   0|  0|   19|          12|          12|
    |add_ln58_91764_fu_9267_p2   |         +|   0|  0|   17|          13|          13|
    |add_ln58_91765_fu_5563_p2   |         +|   0|  0|   18|          11|          11|
    |add_ln58_91766_fu_5573_p2   |         +|   0|  0|   18|          11|          11|
    |add_ln58_91767_fu_9279_p2   |         +|   0|  0|   19|          12|          12|
    |add_ln58_91768_fu_9289_p2   |         +|   0|  0|   18|          11|          11|
    |add_ln58_91769_fu_9298_p2   |         +|   0|  0|   17|          13|          13|
    |add_ln58_91770_fu_5588_p2   |         +|   0|  0|   17|          10|          10|
    |add_ln58_91771_fu_5598_p2   |         +|   0|  0|   18|          11|          11|
    |add_ln58_91772_fu_5604_p2   |         +|   0|  0|   17|          10|          10|
    |add_ln58_91773_fu_5614_p2   |         +|   0|  0|   17|          10|          10|
    |add_ln58_91774_fu_5624_p2   |         +|   0|  0|   18|          11|          11|
    |add_ln58_91775_fu_9310_p2   |         +|   0|  0|   19|          12|          12|
    |add_ln58_91776_fu_9320_p2   |         +|   0|  0|   17|          13|          13|
    |add_ln58_91777_fu_9326_p2   |         +|   0|  0|   17|          12|          12|
    |add_ln58_91778_fu_5630_p2   |         +|   0|  0|   17|          10|          10|
    |add_ln58_91779_fu_9334_p2   |         +|   0|  0|   17|          12|          12|
    |add_ln58_91780_fu_9347_p2   |         +|   0|  0|   18|          11|          11|
    |add_ln58_91781_fu_9357_p2   |         +|   0|  0|   17|          13|          13|
    |add_ln58_91782_fu_5639_p2   |         +|   0|  0|   18|          11|          11|
    |add_ln58_91783_fu_5645_p2   |         +|   0|  0|   17|          10|          10|
    |add_ln58_91784_fu_5654_p2   |         +|   0|  0|   17|          10|          10|
    |add_ln58_91785_fu_5663_p2   |         +|   0|  0|   18|          11|          11|
    |add_ln58_91786_fu_9369_p2   |         +|   0|  0|   19|          12|          12|
    |add_ln58_91787_fu_9379_p2   |         +|   0|  0|   17|          13|          13|
    |add_ln58_91788_fu_9385_p2   |         +|   0|  0|   17|          12|          12|
    |add_ln58_91789_fu_5675_p2   |         +|   0|  0|   17|          10|          10|
    |add_ln58_91790_fu_9393_p2   |         +|   0|  0|   17|          12|          12|
    |add_ln58_91791_fu_5681_p2   |         +|   0|  0|   17|          10|          10|
    |add_ln58_91792_fu_5690_p2   |         +|   0|  0|   18|          11|          11|
    |add_ln58_91793_fu_9406_p2   |         +|   0|  0|   17|          13|          13|
    |add_ln58_91794_fu_5696_p2   |         +|   0|  0|   17|          10|          10|
    |add_ln58_91795_fu_5705_p2   |         +|   0|  0|   18|          11|          11|
    |add_ln58_91796_fu_5711_p2   |         +|   0|  0|   17|          10|          10|
    |add_ln58_91797_fu_5721_p2   |         +|   0|  0|   17|          10|          10|
    |add_ln58_91798_fu_5730_p2   |         +|   0|  0|   18|          11|          11|
    |add_ln58_91799_fu_9418_p2   |         +|   0|  0|   19|          12|          12|
    |add_ln58_91800_fu_9428_p2   |         +|   0|  0|   17|          13|          13|
    |add_ln58_91801_fu_5746_p2   |         +|   0|  0|   18|          11|          11|
    |add_ln58_91802_fu_5765_p2   |         +|   0|  0|   18|          11|          11|
    |add_ln58_91803_fu_9440_p2   |         +|   0|  0|   19|          12|          12|
    |add_ln58_91804_fu_5775_p2   |         +|   0|  0|   18|          10|          10|
    |add_ln58_91805_fu_5788_p2   |         +|   0|  0|   17|          11|          11|
    |add_ln58_91806_fu_5794_p2   |         +|   0|  0|   17|          11|          11|
    |add_ln58_91807_fu_9453_p2   |         +|   0|  0|   17|          13|          13|
    |add_ln58_91808_fu_5800_p2   |         +|   0|  0|   17|          10|          10|
    |add_ln58_91809_fu_5810_p2   |         +|   0|  0|   17|          10|          10|
    |add_ln58_91810_fu_5820_p2   |         +|   0|  0|   18|          11|          11|
    |add_ln58_91811_fu_5826_p2   |         +|   0|  0|   17|          10|          10|
    |add_ln58_91812_fu_5836_p2   |         +|   0|  0|   17|          10|          10|
    |add_ln58_91813_fu_5846_p2   |         +|   0|  0|   18|          11|          11|
    |add_ln58_91814_fu_9465_p2   |         +|   0|  0|   19|          12|          12|
    |add_ln58_91815_fu_9475_p2   |         +|   0|  0|   17|          13|          13|
    |add_ln58_91816_fu_5852_p2   |         +|   0|  0|   18|          11|          11|
    |add_ln58_91817_fu_5864_p2   |         +|   0|  0|   18|          10|          10|
    |add_ln58_91818_fu_9487_p2   |         +|   0|  0|   19|          12|          12|
    |add_ln58_91819_fu_5879_p2   |         +|   0|  0|   17|          10|          10|
    |add_ln58_91820_fu_5889_p2   |         +|   0|  0|   18|          11|          11|
    |add_ln58_91821_fu_9500_p2   |         +|   0|  0|   17|          13|          13|
    |add_ln58_91822_fu_5895_p2   |         +|   0|  0|   18|          11|          11|
    |add_ln58_91823_fu_5901_p2   |         +|   0|  0|   18|          11|          11|
    |add_ln58_91824_fu_9512_p2   |         +|   0|  0|   19|          12|          12|
    |add_ln58_91825_fu_9522_p2   |         +|   0|  0|   17|          13|          13|
    |add_ln58_91826_fu_9528_p2   |         +|   0|  0|   17|          12|          12|
    |add_ln58_91827_fu_5907_p2   |         +|   0|  0|   17|          10|          10|
    |add_ln58_91828_fu_9537_p2   |         +|   0|  0|   17|          12|          12|
    |add_ln58_91829_fu_5913_p2   |         +|   0|  0|   17|          10|          10|
    |add_ln58_91830_fu_9553_p2   |         +|   0|  0|   17|          11|          11|
    |add_ln58_91831_fu_9558_p2   |         +|   0|  0|   17|          11|          11|
    |add_ln58_91832_fu_9568_p2   |         +|   0|  0|   17|          13|          13|
    |add_ln58_91833_fu_5919_p2   |         +|   0|  0|   17|          10|          10|
    |add_ln58_91834_fu_5938_p2   |         +|   0|  0|   18|          11|          11|
    |add_ln58_91835_fu_1613_p2   |         +|   0|  0|   16|           9|           9|
    |add_ln58_91836_fu_5947_p2   |         +|   0|  0|   17|          10|          10|
    |add_ln58_91837_fu_5957_p2   |         +|   0|  0|   18|          11|          11|
    |add_ln58_91838_fu_9580_p2   |         +|   0|  0|   19|          12|          12|
    |add_ln58_91839_fu_9590_p2   |         +|   0|  0|   17|          13|          13|
    |add_ln58_91840_fu_9596_p2   |         +|   0|  0|   17|          12|          12|
    |add_ln58_91841_fu_5968_p2   |         +|   0|  0|   18|          10|          10|
    |add_ln58_91842_fu_9604_p2   |         +|   0|  0|   17|          12|          12|
    |add_ln58_91843_fu_5974_p2   |         +|   0|  0|   17|          10|          10|
    |add_ln58_91844_fu_5983_p2   |         +|   0|  0|   18|          11|          11|
    |add_ln58_91845_fu_9617_p2   |         +|   0|  0|   17|          13|          13|
    |add_ln58_91846_fu_5989_p2   |         +|   0|  0|   17|          10|          10|
    |add_ln58_91847_fu_5999_p2   |         +|   0|  0|   18|          11|          11|
    |add_ln58_91848_fu_6005_p2   |         +|   0|  0|   17|          10|          10|
    |add_ln58_91849_fu_6014_p2   |         +|   0|  0|   17|          10|          10|
    |add_ln58_91850_fu_6023_p2   |         +|   0|  0|   18|          11|          11|
    |add_ln58_91851_fu_9629_p2   |         +|   0|  0|   19|          12|          12|
    |add_ln58_91852_fu_9639_p2   |         +|   0|  0|   17|          13|          13|
    |add_ln58_91853_fu_6029_p2   |         +|   0|  0|   18|          11|          11|
    |add_ln58_91854_fu_6041_p2   |         +|   0|  0|   18|          10|          10|
    |add_ln58_91855_fu_9651_p2   |         +|   0|  0|   19|          12|          12|
    |add_ln58_91856_fu_6046_p2   |         +|   0|  0|   17|          10|          10|
    |add_ln58_91857_fu_6057_p2   |         +|   0|  0|   17|          11|          11|
    |add_ln58_91858_fu_6063_p2   |         +|   0|  0|   17|          11|          11|
    |add_ln58_91859_fu_9664_p2   |         +|   0|  0|   17|          13|          13|
    |add_ln58_91860_fu_6069_p2   |         +|   0|  0|   17|          10|          10|
    |add_ln58_91861_fu_6079_p2   |         +|   0|  0|   18|          11|          11|
    |add_ln58_91862_fu_1619_p2   |         +|   0|  0|   16|           9|           9|
    |add_ln58_91863_fu_6088_p2   |         +|   0|  0|   17|          10|          10|
    |add_ln58_91864_fu_6098_p2   |         +|   0|  0|   18|          11|          11|
    |add_ln58_91865_fu_9676_p2   |         +|   0|  0|   19|          12|          12|
    |add_ln58_91866_fu_9686_p2   |         +|   0|  0|   17|          13|          13|
    |add_ln58_91867_fu_9692_p2   |         +|   0|  0|   17|          12|          12|
    |add_ln58_91868_fu_6104_p2   |         +|   0|  0|   17|          10|          10|
    |add_ln58_91869_fu_9699_p2   |         +|   0|  0|   17|          12|          12|
    |add_ln58_91870_fu_6110_p2   |         +|   0|  0|   17|          10|          10|
    |add_ln58_91871_fu_6116_p2   |         +|   0|  0|   17|          10|          10|
    |add_ln58_91872_fu_9715_p2   |         +|   0|  0|   18|          11|          11|
    |add_ln58_91873_fu_9725_p2   |         +|   0|  0|   17|          13|          13|
    |add_ln58_91874_fu_1625_p2   |         +|   0|  0|   16|           9|           9|
    |add_ln58_91875_fu_6124_p2   |         +|   0|  0|   17|          10|          10|
    |add_ln58_91876_fu_6134_p2   |         +|   0|  0|   17|          10|          10|
    |add_ln58_91877_fu_6143_p2   |         +|   0|  0|   18|          11|          11|
    |add_ln58_91878_fu_6149_p2   |         +|   0|  0|   17|          10|          10|
    |add_ln58_91879_fu_6159_p2   |         +|   0|  0|   18|          11|          11|
    |add_ln58_91880_fu_9737_p2   |         +|   0|  0|   19|          12|          12|
    |add_ln58_91881_fu_9747_p2   |         +|   0|  0|   17|          13|          13|
    |add_ln58_91882_fu_9753_p2   |         +|   0|  0|   17|          12|          12|
    |add_ln58_91883_fu_9758_p2   |         +|   0|  0|   17|          12|          12|
    |add_ln58_91884_fu_6165_p2   |         +|   0|  0|   17|          10|          10|
    |add_ln58_91885_fu_6174_p2   |         +|   0|  0|   18|          11|          11|
    |add_ln58_91886_fu_9771_p2   |         +|   0|  0|   17|          13|          13|
    |add_ln58_91887_fu_6190_p2   |         +|   0|  0|   18|          11|          11|
    |add_ln58_91888_fu_6196_p2   |         +|   0|  0|   17|          10|          10|
    |add_ln58_91889_fu_6206_p2   |         +|   0|  0|   17|          10|          10|
    |add_ln58_91890_fu_6215_p2   |         +|   0|  0|   18|          11|          11|
    |add_ln58_91891_fu_9783_p2   |         +|   0|  0|   19|          12|          12|
    |add_ln58_91892_fu_9793_p2   |         +|   0|  0|   17|          13|          13|
    |add_ln58_91893_fu_6221_p2   |         +|   0|  0|   18|          11|          11|
    |add_ln58_91894_fu_9805_p2   |         +|   0|  0|   19|          12|          12|
    |add_ln58_91895_fu_6226_p2   |         +|   0|  0|   17|          10|          10|
    |add_ln58_91896_fu_6234_p2   |         +|   0|  0|   17|          10|          10|
    |add_ln58_91897_fu_6243_p2   |         +|   0|  0|   18|          11|          11|
    |add_ln58_91898_fu_9818_p2   |         +|   0|  0|   17|          13|          13|
    |add_ln58_91899_fu_6249_p2   |         +|   0|  0|   17|          10|          10|
    |add_ln58_91900_fu_6259_p2   |         +|   0|  0|   17|          10|          10|
    |add_ln58_91901_fu_6269_p2   |         +|   0|  0|   18|          11|          11|
    |add_ln58_91902_fu_6275_p2   |         +|   0|  0|   17|          10|          10|
    |add_ln58_91903_fu_6284_p2   |         +|   0|  0|   18|          11|          11|
    |add_ln58_91904_fu_9830_p2   |         +|   0|  0|   19|          12|          12|
    |add_ln58_91905_fu_9840_p2   |         +|   0|  0|   17|          13|          13|
    |add_ln58_91906_fu_6290_p2   |         +|   0|  0|   18|          11|          11|
    |add_ln58_91907_fu_6300_p2   |         +|   0|  0|   18|          11|          11|
    |add_ln58_91908_fu_9852_p2   |         +|   0|  0|   19|          12|          12|
    |add_ln58_91909_fu_6311_p2   |         +|   0|  0|   18|          10|          10|
    |add_ln58_91910_fu_6321_p2   |         +|   0|  0|   17|          11|          11|
    |add_ln58_91911_fu_6327_p2   |         +|   0|  0|   17|          11|          11|
    |add_ln58_91912_fu_9865_p2   |         +|   0|  0|   17|          13|          13|
    |add_ln58_91913_fu_6343_p2   |         +|   0|  0|   17|          10|          10|
    |add_ln58_91914_fu_6353_p2   |         +|   0|  0|   18|          11|          11|
    |add_ln58_91915_fu_6359_p2   |         +|   0|  0|   17|          10|          10|
    |add_ln58_91916_fu_6369_p2   |         +|   0|  0|   18|          11|          11|
    |add_ln58_91917_fu_9877_p2   |         +|   0|  0|   19|          12|          12|
    |add_ln58_91918_fu_9887_p2   |         +|   0|  0|   17|          13|          13|
    |add_ln58_91919_fu_6375_p2   |         +|   0|  0|   18|          11|          11|
    |add_ln58_91920_fu_9896_p2   |         +|   0|  0|   19|          12|          12|
    |add_ln58_91921_fu_9912_p2   |         +|   0|  0|   17|          11|          11|
    |add_ln58_91922_fu_9917_p2   |         +|   0|  0|   17|          11|          11|
    |add_ln58_91923_fu_9927_p2   |         +|   0|  0|   17|          13|          13|
    |add_ln58_91924_fu_6381_p2   |         +|   0|  0|   17|          10|          10|
    |add_ln58_91925_fu_1631_p2   |         +|   0|  0|   16|           9|           9|
    |add_ln58_91926_fu_6392_p2   |         +|   0|  0|   17|          10|          10|
    |add_ln58_91927_fu_6402_p2   |         +|   0|  0|   18|          11|          11|
    |add_ln58_91928_fu_6408_p2   |         +|   0|  0|   17|          10|          10|
    |add_ln58_91929_fu_6418_p2   |         +|   0|  0|   18|          11|          11|
    |add_ln58_91930_fu_9939_p2   |         +|   0|  0|   19|          12|          12|
    |add_ln58_91931_fu_9949_p2   |         +|   0|  0|   17|          13|          13|
    |add_ln58_91932_fu_6424_p2   |         +|   0|  0|   18|          11|          11|
    |add_ln58_91933_fu_9958_p2   |         +|   0|  0|   19|          12|          12|
    |add_ln58_91934_fu_6430_p2   |         +|   0|  0|   18|          11|          11|
    |add_ln58_91935_fu_9971_p2   |         +|   0|  0|   17|          13|          13|
    |add_ln58_91936_fu_6436_p2   |         +|   0|  0|   17|          10|          10|
    |add_ln58_91937_fu_1637_p2   |         +|   0|  0|   16|           9|           9|
    |add_ln58_91938_fu_6449_p2   |         +|   0|  0|   17|          10|          10|
    |add_ln58_91939_fu_6459_p2   |         +|   0|  0|   18|          11|          11|
    |add_ln58_91940_fu_6465_p2   |         +|   0|  0|   17|          10|          10|
    |add_ln58_91941_fu_6475_p2   |         +|   0|  0|   18|          11|          11|
    |add_ln58_91942_fu_9983_p2   |         +|   0|  0|   19|          12|          12|
    |add_ln58_91943_fu_9993_p2   |         +|   0|  0|   17|          13|          13|
    |add_ln58_91944_fu_6481_p2   |         +|   0|  0|   18|          11|          11|
    |add_ln58_91945_fu_6486_p2   |         +|   0|  0|   18|          11|          11|
    |add_ln58_91946_fu_10005_p2  |         +|   0|  0|   19|          12|          12|
    |add_ln58_91947_fu_6492_p2   |         +|   0|  0|   17|          10|          10|
    |add_ln58_91948_fu_10018_p2  |         +|   0|  0|   17|          11|          11|
    |add_ln58_91949_fu_10023_p2  |         +|   0|  0|   17|          11|          11|
    |add_ln58_91950_fu_10033_p2  |         +|   0|  0|   17|          13|          13|
    |add_ln58_91951_fu_6498_p2   |         +|   0|  0|   17|          10|          10|
    |add_ln58_91952_fu_6507_p2   |         +|   0|  0|   17|          10|          10|
    |add_ln58_91953_fu_6517_p2   |         +|   0|  0|   18|          11|          11|
    |add_ln58_91954_fu_6523_p2   |         +|   0|  0|   17|          10|          10|
    |add_ln58_91955_fu_6533_p2   |         +|   0|  0|   17|          10|          10|
    |add_ln58_91956_fu_6543_p2   |         +|   0|  0|   18|          11|          11|
    |add_ln58_91957_fu_10045_p2  |         +|   0|  0|   19|          12|          12|
    |add_ln58_91958_fu_10055_p2  |         +|   0|  0|   17|          13|          13|
    |add_ln58_91959_fu_10061_p2  |         +|   0|  0|   17|          12|          12|
    |add_ln58_91960_fu_10066_p2  |         +|   0|  0|   17|          12|          12|
    |add_ln58_91961_fu_6549_p2   |         +|   0|  0|   17|          10|          10|
    |add_ln58_91962_fu_10079_p2  |         +|   0|  0|   18|          11|          11|
    |add_ln58_91963_fu_10089_p2  |         +|   0|  0|   17|          13|          13|
    |add_ln58_91964_fu_6560_p2   |         +|   0|  0|   18|          10|          10|
    |add_ln58_91965_fu_6570_p2   |         +|   0|  0|   17|          10|          10|
    |add_ln58_91966_fu_6579_p2   |         +|   0|  0|   18|          11|          11|
    |add_ln58_91967_fu_1643_p2   |         +|   0|  0|   16|           9|           9|
    |add_ln58_91968_fu_6588_p2   |         +|   0|  0|   17|          10|          10|
    |add_ln58_91969_fu_1649_p2   |         +|   0|  0|   16|           9|           9|
    |add_ln58_91970_fu_1659_p2   |         +|   0|  0|   16|           9|           9|
    |add_ln58_91971_fu_1669_p2   |         +|   0|  0|   17|          10|          10|
    |add_ln58_91972_fu_6601_p2   |         +|   0|  0|   18|          11|          11|
    |add_ln58_91973_fu_10101_p2  |         +|   0|  0|   19|          12|          12|
    |add_ln58_91974_fu_10111_p2  |         +|   0|  0|   17|          13|          13|
    |add_ln58_91975_fu_6607_p2   |         +|   0|  0|   18|          11|          11|
    |add_ln58_91976_fu_10120_p2  |         +|   0|  0|   19|          12|          12|
    |add_ln58_91977_fu_6613_p2   |         +|   0|  0|   17|          10|          10|
    |add_ln58_91978_fu_6621_p2   |         +|   0|  0|   17|          10|          10|
    |add_ln58_91979_fu_6630_p2   |         +|   0|  0|   18|          11|          11|
    |add_ln58_91980_fu_10133_p2  |         +|   0|  0|   17|          13|          13|
    |add_ln58_91981_fu_6636_p2   |         +|   0|  0|   17|          10|          10|
    |add_ln58_91982_fu_6646_p2   |         +|   0|  0|   17|          10|          10|
    |add_ln58_91983_fu_6656_p2   |         +|   0|  0|   18|          11|          11|
    |add_ln58_91984_fu_6662_p2   |         +|   0|  0|   17|          10|          10|
    |add_ln58_91985_fu_1675_p2   |         +|   0|  0|   16|           9|           9|
    |add_ln58_91986_fu_6674_p2   |         +|   0|  0|   17|          10|          10|
    |add_ln58_91987_fu_6684_p2   |         +|   0|  0|   18|          11|          11|
    |add_ln58_91988_fu_10145_p2  |         +|   0|  0|   19|          12|          12|
    |add_ln58_91989_fu_10155_p2  |         +|   0|  0|   17|          13|          13|
    |add_ln58_91990_fu_6690_p2   |         +|   0|  0|   18|          11|          11|
    |add_ln58_91991_fu_6710_p2   |         +|   0|  0|   18|          11|          11|
    |add_ln58_91992_fu_10167_p2  |         +|   0|  0|   19|          12|          12|
    |add_ln58_91993_fu_1681_p2   |         +|   0|  0|   16|           9|           9|
    |add_ln58_91994_fu_6728_p2   |         +|   0|  0|   17|          10|          10|
    |add_ln58_91995_fu_6738_p2   |         +|   0|  0|   18|          11|          11|
    |add_ln58_91996_fu_10180_p2  |         +|   0|  0|   17|          13|          13|
    |add_ln58_91997_fu_6744_p2   |         +|   0|  0|   17|          10|          10|
    |add_ln58_91998_fu_6754_p2   |         +|   0|  0|   18|          11|          11|
    |add_ln58_91999_fu_6760_p2   |         +|   0|  0|   17|          10|          10|
    |add_ln58_92000_fu_6770_p2   |         +|   0|  0|   18|          11|          11|
    |add_ln58_92001_fu_10192_p2  |         +|   0|  0|   19|          12|          12|
    |add_ln58_92002_fu_10202_p2  |         +|   0|  0|   17|          13|          13|
    |add_ln58_92003_fu_6776_p2   |         +|   0|  0|   18|          11|          11|
    |add_ln58_92004_fu_6782_p2   |         +|   0|  0|   18|          11|          11|
    |add_ln58_92005_fu_10214_p2  |         +|   0|  0|   19|          12|          12|
    |add_ln58_92006_fu_1686_p2   |         +|   0|  0|   16|           9|           9|
    |add_ln58_92007_fu_6791_p2   |         +|   0|  0|   17|          10|          10|
    |add_ln58_92008_fu_10227_p2  |         +|   0|  0|   18|          11|          11|
    |add_ln58_92009_fu_10236_p2  |         +|   0|  0|   17|          13|          13|
    |add_ln58_92010_fu_6796_p2   |         +|   0|  0|   17|          10|          10|
    |add_ln58_92011_fu_6806_p2   |         +|   0|  0|   17|          10|          10|
    |add_ln58_92012_fu_6816_p2   |         +|   0|  0|   18|          11|          11|
    |add_ln58_92013_fu_1692_p2   |         +|   0|  0|   16|           9|           9|
    |add_ln58_92014_fu_6825_p2   |         +|   0|  0|   17|          10|          10|
    |add_ln58_92015_fu_6835_p2   |         +|   0|  0|   18|          11|          11|
    |add_ln58_92016_fu_10248_p2  |         +|   0|  0|   19|          12|          12|
    |add_ln58_92017_fu_10258_p2  |         +|   0|  0|   17|          13|          13|
    |add_ln58_92018_fu_10264_p2  |         +|   0|  0|   17|          12|          12|
    |add_ln58_92019_fu_6841_p2   |         +|   0|  0|   17|          10|          10|
    |add_ln58_92020_fu_10273_p2  |         +|   0|  0|   17|          12|          12|
    |add_ln58_92021_fu_10283_p2  |         +|   0|  0|   17|          11|          11|
    |add_ln58_92022_fu_10289_p2  |         +|   0|  0|   17|          11|          11|
    |add_ln58_92023_fu_10299_p2  |         +|   0|  0|   17|          13|          13|
    |add_ln58_92024_fu_1698_p2   |         +|   0|  0|   16|           9|           9|
    |add_ln58_92025_fu_6859_p2   |         +|   0|  0|   18|          11|          11|
    |add_ln58_92026_fu_6865_p2   |         +|   0|  0|   17|          10|          10|
    |add_ln58_92027_fu_1704_p2   |         +|   0|  0|   16|           9|           9|
    |add_ln58_92028_fu_1710_p2   |         +|   0|  0|   16|           9|           9|
    |add_ln58_92029_fu_6881_p2   |         +|   0|  0|   17|          10|          10|
    |add_ln58_92030_fu_6891_p2   |         +|   0|  0|   18|          11|          11|
    |add_ln58_92031_fu_10311_p2  |         +|   0|  0|   19|          12|          12|
    |add_ln58_92032_fu_10321_p2  |         +|   0|  0|   17|          13|          13|
    |add_ln58_92033_fu_6907_p2   |         +|   0|  0|   18|          11|          11|
    |add_ln58_92034_fu_6917_p2   |         +|   0|  0|   18|          11|          11|
    |add_ln58_92035_fu_10333_p2  |         +|   0|  0|   19|          12|          12|
    |add_ln58_92036_fu_10346_p2  |         +|   0|  0|   17|          11|          11|
    |add_ln58_92037_fu_10351_p2  |         +|   0|  0|   17|          11|          11|
    |add_ln58_92038_fu_10361_p2  |         +|   0|  0|   17|          13|          13|
    |add_ln58_92039_fu_1722_p2   |         +|   0|  0|   16|           9|           9|
    |add_ln58_92040_fu_1732_p2   |         +|   0|  0|   16|           9|           9|
    |add_ln58_92041_fu_1742_p2   |         +|   0|  0|   17|          10|          10|
    |add_ln58_92042_fu_6942_p2   |         +|   0|  0|   18|          11|          11|
    |add_ln58_92043_fu_6948_p2   |         +|   0|  0|   17|          10|          10|
    |add_ln58_92044_fu_6958_p2   |         +|   0|  0|   17|          10|          10|
    |add_ln58_92045_fu_6968_p2   |         +|   0|  0|   18|          11|          11|
    |add_ln58_92046_fu_10373_p2  |         +|   0|  0|   19|          12|          12|
    |add_ln58_92047_fu_10383_p2  |         +|   0|  0|   17|          13|          13|
    |add_ln58_92048_fu_6974_p2   |         +|   0|  0|   18|          11|          11|
    |add_ln58_92049_fu_6980_p2   |         +|   0|  0|   18|          11|          11|
    |add_ln58_92050_fu_10395_p2  |         +|   0|  0|   19|          12|          12|
    |add_ln58_92051_fu_6986_p2   |         +|   0|  0|   17|          10|          10|
    |add_ln58_92052_fu_10408_p2  |         +|   0|  0|   18|          11|          11|
    |add_ln58_92053_fu_10417_p2  |         +|   0|  0|   17|          13|          13|
    |add_ln58_92054_fu_6991_p2   |         +|   0|  0|   17|          10|          10|
    |add_ln58_92055_fu_7001_p2   |         +|   0|  0|   17|          10|          10|
    |add_ln58_92056_fu_7011_p2   |         +|   0|  0|   18|          11|          11|
    |add_ln58_92057_fu_7017_p2   |         +|   0|  0|   17|          10|          10|
    |add_ln58_92058_fu_7027_p2   |         +|   0|  0|   18|          11|          11|
    |add_ln58_92059_fu_10429_p2  |         +|   0|  0|   19|          12|          12|
    |add_ln58_92060_fu_10439_p2  |         +|   0|  0|   17|          13|          13|
    |add_ln58_92061_fu_7033_p2   |         +|   0|  0|   18|          11|          11|
    |add_ln58_92062_fu_7042_p2   |         +|   0|  0|   18|          11|          11|
    |add_ln58_92063_fu_10451_p2  |         +|   0|  0|   19|          12|          12|
    |add_ln58_92064_fu_10461_p2  |         +|   0|  0|   17|          11|          11|
    |add_ln58_92065_fu_10466_p2  |         +|   0|  0|   17|          11|          11|
    |add_ln58_92066_fu_10476_p2  |         +|   0|  0|   17|          13|          13|
    |add_ln58_92067_fu_1748_p2   |         +|   0|  0|   16|           9|           9|
    |add_ln58_92068_fu_7061_p2   |         +|   0|  0|   17|          10|          10|
    |add_ln58_92069_fu_7071_p2   |         +|   0|  0|   18|          11|          11|
    |add_ln58_92070_fu_7077_p2   |         +|   0|  0|   17|          10|          10|
    |add_ln58_92071_fu_7087_p2   |         +|   0|  0|   18|          11|          11|
    |add_ln58_92072_fu_10488_p2  |         +|   0|  0|   19|          12|          12|
    |add_ln58_92073_fu_10498_p2  |         +|   0|  0|   17|          13|          13|
    |add_ln58_92074_fu_7093_p2   |         +|   0|  0|   18|          11|          11|
    |add_ln58_92075_fu_10507_p2  |         +|   0|  0|   19|          12|          12|
    |add_ln58_92076_fu_10520_p2  |         +|   0|  0|   17|          11|          11|
    |add_ln58_92077_fu_10525_p2  |         +|   0|  0|   17|          11|          11|
    |add_ln58_92078_fu_10535_p2  |         +|   0|  0|   17|          13|          13|
    |add_ln58_92079_fu_7099_p2   |         +|   0|  0|   17|          10|          10|
    |add_ln58_92080_fu_7108_p2   |         +|   0|  0|   18|          11|          11|
    |add_ln58_92081_fu_7114_p2   |         +|   0|  0|   17|          10|          10|
    |add_ln58_92082_fu_7124_p2   |         +|   0|  0|   18|          11|          11|
    |add_ln58_92083_fu_10547_p2  |         +|   0|  0|   19|          12|          12|
    |add_ln58_92084_fu_10557_p2  |         +|   0|  0|   17|          13|          13|
    |add_ln58_92085_fu_10563_p2  |         +|   0|  0|   17|          12|          12|
    |add_ln58_92086_fu_10569_p2  |         +|   0|  0|   17|          12|          12|
    |add_ln58_92087_fu_7135_p2   |         +|   0|  0|   18|          10|          10|
    |add_ln58_92088_fu_10582_p2  |         +|   0|  0|   18|          11|          11|
    |add_ln58_92089_fu_10592_p2  |         +|   0|  0|   17|          13|          13|
    |add_ln58_92090_fu_7141_p2   |         +|   0|  0|   17|          10|          10|
    |add_ln58_92091_fu_7151_p2   |         +|   0|  0|   18|          11|          11|
    |add_ln58_92092_fu_7157_p2   |         +|   0|  0|   17|          10|          10|
    |add_ln58_92093_fu_7167_p2   |         +|   0|  0|   18|          11|          11|
    |add_ln58_92094_fu_10604_p2  |         +|   0|  0|   19|          12|          12|
    |add_ln58_92095_fu_10614_p2  |         +|   0|  0|   17|          13|          13|
    |add_ln58_92096_fu_10620_p2  |         +|   0|  0|   17|          12|          12|
    |add_ln58_92097_fu_7179_p2   |         +|   0|  0|   18|          10|          10|
    |add_ln58_92098_fu_10629_p2  |         +|   0|  0|   17|          12|          12|
    |add_ln58_92099_fu_7190_p2   |         +|   0|  0|   18|          10|          10|
    |add_ln58_92100_fu_10642_p2  |         +|   0|  0|   18|          11|          11|
    |add_ln58_92101_fu_10652_p2  |         +|   0|  0|   17|          13|          13|
    |add_ln58_92102_fu_1754_p2   |         +|   0|  0|   16|           9|           9|
    |add_ln58_92103_fu_7199_p2   |         +|   0|  0|   17|          10|          10|
    |add_ln58_92104_fu_7209_p2   |         +|   0|  0|   18|          11|          11|
    |add_ln58_92105_fu_7215_p2   |         +|   0|  0|   17|          10|          10|
    |add_ln58_92106_fu_7224_p2   |         +|   0|  0|   18|          11|          11|
    |add_ln58_92107_fu_10664_p2  |         +|   0|  0|   19|          12|          12|
    |add_ln58_92108_fu_10674_p2  |         +|   0|  0|   17|          13|          13|
    |add_ln58_92109_fu_10683_p2  |         +|   0|  0|   17|          12|          12|
    |add_ln58_92110_fu_10689_p2  |         +|   0|  0|   17|          12|          12|
    |add_ln58_92111_fu_7230_p2   |         +|   0|  0|   17|          10|          10|
    |add_ln58_92112_fu_7240_p2   |         +|   0|  0|   18|          10|          10|
    |add_ln58_92113_fu_10705_p2  |         +|   0|  0|   18|          11|          11|
    |add_ln58_92114_fu_10715_p2  |         +|   0|  0|   17|          13|          13|
    |add_ln58_92115_fu_7246_p2   |         +|   0|  0|   18|          11|          11|
    |add_ln58_92116_fu_7252_p2   |         +|   0|  0|   18|          11|          11|
    |add_ln58_92117_fu_10727_p2  |         +|   0|  0|   19|          12|          12|
    |add_ln58_92118_fu_10737_p2  |         +|   0|  0|   17|          13|          13|
    |add_ln58_fu_316_p2          |         +|   0|  0|   16|           9|           9|
    |sub_ln58_3905_fu_352_p2     |         -|   0|  0|   17|          10|          10|
    |sub_ln58_3906_fu_358_p2     |         -|   0|  0|   17|          10|          10|
    |sub_ln58_3907_fu_370_p2     |         -|   0|  0|   17|          10|          10|
    |sub_ln58_3908_fu_382_p2     |         -|   0|  0|   17|          10|          10|
    |sub_ln58_3909_fu_730_p2     |         -|   0|  0|   18|          11|          11|
    |sub_ln58_3910_fu_742_p2     |         -|   0|  0|   18|          11|          11|
    |sub_ln58_3911_fu_1786_p2    |         -|   0|  0|   18|          11|          11|
    |sub_ln58_3912_fu_760_p2     |         -|   0|  0|   18|          11|          11|
    |sub_ln58_3913_fu_769_p2     |         -|   0|  0|   17|          10|          10|
    |sub_ln58_3914_fu_789_p2     |         -|   0|  0|   18|          11|          11|
    |sub_ln58_3915_fu_801_p2     |         -|   0|  0|   18|          11|          11|
    |sub_ln58_3916_fu_1791_p2    |         -|   0|  0|   18|          11|          11|
    |sub_ln58_3917_fu_812_p2     |         -|   0|  0|   16|           9|           9|
    |sub_ln58_3918_fu_1876_p2    |         -|   0|  0|   17|          11|          11|
    |sub_ln58_3919_fu_827_p2     |         -|   0|  0|   16|           9|           9|
    |sub_ln58_3920_fu_1932_p2    |         -|   0|  0|   17|          11|          11|
    |sub_ln58_3921_fu_848_p2     |         -|   0|  0|   16|           9|           9|
    |sub_ln58_3922_fu_858_p2     |         -|   0|  0|   17|          10|          10|
    |sub_ln58_3923_fu_2007_p2    |         -|   0|  0|   18|          10|          10|
    |sub_ln58_3924_fu_864_p2     |         -|   0|  0|   16|           9|           9|
    |sub_ln58_3925_fu_869_p2     |         -|   0|  0|   16|           9|           9|
    |sub_ln58_3926_fu_2141_p2    |         -|   0|  0|   17|          10|          10|
    |sub_ln58_3927_fu_2157_p2    |         -|   0|  0|   18|          10|          10|
    |sub_ln58_3928_fu_933_p2     |         -|   0|  0|   17|          10|          10|
    |sub_ln58_3929_fu_2187_p2    |         -|   0|  0|   17|          10|          10|
    |sub_ln58_3930_fu_953_p2     |         -|   0|  0|   17|          10|          10|
    |sub_ln58_3931_fu_2276_p2    |         -|   0|  0|   17|          10|          10|
    |sub_ln58_3932_fu_2282_p2    |         -|   0|  0|   17|          10|          10|
    |sub_ln58_3933_fu_2293_p2    |         -|   0|  0|   18|          10|          10|
    |sub_ln58_3934_fu_2314_p2    |         -|   0|  0|   17|          10|          10|
    |sub_ln58_3935_fu_2384_p2    |         -|   0|  0|   17|          10|          10|
    |sub_ln58_3936_fu_2396_p2    |         -|   0|  0|   17|          10|          10|
    |sub_ln58_3937_fu_2408_p2    |         -|   0|  0|   17|          10|          10|
    |sub_ln58_3938_fu_1023_p2    |         -|   0|  0|   17|          10|          10|
    |sub_ln58_3939_fu_2485_p2    |         -|   0|  0|   17|          10|          10|
    |sub_ln58_3940_fu_2501_p2    |         -|   0|  0|   17|          10|          10|
    |sub_ln58_3941_fu_2513_p2    |         -|   0|  0|   17|          10|          10|
    |sub_ln58_3942_fu_1053_p2    |         -|   0|  0|   17|          10|          10|
    |sub_ln58_3943_fu_1059_p2    |         -|   0|  0|   16|           9|           9|
    |sub_ln58_3944_fu_2535_p2    |         -|   0|  0|   17|          10|          10|
    |sub_ln58_3945_fu_2598_p2    |         -|   0|  0|   17|          10|          10|
    |sub_ln58_3946_fu_2613_p2    |         -|   0|  0|   17|          10|          10|
    |sub_ln58_3947_fu_2623_p2    |         -|   0|  0|   17|          10|          10|
    |sub_ln58_3948_fu_1089_p2    |         -|   0|  0|   17|          10|          10|
    |sub_ln58_3949_fu_2727_p2    |         -|   0|  0|   17|          10|          10|
    |sub_ln58_3950_fu_2743_p2    |         -|   0|  0|   17|          10|          10|
    |sub_ln58_3951_fu_2755_p2    |         -|   0|  0|   17|          10|          10|
    |sub_ln58_3952_fu_1119_p2    |         -|   0|  0|   16|           9|           9|
    |sub_ln58_3953_fu_2840_p2    |         -|   0|  0|   17|          10|          10|
    |sub_ln58_3954_fu_2855_p2    |         -|   0|  0|   17|          10|          10|
    |sub_ln58_3955_fu_2950_p2    |         -|   0|  0|   17|          10|          10|
    |sub_ln58_3956_fu_2966_p2    |         -|   0|  0|   17|          10|          10|
    |sub_ln58_3957_fu_2976_p2    |         -|   0|  0|   17|          10|          10|
    |sub_ln58_3958_fu_2992_p2    |         -|   0|  0|   18|          10|          10|
    |sub_ln58_3959_fu_1173_p2    |         -|   0|  0|   17|          10|          10|
    |sub_ln58_3960_fu_1179_p2    |         -|   0|  0|   16|           9|           9|
    |sub_ln58_3961_fu_3056_p2    |         -|   0|  0|   17|          10|          10|
    |sub_ln58_3962_fu_3075_p2    |         -|   0|  0|   17|          10|          10|
    |sub_ln58_3963_fu_1223_p2    |         -|   0|  0|   17|          10|          10|
    |sub_ln58_3964_fu_3161_p2    |         -|   0|  0|   17|          10|          10|
    |sub_ln58_3965_fu_3183_p2    |         -|   0|  0|   17|          10|          10|
    |sub_ln58_3966_fu_1246_p2    |         -|   0|  0|   17|          10|          10|
    |sub_ln58_3967_fu_1252_p2    |         -|   0|  0|   17|          10|          10|
    |sub_ln58_3968_fu_3251_p2    |         -|   0|  0|   18|          10|          10|
    |sub_ln58_3969_fu_1276_p2    |         -|   0|  0|   17|          10|          10|
    |sub_ln58_3970_fu_1282_p2    |         -|   0|  0|   16|           9|           9|
    |sub_ln58_3971_fu_3334_p2    |         -|   0|  0|   17|          10|          10|
    |sub_ln58_3972_fu_1306_p2    |         -|   0|  0|   17|          10|          10|
    |sub_ln58_3973_fu_3362_p2    |         -|   0|  0|   17|          10|          10|
    |sub_ln58_3974_fu_3442_p2    |         -|   0|  0|   17|          10|          10|
    |sub_ln58_3975_fu_3454_p2    |         -|   0|  0|   17|          10|          10|
    |sub_ln58_3976_fu_3465_p2    |         -|   0|  0|   18|          10|          10|
    |sub_ln58_3977_fu_1330_p2    |         -|   0|  0|   17|          10|          10|
    |sub_ln58_3978_fu_3547_p2    |         -|   0|  0|   17|          10|          10|
    |sub_ln58_3979_fu_3631_p2    |         -|   0|  0|   17|          10|          10|
    |sub_ln58_3980_fu_1348_p2    |         -|   0|  0|   16|           9|           9|
    |sub_ln58_3981_fu_3648_p2    |         -|   0|  0|   17|          10|          10|
    |sub_ln58_3982_fu_3731_p2    |         -|   0|  0|   17|          10|          10|
    |sub_ln58_3983_fu_3749_p2    |         -|   0|  0|   18|          10|          10|
    |sub_ln58_3984_fu_1365_p2    |         -|   0|  0|   16|           9|           9|
    |sub_ln58_3985_fu_3807_p2    |         -|   0|  0|   17|          10|          10|
    |sub_ln58_3986_fu_3873_p2    |         -|   0|  0|   17|          10|          10|
    |sub_ln58_3987_fu_3969_p2    |         -|   0|  0|   17|          10|          10|
    |sub_ln58_3988_fu_1395_p2    |         -|   0|  0|   16|           9|           9|
    |sub_ln58_3989_fu_3977_p2    |         -|   0|  0|   17|          10|          10|
    |sub_ln58_3990_fu_4020_p2    |         -|   0|  0|   17|          10|          10|
    |sub_ln58_3991_fu_1427_p2    |         -|   0|  0|   17|          10|          10|
    |sub_ln58_3992_fu_4055_p2    |         -|   0|  0|   17|          10|          10|
    |sub_ln58_3993_fu_4106_p2    |         -|   0|  0|   17|          10|          10|
    |sub_ln58_3994_fu_1451_p2    |         -|   0|  0|   17|          10|          10|
    |sub_ln58_3995_fu_4157_p2    |         -|   0|  0|   17|          10|          10|
    |sub_ln58_3996_fu_4214_p2    |         -|   0|  0|   17|          10|          10|
    |sub_ln58_3997_fu_1475_p2    |         -|   0|  0|   17|          10|          10|
    |sub_ln58_3998_fu_4234_p2    |         -|   0|  0|   17|          10|          10|
    |sub_ln58_3999_fu_4318_p2    |         -|   0|  0|   17|          10|          10|
    |sub_ln58_4000_fu_4339_p2    |         -|   0|  0|   17|          10|          10|
    |sub_ln58_4001_fu_4399_p2    |         -|   0|  0|   18|          10|          10|
    |sub_ln58_4002_fu_4411_p2    |         -|   0|  0|   17|          10|          10|
    |sub_ln58_4003_fu_4483_p2    |         -|   0|  0|   17|          10|          10|
    |sub_ln58_4004_fu_4493_p2    |         -|   0|  0|   17|          10|          10|
    |sub_ln58_4005_fu_4509_p2    |         -|   0|  0|   17|          10|          10|
    |sub_ln58_4006_fu_1529_p2    |         -|   0|  0|   17|          10|          10|
    |sub_ln58_4007_fu_1535_p2    |         -|   0|  0|   16|           9|           9|
    |sub_ln58_4008_fu_4616_p2    |         -|   0|  0|   17|          10|          10|
    |sub_ln58_4009_fu_4673_p2    |         -|   0|  0|   18|          10|          10|
    |sub_ln58_4010_fu_4693_p2    |         -|   0|  0|   17|          10|          10|
    |sub_ln58_4011_fu_4764_p2    |         -|   0|  0|   17|          10|          10|
    |sub_ln58_4012_fu_4774_p2    |         -|   0|  0|   17|          10|          10|
    |sub_ln58_4013_fu_4794_p2    |         -|   0|  0|   17|          10|          10|
    |sub_ln58_4014_fu_1547_p2    |         -|   0|  0|   16|           9|           9|
    |sub_ln58_4015_fu_4812_p2    |         -|   0|  0|   17|          10|          10|
    |sub_ln58_4016_fu_4866_p2    |         -|   0|  0|   18|          10|          10|
    |sub_ln58_4017_fu_4956_p2    |         -|   0|  0|   18|          10|          10|
    |sub_ln58_4018_fu_5151_p2    |         -|   0|  0|   17|          10|          10|
    |sub_ln58_4019_fu_1583_p2    |         -|   0|  0|   16|           9|           9|
    |sub_ln58_4020_fu_5196_p2    |         -|   0|  0|   17|          10|          10|
    |sub_ln58_4021_fu_5240_p2    |         -|   0|  0|   17|          10|          10|
    |sub_ln58_4022_fu_5255_p2    |         -|   0|  0|   17|          10|          10|
    |sub_ln58_4023_fu_5270_p2    |         -|   0|  0|   17|          10|          10|
    |sub_ln58_4024_fu_5343_p2    |         -|   0|  0|   17|          10|          10|
    |sub_ln58_4025_fu_5375_p2    |         -|   0|  0|   17|          10|          10|
    |sub_ln58_4026_fu_5445_p2    |         -|   0|  0|   17|          10|          10|
    |sub_ln58_4027_fu_5503_p2    |         -|   0|  0|   17|          10|          10|
    |sub_ln58_4028_fu_5528_p2    |         -|   0|  0|   18|          10|          10|
    |sub_ln58_4029_fu_5579_p2    |         -|   0|  0|   17|          10|          10|
    |sub_ln58_4030_fu_1607_p2    |         -|   0|  0|   16|           9|           9|
    |sub_ln58_4031_fu_5669_p2    |         -|   0|  0|   17|          10|          10|
    |sub_ln58_4032_fu_5736_p2    |         -|   0|  0|   17|          10|          10|
    |sub_ln58_4033_fu_5751_p2    |         -|   0|  0|   17|          10|          10|
    |sub_ln58_4034_fu_5771_p2    |         -|   0|  0|   18|          10|          10|
    |sub_ln58_4035_fu_5858_p2    |         -|   0|  0|   18|          10|          10|
    |sub_ln58_4036_fu_5870_p2    |         -|   0|  0|   17|          10|          10|
    |sub_ln58_4037_fu_5928_p2    |         -|   0|  0|   17|          10|          10|
    |sub_ln58_4038_fu_5963_p2    |         -|   0|  0|   18|          10|          10|
    |sub_ln58_4039_fu_6035_p2    |         -|   0|  0|   18|          10|          10|
    |sub_ln58_4040_fu_6180_p2    |         -|   0|  0|   17|          10|          10|
    |sub_ln58_4041_fu_6306_p2    |         -|   0|  0|   18|          10|          10|
    |sub_ln58_4042_fu_6333_p2    |         -|   0|  0|   17|          10|          10|
    |sub_ln58_4043_fu_6555_p2    |         -|   0|  0|   18|          10|          10|
    |sub_ln58_4044_fu_6696_p2    |         -|   0|  0|   17|          10|          10|
    |sub_ln58_4045_fu_6719_p2    |         -|   0|  0|   17|          10|          10|
    |sub_ln58_4046_fu_6850_p2    |         -|   0|  0|   17|          10|          10|
    |sub_ln58_4047_fu_6897_p2    |         -|   0|  0|   17|          10|          10|
    |sub_ln58_4048_fu_6923_p2    |         -|   0|  0|   17|          10|          10|
    |sub_ln58_4049_fu_1716_p2    |         -|   0|  0|   16|           9|           9|
    |sub_ln58_4050_fu_6930_p2    |         -|   0|  0|   17|          10|          10|
    |sub_ln58_4051_fu_7048_p2    |         -|   0|  0|   17|          10|          10|
    |sub_ln58_4052_fu_7130_p2    |         -|   0|  0|   18|          10|          10|
    |sub_ln58_4053_fu_7173_p2    |         -|   0|  0|   18|          10|          10|
    |sub_ln58_4054_fu_7185_p2    |         -|   0|  0|   18|          10|          10|
    |sub_ln58_4055_fu_7236_p2    |         -|   0|  0|   18|          10|          10|
    |sub_ln58_67_fu_306_p2       |         -|   0|  0|   16|           9|           9|
    |sub_ln58_68_fu_332_p2       |         -|   0|  0|   16|           9|           9|
    |sub_ln58_69_fu_634_p2       |         -|   0|  0|   18|          10|          10|
    |sub_ln58_fu_326_p2          |         -|   0|  0|   17|           1|          10|
    |sub_ln73_2763_fu_290_p2     |         -|   0|  0|   16|           1|           9|
    |sub_ln73_2764_fu_300_p2     |         -|   0|  0|   16|           1|           9|
    |sub_ln73_2765_fu_391_p2     |         -|   0|  0|   16|           1|           9|
    |sub_ln73_2766_fu_400_p2     |         -|   0|  0|   16|           1|           9|
    |sub_ln73_2767_fu_409_p2     |         -|   0|  0|   16|           1|           9|
    |sub_ln73_2768_fu_418_p2     |         -|   0|  0|   16|           1|           9|
    |sub_ln73_2769_fu_427_p2     |         -|   0|  0|   16|           1|           9|
    |sub_ln73_2770_fu_436_p2     |         -|   0|  0|   16|           1|           9|
    |sub_ln73_2771_fu_445_p2     |         -|   0|  0|   16|           1|           9|
    |sub_ln73_2772_fu_454_p2     |         -|   0|  0|   16|           1|           9|
    |sub_ln73_2773_fu_463_p2     |         -|   0|  0|   16|           1|           9|
    |sub_ln73_2774_fu_472_p2     |         -|   0|  0|   16|           1|           9|
    |sub_ln73_2775_fu_481_p2     |         -|   0|  0|   16|           1|           9|
    |sub_ln73_2776_fu_490_p2     |         -|   0|  0|   16|           1|           9|
    |sub_ln73_2777_fu_499_p2     |         -|   0|  0|   16|           1|           9|
    |sub_ln73_2778_fu_508_p2     |         -|   0|  0|   16|           1|           9|
    |sub_ln73_2779_fu_517_p2     |         -|   0|  0|   16|           1|           9|
    |sub_ln73_2780_fu_526_p2     |         -|   0|  0|   16|           1|           9|
    |sub_ln73_2781_fu_535_p2     |         -|   0|  0|   16|           1|           9|
    |sub_ln73_2782_fu_544_p2     |         -|   0|  0|   16|           1|           9|
    |sub_ln73_2783_fu_553_p2     |         -|   0|  0|   16|           1|           9|
    |sub_ln73_2784_fu_562_p2     |         -|   0|  0|   16|           1|           9|
    |sub_ln73_2785_fu_571_p2     |         -|   0|  0|   16|           1|           9|
    |sub_ln73_2786_fu_580_p2     |         -|   0|  0|   16|           1|           9|
    |sub_ln73_2787_fu_589_p2     |         -|   0|  0|   16|           1|           9|
    |sub_ln73_2788_fu_598_p2     |         -|   0|  0|   16|           1|           9|
    |sub_ln73_2789_fu_607_p2     |         -|   0|  0|   16|           1|           9|
    |sub_ln73_2790_fu_616_p2     |         -|   0|  0|   16|           1|           9|
    |sub_ln73_2791_fu_625_p2     |         -|   0|  0|   16|           1|           9|
    +----------------------------+----------+----+---+-----+------------+------------+
    |Total                       |          |   0|  0|20560|       12490|       12731|
    +----------------------------+----------+----+---+-----+------------+------------+

    * Multiplexer: 
    +--------------+----+-----------+-----+-----------+
    |     Name     | LUT| Input Size| Bits| Total Bits|
    +--------------+----+-----------+-----+-----------+
    |ap_return_0   |  14|          3|   13|         39|
    |ap_return_1   |  14|          3|   13|         39|
    |ap_return_10  |  14|          3|   13|         39|
    |ap_return_11  |  14|          3|   13|         39|
    |ap_return_12  |  14|          3|   13|         39|
    |ap_return_13  |  14|          3|   13|         39|
    |ap_return_14  |  14|          3|   13|         39|
    |ap_return_15  |  14|          3|   13|         39|
    |ap_return_16  |  14|          3|   13|         39|
    |ap_return_17  |  14|          3|   13|         39|
    |ap_return_18  |  14|          3|   13|         39|
    |ap_return_19  |  14|          3|   13|         39|
    |ap_return_2   |  14|          3|   13|         39|
    |ap_return_20  |  14|          3|   13|         39|
    |ap_return_21  |  14|          3|   13|         39|
    |ap_return_22  |  14|          3|   13|         39|
    |ap_return_23  |  14|          3|   13|         39|
    |ap_return_24  |  14|          3|   13|         39|
    |ap_return_25  |  14|          3|   13|         39|
    |ap_return_26  |  14|          3|   13|         39|
    |ap_return_27  |  14|          3|   13|         39|
    |ap_return_28  |  14|          3|   13|         39|
    |ap_return_29  |  14|          3|   13|         39|
    |ap_return_3   |  14|          3|   13|         39|
    |ap_return_30  |  14|          3|   13|         39|
    |ap_return_31  |  14|          3|   13|         39|
    |ap_return_32  |  14|          3|   13|         39|
    |ap_return_33  |  14|          3|   13|         39|
    |ap_return_34  |  14|          3|   13|         39|
    |ap_return_35  |  14|          3|   13|         39|
    |ap_return_36  |  14|          3|   13|         39|
    |ap_return_37  |  14|          3|   13|         39|
    |ap_return_38  |  14|          3|   13|         39|
    |ap_return_39  |  14|          3|   13|         39|
    |ap_return_4   |  14|          3|   13|         39|
    |ap_return_40  |  14|          3|   13|         39|
    |ap_return_41  |  14|          3|   13|         39|
    |ap_return_42  |  14|          3|   13|         39|
    |ap_return_43  |  14|          3|   13|         39|
    |ap_return_44  |  14|          3|   13|         39|
    |ap_return_45  |  14|          3|   13|         39|
    |ap_return_46  |  14|          3|   13|         39|
    |ap_return_47  |  14|          3|   13|         39|
    |ap_return_48  |  14|          3|   13|         39|
    |ap_return_49  |  14|          3|   13|         39|
    |ap_return_5   |  14|          3|   13|         39|
    |ap_return_50  |  14|          3|   13|         39|
    |ap_return_51  |  14|          3|   13|         39|
    |ap_return_52  |  14|          3|   13|         39|
    |ap_return_53  |  14|          3|   13|         39|
    |ap_return_54  |  14|          3|   13|         39|
    |ap_return_55  |  14|          3|   13|         39|
    |ap_return_56  |  14|          3|   13|         39|
    |ap_return_57  |  14|          3|   13|         39|
    |ap_return_58  |  14|          3|   13|         39|
    |ap_return_59  |  14|          3|   13|         39|
    |ap_return_6   |  14|          3|   13|         39|
    |ap_return_60  |  14|          3|   13|         39|
    |ap_return_61  |  14|          3|   13|         39|
    |ap_return_62  |  14|          3|   13|         39|
    |ap_return_63  |  14|          3|   13|         39|
    |ap_return_7   |  14|          3|   13|         39|
    |ap_return_8   |  14|          3|   13|         39|
    |ap_return_9   |  14|          3|   13|         39|
    +--------------+----+-----------+-----+-----------+
    |Total         | 896|        192|  832|       2496|
    +--------------+----+-----------+-----+-----------+

    * Register: 
    +-------------------------------------------+----+----+-----+-----------+
    |                    Name                   | FF | LUT| Bits| Const Bits|
    +-------------------------------------------+----+----+-----+-----------+
    |add_ln58_91117_reg_11332                   |  10|   0|   10|          0|
    |add_ln58_91118_reg_11350                   |  10|   0|   10|          0|
    |add_ln58_91119_reg_11362                   |  10|   0|   10|          0|
    |add_ln58_91126_reg_11497                   |  10|   0|   10|          0|
    |add_ln58_91129_reg_11507                   |  10|   0|   10|          0|
    |add_ln58_91130_reg_11512                   |  10|   0|   10|          0|
    |add_ln58_91131_reg_11517                   |  10|   0|   10|          0|
    |add_ln58_91132_reg_11536                   |  11|   0|   11|          0|
    |add_ln58_91133_reg_11548                   |  11|   0|   11|          0|
    |add_ln58_91134_reg_11554                   |  11|   0|   11|          0|
    |add_ln58_91135_reg_11566                   |  11|   0|   11|          0|
    |add_ln58_91136_reg_11583                   |  11|   0|   11|          0|
    |add_ln58_91140_reg_11595                   |   9|   0|    9|          0|
    |add_ln58_91145_reg_11601                   |  11|   0|   11|          0|
    |add_ln58_91153_reg_12490                   |  11|   0|   11|          0|
    |add_ln58_91154_reg_12495                   |  11|   0|   11|          0|
    |add_ln58_91155_reg_12500                   |  11|   0|   11|          0|
    |add_ln58_91156_reg_11612                   |   9|   0|    9|          0|
    |add_ln58_91158_reg_12510                   |  11|   0|   11|          0|
    |add_ln58_91159_reg_11629                   |   9|   0|    9|          0|
    |add_ln58_91161_reg_12515                   |  11|   0|   11|          0|
    |add_ln58_91163_reg_12520                   |  11|   0|   11|          0|
    |add_ln58_91164_reg_12525                   |  11|   0|   11|          0|
    |add_ln58_91167_reg_12530                   |  12|   0|   12|          0|
    |add_ln58_91170_reg_11664                   |   9|   0|    9|          0|
    |add_ln58_91171_reg_11669                   |   9|   0|    9|          0|
    |add_ln58_91173_reg_12536                   |  12|   0|   12|          0|
    |add_ln58_91176_reg_12548                   |  12|   0|   12|          0|
    |add_ln58_91179_reg_12553                   |  11|   0|   11|          0|
    |add_ln58_91181_reg_11850                   |   9|   0|    9|          0|
    |add_ln58_91183_reg_11855                   |   9|   0|    9|          0|
    |add_ln58_91185_reg_12558                   |  11|   0|   11|          0|
    |add_ln58_91186_reg_11860                   |   9|   0|    9|          0|
    |add_ln58_91188_reg_11865                   |   9|   0|    9|          0|
    |add_ln58_91189_reg_11870                   |   9|   0|    9|          0|
    |add_ln58_91191_reg_12563                   |  11|   0|   11|          0|
    |add_ln58_91195_reg_12573                   |  10|   0|   10|          0|
    |add_ln58_91197_reg_12578                   |  10|   0|   10|          0|
    |add_ln58_91198_reg_12583                   |  10|   0|   10|          0|
    |add_ln58_91201_reg_11875                   |   9|   0|    9|          0|
    |add_ln58_91202_reg_11880                   |   9|   0|    9|          0|
    |add_ln58_91204_reg_12588                   |  11|   0|   11|          0|
    |add_ln58_91205_reg_11885                   |   9|   0|    9|          0|
    |add_ln58_91207_reg_11890                   |   9|   0|    9|          0|
    |add_ln58_91208_reg_11895                   |   9|   0|    9|          0|
    |add_ln58_91210_reg_12593                   |  11|   0|   11|          0|
    |add_ln58_91213_reg_12598                   |  11|   0|   11|          0|
    |add_ln58_91214_reg_12603                   |  10|   0|   10|          0|
    |add_ln58_91216_reg_12608                   |  10|   0|   10|          0|
    |add_ln58_91221_reg_11912                   |   9|   0|    9|          0|
    |add_ln58_91222_reg_11917                   |   9|   0|    9|          0|
    |add_ln58_91224_reg_12626                   |  11|   0|   11|          0|
    |add_ln58_91225_reg_11922                   |   9|   0|    9|          0|
    |add_ln58_91227_reg_11927                   |   9|   0|    9|          0|
    |add_ln58_91229_reg_12631                   |  11|   0|   11|          0|
    |add_ln58_91232_reg_12636                   |  11|   0|   11|          0|
    |add_ln58_91233_reg_12646                   |  10|   0|   10|          0|
    |add_ln58_91235_reg_12656                   |  10|   0|   10|          0|
    |add_ln58_91236_reg_12667                   |  11|   0|   11|          0|
    |add_ln58_91239_reg_11945                   |   9|   0|    9|          0|
    |add_ln58_91240_reg_11950                   |   9|   0|    9|          0|
    |add_ln58_91242_reg_12673                   |  11|   0|   11|          0|
    |add_ln58_91243_reg_11955                   |   9|   0|    9|          0|
    |add_ln58_91245_reg_11960                   |   9|   0|    9|          0|
    |add_ln58_91247_reg_12678                   |  11|   0|   11|          0|
    |add_ln58_91250_reg_12683                   |  11|   0|   11|          0|
    |add_ln58_91251_reg_12688                   |  11|   0|   11|          0|
    |add_ln58_91255_reg_12693                   |  11|   0|   11|          0|
    |add_ln58_91257_reg_11973                   |   9|   0|    9|          0|
    |add_ln58_91259_reg_11978                   |   9|   0|    9|          0|
    |add_ln58_91261_reg_12698                   |  11|   0|   11|          0|
    |add_ln58_91262_reg_11983                   |   9|   0|    9|          0|
    |add_ln58_91264_reg_11988                   |   9|   0|    9|          0|
    |add_ln58_91266_reg_12703                   |  11|   0|   11|          0|
    |add_ln58_91269_reg_12708                   |  11|   0|   11|          0|
    |add_ln58_91270_reg_12713                   |  10|   0|   10|          0|
    |add_ln58_91272_reg_12723                   |  10|   0|   10|          0|
    |add_ln58_91273_reg_12728                   |  10|   0|   10|          0|
    |add_ln58_91277_reg_11998                   |   9|   0|    9|          0|
    |add_ln58_91278_reg_12003                   |   9|   0|    9|          0|
    |add_ln58_91280_reg_12733                   |  11|   0|   11|          0|
    |add_ln58_91281_reg_12008                   |   9|   0|    9|          0|
    |add_ln58_91283_reg_12013                   |   9|   0|    9|          0|
    |add_ln58_91284_reg_12018                   |   9|   0|    9|          0|
    |add_ln58_91286_reg_12738                   |  11|   0|   11|          0|
    |add_ln58_91289_reg_12743                   |  11|   0|   11|          0|
    |add_ln58_91290_reg_12748                   |  10|   0|   10|          0|
    |add_ln58_91294_reg_12753                   |  11|   0|   11|          0|
    |add_ln58_91297_reg_12023                   |   9|   0|    9|          0|
    |add_ln58_91299_reg_12758                   |  11|   0|   11|          0|
    |add_ln58_91301_reg_12028                   |   9|   0|    9|          0|
    |add_ln58_91302_reg_12033                   |   9|   0|    9|          0|
    |add_ln58_91304_reg_12763                   |  11|   0|   11|          0|
    |add_ln58_91307_reg_12768                   |  11|   0|   11|          0|
    |add_ln58_91308_reg_12778                   |  11|   0|   11|          0|
    |add_ln58_91310_reg_12783                   |  10|   0|   10|          0|
    |add_ln58_91314_reg_12053                   |   9|   0|    9|          0|
    |add_ln58_91316_reg_12788                   |  11|   0|   11|          0|
    |add_ln58_91317_reg_12058                   |   9|   0|    9|          0|
    |add_ln58_91321_reg_12063                   |  10|   0|   10|          0|
    |add_ln58_91322_reg_12793                   |  11|   0|   11|          0|
    |add_ln58_91325_reg_12798                   |  11|   0|   11|          0|
    |add_ln58_91326_reg_12803                   |  11|   0|   11|          0|
    |add_ln58_91328_reg_12808                   |  10|   0|   10|          0|
    |add_ln58_91333_reg_12076                   |   9|   0|    9|          0|
    |add_ln58_91335_reg_12813                   |  11|   0|   11|          0|
    |add_ln58_91336_reg_12081                   |   9|   0|    9|          0|
    |add_ln58_91337_reg_12086                   |   9|   0|    9|          0|
    |add_ln58_91340_reg_12818                   |  11|   0|   11|          0|
    |add_ln58_91343_reg_12823                   |  11|   0|   11|          0|
    |add_ln58_91344_reg_12828                   |  11|   0|   11|          0|
    |add_ln58_91346_reg_12833                   |  10|   0|   10|          0|
    |add_ln58_91351_reg_12104                   |   9|   0|    9|          0|
    |add_ln58_91352_reg_12109                   |   9|   0|    9|          0|
    |add_ln58_91354_reg_12844                   |  11|   0|   11|          0|
    |add_ln58_91355_reg_12114                   |   9|   0|    9|          0|
    |add_ln58_91357_reg_12849                   |  11|   0|   11|          0|
    |add_ln58_91360_reg_12854                   |  11|   0|   11|          0|
    |add_ln58_91361_reg_12859                   |  10|   0|   10|          0|
    |add_ln58_91365_reg_12864                   |  11|   0|   11|          0|
    |add_ln58_91367_reg_12134                   |   9|   0|    9|          0|
    |add_ln58_91369_reg_12869                   |  11|   0|   11|          0|
    |add_ln58_91370_reg_12139                   |   9|   0|    9|          0|
    |add_ln58_91372_reg_12144                   |   9|   0|    9|          0|
    |add_ln58_91374_reg_12874                   |  11|   0|   11|          0|
    |add_ln58_91377_reg_12879                   |  11|   0|   11|          0|
    |add_ln58_91381_reg_12884                   |  11|   0|   11|          0|
    |add_ln58_91385_reg_12889                   |  11|   0|   11|          0|
    |add_ln58_91387_reg_12156                   |   9|   0|    9|          0|
    |add_ln58_91389_reg_12894                   |  11|   0|   11|          0|
    |add_ln58_91392_reg_12899                   |  11|   0|   11|          0|
    |add_ln58_91393_reg_12904                   |  10|   0|   10|          0|
    |add_ln58_91395_reg_12914                   |  10|   0|   10|          0|
    |add_ln58_91396_reg_12919                   |  10|   0|   10|          0|
    |add_ln58_91400_reg_12161                   |   9|   0|    9|          0|
    |add_ln58_91402_reg_12924                   |  11|   0|   11|          0|
    |add_ln58_91403_reg_12166                   |   9|   0|    9|          0|
    |add_ln58_91406_reg_12929                   |  11|   0|   11|          0|
    |add_ln58_91410_reg_12934                   |  10|   0|   10|          0|
    |add_ln58_91414_reg_12939                   |  11|   0|   11|          0|
    |add_ln58_91418_reg_12944                   |  11|   0|   11|          0|
    |add_ln58_91420_reg_12179                   |   9|   0|    9|          0|
    |add_ln58_91421_reg_12184                   |   9|   0|    9|          0|
    |add_ln58_91423_reg_12949                   |  11|   0|   11|          0|
    |add_ln58_91426_reg_12954                   |  11|   0|   11|          0|
    |add_ln58_91427_reg_12959                   |  11|   0|   11|          0|
    |add_ln58_91429_reg_12194                   |   9|   0|    9|          0|
    |add_ln58_91431_reg_12964                   |  11|   0|   11|          0|
    |add_ln58_91435_reg_12969                   |  11|   0|   11|          0|
    |add_ln58_91437_reg_12199                   |   9|   0|    9|          0|
    |add_ln58_91439_reg_12974                   |  11|   0|   11|          0|
    |add_ln58_91443_reg_12979                   |  10|   0|   10|          0|
    |add_ln58_91445_reg_12984                   |  10|   0|   10|          0|
    |add_ln58_91446_reg_12989                   |  10|   0|   10|          0|
    |add_ln58_91449_reg_12209                   |   9|   0|    9|          0|
    |add_ln58_91451_reg_12994                   |  11|   0|   11|          0|
    |add_ln58_91454_reg_12999                   |  11|   0|   11|          0|
    |add_ln58_91457_reg_13009                   |  11|   0|   11|          0|
    |add_ln58_91458_reg_13014                   |  10|   0|   10|          0|
    |add_ln58_91460_reg_13019                   |  10|   0|   10|          0|
    |add_ln58_91463_reg_12214                   |   9|   0|    9|          0|
    |add_ln58_91465_reg_13024                   |  11|   0|   11|          0|
    |add_ln58_91466_reg_12219                   |   9|   0|    9|          0|
    |add_ln58_91468_reg_13029                   |  11|   0|   11|          0|
    |add_ln58_91471_reg_13034                   |  11|   0|   11|          0|
    |add_ln58_91475_reg_13039                   |  11|   0|   11|          0|
    |add_ln58_91477_reg_12224                   |   9|   0|    9|          0|
    |add_ln58_91479_reg_13044                   |  11|   0|   11|          0|
    |add_ln58_91482_reg_13049                   |  11|   0|   11|          0|
    |add_ln58_91485_reg_13054                   |  11|   0|   11|          0|
    |add_ln58_91486_reg_13059                   |  10|   0|   10|          0|
    |add_ln58_91493_reg_12234                   |  10|   0|   10|          0|
    |add_ln58_91494_reg_13069                   |  11|   0|   11|          0|
    |add_ln58_91497_reg_13074                   |  11|   0|   11|          0|
    |add_ln58_91501_reg_13079                   |  10|   0|   10|          0|
    |add_ln58_91505_reg_13084                   |  11|   0|   11|          0|
    |add_ln58_91507_reg_13089                   |  11|   0|   11|          0|
    |add_ln58_91508_reg_12245                   |   9|   0|    9|          0|
    |add_ln58_91510_reg_12250                   |   9|   0|    9|          0|
    |add_ln58_91511_reg_12255                   |   9|   0|    9|          0|
    |add_ln58_91513_reg_13094                   |  11|   0|   11|          0|
    |add_ln58_91516_reg_13099                   |  11|   0|   11|          0|
    |add_ln58_91517_reg_13104                   |  10|   0|   10|          0|
    |add_ln58_91521_reg_13109                   |  11|   0|   11|          0|
    |add_ln58_91523_reg_12266                   |   9|   0|    9|          0|
    |add_ln58_91524_reg_12271                   |   9|   0|    9|          0|
    |add_ln58_91526_reg_13114                   |  11|   0|   11|          0|
    |add_ln58_91527_reg_12276                   |   9|   0|    9|          0|
    |add_ln58_91530_reg_13119                   |  11|   0|   11|          0|
    |add_ln58_91534_reg_13129                   |  10|   0|   10|          0|
    |add_ln58_91537_reg_13134                   |  11|   0|   11|          0|
    |add_ln58_91540_reg_13139                   |  11|   0|   11|          0|
    |add_ln58_91542_reg_12288                   |   9|   0|    9|          0|
    |add_ln58_91544_reg_13144                   |  11|   0|   11|          0|
    |add_ln58_91547_reg_13149                   |  11|   0|   11|          0|
    |add_ln58_91548_reg_13154                   |  10|   0|   10|          0|
    |add_ln58_91552_reg_13160                   |  11|   0|   11|          0|
    |add_ln58_91555_reg_13165                   |  11|   0|   11|          0|
    |add_ln58_91556_reg_12293                   |   9|   0|    9|          0|
    |add_ln58_91559_reg_13170                   |  11|   0|   11|          0|
    |add_ln58_91562_reg_13175                   |  11|   0|   11|          0|
    |add_ln58_91563_reg_13180                   |  10|   0|   10|          0|
    |add_ln58_91570_reg_13199                   |  11|   0|   11|          0|
    |add_ln58_91571_reg_12298                   |   9|   0|    9|          0|
    |add_ln58_91573_reg_12303                   |   9|   0|    9|          0|
    |add_ln58_91574_reg_12308                   |   9|   0|    9|          0|
    |add_ln58_91576_reg_13204                   |  11|   0|   11|          0|
    |add_ln58_91579_reg_13209                   |  11|   0|   11|          0|
    |add_ln58_91580_reg_13214                   |  11|   0|   11|          0|
    |add_ln58_91582_reg_13219                   |  10|   0|   10|          0|
    |add_ln58_91583_reg_13224                   |  11|   0|   11|          0|
    |add_ln58_91587_reg_12313                   |   9|   0|    9|          0|
    |add_ln58_91589_reg_13231                   |  11|   0|   11|          0|
    |add_ln58_91590_reg_12318                   |   9|   0|    9|          0|
    |add_ln58_91592_reg_12323                   |   9|   0|    9|          0|
    |add_ln58_91594_reg_13236                   |  11|   0|   11|          0|
    |add_ln58_91601_reg_13241                   |  11|   0|   11|          0|
    |add_ln58_91604_reg_13246                   |  11|   0|   11|          0|
    |add_ln58_91607_reg_13251                   |  11|   0|   11|          0|
    |add_ln58_91610_reg_13256                   |  11|   0|   11|          0|
    |add_ln58_91611_reg_13261                   |  10|   0|   10|          0|
    |add_ln58_91615_reg_13266                   |  11|   0|   11|          0|
    |add_ln58_91617_reg_12340                   |   9|   0|    9|          0|
    |add_ln58_91620_reg_13271                   |  11|   0|   11|          0|
    |add_ln58_91622_reg_13276                   |  11|   0|   11|          0|
    |add_ln58_91625_reg_13281                   |  11|   0|   11|          0|
    |add_ln58_91626_reg_13291                   |  11|   0|   11|          0|
    |add_ln58_91628_reg_13296                   |  10|   0|   10|          0|
    |add_ln58_91629_reg_13301                   |  11|   0|   11|          0|
    |add_ln58_91633_reg_13307                   |  11|   0|   11|          0|
    |add_ln58_91635_reg_12350                   |   9|   0|    9|          0|
    |add_ln58_91637_reg_13312                   |  11|   0|   11|          0|
    |add_ln58_91644_reg_13317                   |  11|   0|   11|          0|
    |add_ln58_91648_reg_13322                   |  11|   0|   11|          0|
    |add_ln58_91651_reg_13327                   |  11|   0|   11|          0|
    |add_ln58_91656_reg_13332                   |  12|   0|   12|          0|
    |add_ln58_91657_reg_13337                   |  10|   0|   10|          0|
    |add_ln58_91658_reg_13342                   |  10|   0|   10|          0|
    |add_ln58_91663_reg_13347                   |  11|   0|   11|          0|
    |add_ln58_91664_reg_12355                   |   9|   0|    9|          0|
    |add_ln58_91666_reg_13352                   |  11|   0|   11|          0|
    |add_ln58_91669_reg_13357                   |  11|   0|   11|          0|
    |add_ln58_91670_reg_13362                   |  10|   0|   10|          0|
    |add_ln58_91673_reg_13367                   |  11|   0|   11|          0|
    |add_ln58_91676_reg_13372                   |  11|   0|   11|          0|
    |add_ln58_91677_reg_12360                   |   9|   0|    9|          0|
    |add_ln58_91679_reg_13377                   |  11|   0|   11|          0|
    |add_ln58_91683_reg_13382                   |  10|   0|   10|          0|
    |add_ln58_91685_reg_12365                   |   9|   0|    9|          0|
    |add_ln58_91686_reg_13387                   |  10|   0|   10|          0|
    |add_ln58_91691_reg_13392                   |  11|   0|   11|          0|
    |add_ln58_91692_reg_12370                   |   9|   0|    9|          0|
    |add_ln58_91694_reg_13397                   |  11|   0|   11|          0|
    |add_ln58_91697_reg_13402                   |  11|   0|   11|          0|
    |add_ln58_91698_reg_13407                   |  11|   0|   11|          0|
    |add_ln58_91702_reg_13412                   |  11|   0|   11|          0|
    |add_ln58_91704_reg_12380                   |   9|   0|    9|          0|
    |add_ln58_91706_reg_13417                   |  11|   0|   11|          0|
    |add_ln58_91708_reg_13422                   |  11|   0|   11|          0|
    |add_ln58_91711_reg_13427                   |  11|   0|   11|          0|
    |add_ln58_91712_reg_13432                   |  11|   0|   11|          0|
    |add_ln58_91714_reg_13437                   |  11|   0|   11|          0|
    |add_ln58_91715_reg_13442                   |  11|   0|   11|          0|
    |add_ln58_91719_reg_13447                   |  11|   0|   11|          0|
    |add_ln58_91722_reg_13452                   |  11|   0|   11|          0|
    |add_ln58_91725_reg_13457                   |  11|   0|   11|          0|
    |add_ln58_91726_reg_13467                   |  10|   0|   10|          0|
    |add_ln58_91730_reg_13472                   |  11|   0|   11|          0|
    |add_ln58_91733_reg_13477                   |  11|   0|   11|          0|
    |add_ln58_91735_reg_12385                   |   9|   0|    9|          0|
    |add_ln58_91737_reg_13482                   |  11|   0|   11|          0|
    |add_ln58_91740_reg_13487                   |  11|   0|   11|          0|
    |add_ln58_91741_reg_13492                   |  10|   0|   10|          0|
    |add_ln58_91746_reg_13497                   |  11|   0|   11|          0|
    |add_ln58_91749_reg_13502                   |  11|   0|   11|          0|
    |add_ln58_91752_reg_13507                   |  11|   0|   11|          0|
    |add_ln58_91753_reg_13512                   |  11|   0|   11|          0|
    |add_ln58_91755_reg_13517                   |  10|   0|   10|          0|
    |add_ln58_91756_reg_13522                   |  10|   0|   10|          0|
    |add_ln58_91759_reg_12390                   |   9|   0|    9|          0|
    |add_ln58_91761_reg_13527                   |  11|   0|   11|          0|
    |add_ln58_91762_reg_13532                   |  11|   0|   11|          0|
    |add_ln58_91765_reg_13537                   |  11|   0|   11|          0|
    |add_ln58_91766_reg_13542                   |  11|   0|   11|          0|
    |add_ln58_91771_reg_13547                   |  11|   0|   11|          0|
    |add_ln58_91774_reg_13552                   |  11|   0|   11|          0|
    |add_ln58_91778_reg_13557                   |  10|   0|   10|          0|
    |add_ln58_91782_reg_13562                   |  11|   0|   11|          0|
    |add_ln58_91785_reg_13567                   |  11|   0|   11|          0|
    |add_ln58_91789_reg_13572                   |  10|   0|   10|          0|
    |add_ln58_91792_reg_13577                   |  11|   0|   11|          0|
    |add_ln58_91795_reg_13582                   |  11|   0|   11|          0|
    |add_ln58_91798_reg_13587                   |  11|   0|   11|          0|
    |add_ln58_91801_reg_13592                   |  11|   0|   11|          0|
    |add_ln58_91802_reg_13597                   |  11|   0|   11|          0|
    |add_ln58_91806_reg_13602                   |  11|   0|   11|          0|
    |add_ln58_91810_reg_13607                   |  11|   0|   11|          0|
    |add_ln58_91813_reg_13612                   |  11|   0|   11|          0|
    |add_ln58_91816_reg_13617                   |  11|   0|   11|          0|
    |add_ln58_91817_reg_13622                   |  10|   0|   10|          0|
    |add_ln58_91820_reg_13627                   |  11|   0|   11|          0|
    |add_ln58_91822_reg_13632                   |  11|   0|   11|          0|
    |add_ln58_91823_reg_13637                   |  11|   0|   11|          0|
    |add_ln58_91827_reg_13642                   |  10|   0|   10|          0|
    |add_ln58_91829_reg_13647                   |  10|   0|   10|          0|
    |add_ln58_91834_reg_13652                   |  11|   0|   11|          0|
    |add_ln58_91835_reg_12400                   |   9|   0|    9|          0|
    |add_ln58_91837_reg_13657                   |  11|   0|   11|          0|
    |add_ln58_91841_reg_13662                   |  10|   0|   10|          0|
    |add_ln58_91844_reg_13667                   |  11|   0|   11|          0|
    |add_ln58_91847_reg_13672                   |  11|   0|   11|          0|
    |add_ln58_91850_reg_13677                   |  11|   0|   11|          0|
    |add_ln58_91853_reg_13682                   |  11|   0|   11|          0|
    |add_ln58_91854_reg_13687                   |  10|   0|   10|          0|
    |add_ln58_91858_reg_13692                   |  11|   0|   11|          0|
    |add_ln58_91861_reg_13697                   |  11|   0|   11|          0|
    |add_ln58_91862_reg_12405                   |   9|   0|    9|          0|
    |add_ln58_91864_reg_13702                   |  11|   0|   11|          0|
    |add_ln58_91868_reg_13707                   |  10|   0|   10|          0|
    |add_ln58_91870_reg_13712                   |  10|   0|   10|          0|
    |add_ln58_91871_reg_13717                   |  10|   0|   10|          0|
    |add_ln58_91874_reg_12410                   |   9|   0|    9|          0|
    |add_ln58_91877_reg_13722                   |  11|   0|   11|          0|
    |add_ln58_91879_reg_13727                   |  11|   0|   11|          0|
    |add_ln58_91885_reg_13732                   |  11|   0|   11|          0|
    |add_ln58_91887_reg_13737                   |  11|   0|   11|          0|
    |add_ln58_91890_reg_13742                   |  11|   0|   11|          0|
    |add_ln58_91893_reg_13747                   |  11|   0|   11|          0|
    |add_ln58_91897_reg_13752                   |  11|   0|   11|          0|
    |add_ln58_91901_reg_13757                   |  11|   0|   11|          0|
    |add_ln58_91903_reg_13762                   |  11|   0|   11|          0|
    |add_ln58_91906_reg_13767                   |  11|   0|   11|          0|
    |add_ln58_91907_reg_13772                   |  11|   0|   11|          0|
    |add_ln58_91911_reg_13777                   |  11|   0|   11|          0|
    |add_ln58_91914_reg_13782                   |  11|   0|   11|          0|
    |add_ln58_91916_reg_13787                   |  11|   0|   11|          0|
    |add_ln58_91919_reg_13792                   |  11|   0|   11|          0|
    |add_ln58_91925_reg_12415                   |   9|   0|    9|          0|
    |add_ln58_91927_reg_13797                   |  11|   0|   11|          0|
    |add_ln58_91929_reg_13802                   |  11|   0|   11|          0|
    |add_ln58_91932_reg_13807                   |  11|   0|   11|          0|
    |add_ln58_91934_reg_13812                   |  11|   0|   11|          0|
    |add_ln58_91937_reg_12420                   |   9|   0|    9|          0|
    |add_ln58_91939_reg_13817                   |  11|   0|   11|          0|
    |add_ln58_91941_reg_13822                   |  11|   0|   11|          0|
    |add_ln58_91944_reg_13827                   |  11|   0|   11|          0|
    |add_ln58_91945_reg_13832                   |  11|   0|   11|          0|
    |add_ln58_91947_reg_13837                   |  10|   0|   10|          0|
    |add_ln58_91953_reg_13842                   |  11|   0|   11|          0|
    |add_ln58_91956_reg_13847                   |  11|   0|   11|          0|
    |add_ln58_91961_reg_13852                   |  10|   0|   10|          0|
    |add_ln58_91966_reg_13857                   |  11|   0|   11|          0|
    |add_ln58_91967_reg_12425                   |   9|   0|    9|          0|
    |add_ln58_91971_reg_12430                   |  10|   0|   10|          0|
    |add_ln58_91972_reg_13862                   |  11|   0|   11|          0|
    |add_ln58_91975_reg_13867                   |  11|   0|   11|          0|
    |add_ln58_91979_reg_13872                   |  11|   0|   11|          0|
    |add_ln58_91983_reg_13877                   |  11|   0|   11|          0|
    |add_ln58_91985_reg_12435                   |   9|   0|    9|          0|
    |add_ln58_91987_reg_13882                   |  11|   0|   11|          0|
    |add_ln58_91990_reg_13887                   |  11|   0|   11|          0|
    |add_ln58_91991_reg_13892                   |  11|   0|   11|          0|
    |add_ln58_91993_reg_12440                   |   9|   0|    9|          0|
    |add_ln58_91995_reg_13897                   |  11|   0|   11|          0|
    |add_ln58_91998_reg_13902                   |  11|   0|   11|          0|
    |add_ln58_92000_reg_13907                   |  11|   0|   11|          0|
    |add_ln58_92003_reg_13912                   |  11|   0|   11|          0|
    |add_ln58_92004_reg_13917                   |  11|   0|   11|          0|
    |add_ln58_92006_reg_12445                   |   9|   0|    9|          0|
    |add_ln58_92007_reg_13922                   |  10|   0|   10|          0|
    |add_ln58_92012_reg_13927                   |  11|   0|   11|          0|
    |add_ln58_92013_reg_12450                   |   9|   0|    9|          0|
    |add_ln58_92015_reg_13932                   |  11|   0|   11|          0|
    |add_ln58_92019_reg_13937                   |  10|   0|   10|          0|
    |add_ln58_92024_reg_12455                   |   9|   0|    9|          0|
    |add_ln58_92025_reg_13942                   |  11|   0|   11|          0|
    |add_ln58_92027_reg_12460                   |   9|   0|    9|          0|
    |add_ln58_92028_reg_12465                   |   9|   0|    9|          0|
    |add_ln58_92030_reg_13947                   |  11|   0|   11|          0|
    |add_ln58_92033_reg_13952                   |  11|   0|   11|          0|
    |add_ln58_92034_reg_13957                   |  11|   0|   11|          0|
    |add_ln58_92041_reg_12475                   |  10|   0|   10|          0|
    |add_ln58_92042_reg_13967                   |  11|   0|   11|          0|
    |add_ln58_92045_reg_13972                   |  11|   0|   11|          0|
    |add_ln58_92048_reg_13977                   |  11|   0|   11|          0|
    |add_ln58_92049_reg_13982                   |  11|   0|   11|          0|
    |add_ln58_92051_reg_13987                   |  10|   0|   10|          0|
    |add_ln58_92056_reg_13992                   |  11|   0|   11|          0|
    |add_ln58_92058_reg_13997                   |  11|   0|   11|          0|
    |add_ln58_92061_reg_14002                   |  11|   0|   11|          0|
    |add_ln58_92062_reg_14007                   |  11|   0|   11|          0|
    |add_ln58_92067_reg_12480                   |   9|   0|    9|          0|
    |add_ln58_92069_reg_14012                   |  11|   0|   11|          0|
    |add_ln58_92071_reg_14017                   |  11|   0|   11|          0|
    |add_ln58_92074_reg_14022                   |  11|   0|   11|          0|
    |add_ln58_92080_reg_14027                   |  11|   0|   11|          0|
    |add_ln58_92082_reg_14032                   |  11|   0|   11|          0|
    |add_ln58_92087_reg_14037                   |  10|   0|   10|          0|
    |add_ln58_92091_reg_14042                   |  11|   0|   11|          0|
    |add_ln58_92093_reg_14047                   |  11|   0|   11|          0|
    |add_ln58_92097_reg_14052                   |  10|   0|   10|          0|
    |add_ln58_92099_reg_14057                   |  10|   0|   10|          0|
    |add_ln58_92102_reg_12485                   |   9|   0|    9|          0|
    |add_ln58_92104_reg_14062                   |  11|   0|   11|          0|
    |add_ln58_92106_reg_14067                   |  11|   0|   11|          0|
    |add_ln58_92111_reg_14072                   |  10|   0|   10|          0|
    |add_ln58_92112_reg_14077                   |  10|   0|   10|          0|
    |add_ln58_92115_reg_14082                   |  11|   0|   11|          0|
    |add_ln58_92116_reg_14087                   |  11|   0|   11|          0|
    |ap_ce_reg                                  |   1|   0|    1|          0|
    |ap_return_0_int_reg                        |  13|   0|   13|          0|
    |ap_return_10_int_reg                       |  13|   0|   13|          0|
    |ap_return_11_int_reg                       |  13|   0|   13|          0|
    |ap_return_12_int_reg                       |  13|   0|   13|          0|
    |ap_return_13_int_reg                       |  13|   0|   13|          0|
    |ap_return_14_int_reg                       |  13|   0|   13|          0|
    |ap_return_15_int_reg                       |  13|   0|   13|          0|
    |ap_return_16_int_reg                       |  13|   0|   13|          0|
    |ap_return_17_int_reg                       |  13|   0|   13|          0|
    |ap_return_18_int_reg                       |  13|   0|   13|          0|
    |ap_return_19_int_reg                       |  13|   0|   13|          0|
    |ap_return_1_int_reg                        |  13|   0|   13|          0|
    |ap_return_20_int_reg                       |  13|   0|   13|          0|
    |ap_return_21_int_reg                       |  13|   0|   13|          0|
    |ap_return_22_int_reg                       |  13|   0|   13|          0|
    |ap_return_23_int_reg                       |  13|   0|   13|          0|
    |ap_return_24_int_reg                       |  13|   0|   13|          0|
    |ap_return_25_int_reg                       |  13|   0|   13|          0|
    |ap_return_26_int_reg                       |  13|   0|   13|          0|
    |ap_return_27_int_reg                       |  13|   0|   13|          0|
    |ap_return_28_int_reg                       |  13|   0|   13|          0|
    |ap_return_29_int_reg                       |  13|   0|   13|          0|
    |ap_return_2_int_reg                        |  13|   0|   13|          0|
    |ap_return_30_int_reg                       |  13|   0|   13|          0|
    |ap_return_31_int_reg                       |  13|   0|   13|          0|
    |ap_return_32_int_reg                       |  13|   0|   13|          0|
    |ap_return_33_int_reg                       |  13|   0|   13|          0|
    |ap_return_34_int_reg                       |  13|   0|   13|          0|
    |ap_return_35_int_reg                       |  13|   0|   13|          0|
    |ap_return_36_int_reg                       |  13|   0|   13|          0|
    |ap_return_37_int_reg                       |  13|   0|   13|          0|
    |ap_return_38_int_reg                       |  13|   0|   13|          0|
    |ap_return_39_int_reg                       |  13|   0|   13|          0|
    |ap_return_3_int_reg                        |  13|   0|   13|          0|
    |ap_return_40_int_reg                       |  13|   0|   13|          0|
    |ap_return_41_int_reg                       |  13|   0|   13|          0|
    |ap_return_42_int_reg                       |  13|   0|   13|          0|
    |ap_return_43_int_reg                       |  13|   0|   13|          0|
    |ap_return_44_int_reg                       |  13|   0|   13|          0|
    |ap_return_45_int_reg                       |  13|   0|   13|          0|
    |ap_return_46_int_reg                       |  13|   0|   13|          0|
    |ap_return_47_int_reg                       |  13|   0|   13|          0|
    |ap_return_48_int_reg                       |  13|   0|   13|          0|
    |ap_return_49_int_reg                       |  13|   0|   13|          0|
    |ap_return_4_int_reg                        |  13|   0|   13|          0|
    |ap_return_50_int_reg                       |  13|   0|   13|          0|
    |ap_return_51_int_reg                       |  13|   0|   13|          0|
    |ap_return_52_int_reg                       |  13|   0|   13|          0|
    |ap_return_53_int_reg                       |  13|   0|   13|          0|
    |ap_return_54_int_reg                       |  13|   0|   13|          0|
    |ap_return_55_int_reg                       |  13|   0|   13|          0|
    |ap_return_56_int_reg                       |  13|   0|   13|          0|
    |ap_return_57_int_reg                       |  13|   0|   13|          0|
    |ap_return_58_int_reg                       |  13|   0|   13|          0|
    |ap_return_59_int_reg                       |  13|   0|   13|          0|
    |ap_return_5_int_reg                        |  13|   0|   13|          0|
    |ap_return_60_int_reg                       |  13|   0|   13|          0|
    |ap_return_61_int_reg                       |  13|   0|   13|          0|
    |ap_return_62_int_reg                       |  13|   0|   13|          0|
    |ap_return_63_int_reg                       |  13|   0|   13|          0|
    |ap_return_6_int_reg                        |  13|   0|   13|          0|
    |ap_return_7_int_reg                        |  13|   0|   13|          0|
    |ap_return_8_int_reg                        |  13|   0|   13|          0|
    |ap_return_9_int_reg                        |  13|   0|   13|          0|
    |data_288_val_int_reg                       |   8|   0|    8|          0|
    |data_289_val_int_reg                       |   8|   0|    8|          0|
    |data_290_val_int_reg                       |   8|   0|    8|          0|
    |data_291_val_int_reg                       |   8|   0|    8|          0|
    |data_291_val_read_reg_11297                |   8|   0|    8|          0|
    |data_292_val_int_reg                       |   8|   0|    8|          0|
    |data_292_val_read_reg_11291                |   8|   0|    8|          0|
    |data_292_val_read_reg_11291_pp0_iter1_reg  |   8|   0|    8|          0|
    |data_293_val_int_reg                       |   8|   0|    8|          0|
    |data_293_val_read_reg_11284                |   8|   0|    8|          0|
    |data_293_val_read_reg_11284_pp0_iter1_reg  |   8|   0|    8|          0|
    |data_294_val_int_reg                       |   8|   0|    8|          0|
    |data_294_val_read_reg_11277                |   8|   0|    8|          0|
    |data_294_val_read_reg_11277_pp0_iter1_reg  |   8|   0|    8|          0|
    |data_295_val_int_reg                       |   8|   0|    8|          0|
    |data_295_val_read_reg_11271                |   8|   0|    8|          0|
    |data_296_val_int_reg                       |   8|   0|    8|          0|
    |data_296_val_read_reg_11265                |   8|   0|    8|          0|
    |data_296_val_read_reg_11265_pp0_iter1_reg  |   8|   0|    8|          0|
    |data_297_val_int_reg                       |   8|   0|    8|          0|
    |data_297_val_read_reg_11259                |   8|   0|    8|          0|
    |data_297_val_read_reg_11259_pp0_iter1_reg  |   8|   0|    8|          0|
    |data_298_val_int_reg                       |   8|   0|    8|          0|
    |data_298_val_read_reg_11253                |   8|   0|    8|          0|
    |data_298_val_read_reg_11253_pp0_iter1_reg  |   8|   0|    8|          0|
    |data_299_val_int_reg                       |   8|   0|    8|          0|
    |data_299_val_read_reg_11247                |   8|   0|    8|          0|
    |data_299_val_read_reg_11247_pp0_iter1_reg  |   8|   0|    8|          0|
    |data_300_val_int_reg                       |   8|   0|    8|          0|
    |data_300_val_read_reg_11241                |   8|   0|    8|          0|
    |data_300_val_read_reg_11241_pp0_iter1_reg  |   8|   0|    8|          0|
    |data_301_val_int_reg                       |   8|   0|    8|          0|
    |data_301_val_read_reg_11235                |   8|   0|    8|          0|
    |data_301_val_read_reg_11235_pp0_iter1_reg  |   8|   0|    8|          0|
    |data_302_val_int_reg                       |   8|   0|    8|          0|
    |data_302_val_read_reg_11229                |   8|   0|    8|          0|
    |data_302_val_read_reg_11229_pp0_iter1_reg  |   8|   0|    8|          0|
    |data_303_val_int_reg                       |   8|   0|    8|          0|
    |data_303_val_read_reg_11223                |   8|   0|    8|          0|
    |data_303_val_read_reg_11223_pp0_iter1_reg  |   8|   0|    8|          0|
    |data_304_val_int_reg                       |   8|   0|    8|          0|
    |data_304_val_read_reg_11217                |   8|   0|    8|          0|
    |data_304_val_read_reg_11217_pp0_iter1_reg  |   8|   0|    8|          0|
    |data_305_val_int_reg                       |   8|   0|    8|          0|
    |data_305_val_read_reg_11211                |   8|   0|    8|          0|
    |data_305_val_read_reg_11211_pp0_iter1_reg  |   8|   0|    8|          0|
    |data_306_val_int_reg                       |   8|   0|    8|          0|
    |data_306_val_read_reg_11205                |   8|   0|    8|          0|
    |data_307_val_int_reg                       |   8|   0|    8|          0|
    |data_307_val_read_reg_11199                |   8|   0|    8|          0|
    |data_308_val_int_reg                       |   8|   0|    8|          0|
    |data_308_val_read_reg_11193                |   8|   0|    8|          0|
    |data_309_val_int_reg                       |   8|   0|    8|          0|
    |data_309_val_read_reg_11187                |   8|   0|    8|          0|
    |data_310_val_int_reg                       |   8|   0|    8|          0|
    |data_310_val_read_reg_11181                |   8|   0|    8|          0|
    |data_311_val_int_reg                       |   8|   0|    8|          0|
    |data_311_val_read_reg_11175                |   8|   0|    8|          0|
    |data_312_val_int_reg                       |   8|   0|    8|          0|
    |data_312_val_read_reg_11169                |   8|   0|    8|          0|
    |data_313_val_int_reg                       |   8|   0|    8|          0|
    |data_313_val_read_reg_11163                |   8|   0|    8|          0|
    |data_314_val_int_reg                       |   8|   0|    8|          0|
    |data_314_val_read_reg_11157                |   8|   0|    8|          0|
    |data_314_val_read_reg_11157_pp0_iter1_reg  |   8|   0|    8|          0|
    |data_315_val_int_reg                       |   8|   0|    8|          0|
    |data_315_val_read_reg_11151                |   8|   0|    8|          0|
    |data_316_val_int_reg                       |   8|   0|    8|          0|
    |data_316_val_read_reg_11145                |   8|   0|    8|          0|
    |data_317_val_int_reg                       |   8|   0|    8|          0|
    |data_317_val_read_reg_11139                |   8|   0|    8|          0|
    |data_318_val_int_reg                       |   8|   0|    8|          0|
    |data_318_val_read_reg_11133                |   8|   0|    8|          0|
    |data_319_val_int_reg                       |   8|   0|    8|          0|
    |data_319_val_read_reg_11127                |   8|   0|    8|          0|
    |data_319_val_read_reg_11127_pp0_iter1_reg  |   8|   0|    8|          0|
    |sext_ln58_58837_reg_11327                  |  10|   0|   10|          0|
    |sext_ln58_58842_reg_11476                  |  10|   0|   10|          0|
    |sext_ln58_58844_reg_11482                  |  11|   0|   11|          0|
    |sext_ln58_58845_reg_11487                  |  11|   0|   11|          0|
    |sext_ln58_58846_reg_11492                  |  11|   0|   11|          0|
    |sext_ln58_58850_reg_11502                  |  11|   0|   11|          0|
    |sext_ln58_58855_reg_11522                  |  11|   0|   11|          0|
    |sext_ln58_58858_reg_11572                  |  11|   0|   11|          0|
    |sext_ln58_58872_reg_12505                  |  12|   0|   12|          0|
    |sext_ln58_58874_reg_11618                  |  10|   0|   10|          0|
    |sext_ln58_58882_reg_11639                  |  10|   0|   10|          0|
    |sext_ln58_58918_reg_11674                  |  10|   0|   10|          0|
    |sext_ln58_58919_reg_11684                  |  10|   0|   10|          0|
    |sext_ln58_58921_reg_11697                  |  10|   0|   10|          0|
    |sext_ln58_58922_reg_11709                  |  10|   0|   10|          0|
    |sext_ln58_58923_reg_11721                  |  10|   0|   10|          0|
    |sext_ln58_58924_reg_11730                  |  10|   0|   10|          0|
    |sext_ln58_58926_reg_11742                  |  10|   0|   10|          0|
    |sext_ln58_58928_reg_11753                  |  10|   0|   10|          0|
    |sext_ln58_58929_reg_11762                  |  10|   0|   10|          0|
    |sext_ln58_58930_reg_11771                  |  10|   0|   10|          0|
    |sext_ln58_58932_reg_11779                  |  10|   0|   10|          0|
    |sext_ln58_58934_reg_11788                  |  10|   0|   10|          0|
    |sext_ln58_58936_reg_11797                  |  10|   0|   10|          0|
    |sext_ln58_58937_reg_12542                  |  12|   0|   12|          0|
    |sext_ln58_58940_reg_11806                  |  10|   0|   10|          0|
    |sext_ln58_58942_reg_11822                  |  10|   0|   10|          0|
    |sext_ln58_58943_reg_11829                  |  10|   0|   10|          0|
    |sext_ln58_58945_reg_11835                  |  10|   0|   10|          0|
    |sext_ln58_58984_reg_12614                  |  11|   0|   11|          0|
    |sext_ln58_58985_reg_12621                  |  11|   0|   11|          0|
    |sext_ln58_58987_reg_11900                  |  10|   0|   10|          0|
    |sext_ln58_59005_reg_12661                  |  11|   0|   11|          0|
    |sext_ln58_59332_reg_13185                  |  11|   0|   11|          0|
    |sext_ln58_59334_reg_13192                  |  11|   0|   11|          0|
    |sext_ln58_59389_reg_13286                  |  11|   0|   11|          0|
    |sext_ln70_46735_reg_11307                  |   9|   0|    9|          0|
    |sub_ln58_3905_reg_11338                    |  10|   0|   10|          0|
    |sub_ln58_3905_reg_11338_pp0_iter1_reg      |  10|   0|   10|          0|
    |sub_ln58_3906_reg_11344                    |  10|   0|   10|          0|
    |sub_ln58_3907_reg_11356                    |  10|   0|   10|          0|
    |sub_ln58_3908_reg_11368                    |  10|   0|   10|          0|
    |sub_ln58_3908_reg_11368_pp0_iter1_reg      |  10|   0|   10|          0|
    |sub_ln58_3909_reg_11530                    |  11|   0|   11|          0|
    |sub_ln58_3910_reg_11542                    |  11|   0|   11|          0|
    |sub_ln58_3912_reg_11560                    |  11|   0|   11|          0|
    |sub_ln58_3914_reg_11577                    |  11|   0|   11|          0|
    |sub_ln58_3915_reg_11589                    |  11|   0|   11|          0|
    |sub_ln58_3919_reg_11607                    |   9|   0|    9|          0|
    |sub_ln58_3921_reg_11634                    |   9|   0|    9|          0|
    |sub_ln58_3922_reg_11648                    |  10|   0|   10|          0|
    |sub_ln58_3922_reg_11648_pp0_iter2_reg      |  10|   0|   10|          0|
    |sub_ln58_3924_reg_11654                    |   9|   0|    9|          0|
    |sub_ln58_3925_reg_11659                    |   9|   0|    9|          0|
    |sub_ln58_3928_reg_11812                    |  10|   0|   10|          0|
    |sub_ln58_3930_reg_11844                    |  10|   0|   10|          0|
    |sub_ln58_3931_reg_12568                    |  10|   0|   10|          0|
    |sub_ln58_3938_reg_11905                    |  10|   0|   10|          0|
    |sub_ln58_3940_reg_12641                    |  10|   0|   10|          0|
    |sub_ln58_3941_reg_12651                    |  10|   0|   10|          0|
    |sub_ln58_3942_reg_11932                    |  10|   0|   10|          0|
    |sub_ln58_3943_reg_11940                    |   9|   0|    9|          0|
    |sub_ln58_3948_reg_11965                    |  10|   0|   10|          0|
    |sub_ln58_3951_reg_12718                    |  10|   0|   10|          0|
    |sub_ln58_3952_reg_11993                    |   9|   0|    9|          0|
    |sub_ln58_3956_reg_12773                    |  10|   0|   10|          0|
    |sub_ln58_3959_reg_12038                    |  10|   0|   10|          0|
    |sub_ln58_3960_reg_12048                    |   9|   0|    9|          0|
    |sub_ln58_3963_reg_12068                    |  10|   0|   10|          0|
    |sub_ln58_3963_reg_12068_pp0_iter2_reg      |  10|   0|   10|          0|
    |sub_ln58_3965_reg_12839                    |  10|   0|   10|          0|
    |sub_ln58_3966_reg_12091                    |  10|   0|   10|          0|
    |sub_ln58_3966_reg_12091_pp0_iter2_reg      |  10|   0|   10|          0|
    |sub_ln58_3967_reg_12097                    |  10|   0|   10|          0|
    |sub_ln58_3969_reg_12119                    |  10|   0|   10|          0|
    |sub_ln58_3970_reg_12129                    |   9|   0|    9|          0|
    |sub_ln58_3972_reg_12149                    |  10|   0|   10|          0|
    |sub_ln58_3972_reg_12149_pp0_iter2_reg      |  10|   0|   10|          0|
    |sub_ln58_3975_reg_12909                    |  10|   0|   10|          0|
    |sub_ln58_3977_reg_12171                    |  10|   0|   10|          0|
    |sub_ln58_3980_reg_12189                    |   9|   0|    9|          0|
    |sub_ln58_3984_reg_12204                    |   9|   0|    9|          0|
    |sub_ln58_3985_reg_13004                    |  10|   0|   10|          0|
    |sub_ln58_3987_reg_13064                    |  10|   0|   10|          0|
    |sub_ln58_3988_reg_12229                    |   9|   0|    9|          0|
    |sub_ln58_3991_reg_12239                    |  10|   0|   10|          0|
    |sub_ln58_3994_reg_12260                    |  10|   0|   10|          0|
    |sub_ln58_3996_reg_13124                    |  10|   0|   10|          0|
    |sub_ln58_3997_reg_12281                    |  10|   0|   10|          0|
    |sub_ln58_4006_reg_12328                    |  10|   0|   10|          0|
    |sub_ln58_4006_reg_12328_pp0_iter2_reg      |  10|   0|   10|          0|
    |sub_ln58_4007_reg_12335                    |   9|   0|    9|          0|
    |sub_ln58_4014_reg_12345                    |   9|   0|    9|          0|
    |sub_ln58_4019_reg_12375                    |   9|   0|    9|          0|
    |sub_ln58_4024_reg_13462                    |  10|   0|   10|          0|
    |sub_ln58_4030_reg_12395                    |   9|   0|    9|          0|
    |sub_ln58_4048_reg_13962                    |  10|   0|   10|          0|
    |sub_ln58_4049_reg_12470                    |   9|   0|    9|          0|
    |sub_ln58_reg_11322                         |  10|   0|   10|          0|
    |sub_ln73_2763_reg_11302                    |   9|   0|    9|          0|
    |sub_ln73_2764_reg_11317                    |   9|   0|    9|          0|
    |sub_ln73_2765_reg_11374                    |   9|   0|    9|          0|
    |sub_ln73_2766_reg_11380                    |   9|   0|    9|          0|
    |sub_ln73_2767_reg_11385                    |   9|   0|    9|          0|
    |sub_ln73_2769_reg_11391                    |   9|   0|    9|          0|
    |sub_ln73_2770_reg_11397                    |   9|   0|    9|          0|
    |sub_ln73_2770_reg_11397_pp0_iter2_reg      |   9|   0|    9|          0|
    |sub_ln73_2771_reg_11403                    |   9|   0|    9|          0|
    |sub_ln73_2771_reg_11403_pp0_iter2_reg      |   9|   0|    9|          0|
    |sub_ln73_2772_reg_11409                    |   9|   0|    9|          0|
    |sub_ln73_2772_reg_11409_pp0_iter2_reg      |   9|   0|    9|          0|
    |sub_ln73_2773_reg_11415                    |   9|   0|    9|          0|
    |sub_ln73_2773_reg_11415_pp0_iter2_reg      |   9|   0|    9|          0|
    |sub_ln73_2774_reg_11421                    |   9|   0|    9|          0|
    |sub_ln73_2775_reg_11426                    |   9|   0|    9|          0|
    |sub_ln73_2776_reg_11431                    |   9|   0|    9|          0|
    |sub_ln73_2777_reg_11436                    |   9|   0|    9|          0|
    |sub_ln73_2778_reg_11441                    |   9|   0|    9|          0|
    |sub_ln73_2779_reg_11446                    |   9|   0|    9|          0|
    |sub_ln73_2782_reg_11451                    |   9|   0|    9|          0|
    |sub_ln73_2783_reg_11456                    |   9|   0|    9|          0|
    |sub_ln73_2785_reg_11461                    |   9|   0|    9|          0|
    |sub_ln73_2787_reg_11466                    |   9|   0|    9|          0|
    |sub_ln73_2788_reg_11471                    |   9|   0|    9|          0|
    +-------------------------------------------+----+----+-----+-----------+
    |Total                                      |6900|   0| 6900|          0|
    +-------------------------------------------+----+----+-----+-----------+



================================================================
== Interface
================================================================
* Summary: 
+--------------+-----+-----+------------+-------------------------------------------------------------------------------------+--------------+
|   RTL Ports  | Dir | Bits|  Protocol  |                                    Source Object                                    |    C Type    |
+--------------+-----+-----+------------+-------------------------------------------------------------------------------------+--------------+
|ap_clk        |   in|    1|  ap_ctrl_hs|  dense_latency<ap_fixed<8, 3, 5, 3, 0>, ap_fixed<13, 8, 4, 0, 0>, config31_dense>.84|  return value|
|ap_rst        |   in|    1|  ap_ctrl_hs|  dense_latency<ap_fixed<8, 3, 5, 3, 0>, ap_fixed<13, 8, 4, 0, 0>, config31_dense>.84|  return value|
|ap_return_0   |  out|   13|  ap_ctrl_hs|  dense_latency<ap_fixed<8, 3, 5, 3, 0>, ap_fixed<13, 8, 4, 0, 0>, config31_dense>.84|  return value|
|ap_return_1   |  out|   13|  ap_ctrl_hs|  dense_latency<ap_fixed<8, 3, 5, 3, 0>, ap_fixed<13, 8, 4, 0, 0>, config31_dense>.84|  return value|
|ap_return_2   |  out|   13|  ap_ctrl_hs|  dense_latency<ap_fixed<8, 3, 5, 3, 0>, ap_fixed<13, 8, 4, 0, 0>, config31_dense>.84|  return value|
|ap_return_3   |  out|   13|  ap_ctrl_hs|  dense_latency<ap_fixed<8, 3, 5, 3, 0>, ap_fixed<13, 8, 4, 0, 0>, config31_dense>.84|  return value|
|ap_return_4   |  out|   13|  ap_ctrl_hs|  dense_latency<ap_fixed<8, 3, 5, 3, 0>, ap_fixed<13, 8, 4, 0, 0>, config31_dense>.84|  return value|
|ap_return_5   |  out|   13|  ap_ctrl_hs|  dense_latency<ap_fixed<8, 3, 5, 3, 0>, ap_fixed<13, 8, 4, 0, 0>, config31_dense>.84|  return value|
|ap_return_6   |  out|   13|  ap_ctrl_hs|  dense_latency<ap_fixed<8, 3, 5, 3, 0>, ap_fixed<13, 8, 4, 0, 0>, config31_dense>.84|  return value|
|ap_return_7   |  out|   13|  ap_ctrl_hs|  dense_latency<ap_fixed<8, 3, 5, 3, 0>, ap_fixed<13, 8, 4, 0, 0>, config31_dense>.84|  return value|
|ap_return_8   |  out|   13|  ap_ctrl_hs|  dense_latency<ap_fixed<8, 3, 5, 3, 0>, ap_fixed<13, 8, 4, 0, 0>, config31_dense>.84|  return value|
|ap_return_9   |  out|   13|  ap_ctrl_hs|  dense_latency<ap_fixed<8, 3, 5, 3, 0>, ap_fixed<13, 8, 4, 0, 0>, config31_dense>.84|  return value|
|ap_return_10  |  out|   13|  ap_ctrl_hs|  dense_latency<ap_fixed<8, 3, 5, 3, 0>, ap_fixed<13, 8, 4, 0, 0>, config31_dense>.84|  return value|
|ap_return_11  |  out|   13|  ap_ctrl_hs|  dense_latency<ap_fixed<8, 3, 5, 3, 0>, ap_fixed<13, 8, 4, 0, 0>, config31_dense>.84|  return value|
|ap_return_12  |  out|   13|  ap_ctrl_hs|  dense_latency<ap_fixed<8, 3, 5, 3, 0>, ap_fixed<13, 8, 4, 0, 0>, config31_dense>.84|  return value|
|ap_return_13  |  out|   13|  ap_ctrl_hs|  dense_latency<ap_fixed<8, 3, 5, 3, 0>, ap_fixed<13, 8, 4, 0, 0>, config31_dense>.84|  return value|
|ap_return_14  |  out|   13|  ap_ctrl_hs|  dense_latency<ap_fixed<8, 3, 5, 3, 0>, ap_fixed<13, 8, 4, 0, 0>, config31_dense>.84|  return value|
|ap_return_15  |  out|   13|  ap_ctrl_hs|  dense_latency<ap_fixed<8, 3, 5, 3, 0>, ap_fixed<13, 8, 4, 0, 0>, config31_dense>.84|  return value|
|ap_return_16  |  out|   13|  ap_ctrl_hs|  dense_latency<ap_fixed<8, 3, 5, 3, 0>, ap_fixed<13, 8, 4, 0, 0>, config31_dense>.84|  return value|
|ap_return_17  |  out|   13|  ap_ctrl_hs|  dense_latency<ap_fixed<8, 3, 5, 3, 0>, ap_fixed<13, 8, 4, 0, 0>, config31_dense>.84|  return value|
|ap_return_18  |  out|   13|  ap_ctrl_hs|  dense_latency<ap_fixed<8, 3, 5, 3, 0>, ap_fixed<13, 8, 4, 0, 0>, config31_dense>.84|  return value|
|ap_return_19  |  out|   13|  ap_ctrl_hs|  dense_latency<ap_fixed<8, 3, 5, 3, 0>, ap_fixed<13, 8, 4, 0, 0>, config31_dense>.84|  return value|
|ap_return_20  |  out|   13|  ap_ctrl_hs|  dense_latency<ap_fixed<8, 3, 5, 3, 0>, ap_fixed<13, 8, 4, 0, 0>, config31_dense>.84|  return value|
|ap_return_21  |  out|   13|  ap_ctrl_hs|  dense_latency<ap_fixed<8, 3, 5, 3, 0>, ap_fixed<13, 8, 4, 0, 0>, config31_dense>.84|  return value|
|ap_return_22  |  out|   13|  ap_ctrl_hs|  dense_latency<ap_fixed<8, 3, 5, 3, 0>, ap_fixed<13, 8, 4, 0, 0>, config31_dense>.84|  return value|
|ap_return_23  |  out|   13|  ap_ctrl_hs|  dense_latency<ap_fixed<8, 3, 5, 3, 0>, ap_fixed<13, 8, 4, 0, 0>, config31_dense>.84|  return value|
|ap_return_24  |  out|   13|  ap_ctrl_hs|  dense_latency<ap_fixed<8, 3, 5, 3, 0>, ap_fixed<13, 8, 4, 0, 0>, config31_dense>.84|  return value|
|ap_return_25  |  out|   13|  ap_ctrl_hs|  dense_latency<ap_fixed<8, 3, 5, 3, 0>, ap_fixed<13, 8, 4, 0, 0>, config31_dense>.84|  return value|
|ap_return_26  |  out|   13|  ap_ctrl_hs|  dense_latency<ap_fixed<8, 3, 5, 3, 0>, ap_fixed<13, 8, 4, 0, 0>, config31_dense>.84|  return value|
|ap_return_27  |  out|   13|  ap_ctrl_hs|  dense_latency<ap_fixed<8, 3, 5, 3, 0>, ap_fixed<13, 8, 4, 0, 0>, config31_dense>.84|  return value|
|ap_return_28  |  out|   13|  ap_ctrl_hs|  dense_latency<ap_fixed<8, 3, 5, 3, 0>, ap_fixed<13, 8, 4, 0, 0>, config31_dense>.84|  return value|
|ap_return_29  |  out|   13|  ap_ctrl_hs|  dense_latency<ap_fixed<8, 3, 5, 3, 0>, ap_fixed<13, 8, 4, 0, 0>, config31_dense>.84|  return value|
|ap_return_30  |  out|   13|  ap_ctrl_hs|  dense_latency<ap_fixed<8, 3, 5, 3, 0>, ap_fixed<13, 8, 4, 0, 0>, config31_dense>.84|  return value|
|ap_return_31  |  out|   13|  ap_ctrl_hs|  dense_latency<ap_fixed<8, 3, 5, 3, 0>, ap_fixed<13, 8, 4, 0, 0>, config31_dense>.84|  return value|
|ap_return_32  |  out|   13|  ap_ctrl_hs|  dense_latency<ap_fixed<8, 3, 5, 3, 0>, ap_fixed<13, 8, 4, 0, 0>, config31_dense>.84|  return value|
|ap_return_33  |  out|   13|  ap_ctrl_hs|  dense_latency<ap_fixed<8, 3, 5, 3, 0>, ap_fixed<13, 8, 4, 0, 0>, config31_dense>.84|  return value|
|ap_return_34  |  out|   13|  ap_ctrl_hs|  dense_latency<ap_fixed<8, 3, 5, 3, 0>, ap_fixed<13, 8, 4, 0, 0>, config31_dense>.84|  return value|
|ap_return_35  |  out|   13|  ap_ctrl_hs|  dense_latency<ap_fixed<8, 3, 5, 3, 0>, ap_fixed<13, 8, 4, 0, 0>, config31_dense>.84|  return value|
|ap_return_36  |  out|   13|  ap_ctrl_hs|  dense_latency<ap_fixed<8, 3, 5, 3, 0>, ap_fixed<13, 8, 4, 0, 0>, config31_dense>.84|  return value|
|ap_return_37  |  out|   13|  ap_ctrl_hs|  dense_latency<ap_fixed<8, 3, 5, 3, 0>, ap_fixed<13, 8, 4, 0, 0>, config31_dense>.84|  return value|
|ap_return_38  |  out|   13|  ap_ctrl_hs|  dense_latency<ap_fixed<8, 3, 5, 3, 0>, ap_fixed<13, 8, 4, 0, 0>, config31_dense>.84|  return value|
|ap_return_39  |  out|   13|  ap_ctrl_hs|  dense_latency<ap_fixed<8, 3, 5, 3, 0>, ap_fixed<13, 8, 4, 0, 0>, config31_dense>.84|  return value|
|ap_return_40  |  out|   13|  ap_ctrl_hs|  dense_latency<ap_fixed<8, 3, 5, 3, 0>, ap_fixed<13, 8, 4, 0, 0>, config31_dense>.84|  return value|
|ap_return_41  |  out|   13|  ap_ctrl_hs|  dense_latency<ap_fixed<8, 3, 5, 3, 0>, ap_fixed<13, 8, 4, 0, 0>, config31_dense>.84|  return value|
|ap_return_42  |  out|   13|  ap_ctrl_hs|  dense_latency<ap_fixed<8, 3, 5, 3, 0>, ap_fixed<13, 8, 4, 0, 0>, config31_dense>.84|  return value|
|ap_return_43  |  out|   13|  ap_ctrl_hs|  dense_latency<ap_fixed<8, 3, 5, 3, 0>, ap_fixed<13, 8, 4, 0, 0>, config31_dense>.84|  return value|
|ap_return_44  |  out|   13|  ap_ctrl_hs|  dense_latency<ap_fixed<8, 3, 5, 3, 0>, ap_fixed<13, 8, 4, 0, 0>, config31_dense>.84|  return value|
|ap_return_45  |  out|   13|  ap_ctrl_hs|  dense_latency<ap_fixed<8, 3, 5, 3, 0>, ap_fixed<13, 8, 4, 0, 0>, config31_dense>.84|  return value|
|ap_return_46  |  out|   13|  ap_ctrl_hs|  dense_latency<ap_fixed<8, 3, 5, 3, 0>, ap_fixed<13, 8, 4, 0, 0>, config31_dense>.84|  return value|
|ap_return_47  |  out|   13|  ap_ctrl_hs|  dense_latency<ap_fixed<8, 3, 5, 3, 0>, ap_fixed<13, 8, 4, 0, 0>, config31_dense>.84|  return value|
|ap_return_48  |  out|   13|  ap_ctrl_hs|  dense_latency<ap_fixed<8, 3, 5, 3, 0>, ap_fixed<13, 8, 4, 0, 0>, config31_dense>.84|  return value|
|ap_return_49  |  out|   13|  ap_ctrl_hs|  dense_latency<ap_fixed<8, 3, 5, 3, 0>, ap_fixed<13, 8, 4, 0, 0>, config31_dense>.84|  return value|
|ap_return_50  |  out|   13|  ap_ctrl_hs|  dense_latency<ap_fixed<8, 3, 5, 3, 0>, ap_fixed<13, 8, 4, 0, 0>, config31_dense>.84|  return value|
|ap_return_51  |  out|   13|  ap_ctrl_hs|  dense_latency<ap_fixed<8, 3, 5, 3, 0>, ap_fixed<13, 8, 4, 0, 0>, config31_dense>.84|  return value|
|ap_return_52  |  out|   13|  ap_ctrl_hs|  dense_latency<ap_fixed<8, 3, 5, 3, 0>, ap_fixed<13, 8, 4, 0, 0>, config31_dense>.84|  return value|
|ap_return_53  |  out|   13|  ap_ctrl_hs|  dense_latency<ap_fixed<8, 3, 5, 3, 0>, ap_fixed<13, 8, 4, 0, 0>, config31_dense>.84|  return value|
|ap_return_54  |  out|   13|  ap_ctrl_hs|  dense_latency<ap_fixed<8, 3, 5, 3, 0>, ap_fixed<13, 8, 4, 0, 0>, config31_dense>.84|  return value|
|ap_return_55  |  out|   13|  ap_ctrl_hs|  dense_latency<ap_fixed<8, 3, 5, 3, 0>, ap_fixed<13, 8, 4, 0, 0>, config31_dense>.84|  return value|
|ap_return_56  |  out|   13|  ap_ctrl_hs|  dense_latency<ap_fixed<8, 3, 5, 3, 0>, ap_fixed<13, 8, 4, 0, 0>, config31_dense>.84|  return value|
|ap_return_57  |  out|   13|  ap_ctrl_hs|  dense_latency<ap_fixed<8, 3, 5, 3, 0>, ap_fixed<13, 8, 4, 0, 0>, config31_dense>.84|  return value|
|ap_return_58  |  out|   13|  ap_ctrl_hs|  dense_latency<ap_fixed<8, 3, 5, 3, 0>, ap_fixed<13, 8, 4, 0, 0>, config31_dense>.84|  return value|
|ap_return_59  |  out|   13|  ap_ctrl_hs|  dense_latency<ap_fixed<8, 3, 5, 3, 0>, ap_fixed<13, 8, 4, 0, 0>, config31_dense>.84|  return value|
|ap_return_60  |  out|   13|  ap_ctrl_hs|  dense_latency<ap_fixed<8, 3, 5, 3, 0>, ap_fixed<13, 8, 4, 0, 0>, config31_dense>.84|  return value|
|ap_return_61  |  out|   13|  ap_ctrl_hs|  dense_latency<ap_fixed<8, 3, 5, 3, 0>, ap_fixed<13, 8, 4, 0, 0>, config31_dense>.84|  return value|
|ap_return_62  |  out|   13|  ap_ctrl_hs|  dense_latency<ap_fixed<8, 3, 5, 3, 0>, ap_fixed<13, 8, 4, 0, 0>, config31_dense>.84|  return value|
|ap_return_63  |  out|   13|  ap_ctrl_hs|  dense_latency<ap_fixed<8, 3, 5, 3, 0>, ap_fixed<13, 8, 4, 0, 0>, config31_dense>.84|  return value|
|ap_ce         |   in|    1|  ap_ctrl_hs|  dense_latency<ap_fixed<8, 3, 5, 3, 0>, ap_fixed<13, 8, 4, 0, 0>, config31_dense>.84|  return value|
|data_288_val  |   in|    8|     ap_none|                                                                         data_288_val|        scalar|
|data_289_val  |   in|    8|     ap_none|                                                                         data_289_val|        scalar|
|data_290_val  |   in|    8|     ap_none|                                                                         data_290_val|        scalar|
|data_291_val  |   in|    8|     ap_none|                                                                         data_291_val|        scalar|
|data_292_val  |   in|    8|     ap_none|                                                                         data_292_val|        scalar|
|data_293_val  |   in|    8|     ap_none|                                                                         data_293_val|        scalar|
|data_294_val  |   in|    8|     ap_none|                                                                         data_294_val|        scalar|
|data_295_val  |   in|    8|     ap_none|                                                                         data_295_val|        scalar|
|data_296_val  |   in|    8|     ap_none|                                                                         data_296_val|        scalar|
|data_297_val  |   in|    8|     ap_none|                                                                         data_297_val|        scalar|
|data_298_val  |   in|    8|     ap_none|                                                                         data_298_val|        scalar|
|data_299_val  |   in|    8|     ap_none|                                                                         data_299_val|        scalar|
|data_300_val  |   in|    8|     ap_none|                                                                         data_300_val|        scalar|
|data_301_val  |   in|    8|     ap_none|                                                                         data_301_val|        scalar|
|data_302_val  |   in|    8|     ap_none|                                                                         data_302_val|        scalar|
|data_303_val  |   in|    8|     ap_none|                                                                         data_303_val|        scalar|
|data_304_val  |   in|    8|     ap_none|                                                                         data_304_val|        scalar|
|data_305_val  |   in|    8|     ap_none|                                                                         data_305_val|        scalar|
|data_306_val  |   in|    8|     ap_none|                                                                         data_306_val|        scalar|
|data_307_val  |   in|    8|     ap_none|                                                                         data_307_val|        scalar|
|data_308_val  |   in|    8|     ap_none|                                                                         data_308_val|        scalar|
|data_309_val  |   in|    8|     ap_none|                                                                         data_309_val|        scalar|
|data_310_val  |   in|    8|     ap_none|                                                                         data_310_val|        scalar|
|data_311_val  |   in|    8|     ap_none|                                                                         data_311_val|        scalar|
|data_312_val  |   in|    8|     ap_none|                                                                         data_312_val|        scalar|
|data_313_val  |   in|    8|     ap_none|                                                                         data_313_val|        scalar|
|data_314_val  |   in|    8|     ap_none|                                                                         data_314_val|        scalar|
|data_315_val  |   in|    8|     ap_none|                                                                         data_315_val|        scalar|
|data_316_val  |   in|    8|     ap_none|                                                                         data_316_val|        scalar|
|data_317_val  |   in|    8|     ap_none|                                                                         data_317_val|        scalar|
|data_318_val  |   in|    8|     ap_none|                                                                         data_318_val|        scalar|
|data_319_val  |   in|    8|     ap_none|                                                                         data_319_val|        scalar|
+--------------+-----+-----+------------+-------------------------------------------------------------------------------------+--------------+

