

================================================================
== Vitis HLS Report for 'einsum_dense_ap_fixed_8_3_5_3_0_ap_fixed_13_8_4_0_0_config43_s'
================================================================
* Date:           Tue Aug  4 15:33:58 2026

* Version:        2023.2 (Build 4023990 on Oct 11 2023)
* Project:        myproject_prj
* Solution:       solution1 (Vivado IP Flow Target)
* Product family: virtexuplus
* Target device:  xcvu13p-flga2577-2-e


================================================================
== Performance Estimates
================================================================
+ Timing: 
    * Summary: 
    +--------+---------+----------+------------+
    |  Clock |  Target | Estimated| Uncertainty|
    +--------+---------+----------+------------+
    |ap_clk  |  2.50 ns|  1.524 ns|     0.68 ns|
    +--------+---------+----------+------------+

+ Latency: 
    * Summary: 
    +---------+---------+-----------+-----------+-----+-----+---------+
    |  Latency (cycles) |   Latency (absolute)  |  Interval | Pipeline|
    |   min   |   max   |    min    |    max    | min | max |   Type  |
    +---------+---------+-----------+-----------+-----+-----+---------+
    |        5|        5|  12.500 ns|  12.500 ns|    1|    1|      yes|
    +---------+---------+-----------+-----------+-----+-----+---------+

    + Detail: 
        * Instance: 
        +---------------------------------------------------------------------------------------+-------------------------------------------------------------------------+---------+---------+-----------+-----------+-----+-----+---------+
        |                                                                                       |                                                                         |  Latency (cycles) |   Latency (absolute)  |  Interval | Pipeline|
        |                                        Instance                                       |                                  Module                                 |   min   |   max   |    min    |    max    | min | max |   Type  |
        +---------------------------------------------------------------------------------------+-------------------------------------------------------------------------+---------+---------+-----------+-----------+-----+-----+---------+
        |call_ret_transpose_ap_fixed_8_3_5_3_0_ap_fixed_8_3_5_3_0_config43_tpose_inp_s_fu_4134  |transpose_ap_fixed_8_3_5_3_0_ap_fixed_8_3_5_3_0_config43_tpose_inp_s     |        0|        0|       0 ns|       0 ns|    1|    1|      yes|
        |grp_dense_latency_ap_fixed_8_3_5_3_0_ap_fixed_13_8_4_0_0_config43_dense_s_fu_5162      |dense_latency_ap_fixed_8_3_5_3_0_ap_fixed_13_8_4_0_0_config43_dense_s    |        4|        4|  10.000 ns|  10.000 ns|    1|    1|      yes|
        |grp_dense_latency_ap_fixed_8_3_5_3_0_ap_fixed_13_8_4_0_0_config43_dense_121_fu_5198    |dense_latency_ap_fixed_8_3_5_3_0_ap_fixed_13_8_4_0_0_config43_dense_121  |        4|        4|  10.000 ns|  10.000 ns|    1|    1|      yes|
        |grp_dense_latency_ap_fixed_8_3_5_3_0_ap_fixed_13_8_4_0_0_config43_dense_122_fu_5234    |dense_latency_ap_fixed_8_3_5_3_0_ap_fixed_13_8_4_0_0_config43_dense_122  |        4|        4|  10.000 ns|  10.000 ns|    1|    1|      yes|
        |grp_dense_latency_ap_fixed_8_3_5_3_0_ap_fixed_13_8_4_0_0_config43_dense_123_fu_5270    |dense_latency_ap_fixed_8_3_5_3_0_ap_fixed_13_8_4_0_0_config43_dense_123  |        4|        4|  10.000 ns|  10.000 ns|    1|    1|      yes|
        |grp_dense_latency_ap_fixed_8_3_5_3_0_ap_fixed_13_8_4_0_0_config43_dense_124_fu_5306    |dense_latency_ap_fixed_8_3_5_3_0_ap_fixed_13_8_4_0_0_config43_dense_124  |        4|        4|  10.000 ns|  10.000 ns|    1|    1|      yes|
        |grp_dense_latency_ap_fixed_8_3_5_3_0_ap_fixed_13_8_4_0_0_config43_dense_125_fu_5342    |dense_latency_ap_fixed_8_3_5_3_0_ap_fixed_13_8_4_0_0_config43_dense_125  |        4|        4|  10.000 ns|  10.000 ns|    1|    1|      yes|
        |grp_dense_latency_ap_fixed_8_3_5_3_0_ap_fixed_13_8_4_0_0_config43_dense_126_fu_5378    |dense_latency_ap_fixed_8_3_5_3_0_ap_fixed_13_8_4_0_0_config43_dense_126  |        4|        4|  10.000 ns|  10.000 ns|    1|    1|      yes|
        |grp_dense_latency_ap_fixed_8_3_5_3_0_ap_fixed_13_8_4_0_0_config43_dense_127_fu_5414    |dense_latency_ap_fixed_8_3_5_3_0_ap_fixed_13_8_4_0_0_config43_dense_127  |        4|        4|  10.000 ns|  10.000 ns|    1|    1|      yes|
        |grp_dense_latency_ap_fixed_8_3_5_3_0_ap_fixed_13_8_4_0_0_config43_dense_128_fu_5450    |dense_latency_ap_fixed_8_3_5_3_0_ap_fixed_13_8_4_0_0_config43_dense_128  |        4|        4|  10.000 ns|  10.000 ns|    1|    1|      yes|
        |grp_dense_latency_ap_fixed_8_3_5_3_0_ap_fixed_13_8_4_0_0_config43_dense_129_fu_5486    |dense_latency_ap_fixed_8_3_5_3_0_ap_fixed_13_8_4_0_0_config43_dense_129  |        4|        4|  10.000 ns|  10.000 ns|    1|    1|      yes|
        |grp_dense_latency_ap_fixed_8_3_5_3_0_ap_fixed_13_8_4_0_0_config43_dense_130_fu_5522    |dense_latency_ap_fixed_8_3_5_3_0_ap_fixed_13_8_4_0_0_config43_dense_130  |        4|        4|  10.000 ns|  10.000 ns|    1|    1|      yes|
        |grp_dense_latency_ap_fixed_8_3_5_3_0_ap_fixed_13_8_4_0_0_config43_dense_131_fu_5558    |dense_latency_ap_fixed_8_3_5_3_0_ap_fixed_13_8_4_0_0_config43_dense_131  |        4|        4|  10.000 ns|  10.000 ns|    1|    1|      yes|
        |grp_dense_latency_ap_fixed_8_3_5_3_0_ap_fixed_13_8_4_0_0_config43_dense_132_fu_5594    |dense_latency_ap_fixed_8_3_5_3_0_ap_fixed_13_8_4_0_0_config43_dense_132  |        4|        4|  10.000 ns|  10.000 ns|    1|    1|      yes|
        |grp_dense_latency_ap_fixed_8_3_5_3_0_ap_fixed_13_8_4_0_0_config43_dense_133_fu_5630    |dense_latency_ap_fixed_8_3_5_3_0_ap_fixed_13_8_4_0_0_config43_dense_133  |        4|        4|  10.000 ns|  10.000 ns|    1|    1|      yes|
        |grp_dense_latency_ap_fixed_8_3_5_3_0_ap_fixed_13_8_4_0_0_config43_dense_134_fu_5666    |dense_latency_ap_fixed_8_3_5_3_0_ap_fixed_13_8_4_0_0_config43_dense_134  |        4|        4|  10.000 ns|  10.000 ns|    1|    1|      yes|
        |grp_dense_latency_ap_fixed_8_3_5_3_0_ap_fixed_13_8_4_0_0_config43_dense_135_fu_5702    |dense_latency_ap_fixed_8_3_5_3_0_ap_fixed_13_8_4_0_0_config43_dense_135  |        4|        4|  10.000 ns|  10.000 ns|    1|    1|      yes|
        |call_ret102_transpose_ap_fixed_ap_fixed_13_8_4_0_0_config43_tpose_out_s_fu_5738        |transpose_ap_fixed_ap_fixed_13_8_4_0_0_config43_tpose_out_s              |        0|        0|       0 ns|       0 ns|    1|    1|      yes|
        +---------------------------------------------------------------------------------------+-------------------------------------------------------------------------+---------+---------+-----------+-----------+-----+-----+---------+

        * Loop: 
        N/A



================================================================
== Utilization Estimates
================================================================
* Summary: 
+---------------------+---------+-------+---------+---------+------+
|         Name        | BRAM_18K|  DSP  |    FF   |   LUT   | URAM |
+---------------------+---------+-------+---------+---------+------+
|DSP                  |        -|      -|        -|        -|     -|
|Expression           |        -|      -|        -|        -|     -|
|FIFO                 |        -|      -|        -|        -|     -|
|Instance             |        -|      -|    91056|   220784|     -|
|Memory               |        -|      -|        -|        -|     -|
|Multiplexer          |        -|      -|        -|        -|     -|
|Register             |        -|      -|     4096|        -|     -|
+---------------------+---------+-------+---------+---------+------+
|Total                |        0|      0|    95152|   220784|     0|
+---------------------+---------+-------+---------+---------+------+
|Available SLR        |     1344|   3072|   864000|   432000|   320|
+---------------------+---------+-------+---------+---------+------+
|Utilization SLR (%)  |        0|      0|       11|       51|     0|
+---------------------+---------+-------+---------+---------+------+
|Available            |     5376|  12288|  3456000|  1728000|  1280|
+---------------------+---------+-------+---------+---------+------+
|Utilization (%)      |        0|      0|        2|       12|     0|
+---------------------+---------+-------+---------+---------+------+

+ Detail: 
    * Instance: 
    +---------------------------------------------------------------------------------------+-------------------------------------------------------------------------+---------+----+------+-------+-----+
    |                                        Instance                                       |                                  Module                                 | BRAM_18K| DSP|  FF  |  LUT  | URAM|
    +---------------------------------------------------------------------------------------+-------------------------------------------------------------------------+---------+----+------+-------+-----+
    |grp_dense_latency_ap_fixed_8_3_5_3_0_ap_fixed_13_8_4_0_0_config43_dense_121_fu_5198    |dense_latency_ap_fixed_8_3_5_3_0_ap_fixed_13_8_4_0_0_config43_dense_121  |        0|   0|  5691|  13799|    0|
    |grp_dense_latency_ap_fixed_8_3_5_3_0_ap_fixed_13_8_4_0_0_config43_dense_122_fu_5234    |dense_latency_ap_fixed_8_3_5_3_0_ap_fixed_13_8_4_0_0_config43_dense_122  |        0|   0|  5691|  13799|    0|
    |grp_dense_latency_ap_fixed_8_3_5_3_0_ap_fixed_13_8_4_0_0_config43_dense_123_fu_5270    |dense_latency_ap_fixed_8_3_5_3_0_ap_fixed_13_8_4_0_0_config43_dense_123  |        0|   0|  5691|  13799|    0|
    |grp_dense_latency_ap_fixed_8_3_5_3_0_ap_fixed_13_8_4_0_0_config43_dense_124_fu_5306    |dense_latency_ap_fixed_8_3_5_3_0_ap_fixed_13_8_4_0_0_config43_dense_124  |        0|   0|  5691|  13799|    0|
    |grp_dense_latency_ap_fixed_8_3_5_3_0_ap_fixed_13_8_4_0_0_config43_dense_125_fu_5342    |dense_latency_ap_fixed_8_3_5_3_0_ap_fixed_13_8_4_0_0_config43_dense_125  |        0|   0|  5691|  13799|    0|
    |grp_dense_latency_ap_fixed_8_3_5_3_0_ap_fixed_13_8_4_0_0_config43_dense_126_fu_5378    |dense_latency_ap_fixed_8_3_5_3_0_ap_fixed_13_8_4_0_0_config43_dense_126  |        0|   0|  5691|  13799|    0|
    |grp_dense_latency_ap_fixed_8_3_5_3_0_ap_fixed_13_8_4_0_0_config43_dense_127_fu_5414    |dense_latency_ap_fixed_8_3_5_3_0_ap_fixed_13_8_4_0_0_config43_dense_127  |        0|   0|  5691|  13799|    0|
    |grp_dense_latency_ap_fixed_8_3_5_3_0_ap_fixed_13_8_4_0_0_config43_dense_128_fu_5450    |dense_latency_ap_fixed_8_3_5_3_0_ap_fixed_13_8_4_0_0_config43_dense_128  |        0|   0|  5691|  13799|    0|
    |grp_dense_latency_ap_fixed_8_3_5_3_0_ap_fixed_13_8_4_0_0_config43_dense_129_fu_5486    |dense_latency_ap_fixed_8_3_5_3_0_ap_fixed_13_8_4_0_0_config43_dense_129  |        0|   0|  5691|  13799|    0|
    |grp_dense_latency_ap_fixed_8_3_5_3_0_ap_fixed_13_8_4_0_0_config43_dense_130_fu_5522    |dense_latency_ap_fixed_8_3_5_3_0_ap_fixed_13_8_4_0_0_config43_dense_130  |        0|   0|  5691|  13799|    0|
    |grp_dense_latency_ap_fixed_8_3_5_3_0_ap_fixed_13_8_4_0_0_config43_dense_131_fu_5558    |dense_latency_ap_fixed_8_3_5_3_0_ap_fixed_13_8_4_0_0_config43_dense_131  |        0|   0|  5691|  13799|    0|
    |grp_dense_latency_ap_fixed_8_3_5_3_0_ap_fixed_13_8_4_0_0_config43_dense_132_fu_5594    |dense_latency_ap_fixed_8_3_5_3_0_ap_fixed_13_8_4_0_0_config43_dense_132  |        0|   0|  5691|  13799|    0|
    |grp_dense_latency_ap_fixed_8_3_5_3_0_ap_fixed_13_8_4_0_0_config43_dense_133_fu_5630    |dense_latency_ap_fixed_8_3_5_3_0_ap_fixed_13_8_4_0_0_config43_dense_133  |        0|   0|  5691|  13799|    0|
    |grp_dense_latency_ap_fixed_8_3_5_3_0_ap_fixed_13_8_4_0_0_config43_dense_134_fu_5666    |dense_latency_ap_fixed_8_3_5_3_0_ap_fixed_13_8_4_0_0_config43_dense_134  |        0|   0|  5691|  13799|    0|
    |grp_dense_latency_ap_fixed_8_3_5_3_0_ap_fixed_13_8_4_0_0_config43_dense_135_fu_5702    |dense_latency_ap_fixed_8_3_5_3_0_ap_fixed_13_8_4_0_0_config43_dense_135  |        0|   0|  5691|  13799|    0|
    |grp_dense_latency_ap_fixed_8_3_5_3_0_ap_fixed_13_8_4_0_0_config43_dense_s_fu_5162      |dense_latency_ap_fixed_8_3_5_3_0_ap_fixed_13_8_4_0_0_config43_dense_s    |        0|   0|  5691|  13799|    0|
    |call_ret_transpose_ap_fixed_8_3_5_3_0_ap_fixed_8_3_5_3_0_config43_tpose_inp_s_fu_4134  |transpose_ap_fixed_8_3_5_3_0_ap_fixed_8_3_5_3_0_config43_tpose_inp_s     |        0|   0|     0|      0|    0|
    |call_ret102_transpose_ap_fixed_ap_fixed_13_8_4_0_0_config43_tpose_out_s_fu_5738        |transpose_ap_fixed_ap_fixed_13_8_4_0_0_config43_tpose_out_s              |        0|   0|     0|      0|    0|
    +---------------------------------------------------------------------------------------+-------------------------------------------------------------------------+---------+----+------+-------+-----+
    |Total                                                                                  |                                                                         |        0|   0| 91056| 220784|    0|
    +---------------------------------------------------------------------------------------+-------------------------------------------------------------------------+---------+----+------+-------+-----+

    * DSP: 
    N/A

    * Memory: 
    N/A

    * FIFO: 
    N/A

    * Expression: 
    N/A

    * Multiplexer: 
    N/A

    * Register: 
    +-------------------------+----+----+-----+-----------+
    |           Name          | FF | LUT| Bits| Const Bits|
    +-------------------------+----+----+-----+-----------+
    |data_0_val1_int_reg      |   8|   0|    8|          0|
    |data_100_val101_int_reg  |   8|   0|    8|          0|
    |data_101_val102_int_reg  |   8|   0|    8|          0|
    |data_102_val103_int_reg  |   8|   0|    8|          0|
    |data_103_val104_int_reg  |   8|   0|    8|          0|
    |data_104_val105_int_reg  |   8|   0|    8|          0|
    |data_105_val106_int_reg  |   8|   0|    8|          0|
    |data_106_val107_int_reg  |   8|   0|    8|          0|
    |data_107_val108_int_reg  |   8|   0|    8|          0|
    |data_108_val109_int_reg  |   8|   0|    8|          0|
    |data_109_val110_int_reg  |   8|   0|    8|          0|
    |data_10_val11_int_reg    |   8|   0|    8|          0|
    |data_110_val111_int_reg  |   8|   0|    8|          0|
    |data_111_val112_int_reg  |   8|   0|    8|          0|
    |data_112_val113_int_reg  |   8|   0|    8|          0|
    |data_113_val114_int_reg  |   8|   0|    8|          0|
    |data_114_val115_int_reg  |   8|   0|    8|          0|
    |data_115_val116_int_reg  |   8|   0|    8|          0|
    |data_116_val117_int_reg  |   8|   0|    8|          0|
    |data_117_val118_int_reg  |   8|   0|    8|          0|
    |data_118_val119_int_reg  |   8|   0|    8|          0|
    |data_119_val120_int_reg  |   8|   0|    8|          0|
    |data_11_val12_int_reg    |   8|   0|    8|          0|
    |data_120_val121_int_reg  |   8|   0|    8|          0|
    |data_121_val122_int_reg  |   8|   0|    8|          0|
    |data_122_val123_int_reg  |   8|   0|    8|          0|
    |data_123_val124_int_reg  |   8|   0|    8|          0|
    |data_124_val125_int_reg  |   8|   0|    8|          0|
    |data_125_val126_int_reg  |   8|   0|    8|          0|
    |data_126_val127_int_reg  |   8|   0|    8|          0|
    |data_127_val128_int_reg  |   8|   0|    8|          0|
    |data_128_val129_int_reg  |   8|   0|    8|          0|
    |data_129_val130_int_reg  |   8|   0|    8|          0|
    |data_12_val13_int_reg    |   8|   0|    8|          0|
    |data_130_val131_int_reg  |   8|   0|    8|          0|
    |data_131_val132_int_reg  |   8|   0|    8|          0|
    |data_132_val133_int_reg  |   8|   0|    8|          0|
    |data_133_val134_int_reg  |   8|   0|    8|          0|
    |data_134_val135_int_reg  |   8|   0|    8|          0|
    |data_135_val136_int_reg  |   8|   0|    8|          0|
    |data_136_val137_int_reg  |   8|   0|    8|          0|
    |data_137_val138_int_reg  |   8|   0|    8|          0|
    |data_138_val139_int_reg  |   8|   0|    8|          0|
    |data_139_val140_int_reg  |   8|   0|    8|          0|
    |data_13_val14_int_reg    |   8|   0|    8|          0|
    |data_140_val141_int_reg  |   8|   0|    8|          0|
    |data_141_val142_int_reg  |   8|   0|    8|          0|
    |data_142_val143_int_reg  |   8|   0|    8|          0|
    |data_143_val144_int_reg  |   8|   0|    8|          0|
    |data_144_val145_int_reg  |   8|   0|    8|          0|
    |data_145_val146_int_reg  |   8|   0|    8|          0|
    |data_146_val147_int_reg  |   8|   0|    8|          0|
    |data_147_val148_int_reg  |   8|   0|    8|          0|
    |data_148_val149_int_reg  |   8|   0|    8|          0|
    |data_149_val150_int_reg  |   8|   0|    8|          0|
    |data_14_val15_int_reg    |   8|   0|    8|          0|
    |data_150_val151_int_reg  |   8|   0|    8|          0|
    |data_151_val152_int_reg  |   8|   0|    8|          0|
    |data_152_val153_int_reg  |   8|   0|    8|          0|
    |data_153_val154_int_reg  |   8|   0|    8|          0|
    |data_154_val155_int_reg  |   8|   0|    8|          0|
    |data_155_val156_int_reg  |   8|   0|    8|          0|
    |data_156_val157_int_reg  |   8|   0|    8|          0|
    |data_157_val158_int_reg  |   8|   0|    8|          0|
    |data_158_val159_int_reg  |   8|   0|    8|          0|
    |data_159_val160_int_reg  |   8|   0|    8|          0|
    |data_15_val16_int_reg    |   8|   0|    8|          0|
    |data_160_val161_int_reg  |   8|   0|    8|          0|
    |data_161_val162_int_reg  |   8|   0|    8|          0|
    |data_162_val163_int_reg  |   8|   0|    8|          0|
    |data_163_val164_int_reg  |   8|   0|    8|          0|
    |data_164_val165_int_reg  |   8|   0|    8|          0|
    |data_165_val166_int_reg  |   8|   0|    8|          0|
    |data_166_val167_int_reg  |   8|   0|    8|          0|
    |data_167_val168_int_reg  |   8|   0|    8|          0|
    |data_168_val169_int_reg  |   8|   0|    8|          0|
    |data_169_val170_int_reg  |   8|   0|    8|          0|
    |data_16_val17_int_reg    |   8|   0|    8|          0|
    |data_170_val171_int_reg  |   8|   0|    8|          0|
    |data_171_val172_int_reg  |   8|   0|    8|          0|
    |data_172_val173_int_reg  |   8|   0|    8|          0|
    |data_173_val174_int_reg  |   8|   0|    8|          0|
    |data_174_val175_int_reg  |   8|   0|    8|          0|
    |data_175_val176_int_reg  |   8|   0|    8|          0|
    |data_176_val177_int_reg  |   8|   0|    8|          0|
    |data_177_val178_int_reg  |   8|   0|    8|          0|
    |data_178_val179_int_reg  |   8|   0|    8|          0|
    |data_179_val180_int_reg  |   8|   0|    8|          0|
    |data_17_val18_int_reg    |   8|   0|    8|          0|
    |data_180_val181_int_reg  |   8|   0|    8|          0|
    |data_181_val182_int_reg  |   8|   0|    8|          0|
    |data_182_val183_int_reg  |   8|   0|    8|          0|
    |data_183_val184_int_reg  |   8|   0|    8|          0|
    |data_184_val185_int_reg  |   8|   0|    8|          0|
    |data_185_val186_int_reg  |   8|   0|    8|          0|
    |data_186_val187_int_reg  |   8|   0|    8|          0|
    |data_187_val188_int_reg  |   8|   0|    8|          0|
    |data_188_val189_int_reg  |   8|   0|    8|          0|
    |data_189_val190_int_reg  |   8|   0|    8|          0|
    |data_18_val19_int_reg    |   8|   0|    8|          0|
    |data_190_val191_int_reg  |   8|   0|    8|          0|
    |data_191_val192_int_reg  |   8|   0|    8|          0|
    |data_192_val193_int_reg  |   8|   0|    8|          0|
    |data_193_val194_int_reg  |   8|   0|    8|          0|
    |data_194_val195_int_reg  |   8|   0|    8|          0|
    |data_195_val196_int_reg  |   8|   0|    8|          0|
    |data_196_val197_int_reg  |   8|   0|    8|          0|
    |data_197_val198_int_reg  |   8|   0|    8|          0|
    |data_198_val199_int_reg  |   8|   0|    8|          0|
    |data_199_val200_int_reg  |   8|   0|    8|          0|
    |data_19_val20_int_reg    |   8|   0|    8|          0|
    |data_1_val2_int_reg      |   8|   0|    8|          0|
    |data_200_val201_int_reg  |   8|   0|    8|          0|
    |data_201_val202_int_reg  |   8|   0|    8|          0|
    |data_202_val203_int_reg  |   8|   0|    8|          0|
    |data_203_val204_int_reg  |   8|   0|    8|          0|
    |data_204_val205_int_reg  |   8|   0|    8|          0|
    |data_205_val206_int_reg  |   8|   0|    8|          0|
    |data_206_val207_int_reg  |   8|   0|    8|          0|
    |data_207_val208_int_reg  |   8|   0|    8|          0|
    |data_208_val209_int_reg  |   8|   0|    8|          0|
    |data_209_val210_int_reg  |   8|   0|    8|          0|
    |data_20_val21_int_reg    |   8|   0|    8|          0|
    |data_210_val211_int_reg  |   8|   0|    8|          0|
    |data_211_val212_int_reg  |   8|   0|    8|          0|
    |data_212_val213_int_reg  |   8|   0|    8|          0|
    |data_213_val214_int_reg  |   8|   0|    8|          0|
    |data_214_val215_int_reg  |   8|   0|    8|          0|
    |data_215_val216_int_reg  |   8|   0|    8|          0|
    |data_216_val217_int_reg  |   8|   0|    8|          0|
    |data_217_val218_int_reg  |   8|   0|    8|          0|
    |data_218_val219_int_reg  |   8|   0|    8|          0|
    |data_219_val220_int_reg  |   8|   0|    8|          0|
    |data_21_val22_int_reg    |   8|   0|    8|          0|
    |data_220_val221_int_reg  |   8|   0|    8|          0|
    |data_221_val222_int_reg  |   8|   0|    8|          0|
    |data_222_val223_int_reg  |   8|   0|    8|          0|
    |data_223_val224_int_reg  |   8|   0|    8|          0|
    |data_224_val225_int_reg  |   8|   0|    8|          0|
    |data_225_val226_int_reg  |   8|   0|    8|          0|
    |data_226_val227_int_reg  |   8|   0|    8|          0|
    |data_227_val228_int_reg  |   8|   0|    8|          0|
    |data_228_val229_int_reg  |   8|   0|    8|          0|
    |data_229_val230_int_reg  |   8|   0|    8|          0|
    |data_22_val23_int_reg    |   8|   0|    8|          0|
    |data_230_val231_int_reg  |   8|   0|    8|          0|
    |data_231_val232_int_reg  |   8|   0|    8|          0|
    |data_232_val233_int_reg  |   8|   0|    8|          0|
    |data_233_val234_int_reg  |   8|   0|    8|          0|
    |data_234_val235_int_reg  |   8|   0|    8|          0|
    |data_235_val236_int_reg  |   8|   0|    8|          0|
    |data_236_val237_int_reg  |   8|   0|    8|          0|
    |data_237_val238_int_reg  |   8|   0|    8|          0|
    |data_238_val239_int_reg  |   8|   0|    8|          0|
    |data_239_val240_int_reg  |   8|   0|    8|          0|
    |data_23_val24_int_reg    |   8|   0|    8|          0|
    |data_240_val241_int_reg  |   8|   0|    8|          0|
    |data_241_val242_int_reg  |   8|   0|    8|          0|
    |data_242_val243_int_reg  |   8|   0|    8|          0|
    |data_243_val244_int_reg  |   8|   0|    8|          0|
    |data_244_val245_int_reg  |   8|   0|    8|          0|
    |data_245_val246_int_reg  |   8|   0|    8|          0|
    |data_246_val247_int_reg  |   8|   0|    8|          0|
    |data_247_val248_int_reg  |   8|   0|    8|          0|
    |data_248_val249_int_reg  |   8|   0|    8|          0|
    |data_249_val250_int_reg  |   8|   0|    8|          0|
    |data_24_val25_int_reg    |   8|   0|    8|          0|
    |data_250_val251_int_reg  |   8|   0|    8|          0|
    |data_251_val252_int_reg  |   8|   0|    8|          0|
    |data_252_val253_int_reg  |   8|   0|    8|          0|
    |data_253_val254_int_reg  |   8|   0|    8|          0|
    |data_254_val255_int_reg  |   8|   0|    8|          0|
    |data_255_val256_int_reg  |   8|   0|    8|          0|
    |data_256_val257_int_reg  |   8|   0|    8|          0|
    |data_257_val258_int_reg  |   8|   0|    8|          0|
    |data_258_val259_int_reg  |   8|   0|    8|          0|
    |data_259_val260_int_reg  |   8|   0|    8|          0|
    |data_25_val26_int_reg    |   8|   0|    8|          0|
    |data_260_val261_int_reg  |   8|   0|    8|          0|
    |data_261_val262_int_reg  |   8|   0|    8|          0|
    |data_262_val263_int_reg  |   8|   0|    8|          0|
    |data_263_val264_int_reg  |   8|   0|    8|          0|
    |data_264_val265_int_reg  |   8|   0|    8|          0|
    |data_265_val266_int_reg  |   8|   0|    8|          0|
    |data_266_val267_int_reg  |   8|   0|    8|          0|
    |data_267_val268_int_reg  |   8|   0|    8|          0|
    |data_268_val269_int_reg  |   8|   0|    8|          0|
    |data_269_val270_int_reg  |   8|   0|    8|          0|
    |data_26_val27_int_reg    |   8|   0|    8|          0|
    |data_270_val271_int_reg  |   8|   0|    8|          0|
    |data_271_val272_int_reg  |   8|   0|    8|          0|
    |data_272_val273_int_reg  |   8|   0|    8|          0|
    |data_273_val274_int_reg  |   8|   0|    8|          0|
    |data_274_val275_int_reg  |   8|   0|    8|          0|
    |data_275_val276_int_reg  |   8|   0|    8|          0|
    |data_276_val277_int_reg  |   8|   0|    8|          0|
    |data_277_val278_int_reg  |   8|   0|    8|          0|
    |data_278_val279_int_reg  |   8|   0|    8|          0|
    |data_279_val280_int_reg  |   8|   0|    8|          0|
    |data_27_val28_int_reg    |   8|   0|    8|          0|
    |data_280_val281_int_reg  |   8|   0|    8|          0|
    |data_281_val282_int_reg  |   8|   0|    8|          0|
    |data_282_val283_int_reg  |   8|   0|    8|          0|
    |data_283_val284_int_reg  |   8|   0|    8|          0|
    |data_284_val285_int_reg  |   8|   0|    8|          0|
    |data_285_val286_int_reg  |   8|   0|    8|          0|
    |data_286_val287_int_reg  |   8|   0|    8|          0|
    |data_287_val288_int_reg  |   8|   0|    8|          0|
    |data_288_val289_int_reg  |   8|   0|    8|          0|
    |data_289_val290_int_reg  |   8|   0|    8|          0|
    |data_28_val29_int_reg    |   8|   0|    8|          0|
    |data_290_val291_int_reg  |   8|   0|    8|          0|
    |data_291_val292_int_reg  |   8|   0|    8|          0|
    |data_292_val293_int_reg  |   8|   0|    8|          0|
    |data_293_val294_int_reg  |   8|   0|    8|          0|
    |data_294_val295_int_reg  |   8|   0|    8|          0|
    |data_295_val296_int_reg  |   8|   0|    8|          0|
    |data_296_val297_int_reg  |   8|   0|    8|          0|
    |data_297_val298_int_reg  |   8|   0|    8|          0|
    |data_298_val299_int_reg  |   8|   0|    8|          0|
    |data_299_val300_int_reg  |   8|   0|    8|          0|
    |data_29_val30_int_reg    |   8|   0|    8|          0|
    |data_2_val3_int_reg      |   8|   0|    8|          0|
    |data_300_val301_int_reg  |   8|   0|    8|          0|
    |data_301_val302_int_reg  |   8|   0|    8|          0|
    |data_302_val303_int_reg  |   8|   0|    8|          0|
    |data_303_val304_int_reg  |   8|   0|    8|          0|
    |data_304_val305_int_reg  |   8|   0|    8|          0|
    |data_305_val306_int_reg  |   8|   0|    8|          0|
    |data_306_val307_int_reg  |   8|   0|    8|          0|
    |data_307_val308_int_reg  |   8|   0|    8|          0|
    |data_308_val309_int_reg  |   8|   0|    8|          0|
    |data_309_val310_int_reg  |   8|   0|    8|          0|
    |data_30_val31_int_reg    |   8|   0|    8|          0|
    |data_310_val311_int_reg  |   8|   0|    8|          0|
    |data_311_val312_int_reg  |   8|   0|    8|          0|
    |data_312_val313_int_reg  |   8|   0|    8|          0|
    |data_313_val314_int_reg  |   8|   0|    8|          0|
    |data_314_val315_int_reg  |   8|   0|    8|          0|
    |data_315_val316_int_reg  |   8|   0|    8|          0|
    |data_316_val317_int_reg  |   8|   0|    8|          0|
    |data_317_val318_int_reg  |   8|   0|    8|          0|
    |data_318_val319_int_reg  |   8|   0|    8|          0|
    |data_319_val320_int_reg  |   8|   0|    8|          0|
    |data_31_val32_int_reg    |   8|   0|    8|          0|
    |data_320_val321_int_reg  |   8|   0|    8|          0|
    |data_321_val322_int_reg  |   8|   0|    8|          0|
    |data_322_val323_int_reg  |   8|   0|    8|          0|
    |data_323_val324_int_reg  |   8|   0|    8|          0|
    |data_324_val325_int_reg  |   8|   0|    8|          0|
    |data_325_val326_int_reg  |   8|   0|    8|          0|
    |data_326_val327_int_reg  |   8|   0|    8|          0|
    |data_327_val328_int_reg  |   8|   0|    8|          0|
    |data_328_val329_int_reg  |   8|   0|    8|          0|
    |data_329_val330_int_reg  |   8|   0|    8|          0|
    |data_32_val33_int_reg    |   8|   0|    8|          0|
    |data_330_val331_int_reg  |   8|   0|    8|          0|
    |data_331_val332_int_reg  |   8|   0|    8|          0|
    |data_332_val333_int_reg  |   8|   0|    8|          0|
    |data_333_val334_int_reg  |   8|   0|    8|          0|
    |data_334_val335_int_reg  |   8|   0|    8|          0|
    |data_335_val336_int_reg  |   8|   0|    8|          0|
    |data_336_val337_int_reg  |   8|   0|    8|          0|
    |data_337_val338_int_reg  |   8|   0|    8|          0|
    |data_338_val339_int_reg  |   8|   0|    8|          0|
    |data_339_val340_int_reg  |   8|   0|    8|          0|
    |data_33_val34_int_reg    |   8|   0|    8|          0|
    |data_340_val341_int_reg  |   8|   0|    8|          0|
    |data_341_val342_int_reg  |   8|   0|    8|          0|
    |data_342_val343_int_reg  |   8|   0|    8|          0|
    |data_343_val344_int_reg  |   8|   0|    8|          0|
    |data_344_val345_int_reg  |   8|   0|    8|          0|
    |data_345_val346_int_reg  |   8|   0|    8|          0|
    |data_346_val347_int_reg  |   8|   0|    8|          0|
    |data_347_val348_int_reg  |   8|   0|    8|          0|
    |data_348_val349_int_reg  |   8|   0|    8|          0|
    |data_349_val350_int_reg  |   8|   0|    8|          0|
    |data_34_val35_int_reg    |   8|   0|    8|          0|
    |data_350_val351_int_reg  |   8|   0|    8|          0|
    |data_351_val352_int_reg  |   8|   0|    8|          0|
    |data_352_val353_int_reg  |   8|   0|    8|          0|
    |data_353_val354_int_reg  |   8|   0|    8|          0|
    |data_354_val355_int_reg  |   8|   0|    8|          0|
    |data_355_val356_int_reg  |   8|   0|    8|          0|
    |data_356_val357_int_reg  |   8|   0|    8|          0|
    |data_357_val358_int_reg  |   8|   0|    8|          0|
    |data_358_val359_int_reg  |   8|   0|    8|          0|
    |data_359_val360_int_reg  |   8|   0|    8|          0|
    |data_35_val36_int_reg    |   8|   0|    8|          0|
    |data_360_val361_int_reg  |   8|   0|    8|          0|
    |data_361_val362_int_reg  |   8|   0|    8|          0|
    |data_362_val363_int_reg  |   8|   0|    8|          0|
    |data_363_val364_int_reg  |   8|   0|    8|          0|
    |data_364_val365_int_reg  |   8|   0|    8|          0|
    |data_365_val366_int_reg  |   8|   0|    8|          0|
    |data_366_val367_int_reg  |   8|   0|    8|          0|
    |data_367_val368_int_reg  |   8|   0|    8|          0|
    |data_368_val369_int_reg  |   8|   0|    8|          0|
    |data_369_val370_int_reg  |   8|   0|    8|          0|
    |data_36_val37_int_reg    |   8|   0|    8|          0|
    |data_370_val371_int_reg  |   8|   0|    8|          0|
    |data_371_val372_int_reg  |   8|   0|    8|          0|
    |data_372_val373_int_reg  |   8|   0|    8|          0|
    |data_373_val374_int_reg  |   8|   0|    8|          0|
    |data_374_val375_int_reg  |   8|   0|    8|          0|
    |data_375_val376_int_reg  |   8|   0|    8|          0|
    |data_376_val377_int_reg  |   8|   0|    8|          0|
    |data_377_val378_int_reg  |   8|   0|    8|          0|
    |data_378_val379_int_reg  |   8|   0|    8|          0|
    |data_379_val380_int_reg  |   8|   0|    8|          0|
    |data_37_val38_int_reg    |   8|   0|    8|          0|
    |data_380_val381_int_reg  |   8|   0|    8|          0|
    |data_381_val382_int_reg  |   8|   0|    8|          0|
    |data_382_val383_int_reg  |   8|   0|    8|          0|
    |data_383_val384_int_reg  |   8|   0|    8|          0|
    |data_384_val385_int_reg  |   8|   0|    8|          0|
    |data_385_val386_int_reg  |   8|   0|    8|          0|
    |data_386_val387_int_reg  |   8|   0|    8|          0|
    |data_387_val388_int_reg  |   8|   0|    8|          0|
    |data_388_val389_int_reg  |   8|   0|    8|          0|
    |data_389_val390_int_reg  |   8|   0|    8|          0|
    |data_38_val39_int_reg    |   8|   0|    8|          0|
    |data_390_val391_int_reg  |   8|   0|    8|          0|
    |data_391_val392_int_reg  |   8|   0|    8|          0|
    |data_392_val393_int_reg  |   8|   0|    8|          0|
    |data_393_val394_int_reg  |   8|   0|    8|          0|
    |data_394_val395_int_reg  |   8|   0|    8|          0|
    |data_395_val396_int_reg  |   8|   0|    8|          0|
    |data_396_val397_int_reg  |   8|   0|    8|          0|
    |data_397_val398_int_reg  |   8|   0|    8|          0|
    |data_398_val399_int_reg  |   8|   0|    8|          0|
    |data_399_val400_int_reg  |   8|   0|    8|          0|
    |data_39_val40_int_reg    |   8|   0|    8|          0|
    |data_3_val4_int_reg      |   8|   0|    8|          0|
    |data_400_val401_int_reg  |   8|   0|    8|          0|
    |data_401_val402_int_reg  |   8|   0|    8|          0|
    |data_402_val403_int_reg  |   8|   0|    8|          0|
    |data_403_val404_int_reg  |   8|   0|    8|          0|
    |data_404_val405_int_reg  |   8|   0|    8|          0|
    |data_405_val406_int_reg  |   8|   0|    8|          0|
    |data_406_val407_int_reg  |   8|   0|    8|          0|
    |data_407_val408_int_reg  |   8|   0|    8|          0|
    |data_408_val409_int_reg  |   8|   0|    8|          0|
    |data_409_val410_int_reg  |   8|   0|    8|          0|
    |data_40_val41_int_reg    |   8|   0|    8|          0|
    |data_410_val411_int_reg  |   8|   0|    8|          0|
    |data_411_val412_int_reg  |   8|   0|    8|          0|
    |data_412_val413_int_reg  |   8|   0|    8|          0|
    |data_413_val414_int_reg  |   8|   0|    8|          0|
    |data_414_val415_int_reg  |   8|   0|    8|          0|
    |data_415_val416_int_reg  |   8|   0|    8|          0|
    |data_416_val417_int_reg  |   8|   0|    8|          0|
    |data_417_val418_int_reg  |   8|   0|    8|          0|
    |data_418_val419_int_reg  |   8|   0|    8|          0|
    |data_419_val420_int_reg  |   8|   0|    8|          0|
    |data_41_val42_int_reg    |   8|   0|    8|          0|
    |data_420_val421_int_reg  |   8|   0|    8|          0|
    |data_421_val422_int_reg  |   8|   0|    8|          0|
    |data_422_val423_int_reg  |   8|   0|    8|          0|
    |data_423_val424_int_reg  |   8|   0|    8|          0|
    |data_424_val425_int_reg  |   8|   0|    8|          0|
    |data_425_val426_int_reg  |   8|   0|    8|          0|
    |data_426_val427_int_reg  |   8|   0|    8|          0|
    |data_427_val428_int_reg  |   8|   0|    8|          0|
    |data_428_val429_int_reg  |   8|   0|    8|          0|
    |data_429_val430_int_reg  |   8|   0|    8|          0|
    |data_42_val43_int_reg    |   8|   0|    8|          0|
    |data_430_val431_int_reg  |   8|   0|    8|          0|
    |data_431_val432_int_reg  |   8|   0|    8|          0|
    |data_432_val433_int_reg  |   8|   0|    8|          0|
    |data_433_val434_int_reg  |   8|   0|    8|          0|
    |data_434_val435_int_reg  |   8|   0|    8|          0|
    |data_435_val436_int_reg  |   8|   0|    8|          0|
    |data_436_val437_int_reg  |   8|   0|    8|          0|
    |data_437_val438_int_reg  |   8|   0|    8|          0|
    |data_438_val439_int_reg  |   8|   0|    8|          0|
    |data_439_val440_int_reg  |   8|   0|    8|          0|
    |data_43_val44_int_reg    |   8|   0|    8|          0|
    |data_440_val441_int_reg  |   8|   0|    8|          0|
    |data_441_val442_int_reg  |   8|   0|    8|          0|
    |data_442_val443_int_reg  |   8|   0|    8|          0|
    |data_443_val444_int_reg  |   8|   0|    8|          0|
    |data_444_val445_int_reg  |   8|   0|    8|          0|
    |data_445_val446_int_reg  |   8|   0|    8|          0|
    |data_446_val447_int_reg  |   8|   0|    8|          0|
    |data_447_val448_int_reg  |   8|   0|    8|          0|
    |data_448_val449_int_reg  |   8|   0|    8|          0|
    |data_449_val450_int_reg  |   8|   0|    8|          0|
    |data_44_val45_int_reg    |   8|   0|    8|          0|
    |data_450_val451_int_reg  |   8|   0|    8|          0|
    |data_451_val452_int_reg  |   8|   0|    8|          0|
    |data_452_val453_int_reg  |   8|   0|    8|          0|
    |data_453_val454_int_reg  |   8|   0|    8|          0|
    |data_454_val455_int_reg  |   8|   0|    8|          0|
    |data_455_val456_int_reg  |   8|   0|    8|          0|
    |data_456_val457_int_reg  |   8|   0|    8|          0|
    |data_457_val458_int_reg  |   8|   0|    8|          0|
    |data_458_val459_int_reg  |   8|   0|    8|          0|
    |data_459_val460_int_reg  |   8|   0|    8|          0|
    |data_45_val46_int_reg    |   8|   0|    8|          0|
    |data_460_val461_int_reg  |   8|   0|    8|          0|
    |data_461_val462_int_reg  |   8|   0|    8|          0|
    |data_462_val463_int_reg  |   8|   0|    8|          0|
    |data_463_val464_int_reg  |   8|   0|    8|          0|
    |data_464_val465_int_reg  |   8|   0|    8|          0|
    |data_465_val466_int_reg  |   8|   0|    8|          0|
    |data_466_val467_int_reg  |   8|   0|    8|          0|
    |data_467_val468_int_reg  |   8|   0|    8|          0|
    |data_468_val469_int_reg  |   8|   0|    8|          0|
    |data_469_val470_int_reg  |   8|   0|    8|          0|
    |data_46_val47_int_reg    |   8|   0|    8|          0|
    |data_470_val471_int_reg  |   8|   0|    8|          0|
    |data_471_val472_int_reg  |   8|   0|    8|          0|
    |data_472_val473_int_reg  |   8|   0|    8|          0|
    |data_473_val474_int_reg  |   8|   0|    8|          0|
    |data_474_val475_int_reg  |   8|   0|    8|          0|
    |data_475_val476_int_reg  |   8|   0|    8|          0|
    |data_476_val477_int_reg  |   8|   0|    8|          0|
    |data_477_val478_int_reg  |   8|   0|    8|          0|
    |data_478_val479_int_reg  |   8|   0|    8|          0|
    |data_479_val480_int_reg  |   8|   0|    8|          0|
    |data_47_val48_int_reg    |   8|   0|    8|          0|
    |data_480_val481_int_reg  |   8|   0|    8|          0|
    |data_481_val482_int_reg  |   8|   0|    8|          0|
    |data_482_val483_int_reg  |   8|   0|    8|          0|
    |data_483_val484_int_reg  |   8|   0|    8|          0|
    |data_484_val485_int_reg  |   8|   0|    8|          0|
    |data_485_val486_int_reg  |   8|   0|    8|          0|
    |data_486_val487_int_reg  |   8|   0|    8|          0|
    |data_487_val488_int_reg  |   8|   0|    8|          0|
    |data_488_val489_int_reg  |   8|   0|    8|          0|
    |data_489_val490_int_reg  |   8|   0|    8|          0|
    |data_48_val49_int_reg    |   8|   0|    8|          0|
    |data_490_val491_int_reg  |   8|   0|    8|          0|
    |data_491_val492_int_reg  |   8|   0|    8|          0|
    |data_492_val493_int_reg  |   8|   0|    8|          0|
    |data_493_val494_int_reg  |   8|   0|    8|          0|
    |data_494_val495_int_reg  |   8|   0|    8|          0|
    |data_495_val496_int_reg  |   8|   0|    8|          0|
    |data_496_val497_int_reg  |   8|   0|    8|          0|
    |data_497_val498_int_reg  |   8|   0|    8|          0|
    |data_498_val499_int_reg  |   8|   0|    8|          0|
    |data_499_val500_int_reg  |   8|   0|    8|          0|
    |data_49_val50_int_reg    |   8|   0|    8|          0|
    |data_4_val5_int_reg      |   8|   0|    8|          0|
    |data_500_val501_int_reg  |   8|   0|    8|          0|
    |data_501_val502_int_reg  |   8|   0|    8|          0|
    |data_502_val503_int_reg  |   8|   0|    8|          0|
    |data_503_val504_int_reg  |   8|   0|    8|          0|
    |data_504_val505_int_reg  |   8|   0|    8|          0|
    |data_505_val506_int_reg  |   8|   0|    8|          0|
    |data_506_val507_int_reg  |   8|   0|    8|          0|
    |data_507_val508_int_reg  |   8|   0|    8|          0|
    |data_508_val509_int_reg  |   8|   0|    8|          0|
    |data_509_val510_int_reg  |   8|   0|    8|          0|
    |data_50_val51_int_reg    |   8|   0|    8|          0|
    |data_510_val511_int_reg  |   8|   0|    8|          0|
    |data_511_val512_int_reg  |   8|   0|    8|          0|
    |data_51_val52_int_reg    |   8|   0|    8|          0|
    |data_52_val53_int_reg    |   8|   0|    8|          0|
    |data_53_val54_int_reg    |   8|   0|    8|          0|
    |data_54_val55_int_reg    |   8|   0|    8|          0|
    |data_55_val56_int_reg    |   8|   0|    8|          0|
    |data_56_val57_int_reg    |   8|   0|    8|          0|
    |data_57_val58_int_reg    |   8|   0|    8|          0|
    |data_58_val59_int_reg    |   8|   0|    8|          0|
    |data_59_val60_int_reg    |   8|   0|    8|          0|
    |data_5_val6_int_reg      |   8|   0|    8|          0|
    |data_60_val61_int_reg    |   8|   0|    8|          0|
    |data_61_val62_int_reg    |   8|   0|    8|          0|
    |data_62_val63_int_reg    |   8|   0|    8|          0|
    |data_63_val64_int_reg    |   8|   0|    8|          0|
    |data_64_val65_int_reg    |   8|   0|    8|          0|
    |data_65_val66_int_reg    |   8|   0|    8|          0|
    |data_66_val67_int_reg    |   8|   0|    8|          0|
    |data_67_val68_int_reg    |   8|   0|    8|          0|
    |data_68_val69_int_reg    |   8|   0|    8|          0|
    |data_69_val70_int_reg    |   8|   0|    8|          0|
    |data_6_val7_int_reg      |   8|   0|    8|          0|
    |data_70_val71_int_reg    |   8|   0|    8|          0|
    |data_71_val72_int_reg    |   8|   0|    8|          0|
    |data_72_val73_int_reg    |   8|   0|    8|          0|
    |data_73_val74_int_reg    |   8|   0|    8|          0|
    |data_74_val75_int_reg    |   8|   0|    8|          0|
    |data_75_val76_int_reg    |   8|   0|    8|          0|
    |data_76_val77_int_reg    |   8|   0|    8|          0|
    |data_77_val78_int_reg    |   8|   0|    8|          0|
    |data_78_val79_int_reg    |   8|   0|    8|          0|
    |data_79_val80_int_reg    |   8|   0|    8|          0|
    |data_7_val8_int_reg      |   8|   0|    8|          0|
    |data_80_val81_int_reg    |   8|   0|    8|          0|
    |data_81_val82_int_reg    |   8|   0|    8|          0|
    |data_82_val83_int_reg    |   8|   0|    8|          0|
    |data_83_val84_int_reg    |   8|   0|    8|          0|
    |data_84_val85_int_reg    |   8|   0|    8|          0|
    |data_85_val86_int_reg    |   8|   0|    8|          0|
    |data_86_val87_int_reg    |   8|   0|    8|          0|
    |data_87_val88_int_reg    |   8|   0|    8|          0|
    |data_88_val89_int_reg    |   8|   0|    8|          0|
    |data_89_val90_int_reg    |   8|   0|    8|          0|
    |data_8_val9_int_reg      |   8|   0|    8|          0|
    |data_90_val91_int_reg    |   8|   0|    8|          0|
    |data_91_val92_int_reg    |   8|   0|    8|          0|
    |data_92_val93_int_reg    |   8|   0|    8|          0|
    |data_93_val94_int_reg    |   8|   0|    8|          0|
    |data_94_val95_int_reg    |   8|   0|    8|          0|
    |data_95_val96_int_reg    |   8|   0|    8|          0|
    |data_96_val97_int_reg    |   8|   0|    8|          0|
    |data_97_val98_int_reg    |   8|   0|    8|          0|
    |data_98_val99_int_reg    |   8|   0|    8|          0|
    |data_99_val100_int_reg   |   8|   0|    8|          0|
    |data_9_val10_int_reg     |   8|   0|    8|          0|
    +-------------------------+----+----+-----+-----------+
    |Total                    |4096|   0| 4096|          0|
    +-------------------------+----+----+-----+-----------+



================================================================
== Interface
================================================================
* Summary: 
+-----------------+-----+-----+------------+---------------------------------------------------------------------------+--------------+
|    RTL Ports    | Dir | Bits|  Protocol  |                               Source Object                               |    C Type    |
+-----------------+-----+-----+------------+---------------------------------------------------------------------------+--------------+
|ap_clk           |   in|    1|  ap_ctrl_hs|  einsum_dense<ap_fixed<8, 3, 5, 3, 0>, ap_fixed<13, 8, 4, 0, 0>, config43>|  return value|
|ap_rst           |   in|    1|  ap_ctrl_hs|  einsum_dense<ap_fixed<8, 3, 5, 3, 0>, ap_fixed<13, 8, 4, 0, 0>, config43>|  return value|
|ap_return_0      |  out|   13|  ap_ctrl_hs|  einsum_dense<ap_fixed<8, 3, 5, 3, 0>, ap_fixed<13, 8, 4, 0, 0>, config43>|  return value|
|ap_return_1      |  out|   13|  ap_ctrl_hs|  einsum_dense<ap_fixed<8, 3, 5, 3, 0>, ap_fixed<13, 8, 4, 0, 0>, config43>|  return value|
|ap_return_2      |  out|   13|  ap_ctrl_hs|  einsum_dense<ap_fixed<8, 3, 5, 3, 0>, ap_fixed<13, 8, 4, 0, 0>, config43>|  return value|
|ap_return_3      |  out|   13|  ap_ctrl_hs|  einsum_dense<ap_fixed<8, 3, 5, 3, 0>, ap_fixed<13, 8, 4, 0, 0>, config43>|  return value|
|ap_return_4      |  out|   13|  ap_ctrl_hs|  einsum_dense<ap_fixed<8, 3, 5, 3, 0>, ap_fixed<13, 8, 4, 0, 0>, config43>|  return value|
|ap_return_5      |  out|   13|  ap_ctrl_hs|  einsum_dense<ap_fixed<8, 3, 5, 3, 0>, ap_fixed<13, 8, 4, 0, 0>, config43>|  return value|
|ap_return_6      |  out|   13|  ap_ctrl_hs|  einsum_dense<ap_fixed<8, 3, 5, 3, 0>, ap_fixed<13, 8, 4, 0, 0>, config43>|  return value|
|ap_return_7      |  out|   13|  ap_ctrl_hs|  einsum_dense<ap_fixed<8, 3, 5, 3, 0>, ap_fixed<13, 8, 4, 0, 0>, config43>|  return value|
|ap_return_8      |  out|   13|  ap_ctrl_hs|  einsum_dense<ap_fixed<8, 3, 5, 3, 0>, ap_fixed<13, 8, 4, 0, 0>, config43>|  return value|
|ap_return_9      |  out|   13|  ap_ctrl_hs|  einsum_dense<ap_fixed<8, 3, 5, 3, 0>, ap_fixed<13, 8, 4, 0, 0>, config43>|  return value|
|ap_return_10     |  out|   13|  ap_ctrl_hs|  einsum_dense<ap_fixed<8, 3, 5, 3, 0>, ap_fixed<13, 8, 4, 0, 0>, config43>|  return value|
|ap_return_11     |  out|   13|  ap_ctrl_hs|  einsum_dense<ap_fixed<8, 3, 5, 3, 0>, ap_fixed<13, 8, 4, 0, 0>, config43>|  return value|
|ap_return_12     |  out|   13|  ap_ctrl_hs|  einsum_dense<ap_fixed<8, 3, 5, 3, 0>, ap_fixed<13, 8, 4, 0, 0>, config43>|  return value|
|ap_return_13     |  out|   13|  ap_ctrl_hs|  einsum_dense<ap_fixed<8, 3, 5, 3, 0>, ap_fixed<13, 8, 4, 0, 0>, config43>|  return value|
|ap_return_14     |  out|   13|  ap_ctrl_hs|  einsum_dense<ap_fixed<8, 3, 5, 3, 0>, ap_fixed<13, 8, 4, 0, 0>, config43>|  return value|
|ap_return_15     |  out|   13|  ap_ctrl_hs|  einsum_dense<ap_fixed<8, 3, 5, 3, 0>, ap_fixed<13, 8, 4, 0, 0>, config43>|  return value|
|ap_return_16     |  out|   13|  ap_ctrl_hs|  einsum_dense<ap_fixed<8, 3, 5, 3, 0>, ap_fixed<13, 8, 4, 0, 0>, config43>|  return value|
|ap_return_17     |  out|   13|  ap_ctrl_hs|  einsum_dense<ap_fixed<8, 3, 5, 3, 0>, ap_fixed<13, 8, 4, 0, 0>, config43>|  return value|
|ap_return_18     |  out|   13|  ap_ctrl_hs|  einsum_dense<ap_fixed<8, 3, 5, 3, 0>, ap_fixed<13, 8, 4, 0, 0>, config43>|  return value|
|ap_return_19     |  out|   13|  ap_ctrl_hs|  einsum_dense<ap_fixed<8, 3, 5, 3, 0>, ap_fixed<13, 8, 4, 0, 0>, config43>|  return value|
|ap_return_20     |  out|   13|  ap_ctrl_hs|  einsum_dense<ap_fixed<8, 3, 5, 3, 0>, ap_fixed<13, 8, 4, 0, 0>, config43>|  return value|
|ap_return_21     |  out|   13|  ap_ctrl_hs|  einsum_dense<ap_fixed<8, 3, 5, 3, 0>, ap_fixed<13, 8, 4, 0, 0>, config43>|  return value|
|ap_return_22     |  out|   13|  ap_ctrl_hs|  einsum_dense<ap_fixed<8, 3, 5, 3, 0>, ap_fixed<13, 8, 4, 0, 0>, config43>|  return value|
|ap_return_23     |  out|   13|  ap_ctrl_hs|  einsum_dense<ap_fixed<8, 3, 5, 3, 0>, ap_fixed<13, 8, 4, 0, 0>, config43>|  return value|
|ap_return_24     |  out|   13|  ap_ctrl_hs|  einsum_dense<ap_fixed<8, 3, 5, 3, 0>, ap_fixed<13, 8, 4, 0, 0>, config43>|  return value|
|ap_return_25     |  out|   13|  ap_ctrl_hs|  einsum_dense<ap_fixed<8, 3, 5, 3, 0>, ap_fixed<13, 8, 4, 0, 0>, config43>|  return value|
|ap_return_26     |  out|   13|  ap_ctrl_hs|  einsum_dense<ap_fixed<8, 3, 5, 3, 0>, ap_fixed<13, 8, 4, 0, 0>, config43>|  return value|
|ap_return_27     |  out|   13|  ap_ctrl_hs|  einsum_dense<ap_fixed<8, 3, 5, 3, 0>, ap_fixed<13, 8, 4, 0, 0>, config43>|  return value|
|ap_return_28     |  out|   13|  ap_ctrl_hs|  einsum_dense<ap_fixed<8, 3, 5, 3, 0>, ap_fixed<13, 8, 4, 0, 0>, config43>|  return value|
|ap_return_29     |  out|   13|  ap_ctrl_hs|  einsum_dense<ap_fixed<8, 3, 5, 3, 0>, ap_fixed<13, 8, 4, 0, 0>, config43>|  return value|
|ap_return_30     |  out|   13|  ap_ctrl_hs|  einsum_dense<ap_fixed<8, 3, 5, 3, 0>, ap_fixed<13, 8, 4, 0, 0>, config43>|  return value|
|ap_return_31     |  out|   13|  ap_ctrl_hs|  einsum_dense<ap_fixed<8, 3, 5, 3, 0>, ap_fixed<13, 8, 4, 0, 0>, config43>|  return value|
|ap_return_32     |  out|   13|  ap_ctrl_hs|  einsum_dense<ap_fixed<8, 3, 5, 3, 0>, ap_fixed<13, 8, 4, 0, 0>, config43>|  return value|
|ap_return_33     |  out|   13|  ap_ctrl_hs|  einsum_dense<ap_fixed<8, 3, 5, 3, 0>, ap_fixed<13, 8, 4, 0, 0>, config43>|  return value|
|ap_return_34     |  out|   13|  ap_ctrl_hs|  einsum_dense<ap_fixed<8, 3, 5, 3, 0>, ap_fixed<13, 8, 4, 0, 0>, config43>|  return value|
|ap_return_35     |  out|   13|  ap_ctrl_hs|  einsum_dense<ap_fixed<8, 3, 5, 3, 0>, ap_fixed<13, 8, 4, 0, 0>, config43>|  return value|
|ap_return_36     |  out|   13|  ap_ctrl_hs|  einsum_dense<ap_fixed<8, 3, 5, 3, 0>, ap_fixed<13, 8, 4, 0, 0>, config43>|  return value|
|ap_return_37     |  out|   13|  ap_ctrl_hs|  einsum_dense<ap_fixed<8, 3, 5, 3, 0>, ap_fixed<13, 8, 4, 0, 0>, config43>|  return value|
|ap_return_38     |  out|   13|  ap_ctrl_hs|  einsum_dense<ap_fixed<8, 3, 5, 3, 0>, ap_fixed<13, 8, 4, 0, 0>, config43>|  return value|
|ap_return_39     |  out|   13|  ap_ctrl_hs|  einsum_dense<ap_fixed<8, 3, 5, 3, 0>, ap_fixed<13, 8, 4, 0, 0>, config43>|  return value|
|ap_return_40     |  out|   13|  ap_ctrl_hs|  einsum_dense<ap_fixed<8, 3, 5, 3, 0>, ap_fixed<13, 8, 4, 0, 0>, config43>|  return value|
|ap_return_41     |  out|   13|  ap_ctrl_hs|  einsum_dense<ap_fixed<8, 3, 5, 3, 0>, ap_fixed<13, 8, 4, 0, 0>, config43>|  return value|
|ap_return_42     |  out|   13|  ap_ctrl_hs|  einsum_dense<ap_fixed<8, 3, 5, 3, 0>, ap_fixed<13, 8, 4, 0, 0>, config43>|  return value|
|ap_return_43     |  out|   13|  ap_ctrl_hs|  einsum_dense<ap_fixed<8, 3, 5, 3, 0>, ap_fixed<13, 8, 4, 0, 0>, config43>|  return value|
|ap_return_44     |  out|   13|  ap_ctrl_hs|  einsum_dense<ap_fixed<8, 3, 5, 3, 0>, ap_fixed<13, 8, 4, 0, 0>, config43>|  return value|
|ap_return_45     |  out|   13|  ap_ctrl_hs|  einsum_dense<ap_fixed<8, 3, 5, 3, 0>, ap_fixed<13, 8, 4, 0, 0>, config43>|  return value|
|ap_return_46     |  out|   13|  ap_ctrl_hs|  einsum_dense<ap_fixed<8, 3, 5, 3, 0>, ap_fixed<13, 8, 4, 0, 0>, config43>|  return value|
|ap_return_47     |  out|   13|  ap_ctrl_hs|  einsum_dense<ap_fixed<8, 3, 5, 3, 0>, ap_fixed<13, 8, 4, 0, 0>, config43>|  return value|
|ap_return_48     |  out|   13|  ap_ctrl_hs|  einsum_dense<ap_fixed<8, 3, 5, 3, 0>, ap_fixed<13, 8, 4, 0, 0>, config43>|  return value|
|ap_return_49     |  out|   13|  ap_ctrl_hs|  einsum_dense<ap_fixed<8, 3, 5, 3, 0>, ap_fixed<13, 8, 4, 0, 0>, config43>|  return value|
|ap_return_50     |  out|   13|  ap_ctrl_hs|  einsum_dense<ap_fixed<8, 3, 5, 3, 0>, ap_fixed<13, 8, 4, 0, 0>, config43>|  return value|
|ap_return_51     |  out|   13|  ap_ctrl_hs|  einsum_dense<ap_fixed<8, 3, 5, 3, 0>, ap_fixed<13, 8, 4, 0, 0>, config43>|  return value|
|ap_return_52     |  out|   13|  ap_ctrl_hs|  einsum_dense<ap_fixed<8, 3, 5, 3, 0>, ap_fixed<13, 8, 4, 0, 0>, config43>|  return value|
|ap_return_53     |  out|   13|  ap_ctrl_hs|  einsum_dense<ap_fixed<8, 3, 5, 3, 0>, ap_fixed<13, 8, 4, 0, 0>, config43>|  return value|
|ap_return_54     |  out|   13|  ap_ctrl_hs|  einsum_dense<ap_fixed<8, 3, 5, 3, 0>, ap_fixed<13, 8, 4, 0, 0>, config43>|  return value|
|ap_return_55     |  out|   13|  ap_ctrl_hs|  einsum_dense<ap_fixed<8, 3, 5, 3, 0>, ap_fixed<13, 8, 4, 0, 0>, config43>|  return value|
|ap_return_56     |  out|   13|  ap_ctrl_hs|  einsum_dense<ap_fixed<8, 3, 5, 3, 0>, ap_fixed<13, 8, 4, 0, 0>, config43>|  return value|
|ap_return_57     |  out|   13|  ap_ctrl_hs|  einsum_dense<ap_fixed<8, 3, 5, 3, 0>, ap_fixed<13, 8, 4, 0, 0>, config43>|  return value|
|ap_return_58     |  out|   13|  ap_ctrl_hs|  einsum_dense<ap_fixed<8, 3, 5, 3, 0>, ap_fixed<13, 8, 4, 0, 0>, config43>|  return value|
|ap_return_59     |  out|   13|  ap_ctrl_hs|  einsum_dense<ap_fixed<8, 3, 5, 3, 0>, ap_fixed<13, 8, 4, 0, 0>, config43>|  return value|
|ap_return_60     |  out|   13|  ap_ctrl_hs|  einsum_dense<ap_fixed<8, 3, 5, 3, 0>, ap_fixed<13, 8, 4, 0, 0>, config43>|  return value|
|ap_return_61     |  out|   13|  ap_ctrl_hs|  einsum_dense<ap_fixed<8, 3, 5, 3, 0>, ap_fixed<13, 8, 4, 0, 0>, config43>|  return value|
|ap_return_62     |  out|   13|  ap_ctrl_hs|  einsum_dense<ap_fixed<8, 3, 5, 3, 0>, ap_fixed<13, 8, 4, 0, 0>, config43>|  return value|
|ap_return_63     |  out|   13|  ap_ctrl_hs|  einsum_dense<ap_fixed<8, 3, 5, 3, 0>, ap_fixed<13, 8, 4, 0, 0>, config43>|  return value|
|ap_return_64     |  out|   13|  ap_ctrl_hs|  einsum_dense<ap_fixed<8, 3, 5, 3, 0>, ap_fixed<13, 8, 4, 0, 0>, config43>|  return value|
|ap_return_65     |  out|   13|  ap_ctrl_hs|  einsum_dense<ap_fixed<8, 3, 5, 3, 0>, ap_fixed<13, 8, 4, 0, 0>, config43>|  return value|
|ap_return_66     |  out|   13|  ap_ctrl_hs|  einsum_dense<ap_fixed<8, 3, 5, 3, 0>, ap_fixed<13, 8, 4, 0, 0>, config43>|  return value|
|ap_return_67     |  out|   13|  ap_ctrl_hs|  einsum_dense<ap_fixed<8, 3, 5, 3, 0>, ap_fixed<13, 8, 4, 0, 0>, config43>|  return value|
|ap_return_68     |  out|   13|  ap_ctrl_hs|  einsum_dense<ap_fixed<8, 3, 5, 3, 0>, ap_fixed<13, 8, 4, 0, 0>, config43>|  return value|
|ap_return_69     |  out|   13|  ap_ctrl_hs|  einsum_dense<ap_fixed<8, 3, 5, 3, 0>, ap_fixed<13, 8, 4, 0, 0>, config43>|  return value|
|ap_return_70     |  out|   13|  ap_ctrl_hs|  einsum_dense<ap_fixed<8, 3, 5, 3, 0>, ap_fixed<13, 8, 4, 0, 0>, config43>|  return value|
|ap_return_71     |  out|   13|  ap_ctrl_hs|  einsum_dense<ap_fixed<8, 3, 5, 3, 0>, ap_fixed<13, 8, 4, 0, 0>, config43>|  return value|
|ap_return_72     |  out|   13|  ap_ctrl_hs|  einsum_dense<ap_fixed<8, 3, 5, 3, 0>, ap_fixed<13, 8, 4, 0, 0>, config43>|  return value|
|ap_return_73     |  out|   13|  ap_ctrl_hs|  einsum_dense<ap_fixed<8, 3, 5, 3, 0>, ap_fixed<13, 8, 4, 0, 0>, config43>|  return value|
|ap_return_74     |  out|   13|  ap_ctrl_hs|  einsum_dense<ap_fixed<8, 3, 5, 3, 0>, ap_fixed<13, 8, 4, 0, 0>, config43>|  return value|
|ap_return_75     |  out|   13|  ap_ctrl_hs|  einsum_dense<ap_fixed<8, 3, 5, 3, 0>, ap_fixed<13, 8, 4, 0, 0>, config43>|  return value|
|ap_return_76     |  out|   13|  ap_ctrl_hs|  einsum_dense<ap_fixed<8, 3, 5, 3, 0>, ap_fixed<13, 8, 4, 0, 0>, config43>|  return value|
|ap_return_77     |  out|   13|  ap_ctrl_hs|  einsum_dense<ap_fixed<8, 3, 5, 3, 0>, ap_fixed<13, 8, 4, 0, 0>, config43>|  return value|
|ap_return_78     |  out|   13|  ap_ctrl_hs|  einsum_dense<ap_fixed<8, 3, 5, 3, 0>, ap_fixed<13, 8, 4, 0, 0>, config43>|  return value|
|ap_return_79     |  out|   13|  ap_ctrl_hs|  einsum_dense<ap_fixed<8, 3, 5, 3, 0>, ap_fixed<13, 8, 4, 0, 0>, config43>|  return value|
|ap_return_80     |  out|   13|  ap_ctrl_hs|  einsum_dense<ap_fixed<8, 3, 5, 3, 0>, ap_fixed<13, 8, 4, 0, 0>, config43>|  return value|
|ap_return_81     |  out|   13|  ap_ctrl_hs|  einsum_dense<ap_fixed<8, 3, 5, 3, 0>, ap_fixed<13, 8, 4, 0, 0>, config43>|  return value|
|ap_return_82     |  out|   13|  ap_ctrl_hs|  einsum_dense<ap_fixed<8, 3, 5, 3, 0>, ap_fixed<13, 8, 4, 0, 0>, config43>|  return value|
|ap_return_83     |  out|   13|  ap_ctrl_hs|  einsum_dense<ap_fixed<8, 3, 5, 3, 0>, ap_fixed<13, 8, 4, 0, 0>, config43>|  return value|
|ap_return_84     |  out|   13|  ap_ctrl_hs|  einsum_dense<ap_fixed<8, 3, 5, 3, 0>, ap_fixed<13, 8, 4, 0, 0>, config43>|  return value|
|ap_return_85     |  out|   13|  ap_ctrl_hs|  einsum_dense<ap_fixed<8, 3, 5, 3, 0>, ap_fixed<13, 8, 4, 0, 0>, config43>|  return value|
|ap_return_86     |  out|   13|  ap_ctrl_hs|  einsum_dense<ap_fixed<8, 3, 5, 3, 0>, ap_fixed<13, 8, 4, 0, 0>, config43>|  return value|
|ap_return_87     |  out|   13|  ap_ctrl_hs|  einsum_dense<ap_fixed<8, 3, 5, 3, 0>, ap_fixed<13, 8, 4, 0, 0>, config43>|  return value|
|ap_return_88     |  out|   13|  ap_ctrl_hs|  einsum_dense<ap_fixed<8, 3, 5, 3, 0>, ap_fixed<13, 8, 4, 0, 0>, config43>|  return value|
|ap_return_89     |  out|   13|  ap_ctrl_hs|  einsum_dense<ap_fixed<8, 3, 5, 3, 0>, ap_fixed<13, 8, 4, 0, 0>, config43>|  return value|
|ap_return_90     |  out|   13|  ap_ctrl_hs|  einsum_dense<ap_fixed<8, 3, 5, 3, 0>, ap_fixed<13, 8, 4, 0, 0>, config43>|  return value|
|ap_return_91     |  out|   13|  ap_ctrl_hs|  einsum_dense<ap_fixed<8, 3, 5, 3, 0>, ap_fixed<13, 8, 4, 0, 0>, config43>|  return value|
|ap_return_92     |  out|   13|  ap_ctrl_hs|  einsum_dense<ap_fixed<8, 3, 5, 3, 0>, ap_fixed<13, 8, 4, 0, 0>, config43>|  return value|
|ap_return_93     |  out|   13|  ap_ctrl_hs|  einsum_dense<ap_fixed<8, 3, 5, 3, 0>, ap_fixed<13, 8, 4, 0, 0>, config43>|  return value|
|ap_return_94     |  out|   13|  ap_ctrl_hs|  einsum_dense<ap_fixed<8, 3, 5, 3, 0>, ap_fixed<13, 8, 4, 0, 0>, config43>|  return value|
|ap_return_95     |  out|   13|  ap_ctrl_hs|  einsum_dense<ap_fixed<8, 3, 5, 3, 0>, ap_fixed<13, 8, 4, 0, 0>, config43>|  return value|
|ap_return_96     |  out|   13|  ap_ctrl_hs|  einsum_dense<ap_fixed<8, 3, 5, 3, 0>, ap_fixed<13, 8, 4, 0, 0>, config43>|  return value|
|ap_return_97     |  out|   13|  ap_ctrl_hs|  einsum_dense<ap_fixed<8, 3, 5, 3, 0>, ap_fixed<13, 8, 4, 0, 0>, config43>|  return value|
|ap_return_98     |  out|   13|  ap_ctrl_hs|  einsum_dense<ap_fixed<8, 3, 5, 3, 0>, ap_fixed<13, 8, 4, 0, 0>, config43>|  return value|
|ap_return_99     |  out|   13|  ap_ctrl_hs|  einsum_dense<ap_fixed<8, 3, 5, 3, 0>, ap_fixed<13, 8, 4, 0, 0>, config43>|  return value|
|ap_return_100    |  out|   13|  ap_ctrl_hs|  einsum_dense<ap_fixed<8, 3, 5, 3, 0>, ap_fixed<13, 8, 4, 0, 0>, config43>|  return value|
|ap_return_101    |  out|   13|  ap_ctrl_hs|  einsum_dense<ap_fixed<8, 3, 5, 3, 0>, ap_fixed<13, 8, 4, 0, 0>, config43>|  return value|
|ap_return_102    |  out|   13|  ap_ctrl_hs|  einsum_dense<ap_fixed<8, 3, 5, 3, 0>, ap_fixed<13, 8, 4, 0, 0>, config43>|  return value|
|ap_return_103    |  out|   13|  ap_ctrl_hs|  einsum_dense<ap_fixed<8, 3, 5, 3, 0>, ap_fixed<13, 8, 4, 0, 0>, config43>|  return value|
|ap_return_104    |  out|   13|  ap_ctrl_hs|  einsum_dense<ap_fixed<8, 3, 5, 3, 0>, ap_fixed<13, 8, 4, 0, 0>, config43>|  return value|
|ap_return_105    |  out|   13|  ap_ctrl_hs|  einsum_dense<ap_fixed<8, 3, 5, 3, 0>, ap_fixed<13, 8, 4, 0, 0>, config43>|  return value|
|ap_return_106    |  out|   13|  ap_ctrl_hs|  einsum_dense<ap_fixed<8, 3, 5, 3, 0>, ap_fixed<13, 8, 4, 0, 0>, config43>|  return value|
|ap_return_107    |  out|   13|  ap_ctrl_hs|  einsum_dense<ap_fixed<8, 3, 5, 3, 0>, ap_fixed<13, 8, 4, 0, 0>, config43>|  return value|
|ap_return_108    |  out|   13|  ap_ctrl_hs|  einsum_dense<ap_fixed<8, 3, 5, 3, 0>, ap_fixed<13, 8, 4, 0, 0>, config43>|  return value|
|ap_return_109    |  out|   13|  ap_ctrl_hs|  einsum_dense<ap_fixed<8, 3, 5, 3, 0>, ap_fixed<13, 8, 4, 0, 0>, config43>|  return value|
|ap_return_110    |  out|   13|  ap_ctrl_hs|  einsum_dense<ap_fixed<8, 3, 5, 3, 0>, ap_fixed<13, 8, 4, 0, 0>, config43>|  return value|
|ap_return_111    |  out|   13|  ap_ctrl_hs|  einsum_dense<ap_fixed<8, 3, 5, 3, 0>, ap_fixed<13, 8, 4, 0, 0>, config43>|  return value|
|ap_return_112    |  out|   13|  ap_ctrl_hs|  einsum_dense<ap_fixed<8, 3, 5, 3, 0>, ap_fixed<13, 8, 4, 0, 0>, config43>|  return value|
|ap_return_113    |  out|   13|  ap_ctrl_hs|  einsum_dense<ap_fixed<8, 3, 5, 3, 0>, ap_fixed<13, 8, 4, 0, 0>, config43>|  return value|
|ap_return_114    |  out|   13|  ap_ctrl_hs|  einsum_dense<ap_fixed<8, 3, 5, 3, 0>, ap_fixed<13, 8, 4, 0, 0>, config43>|  return value|
|ap_return_115    |  out|   13|  ap_ctrl_hs|  einsum_dense<ap_fixed<8, 3, 5, 3, 0>, ap_fixed<13, 8, 4, 0, 0>, config43>|  return value|
|ap_return_116    |  out|   13|  ap_ctrl_hs|  einsum_dense<ap_fixed<8, 3, 5, 3, 0>, ap_fixed<13, 8, 4, 0, 0>, config43>|  return value|
|ap_return_117    |  out|   13|  ap_ctrl_hs|  einsum_dense<ap_fixed<8, 3, 5, 3, 0>, ap_fixed<13, 8, 4, 0, 0>, config43>|  return value|
|ap_return_118    |  out|   13|  ap_ctrl_hs|  einsum_dense<ap_fixed<8, 3, 5, 3, 0>, ap_fixed<13, 8, 4, 0, 0>, config43>|  return value|
|ap_return_119    |  out|   13|  ap_ctrl_hs|  einsum_dense<ap_fixed<8, 3, 5, 3, 0>, ap_fixed<13, 8, 4, 0, 0>, config43>|  return value|
|ap_return_120    |  out|   13|  ap_ctrl_hs|  einsum_dense<ap_fixed<8, 3, 5, 3, 0>, ap_fixed<13, 8, 4, 0, 0>, config43>|  return value|
|ap_return_121    |  out|   13|  ap_ctrl_hs|  einsum_dense<ap_fixed<8, 3, 5, 3, 0>, ap_fixed<13, 8, 4, 0, 0>, config43>|  return value|
|ap_return_122    |  out|   13|  ap_ctrl_hs|  einsum_dense<ap_fixed<8, 3, 5, 3, 0>, ap_fixed<13, 8, 4, 0, 0>, config43>|  return value|
|ap_return_123    |  out|   13|  ap_ctrl_hs|  einsum_dense<ap_fixed<8, 3, 5, 3, 0>, ap_fixed<13, 8, 4, 0, 0>, config43>|  return value|
|ap_return_124    |  out|   13|  ap_ctrl_hs|  einsum_dense<ap_fixed<8, 3, 5, 3, 0>, ap_fixed<13, 8, 4, 0, 0>, config43>|  return value|
|ap_return_125    |  out|   13|  ap_ctrl_hs|  einsum_dense<ap_fixed<8, 3, 5, 3, 0>, ap_fixed<13, 8, 4, 0, 0>, config43>|  return value|
|ap_return_126    |  out|   13|  ap_ctrl_hs|  einsum_dense<ap_fixed<8, 3, 5, 3, 0>, ap_fixed<13, 8, 4, 0, 0>, config43>|  return value|
|ap_return_127    |  out|   13|  ap_ctrl_hs|  einsum_dense<ap_fixed<8, 3, 5, 3, 0>, ap_fixed<13, 8, 4, 0, 0>, config43>|  return value|
|ap_return_128    |  out|   13|  ap_ctrl_hs|  einsum_dense<ap_fixed<8, 3, 5, 3, 0>, ap_fixed<13, 8, 4, 0, 0>, config43>|  return value|
|ap_return_129    |  out|   13|  ap_ctrl_hs|  einsum_dense<ap_fixed<8, 3, 5, 3, 0>, ap_fixed<13, 8, 4, 0, 0>, config43>|  return value|
|ap_return_130    |  out|   13|  ap_ctrl_hs|  einsum_dense<ap_fixed<8, 3, 5, 3, 0>, ap_fixed<13, 8, 4, 0, 0>, config43>|  return value|
|ap_return_131    |  out|   13|  ap_ctrl_hs|  einsum_dense<ap_fixed<8, 3, 5, 3, 0>, ap_fixed<13, 8, 4, 0, 0>, config43>|  return value|
|ap_return_132    |  out|   13|  ap_ctrl_hs|  einsum_dense<ap_fixed<8, 3, 5, 3, 0>, ap_fixed<13, 8, 4, 0, 0>, config43>|  return value|
|ap_return_133    |  out|   13|  ap_ctrl_hs|  einsum_dense<ap_fixed<8, 3, 5, 3, 0>, ap_fixed<13, 8, 4, 0, 0>, config43>|  return value|
|ap_return_134    |  out|   13|  ap_ctrl_hs|  einsum_dense<ap_fixed<8, 3, 5, 3, 0>, ap_fixed<13, 8, 4, 0, 0>, config43>|  return value|
|ap_return_135    |  out|   13|  ap_ctrl_hs|  einsum_dense<ap_fixed<8, 3, 5, 3, 0>, ap_fixed<13, 8, 4, 0, 0>, config43>|  return value|
|ap_return_136    |  out|   13|  ap_ctrl_hs|  einsum_dense<ap_fixed<8, 3, 5, 3, 0>, ap_fixed<13, 8, 4, 0, 0>, config43>|  return value|
|ap_return_137    |  out|   13|  ap_ctrl_hs|  einsum_dense<ap_fixed<8, 3, 5, 3, 0>, ap_fixed<13, 8, 4, 0, 0>, config43>|  return value|
|ap_return_138    |  out|   13|  ap_ctrl_hs|  einsum_dense<ap_fixed<8, 3, 5, 3, 0>, ap_fixed<13, 8, 4, 0, 0>, config43>|  return value|
|ap_return_139    |  out|   13|  ap_ctrl_hs|  einsum_dense<ap_fixed<8, 3, 5, 3, 0>, ap_fixed<13, 8, 4, 0, 0>, config43>|  return value|
|ap_return_140    |  out|   13|  ap_ctrl_hs|  einsum_dense<ap_fixed<8, 3, 5, 3, 0>, ap_fixed<13, 8, 4, 0, 0>, config43>|  return value|
|ap_return_141    |  out|   13|  ap_ctrl_hs|  einsum_dense<ap_fixed<8, 3, 5, 3, 0>, ap_fixed<13, 8, 4, 0, 0>, config43>|  return value|
|ap_return_142    |  out|   13|  ap_ctrl_hs|  einsum_dense<ap_fixed<8, 3, 5, 3, 0>, ap_fixed<13, 8, 4, 0, 0>, config43>|  return value|
|ap_return_143    |  out|   13|  ap_ctrl_hs|  einsum_dense<ap_fixed<8, 3, 5, 3, 0>, ap_fixed<13, 8, 4, 0, 0>, config43>|  return value|
|ap_return_144    |  out|   13|  ap_ctrl_hs|  einsum_dense<ap_fixed<8, 3, 5, 3, 0>, ap_fixed<13, 8, 4, 0, 0>, config43>|  return value|
|ap_return_145    |  out|   13|  ap_ctrl_hs|  einsum_dense<ap_fixed<8, 3, 5, 3, 0>, ap_fixed<13, 8, 4, 0, 0>, config43>|  return value|
|ap_return_146    |  out|   13|  ap_ctrl_hs|  einsum_dense<ap_fixed<8, 3, 5, 3, 0>, ap_fixed<13, 8, 4, 0, 0>, config43>|  return value|
|ap_return_147    |  out|   13|  ap_ctrl_hs|  einsum_dense<ap_fixed<8, 3, 5, 3, 0>, ap_fixed<13, 8, 4, 0, 0>, config43>|  return value|
|ap_return_148    |  out|   13|  ap_ctrl_hs|  einsum_dense<ap_fixed<8, 3, 5, 3, 0>, ap_fixed<13, 8, 4, 0, 0>, config43>|  return value|
|ap_return_149    |  out|   13|  ap_ctrl_hs|  einsum_dense<ap_fixed<8, 3, 5, 3, 0>, ap_fixed<13, 8, 4, 0, 0>, config43>|  return value|
|ap_return_150    |  out|   13|  ap_ctrl_hs|  einsum_dense<ap_fixed<8, 3, 5, 3, 0>, ap_fixed<13, 8, 4, 0, 0>, config43>|  return value|
|ap_return_151    |  out|   13|  ap_ctrl_hs|  einsum_dense<ap_fixed<8, 3, 5, 3, 0>, ap_fixed<13, 8, 4, 0, 0>, config43>|  return value|
|ap_return_152    |  out|   13|  ap_ctrl_hs|  einsum_dense<ap_fixed<8, 3, 5, 3, 0>, ap_fixed<13, 8, 4, 0, 0>, config43>|  return value|
|ap_return_153    |  out|   13|  ap_ctrl_hs|  einsum_dense<ap_fixed<8, 3, 5, 3, 0>, ap_fixed<13, 8, 4, 0, 0>, config43>|  return value|
|ap_return_154    |  out|   13|  ap_ctrl_hs|  einsum_dense<ap_fixed<8, 3, 5, 3, 0>, ap_fixed<13, 8, 4, 0, 0>, config43>|  return value|
|ap_return_155    |  out|   13|  ap_ctrl_hs|  einsum_dense<ap_fixed<8, 3, 5, 3, 0>, ap_fixed<13, 8, 4, 0, 0>, config43>|  return value|
|ap_return_156    |  out|   13|  ap_ctrl_hs|  einsum_dense<ap_fixed<8, 3, 5, 3, 0>, ap_fixed<13, 8, 4, 0, 0>, config43>|  return value|
|ap_return_157    |  out|   13|  ap_ctrl_hs|  einsum_dense<ap_fixed<8, 3, 5, 3, 0>, ap_fixed<13, 8, 4, 0, 0>, config43>|  return value|
|ap_return_158    |  out|   13|  ap_ctrl_hs|  einsum_dense<ap_fixed<8, 3, 5, 3, 0>, ap_fixed<13, 8, 4, 0, 0>, config43>|  return value|
|ap_return_159    |  out|   13|  ap_ctrl_hs|  einsum_dense<ap_fixed<8, 3, 5, 3, 0>, ap_fixed<13, 8, 4, 0, 0>, config43>|  return value|
|ap_return_160    |  out|   13|  ap_ctrl_hs|  einsum_dense<ap_fixed<8, 3, 5, 3, 0>, ap_fixed<13, 8, 4, 0, 0>, config43>|  return value|
|ap_return_161    |  out|   13|  ap_ctrl_hs|  einsum_dense<ap_fixed<8, 3, 5, 3, 0>, ap_fixed<13, 8, 4, 0, 0>, config43>|  return value|
|ap_return_162    |  out|   13|  ap_ctrl_hs|  einsum_dense<ap_fixed<8, 3, 5, 3, 0>, ap_fixed<13, 8, 4, 0, 0>, config43>|  return value|
|ap_return_163    |  out|   13|  ap_ctrl_hs|  einsum_dense<ap_fixed<8, 3, 5, 3, 0>, ap_fixed<13, 8, 4, 0, 0>, config43>|  return value|
|ap_return_164    |  out|   13|  ap_ctrl_hs|  einsum_dense<ap_fixed<8, 3, 5, 3, 0>, ap_fixed<13, 8, 4, 0, 0>, config43>|  return value|
|ap_return_165    |  out|   13|  ap_ctrl_hs|  einsum_dense<ap_fixed<8, 3, 5, 3, 0>, ap_fixed<13, 8, 4, 0, 0>, config43>|  return value|
|ap_return_166    |  out|   13|  ap_ctrl_hs|  einsum_dense<ap_fixed<8, 3, 5, 3, 0>, ap_fixed<13, 8, 4, 0, 0>, config43>|  return value|
|ap_return_167    |  out|   13|  ap_ctrl_hs|  einsum_dense<ap_fixed<8, 3, 5, 3, 0>, ap_fixed<13, 8, 4, 0, 0>, config43>|  return value|
|ap_return_168    |  out|   13|  ap_ctrl_hs|  einsum_dense<ap_fixed<8, 3, 5, 3, 0>, ap_fixed<13, 8, 4, 0, 0>, config43>|  return value|
|ap_return_169    |  out|   13|  ap_ctrl_hs|  einsum_dense<ap_fixed<8, 3, 5, 3, 0>, ap_fixed<13, 8, 4, 0, 0>, config43>|  return value|
|ap_return_170    |  out|   13|  ap_ctrl_hs|  einsum_dense<ap_fixed<8, 3, 5, 3, 0>, ap_fixed<13, 8, 4, 0, 0>, config43>|  return value|
|ap_return_171    |  out|   13|  ap_ctrl_hs|  einsum_dense<ap_fixed<8, 3, 5, 3, 0>, ap_fixed<13, 8, 4, 0, 0>, config43>|  return value|
|ap_return_172    |  out|   13|  ap_ctrl_hs|  einsum_dense<ap_fixed<8, 3, 5, 3, 0>, ap_fixed<13, 8, 4, 0, 0>, config43>|  return value|
|ap_return_173    |  out|   13|  ap_ctrl_hs|  einsum_dense<ap_fixed<8, 3, 5, 3, 0>, ap_fixed<13, 8, 4, 0, 0>, config43>|  return value|
|ap_return_174    |  out|   13|  ap_ctrl_hs|  einsum_dense<ap_fixed<8, 3, 5, 3, 0>, ap_fixed<13, 8, 4, 0, 0>, config43>|  return value|
|ap_return_175    |  out|   13|  ap_ctrl_hs|  einsum_dense<ap_fixed<8, 3, 5, 3, 0>, ap_fixed<13, 8, 4, 0, 0>, config43>|  return value|
|ap_return_176    |  out|   13|  ap_ctrl_hs|  einsum_dense<ap_fixed<8, 3, 5, 3, 0>, ap_fixed<13, 8, 4, 0, 0>, config43>|  return value|
|ap_return_177    |  out|   13|  ap_ctrl_hs|  einsum_dense<ap_fixed<8, 3, 5, 3, 0>, ap_fixed<13, 8, 4, 0, 0>, config43>|  return value|
|ap_return_178    |  out|   13|  ap_ctrl_hs|  einsum_dense<ap_fixed<8, 3, 5, 3, 0>, ap_fixed<13, 8, 4, 0, 0>, config43>|  return value|
|ap_return_179    |  out|   13|  ap_ctrl_hs|  einsum_dense<ap_fixed<8, 3, 5, 3, 0>, ap_fixed<13, 8, 4, 0, 0>, config43>|  return value|
|ap_return_180    |  out|   13|  ap_ctrl_hs|  einsum_dense<ap_fixed<8, 3, 5, 3, 0>, ap_fixed<13, 8, 4, 0, 0>, config43>|  return value|
|ap_return_181    |  out|   13|  ap_ctrl_hs|  einsum_dense<ap_fixed<8, 3, 5, 3, 0>, ap_fixed<13, 8, 4, 0, 0>, config43>|  return value|
|ap_return_182    |  out|   13|  ap_ctrl_hs|  einsum_dense<ap_fixed<8, 3, 5, 3, 0>, ap_fixed<13, 8, 4, 0, 0>, config43>|  return value|
|ap_return_183    |  out|   13|  ap_ctrl_hs|  einsum_dense<ap_fixed<8, 3, 5, 3, 0>, ap_fixed<13, 8, 4, 0, 0>, config43>|  return value|
|ap_return_184    |  out|   13|  ap_ctrl_hs|  einsum_dense<ap_fixed<8, 3, 5, 3, 0>, ap_fixed<13, 8, 4, 0, 0>, config43>|  return value|
|ap_return_185    |  out|   13|  ap_ctrl_hs|  einsum_dense<ap_fixed<8, 3, 5, 3, 0>, ap_fixed<13, 8, 4, 0, 0>, config43>|  return value|
|ap_return_186    |  out|   13|  ap_ctrl_hs|  einsum_dense<ap_fixed<8, 3, 5, 3, 0>, ap_fixed<13, 8, 4, 0, 0>, config43>|  return value|
|ap_return_187    |  out|   13|  ap_ctrl_hs|  einsum_dense<ap_fixed<8, 3, 5, 3, 0>, ap_fixed<13, 8, 4, 0, 0>, config43>|  return value|
|ap_return_188    |  out|   13|  ap_ctrl_hs|  einsum_dense<ap_fixed<8, 3, 5, 3, 0>, ap_fixed<13, 8, 4, 0, 0>, config43>|  return value|
|ap_return_189    |  out|   13|  ap_ctrl_hs|  einsum_dense<ap_fixed<8, 3, 5, 3, 0>, ap_fixed<13, 8, 4, 0, 0>, config43>|  return value|
|ap_return_190    |  out|   13|  ap_ctrl_hs|  einsum_dense<ap_fixed<8, 3, 5, 3, 0>, ap_fixed<13, 8, 4, 0, 0>, config43>|  return value|
|ap_return_191    |  out|   13|  ap_ctrl_hs|  einsum_dense<ap_fixed<8, 3, 5, 3, 0>, ap_fixed<13, 8, 4, 0, 0>, config43>|  return value|
|ap_return_192    |  out|   13|  ap_ctrl_hs|  einsum_dense<ap_fixed<8, 3, 5, 3, 0>, ap_fixed<13, 8, 4, 0, 0>, config43>|  return value|
|ap_return_193    |  out|   13|  ap_ctrl_hs|  einsum_dense<ap_fixed<8, 3, 5, 3, 0>, ap_fixed<13, 8, 4, 0, 0>, config43>|  return value|
|ap_return_194    |  out|   13|  ap_ctrl_hs|  einsum_dense<ap_fixed<8, 3, 5, 3, 0>, ap_fixed<13, 8, 4, 0, 0>, config43>|  return value|
|ap_return_195    |  out|   13|  ap_ctrl_hs|  einsum_dense<ap_fixed<8, 3, 5, 3, 0>, ap_fixed<13, 8, 4, 0, 0>, config43>|  return value|
|ap_return_196    |  out|   13|  ap_ctrl_hs|  einsum_dense<ap_fixed<8, 3, 5, 3, 0>, ap_fixed<13, 8, 4, 0, 0>, config43>|  return value|
|ap_return_197    |  out|   13|  ap_ctrl_hs|  einsum_dense<ap_fixed<8, 3, 5, 3, 0>, ap_fixed<13, 8, 4, 0, 0>, config43>|  return value|
|ap_return_198    |  out|   13|  ap_ctrl_hs|  einsum_dense<ap_fixed<8, 3, 5, 3, 0>, ap_fixed<13, 8, 4, 0, 0>, config43>|  return value|
|ap_return_199    |  out|   13|  ap_ctrl_hs|  einsum_dense<ap_fixed<8, 3, 5, 3, 0>, ap_fixed<13, 8, 4, 0, 0>, config43>|  return value|
|ap_return_200    |  out|   13|  ap_ctrl_hs|  einsum_dense<ap_fixed<8, 3, 5, 3, 0>, ap_fixed<13, 8, 4, 0, 0>, config43>|  return value|
|ap_return_201    |  out|   13|  ap_ctrl_hs|  einsum_dense<ap_fixed<8, 3, 5, 3, 0>, ap_fixed<13, 8, 4, 0, 0>, config43>|  return value|
|ap_return_202    |  out|   13|  ap_ctrl_hs|  einsum_dense<ap_fixed<8, 3, 5, 3, 0>, ap_fixed<13, 8, 4, 0, 0>, config43>|  return value|
|ap_return_203    |  out|   13|  ap_ctrl_hs|  einsum_dense<ap_fixed<8, 3, 5, 3, 0>, ap_fixed<13, 8, 4, 0, 0>, config43>|  return value|
|ap_return_204    |  out|   13|  ap_ctrl_hs|  einsum_dense<ap_fixed<8, 3, 5, 3, 0>, ap_fixed<13, 8, 4, 0, 0>, config43>|  return value|
|ap_return_205    |  out|   13|  ap_ctrl_hs|  einsum_dense<ap_fixed<8, 3, 5, 3, 0>, ap_fixed<13, 8, 4, 0, 0>, config43>|  return value|
|ap_return_206    |  out|   13|  ap_ctrl_hs|  einsum_dense<ap_fixed<8, 3, 5, 3, 0>, ap_fixed<13, 8, 4, 0, 0>, config43>|  return value|
|ap_return_207    |  out|   13|  ap_ctrl_hs|  einsum_dense<ap_fixed<8, 3, 5, 3, 0>, ap_fixed<13, 8, 4, 0, 0>, config43>|  return value|
|ap_return_208    |  out|   13|  ap_ctrl_hs|  einsum_dense<ap_fixed<8, 3, 5, 3, 0>, ap_fixed<13, 8, 4, 0, 0>, config43>|  return value|
|ap_return_209    |  out|   13|  ap_ctrl_hs|  einsum_dense<ap_fixed<8, 3, 5, 3, 0>, ap_fixed<13, 8, 4, 0, 0>, config43>|  return value|
|ap_return_210    |  out|   13|  ap_ctrl_hs|  einsum_dense<ap_fixed<8, 3, 5, 3, 0>, ap_fixed<13, 8, 4, 0, 0>, config43>|  return value|
|ap_return_211    |  out|   13|  ap_ctrl_hs|  einsum_dense<ap_fixed<8, 3, 5, 3, 0>, ap_fixed<13, 8, 4, 0, 0>, config43>|  return value|
|ap_return_212    |  out|   13|  ap_ctrl_hs|  einsum_dense<ap_fixed<8, 3, 5, 3, 0>, ap_fixed<13, 8, 4, 0, 0>, config43>|  return value|
|ap_return_213    |  out|   13|  ap_ctrl_hs|  einsum_dense<ap_fixed<8, 3, 5, 3, 0>, ap_fixed<13, 8, 4, 0, 0>, config43>|  return value|
|ap_return_214    |  out|   13|  ap_ctrl_hs|  einsum_dense<ap_fixed<8, 3, 5, 3, 0>, ap_fixed<13, 8, 4, 0, 0>, config43>|  return value|
|ap_return_215    |  out|   13|  ap_ctrl_hs|  einsum_dense<ap_fixed<8, 3, 5, 3, 0>, ap_fixed<13, 8, 4, 0, 0>, config43>|  return value|
|ap_return_216    |  out|   13|  ap_ctrl_hs|  einsum_dense<ap_fixed<8, 3, 5, 3, 0>, ap_fixed<13, 8, 4, 0, 0>, config43>|  return value|
|ap_return_217    |  out|   13|  ap_ctrl_hs|  einsum_dense<ap_fixed<8, 3, 5, 3, 0>, ap_fixed<13, 8, 4, 0, 0>, config43>|  return value|
|ap_return_218    |  out|   13|  ap_ctrl_hs|  einsum_dense<ap_fixed<8, 3, 5, 3, 0>, ap_fixed<13, 8, 4, 0, 0>, config43>|  return value|
|ap_return_219    |  out|   13|  ap_ctrl_hs|  einsum_dense<ap_fixed<8, 3, 5, 3, 0>, ap_fixed<13, 8, 4, 0, 0>, config43>|  return value|
|ap_return_220    |  out|   13|  ap_ctrl_hs|  einsum_dense<ap_fixed<8, 3, 5, 3, 0>, ap_fixed<13, 8, 4, 0, 0>, config43>|  return value|
|ap_return_221    |  out|   13|  ap_ctrl_hs|  einsum_dense<ap_fixed<8, 3, 5, 3, 0>, ap_fixed<13, 8, 4, 0, 0>, config43>|  return value|
|ap_return_222    |  out|   13|  ap_ctrl_hs|  einsum_dense<ap_fixed<8, 3, 5, 3, 0>, ap_fixed<13, 8, 4, 0, 0>, config43>|  return value|
|ap_return_223    |  out|   13|  ap_ctrl_hs|  einsum_dense<ap_fixed<8, 3, 5, 3, 0>, ap_fixed<13, 8, 4, 0, 0>, config43>|  return value|
|ap_return_224    |  out|   13|  ap_ctrl_hs|  einsum_dense<ap_fixed<8, 3, 5, 3, 0>, ap_fixed<13, 8, 4, 0, 0>, config43>|  return value|
|ap_return_225    |  out|   13|  ap_ctrl_hs|  einsum_dense<ap_fixed<8, 3, 5, 3, 0>, ap_fixed<13, 8, 4, 0, 0>, config43>|  return value|
|ap_return_226    |  out|   13|  ap_ctrl_hs|  einsum_dense<ap_fixed<8, 3, 5, 3, 0>, ap_fixed<13, 8, 4, 0, 0>, config43>|  return value|
|ap_return_227    |  out|   13|  ap_ctrl_hs|  einsum_dense<ap_fixed<8, 3, 5, 3, 0>, ap_fixed<13, 8, 4, 0, 0>, config43>|  return value|
|ap_return_228    |  out|   13|  ap_ctrl_hs|  einsum_dense<ap_fixed<8, 3, 5, 3, 0>, ap_fixed<13, 8, 4, 0, 0>, config43>|  return value|
|ap_return_229    |  out|   13|  ap_ctrl_hs|  einsum_dense<ap_fixed<8, 3, 5, 3, 0>, ap_fixed<13, 8, 4, 0, 0>, config43>|  return value|
|ap_return_230    |  out|   13|  ap_ctrl_hs|  einsum_dense<ap_fixed<8, 3, 5, 3, 0>, ap_fixed<13, 8, 4, 0, 0>, config43>|  return value|
|ap_return_231    |  out|   13|  ap_ctrl_hs|  einsum_dense<ap_fixed<8, 3, 5, 3, 0>, ap_fixed<13, 8, 4, 0, 0>, config43>|  return value|
|ap_return_232    |  out|   13|  ap_ctrl_hs|  einsum_dense<ap_fixed<8, 3, 5, 3, 0>, ap_fixed<13, 8, 4, 0, 0>, config43>|  return value|
|ap_return_233    |  out|   13|  ap_ctrl_hs|  einsum_dense<ap_fixed<8, 3, 5, 3, 0>, ap_fixed<13, 8, 4, 0, 0>, config43>|  return value|
|ap_return_234    |  out|   13|  ap_ctrl_hs|  einsum_dense<ap_fixed<8, 3, 5, 3, 0>, ap_fixed<13, 8, 4, 0, 0>, config43>|  return value|
|ap_return_235    |  out|   13|  ap_ctrl_hs|  einsum_dense<ap_fixed<8, 3, 5, 3, 0>, ap_fixed<13, 8, 4, 0, 0>, config43>|  return value|
|ap_return_236    |  out|   13|  ap_ctrl_hs|  einsum_dense<ap_fixed<8, 3, 5, 3, 0>, ap_fixed<13, 8, 4, 0, 0>, config43>|  return value|
|ap_return_237    |  out|   13|  ap_ctrl_hs|  einsum_dense<ap_fixed<8, 3, 5, 3, 0>, ap_fixed<13, 8, 4, 0, 0>, config43>|  return value|
|ap_return_238    |  out|   13|  ap_ctrl_hs|  einsum_dense<ap_fixed<8, 3, 5, 3, 0>, ap_fixed<13, 8, 4, 0, 0>, config43>|  return value|
|ap_return_239    |  out|   13|  ap_ctrl_hs|  einsum_dense<ap_fixed<8, 3, 5, 3, 0>, ap_fixed<13, 8, 4, 0, 0>, config43>|  return value|
|ap_return_240    |  out|   13|  ap_ctrl_hs|  einsum_dense<ap_fixed<8, 3, 5, 3, 0>, ap_fixed<13, 8, 4, 0, 0>, config43>|  return value|
|ap_return_241    |  out|   13|  ap_ctrl_hs|  einsum_dense<ap_fixed<8, 3, 5, 3, 0>, ap_fixed<13, 8, 4, 0, 0>, config43>|  return value|
|ap_return_242    |  out|   13|  ap_ctrl_hs|  einsum_dense<ap_fixed<8, 3, 5, 3, 0>, ap_fixed<13, 8, 4, 0, 0>, config43>|  return value|
|ap_return_243    |  out|   13|  ap_ctrl_hs|  einsum_dense<ap_fixed<8, 3, 5, 3, 0>, ap_fixed<13, 8, 4, 0, 0>, config43>|  return value|
|ap_return_244    |  out|   13|  ap_ctrl_hs|  einsum_dense<ap_fixed<8, 3, 5, 3, 0>, ap_fixed<13, 8, 4, 0, 0>, config43>|  return value|
|ap_return_245    |  out|   13|  ap_ctrl_hs|  einsum_dense<ap_fixed<8, 3, 5, 3, 0>, ap_fixed<13, 8, 4, 0, 0>, config43>|  return value|
|ap_return_246    |  out|   13|  ap_ctrl_hs|  einsum_dense<ap_fixed<8, 3, 5, 3, 0>, ap_fixed<13, 8, 4, 0, 0>, config43>|  return value|
|ap_return_247    |  out|   13|  ap_ctrl_hs|  einsum_dense<ap_fixed<8, 3, 5, 3, 0>, ap_fixed<13, 8, 4, 0, 0>, config43>|  return value|
|ap_return_248    |  out|   13|  ap_ctrl_hs|  einsum_dense<ap_fixed<8, 3, 5, 3, 0>, ap_fixed<13, 8, 4, 0, 0>, config43>|  return value|
|ap_return_249    |  out|   13|  ap_ctrl_hs|  einsum_dense<ap_fixed<8, 3, 5, 3, 0>, ap_fixed<13, 8, 4, 0, 0>, config43>|  return value|
|ap_return_250    |  out|   13|  ap_ctrl_hs|  einsum_dense<ap_fixed<8, 3, 5, 3, 0>, ap_fixed<13, 8, 4, 0, 0>, config43>|  return value|
|ap_return_251    |  out|   13|  ap_ctrl_hs|  einsum_dense<ap_fixed<8, 3, 5, 3, 0>, ap_fixed<13, 8, 4, 0, 0>, config43>|  return value|
|ap_return_252    |  out|   13|  ap_ctrl_hs|  einsum_dense<ap_fixed<8, 3, 5, 3, 0>, ap_fixed<13, 8, 4, 0, 0>, config43>|  return value|
|ap_return_253    |  out|   13|  ap_ctrl_hs|  einsum_dense<ap_fixed<8, 3, 5, 3, 0>, ap_fixed<13, 8, 4, 0, 0>, config43>|  return value|
|ap_return_254    |  out|   13|  ap_ctrl_hs|  einsum_dense<ap_fixed<8, 3, 5, 3, 0>, ap_fixed<13, 8, 4, 0, 0>, config43>|  return value|
|ap_return_255    |  out|   13|  ap_ctrl_hs|  einsum_dense<ap_fixed<8, 3, 5, 3, 0>, ap_fixed<13, 8, 4, 0, 0>, config43>|  return value|
|ap_return_256    |  out|   13|  ap_ctrl_hs|  einsum_dense<ap_fixed<8, 3, 5, 3, 0>, ap_fixed<13, 8, 4, 0, 0>, config43>|  return value|
|ap_return_257    |  out|   13|  ap_ctrl_hs|  einsum_dense<ap_fixed<8, 3, 5, 3, 0>, ap_fixed<13, 8, 4, 0, 0>, config43>|  return value|
|ap_return_258    |  out|   13|  ap_ctrl_hs|  einsum_dense<ap_fixed<8, 3, 5, 3, 0>, ap_fixed<13, 8, 4, 0, 0>, config43>|  return value|
|ap_return_259    |  out|   13|  ap_ctrl_hs|  einsum_dense<ap_fixed<8, 3, 5, 3, 0>, ap_fixed<13, 8, 4, 0, 0>, config43>|  return value|
|ap_return_260    |  out|   13|  ap_ctrl_hs|  einsum_dense<ap_fixed<8, 3, 5, 3, 0>, ap_fixed<13, 8, 4, 0, 0>, config43>|  return value|
|ap_return_261    |  out|   13|  ap_ctrl_hs|  einsum_dense<ap_fixed<8, 3, 5, 3, 0>, ap_fixed<13, 8, 4, 0, 0>, config43>|  return value|
|ap_return_262    |  out|   13|  ap_ctrl_hs|  einsum_dense<ap_fixed<8, 3, 5, 3, 0>, ap_fixed<13, 8, 4, 0, 0>, config43>|  return value|
|ap_return_263    |  out|   13|  ap_ctrl_hs|  einsum_dense<ap_fixed<8, 3, 5, 3, 0>, ap_fixed<13, 8, 4, 0, 0>, config43>|  return value|
|ap_return_264    |  out|   13|  ap_ctrl_hs|  einsum_dense<ap_fixed<8, 3, 5, 3, 0>, ap_fixed<13, 8, 4, 0, 0>, config43>|  return value|
|ap_return_265    |  out|   13|  ap_ctrl_hs|  einsum_dense<ap_fixed<8, 3, 5, 3, 0>, ap_fixed<13, 8, 4, 0, 0>, config43>|  return value|
|ap_return_266    |  out|   13|  ap_ctrl_hs|  einsum_dense<ap_fixed<8, 3, 5, 3, 0>, ap_fixed<13, 8, 4, 0, 0>, config43>|  return value|
|ap_return_267    |  out|   13|  ap_ctrl_hs|  einsum_dense<ap_fixed<8, 3, 5, 3, 0>, ap_fixed<13, 8, 4, 0, 0>, config43>|  return value|
|ap_return_268    |  out|   13|  ap_ctrl_hs|  einsum_dense<ap_fixed<8, 3, 5, 3, 0>, ap_fixed<13, 8, 4, 0, 0>, config43>|  return value|
|ap_return_269    |  out|   13|  ap_ctrl_hs|  einsum_dense<ap_fixed<8, 3, 5, 3, 0>, ap_fixed<13, 8, 4, 0, 0>, config43>|  return value|
|ap_return_270    |  out|   13|  ap_ctrl_hs|  einsum_dense<ap_fixed<8, 3, 5, 3, 0>, ap_fixed<13, 8, 4, 0, 0>, config43>|  return value|
|ap_return_271    |  out|   13|  ap_ctrl_hs|  einsum_dense<ap_fixed<8, 3, 5, 3, 0>, ap_fixed<13, 8, 4, 0, 0>, config43>|  return value|
|ap_return_272    |  out|   13|  ap_ctrl_hs|  einsum_dense<ap_fixed<8, 3, 5, 3, 0>, ap_fixed<13, 8, 4, 0, 0>, config43>|  return value|
|ap_return_273    |  out|   13|  ap_ctrl_hs|  einsum_dense<ap_fixed<8, 3, 5, 3, 0>, ap_fixed<13, 8, 4, 0, 0>, config43>|  return value|
|ap_return_274    |  out|   13|  ap_ctrl_hs|  einsum_dense<ap_fixed<8, 3, 5, 3, 0>, ap_fixed<13, 8, 4, 0, 0>, config43>|  return value|
|ap_return_275    |  out|   13|  ap_ctrl_hs|  einsum_dense<ap_fixed<8, 3, 5, 3, 0>, ap_fixed<13, 8, 4, 0, 0>, config43>|  return value|
|ap_return_276    |  out|   13|  ap_ctrl_hs|  einsum_dense<ap_fixed<8, 3, 5, 3, 0>, ap_fixed<13, 8, 4, 0, 0>, config43>|  return value|
|ap_return_277    |  out|   13|  ap_ctrl_hs|  einsum_dense<ap_fixed<8, 3, 5, 3, 0>, ap_fixed<13, 8, 4, 0, 0>, config43>|  return value|
|ap_return_278    |  out|   13|  ap_ctrl_hs|  einsum_dense<ap_fixed<8, 3, 5, 3, 0>, ap_fixed<13, 8, 4, 0, 0>, config43>|  return value|
|ap_return_279    |  out|   13|  ap_ctrl_hs|  einsum_dense<ap_fixed<8, 3, 5, 3, 0>, ap_fixed<13, 8, 4, 0, 0>, config43>|  return value|
|ap_return_280    |  out|   13|  ap_ctrl_hs|  einsum_dense<ap_fixed<8, 3, 5, 3, 0>, ap_fixed<13, 8, 4, 0, 0>, config43>|  return value|
|ap_return_281    |  out|   13|  ap_ctrl_hs|  einsum_dense<ap_fixed<8, 3, 5, 3, 0>, ap_fixed<13, 8, 4, 0, 0>, config43>|  return value|
|ap_return_282    |  out|   13|  ap_ctrl_hs|  einsum_dense<ap_fixed<8, 3, 5, 3, 0>, ap_fixed<13, 8, 4, 0, 0>, config43>|  return value|
|ap_return_283    |  out|   13|  ap_ctrl_hs|  einsum_dense<ap_fixed<8, 3, 5, 3, 0>, ap_fixed<13, 8, 4, 0, 0>, config43>|  return value|
|ap_return_284    |  out|   13|  ap_ctrl_hs|  einsum_dense<ap_fixed<8, 3, 5, 3, 0>, ap_fixed<13, 8, 4, 0, 0>, config43>|  return value|
|ap_return_285    |  out|   13|  ap_ctrl_hs|  einsum_dense<ap_fixed<8, 3, 5, 3, 0>, ap_fixed<13, 8, 4, 0, 0>, config43>|  return value|
|ap_return_286    |  out|   13|  ap_ctrl_hs|  einsum_dense<ap_fixed<8, 3, 5, 3, 0>, ap_fixed<13, 8, 4, 0, 0>, config43>|  return value|
|ap_return_287    |  out|   13|  ap_ctrl_hs|  einsum_dense<ap_fixed<8, 3, 5, 3, 0>, ap_fixed<13, 8, 4, 0, 0>, config43>|  return value|
|ap_return_288    |  out|   13|  ap_ctrl_hs|  einsum_dense<ap_fixed<8, 3, 5, 3, 0>, ap_fixed<13, 8, 4, 0, 0>, config43>|  return value|
|ap_return_289    |  out|   13|  ap_ctrl_hs|  einsum_dense<ap_fixed<8, 3, 5, 3, 0>, ap_fixed<13, 8, 4, 0, 0>, config43>|  return value|
|ap_return_290    |  out|   13|  ap_ctrl_hs|  einsum_dense<ap_fixed<8, 3, 5, 3, 0>, ap_fixed<13, 8, 4, 0, 0>, config43>|  return value|
|ap_return_291    |  out|   13|  ap_ctrl_hs|  einsum_dense<ap_fixed<8, 3, 5, 3, 0>, ap_fixed<13, 8, 4, 0, 0>, config43>|  return value|
|ap_return_292    |  out|   13|  ap_ctrl_hs|  einsum_dense<ap_fixed<8, 3, 5, 3, 0>, ap_fixed<13, 8, 4, 0, 0>, config43>|  return value|
|ap_return_293    |  out|   13|  ap_ctrl_hs|  einsum_dense<ap_fixed<8, 3, 5, 3, 0>, ap_fixed<13, 8, 4, 0, 0>, config43>|  return value|
|ap_return_294    |  out|   13|  ap_ctrl_hs|  einsum_dense<ap_fixed<8, 3, 5, 3, 0>, ap_fixed<13, 8, 4, 0, 0>, config43>|  return value|
|ap_return_295    |  out|   13|  ap_ctrl_hs|  einsum_dense<ap_fixed<8, 3, 5, 3, 0>, ap_fixed<13, 8, 4, 0, 0>, config43>|  return value|
|ap_return_296    |  out|   13|  ap_ctrl_hs|  einsum_dense<ap_fixed<8, 3, 5, 3, 0>, ap_fixed<13, 8, 4, 0, 0>, config43>|  return value|
|ap_return_297    |  out|   13|  ap_ctrl_hs|  einsum_dense<ap_fixed<8, 3, 5, 3, 0>, ap_fixed<13, 8, 4, 0, 0>, config43>|  return value|
|ap_return_298    |  out|   13|  ap_ctrl_hs|  einsum_dense<ap_fixed<8, 3, 5, 3, 0>, ap_fixed<13, 8, 4, 0, 0>, config43>|  return value|
|ap_return_299    |  out|   13|  ap_ctrl_hs|  einsum_dense<ap_fixed<8, 3, 5, 3, 0>, ap_fixed<13, 8, 4, 0, 0>, config43>|  return value|
|ap_return_300    |  out|   13|  ap_ctrl_hs|  einsum_dense<ap_fixed<8, 3, 5, 3, 0>, ap_fixed<13, 8, 4, 0, 0>, config43>|  return value|
|ap_return_301    |  out|   13|  ap_ctrl_hs|  einsum_dense<ap_fixed<8, 3, 5, 3, 0>, ap_fixed<13, 8, 4, 0, 0>, config43>|  return value|
|ap_return_302    |  out|   13|  ap_ctrl_hs|  einsum_dense<ap_fixed<8, 3, 5, 3, 0>, ap_fixed<13, 8, 4, 0, 0>, config43>|  return value|
|ap_return_303    |  out|   13|  ap_ctrl_hs|  einsum_dense<ap_fixed<8, 3, 5, 3, 0>, ap_fixed<13, 8, 4, 0, 0>, config43>|  return value|
|ap_return_304    |  out|   13|  ap_ctrl_hs|  einsum_dense<ap_fixed<8, 3, 5, 3, 0>, ap_fixed<13, 8, 4, 0, 0>, config43>|  return value|
|ap_return_305    |  out|   13|  ap_ctrl_hs|  einsum_dense<ap_fixed<8, 3, 5, 3, 0>, ap_fixed<13, 8, 4, 0, 0>, config43>|  return value|
|ap_return_306    |  out|   13|  ap_ctrl_hs|  einsum_dense<ap_fixed<8, 3, 5, 3, 0>, ap_fixed<13, 8, 4, 0, 0>, config43>|  return value|
|ap_return_307    |  out|   13|  ap_ctrl_hs|  einsum_dense<ap_fixed<8, 3, 5, 3, 0>, ap_fixed<13, 8, 4, 0, 0>, config43>|  return value|
|ap_return_308    |  out|   13|  ap_ctrl_hs|  einsum_dense<ap_fixed<8, 3, 5, 3, 0>, ap_fixed<13, 8, 4, 0, 0>, config43>|  return value|
|ap_return_309    |  out|   13|  ap_ctrl_hs|  einsum_dense<ap_fixed<8, 3, 5, 3, 0>, ap_fixed<13, 8, 4, 0, 0>, config43>|  return value|
|ap_return_310    |  out|   13|  ap_ctrl_hs|  einsum_dense<ap_fixed<8, 3, 5, 3, 0>, ap_fixed<13, 8, 4, 0, 0>, config43>|  return value|
|ap_return_311    |  out|   13|  ap_ctrl_hs|  einsum_dense<ap_fixed<8, 3, 5, 3, 0>, ap_fixed<13, 8, 4, 0, 0>, config43>|  return value|
|ap_return_312    |  out|   13|  ap_ctrl_hs|  einsum_dense<ap_fixed<8, 3, 5, 3, 0>, ap_fixed<13, 8, 4, 0, 0>, config43>|  return value|
|ap_return_313    |  out|   13|  ap_ctrl_hs|  einsum_dense<ap_fixed<8, 3, 5, 3, 0>, ap_fixed<13, 8, 4, 0, 0>, config43>|  return value|
|ap_return_314    |  out|   13|  ap_ctrl_hs|  einsum_dense<ap_fixed<8, 3, 5, 3, 0>, ap_fixed<13, 8, 4, 0, 0>, config43>|  return value|
|ap_return_315    |  out|   13|  ap_ctrl_hs|  einsum_dense<ap_fixed<8, 3, 5, 3, 0>, ap_fixed<13, 8, 4, 0, 0>, config43>|  return value|
|ap_return_316    |  out|   13|  ap_ctrl_hs|  einsum_dense<ap_fixed<8, 3, 5, 3, 0>, ap_fixed<13, 8, 4, 0, 0>, config43>|  return value|
|ap_return_317    |  out|   13|  ap_ctrl_hs|  einsum_dense<ap_fixed<8, 3, 5, 3, 0>, ap_fixed<13, 8, 4, 0, 0>, config43>|  return value|
|ap_return_318    |  out|   13|  ap_ctrl_hs|  einsum_dense<ap_fixed<8, 3, 5, 3, 0>, ap_fixed<13, 8, 4, 0, 0>, config43>|  return value|
|ap_return_319    |  out|   13|  ap_ctrl_hs|  einsum_dense<ap_fixed<8, 3, 5, 3, 0>, ap_fixed<13, 8, 4, 0, 0>, config43>|  return value|
|ap_return_320    |  out|   13|  ap_ctrl_hs|  einsum_dense<ap_fixed<8, 3, 5, 3, 0>, ap_fixed<13, 8, 4, 0, 0>, config43>|  return value|
|ap_return_321    |  out|   13|  ap_ctrl_hs|  einsum_dense<ap_fixed<8, 3, 5, 3, 0>, ap_fixed<13, 8, 4, 0, 0>, config43>|  return value|
|ap_return_322    |  out|   13|  ap_ctrl_hs|  einsum_dense<ap_fixed<8, 3, 5, 3, 0>, ap_fixed<13, 8, 4, 0, 0>, config43>|  return value|
|ap_return_323    |  out|   13|  ap_ctrl_hs|  einsum_dense<ap_fixed<8, 3, 5, 3, 0>, ap_fixed<13, 8, 4, 0, 0>, config43>|  return value|
|ap_return_324    |  out|   13|  ap_ctrl_hs|  einsum_dense<ap_fixed<8, 3, 5, 3, 0>, ap_fixed<13, 8, 4, 0, 0>, config43>|  return value|
|ap_return_325    |  out|   13|  ap_ctrl_hs|  einsum_dense<ap_fixed<8, 3, 5, 3, 0>, ap_fixed<13, 8, 4, 0, 0>, config43>|  return value|
|ap_return_326    |  out|   13|  ap_ctrl_hs|  einsum_dense<ap_fixed<8, 3, 5, 3, 0>, ap_fixed<13, 8, 4, 0, 0>, config43>|  return value|
|ap_return_327    |  out|   13|  ap_ctrl_hs|  einsum_dense<ap_fixed<8, 3, 5, 3, 0>, ap_fixed<13, 8, 4, 0, 0>, config43>|  return value|
|ap_return_328    |  out|   13|  ap_ctrl_hs|  einsum_dense<ap_fixed<8, 3, 5, 3, 0>, ap_fixed<13, 8, 4, 0, 0>, config43>|  return value|
|ap_return_329    |  out|   13|  ap_ctrl_hs|  einsum_dense<ap_fixed<8, 3, 5, 3, 0>, ap_fixed<13, 8, 4, 0, 0>, config43>|  return value|
|ap_return_330    |  out|   13|  ap_ctrl_hs|  einsum_dense<ap_fixed<8, 3, 5, 3, 0>, ap_fixed<13, 8, 4, 0, 0>, config43>|  return value|
|ap_return_331    |  out|   13|  ap_ctrl_hs|  einsum_dense<ap_fixed<8, 3, 5, 3, 0>, ap_fixed<13, 8, 4, 0, 0>, config43>|  return value|
|ap_return_332    |  out|   13|  ap_ctrl_hs|  einsum_dense<ap_fixed<8, 3, 5, 3, 0>, ap_fixed<13, 8, 4, 0, 0>, config43>|  return value|
|ap_return_333    |  out|   13|  ap_ctrl_hs|  einsum_dense<ap_fixed<8, 3, 5, 3, 0>, ap_fixed<13, 8, 4, 0, 0>, config43>|  return value|
|ap_return_334    |  out|   13|  ap_ctrl_hs|  einsum_dense<ap_fixed<8, 3, 5, 3, 0>, ap_fixed<13, 8, 4, 0, 0>, config43>|  return value|
|ap_return_335    |  out|   13|  ap_ctrl_hs|  einsum_dense<ap_fixed<8, 3, 5, 3, 0>, ap_fixed<13, 8, 4, 0, 0>, config43>|  return value|
|ap_return_336    |  out|   13|  ap_ctrl_hs|  einsum_dense<ap_fixed<8, 3, 5, 3, 0>, ap_fixed<13, 8, 4, 0, 0>, config43>|  return value|
|ap_return_337    |  out|   13|  ap_ctrl_hs|  einsum_dense<ap_fixed<8, 3, 5, 3, 0>, ap_fixed<13, 8, 4, 0, 0>, config43>|  return value|
|ap_return_338    |  out|   13|  ap_ctrl_hs|  einsum_dense<ap_fixed<8, 3, 5, 3, 0>, ap_fixed<13, 8, 4, 0, 0>, config43>|  return value|
|ap_return_339    |  out|   13|  ap_ctrl_hs|  einsum_dense<ap_fixed<8, 3, 5, 3, 0>, ap_fixed<13, 8, 4, 0, 0>, config43>|  return value|
|ap_return_340    |  out|   13|  ap_ctrl_hs|  einsum_dense<ap_fixed<8, 3, 5, 3, 0>, ap_fixed<13, 8, 4, 0, 0>, config43>|  return value|
|ap_return_341    |  out|   13|  ap_ctrl_hs|  einsum_dense<ap_fixed<8, 3, 5, 3, 0>, ap_fixed<13, 8, 4, 0, 0>, config43>|  return value|
|ap_return_342    |  out|   13|  ap_ctrl_hs|  einsum_dense<ap_fixed<8, 3, 5, 3, 0>, ap_fixed<13, 8, 4, 0, 0>, config43>|  return value|
|ap_return_343    |  out|   13|  ap_ctrl_hs|  einsum_dense<ap_fixed<8, 3, 5, 3, 0>, ap_fixed<13, 8, 4, 0, 0>, config43>|  return value|
|ap_return_344    |  out|   13|  ap_ctrl_hs|  einsum_dense<ap_fixed<8, 3, 5, 3, 0>, ap_fixed<13, 8, 4, 0, 0>, config43>|  return value|
|ap_return_345    |  out|   13|  ap_ctrl_hs|  einsum_dense<ap_fixed<8, 3, 5, 3, 0>, ap_fixed<13, 8, 4, 0, 0>, config43>|  return value|
|ap_return_346    |  out|   13|  ap_ctrl_hs|  einsum_dense<ap_fixed<8, 3, 5, 3, 0>, ap_fixed<13, 8, 4, 0, 0>, config43>|  return value|
|ap_return_347    |  out|   13|  ap_ctrl_hs|  einsum_dense<ap_fixed<8, 3, 5, 3, 0>, ap_fixed<13, 8, 4, 0, 0>, config43>|  return value|
|ap_return_348    |  out|   13|  ap_ctrl_hs|  einsum_dense<ap_fixed<8, 3, 5, 3, 0>, ap_fixed<13, 8, 4, 0, 0>, config43>|  return value|
|ap_return_349    |  out|   13|  ap_ctrl_hs|  einsum_dense<ap_fixed<8, 3, 5, 3, 0>, ap_fixed<13, 8, 4, 0, 0>, config43>|  return value|
|ap_return_350    |  out|   13|  ap_ctrl_hs|  einsum_dense<ap_fixed<8, 3, 5, 3, 0>, ap_fixed<13, 8, 4, 0, 0>, config43>|  return value|
|ap_return_351    |  out|   13|  ap_ctrl_hs|  einsum_dense<ap_fixed<8, 3, 5, 3, 0>, ap_fixed<13, 8, 4, 0, 0>, config43>|  return value|
|ap_return_352    |  out|   13|  ap_ctrl_hs|  einsum_dense<ap_fixed<8, 3, 5, 3, 0>, ap_fixed<13, 8, 4, 0, 0>, config43>|  return value|
|ap_return_353    |  out|   13|  ap_ctrl_hs|  einsum_dense<ap_fixed<8, 3, 5, 3, 0>, ap_fixed<13, 8, 4, 0, 0>, config43>|  return value|
|ap_return_354    |  out|   13|  ap_ctrl_hs|  einsum_dense<ap_fixed<8, 3, 5, 3, 0>, ap_fixed<13, 8, 4, 0, 0>, config43>|  return value|
|ap_return_355    |  out|   13|  ap_ctrl_hs|  einsum_dense<ap_fixed<8, 3, 5, 3, 0>, ap_fixed<13, 8, 4, 0, 0>, config43>|  return value|
|ap_return_356    |  out|   13|  ap_ctrl_hs|  einsum_dense<ap_fixed<8, 3, 5, 3, 0>, ap_fixed<13, 8, 4, 0, 0>, config43>|  return value|
|ap_return_357    |  out|   13|  ap_ctrl_hs|  einsum_dense<ap_fixed<8, 3, 5, 3, 0>, ap_fixed<13, 8, 4, 0, 0>, config43>|  return value|
|ap_return_358    |  out|   13|  ap_ctrl_hs|  einsum_dense<ap_fixed<8, 3, 5, 3, 0>, ap_fixed<13, 8, 4, 0, 0>, config43>|  return value|
|ap_return_359    |  out|   13|  ap_ctrl_hs|  einsum_dense<ap_fixed<8, 3, 5, 3, 0>, ap_fixed<13, 8, 4, 0, 0>, config43>|  return value|
|ap_return_360    |  out|   13|  ap_ctrl_hs|  einsum_dense<ap_fixed<8, 3, 5, 3, 0>, ap_fixed<13, 8, 4, 0, 0>, config43>|  return value|
|ap_return_361    |  out|   13|  ap_ctrl_hs|  einsum_dense<ap_fixed<8, 3, 5, 3, 0>, ap_fixed<13, 8, 4, 0, 0>, config43>|  return value|
|ap_return_362    |  out|   13|  ap_ctrl_hs|  einsum_dense<ap_fixed<8, 3, 5, 3, 0>, ap_fixed<13, 8, 4, 0, 0>, config43>|  return value|
|ap_return_363    |  out|   13|  ap_ctrl_hs|  einsum_dense<ap_fixed<8, 3, 5, 3, 0>, ap_fixed<13, 8, 4, 0, 0>, config43>|  return value|
|ap_return_364    |  out|   13|  ap_ctrl_hs|  einsum_dense<ap_fixed<8, 3, 5, 3, 0>, ap_fixed<13, 8, 4, 0, 0>, config43>|  return value|
|ap_return_365    |  out|   13|  ap_ctrl_hs|  einsum_dense<ap_fixed<8, 3, 5, 3, 0>, ap_fixed<13, 8, 4, 0, 0>, config43>|  return value|
|ap_return_366    |  out|   13|  ap_ctrl_hs|  einsum_dense<ap_fixed<8, 3, 5, 3, 0>, ap_fixed<13, 8, 4, 0, 0>, config43>|  return value|
|ap_return_367    |  out|   13|  ap_ctrl_hs|  einsum_dense<ap_fixed<8, 3, 5, 3, 0>, ap_fixed<13, 8, 4, 0, 0>, config43>|  return value|
|ap_return_368    |  out|   13|  ap_ctrl_hs|  einsum_dense<ap_fixed<8, 3, 5, 3, 0>, ap_fixed<13, 8, 4, 0, 0>, config43>|  return value|
|ap_return_369    |  out|   13|  ap_ctrl_hs|  einsum_dense<ap_fixed<8, 3, 5, 3, 0>, ap_fixed<13, 8, 4, 0, 0>, config43>|  return value|
|ap_return_370    |  out|   13|  ap_ctrl_hs|  einsum_dense<ap_fixed<8, 3, 5, 3, 0>, ap_fixed<13, 8, 4, 0, 0>, config43>|  return value|
|ap_return_371    |  out|   13|  ap_ctrl_hs|  einsum_dense<ap_fixed<8, 3, 5, 3, 0>, ap_fixed<13, 8, 4, 0, 0>, config43>|  return value|
|ap_return_372    |  out|   13|  ap_ctrl_hs|  einsum_dense<ap_fixed<8, 3, 5, 3, 0>, ap_fixed<13, 8, 4, 0, 0>, config43>|  return value|
|ap_return_373    |  out|   13|  ap_ctrl_hs|  einsum_dense<ap_fixed<8, 3, 5, 3, 0>, ap_fixed<13, 8, 4, 0, 0>, config43>|  return value|
|ap_return_374    |  out|   13|  ap_ctrl_hs|  einsum_dense<ap_fixed<8, 3, 5, 3, 0>, ap_fixed<13, 8, 4, 0, 0>, config43>|  return value|
|ap_return_375    |  out|   13|  ap_ctrl_hs|  einsum_dense<ap_fixed<8, 3, 5, 3, 0>, ap_fixed<13, 8, 4, 0, 0>, config43>|  return value|
|ap_return_376    |  out|   13|  ap_ctrl_hs|  einsum_dense<ap_fixed<8, 3, 5, 3, 0>, ap_fixed<13, 8, 4, 0, 0>, config43>|  return value|
|ap_return_377    |  out|   13|  ap_ctrl_hs|  einsum_dense<ap_fixed<8, 3, 5, 3, 0>, ap_fixed<13, 8, 4, 0, 0>, config43>|  return value|
|ap_return_378    |  out|   13|  ap_ctrl_hs|  einsum_dense<ap_fixed<8, 3, 5, 3, 0>, ap_fixed<13, 8, 4, 0, 0>, config43>|  return value|
|ap_return_379    |  out|   13|  ap_ctrl_hs|  einsum_dense<ap_fixed<8, 3, 5, 3, 0>, ap_fixed<13, 8, 4, 0, 0>, config43>|  return value|
|ap_return_380    |  out|   13|  ap_ctrl_hs|  einsum_dense<ap_fixed<8, 3, 5, 3, 0>, ap_fixed<13, 8, 4, 0, 0>, config43>|  return value|
|ap_return_381    |  out|   13|  ap_ctrl_hs|  einsum_dense<ap_fixed<8, 3, 5, 3, 0>, ap_fixed<13, 8, 4, 0, 0>, config43>|  return value|
|ap_return_382    |  out|   13|  ap_ctrl_hs|  einsum_dense<ap_fixed<8, 3, 5, 3, 0>, ap_fixed<13, 8, 4, 0, 0>, config43>|  return value|
|ap_return_383    |  out|   13|  ap_ctrl_hs|  einsum_dense<ap_fixed<8, 3, 5, 3, 0>, ap_fixed<13, 8, 4, 0, 0>, config43>|  return value|
|ap_return_384    |  out|   13|  ap_ctrl_hs|  einsum_dense<ap_fixed<8, 3, 5, 3, 0>, ap_fixed<13, 8, 4, 0, 0>, config43>|  return value|
|ap_return_385    |  out|   13|  ap_ctrl_hs|  einsum_dense<ap_fixed<8, 3, 5, 3, 0>, ap_fixed<13, 8, 4, 0, 0>, config43>|  return value|
|ap_return_386    |  out|   13|  ap_ctrl_hs|  einsum_dense<ap_fixed<8, 3, 5, 3, 0>, ap_fixed<13, 8, 4, 0, 0>, config43>|  return value|
|ap_return_387    |  out|   13|  ap_ctrl_hs|  einsum_dense<ap_fixed<8, 3, 5, 3, 0>, ap_fixed<13, 8, 4, 0, 0>, config43>|  return value|
|ap_return_388    |  out|   13|  ap_ctrl_hs|  einsum_dense<ap_fixed<8, 3, 5, 3, 0>, ap_fixed<13, 8, 4, 0, 0>, config43>|  return value|
|ap_return_389    |  out|   13|  ap_ctrl_hs|  einsum_dense<ap_fixed<8, 3, 5, 3, 0>, ap_fixed<13, 8, 4, 0, 0>, config43>|  return value|
|ap_return_390    |  out|   13|  ap_ctrl_hs|  einsum_dense<ap_fixed<8, 3, 5, 3, 0>, ap_fixed<13, 8, 4, 0, 0>, config43>|  return value|
|ap_return_391    |  out|   13|  ap_ctrl_hs|  einsum_dense<ap_fixed<8, 3, 5, 3, 0>, ap_fixed<13, 8, 4, 0, 0>, config43>|  return value|
|ap_return_392    |  out|   13|  ap_ctrl_hs|  einsum_dense<ap_fixed<8, 3, 5, 3, 0>, ap_fixed<13, 8, 4, 0, 0>, config43>|  return value|
|ap_return_393    |  out|   13|  ap_ctrl_hs|  einsum_dense<ap_fixed<8, 3, 5, 3, 0>, ap_fixed<13, 8, 4, 0, 0>, config43>|  return value|
|ap_return_394    |  out|   13|  ap_ctrl_hs|  einsum_dense<ap_fixed<8, 3, 5, 3, 0>, ap_fixed<13, 8, 4, 0, 0>, config43>|  return value|
|ap_return_395    |  out|   13|  ap_ctrl_hs|  einsum_dense<ap_fixed<8, 3, 5, 3, 0>, ap_fixed<13, 8, 4, 0, 0>, config43>|  return value|
|ap_return_396    |  out|   13|  ap_ctrl_hs|  einsum_dense<ap_fixed<8, 3, 5, 3, 0>, ap_fixed<13, 8, 4, 0, 0>, config43>|  return value|
|ap_return_397    |  out|   13|  ap_ctrl_hs|  einsum_dense<ap_fixed<8, 3, 5, 3, 0>, ap_fixed<13, 8, 4, 0, 0>, config43>|  return value|
|ap_return_398    |  out|   13|  ap_ctrl_hs|  einsum_dense<ap_fixed<8, 3, 5, 3, 0>, ap_fixed<13, 8, 4, 0, 0>, config43>|  return value|
|ap_return_399    |  out|   13|  ap_ctrl_hs|  einsum_dense<ap_fixed<8, 3, 5, 3, 0>, ap_fixed<13, 8, 4, 0, 0>, config43>|  return value|
|ap_return_400    |  out|   13|  ap_ctrl_hs|  einsum_dense<ap_fixed<8, 3, 5, 3, 0>, ap_fixed<13, 8, 4, 0, 0>, config43>|  return value|
|ap_return_401    |  out|   13|  ap_ctrl_hs|  einsum_dense<ap_fixed<8, 3, 5, 3, 0>, ap_fixed<13, 8, 4, 0, 0>, config43>|  return value|
|ap_return_402    |  out|   13|  ap_ctrl_hs|  einsum_dense<ap_fixed<8, 3, 5, 3, 0>, ap_fixed<13, 8, 4, 0, 0>, config43>|  return value|
|ap_return_403    |  out|   13|  ap_ctrl_hs|  einsum_dense<ap_fixed<8, 3, 5, 3, 0>, ap_fixed<13, 8, 4, 0, 0>, config43>|  return value|
|ap_return_404    |  out|   13|  ap_ctrl_hs|  einsum_dense<ap_fixed<8, 3, 5, 3, 0>, ap_fixed<13, 8, 4, 0, 0>, config43>|  return value|
|ap_return_405    |  out|   13|  ap_ctrl_hs|  einsum_dense<ap_fixed<8, 3, 5, 3, 0>, ap_fixed<13, 8, 4, 0, 0>, config43>|  return value|
|ap_return_406    |  out|   13|  ap_ctrl_hs|  einsum_dense<ap_fixed<8, 3, 5, 3, 0>, ap_fixed<13, 8, 4, 0, 0>, config43>|  return value|
|ap_return_407    |  out|   13|  ap_ctrl_hs|  einsum_dense<ap_fixed<8, 3, 5, 3, 0>, ap_fixed<13, 8, 4, 0, 0>, config43>|  return value|
|ap_return_408    |  out|   13|  ap_ctrl_hs|  einsum_dense<ap_fixed<8, 3, 5, 3, 0>, ap_fixed<13, 8, 4, 0, 0>, config43>|  return value|
|ap_return_409    |  out|   13|  ap_ctrl_hs|  einsum_dense<ap_fixed<8, 3, 5, 3, 0>, ap_fixed<13, 8, 4, 0, 0>, config43>|  return value|
|ap_return_410    |  out|   13|  ap_ctrl_hs|  einsum_dense<ap_fixed<8, 3, 5, 3, 0>, ap_fixed<13, 8, 4, 0, 0>, config43>|  return value|
|ap_return_411    |  out|   13|  ap_ctrl_hs|  einsum_dense<ap_fixed<8, 3, 5, 3, 0>, ap_fixed<13, 8, 4, 0, 0>, config43>|  return value|
|ap_return_412    |  out|   13|  ap_ctrl_hs|  einsum_dense<ap_fixed<8, 3, 5, 3, 0>, ap_fixed<13, 8, 4, 0, 0>, config43>|  return value|
|ap_return_413    |  out|   13|  ap_ctrl_hs|  einsum_dense<ap_fixed<8, 3, 5, 3, 0>, ap_fixed<13, 8, 4, 0, 0>, config43>|  return value|
|ap_return_414    |  out|   13|  ap_ctrl_hs|  einsum_dense<ap_fixed<8, 3, 5, 3, 0>, ap_fixed<13, 8, 4, 0, 0>, config43>|  return value|
|ap_return_415    |  out|   13|  ap_ctrl_hs|  einsum_dense<ap_fixed<8, 3, 5, 3, 0>, ap_fixed<13, 8, 4, 0, 0>, config43>|  return value|
|ap_return_416    |  out|   13|  ap_ctrl_hs|  einsum_dense<ap_fixed<8, 3, 5, 3, 0>, ap_fixed<13, 8, 4, 0, 0>, config43>|  return value|
|ap_return_417    |  out|   13|  ap_ctrl_hs|  einsum_dense<ap_fixed<8, 3, 5, 3, 0>, ap_fixed<13, 8, 4, 0, 0>, config43>|  return value|
|ap_return_418    |  out|   13|  ap_ctrl_hs|  einsum_dense<ap_fixed<8, 3, 5, 3, 0>, ap_fixed<13, 8, 4, 0, 0>, config43>|  return value|
|ap_return_419    |  out|   13|  ap_ctrl_hs|  einsum_dense<ap_fixed<8, 3, 5, 3, 0>, ap_fixed<13, 8, 4, 0, 0>, config43>|  return value|
|ap_return_420    |  out|   13|  ap_ctrl_hs|  einsum_dense<ap_fixed<8, 3, 5, 3, 0>, ap_fixed<13, 8, 4, 0, 0>, config43>|  return value|
|ap_return_421    |  out|   13|  ap_ctrl_hs|  einsum_dense<ap_fixed<8, 3, 5, 3, 0>, ap_fixed<13, 8, 4, 0, 0>, config43>|  return value|
|ap_return_422    |  out|   13|  ap_ctrl_hs|  einsum_dense<ap_fixed<8, 3, 5, 3, 0>, ap_fixed<13, 8, 4, 0, 0>, config43>|  return value|
|ap_return_423    |  out|   13|  ap_ctrl_hs|  einsum_dense<ap_fixed<8, 3, 5, 3, 0>, ap_fixed<13, 8, 4, 0, 0>, config43>|  return value|
|ap_return_424    |  out|   13|  ap_ctrl_hs|  einsum_dense<ap_fixed<8, 3, 5, 3, 0>, ap_fixed<13, 8, 4, 0, 0>, config43>|  return value|
|ap_return_425    |  out|   13|  ap_ctrl_hs|  einsum_dense<ap_fixed<8, 3, 5, 3, 0>, ap_fixed<13, 8, 4, 0, 0>, config43>|  return value|
|ap_return_426    |  out|   13|  ap_ctrl_hs|  einsum_dense<ap_fixed<8, 3, 5, 3, 0>, ap_fixed<13, 8, 4, 0, 0>, config43>|  return value|
|ap_return_427    |  out|   13|  ap_ctrl_hs|  einsum_dense<ap_fixed<8, 3, 5, 3, 0>, ap_fixed<13, 8, 4, 0, 0>, config43>|  return value|
|ap_return_428    |  out|   13|  ap_ctrl_hs|  einsum_dense<ap_fixed<8, 3, 5, 3, 0>, ap_fixed<13, 8, 4, 0, 0>, config43>|  return value|
|ap_return_429    |  out|   13|  ap_ctrl_hs|  einsum_dense<ap_fixed<8, 3, 5, 3, 0>, ap_fixed<13, 8, 4, 0, 0>, config43>|  return value|
|ap_return_430    |  out|   13|  ap_ctrl_hs|  einsum_dense<ap_fixed<8, 3, 5, 3, 0>, ap_fixed<13, 8, 4, 0, 0>, config43>|  return value|
|ap_return_431    |  out|   13|  ap_ctrl_hs|  einsum_dense<ap_fixed<8, 3, 5, 3, 0>, ap_fixed<13, 8, 4, 0, 0>, config43>|  return value|
|ap_return_432    |  out|   13|  ap_ctrl_hs|  einsum_dense<ap_fixed<8, 3, 5, 3, 0>, ap_fixed<13, 8, 4, 0, 0>, config43>|  return value|
|ap_return_433    |  out|   13|  ap_ctrl_hs|  einsum_dense<ap_fixed<8, 3, 5, 3, 0>, ap_fixed<13, 8, 4, 0, 0>, config43>|  return value|
|ap_return_434    |  out|   13|  ap_ctrl_hs|  einsum_dense<ap_fixed<8, 3, 5, 3, 0>, ap_fixed<13, 8, 4, 0, 0>, config43>|  return value|
|ap_return_435    |  out|   13|  ap_ctrl_hs|  einsum_dense<ap_fixed<8, 3, 5, 3, 0>, ap_fixed<13, 8, 4, 0, 0>, config43>|  return value|
|ap_return_436    |  out|   13|  ap_ctrl_hs|  einsum_dense<ap_fixed<8, 3, 5, 3, 0>, ap_fixed<13, 8, 4, 0, 0>, config43>|  return value|
|ap_return_437    |  out|   13|  ap_ctrl_hs|  einsum_dense<ap_fixed<8, 3, 5, 3, 0>, ap_fixed<13, 8, 4, 0, 0>, config43>|  return value|
|ap_return_438    |  out|   13|  ap_ctrl_hs|  einsum_dense<ap_fixed<8, 3, 5, 3, 0>, ap_fixed<13, 8, 4, 0, 0>, config43>|  return value|
|ap_return_439    |  out|   13|  ap_ctrl_hs|  einsum_dense<ap_fixed<8, 3, 5, 3, 0>, ap_fixed<13, 8, 4, 0, 0>, config43>|  return value|
|ap_return_440    |  out|   13|  ap_ctrl_hs|  einsum_dense<ap_fixed<8, 3, 5, 3, 0>, ap_fixed<13, 8, 4, 0, 0>, config43>|  return value|
|ap_return_441    |  out|   13|  ap_ctrl_hs|  einsum_dense<ap_fixed<8, 3, 5, 3, 0>, ap_fixed<13, 8, 4, 0, 0>, config43>|  return value|
|ap_return_442    |  out|   13|  ap_ctrl_hs|  einsum_dense<ap_fixed<8, 3, 5, 3, 0>, ap_fixed<13, 8, 4, 0, 0>, config43>|  return value|
|ap_return_443    |  out|   13|  ap_ctrl_hs|  einsum_dense<ap_fixed<8, 3, 5, 3, 0>, ap_fixed<13, 8, 4, 0, 0>, config43>|  return value|
|ap_return_444    |  out|   13|  ap_ctrl_hs|  einsum_dense<ap_fixed<8, 3, 5, 3, 0>, ap_fixed<13, 8, 4, 0, 0>, config43>|  return value|
|ap_return_445    |  out|   13|  ap_ctrl_hs|  einsum_dense<ap_fixed<8, 3, 5, 3, 0>, ap_fixed<13, 8, 4, 0, 0>, config43>|  return value|
|ap_return_446    |  out|   13|  ap_ctrl_hs|  einsum_dense<ap_fixed<8, 3, 5, 3, 0>, ap_fixed<13, 8, 4, 0, 0>, config43>|  return value|
|ap_return_447    |  out|   13|  ap_ctrl_hs|  einsum_dense<ap_fixed<8, 3, 5, 3, 0>, ap_fixed<13, 8, 4, 0, 0>, config43>|  return value|
|ap_return_448    |  out|   13|  ap_ctrl_hs|  einsum_dense<ap_fixed<8, 3, 5, 3, 0>, ap_fixed<13, 8, 4, 0, 0>, config43>|  return value|
|ap_return_449    |  out|   13|  ap_ctrl_hs|  einsum_dense<ap_fixed<8, 3, 5, 3, 0>, ap_fixed<13, 8, 4, 0, 0>, config43>|  return value|
|ap_return_450    |  out|   13|  ap_ctrl_hs|  einsum_dense<ap_fixed<8, 3, 5, 3, 0>, ap_fixed<13, 8, 4, 0, 0>, config43>|  return value|
|ap_return_451    |  out|   13|  ap_ctrl_hs|  einsum_dense<ap_fixed<8, 3, 5, 3, 0>, ap_fixed<13, 8, 4, 0, 0>, config43>|  return value|
|ap_return_452    |  out|   13|  ap_ctrl_hs|  einsum_dense<ap_fixed<8, 3, 5, 3, 0>, ap_fixed<13, 8, 4, 0, 0>, config43>|  return value|
|ap_return_453    |  out|   13|  ap_ctrl_hs|  einsum_dense<ap_fixed<8, 3, 5, 3, 0>, ap_fixed<13, 8, 4, 0, 0>, config43>|  return value|
|ap_return_454    |  out|   13|  ap_ctrl_hs|  einsum_dense<ap_fixed<8, 3, 5, 3, 0>, ap_fixed<13, 8, 4, 0, 0>, config43>|  return value|
|ap_return_455    |  out|   13|  ap_ctrl_hs|  einsum_dense<ap_fixed<8, 3, 5, 3, 0>, ap_fixed<13, 8, 4, 0, 0>, config43>|  return value|
|ap_return_456    |  out|   13|  ap_ctrl_hs|  einsum_dense<ap_fixed<8, 3, 5, 3, 0>, ap_fixed<13, 8, 4, 0, 0>, config43>|  return value|
|ap_return_457    |  out|   13|  ap_ctrl_hs|  einsum_dense<ap_fixed<8, 3, 5, 3, 0>, ap_fixed<13, 8, 4, 0, 0>, config43>|  return value|
|ap_return_458    |  out|   13|  ap_ctrl_hs|  einsum_dense<ap_fixed<8, 3, 5, 3, 0>, ap_fixed<13, 8, 4, 0, 0>, config43>|  return value|
|ap_return_459    |  out|   13|  ap_ctrl_hs|  einsum_dense<ap_fixed<8, 3, 5, 3, 0>, ap_fixed<13, 8, 4, 0, 0>, config43>|  return value|
|ap_return_460    |  out|   13|  ap_ctrl_hs|  einsum_dense<ap_fixed<8, 3, 5, 3, 0>, ap_fixed<13, 8, 4, 0, 0>, config43>|  return value|
|ap_return_461    |  out|   13|  ap_ctrl_hs|  einsum_dense<ap_fixed<8, 3, 5, 3, 0>, ap_fixed<13, 8, 4, 0, 0>, config43>|  return value|
|ap_return_462    |  out|   13|  ap_ctrl_hs|  einsum_dense<ap_fixed<8, 3, 5, 3, 0>, ap_fixed<13, 8, 4, 0, 0>, config43>|  return value|
|ap_return_463    |  out|   13|  ap_ctrl_hs|  einsum_dense<ap_fixed<8, 3, 5, 3, 0>, ap_fixed<13, 8, 4, 0, 0>, config43>|  return value|
|ap_return_464    |  out|   13|  ap_ctrl_hs|  einsum_dense<ap_fixed<8, 3, 5, 3, 0>, ap_fixed<13, 8, 4, 0, 0>, config43>|  return value|
|ap_return_465    |  out|   13|  ap_ctrl_hs|  einsum_dense<ap_fixed<8, 3, 5, 3, 0>, ap_fixed<13, 8, 4, 0, 0>, config43>|  return value|
|ap_return_466    |  out|   13|  ap_ctrl_hs|  einsum_dense<ap_fixed<8, 3, 5, 3, 0>, ap_fixed<13, 8, 4, 0, 0>, config43>|  return value|
|ap_return_467    |  out|   13|  ap_ctrl_hs|  einsum_dense<ap_fixed<8, 3, 5, 3, 0>, ap_fixed<13, 8, 4, 0, 0>, config43>|  return value|
|ap_return_468    |  out|   13|  ap_ctrl_hs|  einsum_dense<ap_fixed<8, 3, 5, 3, 0>, ap_fixed<13, 8, 4, 0, 0>, config43>|  return value|
|ap_return_469    |  out|   13|  ap_ctrl_hs|  einsum_dense<ap_fixed<8, 3, 5, 3, 0>, ap_fixed<13, 8, 4, 0, 0>, config43>|  return value|
|ap_return_470    |  out|   13|  ap_ctrl_hs|  einsum_dense<ap_fixed<8, 3, 5, 3, 0>, ap_fixed<13, 8, 4, 0, 0>, config43>|  return value|
|ap_return_471    |  out|   13|  ap_ctrl_hs|  einsum_dense<ap_fixed<8, 3, 5, 3, 0>, ap_fixed<13, 8, 4, 0, 0>, config43>|  return value|
|ap_return_472    |  out|   13|  ap_ctrl_hs|  einsum_dense<ap_fixed<8, 3, 5, 3, 0>, ap_fixed<13, 8, 4, 0, 0>, config43>|  return value|
|ap_return_473    |  out|   13|  ap_ctrl_hs|  einsum_dense<ap_fixed<8, 3, 5, 3, 0>, ap_fixed<13, 8, 4, 0, 0>, config43>|  return value|
|ap_return_474    |  out|   13|  ap_ctrl_hs|  einsum_dense<ap_fixed<8, 3, 5, 3, 0>, ap_fixed<13, 8, 4, 0, 0>, config43>|  return value|
|ap_return_475    |  out|   13|  ap_ctrl_hs|  einsum_dense<ap_fixed<8, 3, 5, 3, 0>, ap_fixed<13, 8, 4, 0, 0>, config43>|  return value|
|ap_return_476    |  out|   13|  ap_ctrl_hs|  einsum_dense<ap_fixed<8, 3, 5, 3, 0>, ap_fixed<13, 8, 4, 0, 0>, config43>|  return value|
|ap_return_477    |  out|   13|  ap_ctrl_hs|  einsum_dense<ap_fixed<8, 3, 5, 3, 0>, ap_fixed<13, 8, 4, 0, 0>, config43>|  return value|
|ap_return_478    |  out|   13|  ap_ctrl_hs|  einsum_dense<ap_fixed<8, 3, 5, 3, 0>, ap_fixed<13, 8, 4, 0, 0>, config43>|  return value|
|ap_return_479    |  out|   13|  ap_ctrl_hs|  einsum_dense<ap_fixed<8, 3, 5, 3, 0>, ap_fixed<13, 8, 4, 0, 0>, config43>|  return value|
|ap_return_480    |  out|   13|  ap_ctrl_hs|  einsum_dense<ap_fixed<8, 3, 5, 3, 0>, ap_fixed<13, 8, 4, 0, 0>, config43>|  return value|
|ap_return_481    |  out|   13|  ap_ctrl_hs|  einsum_dense<ap_fixed<8, 3, 5, 3, 0>, ap_fixed<13, 8, 4, 0, 0>, config43>|  return value|
|ap_return_482    |  out|   13|  ap_ctrl_hs|  einsum_dense<ap_fixed<8, 3, 5, 3, 0>, ap_fixed<13, 8, 4, 0, 0>, config43>|  return value|
|ap_return_483    |  out|   13|  ap_ctrl_hs|  einsum_dense<ap_fixed<8, 3, 5, 3, 0>, ap_fixed<13, 8, 4, 0, 0>, config43>|  return value|
|ap_return_484    |  out|   13|  ap_ctrl_hs|  einsum_dense<ap_fixed<8, 3, 5, 3, 0>, ap_fixed<13, 8, 4, 0, 0>, config43>|  return value|
|ap_return_485    |  out|   13|  ap_ctrl_hs|  einsum_dense<ap_fixed<8, 3, 5, 3, 0>, ap_fixed<13, 8, 4, 0, 0>, config43>|  return value|
|ap_return_486    |  out|   13|  ap_ctrl_hs|  einsum_dense<ap_fixed<8, 3, 5, 3, 0>, ap_fixed<13, 8, 4, 0, 0>, config43>|  return value|
|ap_return_487    |  out|   13|  ap_ctrl_hs|  einsum_dense<ap_fixed<8, 3, 5, 3, 0>, ap_fixed<13, 8, 4, 0, 0>, config43>|  return value|
|ap_return_488    |  out|   13|  ap_ctrl_hs|  einsum_dense<ap_fixed<8, 3, 5, 3, 0>, ap_fixed<13, 8, 4, 0, 0>, config43>|  return value|
|ap_return_489    |  out|   13|  ap_ctrl_hs|  einsum_dense<ap_fixed<8, 3, 5, 3, 0>, ap_fixed<13, 8, 4, 0, 0>, config43>|  return value|
|ap_return_490    |  out|   13|  ap_ctrl_hs|  einsum_dense<ap_fixed<8, 3, 5, 3, 0>, ap_fixed<13, 8, 4, 0, 0>, config43>|  return value|
|ap_return_491    |  out|   13|  ap_ctrl_hs|  einsum_dense<ap_fixed<8, 3, 5, 3, 0>, ap_fixed<13, 8, 4, 0, 0>, config43>|  return value|
|ap_return_492    |  out|   13|  ap_ctrl_hs|  einsum_dense<ap_fixed<8, 3, 5, 3, 0>, ap_fixed<13, 8, 4, 0, 0>, config43>|  return value|
|ap_return_493    |  out|   13|  ap_ctrl_hs|  einsum_dense<ap_fixed<8, 3, 5, 3, 0>, ap_fixed<13, 8, 4, 0, 0>, config43>|  return value|
|ap_return_494    |  out|   13|  ap_ctrl_hs|  einsum_dense<ap_fixed<8, 3, 5, 3, 0>, ap_fixed<13, 8, 4, 0, 0>, config43>|  return value|
|ap_return_495    |  out|   13|  ap_ctrl_hs|  einsum_dense<ap_fixed<8, 3, 5, 3, 0>, ap_fixed<13, 8, 4, 0, 0>, config43>|  return value|
|ap_return_496    |  out|   13|  ap_ctrl_hs|  einsum_dense<ap_fixed<8, 3, 5, 3, 0>, ap_fixed<13, 8, 4, 0, 0>, config43>|  return value|
|ap_return_497    |  out|   13|  ap_ctrl_hs|  einsum_dense<ap_fixed<8, 3, 5, 3, 0>, ap_fixed<13, 8, 4, 0, 0>, config43>|  return value|
|ap_return_498    |  out|   13|  ap_ctrl_hs|  einsum_dense<ap_fixed<8, 3, 5, 3, 0>, ap_fixed<13, 8, 4, 0, 0>, config43>|  return value|
|ap_return_499    |  out|   13|  ap_ctrl_hs|  einsum_dense<ap_fixed<8, 3, 5, 3, 0>, ap_fixed<13, 8, 4, 0, 0>, config43>|  return value|
|ap_return_500    |  out|   13|  ap_ctrl_hs|  einsum_dense<ap_fixed<8, 3, 5, 3, 0>, ap_fixed<13, 8, 4, 0, 0>, config43>|  return value|
|ap_return_501    |  out|   13|  ap_ctrl_hs|  einsum_dense<ap_fixed<8, 3, 5, 3, 0>, ap_fixed<13, 8, 4, 0, 0>, config43>|  return value|
|ap_return_502    |  out|   13|  ap_ctrl_hs|  einsum_dense<ap_fixed<8, 3, 5, 3, 0>, ap_fixed<13, 8, 4, 0, 0>, config43>|  return value|
|ap_return_503    |  out|   13|  ap_ctrl_hs|  einsum_dense<ap_fixed<8, 3, 5, 3, 0>, ap_fixed<13, 8, 4, 0, 0>, config43>|  return value|
|ap_return_504    |  out|   13|  ap_ctrl_hs|  einsum_dense<ap_fixed<8, 3, 5, 3, 0>, ap_fixed<13, 8, 4, 0, 0>, config43>|  return value|
|ap_return_505    |  out|   13|  ap_ctrl_hs|  einsum_dense<ap_fixed<8, 3, 5, 3, 0>, ap_fixed<13, 8, 4, 0, 0>, config43>|  return value|
|ap_return_506    |  out|   13|  ap_ctrl_hs|  einsum_dense<ap_fixed<8, 3, 5, 3, 0>, ap_fixed<13, 8, 4, 0, 0>, config43>|  return value|
|ap_return_507    |  out|   13|  ap_ctrl_hs|  einsum_dense<ap_fixed<8, 3, 5, 3, 0>, ap_fixed<13, 8, 4, 0, 0>, config43>|  return value|
|ap_return_508    |  out|   13|  ap_ctrl_hs|  einsum_dense<ap_fixed<8, 3, 5, 3, 0>, ap_fixed<13, 8, 4, 0, 0>, config43>|  return value|
|ap_return_509    |  out|   13|  ap_ctrl_hs|  einsum_dense<ap_fixed<8, 3, 5, 3, 0>, ap_fixed<13, 8, 4, 0, 0>, config43>|  return value|
|ap_return_510    |  out|   13|  ap_ctrl_hs|  einsum_dense<ap_fixed<8, 3, 5, 3, 0>, ap_fixed<13, 8, 4, 0, 0>, config43>|  return value|
|ap_return_511    |  out|   13|  ap_ctrl_hs|  einsum_dense<ap_fixed<8, 3, 5, 3, 0>, ap_fixed<13, 8, 4, 0, 0>, config43>|  return value|
|data_0_val1      |   in|    8|     ap_none|                                                                data_0_val1|        scalar|
|data_1_val2      |   in|    8|     ap_none|                                                                data_1_val2|        scalar|
|data_2_val3      |   in|    8|     ap_none|                                                                data_2_val3|        scalar|
|data_3_val4      |   in|    8|     ap_none|                                                                data_3_val4|        scalar|
|data_4_val5      |   in|    8|     ap_none|                                                                data_4_val5|        scalar|
|data_5_val6      |   in|    8|     ap_none|                                                                data_5_val6|        scalar|
|data_6_val7      |   in|    8|     ap_none|                                                                data_6_val7|        scalar|
|data_7_val8      |   in|    8|     ap_none|                                                                data_7_val8|        scalar|
|data_8_val9      |   in|    8|     ap_none|                                                                data_8_val9|        scalar|
|data_9_val10     |   in|    8|     ap_none|                                                               data_9_val10|        scalar|
|data_10_val11    |   in|    8|     ap_none|                                                              data_10_val11|        scalar|
|data_11_val12    |   in|    8|     ap_none|                                                              data_11_val12|        scalar|
|data_12_val13    |   in|    8|     ap_none|                                                              data_12_val13|        scalar|
|data_13_val14    |   in|    8|     ap_none|                                                              data_13_val14|        scalar|
|data_14_val15    |   in|    8|     ap_none|                                                              data_14_val15|        scalar|
|data_15_val16    |   in|    8|     ap_none|                                                              data_15_val16|        scalar|
|data_16_val17    |   in|    8|     ap_none|                                                              data_16_val17|        scalar|
|data_17_val18    |   in|    8|     ap_none|                                                              data_17_val18|        scalar|
|data_18_val19    |   in|    8|     ap_none|                                                              data_18_val19|        scalar|
|data_19_val20    |   in|    8|     ap_none|                                                              data_19_val20|        scalar|
|data_20_val21    |   in|    8|     ap_none|                                                              data_20_val21|        scalar|
|data_21_val22    |   in|    8|     ap_none|                                                              data_21_val22|        scalar|
|data_22_val23    |   in|    8|     ap_none|                                                              data_22_val23|        scalar|
|data_23_val24    |   in|    8|     ap_none|                                                              data_23_val24|        scalar|
|data_24_val25    |   in|    8|     ap_none|                                                              data_24_val25|        scalar|
|data_25_val26    |   in|    8|     ap_none|                                                              data_25_val26|        scalar|
|data_26_val27    |   in|    8|     ap_none|                                                              data_26_val27|        scalar|
|data_27_val28    |   in|    8|     ap_none|                                                              data_27_val28|        scalar|
|data_28_val29    |   in|    8|     ap_none|                                                              data_28_val29|        scalar|
|data_29_val30    |   in|    8|     ap_none|                                                              data_29_val30|        scalar|
|data_30_val31    |   in|    8|     ap_none|                                                              data_30_val31|        scalar|
|data_31_val32    |   in|    8|     ap_none|                                                              data_31_val32|        scalar|
|data_32_val33    |   in|    8|     ap_none|                                                              data_32_val33|        scalar|
|data_33_val34    |   in|    8|     ap_none|                                                              data_33_val34|        scalar|
|data_34_val35    |   in|    8|     ap_none|                                                              data_34_val35|        scalar|
|data_35_val36    |   in|    8|     ap_none|                                                              data_35_val36|        scalar|
|data_36_val37    |   in|    8|     ap_none|                                                              data_36_val37|        scalar|
|data_37_val38    |   in|    8|     ap_none|                                                              data_37_val38|        scalar|
|data_38_val39    |   in|    8|     ap_none|                                                              data_38_val39|        scalar|
|data_39_val40    |   in|    8|     ap_none|                                                              data_39_val40|        scalar|
|data_40_val41    |   in|    8|     ap_none|                                                              data_40_val41|        scalar|
|data_41_val42    |   in|    8|     ap_none|                                                              data_41_val42|        scalar|
|data_42_val43    |   in|    8|     ap_none|                                                              data_42_val43|        scalar|
|data_43_val44    |   in|    8|     ap_none|                                                              data_43_val44|        scalar|
|data_44_val45    |   in|    8|     ap_none|                                                              data_44_val45|        scalar|
|data_45_val46    |   in|    8|     ap_none|                                                              data_45_val46|        scalar|
|data_46_val47    |   in|    8|     ap_none|                                                              data_46_val47|        scalar|
|data_47_val48    |   in|    8|     ap_none|                                                              data_47_val48|        scalar|
|data_48_val49    |   in|    8|     ap_none|                                                              data_48_val49|        scalar|
|data_49_val50    |   in|    8|     ap_none|                                                              data_49_val50|        scalar|
|data_50_val51    |   in|    8|     ap_none|                                                              data_50_val51|        scalar|
|data_51_val52    |   in|    8|     ap_none|                                                              data_51_val52|        scalar|
|data_52_val53    |   in|    8|     ap_none|                                                              data_52_val53|        scalar|
|data_53_val54    |   in|    8|     ap_none|                                                              data_53_val54|        scalar|
|data_54_val55    |   in|    8|     ap_none|                                                              data_54_val55|        scalar|
|data_55_val56    |   in|    8|     ap_none|                                                              data_55_val56|        scalar|
|data_56_val57    |   in|    8|     ap_none|                                                              data_56_val57|        scalar|
|data_57_val58    |   in|    8|     ap_none|                                                              data_57_val58|        scalar|
|data_58_val59    |   in|    8|     ap_none|                                                              data_58_val59|        scalar|
|data_59_val60    |   in|    8|     ap_none|                                                              data_59_val60|        scalar|
|data_60_val61    |   in|    8|     ap_none|                                                              data_60_val61|        scalar|
|data_61_val62    |   in|    8|     ap_none|                                                              data_61_val62|        scalar|
|data_62_val63    |   in|    8|     ap_none|                                                              data_62_val63|        scalar|
|data_63_val64    |   in|    8|     ap_none|                                                              data_63_val64|        scalar|
|data_64_val65    |   in|    8|     ap_none|                                                              data_64_val65|        scalar|
|data_65_val66    |   in|    8|     ap_none|                                                              data_65_val66|        scalar|
|data_66_val67    |   in|    8|     ap_none|                                                              data_66_val67|        scalar|
|data_67_val68    |   in|    8|     ap_none|                                                              data_67_val68|        scalar|
|data_68_val69    |   in|    8|     ap_none|                                                              data_68_val69|        scalar|
|data_69_val70    |   in|    8|     ap_none|                                                              data_69_val70|        scalar|
|data_70_val71    |   in|    8|     ap_none|                                                              data_70_val71|        scalar|
|data_71_val72    |   in|    8|     ap_none|                                                              data_71_val72|        scalar|
|data_72_val73    |   in|    8|     ap_none|                                                              data_72_val73|        scalar|
|data_73_val74    |   in|    8|     ap_none|                                                              data_73_val74|        scalar|
|data_74_val75    |   in|    8|     ap_none|                                                              data_74_val75|        scalar|
|data_75_val76    |   in|    8|     ap_none|                                                              data_75_val76|        scalar|
|data_76_val77    |   in|    8|     ap_none|                                                              data_76_val77|        scalar|
|data_77_val78    |   in|    8|     ap_none|                                                              data_77_val78|        scalar|
|data_78_val79    |   in|    8|     ap_none|                                                              data_78_val79|        scalar|
|data_79_val80    |   in|    8|     ap_none|                                                              data_79_val80|        scalar|
|data_80_val81    |   in|    8|     ap_none|                                                              data_80_val81|        scalar|
|data_81_val82    |   in|    8|     ap_none|                                                              data_81_val82|        scalar|
|data_82_val83    |   in|    8|     ap_none|                                                              data_82_val83|        scalar|
|data_83_val84    |   in|    8|     ap_none|                                                              data_83_val84|        scalar|
|data_84_val85    |   in|    8|     ap_none|                                                              data_84_val85|        scalar|
|data_85_val86    |   in|    8|     ap_none|                                                              data_85_val86|        scalar|
|data_86_val87    |   in|    8|     ap_none|                                                              data_86_val87|        scalar|
|data_87_val88    |   in|    8|     ap_none|                                                              data_87_val88|        scalar|
|data_88_val89    |   in|    8|     ap_none|                                                              data_88_val89|        scalar|
|data_89_val90    |   in|    8|     ap_none|                                                              data_89_val90|        scalar|
|data_90_val91    |   in|    8|     ap_none|                                                              data_90_val91|        scalar|
|data_91_val92    |   in|    8|     ap_none|                                                              data_91_val92|        scalar|
|data_92_val93    |   in|    8|     ap_none|                                                              data_92_val93|        scalar|
|data_93_val94    |   in|    8|     ap_none|                                                              data_93_val94|        scalar|
|data_94_val95    |   in|    8|     ap_none|                                                              data_94_val95|        scalar|
|data_95_val96    |   in|    8|     ap_none|                                                              data_95_val96|        scalar|
|data_96_val97    |   in|    8|     ap_none|                                                              data_96_val97|        scalar|
|data_97_val98    |   in|    8|     ap_none|                                                              data_97_val98|        scalar|
|data_98_val99    |   in|    8|     ap_none|                                                              data_98_val99|        scalar|
|data_99_val100   |   in|    8|     ap_none|                                                             data_99_val100|        scalar|
|data_100_val101  |   in|    8|     ap_none|                                                            data_100_val101|        scalar|
|data_101_val102  |   in|    8|     ap_none|                                                            data_101_val102|        scalar|
|data_102_val103  |   in|    8|     ap_none|                                                            data_102_val103|        scalar|
|data_103_val104  |   in|    8|     ap_none|                                                            data_103_val104|        scalar|
|data_104_val105  |   in|    8|     ap_none|                                                            data_104_val105|        scalar|
|data_105_val106  |   in|    8|     ap_none|                                                            data_105_val106|        scalar|
|data_106_val107  |   in|    8|     ap_none|                                                            data_106_val107|        scalar|
|data_107_val108  |   in|    8|     ap_none|                                                            data_107_val108|        scalar|
|data_108_val109  |   in|    8|     ap_none|                                                            data_108_val109|        scalar|
|data_109_val110  |   in|    8|     ap_none|                                                            data_109_val110|        scalar|
|data_110_val111  |   in|    8|     ap_none|                                                            data_110_val111|        scalar|
|data_111_val112  |   in|    8|     ap_none|                                                            data_111_val112|        scalar|
|data_112_val113  |   in|    8|     ap_none|                                                            data_112_val113|        scalar|
|data_113_val114  |   in|    8|     ap_none|                                                            data_113_val114|        scalar|
|data_114_val115  |   in|    8|     ap_none|                                                            data_114_val115|        scalar|
|data_115_val116  |   in|    8|     ap_none|                                                            data_115_val116|        scalar|
|data_116_val117  |   in|    8|     ap_none|                                                            data_116_val117|        scalar|
|data_117_val118  |   in|    8|     ap_none|                                                            data_117_val118|        scalar|
|data_118_val119  |   in|    8|     ap_none|                                                            data_118_val119|        scalar|
|data_119_val120  |   in|    8|     ap_none|                                                            data_119_val120|        scalar|
|data_120_val121  |   in|    8|     ap_none|                                                            data_120_val121|        scalar|
|data_121_val122  |   in|    8|     ap_none|                                                            data_121_val122|        scalar|
|data_122_val123  |   in|    8|     ap_none|                                                            data_122_val123|        scalar|
|data_123_val124  |   in|    8|     ap_none|                                                            data_123_val124|        scalar|
|data_124_val125  |   in|    8|     ap_none|                                                            data_124_val125|        scalar|
|data_125_val126  |   in|    8|     ap_none|                                                            data_125_val126|        scalar|
|data_126_val127  |   in|    8|     ap_none|                                                            data_126_val127|        scalar|
|data_127_val128  |   in|    8|     ap_none|                                                            data_127_val128|        scalar|
|data_128_val129  |   in|    8|     ap_none|                                                            data_128_val129|        scalar|
|data_129_val130  |   in|    8|     ap_none|                                                            data_129_val130|        scalar|
|data_130_val131  |   in|    8|     ap_none|                                                            data_130_val131|        scalar|
|data_131_val132  |   in|    8|     ap_none|                                                            data_131_val132|        scalar|
|data_132_val133  |   in|    8|     ap_none|                                                            data_132_val133|        scalar|
|data_133_val134  |   in|    8|     ap_none|                                                            data_133_val134|        scalar|
|data_134_val135  |   in|    8|     ap_none|                                                            data_134_val135|        scalar|
|data_135_val136  |   in|    8|     ap_none|                                                            data_135_val136|        scalar|
|data_136_val137  |   in|    8|     ap_none|                                                            data_136_val137|        scalar|
|data_137_val138  |   in|    8|     ap_none|                                                            data_137_val138|        scalar|
|data_138_val139  |   in|    8|     ap_none|                                                            data_138_val139|        scalar|
|data_139_val140  |   in|    8|     ap_none|                                                            data_139_val140|        scalar|
|data_140_val141  |   in|    8|     ap_none|                                                            data_140_val141|        scalar|
|data_141_val142  |   in|    8|     ap_none|                                                            data_141_val142|        scalar|
|data_142_val143  |   in|    8|     ap_none|                                                            data_142_val143|        scalar|
|data_143_val144  |   in|    8|     ap_none|                                                            data_143_val144|        scalar|
|data_144_val145  |   in|    8|     ap_none|                                                            data_144_val145|        scalar|
|data_145_val146  |   in|    8|     ap_none|                                                            data_145_val146|        scalar|
|data_146_val147  |   in|    8|     ap_none|                                                            data_146_val147|        scalar|
|data_147_val148  |   in|    8|     ap_none|                                                            data_147_val148|        scalar|
|data_148_val149  |   in|    8|     ap_none|                                                            data_148_val149|        scalar|
|data_149_val150  |   in|    8|     ap_none|                                                            data_149_val150|        scalar|
|data_150_val151  |   in|    8|     ap_none|                                                            data_150_val151|        scalar|
|data_151_val152  |   in|    8|     ap_none|                                                            data_151_val152|        scalar|
|data_152_val153  |   in|    8|     ap_none|                                                            data_152_val153|        scalar|
|data_153_val154  |   in|    8|     ap_none|                                                            data_153_val154|        scalar|
|data_154_val155  |   in|    8|     ap_none|                                                            data_154_val155|        scalar|
|data_155_val156  |   in|    8|     ap_none|                                                            data_155_val156|        scalar|
|data_156_val157  |   in|    8|     ap_none|                                                            data_156_val157|        scalar|
|data_157_val158  |   in|    8|     ap_none|                                                            data_157_val158|        scalar|
|data_158_val159  |   in|    8|     ap_none|                                                            data_158_val159|        scalar|
|data_159_val160  |   in|    8|     ap_none|                                                            data_159_val160|        scalar|
|data_160_val161  |   in|    8|     ap_none|                                                            data_160_val161|        scalar|
|data_161_val162  |   in|    8|     ap_none|                                                            data_161_val162|        scalar|
|data_162_val163  |   in|    8|     ap_none|                                                            data_162_val163|        scalar|
|data_163_val164  |   in|    8|     ap_none|                                                            data_163_val164|        scalar|
|data_164_val165  |   in|    8|     ap_none|                                                            data_164_val165|        scalar|
|data_165_val166  |   in|    8|     ap_none|                                                            data_165_val166|        scalar|
|data_166_val167  |   in|    8|     ap_none|                                                            data_166_val167|        scalar|
|data_167_val168  |   in|    8|     ap_none|                                                            data_167_val168|        scalar|
|data_168_val169  |   in|    8|     ap_none|                                                            data_168_val169|        scalar|
|data_169_val170  |   in|    8|     ap_none|                                                            data_169_val170|        scalar|
|data_170_val171  |   in|    8|     ap_none|                                                            data_170_val171|        scalar|
|data_171_val172  |   in|    8|     ap_none|                                                            data_171_val172|        scalar|
|data_172_val173  |   in|    8|     ap_none|                                                            data_172_val173|        scalar|
|data_173_val174  |   in|    8|     ap_none|                                                            data_173_val174|        scalar|
|data_174_val175  |   in|    8|     ap_none|                                                            data_174_val175|        scalar|
|data_175_val176  |   in|    8|     ap_none|                                                            data_175_val176|        scalar|
|data_176_val177  |   in|    8|     ap_none|                                                            data_176_val177|        scalar|
|data_177_val178  |   in|    8|     ap_none|                                                            data_177_val178|        scalar|
|data_178_val179  |   in|    8|     ap_none|                                                            data_178_val179|        scalar|
|data_179_val180  |   in|    8|     ap_none|                                                            data_179_val180|        scalar|
|data_180_val181  |   in|    8|     ap_none|                                                            data_180_val181|        scalar|
|data_181_val182  |   in|    8|     ap_none|                                                            data_181_val182|        scalar|
|data_182_val183  |   in|    8|     ap_none|                                                            data_182_val183|        scalar|
|data_183_val184  |   in|    8|     ap_none|                                                            data_183_val184|        scalar|
|data_184_val185  |   in|    8|     ap_none|                                                            data_184_val185|        scalar|
|data_185_val186  |   in|    8|     ap_none|                                                            data_185_val186|        scalar|
|data_186_val187  |   in|    8|     ap_none|                                                            data_186_val187|        scalar|
|data_187_val188  |   in|    8|     ap_none|                                                            data_187_val188|        scalar|
|data_188_val189  |   in|    8|     ap_none|                                                            data_188_val189|        scalar|
|data_189_val190  |   in|    8|     ap_none|                                                            data_189_val190|        scalar|
|data_190_val191  |   in|    8|     ap_none|                                                            data_190_val191|        scalar|
|data_191_val192  |   in|    8|     ap_none|                                                            data_191_val192|        scalar|
|data_192_val193  |   in|    8|     ap_none|                                                            data_192_val193|        scalar|
|data_193_val194  |   in|    8|     ap_none|                                                            data_193_val194|        scalar|
|data_194_val195  |   in|    8|     ap_none|                                                            data_194_val195|        scalar|
|data_195_val196  |   in|    8|     ap_none|                                                            data_195_val196|        scalar|
|data_196_val197  |   in|    8|     ap_none|                                                            data_196_val197|        scalar|
|data_197_val198  |   in|    8|     ap_none|                                                            data_197_val198|        scalar|
|data_198_val199  |   in|    8|     ap_none|                                                            data_198_val199|        scalar|
|data_199_val200  |   in|    8|     ap_none|                                                            data_199_val200|        scalar|
|data_200_val201  |   in|    8|     ap_none|                                                            data_200_val201|        scalar|
|data_201_val202  |   in|    8|     ap_none|                                                            data_201_val202|        scalar|
|data_202_val203  |   in|    8|     ap_none|                                                            data_202_val203|        scalar|
|data_203_val204  |   in|    8|     ap_none|                                                            data_203_val204|        scalar|
|data_204_val205  |   in|    8|     ap_none|                                                            data_204_val205|        scalar|
|data_205_val206  |   in|    8|     ap_none|                                                            data_205_val206|        scalar|
|data_206_val207  |   in|    8|     ap_none|                                                            data_206_val207|        scalar|
|data_207_val208  |   in|    8|     ap_none|                                                            data_207_val208|        scalar|
|data_208_val209  |   in|    8|     ap_none|                                                            data_208_val209|        scalar|
|data_209_val210  |   in|    8|     ap_none|                                                            data_209_val210|        scalar|
|data_210_val211  |   in|    8|     ap_none|                                                            data_210_val211|        scalar|
|data_211_val212  |   in|    8|     ap_none|                                                            data_211_val212|        scalar|
|data_212_val213  |   in|    8|     ap_none|                                                            data_212_val213|        scalar|
|data_213_val214  |   in|    8|     ap_none|                                                            data_213_val214|        scalar|
|data_214_val215  |   in|    8|     ap_none|                                                            data_214_val215|        scalar|
|data_215_val216  |   in|    8|     ap_none|                                                            data_215_val216|        scalar|
|data_216_val217  |   in|    8|     ap_none|                                                            data_216_val217|        scalar|
|data_217_val218  |   in|    8|     ap_none|                                                            data_217_val218|        scalar|
|data_218_val219  |   in|    8|     ap_none|                                                            data_218_val219|        scalar|
|data_219_val220  |   in|    8|     ap_none|                                                            data_219_val220|        scalar|
|data_220_val221  |   in|    8|     ap_none|                                                            data_220_val221|        scalar|
|data_221_val222  |   in|    8|     ap_none|                                                            data_221_val222|        scalar|
|data_222_val223  |   in|    8|     ap_none|                                                            data_222_val223|        scalar|
|data_223_val224  |   in|    8|     ap_none|                                                            data_223_val224|        scalar|
|data_224_val225  |   in|    8|     ap_none|                                                            data_224_val225|        scalar|
|data_225_val226  |   in|    8|     ap_none|                                                            data_225_val226|        scalar|
|data_226_val227  |   in|    8|     ap_none|                                                            data_226_val227|        scalar|
|data_227_val228  |   in|    8|     ap_none|                                                            data_227_val228|        scalar|
|data_228_val229  |   in|    8|     ap_none|                                                            data_228_val229|        scalar|
|data_229_val230  |   in|    8|     ap_none|                                                            data_229_val230|        scalar|
|data_230_val231  |   in|    8|     ap_none|                                                            data_230_val231|        scalar|
|data_231_val232  |   in|    8|     ap_none|                                                            data_231_val232|        scalar|
|data_232_val233  |   in|    8|     ap_none|                                                            data_232_val233|        scalar|
|data_233_val234  |   in|    8|     ap_none|                                                            data_233_val234|        scalar|
|data_234_val235  |   in|    8|     ap_none|                                                            data_234_val235|        scalar|
|data_235_val236  |   in|    8|     ap_none|                                                            data_235_val236|        scalar|
|data_236_val237  |   in|    8|     ap_none|                                                            data_236_val237|        scalar|
|data_237_val238  |   in|    8|     ap_none|                                                            data_237_val238|        scalar|
|data_238_val239  |   in|    8|     ap_none|                                                            data_238_val239|        scalar|
|data_239_val240  |   in|    8|     ap_none|                                                            data_239_val240|        scalar|
|data_240_val241  |   in|    8|     ap_none|                                                            data_240_val241|        scalar|
|data_241_val242  |   in|    8|     ap_none|                                                            data_241_val242|        scalar|
|data_242_val243  |   in|    8|     ap_none|                                                            data_242_val243|        scalar|
|data_243_val244  |   in|    8|     ap_none|                                                            data_243_val244|        scalar|
|data_244_val245  |   in|    8|     ap_none|                                                            data_244_val245|        scalar|
|data_245_val246  |   in|    8|     ap_none|                                                            data_245_val246|        scalar|
|data_246_val247  |   in|    8|     ap_none|                                                            data_246_val247|        scalar|
|data_247_val248  |   in|    8|     ap_none|                                                            data_247_val248|        scalar|
|data_248_val249  |   in|    8|     ap_none|                                                            data_248_val249|        scalar|
|data_249_val250  |   in|    8|     ap_none|                                                            data_249_val250|        scalar|
|data_250_val251  |   in|    8|     ap_none|                                                            data_250_val251|        scalar|
|data_251_val252  |   in|    8|     ap_none|                                                            data_251_val252|        scalar|
|data_252_val253  |   in|    8|     ap_none|                                                            data_252_val253|        scalar|
|data_253_val254  |   in|    8|     ap_none|                                                            data_253_val254|        scalar|
|data_254_val255  |   in|    8|     ap_none|                                                            data_254_val255|        scalar|
|data_255_val256  |   in|    8|     ap_none|                                                            data_255_val256|        scalar|
|data_256_val257  |   in|    8|     ap_none|                                                            data_256_val257|        scalar|
|data_257_val258  |   in|    8|     ap_none|                                                            data_257_val258|        scalar|
|data_258_val259  |   in|    8|     ap_none|                                                            data_258_val259|        scalar|
|data_259_val260  |   in|    8|     ap_none|                                                            data_259_val260|        scalar|
|data_260_val261  |   in|    8|     ap_none|                                                            data_260_val261|        scalar|
|data_261_val262  |   in|    8|     ap_none|                                                            data_261_val262|        scalar|
|data_262_val263  |   in|    8|     ap_none|                                                            data_262_val263|        scalar|
|data_263_val264  |   in|    8|     ap_none|                                                            data_263_val264|        scalar|
|data_264_val265  |   in|    8|     ap_none|                                                            data_264_val265|        scalar|
|data_265_val266  |   in|    8|     ap_none|                                                            data_265_val266|        scalar|
|data_266_val267  |   in|    8|     ap_none|                                                            data_266_val267|        scalar|
|data_267_val268  |   in|    8|     ap_none|                                                            data_267_val268|        scalar|
|data_268_val269  |   in|    8|     ap_none|                                                            data_268_val269|        scalar|
|data_269_val270  |   in|    8|     ap_none|                                                            data_269_val270|        scalar|
|data_270_val271  |   in|    8|     ap_none|                                                            data_270_val271|        scalar|
|data_271_val272  |   in|    8|     ap_none|                                                            data_271_val272|        scalar|
|data_272_val273  |   in|    8|     ap_none|                                                            data_272_val273|        scalar|
|data_273_val274  |   in|    8|     ap_none|                                                            data_273_val274|        scalar|
|data_274_val275  |   in|    8|     ap_none|                                                            data_274_val275|        scalar|
|data_275_val276  |   in|    8|     ap_none|                                                            data_275_val276|        scalar|
|data_276_val277  |   in|    8|     ap_none|                                                            data_276_val277|        scalar|
|data_277_val278  |   in|    8|     ap_none|                                                            data_277_val278|        scalar|
|data_278_val279  |   in|    8|     ap_none|                                                            data_278_val279|        scalar|
|data_279_val280  |   in|    8|     ap_none|                                                            data_279_val280|        scalar|
|data_280_val281  |   in|    8|     ap_none|                                                            data_280_val281|        scalar|
|data_281_val282  |   in|    8|     ap_none|                                                            data_281_val282|        scalar|
|data_282_val283  |   in|    8|     ap_none|                                                            data_282_val283|        scalar|
|data_283_val284  |   in|    8|     ap_none|                                                            data_283_val284|        scalar|
|data_284_val285  |   in|    8|     ap_none|                                                            data_284_val285|        scalar|
|data_285_val286  |   in|    8|     ap_none|                                                            data_285_val286|        scalar|
|data_286_val287  |   in|    8|     ap_none|                                                            data_286_val287|        scalar|
|data_287_val288  |   in|    8|     ap_none|                                                            data_287_val288|        scalar|
|data_288_val289  |   in|    8|     ap_none|                                                            data_288_val289|        scalar|
|data_289_val290  |   in|    8|     ap_none|                                                            data_289_val290|        scalar|
|data_290_val291  |   in|    8|     ap_none|                                                            data_290_val291|        scalar|
|data_291_val292  |   in|    8|     ap_none|                                                            data_291_val292|        scalar|
|data_292_val293  |   in|    8|     ap_none|                                                            data_292_val293|        scalar|
|data_293_val294  |   in|    8|     ap_none|                                                            data_293_val294|        scalar|
|data_294_val295  |   in|    8|     ap_none|                                                            data_294_val295|        scalar|
|data_295_val296  |   in|    8|     ap_none|                                                            data_295_val296|        scalar|
|data_296_val297  |   in|    8|     ap_none|                                                            data_296_val297|        scalar|
|data_297_val298  |   in|    8|     ap_none|                                                            data_297_val298|        scalar|
|data_298_val299  |   in|    8|     ap_none|                                                            data_298_val299|        scalar|
|data_299_val300  |   in|    8|     ap_none|                                                            data_299_val300|        scalar|
|data_300_val301  |   in|    8|     ap_none|                                                            data_300_val301|        scalar|
|data_301_val302  |   in|    8|     ap_none|                                                            data_301_val302|        scalar|
|data_302_val303  |   in|    8|     ap_none|                                                            data_302_val303|        scalar|
|data_303_val304  |   in|    8|     ap_none|                                                            data_303_val304|        scalar|
|data_304_val305  |   in|    8|     ap_none|                                                            data_304_val305|        scalar|
|data_305_val306  |   in|    8|     ap_none|                                                            data_305_val306|        scalar|
|data_306_val307  |   in|    8|     ap_none|                                                            data_306_val307|        scalar|
|data_307_val308  |   in|    8|     ap_none|                                                            data_307_val308|        scalar|
|data_308_val309  |   in|    8|     ap_none|                                                            data_308_val309|        scalar|
|data_309_val310  |   in|    8|     ap_none|                                                            data_309_val310|        scalar|
|data_310_val311  |   in|    8|     ap_none|                                                            data_310_val311|        scalar|
|data_311_val312  |   in|    8|     ap_none|                                                            data_311_val312|        scalar|
|data_312_val313  |   in|    8|     ap_none|                                                            data_312_val313|        scalar|
|data_313_val314  |   in|    8|     ap_none|                                                            data_313_val314|        scalar|
|data_314_val315  |   in|    8|     ap_none|                                                            data_314_val315|        scalar|
|data_315_val316  |   in|    8|     ap_none|                                                            data_315_val316|        scalar|
|data_316_val317  |   in|    8|     ap_none|                                                            data_316_val317|        scalar|
|data_317_val318  |   in|    8|     ap_none|                                                            data_317_val318|        scalar|
|data_318_val319  |   in|    8|     ap_none|                                                            data_318_val319|        scalar|
|data_319_val320  |   in|    8|     ap_none|                                                            data_319_val320|        scalar|
|data_320_val321  |   in|    8|     ap_none|                                                            data_320_val321|        scalar|
|data_321_val322  |   in|    8|     ap_none|                                                            data_321_val322|        scalar|
|data_322_val323  |   in|    8|     ap_none|                                                            data_322_val323|        scalar|
|data_323_val324  |   in|    8|     ap_none|                                                            data_323_val324|        scalar|
|data_324_val325  |   in|    8|     ap_none|                                                            data_324_val325|        scalar|
|data_325_val326  |   in|    8|     ap_none|                                                            data_325_val326|        scalar|
|data_326_val327  |   in|    8|     ap_none|                                                            data_326_val327|        scalar|
|data_327_val328  |   in|    8|     ap_none|                                                            data_327_val328|        scalar|
|data_328_val329  |   in|    8|     ap_none|                                                            data_328_val329|        scalar|
|data_329_val330  |   in|    8|     ap_none|                                                            data_329_val330|        scalar|
|data_330_val331  |   in|    8|     ap_none|                                                            data_330_val331|        scalar|
|data_331_val332  |   in|    8|     ap_none|                                                            data_331_val332|        scalar|
|data_332_val333  |   in|    8|     ap_none|                                                            data_332_val333|        scalar|
|data_333_val334  |   in|    8|     ap_none|                                                            data_333_val334|        scalar|
|data_334_val335  |   in|    8|     ap_none|                                                            data_334_val335|        scalar|
|data_335_val336  |   in|    8|     ap_none|                                                            data_335_val336|        scalar|
|data_336_val337  |   in|    8|     ap_none|                                                            data_336_val337|        scalar|
|data_337_val338  |   in|    8|     ap_none|                                                            data_337_val338|        scalar|
|data_338_val339  |   in|    8|     ap_none|                                                            data_338_val339|        scalar|
|data_339_val340  |   in|    8|     ap_none|                                                            data_339_val340|        scalar|
|data_340_val341  |   in|    8|     ap_none|                                                            data_340_val341|        scalar|
|data_341_val342  |   in|    8|     ap_none|                                                            data_341_val342|        scalar|
|data_342_val343  |   in|    8|     ap_none|                                                            data_342_val343|        scalar|
|data_343_val344  |   in|    8|     ap_none|                                                            data_343_val344|        scalar|
|data_344_val345  |   in|    8|     ap_none|                                                            data_344_val345|        scalar|
|data_345_val346  |   in|    8|     ap_none|                                                            data_345_val346|        scalar|
|data_346_val347  |   in|    8|     ap_none|                                                            data_346_val347|        scalar|
|data_347_val348  |   in|    8|     ap_none|                                                            data_347_val348|        scalar|
|data_348_val349  |   in|    8|     ap_none|                                                            data_348_val349|        scalar|
|data_349_val350  |   in|    8|     ap_none|                                                            data_349_val350|        scalar|
|data_350_val351  |   in|    8|     ap_none|                                                            data_350_val351|        scalar|
|data_351_val352  |   in|    8|     ap_none|                                                            data_351_val352|        scalar|
|data_352_val353  |   in|    8|     ap_none|                                                            data_352_val353|        scalar|
|data_353_val354  |   in|    8|     ap_none|                                                            data_353_val354|        scalar|
|data_354_val355  |   in|    8|     ap_none|                                                            data_354_val355|        scalar|
|data_355_val356  |   in|    8|     ap_none|                                                            data_355_val356|        scalar|
|data_356_val357  |   in|    8|     ap_none|                                                            data_356_val357|        scalar|
|data_357_val358  |   in|    8|     ap_none|                                                            data_357_val358|        scalar|
|data_358_val359  |   in|    8|     ap_none|                                                            data_358_val359|        scalar|
|data_359_val360  |   in|    8|     ap_none|                                                            data_359_val360|        scalar|
|data_360_val361  |   in|    8|     ap_none|                                                            data_360_val361|        scalar|
|data_361_val362  |   in|    8|     ap_none|                                                            data_361_val362|        scalar|
|data_362_val363  |   in|    8|     ap_none|                                                            data_362_val363|        scalar|
|data_363_val364  |   in|    8|     ap_none|                                                            data_363_val364|        scalar|
|data_364_val365  |   in|    8|     ap_none|                                                            data_364_val365|        scalar|
|data_365_val366  |   in|    8|     ap_none|                                                            data_365_val366|        scalar|
|data_366_val367  |   in|    8|     ap_none|                                                            data_366_val367|        scalar|
|data_367_val368  |   in|    8|     ap_none|                                                            data_367_val368|        scalar|
|data_368_val369  |   in|    8|     ap_none|                                                            data_368_val369|        scalar|
|data_369_val370  |   in|    8|     ap_none|                                                            data_369_val370|        scalar|
|data_370_val371  |   in|    8|     ap_none|                                                            data_370_val371|        scalar|
|data_371_val372  |   in|    8|     ap_none|                                                            data_371_val372|        scalar|
|data_372_val373  |   in|    8|     ap_none|                                                            data_372_val373|        scalar|
|data_373_val374  |   in|    8|     ap_none|                                                            data_373_val374|        scalar|
|data_374_val375  |   in|    8|     ap_none|                                                            data_374_val375|        scalar|
|data_375_val376  |   in|    8|     ap_none|                                                            data_375_val376|        scalar|
|data_376_val377  |   in|    8|     ap_none|                                                            data_376_val377|        scalar|
|data_377_val378  |   in|    8|     ap_none|                                                            data_377_val378|        scalar|
|data_378_val379  |   in|    8|     ap_none|                                                            data_378_val379|        scalar|
|data_379_val380  |   in|    8|     ap_none|                                                            data_379_val380|        scalar|
|data_380_val381  |   in|    8|     ap_none|                                                            data_380_val381|        scalar|
|data_381_val382  |   in|    8|     ap_none|                                                            data_381_val382|        scalar|
|data_382_val383  |   in|    8|     ap_none|                                                            data_382_val383|        scalar|
|data_383_val384  |   in|    8|     ap_none|                                                            data_383_val384|        scalar|
|data_384_val385  |   in|    8|     ap_none|                                                            data_384_val385|        scalar|
|data_385_val386  |   in|    8|     ap_none|                                                            data_385_val386|        scalar|
|data_386_val387  |   in|    8|     ap_none|                                                            data_386_val387|        scalar|
|data_387_val388  |   in|    8|     ap_none|                                                            data_387_val388|        scalar|
|data_388_val389  |   in|    8|     ap_none|                                                            data_388_val389|        scalar|
|data_389_val390  |   in|    8|     ap_none|                                                            data_389_val390|        scalar|
|data_390_val391  |   in|    8|     ap_none|                                                            data_390_val391|        scalar|
|data_391_val392  |   in|    8|     ap_none|                                                            data_391_val392|        scalar|
|data_392_val393  |   in|    8|     ap_none|                                                            data_392_val393|        scalar|
|data_393_val394  |   in|    8|     ap_none|                                                            data_393_val394|        scalar|
|data_394_val395  |   in|    8|     ap_none|                                                            data_394_val395|        scalar|
|data_395_val396  |   in|    8|     ap_none|                                                            data_395_val396|        scalar|
|data_396_val397  |   in|    8|     ap_none|                                                            data_396_val397|        scalar|
|data_397_val398  |   in|    8|     ap_none|                                                            data_397_val398|        scalar|
|data_398_val399  |   in|    8|     ap_none|                                                            data_398_val399|        scalar|
|data_399_val400  |   in|    8|     ap_none|                                                            data_399_val400|        scalar|
|data_400_val401  |   in|    8|     ap_none|                                                            data_400_val401|        scalar|
|data_401_val402  |   in|    8|     ap_none|                                                            data_401_val402|        scalar|
|data_402_val403  |   in|    8|     ap_none|                                                            data_402_val403|        scalar|
|data_403_val404  |   in|    8|     ap_none|                                                            data_403_val404|        scalar|
|data_404_val405  |   in|    8|     ap_none|                                                            data_404_val405|        scalar|
|data_405_val406  |   in|    8|     ap_none|                                                            data_405_val406|        scalar|
|data_406_val407  |   in|    8|     ap_none|                                                            data_406_val407|        scalar|
|data_407_val408  |   in|    8|     ap_none|                                                            data_407_val408|        scalar|
|data_408_val409  |   in|    8|     ap_none|                                                            data_408_val409|        scalar|
|data_409_val410  |   in|    8|     ap_none|                                                            data_409_val410|        scalar|
|data_410_val411  |   in|    8|     ap_none|                                                            data_410_val411|        scalar|
|data_411_val412  |   in|    8|     ap_none|                                                            data_411_val412|        scalar|
|data_412_val413  |   in|    8|     ap_none|                                                            data_412_val413|        scalar|
|data_413_val414  |   in|    8|     ap_none|                                                            data_413_val414|        scalar|
|data_414_val415  |   in|    8|     ap_none|                                                            data_414_val415|        scalar|
|data_415_val416  |   in|    8|     ap_none|                                                            data_415_val416|        scalar|
|data_416_val417  |   in|    8|     ap_none|                                                            data_416_val417|        scalar|
|data_417_val418  |   in|    8|     ap_none|                                                            data_417_val418|        scalar|
|data_418_val419  |   in|    8|     ap_none|                                                            data_418_val419|        scalar|
|data_419_val420  |   in|    8|     ap_none|                                                            data_419_val420|        scalar|
|data_420_val421  |   in|    8|     ap_none|                                                            data_420_val421|        scalar|
|data_421_val422  |   in|    8|     ap_none|                                                            data_421_val422|        scalar|
|data_422_val423  |   in|    8|     ap_none|                                                            data_422_val423|        scalar|
|data_423_val424  |   in|    8|     ap_none|                                                            data_423_val424|        scalar|
|data_424_val425  |   in|    8|     ap_none|                                                            data_424_val425|        scalar|
|data_425_val426  |   in|    8|     ap_none|                                                            data_425_val426|        scalar|
|data_426_val427  |   in|    8|     ap_none|                                                            data_426_val427|        scalar|
|data_427_val428  |   in|    8|     ap_none|                                                            data_427_val428|        scalar|
|data_428_val429  |   in|    8|     ap_none|                                                            data_428_val429|        scalar|
|data_429_val430  |   in|    8|     ap_none|                                                            data_429_val430|        scalar|
|data_430_val431  |   in|    8|     ap_none|                                                            data_430_val431|        scalar|
|data_431_val432  |   in|    8|     ap_none|                                                            data_431_val432|        scalar|
|data_432_val433  |   in|    8|     ap_none|                                                            data_432_val433|        scalar|
|data_433_val434  |   in|    8|     ap_none|                                                            data_433_val434|        scalar|
|data_434_val435  |   in|    8|     ap_none|                                                            data_434_val435|        scalar|
|data_435_val436  |   in|    8|     ap_none|                                                            data_435_val436|        scalar|
|data_436_val437  |   in|    8|     ap_none|                                                            data_436_val437|        scalar|
|data_437_val438  |   in|    8|     ap_none|                                                            data_437_val438|        scalar|
|data_438_val439  |   in|    8|     ap_none|                                                            data_438_val439|        scalar|
|data_439_val440  |   in|    8|     ap_none|                                                            data_439_val440|        scalar|
|data_440_val441  |   in|    8|     ap_none|                                                            data_440_val441|        scalar|
|data_441_val442  |   in|    8|     ap_none|                                                            data_441_val442|        scalar|
|data_442_val443  |   in|    8|     ap_none|                                                            data_442_val443|        scalar|
|data_443_val444  |   in|    8|     ap_none|                                                            data_443_val444|        scalar|
|data_444_val445  |   in|    8|     ap_none|                                                            data_444_val445|        scalar|
|data_445_val446  |   in|    8|     ap_none|                                                            data_445_val446|        scalar|
|data_446_val447  |   in|    8|     ap_none|                                                            data_446_val447|        scalar|
|data_447_val448  |   in|    8|     ap_none|                                                            data_447_val448|        scalar|
|data_448_val449  |   in|    8|     ap_none|                                                            data_448_val449|        scalar|
|data_449_val450  |   in|    8|     ap_none|                                                            data_449_val450|        scalar|
|data_450_val451  |   in|    8|     ap_none|                                                            data_450_val451|        scalar|
|data_451_val452  |   in|    8|     ap_none|                                                            data_451_val452|        scalar|
|data_452_val453  |   in|    8|     ap_none|                                                            data_452_val453|        scalar|
|data_453_val454  |   in|    8|     ap_none|                                                            data_453_val454|        scalar|
|data_454_val455  |   in|    8|     ap_none|                                                            data_454_val455|        scalar|
|data_455_val456  |   in|    8|     ap_none|                                                            data_455_val456|        scalar|
|data_456_val457  |   in|    8|     ap_none|                                                            data_456_val457|        scalar|
|data_457_val458  |   in|    8|     ap_none|                                                            data_457_val458|        scalar|
|data_458_val459  |   in|    8|     ap_none|                                                            data_458_val459|        scalar|
|data_459_val460  |   in|    8|     ap_none|                                                            data_459_val460|        scalar|
|data_460_val461  |   in|    8|     ap_none|                                                            data_460_val461|        scalar|
|data_461_val462  |   in|    8|     ap_none|                                                            data_461_val462|        scalar|
|data_462_val463  |   in|    8|     ap_none|                                                            data_462_val463|        scalar|
|data_463_val464  |   in|    8|     ap_none|                                                            data_463_val464|        scalar|
|data_464_val465  |   in|    8|     ap_none|                                                            data_464_val465|        scalar|
|data_465_val466  |   in|    8|     ap_none|                                                            data_465_val466|        scalar|
|data_466_val467  |   in|    8|     ap_none|                                                            data_466_val467|        scalar|
|data_467_val468  |   in|    8|     ap_none|                                                            data_467_val468|        scalar|
|data_468_val469  |   in|    8|     ap_none|                                                            data_468_val469|        scalar|
|data_469_val470  |   in|    8|     ap_none|                                                            data_469_val470|        scalar|
|data_470_val471  |   in|    8|     ap_none|                                                            data_470_val471|        scalar|
|data_471_val472  |   in|    8|     ap_none|                                                            data_471_val472|        scalar|
|data_472_val473  |   in|    8|     ap_none|                                                            data_472_val473|        scalar|
|data_473_val474  |   in|    8|     ap_none|                                                            data_473_val474|        scalar|
|data_474_val475  |   in|    8|     ap_none|                                                            data_474_val475|        scalar|
|data_475_val476  |   in|    8|     ap_none|                                                            data_475_val476|        scalar|
|data_476_val477  |   in|    8|     ap_none|                                                            data_476_val477|        scalar|
|data_477_val478  |   in|    8|     ap_none|                                                            data_477_val478|        scalar|
|data_478_val479  |   in|    8|     ap_none|                                                            data_478_val479|        scalar|
|data_479_val480  |   in|    8|     ap_none|                                                            data_479_val480|        scalar|
|data_480_val481  |   in|    8|     ap_none|                                                            data_480_val481|        scalar|
|data_481_val482  |   in|    8|     ap_none|                                                            data_481_val482|        scalar|
|data_482_val483  |   in|    8|     ap_none|                                                            data_482_val483|        scalar|
|data_483_val484  |   in|    8|     ap_none|                                                            data_483_val484|        scalar|
|data_484_val485  |   in|    8|     ap_none|                                                            data_484_val485|        scalar|
|data_485_val486  |   in|    8|     ap_none|                                                            data_485_val486|        scalar|
|data_486_val487  |   in|    8|     ap_none|                                                            data_486_val487|        scalar|
|data_487_val488  |   in|    8|     ap_none|                                                            data_487_val488|        scalar|
|data_488_val489  |   in|    8|     ap_none|                                                            data_488_val489|        scalar|
|data_489_val490  |   in|    8|     ap_none|                                                            data_489_val490|        scalar|
|data_490_val491  |   in|    8|     ap_none|                                                            data_490_val491|        scalar|
|data_491_val492  |   in|    8|     ap_none|                                                            data_491_val492|        scalar|
|data_492_val493  |   in|    8|     ap_none|                                                            data_492_val493|        scalar|
|data_493_val494  |   in|    8|     ap_none|                                                            data_493_val494|        scalar|
|data_494_val495  |   in|    8|     ap_none|                                                            data_494_val495|        scalar|
|data_495_val496  |   in|    8|     ap_none|                                                            data_495_val496|        scalar|
|data_496_val497  |   in|    8|     ap_none|                                                            data_496_val497|        scalar|
|data_497_val498  |   in|    8|     ap_none|                                                            data_497_val498|        scalar|
|data_498_val499  |   in|    8|     ap_none|                                                            data_498_val499|        scalar|
|data_499_val500  |   in|    8|     ap_none|                                                            data_499_val500|        scalar|
|data_500_val501  |   in|    8|     ap_none|                                                            data_500_val501|        scalar|
|data_501_val502  |   in|    8|     ap_none|                                                            data_501_val502|        scalar|
|data_502_val503  |   in|    8|     ap_none|                                                            data_502_val503|        scalar|
|data_503_val504  |   in|    8|     ap_none|                                                            data_503_val504|        scalar|
|data_504_val505  |   in|    8|     ap_none|                                                            data_504_val505|        scalar|
|data_505_val506  |   in|    8|     ap_none|                                                            data_505_val506|        scalar|
|data_506_val507  |   in|    8|     ap_none|                                                            data_506_val507|        scalar|
|data_507_val508  |   in|    8|     ap_none|                                                            data_507_val508|        scalar|
|data_508_val509  |   in|    8|     ap_none|                                                            data_508_val509|        scalar|
|data_509_val510  |   in|    8|     ap_none|                                                            data_509_val510|        scalar|
|data_510_val511  |   in|    8|     ap_none|                                                            data_510_val511|        scalar|
|data_511_val512  |   in|    8|     ap_none|                                                            data_511_val512|        scalar|
+-----------------+-----+-----+------------+---------------------------------------------------------------------------+--------------+

