epoch,ebops_traced,ebops,ebops_in_training,pid_ebops,ebops_in_training_over_traced,ebops_above_floor,beta,learning_rate,val_categorical_accuracy,val_macro_auc,train_categorical_accuracy,task_loss,loss,budget_met,ebops_budget_met,nondegenerate,feasible_degenerate,activation_bits_mean,target_ebops,val_accuracy_threshold,line,softmax_ebops,attn_nonsoftmax_ebops
0,1,11948350,12617004.0,11948350.0,1.0559620365991957,11776824,1e-07,0.003,0.5384193548387097,0.8278904535945465,0.4355161488056183,1.3100495338439941,2.6946709156036377,0,0,1,0,8.46393578089954,350000,0.2109624456315518,1,1148931,10171635
1,0,,12642623.0,12642623.0,,,9.999999999692396e-08,0.00299996918071407,0.5821290322580646,0.8684309803150377,0.5745484232902527,1.0635874271392822,2.3015427589416504,,,,,8.475268563333726,350000,0.2109624456315518,2,,
2,0,,10149079.0,10149079.0,,,1.2659533691483307e-07,0.0029998767241231398,0.572258064516129,0.8591975975437751,0.6022491455078125,1.01619553565979,2.431084632873535,,,,,7.495691181678668,350000,0.2109624456315518,3,,
3,0,,9467182.0,9467182.0,,,1.2026107560943674e-07,0.002999722634027738,0.6401935483870967,0.8831304430183184,0.6185573935508728,1.009392499923706,2.220212697982788,,,,,6.3411639711958445,350000,0.2109624456315518,4,,
4,0,,7948725.0,7948725.0,,,1.3228993744269268e-07,0.0029995069167619045,0.6419838709677419,0.8851698709630412,0.6268297433853149,0.9945406913757324,2.065767526626587,,,,,6.096800849958683,350000,0.2109624456315518,5,,
5,0,,6312881.0,6312881.0,,,1.298419497367123e-07,0.0029992295811929314,0.6253387096774193,0.8777680583395391,0.6298351287841797,0.9899578094482422,1.9415833950042725,,,,,5.420611498052178,350000,0.2109624456315518,6,,
6,0,,5899748.0,5899748.0,,,1.1916621270684331e-07,0.002998890638720998,0.6129032258064516,0.878214180168565,0.6243548393249512,0.9949467182159424,1.7295852899551392,,,,,5.242238224530752,350000,0.2109624456315518,7,,
7,0,,4890224.0,4890224.0,,,1.282617812020762e-07,0.0029984901032787015,0.6327258064516129,0.8817102692497866,0.6219982504844666,0.9990110993385315,1.6848608255386353,,,,,4.947113681973793,350000,0.2109624456315518,8,,
8,0,,4512744.0,4512744.0,,,1.2129854549017405e-07,0.002998027991330485,0.49974193548387097,0.7382354900759093,0.6196093559265137,1.0025944709777832,1.5769264698028564,,,,,4.7335615629795775,350000,0.2109624456315518,9,,
9,1,3324374,3814803.0,3324374.0,1.1475252182816975,3152848,1.2719972447315843e-07,0.0029975043218719607,0.6270806451612904,0.8825489052484169,0.6294874548912048,0.9712702035903931,1.4836517572402954,0,0,1,0,4.173415181206469,350000,0.2109624456315518,10,384452,2468332
10,0,,3474426.0,3474426.0,,,1.048666614079156e-07,0.0029969191164291296,0.604516129032258,0.8768451359247125,0.6236433982849121,0.9791162014007568,1.3317797183990479,,,,,3.8692008027387557,350000,0.2109624456315518,11,,
11,0,,3201230.0,3201230.0,,,1.2292816029766516e-07,0.0029962723990574944,0.6188064516129033,0.8785007425505265,0.6213691830635071,0.9810179471969604,1.3823944330215454,,,,,3.4921496871679847,350000,0.2109624456315518,12,,
12,0,,2972316.0,2972316.0,,,1.265166359907153e-07,0.002995564196341074,0.6335161290322581,0.8830133415434253,0.6201541423797607,0.9785486459732056,1.3836487531661987,,,,,2.709125250855861,350000,0.2109624456315518,13,,
13,0,,2584520.0,2584520.0,,,1.3073054858122766e-07,0.002994794537391308,0.6411612903225806,0.8884419088917429,0.6226021647453308,0.9770896434783936,1.3324668407440186,,,,,1.8962342108369732,350000,0.2109624456315518,14,,
14,0,,2438069.0,2438069.0,,,1.2562543951570907e-07,0.002993963453845861,0.6010483870967742,0.8689637510814266,0.6206362247467041,0.977275013923645,1.2956181764602661,,,,,1.5783260535946169,350000,0.2109624456315518,15,,
15,0,,2318351.0,2318351.0,,,1.3058478754414452e-07,0.0029930709798673227,0.6255322580645162,0.878808376056833,0.6196380257606506,0.975618839263916,1.285388469696045,,,,,1.408688466532877,350000,0.2109624456315518,16,,
16,0,,2377482.0,2377482.0,,,1.3648387385672524e-07,0.002992117152141803,0.6174516129032258,0.8757834731244835,0.6098118424415588,0.9882240295410156,1.304620385169983,,,,,1.2775351198205642,350000,0.2109624456315518,17,,
17,0,,2239231.0,2239231.0,,,1.5403586396407347e-07,0.0029911020098774234,0.6235645161290323,0.8812678394937727,0.6073566675186157,0.993043839931488,1.3451716899871826,,,,,1.0259709597450124,350000,0.2109624456315518,18,,
18,0,,2089111.0,2089111.0,,,1.5918606664394534e-07,0.0029900255948027065,0.6170322580645161,0.8750830460118575,0.61137455701828,0.9905152320861816,1.3372904062271118,,,,,0.9665919017825523,350000,0.2109624456315518,19,,
19,1,1878470,1877895.0,1878470.0,0.999693899822728,1706944,1.6239114474959616e-07,0.00298888795116486,0.6168870967741935,0.8733658128154372,0.5999104380607605,1.0166653394699097,1.3396228551864624,0,0,1,0,2.0675244953370324,350000,0.2109624456315518,20,196161,1215047
20,0,,1869346.0,1869346.0,,,1.5881514009685773e-07,0.0029876891257279575,0.6049677419354839,0.8697343419271458,0.5988925099372864,1.0189083814620972,1.3150238990783691,,,,,2.01145083225121,350000,0.2109624456315518,21,,
21,0,,1610376.0,1610376.0,,,1.7185351283406723e-07,0.0029864291677710185,0.5716774193548387,0.8574162148859564,0.5990734696388245,1.0231088399887085,1.3223682641983032,,,,,1.5577853854326527,350000,0.2109624456315518,22,,
22,0,,1365092.0,1365092.0,,,1.5978609111679386e-07,0.0029851081290859782,0.6234677419354838,0.8747591041893875,0.5835340619087219,1.0616731643676758,1.2958208322525024,,,,,1.0440325817494982,350000,0.2109624456315518,23,,
23,0,,1262766.0,1262766.0,,,1.4498674453790123e-07,0.002983726063975564,0.5603870967741935,0.8478186422822456,0.5886523723602295,1.050460934638977,1.24065363407135,,,,,1.0685869436902373,350000,0.2109624456315518,24,,
24,0,,1226029.0,1226029.0,,,1.4300525567404055e-07,0.0029822830292510587,0.6054193548387097,0.8677215514723138,0.5957562923431396,1.0394004583358765,1.2183276414871216,,,,,1.0912525085586118,350000,0.2109624456315518,25,,
25,0,,1183295.0,1183295.0,,,1.4782622842903799e-07,0.0029807790842299683,0.5635967741935484,0.8471019917823458,0.595562756061554,1.0376709699630737,1.2143919467926025,,,,,1.104237988431118,350000,0.2109624456315518,26,,
26,0,,1154483.0,1154483.0,,,1.5163345563207759e-07,0.0029792142907335813,0.5840483870967742,0.856865631980412,0.5664229393005371,1.1176691055297852,1.2959076166152954,,,,,1.047456026443159,350000,0.2109624456315518,27,,
27,0,,1073276.0,1073276.0,,,1.5703827645291903e-07,0.0029775887130844302,0.5963064516129032,0.8607878510004039,0.5794067978858948,1.0729899406433105,1.2480478286743164,,,,,0.7256522252390509,350000,0.2109624456315518,28,,
28,0,,1015525.0,1015525.0,,,1.5440507283277342e-07,0.0029759024181036453,0.6029677419354839,0.8714678269407248,0.5861272811889648,1.0566178560256958,1.219612717628479,,,,,0.6696966119702514,350000,0.2109624456315518,29,,
29,1,1032965,941742.0,1032965.0,0.9116881985352844,861439,1.5408909148211608e-07,0.002974155475108208,0.5707741935483871,0.8438086047630933,0.5819247364997864,1.0679835081100464,1.218314290046692,0,0,1,0,1.3827175067878645,350000,0.2109624456315518,30,171526,373702
30,0,,1042460.0,1042460.0,,,1.6545037656664853e-07,0.0029723479559081024,0.5810483870967742,0.859929173196576,0.582234799861908,1.0684386491775513,1.2397847175598145,,,,,1.2860347066462048,350000,0.2109624456315518,31,,
31,0,,1021992.0,1021992.0,,,1.7633605517062654e-07,0.002970479934803364,0.5573548387096774,0.8504125416566639,0.5728656053543091,1.0760635137557983,1.2572963237762451,,,,,1.1915948530279779,350000,0.2109624456315518,32,,
32,0,,905134.0,905134.0,,,1.8238881008796972e-07,0.002968551488581023,0.6038709677419355,0.864678663082439,0.5658763647079468,1.088158369064331,1.263604760169983,,,,,0.7312005666391217,350000,0.2109624456315518,33,,
33,0,,888643.0,888643.0,,,1.6939313836486573e-07,0.0029665626965119517,0.5334354838709677,0.8425882500653978,0.5630322694778442,1.102228045463562,1.2539079189300537,,,,,0.6374690119230315,350000,0.2109624456315518,34,,
34,0,,852331.0,852331.0,,,1.7423813895107967e-07,0.0029645136403476007,0.5766774193548387,0.8567137505726302,0.5636845827102661,1.1011656522750854,1.252274751663208,,,,,0.5137528036831543,350000,0.2109624456315518,35,,
35,0,,829413.0,829413.0,,,1.7472344976266503e-07,0.0029624044043166445,0.5382903225806451,0.8448252395644514,0.5660287141799927,1.0989874601364136,1.2447091341018677,,,,,0.4300554834140007,350000,0.2109624456315518,36,,
36,0,,804526.0,804526.0,,,1.7752065402958427e-07,0.0029602350751215148,0.5745645161290323,0.8543547480225371,0.5673548579216003,1.0970375537872314,1.2409882545471191,,,,,0.33101168693188526,350000,0.2109624456315518,37,,
37,0,,775913.0,775913.0,,,1.7951127724056916e-07,0.0029580057419348383,0.5287580645161291,0.8393350569489811,0.5637831687927246,1.1028938293457031,1.2445435523986816,,,,,0.16562389328296542,350000,0.2109624456315518,38,,
38,0,,769747.0,769747.0,,,1.801573274421804e-07,0.00295571649639577,0.5723709677419355,0.8493916266036582,0.569284975528717,1.0921509265899658,1.2317380905151367,,,,,0.15983945224884902,350000,0.2109624456315518,39,,
39,1,775156,769411.0,775156.0,0.9925885886195811,603630,1.8590920998099964e-07,0.0029533674326062283,0.5804032258064517,0.853842298024605,0.5608172416687012,1.116963267326355,1.260526180267334,0,0,1,0,0.5988667217565813,350000,0.2109624456315518,40,171526,122652
40,0,,764208.0,764208.0,,,1.9480857376393094e-07,0.0029509586471270248,0.5833064516129032,0.8477238796497126,0.5612347722053528,1.1128406524658203,1.2641537189483643,,,,,0.4661787274229725,350000,0.2109624456315518,41,,
41,0,,737885.0,737885.0,,,1.9970443527220398e-07,0.0029484902389738956,0.5240483870967741,0.8256933526034039,0.5578781366348267,1.1189004182815552,1.2676208019256592,,,,,0.2577027505607366,350000,0.2109624456315518,42,,
42,0,,726467.0,726467.0,,,2.001524195201219e-07,0.002945962309613432,0.5823225806451613,0.8566666904091722,0.5487132668495178,1.1377685070037842,1.2833421230316162,,,,,0.15617990792114272,350000,0.2109624456315518,43,,
43,0,,710457.0,710457.0,,,2.0438331828825087e-07,0.002943374962958909,0.5769354838709677,0.8586118564521407,0.5544068217277527,1.131252408027649,1.278607726097107,,,,,0.14956911816786683,350000,0.2109624456315518,44,,
44,0,,720487.0,720487.0,,,2.0708127968514484e-07,0.0029407283053660134,0.5412258064516129,0.8381117260240012,0.542919397354126,1.1566689014434814,1.3045934438705444,,,,,0.1441388265848188,350000,0.2109624456315518,45,,
45,0,,691773.0,691773.0,,,2.1772439718458217e-07,0.0029380224456284727,0.5230322580645161,0.8323379468404178,0.5361236929893494,1.1736305952072144,1.3274109363555908,,,,,0.13611143902726952,350000,0.2109624456315518,46,,
46,0,,665233.0,665233.0,,,2.162914406194746e-07,0.0029352574949735822,0.5283064516129032,0.8111300675029562,0.5379641652107239,1.1570550203323364,1.3038541078567505,,,,,0.12241766025262661,350000,0.2109624456315518,47,,
47,0,,656684.0,656684.0,,,2.1478047468371752e-07,0.0029324335670576347,0.5412258064516129,0.8334566361023606,0.536345899105072,1.1667466163635254,1.3099241256713867,,,,,0.10352968952898123,350000,0.2109624456315518,48,,
48,0,,659700.0,659700.0,,,2.1879725410071899e-07,0.0029295507779612453,0.5531612903225807,0.834802405377389,0.5292025208473206,1.1751301288604736,1.3193172216415405,,,,,0.10057844410341164,350000,0.2109624456315518,49,,
49,1,618383,650646.0,618383.0,1.052173167761727,446857,2.2687980408304817e-07,0.002926609246184583,0.5264193548387097,0.8292042780403017,0.5413476824760437,1.1532691717147827,1.3021079301834106,0,0,1,0,0.1512218156061858,350000,0.2109624456315518,50,171526,3072
50,0,,655029.0,655029.0,,,2.1880959945745066e-07,0.0029236090926424976,0.5193225806451612,0.8293390724683853,0.5362132787704468,1.1629328727722168,1.3042643070220947,,,,,0.1519301145083225,350000,0.2109624456315518,51,,
51,0,,641895.0,641895.0,,,2.391547336098947e-07,0.002920550440659551,0.5275,0.830980110210674,0.5349964499473572,1.1645021438598633,1.3197518587112427,,,,,0.1469720221933656,350000,0.2109624456315518,52,,
52,0,,645628.0,645628.0,,,2.415751420922165e-07,0.002917433415964946,0.5259677419354839,0.8423539107259413,0.5273208022117615,1.174185872077942,1.3298707008361816,,,,,0.11108487781843938,350000,0.2109624456315518,53,,
53,0,,646526.0,646526.0,,,2.5053379867891567e-07,0.0029142581466873596,0.5564677419354839,0.8434142206137187,0.5283835530281067,1.173387050628662,1.3351701498031616,,,,,0.10754338330775587,350000,0.2109624456315518,54,,
54,0,,639957.0,639957.0,,,2.5869966045684425e-07,0.0029110247633496746,0.5097903225806452,0.8042725746184504,0.5224749445915222,1.1883420944213867,1.3550450801849365,,,,,0.10506433715027742,350000,0.2109624456315518,55,,
55,0,,650188.0,650188.0,,,2.6391543792395224e-07,0.0029077333988636158,0.5148548387096774,0.8255709984942218,0.528261661529541,1.168971300125122,1.3387188911437988,,,,,0.10482823751623185,350000,0.2109624456315518,56,,
56,0,,631094.0,631094.0,,,2.7656772455018697e-07,0.002904384188524286,0.4829193548387097,0.8242160114922156,0.5302186608314514,1.1659507751464844,1.3423309326171875,,,,,0.10105064337150277,350000,0.2109624456315518,57,,
57,0,,632078.0,632078.0,,,2.764762933335897e-07,0.0029009772700046045,0.46875806451612906,0.7853324390313882,0.5276487469673157,1.1798324584960938,1.3558530807495117,,,,,0.08322512100106245,350000,0.2109624456315518,58,,
58,0,,633726.0,633726.0,,,2.852132209683149e-07,0.002897512783349647,0.5489354838709677,0.8323755246600625,0.5219749212265015,1.1934823989868164,1.3739835023880005,,,,,0.08381537008617637,350000,0.2109624456315518,59,,
59,1,579184,633176.0,579184.0,1.093220807204619,407658,2.9457248472454095e-07,0.002893990870970891,0.5056612903225807,0.7892485086871774,0.5248656272888184,1.1921066045761108,1.3778706789016724,0,0,1,0,0.11639711958446465,350000,0.2109624456315518,60,171526,1536
60,0,,609564.0,609564.0,,,2.760861586470486e-07,0.0028904116776403595,0.5659516129032258,0.8351737199730762,0.5181093215942383,1.204245686531067,1.3724312782287598,,,,,0.12631330421437847,350000,0.2109624456315518,61,,
61,0,,623963.0,623963.0,,,2.987410835058762e-07,0.0028867753504846724,0.5481774193548387,0.8252943551051422,0.5286308526992798,1.1830495595932007,1.3672490119934082,,,,,0.12690355329949238,350000,0.2109624456315518,62,,
62,0,,628137.0,628137.0,,,3.147668722993581e-07,0.0028830820389789957,0.5120967741935484,0.8222390618105992,0.5098315477371216,1.219528317451477,1.417377233505249,,,,,0.09680084995868256,350000,0.2109624456315518,63,,
63,0,,622472.0,622472.0,,,3.2627505667042096e-07,0.0028793318949409006,0.488258064516129,0.801508015984681,0.529860258102417,1.1835047006607056,1.38664972782135,,,,,0.09609255105654586,350000,0.2109624456315518,64,,
64,0,,608580.0,608580.0,,,3.3277593121251416e-07,0.002875525072524119,0.5740483870967742,0.8465019825285159,0.5352168679237366,1.1743308305740356,1.3802143335342407,,,,,0.0936135048990674,350000,0.2109624456315518,65,,
65,0,,603461.0,603461.0,,,3.34473907642974e-07,0.0028716617282122108,0.48935483870967744,0.8142018384159238,0.5339390635490417,1.1733450889587402,1.376135230064392,,,,,0.09184275764372565,350000,0.2109624456315518,66,,
66,0,,607547.0,607547.0,,,3.408182439763451e-07,0.002867742020812129,0.5425806451612903,0.8309790279133764,0.5234372615814209,1.1981042623519897,1.4044108390808105,,,,,0.09137055837563451,350000,0.2109624456315518,67,,
67,0,,609585.0,609585.0,,,3.52719198454197e-07,0.002863766111447693,0.5225645161290322,0.8309350056801481,0.5269802808761597,1.1898407936096191,1.404025673866272,,,,,0.08015582575847008,350000,0.2109624456315518,68,,
68,0,,599224.0,599224.0,,,3.638578938990977e-07,0.0028597341635529625,0.5325,0.8253551836480308,0.5285197496414185,1.1839525699615479,1.4029515981674194,,,,,0.07791287923503719,350000,0.2109624456315518,69,,
69,1,552095,605407.0,552095.0,1.0965630914969344,380569,3.674199947475243e-07,0.0028556463428655253,0.5218387096774194,0.8187980071413572,0.5232455134391785,1.1905090808868408,1.412858486175537,0,0,1,0,0.10624483532050526,350000,0.2109624456315518,70,171526,0
70,0,,595619.0,595619.0,,,3.463256753608066e-07,0.002851502817419677,0.5400967741935484,0.8405549807504664,0.5236236453056335,1.1905138492584229,1.3930046558380127,,,,,0.11616101995041908,350000,0.2109624456315518,71,,
71,0,,595692.0,595692.0,,,3.8369350158721037e-07,0.002847303757539522,0.5191774193548387,0.8074354821834347,0.5092992782592773,1.220365285873413,1.4493497610092163,,,,,0.11686931885255578,350000,0.2109624456315518,72,,
72,0,,586405.0,586405.0,,,3.9408087117011537e-07,0.002843049335831963,0.5220806451612903,0.8259105397778412,0.5208207964897156,1.1854552030563354,1.4198861122131348,,,,,0.08688466532876873,350000,0.2109624456315518,73,,
73,0,,592559.0,592559.0,,,3.980775929002715e-07,0.002838739727179615,0.5225967741935484,0.828854038943472,0.512188196182251,1.2076294422149658,1.4419283866882324,,,,,0.08688466532876873,350000,0.2109624456315518,74,,
74,0,,585893.0,585893.0,,,4.1298553860830185e-07,0.0028343751087336086,0.5339677419354839,0.8278222852765287,0.5188028812408447,1.2056775093078613,1.4471173286437988,,,,,0.08605831660960926,350000,0.2109624456315518,75,,
75,0,,587955.0,587955.0,,,4.189952197044871e-07,0.002829955659906314,0.508241935483871,0.8261717746078279,0.5142527222633362,1.2106434106826782,1.4560030698776245,,,,,0.08629441624365482,350000,0.2109624456315518,76,,
76,0,,578657.0,578657.0,,,4.31517734504031e-07,0.0028254815623639617,0.5006451612903225,0.805979200277924,0.5158154368400574,1.2106388807296753,1.4618653059005737,,,,,0.0849958682564042,350000,0.2109624456315518,77,,
77,0,,587950.0,587950.0,,,4.355052858596927e-07,0.002820953000019179,0.5128548387096774,0.825083904640372,0.5228530764579773,1.1912823915481567,1.4465123414993286,,,,,0.07626018179671822,350000,0.2109624456315518,78,,
78,0,,581168.0,581168.0,,,4.541258582258661e-07,0.002816370159023426,0.5193548387096775,0.809651571263369,0.5176792144775391,1.20213782787323,1.466692566871643,,,,,0.07448943454137646,350000,0.2109624456315518,79,,
79,1,528490,580240.0,528490.0,1.0979204904539348,356964,4.604147334077415e-07,0.002811733227759346,0.5444354838709677,0.8290021705453949,0.5236595273017883,1.195967674255371,1.465531349182129,0,0,1,0,0.10187699209066226,350000,0.2109624456315518,80,171526,1536
80,0,,562213.0,562213.0,,,4.2739824048500386e-07,0.0028070423968330226,0.5800645161290322,0.8471003428099287,0.5278171896934509,1.1903876066207886,1.4261350631713867,,,,,0.11037657891630268,350000,0.2109624456315518,81,,
81,0,,561698.0,561698.0,,,4.655737451015552e-07,0.0028022978590661416,0.47546774193548386,0.7982134497506178,0.5247508883476257,1.1890079975128174,1.4515838623046875,,,,,0.11132097745248495,350000,0.2109624456315518,82,,
82,0,,564881.0,564881.0,,,4.7627985966072164e-07,0.002797499809488068,0.5314677419354839,0.8238542312973156,0.5227186679840088,1.1935818195343018,1.4625552892684937,,,,,0.08334317081808523,350000,0.2109624456315518,83,,
83,0,,563445.0,563445.0,,,4.90581032511544e-07,0.002792648445327827,0.5230322580645161,0.8282402864628635,0.5193405151367188,1.1969419717788696,1.4718401432037354,,,,,0.08298902136701689,350000,0.2109624456315518,84,,
84,0,,562855.0,562855.0,,,5.011231767888004e-07,0.0027877439660059984,0.5331774193548388,0.8264172200915088,0.5206612944602966,1.1936787366867065,1.4757022857666016,,,,,0.08039192539251565,350000,0.2109624456315518,85,,
85,0,,553615.0,553615.0,,,5.126322358837244e-07,0.002782786573126517,0.5030483870967742,0.8162663514326944,0.5219677686691284,1.1965012550354004,1.4840831756591797,,,,,0.0792114272222878,350000,0.2109624456315518,86,,
86,0,,550954.0,550954.0,,,5.15910329013374e-07,0.002777776470468387,0.5053225806451613,0.8214323231617163,0.5160645246505737,1.1971845626831055,1.4833984375,,,,,0.07755872978396884,350000,0.2109624456315518,87,,
87,0,,548893.0,548893.0,,,5.252113219016264e-07,0.0027727138639773055,0.5259838709677419,0.8244146190158823,0.5126272439956665,1.2042146921157837,1.4940658807754517,,,,,0.07437138472435367,350000,0.2109624456315518,88,,
88,0,,542213.0,542213.0,,,5.35152321535504e-07,0.0027675989617571973,0.5025,0.8213225089773204,0.5062150955200195,1.2125966548919678,1.5041942596435547,,,,,0.07460748435839924,350000,0.2109624456315518,89,,
89,1,481119,539672.0,481119.0,1.121701699579522,309593,5.403370426606381e-07,0.0027624319740616582,0.49432258064516127,0.809842476691219,0.5111111402511597,1.2027132511138916,1.4960476160049438,0,0,1,0,0.09054420965647503,350000,0.2109624456315518,90,171526,0
90,0,,534430.0,534430.0,,,4.871430902930267e-07,0.002757213113285315,0.4629516129032258,0.7858176865365626,0.5151594877243042,1.2022907733917236,1.455171823501587,,,,,0.10116869318852556,350000,0.2109624456315518,91,,
91,0,,531943.0,531943.0,,,5.526955998631051e-07,0.0027519425939550933,0.5397258064516129,0.827085612716829,0.5108763575553894,1.2095311880111694,1.5030288696289062,,,,,0.10152284263959391,350000,0.2109624456315518,92,,
92,0,,524857.0,524857.0,,,5.617591162997521e-07,0.0027466206327213995,0.534741935483871,0.8180910267067215,0.5096577405929565,1.2027406692504883,1.4993866682052612,,,,,0.07543383307755873,350000,0.2109624456315518,93,,
93,0,,522794.0,522794.0,,,5.656198885648408e-07,0.002741247448349215,0.5407903225806452,0.8272174373336941,0.5156344175338745,1.19004225730896,1.4866100549697876,,,,,0.07448943454137646,350000,0.2109624456315518,94,,
94,0,,518650.0,518650.0,,,5.748140835928647e-07,0.0027358232617091045,0.5098225806451613,0.8122746670744718,0.5118028521537781,1.2006176710128784,1.499761939048767,,,,,0.07354503600519419,350000,0.2109624456315518,95,,
95,0,,514047.0,514047.0,,,5.815827340878213e-07,0.0027303482957681353,0.5164677419354838,0.8241786139648367,0.5038172006607056,1.214219331741333,1.5138189792633057,,,,,0.07472553417542203,350000,0.2109624456315518,96,,
96,0,,506865.0,506865.0,,,5.876066346111113e-07,0.0027248227755807134,0.5265322580645161,0.8277280040380891,0.5149874687194824,1.1986850500106812,1.4978066682815552,,,,,0.07448943454137646,350000,0.2109624456315518,97,,
97,0,,531460.0,531460.0,,,5.902246973265367e-07,0.0027192469282793317,0.46469354838709676,0.7876998140171207,0.5106738209724426,1.2113454341888428,1.5126361846923828,,,,,0.07165623893282966,350000,0.2109624456315518,98,,
98,0,,509444.0,509444.0,,,6.319253605109619e-07,0.0027136209830652337,0.4835322580645161,0.8079979597840523,0.5084713697433472,1.224741816520691,1.5500061511993408,,,,,0.07035769094557903,350000,0.2109624456315518,99,,
99,1,461179,497117.0,461179.0,1.0779263583120653,289653,6.172243823164037e-07,0.0027079451711989914,0.5326129032258065,0.8155529803345999,0.50627601146698,1.225619912147522,1.5368725061416626,0,0,1,0,0.0857041671585409,350000,0.2109624456315518,100,171526,1536
100,0,,490489.0,490489.0,,,5.665082244858492e-07,0.002702219725991001,0.502258064516129,0.815594324900562,0.511324405670166,1.2137290239334106,1.4894752502441406,,,,,0.0958564514225003,350000,0.2109624456315518,101,,
101,0,,500252.0,500252.0,,,6.1276511037019e-07,0.002696444882791889,0.518758064516129,0.8058584432495888,0.5053369402885437,1.2214312553405762,1.5246502161026,,,,,0.09880769684806988,350000,0.2109624456315518,102,,
102,0,,506875.0,506875.0,,,6.362233886454971e-07,0.0026906208789828413,0.5388064516129032,0.823946351058727,0.5104175806045532,1.2215715646743774,1.5415722131729126,,,,,0.07448943454137646,350000,0.2109624456315518,103,,
103,0,,501755.0,501755.0,,,6.566943953610554e-07,0.0026847479539658433,0.5244354838709677,0.8332565365074496,0.5103082656860352,1.2085542678833008,1.5410089492797852,,,,,0.0741352850903081,350000,0.2109624456315518,104,,
104,0,,500175.0,500175.0,,,6.618740138383323e-07,0.0026788263491538396,0.45288709677419353,0.7708756854002174,0.5137903094291687,1.2066959142684937,1.5372653007507324,,,,,0.07319088655412584,350000,0.2109624456315518,105,,
105,0,,504237.0,504237.0,,,6.716736313911715e-07,0.002672856307960811,0.5000967741935484,0.8042452948607834,0.5124014616012573,1.214938759803772,1.5474127531051636,,,,,0.07224648801794357,350000,0.2109624456315518,106,,
106,0,,493031.0,493031.0,,,6.896033488001685e-07,0.002666838075791767,0.4379677419354839,0.7917526810379946,0.5049785375595093,1.2266497611999512,1.5660640001296997,,,,,0.07248258765198914,350000,0.2109624456315518,107,,
107,0,,489422.0,489422.0,,,6.859290365638114e-07,0.002660771900032662,0.5106935483870968,0.8156514768771354,0.514729380607605,1.2011020183563232,1.5393180847167969,,,,,0.06905914295832842,350000,0.2109624456315518,108,,
108,0,,495596.0,495596.0,,,6.924193887650096e-07,0.0026546580300402206,0.4796290322580645,0.8100240575269076,0.5207490921020508,1.1919513940811157,1.5337227582931519,,,,,0.0698854916774879,350000,0.2109624456315518,109,,
109,1,454337,484178.0,454337.0,1.0656803209952084,282811,7.134548798005696e-07,0.0026484967171316915,0.4690483870967742,0.7855138998153217,0.5219265222549438,1.1877059936523438,1.536633849143982,0,0,1,0,0.08416951953724472,350000,0.2109624456315518,110,171526,1536
110,0,,481055.0,481055.0,,,6.626471422805729e-07,0.002642288214574517,0.5547741935483871,0.8405432423682546,0.5125967860221863,1.2064787149429321,1.5208938121795654,,,,,0.09432180380120411,350000,0.2109624456315518,111,,
111,0,,483693.0,483693.0,,,7.128617144455263e-07,0.00263603277757592,0.4570967741935484,0.7967574416049872,0.5168781280517578,1.1898581981658936,1.5355377197265625,,,,,0.09562035178845472,350000,0.2109624456315518,112,,
112,0,,496034.0,496034.0,,,7.284595613722283e-07,0.0026297306632724147,0.5095483870967742,0.8165155245896509,0.5198082327842712,1.1881287097930908,1.5429471731185913,,,,,0.07165623893282966,350000,0.2109624456315518,113,,
113,0,,492483.0,492483.0,,,7.601849396984036e-07,0.002623382130719236,0.4592096774193548,0.7708102616133534,0.5279892683029175,1.1796159744262695,1.55667245388031,,,,,0.0705937905796246,350000,0.2109624456315518,114,,
114,0,,501748.0,501748.0,,,7.677418580088227e-07,0.0026169874408796924,0.5308870967741935,0.8268985270363082,0.5080376267433167,1.212874412536621,1.5935441255569458,,,,,0.072010388383898,350000,0.2109624456315518,115,,
115,0,,554919.0,554919.0,,,7.963986332179671e-07,0.0026105468566144357,0.5234032258064516,0.8188765939715605,0.5133692026138306,1.1995973587036133,1.6110690832138062,,,,,0.07330893637114863,350000,0.2109624456315518,116,,
116,0,,531874.0,531874.0,,,9.013273062784026e-07,0.0026040606426706602,0.3735,0.7978156335935699,0.5056003928184509,1.2142075300216675,1.707188606262207,,,,,0.07224648801794357,350000,0.2109624456315518,117,,
117,0,,591740.0,591740.0,,,8.821627801062604e-07,0.0025975290656712158,0.3855483870967742,0.7997427630792924,0.5059749484062195,1.2045058012008667,1.698054552078247,,,,,0.07590603234564987,350000,0.2109624456315518,118,,
118,0,,602989.0,602989.0,,,1.007567245691581e-06,0.0025909523941036504,0.4921774193548387,0.8068522784209959,0.4997491240501404,1.21980881690979,1.8025851249694824,,,,,0.07626018179671822,350000,0.2109624456315518,119,,
119,1,555690,578452.0,555690.0,1.0409616872716803,384164,1.0550294201396046e-06,0.0025843308983091737,0.5442096774193549,0.8261291200690175,0.5012132525444031,1.2153582572937012,1.8328619003295898,0,0,1,0,0.09526620233738638,350000,0.2109624456315518,120,171526,84640
120,0,,595322.0,595322.0,,,9.950066631707876e-07,0.0025776648504715425,0.5321774193548388,0.8249984832783918,0.5034229755401611,1.2165625095367432,1.790598750114441,,,,,0.08853736276708771,350000,0.2109624456315518,121,,
121,0,,558967.0,558967.0,,,1.094660719111207e-06,0.0025709545246058747,0.5251451612903226,0.8266138282021857,0.49574014544487,1.2233095169067383,1.8520574569702148,,,,,0.07732263014992327,350000,0.2109624456315518,122,,
122,0,,509935.0,509935.0,,,1.0521548882272159e-06,0.0025642001965473843,0.5254677419354838,0.8102089382802697,0.49745699763298035,1.220677375793457,1.7881956100463867,,,,,0.07531578326053595,350000,0.2109624456315518,123,,
123,0,,506303.0,506303.0,,,9.780941657658435e-07,0.002557402143940042,0.5323225806451612,0.8368351866873885,0.4998243749141693,1.2210551500320435,1.7115401029586792,,,,,0.07236453783496635,350000,0.2109624456315518,124,,
124,0,,511955.0,511955.0,,,9.892213263344068e-07,0.002550560646225165,0.4700161290322581,0.8094710216825955,0.501365602016449,1.2201900482177734,1.7217957973480225,,,,,0.07283673710305749,350000,0.2109624456315518,125,,
125,0,,488934.0,488934.0,,,1.0194664688193594e-06,0.002543675984629928,0.49424193548387096,0.8163499663122471,0.5055770874023438,1.2199665307998657,1.730670690536499,,,,,0.07047574076260182,350000,0.2109624456315518,126,,
126,0,,487881.0,487881.0,,,9.900349028994287e-07,0.002536748442155804,0.495,0.8110403751412021,0.5015878081321716,1.223086953163147,1.708571195602417,,,,,0.0691771927753512,350000,0.2109624456315518,127,,
127,0,,498207.0,498207.0,,,1.0044457030006418e-06,0.00252977830356693,0.49909677419354836,0.8192766724238512,0.5042957067489624,1.2188633680343628,1.7167391777038574,,,,,0.06870499350726006,350000,0.2109624456315518,128,,
128,0,,495570.0,495570.0,,,1.0439734985942907e-06,0.0025227658553784037,0.45479032258064517,0.7994791637383311,0.5076971650123596,1.2142953872680664,1.7345439195632935,,,,,0.06740644552000945,350000,0.2109624456315518,129,,
129,1,450588,477129.0,450588.0,1.0589030333697302,279062,1.0566630110186597e-06,0.002515711385844505,0.5331451612903226,0.827874986685267,0.504715085029602,1.219628095626831,1.737587571144104,0,0,1,0,0.05560146381773108,350000,0.2109624456315518,130,171526,0
130,0,,492565.0,492565.0,,,9.729638340261311e-07,0.002508615184946845,0.516241935483871,0.8227822174886674,0.49724552035331726,1.2375155687332153,1.7054526805877686,,,,,0.06717034588596388,350000,0.2109624456315518,131,,
131,0,,477583.0,477583.0,,,1.0819330819996981e-06,0.0025014775443824486,0.432,0.78730720273011,0.5043190121650696,1.2143908739089966,1.7413884401321411,,,,,0.06634399716680439,350000,0.2109624456315518,132,,
132,0,,478723.0,478723.0,,,1.0654541154399573e-06,0.0024942987575517633,0.5337258064516129,0.8221239263351482,0.503870964050293,1.2272717952728271,1.745359182357788,,,,,0.06622594734978161,350000,0.2109624456315518,133,,
133,0,,482177.0,482177.0,,,1.0848532586515052e-06,0.0024870791195465993,0.49046774193548387,0.8083505148101464,0.4970197379589081,1.2382450103759766,1.7659200429916382,,,,,0.0655176484476449,350000,0.2109624456315518,134,,
134,0,,481795.0,481795.0,,,1.1103249969209053e-06,0.002479818927137996,0.4257741935483871,0.7676419292428767,0.4982706308364868,1.233453631401062,1.7780115604400635,,,,,0.06799669460512336,350000,0.2109624456315518,135,,
135,0,,482741.0,482741.0,,,1.1273158873004438e-06,0.002472518478764029,0.5224032258064516,0.8202359610731677,0.5040053725242615,1.2252734899520874,1.7703930139541626,,,,,0.0677605949710778,350000,0.2109624456315518,136,,
136,0,,485813.0,485813.0,,,1.147835974050427e-06,0.0024651780745175355,0.4150967741935484,0.7807812048123852,0.495573490858078,1.2365139722824097,1.7884256839752197,,,,,0.06752449533703223,350000,0.2109624456315518,137,,
137,0,,485205.0,485205.0,,,1.1742344898468095e-06,0.0024577980161337837,0.5192258064516129,0.8198629386192836,0.49589964747428894,1.2429101467132568,1.8110517263412476,,,,,0.06539959863062213,350000,0.2109624456315518,138,,
138,0,,472520.0,472520.0,,,1.1920756835117563e-06,0.0024503786069780694,0.43970967741935485,0.7944153681024695,0.49550360441207886,1.239323616027832,1.8033348321914673,,,,,0.06634399716680439,350000,0.2109624456315518,139,,
139,1,445064,478167.0,445064.0,1.0743780669746374,273538,1.1784641200848978e-06,0.0024429201520332414,0.5233387096774194,0.8181682567477055,0.4863225817680359,1.2676888704299927,1.8219996690750122,0,0,1,0,0.05418486601345768,350000,0.2109624456315518,140,171526,1536
140,0,,479982.0,479982.0,,,1.1234050117824602e-06,0.002435422957887171,0.48856451612903223,0.8015248609154793,0.48721686005592346,1.260189175605774,1.785754919052124,,,,,0.0641010506433715,350000,0.2109624456315518,141,,
141,0,,484180.0,484180.0,,,1.230826070451391e-06,0.0024278873327201445,0.4775967741935484,0.7962454810739852,0.49186381697654724,1.2548835277557373,1.8464267253875732,,,,,0.06598984771573604,350000,0.2109624456315518,142,,
142,0,,470777.0,470777.0,,,1.2619016892805373e-06,0.002420313586292198,0.5155806451612903,0.8051713918685319,0.49997851252555847,1.2333476543426514,1.8333110809326172,,,,,0.06563569826466768,350000,0.2109624456315518,143,,
143,0,,465285.0,465285.0,,,1.2452922128113302e-06,0.002412702029930382,0.47041935483870967,0.7876412357825733,0.4871111214160919,1.267045259475708,1.8520290851593018,,,,,0.06646204698382717,350000,0.2109624456315518,144,,
144,0,,467841.0,467841.0,,,1.2484111460955891e-06,0.0024050529765159666,0.46541935483870966,0.7951219132079264,0.4939354956150055,1.2500654458999634,1.8372833728790283,,,,,0.06646204698382717,350000,0.2109624456315518,145,,
145,0,,474952.0,474952.0,,,1.2736156196720842e-06,0.0023973667404715783,0.48651612903225805,0.7971807832460902,0.48111650347709656,1.276978611946106,1.881570816040039,,,,,0.06752449533703223,350000,0.2109624456315518,146,,
146,0,,461663.0,461663.0,,,1.3128614676728282e-06,0.0023896436377482764,0.47588709677419355,0.7926305313087051,0.4825071692466736,1.2759443521499634,1.8874396085739136,,,,,0.06693424625191831,350000,0.2109624456315518,147,,
147,0,,461132.0,461132.0,,,1.2939190349810963e-06,0.0023818839858125635,0.4580806451612903,0.7886309726743019,0.48274552822113037,1.2743533849716187,1.8757814168930054,,,,,0.06658009680084996,350000,0.2109624456315518,148,,
148,0,,461103.0,461103.0,,,1.3103736584742833e-06,0.0023740881036333388,0.4900322580645161,0.7916141545809187,0.479525089263916,1.2750983238220215,1.8824371099472046,,,,,0.06634399716680439,350000,0.2109624456315518,149,,
149,1,427157,459614.0,427157.0,1.0759837717747807,255631,1.328477906763089e-06,0.002366256311668785,0.48193548387096774,0.7976699086634399,0.4809265434741974,1.2817838191986084,1.8840802907943726,0,0,1,0,0.052768268209184274,350000,0.2109624456315518,150,171526,1536
150,0,,461006.0,461006.0,,,1.2429964558997681e-06,0.0023583889318531935,0.5120967741935484,0.820207361622801,0.4824928343296051,1.275376319885254,1.8348418474197388,,,,,0.06528154881359934,350000,0.2109624456315518,151,,
151,0,,446255.0,446255.0,,,1.360100082896155e-06,0.0023504862875837348,0.5051451612903226,0.8066846058581362,0.4864785075187683,1.2588871717453003,1.876607060432434,,,,,0.06646204698382717,350000,0.2109624456315518,152,,
152,0,,441604.0,441604.0,,,1.3326715823007581e-06,0.0023425487037071623,0.4999677419354839,0.8017443685897783,0.4921397864818573,1.2502095699310303,1.8459961414337158,,,,,0.06528154881359934,350000,0.2109624456315518,153,,
153,0,,442622.0,442622.0,,,1.3342010806762198e-06,0.0023345765065064593,0.4988064516129032,0.793487053978795,0.4819552004337311,1.266917109489441,1.854457139968872,,,,,0.06469129972848542,350000,0.2109624456315518,154,,
154,0,,426648.0,426648.0,,,1.35306772037808e-06,0.002326570023687428,0.4302741935483871,0.7728876844362805,0.49778497219085693,1.2419068813323975,1.8284028768539429,,,,,0.0626844528390981,350000,0.2109624456315518,155,,
155,0,,437425.0,437425.0,,,1.3172139903168102e-06,0.002318529584365218,0.49248387096774193,0.7914193906020891,0.47490862011909485,1.2857775688171387,1.8647911548614502,,,,,0.0642191004603943,350000,0.2109624456315518,156,,
156,0,,457910.0,457910.0,,,1.3656266989221175e-06,0.0023104555190507975,0.5059032258064516,0.8047908571557866,0.4823799431324005,1.271756887435913,1.8724013566970825,,,,,0.06634399716680439,350000,0.2109624456315518,157,,
157,0,,437029.0,437029.0,,,1.4489190769665042e-06,0.0023023481596373676,0.4821290322580645,0.7892278457587396,0.4945537745952606,1.2444406747817993,1.8781452178955078,,,,,0.06610789753275882,350000,0.2109624456315518,158,,
158,0,,441618.0,441618.0,,,1.3982871600354208e-06,0.0022942078393867193,0.5220322580645161,0.819850642424198,0.49319177865982056,1.24716055393219,1.8579721450805664,,,,,0.06634399716680439,350000,0.2109624456315518,159,,
159,1,421240,451404.0,421240.0,1.0716076346026018,249714,1.42949228539043e-06,0.0022860348929155346,0.5317419354838709,0.8133920310965012,0.49671149253845215,1.2469215393066406,1.876570463180542,0,0,1,0,0.05489316491559438,350000,0.2109624456315518,160,171526,1536
160,0,,429731.0,429731.0,,,1.3762195768218919e-06,0.0022778296561816328,0.4978225806451613,0.8095171101554592,0.4969928562641144,1.2435330152511597,1.8338862657546997,,,,,0.06303860229016645,350000,0.2109624456315518,161,,
161,0,,435962.0,435962.0,,,1.4184408931406181e-06,0.0022695924664701563,0.4030483870967742,0.7686312457316781,0.49378854036331177,1.2487479448318481,1.8636653423309326,,,,,0.06398300082634872,350000,0.2109624456315518,162,,
162,0,,436340.0,436340.0,,,1.4548969223114482e-06,0.0022613236623797127,0.4978548387096774,0.809334957255788,0.481689989566803,1.2796424627304077,1.913370132446289,,,,,0.06433715027741707,350000,0.2109624456315518,163,,
163,0,,434931.0,434931.0,,,1.472300519579122e-06,0.0022530235838084515,0.5030645161290322,0.8028201628415262,0.4870125651359558,1.2614516019821167,1.8972601890563965,,,,,0.06622594734978161,350000,0.2109624456315518,164,,
164,0,,436592.0,436592.0,,,1.4835746961999707e-06,0.0022446925719400933,0.4956774193548387,0.8059876614022803,0.48916488885879517,1.2634271383285522,1.9157816171646118,,,,,0.06740644552000945,350000,0.2109624456315518,165,,
165,0,,433037.0,433037.0,,,1.5057927923606236e-06,0.002236330969229905,0.5030483870967742,0.8142105751707238,0.48194265365600586,1.2760978937149048,1.9238591194152832,,,,,0.06764254515405502,350000,0.2109624456315518,166,,
166,0,,426806.0,426806.0,,,1.5095145166928685e-06,0.0022279391193906245,0.49829032258064515,0.7876082224185141,0.49193549156188965,1.25467848777771,1.910727858543396,,,,,0.06563569826466768,350000,0.2109624456315518,167,,
167,0,,430418.0,430418.0,,,1.5026261002968338e-06,0.0022195173673783307,0.4875322580645161,0.801841635801529,0.4817294180393219,1.2716363668441772,1.9219287633895874,,,,,0.06646204698382717,350000,0.2109624456315518,168,,
168,0,,431823.0,431823.0,,,1.5310943585411134e-06,0.0022110660593782617,0.47680645161290325,0.7810200350402431,0.49041399359703064,1.2539335489273071,1.910963773727417,,,,,0.06528154881359934,350000,0.2109624456315518,169,,
169,1,404109,436025.0,404109.0,1.0789786913926689,232583,1.5523126180774207e-06,0.0022025855427905885,0.5000967741935484,0.8009130643097455,0.4834498465061188,1.2603578567504883,1.9422023296356201,0,0,1,0,0.05205996930704757,350000,0.2109624456315518,170,171526,4608
170,0,,430886.0,430886.0,,,1.4631655398479287e-06,0.002194076166216133,0.49893548387096776,0.8004255022536639,0.4849426746368408,1.2666716575622559,1.8847213983535767,,,,,0.06658009680084996,350000,0.2109624456315518,171,,
171,0,,427370.0,427370.0,,,1.5764203839818135e-06,0.0021855382794420354,0.4871451612903226,0.7970662311745511,0.47961291670799255,1.2728476524353027,1.9437319040298462,,,,,0.06693424625191831,350000,0.2109624456315518,172,,
172,0,,427814.0,427814.0,,,1.5792485636504215e-06,0.0021769722334273817,0.49429032258064515,0.7989534901731368,0.4823978543281555,1.2664180994033813,1.944581151008606,,,,,0.06705229606894109,350000,0.2109624456315518,173,,
173,0,,427254.0,427254.0,,,1.5968377746499567e-06,0.0021683783802887726,0.47719354838709677,0.787088807253568,0.48155197501182556,1.270493745803833,1.9559874534606934,,,,,0.06728839570298666,350000,0.2109624456315518,174,,
174,0,,418589.0,418589.0,,,1.6107303693902014e-06,0.0021597570732858505,0.5101774193548387,0.795217377839886,0.47688353061676025,1.2891173362731934,1.9708337783813477,,,,,0.06658009680084996,350000,0.2109624456315518,175,,
175,0,,418160.0,418160.0,,,1.5922472577426467e-06,0.0021511086668067783,0.463741935483871,0.7873181650018539,0.4699677526950836,1.3040549755096436,1.974396824836731,,,,,0.06669814661787274,350000,0.2109624456315518,176,,
176,0,,419778.0,419778.0,,,1.6048295311484274e-06,0.0021424335163536747,0.5163870967741936,0.8071301020318261,0.4728673994541168,1.2963485717773438,1.9716860055923462,,,,,0.06811474442214614,350000,0.2109624456315518,177,,
177,0,,423530.0,423530.0,,,1.6257496749048986e-06,0.0021337319785279946,0.47946774193548386,0.7890953239215247,0.47352689504623413,1.2959702014923096,1.9808999300003052,,,,,0.06905914295832842,350000,0.2109624456315518,178,,
178,0,,423096.0,423096.0,,,1.6559948686196342e-06,0.002125004411015877,0.49296774193548387,0.7832478350098036,0.46190324425697327,1.3216655254364014,2.019373893737793,,,,,0.0698854916774879,350000,0.2109624456315518,179,,
179,1,410725,422091.0,410725.0,1.0276730172256376,239199,1.6700607592858545e-06,0.0021162511725734395,0.4815645161290323,0.7924381559946312,0.46642473340034485,1.3120942115783691,2.0185041427612305,0,0,1,0,0.05406681619643489,350000,0.2109624456315518,180,171526,0
180,0,,413414.0,413414.0,,,1.6342505703832894e-06,0.0021074726230120295,0.4407741935483871,0.7701838466806086,0.459711492061615,1.3285653591156006,2.006929636001587,,,,,0.06846889387321449,350000,0.2109624456315518,181,,
181,0,,422162.0,422162.0,,,1.6587026684712502e-06,0.002098669123183437,0.5096774193548387,0.8077782655610498,0.46700000762939453,1.3104956150054932,2.0133261680603027,,,,,0.07012159131153346,350000,0.2109624456315518,182,,
182,0,,422075.0,422075.0,,,1.7097517505437865e-06,0.0020898410349650585,0.5011774193548387,0.8027861390552253,0.4585627317428589,1.3244928121566772,2.0461232662200928,,,,,0.0691771927753512,350000,0.2109624456315518,183,,
183,0,,426538.0,426538.0,,,1.7254787962888782e-06,0.002080988721245024,0.49385483870967745,0.7999607750322608,0.4628261923789978,1.3224091529846191,2.043236494064331,,,,,0.06799669460512336,350000,0.2109624456315518,184,,
184,0,,412846.0,412846.0,,,1.7610521223458782e-06,0.0020721125459072774,0.43911290322580643,0.7742824346782278,0.46470072865486145,1.3151875734329224,2.0544800758361816,,,,,0.0655176484476449,350000,0.2109624456315518,185,,
185,0,,418976.0,418976.0,,,1.7186544418335685e-06,0.002063212873816622,0.5155967741935484,0.8040765730423312,0.4709731340408325,1.2997771501541138,2.018803358078003,,,,,0.06610789753275882,350000,0.2109624456315518,186,,
186,0,,415923.0,415923.0,,,1.7599311775388296e-06,0.002054290070803719,0.44453225806451613,0.7568703465179183,0.46975448727607727,1.3072819709777832,2.0360395908355713,,,,,0.06610789753275882,350000,0.2109624456315518,187,,
187,0,,419014.0,419014.0,,,1.762246758338411e-06,0.002045344503650053,0.388,0.7623746644145228,0.4629122018814087,1.3304977416992188,2.069154739379883,,,,,0.06646204698382717,350000,0.2109624456315518,188,,
188,0,,416612.0,416612.0,,,1.79139080884251e-06,0.0020363765400728522,0.4308709677419355,0.7492182184669994,0.4626792371273041,1.3169276714324951,2.0678844451904297,,,,,0.06658009680084996,350000,0.2109624456315518,189,,
189,1,400910,422858.0,400910.0,1.0547454540919408,229384,1.79670497160741e-06,0.0020273865487099737,0.32687096774193547,0.7099955557653106,0.45182618498802185,1.3469213247299194,2.0983760356903076,0,0,1,0,0.05465706528154882,350000,0.2109624456315518,190,171526,1536
190,0,,411359.0,411359.0,,,1.7407677240908277e-06,0.002018374899104751,0.4045161290322581,0.722720390338938,0.4408799409866333,1.353558897972107,2.0607407093048096,,,,,0.06610789753275882,350000,0.2109624456315518,191,,
191,0,,404655.0,404655.0,,,1.8006221496960224e-06,0.0020093419616908034,0.17179032258064517,0.5057409741974281,0.45350539684295654,1.3261510133743286,2.0715835094451904,,,,,0.06563569826466768,350000,0.2109624456315518,192,,
192,0,,406703.0,406703.0,,,1.7841745449306976e-06,0.0020002881077768086,0.22769354838709677,0.5529527725785209,0.45844805240631104,1.3087158203125,2.0460360050201416,,,,,0.06598984771573604,350000,0.2109624456315518,193,,
193,0,,418541.0,418541.0,,,1.8067175801997878e-06,0.001991213709531239,0.1717258064516129,0.48081186329143727,0.44907528162002563,1.3388173580169678,2.0873095989227295,,,,,0.06634399716680439,350000,0.2109624456315518,194,,
194,0,,401650.0,401650.0,,,1.8760067656954668e-06,0.001982119139967065,0.23091935483870968,0.5422722389527787,0.4608244001865387,1.3060839176177979,2.070603132247925,,,,,0.06563569826466768,350000,0.2109624456315518,195,,
195,0,,400698.0,400698.0,,,1.8127301173495261e-06,0.0019730047729264195,0.19606451612903225,0.5032774673949036,0.47393012046813965,1.2826493978500366,2.018933057785034,,,,,0.06646204698382717,350000,0.2109624456315518,196,,
196,0,,406712.0,406712.0,,,1.8207067835673712e-06,0.0019638709830652338,0.1609032258064516,0.45871319345290607,0.46981364488601685,1.2900934219360352,2.031008005142212,,,,,0.06587179789871325,350000,0.2109624456315518,197,,
197,0,,414162.0,414162.0,,,1.8619618099303352e-06,0.0019547181458378343,0.18248387096774193,0.49014809928448305,0.4723118543624878,1.2895004749298096,2.0534002780914307,,,,,0.06681619643489553,350000,0.2109624456315518,198,,
198,0,,414258.0,414258.0,,,1.9120935746305373e-06,0.00194554663748151,0.19125806451612903,0.4985671537245139,0.46465232968330383,1.298367977142334,2.0938045978546143,,,,,0.06717034588596388,350000,0.2109624456315518,199,,
199,1,403406,410645.0,403406.0,1.0179447008720743,231880,1.928723357629999e-06,0.001936356835001048,0.3881612903225806,0.7633257535826233,0.4754032492637634,1.284125804901123,2.0784525871276855,0,0,1,0,0.05182386967300201,350000,0.2109624456315518,200,171526,1536
200,0,,416850.0,416850.0,,,1.8915817037923972e-06,0.001927149116153233,0.22064516129032258,0.5288138005491602,0.4617455303668976,1.3067325353622437,2.0819530487060547,,,,,0.06693424625191831,350000,0.2109624456315518,201,,
201,0,,418961.0,418961.0,,,1.97177858366353e-06,0.0019179238594313236,0.15541935483870967,0.46842592370985364,0.4516362249851227,1.2925907373428345,2.1184253692626953,,,,,0.06835084405619171,350000,0.2109624456315518,202,,
202,0,,416265.0,416265.0,,,1.9996648587210155e-06,0.00190868144404949,0.20806451612903226,0.5103183808168521,0.4686164855957031,1.2658888101577759,2.1054511070251465,,,,,0.06646204698382717,350000,0.2109624456315518,203,,
203,0,,425428.0,425428.0,,,2.004096391945649e-06,0.001899422249927229,0.193,0.4843825929186097,0.45992833375930786,1.3123672008514404,2.15812349319458,,,,,0.06669814661787274,350000,0.2109624456315518,204,,
204,0,,418391.0,418391.0,,,2.068295947511458e-06,0.0018901466576737454,0.18580645161290324,0.470560105211734,0.4570412337779999,1.320623755455017,2.190478563308716,,,,,0.06787864478810057,350000,0.2109624456315518,205,,
205,0,,421952.0,421952.0,,,2.0523180242190685e-06,0.001880855048572306,0.2553225806451613,0.5191969346559917,0.4518297612667084,1.3263766765594482,2.1906254291534424,,,,,0.07401723527328533,350000,0.2109624456315518,206,,
206,0,,418677.0,418677.0,,,2.0892245737765407e-06,0.001871547804564569,0.1796290322580645,0.49401216220256866,0.4652957022190094,1.317199468612671,2.2008626461029053,,,,,0.07590603234564987,350000,0.2109624456315518,207,,
207,0,,421628.0,421628.0,,,2.0916630874087585e-06,0.001862225308234881,0.2075,0.5188263991659676,0.46439605951309204,1.3057072162628174,2.1846811771392822,,,,,0.07472553417542203,350000,0.2109624456315518,208,,
208,0,,424649.0,424649.0,,,2.126107125544907e-06,0.0018528879427945528,0.1874032258064516,0.5120110363764369,0.46646955609321594,1.3072693347930908,2.2017881870269775,,,,,0.0713020894817613,350000,0.2109624456315518,209,,
209,1,411716,421009.0,411716.0,1.0225713841580117,240190,2.1621404782303685e-06,0.0018435360920661054,0.4739838709677419,0.7845141075010666,0.45754122734069824,1.3270139694213867,2.2426834106445312,0,0,1,0,0.05194191949002479,350000,0.2109624456315518,210,171526,0
210,0,,420668.0,420668.0,,,2.113382133187697e-06,0.0018341701404674933,0.42285483870967744,0.7620764329400611,0.45687994360923767,1.3370640277862549,2.2240772247314453,,,,,0.07106598984771574,350000,0.2109624456315518,211,,
211,0,,428344.0,428344.0,,,2.179281514850132e-06,0.0018247904729963033,0.4574354838709677,0.7613598496215485,0.45358604192733765,1.3279558420181274,2.246580123901367,,,,,0.07142013929878409,350000,0.2109624456315518,212,,
212,0,,418486.0,418486.0,,,2.2415724406774267e-06,0.0018153974752139273,0.42554838709677417,0.7776037719241113,0.4431057572364807,1.3675497770309448,2.314718246459961,,,,,0.07531578326053595,350000,0.2109624456315518,213,,
213,0,,424026.0,424026.0,,,2.209640740883822e-06,0.0018059915332297148,0.4994193548387097,0.8007355640139726,0.4650663137435913,1.302773118019104,2.2338333129882812,,,,,0.07472553417542203,350000,0.2109624456315518,214,,
214,0,,420489.0,420489.0,,,2.2604736255488826e-06,0.001796573033685099,0.4772903225806452,0.7873419705467397,0.4436487555503845,1.3506163358688354,2.2992477416992188,,,,,0.07507968362649038,350000,0.2109624456315518,215,,
215,0,,426048.0,426048.0,,,2.2622777597837543e-06,0.001787142363737708,0.41920967741935483,0.7478071746444291,0.442661315202713,1.345259428024292,2.29093861579895,,,,,0.07437138472435367,350000,0.2109624456315518,216,,
216,0,,417191.0,417191.0,,,2.3148312792845598e-06,0.0017776999110454444,0.3796451612903226,0.7244487941606998,0.4394516348838806,1.3631629943847656,2.345158576965332,,,,,0.07378113563923976,350000,0.2109624456315518,217,,
217,0,,422205.0,422205.0,,,2.2866994454072963e-06,0.0017682460637505556,0.4443548387096774,0.7664252086215162,0.42609140276908875,1.366745948791504,2.3309099674224854,,,,,0.07295478692008027,350000,0.2109624456315518,218,,
218,0,,421881.0,421881.0,,,2.335986314520359e-06,0.0017587812104636756,0.4116290322580645,0.7695794873830043,0.43663620948791504,1.3463996648788452,2.334503650665283,,,,,0.07437138472435367,350000,0.2109624456315518,219,,
219,1,410964,429832.0,410964.0,1.0459115640299395,239438,2.3560960155244974e-06,0.0017493057402478522,0.35951612903225805,0.7326286695533716,0.4251147210597992,1.3677992820739746,2.363741874694824,0,0,1,0,0.05265021839216149,350000,0.2109624456315518,220,171526,0
220,0,,425482.0,425482.0,,,2.313628282805571e-06,0.0017398200426025521,0.4586290322580645,0.7633299759619308,0.41636380553245544,1.3994956016540527,2.3747498989105225,,,,,0.07389918545626255,350000,0.2109624456315518,221,,
221,0,,424556.0,424556.0,,,2.4188651320934747e-06,0.0017303245074476532,0.4426935483870968,0.7810872055037901,0.42310038208961487,1.375432014465332,2.4202687740325928,,,,,0.07543383307755873,350000,0.2109624456315518,222,,
222,0,,420448.0,420448.0,,,2.4370183092162763e-06,0.0017208195251074145,0.46216129032258063,0.7596552439734514,0.4174570143222809,1.3843539953231812,2.4139647483825684,,,,,0.07236453783496635,350000,0.2109624456315518,223,,
223,0,,409795.0,409795.0,,,2.435669245405882e-06,0.0017113054862944307,0.41801612903225804,0.7412596860033493,0.42715054750442505,1.3672682046890259,2.384307384490967,,,,,0.0705937905796246,350000,0.2109624456315518,224,,
224,0,,419288.0,419288.0,,,2.3927515552714032e-06,0.0017017827820935744,0.44361290322580643,0.7432495186564634,0.42383873462677,1.3843810558319092,2.3748176097869873,,,,,0.06894109314130563,350000,0.2109624456315518,225,,
225,0,,414072.0,414072.0,,,2.470390477194167e-06,0.0016922518039459167,0.40838709677419355,0.6757430302049465,0.42471686005592346,1.3899431228637695,2.4077351093292236,,,,,0.06846889387321449,350000,0.2109624456315518,226,,
226,0,,408556.0,408556.0,,,2.460251053607277e-06,0.0016827129436326395,0.41916129032258065,0.7550953398977531,0.40589606761932373,1.41179358959198,2.423682689666748,,,,,0.07023964112855625,350000,0.2109624456315518,227,,
227,0,,411503.0,411503.0,,,2.446326009219288e-06,0.0016731665932589285,0.3950967741935484,0.7531379416242576,0.4221577048301697,1.3556703329086304,2.370586633682251,,,,,0.07012159131153346,350000,0.2109624456315518,228,,
228,0,,411961.0,411961.0,,,2.4839965804987014e-06,0.0016636131452378577,0.37070967741935484,0.7413195248285172,0.4085358679294586,1.3923758268356323,2.4311363697052,,,,,0.06835084405619171,350000,0.2109624456315518,229,,
229,1,394910,402853.0,394910.0,1.0201134435694208,223384,2.5071106087131256e-06,0.001654052992274256,0.3889677419354839,0.7687448760032023,0.41295161843299866,1.3864012956619263,2.4168756008148193,0,0,1,0,0.05265021839216149,350000,0.2109624456315518,230,171526,1536
230,0,,409910.0,409910.0,,,2.4178927131600214e-06,0.0016444865273485686,0.3649032258064516,0.7531770098876468,0.4057849645614624,1.3896573781967163,2.371136426925659,,,,,0.06457324991146264,350000,0.2109624456315518,231,,
231,0,,396728.0,396728.0,,,2.52963832290882e-06,0.0016349141437006984,0.40693548387096773,0.7238004506986793,0.40612366795539856,1.3851779699325562,2.4015862941741943,,,,,0.06728839570298666,350000,0.2109624456315518,232,,
232,0,,400679.0,400679.0,,,2.4636783779379103e-06,0.0016253362348138448,0.4495483870967742,0.7678459865527041,0.41761112213134766,1.391402006149292,2.381362199783325,,,,,0.06575374808169047,350000,0.2109624456315518,233,,
233,0,,397133.0,397133.0,,,2.5050948097949795e-06,0.0016157531943983283,0.3844032258064516,0.7646470131714906,0.4262634515762329,1.3669718503952026,2.3645637035369873,,,,,0.06492739936253099,350000,0.2109624456315518,234,,
234,0,,391257.0,391257.0,,,2.4986588186245096e-06,0.0016061654163754056,0.4454032258064516,0.758860918331458,0.4045017957687378,1.399236798286438,2.3837153911590576,,,,,0.06469129972848542,350000,0.2109624456315518,235,,
235,0,,393917.0,393917.0,,,2.475442295212021e-06,0.0015965732948610791,0.42293548387096774,0.7484361969310575,0.4288100600242615,1.3580880165100098,2.3264517784118652,,,,,0.06504544917955377,350000,0.2109624456315518,236,,
236,0,,390768.0,390768.0,,,2.507045662388472e-06,0.001586977224149894,0.4650483870967742,0.7634916158356276,0.422353059053421,1.3662909269332886,2.342193603515625,,,,,0.06351080155825758,350000,0.2109624456315518,237,,
237,0,,381657.0,381657.0,,,2.5007429887231808e-06,0.0015773775986987321,0.47283870967741937,0.7728517954136527,0.4051380157470703,1.3762062788009644,2.3369202613830566,,,,,0.062448353205052536,350000,0.2109624456315518,238,,
238,0,,382039.0,382039.0,,,2.4530339526307037e-06,0.0015677748131105972,0.4597741935483871,0.7693997883725089,0.41840502619743347,1.359287142753601,2.299450159072876,,,,,0.06315665210718924,350000,0.2109624456315518,239,,
239,1,375937,387262.0,375937.0,1.0301247283454409,204411,2.4662665323137314e-06,0.0015581692621183922,0.4879032258064516,0.7548320598681156,0.42912545800209045,1.3493983745574951,2.29441499710083,0,0,1,0,0.049462873332546335,350000,0.2109624456315518,240,171526,0
240,0,,387725.0,387725.0,,,2.4355650460031222e-06,0.0015485613405686973,0.388,0.7465751135721475,0.4373423159122467,1.3342564105987549,2.2593512535095215,,,,,0.06315665210718924,350000,0.2109624456315518,241,,
241,0,,391349.0,391349.0,,,2.5248248379072444e-06,0.001538951443405534,0.47130645161290324,0.7626232743264297,0.4305233061313629,1.3499395847320557,2.358963966369629,,,,,0.06575374808169047,350000,0.2109624456315518,242,,
242,0,,485189.0,485189.0,,,2.5626924350893457e-06,0.0015293399656541367,0.44356451612903225,0.7593612610487446,0.4348835349082947,1.345794439315796,2.4261345863342285,,,,,0.07260063746901192,350000,0.2109624456315518,243,,
243,0,,449703.0,449703.0,,,3.2295004524443972e-06,0.0015197273024047098,0.4424193548387097,0.7711059282822356,0.424553781747818,1.354487657546997,2.9036529064178467,,,,,0.07165623893282966,350000,0.2109624456315518,244,,
244,0,,487031.0,487031.0,,,3.0310498244433055e-06,0.0015101138487961896,0.4181774193548387,0.7517595516536856,0.40517204999923706,1.3833755254745483,2.7748777866363525,,,,,0.07342698618817141,350000,0.2109624456315518,245,,
245,0,,491208.0,491208.0,,,3.3373236338013807e-06,0.0015004999999999999,0.45479032258064517,0.7676889356213235,0.42131364345550537,1.366782307624817,3.036135196685791,,,,,0.07354503600519419,350000,0.2109624456315518,246,,
246,0,,545988.0,545988.0,,,3.423473884433551e-06,0.0014908861512038102,0.4111451612903226,0.7388222904190735,0.41174373030662537,1.3822908401489258,2.9456958770751953,,,,,0.07626018179671822,350000,0.2109624456315518,247,,
247,0,,438275.0,438275.0,,,3.890813717035718e-06,0.0014812726975952898,0.28383870967741937,0.6554500439615949,0.3805394470691681,1.4302796125411987,3.367126226425171,,,,,0.06882304332428285,350000,0.2109624456315518,248,,
248,0,,393169.0,393169.0,,,3.158551567835115e-06,0.001471660034345863,0.3390967741935484,0.6936715858221844,0.34000179171562195,1.4645965099334717,2.7681972980499268,,,,,0.0705937905796246,350000,0.2109624456315518,249,,
249,1,394589,405760.0,394589.0,1.0283104698813195,223063,2.850008153257341e-06,0.001462048556594466,0.3526290322580645,0.7083860009810268,0.3585609495639801,1.4658161401748657,2.6431307792663574,0,0,1,0,0.06138590485184748,350000,0.2109624456315518,250,171526,40448
250,0,,353405.0,353405.0,,,2.8775021396042176e-06,0.0014524386594313029,0.3818870967741935,0.7132593559271134,0.3673100471496582,1.450966238975525,2.522345781326294,,,,,0.06469129972848542,350000,0.2109624456315518,251,,
251,0,,347546.0,347546.0,,,2.5784196539981027e-06,0.0014428307378816074,0.3670322580645161,0.7202809760359979,0.3763906955718994,1.4123955965042114,2.3152966499328613,,,,,0.06658009680084996,350000,0.2109624456315518,252,,
252,0,,353773.0,353773.0,,,2.53478086653299e-06,0.0014332251868894033,0.4306774193548387,0.7432085079191655,0.37413620948791504,1.3942809104919434,2.288705825805664,,,,,0.06469129972848542,350000,0.2109624456315518,253,,
253,0,,354309.0,354309.0,,,2.5815803232155964e-06,0.0014236224013012679,0.30393548387096775,0.7013428396683623,0.37255555391311646,1.4068949222564697,2.3146722316741943,,,,,0.061503954668870264,350000,0.2109624456315518,254,,
254,0,,356242.0,356242.0,,,2.587073986129661e-06,0.0014140227758501062,0.43670967741935485,0.7394439290265045,0.3859498202800751,1.3939964771270752,2.292426824569702,,,,,0.06055955613268799,350000,0.2109624456315518,255,,
255,0,,345106.0,345106.0,,,2.603488351574533e-06,0.001404426705138921,0.37787096774193546,0.7281243469719435,0.3877311944961548,1.3912984132766724,2.280653238296509,,,,,0.05867075906032346,350000,0.2109624456315518,256,,
256,0,,334967.0,334967.0,,,2.5203290882790807e-06,0.001394834583624594,0.4115483870967742,0.7402575534437646,0.39050179719924927,1.3900907039642334,2.2371950149536133,,,,,0.05867075906032346,350000,0.2109624456315518,257,,
257,0,,323099.0,323099.0,,,2.440919542834449e-06,0.0013852468056016719,0.3886612903225806,0.7243344234124635,0.39489248394966125,1.3841774463653564,2.1851694583892822,,,,,0.055955613268799435,350000,0.2109624456315518,258,,
258,0,,330879.0,330879.0,,,2.3450409621010834e-06,0.0013756637651861552,0.3824193548387097,0.7172449055021659,0.3919641673564911,1.3954784870147705,2.160017967224121,,,,,0.056191712902845,350000,0.2109624456315518,259,,
259,1,323222,319072.0,323222.0,0.9871605274393451,151696,2.3947715046935543e-06,0.0013660858562993014,0.4053709677419355,0.7300962915385014,0.38674014806747437,1.3984383344650269,2.1665496826171875,1,1,1,0,0.05111557077086531,350000,0.2109624456315518,260,171526,7680
260,0,,321969.0,321969.0,,,2.3300617680905857e-06,0.0013565134726514312,0.4034354838709677,0.7186364240219871,0.38148388266563416,1.4047538042068481,2.150426149368286,,,,,0.05678196198795892,350000,0.2109624456315518,261,,
261,0,,320352.0,320352.0,,,2.3113615275630214e-06,0.0013469470077257437,0.31716129032258067,0.670418110786074,0.37362903356552124,1.406951665878296,2.1402587890625,,,,,0.057726360524141186,350000,0.2109624456315518,262,,
262,0,,316913.0,316913.0,,,2.289597967776018e-06,0.0013373868547621424,0.3808225806451613,0.7175585254433903,0.3366595208644867,1.4651621580123901,2.205927848815918,,,,,0.05843465942627789,350000,0.2109624456315518,263,,
263,0,,306554.0,306554.0,,,2.253800372792596e-06,0.0013278334067410714,0.3462258064516129,0.6500296168097986,0.3515717089176178,1.4458372592926025,2.1576547622680664,,,,,0.05607366308582222,350000,0.2109624456315518,264,,
264,0,,309042.0,309042.0,,,2.1657300684004434e-06,0.0013182870563673604,0.37811290322580643,0.7087337947882183,0.3325125575065613,1.4688012599945068,2.139958381652832,,,,,0.055483414000708296,350000,0.2109624456315518,265,,
265,0,,308138.0,308138.0,,,2.169763092985481e-06,0.001308748196054083,0.38217741935483873,0.7132243814009855,0.3332473337650299,1.4573965072631836,2.1325738430023193,,,,,0.0569000118049817,350000,0.2109624456315518,266,,
266,0,,312794.0,312794.0,,,2.1496805752327027e-06,0.001299217217906426,0.33356451612903226,0.6983028745151206,0.3479749262332916,1.439776062965393,2.1109888553619385,,,,,0.056191712902845,350000,0.2109624456315518,267,,
267,0,,319470.0,319470.0,,,2.1699344015367753e-06,0.0012896945137055695,0.22524193548387098,0.6901976195705389,0.334711492061615,1.451525092124939,2.1318390369415283,,,,,0.057018061622004484,350000,0.2109624456315518,268,,
268,0,,311747.0,311747.0,,,2.206156793187949e-06,0.0012801804748925854,0.312,0.6553976233333101,0.3563064634799957,1.4314557313919067,2.1376352310180664,,,,,0.05359461692834376,350000,0.2109624456315518,269,,
269,1,303516,316297.0,303516.0,1.0421098064022984,131990,2.1404017031343443e-06,0.0012706754925523463,0.4011290322580645,0.7347799704535185,0.35483694076538086,1.4368540048599243,2.1159069538116455,1,1,1,0,0.041199386140951484,350000,0.2109624456315518,270,171526,0
270,0,,309667.0,309667.0,,,2.069094243076199e-06,0.001261179957397448,0.3941774193548387,0.7261970844634067,0.3772813677787781,1.4052921533584595,2.0450215339660645,,,,,0.046983827175067876,350000,0.2109624456315518,271,,
271,0,,308132.0,308132.0,,,2.0981423658623055e-06,0.0012516942597521482,0.38090322580645164,0.7291129225621656,0.36742115020751953,1.4185165166854858,2.0698845386505127,,,,,0.053476567111320976,350000,0.2109624456315518,272,,
272,0,,308248.0,308248.0,,,2.074484848324397e-06,0.0012422187895363244,0.3984516129032258,0.7267242131340427,0.3654838800430298,1.4251612424850464,2.0695645809173584,,,,,0.05442096564750325,350000,0.2109624456315518,273,,
273,0,,307233.0,307233.0,,,2.062126688127502e-06,0.0012327539362494444,0.37961290322580643,0.7121426141945932,0.3672921359539032,1.417497992515564,2.0585501194000244,,,,,0.05359461692834376,350000,0.2109624456315518,274,,
274,0,,298098.0,298098.0,,,2.0419867886022917e-06,0.0012233000889545554,0.31398387096774194,0.653232863048088,0.3580860197544098,1.4298688173294067,2.0503947734832764,,,,,0.05288631802620706,350000,0.2109624456315518,275,,
275,0,,304726.0,304726.0,,,1.965434972478176e-06,0.0012138576362622925,0.3970161290322581,0.7199398633822485,0.3457545042037964,1.4399757385253906,2.0337655544281006,,,,,0.05465706528154882,350000,0.2109624456315518,276,,
276,0,,296463.0,296463.0,,,1.995267834932925e-06,0.0012044269663149007,0.3848064516129032,0.7146008781350192,0.34282436966896057,1.44649338722229,2.044940710067749,,,,,0.05383071656238933,350000,0.2109624456315518,277,,
277,0,,312272.0,312272.0,,,1.925117812253224e-06,0.0011950084667702852,0.38553225806451613,0.7117242023080206,0.3444605767726898,1.4431579113006592,2.020059108734131,,,,,0.05453901546452603,350000,0.2109624456315518,278,,
278,0,,298482.0,298482.0,,,2.0162440932950585e-06,0.0011856025247860722,0.3218225806451613,0.6846455281932136,0.32560035586357117,1.4668112993240356,2.0664944648742676,,,,,0.053476567111320976,350000,0.2109624456315518,279,,
279,1,293377,296828.0,293377.0,1.0117630216410967,121851,1.911924394596541e-06,0.0011762095270036964,0.31566129032258067,0.6805987573477099,0.3375000059604645,1.452683925628662,2.019672155380249,1,1,1,0,0.04379648211545272,350000,0.2109624456315518,280,171526,1536
280,0,,300532.0,300532.0,,,1.862715518058025e-06,0.0011668298595325065,0.35808064516129035,0.708181732034011,0.32884231209754944,1.4678306579589844,2.0224385261535645,,,,,0.05111557077086531,350000,0.2109624456315518,281,,
281,0,,311798.0,311798.0,,,1.893661391568564e-06,0.0011574639079338946,0.29046774193548386,0.6865476814960105,0.3343064486980438,1.4557749032974243,2.039703845977783,,,,,0.05560146381773108,350000,0.2109624456315518,282,,
282,0,,305625.0,305625.0,,,1.953328075868275e-06,0.001148112057205447,0.39148387096774195,0.7192947987863059,0.34218817949295044,1.433575987815857,2.0398948192596436,,,,,0.05867075906032346,350000,0.2109624456315518,283,,
283,0,,307464.0,307464.0,,,1.9017209258278078e-06,0.0011387746917651187,0.34233870967741936,0.7114445979864112,0.36227959394454956,1.4214322566986084,1.9940143823623657,,,,,0.055483414000708296,350000,0.2109624456315518,284,,
284,0,,301804.0,301804.0,,,1.9008090594387893e-06,0.001129452195435431,0.2766290322580645,0.69636574303572,0.35892295837402344,1.4233524799346924,1.98892080783844,,,,,0.055719513634753866,350000,0.2109624456315518,285,,
285,0,,294013.0,294013.0,,,1.8520472362004172e-06,0.0011201449514276938,0.3550967741935484,0.702710045350367,0.3607293963432312,1.4194889068603516,1.967326045036316,,,,,0.055011214732617164,350000,0.2109624456315518,286,,
286,0,,289907.0,289907.0,,,1.7885806402028671e-06,0.0011108533423262546,0.3995,0.7192924028083887,0.35774195194244385,1.4205600023269653,1.9470254182815552,,,,,0.05359461692834376,350000,0.2109624456315518,287,,
287,0,,292525.0,292525.0,,,1.747069680380407e-06,0.0011015777500727707,0.38843548387096777,0.7235691524485417,0.3450537621974945,1.4431416988372803,1.9522984027862549,,,,,0.05430291583048046,350000,0.2109624456315518,288,,
288,0,,291013.0,291013.0,,,1.7471060200569566e-06,0.0010923185559505097,0.4017258064516129,0.7277045255835839,0.3663458824157715,1.412188172340393,1.9264922142028809,,,,,0.050525321685751384,350000,0.2109624456315518,289,,
289,1,286713,300884.0,286713.0,1.0494257323525615,115187,1.7221099637134802e-06,0.0010830761405686766,0.39530645161290323,0.7202830663079947,0.35425448417663574,1.4303532838821411,1.9391297101974487,1,1,1,0,0.046157478455908396,350000,0.2109624456315518,290,171526,1536
290,0,,290134.0,290134.0,,,1.6798280985103084e-06,0.0010738508838467667,0.27472580645161293,0.6978771743322671,0.3656326234340668,1.4166170358657837,1.9085896015167236,,,,,0.05217801912407036,350000,0.2109624456315518,291,,
291,0,,294868.0,294868.0,,,1.6840020315460613e-06,0.001064643164998952,0.38661290322580644,0.7196514436330521,0.3609731197357178,1.424409031867981,1.9172453880310059,,,,,0.054775115098571595,350000,0.2109624456315518,292,,
292,0,,286873.0,286873.0,,,1.6968740558821651e-06,0.0010554533625184897,0.339,0.6901870640435535,0.357793927192688,1.4231951236724854,1.9120910167694092,,,,,0.054775115098571595,350000,0.2109624456315518,293,,
293,0,,288047.0,288047.0,,,1.6345293458188977e-06,0.0010462818541621657,0.3935483870967742,0.7275665114849936,0.36808425188064575,1.414307951927185,1.8889442682266235,,,,,0.05642781253689057,350000,0.2109624456315518,294,,
294,0,,289554.0,289554.0,,,1.62530985648191e-06,0.0010371290169347664,0.40669354838709676,0.7209817934038911,0.37815234065055847,1.4021607637405396,1.8797128200531006,,,,,0.05642781253689057,350000,0.2109624456315518,295,,
295,0,,289840.0,289840.0,,,1.6183984644258216e-06,0.0010279952270735807,0.39548387096774196,0.725410666717082,0.37768998742103577,1.4013725519180298,1.8713366985321045,,,,,0.055011214732617164,350000,0.2109624456315518,296,,
296,0,,291338.0,291338.0,,,1.6047919004324636e-06,0.0010188808600329353,0.3733709677419355,0.7270143773075846,0.3822455406188965,1.3949161767959595,1.8532614707946777,,,,,0.055719513634753866,350000,0.2109624456315518,297,,
297,0,,281595.0,281595.0,,,1.5983577521694444e-06,0.0010097862904687612,0.329,0.6794007480364909,0.37799641489982605,1.4040292501449585,1.8619824647903442,,,,,0.05359461692834376,350000,0.2109624456315518,298,,
298,0,,288130.0,288130.0,,,1.528198049991757e-06,0.0010007118922231919,0.388,0.7274441160629203,0.3685537874698639,1.4057297706604004,1.8318666219711304,,,,,0.05324046747727541,350000,0.2109624456315518,299,,
299,1,282586,289390.0,282586.0,1.0240776259262667,111060,1.548528500641532e-06,0.000991658038309197,0.40246774193548385,0.7323780904574344,0.3770824372768402,1.40061354637146,1.848261833190918,1,1,1,0,0.037421791996222406,350000,0.2109624456315518,300,171526,0
300,0,,284567.0,284567.0,,,1.5025727058445198e-06,0.0009826251008952494,0.36948387096774193,0.7071451727976698,0.37432974576950073,1.4026269912719727,1.843501091003418,,,,,0.04934482351552355,350000,0.2109624456315518,301,,
301,0,,296489.0,296489.0,,,1.497528904208785e-06,0.0009736134512900265,0.3526290322580645,0.7201468185841753,0.36785125732421875,1.4082483053207397,1.8457915782928467,,,,,0.05205996930704757,350000,0.2109624456315518,302,,
302,0,,292346.0,292346.0,,,1.5473775459263755e-06,0.0009646234599271484,0.21837096774193548,0.684445798649037,0.3545519709587097,1.4150437116622925,1.870734453201294,,,,,0.05017117223468304,350000,0.2109624456315518,303,,
303,0,,270908.0,270908.0,,,1.5120853886251398e-06,0.0009556554963499473,0.22174193548387097,0.6306432302021665,0.34372761845588684,1.4357324838638306,1.8652762174606323,,,,,0.04804627552827293,350000,0.2109624456315518,304,,
304,0,,281351.0,281351.0,,,1.3833710412512514e-06,0.0009467099291962813,0.34558064516129033,0.6987533911131175,0.3250430226325989,1.4638625383377075,1.861001968383789,,,,,0.05359461692834376,350000,0.2109624456315518,305,,
305,0,,287520.0,287520.0,,,1.421099000859988e-06,0.0009377871261833787,0.37790322580645164,0.7010012710770646,0.32821863889694214,1.4618648290634155,1.8647855520248413,,,,,0.05430291583048046,350000,0.2109624456315518,306,,
306,0,,293640.0,293640.0,,,1.4380498182727985e-06,0.0009288874540927228,0.3591451612903226,0.7211036340831531,0.3422885537147522,1.444291591644287,1.8603575229644775,,,,,0.052768268209184274,350000,0.2109624456315518,307,,
307,0,,287186.0,287186.0,,,1.4558225621365421e-06,0.0009200112787549767,0.3503709677419355,0.6844467220369286,0.314283162355423,1.4807753562927246,1.893507480621338,,,,,0.053004367843229844,350000,0.2109624456315518,308,,
308,0,,277367.0,277367.0,,,1.4098121726893941e-06,0.0009111589650349416,0.3187258064516129,0.6869305152236288,0.3173978626728058,1.4786226749420166,1.8806453943252563,,,,,0.051705819855979225,350000,0.2109624456315518,309,,
309,1,277454,295368.0,277454.0,1.0645656577306508,105928,1.3458669170750582e-06,0.0009023308768165631,0.3280967741935484,0.7098574187816807,0.3285609483718872,1.4513863325119019,1.8341917991638184,1,1,1,0,0.03824814071538189,350000,0.2109624456315518,310,171526,0
310,0,,279946.0,279946.0,,,1.3307438452770117e-06,0.0008935273769879704,0.3295483870967742,0.6679801730959662,0.34295520186424255,1.4394296407699585,1.8130919933319092,,,,,0.050761421319796954,350000,0.2109624456315518,311,,
311,0,,276459.0,276459.0,,,1.3277859030188944e-06,0.0008847488274265612,0.3371290322580645,0.699841195573286,0.33313441276550293,1.4444215297698975,1.817003846168518,,,,,0.05205996930704757,350000,0.2109624456315518,312,,
312,0,,285191.0,285191.0,,,1.2958736353173669e-06,0.0008759955889841236,0.3061935483870968,0.6516078286837315,0.303544819355011,1.4843133687973022,1.8522117137908936,,,,,0.05383071656238933,350000,0.2109624456315518,313,,
313,0,,302251.0,302251.0,,,1.3231866972542298e-06,0.0008672680214720062,0.35724193548387095,0.7107584687335948,0.3201129138469696,1.4714714288711548,1.856186032295227,,,,,0.054775115098571595,350000,0.2109624456315518,314,,
314,0,,317103.0,317103.0,,,1.3920923327573312e-06,0.0008585664836463262,0.3290161290322581,0.6774064064756697,0.3503512740135193,1.4270154237747192,1.8454054594039917,,,,,0.05335851729429819,350000,0.2109624456315518,315,,
315,0,,297619.0,297619.0,,,1.453306651308028e-06,0.0008498913331932217,0.3190322580645161,0.7021938616268286,0.3359677493572235,1.4392237663269043,1.876827597618103,,,,,0.05288631802620706,350000,0.2109624456315518,316,,
316,0,,294133.0,294133.0,,,1.3529981226321182e-06,0.0008412429267141499,0.3260483870967742,0.6966699734359821,0.32602331042289734,1.4588273763656616,1.859981656074524,,,,,0.0489906740644552,350000,0.2109624456315518,317,,
317,0,,309512.0,309512.0,,,1.325574310206315e-06,0.0008326216197112275,0.30401612903225805,0.7042867681908014,0.34512725472450256,1.442060112953186,1.8354474306106567,,,,,0.051705819855979225,350000,0.2109624456315518,318,,
318,0,,297813.0,297813.0,,,1.3863353270841276e-06,0.0008240277665726181,0.3500967741935484,0.6881840608513801,0.3324032425880432,1.4546271562576294,1.8579461574554443,,,,,0.051469720221933656,350000,0.2109624456315518,319,,
319,1,295961,308140.0,295961.0,1.0411506921520066,124435,1.3232083428476435e-06,0.0008154617205579644,0.31216129032258066,0.6947017463562661,0.3467060923576355,1.4452468156814575,1.841360330581665,1,1,1,0,0.04438673120056664,350000,0.2109624456315518,320,171526,1536
320,0,,305967.0,305967.0,,,1.3039993866872832e-06,0.0008069238337838679,0.36862903225806454,0.6872135733470277,0.3476164937019348,1.4449824094772339,1.846182107925415,,,,,0.050761421319796954,350000,0.2109624456315518,321,,
321,0,,316806.0,316806.0,,,1.33905315333255e-06,0.0007984144572094117,0.3797741935483871,0.71348183215762,0.34572580456733704,1.446480631828308,1.8618948459625244,,,,,0.05241411875811593,350000,0.2109624456315518,322,,
322,0,,304865.0,304865.0,,,1.3795990736259328e-06,0.0007899339406217385,0.3061774193548387,0.6801201427512136,0.31991755962371826,1.4776439666748047,1.9017037153244019,,,,,0.04993507260063747,350000,0.2109624456315518,323,,
323,0,,300822.0,300822.0,,,1.3184663198270072e-06,0.0007814826326216698,0.2969838709677419,0.680558738986804,0.3216308355331421,1.4745088815689087,1.8671125173568726,,,,,0.049698972966591905,350000,0.2109624456315518,324,,
324,0,,305072.0,305072.0,,,1.2911691591924155e-06,0.0007730608806093752,0.31859677419354837,0.6698931977581136,0.31885483860969543,1.4724043607711792,1.8651182651519775,,,,,0.05241411875811593,350000,0.2109624456315518,325,,
325,0,,297460.0,297460.0,,,1.3004468712032332e-06,0.0007646690307700957,0.285758064516129,0.6819157434737142,0.31625089049339294,1.4757096767425537,1.8661311864852905,,,,,0.05312241766025263,350000,0.2109624456315518,326,,
326,0,,303135.0,303135.0,,,1.2577283924387215e-06,0.0007563074280599075,0.3081129032258065,0.6940970526046748,0.3188960552215576,1.4609421491622925,1.8340619802474976,,,,,0.05335851729429819,350000,0.2109624456315518,327,,
327,0,,295450.0,295450.0,,,1.2725439080581168e-06,0.0007479764161915489,0.35679032258064514,0.697493674052919,0.3144247531890869,1.4657834768295288,1.8453725576400757,,,,,0.05229606894109314,350000,0.2109624456315518,328,,
328,0,,297436.0,297436.0,,,1.2298198119657663e-06,0.0007396763376202874,0.2510483870967742,0.6498476970269995,0.3125233054161072,1.4614863395690918,1.825738549232483,,,,,0.05158777003895644,350000,0.2109624456315518,329,,
329,1,295909,305682.0,295909.0,1.033027045476819,124383,1.2280535280378259e-06,0.0007314075335298439,0.3200483870967742,0.6939356806078256,0.31106093525886536,1.466881513595581,1.8391543626785278,1,1,1,0,0.04415063156652107,350000,0.2109624456315518,330,171526,3072
330,0,,302598.0,302598.0,,,1.2115363418465645e-06,0.0007231703438183677,0.2481774193548387,0.6496982269079045,0.3257885277271271,1.4574702978134155,1.8227001428604126,,,,,0.050525321685751384,350000,0.2109624456315518,331,,
331,0,,304159.0,304159.0,,,1.2299408483029174e-06,0.0007149651070844652,0.3459516129032258,0.6893520262519354,0.3120501935482025,1.4630451202392578,1.8357985019683838,,,,,0.051705819855979225,350000,0.2109624456315518,332,,
332,0,,299552.0,299552.0,,,1.2276384300346595e-06,0.0007067921606132807,0.29570967741935483,0.6956979875140996,0.315906822681427,1.462451457977295,1.8314803838729858,,,,,0.051469720221933656,350000,0.2109624456315518,333,,
333,0,,301797.0,301797.0,,,1.1996712081231343e-06,0.0006986518403626325,0.3265483870967742,0.6904230577688861,0.32041576504707336,1.463753581047058,1.825556755065918,,,,,0.05312241766025263,350000,0.2109624456315518,334,,
334,0,,295629.0,295629.0,,,1.1997403751321983e-06,0.000690544480949203,0.3193870967741935,0.6689337361057394,0.311265230178833,1.4734188318252563,1.83071768283844,,,,,0.05288631802620706,350000,0.2109624456315518,335,,
335,0,,293480.0,293480.0,,,1.1653418412932095e-06,0.0006824704156347824,0.3049516129032258,0.6635074093661026,0.3157240152359009,1.4733108282089233,1.814756989479065,,,,,0.05205996930704757,350000,0.2109624456315518,336,,
336,0,,288717.0,288717.0,,,1.1467277951077611e-06,0.0006744299763125724,0.33070967741935486,0.6849783292999369,0.31681540608406067,1.4714804887771606,1.8089207410812378,,,,,0.05028922205170582,350000,0.2109624456315518,337,,
337,0,,292498.0,292498.0,,,1.1173118399928528e-06,0.0006664234934935411,0.3419516129032258,0.6829086817383075,0.3035268783569336,1.486436128616333,1.8122367858886719,,,,,0.05087947113681974,350000,0.2109624456315518,338,,
338,0,,293407.0,293407.0,,,1.1218316493078837e-06,0.000658451296292838,0.34908064516129034,0.6964345436295449,0.31286561489105225,1.473029613494873,1.7973777055740356,,,,,0.05135167040491087,350000,0.2109624456315518,339,,
339,1,278545,290205.0,278545.0,1.041860381625949,107019,1.1154378559169012e-06,0.0006505137124162658,0.31098387096774194,0.6672505651894,0.30655017495155334,1.4899165630340576,1.8132905960083008,1,1,1,0,0.03494274583874395,350000,0.2109624456315518,340,171526,1536
340,0,,278948.0,278948.0,,,1.0469155293361685e-06,0.000642611068146807,0.32675806451612904,0.6626964153660297,0.308806449174881,1.4931710958480835,1.7883156538009644,,,,,0.04733797662613623,350000,0.2109624456315518,341,,
341,0,,295875.0,295875.0,,,1.0366025841592236e-06,0.0006347436883312156,0.3690483870967742,0.6920656792134329,0.3115483820438385,1.4940378665924072,1.7961385250091553,,,,,0.053948766379412115,350000,0.2109624456315518,342,,
342,0,,298513.0,298513.0,,,1.0903082982373926e-06,0.0006269118963666611,0.317741935483871,0.6938924859788557,0.32790860533714294,1.4666497707366943,1.7925552129745483,,,,,0.05229606894109314,350000,0.2109624456315518,343,,
343,0,,308430.0,308430.0,,,1.0913123144021776e-06,0.0006191160141874367,0.3480483870967742,0.6935873172144851,0.32220250368118286,1.4691194295883179,1.8129262924194336,,,,,0.056191712902845,350000,0.2109624456315518,344,,
344,0,,298721.0,298721.0,,,1.1204612696450873e-06,0.0006113563622517239,0.32579032258064516,0.6756555196830802,0.3152652382850647,1.4769058227539062,1.8203712701797485,,,,,0.056191712902845,350000,0.2109624456315518,345,,
345,0,,327953.0,327953.0,,,1.0766285077778125e-06,0.0006036332595284217,0.30138709677419356,0.6698013217749541,0.3122921288013458,1.484020709991455,1.8337281942367554,,,,,0.057962460158186756,350000,0.2109624456315518,346,,
346,0,,316510.0,316510.0,,,1.1781454408448994e-06,0.0005959470234840334,0.3003709677419355,0.6682843513577921,0.309612900018692,1.4889408349990845,1.8707048892974854,,,,,0.05607366308582222,350000,0.2109624456315518,347,,
347,0,,292635.0,292635.0,,,1.131333648993329e-06,0.000588297970069618,0.30724193548387096,0.6235112323852292,0.2896236777305603,1.5339792966842651,1.8814469575881958,,,,,0.05028922205170582,350000,0.2109624456315518,348,,
348,0,,287037.0,287037.0,,,1.0366745752620743e-06,0.0005806864137078026,0.20630645161290323,0.5799301833258375,0.28870251774787903,1.5441874265670776,1.8437535762786865,,,,,0.05005312241766025,350000,0.2109624456315518,349,,
349,1,285870,287694.0,285870.0,1.0063805226151747,114344,1.0068100774941248e-06,0.0005731126672798556,0.30043548387096775,0.6308565746460479,0.28253763914108276,1.5507264137268066,1.8407405614852905,1,1,1,0,0.04332428284736159,350000,0.2109624456315518,350,171526,3072
350,0,,307777.0,307777.0,,,9.926205912860423e-07,0.0005655770421128291,0.3151935483870968,0.6877953789596196,0.2907060980796814,1.5423920154571533,1.8475298881530762,,,,,0.05312241766025263,350000,0.2109624456315518,351,,
351,0,,325248.0,325248.0,,,1.0618404525242943e-06,0.0005580798479667586,0.32438709677419353,0.6902792584409237,0.2826971411705017,1.5544499158859253,1.8760453462600708,,,,,0.05583756345177665,350000,0.2109624456315518,352,,
352,0,,352480.0,352480.0,,,1.118008405102994e-06,0.0005506213930219316,0.29643548387096774,0.6926105301574916,0.3363189995288849,1.4597123861312866,1.836050271987915,,,,,0.05867075906032346,350000,0.2109624456315518,353,,
353,0,,343762.0,343762.0,,,1.2120435797750263e-06,0.0005432019838662167,0.3343225806451613,0.7054833512989153,0.3467867374420166,1.444822072982788,1.8682833909988403,,,,,0.05843465942627789,350000,0.2109624456315518,354,,
354,0,,340250.0,340250.0,,,1.1810033082842447e-06,0.0005358219254824653,0.37598387096774194,0.6886121808424852,0.3483297526836395,1.4494423866271973,1.849220871925354,,,,,0.05914295832841459,350000,0.2109624456315518,355,,
355,0,,318721.0,318721.0,,,1.1672876351054458e-06,0.0005284815212359716,0.37856451612903225,0.7076051846896027,0.357931911945343,1.437178611755371,1.8215880393981934,,,,,0.05737221107307284,350000,0.2109624456315518,356,,
356,0,,311064.0,311064.0,,,1.0883223859655327e-06,0.0005211810728620034,0.36151612903225805,0.7046738084337744,0.35915234684944153,1.4389991760253906,1.7798908948898315,,,,,0.05678196198795892,350000,0.2109624456315518,357,,
357,0,,334168.0,334168.0,,,1.0559314392624234e-06,0.000513920880453401,0.3875967741935484,0.7172214428609862,0.35462188720703125,1.4434866905212402,1.7814950942993164,,,,,0.05878880887734624,350000,0.2109624456315518,358,,
358,0,,323687.0,323687.0,,,1.1317374013660308e-06,0.0005067012424482368,0.38620967741935486,0.7104558812917647,0.34026166796684265,1.4806617498397827,1.8473949432373047,,,,,0.06079565576673356,350000,0.2109624456315518,359,,
359,1,279519,310390.0,279519.0,1.1104432972356084,107993,1.0919655251858637e-06,0.0004995224556175516,0.3739516129032258,0.7098304591597575,0.34932437539100647,1.450687289237976,1.806673526763916,1,1,1,0,0.03706764254515405,350000,0.2109624456315518,360,171526,0
360,0,,305553.0,305553.0,,,9.324212620893565e-07,0.0004923848150531553,0.3865,0.7131582001327927,0.3546326160430908,1.4560017585754395,1.7379381656646729,,,,,0.052768268209184274,350000,0.2109624456315518,361,,
361,0,,315848.0,315848.0,,,1.012367773227163e-06,0.00048528861415549567,0.37737096774193546,0.6948307867485023,0.34744805097579956,1.4681614637374878,1.786995768547058,,,,,0.05489316491559438,350000,0.2109624456315518,362,,
362,0,,323093.0,323093.0,,,1.041119055132282e-06,0.00047823414462159645,0.3879032258064516,0.707807239879863,0.3508208096027374,1.466737985610962,1.7961093187332153,,,,,0.055483414000708296,350000,0.2109624456315518,363,,
363,0,,314882.0,314882.0,,,1.0607493837424154e-06,0.0004712216964330704,0.2925322580645161,0.6197329755698648,0.3609767258167267,1.450791835784912,1.7842968702316284,,,,,0.055011214732617164,350000,0.2109624456315518,364,,
364,0,,315781.0,315781.0,,,1.0283407928793974e-06,0.00046425155784419645,0.37259677419354836,0.7033581225196197,0.34957706928253174,1.4535119533538818,1.775802731513977,,,,,0.05453901546452603,350000,0.2109624456315518,365,,
365,0,,297446.0,297446.0,,,1.0259852614660483e-06,0.0004573240153700722,0.38706451612903225,0.703516609709703,0.35811829566955566,1.4388353824615479,1.7426482439041138,,,,,0.054775115098571595,350000,0.2109624456315518,366,,
366,0,,292258.0,292258.0,,,9.58584194239919e-07,0.00045043935377483567,0.38688709677419353,0.7061079076687531,0.34756630659103394,1.449201226234436,1.7310634851455688,,,,,0.05383071656238933,350000,0.2109624456315518,367,,
367,0,,290274.0,290274.0,,,9.334121656012626e-07,0.0004435978560599585,0.37048387096774194,0.6965083517734305,0.3181523382663727,1.508884310722351,1.7788047790527344,,,,,0.05489316491559438,350000,0.2109624456315518,368,,
368,0,,295843.0,295843.0,,,9.184429634857937e-07,0.00043679980345261583,0.31,0.6878914213703539,0.3405734896659851,1.4743332862854004,1.7409230470657349,,,,,0.054775115098571595,350000,0.2109624456315518,369,,
369,1,283222,293800.0,283222.0,1.0373487935259267,111696,9.28228746664467e-07,0.00043004547539412505,0.34041935483870966,0.6904920925071154,0.33686020970344543,1.4528605937957764,1.7254149913787842,1,1,1,0,0.03753984181324519,350000,0.2109624456315518,370,171526,0
370,0,,286412.0,286412.0,,,8.792728202792848e-07,0.00042333514952845765,0.33788709677419354,0.6976110814647188,0.34155914187431335,1.4480319023132324,1.6992257833480835,,,,,0.04875457443040963,350000,0.2109624456315518,371,,
371,0,,279859.0,279859.0,,,8.803067492827327e-07,0.00041666910169082654,0.30816129032258066,0.6657938588182483,0.3045233190059662,1.5118696689605713,1.7622079849243164,,,,,0.05005312241766025,350000,0.2109624456315518,372,,
372,0,,293684.0,293684.0,,,8.506005540986293e-07,0.0004100476058963496,0.34791935483870967,0.6737809139566957,0.31323835253715515,1.4989404678344727,1.7450549602508545,,,,,0.05135167040491087,350000,0.2109624456315518,373,,
373,0,,296679.0,296679.0,,,8.84824790826685e-07,0.0004034709343287844,0.30274193548387096,0.6842131901937784,0.32095521688461304,1.4763967990875244,1.7409330606460571,,,,,0.05099752095384252,350000,0.2109624456315518,374,,
374,0,,299517.0,299517.0,,,8.864918352651484e-07,0.0003969393573293399,0.33719354838709675,0.6475230512771588,0.3111182749271393,1.5681771039962769,1.8326464891433716,,,,,0.06114980521780191,350000,0.2109624456315518,375,,
375,0,,296623.0,296623.0,,,8.880288644856784e-07,0.00039045314338556457,0.31240322580645163,0.6496168523837387,0.3069821000099182,1.4651354551315308,1.7275335788726807,,,,,0.06209420375398418,350000,0.2109624456315518,376,,
376,0,,296807.0,296807.0,,,8.722023793586566e-07,0.0003840125591203082,0.3380806451612903,0.6456603620474693,0.30961111187934875,1.5674843788146973,1.8265255689620972,,,,,0.06374690119230315,350000,0.2109624456315518,377,,
377,0,,306400.0,306400.0,,,8.655793523007349e-07,0.00037761786928076414,0.2919193548387097,0.6653337625235912,0.29877060651779175,1.4820849895477295,1.7459286451339722,,,,,0.06398300082634872,350000,0.2109624456315518,378,,
378,0,,309190.0,309190.0,,,8.876311723824917e-07,0.0003712693367275855,0.26975806451612905,0.629222857637345,0.2848745584487915,1.505823016166687,1.7812446355819702,,,,,0.06091370558375635,350000,0.2109624456315518,379,,
379,1,299195,305123.0,299195.0,1.0198131653269606,127669,8.9017848547946e-07,0.0003649672224240804,0.30929032258064515,0.6477911570289047,0.29187098145484924,1.499355435371399,1.7771058082580566,1,1,1,0,0.043914531932475506,350000,0.2109624456315518,380,171526,0
380,0,,304612.0,304612.0,,,8.546736218091215e-07,0.00035871178542548295,0.2372741935483871,0.6443881171892517,0.2917150557041168,1.5120855569839478,1.7738168239593506,,,,,0.05973320741352851,350000,0.2109624456315518,381,,
381,0,,306250.0,306250.0,,,8.6412570673014e-07,0.00035250328286830847,0.29188709677419356,0.671495353043229,0.2932778000831604,1.5044585466384888,1.7678691148757935,,,,,0.06103175540077913,350000,0.2109624456315518,382,,
382,0,,305177.0,305177.0,,,8.629912989771974e-07,0.00034634196995977966,0.26388709677419353,0.660148587943849,0.30080288648605347,1.5003564357757568,1.7658932209014893,,,,,0.06032345649864243,350000,0.2109624456315518,383,,
383,0,,309248.0,309248.0,,,8.540952504985181e-07,0.00034022809996733794,0.2766290322580645,0.6345196245389773,0.29744625091552734,1.5101674795150757,1.7740463018417358,,,,,0.059497107779482944,350000,0.2109624456315518,384,,
384,0,,310351.0,310351.0,,,8.601483285444268e-07,0.00033416192420823287,0.3183870967741935,0.6784228813930777,0.30183693766593933,1.4895167350769043,1.7584112882614136,,,,,0.057490260890095624,350000,0.2109624456315518,385,,
385,0,,306217.0,306217.0,,,8.580426084772971e-07,0.00032814369203918933,0.3021774193548387,0.6711422760652479,0.2970806658267975,1.4903358221054077,1.7574230432510376,,,,,0.057254161256050054,350000,0.2109624456315518,386,,
386,0,,306324.0,306324.0,,,8.40974961080611e-07,0.00032217365084616064,0.31740322580645164,0.6787847864977237,0.3019784986972809,1.5019807815551758,1.7614107131958008,,,,,0.0583166096092551,350000,0.2109624456315518,387,,
387,0,,309454.0,309454.0,,,8.356808331422971e-07,0.00031625204603415684,0.24680645161290324,0.6695348018606824,0.29391756653785706,1.4905582666397095,1.7491315603256226,,,,,0.05878880887734624,350000,0.2109624456315518,388,,
388,0,,311546.0,311546.0,,,8.390385605794629e-07,0.0003103791210171591,0.3101129032258064,0.6613958470518009,0.297650545835495,1.493896245956421,1.7537676095962524,,,,,0.05937905796246016,350000,0.2109624456315518,389,,
389,1,302685,311990.0,302685.0,1.0307415299734046,131159,8.398093514038592e-07,0.0003045551172081112,0.27808064516129033,0.6727444610000609,0.29685306549072266,1.5050666332244873,1.7638862133026123,1,1,1,0,0.04060913705583756,350000,0.2109624456315518,390,171526,0
390,0,,311566.0,311566.0,,,8.100196767755445e-07,0.00029878027400899926,0.31711290322580643,0.6726063780541127,0.2914283275604248,1.5078226327896118,1.7567389011383057,,,,,0.05784441034116397,350000,0.2109624456315518,391,,
391,0,,339737.0,339737.0,,,8.289509408382148e-07,0.0002930548288010085,0.31243548387096776,0.67725003053809,0.2980985641479492,1.5170080661773682,1.7760356664657593,,,,,0.059497107779482944,350000,0.2109624456315518,392,,
392,0,,313624.0,313624.0,,,9.025584940477364e-07,0.00028737901693476646,0.2506935483870968,0.6334991089366833,0.2934319078922272,1.5016072988510132,1.7874897718429565,,,,,0.057962460158186756,350000,0.2109624456315518,393,,
393,0,,308016.0,308016.0,,,8.286265837262055e-07,0.0002817530717206684,0.3402741935483871,0.6457652645250761,0.28868818283081055,1.5171163082122803,1.7769113779067993,,,,,0.0583166096092551,350000,0.2109624456315518,394,,
394,0,,314201.0,314201.0,,,8.086267625953372e-07,0.00027617722441928655,0.27833870967741936,0.6613313836590835,0.2922509014606476,1.5063891410827637,1.7599668502807617,,,,,0.060205406681619646,350000,0.2109624456315518,395,,
395,0,,312877.0,312877.0,,,8.204259204836891e-07,0.0002706517042318645,0.3333548387096774,0.6727219109592277,0.29893550276756287,1.502099871635437,1.760263442993164,,,,,0.061267855034824695,350000,0.2109624456315518,396,,
396,0,,315938.0,315938.0,,,8.124015223282287e-07,0.0002651767382908954,0.2901451612903226,0.6683576476359441,0.2873745560646057,1.5051921606063843,1.7620617151260376,,,,,0.05985125723055129,350000,0.2109624456315518,397,,
397,0,,315610.0,315610.0,,,8.161606374258003e-07,0.0002597525516507851,0.24388709677419354,0.643877654855875,0.2981935441493988,1.5044481754302979,1.76249098777771,,,,,0.06185810411993861,350000,0.2109624456315518,398,,
398,0,,311997.0,311997.0,,,8.111079751231324e-07,0.00025437936727860065,0.2546290322580645,0.6684597731240278,0.2935250997543335,1.498754620552063,1.7554532289505005,,,,,0.06162200448589305,350000,0.2109624456315518,399,,
399,1,305594,314867.0,305594.0,1.030344182150173,134068,7.972278341604306e-07,0.0002490574060449067,0.29616129032258065,0.6775515746635964,0.29686200618743896,1.503868579864502,1.7566258907318115,1,1,1,0,0.04580332900484004,350000,0.2109624456315518,400,171526,0
400,0,,313517.0,313517.0,,,7.755873143373097e-07,0.000243786886714685,0.2976451612903226,0.6727789012930211,0.29320967197418213,1.498618245124817,1.7402069568634033,,,,,0.06067760594971078,350000,0.2109624456315518,401,,
401,0,,313523.0,313523.0,,,7.913281610490796e-07,0.00023856802593834174,0.26087096774193547,0.6472387543466694,0.28801971673965454,1.497921109199524,1.7481188774108887,,,,,0.06114980521780191,350000,0.2109624456315518,402,,
402,0,,327010.0,327010.0,,,7.870004862406658e-07,0.00023340103824280307,0.27141935483870966,0.6707053218407502,0.2887401580810547,1.5020874738693237,1.7506591081619263,,,,,0.05985125723055129,350000,0.2109624456315518,403,,
403,0,,320858.0,320858.0,,,8.180715277062106e-07,0.00022828613602269472,0.3196935483870968,0.6715944781474013,0.29692116379737854,1.4967949390411377,1.7597922086715698,,,,,0.059969307047574076,350000,0.2109624456315518,404,,
404,0,,320490.0,320490.0,,,7.991997833958305e-07,0.00022322352953161345,0.32379032258064516,0.6708071810591363,0.29946237802505493,1.51376211643219,1.7689894437789917,,,,,0.061976153936961396,350000,0.2109624456315518,405,,
405,0,,310886.0,310886.0,,,7.947751697295675e-07,0.00021821342687348353,0.2915483870967742,0.671413478720281,0.29157349467277527,1.5004565715789795,1.755247950553894,,,,,0.06114980521780191,350000,0.2109624456315518,406,,
406,0,,311929.0,311929.0,,,7.664037630700868e-07,0.00021325603399400178,0.30733870967741933,0.6695891154558081,0.2947903275489807,1.503631591796875,1.7441872358322144,,,,,0.06044150631566521,350000,0.2109624456315518,407,,
407,0,,321052.0,321052.0,,,7.645600506361001e-07,0.00020835155467217281,0.2258709677419355,0.6124323711245278,0.290068119764328,1.519279956817627,1.7590471506118774,,,,,0.06067760594971078,350000,0.2109624456315518,408,,
408,0,,313305.0,313305.0,,,7.835317424416672e-07,0.00020350019051193206,0.31056451612903224,0.6841438658263334,0.2924121916294098,1.52225661277771,1.771672010421753,,,,,0.060205406681619646,350000,0.2109624456315518,409,,
409,1,308914,320544.0,308914.0,1.0376480185423775,137388,7.604024464595781e-07,0.00019870214093385834,0.28308064516129033,0.6783055246722018,0.28812187910079956,1.5227439403533936,1.7666337490081787,1,1,1,0,0.04285208357927045,350000,0.2109624456315518,410,171526,0
410,0,,315398.0,315398.0,,,7.450788713058431e-07,0.00019395760316697757,0.26064516129032256,0.6620982150973133,0.28428494930267334,1.5075035095214844,1.7432568073272705,,,,,0.059024908511391805,350000,0.2109624456315518,411,,
411,0,,316544.0,316544.0,,,7.56768656909021e-07,0.00018926677224065424,0.3068709677419355,0.664796711180143,0.2934623658657074,1.5045617818832397,1.7455406188964844,,,,,0.06067760594971078,350000,0.2109624456315518,412,,
412,0,,316522.0,316522.0,,,7.557124718484466e-07,0.00018462984097657455,0.25720967741935485,0.6635976091640793,0.28613799810409546,1.504194736480713,1.7462599277496338,,,,,0.061503954668870264,350000,0.2109624456315518,413,,
413,0,,322849.0,322849.0,,,7.518707636403033e-07,0.00018004699998082135,0.2720967741935484,0.6630316347957316,0.2841881811618805,1.503924012184143,1.7422003746032715,,,,,0.06315665210718924,350000,0.2109624456315518,414,,
414,0,,340803.0,340803.0,,,7.638099509302919e-07,0.00017551843763603843,0.32453225806451613,0.6817502829744837,0.2838297486305237,1.4996694326400757,1.7442026138305664,,,,,0.06433715027741707,350000,0.2109624456315518,415,,
415,0,,332831.0,332831.0,,,8.0521349314826e-07,0.00017104434009368634,0.32183870967741934,0.6658366633316071,0.2819032371044159,1.5225346088409424,1.7952691316604614,,,,,0.06280250265612089,350000,0.2109624456315518,416,,
416,0,,323203.0,323203.0,,,7.844029004709152e-07,0.00016662489126639167,0.25611290322580643,0.6434945671988426,0.30121147632598877,1.4964864253997803,1.7564516067504883,,,,,0.06256640302207532,350000,0.2109624456315518,417,,
417,0,,325245.0,325245.0,,,7.586844297500927e-07,0.00016226027282038527,0.23496774193548386,0.6363465906914921,0.2854319214820862,1.5126703977584839,1.7564414739608765,,,,,0.06209420375398418,350000,0.2109624456315518,418,,
418,0,,320105.0,320105.0,,,7.606827118113853e-07,0.00015795066416803683,0.23753225806451614,0.6461951913077264,0.285270631313324,1.5272319316864014,1.7679216861724854,,,,,0.061976153936961396,350000,0.2109624456315518,419,,
419,1,311143,321104.0,311143.0,1.0320142185425993,139617,7.453265564705191e-07,0.00015369624246047814,0.3193548387096774,0.6658787169819779,0.2861630916595459,1.520169973373413,1.7590657472610474,1,1,1,0,0.04155353559201983,350000,0.2109624456315518,420,171526,0
420,0,,313432.0,313432.0,,,7.202093781562449e-07,0.00014949718258032264,0.28866129032258064,0.6514512841451604,0.29215413331985474,1.510906457901001,1.7375338077545166,,,,,0.05359461692834376,350000,0.2109624456315518,421,,
421,0,,315075.0,315075.0,,,7.215157832694548e-07,0.0001453536571344749,0.3252258064516129,0.670923600008744,0.2921792268753052,1.5119929313659668,1.739709496498108,,,,,0.05489316491559438,350000,0.2109624456315518,422,,
422,0,,315375.0,315375.0,,,7.214956912403062e-07,0.00014126583644703738,0.2588064516129032,0.6632386362093923,0.29250001907348633,1.5326735973358154,1.7620857954025269,,,,,0.05973320741352851,350000,0.2109624456315518,423,,
423,0,,317496.0,317496.0,,,7.18430930029196e-07,0.0001372338885523074,0.2834032258064516,0.6529889003535942,0.2965770661830902,1.5393998622894287,1.7655677795410156,,,,,0.06055955613268799,350000,0.2109624456315518,424,,
424,0,,315439.0,315439.0,,,7.197464421065209e-07,0.00013325797918787083,0.3190806451612903,0.6631227789051197,0.29145878553390503,1.5218430757522583,1.748509407043457,,,,,0.06067760594971078,350000,0.2109624456315518,425,,
425,0,,324766.0,324766.0,,,7.113756951048524e-07,0.00012933827178778932,0.2954516129032258,0.6678277669846002,0.29232078790664673,1.5176738500595093,1.7448567152023315,,,,,0.061976153936961396,350000,0.2109624456315518,426,,
426,0,,335578.0,335578.0,,,7.296747494032292e-07,0.00012547492747588118,0.3330483870967742,0.6651021669911563,0.290132611989975,1.5053340196609497,1.7371022701263428,,,,,0.0641010506433715,350000,0.2109624456315518,427,,
427,0,,330734.0,330734.0,,,7.52382203739009e-07,0.00012166810505909986,0.24624193548387097,0.6346273229148115,0.290634423494339,1.5083414316177368,1.760382890701294,,,,,0.062212253571006966,350000,0.2109624456315518,428,,
428,0,,321204.0,321204.0,,,7.394254877889597e-07,0.00011791796102100429,0.31711290322580643,0.6787671964824956,0.2938620150089264,1.5011687278747559,1.7421709299087524,,,,,0.06362885137528036,350000,0.2109624456315518,429,,
429,1,304349,317136.0,304349.0,1.0420142665164005,132823,7.150430060681252e-07,0.00011422464951532792,0.3163548387096774,0.6744205223138484,0.29374730587005615,1.5021851062774658,1.7340203523635864,1,1,1,0,0.05135167040491087,350000,0.2109624456315518,430,171526,3072
430,0,,309662.0,309662.0,,,6.728035727524136e-07,0.00011058832235964055,0.32679032258064517,0.6691638139144906,0.2922150492668152,1.5025392770767212,1.7107058763504028,,,,,0.06103175540077913,350000,0.2109624456315518,431,,
431,0,,314286.0,314286.0,,,6.803702539002916e-07,0.00010700912902910938,0.2306774193548387,0.6421585215583234,0.29710036516189575,1.492763876914978,1.7046221494674683,,,,,0.06233030338802975,350000,0.2109624456315518,432,,
432,0,,309964.0,309964.0,,,6.86823724924885e-07,0.00010348721665035317,0.3377903225806452,0.6737735253718746,0.294094979763031,1.4939501285552979,1.7083405256271362,,,,,0.06044150631566521,350000,0.2109624456315518,433,,
433,0,,317611.0,317611.0,,,6.732768319518196e-07,0.0001000227299953959,0.2814838709677419,0.6639273365919334,0.2937992811203003,1.4961493015289307,1.7066479921340942,,,,,0.06103175540077913,350000,0.2109624456315518,434,,
434,0,,311979.0,311979.0,,,6.865454974678984e-07,9.661581147571405e-05,0.2808709677419355,0.6357876602395693,0.29056811332702637,1.5017343759536743,1.7167612314224243,,,,,0.06067760594971078,350000,0.2109624456315518,435,,
435,0,,315196.0,315196.0,,,6.705049920996738e-07,9.326660113638421e-05,0.3145322580645161,0.6664479768180918,0.2875322699546814,1.5063543319702148,1.7165049314498901,,,,,0.06185810411993861,350000,0.2109624456315518,436,,
436,0,,317006.0,317006.0,,,6.738806468334683e-07,8.99752366503256e-05,0.24116129032258066,0.6443776394349319,0.29246774315834045,1.5031927824020386,1.7153875827789307,,,,,0.06362885137528036,350000,0.2109624456315518,437,,
437,0,,659051.0,659051.0,,,6.74403383893052e-07,8.674185331264037e-05,0.2710483870967742,0.6629860365854697,0.28760215640068054,1.505168080329895,1.7896449565887451,,,,,0.0849958682564042,350000,0.2109624456315518,438,,
438,0,,647921.0,647921.0,,,1.4471509392022142e-06,8.356658403505401e-05,0.3157258064516129,0.6642991000250998,0.29334408044815063,1.5003284215927124,2.437652826309204,,,,,0.08558611734151812,350000,0.2109624456315518,439,,
439,1,616465,622882.0,616465.0,1.0104093500847575,444939,1.4672008310196379e-06,8.044955934044905e-05,0.3188870967741935,0.6664906117452772,0.29296237230300903,1.5057564973831177,2.445786476135254,0,0,1,0,0.08003777594144729,350000,0.2109624456315518,440,171526,266240
440,0,,621701.0,621701.0,,,1.4360446769021985e-06,7.739090735750237e-05,0.3173548387096774,0.6653189361903717,0.2851129174232483,1.5100481510162354,2.4006245136260986,,,,,0.08771101404792822,350000,0.2109624456315518,441,,
441,0,,623887.0,623887.0,,,1.4904477956952531e-06,7.439075381541727e-05,0.2693225806451613,0.6604580904428309,0.2853512763977051,1.5099983215332031,2.4372036457061768,,,,,0.09030811002242947,350000,0.2109624456315518,442,,
442,0,,622723.0,622723.0,,,1.5395472915411354e-06,7.144922203875487e-05,0.3325,0.6660899600605412,0.2879534065723419,1.5030847787857056,2.4639992713928223,,,,,0.08889151221815607,350000,0.2109624456315518,443,,
443,0,,619612.0,619612.0,,,1.581587949563694e-06,6.856643294236564e-05,0.27538709677419354,0.6591415395607315,0.2896380126476288,1.503641963005066,2.4903697967529297,,,,,0.08818321331601936,350000,0.2109624456315518,444,,
444,0,,616375.0,616375.0,,,1.6192758908004316e-06,6.574250502641776e-05,0.2694677419354839,0.6600179441343961,0.29256272315979004,1.4999358654022217,2.4987666606903076,,,,,0.08629441624365482,350000,0.2109624456315518,445,,
445,0,,614250.0,614250.0,,,1.6570472554059467e-06,6.297755437152746e-05,0.32293548387096777,0.6622604171837841,0.29079750180244446,1.5010570287704468,2.521595001220703,,,,,0.0857041671585409,350000,0.2109624456315518,446,,
446,0,,611632.0,611632.0,,,1.698434876977478e-06,6.027169463398656e-05,0.30266129032258066,0.6642904381438137,0.2924390733242035,1.5085170269012451,2.554382085800171,,,,,0.08535001770747255,350000,0.2109624456315518,447,,
447,0,,610288.0,610288.0,,,1.7390619026903766e-06,5.762503704109115e-05,0.3081451612903226,0.670254214664262,0.2901935577392578,1.504989743232727,2.5694921016693115,,,,,0.08605831660960926,350000,0.2109624456315518,448,,
448,0,,606220.0,606220.0,,,1.784156768482336e-06,5.503769038656806e-05,0.28330645161290324,0.6590827878244939,0.2951183021068573,1.5099586248397827,2.5932769775390625,,,,,0.08546806752449533,350000,0.2109624456315518,449,,
449,1,599501,609281.0,599501.0,1.0163135674502628,427975,1.8216148259444017e-06,5.250976102610447e-05,0.30682258064516127,0.650216022764976,0.28761112689971924,1.5107495784759521,2.615889072418213,0,0,1,0,0.07803092905205997,350000,0.2109624456315518,450,171526,262144
450,0,,600218.0,600218.0,,,1.8505562788021511e-06,5.004135287297534e-05,0.27029032258064517,0.6372414783193607,0.2882007360458374,1.510260820388794,2.6197896003723145,,,,,0.0806280250265612,350000,0.2109624456315518,451,,
451,0,,598718.0,598718.0,,,1.9034148331032825e-06,4.7632567393771744e-05,0.32470967741935486,0.6700680548958498,0.29149284958839417,1.5161216259002686,2.6555252075195312,,,,,0.08192657301381183,350000,0.2109624456315518,452,,
452,0,,598125.0,598125.0,,,1.950313660237631e-06,4.5283503604229987e-05,0.2904838709677419,0.6572151071260691,0.2930053770542145,1.5054576396942139,2.672802209854126,,,,,0.08169047337976626,350000,0.2109624456315518,453,,
453,0,,598636.0,598636.0,,,2.001291257571865e-06,4.299425806516198e-05,0.2577741935483871,0.663035477347442,0.2952759861946106,1.506369948387146,2.704314708709717,,,,,0.08121827411167512,350000,0.2109624456315518,454,,
454,0,,602402.0,602402.0,,,2.0574813759057002e-06,4.0764924878485285e-05,0.2886774193548387,0.6634070630088391,0.294225811958313,1.5061715841293335,2.7394025325775146,,,,,0.0821626726478574,350000,0.2109624456315518,455,,
455,0,,597952.0,597952.0,,,2.127406126033967e-06,3.859559568335548e-05,0.34574193548387094,0.672009766299183,0.29212725162506104,1.5047543048858643,2.78637957572937,,,,,0.08251682209892575,350000,0.2109624456315518,456,,
456,0,,590248.0,590248.0,,,2.169003421915495e-06,3.6486359652399445e-05,0.27556451612903227,0.6623185058344667,0.29103943705558777,1.5082755088806152,2.8070030212402344,,,,,0.08263487191594852,350000,0.2109624456315518,457,,
457,0,,584978.0,584978.0,,,2.1977422766578407e-06,3.443730348804885e-05,0.27356451612903226,0.6653178301190198,0.2893369197845459,1.5120769739151,2.799633741378784,,,,,0.08110022429465234,350000,0.2109624456315518,458,,
458,0,,584982.0,584982.0,,,2.2347829336084953e-06,3.2448511418976834e-05,0.3178548387096774,0.6623404528298484,0.28754302859306335,1.5186638832092285,2.8288395404815674,,,,,0.080746074843584,350000,0.2109624456315518,459,,
459,1,577857,582977.0,577857.0,1.0088603235748637,406331,2.292936558240857e-06,3.0520065196635965e-05,0.2605,0.6566678932783528,0.2916577160358429,1.5103981494903564,2.8529791831970215,0,0,1,0,0.076378231613741,350000,0.2109624456315518,460,171526,245760
460,0,,581552.0,581552.0,,,2.3225096705279505e-06,2.8652044091897372e-05,0.28877419354838707,0.6657158745102877,0.2853691875934601,1.506872534751892,2.8535642623901367,,,,,0.07732263014992327,350000,0.2109624456315518,461,,
461,0,,578204.0,578204.0,,,2.397461995804355e-06,2.684452489179225e-05,0.24030645161290323,0.6519160532539747,0.28909677267074585,1.5099672079086304,2.901793956756592,,,,,0.07873922795419667,350000,0.2109624456315518,462,,
462,0,,578300.0,578300.0,,,2.444246050150965e-06,2.5097581896354815e-05,0.27919354838709676,0.6626475497932599,0.2863835096359253,1.5106841325759888,2.9286158084869385,,,,,0.0792114272222878,350000,0.2109624456315518,463,,
463,0,,578108.0,578108.0,,,2.506809200415398e-06,2.341128691556972e-05,0.2562258064516129,0.6361522521194394,0.28390681743621826,1.5090463161468506,2.962364912033081,,,,,0.07838507850312831,350000,0.2109624456315518,464,,
464,0,,577998.0,577998.0,,,2.5696508257430478e-06,2.1785709266418765e-05,0.27633870967741936,0.6647234766602704,0.28556451201438904,1.5081559419631958,2.9961161613464355,,,,,0.07791287923503719,350000,0.2109624456315518,465,,
465,0,,578138.0,578138.0,,,2.6344161775195004e-06,2.0220915770031963e-05,0.24193548387096775,0.6546845052275644,0.2906738519668579,1.5018659830093384,3.02510404586792,,,,,0.07897532758824224,350000,0.2109624456315518,466,,
466,0,,578143.0,578143.0,,,2.7020148919518423e-06,1.8716970748941455e-05,0.28888709677419355,0.6662775269320986,0.2891756296157837,1.5022571086883545,3.063504457473755,,,,,0.07897532758824224,350000,0.2109624456315518,467,,
467,0,,575071.0,575071.0,,,2.7707022386188608e-06,1.7273936024436205e-05,0.317241935483871,0.6648230964288357,0.28554481267929077,1.5082002878189087,3.1072702407836914,,,,,0.07885727777121945,350000,0.2109624456315518,468,,
468,0,,573521.0,573521.0,,,2.8252619619196256e-06,1.5891870914021877e-05,0.33764516129032257,0.6660718367966263,0.2981093227863312,1.506095051765442,3.1329405307769775,,,,,0.07873922795419667,350000,0.2109624456315518,469,,
469,1,564588,577139.0,564588.0,1.0222303697563533,393062,2.888089473970096e-06,1.4570832228981917e-05,0.3354677419354839,0.6622333847530822,0.2959677577018738,1.5051846504211426,3.173114538192749,0,0,1,0,0.07472553417542203,350000,0.2109624456315518,470,171526,245760
470,0,,578330.0,578330.0,,,2.911897893415828e-06,1.3310874272042545e-05,0.2635,0.6642540827531243,0.29803943634033203,1.4992320537567139,3.1662557125091553,,,,,0.07909337740526502,350000,0.2109624456315518,471,,
471,0,,577799.0,577799.0,,,3.0586205642262407e-06,1.2112048835140283e-05,0.274241935483871,0.6583481177050688,0.2995269000530243,1.4932093620300293,3.256239175796509,,,,,0.07885727777121945,350000,0.2109624456315518,472,,
472,0,,573535.0,573535.0,,,3.133373064802101e-06,1.0974405197293704e-05,0.274241935483871,0.6604814456556556,0.29019713401794434,1.5064500570297241,3.3125367164611816,,,,,0.07803092905205997,350000,0.2109624456315518,473,,
473,0,,575515.0,575515.0,,,3.1880112104788332e-06,9.897990122576725e-06,0.3056129032258065,0.6601110133227575,0.28872403502464294,1.5204581022262573,3.3595094680786133,,,,,0.07755872978396884,350000,0.2109624456315518,474,,
474,0,,580200.0,580200.0,,,3.279563101956108e-06,8.88284785819712e-06,0.3214032258064516,0.67401688199573,0.28541040420532227,1.5214433670043945,3.417731285095215,,,,,0.07826702868610554,350000,0.2109624456315518,475,,
475,0,,581770.0,581770.0,,,3.3908810294988017e-06,7.929020132677253e-06,0.2558548387096774,0.6412325126116715,0.29148030281066895,1.5213474035263062,3.484233856201172,,,,,0.07873922795419667,350000,0.2109624456315518,476,,
476,0,,581852.0,581852.0,,,3.4875489698188222e-06,7.0365461541390165e-06,0.3172741935483871,0.6611887381520516,0.28456631302833557,1.5302739143371582,3.561911106109619,,,,,0.07932947703931059,350000,0.2109624456315518,477,,
477,0,,581842.0,581842.0,,,3.5778221456051953e-06,6.205462608692161e-06,0.323241935483871,0.6661911898266168,0.2953333556652069,1.520736575126648,3.6037650108337402,,,,,0.07897532758824224,350000,0.2109624456315518,478,,
478,0,,584890.0,584890.0,,,3.669848491963111e-06,5.4358036589261704e-06,0.3193548387096774,0.6672484285472492,0.2773028612136841,1.5348365306854248,3.6734042167663574,,,,,0.07909337740526502,350000,0.2109624456315518,479,,
479,1,562420,581712.0,562420.0,1.0343017673624693,390894,3.7850147073150965e-06,4.72760094250569e-06,0.30640322580645163,0.6627456047549541,0.29358065128326416,1.518831729888916,3.7193591594696045,0,0,1,0,0.07401723527328533,350000,0.2109624456315518,480,171526,245760
480,0,,579601.0,579601.0,,,3.7269517200488207e-06,4.080883570870665e-06,0.2831774193548387,0.6279503005460734,0.2944910526275635,1.5200464725494385,3.681680917739868,,,,,0.07755872978396884,350000,0.2109624456315518,481,,
481,0,,581177.0,581177.0,,,3.938902138393224e-06,3.495678128039364e-06,0.25637096774193546,0.6404017277379097,0.29581722617149353,1.5104811191558838,3.7957725524902344,,,,,0.07862117813717388,350000,0.2109624456315518,482,,
482,0,,572420.0,572420.0,,,4.051039729092865e-06,2.972008669515117e-06,0.27083870967741935,0.6343730604686929,0.2801164984703064,1.5306422710418701,3.8701162338256836,,,,,0.07755872978396884,350000,0.2109624456315518,483,,
483,0,,570361.0,570361.0,,,4.089358832595867e-06,2.509896721298773e-06,0.2820967741935484,0.6464681428164221,0.2862114906311035,1.528656005859375,3.8635690212249756,,,,,0.07673238106480935,350000,0.2109624456315518,484,,
484,0,,564217.0,564217.0,,,4.175363899652516e-06,2.1093612790020332e-06,0.3061935483870968,0.6506402145308521,0.28281542658805847,1.5311713218688965,3.8985888957977295,,,,,0.07626018179671822,350000,0.2109624456315518,485,,
485,0,,568883.0,568883.0,,,4.2301871704791416e-06,1.7704188070685035e-06,0.3044516129032258,0.6619733412004214,0.29126882553100586,1.5089001655578613,3.916027545928955,,,,,0.0770865305158777,350000,0.2109624456315518,486,,
486,0,,570390.0,570390.0,,,4.37002697543777e-06,1.4930832380956287e-06,0.2803548387096774,0.6549162544943327,0.29180288314819336,1.507249116897583,3.99668025970459,,,,,0.07696848069885491,350000,0.2109624456315518,487,,
487,0,,570342.0,570342.0,,,4.489916431357608e-06,1.2773659722621758e-06,0.26043548387096777,0.6597078262427267,0.28923118114471436,1.5130572319030762,4.072820663452148,,,,,0.07673238106480935,350000,0.2109624456315518,488,,
488,0,,568811.0,568811.0,,,4.600500418657904e-06,1.123275876860264e-06,0.31567741935483873,0.6669620212781174,0.2961326241493225,1.5043472051620483,4.125908851623535,,,,,0.07673238106480935,350000,0.2109624456315518,489,,
489,1,568737,570328.0,568737.0,1.0027974265785415,397211,4.700918305324159e-06,1.0308192859301122e-06,0.2835483870967742,0.6355036677305343,0.2942383587360382,1.5028635263442993,4.180180072784424,0,0,1,0,0.07543383307755873,350000,0.2109624456315518,490,171526,245760
490,0,,570313.0,570313.0,,,4.8157992215561315e-06,1e-06,0.2751774193548387,0.6135491555848158,0.29477062821388245,1.5057529211044312,4.249849796295166,,,,,0.07649628143076379,350000,0.2109624456315518,491,,
491,0,,564734.0,564734.0,,,4.948486866156052e-06,1e-06,0.3138225806451613,0.6666778038546382,0.28928494453430176,1.5080724954605103,4.322615623474121,,,,,0.07661433124778656,350000,0.2109624456315518,492,,
492,0,,564734.0,564734.0,,,5.018707450732024e-06,1e-06,0.3169677419354839,0.667902453366143,0.2933279573917389,1.5065221786499023,4.344797134399414,,,,,0.07661433124778656,350000,0.2109624456315518,493,,
493,0,,566217.0,566217.0,,,5.140207786727204e-06,1e-06,0.2513870967741936,0.6637391235531446,0.2925466001033783,1.5027047395706177,4.408727169036865,,,,,0.076378231613741,350000,0.2109624456315518,494,,
494,0,,564657.0,564657.0,,,5.279166837469561e-06,1e-06,0.2994032258064516,0.6626765249929936,0.29079392552375793,1.5055582523345947,4.490301132202148,,,,,0.07614213197969544,350000,0.2109624456315518,495,,
495,0,,567758.0,567758.0,,,5.392039100533909e-06,1e-06,0.26075806451612904,0.6633889319460408,0.29373836517333984,1.5046586990356445,4.560022830963135,,,,,0.07661433124778656,350000,0.2109624456315518,496,,
496,0,,569342.0,569342.0,,,5.554389607768714e-06,1e-06,0.25079032258064515,0.6630039135094398,0.29159677028656006,1.5048847198486328,4.65531587600708,,,,,0.07696848069885491,350000,0.2109624456315518,497,,
497,0,,563198.0,563198.0,,,5.707048441447742e-06,1e-06,0.2520322580645161,0.6639292074666645,0.29413262009620667,1.5003429651260376,4.727268218994141,,,,,0.07649628143076379,350000,0.2109624456315518,498,,
498,0,,563150.0,563150.0,,,5.781347749800552e-06,1e-06,0.31001612903225806,0.6601532767341546,0.2950555682182312,1.5005922317504883,4.759943008422852,,,,,0.07626018179671822,350000,0.2109624456315518,499,,
499,1,563100,566222.0,563100.0,1.005544308293376,391574,5.91997509761031e-06,1e-06,0.3158225806451613,0.666275717927394,0.2927347719669342,1.5034466981887817,4.85072135925293,0,0,1,0,0.07507968362649038,350000,0.2109624456315518,500,171526,241664
