epoch,ebops_traced,ebops,ebops_in_training,pid_ebops,ebops_in_training_over_traced,ebops_above_floor,beta,learning_rate,val_categorical_accuracy,val_macro_auc,train_categorical_accuracy,task_loss,loss,budget_met,ebops_budget_met,nondegenerate,feasible_degenerate,activation_bits_mean,target_ebops,val_accuracy_threshold,line,softmax_ebops,attn_nonsoftmax_ebops
0,1,11602989,12201383.0,11602989.0,1.051572400870155,11431463,1e-07,0.003,0.5656290322580645,0.8404828125642663,0.45276883244514465,1.2903920412063599,2.626737356185913,0,0,1,0,8.92834376106717,350000,0.2109624456315518,1,1148931,9855608
1,0,,12318394.0,12318394.0,,,9.999999999683315e-08,0.00299996918071407,0.584983870967742,0.863375702701164,0.5855627655982971,1.054734230041504,2.259047746658325,,,,,8.937551646794947,350000,0.2109624456315518,2,,
2,0,,9673042.0,9673042.0,,,1.2685526957139e-07,0.0029998767241231398,0.6195645161290323,0.8746838723088495,0.6115609407424927,1.0066018104553223,2.393495798110962,,,,,7.953252272458978,350000,0.2109624456315518,3,,
3,0,,9135383.0,9135383.0,,,1.1759591799412658e-07,0.002999722634027738,0.6441774193548387,0.8856638675642883,0.6242724061012268,0.9804850220680237,2.1203932762145996,,,,,7.938023846063039,350000,0.2109624456315518,4,,
4,0,,7423546.0,7423546.0,,,1.3073409620010562e-07,0.0029995069167619045,0.6339838709677419,0.8813884576422881,0.6286971569061279,0.9789050221443176,2.002903461456299,,,,,6.919608074607484,350000,0.2109624456315518,5,,
5,0,,6322793.0,6322793.0,,,1.2376580786460643e-07,0.0029992295811929314,0.640774193548387,0.8829450274543975,0.6266219019889832,0.9860896468162537,1.8599058389663696,,,,,5.934010152284264,350000,0.2109624456315518,6,,
6,0,,5415489.0,5415489.0,,,1.2182608467021067e-07,0.002998890638720998,0.5843225806451613,0.8566428717798553,0.6327831745147705,0.9687439799308777,1.663597583770752,,,,,5.186636760713021,350000,0.2109624456315518,7,,
7,0,,4955547.0,4955547.0,,,1.1965958234986507e-07,0.0029984901032787015,0.6260645161290322,0.8807635828837107,0.6267688274383545,1.0003514289855957,1.641379714012146,,,,,4.743595797426514,350000,0.2109624456315518,8,,
8,0,,4286123.0,4286123.0,,,1.250122529103735e-07,0.002998027991330485,0.6118387096774194,0.8738880549471928,0.625166654586792,0.9945400357246399,1.5640580654144287,,,,,4.595797426513989,350000,0.2109624456315518,9,,
9,1,3701960,4231640.0,3701960.0,1.143080962517153,3530434,1.2255342179866622e-07,0.0029975043218719607,0.6078225806451613,0.8733164231161543,0.6187939047813416,1.0053918361663818,1.5468173027038574,0,0,1,0,4.021957265966238,350000,0.2109624456315518,10,376220,2873409
10,0,,3838632.0,3838632.0,,,1.1909971367848009e-07,0.0029969191164291296,0.6183709677419355,0.8752641376977561,0.6096667051315308,1.016006588935852,1.4667494297027588,,,,,3.8808877346240114,350000,0.2109624456315518,11,,
11,0,,3548775.0,3548775.0,,,1.392069430934844e-07,0.0029962723990574944,0.6116774193548387,0.8749326988292196,0.6158566474914551,1.0078003406524658,1.5170838832855225,,,,,3.54834140007083,350000,0.2109624456315518,12,,
12,0,,2949883.0,2949883.0,,,1.4449852147438764e-07,0.002995564196341074,0.6036935483870968,0.8678807239732118,0.6051146984100342,1.0211073160171509,1.4843379259109497,,,,,2.4334789281076614,350000,0.2109624456315518,13,,
13,0,,2677950.0,2677950.0,,,1.3362156893222098e-07,0.002994794537391308,0.6302258064516129,0.8767022116259664,0.6126254796981812,1.0009427070617676,1.3789079189300537,,,,,2.263605241411876,350000,0.2109624456315518,14,,
14,0,,2452122.0,2452122.0,,,1.3429534545619326e-07,0.002993963453845861,0.6243548387096775,0.876039489409387,0.6113638281822205,1.006354570388794,1.3529459238052368,,,,,2.1731790815724237,350000,0.2109624456315518,15,,
15,0,,2267613.0,2267613.0,,,1.3554211931134662e-07,0.0029930709798673227,0.5893548387096774,0.8627650185157707,0.6063476800918579,1.0180623531341553,1.336133599281311,,,,,2.0984535473970016,350000,0.2109624456315518,16,,
16,0,,2131404.0,2131404.0,,,1.3761829753566515e-07,0.002992117152141803,0.6173225806451613,0.8728635781840719,0.6074318885803223,1.02083420753479,1.3196156024932861,,,,,2.031283201511038,350000,0.2109624456315518,17,,
17,0,,1857267.0,1857267.0,,,1.4158032532403538e-07,0.0029911020098774234,0.6146290322580645,0.8671472397354865,0.5912312269210815,1.050005555152893,1.3281478881835938,,,,,1.8634163617046393,350000,0.2109624456315518,18,,
18,0,,1728918.0,1728918.0,,,1.3410710474316432e-07,0.0029900255948027065,0.5856451612903226,0.8632755562417997,0.5994426608085632,1.0373977422714233,1.2791013717651367,,,,,1.7819619879589186,350000,0.2109624456315518,19,,
19,1,1710413,1662103.0,1710413.0,0.9717553596704421,1538887,1.3521882498907194e-07,0.00298888795116486,0.6079677419354839,0.8695328334101795,0.5890340805053711,1.0499061346054077,1.2778024673461914,0,0,1,0,2.9343643017353322,350000,0.2109624456315518,20,187956,1034668
20,0,,1584434.0,1584434.0,,,1.4481561663412944e-07,0.0029876891257279575,0.5707258064516129,0.8648634115714395,0.5768781304359436,1.0767582654953003,1.3182603120803833,,,,,2.7542202809585645,350000,0.2109624456315518,21,,
21,0,,1459040.0,1459040.0,,,1.4467012870324362e-07,0.0029864291677710185,0.5833870967741935,0.859289347490888,0.5812097191810608,1.0665314197540283,1.286780834197998,,,,,2.66709951599575,350000,0.2109624456315518,22,,
22,0,,1243684.0,1243684.0,,,1.4307767379694364e-07,0.0029851081290859782,0.5794032258064516,0.8533233602483377,0.5856505632400513,1.058387041091919,1.2510536909103394,,,,,1.6136229488844291,350000,0.2109624456315518,23,,
23,0,,1253731.0,1253731.0,,,1.299411839748817e-07,0.002983726063975564,0.5693548387096774,0.8514902598910851,0.5722401738166809,1.0870271921157837,1.2515642642974854,,,,,1.5303978278833668,350000,0.2109624456315518,24,,
24,0,,1190434.0,1190434.0,,,1.3962010261612338e-07,0.0029822830292510587,0.5719032258064516,0.850774645011971,0.5777938961982727,1.0803507566452026,1.2538042068481445,,,,,1.4353677251800259,350000,0.2109624456315518,25,,
25,0,,1087910.0,1087910.0,,,1.4093886657002197e-07,0.0029807790842299683,0.5878870967741936,0.8593556334804371,0.5801218748092651,1.075760841369629,1.2360148429870605,,,,,1.358399244481171,350000,0.2109624456315518,26,,
26,0,,1028935.0,1028935.0,,,1.363153199702199e-07,0.0029792142907335813,0.5861451612903226,0.8560752022364525,0.5730484127998352,1.0871379375457764,1.2324247360229492,,,,,1.288041553535592,350000,0.2109624456315518,27,,
27,0,,908362.0,908362.0,,,1.3606788480209062e-07,0.0029775887130844302,0.5904032258064517,0.8632304022783707,0.5748674273490906,1.0760966539382935,1.2082730531692505,,,,,0.7486719395584936,350000,0.2109624456315518,28,,
28,0,,854267.0,854267.0,,,1.2599003508047242e-07,0.0029759024181036453,0.5900967741935483,0.8561157629806815,0.5777867436408997,1.0715007781982422,1.1824877262115479,,,,,0.7269507732263015,350000,0.2109624456315518,29,,
29,1,917146,850766.0,917146.0,0.9276233009793424,745620,1.2389310814232224e-07,0.002974155475108208,0.5450322580645162,0.8441690724756346,0.5731057524681091,1.0820001363754272,1.1872377395629883,0,0,1,0,2.1464998229252745,350000,0.2109624456315518,30,171539,274971
30,0,,876010.0,876010.0,,,1.3957592547625952e-07,0.0029723479559081024,0.5144516129032258,0.8324178247809002,0.5650842189788818,1.098576545715332,1.2220770120620728,,,,,2.0968008499586825,350000,0.2109624456315518,31,,
31,0,,864296.0,864296.0,,,1.3957355962545785e-07,0.002970479934803364,0.5825645161290323,0.8515634988397226,0.5573405027389526,1.1142536401748657,1.2351428270339966,,,,,2.032109550230197,350000,0.2109624456315518,32,,
32,0,,804788.0,804788.0,,,1.4407423321242755e-07,0.002968551488581023,0.5768870967741936,0.8456908931741074,0.5652258396148682,1.1017413139343262,1.2227060794830322,,,,,1.0532404674772755,350000,0.2109624456315518,33,,
33,0,,812650.0,812650.0,,,1.3985757003390727e-07,0.0029665626965119517,0.5655483870967742,0.8490389142296962,0.5611684918403625,1.1087265014648438,1.2229716777801514,,,,,0.9926809113445875,350000,0.2109624456315518,34,,
34,0,,796675.0,796675.0,,,1.4729900074025206e-07,0.0029645136403476007,0.5765645161290323,0.8521275656942955,0.5567957162857056,1.1235666275024414,1.242356777191162,,,,,0.9199622240585527,350000,0.2109624456315518,35,,
35,0,,770224.0,770224.0,,,1.5046590694622108e-07,0.0029624044043166445,0.5830483870967742,0.8506211808101767,0.538777768611908,1.1563942432403564,1.2741259336471558,,,,,0.8473615865895407,350000,0.2109624456315518,36,,
36,0,,749362.0,749362.0,,,1.5132177096575681e-07,0.0029602350751215148,0.6220483870967742,0.8724913855171718,0.5607795715332031,1.1118744611740112,1.2274928092956543,,,,,0.7948294180144021,350000,0.2109624456315518,37,,
37,0,,730495.0,730495.0,,,1.5293511561867054e-07,0.0029580057419348383,0.5842258064516129,0.8561816148248493,0.5632204413414001,1.1084216833114624,1.221930980682373,,,,,0.4536654468185574,350000,0.2109624456315518,38,,
38,0,,724941.0,724941.0,,,1.5467148573199095e-07,0.00295571649639577,0.5749032258064516,0.847600569371217,0.5400269031524658,1.1579909324645996,1.2705562114715576,,,,,0.42993743359697795,350000,0.2109624456315518,39,,
39,1,708758,729778.0,708758.0,1.0296575135659845,537232,1.5918692846425194e-07,0.0029533674326062283,0.516483870967742,0.8264406975122622,0.5559749007225037,1.123319387435913,1.2399468421936035,0,0,1,0,1.585881241884075,350000,0.2109624456315518,40,171532,85566
40,0,,710018.0,710018.0,,,1.6122196531105728e-07,0.0029509586471270248,0.5536290322580645,0.8429500824595682,0.5408333539962769,1.1535643339157104,1.268905520439148,,,,,1.5130445047810175,350000,0.2109624456315518,41,,
41,0,,748177.0,748177.0,,,1.6732300730088894e-07,0.0029484902389738956,0.5685806451612904,0.8524319255924633,0.5526344180107117,1.1313836574554443,1.2508795261383057,,,,,1.4916774878998937,350000,0.2109624456315518,42,,
42,0,,703727.0,703727.0,,,1.8314179708463666e-07,0.002945962309613432,0.48948387096774193,0.829484304140814,0.5428010821342468,1.1434071063995361,1.274470329284668,,,,,0.69720221933656,350000,0.2109624456315518,43,,
43,0,,706691.0,706691.0,,,1.7838327811964832e-07,0.002943374962958909,0.5586774193548387,0.8467794276806118,0.5313297510147095,1.173227071762085,1.2994495630264282,,,,,0.6838625900129854,350000,0.2109624456315518,44,,
44,0,,687131.0,687131.0,,,1.8554000453025008e-07,0.0029407283053660134,0.5747096774193549,0.8474033279464841,0.546761691570282,1.142189383506775,1.2703614234924316,,,,,0.6693424625191831,350000,0.2109624456315518,45,,
45,0,,690718.0,690718.0,,,1.8659333182337817e-07,0.0029380224456284727,0.5486129032258065,0.8364735139539858,0.5295501947402954,1.1747703552246094,1.3032735586166382,,,,,0.6650926691063629,350000,0.2109624456315518,46,,
46,0,,692007.0,692007.0,,,1.9405238624894425e-07,0.0029352574949735822,0.5602258064516129,0.8414520118004786,0.5302598476409912,1.1740028858184814,1.3093066215515137,,,,,0.6343997166804392,350000,0.2109624456315518,47,,
47,0,,682063.0,682063.0,,,2.0115499605692209e-07,0.0029324335670576347,0.5655,0.8441148240286658,0.5363279581069946,1.1628669500350952,1.3010268211364746,,,,,0.3684334789281077,350000,0.2109624456315518,48,,
48,0,,668364.0,668364.0,,,2.0498998761634452e-07,0.0029295507779612453,0.5484032258064516,0.8267644571239344,0.5398548245429993,1.1465017795562744,1.2852975130081177,,,,,0.3618226891748318,350000,0.2109624456315518,49,,
49,1,609352,660678.0,609352.0,1.0842304612112539,437826,2.0747628260806054e-07,0.002926609246184583,0.5777096774193549,0.844919455278961,0.5327759981155396,1.1698424816131592,1.3079835176467896,0,0,1,0,1.3739818203281784,350000,0.2109624456315518,50,171529,7680
50,0,,655959.0,655959.0,,,1.9447494586843438e-07,0.0029236090926424976,0.5518064516129032,0.8438078453845327,0.5270035862922668,1.1823350191116333,1.3078769445419312,,,,,1.3841341045921378,350000,0.2109624456315518,51,,
51,0,,643806.0,643806.0,,,2.1602924410866701e-07,0.002920550440659551,0.5366451612903226,0.8483796364054577,0.5373907089233398,1.1605221033096313,1.3006476163864136,,,,,1.384016054775115,350000,0.2109624456315518,52,,
52,0,,641283.0,641283.0,,,2.185874478815435e-07,0.002917433415964946,0.5353870967741935,0.826419381818633,0.5212849378585815,1.2026574611663818,1.3440167903900146,,,,,0.6078385078503128,350000,0.2109624456315518,53,,
53,0,,636182.0,636182.0,,,2.2442385134209542e-07,0.0029142581466873596,0.5845967741935484,0.856906683459577,0.5346899628639221,1.1786545515060425,1.3231751918792725,,,,,0.6074843583992445,350000,0.2109624456315518,54,,
54,0,,640799.0,640799.0,,,2.2939097513564858e-07,0.0029110247633496746,0.5447741935483871,0.8287503272909393,0.5313656330108643,1.1782827377319336,1.326217770576477,,,,,0.6074843583992445,350000,0.2109624456315518,55,,
55,0,,639133.0,639133.0,,,2.3814938529258185e-07,0.0029077333988636158,0.5358870967741935,0.8317672169720062,0.5341720581054688,1.1710669994354248,1.3237510919570923,,,,,0.6065399598630622,350000,0.2109624456315518,56,,
56,0,,637593.0,637593.0,,,2.447907715706012e-07,0.002904384188524286,0.5868870967741936,0.8519720262956156,0.5352562665939331,1.165727972984314,1.3214439153671265,,,,,0.6065399598630622,350000,0.2109624456315518,57,,
57,0,,643665.0,643665.0,,,2.5163503907124166e-07,0.0029009772700046045,0.4922258064516129,0.7913805369166057,0.5234516263008118,1.1984220743179321,1.3585994243621826,,,,,0.35792704521307994,350000,0.2109624456315518,58,,
58,0,,637669.0,637669.0,,,2.618888817381172e-07,0.002897512783349647,0.5245322580645161,0.8103860153717743,0.5173835158348083,1.205898642539978,1.3710821866989136,,,,,0.3580450950301027,350000,0.2109624456315518,59,,
59,1,576609,622410.0,576609.0,1.079431642586224,405083,2.673491663205313e-07,0.002893990870970891,0.4651774193548387,0.7913040284949575,0.5245752930641174,1.1981678009033203,1.3658175468444824,0,0,1,0,1.370912525085586,350000,0.2109624456315518,60,171526,0
60,0,,616652.0,616652.0,,,2.4785952616566363e-07,0.0028904116776403595,0.5499516129032258,0.8266784703772793,0.5096397995948792,1.2182798385620117,1.37021803855896,,,,,1.3816550584346594,350000,0.2109624456315518,61,,
61,0,,642210.0,642210.0,,,2.726860667873152e-07,0.0028867753504846724,0.5079354838709678,0.7920297334694297,0.5111236572265625,1.214882493019104,1.3854835033416748,,,,,1.3836619053240466,350000,0.2109624456315518,62,,
62,0,,620735.0,620735.0,,,2.927388201226916e-07,0.0028830820389789957,0.45898387096774196,0.8014797887117779,0.502731204032898,1.230955958366394,1.4144872426986694,,,,,0.6059497107779483,350000,0.2109624456315518,63,,
63,0,,622203.0,622203.0,,,2.9117319869042946e-07,0.0028793318949409006,0.4737741935483871,0.8227517032788931,0.5006846189498901,1.229992389678955,1.410940408706665,,,,,0.6051233620587888,350000,0.2109624456315518,64,,
64,0,,615629.0,615629.0,,,3.0037962263206064e-07,0.002875525072524119,0.482,0.7978985465287712,0.49856990575790405,1.244676947593689,1.4308850765228271,,,,,0.6053594616928344,350000,0.2109624456315518,65,,
65,0,,617198.0,617198.0,,,3.0571728037553126e-07,0.0028716617282122108,0.4986935483870968,0.8132028472099317,0.5027472972869873,1.2310594320297241,1.4208345413208008,,,,,0.60559556132688,350000,0.2109624456315518,66,,
66,0,,605384.0,605384.0,,,3.153139980341498e-07,0.002867742020812129,0.5581290322580645,0.8385783089634218,0.5057706236839294,1.2210975885391235,1.4140456914901733,,,,,0.604415063156652,350000,0.2109624456315518,67,,
67,0,,602781.0,602781.0,,,3.178687429402692e-07,0.002863766111447693,0.5423064516129033,0.8363534600138763,0.49625271558761597,1.2418322563171387,1.434264063835144,,,,,0.3550938496045331,350000,0.2109624456315518,68,,
68,0,,601704.0,601704.0,,,3.252228235671668e-07,0.0028597341635529625,0.5030645161290322,0.8025031709780794,0.49429214000701904,1.2487658262252808,1.443276047706604,,,,,0.355684098689647,350000,0.2109624456315518,69,,
69,1,545752,592574.0,545752.0,1.0857935472522318,374226,3.3355703342918303e-07,0.0028556463428655253,0.5114354838709677,0.8210458031552861,0.49982619285583496,1.2407230138778687,1.4380316734313965,0,0,1,0,1.3667807814897888,350000,0.2109624456315518,70,171526,0
70,0,,592973.0,592973.0,,,3.0933488827767077e-07,0.002851502817419677,0.5119677419354839,0.8221203204339723,0.5026810169219971,1.2319962978363037,1.4113086462020874,,,,,1.3778774642899303,350000,0.2109624456315518,71,,
71,0,,600736.0,600736.0,,,3.450776496438611e-07,0.002847303757539522,0.46808064516129033,0.7814937820527617,0.5018817186355591,1.226294994354248,1.432453989982605,,,,,1.3795301617282494,350000,0.2109624456315518,72,,
72,0,,592066.0,592066.0,,,3.5916693747459427e-07,0.002843049335831963,0.459241935483871,0.8017816712307789,0.4944103956222534,1.2441929578781128,1.4566514492034912,,,,,0.6031165151694015,350000,0.2109624456315518,73,,
73,0,,573514.0,573514.0,,,3.6341087468423723e-07,0.002838739727179615,0.5353225806451613,0.8235963341606043,0.49569177627563477,1.24135422706604,1.453169345855713,,,,,0.6005194191949003,350000,0.2109624456315518,74,,
74,0,,568948.0,568948.0,,,3.608241687978961e-07,0.0028343751087336086,0.5088709677419355,0.8043455942431057,0.49813979864120483,1.239027976989746,1.4462789297103882,,,,,0.5996930704757407,350000,0.2109624456315518,75,,
75,0,,583738.0,583738.0,,,3.667536102076786e-07,0.002829955659906314,0.5118870967741935,0.8130345856097219,0.49905556440353394,1.2423168420791626,1.4538688659667969,,,,,0.5998111202927635,350000,0.2109624456315518,76,,
76,0,,586323.0,586323.0,,,3.86035535501691e-07,0.0028254815623639617,0.5143225806451613,0.8048435708050597,0.4900484085083008,1.261295199394226,1.4845219850540161,,,,,0.6005194191949003,350000,0.2109624456315518,77,,
77,0,,579638.0,579638.0,,,3.9787778697978824e-07,0.002820953000019179,0.4917258064516129,0.7979628313565936,0.48600539565086365,1.2684189081192017,1.4984091520309448,,,,,0.3508440561917129,350000,0.2109624456315518,78,,
78,0,,575034.0,575034.0,,,4.0338900105475104e-07,0.002816370159023426,0.5251612903225806,0.8305959938754807,0.5048655867576599,1.2257627248764038,1.458783745765686,,,,,0.35037185692362177,350000,0.2109624456315518,79,,
79,1,523964,571446.0,523964.0,1.0906207296684505,352438,4.102437761659905e-07,0.002811733227759346,0.5184677419354838,0.8141388608555508,0.4916183054447174,1.2525460720062256,1.488446831703186,0,0,1,0,1.3620587888088773,350000,0.2109624456315518,80,171526,0
80,0,,569349.0,569349.0,,,3.8142714417508426e-07,0.0028070423968330226,0.3925483870967742,0.7675972078717717,0.483367383480072,1.27707839012146,1.4916248321533203,,,,,1.376460866485657,350000,0.2109624456315518,81,,
81,0,,578552.0,578552.0,,,4.246725944684076e-07,0.0028022978590661416,0.36211290322580647,0.733639832559146,0.4821523427963257,1.2718137502670288,1.513956069946289,,,,,1.3776413646558847,350000,0.2109624456315518,82,,
82,0,,575552.0,575552.0,,,4.4251886541228374e-07,0.002797499809488068,0.5223387096774194,0.8208721854086456,0.47812366485595703,1.2784785032272339,1.535103440284729,,,,,0.6011096682800142,350000,0.2109624456315518,83,,
83,0,,578590.0,578590.0,,,4.513098211865621e-07,0.002792648445327827,0.48051612903225804,0.8065333695750564,0.479340523481369,1.2774986028671265,1.538757562637329,,,,,0.5999291701097863,350000,0.2109624456315518,84,,
84,0,,560723.0,560723.0,,,4.652391829743705e-07,0.0027877439660059984,0.4757096774193548,0.7887918124634528,0.46922582387924194,1.2905817031860352,1.5556696653366089,,,,,0.5973320741352851,350000,0.2109624456315518,85,,
85,0,,573021.0,573021.0,,,4.6162332832164406e-07,0.002782786573126517,0.5295322580645161,0.8213348775474356,0.4663763642311096,1.3040721416473389,1.567152738571167,,,,,0.5980403730374217,350000,0.2109624456315518,86,,
86,0,,562775.0,562775.0,,,4.835206653945077e-07,0.002777776470468387,0.34053225806451615,0.749068342504294,0.4835071861743927,1.265847086906433,1.5400351285934448,,,,,0.5975681737693307,350000,0.2109624456315518,87,,
87,0,,558727.0,558727.0,,,4.862869739061926e-07,0.0027727138639773055,0.5056129032258064,0.8134319353230584,0.473428338766098,1.2810912132263184,1.5545833110809326,,,,,0.3490733089363712,350000,0.2109624456315518,88,,
88,0,,574560.0,574560.0,,,4.942129022491184e-07,0.0027675989617571973,0.5178387096774194,0.8199482501410111,0.479089617729187,1.2752065658569336,1.5523624420166016,,,,,0.34978160783850787,350000,0.2109624456315518,89,,
89,1,537037,602512.0,537037.0,1.1219189739254465,365511,5.209705519906463e-07,0.0027624319740616582,0.4921935483870968,0.8010832928448333,0.476750910282135,1.2827497720718384,1.5883668661117554,0,0,1,0,1.3336087829063865,350000,0.2109624456315518,90,171526,18432
90,0,,577515.0,577515.0,,,4.97483640665644e-07,0.002757213113285315,0.4642096774193548,0.7916024339660762,0.4680250883102417,1.2966415882110596,1.5809693336486816,,,,,1.265730138118286,350000,0.2109624456315518,91,,
91,0,,580154.0,580154.0,,,5.485454610068054e-07,0.0027519425939550933,0.4289193548387097,0.7788318991765327,0.46446776390075684,1.3118711709976196,1.6285111904144287,,,,,1.2194546098453547,350000,0.2109624456315518,92,,
92,0,,568138.0,568138.0,,,5.651534853300641e-07,0.0027466206327213995,0.4864516129032258,0.7884872808175185,0.4581362009048462,1.3289254903793335,1.655443549156189,,,,,0.45732499114626374,350000,0.2109624456315518,93,,
93,0,,556341.0,556341.0,,,5.67017218362908e-07,0.002741247448349215,0.4617903225806452,0.8025179140911298,0.4806487560272217,1.2772363424301147,1.596040964126587,,,,,0.4286388856097273,350000,0.2109624456315518,94,,
94,0,,541145.0,541145.0,,,5.682600522727671e-07,0.0027358232617091045,0.5114193548387097,0.8085426323664286,0.4778781533241272,1.279523253440857,1.5905717611312866,,,,,0.42037539841813243,350000,0.2109624456315518,95,,
95,0,,551410.0,551410.0,,,5.649135482519237e-07,0.0027303482957681353,0.5307419354838709,0.819868820414382,0.4749462604522705,1.2922725677490234,1.6015887260437012,,,,,0.4121119112265376,350000,0.2109624456315518,96,,
96,0,,539596.0,539596.0,,,5.888616994772535e-07,0.0027248227755807134,0.5073709677419355,0.8159252599227825,0.47290682792663574,1.3001172542572021,1.6236170530319214,,,,,0.380238460630386,350000,0.2109624456315518,97,,
97,0,,552965.0,552965.0,,,5.888537235019824e-07,0.0027192469282793317,0.5089516129032258,0.8093320316822619,0.4784175753593445,1.2828445434570312,1.6035349369049072,,,,,0.24023137764136465,350000,0.2109624456315518,98,,
98,0,,536586.0,536586.0,,,6.174017090966142e-07,0.0027136209830652337,0.46924193548387094,0.7992447629944385,0.4698297679424286,1.3006088733673096,1.6356337070465088,,,,,0.2332664384370204,350000,0.2109624456315518,99,,
99,1,478790,531069.0,478790.0,1.1091898327032728,307264,6.120516681328009e-07,0.0027079451711989914,0.45933870967741935,0.803316769021974,0.4710627496242523,1.291420340538025,1.6167047023773193,0,0,1,0,1.0051941919490024,350000,0.2109624456315518,100,171526,0
100,0,,538671.0,538671.0,,,5.547504600689334e-07,0.002702219725991001,0.4291935483870968,0.7998986615428864,0.47055017948150635,1.294385552406311,1.5833324193954468,,,,,0.963994805808051,350000,0.2109624456315518,101,,
101,0,,534604.0,534604.0,,,6.377331209936968e-07,0.002696444882791889,0.47716129032258064,0.7779177008902978,0.465659499168396,1.3097844123840332,1.6479582786560059,,,,,0.9546688702632511,350000,0.2109624456315518,102,,
102,0,,537551.0,537551.0,,,6.464661498286559e-07,0.0026906208789828413,0.5300806451612903,0.8088661567183237,0.47354480624198914,1.2950021028518677,1.6376341581344604,,,,,0.33266438437020424,350000,0.2109624456315518,103,,
103,0,,539695.0,539695.0,,,6.641265477461504e-07,0.0026847479539658433,0.47183870967741937,0.7854774051485214,0.463136225938797,1.3123304843902588,1.668686866760254,,,,,0.3154291110848778,350000,0.2109624456315518,104,,
104,0,,548303.0,548303.0,,,6.813708956660911e-07,0.0026788263491538396,0.488758064516129,0.7987502076826287,0.47610753774642944,1.2798192501068115,1.6486181020736694,,,,,0.2756463227481997,350000,0.2109624456315518,105,,
105,0,,538448.0,538448.0,,,7.079513845217689e-07,0.002672856307960811,0.4789032258064516,0.7984033561935603,0.46206095814704895,1.316650152206421,1.6975955963134766,,,,,0.23846063038602291,350000,0.2109624456315518,106,,
106,0,,536891.0,536891.0,,,7.103630572655872e-07,0.002666838075791767,0.4480967741935484,0.7850840405680357,0.4692222476005554,1.302854299545288,1.6758719682693481,,,,,0.23220399008381537,350000,0.2109624456315518,107,,
107,0,,509865.0,509865.0,,,7.2362510795484e-07,0.002660771900032662,0.5253387096774194,0.8109503907793751,0.47017744183540344,1.2898106575012207,1.6687936782836914,,,,,0.11450832251210011,350000,0.2109624456315518,108,,
108,0,,509482.0,509482.0,,,7.002482979506256e-07,0.0026546580300402206,0.4120967741935484,0.776118311982084,0.4761039614677429,1.2819300889968872,1.6413263082504272,,,,,0.11344587415889505,350000,0.2109624456315518,109,,
109,1,463888,513607.0,463888.0,1.10717888800745,292362,7.129822964453442e-07,0.0026484967171316915,0.5356129032258065,0.8114194790547437,0.47431182861328125,1.2883496284484863,1.655775547027588,0,0,1,0,0.7719277535119821,350000,0.2109624456315518,110,171526,0
110,0,,513315.0,513315.0,,,6.583855555420829e-07,0.002642288214574517,0.46069354838709675,0.7692350844936671,0.4683118462562561,1.2913017272949219,1.6150033473968506,,,,,0.7714555542438909,350000,0.2109624456315518,111,,
111,0,,527248.0,527248.0,,,7.426204541260806e-07,0.00263603277757592,0.4738225806451613,0.79759146086337,0.46825090050697327,1.2986781597137451,1.6860240697860718,,,,,0.3553299492385787,350000,0.2109624456315518,112,,
112,0,,534680.0,534680.0,,,7.785656473460434e-07,0.0026297306632724147,0.4784838709677419,0.7967297398536692,0.4657885432243347,1.3023496866226196,1.7174818515777588,,,,,0.11580687049935072,350000,0.2109624456315518,113,,
113,0,,528029.0,528029.0,,,8.064464427033795e-07,0.002623382130719236,0.45437096774193547,0.7795997513859193,0.4746272563934326,1.293601632118225,1.7226656675338745,,,,,0.08523196789044978,350000,0.2109624456315518,114,,
114,0,,520966.0,520966.0,,,8.129593922202657e-07,0.0026169874408796924,0.48246774193548386,0.7844459459995489,0.47084230184555054,1.299043893814087,1.7264654636383057,,,,,0.07944752685633337,350000,0.2109624456315518,115,,
115,0,,523867.0,523867.0,,,8.181963263754133e-07,0.0026105468566144357,0.42993548387096775,0.7604380074745007,0.4531612992286682,1.3337446451187134,1.7609617710113525,,,,,0.07862117813717388,350000,0.2109624456315518,116,,
116,0,,517312.0,517312.0,,,8.395118604781053e-07,0.0026040606426706602,0.46303225806451614,0.7835873356879611,0.46296238899230957,1.3141810894012451,1.7522841691970825,,,,,0.07814897886908276,350000,0.2109624456315518,117,,
117,0,,520800.0,520800.0,,,8.453617093990386e-07,0.0025975290656712158,0.44556451612903225,0.7555705881550183,0.4522383511066437,1.3375930786132812,1.779707431793213,,,,,0.07720458033290048,350000,0.2109624456315518,118,,
118,0,,516748.0,516748.0,,,8.681427484081199e-07,0.0025909523941036504,0.5055967741935484,0.7925542731478551,0.4512544870376587,1.3207341432571411,1.7684910297393799,,,,,0.07696848069885491,350000,0.2109624456315518,119,,
119,1,499600,513304.0,499600.0,1.0274299439551642,328074,8.783336245235142e-07,0.0025843308983091737,0.4298064516129032,0.764921523330599,0.4626953601837158,1.3059598207473755,1.7592617273330688,0,0,1,0,0.23244008971786093,350000,0.2109624456315518,120,171526,29144
120,0,,517120.0,517120.0,,,8.644320356287251e-07,0.0025776648504715425,0.47108064516129033,0.8011118171083836,0.4541577100753784,1.330543041229248,1.7752270698547363,,,,,0.0872388147798371,350000,0.2109624456315518,121,,
121,0,,516004.0,516004.0,,,9.123803492720991e-07,0.0025709545246058747,0.514,0.806197492692554,0.46632081270217896,1.306099534034729,1.775506854057312,,,,,0.08688466532876873,350000,0.2109624456315518,122,,
122,0,,503960.0,503960.0,,,9.282541672565648e-07,0.0025642001965473843,0.4769193548387097,0.7789113888900517,0.4673745632171631,1.3031320571899414,1.7730560302734375,,,,,0.07507968362649038,350000,0.2109624456315518,123,,
123,0,,495763.0,495763.0,,,9.232648629712122e-07,0.002557402143940042,0.4639516129032258,0.780776923195107,0.4535519778728485,1.3259934186935425,1.7885890007019043,,,,,0.07366308582221698,350000,0.2109624456315518,124,,
124,0,,498995.0,498995.0,,,9.241972140792928e-07,0.002550560646225165,0.47585483870967743,0.7828197877963907,0.44645699858665466,1.3294408321380615,1.7865580320358276,,,,,0.07519773344351316,350000,0.2109624456315518,125,,
125,0,,492778.0,492778.0,,,9.468651782018667e-07,0.002543675984629928,0.4579032258064516,0.7902706264030824,0.43634408712387085,1.3546773195266724,1.818750262260437,,,,,0.07236453783496635,350000,0.2109624456315518,126,,
126,0,,497960.0,497960.0,,,9.512012782327081e-07,0.002536748442155804,0.4084516129032258,0.7617738218298807,0.44892653822898865,1.3373799324035645,1.8018029928207397,,,,,0.0756699327116043,350000,0.2109624456315518,127,,
127,0,,477963.0,477963.0,,,9.782996397630065e-07,0.00252977830356693,0.4623225806451613,0.7552373978519811,0.46653226017951965,1.2959760427474976,1.772623896598816,,,,,0.07389918545626255,350000,0.2109624456315518,128,,
128,0,,486427.0,486427.0,,,9.537576302393685e-07,0.0025227658553784037,0.4583225806451613,0.7765378169496256,0.4686254560947418,1.292770266532898,1.7551066875457764,,,,,0.07330893637114863,350000,0.2109624456315518,129,,
129,1,461254,489604.0,461254.0,1.0614628816227067,289728,9.86754013950799e-07,0.002515711385844505,0.487,0.7893289928665093,0.4694480299949646,1.2944053411483765,1.7791165113449097,0,0,1,0,0.06976744186046512,350000,0.2109624456315518,130,171526,3072
130,0,,479477.0,479477.0,,,9.486914333305917e-07,0.002508615184946845,0.5293548387096774,0.810387165011204,0.46567025780677795,1.3069744110107422,1.7571041584014893,,,,,0.08322512100106245,350000,0.2109624456315518,131,,
131,0,,488796.0,488796.0,,,1.001815160625869e-06,0.0025014775443824486,0.48416129032258065,0.7719121659879713,0.45245879888534546,1.336024522781372,1.8182951211929321,,,,,0.08535001770747255,350000,0.2109624456315518,132,,
132,0,,488308.0,488308.0,,,1.0384855154737908e-06,0.0024942987575517633,0.4478064516129032,0.7808525613065034,0.46267205476760864,1.3134422302246094,1.8170477151870728,,,,,0.07366308582221698,350000,0.2109624456315518,133,,
133,0,,488366.0,488366.0,,,1.0548675420311586e-06,0.0024870791195465993,0.5071935483870967,0.8003719463534619,0.4490627348423004,1.3326457738876343,1.8477424383163452,,,,,0.0741352850903081,350000,0.2109624456315518,134,,
134,0,,484787.0,484787.0,,,1.0727125944297899e-06,0.002479818927137996,0.42720967741935484,0.7492909492486967,0.4605250954627991,1.313180685043335,1.8363356590270996,,,,,0.07401723527328533,350000,0.2109624456315518,135,,
135,0,,491443.0,491443.0,,,1.082338408054747e-06,0.002472518478764029,0.4126451612903226,0.7690872413088934,0.44574910402297974,1.3449809551239014,1.8734239339828491,,,,,0.07437138472435367,350000,0.2109624456315518,136,,
136,0,,482734.0,482734.0,,,1.1159776932177043e-06,0.0024651780745175355,0.4784193548387097,0.805373909385116,0.4635412395000458,1.308847427368164,1.8511090278625488,,,,,0.07378113563923976,350000,0.2109624456315518,137,,
137,0,,486313.0,486313.0,,,1.1139667823560342e-06,0.0024577980161337837,0.5193387096774194,0.7966139813252566,0.4458261728286743,1.3430651426315308,1.8819224834442139,,,,,0.07401723527328533,350000,0.2109624456315518,138,,
138,0,,486310.0,486310.0,,,1.1408344401246946e-06,0.0024503786069780694,0.5257096774193548,0.8131519875098355,0.43750181794166565,1.3564913272857666,1.9081145524978638,,,,,0.07484358399244481,350000,0.2109624456315518,139,,
139,1,465377,492483.0,465377.0,1.0582452506247624,293851,1.1597441809048138e-06,0.0024429201520332414,0.4787258064516129,0.797260855635906,0.43999820947647095,1.3473634719848633,1.9116545915603638,0,0,1,0,0.06905914295832842,350000,0.2109624456315518,140,171526,0
140,0,,488540.0,488540.0,,,1.1257469039856442e-06,0.002435422957887171,0.4246774193548387,0.7615342707722714,0.4344695508480072,1.3624976873397827,1.904930830001831,,,,,0.08310707118403966,350000,0.2109624456315518,141,,
141,0,,486629.0,486629.0,,,1.201648857437213e-06,0.0024278873327201445,0.41961290322580647,0.7487783170920495,0.4189032316207886,1.3867417573928833,1.9746356010437012,,,,,0.08475976862235864,350000,0.2109624456315518,142,,
142,0,,491237.0,491237.0,,,1.2168356739985458e-06,0.002420313586292198,0.4391290322580645,0.7740632825757017,0.4298817217350006,1.3728595972061157,1.9722800254821777,,,,,0.07342698618817141,350000,0.2109624456315518,143,,
143,0,,484259.0,484259.0,,,1.2493558901497096e-06,0.002412702029930382,0.44161290322580643,0.770209893717305,0.41721686720848083,1.3900388479232788,1.997829794883728,,,,,0.07118403966473852,350000,0.2109624456315518,144,,
144,0,,478560.0,478560.0,,,1.2517663766022443e-06,0.0024050529765159666,0.4023225806451613,0.719908486965225,0.42493191361427307,1.381101131439209,1.9902007579803467,,,,,0.07082989021367017,350000,0.2109624456315518,145,,
145,0,,470827.0,470827.0,,,1.2565373267116276e-06,0.0023973667404715783,0.418758064516129,0.7632541461024596,0.4240734875202179,1.3684238195419312,1.9716365337371826,,,,,0.06976744186046512,350000,0.2109624456315518,146,,
146,0,,471919.0,471919.0,,,1.2547003647986933e-06,0.0023896436377482764,0.4396290322580645,0.7393185854263573,0.43609142303466797,1.3672091960906982,1.9663846492767334,,,,,0.07035769094557903,350000,0.2109624456315518,147,,
147,0,,474943.0,474943.0,,,1.2765449097129137e-06,0.0023818839858125635,0.421258064516129,0.7420397421074442,0.42338889837265015,1.3827691078186035,1.9893428087234497,,,,,0.07035769094557903,350000,0.2109624456315518,148,,
148,0,,477556.0,477556.0,,,1.3044841264995082e-06,0.0023740881036333388,0.447,0.724517964986139,0.4210107624530792,1.3872370719909668,2.0100929737091064,,,,,0.07094794003069295,350000,0.2109624456315518,149,,
149,1,449500,479647.0,449500.0,1.0670678531701892,277974,1.332199991685931e-06,0.002366256311668785,0.48520967741935483,0.7765485861336406,0.43629929423332214,1.3584498167037964,1.9936999082565308,0,0,1,0,0.06787864478810057,350000,0.2109624456315518,150,171526,0
150,0,,458271.0,458271.0,,,1.2697198214596159e-06,0.0023583889318531935,0.41538709677419355,0.7715020385132634,0.42955198884010315,1.3766409158706665,1.960073709487915,,,,,0.07755872978396884,350000,0.2109624456315518,151,,
151,0,,461707.0,461707.0,,,1.3120587903881077e-06,0.0023504862875837348,0.4618548387096774,0.7756876260191694,0.4269910454750061,1.3803757429122925,1.9853719472885132,,,,,0.08121827411167512,350000,0.2109624456315518,152,,
152,0,,473764.0,473764.0,,,1.3403317321803907e-06,0.0023425487037071623,0.31837096774193546,0.7184718319188621,0.4291362166404724,1.3745157718658447,2.0003278255462646,,,,,0.06905914295832842,350000,0.2109624456315518,153,,
153,0,,471132.0,471132.0,,,1.3963124103508152e-06,0.0023345765065064593,0.4645967741935484,0.7817642514215613,0.42639070749282837,1.3665118217468262,2.0253090858459473,,,,,0.06846889387321449,350000,0.2109624456315518,154,,
154,0,,466683.0,466683.0,,,1.4093435503087998e-06,0.002326570023687428,0.4406935483870968,0.7574017440035922,0.4189157783985138,1.394479513168335,2.0555646419525146,,,,,0.06941329240939677,350000,0.2109624456315518,155,,
155,0,,466722.0,466722.0,,,1.4162631228185141e-06,0.002318529584365218,0.4721451612903226,0.7700615131869647,0.40796059370040894,1.4071131944656372,2.069316864013672,,,,,0.06964939204344234,350000,0.2109624456315518,156,,
156,0,,466597.0,466597.0,,,1.436910605525008e-06,0.0023104555190507975,0.3386774193548387,0.6641734907893746,0.3981863856315613,1.4048088788986206,2.0752038955688477,,,,,0.06905914295832842,350000,0.2109624456315518,157,,
157,0,,458219.0,458219.0,,,1.457327346530596e-06,0.0023023481596373676,0.32670967741935486,0.6679172218707397,0.3925071656703949,1.4177274703979492,2.0936119556427,,,,,0.0698854916774879,350000,0.2109624456315518,158,,
158,0,,458122.0,458122.0,,,1.450569420793956e-06,0.0022942078393867193,0.46241935483870966,0.7649214858649814,0.40101075172424316,1.4005565643310547,2.065683126449585,,,,,0.06870499350726006,350000,0.2109624456315518,159,,
159,1,426474,451868.0,426474.0,1.059544075371535,254948,1.4699150209553652e-06,0.0022860348929155346,0.34858064516129034,0.690257496219241,0.38832616806030273,1.434240460395813,2.101930618286133,0,0,1,0,0.06634399716680439,350000,0.2109624456315518,160,171526,0
160,0,,446923.0,446923.0,,,1.3819580665221062e-06,0.0022778296561816328,0.41277419354838707,0.7571896253901279,0.4170215129852295,1.3871136903762817,1.9911251068115234,,,,,0.07507968362649038,350000,0.2109624456315518,161,,
161,0,,453168.0,453168.0,,,1.4660313047313777e-06,0.0022695924664701563,0.37190322580645163,0.7186800910795436,0.4021702706813812,1.4185625314712524,2.080678939819336,,,,,0.07862117813717388,350000,0.2109624456315518,162,,
162,0,,449624.0,449624.0,,,1.5058417476693567e-06,0.0022613236623797127,0.43470967741935485,0.7366165168090527,0.4107311964035034,1.392802357673645,2.0754024982452393,,,,,0.06740644552000945,350000,0.2109624456315518,163,,
163,0,,458568.0,458568.0,,,1.5128945389112487e-06,0.0022530235838084515,0.46383870967741936,0.776572899806244,0.41962188482284546,1.3793495893478394,2.0700719356536865,,,,,0.0691771927753512,350000,0.2109624456315518,164,,
164,0,,443690.0,443690.0,,,1.5639746183942443e-06,0.0022446925719400933,0.4087741935483871,0.7475341713184463,0.39663442969322205,1.400346040725708,2.103318214416504,,,,,0.06752449533703223,350000,0.2109624456315518,165,,
165,0,,443762.0,443762.0,,,1.5312855197494869e-06,0.002236330969229905,0.4416290322580645,0.763642003766414,0.4114050269126892,1.3890081644058228,2.076134204864502,,,,,0.0677605949710778,350000,0.2109624456315518,166,,
166,0,,451901.0,451901.0,,,1.5498181714686088e-06,0.0022279391193906245,0.39638709677419354,0.7323016201527368,0.40924015641212463,1.4006203413009644,2.1003458499908447,,,,,0.06787864478810057,350000,0.2109624456315518,167,,
167,0,,446799.0,446799.0,,,1.5985370395267874e-06,0.0022195173673783307,0.4513064516129032,0.7558172230576718,0.4058243930339813,1.399267554283142,2.1193430423736572,,,,,0.06717034588596388,350000,0.2109624456315518,168,,
168,0,,452906.0,452906.0,,,1.5999035467802032e-06,0.0022110660593782617,0.4292258064516129,0.7434725996437395,0.39545342326164246,1.4257938861846924,2.141585111618042,,,,,0.06823279423916893,350000,0.2109624456315518,169,,
169,1,428171,444245.0,428171.0,1.0375410758785626,256645,1.6428075283794995e-06,0.0022025855427905885,0.4092258064516129,0.7212370480103489,0.39221328496932983,1.4122599363327026,2.1408021450042725,0,0,1,0,0.06646204698382717,350000,0.2109624456315518,170,171526,0
170,0,,447267.0,447267.0,,,1.5688207312171132e-06,0.002194076166216133,0.4258709677419355,0.7291110819393267,0.37410396337509155,1.4249887466430664,2.1068451404571533,,,,,0.076378231613741,350000,0.2109624456315518,171,,
171,0,,446323.0,446323.0,,,1.6590056595085014e-06,0.0021855382794420354,0.39833870967741936,0.7188128562068836,0.39243727922439575,1.4120802879333496,2.150906801223755,,,,,0.07814897886908276,350000,0.2109624456315518,172,,
172,0,,443798.0,443798.0,,,1.6757504311685504e-06,0.0021769722334273817,0.34116129032258063,0.694684858749617,0.38422760367393494,1.4283802509307861,2.1777796745300293,,,,,0.06693424625191831,350000,0.2109624456315518,173,,
173,0,,443825.0,443825.0,,,1.6861696880052774e-06,0.0021683783802887726,0.37374193548387097,0.7167924963516205,0.37629032135009766,1.456483244895935,2.202599287033081,,,,,0.06858694369023728,350000,0.2109624456315518,174,,
174,0,,432010.0,432010.0,,,1.7064158825663255e-06,0.0021597570732858505,0.3702741935483871,0.7016962257958126,0.37227240204811096,1.4426658153533936,2.1899523735046387,,,,,0.06740644552000945,350000,0.2109624456315518,175,,
175,0,,431990.0,431990.0,,,1.67856518237686e-06,0.0021511086668067783,0.43466129032258066,0.7354718036108077,0.38313084840774536,1.4136219024658203,2.1350936889648438,,,,,0.06681619643489553,350000,0.2109624456315518,176,,
176,0,,431960.0,431960.0,,,1.6962442432675695e-06,0.0021424335163536747,0.3527258064516129,0.6937393853595453,0.3874337077140808,1.4137136936187744,2.142878293991089,,,,,0.06610789753275882,350000,0.2109624456315518,177,,
177,0,,431564.0,431564.0,,,1.714063867515134e-06,0.0021337319785279946,0.38593548387096777,0.7117759513173553,0.3848405182361603,1.416108250617981,2.1550745964050293,,,,,0.06705229606894109,350000,0.2109624456315518,178,,
178,0,,432699.0,432699.0,,,1.7305236368308074e-06,0.002125004411015877,0.41746774193548386,0.7482749080226249,0.38523298501968384,1.4137301445007324,2.1585886478424072,,,,,0.06799669460512336,350000,0.2109624456315518,179,,
179,1,415407,439364.0,415407.0,1.0576711514249881,243881,1.753574048824877e-06,0.0021162511725734395,0.3599838709677419,0.7104869754366969,0.3731451630592346,1.433345079421997,2.1948351860046387,0,0,1,0,0.06445520009443985,350000,0.2109624456315518,180,171526,0
180,0,,424836.0,424836.0,,,1.69797900902085e-06,0.0021074726230120295,0.35804838709677417,0.6837356702373398,0.3773709833621979,1.4341013431549072,2.1576521396636963,,,,,0.07578798252862708,350000,0.2109624456315518,181,,
181,0,,433590.0,433590.0,,,1.7534261572666203e-06,0.002098669123183437,0.25166129032258067,0.6426180768876291,0.3756810128688812,1.4282398223876953,2.186573028564453,,,,,0.07720458033290048,350000,0.2109624456315518,182,,
182,0,,425553.0,425553.0,,,1.8088226513223535e-06,0.0020898410349650585,0.3849677419354839,0.7023096419313083,0.3659050166606903,1.4487942457199097,2.2327523231506348,,,,,0.06634399716680439,350000,0.2109624456315518,183,,
183,0,,427114.0,427114.0,,,1.7927290978996638e-06,0.002080988721245024,0.394,0.7223402999040188,0.36965593695640564,1.4377297163009644,2.2022945880889893,,,,,0.06728839570298666,350000,0.2109624456315518,184,,
184,0,,428717.0,428717.0,,,1.817308283982447e-06,0.0020721125459072774,0.3690483870967742,0.7001809636206074,0.3694426715373993,1.4487863779067993,2.219658613204956,,,,,0.06752449533703223,350000,0.2109624456315518,185,,
185,0,,431778.0,431778.0,,,1.8427254641920863e-06,0.002063212873816622,0.3651935483870968,0.6901536118934544,0.3712652325630188,1.43929922580719,2.230090379714966,,,,,0.06705229606894109,350000,0.2109624456315518,186,,
186,0,,430142.0,430142.0,,,1.8754697596833402e-06,0.002054290070803719,0.33538709677419354,0.6996904678089789,0.3542921245098114,1.4448797702789307,2.247537136077881,,,,,0.06681619643489553,350000,0.2109624456315518,187,,
187,0,,431380.0,431380.0,,,1.8877244285484261e-06,0.002045344503650053,0.3425967741935484,0.6772309692718392,0.3428261876106262,1.4646905660629272,2.2821733951568604,,,,,0.06905914295832842,350000,0.2109624456315518,188,,
188,0,,441939.0,441939.0,,,1.9130501279629363e-06,0.0020363765400728522,0.3580967741935484,0.6974834015607947,0.35046058893203735,1.4295449256896973,2.2710354328155518,,,,,0.06846889387321449,350000,0.2109624456315518,189,,
189,1,432944,442540.0,432944.0,1.022164529361765,261418,1.982866094884359e-06,0.0020273865487099737,0.36324193548387096,0.6792776781139117,0.34735843539237976,1.4469871520996094,2.325266122817993,0,0,1,0,0.06598984771573604,350000,0.2109624456315518,190,171526,0
190,0,,439217.0,439217.0,,,1.9632742366225383e-06,0.002018374899104751,0.2819516129032258,0.6582725701881547,0.3286236524581909,1.5004268884658813,2.3663291931152344,,,,,0.07767677960099162,350000,0.2109624456315518,191,,
191,0,,455264.0,455264.0,,,2.014461345313178e-06,0.0020093419616908034,0.30556451612903224,0.6393607714367981,0.3365251123905182,1.456512212753296,2.362833023071289,,,,,0.08393341990319915,350000,0.2109624456315518,192,,
192,0,,445912.0,445912.0,,,2.1156940767074225e-06,0.0020002881077768086,0.3780806451612903,0.7108093263872017,0.350265234708786,1.441162347793579,2.391728639602661,,,,,0.07000354149451068,350000,0.2109624456315518,193,,
193,0,,448413.0,448413.0,,,2.0974797467599226e-06,0.001991213709531239,0.28503225806451615,0.6803978978522578,0.3442957103252411,1.4483463764190674,2.3815536499023438,,,,,0.06681619643489553,350000,0.2109624456315518,194,,
194,0,,458175.0,458175.0,,,2.1355380723443026e-06,0.001982119139967065,0.3115,0.6394032997914854,0.33706632256507874,1.4653898477554321,2.5572144985198975,,,,,0.07106598984771574,350000,0.2109624456315518,195,,
195,0,,441784.0,441784.0,,,2.2116106843850666e-06,0.0019730047729264195,0.37609677419354837,0.7063648848409503,0.33252689242362976,1.465731143951416,2.4561357498168945,,,,,0.07118403966473852,350000,0.2109624456315518,196,,
196,0,,442948.0,442948.0,,,2.15746803951219e-06,0.0019638709830652338,0.29020967741935483,0.6574511943371422,0.3342311978340149,1.4632130861282349,2.4309563636779785,,,,,0.0705937905796246,350000,0.2109624456315518,197,,
197,0,,444966.0,444966.0,,,2.1887762514925463e-06,0.0019547181458378343,0.36579032258064514,0.6981211960980127,0.34385842084884644,1.4509714841842651,2.444000244140625,,,,,0.0713020894817613,350000,0.2109624456315518,198,,
198,0,,448153.0,448153.0,,,2.2252990864824204e-06,0.00194554663748151,0.35358064516129034,0.6937489132077161,0.3339426517486572,1.4586303234100342,2.450093984603882,,,,,0.072010388383898,350000,0.2109624456315518,199,,
199,1,486433,462237.0,486433.0,0.9502583089551901,314907,2.2691112195017884e-06,0.001936356835001048,0.3598709677419355,0.700416035582589,0.3316989243030548,1.4800570011138916,2.497377872467041,0,0,1,0,0.07814897886908276,350000,0.2109624456315518,200,171526,50684
200,0,,437949.0,437949.0,,,2.503803571577643e-06,0.001927149116153233,0.2681774193548387,0.6605368351661747,0.3153781592845917,1.4982101917266846,2.6436285972595215,,,,,0.07720458033290048,350000,0.2109624456315518,201,,
201,0,,459958.0,459958.0,,,2.2796519124627337e-06,0.0019179238594313236,0.33561290322580645,0.672731432253592,0.3282114863395691,1.48806631565094,2.524600028991699,,,,,0.07862117813717388,350000,0.2109624456315518,202,,
202,0,,447811.0,447811.0,,,2.427144778858899e-06,0.00190868144404949,0.2755483870967742,0.6588548271702086,0.33585125207901,1.4660508632659912,2.561002016067505,,,,,0.07177428874985244,350000,0.2109624456315518,203,,
203,0,,447632.0,447632.0,,,2.3923438398592966e-06,0.001899422249927229,0.3285483870967742,0.6766787905808105,0.3334587812423706,1.4603513479232788,2.5238146781921387,,,,,0.06929524259237398,350000,0.2109624456315518,204,,
204,0,,449309.0,449309.0,,,2.420987912069897e-06,0.0018901466576737454,0.33466129032258063,0.651589869471627,0.34104123711586,1.465320110321045,2.544713020324707,,,,,0.07094794003069295,350000,0.2109624456315518,205,,
205,0,,453431.0,453431.0,,,2.4605968694463116e-06,0.001880855048572306,0.3200806451612903,0.6621608261743406,0.32382437586784363,1.47417414188385,2.5752079486846924,,,,,0.07378113563923976,350000,0.2109624456315518,206,,
206,0,,443732.0,443732.0,,,2.515525452204802e-06,0.001871547804564569,0.30706451612903224,0.6506925075251161,0.323888897895813,1.4704278707504272,2.595960855484009,,,,,0.07260063746901192,350000,0.2109624456315518,207,,
207,0,,440635.0,440635.0,,,2.4910984523058103e-06,0.001862225308234881,0.3310161290322581,0.6602416169763401,0.3174874782562256,1.484302043914795,2.581573009490967,,,,,0.0713020894817613,350000,0.2109624456315518,208,,
208,0,,439036.0,439036.0,,,2.50235937333258e-06,0.0018528879427945528,0.2498225806451613,0.4782114184611516,0.2927742004394531,1.5466101169586182,2.646256446838379,,,,,0.06823279423916893,350000,0.2109624456315518,209,,
209,1,439050,442659.0,439050.0,1.0082200204988043,267524,2.5216942450178035e-06,0.0018435360920661054,0.32806451612903226,0.6598961072483499,0.3148566484451294,1.4823997020721436,2.594623327255249,0,0,1,0,0.06256640302207532,350000,0.2109624456315518,210,171526,0
210,0,,434183.0,434183.0,,,2.550519056366238e-06,0.0018341701404674933,0.29320967741935483,0.6233957445573204,0.320482075214386,1.4751118421554565,2.5824742317199707,,,,,0.06728839570298666,350000,0.2109624456315518,211,,
211,0,,430107.0,430107.0,,,2.5495741363402242e-06,0.0018247904729963033,0.3409354838709677,0.6736305687115046,0.3114641606807709,1.486856460571289,2.588520050048828,,,,,0.06728839570298666,350000,0.2109624456315518,212,,
212,0,,424605.0,424605.0,,,2.551800768379484e-06,0.0018153974752139273,0.3330967741935484,0.6126428409692327,0.3108745515346527,1.4828882217407227,2.5723204612731934,,,,,0.06162200448589305,350000,0.2109624456315518,213,,
213,0,,427365.0,427365.0,,,2.5436140197999098e-06,0.0018059915332297148,0.28138709677419355,0.5977287665149579,0.2814587950706482,1.5425403118133545,2.6313891410827637,,,,,0.0642191004603943,350000,0.2109624456315518,214,,
214,0,,429602.0,429602.0,,,2.5858397262649923e-06,0.001796573033685099,0.24143548387096775,0.5662395430256926,0.27900180220603943,1.545305848121643,2.655972719192505,,,,,0.06634399716680439,350000,0.2109624456315518,215,,
215,0,,435219.0,435219.0,,,2.626145949087421e-06,0.001787142363737708,0.27433870967741936,0.5828472200204996,0.27958065271377563,1.5423134565353394,2.676124334335327,,,,,0.06634399716680439,350000,0.2109624456315518,216,,
216,0,,433689.0,433689.0,,,2.6896291367369444e-06,0.0017776999110454444,0.2059516129032258,0.5155557707808874,0.2577526867389679,1.5704662799835205,2.7432315349578857,,,,,0.06681619643489553,350000,0.2109624456315518,217,,
217,0,,434168.0,434168.0,,,2.7090590973568963e-06,0.0017682460637505556,0.2325483870967742,0.5566289350915568,0.23285305500030518,1.5908173322677612,2.7659811973571777,,,,,0.06717034588596388,350000,0.2109624456315518,218,,
218,0,,432540.0,432540.0,,,2.741431328688489e-06,0.0017587812104636756,0.255741935483871,0.581852489261587,0.2638261616230011,1.5536479949951172,2.746159791946411,,,,,0.06634399716680439,350000,0.2109624456315518,219,,
219,1,423081,428285.0,423081.0,1.012300245106729,251555,2.7602203156918086e-06,0.0017493057402478522,0.2565483870967742,0.5647675623576098,0.2726971507072449,1.544670820236206,2.7346222400665283,0,0,1,0,0.06079565576673356,350000,0.2109624456315518,220,171526,0
220,0,,425889.0,425889.0,,,2.7255789609457874e-06,0.0017398200426025521,0.2715967741935484,0.5838645566084015,0.2779301106929779,1.5385003089904785,2.692656993865967,,,,,0.06575374808169047,350000,0.2109624456315518,221,,
221,0,,422297.0,422297.0,,,2.7707228611629533e-06,0.0017303245074476532,0.27229032258064517,0.5781579050293013,0.2745233178138733,1.5451889038085938,2.7178993225097656,,,,,0.06646204698382717,350000,0.2109624456315518,222,,
222,0,,419816.0,419816.0,,,2.7732700324339302e-06,0.0017208195251074145,0.23687096774193547,0.563489379409676,0.26696059107780457,1.5541045665740967,2.722219705581665,,,,,0.06138590485184748,350000,0.2109624456315518,223,,
223,0,,425120.0,425120.0,,,2.7821638032105304e-06,0.0017113054862944307,0.24017741935483872,0.5364243296212898,0.24180465936660767,1.6259765625,2.808546543121338,,,,,0.06351080155825758,350000,0.2109624456315518,224,,
224,0,,423066.0,423066.0,,,2.8448372199837664e-06,0.0017017827820935744,0.27356451612903226,0.5953920097176904,0.26036202907562256,1.565112829208374,2.7715096473693848,,,,,0.0626844528390981,350000,0.2109624456315518,225,,
225,0,,415395.0,415395.0,,,2.858057833729087e-06,0.0016922518039459167,0.25437096774193546,0.5465673455025197,0.2729211449623108,1.5536752939224243,2.752898931503296,,,,,0.06185810411993861,350000,0.2109624456315518,226,,
226,0,,412943.0,412943.0,,,2.8303739212764006e-06,0.0016827129436326395,0.2802741935483871,0.5920426566030665,0.2714426517486572,1.5449024438858032,2.7227580547332764,,,,,0.06351080155825758,350000,0.2109624456315518,227,,
227,0,,411465.0,411465.0,,,2.8370289080738625e-06,0.0016731665932589285,0.2854032258064516,0.6022118896281359,0.27466487884521484,1.5402764081954956,2.710021495819092,,,,,0.06386495100932593,350000,0.2109624456315518,228,,
228,0,,411507.0,411507.0,,,2.849835515393833e-06,0.0016636131452378577,0.2810483870967742,0.60551663206108,0.2772616446018219,1.5323518514633179,2.7076704502105713,,,,,0.06351080155825758,350000,0.2109624456315518,229,,
229,1,404793,408348.0,404793.0,1.0087822664917625,233267,2.87329079572439e-06,0.001654052992274256,0.309,0.6179306297763804,0.28774192929267883,1.525924801826477,2.7038259506225586,0,0,1,0,0.06044150631566521,350000,0.2109624456315518,230,171526,0
230,0,,406619.0,406619.0,,,2.847040175148411e-06,0.0016444865273485686,0.3033387096774194,0.6181715676881463,0.2941075265407562,1.5249965190887451,2.6797192096710205,,,,,0.06528154881359934,350000,0.2109624456315518,231,,
231,0,,405548.0,405548.0,,,2.8814046388239896e-06,0.0016349141437006984,0.2861451612903226,0.5783394465828545,0.2904354929924011,1.5247728824615479,2.6961567401885986,,,,,0.06539959863062213,350000,0.2109624456315518,232,,
232,0,,406027.0,406027.0,,,2.8950599274584354e-06,0.0016253362348138448,0.2673709677419355,0.5837840291590369,0.26735663414001465,1.5510368347167969,2.7275493144989014,,,,,0.059261008145437374,350000,0.2109624456315518,233,,
233,0,,407736.0,407736.0,,,2.9200786689370894e-06,0.0016157531943983283,0.2881451612903226,0.5954837507009234,0.2800931930541992,1.5323255062103271,2.7184159755706787,,,,,0.060205406681619646,350000,0.2109624456315518,234,,
234,0,,418748.0,418748.0,,,2.954841883224627e-06,0.0016061654163754056,0.2449193548387097,0.543681807752959,0.2651021480560303,1.5762028694152832,2.7912352085113525,,,,,0.06469129972848542,350000,0.2109624456315518,235,,
235,0,,416298.0,416298.0,,,3.061978726715399e-06,0.0015965732948610791,0.24698387096774194,0.5455634113106217,0.25608423352241516,1.5607273578643799,2.8321568965911865,,,,,0.06504544917955377,350000,0.2109624456315518,236,,
236,0,,416669.0,416669.0,,,3.070581024312165e-06,0.001586977224149894,0.23779032258064517,0.5675919239155991,0.2520161271095276,1.5579816102981567,2.8361093997955322,,,,,0.0633927517412348,350000,0.2109624456315518,237,,
237,0,,422687.0,422687.0,,,3.1002276473777017e-06,0.0015773775986987321,0.25316129032258067,0.5566333269192697,0.25257885456085205,1.5576106309890747,2.861985683441162,,,,,0.0626844528390981,350000,0.2109624456315518,238,,
238,0,,424927.0,424927.0,,,3.174817956435127e-06,0.0015677748131105972,0.23511290322580644,0.543157785128498,0.24344803392887115,1.5691916942596436,2.9203171730041504,,,,,0.06374690119230315,350000,0.2109624456315518,239,,
239,1,429987,430578.0,429987.0,1.0013744601580978,258461,3.222749711856587e-06,0.0015581692621183922,0.20125806451612904,0.5000120844586817,0.21772043406963348,1.5976086854934692,2.9777796268463135,0,0,0,0,0.059497107779482944,350000,0.2109624456315518,240,171526,0
240,0,,426099.0,426099.0,,,3.2948598081265847e-06,0.0015485613405686973,0.22251612903225806,0.5344344337993177,0.22551971673965454,1.586199164390564,2.994507074356079,,,,,0.06327470192421202,350000,0.2109624456315518,241,,
241,0,,416908.0,416908.0,,,3.2973439676752336e-06,0.001538951443405534,0.218,0.5103602241044618,0.2378566414117813,1.5737175941467285,2.961765766143799,,,,,0.06315665210718924,350000,0.2109624456315518,242,,
242,0,,414407.0,414407.0,,,3.2545622051017593e-06,0.0015293399656541367,0.22661290322580646,0.5218441731157724,0.2429569959640503,1.569191575050354,2.9283204078674316,,,,,0.057726360524141186,350000,0.2109624456315518,243,,
243,0,,423372.0,423372.0,,,3.2624764282407616e-06,0.0015197273024047098,0.2101290322580645,0.5208806844094771,0.23866130411624908,1.5848417282104492,2.9488964080810547,,,,,0.06280250265612089,350000,0.2109624456315518,244,,
244,0,,427957.0,427957.0,,,3.3649230450223555e-06,0.0015101138487961896,0.2598870967741935,0.5355479291089817,0.21759319305419922,1.5955421924591064,3.034874439239502,,,,,0.06351080155825758,350000,0.2109624456315518,245,,
245,0,,428367.0,428367.0,,,3.435735664822351e-06,0.0015004999999999999,0.2558548387096774,0.5186339543397653,0.20465053617954254,1.6066454648971558,3.08058762550354,,,,,0.06233030338802975,350000,0.2109624456315518,246,,
246,0,,424167.0,424167.0,,,3.4739456022149477e-06,0.0014908861512038102,0.23379032258064517,0.5272591998148998,0.20174552500247955,1.6091402769088745,3.0934016704559326,,,,,0.06008735686459686,350000,0.2109624456315518,247,,
247,0,,420935.0,420935.0,,,3.473100304336457e-06,0.0014812726975952898,0.2397741935483871,0.4470432812003269,0.20342473685741425,1.6076148748397827,3.0793962478637695,,,,,0.0583166096092551,350000,0.2109624456315518,248,,
248,0,,419791.0,419791.0,,,3.4785867327619758e-06,0.001471660034345863,0.23530645161290323,0.4586515163595273,0.20290860533714294,1.6084226369857788,3.064680814743042,,,,,0.0576083107071184,350000,0.2109624456315518,249,,
249,1,408589,408827.0,408589.0,1.0005824924312696,237063,3.5008151158849803e-06,0.001462048556594466,0.24248387096774193,0.5658730128936156,0.20327061414718628,1.6083906888961792,3.058560371398926,0,0,1,0,0.057726360524141186,350000,0.2109624456315518,250,171526,0
250,0,,408893.0,408893.0,,,3.433868452593044e-06,0.0014524386594313029,0.23741935483870968,0.5526069747330755,0.2442634403705597,1.6003657579421997,3.0044260025024414,,,,,0.062212253571006966,350000,0.2109624456315518,251,,
251,0,,411048.0,411048.0,,,3.46324918552865e-06,0.0014428307378816074,0.20259677419354838,0.5,0.21549642086029053,1.6023263931274414,3.024418354034424,,,,,0.06351080155825758,350000,0.2109624456315518,252,,
252,0,,408999.0,408999.0,,,3.509601679204976e-06,0.0014332251868894033,0.24514516129032257,0.5644233617446204,0.21327240765094757,1.60214364528656,3.0433900356292725,,,,,0.05666391217093614,350000,0.2109624456315518,253,,
253,0,,401178.0,401178.0,,,3.519413098094482e-06,0.0014236224013012679,0.2453225806451613,0.5660841431352007,0.24928316473960876,1.5667673349380493,2.9871814250946045,,,,,0.054775115098571595,350000,0.2109624456315518,254,,
254,0,,412074.0,412074.0,,,3.4757502447418016e-06,0.0014140227758501062,0.20259677419354838,0.5,0.22031541168689728,1.594232201576233,3.015362501144409,,,,,0.05607366308582222,350000,0.2109624456315518,255,,
255,0,,409973.0,409973.0,,,3.5994158513501035e-06,0.001404426705138921,0.20159677419354838,0.5,0.2021559178829193,1.6093376874923706,3.088158369064331,,,,,0.05560146381773108,350000,0.2109624456315518,256,,
256,0,,408460.0,408460.0,,,3.609494862436172e-06,0.001394834583624594,0.20259677419354838,0.5,0.20743010938167572,1.6056548357009888,3.0824239253997803,,,,,0.05512926454963995,350000,0.2109624456315518,257,,
257,0,,405325.0,405325.0,,,3.6240549956256195e-06,0.0013852468056016719,0.20259677419354838,0.5,0.23505018651485443,1.5866526365280151,3.0548267364501953,,,,,0.05430291583048046,350000,0.2109624456315518,258,,
258,0,,399663.0,399663.0,,,3.622725309810531e-06,0.0013756637651861552,0.2405483870967742,0.5617289639428826,0.22234588861465454,1.5938035249710083,3.054290294647217,,,,,0.05324046747727541,350000,0.2109624456315518,259,,
259,1,396328,396418.0,396328.0,1.0002270846369674,224802,3.595897078342092e-06,0.0013660858562993014,0.2385483870967742,0.5502393900835806,0.241897851228714,1.5775517225265503,3.0092618465423584,0,0,1,0,0.055719513634753866,350000,0.2109624456315518,260,171526,0
260,0,,396305.0,396305.0,,,3.5881236443631614e-06,0.0013565134726514312,0.23409677419354838,0.5441098544905814,0.23521685600280762,1.5844223499298096,3.0075883865356445,,,,,0.05607366308582222,350000,0.2109624456315518,261,,
261,0,,401310.0,401310.0,,,3.6102748956314703e-06,0.0013469470077257437,0.3293548387096774,0.5960076295920433,0.25955554842948914,1.649928331375122,3.0957140922546387,,,,,0.062212253571006966,350000,0.2109624456315518,262,,
262,0,,399769.0,399769.0,,,3.680961698113391e-06,0.0013373868547621424,0.31559677419354837,0.5293302348212123,0.2764444649219513,1.539620280265808,3.0183041095733643,,,,,0.05560146381773108,350000,0.2109624456315518,263,,
263,0,,398126.0,398126.0,,,3.691284201724355e-06,0.0013278334067410714,0.32625806451612904,0.6291274926174342,0.2721576988697052,1.539709210395813,3.015092611312866,,,,,0.05442096564750325,350000,0.2109624456315518,264,,
264,0,,398121.0,398121.0,,,3.6998706021308723e-06,0.0013182870563673604,0.289,0.5453756832078108,0.272933691740036,1.5395230054855347,3.012486457824707,,,,,0.05430291583048046,350000,0.2109624456315518,265,,
265,0,,400556.0,400556.0,,,3.723732140617697e-06,0.001308748196054083,0.16248387096774194,0.41135773531238995,0.2125394344329834,1.6029850244522095,3.1006903648376465,,,,,0.053712666745366545,350000,0.2109624456315518,266,,
266,0,,398058.0,398058.0,,,3.771866806746274e-06,0.001299217217906426,0.20259677419354838,0.37664535442174046,0.20675089955329895,1.6053836345672607,3.1074059009552,,,,,0.05359461692834376,350000,0.2109624456315518,267,,
267,0,,392334.0,392334.0,,,3.7725358813400294e-06,0.0012896945137055695,0.16275806451612904,0.37687727313146424,0.20190143585205078,1.6093978881835938,3.102515697479248,,,,,0.05229606894109314,350000,0.2109624456315518,268,,
268,0,,388682.0,388682.0,,,3.739575998397346e-06,0.0012801804748925854,0.3243548387096774,0.5749559896822642,0.20619533956050873,1.6067264080047607,3.06571888923645,,,,,0.05135167040491087,350000,0.2109624456315518,269,,
269,1,394173,397395.0,394173.0,1.008174075849944,222647,3.724235757628952e-06,0.0012706754925523463,0.2012741935483871,0.5,0.20823119580745697,1.6059269905090332,3.0935611724853516,0,0,0,0,0.053476567111320976,350000,0.2109624456315518,270,171526,0
270,0,,394125.0,394125.0,,,3.7993609172784515e-06,0.001261179957397448,0.2012741935483871,0.5,0.20131362974643707,1.6093367338180542,3.10683012008667,,,,,0.05324046747727541,350000,0.2109624456315518,271,,
271,0,,390517.0,390517.0,,,3.821518435099299e-06,0.0012516942597521482,0.2012741935483871,0.5,0.2019498199224472,1.6093395948410034,3.10683012008667,,,,,0.052768268209184274,350000,0.2109624456315518,272,,
272,0,,394550.0,394550.0,,,3.807329944615326e-06,0.0012422187895363244,0.20259677419354838,0.5,0.20106452703475952,1.609337568283081,3.1020255088806152,,,,,0.046275528272931174,350000,0.2109624456315518,273,,
273,0,,394550.0,394550.0,,,3.869762556508776e-06,0.0012327539362494444,0.20259677419354838,0.5,0.20230646431446075,1.609334111213684,3.136002540588379,,,,,0.046275528272931174,350000,0.2109624456315518,274,,
274,0,,391262.0,391262.0,,,3.893014472830446e-06,0.0012233000889545554,0.20259677419354838,0.5,0.20186200737953186,1.6093425750732422,3.1403872966766357,,,,,0.044976980285680555,350000,0.2109624456315518,275,,
275,0,,388913.0,388913.0,,,3.882143837613783e-06,0.0012138576362622925,0.20259677419354838,0.5,0.26462188363075256,1.5675618648529053,3.0746102333068848,,,,,0.04792822571125015,350000,0.2109624456315518,276,,
276,0,,386788.0,386788.0,,,3.8792309223814835e-06,0.0012044269663149007,0.20259677419354838,0.5,0.20213082432746887,1.616240382194519,3.116936445236206,,,,,0.04733797662613623,350000,0.2109624456315518,277,,
277,0,,385208.0,385208.0,,,3.877362554263557e-06,0.0011950084667702852,0.20259677419354838,0.500315932449743,0.20213082432746887,1.6093544960021973,3.1047520637512207,,,,,0.04662967772399953,350000,0.2109624456315518,278,,
278,0,,360783.0,360783.0,,,3.880074645387293e-06,0.0011856025247860722,0.20259677419354838,0.500287824775195,0.2016182839870453,1.6093345880508423,3.047621011734009,,,,,0.0424979341282021,350000,0.2109624456315518,279,,
279,1,352938,360735.0,352938.0,1.0220916988252895,181412,3.6395672569481226e-06,0.0011762095270036964,0.20259677419354838,0.5,0.20180107653141022,1.6093357801437378,2.9223756790161133,0,0,0,0,0.04662967772399953,350000,0.2109624456315518,280,171526,0
280,0,,352866.0,352866.0,,,3.5619155862063954e-06,0.0011668298595325065,0.2012741935483871,0.5,0.20223656296730042,1.6093336343765259,2.866288900375366,,,,,0.046275528272931174,350000,0.2109624456315518,281,,
281,0,,352866.0,352866.0,,,3.562641360195885e-06,0.0011574639079338946,0.20259677419354838,0.5,0.2020842283964157,1.6093368530273438,2.8664731979370117,,,,,0.046275528272931174,350000,0.2109624456315518,282,,
282,0,,352803.0,352803.0,,,3.5640943638626525e-06,0.001148112057205447,0.20259677419354838,0.5,0.20162545144557953,1.6093392372131348,2.8668975830078125,,,,,0.039428638885609726,350000,0.2109624456315518,283,,
283,0,,350326.0,350326.0,,,3.5648795479137194e-06,0.0011387746917651187,0.23541935483870968,0.5684784455011285,0.2059587836265564,1.6079704761505127,2.865112543106079,,,,,0.040373037421792,350000,0.2109624456315518,284,,
284,0,,382373.0,382373.0,,,3.5400156133742024e-06,0.001129452195435431,0.2343225806451613,0.572428514809219,0.2128405123949051,1.6063514947891235,2.886925458908081,,,,,0.04450478101758942,350000,0.2109624456315518,285,,
285,0,,386279.0,386279.0,,,3.8809762430266046e-06,0.0011201449514276938,0.2795,0.5603634073518678,0.28226524591445923,1.556929588317871,3.048344612121582,,,,,0.04875457443040963,350000,0.2109624456315518,286,,
286,0,,389908.0,389908.0,,,3.940002677645167e-06,0.0011108533423262546,0.24156451612903226,0.5590737542198422,0.26837992668151855,1.567934274673462,3.094365119934082,,,,,0.05005312241766025,350000,0.2109624456315518,287,,
287,0,,372180.0,372180.0,,,3.998547593044972e-06,0.0011015777500727707,0.20259677419354838,0.5000079901056924,0.22044265270233154,1.608750820159912,3.151651382446289,,,,,0.04792822571125015,350000,0.2109624456315518,288,,
288,0,,365413.0,365413.0,,,3.828489008057815e-06,0.0010923185559505097,0.20259677419354838,0.5,0.20213082432746887,1.609598159790039,3.011923313140869,,,,,0.04662967772399953,350000,0.2109624456315518,289,,
289,1,354307,363853.0,354307.0,1.0269427361017422,182781,3.766987371662055e-06,0.0010830761405686766,0.2906290322580645,0.6149375608945002,0.26708245277404785,1.5805935859680176,2.9526495933532715,0,0,1,0,0.047456026443159015,350000,0.2109624456315518,290,171526,0
290,0,,365264.0,365264.0,,,3.6547315941478877e-06,0.0010738508838467667,0.3065322580645161,0.6304772307984079,0.27689069509506226,1.5692991018295288,2.8989830017089844,,,,,0.050761421319796954,350000,0.2109624456315518,291,,
291,0,,361902.0,361902.0,,,3.7758050845037027e-06,0.001064643164998952,0.30416129032258066,0.6412158418649596,0.28208065032958984,1.573171854019165,2.939988136291504,,,,,0.05217801912407036,350000,0.2109624456315518,292,,
292,0,,357073.0,357073.0,,,3.7473117627247207e-06,0.0010554533625184897,0.24503225806451612,0.5721187940500082,0.2890860438346863,1.5726040601730347,2.917778730392456,,,,,0.050525321685751384,350000,0.2109624456315518,293,,
293,0,,361198.0,361198.0,,,3.7010103863925113e-06,0.0010462818541621657,0.2620806451612903,0.5435178074992266,0.2733727693557739,1.5855716466903687,2.912566900253296,,,,,0.05111557077086531,350000,0.2109624456315518,294,,
294,0,,359513.0,359513.0,,,3.7496652076324447e-06,0.0010371290169347664,0.24469354838709678,0.6003830477739586,0.27740323543548584,1.5742496252059937,2.9228668212890625,,,,,0.05017117223468304,350000,0.2109624456315518,295,,
295,0,,357282.0,357282.0,,,3.737180576614791e-06,0.0010279952270735807,0.2748548387096774,0.5549227951854034,0.28937456011772156,1.571677565574646,2.918154001235962,,,,,0.04887262424743242,350000,0.2109624456315518,296,,
296,0,,356323.0,356323.0,,,3.717815000531588e-06,0.0010188808600329353,0.25366129032258067,0.5686328475681437,0.29213979840278625,1.5695525407791138,2.898606777191162,,,,,0.050407271868728606,350000,0.2109624456315518,297,,
297,0,,354754.0,354754.0,,,3.7111566392576523e-06,0.0010097862904687612,0.2454516129032258,0.61085999249839,0.2921469509601593,1.5716979503631592,2.888960123062134,,,,,0.050407271868728606,350000,0.2109624456315518,298,,
298,0,,352658.0,352658.0,,,3.697308531896774e-06,0.0010007118922231919,0.28053225806451615,0.548314051578408,0.29894086718559265,1.5459202527999878,2.856792688369751,,,,,0.04993507260063747,350000,0.2109624456315518,299,,
299,1,339168,350605.0,339168.0,1.0337207519577318,167642,3.6768542678952856e-06,0.000991658038309197,0.32087096774193546,0.6446617254529058,0.298856645822525,1.5390838384628296,2.8332436084747314,1,1,1,0,0.04580332900484004,350000,0.2109624456315518,300,171526,0
300,0,,350314.0,350314.0,,,3.5306517987634445e-06,0.0009826251008952494,0.29135483870967743,0.6402775368954557,0.29354122281074524,1.5366266965866089,2.7679831981658936,,,,,0.05099752095384252,350000,0.2109624456315518,301,,
301,0,,351895.0,351895.0,,,3.646842306956894e-06,0.0009736134512900265,0.2383548387096774,0.5929734847822099,0.2788189947605133,1.5551717281341553,2.834369421005249,,,,,0.05217801912407036,350000,0.2109624456315518,302,,
302,0,,352012.0,352012.0,,,3.664290015324134e-06,0.0009646234599271484,0.21858064516129033,0.5925508683299354,0.27391937375068665,1.571494460105896,2.859760046005249,,,,,0.04733797662613623,350000,0.2109624456315518,303,,
303,0,,353630.0,353630.0,,,3.6665590444544423e-06,0.0009556554963499473,0.29354838709677417,0.6383106777380478,0.2656881809234619,1.5989190340042114,2.890312910079956,,,,,0.04804627552827293,350000,0.2109624456315518,304,,
304,0,,355243.0,355243.0,,,3.6853129071088243e-06,0.0009467099291962813,0.30546774193548387,0.6320471519258524,0.2752276062965393,1.5606316328048706,2.86737060546875,,,,,0.04863652461338685,350000,0.2109624456315518,305,,
305,0,,355720.0,355720.0,,,3.7048759437506435e-06,0.0009377871261833787,0.3059193548387097,0.630722299530353,0.278159499168396,1.5692535638809204,2.886955499649048,,,,,0.04781017589422736,350000,0.2109624456315518,306,,
306,0,,353683.0,353683.0,,,3.712858831485485e-06,0.0009288874540927228,0.2944193548387097,0.640483848343408,0.2743118405342102,1.5627082586288452,2.8765954971313477,,,,,0.04840042497934128,350000,0.2109624456315518,307,,
307,0,,360247.0,360247.0,,,3.693530129751225e-06,0.0009200112787549767,0.29530645161290325,0.6112235658846294,0.2799408733844757,1.554872989654541,2.8727002143859863,,,,,0.04804627552827293,350000,0.2109624456315518,308,,
308,0,,361687.0,361687.0,,,3.7675103122304582e-06,0.0009111589650349416,0.2913709677419355,0.6153653060065258,0.271161288022995,1.5583646297454834,2.9143660068511963,,,,,0.04781017589422736,350000,0.2109624456315518,309,,
309,1,347369,360253.0,347369.0,1.0370902412132343,175843,3.7887872475028335e-06,0.0009023308768165631,0.27564516129032257,0.6314531619612713,0.2811720371246338,1.5537620782852173,2.9239940643310547,1,1,1,0,0.046157478455908396,350000,0.2109624456315518,310,171526,0
310,0,,356823.0,356823.0,,,3.637429031481852e-06,0.0008935273769879704,0.2691290322580645,0.585867248357654,0.2542921304702759,1.5659288167953491,2.8493869304656982,,,,,0.04934482351552355,350000,0.2109624456315518,311,,
311,0,,357412.0,357412.0,,,3.740034000251613e-06,0.0008847488274265612,0.29288709677419356,0.6195255146293694,0.2774713337421417,1.56516432762146,2.8978869915008545,,,,,0.04981702278361468,350000,0.2109624456315518,312,,
312,0,,344936.0,344936.0,,,3.7501349312889967e-06,0.0008759955889841236,0.2708225806451613,0.586439228898104,0.27241578698158264,1.5556472539901733,2.8885538578033447,,,,,0.04131743595797426,350000,0.2109624456315518,313,,
313,0,,355244.0,355244.0,,,3.6165944468497598e-06,0.0008672680214720062,0.2563548387096774,0.5659137583747927,0.26121148467063904,1.5668203830718994,2.839430093765259,,,,,0.04261598394522489,350000,0.2109624456315518,314,,
314,0,,356944.0,356944.0,,,3.7274426928672257e-06,0.0008585664836463262,0.2462258064516129,0.5753128792083011,0.26090681552886963,1.5653480291366577,2.892449378967285,,,,,0.043914531932475506,350000,0.2109624456315518,315,,
315,0,,359006.0,359006.0,,,3.748960908107372e-06,0.0008498913331932217,0.20259677419354838,0.5,0.210433691740036,1.614127278327942,2.9586498737335205,,,,,0.04403258174949829,350000,0.2109624456315518,316,,
316,0,,352731.0,352731.0,,,3.7754108169884173e-06,0.0008412429267141499,0.20259677419354838,0.5,0.20213082432746887,1.6109750270843506,2.9554402828216553,,,,,0.04226183449415653,350000,0.2109624456315518,317,,
317,0,,347997.0,347997.0,,,3.7108629714098686e-06,0.0008326216197112275,0.20259677419354838,0.5,0.20213082432746887,1.609485149383545,2.9082581996917725,,,,,0.040727186872860345,350000,0.2109624456315518,318,,
318,0,,345944.0,345944.0,,,3.660009064033262e-06,0.0008240277665726181,0.20259677419354838,0.5,0.20234587788581848,1.6092352867126465,2.879373073577881,,,,,0.04049108723881478,350000,0.2109624456315518,319,,
319,1,345836,345949.0,345836.0,1.0003267444684765,174310,3.6362970322269727e-06,0.0008154617205579644,0.20259677419354838,0.5,0.20232975482940674,1.6092267036437988,2.8671505451202393,0,1,0,1,0.04474088065163499,350000,0.2109624456315518,320,171526,0
320,0,,343960.0,343960.0,,,3.632987102009137e-06,0.0008069238337838679,0.2650161290322581,0.5416894553980821,0.24296237528324127,1.5965019464492798,2.8508520126342773,,,,,0.05135167040491087,350000,0.2109624456315518,321,,
321,0,,346013.0,346013.0,,,3.6101362396452073e-06,0.0007984144572094117,0.20259677419354838,0.5004902116790384,0.25510933995246887,1.5776983499526978,2.817128896713257,,,,,0.051469720221933656,350000,0.2109624456315518,322,,
322,0,,347522.0,347522.0,,,3.629604342632597e-06,0.0007899339406217385,0.2012741935483871,0.571269959773893,0.2530018091201782,1.603304147720337,2.862943172454834,,,,,0.046157478455908396,350000,0.2109624456315518,323,,
323,0,,345397.0,345397.0,,,3.6441385951033832e-06,0.0007814826326216698,0.20159677419354838,0.5739742854758026,0.25044623017311096,1.5844920873641968,2.8395235538482666,,,,,0.045449179553771694,350000,0.2109624456315518,324,,
324,0,,306008.0,306008.0,,,3.6194590699331757e-06,0.0007730608806093752,0.18285483870967742,0.45672508354701125,0.2554086148738861,1.5827497243881226,2.8138158321380615,,,,,0.03931058906858694,350000,0.2109624456315518,325,,
325,0,,335534.0,335534.0,,,3.185232409352651e-06,0.0007646690307700957,0.2029516129032258,0.4532318080843261,0.2797795832157135,1.5665830373764038,2.6327991485595703,,,,,0.04379648211545272,350000,0.2109624456315518,326,,
326,0,,340128.0,340128.0,,,3.485204806154716e-06,0.0007563074280599075,0.2012741935483871,0.45715421267006195,0.2704247534275055,1.5669808387756348,2.737783193588257,,,,,0.044268681383543854,350000,0.2109624456315518,327,,
327,0,,340050.0,340050.0,,,3.5278724304744522e-06,0.0007479764161915489,0.2012741935483871,0.4825355182059215,0.26196596026420593,1.5725572109222412,2.7746047973632812,,,,,0.04332428284736159,350000,0.2109624456315518,328,,
328,0,,337978.0,337978.0,,,3.5219809533628517e-06,0.0007396763376202874,0.2012741935483871,0.4669204253885889,0.25804659724235535,1.576216220855713,2.7710964679718018,,,,,0.04308818321331602,350000,0.2109624456315518,329,,
329,1,278519,328439.0,278519.0,1.179233732707643,106993,3.494408514182395e-06,0.0007314075335298439,0.2584677419354839,0.577957664885329,0.25818100571632385,1.577789306640625,2.747018337249756,1,1,1,0,0.019714319442804863,350000,0.2109624456315518,330,171526,0
330,0,,280689.0,280689.0,,,2.846947179144149e-06,0.0007231703438183677,0.26348387096774195,0.5788915972537072,0.2557598650455475,1.5816420316696167,2.3804054260253906,,,,,0.023255813953488372,350000,0.2109624456315518,331,,
331,0,,278646.0,278646.0,,,2.837643565142895e-06,0.0007149651070844652,0.26348387096774195,0.5788916017155057,0.24554480612277985,1.5810235738754272,2.371913194656372,,,,,0.023019714319442806,350000,0.2109624456315518,332,,
332,0,,276543.0,276543.0,,,2.7850596501880254e-06,0.0007067921606132807,0.26348387096774195,0.5782567530890825,0.2491469532251358,1.5806008577346802,2.355823278427124,,,,,0.013575728957620116,350000,0.2109624456315518,333,,
333,0,,276567.0,276567.0,,,2.731675385463645e-06,0.0006986518403626325,0.23448387096774193,0.5576664668752989,0.250530481338501,1.5814251899719238,2.338932991027832,,,,,0.013693778774642899,350000,0.2109624456315518,334,,
334,0,,278113.0,278113.0,,,2.6999355298062705e-06,0.000690544480949203,0.23448387096774193,0.556985291632318,0.23209139704704285,1.5908681154251099,2.340333938598633,,,,,0.01404792822571125,350000,0.2109624456315518,335,,
335,0,,307261.0,307261.0,,,2.683996760425051e-06,0.0006824704156347824,0.2564516129032258,0.5745583137000876,0.23606273531913757,1.734835147857666,2.517774820327759,,,,,0.03376224766851611,350000,0.2109624456315518,336,,
336,0,,304269.0,304269.0,,,2.946049956217138e-06,0.0006744299763125724,0.20783870967741935,0.540565107546078,0.23802509903907776,1.5947507619857788,2.499732494354248,,,,,0.03553299492385787,350000,0.2109624456315518,337,,
337,0,,302699.0,302699.0,,,2.8970090876406254e-06,0.0006664234934935411,0.23448387096774193,0.5715111878674294,0.25073298811912537,1.5816493034362793,2.4653313159942627,,,,,0.03506079565576673,350000,0.2109624456315518,338,,
338,0,,287260.0,287260.0,,,2.861213619918487e-06,0.000658451296292838,0.20946774193548387,0.5193573003043306,0.23043908178806305,1.5942140817642212,2.421846628189087,,,,,0.03069295242592374,350000,0.2109624456315518,339,,
339,1,284688,287195.0,284688.0,1.0088061316247963,113162,2.688591425323833e-06,0.0006505137124162658,0.2124516129032258,0.5083429658577835,0.2084050178527832,1.6061005592346191,2.378298282623291,1,1,1,0,0.023373863770511157,350000,0.2109624456315518,340,171526,0
340,0,,310089.0,310089.0,,,2.637144154529358e-06,0.000642611068146807,0.20703225806451614,0.49538855077806526,0.2291218638420105,2.917100191116333,3.6914801597595215,,,,,0.04662967772399953,350000,0.2109624456315518,341,,
341,0,,310065.0,310065.0,,,2.8551043467060624e-06,0.0006347436883312156,0.21129032258064517,0.502296072534906,0.20213082432746887,1.6096022129058838,2.494886636734009,,,,,0.046511627906976744,350000,0.2109624456315518,342,,
342,0,,310060.0,310060.0,,,2.8376420152740586e-06,0.0006269118963666611,0.2012741935483871,0.49940463992910666,0.20213082432746887,1.609358549118042,2.4892055988311768,,,,,0.04013693778774643,350000,0.2109624456315518,343,,
343,0,,306822.0,306822.0,,,2.8204570290075253e-06,0.0006191160141874367,0.2012741935483871,0.4933136582156563,0.20213082432746887,1.6093345880508423,2.4759418964385986,,,,,0.03777594144729075,350000,0.2109624456315518,344,,
344,0,,306822.0,306822.0,,,2.7726890281653457e-06,0.0006113563622517239,0.2077741935483871,0.4933136582156563,0.20213082432746887,1.6093318462371826,2.460054874420166,,,,,0.03777594144729075,350000,0.2109624456315518,345,,
345,0,,306817.0,306817.0,,,2.7544956222439413e-06,0.0006036332595284217,0.2077741935483871,0.4933136582156563,0.20213082432746887,1.6093332767486572,2.4544713497161865,,,,,0.037657891630267976,350000,0.2109624456315518,346,,
346,0,,306817.0,306817.0,,,2.7363747724129647e-06,0.0005959470234840334,0.2077741935483871,0.4933136582156563,0.20195162296295166,1.6093313694000244,2.4488987922668457,,,,,0.037657891630267976,350000,0.2109624456315518,347,,
347,0,,306817.0,306817.0,,,2.7184174328112274e-06,0.000588297970069618,0.2012741935483871,0.4933136582156563,0.20213082432746887,1.6093331575393677,2.4433891773223877,,,,,0.037657891630267976,350000,0.2109624456315518,348,,
348,0,,306729.0,306729.0,,,2.700577937464162e-06,0.0005806864137078026,0.2012741935483871,0.49374224758596874,0.20271147787570953,1.6093372106552124,2.4376025199890137,,,,,0.036477393460040135,350000,0.2109624456315518,349,,
349,1,306516,306729.0,306516.0,1.000694906628039,134990,2.6820475588633026e-06,0.0005731126672798556,0.20259677419354838,0.5,0.20257528126239777,1.6093099117279053,2.431917428970337,0,1,0,1,0.03919253925156416,350000,0.2109624456315518,350,171526,0
350,0,,306551.0,306551.0,,,2.6624658165854323e-06,0.0005655770421128291,0.20259677419354838,0.5,0.20512187480926514,1.6093196868896484,2.425156831741333,,,,,0.04013693778774643,350000,0.2109624456315518,351,,
351,0,,302490.0,302490.0,,,2.6451808075603843e-06,0.0005580798479667586,0.18180645161290324,0.4952979646395471,0.23147492110729218,1.6003497838974,2.4055593013763428,,,,,0.040727186872860345,350000,0.2109624456315518,352,,
352,0,,311399.0,311399.0,,,2.5911693419674217e-06,0.0005506213930219316,0.21048387096774193,0.5050670208982456,0.2533136308193207,1.5801182985305786,2.373750925064087,,,,,0.03990083815370086,350000,0.2109624456315518,353,,
353,0,,318338.0,318338.0,,,2.651944596541033e-06,0.0005432019838662167,0.20156451612903226,0.5374126256421401,0.23105555772781372,1.594082236289978,2.422259569168091,,,,,0.04155353559201983,350000,0.2109624456315518,354,,
354,0,,316290.0,316290.0,,,2.6982161569497522e-06,0.0005358219254824653,0.20159677419354838,0.5182479784920568,0.20213082432746887,1.6101410388946533,2.467014789581299,,,,,0.04143548577499705,350000,0.2109624456315518,355,,
355,0,,314242.0,314242.0,,,2.6673167189387024e-06,0.0005284815212359716,0.20159677419354838,0.5182479784920568,0.20213082432746887,1.6093733310699463,2.44895076751709,,,,,0.04131743595797426,350000,0.2109624456315518,356,,
356,0,,312124.0,312124.0,,,2.6358043197933043e-06,0.0005211810728620034,0.18654838709677418,0.47747821945627467,0.20213082432746887,1.6093342304229736,2.4326012134552,,,,,0.03954668870263251,350000,0.2109624456315518,357,,
357,0,,312023.0,312023.0,,,2.6030892288867956e-06,0.000513920880453401,0.20288709677419356,0.4519229592926185,0.20213082432746887,1.6093335151672363,2.421595811843872,,,,,0.038956439617518594,350000,0.2109624456315518,358,,
358,0,,308495.0,308495.0,,,2.587345509649668e-06,0.0005067012424482368,0.20288709677419356,0.4334850888735694,0.20140501856803894,1.609333872795105,2.4130630493164062,,,,,0.036477393460040135,350000,0.2109624456315518,359,,
359,1,286379,309336.0,286379.0,1.0801630007786884,114853,2.54199652866599e-06,0.0004995224556175516,0.27583870967741936,0.5445455821152855,0.21843190491199493,1.6023621559143066,2.387047290802002,1,1,1,0,0.024672411757761775,350000,0.2109624456315518,360,171526,0
360,0,,306763.0,306763.0,,,2.3362087601752746e-06,0.0004923848150531553,0.19164516129032258,0.5185297129451596,0.21662187576293945,1.6035321950912476,2.3100621700286865,,,,,0.04060913705583756,350000,0.2109624456315518,361,,
361,0,,306758.0,306758.0,,,2.4860519676462693e-06,0.00048528861415549567,0.19164516129032258,0.5156892084556943,0.20213082432746887,1.6093977689743042,2.372025489807129,,,,,0.04049108723881478,350000,0.2109624456315518,362,,
362,0,,306853.0,306853.0,,,2.4696733577349574e-06,0.00047823414462159645,0.20033870967741935,0.5072220505441554,0.20238351821899414,1.6093134880065918,2.367018938064575,,,,,0.034234446936607245,350000,0.2109624456315518,363,,
363,0,,306949.0,306949.0,,,2.454240446743583e-06,0.0004712216964330704,0.1915483870967742,0.5181776427239878,0.2029910385608673,1.6091045141220093,2.362926959991455,,,,,0.034706646204698384,350000,0.2109624456315518,364,,
364,0,,306949.0,306949.0,,,2.438949832839149e-06,0.00046425155784419645,0.1915483870967742,0.5181776427239878,0.20213082432746887,1.6093320846557617,2.3579654693603516,,,,,0.034706646204698384,350000,0.2109624456315518,365,,
365,0,,306954.0,306954.0,,,2.422996441154679e-06,0.0004573240153700722,0.20851612903225805,0.4794071297134245,0.2071935534477234,1.6070873737335205,2.350817918777466,,,,,0.03482469602172117,350000,0.2109624456315518,366,,
366,0,,310202.0,310202.0,,,2.407188573478817e-06,0.00045043935377483567,0.2012741935483871,0.5240951407079272,0.20402151346206665,1.6087138652801514,2.3473386764526367,,,,,0.033408098217447765,350000,0.2109624456315518,367,,
367,0,,308144.0,308144.0,,,2.4180219397072196e-06,0.0004435978560599585,0.2012741935483871,0.5145181930546624,0.20213082432746887,1.6093368530273438,2.3553764820098877,,,,,0.03305394876637941,350000,0.2109624456315518,368,,
368,0,,305580.0,305580.0,,,2.386731928410753e-06,0.00043679980345261583,0.2081290322580645,0.5070968672422442,0.2020663172006607,1.6091972589492798,2.344223737716675,,,,,0.03329004840042498,350000,0.2109624456315518,369,,
369,1,286350,302785.0,286350.0,1.0573947965776147,114824,2.3508650409656976e-06,0.00043004547539412505,0.20811290322580644,0.5071134194776135,0.20471148192882538,1.6072601079940796,2.3245770931243896,0,1,0,1,0.024318262306693424,350000,0.2109624456315518,370,171526,0
370,0,,304907.0,304907.0,,,2.180928439674551e-06,0.00042333514952845765,0.19162903225806452,0.46052767320548016,0.20235125720500946,1.6092833280563354,2.2807953357696533,,,,,0.04131743595797426,350000,0.2109624456315518,371,,
371,0,,305907.0,305907.0,,,2.30630420490462e-06,0.00041666910169082654,0.19182258064516128,0.4586702108401678,0.20700716972351074,1.6052340269088745,2.313300609588623,,,,,0.04131743595797426,350000,0.2109624456315518,372,,
372,0,,315630.0,315630.0,,,2.2983421371917004e-06,0.0004100476058963496,0.20288709677419356,0.5206654804751649,0.21031899750232697,1.6062206029891968,2.3107614517211914,,,,,0.03553299492385787,350000,0.2109624456315518,373,,
373,0,,313356.0,313356.0,,,2.3591689914439288e-06,0.0004034709343287844,0.19035483870967743,0.5091672008471135,0.20213082432746887,1.6094001531600952,2.351864814758301,,,,,0.03411639711958447,350000,0.2109624456315518,374,,
374,0,,311308.0,311308.0,,,2.3292563561191762e-06,0.0003969393573293399,0.2461290322580645,0.5048999926857434,0.20307348668575287,1.6091643571853638,2.3329155445098877,,,,,0.03399834730256168,350000,0.2109624456315518,375,,
375,0,,307924.0,307924.0,,,2.300518169464279e-06,0.00039045314338556457,0.2012741935483871,0.4915441844660967,0.20213082432746887,1.6093339920043945,2.3215482234954834,,,,,0.032227600047219924,350000,0.2109624456315518,376,,
376,0,,306364.0,306364.0,,,2.2609851024424964e-06,0.0003840125591203082,0.2012741935483871,0.4782301108078606,0.20213082432746887,1.6093320846557617,2.303727388381958,,,,,0.03199150041317436,350000,0.2109624456315518,377,,
377,0,,310274.0,310274.0,,,2.234602995666489e-06,0.00037761786928076414,0.234,0.5361466922494514,0.2020215094089508,1.6093335151672363,2.30177640914917,,,,,0.03364419785149333,350000,0.2109624456315518,378,,
378,0,,308829.0,308829.0,,,2.2495305577867572e-06,0.0003712693367275855,0.23341935483870968,0.5251567488138678,0.20213082432746887,1.6093331575393677,2.3068621158599854,,,,,0.0338802974855389,350000,0.2109624456315518,379,,
379,1,304404,306776.0,304404.0,1.007792276054191,132878,2.2250874753692908e-06,0.0003649672224240804,0.20259677419354838,0.5,0.2022150605916977,1.609374761581421,2.292509078979492,0,1,0,1,0.03624129382599457,350000,0.2109624456315518,380,171526,0
380,0,,308298.0,308298.0,,,2.177952904647811e-06,0.00035871178542548295,0.20259677419354838,0.5,0.2016487568616867,1.609208345413208,2.2809276580810547,,,,,0.0410813363239287,350000,0.2109624456315518,381,,
381,0,,308313.0,308313.0,,,2.1918658489232104e-06,0.00035250328286830847,0.20259677419354838,0.5,0.2022957056760788,1.6092461347579956,2.2883973121643066,,,,,0.04143548577499705,350000,0.2109624456315518,382,,
382,0,,311791.0,311791.0,,,2.178117425126184e-06,0.00034634196995977966,0.20259677419354838,0.5,0.20163799822330475,1.6093406677246094,2.27912974357605,,,,,0.034706646204698384,350000,0.2109624456315518,383,,
383,0,,309748.0,309748.0,,,2.1899933886368154e-06,0.00034022809996733794,0.20259677419354838,0.5,0.2022096812725067,1.6093130111694336,2.288053512573242,,,,,0.034706646204698384,350000,0.2109624456315518,384,,
384,0,,309743.0,309743.0,,,2.162393678306008e-06,0.00033416192420823287,0.20259677419354838,0.5,0.20226523280143738,1.6092725992202759,2.2823822498321533,,,,,0.0345885963876756,350000,0.2109624456315518,385,,
385,0,,310839.0,310839.0,,,2.1491880906750614e-06,0.00032814369203918933,0.20259677419354838,0.5,0.2023225873708725,1.609272837638855,2.27756404876709,,,,,0.03494274583874395,350000,0.2109624456315518,386,,
386,0,,306728.0,306728.0,,,2.144034656253843e-06,0.00032217365084616064,0.20259677419354838,0.5,0.20193369686603546,1.609331727027893,2.267336845397949,,,,,0.03435249675363003,350000,0.2109624456315518,387,,
387,0,,308288.0,308288.0,,,2.1017641969862823e-06,0.00031625204603415684,0.20259677419354838,0.5,0.20179390907287598,1.6093271970748901,2.261901617050171,,,,,0.0345885963876756,350000,0.2109624456315518,388,,
388,0,,307776.0,307776.0,,,2.0990926885736705e-06,0.0003103791210171591,0.2035483870967742,0.5007359797082679,0.20209141075611115,1.6093286275863647,2.258695125579834,,,,,0.0345885963876756,350000,0.2109624456315518,389,,
389,1,312066,314064.0,312066.0,1.006402491780585,140540,2.082179095764169e-06,0.0003045551172081112,0.20259677419354838,0.5,0.20216487348079681,1.60931396484375,2.256186008453369,0,1,0,1,0.03907448943454138,350000,0.2109624456315518,390,171526,0
390,0,,306501.0,306501.0,,,2.099126956376887e-06,0.00029878027400899926,0.20259677419354838,0.5,0.2017294019460678,1.6093312501907349,2.25769305229187,,,,,0.03883838980049581,350000,0.2109624456315518,391,,
391,0,,313919.0,313919.0,,,2.0480584166375188e-06,0.0002930548288010085,0.20259677419354838,0.5,0.20223656296730042,1.609623670578003,2.2546191215515137,,,,,0.040727186872860345,350000,0.2109624456315518,392,,
392,0,,312469.0,312469.0,,,2.086246034411343e-06,0.00028737901693476646,0.20259677419354838,0.5,0.20188531279563904,1.6093320846557617,2.2623131275177,,,,,0.0345885963876756,350000,0.2109624456315518,393,,
393,0,,306335.0,306335.0,,,2.0648656712771873e-06,0.0002817530717206684,0.22841935483870968,0.5210986654108991,0.2025286853313446,1.609301209449768,2.2492785453796387,,,,,0.034470546570652814,350000,0.2109624456315518,394,,
394,0,,310407.0,310407.0,,,2.0108881500544876e-06,0.00027617722441928655,0.20259677419354838,0.5,0.20280645787715912,1.6092268228530884,2.2366089820861816,,,,,0.0345885963876756,350000,0.2109624456315518,395,,
395,0,,310383.0,310383.0,,,2.0254241079685902e-06,0.0002706517042318645,0.20259677419354838,0.5,0.20213082432746887,1.6093324422836304,2.238027334213257,,,,,0.034470546570652814,350000,0.2109624456315518,396,,
396,0,,298024.0,298024.0,,,2.013139587038708e-06,0.0002651767382908954,0.20724193548387096,0.5076897132710158,0.20306093990802765,1.6086922883987427,2.224865674972534,,,,,0.03364419785149333,350000,0.2109624456315518,397,,
397,0,,297813.0,297813.0,,,1.9175043670677132e-06,0.0002597525516507851,0.20746774193548387,0.509067297543077,0.2067526876926422,1.6069667339324951,2.1780736446380615,,,,,0.032699799315311064,350000,0.2109624456315518,398,,
398,0,,295578.0,295578.0,,,1.9007392990060245e-06,0.00025437936727860065,0.20525806451612902,0.5075441725928306,0.20555555820465088,1.608107328414917,2.1733906269073486,,,,,0.03175540077912879,350000,0.2109624456315518,399,,
399,1,278431,283237.0,278431.0,1.0172610090112093,106905,1.870601214410074e-06,0.0002490574060449067,0.20270967741935483,0.500331060090464,0.2059587836265564,1.6079002618789673,2.1362526416778564,0,1,0,1,0.01829772163853146,350000,0.2109624456315518,400,171526,0
400,0,,280016.0,280016.0,,,1.7420442005782347e-06,0.000243786886714685,0.26979032258064517,0.570141719379509,0.21826882660388947,1.6046011447906494,2.092148780822754,,,,,0.019124070357690946,350000,0.2109624456315518,401,,
401,0,,278480.0,278480.0,,,1.7325276345415298e-06,0.00023856802593834174,0.2395483870967742,0.5323445357223519,0.228987455368042,1.6014362573623657,2.0859735012054443,,,,,0.01900602054066816,350000,0.2109624456315518,402,,
402,0,,280547.0,280547.0,,,1.703443100761698e-06,0.00023340103824280307,0.21754838709677418,0.5226515950441177,0.22588351368904114,1.6024115085601807,2.076925277709961,,,,,0.012867430055483414,350000,0.2109624456315518,403,,
403,0,,282069.0,282069.0,,,1.697212139973643e-06,0.00022828613602269472,0.21995161290322582,0.5285777615325418,0.22607706487178802,1.6014405488967896,2.079972743988037,,,,,0.013103529689528982,350000,0.2109624456315518,404,,
404,0,,283677.0,283677.0,,,1.6881079889644586e-06,0.00022322352953161345,0.21795161290322582,0.5213709183110171,0.22470252215862274,1.601509928703308,2.079556465148926,,,,,0.013575728957620116,350000,0.2109624456315518,405,,
405,0,,283672.0,283672.0,,,1.6799903836336344e-06,0.00021821342687348353,0.21679032258064515,0.5199295439538104,0.2220519781112671,1.604057788848877,2.0806329250335693,,,,,0.013457679140597333,350000,0.2109624456315518,406,,
406,0,,285710.0,285710.0,,,1.6624039507080608e-06,0.00021325603399400178,0.21679032258064515,0.5214474745594582,0.22379033267498016,1.602735161781311,2.075547456741333,,,,,0.013339629323574548,350000,0.2109624456315518,407,,
407,0,,285715.0,285715.0,,,1.6574422401497255e-06,0.00020835155467217281,0.21795161290322582,0.5230301623948875,0.22080108523368835,1.6015185117721558,2.0750739574432373,,,,,0.013457679140597333,350000,0.2109624456315518,408,,
408,0,,284174.0,284174.0,,,1.6407380610219923e-06,0.00020350019051193206,0.23579032258064517,0.5233441011682993,0.22145341336727142,1.6015160083770752,2.0679638385772705,,,,,0.013221579506551765,350000,0.2109624456315518,409,,
409,1,284164,284184.0,284164.0,1.0000703818921468,112638,1.6149770927835194e-06,0.00019870214093385834,0.21679032258064515,0.5199141865405514,0.22333692014217377,1.604026436805725,2.062974214553833,1,1,1,0,0.019714319442804863,350000,0.2109624456315518,410,171526,0
410,0,,285725.0,285725.0,,,1.5981816293461006e-06,0.00019395760316697757,0.2552258064516129,0.5733409762746617,0.25307705998420715,1.6026368141174316,2.0577471256256104,,,,,0.020422618344941565,350000,0.2109624456315518,411,,
411,0,,285730.0,285730.0,,,1.590740462589387e-06,0.00018926677224065424,0.25979032258064516,0.5458118605938911,0.26020070910453796,1.597407341003418,2.051927328109741,,,,,0.02054066816196435,350000,0.2109624456315518,412,,
412,0,,285740.0,285740.0,,,1.574712655191024e-06,0.00018462984097657455,0.25967741935483873,0.5758879145332532,0.26060932874679565,1.5967072248458862,2.046657085418701,,,,,0.014520127493802385,350000,0.2109624456315518,413,,
413,0,,280524.0,280524.0,,,1.5588763441970107e-06,0.00018004699998082135,0.27233870967741935,0.5994848777491315,0.26359856128692627,1.5889906883239746,2.0290915966033936,,,,,0.013457679140597333,350000,0.2109624456315518,414,,
414,0,,284074.0,284074.0,,,1.5135812814370018e-06,0.00017551843763603843,0.2605483870967742,0.5584598614887676,0.26531362533569336,1.5841234922409058,2.012214183807373,,,,,0.013339629323574548,350000,0.2109624456315518,415,,
415,0,,280480.0,280480.0,,,1.5168246713497336e-06,0.00017104434009368634,0.25979032258064516,0.5781800464926763,0.26056453585624695,1.5851823091506958,2.015206813812256,,,,,0.012867430055483414,350000,0.2109624456315518,416,,
416,0,,282538.0,282538.0,,,1.4811446998819118e-06,0.00016662489126639167,0.28788709677419355,0.6166730620244538,0.2627491056919098,1.5816044807434082,1.9973064661026,,,,,0.013221579506551765,350000,0.2109624456315518,417,,
417,0,,280490.0,280490.0,,,1.476124191683219e-06,0.00016226027282038527,0.308258064516129,0.6225269548161688,0.2999534010887146,1.554215908050537,1.9693880081176758,,,,,0.013103529689528982,350000,0.2109624456315518,418,,
418,0,,280485.0,280485.0,,,1.4492919519851423e-06,0.00015795066416803683,0.30774193548387097,0.6224931947580579,0.2980627417564392,1.5537980794906616,1.960308313369751,,,,,0.012985479872506197,350000,0.2109624456315518,419,,
419,1,280475,280485.0,280475.0,1.0000356538015867,108949,1.4333102894072175e-06,0.00015369624246047814,0.3134677419354839,0.6176442850620563,0.2995358407497406,1.551875352859497,1.95389723777771,1,1,1,0,0.01900602054066816,350000,0.2109624456315518,420,171526,0
420,0,,280480.0,280480.0,,,1.4174770635557217e-06,0.00014949718258032264,0.30851612903225806,0.6224931947580579,0.2996577024459839,1.5519908666610718,1.9495643377304077,,,,,0.019124070357690946,350000,0.2109624456315518,421,,
421,0,,280509.0,280509.0,,,1.4018949619446672e-06,0.0001453536571344749,0.3004032258064516,0.6155393758248092,0.2962311804294586,1.5543711185455322,1.9476056098937988,,,,,0.019360169991736512,350000,0.2109624456315518,422,,
422,0,,280504.0,280504.0,,,1.3866099554615557e-06,0.00014126583644703738,0.30482258064516127,0.6225965506180289,0.29656991362571716,1.553421139717102,1.942374348640442,,,,,0.012985479872506197,350000,0.2109624456315518,423,,
423,0,,280504.0,280504.0,,,1.3713241472613123e-06,0.0001372338885523074,0.3004032258064516,0.6155393758248092,0.297102153301239,1.5533442497253418,1.9380052089691162,,,,,0.012985479872506197,350000,0.2109624456315518,424,,
424,0,,282552.0,282552.0,,,1.3562310222923245e-06,0.00013325797918787083,0.30851612903225806,0.6224931947580579,0.2970304787158966,1.5531095266342163,1.9336345195770264,,,,,0.013103529689528982,350000,0.2109624456315518,425,,
425,0,,282576.0,282576.0,,,1.3515885944394509e-06,0.00012933827178778932,0.30851612903225806,0.6224931947580579,0.2913871109485626,1.55680513381958,1.9387133121490479,,,,,0.013221579506551765,350000,0.2109624456315518,426,,
426,0,,284184.0,284184.0,,,1.337318237148173e-06,0.00012547492747588118,0.2938709677419355,0.6097245147911758,0.29190680384635925,1.5574933290481567,1.9359889030456543,,,,,0.013693778774642899,350000,0.2109624456315518,427,,
427,0,,334024.0,334024.0,,,1.3309927680101969e-06,0.00012166810505909986,0.2516451612903226,0.5477446030089923,0.29000359773635864,1.5576977729797363,1.9682872295379639,,,,,0.038720339983473025,350000,0.2109624456315518,428,,
428,0,,334217.0,334217.0,,,1.5607711428950486e-06,0.00011791796102100429,0.232,0.5304073568639214,0.29109498858451843,1.5482772588729858,2.0696322917938232,,,,,0.04013693778774643,350000,0.2109624456315518,429,,
429,1,332527,334361.0,332527.0,1.0055153416113578,161001,1.55807412576289e-06,0.00011422464951532792,0.31283870967741934,0.6391034469318873,0.299440860748291,1.5428667068481445,2.06378173828125,1,1,1,0,0.045449179553771694,350000,0.2109624456315518,430,171526,0
430,0,,332557.0,332557.0,,,1.5462312155965816e-06,0.00011058832235964055,0.3154516129032258,0.6384564747802655,0.3060304820537567,1.534877061843872,2.049067974090576,,,,,0.046157478455908396,350000,0.2109624456315518,431,,
431,0,,332601.0,332601.0,,,1.5424230923047887e-06,0.00010700912902910938,0.29704838709677417,0.6309550411476652,0.3045197129249573,1.5365062952041626,2.0494675636291504,,,,,0.04674772754102231,350000,0.2109624456315518,432,,
432,0,,332654.0,332654.0,,,1.538699280949504e-06,0.00010348721665035317,0.2846451612903226,0.6220781080282807,0.29747849702835083,1.54338538646698,2.055208444595337,,,,,0.04084523668988313,350000,0.2109624456315518,433,,
433,0,,334288.0,334288.0,,,1.5350381927225534e-06,0.0001000227299953959,0.28508064516129034,0.6228270283627143,0.2844964265823364,1.5608729124069214,2.0729987621307373,,,,,0.04237988431117932,350000,0.2109624456315518,434,,
434,0,,334295.0,334295.0,,,1.5390398303878262e-06,9.661581147571405e-05,0.2846451612903226,0.6224502091397575,0.2822401523590088,1.575707197189331,2.0901753902435303,,,,,0.04344233266438437,350000,0.2109624456315518,435,,
435,0,,334266.0,334266.0,,,1.5355432222242533e-06,9.326660113638421e-05,0.2677741935483871,0.5457021544651554,0.27946415543556213,1.5678222179412842,2.0811290740966797,,,,,0.04308818321331602,350000,0.2109624456315518,436,,
436,0,,334241.0,334241.0,,,1.531882930200314e-06,8.99752366503256e-05,0.285758064516129,0.6182564871762524,0.2783351242542267,1.5804893970489502,2.0925257205963135,,,,,0.04261598394522489,350000,0.2109624456315518,437,,
437,0,,334188.0,334188.0,,,1.5282439257992508e-06,8.674185331264037e-05,0.27858064516129033,0.6121404397719821,0.2770107686519623,1.59027099609375,2.1010403633117676,,,,,0.04237988431117932,350000,0.2109624456315518,438,,
438,0,,340042.0,340042.0,,,1.5244737403907247e-06,8.356658403505401e-05,0.24138709677419354,0.5825575675539156,0.27514517307281494,1.8112033605575562,2.3282206058502197,,,,,0.04438673120056664,350000,0.2109624456315518,439,,
439,1,338217,340120.0,338217.0,1.0056265651933523,166691,1.5489410315661113e-06,8.044955934044905e-05,0.28701612903225804,0.6341962226055877,0.2779211401939392,1.7746353149414062,2.301419258117676,1,1,1,0,0.04662967772399953,350000,0.2109624456315518,440,171526,0
440,0,,336371.0,336371.0,,,1.5379921718767276e-06,7.739090735750237e-05,0.28633870967741937,0.6356962606170571,0.27943190932273865,1.7633832693099976,2.281203031539917,,,,,0.04993507260063747,350000,0.2109624456315518,441,,
441,0,,336407.0,336407.0,,,1.5265631104645441e-06,7.439075381541727e-05,0.28574193548387095,0.6309836725240159,0.27715593576431274,1.7886145114898682,2.3021318912506104,,,,,0.05135167040491087,350000,0.2109624456315518,442,,
442,0,,333340.0,333340.0,,,1.5237056927763396e-06,7.144922203875487e-05,0.24116129032258066,0.6021126100164735,0.27834945917129517,1.7664647102355957,2.277690887451172,,,,,0.04485893046865777,350000,0.2109624456315518,443,,
443,0,,333403.0,333403.0,,,1.5061369614360869e-06,6.856643294236564e-05,0.28851612903225804,0.599560018228593,0.28062188625335693,1.766664981842041,2.268768310546875,,,,,0.045449179553771694,350000,0.2109624456315518,444,,
444,0,,334900.0,334900.0,,,1.50276686878845e-06,6.574250502641776e-05,0.2412258064516129,0.6176323526053422,0.27980107069015503,1.8422688245773315,2.343906879425049,,,,,0.04509503010270334,350000,0.2109624456315518,445,,
445,0,,334890.0,334890.0,,,1.506189483835264e-06,6.297755437152746e-05,0.2408225806451613,0.6224208377421585,0.27651792764663696,1.8309075832366943,2.335355758666992,,,,,0.04485893046865777,350000,0.2109624456315518,446,,
446,0,,334880.0,334880.0,,,1.502824787658614e-06,6.027169463398656e-05,0.284258064516129,0.6298359530667476,0.278976708650589,1.852599859237671,2.35587477684021,,,,,0.04462283083461221,350000,0.2109624456315518,447,,
447,0,,336488.0,336488.0,,,1.4994653678050672e-06,5.762503704109115e-05,0.24096774193548387,0.5925096871982011,0.27826523780822754,1.7870491743087769,2.291307210922241,,,,,0.044976980285680555,350000,0.2109624456315518,448,,
448,0,,336488.0,336488.0,,,1.503702376954085e-06,5.503769038656806e-05,0.2844516129032258,0.6338103244740028,0.2769641578197479,1.772387146949768,2.2783665657043457,,,,,0.04509503010270334,350000,0.2109624456315518,449,,
449,1,338248,338478.0,338248.0,1.0006799744566117,166722,1.5007452002629954e-06,5.250976102610447e-05,0.2842258064516129,0.6350300093130524,0.2800394296646118,1.8338640928268433,2.339777946472168,1,1,1,0,0.04792822571125015,350000,0.2109624456315518,450,171526,0
450,0,,338391.0,338391.0,,,1.5060208319585903e-06,5.004135287297534e-05,0.26969354838709675,0.6075512363381801,0.2785179316997528,1.8349955081939697,2.344550848007202,,,,,0.050407271868728606,350000,0.2109624456315518,451,,
451,0,,338426.0,338426.0,,,1.5041186065676453e-06,4.7632567393771744e-05,0.2847096774193548,0.6182288736453112,0.27588531374931335,1.8495776653289795,2.358585834503174,,,,,0.051233620587888086,350000,0.2109624456315518,452,,
452,0,,340570.0,340570.0,,,1.5017470398142505e-06,4.5283503604229987e-05,0.2817903225806452,0.6161170398961506,0.2724838852882385,1.8244763612747192,2.334444284439087,,,,,0.04556722937079447,350000,0.2109624456315518,453,,
453,0,,340584.0,340584.0,,,1.509198518780324e-06,4.299425806516198e-05,0.2822258064516129,0.6203475491335297,0.2839014530181885,1.8142082691192627,2.328209400177002,,,,,0.045449179553771694,350000,0.2109624456315518,454,,
454,0,,338831.0,338831.0,,,1.5072039810530216e-06,4.0764924878485285e-05,0.2825,0.6183982590412003,0.2838189899921417,1.8684701919555664,2.381631851196289,,,,,0.04379648211545272,350000,0.2109624456315518,455,,
455,0,,336797.0,336797.0,,,1.497016830466137e-06,3.859559568335548e-05,0.28341935483870967,0.6439442701070697,0.28676167130470276,1.8292046785354614,2.336120128631592,,,,,0.04344233266438437,350000,0.2109624456315518,456,,
456,0,,336783.0,336783.0,,,1.485172053012831e-06,3.6486359652399445e-05,0.28508064516129034,0.6334737920741957,0.28906452655792236,1.897240161895752,2.39742112159729,,,,,0.04356038248140715,350000,0.2109624456315518,457,,
457,0,,336869.0,336869.0,,,1.4822546486398468e-06,3.443730348804885e-05,0.3031774193548387,0.6506526947309594,0.2883189916610718,1.8675072193145752,2.3667831420898438,,,,,0.04379648211545272,350000,0.2109624456315518,458,,
458,0,,336893.0,336893.0,,,1.4798011391774466e-06,3.2448511418976834e-05,0.2847903225806452,0.6255895412972302,0.2889462411403656,1.8536332845687866,2.3521666526794434,,,,,0.043914531932475506,350000,0.2109624456315518,459,,
459,1,336657,338443.0,336657.0,1.005305102819784,165131,1.4770850221913472e-06,3.0520065196635965e-05,0.2991774193548387,0.6420199541342528,0.2881702482700348,1.9341846704483032,2.43393611907959,1,1,1,0,0.04639357808995396,350000,0.2109624456315518,460,171526,0
460,0,,336722.0,336722.0,,,1.4731844850025336e-06,2.8652044091897372e-05,0.3173064516129032,0.640384269604602,0.29843729734420776,1.9273269176483154,2.423335313796997,,,,,0.04792822571125015,350000,0.2109624456315518,461,,
461,0,,336751.0,336751.0,,,1.4706223164564114e-06,2.684452489179225e-05,0.2975322580645161,0.6373516489387139,0.30300000309944153,1.9273425340652466,2.4225525856018066,,,,,0.048164325345295717,350000,0.2109624456315518,462,,
462,0,,336771.0,336771.0,,,1.467913945147414e-06,2.5097581896354815e-05,0.31767741935483873,0.6421974577591213,0.3013136386871338,1.9210914373397827,2.4154269695281982,,,,,0.04237988431117932,350000,0.2109624456315518,463,,
463,0,,336776.0,336776.0,,,1.4651757458115734e-06,2.341128691556972e-05,0.3171451612903226,0.639587100661287,0.2985519766807556,1.9145073890686035,2.407940149307251,,,,,0.0424979341282021,350000,0.2109624456315518,464,,
464,0,,336820.0,336820.0,,,1.4623786003651231e-06,2.1785709266418765e-05,0.29835483870967744,0.6453902002659554,0.29952511191368103,1.8607752323150635,2.353299140930176,,,,,0.04308818321331602,350000,0.2109624456315518,465,,
465,0,,336885.0,336885.0,,,1.4597653533414786e-06,2.0220915770031963e-05,0.29812903225806453,0.629921937770626,0.2991863787174225,1.8842469453811646,2.3759496212005615,,,,,0.04462283083461221,350000,0.2109624456315518,466,,
466,0,,336891.0,336891.0,,,1.4572616497896218e-06,1.8716970748941455e-05,0.3173548387096774,0.6418844533183613,0.30173835158348083,1.8510878086090088,2.342010259628296,,,,,0.045213079919726125,350000,0.2109624456315518,467,,
467,0,,336891.0,336891.0,,,1.4545087524340542e-06,1.7273936024436205e-05,0.2983064516129032,0.6427655007453308,0.301474928855896,1.830513596534729,2.3205277919769287,,,,,0.045213079919726125,350000,0.2109624456315518,468,,
468,0,,336842.0,336842.0,,,1.4517351998066791e-06,1.5891870914021877e-05,0.3123225806451613,0.6419413431391557,0.3008781373500824,1.8830753564834595,2.372119665145874,,,,,0.04450478101758942,350000,0.2109624456315518,469,,
469,1,336561,336832.0,336561.0,1.0008052032172474,165035,1.448745650517594e-06,1.4570832228981917e-05,0.2974838709677419,0.642966052282369,0.30075448751449585,1.8977774381637573,2.385762929916382,1,1,1,0,0.04568527918781726,350000,0.2109624456315518,470,171526,0
470,0,,336804.0,336804.0,,,1.4447060266069067e-06,1.3310874272042545e-05,0.3173225806451613,0.6405198469244107,0.30199283361434937,1.8870949745178223,2.373460292816162,,,,,0.0482823751623185,350000,0.2109624456315518,471,,
471,0,,336920.0,336920.0,,,1.442973633401347e-06,1.2112048835140283e-05,0.25256451612903225,0.5963968034157944,0.3032437264919281,1.7975573539733887,2.283689022064209,,,,,0.049226773698500766,350000,0.2109624456315518,472,,
472,0,,336960.0,336960.0,,,1.440724309973979e-06,1.0974405197293704e-05,0.3120483870967742,0.64282867286399,0.3013458847999573,1.835184097290039,2.3206069469451904,,,,,0.043914531932475506,350000,0.2109624456315518,473,,
473,0,,336986.0,336986.0,,,1.4381624889283476e-06,9.897990122576725e-06,0.298,0.6399484974745759,0.30091041326522827,1.822827935218811,2.307424306869507,,,,,0.044976980285680555,350000,0.2109624456315518,474,,
474,0,,336971.0,336971.0,,,1.4355511017315305e-06,8.88284785819712e-06,0.29762903225806453,0.6405100701264717,0.30215054750442505,1.815145492553711,2.298902750015259,,,,,0.04462283083461221,350000,0.2109624456315518,475,,
475,0,,336941.0,336941.0,,,1.4327669305726266e-06,7.929020132677253e-06,0.2971451612903226,0.6401352289243596,0.30258601903915405,1.851431131362915,2.3342199325561523,,,,,0.043914531932475506,350000,0.2109624456315518,476,,
476,0,,336926.0,336926.0,,,1.4299181332226982e-06,7.0365461541390165e-06,0.2972741935483871,0.6389677968881905,0.30061110854148865,1.9031803607940674,2.384963035583496,,,,,0.04356038248140715,350000,0.2109624456315518,477,,
477,0,,336921.0,336921.0,,,1.4271353485671194e-06,6.205462608692161e-06,0.2969032258064516,0.637276599735726,0.3007742166519165,1.941165566444397,2.4220073223114014,,,,,0.04344233266438437,350000,0.2109624456315518,478,,
478,0,,336955.0,336955.0,,,1.4243991967706328e-06,5.4358036589261704e-06,0.2673225806451613,0.587521198122516,0.3013978600502014,1.8984843492507935,2.3784050941467285,,,,,0.04379648211545272,350000,0.2109624456315518,479,,
479,1,336831,336975.0,336831.0,1.0004275140946053,165305,1.421840030721637e-06,4.72760094250569e-06,0.29593548387096774,0.6430835660904766,0.3013225793838501,1.8784685134887695,2.3575685024261475,1,1,1,0,0.0475740762601818,350000,0.2109624456315518,480,171526,0
480,0,,336895.0,336895.0,,,1.4185938975076722e-06,4.080883570870665e-06,0.31209677419354837,0.6420805793624338,0.3008279800415039,1.9031517505645752,2.3810412883758545,,,,,0.04863652461338685,350000,0.2109624456315518,481,,
481,0,,336970.0,336970.0,,,1.4161586981438696e-06,3.495678128039364e-06,0.3115806451612903,0.6370500029427107,0.30055734515190125,1.9206786155700684,2.397841215133667,,,,,0.050407271868728606,350000,0.2109624456315518,482,,
482,0,,336975.0,336975.0,,,1.413789514264654e-06,2.972008669515117e-06,0.2971774193548387,0.6397015885758213,0.3009175658226013,1.891819953918457,2.3682284355163574,,,,,0.044268681383543854,350000,0.2109624456315518,483,,
483,0,,336975.0,336975.0,,,1.4111321359181288e-06,2.509896721298773e-06,0.3121935483870968,0.6417322090544018,0.3008691966533661,1.9286975860595703,2.4042201042175293,,,,,0.044268681383543854,350000,0.2109624456315518,484,,
484,0,,336936.0,336936.0,,,1.4084588535406714e-06,2.1093612790020332e-06,0.2723225806451613,0.5672748456118419,0.30071327090263367,1.944760799407959,2.419325828552246,,,,,0.04379648211545272,350000,0.2109624456315518,485,,
485,0,,336936.0,336936.0,,,1.4056198009803032e-06,1.7704188070685035e-06,0.2975967741935484,0.644322764586384,0.3010071814060211,1.9313194751739502,2.4049179553985596,,,,,0.04379648211545272,350000,0.2109624456315518,486,,
486,0,,336936.0,336936.0,,,1.4029488422527952e-06,1.4930832380956287e-06,0.2979032258064516,0.6428570513362347,0.30179572105407715,1.9430280923843384,2.415727138519287,,,,,0.04379648211545272,350000,0.2109624456315518,487,,
487,0,,336931.0,336931.0,,,1.4002829588810265e-06,1.2773659722621758e-06,0.29711290322580647,0.6420108952898944,0.30019715428352356,1.9411115646362305,2.412912368774414,,,,,0.04367843229842994,350000,0.2109624456315518,488,,
488,0,,336931.0,336931.0,,,1.3976003640479345e-06,1.123275876860264e-06,0.31198387096774194,0.6435305332193962,0.3000734746456146,1.9382174015045166,2.4091086387634277,,,,,0.04367843229842994,350000,0.2109624456315518,489,,
489,1,336796,336911.0,336796.0,1.0003414529863774,165270,1.3949436088251202e-06,1.0308192859301122e-06,0.31411290322580643,0.606730864242804,0.30142295360565186,1.9340050220489502,2.4039783477783203,1,1,1,0,0.04674772754102231,350000,0.2109624456315518,490,171526,0
490,0,,336886.0,336886.0,,,1.3917061596732262e-06,1e-06,0.2553548387096774,0.5709061579655424,0.29911649227142334,1.933321475982666,2.4021074771881104,,,,,0.04887262424743242,350000,0.2109624456315518,491,,
491,0,,336906.0,336906.0,,,1.3894225203105002e-06,1e-06,0.2973064516129032,0.6429506742800365,0.3001827895641327,1.9409968852996826,2.4090895652770996,,,,,0.04934482351552355,350000,0.2109624456315518,492,,
492,0,,336901.0,336901.0,,,1.3868584947065468e-06,1e-06,0.29820967741935483,0.6402835328794843,0.3004336953163147,1.9269483089447021,2.3941855430603027,,,,,0.042970133396293235,350000,0.2109624456315518,493,,
493,0,,336916.0,336916.0,,,1.3841954533308203e-06,1e-06,0.3173548387096774,0.6408729025338833,0.3009498417377472,1.9221100807189941,2.388467311859131,,,,,0.04332428284736159,350000,0.2109624456315518,494,,
494,0,,336926.0,336926.0,,,1.3816226165420705e-06,1e-06,0.3139516129032258,0.5971016641394439,0.3008369207382202,1.9246875047683716,2.390188217163086,,,,,0.04356038248140715,350000,0.2109624456315518,495,,
495,0,,336921.0,336921.0,,,1.37903614079796e-06,1e-06,0.312,0.6407614007938947,0.301790326833725,1.9224915504455566,2.3871195316314697,,,,,0.04344233266438437,350000,0.2109624456315518,496,,
496,0,,336941.0,336941.0,,,1.376392206417207e-06,1e-06,0.3118870967741936,0.6390838652975452,0.2993638217449188,1.954249382019043,2.4179999828338623,,,,,0.043914531932475506,350000,0.2109624456315518,497,,
497,0,,336966.0,336966.0,,,1.373859354230039e-06,1e-06,0.2534516129032258,0.5958055297342784,0.30054301023483276,1.914470911026001,2.37739634513855,,,,,0.04450478101758942,350000,0.2109624456315518,498,,
498,0,,336956.0,336956.0,,,1.3713565940351576e-06,1e-06,0.2979193548387097,0.6430246488268505,0.29912546277046204,1.9413344860076904,2.4034295082092285,,,,,0.044268681383543854,350000,0.2109624456315518,499,,
499,1,336841,336951.0,336841.0,1.0003265635715368,165315,1.3687141845171684e-06,1e-06,0.31212903225806454,0.6450565665549391,0.2999534010887146,1.9443573951721191,2.405553102493286,1,1,1,0,0.04781017589422736,350000,0.2109624456315518,500,171526,0
