epoch,ebops_traced,ebops,ebops_in_training,pid_ebops,ebops_in_training_over_traced,ebops_above_floor,beta,learning_rate,val_categorical_accuracy,val_macro_auc,train_categorical_accuracy,task_loss,loss,budget_met,ebops_budget_met,nondegenerate,feasible_degenerate,activation_bits_mean,target_ebops,val_accuracy_threshold,line,softmax_ebops,attn_nonsoftmax_ebops
0,1,10438573,11717531.0,10438573.0,1.1225223026174171,10352810,1e-07,0.003,0.5871774193548387,0.847379179265646,0.4400448203086853,1.311755895614624,2.6067750453948975,0,0,1,0,7.943085714285714,350000,0.2109624456315518,1,574465,9248768
1,0,,11928915.0,11928915.0,,,9.999999999647955e-08,0.00299996918071407,0.6043709677419354,0.8620129972214119,0.6060161590576172,1.0288938283920288,2.170861005783081,,,,,7.966171428571428,350000,0.2109624456315518,2,,
2,0,,9800794.0,9800794.0,,,1.363284372189618e-07,0.0029998767241231398,0.6381129032258065,0.8798455934391043,0.6241881847381592,0.9917280673980713,2.466435670852661,,,,,7.885485714285714,350000,0.2109624456315518,3,,
3,0,,8982670.0,8982670.0,,,1.3231419353161388e-07,0.002999722634027738,0.5412741935483871,0.7562720319465324,0.6363548636436462,0.9762876629829407,2.260319232940674,,,,,7.3744,350000,0.2109624456315518,4,,
4,0,,7605897.0,7605897.0,,,1.4263216955775882e-07,0.0029995069167619045,0.37309677419354836,0.5443502419131627,0.6350054144859314,0.9874341487884521,2.1069016456604004,,,,,6.9696,350000,0.2109624456315518,5,,
5,0,,6302221.0,6302221.0,,,1.4086937986267806e-07,0.0029992295811929314,0.44059677419354837,0.6329157562766793,0.6346702575683594,0.9908918142318726,2.0106618404388428,,,,,6.209371428571429,350000,0.2109624456315518,6,,
6,0,,6014597.0,6014597.0,,,1.3487487979132095e-07,0.002998890638720998,0.5123225806451613,0.7542756448041172,0.6363190412521362,0.9825513362884521,1.8119919300079346,,,,,6.102857142857143,350000,0.2109624456315518,7,,
7,0,,4872106.0,4872106.0,,,1.4838872384947004e-07,0.0029984901032787015,0.5398709677419354,0.731051133812129,0.6496702432632446,0.9521239995956421,1.7786825895309448,,,,,5.355428571428572,350000,0.2109624456315518,8,,
8,0,,4566160.0,4566160.0,,,1.3711770296766818e-07,0.002998027991330485,0.45248387096774195,0.6177734952158234,0.6533118486404419,0.9380690455436707,1.5772629976272583,,,,,5.236571428571429,350000,0.2109624456315518,9,,
9,1,3345907,3823840.0,3345907.0,1.1428410891277014,3260144,1.4611744853799017e-07,0.0029975043218719607,0.6458387096774194,0.8879932179676718,0.6441272497177124,0.9620296955108643,1.5728498697280884,0,0,1,0,3.6516571428571427,350000,0.2109624456315518,10,196420,2735510
10,0,,3456464.0,3456464.0,,,1.1986354319013635e-07,0.0029969191164291296,0.6489677419354839,0.8853341653317471,0.6449103951454163,0.9499433636665344,1.3619117736816406,,,,,3.5913142857142857,350000,0.2109624456315518,11,,
11,0,,3093852.0,3093852.0,,,1.3884603541550886e-07,0.0029962723990574944,0.6410967741935484,0.8841510426721932,0.6431183218955994,0.9500613808631897,1.4013898372650146,,,,,3.0388571428571427,350000,0.2109624456315518,12,,
12,0,,2672610.0,2672610.0,,,1.3858701946144233e-07,0.002995564196341074,0.6423064516129032,0.8796320626144087,0.633041262626648,0.9695769548416138,1.3675084114074707,,,,,1.9702857142857142,350000,0.2109624456315518,13,,
13,0,,2631324.0,2631324.0,,,1.325262735365849e-07,0.002994794537391308,0.6373225806451613,0.8837788314099866,0.6311398148536682,0.9790254235267639,1.3244214057922363,,,,,1.626742857142857,350000,0.2109624456315518,14,,
14,0,,2446991.0,2446991.0,,,1.4432648619487333e-07,0.002993963453845861,0.6380806451612904,0.8818038468786756,0.6330931782722473,0.9750123620033264,1.340579628944397,,,,,1.5526857142857142,350000,0.2109624456315518,15,,
15,0,,2416226.0,2416226.0,,,1.4792183981569963e-07,0.0029930709798673227,0.6075806451612903,0.876943619216922,0.6211594939231873,0.9965421557426453,1.3566055297851562,,,,,1.4134857142857142,350000,0.2109624456315518,16,,
16,0,,2282782.0,2282782.0,,,1.6087588777843202e-07,0.002992117152141803,0.6222258064516129,0.8762401356558598,0.6185950040817261,0.9981563687324524,1.3681490421295166,,,,,1.3261714285714286,350000,0.2109624456315518,17,,
17,0,,2150372.0,2150372.0,,,1.669312565330093e-07,0.0029911020098774234,0.6199677419354839,0.8728371815678729,0.6180716753005981,1.0031814575195312,1.3710997104644775,,,,,1.2406857142857144,350000,0.2109624456315518,18,,
18,0,,1894058.0,1894058.0,,,1.7219046429802147e-07,0.0029900255948027065,0.6168225806451613,0.8715344299769594,0.6134839057922363,1.0081291198730469,1.3550388813018799,,,,,1.154057142857143,350000,0.2109624456315518,19,,
19,1,1927248,1777166.0,1927248.0,0.9221262650162304,1841485,1.6502701185271397e-07,0.00298888795116486,0.6141935483870967,0.8686911290402011,0.6001344323158264,1.0353057384490967,1.342637300491333,0,0,1,0,2.125257142857143,350000,0.2109624456315518,20,98100,1405700
20,0,,1863820.0,1863820.0,,,1.8287015951070953e-07,0.0029876891257279575,0.6066290322580645,0.86440996117277,0.5947741866111755,1.0415079593658447,1.3859565258026123,,,,,2.0219428571428573,350000,0.2109624456315518,21,,
21,0,,1766301.0,1766301.0,,,1.9227640960261447e-07,0.0029864291677710185,0.6016612903225806,0.8654666263461845,0.5870842337608337,1.0536812543869019,1.4005522727966309,,,,,1.983542857142857,350000,0.2109624456315518,22,,
22,0,,1434473.0,1434473.0,,,1.9757708995034397e-07,0.0029851081290859782,0.5923064516129032,0.8658203456560735,0.5890215039253235,1.0524704456329346,1.3678886890411377,,,,,1.0452571428571429,350000,0.2109624456315518,23,,
23,0,,1352775.0,1352775.0,,,1.721850593766033e-07,0.002983726063975564,0.5922258064516129,0.8678175247793313,0.5795448422431946,1.0693168640136719,1.3080940246582031,,,,,1.0406857142857142,350000,0.2109624456315518,24,,
24,0,,1295133.0,1295133.0,,,1.7373468506230114e-07,0.0029822830292510587,0.6068709677419355,0.8698978893918105,0.5836398005485535,1.0590516328811646,1.2886292934417725,,,,,1.0345142857142857,350000,0.2109624456315518,25,,
25,0,,1222055.0,1222055.0,,,1.7757738171263927e-07,0.0029807790842299683,0.5881451612903226,0.8570125591697447,0.5849713683128357,1.0568413734436035,1.2789247035980225,,,,,1.0246857142857142,350000,0.2109624456315518,26,,
26,0,,1124155.0,1124155.0,,,1.783672705346537e-07,0.0029792142907335813,0.5282903225806451,0.8421489245538444,0.5807490944862366,1.0678987503051758,1.2783421277999878,,,,,0.9801142857142857,350000,0.2109624456315518,27,,
27,0,,1062101.0,1062101.0,,,1.7393561550892144e-07,0.0029775887130844302,0.5672096774193548,0.8564733880774495,0.5755179524421692,1.0813586711883545,1.2702140808105469,,,,,0.8628571428571429,350000,0.2109624456315518,28,,
28,0,,986155.0,986155.0,,,1.737132830958335e-07,0.0029759024181036453,0.6144354838709677,0.870658296181573,0.5753691792488098,1.0824053287506104,1.2602354288101196,,,,,0.6989714285714286,350000,0.2109624456315518,29,,
29,1,1042714,943053.0,1042714.0,0.9044215384084227,956951,1.6986591718976064e-07,0.002974155475108208,0.603225806451613,0.8604846357345934,0.5640340447425842,1.1038990020751953,1.2664909362792969,0,0,1,0,1.8205714285714285,350000,0.2109624456315518,30,89875,501971
30,0,,1062827.0,1062827.0,,,1.8968418812312591e-07,0.0029723479559081024,0.5975322580645162,0.8617682302290147,0.5640286803245544,1.1023730039596558,1.3103268146514893,,,,,1.729142857142857,350000,0.2109624456315518,31,,
31,0,,949845.0,949845.0,,,2.043846288960139e-07,0.002970479934803364,0.5931290322580646,0.861575953809737,0.5630000233650208,1.0986409187316895,1.304633617401123,,,,,1.6340571428571429,350000,0.2109624456315518,32,,
32,0,,770658.0,770658.0,,,1.920072501638235e-07,0.002968551488581023,0.5682741935483872,0.8444568675126508,0.5664551854133606,1.1032823324203491,1.2635283470153809,,,,,0.8528,350000,0.2109624456315518,33,,
33,0,,735109.0,735109.0,,,1.6205642736110231e-07,0.0029665626965119517,0.549016129032258,0.8475498868085959,0.5768924951553345,1.0733345746994019,1.1951467990875244,,,,,0.8329142857142857,350000,0.2109624456315518,34,,
34,0,,714922.0,714922.0,,,1.6042442596751607e-07,0.0029645136403476007,0.5732419354838709,0.8552060830886605,0.5628207921981812,1.1073660850524902,1.222237229347229,,,,,0.8132571428571429,350000,0.2109624456315518,35,,
35,0,,687393.0,687393.0,,,1.6169140938419209e-07,0.0029624044043166445,0.5538387096774193,0.8501396044033849,0.560894250869751,1.1076613664627075,1.2206271886825562,,,,,0.7917714285714286,350000,0.2109624456315518,36,,
36,0,,663528.0,663528.0,,,1.6080155463970663e-07,0.0029602350751215148,0.5564354838709678,0.8412256764119339,0.5595161318778992,1.1134039163589478,1.2221366167068481,,,,,0.7730285714285714,350000,0.2109624456315518,37,,
37,0,,632494.0,632494.0,,,1.6026325262471168e-07,0.0029580057419348383,0.5748548387096775,0.8485315452543393,0.5559157729148865,1.1189848184585571,1.222236156463623,,,,,0.5181714285714286,350000,0.2109624456315518,38,,
38,0,,622484.0,622484.0,,,1.573549925758546e-07,0.00295571649639577,0.5536290322580645,0.8371262332661175,0.5585161447525024,1.1093727350234985,1.2073862552642822,,,,,0.5076571428571428,350000,0.2109624456315518,39,,
39,1,620152,619692.0,620152.0,0.9992582463654072,534389,1.59387888468013e-07,0.0029533674326062283,0.570741935483871,0.8455613245822354,0.5626361966133118,1.0990850925445557,1.1969151496887207,0,0,1,0,1.4422857142857144,350000,0.2109624456315518,40,85769,84882
40,0,,647865.0,647865.0,,,1.6339801565973318e-07,0.0029509586471270248,0.5782903225806452,0.8489258277289574,0.5584695339202881,1.111441969871521,1.218027114868164,,,,,1.4043428571428571,350000,0.2109624456315518,41,,
41,0,,613891.0,613891.0,,,1.760370051833053e-07,0.0029484902389738956,0.5218064516129032,0.8328080865595104,0.5569086074829102,1.1163378953933716,1.2282485961914062,,,,,1.3291428571428572,350000,0.2109624456315518,42,,
42,0,,585600.0,585600.0,,,1.715583578919793e-07,0.002945962309613432,0.5797096774193549,0.8504660624737298,0.5532849431037903,1.1248501539230347,1.2294518947601318,,,,,0.7035428571428571,350000,0.2109624456315518,43,,
43,0,,578891.0,578891.0,,,1.6791841779178635e-07,0.002943374962958909,0.5349677419354839,0.8284092159126664,0.5515753030776978,1.1353962421417236,1.2336702346801758,,,,,0.7019428571428571,350000,0.2109624456315518,44,,
44,0,,572872.0,572872.0,,,1.7022388601451535e-07,0.0029407283053660134,0.5360967741935484,0.8178226220245743,0.5429211854934692,1.153396487236023,1.2516602277755737,,,,,0.7019428571428571,350000,0.2109624456315518,45,,
45,0,,576408.0,576408.0,,,1.7265564276557353e-07,0.0029380224456284727,0.5552903225806451,0.8253984845839412,0.5519372820854187,1.140665054321289,1.239964485168457,,,,,0.7017142857142857,350000,0.2109624456315518,46,,
46,0,,580571.0,580571.0,,,1.7810916934387645e-07,0.0029352574949735822,0.5641129032258064,0.8397657299400143,0.5396935343742371,1.1738560199737549,1.2765146493911743,,,,,0.7026285714285714,350000,0.2109624456315518,47,,
47,0,,571249.0,571249.0,,,1.839928649341195e-07,0.0029324335670576347,0.5488548387096774,0.8322834178128821,0.5360286831855774,1.1759530305862427,1.2824245691299438,,,,,0.4694857142857143,350000,0.2109624456315518,48,,
48,0,,577976.0,577976.0,,,1.8552778790027205e-07,0.0029295507779612453,0.5505967741935484,0.8261296299063055,0.5323817133903503,1.1870801448822021,1.2943228483200073,,,,,0.47131428571428574,350000,0.2109624456315518,49,,
49,1,519416,573929.0,519416.0,1.1049505598595346,433653,1.924799098817654e-07,0.002926609246184583,0.5708548387096775,0.8540974112510067,0.5413172245025635,1.1615298986434937,1.2718360424041748,0,0,1,0,1.264,350000,0.2109624456315518,50,85764,0
50,0,,565287.0,565287.0,,,1.7642628487378118e-07,0.0029236090926424976,0.533483870967742,0.8320946040107385,0.5293262004852295,1.183966875076294,1.2824612855911255,,,,,1.2857142857142858,350000,0.2109624456315518,51,,
51,0,,561264.0,561264.0,,,1.966649704879369e-07,0.002920550440659551,0.560258064516129,0.8475222199382684,0.5171613097190857,1.2101653814315796,1.3219884634017944,,,,,1.2877714285714286,350000,0.2109624456315518,52,,
52,0,,565795.0,565795.0,,,1.9993100884741638e-07,0.002917433415964946,0.5566451612903226,0.8258578621676265,0.5226845741271973,1.192374348640442,1.305619716644287,,,,,0.7026285714285714,350000,0.2109624456315518,53,,
53,0,,568833.0,568833.0,,,2.0644369738922543e-07,0.0029142581466873596,0.5453709677419355,0.8294060150358554,0.5105950236320496,1.2290310859680176,1.3456685543060303,,,,,0.7021714285714286,350000,0.2109624456315518,54,,
54,0,,563220.0,563220.0,,,2.1265379807291125e-07,0.0029110247633496746,0.5181935483870967,0.8293886747576821,0.5153835415840149,1.2083072662353516,1.3288267850875854,,,,,0.7017142857142857,350000,0.2109624456315518,55,,
55,0,,575498.0,575498.0,,,2.1562391635322585e-07,0.0029077333988636158,0.5266612903225807,0.8246078453687847,0.5171218514442444,1.2010390758514404,1.32340669631958,,,,,0.7026285714285714,350000,0.2109624456315518,56,,
56,0,,569353.0,569353.0,,,2.2587151715046785e-07,0.002904384188524286,0.4706774193548387,0.8172689330231255,0.5169283151626587,1.2091702222824097,1.3365716934204102,,,,,0.7012571428571429,350000,0.2109624456315518,57,,
57,0,,570947.0,570947.0,,,2.2896280770949804e-07,0.0029009772700046045,0.5122096774193549,0.8205366695205228,0.52114337682724,1.196641445159912,1.3261233568191528,,,,,0.472,350000,0.2109624456315518,58,,
58,0,,567291.0,567291.0,,,2.352911062441545e-07,0.002897512783349647,0.4383064516129032,0.7746474333702928,0.5116792321205139,1.2150288820266724,1.3480033874511719,,,,,0.47131428571428574,350000,0.2109624456315518,59,,
59,1,490268,559856.0,490268.0,1.1419386947547057,404505,2.394983370991117e-07,0.002893990870970891,0.5566612903225806,0.8286921248904676,0.507946252822876,1.2160470485687256,1.350053071975708,0,0,1,0,1.2589714285714286,350000,0.2109624456315518,60,85763,0
60,0,,547702.0,547702.0,,,2.104982218210959e-07,0.0028904116776403595,0.5146129032258064,0.8340303051354139,0.5186469554901123,1.199629306793213,1.3138927221298218,,,,,1.279542857142857,350000,0.2109624456315518,61,,
61,0,,558059.0,558059.0,,,2.4048224902191766e-07,0.0028867753504846724,0.48970967741935484,0.7905604015729377,0.5123010873794556,1.2183704376220703,1.351660132408142,,,,,1.2838857142857143,350000,0.2109624456315518,62,,
62,0,,561735.0,561735.0,,,2.5081263923846645e-07,0.0028830820389789957,0.4615,0.796300496125991,0.49644625186920166,1.2421551942825317,1.3821009397506714,,,,,0.7010285714285714,350000,0.2109624456315518,63,,
63,0,,551601.0,551601.0,,,2.5850798229468016e-07,0.0028793318949409006,0.5192096774193549,0.8263234557819719,0.5097634792327881,1.2146880626678467,1.358105182647705,,,,,0.7008,350000,0.2109624456315518,64,,
64,0,,554190.0,554190.0,,,2.5968410546725585e-07,0.002875525072524119,0.5073225806451613,0.8203210278513055,0.4894784986972809,1.263456106185913,1.4073108434677124,,,,,0.7017142857142857,350000,0.2109624456315518,65,,
65,0,,546887.0,546887.0,,,2.669675897849565e-07,0.0028716617282122108,0.5121129032258065,0.8119328293016228,0.5024713277816772,1.2337294816970825,1.3808692693710327,,,,,0.6992,350000,0.2109624456315518,66,,
66,0,,540227.0,540227.0,,,2.693946293583647e-07,0.002867742020812129,0.5208548387096774,0.8199980213927092,0.5039749145507812,1.237358808517456,1.384240984916687,,,,,0.6987428571428571,350000,0.2109624456315518,67,,
67,0,,534725.0,534725.0,,,2.719524849727694e-07,0.002863766111447693,0.43116129032258066,0.7836285246930828,0.49682796001434326,1.2489069700241089,1.3953434228897095,,,,,0.4685714285714286,350000,0.2109624456315518,68,,
68,0,,529643.0,529643.0,,,2.7494786832490353e-07,0.0028597341635529625,0.5259354838709678,0.8243776739271789,0.4948458969593048,1.2477340698242188,1.3941842317581177,,,,,0.4678857142857143,350000,0.2109624456315518,69,,
69,1,478660,535236.0,478660.0,1.1181966322650734,392897,2.7803461229724484e-07,0.0028556463428655253,0.5245161290322581,0.811118778215237,0.4995161294937134,1.234337568283081,1.3822377920150757,0,0,1,0,1.2589714285714286,350000,0.2109624456315518,70,85763,0
70,0,,521160.0,521160.0,,,2.5523528809157634e-07,0.002851502817419677,0.4910483870967742,0.8056992338266887,0.4956810176372528,1.2452961206436157,1.3765259981155396,,,,,1.2763428571428572,350000,0.2109624456315518,71,,
71,0,,519933.0,519933.0,,,2.834848204344168e-07,0.002847303757539522,0.5023870967741936,0.8188862489483222,0.5012491345405579,1.245754599571228,1.393229603767395,,,,,1.2809142857142857,350000,0.2109624456315518,72,,
72,0,,523484.0,523484.0,,,2.884696206057785e-07,0.002843049335831963,0.489758064516129,0.8174372825430162,0.5016146898269653,1.2339668273925781,1.3854999542236328,,,,,0.6973714285714285,350000,0.2109624456315518,73,,
73,0,,525485.0,525485.0,,,2.963451890271646e-07,0.002838739727179615,0.5185645161290322,0.8180755850612698,0.4862132668495178,1.269737958908081,1.425122618675232,,,,,0.6982857142857143,350000,0.2109624456315518,74,,
74,0,,515775.0,515775.0,,,3.0358436876284855e-07,0.0028343751087336086,0.505,0.8148378241723693,0.4986362159252167,1.2362160682678223,1.394856572151184,,,,,0.6957714285714286,350000,0.2109624456315518,75,,
75,0,,519142.0,519142.0,,,3.0380784404211107e-07,0.002829955659906314,0.5091451612903226,0.8204458197866323,0.4896810054779053,1.2597650289535522,1.418013572692871,,,,,0.6930285714285714,350000,0.2109624456315518,76,,
76,0,,522238.0,522238.0,,,3.118787371421491e-07,0.0028254815623639617,0.4661774193548387,0.8040268940568012,0.4943656027317047,1.2555299997329712,1.4184690713882446,,,,,0.6937142857142857,350000,0.2109624456315518,77,,
77,0,,518296.0,518296.0,,,3.200796709451831e-07,0.002820953000019179,0.5115806451612903,0.8208349163870793,0.4938333332538605,1.2486400604248047,1.4148508310317993,,,,,0.46422857142857143,350000,0.2109624456315518,78,,
78,0,,511147.0,511147.0,,,3.239611784849995e-07,0.002816370159023426,0.5208225806451613,0.8034900822069261,0.49346596002578735,1.2486214637756348,1.4155124425888062,,,,,0.46331428571428573,350000,0.2109624456315518,79,,
79,1,467403,514181.0,467403.0,1.1000806584467793,381640,3.2560031606424976e-07,0.002811733227759346,0.4880967741935484,0.8054616340525829,0.4963369369506836,1.249260425567627,1.414596438407898,0,0,1,0,1.2550857142857144,350000,0.2109624456315518,80,85763,0
80,0,,501655.0,501655.0,,,3.0207283374770845e-07,0.0028070423968330226,0.5046935483870968,0.8104303476685975,0.48567742109298706,1.2653008699417114,1.4149706363677979,,,,,1.2726857142857142,350000,0.2109624456315518,81,,
81,0,,501830.0,501830.0,,,3.3009745379900496e-07,0.0028022978590661416,0.4110967741935484,0.7825413946477114,0.48244982957839966,1.2709429264068604,1.4355734586715698,,,,,1.2761142857142858,350000,0.2109624456315518,82,,
82,0,,502366.0,502366.0,,,3.362157688366909e-07,0.002797499809488068,0.5009516129032258,0.798257480607387,0.4811828136444092,1.27212393283844,1.4415940046310425,,,,,0.6918857142857143,350000,0.2109624456315518,83,,
83,0,,504409.0,504409.0,,,3.4271199610910744e-07,0.002792648445327827,0.44537096774193546,0.7894837429940231,0.4800860285758972,1.2703531980514526,1.4422084093093872,,,,,0.6918857142857143,350000,0.2109624456315518,84,,
84,0,,501820.0,501820.0,,,3.5045126647500814e-07,0.0027877439660059984,0.41369354838709677,0.7691776205941591,0.4830304682254791,1.274113416671753,1.4503164291381836,,,,,0.6912,350000,0.2109624456315518,85,,
85,0,,502907.0,502907.0,,,3.549905311466214e-07,0.002782786573126517,0.4032741935483871,0.8140951739883702,0.4745250940322876,1.2883517742156982,1.4659847021102905,,,,,0.6928,350000,0.2109624456315518,86,,
86,0,,496710.0,496710.0,,,3.622659078988988e-07,0.002777776470468387,0.4495806451612903,0.7940149751977772,0.4727347791194916,1.297135829925537,1.4780100584030151,,,,,0.6912,350000,0.2109624456315518,87,,
87,0,,503931.0,503931.0,,,3.641199137755572e-07,0.0027727138639773055,0.46333870967741936,0.8064016755696081,0.47432616353034973,1.2856767177581787,1.4676746129989624,,,,,0.46194285714285716,350000,0.2109624456315518,88,,
88,0,,498174.0,498174.0,,,3.762077645058095e-07,0.0027675989617571973,0.5012903225806452,0.8038596079852806,0.4729767143726349,1.2956805229187012,1.484764814376831,,,,,0.4598857142857143,350000,0.2109624456315518,89,,
89,1,440074,493063.0,440074.0,1.1204092948004198,354311,3.7853268703907516e-07,0.0027624319740616582,0.47416129032258064,0.7934185480027248,0.47711291909217834,1.2903040647506714,1.4777307510375977,0,0,1,0,1.248457142857143,350000,0.2109624456315518,90,85763,0
90,0,,486614.0,486614.0,,,3.382368523153614e-07,0.002757213113285315,0.520016129032258,0.8150608121471808,0.479924738407135,1.2814773321151733,1.4407728910446167,,,,,1.2674285714285713,350000,0.2109624456315518,91,,
91,0,,479606.0,479606.0,,,3.802205979887742e-07,0.0027519425939550933,0.4745483870967742,0.7898853089798763,0.4774068295955658,1.292419672012329,1.4761643409729004,,,,,1.2694857142857143,350000,0.2109624456315518,92,,
92,0,,481943.0,481943.0,,,3.806943898059773e-07,0.0027466206327213995,0.40656451612903227,0.758909599168487,0.4707813858985901,1.3050034046173096,1.4905871152877808,,,,,0.6891428571428572,350000,0.2109624456315518,93,,
93,0,,477857.0,477857.0,,,3.887173519400797e-07,0.002741247448349215,0.4805483870967742,0.7973367703614705,0.47768640518188477,1.291526198387146,1.4779698848724365,,,,,0.6891428571428572,350000,0.2109624456315518,94,,
94,0,,472631.0,472631.0,,,3.9146929024099947e-07,0.0027358232617091045,0.4227258064516129,0.7653560211530313,0.4725412428379059,1.2948315143585205,1.4814790487289429,,,,,0.6866285714285715,350000,0.2109624456315518,95,,
95,0,,477726.0,477726.0,,,3.930471557457541e-07,0.0027303482957681353,0.5001290322580645,0.8010474420653904,0.47441399097442627,1.2874131202697754,1.472975730895996,,,,,0.6861714285714285,350000,0.2109624456315518,96,,
96,0,,470626.0,470626.0,,,4.0351238962780746e-07,0.0027248227755807134,0.4720645161290323,0.7956310105436992,0.4720197319984436,1.2922883033752441,1.4810446500778198,,,,,0.6864,350000,0.2109624456315518,97,,
97,0,,473191.0,473191.0,,,4.034449705400005e-07,0.0027192469282793317,0.5414032258064516,0.8203903080752978,0.47371864318847656,1.293877363204956,1.4833576679229736,,,,,0.4566857142857143,350000,0.2109624456315518,98,,
98,0,,462936.0,462936.0,,,4.1180658493591474e-07,0.0027136209830652337,0.4500806451612903,0.769811702192562,0.46939966082572937,1.303576946258545,1.4974427223205566,,,,,0.45508571428571426,350000,0.2109624456315518,99,,
99,1,425316,470688.0,425316.0,1.1066783285839235,339553,4.085548884998872e-07,0.0027079451711989914,0.448741935483871,0.777628469766465,0.46695879101753235,1.3038105964660645,1.4963302612304688,0,0,1,0,1.2461714285714285,350000,0.2109624456315518,100,85763,0
100,0,,465353.0,465353.0,,,3.790298042187806e-07,0.002702219725991001,0.5213709677419355,0.8165206322293139,0.4765931963920593,1.2840532064437866,1.458655595779419,,,,,0.7970285714285714,350000,0.2109624456315518,101,,
101,0,,457773.0,457773.0,,,4.2065870651623754e-07,0.002696444882791889,0.47385483870967743,0.8005572050272771,0.47326165437698364,1.2837694883346558,1.4763593673706055,,,,,0.7705142857142857,350000,0.2109624456315518,102,,
102,0,,454202.0,454202.0,,,4.1939827939412873e-07,0.0026906208789828413,0.47916129032258065,0.8057717581922276,0.47939249873161316,1.275494933128357,1.4660367965698242,,,,,0.5065142857142857,350000,0.2109624456315518,103,,
103,0,,458902.0,458902.0,,,4.215844295732269e-07,0.0026847479539658433,0.42788709677419356,0.7577213401534064,0.4640824496746063,1.3079928159713745,1.5001187324523926,,,,,0.5081142857142857,350000,0.2109624456315518,104,,
104,0,,458835.0,458835.0,,,4.317556864676663e-07,0.0026788263491538396,0.47758064516129034,0.8032820531501607,0.47097134590148926,1.2890602350234985,1.4874943494796753,,,,,0.5069714285714285,350000,0.2109624456315518,105,,
105,0,,452116.0,452116.0,,,4.375765894353007e-07,0.002672856307960811,0.5135806451612903,0.815599088486778,0.47964516282081604,1.2770183086395264,1.4764842987060547,,,,,0.5026285714285714,350000,0.2109624456315518,106,,
106,0,,441392.0,441392.0,,,4.3672344652676494e-07,0.002666838075791767,0.5228387096774193,0.8171164523317304,0.4864516258239746,1.2625153064727783,1.457792043685913,,,,,0.5005714285714286,350000,0.2109624456315518,107,,
107,0,,440339.0,440339.0,,,4.3133918185599343e-07,0.002660771900032662,0.4682096774193548,0.8004091083483141,0.48777419328689575,1.2652024030685425,1.4563019275665283,,,,,0.3305142857142857,350000,0.2109624456315518,108,,
108,0,,443416.0,443416.0,,,4.352788443823518e-07,0.0026546580300402206,0.4844032258064516,0.797924799679626,0.46266669034957886,1.3018765449523926,1.4939862489700317,,,,,0.3314285714285714,350000,0.2109624456315518,109,,
109,1,406873,436866.0,406873.0,1.0737158769444028,321110,4.435360595254854e-07,0.0026484967171316915,0.4800483870967742,0.7841840502172562,0.4681684672832489,1.2963240146636963,1.4911247491836548,0,0,1,0,0.7286857142857143,350000,0.2109624456315518,110,85763,0
110,0,,438174.0,438174.0,,,4.1005865826617863e-07,0.002642288214574517,0.5071290322580645,0.8148673695488169,0.48207348585128784,1.2721531391143799,1.4493871927261353,,,,,0.7430857142857142,350000,0.2109624456315518,111,,
111,0,,443435.0,443435.0,,,4.4659375666143246e-07,0.00263603277757592,0.5033064516129032,0.8089221467544416,0.47673118114471436,1.2816359996795654,1.477084755897522,,,,,0.7410285714285715,350000,0.2109624456315518,112,,
112,0,,446594.0,446594.0,,,4.5733465115791295e-07,0.0026297306632724147,0.4921935483870968,0.8102741825445875,0.4726792275905609,1.296899437904358,1.4991306066513062,,,,,0.4953142857142857,350000,0.2109624456315518,113,,
113,0,,440958.0,440958.0,,,4.662397158530648e-07,0.002623382130719236,0.46088709677419354,0.7990067553242184,0.4767186641693115,1.2891075611114502,1.4948869943618774,,,,,0.4946285714285714,350000,0.2109624456315518,114,,
114,0,,451102.0,451102.0,,,4.6570410555145377e-07,0.0026169874408796924,0.5241451612903226,0.808278289576575,0.4727347791194916,1.293456792831421,1.5006847381591797,,,,,0.4845714285714286,350000,0.2109624456315518,115,,
115,0,,446025.0,446025.0,,,4.825006785950481e-07,0.0026105468566144357,0.49390322580645163,0.7707343831253992,0.4774104058742523,1.284775733947754,1.5002005100250244,,,,,0.4614857142857143,350000,0.2109624456315518,116,,
116,0,,439402.0,439402.0,,,4.828885810235974e-07,0.0026040606426706602,0.4898387096774194,0.789692265968324,0.4734838902950287,1.2955058813095093,1.5069501399993896,,,,,0.45348571428571427,350000,0.2109624456315518,117,,
117,0,,435703.0,435703.0,,,4.811599403370293e-07,0.0025975290656712158,0.3710483870967742,0.7653083201244437,0.476315438747406,1.290682077407837,1.4981719255447388,,,,,0.29965714285714284,350000,0.2109624456315518,118,,
118,0,,439905.0,439905.0,,,4.823631344175467e-07,0.0025909523941036504,0.5172258064516129,0.8066329398609297,0.4570985734462738,1.3234446048736572,1.532193660736084,,,,,0.3017142857142857,350000,0.2109624456315518,119,,
119,1,390812,428157.0,390812.0,1.095557454735269,305049,4.926142824322943e-07,0.0025843308983091737,0.38843548387096777,0.7361180034774054,0.4658172130584717,1.3061703443527222,1.5159858465194702,0,0,1,0,0.6774857142857142,350000,0.2109624456315518,120,85763,1536
120,0,,420524.0,420524.0,,,4.4005907719230763e-07,0.0025776648504715425,0.4645161290322581,0.7775784720145277,0.46813443303108215,1.2946480512619019,1.4763643741607666,,,,,0.6939428571428572,350000,0.2109624456315518,121,,
121,0,,423027.0,423027.0,,,4.778812787901497e-07,0.0025709545246058747,0.473258064516129,0.7905445299183375,0.46826884150505066,1.2949988842010498,1.4953696727752686,,,,,0.6875428571428571,350000,0.2109624456315518,122,,
122,0,,420042.0,420042.0,,,4.85302266946555e-07,0.0025642001965473843,0.48185483870967744,0.8057889437301398,0.4704086184501648,1.2772157192230225,1.4819682836532593,,,,,0.44411428571428574,350000,0.2109624456315518,123,,
123,0,,406691.0,406691.0,,,4.862931856662353e-07,0.002557402143940042,0.43124193548387096,0.7859722312350882,0.4685448110103607,1.279933214187622,1.4814245700836182,,,,,0.4409142857142857,350000,0.2109624456315518,124,,
124,0,,413188.0,413188.0,,,4.743838045044821e-07,0.002550560646225165,0.45314516129032256,0.7841310610218409,0.4738476872444153,1.2652000188827515,1.4597816467285156,,,,,0.44,350000,0.2109624456315518,125,,
125,0,,413700.0,413700.0,,,4.859784090528132e-07,0.002543675984629928,0.4775967741935484,0.7902418871343577,0.46553584933280945,1.2850168943405151,1.486115574836731,,,,,0.44,350000,0.2109624456315518,126,,
126,0,,417323.0,417323.0,,,4.906656660485988e-07,0.002536748442155804,0.41846774193548386,0.7892877469019506,0.46251076459884644,1.300166130065918,1.5044246912002563,,,,,0.4418285714285714,350000,0.2109624456315518,127,,
127,0,,420926.0,420926.0,,,4.993357761438963e-07,0.00252977830356693,0.44379032258064516,0.7762641977429233,0.46358245611190796,1.313681960105896,1.5223785638809204,,,,,0.2928,350000,0.2109624456315518,128,,
128,0,,425496.0,425496.0,,,5.083150873996296e-07,0.0025227658553784037,0.3921612903225806,0.744232831940497,0.45245161652565,1.3294224739074707,1.5445917844772339,,,,,0.29028571428571426,350000,0.2109624456315518,129,,
129,1,389085,423371.0,389085.0,1.08811956256345,303322,5.188766190782707e-07,0.002515711385844505,0.41046774193548385,0.7771110232562485,0.46289965510368347,1.3013322353363037,1.5207303762435913,0,0,1,0,0.648,350000,0.2109624456315518,130,85763,1536
130,0,,414639.0,414639.0,,,4.76992917097738e-07,0.002508615184946845,0.4919516129032258,0.7799811634665443,0.4497545063495636,1.330635905265808,1.525373935699463,,,,,0.664,350000,0.2109624456315518,131,,
131,0,,417766.0,417766.0,,,5.126461446789442e-07,0.0025014775443824486,0.5194193548387097,0.8080758084889984,0.4542437493801117,1.3230897188186646,1.5370416641235352,,,,,0.6619428571428572,350000,0.2109624456315518,132,,
132,0,,408459.0,408459.0,,,5.211033816597366e-07,0.0024942987575517633,0.45391935483870965,0.7856079010146246,0.4600698947906494,1.316231608390808,1.534359335899353,,,,,0.42354285714285717,350000,0.2109624456315518,133,,
133,0,,419230.0,419230.0,,,5.134442452835794e-07,0.0024870791195465993,0.4439677419354839,0.7934637884269933,0.46454480290412903,1.3142330646514893,1.5294889211654663,,,,,0.41668571428571427,350000,0.2109624456315518,134,,
134,0,,422930.0,422930.0,,,5.317608860283526e-07,0.002479818927137996,0.4307258064516129,0.7579467482873812,0.45000895857810974,1.3278590440750122,1.5516420602798462,,,,,0.4114285714285714,350000,0.2109624456315518,135,,
135,0,,420269.0,420269.0,,,5.415549765247734e-07,0.002472518478764029,0.43012903225806454,0.7917665869892836,0.4511147141456604,1.3328355550765991,1.5604214668273926,,,,,0.4050285714285714,350000,0.2109624456315518,136,,
136,0,,412231.0,412231.0,,,5.430932198399676e-07,0.0024651780745175355,0.43840322580645164,0.7626214644042862,0.45232081413269043,1.326061487197876,1.5544713735580444,,,,,0.4054857142857143,350000,0.2109624456315518,137,,
137,0,,412806.0,412806.0,,,5.370828716837981e-07,0.0024577980161337837,0.4206451612903226,0.7675882413144602,0.43789249658584595,1.352685809135437,1.5755294561386108,,,,,0.2651428571428571,350000,0.2109624456315518,138,,
138,0,,408255.0,408255.0,,,5.422886980533324e-07,0.0024503786069780694,0.43229032258064515,0.7801981405607282,0.4516756534576416,1.3343515396118164,1.55942964553833,,,,,0.2578285714285714,350000,0.2109624456315518,139,,
139,1,382416,412327.0,382416.0,1.0782158696288857,296653,5.40454625442214e-07,0.0024429201520332414,0.416258064516129,0.7607817647128854,0.45554661750793457,1.3180733919143677,1.5397850275039673,0,0,1,0,0.6134857142857143,350000,0.2109624456315518,140,85763,0
140,0,,413034.0,413034.0,,,5.084955782623193e-07,0.002435422957887171,0.47811290322580646,0.7957752273690349,0.4614157974720001,1.3069056272506714,1.5121750831604004,,,,,0.6283428571428571,350000,0.2109624456315518,141,,
141,0,,415763.0,415763.0,,,5.537743262961409e-07,0.0024278873327201445,0.5113709677419355,0.7941310738282202,0.44935306906700134,1.3385792970657349,1.5667736530303955,,,,,0.6308571428571429,350000,0.2109624456315518,142,,
142,0,,408015.0,408015.0,,,5.622529482236722e-07,0.002420313586292198,0.4834516129032258,0.7802925517838282,0.4597652554512024,1.3195643424987793,1.549572229385376,,,,,0.3926857142857143,350000,0.2109624456315518,143,,
143,0,,404038.0,404038.0,,,5.560225915442567e-07,0.002412702029930382,0.5037258064516129,0.7933208005058936,0.46291041374206543,1.3056269884109497,1.5314936637878418,,,,,0.3926857142857143,350000,0.2109624456315518,144,,
144,0,,418800.0,418800.0,,,5.54569817243123e-07,0.0024050529765159666,0.29808064516129035,0.6909256761011058,0.4468548595905304,1.3457579612731934,1.5747255086898804,,,,,0.3931428571428571,350000,0.2109624456315518,145,,
145,0,,416496.0,416496.0,,,5.800128575067039e-07,0.0023973667404715783,0.4844838709677419,0.783852808997697,0.42925089597702026,1.3736774921417236,1.614474892616272,,,,,0.39725714285714286,350000,0.2109624456315518,146,,
146,0,,409855.0,409855.0,,,5.818605622678266e-07,0.0023896436377482764,0.41980645161290325,0.7758421003370506,0.4585896134376526,1.3125741481781006,1.5529155731201172,,,,,0.39725714285714286,350000,0.2109624456315518,147,,
147,0,,410854.0,410854.0,,,5.771204116229653e-07,0.0023818839858125635,0.476,0.7941551009073724,0.45018279552459717,1.3339179754257202,1.5720082521438599,,,,,0.2553142857142857,350000,0.2109624456315518,148,,
148,0,,412341.0,412341.0,,,5.831827781356071e-07,0.0023740881036333388,0.46206451612903227,0.7716667015789903,0.4428423047065735,1.3525313138961792,1.5920871496200562,,,,,0.25348571428571426,350000,0.2109624456315518,149,,
149,1,374541,406153.0,374541.0,1.0844019746836795,288778,5.901101905549203e-07,0.002366256311668785,0.367758064516129,0.7302131701461676,0.42292293906211853,1.3647676706314087,1.6056710481643677,0,0,1,0,0.6038857142857142,350000,0.2109624456315518,150,85763,1536
150,0,,405610.0,405610.0,,,5.378330997671437e-07,0.0023583889318531935,0.45133870967741935,0.7712383969508827,0.43437278270721436,1.3564201593399048,1.5683926343917847,,,,,0.6267428571428572,350000,0.2109624456315518,151,,
151,0,,410824.0,410824.0,,,5.867577639104347e-07,0.0023504862875837348,0.45914516129032257,0.7603712720941423,0.4300573468208313,1.3719078302383423,1.6100348234176636,,,,,0.6310857142857142,350000,0.2109624456315518,152,,
152,0,,409380.0,409380.0,,,5.99080779363658e-07,0.0023425487037071623,0.46088709677419354,0.7657457831812374,0.4203172028064728,1.3803921937942505,1.6240017414093018,,,,,0.39634285714285716,350000,0.2109624456315518,153,,
153,0,,408890.0,408890.0,,,6.016710698928677e-07,0.0023345765065064593,0.43179032258064515,0.7574557192016586,0.4483082592487335,1.3347641229629517,1.5792604684829712,,,,,0.3913142857142857,350000,0.2109624456315518,154,,
154,0,,405206.0,405206.0,,,6.056419091673997e-07,0.002326570023687428,0.43438709677419357,0.7800897955834618,0.42393729090690613,1.370302438735962,1.6159460544586182,,,,,0.39017142857142856,350000,0.2109624456315518,155,,
155,0,,403259.0,403259.0,,,6.045965839718575e-07,0.002318529584365218,0.3404516129032258,0.6624853464892164,0.42677778005599976,1.3751769065856934,1.6196134090423584,,,,,0.3913142857142857,350000,0.2109624456315518,156,,
156,0,,407543.0,407543.0,,,6.059680015562651e-07,0.0023104555190507975,0.3860967741935484,0.7318412474326221,0.4111863970756531,1.3935539722442627,1.6411253213882446,,,,,0.3942857142857143,350000,0.2109624456315518,157,,
157,0,,414692.0,414692.0,,,6.170840632959459e-07,0.0023023481596373676,0.4098709677419355,0.74688204506901,0.3987007141113281,1.4102678298950195,1.6650943756103516,,,,,0.2557714285714286,350000,0.2109624456315518,158,,
158,0,,413538.0,413538.0,,,6.332561707080437e-07,0.0022942078393867193,0.43961290322580643,0.7740588174553389,0.4304211735725403,1.3521865606307983,1.6106380224227905,,,,,0.25394285714285714,350000,0.2109624456315518,159,,
159,1,378575,412566.0,378575.0,1.0897867001254704,292812,6.367831531539621e-07,0.0022860348929155346,0.4251451612903226,0.7574381643589344,0.41662725806236267,1.3799850940704346,1.642306923866272,0,0,1,0,0.6041142857142857,350000,0.2109624456315518,160,85763,0
160,0,,406289.0,406289.0,,,5.852376630460909e-07,0.0022778296561816328,0.32025806451612904,0.7275721162571989,0.42180824279785156,1.3640596866607666,1.6007487773895264,,,,,0.6242285714285715,350000,0.2109624456315518,161,,
161,0,,421815.0,421815.0,,,6.327814679734472e-07,0.0022695924664701563,0.44329032258064516,0.7628628051297385,0.4134695529937744,1.3810583353042603,1.6443541049957275,,,,,0.6304,350000,0.2109624456315518,162,,
162,0,,413160.0,413160.0,,,6.631219528774884e-07,0.0022613236623797127,0.4200967741935484,0.7607566502656817,0.421284943819046,1.360860824584961,1.638192057609558,,,,,0.3940571428571429,350000,0.2109624456315518,163,,
163,0,,418715.0,418715.0,,,6.549259008376671e-07,0.0022530235838084515,0.4277258064516129,0.7578624973442324,0.4147939085960388,1.3778764009475708,1.6484375,,,,,0.3942857142857143,350000,0.2109624456315518,164,,
164,0,,417833.0,417833.0,,,6.697071573896185e-07,0.0022446925719400933,0.39591935483870966,0.7246449964266095,0.40497133135795593,1.3818233013153076,1.6601804494857788,,,,,0.3929142857142857,350000,0.2109624456315518,165,,
165,0,,418511.0,418511.0,,,6.742421408102659e-07,0.002236330969229905,0.45529032258064517,0.7730419303780686,0.39783692359924316,1.4126683473587036,1.693712830543518,,,,,0.3984,350000,0.2109624456315518,166,,
166,0,,422014.0,422014.0,,,6.813997576066008e-07,0.0022279391193906245,0.2820161290322581,0.6150602165237448,0.4039856791496277,1.4006844758987427,1.6870732307434082,,,,,0.39862857142857144,350000,0.2109624456315518,167,,
167,0,,450112.0,450112.0,,,6.935613714801359e-07,0.0022195173673783307,0.42874193548387096,0.7352994818489439,0.4000125527381897,1.4020428657531738,1.6991316080093384,,,,,0.2669714285714286,350000,0.2109624456315518,168,,
168,0,,411719.0,411719.0,,,7.491025179728217e-07,0.0022110660593782617,0.34980645161290325,0.7030345970802294,0.39376524090766907,1.405137300491333,1.724053144454956,,,,,0.2598857142857143,350000,0.2109624456315518,169,,
169,1,401326,424006.0,401326.0,1.0565126605303419,315563,6.907934611308606e-07,0.0022025855427905885,0.36111290322580647,0.6989280635305927,0.38399821519851685,1.408522129058838,1.698492407798767,0,0,1,0,0.6043428571428572,350000,0.2109624456315518,170,85763,1536
170,0,,441814.0,441814.0,,,6.779787280392879e-07,0.002194076166216133,0.2068225806451613,0.48445113007434004,0.38917025923728943,1.4132261276245117,1.6971434354782104,,,,,0.6262857142857143,350000,0.2109624456315518,171,,
171,0,,442548.0,442548.0,,,7.551214660728653e-07,0.0021855382794420354,0.13743548387096774,0.4176207420563662,0.3788871169090271,1.4219322204589844,1.7508975267410278,,,,,0.6304,350000,0.2109624456315518,172,,
172,0,,441579.0,441579.0,,,7.65301107965495e-07,0.0021769722334273817,0.20953225806451614,0.4601937584164535,0.3840949833393097,1.43681001663208,1.7748498916625977,,,,,0.39817142857142857,350000,0.2109624456315518,173,,
173,0,,417022.0,417022.0,,,7.725514103412245e-07,0.0021683783802887726,0.21648387096774194,0.48545169174635633,0.4201057553291321,1.3588204383850098,1.6930651664733887,,,,,0.39245714285714284,350000,0.2109624456315518,174,,
174,0,,431195.0,431195.0,,,7.360079255369675e-07,0.0021597570732858505,0.2626935483870968,0.5167314036562862,0.41949284076690674,1.362728238105774,1.6774070262908936,,,,,0.3929142857142857,350000,0.2109624456315518,175,,
175,0,,425718.0,425718.0,,,7.690020969213175e-07,0.0021511086668067783,0.22356451612903225,0.5024882314881152,0.41330286860466003,1.3754154443740845,1.6988996267318726,,,,,0.38765714285714287,350000,0.2109624456315518,176,,
176,0,,425703.0,425703.0,,,7.667053953241579e-07,0.0021424335163536747,0.2377258064516129,0.49616503581253896,0.4211415946483612,1.3568627834320068,1.681840181350708,,,,,0.38674285714285717,350000,0.2109624456315518,177,,
177,0,,431330.0,431330.0,,,7.742213624348222e-07,0.0021337319785279946,0.16206451612903225,0.4941659681422985,0.4215412437915802,1.3708328008651733,1.700296401977539,,,,,0.24822857142857144,350000,0.2109624456315518,178,,
178,0,,428393.0,428393.0,,,7.926932972678657e-07,0.002125004411015877,0.2193064516129032,0.4566306346507309,0.40247491002082825,1.3893762826919556,1.730375051498413,,,,,0.2496,350000,0.2109624456315518,179,,
179,1,369675,420805.0,369675.0,1.1383106782985055,283912,7.952919791692145e-07,0.0021162511725734395,0.4168709677419355,0.7500151273628071,0.4006810188293457,1.4249770641326904,1.7655240297317505,0,0,1,0,0.5901714285714286,350000,0.2109624456315518,180,85763,0
180,0,,401193.0,401193.0,,,6.881639532254679e-07,0.0021074726230120295,0.43020967741935484,0.767411312112182,0.41413262486457825,1.3653806447982788,1.6353660821914673,,,,,0.6043428571428572,350000,0.2109624456315518,181,,
181,0,,406080.0,406080.0,,,7.519508429223871e-07,0.002098669123183437,0.38348387096774195,0.7226794769938566,0.42422401905059814,1.3573800325393677,1.664841651916504,,,,,0.6121142857142857,350000,0.2109624456315518,182,,
182,0,,410130.0,410130.0,,,7.667872481737851e-07,0.0020898410349650585,0.3900806451612903,0.7480256314634983,0.415336936712265,1.3757214546203613,1.689508080482483,,,,,0.3792,350000,0.2109624456315518,183,,
183,0,,432206.0,432206.0,,,7.805981077142919e-07,0.002080988721245024,0.2979193548387097,0.7103617396996492,0.40774911642074585,1.3888721466064453,1.7117677927017212,,,,,0.3881142857142857,350000,0.2109624456315518,184,,
184,0,,427809.0,427809.0,,,8.313384838359562e-07,0.0020721125459072774,0.48246774193548386,0.7727143102329597,0.3940591514110565,1.4032410383224487,1.7572574615478516,,,,,0.38971428571428574,350000,0.2109624456315518,185,,
185,0,,426722.0,426722.0,,,8.311819507606628e-07,0.002063212873816622,0.30074193548387096,0.712530663395327,0.39131003618240356,1.3979593515396118,1.7502974271774292,,,,,0.3837714285714286,350000,0.2109624456315518,186,,
186,0,,432352.0,432352.0,,,8.373269517362357e-07,0.002054290070803719,0.40675806451612906,0.7420580710417222,0.39705735445022583,1.3879705667495728,1.742978572845459,,,,,0.37988571428571427,350000,0.2109624456315518,187,,
187,0,,430353.0,430353.0,,,8.573851955506393e-07,0.002045344503650053,0.31479032258064515,0.7187263143842328,0.39670252799987793,1.390775203704834,1.7555463314056396,,,,,0.2464,350000,0.2109624456315518,188,,
188,0,,431918.0,431918.0,,,8.622856968256199e-07,0.0020363765400728522,0.3215,0.6573509741494845,0.3997562825679779,1.388136386871338,1.7563995122909546,,,,,0.2470857142857143,350000,0.2109624456315518,189,,
189,1,422633,437584.0,422633.0,1.0353758461833316,336870,8.745694725518826e-07,0.0020273865487099737,0.29766129032258065,0.671313509228666,0.3880985677242279,1.39957594871521,1.7762573957443237,0,0,1,0,0.6027428571428571,350000,0.2109624456315518,190,85763,22528
190,0,,427782.0,427782.0,,,8.638755511705681e-07,0.002018374899104751,0.3431774193548387,0.6766404599839216,0.37860575318336487,1.4184205532073975,1.7832655906677246,,,,,0.6201142857142857,350000,0.2109624456315518,191,,
191,0,,421678.0,421678.0,,,8.832181968046759e-07,0.0020093419616908034,0.44029032258064515,0.7452848160668673,0.389396071434021,1.3989568948745728,1.7732175588607788,,,,,0.6212571428571428,350000,0.2109624456315518,192,,
192,0,,422093.0,422093.0,,,8.787636618424086e-07,0.0020002881077768086,0.43474193548387097,0.7460440630109488,0.38055914640426636,1.4124281406402588,1.781380295753479,,,,,0.37942857142857145,350000,0.2109624456315518,193,,
193,0,,422080.0,422080.0,,,8.879045912465674e-07,0.001991213709531239,0.39883870967741936,0.7276115260324258,0.34490323066711426,1.4825063943862915,1.8560764789581299,,,,,0.38057142857142856,350000,0.2109624456315518,194,,
194,0,,419090.0,419090.0,,,8.962295562278207e-07,0.001982119139967065,0.4361129032258064,0.7633502239608365,0.4000089764595032,1.3769944906234741,1.7551634311676025,,,,,0.38445714285714283,350000,0.2109624456315518,195,,
195,0,,413907.0,413907.0,,,8.979326205995863e-07,0.0019730047729264195,0.4035,0.7429975181716106,0.39753586053848267,1.3860760927200317,1.757980465888977,,,,,0.3833142857142857,350000,0.2109624456315518,196,,
196,0,,417396.0,417396.0,,,8.94295321153705e-07,0.0019638709830652338,0.4017741935483871,0.7293982668665852,0.39238712191581726,1.4011554718017578,1.770253300666809,,,,,0.3830857142857143,350000,0.2109624456315518,197,,
197,0,,409170.0,409170.0,,,9.09809530889579e-07,0.0019547181458378343,0.3751129032258064,0.7224921302275537,0.39510035514831543,1.3871065378189087,1.766073226928711,,,,,0.24685714285714286,350000,0.2109624456315518,198,,
198,0,,423060.0,423060.0,,,8.988718303614171e-07,0.00194554663748151,0.36485483870967744,0.7105937889586919,0.3721039593219757,1.4145420789718628,1.7912665605545044,,,,,0.2470857142857143,350000,0.2109624456315518,199,,
199,1,391735,425717.0,391735.0,1.0867474185354895,305972,9.382371980871428e-07,0.001936356835001048,0.4277258064516129,0.7315181050593403,0.37514516711235046,1.411299228668213,1.8049694299697876,0,0,1,0,0.5922285714285714,350000,0.2109624456315518,200,85763,3072
200,0,,414310.0,414310.0,,,8.736737245604661e-07,0.001927149116153233,0.37587096774193546,0.7086816801476109,0.36005914211273193,1.4428082704544067,1.801742434501648,,,,,0.6107428571428571,350000,0.2109624456315518,201,,
201,0,,418509.0,418509.0,,,9.318482269278891e-07,0.0019179238594313236,0.4167741935483871,0.733380128248954,0.37705197930336,1.419176697731018,1.8076696395874023,,,,,0.6144,350000,0.2109624456315518,202,,
202,0,,415065.0,415065.0,,,9.497436689177175e-07,0.00190868144404949,0.37243548387096775,0.7051992305159499,0.3801756501197815,1.410193681716919,1.809227466583252,,,,,0.37897142857142857,350000,0.2109624456315518,203,,
203,0,,419659.0,419659.0,,,9.49992380837166e-07,0.001899422249927229,0.3811290322580645,0.7033403346479535,0.3803960680961609,1.4146969318389893,1.8127882480621338,,,,,0.38011428571428574,350000,0.2109624456315518,204,,
204,0,,416495.0,416495.0,,,9.692637597869894e-07,0.0018901466576737454,0.29596774193548386,0.6962412078742874,0.37272581458091736,1.4156991243362427,1.8232805728912354,,,,,0.37805714285714287,350000,0.2109624456315518,205,,
205,0,,415496.0,415496.0,,,9.703587203021375e-07,0.001880855048572306,0.3860967741935484,0.7233522607656734,0.3710716962814331,1.4220201969146729,1.8257659673690796,,,,,0.37874285714285716,350000,0.2109624456315518,206,,
206,0,,419067.0,419067.0,,,9.763697335920577e-07,0.001871547804564569,0.34325806451612906,0.6862149037533284,0.36209678649902344,1.4244868755340576,1.8297892808914185,,,,,0.38057142857142856,350000,0.2109624456315518,207,,
207,0,,417028.0,417028.0,,,9.936688947756687e-07,0.001862225308234881,0.3763870967741936,0.7088179624891978,0.3541630804538727,1.452254056930542,1.8650975227355957,,,,,0.24594285714285713,350000,0.2109624456315518,208,,
208,0,,416999.0,416999.0,,,9.975353752441933e-07,0.0018528879427945528,0.3960806451612903,0.7175642984444159,0.3651416003704071,1.4411048889160156,1.8555454015731812,,,,,0.24571428571428572,350000,0.2109624456315518,209,,
209,1,386578,408763.0,386578.0,1.0573881596986896,300815,1.0062397107989395e-06,0.0018435360920661054,0.36293548387096775,0.6944517240040143,0.37863442301750183,1.4180757999420166,1.8333923816680908,0,0,1,0,0.5856,350000,0.2109624456315518,210,85763,0
210,0,,406487.0,406487.0,,,9.37480036933624e-07,0.0018341701404674933,0.33646774193548384,0.6781682877973493,0.36798927187919617,1.4271820783615112,1.8048261404037476,,,,,0.6029714285714286,350000,0.2109624456315518,211,,
211,0,,407275.0,407275.0,,,9.931628938421928e-07,0.0018247904729963033,0.4259193548387097,0.7320826472291285,0.35829392075538635,1.4384046792984009,1.8448379039764404,,,,,0.6077714285714285,350000,0.2109624456315518,212,,
212,0,,404867.0,404867.0,,,1.002657397102561e-06,0.0018153974752139273,0.3809677419354839,0.7166713761837404,0.36505556106567383,1.4241896867752075,1.8294023275375366,,,,,0.3769142857142857,350000,0.2109624456315518,213,,
213,0,,406250.0,406250.0,,,1.0040131620611271e-06,0.0018059915332297148,0.2732741935483871,0.6166711485290406,0.3638225793838501,1.4368749856948853,1.8459089994430542,,,,,0.3764571428571429,350000,0.2109624456315518,214,,
214,0,,413161.0,413161.0,,,1.0149780892316657e-06,0.001796573033685099,0.37956451612903225,0.7073155110673947,0.34380826354026794,1.4693200588226318,1.8866342306137085,,,,,0.38034285714285715,350000,0.2109624456315518,215,,
215,0,,417198.0,417198.0,,,1.0408428824607865e-06,0.001787142363737708,0.36316129032258065,0.7013696641723854,0.37479034066200256,1.4153259992599487,1.8455328941345215,,,,,0.37897142857142857,350000,0.2109624456315518,216,,
216,0,,412976.0,412976.0,,,1.0602829636012826e-06,0.0017776999110454444,0.3639193548387097,0.6883468600240444,0.3566003739833832,1.4387242794036865,1.8796266317367554,,,,,0.3776,350000,0.2109624456315518,217,,
217,0,,413010.0,413010.0,,,1.0582717851325998e-06,0.0017682460637505556,0.29916129032258065,0.6861558748033825,0.35134410858154297,1.4385284185409546,1.8762484788894653,,,,,0.2422857142857143,350000,0.2109624456315518,218,,
218,0,,408591.0,408591.0,,,1.0671552302337965e-06,0.0017587812104636756,0.3406290322580645,0.7038877415324659,0.35382795333862305,1.4717142581939697,1.907464623451233,,,,,0.24502857142857143,350000,0.2109624456315518,219,,
219,1,383597,405997.0,383597.0,1.058394617267601,297834,1.0639393310951294e-06,0.0017493057402478522,0.3817258064516129,0.7182048910878449,0.35505735874176025,1.438834547996521,1.8733338117599487,0,0,1,0,0.5856,350000,0.2109624456315518,220,85763,0
220,0,,394991.0,394991.0,,,1.003445125511828e-06,0.0017398200426025521,0.36432258064516126,0.6950788891658422,0.352186381816864,1.4550774097442627,1.8539308309555054,,,,,0.6054857142857143,350000,0.2109624456315518,221,,
221,0,,409914.0,409914.0,,,1.0395169700929014e-06,0.0017303245074476532,0.3913548387096774,0.7277261644353731,0.3510914146900177,1.4472087621688843,1.8652393817901611,,,,,0.6112,350000,0.2109624456315518,222,,
222,0,,404248.0,404248.0,,,1.087347524236015e-06,0.0017208195251074145,0.4036451612903226,0.7302947687102662,0.35655197501182556,1.4414780139923096,1.8865513801574707,,,,,0.3744,350000,0.2109624456315518,223,,
223,0,,403967.0,403967.0,,,1.0800714601908546e-06,0.0017113054862944307,0.35385483870967743,0.6884770773213809,0.34031543135643005,1.4690852165222168,1.9065982103347778,,,,,0.37714285714285717,350000,0.2109624456315518,224,,
224,0,,388961.0,388961.0,,,1.0870872243199196e-06,0.0017017827820935744,0.41385483870967743,0.7296119823574398,0.3552168607711792,1.43879234790802,1.8691151142120361,,,,,0.37394285714285713,350000,0.2109624456315518,225,,
225,0,,395588.0,395588.0,,,1.052244008331069e-06,0.0016922518039459167,0.3520645161290323,0.6948809613844265,0.35236379504203796,1.4397307634353638,1.8543931245803833,,,,,0.37417142857142854,350000,0.2109624456315518,226,,
226,0,,404307.0,404307.0,,,1.076743517125824e-06,0.0016827129436326395,0.37520967741935485,0.7115490135496951,0.3516756296157837,1.441477656364441,1.8685916662216187,,,,,0.3762285714285714,350000,0.2109624456315518,227,,
227,0,,395709.0,395709.0,,,1.1084409912708472e-06,0.0016731665932589285,0.3364516129032258,0.6922711718281549,0.35208064317703247,1.4476656913757324,1.891870141029358,,,,,0.24045714285714287,350000,0.2109624456315518,228,,
228,0,,396749.0,396749.0,,,1.0915475007852364e-06,0.0016636131452378577,0.40630645161290324,0.7214624730370833,0.35547134280204773,1.4573665857315063,1.8921618461608887,,,,,0.2422857142857143,350000,0.2109624456315518,229,,
229,1,379792,394455.0,379792.0,1.0386079748915196,294029,1.1012982326311277e-06,0.001654052992274256,0.35935483870967744,0.6960077586482055,0.34263619780540466,1.4536895751953125,1.8876848220825195,0,0,1,0,0.5833142857142857,350000,0.2109624456315518,230,85763,0
230,0,,394090.0,394090.0,,,1.0585437257431113e-06,0.0016444865273485686,0.36261290322580647,0.6971049862192336,0.34246596693992615,1.4504456520080566,1.8637324571609497,,,,,0.6052571428571428,350000,0.2109624456315518,231,,
231,0,,399290.0,399290.0,,,1.1049300201940875e-06,0.0016349141437006984,0.3618225806451613,0.6952709261863401,0.34427061676979065,1.4496630430221558,1.8906720876693726,,,,,0.6096,350000,0.2109624456315518,232,,
232,0,,395666.0,395666.0,,,1.1269089069847642e-06,0.0016253362348138448,0.2924032258064516,0.6978951066408201,0.33407169580459595,1.4661543369293213,1.9104995727539062,,,,,0.3764571428571429,350000,0.2109624456315518,233,,
233,0,,389909.0,389909.0,,,1.12354932912638e-06,0.0016157531943983283,0.30801612903225806,0.6550412648563146,0.3352760076522827,1.4661920070648193,1.905569314956665,,,,,0.3746285714285714,350000,0.2109624456315518,234,,
234,0,,390924.0,390924.0,,,1.113195476423111e-06,0.0016061654163754056,0.3398548387096774,0.6844491233962305,0.329401433467865,1.4673138856887817,1.8982845544815063,,,,,0.3750857142857143,350000,0.2109624456315518,235,,
235,0,,387406.0,387406.0,,,1.1222812867338366e-06,0.0015965732948610791,0.347258064516129,0.6842681335178575,0.3439587950706482,1.447377324104309,1.8817236423492432,,,,,0.37417142857142854,350000,0.2109624456315518,236,,
236,0,,387377.0,387377.0,,,1.1178425713935064e-06,0.001586977224149894,0.3497096774193548,0.6895164147682722,0.3357293903827667,1.4577429294586182,1.8895807266235352,,,,,0.3737142857142857,350000,0.2109624456315518,237,,
237,0,,385846.0,385846.0,,,1.1234439848385738e-06,0.0015773775986987321,0.3776935483870968,0.706382811824582,0.334980309009552,1.460647702217102,1.8947536945343018,,,,,0.2377142857142857,350000,0.2109624456315518,238,,
238,0,,392973.0,392973.0,,,1.1244726377736055e-06,0.0015677748131105972,0.3636451612903226,0.6877451585195445,0.33375269174575806,1.4844393730163574,1.9174749851226807,,,,,0.24022857142857143,350000,0.2109624456315518,239,,
239,1,365081,379776.0,365081.0,1.040251341483123,279318,1.1518935207028998e-06,0.0015581692621183922,0.33811290322580645,0.6568091611771752,0.34615591168403625,1.4464762210845947,1.8931431770324707,0,0,1,0,0.5803428571428572,350000,0.2109624456315518,240,85763,0
240,0,,386675.0,386675.0,,,1.0723953295393787e-06,0.0015485613405686973,0.3525,0.6954088230837175,0.3346487581729889,1.4588292837142944,1.8603980541229248,,,,,0.5995428571428572,350000,0.2109624456315518,241,,
241,0,,380013.0,380013.0,,,1.1414993778943156e-06,0.001538951443405534,0.33161290322580644,0.6722009294563819,0.33567026257514954,1.4616146087646484,1.8974337577819824,,,,,0.6018285714285714,350000,0.2109624456315518,242,,
242,0,,392506.0,392506.0,,,1.1264568471507198e-06,0.0015293399656541367,0.3557258064516129,0.6953553308739133,0.3375215232372284,1.4617416858673096,1.89380943775177,,,,,0.37325714285714284,350000,0.2109624456315518,243,,
243,0,,391671.0,391671.0,,,1.1701763543617964e-06,0.0015197273024047098,0.3736935483870968,0.7063205121784257,0.3406093418598175,1.4782562255859375,1.9336190223693848,,,,,0.3766857142857143,350000,0.2109624456315518,244,,
244,0,,385229.0,385229.0,,,1.1742730766564036e-06,0.0015101138487961896,0.3211935483870968,0.6631215019942862,0.3361971378326416,1.4593980312347412,1.9144635200500488,,,,,0.37325714285714284,350000,0.2109624456315518,245,,
245,0,,385403.0,385403.0,,,1.1605108537860748e-06,0.0015004999999999999,0.2472258064516129,0.610041649359787,0.3245340585708618,1.4798842668533325,1.9228551387786865,,,,,0.3757714285714286,350000,0.2109624456315518,246,,
246,0,,389915.0,389915.0,,,1.1666421858652634e-06,0.0014908861512038102,0.27806451612903227,0.632290384594026,0.31546416878700256,1.4942400455474854,1.9445340633392334,,,,,0.3753142857142857,350000,0.2109624456315518,247,,
247,0,,390044.0,390044.0,,,1.1866909307553678e-06,0.0014812726975952898,0.41185483870967743,0.7183594308343622,0.33693549036979675,1.4507145881652832,1.9105010032653809,,,,,0.24,350000,0.2109624456315518,248,,
248,0,,388585.0,388585.0,,,1.1935306053326606e-06,0.001471660034345863,0.2957258064516129,0.688332561467893,0.32699283957481384,1.4792546033859253,1.9443985223770142,,,,,0.24068571428571428,350000,0.2109624456315518,249,,
249,1,378105,389777.0,378105.0,1.0308697319527644,292342,1.195299918498165e-06,0.001462048556594466,0.34075806451612906,0.6780412037554002,0.3275161385536194,1.4735052585601807,1.936780571937561,0,0,1,0,0.5869714285714286,350000,0.2109624456315518,250,85763,0
250,0,,382656.0,382656.0,,,1.1675634657424798e-06,0.0014524386594313029,0.2684354838709677,0.6470130827237057,0.32378315925598145,1.4904804229736328,1.9344297647476196,,,,,0.6038857142857142,350000,0.2109624456315518,251,,
251,0,,384309.0,384309.0,,,1.1868986288405533e-06,0.0014428307378816074,0.2856451612903226,0.6157344943176151,0.33198028802871704,1.4588361978530884,1.9136669635772705,,,,,0.6073142857142857,350000,0.2109624456315518,252,,
252,0,,387415.0,387415.0,,,1.19761239289456e-06,0.0014332251868894033,0.29211290322580646,0.6252638553378322,0.317976713180542,1.4845225811004639,1.946289300918579,,,,,0.37325714285714284,350000,0.2109624456315518,253,,
253,0,,382498.0,382498.0,,,1.2134379615884286e-06,0.0014236224013012679,0.348758064516129,0.6847404724253449,0.3114892542362213,1.4989382028579712,1.9649771451950073,,,,,0.3757714285714286,350000,0.2109624456315518,254,,
254,0,,379441.0,379441.0,,,1.2033677560984855e-06,0.0014140227758501062,0.26587096774193547,0.622115368273901,0.3169856667518616,1.486903429031372,1.947561264038086,,,,,0.376,350000,0.2109624456315518,255,,
255,0,,376349.0,376349.0,,,1.1985806680117261e-06,0.001404426705138921,0.3470161290322581,0.6810800647241442,0.32132795453071594,1.4753129482269287,1.9315177202224731,,,,,0.37485714285714283,350000,0.2109624456315518,256,,
256,0,,382976.0,382976.0,,,1.1931359045545885e-06,0.001394834583624594,0.32253225806451613,0.6564350095113592,0.3237670361995697,1.471328616142273,1.928036093711853,,,,,0.3753142857142857,350000,0.2109624456315518,257,,
257,0,,376881.0,376881.0,,,1.219623778709579e-06,0.0013852468056016719,0.25116129032258067,0.6493198157736934,0.3296559154987335,1.474967360496521,1.9409680366516113,,,,,0.24022857142857143,350000,0.2109624456315518,258,,
258,0,,379957.0,379957.0,,,1.2046624623420157e-06,0.0013756637651861552,0.3335967741935484,0.6641936598675876,0.310125470161438,1.49723482131958,1.9584158658981323,,,,,0.23954285714285714,350000,0.2109624456315518,259,,
259,1,356745,377566.0,356745.0,1.0583638172924639,270982,1.2194918563983376e-06,0.0013660858562993014,0.2780161290322581,0.6749493938290565,0.3199121952056885,1.4829975366592407,1.9457333087921143,0,0,1,0,0.5851428571428572,350000,0.2109624456315518,260,85763,0
260,0,,370672.0,370672.0,,,1.1460850355246793e-06,0.0013565134726514312,0.3720806451612903,0.7128313085323427,0.3291308283805847,1.472676157951355,1.8950612545013428,,,,,0.6022857142857143,350000,0.2109624456315518,261,,
261,0,,372839.0,372839.0,,,1.1942488045191727e-06,0.0013469470077257437,0.33756451612903227,0.6731113377868577,0.3401379883289337,1.4711318016052246,1.9158363342285156,,,,,0.6070857142857143,350000,0.2109624456315518,262,,
262,0,,370218.0,370218.0,,,1.2050332568795184e-06,0.0013373868547621424,0.34703225806451615,0.6860557727052496,0.32539427280426025,1.4761202335357666,1.9233423471450806,,,,,0.37211428571428573,350000,0.2109624456315518,263,,
263,0,,371697.0,371697.0,,,1.1999266611570676e-06,0.0013278334067410714,0.3417903225806452,0.673658294031253,0.3278781473636627,1.4800359010696411,1.924344539642334,,,,,0.37257142857142855,350000,0.2109624456315518,264,,
264,0,,373247.0,373247.0,,,1.2083486999213293e-06,0.0013182870563673604,0.357758064516129,0.6907832677548107,0.3107168674468994,1.4878261089324951,1.9407777786254883,,,,,0.37257142857142855,350000,0.2109624456315518,265,,
265,0,,370343.0,370343.0,,,1.2172953501094833e-06,0.001308748196054083,0.34103225806451615,0.6768971281657317,0.3290233016014099,1.4709112644195557,1.9196183681488037,,,,,0.3737142857142857,350000,0.2109624456315518,266,,
266,0,,363741.0,363741.0,,,1.2112410539394712e-06,0.001299217217906426,0.30493548387096775,0.6684360991116268,0.3238441050052643,1.4763323068618774,1.9193600416183472,,,,,0.3744,350000,0.2109624456315518,267,,
267,0,,369419.0,369419.0,,,1.191941412834881e-06,0.0012896945137055695,0.3395483870967742,0.6495183173495984,0.31816309690475464,1.5093789100646973,1.9469281435012817,,,,,0.2422857142857143,350000,0.2109624456315518,268,,
268,0,,369380.0,369380.0,,,1.2138204227635997e-06,0.0012801804748925854,0.34524193548387094,0.6748238147603304,0.31797313690185547,1.5006837844848633,1.9484241008758545,,,,,0.24137142857142857,350000,0.2109624456315518,269,,
269,1,360693,372322.0,360693.0,1.032240714402553,274930,1.2169671505633716e-06,0.0012706754925523463,0.37270967741935485,0.6976394025045789,0.34546416997909546,1.4583595991134644,1.9073586463928223,0,0,1,0,0.5808,350000,0.2109624456315518,270,85763,0
270,0,,361056.0,361056.0,,,1.190136229794227e-06,0.001261179957397448,0.38070967741935485,0.6971278171944958,0.35435664653778076,1.4467158317565918,1.8772779703140259,,,,,0.5910857142857143,350000,0.2109624456315518,271,,
271,0,,359256.0,359256.0,,,1.1931879385977125e-06,0.0012516942597521482,0.3706451612903226,0.6917738285724719,0.348075270652771,1.4615449905395508,1.8944810628890991,,,,,0.5965714285714285,350000,0.2109624456315518,272,,
272,0,,368561.0,368561.0,,,1.188789929826162e-06,0.0012422187895363244,0.2978709677419355,0.6116913289156333,0.33628496527671814,1.4720901250839233,1.9113564491271973,,,,,0.3659428571428571,350000,0.2109624456315518,273,,
273,0,,372909.0,372909.0,,,1.2227355290969495e-06,0.0012327539362494444,0.3422258064516129,0.6789564038313027,0.32199642062187195,1.500756025314331,1.9580714702606201,,,,,0.37097142857142856,350000,0.2109624456315518,274,,
274,0,,383149.0,383149.0,,,1.2410885248883476e-06,0.0012233000889545554,0.31401612903225806,0.6701461042521704,0.32339605689048767,1.479906439781189,1.9471982717514038,,,,,0.37234285714285714,350000,0.2109624456315518,275,,
275,0,,377993.0,377993.0,,,1.2809511683700615e-06,0.0012138576362622925,0.36562903225806453,0.6923050495057541,0.31743907928466797,1.4986538887023926,1.9877715110778809,,,,,0.37394285714285713,350000,0.2109624456315518,276,,
276,0,,374931.0,374931.0,,,1.268584558217085e-06,0.0012044269663149007,0.336,0.633472171166173,0.32091400027275085,1.4814015626907349,1.9596432447433472,,,,,0.3734857142857143,350000,0.2109624456315518,277,,
277,0,,388749.0,388749.0,,,1.2626447545697217e-06,0.0011950084667702852,0.3034516129032258,0.6283218943459162,0.32253405451774597,1.4832864999771118,1.9657630920410156,,,,,0.2384,350000,0.2109624456315518,278,,
278,0,,378549.0,378549.0,,,1.3160705641168384e-06,0.0011856025247860722,0.34985483870967743,0.6737017783385622,0.3232240378856659,1.4815874099731445,1.987155556678772,,,,,0.23885714285714285,350000,0.2109624456315518,279,,
279,1,360458,371966.0,360458.0,1.031926049636851,274695,1.2865737816552005e-06,0.0011762095270036964,0.3378548387096774,0.6774493825686495,0.3230949938297272,1.47884202003479,1.9642679691314697,0,0,1,0,0.5862857142857143,350000,0.2109624456315518,280,85763,0
280,0,,370611.0,370611.0,,,1.2268927314867026e-06,0.0011668298595325065,0.2674677419354839,0.6292142774354774,0.3161182999610901,1.4819309711456299,1.9309415817260742,,,,,0.5984,350000,0.2109624456315518,281,,
281,0,,387167.0,387167.0,,,1.2650647168763236e-06,0.0011574639079338946,0.3333225806451613,0.6635812876258292,0.312315434217453,1.4921464920043945,1.9715278148651123,,,,,0.6054857142857143,350000,0.2109624456315518,282,,
282,0,,375957.0,375957.0,,,1.3282636439844606e-06,0.001148112057205447,0.3011774193548387,0.6332871520751203,0.3233620226383209,1.4753437042236328,1.9842462539672852,,,,,0.3712,350000,0.2109624456315518,283,,
283,0,,378062.0,378062.0,,,1.2944272122094106e-06,0.0011387746917651187,0.3482741935483871,0.6785941268729794,0.3222724199295044,1.4731709957122803,1.967661738395691,,,,,0.37165714285714285,350000,0.2109624456315518,284,,
284,0,,386991.0,386991.0,,,1.3067040452173157e-06,0.001129452195435431,0.34346774193548385,0.6698653976407407,0.2784139811992645,1.57462739944458,2.080665111541748,,,,,0.3782857142857143,350000,0.2109624456315518,285,,
285,0,,389479.0,389479.0,,,1.3443015957060205e-06,0.0011201449514276938,0.25267741935483873,0.6174703417197783,0.30189427733421326,1.51340651512146,2.042665719985962,,,,,0.37805714285714287,350000,0.2109624456315518,286,,
286,0,,389117.0,389117.0,,,1.3601935010820575e-06,0.0011108533423262546,0.3468709677419355,0.6708088806629372,0.30088889598846436,1.5208570957183838,2.0535008907318115,,,,,0.38034285714285715,350000,0.2109624456315518,287,,
287,0,,389193.0,389193.0,,,1.366147092603731e-06,0.0011015777500727707,0.27141935483870966,0.5898793605749066,0.3008871078491211,1.5189933776855469,2.0503292083740234,,,,,0.24434285714285714,350000,0.2109624456315518,288,,
288,0,,393781.0,393781.0,,,1.3736849068309941e-06,0.0010923185559505097,0.2357741935483871,0.5353279320678674,0.3068942725658417,1.5021315813064575,2.0403857231140137,,,,,0.24411428571428573,350000,0.2109624456315518,289,,
289,1,385110,392164.0,385110.0,1.0183168445379243,299347,1.3980934440946548e-06,0.0010830761405686766,0.20259677419354838,0.5,0.2877347767353058,1.5250064134597778,2.0707473754882812,0,0,0,0,0.5846857142857143,350000,0.2109624456315518,290,85763,0
290,0,,383593.0,383593.0,,,1.3738587219718381e-06,0.0010738508838467667,0.20259677419354838,0.5,0.20213082432746887,1.6127521991729736,2.140242338180542,,,,,0.5844571428571429,350000,0.2109624456315518,291,,
291,0,,383593.0,383593.0,,,1.3747321332916181e-06,0.001064643164998952,0.20259677419354838,0.5,0.20213082432746887,1.6093974113464355,2.136735677719116,,,,,0.5844571428571429,350000,0.2109624456315518,292,,
292,0,,383510.0,383510.0,,,1.3810462263937682e-06,0.0010554533625184897,0.20259677419354838,0.5,0.20213082432746887,1.6093342304229736,2.1389517784118652,,,,,0.3474285714285714,350000,0.2109624456315518,293,,
293,0,,381380.0,381380.0,,,1.387074115166073e-06,0.0010462818541621657,0.20259677419354838,0.5,0.2016630917787552,1.6093335151672363,2.1400673389434814,,,,,0.34605714285714284,350000,0.2109624456315518,294,,
294,0,,381212.0,381212.0,,,1.3853049387159745e-06,0.0010371290169347664,0.20259677419354838,0.5,0.20164158940315247,1.6093342304229736,2.1375882625579834,,,,,0.34445714285714285,350000,0.2109624456315518,295,,
295,0,,379584.0,379584.0,,,1.3906215562937912e-06,0.0010279952270735807,0.27974193548387094,0.6004681895322312,0.22148925065994263,1.5997915267944336,2.129352569580078,,,,,0.3590857142857143,350000,0.2109624456315518,296,,
296,0,,386164.0,386164.0,,,1.3903120432243022e-06,0.0010188808600329353,0.20259677419354838,0.5,0.2190304696559906,1.5911256074905396,2.12888765335083,,,,,0.36,350000,0.2109624456315518,297,,
297,0,,379124.0,379124.0,,,1.421383789465427e-06,0.0010097862904687612,0.3065,0.6105722632774931,0.2621594965457916,1.5388165712356567,2.0801639556884766,,,,,0.2272,350000,0.2109624456315518,298,,
298,0,,380637.0,380637.0,,,1.4010592869683697e-06,0.0010007118922231919,0.2941290322580645,0.6358263118916783,0.2945752739906311,1.5132979154586792,2.044844627380371,,,,,0.22811428571428571,350000,0.2109624456315518,299,,
299,1,378805,384064.0,378805.0,1.0138831324824118,293042,1.41256481724981e-06,0.000991658038309197,0.25409677419354837,0.5506335536438094,0.2763369381427765,1.5459704399108887,2.084102153778076,0,0,1,0,0.5846857142857143,350000,0.2109624456315518,300,85763,0
300,0,,383701.0,383701.0,,,1.4113361606843529e-06,0.0009826251008952494,0.25901612903225807,0.5775639428016336,0.24778315424919128,1.5529459714889526,2.091146469116211,,,,,0.5924571428571429,350000,0.2109624456315518,301,,
301,0,,385387.0,385387.0,,,1.4361636872420083e-06,0.0009736134512900265,0.2876774193548387,0.5977379881806658,0.2880609333515167,1.524767518043518,2.076545238494873,,,,,0.5995428571428572,350000,0.2109624456315518,302,,
302,0,,383857.0,383857.0,,,1.4494375965098406e-06,0.0009646234599271484,0.24883870967741936,0.5721821872380363,0.2952078878879547,1.5165914297103882,2.0739338397979736,,,,,0.3654857142857143,350000,0.2109624456315518,303,,
303,0,,382497.0,382497.0,,,1.4503639523219771e-06,0.0009556554963499473,0.19975806451612904,0.5170277328033558,0.29331183433532715,1.5105825662612915,2.0656535625457764,,,,,0.36982857142857145,350000,0.2109624456315518,304,,
304,0,,376218.0,376218.0,,,1.4516555039494107e-06,0.0009467099291962813,0.3019193548387097,0.586298036591718,0.3038458824157715,1.494573950767517,2.04392147064209,,,,,0.3673142857142857,350000,0.2109624456315518,305,,
305,0,,374556.0,374556.0,,,1.4329917116863628e-06,0.0009377871261833787,0.25853225806451613,0.5511571522788513,0.30410394072532654,1.5003182888031006,2.038813352584839,,,,,0.36434285714285713,350000,0.2109624456315518,306,,
306,0,,378191.0,378191.0,,,1.4315064271065043e-06,0.0009288874540927228,0.13172580645161291,0.42809342422056407,0.2861308455467224,1.6325234174728394,2.1720774173736572,,,,,0.3757714285714286,350000,0.2109624456315518,307,,
307,0,,377163.0,377163.0,,,1.451008279662342e-06,0.0009200112787549767,0.2091290322580645,0.5112972420298345,0.30871865153312683,1.4956848621368408,2.045346975326538,,,,,0.24068571428571428,350000,0.2109624456315518,308,,
308,0,,375927.0,375927.0,,,1.4524822521172508e-06,0.0009111589650349416,0.2698548387096774,0.5685536159165668,0.28541576862335205,1.5256279706954956,2.072875738143921,,,,,0.23817142857142856,350000,0.2109624456315518,309,,
309,1,376472,378739.0,376472.0,1.0060216961686395,290709,1.4529044221006138e-06,0.0009023308768165631,0.20093548387096774,0.5392487334662827,0.27046775817871094,1.5332393646240234,2.080626964569092,0,0,0,0,0.5805714285714285,350000,0.2109624456315518,310,85763,0
310,0,,376497.0,376497.0,,,1.46032472948992e-06,0.0008935273769879704,0.20259677419354838,0.5,0.2158566415309906,1.595668077468872,2.1453065872192383,,,,,0.5819428571428571,350000,0.2109624456315518,311,,
311,0,,376492.0,376492.0,,,1.4657602919637332e-06,0.0008847488274265612,0.20259677419354838,0.5,0.20213082432746887,1.6096135377883911,2.1614646911621094,,,,,0.5817142857142857,350000,0.2109624456315518,312,,
312,0,,374863.0,374863.0,,,1.4710978816220574e-06,0.0008759955889841236,0.20259677419354838,0.5,0.20213082432746887,1.6093391180038452,2.1612863540649414,,,,,0.344,350000,0.2109624456315518,313,,
313,0,,374863.0,374863.0,,,1.4697674353940605e-06,0.0008672680214720062,0.20259677419354838,0.5,0.20205377042293549,1.6093316078186035,2.1602935791015625,,,,,0.344,350000,0.2109624456315518,314,,
314,0,,374858.0,374858.0,,,1.4748194191910145e-06,0.0008585664836463262,0.2012741935483871,0.5,0.20220789313316345,1.6093345880508423,2.162184238433838,,,,,0.34377142857142856,350000,0.2109624456315518,315,,
315,0,,374376.0,374376.0,,,1.4798680419997992e-06,0.0008498913331932217,0.20161290322580644,0.5000085127245956,0.2017975002527237,1.6093422174453735,2.1627180576324463,,,,,0.34514285714285714,350000,0.2109624456315518,316,,
316,0,,372479.0,372479.0,,,1.4829489656614066e-06,0.0008412429267141499,0.20261290322580644,0.5000209737965056,0.203983873128891,1.60977303981781,2.1638259887695312,,,,,0.3483428571428571,350000,0.2109624456315518,317,,
317,0,,370962.0,370962.0,,,1.4800339776151485e-06,0.0008326216197112275,0.20161290322580644,0.5000209737965056,0.2016039490699768,1.6093488931655884,2.1583898067474365,,,,,0.21211428571428573,350000,0.2109624456315518,318,,
318,0,,365712.0,365712.0,,,1.4782993515878883e-06,0.0008240277665726181,0.20261290322580644,0.5000250206591754,0.20156452059745789,1.6093376874923706,2.1558384895324707,,,,,0.20982857142857142,350000,0.2109624456315518,319,,
319,1,364015,364127.0,364015.0,1.0003076796285868,278252,1.4605812842979736e-06,0.0008154617205579644,0.20261290322580644,0.5000209734606545,0.20161470770835876,1.609336018562317,2.1424849033355713,0,0,0,0,0.5764571428571429,350000,0.2109624456315518,320,85763,0
320,0,,364010.0,364010.0,,,1.456660562094196e-06,0.0008069238337838679,0.20161290322580644,0.5000085123887443,0.20195519924163818,1.6093357801437378,2.1395814418792725,,,,,0.5764571428571429,350000,0.2109624456315518,321,,
321,0,,363991.0,363991.0,,,1.4595018853974562e-06,0.0007984144572094117,0.20161290322580644,0.5000250206591754,0.2009802907705307,1.6093355417251587,2.1405816078186035,,,,,0.5764571428571429,350000,0.2109624456315518,322,,
322,0,,367280.0,367280.0,,,1.4622886908117123e-06,0.0007899339406217385,0.25737096774193546,0.5915582384770802,0.2326595038175583,1.586769700050354,2.119889259338379,,,,,0.3490285714285714,350000,0.2109624456315518,323,,
323,0,,369074.0,369074.0,,,1.479061448104327e-06,0.0007814826326216698,0.20259677419354838,0.5,0.25176164507865906,1.5713820457458496,2.117311954498291,,,,,0.3554285714285714,350000,0.2109624456315518,324,,
324,0,,376421.0,376421.0,,,1.490234658523616e-06,0.0007730608806093752,0.25183870967741934,0.5605833427953064,0.2683154344558716,1.5642969608306885,2.117910861968994,,,,,0.3632,350000,0.2109624456315518,325,,
325,0,,376509.0,376509.0,,,1.5254407437435398e-06,0.0007646690307700957,0.29766129032258065,0.6176153501511747,0.2794157862663269,1.5308599472045898,2.1049773693084717,,,,,0.3654857142857143,350000,0.2109624456315518,326,,
326,0,,371385.0,371385.0,,,1.5313773725236387e-06,0.0007563074280599075,0.2946774193548387,0.6081611177911384,0.2801075279712677,1.5289392471313477,2.1008188724517822,,,,,0.3654857142857143,350000,0.2109624456315518,327,,
327,0,,369583.0,369583.0,,,1.5150223453321868e-06,0.0007479764161915489,0.31416129032258067,0.6329151881843851,0.28446057438850403,1.5313109159469604,2.0915367603302,,,,,0.23268571428571427,350000,0.2109624456315518,328,,
328,0,,368067.0,368067.0,,,1.5117809309650527e-06,0.0007396763376202874,0.30540322580645163,0.6258081986718554,0.29202330112457275,1.5214487314224243,2.0780131816864014,,,,,0.23337142857142856,350000,0.2109624456315518,329,,
329,1,364009,366473.0,364009.0,1.0067690634022786,278246,1.5093734270295851e-06,0.0007314075335298439,0.3318548387096774,0.650577620605729,0.28601792454719543,1.532278060913086,2.0859179496765137,0,0,1,0,0.5801142857142857,350000,0.2109624456315518,330,85763,0
330,0,,367680.0,367680.0,,,1.4956643560075899e-06,0.0007231703438183677,0.29143548387096774,0.6032892629698787,0.28621864318847656,1.5346451997756958,2.082352876663208,,,,,0.5940571428571428,350000,0.2109624456315518,331,,
331,0,,364812.0,364812.0,,,1.514475065477849e-06,0.0007149651070844652,0.2761290322580645,0.6007203731073792,0.2703225910663605,1.5709388256072998,2.124354839324951,,,,,0.5977142857142858,350000,0.2109624456315518,332,,
332,0,,361251.0,361251.0,,,1.5057791849929663e-06,0.0007067921606132807,0.30243548387096775,0.6138521801825155,0.28599104285240173,1.5303304195404053,2.0782995223999023,,,,,0.3616,350000,0.2109624456315518,333,,
333,0,,366348.0,366348.0,,,1.4934417311752063e-06,0.0006986518403626325,0.2744516129032258,0.6055865189113779,0.270028680562973,1.5680824518203735,2.116156578063965,,,,,0.36297142857142856,350000,0.2109624456315518,334,,
334,0,,367947.0,367947.0,,,1.51797401976736e-06,0.000690544480949203,0.33364516129032257,0.6562473332124108,0.30118101835250854,1.5024199485778809,2.060363531112671,,,,,0.36434285714285713,350000,0.2109624456315518,335,,
335,0,,364414.0,364414.0,,,1.528416231333783e-06,0.0006824704156347824,0.24351612903225806,0.5900688583653494,0.28943729400634766,1.5579650402069092,2.116034507751465,,,,,0.3670857142857143,350000,0.2109624456315518,336,,
336,0,,362898.0,362898.0,,,1.5167981088851655e-06,0.0006744299763125724,0.2801774193548387,0.6429711632624274,0.30304840207099915,1.5061264038085938,2.0557477474212646,,,,,0.3677714285714286,350000,0.2109624456315518,337,,
337,0,,361759.0,361759.0,,,1.5132236718784074e-06,0.0006664234934935411,0.30179032258064514,0.6186760668131477,0.312195360660553,1.5256046056747437,2.0738303661346436,,,,,0.23062857142857143,350000,0.2109624456315518,338,,
338,0,,366937.0,366937.0,,,1.510968676780791e-06,0.000658451296292838,0.32148387096774195,0.6279051573356658,0.2989982068538666,1.5181981325149536,2.069329023361206,,,,,0.23222857142857142,350000,0.2109624456315518,339,,
339,1,363177,365348.0,363177.0,1.0059778014576914,277414,1.5362213473908081e-06,0.0006505137124162658,0.30093548387096775,0.6218256045696374,0.2988136410713196,1.517619013786316,2.080315351486206,0,0,1,0,0.5810285714285714,350000,0.2109624456315518,340,85763,0
340,0,,366146.0,366146.0,,,1.5232919300447136e-06,0.000642611068146807,0.30629032258064515,0.6277000059990359,0.29255735874176025,1.5204579830169678,2.0748491287231445,,,,,0.5904,350000,0.2109624456315518,341,,
341,0,,366309.0,366309.0,,,1.539211895127811e-06,0.0006347436883312156,0.2622741935483871,0.6212222010443452,0.3015824556350708,1.5156688690185547,2.0782229900360107,,,,,0.5963428571428572,350000,0.2109624456315518,342,,
342,0,,364698.0,364698.0,,,1.543407773781899e-06,0.0006269118963666611,0.30988709677419357,0.6137953083091114,0.29492831230163574,1.5199370384216309,2.0835773944854736,,,,,0.36228571428571427,350000,0.2109624456315518,343,,
343,0,,364626.0,364626.0,,,1.5397837879276773e-06,0.0006191160141874367,0.23524193548387096,0.5853126392878906,0.29588350653648376,1.5209932327270508,2.0828707218170166,,,,,0.36137142857142857,350000,0.2109624456315518,344,,
344,0,,367249.0,367249.0,,,1.542634265076758e-06,0.0006113563622517239,0.2719354838709677,0.6344114348974347,0.2954731285572052,1.519974946975708,2.084852933883667,,,,,0.36297142857142856,350000,0.2109624456315518,345,,
345,0,,367322.0,367322.0,,,1.5574732321047413e-06,0.0006036332595284217,0.26448387096774195,0.6310935317040094,0.28976166248321533,1.5292243957519531,2.1008951663970947,,,,,0.36457142857142855,350000,0.2109624456315518,346,,
346,0,,367351.0,367351.0,,,1.5615498555253653e-06,0.0005959470234840334,0.3157258064516129,0.6464414190538859,0.29470252990722656,1.5157490968704224,2.087437152862549,,,,,0.3650285714285714,350000,0.2109624456315518,347,,
347,0,,365776.0,365776.0,,,1.5654557628730906e-06,0.000588297970069618,0.30006451612903223,0.6144785256386396,0.28695163130760193,1.5379289388656616,2.1085050106048584,,,,,0.22788571428571427,350000,0.2109624456315518,348,,
348,0,,369312.0,369312.0,,,1.5621838283277292e-06,0.0005806864137078026,0.30948387096774194,0.6413010524363628,0.2918727695941925,1.5286928415298462,2.1022510528564453,,,,,0.22788571428571427,350000,0.2109624456315518,349,,
349,1,365283,365913.0,365283.0,1.0017246901717298,279520,1.5815270321988148e-06,0.0005731126672798556,0.2875483870967742,0.6051899035157636,0.2852168679237366,1.5393354892730713,2.1186671257019043,0,0,1,0,0.5824,350000,0.2109624456315518,350,85763,0
350,0,,365609.0,365609.0,,,1.5676197698777297e-06,0.0005655770421128291,0.28743548387096773,0.6082245635131895,0.30290502309799194,1.5119242668151855,2.085031270980835,,,,,0.5938285714285715,350000,0.2109624456315518,351,,
351,0,,365812.0,365812.0,,,1.572445458848373e-06,0.0005580798479667586,0.3139677419354839,0.641331624513502,0.29647311568260193,1.5183508396148682,2.0961122512817383,,,,,0.5970285714285715,350000,0.2109624456315518,352,,
352,0,,367812.0,367812.0,,,1.5767983458588011e-06,0.0005506213930219316,0.31409677419354837,0.6264902656451466,0.2862204313278198,1.527482509613037,2.107133388519287,,,,,0.36182857142857144,350000,0.2109624456315518,353,,
353,0,,367990.0,367990.0,,,1.589358959514865e-06,0.0005432019838662167,0.30266129032258066,0.6278295274023569,0.2848118245601654,1.538499116897583,2.123865842819214,,,,,0.3682285714285714,350000,0.2109624456315518,354,,
354,0,,365971.0,365971.0,,,1.5941181847273379e-06,0.0005358219254824653,0.28253225806451615,0.6517878605921632,0.3025286793708801,1.5044870376586914,2.0907678604125977,,,,,0.36845714285714287,350000,0.2109624456315518,355,,
355,0,,367545.0,367545.0,,,1.5889129442539336e-06,0.0005284815212359716,0.2566290322580645,0.5738999403243226,0.2958853244781494,1.5221246480941772,2.1056277751922607,,,,,0.3686857142857143,350000,0.2109624456315518,356,,
356,0,,369149.0,369149.0,,,1.599654062105553e-06,0.0005211810728620034,0.30270967741935484,0.6134089713810631,0.29708245396614075,1.5329817533493042,2.122063398361206,,,,,0.37005714285714286,350000,0.2109624456315518,357,,
357,0,,363493.0,363493.0,,,1.6109198499653927e-06,0.000513920880453401,0.3285806451612903,0.6508289051368562,0.3060752749443054,1.514044165611267,2.1032028198242188,,,,,0.23337142857142856,350000,0.2109624456315518,358,,
358,0,,363923.0,363923.0,,,1.589240737305167e-06,0.0005067012424482368,0.277741935483871,0.6297044484424387,0.3011380136013031,1.5099509954452515,2.088467836380005,,,,,0.23222857142857142,350000,0.2109624456315518,359,,
359,1,363885,364039.0,363885.0,1.000423210629732,278122,1.594227197776712e-06,0.0004995224556175516,0.31143548387096776,0.6423372856203442,0.2986881732940674,1.5344390869140625,2.112752676010132,0,0,1,0,0.5826285714285714,350000,0.2109624456315518,360,85763,0
360,0,,365679.0,365679.0,,,1.597164575179892e-06,0.0004923848150531553,0.3361290322580645,0.6580083463808974,0.3012043237686157,1.5176643133163452,2.1018190383911133,,,,,0.5926857142857143,350000,0.2109624456315518,361,,
361,0,,373516.0,373516.0,,,1.6085595186864574e-06,0.00048528861415549567,0.3214032258064516,0.6391400601683462,0.30974912643432617,1.500499963760376,2.0933425426483154,,,,,0.5984,350000,0.2109624456315518,362,,
362,0,,375136.0,375136.0,,,1.6483839706700472e-06,0.00047823414462159645,0.3209193548387097,0.6498050337990675,0.30193549394607544,1.5107519626617432,2.1276192665100098,,,,,0.3666285714285714,350000,0.2109624456315518,363,,
363,0,,377730.0,377730.0,,,1.661284262057406e-06,0.0004712216964330704,0.2568064516129032,0.5982837222487308,0.288044810295105,1.5240813493728638,2.1472010612487793,,,,,0.3673142857142857,350000,0.2109624456315518,364,,
364,0,,380909.0,380909.0,,,1.6791610738645901e-06,0.00046425155784419645,0.3282258064516129,0.6507065746724525,0.3001630902290344,1.5109201669692993,2.1491363048553467,,,,,0.3702857142857143,350000,0.2109624456315518,365,,
365,0,,386493.0,386493.0,,,1.700473126452703e-06,0.0004573240153700722,0.2801774193548387,0.5957225570452251,0.28713980317115784,1.527238130569458,2.1764023303985596,,,,,0.37051428571428574,350000,0.2109624456315518,366,,
366,0,,386015.0,386015.0,,,1.7339790688762115e-06,0.00045043935377483567,0.23616129032258065,0.60003061919725,0.2940143346786499,1.5132346153259277,2.1812009811401367,,,,,0.3712,350000,0.2109624456315518,367,,
367,0,,381387.0,381387.0,,,1.7403364092722818e-06,0.0004435978560599585,0.28146774193548385,0.5928160388781647,0.2880806624889374,1.5217421054840088,2.190725564956665,,,,,0.2336,350000,0.2109624456315518,368,,
368,0,,386502.0,386502.0,,,1.7268706275321493e-06,0.00043679980345261583,0.2718225806451613,0.5838910902125405,0.2820681035518646,1.5328826904296875,2.1937355995178223,,,,,0.23382857142857144,350000,0.2109624456315518,369,,
369,1,379014,383913.0,379014.0,1.0129256439076129,293251,1.758732737365935e-06,0.00043004547539412505,0.32017741935483873,0.6341030255866629,0.2884892523288727,1.5230739116668701,2.201172351837158,0,0,1,0,0.5817142857142857,350000,0.2109624456315518,370,85763,0
370,0,,386557.0,386557.0,,,1.7315407422751032e-06,0.00042333514952845765,0.28935483870967743,0.6140589666501131,0.26863980293273926,1.5531071424484253,2.2168025970458984,,,,,0.6032,350000,0.2109624456315518,371,,
371,0,,396916.0,396916.0,,,1.7747953392202346e-06,0.00041666910169082654,0.21995161290322582,0.5218053626878373,0.27724015712738037,1.5499435663223267,2.2406680583953857,,,,,0.6141714285714286,350000,0.2109624456315518,372,,
372,0,,390801.0,390801.0,,,1.8338544839737367e-06,0.0004100476058963496,0.21077419354838708,0.5306800957329018,0.26829928159713745,1.5585826635360718,2.2771644592285156,,,,,0.37942857142857145,350000,0.2109624456315518,373,,
373,0,,393867.0,393867.0,,,1.8155838583137704e-06,0.0004034709343287844,0.2678548387096774,0.549858773205747,0.26386559009552,1.555254578590393,2.2665011882781982,,,,,0.3785142857142857,350000,0.2109624456315518,374,,
374,0,,389830.0,389830.0,,,1.8406631560168398e-06,0.0003969393573293399,0.3088064516129032,0.636464451812324,0.28157708048820496,1.5389814376831055,2.2525410652160645,,,,,0.38011428571428574,350000,0.2109624456315518,375,,
375,0,,387592.0,387592.0,,,1.8316409425295917e-06,0.00039045314338556457,0.2811451612903226,0.5918080258934018,0.2878835201263428,1.5287580490112305,2.2411930561065674,,,,,0.38011428571428574,350000,0.2109624456315518,376,,
376,0,,385031.0,385031.0,,,1.830438860457487e-06,0.0003840125591203082,0.2614032258064516,0.6117783487631188,0.2900232970714569,1.5245941877365112,2.2350687980651855,,,,,0.3785142857142857,350000,0.2109624456315518,377,,
377,0,,386563.0,386563.0,,,1.8270376740865756e-06,0.00037761786928076414,0.3098709677419355,0.6308879488960071,0.2862025201320648,1.524381160736084,2.2325994968414307,,,,,0.2432,350000,0.2109624456315518,378,,
378,0,,382964.0,382964.0,,,1.8434429442206825e-06,0.0003712693367275855,0.28896774193548386,0.5885201660989131,0.28853586316108704,1.5233594179153442,2.2359910011291504,,,,,0.2377142857142857,350000,0.2109624456315518,379,,
379,1,378111,386567.0,378111.0,1.0223638032218052,292348,1.8345175184907857e-06,0.0003649672224240804,0.25012903225806454,0.6032470116796367,0.28396594524383545,1.528699278831482,2.234168529510498,0,0,1,0,0.584,350000,0.2109624456315518,380,85763,0
380,0,,379570.0,379570.0,,,1.8182801103624343e-06,0.00035871178542548295,0.24635483870967742,0.5424797958960955,0.27468639612197876,1.5466479063034058,2.2356557846069336,,,,,0.5954285714285714,350000,0.2109624456315518,381,,
381,0,,389560.0,389560.0,,,1.8327133683646077e-06,0.00035250328286830847,0.2854032258064516,0.5983895471556602,0.2699838876724243,1.5522007942199707,2.2541394233703613,,,,,0.6075428571428572,350000,0.2109624456315518,382,,
382,0,,390613.0,390613.0,,,1.891047077339502e-06,0.00034634196995977966,0.2801290322580645,0.6014950827548439,0.27951255440711975,1.5377311706542969,2.2779603004455566,,,,,0.37325714285714284,350000,0.2109624456315518,383,,
383,0,,386628.0,386628.0,,,1.9065956986479287e-06,0.00034022809996733794,0.30546774193548387,0.6525452825458462,0.275254487991333,1.6182941198349,2.3612542152404785,,,,,0.3785142857142857,350000,0.2109624456315518,384,,
384,0,,388073.0,388073.0,,,1.8965595417528197e-06,0.00033416192420823287,0.31516129032258067,0.6416081296187371,0.28380465507507324,1.527742624282837,2.261011838912964,,,,,0.37805714285714287,350000,0.2109624456315518,385,,
385,0,,388325.0,388325.0,,,1.913501804014062e-06,0.00032814369203918933,0.30682258064516127,0.6295833490056317,0.2842150628566742,1.5340105295181274,2.2789525985717773,,,,,0.38262857142857143,350000,0.2109624456315518,386,,
386,0,,386271.0,386271.0,,,1.9247182501185904e-06,0.00032217365084616064,0.2790483870967742,0.5933886184007415,0.28251972794532776,1.5259342193603516,2.269707679748535,,,,,0.38102857142857144,350000,0.2109624456315518,387,,
387,0,,378597.0,378597.0,,,1.9240002329204137e-06,0.00031625204603415684,0.2899516129032258,0.5922972725729843,0.28286561369895935,1.5372918844223022,2.275071859359741,,,,,0.24525714285714287,350000,0.2109624456315518,388,,
388,0,,380061.0,380061.0,,,1.8931962730843434e-06,0.0003103791210171591,0.28853225806451616,0.6061966432412003,0.28656095266342163,1.5285170078277588,2.2452824115753174,,,,,0.2448,350000,0.2109624456315518,389,,
389,1,379965,383157.0,379965.0,1.0084007737554774,294202,1.9083632402406152e-06,0.0003045551172081112,0.2930322580645161,0.6109869224884897,0.27952688932418823,1.5348517894744873,2.260969638824463,0,0,1,0,0.5883428571428572,350000,0.2109624456315518,390,85763,0
390,0,,385397.0,385397.0,,,1.9157335591452187e-06,0.00029878027400899926,0.2720161290322581,0.5943939849554456,0.28784051537513733,1.5237281322479248,2.2609059810638428,,,,,0.5963428571428572,350000,0.2109624456315518,391,,
391,0,,422288.0,422288.0,,,1.952503662189989e-06,0.0002930548288010085,0.28216129032258064,0.6000979597195745,0.2857957184314728,1.5285307168960571,2.3351004123687744,,,,,0.6064,350000,0.2109624456315518,392,,
392,0,,417739.0,417739.0,,,2.159580029104102e-06,0.00028737901693476646,0.26403225806451613,0.5697272808971396,0.27622759342193604,1.5465285778045654,2.445971965789795,,,,,0.37257142857142855,350000,0.2109624456315518,393,,
393,0,,427552.0,427552.0,,,2.15529853600464e-06,0.0002817530717206684,0.2271774193548387,0.5346944766446009,0.2704301178455353,1.554416537284851,2.466491222381592,,,,,0.3776,350000,0.2109624456315518,394,,
394,0,,420857.0,420857.0,,,2.2281139532979222e-06,0.00027617722441928655,0.2685483870967742,0.5657866471238415,0.272646963596344,1.546303629875183,2.493988275527954,,,,,0.3757714285714286,350000,0.2109624456315518,395,,
395,0,,420915.0,420915.0,,,2.213534711031025e-06,0.0002706517042318645,0.24879032258064515,0.5470868037398124,0.2619856595993042,1.5549124479293823,2.4889822006225586,,,,,0.3769142857142857,350000,0.2109624456315518,396,,
396,0,,422698.0,422698.0,,,2.2343566785262822e-06,0.0002651767382908954,0.24387096774193548,0.5581025107262149,0.24826166033744812,1.6815439462661743,2.6170365810394287,,,,,0.38194285714285714,350000,0.2109624456315518,397,,
397,0,,422818.0,422818.0,,,2.2650948878294866e-06,0.0002597525516507851,0.29220967741935483,0.6070136004017366,0.2720663249492645,1.5334265232086182,2.4920034408569336,,,,,0.24685714285714286,350000,0.2109624456315518,398,,
398,0,,395623.0,395623.0,,,2.287251629654519e-06,0.00025437936727860065,0.2622741935483871,0.5672116827402383,0.28183692693710327,1.5197794437408447,2.453839063644409,,,,,0.2432,350000,0.2109624456315518,399,,
399,1,395365,395459.0,395365.0,1.0002377549858992,309602,2.153290797419012e-06,0.0002490574060449067,0.31548387096774194,0.6462705387912262,0.2721129059791565,1.5471185445785522,2.401766300201416,0,0,1,0,0.5947428571428571,350000,0.2109624456315518,400,85763,11776
400,0,,391502.0,391502.0,,,2.1650397864490326e-06,0.000243786886714685,0.24069354838709678,0.6018891216104164,0.28976523876190186,1.5189167261123657,2.3649673461914062,,,,,0.6029714285714286,350000,0.2109624456315518,401,,
401,0,,388032.0,388032.0,,,2.1559314272223446e-06,0.00023856802593834174,0.2547741935483871,0.5921097435702415,0.2853512763977051,1.5615029335021973,2.4035773277282715,,,,,0.6068571428571429,350000,0.2109624456315518,402,,
402,0,,390255.0,390255.0,,,2.147872390276722e-06,0.00023340103824280307,0.2846774193548387,0.6141621938410483,0.277037650346756,1.5501431226730347,2.382075786590576,,,,,0.3696,350000,0.2109624456315518,403,,
403,0,,386222.0,386222.0,,,2.171968041877079e-06,0.00022828613602269472,0.3041935483870968,0.6209936052884498,0.2926899790763855,1.5080517530441284,2.3494887351989746,,,,,0.37051428571428574,350000,0.2109624456315518,404,,
404,0,,381268.0,381268.0,,,2.160132601294604e-06,0.00022322352953161345,0.30651612903225806,0.6287312619587657,0.2944677472114563,1.5087438821792603,2.3356986045837402,,,,,0.3664,350000,0.2109624456315518,405,,
405,0,,389542.0,389542.0,,,2.141568029566359e-06,0.00021821342687348353,0.2518225806451613,0.5971562083229784,0.2943136394023895,1.5119705200195312,2.3389415740966797,,,,,0.3737142857142857,350000,0.2109624456315518,406,,
406,0,,391614.0,391614.0,,,2.1997844135570917e-06,0.00021325603399400178,0.3050967741935484,0.628459899732424,0.2922670245170593,1.5136724710464478,2.3731117248535156,,,,,0.37417142857142854,350000,0.2109624456315518,407,,
407,0,,436608.0,436608.0,,,2.223942468945342e-06,0.00020835155467217281,0.31575806451612903,0.6422305286954006,0.28227779269218445,1.5301551818847656,2.443359613418579,,,,,0.24274285714285715,350000,0.2109624456315518,408,,
408,0,,421176.0,421176.0,,,2.5070223771155053e-06,0.00020350019051193206,0.30982258064516127,0.6367118799858881,0.2910286784172058,1.5209447145462036,2.603602409362793,,,,,0.24022857142857143,350000,0.2109624456315518,409,,
409,1,418074,421683.0,418074.0,1.0086324430603195,332311,2.4408995964300234e-06,0.00019870214093385834,0.32895161290322583,0.6599469730482249,0.289399653673172,1.5165637731552124,2.5516159534454346,0,0,1,0,0.5947428571428571,350000,0.2109624456315518,410,85763,37888
410,0,,415418.0,415418.0,,,2.4445488219059102e-06,0.00019395760316697757,0.32841935483870965,0.6536873942530301,0.28349822759628296,1.5257035493850708,2.539947986602783,,,,,0.6018285714285714,350000,0.2109624456315518,411,,
411,0,,409851.0,409851.0,,,2.4499190207399286e-06,0.00018926677224065424,0.28593548387096773,0.5983081477172214,0.2746254503726959,1.5472116470336914,2.561704397201538,,,,,0.6038857142857142,350000,0.2109624456315518,412,,
412,0,,414125.0,414125.0,,,2.4362413815846286e-06,0.00018462984097657455,0.2960967741935484,0.6114335010145269,0.2823243737220764,1.6283516883850098,2.635958433151245,,,,,0.3757714285714286,350000,0.2109624456315518,413,,
413,0,,413217.0,413217.0,,,2.482441002191133e-06,0.00018004699998082135,0.2301451612903226,0.561875868613525,0.29025986790657043,1.5244221687316895,2.5581517219543457,,,,,0.3769142857142857,350000,0.2109624456315518,414,,
414,0,,413995.0,413995.0,,,2.497647666371321e-06,0.00017551843763603843,0.30498387096774193,0.6278492938479825,0.29443371295928955,1.5162197351455688,2.554136037826538,,,,,0.3744,350000,0.2109624456315518,415,,
415,0,,415603.0,415603.0,,,2.5234484795437456e-06,0.00017104434009368634,0.3005967741935484,0.6180322516165349,0.28973478078842163,1.525402307510376,2.561201572418213,,,,,0.3753142857142857,350000,0.2109624456315518,416,,
416,0,,411035.0,411035.0,,,2.555103822094069e-06,0.00016662489126639167,0.2533548387096774,0.5563734637802489,0.28388890624046326,1.5347191095352173,2.592599868774414,,,,,0.3764571428571429,350000,0.2109624456315518,417,,
417,0,,438631.0,438631.0,,,2.547412173026959e-06,0.00016226027282038527,0.2652258064516129,0.576815773799714,0.2733028829097748,1.5427519083023071,2.6342039108276367,,,,,0.24457142857142858,350000,0.2109624456315518,418,,
418,0,,422363.0,422363.0,,,2.7492947427109112e-06,0.00015795066416803683,0.21387096774193548,0.5464220868135719,0.27302688360214233,1.550406813621521,2.7344892024993896,,,,,0.24502857142857143,350000,0.2109624456315518,419,,
419,1,424932,422387.0,424932.0,0.9940108064349119,339169,2.672321690284253e-06,0.00015369624246047814,0.3442096774193548,0.6585533158291035,0.2826111316680908,1.5371339321136475,2.6674606800079346,0,0,1,0,0.6004571428571429,350000,0.2109624456315518,420,85763,40960
420,0,,416601.0,416601.0,,,2.7147814796902726e-06,0.00014949718258032264,0.29380645161290325,0.6045958541246527,0.2794820964336395,1.5525822639465332,2.693913221359253,,,,,0.6102857142857143,350000,0.2109624456315518,421,,
421,0,,440443.0,440443.0,,,2.6848397041234734e-06,0.0001453536571344749,0.2827258064516129,0.574032082986448,0.2534121870994568,1.610292911529541,2.7781591415405273,,,,,0.6162285714285715,350000,0.2109624456315518,422,,
422,0,,407158.0,407158.0,,,2.871301838689873e-06,0.00014126583644703738,0.24438709677419354,0.5834397749916079,0.26442474126815796,1.5604926347732544,2.797701835632324,,,,,0.3750857142857143,350000,0.2109624456315518,423,,
423,0,,403884.0,403884.0,,,2.674464611980745e-06,0.0001372338885523074,0.3126935483870968,0.6248741585968866,0.2983871102333069,1.519911527633667,2.6033923625946045,,,,,0.37234285714285714,350000,0.2109624456315518,424,,
424,0,,414682.0,414682.0,,,2.672021586601959e-06,0.00013325797918787083,0.26429032258064517,0.5725603385213177,0.29622045159339905,1.5414623022079468,2.63295578956604,,,,,0.37714285714285717,350000,0.2109624456315518,425,,
425,0,,383000.0,383000.0,,,2.766819673356395e-06,0.00012933827178778932,0.3008064516129032,0.603717545094492,0.26929929852485657,1.539361596107483,2.659296989440918,,,,,0.3728,350000,0.2109624456315518,426,,
426,0,,384038.0,384038.0,,,2.56697111067024e-06,0.00012547492747588118,0.2979193548387097,0.6156200973280954,0.29791757464408875,1.5281609296798706,2.513198137283325,,,,,0.37257142857142855,350000,0.2109624456315518,427,,
427,0,,383999.0,383999.0,,,2.5858999283290446e-06,0.00012166810505909986,0.29858064516129035,0.6154283614794441,0.30109140276908875,1.5153388977050781,2.5083158016204834,,,,,0.2345142857142857,350000,0.2109624456315518,428,,
428,0,,385474.0,385474.0,,,2.59765045213837e-06,0.00011791796102100429,0.3162741935483871,0.6319164041359399,0.2949570119380951,1.5300191640853882,2.5305018424987793,,,,,0.23588571428571428,350000,0.2109624456315518,429,,
429,1,384956,385527.0,384956.0,1.0014832864015628,299193,2.62024595996998e-06,0.00011422464951532792,0.26329032258064516,0.5648152321884943,0.29809319972991943,1.5192270278930664,2.5294296741485596,0,0,1,0,0.5894857142857143,350000,0.2109624456315518,430,85763,3072
430,0,,385236.0,385236.0,,,2.629209634402527e-06,0.00011058832235964055,0.30593548387096775,0.614847566901042,0.28288888931274414,1.5368765592575073,2.5509347915649414,,,,,0.5979428571428571,350000,0.2109624456315518,431,,
431,0,,385391.0,385391.0,,,2.643771568813424e-06,0.00010700912902910938,0.3040806451612903,0.6140356228274293,0.2881254553794861,1.5294318199157715,2.548097848892212,,,,,0.6004571428571429,350000,0.2109624456315518,432,,
432,0,,385291.0,385291.0,,,2.6576042378317074e-06,0.00010348721665035317,0.2583870967741935,0.5713626783198611,0.27787455916404724,1.5425606966018677,2.566657066345215,,,,,0.3657142857142857,350000,0.2109624456315518,433,,
433,0,,385364.0,385364.0,,,2.6697072734713027e-06,0.0001000227299953959,0.2903225806451613,0.606494169090676,0.2798924744129181,1.538070797920227,2.5667147636413574,,,,,0.3668571428571429,350000,0.2109624456315518,434,,
434,0,,385350.0,385350.0,,,2.683095162798535e-06,9.661581147571405e-05,0.2991451612903226,0.6087869776932516,0.28618818521499634,1.5341120958328247,2.568087100982666,,,,,0.3673142857142857,350000,0.2109624456315518,435,,
435,0,,385270.0,385270.0,,,2.6959365355748613e-06,9.326660113638421e-05,0.27256451612903226,0.5803230963556925,0.2737150490283966,1.5447295904159546,2.583519697189331,,,,,0.368,350000,0.2109624456315518,436,,
436,0,,383328.0,383328.0,,,2.708347280240067e-06,8.99752366503256e-05,0.29566129032258065,0.6066921389508081,0.26854121685028076,1.5493462085723877,2.591205596923828,,,,,0.3689142857142857,350000,0.2109624456315518,437,,
437,0,,433505.0,433505.0,,,2.706978625984606e-06,8.674185331264037e-05,0.22441935483870967,0.5673982710440731,0.27137455344200134,1.5495754480361938,2.6585519313812256,,,,,0.2384,350000,0.2109624456315518,438,,
438,0,,441644.0,441644.0,,,3.094244998913227e-06,8.356658403505401e-05,0.3018387096774194,0.6170684700092576,0.2723817229270935,1.5458570718765259,2.8918912410736084,,,,,0.2384,350000,0.2109624456315518,439,,
439,1,431208,441571.0,431208.0,1.0240324854826441,345445,3.1892101375253274e-06,8.044955934044905e-05,0.27116129032258063,0.5732896401543539,0.27496597170829773,1.5425511598587036,2.95098876953125,0,0,1,0,0.5936,350000,0.2109624456315518,440,85763,53248
440,0,,425082.0,425082.0,,,3.14650588984345e-06,7.739090735750237e-05,0.2668225806451613,0.5806288037977593,0.27477598190307617,1.542517900466919,2.8974921703338623,,,,,0.6045714285714285,350000,0.2109624456315518,441,,
441,0,,425127.0,425127.0,,,3.1320932841507213e-06,7.439075381541727e-05,0.2895322580645161,0.5980536322544256,0.27914518117904663,1.5378384590148926,2.8694334030151367,,,,,0.6066285714285714,350000,0.2109624456315518,442,,
442,0,,421042.0,421042.0,,,3.1630291426388124e-06,7.144922203875487e-05,0.278,0.5902518272768236,0.275152325630188,1.5424433946609497,2.879085063934326,,,,,0.37302857142857143,350000,0.2109624456315518,443,,
443,0,,421032.0,421032.0,,,3.1617155412436652e-06,6.856643294236564e-05,0.2813709677419355,0.5862713454521791,0.2752760052680969,1.544498324394226,2.8752927780151367,,,,,0.37234285714285714,350000,0.2109624456315518,444,,
444,0,,421140.0,421140.0,,,3.190985510331111e-06,6.574250502641776e-05,0.30048387096774193,0.6106552289688546,0.28217920660972595,1.5375676155090332,2.8802545070648193,,,,,0.3755428571428571,350000,0.2109624456315518,445,,
445,0,,419475.0,419475.0,,,3.2214703779490864e-06,6.297755437152746e-05,0.3055,0.617309177164665,0.28179749846458435,1.5366299152374268,2.891771078109741,,,,,0.3744,350000,0.2109624456315518,446,,
446,0,,438486.0,438486.0,,,3.2379164196777944e-06,6.027169463398656e-05,0.2872258064516129,0.6005167905773854,0.27874910831451416,1.5410478115081787,2.919771909713745,,,,,0.3769142857142857,350000,0.2109624456315518,447,,
447,0,,434352.0,434352.0,,,3.4230218197693826e-06,5.762503704109115e-05,0.21166129032258066,0.5636825589809236,0.27382439374923706,1.5438958406448364,3.030989170074463,,,,,0.24068571428571428,350000,0.2109624456315518,448,,
448,0,,411848.0,411848.0,,,3.4275551423008933e-06,5.503769038656806e-05,0.27658064516129033,0.6106796578945605,0.27703046798706055,1.545380711555481,2.9688260555267334,,,,,0.23702857142857142,350000,0.2109624456315518,449,,
449,1,408256,411883.0,408256.0,1.0088841315253174,322493,3.27652157492429e-06,5.250976102610447e-05,0.29385483870967744,0.6145208404575003,0.28144803643226624,1.540964961051941,2.890472650527954,0,0,1,0,0.5926857142857143,350000,0.2109624456315518,450,85763,33792
450,0,,410262.0,410262.0,,,3.2730442243929714e-06,5.004135287297534e-05,0.30524193548387096,0.6169350895952133,0.29107168316841125,1.5269699096679688,2.8690476417541504,,,,,0.6054857142857143,350000,0.2109624456315518,451,,
451,0,,410240.0,410240.0,,,3.3153566347119173e-06,4.7632567393771744e-05,0.29530645161290325,0.6038175193825858,0.2849408686161041,1.5377514362335205,2.8979694843292236,,,,,0.6073142857142857,350000,0.2109624456315518,452,,
452,0,,410419.0,410419.0,,,3.3416076858522534e-06,4.5283503604229987e-05,0.24,0.5398924170561575,0.2674444615840912,1.599471092224121,2.970634698867798,,,,,0.3750857142857143,350000,0.2109624456315518,453,,
453,0,,414194.0,414194.0,,,3.3697903804021515e-06,4.299425806516198e-05,0.2600483870967742,0.5671479418051645,0.2558046579360962,1.5651463270187378,2.956639528274536,,,,,0.3766857142857143,350000,0.2109624456315518,454,,
454,0,,414358.0,414358.0,,,3.429541162004176e-06,4.0764924878485285e-05,0.27388709677419354,0.587062933174409,0.2691397964954376,1.554008960723877,2.974703073501587,,,,,0.38057142857142856,350000,0.2109624456315518,455,,
455,0,,385130.0,385130.0,,,3.459977930477121e-06,3.859559568335548e-05,0.2732903225806452,0.5801304420417399,0.2575107514858246,1.5616955757141113,2.9703197479248047,,,,,0.3728,350000,0.2109624456315518,456,,
456,0,,384895.0,384895.0,,,3.2313344844946275e-06,3.6486359652399445e-05,0.28461290322580646,0.5928772537967218,0.2761792242527008,1.5375730991363525,2.781604766845703,,,,,0.37051428571428574,350000,0.2109624456315518,457,,
457,0,,383364.0,383364.0,,,3.2447448096160816e-06,3.443730348804885e-05,0.31240322580645163,0.6206925467025861,0.2915627360343933,1.5429794788360596,2.7871148586273193,,,,,0.23497142857142858,350000,0.2109624456315518,458,,
458,0,,410988.0,410988.0,,,3.2465849341424275e-06,3.2448511418976834e-05,0.32325806451612904,0.6348441085926209,0.3052992820739746,1.5088694095611572,2.7497024536132812,,,,,0.24091428571428572,350000,0.2109624456315518,459,,
459,1,410504,411089.0,410504.0,1.0014250774657494,324741,3.5085901320531686e-06,3.0520065196635965e-05,0.326741935483871,0.6401037568996654,0.3116702735424042,1.5051281452178955,2.947218418121338,0,0,1,0,0.5933714285714285,350000,0.2109624456315518,460,85763,33792
460,0,,406798.0,406798.0,,,3.532509648783525e-06,2.8652044091897372e-05,0.2935322580645161,0.6041133213385538,0.31134408712387085,1.5124963521957397,2.9622013568878174,,,,,0.6022857142857143,350000,0.2109624456315518,461,,
461,0,,406776.0,406776.0,,,3.527039397148227e-06,2.684452489179225e-05,0.30243548387096775,0.6153951756633186,0.3106362223625183,1.5121699571609497,2.9468791484832764,,,,,0.6038857142857142,350000,0.2109624456315518,462,,
462,0,,406706.0,406706.0,,,3.5534580023285766e-06,2.5097581896354815e-05,0.3139516129032258,0.6219958966154081,0.30320611596107483,1.5191222429275513,2.964660882949829,,,,,0.37165714285714285,350000,0.2109624456315518,463,,
463,0,,381812.0,381812.0,,,3.579621202322635e-06,2.341128691556972e-05,0.2969193548387097,0.6078028834031939,0.30755555629730225,1.5130141973495483,2.962928533554077,,,,,0.3682285714285714,350000,0.2109624456315518,464,,
464,0,,381722.0,381722.0,,,3.375166039147444e-06,2.1785709266418765e-05,0.30751612903225806,0.6206362195237736,0.30531901121139526,1.5181516408920288,2.8050220012664795,,,,,0.36845714285714287,350000,0.2109624456315518,465,,
465,0,,381765.0,381765.0,,,3.3890401714466894e-06,2.0220915770031963e-05,0.3233225806451613,0.6400541243480113,0.30728137493133545,1.5148608684539795,2.8086626529693604,,,,,0.36845714285714287,350000,0.2109624456315518,466,,
466,0,,381707.0,381707.0,,,3.4041762653273674e-06,1.8716970748941455e-05,0.30432258064516127,0.6109253727695882,0.298587828874588,1.5254226922988892,2.8249690532684326,,,,,0.368,350000,0.2109624456315518,467,,
467,0,,381712.0,381712.0,,,3.418449415335429e-06,1.7273936024436205e-05,0.30282258064516127,0.6196122591486564,0.29234230518341064,1.5294544696807861,2.8344223499298096,,,,,0.23222857142857142,350000,0.2109624456315518,468,,
468,0,,379727.0,379727.0,,,3.4333512398871754e-06,1.5891870914021877e-05,0.2921774193548387,0.6027993138378871,0.2929229438304901,1.5283063650131226,2.8389089107513428,,,,,0.23268571428571427,350000,0.2109624456315518,469,,
469,1,377334,379723.0,377334.0,1.0063312608988324,291571,3.4294468121870614e-06,1.4570832228981917e-05,0.2750806451612903,0.581914603557123,0.2913799285888672,1.5315669775009155,2.833742380142212,0,0,1,0,0.5860571428571428,350000,0.2109624456315518,470,85763,4608
470,0,,377610.0,377610.0,,,3.4206719604652088e-06,1.3310874272042545e-05,0.27553225806451614,0.5962434796784828,0.2878817319869995,1.533953070640564,2.8253448009490967,,,,,0.5949714285714286,350000,0.2109624456315518,471,,
471,0,,377907.0,377907.0,,,3.436194570861162e-06,1.2112048835140283e-05,0.2911774193548387,0.6009167713376062,0.287765234708786,1.5362529754638672,2.834507465362549,,,,,0.6018285714285714,350000,0.2109624456315518,472,,
472,0,,375859.0,375859.0,,,3.452113303497178e-06,1.0974405197293704e-05,0.27903225806451615,0.5851735523336273,0.28436022996902466,1.5377142429351807,2.8415019512176514,,,,,0.3666285714285714,350000,0.2109624456315518,473,,
473,0,,375792.0,375792.0,,,3.4456638333511005e-06,9.897990122576725e-06,0.27106451612903226,0.5789191467363322,0.28311291337013245,1.538387417793274,2.83353853225708,,,,,0.3661714285714286,350000,0.2109624456315518,474,,
474,0,,375893.0,375893.0,,,3.4573190186796733e-06,8.88284785819712e-06,0.2644032258064516,0.5740880028869455,0.2843261659145355,1.5367013216018677,2.836047887802124,,,,,0.3675428571428571,350000,0.2109624456315518,475,,
475,0,,375918.0,375918.0,,,3.4706112698804306e-06,7.929020132677253e-06,0.2933225806451613,0.602799812531755,0.29541757702827454,1.5303711891174316,2.8349645137786865,,,,,0.368,350000,0.2109624456315518,476,,
476,0,,375895.0,375895.0,,,3.483261741977494e-06,7.0365461541390165e-06,0.329241935483871,0.6465051803408508,0.29233333468437195,1.538266897201538,2.8476414680480957,,,,,0.36914285714285716,350000,0.2109624456315518,477,,
477,0,,374428.0,374428.0,,,3.49550125600639e-06,6.205462608692161e-06,0.3088064516129032,0.623557064068173,0.30449822545051575,1.5206480026245117,2.834486246109009,,,,,0.2352,350000,0.2109624456315518,478,,
478,0,,374457.0,374457.0,,,3.4936246678521877e-06,5.4358036589261704e-06,0.3021935483870968,0.6143738282679886,0.2945268750190735,1.528855800628662,2.837008237838745,,,,,0.23588571428571428,350000,0.2109624456315518,479,,
479,1,375387,374476.0,375387.0,0.9975731711540357,289624,3.50571475332554e-06,4.72760094250569e-06,0.27588709677419354,0.6186203854890533,0.30662545561790466,1.5138243436813354,2.8272101879119873,0,0,1,0,0.5865142857142858,350000,0.2109624456315518,480,85763,4608
480,0,,375629.0,375629.0,,,3.5267478515985703e-06,4.080883570870665e-06,0.3025806451612903,0.6160599180353007,0.30369535088539124,1.5166553258895874,2.8374886512756348,,,,,0.5949714285714286,350000,0.2109624456315518,481,,
481,0,,374181.0,374181.0,,,3.5415130748799377e-06,3.495678128039364e-06,0.25024193548387097,0.6075219013156341,0.3014838695526123,1.520612120628357,2.8467438220977783,,,,,0.5968,350000,0.2109624456315518,482,,
482,0,,374191.0,374191.0,,,3.5396649142585722e-06,2.972008669515117e-06,0.2818548387096774,0.6171660292805589,0.30017027258872986,1.5218513011932373,2.848407506942749,,,,,0.36251428571428573,350000,0.2109624456315518,483,,
483,0,,374143.0,374143.0,,,3.551607971806755e-06,2.509896721298773e-06,0.2964032258064516,0.6114399505111466,0.2914749085903168,1.5319491624832153,2.861384868621826,,,,,0.36205714285714286,350000,0.2109624456315518,484,,
484,0,,374283.0,374283.0,,,3.563016123656896e-06,2.1093612790020332e-06,0.3183064516129032,0.6293107809010707,0.30264517664909363,1.5203557014465332,2.85396146774292,,,,,0.36434285714285713,350000,0.2109624456315518,485,,
485,0,,374284.0,374284.0,,,3.5763240902487565e-06,1.7704188070685035e-06,0.3076774193548387,0.621780805106525,0.30272939801216125,1.5185656547546387,2.8571743965148926,,,,,0.3650285714285714,350000,0.2109624456315518,486,,
486,0,,374255.0,374255.0,,,3.5883491139424794e-06,1.4930832380956287e-06,0.2821451612903226,0.5976531857532985,0.30516666173934937,1.5166984796524048,2.8597447872161865,,,,,0.36457142857142855,350000,0.2109624456315518,487,,
487,0,,374221.0,374221.0,,,3.6001120394936735e-06,1.2773659722621758e-06,0.2915645161290323,0.6003379786679044,0.30481183528900146,1.5185258388519287,2.8657901287078857,,,,,0.22788571428571427,350000,0.2109624456315518,488,,
488,0,,374284.0,374284.0,,,3.6118488377242575e-06,1.123275876860264e-06,0.2924838709677419,0.6020360002901419,0.30032438039779663,1.5241386890411377,2.8759264945983887,,,,,0.22902857142857141,350000,0.2109624456315518,489,,
489,1,375382,375835.0,375382.0,1.0012067707029106,289619,3.624593723899392e-06,1.0308192859301122e-06,0.2965967741935484,0.6040241615033219,0.30729034543037415,1.5106611251831055,2.86873197555542,0,0,1,0,0.5862857142857143,350000,0.2109624456315518,490,85763,4608
490,0,,375638.0,375638.0,,,3.6479744321430063e-06,1e-06,0.3266612903225806,0.6379819336699246,0.2995448112487793,1.5194833278656006,2.8894877433776855,,,,,0.5942857142857143,350000,0.2109624456315518,491,,
491,0,,375755.0,375755.0,,,3.6633881415852346e-06,1e-06,0.22785483870967743,0.5995426736294347,0.30016130208969116,1.5225125551223755,2.898771047592163,,,,,0.5970285714285715,350000,0.2109624456315518,492,,
492,0,,375674.0,375674.0,,,3.677562143200158e-06,1e-06,0.25551612903225807,0.591131068637672,0.29385483264923096,1.5270440578460693,2.908735752105713,,,,,0.36228571428571427,350000,0.2109624456315518,493,,
493,0,,375770.0,375770.0,,,3.689806109849249e-06,1e-06,0.32603225806451613,0.6357140031804188,0.30275627970695496,1.5203536748886108,2.9068048000335693,,,,,0.36274285714285714,350000,0.2109624456315518,494,,
494,0,,375839.0,375839.0,,,3.70388261534218e-06,1e-06,0.3112258064516129,0.6265898424308745,0.29529210925102234,1.5275447368621826,2.9194161891937256,,,,,0.36525714285714284,350000,0.2109624456315518,495,,
495,0,,374342.0,374342.0,,,3.717779629703947e-06,1e-06,0.28443548387096773,0.6294147909599312,0.29346954822540283,1.5348187685012817,2.930480718612671,,,,,0.3659428571428571,350000,0.2109624456315518,496,,
496,0,,376026.0,376026.0,,,3.7154411052821064e-06,1e-06,0.3242741935483871,0.6396751282904838,0.298885315656662,1.5856281518936157,2.9822654724121094,,,,,0.3712,350000,0.2109624456315518,497,,
497,0,,375949.0,375949.0,,,3.7455637363329457e-06,1e-06,0.26070967741935486,0.5984928674874336,0.3077419400215149,1.510526180267334,2.918800115585327,,,,,0.2345142857142857,350000,0.2109624456315518,498,,
498,0,,375861.0,375861.0,,,3.758212175426646e-06,1e-06,0.3145806451612903,0.6370037056986566,0.30489426851272583,1.513288974761963,2.9258947372436523,,,,,0.232,350000,0.2109624456315518,499,,
499,1,375397,375819.0,375397.0,1.0011241432403561,289634,3.7707486752632805e-06,1e-06,0.30529032258064515,0.6249674098644646,0.2980555593967438,1.5229936838150024,2.9399843215942383,0,0,1,0,0.5869714285714286,350000,0.2109624456315518,500,85763,4608
