epoch,ebops_traced,ebops,ebops_in_training,pid_ebops,ebops_in_training_over_traced,ebops_above_floor,beta,learning_rate,val_categorical_accuracy,val_macro_auc,train_categorical_accuracy,task_loss,loss,budget_met,ebops_budget_met,nondegenerate,feasible_degenerate,activation_bits_mean,target_ebops,val_accuracy_threshold,line,softmax_ebops,attn_nonsoftmax_ebops
0,1,11652682,12695046.0,11652682.0,1.0894527114015469,11481156,1e-07,0.003,0.546258064516129,0.8338399950790546,0.4314301311969757,1.3110381364822388,2.707479238510132,0,0,1,0,8.458741588950538,350000,0.2109624456315518,1,1148931,9838582
1,0,,12706391.0,12706391.0,,,9.999999999684645e-08,0.00299996918071407,0.6269677419354839,0.8797312372401904,0.5954534411430359,1.0340927839279175,2.2672080993652344,,,,,8.471372919371975,350000,0.2109624456315518,2,,
2,0,,10092984.0,10092984.0,,,1.3049504726739972e-07,0.0029998767241231398,0.6425806451612903,0.8807987121863112,0.6271469593048096,0.9844468235969543,2.4732649326324463,,,,,7.49238578680203,350000,0.2109624456315518,3,,
3,0,,9887146.0,9887146.0,,,1.226278109187646e-07,0.002999722634027738,0.6463870967741936,0.8861613158112203,0.6299623847007751,0.9844451546669006,2.2235267162323,,,,,7.021957265966238,350000,0.2109624456315518,4,,
4,0,,8115798.0,8115798.0,,,1.419680062176948e-07,0.0029995069167619045,0.6522096774193549,0.8860221845351812,0.6291469931602478,0.9869603514671326,2.1716105937957764,,,,,6.0926691063628855,350000,0.2109624456315518,5,,
5,0,,6720446.0,6720446.0,,,1.3636845626573616e-07,0.0029992295811929314,0.6056612903225806,0.8582420732503577,0.6344247460365295,0.9783024191856384,2.0387814044952393,,,,,5.511627906976744,350000,0.2109624456315518,6,,
6,0,,6429065.0,6429065.0,,,1.3090230488505097e-07,0.002998890638720998,0.6373548387096775,0.882908420693704,0.6264157891273499,0.9946393370628357,1.8468514680862427,,,,,5.373863770511155,350000,0.2109624456315518,7,,
7,0,,5397200.0,5397200.0,,,1.448441645016283e-07,0.0029984901032787015,0.6314193548387097,0.8787064257452755,0.6203656196594238,1.0076009035110474,1.8922533988952637,,,,,4.58777003895644,350000,0.2109624456315518,8,,
8,0,,5022881.0,5022881.0,,,1.3942052744584336e-07,0.002998027991330485,0.6187258064516129,0.8710860108811291,0.6081111431121826,1.022444725036621,1.7379435300827026,,,,,4.267264785739582,350000,0.2109624456315518,9,,
9,1,3489334,4333716.0,3489334.0,1.2419894455503544,3317808,1.482365644306137e-07,0.0029975043218719607,0.6068548387096774,0.8673859850117855,0.6152992844581604,1.0095171928405762,1.7074413299560547,0,0,1,0,4.141187581159249,350000,0.2109624456315518,10,376181,2695317
10,0,,4068192.0,4068192.0,,,1.155257293575968e-07,0.0029969191164291296,0.6063709677419354,0.8734991076829169,0.6173655986785889,1.0081665515899658,1.4512017965316772,,,,,4.032581749498288,350000,0.2109624456315518,11,,
11,0,,3732521.0,3732521.0,,,1.522664729981387e-07,0.0029962723990574944,0.6255483870967742,0.8773224099601972,0.61568284034729,0.9998894929885864,1.6019198894500732,,,,,3.732853264077441,350000,0.2109624456315518,12,,
12,0,,3097840.0,3097840.0,,,1.5725404203830585e-07,0.002995564196341074,0.6266290322580645,0.8777492543785478,0.6098244190216064,1.0136570930480957,1.550397515296936,,,,,2.576791405973321,350000,0.2109624456315518,13,,
13,0,,2787257.0,2787257.0,,,1.4554861849076426e-07,0.002994794537391308,0.5831290322580646,0.8656782969389758,0.6129820942878723,1.0092202425003052,1.4364826679229736,,,,,2.417424152992563,350000,0.2109624456315518,14,,
14,0,,2503487.0,2503487.0,,,1.4527188364191675e-07,0.002993963453845861,0.6109354838709677,0.8710315160452458,0.6120609641075134,1.0074882507324219,1.387982726097107,,,,,2.180025970959745,350000,0.2109624456315518,15,,
15,0,,2438456.0,2438456.0,,,1.4397058134121124e-07,0.0029930709798673227,0.6067903225806451,0.8681149104673997,0.6149910688400269,1.0026746988296509,1.358906626701355,,,,,2.010270334080982,350000,0.2109624456315518,16,,
16,0,,2346451.0,2346451.0,,,1.545239087221141e-07,0.002992117152141803,0.6101290322580645,0.8675160482178885,0.6101989150047302,1.0140604972839355,1.38201105594635,,,,,1.8577499704875458,350000,0.2109624456315518,17,,
17,0,,2053504.0,2053504.0,,,1.6353451353829774e-07,0.0029911020098774234,0.5978387096774194,0.8673902434369504,0.6085215210914612,1.0183813571929932,1.3788007497787476,,,,,1.333372683272341,350000,0.2109624456315518,18,,
18,0,,2015858.0,2015858.0,,,1.563561119834482e-07,0.0029900255948027065,0.6213225806451613,0.8782275787990393,0.6108136177062988,1.0076892375946045,1.3218797445297241,,,,,1.2960689410931414,350000,0.2109624456315518,19,,
19,1,2107236,2008390.0,2107236.0,0.9530921073861685,1935710,1.6753241174735843e-07,0.00298888795116486,0.5649516129032258,0.8586547920143891,0.6012670397758484,1.0288803577423096,1.3665192127227783,0,0,1,0,2.540195962696258,350000,0.2109624456315518,20,187956,1496112
20,0,,2143853.0,2143853.0,,,1.91573016560299e-07,0.0029876891257279575,0.603758064516129,0.8629510856878868,0.5890089869499207,1.048790693283081,1.462146520614624,,,,,2.4073899185456265,350000,0.2109624456315518,21,,
21,0,,1946167.0,1946167.0,,,2.1338923765163578e-07,0.0029864291677710185,0.5945967741935484,0.8589334772862445,0.5839426517486572,1.058292269706726,1.4953128099441528,,,,,2.276590721284382,350000,0.2109624456315518,22,,
22,0,,1661827.0,1661827.0,,,2.1106353895806391e-07,0.0029851081290859782,0.5612419354838709,0.8553052563169844,0.5731666684150696,1.0788131952285767,1.4594513177871704,,,,,1.3111793176720576,350000,0.2109624456315518,23,,
23,0,,1540204.0,1540204.0,,,1.9482505640917736e-07,0.002983726063975564,0.5428225806451613,0.8393192912090097,0.5806039571762085,1.0607008934020996,1.3754286766052246,,,,,1.2399952780073191,350000,0.2109624456315518,24,,
24,0,,1421971.0,1421971.0,,,1.9445215340476592e-07,0.0029822830292510587,0.598983870967742,0.8619725963376588,0.57929927110672,1.0626617670059204,1.3496516942977905,,,,,1.2102467241175776,350000,0.2109624456315518,25,,
25,0,,1342558.0,1342558.0,,,1.9256013607679062e-07,0.0029807790842299683,0.5726935483870967,0.8582912815416159,0.5719874501228333,1.0825045108795166,1.3484781980514526,,,,,1.1905324046747727,350000,0.2109624456315518,26,,
26,0,,1284818.0,1284818.0,,,1.9444731570003392e-07,0.0029792142907335813,0.5303548387096774,0.83634567417221,0.5660340785980225,1.092603325843811,1.3480029106140137,,,,,1.1775469248022665,350000,0.2109624456315518,27,,
27,0,,1162631.0,1162631.0,,,1.9858625514621388e-07,0.0029775887130844302,0.5776774193548387,0.8442107084402766,0.5601971745491028,1.10514497756958,1.347309947013855,,,,,0.7844410341163971,350000,0.2109624456315518,28,,
28,0,,1074455.0,1074455.0,,,1.9081748398429947e-07,0.0029759024181036453,0.5640806451612903,0.8378025011645354,0.5608190298080444,1.1091768741607666,1.3223861455917358,,,,,0.7444221461456735,350000,0.2109624456315518,29,,
29,1,1045540,1048330.0,1045540.0,1.0026684775331407,874014,1.865178956986866e-07,0.002974155475108208,0.5848387096774194,0.8539298018919494,0.5631935596466064,1.1087688207626343,1.3043395280838013,0,0,1,0,1.8997757053476567,350000,0.2109624456315518,30,171532,432408
30,0,,1111977.0,1111977.0,,,1.9170637665042837e-07,0.0029723479559081024,0.577741935483871,0.8463822095062412,0.5634821057319641,1.1048649549484253,1.3162716627120972,,,,,1.7922323220399008,350000,0.2109624456315518,31,,
31,0,,1058644.0,1058644.0,,,2.160195707334723e-07,0.002970479934803364,0.5683225806451613,0.848341359909236,0.5532670617103577,1.1271698474884033,1.3597595691680908,,,,,1.636052414118758,350000,0.2109624456315518,32,,
32,0,,905331.0,905331.0,,,2.1736085289547903e-07,0.002968551488581023,0.5477580645161291,0.8290685286739438,0.5614444613456726,1.1167839765548706,1.330445647239685,,,,,0.9782788336678078,350000,0.2109624456315518,33,,
33,0,,866487.0,866487.0,,,1.9492868275405874e-07,0.0029665626965119517,0.5534677419354839,0.8449293507001011,0.5590304732322693,1.1172800064086914,1.290945291519165,,,,,0.9479400306929524,350000,0.2109624456315518,34,,
34,0,,838496.0,838496.0,,,1.9521586440753794e-07,0.0029645136403476007,0.5528870967741936,0.8340677275723809,0.557525098323822,1.119713544845581,1.2857800722122192,,,,,0.9231495691181678,350000,0.2109624456315518,35,,
35,0,,840817.0,840817.0,,,1.973448055470027e-07,0.0029624044043166445,0.542016129032258,0.8346655972065709,0.542919397354126,1.1523795127868652,1.3171840906143188,,,,,0.9013103529689529,350000,0.2109624456315518,36,,
36,0,,813384.0,813384.0,,,2.0675587558663397e-07,0.0029602350751215148,0.5153225806451613,0.8385750879485471,0.5408440828323364,1.1544026136398315,1.3242052793502808,,,,,0.8944634635816314,350000,0.2109624456315518,37,,
37,0,,777154.0,777154.0,,,2.086235736970615e-07,0.0029580057419348383,0.5644838709677419,0.8457856170512817,0.5657598972320557,1.1046122312545776,1.2698633670806885,,,,,0.5720694132924093,350000,0.2109624456315518,38,,
38,0,,762954.0,762954.0,,,2.0744204929618845e-07,0.00295571649639577,0.5681774193548387,0.8472433293635554,0.5533691644668579,1.1299834251403809,1.2895437479019165,,,,,0.5620351788454728,350000,0.2109624456315518,39,,
39,1,739258,740801.0,739258.0,1.0020872280042963,567732,2.1174325124732973e-07,0.0029533674326062283,0.6001290322580645,0.8572373018793549,0.5584354996681213,1.1234662532806396,1.282923936843872,0,0,1,0,1.3532050525321686,350000,0.2109624456315518,40,171532,141270
40,0,,770889.0,770889.0,,,2.1298236999791234e-07,0.0029509586471270248,0.5595483870967742,0.8391201446966061,0.5630340576171875,1.1083674430847168,1.272807240486145,,,,,1.2546334553181442,350000,0.2109624456315518,41,,
41,0,,791876.0,791876.0,,,2.3103919424548574e-07,0.0029484902389738956,0.5575161290322581,0.8374507798296407,0.5480555891990662,1.153684139251709,1.3347705602645874,,,,,1.1737693306575374,350000,0.2109624456315518,42,,
42,0,,739390.0,739390.0,,,2.472182057508991e-07,0.002945962309613432,0.5489838709677419,0.8273054096322706,0.5530537962913513,1.1346937417984009,1.321853518486023,,,,,0.7440679966946051,350000,0.2109624456315518,43,,
43,0,,726596.0,726596.0,,,2.3962775468959656e-07,0.002943374962958909,0.5367903225806452,0.83096933765807,0.5486361980438232,1.1470264196395874,1.3203171491622925,,,,,0.7195136347538661,350000,0.2109624456315518,44,,
44,0,,715568.0,715568.0,,,2.442405652859414e-07,0.0029407283053660134,0.5835483870967741,0.8464638450087044,0.537551999092102,1.162421464920044,1.3382779359817505,,,,,0.6916538779364892,350000,0.2109624456315518,45,,
45,0,,698365.0,698365.0,,,2.492899944258066e-07,0.0029380224456284727,0.5649838709677419,0.8381493756466293,0.5436201095581055,1.1457338333129883,1.3218531608581543,,,,,0.6720576083107072,350000,0.2109624456315518,46,,
46,0,,691943.0,691943.0,,,2.518471982793533e-07,0.0029352574949735822,0.5406612903225806,0.8432545320970283,0.5444570183753967,1.1441961526870728,1.3196152448654175,,,,,0.6632038720339983,350000,0.2109624456315518,47,,
47,0,,681713.0,681713.0,,,2.581814836204409e-07,0.0029324335670576347,0.5379516129032258,0.8390092439628491,0.5356290340423584,1.1577701568603516,1.3349045515060425,,,,,0.43831897060559555,350000,0.2109624456315518,48,,
48,0,,677305.0,677305.0,,,2.6298623912221316e-07,0.0029295507779612453,0.4966451612903226,0.828285540352085,0.5308387279510498,1.1619452238082886,1.342404842376709,,,,,0.42320859402667926,350000,0.2109624456315518,49,,
49,1,607799,664894.0,607799.0,1.0939373049314,436273,2.7005457685335413e-07,0.002926609246184583,0.5510483870967742,0.8438357755556922,0.534906804561615,1.1576225757598877,1.3392047882080078,0,0,1,0,0.9933892102467241,350000,0.2109624456315518,50,171527,15488
50,0,,646246.0,646246.0,,,2.491218603783994e-07,0.0029236090926424976,0.5635483870967742,0.844159880290043,0.527586042881012,1.1700867414474487,1.3293930292129517,,,,,1.0002360996340456,350000,0.2109624456315518,51,,
51,0,,641703.0,641703.0,,,2.731279948706965e-07,0.002920550440659551,0.5161129032258065,0.8168815040698542,0.532698929309845,1.1647664308547974,1.340524435043335,,,,,0.9995278007319088,350000,0.2109624456315518,52,,
52,0,,630371.0,630371.0,,,2.7955400552310723e-07,0.002917433415964946,0.5720967741935484,0.8407455841880231,0.5289838910102844,1.168325662612915,1.3460042476654053,,,,,0.6130326997993153,350000,0.2109624456315518,53,,
53,0,,634501.0,634501.0,,,2.828162009330861e-07,0.0029142581466873596,0.5294032258064516,0.8409599145078543,0.5230161547660828,1.1731207370758057,1.3507314920425415,,,,,0.6136229488844293,350000,0.2109624456315518,54,,
54,0,,620702.0,620702.0,,,2.9326388458214597e-07,0.0029110247633496746,0.5579193548387097,0.8461142747755753,0.5208064913749695,1.1900341510772705,1.3729183673858643,,,,,0.6130326997993153,350000,0.2109624456315518,55,,
55,0,,618209.0,618209.0,,,2.95222988231421e-07,0.0029077333988636158,0.5521774193548387,0.8355705790375147,0.5263405442237854,1.1759544610977173,1.3591852188110352,,,,,0.6132687994333609,350000,0.2109624456315518,56,,
56,0,,618190.0,618190.0,,,3.0252113027698095e-07,0.002904384188524286,0.47627419354838707,0.8231495685025326,0.5189086198806763,1.1988672018051147,1.3854113817214966,,,,,0.6132687994333609,350000,0.2109624456315518,57,,
57,0,,609528.0,609528.0,,,3.112397538022068e-07,0.0029009772700046045,0.308258064516129,0.7378564750049151,0.5168566703796387,1.1944576501846313,1.385977864265442,,,,,0.40243182623066936,350000,0.2109624456315518,58,,
58,0,,614088.0,614088.0,,,3.155099276687682e-07,0.002897512783349647,0.4588709677419355,0.7983393713934585,0.5290000438690186,1.1750576496124268,1.3680977821350098,,,,,0.40243182623066936,350000,0.2109624456315518,59,,
59,1,556617,606341.0,556617.0,1.0893325212848333,385091,3.2693250910936463e-07,0.002893990870970891,0.5382741935483871,0.8263471259244625,0.5095645189285278,1.2120763063430786,1.4118664264678955,0,0,1,0,0.9837091252508559,350000,0.2109624456315518,60,171526,0
60,0,,596084.0,596084.0,,,3.032902046078733e-07,0.0028904116776403595,0.4966774193548387,0.799482076561476,0.513168454170227,1.2072087526321411,1.3859179019927979,,,,,0.9931531106126785,350000,0.2109624456315518,61,,
61,0,,595617.0,595617.0,,,3.3355799415710964e-07,0.0028867753504846724,0.4585,0.7976710016767907,0.5020322799682617,1.2424843311309814,1.4415283203125,,,,,0.9942155589658837,350000,0.2109624456315518,62,,
62,0,,599800.0,599800.0,,,3.4227558836664e-07,0.0028830820389789957,0.47224193548387094,0.8093736707307999,0.5153889060020447,1.2008099555969238,1.403960108757019,,,,,0.6119702514461103,350000,0.2109624456315518,63,,
63,0,,580827.0,580827.0,,,3.540888269921403e-07,0.0028793318949409006,0.5285322580645161,0.8206292098237871,0.4995197355747223,1.229203701019287,1.4373410940170288,,,,,0.6106717034588597,350000,0.2109624456315518,64,,
64,0,,584353.0,584353.0,,,3.516830974862364e-07,0.002875525072524119,0.5399354838709678,0.8241490437609809,0.5006290674209595,1.2331995964050293,1.4380812644958496,,,,,0.6103175540077913,350000,0.2109624456315518,65,,
65,0,,586903.0,586903.0,,,3.630031042902087e-07,0.0028716617282122108,0.4865,0.8151764983687148,0.5077347755432129,1.2117879390716553,1.4243959188461304,,,,,0.6100814543737457,350000,0.2109624456315518,66,,
66,0,,586831.0,586831.0,,,3.7413324839926264e-07,0.002867742020812129,0.5215161290322581,0.8289752134158851,0.5074516534805298,1.2120091915130615,1.4312069416046143,,,,,0.6098453547397001,350000,0.2109624456315518,67,,
67,0,,580223.0,580223.0,,,3.8387981187626874e-07,0.002863766111447693,0.4956451612903226,0.803264202037121,0.4958745539188385,1.2477909326553345,1.4713771343231201,,,,,0.39936253098807695,350000,0.2109624456315518,68,,
68,0,,565777.0,565777.0,,,3.892723083625527e-07,0.0028597341635529625,0.5279838709677419,0.8338268926836468,0.5028566718101501,1.2272930145263672,1.4500651359558105,,,,,0.39794593318380356,350000,0.2109624456315518,69,,
69,1,522286,567863.0,522286.0,1.0872644489800607,350760,3.8880578753197043e-07,0.0028556463428655253,0.5083870967741936,0.8032299703016743,0.49262726306915283,1.248846411705017,1.470840334892273,0,0,1,0,0.979813481289104,350000,0.2109624456315518,70,171526,0
70,0,,561162.0,561162.0,,,3.6617427813521336e-07,0.002851502817419677,0.5108548387096774,0.8136490586279839,0.4911666810512543,1.2513060569763184,1.4557805061340332,,,,,0.9899657655530634,350000,0.2109624456315518,71,,
71,0,,560216.0,560216.0,,,4.028271320267053e-07,0.002847303757539522,0.5003870967741936,0.814745381032707,0.4978315532207489,1.2428923845291138,1.4690607786178589,,,,,0.9906740644552001,350000,0.2109624456315518,72,,
72,0,,554473.0,554473.0,,,4.117184616887946e-07,0.002843049335831963,0.5515,0.8233526440503878,0.48896417021751404,1.2631616592407227,1.4930295944213867,,,,,0.6064219100460394,350000,0.2109624456315518,73,,
73,0,,553555.0,553555.0,,,4.169806040803226e-07,0.002838739727179615,0.5385483870967742,0.8247768374792042,0.4806935489177704,1.2810598611831665,1.5125207901000977,,,,,0.6071302089481762,350000,0.2109624456315518,74,,
74,0,,568326.0,568326.0,,,4.2594239218950876e-07,0.0028343751087336086,0.4654516129032258,0.7723116918886422,0.49671506881713867,1.2494590282440186,1.4869850873947144,,,,,0.6073663085822217,350000,0.2109624456315518,75,,
75,0,,555482.0,555482.0,,,4.480372124876217e-07,0.002829955659906314,0.4816290322580645,0.7936524300972307,0.48035305738449097,1.283308744430542,1.5324485301971436,,,,,0.606067760594971,350000,0.2109624456315518,76,,
76,0,,553134.0,553134.0,,,4.481430335023104e-07,0.0028254815623639617,0.4773709677419355,0.8052590244674122,0.4938870966434479,1.252409815788269,1.5005156993865967,,,,,0.6076024082162673,350000,0.2109624456315518,77,,
77,0,,555603.0,555603.0,,,4.5657815526819483e-07,0.002820953000019179,0.4135483870967742,0.7666225747060395,0.4806165099143982,1.28273606300354,1.5342825651168823,,,,,0.3970015346476213,350000,0.2109624456315518,78,,
78,0,,542822.0,542822.0,,,4.69336341372042e-07,0.002816370159023426,0.47561290322580646,0.7925277683307128,0.4876111149787903,1.2683113813400269,1.5264700651168823,,,,,0.396057136111439,350000,0.2109624456315518,79,,
79,1,504145,544362.0,504145.0,1.0797726844459432,332619,4.6871247448707417e-07,0.002811733227759346,0.4984677419354839,0.8034214244860791,0.4744247496128082,1.2910783290863037,1.5491605997085571,0,0,1,0,0.9773344351316255,350000,0.2109624456315518,80,171526,0
80,0,,549380.0,549380.0,,,4.433318229086703e-07,0.0028070423968330226,0.4716451612903226,0.791790397448022,0.48143190145492554,1.28510320186615,1.5245945453643799,,,,,0.9883130681147444,350000,0.2109624456315518,81,,
81,0,,548448.0,548448.0,,,4.941246586847783e-07,0.0028022978590661416,0.5002258064516129,0.785225565678109,0.4937957227230072,1.2548829317092896,1.524669885635376,,,,,0.9891394168339039,350000,0.2109624456315518,82,,
82,0,,537083.0,537083.0,,,5.04489939600079e-07,0.002797499809488068,0.5145161290322581,0.804345253184304,0.4720968008041382,1.3102473020553589,1.5857510566711426,,,,,0.6047692126077204,350000,0.2109624456315518,83,,
83,0,,547864.0,547864.0,,,5.047276851606521e-07,0.002792648445327827,0.45629032258064517,0.7831183636768551,0.4727025330066681,1.2930879592895508,1.5671963691711426,,,,,0.60559556132688,350000,0.2109624456315518,84,,
84,0,,540580.0,540580.0,,,5.265246656786154e-07,0.0027877439660059984,0.5082258064516129,0.7911888854195379,0.47433871030807495,1.2950072288513184,1.580976128578186,,,,,0.6038248140715382,350000,0.2109624456315518,85,,
85,0,,549840.0,549840.0,,,5.309401002210695e-07,0.002782786573126517,0.4460967741935484,0.7762341341731981,0.46605736017227173,1.3188551664352417,1.6075963973999023,,,,,0.6053594616928344,350000,0.2109624456315518,86,,
86,0,,543658.0,543658.0,,,5.523702739109165e-07,0.002777776470468387,0.49051612903225805,0.8028087032931115,0.46290862560272217,1.3145833015441895,1.616277813911438,,,,,0.6048872624247432,350000,0.2109624456315518,87,,
87,0,,545691.0,545691.0,,,5.583192962629109e-07,0.0027727138639773055,0.43343548387096775,0.7797892913422906,0.4639946222305298,1.311264991760254,1.617586612701416,,,,,0.3944044386731201,350000,0.2109624456315518,88,,
88,0,,565011.0,565011.0,,,5.72990713281325e-07,0.0027675989617571973,0.47138709677419355,0.768923655471235,0.4701380133628845,1.2963027954101562,1.6141407489776611,,,,,0.3277062920552473,350000,0.2109624456315518,89,,
89,1,514914,562964.0,514914.0,1.0933165538322904,343388,6.076550871816027e-07,0.0027624319740616582,0.49706451612903224,0.7817708793772885,0.4650717079639435,1.311678409576416,1.6523540019989014,0,0,1,0,0.9014284027859757,350000,0.2109624456315518,90,171526,13824
90,0,,534448.0,534448.0,,,5.645706121483661e-07,0.002757213113285315,0.49162903225806454,0.7716895807628548,0.47871506214141846,1.2898846864700317,1.5873045921325684,,,,,0.9075669932711604,350000,0.2109624456315518,91,,
91,0,,536478.0,536478.0,,,5.985230696529576e-07,0.0027519425939550933,0.45579032258064517,0.7550590774981656,0.47270071506500244,1.2939345836639404,1.613593339920044,,,,,0.9070947940030692,350000,0.2109624456315518,92,,
92,0,,536531.0,536531.0,,,6.137641944228135e-07,0.0027466206327213995,0.5247258064516129,0.803307975008687,0.4779821038246155,1.290284514427185,1.6176316738128662,,,,,0.5021839216149215,350000,0.2109624456315518,93,,
93,0,,530928.0,530928.0,,,6.270768828037903e-07,0.002741247448349215,0.4490967741935484,0.7707773578533239,0.4662616550922394,1.310430645942688,1.6443848609924316,,,,,0.4734978160783851,350000,0.2109624456315518,94,,
94,0,,543700.0,543700.0,,,6.335924300719359e-07,0.0027358232617091045,0.5067903225806452,0.8058283046444965,0.46286919713020325,1.3077640533447266,1.6470280885696411,,,,,0.4607484358399245,350000,0.2109624456315518,95,,
95,0,,539348.0,539348.0,,,6.632820548052867e-07,0.0027303482957681353,0.4670161290322581,0.8012134974594259,0.46193727850914,1.3094614744186401,1.6672272682189941,,,,,0.43796482115452723,350000,0.2109624456315518,96,,
96,0,,540824.0,540824.0,,,6.723540706763458e-07,0.0027248227755807134,0.49706451612903224,0.7998906474052625,0.4762383699417114,1.2854766845703125,1.6484644412994385,,,,,0.39806398300082635,350000,0.2109624456315518,97,,
97,0,,548900.0,548900.0,,,6.890239492511479e-07,0.0027192469282793317,0.5061935483870967,0.7889480907581413,0.4713422954082489,1.2946016788482666,1.6648355722427368,,,,,0.1677487899893755,350000,0.2109624456315518,98,,
98,0,,549788.0,549788.0,,,7.152252721479754e-07,0.0027136209830652337,0.41633870967741937,0.7563568569813084,0.47856810688972473,1.284416675567627,1.674841046333313,,,,,0.11828591665682918,350000,0.2109624456315518,99,,
99,1,506495,537659.0,506495.0,1.0615287416460182,334969,7.327422570602618e-07,0.0027079451711989914,0.43961290322580643,0.7521645071295504,0.4758530557155609,1.2891837358474731,1.6829782724380493,0,0,1,0,0.5998111202927635,350000,0.2109624456315518,100,171526,12288
100,0,,535636.0,535636.0,,,6.87632666271797e-07,0.002702219725991001,0.5336612903225807,0.8255775361519557,0.47611111402511597,1.2798110246658325,1.6422449350357056,,,,,0.6099634045567229,350000,0.2109624456315518,101,,
101,0,,528550.0,528550.0,,,7.428329870430696e-07,0.002696444882791889,0.5126935483870968,0.8166796047194133,0.465177446603775,1.3054630756378174,1.6979432106018066,,,,,0.6101995041907685,350000,0.2109624456315518,102,,
102,0,,532497.0,532497.0,,,7.482701175812199e-07,0.0026906208789828413,0.44937096774193547,0.7739471143700817,0.46788889169692993,1.3048616647720337,1.7015337944030762,,,,,0.23881477983709126,350000,0.2109624456315518,103,,
103,0,,547876.0,547876.0,,,7.698426116970718e-07,0.0026847479539658433,0.4458870967741935,0.7696838699011974,0.4635448157787323,1.3100460767745972,1.735297441482544,,,,,0.2039900838153701,350000,0.2109624456315518,104,,
104,0,,551378.0,551378.0,,,8.100237799855242e-07,0.0026788263491538396,0.46530645161290324,0.7861033179339726,0.4607760012149811,1.318498969078064,1.7691949605941772,,,,,0.14945106835084407,350000,0.2109624456315518,105,,
105,0,,565475.0,565475.0,,,8.339384451564918e-07,0.002672856307960811,0.48011290322580646,0.7788302895526309,0.4610806703567505,1.3189904689788818,1.783149242401123,,,,,0.1087238814779837,350000,0.2109624456315518,106,,
106,0,,545540.0,545540.0,,,8.76022456603799e-07,0.002666838075791767,0.4585161290322581,0.7628994030481924,0.4595752954483032,1.3255287408828735,1.805275321006775,,,,,0.09774524849486484,350000,0.2109624456315518,107,,
107,0,,554642.0,554642.0,,,8.641046798163639e-07,0.002660771900032662,0.3777741935483871,0.754780718600696,0.44646596908569336,1.3458847999572754,1.8256170749664307,,,,,0.08664856569472318,350000,0.2109624456315518,108,,
108,0,,564157.0,564157.0,,,8.989794133653958e-07,0.0026546580300402206,0.49524193548387097,0.7932765558459434,0.45466309785842896,1.3304533958435059,1.831319808959961,,,,,0.08405146972022193,350000,0.2109624456315518,109,,
109,1,541791,557314.0,541791.0,1.0286512695855043,370265,9.364909208461951e-07,0.0026484967171316915,0.39380645161290323,0.7414820841481187,0.42840683460235596,1.3667129278182983,1.8891642093658447,0,0,1,0,0.44634635816314483,350000,0.2109624456315518,110,171526,55994
110,0,,549644.0,549644.0,,,9.192286752404185e-07,0.002642288214574517,0.39680645161290323,0.6976902375973182,0.44541218876838684,1.3487087488174438,1.8538916110992432,,,,,0.10128674300554834,350000,0.2109624456315518,111,,
111,0,,547945.0,547945.0,,,9.53836508188159e-07,0.00263603277757592,0.4327258064516129,0.739127856123108,0.4419534206390381,1.3502357006072998,1.8704131841659546,,,,,0.09739109904379648,350000,0.2109624456315518,112,,
112,0,,544626.0,544626.0,,,9.724401107695767e-07,0.0026297306632724147,0.48493548387096774,0.8018602869514362,0.4522007405757904,1.327889323234558,1.8600573539733887,,,,,0.08239877228190297,350000,0.2109624456315518,113,,
113,0,,536230.0,536230.0,,,9.881566153619225e-07,0.002623382130719236,0.4685483870967742,0.7775076117635151,0.43041399121284485,1.3670227527618408,1.9033561944961548,,,,,0.07956557667335616,350000,0.2109624456315518,114,,
114,0,,541430.0,541430.0,,,9.938999589351733e-07,0.0026169874408796924,0.47303225806451615,0.7855174175008244,0.44970253109931946,1.3361207246780396,1.8739628791809082,,,,,0.07991972612442451,350000,0.2109624456315518,115,,
115,0,,547437.0,547437.0,,,1.0256698623276272e-06,0.0026105468566144357,0.4844032258064516,0.797702011873707,0.4325448274612427,1.345940113067627,1.9001736640930176,,,,,0.08121827411167512,350000,0.2109624456315518,116,,
116,0,,539667.0,539667.0,,,1.0605050256970755e-06,0.0026040606426706602,0.42798387096774193,0.7675430227627761,0.43891221284866333,1.3358620405197144,1.9123865365982056,,,,,0.07909337740526502,350000,0.2109624456315518,117,,
117,0,,536682.0,536682.0,,,1.0683347059316882e-06,0.0025975290656712158,0.4718548387096774,0.7868796164378602,0.4313996434211731,1.3637845516204834,1.9382238388061523,,,,,0.08039192539251565,350000,0.2109624456315518,118,,
118,0,,541860.0,541860.0,,,1.0853778480897124e-06,0.0025909523941036504,0.43162903225806454,0.78551636362987,0.43407347798347473,1.36456298828125,1.9506722688674927,,,,,0.07909337740526502,350000,0.2109624456315518,119,,
119,1,481140,523458.0,481140.0,1.0879536101758325,309614,1.1200617572247693e-06,0.0025843308983091737,0.485758064516129,0.762144768875302,0.4293208122253418,1.3773900270462036,1.9721792936325073,0,0,1,0,0.06870499350726006,350000,0.2109624456315518,120,171526,18596
120,0,,524779.0,524779.0,,,1.0105004502172128e-06,0.0025776648504715425,0.41277419354838707,0.7333798594861246,0.44259321689605713,1.3538028001785278,1.864512324333191,,,,,0.08157242356274348,350000,0.2109624456315518,121,,
121,0,,519880.0,519880.0,,,1.1247005700724492e-06,0.0025709545246058747,0.48254838709677417,0.7861212059550825,0.4333871006965637,1.3660099506378174,1.9535822868347168,,,,,0.07873922795419667,350000,0.2109624456315518,122,,
122,0,,513387.0,513387.0,,,1.1364630793208557e-06,0.0025642001965473843,0.36838709677419357,0.7226852661620471,0.41056811809539795,1.3990007638931274,1.9906978607177734,,,,,0.07224648801794357,350000,0.2109624456315518,123,,
123,0,,504735.0,504735.0,,,1.1439734082057065e-06,0.002557402143940042,0.42116129032258065,0.7604377083411096,0.4281182885169983,1.3667839765548706,1.9548351764678955,,,,,0.0713020894817613,350000,0.2109624456315518,124,,
124,0,,502792.0,502792.0,,,1.1454714049765224e-06,0.002550560646225165,0.39888709677419354,0.7437092679994717,0.4214068353176117,1.3714057207107544,1.941912293434143,,,,,0.07047574076260182,350000,0.2109624456315518,125,,
125,0,,491128.0,491128.0,,,1.1619172667244067e-06,0.002543675984629928,0.37729032258064515,0.7348416876005028,0.43836021423339844,1.351015329360962,1.9308791160583496,,,,,0.07012159131153346,350000,0.2109624456315518,126,,
126,0,,499450.0,499450.0,,,1.1543509743300002e-06,0.002536748442155804,0.40843548387096773,0.6989681676178522,0.4046810269355774,1.3991667032241821,1.9745138883590698,,,,,0.07118403966473852,350000,0.2109624456315518,127,,
127,0,,484663.0,484663.0,,,1.1949683296710936e-06,0.00252977830356693,0.42446774193548387,0.7428518362680495,0.41129571199417114,1.3864282369613647,1.9709585905075073,,,,,0.06964939204344234,350000,0.2109624456315518,128,,
128,0,,479026.0,479026.0,,,1.1786173642103637e-06,0.0025227658553784037,0.46796774193548385,0.7695534990424509,0.4342132806777954,1.3579590320587158,1.9283174276351929,,,,,0.06941329240939677,350000,0.2109624456315518,129,,
129,1,466901,491992.0,466901.0,1.053739443693631,295375,1.18333199509524e-06,0.002515711385844505,0.43856451612903224,0.7601145695838364,0.41545701026916504,1.3831157684326172,1.955898404121399,0,0,1,0,0.06055955613268799,350000,0.2109624456315518,130,171526,1536
130,0,,485486.0,485486.0,,,1.1701193550273056e-06,0.002508615184946845,0.40796774193548385,0.7367552768206153,0.39641398191452026,1.419277310371399,1.9756622314453125,,,,,0.07094794003069295,350000,0.2109624456315518,131,,
131,0,,480078.0,480078.0,,,1.2367659015626563e-06,0.0025014775443824486,0.45053225806451613,0.7599556759252645,0.4076828062534332,1.4158360958099365,2.0109646320343018,,,,,0.07330893637114863,350000,0.2109624456315518,132,,
132,0,,481118.0,481118.0,,,1.2424667772878466e-06,0.0024942987575517633,0.3944677419354839,0.7139186518280944,0.42025449872016907,1.381961703300476,1.981307864189148,,,,,0.0698854916774879,350000,0.2109624456315518,133,,
133,0,,474864.0,474864.0,,,1.2651259494212782e-06,0.0024870791195465993,0.4190322580645161,0.7316034101684902,0.4073960781097412,1.398792028427124,2.0078232288360596,,,,,0.0691771927753512,350000,0.2109624456315518,134,,
134,0,,484779.0,484779.0,,,1.2678750772032874e-06,0.002479818927137996,0.409258064516129,0.7486198808209433,0.4094175696372986,1.3937395811080933,2.006793260574341,,,,,0.0705937905796246,350000,0.2109624456315518,135,,
135,0,,480650.0,480650.0,,,1.3156028471383794e-06,0.002472518478764029,0.38553225806451613,0.7009852679866382,0.37751075625419617,1.4759185314178467,2.107046365737915,,,,,0.07047574076260182,350000,0.2109624456315518,136,,
136,0,,480138.0,480138.0,,,1.3252505647016983e-06,0.0024651780745175355,0.46288709677419354,0.7740817174227465,0.4114014506340027,1.3781145811080933,2.01149582862854,,,,,0.07047574076260182,350000,0.2109624456315518,137,,
137,0,,474466.0,474466.0,,,1.3449310872153563e-06,0.0024577980161337837,0.41929032258064514,0.7482805599792675,0.4204193651676178,1.370816707611084,2.009765625,,,,,0.06894109314130563,350000,0.2109624456315518,138,,
138,0,,479099.0,479099.0,,,1.3494161458269847e-06,0.0024503786069780694,0.38583870967741934,0.7193254796838067,0.4022347927093506,1.4030622243881226,2.0396463871002197,,,,,0.07000354149451068,350000,0.2109624456315518,139,,
139,1,450751,468366.0,450751.0,1.0390792255591224,279225,1.3841524667539563e-06,0.0024429201520332414,0.48979032258064514,0.7858347168224379,0.4026433825492859,1.4056284427642822,2.0560834407806396,0,0,1,0,0.06008735686459686,350000,0.2109624456315518,140,171526,0
140,0,,469858.0,469858.0,,,1.318829941087653e-06,0.002435422957887171,0.3968548387096774,0.728360473980173,0.39849284291267395,1.4087167978286743,2.0178396701812744,,,,,0.0705937905796246,350000,0.2109624456315518,141,,
141,0,,464842.0,464842.0,,,1.395126712349831e-06,0.0024278873327201445,0.3222258064516129,0.7006839306801608,0.38465771079063416,1.4322377443313599,2.080514430999756,,,,,0.07236453783496635,350000,0.2109624456315518,142,,
142,0,,472460.0,472460.0,,,1.3999555782567037e-06,0.002420313586292198,0.40766129032258064,0.7370139606185394,0.3906129002571106,1.4198322296142578,2.077641725540161,,,,,0.06846889387321449,350000,0.2109624456315518,143,,
143,0,,477021.0,477021.0,,,1.4444043575932328e-06,0.002412702029930382,0.36238709677419356,0.6993003546868992,0.3763566315174103,1.4498209953308105,2.1334176063537598,,,,,0.06929524259237398,350000,0.2109624456315518,144,,
144,0,,473418.0,473418.0,,,1.481101137773313e-06,0.0024050529765159666,0.4512258064516129,0.7638037153728822,0.3768100440502167,1.4326539039611816,2.13618540763855,,,,,0.06894109314130563,350000,0.2109624456315518,145,,
145,0,,464197.0,464197.0,,,1.4922817217031432e-06,0.0023973667404715783,0.3609838709677419,0.6968744400471291,0.3445967733860016,1.487560749053955,2.19460391998291,,,,,0.06846889387321449,350000,0.2109624456315518,146,,
146,0,,472389.0,472389.0,,,1.4840211716015015e-06,0.0023896436377482764,0.33430645161290323,0.6712252730083589,0.3701075315475464,1.4356681108474731,2.1348519325256348,,,,,0.06894109314130563,350000,0.2109624456315518,147,,
147,0,,462916.0,462916.0,,,1.5330246219487506e-06,0.0023818839858125635,0.3864677419354839,0.7220885231534033,0.3724552094936371,1.4547030925750732,2.17457914352417,,,,,0.06964939204344234,350000,0.2109624456315518,148,,
148,0,,462911.0,462911.0,,,1.5234326291570986e-06,0.0023740881036333388,0.37120967741935484,0.7053111610320267,0.3927992880344391,1.4253971576690674,2.1310157775878906,,,,,0.06953134222641955,350000,0.2109624456315518,149,,
149,1,444640,462338.0,444640.0,1.0398029866858582,273114,1.544863225179389e-06,0.002366256311668785,0.39930645161290323,0.7300502134532324,0.3709372878074646,1.4438673257827759,2.1542935371398926,0,0,1,0,0.059497107779482944,350000,0.2109624456315518,150,171526,0
150,0,,459889.0,459889.0,,,1.5017515466138661e-06,0.0023583889318531935,0.43859677419354837,0.7393442383046441,0.3888225853443146,1.4271234273910522,2.1071267127990723,,,,,0.07212843820092078,350000,0.2109624456315518,151,,
151,0,,460225.0,460225.0,,,1.5746057362041972e-06,0.0023504862875837348,0.39488709677419354,0.7216576337577044,0.3902670443058014,1.4307382106781006,2.1507461071014404,,,,,0.07224648801794357,350000,0.2109624456315518,152,,
152,0,,458208.0,458208.0,,,1.5974751895160085e-06,0.0023425487037071623,0.43066129032258066,0.7593082042027627,0.38661113381385803,1.4402190446853638,2.1717710494995117,,,,,0.06929524259237398,350000,0.2109624456315518,153,,
153,0,,456173.0,456173.0,,,1.6120418563724389e-06,0.0023345765065064593,0.4242258064516129,0.7271928402316833,0.372243732213974,1.452945351600647,2.1878554821014404,,,,,0.06870499350726006,350000,0.2109624456315518,154,,
154,0,,449522.0,449522.0,,,1.6262836651638985e-06,0.002326570023687428,0.2886451612903226,0.6428126465941424,0.40235665440559387,1.394844889640808,2.1291728019714355,,,,,0.06823279423916893,350000,0.2109624456315518,155,,
155,0,,445333.0,445333.0,,,1.622750755110509e-06,0.002318529584365218,0.4880322580645161,0.760378121361456,0.38832080364227295,1.412907361984253,2.1402242183685303,,,,,0.06658009680084996,350000,0.2109624456315518,156,,
156,0,,446852.0,446852.0,,,1.6271087801138196e-06,0.0023104555190507975,0.3892258064516129,0.7156723463464737,0.3854982256889343,1.421229600906372,2.147763729095459,,,,,0.06764254515405502,350000,0.2109624456315518,157,,
157,0,,445819.0,445819.0,,,1.6527234888018526e-06,0.0023023481596373676,0.41870967741935483,0.7345894723632249,0.38899821043014526,1.4211868047714233,2.162494421005249,,,,,0.0677605949710778,350000,0.2109624456315518,158,,
158,0,,449901.0,449901.0,,,1.6689740848096217e-06,0.0022942078393867193,0.3929032258064516,0.717610909673123,0.3898226022720337,1.4128522872924805,2.15692400932312,,,,,0.06811474442214614,350000,0.2109624456315518,159,,
159,1,438563,450938.0,438563.0,1.02821715466193,267037,1.7055341666558494e-06,0.0022860348929155346,0.3725322580645161,0.6971306956537612,0.38223835825920105,1.4260485172271729,2.193087577819824,0,0,1,0,0.05937905796246016,350000,0.2109624456315518,160,171526,0
160,0,,449742.0,449742.0,,,1.68141009960588e-06,0.0022778296561816328,0.31717741935483873,0.6727257226375283,0.37245699763298035,1.4355651140213013,2.1829044818878174,,,,,0.06658009680084996,350000,0.2109624456315518,161,,
161,0,,444889.0,444889.0,,,1.7460226761251207e-06,0.0022695924664701563,0.3675483870967742,0.690462872020734,0.36391398310661316,1.459739327430725,2.2404091358184814,,,,,0.06905914295832842,350000,0.2109624456315518,162,,
162,0,,441480.0,441480.0,,,1.7480235602724962e-06,0.0022613236623797127,0.41258064516129034,0.7374771763644948,0.37398388981819153,1.4438984394073486,2.2142226696014404,,,,,0.06681619643489553,350000,0.2109624456315518,163,,
163,0,,446161.0,446161.0,,,1.7548855477533817e-06,0.0022530235838084515,0.387,0.6898155892064141,0.36510753631591797,1.4673824310302734,2.2468700408935547,,,,,0.06764254515405502,350000,0.2109624456315518,164,,
164,0,,436849.0,436849.0,,,1.7951491857150025e-06,0.0022446925719400933,0.37266129032258066,0.6912372421032386,0.3558548390865326,1.4583755731582642,2.2521135807037354,,,,,0.06681619643489553,350000,0.2109624456315518,165,,
165,0,,433275.0,433275.0,,,1.7772701733847815e-06,0.002236330969229905,0.32937096774193547,0.6585085538449039,0.35538172721862793,1.4506330490112305,2.2222084999084473,,,,,0.06681619643489553,350000,0.2109624456315518,166,,
166,0,,436385.0,436385.0,,,1.7816423067367941e-06,0.0022279391193906245,0.3934354838709677,0.7160288744145612,0.32155734300613403,1.5170979499816895,2.292484998703003,,,,,0.06705229606894109,350000,0.2109624456315518,167,,
167,0,,435897.0,435897.0,,,1.814332117030384e-06,0.0022195173673783307,0.3028709677419355,0.6581769995233374,0.3386254608631134,1.4647629261016846,2.2517635822296143,,,,,0.06705229606894109,350000,0.2109624456315518,168,,
168,0,,423474.0,423474.0,,,1.832300272813089e-06,0.0022110660593782617,0.35535483870967743,0.698593068996344,0.34338173270225525,1.4534775018692017,2.2326762676239014,,,,,0.06539959863062213,350000,0.2109624456315518,169,,
169,1,410669,420693.0,410669.0,1.0244089522218625,239143,1.7971215527760492e-06,0.0022025855427905885,0.35619354838709677,0.6895065810810065,0.35512903332710266,1.440604329109192,2.1974427700042725,0,0,1,0,0.05560146381773108,350000,0.2109624456315518,170,171526,0
170,0,,420928.0,420928.0,,,1.7567655890994714e-06,0.002194076166216133,0.36406451612903223,0.695045498257735,0.34318816661834717,1.456959843635559,2.1891961097717285,,,,,0.0626844528390981,350000,0.2109624456315518,171,,
171,0,,424708.0,424708.0,,,1.8173421516468721e-06,0.0021855382794420354,0.2914193548387097,0.6413840020011579,0.3342939019203186,1.469122052192688,2.2340190410614014,,,,,0.06587179789871325,350000,0.2109624456315518,172,,
172,0,,446656.0,446656.0,,,1.8514860552634267e-06,0.0021769722334273817,0.2819838709677419,0.6225049388942692,0.31719714403152466,1.5233079195022583,2.3221099376678467,,,,,0.06634399716680439,350000,0.2109624456315518,173,,
173,0,,447278.0,447278.0,,,1.971053591146861e-06,0.0021683783802887726,0.31006451612903224,0.6264287797053336,0.2640322744846344,1.5583524703979492,2.436563491821289,,,,,0.06681619643489553,350000,0.2109624456315518,174,,
174,0,,440665.0,440665.0,,,1.9981508502584734e-06,0.0021597570732858505,0.34041935483870966,0.6635424893501082,0.3165573477745056,1.494507908821106,2.380702018737793,,,,,0.06646204698382717,350000,0.2109624456315518,175,,
175,0,,442012.0,442012.0,,,1.991412910569456e-06,0.0021511086668067783,0.36785483870967745,0.6956834701609395,0.33355557918548584,1.4893118143081665,2.3747730255126953,,,,,0.06480934954550821,350000,0.2109624456315518,176,,
176,0,,440347.0,440347.0,,,2.0209479174019816e-06,0.0021424335163536747,0.38220967741935485,0.7033890412475432,0.33438172936439514,1.5045790672302246,2.4003567695617676,,,,,0.0642191004603943,350000,0.2109624456315518,177,,
177,0,,440377.0,440377.0,,,2.03658458902824e-06,0.0021337319785279946,0.3607258064516129,0.6697338354125325,0.35655736923217773,1.4729938507080078,2.3697588443756104,,,,,0.06504544917955377,350000,0.2109624456315518,178,,
178,0,,429587.0,429587.0,,,2.0602497445551643e-06,0.002125004411015877,0.3744677419354839,0.7061848636694261,0.3624121844768524,1.460738182067871,2.3544223308563232,,,,,0.06433715027741707,350000,0.2109624456315518,179,,
179,1,413280,426820.0,413280.0,1.0327622919086334,241754,2.0304650811852564e-06,0.0021162511725734395,0.3645806451612903,0.7001471037729152,0.3510071635246277,1.4565367698669434,2.3235199451446533,0,0,1,0,0.055247314366662734,350000,0.2109624456315518,180,171526,0
180,0,,419801.0,419801.0,,,1.969688733382865e-06,0.0021074726230120295,0.3466290322580645,0.6829040097632088,0.3587311804294586,1.437638521194458,2.260329484939575,,,,,0.06103175540077913,350000,0.2109624456315518,181,,
181,0,,421649.0,421649.0,,,2.019042458903203e-06,0.002098669123183437,0.37066129032258066,0.7046848038160876,0.33661291003227234,1.4753152132034302,2.325719118118286,,,,,0.06504544917955377,350000,0.2109624456315518,182,,
182,0,,427315.0,427315.0,,,2.046902749355181e-06,0.0020898410349650585,0.38140322580645164,0.6994174323606595,0.34018459916114807,1.4628783464431763,2.328237533569336,,,,,0.061503954668870264,350000,0.2109624456315518,183,,
183,0,,436561.0,436561.0,,,2.0952134697766758e-06,0.002080988721245024,0.3307741935483871,0.662956397117667,0.32654839754104614,1.4928843975067139,2.3907527923583984,,,,,0.06610789753275882,350000,0.2109624456315518,184,,
184,0,,432045.0,432045.0,,,2.164332193796744e-06,0.0020721125459072774,0.3555645161290323,0.6816379783173437,0.3344516158103943,1.4773080348968506,2.4177000522613525,,,,,0.06658009680084996,350000,0.2109624456315518,185,,
185,0,,430673.0,430673.0,,,2.164616748001222e-06,0.002063212873816622,0.3222741935483871,0.6441347842086197,0.34049105644226074,1.4572588205337524,2.3925602436065674,,,,,0.0677605949710778,350000,0.2109624456315518,186,,
186,0,,427673.0,427673.0,,,2.1802367534124133e-06,0.002054290070803719,0.35961290322580647,0.6963128948544839,0.33973297476768494,1.4707573652267456,2.4108660221099854,,,,,0.06563569826466768,350000,0.2109624456315518,187,,
187,0,,442507.0,442507.0,,,2.1868552289842446e-06,0.002045344503650053,0.3702258064516129,0.6792578020115944,0.3468494713306427,1.4641542434692383,2.4064345359802246,,,,,0.06894109314130563,350000,0.2109624456315518,188,,
188,0,,479124.0,479124.0,,,2.2893961628317757e-06,0.0020363765400728522,0.3105322580645161,0.6619366931043202,0.3323315382003784,1.4742618799209595,2.4841341972351074,,,,,0.06858694369023728,350000,0.2109624456315518,189,,
189,1,458405,469541.0,458405.0,1.0242929287420512,286879,2.518069573182065e-06,0.0020273865487099737,0.33279032258064517,0.6713956527516117,0.3318566381931305,1.4654736518859863,2.63692045211792,0,0,1,0,0.06610789753275882,350000,0.2109624456315518,190,171526,17474
190,0,,479237.0,479237.0,,,2.4419018875131152e-06,0.002018374899104751,0.3601774193548387,0.6640285510233911,0.33867383003234863,1.4438717365264893,2.5645952224731445,,,,,0.06905914295832842,350000,0.2109624456315518,191,,
191,0,,456439.0,456439.0,,,2.593303345026479e-06,0.0020093419616908034,0.19420967741935483,0.46019974019564247,0.32814159989356995,1.4815459251403809,2.65885591506958,,,,,0.07283673710305749,350000,0.2109624456315518,192,,
192,0,,475901.0,475901.0,,,2.5029458827386496e-06,0.0020002881077768086,0.30670967741935484,0.6218393052527471,0.3197132647037506,1.4745264053344727,2.682743787765503,,,,,0.07354503600519419,350000,0.2109624456315518,193,,
193,0,,461955.0,461955.0,,,2.650072530738806e-06,0.001991213709531239,0.2053225806451613,0.5172819117171452,0.32333335280418396,1.467813491821289,2.6959166526794434,,,,,0.07118403966473852,350000,0.2109624456315518,194,,
194,0,,453845.0,453845.0,,,2.6083591892234396e-06,0.001982119139967065,0.20309677419354838,0.4999040876686335,0.3077903389930725,1.4991750717163086,2.7335822582244873,,,,,0.07177428874985244,350000,0.2109624456315518,195,,
195,0,,453290.0,453290.0,,,2.5960751209232388e-06,0.0019730047729264195,0.20001612903225807,0.4947216098531351,0.31288352608680725,1.490491509437561,2.6736299991607666,,,,,0.0698854916774879,350000,0.2109624456315518,196,,
196,0,,458334.0,458334.0,,,2.6266441686890754e-06,0.0019638709830652338,0.20259677419354838,0.49998876836316536,0.31325986981391907,1.49323570728302,2.7003164291381836,,,,,0.06846889387321449,350000,0.2109624456315518,197,,
197,0,,452779.0,452779.0,,,2.6919245387963176e-06,0.0019547181458378343,0.20209677419354838,0.4210738869503191,0.3216165006160736,1.4804017543792725,2.7109692096710205,,,,,0.06858694369023728,350000,0.2109624456315518,198,,
198,0,,452194.0,452194.0,,,2.69375438078324e-06,0.00194554663748151,0.20259677419354838,0.4999477042487889,0.3220250904560089,1.4819737672805786,2.699313163757324,,,,,0.06764254515405502,350000,0.2109624456315518,199,,
199,1,465639,473288.0,465639.0,1.0164268886412007,294113,2.7249551017426453e-06,0.001936356835001048,0.33888709677419354,0.6572803953766699,0.30865591764450073,1.5053048133850098,2.771374225616455,0,0,1,0,0.06504544917955377,350000,0.2109624456315518,200,171526,13330
200,0,,450298.0,450298.0,,,2.84631504532574e-06,0.001927149116153233,0.24754838709677418,0.5868840590072206,0.2934229373931885,1.5602892637252808,2.8536057472229004,,,,,0.0713020894817613,350000,0.2109624456315518,201,,
201,0,,457104.0,457104.0,,,2.7874381347005698e-06,0.0019179238594313236,0.28141935483870967,0.6393139883930996,0.3145017921924591,1.4929825067520142,2.752687692642212,,,,,0.07330893637114863,350000,0.2109624456315518,202,,
202,0,,468357.0,468357.0,,,2.8675935166544677e-06,0.00190868144404949,0.2796290322580645,0.5890670017202657,0.2656809985637665,1.6744141578674316,3.008063793182373,,,,,0.07082989021367017,350000,0.2109624456315518,203,,
203,0,,457712.0,457712.0,,,2.98129555239255e-06,0.001899422249927229,0.30262903225806453,0.6281096139253822,0.2894229590892792,1.7715177536010742,3.150686264038086,,,,,0.0713020894817613,350000,0.2109624456315518,204,,
204,0,,456204.0,456204.0,,,2.9528849612759537e-06,0.0018901466576737454,0.32329032258064516,0.6536781721191446,0.3218817412853241,1.4898525476455688,2.837751865386963,,,,,0.07082989021367017,350000,0.2109624456315518,205,,
205,0,,450973.0,450973.0,,,2.982413595710009e-06,0.001880855048572306,0.32611290322580644,0.6510462774743614,0.3098208010196686,1.4975122213363647,2.853797674179077,,,,,0.06976744186046512,350000,0.2109624456315518,206,,
206,0,,453099.0,453099.0,,,2.985818796190549e-06,0.001871547804564569,0.2934838709677419,0.6216586311269627,0.2898297607898712,1.5617419481277466,2.9106709957122803,,,,,0.07071184039664738,350000,0.2109624456315518,207,,
207,0,,454611.0,454611.0,,,3.0388709889512146e-06,0.001862225308234881,0.26048387096774195,0.6156124514389368,0.3049086034297943,1.5009711980819702,2.8722362518310547,,,,,0.06976744186046512,350000,0.2109624456315518,208,,
208,0,,446968.0,446968.0,,,3.089140733549252e-06,0.0018528879427945528,0.3170322580645161,0.6260539995609575,0.3024498224258423,1.511162281036377,2.901444435119629,,,,,0.06870499350726006,350000,0.2109624456315518,209,,
209,1,442740,446414.0,442740.0,1.0082983240728192,271214,3.074571556719543e-06,0.0018435360920661054,0.3092258064516129,0.6230098874811902,0.29401254653930664,1.5565961599349976,2.923358678817749,0,0,1,0,0.05961515759650573,350000,0.2109624456315518,210,171526,0
210,0,,440112.0,440112.0,,,3.081491471614449e-06,0.0018341701404674933,0.2454516129032258,0.48769112125725717,0.29317742586135864,1.5233277082443237,2.8852624893188477,,,,,0.06504544917955377,350000,0.2109624456315518,211,,
211,0,,438141.0,438141.0,,,3.0984905630361008e-06,0.0018247904729963033,0.22282258064516128,0.4628108554732805,0.29750001430511475,1.5098258256912231,2.871713638305664,,,,,0.06539959863062213,350000,0.2109624456315518,212,,
212,0,,438078.0,438078.0,,,3.1194509078493257e-06,0.0018153974752139273,0.22891935483870968,0.49414910900217474,0.2954820990562439,1.5112202167510986,2.878631353378296,,,,,0.0626844528390981,350000,0.2109624456315518,213,,
213,0,,431538.0,431538.0,,,3.1542046954485035e-06,0.0018059915332297148,0.27261290322580645,0.5738722581379125,0.2904892563819885,1.5989577770233154,2.9765126705169678,,,,,0.06539959863062213,350000,0.2109624456315518,214,,
214,0,,425347.0,425347.0,,,3.1398219747676087e-06,0.001796573033685099,0.2053225806451613,0.44752879492448405,0.2865322530269623,1.5246918201446533,2.8710036277770996,,,,,0.06516349899657656,350000,0.2109624456315518,215,,
215,0,,428956.0,428956.0,,,3.1250942565198985e-06,0.001787142363737708,0.20237096774193547,0.4977823415869014,0.2936989367008209,1.5183435678482056,2.847681760787964,,,,,0.06598984771573604,350000,0.2109624456315518,216,,
216,0,,422714.0,422714.0,,,3.1838289593989682e-06,0.0017776999110454444,0.20374193548387096,0.49384546049679,0.29122939705848694,1.530107855796814,2.8822672367095947,,,,,0.0642191004603943,350000,0.2109624456315518,217,,
217,0,,423212.0,423212.0,,,3.167251443571383e-06,0.0017682460637505556,0.20325806451612904,0.4978043046391125,0.2887795865535736,1.5329660177230835,2.8704373836517334,,,,,0.0642191004603943,350000,0.2109624456315518,218,,
218,0,,419637.0,419637.0,,,3.201241077777441e-06,0.0017587812104636756,0.23266129032258065,0.4921443618539193,0.29103943705558777,1.5335932970046997,2.884113311767578,,,,,0.06362885137528036,350000,0.2109624456315518,219,,
219,1,413960,420618.0,413960.0,1.0160836795825683,242434,3.2031292820521234e-06,0.0017493057402478522,0.2719516129032258,0.6177361954547587,0.3009677529335022,1.5170038938522339,2.8628933429718018,0,0,1,0,0.058198559792232325,350000,0.2109624456315518,220,171526,0
220,0,,415760.0,415760.0,,,3.1864241800602365e-06,0.0017398200426025521,0.3094516129032258,0.6193233637212787,0.3041953444480896,1.5057240724563599,2.8312246799468994,,,,,0.06185810411993861,350000,0.2109624456315518,221,,
221,0,,413382.0,413382.0,,,3.2279488743075476e-06,0.0017303245074476532,0.29174193548387095,0.645638303235258,0.30039605498313904,1.525199294090271,2.8631513118743896,,,,,0.06469129972848542,350000,0.2109624456315518,222,,
222,0,,409364.0,409364.0,,,3.236306770024579e-06,0.0017208195251074145,0.3131935483870968,0.623356361014397,0.3019784986972809,1.5149896144866943,2.843717575073242,,,,,0.06327470192421202,350000,0.2109624456315518,223,,
223,0,,405712.0,405712.0,,,3.2300544793860136e-06,0.0017113054862944307,0.291,0.6024880000265644,0.29917383193969727,1.525719165802002,2.8363234996795654,,,,,0.06233030338802975,350000,0.2109624456315518,224,,
224,0,,407765.0,407765.0,,,3.2249689940289944e-06,0.0017017827820935744,0.33298387096774196,0.6502645748975795,0.30285125970840454,1.513245701789856,2.8316493034362793,,,,,0.06256640302207532,350000,0.2109624456315518,225,,
225,0,,411450.0,411450.0,,,3.266139509739754e-06,0.0016922518039459167,0.26553225806451614,0.6090625249715859,0.2951989471912384,1.5251809358596802,2.8657586574554443,,,,,0.0633927517412348,350000,0.2109624456315518,226,,
226,0,,412667.0,412667.0,,,3.3224182454775815e-06,0.0016827129436326395,0.2609032258064516,0.5834713817861223,0.2754175662994385,1.582412600517273,2.954296112060547,,,,,0.06492739936253099,350000,0.2109624456315518,227,,
227,0,,409102.0,409102.0,,,3.3598010541456048e-06,0.0016731665932589285,0.31859677419354837,0.6384980495443077,0.28613799810409546,1.5267319679260254,2.9069693088531494,,,,,0.06469129972848542,350000,0.2109624456315518,228,,
228,0,,409015.0,409015.0,,,3.3568628810416206e-06,0.0016636131452378577,0.28491935483870967,0.605986353673566,0.30171146988868713,1.5087099075317383,2.8853979110717773,,,,,0.06398300082634872,350000,0.2109624456315518,229,,
229,1,401713,407895.0,401713.0,1.0153890961955425,230187,3.382398664138935e-06,0.001654052992274256,0.23261290322580644,0.5623668237085226,0.2926182746887207,1.5216535329818726,2.90395188331604,0,0,1,0,0.05642781253689057,350000,0.2109624456315518,230,171526,0
230,0,,400568.0,400568.0,,,3.3449824010776417e-06,0.0016444865273485686,0.2453225806451613,0.5877901507436715,0.27791041135787964,1.5407466888427734,2.879638910293579,,,,,0.061503954668870264,350000,0.2109624456315518,231,,
231,0,,408326.0,408326.0,,,3.358030321123602e-06,0.0016349141437006984,0.2885483870967742,0.6070034016574419,0.2999767065048218,1.511376142501831,2.863980531692505,,,,,0.06292055247314367,350000,0.2109624456315518,232,,
232,0,,409582.0,409582.0,,,3.4495492118069493e-06,0.0016253362348138448,0.29674193548387096,0.6235240110007443,0.293129026889801,1.521039605140686,2.9320592880249023,,,,,0.06280250265612089,350000,0.2109624456315518,233,,
233,0,,409626.0,409626.0,,,3.487464648242003e-06,0.0016157531943983283,0.30182258064516126,0.6321370859779784,0.2992222309112549,1.5097401142120361,2.938230037689209,,,,,0.06362885137528036,350000,0.2109624456315518,234,,
234,0,,410709.0,410709.0,,,3.5153813125706895e-06,0.0016061654163754056,0.26151612903225807,0.5667604907476814,0.29582080245018005,1.519257664680481,2.955606698989868,,,,,0.06457324991146264,350000,0.2109624456315518,235,,
235,0,,409217.0,409217.0,,,3.5529774709427993e-06,0.0015965732948610791,0.30079032258064514,0.6194919322855077,0.291051983833313,1.537440538406372,2.995875358581543,,,,,0.06504544917955377,350000,0.2109624456315518,236,,
236,0,,407638.0,407638.0,,,3.567846671242149e-06,0.001586977224149894,0.33,0.6600238013045123,0.3087061047554016,1.5070383548736572,2.960592031478882,,,,,0.06480934954550821,350000,0.2109624456315518,237,,
237,0,,408069.0,408069.0,,,3.581273656142099e-06,0.0015773775986987321,0.30738709677419357,0.6408182122871697,0.2968817353248596,1.5239083766937256,2.9868876934051514,,,,,0.06469129972848542,350000,0.2109624456315518,238,,
238,0,,409185.0,409185.0,,,3.612681936700683e-06,0.0015677748131105972,0.24764516129032257,0.6032252664235024,0.2994498312473297,1.5199685096740723,2.993884325027466,,,,,0.0655176484476449,350000,0.2109624456315518,239,,
239,1,401310,409662.0,401310.0,1.0208118412200045,229784,3.650971239216891e-06,0.0015581692621183922,0.3223548387096774,0.6263435349803337,0.29047492146492004,1.5334047079086304,3.0267016887664795,0,0,1,0,0.05630976271986778,350000,0.2109624456315518,240,171526,0
240,0,,410557.0,410557.0,,,3.6052823760480586e-06,0.0015485613405686973,0.289258064516129,0.6156693605938629,0.2855250835418701,1.5408211946487427,3.0087764263153076,,,,,0.06445520009443985,350000,0.2109624456315518,241,,
241,0,,412517.0,412517.0,,,3.71790283763934e-06,0.001538951443405534,0.26661290322580644,0.5914209226252497,0.2675251066684723,1.5643929243087769,3.0913312435150146,,,,,0.0655176484476449,350000,0.2109624456315518,242,,
242,0,,413182.0,413182.0,,,3.7664752299846823e-06,0.0015293399656541367,0.2709354838709677,0.588562783808181,0.2823082506656647,1.5438306331634521,3.0924506187438965,,,,,0.06386495100932593,350000,0.2109624456315518,243,,
243,0,,409898.0,409898.0,,,3.8039808847830807e-06,0.0015197273024047098,0.24258064516129033,0.5904056687809232,0.27341756224632263,1.5901243686676025,3.153818130493164,,,,,0.06610789753275882,350000,0.2109624456315518,244,,
244,0,,409306.0,409306.0,,,3.803672524114688e-06,0.0015101138487961896,0.29593548387096774,0.5844982354695396,0.2692294120788574,1.580297589302063,3.1447458267211914,,,,,0.06669814661787274,350000,0.2109624456315518,245,,
245,0,,411933.0,411933.0,,,3.828022083221338e-06,0.0015004999999999999,0.23258064516129032,0.5409196191948277,0.26371505856513977,1.5679206848144531,3.149125337600708,,,,,0.06705229606894109,350000,0.2109624456315518,246,,
246,0,,412860.0,412860.0,,,3.884103868197022e-06,0.0014908861512038102,0.30733870967741933,0.613727177268834,0.26460036635398865,1.560254693031311,3.16198468208313,,,,,0.06622594734978161,350000,0.2109624456315518,247,,
247,0,,411417.0,411417.0,,,3.9251277568873045e-06,0.0014812726975952898,0.27566129032258063,0.5996317169417047,0.2718566358089447,1.5603294372558594,3.18729829788208,,,,,0.06752449533703223,350000,0.2109624456315518,248,,
248,0,,409747.0,409747.0,,,3.943155746769728e-06,0.001471660034345863,0.29906451612903223,0.6164340663514555,0.2757401466369629,1.5461684465408325,3.1723716259002686,,,,,0.06693424625191831,350000,0.2109624456315518,249,,
249,1,403875,413828.0,403875.0,1.0246437635406995,232349,3.958219441384689e-06,0.001462048556594466,0.25651612903225807,0.5961016712696333,0.2835591435432434,1.541236162185669,3.1741483211517334,0,0,1,0,0.05666391217093614,350000,0.2109624456315518,250,171526,0
250,0,,410347.0,410347.0,,,3.929524513790099e-06,0.0014524386594313029,0.2912258064516129,0.6167718048094544,0.2547723948955536,1.6196167469024658,3.2313318252563477,,,,,0.0641010506433715,350000,0.2109624456315518,251,,
251,0,,410396.0,410396.0,,,4.024375116314184e-06,0.0014428307378816074,0.27272580645161293,0.6238348498240259,0.2533924877643585,1.575043797492981,3.2263453006744385,,,,,0.06480934954550821,350000,0.2109624456315518,252,,
252,0,,410401.0,410401.0,,,4.057019220605797e-06,0.0014332251868894033,0.27091935483870966,0.6166953817889553,0.26467564702033997,1.5597337484359741,3.227447748184204,,,,,0.06280250265612089,350000,0.2109624456315518,253,,
253,0,,411919.0,411919.0,,,4.089492110305118e-06,0.0014236224013012679,0.29220967741935483,0.6200420728576255,0.27258244156837463,1.5438176393508911,3.225619316101074,,,,,0.0633927517412348,350000,0.2109624456315518,254,,
254,0,,411934.0,411934.0,,,4.138185721204285e-06,0.0014140227758501062,0.2850967741935484,0.6192014558255672,0.28016307950019836,1.5396190881729126,3.2449169158935547,,,,,0.06374690119230315,350000,0.2109624456315518,255,,
255,0,,410823.0,410823.0,,,4.172187062948448e-06,0.001404426705138921,0.2901451612903226,0.6380484948609066,0.27469533681869507,1.5318782329559326,3.245743751525879,,,,,0.06280250265612089,350000,0.2109624456315518,256,,
256,0,,409460.0,409460.0,,,4.19440360529285e-06,0.001394834583624594,0.294,0.6395524153766845,0.29382795095443726,1.5167533159255981,3.2369563579559326,,,,,0.06374690119230315,350000,0.2109624456315518,257,,
257,0,,418178.0,418178.0,,,4.213413887109487e-06,0.0013852468056016719,0.2830645161290323,0.5898094461603789,0.2876971364021301,1.533400535583496,3.2743725776672363,,,,,0.0641010506433715,350000,0.2109624456315518,258,,
258,0,,417386.0,417386.0,,,4.341586701224735e-06,0.0013756637651861552,0.2699516129032258,0.5859372574528855,0.28283512592315674,1.5491137504577637,3.3456315994262695,,,,,0.06587179789871325,350000,0.2109624456315518,259,,
259,1,414174,417841.0,414174.0,1.008853766774351,242648,4.371683037927848e-06,0.0013660858562993014,0.308,0.6314998696669964,0.2793852984905243,1.5434894561767578,3.363156795501709,0,0,1,0,0.0583166096092551,350000,0.2109624456315518,260,171526,0
260,0,,412298.0,412298.0,,,4.374710922700123e-06,0.0013565134726514312,0.29504838709677417,0.6351922448107042,0.2868369221687317,1.533400058746338,3.3414156436920166,,,,,0.06103175540077913,350000,0.2109624456315518,261,,
261,0,,415574.0,415574.0,,,4.390711636847638e-06,0.0013469470077257437,0.2620967741935484,0.5912415900064685,0.2697240114212036,1.5542441606521606,3.366852283477783,,,,,0.06327470192421202,350000,0.2109624456315518,262,,
262,0,,410947.0,410947.0,,,4.46376242473132e-06,0.0013373868547621424,0.22883870967741934,0.5610791437944641,0.2644767165184021,1.5654574632644653,3.405817747116089,,,,,0.06091370558375635,350000,0.2109624456315518,263,,
263,0,,416667.0,416667.0,,,4.4496351924296375e-06,0.0013278334067410714,0.26545161290322583,0.571849486362203,0.2741451561450958,1.5501810312271118,3.3844728469848633,,,,,0.06233030338802975,350000,0.2109624456315518,264,,
264,0,,419256.0,419256.0,,,4.551072466738471e-06,0.0013182870563673604,0.2475,0.5705337331785575,0.2642204463481903,1.5558832883834839,3.4601705074310303,,,,,0.06280250265612089,350000,0.2109624456315518,265,,
265,0,,421309.0,421309.0,,,4.620877907344789e-06,0.001308748196054083,0.2290483870967742,0.5662986274342489,0.25886380672454834,1.5562342405319214,3.485839605331421,,,,,0.06303860229016645,350000,0.2109624456315518,266,,
266,0,,413000.0,413000.0,,,4.686758529670727e-06,0.001299217217906426,0.25033870967741934,0.5636256607123029,0.24981720745563507,1.5664076805114746,3.530294418334961,,,,,0.06091370558375635,350000,0.2109624456315518,267,,
267,0,,412045.0,412045.0,,,4.6325060359150015e-06,0.0012896945137055695,0.24793548387096775,0.5897985823926202,0.2607383728027344,1.557578444480896,3.4555563926696777,,,,,0.06209420375398418,350000,0.2109624456315518,268,,
268,0,,409056.0,409056.0,,,4.659662061243698e-06,0.0012801804748925854,0.25703225806451613,0.581064663735718,0.25248387455940247,1.5643233060836792,3.479140043258667,,,,,0.06303860229016645,350000,0.2109624456315518,269,,
269,1,413502,415653.0,413502.0,1.0052019095433637,241976,4.66206447927462e-06,0.0012706754925523463,0.24598387096774194,0.5749627114807472,0.2527329921722412,1.558979868888855,3.4747579097747803,0,0,1,0,0.05678196198795892,350000,0.2109624456315518,270,171526,0
270,0,,420068.0,420068.0,,,4.752187870887927e-06,0.001261179957397448,0.21961290322580646,0.5413880305425723,0.25755736231803894,1.5872381925582886,3.543661117553711,,,,,0.06752449533703223,350000,0.2109624456315518,271,,
271,0,,417133.0,417133.0,,,4.87189773845602e-06,0.0012516942597521482,0.23917741935483872,0.5619451982042041,0.23469355702400208,1.6388108730316162,3.695481777191162,,,,,0.0691771927753512,350000,0.2109624456315518,272,,
272,0,,416031.0,416031.0,,,4.880490130822944e-06,0.0012422187895363244,0.24525806451612903,0.5657008790038057,0.2423100471496582,1.5753834247589111,3.6276206970214844,,,,,0.06634399716680439,350000,0.2109624456315518,273,,
273,0,,421531.0,421531.0,,,4.909841417886578e-06,0.0012327539362494444,0.24233870967741936,0.5608016203653158,0.25682079792022705,1.567527174949646,3.5877652168273926,,,,,0.06480934954550821,350000,0.2109624456315518,274,,
274,0,,418363.0,418363.0,,,5.021221328968121e-06,0.0012233000889545554,0.23948387096774193,0.5653248629052448,0.24697312712669373,1.573693037033081,3.6846280097961426,,,,,0.0641010506433715,350000,0.2109624456315518,275,,
275,0,,411402.0,411402.0,,,5.028140168735072e-06,0.0012138576362622925,0.26320967741935486,0.571576506198493,0.2590000033378601,1.567956566810608,3.6347408294677734,,,,,0.06480934954550821,350000,0.2109624456315518,276,,
276,0,,407920.0,407920.0,,,4.984601269308101e-06,0.0012044269663149007,0.2769354838709677,0.5835767969558976,0.25604480504989624,1.56565523147583,3.5977578163146973,,,,,0.06563569826466768,350000,0.2109624456315518,277,,
277,0,,415063.0,415063.0,,,4.980401689482818e-06,0.0011950084667702852,0.274,0.5954469136221311,0.27233871817588806,1.5510587692260742,3.594947576522827,,,,,0.0655176484476449,350000,0.2109624456315518,278,,
278,0,,411469.0,411469.0,,,5.110997780805019e-06,0.0011856025247860722,0.2584032258064516,0.5789902437820643,0.2709731161594391,1.5558383464813232,3.656193494796753,,,,,0.06528154881359934,350000,0.2109624456315518,279,,
279,1,416237,418246.0,416237.0,1.004826577166374,244711,5.107898357157044e-06,0.0011762095270036964,0.2684032258064516,0.5901418815186845,0.2592706084251404,1.559954285621643,3.691376209259033,0,0,1,0,0.06067760594971078,350000,0.2109624456315518,280,171526,0
280,0,,425841.0,425841.0,,,5.212060402992419e-06,0.0011668298595325065,0.21704838709677418,0.5316667436116526,0.2540268898010254,1.6586155891418457,3.855776071548462,,,,,0.06728839570298666,350000,0.2109624456315518,281,,
281,0,,408892.0,408892.0,,,5.384869735854745e-06,0.0011574639079338946,0.2704032258064516,0.5823340995472759,0.24420610070228577,1.576631784439087,3.7879674434661865,,,,,0.06587179789871325,350000,0.2109624456315518,282,,
282,0,,415605.0,415605.0,,,5.210907583402347e-06,0.001148112057205447,0.3023387096774194,0.6220689888068008,0.2711469531059265,1.5423901081085205,3.685619592666626,,,,,0.06433715027741707,350000,0.2109624456315518,283,,
283,0,,413526.0,413526.0,,,5.342150969227695e-06,0.0011387746917651187,0.2916451612903226,0.6142576146700335,0.27147313952445984,1.5447802543640137,3.760694980621338,,,,,0.06292055247314367,350000,0.2109624456315518,284,,
284,0,,415073.0,415073.0,,,5.359940301795072e-06,0.001129452195435431,0.28758064516129034,0.598221588538809,0.26356273889541626,1.554532527923584,3.7713100910186768,,,,,0.06362885137528036,350000,0.2109624456315518,285,,
285,0,,419693.0,419693.0,,,5.426058078971497e-06,0.0011201449514276938,0.28619354838709676,0.5930928378229348,0.2697652280330658,1.5603232383728027,3.822793960571289,,,,,0.06528154881359934,350000,0.2109624456315518,286,,
286,0,,420233.0,420233.0,,,5.536494385731697e-06,0.0011108533423262546,0.272241935483871,0.5825367356292798,0.26343369483947754,1.5570354461669922,3.8777990341186523,,,,,0.06516349899657656,350000,0.2109624456315518,287,,
287,0,,415002.0,415002.0,,,5.59454017886603e-06,0.0011015777500727707,0.23737096774193547,0.5332367436257666,0.24469175934791565,1.5755858421325684,3.9020726680755615,,,,,0.06386495100932593,350000,0.2109624456315518,288,,
288,0,,416493.0,416493.0,,,5.572159515056225e-06,0.0010923185559505097,0.2852258064516129,0.5996216254618301,0.24645161628723145,1.5756818056106567,3.895371913909912,,,,,0.06292055247314367,350000,0.2109624456315518,289,,
289,1,407943,416421.0,407943.0,1.0207823151763848,236417,5.641025209578311e-06,0.0010830761405686766,0.2385,0.5384801019803158,0.2388136237859726,1.5806937217712402,3.932098150253296,0,0,1,0,0.05914295832841459,350000,0.2109624456315518,290,171526,0
290,0,,418282.0,418282.0,,,5.56770724192113e-06,0.0010738508838467667,0.2380483870967742,0.5364522960689035,0.23817384243011475,1.5803142786026,3.868568181991577,,,,,0.061740054302915834,350000,0.2109624456315518,291,,
291,0,,426615.0,426615.0,,,5.759915848703209e-06,0.001064643164998952,0.2532741935483871,0.564998844841789,0.23759320378303528,1.5834447145462036,4.026676177978516,,,,,0.06386495100932593,350000,0.2109624456315518,292,,
292,0,,427249.0,427249.0,,,5.9330975352664326e-06,0.0010554533625184897,0.23229032258064516,0.5273964197521306,0.2383727729320526,1.5847746133804321,4.117862224578857,,,,,0.0633927517412348,350000,0.2109624456315518,293,,
293,0,,422670.0,422670.0,,,6.00146215608584e-06,0.0010462818541621657,0.2378225806451613,0.5381752473951866,0.24032258987426758,1.5762078762054443,4.112308502197266,,,,,0.06315665210718924,350000,0.2109624456315518,294,,
294,0,,421089.0,421089.0,,,5.993411678988087e-06,0.0010371290169347664,0.24079032258064517,0.5356963949631695,0.23882438242435455,1.5764309167861938,4.1024651527404785,,,,,0.061976153936961396,350000,0.2109624456315518,295,,
295,0,,420674.0,420674.0,,,6.026454405623731e-06,0.0010279952270735807,0.24164516129032257,0.5397074063650613,0.24400359392166138,1.56956946849823,4.104033946990967,,,,,0.06292055247314367,350000,0.2109624456315518,296,,
296,0,,420708.0,420708.0,,,6.076136629029084e-06,0.0010188808600329353,0.24380645161290324,0.5449417429757983,0.24491578340530396,1.5715280771255493,4.127834320068359,,,,,0.0633927517412348,350000,0.2109624456315518,297,,
297,0,,420723.0,420723.0,,,6.132792441432423e-06,0.0010097862904687612,0.237,0.5348411282273275,0.24449463188648224,1.5702474117279053,4.153237342834473,,,,,0.06386495100932593,350000,0.2109624456315518,298,,
298,0,,423632.0,423632.0,,,6.18970799538445e-06,0.0010007118922231919,0.24351612903225806,0.5426875995681117,0.22472402453422546,1.5891684293746948,4.203243255615234,,,,,0.06327470192421202,350000,0.2109624456315518,299,,
299,1,415122,418619.0,415122.0,1.0084240295623936,243596,6.292289568911629e-06,0.000991658038309197,0.23756451612903226,0.536403458847091,0.23828136920928955,1.5779916048049927,4.224829196929932,0,0,1,0,0.06067760594971078,350000,0.2109624456315518,300,171526,0
300,0,,413732.0,413732.0,,,6.218721070362248e-06,0.0009826251008952494,0.23888709677419354,0.5356732990300791,0.23913082480430603,1.573967456817627,4.152115821838379,,,,,0.061976153936961396,350000,0.2109624456315518,301,,
301,0,,413830.0,413830.0,,,6.249956486285298e-06,0.0009736134512900265,0.23479032258064517,0.53172893469851,0.24181720614433289,1.5727851390838623,4.155881881713867,,,,,0.06374690119230315,350000,0.2109624456315518,302,,
302,0,,417554.0,417554.0,,,6.304019508298731e-06,0.0009646234599271484,0.23656451612903226,0.5330041643768876,0.23625269532203674,1.5775314569473267,4.200266361236572,,,,,0.06280250265612089,350000,0.2109624456315518,303,,
303,0,,415917.0,415917.0,,,6.417124364463045e-06,0.0009556554963499473,0.23440322580645162,0.53235113691892,0.236111119389534,1.576603651046753,4.247594833374023,,,,,0.06209420375398418,350000,0.2109624456315518,304,,
304,0,,412826.0,412826.0,,,6.447352434446684e-06,0.0009467099291962813,0.23670967741935484,0.5345020603792332,0.2375519722700119,1.5767656564712524,4.244967937469482,,,,,0.06185810411993861,350000,0.2109624456315518,305,,
305,0,,407789.0,407789.0,,,6.452480941378316e-06,0.0009377871261833787,0.24488709677419354,0.5431795648707007,0.24034050107002258,1.5749036073684692,4.227200984954834,,,,,0.06256640302207532,350000,0.2109624456315518,306,,
306,0,,408359.0,408359.0,,,6.4226398352628546e-06,0.0009288874540927228,0.2422258064516129,0.5401410523333267,0.24366308748722076,1.573175311088562,4.191470146179199,,,,,0.06303860229016645,350000,0.2109624456315518,307,,
307,0,,406224.0,406224.0,,,6.481401092288423e-06,0.0009200112787549767,0.2391451612903226,0.5447411585926186,0.23794803023338318,1.5773193836212158,4.221142768859863,,,,,0.062212253571006966,350000,0.2109624456315518,308,,
308,0,,405771.0,405771.0,,,6.495718879029868e-06,0.0009111589650349416,0.23259677419354838,0.530717381245778,0.2323494702577591,1.5831153392791748,4.22974157333374,,,,,0.06315665210718924,350000,0.2109624456315518,309,,
309,1,410826,411472.0,410826.0,1.0015724418610312,239300,6.536620872033928e-06,0.0009023308768165631,0.22753225806451613,0.5267347023452457,0.23296058177947998,1.5952868461608887,4.262248992919922,0,0,1,0,0.059969307047574076,350000,0.2109624456315518,310,171526,0
310,0,,405524.0,405524.0,,,6.671288251755151e-06,0.0008935273769879704,0.22141935483870967,0.534694644451809,0.23361290991306305,1.5835165977478027,4.302858829498291,,,,,0.06292055247314367,350000,0.2109624456315518,311,,
311,0,,408182.0,408182.0,,,6.633851917004501e-06,0.0008847488274265612,0.2338225806451613,0.539576482961382,0.2279910445213318,1.5877515077590942,4.28605842590332,,,,,0.06457324991146264,350000,0.2109624456315518,312,,
312,0,,413446.0,413446.0,,,6.728873291202004e-06,0.0008759955889841236,0.2355,0.5396750619981961,0.23295341432094574,1.583088994026184,4.350215435028076,,,,,0.0633927517412348,350000,0.2109624456315518,313,,
313,0,,420753.0,420753.0,,,6.872659586271286e-06,0.0008672680214720062,0.23548387096774193,0.5368493540502198,0.22829750180244446,1.5877892971038818,4.4812517166137695,,,,,0.06445520009443985,350000,0.2109624456315518,314,,
314,0,,416624.0,416624.0,,,7.058805552207933e-06,0.0008585664836463262,0.2221774193548387,0.5367394850691547,0.23152151703834534,1.584580421447754,4.5497260093688965,,,,,0.06445520009443985,350000,0.2109624456315518,315,,
315,0,,419132.0,419132.0,,,7.050697684455512e-06,0.0008498913331932217,0.23269354838709677,0.5341677509847147,0.22936739027500153,1.5882272720336914,4.5389204025268555,,,,,0.06457324991146264,350000,0.2109624456315518,316,,
316,0,,418692.0,418692.0,,,7.15735845164672e-06,0.0008412429267141499,0.23141935483870968,0.5370119743218666,0.22972939908504486,1.5893043279647827,4.5848212242126465,,,,,0.06480934954550821,350000,0.2109624456315518,317,,
317,0,,425783.0,425783.0,,,7.2141960765896925e-06,0.0008326216197112275,0.22011290322580646,0.5328303159782931,0.2258530557155609,1.58975350856781,4.643518924713135,,,,,0.06504544917955377,350000,0.2109624456315518,318,,
318,0,,425864.0,425864.0,,,7.408624958764083e-06,0.0008240277665726181,0.2105483870967742,0.5247058349388707,0.2229767143726349,1.5911885499954224,4.746634483337402,,,,,0.06516349899657656,350000,0.2109624456315518,319,,
319,1,421358,423247.0,421358.0,1.0044831236145986,249832,7.483079616761487e-06,0.0008154617205579644,0.22035483870967743,0.5305974484022065,0.21541756391525269,1.5979855060577393,4.776060104370117,0,0,1,0,0.061740054302915834,350000,0.2109624456315518,320,171526,0
320,0,,421780.0,421780.0,,,7.472911532474836e-06,0.0008069238337838679,0.20770967741935484,0.507244683830656,0.21214516460895538,1.7298136949539185,4.88751220703125,,,,,0.06587179789871325,350000,0.2109624456315518,321,,
321,0,,419775.0,419775.0,,,7.5504959049217535e-06,0.0007984144572094117,0.21003225806451614,0.5136117506082991,0.21033871173858643,1.6023986339569092,4.781933307647705,,,,,0.06598984771573604,350000,0.2109624456315518,322,,
322,0,,420292.0,420292.0,,,7.583217115516545e-06,0.0007899339406217385,0.2084193548387097,0.5141371381721843,0.2157759964466095,1.6000158786773682,4.786375522613525,,,,,0.06386495100932593,350000,0.2109624456315518,323,,
323,0,,421177.0,421177.0,,,7.662353739212205e-06,0.0007814826326216698,0.235,0.5400468916701759,0.2194659560918808,1.596208930015564,4.823497295379639,,,,,0.0633927517412348,350000,0.2109624456315518,324,,
324,0,,421167.0,421167.0,,,7.749890228546653e-06,0.0007730608806093752,0.22496774193548388,0.5318449197073528,0.2177329808473587,1.5984643697738647,4.874355316162109,,,,,0.06315665210718924,350000,0.2109624456315518,325,,
325,0,,425234.0,425234.0,,,7.82176122427251e-06,0.0007646690307700957,0.2167258064516129,0.5231272133381124,0.21649999916553497,1.5967538356781006,4.910074234008789,,,,,0.06315665210718924,350000,0.2109624456315518,326,,
326,0,,425766.0,425766.0,,,7.974550219578392e-06,0.0007563074280599075,0.21129032258064517,0.5183977639590321,0.21419355273246765,1.602748990058899,5.000740051269531,,,,,0.06374690119230315,350000,0.2109624456315518,327,,
327,0,,426882.0,426882.0,,,8.06314258548341e-06,0.0007479764161915489,0.21558064516129033,0.5193897583720934,0.21353405714035034,1.5999116897583008,5.046792984008789,,,,,0.06457324991146264,350000,0.2109624456315518,328,,
328,0,,433109.0,433109.0,,,8.164943707444599e-06,0.0007396763376202874,0.21011290322580645,0.5118402447108188,0.2154838740825653,1.6147856712341309,5.102627754211426,,,,,0.06587179789871325,350000,0.2109624456315518,329,,
329,1,419686,423892.0,419686.0,1.010021778186549,248160,8.372767254697908e-06,0.0007314075335298439,0.2113225806451613,0.5120319735150042,0.21241576969623566,1.6008620262145996,5.18574857711792,0,0,1,0,0.059969307047574076,350000,0.2109624456315518,330,171526,0
330,0,,424751.0,424751.0,,,8.187270031567324e-06,0.0007231703438183677,0.20858064516129032,0.5096044626432487,0.21577419340610504,1.5987889766693115,5.054656982421875,,,,,0.06292055247314367,350000,0.2109624456315518,331,,
331,0,,432901.0,432901.0,,,8.366664622032655e-06,0.0007149651070844652,0.20611290322580644,0.5106586771801657,0.21243011951446533,1.60150945186615,5.186294078826904,,,,,0.06374690119230315,350000,0.2109624456315518,332,,
332,0,,420609.0,420609.0,,,8.618319035369847e-06,0.0007067921606132807,0.2164032258064516,0.5149947826172167,0.21432258188724518,1.6000473499298096,5.284806728363037,,,,,0.061267855034824695,350000,0.2109624456315518,333,,
333,0,,416083.0,416083.0,,,8.45090199028194e-06,0.0006986518403626325,0.2235483870967742,0.5418817797688229,0.22632616758346558,1.5897367000579834,5.1467437744140625,,,,,0.06162200448589305,350000,0.2109624456315518,334,,
334,0,,416527.0,416527.0,,,8.432572274712884e-06,0.000690544480949203,0.21046774193548387,0.5113105462277812,0.2189856618642807,1.595643162727356,5.130338191986084,,,,,0.06091370558375635,350000,0.2109624456315518,335,,
335,0,,413942.0,413942.0,,,8.515340412375818e-06,0.0006824704156347824,0.2424193548387097,0.5609588687747736,0.22647671401500702,1.5937776565551758,5.1185197830200195,,,,,0.06008735686459686,350000,0.2109624456315518,336,,
336,0,,406798.0,406798.0,,,8.533789418612628e-06,0.0006744299763125724,0.2076290322580645,0.5082999591408486,0.22177599370479584,1.596932053565979,5.091231346130371,,,,,0.05973320741352851,350000,0.2109624456315518,337,,
337,0,,400041.0,400041.0,,,8.449806729801514e-06,0.0006664234934935411,0.21401612903225806,0.5130390867363207,0.21766845881938934,1.60063636302948,5.015300750732422,,,,,0.05867075906032346,350000,0.2109624456315518,338,,
338,0,,415357.0,415357.0,,,8.365160801423699e-06,0.000658451296292838,0.2440967741935484,0.5586985444088197,0.2151523381471634,1.600243091583252,5.042041301727295,,,,,0.061976153936961396,350000,0.2109624456315518,339,,
339,1,404071,412359.0,404071.0,1.020511246785837,232545,8.76009867160697e-06,0.0006505137124162658,0.2084193548387097,0.5091432855366304,0.2102544903755188,1.6060293912887573,5.2122111320495605,0,0,0,0,0.06162200448589305,350000,0.2109624456315518,340,171526,12800
340,0,,396414.0,396414.0,,,8.583504285431681e-06,0.000642611068146807,0.21267741935483872,0.5141567176142123,0.21772043406963348,1.5995728969573975,5.00324010848999,,,,,0.06516349899657656,350000,0.2109624456315518,341,,
341,0,,390290.0,390290.0,,,8.473444256418252e-06,0.0006347436883312156,0.2075,0.5078878469005239,0.2157043069601059,1.6023638248443604,4.917239189147949,,,,,0.06516349899657656,350000,0.2109624456315518,342,,
342,0,,390285.0,390285.0,,,8.388115189531311e-06,0.0006269118963666611,0.20709677419354838,0.5060682824913775,0.21417205035686493,1.6013227701187134,4.8816375732421875,,,,,0.05961515759650573,350000,0.2109624456315518,343,,
343,0,,385151.0,385151.0,,,8.43382359258348e-06,0.0006191160141874367,0.20966129032258066,0.5104291482206241,0.21333512663841248,1.6020790338516235,4.861203670501709,,,,,0.05937905796246016,350000,0.2109624456315518,344,,
344,0,,391784.0,391784.0,,,8.362802332238092e-06,0.0006113563622517239,0.20819354838709678,0.5082825919026872,0.21154481172561646,1.6038730144500732,4.858908653259277,,,,,0.060205406681619646,350000,0.2109624456315518,345,,
345,0,,386586.0,386586.0,,,8.55492941100394e-06,0.0006036332595284217,0.21420967741935484,0.5157165093961192,0.20975807309150696,1.604809045791626,4.949025630950928,,,,,0.05878880887734624,350000,0.2109624456315518,346,,
346,0,,384775.0,384775.0,,,8.483494070034667e-06,0.0005959470234840334,0.21601612903225806,0.5183428278959635,0.22603584825992584,1.6759600639343262,4.942451000213623,,,,,0.06067760594971078,350000,0.2109624456315518,347,,
347,0,,384702.0,384702.0,,,8.483839139413996e-06,0.000588297970069618,0.21748387096774194,0.5197837449293286,0.22668100893497467,1.593031406402588,4.859550952911377,,,,,0.05867075906032346,350000,0.2109624456315518,348,,
348,0,,383142.0,383142.0,,,8.522418222475119e-06,0.0005806864137078026,0.2177258064516129,0.5185726915895497,0.21772222220897675,1.5994303226470947,4.876709938049316,,,,,0.05843465942627789,350000,0.2109624456315518,349,,
349,1,373776,374381.0,373776.0,1.0016186164975815,202250,8.526341953682136e-06,0.0005731126672798556,0.21751612903225806,0.5222736730611406,0.2173602283000946,1.5986226797103882,4.842436790466309,0,0,1,0,0.05430291583048046,350000,0.2109624456315518,350,171526,0
350,0,,377491.0,377491.0,,,8.345292531554378e-06,0.0005655770421128291,0.2188064516129032,0.5454865050597434,0.23407527804374695,1.636640191078186,4.783771514892578,,,,,0.05985125723055129,350000,0.2109624456315518,351,,
351,0,,372429.0,372429.0,,,8.460162061962151e-06,0.0005580798479667586,0.21383870967741936,0.515582736097349,0.23945340514183044,1.5821739435195923,4.755404472351074,,,,,0.059969307047574076,350000,0.2109624456315518,352,,
352,0,,372785.0,372785.0,,,8.372677125008549e-06,0.0005506213930219316,0.22775806451612904,0.5403746893854748,0.22358961403369904,1.6029930114746094,4.735369682312012,,,,,0.055955613268799435,350000,0.2109624456315518,353,,
353,0,,375120.0,375120.0,,,8.407150098046616e-06,0.0005432019838662167,0.2278709677419355,0.5377366633306073,0.22003047168254852,1.6024619340896606,4.739047527313232,,,,,0.05878880887734624,350000,0.2109624456315518,354,,
354,0,,373130.0,373130.0,,,8.489179187877385e-06,0.0005358219254824653,0.20638709677419353,0.5051932766049243,0.21948029100894928,1.605666995048523,4.786887168884277,,,,,0.05914295832841459,350000,0.2109624456315518,355,,
355,0,,374834.0,374834.0,,,8.47120624114567e-06,0.0005284815212359716,0.20696774193548387,0.5058629739255419,0.2079068124294281,1.6062365770339966,4.787243843078613,,,,,0.06008735686459686,350000,0.2109624456315518,356,,
356,0,,383413.0,383413.0,,,8.539110061619196e-06,0.0005211810728620034,0.20270967741935483,0.5000358090478493,0.20706810057163239,1.6063395738601685,4.829757213592529,,,,,0.059969307047574076,350000,0.2109624456315518,357,,
357,0,,414055.0,414055.0,,,8.774460176828552e-06,0.000513920880453401,0.204,0.5017354772353859,0.20501792430877686,1.6078110933303833,5.069149971008301,,,,,0.061740054302915834,350000,0.2109624456315518,358,,
358,0,,410007.0,410007.0,,,9.555669184494771e-06,0.0005067012424482368,0.2106290322580645,0.5105712227128756,0.20632974803447723,1.6075279712677002,5.546180248260498,,,,,0.061740054302915834,350000,0.2109624456315518,359,,
359,1,407592,482247.0,407592.0,1.1831611022787494,236066,9.537411158877028e-06,0.0004995224556175516,0.2061451612903226,0.5045145534976504,0.20694802701473236,1.6068894863128662,5.722446441650391,0,0,0,0,0.06185810411993861,350000,0.2109624456315518,360,171526,33864
360,0,,409471.0,409471.0,,,9.553725651258976e-06,0.0004923848150531553,0.20670967741935484,0.5055525448738314,0.20937994122505188,1.606494426727295,5.488626480102539,,,,,0.06280250265612089,350000,0.2109624456315518,361,,
361,0,,483745.0,483745.0,,,9.673374882650046e-06,0.00048528861415549567,0.20390322580645162,0.5032375038898513,0.2069014459848404,1.6070817708969116,5.662797451019287,,,,,0.06610789753275882,350000,0.2109624456315518,362,,
362,0,,421156.0,421156.0,,,1.1614453540490817e-05,0.00047823414462159645,0.2058225806451613,0.5036068352075687,0.20548924803733826,1.6079459190368652,6.9653143882751465,,,,,0.061267855034824695,350000,0.2109624456315518,363,,
363,0,,436057.0,436057.0,,,1.0205728989077558e-05,0.0004712216964330704,0.20587096774193547,0.5040261436385342,0.2061379998922348,1.6076669692993164,5.934868335723877,,,,,0.06162200448589305,350000,0.2109624456315518,364,,
364,0,,429768.0,429768.0,,,1.0683610907133026e-05,0.00046425155784419645,0.20706451612903226,0.5045687522266886,0.20592115819454193,1.6074726581573486,6.045228958129883,,,,,0.06138590485184748,350000,0.2109624456315518,365,,
365,0,,418480.0,418480.0,,,1.0638176146816748e-05,0.0004573240153700722,0.21135483870967742,0.5078644794851892,0.20681899785995483,1.6074557304382324,6.101744174957275,,,,,0.06091370558375635,350000,0.2109624456315518,366,,
366,0,,390750.0,390750.0,,,1.0451729034135305e-05,0.00045043935377483567,0.2061290322580645,0.5039619158946366,0.20611649751663208,1.6075987815856934,5.83323335647583,,,,,0.05843465942627789,350000,0.2109624456315518,367,,
367,0,,388897.0,388897.0,,,9.813049028735442e-06,0.0004435978560599585,0.2112258064516129,0.5078920607977524,0.20585842430591583,1.6075592041015625,5.454091548919678,,,,,0.05666391217093614,350000,0.2109624456315518,368,,
368,0,,370900.0,370900.0,,,9.818110200547084e-06,0.00043679980345261583,0.20456451612903226,0.502038060674915,0.20595520734786987,1.6079025268554688,5.2968831062316895,,,,,0.05359461692834376,350000,0.2109624456315518,369,,
369,1,366266,367842.0,366266.0,1.0043028836965484,194740,9.390951167091872e-06,0.00043004547539412505,0.20703225806451614,0.5034368287453406,0.20649641752243042,1.6076722145080566,5.0934247970581055,0,0,0,0,0.049226773698500766,350000,0.2109624456315518,370,171526,0
370,0,,366282.0,366282.0,,,9.294708681604791e-06,0.00042333514952845765,0.20556451612903226,0.5045334038119142,0.20580466091632843,1.6081181764602661,5.010021686553955,,,,,0.05017117223468304,350000,0.2109624456315518,371,,
371,0,,364780.0,364780.0,,,9.31627137062818e-06,0.00041666910169082654,0.20430645161290323,0.5034448955122711,0.20576344430446625,1.6078397035598755,5.013198375701904,,,,,0.05017117223468304,350000,0.2109624456315518,372,,
372,0,,358564.0,358564.0,,,9.29727594962128e-06,0.0004100476058963496,0.20437096774193547,0.5035715715263062,0.20629750192165375,1.6075191497802734,4.971790313720703,,,,,0.049462873332546335,350000,0.2109624456315518,373,,
373,0,,357064.0,357064.0,,,9.149899382335103e-06,0.0004034709343287844,0.2063548387096774,0.5045687419614078,0.2062007188796997,1.613407015800476,4.884748458862305,,,,,0.05064337150277417,350000,0.2109624456315518,374,,
374,0,,366227.0,366227.0,,,9.120730035222609e-06,0.0003969393573293399,0.2071290322580645,0.5038521511636574,0.20642653107643127,1.6074061393737793,4.926456451416016,,,,,0.055011214732617164,350000,0.2109624456315518,375,,
375,0,,361576.0,361576.0,,,9.37600889159549e-06,0.00039045314338556457,0.20738709677419354,0.5048112377798056,0.20687992870807648,1.607460856437683,5.024350166320801,,,,,0.05442096564750325,350000,0.2109624456315518,376,,
376,0,,404488.0,404488.0,,,9.272008577061416e-06,0.0003840125591203082,0.207,0.5037135877362752,0.20804660022258759,1.6064950227737427,5.231738567352295,,,,,0.057726360524141186,350000,0.2109624456315518,377,,
377,0,,391693.0,391693.0,,,1.0447725424825748e-05,0.00037761786928076414,0.21256451612903227,0.5141648899978465,0.207802876830101,1.6071548461914062,5.736650466918945,,,,,0.05867075906032346,350000,0.2109624456315518,378,,
378,0,,376788.0,376788.0,,,1.0174329706747252e-05,0.0003712693367275855,0.21261290322580645,0.5093542960056627,0.20854122936725616,1.6070278882980347,5.531263828277588,,,,,0.05642781253689057,350000,0.2109624456315518,379,,
379,1,364272,366375.0,364272.0,1.005773158518909,192746,9.82332495391644e-06,0.0003649672224240804,0.2027741935483871,0.5003598039730793,0.20415233075618744,1.6088156700134277,5.231551170349121,0,0,0,0,0.05158777003895644,350000,0.2109624456315518,380,171526,27136
380,0,,358155.0,358155.0,,,9.516015161279313e-06,0.00035871178542548295,0.20316129032258065,0.5004172821065616,0.20328854024410248,1.610141396522522,5.045637130737305,,,,,0.05229606894109314,350000,0.2109624456315518,381,,
381,0,,363358.0,363358.0,,,9.366999612891191e-06,0.00035250328286830847,0.20293548387096774,0.5005597342690605,0.2038709670305252,1.6096093654632568,4.952919960021973,,,,,0.05335851729429819,350000,0.2109624456315518,382,,
382,0,,347239.0,347239.0,,,9.520889929737966e-06,0.00034634196995977966,0.21348387096774193,0.5090702434496661,0.2029103934764862,1.6093480587005615,5.028609275817871,,,,,0.05430291583048046,350000,0.2109624456315518,383,,
383,0,,349325.0,349325.0,,,9.094929508983229e-06,0.00034022809996733794,0.20270967741935483,0.5000317257173608,0.20311111211776733,1.6169383525848389,4.797051429748535,,,,,0.05453901546452603,350000,0.2109624456315518,384,,
384,0,,349803.0,349803.0,,,9.148683206193477e-06,0.00033416192420823287,0.20275806451612904,0.5002395401792713,0.20262007415294647,1.6096956729888916,4.812673091888428,,,,,0.055011214732617164,350000,0.2109624456315518,385,,
385,0,,345673.0,345673.0,,,9.160943945266184e-06,0.00032814369203918933,0.2026451612903226,0.5000029421114719,0.20254121720790863,1.6095900535583496,4.781181812286377,,,,,0.05383071656238933,350000,0.2109624456315518,386,,
386,0,,343625.0,343625.0,,,9.047154886648129e-06,0.00032217365084616064,0.2026451612903226,0.5000269074305453,0.20246416330337524,1.609524130821228,4.727728843688965,,,,,0.053712666745366545,350000,0.2109624456315518,387,,
387,0,,335879.0,335879.0,,,8.985291168067851e-06,0.00031625204603415684,0.2026451612903226,0.5000261893098712,0.20206810534000397,1.609596610069275,4.621743679046631,,,,,0.050407271868728606,350000,0.2109624456315518,388,,
388,0,,333792.0,333792.0,,,8.764678575859702e-06,0.0003103791210171591,0.21083870967741936,0.5062522947721355,0.20252330601215363,1.6095242500305176,4.544633865356445,,,,,0.04981702278361468,350000,0.2109624456315518,389,,
389,1,330235,335284.0,330235.0,1.0152891122988175,158709,8.689593491639085e-06,0.0003045551172081112,0.20266129032258065,0.49996812564937015,0.20230108499526978,1.6096822023391724,4.522756576538086,0,1,0,1,0.042025734860110964,350000,0.2109624456315518,390,171526,0
390,0,,330125.0,330125.0,,,8.572043955894456e-06,0.00029878027400899926,0.20306451612903226,0.49943434540416354,0.20233334600925446,1.6102603673934937,4.451676368713379,,,,,0.04592137882186283,350000,0.2109624456315518,391,,
391,0,,336415.0,336415.0,,,8.54417671238557e-06,0.0002930548288010085,0.20498387096774193,0.5020950695843645,0.20256631076335907,1.621382713317871,4.443732261657715,,,,,0.04781017589422736,350000,0.2109624456315518,392,,
392,0,,332035.0,332035.0,,,8.689754856274944e-06,0.00028737901693476646,0.20798387096774193,0.5133018184590554,0.20374372601509094,1.6205918788909912,4.506136894226074,,,,,0.049698972966591905,350000,0.2109624456315518,393,,
393,0,,332113.0,332113.0,,,8.554050887093547e-06,0.0002817530717206684,0.18479032258064515,0.49687446147713477,0.20573656260967255,1.6218124628067017,4.475964546203613,,,,,0.05064337150277417,350000,0.2109624456315518,394,,
394,0,,332635.0,332635.0,,,8.533648126958081e-06,0.00027617722441928655,0.20361290322580644,0.4754068778287642,0.20542293787002563,1.6126796007156372,4.4572858810424805,,,,,0.05087947113681974,350000,0.2109624456315518,395,,
395,0,,336141.0,336141.0,,,8.525341697687927e-06,0.0002706517042318645,0.2009516129032258,0.47698381592233907,0.202731192111969,1.613109827041626,4.461147308349609,,,,,0.05005312241766025,350000,0.2109624456315518,396,,
396,0,,335112.0,335112.0,,,8.597813306871177e-06,0.0002651767382908954,0.1789516129032258,0.4703049823623678,0.20260395109653473,1.6127864122390747,4.488269805908203,,,,,0.05028922205170582,350000,0.2109624456315518,397,,
397,0,,331987.0,331987.0,,,8.552884344473189e-06,0.0002597525516507851,0.20079032258064516,0.5112633545965616,0.2028476744890213,1.6132464408874512,4.445643901824951,,,,,0.049462873332546335,350000,0.2109624456315518,398,,
398,0,,334542.0,334542.0,,,8.450771308847867e-06,0.00025437936727860065,0.2183064516129032,0.5105492457667593,0.2028028666973114,1.6114908456802368,4.408999443054199,,,,,0.04958092314956912,350000,0.2109624456315518,399,,
399,1,330554,335759.0,330554.0,1.0157462925875953,159028,8.496597599456741e-06,0.0002490574060449067,0.21006451612903226,0.5198599462217154,0.2131810039281845,1.6430610418319702,4.4946818351745605,0,1,0,1,0.044976980285680555,350000,0.2109624456315518,400,171526,0
400,0,,326785.0,326785.0,,,8.371350717140337e-06,0.000243786886714685,0.20741935483870969,0.5092639202553719,0.20554660260677338,1.60820734500885,4.358140468597412,,,,,0.04662967772399953,350000,0.2109624456315518,401,,
401,0,,331384.0,331384.0,,,8.247549619615302e-06,0.00023856802593834174,0.20783870967741935,0.5089561444745396,0.20661470293998718,1.608351469039917,4.328444004058838,,,,,0.047219926809113445,350000,0.2109624456315518,402,,
402,0,,329824.0,329824.0,,,8.340796666699167e-06,0.00023340103824280307,0.23379032258064517,0.5192225111560549,0.21081003546714783,1.6067720651626587,4.362339496612549,,,,,0.046983827175067876,350000,0.2109624456315518,403,,
403,0,,336481.0,336481.0,,,8.276923916183058e-06,0.00022828613602269472,0.21619354838709678,0.5112904325352814,0.21683333814144135,1.6084216833114624,4.367894172668457,,,,,0.04792822571125015,350000,0.2109624456315518,404,,
404,0,,334428.0,334428.0,,,8.427366467730355e-06,0.00022322352953161345,0.20680645161290323,0.5084031731839533,0.21139247715473175,1.6076102256774902,4.4182000160217285,,,,,0.04769212607720458,350000,0.2109624456315518,405,,
405,0,,332877.0,332877.0,,,8.356909417189526e-06,0.00021821342687348353,0.2171290322580645,0.5117824542726159,0.21111111342906952,1.6072406768798828,4.391115188598633,,,,,0.047219926809113445,350000,0.2109624456315518,406,,
406,0,,332317.0,332317.0,,,8.297316168467679e-06,0.00021325603399400178,0.21324193548387096,0.5087531639637402,0.21019355952739716,1.6085866689682007,4.370948791503906,,,,,0.046983827175067876,350000,0.2109624456315518,407,,
407,0,,332317.0,332317.0,,,8.261913328072717e-06,0.00020835155467217281,0.21335483870967742,0.5089021342557681,0.20863978564739227,1.6086782217025757,4.348694324493408,,,,,0.0468657773580451,350000,0.2109624456315518,408,,
408,0,,334298.0,334298.0,,,8.240524603747931e-06,0.00020350019051193206,0.20561290322580644,0.5056527080755544,0.20826703310012817,1.609078049659729,4.358798980712891,,,,,0.04674772754102231,350000,0.2109624456315518,409,,
409,1,326237,332762.0,326237.0,1.0200007969666225,154711,8.270644748464528e-06,0.00019870214093385834,0.2030483870967742,0.5006062607562866,0.2057885378599167,1.609580636024475,4.372123718261719,0,1,0,1,0.04344233266438437,350000,0.2109624456315518,410,171526,0
410,0,,329177.0,329177.0,,,8.042888754633248e-06,0.00019395760316697757,0.20348387096774193,0.5010976044492537,0.20260216295719147,1.6103005409240723,4.25728178024292,,,,,0.04592137882186283,350000,0.2109624456315518,411,,
411,0,,336462.0,336462.0,,,8.090519367367005e-06,0.00018926677224065424,0.2033225806451613,0.5007870866064466,0.20275090634822845,1.6116045713424683,4.282487392425537,,,,,0.04781017589422736,350000,0.2109624456315518,412,,
412,0,,330864.0,330864.0,,,8.253275453698813e-06,0.00018462984097657455,0.20337096774193547,0.5011776305399327,0.2026505470275879,1.6114524602890015,4.375349521636963,,,,,0.04781017589422736,350000,0.2109624456315518,413,,
413,0,,344683.0,344683.0,,,8.093174552044638e-06,0.00018004699998082135,0.20353225806451614,0.5012097861114091,0.2026899755001068,1.6117793321609497,4.397819519042969,,,,,0.04875457443040963,350000,0.2109624456315518,414,,
414,0,,346122.0,346122.0,,,8.424746592812422e-06,0.00017551843763603843,0.20283870967741935,0.5008271440646819,0.20255376398563385,1.611332654953003,4.522130966186523,,,,,0.04792822571125015,350000,0.2109624456315518,415,,
415,0,,350798.0,350798.0,,,8.455207009815219e-06,0.00017104434009368634,0.20361290322580644,0.5009085617159522,0.20255735516548157,1.6119598150253296,4.518576622009277,,,,,0.04887262424743242,350000,0.2109624456315518,416,,
416,0,,349047.0,349047.0,,,8.570410071942375e-06,0.00016662489126639167,0.20303225806451614,0.516722496958953,0.22014516592025757,1.7550393342971802,4.769013404846191,,,,,0.05217801912407036,350000,0.2109624456315518,417,,
417,0,,354816.0,354816.0,,,8.52646859054108e-06,0.00016226027282038527,0.20258064516129032,0.49955285913004055,0.21094803512096405,1.6433860063552856,4.653651237487793,,,,,0.05442096564750325,350000,0.2109624456315518,418,,
418,0,,353174.0,353174.0,,,8.673317407070996e-06,0.00015795066416803683,0.20291935483870968,0.5002310222438447,0.20239785313606262,1.6105371713638306,4.675568580627441,,,,,0.05359461692834376,350000,0.2109624456315518,419,,
419,1,327948,336119.0,327948.0,1.024915535389757,156422,8.637077223026666e-06,0.00015369624246047814,0.20288709677419356,0.5007987347841996,0.20286738872528076,1.6161222457885742,4.641434192657471,0,1,0,1,0.045449179553771694,350000,0.2109624456315518,420,171526,0
420,0,,329208.0,329208.0,,,7.994106177456843e-06,0.00014949718258032264,0.20424193548387096,0.5018331952104977,0.2021200805902481,1.6119264364242554,4.244470119476318,,,,,0.046983827175067876,350000,0.2109624456315518,421,,
421,0,,329232.0,329232.0,,,8.000284341425247e-06,0.0001453536571344749,0.20262903225806453,0.50257757796678,0.20221863687038422,1.6117674112319946,4.245700836181641,,,,,0.04710187699209066,350000,0.2109624456315518,422,,
422,0,,329252.0,329252.0,,,7.976434116738274e-06,0.00014126583644703738,0.2023548387096774,0.5001713492991133,0.20217205584049225,1.6113816499710083,4.2394185066223145,,,,,0.0475740762601818,350000,0.2109624456315518,423,,
423,0,,330788.0,330788.0,,,7.952582491958487e-06,0.0001372338885523074,0.20256451612903226,0.501083322851829,0.20212186872959137,1.611240029335022,4.241026878356934,,,,,0.04769212607720458,350000,0.2109624456315518,424,,
424,0,,330812.0,330812.0,,,7.967160980195794e-06,0.00013325797918787083,0.2024516129032258,0.5006531161565698,0.2021254599094391,1.610988974571228,4.248339653015137,,,,,0.04781017589422736,350000,0.2109624456315518,425,,
425,0,,327882.0,327882.0,,,7.945308444035196e-06,0.00012933827178778932,0.20240322580645162,0.5011808868854111,0.20186738669872284,1.6343330144882202,4.25233793258667,,,,,0.04958092314956912,350000,0.2109624456315518,426,,
426,0,,329500.0,329500.0,,,7.849275249826882e-06,0.00012547492747588118,0.20233870967741935,0.5005900330712528,0.2081397920846939,1.626997470855713,4.209282875061035,,,,,0.05028922205170582,350000,0.2109624456315518,427,,
427,0,,331350.0,331350.0,,,7.864240218837146e-06,0.00012166810505909986,0.2031774193548387,0.5007719648658029,0.20216846466064453,1.6113609075546265,4.215412139892578,,,,,0.04887262424743242,350000,0.2109624456315518,428,,
428,0,,327741.0,327741.0,,,7.886771772485214e-06,0.00011791796102100429,0.20238709677419356,0.49981662190601933,0.20257528126239777,1.6107580661773682,4.215633869171143,,,,,0.04804627552827293,350000,0.2109624456315518,429,,
429,1,324272,327731.0,324272.0,1.010666970937978,152746,7.775283076767304e-06,0.00011422464951532792,0.20333870967741935,0.501673278468576,0.2024838775396347,1.610284447669983,4.159680366516113,0,1,0,1,0.044268681383543854,350000,0.2109624456315518,430,171526,0
430,0,,327589.0,327589.0,,,7.663672819714865e-06,0.00011058832235964055,0.20337096774193547,0.5011589651581696,0.2024390697479248,1.6109461784362793,4.118991851806641,,,,,0.04580332900484004,350000,0.2109624456315518,431,,
431,0,,325546.0,325546.0,,,7.716491441903477e-06,0.00010700912902910938,0.20306451612903226,0.5015067630036854,0.20242294669151306,1.611338496208191,4.130909442901611,,,,,0.04568527918781726,350000,0.2109624456315518,432,,
432,0,,325541.0,325541.0,,,7.640647218330499e-06,0.00010348721665035317,0.2026451612903226,0.5014245394952292,0.20245161652565002,1.610001564025879,4.097386837005615,,,,,0.04556722937079447,350000,0.2109624456315518,433,,
433,0,,325512.0,325512.0,,,7.612904120514874e-06,0.0001000227299953959,0.20320967741935483,0.501452127676616,0.20240680873394012,1.6098390817642212,4.088118553161621,,,,,0.04533112973674891,350000,0.2109624456315518,434,,
434,0,,325512.0,325512.0,,,7.584668751003994e-06,9.661581147571405e-05,0.20287096774193547,0.5006321664660552,0.2013440877199173,1.6106511354446411,4.079530239105225,,,,,0.04533112973674891,350000,0.2109624456315518,435,,
435,0,,325502.0,325502.0,,,7.557211318305672e-06,9.326660113638421e-05,0.20298387096774193,0.5012163589165736,0.20190860331058502,1.6112912893295288,4.071215629577637,,,,,0.04509503010270334,350000,0.2109624456315518,436,,
436,0,,325497.0,325497.0,,,7.529610395534951e-06,8.99752366503256e-05,0.20340322580645162,0.5021838304237287,0.20191757380962372,1.6127163171768188,4.0635786056518555,,,,,0.044976980285680555,350000,0.2109624456315518,437,,
437,0,,329111.0,329111.0,,,7.502219752047577e-06,8.674185331264037e-05,0.20166129032258065,0.5029979380763817,0.20479391515254974,1.634148120880127,4.099107265472412,,,,,0.04592137882186283,350000,0.2109624456315518,438,,
438,0,,327600.0,327600.0,,,7.5622130196930094e-06,8.356658403505401e-05,0.20348387096774193,0.5023433249903128,0.20331721007823944,1.6257644891738892,4.105563163757324,,,,,0.04639357808995396,350000,0.2109624456315518,439,,
439,1,324181,326031.0,324181.0,1.0057066885474473,152655,7.502641486984957e-06,8.044955934044905e-05,0.20787096774193548,0.5100566437353083,0.20343907177448273,1.6283258199691772,4.079369068145752,0,1,0,1,0.043914531932475506,350000,0.2109624456315518,440,171526,0
440,0,,324497.0,324497.0,,,7.395947750745223e-06,7.739090735750237e-05,0.20159677419354838,0.5338221934111952,0.20494087040424347,1.653031587600708,4.0512166023254395,,,,,0.04733797662613623,350000,0.2109624456315518,441,,
441,0,,324610.0,324610.0,,,7.375204975488628e-06,7.439075381541727e-05,0.20237096774193547,0.5041971078061291,0.20778854191303253,1.6446185111999512,4.038423538208008,,,,,0.04910872388147798,350000,0.2109624456315518,442,,
442,0,,323089.0,323089.0,,,7.3500449667694335e-06,7.144922203875487e-05,0.20558064516129032,0.5081377437942253,0.20284229516983032,1.6436755657196045,4.025556564331055,,,,,0.04934482351552355,350000,0.2109624456315518,443,,
443,0,,323064.0,323064.0,,,7.28639951316652e-06,6.856643294236564e-05,0.20193548387096774,0.5009242343511393,0.20439068973064423,1.638733983039856,3.992879629135132,,,,,0.04875457443040963,350000,0.2109624456315518,444,,
444,0,,323059.0,323059.0,,,7.2567205622572305e-06,6.574250502641776e-05,0.20166129032258065,0.5003908979727394,0.20225627720355988,1.612073540687561,3.9572694301605225,,,,,0.04875457443040963,350000,0.2109624456315518,445,,
445,0,,320957.0,320957.0,,,7.227604311560004e-06,6.297755437152746e-05,0.20166129032258065,0.5004562966683966,0.2022957056760788,1.6123346090316772,3.9433140754699707,,,,,0.04769212607720458,350000,0.2109624456315518,446,,
446,0,,322497.0,322497.0,,,7.149543555316914e-06,6.027169463398656e-05,0.2037741935483871,0.5022224113815605,0.20230825245380402,1.612351417541504,3.909309148788452,,,,,0.047456026443159015,350000,0.2109624456315518,447,,
447,0,,319430.0,319430.0,,,7.154512140851106e-06,5.762503704109115e-05,0.20233870967741935,0.5008113901582931,0.20175090432167053,1.6126179695129395,3.903808832168579,,,,,0.04733797662613623,350000,0.2109624456315518,448,,
448,0,,319366.0,319366.0,,,7.054162020016018e-06,5.503769038656806e-05,0.2021451612903226,0.5006068634527215,0.20196236670017242,1.6188552379608154,3.873688220977783,,,,,0.046275528272931174,350000,0.2109624456315518,449,,
449,1,319027,319458.0,319027.0,1.001350982832174,147501,7.0205225628728635e-06,5.250976102610447e-05,0.20320967741935483,0.5039111806193501,0.203965961933136,1.6299258470535278,3.874113082885742,0,1,0,1,0.04308818321331602,350000,0.2109624456315518,450,171526,0
450,0,,319335.0,319335.0,,,6.9806549294986155e-06,5.004135287297534e-05,0.20183870967741935,0.5005150968341161,0.2021469622850418,1.6130956411361694,3.8422110080718994,,,,,0.044976980285680555,350000,0.2109624456315518,451,,
451,0,,319345.0,319345.0,,,6.955433059136584e-06,4.7632567393771744e-05,0.20290322580645162,0.5014542469523212,0.2019587904214859,1.6118863821029663,3.833405017852783,,,,,0.045213079919726125,350000,0.2109624456315518,452,,
452,0,,319369.0,319369.0,,,6.9238456658349725e-06,4.5283503604229987e-05,0.2018225806451613,0.5003923260933307,0.20211829245090485,1.6120587587356567,3.8244144916534424,,,,,0.04533112973674891,350000,0.2109624456315518,453,,
453,0,,317345.0,317345.0,,,6.892729768045386e-06,4.299425806516198e-05,0.202,0.500901712709464,0.20174193382263184,1.6120742559432983,3.8122849464416504,,,,,0.04533112973674891,350000,0.2109624456315518,454,,
454,0,,317393.0,317393.0,,,6.8155880781682095e-06,4.0764924878485285e-05,0.20262903225806453,0.5006583663625802,0.20184588432312012,1.612336277961731,3.7773075103759766,,,,,0.04556722937079447,350000,0.2109624456315518,455,,
455,0,,317345.0,317345.0,,,6.783369647350805e-06,3.859559568335548e-05,0.2022741935483871,0.5008041092956184,0.20147132873535156,1.6127299070358276,3.765740156173706,,,,,0.04533112973674891,350000,0.2109624456315518,456,,
456,0,,317316.0,317316.0,,,6.749210606780696e-06,3.6486359652399445e-05,0.20288709677419356,0.5004932476741836,0.20205555856227875,1.613269567489624,3.755021333694458,,,,,0.045213079919726125,350000,0.2109624456315518,457,,
457,0,,317306.0,317306.0,,,6.715594854282255e-06,3.443730348804885e-05,0.20296774193548386,0.5009792477987516,0.2023225873708725,1.6121108531951904,3.7431254386901855,,,,,0.04485893046865777,350000,0.2109624456315518,458,,
458,0,,317268.0,317268.0,,,6.682536090717446e-06,3.2448511418976834e-05,0.20266129032258065,0.5004222914916537,0.20223835110664368,1.6139243841171265,3.7356817722320557,,,,,0.04485893046865777,350000,0.2109624456315518,459,,
459,1,316979,317379.0,316979.0,1.0012619132497735,145453,6.649013440270604e-06,3.0520065196635965e-05,0.2020483870967742,0.5009835556289266,0.2023942768573761,1.6180392503738403,3.7279274463653564,0,1,0,1,0.04285208357927045,350000,0.2109624456315518,460,171526,0
460,0,,317369.0,317369.0,,,6.6101231888201145e-06,2.8652044091897372e-05,0.2021451612903226,0.5013745350209484,0.20215412974357605,1.6134982109069824,3.7109055519104004,,,,,0.04533112973674891,350000,0.2109624456315518,461,,
461,0,,317369.0,317369.0,,,6.585949384310751e-06,2.684452489179225e-05,0.20216129032258065,0.5005872809405624,0.20186559855937958,1.6113938093185425,3.701573133468628,,,,,0.04533112973674891,350000,0.2109624456315518,462,,
462,0,,317500.0,317500.0,,,6.5538004161482795e-06,2.5097581896354815e-05,0.2126290322580645,0.5197392174291211,0.2076953500509262,1.6602306365966797,3.7404725551605225,,,,,0.04662967772399953,350000,0.2109624456315518,463,,
463,0,,317610.0,317610.0,,,6.524635009171449e-06,2.341128691556972e-05,0.20211290322580644,0.5086995539141574,0.20361649990081787,1.6268951892852783,3.6989285945892334,,,,,0.049226773698500766,350000,0.2109624456315518,464,,
464,0,,316079.0,316079.0,,,6.495281330182138e-06,2.1785709266418765e-05,0.20190322580645162,0.5040625682199954,0.20312903821468353,1.6213098764419556,3.6761395931243896,,,,,0.049226773698500766,350000,0.2109624456315518,465,,
465,0,,316054.0,316054.0,,,6.431108270841834e-06,2.0220915770031963e-05,0.2024516129032258,0.501797917387876,0.2030716836452484,1.6207520961761475,3.6534838676452637,,,,,0.04863652461338685,350000,0.2109624456315518,466,,
466,0,,316164.0,316164.0,,,6.397880617663746e-06,1.8716970748941455e-05,0.20229032258064517,0.5037140182503154,0.20279569923877716,1.6194899082183838,3.642184257507324,,,,,0.0489906740644552,350000,0.2109624456315518,467,,
467,0,,316178.0,316178.0,,,6.3676542926944025e-06,1.7273936024436205e-05,0.2032258064516129,0.5050024267780382,0.2034354954957962,1.6248699426651,3.6381776332855225,,,,,0.04887262424743242,350000,0.2109624456315518,468,,
468,0,,316130.0,316130.0,,,6.335660360013554e-06,1.5891870914021877e-05,0.20238709677419356,0.5027596980819234,0.20304839313030243,1.6204944849014282,3.623647451400757,,,,,0.04863652461338685,350000,0.2109624456315518,469,,
469,1,315512,316082.0,315512.0,1.0018065873881183,143986,6.302543246649944e-06,1.4570832228981917e-05,0.20212903225806453,0.503971713356614,0.20299462974071503,1.6182833909988403,3.610537052154541,0,1,0,1,0.04379648211545272,350000,0.2109624456315518,470,171526,0
470,0,,315955.0,315955.0,,,6.257680658943043e-06,1.3310874272042545e-05,0.2022258064516129,0.5008284138204259,0.20306631922721863,1.6186881065368652,3.5946435928344727,,,,,0.04662967772399953,350000,0.2109624456315518,471,,
471,0,,316003.0,316003.0,,,6.234485322091919e-06,1.2112048835140283e-05,0.20233870967741935,0.501340339999202,0.20290502905845642,1.6162738800048828,3.586243152618408,,,,,0.0468657773580451,350000,0.2109624456315518,472,,
472,0,,316047.0,316047.0,,,6.203656433852177e-06,1.0974405197293704e-05,0.20333870967741935,0.5051670559451626,0.20331361889839172,1.6210488080978394,3.581517457962036,,,,,0.047456026443159015,350000,0.2109624456315518,473,,
473,0,,316047.0,316047.0,,,6.172944695135475e-06,9.897990122576725e-06,0.20440322580645162,0.505333079879412,0.2035519778728485,1.6288706064224243,3.579789400100708,,,,,0.047456026443159015,350000,0.2109624456315518,474,,
474,0,,316047.0,316047.0,,,6.1415298559340876e-06,8.88284785819712e-06,0.20475806451612905,0.5040165064316104,0.203292116522789,1.6281774044036865,3.569159984588623,,,,,0.04733797662613623,350000,0.2109624456315518,475,,
475,0,,316018.0,316018.0,,,6.110274890532125e-06,7.929020132677253e-06,0.20216129032258065,0.5041417309855799,0.20331542193889618,1.6254204511642456,3.55657696723938,,,,,0.047219926809113445,350000,0.2109624456315518,476,,
476,0,,316042.0,316042.0,,,6.07859327946725e-06,7.0365461541390165e-06,0.202,0.5030003436714673,0.2033100426197052,1.6256930828094482,3.5467617511749268,,,,,0.04733797662613623,350000,0.2109624456315518,477,,
477,0,,315994.0,315994.0,,,6.04811311113454e-06,6.205462608692161e-06,0.20687096774193547,0.5056607223878287,0.2029193639755249,1.6259596347808838,3.5373454093933105,,,,,0.04710187699209066,350000,0.2109624456315518,478,,
478,0,,316037.0,316037.0,,,6.016369199948384e-06,5.4358036589261704e-06,0.20316129032258065,0.502108399363836,0.20294803380966187,1.621434211730957,3.522693634033203,,,,,0.047219926809113445,350000,0.2109624456315518,479,,
479,1,315526,316128.0,315526.0,1.0019079251789076,144000,5.986556252891274e-06,4.72760094250569e-06,0.2051451612903226,0.5049451845145391,0.20274731516838074,1.6164792776107788,3.5087714195251465,0,1,0,1,0.04367843229842994,350000,0.2109624456315518,480,171526,0
480,0,,316142.0,316142.0,,,5.945969050843273e-06,4.080883570870665e-06,0.20348387096774193,0.5012872337408895,0.20282796025276184,1.6177579164505005,3.4959962368011475,,,,,0.047456026443159015,350000,0.2109624456315518,481,,
481,0,,316118.0,316118.0,,,5.92734760065498e-06,3.495678128039364e-06,0.2023225806451613,0.5032110445373952,0.20295162498950958,1.6200346946716309,3.493884801864624,,,,,0.04733797662613623,350000,0.2109624456315518,482,,
482,0,,316142.0,316142.0,,,5.896801175792385e-06,2.972008669515117e-06,0.2028225806451613,0.5018408007255118,0.20295341312885284,1.6204960346221924,3.4846816062927246,,,,,0.047456026443159015,350000,0.2109624456315518,483,,
483,0,,316118.0,316118.0,,,5.867325244646244e-06,2.509896721298773e-06,0.2028225806451613,0.5054145817055323,0.2028924822807312,1.6205863952636719,3.4754726886749268,,,,,0.04733797662613623,350000,0.2109624456315518,484,,
484,0,,315998.0,315998.0,,,5.837088143365025e-06,2.1093612790020332e-06,0.20258064516129032,0.5020315037797767,0.20257706940174103,1.6215773820877075,3.4664440155029297,,,,,0.04674772754102231,350000,0.2109624456315518,485,,
485,0,,316147.0,316147.0,,,5.8051330004767745e-06,1.7704188070685035e-06,0.20225806451612904,0.5053480780955273,0.2033817321062088,1.6337497234344482,3.4682528972625732,,,,,0.0475740762601818,350000,0.2109624456315518,486,,
486,0,,316147.0,316147.0,,,5.778404717366267e-06,1.4930832380956287e-06,0.2021774193548387,0.49779884895701587,0.2028118371963501,1.6393636465072632,3.466160774230957,,,,,0.0475740762601818,350000,0.2109624456315518,487,,
487,0,,316147.0,316147.0,,,5.749088676323039e-06,1.2773659722621758e-06,0.20387096774193547,0.5065614789383743,0.20315413177013397,1.6303728818893433,3.4478747844696045,,,,,0.0475740762601818,350000,0.2109624456315518,488,,
488,0,,316022.0,316022.0,,,5.719921366686572e-06,1.123275876860264e-06,0.20308064516129032,0.5030986412020512,0.20288531482219696,1.6258866786956787,3.433723211288452,,,,,0.0468657773580451,350000,0.2109624456315518,489,,
489,1,315579,315974.0,315579.0,1.0012516675697687,144053,5.688539450948685e-06,1.0308192859301122e-06,0.20262903225806453,0.5030874176096096,0.20307886600494385,1.6241315603256226,3.421738862991333,0,1,0,1,0.04403258174949829,350000,0.2109624456315518,490,171526,0
490,0,,316003.0,316003.0,,,5.651237446286354e-06,1e-06,0.20190322580645162,0.5020388381752717,0.2027222216129303,1.6176042556762695,3.4017817974090576,,,,,0.0468657773580451,350000,0.2109624456315518,491,,
491,0,,316003.0,316003.0,,,5.629992591393096e-06,1e-06,0.20246774193548386,0.5041323542753159,0.20293548703193665,1.6250944137573242,3.4042718410491943,,,,,0.0468657773580451,350000,0.2109624456315518,492,,
492,0,,316022.0,316022.0,,,5.601301905640813e-06,1e-06,0.20537096774193547,0.5038646194655957,0.20257706940174103,1.6185873746871948,3.388723373413086,,,,,0.0468657773580451,350000,0.2109624456315518,493,,
493,0,,316027.0,316027.0,,,5.573109250453769e-06,1e-06,0.2033548387096774,0.5025422326789724,0.20298925042152405,1.62472665309906,3.3859550952911377,,,,,0.046983827175067876,350000,0.2109624456315518,494,,
494,0,,316027.0,316027.0,,,5.5448172265167336e-06,1e-06,0.2021774193548387,0.5013891262911296,0.20297132432460785,1.6237815618515015,3.3760693073272705,,,,,0.046983827175067876,350000,0.2109624456315518,495,,
495,0,,316003.0,316003.0,,,5.516581546117543e-06,1e-06,0.20241935483870968,0.5016474809451005,0.20273476839065552,1.618090033531189,3.361447811126709,,,,,0.0468657773580451,350000,0.2109624456315518,496,,
496,0,,316046.0,316046.0,,,5.488051997838475e-06,1e-06,0.20159677419354838,0.5011684102212268,0.20305734872817993,1.620530605316162,3.354827642440796,,,,,0.046983827175067876,350000,0.2109624456315518,497,,
497,0,,316046.0,316046.0,,,5.460864778249739e-06,1e-06,0.20211290322580644,0.5017499862722687,0.20291756093502045,1.6229437589645386,3.348778009414673,,,,,0.046983827175067876,350000,0.2109624456315518,498,,
498,0,,316123.0,316123.0,,,5.433072937684746e-06,1e-06,0.20166129032258065,0.5089292087171641,0.20301075279712677,1.6187469959259033,3.335858106613159,,,,,0.047456026443159015,350000,0.2109624456315518,499,,
499,1,315700,316128.0,315700.0,1.0013557174532783,144174,5.406805345861234e-06,1e-06,0.20191935483870968,0.4991991330514495,0.20287814736366272,1.6170110702514648,3.3262689113616943,0,1,0,1,0.04509503010270334,350000,0.2109624456315518,500,171526,0
