epoch,ebops_traced,ebops,ebops_in_training,pid_ebops,ebops_in_training_over_traced,ebops_above_floor,beta,learning_rate,val_categorical_accuracy,val_macro_auc,train_categorical_accuracy,task_loss,loss,budget_met,ebops_budget_met,nondegenerate,feasible_degenerate,activation_bits_mean,target_ebops,val_accuracy_threshold,line,softmax_ebops,attn_nonsoftmax_ebops
0,1,17853582,17857678.0,17853582.0,1.0002294217485321,13273184,1e-07,0.003,0.5409838709677419,0.833777502887342,0.45212188363075256,1.264789342880249,3.6341497898101807,0,0,1,0,6.535211267605634,5000000,0.2109624456315518,1,2738062,14247936
1,0,,17814613.0,17814613.0,,,9.999999997059423e-08,0.00299996918071407,0.6263709677419355,0.8805283669074455,0.5985591411590576,1.0064328908920288,2.789051055908203,,,,,6.464788732394366,5000000,0.2109624456315518,2,,
2,0,,12774295.0,12774295.0,,,1.0632645856601358e-07,0.0029998767241231398,0.6432741935483871,0.8869548720743488,0.6320878267288208,0.9427568316459656,2.650648832321167,,,,,5.363380281690141,5000000,0.2109624456315518,3,,
3,0,,12339829.0,12339829.0,,,7.990431720818552e-08,0.002999722634027738,0.6380967741935484,0.8876228029455344,0.6452204585075378,0.9271864295005798,1.9291077852249146,,,,,5.270422535211267,5000000,0.2109624456315518,4,,
4,0,,10455521.0,10455521.0,,,8.07531369264112e-08,0.0029995069167619045,0.6617258064516129,0.8966926050042549,0.6489157676696777,0.9247170090675354,1.8368935585021973,,,,,4.707042253521127,5000000,0.2109624456315518,5,,
5,0,,9023851.0,9023851.0,,,7.099286823297859e-08,0.0029992295811929314,0.6471290322580645,0.8917382257938119,0.6533333659172058,0.9198018312454224,1.6158905029296875,,,,,4.369014084507042,5000000,0.2109624456315518,6,,
6,0,,8069461.0,8069461.0,,,6.31076568543833e-08,0.002998890638720998,0.6737903225806452,0.9038421237887342,0.656095027923584,0.9124123454093933,1.4562690258026123,,,,,4.197183098591549,5000000,0.2109624456315518,7,,
7,0,,7887125.0,7887125.0,,,5.780007378137858e-08,0.0029984901032787015,0.6735,0.9024495403322362,0.6584910750389099,0.9045060873031616,1.370471715927124,,,,,4.0647887323943666,5000000,0.2109624456315518,8,,
8,0,,7805148.0,7805148.0,,,5.779629853232767e-08,0.002998027991330485,0.6580322580645162,0.8996581588166096,0.6579785346984863,0.9081686735153198,1.3618993759155273,,,,,3.963380281690141,5000000,0.2109624456315518,9,,
9,1,7598317,7651597.0,7598317.0,1.0070120791222583,3017919,5.848345229131713e-08,0.0029975043218719607,0.630758064516129,0.886582063601054,0.6521487832069397,0.9280198216438293,1.377875566482544,0,0,1,0,3.850704225352113,5000000,0.2109624456315518,10,2738062,4372480
10,0,,7360702.0,7360702.0,,,5.813753810425542e-08,0.0029969191164291296,0.6561935483870968,0.8890918662476242,0.6423459053039551,0.9484232068061829,1.3799033164978027,,,,,3.769014084507042,5000000,0.2109624456315518,11,,
11,0,,7200921.0,7200921.0,,,5.7419039848543944e-08,0.0029962723990574944,0.6454354838709677,0.8865216770826982,0.6346308588981628,0.9645037055015564,1.3832165002822876,,,,,3.6619718309859155,5000000,0.2109624456315518,12,,
12,0,,7147690.0,7147690.0,,,5.720653442078827e-08,0.002995564196341074,0.669483870967742,0.8955357095829914,0.6367079019546509,0.9557425379753113,1.3637757301330566,,,,,3.5943661971830987,5000000,0.2109624456315518,13,,
13,0,,6914149.0,6914149.0,,,5.7807353387207526e-08,0.002994794537391308,0.6374354838709677,0.8926220335539188,0.6495304703712463,0.929855465888977,1.339438557624817,,,,,3.546478873239437,5000000,0.2109624456315518,14,,
14,0,,7079990.0,7079990.0,,,5.6832210538878724e-08,0.002993963453845861,0.6451451612903226,0.8885634793220645,0.6458889245986938,0.9425668716430664,1.345220685005188,,,,,3.535211267605634,5000000,0.2109624456315518,15,,
15,0,,6846491.0,6846491.0,,,5.9216343985271284e-08,0.0029930709798673227,0.650016129032258,0.8898898879854364,0.6450788974761963,0.9374510645866394,1.354554295539856,,,,,3.4507042253521125,5000000,0.2109624456315518,16,,
16,0,,7028689.0,7028689.0,,,5.817037851114028e-08,0.002992117152141803,0.594758064516129,0.8843235156794564,0.6485412120819092,0.9350420832633972,1.3432016372680664,,,,,3.4676056338028167,5000000,0.2109624456315518,17,,
17,0,,6977437.0,6977437.0,,,6.074400067695482e-08,0.0029911020098774234,0.6349516129032258,0.8828142447176701,0.6460018157958984,0.9360339641571045,1.3586095571517944,,,,,3.3830985915492957,5000000,0.2109624456315518,18,,
18,0,,7040819.0,7040819.0,,,6.13142307780024e-08,0.0029900255948027065,0.5929354838709677,0.8714928789319945,0.6445788741111755,0.9424232840538025,1.3665906190872192,,,,,3.363380281690141,5000000,0.2109624456315518,19,,
19,1,6686552,6727512.0,6686552.0,1.0061257281779907,2106154,6.293919718408096e-08,0.00298888795116486,0.6603387096774194,0.8953826912782406,0.6491200923919678,0.9250758290290833,1.3592298030853271,0,0,1,0,3.3267605633802817,5000000,0.2109624456315518,20,2738062,3524608
20,0,,6723379.0,6723379.0,,,6.064735384225806e-08,0.0029876891257279575,0.6488548387096774,0.8926962229983563,0.6481720805168152,0.9266140460968018,1.3425544500350952,,,,,3.315492957746479,5000000,0.2109624456315518,21,,
21,0,,6911800.0,6911800.0,,,6.189108594679541e-08,0.0029864291677710185,0.6670806451612903,0.8980478486040848,0.6397634744644165,0.9474268555641174,1.370261311531067,,,,,3.332394366197183,5000000,0.2109624456315518,22,,
22,0,,6831822.0,6831822.0,,,6.466402451398769e-08,0.0029851081290859782,0.6418225806451613,0.8889535280310058,0.6522276401519775,0.922164261341095,1.3637712001800537,,,,,3.284507042253521,5000000,0.2109624456315518,23,,
23,0,,6921919.0,6921919.0,,,6.492118478524178e-08,0.002983726063975564,0.6190483870967742,0.8824033070654392,0.6489050388336182,0.9255824685096741,1.3688006401062012,,,,,3.23943661971831,5000000,0.2109624456315518,24,,
24,0,,6844048.0,6844048.0,,,6.685582198234187e-08,0.0029822830292510587,0.6568064516129032,0.8926601222967253,0.6476899981498718,0.9312851428985596,1.3877277374267578,,,,,3.211267605633803,5000000,0.2109624456315518,25,,
25,0,,6647403.0,6647403.0,,,6.714952095344867e-08,0.0029807790842299683,0.6661129032258064,0.8918464179967849,0.6469749212265015,0.9346343278884888,1.3867912292480469,,,,,3.1971830985915495,5000000,0.2109624456315518,26,,
26,0,,6567445.0,6567445.0,,,6.615550377777004e-08,0.0029792142907335813,0.6281451612903226,0.8967675677225438,0.6505143642425537,0.9313783049583435,1.37484610080719,,,,,3.171830985915493,5000000,0.2109624456315518,27,,
27,0,,6772124.0,6772124.0,,,6.62569955334004e-08,0.0029775887130844302,0.6636935483870968,0.8967939604843693,0.6495681405067444,0.9308516383171082,1.3748122453689575,,,,,3.1690140845070425,5000000,0.2109624456315518,28,,
28,0,,6688134.0,6688134.0,,,6.936620589726284e-08,0.0029759024181036453,0.6532096774193549,0.893187693025683,0.6495340466499329,0.9297351837158203,1.3943400382995605,,,,,3.1380281690140843,5000000,0.2109624456315518,29,,
29,1,6659420,6624604.0,6659420.0,0.9947719170738593,2079022,6.950959418110083e-08,0.002974155475108208,0.5745483870967742,0.8743111826793368,0.650123655796051,0.9288799166679382,1.3946036100387573,0,0,1,0,3.1352112676056336,5000000,0.2109624456315518,30,2738062,3524608
30,0,,6546716.0,6546716.0,,,7.021008734504218e-08,0.0029723479559081024,0.6216774193548387,0.8818332533694413,0.6499964594841003,0.93695467710495,1.4040108919143677,,,,,3.101408450704225,5000000,0.2109624456315518,31,,
31,0,,6552840.0,6552840.0,,,6.995830579936605e-08,0.002970479934803364,0.6494193548387097,0.8878636578911034,0.6553351283073425,0.9189174771308899,1.3839761018753052,,,,,3.0901408450704224,5000000,0.2109624456315518,32,,
32,0,,6474969.0,6474969.0,,,7.097711195892369e-08,0.002968551488581023,0.5125161290322581,0.8547413306009822,0.648715078830719,0.9444794058799744,1.4161932468414307,,,,,3.028169014084507,5000000,0.2109624456315518,33,,
33,0,,6841482.0,6841482.0,,,7.104603378665073e-08,0.0029665626965119517,0.6514032258064516,0.8937540861270081,0.6486254930496216,0.9425880908966064,1.4115504026412964,,,,,3.0788732394366196,5000000,0.2109624456315518,34,,
34,0,,6689945.0,6689945.0,,,7.625377390965261e-08,0.0029645136403476007,0.6058225806451613,0.8814680285872825,0.644508957862854,0.9454359412193298,1.448685884475708,,,,,3.0253521126760563,5000000,0.2109624456315518,35,,
35,0,,6669273.0,6669273.0,,,7.56582563616692e-08,0.0029624044043166445,0.6523387096774194,0.8925829204401264,0.646783173084259,0.9459484815597534,1.4441444873809814,,,,,3.019718309859155,5000000,0.2109624456315518,36,,
36,0,,6435845.0,6435845.0,,,7.651872071606146e-08,0.0029602350751215148,0.6328225806451613,0.8872399217182718,0.6479552388191223,0.941218912601471,1.4472905397415161,,,,,2.9690140845070423,5000000,0.2109624456315518,37,,
37,0,,6562715.0,6562715.0,,,7.477846742340258e-08,0.0029580057419348383,0.6351612903225806,0.887977170634491,0.643768846988678,0.9520683288574219,1.4454412460327148,,,,,2.9943661971830986,5000000,0.2109624456315518,38,,
38,0,,6581073.0,6581073.0,,,7.729656693925291e-08,0.00295571649639577,0.6688064516129032,0.8997470258368935,0.6461398005485535,0.9491488933563232,1.460331678390503,,,,,2.943661971830986,5000000,0.2109624456315518,39,,
39,1,6509238,6472374.0,6509238.0,0.9943366642915806,1928840,7.858500849113909e-08,0.0029533674326062283,0.6328709677419355,0.8875586796550939,0.6459820866584778,0.942531406879425,1.4572242498397827,0,0,1,0,2.9098591549295776,5000000,0.2109624456315518,40,2738062,3407872
40,0,,6646368.0,6646368.0,,,7.875917435116826e-08,0.0029509586471270248,0.6451612903225806,0.8871842984973564,0.6494731307029724,0.9398265480995178,1.4551868438720703,,,,,2.9098591549295776,5000000,0.2109624456315518,41,,
41,0,,6359577.0,6359577.0,,,8.157106009544075e-08,0.0029484902389738956,0.6627580645161291,0.8943702254820034,0.6421219110488892,0.9575662016868591,1.4864908456802368,,,,,2.8845070422535213,5000000,0.2109624456315518,42,,
42,0,,6480320.0,6480320.0,,,7.89955930465377e-08,0.002945962309613432,0.6449354838709678,0.8903325056996285,0.6482634544372559,0.9377952218055725,1.4507865905761719,,,,,2.8816901408450706,5000000,0.2109624456315518,43,,
43,0,,6435131.0,6435131.0,,,8.154595218264561e-08,0.002943374962958909,0.6653064516129032,0.8955579432141709,0.643602192401886,0.9531033039093018,1.4824334383010864,,,,,2.8422535211267608,5000000,0.2109624456315518,44,,
44,0,,6521004.0,6521004.0,,,8.200545033108971e-08,0.0029407283053660134,0.6686290322580645,0.8959418568241639,0.6509498357772827,0.9268351197242737,1.4580087661743164,,,,,2.867605633802817,5000000,0.2109624456315518,45,,
45,0,,6291554.0,6291554.0,,,8.421064917632093e-08,0.0029380224456284727,0.6557580645161291,0.8885719087572822,0.6464139819145203,0.9389461278915405,1.4820213317871094,,,,,2.797183098591549,5000000,0.2109624456315518,46,,
46,0,,6471687.0,6471687.0,,,8.21863840816967e-08,0.0029352574949735822,0.5744193548387097,0.8598457260447357,0.6561935544013977,0.9217235445976257,1.4518526792526245,,,,,2.825352112676056,5000000,0.2109624456315518,47,,
47,0,,6426552.0,6426552.0,,,8.56370748815915e-08,0.0029324335670576347,0.6745322580645161,0.8986647389162584,0.6462132930755615,0.9478612542152405,1.501442551612854,,,,,2.7830985915492956,5000000,0.2109624456315518,48,,
48,0,,6401954.0,6401954.0,,,8.611379859797763e-08,0.0029295507779612453,0.6563225806451612,0.8964471402939781,0.6516111493110657,0.9323278069496155,1.4842742681503296,,,,,2.816901408450704,5000000,0.2109624456315518,49,,
49,1,6551364,6604612.0,6551364.0,1.0081277730866427,1970966,8.685091486494501e-08,0.002926609246184583,0.6102903225806452,0.8802771740477052,0.6437132954597473,0.9512019753456116,1.513223648071289,0,0,1,0,2.788732394366197,5000000,0.2109624456315518,50,2738062,3467264
50,0,,6534980.0,6534980.0,,,9.00869045413581e-08,0.0029236090926424976,0.5924677419354839,0.8857305624737192,0.6446254849433899,0.9528566598892212,1.5339477062225342,,,,,2.7746478873239435,5000000,0.2109624456315518,51,,
51,0,,6457055.0,6457055.0,,,9.107263669346726e-08,0.002920550440659551,0.6416290322580646,0.8866146317339648,0.6436917781829834,0.954784095287323,1.5389477014541626,,,,,2.7549295774647886,5000000,0.2109624456315518,52,,
52,0,,6442655.0,6442655.0,,,9.114468686087177e-08,0.002917433415964946,0.6549354838709678,0.89685298931545,0.6491917967796326,0.9458065629005432,1.5333669185638428,,,,,2.7380281690140844,5000000,0.2109624456315518,53,,
53,0,,6506101.0,6506101.0,,,9.210145494610161e-08,0.0029142581466873596,0.6359354838709678,0.8797082949814055,0.6500573754310608,0.9442588686943054,1.5325217247009277,,,,,2.740845070422535,5000000,0.2109624456315518,54,,
54,0,,6373008.0,6373008.0,,,9.424101520576894e-08,0.0029110247633496746,0.6157903225806451,0.8800031175368698,0.6420931816101074,0.9539462924003601,1.5579826831817627,,,,,2.7267605633802816,5000000,0.2109624456315518,55,,
55,0,,6329921.0,6329921.0,,,9.343989495919114e-08,0.0029077333988636158,0.6581290322580645,0.8942267096846844,0.6462007164955139,0.9392885565757751,1.5368266105651855,,,,,2.6732394366197183,5000000,0.2109624456315518,56,,
56,0,,6614593.0,6614593.0,,,9.390907916795576e-08,0.002904384188524286,0.6305,0.8875656959725837,0.6477240324020386,0.9366900324821472,1.5391875505447388,,,,,2.749295774647887,5000000,0.2109624456315518,57,,
57,0,,6329810.0,6329810.0,,,9.951512096647588e-08,0.0029009772700046045,0.5901612903225807,0.8757421226945825,0.6441953778266907,0.942032516002655,1.577347993850708,,,,,2.684507042253521,5000000,0.2109624456315518,58,,
58,0,,6430157.0,6430157.0,,,9.636019183602912e-08,0.002897512783349647,0.6572096774193549,0.8959239957899952,0.6457903385162354,0.9405927658081055,1.5544540882110596,,,,,2.704225352112676,5000000,0.2109624456315518,59,,
59,1,6251971,6268355.0,6251971.0,1.0026206135633067,1671573,9.912681158259101e-08,0.002893990870970891,0.663241935483871,0.8912972226612137,0.6321344375610352,0.9769376516342163,1.6013121604919434,0,0,1,0,2.6338028169014085,5000000,0.2109624456315518,60,2738062,3166208
60,0,,6389145.0,6389145.0,,,9.746279523930411e-08,0.0028904116776403595,0.6551612903225806,0.8866258951378443,0.6319587826728821,0.9678678512573242,1.5829615592956543,,,,,2.659154929577465,5000000,0.2109624456315518,61,,
61,0,,6458755.0,6458755.0,,,1.0082965690464713e-07,0.0028867753504846724,0.6151129032258065,0.8753314396916745,0.6337222456932068,0.9681816101074219,1.6106141805648804,,,,,2.6704225352112676,5000000,0.2109624456315518,62,,
62,0,,6225209.0,6225209.0,,,1.0324125995863481e-07,0.0028830820389789957,0.613,0.8702517102686154,0.6348028779029846,0.9643837809562683,1.6182838678359985,,,,,2.6140845070422536,5000000,0.2109624456315518,63,,
63,0,,6266201.0,6266201.0,,,1.0060454901209988e-07,0.0028793318949409006,0.6573548387096774,0.8913081060546014,0.6463082432746887,0.9401354193687439,1.5768221616744995,,,,,2.6169014084507043,5000000,0.2109624456315518,64,,
64,0,,6139220.0,6139220.0,,,1.0241645029717494e-07,0.002875525072524119,0.6397419354838709,0.8861011382530224,0.6423333287239075,0.9514299035072327,1.599549412727356,,,,,2.628169014084507,5000000,0.2109624456315518,65,,
65,0,,6409423.0,6409423.0,,,1.013761407138598e-07,0.0028716617282122108,0.6655483870967742,0.8979595280441247,0.6468440890312195,0.9464076161384583,1.5870674848556519,,,,,2.6338028169014085,5000000,0.2109624456315518,66,,
66,0,,6286484.0,6286484.0,,,1.0716030434315132e-07,0.002867742020812129,0.6567580645161291,0.8901256895343149,0.6420609354972839,0.9538646340370178,1.6262179613113403,,,,,2.571830985915493,5000000,0.2109624456315518,67,,
67,0,,6331530.0,6331530.0,,,1.063150404954331e-07,0.002863766111447693,0.6526612903225807,0.8947378781017946,0.6380484104156494,0.9648510813713074,1.630904197692871,,,,,2.5859154929577466,5000000,0.2109624456315518,68,,
68,0,,6188170.0,6188170.0,,,1.0834839855658626e-07,0.0028597341635529625,0.6581935483870968,0.8920274662721663,0.6292222142219543,0.9778028726577759,1.6620118618011475,,,,,2.5690140845070424,5000000,0.2109624456315518,69,,
69,1,6171813,6100133.0,6171813.0,0.9883859086462924,1591415,1.070300369218706e-07,0.0028556463428655253,0.6328064516129033,0.8798729856311482,0.6423781514167786,0.9468616843223572,1.616397738456726,0,0,1,0,2.5492957746478875,5000000,0.2109624456315518,70,2738062,3090432
70,0,,6292652.0,6292652.0,,,1.0787686968358062e-07,0.002851502817419677,0.6255322580645162,0.8837591920904335,0.6316846013069153,0.9645437002182007,1.6446213722229004,,,,,2.552112676056338,5000000,0.2109624456315518,71,,
71,0,,6382737.0,6382737.0,,,1.1126087658301732e-07,0.002847303757539522,0.6025806451612903,0.8666376399033163,0.6359462738037109,0.9610190391540527,1.6563868522644043,,,,,2.543661971830986,5000000,0.2109624456315518,72,,
72,0,,6311015.0,6311015.0,,,1.1423983297630694e-07,0.002843049335831963,0.613241935483871,0.8751640817759168,0.6265878081321716,0.9714705944061279,1.6847670078277588,,,,,2.523943661971831,5000000,0.2109624456315518,73,,
73,0,,6298685.0,6298685.0,,,1.1427896082314479e-07,0.002838739727179615,0.6124838709677419,0.8757006703018,0.6305107474327087,0.9644807577133179,1.6813952922821045,,,,,2.484507042253521,5000000,0.2109624456315518,74,,
74,0,,6091859.0,6091859.0,,,1.1538011142726331e-07,0.0028343751087336086,0.5486290322580645,0.8721413050730282,0.6338942646980286,0.9618558883666992,1.6823062896728516,,,,,2.5042253521126763,5000000,0.2109624456315518,75,,
75,0,,6192189.0,6192189.0,,,1.1269895759635819e-07,0.002829955659906314,0.6454193548387097,0.888199742397646,0.629539430141449,0.9661073088645935,1.6701842546463013,,,,,2.5577464788732396,5000000,0.2109624456315518,76,,
76,0,,6411251.0,6411251.0,,,1.1578651161998406e-07,0.0028254815623639617,0.6195806451612903,0.8743492551108785,0.6298226118087769,0.9687603116035461,1.6956050395965576,,,,,2.5126760563380284,5000000,0.2109624456315518,77,,
77,0,,6255593.0,6255593.0,,,1.2138225037743492e-07,0.002820953000019179,0.6240806451612904,0.8795054263062593,0.6297975182533264,0.9658564329147339,1.717261552810669,,,,,2.4873239436619716,5000000,0.2109624456315518,78,,
78,0,,6316932.0,6316932.0,,,1.197693835040298e-07,0.002816370159023426,0.6501129032258065,0.8934745646063582,0.6316863894462585,0.9592920541763306,1.705276370048523,,,,,2.4591549295774646,5000000,0.2109624456315518,79,,
79,1,6185897,6271945.0,6185897.0,1.0139103512392786,1605499,1.2236588085415418e-07,0.002811733227759346,0.6361129032258065,0.8842814999166713,0.6315107941627502,0.9641858339309692,1.7250370979309082,0,0,1,0,2.4676056338028167,5000000,0.2109624456315518,80,2738062,3112960
80,0,,6065060.0,6065060.0,,,1.211095686581513e-07,0.0028070423968330226,0.601983870967742,0.8748729652672018,0.6215537786483765,0.9888911843299866,1.7395893335342407,,,,,2.464788732394366,5000000,0.2109624456315518,81,,
81,0,,6298446.0,6298446.0,,,1.1989584405158205e-07,0.0028022978590661416,0.6281774193548387,0.8833404741855165,0.6174623966217041,0.9970937967300415,1.7371162176132202,,,,,2.464788732394366,5000000,0.2109624456315518,82,,
82,0,,6187748.0,6187748.0,,,1.2595505688923606e-07,0.002797499809488068,0.642774193548387,0.8805983481766688,0.61648029088974,0.9975878596305847,1.7780181169509888,,,,,2.4028169014084506,5000000,0.2109624456315518,83,,
83,0,,6167374.0,6167374.0,,,1.2506706186196357e-07,0.002792648445327827,0.6057258064516129,0.8670998334500168,0.6177724003791809,1.0003178119659424,1.7689794301986694,,,,,2.380281690140845,5000000,0.2109624456315518,84,,
84,0,,6150963.0,6150963.0,,,1.2596999974409873e-07,0.0027877439660059984,0.5788548387096775,0.8694825004442288,0.6239122152328491,0.9964680075645447,1.7627700567245483,,,,,2.4112676056338027,5000000,0.2109624456315518,85,,
85,0,,6025860.0,6025860.0,,,1.269429577318988e-07,0.002782786573126517,0.5981935483870968,0.8667965556890748,0.6284964084625244,0.9795323014259338,1.7501959800720215,,,,,2.3577464788732394,5000000,0.2109624456315518,86,,
86,0,,6193838.0,6193838.0,,,1.2552695312677984e-07,0.002777776470468387,0.625758064516129,0.8803122447257594,0.622189998626709,0.9924927353858948,1.7586339712142944,,,,,2.4028169014084506,5000000,0.2109624456315518,87,,
87,0,,6390409.0,6390409.0,,,1.304149214536009e-07,0.0027727138639773055,0.6090483870967742,0.866317997624275,0.6134570240974426,1.010224461555481,1.8082174062728882,,,,,2.408450704225352,5000000,0.2109624456315518,88,,
88,0,,6132341.0,6132341.0,,,1.362147160198871e-07,0.0027675989617571973,0.5845806451612903,0.8647822710343005,0.6168602108955383,1.0063682794570923,1.8333677053451538,,,,,2.352112676056338,5000000,0.2109624456315518,89,,
89,1,6087280,6238832.0,6087280.0,1.0248965054999934,1506882,1.3205488936011465e-07,0.0027624319740616582,0.5561935483870968,0.8599928113354872,0.6177509427070618,1.0040652751922607,1.805134654045105,0,0,1,0,2.3267605633802817,5000000,0.2109624456315518,90,2738062,3020800
90,0,,6158960.0,6158960.0,,,1.32380534879801e-07,0.002757213113285315,0.6283709677419355,0.8653577575058078,0.6196129322052002,0.9984391927719116,1.7996057271957397,,,,,2.335211267605634,5000000,0.2109624456315518,91,,
91,0,,6050310.0,6050310.0,,,1.3534278388428758e-07,0.0027519425939550933,0.6262258064516129,0.8771445332655476,0.6139569878578186,1.0067483186721802,1.8313872814178467,,,,,2.27887323943662,5000000,0.2109624456315518,92,,
92,0,,6107664.0,6107664.0,,,1.3422880694597205e-07,0.0027466206327213995,0.5925322580645161,0.8579239665128828,0.6208369135856628,0.991179347038269,1.808303952217102,,,,,2.335211267605634,5000000,0.2109624456315518,93,,
93,0,,6156695.0,6156695.0,,,1.368637693957101e-07,0.002741247448349215,0.6250806451612904,0.869603518085514,0.617817223072052,1.0057621002197266,1.8322588205337524,,,,,2.284507042253521,5000000,0.2109624456315518,94,,
94,0,,5913020.0,5913020.0,,,1.3940549109206867e-07,0.0027358232617091045,0.6113064516129032,0.8696735997335377,0.615906834602356,1.009753942489624,1.8448147773742676,,,,,2.2732394366197184,5000000,0.2109624456315518,95,,
95,0,,5964102.0,5964102.0,,,1.350154774189616e-07,0.0027303482957681353,0.5959677419354839,0.8624520831327389,0.6232724189758301,0.9952915906906128,1.8074897527694702,,,,,2.284507042253521,5000000,0.2109624456315518,96,,
96,0,,6117749.0,6117749.0,,,1.37387753964847e-07,0.0027248227755807134,0.5572741935483871,0.8502826312465039,0.6167383790016174,1.004595398902893,1.8266072273254395,,,,,2.267605633802817,5000000,0.2109624456315518,97,,
97,0,,6105392.0,6105392.0,,,1.423559744884487e-07,0.0027192469282793317,0.6286774193548387,0.878923113895094,0.6212491393089294,0.9968838691711426,1.856900930404663,,,,,2.267605633802817,5000000,0.2109624456315518,98,,
98,0,,6183132.0,6183132.0,,,1.4349434118218868e-07,0.0027136209830652337,0.6350483870967742,0.8783180487756235,0.6145932078361511,1.00819730758667,1.8746556043624878,,,,,2.2535211267605635,5000000,0.2109624456315518,99,,
99,1,5910763,5900491.0,5910763.0,0.9982621532956066,1330365,1.4687289832701557e-07,0.0027079451711989914,0.6228548387096774,0.8782710762031847,0.6212473511695862,0.9965404868125916,1.8753416538238525,0,0,1,0,2.222535211267606,5000000,0.2109624456315518,100,2738062,2846720
100,0,,5996688.0,5996688.0,,,1.4158275870919578e-07,0.002702219725991001,0.6255645161290323,0.8730915669709892,0.6230913996696472,0.9888859987258911,1.8362101316452026,,,,,2.2253521126760565,5000000,0.2109624456315518,101,,
101,0,,5976240.0,5976240.0,,,1.4495237990861323e-07,0.002696444882791889,0.6480806451612903,0.8811493881051105,0.6243172287940979,0.9920209646224976,1.859969139099121,,,,,2.2704225352112677,5000000,0.2109624456315518,102,,
102,0,,6084747.0,6084747.0,,,1.457521023765819e-07,0.0026906208789828413,0.6326935483870968,0.8860478311794285,0.6193978786468506,0.9983474612236023,1.8737446069717407,,,,,2.2450704225352114,5000000,0.2109624456315518,103,,
103,0,,5918928.0,5918928.0,,,1.498624917073578e-07,0.0026847479539658433,0.5996612903225806,0.8713587447780412,0.6206272840499878,0.9934213757514954,1.8839718103408813,,,,,2.2169014084507044,5000000,0.2109624456315518,104,,
104,0,,6000705.0,6000705.0,,,1.470134717504422e-07,0.0026788263491538396,0.6301935483870967,0.8753299647260592,0.6209032535552979,0.9938986897468567,1.8683637380599976,,,,,2.2422535211267607,5000000,0.2109624456315518,105,,
105,0,,6017079.0,6017079.0,,,1.5041043496765377e-07,0.002672856307960811,0.629241935483871,0.8760621516447438,0.6216397881507874,0.9986427426338196,1.8957419395446777,,,,,2.2084507042253523,5000000,0.2109624456315518,106,,
106,0,,5945357.0,5945357.0,,,1.5222367032050453e-07,0.002666838075791767,0.637241935483871,0.8793380221403977,0.6247742176055908,0.9877920150756836,1.9016319513320923,,,,,2.1802816901408453,5000000,0.2109624456315518,107,,
107,0,,6080419.0,6080419.0,,,1.517171968739768e-07,0.002660771900032662,0.5816129032258065,0.8612826236473339,0.6232724189758301,0.9871994853019714,1.8992350101470947,,,,,2.1943661971830988,5000000,0.2109624456315518,108,,
108,0,,5869556.0,5869556.0,,,1.566890166069467e-07,0.0026546580300402206,0.5095483870967742,0.8581772583892644,0.6275878548622131,0.9811574816703796,1.9029041528701782,,,,,2.183098591549296,5000000,0.2109624456315518,109,,
109,1,6236111,6262735.0,6236111.0,1.0042693274702776,1655713,1.524726892463032e-07,0.0026484967171316915,0.5915806451612903,0.8679606142636971,0.6210107803344727,0.9971889853477478,1.9054639339447021,0,0,1,0,2.2169014084507044,5000000,0.2109624456315518,110,2738062,3172352
110,0,,5959572.0,5959572.0,,,1.6379394317715995e-07,0.002642288214574517,0.5930645161290322,0.8685488149767007,0.6265215277671814,0.987393856048584,1.9583224058151245,,,,,2.174647887323944,5000000,0.2109624456315518,111,,
111,0,,6127577.0,6127577.0,,,1.5791061530143356e-07,0.00263603277757592,0.6405161290322581,0.877776673978758,0.6204283237457275,0.9962545037269592,1.9315204620361328,,,,,2.228169014084507,5000000,0.2109624456315518,112,,
112,0,,5939119.0,5939119.0,,,1.6402157232424616e-07,0.0026297306632724147,0.5508064516129032,0.8549556354479749,0.6179749369621277,1.0004079341888428,1.9814541339874268,,,,,2.123943661971831,5000000,0.2109624456315518,113,,
113,0,,5701573.0,5701573.0,,,1.6035105502706444e-07,0.002623382130719236,0.6073870967741936,0.8576213576412346,0.6176326274871826,0.9990711808204651,1.952584981918335,,,,,2.123943661971831,5000000,0.2109624456315518,114,,
114,0,,6023067.0,6023067.0,,,1.5495147616575408e-07,0.0026169874408796924,0.5546451612903226,0.8386957441313829,0.6280591487884521,0.9875164031982422,1.9027104377746582,,,,,2.1464788732394364,5000000,0.2109624456315518,115,,
115,0,,5916588.0,5916588.0,,,1.65219425431845e-07,0.0026105468566144357,0.6250161290322581,0.871598763546076,0.6218907237052917,0.9943212866783142,1.977735996246338,,,,,2.123943661971831,5000000,0.2109624456315518,116,,
116,0,,5951335.0,5951335.0,,,1.6367027338311818e-07,0.0026040606426706602,0.6030161290322581,0.8687463087228577,0.6171326041221619,0.9952337741851807,1.9556736946105957,,,,,2.1380281690140843,5000000,0.2109624456315518,117,,
117,0,,5990237.0,5990237.0,,,1.6607149546081348e-07,0.0025975290656712158,0.6120322580645161,0.8725671411135684,0.614874541759491,1.0051902532577515,1.99397873878479,,,,,2.123943661971831,5000000,0.2109624456315518,118,,
118,0,,5922562.0,5922562.0,,,1.6867410114338684e-07,0.0025909523941036504,0.6278387096774194,0.878543215973853,0.6226147413253784,0.9948843121528625,1.9990535974502563,,,,,2.0985915492957745,5000000,0.2109624456315518,119,,
119,1,5965683,5922675.0,5965683.0,0.9927907667906591,1385285,1.6818644681350974e-07,0.0025843308983091737,0.581258064516129,0.864968771916703,0.6143799424171448,1.0088530778884888,2.005399703979492,0,0,1,0,2.101408450704225,5000000,0.2109624456315518,120,2738062,2916352
120,0,,5869309.0,5869309.0,,,1.7091337908201385e-07,0.0025776648504715425,0.5201451612903226,0.8438871918917956,0.6114283204078674,1.0130480527877808,2.0278401374816895,,,,,2.0901408450704224,5000000,0.2109624456315518,121,,
121,0,,5865208.0,5865208.0,,,1.6950546740891633e-07,0.0025709545246058747,0.5701290322580645,0.8645737783590928,0.6157204508781433,1.0075162649154663,2.0110113620758057,,,,,2.047887323943662,5000000,0.2109624456315518,122,,
122,0,,5936942.0,5936942.0,,,1.707441471360651e-07,0.0025642001965473843,0.5466129032258065,0.8438754870559793,0.6147616505622864,1.0091866254806519,2.016587734222412,,,,,2.064788732394366,5000000,0.2109624456315518,123,,
123,0,,5877560.0,5877560.0,,,1.7432306516828085e-07,0.002557402143940042,0.5003870967741936,0.8363809504984543,0.6078763604164124,1.0198506116867065,2.0593113899230957,,,,,2.0704225352112675,5000000,0.2109624456315518,124,,
124,0,,6094584.0,6094584.0,,,1.7398045889854641e-07,0.002550560646225165,0.605,0.8696688580506995,0.6114068031311035,1.0133684873580933,2.0344061851501465,,,,,2.1070422535211266,5000000,0.2109624456315518,125,,
125,0,,5797560.0,5797560.0,,,1.8219907639633393e-07,0.002543675984629928,0.6316129032258064,0.8790650061925627,0.6070089936256409,1.0266772508621216,2.109325885772705,,,,,2.0422535211267605,5000000,0.2109624456315518,126,,
126,0,,5762756.0,5762756.0,,,1.74606785965183e-07,0.002536748442155804,0.6169193548387096,0.8672064908293688,0.6142419576644897,1.016711950302124,2.0365166664123535,,,,,2.047887323943662,5000000,0.2109624456315518,127,,
127,0,,5764723.0,5764723.0,,,1.7479504175089507e-07,0.00252977830356693,0.6009516129032259,0.8617661034442919,0.6138996481895447,1.0155781507492065,2.0362749099731445,,,,,2.0591549295774647,5000000,0.2109624456315518,128,,
128,0,,5934761.0,5934761.0,,,1.7610340107409997e-07,0.0025227658553784037,0.5890645161290322,0.8673091793193027,0.6118745803833008,1.018004298210144,2.046907424926758,,,,,2.056338028169014,5000000,0.2109624456315518,129,,
129,1,5875374,5781166.0,5875374.0,0.9839656164867122,1294976,1.828580967697324e-07,0.002515711385844505,0.6243870967741936,0.8719229092372199,0.6154587864875793,1.0138494968414307,2.0864923000335693,0,0,1,0,1.9971830985915493,5000000,0.2109624456315518,130,2738062,2838528
130,0,,5920334.0,5920334.0,,,1.824944888941573e-07,0.002508615184946845,0.5916612903225806,0.8619980517324913,0.6144301295280457,1.013714075088501,2.083199977874756,,,,,2.0309859154929577,5000000,0.2109624456315518,131,,
131,0,,5826168.0,5826168.0,,,1.8545103242621392e-07,0.0025014775443824486,0.5736612903225806,0.86664076336361,0.619879961013794,1.0051980018615723,2.096930503845215,,,,,2.0873239436619717,5000000,0.2109624456315518,132,,
132,0,,5893732.0,5893732.0,,,1.8390210505957727e-07,0.0024942987575517633,0.5581451612903225,0.8541469092477831,0.6245107650756836,0.9946919083595276,2.0684986114501953,,,,,2.0253521126760563,5000000,0.2109624456315518,133,,
133,0,,5963386.0,5963386.0,,,1.8757074338230064e-07,0.0024870791195465993,0.5514032258064516,0.8503406546522785,0.6201666593551636,1.0001271963119507,2.0944104194641113,,,,,2.0507042253521126,5000000,0.2109624456315518,134,,
134,0,,5670495.0,5670495.0,,,1.914669341231532e-07,0.002479818927137996,0.5780483870967742,0.860029565729999,0.6177545189857483,1.006369709968567,2.129193067550659,,,,,2.0028169014084507,5000000,0.2109624456315518,135,,
135,0,,5803588.0,5803588.0,,,1.8321219672890955e-07,0.002472518478764029,0.5682258064516129,0.8523235793182236,0.614876389503479,1.0100449323654175,2.0792479515075684,,,,,1.9830985915492958,5000000,0.2109624456315518,136,,
136,0,,5772905.0,5772905.0,,,1.8891494347518554e-07,0.0024651780745175355,0.5546129032258065,0.8509906943687715,0.616575300693512,1.0111340284347534,2.1116302013397217,,,,,2.045070422535211,5000000,0.2109624456315518,137,,
137,0,,5936703.0,5936703.0,,,1.8927156349448786e-07,0.0024577980161337837,0.5924516129032258,0.8695592501943186,0.6154731512069702,1.0122101306915283,2.1193079948425293,,,,,2.008450704225352,5000000,0.2109624456315518,138,,
138,0,,5776986.0,5776986.0,,,1.9632022699938972e-07,0.0024503786069780694,0.6024838709677419,0.8666667480244363,0.6083011031150818,1.0244967937469482,2.179074764251709,,,,,2.0338028169014084,5000000,0.2109624456315518,139,,
139,1,5740144,5682768.0,5740144.0,0.9900044319445644,1159746,1.9242327654992513e-07,0.0024429201520332414,0.599241935483871,0.8630294888682786,0.6117777824401855,1.0138654708862305,2.1461260318756104,0,0,1,0,1.9746478873239437,5000000,0.2109624456315518,140,2738062,2715648
140,0,,5619275.0,5619275.0,,,1.9252038300635528e-07,0.002435422957887171,0.6199354838709678,0.8657614117537703,0.6133763790130615,1.0111488103866577,2.1354522705078125,,,,,2.0,5000000,0.2109624456315518,141,,
141,0,,5738101.0,5738101.0,,,1.8957005237746125e-07,0.0024278873327201445,0.6084838709677419,0.8720325971443088,0.6109910607337952,1.0214624404907227,2.139915704727173,,,,,1.9887323943661972,5000000,0.2109624456315518,142,,
142,0,,5744262.0,5744262.0,,,1.949160227859513e-07,0.002420313586292198,0.5882741935483871,0.8646003210853042,0.608127236366272,1.0202139616012573,2.1578586101531982,,,,,1.9746478873239437,5000000,0.2109624456315518,143,,
143,0,,5881488.0,5881488.0,,,1.9648382534270953e-07,0.002412702029930382,0.581983870967742,0.8525167178441684,0.6090520024299622,1.0195162296295166,2.1702466011047363,,,,,1.9690140845070423,5000000,0.2109624456315518,144,,
144,0,,5762704.0,5762704.0,,,2.0281760055129803e-07,0.0024050529765159666,0.5688870967741936,0.863711912799007,0.6096774339675903,1.0194944143295288,2.193115711212158,,,,,2.0,5000000,0.2109624456315518,145,,
145,0,,5926374.0,5926374.0,,,2.0013707732139972e-07,0.0023973667404715783,0.6316612903225807,0.8813358116507336,0.6159605979919434,1.0061829090118408,2.1758618354797363,,,,,1.9887323943661972,5000000,0.2109624456315518,146,,
146,0,,5611031.0,5611031.0,,,2.075779642818372e-07,0.0023896436377482764,0.5672419354838709,0.8478629460995947,0.6141362190246582,1.012290358543396,2.2327518463134766,,,,,1.980281690140845,5000000,0.2109624456315518,147,,
147,0,,5852828.0,5852828.0,,,1.9766896780746352e-07,0.0023818839858125635,0.5654032258064516,0.8555684896392837,0.6099606156349182,1.0181735754013062,2.1798946857452393,,,,,1.9887323943661972,5000000,0.2109624456315518,148,,
148,0,,5914214.0,5914214.0,,,2.0781714572033933e-07,0.0023740881036333388,0.6035967741935484,0.8672626603876517,0.6080214977264404,1.0191559791564941,2.2309064865112305,,,,,2.0,5000000,0.2109624456315518,149,,
149,1,5885549,5824072.0,5885549.0,0.9895545853071651,1305151,2.1176734937930677e-07,0.002366256311668785,0.6035967741935484,0.8625591743710203,0.6100860238075256,1.0140742063522339,2.2610862255096436,0,0,1,0,1.991549295774648,5000000,0.2109624456315518,150,2738062,2842624
150,0,,6192648.0,6192648.0,,,2.1246617248154096e-07,0.0023583889318531935,0.5540806451612903,0.8581484717042211,0.613444447517395,1.0125247240066528,2.2481448650360107,,,,,2.019718309859155,5000000,0.2109624456315518,151,,
151,0,,5498516.0,5498516.0,,,2.2595633857011117e-07,0.0023504862875837348,0.5572741935483871,0.8482639138911502,0.6054982542991638,1.0304601192474365,2.356825351715088,,,,,1.9211267605633804,5000000,0.2109624456315518,152,,
152,0,,5461556.0,5461556.0,,,2.0158462338085158e-07,0.0023425487037071623,0.5933387096774193,0.8625545463522013,0.609268844127655,1.0192761421203613,2.1901695728302,,,,,1.923943661971831,5000000,0.2109624456315518,153,,
153,0,,5678617.0,5678617.0,,,2.0111553511464791e-07,0.0023345765065064593,0.5701612903225807,0.8624187581047972,0.6152849793434143,1.0118250846862793,2.183223009109497,,,,,1.943661971830986,5000000,0.2109624456315518,154,,
154,0,,5991946.0,5991946.0,,,2.1044346054408378e-07,0.002326570023687428,0.6204193548387097,0.8650269258921839,0.6164838671684265,1.0052824020385742,2.235950469970703,,,,,1.9746478873239437,5000000,0.2109624456315518,155,,
155,0,,5828000.0,5828000.0,,,2.240735741895392e-07,0.002318529584365218,0.5876612903225806,0.8648304201128113,0.6122150421142578,1.012873649597168,2.320613384246826,,,,,1.9464788732394367,5000000,0.2109624456315518,156,,
156,0,,5854757.0,5854757.0,,,2.196189297786352e-07,0.0023104555190507975,0.6209354838709678,0.8714702204942661,0.6153046488761902,1.0078965425491333,2.284130096435547,,,,,1.952112676056338,5000000,0.2109624456315518,157,,
157,0,,5750422.0,5750422.0,,,2.2237504336687512e-07,0.0023023481596373676,0.5399516129032258,0.8431077919910834,0.6142401695251465,1.0130165815353394,2.312523126602173,,,,,1.9323943661971832,5000000,0.2109624456315518,158,,
158,0,,5619350.0,5619350.0,,,2.1994463548019825e-07,0.0022942078393867193,0.5654838709677419,0.8574982779389396,0.6179892420768738,1.0019617080688477,2.2850918769836426,,,,,1.9014084507042253,5000000,0.2109624456315518,159,,
159,1,5539328,5537280.0,5539328.0,0.9996302800628524,958930,2.1618997121666712e-07,0.0022860348929155346,0.6184032258064516,0.8659535949766349,0.620091438293457,1.001667857170105,2.2426791191101074,0,0,1,0,1.9070422535211267,5000000,0.2109624456315518,160,2738062,2496512
160,0,,5815921.0,5815921.0,,,2.1420563749457884e-07,0.0022778296561816328,0.6164838709677419,0.8659015890857795,0.6228029131889343,0.9973491430282593,2.236416816711426,,,,,1.8985915492957746,5000000,0.2109624456315518,161,,
161,0,,5705445.0,5705445.0,,,2.266077392678404e-07,0.0022695924664701563,0.5821290322580646,0.8589169918077177,0.6216720342636108,0.9945851564407349,2.2990732192993164,,,,,1.9154929577464788,5000000,0.2109624456315518,162,,
162,0,,5840588.0,5840588.0,,,2.237750889979823e-07,0.0022613236623797127,0.6159032258064516,0.8733815315257981,0.6208512783050537,0.9942348003387451,2.289142370223999,,,,,1.971830985915493,5000000,0.2109624456315518,163,,
163,0,,5852748.0,5852748.0,,,2.3086235182293843e-07,0.0022530235838084515,0.5905,0.8598319858802859,0.620315432548523,0.9986320734024048,2.319530487060547,,,,,1.9098591549295774,5000000,0.2109624456315518,164,,
164,0,,5756519.0,5756519.0,,,2.3317171125028881e-07,0.0022446925719400933,0.579258064516129,0.8521305438276393,0.6182652711868286,1.0046039819717407,2.362168788909912,,,,,1.9267605633802818,5000000,0.2109624456315518,165,,
165,0,,5568167.0,5568167.0,,,2.3095931038130386e-07,0.002236330969229905,0.5421612903225806,0.8603524076725613,0.6215735077857971,0.9938048124313354,2.323326349258423,,,,,1.8901408450704225,5000000,0.2109624456315518,166,,
166,0,,6061698.0,6061698.0,,,2.2460783215649664e-07,0.0022279391193906245,0.5966129032258064,0.864918318557437,0.6209462285041809,1.0016367435455322,2.304530143737793,,,,,1.943661971830986,5000000,0.2109624456315518,167,,
167,0,,5672541.0,5672541.0,,,2.468812764803512e-07,0.0022195173673783307,0.601983870967742,0.869078707771596,0.6197222471237183,1.0024783611297607,2.426352024078369,,,,,1.8901408450704225,5000000,0.2109624456315518,168,,
168,0,,5752408.0,5752408.0,,,2.3249407209804437e-07,0.0022110660593782617,0.6110645161290322,0.8617601968407254,0.6256433725357056,0.9940052628517151,2.3300223350524902,,,,,1.9014084507042253,5000000,0.2109624456315518,169,,
169,1,5373526,5502518.0,5373526.0,1.0240050946064092,793128,2.3742579783015508e-07,0.0022025855427905885,0.6126290322580645,0.8666452636603614,0.621390700340271,0.9997492432594299,2.365436553955078,0,0,1,0,1.9014084507042253,5000000,0.2109624456315518,170,2738062,2334720
170,0,,5858808.0,5858808.0,,,2.2258815338577044e-07,0.002194076166216133,0.6078709677419355,0.8662403885376613,0.6240143775939941,0.9926298260688782,2.2803173065185547,,,,,1.923943661971831,5000000,0.2109624456315518,171,,
171,0,,5650114.0,5650114.0,,,2.446211034908814e-07,0.0021855382794420354,0.563258064516129,0.8577646506102938,0.6222204566001892,0.9915148019790649,2.401371955871582,,,,,1.923943661971831,5000000,0.2109624456315518,172,,
172,0,,5953144.0,5953144.0,,,2.37353820080722e-07,0.0021769722334273817,0.6012741935483871,0.8686095994100695,0.6241774559020996,0.9938864707946777,2.36620831489563,,,,,1.935211267605634,5000000,0.2109624456315518,173,,
173,0,,5983810.0,5983810.0,,,2.522750043381686e-07,0.0021683783802887726,0.6078548387096774,0.8696270997737917,0.6212043166160583,0.9998512864112854,2.454746961593628,,,,,1.9154929577464788,5000000,0.2109624456315518,174,,
174,0,,5570301.0,5570301.0,,,2.558621348909188e-07,0.0021597570732858505,0.5720161290322581,0.8606530894737989,0.6152814030647278,1.0063261985778809,2.4636805057525635,,,,,1.8676056338028169,5000000,0.2109624456315518,175,,
175,0,,5729964.0,5729964.0,,,2.394706652275964e-07,0.0021511086668067783,0.6048548387096774,0.8691120853794423,0.619327962398529,1.0013595819473267,2.3695645332336426,,,,,1.876056338028169,5000000,0.2109624456315518,176,,
176,0,,5521142.0,5521142.0,,,2.480188245536763e-07,0.0021424335163536747,0.5063064516129032,0.8529737351341516,0.6228261590003967,0.9956940412521362,2.4121391773223877,,,,,1.8957746478873239,5000000,0.2109624456315518,177,,
177,0,,5697206.0,5697206.0,,,2.401677083827157e-07,0.0021337319785279946,0.5772903225806452,0.8483495758602155,0.6202616691589355,0.9957417249679565,2.3825104236602783,,,,,1.9154929577464788,5000000,0.2109624456315518,178,,
178,0,,5693349.0,5693349.0,,,2.494492577734261e-07,0.002125004411015877,0.5725967741935484,0.8602247602445244,0.6157329678535461,1.0025774240493774,2.4302494525909424,,,,,1.943661971830986,5000000,0.2109624456315518,179,,
179,1,5916497,5867350.0,5916497.0,0.9916932265832299,1336099,2.5090423388460707e-07,0.0021162511725734395,0.5804838709677419,0.8570455361936515,0.6193315386772156,0.9980857968330383,2.4397354125976562,0,0,1,0,1.9408450704225353,5000000,0.2109624456315518,180,2738062,2885632
180,0,,5588699.0,5588699.0,,,2.6294175907689225e-07,0.0021074726230120295,0.5901774193548387,0.8622942577726977,0.623396098613739,0.9942873120307922,2.5048601627349854,,,,,1.9211267605633804,5000000,0.2109624456315518,181,,
181,0,,5783323.0,5783323.0,,,2.497598764448989e-07,0.002098669123183437,0.6034516129032258,0.8676325217763319,0.6197544932365417,0.9988892674446106,2.426913261413574,,,,,1.9577464788732395,5000000,0.2109624456315518,182,,
182,0,,5810038.0,5810038.0,,,2.603453179911602e-07,0.0020898410349650585,0.581,0.8648859720011342,0.6181541681289673,1.0000717639923096,2.4941468238830566,,,,,1.9605633802816902,5000000,0.2109624456315518,183,,
183,0,,5652273.0,5652273.0,,,2.6351888524772807e-07,0.002080988721245024,0.6183548387096774,0.8756212131083464,0.6215770840644836,0.9928492903709412,2.5056917667388916,,,,,1.9295774647887325,5000000,0.2109624456315518,184,,
184,0,,5799707.0,5799707.0,,,2.5793991821595016e-07,0.0020721125459072774,0.6071935483870968,0.8743073382550645,0.6190968155860901,0.9922809600830078,2.4641997814178467,,,,,1.9211267605633804,5000000,0.2109624456315518,185,,
185,0,,5789511.0,5789511.0,,,2.6663876196496504e-07,0.002063212873816622,0.6287903225806452,0.8723989893844253,0.6226451992988586,0.9935420155525208,2.515920877456665,,,,,1.9323943661971832,5000000,0.2109624456315518,186,,
186,0,,5554033.0,5554033.0,,,2.6812833287259555e-07,0.002054290070803719,0.5877096774193549,0.8591360186217184,0.6242043375968933,0.9896795749664307,2.514737844467163,,,,,1.9267605633802818,5000000,0.2109624456315518,187,,
187,0,,5773169.0,5773169.0,,,2.5857778021617e-07,0.002045344503650053,0.5854516129032258,0.8519301210519933,0.6236684918403625,0.9924341440200806,2.4665584564208984,,,,,1.9492957746478874,5000000,0.2109624456315518,188,,
188,0,,6000455.0,6000455.0,,,2.70719308055542e-07,0.0020363765400728522,0.5856612903225806,0.8711546738156091,0.626874566078186,0.9841270446777344,2.5272367000579834,,,,,1.9549295774647888,5000000,0.2109624456315518,189,,
189,1,5418855,5416812.0,5418855.0,0.9996229830840648,838457,2.8395521715801995e-07,0.0020273865487099737,0.5846290322580645,0.8553034381504527,0.618150532245636,0.997065007686615,2.6193366050720215,0,0,1,0,1.904225352112676,5000000,0.2109624456315518,190,2738062,2385920
190,0,,6006616.0,6006616.0,,,2.5746611257780503e-07,0.002018374899104751,0.573258064516129,0.8603950432383177,0.6177706122398376,0.9969335198402405,2.4866647720336914,,,,,1.9605633802816902,5000000,0.2109624456315518,191,,
191,0,,5623672.0,5623672.0,,,2.880218313279888e-07,0.0020093419616908034,0.585983870967742,0.8563820176325523,0.6251183152198792,0.9879929423332214,2.6007792949676514,,,,,1.9070422535211267,5000000,0.2109624456315518,192,,
192,0,,5638008.0,5638008.0,,,2.7124892164752683e-07,0.0020002881077768086,0.5942580645161291,0.8650503088050361,0.6170788407325745,1.003639578819275,2.5500283241271973,,,,,1.9295774647887325,5000000,0.2109624456315518,193,,
193,0,,5603251.0,5603251.0,,,2.735782137905324e-07,0.001991213709531239,0.6137258064516129,0.874496038995179,0.6242186427116394,0.9893653988838196,2.5523946285247803,,,,,1.9154929577464788,5000000,0.2109624456315518,194,,
194,0,,5783426.0,5783426.0,,,2.73444632456488e-07,0.001982119139967065,0.5251451612903226,0.8504228079373833,0.6146380305290222,1.0051100254058838,2.556764841079712,,,,,1.9098591549295774,5000000,0.2109624456315518,195,,
195,0,,5728103.0,5728103.0,,,2.842989577636157e-07,0.0019730047729264195,0.5917741935483871,0.8556267766586674,0.6145250797271729,1.0077732801437378,2.6031644344329834,,,,,1.9098591549295774,5000000,0.2109624456315518,196,,
196,0,,5687175.0,5687175.0,,,2.834999220780291e-07,0.0019638709830652338,0.5878064516129032,0.8524755960708965,0.6164193749427795,1.005046010017395,2.5991384983062744,,,,,1.8788732394366197,5000000,0.2109624456315518,197,,
197,0,,5652408.0,5652408.0,,,2.832924802664397e-07,0.0019547181458378343,0.5519516129032258,0.8246534092173509,0.6123996376991272,1.0068185329437256,2.608340263366699,,,,,1.9154929577464788,5000000,0.2109624456315518,198,,
198,0,,5662594.0,5662594.0,,,2.832925358193108e-07,0.00194554663748151,0.5483225806451613,0.8511320947328265,0.6151469945907593,1.0076394081115723,2.6130549907684326,,,,,1.9323943661971832,5000000,0.2109624456315518,199,,
199,1,5656339,5539608.0,5656339.0,0.9793627998604751,1075941,2.855744341610846e-07,0.001936356835001048,0.6003387096774193,0.8639845231246431,0.6192240118980408,1.0023796558380127,2.6118812561035156,0,0,1,0,1.8985915492957746,5000000,0.2109624456315518,200,2738062,2621440
200,0,,5578515.0,5578515.0,,,2.8702359639602947e-07,0.001927149116153233,0.6077903225806451,0.8620726276210007,0.6141237020492554,1.0092533826828003,2.630866289138794,,,,,1.8873239436619718,5000000,0.2109624456315518,201,,
201,0,,5560216.0,5560216.0,,,2.846283839758789e-07,0.0019179238594313236,0.579758064516129,0.85981570371743,0.6112114787101746,1.0116276741027832,2.6096372604370117,,,,,1.9154929577464788,5000000,0.2109624456315518,202,,
202,0,,5490589.0,5490589.0,,,2.852051398358791e-07,0.00190868144404949,0.6045,0.8589507920347422,0.6119139790534973,1.0169851779937744,2.6331534385681152,,,,,1.8901408450704225,5000000,0.2109624456315518,203,,
203,0,,5701533.0,5701533.0,,,2.8295480089071705e-07,0.001899422249927229,0.5019838709677419,0.8141419320792019,0.6173584461212158,1.0098241567611694,2.6125431060791016,,,,,1.923943661971831,5000000,0.2109624456315518,204,,
204,0,,5201831.0,5201831.0,,,2.9576096568185035e-07,0.0018901466576737454,0.5696290322580645,0.8405421818009204,0.6124820709228516,1.01835036277771,2.6816205978393555,,,,,1.904225352112676,5000000,0.2109624456315518,205,,
205,0,,5756930.0,5756930.0,,,2.7037389868611427e-07,0.001880855048572306,0.5706451612903226,0.8576705081181503,0.6171594858169556,1.0116580724716187,2.5274155139923096,,,,,1.904225352112676,5000000,0.2109624456315518,206,,
206,0,,5627886.0,5627886.0,,,3.0134259298994435e-07,0.001871547804564569,0.5889032258064516,0.8547013385765417,0.6134498119354248,1.0185753107070923,2.705810546875,,,,,1.8816901408450704,5000000,0.2109624456315518,207,,
207,0,,5763086.0,5763086.0,,,2.9633546355297956e-07,0.001862225308234881,0.5749516129032258,0.8586424013371289,0.6202473044395447,1.0021120309829712,2.6643929481506348,,,,,1.8985915492957746,5000000,0.2109624456315518,208,,
208,0,,5849181.0,5849181.0,,,3.05617129114925e-07,0.0018528879427945528,0.45919354838709675,0.7948847281080982,0.6108494997024536,1.0194190740585327,2.7425754070281982,,,,,1.943661971830986,5000000,0.2109624456315518,209,,
209,1,5832637,5914557.0,5832637.0,1.0140451051556953,1252239,3.126251439824029e-07,0.0018435360920661054,0.5059354838709678,0.8294392052942714,0.6056559085845947,1.026847004890442,2.787682294845581,0,0,1,0,1.8901408450704225,5000000,0.2109624456315518,210,2738062,2809856
210,0,,5734409.0,5734409.0,,,3.141510675577958e-07,0.0018341701404674933,0.6063870967741936,0.8669608699119907,0.60892653465271,1.0240377187728882,2.7861673831939697,,,,,1.904225352112676,5000000,0.2109624456315518,211,,
211,0,,5888009.0,5888009.0,,,3.1098410336178863e-07,0.0018247904729963033,0.5466451612903226,0.8486449917156392,0.6146989464759827,1.0095511674880981,2.7409448623657227,,,,,1.8535211267605634,5000000,0.2109624456315518,212,,
212,0,,5394360.0,5394360.0,,,3.219347908932648e-07,0.0018153974752139273,0.5589193548387097,0.8415954578297479,0.6119641661643982,1.0168116092681885,2.7933287620544434,,,,,1.8647887323943662,5000000,0.2109624456315518,213,,
213,0,,5398515.0,5398515.0,,,2.960655457579514e-07,0.0018059915332297148,0.5365483870967742,0.8357506764222737,0.6119910478591919,1.0185697078704834,2.661851167678833,,,,,1.856338028169014,5000000,0.2109624456315518,214,,
214,0,,5568430.0,5568430.0,,,2.9743184930730617e-07,0.001796573033685099,0.5607903225806452,0.8559790927791443,0.6145250797271729,1.0137306451797485,2.6641151905059814,,,,,1.876056338028169,5000000,0.2109624456315518,215,,
215,0,,5312445.0,5312445.0,,,3.0844949357837956e-07,0.001787142363737708,0.5561935483870968,0.8571299993380007,0.611738383769989,1.0157896280288696,2.72965669631958,,,,,1.847887323943662,5000000,0.2109624456315518,216,,
216,0,,5777405.0,5777405.0,,,2.951630340455046e-07,0.0017776999110454444,0.5673064516129033,0.8449594279613803,0.6154982447624207,1.0081342458724976,2.653296947479248,,,,,1.9183098591549297,5000000,0.2109624456315518,217,,
217,0,,5568556.0,5568556.0,,,3.2332439415837766e-07,0.0017682460637505556,0.5738387096774193,0.8628171015275722,0.6137240529060364,1.012130856513977,2.8010356426239014,,,,,1.876056338028169,5000000,0.2109624456315518,218,,
218,0,,5470183.0,5470183.0,,,3.1331910721085704e-07,0.0017587812104636756,0.5716451612903226,0.8505062954925595,0.6173189878463745,1.0086027383804321,2.734837055206299,,,,,1.8366197183098592,5000000,0.2109624456315518,219,,
219,1,5685346,5781602.0,5685346.0,1.016930543893019,1104948,3.0917027833615097e-07,0.0017493057402478522,0.5896290322580645,0.8496755016917632,0.6125824451446533,1.01633882522583,2.7391984462738037,0,0,1,0,1.8901408450704225,5000000,0.2109624456315518,220,2738062,2668544
220,0,,5562306.0,5562306.0,,,3.2340157188209564e-07,0.0017398200426025521,0.6073387096774193,0.8708050879486343,0.6165931820869446,1.0064626932144165,2.792238473892212,,,,,1.8394366197183099,5000000,0.2109624456315518,221,,
221,0,,5492674.0,5492674.0,,,3.1809317205012723e-07,0.0017303245074476532,0.6179032258064516,0.8680743788567508,0.6145018339157104,1.0121800899505615,2.781244993209839,,,,,1.8309859154929577,5000000,0.2109624456315518,222,,
222,0,,5769255.0,5769255.0,,,3.155905457805354e-07,0.0017208195251074145,0.5694193548387096,0.8603810790667274,0.6104910373687744,1.0149729251861572,2.757350444793701,,,,,1.8929577464788732,5000000,0.2109624456315518,223,,
223,0,,5369693.0,5369693.0,,,3.338623011947388e-07,0.0017113054862944307,0.6022580645161291,0.8701069473939997,0.6191021800041199,0.996860682964325,2.844050645828247,,,,,1.8366197183098592,5000000,0.2109624456315518,224,,
224,0,,5560263.0,5560263.0,,,3.118502356761601e-07,0.0017017827820935744,0.5156774193548387,0.8414623606228984,0.6195214986801147,1.0036500692367554,2.735960006713867,,,,,1.8591549295774648,5000000,0.2109624456315518,225,,
225,0,,5734530.0,5734530.0,,,3.246371527083003e-07,0.0016922518039459167,0.5564354838709678,0.8436531063163273,0.6146935820579529,1.0069226026535034,2.802712917327881,,,,,1.876056338028169,5000000,0.2109624456315518,226,,
226,0,,5416930.0,5416930.0,,,3.371142469156583e-07,0.0016827129436326395,0.5861451612903226,0.8565315031408884,0.6167885661125183,1.0055564641952515,2.8857786655426025,,,,,1.8591549295774648,5000000,0.2109624456315518,227,,
227,0,,5638252.0,5638252.0,,,3.197213677216963e-07,0.0016731665932589285,0.6117258064516129,0.8654438032043148,0.616946280002594,1.0005407333374023,2.750673294067383,,,,,1.8985915492957746,5000000,0.2109624456315518,228,,
228,0,,5638131.0,5638131.0,,,3.3478935851370166e-07,0.0016636131452378577,0.5529193548387097,0.840513770075925,0.6182831525802612,1.0025534629821777,2.830314874649048,,,,,1.884507042253521,5000000,0.2109624456315518,229,,
229,1,5484583,5523495.0,5484583.0,1.007094796450341,904185,3.367988367325391e-07,0.001654052992274256,0.6076774193548387,0.8638206456431906,0.6132724285125732,1.0068522691726685,2.8556296825408936,0,0,1,0,1.8732394366197183,5000000,0.2109624456315518,230,2738062,2463744
230,0,,5331079.0,5331079.0,,,3.291453425312997e-07,0.0016444865273485686,0.5586935483870967,0.8470087954576837,0.6193925142288208,1.0052268505096436,2.7981083393096924,,,,,1.8450704225352113,5000000,0.2109624456315518,231,,
231,0,,5462013.0,5462013.0,,,3.209604164994465e-07,0.0016349141437006984,0.5358387096774193,0.8283870676258166,0.6220287084579468,1.0012719631195068,2.7684197425842285,,,,,1.8676056338028169,5000000,0.2109624456315518,232,,
232,0,,5492770.0,5492770.0,,,3.3029973278530073e-07,0.0016253362348138448,0.5748387096774193,0.8494132976962521,0.6186756491661072,1.007076621055603,2.8382930755615234,,,,,1.8619718309859155,5000000,0.2109624456315518,233,,
233,0,,5568578.0,5568578.0,,,3.337244127143461e-07,0.0016157531943983283,0.6131774193548387,0.8639290132404616,0.6204946637153625,1.0020420551300049,2.8305530548095703,,,,,1.8704225352112676,5000000,0.2109624456315518,234,,
234,0,,5724184.0,5724184.0,,,3.4015713563907305e-07,0.0016061654163754056,0.5906774193548388,0.8486970817990613,0.6137813925743103,1.0138739347457886,2.891756772994995,,,,,1.8816901408450704,5000000,0.2109624456315518,235,,
235,0,,5675074.0,5675074.0,,,3.520351612799656e-07,0.0015965732948610791,0.5399677419354839,0.8325965468238394,0.6168530583381653,1.00670325756073,2.9413981437683105,,,,,1.8929577464788732,5000000,0.2109624456315518,236,,
236,0,,5355581.0,5355581.0,,,3.5123198867292386e-07,0.001586977224149894,0.5590806451612903,0.8473151185279064,0.6188458800315857,1.0119746923446655,2.9057369232177734,,,,,1.8450704225352113,5000000,0.2109624456315518,237,,
237,0,,5335111.0,5335111.0,,,3.325990124145648e-07,0.0015773775986987321,0.548016129032258,0.8493925300252922,0.6219086050987244,1.0012767314910889,2.8422622680664062,,,,,1.8788732394366197,5000000,0.2109624456315518,238,,
238,0,,5337127.0,5337127.0,,,3.324041946413852e-07,0.0015677748131105972,0.5969354838709677,0.8572023778259965,0.6162455081939697,1.0072537660598755,2.836322546005249,,,,,1.8366197183098592,5000000,0.2109624456315518,239,,
239,1,5459970,5457922.0,5459970.0,0.9996249063639544,879572,3.3361644467931784e-07,0.0015581692621183922,0.5718064516129032,0.8418460732861057,0.612906813621521,1.0159244537353516,2.855281352996826,0,0,1,0,1.8816901408450704,5000000,0.2109624456315518,240,2738062,2430976
240,0,,5316659.0,5316659.0,,,3.428002908027769e-07,0.0015485613405686973,0.5830806451612903,0.8573323933333425,0.6134032607078552,1.008678913116455,2.8954274654388428,,,,,1.8535211267605634,5000000,0.2109624456315518,241,,
241,0,,5548036.0,5548036.0,,,3.3482908167271583e-07,0.001538951443405534,0.6032741935483871,0.8634844938655419,0.6210591793060303,0.997725248336792,2.825423002243042,,,,,1.8647887323943662,5000000,0.2109624456315518,242,,
242,0,,5777486.0,5777486.0,,,3.5122231333886995e-07,0.0015293399656541367,0.6154032258064516,0.8676995560685639,0.6218136548995972,1.0011687278747559,2.9328415393829346,,,,,1.8985915492957746,5000000,0.2109624456315518,243,,
243,0,,5494909.0,5494909.0,,,3.684004697162153e-07,0.0015197273024047098,0.5615322580645161,0.8388784506264919,0.6176953315734863,1.0082919597625732,3.0232999324798584,,,,,1.856338028169014,5000000,0.2109624456315518,244,,
244,0,,5607566.0,5607566.0,,,3.5203942507310434e-07,0.0015101138487961896,0.5770806451612903,0.8557843551861459,0.6171254515647888,1.0089799165725708,2.939189910888672,,,,,1.8732394366197183,5000000,0.2109624456315518,245,,
245,0,,5582958.0,5582958.0,,,3.6132283724796014e-07,0.0015004999999999999,0.5345483870967742,0.8282020382141118,0.6207544803619385,0.9966740608215332,2.97445011138916,,,,,1.8788732394366197,5000000,0.2109624456315518,246,,
246,0,,5374008.0,5374008.0,,,3.6172630865104826e-07,0.0014908861512038102,0.5807258064516129,0.8587510000797399,0.6171362400054932,1.0061982870101929,3.0010952949523926,,,,,1.8788732394366197,5000000,0.2109624456315518,247,,
247,0,,5378146.0,5378146.0,,,3.494463105958453e-07,0.0014812726975952898,0.5802419354838709,0.8545276191353229,0.6145627498626709,1.0118893384933472,2.9404096603393555,,,,,1.876056338028169,5000000,0.2109624456315518,248,,
248,0,,5562414.0,5562414.0,,,3.5099252538213626e-07,0.001471660034345863,0.5426935483870968,0.8435132636386141,0.6148781776428223,1.0084083080291748,2.9292712211608887,,,,,1.8901408450704225,5000000,0.2109624456315518,249,,
249,1,5523421,5572578.0,5523421.0,1.0088997380427818,943023,3.6495830833791904e-07,0.001462048556594466,0.5893709677419355,0.8562963505102203,0.6106523275375366,1.0176177024841309,3.0322322845458984,0,0,1,0,1.8647887323943662,5000000,0.2109624456315518,250,2738062,2496512
250,0,,5449784.0,5449784.0,,,3.642084346602061e-07,0.0014524386594313029,0.5965,0.858113433120204,0.6165699362754822,1.003823161125183,3.0035393238067627,,,,,1.8309859154929577,5000000,0.2109624456315518,251,,
251,0,,5273619.0,5273619.0,,,3.6090392591910683e-07,0.0014428307378816074,0.5862903225806452,0.8593759218090478,0.6178727746009827,1.001285195350647,2.973944664001465,,,,,1.8647887323943662,5000000,0.2109624456315518,252,,
252,0,,5488760.0,5488760.0,,,3.501692487945245e-07,0.0014332251868894033,0.5891290322580646,0.8580202597223126,0.6108709573745728,1.0140208005905151,2.918379783630371,,,,,1.8619718309859155,5000000,0.2109624456315518,253,,
253,0,,5259347.0,5259347.0,,,3.6615815181997295e-07,0.0014236224013012679,0.615516129032258,0.8651046595537422,0.6168996691703796,1.0056970119476318,2.98968768119812,,,,,1.856338028169014,5000000,0.2109624456315518,254,,
254,0,,5703800.0,5703800.0,,,3.5174212466398116e-07,0.0014140227758501062,0.5990806451612903,0.8639505580942217,0.6214157938957214,0.9989115595817566,2.914797782897949,,,,,1.8816901408450704,5000000,0.2109624456315518,255,,
255,0,,5441538.0,5441538.0,,,3.839870341962209e-07,0.001404426705138921,0.35943548387096774,0.7929225877016248,0.6179426908493042,1.0058039426803589,3.078678846359253,,,,,1.8112676056338028,5000000,0.2109624456315518,256,,
256,0,,5335202.0,5335202.0,,,3.678845258483099e-07,0.001394834583624594,0.47488709677419355,0.8322718335939691,0.6177132725715637,1.003563642501831,3.01345157623291,,,,,1.847887323943662,5000000,0.2109624456315518,257,,
257,0,,5580824.0,5580824.0,,,3.618676538633899e-07,0.0013852468056016719,0.5777741935483871,0.8516746544067985,0.6156415939331055,1.0077227354049683,2.9695637226104736,,,,,1.8873239436619718,5000000,0.2109624456315518,258,,
258,0,,5388302.0,5388302.0,,,3.806130196950038e-07,0.0013756637651861552,0.5842903225806452,0.8485645487903442,0.6249821186065674,0.9939684271812439,3.044100522994995,,,,,1.8394366197183099,5000000,0.2109624456315518,259,,
259,1,5673085,5664925.0,5673085.0,0.998561629166494,1092687,3.6885981034464985e-07,0.0013660858562993014,0.5256774193548387,0.8354675384067018,0.6160340905189514,1.0068939924240112,3.024566173553467,0,0,1,0,1.8619718309859155,5000000,0.2109624456315518,260,2738062,2658304
260,0,,5206131.0,5206131.0,,,3.9081494658758256e-07,0.0013565134726514312,0.5891129032258065,0.8596501748650118,0.6174677610397339,1.003218412399292,3.093419313430786,,,,,1.8535211267605634,5000000,0.2109624456315518,261,,
261,0,,5484664.0,5484664.0,,,3.5937198662201814e-07,0.0013469470077257437,0.5749516129032258,0.8587957619036279,0.6162670254707336,1.0050448179244995,2.955935478210449,,,,,1.8619718309859155,5000000,0.2109624456315518,262,,
262,0,,5224536.0,5224536.0,,,3.8035414790634706e-07,0.0013373868547621424,0.5864032258064517,0.8529661535494224,0.6195430159568787,1.0029524564743042,3.0715227127075195,,,,,1.8253521126760563,5000000,0.2109624456315518,263,,
263,0,,5558377.0,5558377.0,,,3.6311128116560517e-07,0.0013278334067410714,0.5201612903225806,0.8381552875045124,0.6183710098266602,1.002692461013794,3.005836009979248,,,,,1.8619718309859155,5000000,0.2109624456315518,264,,
264,0,,5372056.0,5372056.0,,,3.8836395503947826e-07,0.0013182870563673604,0.5964838709677419,0.8642009760014744,0.6238189935684204,0.9912902116775513,3.050764799118042,,,,,1.8225352112676056,5000000,0.2109624456315518,265,,
265,0,,5388403.0,5388403.0,,,3.766951018350695e-07,0.001308748196054083,0.5665806451612904,0.8493818180353188,0.6206182837486267,0.9988164305686951,3.0297515392303467,,,,,1.8338028169014085,5000000,0.2109624456315518,266,,
266,0,,5529737.0,5529737.0,,,3.7925735717240044e-07,0.001299217217906426,0.455,0.8190475619242745,0.62399822473526,0.9940230846405029,3.0213053226470947,,,,,1.8450704225352113,5000000,0.2109624456315518,267,,
267,0,,5216339.0,5216339.0,,,3.911696441935902e-07,0.0012896945137055695,0.5838709677419355,0.8425941176816473,0.6165286898612976,1.0029107332229614,3.1009445190429688,,,,,1.819718309859155,5000000,0.2109624456315518,268,,
268,0,,5451891.0,5451891.0,,,3.6978242526066674e-07,0.0012801804748925854,0.5707258064516129,0.8512756413684167,0.6212795972824097,0.9990020394325256,2.9939732551574707,,,,,1.8535211267605634,5000000,0.2109624456315518,269,,
269,1,5318798,5200014.0,5318798.0,0.9776671345668702,738400,3.8815615864698927e-07,0.0012706754925523463,0.5165,0.8270044664774707,0.6148978471755981,1.003504991531372,3.0996673107147217,0,0,1,0,1.819718309859155,5000000,0.2109624456315518,270,2738062,2304000
270,0,,5411005.0,5411005.0,,,3.7985249931700956e-07,0.001261179957397448,0.5848548387096775,0.8573937651437399,0.6166236996650696,1.0031914710998535,3.0567681789398193,,,,,1.8704225352112676,5000000,0.2109624456315518,271,,
271,0,,5560430.0,5560430.0,,,3.879670327664056e-07,0.0012516942597521482,0.5379677419354839,0.8453653815159201,0.6167581081390381,1.001403570175171,3.0731749534606934,,,,,1.8309859154929577,5000000,0.2109624456315518,272,,
272,0,,5453853.0,5453853.0,,,4.0080412681514086e-07,0.0012422187895363244,0.5759193548387097,0.8524654738536404,0.6241774559020996,0.9905824661254883,3.1598687171936035,,,,,1.819718309859155,5000000,0.2109624456315518,273,,
273,0,,5410914.0,5410914.0,,,3.9483342025265136e-07,0.0012327539362494444,0.5870322580645161,0.8613931868147338,0.6228172183036804,0.9912418723106384,3.1229515075683594,,,,,1.856338028169014,5000000,0.2109624456315518,274,,
274,0,,5585070.0,5585070.0,,,3.9327481972697025e-07,0.0012233000889545554,0.49974193548387097,0.8251227809667563,0.6197777986526489,0.998732328414917,3.1500744819641113,,,,,1.8704225352112676,5000000,0.2109624456315518,275,,
275,0,,5163177.0,5163177.0,,,4.081850183769164e-07,0.0012138576362622925,0.5643709677419355,0.8528721704804697,0.6195914149284363,0.9975453019142151,3.2011096477508545,,,,,1.8140845070422535,5000000,0.2109624456315518,276,,
276,0,,5470296.0,5470296.0,,,3.7795735752723304e-07,0.0012044269663149007,0.5933387096774193,0.8509204493325149,0.6201595067977905,1.0056748390197754,3.05637788772583,,,,,1.847887323943662,5000000,0.2109624456315518,277,,
277,0,,5310520.0,5310520.0,,,4.0224315135564486e-07,0.0011950084667702852,0.6023387096774193,0.8599190842480198,0.6223602294921875,1.000551700592041,3.1637227535247803,,,,,1.8366197183098592,5000000,0.2109624456315518,278,,
278,0,,5437634.0,5437634.0,,,3.9167263762379233e-07,0.0011856025247860722,0.5144193548387097,0.845646821173386,0.6242741942405701,0.9920243620872498,3.1086788177490234,,,,,1.8816901408450704,5000000,0.2109624456315518,279,,
279,1,5357666,5230690.0,5357666.0,0.9763001277048625,777268,4.027338693779272e-07,0.0011762095270036964,0.5571451612903225,0.8457817046675004,0.6222706437110901,0.9934189319610596,3.149099349975586,0,0,1,0,1.8309859154929577,5000000,0.2109624456315518,280,2738062,2338816
280,0,,5400765.0,5400765.0,,,3.9818427026453915e-07,0.0011668298595325065,0.5682419354838709,0.844395898523833,0.6230860352516174,0.9974954128265381,3.1602275371551514,,,,,1.8422535211267606,5000000,0.2109624456315518,281,,
281,0,,5419160.0,5419160.0,,,4.0293779748318326e-07,0.0011574639079338946,0.5989677419354839,0.8618838643154151,0.6197706460952759,1.0012342929840088,3.1772427558898926,,,,,1.8338028169014085,5000000,0.2109624456315518,282,,
282,0,,5236999.0,5236999.0,,,4.05940890263049e-07,0.001148112057205447,0.579274193548387,0.8545934118569276,0.6209928393363953,0.9947749972343445,3.206021785736084,,,,,1.8647887323943662,5000000,0.2109624456315518,283,,
283,0,,5335288.0,5335288.0,,,3.9320491829332206e-07,0.0011387746917651187,0.5806612903225806,0.8603405738520372,0.6146469712257385,1.002345085144043,3.152101516723633,,,,,1.8338028169014085,5000000,0.2109624456315518,284,,
284,0,,5372179.0,5372179.0,,,4.01886771636446e-07,0.001129452195435431,0.5681935483870968,0.8543488317423037,0.6237724423408508,0.9930816888809204,3.1443984508514404,,,,,1.876056338028169,5000000,0.2109624456315518,285,,
285,0,,5288201.0,5288201.0,,,4.0612090193167036e-07,0.0011201449514276938,0.5422096774193549,0.8357094287984053,0.6206164956092834,1.0000616312026978,3.222656726837158,,,,,1.8619718309859155,5000000,0.2109624456315518,286,,
286,0,,5413193.0,5413193.0,,,4.0089414971670714e-07,0.0011108533423262546,0.5825483870967741,0.8567569960223482,0.6236667037010193,0.9903948307037354,3.156972646713257,,,,,1.8676056338028169,5000000,0.2109624456315518,287,,
287,0,,5329139.0,5329139.0,,,4.1200212076217337e-07,0.0011015777500727707,0.5838064516129032,0.8544212051025497,0.6226630806922913,0.9948221445083618,3.231285572052002,,,,,1.8253521126760563,5000000,0.2109624456315518,288,,
288,0,,5341390.0,5341390.0,,,4.068996724882339e-07,0.0010923185559505097,0.5924354838709678,0.8480202000188335,0.6176756620407104,1.006178617477417,3.2156484127044678,,,,,1.8338028169014085,5000000,0.2109624456315518,289,,
289,1,5394611,5439667.0,5394611.0,1.0083520387290206,814213,4.091841431555774e-07,0.0010830761405686766,0.5714677419354839,0.8601951782850984,0.6155788898468018,1.0058467388153076,3.232454299926758,0,0,1,0,1.8450704225352113,5000000,0.2109624456315518,290,2738062,2377728
290,0,,5411032.0,5411032.0,,,4.1483381119025114e-07,0.0010738508838467667,0.5492741935483871,0.8450593764865235,0.6156362295150757,1.0043691396713257,3.229841947555542,,,,,1.8253521126760563,5000000,0.2109624456315518,291,,
291,0,,5613710.0,5613710.0,,,4.1774342207858396e-07,0.001064643164998952,0.5296290322580646,0.8310671169811187,0.6178709864616394,1.0033347606658936,3.286442518234253,,,,,1.8422535211267606,5000000,0.2109624456315518,292,,
292,0,,5345464.0,5345464.0,,,4.3590664531382756e-07,0.0010554533625184897,0.5821290322580646,0.8542470306608319,0.6145394444465637,1.0106216669082642,3.375746250152588,,,,,1.8140845070422535,5000000,0.2109624456315518,293,,
293,0,,5120120.0,5120120.0,,,4.164661379531028e-07,0.0010462818541621657,0.5678709677419355,0.8463272867011693,0.6197760105133057,0.9983789324760437,3.224304676055908,,,,,1.8112676056338028,5000000,0.2109624456315518,294,,
294,0,,5593262.0,5593262.0,,,3.993833292096721e-07,0.0010371290169347664,0.5427741935483871,0.8489048830615591,0.6162150502204895,1.00741708278656,3.18664813041687,,,,,1.8535211267605634,5000000,0.2109624456315518,295,,
295,0,,5374094.0,5374094.0,,,4.387425087628121e-07,0.0010279952270735807,0.5782258064516129,0.8533853896256804,0.6189659833908081,1.0031293630599976,3.360236644744873,,,,,1.828169014084507,5000000,0.2109624456315518,296,,
296,0,,5404836.0,5404836.0,,,4.2307422975529465e-07,0.0010188808600329353,0.574274193548387,0.8581004231496634,0.6194964051246643,0.9963454604148865,3.2772035598754883,,,,,1.8084507042253521,5000000,0.2109624456315518,297,,
297,0,,5325001.0,5325001.0,,,4.2715398301836003e-07,0.0010097862904687612,0.5830483870967742,0.854006041162515,0.614112913608551,1.0048168897628784,3.3160111904144287,,,,,1.8225352112676056,5000000,0.2109624456315518,298,,
298,0,,5501235.0,5501235.0,,,4.2217170052682824e-07,0.0010007118922231919,0.6061612903225806,0.864173947749396,0.6144981980323792,1.0073210000991821,3.277080774307251,,,,,1.8422535211267606,5000000,0.2109624456315518,299,,
299,1,5411081,5322990.0,5411081.0,0.9837202584843953,830683,4.3823204477037925e-07,0.000991658038309197,0.5670322580645162,0.8500795018605759,0.6171380281448364,1.0011242628097534,3.339923620223999,0,0,1,0,1.819718309859155,5000000,0.2109624456315518,300,2738062,2406400
300,0,,5366010.0,5366010.0,,,4.3275657047816065e-07,0.0009826251008952494,0.42643548387096775,0.7584760801418297,0.6107509136199951,1.0079900026321411,3.3713881969451904,,,,,1.8450704225352113,5000000,0.2109624456315518,301,,
301,0,,5501161.0,5501161.0,,,4.3067056164957554e-07,0.0009736134512900265,0.5809354838709677,0.85383868243227,0.6155269145965576,1.0014146566390991,3.301774263381958,,,,,1.8507042253521127,5000000,0.2109624456315518,302,,
302,0,,5333097.0,5333097.0,,,4.4363140441654393e-07,0.0009646234599271484,0.4921129032258065,0.834475782271441,0.6128566265106201,1.0127804279327393,3.4241652488708496,,,,,1.7971830985915493,5000000,0.2109624456315518,303,,
303,0,,5382244.0,5382244.0,,,4.3146729634208206e-07,0.0009556554963499473,0.25229032258064515,0.7284481778427915,0.6134534478187561,1.0087379217147827,3.3284568786621094,,,,,1.8112676056338028,5000000,0.2109624456315518,304,,
304,0,,5558436.0,5558436.0,,,4.3705032920502987e-07,0.0009467099291962813,0.5610483870967742,0.8462330567362972,0.613168478012085,1.0110564231872559,3.367043972015381,,,,,1.8647887323943662,5000000,0.2109624456315518,305,,
305,0,,5253289.0,5253289.0,,,4.537533132490328e-07,0.0009377871261833787,0.554,0.8513040365874825,0.6153100728988647,1.0040760040283203,3.463489532470703,,,,,1.8,5000000,0.2109624456315518,306,,
306,0,,5267534.0,5267534.0,,,4.299040707848461e-07,0.0009288874540927228,0.5622903225806452,0.8506507761104081,0.6147383451461792,1.01109778881073,3.3360190391540527,,,,,1.7802816901408451,5000000,0.2109624456315518,307,,
307,0,,5400782.0,5400782.0,,,4.3219474175047304e-07,0.0009200112787549767,0.39195161290322583,0.7998464318379173,0.6197634339332581,0.9983600378036499,3.3205320835113525,,,,,1.8422535211267606,5000000,0.2109624456315518,308,,
308,0,,5515359.0,5515359.0,,,4.448392614017043e-07,0.0009111589650349416,0.5978548387096774,0.8577347892219294,0.6154354810714722,1.0068508386611938,3.41182017326355,,,,,1.8169014084507042,5000000,0.2109624456315518,309,,
309,1,5427332,5314697.0,5427332.0,0.9792467090644169,846934,4.5651015089003603e-07,0.0009023308768165631,0.5680806451612903,0.8568235735135687,0.612478494644165,1.0119808912277222,3.4771580696105957,0,0,1,0,1.8394366197183099,5000000,0.2109624456315518,310,2738062,2404352
310,0,,5292132.0,5292132.0,,,4.510699137908814e-07,0.0008935273769879704,0.5784193548387097,0.8512626122362347,0.616618275642395,1.0015228986740112,3.4310665130615234,,,,,1.7802816901408451,5000000,0.2109624456315518,311,,
311,0,,5163059.0,5163059.0,,,4.4108386668721326e-07,0.0008847488274265612,0.5677258064516129,0.8566653416135477,0.6208906769752502,0.9938866496086121,3.362638473510742,,,,,1.8084507042253521,5000000,0.2109624456315518,312,,
312,0,,5550121.0,5550121.0,,,4.310170469232598e-07,0.0008759955889841236,0.5146290322580646,0.835667267788768,0.6157455444335938,1.0058479309082031,3.32108211517334,,,,,1.856338028169014,5000000,0.2109624456315518,313,,
313,0,,5279844.0,5279844.0,,,4.657538278920471e-07,0.0008672680214720062,0.4789193548387097,0.8212331129121047,0.6113656163215637,1.0195833444595337,3.565810203552246,,,,,1.8084507042253521,5000000,0.2109624456315518,314,,
314,0,,5552159.0,5552159.0,,,4.442808834041836e-07,0.0008585664836463262,0.5422258064516129,0.8342475101575386,0.6174588203430176,1.0026929378509521,3.3918893337249756,,,,,1.8,5000000,0.2109624456315518,315,,
315,0,,5488703.0,5488703.0,,,4.6964859245251084e-07,0.0008498913331932217,0.5059516129032258,0.8294586067380634,0.61844801902771,0.9973408579826355,3.5005128383636475,,,,,1.8084507042253521,5000000,0.2109624456315518,316,,
316,0,,5220430.0,5220430.0,,,4.6645080609741595e-07,0.0008412429267141499,0.5265645161290322,0.8406823863619532,0.6128154397010803,1.0089410543441772,3.5032029151916504,,,,,1.7943661971830986,5000000,0.2109624456315518,317,,
317,0,,5376083.0,5376083.0,,,4.4460998013716003e-07,0.0008326216197112275,0.48120967741935483,0.8229048922369865,0.6157957315444946,1.001935601234436,3.401461601257324,,,,,1.819718309859155,5000000,0.2109624456315518,318,,
318,0,,5185577.0,5185577.0,,,4.5952981402845014e-07,0.0008240277665726181,0.5391774193548388,0.8437129059847402,0.6204856634140015,0.9968135356903076,3.473377227783203,,,,,1.8028169014084507,5000000,0.2109624456315518,319,,
319,1,5468297,5380238.0,5468297.0,0.9838964489309926,887899,4.440543920508062e-07,0.0008154617205579644,0.576,0.8556628077307759,0.6205215454101562,0.9999294877052307,3.410245656967163,0,0,1,0,1.8676056338028169,5000000,0.2109624456315518,320,2738062,2451456
320,0,,5302271.0,5302271.0,,,4.7036530663746923e-07,0.0008069238337838679,0.5397580645161291,0.8525583493657181,0.6198620200157166,0.9996441602706909,3.526475667953491,,,,,1.819718309859155,5000000,0.2109624456315518,321,,
321,0,,5302308.0,5302308.0,,,4.574247966308129e-07,0.0007984144572094117,0.5424516129032259,0.8331492796489804,0.615543007850647,1.000270128250122,3.456357002258301,,,,,1.8084507042253521,5000000,0.2109624456315518,322,,
322,0,,5408900.0,5408900.0,,,4.587726101680404e-07,0.0007899339406217385,0.5436451612903226,0.8502634668481843,0.6186129450798035,0.9990413784980774,3.495331048965454,,,,,1.8422535211267606,5000000,0.2109624456315518,323,,
323,0,,5578847.0,5578847.0,,,4.698383144922211e-07,0.0007814826326216698,0.5435161290322581,0.8454076323908055,0.619494616985321,0.9984472990036011,3.5433008670806885,,,,,1.8169014084507042,5000000,0.2109624456315518,324,,
324,0,,5380191.0,5380191.0,,,4.872621205950581e-07,0.0007730608806093752,0.48024193548387095,0.8350402394795156,0.6219139695167542,0.9993813037872314,3.621284008026123,,,,,1.7971830985915493,5000000,0.2109624456315518,325,,
325,0,,5388351.0,5388351.0,,,4.716363590562962e-07,0.0007646690307700957,0.5447741935483871,0.846807951722605,0.6158996820449829,1.0063893795013428,3.5541388988494873,,,,,1.8,5000000,0.2109624456315518,326,,
326,0,,5343322.0,5343322.0,,,4.741216162511665e-07,0.0007563074280599075,0.49288709677419357,0.8275265589847022,0.6171613335609436,1.000663161277771,3.5392868518829346,,,,,1.791549295774648,5000000,0.2109624456315518,327,,
327,0,,5417023.0,5417023.0,,,4.7172326048970004e-07,0.0007479764161915489,0.4883064516129032,0.8128577198550417,0.6180340647697449,1.0014463663101196,3.5261011123657227,,,,,1.8140845070422535,5000000,0.2109624456315518,328,,
328,0,,5363755.0,5363755.0,,,4.801491434942602e-07,0.0007396763376202874,0.5124032258064516,0.8420275523743804,0.6194534301757812,0.9989930987358093,3.559656858444214,,,,,1.7971830985915493,5000000,0.2109624456315518,329,,
329,1,5341210,5333013.0,5341210.0,0.9984653290172077,760812,4.770999353681966e-07,0.0007314075335298439,0.5262258064516129,0.8275582764509096,0.618121862411499,0.9990856051445007,3.536470413208008,0,0,1,0,1.771830985915493,5000000,0.2109624456315518,330,2738062,2336768
330,0,,5240779.0,5240779.0,,,4.766653259755044e-07,0.0007231703438183677,0.49743548387096775,0.8364661224389629,0.6158459186553955,1.0047215223312378,3.5731263160705566,,,,,1.7859154929577465,5000000,0.2109624456315518,331,,
331,0,,5431216.0,5431216.0,,,4.6880371664714704e-07,0.0007149651070844652,0.49509677419354836,0.8267249711274577,0.6189820766448975,1.003740906715393,3.500020742416382,,,,,1.7830985915492958,5000000,0.2109624456315518,332,,
332,0,,5193678.0,5193678.0,,,4.878526051706943e-07,0.0007067921606132807,0.48993548387096775,0.8265816266341387,0.6186147332191467,0.9984674453735352,3.589001178741455,,,,,1.763380281690141,5000000,0.2109624456315518,333,,
333,0,,5314522.0,5314522.0,,,4.674033543181418e-07,0.0006986518403626325,0.39711290322580645,0.8181951482525062,0.6178423166275024,0.9993156790733337,3.458801746368408,,,,,1.7605633802816902,5000000,0.2109624456315518,334,,
334,0,,5222394.0,5222394.0,,,4.797397712096171e-07,0.000690544480949203,0.5037903225806452,0.832738465370424,0.6209283471107483,0.9954235553741455,3.566930055618286,,,,,1.7549295774647888,5000000,0.2109624456315518,335,,
335,0,,5345205.0,5345205.0,,,4.724503006894288e-07,0.0006824704156347824,0.37929032258064516,0.7993945124862195,0.6206631064414978,1.0013103485107422,3.509896755218506,,,,,1.7661971830985916,5000000,0.2109624456315518,336,,
336,0,,5398483.0,5398483.0,,,4.85177419193359e-07,0.0006744299763125724,0.3727741935483871,0.8029007840892148,0.6150573492050171,1.0098704099655151,3.6000685691833496,,,,,1.8,5000000,0.2109624456315518,337,,
337,0,,5259236.0,5259236.0,,,4.918957144059218e-07,0.0006664234934935411,0.3848548387096774,0.787218860277955,0.6193476915359497,1.0046316385269165,3.637552261352539,,,,,1.7746478873239437,5000000,0.2109624456315518,338,,
338,0,,5312479.0,5312479.0,,,4.804205687352172e-07,0.000658451296292838,0.5547903225806452,0.8540483136873835,0.6221809983253479,0.9992732405662537,3.5746445655822754,,,,,1.7802816901408451,5000000,0.2109624456315518,339,,
339,1,5349328,5414864.0,5349328.0,1.012251258475831,768930,4.867573531842077e-07,0.0006505137124162658,0.47669354838709677,0.8442532069434515,0.6236505508422852,0.9970386624336243,3.591533660888672,0,0,1,0,1.8,5000000,0.2109624456315518,340,2738062,2328576
340,0,,5369828.0,5369828.0,,,4.91791460925069e-07,0.000642611068146807,0.4339193548387097,0.8134982098629084,0.6208835244178772,0.9975408911705017,3.615522623062134,,,,,1.8112676056338028,5000000,0.2109624456315518,341,,
341,0,,5367758.0,5367758.0,,,4.954406644150546e-07,0.0006347436883312156,0.3643064516129032,0.8099406118021154,0.6156953573226929,1.000266432762146,3.672093152999878,,,,,1.8,5000000,0.2109624456315518,342,,
342,0,,5251012.0,5251012.0,,,4.970102533543016e-07,0.0006269118963666611,0.43870967741935485,0.8195403699789722,0.6156899929046631,1.0057957172393799,3.6708719730377197,,,,,1.7605633802816902,5000000,0.2109624456315518,343,,
343,0,,5423066.0,5423066.0,,,4.873927688923589e-07,0.0006191160141874367,0.5095645161290323,0.8396283308759612,0.6251720786094666,0.9930159449577332,3.579383373260498,,,,,1.7830985915492958,5000000,0.2109624456315518,344,,
344,0,,5216245.0,5216245.0,,,5.054110176214044e-07,0.0006113563622517239,0.39048387096774195,0.804555392929951,0.6171631217002869,1.0071624517440796,3.7296509742736816,,,,,1.791549295774648,5000000,0.2109624456315518,345,,
345,0,,5253050.0,5253050.0,,,4.871662520614109e-07,0.0006036332595284217,0.5060645161290322,0.8384674391786813,0.6155842542648315,1.0045888423919678,3.5566048622131348,,,,,1.7830985915492958,5000000,0.2109624456315518,346,,
346,0,,5468142.0,5468142.0,,,4.918161944323409e-07,0.0005959470234840334,0.36285483870967744,0.7806046186654955,0.6190430521965027,0.9944331645965576,3.603334903717041,,,,,1.8084507042253521,5000000,0.2109624456315518,347,,
347,0,,5226527.0,5226527.0,,,5.142503115724044e-07,0.000588297970069618,0.5045322580645162,0.8320566448425083,0.6212831735610962,0.9990843534469604,3.759150981903076,,,,,1.7746478873239437,5000000,0.2109624456315518,348,,
348,0,,5578810.0,5578810.0,,,4.926178420281268e-07,0.0005806864137078026,0.3906612903225806,0.7933113960907023,0.6166146993637085,1.0034207105636597,3.659635543823242,,,,,1.8112676056338028,5000000,0.2109624456315518,349,,
349,1,5304270,5341166.0,5304270.0,1.006955905336644,723872,5.287094685329142e-07,0.0005731126672798556,0.4173387096774194,0.8260653569767002,0.6194910407066345,1.0014541149139404,3.8219544887542725,0,0,1,0,1.7661971830985916,5000000,0.2109624456315518,350,2738062,2310144
350,0,,5242874.0,5242874.0,,,5.041780345932973e-07,0.0005655770421128291,0.3304354838709677,0.7978185886116329,0.6138817667961121,1.0113695859909058,3.7006876468658447,,,,,1.7436619718309858,5000000,0.2109624456315518,351,,
351,0,,5267460.0,5267460.0,,,4.995255305882193e-07,0.0005580798479667586,0.4429516129032258,0.8283492536285101,0.6146594882011414,1.0065383911132812,3.6846375465393066,,,,,1.7859154929577465,5000000,0.2109624456315518,352,,
352,0,,5519332.0,5519332.0,,,5.031773431164772e-07,0.0005506213930219316,0.44020967741935485,0.8101114694625977,0.6189767122268677,1.0025646686553955,3.7129886150360107,,,,,1.7943661971830986,5000000,0.2109624456315518,353,,
353,0,,5150687.0,5150687.0,,,5.298490690499596e-07,0.0005432019838662167,0.4985,0.8541178474602191,0.6144337058067322,1.005666971206665,3.792128324508667,,,,,1.763380281690141,5000000,0.2109624456315518,354,,
354,0,,5306345.0,5306345.0,,,4.951942280696211e-07,0.0005358219254824653,0.5892903225806452,0.8518215174240156,0.6146183013916016,1.0066465139389038,3.6419310569763184,,,,,1.7859154929577465,5000000,0.2109624456315518,355,,
355,0,,5185476.0,5185476.0,,,5.116785030780887e-07,0.0005284815212359716,0.43240322580645163,0.8039808333890519,0.6141613125801086,1.008865475654602,3.7534215450286865,,,,,1.7887323943661972,5000000,0.2109624456315518,356,,
356,0,,5281791.0,5281791.0,,,5.009348521327684e-07,0.0005211810728620034,0.24745161290322581,0.7736773811560879,0.6199426651000977,0.99972003698349,3.6980531215667725,,,,,1.7830985915492958,5000000,0.2109624456315518,357,,
357,0,,5246958.0,5246958.0,,,5.116398848048057e-07,0.000513920880453401,0.355258064516129,0.7378207424121654,0.6189624071121216,1.0010868310928345,3.7029497623443604,,,,,1.8028169014084507,5000000,0.2109624456315518,358,,
358,0,,5521407.0,5521407.0,,,5.094923263022109e-07,0.0005067012424482368,0.3416774193548387,0.7873639050600223,0.6182311773300171,0.9996516704559326,3.7148590087890625,,,,,1.8140845070422535,5000000,0.2109624456315518,359,,
359,1,5273572,5269476.0,5273572.0,0.9992232968469947,693174,5.388077189744416e-07,0.0004995224556175516,0.48079032258064514,0.8295210667879713,0.6226863861083984,0.9910908937454224,3.86102557182312,0,0,1,0,1.7746478873239437,5000000,0.2109624456315518,360,2738062,2275328
360,0,,5294089.0,5294089.0,,,5.159952109503278e-07,0.0004923848150531553,0.23658064516129032,0.7531947813328503,0.6182795763015747,1.004703402519226,3.7795803546905518,,,,,1.7802816901408451,5000000,0.2109624456315518,361,,
361,0,,5376031.0,5376031.0,,,5.19485094338715e-07,0.00048528861415549567,0.414758064516129,0.8421586025908369,0.6194749474525452,0.9962508082389832,3.770494222640991,,,,,1.8,5000000,0.2109624456315518,362,,
362,0,,5451780.0,5451780.0,,,5.294417741110228e-07,0.00047823414462159645,0.5000645161290322,0.8260271009604973,0.6148207783699036,1.0061097145080566,3.826585292816162,,,,,1.7943661971830986,5000000,0.2109624456315518,363,,
363,0,,5175280.0,5175280.0,,,5.392289230285945e-07,0.0004712216964330704,0.4724516129032258,0.8129620349849844,0.6179032325744629,1.004196286201477,3.8835127353668213,,,,,1.7295774647887323,5000000,0.2109624456315518,364,,
364,0,,5218271.0,5218271.0,,,5.127632606697064e-07,0.00046425155784419645,0.530483870967742,0.836341623701751,0.618587851524353,1.001710057258606,3.716381549835205,,,,,1.763380281690141,5000000,0.2109624456315518,365,,
365,0,,5265333.0,5265333.0,,,5.181285336364275e-07,0.0004573240153700722,0.4370806451612903,0.8092058518851454,0.6217885613441467,0.9985957741737366,3.7678096294403076,,,,,1.7549295774647888,5000000,0.2109624456315518,366,,
366,0,,5271551.0,5271551.0,,,5.241547369957586e-07,0.00045043935377483567,0.4345806451612903,0.8177244540430687,0.6127957105636597,1.0122185945510864,3.8113725185394287,,,,,1.7746478873239437,5000000,0.2109624456315518,367,,
367,0,,5257247.0,5257247.0,,,5.261632423454498e-07,0.0004435978560599585,0.32983870967741935,0.8002482486971058,0.6203566193580627,0.9964301586151123,3.8481879234313965,,,,,1.8084507042253521,5000000,0.2109624456315518,368,,
368,0,,5533754.0,5533754.0,,,5.260534744223466e-07,0.00043679980345261583,0.3423548387096774,0.7972167423238338,0.6169301271438599,1.0035470724105835,3.794144868850708,,,,,1.8112676056338028,5000000,0.2109624456315518,369,,
369,1,5208095,5152799.0,5208095.0,0.9893826821515352,627697,5.56536756493533e-07,0.00043004547539412505,0.31870967741935485,0.7932416466403521,0.619682788848877,1.003188133239746,3.9401845932006836,0,0,1,0,1.7887323943661972,5000000,0.2109624456315518,370,2738062,2197504
370,0,,5275679.0,5275679.0,,,5.248537999996123e-07,0.00042333514952845765,0.3883548387096774,0.8062654426429218,0.6173548698425293,1.0058825016021729,3.800092935562134,,,,,1.8,5000000,0.2109624456315518,371,,
371,0,,5486633.0,5486633.0,,,5.330933060606472e-07,0.00041666910169082654,0.2555322580645161,0.7710329341498826,0.6170770525932312,1.0036906003952026,3.818887233734131,,,,,1.7971830985915493,5000000,0.2109624456315518,372,,
372,0,,5199930.0,5199930.0,,,5.569902242410526e-07,0.0004100476058963496,0.37625806451612903,0.8247610634603083,0.6216146945953369,0.9960748553276062,3.9246389865875244,,,,,1.7577464788732395,5000000,0.2109624456315518,373,,
373,0,,5322751.0,5322751.0,,,5.289206629542808e-07,0.0004034709343287844,0.4089516129032258,0.8134731579825756,0.6204085946083069,1.001052975654602,3.777040958404541,,,,,1.7661971830985916,5000000,0.2109624456315518,374,,
374,0,,5552196.0,5552196.0,,,5.431096179464285e-07,0.0003969393573293399,0.44551612903225807,0.8257180092780054,0.6213781237602234,1.00070059299469,3.858600378036499,,,,,1.7830985915492958,5000000,0.2109624456315518,375,,
375,0,,5185530.0,5185530.0,,,5.694962539507328e-07,0.00039045314338556457,0.2525806451612903,0.7592541996393553,0.6051093339920044,1.0228043794631958,4.086033344268799,,,,,1.7661971830985916,5000000,0.2109624456315518,376,,
376,0,,5230655.0,5230655.0,,,5.32856651463817e-07,0.0003840125591203082,0.3309032258064516,0.8119001320175114,0.6202258467674255,1.0055887699127197,3.868271589279175,,,,,1.7408450704225351,5000000,0.2109624456315518,377,,
377,0,,5445589.0,5445589.0,,,5.387070012045433e-07,0.00037761786928076414,0.30762903225806454,0.7887700299398295,0.6147186756134033,1.0105482339859009,3.860687732696533,,,,,1.7492957746478872,5000000,0.2109624456315518,378,,
378,0,,5253050.0,5253050.0,,,5.632421490465814e-07,0.0003712693367275855,0.348258064516129,0.7968277611176429,0.6184283494949341,1.0058002471923828,4.036862373352051,,,,,1.7521126760563381,5000000,0.2109624456315518,379,,
379,1,5300206,5300206.0,5300206.0,1.0,719808,5.446705546842674e-07,0.0003649672224240804,0.43793548387096776,0.8204529672817669,0.6199910640716553,0.9989787340164185,3.892764091491699,0,0,1,0,1.7661971830985916,5000000,0.2109624456315518,380,2738062,2297856
380,0,,5267492.0,5267492.0,,,5.511645157488848e-07,0.00035871178542548295,0.27219354838709675,0.8019773241193423,0.6168906688690186,1.01070237159729,3.9425342082977295,,,,,1.7774647887323944,5000000,0.2109624456315518,381,,
381,0,,5513257.0,5513257.0,,,5.491918440929966e-07,0.00035250328286830847,0.3179677419354839,0.823912305928833,0.6187724471092224,1.0046850442886353,3.9072141647338867,,,,,1.8028169014084507,5000000,0.2109624456315518,382,,
382,0,,5144676.0,5144676.0,,,5.776308016305722e-07,0.00034634196995977966,0.44817741935483874,0.8242212916954955,0.6185806393623352,1.0013575553894043,4.063117980957031,,,,,1.7746478873239437,5000000,0.2109624456315518,383,,
383,0,,5308447.0,5308447.0,,,5.397834146219527e-07,0.00034022809996733794,0.3432903225806452,0.7961868352042767,0.6237670183181763,0.9906717538833618,3.855069637298584,,,,,1.7802816901408451,5000000,0.2109624456315518,384,,
384,0,,5505087.0,5505087.0,,,5.586359325977153e-07,0.00033416192420823287,0.4125645161290323,0.799303038637866,0.6231236457824707,0.9938203692436218,3.956923484802246,,,,,1.791549295774648,5000000,0.2109624456315518,385,,
385,0,,5288004.0,5288004.0,,,5.821236947668834e-07,0.00032814369203918933,0.4644354838709677,0.8290747409987291,0.6125752925872803,1.0099570751190186,4.097940921783447,,,,,1.8112676056338028,5000000,0.2109624456315518,386,,
386,0,,5193769.0,5193769.0,,,5.607366644885391e-07,0.00032217365084616064,0.3343709677419355,0.771554221033952,0.6167742013931274,1.0054043531417847,3.981187343597412,,,,,1.771830985915493,5000000,0.2109624456315518,387,,
387,0,,5255231.0,5255231.0,,,5.51792051335092e-07,0.00031625204603415684,0.48016129032258065,0.8341907177892806,0.6146702766418457,1.0073573589324951,3.930781841278076,,,,,1.763380281690141,5000000,0.2109624456315518,388,,
388,0,,5193754.0,5193754.0,,,5.597134088379559e-07,0.0003103791210171591,0.4642903225806452,0.8369796157688347,0.6145179271697998,1.0108239650726318,3.9711806774139404,,,,,1.7549295774647888,5000000,0.2109624456315518,389,,
389,1,5410847,5443625.0,5410847.0,1.006057831611206,830449,5.542182781034971e-07,0.0003045551172081112,0.471758064516129,0.8351322186209835,0.6206738352775574,1.001075029373169,3.9655673503875732,0,0,1,0,1.7690140845070423,5000000,0.2109624456315518,390,2738062,2412544
390,0,,5228607.0,5228607.0,,,5.796682123568412e-07,0.00029878027400899926,0.3789193548387097,0.8016151396049574,0.6120806336402893,1.0113729238510132,4.139511585235596,,,,,1.7605633802816902,5000000,0.2109624456315518,391,,
391,0,,5365833.0,5365833.0,,,5.613982200618815e-07,0.0002930548288010085,0.44587096774193546,0.8271688703912684,0.6169695258140564,1.0015735626220703,3.9738893508911133,,,,,1.791549295774648,5000000,0.2109624456315518,392,,
392,0,,5187642.0,5187642.0,,,5.78169983352325e-07,0.00028737901693476646,0.3780806451612903,0.7938730179661644,0.6133960485458374,1.0109726190567017,4.038724422454834,,,,,1.7183098591549295,5000000,0.2109624456315518,393,,
393,0,,5431386.0,5431386.0,,,5.60000463064188e-07,0.0002817530717206684,0.3550483870967742,0.8006415168108003,0.6157025098800659,0.9993425607681274,3.942906141281128,,,,,1.8,5000000,0.2109624456315518,394,,
394,0,,5058633.0,5058633.0,,,5.887434522501445e-07,0.00027617722441928655,0.38803225806451613,0.7998920864019958,0.6165035963058472,1.0067864656448364,4.112176895141602,,,,,1.723943661971831,5000000,0.2109624456315518,395,,
395,0,,5339194.0,5339194.0,,,5.48658046507639e-07,0.0002706517042318645,0.39514516129032257,0.8075638692735321,0.6126881837844849,1.0110841989517212,3.929593801498413,,,,,1.7661971830985916,5000000,0.2109624456315518,396,,
396,0,,5455898.0,5455898.0,,,5.809912157435782e-07,0.0002651767382908954,0.37666129032258067,0.8020628624733858,0.620591402053833,1.0020904541015625,4.035853862762451,,,,,1.7549295774647888,5000000,0.2109624456315518,397,,
397,0,,5423167.0,5423167.0,,,5.962864207063093e-07,0.0002597525516507851,0.3948709677419355,0.8178352124325758,0.6129552125930786,1.0116548538208008,4.182591438293457,,,,,1.7605633802816902,5000000,0.2109624456315518,398,,
398,0,,5046244.0,5046244.0,,,5.951217238754924e-07,0.00025437936727860065,0.27141935483870966,0.7417803000152619,0.6181075572967529,1.0068851709365845,4.143802642822266,,,,,1.723943661971831,5000000,0.2109624456315518,399,,
399,1,5261301,5265365.0,5261301.0,1.000772432521918,680903,5.540143113562259e-07,0.0002490574060449067,0.48238709677419356,0.8251174472619496,0.6090591549873352,1.0151827335357666,3.948026657104492,0,0,1,0,1.7492957746478872,5000000,0.2109624456315518,400,2738062,2263040
400,0,,5222394.0,5222394.0,,,5.790979710969455e-07,0.000243786886714685,0.44783870967741934,0.8092834442201269,0.6151953339576721,1.0072522163391113,4.0972819328308105,,,,,1.7577464788732395,5000000,0.2109624456315518,401,,
401,0,,5242879.0,5242879.0,,,5.760676800104578e-07,0.00023856802593834174,0.42261290322580647,0.8078952416495614,0.6167508959770203,1.0073392391204834,4.045570373535156,,,,,1.7436619718309858,5000000,0.2109624456315518,402,,
402,0,,5269513.0,5269513.0,,,5.797005368457732e-07,0.00023340103824280307,0.3336290322580645,0.7974746206228472,0.6143369078636169,1.0071991682052612,4.0824713706970215,,,,,1.7408450704225351,5000000,0.2109624456315518,403,,
403,0,,5345328.0,5345328.0,,,5.841768893579591e-07,0.00022828613602269472,0.2841451612903226,0.7896905290503466,0.6128745675086975,1.007276177406311,4.08488655090332,,,,,1.771830985915493,5000000,0.2109624456315518,404,,
404,0,,5269525.0,5269525.0,,,5.94563807130279e-07,0.00022322352953161345,0.3941774193548387,0.7883975750020765,0.6106846332550049,1.0153307914733887,4.125901222229004,,,,,1.7464788732394365,5000000,0.2109624456315518,405,,
405,0,,5144629.0,5144629.0,,,5.876728834355506e-07,0.00021821342687348353,0.39641935483870966,0.8063288014535905,0.6158835291862488,1.0067386627197266,4.070775508880615,,,,,1.7267605633802816,5000000,0.2109624456315518,406,,
406,0,,5322798.0,5322798.0,,,5.745627242128499e-07,0.00021325603399400178,0.46508064516129033,0.8181147339447016,0.6128261685371399,1.0078120231628418,4.057529449462891,,,,,1.7577464788732395,5000000,0.2109624456315518,407,,
407,0,,5300277.0,5300277.0,,,5.9632342458829e-07,0.00020835155467217281,0.30859677419354836,0.7588453504572276,0.6146649122238159,1.0065120458602905,4.154839992523193,,,,,1.7577464788732395,5000000,0.2109624456315518,408,,
408,0,,5423108.0,5423108.0,,,5.95534436814972e-07,0.00020350019051193206,0.40180645161290324,0.8077469360417124,0.6172562837600708,1.000732660293579,4.178224086761475,,,,,1.7830985915492958,5000000,0.2109624456315518,409,,
409,1,5173284,5093407.0,5173284.0,0.9845597110075535,592886,6.118155043248449e-07,0.00019870214093385834,0.3337096774193548,0.7691461505543995,0.6188243627548218,1.0032942295074463,4.22235631942749,0,0,1,0,1.7436619718309858,5000000,0.2109624456315518,410,2738062,2179072
410,0,,5304410.0,5304410.0,,,5.846263174504525e-07,0.00019395760316697757,0.3226612903225806,0.7893057189801568,0.6153261661529541,1.0073214769363403,4.095215320587158,,,,,1.7549295774647888,5000000,0.2109624456315518,411,,
411,0,,5195893.0,5195893.0,,,6.01218699793052e-07,0.00018926677224065424,0.35816129032258065,0.7764429847283163,0.6134408712387085,1.0134748220443726,4.142359256744385,,,,,1.771830985915493,5000000,0.2109624456315518,412,,
412,0,,5003376.0,5003376.0,,,5.900517512076036e-07,0.00018462984097657455,0.4063548387096774,0.7935909485069912,0.6200053691864014,1.004167079925537,4.070789337158203,,,,,1.712676056338028,5000000,0.2109624456315518,413,,
413,0,,5466202.0,5466202.0,,,5.682084690321039e-07,0.00018004699998082135,0.45403225806451614,0.8132179008619029,0.6140018105506897,1.009992241859436,4.035497188568115,,,,,1.771830985915493,5000000,0.2109624456315518,414,,
414,0,,5169242.0,5169242.0,,,6.235424453806926e-07,0.00017551843763603843,0.4090967741935484,0.8146657931903485,0.6114426851272583,1.0155375003814697,4.32235860824585,,,,,1.7521126760563381,5000000,0.2109624456315518,415,,
415,0,,5433439.0,5433439.0,,,5.906497879846892e-07,0.00017104434009368634,0.38543548387096777,0.8173661151596499,0.6168082356452942,1.008094072341919,4.129209995269775,,,,,1.7830985915492958,5000000,0.2109624456315518,416,,
416,0,,5204031.0,5204031.0,,,6.234235780269802e-07,0.00016662489126639167,0.39114516129032256,0.8193589602505007,0.6206236481666565,1.0019166469573975,4.275559902191162,,,,,1.7436619718309858,5000000,0.2109624456315518,417,,
417,0,,5371989.0,5371989.0,,,5.982969600016502e-07,0.00016226027282038527,0.40246774193548385,0.8183672417703096,0.6215268969535828,0.9996582865715027,4.117273330688477,,,,,1.7464788732394365,5000000,0.2109624456315518,418,,
418,0,,5050436.0,5050436.0,,,6.198267160094011e-07,0.00015795066416803683,0.4105967741935484,0.8224146842117973,0.6180376410484314,1.0003491640090942,4.264411926269531,,,,,1.7521126760563381,5000000,0.2109624456315518,419,,
419,1,5185621,5230677.0,5185621.0,1.008688641148283,605223,5.830180387038296e-07,0.00015369624246047814,0.39295161290322583,0.8109873963913025,0.6193602085113525,1.0019612312316895,4.07819128036499,0,0,1,0,1.7746478873239437,5000000,0.2109624456315518,420,2738062,2181120
420,0,,5150815.0,5150815.0,,,5.997157173121279e-07,0.00014949718258032264,0.3979677419354839,0.812710325850618,0.617781400680542,1.0036017894744873,4.1658501625061035,,,,,1.732394366197183,5000000,0.2109624456315518,421,,
421,0,,5447765.0,5447765.0,,,5.965761782325777e-07,0.0001453536571344749,0.3616774193548387,0.8144086374910471,0.6186559200286865,0.9957640171051025,4.123012542724609,,,,,1.7746478873239437,5000000,0.2109624456315518,422,,
422,0,,5238869.0,5238869.0,,,6.336810780013297e-07,0.00014126583644703738,0.29566129032258065,0.7320237103965729,0.6170161366462708,1.00320565700531,4.316276550292969,,,,,1.7408450704225351,5000000,0.2109624456315518,423,,
423,0,,5238864.0,5238864.0,,,6.108059929863208e-07,0.0001372338885523074,0.36238709677419356,0.798506090704312,0.6169910430908203,1.0015089511871338,4.180376052856445,,,,,1.7464788732394365,5000000,0.2109624456315518,424,,
424,0,,5269589.0,5269589.0,,,6.122322898131778e-07,0.00013325797918787083,0.3169516129032258,0.8100515001684642,0.6167957186698914,1.0038820505142212,4.208764553070068,,,,,1.7464788732394365,5000000,0.2109624456315518,425,,
425,0,,5322864.0,5322864.0,,,6.174420277447611e-07,0.00012933827178778932,0.3309677419354839,0.809622871555679,0.6186918020248413,1.0060763359069824,4.2324957847595215,,,,,1.7211267605633802,5000000,0.2109624456315518,426,,
426,0,,5152853.0,5152853.0,,,6.256386668598231e-07,0.00012547492747588118,0.38993548387096777,0.8181232499803617,0.6140197515487671,1.0101933479309082,4.300379276275635,,,,,1.7380281690140844,5000000,0.2109624456315518,427,,
427,0,,5224533.0,5224533.0,,,6.065684992817611e-07,0.00012166810505909986,0.3435,0.8026107007230079,0.6157437562942505,1.0081456899642944,4.185824394226074,,,,,1.732394366197183,5000000,0.2109624456315518,428,,
428,0,,5103706.0,5103706.0,,,6.163585852674418e-07,0.00011791796102100429,0.3207258064516129,0.800192384772239,0.612906813621521,1.0079541206359863,4.204036235809326,,,,,1.7154929577464788,5000000,0.2109624456315518,429,,
429,1,5197909,5193813.0,5197909.0,0.9992119908216939,617511,6.027224996688066e-07,0.00011422464951532792,0.4040483870967742,0.8123178897575837,0.6110161542892456,1.016234278678894,4.197772979736328,0,0,1,0,1.7352112676056337,5000000,0.2109624456315518,430,2738062,2211840
430,0,,5183541.0,5183541.0,,,6.1503999851274e-07,0.00011058832235964055,0.2994193548387097,0.7809954911560852,0.6154623627662659,1.0055956840515137,4.225512504577637,,,,,1.723943661971831,5000000,0.2109624456315518,431,,
431,0,,5003280.0,5003280.0,,,6.144464696109473e-07,0.00010700912902910938,0.4601774193548387,0.8236060201709201,0.6192759871482849,0.9996627569198608,4.198420524597168,,,,,1.7098591549295774,5000000,0.2109624456315518,432,,
432,0,,5173279.0,5173279.0,,,5.930981420603766e-07,0.00010348721665035317,0.4361451612903226,0.8310170363332048,0.6145538091659546,1.0086475610733032,4.135832786560059,,,,,1.7577464788732395,5000000,0.2109624456315518,433,,
433,0,,5265483.0,5265483.0,,,6.142956659594965e-07,0.0001000227299953959,0.2031451612903226,0.71152521643421,0.6155716776847839,1.0027145147323608,4.207255840301514,,,,,1.723943661971831,5000000,0.2109624456315518,434,,
434,0,,5195871.0,5195871.0,,,6.26863777994459e-07,9.661581147571405e-05,0.30538709677419357,0.7857760762250457,0.6139336824417114,1.0064438581466675,4.309665679931641,,,,,1.7408450704225351,5000000,0.2109624456315518,435,,
435,0,,5404757.0,5404757.0,,,6.197659876121474e-07,9.326660113638421e-05,0.35904838709677417,0.7891988800603601,0.6154372692108154,1.0043866634368896,4.2798380851745605,,,,,1.7859154929577465,5000000,0.2109624456315518,436,,
436,0,,5081257.0,5081257.0,,,6.471960525279222e-07,8.99752366503256e-05,0.294758064516129,0.7784417834840548,0.6217652559280396,0.9941028356552124,4.360874176025391,,,,,1.7521126760563381,5000000,0.2109624456315518,437,,
437,0,,5023866.0,5023866.0,,,6.089489782299305e-07,8.674185331264037e-05,0.36596774193548387,0.8102894240266163,0.6192294359207153,0.9990233182907104,4.186586380004883,,,,,1.7183098591549295,5000000,0.2109624456315518,438,,
438,0,,5093525.0,5093525.0,,,6.022144804897531e-07,8.356658403505401e-05,0.31998387096774195,0.7934349106376815,0.6275286674499512,0.9896804690361023,4.12309455871582,,,,,1.7070422535211267,5000000,0.2109624456315518,439,,
439,1,5185685,5150869.0,5185685.0,0.9932861328831196,605287,6.1113057342323e-07,8.044955934044905e-05,0.37720967741935485,0.7942700093934418,0.618319034576416,1.0022144317626953,4.168944835662842,0,0,1,0,1.7352112676056337,5000000,0.2109624456315518,440,2738062,2189312
440,0,,5163172.0,5163172.0,,,6.233235101760646e-07,7.739090735750237e-05,0.4026290322580645,0.8047291847338027,0.6206398010253906,0.9955911040306091,4.247678756713867,,,,,1.7154929577464788,5000000,0.2109624456315518,441,,
441,0,,5318719.0,5318719.0,,,6.216147307030765e-07,7.439075381541727e-05,0.3803870967741935,0.8037011207319752,0.6147311925888062,1.0137964487075806,4.298537254333496,,,,,1.7549295774647888,5000000,0.2109624456315518,442,,
442,0,,5111861.0,5111861.0,,,6.423231917853697e-07,7.144922203875487e-05,0.5196612903225807,0.8369791779201684,0.6139247417449951,1.0053582191467285,4.343945503234863,,,,,1.6901408450704225,5000000,0.2109624456315518,443,,
443,0,,5187647.0,5187647.0,,,6.180250017711612e-07,6.856643294236564e-05,0.4117096774193548,0.8059821898645477,0.6137580871582031,1.0059623718261719,4.240019798278809,,,,,1.7070422535211267,5000000,0.2109624456315518,444,,
444,0,,5097557.0,5097557.0,,,6.28343960796706e-07,6.574250502641776e-05,0.38051612903225807,0.782378064309658,0.6167150735855103,1.0052062273025513,4.284487247467041,,,,,1.7070422535211267,5000000,0.2109624456315518,445,,
445,0,,5265503.0,5265503.0,,,6.18028814826164e-07,6.297755437152746e-05,0.4701451612903226,0.8314441822119137,0.6182616949081421,1.0008530616760254,4.2126688957214355,,,,,1.7577464788732395,5000000,0.2109624456315518,446,,
446,0,,5128240.0,5128240.0,,,6.400442360476007e-07,6.027169463398656e-05,0.2855645161290323,0.7811020094986836,0.6107240319252014,1.0124753713607788,4.339841365814209,,,,,1.6985915492957746,5000000,0.2109624456315518,447,,
447,0,,5435477.0,5435477.0,,,6.24149152343054e-07,5.762503704109115e-05,0.28258064516129033,0.7779316463731732,0.6129749417304993,1.0122036933898926,4.222794055938721,,,,,1.7492957746478872,5000000,0.2109624456315518,448,,
448,0,,5042234.0,5042234.0,,,6.643104565508728e-07,5.503769038656806e-05,0.22025806451612903,0.7657944750797068,0.61334228515625,1.0037920475006104,4.461893081665039,,,,,1.6929577464788732,5000000,0.2109624456315518,449,,
449,1,5161018,5163034.0,5161018.0,1.0003906206101199,580620,6.165085050159762e-07,5.250976102610447e-05,0.36311290322580647,0.8001912187186608,0.6120878458023071,1.0063270330429077,4.192187786102295,0,0,1,0,1.7408450704225351,5000000,0.2109624456315518,450,2738062,2166784
450,0,,5236799.0,5236799.0,,,6.320329468563526e-07,5.004135287297534e-05,0.3093548387096774,0.7602991569245197,0.612870991230011,1.0075788497924805,4.296037673950195,,,,,1.7408450704225351,5000000,0.2109624456315518,451,,
451,0,,5255221.0,5255221.0,,,6.427987806397822e-07,4.7632567393771744e-05,0.34474193548387094,0.8050693521261296,0.6134355068206787,1.006832242012024,4.363698482513428,,,,,1.7211267605633802,5000000,0.2109624456315518,452,,
452,0,,5210224.0,5210224.0,,,6.466677049895305e-07,4.5283503604229987e-05,0.4400322580645161,0.8161268589232413,0.6144623756408691,1.0044758319854736,4.386948108673096,,,,,1.7267605633802816,5000000,0.2109624456315518,453,,
453,0,,5404752.0,5404752.0,,,6.424523215599558e-07,4.299425806516198e-05,0.3779516129032258,0.8190444594075691,0.6178512573242188,1.0020793676376343,4.323903560638428,,,,,1.771830985915493,5000000,0.2109624456315518,454,,
454,0,,5126229.0,5126229.0,,,6.690376633660201e-07,4.0764924878485285e-05,0.4149193548387097,0.8253401081944964,0.6172544956207275,1.0002998113632202,4.47089147567749,,,,,1.7183098591549295,5000000,0.2109624456315518,455,,
455,0,,5279861.0,5279861.0,,,6.353517042598551e-07,3.859559568335548e-05,0.444241935483871,0.8362831906249373,0.6185250878334045,1.0004582405090332,4.328569412231445,,,,,1.7521126760563381,5000000,0.2109624456315518,456,,
456,0,,5285968.0,5285968.0,,,6.56177462170693e-07,3.6486359652399445e-05,0.38316129032258067,0.8042720060971057,0.6206182837486267,0.994787871837616,4.409510135650635,,,,,1.7521126760563381,5000000,0.2109624456315518,457,,
457,0,,5130298.0,5130298.0,,,6.587658480218773e-07,3.443730348804885e-05,0.3841612903225806,0.8004401293901093,0.621826171875,0.9914888143539429,4.410082817077637,,,,,1.7070422535211267,5000000,0.2109624456315518,458,,
458,0,,5195834.0,5195834.0,,,6.401883524431077e-07,3.2448511418976834e-05,0.3019193548387097,0.7850152688403111,0.6211756467819214,0.9996270537376404,4.304704189300537,,,,,1.7408450704225351,5000000,0.2109624456315518,459,,
459,1,5197862,5195824.0,5197862.0,0.9996079157161156,617464,6.496129988164307e-07,3.0520065196635965e-05,0.3300967741935484,0.8080863905443694,0.6231899857521057,0.9946087598800659,4.351156711578369,0,0,1,0,1.7295774647887323,5000000,0.2109624456315518,460,2738062,2211840
460,0,,5228602.0,5228602.0,,,6.511288243037525e-07,2.8652044091897372e-05,0.3285161290322581,0.7911767373601788,0.6250806450843811,0.994432270526886,4.367579936981201,,,,,1.7521126760563381,5000000,0.2109624456315518,461,,
461,0,,5167231.0,5167231.0,,,6.564452948961696e-07,2.684452489179225e-05,0.3741451612903226,0.800656943520387,0.6202240586280823,0.9943692088127136,4.460033893585205,,,,,1.7436619718309858,5000000,0.2109624456315518,462,,
462,0,,5380176.0,5380176.0,,,6.498082574018287e-07,2.5097581896354815e-05,0.4454677419354839,0.8162722660846449,0.6212222576141357,0.9944323897361755,4.401449203491211,,,,,1.7295774647887323,5000000,0.2109624456315518,463,,
463,0,,5064816.0,5064816.0,,,6.79070955298205e-07,2.341128691556972e-05,0.346758064516129,0.8102957366958817,0.619727611541748,0.9958826303482056,4.549105167388916,,,,,1.7295774647887323,5000000,0.2109624456315518,464,,
464,0,,5105818.0,5105818.0,,,6.396789043834217e-07,2.1785709266418765e-05,0.4066290322580645,0.7978363625162487,0.6227419376373291,0.9950746297836304,4.303338050842285,,,,,1.723943661971831,5000000,0.2109624456315518,465,,
465,0,,5353621.0,5353621.0,,,6.455330058266615e-07,2.0220915770031963e-05,0.399,0.8147113232570368,0.6197544932365417,0.9958826303482056,4.3570451736450195,,,,,1.7436619718309858,5000000,0.2109624456315518,466,,
466,0,,5052533.0,5052533.0,,,6.791795895453654e-07,1.8716970748941455e-05,0.45638709677419353,0.819623075380786,0.6224319338798523,0.9904183745384216,4.536380290985107,,,,,1.7154929577464788,5000000,0.2109624456315518,467,,
467,0,,5589067.0,5589067.0,,,6.413175426314831e-07,1.7273936024436205e-05,0.23406451612903226,0.7807299521021437,0.6182329654693604,0.9978663921356201,4.339431285858154,,,,,1.7521126760563381,5000000,0.2109624456315518,468,,
468,0,,5210224.0,5210224.0,,,7.133813354090418e-07,1.5891870914021877e-05,0.3914354838709677,0.8201563090429989,0.6172401309013367,1.0025982856750488,4.68115758895874,,,,,1.7211267605633802,5000000,0.2109624456315518,469,,
469,1,5175413,5259381.0,5175413.0,1.0162244056657894,595015,6.663971656248902e-07,1.4570832228981917e-05,0.3940161290322581,0.8060039932613353,0.6176452040672302,0.9953327775001526,4.441614151000977,0,0,1,0,1.7154929577464788,5000000,0.2109624456315518,470,2738062,2177024
470,0,,5298271.0,5298271.0,,,6.630869930013561e-07,1.3310874272042545e-05,0.21467741935483872,0.7323377959703137,0.6226685047149658,0.9897255897521973,4.460029602050781,,,,,1.723943661971831,5000000,0.2109624456315518,471,,
471,0,,5548149.0,5548149.0,,,6.807973755865601e-07,1.2112048835140283e-05,0.40524193548387094,0.8212505327095112,0.619023323059082,0.9957619905471802,4.534876823425293,,,,,1.763380281690141,5000000,0.2109624456315518,472,,
472,0,,5095573.0,5095573.0,,,7.166229727662168e-07,1.0974405197293704e-05,0.4595967741935484,0.8211623758472932,0.6233620047569275,0.9897218942642212,4.6971611976623535,,,,,1.7183098591549295,5000000,0.2109624456315518,473,,
473,0,,5261461.0,5261461.0,,,6.587896829747876e-07,9.897990122576725e-06,0.41235483870967743,0.8271913384035205,0.6213440895080566,0.990868091583252,4.402518272399902,,,,,1.7436619718309858,5000000,0.2109624456315518,474,,
474,0,,5369978.0,5369978.0,,,6.819726134170886e-07,8.88284785819712e-06,0.2807258064516129,0.7780235292370777,0.621964156627655,0.9974135756492615,4.52470588684082,,,,,1.7577464788732395,5000000,0.2109624456315518,475,,
475,0,,5079130.0,5079130.0,,,6.985270212017655e-07,7.929020132677253e-06,0.49583870967741933,0.840847204187574,0.6232025027275085,0.9924487471580505,4.583827495574951,,,,,1.6985915492957746,5000000,0.2109624456315518,476,,
476,0,,4950101.0,4950101.0,,,6.612124146423092e-07,7.0365461541390165e-06,0.3823870967741935,0.8057620171264821,0.6216487884521484,0.9896001815795898,4.433586120605469,,,,,1.7154929577464788,5000000,0.2109624456315518,477,,
477,0,,5175445.0,5175445.0,,,6.440920421127408e-07,6.205462608692161e-06,0.3906612903225806,0.790357305093299,0.6204713582992554,0.9945672154426575,4.3460493087768555,,,,,1.7211267605633802,5000000,0.2109624456315518,478,,
478,0,,5072976.0,5072976.0,,,6.745753315752875e-07,5.4358036589261704e-06,0.21270967741935484,0.7305252686196486,0.6236612796783447,0.9917976260185242,4.4952826499938965,,,,,1.6985915492957746,5000000,0.2109624456315518,479,,
479,1,5234768,5107792.0,5234768.0,0.9757437196834702,654370,6.616985846713612e-07,4.72760094250569e-06,0.37040322580645163,0.8105694801312919,0.6202312111854553,0.9980725049972534,4.431520462036133,0,0,1,0,1.7408450704225351,5000000,0.2109624456315518,480,2738062,2238464
480,0,,5060698.0,5060698.0,,,6.84370386214209e-07,4.080883570870665e-06,0.3858064516129032,0.8106866121821559,0.6193459033966064,1.000633716583252,4.538693904876709,,,,,1.7211267605633802,5000000,0.2109624456315518,481,,
481,0,,5064853.0,5064853.0,,,6.620125337295827e-07,3.495678128039364e-06,0.33498387096774196,0.7953800456543142,0.6246093511581421,0.9909825325012207,4.43354606628418,,,,,1.684507042253521,5000000,0.2109624456315518,482,,
482,0,,4956309.0,4956309.0,,,6.629831301331716e-07,2.972008669515117e-06,0.338741935483871,0.796969212877316,0.6198369264602661,0.9977902173995972,4.402919769287109,,,,,1.7014084507042253,5000000,0.2109624456315518,483,,
483,0,,5232757.0,5232757.0,,,6.484902123795102e-07,2.509896721298773e-06,0.40091935483870966,0.7961527871116376,0.6227706074714661,0.9970617294311523,4.343681812286377,,,,,1.7464788732394365,5000000,0.2109624456315518,484,,
484,0,,5216368.0,5216368.0,,,6.862204347520352e-07,2.1093612790020332e-06,0.4359677419354839,0.8247604234743073,0.6253010630607605,0.9902686476707458,4.502795219421387,,,,,1.7154929577464788,5000000,0.2109624456315518,485,,
485,0,,5124213.0,5124213.0,,,6.855217085568431e-07,1.7704188070685035e-06,0.35811290322580647,0.8098852210100883,0.6234354972839355,0.9870384335517883,4.507088661193848,,,,,1.704225352112676,5000000,0.2109624456315518,486,,
486,0,,5017749.0,5017749.0,,,6.74237684703537e-07,1.4930832380956287e-06,0.4202258064516129,0.825994740774522,0.625763475894928,0.9855079650878906,4.450347423553467,,,,,1.7295774647887323,5000000,0.2109624456315518,487,,
487,0,,4982874.0,4982874.0,,,6.603462686429271e-07,1.2773659722621758e-06,0.33911290322580645,0.7945139430513268,0.6271595358848572,0.9815112352371216,4.372121810913086,,,,,1.7183098591549295,5000000,0.2109624456315518,488,,
488,0,,4894773.0,4894773.0,,,6.556441576551573e-07,1.123275876860264e-06,0.3701774193548387,0.8281090141962306,0.6257598996162415,0.9851725101470947,4.339486122131348,,,,,1.695774647887324,5000000,0.2109624456315518,489,,
489,1,5165168,5163125.0,5165168.0,0.9996044659147583,584770,6.4336728512899e-07,1.0308192859301122e-06,0.22066129032258064,0.767087654594048,0.6264247298240662,0.9863118529319763,4.311033248901367,0,0,1,0,1.7014084507042253,5000000,0.2109624456315518,490,2738062,2172928
490,0,,4976747.0,4976747.0,,,6.800120237978519e-07,1e-06,0.325741935483871,0.8018268454063872,0.6264247298240662,0.9864895939826965,4.521330833435059,,,,,1.7154929577464788,5000000,0.2109624456315518,491,,
491,0,,5185638.0,5185638.0,,,6.550530624773446e-07,1e-06,0.3836935483870968,0.8152224072756505,0.6244570016860962,0.9867026209831238,4.357749938964844,,,,,1.7267605633802816,5000000,0.2109624456315518,492,,
492,0,,5322869.0,5322869.0,,,6.837931152804229e-07,1e-06,0.37670967741935485,0.7974172621573452,0.6285609602928162,0.9843898415565491,4.491139888763428,,,,,1.7154929577464788,5000000,0.2109624456315518,493,,
493,0,,5179504.0,5179504.0,,,7.040882460017101e-07,1e-06,0.39833870967741936,0.809366386791643,0.6171039342880249,1.001014232635498,4.606745719909668,,,,,1.7098591549295774,5000000,0.2109624456315518,494,,
494,0,,5234783.0,5234783.0,,,6.863338163614198e-07,1e-06,0.34733870967741937,0.8004731110717513,0.6243960857391357,0.9949348568916321,4.551401615142822,,,,,1.7211267605633802,5000000,0.2109624456315518,495,,
495,0,,4978773.0,4978773.0,,,6.952521524239381e-07,1e-06,0.39469354838709675,0.8140692847520121,0.6203566193580627,0.9934259653091431,4.588470458984375,,,,,1.7211267605633802,5000000,0.2109624456315518,496,,
496,0,,5118101.0,5118101.0,,,6.611098083137908e-07,1e-06,0.362258064516129,0.827360890052075,0.6229068040847778,0.9933321475982666,4.439235687255859,,,,,1.7521126760563381,5000000,0.2109624456315518,497,,
497,0,,5074960.0,5074960.0,,,6.804043305615138e-07,1e-06,0.419258064516129,0.8165538275935271,0.6211935877799988,0.9904031157493591,4.519401550292969,,,,,1.7014084507042253,5000000,0.2109624456315518,498,,
498,0,,5197872.0,5197872.0,,,6.751712977178601e-07,1e-06,0.3731129032258064,0.8157216809502025,0.6210537552833557,0.9965709447860718,4.4975361824035645,,,,,1.6985915492957746,5000000,0.2109624456315518,499,,
499,1,5136496,5130352.0,5136496.0,0.9988038538334304,556098,6.928667293407444e-07,1e-06,0.36816129032258066,0.8147572922536777,0.6179677844047546,0.9977746605873108,4.5816330909729,0,0,1,0,1.7211267605633802,5000000,0.2109624456315518,500,2738062,2148352
