run,run_id,_step,epoch,ebops_traced,ebops,ebops_in_training,ebops_in_training_over_traced,pid_ebops,beta,training_target_ebops,target_ebops,budget_met,ebops_budget_met,ebops_above_floor,nondegenerate,feasible_degenerate,val_categorical_accuracy,val_macro_auc
chang0926-a07-350-n64-s1,2b483f74139a,1,0,1,17136111,17869972.0,1.042825411203277,17136111.0,1e-07,350000,350000,0,0,16793058,1,0,0.5890483870967742,0.8596249192342587
chang0926-a07-350-n64-s1,2b483f74139a,2,1,0,,18244317.0,,18244317.0,9.99999999978557e-08,350000,350000,,,,,,0.6633064516129032,0.8981397908270878
chang0926-a07-350-n64-s1,2b483f74139a,3,2,0,,14604333.0,,14604333.0,1.2973833533217296e-07,350000,350000,,,,,,0.6446935483870968,0.8884905608194119
chang0926-a07-350-n64-s1,2b483f74139a,4,3,0,,14232545.0,,14232545.0,1.25153535507121e-07,350000,350000,,,,,,0.6727096774193548,0.9040305885556826
chang0926-a07-350-n64-s1,2b483f74139a,5,4,0,,11848509.0,,11848509.0,1.4679277731983958e-07,350000,350000,,,,,,0.6686612903225806,0.8950625928156857
chang0926-a07-350-n64-s1,2b483f74139a,6,5,0,,9167290.0,,9167290.0,1.4573558461745388e-07,350000,350000,,,,,,0.6723870967741935,0.8996243864719512
chang0926-a07-350-n64-s1,2b483f74139a,7,6,0,,8806909.0,,8806909.0,1.3275519382384842e-07,350000,350000,,,,,,0.6780806451612903,0.9032610448497829
chang0926-a07-350-n64-s1,2b483f74139a,8,7,0,,7413737.0,,7413737.0,1.498552053415278e-07,350000,350000,,,,,,0.6583064516129032,0.893293888663947
chang0926-a07-350-n64-s1,2b483f74139a,9,8,0,,6845353.0,,6845353.0,1.4695486098910597e-07,350000,350000,,,,,,0.6445806451612903,0.8903184946609537
chang0926-a07-350-n64-s1,2b483f74139a,10,9,1,5632759,6192058.0,1.0992939694384227,5632759.0,1.5743780263592204e-07,350000,350000,0,0,5289706,1,0,0.6375645161290323,0.8836121531349372
chang0926-a07-350-n64-s1,2b483f74139a,11,10,0,,5642046.0,,5642046.0,1.4885622375781167e-07,350000,350000,,,,,,0.632758064516129,0.8835156128518206
chang0926-a07-350-n64-s1,2b483f74139a,12,11,0,,5095779.0,,5095779.0,1.7133688971437746e-07,350000,350000,,,,,,0.607741935483871,0.8761164600680553
chang0926-a07-350-n64-s1,2b483f74139a,13,12,0,,4346171.0,,4346171.0,1.769220520507461e-07,350000,350000,,,,,,0.6204516129032258,0.8796202880148286
chang0926-a07-350-n64-s1,2b483f74139a,14,13,0,,3838071.0,,3838071.0,1.711512719767208e-07,350000,350000,,,,,,0.6305,0.8816375587349837
chang0926-a07-350-n64-s1,2b483f74139a,15,14,0,,3338633.0,,3338633.0,1.703682152874798e-07,350000,350000,,,,,,0.6110967741935484,0.8735475088428342
chang0926-a07-350-n64-s1,2b483f74139a,16,15,0,,3062021.0,,3062021.0,1.658896470433408e-07,350000,350000,,,,,,0.5853387096774193,0.85328331559968
chang0926-a07-350-n64-s1,2b483f74139a,17,16,0,,2836696.0,,2836696.0,1.695726363639957e-07,350000,350000,,,,,,0.607741935483871,0.8686408122665007
chang0926-a07-350-n64-s1,2b483f74139a,18,17,0,,2488710.0,,2488710.0,1.7442054584302954e-07,350000,350000,,,,,,0.6015,0.86280458101034
chang0926-a07-350-n64-s1,2b483f74139a,19,18,0,,2224431.0,,2224431.0,1.6879300707000682e-07,350000,350000,,,,,,0.6165806451612903,0.87305204267941
chang0926-a07-350-n64-s1,2b483f74139a,20,19,1,2460562,2005681.0,0.8151312586311582,2460562.0,1.6548424046092727e-07,350000,350000,0,0,2117509,1,0,0.607516129032258,0.870451217122438
chang0926-a07-350-n64-s1,2b483f74139a,21,20,0,,2237728.0,,2237728.0,2.0179961260584322e-07,350000,350000,,,,,,0.5943225806451613,0.8591559747247384
chang0926-a07-350-n64-s1,2b483f74139a,22,21,0,,1932948.0,,1932948.0,2.013632788063627e-07,350000,350000,,,,,,0.6029516129032259,0.8615758705050613
chang0926-a07-350-n64-s1,2b483f74139a,23,22,0,,1640718.0,,1640718.0,1.894526809167392e-07,350000,350000,,,,,,0.6115967741935484,0.8685723891145758
chang0926-a07-350-n64-s1,2b483f74139a,24,23,0,,1551455.0,,1551455.0,1.7372520069019766e-07,350000,350000,,,,,,0.5998387096774194,0.863795936479101
chang0926-a07-350-n64-s1,2b483f74139a,25,24,0,,1561087.0,,1561087.0,1.7697080227136927e-07,350000,350000,,,,,,0.5509354838709677,0.8397509574270167
chang0926-a07-350-n64-s1,2b483f74139a,26,25,0,,1299936.0,,1299936.0,1.9189227716322376e-07,350000,350000,,,,,,0.6150967741935484,0.8679184227411657
chang0926-a07-350-n64-s1,2b483f74139a,27,26,0,,1182368.0,,1182368.0,1.7062593998376588e-07,350000,350000,,,,,,0.5604838709677419,0.849328075944167
chang0926-a07-350-n64-s1,2b483f74139a,28,27,0,,1066617.0,,1066617.0,1.6493392123647e-07,350000,350000,,,,,,0.5654032258064516,0.8495631199495763
chang0926-a07-350-n64-s1,2b483f74139a,29,28,0,,1048073.0,,1048073.0,1.5731235808025328e-07,350000,350000,,,,,,0.546258064516129,0.8398382128886647
chang0926-a07-350-n64-s1,2b483f74139a,30,29,1,1124832,1041066.0,0.9255302125117351,1124832.0,1.6329092426649787e-07,350000,350000,0,0,781779,1,0,0.5913387096774193,0.8585417215224032
chang0926-a07-350-n64-s1,2b483f74139a,31,30,0,,1132053.0,,1132053.0,1.8578436317047185e-07,350000,350000,,,,,,0.5795322580645161,0.848633024021969
chang0926-a07-350-n64-s1,2b483f74139a,32,31,0,,1058073.0,,1058073.0,1.982796715822829e-07,350000,350000,,,,,,0.5553064516129033,0.8537092105822957
chang0926-a07-350-n64-s1,2b483f74139a,33,32,0,,998704,,998704,1.958616651894153e-07,350000,350000,,,,,,0.5732258064516129,0.8434259174129872
chang0926-a07-350-n64-s1,2b483f74139a,34,33,0,,979209,,979209,1.9482246631004216e-07,350000,350000,,,,,,0.5380483870967742,0.8410561341445545
chang0926-a07-350-n64-s1,2b483f74139a,35,34,0,,969499,,969499,2.0110275102225375e-07,350000,350000,,,,,,0.5396774193548387,0.8405771154605921
chang0926-a07-350-n64-s1,2b483f74139a,36,35,0,,941881,,941881,2.0951443336323498e-07,350000,350000,,,,,,0.5775483870967741,0.8523282421731985
chang0926-a07-350-n64-s1,2b483f74139a,37,36,0,,933469,,933469,2.138745048327474e-07,350000,350000,,,,,,0.5513225806451613,0.8412033218215275
chang0926-a07-350-n64-s1,2b483f74139a,38,37,0,,933854,,933854,2.2262015123657658e-07,350000,350000,,,,,,0.5254516129032258,0.8380531779581937
chang0926-a07-350-n64-s1,2b483f74139a,39,38,0,,918197,,918197,2.339128626486035e-07,350000,350000,,,,,,0.5584193548387096,0.8416655551452659
chang0926-a07-350-n64-s1,2b483f74139a,40,39,1,851329,904889,1.0629133977580936,851329,2.4135393355765145e-07,350000,350000,0,0,508276,1,0,0.5616612903225806,0.8426375119312244
chang0926-a07-350-n64-s1,2b483f74139a,41,40,0,,899244,,899244,2.3394696130996558e-07,350000,350000,,,,,,0.5685806451612904,0.8447224939551754
chang0926-a07-350-n64-s1,2b483f74139a,42,41,0,,896281,,896281,2.590526295260297e-07,350000,350000,,,,,,0.5406290322580645,0.8357794602235573
chang0926-a07-350-n64-s1,2b483f74139a,43,42,0,,893637,,893637,2.7062845209432276e-07,350000,350000,,,,,,0.5718387096774193,0.846643333483556
chang0926-a07-350-n64-s1,2b483f74139a,44,43,0,,880808,,880808,2.827776365306637e-07,350000,350000,,,,,,0.5440806451612903,0.8410165977824141
chang0926-a07-350-n64-s1,2b483f74139a,45,44,0,,878664,,878664,2.918810024635787e-07,350000,350000,,,,,,0.5887903225806451,0.8480149354373545
chang0926-a07-350-n64-s1,2b483f74139a,46,45,0,,874585,,874585,3.0488436339421216e-07,350000,350000,,,,,,0.4992741935483871,0.8300082965161032
chang0926-a07-350-n64-s1,2b483f74139a,47,46,0,,878659,,878659,3.176881690080085e-07,350000,350000,,,,,,0.5391935483870968,0.8367270797545734
chang0926-a07-350-n64-s1,2b483f74139a,48,47,0,,880778,,880778,3.342004226653145e-07,350000,350000,,,,,,0.5238709677419355,0.8304683294865475
chang0926-a07-350-n64-s1,2b483f74139a,49,48,0,,872305,,872305,3.5082700185713704e-07,350000,350000,,,,,,0.5116290322580646,0.8289425371256156
chang0926-a07-350-n64-s1,2b483f74139a,50,49,1,812089,866193,1.0666232395710322,812089,3.636846166546696e-07,350000,350000,0,0,469036,1,0,0.5547903225806452,0.8335732583516297
chang0926-a07-350-n64-s1,2b483f74139a,51,50,0,,853771,,853771,3.5313192073522334e-07,350000,350000,,,,,,0.5682741935483872,0.84739986811384
chang0926-a07-350-n64-s1,2b483f74139a,52,51,0,,853676,,853676,3.8818470136643755e-07,350000,350000,,,,,,0.5716774193548387,0.8423241189254229
chang0926-a07-350-n64-s1,2b483f74139a,53,52,0,,845728,,845728,4.0583672046511135e-07,350000,350000,,,,,,0.573516129032258,0.846117879048182
chang0926-a07-350-n64-s1,2b483f74139a,54,53,0,,841538,,841538,4.201913524511351e-07,350000,350000,,,,,,0.5435,0.8281510947985853
chang0926-a07-350-n64-s1,2b483f74139a,55,54,0,,833499,,833499,4.3685812452131784e-07,350000,350000,,,,,,0.5250322580645161,0.804334372204161
chang0926-a07-350-n64-s1,2b483f74139a,56,55,0,,831141,,831141,4.518701158826043e-07,350000,350000,,,,,,0.5681129032258064,0.8388855733192384
chang0926-a07-350-n64-s1,2b483f74139a,57,56,0,,816716,,816716,4.7050427848603676e-07,350000,350000,,,,,,0.5303870967741936,0.8196798948084592
chang0926-a07-350-n64-s1,2b483f74139a,58,57,0,,808544,,808544,4.823475592421474e-07,350000,350000,,,,,,0.5275161290322581,0.8230720109486013
chang0926-a07-350-n64-s1,2b483f74139a,59,58,0,,814695,,814695,4.979370716052757e-07,350000,350000,,,,,,0.5261451612903226,0.8102269716823771
chang0926-a07-350-n64-s1,2b483f74139a,60,59,1,766537,808381,1.0545883629883488,766537,5.233740715367841e-07,350000,350000,0,0,423484,1,0,0.4618225806451613,0.8050673940036746
chang0926-a07-350-n64-s1,2b483f74139a,61,60,0,,795912,,795912,5.121221134773291e-07,350000,350000,,,,,,0.5292903225806451,0.8218337902948966
chang0926-a07-350-n64-s1,2b483f74139a,62,61,0,,785880,,785880,5.540453438878311e-07,350000,350000,,,,,,0.47193548387096773,0.7931626788957669
chang0926-a07-350-n64-s1,2b483f74139a,63,62,0,,792093,,792093,5.696405576750932e-07,350000,350000,,,,,,0.5494677419354839,0.8395901976816041
chang0926-a07-350-n64-s1,2b483f74139a,64,63,0,,781847,,781847,5.980758253912919e-07,350000,350000,,,,,,0.5391290322580645,0.8256736397466715
chang0926-a07-350-n64-s1,2b483f74139a,65,64,0,,794150,,794150,6.145461943296276e-07,350000,350000,,,,,,0.5205967741935484,0.8057988509743812
chang0926-a07-350-n64-s1,2b483f74139a,66,65,0,,785908,,785908,6.503198711927236e-07,350000,350000,,,,,,0.4830967741935484,0.8157622843984903
chang0926-a07-350-n64-s1,2b483f74139a,67,66,0,,779830,,779830,6.701335745131835e-07,350000,350000,,,,,,0.5293548387096774,0.8161249966360696
chang0926-a07-350-n64-s1,2b483f74139a,68,67,0,,777789,,777789,6.921276521808331e-07,350000,350000,,,,,,0.5180967741935484,0.8205478654688927
chang0926-a07-350-n64-s1,2b483f74139a,69,68,0,,761297,,761297,7.184354383091671e-07,350000,350000,,,,,,0.5358709677419354,0.8177916505766559
chang0926-a07-350-n64-s1,2b483f74139a,70,69,1,727681,763394,1.0490778239365877,727681,7.310622722908536e-07,350000,350000,0,0,384628,1,0,0.49533870967741933,0.798479504125074
chang0926-a07-350-n64-s1,2b483f74139a,71,70,0,,763167,,763167,7.248279614559617e-07,350000,350000,,,,,,0.4167741935483871,0.8012503891832287
chang0926-a07-350-n64-s1,2b483f74139a,72,71,0,,763456,,763456,7.903893192853162e-07,350000,350000,,,,,,0.5069032258064516,0.8140018273758125
chang0926-a07-350-n64-s1,2b483f74139a,73,72,0,,761573,,761573,8.221315047474912e-07,350000,350000,,,,,,0.4963548387096774,0.8211381319202673
chang0926-a07-350-n64-s1,2b483f74139a,74,73,0,,771692,,771692,8.526111185876803e-07,350000,350000,,,,,,0.4100161290322581,0.7709199007240104
chang0926-a07-350-n64-s1,2b483f74139a,75,74,0,,771488,,771488,8.987776182405528e-07,350000,350000,,,,,,0.48938709677419356,0.7896295044215048
chang0926-a07-350-n64-s1,2b483f74139a,76,75,0,,765558,,765558,9.347607808647409e-07,350000,350000,,,,,,0.4869838709677419,0.7940442745614271
chang0926-a07-350-n64-s1,2b483f74139a,77,76,0,,763266,,763266,9.645947843929246e-07,350000,350000,,,,,,0.4534677419354839,0.7744349756052505
chang0926-a07-350-n64-s1,2b483f74139a,78,77,0,,750912,,750912,9.999381102156244e-07,350000,350000,,,,,,0.4911451612903226,0.7918507720191783
chang0926-a07-350-n64-s1,2b483f74139a,79,78,0,,755062,,755062,1.0220268335789495e-06,350000,350000,,,,,,0.5066451612903226,0.8050618366540652
chang0926-a07-350-n64-s1,2b483f74139a,80,79,1,853810,771351,0.9034223070706597,853810,1.0679516630491039e-06,350000,350000,0,0,510757,1,0,0.4586290322580645,0.7984307519564193
chang0926-a07-350-n64-s1,2b483f74139a,81,80,0,,781356,,781356,1.2626845861347958e-06,350000,350000,,,,,,0.5323387096774194,0.8126133541723799
chang0926-a07-350-n64-s1,2b483f74139a,82,81,0,,765591,,765591,1.2028781572385296e-06,350000,350000,,,,,,0.48785483870967744,0.7983383951742449
chang0926-a07-350-n64-s1,2b483f74139a,83,82,0,,768310,,768310,1.2256485208372146e-06,350000,350000,,,,,,0.5356290322580645,0.8125146982192983
chang0926-a07-350-n64-s1,2b483f74139a,84,83,0,,765354,,765354,1.2793195420229208e-06,350000,350000,,,,,,0.530016129032258,0.8298948201539063
chang0926-a07-350-n64-s1,2b483f74139a,85,84,0,,798761,,798761,1.3252402569583735e-06,350000,350000,,,,,,0.5051774193548387,0.814190806844109
chang0926-a07-350-n64-s1,2b483f74139a,86,85,0,,759809,,759809,1.4413403876012898e-06,350000,350000,,,,,,0.49559677419354836,0.8081713001456279
chang0926-a07-350-n64-s1,2b483f74139a,87,86,0,,749447,,749447,1.425233287324006e-06,350000,350000,,,,,,0.5187419354838709,0.8015917707880698
chang0926-a07-350-n64-s1,2b483f74139a,88,87,0,,747612,,747612,1.460347101750179e-06,350000,350000,,,,,,0.46724193548387094,0.7919253031376335
chang0926-a07-350-n64-s1,2b483f74139a,89,88,0,,734993,,734993,1.513114671261617e-06,350000,350000,,,,,,0.5396612903225807,0.8189315379066386
chang0926-a07-350-n64-s1,2b483f74139a,90,89,1,704545,714504,1.0141353639582993,704545,1.5437946779759889e-06,350000,350000,0,0,361492,1,0,0.5179516129032258,0.8141579536807255
chang0926-a07-350-n64-s1,2b483f74139a,91,90,0,,713606,,713606,1.5325233782680004e-06,350000,350000,,,,,,0.5055483870967742,0.8119905512458094
chang0926-a07-350-n64-s1,2b483f74139a,92,91,0,,713897,,713897,1.6085197085208434e-06,350000,350000,,,,,,0.41203225806451615,0.749829282947353
chang0926-a07-350-n64-s1,2b483f74139a,93,92,0,,705285,,705285,1.6675613709032522e-06,350000,350000,,,,,,0.5265161290322581,0.8127753521408632
chang0926-a07-350-n64-s1,2b483f74139a,94,93,0,,697277,,697277,1.7061835353989753e-06,350000,350000,,,,,,0.5027258064516129,0.8079152034892146
chang0926-a07-350-n64-s1,2b483f74139a,95,94,0,,695197,,695197,1.7459560376295722e-06,350000,350000,,,,,,0.4978548387096774,0.7983249507133994
chang0926-a07-350-n64-s1,2b483f74139a,96,95,0,,678776,,678776,1.801514847155846e-06,350000,350000,,,,,,0.49724193548387097,0.7977491426111563
chang0926-a07-350-n64-s1,2b483f74139a,97,96,0,,676511,,676511,1.8181903830056084e-06,350000,350000,,,,,,0.47619354838709677,0.7702739442335768
chang0926-a07-350-n64-s1,2b483f74139a,98,97,0,,670446,,670446,1.8728288100258694e-06,350000,350000,,,,,,0.4775645161290323,0.7907760621487177
chang0926-a07-350-n64-s1,2b483f74139a,99,98,0,,668152,,668152,1.9173518242832523e-06,350000,350000,,,,,,0.49632258064516127,0.7993971171122527
chang0926-a07-350-n64-s1,2b483f74139a,100,99,1,638984,666286,1.0427272044370437,638984,1.973575027150069e-06,350000,350000,0,0,295931,1,0,0.4498548387096774,0.7775336987235463
chang0926-a07-350-n64-s1,2b483f74139a,101,100,0,,656079,,656079,1.9450888710892622e-06,350000,350000,,,,,,0.5091129032258065,0.8145677452113091
chang0926-a07-350-n64-s1,2b483f74139a,102,101,0,,654066,,654066,2.0608671985482673e-06,350000,350000,,,,,,0.4640483870967742,0.7627587960363418
chang0926-a07-350-n64-s1,2b483f74139a,103,102,0,,643580,,643580,2.1197913735254696e-06,350000,350000,,,,,,0.42116129032258065,0.7737903013708047
chang0926-a07-350-n64-s1,2b483f74139a,104,103,0,,641419,,641419,2.150308693083075e-06,350000,350000,,,,,,0.42308064516129035,0.7597975592139216
chang0926-a07-350-n64-s1,2b483f74139a,105,104,0,,639701,,639701,2.208990155420205e-06,350000,350000,,,,,,0.4998548387096774,0.8061460133596234
chang0926-a07-350-n64-s1,2b483f74139a,106,105,0,,639819,,639819,2.2705153321066785e-06,350000,350000,,,,,,0.4019032258064516,0.7641077772412712
chang0926-a07-350-n64-s1,2b483f74139a,107,106,0,,629618,,629618,2.3404749454452106e-06,350000,350000,,,,,,0.4349516129032258,0.7557810922864954
chang0926-a07-350-n64-s1,2b483f74139a,108,107,0,,635462,,635462,2.3717802794540715e-06,350000,350000,,,,,,0.4399516129032258,0.7578206304933777
chang0926-a07-350-n64-s1,2b483f74139a,109,108,0,,627381,,627381,2.466255010548651e-06,350000,350000,,,,,,0.47053225806451615,0.7851061518265312
chang0926-a07-350-n64-s1,2b483f74139a,110,109,1,626248,629698,1.0055089996295397,626248,2.5069918569282477e-06,350000,350000,0,0,283195,1,0,0.45495161290322583,0.7756353060960967
chang0926-a07-350-n64-s1,2b483f74139a,111,110,0,,625224,,625224,2.5763320039172125e-06,350000,350000,,,,,,0.5015645161290323,0.7775112192029521
chang0926-a07-350-n64-s1,2b483f74139a,112,111,0,,623617,,623617,2.6478263330886157e-06,350000,350000,,,,,,0.4883064516129032,0.7770609787265756
chang0926-a07-350-n64-s1,2b483f74139a,113,112,0,,615564,,615564,2.7184058563301685e-06,350000,350000,,,,,,0.46364516129032257,0.7678395667707615
chang0926-a07-350-n64-s1,2b483f74139a,114,113,0,,611295,,611295,2.760131814376526e-06,350000,350000,,,,,,0.40153225806451615,0.7372806210714102
chang0926-a07-350-n64-s1,2b483f74139a,115,114,0,,610618,,610618,2.8184906173171524e-06,350000,350000,,,,,,0.44851612903225807,0.7880940252014911
chang0926-a07-350-n64-s1,2b483f74139a,116,115,0,,625853,,625853,2.8948124394047968e-06,350000,350000,,,,,,0.476,0.7695795670971194
chang0926-a07-350-n64-s1,2b483f74139a,117,116,0,,615404,,615404,3.054522867485114e-06,350000,350000,,,,,,0.37575806451612903,0.7121219328800997
chang0926-a07-350-n64-s1,2b483f74139a,118,117,0,,633875,,633875,3.089484144489349e-06,350000,350000,,,,,,0.39356451612903226,0.7053204308622784
chang0926-a07-350-n64-s1,2b483f74139a,119,118,0,,885627,,885627,3.278129141035015e-06,350000,350000,,,,,,0.3789193548387097,0.7024245466683545
chang0926-a07-350-n64-s1,2b483f74139a,120,119,1,597039,629993,1.0551957242324204,597039,4.797692658355474e-06,350000,350000,0,0,253986,1,0,0.4204193548387097,0.7236279444228099
chang0926-a07-350-n64-s1,2b483f74139a,121,120,0,,584002,,584002,3.3218575832764105e-06,350000,350000,,,,,,0.3591935483870968,0.677579693033816
chang0926-a07-350-n64-s1,2b483f74139a,122,121,0,,582408,,582408,3.3335728999621144e-06,350000,350000,,,,,,0.4179032258064516,0.7241653235521839
chang0926-a07-350-n64-s1,2b483f74139a,123,122,0,,601008,,601008,3.4102083912525454e-06,350000,350000,,,,,,0.3374032258064516,0.6995648756635673
chang0926-a07-350-n64-s1,2b483f74139a,124,123,0,,605308,,605308,3.615550652417802e-06,350000,350000,,,,,,0.36643548387096775,0.7154958427887704
chang0926-a07-350-n64-s1,2b483f74139a,125,124,0,,583455,,583455,3.7425363700435495e-06,350000,350000,,,,,,0.38148387096774194,0.7164395065712809
chang0926-a07-350-n64-s1,2b483f74139a,126,125,0,,574210,,574210,3.7007857892851386e-06,350000,350000,,,,,,0.3759677419354839,0.7241387153833385
chang0926-a07-350-n64-s1,2b483f74139a,127,126,0,,583057,,583057,3.733425322009818e-06,350000,350000,,,,,,0.3,0.6152871094067464
chang0926-a07-350-n64-s1,2b483f74139a,128,127,0,,582928,,582928,3.8889277916537145e-06,350000,350000,,,,,,0.36156451612903223,0.663564293320933
chang0926-a07-350-n64-s1,2b483f74139a,129,128,0,,568532,,568532,3.988514045180131e-06,350000,350000,,,,,,0.3775,0.7041398131701727
chang0926-a07-350-n64-s1,2b483f74139a,130,129,1,564783,574427,1.0170755847821198,564783,3.985524350202503e-06,350000,350000,0,0,221730,1,0,0.36124193548387096,0.6996965064962448
chang0926-a07-350-n64-s1,2b483f74139a,131,130,0,,577389,,577389,4.055111940200008e-06,350000,350000,,,,,,0.26975806451612905,0.6336692462645239
chang0926-a07-350-n64-s1,2b483f74139a,132,131,0,,567022,,567022,4.250693199058776e-06,350000,350000,,,,,,0.3509193548387097,0.6889283100795207
chang0926-a07-350-n64-s1,2b483f74139a,133,132,0,,569180,,569180,4.2762959827555314e-06,350000,350000,,,,,,0.3433709677419355,0.6511759369357641
chang0926-a07-350-n64-s1,2b483f74139a,134,133,0,,571091,,571091,4.3982160428186235e-06,350000,350000,,,,,,0.24180645161290323,0.5686335293411766
chang0926-a07-350-n64-s1,2b483f74139a,135,134,0,,566990,,566990,4.522349331484622e-06,350000,350000,,,,,,0.24814516129032257,0.6397809039441389
chang0926-a07-350-n64-s1,2b483f74139a,136,135,0,,568607,,568607,4.5994887151613145e-06,350000,350000,,,,,,0.29751612903225805,0.6280524694055609
chang0926-a07-350-n64-s1,2b483f74139a,137,136,0,,559897,,559897,4.725889557728459e-06,350000,350000,,,,,,0.3132258064516129,0.6299557588364466
chang0926-a07-350-n64-s1,2b483f74139a,138,137,0,,529019,,529019,4.764107049555394e-06,350000,350000,,,,,,0.3230483870967742,0.6324518742188961
chang0926-a07-350-n64-s1,2b483f74139a,139,138,0,,531064,,531064,4.595309876234906e-06,350000,350000,,,,,,0.3008387096774194,0.6328169163861268
chang0926-a07-350-n64-s1,2b483f74139a,140,139,1,531937,538965,1.013212090905502,531937,4.7102540915477364e-06,350000,350000,0,0,188884,1,0,0.30016129032258065,0.6424740163075885
chang0926-a07-350-n64-s1,2b483f74139a,141,140,0,,540698,,540698,4.8177835078455475e-06,350000,350000,,,,,,0.3330967741935484,0.6518582338547851
chang0926-a07-350-n64-s1,2b483f74139a,142,141,0,,542852,,542852,5.0047936968077e-06,350000,350000,,,,,,0.25040322580645163,0.5739860913290056
chang0926-a07-350-n64-s1,2b483f74139a,143,142,0,,570572,,570572,5.13621895230098e-06,350000,350000,,,,,,0.2713225806451613,0.6178807030035803
chang0926-a07-350-n64-s1,2b483f74139a,144,143,0,,556219,,556219,5.532031735323235e-06,350000,350000,,,,,,0.2912903225806452,0.594789875526594
chang0926-a07-350-n64-s1,2b483f74139a,145,144,0,,531670,,531670,5.519235382278088e-06,350000,350000,,,,,,0.2399516129032258,0.5740372852858594
chang0926-a07-350-n64-s1,2b483f74139a,146,145,0,,552904,,552904,5.387086601613503e-06,350000,350000,,,,,,0.28193548387096773,0.6117305870343351
chang0926-a07-350-n64-s1,2b483f74139a,147,146,0,,553101,,553101,5.7317945864942306e-06,350000,350000,,,,,,0.3010967741935484,0.615355384535205
chang0926-a07-350-n64-s1,2b483f74139a,148,147,0,,544936,,544936,5.866541533722291e-06,350000,350000,,,,,,0.3028064516129032,0.6105738459501524
chang0926-a07-350-n64-s1,2b483f74139a,149,148,0,,534543,,534543,5.90931414848844e-06,350000,350000,,,,,,0.31806451612903225,0.6204456692266105
chang0926-a07-350-n64-s1,2b483f74139a,150,149,1,487238,515136,1.0572574388697105,487238,5.920657732095074e-06,350000,350000,0,0,144185,1,0,0.2705161290322581,0.5676413086135135
chang0926-a07-350-n64-s1,2b483f74139a,151,150,0,,499674,,499674,5.486711389438972e-06,350000,350000,,,,,,0.25567741935483873,0.5438350846132367
chang0926-a07-350-n64-s1,2b483f74139a,152,151,0,,512405,,512405,5.7278106373705e-06,350000,350000,,,,,,0.24067741935483872,0.5349736019296897
chang0926-a07-350-n64-s1,2b483f74139a,153,152,0,,512494,,512494,5.986769318891106e-06,350000,350000,,,,,,0.22464516129032258,0.5345939785767425
chang0926-a07-350-n64-s1,2b483f74139a,154,153,0,,510515,,510515,6.103078945331711e-06,350000,350000,,,,,,0.2095483870967742,0.52759574666858
chang0926-a07-350-n64-s1,2b483f74139a,155,154,0,,502256,,502256,6.1953483774420125e-06,350000,350000,,,,,,0.16364516129032258,0.5130450649258513
chang0926-a07-350-n64-s1,2b483f74139a,156,155,0,,491873,,491873,6.206192092565371e-06,350000,350000,,,,,,0.20003225806451613,0.5693410524219228
chang0926-a07-350-n64-s1,2b483f74139a,157,156,0,,485601,,485601,6.182189467041894e-06,350000,350000,,,,,,0.1618709677419355,0.5296772036054346
chang0926-a07-350-n64-s1,2b483f74139a,158,157,0,,471068,,471068,6.204109807396712e-06,350000,350000,,,,,,0.26920967741935486,0.5413942398540686
chang0926-a07-350-n64-s1,2b483f74139a,159,158,0,,471105,,471105,6.108495871288924e-06,350000,350000,,,,,,0.20583870967741935,0.6074321607641172
chang0926-a07-350-n64-s1,2b483f74139a,160,159,1,470435,485365,1.0317365842252384,470435,6.20041671590938e-06,350000,350000,0,0,127382,1,0,0.2811290322580645,0.5806509894064609
chang0926-a07-350-n64-s1,2b483f74139a,161,160,0,,460764,,460764,6.28382916121331e-06,350000,350000,,,,,,0.2655161290322581,0.5960014818860516
chang0926-a07-350-n64-s1,2b483f74139a,162,161,0,,491039,,491039,6.239845096567274e-06,350000,350000,,,,,,0.29124193548387095,0.5984530224783372
chang0926-a07-350-n64-s1,2b483f74139a,163,162,0,,495029,,495029,6.763377874600257e-06,350000,350000,,,,,,0.28633870967741937,0.5890348757875389
chang0926-a07-350-n64-s1,2b483f74139a,164,163,0,,517583,,517583,6.93755497102529e-06,350000,350000,,,,,,0.2750161290322581,0.5726669973452336
chang0926-a07-350-n64-s1,2b483f74139a,165,164,0,,486718,,486718,7.3969280973782324e-06,350000,350000,,,,,,0.3001774193548387,0.6041133327788322
chang0926-a07-350-n64-s1,2b483f74139a,166,165,0,,500533,,500533,7.071462938451684e-06,350000,350000,,,,,,0.29982258064516126,0.6038978219486396
chang0926-a07-350-n64-s1,2b483f74139a,167,166,0,,502631,,502631,7.403427214002893e-06,350000,350000,,,,,,0.29843548387096774,0.6118186828658367
chang0926-a07-350-n64-s1,2b483f74139a,168,167,0,,486217,,486217,7.57021871408914e-06,350000,350000,,,,,,0.29774193548387096,0.5789003045056388
chang0926-a07-350-n64-s1,2b483f74139a,169,168,0,,473749,,473749,7.44436058039684e-06,350000,350000,,,,,,0.2570806451612903,0.5821661942943241
chang0926-a07-350-n64-s1,2b483f74139a,170,169,1,456392,473448,1.0373713824957493,456392,7.364098362532963e-06,350000,350000,0,0,113339,1,0,0.28661290322580646,0.5868677380535325
chang0926-a07-350-n64-s1,2b483f74139a,171,170,0,,448168,,448168,7.189071394403496e-06,350000,350000,,,,,,0.2837903225806452,0.5886480698009896
chang0926-a07-350-n64-s1,2b483f74139a,172,171,0,,465010,,465010,7.147336959888985e-06,350000,350000,,,,,,0.2870483870967742,0.5893437238678885
chang0926-a07-350-n64-s1,2b483f74139a,173,172,0,,465042,,465042,7.522036184986521e-06,350000,350000,,,,,,0.2870483870967742,0.5881052769536084
chang0926-a07-350-n64-s1,2b483f74139a,174,173,0,,458955,,458955,7.630210340109555e-06,350000,350000,,,,,,0.274241935483871,0.5720805097219865
chang0926-a07-350-n64-s1,2b483f74139a,175,174,0,,465280,,465280,7.633075201743146e-06,350000,350000,,,,,,0.2753225806451613,0.5734835624199517
chang0926-a07-350-n64-s1,2b483f74139a,176,175,0,,475606,,475606,7.849213414837586e-06,350000,350000,,,,,,0.291758064516129,0.6075010409995675
chang0926-a07-350-n64-s1,2b483f74139a,177,176,0,,463324,,463324,8.147381290835499e-06,350000,350000,,,,,,0.31701612903225806,0.6090673019253081
chang0926-a07-350-n64-s1,2b483f74139a,178,177,0,,463477,,463477,8.049081991021003e-06,350000,350000,,,,,,0.27638709677419354,0.5730364327839373
chang0926-a07-350-n64-s1,2b483f74139a,179,178,0,,470132,,470132,8.16559335931613e-06,350000,350000,,,,,,0.27596774193548385,0.5731379571895189
chang0926-a07-350-n64-s1,2b483f74139a,180,179,1,466900,468010,1.002377382737203,466900,8.405953101924757e-06,350000,350000,0,0,123847,1,0,0.30632258064516127,0.6325740950651515
chang0926-a07-350-n64-s1,2b483f74139a,181,180,0,,475577,,475577,8.469325321911348e-06,350000,350000,,,,,,0.26561290322580644,0.5504796479907006
chang0926-a07-350-n64-s1,2b483f74139a,182,181,0,,490014,,490014,8.759986243996434e-06,350000,350000,,,,,,0.22195161290322582,0.5047814199190752
chang0926-a07-350-n64-s1,2b483f74139a,183,182,0,,463422,,463422,9.179057526959158e-06,350000,350000,,,,,,0.2872741935483871,0.5862663046362082
chang0926-a07-350-n64-s1,2b483f74139a,184,183,0,,467528,,467528,8.803627953439329e-06,350000,350000,,,,,,0.2776451612903226,0.5840565168272359
chang0926-a07-350-n64-s1,2b483f74139a,185,184,0,,459400,,459400,9.01113794966407e-06,350000,350000,,,,,,0.28653225806451615,0.5874403329971084
chang0926-a07-350-n64-s1,2b483f74139a,186,185,0,,491134,,491134,8.975716995175989e-06,350000,350000,,,,,,0.2232258064516129,0.5125683009835924
chang0926-a07-350-n64-s1,2b483f74139a,187,186,0,,478947,,478947,9.759661567665895e-06,350000,350000,,,,,,0.2693225806451613,0.5295389281199657
chang0926-a07-350-n64-s1,2b483f74139a,188,187,0,,484893,,484893,9.667923063742679e-06,350000,350000,,,,,,0.2590806451612903,0.5120306228474838
chang0926-a07-350-n64-s1,2b483f74139a,189,188,0,,488661,,488661,9.94879624644883e-06,350000,350000,,,,,,0.2706774193548387,0.5757408666985893
chang0926-a07-350-n64-s1,2b483f74139a,190,189,1,498506,501232,1.0054683393981216,498506,1.0194813445559217e-05,350000,350000,0,0,155453,1,0,0.27041935483870966,0.6047196318968369
chang0926-a07-350-n64-s1,2b483f74139a,191,190,0,,500921,,500921,1.0585761640437549e-05,350000,350000,,,,,,0.2983064516129032,0.6064072986809342
chang0926-a07-350-n64-s1,2b483f74139a,192,191,0,,466051,,466051,1.0829440501337667e-05,350000,350000,,,,,,0.2699032258064516,0.5830040704170448
chang0926-a07-350-n64-s1,2b483f74139a,193,192,0,,467929,,467929,1.0220884834177815e-05,350000,350000,,,,,,0.2703225806451613,0.6016070752510293
chang0926-a07-350-n64-s1,2b483f74139a,194,193,0,,463690,,463690,1.0412154602874795e-05,350000,350000,,,,,,0.2983064516129032,0.6099736208424859
chang0926-a07-350-n64-s1,2b483f74139a,195,194,0,,459466,,459466,1.0463966984840507e-05,350000,350000,,,,,,0.27758064516129033,0.5842179265389525
chang0926-a07-350-n64-s1,2b483f74139a,196,195,0,,457423,,457423,1.0510691206017577e-05,350000,350000,,,,,,0.2983064516129032,0.6070698897849842
chang0926-a07-350-n64-s1,2b483f74139a,197,196,0,,455018,,455018,1.0604944331053759e-05,350000,350000,,,,,,0.2774838709677419,0.6068246170608707
chang0926-a07-350-n64-s1,2b483f74139a,198,197,0,,453514,,453514,1.0688505844783629e-05,350000,350000,,,,,,0.2700161290322581,0.5192423213507421
chang0926-a07-350-n64-s1,2b483f74139a,199,198,0,,468321,,468321,1.0792082406026631e-05,350000,350000,,,,,,0.2823225806451613,0.5296335012881128
chang0926-a07-350-n64-s1,2b483f74139a,200,199,1,447980,445904,0.9953658645475244,447980,1.1307900187299238e-05,350000,350000,0,0,104927,1,0,0.296758064516129,0.6097785982754572
chang0926-a07-350-n64-s1,2b483f74139a,201,200,0,,436812,,436812,1.0951068321281501e-05,350000,350000,,,,,,0.296758064516129,0.5835708112424545
chang0926-a07-350-n64-s1,2b483f74139a,202,201,0,,438769,,438769,1.0797016113996756e-05,350000,350000,,,,,,0.2982258064516129,0.6099854318855942
chang0926-a07-350-n64-s1,2b483f74139a,203,202,0,,449066,,449066,1.0968658607265303e-05,350000,350000,,,,,,0.2699032258064516,0.6073118517632333
chang0926-a07-350-n64-s1,2b483f74139a,204,203,0,,461876,,461876,1.1366843081773234e-05,350000,350000,,,,,,0.2699032258064516,0.5825323206798749
chang0926-a07-350-n64-s1,2b483f74139a,205,204,0,,437174,,437174,1.185435567477781e-05,350000,350000,,,,,,0.2692741935483871,0.5840743310075551
chang0926-a07-350-n64-s1,2b483f74139a,206,205,0,,470410,,470410,1.1345828036365698e-05,350000,350000,,,,,,0.2688225806451613,0.5518745116544872
chang0926-a07-350-n64-s1,2b483f74139a,207,206,0,,441797,,441797,1.239021498723781e-05,350000,350000,,,,,,0.231,0.4953008369661557
chang0926-a07-350-n64-s1,2b483f74139a,208,207,0,,447963,,447963,1.177288210659524e-05,350000,350000,,,,,,0.2982258064516129,0.6097839709288148
chang0926-a07-350-n64-s1,2b483f74139a,209,208,0,,449761,,449761,1.2085395904210027e-05,350000,350000,,,,,,0.2748709677419355,0.5504723013327696
chang0926-a07-350-n64-s1,2b483f74139a,210,209,1,471394,474236,1.006028926969796,471394,1.2287010202519173e-05,350000,350000,0,0,128341,1,0,0.26167741935483874,0.5959139535512069
chang0926-a07-350-n64-s1,2b483f74139a,211,210,0,,474314,,474314,1.3071164364155093e-05,350000,350000,,,,,,0.2615806451612903,0.5866365518626184
chang0926-a07-350-n64-s1,2b483f74139a,212,211,0,,468133,,468133,1.3353529306764201e-05,350000,350000,,,,,,0.2982258064516129,0.6095202885256084
chang0926-a07-350-n64-s1,2b483f74139a,213,212,0,,457930,,457930,1.3372556384377078e-05,350000,350000,,,,,,0.2982258064516129,0.6097330174010398
chang0926-a07-350-n64-s1,2b483f74139a,214,213,0,,482447,,482447,1.3258085931222459e-05,350000,350000,,,,,,0.2699032258064516,0.6060945509697535
chang0926-a07-350-n64-s1,2b483f74139a,215,214,0,,445588,,445588,1.4193856884369995e-05,350000,350000,,,,,,0.2699032258064516,0.5977098323350158
chang0926-a07-350-n64-s1,2b483f74139a,216,215,0,,433239,,433239,1.3268675416940647e-05,350000,350000,,,,,,0.2823225806451613,0.5388142073887108
chang0926-a07-350-n64-s1,2b483f74139a,217,216,0,,431056,,431056,1.3039309794385767e-05,350000,350000,,,,,,0.2075483870967742,0.47445028558674174
chang0926-a07-350-n64-s1,2b483f74139a,218,217,0,,457441,,457441,1.310943685375617e-05,350000,350000,,,,,,0.2699032258064516,0.6068253396554862
chang0926-a07-350-n64-s1,2b483f74139a,219,218,0,,459422,,459422,1.409933991827567e-05,350000,350000,,,,,,0.2982258064516129,0.6089228552463661
chang0926-a07-350-n64-s1,2b483f74139a,220,219,1,428652,434974,1.0147485606039397,428652,1.4354321492154789e-05,350000,350000,0,0,85599,1,0,0.2982258064516129,0.6097372164384153
chang0926-a07-350-n64-s1,2b483f74139a,221,220,0,,444940,,444940,1.3529370051834345e-05,350000,350000,,,,,,0.2982258064516129,0.6097372164384153
chang0926-a07-350-n64-s1,2b483f74139a,222,221,0,,465612,,465612,1.4213002814550636e-05,350000,350000,,,,,,0.2982258064516129,0.6085788027241089
chang0926-a07-350-n64-s1,2b483f74139a,223,222,0,,459239,,459239,1.508712061095825e-05,350000,350000,,,,,,0.2603870967741935,0.5539921481276846
chang0926-a07-350-n64-s1,2b483f74139a,224,223,0,,456982,,456982,1.5084103236548906e-05,350000,350000,,,,,,0.2603870967741935,0.5466716659978045
chang0926-a07-350-n64-s1,2b483f74139a,225,224,0,,415953,,415953,1.5211476821615787e-05,350000,350000,,,,,,0.2603870967741935,0.5541637143217751
chang0926-a07-350-n64-s1,2b483f74139a,226,225,0,,442897,,442897,1.3965785187850457e-05,350000,350000,,,,,,0.22780645161290322,0.5409901852374495
chang0926-a07-350-n64-s1,2b483f74139a,227,226,0,,416224,,416224,1.5046502792934631e-05,350000,350000,,,,,,0.20288709677419356,0.5531665458010269
chang0926-a07-350-n64-s1,2b483f74139a,228,227,0,,428734,,428734,1.4263394815594938e-05,350000,350000,,,,,,0.22743548387096774,0.5225215108055804
chang0926-a07-350-n64-s1,2b483f74139a,229,228,0,,445118,,445118,1.4841906972251431e-05,350000,350000,,,,,,0.20288709677419356,0.5293612823391715
chang0926-a07-350-n64-s1,2b483f74139a,230,229,1,403485,410186,1.0166078045032654,403485,1.5595427779923974e-05,350000,350000,0,0,60432,1,0,0.2603870967741935,0.540888036421921
chang0926-a07-350-n64-s1,2b483f74139a,231,230,0,,463207,,463207,1.4237623242127899e-05,350000,350000,,,,,,0.22204838709677419,0.5191383744296483
chang0926-a07-350-n64-s1,2b483f74139a,232,231,0,,459074,,459074,1.6575650069875273e-05,350000,350000,,,,,,0.20288709677419356,0.4722266742405183
chang0926-a07-350-n64-s1,2b483f74139a,233,232,0,,413981,,413981,1.6652095211509913e-05,350000,350000,,,,,,0.19164516129032258,0.5041670056977345
chang0926-a07-350-n64-s1,2b483f74139a,234,233,0,,424125,,424125,1.514301024023454e-05,350000,350000,,,,,,0.20288709677419356,0.5034302916085215
chang0926-a07-350-n64-s1,2b483f74139a,235,234,0,,458968,,458968,1.5663794284546706e-05,350000,350000,,,,,,0.19164516129032258,0.5040111545785487
chang0926-a07-350-n64-s1,2b483f74139a,236,235,0,,422072,,422072,1.718190142793592e-05,350000,350000,,,,,,0.19164516129032258,0.5040111545785487
chang0926-a07-350-n64-s1,2b483f74139a,237,236,0,,415886,,415886,1.5949287383131692e-05,350000,350000,,,,,,0.20843548387096775,0.5046096005687695
chang0926-a07-350-n64-s1,2b483f74139a,238,237,0,,413774,,413774,1.5851645630390968e-05,350000,350000,,,,,,0.20843548387096775,0.5046096005687695
chang0926-a07-350-n64-s1,2b483f74139a,239,238,0,,464942,,464942,1.5903693945036278e-05,350000,350000,,,,,,0.2015,0.5040287375987422
chang0926-a07-350-n64-s1,2b483f74139a,240,239,1,406377,413742,1.0181235650639677,406377,1.812592288089679e-05,350000,350000,0,0,63324,0,0,0.20456451612903226,0.5041670056977345
chang0926-a07-350-n64-s1,2b483f74139a,241,240,0,,434121,,434121,1.5961493380409334e-05,350000,350000,,,,,,0.20843548387096775,0.5046096005687695
chang0926-a07-350-n64-s1,2b483f74139a,242,241,0,,401326,,401326,1.7235835261391797e-05,350000,350000,,,,,,0.20843548387096775,0.5041670056977345
chang0926-a07-350-n64-s1,2b483f74139a,243,242,0,,399209,,399209,1.604317418856678e-05,350000,350000,,,,,,0.20843548387096775,0.5046096005687695
chang0926-a07-350-n64-s1,2b483f74139a,244,243,0,,396900,,396900,1.6063861092151154e-05,350000,350000,,,,,,0.20843548387096775,0.5046096005687695
chang0926-a07-350-n64-s1,2b483f74139a,245,244,0,,393951,,393951,1.607168337810191e-05,350000,350000,,,,,,0.20843548387096775,0.5046096005687695
chang0926-a07-350-n64-s1,2b483f74139a,246,245,0,,428671,,428671,1.6046901411647248e-05,350000,350000,,,,,,0.20843548387096775,0.5041670056977345
chang0926-a07-350-n64-s1,2b483f74139a,247,246,0,,410175,,410175,1.763907814497397e-05,350000,350000,,,,,,0.20446774193548387,0.5040287375987422
chang0926-a07-350-n64-s1,2b483f74139a,248,247,0,,403972,,403972,1.701241718350536e-05,350000,350000,,,,,,0.20843548387096775,0.5035685597075139
chang0926-a07-350-n64-s1,2b483f74139a,249,248,0,,538980,,538980,1.6875718125217183e-05,350000,350000,,,,,,0.20259677419354838,0.5
chang0926-a07-350-n64-s1,2b483f74139a,250,249,1,437535,443716,1.014126869850412,437535,2.300694099426573e-05,350000,350000,0,0,94482,0,0,0.20159677419354838,0.5
chang0926-a07-350-n64-s1,2b483f74139a,251,250,0,,433412,,433412,1.888627312101214e-05,350000,350000,,,,,,0.2012741935483871,0.5
chang0926-a07-350-n64-s1,2b483f74139a,252,251,0,,427231,,427231,1.890932569860591e-05,350000,350000,,,,,,0.20259677419354838,0.5
chang0926-a07-350-n64-s1,2b483f74139a,253,252,0,,429279,,429279,1.8826413970350816e-05,350000,350000,,,,,,0.20159677419354838,0.5
chang0926-a07-350-n64-s1,2b483f74139a,254,253,0,,429264,,429264,1.911076490627651e-05,350000,350000,,,,,,0.20259677419354838,0.5
chang0926-a07-350-n64-s1,2b483f74139a,255,254,0,,429264,,429264,1.9306151757072713e-05,350000,350000,,,,,,0.20259677419354838,0.5
chang0926-a07-350-n64-s1,2b483f74139a,256,255,0,,427189,,427189,1.9504217749002726e-05,350000,350000,,,,,,0.20259677419354838,0.5
chang0926-a07-350-n64-s1,2b483f74139a,257,256,0,,423061,,423061,1.9604317648575816e-05,350000,350000,,,,,,0.2012741935483871,0.5
chang0926-a07-350-n64-s1,2b483f74139a,258,257,0,,423056,,423056,1.9599789565323316e-05,350000,350000,,,,,,0.20159677419354838,0.5
chang0926-a07-350-n64-s1,2b483f74139a,259,258,0,,441468,,441468,1.978621694070248e-05,350000,350000,,,,,,0.20159677419354838,0.5
chang0926-a07-350-n64-s1,2b483f74139a,260,259,1,420983,420988,1.000011876964153,420983,2.0888425037124407e-05,350000,350000,0,0,77930,0,0,0.20159677419354838,0.5
chang0926-a07-350-n64-s1,2b483f74139a,261,260,0,,453751,,453751,2.010392480789758e-05,350000,350000,,,,,,0.20259677419354838,0.5
chang0926-a07-350-n64-s1,2b483f74139a,262,261,0,,420983,,420983,2.195186207373017e-05,350000,350000,,,,,,0.20259677419354838,0.5
chang0926-a07-350-n64-s1,2b483f74139a,263,262,0,,460439,,460439,2.0555505173954442e-05,350000,350000,,,,,,0.20159677419354838,0.5
chang0926-a07-350-n64-s1,2b483f74139a,264,263,0,,423639,,423639,2.2792444227753572e-05,350000,350000,,,,,,0.2012741935483871,0.5
chang0926-a07-350-n64-s1,2b483f74139a,265,264,0,,473047,,473047,2.117196305364071e-05,350000,350000,,,,,,0.20259677419354838,0.5
chang0926-a07-350-n64-s1,2b483f74139a,266,265,0,,436385,,436385,2.4000003123789778e-05,350000,350000,,,,,,0.20288709677419356,0.5
chang0926-a07-350-n64-s1,2b483f74139a,267,266,0,,426145,,426145,2.23855056174262e-05,350000,350000,,,,,,0.20159677419354838,0.5
chang0926-a07-350-n64-s1,2b483f74139a,268,267,0,,424033,,424033,2.2076435814886028e-05,350000,350000,,,,,,0.2012741935483871,0.5
chang0926-a07-350-n64-s1,2b483f74139a,269,268,0,,416951,,416951,2.217878744978238e-05,350000,350000,,,,,,0.20259677419354838,0.5
chang0926-a07-350-n64-s1,2b483f74139a,270,269,1,416855,416951,1.0002302959062503,416855,2.2000067378784273e-05,350000,350000,0,0,73802,0,0,0.20288709677419356,0.5
chang0926-a07-350-n64-s1,2b483f74139a,271,270,0,,416823,,416823,2.218808672621891e-05,350000,350000,,,,,,0.20159677419354838,0.5
chang0926-a07-350-n64-s1,2b483f74139a,272,271,0,,416823,,416823,2.2381062305134967e-05,350000,350000,,,,,,0.20159677419354838,0.5
chang0926-a07-350-n64-s1,2b483f74139a,273,272,0,,416823,,416823,2.25774494077304e-05,350000,350000,,,,,,0.20259677419354838,0.5
chang0926-a07-350-n64-s1,2b483f74139a,274,273,0,,416823,,416823,2.2775559748192744e-05,350000,350000,,,,,,0.20259677419354838,0.5
chang0926-a07-350-n64-s1,2b483f74139a,275,274,0,,416823,,416823,2.2975408447416933e-05,350000,350000,,,,,,0.2012741935483871,0.5
chang0926-a07-350-n64-s1,2b483f74139a,276,275,0,,416823,,416823,2.3177010758979223e-05,350000,350000,,,,,,0.20288709677419356,0.5
chang0926-a07-350-n64-s1,2b483f74139a,277,276,0,,416818,,416818,2.3380382070301375e-05,350000,350000,,,,,,0.20259677419354838,0.5
chang0926-a07-350-n64-s1,2b483f74139a,278,277,0,,414770,,414770,2.358524083759603e-05,350000,350000,,,,,,0.20259677419354838,0.5
chang0926-a07-350-n64-s1,2b483f74139a,279,278,0,,414770,,414770,2.3669449168462827e-05,350000,350000,,,,,,0.2012741935483871,0.5
chang0926-a07-350-n64-s1,2b483f74139a,280,279,1,412722,412722,1,412722,2.387124751155406e-05,350000,350000,0,0,69669,0,0,0.20259677419354838,0.5
chang0926-a07-350-n64-s1,2b483f74139a,281,280,0,,406578,,406578,2.3949964682874355e-05,350000,350000,,,,,,0.20259677419354838,0.5
chang0926-a07-350-n64-s1,2b483f74139a,282,281,0,,414817,,414817,2.3770861664811006e-05,350000,350000,,,,,,0.20159677419354838,0.5
chang0926-a07-350-n64-s1,2b483f74139a,283,282,0,,406620,,406620,2.4459468793459053e-05,350000,350000,,,,,,0.20259677419354838,0.5
chang0926-a07-350-n64-s1,2b483f74139a,284,283,0,,404567,,404567,2.4156568691342726e-05,350000,350000,,,,,,0.20259677419354838,0.5
chang0926-a07-350-n64-s1,2b483f74139a,285,284,0,,404567,,404567,2.4209347522764802e-05,350000,350000,,,,,,0.20259677419354838,0.5
chang0926-a07-350-n64-s1,2b483f74139a,286,285,0,,428031,,428031,2.43853618989239e-05,350000,350000,,,,,,0.20259677419354838,0.5
chang0926-a07-350-n64-s1,2b483f74139a,287,286,0,,417729,,417729,2.6060595355727992e-05,350000,350000,,,,,,0.20259677419354838,0.5
chang0926-a07-350-n64-s1,2b483f74139a,288,287,0,,414941,,414941,2.5659315374495575e-05,350000,350000,,,,,,0.20259677419354838,0.5
chang0926-a07-350-n64-s1,2b483f74139a,289,288,0,,412841,,412841,2.570589343285769e-05,350000,350000,,,,,,0.20259677419354838,0.5
chang0926-a07-350-n64-s1,2b483f74139a,290,289,1,408626,408740,1.000278983716161,408626,2.5787836838083976e-05,350000,350000,0,0,65573,0,0,0.20159677419354838,0.5
chang0926-a07-350-n64-s1,2b483f74139a,291,290,0,,408626,,408626,2.5722962606195328e-05,350000,350000,,,,,,0.20259677419354838,0.5
chang0926-a07-350-n64-s1,2b483f74139a,292,291,0,,402482,,402482,2.5922917875135256e-05,350000,350000,,,,,,0.2012741935483871,0.5
chang0926-a07-350-n64-s1,2b483f74139a,293,292,0,,402482,,402482,2.5712142769593362e-05,350000,350000,,,,,,0.20259677419354838,0.5
chang0926-a07-350-n64-s1,2b483f74139a,294,293,0,,414802,,414802,2.5892393094934715e-05,350000,350000,,,,,,0.20259677419354838,0.5
chang0926-a07-350-n64-s1,2b483f74139a,295,294,0,,408626,,408626,2.6912572387548386e-05,350000,350000,,,,,,0.20259677419354838,0.5
chang0926-a07-350-n64-s1,2b483f74139a,296,295,0,,414802,,414802,2.6717958028037444e-05,350000,350000,,,,,,0.20259677419354838,0.5
chang0926-a07-350-n64-s1,2b483f74139a,297,296,0,,402482,,402482,2.7353112295783238e-05,350000,350000,,,,,,0.2012741935483871,0.5
chang0926-a07-350-n64-s1,2b483f74139a,298,297,0,,429170,,429170,2.6726758537103776e-05,350000,350000,,,,,,0.2012741935483871,0.5
chang0926-a07-350-n64-s1,2b483f74139a,299,298,0,,402477,,402477,2.8791033136429353e-05,350000,350000,,,,,,0.20159677419354838,0.5
chang0926-a07-350-n64-s1,2b483f74139a,300,299,1,400429,400429,1,400429,2.718958704200884e-05,350000,350000,0,0,57376,0,0,0.20259677419354838,0.5
chang0926-a07-350-n64-s1,2b483f74139a,301,300,0,,400429,,400429,2.723390642089993e-05,350000,350000,,,,,,0.20259677419354838,0.5
chang0926-a07-350-n64-s1,2b483f74139a,302,301,0,,400429,,400429,2.7417813296810115e-05,350000,350000,,,,,,0.20259677419354838,0.5
chang0926-a07-350-n64-s1,2b483f74139a,303,302,0,,400429,,400429,2.7602962070907285e-05,350000,350000,,,,,,0.20259677419354838,0.5
chang0926-a07-350-n64-s1,2b483f74139a,304,303,0,,400429,,400429,2.778936112956138e-05,350000,350000,,,,,,0.2012741935483871,0.5
chang0926-a07-350-n64-s1,2b483f74139a,305,304,0,,400429,,400429,2.797701891577436e-05,350000,350000,,,,,,0.20259677419354838,0.5
chang0926-a07-350-n64-s1,2b483f74139a,306,305,0,,400429,,400429,2.8165943929562805e-05,350000,350000,,,,,,0.2012741935483871,0.5
chang0926-a07-350-n64-s1,2b483f74139a,307,306,0,,398381,,398381,2.8356144728342528e-05,350000,350000,,,,,,0.20159677419354838,0.5
chang0926-a07-350-n64-s1,2b483f74139a,308,307,0,,398381,,398381,2.83943419254482e-05,350000,350000,,,,,,0.20288709677419356,0.5
chang0926-a07-350-n64-s1,2b483f74139a,309,308,0,,398381,,398381,2.8578757048706326e-05,350000,350000,,,,,,0.20259677419354838,0.5
chang0926-a07-350-n64-s1,2b483f74139a,310,309,1,398381,398381,1,398381,2.8764369908392912e-05,350000,350000,0,0,55328,0,0,0.20159677419354838,0.5
chang0926-a07-350-n64-s1,2b483f74139a,311,310,0,,398381,,398381,2.895118828354759e-05,350000,350000,,,,,,0.20259677419354838,0.5
chang0926-a07-350-n64-s1,2b483f74139a,312,311,0,,396333,,396333,2.9139220003733178e-05,350000,350000,,,,,,0.20259677419354838,0.5
chang0926-a07-350-n64-s1,2b483f74139a,313,312,0,,396333,,396333,2.917018269581857e-05,350000,350000,,,,,,0.20259677419354838,0.5
chang0926-a07-350-n64-s1,2b483f74139a,314,313,0,,396333,,396333,2.9352071635776815e-05,350000,350000,,,,,,0.20259677419354838,0.5
chang0926-a07-350-n64-s1,2b483f74139a,315,314,0,,396333,,396333,2.9535094733406406e-05,350000,350000,,,,,,0.2012741935483871,0.5
chang0926-a07-350-n64-s1,2b483f74139a,316,315,0,,396333,,396333,2.971925906068008e-05,350000,350000,,,,,,0.20159677419354838,0.5
chang0926-a07-350-n64-s1,2b483f74139a,317,316,0,,396333,,396333,2.9904571733667432e-05,350000,350000,,,,,,0.2012741935483871,0.5
chang0926-a07-350-n64-s1,2b483f74139a,318,317,0,,394285,,394285,3.0091039912809884e-05,350000,350000,,,,,,0.20159677419354838,0.5
chang0926-a07-350-n64-s1,2b483f74139a,319,318,0,,392237,,392237,3.0114407851222443e-05,350000,350000,,,,,,0.20259677419354838,0.5
chang0926-a07-350-n64-s1,2b483f74139a,320,319,1,390189,390189,1,390189,3.0129134553483544e-05,350000,350000,0,0,47136,0,0,0.20259677419354838,0.5
chang0926-a07-350-n64-s1,2b483f74139a,321,320,0,,423127,,423127,3.013515773796812e-05,350000,350000,,,,,,0.2012741935483871,0.5
chang0926-a07-350-n64-s1,2b483f74139a,322,321,0,,412823,,412823,3.299053213710024e-05,350000,350000,,,,,,0.2012741935483871,0.5
chang0926-a07-350-n64-s1,2b483f74139a,323,322,0,,408695,,408695,3.2453927344840745e-05,350000,350000,,,,,,0.2012741935483871,0.5
chang0926-a07-350-n64-s1,2b483f74139a,324,323,0,,476375,,476375,3.2379434720458513e-05,350000,350000,,,,,,0.20159677419354838,0.5
chang0926-a07-350-n64-s1,2b483f74139a,325,324,0,,414898,,414898,3.832771651516633e-05,350000,350000,,,,,,0.20159677419354838,0.5
chang0926-a07-350-n64-s1,2b483f74139a,326,325,0,,410738,,410738,3.3666579147234055e-05,350000,350000,,,,,,0.20159677419354838,0.5
chang0926-a07-350-n64-s1,2b483f74139a,327,326,0,,406637,,406637,3.3596758284666044e-05,350000,350000,,,,,,0.20259677419354838,0.5
chang0926-a07-350-n64-s1,2b483f74139a,328,327,0,,414903,,414903,3.3511689681671634e-05,350000,350000,,,,,,0.2012741935483871,0.5
chang0926-a07-350-n64-s1,2b483f74139a,329,328,0,,429271,,429271,3.448497652842937e-05,350000,350000,,,,,,0.19943548387096774,0.49598884542145116
chang0926-a07-350-n64-s1,2b483f74139a,330,329,1,367730,378076,1.0281347727952574,367730,3.604525357301796e-05,350000,350000,0,0,24677,0,0,0.20259677419354838,0.5
chang0926-a07-350-n64-s1,2b483f74139a,331,330,0,,367730,,367730,3.0954133235280605e-05,350000,350000,,,,,,0.20259677419354838,0.5
chang0926-a07-350-n64-s1,2b483f74139a,332,331,0,,371868,,371868,3.1030708989534825e-05,350000,350000,,,,,,0.20259677419354838,0.5
chang0926-a07-350-n64-s1,2b483f74139a,333,332,0,,367735,,367735,3.1475126405615575e-05,350000,350000,,,,,,0.20159677419354838,0.5
chang0926-a07-350-n64-s1,2b483f74139a,334,333,0,,378071,,378071,3.120232727693059e-05,350000,350000,,,,,,0.20259677419354838,0.5
chang0926-a07-350-n64-s1,2b483f74139a,335,334,0,,376055,,376055,3.2203320409811404e-05,350000,350000,,,,,,0.20259677419354838,0.5
chang0926-a07-350-n64-s1,2b483f74139a,336,335,0,,378135,,378135,3.2146805356216144e-05,350000,350000,,,,,,0.20259677419354838,0.5
chang0926-a07-350-n64-s1,2b483f74139a,337,336,0,,367794,,367794,3.244981851414447e-05,350000,350000,,,,,,0.20159677419354838,0.5
chang0926-a07-350-n64-s1,2b483f74139a,338,337,0,,378130,,378130,3.1640756957283105e-05,350000,350000,,,,,,0.20259677419354838,0.5
chang0926-a07-350-n64-s1,2b483f74139a,339,338,0,,374034,,374034,3.265592680129976e-05,350000,350000,,,,,,0.20259677419354838,0.5
chang0926-a07-350-n64-s1,2b483f74139a,340,339,1,367826,376119,1.0225459864174908,367826,3.2409632969615775e-05,350000,350000,0,0,24773,0,0,0.20259677419354838,0.5
chang0926-a07-350-n64-s1,2b483f74139a,341,340,0,,371826,,371826,3.195097934138737e-05,350000,350000,,,,,,0.20259677419354838,0.5
chang0926-a07-350-n64-s1,2b483f74139a,342,341,0,,371863,,371863,3.239627599400163e-05,350000,350000,,,,,,0.20443548387096774,0.5029876967374867
chang0926-a07-350-n64-s1,2b483f74139a,343,342,0,,378007,,378007,3.2497806648324285e-05,350000,350000,,,,,,0.20259677419354838,0.5
chang0926-a07-350-n64-s1,2b483f74139a,344,343,0,,377975,,377975,3.316213736738182e-05,350000,350000,,,,,,0.20259677419354838,0.5
chang0926-a07-350-n64-s1,2b483f74139a,345,344,0,,377943,,377943,3.328706460941295e-05,350000,350000,,,,,,0.20443548387096774,0.5029876967374867
chang0926-a07-350-n64-s1,2b483f74139a,346,345,0,,380060,,380060,3.341232079003215e-05,350000,350000,,,,,,0.20259677419354838,0.5
chang0926-a07-350-n64-s1,2b483f74139a,347,346,0,,382108,,382108,3.373818430351744e-05,350000,350000,,,,,,0.20443548387096774,0.5029876967374867
chang0926-a07-350-n64-s1,2b483f74139a,348,347,0,,382049,,382049,3.4069171858291685e-05,350000,350000,,,,,,0.20456451612903226,0.5041670056977345
chang0926-a07-350-n64-s1,2b483f74139a,349,348,0,,384156,,384156,3.4213465398799786e-05,350000,350000,,,,,,0.20456451612903226,0.5029876967374867
chang0926-a07-350-n64-s1,2b483f74139a,350,349,1,382039,382012,0.9999293265870762,382039,3.456269486900188e-05,350000,350000,0,0,38986,0,0,0.20456451612903226,0.5029876967374867
chang0926-a07-350-n64-s1,2b483f74139a,351,350,0,,421111,,421111,3.452308988255083e-05,350000,350000,,,,,,0.20259677419354838,0.5
chang0926-a07-350-n64-s1,2b483f74139a,352,351,0,,386204,,386204,3.840740565140397e-05,350000,350000,,,,,,0.20456451612903226,0.5029876967374867
chang0926-a07-350-n64-s1,2b483f74139a,353,352,0,,384060,,384060,3.5397499976908053e-05,350000,350000,,,,,,0.20259677419354838,0.5
chang0926-a07-350-n64-s1,2b483f74139a,354,353,0,,390327,,390327,3.536481999066238e-05,350000,350000,,,,,,0.2012741935483871,0.5029876967374867
chang0926-a07-350-n64-s1,2b483f74139a,355,354,0,,386135,,386135,3.613840622427496e-05,350000,350000,,,,,,0.20456451612903226,0.5029876967374867
chang0926-a07-350-n64-s1,2b483f74139a,356,355,0,,390295,,390295,3.5926352487466876e-05,350000,350000,,,,,,0.20456451612903226,0.5029876967374867
chang0926-a07-350-n64-s1,2b483f74139a,357,356,0,,388242,,388242,3.6511795706702496e-05,350000,350000,,,,,,0.20446774193548387,0.5029876967374867
chang0926-a07-350-n64-s1,2b483f74139a,358,357,0,,388188,,388188,3.65085382036352e-05,350000,350000,,,,,,0.20443548387096774,0.5040111545785487
chang0926-a07-350-n64-s1,2b483f74139a,359,358,0,,398423,,398423,3.6692959177586485e-05,350000,350000,,,,,,0.20456451612903226,0.5029876967374867
chang0926-a07-350-n64-s1,2b483f74139a,360,359,1,398482,396476,0.9949658955737022,398482,3.790520509544489e-05,350000,350000,0,0,55429,0,0,0.20446774193548387,0.5029876967374867
chang0926-a07-350-n64-s1,2b483f74139a,361,360,0,,398391,,398391,3.8157524458438166e-05,350000,350000,,,,,,0.20456451612903226,0.5041670056977345
chang0926-a07-350-n64-s1,2b483f74139a,362,361,0,,398487,,398487,3.839662703451018e-05,350000,350000,,,,,,0.20456451612903226,0.5041670056977345
chang0926-a07-350-n64-s1,2b483f74139a,363,362,0,,402610,,402610,3.865583154119258e-05,350000,350000,,,,,,0.20330645161290323,0.5012132617645395
chang0926-a07-350-n64-s1,2b483f74139a,364,363,0,,396370,,396370,3.933020820940492e-05,350000,350000,,,,,,0.20288709677419356,0.5012132617645395
chang0926-a07-350-n64-s1,2b483f74139a,365,364,0,,400466,,400466,3.896225650299233e-05,350000,350000,,,,,,0.20279032258064517,0.5007420242109868
chang0926-a07-350-n64-s1,2b483f74139a,366,365,0,,392274,,392274,3.963089266140645e-05,350000,350000,,,,,,0.20443548387096774,0.5029876967374867
chang0926-a07-350-n64-s1,2b483f74139a,367,366,0,,398519,,398519,3.90421569226942e-05,350000,350000,,,,,,0.20330645161290323,0.5007420242109868
chang0926-a07-350-n64-s1,2b483f74139a,368,367,0,,406711,,406711,3.992200640444953e-05,350000,350000,,,,,,0.20330645161290323,0.5010963889840918
chang0926-a07-350-n64-s1,2b483f74139a,369,368,0,,404663,,404663,4.104971444846169e-05,350000,350000,,,,,,0.2341774193548387,0.5461789011004449
chang0926-a07-350-n64-s1,2b483f74139a,370,369,1,402642,402679,1.0000918930464284,402642,4.114044560120953e-05,350000,350000,0,0,59589,0,0,0.20288709677419356,0.5005704580168963
chang0926-a07-350-n64-s1,2b483f74139a,371,370,0,,392306,,392306,4.1222765192908554e-05,350000,350000,,,,,,0.20330645161290323,0.5007420242109868
chang0926-a07-350-n64-s1,2b483f74139a,372,371,0,,398482,,398482,4.039437022843904e-05,350000,350000,,,,,,0.23583870967741935,0.5532314995167613
chang0926-a07-350-n64-s1,2b483f74139a,373,372,0,,388215,,388215,4.1297297560333166e-05,350000,350000,,,,,,0.20259677419354838,0.5
chang0926-a07-350-n64-s1,2b483f74139a,374,373,0,,388188,,388188,4.044226304965464e-05,350000,350000,,,,,,0.20456451612903226,0.5041670056977345
chang0926-a07-350-n64-s1,2b483f74139a,375,374,0,,388151,,388151,4.064938196012996e-05,350000,350000,,,,,,0.20456451612903226,0.5041670056977345
chang0926-a07-350-n64-s1,2b483f74139a,376,375,0,,382007,,382007,4.085631408785171e-05,350000,350000,,,,,,0.20456451612903226,0.5041670056977345
chang0926-a07-350-n64-s1,2b483f74139a,377,376,0,,384050,,384050,4.0385917997977636e-05,350000,350000,,,,,,0.20446774193548387,0.5035861427277073
chang0926-a07-350-n64-s1,2b483f74139a,378,377,0,,379991,,379991,4.079081604332493e-05,350000,350000,,,,,,0.20259677419354838,0.5
chang0926-a07-350-n64-s1,2b483f74139a,379,378,0,,382039,,382039,4.052594942859093e-05,350000,350000,,,,,,0.20259677419354838,0.5
chang0926-a07-350-n64-s1,2b483f74139a,380,379,1,377933,377975,1.0001111308089,377933,4.0923198475065275e-05,350000,350000,0,0,34880,0,0,0.20259677419354838,0.5
chang0926-a07-350-n64-s1,2b483f74139a,381,380,0,,384146,,384146,4.063909460347517e-05,350000,350000,,,,,,0.20259677419354838,0.5
chang0926-a07-350-n64-s1,2b483f74139a,382,381,0,,384082,,384082,4.149988925593272e-05,350000,350000,,,,,,0.20443548387096774,0.5029876967374867
chang0926-a07-350-n64-s1,2b483f74139a,383,382,0,,390322,,390322,4.168620619313934e-05,350000,350000,,,,,,0.20259677419354838,0.5
chang0926-a07-350-n64-s1,2b483f74139a,384,383,0,,379922,,379922,4.2595056401820254e-05,350000,350000,,,,,,0.20259677419354838,0.5
chang0926-a07-350-n64-s1,2b483f74139a,385,384,0,,382034,,382034,4.163052904269833e-05,350000,350000,,,,,,0.20259677419354838,0.5
chang0926-a07-350-n64-s1,2b483f74139a,386,385,0,,392370,,392370,4.2045662643143185e-05,350000,350000,,,,,,0.20259677419354838,0.5
chang0926-a07-350-n64-s1,2b483f74139a,387,386,0,,392306,,392306,4.343065384867799e-05,350000,350000,,,,,,0.20259677419354838,0.5
chang0926-a07-350-n64-s1,2b483f74139a,388,387,0,,384114,,384114,4.367202891888278e-05,350000,350000,,,,,,0.20259677419354838,0.5
chang0926-a07-350-n64-s1,2b483f74139a,389,388,0,,400498,,400498,4.2959395296181245e-05,350000,350000,,,,,,0.20259677419354838,0.5
chang0926-a07-350-n64-s1,2b483f74139a,390,389,1,379954,382002,1.0053901261731684,379954,4.50946468458541e-05,350000,350000,0,0,36901,0,0,0.20443548387096774,0.5029876967374867
chang0926-a07-350-n64-s1,2b483f74139a,391,390,0,,379986,,379986,4.2957481156623884e-05,350000,350000,,,,,,0.20259677419354838,0.5
chang0926-a07-350-n64-s1,2b483f74139a,392,391,0,,379986,,379986,4.3138035240940163e-05,350000,350000,,,,,,0.20259677419354838,0.5
chang0926-a07-350-n64-s1,2b483f74139a,393,392,0,,382034,,382034,4.3315700130491507e-05,350000,350000,,,,,,0.20259677419354838,0.5
chang0926-a07-350-n64-s1,2b483f74139a,394,393,0,,384114,,384114,4.374026971801721e-05,350000,350000,,,,,,0.2012741935483871,0.5
chang0926-a07-350-n64-s1,2b483f74139a,395,394,0,,377874,,377874,4.418340502771127e-05,350000,350000,,,,,,0.20259677419354838,0.5
chang0926-a07-350-n64-s1,2b483f74139a,396,395,0,,379986,,379986,4.363249070655745e-05,350000,350000,,,,,,0.20456451612903226,0.5035861427277073
chang0926-a07-350-n64-s1,2b483f74139a,397,396,0,,380018,,380018,4.405706557570261e-05,350000,350000,,,,,,0.20259677419354838,0.5
chang0926-a07-350-n64-s1,2b483f74139a,398,397,0,,379986,,379986,4.424242727913987e-05,350000,350000,,,,,,0.2012741935483871,0.5
chang0926-a07-350-n64-s1,2b483f74139a,399,398,0,,402578,,402578,4.442089978495096e-05,350000,350000,,,,,,0.20259677419354838,0.5
chang0926-a07-350-n64-s1,2b483f74139a,400,399,1,377933,377970,1.0000979009506976,377933,4.7392420798587953e-05,350000,350000,0,0,34880,0,0,0.20259677419354838,0.5
chang0926-a07-350-n64-s1,2b483f74139a,401,400,0,,392306,,392306,4.466229218443553e-05,350000,350000,,,,,,0.20259677419354838,0.5
chang0926-a07-350-n64-s1,2b483f74139a,402,401,0,,382066,,382066,4.662608909295319e-05,350000,350000,,,,,,0.20259677419354838,0.5
chang0926-a07-350-n64-s1,2b483f74139a,403,402,0,,379986,,379986,4.5608516662347536e-05,350000,350000,,,,,,0.20443548387096774,0.5035685597075139
chang0926-a07-350-n64-s1,2b483f74139a,404,403,0,,394354,,394354,4.554703699798396e-05,350000,350000,,,,,,0.20259677419354838,0.5
chang0926-a07-350-n64-s1,2b483f74139a,405,404,0,,382066,,382066,4.755209927029125e-05,350000,350000,,,,,,0.20259677419354838,0.5
chang0926-a07-350-n64-s1,2b483f74139a,406,405,0,,375831,,375831,4.627275453409914e-05,350000,350000,,,,,,0.20259677419354838,0.5
chang0926-a07-350-n64-s1,2b483f74139a,407,406,0,,375890,,375890,4.567996776138339e-05,350000,350000,,,,,,0.20259677419354838,0.5
chang0926-a07-350-n64-s1,2b483f74139a,408,407,0,,375863,,375863,4.585044950066864e-05,350000,350000,,,,,,0.20259677419354838,0.5
chang0926-a07-350-n64-s1,2b483f74139a,409,408,0,,375927,,375927,4.60108734688176e-05,350000,350000,,,,,,0.20456451612903226,0.5041670056977345
chang0926-a07-350-n64-s1,2b483f74139a,410,409,1,373837,375927,1.0055906718703607,373837,4.618343110541663e-05,350000,350000,0,0,30784,0,0,0.20259677419354838,0.5
chang0926-a07-350-n64-s1,2b483f74139a,411,410,0,,375890,,375890,4.607821753005518e-05,350000,350000,,,,,,0.20259677419354838,0.5
chang0926-a07-350-n64-s1,2b483f74139a,412,411,0,,394354,,394354,4.649687830302585e-05,350000,350000,,,,,,0.20259677419354838,0.5
chang0926-a07-350-n64-s1,2b483f74139a,413,412,0,,379922,,379922,4.907272611387708e-05,350000,350000,,,,,,0.20259677419354838,0.5
chang0926-a07-350-n64-s1,2b483f74139a,414,413,0,,377938,,377938,4.747114393324972e-05,350000,350000,,,,,,0.20456451612903226,0.5035861427277073
chang0926-a07-350-n64-s1,2b483f74139a,415,414,0,,375826,,375826,4.74049224816736e-05,350000,350000,,,,,,0.20259677419354838,0.5
chang0926-a07-350-n64-s1,2b483f74139a,416,415,0,,380018,,380018,4.7308114667969715e-05,350000,350000,,,,,,0.20259677419354838,0.5
chang0926-a07-350-n64-s1,2b483f74139a,417,416,0,,375922,,375922,4.803300895965058e-05,350000,350000,,,,,,0.20259677419354838,0.5
chang0926-a07-350-n64-s1,2b483f74139a,418,417,0,,378002,,378002,4.7685336621946756e-05,350000,350000,,,,,,0.20259677419354838,0.5
chang0926-a07-350-n64-s1,2b483f74139a,419,418,0,,388242,,388242,4.813406172397444e-05,350000,350000,,,,,,0.20259677419354838,0.5
chang0926-a07-350-n64-s1,2b483f74139a,420,419,1,375885,375890,1.000013301940753,375885,4.96949950828721e-05,350000,350000,0,0,32832,0,0,0.20259677419354838,0.5
chang0926-a07-350-n64-s1,2b483f74139a,421,420,0,,380018,,380018,4.8285249422396985e-05,350000,350000,,,,,,0.20259677419354838,0.5
chang0926-a07-350-n64-s1,2b483f74139a,422,421,0,,375922,,375922,4.901742106127517e-05,350000,350000,,,,,,0.20259677419354838,0.5
chang0926-a07-350-n64-s1,2b483f74139a,423,422,0,,377970,,377970,4.8662623355745164e-05,350000,350000,,,,,,0.20443548387096774,0.5029876967374867
chang0926-a07-350-n64-s1,2b483f74139a,424,423,0,,375890,,375890,4.9116178612324165e-05,350000,350000,,,,,,0.20259677419354838,0.5
chang0926-a07-350-n64-s1,2b483f74139a,425,424,0,,394386,,394386,4.902048997615156e-05,350000,350000,,,,,,0.20259677419354838,0.5
chang0926-a07-350-n64-s1,2b483f74139a,426,425,0,,377906,,377906,5.1740549637105424e-05,350000,350000,,,,,,0.20259677419354838,0.5
chang0926-a07-350-n64-s1,2b483f74139a,427,426,0,,377970,,377970,4.976902381299402e-05,350000,350000,,,,,,0.20259677419354838,0.5
chang0926-a07-350-n64-s1,2b483f74139a,428,427,0,,380050,,380050,4.9969169352997956e-05,350000,350000,,,,,,0.20259677419354838,0.5
chang0926-a07-350-n64-s1,2b483f74139a,429,428,0,,375826,,375826,5.045151022077104e-05,350000,350000,,,,,,0.20259677419354838,0.5
chang0926-a07-350-n64-s1,2b483f74139a,430,429,1,386157,384114,0.9947094057598335,386157,5.0068686085973545e-05,350000,350000,0,0,43104,0,0,0.20259677419354838,0.5
chang0926-a07-350-n64-s1,2b483f74139a,431,430,0,,388210,,388210,5.1698516155865e-05,350000,350000,,,,,,0.20259677419354838,0.5
chang0926-a07-350-n64-s1,2b483f74139a,432,431,0,,388210,,388210,5.2243326053148525e-05,350000,350000,,,,,,0.20259677419354838,0.5
chang0926-a07-350-n64-s1,2b483f74139a,433,432,0,,375954,,375954,5.251468345962419e-05,350000,350000,,,,,,0.20456451612903226,0.5041670056977345
chang0926-a07-350-n64-s1,2b483f74139a,434,433,0,,375826,,375826,5.103899062308758e-05,350000,350000,,,,,,0.20259677419354838,0.5
chang0926-a07-350-n64-s1,2b483f74139a,435,434,0,,390258,,390258,5.120355653886192e-05,350000,350000,,,,,,0.20259677419354838,0.5
chang0926-a07-350-n64-s1,2b483f74139a,436,435,0,,375922,,375922,5.3460043641170084e-05,350000,350000,,,,,,0.20259677419354838,0.5
chang0926-a07-350-n64-s1,2b483f74139a,437,436,0,,377906,,377906,5.168050180460738e-05,350000,350000,,,,,,0.20259677419354838,0.5
chang0926-a07-350-n64-s1,2b483f74139a,438,437,0,,375922,,375922,5.215291093018956e-05,350000,350000,,,,,,0.20259677419354838,0.5
chang0926-a07-350-n64-s1,2b483f74139a,439,438,0,,381370,,381370,5.206477476541347e-05,350000,350000,,,,,,0.20259677419354838,0.5
chang0926-a07-350-n64-s1,2b483f74139a,440,439,1,400434,405914,1.0136851516105025,400434,5.3046496068806685e-05,350000,350000,0,0,57381,0,0,0.20443548387096774,0.5029876967374867
chang0926-a07-350-n64-s1,2b483f74139a,441,440,0,,400498,,400498,5.607435231065596e-05,350000,350000,,,,,,0.20259677419354838,0.5
chang0926-a07-350-n64-s1,2b483f74139a,442,441,0,,384082,,384082,5.646252392186649e-05,350000,350000,,,,,,0.2012741935483871,0.5
chang0926-a07-350-n64-s1,2b483f74139a,443,442,0,,380050,,380050,5.4400348996920394e-05,350000,350000,,,,,,0.20259677419354838,0.5
chang0926-a07-350-n64-s1,2b483f74139a,444,443,0,,386098,,386098,5.405141937820513e-05,350000,350000,,,,,,0.2012741935483871,0.5
chang0926-a07-350-n64-s1,2b483f74139a,445,444,0,,375858,,375858,5.518174035473732e-05,350000,350000,,,,,,0.20259677419354838,0.5
chang0926-a07-350-n64-s1,2b483f74139a,446,445,0,,386098,,386098,5.3910011890048405e-05,350000,350000,,,,,,0.2012741935483871,0.5
chang0926-a07-350-n64-s1,2b483f74139a,447,446,0,,380050,,380050,5.565121577109316e-05,350000,350000,,,,,,0.20259677419354838,0.5
chang0926-a07-350-n64-s1,2b483f74139a,448,447,0,,375858,,375858,5.500554549931517e-05,350000,350000,,,,,,0.20259677419354838,0.5
chang0926-a07-350-n64-s1,2b483f74139a,449,448,0,,400530,,400530,5.4593045878798154e-05,350000,350000,,,,,,0.20259677419354838,0.5
chang0926-a07-350-n64-s1,2b483f74139a,450,449,1,375917,375954,1.0000984259823311,375917,5.8570229773240755e-05,350000,350000,0,0,32864,0,0,0.20259677419354838,0.5
chang0926-a07-350-n64-s1,2b483f74139a,451,450,0,,375922,,375922,5.516772048488368e-05,350000,350000,,,,,,0.20259677419354838,0.5
chang0926-a07-350-n64-s1,2b483f74139a,452,451,0,,375954,,375954,5.536589193790866e-05,350000,350000,,,,,,0.20259677419354838,0.5
chang0926-a07-350-n64-s1,2b483f74139a,453,452,0,,380050,,380050,5.556900254619523e-05,350000,350000,,,,,,0.20259677419354838,0.5
chang0926-a07-350-n64-s1,2b483f74139a,454,453,0,,375986,,375986,5.6406254547482364e-05,350000,350000,,,,,,0.20259677419354838,0.5
chang0926-a07-350-n64-s1,2b483f74139a,455,454,0,,388274,,388274,5.6003269442799024e-05,350000,350000,,,,,,0.20259677419354838,0.5
chang0926-a07-350-n64-s1,2b483f74139a,456,455,0,,378034,,378034,5.813444499918069e-05,350000,350000,,,,,,0.20259677419354838,0.5
chang0926-a07-350-n64-s1,2b483f74139a,457,456,0,,375986,,375986,5.681973753795924e-05,350000,350000,,,,,,0.20259677419354838,0.5
chang0926-a07-350-n64-s1,2b483f74139a,458,457,0,,375986,,375986,5.671464490386865e-05,350000,350000,,,,,,0.20259677419354838,0.5
chang0926-a07-350-n64-s1,2b483f74139a,459,458,0,,375954,,375954,5.691810057806766e-05,350000,350000,,,,,,0.20259677419354838,0.5
chang0926-a07-350-n64-s1,2b483f74139a,460,459,1,386189,382130,0.9894896022413896,386189,5.71171813964634e-05,350000,350000,0,0,43136,0,0,0.20259677419354838,0.5
chang0926-a07-350-n64-s1,2b483f74139a,461,460,0,,392338,,392338,5.8961503600143886e-05,350000,350000,,,,,,0.20259677419354838,0.5
chang0926-a07-350-n64-s1,2b483f74139a,462,461,0,,396434,,396434,6.024328439046408e-05,350000,350000,,,,,,0.20259677419354838,0.5
chang0926-a07-350-n64-s1,2b483f74139a,463,462,0,,377874,,377874,6.12525684319092e-05,350000,350000,,,,,,0.20259677419354838,0.5
chang0926-a07-350-n64-s1,2b483f74139a,464,463,0,,380050,,380050,5.860900775542569e-05,350000,350000,,,,,,0.20259677419354838,0.5
chang0926-a07-350-n64-s1,2b483f74139a,465,464,0,,390290,,390290,5.918978050910554e-05,350000,350000,,,,,,0.20259677419354838,0.5
chang0926-a07-350-n64-s1,2b483f74139a,466,465,0,,375890,,375890,6.111662810425805e-05,350000,350000,,,,,,0.20259677419354838,0.5
chang0926-a07-350-n64-s1,2b483f74139a,467,466,0,,386194,,386194,5.9072094545129625e-05,350000,350000,,,,,,0.20259677419354838,0.5
chang0926-a07-350-n64-s1,2b483f74139a,468,467,0,,375954,,375954,6.099075283672242e-05,350000,350000,,,,,,0.20259677419354838,0.5
chang0926-a07-350-n64-s1,2b483f74139a,469,468,0,,377970,,377970,5.958631320510117e-05,350000,350000,,,,,,0.20259677419354838,0.5
chang0926-a07-350-n64-s1,2b483f74139a,470,469,1,375890,377938,1.005448402458166,375890,6.013656258513467e-05,350000,350000,0,0,32837,0,0,0.20443548387096774,0.5035685597075139
chang0926-a07-350-n64-s1,2b483f74139a,471,470,0,,375954,,375954,6.001940392539244e-05,350000,350000,,,,,,0.20259677419354838,0.5
chang0926-a07-350-n64-s1,2b483f74139a,472,471,0,,380050,,380050,6.024471428604921e-05,350000,350000,,,,,,0.20259677419354838,0.5
chang0926-a07-350-n64-s1,2b483f74139a,473,472,0,,375954,,375954,6.115241471779683e-05,350000,350000,,,,,,0.20259677419354838,0.5
chang0926-a07-350-n64-s1,2b483f74139a,474,473,0,,377874,,377874,6.071009562828679e-05,350000,350000,,,,,,0.20259677419354838,0.5
chang0926-a07-350-n64-s1,2b483f74139a,475,474,0,,377874,,377874,6.125438251658551e-05,350000,350000,,,,,,0.20259677419354838,0.5
chang0926-a07-350-n64-s1,2b483f74139a,476,475,0,,375826,,375826,6.148952165901988e-05,350000,350000,,,,,,0.20259677419354838,0.5
chang0926-a07-350-n64-s1,2b483f74139a,477,476,0,,375954,,375954,6.137434415334083e-05,350000,350000,,,,,,0.20259677419354838,0.5
chang0926-a07-350-n64-s1,2b483f74139a,478,477,0,,375954,,375954,6.161523167170501e-05,350000,350000,,,,,,0.20259677419354838,0.5
chang0926-a07-350-n64-s1,2b483f74139a,479,478,0,,384146,,384146,6.183600434629712e-05,350000,350000,,,,,,0.20259677419354838,0.5
chang0926-a07-350-n64-s1,2b483f74139a,480,479,1,382093,386194,1.0107329890890437,382093,6.347817584285317e-05,350000,350000,0,0,39040,0,0,0.20259677419354838,0.5
chang0926-a07-350-n64-s1,2b483f74139a,481,480,0,,375954,,375954,6.341649804511575e-05,350000,350000,,,,,,0.20259677419354838,0.5
chang0926-a07-350-n64-s1,2b483f74139a,482,481,0,,375954,,375954,6.2621175781785e-05,350000,350000,,,,,,0.20259677419354838,0.5
chang0926-a07-350-n64-s1,2b483f74139a,483,482,0,,375826,,375826,6.284555284064455e-05,350000,350000,,,,,,0.20259677419354838,0.5
chang0926-a07-350-n64-s1,2b483f74139a,484,483,0,,385402,,385402,6.304818686277755e-05,350000,350000,,,,,,0.20259677419354838,0.5
chang0926-a07-350-n64-s1,2b483f74139a,485,484,0,,401818,,401818,6.496688441069174e-05,350000,350000,,,,,,0.20443548387096774,0.5029876967374867
chang0926-a07-350-n64-s1,2b483f74139a,486,485,0,,398967,,398967,6.820332236115932e-05,350000,350000,,,,,,0.20259677419354838,0.5
chang0926-a07-350-n64-s1,2b483f74139a,487,486,0,,396855,,396855,6.816423495623737e-05,350000,350000,,,,,,0.20259677419354838,0.5
chang0926-a07-350-n64-s1,2b483f74139a,488,487,0,,392759,,392759,6.823067011201841e-05,350000,350000,,,,,,0.20443548387096774,0.5029876967374867
chang0926-a07-350-n64-s1,2b483f74139a,489,488,0,,392759,,392759,6.791673988897412e-05,350000,350000,,,,,,0.20443548387096774,0.5029876967374867
chang0926-a07-350-n64-s1,2b483f74139a,490,489,1,390226,392759,1.006491110279684,390226,6.830928443702279e-05,350000,350000,0,0,47173,0,0,0.20443548387096774,0.5029876967374867
chang0926-a07-350-n64-s1,2b483f74139a,491,490,0,,390226,,390226,6.823892875818536e-05,350000,350000,,,,,,0.20443548387096774,0.5029876967374867
chang0926-a07-350-n64-s1,2b483f74139a,492,491,0,,379922,,379922,6.861113573856119e-05,350000,350000,,,,,,0.20259677419354838,0.5
chang0926-a07-350-n64-s1,2b483f74139a,493,492,0,,392274,,392274,6.70739941860616e-05,350000,350000,,,,,,0.20259677419354838,0.5
chang0926-a07-350-n64-s1,2b483f74139a,494,493,0,,392274,,392274,6.965067410131102e-05,350000,350000,,,,,,0.20443548387096774,0.5029876967374867
chang0926-a07-350-n64-s1,2b483f74139a,495,494,0,,390226,,390226,7.004891261129649e-05,350000,350000,,,,,,0.20443548387096774,0.5029876967374867
chang0926-a07-350-n64-s1,2b483f74139a,496,495,0,,388178,,388178,7.006328311033378e-05,350000,350000,,,,,,0.20443548387096774,0.5035685597075139
chang0926-a07-350-n64-s1,2b483f74139a,497,496,0,,381970,,381970,7.005729162366763e-05,350000,350000,,,,,,0.20259677419354838,0.5
chang0926-a07-350-n64-s1,2b483f74139a,498,497,0,,392242,,392242,6.923883323206843e-05,350000,350000,,,,,,0.20443548387096774,0.5029876967374867
chang0926-a07-350-n64-s1,2b483f74139a,499,498,0,,388146,,388146,7.150705355437147e-05,350000,350000,,,,,,0.20456451612903226,0.5041670056977345
chang0926-a07-350-n64-s1,2b483f74139a,500,499,1,381965,381970,1.0000130902045998,381965,7.112728918814495e-05,350000,350000,0,0,38912,0,0,0.20259677419354838,0.5
chang0926-c-n64-s1,d5ba2fb6f134,1,0,1,17747814,17622437.0,0.9929356370311295,17747814.0,1e-07,5000000.0,5000000,0,0,17404761,1,0,0.577258064516129,0.8590066063961126
chang0926-c-n64-s1,d5ba2fb6f134,2,1,0,,19026929.0,,19026929.0,9.999999997041876e-08,5000000.0,5000000,,,,,,0.6255322580645162,0.8845393281396623
chang0926-c-n64-s1,d5ba2fb6f134,3,2,0,,15199788.0,,15199788.0,1.14615608261446e-07,5000000.0,5000000,,,,,,0.6545,0.8914620275641706
chang0926-c-n64-s1,d5ba2fb6f134,4,3,0,,15251228.0,,15251228.0,9.679567950006818e-08,5000000.0,5000000,,,,,,0.664741935483871,0.8977086035650709
chang0926-c-n64-s1,d5ba2fb6f134,5,4,0,,11845169.0,,11845169.0,1.0269280023284097e-07,5000000.0,5000000,,,,,,0.5802096774193548,0.8581097665159246
chang0926-c-n64-s1,d5ba2fb6f134,6,5,0,,11280553.0,,11280553.0,8.327315264140574e-08,5000000.0,5000000,,,,,,0.6648064516129032,0.8946016500362484
chang0926-c-n64-s1,d5ba2fb6f134,7,6,0,,9295777.0,,9295777.0,8.259659710672864e-08,5000000.0,5000000,,,,,,0.6877580645161291,0.9028054321874113
chang0926-c-n64-s1,d5ba2fb6f134,8,7,0,,9207032.0,,9207032.0,7.020745757633006e-08,5000000.0,5000000,,,,,,0.6779354838709677,0.8995172451235678
chang0926-c-n64-s1,d5ba2fb6f134,9,8,0,,8767817.0,,8767817.0,7.169265839237195e-08,5000000.0,5000000,,,,,,0.6704354838709677,0.89673308764097
chang0926-c-n64-s1,d5ba2fb6f134,10,9,1,7036361,7959192.0,1.1311517416460013,7036361.0,7.021705041765865e-08,5000000.0,5000000,0,0,6693308,1,0,0.6665483870967742,0.8983510286117685
chang0926-c-n64-s1,d5ba2fb6f134,11,10,0,,7399536.0,,7399536.0,5.7321576180656185e-08,5000000.0,5000000,,,,,,0.6512096774193549,0.8905982299329226
chang0926-c-n64-s1,d5ba2fb6f134,12,11,0,,7107273.0,,7107273.0,6.147325683803171e-08,5000000.0,5000000,,,,,,0.6495645161290322,0.8891071256719698
chang0926-c-n64-s1,d5ba2fb6f134,13,12,0,,6339682.0,,6339682.0,6.009265362120362e-08,5000000.0,5000000,,,,,,0.6352258064516129,0.8867058646813547
chang0926-c-n64-s1,d5ba2fb6f134,14,13,0,,6413598.0,,6413598.0,5.424262923338551e-08,5000000.0,5000000,,,,,,0.6379677419354839,0.8816321991072072
chang0926-c-n64-s1,d5ba2fb6f134,15,14,0,,5882502.0,,5882502.0,5.556247462297337e-08,5000000.0,5000000,,,,,,0.6553870967741936,0.8890771424303822
chang0926-c-n64-s1,d5ba2fb6f134,16,15,0,,5814980.0,,5814980.0,5.137733016024767e-08,5000000.0,5000000,,,,,,0.6737741935483871,0.8969974695995185
chang0926-c-n64-s1,d5ba2fb6f134,17,16,0,,5658210.0,,5658210.0,5.1172494166846586e-08,5000000.0,5000000,,,,,,0.6653064516129032,0.8967428153411682
chang0926-c-n64-s1,d5ba2fb6f134,18,17,0,,4889630.0,,4889630.0,5.010174758147106e-08,5000000.0,5000000,,,,,,0.6658548387096774,0.8974590162359801
chang0926-c-n64-s1,d5ba2fb6f134,19,18,0,,4712765.0,,4712765.0,4.324790849665779e-08,5000000.0,5000000,,,,,,0.6620483870967742,0.8965842896696931
chang0926-c-n64-s1,d5ba2fb6f134,20,19,1,4880224,4718944.0,0.9669523366140571,4880224.0,4.156044468358434e-08,5000000.0,5000000,1,1,4537171,1,0,0.6647258064516129,0.9003598357861657
chang0926-c-n64-s1,d5ba2fb6f134,21,20,0,,5442954.0,,5442954.0,4.298507069240831e-08,5000000.0,5000000,,,,,,0.6469354838709678,0.8936967206001538
chang0926-c-n64-s1,d5ba2fb6f134,22,21,0,,5300432.0,,5300432.0,4.814550937908954e-08,5000000.0,5000000,,,,,,0.655483870967742,0.8911545895900286
chang0926-c-n64-s1,d5ba2fb6f134,23,22,0,,4855966.0,,4855966.0,4.70218219105625e-08,5000000.0,5000000,,,,,,0.6239354838709678,0.8864847787349724
chang0926-c-n64-s1,d5ba2fb6f134,24,23,0,,4737996.0,,4737996.0,4.301590892737584e-08,5000000.0,5000000,,,,,,0.6620967741935484,0.8934236859025443
chang0926-c-n64-s1,d5ba2fb6f134,25,24,0,,4610047.0,,4610047.0,4.185808838841979e-08,5000000.0,5000000,,,,,,0.6423064516129032,0.8856093634847427
chang0926-c-n64-s1,d5ba2fb6f134,26,25,0,,4565502.0,,4565502.0,4.0562696825970414e-08,5000000.0,5000000,,,,,,0.6588548387096774,0.8930417521871906
chang0926-c-n64-s1,d5ba2fb6f134,27,26,0,,4517807.0,,4517807.0,3.985387149057701e-08,5000000.0,5000000,,,,,,0.6469032258064517,0.8925946080092169
chang0926-c-n64-s1,d5ba2fb6f134,28,27,0,,4043742.0,,4043742.0,3.936435781470034e-08,5000000.0,5000000,,,,,,0.6720483870967742,0.8977259345903825
chang0926-c-n64-s1,d5ba2fb6f134,29,28,0,,4055502.0,,4055502.0,3.486178397166212e-08,5000000.0,5000000,,,,,,0.6599193548387097,0.893239047825079
chang0926-c-n64-s1,d5ba2fb6f134,30,29,1,4317871,4219567.0,0.9772332244293542,4317871.0,3.4599077475394296e-08,5000000.0,5000000,1,1,3974818,1,0,0.6376612903225807,0.8862534056458944
chang0926-c-n64-s1,d5ba2fb6f134,31,30,0,,4686889.0,,4686889.0,3.656828100239398e-08,5000000.0,5000000,,,,,,0.6622741935483871,0.8894105268618088
chang0926-c-n64-s1,d5ba2fb6f134,32,31,0,,4675947.0,,4675947.0,3.956537475880905e-08,5000000.0,5000000,,,,,,0.654483870967742,0.8943049486926509
chang0926-c-n64-s1,d5ba2fb6f134,33,32,0,,4254297.0,,4254297.0,3.934098000319365e-08,5000000.0,5000000,,,,,,0.6749677419354839,0.9011450992760537
chang0926-c-n64-s1,d5ba2fb6f134,34,33,0,,4295307.0,,4295307.0,3.5505553703718374e-08,5000000.0,5000000,,,,,,0.6658064516129032,0.8927779568395071
chang0926-c-n64-s1,d5ba2fb6f134,35,34,0,,4220744.0,,4220744.0,3.557655604662044e-08,5000000.0,5000000,,,,,,0.6145322580645162,0.879456687452438
chang0926-c-n64-s1,d5ba2fb6f134,36,35,0,,4239857.0,,4239857.0,3.466407827566574e-08,5000000.0,5000000,,,,,,0.6608548387096774,0.8953681525169394
chang0926-c-n64-s1,d5ba2fb6f134,37,36,0,,4184890.0,,4184890.0,3.4535115621480704e-08,5000000.0,5000000,,,,,,0.6525806451612903,0.8865105640967306
chang0926-c-n64-s1,d5ba2fb6f134,38,37,0,,3846131.0,,3846131.0,3.378543028207238e-08,5000000.0,5000000,,,,,,0.6607903225806452,0.8929060229027513
chang0926-c-n64-s1,d5ba2fb6f134,39,38,0,,3855242.0,,3855242.0,3.064588609318162e-08,5000000.0,5000000,,,,,,0.6327258064516129,0.8783990984981035
chang0926-c-n64-s1,d5ba2fb6f134,40,39,1,3965577,3813334.0,0.961608865494227,3965577.0,3.032172030374909e-08,5000000.0,5000000,1,1,3622524,1,0,0.6516129032258065,0.8860509817475414
chang0926-c-n64-s1,d5ba2fb6f134,41,40,0,,4353036.0,,4353036.0,3.083013304573244e-08,5000000.0,5000000,,,,,,0.6053548387096774,0.8736774319649883
chang0926-c-n64-s1,d5ba2fb6f134,42,41,0,,4423787.0,,4423787.0,3.360875179799311e-08,5000000.0,5000000,,,,,,0.6591612903225806,0.8862313633146629
chang0926-c-n64-s1,d5ba2fb6f134,43,42,0,,4057724.0,,4057724.0,3.394654214204766e-08,5000000.0,5000000,,,,,,0.5942419354838709,0.8661461544874584
chang0926-c-n64-s1,d5ba2fb6f134,44,43,0,,3995203.0,,3995203.0,3.0814098281969306e-08,5000000.0,5000000,,,,,,0.663241935483871,0.8895136939347277
chang0926-c-n64-s1,d5ba2fb6f134,45,44,0,,4019267.0,,4019267.0,3.000089791702487e-08,5000000.0,5000000,,,,,,0.536258064516129,0.8726041194571502
chang0926-c-n64-s1,d5ba2fb6f134,46,45,0,,4121121.0,,4121121.0,2.985390194727981e-08,5000000.0,5000000,,,,,,0.6134193548387097,0.8745914847025581
chang0926-c-n64-s1,d5ba2fb6f134,47,46,0,,4089916.0,,4089916.0,3.031599863416687e-08,5000000.0,5000000,,,,,,0.6017096774193549,0.869467516821848
chang0926-c-n64-s1,d5ba2fb6f134,48,47,0,,3736195.0,,3736195.0,2.978572122293075e-08,5000000.0,5000000,,,,,,0.49516129032258066,0.8681593857284673
chang0926-c-n64-s1,d5ba2fb6f134,49,48,0,,3804972.0,,3804972.0,2.681613871358339e-08,5000000.0,5000000,,,,,,0.6256774193548387,0.8815996500179579
chang0926-c-n64-s1,d5ba2fb6f134,50,49,1,3922017,3758740.0,0.9583691248661085,3922017.0,2.693935831797085e-08,5000000.0,5000000,1,1,3578964,1,0,0.6417096774193548,0.8889356277826661
chang0926-c-n64-s1,d5ba2fb6f134,51,50,0,,4331838.0,,4331838.0,2.7432931986168365e-08,5000000.0,5000000,,,,,,0.6383387096774193,0.8874882490004007
chang0926-c-n64-s1,d5ba2fb6f134,52,51,0,,4359224.0,,4359224.0,3.0082925751391716e-08,5000000.0,5000000,,,,,,0.6431612903225806,0.886091546325955
chang0926-c-n64-s1,d5ba2fb6f134,53,52,0,,4089808.0,,4089808.0,3.0066232403271685e-08,5000000.0,5000000,,,,,,0.6602741935483871,0.890558301484514
chang0926-c-n64-s1,d5ba2fb6f134,54,53,0,,4123908.0,,4123908.0,2.7926042206892623e-08,5000000.0,5000000,,,,,,0.46506451612903227,0.8647572074016109
chang0926-c-n64-s1,d5ba2fb6f134,55,54,0,,4027957.0,,4027957.0,2.7888964290458593e-08,5000000.0,5000000,,,,,,0.5889516129032258,0.8650823891910792
chang0926-c-n64-s1,d5ba2fb6f134,56,55,0,,4124196.0,,4124196.0,2.6947221045601697e-08,5000000.0,5000000,,,,,,0.6258225806451613,0.8722504958034456
chang0926-c-n64-s1,d5ba2fb6f134,57,56,0,,4111825.0,,4111825.0,2.7326683105700698e-08,5000000.0,5000000,,,,,,0.6209838709677419,0.8785900586069688
chang0926-c-n64-s1,d5ba2fb6f134,58,57,0,,3820973.0,,3820973.0,2.6979598195475717e-08,5000000.0,5000000,,,,,,0.5868387096774194,0.8553074015200723
chang0926-c-n64-s1,d5ba2fb6f134,59,58,0,,3842921.0,,3842921.0,2.4736316088966324e-08,5000000.0,5000000,,,,,,0.6140161290322581,0.8759272212822072
chang0926-c-n64-s1,d5ba2fb6f134,60,59,1,3832579,3780711.0,0.986466554244544,3832579.0,2.4553142379517904e-08,5000000.0,5000000,1,1,3489526,1,0,0.6463709677419355,0.8862316849793217
chang0926-c-n64-s1,d5ba2fb6f134,61,60,0,,4417902.0,,4417902.0,2.416366447954987e-08,5000000.0,5000000,,,,,,0.6375967741935484,0.8814937307269235
chang0926-c-n64-s1,d5ba2fb6f134,62,61,0,,4454447.0,,4454447.0,2.768216562539751e-08,5000000.0,5000000,,,,,,0.6237096774193548,0.8767632980477107
chang0926-c-n64-s1,d5ba2fb6f134,63,62,0,,4097811.0,,4097811.0,2.7750382292074903e-08,5000000.0,5000000,,,,,,0.4412741935483871,0.8254499732800827
chang0926-c-n64-s1,d5ba2fb6f134,64,63,0,,4157309.0,,4157309.0,2.5275874731386474e-08,5000000.0,5000000,,,,,,0.6192741935483871,0.8747034433498891
chang0926-c-n64-s1,d5ba2fb6f134,65,64,0,,4112293.0,,4112293.0,2.5407310256993343e-08,5000000.0,5000000,,,,,,0.6058387096774194,0.8587059957384661
chang0926-c-n64-s1,d5ba2fb6f134,66,65,0,,4221729.0,,4221729.0,2.48877788047931e-08,5000000.0,5000000,,,,,,0.5693064516129033,0.8681553673755016
chang0926-c-n64-s1,d5ba2fb6f134,67,66,0,,4197539.0,,4197539.0,2.533485697595075e-08,5000000.0,5000000,,,,,,0.6320806451612904,0.8774660149351888
chang0926-c-n64-s1,d5ba2fb6f134,68,67,0,,3830283.0,,3830283.0,2.4970318497785798e-08,5000000.0,5000000,,,,,,0.6078225806451613,0.8658743345072415
chang0926-c-n64-s1,d5ba2fb6f134,69,68,0,,3941224.0,,3941224.0,2.2483982975968103e-08,5000000.0,5000000,,,,,,0.6260806451612904,0.8740782143919846
chang0926-c-n64-s1,d5ba2fb6f134,70,69,1,3846098,3763345.0,0.9784839075863382,3846098.0,2.2861596710141934e-08,5000000.0,5000000,1,1,3503045,1,0,0.6361129032258065,0.8786842883144675
chang0926-c-n64-s1,d5ba2fb6f134,71,70,0,,4275459.0,,4275459.0,2.2019036109684025e-08,5000000.0,5000000,,,,,,0.6045483870967742,0.8700104804284091
chang0926-c-n64-s1,d5ba2fb6f134,72,71,0,,4309897.0,,4309897.0,2.428629918394876e-08,5000000.0,5000000,,,,,,0.6200645161290322,0.8724487312387984
chang0926-c-n64-s1,d5ba2fb6f134,73,72,0,,4002499.0,,4002499.0,2.4300786529605205e-08,5000000.0,5000000,,,,,,0.6276129032258064,0.8733835641197182
chang0926-c-n64-s1,d5ba2fb6f134,74,73,0,,4056571.0,,4056571.0,2.231786943650597e-08,5000000.0,5000000,,,,,,0.5480483870967742,0.851896686057052
chang0926-c-n64-s1,d5ba2fb6f134,75,74,0,,4039437.0,,4039437.0,2.238412054399325e-08,5000000.0,5000000,,,,,,0.4510967741935484,0.8087166563127134
chang0926-c-n64-s1,d5ba2fb6f134,76,75,0,,4079527.0,,4079527.0,2.205308417968896e-08,5000000.0,5000000,,,,,,0.44487096774193546,0.8250395870472383
chang0926-c-n64-s1,d5ba2fb6f134,77,76,0,,4046717.0,,4046717.0,2.204653277131419e-08,5000000.0,5000000,,,,,,0.6024354838709678,0.8614513616750756
chang0926-c-n64-s1,d5ba2fb6f134,78,77,0,,3751091.0,,3751091.0,2.1639138259046856e-08,5000000.0,5000000,,,,,,0.5824032258064517,0.8565729712532985
chang0926-c-n64-s1,d5ba2fb6f134,79,78,0,,3721605.0,,3721605.0,1.9772159617915195e-08,5000000.0,5000000,,,,,,0.5669516129032258,0.8550594318029819
chang0926-c-n64-s1,d5ba2fb6f134,80,79,1,3809440,3742495.0,0.9824265508841195,3809440.0,1.9329240861757167e-08,5000000.0,5000000,1,1,3466387,1,0,0.578741935483871,0.8639745272409586
chang0926-c-n64-s1,d5ba2fb6f134,81,80,0,,4222870.0,,4222870.0,1.9518220305987407e-08,5000000.0,5000000,,,,,,0.6268064516129033,0.8755370397079737
chang0926-c-n64-s1,d5ba2fb6f134,82,81,0,,4331567.0,,4331567.0,2.1454513716447598e-08,5000000.0,5000000,,,,,,0.5951935483870968,0.8631203619294968
chang0926-c-n64-s1,d5ba2fb6f134,83,82,0,,3914452.0,,3914452.0,2.184941186920088e-08,5000000.0,5000000,,,,,,0.5294516129032258,0.8139974962114636
chang0926-c-n64-s1,d5ba2fb6f134,84,83,0,,3993880.0,,3993880.0,1.9505214712108226e-08,5000000.0,5000000,,,,,,0.5764032258064516,0.8496083670241721
chang0926-c-n64-s1,d5ba2fb6f134,85,84,0,,3917503.0,,3917503.0,1.967868281183575e-08,5000000.0,5000000,,,,,,0.5635483870967742,0.8548992090540952
chang0926-c-n64-s1,d5ba2fb6f134,86,85,0,,4042149.0,,4042149.0,1.9068315020200313e-08,5000000.0,5000000,,,,,,0.522483870967742,0.8543249053358772
chang0926-c-n64-s1,d5ba2fb6f134,87,86,0,,3982603.0,,3982603.0,1.9466927630031578e-08,5000000.0,5000000,,,,,,0.6031129032258065,0.86278338011954
chang0926-c-n64-s1,d5ba2fb6f134,88,87,0,,3677032.0,,3677032.0,1.8963214749743303e-08,5000000.0,5000000,,,,,,0.5860967741935484,0.8572886820708115
chang0926-c-n64-s1,d5ba2fb6f134,89,88,0,,3692651.0,,3692651.0,1.7241249093054972e-08,5000000.0,5000000,,,,,,0.5490483870967742,0.8427049169750724
chang0926-c-n64-s1,d5ba2fb6f134,90,89,1,3827101,3768203.0,0.9846102833450175,3827101.0,1.7054068123021454e-08,5000000.0,5000000,1,1,3484048,1,0,0.5353064516129032,0.8325933241468674
chang0926-c-n64-s1,d5ba2fb6f134,91,90,0,,4366082.0,,4366082.0,1.744032804717402e-08,5000000.0,5000000,,,,,,0.5772258064516129,0.8456907534494237
chang0926-c-n64-s1,d5ba2fb6f134,92,91,0,,4370487.0,,4370487.0,1.976208250348232e-08,5000000.0,5000000,,,,,,0.5844677419354839,0.8442515702958115
chang0926-c-n64-s1,d5ba2fb6f134,93,92,0,,3958327.0,,3958327.0,1.964937062078514e-08,5000000.0,5000000,,,,,,0.5530967741935484,0.8424655967242355
chang0926-c-n64-s1,d5ba2fb6f134,94,93,0,,3938712.0,,3938712.0,1.7589664803272707e-08,5000000.0,5000000,,,,,,0.5526129032258065,0.8496141015929716
chang0926-c-n64-s1,d5ba2fb6f134,95,94,0,,3976054.0,,3976054.0,1.7294950844866734e-08,5000000.0,5000000,,,,,,0.5275161290322581,0.8301924700776301
chang0926-c-n64-s1,d5ba2fb6f134,96,95,0,,4047968.0,,4047968.0,1.726002789801897e-08,5000000.0,5000000,,,,,,0.5266129032258065,0.8436751512718856
chang0926-c-n64-s1,d5ba2fb6f134,97,96,0,,4046446.0,,4046446.0,1.7387600101646807e-08,5000000.0,5000000,,,,,,0.5150967741935484,0.8321993690954509
chang0926-c-n64-s1,d5ba2fb6f134,98,97,0,,3759541.0,,3759541.0,1.7198141147310598e-08,5000000.0,5000000,,,,,,0.5748225806451613,0.8578443589073558
chang0926-c-n64-s1,d5ba2fb6f134,99,98,0,,3780393.0,,3780393.0,1.5752548532740317e-08,5000000.0,5000000,,,,,,0.5754838709677419,0.8557529544435016
chang0926-c-n64-s1,d5ba2fb6f134,100,99,1,3695893,3761271.0,1.0176893649247962,3695893.0,1.562000967462557e-08,5000000.0,5000000,1,1,3352840,1,0,0.5668225806451613,0.8440688333965436
chang0926-c-n64-s1,d5ba2fb6f134,101,100,0,,4238268.0,,4238268.0,1.504184838612311e-08,5000000.0,5000000,,,,,,0.5436290322580645,0.8457712013337483
chang0926-c-n64-s1,d5ba2fb6f134,102,101,0,,4278710.0,,4278710.0,1.710728746385935e-08,5000000.0,5000000,,,,,,0.5475967741935484,0.8526932852991502
chang0926-c-n64-s1,d5ba2fb6f134,103,102,0,,4054579.0,,4054579.0,1.713652395938886e-08,5000000.0,5000000,,,,,,0.49762903225806454,0.8241682177638608
chang0926-c-n64-s1,d5ba2fb6f134,104,103,0,,4094885.0,,4094885.0,1.6069576638599386e-08,5000000.0,5000000,,,,,,0.5255483870967742,0.8455468188560828
chang0926-c-n64-s1,d5ba2fb6f134,105,104,0,,4211200.0,,4211200.0,1.606807918804663e-08,5000000.0,5000000,,,,,,0.5768870967741936,0.8476413281151682
chang0926-c-n64-s1,d5ba2fb6f134,106,105,0,,4069159.0,,4069159.0,1.638324457207098e-08,5000000.0,5000000,,,,,,0.535741935483871,0.843072037915978
chang0926-c-n64-s1,d5ba2fb6f134,107,106,0,,4068274.0,,4068274.0,1.5668428484989184e-08,5000000.0,5000000,,,,,,0.537,0.8258915109953721
chang0926-c-n64-s1,d5ba2fb6f134,108,107,0,,3823096.0,,3823096.0,1.5504329318836493e-08,5000000.0,5000000,,,,,,0.5694193548387096,0.855257631278095
chang0926-c-n64-s1,d5ba2fb6f134,109,108,0,,3811234.0,,3811234.0,1.4375741430958577e-08,5000000.0,5000000,,,,,,0.5493225806451613,0.8555367772027695
chang0926-c-n64-s1,d5ba2fb6f134,110,109,1,3668095,3805892.0,1.0375663661928058,3668095.0,1.4137917526145512e-08,5000000.0,5000000,1,1,3325042,1,0,0.5564354838709678,0.8460000614189944
chang0926-c-n64-s1,d5ba2fb6f134,111,110,0,,4298725.0,,4298725.0,1.3397813658433252e-08,5000000.0,5000000,,,,,,0.6069193548387096,0.8620938864085008
chang0926-c-n64-s1,d5ba2fb6f134,112,111,0,,4302470.0,,4302470.0,1.5583015559136073e-08,5000000.0,5000000,,,,,,0.5018387096774194,0.814595602496478
chang0926-c-n64-s1,d5ba2fb6f134,113,112,0,,4039270.0,,4039270.0,1.5479861984856946e-08,5000000.0,5000000,,,,,,0.4650161290322581,0.8036288376839114
chang0926-c-n64-s1,d5ba2fb6f134,114,113,0,,4096168.0,,4096168.0,1.4378671490539913e-08,5000000.0,5000000,,,,,,0.5431935483870968,0.8268327115448342
chang0926-c-n64-s1,d5ba2fb6f134,115,114,0,,4090780.0,,4090780.0,1.4436570157874247e-08,5000000.0,5000000,,,,,,0.5149516129032258,0.8124964519996059
chang0926-c-n64-s1,d5ba2fb6f134,116,115,0,,4149362.0,,4149362.0,1.4273622126991781e-08,5000000.0,5000000,,,,,,0.5482903225806451,0.8508042172675777
chang0926-c-n64-s1,d5ba2fb6f134,117,116,0,,4078093.0,,4078093.0,1.434365935406597e-08,5000000.0,5000000,,,,,,0.5361935483870968,0.8299694176454869
chang0926-c-n64-s1,d5ba2fb6f134,118,117,0,,3866361.0,,3866361.0,1.395436629903558e-08,5000000.0,5000000,,,,,,0.5642419354838709,0.8505496872964274
chang0926-c-n64-s1,d5ba2fb6f134,119,118,0,,3848581.0,,3848581.0,1.3060867229862058e-08,5000000.0,5000000,,,,,,0.4419677419354839,0.8127467024853324
chang0926-c-n64-s1,d5ba2fb6f134,120,119,1,3762483,3933979.0,1.0455805381712024,3762483.0,1.2831776188680649e-08,5000000.0,5000000,1,1,3419430,1,0,0.5635322580645161,0.8496133216457782
chang0926-c-n64-s1,d5ba2fb6f134,121,120,0,,4389269.0,,4389269.0,1.2367613880778898e-08,5000000.0,5000000,,,,,,0.552483870967742,0.8252568038290921
chang0926-c-n64-s1,d5ba2fb6f134,122,121,0,,4523626.0,,4523626.0,1.4334240246958926e-08,5000000.0,5000000,,,,,,0.5334032258064516,0.8359606783234911
chang0926-c-n64-s1,d5ba2fb6f134,123,122,0,,4256982.0,,4256982.0,1.4699244279347421e-08,5000000.0,5000000,,,,,,0.545725806451613,0.8326575391681409
chang0926-c-n64-s1,d5ba2fb6f134,124,123,0,,4311898.0,,4311898.0,1.3721978042128775e-08,5000000.0,5000000,,,,,,0.5740483870967742,0.8540641532947759
chang0926-c-n64-s1,d5ba2fb6f134,125,124,0,,4350826.0,,4350826.0,1.3796480415437214e-08,5000000.0,5000000,,,,,,0.5686451612903226,0.8393008801637212
chang0926-c-n64-s1,d5ba2fb6f134,126,125,0,,4285572.0,,4285572.0,1.3824569960335063e-08,5000000.0,5000000,,,,,,0.49693548387096775,0.8370516581395704
chang0926-c-n64-s1,d5ba2fb6f134,127,126,0,,4269672.0,,4269672.0,1.3512653826103597e-08,5000000.0,5000000,,,,,,0.5048709677419355,0.840808374134494
chang0926-c-n64-s1,d5ba2fb6f134,128,127,0,,3999553.0,,3999553.0,1.335665148008586e-08,5000000.0,5000000,,,,,,0.5528064516129032,0.8521534313731121
chang0926-c-n64-s1,d5ba2fb6f134,129,128,0,,3996078.0,,3996078.0,1.2372760584015219e-08,5000000.0,5000000,,,,,,0.5143709677419355,0.838175237832844
chang0926-c-n64-s1,d5ba2fb6f134,130,129,1,3930071,4087416.0,1.040036172374494,3930071.0,1.2224252371619691e-08,5000000.0,5000000,1,1,3587018,1,0,0.5301451612903226,0.833072362378249
chang0926-c-n64-s1,d5ba2fb6f134,131,130,0,,4604561.0,,4604561.0,1.1878463475939544e-08,5000000.0,5000000,,,,,,0.5295645161290322,0.8353559171735327
chang0926-c-n64-s1,d5ba2fb6f134,132,131,0,,4593607.0,,4593607.0,1.3859865391913145e-08,5000000.0,5000000,,,,,,0.5442258064516129,0.838976691459286
chang0926-c-n64-s1,d5ba2fb6f134,133,132,0,,4300960.0,,4300960.0,1.3768410638846868e-08,5000000.0,5000000,,,,,,0.5232096774193549,0.8271790044036302
chang0926-c-n64-s1,d5ba2fb6f134,134,133,0,,4294916.0,,4294916.0,1.2794553857165201e-08,5000000.0,5000000,,,,,,0.5851451612903226,0.8540847960555494
chang0926-c-n64-s1,d5ba2fb6f134,135,134,0,,4386661.0,,4386661.0,1.2679836425869477e-08,5000000.0,5000000,,,,,,0.525483870967742,0.8334296130936026
chang0926-c-n64-s1,d5ba2fb6f134,136,135,0,,4291543.0,,4291543.0,1.2866228312208632e-08,5000000.0,5000000,,,,,,0.5551612903225807,0.8252225182946894
chang0926-c-n64-s1,d5ba2fb6f134,137,136,0,,4334982.0,,4334982.0,1.2491449074658379e-08,5000000.0,5000000,,,,,,0.5089838709677419,0.8179639447507163
chang0926-c-n64-s1,d5ba2fb6f134,138,137,0,,4042903.0,,4042903.0,1.252816650156301e-08,5000000.0,5000000,,,,,,0.5379032258064517,0.8436816960393578
chang0926-c-n64-s1,d5ba2fb6f134,139,138,0,,4088835.0,,4088835.0,1.15605821863643e-08,5000000.0,5000000,,,,,,0.5186935483870968,0.8357562355712813
chang0926-c-n64-s1,d5ba2fb6f134,140,139,1,3890606,4085838.0,1.050180357507288,3890606.0,1.1574905352338851e-08,5000000.0,5000000,1,1,3547553,1,0,0.5317741935483871,0.8231860910997117
chang0926-c-n64-s1,d5ba2fb6f134,141,140,0,,4666889.0,,4666889.0,1.0876457761723999e-08,5000000.0,5000000,,,,,,0.449241935483871,0.8249215692441701
chang0926-c-n64-s1,d5ba2fb6f134,142,141,0,,4695463.0,,4695463.0,1.3001712852521834e-08,5000000.0,5000000,,,,,,0.5027419354838709,0.8161289075385778
chang0926-c-n64-s1,d5ba2fb6f134,143,142,0,,4334328.0,,4334328.0,1.3040280772383751e-08,5000000.0,5000000,,,,,,0.5389354838709678,0.8354549937081922
chang0926-c-n64-s1,d5ba2fb6f134,144,143,0,,4319308.0,,4319308.0,1.195165041500931e-08,5000000.0,5000000,,,,,,0.5307419354838709,0.8283227745900905
chang0926-c-n64-s1,d5ba2fb6f134,145,144,0,,4354030.0,,4354030.0,1.1823402933735369e-08,5000000.0,5000000,,,,,,0.505758064516129,0.8145403426512509
chang0926-c-n64-s1,d5ba2fb6f134,146,145,0,,4427297.0,,4427297.0,1.1836295643941038e-08,5000000.0,5000000,,,,,,0.5464032258064516,0.8423338705220986
chang0926-c-n64-s1,d5ba2fb6f134,147,146,0,,4502620.0,,4502620.0,1.1962486948910327e-08,5000000.0,5000000,,,,,,0.5584838709677419,0.8456897778624043
chang0926-c-n64-s1,d5ba2fb6f134,148,147,0,,4178339.0,,4178339.0,1.2102438393047104e-08,5000000.0,5000000,,,,,,0.42596774193548387,0.7585574566607941
chang0926-c-n64-s1,d5ba2fb6f134,149,148,0,,4089692.0,,4089692.0,1.113045557141783e-08,5000000.0,5000000,,,,,,0.5256612903225807,0.8435245360511239
chang0926-c-n64-s1,d5ba2fb6f134,150,149,1,4054604,4217712.0,1.0402278496247723,4054604.0,1.0785391139806321e-08,5000000.0,5000000,1,1,3711551,1,0,0.5302903225806451,0.8375284332178647
chang0926-c-n64-s1,d5ba2fb6f134,151,150,0,,4640857.0,,4640857.0,1.0581388604182912e-08,5000000.0,5000000,,,,,,0.5081774193548387,0.8291354472417585
chang0926-c-n64-s1,d5ba2fb6f134,152,151,0,,4876107.0,,4876107.0,1.2066291571862274e-08,5000000.0,5000000,,,,,,0.5111290322580645,0.8276348379043039
chang0926-c-n64-s1,d5ba2fb6f134,153,152,0,,4502555.0,,4502555.0,1.2662049795276804e-08,5000000.0,5000000,,,,,,0.5369516129032258,0.8405077617111056
chang0926-c-n64-s1,d5ba2fb6f134,154,153,0,,4443720.0,,4443720.0,1.1630925332667149e-08,5000000.0,5000000,,,,,,0.4935806451612903,0.8165931850875416
chang0926-c-n64-s1,d5ba2fb6f134,155,154,0,,4373666.0,,4373666.0,1.1411448150905487e-08,5000000.0,5000000,,,,,,0.5094032258064516,0.8164680748386894
chang0926-c-n64-s1,d5ba2fb6f134,156,155,0,,4404315.0,,4404315.0,1.1156641302901632e-08,5000000.0,5000000,,,,,,0.5231451612903226,0.8320897017426303
chang0926-c-n64-s1,d5ba2fb6f134,157,156,0,,4513230.0,,4513230.0,1.1163789695759171e-08,5000000.0,5000000,,,,,,0.5112741935483871,0.8153261805033848
chang0926-c-n64-s1,d5ba2fb6f134,158,157,0,,4205073.0,,4205073.0,1.1381424283310808e-08,5000000.0,5000000,,,,,,0.47735483870967743,0.79660838557232
chang0926-c-n64-s1,d5ba2fb6f134,159,158,0,,4114118.0,,4114118.0,1.0512907992374338e-08,5000000.0,5000000,,,,,,0.5489193548387097,0.838627781989905
chang0926-c-n64-s1,d5ba2fb6f134,160,159,1,4033340,4172381.0,1.0344729182265815,4033340.0,1.0185712291849378e-08,5000000.0,5000000,1,1,3690287,1,0,0.5448387096774193,0.8475337495707915
chang0926-c-n64-s1,d5ba2fb6f134,161,160,0,,4707297.0,,4707297.0,9.87902844395414e-09,5000000.0,5000000,,,,,,0.5769354838709677,0.8568214708718221
chang0926-c-n64-s1,d5ba2fb6f134,162,161,0,,4791679.0,,4791679.0,1.1495055767778684e-08,5000000.0,5000000,,,,,,0.5386290322580645,0.8355281144086877
chang0926-c-n64-s1,d5ba2fb6f134,163,162,0,,4468309.0,,4468309.0,1.1676241913460043e-08,5000000.0,5000000,,,,,,0.5543870967741935,0.8493075723879443
chang0926-c-n64-s1,d5ba2fb6f134,164,163,0,,4484294.0,,4484294.0,1.082722659963262e-08,5000000.0,5000000,,,,,,0.5476129032258065,0.8497964918795354
chang0926-c-n64-s1,d5ba2fb6f134,165,164,0,,4536717.0,,4536717.0,1.0806979045364982e-08,5000000.0,5000000,,,,,,0.5699032258064516,0.8406604097844571
chang0926-c-n64-s1,d5ba2fb6f134,166,165,0,,4467422.0,,4467422.0,1.0880290832991113e-08,5000000.0,5000000,,,,,,0.509,0.8305135520992097
chang0926-c-n64-s1,d5ba2fb6f134,167,166,0,,4478218.0,,4478218.0,1.0653937451655603e-08,5000000.0,5000000,,,,,,0.5126774193548387,0.827067407126459
chang0926-c-n64-s1,d5ba2fb6f134,168,167,0,,4094220.0,,4094220.0,1.0620993835348039e-08,5000000.0,5000000,,,,,,0.5439516129032258,0.8302757091496865
chang0926-c-n64-s1,d5ba2fb6f134,169,168,0,,4123535.0,,4123535.0,9.613713146610531e-09,5000000.0,5000000,,,,,,0.39906451612903227,0.8097015954781691
chang0926-c-n64-s1,d5ba2fb6f134,170,169,1,3960144,4177354.0,1.0548490155913521,3960144.0,9.589691877661666e-09,5000000.0,5000000,1,1,3617091,1,0,0.4952258064516129,0.7998514518723084
chang0926-c-n64-s1,d5ba2fb6f134,171,170,0,,4584759.0,,4584759.0,9.102967558354692e-09,5000000.0,5000000,,,,,,0.4216451612903226,0.8168834255488326
chang0926-c-n64-s1,d5ba2fb6f134,172,171,0,,4768235.0,,4768235.0,1.0493149341009002e-08,5000000.0,5000000,,,,,,0.5311935483870968,0.8325896070840306
chang0926-c-n64-s1,d5ba2fb6f134,173,172,0,,4457020.0,,4457020.0,1.088720437929174e-08,5000000.0,5000000,,,,,,0.40819354838709676,0.7894818978225965
chang0926-c-n64-s1,d5ba2fb6f134,174,173,0,,4489610.0,,4489610.0,1.0118287991670006e-08,5000000.0,5000000,,,,,,0.4384677419354839,0.798946484527925
chang0926-c-n64-s1,d5ba2fb6f134,175,174,0,,4481318.0,,4481318.0,1.0137549801928754e-08,5000000.0,5000000,,,,,,0.5044677419354838,0.8115466129761819
chang0926-c-n64-s1,d5ba2fb6f134,176,175,0,,4474182.0,,4474182.0,1.006356683229784e-08,5000000.0,5000000,,,,,,0.5721935483870968,0.8474756371632207
chang0926-c-n64-s1,d5ba2fb6f134,177,176,0,,4458526.0,,4458526.0,9.991875185720109e-09,5000000.0,5000000,,,,,,0.5533709677419355,0.8437114314607349
chang0926-c-n64-s1,d5ba2fb6f134,178,177,0,,4086829.0,,4086829.0,9.900012037219834e-09,5000000.0,5000000,,,,,,0.512258064516129,0.810828400453234
chang0926-c-n64-s1,d5ba2fb6f134,179,178,0,,4159678.0,,4159678.0,8.983626935843948e-09,5000000.0,5000000,,,,,,0.5435483870967742,0.8483373124017245
chang0926-c-n64-s1,d5ba2fb6f134,180,179,1,3851802,4142692.0,1.0755204966402738,3851802.0,9.060025934992645e-09,5000000.0,5000000,1,1,3508749,1,0,0.5287258064516129,0.8061994731964592
chang0926-c-n64-s1,d5ba2fb6f134,181,180,0,,4607101.0,,4607101.0,8.280725330502752e-09,5000000.0,5000000,,,,,,0.5295967741935483,0.8383048403137497
chang0926-c-n64-s1,d5ba2fb6f134,182,181,0,,4697044.0,,4697044.0,9.864044999187076e-09,5000000.0,5000000,,,,,,0.5025,0.8027795064794392
chang0926-c-n64-s1,d5ba2fb6f134,183,182,0,,4549552.0,,4549552.0,1.0025237530566552e-08,5000000.0,5000000,,,,,,0.47988709677419356,0.8141733723797117
chang0926-c-n64-s1,d5ba2fb6f134,184,183,0,,4462422.0,,4462422.0,9.664705112543939e-09,5000000.0,5000000,,,,,,0.5442741935483871,0.8357140070182634
chang0926-c-n64-s1,d5ba2fb6f134,185,184,0,,4456778.0,,4456778.0,9.425852597316625e-09,5000000.0,5000000,,,,,,0.5271290322580645,0.8264489215844819
chang0926-c-n64-s1,d5ba2fb6f134,186,185,0,,4352674.0,,4352674.0,9.359950617058028e-09,5000000.0,5000000,,,,,,0.5225645161290322,0.8281689291954137
chang0926-c-n64-s1,d5ba2fb6f134,187,186,0,,4368812.0,,4368812.0,9.07816357577033e-09,5000000.0,5000000,,,,,,0.5768870967741936,0.8448061468458892
chang0926-c-n64-s1,d5ba2fb6f134,188,187,0,,4145637.0,,4145637.0,9.050548221313003e-09,5000000.0,5000000,,,,,,0.531241935483871,0.8311159161370671
chang0926-c-n64-s1,d5ba2fb6f134,189,188,0,,4195422.0,,4195422.0,8.508125068206662e-09,5000000.0,5000000,,,,,,0.5423387096774194,0.8304983946329006
chang0926-c-n64-s1,d5ba2fb6f134,190,189,1,3939618,4194652.0,1.064735718031545,3939618.0,8.535098297047104e-09,5000000.0,5000000,1,1,3596565,1,0,0.529016129032258,0.8381858106735038
chang0926-c-n64-s1,d5ba2fb6f134,191,190,0,,4625964.0,,4625964.0,7.919744927598263e-09,5000000.0,5000000,,,,,,0.5345806451612903,0.8394845529169619
chang0926-c-n64-s1,d5ba2fb6f134,192,191,0,,4862896.0,,4862896.0,9.263411191563223e-09,5000000.0,5000000,,,,,,0.4642258064516129,0.7867004149783355
chang0926-c-n64-s1,d5ba2fb6f134,193,192,0,,4590633.0,,4590633.0,9.724335277303669e-09,5000000.0,5000000,,,,,,0.4880967741935484,0.8225909075701031
chang0926-c-n64-s1,d5ba2fb6f134,194,193,0,,4676891.0,,4676891.0,9.140767135290016e-09,5000000.0,5000000,,,,,,0.5241774193548387,0.8162804861331863
chang0926-c-n64-s1,d5ba2fb6f134,195,194,0,,4642804.0,,4642804.0,9.281468209307624e-09,5000000.0,5000000,,,,,,0.5368387096774193,0.8348258640198644
chang0926-c-n64-s1,d5ba2fb6f134,196,195,0,,4666537.0,,4666537.0,9.179738300926336e-09,5000000.0,5000000,,,,,,0.49309677419354836,0.833175230235031
chang0926-c-n64-s1,d5ba2fb6f134,197,196,0,,4583471.0,,4583471.0,9.194876480273927e-09,5000000.0,5000000,,,,,,0.42174193548387096,0.7831144121109075
chang0926-c-n64-s1,d5ba2fb6f134,198,197,0,,4297059.0,,4297059.0,8.992012417179477e-09,5000000.0,5000000,,,,,,0.5561451612903225,0.8547017273000981
chang0926-c-n64-s1,d5ba2fb6f134,199,198,0,,4399554.0,,4399554.0,8.366499557428207e-09,5000000.0,5000000,,,,,,0.3520483870967742,0.7912394824865189
chang0926-c-n64-s1,d5ba2fb6f134,200,199,1,4163989,4330353.0,1.0399530354186814,4163989.0,8.5114403661689e-09,5000000.0,5000000,1,1,3820936,1,0,0.4898064516129032,0.824245590631546
chang0926-c-n64-s1,d5ba2fb6f134,201,200,0,,4875019.0,,4875019.0,7.98235356329816e-09,5000000.0,5000000,,,,,,0.5356935483870968,0.8354747263707665
chang0926-c-n64-s1,d5ba2fb6f134,202,201,0,,4875951.0,,4875951.0,9.333574850517872e-09,5000000.0,5000000,,,,,,0.5426290322580645,0.8238300230343677
chang0926-c-n64-s1,d5ba2fb6f134,203,202,0,,4609463.0,,4609463.0,9.323640098731911e-09,5000000.0,5000000,,,,,,0.4725,0.818114258266713
chang0926-c-n64-s1,d5ba2fb6f134,204,203,0,,4659188.0,,4659188.0,8.77830200598975e-09,5000000.0,5000000,,,,,,0.5446451612903226,0.8459780640433973
chang0926-c-n64-s1,d5ba2fb6f134,205,204,0,,4691645.0,,4691645.0,8.841733713285116e-09,5000000.0,5000000,,,,,,0.52,0.8261247832704404
chang0926-c-n64-s1,d5ba2fb6f134,206,205,0,,4695335.0,,4695335.0,8.875035450488452e-09,5000000.0,5000000,,,,,,0.5613548387096774,0.8380994507881765
chang0926-c-n64-s1,d5ba2fb6f134,207,206,0,,4547386.0,,4547386.0,8.854139614174495e-09,5000000.0,5000000,,,,,,0.47516129032258064,0.8316233894638263
chang0926-c-n64-s1,d5ba2fb6f134,208,207,0,,4325404.0,,4325404.0,8.534561130332181e-09,5000000.0,5000000,,,,,,0.5619032258064516,0.8502801175141943
chang0926-c-n64-s1,d5ba2fb6f134,209,208,0,,4309842.0,,4309842.0,8.059328985849438e-09,5000000.0,5000000,,,,,,0.5511290322580645,0.8482108976561173
chang0926-c-n64-s1,d5ba2fb6f134,210,209,1,4294609,4361500.0,1.0155755739346701,4294609.0,7.970913992735706e-09,5000000.0,5000000,1,1,3951556,1,0,0.5380806451612903,0.8433848627804273
chang0926-c-n64-s1,d5ba2fb6f134,211,210,0,,4862160.0,,4862160.0,7.882574519614128e-09,5000000.0,5000000,,,,,,0.5166774193548387,0.8138287922556998
chang0926-c-n64-s1,d5ba2fb6f134,212,211,0,,4928983.0,,4928983.0,8.911825281848173e-09,5000000.0,5000000,,,,,,0.443241935483871,0.7972122281645732
chang0926-c-n64-s1,d5ba2fb6f134,213,212,0,,4633465.0,,4633465.0,9.027845195091808e-09,5000000.0,5000000,,,,,,0.46130645161290323,0.805535982566162
chang0926-c-n64-s1,d5ba2fb6f134,214,213,0,,4707730.0,,4707730.0,8.454335223378586e-09,5000000.0,5000000,,,,,,0.5688870967741936,0.8387523981706272
chang0926-c-n64-s1,d5ba2fb6f134,215,214,0,,4723836.0,,4723836.0,8.564010703313535e-09,5000000.0,5000000,,,,,,0.4713709677419355,0.8270293774849398
chang0926-c-n64-s1,d5ba2fb6f134,216,215,0,,4732397.0,,4732397.0,8.568932194802371e-09,5000000.0,5000000,,,,,,0.5334354838709677,0.833480296656479
chang0926-c-n64-s1,d5ba2fb6f134,217,216,0,,4748122.0,,4748122.0,8.560884217347338e-09,5000000.0,5000000,,,,,,0.547016129032258,0.8336425487732404
chang0926-c-n64-s1,d5ba2fb6f134,218,217,0,,4407894.0,,4407894.0,8.567160745707057e-09,5000000.0,5000000,,,,,,0.33053225806451614,0.7857118920023849
chang0926-c-n64-s1,d5ba2fb6f134,219,218,0,,4492797.0,,4492797.0,7.903314154192704e-09,5000000.0,5000000,,,,,,0.5331290322580645,0.8400891723857601
chang0926-c-n64-s1,d5ba2fb6f134,220,219,1,4149699,4439849.0,1.0699207340098644,4149699.0,8.012577421199932e-09,5000000.0,5000000,1,1,3806646,1,0,0.4881774193548387,0.8297759066926556
chang0926-c-n64-s1,d5ba2fb6f134,221,220,0,,4995575.0,,4995575.0,7.332032283200182e-09,5000000.0,5000000,,,,,,0.5192258064516129,0.8432086985667766
chang0926-c-n64-s1,d5ba2fb6f134,222,221,0,,5150117.0,,5150117.0,8.826205398255842e-09,5000000.0,5000000,,,,,,0.5011451612903226,0.8272780024998566
chang0926-c-n64-s1,d5ba2fb6f134,223,222,0,,4803258.0,,4803258.0,9.112719372317526e-09,5000000.0,5000000,,,,,,0.5113225806451613,0.8107143218319276
chang0926-c-n64-s1,d5ba2fb6f134,224,223,0,,4960851.0,,4960851.0,8.481938343183768e-09,5000000.0,5000000,,,,,,0.5146612903225807,0.8149849022489255
chang0926-c-n64-s1,d5ba2fb6f134,225,224,0,,4901244.0,,4901244.0,8.756785032221012e-09,5000000.0,5000000,,,,,,0.5002741935483871,0.8126379999904465
chang0926-c-n64-s1,d5ba2fb6f134,226,225,0,,4929800.0,,4929800.0,8.642942922739183e-09,5000000.0,5000000,,,,,,0.539741935483871,0.8341936143260797
chang0926-c-n64-s1,d5ba2fb6f134,227,226,0,,4852373.0,,4852373.0,8.687155323002859e-09,5000000.0,5000000,,,,,,0.5226290322580646,0.8257718234288909
chang0926-c-n64-s1,d5ba2fb6f134,228,227,0,,4619229.0,,4619229.0,8.537911962065193e-09,5000000.0,5000000,,,,,,0.48,0.8002706125988757
chang0926-c-n64-s1,d5ba2fb6f134,229,228,0,,4607390.0,,4607390.0,8.095561237995328e-09,5000000.0,5000000,,,,,,0.399,0.7711429249987682
chang0926-c-n64-s1,d5ba2fb6f134,230,229,1,4288628,4665726.0,1.087929752825379,4288628.0,8.041863423747877e-09,5000000.0,5000000,1,1,3945575,1,0,0.5421290322580645,0.842801485540304
chang0926-c-n64-s1,d5ba2fb6f134,231,230,0,,5150232.0,,5150232.0,7.4282671295810445e-09,5000000.0,5000000,,,,,,0.5188709677419355,0.8015938633786511
chang0926-c-n64-s1,d5ba2fb6f134,232,231,0,,5163070.0,,5163070.0,8.93385231197919e-09,5000000.0,5000000,,,,,,0.523258064516129,0.8172937663772881
chang0926-c-n64-s1,d5ba2fb6f134,233,232,0,,4880483.0,,4880483.0,8.970504934560029e-09,5000000.0,5000000,,,,,,0.5370645161290323,0.8438725424535924
chang0926-c-n64-s1,d5ba2fb6f134,234,233,0,,4876975.0,,4876975.0,8.469276673918631e-09,5000000.0,5000000,,,,,,0.3917741935483871,0.8034402040712484
chang0926-c-n64-s1,d5ba2fb6f134,235,234,0,,4917209.0,,4917209.0,8.452653608416186e-09,5000000.0,5000000,,,,,,0.5481774193548387,0.8340481720560191
chang0926-c-n64-s1,d5ba2fb6f134,236,235,0,,5066471.0,,5066471.0,8.515274323617494e-09,5000000.0,5000000,,,,,,0.48796774193548387,0.810135475385325
chang0926-c-n64-s1,d5ba2fb6f134,237,236,0,,5103040.0,,5103040.0,8.779551175589232e-09,5000000.0,5000000,,,,,,0.5542903225806451,0.8456055140352104
chang0926-c-n64-s1,d5ba2fb6f134,238,237,0,,4671550.0,,4671550.0,8.851944340263973e-09,5000000.0,5000000,,,,,,0.5390806451612903,0.8461651286453573
chang0926-c-n64-s1,d5ba2fb6f134,239,238,0,,4714370.0,,4714370.0,8.07598034480114e-09,5000000.0,5000000,,,,,,0.48493548387096774,0.8310804713997934
chang0926-c-n64-s1,d5ba2fb6f134,240,239,1,4469718,4747173.0,1.0620743859008555,4469718.0,8.126070750779617e-09,5000000.0,5000000,1,1,4126665,1,0,0.5199516129032258,0.8218701160377468
chang0926-c-n64-s1,d5ba2fb6f134,241,240,0,,5271827.0,,5271827.0,7.661301691562713e-09,5000000.0,5000000,,,,,,0.5510322580645162,0.8356105632927573
chang0926-c-n64-s1,d5ba2fb6f134,242,241,0,,5485906.0,,5485906.0,9.060103273321886e-09,5000000.0,5000000,,,,,,0.4973064516129032,0.8315180614229007
chang0926-c-n64-s1,d5ba2fb6f134,243,242,0,,5055505.0,,5055505.0,9.471838352168503e-09,5000000.0,5000000,,,,,,0.5731290322580646,0.8484496175782921
chang0926-c-n64-s1,d5ba2fb6f134,244,243,0,,5021752.0,,5021752.0,8.733537456160268e-09,5000000.0,5000000,,,,,,0.5316612903225807,0.8323955011573858
chang0926-c-n64-s1,d5ba2fb6f134,245,244,0,,5022412.0,,5022412.0,8.677111277206403e-09,5000000.0,5000000,,,,,,0.4211774193548387,0.7959284045953638
chang0926-c-n64-s1,d5ba2fb6f134,246,245,0,,5143995.0,,5143995.0,8.680192535305567e-09,5000000.0,5000000,,,,,,0.507774193548387,0.8188666412239334
chang0926-c-n64-s1,d5ba2fb6f134,247,246,0,,5193290.0,,5193290.0,8.9029531256168e-09,5000000.0,5000000,,,,,,0.4271935483870968,0.8216876455373221
chang0926-c-n64-s1,d5ba2fb6f134,248,247,0,,4929565.0,,4929565.0,9.005332493105116e-09,5000000.0,5000000,,,,,,0.5382741935483871,0.8336429871470198
chang0926-c-n64-s1,d5ba2fb6f134,249,248,0,,4914986.0,,4914986.0,8.541963369187555e-09,5000000.0,5000000,,,,,,0.47403225806451615,0.8347940363252991
chang0926-c-n64-s1,d5ba2fb6f134,250,249,1,4542045,4820679.0,1.0613454952559915,4542045.0,8.509401320842345e-09,5000000.0,5000000,1,1,4198992,1,0,0.536483870967742,0.8427680792331657
chang0926-c-n64-s1,d5ba2fb6f134,251,250,0,,5400616.0,,5400616.0,7.826042919261263e-09,5000000.0,5000000,,,,,,0.5338709677419354,0.829717662047225
chang0926-c-n64-s1,d5ba2fb6f134,252,251,0,,5494314.0,,5494314.0,9.341309383534455e-09,5000000.0,5000000,,,,,,0.5655806451612904,0.843706390042924
chang0926-c-n64-s1,d5ba2fb6f134,253,252,0,,5175518.0,,5175518.0,9.548279134109901e-09,5000000.0,5000000,,,,,,0.4990483870967742,0.8143530152870595
chang0926-c-n64-s1,d5ba2fb6f134,254,253,0,,5189157.0,,5189157.0,9.009789516540765e-09,5000000.0,5000000,,,,,,0.5523870967741935,0.8435525737000041
chang0926-c-n64-s1,d5ba2fb6f134,255,254,0,,5174576.0,,5174576.0,9.050320784839233e-09,5000000.0,5000000,,,,,,0.5945967741935484,0.8627174989202772
chang0926-c-n64-s1,d5ba2fb6f134,256,255,0,,5233396.0,,5233396.0,9.040390086731779e-09,5000000.0,5000000,,,,,,0.47558064516129034,0.845489895785127
chang0926-c-n64-s1,d5ba2fb6f134,257,256,0,,5194499.0,,5194499.0,9.164033714997477e-09,5000000.0,5000000,,,,,,0.5466451612903226,0.8221238390698498
chang0926-c-n64-s1,d5ba2fb6f134,258,257,0,,4976064.0,,4976064.0,9.113295033138751e-09,5000000.0,5000000,,,,,,0.541258064516129,0.8400091678674313
chang0926-c-n64-s1,d5ba2fb6f134,259,258,0,,4921250.0,,4921250.0,8.727975498264166e-09,5000000.0,5000000,,,,,,0.5103064516129032,0.8124952135259432
chang0926-c-n64-s1,d5ba2fb6f134,260,259,1,4605043,4862597.0,1.0559286851393135,4605043.0,8.624983242332782e-09,5000000.0,5000000,1,1,4261990,1,0,0.5214032258064516,0.8428457607119665
chang0926-c-n64-s1,d5ba2fb6f134,261,260,0,,5520817.0,,5520817.0,8.0376613885396e-09,5000000.0,5000000,,,,,,0.5295645161290322,0.8239959133529874
chang0926-c-n64-s1,d5ba2fb6f134,262,261,0,,5598338.0,,5598338.0,9.68391648730785e-09,5000000.0,5000000,,,,,,0.5560806451612903,0.8301665975683319
chang0926-c-n64-s1,d5ba2fb6f134,263,262,0,,5273115.0,,5273115.0,9.875549150605858e-09,5000000.0,5000000,,,,,,0.46366129032258063,0.7996162389802507
chang0926-c-n64-s1,d5ba2fb6f134,264,263,0,,5131502.0,,5131502.0,9.32661917786708e-09,5000000.0,5000000,,,,,,0.5464193548387096,0.8502943996068424
chang0926-c-n64-s1,d5ba2fb6f134,265,264,0,,5250338.0,,5250338.0,9.08793534594113e-09,5000000.0,5000000,,,,,,0.534741935483871,0.8356164714997307
chang0926-c-n64-s1,d5ba2fb6f134,266,265,0,,5402252.0,,5402252.0,9.321136156889754e-09,5000000.0,5000000,,,,,,0.5225,0.8301144470652047
chang0926-c-n64-s1,d5ba2fb6f134,267,266,0,,5282735.0,,5282735.0,9.628013039616736e-09,5000000.0,5000000,,,,,,0.5483225806451613,0.8423904773820997
chang0926-c-n64-s1,d5ba2fb6f134,268,267,0,,4959066.0,,4959066.0,9.440936953701134e-09,5000000.0,5000000,,,,,,0.5083709677419355,0.8277727830614838
chang0926-c-n64-s1,d5ba2fb6f134,269,268,0,,5064315.0,,5064315.0,8.858856247067095e-09,5000000.0,5000000,,,,,,0.5438064516129032,0.8367813355010971
chang0926-c-n64-s1,d5ba2fb6f134,270,269,1,4598991,5025003.0,1.0926316228929345,4598991.0,9.052655892016825e-09,5000000.0,5000000,1,1,4255938,1,0,0.4857741935483871,0.8220207586884951
chang0926-c-n64-s1,d5ba2fb6f134,271,270,0,,5596625.0,,5596625.0,8.186579599042132e-09,5000000.0,5000000,,,,,,0.5015806451612903,0.8236398000151594
chang0926-c-n64-s1,d5ba2fb6f134,272,271,0,,5712741.0,,5712741.0,1.0018759407733085e-08,5000000.0,5000000,,,,,,0.5593064516129033,0.8420197382769814
chang0926-c-n64-s1,d5ba2fb6f134,273,272,0,,5411794.0,,5411794.0,1.0294991696987982e-08,5000000.0,5000000,,,,,,0.5398064516129032,0.839561236749535
chang0926-c-n64-s1,d5ba2fb6f134,274,273,0,,5425758.0,,5425758.0,9.791320922762377e-09,5000000.0,5000000,,,,,,0.4921451612903226,0.8125362387535215
chang0926-c-n64-s1,d5ba2fb6f134,275,274,0,,5378731.0,,5378731.0,9.856777851915442e-09,5000000.0,5000000,,,,,,0.46403225806451615,0.8287525024166673
chang0926-c-n64-s1,d5ba2fb6f134,276,275,0,,5334045.0,,5334045.0,9.807083325751818e-09,5000000.0,5000000,,,,,,0.5373064516129032,0.8446065167635561
chang0926-c-n64-s1,d5ba2fb6f134,277,276,0,,5335334.0,,5335334.0,9.757106583301617e-09,5000000.0,5000000,,,,,,0.5047258064516129,0.8338576738592719
chang0926-c-n64-s1,d5ba2fb6f134,278,277,0,,4897414.0,,4897414.0,9.79119198696465e-09,5000000.0,5000000,,,,,,0.5600806451612903,0.8502836980152407
chang0926-c-n64-s1,d5ba2fb6f134,279,278,0,,4999949.0,,4999949.0,8.978227655524941e-09,5000000.0,5000000,,,,,,0.5004032258064516,0.8258246686444746
chang0926-c-n64-s1,d5ba2fb6f134,280,279,1,4606237,4996271.0,1.0846751914849366,4606237.0,9.166196178974527e-09,5000000.0,5000000,1,1,4263184,1,0,0.5294032258064516,0.8297239469793573
chang0926-c-n64-s1,d5ba2fb6f134,281,280,0,,5627722.0,,5627722.0,8.409858075741463e-09,5000000.0,5000000,,,,,,0.5433225806451613,0.8457488954478869
chang0926-c-n64-s1,d5ba2fb6f134,282,281,0,,5723295.0,,5723295.0,1.033577757258755e-08,5000000.0,5000000,,,,,,0.5360967741935484,0.8353623900934458
chang0926-c-n64-s1,d5ba2fb6f134,283,282,0,,5248651.0,,5248651.0,1.0582553112160436e-08,5000000.0,5000000,,,,,,0.5305,0.8354892601588763
chang0926-c-n64-s1,d5ba2fb6f134,284,283,0,,5192563.0,,5192563.0,9.728500505794758e-09,5000000.0,5000000,,,,,,0.48746774193548387,0.8331664106622683
chang0926-c-n64-s1,d5ba2fb6f134,285,284,0,,5191834.0,,5191834.0,9.642742570274105e-09,5000000.0,5000000,,,,,,0.5364516129032258,0.8363450089105878
chang0926-c-n64-s1,d5ba2fb6f134,286,285,0,,5235397.0,,5235397.0,9.659555367037475e-09,5000000.0,5000000,,,,,,0.5429193548387097,0.8420269748067749
chang0926-c-n64-s1,d5ba2fb6f134,287,286,0,,5367863.0,,5367863.0,9.76303707451479e-09,5000000.0,5000000,,,,,,0.5508064516129032,0.8276364048036221
chang0926-c-n64-s1,d5ba2fb6f134,288,287,0,,5021919.0,,5021919.0,1.0045656243721069e-08,5000000.0,5000000,,,,,,0.5367903225806452,0.8340956279386322
chang0926-c-n64-s1,d5ba2fb6f134,289,288,0,,5124971.0,,5124971.0,9.400297063853187e-09,5000000.0,5000000,,,,,,0.5290483870967742,0.8313538710701881
chang0926-c-n64-s1,d5ba2fb6f134,290,289,1,4549938,5103537.0,1.1216717678350783,4549938.0,9.605043968854995e-09,5000000.0,5000000,1,1,4206885,1,0,0.5322258064516129,0.8187488863619883
chang0926-c-n64-s1,d5ba2fb6f134,291,290,0,,5480571.0,,5480571.0,8.487214873657829e-09,5000000.0,5000000,,,,,,0.36061290322580647,0.8038427296792513
chang0926-c-n64-s1,d5ba2fb6f134,292,291,0,,5609609.0,,5609609.0,1.0270186195007361e-08,5000000.0,5000000,,,,,,0.5387903225806452,0.8411683953294424
chang0926-c-n64-s1,d5ba2fb6f134,293,292,0,,5430609.0,,5430609.0,1.0572634761237915e-08,5000000.0,5000000,,,,,,0.5189354838709678,0.8373109377845692
chang0926-c-n64-s1,d5ba2fb6f134,294,293,0,,5485609.0,,5485609.0,1.0277632864260386e-08,5000000.0,5000000,,,,,,0.49524193548387097,0.8259741240945531
chang0926-c-n64-s1,d5ba2fb6f134,295,294,0,,5388065.0,,5388065.0,1.0429948308316151e-08,5000000.0,5000000,,,,,,0.5606774193548387,0.83992573811276
chang0926-c-n64-s1,d5ba2fb6f134,296,295,0,,5368469.0,,5368469.0,1.0282844644220108e-08,5000000.0,5000000,,,,,,0.39314516129032256,0.7948233951968035
chang0926-c-n64-s1,d5ba2fb6f134,297,296,0,,5455703.0,,5455703.0,1.0281936562918711e-08,5000000.0,5000000,,,,,,0.5304032258064516,0.8364782595825426
chang0926-c-n64-s1,d5ba2fb6f134,298,297,0,,5145946.0,,5145946.0,1.0494680613693561e-08,5000000.0,5000000,,,,,,0.5423225806451613,0.8441610520497902
chang0926-c-n64-s1,d5ba2fb6f134,299,298,0,,5065261.0,,5065261.0,9.91307727763332e-09,5000000.0,5000000,,,,,,0.4819838709677419,0.8193033978584806
chang0926-c-n64-s1,d5ba2fb6f134,300,299,1,4689296,5121194.0,1.0921029510613107,4689296.0,9.763975629489819e-09,5000000.0,5000000,1,1,4346243,1,0,0.5485967741935484,0.8499684273423478
chang0926-c-n64-s1,d5ba2fb6f134,301,300,0,,5571726.0,,5571726.0,9.010302837124956e-09,5000000.0,5000000,,,,,,0.5321451612903226,0.840155494657051
chang0926-c-n64-s1,d5ba2fb6f134,302,301,0,,5668495.0,,5668495.0,1.0763970006042422e-08,5000000.0,5000000,,,,,,0.5066935483870968,0.8369599391200966
chang0926-c-n64-s1,d5ba2fb6f134,303,302,0,,5358980.0,,5358980.0,1.1019842411498803e-08,5000000.0,5000000,,,,,,0.5261935483870968,0.8346149206205539
chang0926-c-n64-s1,d5ba2fb6f134,304,303,0,,5279140.0,,5279140.0,1.0454309636019115e-08,5000000.0,5000000,,,,,,0.3675967741935484,0.7986214568284079
chang0926-c-n64-s1,d5ba2fb6f134,305,304,0,,5330661.0,,5330661.0,1.0326569227741736e-08,5000000.0,5000000,,,,,,0.4049354838709677,0.780405963679956
chang0926-c-n64-s1,d5ba2fb6f134,306,305,0,,5387567.0,,5387567.0,1.0460790371407471e-08,5000000.0,5000000,,,,,,0.5494032258064516,0.8345674858553647
chang0926-c-n64-s1,d5ba2fb6f134,307,306,0,,5352016.0,,5352016.0,1.0612000274128e-08,5000000.0,5000000,,,,,,0.5167419354838709,0.8356542142858515
chang0926-c-n64-s1,d5ba2fb6f134,308,307,0,,5037784.0,,5037784.0,1.0577897185200375e-08,5000000.0,5000000,,,,,,0.5424032258064516,0.8347232846116304
chang0926-c-n64-s1,d5ba2fb6f134,309,308,0,,5217951.0,,5217951.0,9.960587571032836e-09,5000000.0,5000000,,,,,,0.5538709677419354,0.8459876485062517
chang0926-c-n64-s1,d5ba2fb6f134,310,309,1,4617755,5052436.0,1.094132538430471,4617755.0,1.0338842308243957e-08,5000000.0,5000000,1,1,4274702,1,0,0.5220483870967741,0.8219308290216449
chang0926-c-n64-s1,d5ba2fb6f134,311,310,0,,5616217.0,,5616217.0,9.113303761333879e-09,5000000.0,5000000,,,,,,0.47996774193548386,0.8096672922819282
chang0926-c-n64-s1,d5ba2fb6f134,312,311,0,,5647956.0,,5647956.0,1.1148399741751404e-08,5000000.0,5000000,,,,,,0.5396774193548387,0.8301141906097744
chang0926-c-n64-s1,d5ba2fb6f134,313,312,0,,5302756.0,,5302756.0,1.1279920078088121e-08,5000000.0,5000000,,,,,,0.556258064516129,0.8390192706833896
chang0926-c-n64-s1,d5ba2fb6f134,314,313,0,,5302788.0,,5302788.0,1.0621673410704163e-08,5000000.0,5000000,,,,,,0.5321290322580645,0.8342190873369872
chang0926-c-n64-s1,d5ba2fb6f134,315,314,0,,5250687.0,,5250687.0,1.0653008600790307e-08,5000000.0,5000000,,,,,,0.5479516129032258,0.8378366617079924
chang0926-c-n64-s1,d5ba2fb6f134,316,315,0,,5299616.0,,5299616.0,1.057417392271265e-08,5000000.0,5000000,,,,,,0.5387096774193548,0.8361200710621401
chang0926-c-n64-s1,d5ba2fb6f134,317,316,0,,5404525.0,,5404525.0,1.0703811236526723e-08,5000000.0,5000000,,,,,,0.5373387096774194,0.8383153689857448
chang0926-c-n64-s1,d5ba2fb6f134,318,317,0,,5136610.0,,5136610.0,1.0958243472544657e-08,5000000.0,5000000,,,,,,0.526241935483871,0.8298330486062622
chang0926-c-n64-s1,d5ba2fb6f134,319,318,0,,4998104.0,,4998104.0,1.042906412205808e-08,5000000.0,5000000,,,,,,0.3823548387096774,0.7738287197210569
chang0926-c-n64-s1,d5ba2fb6f134,320,319,1,4725064,4987016.0,1.0554388258021479,4725064.0,1.014765742898238e-08,5000000.0,5000000,1,1,4382011,1,0,0.5364516129032258,0.8304861374728709
chang0926-c-n64-s1,d5ba2fb6f134,321,320,0,,5543774.0,,5543774.0,9.5662139306366e-09,5000000.0,5000000,,,,,,0.5181290322580645,0.8397338088303341
chang0926-c-n64-s1,d5ba2fb6f134,322,321,0,,5599702.0,,5599702.0,1.1281833512372565e-08,5000000.0,5000000,,,,,,0.4946774193548387,0.832249292767829
chang0926-c-n64-s1,d5ba2fb6f134,323,322,0,,5356580.0,,5356580.0,1.1460375048974975e-08,5000000.0,5000000,,,,,,0.5181774193548387,0.8287943597335594
chang0926-c-n64-s1,d5ba2fb6f134,324,323,0,,5299377.0,,5299377.0,1.1000625746191044e-08,5000000.0,5000000,,,,,,0.5321290322580645,0.8342469018729691
chang0926-c-n64-s1,d5ba2fb6f134,325,324,0,,5378805.0,,5378805.0,1.091483943763093e-08,5000000.0,5000000,,,,,,0.5355967741935483,0.8304632478199118
chang0926-c-n64-s1,d5ba2fb6f134,326,325,0,,5362564.0,,5362564.0,1.1118958891936205e-08,5000000.0,5000000,,,,,,0.5316451612903226,0.8228120027795864
chang0926-c-n64-s1,d5ba2fb6f134,327,326,0,,5305356.0,,5305356.0,1.1124255042183443e-08,5000000.0,5000000,,,,,,0.5303709677419355,0.8318601244204272
chang0926-c-n64-s1,d5ba2fb6f134,328,327,0,,5003334.0,,5003334.0,1.1038249504553027e-08,5000000.0,5000000,,,,,,0.5541129032258064,0.8288455225338355
chang0926-c-n64-s1,d5ba2fb6f134,329,328,0,,4990061.0,,4990061.0,1.041021370984812e-08,5000000.0,5000000,,,,,,0.5582096774193548,0.8535816117638634
chang0926-c-n64-s1,d5ba2fb6f134,330,329,1,4729467,5121515.0,1.082894753256551,4729467.0,1.0381564269298277e-08,5000000.0,5000000,1,1,4386414,1,0,0.5498870967741936,0.8396260487383953
chang0926-c-n64-s1,d5ba2fb6f134,331,330,0,,5609979.0,,5609979.0,9.81208386616205e-09,5000000.0,5000000,,,,,,0.4444193548387097,0.7909580081758043
chang0926-c-n64-s1,d5ba2fb6f134,332,331,0,,5689162.0,,5689162.0,1.1706035832498296e-08,5000000.0,5000000,,,,,,0.5184193548387097,0.7991136232950697
chang0926-c-n64-s1,d5ba2fb6f134,333,332,0,,5274033.0,,5274033.0,1.1948154478500638e-08,5000000.0,5000000,,,,,,0.5351612903225806,0.8302599595458082
chang0926-c-n64-s1,d5ba2fb6f134,334,333,0,,5363070.0,,5363070.0,1.1105906509727826e-08,5000000.0,5000000,,,,,,0.5419032258064516,0.8325454639018799
chang0926-c-n64-s1,d5ba2fb6f134,335,334,0,,5312234.0,,5312234.0,1.1333050106930975e-08,5000000.0,5000000,,,,,,0.5441290322580645,0.8399408527543868
chang0926-c-n64-s1,d5ba2fb6f134,336,335,0,,5338688.0,,5338688.0,1.125967616655152e-08,5000000.0,5000000,,,,,,0.48912903225806453,0.8289916391808928
chang0926-c-n64-s1,d5ba2fb6f134,337,336,0,,5407811.0,,5407811.0,1.1352891066780712e-08,5000000.0,5000000,,,,,,0.5575806451612904,0.843452408876697
chang0926-c-n64-s1,d5ba2fb6f134,338,337,0,,5141203.0,,5141203.0,1.154505509406614e-08,5000000.0,5000000,,,,,,0.5352096774193549,0.8423718481747766
chang0926-c-n64-s1,d5ba2fb6f134,339,338,0,,5226418.0,,5226418.0,1.0991171757810525e-08,5000000.0,5000000,,,,,,0.5201290322580645,0.8261966172926473
chang0926-c-n64-s1,d5ba2fb6f134,340,339,1,4749217,5152094.0,1.0848301941141034,4749217.0,1.1198119301829712e-08,5000000.0,5000000,1,1,4406164,1,0,0.44498387096774195,0.7843985383929274
chang0926-c-n64-s1,d5ba2fb6f134,341,340,0,,5522455.0,,5522455.0,1.0149521393020635e-08,5000000.0,5000000,,,,,,0.5287903225806452,0.8312793326188952
chang0926-c-n64-s1,d5ba2fb6f134,342,341,0,,5644972.0,,5644972.0,1.1860796219595183e-08,5000000.0,5000000,,,,,,0.5518870967741936,0.8303435243223711
chang0926-c-n64-s1,d5ba2fb6f134,343,342,0,,5310807.0,,5310807.0,1.2197702594646498e-08,5000000.0,5000000,,,,,,0.5245161290322581,0.8278788819201864
chang0926-c-n64-s1,d5ba2fb6f134,344,343,0,,5404069.0,,5404069.0,1.1510290716943113e-08,5000000.0,5000000,,,,,,0.5496290322580645,0.846039341670752
chang0926-c-n64-s1,d5ba2fb6f134,345,344,0,,5342680.0,,5342680.0,1.17580202382325e-08,5000000.0,5000000,,,,,,0.5371612903225806,0.814869783930314
chang0926-c-n64-s1,d5ba2fb6f134,346,345,0,,5467842.0,,5467842.0,1.166304466079981e-08,5000000.0,5000000,,,,,,0.47658064516129034,0.7835149770508605
chang0926-c-n64-s1,d5ba2fb6f134,347,346,0,,5427610.0,,5427610.0,1.1989774911237114e-08,5000000.0,5000000,,,,,,0.5444516129032259,0.8408696634684191
chang0926-c-n64-s1,d5ba2fb6f134,348,347,0,,5085564.0,,5085564.0,1.1950487964062589e-08,5000000.0,5000000,,,,,,0.3383709677419355,0.7353422577788344
chang0926-c-n64-s1,d5ba2fb6f134,349,348,0,,5082919.0,,5082919.0,1.1206876473053598e-08,5000000.0,5000000,,,,,,0.5623387096774194,0.8434789880941453
chang0926-c-n64-s1,d5ba2fb6f134,350,349,1,4763970,5137662.0,1.0784413000081865,4763970.0,1.1210263193783008e-08,5000000.0,5000000,1,1,4420917,1,0,0.5301612903225806,0.8233422641747052
chang0926-c-n64-s1,d5ba2fb6f134,351,350,0,,5556007.0,,5556007.0,1.0481455352432348e-08,5000000.0,5000000,,,,,,0.4912741935483871,0.8319089903534385
chang0926-c-n64-s1,d5ba2fb6f134,352,351,0,,5672281.0,,5672281.0,1.2288673173723526e-08,5000000.0,5000000,,,,,,0.45083870967741935,0.7772489452930099
chang0926-c-n64-s1,d5ba2fb6f134,353,352,0,,5480366.0,,5480366.0,1.262523101992009e-08,5000000.0,5000000,,,,,,0.5185,0.818947097322072
chang0926-c-n64-s1,d5ba2fb6f134,354,353,0,,5437271.0,,5437271.0,1.2254148463858758e-08,5000000.0,5000000,,,,,,0.5401774193548388,0.822940931850224
chang0926-c-n64-s1,d5ba2fb6f134,355,354,0,,5468309.0,,5468309.0,1.2208859683111899e-08,5000000.0,5000000,,,,,,0.4918709677419355,0.8171980318165233
chang0926-c-n64-s1,d5ba2fb6f134,356,355,0,,5398889.0,,5398889.0,1.2333641557018808e-08,5000000.0,5000000,,,,,,0.5196129032258064,0.8253638299394763
chang0926-c-n64-s1,d5ba2fb6f134,357,356,0,,5455236.0,,5455236.0,1.222388888557298e-08,5000000.0,5000000,,,,,,0.5135322580645161,0.8154052942138538
chang0926-c-n64-s1,d5ba2fb6f134,358,357,0,,5167176.0,,5167176.0,1.2405398375336036e-08,5000000.0,5000000,,,,,,0.4985,0.8174207732313029
chang0926-c-n64-s1,d5ba2fb6f134,359,358,0,,5201207.0,,5201207.0,1.1769678200985406e-08,5000000.0,5000000,,,,,,0.4809838709677419,0.809404258464172
chang0926-c-n64-s1,d5ba2fb6f134,360,359,1,4538044,5215590.0,1.1493035325351628,4538044.0,1.1870586567431689e-08,5000000.0,5000000,1,1,4194991,1,0,0.5047419354838709,0.8128015681298393
chang0926-c-n64-s1,d5ba2fb6f134,361,360,0,,5684345.0,,5684345.0,1.0306985817250841e-08,5000000.0,5000000,,,,,,0.46980645161290324,0.7908225186942232
chang0926-c-n64-s1,d5ba2fb6f134,362,361,0,,5757622.0,,5757622.0,1.2993583030147562e-08,5000000.0,5000000,,,,,,0.41601612903225804,0.8276842906732458
chang0926-c-n64-s1,d5ba2fb6f134,363,362,0,,5474019.0,,5474019.0,1.3254254446220951e-08,5000000.0,5000000,,,,,,0.5183548387096775,0.828565146700478
chang0926-c-n64-s1,d5ba2fb6f134,364,363,0,,5415007.0,,5415007.0,1.2658588137297604e-08,5000000.0,5000000,,,,,,0.5203387096774194,0.8231968788550106
chang0926-c-n64-s1,d5ba2fb6f134,365,364,0,,5468687.0,,5468687.0,1.2572146774543042e-08,5000000.0,5000000,,,,,,0.5293225806451612,0.8297876273639913
chang0926-c-n64-s1,d5ba2fb6f134,366,365,0,,5403227.0,,5403227.0,1.2753786442718066e-08,5000000.0,5000000,,,,,,0.5461612903225807,0.8364088205893419
chang0926-c-n64-s1,d5ba2fb6f134,367,366,0,,5376270.0,,5376270.0,1.2650085104702732e-08,5000000.0,5000000,,,,,,0.44511290322580643,0.7855535191285876
chang0926-c-n64-s1,d5ba2fb6f134,368,367,0,,5119255.0,,5119255.0,1.2632719652623247e-08,5000000.0,5000000,,,,,,0.5120967741935484,0.8280426668600602
chang0926-c-n64-s1,d5ba2fb6f134,369,368,0,,5158584.0,,5158584.0,1.2042991732977912e-08,5000000.0,5000000,,,,,,0.5517903225806452,0.8329929728732226
chang0926-c-n64-s1,d5ba2fb6f134,370,369,1,4587555,5144403.0,1.121382304953292,4587555.0,1.2154473665480232e-08,5000000.0,5000000,1,1,4244502,1,0,0.4568225806451613,0.8097261311598789
chang0926-c-n64-s1,d5ba2fb6f134,371,370,0,,5570220.0,,5570220.0,1.0762607398039219e-08,5000000.0,5000000,,,,,,0.39425806451612905,0.7936423732482337
chang0926-c-n64-s1,d5ba2fb6f134,372,371,0,,5782597.0,,5782597.0,1.3138738824429534e-08,5000000.0,5000000,,,,,,0.4737258064516129,0.813419505363831
chang0926-c-n64-s1,d5ba2fb6f134,373,372,0,,5535573.0,,5535573.0,1.3739214505456684e-08,5000000.0,5000000,,,,,,0.5154516129032258,0.831295734774257
chang0926-c-n64-s1,d5ba2fb6f134,374,373,0,,5454126.0,,5454126.0,1.3219383102528774e-08,5000000.0,5000000,,,,,,0.5374193548387097,0.8317012234042063
chang0926-c-n64-s1,d5ba2fb6f134,375,374,0,,5542235.0,,5542235.0,1.3081620054166057e-08,5000000.0,5000000,,,,,,0.5405322580645161,0.8397826660846663
chang0926-c-n64-s1,d5ba2fb6f134,376,375,0,,5369072.0,,5369072.0,1.3361556356579536e-08,5000000.0,5000000,,,,,,0.5299032258064517,0.8296647630104955
chang0926-c-n64-s1,d5ba2fb6f134,377,376,0,,5387975.0,,5387975.0,1.2990258705201595e-08,5000000.0,5000000,,,,,,0.4471290322580645,0.8232617234918107
chang0926-c-n64-s1,d5ba2fb6f134,378,377,0,,5169450.0,,5169450.0,1.3084794991817047e-08,5000000.0,5000000,,,,,,0.4913387096774193,0.8308214412557439
chang0926-c-n64-s1,d5ba2fb6f134,379,378,0,,5069327.0,,5069327.0,1.2575040907954779e-08,5000000.0,5000000,,,,,,0.4043225806451613,0.8196348010156953
chang0926-c-n64-s1,d5ba2fb6f134,380,379,1,4733408,5115828.0,1.0807916832861229,4733408.0,1.2339978104543168e-08,5000000.0,5000000,1,1,4390355,1,0,0.5229354838709678,0.827261794892243
chang0926-c-n64-s1,d5ba2fb6f134,381,380,0,,5576568.0,,5576568.0,1.1490745868327384e-08,5000000.0,5000000,,,,,,0.5133870967741936,0.8289725994305707
chang0926-c-n64-s1,d5ba2fb6f134,382,381,0,,5699775.0,,5699775.0,1.361166122427718e-08,5000000.0,5000000,,,,,,0.5225967741935484,0.8236715299963636
chang0926-c-n64-s1,d5ba2fb6f134,383,382,0,,5393162.0,,5393162.0,1.400381054935294e-08,5000000.0,5000000,,,,,,0.3962258064516129,0.8179720591531849
chang0926-c-n64-s1,d5ba2fb6f134,384,383,0,,5357859.0,,5357859.0,1.3300735391107917e-08,5000000.0,5000000,,,,,,0.40653225806451615,0.7776037783151116
chang0926-c-n64-s1,d5ba2fb6f134,385,384,0,,5433947.0,,5433947.0,1.3259420136661273e-08,5000000.0,5000000,,,,,,0.520774193548387,0.824589100167801
chang0926-c-n64-s1,d5ba2fb6f134,386,385,0,,5442759.0,,5442759.0,1.3503797583341085e-08,5000000.0,5000000,,,,,,0.5123225806451613,0.8288006662542319
chang0926-c-n64-s1,d5ba2fb6f134,387,386,0,,5424185.0,,5424185.0,1.3583199547029435e-08,5000000.0,5000000,,,,,,0.5216290322580646,0.8217751658285062
chang0926-c-n64-s1,d5ba2fb6f134,388,387,0,,5072028.0,,5072028.0,1.3592072865196432e-08,5000000.0,5000000,,,,,,0.5107419354838709,0.8162834569972462
chang0926-c-n64-s1,d5ba2fb6f134,389,388,0,,5179792.0,,5179792.0,1.2718720540340923e-08,5000000.0,5000000,,,,,,0.5631129032258064,0.8425213015607946
chang0926-c-n64-s1,d5ba2fb6f134,390,389,1,4783740,5129167.0,1.0722085648467516,4783740.0,1.301191503999369e-08,5000000.0,5000000,1,1,4440687,1,0,0.5495322580645161,0.8375313985879584
chang0926-c-n64-s1,d5ba2fb6f134,391,390,0,,5418779.0,,5418779.0,1.1990473785316957e-08,5000000.0,5000000,,,,,,0.5401129032258064,0.8402050568730962
chang0926-c-n64-s1,d5ba2fb6f134,392,391,0,,5642286.0,,5642286.0,1.3636935530431633e-08,5000000.0,5000000,,,,,,0.5557741935483871,0.8365197779285689
chang0926-c-n64-s1,d5ba2fb6f134,393,392,0,,5351179.0,,5351179.0,1.4285475446402188e-08,5000000.0,5000000,,,,,,0.5456935483870968,0.8443108115291846
chang0926-c-n64-s1,d5ba2fb6f134,394,393,0,,5380662.0,,5380662.0,1.3594494245223211e-08,5000000.0,5000000,,,,,,0.5270322580645161,0.8326482873136968
chang0926-c-n64-s1,d5ba2fb6f134,395,394,0,,5325763.0,,5325763.0,1.3719635507815294e-08,5000000.0,5000000,,,,,,0.5445322580645161,0.8400003597320328
chang0926-c-n64-s1,d5ba2fb6f134,396,395,0,,5412836.0,,5412836.0,1.3622577573996631e-08,5000000.0,5000000,,,,,,0.4785,0.8207229346992293
chang0926-c-n64-s1,d5ba2fb6f134,397,396,0,,5406663.0,,5406663.0,1.3900328557540244e-08,5000000.0,5000000,,,,,,0.5127096774193548,0.8222542089224019
chang0926-c-n64-s1,d5ba2fb6f134,398,397,0,,5128082.0,,5128082.0,1.3938866614628559e-08,5000000.0,5000000,,,,,,0.3574193548387097,0.7923270845999897
chang0926-c-n64-s1,d5ba2fb6f134,399,398,0,,5103244.0,,5103244.0,1.3237390191746792e-08,5000000.0,5000000,,,,,,0.5493709677419355,0.8452988702361217
chang0926-c-n64-s1,d5ba2fb6f134,400,399,1,4597954,5128402.0,1.1153660954415812,4597954.0,1.3186743526179315e-08,5000000.0,5000000,1,1,4254901,1,0,0.5535967741935484,0.8469003530033191
chang0926-c-n64-s1,d5ba2fb6f134,401,400,0,,5559110.0,,5559110.0,1.183138478400989e-08,5000000.0,5000000,,,,,,0.5349838709677419,0.8420673915411847
chang0926-c-n64-s1,d5ba2fb6f134,402,401,0,,5592760.0,,5592760.0,1.4380632488600588e-08,5000000.0,5000000,,,,,,0.5050806451612904,0.8241412448934957
chang0926-c-n64-s1,d5ba2fb6f134,403,402,0,,5424257.0,,5424257.0,1.4548952027894973e-08,5000000.0,5000000,,,,,,0.4550161290322581,0.7963731678069186
chang0926-c-n64-s1,d5ba2fb6f134,404,403,0,,5349030.0,,5349030.0,1.416818763241919e-08,5000000.0,5000000,,,,,,0.5245967741935483,0.8309286052631355
chang0926-c-n64-s1,d5ba2fb6f134,405,404,0,,5412669.0,,5412669.0,1.4018912551424747e-08,5000000.0,5000000,,,,,,0.5091935483870967,0.8252864459837497
chang0926-c-n64-s1,d5ba2fb6f134,406,405,0,,5372833.0,,5372833.0,1.4242060813020219e-08,5000000.0,5000000,,,,,,0.5473225806451613,0.8427841325707384
chang0926-c-n64-s1,d5ba2fb6f134,407,406,0,,5381873.0,,5381873.0,1.4188169725862873e-08,5000000.0,5000000,,,,,,0.5192903225806451,0.8173515725352452
chang0926-c-n64-s1,d5ba2fb6f134,408,407,0,,5155842.0,,5155842.0,1.4264437497198346e-08,5000000.0,5000000,,,,,,0.5438064516129032,0.835234611733194
chang0926-c-n64-s1,d5ba2fb6f134,409,408,0,,5042346.0,,5042346.0,1.3686338749726713e-08,5000000.0,5000000,,,,,,0.4910483870967742,0.8071333082674947
chang0926-c-n64-s1,d5ba2fb6f134,410,409,1,4616223,5060358.0,1.0962117731314107,4616223.0,1.3390705540697052e-08,5000000.0,5000000,1,1,4273170,1,0,0.5074677419354838,0.8258606006518774
chang0926-c-n64-s1,d5ba2fb6f134,411,410,0,,5655994.0,,5655994.0,1.2210218516848225e-08,5000000.0,5000000,,,,,,0.5213870967741936,0.8257718159110541
chang0926-c-n64-s1,d5ba2fb6f134,412,411,0,,5715433.0,,5715433.0,1.5052982010290454e-08,5000000.0,5000000,,,,,,0.5437903225806452,0.8410877716774602
chang0926-c-n64-s1,d5ba2fb6f134,413,412,0,,5283670.0,,5283670.0,1.5313226181717378e-08,5000000.0,5000000,,,,,,0.5458064516129032,0.8335337884877658
chang0926-c-n64-s1,d5ba2fb6f134,414,413,0,,5357674.0,,5357674.0,1.4195527275452707e-08,5000000.0,5000000,,,,,,0.48079032258064514,0.8261214485291368
chang0926-c-n64-s1,d5ba2fb6f134,415,414,0,,5454381.0,,5454381.0,1.4444165027770215e-08,5000000.0,5000000,,,,,,0.5345483870967742,0.8302258999235672
chang0926-c-n64-s1,d5ba2fb6f134,416,415,0,,5454229.0,,5454229.0,1.4768976574608596e-08,5000000.0,5000000,,,,,,0.4405322580645161,0.8024498893441881
chang0926-c-n64-s1,d5ba2fb6f134,417,416,0,,5404972.0,,5404972.0,1.4832913598312416e-08,5000000.0,5000000,,,,,,0.5210483870967741,0.8219564873185125
chang0926-c-n64-s1,d5ba2fb6f134,418,417,0,,5128351.0,,5128351.0,1.4756308273092361e-08,5000000.0,5000000,,,,,,0.4966774193548387,0.8301317837909288
chang0926-c-n64-s1,d5ba2fb6f134,419,418,0,,5223674.0,,5223674.0,1.4018850354364857e-08,5000000.0,5000000,,,,,,0.4911451612903226,0.8087442818846812
chang0926-c-n64-s1,d5ba2fb6f134,420,419,1,4622299,5130971.0,1.110047402818381,4622299.0,1.4310704908847959e-08,5000000.0,5000000,1,1,4279246,1,0,0.5144354838709677,0.8026046930907187
chang0926-c-n64-s1,d5ba2fb6f134,421,420,0,,5556827.0,,5556827.0,1.2613551870622046e-08,5000000.0,5000000,,,,,,0.5291935483870968,0.8228916957556445
chang0926-c-n64-s1,d5ba2fb6f134,422,421,0,,5704220.0,,5704220.0,1.5244004988752536e-08,5000000.0,5000000,,,,,,0.5425161290322581,0.8411569688673308
chang0926-c-n64-s1,d5ba2fb6f134,423,422,0,,5449350.0,,5449350.0,1.5751785392881848e-08,5000000.0,5000000,,,,,,0.552741935483871,0.8377114599524351
chang0926-c-n64-s1,d5ba2fb6f134,424,423,0,,5415774.0,,5415774.0,1.5112870352251915e-08,5000000.0,5000000,,,,,,0.5513548387096774,0.8380754692272662
chang0926-c-n64-s1,d5ba2fb6f134,425,424,0,,5388269.0,,5388269.0,1.5079860135717848e-08,5000000.0,5000000,,,,,,0.5105645161290323,0.8065542564856388
chang0926-c-n64-s1,d5ba2fb6f134,426,425,0,,5383305.0,,5383305.0,1.505948127345215e-08,5000000.0,5000000,,,,,,0.5009354838709678,0.8055614897401757
chang0926-c-n64-s1,d5ba2fb6f134,427,426,0,,5321861.0,,5321861.0,1.5101277181802526e-08,5000000.0,5000000,,,,,,0.476758064516129,0.8262358651764551
chang0926-c-n64-s1,d5ba2fb6f134,428,427,0,,5061186.0,,5061186.0,1.4975553954853913e-08,5000000.0,5000000,,,,,,0.5026612903225807,0.8231713945044321
chang0926-c-n64-s1,d5ba2fb6f134,429,428,0,,5047163.0,,5047163.0,1.4250686354814805e-08,5000000.0,5000000,,,,,,0.5266129032258065,0.8101028660739835
chang0926-c-n64-s1,d5ba2fb6f134,430,429,1,4646931,5117099.0,1.1011781754452563,4646931.0,1.4217874639053614e-08,5000000.0,5000000,1,1,4303878,1,0,0.5275483870967742,0.8314694261490191
chang0926-c-n64-s1,d5ba2fb6f134,431,430,0,,5600355.0,,5600355.0,1.3042576265086616e-08,5000000.0,5000000,,,,,,0.5005967741935484,0.8070121075162848
chang0926-c-n64-s1,d5ba2fb6f134,432,431,0,,5742358.0,,5742358.0,1.580792970219683e-08,5000000.0,5000000,,,,,,0.5456290322580645,0.8300041089367151
chang0926-c-n64-s1,d5ba2fb6f134,433,432,0,,5368703.0,,5368703.0,1.6321336401764322e-08,5000000.0,5000000,,,,,,0.5049677419354839,0.8296422054598838
chang0926-c-n64-s1,d5ba2fb6f134,434,433,0,,5333254.0,,5333254.0,1.531368817687622e-08,5000000.0,5000000,,,,,,0.3866290322580645,0.7612611028036602
chang0926-c-n64-s1,d5ba2fb6f134,435,434,0,,5412545.0,,5412545.0,1.5261731239577196e-08,5000000.0,5000000,,,,,,0.41535483870967743,0.7658595515729631
chang0926-c-n64-s1,d5ba2fb6f134,436,435,0,,5251058.0,,5251058.0,1.5550151675095912e-08,5000000.0,5000000,,,,,,0.43879032258064515,0.7733660226105492
chang0926-c-n64-s1,d5ba2fb6f134,437,436,0,,5328541.0,,5328541.0,1.512320242189871e-08,5000000.0,5000000,,,,,,0.5468870967741936,0.8400217077252947
chang0926-c-n64-s1,d5ba2fb6f134,438,437,0,,5034892.0,,5034892.0,1.5395265290241353e-08,5000000.0,5000000,,,,,,0.5175322580645161,0.8344489380927882
chang0926-c-n64-s1,d5ba2fb6f134,439,438,0,,5086650.0,,5086650.0,1.4551911078760988e-08,5000000.0,5000000,,,,,,0.5360806451612903,0.823151149213319
chang0926-c-n64-s1,d5ba2fb6f134,440,439,1,4634532,5182612.0,1.1182600530107463,4634532.0,1.4714137886504234e-08,5000000.0,5000000,1,1,4291479,1,0,0.5107419354838709,0.816178202815923
chang0926-c-n64-s1,d5ba2fb6f134,441,440,0,,5555014.0,,5555014.0,1.3355515165005396e-08,5000000.0,5000000,,,,,,0.5348387096774193,0.82450438260251
chang0926-c-n64-s1,d5ba2fb6f134,442,441,0,,5677001.0,,5677001.0,1.6092579938154937e-08,5000000.0,5000000,,,,,,0.5110967741935484,0.8222389927558382
chang0926-c-n64-s1,d5ba2fb6f134,443,442,0,,5405253.0,,5405253.0,1.6550721710240585e-08,5000000.0,5000000,,,,,,0.5314193548387097,0.8465920276101185
chang0926-c-n64-s1,d5ba2fb6f134,444,443,0,,5331750.0,,5331750.0,1.5819993227052525e-08,5000000.0,5000000,,,,,,0.4974677419354839,0.8201949449391505
chang0926-c-n64-s1,d5ba2fb6f134,445,444,0,,5269916.0,,5269916.0,1.5655070690746176e-08,5000000.0,5000000,,,,,,0.5214032258064516,0.8152959625620797
chang0926-c-n64-s1,d5ba2fb6f134,446,445,0,,5411473.0,,5411473.0,1.55142445401858e-08,5000000.0,5000000,,,,,,0.39579032258064517,0.8141339602513533
chang0926-c-n64-s1,d5ba2fb6f134,447,446,0,,5345955.0,,5345955.0,1.5994096438500587e-08,5000000.0,5000000,,,,,,0.49970967741935485,0.8183552193074748
chang0926-c-n64-s1,d5ba2fb6f134,448,447,0,,5061848.0,,5061848.0,1.585339490142881e-08,5000000.0,5000000,,,,,,0.5584516129032258,0.845992658792442
chang0926-c-n64-s1,d5ba2fb6f134,449,448,0,,5053893.0,,5053893.0,1.502010724825719e-08,5000000.0,5000000,,,,,,0.517758064516129,0.8222122737724643
chang0926-c-n64-s1,d5ba2fb6f134,450,449,1,4625230,5011696.0,1.0835560609958856,4625230.0,1.5004543215842363e-08,5000000.0,5000000,1,1,4282177,1,0,0.4681290322580645,0.7844974896012247
chang0926-c-n64-s1,d5ba2fb6f134,451,450,0,,5350153.0,,5350153.0,1.3678492485797691e-08,5000000.0,5000000,,,,,,0.5166129032258064,0.8246515898106896
chang0926-c-n64-s1,d5ba2fb6f134,452,451,0,,5645438.0,,5645438.0,1.5875993558737866e-08,5000000.0,5000000,,,,,,0.5315967741935483,0.8404016248146974
chang0926-c-n64-s1,d5ba2fb6f134,453,452,0,,5384325.0,,5384325.0,1.685422301772791e-08,5000000.0,5000000,,,,,,0.5400483870967742,0.8371218877140499
chang0926-c-n64-s1,d5ba2fb6f134,454,453,0,,5392138.0,,5392138.0,1.6134310975662656e-08,5000000.0,5000000,,,,,,0.4810967741935484,0.8001172248956292
chang0926-c-n64-s1,d5ba2fb6f134,455,454,0,,5347784.0,,5347784.0,1.6218836858540137e-08,5000000.0,5000000,,,,,,0.5201290322580645,0.8226885218583521
chang0926-c-n64-s1,d5ba2fb6f134,456,455,0,,5296479.0,,5296479.0,1.6139599628736052e-08,5000000.0,5000000,,,,,,0.5685322580645161,0.8399076879637877
chang0926-c-n64-s1,d5ba2fb6f134,457,456,0,,5314881.0,,5314881.0,1.6030867211502903e-08,5000000.0,5000000,,,,,,0.5180645161290323,0.8204485366562843
chang0926-c-n64-s1,d5ba2fb6f134,458,457,0,,5072135.0,,5072135.0,1.613576217626091e-08,5000000.0,5000000,,,,,,0.49351612903225806,0.814466321204445
chang0926-c-n64-s1,d5ba2fb6f134,459,458,0,,5025200.0,,5025200.0,1.540982771685991e-08,5000000.0,5000000,,,,,,0.43925806451612903,0.7574568189441507
chang0926-c-n64-s1,d5ba2fb6f134,460,459,1,4605617,5121712.0,1.1120577329812704,4605617.0,1.5271071042005384e-08,5000000.0,5000000,1,1,4262564,1,0,0.5205483870967742,0.8191310933276913
chang0926-c-n64-s1,d5ba2fb6f134,461,460,0,,5520369.0,,5520369.0,1.3938622513803292e-08,5000000.0,5000000,,,,,,0.5543548387096774,0.834120461136868
chang0926-c-n64-s1,d5ba2fb6f134,462,461,0,,5611025.0,,5611025.0,1.678997505035937e-08,5000000.0,5000000,,,,,,0.4553709677419355,0.7963352594553025
chang0926-c-n64-s1,d5ba2fb6f134,463,462,0,,5334783.0,,5334783.0,1.716436558647973e-08,5000000.0,5000000,,,,,,0.4503064516129032,0.8043507940817651
chang0926-c-n64-s1,d5ba2fb6f134,464,463,0,,5420502.0,,5420502.0,1.637229829336325e-08,5000000.0,5000000,,,,,,0.5289838709677419,0.8206706023972549
chang0926-c-n64-s1,d5ba2fb6f134,465,464,0,,5305144.0,,5305144.0,1.6702668984347e-08,5000000.0,5000000,,,,,,0.4783225806451613,0.803093934537042
chang0926-c-n64-s1,d5ba2fb6f134,466,465,0,,5300804.0,,5300804.0,1.6395697634618107e-08,5000000.0,5000000,,,,,,0.5525967741935484,0.8317868160692361
chang0926-c-n64-s1,d5ba2fb6f134,467,466,0,,5367011.0,,5367011.0,1.6430207841031493e-08,5000000.0,5000000,,,,,,0.5233709677419355,0.8227946105879234
chang0926-c-n64-s1,d5ba2fb6f134,468,467,0,,4950466.0,,4950466.0,1.6694442492659547e-08,5000000.0,5000000,,,,,,0.5457580645161291,0.8376323354793997
chang0926-c-n64-s1,d5ba2fb6f134,469,468,0,,4982462.0,,4982462.0,1.5391087991129514e-08,5000000.0,5000000,,,,,,0.4523064516129032,0.8136232548706929
chang0926-c-n64-s1,d5ba2fb6f134,470,469,1,4460863,4962789.0,1.112517689962682,4460863.0,1.5487842859767425e-08,5000000.0,5000000,1,1,4117810,1,0,0.421758064516129,0.7775580552997702
chang0926-c-n64-s1,d5ba2fb6f134,471,470,0,,5365069.0,,5365069.0,1.3787587072333146e-08,5000000.0,5000000,,,,,,0.5185645161290322,0.825561380763508
chang0926-c-n64-s1,d5ba2fb6f134,472,471,0,,5595837.0,,5595837.0,1.6640829071661117e-08,5000000.0,5000000,,,,,,0.5140967741935484,0.8173547761179204
chang0926-c-n64-s1,d5ba2fb6f134,473,472,0,,5384720.0,,5384720.0,1.7454582127175756e-08,5000000.0,5000000,,,,,,0.5472741935483871,0.8484104759153503
chang0926-c-n64-s1,d5ba2fb6f134,474,473,0,,5365484.0,,5365484.0,1.6858432130949388e-08,5000000.0,5000000,,,,,,0.5160483870967741,0.8278477730979816
chang0926-c-n64-s1,d5ba2fb6f134,475,474,0,,5204084.0,,5204084.0,1.6857567435116724e-08,5000000.0,5000000,,,,,,0.522258064516129,0.8287621622428194
chang0926-c-n64-s1,d5ba2fb6f134,476,475,0,,5349769.0,,5349769.0,1.6383210607170633e-08,5000000.0,5000000,,,,,,0.5204193548387097,0.8167858354362771
chang0926-c-n64-s1,d5ba2fb6f134,477,476,0,,5354798.0,,5354798.0,1.6898882930142176e-08,5000000.0,5000000,,,,,,0.536741935483871,0.8285839046738067
chang0926-c-n64-s1,d5ba2fb6f134,478,477,0,,5028673.0,,5028673.0,1.6972847705926106e-08,5000000.0,5000000,,,,,,0.5389838709677419,0.8401808600146395
chang0926-c-n64-s1,d5ba2fb6f134,479,478,0,,5032114.0,,5032114.0,1.594370268331949e-08,5000000.0,5000000,,,,,,0.535241935483871,0.831991671827834
chang0926-c-n64-s1,d5ba2fb6f134,480,479,1,4573108,5040070.0,1.1021104246827322,4573108.0,1.5959720673442345e-08,5000000.0,5000000,1,1,4230055,1,0,0.5625161290322581,0.8523918961035595
chang0926-c-n64-s1,d5ba2fb6f134,481,480,0,,5601502.0,,5601502.0,1.4439373336533731e-08,5000000.0,5000000,,,,,,0.5264032258064516,0.8282079685489343
chang0926-c-n64-s1,d5ba2fb6f134,482,481,0,,5515916.0,,5515916.0,1.778722126008039e-08,5000000.0,5000000,,,,,,0.5236612903225807,0.8257301610612842
chang0926-c-n64-s1,d5ba2fb6f134,483,482,0,,5308073.0,,5308073.0,1.7601660409008644e-08,5000000.0,5000000,,,,,,0.5058709677419355,0.8250383872467392
chang0926-c-n64-s1,d5ba2fb6f134,484,483,0,,5374046.0,,5374046.0,1.698913334491413e-08,5000000.0,5000000,,,,,,0.4770483870967742,0.8115997209410468
chang0926-c-n64-s1,d5ba2fb6f134,485,484,0,,5339936.0,,5339936.0,1.726244414711386e-08,5000000.0,5000000,,,,,,0.5422096774193549,0.8184054168618363
chang0926-c-n64-s1,d5ba2fb6f134,486,485,0,,5431604.0,,5431604.0,1.720938146251364e-08,5000000.0,5000000,,,,,,0.5475,0.82980382077715
chang0926-c-n64-s1,d5ba2fb6f134,487,486,0,,5358806.0,,5358806.0,1.7577423379567036e-08,5000000.0,5000000,,,,,,0.5429677419354839,0.8357460577122344
chang0926-c-n64-s1,d5ba2fb6f134,488,487,0,,4940609.0,,4940609.0,1.7402035509927093e-08,5000000.0,5000000,,,,,,0.5066935483870968,0.8142439622146836
chang0926-c-n64-s1,d5ba2fb6f134,489,488,0,,4983709.0,,4983709.0,1.6034411493725286e-08,5000000.0,5000000,,,,,,0.5534516129032258,0.8469614441811348
chang0926-c-n64-s1,d5ba2fb6f134,490,489,1,4671737,4926990.0,1.0546377075593083,4671737.0,1.6171650581022583e-08,5000000.0,5000000,1,1,4328684,1,0,0.5393548387096774,0.8367486553981974
chang0926-c-n64-s1,d5ba2fb6f134,491,490,0,,5591605.0,,5591605.0,1.5107947883582285e-08,5000000.0,5000000,,,,,,0.5333548387096774,0.8355787705377857
chang0926-c-n64-s1,d5ba2fb6f134,492,491,0,,5739512.0,,5739512.0,1.8184103759142574e-08,5000000.0,5000000,,,,,,0.508758064516129,0.8157529614618738
chang0926-c-n64-s1,d5ba2fb6f134,493,492,0,,5501658.0,,5501658.0,1.8794277400868714e-08,5000000.0,5000000,,,,,,0.5066451612903226,0.8186446347655153
chang0926-c-n64-s1,d5ba2fb6f134,494,493,0,,5277041.0,,5277041.0,1.81017446193097e-08,5000000.0,5000000,,,,,,0.5288548387096774,0.8355736576509785
chang0926-c-n64-s1,d5ba2fb6f134,495,494,0,,5316550.0,,5316550.0,1.7409581657244588e-08,5000000.0,5000000,,,,,,0.38017741935483873,0.767874192989622
chang0926-c-n64-s1,d5ba2fb6f134,496,495,0,,5327767.0,,5327767.0,1.7593845116972565e-08,5000000.0,5000000,,,,,,0.5017258064516129,0.8260707065311867
chang0926-c-n64-s1,d5ba2fb6f134,497,496,0,,5345694.0,,5345694.0,1.7687027306964724e-08,5000000.0,5000000,,,,,,0.5353064516129032,0.8267117500596768
chang0926-c-n64-s1,d5ba2fb6f134,498,497,0,,4954875.0,,4954875.0,1.7805961190090037e-08,5000000.0,5000000,,,,,,0.523258064516129,0.8415385950723188
chang0926-c-n64-s1,d5ba2fb6f134,499,498,0,,5041614.0,,5041614.0,1.6496703356193034e-08,5000000.0,5000000,,,,,,0.5433548387096774,0.8384806014206369
chang0926-c-n64-s1,d5ba2fb6f134,500,499,1,4592840,5002193.0,1.0891285130768762,4592840.0,1.6792448825070888e-08,5000000.0,5000000,1,1,4249787,1,0,0.4859193548387097,0.808828604945881
chang0926-f-n64-s1,097faea3088c,1,0,1,11733720,12545065.0,1.0691464429013136,11733720.0,1e-07,350000,350000,0,0,11562194,1,0,0.5711774193548387,0.8493468595292027
chang0926-f-n64-s1,097faea3088c,2,1,0,,12428141.0,,12428141.0,9.999999999686812e-08,350000,350000,,,,,,0.6172741935483871,0.8783637559905341
chang0926-f-n64-s1,097faea3088c,3,2,0,,10057149.0,,10057149.0,1.2661564090091517e-07,350000,350000,,,,,,0.627258064516129,0.8754693916778843
chang0926-f-n64-s1,097faea3088c,4,3,0,,10102341.0,,10102341.0,1.2119268638521414e-07,350000,350000,,,,,,0.6463548387096775,0.8880586308915215
chang0926-f-n64-s1,097faea3088c,5,4,0,,8042818.0,,8042818.0,1.4402611652749132e-07,350000,350000,,,,,,0.6586129032258065,0.8865118011324199
chang0926-f-n64-s1,097faea3088c,6,5,0,,6777309.0,,6777309.0,1.341202881735642e-07,350000,350000,,,,,,0.6529193548387097,0.8861538711403659
chang0926-f-n64-s1,097faea3088c,7,6,0,,6120731.0,,6120731.0,1.3106688739405736e-07,350000,350000,,,,,,0.6551612903225806,0.8952609705886168
chang0926-f-n64-s1,097faea3088c,8,7,0,,5218490.0,,5218490.0,1.3657642935339976e-07,350000,350000,,,,,,0.6481451612903226,0.8885062794290965
chang0926-f-n64-s1,097faea3088c,9,8,0,,4562996.0,,4562996.0,1.3328803253694052e-07,350000,350000,,,,,,0.6245,0.877643247711261
chang0926-f-n64-s1,097faea3088c,10,9,1,3681775,3988677.0,1.0833570764101554,3681775.0,1.3251208642129996e-07,350000,350000,0,0,3510249,1,0,0.6595,0.8913838537609206
chang0926-f-n64-s1,097faea3088c,11,10,0,,3982395.0,,3982395.0,1.2027132858272445e-07,350000,350000,,,,,,0.6342903225806452,0.8795406989458373
chang0926-f-n64-s1,097faea3088c,12,11,0,,3562526.0,,3562526.0,1.4691055941714636e-07,350000,350000,,,,,,0.638241935483871,0.879417020291401
chang0926-f-n64-s1,097faea3088c,13,12,0,,3061723.0,,3061723.0,1.4758805893784286e-07,350000,350000,,,,,,0.6215322580645162,0.8779678167856758
chang0926-f-n64-s1,097faea3088c,14,13,0,,2917041.0,,2917041.0,1.413689289545017e-07,350000,350000,,,,,,0.6255645161290323,0.8829732860333162
chang0926-f-n64-s1,097faea3088c,15,14,0,,2543632.0,,2543632.0,1.4975258532702558e-07,350000,350000,,,,,,0.6260806451612904,0.8802890379061553
chang0926-f-n64-s1,097faea3088c,16,15,0,,2535899.0,,2535899.0,1.4419672181715304e-07,350000,350000,,,,,,0.575758064516129,0.8695390337186393
chang0926-f-n64-s1,097faea3088c,17,16,0,,2402298.0,,2402298.0,1.5872168125332825e-07,350000,350000,,,,,,0.6260967741935484,0.8787251304399216
chang0926-f-n64-s1,097faea3088c,18,17,0,,2231286.0,,2231286.0,1.6556141294815327e-07,350000,350000,,,,,,0.6184677419354838,0.8743965586977662
chang0926-f-n64-s1,097faea3088c,19,18,0,,2159913.0,,2159913.0,1.686987422692449e-07,350000,350000,,,,,,0.5908387096774194,0.8651476072420126
chang0926-f-n64-s1,097faea3088c,20,19,1,2192491,2079386.0,0.9484125590481329,2192491.0,1.7885919563186008e-07,350000,350000,0,0,2020965,1,0,0.6158870967741935,0.8722275103715671
chang0926-f-n64-s1,097faea3088c,21,20,0,,2155255.0,,2155255.0,1.990014876255735e-07,350000,350000,,,,,,0.6311774193548387,0.8789700942286054
chang0926-f-n64-s1,097faea3088c,22,21,0,,2032867.0,,2032867.0,2.142341475689031e-07,350000,350000,,,,,,0.5922258064516129,0.8665535081308189
chang0926-f-n64-s1,097faea3088c,23,22,0,,1745919.0,,1745919.0,2.2064853410056688e-07,350000,350000,,,,,,0.5635161290322581,0.8435617720799489
chang0926-f-n64-s1,097faea3088c,24,23,0,,1703648.0,,1703648.0,2.0535911031621128e-07,350000,350000,,,,,,0.5973225806451613,0.866605618244858
chang0926-f-n64-s1,097faea3088c,25,24,0,,1615237.0,,1615237.0,2.1688790904196248e-07,350000,350000,,,,,,0.5926290322580645,0.864387552488771
chang0926-f-n64-s1,097faea3088c,26,25,0,,1460746.0,,1460746.0,2.2197299353019307e-07,350000,350000,,,,,,0.5988064516129032,0.8598204772471119
chang0926-f-n64-s1,097faea3088c,27,26,0,,1363409.0,,1363409.0,2.156075295516598e-07,350000,350000,,,,,,0.5907096774193549,0.8571831740689614
chang0926-f-n64-s1,097faea3088c,28,27,0,,1297920.0,,1297920.0,2.1539880014559395e-07,350000,350000,,,,,,0.5879354838709677,0.8605873277038519
chang0926-f-n64-s1,097faea3088c,29,28,0,,1276852.0,,1276852.0,2.1893945967582998e-07,350000,350000,,,,,,0.5753064516129033,0.8549496674267878
chang0926-f-n64-s1,097faea3088c,30,29,1,1217046,1110880.0,0.9127674714020669,1217046.0,2.2978427460239464e-07,350000,350000,0,0,1045520,1,0,0.5571612903225807,0.8419706765403481
chang0926-f-n64-s1,097faea3088c,31,30,0,,1186485.0,,1186485.0,2.331034406906401e-07,350000,350000,,,,,,0.5769032258064516,0.85625612477616
chang0926-f-n64-s1,097faea3088c,32,31,0,,1095018.0,,1095018.0,2.415536771190975e-07,350000,350000,,,,,,0.4993225806451613,0.8220029137424681
chang0926-f-n64-s1,097faea3088c,33,32,0,,968202,,968202,2.3601538819098935e-07,350000,350000,,,,,,0.5470483870967742,0.8388542614163302
chang0926-f-n64-s1,097faea3088c,34,33,0,,877723,,877723,2.1957350457901352e-07,350000,350000,,,,,,0.5050322580645161,0.8189512288976829
chang0926-f-n64-s1,097faea3088c,35,34,0,,849214,,849214,2.0841832860087186e-07,350000,350000,,,,,,0.5355322580645161,0.8385626070391968
chang0926-f-n64-s1,097faea3088c,36,35,0,,815137,,815137,2.1078661530800847e-07,350000,350000,,,,,,0.5795483870967741,0.8494213328067156
chang0926-f-n64-s1,097faea3088c,37,36,0,,787259,,787259,2.110642213012633e-07,350000,350000,,,,,,0.5637741935483871,0.8501468488812938
chang0926-f-n64-s1,097faea3088c,38,37,0,,739389,,739389,2.122775794460341e-07,350000,350000,,,,,,0.5608387096774193,0.8442080505114031
chang0926-f-n64-s1,097faea3088c,39,38,0,,720273,,720273,2.0696634248299814e-07,350000,350000,,,,,,0.5354193548387097,0.8337800705224432
chang0926-f-n64-s1,097faea3088c,40,39,1,710660,703429,0.9898249514535784,710660,2.090236029383174e-07,350000,350000,0,0,539134,1,0,0.5670483870967742,0.8486799274674948
chang0926-f-n64-s1,097faea3088c,41,40,0,,724912,,724912,2.136681339240677e-07,350000,350000,,,,,,0.5542258064516129,0.8452870884502328
chang0926-f-n64-s1,097faea3088c,42,41,0,,691603,,691603,2.2603413855545895e-07,350000,350000,,,,,,0.4090645161290323,0.7961308535578387
chang0926-f-n64-s1,097faea3088c,43,42,0,,635197,,635197,2.2361177324628484e-07,350000,350000,,,,,,0.5490322580645162,0.835281107549185
chang0926-f-n64-s1,097faea3088c,44,43,0,,636023,,636023,2.0969256916401607e-07,350000,350000,,,,,,0.5448064516129032,0.8403010786290108
chang0926-f-n64-s1,097faea3088c,45,44,0,,629644,,629644,2.1633045427668798e-07,350000,350000,,,,,,0.5476129032258065,0.8456982607043125
chang0926-f-n64-s1,097faea3088c,46,45,0,,649179,,649179,2.2054197617392044e-07,350000,350000,,,,,,0.5578064516129032,0.8492080924496539
chang0926-f-n64-s1,097faea3088c,47,46,0,,632815,,632815,2.3451761887775309e-07,350000,350000,,,,,,0.5292903225806451,0.8223369358251356
chang0926-f-n64-s1,097faea3088c,48,47,0,,612386,,612386,2.3547684829455392e-07,350000,350000,,,,,,0.5244193548387097,0.8339384376242766
chang0926-f-n64-s1,097faea3088c,49,48,0,,605763,,605763,2.3433899523812873e-07,350000,350000,,,,,,0.5019838709677419,0.8122877687256279
chang0926-f-n64-s1,097faea3088c,50,49,1,569372,611481,1.0739569209585298,569372,2.3825048202537688e-07,350000,350000,0,0,397846,1,0,0.558741935483871,0.8376500812712464
chang0926-f-n64-s1,097faea3088c,51,50,0,,597463,,597463,2.2945290157696596e-07,350000,350000,,,,,,0.49412903225806454,0.8255717706253843
chang0926-f-n64-s1,097faea3088c,52,51,0,,599256,,599256,2.4729800437083723e-07,350000,350000,,,,,,0.5619193548387097,0.8379078166643534
chang0926-f-n64-s1,097faea3088c,53,52,0,,610419,,610419,2.54799871649757e-07,350000,350000,,,,,,0.5350967741935484,0.828865013405648
chang0926-f-n64-s1,097faea3088c,54,53,0,,604243,,604243,2.6686576079472155e-07,350000,350000,,,,,,0.5019677419354839,0.8107914028782786
chang0926-f-n64-s1,097faea3088c,55,54,0,,609846,,609846,2.714773622827877e-07,350000,350000,,,,,,0.47208064516129034,0.8112424778322783
chang0926-f-n64-s1,097faea3088c,56,55,0,,596529,,596529,2.817083885315823e-07,350000,350000,,,,,,0.5448548387096774,0.8364011290115595
chang0926-f-n64-s1,097faea3088c,57,56,0,,588337,,588337,2.830018907834648e-07,350000,350000,,,,,,0.5334516129032258,0.8259659135437708
chang0926-f-n64-s1,097faea3088c,58,57,0,,597037,,597037,2.8645858549081995e-07,350000,350000,,,,,,0.4877741935483871,0.8259907998388998
chang0926-f-n64-s1,097faea3088c,59,58,0,,595636,,595636,2.985613514379709e-07,350000,350000,,,,,,0.4856451612903226,0.7900710732294156
chang0926-f-n64-s1,097faea3088c,60,59,1,543702,593583,1.0917432711301411,543702,3.058855241181723e-07,350000,350000,0,0,372176,1,0,0.5401935483870968,0.8410817805749607
chang0926-f-n64-s1,097faea3088c,61,60,0,,584216,,584216,2.854325918422966e-07,350000,350000,,,,,,0.5113548387096775,0.8276509246930945
chang0926-f-n64-s1,097faea3088c,62,61,0,,587366,,587366,3.146598617822461e-07,350000,350000,,,,,,0.49393548387096775,0.809426631885802
chang0926-f-n64-s1,097faea3088c,63,62,0,,594511,,594511,3.246524930147134e-07,350000,350000,,,,,,0.49759677419354836,0.8042523519577115
chang0926-f-n64-s1,097faea3088c,64,63,0,,580694,,580694,3.3742280061759984e-07,350000,350000,,,,,,0.4853225806451613,0.8145132521268401
chang0926-f-n64-s1,097faea3088c,65,64,0,,578669,,578669,3.3803045858339287e-07,350000,350000,,,,,,0.4680161290322581,0.8139509435928517
chang0926-f-n64-s1,097faea3088c,66,65,0,,578123,,578123,3.454274303094286e-07,350000,350000,,,,,,0.5444677419354839,0.8343908429390126
chang0926-f-n64-s1,097faea3088c,67,66,0,,569458,,569458,3.538705836353252e-07,350000,350000,,,,,,0.5148709677419355,0.8192182700963426
chang0926-f-n64-s1,097faea3088c,68,67,0,,572004,,572004,3.571540636911537e-07,350000,350000,,,,,,0.39145161290322583,0.766213285303363
chang0926-f-n64-s1,097faea3088c,69,68,0,,564841,,564841,3.676711168021388e-07,350000,350000,,,,,,0.47361290322580646,0.8080480528524909
chang0926-f-n64-s1,097faea3088c,70,69,1,497990,556831,1.118156991104239,497990,3.718600900606455e-07,350000,350000,0,0,326464,1,0,0.5348225806451613,0.8230423066095598
chang0926-f-n64-s1,097faea3088c,71,70,0,,546306,,546306,3.3368109935834705e-07,350000,350000,,,,,,0.5210806451612903,0.8205078158380793
chang0926-f-n64-s1,097faea3088c,72,71,0,,548364,,548364,3.742961434681732e-07,350000,350000,,,,,,0.553241935483871,0.8368861428348271
chang0926-f-n64-s1,097faea3088c,73,72,0,,556546,,556546,3.8423627410473164e-07,350000,350000,,,,,,0.4965,0.8105717975249609
chang0926-f-n64-s1,097faea3088c,74,73,0,,553856,,553856,3.9911876166784445e-07,350000,350000,,,,,,0.5175645161290322,0.8138975016430676
chang0926-f-n64-s1,097faea3088c,75,74,0,,545161,,545161,4.06409998191033e-07,350000,350000,,,,,,0.5073225806451613,0.8185285362680286
chang0926-f-n64-s1,097faea3088c,76,75,0,,544349,,544349,4.0899230308338785e-07,350000,350000,,,,,,0.4932258064516129,0.8096737924612414
chang0926-f-n64-s1,097faea3088c,77,76,0,,538650,,538650,4.175017057572914e-07,350000,350000,,,,,,0.4240967741935484,0.7753760276154541
chang0926-f-n64-s1,097faea3088c,78,77,0,,548350,,548350,4.2213311249053054e-07,350000,350000,,,,,,0.5469677419354839,0.8266462203134488
chang0926-f-n64-s1,097faea3088c,79,78,0,,529792,,529792,4.394911091001252e-07,350000,350000,,,,,,0.49035483870967744,0.8188764761723464
chang0926-f-n64-s1,097faea3088c,80,79,1,489220,524624,1.072368259678672,489220,4.3351038882685874e-07,350000,350000,0,0,317694,1,0,0.5248709677419355,0.8275639937653297
chang0926-f-n64-s1,097faea3088c,81,80,0,,516893,,516893,4.0707096314908204e-07,350000,350000,,,,,,0.5310645161290323,0.8213147117182057
chang0926-f-n64-s1,097faea3088c,82,81,0,,531347,,531347,4.385642254918075e-07,350000,350000,,,,,,0.4798225806451613,0.8027662247981814
chang0926-f-n64-s1,097faea3088c,83,82,0,,526265,,526265,4.6033743562299503e-07,350000,350000,,,,,,0.5299516129032258,0.8277292535652659
chang0926-f-n64-s1,097faea3088c,84,83,0,,516992,,516992,4.6532819824114374e-07,350000,350000,,,,,,0.49906451612903224,0.8154649334261604
chang0926-f-n64-s1,097faea3088c,85,84,0,,517083,,517083,4.661326190825305e-07,350000,350000,,,,,,0.4993225806451613,0.8266765911702759
chang0926-f-n64-s1,097faea3088c,86,85,0,,518649,,518649,4.754014947368425e-07,350000,350000,,,,,,0.49256451612903224,0.8236700455892644
chang0926-f-n64-s1,097faea3088c,87,86,0,,512006,,512006,4.863110110401193e-07,350000,350000,,,,,,0.48596774193548387,0.8184719972323624
chang0926-f-n64-s1,097faea3088c,88,87,0,,519068,,519068,4.893008370618296e-07,350000,350000,,,,,,0.47888709677419355,0.808004925435349
chang0926-f-n64-s1,097faea3088c,89,88,0,,513310,,513310,5.059213124227942e-07,350000,350000,,,,,,0.4981129032258064,0.7855656030261124
chang0926-f-n64-s1,097faea3088c,90,89,1,468154,510339,1.0901092375585812,468154,5.099810373527034e-07,350000,350000,0,0,296628,1,0,0.5074354838709677,0.8155114142288399
chang0926-f-n64-s1,097faea3088c,91,90,0,,496828,,496828,4.719316195142692e-07,350000,350000,,,,,,0.5196290322580646,0.81814233036604
chang0926-f-n64-s1,097faea3088c,92,91,0,,489878,,489878,5.096867014469954e-07,350000,350000,,,,,,0.48211290322580647,0.802049807123419
chang0926-f-n64-s1,097faea3088c,93,92,0,,496171,,496171,5.11076802905553e-07,350000,350000,,,,,,0.5169032258064516,0.8106583313571696
chang0926-f-n64-s1,097faea3088c,94,93,0,,497630,,497630,5.267539210678446e-07,350000,350000,,,,,,0.5149193548387097,0.8161303405210187
chang0926-f-n64-s1,097faea3088c,95,94,0,,505358,,505358,5.376812346388519e-07,350000,350000,,,,,,0.5086290322580646,0.821823085264956
chang0926-f-n64-s1,097faea3088c,96,95,0,,510976,,510976,5.561526687432932e-07,350000,350000,,,,,,0.43033870967741933,0.7809863428886795
chang0926-f-n64-s1,097faea3088c,97,96,0,,511498,,511498,5.730757158762778e-07,350000,350000,,,,,,0.4737741935483871,0.8089266336534792
chang0926-f-n64-s1,097faea3088c,98,97,0,,499312,,499312,5.846476899280531e-07,350000,350000,,,,,,0.47683870967741937,0.7978605827244538
chang0926-f-n64-s1,097faea3088c,99,98,0,,492536,,492536,5.8094831937977e-07,350000,350000,,,,,,0.3954516129032258,0.7557149773262124
chang0926-f-n64-s1,097faea3088c,100,99,1,454383,483865,1.0648835893948496,454383,5.829374701376417e-07,350000,350000,0,0,282857,1,0,0.4969516129032258,0.8127183701608448
chang0926-f-n64-s1,097faea3088c,101,100,0,,480108,,480108,5.448460025576782e-07,350000,350000,,,,,,0.4858387096774194,0.7966706702066941
chang0926-f-n64-s1,097faea3088c,102,101,0,,490993,,490993,5.848630461528381e-07,350000,350000,,,,,,0.5132741935483871,0.8055857488384166
chang0926-f-n64-s1,097faea3088c,103,102,0,,502262,,502262,6.083323366682747e-07,350000,350000,,,,,,0.4995483870967742,0.8108003873948716
chang0926-f-n64-s1,097faea3088c,104,103,0,,514666,,514666,6.33634823856006e-07,350000,350000,,,,,,0.48446774193548386,0.7851016494130141
chang0926-f-n64-s1,097faea3088c,105,104,0,,504766,,504766,6.619223818976095e-07,350000,350000,,,,,,0.41901612903225804,0.7739115940877991
chang0926-f-n64-s1,097faea3088c,106,105,0,,502241,,502241,6.611846829855272e-07,350000,350000,,,,,,0.48858064516129035,0.775900293311046
chang0926-f-n64-s1,097faea3088c,107,106,0,,489650,,489650,6.698646488295427e-07,350000,350000,,,,,,0.5008870967741935,0.8104183527543221
chang0926-f-n64-s1,097faea3088c,108,107,0,,485706,,485706,6.6412761752953e-07,350000,350000,,,,,,0.46730645161290324,0.7725320363775359
chang0926-f-n64-s1,097faea3088c,109,108,0,,501407,,501407,6.69660251126677e-07,350000,350000,,,,,,0.4999677419354839,0.8129021076055516
chang0926-f-n64-s1,097faea3088c,110,109,1,479693,493975,1.0297732091149965,479693,7.038458643210258e-07,350000,350000,0,0,308167,1,0,0.5189838709677419,0.8065041963745572
chang0926-f-n64-s1,097faea3088c,111,110,0,,490555,,490555,6.840617675257946e-07,350000,350000,,,,,,0.40993548387096773,0.7456793735310011
chang0926-f-n64-s1,097faea3088c,112,111,0,,516860,,516860,7.114602276227437e-07,350000,350000,,,,,,0.4852741935483871,0.7854292515027189
chang0926-f-n64-s1,097faea3088c,113,112,0,,505269,,505269,7.643655189871786e-07,350000,350000,,,,,,0.5226451612903226,0.8022594364736427
chang0926-f-n64-s1,097faea3088c,114,113,0,,494559,,494559,7.610681514555592e-07,350000,350000,,,,,,0.46111290322580645,0.7909238574025768
chang0926-f-n64-s1,097faea3088c,115,114,0,,482552,,482552,7.579254802083314e-07,350000,350000,,,,,,0.47385483870967743,0.7985721763205671
chang0926-f-n64-s1,097faea3088c,116,115,0,,494968,,494968,7.514953916519446e-07,350000,350000,,,,,,0.45888709677419354,0.7972911118973649
chang0926-f-n64-s1,097faea3088c,117,116,0,,487327,,487327,7.843046287593761e-07,350000,350000,,,,,,0.4913709677419355,0.8035910664930548
chang0926-f-n64-s1,097faea3088c,118,117,0,,488911,,488911,7.850833210999061e-07,350000,350000,,,,,,0.472258064516129,0.7807769272616933
chang0926-f-n64-s1,097faea3088c,119,118,0,,484801,,484801,8.009089999437004e-07,350000,350000,,,,,,0.39379032258064517,0.7266292468558723
chang0926-f-n64-s1,097faea3088c,120,119,1,446561,480700,1.0764486822628936,446561,8.072195016246912e-07,350000,350000,0,0,275035,1,0,0.5189516129032258,0.8228514388610824
chang0926-f-n64-s1,097faea3088c,121,120,0,,468220,,468220,7.526612675820139e-07,350000,350000,,,,,,0.4975806451612903,0.8214809901553721
chang0926-f-n64-s1,097faea3088c,122,121,0,,475444,,475444,8.007331939395186e-07,350000,350000,,,,,,0.4859032258064516,0.8097863426363044
chang0926-f-n64-s1,097faea3088c,123,122,0,,465702,,465702,8.256363573203512e-07,350000,350000,,,,,,0.4316935483870968,0.77449340108951
chang0926-f-n64-s1,097faea3088c,124,123,0,,468841,,468841,8.203506829917993e-07,350000,350000,,,,,,0.507774193548387,0.8134134234616178
chang0926-f-n64-s1,097faea3088c,125,124,0,,468426,,468426,8.380402958566637e-07,350000,350000,,,,,,0.5433709677419355,0.8202731782678182
chang0926-f-n64-s1,097faea3088c,126,125,0,,462765,,462765,8.495891509287513e-07,350000,350000,,,,,,0.5060645161290322,0.8123443305132799
chang0926-f-n64-s1,097faea3088c,127,126,0,,463861,,463861,8.51124502170045e-07,350000,350000,,,,,,0.4949677419354839,0.7991886612677878
chang0926-f-n64-s1,097faea3088c,128,127,0,,479524,,479524,8.652397019562424e-07,350000,350000,,,,,,0.5341612903225806,0.822601107739683
chang0926-f-n64-s1,097faea3088c,129,128,0,,490962,,490962,9.086487692054436e-07,350000,350000,,,,,,0.4331129032258065,0.7787650325998579
chang0926-f-n64-s1,097faea3088c,130,129,1,466916,492025,1.0537762681081821,466916,9.461991760266678e-07,350000,350000,0,0,295390,1,0,0.48785483870967744,0.8095133525261706
chang0926-f-n64-s1,097faea3088c,131,130,0,,479700,,479700,9.129184369519572e-07,350000,350000,,,,,,0.46919354838709676,0.7880008349253355
chang0926-f-n64-s1,097faea3088c,132,131,0,,481883,,481883,9.52813767670086e-07,350000,350000,,,,,,0.5001451612903226,0.8063071900747694
chang0926-f-n64-s1,097faea3088c,133,132,0,,487650,,487650,9.72576090601529e-07,350000,350000,,,,,,0.3873064516129032,0.74788056858292
chang0926-f-n64-s1,097faea3088c,134,133,0,,485989,,485989,1.0006730906065078e-06,350000,350000,,,,,,0.35083870967741937,0.7201589859146795
chang0926-f-n64-s1,097faea3088c,135,134,0,,492598,,492598,1.0137674711052794e-06,350000,350000,,,,,,0.41301612903225804,0.7846916201776674
chang0926-f-n64-s1,097faea3088c,136,135,0,,496548,,496548,1.045263503070957e-06,350000,350000,,,,,,0.41724193548387095,0.7668886885352956
chang0926-f-n64-s1,097faea3088c,137,136,0,,489875,,489875,1.072232678239907e-06,350000,350000,,,,,,0.4183225806451613,0.7839170842507623
chang0926-f-n64-s1,097faea3088c,138,137,0,,486952,,486952,1.075756403990024e-06,350000,350000,,,,,,0.48606451612903223,0.7745700167138938
chang0926-f-n64-s1,097faea3088c,139,138,0,,470471,,470471,1.087140619891922e-06,350000,350000,,,,,,0.4944516129032258,0.7945933762384743
chang0926-f-n64-s1,097faea3088c,140,139,1,454263,484185,1.0658693312024092,454263,1.0659962289581602e-06,350000,350000,0,0,282737,1,0,0.4946935483870968,0.783828103568199
chang0926-f-n64-s1,097faea3088c,141,140,0,,474703,,474703,1.0427786734425282e-06,350000,350000,,,,,,0.4516935483870968,0.7233961093107156
chang0926-f-n64-s1,097faea3088c,142,141,0,,470069,,470069,1.106431289043348e-06,350000,350000,,,,,,0.38293548387096776,0.6962036848831743
chang0926-f-n64-s1,097faea3088c,143,142,0,,477292,,477292,1.1119077625422316e-06,350000,350000,,,,,,0.46783870967741936,0.797915211462818
chang0926-f-n64-s1,097faea3088c,144,143,0,,472079,,472079,1.1466400622718955e-06,350000,350000,,,,,,0.44503225806451613,0.7588010145325115
chang0926-f-n64-s1,097faea3088c,145,144,0,,455155,,455155,1.151211103822027e-06,350000,350000,,,,,,0.4023709677419355,0.7699355083929277
chang0926-f-n64-s1,097faea3088c,146,145,0,,458788,,458788,1.1246157717368877e-06,350000,350000,,,,,,0.44938709677419353,0.758748347510141
chang0926-f-n64-s1,097faea3088c,147,146,0,,458687,,458687,1.1490372344383947e-06,350000,350000,,,,,,0.3911935483870968,0.7266419509172636
chang0926-f-n64-s1,097faea3088c,148,147,0,,459227,,459227,1.1644233431980366e-06,350000,350000,,,,,,0.4045967741935484,0.7466678473060616
chang0926-f-n64-s1,097faea3088c,149,148,0,,461266,,461266,1.1817343356357135e-06,350000,350000,,,,,,0.4697096774193548,0.7781323013432988
chang0926-f-n64-s1,097faea3088c,150,149,1,436380,455519,1.0438585636371969,436380,1.2034777179816175e-06,350000,350000,0,0,264854,1,0,0.4861935483870968,0.781632586438105
chang0926-f-n64-s1,097faea3088c,151,150,0,,455011,,455011,1.1511748360447736e-06,350000,350000,,,,,,0.1635,0.4752747765008826
chang0926-f-n64-s1,097faea3088c,152,151,0,,451019,,451019,1.216174906216602e-06,350000,350000,,,,,,0.46483870967741936,0.731951279893557
chang0926-f-n64-s1,097faea3088c,153,152,0,,448001,,448001,1.220886578999813e-06,350000,350000,,,,,,0.262241935483871,0.5540534757290783
chang0926-f-n64-s1,097faea3088c,154,153,0,,444430,,444430,1.227778466726819e-06,350000,350000,,,,,,0.23561290322580644,0.5280639816254118
chang0926-f-n64-s1,097faea3088c,155,154,0,,443832,,443832,1.232625540089586e-06,350000,350000,,,,,,0.23841935483870969,0.5338726776910834
chang0926-f-n64-s1,097faea3088c,156,155,0,,439392,,439392,1.2456726659469596e-06,350000,350000,,,,,,0.22990322580645162,0.4945334063041803
chang0926-f-n64-s1,097faea3088c,157,156,0,,457568,,457568,1.24731651862176e-06,350000,350000,,,,,,0.19362903225806452,0.4592669984485144
chang0926-f-n64-s1,097faea3088c,158,157,0,,455543,,455543,1.3164354018191016e-06,350000,350000,,,,,,0.37601612903225806,0.7251079887861899
chang0926-f-n64-s1,097faea3088c,159,158,0,,455002,,455002,1.3279947331645625e-06,350000,350000,,,,,,0.19751612903225807,0.5024618010237693
chang0926-f-n64-s1,097faea3088c,160,159,1,431038,450327,1.044750114839063,431038,1.3439327701014744e-06,350000,350000,0,0,259512,1,0,0.409258064516129,0.7590144834819377
chang0926-f-n64-s1,097faea3088c,161,160,0,,449344,,449344,1.2864774343813367e-06,350000,350000,,,,,,0.4082258064516129,0.7331784944263035
chang0926-f-n64-s1,097faea3088c,162,161,0,,444757,,444757,1.357972908986919e-06,350000,350000,,,,,,0.3968225806451613,0.7372898855890115
chang0926-f-n64-s1,097faea3088c,163,162,0,,446391,,446391,1.3603093668447047e-06,350000,350000,,,,,,0.36338709677419356,0.7135732244168373
chang0926-f-n64-s1,097faea3088c,164,163,0,,453530,,453530,1.382014805281641e-06,350000,350000,,,,,,0.4325322580645161,0.7387588441099504
chang0926-f-n64-s1,097faea3088c,165,164,0,,445908,,445908,1.422427645529928e-06,350000,350000,,,,,,0.42585483870967744,0.709545505927191
chang0926-f-n64-s1,097faea3088c,166,165,0,,446917,,446917,1.415560024080659e-06,350000,350000,,,,,,0.40843548387096773,0.7325808493096009
chang0926-f-n64-s1,097faea3088c,167,166,0,,442362,,442362,1.436209654451301e-06,350000,350000,,,,,,0.43806451612903224,0.7434060428322633
chang0926-f-n64-s1,097faea3088c,168,167,0,,446955,,446955,1.4383158565746544e-06,350000,350000,,,,,,0.30220967741935484,0.6832862419679846
chang0926-f-n64-s1,097faea3088c,169,168,0,,436652,,436652,1.4711265830433407e-06,350000,350000,,,,,,0.3549838709677419,0.6563009958620192
chang0926-f-n64-s1,097faea3088c,170,169,1,430809,448423,1.0408858682153808,430809,1.4531989230823654e-06,350000,350000,0,0,259283,1,0,0.4152258064516129,0.7514922568444652
chang0926-f-n64-s1,097faea3088c,171,170,0,,436525,,436525,1.4487225406178079e-06,350000,350000,,,,,,0.4409193548387097,0.769049445950364
chang0926-f-n64-s1,097faea3088c,172,171,0,,438229,,438229,1.4842485203587148e-06,350000,350000,,,,,,0.3517258064516129,0.7340619240713916
chang0926-f-n64-s1,097faea3088c,173,172,0,,436583,,436583,1.5068855590500952e-06,350000,350000,,,,,,0.44733870967741934,0.7532998951139714
chang0926-f-n64-s1,097faea3088c,174,173,0,,425677,,425677,1.5179096317544122e-06,350000,350000,,,,,,0.39356451612903226,0.7093020499341314
chang0926-f-n64-s1,097faea3088c,175,174,0,,424777,,424777,1.4945480703911028e-06,350000,350000,,,,,,0.4534032258064516,0.7539634115465802
chang0926-f-n64-s1,097faea3088c,176,175,0,,424870,,424870,1.505897262489718e-06,350000,350000,,,,,,0.31733870967741934,0.7283764533208283
chang0926-f-n64-s1,097faea3088c,177,176,0,,433348,,433348,1.5208970525977736e-06,350000,350000,,,,,,0.39588709677419354,0.7483603108088227
chang0926-f-n64-s1,097faea3088c,178,177,0,,435008,,435008,1.5679022584890063e-06,350000,350000,,,,,,0.3695806451612903,0.6651436674092188
chang0926-f-n64-s1,097faea3088c,179,178,0,,432535,,432535,1.5911125198263244e-06,350000,350000,,,,,,0.3256612903225806,0.6682905119408293
chang0926-f-n64-s1,097faea3088c,180,179,1,424229,437418,1.0310893408984299,424229,1.5989046490561099e-06,350000,350000,0,0,252703,1,0,0.4127096774193548,0.7398551696096446
chang0926-f-n64-s1,097faea3088c,181,180,0,,436681,,436681,1.5833549291499026e-06,350000,350000,,,,,,0.3730322580645161,0.7158049941728489
chang0926-f-n64-s1,097faea3088c,182,181,0,,433224,,433224,1.6479613956411313e-06,350000,350000,,,,,,0.3901290322580645,0.7346483207303243
chang0926-f-n64-s1,097faea3088c,183,182,0,,437054,,437054,1.652446733134297e-06,350000,350000,,,,,,0.3743225806451613,0.7060906529227167
chang0926-f-n64-s1,097faea3088c,184,183,0,,428349,,428349,1.6856733197110409e-06,350000,350000,,,,,,0.3933225806451613,0.7320114139348858
chang0926-f-n64-s1,097faea3088c,185,184,0,,431459,,431459,1.6688701879862267e-06,350000,350000,,,,,,0.3304032258064516,0.6639011221482974
chang0926-f-n64-s1,097faea3088c,186,185,0,,436841,,436841,1.6986656563028493e-06,350000,350000,,,,,,0.33598387096774196,0.6851149684971691
chang0926-f-n64-s1,097faea3088c,187,186,0,,429359,,429359,1.7390198278407438e-06,350000,350000,,,,,,0.38275806451612904,0.722151527525833
chang0926-f-n64-s1,097faea3088c,188,187,0,,431794,,431794,1.7267892576307558e-06,350000,350000,,,,,,0.40891935483870967,0.7276867269817234
chang0926-f-n64-s1,097faea3088c,189,188,0,,476294,,476294,1.7549138387162571e-06,350000,350000,,,,,,0.3524193548387097,0.6314405364020238
chang0926-f-n64-s1,097faea3088c,190,189,1,441054,464730,1.053680501707274,441054,1.965824119694802e-06,350000,350000,0,0,269528,1,0,0.38093548387096776,0.7083567392806154
chang0926-f-n64-s1,097faea3088c,191,190,0,,449171,,449171,1.841545696023806e-06,350000,350000,,,,,,0.35458064516129034,0.6656617556058881
chang0926-f-n64-s1,097faea3088c,192,191,0,,447419,,447419,1.8989766601401244e-06,350000,350000,,,,,,0.34383870967741936,0.6762778936035069
chang0926-f-n64-s1,097faea3088c,193,192,0,,479125,,479125,1.914937745818329e-06,350000,350000,,,,,,0.3433548387096774,0.6865218441331423
chang0926-f-n64-s1,097faea3088c,194,193,0,,472463,,472463,2.083090357356901e-06,350000,350000,,,,,,0.37232258064516127,0.6647798988359782
chang0926-f-n64-s1,097faea3088c,195,194,0,,458461,,458461,2.0851728786305496e-06,350000,350000,,,,,,0.36783870967741933,0.697032743475105
chang0926-f-n64-s1,097faea3088c,196,195,0,,459574,,459574,2.05087116622692e-06,350000,350000,,,,,,0.3818870967741935,0.7215295843690457
chang0926-f-n64-s1,097faea3088c,197,196,0,,457501,,457501,2.0840388136430055e-06,350000,350000,,,,,,0.3455645161290323,0.6957687262830692
chang0926-f-n64-s1,097faea3088c,198,197,0,,453392,,453392,2.1026093923569348e-06,350000,350000,,,,,,0.3532903225806452,0.6882203154654329
chang0926-f-n64-s1,097faea3088c,199,198,0,,457021,,457021,2.110866150378743e-06,350000,350000,,,,,,0.31506451612903225,0.702416720843833
chang0926-f-n64-s1,097faea3088c,200,199,1,447009,454015,1.0156730625110457,447009,2.1563358568449874e-06,350000,350000,0,0,275483,1,0,0.376,0.7025960207620867
chang0926-f-n64-s1,097faea3088c,201,200,0,,453398,,453398,2.1350543100519957e-06,350000,350000,,,,,,0.32129032258064516,0.6596599763355184
chang0926-f-n64-s1,097faea3088c,202,201,0,,459523,,459523,2.19377881075248e-06,350000,350000,,,,,,0.3743548387096774,0.6907193252769228
chang0926-f-n64-s1,097faea3088c,203,202,0,,455261,,455261,2.253888622830438e-06,350000,350000,,,,,,0.25837096774193546,0.6424924459091835
chang0926-f-n64-s1,097faea3088c,204,203,0,,472587,,472587,2.2625347905465367e-06,350000,350000,,,,,,0.35779032258064514,0.6950949850205907
chang0926-f-n64-s1,097faea3088c,205,204,0,,457894,,457894,2.384170308402672e-06,350000,350000,,,,,,0.3695806451612903,0.6804494309140366
chang0926-f-n64-s1,097faea3088c,206,205,0,,461420,,461420,2.3412904978047534e-06,350000,350000,,,,,,0.31240322580645163,0.6737397867036237
chang0926-f-n64-s1,097faea3088c,207,206,0,,452209,,452209,2.3921487577062896e-06,350000,350000,,,,,,0.40419354838709676,0.7195394787855144
chang0926-f-n64-s1,097faea3088c,208,207,0,,454591,,454591,2.374622222040491e-06,350000,350000,,,,,,0.3590967741935484,0.6777425889624975
chang0926-f-n64-s1,097faea3088c,209,208,0,,453983,,453983,2.41854291995201e-06,350000,350000,,,,,,0.35227419354838707,0.669936074480928
chang0926-f-n64-s1,097faea3088c,210,209,1,451392,455052,1.0081082518077413,451392,2.446927677254108e-06,350000,350000,0,0,279866,1,0,0.3220967741935484,0.647889548020324
chang0926-f-n64-s1,097faea3088c,211,210,0,,451476,,451476,2.4641077314120955e-06,350000,350000,,,,,,0.33403225806451614,0.663504847928426
chang0926-f-n64-s1,097faea3088c,212,211,0,,445535,,445535,2.4961393883327584e-06,350000,350000,,,,,,0.33288709677419354,0.6664631248950081
chang0926-f-n64-s1,097faea3088c,213,212,0,,457392,,457392,2.4931974874949895e-06,350000,350000,,,,,,0.33691935483870966,0.6704094568639135
chang0926-f-n64-s1,097faea3088c,214,213,0,,448727,,448727,2.5940267136459997e-06,350000,350000,,,,,,0.3654032258064516,0.6755170093545886
chang0926-f-n64-s1,097faea3088c,215,214,0,,448717,,448717,2.576699597743183e-06,350000,350000,,,,,,0.3461774193548387,0.6705919823301235
chang0926-f-n64-s1,097faea3088c,216,215,0,,447002,,447002,2.608851356271215e-06,350000,350000,,,,,,0.3261935483870968,0.6534540187539791
chang0926-f-n64-s1,097faea3088c,217,216,0,,444108,,444108,2.6308637022770703e-06,350000,350000,,,,,,0.299258064516129,0.6339153259600392
chang0926-f-n64-s1,097faea3088c,218,217,0,,434762,,434762,2.6451390491228947e-06,350000,350000,,,,,,0.3508225806451613,0.6684421720975577
chang0926-f-n64-s1,097faea3088c,219,218,0,,435947,,435947,2.6177047739137264e-06,350000,350000,,,,,,0.2750806451612903,0.5836566945451448
chang0926-f-n64-s1,097faea3088c,220,219,1,442562,441516,0.9976364893506446,442562,2.653817556828572e-06,350000,350000,0,0,271036,1,0,0.21575806451612903,0.5344223806272875
chang0926-f-n64-s1,097faea3088c,221,220,0,,443256,,443256,2.725880384417349e-06,350000,350000,,,,,,0.21679032258064515,0.5271017294875776
chang0926-f-n64-s1,097faea3088c,222,221,0,,445373,,445373,2.7625912079179563e-06,350000,350000,,,,,,0.2093225806451613,0.5242613239467417
chang0926-f-n64-s1,097faea3088c,223,222,0,,440288,,440288,2.8094330003703355e-06,350000,350000,,,,,,0.20901612903225805,0.5172065298869852
chang0926-f-n64-s1,097faea3088c,224,223,0,,440166,,440166,2.8094097386855915e-06,350000,350000,,,,,,0.22783870967741934,0.5229396616263595
chang0926-f-n64-s1,097faea3088c,225,224,0,,432994,,432994,2.8410059943635897e-06,350000,350000,,,,,,0.2061451612903226,0.5065999179511864
chang0926-f-n64-s1,097faea3088c,226,225,0,,434998,,434998,2.824608274958586e-06,350000,350000,,,,,,0.20362903225806453,0.5035740751437896
chang0926-f-n64-s1,097faea3088c,227,226,0,,433068,,433068,2.868696276428062e-06,350000,350000,,,,,,0.21117741935483872,0.5202280904205956
chang0926-f-n64-s1,097faea3088c,228,227,0,,431426,,431426,2.886541503521803e-06,350000,350000,,,,,,0.21019354838709678,0.5070175092230144
chang0926-f-n64-s1,097faea3088c,229,228,0,,425923,,425923,2.9058282388759743e-06,350000,350000,,,,,,0.2137258064516129,0.5108727719032535
chang0926-f-n64-s1,097faea3088c,230,229,1,427115,426936,0.9995809091228358,427115,2.8970625407312307e-06,350000,350000,0,0,255589,0,0,0.20643548387096775,0.5042658794560488
chang0926-f-n64-s1,097faea3088c,231,230,0,,425238,,425238,2.9342386998657648e-06,350000,350000,,,,,,0.20451612903225808,0.5028485294805632
chang0926-f-n64-s1,097faea3088c,232,231,0,,421544,,421544,2.9499243918213238e-06,350000,350000,,,,,,0.2063225806451613,0.5038673778732796
chang0926-f-n64-s1,097faea3088c,233,232,0,,418787,,418787,2.9516201983324503e-06,350000,350000,,,,,,0.20409677419354838,0.5033509717180022
chang0926-f-n64-s1,097faea3088c,234,233,0,,417518,,417518,2.958741413796897e-06,350000,350000,,,,,,0.2012741935483871,0.5006935050195149
chang0926-f-n64-s1,097faea3088c,235,234,0,,420092,,420092,2.97590717323098e-06,350000,350000,,,,,,0.20425806451612905,0.501583072285536
chang0926-f-n64-s1,097faea3088c,236,235,0,,428275,,428275,3.02170738677395e-06,350000,350000,,,,,,0.20358064516129032,0.50082212773194
chang0926-f-n64-s1,097faea3088c,237,236,0,,431380,,431380,3.1118127279273297e-06,350000,350000,,,,,,0.20461290322580644,0.5027874707877398
chang0926-f-n64-s1,097faea3088c,238,237,0,,423337,,423337,3.167308259145738e-06,350000,350000,,,,,,0.2086290322580645,0.5139978001355481
chang0926-f-n64-s1,097faea3088c,239,238,0,,415658,,415658,3.1379604398308284e-06,350000,350000,,,,,,0.20669354838709678,0.5080327650162573
chang0926-f-n64-s1,097faea3088c,240,239,1,418222,417156,0.9974511144798696,418222,3.107640587171536e-06,350000,350000,0,0,246696,0,0,0.20546774193548387,0.5073944288018114
chang0926-f-n64-s1,097faea3088c,241,240,0,,407693,,407693,3.1547754848547603e-06,350000,350000,,,,,,0.2062258064516129,0.5079100645759334
chang0926-f-n64-s1,097faea3088c,242,241,0,,405490,,405490,3.098903825321989e-06,350000,350000,,,,,,0.20337096774193547,0.5009283455079684
chang0926-f-n64-s1,097faea3088c,243,242,0,,397820,,397820,3.104921301292209e-06,350000,350000,,,,,,0.20643548387096775,0.5038404390656603
chang0926-f-n64-s1,097faea3088c,244,243,0,,395713,,395713,3.06575884562823e-06,350000,350000,,,,,,0.2075483870967742,0.5146240152843468
chang0926-f-n64-s1,097faea3088c,245,244,0,,393689,,393689,3.068296386584298e-06,350000,350000,,,,,,0.20529032258064517,0.5017646658709115
chang0926-f-n64-s1,097faea3088c,246,245,0,,387815,,387815,3.070609101346126e-06,350000,350000,,,,,,0.21816129032258064,0.530071006186502
chang0926-f-n64-s1,097faea3088c,247,246,0,,382778,,382778,3.0403507100774314e-06,350000,350000,,,,,,0.21588709677419354,0.5112454429160648
chang0926-f-n64-s1,097faea3088c,248,247,0,,382746,,382746,3.0143244450131927e-06,350000,350000,,,,,,0.20980645161290323,0.5066170774311756
chang0926-f-n64-s1,097faea3088c,249,248,0,,378934,,378934,3.0275813274797554e-06,350000,350000,,,,,,0.21333870967741936,0.5391163822538593
chang0926-f-n64-s1,097faea3088c,250,249,1,365953,375936,1.0272794593841286,365953,3.0093555934593e-06,350000,350000,0,0,194427,0,0,0.2046774193548387,0.5029648000068283
chang0926-f-n64-s1,097faea3088c,251,250,0,,372911,,372911,2.9127493165428243e-06,350000,350000,,,,,,0.22648387096774195,0.535842957837428
chang0926-f-n64-s1,097faea3088c,252,251,0,,377456,,377456,2.977555388526284e-06,350000,350000,,,,,,0.20959677419354839,0.5196521004449407
chang0926-f-n64-s1,097faea3088c,253,252,0,,367767,,367767,3.025247442526783e-06,350000,350000,,,,,,0.24770967741935485,0.5256438654593555
chang0926-f-n64-s1,097faea3088c,254,253,0,,367129,,367129,2.954898461668548e-06,350000,350000,,,,,,0.21885483870967742,0.5221041942093875
chang0926-f-n64-s1,097faea3088c,255,254,0,,362472,,362472,2.9568277711435427e-06,350000,350000,,,,,,0.24524193548387097,0.5695145478211648
chang0926-f-n64-s1,097faea3088c,256,255,0,,355252,,355252,2.924436005594143e-06,350000,350000,,,,,,0.2730806451612903,0.5532085127389778
chang0926-f-n64-s1,097faea3088c,257,256,0,,347007,,347007,2.868320085907324e-06,350000,350000,,,,,,0.20369354838709677,0.5029651272220301
chang0926-f-n64-s1,097faea3088c,258,257,0,,347778,,347778,2.8005467563344182e-06,350000,350000,,,,,,0.2137741935483871,0.5073986074021825
chang0926-f-n64-s1,097faea3088c,259,258,0,,342633,,342633,2.805875524710598e-06,350000,350000,,,,,,0.2114032258064516,0.5051766217848802
chang0926-f-n64-s1,097faea3088c,260,259,1,322824,334836,1.037209129432756,322824,2.761426836967478e-06,350000,350000,0,1,151298,0,1,0.20451612903225808,0.5025844126011945
chang0926-f-n64-s1,097faea3088c,261,260,0,,332250,,332250,2.591284249567855e-06,350000,350000,,,,,,0.20785483870967741,0.5059750864142745
chang0926-f-n64-s1,097faea3088c,262,261,0,,335751,,335751,2.6600149517788003e-06,350000,350000,,,,,,0.20833870967741935,0.5116236446393125
chang0926-f-n64-s1,097faea3088c,263,262,0,,332181,,332181,2.682463779527483e-06,350000,350000,,,,,,0.20709677419354838,0.5084706553971741
chang0926-f-n64-s1,097faea3088c,264,263,0,,330645,,330645,2.6470166742661906e-06,350000,350000,,,,,,0.2064516129032258,0.504983035434966
chang0926-f-n64-s1,097faea3088c,265,264,0,,335774,,335774,2.627293215603063e-06,350000,350000,,,,,,0.2043548387096774,0.5044899952548104
chang0926-f-n64-s1,097faea3088c,266,265,0,,328109,,328109,2.6625182912144737e-06,350000,350000,,,,,,0.20883870967741935,0.5167460589614896
chang0926-f-n64-s1,097faea3088c,267,266,0,,329101,,329101,2.593350301216716e-06,350000,350000,,,,,,0.20308064516129032,0.5012807877313703
chang0926-f-n64-s1,097faea3088c,268,267,0,,322469,,322469,2.593195745477219e-06,350000,350000,,,,,,0.20170967741935483,0.5008930104727158
chang0926-f-n64-s1,097faea3088c,269,268,0,,317928,,317928,2.5305508324465866e-06,350000,350000,,,,,,0.20166129032258065,0.5003313801028955
chang0926-f-n64-s1,097faea3088c,270,269,1,308378,314339,1.0193301727101156,308378,2.4829553478531376e-06,350000,350000,0,1,136852,0,1,0.20358064516129032,0.5010992631050948
chang0926-f-n64-s1,097faea3088c,271,270,0,,310799,,310799,2.39317405615433e-06,350000,350000,,,,,,0.20161290322580644,0.5007283979062583
chang0926-f-n64-s1,097faea3088c,272,271,0,,307364,,307364,2.3976792777069583e-06,350000,350000,,,,,,0.22093548387096773,0.5167069717152966
chang0926-f-n64-s1,097faea3088c,273,272,0,,308861,,308861,2.355828786415703e-06,350000,350000,,,,,,0.2017741935483871,0.4998931740812889
chang0926-f-n64-s1,097faea3088c,274,273,0,,307252,,307252,2.352548304456806e-06,350000,350000,,,,,,0.2013548387096774,0.5000360936023387
chang0926-f-n64-s1,097faea3088c,275,274,0,,305668,,305668,2.325099423580457e-06,350000,350000,,,,,,0.21654838709677418,0.5128162023561186
chang0926-f-n64-s1,097faea3088c,276,275,0,,304190,,304190,2.297501914075018e-06,350000,350000,,,,,,0.20288709677419356,0.5002129040725986
chang0926-f-n64-s1,097faea3088c,277,276,0,,301152,,301152,2.2704120537364446e-06,350000,350000,,,,,,0.19580645161290322,0.48906649455600604
chang0926-f-n64-s1,097faea3088c,278,277,0,,297409,,297409,2.2309065985759838e-06,350000,350000,,,,,,0.21829032258064515,0.5348793953320057
chang0926-f-n64-s1,097faea3088c,279,278,0,,295551,,295551,2.18531499697816e-06,350000,350000,,,,,,0.2153225806451613,0.5102950074359189
chang0926-f-n64-s1,097faea3088c,280,279,1,305528,312116,1.021562671833678,305528,2.1533795877923466e-06,350000,350000,0,1,134002,0,1,0.2104193548387097,0.516100806965611
chang0926-f-n64-s1,097faea3088c,281,280,0,,307805,,307805,2.210997872399521e-06,350000,350000,,,,,,0.21293548387096775,0.5254965022506616
chang0926-f-n64-s1,097faea3088c,282,281,0,,327539,,327539,2.2132137467949903e-06,350000,350000,,,,,,0.2103225806451613,0.5086913574591028
chang0926-f-n64-s1,097faea3088c,283,282,0,,324488,,324488,2.3473100396264377e-06,350000,350000,,,,,,0.2222258064516129,0.5245118442427035
chang0926-f-n64-s1,097faea3088c,284,283,0,,332039,,332039,2.316661642325456e-06,350000,350000,,,,,,0.2071451612903226,0.5150002320154397
chang0926-f-n64-s1,097faea3088c,285,284,0,,328042,,328042,2.364335576733195e-06,350000,350000,,,,,,0.2063225806451613,0.5146237924528284
chang0926-f-n64-s1,097faea3088c,286,285,0,,316243,,316243,2.3283193171716147e-06,350000,350000,,,,,,0.21203225806451612,0.5265248959433755
chang0926-f-n64-s1,097faea3088c,287,286,0,,313477,,313477,2.233220754856897e-06,350000,350000,,,,,,0.21988709677419355,0.5407864727828059
chang0926-f-n64-s1,097faea3088c,288,287,0,,314984,,314984,2.201523359350709e-06,350000,350000,,,,,,0.21985483870967742,0.538953843009973
chang0926-f-n64-s1,097faea3088c,289,288,0,,314922,,314922,2.2004785138618355e-06,350000,350000,,,,,,0.25429032258064516,0.5725703230429935
chang0926-f-n64-s1,097faea3088c,290,289,1,325319,330408,1.0156431072270602,325319,2.1884588616801192e-06,350000,350000,1,1,153793,1,0,0.2361774193548387,0.5948489450587685
chang0926-f-n64-s1,097faea3088c,291,290,0,,333701,,333701,2.252458946317127e-06,350000,350000,,,,,,0.22585483870967743,0.5649865778783493
chang0926-f-n64-s1,097faea3088c,292,291,0,,335455,,335455,2.30499207660616e-06,350000,350000,,,,,,0.2201935483870968,0.5301286197687023
chang0926-f-n64-s1,097faea3088c,293,292,0,,344802,,344802,2.312195275563332e-06,350000,350000,,,,,,0.21854838709677418,0.5508835092116524
chang0926-f-n64-s1,097faea3088c,294,293,0,,358202,,358202,2.3748440881045513e-06,350000,350000,,,,,,0.23290322580645162,0.5813673467655417
chang0926-f-n64-s1,097faea3088c,295,294,0,,361806,,361806,2.469996461369866e-06,350000,350000,,,,,,0.23553225806451614,0.5713147470113021
chang0926-f-n64-s1,097faea3088c,296,295,0,,367907,,367907,2.49898975345713e-06,350000,350000,,,,,,0.26248387096774195,0.5866472037831211
chang0926-f-n64-s1,097faea3088c,297,296,0,,367912,,367912,2.5474769438480647e-06,350000,350000,,,,,,0.22280645161290322,0.5589521269412613
chang0926-f-n64-s1,097faea3088c,298,297,0,,372162,,372162,2.55387689887348e-06,350000,350000,,,,,,0.24416129032258063,0.5967135731483881
chang0926-f-n64-s1,097faea3088c,299,298,0,,375785,,375785,2.5913211074409303e-06,350000,350000,,,,,,0.2065483870967742,0.5585259511109031
chang0926-f-n64-s1,097faea3088c,300,299,1,370020,373866,1.0103940327549863,370020,2.6258639208070273e-06,350000,350000,0,0,198494,1,0,0.24066129032258066,0.5629307440873051
chang0926-f-n64-s1,097faea3088c,301,300,0,,378061,,378061,2.592780978836551e-06,350000,350000,,,,,,0.2068548387096774,0.5409160818825131
chang0926-f-n64-s1,097faea3088c,302,301,0,,383278,,383278,2.659360437594522e-06,350000,350000,,,,,,0.2503225806451613,0.5360457052894976
chang0926-f-n64-s1,097faea3088c,303,302,0,,383220,,383220,2.708329553917546e-06,350000,350000,,,,,,0.2352258064516129,0.5538364065808585
chang0926-f-n64-s1,097faea3088c,304,303,0,,386992,,386992,2.7202247635271712e-06,350000,350000,,,,,,0.22393548387096773,0.5597664358474146
chang0926-f-n64-s1,097faea3088c,305,304,0,,385365,,385365,2.7608340829677733e-06,350000,350000,,,,,,0.24235483870967742,0.5484235128882237
chang0926-f-n64-s1,097faea3088c,306,305,0,,374047,,374047,2.762490542523614e-06,350000,350000,,,,,,0.24075806451612902,0.5817549067547589
chang0926-f-n64-s1,097faea3088c,307,306,0,,378220,,378220,2.6902808122626367e-06,350000,350000,,,,,,0.24219354838709678,0.5503562833918115
chang0926-f-n64-s1,097faea3088c,308,307,0,,380983,,380983,2.7308619784782923e-06,350000,350000,,,,,,0.24003225806451614,0.565544118004145
chang0926-f-n64-s1,097faea3088c,309,308,0,,379839,,379839,2.762502854685501e-06,350000,350000,,,,,,0.22385483870967743,0.5402867126441386
chang0926-f-n64-s1,097faea3088c,310,309,1,369505,382351,1.0347654294258535,369505,2.765497483382709e-06,350000,350000,0,0,197979,1,0,0.26303225806451613,0.5978471992103225
chang0926-f-n64-s1,097faea3088c,311,310,0,,376985,,376985,2.697563315233727e-06,350000,350000,,,,,,0.2640967741935484,0.561214762913387
chang0926-f-n64-s1,097faea3088c,312,311,0,,381774,,381774,2.762410391011242e-06,350000,350000,,,,,,0.23698387096774193,0.5834071704971597
chang0926-f-n64-s1,097faea3088c,313,312,0,,389639,,389639,2.809683442567362e-06,350000,350000,,,,,,0.23462903225806453,0.5590182718619907
chang0926-f-n64-s1,097faea3088c,314,313,0,,389706,,389706,2.88299031064523e-06,350000,350000,,,,,,0.26764516129032256,0.5633538150279745
chang0926-f-n64-s1,097faea3088c,315,314,0,,384629,,384629,2.8990206404313033e-06,350000,350000,,,,,,0.25498387096774194,0.5503018092291115
chang0926-f-n64-s1,097faea3088c,316,315,0,,384563,,384563,2.874782152528453e-06,350000,350000,,,,,,0.24093548387096775,0.6024007313085844
chang0926-f-n64-s1,097faea3088c,317,316,0,,382631,,382631,2.8878550034399526e-06,350000,350000,,,,,,0.24253225806451612,0.5503658328453741
chang0926-f-n64-s1,097faea3088c,318,317,0,,386240,,386240,2.886181542780088e-06,350000,350000,,,,,,0.21446774193548387,0.520827766890041
chang0926-f-n64-s1,097faea3088c,319,318,0,,386728,,386728,2.927791872561942e-06,350000,350000,,,,,,0.28046774193548385,0.5767919652360856
chang0926-f-n64-s1,097faea3088c,320,319,1,379396,383603,1.0110886777931238,379396,2.9461540263380197e-06,350000,350000,0,0,207870,1,0,0.2679032258064516,0.5829083010025417
chang0926-f-n64-s1,097faea3088c,321,320,0,,383931,,383931,2.901975984197572e-06,350000,350000,,,,,,0.2423225806451613,0.6015186520837967
chang0926-f-n64-s1,097faea3088c,322,321,0,,378798,,378798,2.950281820040813e-06,350000,350000,,,,,,0.2724516129032258,0.6163966302613053
chang0926-f-n64-s1,097faea3088c,323,322,0,,388170,,388170,2.922368527035568e-06,350000,350000,,,,,,0.24470967741935484,0.5601019293511296
chang0926-f-n64-s1,097faea3088c,324,323,0,,386570,,386570,3.010211208045099e-06,350000,350000,,,,,,0.23817741935483872,0.589976294417273
chang0926-f-n64-s1,097faea3088c,325,324,0,,383005,,383005,3.0127365294983982e-06,350000,350000,,,,,,0.24601612903225806,0.6057074722002027
chang0926-f-n64-s1,097faea3088c,326,325,0,,388589,,388589,2.9984324515871417e-06,350000,350000,,,,,,0.27446774193548384,0.5712127452601878
chang0926-f-n64-s1,097faea3088c,327,326,0,,393358,,393358,3.0580983716478135e-06,350000,350000,,,,,,0.2797096774193548,0.5838920931171677
chang0926-f-n64-s1,097faea3088c,328,327,0,,395114,,395114,3.113758550734347e-06,350000,350000,,,,,,0.2667741935483871,0.6072468236619125
chang0926-f-n64-s1,097faea3088c,329,328,0,,402267,,402267,3.1466763999764675e-06,350000,350000,,,,,,0.2751290322580645,0.571542351375918
chang0926-f-n64-s1,097faea3088c,330,329,1,389123,398040,1.0229156333601457,389123,3.226015052648448e-06,350000,350000,0,0,217597,1,0,0.24624193548387097,0.5497841967525046
chang0926-f-n64-s1,097faea3088c,331,330,0,,402977,,402977,3.1371828140295355e-06,350000,350000,,,,,,0.25433870967741934,0.572434226062456
chang0926-f-n64-s1,097faea3088c,332,331,0,,404693,,404693,3.271853095459491e-06,350000,350000,,,,,,0.24019354838709678,0.59085537042344
chang0926-f-n64-s1,097faea3088c,333,332,0,,404677,,404677,3.309726530834636e-06,350000,350000,,,,,,0.2289516129032258,0.566769111966631
chang0926-f-n64-s1,097faea3088c,334,333,0,,397355,,397355,3.3337034499497917e-06,350000,350000,,,,,,0.25012903225806454,0.600973162167062
chang0926-f-n64-s1,097faea3088c,335,334,0,,399384,,399384,3.2942204342044674e-06,350000,350000,,,,,,0.2529516129032258,0.5706208331953428
chang0926-f-n64-s1,097faea3088c,336,335,0,,404558,,404558,3.3329651130209434e-06,350000,350000,,,,,,0.23379032258064517,0.5734695859952552
chang0926-f-n64-s1,097faea3088c,337,336,0,,411717,,411717,3.4006860241915e-06,350000,350000,,,,,,0.2575967741935484,0.5801068600880654
chang0926-f-n64-s1,097faea3088c,338,337,0,,413195,,413195,3.4890812289715738e-06,350000,350000,,,,,,0.23956451612903226,0.5580441522774631
chang0926-f-n64-s1,097faea3088c,339,338,0,,413716,,413716,3.5307883825795536e-06,350000,350000,,,,,,0.2341451612903226,0.5486849960088052
chang0926-f-n64-s1,097faea3088c,340,339,1,407696,415658,1.0195292570935206,407696,3.56492717227765e-06,350000,350000,0,0,236170,1,0,0.248,0.5567321822505115
chang0926-f-n64-s1,097faea3088c,341,340,0,,411197,,411197,3.5399588680568366e-06,350000,350000,,,,,,0.23941935483870969,0.5609698531499305
chang0926-f-n64-s1,097faea3088c,342,341,0,,416480,,416480,3.5992399235879174e-06,350000,350000,,,,,,0.2329516129032258,0.5605584078249914
chang0926-f-n64-s1,097faea3088c,343,342,0,,426788,,426788,3.6773190881100462e-06,350000,350000,,,,,,0.23319354838709677,0.5656192040954358
chang0926-f-n64-s1,097faea3088c,344,343,0,,421017,,421017,3.8058929887310515e-06,350000,350000,,,,,,0.24408064516129033,0.5620500352462894
chang0926-f-n64-s1,097faea3088c,345,344,0,,425191,,425191,3.7892702903542244e-06,350000,350000,,,,,,0.23380645161290323,0.5619298668586316
chang0926-f-n64-s1,097faea3088c,346,345,0,,421606,,421606,3.864255348364887e-06,350000,350000,,,,,,0.24683870967741936,0.5495331152073182
chang0926-f-n64-s1,097faea3088c,347,346,0,,418452,,418452,3.8675013429710985e-06,350000,350000,,,,,,0.2331774193548387,0.568765737840347
chang0926-f-n64-s1,097faea3088c,348,347,0,,416413,,416413,3.873006433988395e-06,350000,350000,,,,,,0.24893548387096776,0.5684065454417062
chang0926-f-n64-s1,097faea3088c,349,348,0,,406114,,406114,3.887761919720734e-06,350000,350000,,,,,,0.23133870967741935,0.5581794604515606
chang0926-f-n64-s1,097faea3088c,350,349,1,407682,416191,1.0208716597740395,407682,3.819903039279676e-06,350000,350000,0,0,236156,1,0,0.23983870967741935,0.5583856772733402
chang0926-f-n64-s1,097faea3088c,351,350,0,,408756,,408756,3.864013095682835e-06,350000,350000,,,,,,0.24406451612903227,0.5573933074696649
chang0926-f-n64-s1,097faea3088c,352,351,0,,415019,,415019,3.904370278907934e-06,350000,350000,,,,,,0.245,0.5604405900264423
chang0926-f-n64-s1,097faea3088c,353,352,0,,419950,,419950,3.99811087691512e-06,350000,350000,,,,,,0.21270967741935484,0.5163077083568226
chang0926-f-n64-s1,097faea3088c,354,353,0,,417357,,417357,4.0826384084341926e-06,350000,350000,,,,,,0.21435483870967742,0.5182827752594792
chang0926-f-n64-s1,097faea3088c,355,354,0,,416723,,416723,4.093294729226399e-06,350000,350000,,,,,,0.24030645161290323,0.5583749168861575
chang0926-f-n64-s1,097faea3088c,356,355,0,,412046,,412046,4.122890082497724e-06,350000,350000,,,,,,0.25175806451612903,0.5557833396921097
chang0926-f-n64-s1,097faea3088c,357,356,0,,419286,,419286,4.110019392411188e-06,350000,350000,,,,,,0.24970967741935485,0.5663706967177735
chang0926-f-n64-s1,097faea3088c,358,357,0,,421295,,421295,4.220176802039065e-06,350000,350000,,,,,,0.25087096774193546,0.5550810315358904
chang0926-f-n64-s1,097faea3088c,359,358,0,,413663,,413663,4.279888966957798e-06,350000,350000,,,,,,0.2525806451612903,0.5765446290145919
chang0926-f-n64-s1,097faea3088c,360,359,1,406474,418187,1.0288161112395873,406474,4.237618015812684e-06,350000,350000,0,0,234948,1,0,0.2516774193548387,0.5687113875566487
chang0926-f-n64-s1,097faea3088c,361,360,0,,401115,,401115,4.195233487422934e-06,350000,350000,,,,,,0.25570967741935485,0.5673519922248038
chang0926-f-n64-s1,097faea3088c,362,361,0,,405830,,405830,4.168236107600094e-06,350000,350000,,,,,,0.23769354838709678,0.5819658009586994
chang0926-f-n64-s1,097faea3088c,363,362,0,,398142,,398142,4.248556142007976e-06,350000,350000,,,,,,0.26556451612903226,0.5743246082696135
chang0926-f-n64-s1,097faea3088c,364,363,0,,394157,,394157,4.195016802799188e-06,350000,350000,,,,,,0.22746774193548386,0.5821002889086537
chang0926-f-n64-s1,097faea3088c,365,364,0,,392617,,392617,4.177774692193318e-06,350000,350000,,,,,,0.2362258064516129,0.5492046629090853
chang0926-f-n64-s1,097faea3088c,366,365,0,,401867,,401867,4.185428468890747e-06,350000,350000,,,,,,0.26129032258064516,0.577897531970777
chang0926-f-n64-s1,097faea3088c,367,366,0,,404392,,404392,4.313739186029928e-06,350000,350000,,,,,,0.22279032258064516,0.5427047750872562
chang0926-f-n64-s1,097faea3088c,368,367,0,,402986,,402986,4.372308727465834e-06,350000,350000,,,,,,0.23687096774193547,0.5433381127588162
chang0926-f-n64-s1,097faea3088c,369,368,0,,403472,,403472,4.387926241894596e-06,350000,350000,,,,,,0.2553225806451613,0.5813243456728332
chang0926-f-n64-s1,097faea3088c,370,369,1,403605,415253,1.028859900149899,403605,4.424559390454426e-06,350000,350000,0,0,232079,1,0,0.21703225806451612,0.5280935976568096
chang0926-f-n64-s1,097faea3088c,371,370,0,,410834,,410834,4.457666671298099e-06,350000,350000,,,,,,0.24266129032258066,0.5699326699713512
chang0926-f-n64-s1,097faea3088c,372,371,0,,415569,,415569,4.574012500733144e-06,350000,350000,,,,,,0.2193064516129032,0.5649979795157409
chang0926-f-n64-s1,097faea3088c,373,372,0,,408495,,408495,4.666624614229329e-06,350000,350000,,,,,,0.25833870967741934,0.5534291739866453
chang0926-f-n64-s1,097faea3088c,374,373,0,,406355,,406355,4.622771257255674e-06,350000,350000,,,,,,0.25351612903225806,0.5618485554569012
chang0926-f-n64-s1,097faea3088c,375,374,0,,406963,,406963,4.633009015314403e-06,350000,350000,,,,,,0.2652741935483871,0.5886599928711361
chang0926-f-n64-s1,097faea3088c,376,375,0,,400361,,400361,4.675055894177303e-06,350000,350000,,,,,,0.25220967741935485,0.5645752967000532
chang0926-f-n64-s1,097faea3088c,377,376,0,,407660,,407660,4.630232861084896e-06,350000,350000,,,,,,0.2516290322580645,0.5995875230001564
chang0926-f-n64-s1,097faea3088c,378,377,0,,406617,,406617,4.750733519673981e-06,350000,350000,,,,,,0.2564516129032258,0.6089497853231325
chang0926-f-n64-s1,097faea3088c,379,378,0,,406322,,406322,4.774237025426431e-06,350000,350000,,,,,,0.286258064516129,0.5961679626416668
chang0926-f-n64-s1,097faea3088c,380,379,1,393466,400106,1.0168756639709657,393466,4.806499448977396e-06,350000,350000,0,0,221940,1,0,0.2795967741935484,0.6021023006967176
chang0926-f-n64-s1,097faea3088c,381,380,0,,405453,,405453,4.681744704248667e-06,350000,350000,,,,,,0.23848387096774193,0.6226649327228018
chang0926-f-n64-s1,097faea3088c,382,381,0,,406060,,406060,4.859981985917776e-06,350000,350000,,,,,,0.2650483870967742,0.6156224518346967
chang0926-f-n64-s1,097faea3088c,383,382,0,,405575,,405575,4.903548327718799e-06,350000,350000,,,,,,0.2731290322580645,0.5977817736388511
chang0926-f-n64-s1,097faea3088c,384,383,0,,403652,,403652,4.933914088743221e-06,350000,350000,,,,,,0.2375,0.5710210218360829
chang0926-f-n64-s1,097faea3088c,385,384,0,,411767,,411767,4.945662409391961e-06,350000,350000,,,,,,0.23985483870967741,0.6090569763846204
chang0926-f-n64-s1,097faea3088c,386,385,0,,409816,,409816,5.086254328303246e-06,350000,350000,,,,,,0.24127419354838708,0.5870371021536576
chang0926-f-n64-s1,097faea3088c,387,386,0,,409928,,409928,5.10224710032782e-06,350000,350000,,,,,,0.24975806451612903,0.5594283231738987
chang0926-f-n64-s1,097faea3088c,388,387,0,,408301,,408301,5.144132401616361e-06,350000,350000,,,,,,0.2645161290322581,0.6016571369945433
chang0926-f-n64-s1,097faea3088c,389,388,0,,409782,,409782,5.163338742001601e-06,350000,350000,,,,,,0.23074193548387098,0.5646218180037001
chang0926-f-n64-s1,097faea3088c,390,389,1,403179,411803,1.0213900029515426,403179,5.223087408253343e-06,350000,350000,0,0,231653,1,0,0.24103225806451614,0.579638974566784
chang0926-f-n64-s1,097faea3088c,391,390,0,,411620,,411620,5.175398699389869e-06,350000,350000,,,,,,0.2525,0.5743695446499855
chang0926-f-n64-s1,097faea3088c,392,391,0,,407522,,407522,5.3267682014063155e-06,350000,350000,,,,,,0.2656774193548387,0.5807789431881528
chang0926-f-n64-s1,097faea3088c,393,392,0,,407472,,407472,5.314012112077392e-06,350000,350000,,,,,,0.2295,0.5567287502365978
chang0926-f-n64-s1,097faea3088c,394,393,0,,407616,,407616,5.3539059547791575e-06,350000,350000,,,,,,0.2317258064516129,0.5325101278191117
chang0926-f-n64-s1,097faea3088c,395,394,0,,409593,,409593,5.396763033688083e-06,350000,350000,,,,,,0.24525806451612903,0.5857487851437957
chang0926-f-n64-s1,097faea3088c,396,395,0,,411746,,411746,5.465738832958145e-06,350000,350000,,,,,,0.25329032258064516,0.5880988336161874
chang0926-f-n64-s1,097faea3088c,397,396,0,,403665,,403665,5.5392862222849875e-06,350000,350000,,,,,,0.24238709677419354,0.5876383424406257
chang0926-f-n64-s1,097faea3088c,398,397,0,,410273,,410273,5.469443814281639e-06,350000,350000,,,,,,0.25483870967741934,0.578238521724243
chang0926-f-n64-s1,097faea3088c,399,398,0,,405555,,405555,5.603317760589841e-06,350000,350000,,,,,,0.22270967741935485,0.5408935018679375
chang0926-f-n64-s1,097faea3088c,400,399,1,398922,403529,1.0115486235404414,398922,5.579832479804184e-06,350000,350000,0,0,227396,1,0,0.23817741935483872,0.5597622808579878
chang0926-f-n64-s1,097faea3088c,401,400,0,,403364,,403364,5.524594228006968e-06,350000,350000,,,,,,0.24830645161290324,0.5622715120141863
chang0926-f-n64-s1,097faea3088c,402,401,0,,401265,,401265,5.625886772585615e-06,350000,350000,,,,,,0.24783870967741936,0.5792198031837448
chang0926-f-n64-s1,097faea3088c,403,402,0,,407551,,407551,5.634991877649672e-06,350000,350000,,,,,,0.2525322580645161,0.6028097357047859
chang0926-f-n64-s1,097faea3088c,404,403,0,,410255,,410255,5.7669963029772e-06,350000,350000,,,,,,0.24569354838709678,0.6102056217348469
chang0926-f-n64-s1,097faea3088c,405,404,0,,406028,,406028,5.851549518250984e-06,350000,350000,,,,,,0.2905322580645161,0.6100601050072864
chang0926-f-n64-s1,097faea3088c,406,405,0,,408549,,408549,5.834415881053535e-06,350000,350000,,,,,,0.290258064516129,0.5949151990856095
chang0926-f-n64-s1,097faea3088c,407,406,0,,408076,,408076,5.916220554918082e-06,350000,350000,,,,,,0.2645,0.6109973189471221
chang0926-f-n64-s1,097faea3088c,408,407,0,,408148,,408148,5.9549059695589955e-06,350000,350000,,,,,,0.26688709677419353,0.6114986039579177
chang0926-f-n64-s1,097faea3088c,409,408,0,,406061,,406061,6.0019035043362535e-06,350000,350000,,,,,,0.2337258064516129,0.5961664861136975
chang0926-f-n64-s1,097faea3088c,410,409,1,396780,408524,1.0295982660416352,396780,6.015736119313461e-06,350000,350000,0,0,225254,1,0,0.27288709677419354,0.5909558597272204
chang0926-f-n64-s1,097faea3088c,411,410,0,,396042,,396042,5.915226207080363e-06,350000,350000,,,,,,0.2523064516129032,0.5834332209362041
chang0926-f-n64-s1,097faea3088c,412,411,0,,404454,,404454,5.940821304479069e-06,350000,350000,,,,,,0.2991774193548387,0.5864117953600176
chang0926-f-n64-s1,097faea3088c,413,412,0,,402584,,402584,6.111030252879779e-06,350000,350000,,,,,,0.24170967741935484,0.6275692849817724
chang0926-f-n64-s1,097faea3088c,414,413,0,,406704,,406704,6.125495607222625e-06,350000,350000,,,,,,0.2879838709677419,0.6175955137074696
chang0926-f-n64-s1,097faea3088c,415,414,0,,404336,,404336,6.23481664107028e-06,350000,350000,,,,,,0.2569516129032258,0.6244448535603186
chang0926-f-n64-s1,097faea3088c,416,415,0,,405968,,405968,6.243403029935438e-06,350000,350000,,,,,,0.29993548387096775,0.6196254885598943
chang0926-f-n64-s1,097faea3088c,417,416,0,,401824,,401824,6.315270400131209e-06,350000,350000,,,,,,0.26211290322580644,0.6270912735865686
chang0926-f-n64-s1,097faea3088c,418,417,0,,405954,,405954,6.294111211942149e-06,350000,350000,,,,,,0.2969032258064516,0.6060357452722105
chang0926-f-n64-s1,097faea3088c,419,418,0,,404047,,404047,6.406130828578158e-06,350000,350000,,,,,,0.3001774193548387,0.6062086830161618
chang0926-f-n64-s1,097faea3088c,420,419,1,392308,402012,1.0247356668739869,392308,6.421981607003363e-06,350000,350000,0,0,220782,1,0,0.28591935483870967,0.6182220634591874
chang0926-f-n64-s1,097faea3088c,421,420,0,,402676,,402676,6.271079280564674e-06,350000,350000,,,,,,0.2780967741935484,0.625846868541913
chang0926-f-n64-s1,097faea3088c,422,421,0,,406368,,406368,6.482093002259303e-06,350000,350000,,,,,,0.24870967741935485,0.6194267988047754
chang0926-f-n64-s1,097faea3088c,423,422,0,,402445,,402445,6.5905488936841486e-06,350000,350000,,,,,,0.25429032258064516,0.6250670105082085
chang0926-f-n64-s1,097faea3088c,424,423,0,,406088,,406088,6.5726505924202996e-06,350000,350000,,,,,,0.2676774193548387,0.6042392154927365
chang0926-f-n64-s1,097faea3088c,425,424,0,,403953,,403953,6.681619977212689e-06,350000,350000,,,,,,0.24567741935483872,0.6136606195538885
chang0926-f-n64-s1,097faea3088c,426,425,0,,408054,,408054,6.694306495803619e-06,350000,350000,,,,,,0.25667741935483873,0.6206475975625316
chang0926-f-n64-s1,097faea3088c,427,426,0,,410126,,410126,6.814356867930021e-06,350000,350000,,,,,,0.2891290322580645,0.6071342350550768
chang0926-f-n64-s1,097faea3088c,428,427,0,,404466,,404466,6.903462969522534e-06,350000,350000,,,,,,0.27925806451612906,0.5904181362544858
chang0926-f-n64-s1,097faea3088c,429,428,0,,402433,,402433,6.857604212423539e-06,350000,350000,,,,,,0.25420967741935485,0.62117821534405
chang0926-f-n64-s1,097faea3088c,430,429,1,394366,400913,1.0166013297292362,394366,6.870925812572055e-06,350000,350000,0,0,222840,1,0,0.25224193548387097,0.6156780813740096
chang0926-f-n64-s1,097faea3088c,431,430,0,,402627,,402627,6.773493364639056e-06,350000,350000,,,,,,0.24808064516129033,0.6232338501413068
chang0926-f-n64-s1,097faea3088c,432,431,0,,401154,,401154,6.9639858803558286e-06,350000,350000,,,,,,0.25161290322580643,0.6295366554904632
chang0926-f-n64-s1,097faea3088c,433,432,0,,400663,,400663,6.985994958847241e-06,350000,350000,,,,,,0.24866129032258064,0.6165853224453685
chang0926-f-n64-s1,097faea3088c,434,433,0,,404794,,404794,7.024767245019407e-06,350000,350000,,,,,,0.2976774193548387,0.6131777391369683
chang0926-f-n64-s1,097faea3088c,435,434,0,,400777,,400777,7.148996234801885e-06,350000,350000,,,,,,0.26798387096774196,0.6254068314153975
chang0926-f-n64-s1,097faea3088c,436,435,0,,408588,,408588,7.126159342791342e-06,350000,350000,,,,,,0.24029032258064517,0.6232594543725084
chang0926-f-n64-s1,097faea3088c,437,436,0,,410732,,410732,7.321485804426451e-06,350000,350000,,,,,,0.23861290322580644,0.6165641201297657
chang0926-f-n64-s1,097faea3088c,438,437,0,,412731,,412731,7.419022391905874e-06,350000,350000,,,,,,0.2478225806451613,0.6180994563188974
chang0926-f-n64-s1,097faea3088c,439,438,0,,407579,,407579,7.51683788464812e-06,350000,350000,,,,,,0.26598387096774195,0.6273797687010868
chang0926-f-n64-s1,097faea3088c,440,439,1,395791,405565,1.0246948515757053,395791,7.479749982119737e-06,350000,350000,0,0,224265,1,0,0.2783548387096774,0.6316233616185085
chang0926-f-n64-s1,097faea3088c,441,440,0,,407194,,407194,7.308211206268739e-06,350000,350000,,,,,,0.2698548387096774,0.6116549825774963
chang0926-f-n64-s1,097faea3088c,442,441,0,,407219,,407219,7.575882178223e-06,350000,350000,,,,,,0.24716129032258063,0.6302673133336871
chang0926-f-n64-s1,097faea3088c,443,442,0,,407320,,407320,7.633924743360465e-06,350000,350000,,,,,,0.2939838709677419,0.6280254459402494
chang0926-f-n64-s1,097faea3088c,444,443,0,,403683,,403683,7.693942934088514e-06,350000,350000,,,,,,0.2900322580645161,0.6132860922315488
chang0926-f-n64-s1,097faea3088c,445,444,0,,399577,,399577,7.679842388797818e-06,350000,350000,,,,,,0.26769354838709675,0.6066946851550812
chang0926-f-n64-s1,097faea3088c,446,445,0,,420738,,420738,7.652246481004195e-06,350000,350000,,,,,,0.2729516129032258,0.5795336412497621
chang0926-f-n64-s1,097faea3088c,447,446,0,,430472,,430472,8.1320003992797e-06,350000,350000,,,,,,0.2378548387096774,0.6303723791142157
chang0926-f-n64-s1,097faea3088c,448,447,0,,426314,,426314,8.406677832957192e-06,350000,350000,,,,,,0.2418225806451613,0.6273442712917252
chang0926-f-n64-s1,097faea3088c,449,448,0,,426381,,426381,8.40798965720006e-06,350000,350000,,,,,,0.2759354838709677,0.6107511426441696
chang0926-f-n64-s1,097faea3088c,450,449,1,488066,529269,1.0844209594604008,488066,8.492721989428129e-06,350000,350000,0,0,316540,1,0,0.2650806451612903,0.5866804455584205
chang0926-f-n64-s1,097faea3088c,451,450,0,,529720,,529720,9.884350654057549e-06,350000,350000,,,,,,0.2626612903225806,0.6283941067657884
chang0926-f-n64-s1,097faea3088c,452,451,0,,548313,,548313,1.095254070730949e-05,350000,350000,,,,,,0.26719354838709675,0.6239394155885872
chang0926-f-n64-s1,097faea3088c,453,452,0,,448005,,448005,1.1594314411262441e-05,350000,350000,,,,,,0.288,0.6120497118778582
chang0926-f-n64-s1,097faea3088c,454,453,0,,451951,,451951,9.590916994754474e-06,350000,350000,,,,,,0.2817741935483871,0.6148231975629403
chang0926-f-n64-s1,097faea3088c,455,454,0,,449944,,449944,9.799858126106105e-06,350000,350000,,,,,,0.27916129032258064,0.59042830744014
chang0926-f-n64-s1,097faea3088c,456,455,0,,449934,,449934,9.87964688906957e-06,350000,350000,,,,,,0.2890967741935484,0.6243588347640244
chang0926-f-n64-s1,097faea3088c,457,456,0,,447974,,447974,1.0004279319990168e-05,350000,350000,,,,,,0.2754354838709677,0.6143988609646909
chang0926-f-n64-s1,097faea3088c,458,457,0,,451969,,451969,1.0084376299878182e-05,350000,350000,,,,,,0.24983870967741936,0.6101897863473463
chang0926-f-n64-s1,097faea3088c,459,458,0,,447911,,447911,1.0305211575725832e-05,350000,350000,,,,,,0.2650806451612903,0.5904855979282118
chang0926-f-n64-s1,097faea3088c,460,459,1,423432,449946,1.062616901887434,423432,1.0339419992385749e-05,350000,350000,0,0,251906,1,0,0.2835,0.5885550840830361
chang0926-f-n64-s1,097faea3088c,461,460,0,,450352,,450352,9.867881059635628e-06,350000,350000,,,,,,0.29954838709677417,0.619573742847101
chang0926-f-n64-s1,097faea3088c,462,461,0,,458584,,458584,1.0628366667135679e-05,350000,350000,,,,,,0.29851612903225805,0.5942492071193095
chang0926-f-n64-s1,097faea3088c,463,462,0,,460719,,460719,1.096985466230829e-05,350000,350000,,,,,,0.2636935483870968,0.6323476331554276
chang0926-f-n64-s1,097faea3088c,464,463,0,,461101,,461101,1.1173429739174108e-05,350000,350000,,,,,,0.2575806451612903,0.6066513545395965
chang0926-f-n64-s1,097faea3088c,465,464,0,,459116,,459116,1.133790580591714e-05,350000,350000,,,,,,0.28483870967741937,0.6263242283781691
chang0926-f-n64-s1,097faea3088c,466,465,0,,457590,,457590,1.144331697050003e-05,350000,350000,,,,,,0.25648387096774194,0.6258530993572456
chang0926-f-n64-s1,097faea3088c,467,466,0,,455571,,455571,1.1559164617910351e-05,350000,350000,,,,,,0.29101612903225804,0.590200320559658
chang0926-f-n64-s1,097faea3088c,468,467,0,,455513,,455513,1.1660855018354088e-05,350000,350000,,,,,,0.2909838709677419,0.5904749346406513
chang0926-f-n64-s1,097faea3088c,469,468,0,,460168,,460168,1.181399377131328e-05,350000,350000,,,,,,0.27475806451612905,0.6151724457421617
chang0926-f-n64-s1,097faea3088c,470,469,1,420399,456058,1.0848218002421508,420399,1.209914815585103e-05,350000,350000,0,0,248873,1,0,0.2554516129032258,0.6129418288644197
chang0926-f-n64-s1,097faea3088c,471,470,0,,461517,,461517,1.1155260999965636e-05,350000,350000,,,,,,0.28116129032258064,0.6002601070532767
chang0926-f-n64-s1,097faea3088c,472,471,0,,459508,,459508,1.2416858942020413e-05,350000,350000,,,,,,0.2825967741935484,0.6088048049435107
chang0926-f-n64-s1,097faea3088c,473,472,0,,462663,,462663,1.2532230469179187e-05,350000,350000,,,,,,0.2568064516129032,0.625165469730448
chang0926-f-n64-s1,097faea3088c,474,473,0,,504727,,504727,1.2795577807441908e-05,350000,350000,,,,,,0.27175806451612905,0.6192711040714768
chang0926-f-n64-s1,097faea3088c,475,474,0,,506297,,506297,1.4216775149405173e-05,350000,350000,,,,,,0.26895161290322583,0.6012838080123096
chang0926-f-n64-s1,097faea3088c,476,475,0,,487827,,487827,1.452669360780974e-05,350000,350000,,,,,,0.2718225806451613,0.626947958796517
chang0926-f-n64-s1,097faea3088c,477,476,0,,484204,,484204,1.423105659603355e-05,350000,350000,,,,,,0.29354838709677417,0.6232083787405824
chang0926-f-n64-s1,097faea3088c,478,477,0,,484156,,484156,1.4356471108907823e-05,350000,350000,,,,,,0.26756451612903226,0.6267398250399522
chang0926-f-n64-s1,097faea3088c,479,478,0,,485856,,485856,1.45898393710096e-05,350000,350000,,,,,,0.2900322580645161,0.6230695176995346
chang0926-f-n64-s1,097faea3088c,480,479,1,433330,485842,1.1211824706343896,433330,1.4883145888153071e-05,350000,350000,0,0,261804,1,0,0.26217741935483874,0.6268583537616272
chang0926-f-n64-s1,097faea3088c,481,480,0,,473917,,473917,1.3416630552001682e-05,350000,350000,,,,,,0.26637096774193547,0.6329998809613773
chang0926-f-n64-s1,097faea3088c,482,481,0,,471861,,471861,1.489733911576588e-05,350000,350000,,,,,,0.2649677419354839,0.6163865135080688
chang0926-f-n64-s1,097faea3088c,483,482,0,,471822,,471822,1.5055937456726678e-05,350000,350000,,,,,,0.2781451612903226,0.5959661033653919
chang0926-f-n64-s1,097faea3088c,484,483,0,,473400,,473400,1.5281198338888494e-05,350000,350000,,,,,,0.2612258064516129,0.6320834291939738
chang0926-f-n64-s1,097faea3088c,485,484,0,,473333,,473333,1.5565586507798312e-05,350000,350000,,,,,,0.28141935483870967,0.6121263797683707
chang0926-f-n64-s1,097faea3088c,486,485,0,,473410,,473410,1.580006802117249e-05,350000,350000,,,,,,0.28333870967741936,0.6224071938832729
chang0926-f-n64-s1,097faea3088c,487,486,0,,473415,,473415,1.6043091831048003e-05,350000,350000,,,,,,0.295758064516129,0.6003262182836447
chang0926-f-n64-s1,097faea3088c,488,487,0,,475434,,475434,1.6287384716849905e-05,350000,350000,,,,,,0.2800967741935484,0.6176683111335345
chang0926-f-n64-s1,097faea3088c,489,488,0,,473424,,473424,1.6609275412047155e-05,350000,350000,,,,,,0.2755967741935484,0.6272397856949192
chang0926-f-n64-s1,097faea3088c,490,489,1,433292,475405,1.097193116881918,433292,1.6790739812183645e-05,350000,350000,0,0,261766,1,0,0.28724193548387095,0.6226247436580377
chang0926-f-n64-s1,097faea3088c,491,490,0,,473336,,473336,1.5532303330655132e-05,350000,350000,,,,,,0.2914838709677419,0.618845233193003
chang0926-f-n64-s1,097faea3088c,492,491,0,,473327,,473327,1.7225815990639175e-05,350000,350000,,,,,,0.3041935483870968,0.6214464574519007
chang0926-f-n64-s1,097faea3088c,493,492,0,,475424,,475424,1.7487438801594663e-05,350000,350000,,,,,,0.2495,0.6153752734585266
chang0926-f-n64-s1,097faea3088c,494,493,0,,475444,,475444,1.783596796151382e-05,350000,350000,,,,,,0.2472258064516129,0.6136595172252649
chang0926-f-n64-s1,097faea3088c,495,494,0,,473372,,473372,1.811200457831809e-05,350000,350000,,,,,,0.25275806451612903,0.6332271575324107
chang0926-f-n64-s1,097faea3088c,496,495,0,,475391,,475391,1.830739028361846e-05,350000,350000,,,,,,0.26017741935483873,0.6075545607892833
chang0926-f-n64-s1,097faea3088c,497,496,0,,475434,,475434,1.866912550718762e-05,350000,350000,,,,,,0.271,0.6147074306123984
chang0926-f-n64-s1,097faea3088c,498,497,0,,475444,,475444,1.8958953697838943e-05,350000,350000,,,,,,0.2591935483870968,0.624771226023557
chang0926-f-n64-s1,097faea3088c,499,498,0,,475487,,475487,1.9251965150688183e-05,350000,350000,,,,,,0.2780483870967742,0.6336377623252828
chang0926-f-n64-s1,097faea3088c,500,499,1,433344,473439,1.0925246455471864,433344,1.9550950385808643e-05,350000,350000,0,0,261818,1,0,0.2795483870967742,0.624554419446833
