arm,epoch,ebops_traced,in_training_ebops,target,above_floor,floor,feasible,degenerate,beta,val_auc,val_accuracy
a-n64-s1,1,11652682.0,,350000,11481156,171526,0,0,1e-07,0.833840,0.546258
a-n64-s1,2,,12706391,350000,,,,,1e-07,0.879731,0.626968
a-n64-s1,3,,10092984,350000,,,,,1.3e-07,0.880799,0.642581
a-n64-s1,4,,9887146,350000,,,,,1.23e-07,0.886161,0.646387
a-n64-s1,5,,8115798,350000,,,,,1.42e-07,0.886022,0.652210
a-n64-s1,6,,6720446,350000,,,,,1.36e-07,0.858242,0.605661
a-n64-s1,7,,6429065,350000,,,,,1.31e-07,0.882908,0.637355
a-n64-s1,8,,5397200,350000,,,,,1.45e-07,0.878706,0.631419
a-n64-s1,9,,5022881,350000,,,,,1.39e-07,0.871086,0.618726
a-n64-s1,10,3489334.0,,350000,3317808,171526,0,0,1.48e-07,0.867386,0.606855
a-n64-s1,11,,4068192,350000,,,,,1.16e-07,0.873499,0.606371
a-n64-s1,12,,3732521,350000,,,,,1.52e-07,0.877322,0.625548
a-n64-s1,13,,3097840,350000,,,,,1.57e-07,0.877749,0.626629
a-n64-s1,14,,2787257,350000,,,,,1.46e-07,0.865678,0.583129
a-n64-s1,15,,2503487,350000,,,,,1.45e-07,0.871032,0.610935
a-n64-s1,16,,2438456,350000,,,,,1.44e-07,0.868115,0.606790
a-n64-s1,17,,2346451,350000,,,,,1.55e-07,0.867516,0.610129
a-n64-s1,18,,2053504,350000,,,,,1.64e-07,0.867390,0.597839
a-n64-s1,19,,2015858,350000,,,,,1.56e-07,0.878228,0.621323
a-n64-s1,20,2107236.0,,350000,1935710,171526,0,0,1.68e-07,0.858655,0.564952
a-n64-s1,21,,2143853,350000,,,,,1.92e-07,0.862951,0.603758
a-n64-s1,22,,1946167,350000,,,,,2.13e-07,0.858933,0.594597
a-n64-s1,23,,1661827,350000,,,,,2.11e-07,0.855305,0.561242
a-n64-s1,24,,1540204,350000,,,,,1.95e-07,0.839319,0.542823
a-n64-s1,25,,1421971,350000,,,,,1.94e-07,0.861973,0.598984
a-n64-s1,26,,1342558,350000,,,,,1.93e-07,0.858291,0.572694
a-n64-s1,27,,1284818,350000,,,,,1.94e-07,0.836346,0.530355
a-n64-s1,28,,1162631,350000,,,,,1.99e-07,0.844211,0.577677
a-n64-s1,29,,1074455,350000,,,,,1.91e-07,0.837803,0.564081
a-n64-s1,30,1045540.0,,350000,874014,171526,0,0,1.87e-07,0.853930,0.584839
a-n64-s1,31,,1111977,350000,,,,,1.92e-07,0.846382,0.577742
a-n64-s1,32,,1058644,350000,,,,,2.16e-07,0.848341,0.568323
a-n64-s1,33,,905331,350000,,,,,2.17e-07,0.829069,0.547758
a-n64-s1,34,,866487,350000,,,,,1.95e-07,0.844929,0.553468
a-n64-s1,35,,838496,350000,,,,,1.95e-07,0.834068,0.552887
a-n64-s1,36,,840817,350000,,,,,1.97e-07,0.834666,0.542016
a-n64-s1,37,,813384,350000,,,,,2.07e-07,0.838575,0.515323
a-n64-s1,38,,777154,350000,,,,,2.09e-07,0.845786,0.564484
a-n64-s1,39,,762954,350000,,,,,2.07e-07,0.847243,0.568177
a-n64-s1,40,739258.0,,350000,567732,171526,0,0,2.12e-07,0.857237,0.600129
a-n64-s1,41,,770889,350000,,,,,2.13e-07,0.839120,0.559548
a-n64-s1,42,,791876,350000,,,,,2.31e-07,0.837451,0.557516
a-n64-s1,43,,739390,350000,,,,,2.47e-07,0.827305,0.548984
a-n64-s1,44,,726596,350000,,,,,2.4e-07,0.830969,0.536790
a-n64-s1,45,,715568,350000,,,,,2.44e-07,0.846464,0.583548
a-n64-s1,46,,698365,350000,,,,,2.49e-07,0.838149,0.564984
a-n64-s1,47,,691943,350000,,,,,2.52e-07,0.843255,0.540661
a-n64-s1,48,,681713,350000,,,,,2.58e-07,0.839009,0.537952
a-n64-s1,49,,677305,350000,,,,,2.63e-07,0.828286,0.496645
a-n64-s1,50,607799.0,,350000,436273,171526,0,0,2.7e-07,0.843836,0.551048
a-n64-s1,51,,646246,350000,,,,,2.49e-07,0.844160,0.563548
a-n64-s1,52,,641703,350000,,,,,2.73e-07,0.816882,0.516113
a-n64-s1,53,,630371,350000,,,,,2.8e-07,0.840746,0.572097
a-n64-s1,54,,634501,350000,,,,,2.83e-07,0.840960,0.529403
a-n64-s1,55,,620702,350000,,,,,2.93e-07,0.846114,0.557919
a-n64-s1,56,,618209,350000,,,,,2.95e-07,0.835571,0.552177
a-n64-s1,57,,618190,350000,,,,,3.03e-07,0.823150,0.476274
a-n64-s1,58,,609528,350000,,,,,3.11e-07,0.737856,0.308258
a-n64-s1,59,,614088,350000,,,,,3.16e-07,0.798339,0.458871
a-n64-s1,60,556617.0,,350000,385091,171526,0,0,3.27e-07,0.826347,0.538274
a-n64-s1,61,,596084,350000,,,,,3.03e-07,0.799482,0.496677
a-n64-s1,62,,595617,350000,,,,,3.34e-07,0.797671,0.458500
a-n64-s1,63,,599800,350000,,,,,3.42e-07,0.809374,0.472242
a-n64-s1,64,,580827,350000,,,,,3.54e-07,0.820629,0.528532
a-n64-s1,65,,584353,350000,,,,,3.52e-07,0.824149,0.539935
a-n64-s1,66,,586903,350000,,,,,3.63e-07,0.815176,0.486500
a-n64-s1,67,,586831,350000,,,,,3.74e-07,0.828975,0.521516
a-n64-s1,68,,580223,350000,,,,,3.84e-07,0.803264,0.495645
a-n64-s1,69,,565777,350000,,,,,3.89e-07,0.833827,0.527984
a-n64-s1,70,522286.0,,350000,350760,171526,0,0,3.89e-07,0.803230,0.508387
a-n64-s1,71,,561162,350000,,,,,3.66e-07,0.813649,0.510855
a-n64-s1,72,,560216,350000,,,,,4.03e-07,0.814745,0.500387
a-n64-s1,73,,554473,350000,,,,,4.12e-07,0.823353,0.551500
a-n64-s1,74,,553555,350000,,,,,4.17e-07,0.824777,0.538548
a-n64-s1,75,,568326,350000,,,,,4.26e-07,0.772312,0.465452
a-n64-s1,76,,555482,350000,,,,,4.48e-07,0.793652,0.481629
a-n64-s1,77,,553134,350000,,,,,4.48e-07,0.805259,0.477371
a-n64-s1,78,,555603,350000,,,,,4.57e-07,0.766623,0.413548
a-n64-s1,79,,542822,350000,,,,,4.69e-07,0.792528,0.475613
a-n64-s1,80,504145.0,,350000,332619,171526,0,0,4.69e-07,0.803421,0.498468
a-n64-s1,81,,549380,350000,,,,,4.43e-07,0.791790,0.471645
a-n64-s1,82,,548448,350000,,,,,4.94e-07,0.785226,0.500226
a-n64-s1,83,,537083,350000,,,,,5.04e-07,0.804345,0.514516
a-n64-s1,84,,547864,350000,,,,,5.05e-07,0.783118,0.456290
a-n64-s1,85,,540580,350000,,,,,5.27e-07,0.791189,0.508226
a-n64-s1,86,,549840,350000,,,,,5.31e-07,0.776234,0.446097
a-n64-s1,87,,543658,350000,,,,,5.52e-07,0.802809,0.490516
a-n64-s1,88,,545691,350000,,,,,5.58e-07,0.779789,0.433435
a-n64-s1,89,,565011,350000,,,,,5.73e-07,0.768924,0.471387
a-n64-s1,90,514914.0,,350000,343388,171526,0,0,6.08e-07,0.781771,0.497065
a-n64-s1,91,,534448,350000,,,,,5.65e-07,0.771690,0.491629
a-n64-s1,92,,536478,350000,,,,,5.99e-07,0.755059,0.455790
a-n64-s1,93,,536531,350000,,,,,6.14e-07,0.803308,0.524726
a-n64-s1,94,,530928,350000,,,,,6.27e-07,0.770777,0.449097
a-n64-s1,95,,543700,350000,,,,,6.34e-07,0.805828,0.506790
a-n64-s1,96,,539348,350000,,,,,6.63e-07,0.801213,0.467016
a-n64-s1,97,,540824,350000,,,,,6.72e-07,0.799891,0.497065
a-n64-s1,98,,548900,350000,,,,,6.89e-07,0.788948,0.506194
a-n64-s1,99,,549788,350000,,,,,7.15e-07,0.756357,0.416339
a-n64-s1,100,506495.0,,350000,334969,171526,0,0,7.33e-07,0.752165,0.439613
a-n64-s1,101,,535636,350000,,,,,6.88e-07,0.825578,0.533661
a-n64-s1,102,,528550,350000,,,,,7.43e-07,0.816680,0.512694
a-n64-s1,103,,532497,350000,,,,,7.48e-07,0.773947,0.449371
a-n64-s1,104,,547876,350000,,,,,7.7e-07,0.769684,0.445887
a-n64-s1,105,,551378,350000,,,,,8.1e-07,0.786103,0.465306
a-n64-s1,106,,565475,350000,,,,,8.34e-07,0.778830,0.480113
a-n64-s1,107,,545540,350000,,,,,8.76e-07,0.762899,0.458516
a-n64-s1,108,,554642,350000,,,,,8.64e-07,0.754781,0.377774
a-n64-s1,109,,564157,350000,,,,,8.99e-07,0.793277,0.495242
a-n64-s1,110,541791.0,,350000,370265,171526,0,0,9.36e-07,0.741482,0.393806
a-n64-s1,111,,549644,350000,,,,,9.19e-07,0.697690,0.396806
a-n64-s1,112,,547945,350000,,,,,9.54e-07,0.739128,0.432726
a-n64-s1,113,,544626,350000,,,,,9.72e-07,0.801860,0.484935
a-n64-s1,114,,536230,350000,,,,,9.88e-07,0.777508,0.468548
a-n64-s1,115,,541430,350000,,,,,9.94e-07,0.785517,0.473032
a-n64-s1,116,,547437,350000,,,,,1.03e-06,0.797702,0.484403
a-n64-s1,117,,539667,350000,,,,,1.06e-06,0.767543,0.427984
a-n64-s1,118,,536682,350000,,,,,1.07e-06,0.786880,0.471855
a-n64-s1,119,,541860,350000,,,,,1.09e-06,0.785516,0.431629
a-n64-s1,120,481140.0,,350000,309614,171526,0,0,1.12e-06,0.762145,0.485758
a-n64-s1,121,,524779,350000,,,,,1.01e-06,0.733380,0.412774
a-n64-s1,122,,519880,350000,,,,,1.12e-06,0.786121,0.482548
a-n64-s1,123,,513387,350000,,,,,1.14e-06,0.722685,0.368387
a-n64-s1,124,,504735,350000,,,,,1.14e-06,0.760438,0.421161
a-n64-s1,125,,502792,350000,,,,,1.15e-06,0.743709,0.398887
a-n64-s1,126,,491128,350000,,,,,1.16e-06,0.734842,0.377290
a-n64-s1,127,,499450,350000,,,,,1.15e-06,0.698968,0.408435
a-n64-s1,128,,484663,350000,,,,,1.19e-06,0.742852,0.424468
a-n64-s1,129,,479026,350000,,,,,1.18e-06,0.769553,0.467968
a-n64-s1,130,466901.0,,350000,295375,171526,0,0,1.18e-06,0.760115,0.438565
a-n64-s1,131,,485486,350000,,,,,1.17e-06,0.736755,0.407968
a-n64-s1,132,,480078,350000,,,,,1.24e-06,0.759956,0.450532
a-n64-s1,133,,481118,350000,,,,,1.24e-06,0.713919,0.394468
a-n64-s1,134,,474864,350000,,,,,1.27e-06,0.731603,0.419032
a-n64-s1,135,,484779,350000,,,,,1.27e-06,0.748620,0.409258
a-n64-s1,136,,480650,350000,,,,,1.32e-06,0.700985,0.385532
a-n64-s1,137,,480138,350000,,,,,1.33e-06,0.774082,0.462887
a-n64-s1,138,,474466,350000,,,,,1.34e-06,0.748281,0.419290
a-n64-s1,139,,479099,350000,,,,,1.35e-06,0.719325,0.385839
a-n64-s1,140,450751.0,,350000,279225,171526,0,0,1.38e-06,0.785835,0.489790
a-n64-s1,141,,469858,350000,,,,,1.32e-06,0.728360,0.396855
a-n64-s1,142,,464842,350000,,,,,1.4e-06,0.700684,0.322226
a-n64-s1,143,,472460,350000,,,,,1.4e-06,0.737014,0.407661
a-n64-s1,144,,477021,350000,,,,,1.44e-06,0.699300,0.362387
a-n64-s1,145,,473418,350000,,,,,1.48e-06,0.763804,0.451226
a-n64-s1,146,,464197,350000,,,,,1.49e-06,0.696874,0.360984
a-n64-s1,147,,472389,350000,,,,,1.48e-06,0.671225,0.334306
a-n64-s1,148,,462916,350000,,,,,1.53e-06,0.722089,0.386468
a-n64-s1,149,,462911,350000,,,,,1.52e-06,0.705311,0.371210
a-n64-s1,150,444640.0,,350000,273114,171526,0,0,1.54e-06,0.730050,0.399306
a-n64-s1,151,,459889,350000,,,,,1.5e-06,0.739344,0.438597
a-n64-s1,152,,460225,350000,,,,,1.57e-06,0.721658,0.394887
a-n64-s1,153,,458208,350000,,,,,1.6e-06,0.759308,0.430661
a-n64-s1,154,,456173,350000,,,,,1.61e-06,0.727193,0.424226
a-n64-s1,155,,449522,350000,,,,,1.63e-06,0.642813,0.288645
a-n64-s1,156,,445333,350000,,,,,1.62e-06,0.760378,0.488032
a-n64-s1,157,,446852,350000,,,,,1.63e-06,0.715672,0.389226
a-n64-s1,158,,445819,350000,,,,,1.65e-06,0.734589,0.418710
a-n64-s1,159,,449901,350000,,,,,1.67e-06,0.717611,0.392903
a-n64-s1,160,438563.0,,350000,267037,171526,0,0,1.71e-06,0.697131,0.372532
a-n64-s1,161,,449742,350000,,,,,1.68e-06,0.672726,0.317177
a-n64-s1,162,,444889,350000,,,,,1.75e-06,0.690463,0.367548
a-n64-s1,163,,441480,350000,,,,,1.75e-06,0.737477,0.412581
a-n64-s1,164,,446161,350000,,,,,1.75e-06,0.689816,0.387000
a-n64-s1,165,,436849,350000,,,,,1.8e-06,0.691237,0.372661
a-n64-s1,166,,433275,350000,,,,,1.78e-06,0.658509,0.329371
a-n64-s1,167,,436385,350000,,,,,1.78e-06,0.716029,0.393435
a-n64-s1,168,,435897,350000,,,,,1.81e-06,0.658177,0.302871
a-n64-s1,169,,423474,350000,,,,,1.83e-06,0.698593,0.355355
a-n64-s1,170,410669.0,,350000,239143,171526,0,0,1.8e-06,0.689507,0.356194
a-n64-s1,171,,420928,350000,,,,,1.76e-06,0.695045,0.364065
a-n64-s1,172,,424708,350000,,,,,1.82e-06,0.641384,0.291419
a-n64-s1,173,,446656,350000,,,,,1.85e-06,0.622505,0.281984
a-n64-s1,174,,447278,350000,,,,,1.97e-06,0.626429,0.310065
a-n64-s1,175,,440665,350000,,,,,2e-06,0.663542,0.340419
a-n64-s1,176,,442012,350000,,,,,1.99e-06,0.695683,0.367855
a-n64-s1,177,,440347,350000,,,,,2.02e-06,0.703389,0.382210
a-n64-s1,178,,440377,350000,,,,,2.04e-06,0.669734,0.360726
a-n64-s1,179,,429587,350000,,,,,2.06e-06,0.706185,0.374468
a-n64-s1,180,413280.0,,350000,241754,171526,0,0,2.03e-06,0.700147,0.364581
a-n64-s1,181,,419801,350000,,,,,1.97e-06,0.682904,0.346629
a-n64-s1,182,,421649,350000,,,,,2.02e-06,0.704685,0.370661
a-n64-s1,183,,427315,350000,,,,,2.05e-06,0.699417,0.381403
a-n64-s1,184,,436561,350000,,,,,2.1e-06,0.662956,0.330774
a-n64-s1,185,,432045,350000,,,,,2.16e-06,0.681638,0.355565
a-n64-s1,186,,430673,350000,,,,,2.16e-06,0.644135,0.322274
a-n64-s1,187,,427673,350000,,,,,2.18e-06,0.696313,0.359613
a-n64-s1,188,,442507,350000,,,,,2.19e-06,0.679258,0.370226
a-n64-s1,189,,479124,350000,,,,,2.29e-06,0.661937,0.310532
a-n64-s1,190,458405.0,,350000,286879,171526,0,0,2.52e-06,0.671396,0.332790
a-n64-s1,191,,479237,350000,,,,,2.44e-06,0.664029,0.360177
a-n64-s1,192,,456439,350000,,,,,2.59e-06,0.460200,0.194210
a-n64-s1,193,,475901,350000,,,,,2.5e-06,0.621839,0.306710
a-n64-s1,194,,461955,350000,,,,,2.65e-06,0.517282,0.205323
a-n64-s1,195,,453845,350000,,,,,2.61e-06,0.499904,0.203097
a-n64-s1,196,,453290,350000,,,,,2.6e-06,0.494722,0.200016
a-n64-s1,197,,458334,350000,,,,,2.63e-06,0.499989,0.202597
a-n64-s1,198,,452779,350000,,,,,2.69e-06,0.421074,0.202097
a-n64-s1,199,,452194,350000,,,,,2.69e-06,0.499948,0.202597
a-n64-s1,200,465639.0,,350000,294113,171526,0,0,2.72e-06,0.657280,0.338887
a-n64-s1,201,,450298,350000,,,,,2.85e-06,0.586884,0.247548
a-n64-s1,202,,457104,350000,,,,,2.79e-06,0.639314,0.281419
a-n64-s1,203,,468357,350000,,,,,2.87e-06,0.589067,0.279629
a-n64-s1,204,,457712,350000,,,,,2.98e-06,0.628110,0.302629
a-n64-s1,205,,456204,350000,,,,,2.95e-06,0.653678,0.323290
a-n64-s1,206,,450973,350000,,,,,2.98e-06,0.651046,0.326113
a-n64-s1,207,,453099,350000,,,,,2.99e-06,0.621659,0.293484
a-n64-s1,208,,454611,350000,,,,,3.04e-06,0.615612,0.260484
a-n64-s1,209,,446968,350000,,,,,3.09e-06,0.626054,0.317032
a-n64-s1,210,442740.0,,350000,271214,171526,0,0,3.07e-06,0.623010,0.309226
a-n64-s1,211,,440112,350000,,,,,3.08e-06,0.487691,0.245452
a-n64-s1,212,,438141,350000,,,,,3.1e-06,0.462811,0.222823
a-n64-s1,213,,438078,350000,,,,,3.12e-06,0.494149,0.228919
a-n64-s1,214,,431538,350000,,,,,3.15e-06,0.573872,0.272613
a-n64-s1,215,,425347,350000,,,,,3.14e-06,0.447529,0.205323
a-n64-s1,216,,428956,350000,,,,,3.13e-06,0.497782,0.202371
a-n64-s1,217,,422714,350000,,,,,3.18e-06,0.493845,0.203742
a-n64-s1,218,,423212,350000,,,,,3.17e-06,0.497804,0.203258
a-n64-s1,219,,419637,350000,,,,,3.2e-06,0.492144,0.232661
a-n64-s1,220,413960.0,,350000,242434,171526,0,0,3.2e-06,0.617736,0.271952
a-n64-s1,221,,415760,350000,,,,,3.19e-06,0.619323,0.309452
a-n64-s1,222,,413382,350000,,,,,3.23e-06,0.645638,0.291742
a-n64-s1,223,,409364,350000,,,,,3.24e-06,0.623356,0.313194
a-n64-s1,224,,405712,350000,,,,,3.23e-06,0.602488,0.291000
a-n64-s1,225,,407765,350000,,,,,3.22e-06,0.650265,0.332984
a-n64-s1,226,,411450,350000,,,,,3.27e-06,0.609063,0.265532
a-n64-s1,227,,412667,350000,,,,,3.32e-06,0.583471,0.260903
a-n64-s1,228,,409102,350000,,,,,3.36e-06,0.638498,0.318597
a-n64-s1,229,,409015,350000,,,,,3.36e-06,0.605986,0.284919
a-n64-s1,230,401713.0,,350000,230187,171526,0,0,3.38e-06,0.562367,0.232613
a-n64-s1,231,,400568,350000,,,,,3.34e-06,0.587790,0.245323
a-n64-s1,232,,408326,350000,,,,,3.36e-06,0.607003,0.288548
a-n64-s1,233,,409582,350000,,,,,3.45e-06,0.623524,0.296742
a-n64-s1,234,,409626,350000,,,,,3.49e-06,0.632137,0.301823
a-n64-s1,235,,410709,350000,,,,,3.52e-06,0.566760,0.261516
a-n64-s1,236,,409217,350000,,,,,3.55e-06,0.619492,0.300790
a-n64-s1,237,,407638,350000,,,,,3.57e-06,0.660024,0.330000
a-n64-s1,238,,408069,350000,,,,,3.58e-06,0.640818,0.307387
a-n64-s1,239,,409185,350000,,,,,3.61e-06,0.603225,0.247645
a-n64-s1,240,401310.0,,350000,229784,171526,0,0,3.65e-06,0.626344,0.322355
a-n64-s1,241,,410557,350000,,,,,3.61e-06,0.615669,0.289258
a-n64-s1,242,,412517,350000,,,,,3.72e-06,0.591421,0.266613
a-n64-s1,243,,413182,350000,,,,,3.77e-06,0.588563,0.270935
a-n64-s1,244,,409898,350000,,,,,3.8e-06,0.590406,0.242581
a-n64-s1,245,,409306,350000,,,,,3.8e-06,0.584498,0.295935
a-n64-s1,246,,411933,350000,,,,,3.83e-06,0.540920,0.232581
a-n64-s1,247,,412860,350000,,,,,3.88e-06,0.613727,0.307339
a-n64-s1,248,,411417,350000,,,,,3.93e-06,0.599632,0.275661
a-n64-s1,249,,409747,350000,,,,,3.94e-06,0.616434,0.299065
a-n64-s1,250,403875.0,,350000,232349,171526,0,0,3.96e-06,0.596102,0.256516
a-n64-s1,251,,410347,350000,,,,,3.93e-06,0.616772,0.291226
a-n64-s1,252,,410396,350000,,,,,4.02e-06,0.623835,0.272726
a-n64-s1,253,,410401,350000,,,,,4.06e-06,0.616695,0.270919
a-n64-s1,254,,411919,350000,,,,,4.09e-06,0.620042,0.292210
a-n64-s1,255,,411934,350000,,,,,4.14e-06,0.619201,0.285097
a-n64-s1,256,,410823,350000,,,,,4.17e-06,0.638048,0.290145
a-n64-s1,257,,409460,350000,,,,,4.19e-06,0.639552,0.294000
a-n64-s1,258,,418178,350000,,,,,4.21e-06,0.589809,0.283065
a-n64-s1,259,,417386,350000,,,,,4.34e-06,0.585937,0.269952
a-n64-s1,260,414174.0,,350000,242648,171526,0,0,4.37e-06,0.631500,0.308000
a-n64-s1,261,,412298,350000,,,,,4.37e-06,0.635192,0.295048
a-n64-s1,262,,415574,350000,,,,,4.39e-06,0.591242,0.262097
a-n64-s1,263,,410947,350000,,,,,4.46e-06,0.561079,0.228839
a-n64-s1,264,,416667,350000,,,,,4.45e-06,0.571849,0.265452
a-n64-s1,265,,419256,350000,,,,,4.55e-06,0.570534,0.247500
a-n64-s1,266,,421309,350000,,,,,4.62e-06,0.566299,0.229048
a-n64-s1,267,,413000,350000,,,,,4.69e-06,0.563626,0.250339
a-n64-s1,268,,412045,350000,,,,,4.63e-06,0.589799,0.247935
a-n64-s1,269,,409056,350000,,,,,4.66e-06,0.581065,0.257032
a-n64-s1,270,413502.0,,350000,241976,171526,0,0,4.66e-06,0.574963,0.245984
a-n64-s1,271,,420068,350000,,,,,4.75e-06,0.541388,0.219613
a-n64-s1,272,,417133,350000,,,,,4.87e-06,0.561945,0.239177
a-n64-s1,273,,416031,350000,,,,,4.88e-06,0.565701,0.245258
a-n64-s1,274,,421531,350000,,,,,4.91e-06,0.560802,0.242339
a-n64-s1,275,,418363,350000,,,,,5.02e-06,0.565325,0.239484
a-n64-s1,276,,411402,350000,,,,,5.03e-06,0.571577,0.263210
a-n64-s1,277,,407920,350000,,,,,4.98e-06,0.583577,0.276935
a-n64-s1,278,,415063,350000,,,,,4.98e-06,0.595447,0.274000
a-n64-s1,279,,411469,350000,,,,,5.11e-06,0.578990,0.258403
a-n64-s1,280,416237.0,,350000,244711,171526,0,0,5.11e-06,0.590142,0.268403
a-n64-s1,281,,425841,350000,,,,,5.21e-06,0.531667,0.217048
a-n64-s1,282,,408892,350000,,,,,5.38e-06,0.582334,0.270403
a-n64-s1,283,,415605,350000,,,,,5.21e-06,0.622069,0.302339
a-n64-s1,284,,413526,350000,,,,,5.34e-06,0.614258,0.291645
a-n64-s1,285,,415073,350000,,,,,5.36e-06,0.598222,0.287581
a-n64-s1,286,,419693,350000,,,,,5.43e-06,0.593093,0.286194
a-n64-s1,287,,420233,350000,,,,,5.54e-06,0.582537,0.272242
a-n64-s1,288,,415002,350000,,,,,5.59e-06,0.533237,0.237371
a-n64-s1,289,,416493,350000,,,,,5.57e-06,0.599622,0.285226
a-n64-s1,290,407943.0,,350000,236417,171526,0,0,5.64e-06,0.538480,0.238500
a-n64-s1,291,,418282,350000,,,,,5.57e-06,0.536452,0.238048
a-n64-s1,292,,426615,350000,,,,,5.76e-06,0.564999,0.253274
a-n64-s1,293,,427249,350000,,,,,5.93e-06,0.527396,0.232290
a-n64-s1,294,,422670,350000,,,,,6e-06,0.538175,0.237823
a-n64-s1,295,,421089,350000,,,,,5.99e-06,0.535696,0.240790
a-n64-s1,296,,420674,350000,,,,,6.03e-06,0.539707,0.241645
a-n64-s1,297,,420708,350000,,,,,6.08e-06,0.544942,0.243806
a-n64-s1,298,,420723,350000,,,,,6.13e-06,0.534841,0.237000
a-n64-s1,299,,423632,350000,,,,,6.19e-06,0.542688,0.243516
a-n64-s1,300,415122.0,,350000,243596,171526,0,0,6.29e-06,0.536403,0.237565
a-n64-s1,301,,413732,350000,,,,,6.22e-06,0.535673,0.238887
a-n64-s1,302,,413830,350000,,,,,6.25e-06,0.531729,0.234790
a-n64-s1,303,,417554,350000,,,,,6.3e-06,0.533004,0.236565
a-n64-s1,304,,415917,350000,,,,,6.42e-06,0.532351,0.234403
a-n64-s1,305,,412826,350000,,,,,6.45e-06,0.534502,0.236710
a-n64-s1,306,,407789,350000,,,,,6.45e-06,0.543180,0.244887
a-n64-s1,307,,408359,350000,,,,,6.42e-06,0.540141,0.242226
a-n64-s1,308,,406224,350000,,,,,6.48e-06,0.544741,0.239145
a-n64-s1,309,,405771,350000,,,,,6.5e-06,0.530717,0.232597
a-n64-s1,310,410826.0,,350000,239300,171526,0,0,6.54e-06,0.526735,0.227532
a-n64-s1,311,,405524,350000,,,,,6.67e-06,0.534695,0.221419
a-n64-s1,312,,408182,350000,,,,,6.63e-06,0.539576,0.233823
a-n64-s1,313,,413446,350000,,,,,6.73e-06,0.539675,0.235500
a-n64-s1,314,,420753,350000,,,,,6.87e-06,0.536849,0.235484
a-n64-s1,315,,416624,350000,,,,,7.06e-06,0.536739,0.222177
a-n64-s1,316,,419132,350000,,,,,7.05e-06,0.534168,0.232694
a-n64-s1,317,,418692,350000,,,,,7.16e-06,0.537012,0.231419
a-n64-s1,318,,425783,350000,,,,,7.21e-06,0.532830,0.220113
a-n64-s1,319,,425864,350000,,,,,7.41e-06,0.524706,0.210548
a-n64-s1,320,421358.0,,350000,249832,171526,0,0,7.48e-06,0.530597,0.220355
a-n64-s1,321,,421780,350000,,,,,7.47e-06,0.507245,0.207710
a-n64-s1,322,,419775,350000,,,,,7.55e-06,0.513612,0.210032
a-n64-s1,323,,420292,350000,,,,,7.58e-06,0.514137,0.208419
a-n64-s1,324,,421177,350000,,,,,7.66e-06,0.540047,0.235000
a-n64-s1,325,,421167,350000,,,,,7.75e-06,0.531845,0.224968
a-n64-s1,326,,425234,350000,,,,,7.82e-06,0.523127,0.216726
a-n64-s1,327,,425766,350000,,,,,7.97e-06,0.518398,0.211290
a-n64-s1,328,,426882,350000,,,,,8.06e-06,0.519390,0.215581
a-n64-s1,329,,433109,350000,,,,,8.16e-06,0.511840,0.210113
a-n64-s1,330,419686.0,,350000,248160,171526,0,0,8.37e-06,0.512032,0.211323
a-n64-s1,331,,424751,350000,,,,,8.19e-06,0.509604,0.208581
a-n64-s1,332,,432901,350000,,,,,8.37e-06,0.510659,0.206113
a-n64-s1,333,,420609,350000,,,,,8.62e-06,0.514995,0.216403
a-n64-s1,334,,416083,350000,,,,,8.45e-06,0.541882,0.223548
a-n64-s1,335,,416527,350000,,,,,8.43e-06,0.511311,0.210468
a-n64-s1,336,,413942,350000,,,,,8.52e-06,0.560959,0.242419
a-n64-s1,337,,406798,350000,,,,,8.53e-06,0.508300,0.207629
a-n64-s1,338,,400041,350000,,,,,8.45e-06,0.513039,0.214016
a-n64-s1,339,,415357,350000,,,,,8.37e-06,0.558699,0.244097
a-n64-s1,340,404071.0,,350000,232545,171526,0,0,8.76e-06,0.509143,0.208419
a-n64-s1,341,,396414,350000,,,,,8.58e-06,0.514157,0.212677
a-n64-s1,342,,390290,350000,,,,,8.47e-06,0.507888,0.207500
a-n64-s1,343,,390285,350000,,,,,8.39e-06,0.506068,0.207097
a-n64-s1,344,,385151,350000,,,,,8.43e-06,0.510429,0.209661
a-n64-s1,345,,391784,350000,,,,,8.36e-06,0.508283,0.208194
a-n64-s1,346,,386586,350000,,,,,8.55e-06,0.515717,0.214210
a-n64-s1,347,,384775,350000,,,,,8.48e-06,0.518343,0.216016
a-n64-s1,348,,384702,350000,,,,,8.48e-06,0.519784,0.217484
a-n64-s1,349,,383142,350000,,,,,8.52e-06,0.518573,0.217726
a-n64-s1,350,373776.0,,350000,202250,171526,0,0,8.53e-06,0.522274,0.217516
a-n64-s1,351,,377491,350000,,,,,8.35e-06,0.545487,0.218806
a-n64-s1,352,,372429,350000,,,,,8.46e-06,0.515583,0.213839
a-n64-s1,353,,372785,350000,,,,,8.37e-06,0.540375,0.227758
a-n64-s1,354,,375120,350000,,,,,8.41e-06,0.537737,0.227871
a-n64-s1,355,,373130,350000,,,,,8.49e-06,0.505193,0.206387
a-n64-s1,356,,374834,350000,,,,,8.47e-06,0.505863,0.206968
a-n64-s1,357,,383413,350000,,,,,8.54e-06,0.500036,0.202710
a-n64-s1,358,,414055,350000,,,,,8.77e-06,0.501735,0.204000
a-n64-s1,359,,410007,350000,,,,,9.56e-06,0.510571,0.210629
a-n64-s1,360,407592.0,,350000,236066,171526,0,0,9.54e-06,0.504515,0.206145
a-n64-s1,361,,409471,350000,,,,,9.55e-06,0.505553,0.206710
a-n64-s1,362,,483745,350000,,,,,9.67e-06,0.503238,0.203903
a-n64-s1,363,,421156,350000,,,,,1.16e-05,0.503607,0.205823
a-n64-s1,364,,436057,350000,,,,,1.02e-05,0.504026,0.205871
a-n64-s1,365,,429768,350000,,,,,1.07e-05,0.504569,0.207065
a-n64-s1,366,,418480,350000,,,,,1.06e-05,0.507864,0.211355
a-n64-s1,367,,390750,350000,,,,,1.05e-05,0.503962,0.206129
a-n64-s1,368,,388897,350000,,,,,9.81e-06,0.507892,0.211226
a-n64-s1,369,,370900,350000,,,,,9.82e-06,0.502038,0.204565
a-n64-s1,370,366266.0,,350000,194740,171526,0,0,9.39e-06,0.503437,0.207032
a-n64-s1,371,,366282,350000,,,,,9.29e-06,0.504533,0.205565
a-n64-s1,372,,364780,350000,,,,,9.32e-06,0.503445,0.204306
a-n64-s1,373,,358564,350000,,,,,9.3e-06,0.503572,0.204371
a-n64-s1,374,,357064,350000,,,,,9.15e-06,0.504569,0.206355
a-n64-s1,375,,366227,350000,,,,,9.12e-06,0.503852,0.207129
a-n64-s1,376,,361576,350000,,,,,9.38e-06,0.504811,0.207387
a-n64-s1,377,,404488,350000,,,,,9.27e-06,0.503714,0.207000
a-n64-s1,378,,391693,350000,,,,,1.04e-05,0.514165,0.212565
a-n64-s1,379,,376788,350000,,,,,1.02e-05,0.509354,0.212613
a-n64-s1,380,364272.0,,350000,192746,171526,0,0,9.82e-06,0.500360,0.202774
a-n64-s1,381,,358155,350000,,,,,9.52e-06,0.500417,0.203161
a-n64-s1,382,,363358,350000,,,,,9.37e-06,0.500560,0.202935
a-n64-s1,383,,347239,350000,,,,,9.52e-06,0.509070,0.213484
a-n64-s1,384,,349325,350000,,,,,9.09e-06,0.500032,0.202710
a-n64-s1,385,,349803,350000,,,,,9.15e-06,0.500240,0.202758
a-n64-s1,386,,345673,350000,,,,,9.16e-06,0.500003,0.202645
a-n64-s1,387,,343625,350000,,,,,9.05e-06,0.500027,0.202645
a-n64-s1,388,,335879,350000,,,,,8.99e-06,0.500026,0.202645
a-n64-s1,389,,333792,350000,,,,,8.76e-06,0.506252,0.210839
a-n64-s1,390,330235.0,,350000,158709,171526,0,1,8.69e-06,0.499968,0.202661
a-n64-s1,391,,330125,350000,,,,,8.57e-06,0.499434,0.203065
a-n64-s1,392,,336415,350000,,,,,8.54e-06,0.502095,0.204984
a-n64-s1,393,,332035,350000,,,,,8.69e-06,0.513302,0.207984
a-n64-s1,394,,332113,350000,,,,,8.55e-06,0.496874,0.184790
a-n64-s1,395,,332635,350000,,,,,8.53e-06,0.475407,0.203613
a-n64-s1,396,,336141,350000,,,,,8.53e-06,0.476984,0.200952
a-n64-s1,397,,335112,350000,,,,,8.6e-06,0.470305,0.178952
a-n64-s1,398,,331987,350000,,,,,8.55e-06,0.511263,0.200790
a-n64-s1,399,,334542,350000,,,,,8.45e-06,0.510549,0.218306
a-n64-s1,400,330554.0,,350000,159028,171526,0,1,8.5e-06,0.519860,0.210065
a-n64-s1,401,,326785,350000,,,,,8.37e-06,0.509264,0.207419
a-n64-s1,402,,331384,350000,,,,,8.25e-06,0.508956,0.207839
a-n64-s1,403,,329824,350000,,,,,8.34e-06,0.519223,0.233790
a-n64-s1,404,,336481,350000,,,,,8.28e-06,0.511290,0.216194
a-n64-s1,405,,334428,350000,,,,,8.43e-06,0.508403,0.206806
a-n64-s1,406,,332877,350000,,,,,8.36e-06,0.511782,0.217129
a-n64-s1,407,,332317,350000,,,,,8.3e-06,0.508753,0.213242
a-n64-s1,408,,332317,350000,,,,,8.26e-06,0.508902,0.213355
a-n64-s1,409,,334298,350000,,,,,8.24e-06,0.505653,0.205613
a-n64-s1,410,326237.0,,350000,154711,171526,0,1,8.27e-06,0.500606,0.203048
a-n64-s1,411,,329177,350000,,,,,8.04e-06,0.501098,0.203484
a-n64-s1,412,,336462,350000,,,,,8.09e-06,0.500787,0.203323
a-n64-s1,413,,330864,350000,,,,,8.25e-06,0.501178,0.203371
a-n64-s1,414,,344683,350000,,,,,8.09e-06,0.501210,0.203532
a-n64-s1,415,,346122,350000,,,,,8.42e-06,0.500827,0.202839
a-n64-s1,416,,350798,350000,,,,,8.46e-06,0.500909,0.203613
a-n64-s1,417,,349047,350000,,,,,8.57e-06,0.516722,0.203032
a-n64-s1,418,,354816,350000,,,,,8.53e-06,0.499553,0.202581
a-n64-s1,419,,353174,350000,,,,,8.67e-06,0.500231,0.202919
a-n64-s1,420,327948.0,,350000,156422,171526,0,1,8.64e-06,0.500799,0.202887
a-n64-s1,421,,329208,350000,,,,,7.99e-06,0.501833,0.204242
a-n64-s1,422,,329232,350000,,,,,8e-06,0.502578,0.202629
a-n64-s1,423,,329252,350000,,,,,7.98e-06,0.500171,0.202355
a-n64-s1,424,,330788,350000,,,,,7.95e-06,0.501083,0.202565
a-n64-s1,425,,330812,350000,,,,,7.97e-06,0.500653,0.202452
a-n64-s1,426,,327882,350000,,,,,7.95e-06,0.501181,0.202403
a-n64-s1,427,,329500,350000,,,,,7.85e-06,0.500590,0.202339
a-n64-s1,428,,331350,350000,,,,,7.86e-06,0.500772,0.203177
a-n64-s1,429,,327741,350000,,,,,7.89e-06,0.499817,0.202387
a-n64-s1,430,324272.0,,350000,152746,171526,0,1,7.78e-06,0.501673,0.203339
a-n64-s1,431,,327589,350000,,,,,7.66e-06,0.501159,0.203371
a-n64-s1,432,,325546,350000,,,,,7.72e-06,0.501507,0.203065
a-n64-s1,433,,325541,350000,,,,,7.64e-06,0.501425,0.202645
a-n64-s1,434,,325512,350000,,,,,7.61e-06,0.501452,0.203210
a-n64-s1,435,,325512,350000,,,,,7.58e-06,0.500632,0.202871
a-n64-s1,436,,325502,350000,,,,,7.56e-06,0.501216,0.202984
a-n64-s1,437,,325497,350000,,,,,7.53e-06,0.502184,0.203403
a-n64-s1,438,,329111,350000,,,,,7.5e-06,0.502998,0.201661
a-n64-s1,439,,327600,350000,,,,,7.56e-06,0.502343,0.203484
a-n64-s1,440,324181.0,,350000,152655,171526,0,1,7.5e-06,0.510057,0.207871
a-n64-s1,441,,324497,350000,,,,,7.4e-06,0.533822,0.201597
a-n64-s1,442,,324610,350000,,,,,7.38e-06,0.504197,0.202371
a-n64-s1,443,,323089,350000,,,,,7.35e-06,0.508138,0.205581
a-n64-s1,444,,323064,350000,,,,,7.29e-06,0.500924,0.201935
a-n64-s1,445,,323059,350000,,,,,7.26e-06,0.500391,0.201661
a-n64-s1,446,,320957,350000,,,,,7.23e-06,0.500456,0.201661
a-n64-s1,447,,322497,350000,,,,,7.15e-06,0.502222,0.203774
a-n64-s1,448,,319430,350000,,,,,7.15e-06,0.500811,0.202339
a-n64-s1,449,,319366,350000,,,,,7.05e-06,0.500607,0.202145
a-n64-s1,450,319027.0,,350000,147501,171526,0,1,7.02e-06,0.503911,0.203210
a-n64-s1,451,,319335,350000,,,,,6.98e-06,0.500515,0.201839
a-n64-s1,452,,319345,350000,,,,,6.96e-06,0.501454,0.202903
a-n64-s1,453,,319369,350000,,,,,6.92e-06,0.500392,0.201823
a-n64-s1,454,,317345,350000,,,,,6.89e-06,0.500902,0.202000
a-n64-s1,455,,317393,350000,,,,,6.82e-06,0.500658,0.202629
a-n64-s1,456,,317345,350000,,,,,6.78e-06,0.500804,0.202274
a-n64-s1,457,,317316,350000,,,,,6.75e-06,0.500493,0.202887
a-n64-s1,458,,317306,350000,,,,,6.72e-06,0.500979,0.202968
a-n64-s1,459,,317268,350000,,,,,6.68e-06,0.500422,0.202661
a-n64-s1,460,316979.0,,350000,145453,171526,0,1,6.65e-06,0.500984,0.202048
a-n64-s1,461,,317369,350000,,,,,6.61e-06,0.501375,0.202145
a-n64-s1,462,,317369,350000,,,,,6.59e-06,0.500587,0.202161
a-n64-s1,463,,317500,350000,,,,,6.55e-06,0.519739,0.212629
a-n64-s1,464,,317610,350000,,,,,6.52e-06,0.508700,0.202113
a-n64-s1,465,,316079,350000,,,,,6.5e-06,0.504063,0.201903
a-n64-s1,466,,316054,350000,,,,,6.43e-06,0.501798,0.202452
a-n64-s1,467,,316164,350000,,,,,6.4e-06,0.503714,0.202290
a-n64-s1,468,,316178,350000,,,,,6.37e-06,0.505002,0.203226
a-n64-s1,469,,316130,350000,,,,,6.34e-06,0.502760,0.202387
a-n64-s1,470,315512.0,,350000,143986,171526,0,1,6.3e-06,0.503972,0.202129
a-n64-s1,471,,315955,350000,,,,,6.26e-06,0.500828,0.202226
a-n64-s1,472,,316003,350000,,,,,6.23e-06,0.501340,0.202339
a-n64-s1,473,,316047,350000,,,,,6.2e-06,0.505167,0.203339
a-n64-s1,474,,316047,350000,,,,,6.17e-06,0.505333,0.204403
a-n64-s1,475,,316047,350000,,,,,6.14e-06,0.504017,0.204758
a-n64-s1,476,,316018,350000,,,,,6.11e-06,0.504142,0.202161
a-n64-s1,477,,316042,350000,,,,,6.08e-06,0.503000,0.202000
a-n64-s1,478,,315994,350000,,,,,6.05e-06,0.505661,0.206871
a-n64-s1,479,,316037,350000,,,,,6.02e-06,0.502108,0.203161
a-n64-s1,480,315526.0,,350000,144000,171526,0,1,5.99e-06,0.504945,0.205145
a-n64-s1,481,,316142,350000,,,,,5.95e-06,0.501287,0.203484
a-n64-s1,482,,316118,350000,,,,,5.93e-06,0.503211,0.202323
a-n64-s1,483,,316142,350000,,,,,5.9e-06,0.501841,0.202823
a-n64-s1,484,,316118,350000,,,,,5.87e-06,0.505415,0.202823
a-n64-s1,485,,315998,350000,,,,,5.84e-06,0.502032,0.202581
a-n64-s1,486,,316147,350000,,,,,5.81e-06,0.505348,0.202258
a-n64-s1,487,,316147,350000,,,,,5.78e-06,0.497799,0.202177
a-n64-s1,488,,316147,350000,,,,,5.75e-06,0.506561,0.203871
a-n64-s1,489,,316022,350000,,,,,5.72e-06,0.503099,0.203081
a-n64-s1,490,315579.0,,350000,144053,171526,0,1,5.69e-06,0.503087,0.202629
a-n64-s1,491,,316003,350000,,,,,5.65e-06,0.502039,0.201903
a-n64-s1,492,,316003,350000,,,,,5.63e-06,0.504132,0.202468
a-n64-s1,493,,316022,350000,,,,,5.6e-06,0.503865,0.205371
a-n64-s1,494,,316027,350000,,,,,5.57e-06,0.502542,0.203355
a-n64-s1,495,,316027,350000,,,,,5.54e-06,0.501389,0.202177
a-n64-s1,496,,316003,350000,,,,,5.52e-06,0.501647,0.202419
a-n64-s1,497,,316046,350000,,,,,5.49e-06,0.501168,0.201597
a-n64-s1,498,,316046,350000,,,,,5.46e-06,0.501750,0.202113
a-n64-s1,499,,316123,350000,,,,,5.43e-06,0.508929,0.201661
a-n64-s1,500,315700.0,,350000,144174,171526,0,1,5.41e-06,0.499199,0.201919
a-n64-s2,1,11602989.0,,350000,11431463,171526,0,0,1e-07,0.840483,0.565629
a-n64-s2,2,,12318394,350000,,,,,1e-07,0.863376,0.584984
a-n64-s2,3,,9673042,350000,,,,,1.27e-07,0.874684,0.619565
a-n64-s2,4,,9135383,350000,,,,,1.18e-07,0.885664,0.644177
a-n64-s2,5,,7423546,350000,,,,,1.31e-07,0.881388,0.633984
a-n64-s2,6,,6322793,350000,,,,,1.24e-07,0.882945,0.640774
a-n64-s2,7,,5415489,350000,,,,,1.22e-07,0.856643,0.584323
a-n64-s2,8,,4955547,350000,,,,,1.2e-07,0.880764,0.626065
a-n64-s2,9,,4286123,350000,,,,,1.25e-07,0.873888,0.611839
a-n64-s2,10,3701960.0,,350000,3530434,171526,0,0,1.23e-07,0.873316,0.607823
a-n64-s2,11,,3838632,350000,,,,,1.19e-07,0.875264,0.618371
a-n64-s2,12,,3548775,350000,,,,,1.39e-07,0.874933,0.611677
a-n64-s2,13,,2949883,350000,,,,,1.44e-07,0.867881,0.603694
a-n64-s2,14,,2677950,350000,,,,,1.34e-07,0.876702,0.630226
a-n64-s2,15,,2452122,350000,,,,,1.34e-07,0.876039,0.624355
a-n64-s2,16,,2267613,350000,,,,,1.36e-07,0.862765,0.589355
a-n64-s2,17,,2131404,350000,,,,,1.38e-07,0.872864,0.617323
a-n64-s2,18,,1857267,350000,,,,,1.42e-07,0.867147,0.614629
a-n64-s2,19,,1728918,350000,,,,,1.34e-07,0.863276,0.585645
a-n64-s2,20,1710413.0,,350000,1538887,171526,0,0,1.35e-07,0.869533,0.607968
a-n64-s2,21,,1584434,350000,,,,,1.45e-07,0.864863,0.570726
a-n64-s2,22,,1459040,350000,,,,,1.45e-07,0.859289,0.583387
a-n64-s2,23,,1243684,350000,,,,,1.43e-07,0.853323,0.579403
a-n64-s2,24,,1253731,350000,,,,,1.3e-07,0.851490,0.569355
a-n64-s2,25,,1190434,350000,,,,,1.4e-07,0.850775,0.571903
a-n64-s2,26,,1087910,350000,,,,,1.41e-07,0.859356,0.587887
a-n64-s2,27,,1028935,350000,,,,,1.36e-07,0.856075,0.586145
a-n64-s2,28,,908362,350000,,,,,1.36e-07,0.863230,0.590403
a-n64-s2,29,,854267,350000,,,,,1.26e-07,0.856116,0.590097
a-n64-s2,30,917146.0,,350000,745620,171526,0,0,1.24e-07,0.844169,0.545032
a-n64-s2,31,,876010,350000,,,,,1.4e-07,0.832418,0.514452
a-n64-s2,32,,864296,350000,,,,,1.4e-07,0.851563,0.582565
a-n64-s2,33,,804788,350000,,,,,1.44e-07,0.845691,0.576887
a-n64-s2,34,,812650,350000,,,,,1.4e-07,0.849039,0.565548
a-n64-s2,35,,796675,350000,,,,,1.47e-07,0.852128,0.576565
a-n64-s2,36,,770224,350000,,,,,1.5e-07,0.850621,0.583048
a-n64-s2,37,,749362,350000,,,,,1.51e-07,0.872491,0.622048
a-n64-s2,38,,730495,350000,,,,,1.53e-07,0.856182,0.584226
a-n64-s2,39,,724941,350000,,,,,1.55e-07,0.847601,0.574903
a-n64-s2,40,708758.0,,350000,537232,171526,0,0,1.59e-07,0.826441,0.516484
a-n64-s2,41,,710018,350000,,,,,1.61e-07,0.842950,0.553629
a-n64-s2,42,,748177,350000,,,,,1.67e-07,0.852432,0.568581
a-n64-s2,43,,703727,350000,,,,,1.83e-07,0.829484,0.489484
a-n64-s2,44,,706691,350000,,,,,1.78e-07,0.846779,0.558677
a-n64-s2,45,,687131,350000,,,,,1.86e-07,0.847403,0.574710
a-n64-s2,46,,690718,350000,,,,,1.87e-07,0.836474,0.548613
a-n64-s2,47,,692007,350000,,,,,1.94e-07,0.841452,0.560226
a-n64-s2,48,,682063,350000,,,,,2.01e-07,0.844115,0.565500
a-n64-s2,49,,668364,350000,,,,,2.05e-07,0.826764,0.548403
a-n64-s2,50,609352.0,,350000,437826,171526,0,0,2.07e-07,0.844919,0.577710
a-n64-s2,51,,655959,350000,,,,,1.94e-07,0.843808,0.551806
a-n64-s2,52,,643806,350000,,,,,2.16e-07,0.848380,0.536645
a-n64-s2,53,,641283,350000,,,,,2.19e-07,0.826419,0.535387
a-n64-s2,54,,636182,350000,,,,,2.24e-07,0.856907,0.584597
a-n64-s2,55,,640799,350000,,,,,2.29e-07,0.828750,0.544774
a-n64-s2,56,,639133,350000,,,,,2.38e-07,0.831767,0.535887
a-n64-s2,57,,637593,350000,,,,,2.45e-07,0.851972,0.586887
a-n64-s2,58,,643665,350000,,,,,2.52e-07,0.791381,0.492226
a-n64-s2,59,,637669,350000,,,,,2.62e-07,0.810386,0.524532
a-n64-s2,60,576609.0,,350000,405083,171526,0,0,2.67e-07,0.791304,0.465177
a-n64-s2,61,,616652,350000,,,,,2.48e-07,0.826678,0.549952
a-n64-s2,62,,642210,350000,,,,,2.73e-07,0.792030,0.507935
a-n64-s2,63,,620735,350000,,,,,2.93e-07,0.801480,0.458984
a-n64-s2,64,,622203,350000,,,,,2.91e-07,0.822752,0.473774
a-n64-s2,65,,615629,350000,,,,,3e-07,0.797899,0.482000
a-n64-s2,66,,617198,350000,,,,,3.06e-07,0.813203,0.498694
a-n64-s2,67,,605384,350000,,,,,3.15e-07,0.838578,0.558129
a-n64-s2,68,,602781,350000,,,,,3.18e-07,0.836353,0.542306
a-n64-s2,69,,601704,350000,,,,,3.25e-07,0.802503,0.503065
a-n64-s2,70,545752.0,,350000,374226,171526,0,0,3.34e-07,0.821046,0.511435
a-n64-s2,71,,592973,350000,,,,,3.09e-07,0.822120,0.511968
a-n64-s2,72,,600736,350000,,,,,3.45e-07,0.781494,0.468081
a-n64-s2,73,,592066,350000,,,,,3.59e-07,0.801782,0.459242
a-n64-s2,74,,573514,350000,,,,,3.63e-07,0.823596,0.535323
a-n64-s2,75,,568948,350000,,,,,3.61e-07,0.804346,0.508871
a-n64-s2,76,,583738,350000,,,,,3.67e-07,0.813035,0.511887
a-n64-s2,77,,586323,350000,,,,,3.86e-07,0.804844,0.514323
a-n64-s2,78,,579638,350000,,,,,3.98e-07,0.797963,0.491726
a-n64-s2,79,,575034,350000,,,,,4.03e-07,0.830596,0.525161
a-n64-s2,80,523964.0,,350000,352438,171526,0,0,4.1e-07,0.814139,0.518468
a-n64-s2,81,,569349,350000,,,,,3.81e-07,0.767597,0.392548
a-n64-s2,82,,578552,350000,,,,,4.25e-07,0.733640,0.362113
a-n64-s2,83,,575552,350000,,,,,4.43e-07,0.820872,0.522339
a-n64-s2,84,,578590,350000,,,,,4.51e-07,0.806533,0.480516
a-n64-s2,85,,560723,350000,,,,,4.65e-07,0.788792,0.475710
a-n64-s2,86,,573021,350000,,,,,4.62e-07,0.821335,0.529532
a-n64-s2,87,,562775,350000,,,,,4.84e-07,0.749068,0.340532
a-n64-s2,88,,558727,350000,,,,,4.86e-07,0.813432,0.505613
a-n64-s2,89,,574560,350000,,,,,4.94e-07,0.819948,0.517839
a-n64-s2,90,537037.0,,350000,365511,171526,0,0,5.21e-07,0.801083,0.492194
a-n64-s2,91,,577515,350000,,,,,4.97e-07,0.791602,0.464210
a-n64-s2,92,,580154,350000,,,,,5.49e-07,0.778832,0.428919
a-n64-s2,93,,568138,350000,,,,,5.65e-07,0.788487,0.486452
a-n64-s2,94,,556341,350000,,,,,5.67e-07,0.802518,0.461790
a-n64-s2,95,,541145,350000,,,,,5.68e-07,0.808543,0.511419
a-n64-s2,96,,551410,350000,,,,,5.65e-07,0.819869,0.530742
a-n64-s2,97,,539596,350000,,,,,5.89e-07,0.815925,0.507371
a-n64-s2,98,,552965,350000,,,,,5.89e-07,0.809332,0.508952
a-n64-s2,99,,536586,350000,,,,,6.17e-07,0.799245,0.469242
a-n64-s2,100,478790.0,,350000,307264,171526,0,0,6.12e-07,0.803317,0.459339
a-n64-s2,101,,538671,350000,,,,,5.55e-07,0.799899,0.429194
a-n64-s2,102,,534604,350000,,,,,6.38e-07,0.777918,0.477161
a-n64-s2,103,,537551,350000,,,,,6.46e-07,0.808866,0.530081
a-n64-s2,104,,539695,350000,,,,,6.64e-07,0.785477,0.471839
a-n64-s2,105,,548303,350000,,,,,6.81e-07,0.798750,0.488758
a-n64-s2,106,,538448,350000,,,,,7.08e-07,0.798403,0.478903
a-n64-s2,107,,536891,350000,,,,,7.1e-07,0.785084,0.448097
a-n64-s2,108,,509865,350000,,,,,7.24e-07,0.810950,0.525339
a-n64-s2,109,,509482,350000,,,,,7e-07,0.776118,0.412097
a-n64-s2,110,463888.0,,350000,292362,171526,0,0,7.13e-07,0.811419,0.535613
a-n64-s2,111,,513315,350000,,,,,6.58e-07,0.769235,0.460694
a-n64-s2,112,,527248,350000,,,,,7.43e-07,0.797591,0.473823
a-n64-s2,113,,534680,350000,,,,,7.79e-07,0.796730,0.478484
a-n64-s2,114,,528029,350000,,,,,8.06e-07,0.779600,0.454371
a-n64-s2,115,,520966,350000,,,,,8.13e-07,0.784446,0.482468
a-n64-s2,116,,523867,350000,,,,,8.18e-07,0.760438,0.429935
a-n64-s2,117,,517312,350000,,,,,8.4e-07,0.783587,0.463032
a-n64-s2,118,,520800,350000,,,,,8.45e-07,0.755571,0.445565
a-n64-s2,119,,516748,350000,,,,,8.68e-07,0.792554,0.505597
a-n64-s2,120,499600.0,,350000,328074,171526,0,0,8.78e-07,0.764922,0.429806
a-n64-s2,121,,517120,350000,,,,,8.64e-07,0.801112,0.471081
a-n64-s2,122,,516004,350000,,,,,9.12e-07,0.806197,0.514000
a-n64-s2,123,,503960,350000,,,,,9.28e-07,0.778911,0.476919
a-n64-s2,124,,495763,350000,,,,,9.23e-07,0.780777,0.463952
a-n64-s2,125,,498995,350000,,,,,9.24e-07,0.782820,0.475855
a-n64-s2,126,,492778,350000,,,,,9.47e-07,0.790271,0.457903
a-n64-s2,127,,497960,350000,,,,,9.51e-07,0.761774,0.408452
a-n64-s2,128,,477963,350000,,,,,9.78e-07,0.755237,0.462323
a-n64-s2,129,,486427,350000,,,,,9.54e-07,0.776538,0.458323
a-n64-s2,130,461254.0,,350000,289728,171526,0,0,9.87e-07,0.789329,0.487000
a-n64-s2,131,,479477,350000,,,,,9.49e-07,0.810387,0.529355
a-n64-s2,132,,488796,350000,,,,,1e-06,0.771912,0.484161
a-n64-s2,133,,488308,350000,,,,,1.04e-06,0.780853,0.447806
a-n64-s2,134,,488366,350000,,,,,1.05e-06,0.800372,0.507194
a-n64-s2,135,,484787,350000,,,,,1.07e-06,0.749291,0.427210
a-n64-s2,136,,491443,350000,,,,,1.08e-06,0.769087,0.412645
a-n64-s2,137,,482734,350000,,,,,1.12e-06,0.805374,0.478419
a-n64-s2,138,,486313,350000,,,,,1.11e-06,0.796614,0.519339
a-n64-s2,139,,486310,350000,,,,,1.14e-06,0.813152,0.525710
a-n64-s2,140,465377.0,,350000,293851,171526,0,0,1.16e-06,0.797261,0.478726
a-n64-s2,141,,488540,350000,,,,,1.13e-06,0.761534,0.424677
a-n64-s2,142,,486629,350000,,,,,1.2e-06,0.748778,0.419613
a-n64-s2,143,,491237,350000,,,,,1.22e-06,0.774063,0.439129
a-n64-s2,144,,484259,350000,,,,,1.25e-06,0.770210,0.441613
a-n64-s2,145,,478560,350000,,,,,1.25e-06,0.719908,0.402323
a-n64-s2,146,,470827,350000,,,,,1.26e-06,0.763254,0.418758
a-n64-s2,147,,471919,350000,,,,,1.25e-06,0.739319,0.439629
a-n64-s2,148,,474943,350000,,,,,1.28e-06,0.742040,0.421258
a-n64-s2,149,,477556,350000,,,,,1.3e-06,0.724518,0.447000
a-n64-s2,150,449500.0,,350000,277974,171526,0,0,1.33e-06,0.776549,0.485210
a-n64-s2,151,,458271,350000,,,,,1.27e-06,0.771502,0.415387
a-n64-s2,152,,461707,350000,,,,,1.31e-06,0.775688,0.461855
a-n64-s2,153,,473764,350000,,,,,1.34e-06,0.718472,0.318371
a-n64-s2,154,,471132,350000,,,,,1.4e-06,0.781764,0.464597
a-n64-s2,155,,466683,350000,,,,,1.41e-06,0.757402,0.440694
a-n64-s2,156,,466722,350000,,,,,1.42e-06,0.770062,0.472145
a-n64-s2,157,,466597,350000,,,,,1.44e-06,0.664173,0.338677
a-n64-s2,158,,458219,350000,,,,,1.46e-06,0.667917,0.326710
a-n64-s2,159,,458122,350000,,,,,1.45e-06,0.764921,0.462419
a-n64-s2,160,426474.0,,350000,254948,171526,0,0,1.47e-06,0.690257,0.348581
a-n64-s2,161,,446923,350000,,,,,1.38e-06,0.757190,0.412774
a-n64-s2,162,,453168,350000,,,,,1.47e-06,0.718680,0.371903
a-n64-s2,163,,449624,350000,,,,,1.51e-06,0.736617,0.434710
a-n64-s2,164,,458568,350000,,,,,1.51e-06,0.776573,0.463839
a-n64-s2,165,,443690,350000,,,,,1.56e-06,0.747534,0.408774
a-n64-s2,166,,443762,350000,,,,,1.53e-06,0.763642,0.441629
a-n64-s2,167,,451901,350000,,,,,1.55e-06,0.732302,0.396387
a-n64-s2,168,,446799,350000,,,,,1.6e-06,0.755817,0.451306
a-n64-s2,169,,452906,350000,,,,,1.6e-06,0.743473,0.429226
a-n64-s2,170,428171.0,,350000,256645,171526,0,0,1.64e-06,0.721237,0.409226
a-n64-s2,171,,447267,350000,,,,,1.57e-06,0.729111,0.425871
a-n64-s2,172,,446323,350000,,,,,1.66e-06,0.718813,0.398339
a-n64-s2,173,,443798,350000,,,,,1.68e-06,0.694685,0.341161
a-n64-s2,174,,443825,350000,,,,,1.69e-06,0.716792,0.373742
a-n64-s2,175,,432010,350000,,,,,1.71e-06,0.701696,0.370274
a-n64-s2,176,,431990,350000,,,,,1.68e-06,0.735472,0.434661
a-n64-s2,177,,431960,350000,,,,,1.7e-06,0.693739,0.352726
a-n64-s2,178,,431564,350000,,,,,1.71e-06,0.711776,0.385935
a-n64-s2,179,,432699,350000,,,,,1.73e-06,0.748275,0.417468
a-n64-s2,180,415407.0,,350000,243881,171526,0,0,1.75e-06,0.710487,0.359984
a-n64-s2,181,,424836,350000,,,,,1.7e-06,0.683736,0.358048
a-n64-s2,182,,433590,350000,,,,,1.75e-06,0.642618,0.251661
a-n64-s2,183,,425553,350000,,,,,1.81e-06,0.702310,0.384968
a-n64-s2,184,,427114,350000,,,,,1.79e-06,0.722340,0.394000
a-n64-s2,185,,428717,350000,,,,,1.82e-06,0.700181,0.369048
a-n64-s2,186,,431778,350000,,,,,1.84e-06,0.690154,0.365194
a-n64-s2,187,,430142,350000,,,,,1.88e-06,0.699690,0.335387
a-n64-s2,188,,431380,350000,,,,,1.89e-06,0.677231,0.342597
a-n64-s2,189,,441939,350000,,,,,1.91e-06,0.697483,0.358097
a-n64-s2,190,432944.0,,350000,261418,171526,0,0,1.98e-06,0.679278,0.363242
a-n64-s2,191,,439217,350000,,,,,1.96e-06,0.658273,0.281952
a-n64-s2,192,,455264,350000,,,,,2.01e-06,0.639361,0.305565
a-n64-s2,193,,445912,350000,,,,,2.12e-06,0.710809,0.378081
a-n64-s2,194,,448413,350000,,,,,2.1e-06,0.680398,0.285032
a-n64-s2,195,,458175,350000,,,,,2.14e-06,0.639403,0.311500
a-n64-s2,196,,441784,350000,,,,,2.21e-06,0.706365,0.376097
a-n64-s2,197,,442948,350000,,,,,2.16e-06,0.657451,0.290210
a-n64-s2,198,,444966,350000,,,,,2.19e-06,0.698121,0.365790
a-n64-s2,199,,448153,350000,,,,,2.23e-06,0.693749,0.353581
a-n64-s2,200,486433.0,,350000,314907,171526,0,0,2.27e-06,0.700416,0.359871
a-n64-s2,201,,437949,350000,,,,,2.5e-06,0.660537,0.268177
a-n64-s2,202,,459958,350000,,,,,2.28e-06,0.672731,0.335613
a-n64-s2,203,,447811,350000,,,,,2.43e-06,0.658855,0.275548
a-n64-s2,204,,447632,350000,,,,,2.39e-06,0.676679,0.328548
a-n64-s2,205,,449309,350000,,,,,2.42e-06,0.651590,0.334661
a-n64-s2,206,,453431,350000,,,,,2.46e-06,0.662161,0.320081
a-n64-s2,207,,443732,350000,,,,,2.52e-06,0.650693,0.307065
a-n64-s2,208,,440635,350000,,,,,2.49e-06,0.660242,0.331016
a-n64-s2,209,,439036,350000,,,,,2.5e-06,0.478211,0.249823
a-n64-s2,210,439050.0,,350000,267524,171526,0,0,2.52e-06,0.659896,0.328065
a-n64-s2,211,,434183,350000,,,,,2.55e-06,0.623396,0.293210
a-n64-s2,212,,430107,350000,,,,,2.55e-06,0.673631,0.340935
a-n64-s2,213,,424605,350000,,,,,2.55e-06,0.612643,0.333097
a-n64-s2,214,,427365,350000,,,,,2.54e-06,0.597729,0.281387
a-n64-s2,215,,429602,350000,,,,,2.59e-06,0.566240,0.241435
a-n64-s2,216,,435219,350000,,,,,2.63e-06,0.582847,0.274339
a-n64-s2,217,,433689,350000,,,,,2.69e-06,0.515556,0.205952
a-n64-s2,218,,434168,350000,,,,,2.71e-06,0.556629,0.232548
a-n64-s2,219,,432540,350000,,,,,2.74e-06,0.581852,0.255742
a-n64-s2,220,423081.0,,350000,251555,171526,0,0,2.76e-06,0.564768,0.256548
a-n64-s2,221,,425889,350000,,,,,2.73e-06,0.583865,0.271597
a-n64-s2,222,,422297,350000,,,,,2.77e-06,0.578158,0.272290
a-n64-s2,223,,419816,350000,,,,,2.77e-06,0.563489,0.236871
a-n64-s2,224,,425120,350000,,,,,2.78e-06,0.536424,0.240177
a-n64-s2,225,,423066,350000,,,,,2.84e-06,0.595392,0.273565
a-n64-s2,226,,415395,350000,,,,,2.86e-06,0.546567,0.254371
a-n64-s2,227,,412943,350000,,,,,2.83e-06,0.592043,0.280274
a-n64-s2,228,,411465,350000,,,,,2.84e-06,0.602212,0.285403
a-n64-s2,229,,411507,350000,,,,,2.85e-06,0.605517,0.281048
a-n64-s2,230,404793.0,,350000,233267,171526,0,0,2.87e-06,0.617931,0.309000
a-n64-s2,231,,406619,350000,,,,,2.85e-06,0.618172,0.303339
a-n64-s2,232,,405548,350000,,,,,2.88e-06,0.578339,0.286145
a-n64-s2,233,,406027,350000,,,,,2.9e-06,0.583784,0.267371
a-n64-s2,234,,407736,350000,,,,,2.92e-06,0.595484,0.288145
a-n64-s2,235,,418748,350000,,,,,2.95e-06,0.543682,0.244919
a-n64-s2,236,,416298,350000,,,,,3.06e-06,0.545563,0.246984
a-n64-s2,237,,416669,350000,,,,,3.07e-06,0.567592,0.237790
a-n64-s2,238,,422687,350000,,,,,3.1e-06,0.556633,0.253161
a-n64-s2,239,,424927,350000,,,,,3.17e-06,0.543158,0.235113
a-n64-s2,240,429987.0,,350000,258461,171526,0,0,3.22e-06,0.500012,0.201258
a-n64-s2,241,,426099,350000,,,,,3.29e-06,0.534434,0.222516
a-n64-s2,242,,416908,350000,,,,,3.3e-06,0.510360,0.218000
a-n64-s2,243,,414407,350000,,,,,3.25e-06,0.521844,0.226613
a-n64-s2,244,,423372,350000,,,,,3.26e-06,0.520881,0.210129
a-n64-s2,245,,427957,350000,,,,,3.36e-06,0.535548,0.259887
a-n64-s2,246,,428367,350000,,,,,3.44e-06,0.518634,0.255855
a-n64-s2,247,,424167,350000,,,,,3.47e-06,0.527259,0.233790
a-n64-s2,248,,420935,350000,,,,,3.47e-06,0.447043,0.239774
a-n64-s2,249,,419791,350000,,,,,3.48e-06,0.458652,0.235306
a-n64-s2,250,408589.0,,350000,237063,171526,0,0,3.5e-06,0.565873,0.242484
a-n64-s2,251,,408893,350000,,,,,3.43e-06,0.552607,0.237419
a-n64-s2,252,,411048,350000,,,,,3.46e-06,0.500000,0.202597
a-n64-s2,253,,408999,350000,,,,,3.51e-06,0.564423,0.245145
a-n64-s2,254,,401178,350000,,,,,3.52e-06,0.566084,0.245323
a-n64-s2,255,,412074,350000,,,,,3.48e-06,0.500000,0.202597
a-n64-s2,256,,409973,350000,,,,,3.6e-06,0.500000,0.201597
a-n64-s2,257,,408460,350000,,,,,3.61e-06,0.500000,0.202597
a-n64-s2,258,,405325,350000,,,,,3.62e-06,0.500000,0.202597
a-n64-s2,259,,399663,350000,,,,,3.62e-06,0.561729,0.240548
a-n64-s2,260,396328.0,,350000,224802,171526,0,0,3.6e-06,0.550239,0.238548
a-n64-s2,261,,396305,350000,,,,,3.59e-06,0.544110,0.234097
a-n64-s2,262,,401310,350000,,,,,3.61e-06,0.596008,0.329355
a-n64-s2,263,,399769,350000,,,,,3.68e-06,0.529330,0.315597
a-n64-s2,264,,398126,350000,,,,,3.69e-06,0.629127,0.326258
a-n64-s2,265,,398121,350000,,,,,3.7e-06,0.545376,0.289000
a-n64-s2,266,,400556,350000,,,,,3.72e-06,0.411358,0.162484
a-n64-s2,267,,398058,350000,,,,,3.77e-06,0.376645,0.202597
a-n64-s2,268,,392334,350000,,,,,3.77e-06,0.376877,0.162758
a-n64-s2,269,,388682,350000,,,,,3.74e-06,0.574956,0.324355
a-n64-s2,270,394173.0,,350000,222647,171526,0,0,3.72e-06,0.500000,0.201274
a-n64-s2,271,,394125,350000,,,,,3.8e-06,0.500000,0.201274
a-n64-s2,272,,390517,350000,,,,,3.82e-06,0.500000,0.201274
a-n64-s2,273,,394550,350000,,,,,3.81e-06,0.500000,0.202597
a-n64-s2,274,,394550,350000,,,,,3.87e-06,0.500000,0.202597
a-n64-s2,275,,391262,350000,,,,,3.89e-06,0.500000,0.202597
a-n64-s2,276,,388913,350000,,,,,3.88e-06,0.500000,0.202597
a-n64-s2,277,,386788,350000,,,,,3.88e-06,0.500000,0.202597
a-n64-s2,278,,385208,350000,,,,,3.88e-06,0.500316,0.202597
a-n64-s2,279,,360783,350000,,,,,3.88e-06,0.500288,0.202597
a-n64-s2,280,352938.0,,350000,181412,171526,0,0,3.64e-06,0.500000,0.202597
a-n64-s2,281,,352866,350000,,,,,3.56e-06,0.500000,0.201274
a-n64-s2,282,,352866,350000,,,,,3.56e-06,0.500000,0.202597
a-n64-s2,283,,352803,350000,,,,,3.56e-06,0.500000,0.202597
a-n64-s2,284,,350326,350000,,,,,3.56e-06,0.568478,0.235419
a-n64-s2,285,,382373,350000,,,,,3.54e-06,0.572429,0.234323
a-n64-s2,286,,386279,350000,,,,,3.88e-06,0.560363,0.279500
a-n64-s2,287,,389908,350000,,,,,3.94e-06,0.559074,0.241565
a-n64-s2,288,,372180,350000,,,,,4e-06,0.500008,0.202597
a-n64-s2,289,,365413,350000,,,,,3.83e-06,0.500000,0.202597
a-n64-s2,290,354307.0,,350000,182781,171526,0,0,3.77e-06,0.614938,0.290629
a-n64-s2,291,,365264,350000,,,,,3.65e-06,0.630477,0.306532
a-n64-s2,292,,361902,350000,,,,,3.78e-06,0.641216,0.304161
a-n64-s2,293,,357073,350000,,,,,3.75e-06,0.572119,0.245032
a-n64-s2,294,,361198,350000,,,,,3.7e-06,0.543518,0.262081
a-n64-s2,295,,359513,350000,,,,,3.75e-06,0.600383,0.244694
a-n64-s2,296,,357282,350000,,,,,3.74e-06,0.554923,0.274855
a-n64-s2,297,,356323,350000,,,,,3.72e-06,0.568633,0.253661
a-n64-s2,298,,354754,350000,,,,,3.71e-06,0.610860,0.245452
a-n64-s2,299,,352658,350000,,,,,3.7e-06,0.548314,0.280532
a-n64-s2,300,339168.0,,350000,167642,171526,1,0,3.68e-06,0.644662,0.320871
a-n64-s2,301,,350314,350000,,,,,3.53e-06,0.640278,0.291355
a-n64-s2,302,,351895,350000,,,,,3.65e-06,0.592973,0.238355
a-n64-s2,303,,352012,350000,,,,,3.66e-06,0.592551,0.218581
a-n64-s2,304,,353630,350000,,,,,3.67e-06,0.638311,0.293548
a-n64-s2,305,,355243,350000,,,,,3.69e-06,0.632047,0.305468
a-n64-s2,306,,355720,350000,,,,,3.7e-06,0.630722,0.305919
a-n64-s2,307,,353683,350000,,,,,3.71e-06,0.640484,0.294419
a-n64-s2,308,,360247,350000,,,,,3.69e-06,0.611224,0.295306
a-n64-s2,309,,361687,350000,,,,,3.77e-06,0.615365,0.291371
a-n64-s2,310,347369.0,,350000,175843,171526,1,0,3.79e-06,0.631453,0.275645
a-n64-s2,311,,356823,350000,,,,,3.64e-06,0.585867,0.269129
a-n64-s2,312,,357412,350000,,,,,3.74e-06,0.619526,0.292887
a-n64-s2,313,,344936,350000,,,,,3.75e-06,0.586439,0.270823
a-n64-s2,314,,355244,350000,,,,,3.62e-06,0.565914,0.256355
a-n64-s2,315,,356944,350000,,,,,3.73e-06,0.575313,0.246226
a-n64-s2,316,,359006,350000,,,,,3.75e-06,0.500000,0.202597
a-n64-s2,317,,352731,350000,,,,,3.78e-06,0.500000,0.202597
a-n64-s2,318,,347997,350000,,,,,3.71e-06,0.500000,0.202597
a-n64-s2,319,,345944,350000,,,,,3.66e-06,0.500000,0.202597
a-n64-s2,320,345836.0,,350000,174310,171526,0,1,3.64e-06,0.500000,0.202597
a-n64-s2,321,,343960,350000,,,,,3.63e-06,0.541689,0.265016
a-n64-s2,322,,346013,350000,,,,,3.61e-06,0.500490,0.202597
a-n64-s2,323,,347522,350000,,,,,3.63e-06,0.571270,0.201274
a-n64-s2,324,,345397,350000,,,,,3.64e-06,0.573974,0.201597
a-n64-s2,325,,306008,350000,,,,,3.62e-06,0.456725,0.182855
a-n64-s2,326,,335534,350000,,,,,3.19e-06,0.453232,0.202952
a-n64-s2,327,,340128,350000,,,,,3.49e-06,0.457154,0.201274
a-n64-s2,328,,340050,350000,,,,,3.53e-06,0.482536,0.201274
a-n64-s2,329,,337978,350000,,,,,3.52e-06,0.466920,0.201274
a-n64-s2,330,278519.0,,350000,106993,171526,1,0,3.49e-06,0.577958,0.258468
a-n64-s2,331,,280689,350000,,,,,2.85e-06,0.578892,0.263484
a-n64-s2,332,,278646,350000,,,,,2.84e-06,0.578892,0.263484
a-n64-s2,333,,276543,350000,,,,,2.79e-06,0.578257,0.263484
a-n64-s2,334,,276567,350000,,,,,2.73e-06,0.557666,0.234484
a-n64-s2,335,,278113,350000,,,,,2.7e-06,0.556985,0.234484
a-n64-s2,336,,307261,350000,,,,,2.68e-06,0.574558,0.256452
a-n64-s2,337,,304269,350000,,,,,2.95e-06,0.540565,0.207839
a-n64-s2,338,,302699,350000,,,,,2.9e-06,0.571511,0.234484
a-n64-s2,339,,287260,350000,,,,,2.86e-06,0.519357,0.209468
a-n64-s2,340,284688.0,,350000,113162,171526,1,0,2.69e-06,0.508343,0.212452
a-n64-s2,341,,310089,350000,,,,,2.64e-06,0.495389,0.207032
a-n64-s2,342,,310065,350000,,,,,2.86e-06,0.502296,0.211290
a-n64-s2,343,,310060,350000,,,,,2.84e-06,0.499405,0.201274
a-n64-s2,344,,306822,350000,,,,,2.82e-06,0.493314,0.201274
a-n64-s2,345,,306822,350000,,,,,2.77e-06,0.493314,0.207774
a-n64-s2,346,,306817,350000,,,,,2.75e-06,0.493314,0.207774
a-n64-s2,347,,306817,350000,,,,,2.74e-06,0.493314,0.207774
a-n64-s2,348,,306817,350000,,,,,2.72e-06,0.493314,0.201274
a-n64-s2,349,,306729,350000,,,,,2.7e-06,0.493742,0.201274
a-n64-s2,350,306516.0,,350000,134990,171526,0,1,2.68e-06,0.500000,0.202597
a-n64-s2,351,,306551,350000,,,,,2.66e-06,0.500000,0.202597
a-n64-s2,352,,302490,350000,,,,,2.65e-06,0.495298,0.181806
a-n64-s2,353,,311399,350000,,,,,2.59e-06,0.505067,0.210484
a-n64-s2,354,,318338,350000,,,,,2.65e-06,0.537413,0.201565
a-n64-s2,355,,316290,350000,,,,,2.7e-06,0.518248,0.201597
a-n64-s2,356,,314242,350000,,,,,2.67e-06,0.518248,0.201597
a-n64-s2,357,,312124,350000,,,,,2.64e-06,0.477478,0.186548
a-n64-s2,358,,312023,350000,,,,,2.6e-06,0.451923,0.202887
a-n64-s2,359,,308495,350000,,,,,2.59e-06,0.433485,0.202887
a-n64-s2,360,286379.0,,350000,114853,171526,1,0,2.54e-06,0.544546,0.275839
a-n64-s2,361,,306763,350000,,,,,2.34e-06,0.518530,0.191645
a-n64-s2,362,,306758,350000,,,,,2.49e-06,0.515689,0.191645
a-n64-s2,363,,306853,350000,,,,,2.47e-06,0.507222,0.200339
a-n64-s2,364,,306949,350000,,,,,2.45e-06,0.518178,0.191548
a-n64-s2,365,,306949,350000,,,,,2.44e-06,0.518178,0.191548
a-n64-s2,366,,306954,350000,,,,,2.42e-06,0.479407,0.208516
a-n64-s2,367,,310202,350000,,,,,2.41e-06,0.524095,0.201274
a-n64-s2,368,,308144,350000,,,,,2.42e-06,0.514518,0.201274
a-n64-s2,369,,305580,350000,,,,,2.39e-06,0.507097,0.208129
a-n64-s2,370,286350.0,,350000,114824,171526,0,1,2.35e-06,0.507113,0.208113
a-n64-s2,371,,304907,350000,,,,,2.18e-06,0.460528,0.191629
a-n64-s2,372,,305907,350000,,,,,2.31e-06,0.458670,0.191823
a-n64-s2,373,,315630,350000,,,,,2.3e-06,0.520665,0.202887
a-n64-s2,374,,313356,350000,,,,,2.36e-06,0.509167,0.190355
a-n64-s2,375,,311308,350000,,,,,2.33e-06,0.504900,0.246129
a-n64-s2,376,,307924,350000,,,,,2.3e-06,0.491544,0.201274
a-n64-s2,377,,306364,350000,,,,,2.26e-06,0.478230,0.201274
a-n64-s2,378,,310274,350000,,,,,2.23e-06,0.536147,0.234000
a-n64-s2,379,,308829,350000,,,,,2.25e-06,0.525157,0.233419
a-n64-s2,380,304404.0,,350000,132878,171526,0,1,2.23e-06,0.500000,0.202597
a-n64-s2,381,,308298,350000,,,,,2.18e-06,0.500000,0.202597
a-n64-s2,382,,308313,350000,,,,,2.19e-06,0.500000,0.202597
a-n64-s2,383,,311791,350000,,,,,2.18e-06,0.500000,0.202597
a-n64-s2,384,,309748,350000,,,,,2.19e-06,0.500000,0.202597
a-n64-s2,385,,309743,350000,,,,,2.16e-06,0.500000,0.202597
a-n64-s2,386,,310839,350000,,,,,2.15e-06,0.500000,0.202597
a-n64-s2,387,,306728,350000,,,,,2.14e-06,0.500000,0.202597
a-n64-s2,388,,308288,350000,,,,,2.1e-06,0.500000,0.202597
a-n64-s2,389,,307776,350000,,,,,2.1e-06,0.500736,0.203548
a-n64-s2,390,312066.0,,350000,140540,171526,0,1,2.08e-06,0.500000,0.202597
a-n64-s2,391,,306501,350000,,,,,2.1e-06,0.500000,0.202597
a-n64-s2,392,,313919,350000,,,,,2.05e-06,0.500000,0.202597
a-n64-s2,393,,312469,350000,,,,,2.09e-06,0.500000,0.202597
a-n64-s2,394,,306335,350000,,,,,2.06e-06,0.521099,0.228419
a-n64-s2,395,,310407,350000,,,,,2.01e-06,0.500000,0.202597
a-n64-s2,396,,310383,350000,,,,,2.03e-06,0.500000,0.202597
a-n64-s2,397,,298024,350000,,,,,2.01e-06,0.507690,0.207242
a-n64-s2,398,,297813,350000,,,,,1.92e-06,0.509067,0.207468
a-n64-s2,399,,295578,350000,,,,,1.9e-06,0.507544,0.205258
a-n64-s2,400,278431.0,,350000,106905,171526,0,1,1.87e-06,0.500331,0.202710
a-n64-s2,401,,280016,350000,,,,,1.74e-06,0.570142,0.269790
a-n64-s2,402,,278480,350000,,,,,1.73e-06,0.532345,0.239548
a-n64-s2,403,,280547,350000,,,,,1.7e-06,0.522652,0.217548
a-n64-s2,404,,282069,350000,,,,,1.7e-06,0.528578,0.219952
a-n64-s2,405,,283677,350000,,,,,1.69e-06,0.521371,0.217952
a-n64-s2,406,,283672,350000,,,,,1.68e-06,0.519930,0.216790
a-n64-s2,407,,285710,350000,,,,,1.66e-06,0.521447,0.216790
a-n64-s2,408,,285715,350000,,,,,1.66e-06,0.523030,0.217952
a-n64-s2,409,,284174,350000,,,,,1.64e-06,0.523344,0.235790
a-n64-s2,410,284164.0,,350000,112638,171526,1,0,1.61e-06,0.519914,0.216790
a-n64-s2,411,,285725,350000,,,,,1.6e-06,0.573341,0.255226
a-n64-s2,412,,285730,350000,,,,,1.59e-06,0.545812,0.259790
a-n64-s2,413,,285740,350000,,,,,1.57e-06,0.575888,0.259677
a-n64-s2,414,,280524,350000,,,,,1.56e-06,0.599485,0.272339
a-n64-s2,415,,284074,350000,,,,,1.51e-06,0.558460,0.260548
a-n64-s2,416,,280480,350000,,,,,1.52e-06,0.578180,0.259790
a-n64-s2,417,,282538,350000,,,,,1.48e-06,0.616673,0.287887
a-n64-s2,418,,280490,350000,,,,,1.48e-06,0.622527,0.308258
a-n64-s2,419,,280485,350000,,,,,1.45e-06,0.622493,0.307742
a-n64-s2,420,280475.0,,350000,108949,171526,1,0,1.43e-06,0.617644,0.313468
a-n64-s2,421,,280480,350000,,,,,1.42e-06,0.622493,0.308516
a-n64-s2,422,,280509,350000,,,,,1.4e-06,0.615539,0.300403
a-n64-s2,423,,280504,350000,,,,,1.39e-06,0.622597,0.304823
a-n64-s2,424,,280504,350000,,,,,1.37e-06,0.615539,0.300403
a-n64-s2,425,,282552,350000,,,,,1.36e-06,0.622493,0.308516
a-n64-s2,426,,282576,350000,,,,,1.35e-06,0.622493,0.308516
a-n64-s2,427,,284184,350000,,,,,1.34e-06,0.609725,0.293871
a-n64-s2,428,,334024,350000,,,,,1.33e-06,0.547745,0.251645
a-n64-s2,429,,334217,350000,,,,,1.56e-06,0.530407,0.232000
a-n64-s2,430,332527.0,,350000,161001,171526,1,0,1.56e-06,0.639103,0.312839
a-n64-s2,431,,332557,350000,,,,,1.55e-06,0.638456,0.315452
a-n64-s2,432,,332601,350000,,,,,1.54e-06,0.630955,0.297048
a-n64-s2,433,,332654,350000,,,,,1.54e-06,0.622078,0.284645
a-n64-s2,434,,334288,350000,,,,,1.54e-06,0.622827,0.285081
a-n64-s2,435,,334295,350000,,,,,1.54e-06,0.622450,0.284645
a-n64-s2,436,,334266,350000,,,,,1.54e-06,0.545702,0.267774
a-n64-s2,437,,334241,350000,,,,,1.53e-06,0.618256,0.285758
a-n64-s2,438,,334188,350000,,,,,1.53e-06,0.612140,0.278581
a-n64-s2,439,,340042,350000,,,,,1.52e-06,0.582558,0.241387
a-n64-s2,440,338217.0,,350000,166691,171526,1,0,1.55e-06,0.634196,0.287016
a-n64-s2,441,,336371,350000,,,,,1.54e-06,0.635696,0.286339
a-n64-s2,442,,336407,350000,,,,,1.53e-06,0.630984,0.285742
a-n64-s2,443,,333340,350000,,,,,1.52e-06,0.602113,0.241161
a-n64-s2,444,,333403,350000,,,,,1.51e-06,0.599560,0.288516
a-n64-s2,445,,334900,350000,,,,,1.5e-06,0.617632,0.241226
a-n64-s2,446,,334890,350000,,,,,1.51e-06,0.622421,0.240823
a-n64-s2,447,,334880,350000,,,,,1.5e-06,0.629836,0.284258
a-n64-s2,448,,336488,350000,,,,,1.5e-06,0.592510,0.240968
a-n64-s2,449,,336488,350000,,,,,1.5e-06,0.633810,0.284452
a-n64-s2,450,338248.0,,350000,166722,171526,1,0,1.5e-06,0.635030,0.284226
a-n64-s2,451,,338391,350000,,,,,1.51e-06,0.607551,0.269694
a-n64-s2,452,,338426,350000,,,,,1.5e-06,0.618229,0.284710
a-n64-s2,453,,340570,350000,,,,,1.5e-06,0.616117,0.281790
a-n64-s2,454,,340584,350000,,,,,1.51e-06,0.620348,0.282226
a-n64-s2,455,,338831,350000,,,,,1.51e-06,0.618398,0.282500
a-n64-s2,456,,336797,350000,,,,,1.5e-06,0.643944,0.283419
a-n64-s2,457,,336783,350000,,,,,1.49e-06,0.633474,0.285081
a-n64-s2,458,,336869,350000,,,,,1.48e-06,0.650653,0.303177
a-n64-s2,459,,336893,350000,,,,,1.48e-06,0.625590,0.284790
a-n64-s2,460,336657.0,,350000,165131,171526,1,0,1.48e-06,0.642020,0.299177
a-n64-s2,461,,336722,350000,,,,,1.47e-06,0.640384,0.317306
a-n64-s2,462,,336751,350000,,,,,1.47e-06,0.637352,0.297532
a-n64-s2,463,,336771,350000,,,,,1.47e-06,0.642197,0.317677
a-n64-s2,464,,336776,350000,,,,,1.47e-06,0.639587,0.317145
a-n64-s2,465,,336820,350000,,,,,1.46e-06,0.645390,0.298355
a-n64-s2,466,,336885,350000,,,,,1.46e-06,0.629922,0.298129
a-n64-s2,467,,336891,350000,,,,,1.46e-06,0.641884,0.317355
a-n64-s2,468,,336891,350000,,,,,1.45e-06,0.642766,0.298306
a-n64-s2,469,,336842,350000,,,,,1.45e-06,0.641941,0.312323
a-n64-s2,470,336561.0,,350000,165035,171526,1,0,1.45e-06,0.642966,0.297484
a-n64-s2,471,,336804,350000,,,,,1.44e-06,0.640520,0.317323
a-n64-s2,472,,336920,350000,,,,,1.44e-06,0.596397,0.252565
a-n64-s2,473,,336960,350000,,,,,1.44e-06,0.642829,0.312048
a-n64-s2,474,,336986,350000,,,,,1.44e-06,0.639948,0.298000
a-n64-s2,475,,336971,350000,,,,,1.44e-06,0.640510,0.297629
a-n64-s2,476,,336941,350000,,,,,1.43e-06,0.640135,0.297145
a-n64-s2,477,,336926,350000,,,,,1.43e-06,0.638968,0.297274
a-n64-s2,478,,336921,350000,,,,,1.43e-06,0.637277,0.296903
a-n64-s2,479,,336955,350000,,,,,1.42e-06,0.587521,0.267323
a-n64-s2,480,336831.0,,350000,165305,171526,1,0,1.42e-06,0.643084,0.295935
a-n64-s2,481,,336895,350000,,,,,1.42e-06,0.642081,0.312097
a-n64-s2,482,,336970,350000,,,,,1.42e-06,0.637050,0.311581
a-n64-s2,483,,336975,350000,,,,,1.41e-06,0.639702,0.297177
a-n64-s2,484,,336975,350000,,,,,1.41e-06,0.641732,0.312194
a-n64-s2,485,,336936,350000,,,,,1.41e-06,0.567275,0.272323
a-n64-s2,486,,336936,350000,,,,,1.41e-06,0.644323,0.297597
a-n64-s2,487,,336936,350000,,,,,1.4e-06,0.642857,0.297903
a-n64-s2,488,,336931,350000,,,,,1.4e-06,0.642011,0.297113
a-n64-s2,489,,336931,350000,,,,,1.4e-06,0.643531,0.311984
a-n64-s2,490,336796.0,,350000,165270,171526,1,0,1.39e-06,0.606731,0.314113
a-n64-s2,491,,336886,350000,,,,,1.39e-06,0.570906,0.255355
a-n64-s2,492,,336906,350000,,,,,1.39e-06,0.642951,0.297306
a-n64-s2,493,,336901,350000,,,,,1.39e-06,0.640284,0.298210
a-n64-s2,494,,336916,350000,,,,,1.38e-06,0.640873,0.317355
a-n64-s2,495,,336926,350000,,,,,1.38e-06,0.597102,0.313952
a-n64-s2,496,,336921,350000,,,,,1.38e-06,0.640761,0.312000
a-n64-s2,497,,336941,350000,,,,,1.38e-06,0.639084,0.311887
a-n64-s2,498,,336966,350000,,,,,1.37e-06,0.595806,0.253452
a-n64-s2,499,,336956,350000,,,,,1.37e-06,0.643025,0.297919
a-n64-s2,500,336841.0,,350000,165315,171526,1,0,1.37e-06,0.645057,0.312129
d-n64-s1,1,11948350.0,,350000,11776824,171526,0,0,1e-07,0.827890,0.538419
d-n64-s1,2,,12642623,350000,,,,,1e-07,0.868431,0.582129
d-n64-s1,3,,10149079,350000,,,,,1.27e-07,0.859198,0.572258
d-n64-s1,4,,9467182,350000,,,,,1.2e-07,0.883130,0.640194
d-n64-s1,5,,7948725,350000,,,,,1.32e-07,0.885170,0.641984
d-n64-s1,6,,6312881,350000,,,,,1.3e-07,0.877768,0.625339
d-n64-s1,7,,5899748,350000,,,,,1.19e-07,0.878214,0.612903
d-n64-s1,8,,4890224,350000,,,,,1.28e-07,0.881710,0.632726
d-n64-s1,9,,4512744,350000,,,,,1.21e-07,0.738235,0.499742
d-n64-s1,10,3324374.0,,350000,3152848,171526,0,0,1.27e-07,0.882549,0.627081
d-n64-s1,11,,3474426,350000,,,,,1.05e-07,0.876845,0.604516
d-n64-s1,12,,3201230,350000,,,,,1.23e-07,0.878501,0.618806
d-n64-s1,13,,2972316,350000,,,,,1.27e-07,0.883013,0.633516
d-n64-s1,14,,2584520,350000,,,,,1.31e-07,0.888442,0.641161
d-n64-s1,15,,2438069,350000,,,,,1.26e-07,0.868964,0.601048
d-n64-s1,16,,2318351,350000,,,,,1.31e-07,0.878808,0.625532
d-n64-s1,17,,2377482,350000,,,,,1.36e-07,0.875783,0.617452
d-n64-s1,18,,2239231,350000,,,,,1.54e-07,0.881268,0.623565
d-n64-s1,19,,2089111,350000,,,,,1.59e-07,0.875083,0.617032
d-n64-s1,20,1878470.0,,350000,1706944,171526,0,0,1.62e-07,0.873366,0.616887
d-n64-s1,21,,1869346,350000,,,,,1.59e-07,0.869734,0.604968
d-n64-s1,22,,1610376,350000,,,,,1.72e-07,0.857416,0.571677
d-n64-s1,23,,1365092,350000,,,,,1.6e-07,0.874759,0.623468
d-n64-s1,24,,1262766,350000,,,,,1.45e-07,0.847819,0.560387
d-n64-s1,25,,1226029,350000,,,,,1.43e-07,0.867722,0.605419
d-n64-s1,26,,1183295,350000,,,,,1.48e-07,0.847102,0.563597
d-n64-s1,27,,1154483,350000,,,,,1.52e-07,0.856866,0.584048
d-n64-s1,28,,1073276,350000,,,,,1.57e-07,0.860788,0.596306
d-n64-s1,29,,1015525,350000,,,,,1.54e-07,0.871468,0.602968
d-n64-s1,30,1032965.0,,350000,861439,171526,0,0,1.54e-07,0.843809,0.570774
d-n64-s1,31,,1042460,350000,,,,,1.65e-07,0.859929,0.581048
d-n64-s1,32,,1021992,350000,,,,,1.76e-07,0.850413,0.557355
d-n64-s1,33,,905134,350000,,,,,1.82e-07,0.864679,0.603871
d-n64-s1,34,,888643,350000,,,,,1.69e-07,0.842588,0.533435
d-n64-s1,35,,852331,350000,,,,,1.74e-07,0.856714,0.576677
d-n64-s1,36,,829413,350000,,,,,1.75e-07,0.844825,0.538290
d-n64-s1,37,,804526,350000,,,,,1.78e-07,0.854355,0.574565
d-n64-s1,38,,775913,350000,,,,,1.8e-07,0.839335,0.528758
d-n64-s1,39,,769747,350000,,,,,1.8e-07,0.849392,0.572371
d-n64-s1,40,775156.0,,350000,603630,171526,0,0,1.86e-07,0.853842,0.580403
d-n64-s1,41,,764208,350000,,,,,1.95e-07,0.847724,0.583306
d-n64-s1,42,,737885,350000,,,,,2e-07,0.825693,0.524048
d-n64-s1,43,,726467,350000,,,,,2e-07,0.856667,0.582323
d-n64-s1,44,,710457,350000,,,,,2.04e-07,0.858612,0.576935
d-n64-s1,45,,720487,350000,,,,,2.07e-07,0.838112,0.541226
d-n64-s1,46,,691773,350000,,,,,2.18e-07,0.832338,0.523032
d-n64-s1,47,,665233,350000,,,,,2.16e-07,0.811130,0.528306
d-n64-s1,48,,656684,350000,,,,,2.15e-07,0.833457,0.541226
d-n64-s1,49,,659700,350000,,,,,2.19e-07,0.834802,0.553161
d-n64-s1,50,618383.0,,350000,446857,171526,0,0,2.27e-07,0.829204,0.526419
d-n64-s1,51,,655029,350000,,,,,2.19e-07,0.829339,0.519323
d-n64-s1,52,,641895,350000,,,,,2.39e-07,0.830980,0.527500
d-n64-s1,53,,645628,350000,,,,,2.42e-07,0.842354,0.525968
d-n64-s1,54,,646526,350000,,,,,2.51e-07,0.843414,0.556468
d-n64-s1,55,,639957,350000,,,,,2.59e-07,0.804273,0.509790
d-n64-s1,56,,650188,350000,,,,,2.64e-07,0.825571,0.514855
d-n64-s1,57,,631094,350000,,,,,2.77e-07,0.824216,0.482919
d-n64-s1,58,,632078,350000,,,,,2.76e-07,0.785332,0.468758
d-n64-s1,59,,633726,350000,,,,,2.85e-07,0.832376,0.548935
d-n64-s1,60,579184.0,,350000,407658,171526,0,0,2.95e-07,0.789249,0.505661
d-n64-s1,61,,609564,350000,,,,,2.76e-07,0.835174,0.565952
d-n64-s1,62,,623963,350000,,,,,2.99e-07,0.825294,0.548177
d-n64-s1,63,,628137,350000,,,,,3.15e-07,0.822239,0.512097
d-n64-s1,64,,622472,350000,,,,,3.26e-07,0.801508,0.488258
d-n64-s1,65,,608580,350000,,,,,3.33e-07,0.846502,0.574048
d-n64-s1,66,,603461,350000,,,,,3.34e-07,0.814202,0.489355
d-n64-s1,67,,607547,350000,,,,,3.41e-07,0.830979,0.542581
d-n64-s1,68,,609585,350000,,,,,3.53e-07,0.830935,0.522565
d-n64-s1,69,,599224,350000,,,,,3.64e-07,0.825355,0.532500
d-n64-s1,70,552095.0,,350000,380569,171526,0,0,3.67e-07,0.818798,0.521839
d-n64-s1,71,,595619,350000,,,,,3.46e-07,0.840555,0.540097
d-n64-s1,72,,595692,350000,,,,,3.84e-07,0.807435,0.519177
d-n64-s1,73,,586405,350000,,,,,3.94e-07,0.825911,0.522081
d-n64-s1,74,,592559,350000,,,,,3.98e-07,0.828854,0.522597
d-n64-s1,75,,585893,350000,,,,,4.13e-07,0.827822,0.533968
d-n64-s1,76,,587955,350000,,,,,4.19e-07,0.826172,0.508242
d-n64-s1,77,,578657,350000,,,,,4.32e-07,0.805979,0.500645
d-n64-s1,78,,587950,350000,,,,,4.36e-07,0.825084,0.512855
d-n64-s1,79,,581168,350000,,,,,4.54e-07,0.809652,0.519355
d-n64-s1,80,528490.0,,350000,356964,171526,0,0,4.6e-07,0.829002,0.544435
d-n64-s1,81,,562213,350000,,,,,4.27e-07,0.847100,0.580065
d-n64-s1,82,,561698,350000,,,,,4.66e-07,0.798213,0.475468
d-n64-s1,83,,564881,350000,,,,,4.76e-07,0.823854,0.531468
d-n64-s1,84,,563445,350000,,,,,4.91e-07,0.828240,0.523032
d-n64-s1,85,,562855,350000,,,,,5.01e-07,0.826417,0.533177
d-n64-s1,86,,553615,350000,,,,,5.13e-07,0.816266,0.503048
d-n64-s1,87,,550954,350000,,,,,5.16e-07,0.821432,0.505323
d-n64-s1,88,,548893,350000,,,,,5.25e-07,0.824415,0.525984
d-n64-s1,89,,542213,350000,,,,,5.35e-07,0.821323,0.502500
d-n64-s1,90,481119.0,,350000,309593,171526,0,0,5.4e-07,0.809842,0.494323
d-n64-s1,91,,534430,350000,,,,,4.87e-07,0.785818,0.462952
d-n64-s1,92,,531943,350000,,,,,5.53e-07,0.827086,0.539726
d-n64-s1,93,,524857,350000,,,,,5.62e-07,0.818091,0.534742
d-n64-s1,94,,522794,350000,,,,,5.66e-07,0.827217,0.540790
d-n64-s1,95,,518650,350000,,,,,5.75e-07,0.812275,0.509823
d-n64-s1,96,,514047,350000,,,,,5.82e-07,0.824179,0.516468
d-n64-s1,97,,506865,350000,,,,,5.88e-07,0.827728,0.526532
d-n64-s1,98,,531460,350000,,,,,5.9e-07,0.787700,0.464694
d-n64-s1,99,,509444,350000,,,,,6.32e-07,0.807998,0.483532
d-n64-s1,100,461179.0,,350000,289653,171526,0,0,6.17e-07,0.815553,0.532613
d-n64-s1,101,,490489,350000,,,,,5.67e-07,0.815594,0.502258
d-n64-s1,102,,500252,350000,,,,,6.13e-07,0.805858,0.518758
d-n64-s1,103,,506875,350000,,,,,6.36e-07,0.823946,0.538806
d-n64-s1,104,,501755,350000,,,,,6.57e-07,0.833257,0.524435
d-n64-s1,105,,500175,350000,,,,,6.62e-07,0.770876,0.452887
d-n64-s1,106,,504237,350000,,,,,6.72e-07,0.804245,0.500097
d-n64-s1,107,,493031,350000,,,,,6.9e-07,0.791753,0.437968
d-n64-s1,108,,489422,350000,,,,,6.86e-07,0.815651,0.510694
d-n64-s1,109,,495596,350000,,,,,6.92e-07,0.810024,0.479629
d-n64-s1,110,454337.0,,350000,282811,171526,0,0,7.13e-07,0.785514,0.469048
d-n64-s1,111,,481055,350000,,,,,6.63e-07,0.840543,0.554774
d-n64-s1,112,,483693,350000,,,,,7.13e-07,0.796757,0.457097
d-n64-s1,113,,496034,350000,,,,,7.28e-07,0.816516,0.509548
d-n64-s1,114,,492483,350000,,,,,7.6e-07,0.770810,0.459210
d-n64-s1,115,,501748,350000,,,,,7.68e-07,0.826899,0.530887
d-n64-s1,116,,554919,350000,,,,,7.96e-07,0.818877,0.523403
d-n64-s1,117,,531874,350000,,,,,9.01e-07,0.797816,0.373500
d-n64-s1,118,,591740,350000,,,,,8.82e-07,0.799743,0.385548
d-n64-s1,119,,602989,350000,,,,,1.01e-06,0.806852,0.492177
d-n64-s1,120,555690.0,,350000,384164,171526,0,0,1.06e-06,0.826129,0.544210
d-n64-s1,121,,595322,350000,,,,,9.95e-07,0.824998,0.532177
d-n64-s1,122,,558967,350000,,,,,1.09e-06,0.826614,0.525145
d-n64-s1,123,,509935,350000,,,,,1.05e-06,0.810209,0.525468
d-n64-s1,124,,506303,350000,,,,,9.78e-07,0.836835,0.532323
d-n64-s1,125,,511955,350000,,,,,9.89e-07,0.809471,0.470016
d-n64-s1,126,,488934,350000,,,,,1.02e-06,0.816350,0.494242
d-n64-s1,127,,487881,350000,,,,,9.9e-07,0.811040,0.495000
d-n64-s1,128,,498207,350000,,,,,1e-06,0.819277,0.499097
d-n64-s1,129,,495570,350000,,,,,1.04e-06,0.799479,0.454790
d-n64-s1,130,450588.0,,350000,279062,171526,0,0,1.06e-06,0.827875,0.533145
d-n64-s1,131,,492565,350000,,,,,9.73e-07,0.822782,0.516242
d-n64-s1,132,,477583,350000,,,,,1.08e-06,0.787307,0.432000
d-n64-s1,133,,478723,350000,,,,,1.07e-06,0.822124,0.533726
d-n64-s1,134,,482177,350000,,,,,1.08e-06,0.808351,0.490468
d-n64-s1,135,,481795,350000,,,,,1.11e-06,0.767642,0.425774
d-n64-s1,136,,482741,350000,,,,,1.13e-06,0.820236,0.522403
d-n64-s1,137,,485813,350000,,,,,1.15e-06,0.780781,0.415097
d-n64-s1,138,,485205,350000,,,,,1.17e-06,0.819863,0.519226
d-n64-s1,139,,472520,350000,,,,,1.19e-06,0.794415,0.439710
d-n64-s1,140,445064.0,,350000,273538,171526,0,0,1.18e-06,0.818168,0.523339
d-n64-s1,141,,479982,350000,,,,,1.12e-06,0.801525,0.488565
d-n64-s1,142,,484180,350000,,,,,1.23e-06,0.796245,0.477597
d-n64-s1,143,,470777,350000,,,,,1.26e-06,0.805171,0.515581
d-n64-s1,144,,465285,350000,,,,,1.25e-06,0.787641,0.470419
d-n64-s1,145,,467841,350000,,,,,1.25e-06,0.795122,0.465419
d-n64-s1,146,,474952,350000,,,,,1.27e-06,0.797181,0.486516
d-n64-s1,147,,461663,350000,,,,,1.31e-06,0.792631,0.475887
d-n64-s1,148,,461132,350000,,,,,1.29e-06,0.788631,0.458081
d-n64-s1,149,,461103,350000,,,,,1.31e-06,0.791614,0.490032
d-n64-s1,150,427157.0,,350000,255631,171526,0,0,1.33e-06,0.797670,0.481935
d-n64-s1,151,,461006,350000,,,,,1.24e-06,0.820207,0.512097
d-n64-s1,152,,446255,350000,,,,,1.36e-06,0.806685,0.505145
d-n64-s1,153,,441604,350000,,,,,1.33e-06,0.801744,0.499968
d-n64-s1,154,,442622,350000,,,,,1.33e-06,0.793487,0.498806
d-n64-s1,155,,426648,350000,,,,,1.35e-06,0.772888,0.430274
d-n64-s1,156,,437425,350000,,,,,1.32e-06,0.791419,0.492484
d-n64-s1,157,,457910,350000,,,,,1.37e-06,0.804791,0.505903
d-n64-s1,158,,437029,350000,,,,,1.45e-06,0.789228,0.482129
d-n64-s1,159,,441618,350000,,,,,1.4e-06,0.819851,0.522032
d-n64-s1,160,421240.0,,350000,249714,171526,0,0,1.43e-06,0.813392,0.531742
d-n64-s1,161,,429731,350000,,,,,1.38e-06,0.809517,0.497823
d-n64-s1,162,,435962,350000,,,,,1.42e-06,0.768631,0.403048
d-n64-s1,163,,436340,350000,,,,,1.45e-06,0.809335,0.497855
d-n64-s1,164,,434931,350000,,,,,1.47e-06,0.802820,0.503065
d-n64-s1,165,,436592,350000,,,,,1.48e-06,0.805988,0.495677
d-n64-s1,166,,433037,350000,,,,,1.51e-06,0.814211,0.503048
d-n64-s1,167,,426806,350000,,,,,1.51e-06,0.787608,0.498290
d-n64-s1,168,,430418,350000,,,,,1.5e-06,0.801842,0.487532
d-n64-s1,169,,431823,350000,,,,,1.53e-06,0.781020,0.476806
d-n64-s1,170,404109.0,,350000,232583,171526,0,0,1.55e-06,0.800913,0.500097
d-n64-s1,171,,430886,350000,,,,,1.46e-06,0.800426,0.498935
d-n64-s1,172,,427370,350000,,,,,1.58e-06,0.797066,0.487145
d-n64-s1,173,,427814,350000,,,,,1.58e-06,0.798953,0.494290
d-n64-s1,174,,427254,350000,,,,,1.6e-06,0.787089,0.477194
d-n64-s1,175,,418589,350000,,,,,1.61e-06,0.795217,0.510177
d-n64-s1,176,,418160,350000,,,,,1.59e-06,0.787318,0.463742
d-n64-s1,177,,419778,350000,,,,,1.6e-06,0.807130,0.516387
d-n64-s1,178,,423530,350000,,,,,1.63e-06,0.789095,0.479468
d-n64-s1,179,,423096,350000,,,,,1.66e-06,0.783248,0.492968
d-n64-s1,180,410725.0,,350000,239199,171526,0,0,1.67e-06,0.792438,0.481565
d-n64-s1,181,,413414,350000,,,,,1.63e-06,0.770184,0.440774
d-n64-s1,182,,422162,350000,,,,,1.66e-06,0.807778,0.509677
d-n64-s1,183,,422075,350000,,,,,1.71e-06,0.802786,0.501177
d-n64-s1,184,,426538,350000,,,,,1.73e-06,0.799961,0.493855
d-n64-s1,185,,412846,350000,,,,,1.76e-06,0.774282,0.439113
d-n64-s1,186,,418976,350000,,,,,1.72e-06,0.804077,0.515597
d-n64-s1,187,,415923,350000,,,,,1.76e-06,0.756870,0.444532
d-n64-s1,188,,419014,350000,,,,,1.76e-06,0.762375,0.388000
d-n64-s1,189,,416612,350000,,,,,1.79e-06,0.749218,0.430871
d-n64-s1,190,400910.0,,350000,229384,171526,0,0,1.8e-06,0.709996,0.326871
d-n64-s1,191,,411359,350000,,,,,1.74e-06,0.722720,0.404516
d-n64-s1,192,,404655,350000,,,,,1.8e-06,0.505741,0.171790
d-n64-s1,193,,406703,350000,,,,,1.78e-06,0.552953,0.227694
d-n64-s1,194,,418541,350000,,,,,1.81e-06,0.480812,0.171726
d-n64-s1,195,,401650,350000,,,,,1.88e-06,0.542272,0.230919
d-n64-s1,196,,400698,350000,,,,,1.81e-06,0.503277,0.196065
d-n64-s1,197,,406712,350000,,,,,1.82e-06,0.458713,0.160903
d-n64-s1,198,,414162,350000,,,,,1.86e-06,0.490148,0.182484
d-n64-s1,199,,414258,350000,,,,,1.91e-06,0.498567,0.191258
d-n64-s1,200,403406.0,,350000,231880,171526,0,0,1.93e-06,0.763326,0.388161
d-n64-s1,201,,416850,350000,,,,,1.89e-06,0.528814,0.220645
d-n64-s1,202,,418961,350000,,,,,1.97e-06,0.468426,0.155419
d-n64-s1,203,,416265,350000,,,,,2e-06,0.510318,0.208065
d-n64-s1,204,,425428,350000,,,,,2e-06,0.484383,0.193000
d-n64-s1,205,,418391,350000,,,,,2.07e-06,0.470560,0.185806
d-n64-s1,206,,421952,350000,,,,,2.05e-06,0.519197,0.255323
d-n64-s1,207,,418677,350000,,,,,2.09e-06,0.494012,0.179629
d-n64-s1,208,,421628,350000,,,,,2.09e-06,0.518826,0.207500
d-n64-s1,209,,424649,350000,,,,,2.13e-06,0.512011,0.187403
d-n64-s1,210,411716.0,,350000,240190,171526,0,0,2.16e-06,0.784514,0.473984
d-n64-s1,211,,420668,350000,,,,,2.11e-06,0.762076,0.422855
d-n64-s1,212,,428344,350000,,,,,2.18e-06,0.761360,0.457435
d-n64-s1,213,,418486,350000,,,,,2.24e-06,0.777604,0.425548
d-n64-s1,214,,424026,350000,,,,,2.21e-06,0.800736,0.499419
d-n64-s1,215,,420489,350000,,,,,2.26e-06,0.787342,0.477290
d-n64-s1,216,,426048,350000,,,,,2.26e-06,0.747807,0.419210
d-n64-s1,217,,417191,350000,,,,,2.31e-06,0.724449,0.379645
d-n64-s1,218,,422205,350000,,,,,2.29e-06,0.766425,0.444355
d-n64-s1,219,,421881,350000,,,,,2.34e-06,0.769579,0.411629
d-n64-s1,220,410964.0,,350000,239438,171526,0,0,2.36e-06,0.732629,0.359516
d-n64-s1,221,,425482,350000,,,,,2.31e-06,0.763330,0.458629
d-n64-s1,222,,424556,350000,,,,,2.42e-06,0.781087,0.442694
d-n64-s1,223,,420448,350000,,,,,2.44e-06,0.759655,0.462161
d-n64-s1,224,,409795,350000,,,,,2.44e-06,0.741260,0.418016
d-n64-s1,225,,419288,350000,,,,,2.39e-06,0.743250,0.443613
d-n64-s1,226,,414072,350000,,,,,2.47e-06,0.675743,0.408387
d-n64-s1,227,,408556,350000,,,,,2.46e-06,0.755095,0.419161
d-n64-s1,228,,411503,350000,,,,,2.45e-06,0.753138,0.395097
d-n64-s1,229,,411961,350000,,,,,2.48e-06,0.741320,0.370710
d-n64-s1,230,394910.0,,350000,223384,171526,0,0,2.51e-06,0.768745,0.388968
d-n64-s1,231,,409910,350000,,,,,2.42e-06,0.753177,0.364903
d-n64-s1,232,,396728,350000,,,,,2.53e-06,0.723800,0.406935
d-n64-s1,233,,400679,350000,,,,,2.46e-06,0.767846,0.449548
d-n64-s1,234,,397133,350000,,,,,2.51e-06,0.764647,0.384403
d-n64-s1,235,,391257,350000,,,,,2.5e-06,0.758861,0.445403
d-n64-s1,236,,393917,350000,,,,,2.48e-06,0.748436,0.422935
d-n64-s1,237,,390768,350000,,,,,2.51e-06,0.763492,0.465048
d-n64-s1,238,,381657,350000,,,,,2.5e-06,0.772852,0.472839
d-n64-s1,239,,382039,350000,,,,,2.45e-06,0.769400,0.459774
d-n64-s1,240,375937.0,,350000,204411,171526,0,0,2.47e-06,0.754832,0.487903
d-n64-s1,241,,387725,350000,,,,,2.44e-06,0.746575,0.388000
d-n64-s1,242,,391349,350000,,,,,2.52e-06,0.762623,0.471306
d-n64-s1,243,,485189,350000,,,,,2.56e-06,0.759361,0.443565
d-n64-s1,244,,449703,350000,,,,,3.23e-06,0.771106,0.442419
d-n64-s1,245,,487031,350000,,,,,3.03e-06,0.751760,0.418177
d-n64-s1,246,,491208,350000,,,,,3.34e-06,0.767689,0.454790
d-n64-s1,247,,545988,350000,,,,,3.42e-06,0.738822,0.411145
d-n64-s1,248,,438275,350000,,,,,3.89e-06,0.655450,0.283839
d-n64-s1,249,,393169,350000,,,,,3.16e-06,0.693672,0.339097
d-n64-s1,250,394589.0,,350000,223063,171526,0,0,2.85e-06,0.708386,0.352629
d-n64-s1,251,,353405,350000,,,,,2.88e-06,0.713259,0.381887
d-n64-s1,252,,347546,350000,,,,,2.58e-06,0.720281,0.367032
d-n64-s1,253,,353773,350000,,,,,2.53e-06,0.743209,0.430677
d-n64-s1,254,,354309,350000,,,,,2.58e-06,0.701343,0.303935
d-n64-s1,255,,356242,350000,,,,,2.59e-06,0.739444,0.436710
d-n64-s1,256,,345106,350000,,,,,2.6e-06,0.728124,0.377871
d-n64-s1,257,,334967,350000,,,,,2.52e-06,0.740258,0.411548
d-n64-s1,258,,323099,350000,,,,,2.44e-06,0.724334,0.388661
d-n64-s1,259,,330879,350000,,,,,2.35e-06,0.717245,0.382419
d-n64-s1,260,323222.0,,350000,151696,171526,1,0,2.39e-06,0.730096,0.405371
d-n64-s1,261,,321969,350000,,,,,2.33e-06,0.718636,0.403435
d-n64-s1,262,,320352,350000,,,,,2.31e-06,0.670418,0.317161
d-n64-s1,263,,316913,350000,,,,,2.29e-06,0.717559,0.380823
d-n64-s1,264,,306554,350000,,,,,2.25e-06,0.650030,0.346226
d-n64-s1,265,,309042,350000,,,,,2.17e-06,0.708734,0.378113
d-n64-s1,266,,308138,350000,,,,,2.17e-06,0.713224,0.382177
d-n64-s1,267,,312794,350000,,,,,2.15e-06,0.698303,0.333565
d-n64-s1,268,,319470,350000,,,,,2.17e-06,0.690198,0.225242
d-n64-s1,269,,311747,350000,,,,,2.21e-06,0.655398,0.312000
d-n64-s1,270,303516.0,,350000,131990,171526,1,0,2.14e-06,0.734780,0.401129
d-n64-s1,271,,309667,350000,,,,,2.07e-06,0.726197,0.394177
d-n64-s1,272,,308132,350000,,,,,2.1e-06,0.729113,0.380903
d-n64-s1,273,,308248,350000,,,,,2.07e-06,0.726724,0.398452
d-n64-s1,274,,307233,350000,,,,,2.06e-06,0.712143,0.379613
d-n64-s1,275,,298098,350000,,,,,2.04e-06,0.653233,0.313984
d-n64-s1,276,,304726,350000,,,,,1.97e-06,0.719940,0.397016
d-n64-s1,277,,296463,350000,,,,,2e-06,0.714601,0.384806
d-n64-s1,278,,312272,350000,,,,,1.93e-06,0.711724,0.385532
d-n64-s1,279,,298482,350000,,,,,2.02e-06,0.684646,0.321823
d-n64-s1,280,293377.0,,350000,121851,171526,1,0,1.91e-06,0.680599,0.315661
d-n64-s1,281,,300532,350000,,,,,1.86e-06,0.708182,0.358081
d-n64-s1,282,,311798,350000,,,,,1.89e-06,0.686548,0.290468
d-n64-s1,283,,305625,350000,,,,,1.95e-06,0.719295,0.391484
d-n64-s1,284,,307464,350000,,,,,1.9e-06,0.711445,0.342339
d-n64-s1,285,,301804,350000,,,,,1.9e-06,0.696366,0.276629
d-n64-s1,286,,294013,350000,,,,,1.85e-06,0.702710,0.355097
d-n64-s1,287,,289907,350000,,,,,1.79e-06,0.719292,0.399500
d-n64-s1,288,,292525,350000,,,,,1.75e-06,0.723569,0.388435
d-n64-s1,289,,291013,350000,,,,,1.75e-06,0.727705,0.401726
d-n64-s1,290,286713.0,,350000,115187,171526,1,0,1.72e-06,0.720283,0.395306
d-n64-s1,291,,290134,350000,,,,,1.68e-06,0.697877,0.274726
d-n64-s1,292,,294868,350000,,,,,1.68e-06,0.719651,0.386613
d-n64-s1,293,,286873,350000,,,,,1.7e-06,0.690187,0.339000
d-n64-s1,294,,288047,350000,,,,,1.63e-06,0.727567,0.393548
d-n64-s1,295,,289554,350000,,,,,1.63e-06,0.720982,0.406694
d-n64-s1,296,,289840,350000,,,,,1.62e-06,0.725411,0.395484
d-n64-s1,297,,291338,350000,,,,,1.6e-06,0.727014,0.373371
d-n64-s1,298,,281595,350000,,,,,1.6e-06,0.679401,0.329000
d-n64-s1,299,,288130,350000,,,,,1.53e-06,0.727444,0.388000
d-n64-s1,300,282586.0,,350000,111060,171526,1,0,1.55e-06,0.732378,0.402468
d-n64-s1,301,,284567,350000,,,,,1.5e-06,0.707145,0.369484
d-n64-s1,302,,296489,350000,,,,,1.5e-06,0.720147,0.352629
d-n64-s1,303,,292346,350000,,,,,1.55e-06,0.684446,0.218371
d-n64-s1,304,,270908,350000,,,,,1.51e-06,0.630643,0.221742
d-n64-s1,305,,281351,350000,,,,,1.38e-06,0.698753,0.345581
d-n64-s1,306,,287520,350000,,,,,1.42e-06,0.701001,0.377903
d-n64-s1,307,,293640,350000,,,,,1.44e-06,0.721104,0.359145
d-n64-s1,308,,287186,350000,,,,,1.46e-06,0.684447,0.350371
d-n64-s1,309,,277367,350000,,,,,1.41e-06,0.686931,0.318726
d-n64-s1,310,277454.0,,350000,105928,171526,1,0,1.35e-06,0.709857,0.328097
d-n64-s1,311,,279946,350000,,,,,1.33e-06,0.667980,0.329548
d-n64-s1,312,,276459,350000,,,,,1.33e-06,0.699841,0.337129
d-n64-s1,313,,285191,350000,,,,,1.3e-06,0.651608,0.306194
d-n64-s1,314,,302251,350000,,,,,1.32e-06,0.710758,0.357242
d-n64-s1,315,,317103,350000,,,,,1.39e-06,0.677406,0.329016
d-n64-s1,316,,297619,350000,,,,,1.45e-06,0.702194,0.319032
d-n64-s1,317,,294133,350000,,,,,1.35e-06,0.696670,0.326048
d-n64-s1,318,,309512,350000,,,,,1.33e-06,0.704287,0.304016
d-n64-s1,319,,297813,350000,,,,,1.39e-06,0.688184,0.350097
d-n64-s1,320,295961.0,,350000,124435,171526,1,0,1.32e-06,0.694702,0.312161
d-n64-s1,321,,305967,350000,,,,,1.3e-06,0.687214,0.368629
d-n64-s1,322,,316806,350000,,,,,1.34e-06,0.713482,0.379774
d-n64-s1,323,,304865,350000,,,,,1.38e-06,0.680120,0.306177
d-n64-s1,324,,300822,350000,,,,,1.32e-06,0.680559,0.296984
d-n64-s1,325,,305072,350000,,,,,1.29e-06,0.669893,0.318597
d-n64-s1,326,,297460,350000,,,,,1.3e-06,0.681916,0.285758
d-n64-s1,327,,303135,350000,,,,,1.26e-06,0.694097,0.308113
d-n64-s1,328,,295450,350000,,,,,1.27e-06,0.697494,0.356790
d-n64-s1,329,,297436,350000,,,,,1.23e-06,0.649848,0.251048
d-n64-s1,330,295909.0,,350000,124383,171526,1,0,1.23e-06,0.693936,0.320048
d-n64-s1,331,,302598,350000,,,,,1.21e-06,0.649698,0.248177
d-n64-s1,332,,304159,350000,,,,,1.23e-06,0.689352,0.345952
d-n64-s1,333,,299552,350000,,,,,1.23e-06,0.695698,0.295710
d-n64-s1,334,,301797,350000,,,,,1.2e-06,0.690423,0.326548
d-n64-s1,335,,295629,350000,,,,,1.2e-06,0.668934,0.319387
d-n64-s1,336,,293480,350000,,,,,1.17e-06,0.663507,0.304952
d-n64-s1,337,,288717,350000,,,,,1.15e-06,0.684978,0.330710
d-n64-s1,338,,292498,350000,,,,,1.12e-06,0.682909,0.341952
d-n64-s1,339,,293407,350000,,,,,1.12e-06,0.696435,0.349081
d-n64-s1,340,278545.0,,350000,107019,171526,1,0,1.12e-06,0.667251,0.310984
d-n64-s1,341,,278948,350000,,,,,1.05e-06,0.662696,0.326758
d-n64-s1,342,,295875,350000,,,,,1.04e-06,0.692066,0.369048
d-n64-s1,343,,298513,350000,,,,,1.09e-06,0.693892,0.317742
d-n64-s1,344,,308430,350000,,,,,1.09e-06,0.693587,0.348048
d-n64-s1,345,,298721,350000,,,,,1.12e-06,0.675656,0.325790
d-n64-s1,346,,327953,350000,,,,,1.08e-06,0.669801,0.301387
d-n64-s1,347,,316510,350000,,,,,1.18e-06,0.668284,0.300371
d-n64-s1,348,,292635,350000,,,,,1.13e-06,0.623511,0.307242
d-n64-s1,349,,287037,350000,,,,,1.04e-06,0.579930,0.206306
d-n64-s1,350,285870.0,,350000,114344,171526,1,0,1.01e-06,0.630857,0.300435
d-n64-s1,351,,307777,350000,,,,,9.93e-07,0.687795,0.315194
d-n64-s1,352,,325248,350000,,,,,1.06e-06,0.690279,0.324387
d-n64-s1,353,,352480,350000,,,,,1.12e-06,0.692611,0.296435
d-n64-s1,354,,343762,350000,,,,,1.21e-06,0.705483,0.334323
d-n64-s1,355,,340250,350000,,,,,1.18e-06,0.688612,0.375984
d-n64-s1,356,,318721,350000,,,,,1.17e-06,0.707605,0.378565
d-n64-s1,357,,311064,350000,,,,,1.09e-06,0.704674,0.361516
d-n64-s1,358,,334168,350000,,,,,1.06e-06,0.717221,0.387597
d-n64-s1,359,,323687,350000,,,,,1.13e-06,0.710456,0.386210
d-n64-s1,360,279519.0,,350000,107993,171526,1,0,1.09e-06,0.709830,0.373952
d-n64-s1,361,,305553,350000,,,,,9.32e-07,0.713158,0.386500
d-n64-s1,362,,315848,350000,,,,,1.01e-06,0.694831,0.377371
d-n64-s1,363,,323093,350000,,,,,1.04e-06,0.707807,0.387903
d-n64-s1,364,,314882,350000,,,,,1.06e-06,0.619733,0.292532
d-n64-s1,365,,315781,350000,,,,,1.03e-06,0.703358,0.372597
d-n64-s1,366,,297446,350000,,,,,1.03e-06,0.703517,0.387065
d-n64-s1,367,,292258,350000,,,,,9.59e-07,0.706108,0.386887
d-n64-s1,368,,290274,350000,,,,,9.33e-07,0.696508,0.370484
d-n64-s1,369,,295843,350000,,,,,9.18e-07,0.687891,0.310000
d-n64-s1,370,283222.0,,350000,111696,171526,1,0,9.28e-07,0.690492,0.340419
d-n64-s1,371,,286412,350000,,,,,8.79e-07,0.697611,0.337887
d-n64-s1,372,,279859,350000,,,,,8.8e-07,0.665794,0.308161
d-n64-s1,373,,293684,350000,,,,,8.51e-07,0.673781,0.347919
d-n64-s1,374,,296679,350000,,,,,8.85e-07,0.684213,0.302742
d-n64-s1,375,,299517,350000,,,,,8.86e-07,0.647523,0.337194
d-n64-s1,376,,296623,350000,,,,,8.88e-07,0.649617,0.312403
d-n64-s1,377,,296807,350000,,,,,8.72e-07,0.645660,0.338081
d-n64-s1,378,,306400,350000,,,,,8.66e-07,0.665334,0.291919
d-n64-s1,379,,309190,350000,,,,,8.88e-07,0.629223,0.269758
d-n64-s1,380,299195.0,,350000,127669,171526,1,0,8.9e-07,0.647791,0.309290
d-n64-s1,381,,304612,350000,,,,,8.55e-07,0.644388,0.237274
d-n64-s1,382,,306250,350000,,,,,8.64e-07,0.671495,0.291887
d-n64-s1,383,,305177,350000,,,,,8.63e-07,0.660149,0.263887
d-n64-s1,384,,309248,350000,,,,,8.54e-07,0.634520,0.276629
d-n64-s1,385,,310351,350000,,,,,8.6e-07,0.678423,0.318387
d-n64-s1,386,,306217,350000,,,,,8.58e-07,0.671142,0.302177
d-n64-s1,387,,306324,350000,,,,,8.41e-07,0.678785,0.317403
d-n64-s1,388,,309454,350000,,,,,8.36e-07,0.669535,0.246806
d-n64-s1,389,,311546,350000,,,,,8.39e-07,0.661396,0.310113
d-n64-s1,390,302685.0,,350000,131159,171526,1,0,8.4e-07,0.672744,0.278081
d-n64-s1,391,,311566,350000,,,,,8.1e-07,0.672606,0.317113
d-n64-s1,392,,339737,350000,,,,,8.29e-07,0.677250,0.312435
d-n64-s1,393,,313624,350000,,,,,9.03e-07,0.633499,0.250694
d-n64-s1,394,,308016,350000,,,,,8.29e-07,0.645765,0.340274
d-n64-s1,395,,314201,350000,,,,,8.09e-07,0.661331,0.278339
d-n64-s1,396,,312877,350000,,,,,8.2e-07,0.672722,0.333355
d-n64-s1,397,,315938,350000,,,,,8.12e-07,0.668358,0.290145
d-n64-s1,398,,315610,350000,,,,,8.16e-07,0.643878,0.243887
d-n64-s1,399,,311997,350000,,,,,8.11e-07,0.668460,0.254629
d-n64-s1,400,305594.0,,350000,134068,171526,1,0,7.97e-07,0.677552,0.296161
d-n64-s1,401,,313517,350000,,,,,7.76e-07,0.672779,0.297645
d-n64-s1,402,,313523,350000,,,,,7.91e-07,0.647239,0.260871
d-n64-s1,403,,327010,350000,,,,,7.87e-07,0.670705,0.271419
d-n64-s1,404,,320858,350000,,,,,8.18e-07,0.671594,0.319694
d-n64-s1,405,,320490,350000,,,,,7.99e-07,0.670807,0.323790
d-n64-s1,406,,310886,350000,,,,,7.95e-07,0.671413,0.291548
d-n64-s1,407,,311929,350000,,,,,7.66e-07,0.669589,0.307339
d-n64-s1,408,,321052,350000,,,,,7.65e-07,0.612432,0.225871
d-n64-s1,409,,313305,350000,,,,,7.84e-07,0.684144,0.310565
d-n64-s1,410,308914.0,,350000,137388,171526,1,0,7.6e-07,0.678306,0.283081
d-n64-s1,411,,315398,350000,,,,,7.45e-07,0.662098,0.260645
d-n64-s1,412,,316544,350000,,,,,7.57e-07,0.664797,0.306871
d-n64-s1,413,,316522,350000,,,,,7.56e-07,0.663598,0.257210
d-n64-s1,414,,322849,350000,,,,,7.52e-07,0.663032,0.272097
d-n64-s1,415,,340803,350000,,,,,7.64e-07,0.681750,0.324532
d-n64-s1,416,,332831,350000,,,,,8.05e-07,0.665837,0.321839
d-n64-s1,417,,323203,350000,,,,,7.84e-07,0.643495,0.256113
d-n64-s1,418,,325245,350000,,,,,7.59e-07,0.636347,0.234968
d-n64-s1,419,,320105,350000,,,,,7.61e-07,0.646195,0.237532
d-n64-s1,420,311143.0,,350000,139617,171526,1,0,7.45e-07,0.665879,0.319355
d-n64-s1,421,,313432,350000,,,,,7.2e-07,0.651451,0.288661
d-n64-s1,422,,315075,350000,,,,,7.22e-07,0.670924,0.325226
d-n64-s1,423,,315375,350000,,,,,7.21e-07,0.663239,0.258806
d-n64-s1,424,,317496,350000,,,,,7.18e-07,0.652989,0.283403
d-n64-s1,425,,315439,350000,,,,,7.2e-07,0.663123,0.319081
d-n64-s1,426,,324766,350000,,,,,7.11e-07,0.667828,0.295452
d-n64-s1,427,,335578,350000,,,,,7.3e-07,0.665102,0.333048
d-n64-s1,428,,330734,350000,,,,,7.52e-07,0.634627,0.246242
d-n64-s1,429,,321204,350000,,,,,7.39e-07,0.678767,0.317113
d-n64-s1,430,304349.0,,350000,132823,171526,1,0,7.15e-07,0.674421,0.316355
d-n64-s1,431,,309662,350000,,,,,6.73e-07,0.669164,0.326790
d-n64-s1,432,,314286,350000,,,,,6.8e-07,0.642159,0.230677
d-n64-s1,433,,309964,350000,,,,,6.87e-07,0.673774,0.337790
d-n64-s1,434,,317611,350000,,,,,6.73e-07,0.663927,0.281484
d-n64-s1,435,,311979,350000,,,,,6.87e-07,0.635788,0.280871
d-n64-s1,436,,315196,350000,,,,,6.71e-07,0.666448,0.314532
d-n64-s1,437,,317006,350000,,,,,6.74e-07,0.644378,0.241161
d-n64-s1,438,,659051,350000,,,,,6.74e-07,0.662986,0.271048
d-n64-s1,439,,647921,350000,,,,,1.45e-06,0.664299,0.315726
d-n64-s1,440,616465.0,,350000,444939,171526,0,0,1.47e-06,0.666491,0.318887
d-n64-s1,441,,621701,350000,,,,,1.44e-06,0.665319,0.317355
d-n64-s1,442,,623887,350000,,,,,1.49e-06,0.660458,0.269323
d-n64-s1,443,,622723,350000,,,,,1.54e-06,0.666090,0.332500
d-n64-s1,444,,619612,350000,,,,,1.58e-06,0.659142,0.275387
d-n64-s1,445,,616375,350000,,,,,1.62e-06,0.660018,0.269468
d-n64-s1,446,,614250,350000,,,,,1.66e-06,0.662260,0.322935
d-n64-s1,447,,611632,350000,,,,,1.7e-06,0.664290,0.302661
d-n64-s1,448,,610288,350000,,,,,1.74e-06,0.670254,0.308145
d-n64-s1,449,,606220,350000,,,,,1.78e-06,0.659083,0.283306
d-n64-s1,450,599501.0,,350000,427975,171526,0,0,1.82e-06,0.650216,0.306823
d-n64-s1,451,,600218,350000,,,,,1.85e-06,0.637241,0.270290
d-n64-s1,452,,598718,350000,,,,,1.9e-06,0.670068,0.324710
d-n64-s1,453,,598125,350000,,,,,1.95e-06,0.657215,0.290484
d-n64-s1,454,,598636,350000,,,,,2e-06,0.663035,0.257774
d-n64-s1,455,,602402,350000,,,,,2.06e-06,0.663407,0.288677
d-n64-s1,456,,597952,350000,,,,,2.13e-06,0.672010,0.345742
d-n64-s1,457,,590248,350000,,,,,2.17e-06,0.662319,0.275565
d-n64-s1,458,,584978,350000,,,,,2.2e-06,0.665318,0.273565
d-n64-s1,459,,584982,350000,,,,,2.23e-06,0.662340,0.317855
d-n64-s1,460,577857.0,,350000,406331,171526,0,0,2.29e-06,0.656668,0.260500
d-n64-s1,461,,581552,350000,,,,,2.32e-06,0.665716,0.288774
d-n64-s1,462,,578204,350000,,,,,2.4e-06,0.651916,0.240306
d-n64-s1,463,,578300,350000,,,,,2.44e-06,0.662648,0.279194
d-n64-s1,464,,578108,350000,,,,,2.51e-06,0.636152,0.256226
d-n64-s1,465,,577998,350000,,,,,2.57e-06,0.664723,0.276339
d-n64-s1,466,,578138,350000,,,,,2.63e-06,0.654685,0.241935
d-n64-s1,467,,578143,350000,,,,,2.7e-06,0.666278,0.288887
d-n64-s1,468,,575071,350000,,,,,2.77e-06,0.664823,0.317242
d-n64-s1,469,,573521,350000,,,,,2.83e-06,0.666072,0.337645
d-n64-s1,470,564588.0,,350000,393062,171526,0,0,2.89e-06,0.662233,0.335468
d-n64-s1,471,,578330,350000,,,,,2.91e-06,0.664254,0.263500
d-n64-s1,472,,577799,350000,,,,,3.06e-06,0.658348,0.274242
d-n64-s1,473,,573535,350000,,,,,3.13e-06,0.660481,0.274242
d-n64-s1,474,,575515,350000,,,,,3.19e-06,0.660111,0.305613
d-n64-s1,475,,580200,350000,,,,,3.28e-06,0.674017,0.321403
d-n64-s1,476,,581770,350000,,,,,3.39e-06,0.641233,0.255855
d-n64-s1,477,,581852,350000,,,,,3.49e-06,0.661189,0.317274
d-n64-s1,478,,581842,350000,,,,,3.58e-06,0.666191,0.323242
d-n64-s1,479,,584890,350000,,,,,3.67e-06,0.667248,0.319355
d-n64-s1,480,562420.0,,350000,390894,171526,0,0,3.79e-06,0.662746,0.306403
d-n64-s1,481,,579601,350000,,,,,3.73e-06,0.627950,0.283177
d-n64-s1,482,,581177,350000,,,,,3.94e-06,0.640402,0.256371
d-n64-s1,483,,572420,350000,,,,,4.05e-06,0.634373,0.270839
d-n64-s1,484,,570361,350000,,,,,4.09e-06,0.646468,0.282097
d-n64-s1,485,,564217,350000,,,,,4.18e-06,0.650640,0.306194
d-n64-s1,486,,568883,350000,,,,,4.23e-06,0.661973,0.304452
d-n64-s1,487,,570390,350000,,,,,4.37e-06,0.654916,0.280355
d-n64-s1,488,,570342,350000,,,,,4.49e-06,0.659708,0.260435
d-n64-s1,489,,568811,350000,,,,,4.6e-06,0.666962,0.315677
d-n64-s1,490,568737.0,,350000,397211,171526,0,0,4.7e-06,0.635504,0.283548
d-n64-s1,491,,570313,350000,,,,,4.82e-06,0.613549,0.275177
d-n64-s1,492,,564734,350000,,,,,4.95e-06,0.666678,0.313823
d-n64-s1,493,,564734,350000,,,,,5.02e-06,0.667902,0.316968
d-n64-s1,494,,566217,350000,,,,,5.14e-06,0.663739,0.251387
d-n64-s1,495,,564657,350000,,,,,5.28e-06,0.662677,0.299403
d-n64-s1,496,,567758,350000,,,,,5.39e-06,0.663389,0.260758
d-n64-s1,497,,569342,350000,,,,,5.55e-06,0.663004,0.250790
d-n64-s1,498,,563198,350000,,,,,5.71e-06,0.663929,0.252032
d-n64-s1,499,,563150,350000,,,,,5.78e-06,0.660153,0.310016
d-n64-s1,500,563100.0,,350000,391574,171526,0,0,5.92e-06,0.666276,0.315823
e1-n64-s1,1,10438573.0,,350000,10352810,85763,0,0,1e-07,0.847379,0.587177
e1-n64-s1,2,,11928915,350000,,,,,1e-07,0.862013,0.604371
e1-n64-s1,3,,9800794,350000,,,,,1.36e-07,0.879846,0.638113
e1-n64-s1,4,,8982670,350000,,,,,1.32e-07,0.756272,0.541274
e1-n64-s1,5,,7605897,350000,,,,,1.43e-07,0.544350,0.373097
e1-n64-s1,6,,6302221,350000,,,,,1.41e-07,0.632916,0.440597
e1-n64-s1,7,,6014597,350000,,,,,1.35e-07,0.754276,0.512323
e1-n64-s1,8,,4872106,350000,,,,,1.48e-07,0.731051,0.539871
e1-n64-s1,9,,4566160,350000,,,,,1.37e-07,0.617773,0.452484
e1-n64-s1,10,3345907.0,,350000,3260144,85763,0,0,1.46e-07,0.887993,0.645839
e1-n64-s1,11,,3456464,350000,,,,,1.2e-07,0.885334,0.648968
e1-n64-s1,12,,3093852,350000,,,,,1.39e-07,0.884151,0.641097
e1-n64-s1,13,,2672610,350000,,,,,1.39e-07,0.879632,0.642306
e1-n64-s1,14,,2631324,350000,,,,,1.33e-07,0.883779,0.637323
e1-n64-s1,15,,2446991,350000,,,,,1.44e-07,0.881804,0.638081
e1-n64-s1,16,,2416226,350000,,,,,1.48e-07,0.876944,0.607581
e1-n64-s1,17,,2282782,350000,,,,,1.61e-07,0.876240,0.622226
e1-n64-s1,18,,2150372,350000,,,,,1.67e-07,0.872837,0.619968
e1-n64-s1,19,,1894058,350000,,,,,1.72e-07,0.871534,0.616823
e1-n64-s1,20,1927248.0,,350000,1841485,85763,0,0,1.65e-07,0.868691,0.614194
e1-n64-s1,21,,1863820,350000,,,,,1.83e-07,0.864410,0.606629
e1-n64-s1,22,,1766301,350000,,,,,1.92e-07,0.865467,0.601661
e1-n64-s1,23,,1434473,350000,,,,,1.98e-07,0.865820,0.592306
e1-n64-s1,24,,1352775,350000,,,,,1.72e-07,0.867818,0.592226
e1-n64-s1,25,,1295133,350000,,,,,1.74e-07,0.869898,0.606871
e1-n64-s1,26,,1222055,350000,,,,,1.78e-07,0.857013,0.588145
e1-n64-s1,27,,1124155,350000,,,,,1.78e-07,0.842149,0.528290
e1-n64-s1,28,,1062101,350000,,,,,1.74e-07,0.856473,0.567210
e1-n64-s1,29,,986155,350000,,,,,1.74e-07,0.870658,0.614435
e1-n64-s1,30,1042714.0,,350000,956951,85763,0,0,1.7e-07,0.860485,0.603226
e1-n64-s1,31,,1062827,350000,,,,,1.9e-07,0.861768,0.597532
e1-n64-s1,32,,949845,350000,,,,,2.04e-07,0.861576,0.593129
e1-n64-s1,33,,770658,350000,,,,,1.92e-07,0.844457,0.568274
e1-n64-s1,34,,735109,350000,,,,,1.62e-07,0.847550,0.549016
e1-n64-s1,35,,714922,350000,,,,,1.6e-07,0.855206,0.573242
e1-n64-s1,36,,687393,350000,,,,,1.62e-07,0.850140,0.553839
e1-n64-s1,37,,663528,350000,,,,,1.61e-07,0.841226,0.556435
e1-n64-s1,38,,632494,350000,,,,,1.6e-07,0.848532,0.574855
e1-n64-s1,39,,622484,350000,,,,,1.57e-07,0.837126,0.553629
e1-n64-s1,40,620152.0,,350000,534389,85763,0,0,1.59e-07,0.845561,0.570742
e1-n64-s1,41,,647865,350000,,,,,1.63e-07,0.848926,0.578290
e1-n64-s1,42,,613891,350000,,,,,1.76e-07,0.832808,0.521806
e1-n64-s1,43,,585600,350000,,,,,1.72e-07,0.850466,0.579710
e1-n64-s1,44,,578891,350000,,,,,1.68e-07,0.828409,0.534968
e1-n64-s1,45,,572872,350000,,,,,1.7e-07,0.817823,0.536097
e1-n64-s1,46,,576408,350000,,,,,1.73e-07,0.825398,0.555290
e1-n64-s1,47,,580571,350000,,,,,1.78e-07,0.839766,0.564113
e1-n64-s1,48,,571249,350000,,,,,1.84e-07,0.832283,0.548855
e1-n64-s1,49,,577976,350000,,,,,1.86e-07,0.826130,0.550597
e1-n64-s1,50,519416.0,,350000,433653,85763,0,0,1.92e-07,0.854097,0.570855
e1-n64-s1,51,,565287,350000,,,,,1.76e-07,0.832095,0.533484
e1-n64-s1,52,,561264,350000,,,,,1.97e-07,0.847522,0.560258
e1-n64-s1,53,,565795,350000,,,,,2e-07,0.825858,0.556645
e1-n64-s1,54,,568833,350000,,,,,2.06e-07,0.829406,0.545371
e1-n64-s1,55,,563220,350000,,,,,2.13e-07,0.829389,0.518194
e1-n64-s1,56,,575498,350000,,,,,2.16e-07,0.824608,0.526661
e1-n64-s1,57,,569353,350000,,,,,2.26e-07,0.817269,0.470677
e1-n64-s1,58,,570947,350000,,,,,2.29e-07,0.820537,0.512210
e1-n64-s1,59,,567291,350000,,,,,2.35e-07,0.774647,0.438306
e1-n64-s1,60,490268.0,,350000,404505,85763,0,0,2.39e-07,0.828692,0.556661
e1-n64-s1,61,,547702,350000,,,,,2.1e-07,0.834030,0.514613
e1-n64-s1,62,,558059,350000,,,,,2.4e-07,0.790560,0.489710
e1-n64-s1,63,,561735,350000,,,,,2.51e-07,0.796300,0.461500
e1-n64-s1,64,,551601,350000,,,,,2.59e-07,0.826323,0.519210
e1-n64-s1,65,,554190,350000,,,,,2.6e-07,0.820321,0.507323
e1-n64-s1,66,,546887,350000,,,,,2.67e-07,0.811933,0.512113
e1-n64-s1,67,,540227,350000,,,,,2.69e-07,0.819998,0.520855
e1-n64-s1,68,,534725,350000,,,,,2.72e-07,0.783629,0.431161
e1-n64-s1,69,,529643,350000,,,,,2.75e-07,0.824378,0.525935
e1-n64-s1,70,478660.0,,350000,392897,85763,0,0,2.78e-07,0.811119,0.524516
e1-n64-s1,71,,521160,350000,,,,,2.55e-07,0.805699,0.491048
e1-n64-s1,72,,519933,350000,,,,,2.83e-07,0.818886,0.502387
e1-n64-s1,73,,523484,350000,,,,,2.88e-07,0.817437,0.489758
e1-n64-s1,74,,525485,350000,,,,,2.96e-07,0.818076,0.518565
e1-n64-s1,75,,515775,350000,,,,,3.04e-07,0.814838,0.505000
e1-n64-s1,76,,519142,350000,,,,,3.04e-07,0.820446,0.509145
e1-n64-s1,77,,522238,350000,,,,,3.12e-07,0.804027,0.466177
e1-n64-s1,78,,518296,350000,,,,,3.2e-07,0.820835,0.511581
e1-n64-s1,79,,511147,350000,,,,,3.24e-07,0.803490,0.520823
e1-n64-s1,80,467403.0,,350000,381640,85763,0,0,3.26e-07,0.805462,0.488097
e1-n64-s1,81,,501655,350000,,,,,3.02e-07,0.810430,0.504694
e1-n64-s1,82,,501830,350000,,,,,3.3e-07,0.782541,0.411097
e1-n64-s1,83,,502366,350000,,,,,3.36e-07,0.798257,0.500952
e1-n64-s1,84,,504409,350000,,,,,3.43e-07,0.789484,0.445371
e1-n64-s1,85,,501820,350000,,,,,3.5e-07,0.769178,0.413694
e1-n64-s1,86,,502907,350000,,,,,3.55e-07,0.814095,0.403274
e1-n64-s1,87,,496710,350000,,,,,3.62e-07,0.794015,0.449581
e1-n64-s1,88,,503931,350000,,,,,3.64e-07,0.806402,0.463339
e1-n64-s1,89,,498174,350000,,,,,3.76e-07,0.803860,0.501290
e1-n64-s1,90,440074.0,,350000,354311,85763,0,0,3.79e-07,0.793419,0.474161
e1-n64-s1,91,,486614,350000,,,,,3.38e-07,0.815061,0.520016
e1-n64-s1,92,,479606,350000,,,,,3.8e-07,0.789885,0.474548
e1-n64-s1,93,,481943,350000,,,,,3.81e-07,0.758910,0.406565
e1-n64-s1,94,,477857,350000,,,,,3.89e-07,0.797337,0.480548
e1-n64-s1,95,,472631,350000,,,,,3.91e-07,0.765356,0.422726
e1-n64-s1,96,,477726,350000,,,,,3.93e-07,0.801047,0.500129
e1-n64-s1,97,,470626,350000,,,,,4.04e-07,0.795631,0.472065
e1-n64-s1,98,,473191,350000,,,,,4.03e-07,0.820390,0.541403
e1-n64-s1,99,,462936,350000,,,,,4.12e-07,0.769812,0.450081
e1-n64-s1,100,425316.0,,350000,339553,85763,0,0,4.09e-07,0.777628,0.448742
e1-n64-s1,101,,465353,350000,,,,,3.79e-07,0.816521,0.521371
e1-n64-s1,102,,457773,350000,,,,,4.21e-07,0.800557,0.473855
e1-n64-s1,103,,454202,350000,,,,,4.19e-07,0.805772,0.479161
e1-n64-s1,104,,458902,350000,,,,,4.22e-07,0.757721,0.427887
e1-n64-s1,105,,458835,350000,,,,,4.32e-07,0.803282,0.477581
e1-n64-s1,106,,452116,350000,,,,,4.38e-07,0.815599,0.513581
e1-n64-s1,107,,441392,350000,,,,,4.37e-07,0.817116,0.522839
e1-n64-s1,108,,440339,350000,,,,,4.31e-07,0.800409,0.468210
e1-n64-s1,109,,443416,350000,,,,,4.35e-07,0.797925,0.484403
e1-n64-s1,110,406873.0,,350000,321110,85763,0,0,4.44e-07,0.784184,0.480048
e1-n64-s1,111,,438174,350000,,,,,4.1e-07,0.814867,0.507129
e1-n64-s1,112,,443435,350000,,,,,4.47e-07,0.808922,0.503306
e1-n64-s1,113,,446594,350000,,,,,4.57e-07,0.810274,0.492194
e1-n64-s1,114,,440958,350000,,,,,4.66e-07,0.799007,0.460887
e1-n64-s1,115,,451102,350000,,,,,4.66e-07,0.808278,0.524145
e1-n64-s1,116,,446025,350000,,,,,4.83e-07,0.770734,0.493903
e1-n64-s1,117,,439402,350000,,,,,4.83e-07,0.789692,0.489839
e1-n64-s1,118,,435703,350000,,,,,4.81e-07,0.765308,0.371048
e1-n64-s1,119,,439905,350000,,,,,4.82e-07,0.806633,0.517226
e1-n64-s1,120,390812.0,,350000,305049,85763,0,0,4.93e-07,0.736118,0.388435
e1-n64-s1,121,,420524,350000,,,,,4.4e-07,0.777578,0.464516
e1-n64-s1,122,,423027,350000,,,,,4.78e-07,0.790545,0.473258
e1-n64-s1,123,,420042,350000,,,,,4.85e-07,0.805789,0.481855
e1-n64-s1,124,,406691,350000,,,,,4.86e-07,0.785972,0.431242
e1-n64-s1,125,,413188,350000,,,,,4.74e-07,0.784131,0.453145
e1-n64-s1,126,,413700,350000,,,,,4.86e-07,0.790242,0.477597
e1-n64-s1,127,,417323,350000,,,,,4.91e-07,0.789288,0.418468
e1-n64-s1,128,,420926,350000,,,,,4.99e-07,0.776264,0.443790
e1-n64-s1,129,,425496,350000,,,,,5.08e-07,0.744233,0.392161
e1-n64-s1,130,389085.0,,350000,303322,85763,0,0,5.19e-07,0.777111,0.410468
e1-n64-s1,131,,414639,350000,,,,,4.77e-07,0.779981,0.491952
e1-n64-s1,132,,417766,350000,,,,,5.13e-07,0.808076,0.519419
e1-n64-s1,133,,408459,350000,,,,,5.21e-07,0.785608,0.453919
e1-n64-s1,134,,419230,350000,,,,,5.13e-07,0.793464,0.443968
e1-n64-s1,135,,422930,350000,,,,,5.32e-07,0.757947,0.430726
e1-n64-s1,136,,420269,350000,,,,,5.42e-07,0.791767,0.430129
e1-n64-s1,137,,412231,350000,,,,,5.43e-07,0.762621,0.438403
e1-n64-s1,138,,412806,350000,,,,,5.37e-07,0.767588,0.420645
e1-n64-s1,139,,408255,350000,,,,,5.42e-07,0.780198,0.432290
e1-n64-s1,140,382416.0,,350000,296653,85763,0,0,5.4e-07,0.760782,0.416258
e1-n64-s1,141,,413034,350000,,,,,5.08e-07,0.795775,0.478113
e1-n64-s1,142,,415763,350000,,,,,5.54e-07,0.794131,0.511371
e1-n64-s1,143,,408015,350000,,,,,5.62e-07,0.780293,0.483452
e1-n64-s1,144,,404038,350000,,,,,5.56e-07,0.793321,0.503726
e1-n64-s1,145,,418800,350000,,,,,5.55e-07,0.690926,0.298081
e1-n64-s1,146,,416496,350000,,,,,5.8e-07,0.783853,0.484484
e1-n64-s1,147,,409855,350000,,,,,5.82e-07,0.775842,0.419806
e1-n64-s1,148,,410854,350000,,,,,5.77e-07,0.794155,0.476000
e1-n64-s1,149,,412341,350000,,,,,5.83e-07,0.771667,0.462065
e1-n64-s1,150,374541.0,,350000,288778,85763,0,0,5.9e-07,0.730213,0.367758
e1-n64-s1,151,,405610,350000,,,,,5.38e-07,0.771238,0.451339
e1-n64-s1,152,,410824,350000,,,,,5.87e-07,0.760371,0.459145
e1-n64-s1,153,,409380,350000,,,,,5.99e-07,0.765746,0.460887
e1-n64-s1,154,,408890,350000,,,,,6.02e-07,0.757456,0.431790
e1-n64-s1,155,,405206,350000,,,,,6.06e-07,0.780090,0.434387
e1-n64-s1,156,,403259,350000,,,,,6.05e-07,0.662485,0.340452
e1-n64-s1,157,,407543,350000,,,,,6.06e-07,0.731841,0.386097
e1-n64-s1,158,,414692,350000,,,,,6.17e-07,0.746882,0.409871
e1-n64-s1,159,,413538,350000,,,,,6.33e-07,0.774059,0.439613
e1-n64-s1,160,378575.0,,350000,292812,85763,0,0,6.37e-07,0.757438,0.425145
e1-n64-s1,161,,406289,350000,,,,,5.85e-07,0.727572,0.320258
e1-n64-s1,162,,421815,350000,,,,,6.33e-07,0.762863,0.443290
e1-n64-s1,163,,413160,350000,,,,,6.63e-07,0.760757,0.420097
e1-n64-s1,164,,418715,350000,,,,,6.55e-07,0.757862,0.427726
e1-n64-s1,165,,417833,350000,,,,,6.7e-07,0.724645,0.395919
e1-n64-s1,166,,418511,350000,,,,,6.74e-07,0.773042,0.455290
e1-n64-s1,167,,422014,350000,,,,,6.81e-07,0.615060,0.282016
e1-n64-s1,168,,450112,350000,,,,,6.94e-07,0.735299,0.428742
e1-n64-s1,169,,411719,350000,,,,,7.49e-07,0.703035,0.349806
e1-n64-s1,170,401326.0,,350000,315563,85763,0,0,6.91e-07,0.698928,0.361113
e1-n64-s1,171,,441814,350000,,,,,6.78e-07,0.484451,0.206823
e1-n64-s1,172,,442548,350000,,,,,7.55e-07,0.417621,0.137435
e1-n64-s1,173,,441579,350000,,,,,7.65e-07,0.460194,0.209532
e1-n64-s1,174,,417022,350000,,,,,7.73e-07,0.485452,0.216484
e1-n64-s1,175,,431195,350000,,,,,7.36e-07,0.516731,0.262694
e1-n64-s1,176,,425718,350000,,,,,7.69e-07,0.502488,0.223565
e1-n64-s1,177,,425703,350000,,,,,7.67e-07,0.496165,0.237726
e1-n64-s1,178,,431330,350000,,,,,7.74e-07,0.494166,0.162065
e1-n64-s1,179,,428393,350000,,,,,7.93e-07,0.456631,0.219306
e1-n64-s1,180,369675.0,,350000,283912,85763,0,0,7.95e-07,0.750015,0.416871
e1-n64-s1,181,,401193,350000,,,,,6.88e-07,0.767411,0.430210
e1-n64-s1,182,,406080,350000,,,,,7.52e-07,0.722679,0.383484
e1-n64-s1,183,,410130,350000,,,,,7.67e-07,0.748026,0.390081
e1-n64-s1,184,,432206,350000,,,,,7.81e-07,0.710362,0.297919
e1-n64-s1,185,,427809,350000,,,,,8.31e-07,0.772714,0.482468
e1-n64-s1,186,,426722,350000,,,,,8.31e-07,0.712531,0.300742
e1-n64-s1,187,,432352,350000,,,,,8.37e-07,0.742058,0.406758
e1-n64-s1,188,,430353,350000,,,,,8.57e-07,0.718726,0.314790
e1-n64-s1,189,,431918,350000,,,,,8.62e-07,0.657351,0.321500
e1-n64-s1,190,422633.0,,350000,336870,85763,0,0,8.75e-07,0.671314,0.297661
e1-n64-s1,191,,427782,350000,,,,,8.64e-07,0.676640,0.343177
e1-n64-s1,192,,421678,350000,,,,,8.83e-07,0.745285,0.440290
e1-n64-s1,193,,422093,350000,,,,,8.79e-07,0.746044,0.434742
e1-n64-s1,194,,422080,350000,,,,,8.88e-07,0.727612,0.398839
e1-n64-s1,195,,419090,350000,,,,,8.96e-07,0.763350,0.436113
e1-n64-s1,196,,413907,350000,,,,,8.98e-07,0.742998,0.403500
e1-n64-s1,197,,417396,350000,,,,,8.94e-07,0.729398,0.401774
e1-n64-s1,198,,409170,350000,,,,,9.1e-07,0.722492,0.375113
e1-n64-s1,199,,423060,350000,,,,,8.99e-07,0.710594,0.364855
e1-n64-s1,200,391735.0,,350000,305972,85763,0,0,9.38e-07,0.731518,0.427726
e1-n64-s1,201,,414310,350000,,,,,8.74e-07,0.708682,0.375871
e1-n64-s1,202,,418509,350000,,,,,9.32e-07,0.733380,0.416774
e1-n64-s1,203,,415065,350000,,,,,9.5e-07,0.705199,0.372435
e1-n64-s1,204,,419659,350000,,,,,9.5e-07,0.703340,0.381129
e1-n64-s1,205,,416495,350000,,,,,9.69e-07,0.696241,0.295968
e1-n64-s1,206,,415496,350000,,,,,9.7e-07,0.723352,0.386097
e1-n64-s1,207,,419067,350000,,,,,9.76e-07,0.686215,0.343258
e1-n64-s1,208,,417028,350000,,,,,9.94e-07,0.708818,0.376387
e1-n64-s1,209,,416999,350000,,,,,9.98e-07,0.717564,0.396081
e1-n64-s1,210,386578.0,,350000,300815,85763,0,0,1.01e-06,0.694452,0.362935
e1-n64-s1,211,,406487,350000,,,,,9.37e-07,0.678168,0.336468
e1-n64-s1,212,,407275,350000,,,,,9.93e-07,0.732083,0.425919
e1-n64-s1,213,,404867,350000,,,,,1e-06,0.716671,0.380968
e1-n64-s1,214,,406250,350000,,,,,1e-06,0.616671,0.273274
e1-n64-s1,215,,413161,350000,,,,,1.01e-06,0.707316,0.379565
e1-n64-s1,216,,417198,350000,,,,,1.04e-06,0.701370,0.363161
e1-n64-s1,217,,412976,350000,,,,,1.06e-06,0.688347,0.363919
e1-n64-s1,218,,413010,350000,,,,,1.06e-06,0.686156,0.299161
e1-n64-s1,219,,408591,350000,,,,,1.07e-06,0.703888,0.340629
e1-n64-s1,220,383597.0,,350000,297834,85763,0,0,1.06e-06,0.718205,0.381726
e1-n64-s1,221,,394991,350000,,,,,1e-06,0.695079,0.364323
e1-n64-s1,222,,409914,350000,,,,,1.04e-06,0.727726,0.391355
e1-n64-s1,223,,404248,350000,,,,,1.09e-06,0.730295,0.403645
e1-n64-s1,224,,403967,350000,,,,,1.08e-06,0.688477,0.353855
e1-n64-s1,225,,388961,350000,,,,,1.09e-06,0.729612,0.413855
e1-n64-s1,226,,395588,350000,,,,,1.05e-06,0.694881,0.352065
e1-n64-s1,227,,404307,350000,,,,,1.08e-06,0.711549,0.375210
e1-n64-s1,228,,395709,350000,,,,,1.11e-06,0.692271,0.336452
e1-n64-s1,229,,396749,350000,,,,,1.09e-06,0.721462,0.406306
e1-n64-s1,230,379792.0,,350000,294029,85763,0,0,1.1e-06,0.696008,0.359355
e1-n64-s1,231,,394090,350000,,,,,1.06e-06,0.697105,0.362613
e1-n64-s1,232,,399290,350000,,,,,1.1e-06,0.695271,0.361823
e1-n64-s1,233,,395666,350000,,,,,1.13e-06,0.697895,0.292403
e1-n64-s1,234,,389909,350000,,,,,1.12e-06,0.655041,0.308016
e1-n64-s1,235,,390924,350000,,,,,1.11e-06,0.684449,0.339855
e1-n64-s1,236,,387406,350000,,,,,1.12e-06,0.684268,0.347258
e1-n64-s1,237,,387377,350000,,,,,1.12e-06,0.689516,0.349710
e1-n64-s1,238,,385846,350000,,,,,1.12e-06,0.706383,0.377694
e1-n64-s1,239,,392973,350000,,,,,1.12e-06,0.687745,0.363645
e1-n64-s1,240,365081.0,,350000,279318,85763,0,0,1.15e-06,0.656809,0.338113
e1-n64-s1,241,,386675,350000,,,,,1.07e-06,0.695409,0.352500
e1-n64-s1,242,,380013,350000,,,,,1.14e-06,0.672201,0.331613
e1-n64-s1,243,,392506,350000,,,,,1.13e-06,0.695355,0.355726
e1-n64-s1,244,,391671,350000,,,,,1.17e-06,0.706321,0.373694
e1-n64-s1,245,,385229,350000,,,,,1.17e-06,0.663122,0.321194
e1-n64-s1,246,,385403,350000,,,,,1.16e-06,0.610042,0.247226
e1-n64-s1,247,,389915,350000,,,,,1.17e-06,0.632290,0.278065
e1-n64-s1,248,,390044,350000,,,,,1.19e-06,0.718359,0.411855
e1-n64-s1,249,,388585,350000,,,,,1.19e-06,0.688333,0.295726
e1-n64-s1,250,378105.0,,350000,292342,85763,0,0,1.2e-06,0.678041,0.340758
e1-n64-s1,251,,382656,350000,,,,,1.17e-06,0.647013,0.268435
e1-n64-s1,252,,384309,350000,,,,,1.19e-06,0.615734,0.285645
e1-n64-s1,253,,387415,350000,,,,,1.2e-06,0.625264,0.292113
e1-n64-s1,254,,382498,350000,,,,,1.21e-06,0.684740,0.348758
e1-n64-s1,255,,379441,350000,,,,,1.2e-06,0.622115,0.265871
e1-n64-s1,256,,376349,350000,,,,,1.2e-06,0.681080,0.347016
e1-n64-s1,257,,382976,350000,,,,,1.19e-06,0.656435,0.322532
e1-n64-s1,258,,376881,350000,,,,,1.22e-06,0.649320,0.251161
e1-n64-s1,259,,379957,350000,,,,,1.2e-06,0.664194,0.333597
e1-n64-s1,260,356745.0,,350000,270982,85763,0,0,1.22e-06,0.674949,0.278016
e1-n64-s1,261,,370672,350000,,,,,1.15e-06,0.712831,0.372081
e1-n64-s1,262,,372839,350000,,,,,1.19e-06,0.673111,0.337565
e1-n64-s1,263,,370218,350000,,,,,1.21e-06,0.686056,0.347032
e1-n64-s1,264,,371697,350000,,,,,1.2e-06,0.673658,0.341790
e1-n64-s1,265,,373247,350000,,,,,1.21e-06,0.690783,0.357758
e1-n64-s1,266,,370343,350000,,,,,1.22e-06,0.676897,0.341032
e1-n64-s1,267,,363741,350000,,,,,1.21e-06,0.668436,0.304935
e1-n64-s1,268,,369419,350000,,,,,1.19e-06,0.649518,0.339548
e1-n64-s1,269,,369380,350000,,,,,1.21e-06,0.674824,0.345242
e1-n64-s1,270,360693.0,,350000,274930,85763,0,0,1.22e-06,0.697639,0.372710
e1-n64-s1,271,,361056,350000,,,,,1.19e-06,0.697128,0.380710
e1-n64-s1,272,,359256,350000,,,,,1.19e-06,0.691774,0.370645
e1-n64-s1,273,,368561,350000,,,,,1.19e-06,0.611691,0.297871
e1-n64-s1,274,,372909,350000,,,,,1.22e-06,0.678956,0.342226
e1-n64-s1,275,,383149,350000,,,,,1.24e-06,0.670146,0.314016
e1-n64-s1,276,,377993,350000,,,,,1.28e-06,0.692305,0.365629
e1-n64-s1,277,,374931,350000,,,,,1.27e-06,0.633472,0.336000
e1-n64-s1,278,,388749,350000,,,,,1.26e-06,0.628322,0.303452
e1-n64-s1,279,,378549,350000,,,,,1.32e-06,0.673702,0.349855
e1-n64-s1,280,360458.0,,350000,274695,85763,0,0,1.29e-06,0.677449,0.337855
e1-n64-s1,281,,370611,350000,,,,,1.23e-06,0.629214,0.267468
e1-n64-s1,282,,387167,350000,,,,,1.27e-06,0.663581,0.333323
e1-n64-s1,283,,375957,350000,,,,,1.33e-06,0.633287,0.301177
e1-n64-s1,284,,378062,350000,,,,,1.29e-06,0.678594,0.348274
e1-n64-s1,285,,386991,350000,,,,,1.31e-06,0.669865,0.343468
e1-n64-s1,286,,389479,350000,,,,,1.34e-06,0.617470,0.252677
e1-n64-s1,287,,389117,350000,,,,,1.36e-06,0.670809,0.346871
e1-n64-s1,288,,389193,350000,,,,,1.37e-06,0.589879,0.271419
e1-n64-s1,289,,393781,350000,,,,,1.37e-06,0.535328,0.235774
e1-n64-s1,290,385110.0,,350000,299347,85763,0,0,1.4e-06,0.500000,0.202597
e1-n64-s1,291,,383593,350000,,,,,1.37e-06,0.500000,0.202597
e1-n64-s1,292,,383593,350000,,,,,1.37e-06,0.500000,0.202597
e1-n64-s1,293,,383510,350000,,,,,1.38e-06,0.500000,0.202597
e1-n64-s1,294,,381380,350000,,,,,1.39e-06,0.500000,0.202597
e1-n64-s1,295,,381212,350000,,,,,1.39e-06,0.500000,0.202597
e1-n64-s1,296,,379584,350000,,,,,1.39e-06,0.600468,0.279742
e1-n64-s1,297,,386164,350000,,,,,1.39e-06,0.500000,0.202597
e1-n64-s1,298,,379124,350000,,,,,1.42e-06,0.610572,0.306500
e1-n64-s1,299,,380637,350000,,,,,1.4e-06,0.635826,0.294129
e1-n64-s1,300,378805.0,,350000,293042,85763,0,0,1.41e-06,0.550634,0.254097
e1-n64-s1,301,,383701,350000,,,,,1.41e-06,0.577564,0.259016
e1-n64-s1,302,,385387,350000,,,,,1.44e-06,0.597738,0.287677
e1-n64-s1,303,,383857,350000,,,,,1.45e-06,0.572182,0.248839
e1-n64-s1,304,,382497,350000,,,,,1.45e-06,0.517028,0.199758
e1-n64-s1,305,,376218,350000,,,,,1.45e-06,0.586298,0.301919
e1-n64-s1,306,,374556,350000,,,,,1.43e-06,0.551157,0.258532
e1-n64-s1,307,,378191,350000,,,,,1.43e-06,0.428093,0.131726
e1-n64-s1,308,,377163,350000,,,,,1.45e-06,0.511297,0.209129
e1-n64-s1,309,,375927,350000,,,,,1.45e-06,0.568554,0.269855
e1-n64-s1,310,376472.0,,350000,290709,85763,0,0,1.45e-06,0.539249,0.200935
e1-n64-s1,311,,376497,350000,,,,,1.46e-06,0.500000,0.202597
e1-n64-s1,312,,376492,350000,,,,,1.47e-06,0.500000,0.202597
e1-n64-s1,313,,374863,350000,,,,,1.47e-06,0.500000,0.202597
e1-n64-s1,314,,374863,350000,,,,,1.47e-06,0.500000,0.202597
e1-n64-s1,315,,374858,350000,,,,,1.47e-06,0.500000,0.201274
e1-n64-s1,316,,374376,350000,,,,,1.48e-06,0.500009,0.201613
e1-n64-s1,317,,372479,350000,,,,,1.48e-06,0.500021,0.202613
e1-n64-s1,318,,370962,350000,,,,,1.48e-06,0.500021,0.201613
e1-n64-s1,319,,365712,350000,,,,,1.48e-06,0.500025,0.202613
e1-n64-s1,320,364015.0,,350000,278252,85763,0,0,1.46e-06,0.500021,0.202613
e1-n64-s1,321,,364010,350000,,,,,1.46e-06,0.500009,0.201613
e1-n64-s1,322,,363991,350000,,,,,1.46e-06,0.500025,0.201613
e1-n64-s1,323,,367280,350000,,,,,1.46e-06,0.591558,0.257371
e1-n64-s1,324,,369074,350000,,,,,1.48e-06,0.500000,0.202597
e1-n64-s1,325,,376421,350000,,,,,1.49e-06,0.560583,0.251839
e1-n64-s1,326,,376509,350000,,,,,1.53e-06,0.617615,0.297661
e1-n64-s1,327,,371385,350000,,,,,1.53e-06,0.608161,0.294677
e1-n64-s1,328,,369583,350000,,,,,1.52e-06,0.632915,0.314161
e1-n64-s1,329,,368067,350000,,,,,1.51e-06,0.625808,0.305403
e1-n64-s1,330,364009.0,,350000,278246,85763,0,0,1.51e-06,0.650578,0.331855
e1-n64-s1,331,,367680,350000,,,,,1.5e-06,0.603289,0.291435
e1-n64-s1,332,,364812,350000,,,,,1.51e-06,0.600720,0.276129
e1-n64-s1,333,,361251,350000,,,,,1.51e-06,0.613852,0.302435
e1-n64-s1,334,,366348,350000,,,,,1.49e-06,0.605587,0.274452
e1-n64-s1,335,,367947,350000,,,,,1.52e-06,0.656247,0.333645
e1-n64-s1,336,,364414,350000,,,,,1.53e-06,0.590069,0.243516
e1-n64-s1,337,,362898,350000,,,,,1.52e-06,0.642971,0.280177
e1-n64-s1,338,,361759,350000,,,,,1.51e-06,0.618676,0.301790
e1-n64-s1,339,,366937,350000,,,,,1.51e-06,0.627905,0.321484
e1-n64-s1,340,363177.0,,350000,277414,85763,0,0,1.54e-06,0.621826,0.300935
e1-n64-s1,341,,366146,350000,,,,,1.52e-06,0.627700,0.306290
e1-n64-s1,342,,366309,350000,,,,,1.54e-06,0.621222,0.262274
e1-n64-s1,343,,364698,350000,,,,,1.54e-06,0.613795,0.309887
e1-n64-s1,344,,364626,350000,,,,,1.54e-06,0.585313,0.235242
e1-n64-s1,345,,367249,350000,,,,,1.54e-06,0.634411,0.271935
e1-n64-s1,346,,367322,350000,,,,,1.56e-06,0.631094,0.264484
e1-n64-s1,347,,367351,350000,,,,,1.56e-06,0.646441,0.315726
e1-n64-s1,348,,365776,350000,,,,,1.57e-06,0.614479,0.300065
e1-n64-s1,349,,369312,350000,,,,,1.56e-06,0.641301,0.309484
e1-n64-s1,350,365283.0,,350000,279520,85763,0,0,1.58e-06,0.605190,0.287548
e1-n64-s1,351,,365609,350000,,,,,1.57e-06,0.608225,0.287435
e1-n64-s1,352,,365812,350000,,,,,1.57e-06,0.641332,0.313968
e1-n64-s1,353,,367812,350000,,,,,1.58e-06,0.626490,0.314097
e1-n64-s1,354,,367990,350000,,,,,1.59e-06,0.627830,0.302661
e1-n64-s1,355,,365971,350000,,,,,1.59e-06,0.651788,0.282532
e1-n64-s1,356,,367545,350000,,,,,1.59e-06,0.573900,0.256629
e1-n64-s1,357,,369149,350000,,,,,1.6e-06,0.613409,0.302710
e1-n64-s1,358,,363493,350000,,,,,1.61e-06,0.650829,0.328581
e1-n64-s1,359,,363923,350000,,,,,1.59e-06,0.629704,0.277742
e1-n64-s1,360,363885.0,,350000,278122,85763,0,0,1.59e-06,0.642337,0.311435
e1-n64-s1,361,,365679,350000,,,,,1.6e-06,0.658008,0.336129
e1-n64-s1,362,,373516,350000,,,,,1.61e-06,0.639140,0.321403
e1-n64-s1,363,,375136,350000,,,,,1.65e-06,0.649805,0.320919
e1-n64-s1,364,,377730,350000,,,,,1.66e-06,0.598284,0.256806
e1-n64-s1,365,,380909,350000,,,,,1.68e-06,0.650707,0.328226
e1-n64-s1,366,,386493,350000,,,,,1.7e-06,0.595723,0.280177
e1-n64-s1,367,,386015,350000,,,,,1.73e-06,0.600031,0.236161
e1-n64-s1,368,,381387,350000,,,,,1.74e-06,0.592816,0.281468
e1-n64-s1,369,,386502,350000,,,,,1.73e-06,0.583891,0.271823
e1-n64-s1,370,379014.0,,350000,293251,85763,0,0,1.76e-06,0.634103,0.320177
e1-n64-s1,371,,386557,350000,,,,,1.73e-06,0.614059,0.289355
e1-n64-s1,372,,396916,350000,,,,,1.77e-06,0.521805,0.219952
e1-n64-s1,373,,390801,350000,,,,,1.83e-06,0.530680,0.210774
e1-n64-s1,374,,393867,350000,,,,,1.82e-06,0.549859,0.267855
e1-n64-s1,375,,389830,350000,,,,,1.84e-06,0.636464,0.308806
e1-n64-s1,376,,387592,350000,,,,,1.83e-06,0.591808,0.281145
e1-n64-s1,377,,385031,350000,,,,,1.83e-06,0.611778,0.261403
e1-n64-s1,378,,386563,350000,,,,,1.83e-06,0.630888,0.309871
e1-n64-s1,379,,382964,350000,,,,,1.84e-06,0.588520,0.288968
e1-n64-s1,380,378111.0,,350000,292348,85763,0,0,1.83e-06,0.603247,0.250129
e1-n64-s1,381,,379570,350000,,,,,1.82e-06,0.542480,0.246355
e1-n64-s1,382,,389560,350000,,,,,1.83e-06,0.598390,0.285403
e1-n64-s1,383,,390613,350000,,,,,1.89e-06,0.601495,0.280129
e1-n64-s1,384,,386628,350000,,,,,1.91e-06,0.652545,0.305468
e1-n64-s1,385,,388073,350000,,,,,1.9e-06,0.641608,0.315161
e1-n64-s1,386,,388325,350000,,,,,1.91e-06,0.629583,0.306823
e1-n64-s1,387,,386271,350000,,,,,1.92e-06,0.593389,0.279048
e1-n64-s1,388,,378597,350000,,,,,1.92e-06,0.592297,0.289952
e1-n64-s1,389,,380061,350000,,,,,1.89e-06,0.606197,0.288532
e1-n64-s1,390,379965.0,,350000,294202,85763,0,0,1.91e-06,0.610987,0.293032
e1-n64-s1,391,,385397,350000,,,,,1.92e-06,0.594394,0.272016
e1-n64-s1,392,,422288,350000,,,,,1.95e-06,0.600098,0.282161
e1-n64-s1,393,,417739,350000,,,,,2.16e-06,0.569727,0.264032
e1-n64-s1,394,,427552,350000,,,,,2.16e-06,0.534694,0.227177
e1-n64-s1,395,,420857,350000,,,,,2.23e-06,0.565787,0.268548
e1-n64-s1,396,,420915,350000,,,,,2.21e-06,0.547087,0.248790
e1-n64-s1,397,,422698,350000,,,,,2.23e-06,0.558103,0.243871
e1-n64-s1,398,,422818,350000,,,,,2.27e-06,0.607014,0.292210
e1-n64-s1,399,,395623,350000,,,,,2.29e-06,0.567212,0.262274
e1-n64-s1,400,395365.0,,350000,309602,85763,0,0,2.15e-06,0.646271,0.315484
e1-n64-s1,401,,391502,350000,,,,,2.17e-06,0.601889,0.240694
e1-n64-s1,402,,388032,350000,,,,,2.16e-06,0.592110,0.254774
e1-n64-s1,403,,390255,350000,,,,,2.15e-06,0.614162,0.284677
e1-n64-s1,404,,386222,350000,,,,,2.17e-06,0.620994,0.304194
e1-n64-s1,405,,381268,350000,,,,,2.16e-06,0.628731,0.306516
e1-n64-s1,406,,389542,350000,,,,,2.14e-06,0.597156,0.251823
e1-n64-s1,407,,391614,350000,,,,,2.2e-06,0.628460,0.305097
e1-n64-s1,408,,436608,350000,,,,,2.22e-06,0.642231,0.315758
e1-n64-s1,409,,421176,350000,,,,,2.51e-06,0.636712,0.309823
e1-n64-s1,410,418074.0,,350000,332311,85763,0,0,2.44e-06,0.659947,0.328952
e1-n64-s1,411,,415418,350000,,,,,2.44e-06,0.653687,0.328419
e1-n64-s1,412,,409851,350000,,,,,2.45e-06,0.598308,0.285935
e1-n64-s1,413,,414125,350000,,,,,2.44e-06,0.611434,0.296097
e1-n64-s1,414,,413217,350000,,,,,2.48e-06,0.561876,0.230145
e1-n64-s1,415,,413995,350000,,,,,2.5e-06,0.627849,0.304984
e1-n64-s1,416,,415603,350000,,,,,2.52e-06,0.618032,0.300597
e1-n64-s1,417,,411035,350000,,,,,2.56e-06,0.556373,0.253355
e1-n64-s1,418,,438631,350000,,,,,2.55e-06,0.576816,0.265226
e1-n64-s1,419,,422363,350000,,,,,2.75e-06,0.546422,0.213871
e1-n64-s1,420,424932.0,,350000,339169,85763,0,0,2.67e-06,0.658553,0.344210
e1-n64-s1,421,,416601,350000,,,,,2.71e-06,0.604596,0.293806
e1-n64-s1,422,,440443,350000,,,,,2.68e-06,0.574032,0.282726
e1-n64-s1,423,,407158,350000,,,,,2.87e-06,0.583440,0.244387
e1-n64-s1,424,,403884,350000,,,,,2.67e-06,0.624874,0.312694
e1-n64-s1,425,,414682,350000,,,,,2.67e-06,0.572560,0.264290
e1-n64-s1,426,,383000,350000,,,,,2.77e-06,0.603718,0.300806
e1-n64-s1,427,,384038,350000,,,,,2.57e-06,0.615620,0.297919
e1-n64-s1,428,,383999,350000,,,,,2.59e-06,0.615428,0.298581
e1-n64-s1,429,,385474,350000,,,,,2.6e-06,0.631916,0.316274
e1-n64-s1,430,384956.0,,350000,299193,85763,0,0,2.62e-06,0.564815,0.263290
e1-n64-s1,431,,385236,350000,,,,,2.63e-06,0.614848,0.305935
e1-n64-s1,432,,385391,350000,,,,,2.64e-06,0.614036,0.304081
e1-n64-s1,433,,385291,350000,,,,,2.66e-06,0.571363,0.258387
e1-n64-s1,434,,385364,350000,,,,,2.67e-06,0.606494,0.290323
e1-n64-s1,435,,385350,350000,,,,,2.68e-06,0.608787,0.299145
e1-n64-s1,436,,385270,350000,,,,,2.7e-06,0.580323,0.272565
e1-n64-s1,437,,383328,350000,,,,,2.71e-06,0.606692,0.295661
e1-n64-s1,438,,433505,350000,,,,,2.71e-06,0.567398,0.224419
e1-n64-s1,439,,441644,350000,,,,,3.09e-06,0.617068,0.301839
e1-n64-s1,440,431208.0,,350000,345445,85763,0,0,3.19e-06,0.573290,0.271161
e1-n64-s1,441,,425082,350000,,,,,3.15e-06,0.580629,0.266823
e1-n64-s1,442,,425127,350000,,,,,3.13e-06,0.598054,0.289532
e1-n64-s1,443,,421042,350000,,,,,3.16e-06,0.590252,0.278000
e1-n64-s1,444,,421032,350000,,,,,3.16e-06,0.586271,0.281371
e1-n64-s1,445,,421140,350000,,,,,3.19e-06,0.610655,0.300484
e1-n64-s1,446,,419475,350000,,,,,3.22e-06,0.617309,0.305500
e1-n64-s1,447,,438486,350000,,,,,3.24e-06,0.600517,0.287226
e1-n64-s1,448,,434352,350000,,,,,3.42e-06,0.563683,0.211661
e1-n64-s1,449,,411848,350000,,,,,3.43e-06,0.610680,0.276581
e1-n64-s1,450,408256.0,,350000,322493,85763,0,0,3.28e-06,0.614521,0.293855
e1-n64-s1,451,,410262,350000,,,,,3.27e-06,0.616935,0.305242
e1-n64-s1,452,,410240,350000,,,,,3.32e-06,0.603818,0.295306
e1-n64-s1,453,,410419,350000,,,,,3.34e-06,0.539892,0.240000
e1-n64-s1,454,,414194,350000,,,,,3.37e-06,0.567148,0.260048
e1-n64-s1,455,,414358,350000,,,,,3.43e-06,0.587063,0.273887
e1-n64-s1,456,,385130,350000,,,,,3.46e-06,0.580130,0.273290
e1-n64-s1,457,,384895,350000,,,,,3.23e-06,0.592877,0.284613
e1-n64-s1,458,,383364,350000,,,,,3.24e-06,0.620693,0.312403
e1-n64-s1,459,,410988,350000,,,,,3.25e-06,0.634844,0.323258
e1-n64-s1,460,410504.0,,350000,324741,85763,0,0,3.51e-06,0.640104,0.326742
e1-n64-s1,461,,406798,350000,,,,,3.53e-06,0.604113,0.293532
e1-n64-s1,462,,406776,350000,,,,,3.53e-06,0.615395,0.302435
e1-n64-s1,463,,406706,350000,,,,,3.55e-06,0.621996,0.313952
e1-n64-s1,464,,381812,350000,,,,,3.58e-06,0.607803,0.296919
e1-n64-s1,465,,381722,350000,,,,,3.38e-06,0.620636,0.307516
e1-n64-s1,466,,381765,350000,,,,,3.39e-06,0.640054,0.323323
e1-n64-s1,467,,381707,350000,,,,,3.4e-06,0.610925,0.304323
e1-n64-s1,468,,381712,350000,,,,,3.42e-06,0.619612,0.302823
e1-n64-s1,469,,379727,350000,,,,,3.43e-06,0.602799,0.292177
e1-n64-s1,470,377334.0,,350000,291571,85763,0,0,3.43e-06,0.581915,0.275081
e1-n64-s1,471,,377610,350000,,,,,3.42e-06,0.596243,0.275532
e1-n64-s1,472,,377907,350000,,,,,3.44e-06,0.600917,0.291177
e1-n64-s1,473,,375859,350000,,,,,3.45e-06,0.585174,0.279032
e1-n64-s1,474,,375792,350000,,,,,3.45e-06,0.578919,0.271065
e1-n64-s1,475,,375893,350000,,,,,3.46e-06,0.574088,0.264403
e1-n64-s1,476,,375918,350000,,,,,3.47e-06,0.602800,0.293323
e1-n64-s1,477,,375895,350000,,,,,3.48e-06,0.646505,0.329242
e1-n64-s1,478,,374428,350000,,,,,3.5e-06,0.623557,0.308806
e1-n64-s1,479,,374457,350000,,,,,3.49e-06,0.614374,0.302194
e1-n64-s1,480,375387.0,,350000,289624,85763,0,0,3.51e-06,0.618620,0.275887
e1-n64-s1,481,,375629,350000,,,,,3.53e-06,0.616060,0.302581
e1-n64-s1,482,,374181,350000,,,,,3.54e-06,0.607522,0.250242
e1-n64-s1,483,,374191,350000,,,,,3.54e-06,0.617166,0.281855
e1-n64-s1,484,,374143,350000,,,,,3.55e-06,0.611440,0.296403
e1-n64-s1,485,,374283,350000,,,,,3.56e-06,0.629311,0.318306
e1-n64-s1,486,,374284,350000,,,,,3.58e-06,0.621781,0.307677
e1-n64-s1,487,,374255,350000,,,,,3.59e-06,0.597653,0.282145
e1-n64-s1,488,,374221,350000,,,,,3.6e-06,0.600338,0.291565
e1-n64-s1,489,,374284,350000,,,,,3.61e-06,0.602036,0.292484
e1-n64-s1,490,375382.0,,350000,289619,85763,0,0,3.62e-06,0.604024,0.296597
e1-n64-s1,491,,375638,350000,,,,,3.65e-06,0.637982,0.326661
e1-n64-s1,492,,375755,350000,,,,,3.66e-06,0.599543,0.227855
e1-n64-s1,493,,375674,350000,,,,,3.68e-06,0.591131,0.255516
e1-n64-s1,494,,375770,350000,,,,,3.69e-06,0.635714,0.326032
e1-n64-s1,495,,375839,350000,,,,,3.7e-06,0.626590,0.311226
e1-n64-s1,496,,374342,350000,,,,,3.72e-06,0.629415,0.284435
e1-n64-s1,497,,376026,350000,,,,,3.72e-06,0.639675,0.324274
e1-n64-s1,498,,375949,350000,,,,,3.75e-06,0.598493,0.260710
e1-n64-s1,499,,375861,350000,,,,,3.76e-06,0.637004,0.314581
e1-n64-s1,500,375397.0,,350000,289634,85763,0,0,3.77e-06,0.624967,0.305290
cprime-n64-s1,1,17853582.0,,5000000,13273184,4580398,0,0,1e-07,0.833778,0.540984
cprime-n64-s1,2,,17814613,5000000,,,,,1e-07,0.880528,0.626371
cprime-n64-s1,3,,12774295,5000000,,,,,1.06e-07,0.886955,0.643274
cprime-n64-s1,4,,12339829,5000000,,,,,7.99e-08,0.887623,0.638097
cprime-n64-s1,5,,10455521,5000000,,,,,8.08e-08,0.896693,0.661726
cprime-n64-s1,6,,9023851,5000000,,,,,7.1e-08,0.891738,0.647129
cprime-n64-s1,7,,8069461,5000000,,,,,6.31e-08,0.903842,0.673790
cprime-n64-s1,8,,7887125,5000000,,,,,5.78e-08,0.902450,0.673500
cprime-n64-s1,9,,7805148,5000000,,,,,5.78e-08,0.899658,0.658032
cprime-n64-s1,10,7598317.0,,5000000,3017919,4580398,0,0,5.85e-08,0.886582,0.630758
cprime-n64-s1,11,,7360702,5000000,,,,,5.81e-08,0.889092,0.656194
cprime-n64-s1,12,,7200921,5000000,,,,,5.74e-08,0.886522,0.645435
cprime-n64-s1,13,,7147690,5000000,,,,,5.72e-08,0.895536,0.669484
cprime-n64-s1,14,,6914149,5000000,,,,,5.78e-08,0.892622,0.637435
cprime-n64-s1,15,,7079990,5000000,,,,,5.68e-08,0.888563,0.645145
cprime-n64-s1,16,,6846491,5000000,,,,,5.92e-08,0.889890,0.650016
cprime-n64-s1,17,,7028689,5000000,,,,,5.82e-08,0.884324,0.594758
cprime-n64-s1,18,,6977437,5000000,,,,,6.07e-08,0.882814,0.634952
cprime-n64-s1,19,,7040819,5000000,,,,,6.13e-08,0.871493,0.592935
cprime-n64-s1,20,6686552.0,,5000000,2106154,4580398,0,0,6.29e-08,0.895383,0.660339
cprime-n64-s1,21,,6723379,5000000,,,,,6.06e-08,0.892696,0.648855
cprime-n64-s1,22,,6911800,5000000,,,,,6.19e-08,0.898048,0.667081
cprime-n64-s1,23,,6831822,5000000,,,,,6.47e-08,0.888954,0.641823
cprime-n64-s1,24,,6921919,5000000,,,,,6.49e-08,0.882403,0.619048
cprime-n64-s1,25,,6844048,5000000,,,,,6.69e-08,0.892660,0.656806
cprime-n64-s1,26,,6647403,5000000,,,,,6.71e-08,0.891846,0.666113
cprime-n64-s1,27,,6567445,5000000,,,,,6.62e-08,0.896768,0.628145
cprime-n64-s1,28,,6772124,5000000,,,,,6.63e-08,0.896794,0.663694
cprime-n64-s1,29,,6688134,5000000,,,,,6.94e-08,0.893188,0.653210
cprime-n64-s1,30,6659420.0,,5000000,2079022,4580398,0,0,6.95e-08,0.874311,0.574548
cprime-n64-s1,31,,6546716,5000000,,,,,7.02e-08,0.881833,0.621677
cprime-n64-s1,32,,6552840,5000000,,,,,7e-08,0.887864,0.649419
cprime-n64-s1,33,,6474969,5000000,,,,,7.1e-08,0.854741,0.512516
cprime-n64-s1,34,,6841482,5000000,,,,,7.1e-08,0.893754,0.651403
cprime-n64-s1,35,,6689945,5000000,,,,,7.63e-08,0.881468,0.605823
cprime-n64-s1,36,,6669273,5000000,,,,,7.57e-08,0.892583,0.652339
cprime-n64-s1,37,,6435845,5000000,,,,,7.65e-08,0.887240,0.632823
cprime-n64-s1,38,,6562715,5000000,,,,,7.48e-08,0.887977,0.635161
cprime-n64-s1,39,,6581073,5000000,,,,,7.73e-08,0.899747,0.668806
cprime-n64-s1,40,6509238.0,,5000000,1928840,4580398,0,0,7.86e-08,0.887559,0.632871
cprime-n64-s1,41,,6646368,5000000,,,,,7.88e-08,0.887184,0.645161
cprime-n64-s1,42,,6359577,5000000,,,,,8.16e-08,0.894370,0.662758
cprime-n64-s1,43,,6480320,5000000,,,,,7.9e-08,0.890333,0.644935
cprime-n64-s1,44,,6435131,5000000,,,,,8.15e-08,0.895558,0.665306
cprime-n64-s1,45,,6521004,5000000,,,,,8.2e-08,0.895942,0.668629
cprime-n64-s1,46,,6291554,5000000,,,,,8.42e-08,0.888572,0.655758
cprime-n64-s1,47,,6471687,5000000,,,,,8.22e-08,0.859846,0.574419
cprime-n64-s1,48,,6426552,5000000,,,,,8.56e-08,0.898665,0.674532
cprime-n64-s1,49,,6401954,5000000,,,,,8.61e-08,0.896447,0.656323
cprime-n64-s1,50,6551364.0,,5000000,1970966,4580398,0,0,8.69e-08,0.880277,0.610290
cprime-n64-s1,51,,6534980,5000000,,,,,9.01e-08,0.885731,0.592468
cprime-n64-s1,52,,6457055,5000000,,,,,9.11e-08,0.886615,0.641629
cprime-n64-s1,53,,6442655,5000000,,,,,9.11e-08,0.896853,0.654935
cprime-n64-s1,54,,6506101,5000000,,,,,9.21e-08,0.879708,0.635935
cprime-n64-s1,55,,6373008,5000000,,,,,9.42e-08,0.880003,0.615790
cprime-n64-s1,56,,6329921,5000000,,,,,9.34e-08,0.894227,0.658129
cprime-n64-s1,57,,6614593,5000000,,,,,9.39e-08,0.887566,0.630500
cprime-n64-s1,58,,6329810,5000000,,,,,9.95e-08,0.875742,0.590161
cprime-n64-s1,59,,6430157,5000000,,,,,9.64e-08,0.895924,0.657210
cprime-n64-s1,60,6251971.0,,5000000,1671573,4580398,0,0,9.91e-08,0.891297,0.663242
cprime-n64-s1,61,,6389145,5000000,,,,,9.75e-08,0.886626,0.655161
cprime-n64-s1,62,,6458755,5000000,,,,,1.01e-07,0.875331,0.615113
cprime-n64-s1,63,,6225209,5000000,,,,,1.03e-07,0.870252,0.613000
cprime-n64-s1,64,,6266201,5000000,,,,,1.01e-07,0.891308,0.657355
cprime-n64-s1,65,,6139220,5000000,,,,,1.02e-07,0.886101,0.639742
cprime-n64-s1,66,,6409423,5000000,,,,,1.01e-07,0.897960,0.665548
cprime-n64-s1,67,,6286484,5000000,,,,,1.07e-07,0.890126,0.656758
cprime-n64-s1,68,,6331530,5000000,,,,,1.06e-07,0.894738,0.652661
cprime-n64-s1,69,,6188170,5000000,,,,,1.08e-07,0.892027,0.658194
cprime-n64-s1,70,6171813.0,,5000000,1591415,4580398,0,0,1.07e-07,0.879873,0.632806
cprime-n64-s1,71,,6292652,5000000,,,,,1.08e-07,0.883759,0.625532
cprime-n64-s1,72,,6382737,5000000,,,,,1.11e-07,0.866638,0.602581
cprime-n64-s1,73,,6311015,5000000,,,,,1.14e-07,0.875164,0.613242
cprime-n64-s1,74,,6298685,5000000,,,,,1.14e-07,0.875701,0.612484
cprime-n64-s1,75,,6091859,5000000,,,,,1.15e-07,0.872141,0.548629
cprime-n64-s1,76,,6192189,5000000,,,,,1.13e-07,0.888200,0.645419
cprime-n64-s1,77,,6411251,5000000,,,,,1.16e-07,0.874349,0.619581
cprime-n64-s1,78,,6255593,5000000,,,,,1.21e-07,0.879505,0.624081
cprime-n64-s1,79,,6316932,5000000,,,,,1.2e-07,0.893475,0.650113
cprime-n64-s1,80,6185897.0,,5000000,1605499,4580398,0,0,1.22e-07,0.884281,0.636113
cprime-n64-s1,81,,6065060,5000000,,,,,1.21e-07,0.874873,0.601984
cprime-n64-s1,82,,6298446,5000000,,,,,1.2e-07,0.883340,0.628177
cprime-n64-s1,83,,6187748,5000000,,,,,1.26e-07,0.880598,0.642774
cprime-n64-s1,84,,6167374,5000000,,,,,1.25e-07,0.867100,0.605726
cprime-n64-s1,85,,6150963,5000000,,,,,1.26e-07,0.869483,0.578855
cprime-n64-s1,86,,6025860,5000000,,,,,1.27e-07,0.866797,0.598194
cprime-n64-s1,87,,6193838,5000000,,,,,1.26e-07,0.880312,0.625758
cprime-n64-s1,88,,6390409,5000000,,,,,1.3e-07,0.866318,0.609048
cprime-n64-s1,89,,6132341,5000000,,,,,1.36e-07,0.864782,0.584581
cprime-n64-s1,90,6087280.0,,5000000,1506882,4580398,0,0,1.32e-07,0.859993,0.556194
cprime-n64-s1,91,,6158960,5000000,,,,,1.32e-07,0.865358,0.628371
cprime-n64-s1,92,,6050310,5000000,,,,,1.35e-07,0.877145,0.626226
cprime-n64-s1,93,,6107664,5000000,,,,,1.34e-07,0.857924,0.592532
cprime-n64-s1,94,,6156695,5000000,,,,,1.37e-07,0.869604,0.625081
cprime-n64-s1,95,,5913020,5000000,,,,,1.39e-07,0.869674,0.611306
cprime-n64-s1,96,,5964102,5000000,,,,,1.35e-07,0.862452,0.595968
cprime-n64-s1,97,,6117749,5000000,,,,,1.37e-07,0.850283,0.557274
cprime-n64-s1,98,,6105392,5000000,,,,,1.42e-07,0.878923,0.628677
cprime-n64-s1,99,,6183132,5000000,,,,,1.43e-07,0.878318,0.635048
cprime-n64-s1,100,5910763.0,,5000000,1330365,4580398,0,0,1.47e-07,0.878271,0.622855
cprime-n64-s1,101,,5996688,5000000,,,,,1.42e-07,0.873092,0.625565
cprime-n64-s1,102,,5976240,5000000,,,,,1.45e-07,0.881149,0.648081
cprime-n64-s1,103,,6084747,5000000,,,,,1.46e-07,0.886048,0.632694
cprime-n64-s1,104,,5918928,5000000,,,,,1.5e-07,0.871359,0.599661
cprime-n64-s1,105,,6000705,5000000,,,,,1.47e-07,0.875330,0.630194
cprime-n64-s1,106,,6017079,5000000,,,,,1.5e-07,0.876062,0.629242
cprime-n64-s1,107,,5945357,5000000,,,,,1.52e-07,0.879338,0.637242
cprime-n64-s1,108,,6080419,5000000,,,,,1.52e-07,0.861283,0.581613
cprime-n64-s1,109,,5869556,5000000,,,,,1.57e-07,0.858177,0.509548
cprime-n64-s1,110,6236111.0,,5000000,1655713,4580398,0,0,1.52e-07,0.867961,0.591581
cprime-n64-s1,111,,5959572,5000000,,,,,1.64e-07,0.868549,0.593065
cprime-n64-s1,112,,6127577,5000000,,,,,1.58e-07,0.877777,0.640516
cprime-n64-s1,113,,5939119,5000000,,,,,1.64e-07,0.854956,0.550806
cprime-n64-s1,114,,5701573,5000000,,,,,1.6e-07,0.857621,0.607387
cprime-n64-s1,115,,6023067,5000000,,,,,1.55e-07,0.838696,0.554645
cprime-n64-s1,116,,5916588,5000000,,,,,1.65e-07,0.871599,0.625016
cprime-n64-s1,117,,5951335,5000000,,,,,1.64e-07,0.868746,0.603016
cprime-n64-s1,118,,5990237,5000000,,,,,1.66e-07,0.872567,0.612032
cprime-n64-s1,119,,5922562,5000000,,,,,1.69e-07,0.878543,0.627839
cprime-n64-s1,120,5965683.0,,5000000,1385285,4580398,0,0,1.68e-07,0.864969,0.581258
cprime-n64-s1,121,,5869309,5000000,,,,,1.71e-07,0.843887,0.520145
cprime-n64-s1,122,,5865208,5000000,,,,,1.7e-07,0.864574,0.570129
cprime-n64-s1,123,,5936942,5000000,,,,,1.71e-07,0.843875,0.546613
cprime-n64-s1,124,,5877560,5000000,,,,,1.74e-07,0.836381,0.500387
cprime-n64-s1,125,,6094584,5000000,,,,,1.74e-07,0.869669,0.605000
cprime-n64-s1,126,,5797560,5000000,,,,,1.82e-07,0.879065,0.631613
cprime-n64-s1,127,,5762756,5000000,,,,,1.75e-07,0.867206,0.616919
cprime-n64-s1,128,,5764723,5000000,,,,,1.75e-07,0.861766,0.600952
cprime-n64-s1,129,,5934761,5000000,,,,,1.76e-07,0.867309,0.589065
cprime-n64-s1,130,5875374.0,,5000000,1294976,4580398,0,0,1.83e-07,0.871923,0.624387
cprime-n64-s1,131,,5920334,5000000,,,,,1.82e-07,0.861998,0.591661
cprime-n64-s1,132,,5826168,5000000,,,,,1.85e-07,0.866641,0.573661
cprime-n64-s1,133,,5893732,5000000,,,,,1.84e-07,0.854147,0.558145
cprime-n64-s1,134,,5963386,5000000,,,,,1.88e-07,0.850341,0.551403
cprime-n64-s1,135,,5670495,5000000,,,,,1.91e-07,0.860030,0.578048
cprime-n64-s1,136,,5803588,5000000,,,,,1.83e-07,0.852324,0.568226
cprime-n64-s1,137,,5772905,5000000,,,,,1.89e-07,0.850991,0.554613
cprime-n64-s1,138,,5936703,5000000,,,,,1.89e-07,0.869559,0.592452
cprime-n64-s1,139,,5776986,5000000,,,,,1.96e-07,0.866667,0.602484
cprime-n64-s1,140,5740144.0,,5000000,1159746,4580398,0,0,1.92e-07,0.863029,0.599242
cprime-n64-s1,141,,5619275,5000000,,,,,1.93e-07,0.865761,0.619935
cprime-n64-s1,142,,5738101,5000000,,,,,1.9e-07,0.872033,0.608484
cprime-n64-s1,143,,5744262,5000000,,,,,1.95e-07,0.864600,0.588274
cprime-n64-s1,144,,5881488,5000000,,,,,1.96e-07,0.852517,0.581984
cprime-n64-s1,145,,5762704,5000000,,,,,2.03e-07,0.863712,0.568887
cprime-n64-s1,146,,5926374,5000000,,,,,2e-07,0.881336,0.631661
cprime-n64-s1,147,,5611031,5000000,,,,,2.08e-07,0.847863,0.567242
cprime-n64-s1,148,,5852828,5000000,,,,,1.98e-07,0.855568,0.565403
cprime-n64-s1,149,,5914214,5000000,,,,,2.08e-07,0.867263,0.603597
cprime-n64-s1,150,5885549.0,,5000000,1305151,4580398,0,0,2.12e-07,0.862559,0.603597
cprime-n64-s1,151,,6192648,5000000,,,,,2.12e-07,0.858148,0.554081
cprime-n64-s1,152,,5498516,5000000,,,,,2.26e-07,0.848264,0.557274
cprime-n64-s1,153,,5461556,5000000,,,,,2.02e-07,0.862555,0.593339
cprime-n64-s1,154,,5678617,5000000,,,,,2.01e-07,0.862419,0.570161
cprime-n64-s1,155,,5991946,5000000,,,,,2.1e-07,0.865027,0.620419
cprime-n64-s1,156,,5828000,5000000,,,,,2.24e-07,0.864830,0.587661
cprime-n64-s1,157,,5854757,5000000,,,,,2.2e-07,0.871470,0.620935
cprime-n64-s1,158,,5750422,5000000,,,,,2.22e-07,0.843108,0.539952
cprime-n64-s1,159,,5619350,5000000,,,,,2.2e-07,0.857498,0.565484
cprime-n64-s1,160,5539328.0,,5000000,958930,4580398,0,0,2.16e-07,0.865954,0.618403
cprime-n64-s1,161,,5815921,5000000,,,,,2.14e-07,0.865902,0.616484
cprime-n64-s1,162,,5705445,5000000,,,,,2.27e-07,0.858917,0.582129
cprime-n64-s1,163,,5840588,5000000,,,,,2.24e-07,0.873382,0.615903
cprime-n64-s1,164,,5852748,5000000,,,,,2.31e-07,0.859832,0.590500
cprime-n64-s1,165,,5756519,5000000,,,,,2.33e-07,0.852131,0.579258
cprime-n64-s1,166,,5568167,5000000,,,,,2.31e-07,0.860352,0.542161
cprime-n64-s1,167,,6061698,5000000,,,,,2.25e-07,0.864918,0.596613
cprime-n64-s1,168,,5672541,5000000,,,,,2.47e-07,0.869079,0.601984
cprime-n64-s1,169,,5752408,5000000,,,,,2.32e-07,0.861760,0.611065
cprime-n64-s1,170,5373526.0,,5000000,793128,4580398,0,0,2.37e-07,0.866645,0.612629
cprime-n64-s1,171,,5858808,5000000,,,,,2.23e-07,0.866240,0.607871
cprime-n64-s1,172,,5650114,5000000,,,,,2.45e-07,0.857765,0.563258
cprime-n64-s1,173,,5953144,5000000,,,,,2.37e-07,0.868610,0.601274
cprime-n64-s1,174,,5983810,5000000,,,,,2.52e-07,0.869627,0.607855
cprime-n64-s1,175,,5570301,5000000,,,,,2.56e-07,0.860653,0.572016
cprime-n64-s1,176,,5729964,5000000,,,,,2.39e-07,0.869112,0.604855
cprime-n64-s1,177,,5521142,5000000,,,,,2.48e-07,0.852974,0.506306
cprime-n64-s1,178,,5697206,5000000,,,,,2.4e-07,0.848350,0.577290
cprime-n64-s1,179,,5693349,5000000,,,,,2.49e-07,0.860225,0.572597
cprime-n64-s1,180,5916497.0,,5000000,1336099,4580398,0,0,2.51e-07,0.857046,0.580484
cprime-n64-s1,181,,5588699,5000000,,,,,2.63e-07,0.862294,0.590177
cprime-n64-s1,182,,5783323,5000000,,,,,2.5e-07,0.867633,0.603452
cprime-n64-s1,183,,5810038,5000000,,,,,2.6e-07,0.864886,0.581000
cprime-n64-s1,184,,5652273,5000000,,,,,2.64e-07,0.875621,0.618355
cprime-n64-s1,185,,5799707,5000000,,,,,2.58e-07,0.874307,0.607194
cprime-n64-s1,186,,5789511,5000000,,,,,2.67e-07,0.872399,0.628790
cprime-n64-s1,187,,5554033,5000000,,,,,2.68e-07,0.859136,0.587710
cprime-n64-s1,188,,5773169,5000000,,,,,2.59e-07,0.851930,0.585452
cprime-n64-s1,189,,6000455,5000000,,,,,2.71e-07,0.871155,0.585661
cprime-n64-s1,190,5418855.0,,5000000,838457,4580398,0,0,2.84e-07,0.855303,0.584629
cprime-n64-s1,191,,6006616,5000000,,,,,2.57e-07,0.860395,0.573258
cprime-n64-s1,192,,5623672,5000000,,,,,2.88e-07,0.856382,0.585984
cprime-n64-s1,193,,5638008,5000000,,,,,2.71e-07,0.865050,0.594258
cprime-n64-s1,194,,5603251,5000000,,,,,2.74e-07,0.874496,0.613726
cprime-n64-s1,195,,5783426,5000000,,,,,2.73e-07,0.850423,0.525145
cprime-n64-s1,196,,5728103,5000000,,,,,2.84e-07,0.855627,0.591774
cprime-n64-s1,197,,5687175,5000000,,,,,2.83e-07,0.852476,0.587806
cprime-n64-s1,198,,5652408,5000000,,,,,2.83e-07,0.824653,0.551952
cprime-n64-s1,199,,5662594,5000000,,,,,2.83e-07,0.851132,0.548323
cprime-n64-s1,200,5656339.0,,5000000,1075941,4580398,0,0,2.86e-07,0.863985,0.600339
cprime-n64-s1,201,,5578515,5000000,,,,,2.87e-07,0.862073,0.607790
cprime-n64-s1,202,,5560216,5000000,,,,,2.85e-07,0.859816,0.579758
cprime-n64-s1,203,,5490589,5000000,,,,,2.85e-07,0.858951,0.604500
cprime-n64-s1,204,,5701533,5000000,,,,,2.83e-07,0.814142,0.501984
cprime-n64-s1,205,,5201831,5000000,,,,,2.96e-07,0.840542,0.569629
cprime-n64-s1,206,,5756930,5000000,,,,,2.7e-07,0.857671,0.570645
cprime-n64-s1,207,,5627886,5000000,,,,,3.01e-07,0.854701,0.588903
cprime-n64-s1,208,,5763086,5000000,,,,,2.96e-07,0.858642,0.574952
cprime-n64-s1,209,,5849181,5000000,,,,,3.06e-07,0.794885,0.459194
cprime-n64-s1,210,5832637.0,,5000000,1252239,4580398,0,0,3.13e-07,0.829439,0.505935
cprime-n64-s1,211,,5734409,5000000,,,,,3.14e-07,0.866961,0.606387
cprime-n64-s1,212,,5888009,5000000,,,,,3.11e-07,0.848645,0.546645
cprime-n64-s1,213,,5394360,5000000,,,,,3.22e-07,0.841595,0.558919
cprime-n64-s1,214,,5398515,5000000,,,,,2.96e-07,0.835751,0.536548
cprime-n64-s1,215,,5568430,5000000,,,,,2.97e-07,0.855979,0.560790
cprime-n64-s1,216,,5312445,5000000,,,,,3.08e-07,0.857130,0.556194
cprime-n64-s1,217,,5777405,5000000,,,,,2.95e-07,0.844959,0.567306
cprime-n64-s1,218,,5568556,5000000,,,,,3.23e-07,0.862817,0.573839
cprime-n64-s1,219,,5470183,5000000,,,,,3.13e-07,0.850506,0.571645
cprime-n64-s1,220,5685346.0,,5000000,1104948,4580398,0,0,3.09e-07,0.849676,0.589629
cprime-n64-s1,221,,5562306,5000000,,,,,3.23e-07,0.870805,0.607339
cprime-n64-s1,222,,5492674,5000000,,,,,3.18e-07,0.868074,0.617903
cprime-n64-s1,223,,5769255,5000000,,,,,3.16e-07,0.860381,0.569419
cprime-n64-s1,224,,5369693,5000000,,,,,3.34e-07,0.870107,0.602258
cprime-n64-s1,225,,5560263,5000000,,,,,3.12e-07,0.841462,0.515677
cprime-n64-s1,226,,5734530,5000000,,,,,3.25e-07,0.843653,0.556435
cprime-n64-s1,227,,5416930,5000000,,,,,3.37e-07,0.856532,0.586145
cprime-n64-s1,228,,5638252,5000000,,,,,3.2e-07,0.865444,0.611726
cprime-n64-s1,229,,5638131,5000000,,,,,3.35e-07,0.840514,0.552919
cprime-n64-s1,230,5484583.0,,5000000,904185,4580398,0,0,3.37e-07,0.863821,0.607677
cprime-n64-s1,231,,5331079,5000000,,,,,3.29e-07,0.847009,0.558694
cprime-n64-s1,232,,5462013,5000000,,,,,3.21e-07,0.828387,0.535839
cprime-n64-s1,233,,5492770,5000000,,,,,3.3e-07,0.849413,0.574839
cprime-n64-s1,234,,5568578,5000000,,,,,3.34e-07,0.863929,0.613177
cprime-n64-s1,235,,5724184,5000000,,,,,3.4e-07,0.848697,0.590677
cprime-n64-s1,236,,5675074,5000000,,,,,3.52e-07,0.832597,0.539968
cprime-n64-s1,237,,5355581,5000000,,,,,3.51e-07,0.847315,0.559081
cprime-n64-s1,238,,5335111,5000000,,,,,3.33e-07,0.849393,0.548016
cprime-n64-s1,239,,5337127,5000000,,,,,3.32e-07,0.857202,0.596935
cprime-n64-s1,240,5459970.0,,5000000,879572,4580398,0,0,3.34e-07,0.841846,0.571806
cprime-n64-s1,241,,5316659,5000000,,,,,3.43e-07,0.857332,0.583081
cprime-n64-s1,242,,5548036,5000000,,,,,3.35e-07,0.863484,0.603274
cprime-n64-s1,243,,5777486,5000000,,,,,3.51e-07,0.867700,0.615403
cprime-n64-s1,244,,5494909,5000000,,,,,3.68e-07,0.838878,0.561532
cprime-n64-s1,245,,5607566,5000000,,,,,3.52e-07,0.855784,0.577081
cprime-n64-s1,246,,5582958,5000000,,,,,3.61e-07,0.828202,0.534548
cprime-n64-s1,247,,5374008,5000000,,,,,3.62e-07,0.858751,0.580726
cprime-n64-s1,248,,5378146,5000000,,,,,3.49e-07,0.854528,0.580242
cprime-n64-s1,249,,5562414,5000000,,,,,3.51e-07,0.843513,0.542694
cprime-n64-s1,250,5523421.0,,5000000,943023,4580398,0,0,3.65e-07,0.856296,0.589371
cprime-n64-s1,251,,5449784,5000000,,,,,3.64e-07,0.858113,0.596500
cprime-n64-s1,252,,5273619,5000000,,,,,3.61e-07,0.859376,0.586290
cprime-n64-s1,253,,5488760,5000000,,,,,3.5e-07,0.858020,0.589129
cprime-n64-s1,254,,5259347,5000000,,,,,3.66e-07,0.865105,0.615516
cprime-n64-s1,255,,5703800,5000000,,,,,3.52e-07,0.863951,0.599081
cprime-n64-s1,256,,5441538,5000000,,,,,3.84e-07,0.792923,0.359435
cprime-n64-s1,257,,5335202,5000000,,,,,3.68e-07,0.832272,0.474887
cprime-n64-s1,258,,5580824,5000000,,,,,3.62e-07,0.851675,0.577774
cprime-n64-s1,259,,5388302,5000000,,,,,3.81e-07,0.848565,0.584290
cprime-n64-s1,260,5673085.0,,5000000,1092687,4580398,0,0,3.69e-07,0.835468,0.525677
cprime-n64-s1,261,,5206131,5000000,,,,,3.91e-07,0.859650,0.589113
cprime-n64-s1,262,,5484664,5000000,,,,,3.59e-07,0.858796,0.574952
cprime-n64-s1,263,,5224536,5000000,,,,,3.8e-07,0.852966,0.586403
cprime-n64-s1,264,,5558377,5000000,,,,,3.63e-07,0.838155,0.520161
cprime-n64-s1,265,,5372056,5000000,,,,,3.88e-07,0.864201,0.596484
cprime-n64-s1,266,,5388403,5000000,,,,,3.77e-07,0.849382,0.566581
cprime-n64-s1,267,,5529737,5000000,,,,,3.79e-07,0.819048,0.455000
cprime-n64-s1,268,,5216339,5000000,,,,,3.91e-07,0.842594,0.583871
cprime-n64-s1,269,,5451891,5000000,,,,,3.7e-07,0.851276,0.570726
cprime-n64-s1,270,5318798.0,,5000000,738400,4580398,0,0,3.88e-07,0.827004,0.516500
cprime-n64-s1,271,,5411005,5000000,,,,,3.8e-07,0.857394,0.584855
cprime-n64-s1,272,,5560430,5000000,,,,,3.88e-07,0.845365,0.537968
cprime-n64-s1,273,,5453853,5000000,,,,,4.01e-07,0.852465,0.575919
cprime-n64-s1,274,,5410914,5000000,,,,,3.95e-07,0.861393,0.587032
cprime-n64-s1,275,,5585070,5000000,,,,,3.93e-07,0.825123,0.499742
cprime-n64-s1,276,,5163177,5000000,,,,,4.08e-07,0.852872,0.564371
cprime-n64-s1,277,,5470296,5000000,,,,,3.78e-07,0.850920,0.593339
cprime-n64-s1,278,,5310520,5000000,,,,,4.02e-07,0.859919,0.602339
cprime-n64-s1,279,,5437634,5000000,,,,,3.92e-07,0.845647,0.514419
cprime-n64-s1,280,5357666.0,,5000000,777268,4580398,0,0,4.03e-07,0.845782,0.557145
cprime-n64-s1,281,,5400765,5000000,,,,,3.98e-07,0.844396,0.568242
cprime-n64-s1,282,,5419160,5000000,,,,,4.03e-07,0.861884,0.598968
cprime-n64-s1,283,,5236999,5000000,,,,,4.06e-07,0.854593,0.579274
cprime-n64-s1,284,,5335288,5000000,,,,,3.93e-07,0.860341,0.580661
cprime-n64-s1,285,,5372179,5000000,,,,,4.02e-07,0.854349,0.568194
cprime-n64-s1,286,,5288201,5000000,,,,,4.06e-07,0.835709,0.542210
cprime-n64-s1,287,,5413193,5000000,,,,,4.01e-07,0.856757,0.582548
cprime-n64-s1,288,,5329139,5000000,,,,,4.12e-07,0.854421,0.583806
cprime-n64-s1,289,,5341390,5000000,,,,,4.07e-07,0.848020,0.592435
cprime-n64-s1,290,5394611.0,,5000000,814213,4580398,0,0,4.09e-07,0.860195,0.571468
cprime-n64-s1,291,,5411032,5000000,,,,,4.15e-07,0.845059,0.549274
cprime-n64-s1,292,,5613710,5000000,,,,,4.18e-07,0.831067,0.529629
cprime-n64-s1,293,,5345464,5000000,,,,,4.36e-07,0.854247,0.582129
cprime-n64-s1,294,,5120120,5000000,,,,,4.16e-07,0.846327,0.567871
cprime-n64-s1,295,,5593262,5000000,,,,,3.99e-07,0.848905,0.542774
cprime-n64-s1,296,,5374094,5000000,,,,,4.39e-07,0.853385,0.578226
cprime-n64-s1,297,,5404836,5000000,,,,,4.23e-07,0.858100,0.574274
cprime-n64-s1,298,,5325001,5000000,,,,,4.27e-07,0.854006,0.583048
cprime-n64-s1,299,,5501235,5000000,,,,,4.22e-07,0.864174,0.606161
cprime-n64-s1,300,5411081.0,,5000000,830683,4580398,0,0,4.38e-07,0.850080,0.567032
cprime-n64-s1,301,,5366010,5000000,,,,,4.33e-07,0.758476,0.426435
cprime-n64-s1,302,,5501161,5000000,,,,,4.31e-07,0.853839,0.580935
cprime-n64-s1,303,,5333097,5000000,,,,,4.44e-07,0.834476,0.492113
cprime-n64-s1,304,,5382244,5000000,,,,,4.31e-07,0.728448,0.252290
cprime-n64-s1,305,,5558436,5000000,,,,,4.37e-07,0.846233,0.561048
cprime-n64-s1,306,,5253289,5000000,,,,,4.54e-07,0.851304,0.554000
cprime-n64-s1,307,,5267534,5000000,,,,,4.3e-07,0.850651,0.562290
cprime-n64-s1,308,,5400782,5000000,,,,,4.32e-07,0.799846,0.391952
cprime-n64-s1,309,,5515359,5000000,,,,,4.45e-07,0.857735,0.597855
cprime-n64-s1,310,5427332.0,,5000000,846934,4580398,0,0,4.57e-07,0.856824,0.568081
cprime-n64-s1,311,,5292132,5000000,,,,,4.51e-07,0.851263,0.578419
cprime-n64-s1,312,,5163059,5000000,,,,,4.41e-07,0.856665,0.567726
cprime-n64-s1,313,,5550121,5000000,,,,,4.31e-07,0.835667,0.514629
cprime-n64-s1,314,,5279844,5000000,,,,,4.66e-07,0.821233,0.478919
cprime-n64-s1,315,,5552159,5000000,,,,,4.44e-07,0.834248,0.542226
cprime-n64-s1,316,,5488703,5000000,,,,,4.7e-07,0.829459,0.505952
cprime-n64-s1,317,,5220430,5000000,,,,,4.66e-07,0.840682,0.526565
cprime-n64-s1,318,,5376083,5000000,,,,,4.45e-07,0.822905,0.481210
cprime-n64-s1,319,,5185577,5000000,,,,,4.6e-07,0.843713,0.539177
cprime-n64-s1,320,5468297.0,,5000000,887899,4580398,0,0,4.44e-07,0.855663,0.576000
cprime-n64-s1,321,,5302271,5000000,,,,,4.7e-07,0.852558,0.539758
cprime-n64-s1,322,,5302308,5000000,,,,,4.57e-07,0.833149,0.542452
cprime-n64-s1,323,,5408900,5000000,,,,,4.59e-07,0.850263,0.543645
cprime-n64-s1,324,,5578847,5000000,,,,,4.7e-07,0.845408,0.543516
cprime-n64-s1,325,,5380191,5000000,,,,,4.87e-07,0.835040,0.480242
cprime-n64-s1,326,,5388351,5000000,,,,,4.72e-07,0.846808,0.544774
cprime-n64-s1,327,,5343322,5000000,,,,,4.74e-07,0.827527,0.492887
cprime-n64-s1,328,,5417023,5000000,,,,,4.72e-07,0.812858,0.488306
cprime-n64-s1,329,,5363755,5000000,,,,,4.8e-07,0.842028,0.512403
cprime-n64-s1,330,5341210.0,,5000000,760812,4580398,0,0,4.77e-07,0.827558,0.526226
cprime-n64-s1,331,,5240779,5000000,,,,,4.77e-07,0.836466,0.497435
cprime-n64-s1,332,,5431216,5000000,,,,,4.69e-07,0.826725,0.495097
cprime-n64-s1,333,,5193678,5000000,,,,,4.88e-07,0.826582,0.489935
cprime-n64-s1,334,,5314522,5000000,,,,,4.67e-07,0.818195,0.397113
cprime-n64-s1,335,,5222394,5000000,,,,,4.8e-07,0.832738,0.503790
cprime-n64-s1,336,,5345205,5000000,,,,,4.72e-07,0.799395,0.379290
cprime-n64-s1,337,,5398483,5000000,,,,,4.85e-07,0.802901,0.372774
cprime-n64-s1,338,,5259236,5000000,,,,,4.92e-07,0.787219,0.384855
cprime-n64-s1,339,,5312479,5000000,,,,,4.8e-07,0.854048,0.554790
cprime-n64-s1,340,5349328.0,,5000000,768930,4580398,0,0,4.87e-07,0.844253,0.476694
cprime-n64-s1,341,,5369828,5000000,,,,,4.92e-07,0.813498,0.433919
cprime-n64-s1,342,,5367758,5000000,,,,,4.95e-07,0.809941,0.364306
cprime-n64-s1,343,,5251012,5000000,,,,,4.97e-07,0.819540,0.438710
cprime-n64-s1,344,,5423066,5000000,,,,,4.87e-07,0.839628,0.509565
cprime-n64-s1,345,,5216245,5000000,,,,,5.05e-07,0.804555,0.390484
cprime-n64-s1,346,,5253050,5000000,,,,,4.87e-07,0.838467,0.506065
cprime-n64-s1,347,,5468142,5000000,,,,,4.92e-07,0.780605,0.362855
cprime-n64-s1,348,,5226527,5000000,,,,,5.14e-07,0.832057,0.504532
cprime-n64-s1,349,,5578810,5000000,,,,,4.93e-07,0.793311,0.390661
cprime-n64-s1,350,5304270.0,,5000000,723872,4580398,0,0,5.29e-07,0.826065,0.417339
cprime-n64-s1,351,,5242874,5000000,,,,,5.04e-07,0.797819,0.330435
cprime-n64-s1,352,,5267460,5000000,,,,,5e-07,0.828349,0.442952
cprime-n64-s1,353,,5519332,5000000,,,,,5.03e-07,0.810111,0.440210
cprime-n64-s1,354,,5150687,5000000,,,,,5.3e-07,0.854118,0.498500
cprime-n64-s1,355,,5306345,5000000,,,,,4.95e-07,0.851822,0.589290
cprime-n64-s1,356,,5185476,5000000,,,,,5.12e-07,0.803981,0.432403
cprime-n64-s1,357,,5281791,5000000,,,,,5.01e-07,0.773677,0.247452
cprime-n64-s1,358,,5246958,5000000,,,,,5.12e-07,0.737821,0.355258
cprime-n64-s1,359,,5521407,5000000,,,,,5.09e-07,0.787364,0.341677
cprime-n64-s1,360,5273572.0,,5000000,693174,4580398,0,0,5.39e-07,0.829521,0.480790
cprime-n64-s1,361,,5294089,5000000,,,,,5.16e-07,0.753195,0.236581
cprime-n64-s1,362,,5376031,5000000,,,,,5.19e-07,0.842159,0.414758
cprime-n64-s1,363,,5451780,5000000,,,,,5.29e-07,0.826027,0.500065
cprime-n64-s1,364,,5175280,5000000,,,,,5.39e-07,0.812962,0.472452
cprime-n64-s1,365,,5218271,5000000,,,,,5.13e-07,0.836342,0.530484
cprime-n64-s1,366,,5265333,5000000,,,,,5.18e-07,0.809206,0.437081
cprime-n64-s1,367,,5271551,5000000,,,,,5.24e-07,0.817724,0.434581
cprime-n64-s1,368,,5257247,5000000,,,,,5.26e-07,0.800248,0.329839
cprime-n64-s1,369,,5533754,5000000,,,,,5.26e-07,0.797217,0.342355
cprime-n64-s1,370,5208095.0,,5000000,627697,4580398,0,0,5.57e-07,0.793242,0.318710
cprime-n64-s1,371,,5275679,5000000,,,,,5.25e-07,0.806265,0.388355
cprime-n64-s1,372,,5486633,5000000,,,,,5.33e-07,0.771033,0.255532
cprime-n64-s1,373,,5199930,5000000,,,,,5.57e-07,0.824761,0.376258
cprime-n64-s1,374,,5322751,5000000,,,,,5.29e-07,0.813473,0.408952
cprime-n64-s1,375,,5552196,5000000,,,,,5.43e-07,0.825718,0.445516
cprime-n64-s1,376,,5185530,5000000,,,,,5.69e-07,0.759254,0.252581
cprime-n64-s1,377,,5230655,5000000,,,,,5.33e-07,0.811900,0.330903
cprime-n64-s1,378,,5445589,5000000,,,,,5.39e-07,0.788770,0.307629
cprime-n64-s1,379,,5253050,5000000,,,,,5.63e-07,0.796828,0.348258
cprime-n64-s1,380,5300206.0,,5000000,719808,4580398,0,0,5.45e-07,0.820453,0.437935
cprime-n64-s1,381,,5267492,5000000,,,,,5.51e-07,0.801977,0.272194
cprime-n64-s1,382,,5513257,5000000,,,,,5.49e-07,0.823912,0.317968
cprime-n64-s1,383,,5144676,5000000,,,,,5.78e-07,0.824221,0.448177
cprime-n64-s1,384,,5308447,5000000,,,,,5.4e-07,0.796187,0.343290
cprime-n64-s1,385,,5505087,5000000,,,,,5.59e-07,0.799303,0.412565
cprime-n64-s1,386,,5288004,5000000,,,,,5.82e-07,0.829075,0.464435
cprime-n64-s1,387,,5193769,5000000,,,,,5.61e-07,0.771554,0.334371
cprime-n64-s1,388,,5255231,5000000,,,,,5.52e-07,0.834191,0.480161
cprime-n64-s1,389,,5193754,5000000,,,,,5.6e-07,0.836980,0.464290
cprime-n64-s1,390,5410847.0,,5000000,830449,4580398,0,0,5.54e-07,0.835132,0.471758
cprime-n64-s1,391,,5228607,5000000,,,,,5.8e-07,0.801615,0.378919
cprime-n64-s1,392,,5365833,5000000,,,,,5.61e-07,0.827169,0.445871
cprime-n64-s1,393,,5187642,5000000,,,,,5.78e-07,0.793873,0.378081
cprime-n64-s1,394,,5431386,5000000,,,,,5.6e-07,0.800642,0.355048
cprime-n64-s1,395,,5058633,5000000,,,,,5.89e-07,0.799892,0.388032
cprime-n64-s1,396,,5339194,5000000,,,,,5.49e-07,0.807564,0.395145
cprime-n64-s1,397,,5455898,5000000,,,,,5.81e-07,0.802063,0.376661
cprime-n64-s1,398,,5423167,5000000,,,,,5.96e-07,0.817835,0.394871
cprime-n64-s1,399,,5046244,5000000,,,,,5.95e-07,0.741780,0.271419
cprime-n64-s1,400,5261301.0,,5000000,680903,4580398,0,0,5.54e-07,0.825117,0.482387
cprime-n64-s1,401,,5222394,5000000,,,,,5.79e-07,0.809283,0.447839
cprime-n64-s1,402,,5242879,5000000,,,,,5.76e-07,0.807895,0.422613
cprime-n64-s1,403,,5269513,5000000,,,,,5.8e-07,0.797475,0.333629
cprime-n64-s1,404,,5345328,5000000,,,,,5.84e-07,0.789691,0.284145
cprime-n64-s1,405,,5269525,5000000,,,,,5.95e-07,0.788398,0.394177
cprime-n64-s1,406,,5144629,5000000,,,,,5.88e-07,0.806329,0.396419
cprime-n64-s1,407,,5322798,5000000,,,,,5.75e-07,0.818115,0.465081
cprime-n64-s1,408,,5300277,5000000,,,,,5.96e-07,0.758845,0.308597
cprime-n64-s1,409,,5423108,5000000,,,,,5.96e-07,0.807747,0.401806
cprime-n64-s1,410,5173284.0,,5000000,592886,4580398,0,0,6.12e-07,0.769146,0.333710
cprime-n64-s1,411,,5304410,5000000,,,,,5.85e-07,0.789306,0.322661
cprime-n64-s1,412,,5195893,5000000,,,,,6.01e-07,0.776443,0.358161
cprime-n64-s1,413,,5003376,5000000,,,,,5.9e-07,0.793591,0.406355
cprime-n64-s1,414,,5466202,5000000,,,,,5.68e-07,0.813218,0.454032
cprime-n64-s1,415,,5169242,5000000,,,,,6.24e-07,0.814666,0.409097
cprime-n64-s1,416,,5433439,5000000,,,,,5.91e-07,0.817366,0.385435
cprime-n64-s1,417,,5204031,5000000,,,,,6.23e-07,0.819359,0.391145
cprime-n64-s1,418,,5371989,5000000,,,,,5.98e-07,0.818367,0.402468
cprime-n64-s1,419,,5050436,5000000,,,,,6.2e-07,0.822415,0.410597
cprime-n64-s1,420,5185621.0,,5000000,605223,4580398,0,0,5.83e-07,0.810987,0.392952
cprime-n64-s1,421,,5150815,5000000,,,,,6e-07,0.812710,0.397968
cprime-n64-s1,422,,5447765,5000000,,,,,5.97e-07,0.814409,0.361677
cprime-n64-s1,423,,5238869,5000000,,,,,6.34e-07,0.732024,0.295661
cprime-n64-s1,424,,5238864,5000000,,,,,6.11e-07,0.798506,0.362387
cprime-n64-s1,425,,5269589,5000000,,,,,6.12e-07,0.810052,0.316952
cprime-n64-s1,426,,5322864,5000000,,,,,6.17e-07,0.809623,0.330968
cprime-n64-s1,427,,5152853,5000000,,,,,6.26e-07,0.818123,0.389935
cprime-n64-s1,428,,5224533,5000000,,,,,6.07e-07,0.802611,0.343500
cprime-n64-s1,429,,5103706,5000000,,,,,6.16e-07,0.800192,0.320726
cprime-n64-s1,430,5197909.0,,5000000,617511,4580398,0,0,6.03e-07,0.812318,0.404048
cprime-n64-s1,431,,5183541,5000000,,,,,6.15e-07,0.780995,0.299419
cprime-n64-s1,432,,5003280,5000000,,,,,6.14e-07,0.823606,0.460177
cprime-n64-s1,433,,5173279,5000000,,,,,5.93e-07,0.831017,0.436145
cprime-n64-s1,434,,5265483,5000000,,,,,6.14e-07,0.711525,0.203145
cprime-n64-s1,435,,5195871,5000000,,,,,6.27e-07,0.785776,0.305387
cprime-n64-s1,436,,5404757,5000000,,,,,6.2e-07,0.789199,0.359048
cprime-n64-s1,437,,5081257,5000000,,,,,6.47e-07,0.778442,0.294758
cprime-n64-s1,438,,5023866,5000000,,,,,6.09e-07,0.810289,0.365968
cprime-n64-s1,439,,5093525,5000000,,,,,6.02e-07,0.793435,0.319984
cprime-n64-s1,440,5185685.0,,5000000,605287,4580398,0,0,6.11e-07,0.794270,0.377210
cprime-n64-s1,441,,5163172,5000000,,,,,6.23e-07,0.804729,0.402629
cprime-n64-s1,442,,5318719,5000000,,,,,6.22e-07,0.803701,0.380387
cprime-n64-s1,443,,5111861,5000000,,,,,6.42e-07,0.836979,0.519661
cprime-n64-s1,444,,5187647,5000000,,,,,6.18e-07,0.805982,0.411710
cprime-n64-s1,445,,5097557,5000000,,,,,6.28e-07,0.782378,0.380516
cprime-n64-s1,446,,5265503,5000000,,,,,6.18e-07,0.831444,0.470145
cprime-n64-s1,447,,5128240,5000000,,,,,6.4e-07,0.781102,0.285565
cprime-n64-s1,448,,5435477,5000000,,,,,6.24e-07,0.777932,0.282581
cprime-n64-s1,449,,5042234,5000000,,,,,6.64e-07,0.765794,0.220258
cprime-n64-s1,450,5161018.0,,5000000,580620,4580398,0,0,6.17e-07,0.800191,0.363113
cprime-n64-s1,451,,5236799,5000000,,,,,6.32e-07,0.760299,0.309355
cprime-n64-s1,452,,5255221,5000000,,,,,6.43e-07,0.805069,0.344742
cprime-n64-s1,453,,5210224,5000000,,,,,6.47e-07,0.816127,0.440032
cprime-n64-s1,454,,5404752,5000000,,,,,6.42e-07,0.819044,0.377952
cprime-n64-s1,455,,5126229,5000000,,,,,6.69e-07,0.825340,0.414919
cprime-n64-s1,456,,5279861,5000000,,,,,6.35e-07,0.836283,0.444242
cprime-n64-s1,457,,5285968,5000000,,,,,6.56e-07,0.804272,0.383161
cprime-n64-s1,458,,5130298,5000000,,,,,6.59e-07,0.800440,0.384161
cprime-n64-s1,459,,5195834,5000000,,,,,6.4e-07,0.785015,0.301919
cprime-n64-s1,460,5197862.0,,5000000,617464,4580398,0,0,6.5e-07,0.808086,0.330097
cprime-n64-s1,461,,5228602,5000000,,,,,6.51e-07,0.791177,0.328516
cprime-n64-s1,462,,5167231,5000000,,,,,6.56e-07,0.800657,0.374145
cprime-n64-s1,463,,5380176,5000000,,,,,6.5e-07,0.816272,0.445468
cprime-n64-s1,464,,5064816,5000000,,,,,6.79e-07,0.810296,0.346758
cprime-n64-s1,465,,5105818,5000000,,,,,6.4e-07,0.797836,0.406629
cprime-n64-s1,466,,5353621,5000000,,,,,6.46e-07,0.814711,0.399000
cprime-n64-s1,467,,5052533,5000000,,,,,6.79e-07,0.819623,0.456387
cprime-n64-s1,468,,5589067,5000000,,,,,6.41e-07,0.780730,0.234065
cprime-n64-s1,469,,5210224,5000000,,,,,7.13e-07,0.820156,0.391435
cprime-n64-s1,470,5175413.0,,5000000,595015,4580398,0,0,6.66e-07,0.806004,0.394016
cprime-n64-s1,471,,5298271,5000000,,,,,6.63e-07,0.732338,0.214677
cprime-n64-s1,472,,5548149,5000000,,,,,6.81e-07,0.821251,0.405242
cprime-n64-s1,473,,5095573,5000000,,,,,7.17e-07,0.821162,0.459597
cprime-n64-s1,474,,5261461,5000000,,,,,6.59e-07,0.827191,0.412355
cprime-n64-s1,475,,5369978,5000000,,,,,6.82e-07,0.778024,0.280726
cprime-n64-s1,476,,5079130,5000000,,,,,6.99e-07,0.840847,0.495839
cprime-n64-s1,477,,4950101,5000000,,,,,6.61e-07,0.805762,0.382387
cprime-n64-s1,478,,5175445,5000000,,,,,6.44e-07,0.790357,0.390661
cprime-n64-s1,479,,5072976,5000000,,,,,6.75e-07,0.730525,0.212710
cprime-n64-s1,480,5234768.0,,5000000,654370,4580398,0,0,6.62e-07,0.810569,0.370403
cprime-n64-s1,481,,5060698,5000000,,,,,6.84e-07,0.810687,0.385806
cprime-n64-s1,482,,5064853,5000000,,,,,6.62e-07,0.795380,0.334984
cprime-n64-s1,483,,4956309,5000000,,,,,6.63e-07,0.796969,0.338742
cprime-n64-s1,484,,5232757,5000000,,,,,6.48e-07,0.796153,0.400919
cprime-n64-s1,485,,5216368,5000000,,,,,6.86e-07,0.824760,0.435968
cprime-n64-s1,486,,5124213,5000000,,,,,6.86e-07,0.809885,0.358113
cprime-n64-s1,487,,5017749,5000000,,,,,6.74e-07,0.825995,0.420226
cprime-n64-s1,488,,4982874,5000000,,,,,6.6e-07,0.794514,0.339113
cprime-n64-s1,489,,4894773,5000000,,,,,6.56e-07,0.828109,0.370177
cprime-n64-s1,490,5165168.0,,5000000,584770,4580398,0,0,6.43e-07,0.767088,0.220661
cprime-n64-s1,491,,4976747,5000000,,,,,6.8e-07,0.801827,0.325742
cprime-n64-s1,492,,5185638,5000000,,,,,6.55e-07,0.815222,0.383694
cprime-n64-s1,493,,5322869,5000000,,,,,6.84e-07,0.797417,0.376710
cprime-n64-s1,494,,5179504,5000000,,,,,7.04e-07,0.809366,0.398339
cprime-n64-s1,495,,5234783,5000000,,,,,6.86e-07,0.800473,0.347339
cprime-n64-s1,496,,4978773,5000000,,,,,6.95e-07,0.814069,0.394694
cprime-n64-s1,497,,5118101,5000000,,,,,6.61e-07,0.827361,0.362258
cprime-n64-s1,498,,5074960,5000000,,,,,6.8e-07,0.816554,0.419258
cprime-n64-s1,499,,5197872,5000000,,,,,6.75e-07,0.815722,0.373113
cprime-n64-s1,500,5136496.0,,5000000,556098,4580398,0,0,6.93e-07,0.814757,0.368161
