1790651880,,gpu,NVIDIA A10, 23028, 0
1790651890,A07-k3,gpu,NVIDIA A10, 23028, 245
1790651890,A07-k3,app,446, 236
1790651900,A07-k3,gpu,NVIDIA A10, 23028, 1285
1790651900,A07-k3,app,446, 1276
1790651910,A07-k3,gpu,NVIDIA A10, 23028, 2822
1790651910,A07-k3,app,446, 2300
1790651910,A07-k3,app,633, 508
1790651920,A07-k3,gpu,NVIDIA A10, 23028, 3827
1790651920,A07-k3,app,446, 2300
1790651920,A07-k3,app,633, 1276
1790651920,A07-k3,app,997, 232
1790651930,A07-k3,gpu,NVIDIA A10, 23028, 5895
1790651930,A07-k3,app,446, 2300
1790651930,A07-k3,app,633, 2300
1790651930,A07-k3,app,997, 1276
1790651940,A07-k3,gpu,NVIDIA A10, 23028, 5895
1790651940,A07-k3,app,446, 2300
1790651940,A07-k3,app,633, 2300
1790651940,A07-k3,app,997, 1276
1790651950,A07-k3,gpu,NVIDIA A10, 23028, 6919
1790651950,A07-k3,app,446, 2300
1790651950,A07-k3,app,633, 2300
1790651950,A07-k3,app,997, 2300
1790651960,A07-k3,gpu,NVIDIA A10, 23028, 6919
1790651960,A07-k3,app,446, 2300
1790651960,A07-k3,app,633, 2300
1790651960,A07-k3,app,997, 2300
1790651971,A07-k3,gpu,NVIDIA A10, 23028, 6919
1790651971,A07-k3,app,446, 2300
1790651971,A07-k3,app,633, 2300
1790651971,A07-k3,app,997, 2300
1790651981,A07-k3,gpu,NVIDIA A10, 23028, 6919
1790651981,A07-k3,app,446, 2300
1790651981,A07-k3,app,633, 2300
1790651981,A07-k3,app,997, 2300
1790651991,A07-k3,gpu,NVIDIA A10, 23028, 6919
1790651991,A07-k3,app,446, 2300
1790651991,A07-k3,app,633, 2300
1790651991,A07-k3,app,997, 2300
1790652001,A07-k3,gpu,NVIDIA A10, 23028, 13065
1790652001,A07-k3,app,446, 8446
1790652001,A07-k3,app,633, 2300
1790652001,A07-k3,app,997, 2300
1790652011,A07-k3,gpu,NVIDIA A10, 23028, 13065
1790652011,A07-k3,app,446, 8446
1790652011,A07-k3,app,633, 2300
1790652011,A07-k3,app,997, 2300
1790652021,A07-k3,gpu,NVIDIA A10, 23028, 19211
1790652021,A07-k3,app,446, 8446
1790652021,A07-k3,app,633, 8446
1790652021,A07-k3,app,997, 2300
1790652031,A07-k3,gpu,NVIDIA A10, 23028, 19211
1790652031,A07-k3,app,446, 8446
1790652031,A07-k3,app,633, 8446
1790652031,A07-k3,app,997, 2300
1790652041,A07-k3,gpu,NVIDIA A10, 23028, 22545
1790652041,A07-k3,app,446, 8446
1790652041,A07-k3,app,633, 8446
1790652041,A07-k3,app,997, 5634
1790652051,A07-k3,gpu,NVIDIA A10, 23028, 22545
1790652051,A07-k3,app,446, 8446
1790652051,A07-k3,app,633, 8446
1790652051,A07-k3,app,997, 5634
1790652061,A07-k3,gpu,NVIDIA A10, 23028, 22545
1790652061,A07-k3,app,446, 8446
1790652061,A07-k3,app,633, 8446
1790652061,A07-k3,app,997, 5634
1790652072,A07-k3,gpu,NVIDIA A10, 23028, 16906
1790652072,A07-k3,app,446, 8446
1790652072,A07-k3,app,633, 8446
1790652082,A07-k3,gpu,NVIDIA A10, 23028, 16906
1790652082,A07-k3,app,446, 8446
1790652082,A07-k3,app,633, 8446
1790652092,A07-k3,gpu,NVIDIA A10, 23028, 16906
1790652092,A07-k3,app,446, 8446
1790652092,A07-k3,app,633, 8446
1790652102,A07-k3,gpu,NVIDIA A10, 23028, 16906
1790652102,A07-k3,app,446, 8446
1790652102,A07-k3,app,633, 8446
1790652112,A07-k3,gpu,NVIDIA A10, 23028, 16906
1790652112,A07-k3,app,446, 8446
1790652112,A07-k3,app,633, 8446
1790652122,A07-k3,gpu,NVIDIA A10, 23028, 16906
1790652122,A07-k3,app,446, 8446
1790652122,A07-k3,app,633, 8446
1790652132,A07-k3,gpu,NVIDIA A10, 23028, 16906
1790652132,A07-k3,app,446, 8446
1790652132,A07-k3,app,633, 8446
1790652142,A07-k3,gpu,NVIDIA A10, 23028, 16906
1790652142,A07-k3,app,446, 8446
1790652142,A07-k3,app,633, 8446
1790652152,A07-k3,gpu,NVIDIA A10, 23028, 16906
1790652152,A07-k3,app,446, 8446
1790652152,A07-k3,app,633, 8446
1790652162,A07-k3,gpu,NVIDIA A10, 23028, 16906
1790652162,A07-k3,app,446, 8446
1790652162,A07-k3,app,633, 8446
1790652172,A07-k3,gpu,NVIDIA A10, 23028, 16906
1790652172,A07-k3,app,446, 8446
1790652172,A07-k3,app,633, 8446
1790652182,A07-k3,gpu,NVIDIA A10, 23028, 16906
1790652182,A07-k3,app,446, 8446
1790652182,A07-k3,app,633, 8446
1790652192,A07-k3,gpu,NVIDIA A10, 23028, 16906
1790652192,A07-k3,app,446, 8446
1790652192,A07-k3,app,633, 8446
1790652203,A07-k3,gpu,NVIDIA A10, 23028, 16906
1790652203,A07-k3,app,446, 8446
1790652203,A07-k3,app,633, 8446
1790652213,A07-k3,gpu,NVIDIA A10, 23028, 16906
1790652213,A07-k3,app,446, 8446
1790652213,A07-k3,app,633, 8446
1790652223,A07-k3,gpu,NVIDIA A10, 23028, 16906
1790652223,A07-k3,app,446, 8446
1790652223,A07-k3,app,633, 8446
1790652233,A07-k3,gpu,NVIDIA A10, 23028, 16906
1790652233,A07-k3,app,446, 8446
1790652233,A07-k3,app,633, 8446
1790652243,A07-k3,gpu,NVIDIA A10, 23028, 16906
1790652243,A07-k3,app,446, 8446
1790652243,A07-k3,app,633, 8446
1790652253,A07-k3,gpu,NVIDIA A10, 23028, 16906
1790652253,A07-k3,app,446, 8446
1790652253,A07-k3,app,633, 8446
1790652263,A07-k3,gpu,NVIDIA A10, 23028, 16906
1790652263,A07-k3,app,446, 8446
1790652263,A07-k3,app,633, 8446
1790652273,A07-k3,gpu,NVIDIA A10, 23028, 16906
1790652273,A07-k3,app,446, 8446
1790652273,A07-k3,app,633, 8446
1790652283,A07-k3,gpu,NVIDIA A10, 23028, 16906
1790652283,A07-k3,app,446, 8446
1790652283,A07-k3,app,633, 8446
1790652293,A07-k3,gpu,NVIDIA A10, 23028, 16906
1790652293,A07-k3,app,446, 8446
1790652293,A07-k3,app,633, 8446
1790652303,A07-k3,gpu,NVIDIA A10, 23028, 16906
1790652303,A07-k3,app,446, 8446
1790652303,A07-k3,app,633, 8446
1790652314,A07-k3,gpu,NVIDIA A10, 23028, 16906
1790652314,A07-k3,app,446, 8446
1790652314,A07-k3,app,633, 8446
1790652324,A07-k3,gpu,NVIDIA A10, 23028, 16906
1790652324,A07-k3,app,446, 8446
1790652324,A07-k3,app,633, 8446
1790652334,A07-k3,gpu,NVIDIA A10, 23028, 16906
1790652334,A07-k3,app,446, 8446
1790652334,A07-k3,app,633, 8446
1790652344,A07-k3,gpu,NVIDIA A10, 23028, 16906
1790652344,A07-k3,app,446, 8446
1790652344,A07-k3,app,633, 8446
1790652354,A07-k3,gpu,NVIDIA A10, 23028, 16906
1790652354,A07-k3,app,446, 8446
1790652354,A07-k3,app,633, 8446
1790652364,A07-k3,gpu,NVIDIA A10, 23028, 16906
1790652364,A07-k3,app,446, 8446
1790652364,A07-k3,app,633, 8446
1790652374,A07-k3,gpu,NVIDIA A10, 23028, 16906
1790652374,A07-k3,app,446, 8446
1790652374,A07-k3,app,633, 8446
1790652384,A07-k3,gpu,NVIDIA A10, 23028, 16906
1790652384,A07-k3,app,446, 8446
1790652384,A07-k3,app,633, 8446
1790652394,A07-k3,gpu,NVIDIA A10, 23028, 16906
1790652394,A07-k3,app,446, 8446
1790652394,A07-k3,app,633, 8446
1790652404,A07-k3,gpu,NVIDIA A10, 23028, 16906
1790652404,A07-k3,app,446, 8446
1790652404,A07-k3,app,633, 8446
1790652414,A07-k3,gpu,NVIDIA A10, 23028, 16906
1790652414,A07-k3,app,446, 8446
1790652414,A07-k3,app,633, 8446
1790652424,A07-k3,gpu,NVIDIA A10, 23028, 16906
1790652424,A07-k3,app,446, 8446
1790652424,A07-k3,app,633, 8446
1790652435,A07-k3,gpu,NVIDIA A10, 23028, 16906
1790652435,A07-k3,app,446, 8446
1790652435,A07-k3,app,633, 8446
1790652445,A07-k3,gpu,NVIDIA A10, 23028, 16906
1790652445,A07-k3,app,446, 8446
1790652445,A07-k3,app,633, 8446
1790652455,A07-k3,gpu,NVIDIA A10, 23028, 16906
1790652455,A07-k3,app,446, 8446
1790652455,A07-k3,app,633, 8446
1790652465,A07-k3,gpu,NVIDIA A10, 23028, 16906
1790652465,A07-k3,app,446, 8446
1790652465,A07-k3,app,633, 8446
1790652475,A07-k3,gpu,NVIDIA A10, 23028, 16906
1790652475,A07-k3,app,446, 8446
1790652475,A07-k3,app,633, 8446
1790652485,A07-k3,gpu,NVIDIA A10, 23028, 16906
1790652485,A07-k3,app,446, 8446
1790652485,A07-k3,app,633, 8446
1790652495,A07-k3,gpu,NVIDIA A10, 23028, 16906
1790652495,A07-k3,app,446, 8446
1790652495,A07-k3,app,633, 8446
1790652505,A07-k3,gpu,NVIDIA A10, 23028, 16906
1790652505,A07-k3,app,446, 8446
1790652505,A07-k3,app,633, 8446
1790652515,A07-k3,gpu,NVIDIA A10, 23028, 16906
1790652515,A07-k3,app,446, 8446
1790652515,A07-k3,app,633, 8446
1790652525,A07-k3,gpu,NVIDIA A10, 23028, 16906
1790652525,A07-k3,app,446, 8446
1790652525,A07-k3,app,633, 8446
1790652535,A07-k3,gpu,NVIDIA A10, 23028, 16906
1790652535,A07-k3,app,446, 8446
1790652535,A07-k3,app,633, 8446
1790652546,A07-k3,gpu,NVIDIA A10, 23028, 16906
1790652546,A07-k3,app,446, 8446
1790652546,A07-k3,app,633, 8446
1790652556,A07-k3,gpu,NVIDIA A10, 23028, 16906
1790652556,A07-k3,app,446, 8446
1790652556,A07-k3,app,633, 8446
1790652566,A07-k3,gpu,NVIDIA A10, 23028, 16906
1790652566,A07-k3,app,446, 8446
1790652566,A07-k3,app,633, 8446
1790652576,A07-k3,gpu,NVIDIA A10, 23028, 16906
1790652576,A07-k3,app,446, 8446
1790652576,A07-k3,app,633, 8446
1790652586,A07-k3,gpu,NVIDIA A10, 23028, 16906
1790652586,A07-k3,app,446, 8446
1790652586,A07-k3,app,633, 8446
1790652596,A07-k3,gpu,NVIDIA A10, 23028, 16906
1790652596,A07-k3,app,446, 8446
1790652596,A07-k3,app,633, 8446
1790652606,A07-k3,gpu,NVIDIA A10, 23028, 16906
1790652606,A07-k3,app,446, 8446
1790652606,A07-k3,app,633, 8446
1790652616,A07-k3,gpu,NVIDIA A10, 23028, 16906
1790652616,A07-k3,app,446, 8446
1790652616,A07-k3,app,633, 8446
1790652627,A07-k3,gpu,NVIDIA A10, 23028, 16906
1790652627,A07-k3,app,446, 8446
1790652627,A07-k3,app,633, 8446
1790652637,A07-k3,gpu,NVIDIA A10, 23028, 16906
1790652637,A07-k3,app,446, 8446
1790652637,A07-k3,app,633, 8446
1790652647,A07-k3,gpu,NVIDIA A10, 23028, 16906
1790652647,A07-k3,app,446, 8446
1790652647,A07-k3,app,633, 8446
1790652657,A07-k3,gpu,NVIDIA A10, 23028, 16906
1790652657,A07-k3,app,446, 8446
1790652657,A07-k3,app,633, 8446
1790652667,A07-k3,gpu,NVIDIA A10, 23028, 16906
1790652667,A07-k3,app,446, 8446
1790652667,A07-k3,app,633, 8446
1790652677,A07-k3,gpu,NVIDIA A10, 23028, 16906
1790652677,A07-k3,app,446, 8446
1790652677,A07-k3,app,633, 8446
1790652687,A07-k3,gpu,NVIDIA A10, 23028, 16906
1790652687,A07-k3,app,446, 8446
1790652687,A07-k3,app,633, 8446
1790652697,A07-k3,gpu,NVIDIA A10, 23028, 16906
1790652697,A07-k3,app,446, 8446
1790652697,A07-k3,app,633, 8446
1790652708,A07-k3,gpu,NVIDIA A10, 23028, 16906
1790652708,A07-k3,app,446, 8446
1790652708,A07-k3,app,633, 8446
1790652718,A07-k3,gpu,NVIDIA A10, 23028, 16906
1790652718,A07-k3,app,446, 8446
1790652718,A07-k3,app,633, 8446
1790652728,A07-k3,gpu,NVIDIA A10, 23028, 16906
1790652728,A07-k3,app,446, 8446
1790652728,A07-k3,app,633, 8446
1790652738,A07-k3,gpu,NVIDIA A10, 23028, 16906
1790652738,A07-k3,app,446, 8446
1790652738,A07-k3,app,633, 8446
1790652748,A07-k3,gpu,NVIDIA A10, 23028, 16906
1790652748,A07-k3,app,446, 8446
1790652748,A07-k3,app,633, 8446
1790652758,A07-k3,gpu,NVIDIA A10, 23028, 16906
1790652758,A07-k3,app,446, 8446
1790652758,A07-k3,app,633, 8446
1790652768,A07-k3,gpu,NVIDIA A10, 23028, 16906
1790652768,A07-k3,app,446, 8446
1790652768,A07-k3,app,633, 8446
1790652778,A07-k3,gpu,NVIDIA A10, 23028, 16906
1790652778,A07-k3,app,446, 8446
1790652778,A07-k3,app,633, 8446
1790652788,A07-k3,gpu,NVIDIA A10, 23028, 16906
1790652788,A07-k3,app,446, 8446
1790652788,A07-k3,app,633, 8446
1790652798,A07-k3,gpu,NVIDIA A10, 23028, 16906
1790652798,A07-k3,app,446, 8446
1790652798,A07-k3,app,633, 8446
1790652808,A07-k3,gpu,NVIDIA A10, 23028, 16906
1790652808,A07-k3,app,446, 8446
1790652808,A07-k3,app,633, 8446
1790652818,A07-k3,gpu,NVIDIA A10, 23028, 16906
1790652818,A07-k3,app,446, 8446
1790652818,A07-k3,app,633, 8446
1790652828,A07-k3,gpu,NVIDIA A10, 23028, 16906
1790652828,A07-k3,app,446, 8446
1790652828,A07-k3,app,633, 8446
1790652839,A07-k3,gpu,NVIDIA A10, 23028, 16906
1790652839,A07-k3,app,446, 8446
1790652839,A07-k3,app,633, 8446
1790652849,A07-k3,gpu,NVIDIA A10, 23028, 16906
1790652849,A07-k3,app,446, 8446
1790652849,A07-k3,app,633, 8446
1790652859,A07-k3,gpu,NVIDIA A10, 23028, 16906
1790652859,A07-k3,app,446, 8446
1790652859,A07-k3,app,633, 8446
1790652869,A07-k3,gpu,NVIDIA A10, 23028, 16906
1790652869,A07-k3,app,446, 8446
1790652869,A07-k3,app,633, 8446
1790652879,A07-k3,gpu,NVIDIA A10, 23028, 16906
1790652879,A07-k3,app,446, 8446
1790652879,A07-k3,app,633, 8446
1790652889,A07-k3,gpu,NVIDIA A10, 23028, 16906
1790652889,A07-k3,app,446, 8446
1790652889,A07-k3,app,633, 8446
1790652899,A07-k3,gpu,NVIDIA A10, 23028, 16906
1790652899,A07-k3,app,446, 8446
1790652899,A07-k3,app,633, 8446
1790652909,A07-k3,gpu,NVIDIA A10, 23028, 16906
1790652909,A07-k3,app,446, 8446
1790652909,A07-k3,app,633, 8446
1790652919,A07-k3,gpu,NVIDIA A10, 23028, 16906
1790652919,A07-k3,app,446, 8446
1790652919,A07-k3,app,633, 8446
1790652929,A07-k3,gpu,NVIDIA A10, 23028, 16906
1790652929,A07-k3,app,446, 8446
1790652929,A07-k3,app,633, 8446
1790652939,A07-k3,gpu,NVIDIA A10, 23028, 16906
1790652939,A07-k3,app,446, 8446
1790652939,A07-k3,app,633, 8446
1790652950,A07-k3,gpu,NVIDIA A10, 23028, 16906
1790652950,A07-k3,app,446, 8446
1790652950,A07-k3,app,633, 8446
1790652960,A07-k3,gpu,NVIDIA A10, 23028, 16906
1790652960,A07-k3,app,446, 8446
1790652960,A07-k3,app,633, 8446
1790652970,A07-k3,gpu,NVIDIA A10, 23028, 16906
1790652970,A07-k3,app,446, 8446
1790652970,A07-k3,app,633, 8446
1790652980,A07-k3,gpu,NVIDIA A10, 23028, 16906
1790652980,A07-k3,app,446, 8446
1790652980,A07-k3,app,633, 8446
1790652990,A07-k3,gpu,NVIDIA A10, 23028, 16906
1790652990,A07-k3,app,446, 8446
1790652990,A07-k3,app,633, 8446
1790653000,A07-k3,gpu,NVIDIA A10, 23028, 16906
1790653000,A07-k3,app,446, 8446
1790653000,A07-k3,app,633, 8446
1790653010,A07-k3,gpu,NVIDIA A10, 23028, 16906
1790653010,A07-k3,app,446, 8446
1790653010,A07-k3,app,633, 8446
1790653020,A07-k3,gpu,NVIDIA A10, 23028, 16906
1790653020,A07-k3,app,446, 8446
1790653020,A07-k3,app,633, 8446
1790653030,A07-k3,gpu,NVIDIA A10, 23028, 16906
1790653030,A07-k3,app,446, 8446
1790653030,A07-k3,app,633, 8446
1790653040,A07-k3,gpu,NVIDIA A10, 23028, 16906
1790653040,A07-k3,app,446, 8446
1790653040,A07-k3,app,633, 8446
1790653050,A07-k3,gpu,NVIDIA A10, 23028, 16906
1790653050,A07-k3,app,446, 8446
1790653050,A07-k3,app,633, 8446
1790653060,A07-k3,gpu,NVIDIA A10, 23028, 16906
1790653060,A07-k3,app,446, 8446
1790653060,A07-k3,app,633, 8446
1790653070,A07-k3,gpu,NVIDIA A10, 23028, 16906
1790653070,A07-k3,app,446, 8446
1790653070,A07-k3,app,633, 8446
1790653081,A07-k3,gpu,NVIDIA A10, 23028, 16906
1790653081,A07-k3,app,446, 8446
1790653081,A07-k3,app,633, 8446
1790653091,A07-k3,gpu,NVIDIA A10, 23028, 16906
1790653091,A07-k3,app,446, 8446
1790653091,A07-k3,app,633, 8446
1790653101,A07-k3,gpu,NVIDIA A10, 23028, 16906
1790653101,A07-k3,app,446, 8446
1790653101,A07-k3,app,633, 8446
1790653111,A07-k3,gpu,NVIDIA A10, 23028, 16906
1790653111,A07-k3,app,446, 8446
1790653111,A07-k3,app,633, 8446
1790653121,A07-k3,gpu,NVIDIA A10, 23028, 16906
1790653121,A07-k3,app,446, 8446
1790653121,A07-k3,app,633, 8446
1790653131,A07-k3,gpu,NVIDIA A10, 23028, 16906
1790653131,A07-k3,app,446, 8446
1790653131,A07-k3,app,633, 8446
1790653141,A07-k3,gpu,NVIDIA A10, 23028, 16906
1790653141,A07-k3,app,446, 8446
1790653141,A07-k3,app,633, 8446
1790653151,A07-k3,gpu,NVIDIA A10, 23028, 16906
1790653151,A07-k3,app,446, 8446
1790653151,A07-k3,app,633, 8446
1790653161,A07-k3,gpu,NVIDIA A10, 23028, 16906
1790653161,A07-k3,app,446, 8446
1790653161,A07-k3,app,633, 8446
1790653171,A07-k3,gpu,NVIDIA A10, 23028, 16906
1790653171,A07-k3,app,446, 8446
1790653171,A07-k3,app,633, 8446
1790653181,A07-k3,gpu,NVIDIA A10, 23028, 16906
1790653181,A07-k3,app,446, 8446
1790653181,A07-k3,app,633, 8446
1790653192,A07-k3,gpu,NVIDIA A10, 23028, 16906
1790653192,A07-k3,app,446, 8446
1790653192,A07-k3,app,633, 8446
1790653202,A07-k3,gpu,NVIDIA A10, 23028, 16906
1790653202,A07-k3,app,446, 8446
1790653202,A07-k3,app,633, 8446
1790653212,A07-k3,gpu,NVIDIA A10, 23028, 16906
1790653212,A07-k3,app,446, 8446
1790653212,A07-k3,app,633, 8446
1790653222,A07-k3,gpu,NVIDIA A10, 23028, 16906
1790653222,A07-k3,app,446, 8446
1790653222,A07-k3,app,633, 8446
1790653232,A07-k3,gpu,NVIDIA A10, 23028, 16906
1790653232,A07-k3,app,446, 8446
1790653232,A07-k3,app,633, 8446
1790653242,A07-k3,gpu,NVIDIA A10, 23028, 16906
1790653242,A07-k3,app,446, 8446
1790653242,A07-k3,app,633, 8446
1790653252,A07-k3,gpu,NVIDIA A10, 23028, 16906
1790653252,A07-k3,app,446, 8446
1790653252,A07-k3,app,633, 8446
1790653262,A07-k3,gpu,NVIDIA A10, 23028, 16906
1790653262,A07-k3,app,446, 8446
1790653262,A07-k3,app,633, 8446
1790653272,A07-k3,gpu,NVIDIA A10, 23028, 16906
1790653272,A07-k3,app,446, 8446
1790653272,A07-k3,app,633, 8446
1790653283,A07-k3,gpu,NVIDIA A10, 23028, 16906
1790653283,A07-k3,app,446, 8446
1790653283,A07-k3,app,633, 8446
1790653293,A07-k3,gpu,NVIDIA A10, 23028, 16906
1790653293,A07-k3,app,446, 8446
1790653293,A07-k3,app,633, 8446
1790653303,A07-k3,gpu,NVIDIA A10, 23028, 16906
1790653303,A07-k3,app,446, 8446
1790653303,A07-k3,app,633, 8446
1790653313,A07-k3,gpu,NVIDIA A10, 23028, 16906
1790653313,A07-k3,app,446, 8446
1790653313,A07-k3,app,633, 8446
1790653323,A07-k3,gpu,NVIDIA A10, 23028, 16906
1790653323,A07-k3,app,446, 8446
1790653323,A07-k3,app,633, 8446
1790653333,A07-k3,gpu,NVIDIA A10, 23028, 16906
1790653333,A07-k3,app,446, 8446
1790653333,A07-k3,app,633, 8446
1790653343,A07-k3,gpu,NVIDIA A10, 23028, 16906
1790653343,A07-k3,app,446, 8446
1790653343,A07-k3,app,633, 8446
1790653353,A07-k3,gpu,NVIDIA A10, 23028, 16906
1790653353,A07-k3,app,446, 8446
1790653353,A07-k3,app,633, 8446
1790653363,A07-k3,gpu,NVIDIA A10, 23028, 16906
1790653363,A07-k3,app,446, 8446
1790653363,A07-k3,app,633, 8446
1790653374,A07-k3,gpu,NVIDIA A10, 23028, 16906
1790653374,A07-k3,app,446, 8446
1790653374,A07-k3,app,633, 8446
1790653384,A07-k3,gpu,NVIDIA A10, 23028, 16906
1790653384,A07-k3,app,446, 8446
1790653384,A07-k3,app,633, 8446
1790653394,A07-k3,gpu,NVIDIA A10, 23028, 16906
1790653394,A07-k3,app,446, 8446
1790653394,A07-k3,app,633, 8446
1790653404,A07-k3,gpu,NVIDIA A10, 23028, 16906
1790653404,A07-k3,app,446, 8446
1790653404,A07-k3,app,633, 8446
1790653414,A07-k3,gpu,NVIDIA A10, 23028, 16906
1790653414,A07-k3,app,446, 8446
1790653414,A07-k3,app,633, 8446
1790653424,A07-k3,gpu,NVIDIA A10, 23028, 16906
1790653424,A07-k3,app,446, 8446
1790653424,A07-k3,app,633, 8446
1790653434,A07-k3,gpu,NVIDIA A10, 23028, 16906
1790653434,A07-k3,app,446, 8446
1790653434,A07-k3,app,633, 8446
1790653444,A07-k3,gpu,NVIDIA A10, 23028, 16906
1790653444,A07-k3,app,446, 8446
1790653444,A07-k3,app,633, 8446
1790653454,A07-k3,gpu,NVIDIA A10, 23028, 16906
1790653454,A07-k3,app,446, 8446
1790653454,A07-k3,app,633, 8446
1790653464,A07-k3,gpu,NVIDIA A10, 23028, 16906
1790653464,A07-k3,app,446, 8446
1790653464,A07-k3,app,633, 8446
1790653474,A07-k3,gpu,NVIDIA A10, 23028, 16906
1790653474,A07-k3,app,446, 8446
1790653474,A07-k3,app,633, 8446
1790653485,A07-k3,gpu,NVIDIA A10, 23028, 16906
1790653485,A07-k3,app,446, 8446
1790653485,A07-k3,app,633, 8446
1790653495,A07-k3,gpu,NVIDIA A10, 23028, 16906
1790653495,A07-k3,app,446, 8446
1790653495,A07-k3,app,633, 8446
1790653505,A07-k3,gpu,NVIDIA A10, 23028, 16906
1790653505,A07-k3,app,446, 8446
1790653505,A07-k3,app,633, 8446
1790653515,A07-k3,gpu,NVIDIA A10, 23028, 16906
1790653515,A07-k3,app,446, 8446
1790653515,A07-k3,app,633, 8446
1790653525,A07-k3,gpu,NVIDIA A10, 23028, 16906
1790653525,A07-k3,app,446, 8446
1790653525,A07-k3,app,633, 8446
1790653535,A07-k3,gpu,NVIDIA A10, 23028, 16906
1790653535,A07-k3,app,446, 8446
1790653535,A07-k3,app,633, 8446
1790653545,A07-k3,gpu,NVIDIA A10, 23028, 16906
1790653545,A07-k3,app,446, 8446
1790653545,A07-k3,app,633, 8446
1790653555,A07-k3,gpu,NVIDIA A10, 23028, 16906
1790653555,A07-k3,app,446, 8446
1790653555,A07-k3,app,633, 8446
1790653565,A07-k3,gpu,NVIDIA A10, 23028, 16906
1790653565,A07-k3,app,446, 8446
1790653565,A07-k3,app,633, 8446
1790653575,A07-k3,gpu,NVIDIA A10, 23028, 16906
1790653575,A07-k3,app,446, 8446
1790653575,A07-k3,app,633, 8446
1790653585,A07-k3,gpu,NVIDIA A10, 23028, 16906
1790653585,A07-k3,app,446, 8446
1790653585,A07-k3,app,633, 8446
1790653595,A07-k3,gpu,NVIDIA A10, 23028, 16906
1790653595,A07-k3,app,446, 8446
1790653595,A07-k3,app,633, 8446
1790653606,A07-k3,gpu,NVIDIA A10, 23028, 16906
1790653606,A07-k3,app,446, 8446
1790653606,A07-k3,app,633, 8446
1790653616,A07-k3,gpu,NVIDIA A10, 23028, 16906
1790653616,A07-k3,app,446, 8446
1790653616,A07-k3,app,633, 8446
1790653626,A07-k3,gpu,NVIDIA A10, 23028, 16906
1790653626,A07-k3,app,446, 8446
1790653626,A07-k3,app,633, 8446
1790653636,A07-k3,gpu,NVIDIA A10, 23028, 16906
1790653636,A07-k3,app,446, 8446
1790653636,A07-k3,app,633, 8446
1790653646,A07-k3,gpu,NVIDIA A10, 23028, 16906
1790653646,A07-k3,app,446, 8446
1790653646,A07-k3,app,633, 8446
1790653656,A07-k3,gpu,NVIDIA A10, 23028, 16906
1790653656,A07-k3,app,446, 8446
1790653656,A07-k3,app,633, 8446
1790653666,A07-k3,gpu,NVIDIA A10, 23028, 16906
1790653666,A07-k3,app,446, 8446
1790653666,A07-k3,app,633, 8446
1790653676,A07-k3,gpu,NVIDIA A10, 23028, 16906
1790653676,A07-k3,app,446, 8446
1790653676,A07-k3,app,633, 8446
1790653686,A07-k3,gpu,NVIDIA A10, 23028, 16906
1790653686,A07-k3,app,446, 8446
1790653686,A07-k3,app,633, 8446
1790653696,A07-k3,gpu,NVIDIA A10, 23028, 16906
1790653696,A07-k3,app,446, 8446
1790653696,A07-k3,app,633, 8446
1790653706,A07-k3,gpu,NVIDIA A10, 23028, 16906
1790653706,A07-k3,app,446, 8446
1790653706,A07-k3,app,633, 8446
1790653716,A07-k3,gpu,NVIDIA A10, 23028, 16906
1790653716,A07-k3,app,446, 8446
1790653716,A07-k3,app,633, 8446
1790653727,A07-k3,gpu,NVIDIA A10, 23028, 16906
1790653727,A07-k3,app,446, 8446
1790653727,A07-k3,app,633, 8446
1790653737,A07-k3,gpu,NVIDIA A10, 23028, 16906
1790653737,A07-k3,app,446, 8446
1790653737,A07-k3,app,633, 8446
1790653747,A07-k3,gpu,NVIDIA A10, 23028, 16906
1790653747,A07-k3,app,446, 8446
1790653747,A07-k3,app,633, 8446
1790653757,A07-k3,gpu,NVIDIA A10, 23028, 16906
1790653757,A07-k3,app,446, 8446
1790653757,A07-k3,app,633, 8446
1790653767,A07-k3,gpu,NVIDIA A10, 23028, 16906
1790653767,A07-k3,app,446, 8446
1790653767,A07-k3,app,633, 8446
1790653777,A07-k3,gpu,NVIDIA A10, 23028, 16906
1790653777,A07-k3,app,446, 8446
1790653777,A07-k3,app,633, 8446
1790653787,A07-k3,gpu,NVIDIA A10, 23028, 16906
1790653787,A07-k3,app,446, 8446
1790653787,A07-k3,app,633, 8446
1790653797,A07-k3,gpu,NVIDIA A10, 23028, 16906
1790653797,A07-k3,app,446, 8446
1790653797,A07-k3,app,633, 8446
1790653807,A07-k3,gpu,NVIDIA A10, 23028, 16906
1790653807,A07-k3,app,446, 8446
1790653807,A07-k3,app,633, 8446
1790653817,A07-k3,gpu,NVIDIA A10, 23028, 16906
1790653817,A07-k3,app,446, 8446
1790653817,A07-k3,app,633, 8446
1790653827,A07-k3,gpu,NVIDIA A10, 23028, 16906
1790653827,A07-k3,app,446, 8446
1790653827,A07-k3,app,633, 8446
1790653837,A07-k3,gpu,NVIDIA A10, 23028, 16906
1790653837,A07-k3,app,446, 8446
1790653837,A07-k3,app,633, 8446
1790653847,A07-k3,gpu,NVIDIA A10, 23028, 16906
1790653847,A07-k3,app,446, 8446
1790653847,A07-k3,app,633, 8446
1790653858,A07-k3,gpu,NVIDIA A10, 23028, 16906
1790653858,A07-k3,app,446, 8446
1790653858,A07-k3,app,633, 8446
1790653868,A07-k3,gpu,NVIDIA A10, 23028, 16906
1790653868,A07-k3,app,446, 8446
1790653868,A07-k3,app,633, 8446
1790653878,A07-k3,gpu,NVIDIA A10, 23028, 16906
1790653878,A07-k3,app,446, 8446
1790653878,A07-k3,app,633, 8446
1790653888,A07-k3,gpu,NVIDIA A10, 23028, 16906
1790653888,A07-k3,app,446, 8446
1790653888,A07-k3,app,633, 8446
1790653898,A07-k3,gpu,NVIDIA A10, 23028, 16906
1790653898,A07-k3,app,446, 8446
1790653898,A07-k3,app,633, 8446
1790653908,A07-k3,gpu,NVIDIA A10, 23028, 16906
1790653908,A07-k3,app,446, 8446
1790653908,A07-k3,app,633, 8446
1790653918,A07-k3,gpu,NVIDIA A10, 23028, 16906
1790653918,A07-k3,app,446, 8446
1790653918,A07-k3,app,633, 8446
1790653928,A07-k3,gpu,NVIDIA A10, 23028, 16906
1790653928,A07-k3,app,446, 8446
1790653928,A07-k3,app,633, 8446
1790653938,A07-k3,gpu,NVIDIA A10, 23028, 16906
1790653938,A07-k3,app,446, 8446
1790653938,A07-k3,app,633, 8446
1790653948,A07-k3,gpu,NVIDIA A10, 23028, 16906
1790653948,A07-k3,app,446, 8446
1790653948,A07-k3,app,633, 8446
1790653958,A07-k3,gpu,NVIDIA A10, 23028, 16906
1790653958,A07-k3,app,446, 8446
1790653958,A07-k3,app,633, 8446
1790653969,A07-k3,gpu,NVIDIA A10, 23028, 16906
1790653969,A07-k3,app,446, 8446
1790653969,A07-k3,app,633, 8446
1790653979,A07-k3,gpu,NVIDIA A10, 23028, 16906
1790653979,A07-k3,app,446, 8446
1790653979,A07-k3,app,633, 8446
1790653989,A07-k3,gpu,NVIDIA A10, 23028, 16906
1790653989,A07-k3,app,446, 8446
1790653989,A07-k3,app,633, 8446
1790653999,A07-k3,gpu,NVIDIA A10, 23028, 16906
1790653999,A07-k3,app,446, 8446
1790653999,A07-k3,app,633, 8446
1790654009,A07-k3,gpu,NVIDIA A10, 23028, 16906
1790654009,A07-k3,app,446, 8446
1790654009,A07-k3,app,633, 8446
1790654019,A07-k3,gpu,NVIDIA A10, 23028, 16906
1790654019,A07-k3,app,446, 8446
1790654019,A07-k3,app,633, 8446
1790654029,A07-k3,gpu,NVIDIA A10, 23028, 16906
1790654029,A07-k3,app,446, 8446
1790654029,A07-k3,app,633, 8446
1790654039,A07-k3,gpu,NVIDIA A10, 23028, 16906
1790654039,A07-k3,app,446, 8446
1790654039,A07-k3,app,633, 8446
1790654049,A07-k3,gpu,NVIDIA A10, 23028, 16906
1790654049,A07-k3,app,446, 8446
1790654049,A07-k3,app,633, 8446
1790654059,A07-k3,gpu,NVIDIA A10, 23028, 16906
1790654059,A07-k3,app,446, 8446
1790654059,A07-k3,app,633, 8446
1790654069,A07-k3,gpu,NVIDIA A10, 23028, 16906
1790654069,A07-k3,app,446, 8446
1790654069,A07-k3,app,633, 8446
1790654079,A07-k3,gpu,NVIDIA A10, 23028, 16906
1790654079,A07-k3,app,446, 8446
1790654079,A07-k3,app,633, 8446
1790654089,A07-k3,gpu,NVIDIA A10, 23028, 16906
1790654089,A07-k3,app,446, 8446
1790654089,A07-k3,app,633, 8446
1790654100,A07-k3,gpu,NVIDIA A10, 23028, 16906
1790654100,A07-k3,app,446, 8446
1790654100,A07-k3,app,633, 8446
1790654110,A07-k3,gpu,NVIDIA A10, 23028, 16906
1790654110,A07-k3,app,446, 8446
1790654110,A07-k3,app,633, 8446
1790654120,A07-k3,gpu,NVIDIA A10, 23028, 16906
1790654120,A07-k3,app,446, 8446
1790654120,A07-k3,app,633, 8446
1790654130,A07-k3,gpu,NVIDIA A10, 23028, 16906
1790654130,A07-k3,app,446, 8446
1790654130,A07-k3,app,633, 8446
1790654140,A07-k3,gpu,NVIDIA A10, 23028, 16906
1790654140,A07-k3,app,446, 8446
1790654140,A07-k3,app,633, 8446
1790654150,A07-k3,gpu,NVIDIA A10, 23028, 16906
1790654150,A07-k3,app,446, 8446
1790654150,A07-k3,app,633, 8446
1790654160,A07-k3,gpu,NVIDIA A10, 23028, 16906
1790654160,A07-k3,app,446, 8446
1790654160,A07-k3,app,633, 8446
1790654170,A07-k3,gpu,NVIDIA A10, 23028, 16906
1790654170,A07-k3,app,446, 8446
1790654170,A07-k3,app,633, 8446
1790654180,A07-k3,gpu,NVIDIA A10, 23028, 16906
1790654180,A07-k3,app,446, 8446
1790654180,A07-k3,app,633, 8446
1790654190,A07-k3,gpu,NVIDIA A10, 23028, 16906
1790654190,A07-k3,app,446, 8446
1790654190,A07-k3,app,633, 8446
1790654200,A07-k3,gpu,NVIDIA A10, 23028, 16906
1790654200,A07-k3,app,446, 8446
1790654200,A07-k3,app,633, 8446
1790654211,A07-k3,gpu,NVIDIA A10, 23028, 16906
1790654211,A07-k3,app,446, 8446
1790654211,A07-k3,app,633, 8446
1790654221,A07-k3,gpu,NVIDIA A10, 23028, 16906
1790654221,A07-k3,app,446, 8446
1790654221,A07-k3,app,633, 8446
1790654231,A07-k3,gpu,NVIDIA A10, 23028, 16906
1790654231,A07-k3,app,446, 8446
1790654231,A07-k3,app,633, 8446
1790654241,A07-k3,gpu,NVIDIA A10, 23028, 16906
1790654241,A07-k3,app,446, 8446
1790654241,A07-k3,app,633, 8446
1790654251,A07-k3,gpu,NVIDIA A10, 23028, 16906
1790654251,A07-k3,app,446, 8446
1790654251,A07-k3,app,633, 8446
1790654261,A07-k3,gpu,NVIDIA A10, 23028, 16906
1790654261,A07-k3,app,446, 8446
1790654261,A07-k3,app,633, 8446
1790654271,A07-k3,gpu,NVIDIA A10, 23028, 16906
1790654271,A07-k3,app,446, 8446
1790654271,A07-k3,app,633, 8446
1790654281,A07-k3,gpu,NVIDIA A10, 23028, 16906
1790654281,A07-k3,app,446, 8446
1790654281,A07-k3,app,633, 8446
1790654291,A07-k3,gpu,NVIDIA A10, 23028, 16906
1790654291,A07-k3,app,446, 8446
1790654291,A07-k3,app,633, 8446
1790654301,A07-k3,gpu,NVIDIA A10, 23028, 16906
1790654301,A07-k3,app,446, 8446
1790654301,A07-k3,app,633, 8446
1790654311,A07-k3,gpu,NVIDIA A10, 23028, 16906
1790654311,A07-k3,app,446, 8446
1790654311,A07-k3,app,633, 8446
1790654321,A07-k3,gpu,NVIDIA A10, 23028, 16906
1790654321,A07-k3,app,446, 8446
1790654321,A07-k3,app,633, 8446
1790654331,A07-k3,gpu,NVIDIA A10, 23028, 16906
1790654331,A07-k3,app,446, 8446
1790654331,A07-k3,app,633, 8446
1790654342,A07-k3,gpu,NVIDIA A10, 23028, 16906
1790654342,A07-k3,app,446, 8446
1790654342,A07-k3,app,633, 8446
1790654352,A07-k3,gpu,NVIDIA A10, 23028, 16906
1790654352,A07-k3,app,446, 8446
1790654352,A07-k3,app,633, 8446
1790654362,A07-k3,gpu,NVIDIA A10, 23028, 16906
1790654362,A07-k3,app,446, 8446
1790654362,A07-k3,app,633, 8446
1790654372,A07-k3,gpu,NVIDIA A10, 23028, 16906
1790654372,A07-k3,app,446, 8446
1790654372,A07-k3,app,633, 8446
1790654382,A07-k3,gpu,NVIDIA A10, 23028, 16906
1790654382,A07-k3,app,446, 8446
1790654382,A07-k3,app,633, 8446
1790654392,A07-k3,gpu,NVIDIA A10, 23028, 16906
1790654392,A07-k3,app,446, 8446
1790654392,A07-k3,app,633, 8446
1790654402,A07-k3,gpu,NVIDIA A10, 23028, 16906
1790654402,A07-k3,app,446, 8446
1790654402,A07-k3,app,633, 8446
1790654412,A07-k3,gpu,NVIDIA A10, 23028, 16906
1790654412,A07-k3,app,446, 8446
1790654412,A07-k3,app,633, 8446
1790654422,A07-k3,gpu,NVIDIA A10, 23028, 16906
1790654422,A07-k3,app,446, 8446
1790654422,A07-k3,app,633, 8446
1790654432,A07-k3,gpu,NVIDIA A10, 23028, 16906
1790654432,A07-k3,app,446, 8446
1790654432,A07-k3,app,633, 8446
1790654442,A07-k3,gpu,NVIDIA A10, 23028, 16906
1790654442,A07-k3,app,446, 8446
1790654442,A07-k3,app,633, 8446
1790654453,A07-k3,gpu,NVIDIA A10, 23028, 16906
1790654453,A07-k3,app,446, 8446
1790654453,A07-k3,app,633, 8446
1790654463,A07-k3,gpu,NVIDIA A10, 23028, 16906
1790654463,A07-k3,app,446, 8446
1790654463,A07-k3,app,633, 8446
1790654473,A07-k3,gpu,NVIDIA A10, 23028, 16906
1790654473,A07-k3,app,446, 8446
1790654473,A07-k3,app,633, 8446
1790654483,A07-k3,gpu,NVIDIA A10, 23028, 16906
1790654483,A07-k3,app,446, 8446
1790654483,A07-k3,app,633, 8446
1790654493,A07-k3,gpu,NVIDIA A10, 23028, 16906
1790654493,A07-k3,app,446, 8446
1790654493,A07-k3,app,633, 8446
1790654503,A07-k3,gpu,NVIDIA A10, 23028, 16906
1790654503,A07-k3,app,446, 8446
1790654503,A07-k3,app,633, 8446
1790654513,A07-k3,gpu,NVIDIA A10, 23028, 16906
1790654513,A07-k3,app,446, 8446
1790654513,A07-k3,app,633, 8446
1790654523,A07-k3,gpu,NVIDIA A10, 23028, 16906
1790654523,A07-k3,app,446, 8446
1790654523,A07-k3,app,633, 8446
1790654533,A07-k3,gpu,NVIDIA A10, 23028, 16906
1790654533,A07-k3,app,446, 8446
1790654533,A07-k3,app,633, 8446
1790654543,A07-k3,gpu,NVIDIA A10, 23028, 16906
1790654543,A07-k3,app,446, 8446
1790654543,A07-k3,app,633, 8446
1790654553,A07-k3,gpu,NVIDIA A10, 23028, 16906
1790654553,A07-k3,app,446, 8446
1790654553,A07-k3,app,633, 8446
1790654564,A07-k3,gpu,NVIDIA A10, 23028, 16906
1790654564,A07-k3,app,446, 8446
1790654564,A07-k3,app,633, 8446
1790654574,A07-k3,gpu,NVIDIA A10, 23028, 16906
1790654574,A07-k3,app,446, 8446
1790654574,A07-k3,app,633, 8446
1790654584,A07-k3,gpu,NVIDIA A10, 23028, 16906
1790654584,A07-k3,app,446, 8446
1790654584,A07-k3,app,633, 8446
1790654594,A07-k3,gpu,NVIDIA A10, 23028, 16906
1790654594,A07-k3,app,446, 8446
1790654594,A07-k3,app,633, 8446
1790654604,A07-k3,gpu,NVIDIA A10, 23028, 16906
1790654604,A07-k3,app,446, 8446
1790654604,A07-k3,app,633, 8446
1790654614,A07-k3,gpu,NVIDIA A10, 23028, 16906
1790654614,A07-k3,app,446, 8446
1790654614,A07-k3,app,633, 8446
1790654624,A07-k3,gpu,NVIDIA A10, 23028, 16906
1790654624,A07-k3,app,446, 8446
1790654624,A07-k3,app,633, 8446
1790654634,A07-k3,gpu,NVIDIA A10, 23028, 16906
1790654634,A07-k3,app,446, 8446
1790654634,A07-k3,app,633, 8446
1790654644,A07-k3,gpu,NVIDIA A10, 23028, 16906
1790654644,A07-k3,app,446, 8446
1790654644,A07-k3,app,633, 8446
1790654654,A07-k3,gpu,NVIDIA A10, 23028, 16906
1790654654,A07-k3,app,446, 8446
1790654654,A07-k3,app,633, 8446
1790654664,A07-k3,gpu,NVIDIA A10, 23028, 16906
1790654664,A07-k3,app,446, 8446
1790654664,A07-k3,app,633, 8446
1790654675,A07-k3,gpu,NVIDIA A10, 23028, 16906
1790654675,A07-k3,app,446, 8446
1790654675,A07-k3,app,633, 8446
1790654685,A07-k3,gpu,NVIDIA A10, 23028, 16906
1790654685,A07-k3,app,446, 8446
1790654685,A07-k3,app,633, 8446
1790654695,A07-k3,gpu,NVIDIA A10, 23028, 16906
1790654695,A07-k3,app,446, 8446
1790654695,A07-k3,app,633, 8446
1790654705,A07-k3,gpu,NVIDIA A10, 23028, 16906
1790654705,A07-k3,app,446, 8446
1790654705,A07-k3,app,633, 8446
1790654715,A07-k3,gpu,NVIDIA A10, 23028, 16906
1790654715,A07-k3,app,446, 8446
1790654715,A07-k3,app,633, 8446
1790654725,A07-k3,gpu,NVIDIA A10, 23028, 16906
1790654725,A07-k3,app,446, 8446
1790654725,A07-k3,app,633, 8446
1790654735,A07-k3,gpu,NVIDIA A10, 23028, 16906
1790654735,A07-k3,app,446, 8446
1790654735,A07-k3,app,633, 8446
1790654745,A07-k3,gpu,NVIDIA A10, 23028, 16906
1790654745,A07-k3,app,446, 8446
1790654745,A07-k3,app,633, 8446
1790654755,A07-k3,gpu,NVIDIA A10, 23028, 16906
1790654755,A07-k3,app,446, 8446
1790654755,A07-k3,app,633, 8446
1790654765,A07-k3,gpu,NVIDIA A10, 23028, 16906
1790654765,A07-k3,app,446, 8446
1790654765,A07-k3,app,633, 8446
1790654775,A07-k3,gpu,NVIDIA A10, 23028, 16906
1790654775,A07-k3,app,446, 8446
1790654775,A07-k3,app,633, 8446
1790654785,A07-k3,gpu,NVIDIA A10, 23028, 16906
1790654785,A07-k3,app,446, 8446
1790654785,A07-k3,app,633, 8446
1790654796,A07-k3,gpu,NVIDIA A10, 23028, 16906
1790654796,A07-k3,app,446, 8446
1790654796,A07-k3,app,633, 8446
1790654806,A07-k3,gpu,NVIDIA A10, 23028, 16906
1790654806,A07-k3,app,446, 8446
1790654806,A07-k3,app,633, 8446
1790654816,A07-k3,gpu,NVIDIA A10, 23028, 16906
1790654816,A07-k3,app,446, 8446
1790654816,A07-k3,app,633, 8446
1790654826,A07-k3,gpu,NVIDIA A10, 23028, 16906
1790654826,A07-k3,app,446, 8446
1790654826,A07-k3,app,633, 8446
1790654836,A07-k3,gpu,NVIDIA A10, 23028, 16906
1790654836,A07-k3,app,446, 8446
1790654836,A07-k3,app,633, 8446
1790654846,A07-k3,gpu,NVIDIA A10, 23028, 16906
1790654846,A07-k3,app,446, 8446
1790654846,A07-k3,app,633, 8446
1790654856,A07-k3,gpu,NVIDIA A10, 23028, 16906
1790654856,A07-k3,app,446, 8446
1790654856,A07-k3,app,633, 8446
1790654866,A07-k3,gpu,NVIDIA A10, 23028, 16906
1790654866,A07-k3,app,446, 8446
1790654866,A07-k3,app,633, 8446
1790654876,A07-k3,gpu,NVIDIA A10, 23028, 16906
1790654876,A07-k3,app,446, 8446
1790654876,A07-k3,app,633, 8446
1790654886,A07-k3,gpu,NVIDIA A10, 23028, 16906
1790654886,A07-k3,app,446, 8446
1790654886,A07-k3,app,633, 8446
1790654897,A07-k3,gpu,NVIDIA A10, 23028, 16906
1790654897,A07-k3,app,446, 8446
1790654897,A07-k3,app,633, 8446
1790654907,A07-k3,gpu,NVIDIA A10, 23028, 16906
1790654907,A07-k3,app,446, 8446
1790654907,A07-k3,app,633, 8446
1790654917,A07-k3,gpu,NVIDIA A10, 23028, 16906
1790654917,A07-k3,app,446, 8446
1790654917,A07-k3,app,633, 8446
1790654927,A07-k3,gpu,NVIDIA A10, 23028, 16906
1790654927,A07-k3,app,446, 8446
1790654927,A07-k3,app,633, 8446
1790654937,A07-k3,gpu,NVIDIA A10, 23028, 16906
1790654937,A07-k3,app,446, 8446
1790654937,A07-k3,app,633, 8446
1790654947,A07-k3,gpu,NVIDIA A10, 23028, 16906
1790654947,A07-k3,app,446, 8446
1790654947,A07-k3,app,633, 8446
1790654957,A07-k3,gpu,NVIDIA A10, 23028, 16906
1790654957,A07-k3,app,446, 8446
1790654957,A07-k3,app,633, 8446
1790654967,A07-k3,gpu,NVIDIA A10, 23028, 16906
1790654967,A07-k3,app,446, 8446
1790654967,A07-k3,app,633, 8446
1790654977,A07-k3,gpu,NVIDIA A10, 23028, 16906
1790654977,A07-k3,app,446, 8446
1790654977,A07-k3,app,633, 8446
1790654987,A07-k3,gpu,NVIDIA A10, 23028, 16906
1790654987,A07-k3,app,446, 8446
1790654987,A07-k3,app,633, 8446
1790654997,A07-k3,gpu,NVIDIA A10, 23028, 16906
1790654997,A07-k3,app,446, 8446
1790654997,A07-k3,app,633, 8446
1790655008,A07-k3,gpu,NVIDIA A10, 23028, 16906
1790655008,A07-k3,app,446, 8446
1790655008,A07-k3,app,633, 8446
1790655018,A07-k3,gpu,NVIDIA A10, 23028, 16906
1790655018,A07-k3,app,446, 8446
1790655018,A07-k3,app,633, 8446
1790655028,A07-k3,gpu,NVIDIA A10, 23028, 16906
1790655028,A07-k3,app,446, 8446
1790655028,A07-k3,app,633, 8446
1790655038,A07-k3,gpu,NVIDIA A10, 23028, 16906
1790655038,A07-k3,app,446, 8446
1790655038,A07-k3,app,633, 8446
1790655048,A07-k3,gpu,NVIDIA A10, 23028, 16906
1790655048,A07-k3,app,446, 8446
1790655048,A07-k3,app,633, 8446
1790655058,A07-k3,gpu,NVIDIA A10, 23028, 16906
1790655058,A07-k3,app,446, 8446
1790655058,A07-k3,app,633, 8446
1790655068,A07-k3,gpu,NVIDIA A10, 23028, 16906
1790655068,A07-k3,app,446, 8446
1790655068,A07-k3,app,633, 8446
1790655078,A07-k3,gpu,NVIDIA A10, 23028, 16906
1790655078,A07-k3,app,446, 8446
1790655078,A07-k3,app,633, 8446
1790655088,A07-k3,gpu,NVIDIA A10, 23028, 16906
1790655088,A07-k3,app,446, 8446
1790655088,A07-k3,app,633, 8446
1790655098,A07-k3,gpu,NVIDIA A10, 23028, 16906
1790655098,A07-k3,app,446, 8446
1790655098,A07-k3,app,633, 8446
1790655108,A07-k3,gpu,NVIDIA A10, 23028, 16906
1790655108,A07-k3,app,446, 8446
1790655108,A07-k3,app,633, 8446
1790655118,A07-k3,gpu,NVIDIA A10, 23028, 16906
1790655118,A07-k3,app,446, 8446
1790655118,A07-k3,app,633, 8446
1790655128,A07-k3,gpu,NVIDIA A10, 23028, 16906
1790655128,A07-k3,app,446, 8446
1790655128,A07-k3,app,633, 8446
1790655139,A07-k3,gpu,NVIDIA A10, 23028, 16906
1790655139,A07-k3,app,446, 8446
1790655139,A07-k3,app,633, 8446
1790655149,A07-k3,gpu,NVIDIA A10, 23028, 16906
1790655149,A07-k3,app,446, 8446
1790655149,A07-k3,app,633, 8446
1790655159,A07-k3,gpu,NVIDIA A10, 23028, 16906
1790655159,A07-k3,app,446, 8446
1790655159,A07-k3,app,633, 8446
1790655169,A07-k3,gpu,NVIDIA A10, 23028, 16906
1790655169,A07-k3,app,446, 8446
1790655169,A07-k3,app,633, 8446
1790655179,A07-k3,gpu,NVIDIA A10, 23028, 16906
1790655179,A07-k3,app,446, 8446
1790655179,A07-k3,app,633, 8446
1790655189,A07-k3,gpu,NVIDIA A10, 23028, 16906
1790655189,A07-k3,app,446, 8446
1790655189,A07-k3,app,633, 8446
1790655199,A07-k3,gpu,NVIDIA A10, 23028, 16906
1790655199,A07-k3,app,446, 8446
1790655199,A07-k3,app,633, 8446
1790655209,A07-k3,gpu,NVIDIA A10, 23028, 16906
1790655209,A07-k3,app,446, 8446
1790655209,A07-k3,app,633, 8446
1790655219,A07-k3,gpu,NVIDIA A10, 23028, 16906
1790655219,A07-k3,app,446, 8446
1790655219,A07-k3,app,633, 8446
1790655229,A07-k3,gpu,NVIDIA A10, 23028, 16906
1790655229,A07-k3,app,446, 8446
1790655229,A07-k3,app,633, 8446
1790655239,A07-k3,gpu,NVIDIA A10, 23028, 16906
1790655239,A07-k3,app,446, 8446
1790655239,A07-k3,app,633, 8446
1790655250,A07-k3,gpu,NVIDIA A10, 23028, 16906
1790655250,A07-k3,app,446, 8446
1790655250,A07-k3,app,633, 8446
1790655260,A07-k3,gpu,NVIDIA A10, 23028, 16906
1790655260,A07-k3,app,446, 8446
1790655260,A07-k3,app,633, 8446
1790655270,A07-k3,gpu,NVIDIA A10, 23028, 16906
1790655270,A07-k3,app,446, 8446
1790655270,A07-k3,app,633, 8446
1790655280,A07-k3,gpu,NVIDIA A10, 23028, 16906
1790655280,A07-k3,app,446, 8446
1790655280,A07-k3,app,633, 8446
1790655290,A07-k3,gpu,NVIDIA A10, 23028, 16906
1790655290,A07-k3,app,446, 8446
1790655290,A07-k3,app,633, 8446
1790655300,A07-k3,gpu,NVIDIA A10, 23028, 16906
1790655300,A07-k3,app,446, 8446
1790655300,A07-k3,app,633, 8446
1790655310,A07-k3,gpu,NVIDIA A10, 23028, 16906
1790655310,A07-k3,app,446, 8446
1790655310,A07-k3,app,633, 8446
1790655320,A07-k3,gpu,NVIDIA A10, 23028, 16906
1790655320,A07-k3,app,446, 8446
1790655320,A07-k3,app,633, 8446
1790655330,A07-k3,gpu,NVIDIA A10, 23028, 16906
1790655330,A07-k3,app,446, 8446
1790655330,A07-k3,app,633, 8446
1790655341,A07-k3,gpu,NVIDIA A10, 23028, 16906
1790655341,A07-k3,app,446, 8446
1790655341,A07-k3,app,633, 8446
1790655351,A07-k3,gpu,NVIDIA A10, 23028, 16906
1790655351,A07-k3,app,446, 8446
1790655351,A07-k3,app,633, 8446
1790655361,A07-k3,gpu,NVIDIA A10, 23028, 16906
1790655361,A07-k3,app,446, 8446
1790655361,A07-k3,app,633, 8446
1790655371,A07-k3,gpu,NVIDIA A10, 23028, 16906
1790655371,A07-k3,app,446, 8446
1790655371,A07-k3,app,633, 8446
1790655381,A07-k3,gpu,NVIDIA A10, 23028, 16906
1790655381,A07-k3,app,446, 8446
1790655381,A07-k3,app,633, 8446
1790655391,A07-k3,gpu,NVIDIA A10, 23028, 16906
1790655391,A07-k3,app,446, 8446
1790655391,A07-k3,app,633, 8446
1790655401,A07-k3,gpu,NVIDIA A10, 23028, 16906
1790655401,A07-k3,app,446, 8446
1790655401,A07-k3,app,633, 8446
1790655411,A07-k3,gpu,NVIDIA A10, 23028, 16906
1790655411,A07-k3,app,446, 8446
1790655411,A07-k3,app,633, 8446
1790655421,A07-k3,gpu,NVIDIA A10, 23028, 16906
1790655421,A07-k3,app,446, 8446
1790655421,A07-k3,app,633, 8446
1790655431,A07-k3,gpu,NVIDIA A10, 23028, 16906
1790655431,A07-k3,app,446, 8446
1790655431,A07-k3,app,633, 8446
1790655441,A07-k3,gpu,NVIDIA A10, 23028, 16906
1790655441,A07-k3,app,446, 8446
1790655441,A07-k3,app,633, 8446
1790655451,A07-k3,gpu,NVIDIA A10, 23028, 16906
1790655451,A07-k3,app,446, 8446
1790655451,A07-k3,app,633, 8446
1790655462,A07-k3,gpu,NVIDIA A10, 23028, 16906
1790655462,A07-k3,app,446, 8446
1790655462,A07-k3,app,633, 8446
1790655472,A07-k3,gpu,NVIDIA A10, 23028, 16906
1790655472,A07-k3,app,446, 8446
1790655472,A07-k3,app,633, 8446
1790655482,A07-k3,gpu,NVIDIA A10, 23028, 16906
1790655482,A07-k3,app,446, 8446
1790655482,A07-k3,app,633, 8446
1790655492,A07-k3,gpu,NVIDIA A10, 23028, 16906
1790655492,A07-k3,app,446, 8446
1790655492,A07-k3,app,633, 8446
1790655502,A07-k3,gpu,NVIDIA A10, 23028, 16906
1790655502,A07-k3,app,446, 8446
1790655502,A07-k3,app,633, 8446
1790655512,A07-k3,gpu,NVIDIA A10, 23028, 16906
1790655512,A07-k3,app,446, 8446
1790655512,A07-k3,app,633, 8446
1790655522,A07-k3,gpu,NVIDIA A10, 23028, 16906
1790655522,A07-k3,app,446, 8446
1790655522,A07-k3,app,633, 8446
1790655532,A07-k3,gpu,NVIDIA A10, 23028, 16906
1790655532,A07-k3,app,446, 8446
1790655532,A07-k3,app,633, 8446
1790655542,A07-k3,gpu,NVIDIA A10, 23028, 16906
1790655542,A07-k3,app,446, 8446
1790655542,A07-k3,app,633, 8446
1790655552,A07-k3,gpu,NVIDIA A10, 23028, 16906
1790655552,A07-k3,app,446, 8446
1790655552,A07-k3,app,633, 8446
1790655562,A07-k3,gpu,NVIDIA A10, 23028, 16906
1790655562,A07-k3,app,446, 8446
1790655562,A07-k3,app,633, 8446
1790655572,A07-k3,gpu,NVIDIA A10, 23028, 16906
1790655572,A07-k3,app,446, 8446
1790655572,A07-k3,app,633, 8446
1790655582,A07-k3,gpu,NVIDIA A10, 23028, 16906
1790655582,A07-k3,app,446, 8446
1790655582,A07-k3,app,633, 8446
1790655593,A07-k3,gpu,NVIDIA A10, 23028, 16906
1790655593,A07-k3,app,446, 8446
1790655593,A07-k3,app,633, 8446
1790655603,A07-k3,gpu,NVIDIA A10, 23028, 16906
1790655603,A07-k3,app,446, 8446
1790655603,A07-k3,app,633, 8446
1790655613,A07-k3,gpu,NVIDIA A10, 23028, 16906
1790655613,A07-k3,app,446, 8446
1790655613,A07-k3,app,633, 8446
1790655623,A07-k3,gpu,NVIDIA A10, 23028, 16906
1790655623,A07-k3,app,446, 8446
1790655623,A07-k3,app,633, 8446
1790655633,A07-k3,gpu,NVIDIA A10, 23028, 16906
1790655633,A07-k3,app,446, 8446
1790655633,A07-k3,app,633, 8446
1790655643,A07-k3,gpu,NVIDIA A10, 23028, 16906
1790655643,A07-k3,app,446, 8446
1790655643,A07-k3,app,633, 8446
1790655653,A07-k3,gpu,NVIDIA A10, 23028, 16906
1790655653,A07-k3,app,446, 8446
1790655653,A07-k3,app,633, 8446
1790655663,A07-k3,gpu,NVIDIA A10, 23028, 16906
1790655663,A07-k3,app,446, 8446
1790655663,A07-k3,app,633, 8446
1790655673,A07-k3,gpu,NVIDIA A10, 23028, 16906
1790655673,A07-k3,app,446, 8446
1790655673,A07-k3,app,633, 8446
1790655683,A07-k3,gpu,NVIDIA A10, 23028, 16906
1790655683,A07-k3,app,446, 8446
1790655683,A07-k3,app,633, 8446
1790655693,A07-k3,gpu,NVIDIA A10, 23028, 16906
1790655693,A07-k3,app,446, 8446
1790655693,A07-k3,app,633, 8446
1790655703,A07-k3,gpu,NVIDIA A10, 23028, 16906
1790655703,A07-k3,app,446, 8446
1790655703,A07-k3,app,633, 8446
1790655713,A07-k3,gpu,NVIDIA A10, 23028, 16906
1790655713,A07-k3,app,446, 8446
1790655713,A07-k3,app,633, 8446
1790655724,A07-k3,gpu,NVIDIA A10, 23028, 16906
1790655724,A07-k3,app,446, 8446
1790655724,A07-k3,app,633, 8446
1790655734,A07-k3,gpu,NVIDIA A10, 23028, 16906
1790655734,A07-k3,app,446, 8446
1790655734,A07-k3,app,633, 8446
1790655744,A07-k3,gpu,NVIDIA A10, 23028, 16906
1790655744,A07-k3,app,446, 8446
1790655744,A07-k3,app,633, 8446
1790655754,A07-k3,gpu,NVIDIA A10, 23028, 16906
1790655754,A07-k3,app,446, 8446
1790655754,A07-k3,app,633, 8446
1790655764,A07-k3,gpu,NVIDIA A10, 23028, 16906
1790655764,A07-k3,app,446, 8446
1790655764,A07-k3,app,633, 8446
1790655774,A07-k3,gpu,NVIDIA A10, 23028, 16906
1790655774,A07-k3,app,446, 8446
1790655774,A07-k3,app,633, 8446
1790655784,A07-k3,gpu,NVIDIA A10, 23028, 16906
1790655784,A07-k3,app,446, 8446
1790655784,A07-k3,app,633, 8446
1790655794,A07-k3,gpu,NVIDIA A10, 23028, 16906
1790655794,A07-k3,app,446, 8446
1790655794,A07-k3,app,633, 8446
1790655804,A07-k3,gpu,NVIDIA A10, 23028, 16906
1790655804,A07-k3,app,446, 8446
1790655804,A07-k3,app,633, 8446
1790655814,A07-k3,gpu,NVIDIA A10, 23028, 16906
1790655814,A07-k3,app,446, 8446
1790655814,A07-k3,app,633, 8446
1790655824,A07-k3,gpu,NVIDIA A10, 23028, 16906
1790655824,A07-k3,app,446, 8446
1790655824,A07-k3,app,633, 8446
1790655834,A07-k3,gpu,NVIDIA A10, 23028, 16906
1790655834,A07-k3,app,446, 8446
1790655834,A07-k3,app,633, 8446
1790655845,A07-k3,gpu,NVIDIA A10, 23028, 16906
1790655845,A07-k3,app,446, 8446
1790655845,A07-k3,app,633, 8446
1790655855,A07-k3,gpu,NVIDIA A10, 23028, 16906
1790655855,A07-k3,app,446, 8446
1790655855,A07-k3,app,633, 8446
1790655865,A07-k3,gpu,NVIDIA A10, 23028, 16906
1790655865,A07-k3,app,446, 8446
1790655865,A07-k3,app,633, 8446
1790655875,A07-k3,gpu,NVIDIA A10, 23028, 16906
1790655875,A07-k3,app,446, 8446
1790655875,A07-k3,app,633, 8446
1790655885,A07-k3,gpu,NVIDIA A10, 23028, 16906
1790655885,A07-k3,app,446, 8446
1790655885,A07-k3,app,633, 8446
1790655895,A07-k3,gpu,NVIDIA A10, 23028, 16906
1790655895,A07-k3,app,446, 8446
1790655895,A07-k3,app,633, 8446
1790655905,A07-k3,gpu,NVIDIA A10, 23028, 16906
1790655905,A07-k3,app,446, 8446
1790655905,A07-k3,app,633, 8446
1790655915,A07-k3,gpu,NVIDIA A10, 23028, 16906
1790655915,A07-k3,app,446, 8446
1790655915,A07-k3,app,633, 8446
1790655926,A07-k3,gpu,NVIDIA A10, 23028, 16906
1790655926,A07-k3,app,446, 8446
1790655926,A07-k3,app,633, 8446
1790655936,A07-k3,gpu,NVIDIA A10, 23028, 16906
1790655936,A07-k3,app,446, 8446
1790655936,A07-k3,app,633, 8446
1790655946,A07-k3,gpu,NVIDIA A10, 23028, 16906
1790655946,A07-k3,app,446, 8446
1790655946,A07-k3,app,633, 8446
1790655956,A07-k3,gpu,NVIDIA A10, 23028, 16906
1790655956,A07-k3,app,446, 8446
1790655956,A07-k3,app,633, 8446
1790655966,A07-k3,gpu,NVIDIA A10, 23028, 16906
1790655966,A07-k3,app,446, 8446
1790655966,A07-k3,app,633, 8446
1790655976,A07-k3,gpu,NVIDIA A10, 23028, 16906
1790655976,A07-k3,app,446, 8446
1790655976,A07-k3,app,633, 8446
1790655986,A07-k3,gpu,NVIDIA A10, 23028, 16906
1790655986,A07-k3,app,446, 8446
1790655986,A07-k3,app,633, 8446
1790655996,A07-k3,gpu,NVIDIA A10, 23028, 16906
1790655996,A07-k3,app,446, 8446
1790655996,A07-k3,app,633, 8446
1790656006,A07-k3,gpu,NVIDIA A10, 23028, 16906
1790656006,A07-k3,app,446, 8446
1790656006,A07-k3,app,633, 8446
1790656016,A07-k3,gpu,NVIDIA A10, 23028, 16906
1790656016,A07-k3,app,446, 8446
1790656016,A07-k3,app,633, 8446
1790656026,A07-k3,gpu,NVIDIA A10, 23028, 16906
1790656026,A07-k3,app,446, 8446
1790656026,A07-k3,app,633, 8446
1790656037,A07-k3,gpu,NVIDIA A10, 23028, 16906
1790656037,A07-k3,app,446, 8446
1790656037,A07-k3,app,633, 8446
1790656047,A07-k3,gpu,NVIDIA A10, 23028, 16906
1790656047,A07-k3,app,446, 8446
1790656047,A07-k3,app,633, 8446
1790656057,A07-k3,gpu,NVIDIA A10, 23028, 16906
1790656057,A07-k3,app,446, 8446
1790656057,A07-k3,app,633, 8446
1790656067,A07-k3,gpu,NVIDIA A10, 23028, 16906
1790656067,A07-k3,app,446, 8446
1790656067,A07-k3,app,633, 8446
1790656077,A07-k3,gpu,NVIDIA A10, 23028, 16906
1790656077,A07-k3,app,446, 8446
1790656077,A07-k3,app,633, 8446
1790656087,A07-k3,gpu,NVIDIA A10, 23028, 16906
1790656087,A07-k3,app,446, 8446
1790656087,A07-k3,app,633, 8446
1790656097,A07-k3,gpu,NVIDIA A10, 23028, 16906
1790656097,A07-k3,app,446, 8446
1790656097,A07-k3,app,633, 8446
1790656107,A07-k3,gpu,NVIDIA A10, 23028, 16906
1790656107,A07-k3,app,446, 8446
1790656107,A07-k3,app,633, 8446
1790656117,A07-k3,gpu,NVIDIA A10, 23028, 16906
1790656117,A07-k3,app,446, 8446
1790656117,A07-k3,app,633, 8446
1790656127,A07-k3,gpu,NVIDIA A10, 23028, 16906
1790656127,A07-k3,app,446, 8446
1790656127,A07-k3,app,633, 8446
1790656137,A07-k3,gpu,NVIDIA A10, 23028, 16906
1790656137,A07-k3,app,446, 8446
1790656137,A07-k3,app,633, 8446
1790656148,A07-k3,gpu,NVIDIA A10, 23028, 16906
1790656148,A07-k3,app,446, 8446
1790656148,A07-k3,app,633, 8446
1790656158,A07-k3,gpu,NVIDIA A10, 23028, 16906
1790656158,A07-k3,app,446, 8446
1790656158,A07-k3,app,633, 8446
1790656168,A07-k3,gpu,NVIDIA A10, 23028, 16906
1790656168,A07-k3,app,446, 8446
1790656168,A07-k3,app,633, 8446
1790656178,A07-k3,gpu,NVIDIA A10, 23028, 16906
1790656178,A07-k3,app,446, 8446
1790656178,A07-k3,app,633, 8446
1790656188,A07-k3,gpu,NVIDIA A10, 23028, 16906
1790656188,A07-k3,app,446, 8446
1790656188,A07-k3,app,633, 8446
1790656198,A07-k3,gpu,NVIDIA A10, 23028, 16906
1790656198,A07-k3,app,446, 8446
1790656198,A07-k3,app,633, 8446
1790656208,A07-k3,gpu,NVIDIA A10, 23028, 16906
1790656208,A07-k3,app,446, 8446
1790656208,A07-k3,app,633, 8446
1790656218,A07-k3,gpu,NVIDIA A10, 23028, 16906
1790656218,A07-k3,app,446, 8446
1790656218,A07-k3,app,633, 8446
1790656228,A07-k3,gpu,NVIDIA A10, 23028, 16906
1790656228,A07-k3,app,446, 8446
1790656228,A07-k3,app,633, 8446
1790656238,A07-k3,gpu,NVIDIA A10, 23028, 16906
1790656238,A07-k3,app,446, 8446
1790656238,A07-k3,app,633, 8446
1790656248,A07-k3,gpu,NVIDIA A10, 23028, 16906
1790656248,A07-k3,app,446, 8446
1790656248,A07-k3,app,633, 8446
1790656258,A07-k3,gpu,NVIDIA A10, 23028, 16906
1790656258,A07-k3,app,446, 8446
1790656258,A07-k3,app,633, 8446
1790656269,A07-k3,gpu,NVIDIA A10, 23028, 16906
1790656269,A07-k3,app,446, 8446
1790656269,A07-k3,app,633, 8446
1790656279,A07-k3,gpu,NVIDIA A10, 23028, 16906
1790656279,A07-k3,app,446, 8446
1790656279,A07-k3,app,633, 8446
1790656289,A07-k3,gpu,NVIDIA A10, 23028, 16906
1790656289,A07-k3,app,446, 8446
1790656289,A07-k3,app,633, 8446
1790656299,A07-k3,gpu,NVIDIA A10, 23028, 16906
1790656299,A07-k3,app,446, 8446
1790656299,A07-k3,app,633, 8446
1790656309,A07-k3,gpu,NVIDIA A10, 23028, 16906
1790656309,A07-k3,app,446, 8446
1790656309,A07-k3,app,633, 8446
1790656319,A07-k3,gpu,NVIDIA A10, 23028, 16906
1790656319,A07-k3,app,446, 8446
1790656319,A07-k3,app,633, 8446
1790656329,A07-k3,gpu,NVIDIA A10, 23028, 16906
1790656329,A07-k3,app,446, 8446
1790656329,A07-k3,app,633, 8446
1790656339,A07-k3,gpu,NVIDIA A10, 23028, 16906
1790656339,A07-k3,app,446, 8446
1790656339,A07-k3,app,633, 8446
1790656349,A07-k3,gpu,NVIDIA A10, 23028, 16906
1790656349,A07-k3,app,446, 8446
1790656349,A07-k3,app,633, 8446
1790656359,A07-k3,gpu,NVIDIA A10, 23028, 16906
1790656359,A07-k3,app,446, 8446
1790656359,A07-k3,app,633, 8446
1790656369,A07-k3,gpu,NVIDIA A10, 23028, 16906
1790656369,A07-k3,app,446, 8446
1790656369,A07-k3,app,633, 8446
1790656379,A07-k3,gpu,NVIDIA A10, 23028, 16906
1790656379,A07-k3,app,446, 8446
1790656379,A07-k3,app,633, 8446
1790656390,A07-k3,gpu,NVIDIA A10, 23028, 16906
1790656390,A07-k3,app,446, 8446
1790656390,A07-k3,app,633, 8446
1790656400,A07-k3,gpu,NVIDIA A10, 23028, 16906
1790656400,A07-k3,app,446, 8446
1790656400,A07-k3,app,633, 8446
1790656410,A07-k3,gpu,NVIDIA A10, 23028, 16906
1790656410,A07-k3,app,446, 8446
1790656410,A07-k3,app,633, 8446
1790656420,A07-k3,gpu,NVIDIA A10, 23028, 16906
1790656420,A07-k3,app,446, 8446
1790656420,A07-k3,app,633, 8446
1790656430,A07-k3,gpu,NVIDIA A10, 23028, 16906
1790656430,A07-k3,app,446, 8446
1790656430,A07-k3,app,633, 8446
1790656440,A07-k3,gpu,NVIDIA A10, 23028, 16906
1790656440,A07-k3,app,446, 8446
1790656440,A07-k3,app,633, 8446
1790656450,A07-k3,gpu,NVIDIA A10, 23028, 16906
1790656450,A07-k3,app,446, 8446
1790656450,A07-k3,app,633, 8446
1790656460,A07-k3,gpu,NVIDIA A10, 23028, 16906
1790656460,A07-k3,app,446, 8446
1790656460,A07-k3,app,633, 8446
1790656470,A07-k3,gpu,NVIDIA A10, 23028, 16906
1790656470,A07-k3,app,446, 8446
1790656470,A07-k3,app,633, 8446
1790656480,A07-k3,gpu,NVIDIA A10, 23028, 16906
1790656480,A07-k3,app,446, 8446
1790656480,A07-k3,app,633, 8446
1790656490,A07-k3,gpu,NVIDIA A10, 23028, 16906
1790656490,A07-k3,app,446, 8446
1790656490,A07-k3,app,633, 8446
1790656500,A07-k3,gpu,NVIDIA A10, 23028, 16906
1790656500,A07-k3,app,446, 8446
1790656500,A07-k3,app,633, 8446
1790656511,A07-k3,gpu,NVIDIA A10, 23028, 16906
1790656511,A07-k3,app,446, 8446
1790656511,A07-k3,app,633, 8446
1790656521,A07-k3,gpu,NVIDIA A10, 23028, 16906
1790656521,A07-k3,app,446, 8446
1790656521,A07-k3,app,633, 8446
1790656531,A07-k3,gpu,NVIDIA A10, 23028, 16906
1790656531,A07-k3,app,446, 8446
1790656531,A07-k3,app,633, 8446
1790656541,A07-k3,gpu,NVIDIA A10, 23028, 16906
1790656541,A07-k3,app,446, 8446
1790656541,A07-k3,app,633, 8446
1790656551,A07-k3,gpu,NVIDIA A10, 23028, 16906
1790656551,A07-k3,app,446, 8446
1790656551,A07-k3,app,633, 8446
1790656561,A07-k3,gpu,NVIDIA A10, 23028, 16906
1790656561,A07-k3,app,446, 8446
1790656561,A07-k3,app,633, 8446
1790656571,A07-k3,gpu,NVIDIA A10, 23028, 16906
1790656571,A07-k3,app,446, 8446
1790656571,A07-k3,app,633, 8446
1790656581,A07-k3,gpu,NVIDIA A10, 23028, 16906
1790656581,A07-k3,app,446, 8446
1790656581,A07-k3,app,633, 8446
1790656591,A07-k3,gpu,NVIDIA A10, 23028, 16906
1790656591,A07-k3,app,446, 8446
1790656591,A07-k3,app,633, 8446
1790656601,A07-k3,gpu,NVIDIA A10, 23028, 16906
1790656601,A07-k3,app,446, 8446
1790656601,A07-k3,app,633, 8446
1790656612,A07-k3,gpu,NVIDIA A10, 23028, 16906
1790656612,A07-k3,app,446, 8446
1790656612,A07-k3,app,633, 8446
1790656622,A07-k3,gpu,NVIDIA A10, 23028, 16906
1790656622,A07-k3,app,446, 8446
1790656622,A07-k3,app,633, 8446
1790656632,A07-k3,gpu,NVIDIA A10, 23028, 16906
1790656632,A07-k3,app,446, 8446
1790656632,A07-k3,app,633, 8446
1790656642,A07-k3,gpu,NVIDIA A10, 23028, 16906
1790656642,A07-k3,app,446, 8446
1790656642,A07-k3,app,633, 8446
1790656652,A07-k3,gpu,NVIDIA A10, 23028, 16906
1790656652,A07-k3,app,446, 8446
1790656652,A07-k3,app,633, 8446
1790656662,A07-k3,gpu,NVIDIA A10, 23028, 16906
1790656662,A07-k3,app,446, 8446
1790656662,A07-k3,app,633, 8446
1790656672,A07-k3,gpu,NVIDIA A10, 23028, 16906
1790656672,A07-k3,app,446, 8446
1790656672,A07-k3,app,633, 8446
1790656682,A07-k3,gpu,NVIDIA A10, 23028, 16906
1790656682,A07-k3,app,446, 8446
1790656682,A07-k3,app,633, 8446
1790656692,A07-k3,gpu,NVIDIA A10, 23028, 16906
1790656692,A07-k3,app,446, 8446
1790656692,A07-k3,app,633, 8446
1790656702,A07-k3,gpu,NVIDIA A10, 23028, 16906
1790656702,A07-k3,app,446, 8446
1790656702,A07-k3,app,633, 8446
1790656712,A07-k3,gpu,NVIDIA A10, 23028, 16906
1790656712,A07-k3,app,446, 8446
1790656712,A07-k3,app,633, 8446
1790656722,A07-k3,gpu,NVIDIA A10, 23028, 16906
1790656722,A07-k3,app,446, 8446
1790656722,A07-k3,app,633, 8446
1790656732,A07-k3,gpu,NVIDIA A10, 23028, 16906
1790656732,A07-k3,app,446, 8446
1790656732,A07-k3,app,633, 8446
1790656743,A07-k3,gpu,NVIDIA A10, 23028, 16906
1790656743,A07-k3,app,446, 8446
1790656743,A07-k3,app,633, 8446
1790656753,A07-k3,gpu,NVIDIA A10, 23028, 16906
1790656753,A07-k3,app,446, 8446
1790656753,A07-k3,app,633, 8446
1790656763,A07-k3,gpu,NVIDIA A10, 23028, 16906
1790656763,A07-k3,app,446, 8446
1790656763,A07-k3,app,633, 8446
1790656773,A07-k3,gpu,NVIDIA A10, 23028, 16906
1790656773,A07-k3,app,446, 8446
1790656773,A07-k3,app,633, 8446
1790656783,A07-k3,gpu,NVIDIA A10, 23028, 16906
1790656783,A07-k3,app,446, 8446
1790656783,A07-k3,app,633, 8446
1790656793,A07-k3,gpu,NVIDIA A10, 23028, 16906
1790656793,A07-k3,app,446, 8446
1790656793,A07-k3,app,633, 8446
1790656803,A07-k3,gpu,NVIDIA A10, 23028, 16906
1790656803,A07-k3,app,446, 8446
1790656803,A07-k3,app,633, 8446
1790656813,A07-k3,gpu,NVIDIA A10, 23028, 16906
1790656813,A07-k3,app,446, 8446
1790656813,A07-k3,app,633, 8446
1790656823,A07-k3,gpu,NVIDIA A10, 23028, 16906
1790656823,A07-k3,app,446, 8446
1790656823,A07-k3,app,633, 8446
1790656833,A07-k3,gpu,NVIDIA A10, 23028, 16906
1790656833,A07-k3,app,446, 8446
1790656833,A07-k3,app,633, 8446
1790656843,A07-k3,gpu,NVIDIA A10, 23028, 16906
1790656843,A07-k3,app,446, 8446
1790656843,A07-k3,app,633, 8446
1790656853,A07-k3,gpu,NVIDIA A10, 23028, 16906
1790656853,A07-k3,app,446, 8446
1790656853,A07-k3,app,633, 8446
1790656863,A07-k3,gpu,NVIDIA A10, 23028, 16906
1790656863,A07-k3,app,446, 8446
1790656863,A07-k3,app,633, 8446
1790656874,A07-k3,gpu,NVIDIA A10, 23028, 16906
1790656874,A07-k3,app,446, 8446
1790656874,A07-k3,app,633, 8446
1790656884,A07-k3,gpu,NVIDIA A10, 23028, 16906
1790656884,A07-k3,app,446, 8446
1790656884,A07-k3,app,633, 8446
1790656894,A07-k3,gpu,NVIDIA A10, 23028, 16906
1790656894,A07-k3,app,446, 8446
1790656894,A07-k3,app,633, 8446
1790656904,A07-k3,gpu,NVIDIA A10, 23028, 16906
1790656904,A07-k3,app,446, 8446
1790656904,A07-k3,app,633, 8446
1790656914,A07-k3,gpu,NVIDIA A10, 23028, 16906
1790656914,A07-k3,app,446, 8446
1790656914,A07-k3,app,633, 8446
1790656924,A07-k3,gpu,NVIDIA A10, 23028, 16906
1790656924,A07-k3,app,446, 8446
1790656924,A07-k3,app,633, 8446
1790656934,A07-k3,gpu,NVIDIA A10, 23028, 16906
1790656934,A07-k3,app,446, 8446
1790656934,A07-k3,app,633, 8446
1790656944,A07-k3,gpu,NVIDIA A10, 23028, 16906
1790656944,A07-k3,app,446, 8446
1790656944,A07-k3,app,633, 8446
1790656954,A07-k3,gpu,NVIDIA A10, 23028, 16906
1790656954,A07-k3,app,446, 8446
1790656954,A07-k3,app,633, 8446
1790656964,A07-k3,gpu,NVIDIA A10, 23028, 16906
1790656964,A07-k3,app,446, 8446
1790656964,A07-k3,app,633, 8446
1790656974,A07-k3,gpu,NVIDIA A10, 23028, 16906
1790656974,A07-k3,app,446, 8446
1790656974,A07-k3,app,633, 8446
1790656984,A07-k3,gpu,NVIDIA A10, 23028, 16906
1790656984,A07-k3,app,446, 8446
1790656984,A07-k3,app,633, 8446
1790656995,A07-k3,gpu,NVIDIA A10, 23028, 16906
1790656995,A07-k3,app,446, 8446
1790656995,A07-k3,app,633, 8446
1790657005,A07-k3,gpu,NVIDIA A10, 23028, 16906
1790657005,A07-k3,app,446, 8446
1790657005,A07-k3,app,633, 8446
1790657015,A07-k3,gpu,NVIDIA A10, 23028, 16906
1790657015,A07-k3,app,446, 8446
1790657015,A07-k3,app,633, 8446
1790657025,A07-k3,gpu,NVIDIA A10, 23028, 16906
1790657025,A07-k3,app,446, 8446
1790657025,A07-k3,app,633, 8446
1790657035,A07-k3,gpu,NVIDIA A10, 23028, 16906
1790657035,A07-k3,app,446, 8446
1790657035,A07-k3,app,633, 8446
1790657045,A07-k3,gpu,NVIDIA A10, 23028, 16906
1790657045,A07-k3,app,446, 8446
1790657045,A07-k3,app,633, 8446
1790657055,A07-k3,gpu,NVIDIA A10, 23028, 16906
1790657055,A07-k3,app,446, 8446
1790657055,A07-k3,app,633, 8446
1790657065,A07-k3,gpu,NVIDIA A10, 23028, 16906
1790657065,A07-k3,app,446, 8446
1790657065,A07-k3,app,633, 8446
1790657075,A07-k3,gpu,NVIDIA A10, 23028, 16906
1790657075,A07-k3,app,446, 8446
1790657075,A07-k3,app,633, 8446
1790657085,A07-k3,gpu,NVIDIA A10, 23028, 16906
1790657085,A07-k3,app,446, 8446
1790657085,A07-k3,app,633, 8446
1790657095,A07-k3,gpu,NVIDIA A10, 23028, 16906
1790657095,A07-k3,app,446, 8446
1790657095,A07-k3,app,633, 8446
1790657105,A07-k3,gpu,NVIDIA A10, 23028, 16906
1790657105,A07-k3,app,446, 8446
1790657105,A07-k3,app,633, 8446
1790657116,A07-k3,gpu,NVIDIA A10, 23028, 16906
1790657116,A07-k3,app,446, 8446
1790657116,A07-k3,app,633, 8446
1790657126,A07-k3,gpu,NVIDIA A10, 23028, 16906
1790657126,A07-k3,app,446, 8446
1790657126,A07-k3,app,633, 8446
1790657136,A07-k3,gpu,NVIDIA A10, 23028, 16906
1790657136,A07-k3,app,446, 8446
1790657136,A07-k3,app,633, 8446
1790657146,A07-k3,gpu,NVIDIA A10, 23028, 16906
1790657146,A07-k3,app,446, 8446
1790657146,A07-k3,app,633, 8446
1790657156,A07-k3,gpu,NVIDIA A10, 23028, 16906
1790657156,A07-k3,app,446, 8446
1790657156,A07-k3,app,633, 8446
1790657166,A07-k3,gpu,NVIDIA A10, 23028, 16906
1790657166,A07-k3,app,446, 8446
1790657166,A07-k3,app,633, 8446
1790657176,A07-k3,gpu,NVIDIA A10, 23028, 16906
1790657176,A07-k3,app,446, 8446
1790657176,A07-k3,app,633, 8446
1790657186,A07-k3,gpu,NVIDIA A10, 23028, 16906
1790657186,A07-k3,app,446, 8446
1790657186,A07-k3,app,633, 8446
1790657196,A07-k3,gpu,NVIDIA A10, 23028, 16906
1790657196,A07-k3,app,446, 8446
1790657196,A07-k3,app,633, 8446
1790657206,A07-k3,gpu,NVIDIA A10, 23028, 16906
1790657206,A07-k3,app,446, 8446
1790657206,A07-k3,app,633, 8446
1790657216,A07-k3,gpu,NVIDIA A10, 23028, 16906
1790657216,A07-k3,app,446, 8446
1790657216,A07-k3,app,633, 8446
1790657226,A07-k3,gpu,NVIDIA A10, 23028, 16906
1790657226,A07-k3,app,446, 8446
1790657226,A07-k3,app,633, 8446
1790657237,A07-k3,gpu,NVIDIA A10, 23028, 16906
1790657237,A07-k3,app,446, 8446
1790657237,A07-k3,app,633, 8446
1790657247,A07-k3,gpu,NVIDIA A10, 23028, 16906
1790657247,A07-k3,app,446, 8446
1790657247,A07-k3,app,633, 8446
1790657257,A07-k3,gpu,NVIDIA A10, 23028, 16906
1790657257,A07-k3,app,446, 8446
1790657257,A07-k3,app,633, 8446
1790657267,A07-k3,gpu,NVIDIA A10, 23028, 16906
1790657267,A07-k3,app,446, 8446
1790657267,A07-k3,app,633, 8446
1790657277,A07-k3,gpu,NVIDIA A10, 23028, 16906
1790657277,A07-k3,app,446, 8446
1790657277,A07-k3,app,633, 8446
1790657287,A07-k3,gpu,NVIDIA A10, 23028, 16906
1790657287,A07-k3,app,446, 8446
1790657287,A07-k3,app,633, 8446
1790657297,A07-k3,gpu,NVIDIA A10, 23028, 16906
1790657297,A07-k3,app,446, 8446
1790657297,A07-k3,app,633, 8446
1790657307,A07-k3,gpu,NVIDIA A10, 23028, 16906
1790657307,A07-k3,app,446, 8446
1790657307,A07-k3,app,633, 8446
1790657317,A07-k3,gpu,NVIDIA A10, 23028, 16906
1790657317,A07-k3,app,446, 8446
1790657317,A07-k3,app,633, 8446
1790657327,A07-k3,gpu,NVIDIA A10, 23028, 16906
1790657327,A07-k3,app,446, 8446
1790657327,A07-k3,app,633, 8446
1790657337,A07-k3,gpu,NVIDIA A10, 23028, 16906
1790657337,A07-k3,app,446, 8446
1790657337,A07-k3,app,633, 8446
1790657348,A07-k3,gpu,NVIDIA A10, 23028, 16906
1790657348,A07-k3,app,446, 8446
1790657348,A07-k3,app,633, 8446
1790657358,A07-k3,gpu,NVIDIA A10, 23028, 16906
1790657358,A07-k3,app,446, 8446
1790657358,A07-k3,app,633, 8446
1790657368,A07-k3,gpu,NVIDIA A10, 23028, 16906
1790657368,A07-k3,app,446, 8446
1790657368,A07-k3,app,633, 8446
1790657378,A07-k3,gpu,NVIDIA A10, 23028, 16906
1790657378,A07-k3,app,446, 8446
1790657378,A07-k3,app,633, 8446
1790657388,A07-k3,gpu,NVIDIA A10, 23028, 16906
1790657388,A07-k3,app,446, 8446
1790657388,A07-k3,app,633, 8446
1790657398,A07-k3,gpu,NVIDIA A10, 23028, 16906
1790657398,A07-k3,app,446, 8446
1790657398,A07-k3,app,633, 8446
1790657408,A07-k3,gpu,NVIDIA A10, 23028, 16906
1790657408,A07-k3,app,446, 8446
1790657408,A07-k3,app,633, 8446
1790657418,A07-k3,gpu,NVIDIA A10, 23028, 16906
1790657418,A07-k3,app,446, 8446
1790657418,A07-k3,app,633, 8446
1790657428,A07-k3,gpu,NVIDIA A10, 23028, 16906
1790657428,A07-k3,app,446, 8446
1790657428,A07-k3,app,633, 8446
1790657438,A07-k3,gpu,NVIDIA A10, 23028, 16906
1790657438,A07-k3,app,446, 8446
1790657438,A07-k3,app,633, 8446
1790657448,A07-k3,gpu,NVIDIA A10, 23028, 16906
1790657448,A07-k3,app,446, 8446
1790657448,A07-k3,app,633, 8446
1790657458,A07-k3,gpu,NVIDIA A10, 23028, 16906
1790657458,A07-k3,app,446, 8446
1790657458,A07-k3,app,633, 8446
1790657468,A07-k3,gpu,NVIDIA A10, 23028, 16906
1790657468,A07-k3,app,446, 8446
1790657468,A07-k3,app,633, 8446
1790657479,A07-k3,gpu,NVIDIA A10, 23028, 16906
1790657479,A07-k3,app,446, 8446
1790657479,A07-k3,app,633, 8446
1790657489,A07-k3,gpu,NVIDIA A10, 23028, 16906
1790657489,A07-k3,app,446, 8446
1790657489,A07-k3,app,633, 8446
1790657499,A07-k3,gpu,NVIDIA A10, 23028, 16906
1790657499,A07-k3,app,446, 8446
1790657499,A07-k3,app,633, 8446
1790657509,A07-k3,gpu,NVIDIA A10, 23028, 16906
1790657509,A07-k3,app,446, 8446
1790657509,A07-k3,app,633, 8446
1790657519,A07-k3,gpu,NVIDIA A10, 23028, 16906
1790657519,A07-k3,app,446, 8446
1790657519,A07-k3,app,633, 8446
1790657529,A07-k3,gpu,NVIDIA A10, 23028, 16906
1790657529,A07-k3,app,446, 8446
1790657529,A07-k3,app,633, 8446
1790657539,A07-k3,gpu,NVIDIA A10, 23028, 16906
1790657539,A07-k3,app,446, 8446
1790657539,A07-k3,app,633, 8446
1790657549,A07-k3,gpu,NVIDIA A10, 23028, 16906
1790657549,A07-k3,app,446, 8446
1790657549,A07-k3,app,633, 8446
1790657559,A07-k3,gpu,NVIDIA A10, 23028, 16906
1790657559,A07-k3,app,446, 8446
1790657559,A07-k3,app,633, 8446
1790657570,A07-k3,gpu,NVIDIA A10, 23028, 16906
1790657570,A07-k3,app,446, 8446
1790657570,A07-k3,app,633, 8446
1790657580,A07-k3,gpu,NVIDIA A10, 23028, 16906
1790657580,A07-k3,app,446, 8446
1790657580,A07-k3,app,633, 8446
1790657590,A07-k3,gpu,NVIDIA A10, 23028, 16906
1790657590,A07-k3,app,446, 8446
1790657590,A07-k3,app,633, 8446
1790657600,A07-k3,gpu,NVIDIA A10, 23028, 16906
1790657600,A07-k3,app,446, 8446
1790657600,A07-k3,app,633, 8446
1790657610,A07-k3,gpu,NVIDIA A10, 23028, 16906
1790657610,A07-k3,app,446, 8446
1790657610,A07-k3,app,633, 8446
1790657620,A07-k3,gpu,NVIDIA A10, 23028, 16906
1790657620,A07-k3,app,446, 8446
1790657620,A07-k3,app,633, 8446
1790657630,A07-k3,gpu,NVIDIA A10, 23028, 16906
1790657630,A07-k3,app,446, 8446
1790657630,A07-k3,app,633, 8446
1790657640,A07-k3,gpu,NVIDIA A10, 23028, 16906
1790657640,A07-k3,app,446, 8446
1790657640,A07-k3,app,633, 8446
1790657650,A07-k3,gpu,NVIDIA A10, 23028, 16906
1790657650,A07-k3,app,446, 8446
1790657650,A07-k3,app,633, 8446
1790657660,A07-k3,gpu,NVIDIA A10, 23028, 16906
1790657660,A07-k3,app,446, 8446
1790657660,A07-k3,app,633, 8446
1790657670,A07-k3,gpu,NVIDIA A10, 23028, 16906
1790657670,A07-k3,app,446, 8446
1790657670,A07-k3,app,633, 8446
1790657680,A07-k3,gpu,NVIDIA A10, 23028, 16906
1790657680,A07-k3,app,446, 8446
1790657680,A07-k3,app,633, 8446
1790657691,A07-k3,gpu,NVIDIA A10, 23028, 16906
1790657691,A07-k3,app,446, 8446
1790657691,A07-k3,app,633, 8446
1790657701,A07-k3,gpu,NVIDIA A10, 23028, 16906
1790657701,A07-k3,app,446, 8446
1790657701,A07-k3,app,633, 8446
1790657711,A07-k3,gpu,NVIDIA A10, 23028, 16906
1790657711,A07-k3,app,446, 8446
1790657711,A07-k3,app,633, 8446
1790657721,A07-k3,gpu,NVIDIA A10, 23028, 16906
1790657721,A07-k3,app,446, 8446
1790657721,A07-k3,app,633, 8446
1790657731,A07-k3,gpu,NVIDIA A10, 23028, 16906
1790657731,A07-k3,app,446, 8446
1790657731,A07-k3,app,633, 8446
1790657741,A07-k3,gpu,NVIDIA A10, 23028, 16906
1790657741,A07-k3,app,446, 8446
1790657741,A07-k3,app,633, 8446
1790657751,A07-k3,gpu,NVIDIA A10, 23028, 16906
1790657751,A07-k3,app,446, 8446
1790657751,A07-k3,app,633, 8446
1790657761,A07-k3,gpu,NVIDIA A10, 23028, 16906
1790657761,A07-k3,app,446, 8446
1790657761,A07-k3,app,633, 8446
1790657771,A07-k3,gpu,NVIDIA A10, 23028, 16906
1790657771,A07-k3,app,446, 8446
1790657771,A07-k3,app,633, 8446
1790657781,A07-k3,gpu,NVIDIA A10, 23028, 16906
1790657781,A07-k3,app,446, 8446
1790657781,A07-k3,app,633, 8446
1790657792,A07-k3,gpu,NVIDIA A10, 23028, 16906
1790657792,A07-k3,app,446, 8446
1790657792,A07-k3,app,633, 8446
1790657802,A07-k3,gpu,NVIDIA A10, 23028, 16906
1790657802,A07-k3,app,446, 8446
1790657802,A07-k3,app,633, 8446
1790657812,A07-k3,gpu,NVIDIA A10, 23028, 16906
1790657812,A07-k3,app,446, 8446
1790657812,A07-k3,app,633, 8446
1790657822,A07-k3,gpu,NVIDIA A10, 23028, 16906
1790657822,A07-k3,app,446, 8446
1790657822,A07-k3,app,633, 8446
1790657832,A07-k3,gpu,NVIDIA A10, 23028, 16906
1790657832,A07-k3,app,446, 8446
1790657832,A07-k3,app,633, 8446
1790657842,A07-k3,gpu,NVIDIA A10, 23028, 16906
1790657842,A07-k3,app,446, 8446
1790657842,A07-k3,app,633, 8446
1790657852,A07-k3,gpu,NVIDIA A10, 23028, 16906
1790657852,A07-k3,app,446, 8446
1790657852,A07-k3,app,633, 8446
1790657862,A07-k3,gpu,NVIDIA A10, 23028, 16906
1790657862,A07-k3,app,446, 8446
1790657862,A07-k3,app,633, 8446
1790657872,A07-k3,gpu,NVIDIA A10, 23028, 16906
1790657872,A07-k3,app,446, 8446
1790657872,A07-k3,app,633, 8446
1790657882,A07-k3,gpu,NVIDIA A10, 23028, 16906
1790657882,A07-k3,app,446, 8446
1790657882,A07-k3,app,633, 8446
1790657892,A07-k3,gpu,NVIDIA A10, 23028, 16906
1790657892,A07-k3,app,446, 8446
1790657892,A07-k3,app,633, 8446
1790657902,A07-k3,gpu,NVIDIA A10, 23028, 16906
1790657902,A07-k3,app,446, 8446
1790657902,A07-k3,app,633, 8446
1790657913,A07-k3,gpu,NVIDIA A10, 23028, 16906
1790657913,A07-k3,app,446, 8446
1790657913,A07-k3,app,633, 8446
1790657923,A07-k3,gpu,NVIDIA A10, 23028, 16906
1790657923,A07-k3,app,446, 8446
1790657923,A07-k3,app,633, 8446
1790657933,A07-k3,gpu,NVIDIA A10, 23028, 16906
1790657933,A07-k3,app,446, 8446
1790657933,A07-k3,app,633, 8446
1790657943,A07-k3,gpu,NVIDIA A10, 23028, 16906
1790657943,A07-k3,app,446, 8446
1790657943,A07-k3,app,633, 8446
1790657953,A07-k3,gpu,NVIDIA A10, 23028, 16906
1790657953,A07-k3,app,446, 8446
1790657953,A07-k3,app,633, 8446
1790657963,A07-k3,gpu,NVIDIA A10, 23028, 16906
1790657963,A07-k3,app,446, 8446
1790657963,A07-k3,app,633, 8446
1790657973,A07-k3,gpu,NVIDIA A10, 23028, 16906
1790657973,A07-k3,app,446, 8446
1790657973,A07-k3,app,633, 8446
1790657983,A07-k3,gpu,NVIDIA A10, 23028, 16906
1790657983,A07-k3,app,446, 8446
1790657983,A07-k3,app,633, 8446
1790657993,A07-k3,gpu,NVIDIA A10, 23028, 16906
1790657993,A07-k3,app,446, 8446
1790657993,A07-k3,app,633, 8446
1790658003,A07-k3,gpu,NVIDIA A10, 23028, 16906
1790658003,A07-k3,app,446, 8446
1790658003,A07-k3,app,633, 8446
1790658013,A07-k3,gpu,NVIDIA A10, 23028, 16906
1790658013,A07-k3,app,446, 8446
1790658013,A07-k3,app,633, 8446
1790658023,A07-k3,gpu,NVIDIA A10, 23028, 16906
1790658023,A07-k3,app,446, 8446
1790658023,A07-k3,app,633, 8446
1790658034,A07-k3,gpu,NVIDIA A10, 23028, 16906
1790658034,A07-k3,app,446, 8446
1790658034,A07-k3,app,633, 8446
1790658044,A07-k3,gpu,NVIDIA A10, 23028, 16906
1790658044,A07-k3,app,446, 8446
1790658044,A07-k3,app,633, 8446
1790658054,A07-k3,gpu,NVIDIA A10, 23028, 16906
1790658054,A07-k3,app,446, 8446
1790658054,A07-k3,app,633, 8446
1790658064,A07-k3,gpu,NVIDIA A10, 23028, 16906
1790658064,A07-k3,app,446, 8446
1790658064,A07-k3,app,633, 8446
1790658074,A07-k3,gpu,NVIDIA A10, 23028, 16906
1790658074,A07-k3,app,446, 8446
1790658074,A07-k3,app,633, 8446
1790658084,A07-k3,gpu,NVIDIA A10, 23028, 16906
1790658084,A07-k3,app,446, 8446
1790658084,A07-k3,app,633, 8446
1790658094,A07-k3,gpu,NVIDIA A10, 23028, 16906
1790658094,A07-k3,app,446, 8446
1790658094,A07-k3,app,633, 8446
1790658104,A07-k3,gpu,NVIDIA A10, 23028, 16906
1790658104,A07-k3,app,446, 8446
1790658104,A07-k3,app,633, 8446
1790658114,A07-k3,gpu,NVIDIA A10, 23028, 16906
1790658114,A07-k3,app,446, 8446
1790658114,A07-k3,app,633, 8446
1790658124,A07-k3,gpu,NVIDIA A10, 23028, 16906
1790658124,A07-k3,app,446, 8446
1790658124,A07-k3,app,633, 8446
1790658134,A07-k3,gpu,NVIDIA A10, 23028, 16906
1790658134,A07-k3,app,446, 8446
1790658134,A07-k3,app,633, 8446
1790658145,A07-k3,gpu,NVIDIA A10, 23028, 16906
1790658145,A07-k3,app,446, 8446
1790658145,A07-k3,app,633, 8446
1790658155,A07-k3,gpu,NVIDIA A10, 23028, 16906
1790658155,A07-k3,app,446, 8446
1790658155,A07-k3,app,633, 8446
1790658165,A07-k3,gpu,NVIDIA A10, 23028, 16906
1790658165,A07-k3,app,446, 8446
1790658165,A07-k3,app,633, 8446
1790658175,A07-k3,gpu,NVIDIA A10, 23028, 16906
1790658175,A07-k3,app,446, 8446
1790658175,A07-k3,app,633, 8446
1790658185,A07-k3,gpu,NVIDIA A10, 23028, 16906
1790658185,A07-k3,app,446, 8446
1790658185,A07-k3,app,633, 8446
1790658195,A07-k3,gpu,NVIDIA A10, 23028, 16906
1790658195,A07-k3,app,446, 8446
1790658195,A07-k3,app,633, 8446
1790658205,A07-k3,gpu,NVIDIA A10, 23028, 16906
1790658205,A07-k3,app,446, 8446
1790658205,A07-k3,app,633, 8446
1790658215,A07-k3,gpu,NVIDIA A10, 23028, 16906
1790658215,A07-k3,app,446, 8446
1790658215,A07-k3,app,633, 8446
1790658225,A07-k3,gpu,NVIDIA A10, 23028, 16906
1790658225,A07-k3,app,446, 8446
1790658225,A07-k3,app,633, 8446
1790658235,A07-k3,gpu,NVIDIA A10, 23028, 16906
1790658235,A07-k3,app,446, 8446
1790658235,A07-k3,app,633, 8446
1790658245,A07-k3,gpu,NVIDIA A10, 23028, 16906
1790658245,A07-k3,app,446, 8446
1790658245,A07-k3,app,633, 8446
1790658255,A07-k3,gpu,NVIDIA A10, 23028, 16906
1790658255,A07-k3,app,446, 8446
1790658255,A07-k3,app,633, 8446
1790658265,A07-k3,gpu,NVIDIA A10, 23028, 16906
1790658265,A07-k3,app,446, 8446
1790658265,A07-k3,app,633, 8446
1790658276,A07-k3,gpu,NVIDIA A10, 23028, 16906
1790658276,A07-k3,app,446, 8446
1790658276,A07-k3,app,633, 8446
1790658286,A07-k3,gpu,NVIDIA A10, 23028, 16906
1790658286,A07-k3,app,446, 8446
1790658286,A07-k3,app,633, 8446
1790658296,A07-k3,gpu,NVIDIA A10, 23028, 16906
1790658296,A07-k3,app,446, 8446
1790658296,A07-k3,app,633, 8446
1790658306,A07-k3,gpu,NVIDIA A10, 23028, 16906
1790658306,A07-k3,app,446, 8446
1790658306,A07-k3,app,633, 8446
1790658316,A07-k3,gpu,NVIDIA A10, 23028, 16906
1790658316,A07-k3,app,446, 8446
1790658316,A07-k3,app,633, 8446
1790658326,A07-k3,gpu,NVIDIA A10, 23028, 16906
1790658326,A07-k3,app,446, 8446
1790658326,A07-k3,app,633, 8446
1790658336,A07-k3,gpu,NVIDIA A10, 23028, 16906
1790658336,A07-k3,app,446, 8446
1790658336,A07-k3,app,633, 8446
1790658346,A07-k3,gpu,NVIDIA A10, 23028, 16906
1790658346,A07-k3,app,446, 8446
1790658346,A07-k3,app,633, 8446
1790658357,A07-k3,gpu,NVIDIA A10, 23028, 16906
1790658357,A07-k3,app,446, 8446
1790658357,A07-k3,app,633, 8446
1790658367,A07-k3,gpu,NVIDIA A10, 23028, 16906
1790658367,A07-k3,app,446, 8446
1790658367,A07-k3,app,633, 8446
1790658377,A07-k3,gpu,NVIDIA A10, 23028, 16906
1790658377,A07-k3,app,446, 8446
1790658377,A07-k3,app,633, 8446
1790658387,A07-k3,gpu,NVIDIA A10, 23028, 16906
1790658387,A07-k3,app,446, 8446
1790658387,A07-k3,app,633, 8446
1790658397,A07-k3,gpu,NVIDIA A10, 23028, 16906
1790658397,A07-k3,app,446, 8446
1790658397,A07-k3,app,633, 8446
1790658407,A07-k3,gpu,NVIDIA A10, 23028, 16906
1790658407,A07-k3,app,446, 8446
1790658407,A07-k3,app,633, 8446
1790658417,A07-k3,gpu,NVIDIA A10, 23028, 16906
1790658417,A07-k3,app,446, 8446
1790658417,A07-k3,app,633, 8446
1790658427,A07-k3,gpu,NVIDIA A10, 23028, 16906
1790658427,A07-k3,app,446, 8446
1790658427,A07-k3,app,633, 8446
1790658437,A07-k3,gpu,NVIDIA A10, 23028, 16906
1790658437,A07-k3,app,446, 8446
1790658437,A07-k3,app,633, 8446
1790658447,A07-k3,gpu,NVIDIA A10, 23028, 16906
1790658447,A07-k3,app,446, 8446
1790658447,A07-k3,app,633, 8446
1790658457,A07-k3,gpu,NVIDIA A10, 23028, 16906
1790658457,A07-k3,app,446, 8446
1790658457,A07-k3,app,633, 8446
1790658467,A07-k3,gpu,NVIDIA A10, 23028, 16906
1790658467,A07-k3,app,446, 8446
1790658467,A07-k3,app,633, 8446
1790658477,A07-k3,gpu,NVIDIA A10, 23028, 16906
1790658477,A07-k3,app,446, 8446
1790658477,A07-k3,app,633, 8446
1790658488,A07-k3,gpu,NVIDIA A10, 23028, 16906
1790658488,A07-k3,app,446, 8446
1790658488,A07-k3,app,633, 8446
1790658498,A07-k3,gpu,NVIDIA A10, 23028, 16906
1790658498,A07-k3,app,446, 8446
1790658498,A07-k3,app,633, 8446
1790658508,A07-k3,gpu,NVIDIA A10, 23028, 16906
1790658508,A07-k3,app,446, 8446
1790658508,A07-k3,app,633, 8446
1790658518,A07-k3,gpu,NVIDIA A10, 23028, 16906
1790658518,A07-k3,app,446, 8446
1790658518,A07-k3,app,633, 8446
1790658528,A07-k3,gpu,NVIDIA A10, 23028, 16906
1790658528,A07-k3,app,446, 8446
1790658528,A07-k3,app,633, 8446
1790658538,A07-k3,gpu,NVIDIA A10, 23028, 16906
1790658538,A07-k3,app,446, 8446
1790658538,A07-k3,app,633, 8446
1790658548,A07-k3,gpu,NVIDIA A10, 23028, 16906
1790658548,A07-k3,app,446, 8446
1790658548,A07-k3,app,633, 8446
1790658558,A07-k3,gpu,NVIDIA A10, 23028, 16906
1790658558,A07-k3,app,446, 8446
1790658558,A07-k3,app,633, 8446
1790658568,A07-k3,gpu,NVIDIA A10, 23028, 16906
1790658568,A07-k3,app,446, 8446
1790658568,A07-k3,app,633, 8446
1790658578,A07-k3,gpu,NVIDIA A10, 23028, 16906
1790658578,A07-k3,app,446, 8446
1790658578,A07-k3,app,633, 8446
1790658589,A07-k3,gpu,NVIDIA A10, 23028, 16906
1790658589,A07-k3,app,446, 8446
1790658589,A07-k3,app,633, 8446
1790658599,A07-k3,gpu,NVIDIA A10, 23028, 16906
1790658599,A07-k3,app,446, 8446
1790658599,A07-k3,app,633, 8446
1790658609,A07-k3,gpu,NVIDIA A10, 23028, 16906
1790658609,A07-k3,app,446, 8446
1790658609,A07-k3,app,633, 8446
1790658619,A07-k3,gpu,NVIDIA A10, 23028, 16906
1790658619,A07-k3,app,446, 8446
1790658619,A07-k3,app,633, 8446
1790658629,A07-k3,gpu,NVIDIA A10, 23028, 16906
1790658629,A07-k3,app,446, 8446
1790658629,A07-k3,app,633, 8446
1790658639,A07-k3,gpu,NVIDIA A10, 23028, 16906
1790658639,A07-k3,app,446, 8446
1790658639,A07-k3,app,633, 8446
1790658649,A07-k3,gpu,NVIDIA A10, 23028, 16906
1790658649,A07-k3,app,446, 8446
1790658649,A07-k3,app,633, 8446
1790658659,A07-k3,gpu,NVIDIA A10, 23028, 16906
1790658659,A07-k3,app,446, 8446
1790658659,A07-k3,app,633, 8446
1790658669,A07-k3,gpu,NVIDIA A10, 23028, 16906
1790658669,A07-k3,app,446, 8446
1790658669,A07-k3,app,633, 8446
1790658679,A07-k3,gpu,NVIDIA A10, 23028, 16906
1790658679,A07-k3,app,446, 8446
1790658679,A07-k3,app,633, 8446
1790658689,A07-k3,gpu,NVIDIA A10, 23028, 16906
1790658689,A07-k3,app,446, 8446
1790658689,A07-k3,app,633, 8446
1790658699,A07-k3,gpu,NVIDIA A10, 23028, 16906
1790658699,A07-k3,app,446, 8446
1790658699,A07-k3,app,633, 8446
1790658709,A07-k3,gpu,NVIDIA A10, 23028, 16906
1790658709,A07-k3,app,446, 8446
1790658709,A07-k3,app,633, 8446
1790658720,A07-k3,gpu,NVIDIA A10, 23028, 16906
1790658720,A07-k3,app,446, 8446
1790658720,A07-k3,app,633, 8446
1790658730,A07-k3,gpu,NVIDIA A10, 23028, 16906
1790658730,A07-k3,app,446, 8446
1790658730,A07-k3,app,633, 8446
1790658740,A07-k3,gpu,NVIDIA A10, 23028, 16906
1790658740,A07-k3,app,446, 8446
1790658740,A07-k3,app,633, 8446
1790658750,A07-k3,gpu,NVIDIA A10, 23028, 16906
1790658750,A07-k3,app,446, 8446
1790658750,A07-k3,app,633, 8446
1790658760,A07-k3,gpu,NVIDIA A10, 23028, 16906
1790658760,A07-k3,app,446, 8446
1790658760,A07-k3,app,633, 8446
1790658770,A07-k3,gpu,NVIDIA A10, 23028, 16906
1790658770,A07-k3,app,446, 8446
1790658770,A07-k3,app,633, 8446
1790658780,A07-k3,gpu,NVIDIA A10, 23028, 16906
1790658780,A07-k3,app,446, 8446
1790658780,A07-k3,app,633, 8446
1790658790,A07-k3,gpu,NVIDIA A10, 23028, 16906
1790658790,A07-k3,app,446, 8446
1790658790,A07-k3,app,633, 8446
1790658800,A07-k3,gpu,NVIDIA A10, 23028, 16906
1790658800,A07-k3,app,446, 8446
1790658800,A07-k3,app,633, 8446
1790658810,A07-k3,gpu,NVIDIA A10, 23028, 16906
1790658810,A07-k3,app,446, 8446
1790658810,A07-k3,app,633, 8446
1790658820,A07-k3,gpu,NVIDIA A10, 23028, 16906
1790658820,A07-k3,app,446, 8446
1790658820,A07-k3,app,633, 8446
1790658830,A07-k3,gpu,NVIDIA A10, 23028, 16906
1790658830,A07-k3,app,446, 8446
1790658830,A07-k3,app,633, 8446
1790658840,A07-k3,gpu,NVIDIA A10, 23028, 16906
1790658840,A07-k3,app,446, 8446
1790658840,A07-k3,app,633, 8446
1790658851,A07-k3,gpu,NVIDIA A10, 23028, 16906
1790658851,A07-k3,app,446, 8446
1790658851,A07-k3,app,633, 8446
1790658861,A07-k3,gpu,NVIDIA A10, 23028, 16906
1790658861,A07-k3,app,446, 8446
1790658861,A07-k3,app,633, 8446
1790658871,A07-k3,gpu,NVIDIA A10, 23028, 16906
1790658871,A07-k3,app,446, 8446
1790658871,A07-k3,app,633, 8446
1790658881,A07-k3,gpu,NVIDIA A10, 23028, 16906
1790658881,A07-k3,app,446, 8446
1790658881,A07-k3,app,633, 8446
1790658891,A07-k3,gpu,NVIDIA A10, 23028, 16906
1790658891,A07-k3,app,446, 8446
1790658891,A07-k3,app,633, 8446
1790658901,A07-k3,gpu,NVIDIA A10, 23028, 16906
1790658901,A07-k3,app,446, 8446
1790658901,A07-k3,app,633, 8446
1790658911,A07-k3,gpu,NVIDIA A10, 23028, 16906
1790658911,A07-k3,app,446, 8446
1790658911,A07-k3,app,633, 8446
1790658921,A07-k3,gpu,NVIDIA A10, 23028, 16906
1790658921,A07-k3,app,446, 8446
1790658921,A07-k3,app,633, 8446
1790658931,A07-k3,gpu,NVIDIA A10, 23028, 16906
1790658931,A07-k3,app,446, 8446
1790658931,A07-k3,app,633, 8446
1790658941,A07-k3,gpu,NVIDIA A10, 23028, 16906
1790658941,A07-k3,app,446, 8446
1790658941,A07-k3,app,633, 8446
1790658951,A07-k3,gpu,NVIDIA A10, 23028, 16906
1790658951,A07-k3,app,446, 8446
1790658951,A07-k3,app,633, 8446
1790658961,A07-k3,gpu,NVIDIA A10, 23028, 16906
1790658961,A07-k3,app,446, 8446
1790658961,A07-k3,app,633, 8446
1790658972,A07-k3,gpu,NVIDIA A10, 23028, 16906
1790658972,A07-k3,app,446, 8446
1790658972,A07-k3,app,633, 8446
1790658982,A07-k3,gpu,NVIDIA A10, 23028, 16906
1790658982,A07-k3,app,446, 8446
1790658982,A07-k3,app,633, 8446
1790658992,A07-k3,gpu,NVIDIA A10, 23028, 16906
1790658992,A07-k3,app,446, 8446
1790658992,A07-k3,app,633, 8446
1790659002,A07-k3,gpu,NVIDIA A10, 23028, 16906
1790659002,A07-k3,app,446, 8446
1790659002,A07-k3,app,633, 8446
1790659012,A07-k3,gpu,NVIDIA A10, 23028, 16906
1790659012,A07-k3,app,446, 8446
1790659012,A07-k3,app,633, 8446
1790659022,A07-k3,gpu,NVIDIA A10, 23028, 16906
1790659022,A07-k3,app,446, 8446
1790659022,A07-k3,app,633, 8446
1790659032,A07-k3,gpu,NVIDIA A10, 23028, 16906
1790659032,A07-k3,app,446, 8446
1790659032,A07-k3,app,633, 8446
1790659042,A07-k3,gpu,NVIDIA A10, 23028, 16906
1790659042,A07-k3,app,446, 8446
1790659042,A07-k3,app,633, 8446
1790659052,A07-k3,gpu,NVIDIA A10, 23028, 16906
1790659052,A07-k3,app,446, 8446
1790659052,A07-k3,app,633, 8446
1790659062,A07-k3,gpu,NVIDIA A10, 23028, 16906
1790659062,A07-k3,app,446, 8446
1790659062,A07-k3,app,633, 8446
1790659072,A07-k3,gpu,NVIDIA A10, 23028, 16906
1790659072,A07-k3,app,446, 8446
1790659072,A07-k3,app,633, 8446
1790659082,A07-k3,gpu,NVIDIA A10, 23028, 16906
1790659082,A07-k3,app,446, 8446
1790659082,A07-k3,app,633, 8446
1790659093,A07-k3,gpu,NVIDIA A10, 23028, 16906
1790659093,A07-k3,app,446, 8446
1790659093,A07-k3,app,633, 8446
1790659103,A07-k3,gpu,NVIDIA A10, 23028, 16906
1790659103,A07-k3,app,446, 8446
1790659103,A07-k3,app,633, 8446
1790659113,A07-k3,gpu,NVIDIA A10, 23028, 16906
1790659113,A07-k3,app,446, 8446
1790659113,A07-k3,app,633, 8446
1790659123,A07-k3,gpu,NVIDIA A10, 23028, 16906
1790659123,A07-k3,app,446, 8446
1790659123,A07-k3,app,633, 8446
1790659133,A07-k3,gpu,NVIDIA A10, 23028, 16906
1790659133,A07-k3,app,446, 8446
1790659133,A07-k3,app,633, 8446
1790659143,A07-k3,gpu,NVIDIA A10, 23028, 16906
1790659143,A07-k3,app,446, 8446
1790659143,A07-k3,app,633, 8446
1790659153,A07-k3,gpu,NVIDIA A10, 23028, 16906
1790659153,A07-k3,app,446, 8446
1790659153,A07-k3,app,633, 8446
1790659163,A07-k3,gpu,NVIDIA A10, 23028, 16906
1790659163,A07-k3,app,446, 8446
1790659163,A07-k3,app,633, 8446
1790659173,A07-k3,gpu,NVIDIA A10, 23028, 16906
1790659173,A07-k3,app,446, 8446
1790659173,A07-k3,app,633, 8446
1790659183,A07-k3,gpu,NVIDIA A10, 23028, 16906
1790659183,A07-k3,app,446, 8446
1790659183,A07-k3,app,633, 8446
1790659193,A07-k3,gpu,NVIDIA A10, 23028, 16906
1790659193,A07-k3,app,446, 8446
1790659193,A07-k3,app,633, 8446
1790659203,A07-k3,gpu,NVIDIA A10, 23028, 16906
1790659203,A07-k3,app,446, 8446
1790659203,A07-k3,app,633, 8446
1790659214,A07-k3,gpu,NVIDIA A10, 23028, 16906
1790659214,A07-k3,app,446, 8446
1790659214,A07-k3,app,633, 8446
1790659224,A07-k3,gpu,NVIDIA A10, 23028, 16906
1790659224,A07-k3,app,446, 8446
1790659224,A07-k3,app,633, 8446
1790659234,A07-k3,gpu,NVIDIA A10, 23028, 16906
1790659234,A07-k3,app,446, 8446
1790659234,A07-k3,app,633, 8446
1790659244,A07-k3,gpu,NVIDIA A10, 23028, 16906
1790659244,A07-k3,app,446, 8446
1790659244,A07-k3,app,633, 8446
1790659254,A07-k3,gpu,NVIDIA A10, 23028, 16906
1790659254,A07-k3,app,446, 8446
1790659254,A07-k3,app,633, 8446
1790659264,A07-k3,gpu,NVIDIA A10, 23028, 16906
1790659264,A07-k3,app,446, 8446
1790659264,A07-k3,app,633, 8446
1790659274,A07-k3,gpu,NVIDIA A10, 23028, 16906
1790659274,A07-k3,app,446, 8446
1790659274,A07-k3,app,633, 8446
1790659284,A07-k3,gpu,NVIDIA A10, 23028, 16906
1790659284,A07-k3,app,446, 8446
1790659284,A07-k3,app,633, 8446
1790659295,A07-k3,gpu,NVIDIA A10, 23028, 16906
1790659295,A07-k3,app,446, 8446
1790659295,A07-k3,app,633, 8446
1790659305,A07-k3,gpu,NVIDIA A10, 23028, 16906
1790659305,A07-k3,app,446, 8446
1790659305,A07-k3,app,633, 8446
1790659315,A07-k3,gpu,NVIDIA A10, 23028, 16906
1790659315,A07-k3,app,446, 8446
1790659315,A07-k3,app,633, 8446
1790659325,A07-k3,gpu,NVIDIA A10, 23028, 16906
1790659325,A07-k3,app,446, 8446
1790659325,A07-k3,app,633, 8446
1790659335,A07-k3,gpu,NVIDIA A10, 23028, 16906
1790659335,A07-k3,app,446, 8446
1790659335,A07-k3,app,633, 8446
1790659345,A07-k3,gpu,NVIDIA A10, 23028, 16906
1790659345,A07-k3,app,446, 8446
1790659345,A07-k3,app,633, 8446
1790659355,A07-k3,gpu,NVIDIA A10, 23028, 16906
1790659355,A07-k3,app,446, 8446
1790659355,A07-k3,app,633, 8446
1790659365,A07-k3,gpu,NVIDIA A10, 23028, 16906
1790659365,A07-k3,app,446, 8446
1790659365,A07-k3,app,633, 8446
1790659375,A07-k3,gpu,NVIDIA A10, 23028, 16906
1790659375,A07-k3,app,446, 8446
1790659375,A07-k3,app,633, 8446
1790659385,A07-k3,gpu,NVIDIA A10, 23028, 16906
1790659385,A07-k3,app,446, 8446
1790659385,A07-k3,app,633, 8446
1790659395,A07-k3,gpu,NVIDIA A10, 23028, 16906
1790659395,A07-k3,app,446, 8446
1790659395,A07-k3,app,633, 8446
1790659405,A07-k3,gpu,NVIDIA A10, 23028, 16906
1790659405,A07-k3,app,446, 8446
1790659405,A07-k3,app,633, 8446
1790659416,A07-k3,gpu,NVIDIA A10, 23028, 16906
1790659416,A07-k3,app,446, 8446
1790659416,A07-k3,app,633, 8446
1790659426,A07-k3,gpu,NVIDIA A10, 23028, 16906
1790659426,A07-k3,app,446, 8446
1790659426,A07-k3,app,633, 8446
1790659436,A07-k3,gpu,NVIDIA A10, 23028, 16906
1790659436,A07-k3,app,446, 8446
1790659436,A07-k3,app,633, 8446
1790659446,A07-k3,gpu,NVIDIA A10, 23028, 16906
1790659446,A07-k3,app,446, 8446
1790659446,A07-k3,app,633, 8446
1790659456,A07-k3,gpu,NVIDIA A10, 23028, 16906
1790659456,A07-k3,app,446, 8446
1790659456,A07-k3,app,633, 8446
1790659466,A07-k3,gpu,NVIDIA A10, 23028, 16906
1790659466,A07-k3,app,446, 8446
1790659466,A07-k3,app,633, 8446
1790659476,A07-k3,gpu,NVIDIA A10, 23028, 16906
1790659476,A07-k3,app,446, 8446
1790659476,A07-k3,app,633, 8446
1790659486,A07-k3,gpu,NVIDIA A10, 23028, 16906
1790659486,A07-k3,app,446, 8446
1790659486,A07-k3,app,633, 8446
1790659496,A07-k3,gpu,NVIDIA A10, 23028, 16906
1790659496,A07-k3,app,446, 8446
1790659496,A07-k3,app,633, 8446
1790659506,A07-k3,gpu,NVIDIA A10, 23028, 16906
1790659506,A07-k3,app,446, 8446
1790659506,A07-k3,app,633, 8446
1790659516,A07-k3,gpu,NVIDIA A10, 23028, 16906
1790659516,A07-k3,app,446, 8446
1790659516,A07-k3,app,633, 8446
1790659526,A07-k3,gpu,NVIDIA A10, 23028, 16906
1790659526,A07-k3,app,446, 8446
1790659526,A07-k3,app,633, 8446
1790659537,A07-k3,gpu,NVIDIA A10, 23028, 16906
1790659537,A07-k3,app,446, 8446
1790659537,A07-k3,app,633, 8446
1790659547,A07-k3,gpu,NVIDIA A10, 23028, 16906
1790659547,A07-k3,app,446, 8446
1790659547,A07-k3,app,633, 8446
1790659557,A07-k3,gpu,NVIDIA A10, 23028, 16906
1790659557,A07-k3,app,446, 8446
1790659557,A07-k3,app,633, 8446
1790659567,A07-k3,gpu,NVIDIA A10, 23028, 16906
1790659567,A07-k3,app,446, 8446
1790659567,A07-k3,app,633, 8446
1790659577,A07-k3,gpu,NVIDIA A10, 23028, 16906
1790659577,A07-k3,app,446, 8446
1790659577,A07-k3,app,633, 8446
1790659587,A07-k3,gpu,NVIDIA A10, 23028, 16906
1790659587,A07-k3,app,446, 8446
1790659587,A07-k3,app,633, 8446
1790659597,A07-k3,gpu,NVIDIA A10, 23028, 16906
1790659597,A07-k3,app,446, 8446
1790659597,A07-k3,app,633, 8446
1790659607,A07-k3,gpu,NVIDIA A10, 23028, 16906
1790659607,A07-k3,app,446, 8446
1790659607,A07-k3,app,633, 8446
1790659617,A07-k3,gpu,NVIDIA A10, 23028, 16906
1790659617,A07-k3,app,446, 8446
1790659617,A07-k3,app,633, 8446
1790659627,A07-k3,gpu,NVIDIA A10, 23028, 16906
1790659627,A07-k3,app,446, 8446
1790659627,A07-k3,app,633, 8446
1790659637,A07-k3,gpu,NVIDIA A10, 23028, 16906
1790659637,A07-k3,app,446, 8446
1790659637,A07-k3,app,633, 8446
1790659648,A07-k3,gpu,NVIDIA A10, 23028, 16906
1790659648,A07-k3,app,446, 8446
1790659648,A07-k3,app,633, 8446
1790659658,A07-k3,gpu,NVIDIA A10, 23028, 16906
1790659658,A07-k3,app,446, 8446
1790659658,A07-k3,app,633, 8446
1790659668,A07-k3,gpu,NVIDIA A10, 23028, 16906
1790659668,A07-k3,app,446, 8446
1790659668,A07-k3,app,633, 8446
1790659678,A07-k3,gpu,NVIDIA A10, 23028, 16906
1790659678,A07-k3,app,446, 8446
1790659678,A07-k3,app,633, 8446
1790659688,A07-k3,gpu,NVIDIA A10, 23028, 16906
1790659688,A07-k3,app,446, 8446
1790659688,A07-k3,app,633, 8446
1790659698,A07-k3,gpu,NVIDIA A10, 23028, 16906
1790659698,A07-k3,app,446, 8446
1790659698,A07-k3,app,633, 8446
1790659708,A07-k3,gpu,NVIDIA A10, 23028, 16906
1790659708,A07-k3,app,446, 8446
1790659708,A07-k3,app,633, 8446
1790659718,A07-k3,gpu,NVIDIA A10, 23028, 16906
1790659718,A07-k3,app,446, 8446
1790659718,A07-k3,app,633, 8446
1790659728,A07-k3,gpu,NVIDIA A10, 23028, 16906
1790659728,A07-k3,app,446, 8446
1790659728,A07-k3,app,633, 8446
1790659738,A07-k3,gpu,NVIDIA A10, 23028, 16906
1790659738,A07-k3,app,446, 8446
1790659738,A07-k3,app,633, 8446
1790659748,A07-k3,gpu,NVIDIA A10, 23028, 16906
1790659748,A07-k3,app,446, 8446
1790659748,A07-k3,app,633, 8446
1790659758,A07-k3,gpu,NVIDIA A10, 23028, 16906
1790659758,A07-k3,app,446, 8446
1790659758,A07-k3,app,633, 8446
1790659768,A07-k3,gpu,NVIDIA A10, 23028, 16906
1790659768,A07-k3,app,446, 8446
1790659768,A07-k3,app,633, 8446
1790659779,A07-k3,gpu,NVIDIA A10, 23028, 16906
1790659779,A07-k3,app,446, 8446
1790659779,A07-k3,app,633, 8446
1790659789,A07-k3,gpu,NVIDIA A10, 23028, 16906
1790659789,A07-k3,app,446, 8446
1790659789,A07-k3,app,633, 8446
1790659799,A07-k3,gpu,NVIDIA A10, 23028, 16906
1790659799,A07-k3,app,446, 8446
1790659799,A07-k3,app,633, 8446
1790659809,A07-k3,gpu,NVIDIA A10, 23028, 16906
1790659809,A07-k3,app,446, 8446
1790659809,A07-k3,app,633, 8446
1790659819,A07-k3,gpu,NVIDIA A10, 23028, 16906
1790659819,A07-k3,app,446, 8446
1790659819,A07-k3,app,633, 8446
1790659829,A07-k3,gpu,NVIDIA A10, 23028, 16906
1790659829,A07-k3,app,446, 8446
1790659829,A07-k3,app,633, 8446
1790659839,A07-k3,gpu,NVIDIA A10, 23028, 16906
1790659839,A07-k3,app,446, 8446
1790659839,A07-k3,app,633, 8446
1790659849,A07-k3,gpu,NVIDIA A10, 23028, 16906
1790659849,A07-k3,app,446, 8446
1790659849,A07-k3,app,633, 8446
1790659859,A07-k3,gpu,NVIDIA A10, 23028, 16906
1790659859,A07-k3,app,446, 8446
1790659859,A07-k3,app,633, 8446
1790659869,A07-k3,gpu,NVIDIA A10, 23028, 16906
1790659869,A07-k3,app,446, 8446
1790659869,A07-k3,app,633, 8446
1790659879,A07-k3,gpu,NVIDIA A10, 23028, 16906
1790659879,A07-k3,app,446, 8446
1790659879,A07-k3,app,633, 8446
1790659890,A07-k3,gpu,NVIDIA A10, 23028, 16906
1790659890,A07-k3,app,446, 8446
1790659890,A07-k3,app,633, 8446
1790659900,A07-k3,gpu,NVIDIA A10, 23028, 16906
1790659900,A07-k3,app,446, 8446
1790659900,A07-k3,app,633, 8446
1790659910,A07-k3,gpu,NVIDIA A10, 23028, 16906
1790659910,A07-k3,app,446, 8446
1790659910,A07-k3,app,633, 8446
1790659920,A07-k3,gpu,NVIDIA A10, 23028, 16906
1790659920,A07-k3,app,446, 8446
1790659920,A07-k3,app,633, 8446
1790659930,A07-k3,gpu,NVIDIA A10, 23028, 16906
1790659930,A07-k3,app,446, 8446
1790659930,A07-k3,app,633, 8446
1790659940,A07-k3,gpu,NVIDIA A10, 23028, 16906
1790659940,A07-k3,app,446, 8446
1790659940,A07-k3,app,633, 8446
1790659950,A07-k3,gpu,NVIDIA A10, 23028, 16906
1790659950,A07-k3,app,446, 8446
1790659950,A07-k3,app,633, 8446
1790659960,A07-k3,gpu,NVIDIA A10, 23028, 16906
1790659960,A07-k3,app,446, 8446
1790659960,A07-k3,app,633, 8446
1790659970,A07-k3,gpu,NVIDIA A10, 23028, 16906
1790659970,A07-k3,app,446, 8446
1790659970,A07-k3,app,633, 8446
1790659980,A07-k3,gpu,NVIDIA A10, 23028, 16906
1790659980,A07-k3,app,446, 8446
1790659980,A07-k3,app,633, 8446
1790659991,A07-k3,gpu,NVIDIA A10, 23028, 16906
1790659991,A07-k3,app,446, 8446
1790659991,A07-k3,app,633, 8446
1790660001,A07-k3,gpu,NVIDIA A10, 23028, 16906
1790660001,A07-k3,app,446, 8446
1790660001,A07-k3,app,633, 8446
1790660011,A07-k3,gpu,NVIDIA A10, 23028, 16906
1790660011,A07-k3,app,446, 8446
1790660011,A07-k3,app,633, 8446
1790660021,A07-k3,gpu,NVIDIA A10, 23028, 16906
1790660021,A07-k3,app,446, 8446
1790660021,A07-k3,app,633, 8446
1790660031,A07-k3,gpu,NVIDIA A10, 23028, 16906
1790660031,A07-k3,app,446, 8446
1790660031,A07-k3,app,633, 8446
1790660041,A07-k3,gpu,NVIDIA A10, 23028, 16906
1790660041,A07-k3,app,446, 8446
1790660041,A07-k3,app,633, 8446
1790660051,A07-k3,gpu,NVIDIA A10, 23028, 16906
1790660051,A07-k3,app,446, 8446
1790660051,A07-k3,app,633, 8446
1790660061,A07-k3,gpu,NVIDIA A10, 23028, 16906
1790660061,A07-k3,app,446, 8446
1790660061,A07-k3,app,633, 8446
1790660071,A07-k3,gpu,NVIDIA A10, 23028, 16906
1790660071,A07-k3,app,446, 8446
1790660071,A07-k3,app,633, 8446
1790660081,A07-k3,gpu,NVIDIA A10, 23028, 16906
1790660081,A07-k3,app,446, 8446
1790660081,A07-k3,app,633, 8446
1790660091,A07-k3,gpu,NVIDIA A10, 23028, 16906
1790660091,A07-k3,app,446, 8446
1790660091,A07-k3,app,633, 8446
1790660102,A07-k3,gpu,NVIDIA A10, 23028, 16906
1790660102,A07-k3,app,446, 8446
1790660102,A07-k3,app,633, 8446
1790660112,A07-k3,gpu,NVIDIA A10, 23028, 16906
1790660112,A07-k3,app,446, 8446
1790660112,A07-k3,app,633, 8446
1790660122,A07-k3,gpu,NVIDIA A10, 23028, 16906
1790660122,A07-k3,app,446, 8446
1790660122,A07-k3,app,633, 8446
1790660132,A07-k3,gpu,NVIDIA A10, 23028, 16906
1790660132,A07-k3,app,446, 8446
1790660132,A07-k3,app,633, 8446
1790660142,A07-k3,gpu,NVIDIA A10, 23028, 16906
1790660142,A07-k3,app,446, 8446
1790660142,A07-k3,app,633, 8446
1790660152,A07-k3,gpu,NVIDIA A10, 23028, 16906
1790660152,A07-k3,app,446, 8446
1790660152,A07-k3,app,633, 8446
1790660162,A07-k3,gpu,NVIDIA A10, 23028, 16906
1790660162,A07-k3,app,446, 8446
1790660162,A07-k3,app,633, 8446
1790660172,A07-k3,gpu,NVIDIA A10, 23028, 16906
1790660172,A07-k3,app,446, 8446
1790660172,A07-k3,app,633, 8446
1790660182,A07-k3,gpu,NVIDIA A10, 23028, 16906
1790660182,A07-k3,app,446, 8446
1790660182,A07-k3,app,633, 8446
1790660192,A07-k3,gpu,NVIDIA A10, 23028, 16906
1790660192,A07-k3,app,446, 8446
1790660192,A07-k3,app,633, 8446
1790660202,A07-k3,gpu,NVIDIA A10, 23028, 16906
1790660202,A07-k3,app,446, 8446
1790660202,A07-k3,app,633, 8446
1790660212,A07-k3,gpu,NVIDIA A10, 23028, 16906
1790660212,A07-k3,app,446, 8446
1790660212,A07-k3,app,633, 8446
1790660222,A07-k3,gpu,NVIDIA A10, 23028, 16906
1790660222,A07-k3,app,446, 8446
1790660222,A07-k3,app,633, 8446
1790660233,A07-k3,gpu,NVIDIA A10, 23028, 16906
1790660233,A07-k3,app,446, 8446
1790660233,A07-k3,app,633, 8446
1790660243,A07-k3,gpu,NVIDIA A10, 23028, 16906
1790660243,A07-k3,app,446, 8446
1790660243,A07-k3,app,633, 8446
1790660253,A07-k3,gpu,NVIDIA A10, 23028, 16906
1790660253,A07-k3,app,446, 8446
1790660253,A07-k3,app,633, 8446
1790660263,A07-k3,gpu,NVIDIA A10, 23028, 16906
1790660263,A07-k3,app,446, 8446
1790660263,A07-k3,app,633, 8446
1790660273,A07-k3,gpu,NVIDIA A10, 23028, 16906
1790660273,A07-k3,app,446, 8446
1790660273,A07-k3,app,633, 8446
1790660283,A07-k3,gpu,NVIDIA A10, 23028, 16906
1790660283,A07-k3,app,446, 8446
1790660283,A07-k3,app,633, 8446
1790660293,A07-k3,gpu,NVIDIA A10, 23028, 16906
1790660293,A07-k3,app,446, 8446
1790660293,A07-k3,app,633, 8446
1790660303,A07-k3,gpu,NVIDIA A10, 23028, 16906
1790660303,A07-k3,app,446, 8446
1790660303,A07-k3,app,633, 8446
1790660313,A07-k3,gpu,NVIDIA A10, 23028, 16906
1790660313,A07-k3,app,446, 8446
1790660313,A07-k3,app,633, 8446
1790660323,A07-k3,gpu,NVIDIA A10, 23028, 16906
1790660323,A07-k3,app,446, 8446
1790660323,A07-k3,app,633, 8446
1790660333,A07-k3,gpu,NVIDIA A10, 23028, 16906
1790660333,A07-k3,app,446, 8446
1790660333,A07-k3,app,633, 8446
1790660343,A07-k3,gpu,NVIDIA A10, 23028, 16906
1790660343,A07-k3,app,446, 8446
1790660343,A07-k3,app,633, 8446
1790660353,A07-k3,gpu,NVIDIA A10, 23028, 16906
1790660353,A07-k3,app,446, 8446
1790660353,A07-k3,app,633, 8446
1790660364,A07-k3,gpu,NVIDIA A10, 23028, 16906
1790660364,A07-k3,app,446, 8446
1790660364,A07-k3,app,633, 8446
1790660374,A07-k3,gpu,NVIDIA A10, 23028, 16906
1790660374,A07-k3,app,446, 8446
1790660374,A07-k3,app,633, 8446
1790660384,A07-k3,gpu,NVIDIA A10, 23028, 16906
1790660384,A07-k3,app,446, 8446
1790660384,A07-k3,app,633, 8446
1790660394,A07-k3,gpu,NVIDIA A10, 23028, 16906
1790660394,A07-k3,app,446, 8446
1790660394,A07-k3,app,633, 8446
1790660404,A07-k3,gpu,NVIDIA A10, 23028, 16906
1790660404,A07-k3,app,446, 8446
1790660404,A07-k3,app,633, 8446
1790660414,A07-k3,gpu,NVIDIA A10, 23028, 16906
1790660414,A07-k3,app,446, 8446
1790660414,A07-k3,app,633, 8446
1790660424,A07-k3,gpu,NVIDIA A10, 23028, 16906
1790660424,A07-k3,app,446, 8446
1790660424,A07-k3,app,633, 8446
1790660434,A07-k3,gpu,NVIDIA A10, 23028, 16906
1790660434,A07-k3,app,446, 8446
1790660434,A07-k3,app,633, 8446
1790660444,A07-k3,gpu,NVIDIA A10, 23028, 16906
1790660444,A07-k3,app,446, 8446
1790660444,A07-k3,app,633, 8446
1790660454,A07-k3,gpu,NVIDIA A10, 23028, 16906
1790660454,A07-k3,app,446, 8446
1790660454,A07-k3,app,633, 8446
1790660464,A07-k3,gpu,NVIDIA A10, 23028, 16906
1790660464,A07-k3,app,446, 8446
1790660464,A07-k3,app,633, 8446
1790660474,A07-k3,gpu,NVIDIA A10, 23028, 16906
1790660474,A07-k3,app,446, 8446
1790660474,A07-k3,app,633, 8446
1790660485,A07-k3,gpu,NVIDIA A10, 23028, 16906
1790660485,A07-k3,app,446, 8446
1790660485,A07-k3,app,633, 8446
1790660495,A07-k3,gpu,NVIDIA A10, 23028, 16906
1790660495,A07-k3,app,446, 8446
1790660495,A07-k3,app,633, 8446
1790660505,A07-k3,gpu,NVIDIA A10, 23028, 16906
1790660505,A07-k3,app,446, 8446
1790660505,A07-k3,app,633, 8446
1790660515,A07-k3,gpu,NVIDIA A10, 23028, 16906
1790660515,A07-k3,app,446, 8446
1790660515,A07-k3,app,633, 8446
1790660525,A07-k3,gpu,NVIDIA A10, 23028, 16906
1790660525,A07-k3,app,446, 8446
1790660525,A07-k3,app,633, 8446
1790660535,A07-k3,gpu,NVIDIA A10, 23028, 16906
1790660535,A07-k3,app,446, 8446
1790660535,A07-k3,app,633, 8446
1790660545,A07-k3,gpu,NVIDIA A10, 23028, 16906
1790660545,A07-k3,app,446, 8446
1790660545,A07-k3,app,633, 8446
1790660555,A07-k3,gpu,NVIDIA A10, 23028, 16906
1790660555,A07-k3,app,446, 8446
1790660555,A07-k3,app,633, 8446
1790660565,A07-k3,gpu,NVIDIA A10, 23028, 16906
1790660565,A07-k3,app,446, 8446
1790660565,A07-k3,app,633, 8446
1790660575,A07-k3,gpu,NVIDIA A10, 23028, 16906
1790660575,A07-k3,app,446, 8446
1790660575,A07-k3,app,633, 8446
1790660586,A07-k3,gpu,NVIDIA A10, 23028, 16906
1790660586,A07-k3,app,446, 8446
1790660586,A07-k3,app,633, 8446
1790660596,A07-k3,gpu,NVIDIA A10, 23028, 16906
1790660596,A07-k3,app,446, 8446
1790660596,A07-k3,app,633, 8446
1790660606,A07-k3,gpu,NVIDIA A10, 23028, 16906
1790660606,A07-k3,app,446, 8446
1790660606,A07-k3,app,633, 8446
1790660616,A07-k3,gpu,NVIDIA A10, 23028, 16906
1790660616,A07-k3,app,446, 8446
1790660616,A07-k3,app,633, 8446
1790660626,A07-k3,gpu,NVIDIA A10, 23028, 16906
1790660626,A07-k3,app,446, 8446
1790660626,A07-k3,app,633, 8446
1790660636,A07-k3,gpu,NVIDIA A10, 23028, 16906
1790660636,A07-k3,app,446, 8446
1790660636,A07-k3,app,633, 8446
1790660646,A07-k3,gpu,NVIDIA A10, 23028, 16906
1790660646,A07-k3,app,446, 8446
1790660646,A07-k3,app,633, 8446
1790660656,A07-k3,gpu,NVIDIA A10, 23028, 16906
1790660656,A07-k3,app,446, 8446
1790660656,A07-k3,app,633, 8446
1790660666,A07-k3,gpu,NVIDIA A10, 23028, 16906
1790660666,A07-k3,app,446, 8446
1790660666,A07-k3,app,633, 8446
1790660676,A07-k3,gpu,NVIDIA A10, 23028, 16906
1790660676,A07-k3,app,446, 8446
1790660676,A07-k3,app,633, 8446
1790660686,A07-k3,gpu,NVIDIA A10, 23028, 16906
1790660686,A07-k3,app,446, 8446
1790660686,A07-k3,app,633, 8446
1790660696,A07-k3,gpu,NVIDIA A10, 23028, 16906
1790660696,A07-k3,app,446, 8446
1790660696,A07-k3,app,633, 8446
1790660707,A07-k3,gpu,NVIDIA A10, 23028, 16906
1790660707,A07-k3,app,446, 8446
1790660707,A07-k3,app,633, 8446
1790660717,A07-k3,gpu,NVIDIA A10, 23028, 16906
1790660717,A07-k3,app,446, 8446
1790660717,A07-k3,app,633, 8446
1790660727,A07-k3,gpu,NVIDIA A10, 23028, 16906
1790660727,A07-k3,app,446, 8446
1790660727,A07-k3,app,633, 8446
1790660737,A07-k3,gpu,NVIDIA A10, 23028, 16906
1790660737,A07-k3,app,446, 8446
1790660737,A07-k3,app,633, 8446
1790660747,A07-k3,gpu,NVIDIA A10, 23028, 16906
1790660747,A07-k3,app,446, 8446
1790660747,A07-k3,app,633, 8446
1790660757,A07-k3,gpu,NVIDIA A10, 23028, 16906
1790660757,A07-k3,app,446, 8446
1790660757,A07-k3,app,633, 8446
1790660767,A07-k3,gpu,NVIDIA A10, 23028, 16906
1790660767,A07-k3,app,446, 8446
1790660767,A07-k3,app,633, 8446
1790660777,A07-k3,gpu,NVIDIA A10, 23028, 16906
1790660777,A07-k3,app,446, 8446
1790660777,A07-k3,app,633, 8446
1790660787,A07-k3,gpu,NVIDIA A10, 23028, 16906
1790660787,A07-k3,app,446, 8446
1790660787,A07-k3,app,633, 8446
1790660797,A07-k3,gpu,NVIDIA A10, 23028, 16906
1790660797,A07-k3,app,446, 8446
1790660797,A07-k3,app,633, 8446
1790660807,A07-k3,gpu,NVIDIA A10, 23028, 16906
1790660807,A07-k3,app,446, 8446
1790660807,A07-k3,app,633, 8446
1790660818,A07-k3,gpu,NVIDIA A10, 23028, 16906
1790660818,A07-k3,app,446, 8446
1790660818,A07-k3,app,633, 8446
1790660828,A07-k3,gpu,NVIDIA A10, 23028, 16906
1790660828,A07-k3,app,446, 8446
1790660828,A07-k3,app,633, 8446
1790660838,A07-k3,gpu,NVIDIA A10, 23028, 16906
1790660838,A07-k3,app,446, 8446
1790660838,A07-k3,app,633, 8446
1790660848,A07-k3,gpu,NVIDIA A10, 23028, 16906
1790660848,A07-k3,app,446, 8446
1790660848,A07-k3,app,633, 8446
1790660858,A07-k3,gpu,NVIDIA A10, 23028, 16906
1790660858,A07-k3,app,446, 8446
1790660858,A07-k3,app,633, 8446
1790660868,A07-k3,gpu,NVIDIA A10, 23028, 16906
1790660868,A07-k3,app,446, 8446
1790660868,A07-k3,app,633, 8446
1790660878,A07-k3,gpu,NVIDIA A10, 23028, 16906
1790660878,A07-k3,app,446, 8446
1790660878,A07-k3,app,633, 8446
1790660888,A07-k3,gpu,NVIDIA A10, 23028, 16906
1790660888,A07-k3,app,446, 8446
1790660888,A07-k3,app,633, 8446
1790660898,A07-k3,gpu,NVIDIA A10, 23028, 16906
1790660898,A07-k3,app,446, 8446
1790660898,A07-k3,app,633, 8446
1790660908,A07-k3,gpu,NVIDIA A10, 23028, 16906
1790660908,A07-k3,app,446, 8446
1790660908,A07-k3,app,633, 8446
1790660918,A07-k3,gpu,NVIDIA A10, 23028, 16906
1790660918,A07-k3,app,446, 8446
1790660918,A07-k3,app,633, 8446
1790660928,A07-k3,gpu,NVIDIA A10, 23028, 16906
1790660928,A07-k3,app,446, 8446
1790660928,A07-k3,app,633, 8446
1790660939,A07-k3,gpu,NVIDIA A10, 23028, 16906
1790660939,A07-k3,app,446, 8446
1790660939,A07-k3,app,633, 8446
1790660949,A07-k3,gpu,NVIDIA A10, 23028, 16906
1790660949,A07-k3,app,446, 8446
1790660949,A07-k3,app,633, 8446
1790660959,A07-k3,gpu,NVIDIA A10, 23028, 16906
1790660959,A07-k3,app,446, 8446
1790660959,A07-k3,app,633, 8446
1790660969,A07-k3,gpu,NVIDIA A10, 23028, 16906
1790660969,A07-k3,app,446, 8446
1790660969,A07-k3,app,633, 8446
1790660979,A07-k3,gpu,NVIDIA A10, 23028, 16906
1790660979,A07-k3,app,446, 8446
1790660979,A07-k3,app,633, 8446
1790660989,A07-k3,gpu,NVIDIA A10, 23028, 16906
1790660989,A07-k3,app,446, 8446
1790660989,A07-k3,app,633, 8446
1790660999,A07-k3,gpu,NVIDIA A10, 23028, 16906
1790660999,A07-k3,app,446, 8446
1790660999,A07-k3,app,633, 8446
1790661009,A07-k3,gpu,NVIDIA A10, 23028, 16906
1790661009,A07-k3,app,446, 8446
1790661009,A07-k3,app,633, 8446
1790661019,A07-k3,gpu,NVIDIA A10, 23028, 16906
1790661019,A07-k3,app,446, 8446
1790661019,A07-k3,app,633, 8446
1790661029,A07-k3,gpu,NVIDIA A10, 23028, 16906
1790661029,A07-k3,app,446, 8446
1790661029,A07-k3,app,633, 8446
1790661039,A07-k3,gpu,NVIDIA A10, 23028, 16906
1790661039,A07-k3,app,446, 8446
1790661039,A07-k3,app,633, 8446
1790661049,A07-k3,gpu,NVIDIA A10, 23028, 16906
1790661049,A07-k3,app,446, 8446
1790661049,A07-k3,app,633, 8446
1790661060,A07-k3,gpu,NVIDIA A10, 23028, 16906
1790661060,A07-k3,app,446, 8446
1790661060,A07-k3,app,633, 8446
1790661070,A07-k3,gpu,NVIDIA A10, 23028, 16906
1790661070,A07-k3,app,446, 8446
1790661070,A07-k3,app,633, 8446
1790661080,A07-k3,gpu,NVIDIA A10, 23028, 16906
1790661080,A07-k3,app,446, 8446
1790661080,A07-k3,app,633, 8446
1790661090,A07-k3,gpu,NVIDIA A10, 23028, 16906
1790661090,A07-k3,app,446, 8446
1790661090,A07-k3,app,633, 8446
1790661100,A07-k3,gpu,NVIDIA A10, 23028, 16906
1790661100,A07-k3,app,446, 8446
1790661100,A07-k3,app,633, 8446
1790661110,A07-k3,gpu,NVIDIA A10, 23028, 16906
1790661110,A07-k3,app,446, 8446
1790661110,A07-k3,app,633, 8446
1790661120,A07-k3,gpu,NVIDIA A10, 23028, 16906
1790661120,A07-k3,app,446, 8446
1790661120,A07-k3,app,633, 8446
1790661130,A07-k3,gpu,NVIDIA A10, 23028, 16906
1790661130,A07-k3,app,446, 8446
1790661130,A07-k3,app,633, 8446
1790661140,A07-k3,gpu,NVIDIA A10, 23028, 16906
1790661140,A07-k3,app,446, 8446
1790661140,A07-k3,app,633, 8446
1790661151,A07-k3,gpu,NVIDIA A10, 23028, 16906
1790661151,A07-k3,app,446, 8446
1790661151,A07-k3,app,633, 8446
1790661161,A07-k3,gpu,NVIDIA A10, 23028, 16906
1790661161,A07-k3,app,446, 8446
1790661161,A07-k3,app,633, 8446
1790661171,A07-k3,gpu,NVIDIA A10, 23028, 16906
1790661171,A07-k3,app,446, 8446
1790661171,A07-k3,app,633, 8446
1790661181,A07-k3,gpu,NVIDIA A10, 23028, 16906
1790661181,A07-k3,app,446, 8446
1790661181,A07-k3,app,633, 8446
1790661191,A07-k3,gpu,NVIDIA A10, 23028, 16906
1790661191,A07-k3,app,446, 8446
1790661191,A07-k3,app,633, 8446
1790661201,A07-k3,gpu,NVIDIA A10, 23028, 16906
1790661201,A07-k3,app,446, 8446
1790661201,A07-k3,app,633, 8446
1790661211,A07-k3,gpu,NVIDIA A10, 23028, 16906
1790661211,A07-k3,app,446, 8446
1790661211,A07-k3,app,633, 8446
1790661221,A07-k3,gpu,NVIDIA A10, 23028, 16906
1790661221,A07-k3,app,446, 8446
1790661221,A07-k3,app,633, 8446
1790661231,A07-k3,gpu,NVIDIA A10, 23028, 16906
1790661231,A07-k3,app,446, 8446
1790661231,A07-k3,app,633, 8446
1790661241,A07-k3,gpu,NVIDIA A10, 23028, 16906
1790661241,A07-k3,app,446, 8446
1790661241,A07-k3,app,633, 8446
1790661252,A07-k3,gpu,NVIDIA A10, 23028, 16906
1790661252,A07-k3,app,446, 8446
1790661252,A07-k3,app,633, 8446
1790661262,A07-k3,gpu,NVIDIA A10, 23028, 16906
1790661262,A07-k3,app,446, 8446
1790661262,A07-k3,app,633, 8446
1790661272,A07-k3,gpu,NVIDIA A10, 23028, 16906
1790661272,A07-k3,app,446, 8446
1790661272,A07-k3,app,633, 8446
1790661282,A07-k3,gpu,NVIDIA A10, 23028, 16906
1790661282,A07-k3,app,446, 8446
1790661282,A07-k3,app,633, 8446
1790661292,A07-k3,gpu,NVIDIA A10, 23028, 16906
1790661292,A07-k3,app,446, 8446
1790661292,A07-k3,app,633, 8446
1790661302,A07-k3,gpu,NVIDIA A10, 23028, 16906
1790661302,A07-k3,app,446, 8446
1790661302,A07-k3,app,633, 8446
1790661312,A07-k3,gpu,NVIDIA A10, 23028, 16906
1790661312,A07-k3,app,446, 8446
1790661312,A07-k3,app,633, 8446
1790661322,A07-k3,gpu,NVIDIA A10, 23028, 16906
1790661322,A07-k3,app,446, 8446
1790661322,A07-k3,app,633, 8446
1790661332,A07-k3,gpu,NVIDIA A10, 23028, 16906
1790661332,A07-k3,app,446, 8446
1790661332,A07-k3,app,633, 8446
1790661342,A07-k3,gpu,NVIDIA A10, 23028, 16906
1790661342,A07-k3,app,446, 8446
1790661342,A07-k3,app,633, 8446
1790661352,A07-k3,gpu,NVIDIA A10, 23028, 16906
1790661352,A07-k3,app,446, 8446
1790661352,A07-k3,app,633, 8446
1790661362,A07-k3,gpu,NVIDIA A10, 23028, 16906
1790661362,A07-k3,app,446, 8446
1790661362,A07-k3,app,633, 8446
1790661373,A07-k3,gpu,NVIDIA A10, 23028, 16906
1790661373,A07-k3,app,446, 8446
1790661373,A07-k3,app,633, 8446
1790661383,A07-k3,gpu,NVIDIA A10, 23028, 16906
1790661383,A07-k3,app,446, 8446
1790661383,A07-k3,app,633, 8446
1790661393,A07-k3,gpu,NVIDIA A10, 23028, 16906
1790661393,A07-k3,app,446, 8446
1790661393,A07-k3,app,633, 8446
1790661403,A07-k3,gpu,NVIDIA A10, 23028, 16906
1790661403,A07-k3,app,446, 8446
1790661403,A07-k3,app,633, 8446
1790661413,A07-k3,gpu,NVIDIA A10, 23028, 16906
1790661413,A07-k3,app,446, 8446
1790661413,A07-k3,app,633, 8446
1790661423,A07-k3,gpu,NVIDIA A10, 23028, 16906
1790661423,A07-k3,app,446, 8446
1790661423,A07-k3,app,633, 8446
1790661433,A07-k3,gpu,NVIDIA A10, 23028, 16906
1790661433,A07-k3,app,446, 8446
1790661433,A07-k3,app,633, 8446
1790661443,A07-k3,gpu,NVIDIA A10, 23028, 16906
1790661443,A07-k3,app,446, 8446
1790661443,A07-k3,app,633, 8446
1790661453,A07-k3,gpu,NVIDIA A10, 23028, 16906
1790661453,A07-k3,app,446, 8446
1790661453,A07-k3,app,633, 8446
1790661463,A07-k3,gpu,NVIDIA A10, 23028, 16906
1790661463,A07-k3,app,446, 8446
1790661463,A07-k3,app,633, 8446
1790661473,A07-k3,gpu,NVIDIA A10, 23028, 16906
1790661473,A07-k3,app,446, 8446
1790661473,A07-k3,app,633, 8446
1790661483,A07-k3,gpu,NVIDIA A10, 23028, 16906
1790661483,A07-k3,app,446, 8446
1790661483,A07-k3,app,633, 8446
1790661494,A07-k3,gpu,NVIDIA A10, 23028, 16906
1790661494,A07-k3,app,446, 8446
1790661494,A07-k3,app,633, 8446
1790661504,A07-k3,gpu,NVIDIA A10, 23028, 16906
1790661504,A07-k3,app,446, 8446
1790661504,A07-k3,app,633, 8446
1790661514,A07-k3,gpu,NVIDIA A10, 23028, 16906
1790661514,A07-k3,app,446, 8446
1790661514,A07-k3,app,633, 8446
1790661524,A07-k3,gpu,NVIDIA A10, 23028, 16906
1790661524,A07-k3,app,446, 8446
1790661524,A07-k3,app,633, 8446
1790661534,A07-k3,gpu,NVIDIA A10, 23028, 16906
1790661534,A07-k3,app,446, 8446
1790661534,A07-k3,app,633, 8446
1790661544,A07-k3,gpu,NVIDIA A10, 23028, 16906
1790661544,A07-k3,app,446, 8446
1790661544,A07-k3,app,633, 8446
1790661554,A07-k3,gpu,NVIDIA A10, 23028, 16906
1790661554,A07-k3,app,446, 8446
1790661554,A07-k3,app,633, 8446
1790661564,A07-k3,gpu,NVIDIA A10, 23028, 16906
1790661564,A07-k3,app,446, 8446
1790661564,A07-k3,app,633, 8446
1790661574,A07-k3,gpu,NVIDIA A10, 23028, 16906
1790661574,A07-k3,app,446, 8446
1790661574,A07-k3,app,633, 8446
1790661584,A07-k3,gpu,NVIDIA A10, 23028, 16906
1790661584,A07-k3,app,446, 8446
1790661584,A07-k3,app,633, 8446
1790661594,A07-k3,gpu,NVIDIA A10, 23028, 16906
1790661594,A07-k3,app,446, 8446
1790661594,A07-k3,app,633, 8446
1790661604,A07-k3,gpu,NVIDIA A10, 23028, 16906
1790661604,A07-k3,app,446, 8446
1790661604,A07-k3,app,633, 8446
1790661614,A07-k3,gpu,NVIDIA A10, 23028, 16906
1790661614,A07-k3,app,446, 8446
1790661614,A07-k3,app,633, 8446
1790661625,A07-k3,gpu,NVIDIA A10, 23028, 16906
1790661625,A07-k3,app,446, 8446
1790661625,A07-k3,app,633, 8446
1790661635,A07-k3,gpu,NVIDIA A10, 23028, 16906
1790661635,A07-k3,app,446, 8446
1790661635,A07-k3,app,633, 8446
1790661645,A07-k3,gpu,NVIDIA A10, 23028, 16906
1790661645,A07-k3,app,446, 8446
1790661645,A07-k3,app,633, 8446
1790661655,A07-k3,gpu,NVIDIA A10, 23028, 16906
1790661655,A07-k3,app,446, 8446
1790661655,A07-k3,app,633, 8446
1790661665,A07-k3,gpu,NVIDIA A10, 23028, 16906
1790661665,A07-k3,app,446, 8446
1790661665,A07-k3,app,633, 8446
1790661675,A07-k3,gpu,NVIDIA A10, 23028, 16906
1790661675,A07-k3,app,446, 8446
1790661675,A07-k3,app,633, 8446
1790661685,A07-k3,gpu,NVIDIA A10, 23028, 16906
1790661685,A07-k3,app,446, 8446
1790661685,A07-k3,app,633, 8446
1790661695,A07-k3,gpu,NVIDIA A10, 23028, 16906
1790661695,A07-k3,app,446, 8446
1790661695,A07-k3,app,633, 8446
1790661706,A07-k3,gpu,NVIDIA A10, 23028, 16906
1790661706,A07-k3,app,446, 8446
1790661706,A07-k3,app,633, 8446
1790661716,A07-k3,gpu,NVIDIA A10, 23028, 16906
1790661716,A07-k3,app,446, 8446
1790661716,A07-k3,app,633, 8446
1790661726,A07-k3,gpu,NVIDIA A10, 23028, 16906
1790661726,A07-k3,app,446, 8446
1790661726,A07-k3,app,633, 8446
1790661736,A07-k3,gpu,NVIDIA A10, 23028, 16906
1790661736,A07-k3,app,446, 8446
1790661736,A07-k3,app,633, 8446
1790661746,A07-k3,gpu,NVIDIA A10, 23028, 16906
1790661746,A07-k3,app,446, 8446
1790661746,A07-k3,app,633, 8446
1790661756,A07-k3,gpu,NVIDIA A10, 23028, 16906
1790661756,A07-k3,app,446, 8446
1790661756,A07-k3,app,633, 8446
1790661766,A07-k3,gpu,NVIDIA A10, 23028, 16906
1790661766,A07-k3,app,446, 8446
1790661766,A07-k3,app,633, 8446
1790661776,A07-k3,gpu,NVIDIA A10, 23028, 16906
1790661776,A07-k3,app,446, 8446
1790661776,A07-k3,app,633, 8446
1790661786,A07-k3,gpu,NVIDIA A10, 23028, 16906
1790661786,A07-k3,app,446, 8446
1790661786,A07-k3,app,633, 8446
1790661796,A07-k3,gpu,NVIDIA A10, 23028, 16906
1790661796,A07-k3,app,446, 8446
1790661796,A07-k3,app,633, 8446
1790661806,A07-k3,gpu,NVIDIA A10, 23028, 16906
1790661806,A07-k3,app,446, 8446
1790661806,A07-k3,app,633, 8446
1790661816,A07-k3,gpu,NVIDIA A10, 23028, 16906
1790661816,A07-k3,app,446, 8446
1790661816,A07-k3,app,633, 8446
1790661826,A07-k3,gpu,NVIDIA A10, 23028, 16906
1790661826,A07-k3,app,446, 8446
1790661826,A07-k3,app,633, 8446
1790661837,A07-k3,gpu,NVIDIA A10, 23028, 16906
1790661837,A07-k3,app,446, 8446
1790661837,A07-k3,app,633, 8446
1790661847,A07-k3,gpu,NVIDIA A10, 23028, 16906
1790661847,A07-k3,app,446, 8446
1790661847,A07-k3,app,633, 8446
1790661857,A07-k3,gpu,NVIDIA A10, 23028, 16906
1790661857,A07-k3,app,446, 8446
1790661857,A07-k3,app,633, 8446
1790661867,A07-k3,gpu,NVIDIA A10, 23028, 16906
1790661867,A07-k3,app,446, 8446
1790661867,A07-k3,app,633, 8446
1790661877,A07-k3,gpu,NVIDIA A10, 23028, 16906
1790661877,A07-k3,app,446, 8446
1790661877,A07-k3,app,633, 8446
1790661887,A07-k3,gpu,NVIDIA A10, 23028, 16906
1790661887,A07-k3,app,446, 8446
1790661887,A07-k3,app,633, 8446
1790661897,A07-k3,gpu,NVIDIA A10, 23028, 16906
1790661897,A07-k3,app,446, 8446
1790661897,A07-k3,app,633, 8446
1790661907,A07-k3,gpu,NVIDIA A10, 23028, 16906
1790661907,A07-k3,app,446, 8446
1790661907,A07-k3,app,633, 8446
1790661917,A07-k3,gpu,NVIDIA A10, 23028, 16906
1790661917,A07-k3,app,446, 8446
1790661917,A07-k3,app,633, 8446
1790661928,A07-k3,gpu,NVIDIA A10, 23028, 16906
1790661928,A07-k3,app,446, 8446
1790661928,A07-k3,app,633, 8446
1790661938,A07-k3,gpu,NVIDIA A10, 23028, 16906
1790661938,A07-k3,app,446, 8446
1790661938,A07-k3,app,633, 8446
1790661948,A07-k3,gpu,NVIDIA A10, 23028, 16906
1790661948,A07-k3,app,446, 8446
1790661948,A07-k3,app,633, 8446
1790661958,A07-k3,gpu,NVIDIA A10, 23028, 16906
1790661958,A07-k3,app,446, 8446
1790661958,A07-k3,app,633, 8446
1790661968,A07-k3,gpu,NVIDIA A10, 23028, 16906
1790661968,A07-k3,app,446, 8446
1790661968,A07-k3,app,633, 8446
1790661978,A07-k3,gpu,NVIDIA A10, 23028, 16906
1790661978,A07-k3,app,446, 8446
1790661978,A07-k3,app,633, 8446
1790661988,A07-k3,gpu,NVIDIA A10, 23028, 16906
1790661988,A07-k3,app,446, 8446
1790661988,A07-k3,app,633, 8446
1790661998,A07-k3,gpu,NVIDIA A10, 23028, 16906
1790661998,A07-k3,app,446, 8446
1790661998,A07-k3,app,633, 8446
1790662008,A07-k3,gpu,NVIDIA A10, 23028, 16906
1790662008,A07-k3,app,446, 8446
1790662008,A07-k3,app,633, 8446
1790662018,A07-k3,gpu,NVIDIA A10, 23028, 16906
1790662018,A07-k3,app,446, 8446
1790662018,A07-k3,app,633, 8446
1790662028,A07-k3,gpu,NVIDIA A10, 23028, 8455
1790662028,A07-k3,app,633, 8446
1790662038,A07-k3,gpu,NVIDIA A10, 23028, 8455
1790662038,A07-k3,app,633, 8446
1790662048,A07-k3,gpu,NVIDIA A10, 23028, 8455
1790662048,A07-k3,app,633, 8446
1790662058,A07-k3,gpu,NVIDIA A10, 23028, 0
1790662069,done,gpu,NVIDIA A10, 23028, 0
1790662079,done,gpu,NVIDIA A10, 23028, 0
