3851	2026-09-29T11:23:20Z	gpu-bench/a10-klow/bench_result.json
7435	2026-09-29T11:02:47Z	gpu-bench/a10-klow/p3-E-k3/logs/chang0926-a-n64-s1.log
7432	2026-09-29T11:03:29Z	gpu-bench/a10-klow/p3-E-k3/logs/chang0926-a-n64-s2.log
7433	2026-09-29T11:03:32Z	gpu-bench/a10-klow/p3-E-k3/logs/chang0926-a-n64-s3.log
1713	2026-09-29T11:03:39Z	gpu-bench/a10-klow/p3-E-k3/phase_result.json
11952144	2026-09-29T11:02:34Z	gpu-bench/a10-klow/p3-E-k3/runs/chang0926-a-n64-s1/activation_widths.jsonl
509293	2026-09-29T11:02:35Z	gpu-bench/a10-klow/p3-E-k3/runs/chang0926-a-n64-s1/checkpoints/epoch-0021/model.keras
509293	2026-09-29T11:02:36Z	gpu-bench/a10-klow/p3-E-k3/runs/chang0926-a-n64-s1/checkpoints/epoch-0021/model_min_ebops.keras
509293	2026-09-29T11:02:36Z	gpu-bench/a10-klow/p3-E-k3/runs/chang0926-a-n64-s1/checkpoints/epoch-0021/model_unconstrained.keras
134966	2026-09-29T11:02:35Z	gpu-bench/a10-klow/p3-E-k3/runs/chang0926-a-n64-s1/checkpoints/epoch-0021/optimizer.npz
1325252	2026-09-29T11:02:35Z	gpu-bench/a10-klow/p3-E-k3/runs/chang0926-a-n64-s1/checkpoints/epoch-0021/state.json
3533	2026-09-29T10:34:06Z	gpu-bench/a10-klow/p3-E-k3/runs/chang0926-a-n64-s1/config.json
113	2026-09-29T10:32:22Z	gpu-bench/a10-klow/p3-E-k3/runs/chang0926-a-n64-s1/cost_contract.json
7473	2026-09-29T10:34:06Z	gpu-bench/a10-klow/p3-E-k3/runs/chang0926-a-n64-s1/data_info.json
687	2026-09-29T10:34:06Z	gpu-bench/a10-klow/p3-E-k3/runs/chang0926-a-n64-s1/i_decay_speed.json
1982	2026-09-29T10:34:06Z	gpu-bench/a10-klow/p3-E-k3/runs/chang0926-a-n64-s1/initialization.json
223	2026-09-29T10:34:06Z	gpu-bench/a10-klow/p3-E-k3/runs/chang0926-a-n64-s1/input_std.json
33	2026-09-29T11:02:36Z	gpu-bench/a10-klow/p3-E-k3/runs/chang0926-a-n64-s1/latest.json
509293	2026-09-29T11:01:48Z	gpu-bench/a10-klow/p3-E-k3/runs/chang0926-a-n64-s1/model_min_ebops.keras
509293	2026-09-29T10:48:35Z	gpu-bench/a10-klow/p3-E-k3/runs/chang0926-a-n64-s1/model_unconstrained.keras
350	2026-09-29T10:34:06Z	gpu-bench/a10-klow/p3-E-k3/runs/chang0926-a-n64-s1/nondegenerate_rule.json
0	2026-09-29T10:32:22Z	gpu-bench/a10-klow/p3-E-k3/runs/chang0926-a-n64-s1/run.lock
1634	2026-09-29T11:02:47Z	gpu-bench/a10-klow/p3-E-k3/runs/chang0926-a-n64-s1/screen_result.json
3038	2026-09-29T10:32:22Z	gpu-bench/a10-klow/p3-E-k3/runs/chang0926-a-n64-s1/source_manifest.json
509293	2026-09-29T11:02:31Z	gpu-bench/a10-klow/p3-E-k3/runs/chang0926-a-n64-s1/validation_candidate.keras
755216	2026-09-29T11:02:47Z	gpu-bench/a10-klow/p3-E-k3/runs/chang0926-a-n64-s1/validation_predictions.npz
11686810	2026-09-29T11:03:18Z	gpu-bench/a10-klow/p3-E-k3/runs/chang0926-a-n64-s2/activation_widths.jsonl
509293	2026-09-29T11:03:19Z	gpu-bench/a10-klow/p3-E-k3/runs/chang0926-a-n64-s2/checkpoints/epoch-0021/model.keras
509293	2026-09-29T11:03:19Z	gpu-bench/a10-klow/p3-E-k3/runs/chang0926-a-n64-s2/checkpoints/epoch-0021/model_min_ebops.keras
509293	2026-09-29T11:03:19Z	gpu-bench/a10-klow/p3-E-k3/runs/chang0926-a-n64-s2/checkpoints/epoch-0021/model_unconstrained.keras
134966	2026-09-29T11:03:19Z	gpu-bench/a10-klow/p3-E-k3/runs/chang0926-a-n64-s2/checkpoints/epoch-0021/optimizer.npz
1325153	2026-09-29T11:03:19Z	gpu-bench/a10-klow/p3-E-k3/runs/chang0926-a-n64-s2/checkpoints/epoch-0021/state.json
3533	2026-09-29T10:34:13Z	gpu-bench/a10-klow/p3-E-k3/runs/chang0926-a-n64-s2/config.json
113	2026-09-29T10:32:37Z	gpu-bench/a10-klow/p3-E-k3/runs/chang0926-a-n64-s2/cost_contract.json
7473	2026-09-29T10:34:13Z	gpu-bench/a10-klow/p3-E-k3/runs/chang0926-a-n64-s2/data_info.json
687	2026-09-29T10:34:13Z	gpu-bench/a10-klow/p3-E-k3/runs/chang0926-a-n64-s2/i_decay_speed.json
1982	2026-09-29T10:34:13Z	gpu-bench/a10-klow/p3-E-k3/runs/chang0926-a-n64-s2/initialization.json
223	2026-09-29T10:34:13Z	gpu-bench/a10-klow/p3-E-k3/runs/chang0926-a-n64-s2/input_std.json
33	2026-09-29T11:03:19Z	gpu-bench/a10-klow/p3-E-k3/runs/chang0926-a-n64-s2/latest.json
509293	2026-09-29T11:02:24Z	gpu-bench/a10-klow/p3-E-k3/runs/chang0926-a-n64-s2/model_min_ebops.keras
509293	2026-09-29T10:48:57Z	gpu-bench/a10-klow/p3-E-k3/runs/chang0926-a-n64-s2/model_unconstrained.keras
350	2026-09-29T10:34:13Z	gpu-bench/a10-klow/p3-E-k3/runs/chang0926-a-n64-s2/nondegenerate_rule.json
0	2026-09-29T10:32:37Z	gpu-bench/a10-klow/p3-E-k3/runs/chang0926-a-n64-s2/run.lock
1633	2026-09-29T11:03:29Z	gpu-bench/a10-klow/p3-E-k3/runs/chang0926-a-n64-s2/screen_result.json
3038	2026-09-29T10:32:37Z	gpu-bench/a10-klow/p3-E-k3/runs/chang0926-a-n64-s2/source_manifest.json
509293	2026-09-29T11:03:16Z	gpu-bench/a10-klow/p3-E-k3/runs/chang0926-a-n64-s2/validation_candidate.keras
739643	2026-09-29T11:03:29Z	gpu-bench/a10-klow/p3-E-k3/runs/chang0926-a-n64-s2/validation_predictions.npz
11952221	2026-09-29T11:03:20Z	gpu-bench/a10-klow/p3-E-k3/runs/chang0926-a-n64-s3/activation_widths.jsonl
509293	2026-09-29T11:03:21Z	gpu-bench/a10-klow/p3-E-k3/runs/chang0926-a-n64-s3/checkpoints/epoch-0021/model.keras
509293	2026-09-29T11:03:21Z	gpu-bench/a10-klow/p3-E-k3/runs/chang0926-a-n64-s3/checkpoints/epoch-0021/model_min_ebops.keras
509293	2026-09-29T11:03:21Z	gpu-bench/a10-klow/p3-E-k3/runs/chang0926-a-n64-s3/checkpoints/epoch-0021/model_unconstrained.keras
134966	2026-09-29T11:03:21Z	gpu-bench/a10-klow/p3-E-k3/runs/chang0926-a-n64-s3/checkpoints/epoch-0021/optimizer.npz
1325151	2026-09-29T11:03:21Z	gpu-bench/a10-klow/p3-E-k3/runs/chang0926-a-n64-s3/checkpoints/epoch-0021/state.json
3533	2026-09-29T10:34:26Z	gpu-bench/a10-klow/p3-E-k3/runs/chang0926-a-n64-s3/config.json
113	2026-09-29T10:32:53Z	gpu-bench/a10-klow/p3-E-k3/runs/chang0926-a-n64-s3/cost_contract.json
7473	2026-09-29T10:34:26Z	gpu-bench/a10-klow/p3-E-k3/runs/chang0926-a-n64-s3/data_info.json
687	2026-09-29T10:34:27Z	gpu-bench/a10-klow/p3-E-k3/runs/chang0926-a-n64-s3/i_decay_speed.json
1982	2026-09-29T10:34:26Z	gpu-bench/a10-klow/p3-E-k3/runs/chang0926-a-n64-s3/initialization.json
223	2026-09-29T10:34:26Z	gpu-bench/a10-klow/p3-E-k3/runs/chang0926-a-n64-s3/input_std.json
33	2026-09-29T11:03:21Z	gpu-bench/a10-klow/p3-E-k3/runs/chang0926-a-n64-s3/latest.json
509293	2026-09-29T11:02:27Z	gpu-bench/a10-klow/p3-E-k3/runs/chang0926-a-n64-s3/model_min_ebops.keras
509293	2026-09-29T10:49:03Z	gpu-bench/a10-klow/p3-E-k3/runs/chang0926-a-n64-s3/model_unconstrained.keras
350	2026-09-29T10:34:27Z	gpu-bench/a10-klow/p3-E-k3/runs/chang0926-a-n64-s3/nondegenerate_rule.json
0	2026-09-29T10:32:52Z	gpu-bench/a10-klow/p3-E-k3/runs/chang0926-a-n64-s3/run.lock
1632	2026-09-29T11:03:32Z	gpu-bench/a10-klow/p3-E-k3/runs/chang0926-a-n64-s3/screen_result.json
3038	2026-09-29T10:32:52Z	gpu-bench/a10-klow/p3-E-k3/runs/chang0926-a-n64-s3/source_manifest.json
509293	2026-09-29T11:03:18Z	gpu-bench/a10-klow/p3-E-k3/runs/chang0926-a-n64-s3/validation_candidate.keras
817559	2026-09-29T11:03:32Z	gpu-bench/a10-klow/p3-E-k3/runs/chang0926-a-n64-s3/validation_predictions.npz
7442	2026-09-29T11:23:08Z	gpu-bench/a10-klow/p4-A07-k1/logs/chang0926-c-n64-s1.log
954	2026-09-29T11:23:19Z	gpu-bench/a10-klow/p4-A07-k1/phase_result.json
23567049	2026-09-29T11:22:58Z	gpu-bench/a10-klow/p4-A07-k1/runs/chang0926-c-n64-s1/activation_widths.jsonl
718266	2026-09-29T11:22:59Z	gpu-bench/a10-klow/p4-A07-k1/runs/chang0926-c-n64-s1/checkpoints/epoch-0021/model.keras
718266	2026-09-29T11:22:59Z	gpu-bench/a10-klow/p4-A07-k1/runs/chang0926-c-n64-s1/checkpoints/epoch-0021/model_best.keras
718266	2026-09-29T11:22:59Z	gpu-bench/a10-klow/p4-A07-k1/runs/chang0926-c-n64-s1/checkpoints/epoch-0021/model_best_auc_feasible.keras
718266	2026-09-29T11:22:59Z	gpu-bench/a10-klow/p4-A07-k1/runs/chang0926-c-n64-s1/checkpoints/epoch-0021/model_min_ebops.keras
718266	2026-09-29T11:22:59Z	gpu-bench/a10-klow/p4-A07-k1/runs/chang0926-c-n64-s1/checkpoints/epoch-0021/model_unconstrained.keras
244818	2026-09-29T11:22:59Z	gpu-bench/a10-klow/p4-A07-k1/runs/chang0926-c-n64-s1/checkpoints/epoch-0021/optimizer.npz
2612680	2026-09-29T11:22:59Z	gpu-bench/a10-klow/p4-A07-k1/runs/chang0926-c-n64-s1/checkpoints/epoch-0021/state.json
3484	2026-09-29T11:05:39Z	gpu-bench/a10-klow/p4-A07-k1/runs/chang0926-c-n64-s1/config.json
114	2026-09-29T11:03:43Z	gpu-bench/a10-klow/p4-A07-k1/runs/chang0926-c-n64-s1/cost_contract.json
7473	2026-09-29T11:05:39Z	gpu-bench/a10-klow/p4-A07-k1/runs/chang0926-c-n64-s1/data_info.json
687	2026-09-29T11:05:39Z	gpu-bench/a10-klow/p4-A07-k1/runs/chang0926-c-n64-s1/i_decay_speed.json
2100	2026-09-29T11:05:39Z	gpu-bench/a10-klow/p4-A07-k1/runs/chang0926-c-n64-s1/initialization.json
223	2026-09-29T11:05:39Z	gpu-bench/a10-klow/p4-A07-k1/runs/chang0926-c-n64-s1/input_std.json
33	2026-09-29T11:22:59Z	gpu-bench/a10-klow/p4-A07-k1/runs/chang0926-c-n64-s1/latest.json
718266	2026-09-29T11:22:15Z	gpu-bench/a10-klow/p4-A07-k1/runs/chang0926-c-n64-s1/model_best.keras
718266	2026-09-29T11:22:15Z	gpu-bench/a10-klow/p4-A07-k1/runs/chang0926-c-n64-s1/model_best_auc_feasible.keras
718266	2026-09-29T11:22:15Z	gpu-bench/a10-klow/p4-A07-k1/runs/chang0926-c-n64-s1/model_min_ebops.keras
718266	2026-09-29T11:14:33Z	gpu-bench/a10-klow/p4-A07-k1/runs/chang0926-c-n64-s1/model_unconstrained.keras
350	2026-09-29T11:05:39Z	gpu-bench/a10-klow/p4-A07-k1/runs/chang0926-c-n64-s1/nondegenerate_rule.json
0	2026-09-29T11:03:43Z	gpu-bench/a10-klow/p4-A07-k1/runs/chang0926-c-n64-s1/run.lock
1629	2026-09-29T11:23:08Z	gpu-bench/a10-klow/p4-A07-k1/runs/chang0926-c-n64-s1/screen_result.json
3038	2026-09-29T11:03:43Z	gpu-bench/a10-klow/p4-A07-k1/runs/chang0926-c-n64-s1/source_manifest.json
718266	2026-09-29T11:22:56Z	gpu-bench/a10-klow/p4-A07-k1/runs/chang0926-c-n64-s1/validation_candidate.keras
910568	2026-09-29T11:23:08Z	gpu-bench/a10-klow/p4-A07-k1/runs/chang0926-c-n64-s1/validation_predictions.npz
497	2026-09-29T10:32:18Z	gpu-bench/a10-klow/plan.json
7603	2026-09-29T11:23:20Z	gpu-bench/a10-klow/pod-kai-gpubench-a10-klow-smvnq.log
20145	2026-09-29T11:23:19Z	gpu-bench/a10-klow/samples.csv
4799	2026-09-29T11:51:11Z	gpu-bench/a10-krule/bench_result.json
7446	2026-09-29T11:12:27Z	gpu-bench/a10-krule/p1-E-k4/logs/chang0926-a-n64-s1.log
7451	2026-09-29T11:13:14Z	gpu-bench/a10-krule/p1-E-k4/logs/chang0926-a-n64-s2.log
7451	2026-09-29T11:13:42Z	gpu-bench/a10-krule/p1-E-k4/logs/chang0926-a-n64-s3.log
7448	2026-09-29T11:13:45Z	gpu-bench/a10-krule/p1-E-k4/logs/chang0926-a-n64-s4.log
2093	2026-09-29T11:13:56Z	gpu-bench/a10-krule/p1-E-k4/phase_result.json
11980999	2026-09-29T11:12:15Z	gpu-bench/a10-krule/p1-E-k4/runs/chang0926-a-n64-s1/activation_widths.jsonl
509293	2026-09-29T11:12:16Z	gpu-bench/a10-krule/p1-E-k4/runs/chang0926-a-n64-s1/checkpoints/epoch-0021/model.keras
509293	2026-09-29T11:12:16Z	gpu-bench/a10-krule/p1-E-k4/runs/chang0926-a-n64-s1/checkpoints/epoch-0021/model_min_ebops.keras
509293	2026-09-29T11:12:16Z	gpu-bench/a10-krule/p1-E-k4/runs/chang0926-a-n64-s1/checkpoints/epoch-0021/model_unconstrained.keras
134966	2026-09-29T11:12:16Z	gpu-bench/a10-krule/p1-E-k4/runs/chang0926-a-n64-s1/checkpoints/epoch-0021/optimizer.npz
1325250	2026-09-29T11:12:16Z	gpu-bench/a10-krule/p1-E-k4/runs/chang0926-a-n64-s1/checkpoints/epoch-0021/state.json
3533	2026-09-29T10:33:16Z	gpu-bench/a10-krule/p1-E-k4/runs/chang0926-a-n64-s1/config.json
113	2026-09-29T10:31:49Z	gpu-bench/a10-krule/p1-E-k4/runs/chang0926-a-n64-s1/cost_contract.json
7473	2026-09-29T10:33:16Z	gpu-bench/a10-krule/p1-E-k4/runs/chang0926-a-n64-s1/data_info.json
687	2026-09-29T10:33:16Z	gpu-bench/a10-krule/p1-E-k4/runs/chang0926-a-n64-s1/i_decay_speed.json
1982	2026-09-29T10:33:15Z	gpu-bench/a10-krule/p1-E-k4/runs/chang0926-a-n64-s1/initialization.json
223	2026-09-29T10:33:16Z	gpu-bench/a10-krule/p1-E-k4/runs/chang0926-a-n64-s1/input_std.json
33	2026-09-29T11:12:16Z	gpu-bench/a10-krule/p1-E-k4/runs/chang0926-a-n64-s1/latest.json
509293	2026-09-29T11:11:14Z	gpu-bench/a10-krule/p1-E-k4/runs/chang0926-a-n64-s1/model_min_ebops.keras
509293	2026-09-29T10:52:51Z	gpu-bench/a10-krule/p1-E-k4/runs/chang0926-a-n64-s1/model_unconstrained.keras
350	2026-09-29T10:33:16Z	gpu-bench/a10-krule/p1-E-k4/runs/chang0926-a-n64-s1/nondegenerate_rule.json
0	2026-09-29T10:31:48Z	gpu-bench/a10-krule/p1-E-k4/runs/chang0926-a-n64-s1/run.lock
1628	2026-09-29T11:12:27Z	gpu-bench/a10-krule/p1-E-k4/runs/chang0926-a-n64-s1/screen_result.json
3038	2026-09-29T10:31:49Z	gpu-bench/a10-krule/p1-E-k4/runs/chang0926-a-n64-s1/source_manifest.json
509293	2026-09-29T11:12:12Z	gpu-bench/a10-krule/p1-E-k4/runs/chang0926-a-n64-s1/validation_candidate.keras
788182	2026-09-29T11:12:27Z	gpu-bench/a10-krule/p1-E-k4/runs/chang0926-a-n64-s1/validation_predictions.npz
11962019	2026-09-29T11:13:02Z	gpu-bench/a10-krule/p1-E-k4/runs/chang0926-a-n64-s2/activation_widths.jsonl
509293	2026-09-29T11:13:03Z	gpu-bench/a10-krule/p1-E-k4/runs/chang0926-a-n64-s2/checkpoints/epoch-0021/model.keras
509293	2026-09-29T11:13:03Z	gpu-bench/a10-krule/p1-E-k4/runs/chang0926-a-n64-s2/checkpoints/epoch-0021/model_min_ebops.keras
509293	2026-09-29T11:13:03Z	gpu-bench/a10-krule/p1-E-k4/runs/chang0926-a-n64-s2/checkpoints/epoch-0021/model_unconstrained.keras
134966	2026-09-29T11:13:03Z	gpu-bench/a10-krule/p1-E-k4/runs/chang0926-a-n64-s2/checkpoints/epoch-0021/optimizer.npz
1325155	2026-09-29T11:13:03Z	gpu-bench/a10-krule/p1-E-k4/runs/chang0926-a-n64-s2/checkpoints/epoch-0021/state.json
3533	2026-09-29T10:33:39Z	gpu-bench/a10-krule/p1-E-k4/runs/chang0926-a-n64-s2/config.json
113	2026-09-29T10:32:04Z	gpu-bench/a10-krule/p1-E-k4/runs/chang0926-a-n64-s2/cost_contract.json
7473	2026-09-29T10:33:40Z	gpu-bench/a10-krule/p1-E-k4/runs/chang0926-a-n64-s2/data_info.json
687	2026-09-29T10:33:40Z	gpu-bench/a10-krule/p1-E-k4/runs/chang0926-a-n64-s2/i_decay_speed.json
1982	2026-09-29T10:33:39Z	gpu-bench/a10-krule/p1-E-k4/runs/chang0926-a-n64-s2/initialization.json
223	2026-09-29T10:33:40Z	gpu-bench/a10-krule/p1-E-k4/runs/chang0926-a-n64-s2/input_std.json
33	2026-09-29T11:13:03Z	gpu-bench/a10-krule/p1-E-k4/runs/chang0926-a-n64-s2/latest.json
509293	2026-09-29T11:11:57Z	gpu-bench/a10-krule/p1-E-k4/runs/chang0926-a-n64-s2/model_min_ebops.keras
509293	2026-09-29T10:53:30Z	gpu-bench/a10-krule/p1-E-k4/runs/chang0926-a-n64-s2/model_unconstrained.keras
350	2026-09-29T10:33:40Z	gpu-bench/a10-krule/p1-E-k4/runs/chang0926-a-n64-s2/nondegenerate_rule.json
0	2026-09-29T10:32:04Z	gpu-bench/a10-krule/p1-E-k4/runs/chang0926-a-n64-s2/run.lock
1633	2026-09-29T11:13:14Z	gpu-bench/a10-krule/p1-E-k4/runs/chang0926-a-n64-s2/screen_result.json
3038	2026-09-29T10:32:04Z	gpu-bench/a10-krule/p1-E-k4/runs/chang0926-a-n64-s2/source_manifest.json
509293	2026-09-29T11:12:59Z	gpu-bench/a10-krule/p1-E-k4/runs/chang0926-a-n64-s2/validation_candidate.keras
755616	2026-09-29T11:13:13Z	gpu-bench/a10-krule/p1-E-k4/runs/chang0926-a-n64-s2/validation_predictions.npz
11918647	2026-09-29T11:13:31Z	gpu-bench/a10-krule/p1-E-k4/runs/chang0926-a-n64-s3/activation_widths.jsonl
509293	2026-09-29T11:13:32Z	gpu-bench/a10-krule/p1-E-k4/runs/chang0926-a-n64-s3/checkpoints/epoch-0021/model.keras
509293	2026-09-29T11:13:33Z	gpu-bench/a10-krule/p1-E-k4/runs/chang0926-a-n64-s3/checkpoints/epoch-0021/model_min_ebops.keras
509293	2026-09-29T11:13:33Z	gpu-bench/a10-krule/p1-E-k4/runs/chang0926-a-n64-s3/checkpoints/epoch-0021/model_unconstrained.keras
134966	2026-09-29T11:13:32Z	gpu-bench/a10-krule/p1-E-k4/runs/chang0926-a-n64-s3/checkpoints/epoch-0021/optimizer.npz
1325151	2026-09-29T11:13:32Z	gpu-bench/a10-krule/p1-E-k4/runs/chang0926-a-n64-s3/checkpoints/epoch-0021/state.json
3533	2026-09-29T10:34:02Z	gpu-bench/a10-krule/p1-E-k4/runs/chang0926-a-n64-s3/config.json
113	2026-09-29T10:32:19Z	gpu-bench/a10-krule/p1-E-k4/runs/chang0926-a-n64-s3/cost_contract.json
7473	2026-09-29T10:34:02Z	gpu-bench/a10-krule/p1-E-k4/runs/chang0926-a-n64-s3/data_info.json
687	2026-09-29T10:34:02Z	gpu-bench/a10-krule/p1-E-k4/runs/chang0926-a-n64-s3/i_decay_speed.json
1982	2026-09-29T10:34:02Z	gpu-bench/a10-krule/p1-E-k4/runs/chang0926-a-n64-s3/initialization.json
223	2026-09-29T10:34:02Z	gpu-bench/a10-krule/p1-E-k4/runs/chang0926-a-n64-s3/input_std.json
33	2026-09-29T11:13:33Z	gpu-bench/a10-krule/p1-E-k4/runs/chang0926-a-n64-s3/latest.json
509293	2026-09-29T11:12:25Z	gpu-bench/a10-krule/p1-E-k4/runs/chang0926-a-n64-s3/model_min_ebops.keras
509293	2026-09-29T11:12:25Z	gpu-bench/a10-krule/p1-E-k4/runs/chang0926-a-n64-s3/model_unconstrained.keras
350	2026-09-29T10:34:02Z	gpu-bench/a10-krule/p1-E-k4/runs/chang0926-a-n64-s3/nondegenerate_rule.json
0	2026-09-29T10:32:19Z	gpu-bench/a10-krule/p1-E-k4/runs/chang0926-a-n64-s3/run.lock
1632	2026-09-29T11:13:42Z	gpu-bench/a10-krule/p1-E-k4/runs/chang0926-a-n64-s3/screen_result.json
3038	2026-09-29T10:32:19Z	gpu-bench/a10-krule/p1-E-k4/runs/chang0926-a-n64-s3/source_manifest.json
509293	2026-09-29T11:13:30Z	gpu-bench/a10-krule/p1-E-k4/runs/chang0926-a-n64-s3/validation_candidate.keras
786885	2026-09-29T11:13:42Z	gpu-bench/a10-krule/p1-E-k4/runs/chang0926-a-n64-s3/validation_predictions.npz
11971493	2026-09-29T11:13:34Z	gpu-bench/a10-krule/p1-E-k4/runs/chang0926-a-n64-s4/activation_widths.jsonl
509293	2026-09-29T11:13:35Z	gpu-bench/a10-krule/p1-E-k4/runs/chang0926-a-n64-s4/checkpoints/epoch-0021/model.keras
509293	2026-09-29T11:13:35Z	gpu-bench/a10-krule/p1-E-k4/runs/chang0926-a-n64-s4/checkpoints/epoch-0021/model_min_ebops.keras
509293	2026-09-29T11:13:36Z	gpu-bench/a10-krule/p1-E-k4/runs/chang0926-a-n64-s4/checkpoints/epoch-0021/model_unconstrained.keras
134966	2026-09-29T11:13:35Z	gpu-bench/a10-krule/p1-E-k4/runs/chang0926-a-n64-s4/checkpoints/epoch-0021/optimizer.npz
1325289	2026-09-29T11:13:35Z	gpu-bench/a10-krule/p1-E-k4/runs/chang0926-a-n64-s4/checkpoints/epoch-0021/state.json
3533	2026-09-29T10:34:25Z	gpu-bench/a10-krule/p1-E-k4/runs/chang0926-a-n64-s4/config.json
113	2026-09-29T10:32:34Z	gpu-bench/a10-krule/p1-E-k4/runs/chang0926-a-n64-s4/cost_contract.json
7473	2026-09-29T10:34:25Z	gpu-bench/a10-krule/p1-E-k4/runs/chang0926-a-n64-s4/data_info.json
687	2026-09-29T10:34:25Z	gpu-bench/a10-krule/p1-E-k4/runs/chang0926-a-n64-s4/i_decay_speed.json
1982	2026-09-29T10:34:25Z	gpu-bench/a10-krule/p1-E-k4/runs/chang0926-a-n64-s4/initialization.json
223	2026-09-29T10:34:25Z	gpu-bench/a10-krule/p1-E-k4/runs/chang0926-a-n64-s4/input_std.json
33	2026-09-29T11:13:36Z	gpu-bench/a10-krule/p1-E-k4/runs/chang0926-a-n64-s4/latest.json
509293	2026-09-29T11:12:32Z	gpu-bench/a10-krule/p1-E-k4/runs/chang0926-a-n64-s4/model_min_ebops.keras
509293	2026-09-29T10:54:02Z	gpu-bench/a10-krule/p1-E-k4/runs/chang0926-a-n64-s4/model_unconstrained.keras
350	2026-09-29T10:34:25Z	gpu-bench/a10-krule/p1-E-k4/runs/chang0926-a-n64-s4/nondegenerate_rule.json
0	2026-09-29T10:32:34Z	gpu-bench/a10-krule/p1-E-k4/runs/chang0926-a-n64-s4/run.lock
1631	2026-09-29T11:13:45Z	gpu-bench/a10-krule/p1-E-k4/runs/chang0926-a-n64-s4/screen_result.json
3038	2026-09-29T10:32:34Z	gpu-bench/a10-krule/p1-E-k4/runs/chang0926-a-n64-s4/source_manifest.json
509293	2026-09-29T11:13:33Z	gpu-bench/a10-krule/p1-E-k4/runs/chang0926-a-n64-s4/validation_candidate.keras
780017	2026-09-29T11:13:45Z	gpu-bench/a10-krule/p1-E-k4/runs/chang0926-a-n64-s4/validation_predictions.npz
7447	2026-09-29T11:50:58Z	gpu-bench/a10-krule/p2-A07-k2/logs/chang0926-c-n64-s1.log
7449	2026-09-29T11:51:03Z	gpu-bench/a10-krule/p2-A07-k2/logs/chang0926-c-n64-s2.log
1336	2026-09-29T11:51:11Z	gpu-bench/a10-krule/p2-A07-k2/phase_result.json
23577305	2026-09-29T11:50:46Z	gpu-bench/a10-krule/p2-A07-k2/runs/chang0926-c-n64-s1/activation_widths.jsonl
718266	2026-09-29T11:50:48Z	gpu-bench/a10-krule/p2-A07-k2/runs/chang0926-c-n64-s1/checkpoints/epoch-0021/model.keras
718266	2026-09-29T11:50:48Z	gpu-bench/a10-krule/p2-A07-k2/runs/chang0926-c-n64-s1/checkpoints/epoch-0021/model_best.keras
718266	2026-09-29T11:50:48Z	gpu-bench/a10-krule/p2-A07-k2/runs/chang0926-c-n64-s1/checkpoints/epoch-0021/model_best_auc_feasible.keras
718266	2026-09-29T11:50:48Z	gpu-bench/a10-krule/p2-A07-k2/runs/chang0926-c-n64-s1/checkpoints/epoch-0021/model_min_ebops.keras
718266	2026-09-29T11:50:48Z	gpu-bench/a10-krule/p2-A07-k2/runs/chang0926-c-n64-s1/checkpoints/epoch-0021/model_unconstrained.keras
244818	2026-09-29T11:50:48Z	gpu-bench/a10-krule/p2-A07-k2/runs/chang0926-c-n64-s1/checkpoints/epoch-0021/optimizer.npz
2612676	2026-09-29T11:50:48Z	gpu-bench/a10-krule/p2-A07-k2/runs/chang0926-c-n64-s1/checkpoints/epoch-0021/state.json
3484	2026-09-29T11:15:37Z	gpu-bench/a10-krule/p2-A07-k2/runs/chang0926-c-n64-s1/config.json
114	2026-09-29T11:13:59Z	gpu-bench/a10-krule/p2-A07-k2/runs/chang0926-c-n64-s1/cost_contract.json
7473	2026-09-29T11:15:37Z	gpu-bench/a10-krule/p2-A07-k2/runs/chang0926-c-n64-s1/data_info.json
687	2026-09-29T11:15:37Z	gpu-bench/a10-krule/p2-A07-k2/runs/chang0926-c-n64-s1/i_decay_speed.json
2100	2026-09-29T11:15:37Z	gpu-bench/a10-krule/p2-A07-k2/runs/chang0926-c-n64-s1/initialization.json
223	2026-09-29T11:15:37Z	gpu-bench/a10-krule/p2-A07-k2/runs/chang0926-c-n64-s1/input_std.json
33	2026-09-29T11:50:49Z	gpu-bench/a10-krule/p2-A07-k2/runs/chang0926-c-n64-s1/latest.json
718266	2026-09-29T11:49:16Z	gpu-bench/a10-krule/p2-A07-k2/runs/chang0926-c-n64-s1/model_best.keras
718266	2026-09-29T11:49:16Z	gpu-bench/a10-krule/p2-A07-k2/runs/chang0926-c-n64-s1/model_best_auc_feasible.keras
718266	2026-09-29T11:49:16Z	gpu-bench/a10-krule/p2-A07-k2/runs/chang0926-c-n64-s1/model_min_ebops.keras
718266	2026-09-29T11:33:06Z	gpu-bench/a10-krule/p2-A07-k2/runs/chang0926-c-n64-s1/model_unconstrained.keras
350	2026-09-29T11:15:37Z	gpu-bench/a10-krule/p2-A07-k2/runs/chang0926-c-n64-s1/nondegenerate_rule.json
0	2026-09-29T11:13:59Z	gpu-bench/a10-krule/p2-A07-k2/runs/chang0926-c-n64-s1/run.lock
1631	2026-09-29T11:50:58Z	gpu-bench/a10-krule/p2-A07-k2/runs/chang0926-c-n64-s1/screen_result.json
3038	2026-09-29T11:13:59Z	gpu-bench/a10-krule/p2-A07-k2/runs/chang0926-c-n64-s1/source_manifest.json
718266	2026-09-29T11:50:44Z	gpu-bench/a10-krule/p2-A07-k2/runs/chang0926-c-n64-s1/validation_candidate.keras
938101	2026-09-29T11:50:58Z	gpu-bench/a10-krule/p2-A07-k2/runs/chang0926-c-n64-s1/validation_predictions.npz
23366160	2026-09-29T11:50:51Z	gpu-bench/a10-krule/p2-A07-k2/runs/chang0926-c-n64-s2/activation_widths.jsonl
718266	2026-09-29T11:50:53Z	gpu-bench/a10-krule/p2-A07-k2/runs/chang0926-c-n64-s2/checkpoints/epoch-0021/model.keras
718266	2026-09-29T11:50:53Z	gpu-bench/a10-krule/p2-A07-k2/runs/chang0926-c-n64-s2/checkpoints/epoch-0021/model_best.keras
718266	2026-09-29T11:50:53Z	gpu-bench/a10-krule/p2-A07-k2/runs/chang0926-c-n64-s2/checkpoints/epoch-0021/model_best_auc_feasible.keras
718266	2026-09-29T11:50:53Z	gpu-bench/a10-krule/p2-A07-k2/runs/chang0926-c-n64-s2/checkpoints/epoch-0021/model_min_ebops.keras
718266	2026-09-29T11:50:53Z	gpu-bench/a10-krule/p2-A07-k2/runs/chang0926-c-n64-s2/checkpoints/epoch-0021/model_unconstrained.keras
244818	2026-09-29T11:50:53Z	gpu-bench/a10-krule/p2-A07-k2/runs/chang0926-c-n64-s2/checkpoints/epoch-0021/optimizer.npz
2612783	2026-09-29T11:50:53Z	gpu-bench/a10-krule/p2-A07-k2/runs/chang0926-c-n64-s2/checkpoints/epoch-0021/state.json
3484	2026-09-29T11:15:49Z	gpu-bench/a10-krule/p2-A07-k2/runs/chang0926-c-n64-s2/config.json
114	2026-09-29T11:14:15Z	gpu-bench/a10-krule/p2-A07-k2/runs/chang0926-c-n64-s2/cost_contract.json
7473	2026-09-29T11:15:49Z	gpu-bench/a10-krule/p2-A07-k2/runs/chang0926-c-n64-s2/data_info.json
687	2026-09-29T11:15:49Z	gpu-bench/a10-krule/p2-A07-k2/runs/chang0926-c-n64-s2/i_decay_speed.json
2100	2026-09-29T11:15:49Z	gpu-bench/a10-krule/p2-A07-k2/runs/chang0926-c-n64-s2/initialization.json
223	2026-09-29T11:15:49Z	gpu-bench/a10-krule/p2-A07-k2/runs/chang0926-c-n64-s2/input_std.json
33	2026-09-29T11:50:53Z	gpu-bench/a10-krule/p2-A07-k2/runs/chang0926-c-n64-s2/latest.json
718266	2026-09-29T11:49:23Z	gpu-bench/a10-krule/p2-A07-k2/runs/chang0926-c-n64-s2/model_best.keras
718266	2026-09-29T11:49:23Z	gpu-bench/a10-krule/p2-A07-k2/runs/chang0926-c-n64-s2/model_best_auc_feasible.keras
718266	2026-09-29T11:49:23Z	gpu-bench/a10-krule/p2-A07-k2/runs/chang0926-c-n64-s2/model_min_ebops.keras
718266	2026-09-29T11:33:19Z	gpu-bench/a10-krule/p2-A07-k2/runs/chang0926-c-n64-s2/model_unconstrained.keras
350	2026-09-29T11:15:49Z	gpu-bench/a10-krule/p2-A07-k2/runs/chang0926-c-n64-s2/nondegenerate_rule.json
0	2026-09-29T11:14:14Z	gpu-bench/a10-krule/p2-A07-k2/runs/chang0926-c-n64-s2/run.lock
1633	2026-09-29T11:51:03Z	gpu-bench/a10-krule/p2-A07-k2/runs/chang0926-c-n64-s2/screen_result.json
3038	2026-09-29T11:14:15Z	gpu-bench/a10-krule/p2-A07-k2/runs/chang0926-c-n64-s2/source_manifest.json
718266	2026-09-29T11:50:50Z	gpu-bench/a10-krule/p2-A07-k2/runs/chang0926-c-n64-s2/validation_candidate.keras
847817	2026-09-29T11:51:03Z	gpu-bench/a10-krule/p2-A07-k2/runs/chang0926-c-n64-s2/validation_predictions.npz
559	2026-09-29T10:31:45Z	gpu-bench/a10-krule/plan.json
8021	2026-09-29T11:51:11Z	gpu-bench/a10-krule/pod-kai-gpubench-a10-krule-g8b5c.log
38707	2026-09-29T11:51:11Z	gpu-bench/a10-krule/samples.csv
4878	2026-09-29T16:30:13Z	gpu-bench/a100-sxm4-80gb-klow/bench_result.json
7464	2026-09-29T16:09:07Z	gpu-bench/a100-sxm4-80gb-klow/p3-E-k4/logs/chang0926-a-n64-s1.log
7462	2026-09-29T16:09:32Z	gpu-bench/a100-sxm4-80gb-klow/p3-E-k4/logs/chang0926-a-n64-s2.log
7456	2026-09-29T16:10:17Z	gpu-bench/a100-sxm4-80gb-klow/p3-E-k4/logs/chang0926-a-n64-s3.log
7464	2026-09-29T16:10:50Z	gpu-bench/a100-sxm4-80gb-klow/p3-E-k4/logs/chang0926-a-n64-s4.log
2123	2026-09-29T16:10:57Z	gpu-bench/a100-sxm4-80gb-klow/p3-E-k4/phase_result.json
12083568	2026-09-29T16:08:53Z	gpu-bench/a100-sxm4-80gb-klow/p3-E-k4/runs/chang0926-a-n64-s1/activation_widths.jsonl
509293	2026-09-29T16:08:54Z	gpu-bench/a100-sxm4-80gb-klow/p3-E-k4/runs/chang0926-a-n64-s1/checkpoints/epoch-0021/model.keras
509293	2026-09-29T16:08:55Z	gpu-bench/a100-sxm4-80gb-klow/p3-E-k4/runs/chang0926-a-n64-s1/checkpoints/epoch-0021/model_min_ebops.keras
509293	2026-09-29T16:08:55Z	gpu-bench/a100-sxm4-80gb-klow/p3-E-k4/runs/chang0926-a-n64-s1/checkpoints/epoch-0021/model_unconstrained.keras
134966	2026-09-29T16:08:54Z	gpu-bench/a100-sxm4-80gb-klow/p3-E-k4/runs/chang0926-a-n64-s1/checkpoints/epoch-0021/optimizer.npz
1325250	2026-09-29T16:08:55Z	gpu-bench/a100-sxm4-80gb-klow/p3-E-k4/runs/chang0926-a-n64-s1/checkpoints/epoch-0021/state.json
3533	2026-09-29T15:52:26Z	gpu-bench/a100-sxm4-80gb-klow/p3-E-k4/runs/chang0926-a-n64-s1/config.json
113	2026-09-29T15:50:41Z	gpu-bench/a100-sxm4-80gb-klow/p3-E-k4/runs/chang0926-a-n64-s1/cost_contract.json
7473	2026-09-29T15:52:26Z	gpu-bench/a100-sxm4-80gb-klow/p3-E-k4/runs/chang0926-a-n64-s1/data_info.json
687	2026-09-29T15:52:26Z	gpu-bench/a100-sxm4-80gb-klow/p3-E-k4/runs/chang0926-a-n64-s1/i_decay_speed.json
1982	2026-09-29T15:52:25Z	gpu-bench/a100-sxm4-80gb-klow/p3-E-k4/runs/chang0926-a-n64-s1/initialization.json
223	2026-09-29T15:52:26Z	gpu-bench/a100-sxm4-80gb-klow/p3-E-k4/runs/chang0926-a-n64-s1/input_std.json
33	2026-09-29T16:08:55Z	gpu-bench/a100-sxm4-80gb-klow/p3-E-k4/runs/chang0926-a-n64-s1/latest.json
509293	2026-09-29T16:08:21Z	gpu-bench/a100-sxm4-80gb-klow/p3-E-k4/runs/chang0926-a-n64-s1/model_min_ebops.keras
509293	2026-09-29T16:01:11Z	gpu-bench/a100-sxm4-80gb-klow/p3-E-k4/runs/chang0926-a-n64-s1/model_unconstrained.keras
350	2026-09-29T15:52:26Z	gpu-bench/a100-sxm4-80gb-klow/p3-E-k4/runs/chang0926-a-n64-s1/nondegenerate_rule.json
0	2026-09-29T15:50:40Z	gpu-bench/a100-sxm4-80gb-klow/p3-E-k4/runs/chang0926-a-n64-s1/run.lock
1633	2026-09-29T16:09:07Z	gpu-bench/a100-sxm4-80gb-klow/p3-E-k4/runs/chang0926-a-n64-s1/screen_result.json
3038	2026-09-29T15:50:41Z	gpu-bench/a100-sxm4-80gb-klow/p3-E-k4/runs/chang0926-a-n64-s1/source_manifest.json
509293	2026-09-29T16:08:51Z	gpu-bench/a100-sxm4-80gb-klow/p3-E-k4/runs/chang0926-a-n64-s1/validation_candidate.keras
808818	2026-09-29T16:09:07Z	gpu-bench/a100-sxm4-80gb-klow/p3-E-k4/runs/chang0926-a-n64-s1/validation_predictions.npz
11851460	2026-09-29T16:09:15Z	gpu-bench/a100-sxm4-80gb-klow/p3-E-k4/runs/chang0926-a-n64-s2/activation_widths.jsonl
509293	2026-09-29T16:09:17Z	gpu-bench/a100-sxm4-80gb-klow/p3-E-k4/runs/chang0926-a-n64-s2/checkpoints/epoch-0021/model.keras
509293	2026-09-29T16:09:18Z	gpu-bench/a100-sxm4-80gb-klow/p3-E-k4/runs/chang0926-a-n64-s2/checkpoints/epoch-0021/model_min_ebops.keras
509293	2026-09-29T16:09:18Z	gpu-bench/a100-sxm4-80gb-klow/p3-E-k4/runs/chang0926-a-n64-s2/checkpoints/epoch-0021/model_unconstrained.keras
134966	2026-09-29T16:09:17Z	gpu-bench/a100-sxm4-80gb-klow/p3-E-k4/runs/chang0926-a-n64-s2/checkpoints/epoch-0021/optimizer.npz
1325155	2026-09-29T16:09:17Z	gpu-bench/a100-sxm4-80gb-klow/p3-E-k4/runs/chang0926-a-n64-s2/checkpoints/epoch-0021/state.json
3533	2026-09-29T15:52:58Z	gpu-bench/a100-sxm4-80gb-klow/p3-E-k4/runs/chang0926-a-n64-s2/config.json
113	2026-09-29T15:50:59Z	gpu-bench/a100-sxm4-80gb-klow/p3-E-k4/runs/chang0926-a-n64-s2/cost_contract.json
7473	2026-09-29T15:52:58Z	gpu-bench/a100-sxm4-80gb-klow/p3-E-k4/runs/chang0926-a-n64-s2/data_info.json
687	2026-09-29T15:52:58Z	gpu-bench/a100-sxm4-80gb-klow/p3-E-k4/runs/chang0926-a-n64-s2/i_decay_speed.json
1982	2026-09-29T15:52:57Z	gpu-bench/a100-sxm4-80gb-klow/p3-E-k4/runs/chang0926-a-n64-s2/initialization.json
223	2026-09-29T15:52:58Z	gpu-bench/a100-sxm4-80gb-klow/p3-E-k4/runs/chang0926-a-n64-s2/input_std.json
33	2026-09-29T16:09:18Z	gpu-bench/a100-sxm4-80gb-klow/p3-E-k4/runs/chang0926-a-n64-s2/latest.json
509293	2026-09-29T16:08:55Z	gpu-bench/a100-sxm4-80gb-klow/p3-E-k4/runs/chang0926-a-n64-s2/model_min_ebops.keras
509293	2026-09-29T16:01:32Z	gpu-bench/a100-sxm4-80gb-klow/p3-E-k4/runs/chang0926-a-n64-s2/model_unconstrained.keras
350	2026-09-29T15:52:58Z	gpu-bench/a100-sxm4-80gb-klow/p3-E-k4/runs/chang0926-a-n64-s2/nondegenerate_rule.json
0	2026-09-29T15:50:59Z	gpu-bench/a100-sxm4-80gb-klow/p3-E-k4/runs/chang0926-a-n64-s2/run.lock
1633	2026-09-29T16:09:32Z	gpu-bench/a100-sxm4-80gb-klow/p3-E-k4/runs/chang0926-a-n64-s2/screen_result.json
3038	2026-09-29T15:50:59Z	gpu-bench/a100-sxm4-80gb-klow/p3-E-k4/runs/chang0926-a-n64-s2/source_manifest.json
509293	2026-09-29T16:09:14Z	gpu-bench/a100-sxm4-80gb-klow/p3-E-k4/runs/chang0926-a-n64-s2/validation_candidate.keras
783561	2026-09-29T16:09:32Z	gpu-bench/a100-sxm4-80gb-klow/p3-E-k4/runs/chang0926-a-n64-s2/validation_predictions.npz
11799485	2026-09-29T16:10:06Z	gpu-bench/a100-sxm4-80gb-klow/p3-E-k4/runs/chang0926-a-n64-s3/activation_widths.jsonl
509293	2026-09-29T16:10:08Z	gpu-bench/a100-sxm4-80gb-klow/p3-E-k4/runs/chang0926-a-n64-s3/checkpoints/epoch-0021/model.keras
509293	2026-09-29T16:10:08Z	gpu-bench/a100-sxm4-80gb-klow/p3-E-k4/runs/chang0926-a-n64-s3/checkpoints/epoch-0021/model_min_ebops.keras
509293	2026-09-29T16:10:08Z	gpu-bench/a100-sxm4-80gb-klow/p3-E-k4/runs/chang0926-a-n64-s3/checkpoints/epoch-0021/model_unconstrained.keras
134966	2026-09-29T16:10:08Z	gpu-bench/a100-sxm4-80gb-klow/p3-E-k4/runs/chang0926-a-n64-s3/checkpoints/epoch-0021/optimizer.npz
1325150	2026-09-29T16:10:08Z	gpu-bench/a100-sxm4-80gb-klow/p3-E-k4/runs/chang0926-a-n64-s3/checkpoints/epoch-0021/state.json
3533	2026-09-29T15:53:16Z	gpu-bench/a100-sxm4-80gb-klow/p3-E-k4/runs/chang0926-a-n64-s3/config.json
113	2026-09-29T15:51:13Z	gpu-bench/a100-sxm4-80gb-klow/p3-E-k4/runs/chang0926-a-n64-s3/cost_contract.json
7473	2026-09-29T15:53:16Z	gpu-bench/a100-sxm4-80gb-klow/p3-E-k4/runs/chang0926-a-n64-s3/data_info.json
687	2026-09-29T15:53:16Z	gpu-bench/a100-sxm4-80gb-klow/p3-E-k4/runs/chang0926-a-n64-s3/i_decay_speed.json
1982	2026-09-29T15:53:16Z	gpu-bench/a100-sxm4-80gb-klow/p3-E-k4/runs/chang0926-a-n64-s3/initialization.json
223	2026-09-29T15:53:16Z	gpu-bench/a100-sxm4-80gb-klow/p3-E-k4/runs/chang0926-a-n64-s3/input_std.json
33	2026-09-29T16:10:08Z	gpu-bench/a100-sxm4-80gb-klow/p3-E-k4/runs/chang0926-a-n64-s3/latest.json
509293	2026-09-29T16:09:49Z	gpu-bench/a100-sxm4-80gb-klow/p3-E-k4/runs/chang0926-a-n64-s3/model_min_ebops.keras
509293	2026-09-29T16:02:29Z	gpu-bench/a100-sxm4-80gb-klow/p3-E-k4/runs/chang0926-a-n64-s3/model_unconstrained.keras
350	2026-09-29T15:53:16Z	gpu-bench/a100-sxm4-80gb-klow/p3-E-k4/runs/chang0926-a-n64-s3/nondegenerate_rule.json
0	2026-09-29T15:51:12Z	gpu-bench/a100-sxm4-80gb-klow/p3-E-k4/runs/chang0926-a-n64-s3/run.lock
1629	2026-09-29T16:10:17Z	gpu-bench/a100-sxm4-80gb-klow/p3-E-k4/runs/chang0926-a-n64-s3/screen_result.json
3038	2026-09-29T15:51:12Z	gpu-bench/a100-sxm4-80gb-klow/p3-E-k4/runs/chang0926-a-n64-s3/source_manifest.json
509293	2026-09-29T16:10:04Z	gpu-bench/a100-sxm4-80gb-klow/p3-E-k4/runs/chang0926-a-n64-s3/validation_candidate.keras
777594	2026-09-29T16:10:17Z	gpu-bench/a100-sxm4-80gb-klow/p3-E-k4/runs/chang0926-a-n64-s3/validation_predictions.npz
11980139	2026-09-29T16:10:34Z	gpu-bench/a100-sxm4-80gb-klow/p3-E-k4/runs/chang0926-a-n64-s4/activation_widths.jsonl
509293	2026-09-29T16:10:36Z	gpu-bench/a100-sxm4-80gb-klow/p3-E-k4/runs/chang0926-a-n64-s4/checkpoints/epoch-0021/model.keras
509293	2026-09-29T16:10:37Z	gpu-bench/a100-sxm4-80gb-klow/p3-E-k4/runs/chang0926-a-n64-s4/checkpoints/epoch-0021/model_min_ebops.keras
509293	2026-09-29T16:10:37Z	gpu-bench/a100-sxm4-80gb-klow/p3-E-k4/runs/chang0926-a-n64-s4/checkpoints/epoch-0021/model_unconstrained.keras
134966	2026-09-29T16:10:36Z	gpu-bench/a100-sxm4-80gb-klow/p3-E-k4/runs/chang0926-a-n64-s4/checkpoints/epoch-0021/optimizer.npz
1325291	2026-09-29T16:10:37Z	gpu-bench/a100-sxm4-80gb-klow/p3-E-k4/runs/chang0926-a-n64-s4/checkpoints/epoch-0021/state.json
3533	2026-09-29T15:53:40Z	gpu-bench/a100-sxm4-80gb-klow/p3-E-k4/runs/chang0926-a-n64-s4/config.json
113	2026-09-29T15:51:31Z	gpu-bench/a100-sxm4-80gb-klow/p3-E-k4/runs/chang0926-a-n64-s4/cost_contract.json
7473	2026-09-29T15:53:41Z	gpu-bench/a100-sxm4-80gb-klow/p3-E-k4/runs/chang0926-a-n64-s4/data_info.json
687	2026-09-29T15:53:41Z	gpu-bench/a100-sxm4-80gb-klow/p3-E-k4/runs/chang0926-a-n64-s4/i_decay_speed.json
1982	2026-09-29T15:53:40Z	gpu-bench/a100-sxm4-80gb-klow/p3-E-k4/runs/chang0926-a-n64-s4/initialization.json
223	2026-09-29T15:53:41Z	gpu-bench/a100-sxm4-80gb-klow/p3-E-k4/runs/chang0926-a-n64-s4/input_std.json
33	2026-09-29T16:10:37Z	gpu-bench/a100-sxm4-80gb-klow/p3-E-k4/runs/chang0926-a-n64-s4/latest.json
509293	2026-09-29T16:10:20Z	gpu-bench/a100-sxm4-80gb-klow/p3-E-k4/runs/chang0926-a-n64-s4/model_min_ebops.keras
509293	2026-09-29T16:03:04Z	gpu-bench/a100-sxm4-80gb-klow/p3-E-k4/runs/chang0926-a-n64-s4/model_unconstrained.keras
350	2026-09-29T15:53:41Z	gpu-bench/a100-sxm4-80gb-klow/p3-E-k4/runs/chang0926-a-n64-s4/nondegenerate_rule.json
0	2026-09-29T15:51:31Z	gpu-bench/a100-sxm4-80gb-klow/p3-E-k4/runs/chang0926-a-n64-s4/run.lock
1634	2026-09-29T16:10:50Z	gpu-bench/a100-sxm4-80gb-klow/p3-E-k4/runs/chang0926-a-n64-s4/screen_result.json
3038	2026-09-29T15:51:31Z	gpu-bench/a100-sxm4-80gb-klow/p3-E-k4/runs/chang0926-a-n64-s4/source_manifest.json
509293	2026-09-29T16:10:32Z	gpu-bench/a100-sxm4-80gb-klow/p3-E-k4/runs/chang0926-a-n64-s4/validation_candidate.keras
792672	2026-09-29T16:10:50Z	gpu-bench/a100-sxm4-80gb-klow/p3-E-k4/runs/chang0926-a-n64-s4/validation_predictions.npz
7450	2026-09-29T16:28:20Z	gpu-bench/a100-sxm4-80gb-klow/p4-A07-k2/logs/chang0926-c-n64-s1.log
7453	2026-09-29T16:30:02Z	gpu-bench/a100-sxm4-80gb-klow/p4-A07-k2/logs/chang0926-c-n64-s2.log
1354	2026-09-29T16:30:12Z	gpu-bench/a100-sxm4-80gb-klow/p4-A07-k2/phase_result.json
23840771	2026-09-29T16:28:06Z	gpu-bench/a100-sxm4-80gb-klow/p4-A07-k2/runs/chang0926-c-n64-s1/activation_widths.jsonl
718266	2026-09-29T16:28:08Z	gpu-bench/a100-sxm4-80gb-klow/p4-A07-k2/runs/chang0926-c-n64-s1/checkpoints/epoch-0021/model.keras
718266	2026-09-29T16:28:08Z	gpu-bench/a100-sxm4-80gb-klow/p4-A07-k2/runs/chang0926-c-n64-s1/checkpoints/epoch-0021/model_best.keras
718266	2026-09-29T16:28:08Z	gpu-bench/a100-sxm4-80gb-klow/p4-A07-k2/runs/chang0926-c-n64-s1/checkpoints/epoch-0021/model_best_auc_feasible.keras
718266	2026-09-29T16:28:08Z	gpu-bench/a100-sxm4-80gb-klow/p4-A07-k2/runs/chang0926-c-n64-s1/checkpoints/epoch-0021/model_min_ebops.keras
718266	2026-09-29T16:28:08Z	gpu-bench/a100-sxm4-80gb-klow/p4-A07-k2/runs/chang0926-c-n64-s1/checkpoints/epoch-0021/model_unconstrained.keras
244818	2026-09-29T16:28:08Z	gpu-bench/a100-sxm4-80gb-klow/p4-A07-k2/runs/chang0926-c-n64-s1/checkpoints/epoch-0021/optimizer.npz
2612678	2026-09-29T16:28:08Z	gpu-bench/a100-sxm4-80gb-klow/p4-A07-k2/runs/chang0926-c-n64-s1/checkpoints/epoch-0021/state.json
3484	2026-09-29T16:13:08Z	gpu-bench/a100-sxm4-80gb-klow/p4-A07-k2/runs/chang0926-c-n64-s1/config.json
114	2026-09-29T16:11:02Z	gpu-bench/a100-sxm4-80gb-klow/p4-A07-k2/runs/chang0926-c-n64-s1/cost_contract.json
7473	2026-09-29T16:13:08Z	gpu-bench/a100-sxm4-80gb-klow/p4-A07-k2/runs/chang0926-c-n64-s1/data_info.json
687	2026-09-29T16:13:08Z	gpu-bench/a100-sxm4-80gb-klow/p4-A07-k2/runs/chang0926-c-n64-s1/i_decay_speed.json
2100	2026-09-29T16:13:08Z	gpu-bench/a100-sxm4-80gb-klow/p4-A07-k2/runs/chang0926-c-n64-s1/initialization.json
223	2026-09-29T16:13:08Z	gpu-bench/a100-sxm4-80gb-klow/p4-A07-k2/runs/chang0926-c-n64-s1/input_std.json
33	2026-09-29T16:28:08Z	gpu-bench/a100-sxm4-80gb-klow/p4-A07-k2/runs/chang0926-c-n64-s1/latest.json
718266	2026-09-29T16:27:29Z	gpu-bench/a100-sxm4-80gb-klow/p4-A07-k2/runs/chang0926-c-n64-s1/model_best.keras
718266	2026-09-29T16:27:29Z	gpu-bench/a100-sxm4-80gb-klow/p4-A07-k2/runs/chang0926-c-n64-s1/model_best_auc_feasible.keras
718266	2026-09-29T16:27:29Z	gpu-bench/a100-sxm4-80gb-klow/p4-A07-k2/runs/chang0926-c-n64-s1/model_min_ebops.keras
718266	2026-09-29T16:27:29Z	gpu-bench/a100-sxm4-80gb-klow/p4-A07-k2/runs/chang0926-c-n64-s1/model_unconstrained.keras
350	2026-09-29T16:13:09Z	gpu-bench/a100-sxm4-80gb-klow/p4-A07-k2/runs/chang0926-c-n64-s1/nondegenerate_rule.json
0	2026-09-29T16:11:01Z	gpu-bench/a100-sxm4-80gb-klow/p4-A07-k2/runs/chang0926-c-n64-s1/run.lock
1628	2026-09-29T16:28:20Z	gpu-bench/a100-sxm4-80gb-klow/p4-A07-k2/runs/chang0926-c-n64-s1/screen_result.json
3038	2026-09-29T16:11:02Z	gpu-bench/a100-sxm4-80gb-klow/p4-A07-k2/runs/chang0926-c-n64-s1/source_manifest.json
718266	2026-09-29T16:28:04Z	gpu-bench/a100-sxm4-80gb-klow/p4-A07-k2/runs/chang0926-c-n64-s1/validation_candidate.keras
679672	2026-09-29T16:28:19Z	gpu-bench/a100-sxm4-80gb-klow/p4-A07-k2/runs/chang0926-c-n64-s1/validation_predictions.npz
23433535	2026-09-29T16:29:42Z	gpu-bench/a100-sxm4-80gb-klow/p4-A07-k2/runs/chang0926-c-n64-s2/activation_widths.jsonl
718266	2026-09-29T16:29:43Z	gpu-bench/a100-sxm4-80gb-klow/p4-A07-k2/runs/chang0926-c-n64-s2/checkpoints/epoch-0021/model.keras
718266	2026-09-29T16:29:44Z	gpu-bench/a100-sxm4-80gb-klow/p4-A07-k2/runs/chang0926-c-n64-s2/checkpoints/epoch-0021/model_best.keras
718266	2026-09-29T16:29:44Z	gpu-bench/a100-sxm4-80gb-klow/p4-A07-k2/runs/chang0926-c-n64-s2/checkpoints/epoch-0021/model_best_auc_feasible.keras
718266	2026-09-29T16:29:44Z	gpu-bench/a100-sxm4-80gb-klow/p4-A07-k2/runs/chang0926-c-n64-s2/checkpoints/epoch-0021/model_min_ebops.keras
718266	2026-09-29T16:29:44Z	gpu-bench/a100-sxm4-80gb-klow/p4-A07-k2/runs/chang0926-c-n64-s2/checkpoints/epoch-0021/model_unconstrained.keras
244818	2026-09-29T16:29:43Z	gpu-bench/a100-sxm4-80gb-klow/p4-A07-k2/runs/chang0926-c-n64-s2/checkpoints/epoch-0021/optimizer.npz
2612783	2026-09-29T16:29:44Z	gpu-bench/a100-sxm4-80gb-klow/p4-A07-k2/runs/chang0926-c-n64-s2/checkpoints/epoch-0021/state.json
3484	2026-09-29T16:13:21Z	gpu-bench/a100-sxm4-80gb-klow/p4-A07-k2/runs/chang0926-c-n64-s2/config.json
114	2026-09-29T16:11:17Z	gpu-bench/a100-sxm4-80gb-klow/p4-A07-k2/runs/chang0926-c-n64-s2/cost_contract.json
7473	2026-09-29T16:13:21Z	gpu-bench/a100-sxm4-80gb-klow/p4-A07-k2/runs/chang0926-c-n64-s2/data_info.json
687	2026-09-29T16:13:21Z	gpu-bench/a100-sxm4-80gb-klow/p4-A07-k2/runs/chang0926-c-n64-s2/i_decay_speed.json
2100	2026-09-29T16:13:20Z	gpu-bench/a100-sxm4-80gb-klow/p4-A07-k2/runs/chang0926-c-n64-s2/initialization.json
223	2026-09-29T16:13:21Z	gpu-bench/a100-sxm4-80gb-klow/p4-A07-k2/runs/chang0926-c-n64-s2/input_std.json
33	2026-09-29T16:29:44Z	gpu-bench/a100-sxm4-80gb-klow/p4-A07-k2/runs/chang0926-c-n64-s2/latest.json
718266	2026-09-29T16:29:21Z	gpu-bench/a100-sxm4-80gb-klow/p4-A07-k2/runs/chang0926-c-n64-s2/model_best.keras
718266	2026-09-29T16:29:21Z	gpu-bench/a100-sxm4-80gb-klow/p4-A07-k2/runs/chang0926-c-n64-s2/model_best_auc_feasible.keras
718266	2026-09-29T16:29:21Z	gpu-bench/a100-sxm4-80gb-klow/p4-A07-k2/runs/chang0926-c-n64-s2/model_min_ebops.keras
718266	2026-09-29T16:22:19Z	gpu-bench/a100-sxm4-80gb-klow/p4-A07-k2/runs/chang0926-c-n64-s2/model_unconstrained.keras
350	2026-09-29T16:13:21Z	gpu-bench/a100-sxm4-80gb-klow/p4-A07-k2/runs/chang0926-c-n64-s2/nondegenerate_rule.json
0	2026-09-29T16:11:17Z	gpu-bench/a100-sxm4-80gb-klow/p4-A07-k2/runs/chang0926-c-n64-s2/run.lock
1633	2026-09-29T16:30:02Z	gpu-bench/a100-sxm4-80gb-klow/p4-A07-k2/runs/chang0926-c-n64-s2/screen_result.json
3038	2026-09-29T16:11:17Z	gpu-bench/a100-sxm4-80gb-klow/p4-A07-k2/runs/chang0926-c-n64-s2/source_manifest.json
718266	2026-09-29T16:29:39Z	gpu-bench/a100-sxm4-80gb-klow/p4-A07-k2/runs/chang0926-c-n64-s2/validation_candidate.keras
864947	2026-09-29T16:30:02Z	gpu-bench/a100-sxm4-80gb-klow/p4-A07-k2/runs/chang0926-c-n64-s2/validation_predictions.npz
590	2026-09-29T15:50:36Z	gpu-bench/a100-sxm4-80gb-klow/plan.json
8118	2026-09-29T16:30:13Z	gpu-bench/a100-sxm4-80gb-klow/pod-kai-gpubench-a100-sxm4-80gb-klow-dpl8n.log
20394	2026-09-29T16:30:13Z	gpu-bench/a100-sxm4-80gb-klow/samples.csv
13533	2026-09-29T11:54:48Z	gpu-bench/a100-sxm4-80gb-krule/bench_result.json
7561	2026-09-29T10:56:11Z	gpu-bench/a100-sxm4-80gb-krule/p1-E-k16/logs/chang0926-a-n64-s1.log
7564	2026-09-29T10:58:36Z	gpu-bench/a100-sxm4-80gb-krule/p1-E-k16/logs/chang0926-a-n64-s2.log
7564	2026-09-29T10:58:07Z	gpu-bench/a100-sxm4-80gb-krule/p1-E-k16/logs/chang0926-a-n64-s3.log
7563	2026-09-29T10:58:15Z	gpu-bench/a100-sxm4-80gb-krule/p1-E-k16/logs/chang0926-a-n64-s4.log
7564	2026-09-29T10:59:39Z	gpu-bench/a100-sxm4-80gb-krule/p1-E-k16/logs/chang0926-a-n64-s5.log
7564	2026-09-29T10:58:53Z	gpu-bench/a100-sxm4-80gb-krule/p1-E-k16/logs/chang0926-a-n64-s6.log
7561	2026-09-29T11:00:15Z	gpu-bench/a100-sxm4-80gb-krule/p1-E-k16/logs/chang0926-a-n64-s7.log
7565	2026-09-29T10:59:53Z	gpu-bench/a100-sxm4-80gb-krule/p1-E-k16/logs/chang0926-a-n64-s8.log
7564	2026-09-29T11:00:40Z	gpu-bench/a100-sxm4-80gb-krule/p1-E-k16/logs/chang0926-b-n64-s1.log
7563	2026-09-29T11:00:20Z	gpu-bench/a100-sxm4-80gb-krule/p1-E-k16/logs/chang0926-b-n64-s2.log
7564	2026-09-29T11:01:00Z	gpu-bench/a100-sxm4-80gb-krule/p1-E-k16/logs/chang0926-b-n64-s3.log
7560	2026-09-29T11:00:55Z	gpu-bench/a100-sxm4-80gb-krule/p1-E-k16/logs/chang0926-b-n64-s4.log
7563	2026-09-29T11:01:02Z	gpu-bench/a100-sxm4-80gb-krule/p1-E-k16/logs/chang0926-b-n64-s5.log
7566	2026-09-29T11:01:19Z	gpu-bench/a100-sxm4-80gb-krule/p1-E-k16/logs/chang0926-b-n64-s6.log
7562	2026-09-29T11:01:36Z	gpu-bench/a100-sxm4-80gb-krule/p1-E-k16/logs/chang0926-b-n64-s7.log
7563	2026-09-29T11:01:37Z	gpu-bench/a100-sxm4-80gb-krule/p1-E-k16/logs/chang0926-b-n64-s8.log
6767	2026-09-29T11:01:46Z	gpu-bench/a100-sxm4-80gb-krule/p1-E-k16/phase_result.json
12056798	2026-09-29T10:55:51Z	gpu-bench/a100-sxm4-80gb-krule/p1-E-k16/runs/chang0926-a-n64-s1/activation_widths.jsonl
509293	2026-09-29T10:55:54Z	gpu-bench/a100-sxm4-80gb-krule/p1-E-k16/runs/chang0926-a-n64-s1/checkpoints/epoch-0021/model.keras
509293	2026-09-29T10:55:54Z	gpu-bench/a100-sxm4-80gb-krule/p1-E-k16/runs/chang0926-a-n64-s1/checkpoints/epoch-0021/model_min_ebops.keras
509293	2026-09-29T10:55:54Z	gpu-bench/a100-sxm4-80gb-krule/p1-E-k16/runs/chang0926-a-n64-s1/checkpoints/epoch-0021/model_unconstrained.keras
134966	2026-09-29T10:55:54Z	gpu-bench/a100-sxm4-80gb-krule/p1-E-k16/runs/chang0926-a-n64-s1/checkpoints/epoch-0021/optimizer.npz
1325251	2026-09-29T10:55:54Z	gpu-bench/a100-sxm4-80gb-krule/p1-E-k16/runs/chang0926-a-n64-s1/checkpoints/epoch-0021/state.json
3533	2026-09-29T09:58:31Z	gpu-bench/a100-sxm4-80gb-krule/p1-E-k16/runs/chang0926-a-n64-s1/config.json
113	2026-09-29T09:56:49Z	gpu-bench/a100-sxm4-80gb-krule/p1-E-k16/runs/chang0926-a-n64-s1/cost_contract.json
7473	2026-09-29T09:58:31Z	gpu-bench/a100-sxm4-80gb-krule/p1-E-k16/runs/chang0926-a-n64-s1/data_info.json
687	2026-09-29T09:58:31Z	gpu-bench/a100-sxm4-80gb-krule/p1-E-k16/runs/chang0926-a-n64-s1/i_decay_speed.json
1982	2026-09-29T09:58:30Z	gpu-bench/a100-sxm4-80gb-krule/p1-E-k16/runs/chang0926-a-n64-s1/initialization.json
223	2026-09-29T09:58:31Z	gpu-bench/a100-sxm4-80gb-krule/p1-E-k16/runs/chang0926-a-n64-s1/input_std.json
33	2026-09-29T10:55:54Z	gpu-bench/a100-sxm4-80gb-krule/p1-E-k16/runs/chang0926-a-n64-s1/latest.json
509293	2026-09-29T10:53:29Z	gpu-bench/a100-sxm4-80gb-krule/p1-E-k16/runs/chang0926-a-n64-s1/model_min_ebops.keras
509293	2026-09-29T10:24:58Z	gpu-bench/a100-sxm4-80gb-krule/p1-E-k16/runs/chang0926-a-n64-s1/model_unconstrained.keras
350	2026-09-29T09:58:31Z	gpu-bench/a100-sxm4-80gb-krule/p1-E-k16/runs/chang0926-a-n64-s1/nondegenerate_rule.json
0	2026-09-29T09:56:49Z	gpu-bench/a100-sxm4-80gb-krule/p1-E-k16/runs/chang0926-a-n64-s1/run.lock
1634	2026-09-29T10:56:11Z	gpu-bench/a100-sxm4-80gb-krule/p1-E-k16/runs/chang0926-a-n64-s1/screen_result.json
3038	2026-09-29T09:56:49Z	gpu-bench/a100-sxm4-80gb-krule/p1-E-k16/runs/chang0926-a-n64-s1/source_manifest.json
509293	2026-09-29T10:55:44Z	gpu-bench/a100-sxm4-80gb-krule/p1-E-k16/runs/chang0926-a-n64-s1/validation_candidate.keras
793704	2026-09-29T10:56:11Z	gpu-bench/a100-sxm4-80gb-krule/p1-E-k16/runs/chang0926-a-n64-s1/validation_predictions.npz
11924973	2026-09-29T10:58:19Z	gpu-bench/a100-sxm4-80gb-krule/p1-E-k16/runs/chang0926-a-n64-s2/activation_widths.jsonl
509293	2026-09-29T10:58:21Z	gpu-bench/a100-sxm4-80gb-krule/p1-E-k16/runs/chang0926-a-n64-s2/checkpoints/epoch-0021/model.keras
509293	2026-09-29T10:58:21Z	gpu-bench/a100-sxm4-80gb-krule/p1-E-k16/runs/chang0926-a-n64-s2/checkpoints/epoch-0021/model_min_ebops.keras
509293	2026-09-29T10:58:21Z	gpu-bench/a100-sxm4-80gb-krule/p1-E-k16/runs/chang0926-a-n64-s2/checkpoints/epoch-0021/model_unconstrained.keras
134966	2026-09-29T10:58:21Z	gpu-bench/a100-sxm4-80gb-krule/p1-E-k16/runs/chang0926-a-n64-s2/checkpoints/epoch-0021/optimizer.npz
1325153	2026-09-29T10:58:21Z	gpu-bench/a100-sxm4-80gb-krule/p1-E-k16/runs/chang0926-a-n64-s2/checkpoints/epoch-0021/state.json
3533	2026-09-29T09:58:53Z	gpu-bench/a100-sxm4-80gb-krule/p1-E-k16/runs/chang0926-a-n64-s2/config.json
113	2026-09-29T09:57:03Z	gpu-bench/a100-sxm4-80gb-krule/p1-E-k16/runs/chang0926-a-n64-s2/cost_contract.json
7473	2026-09-29T09:58:53Z	gpu-bench/a100-sxm4-80gb-krule/p1-E-k16/runs/chang0926-a-n64-s2/data_info.json
687	2026-09-29T09:58:53Z	gpu-bench/a100-sxm4-80gb-krule/p1-E-k16/runs/chang0926-a-n64-s2/i_decay_speed.json
1982	2026-09-29T09:58:52Z	gpu-bench/a100-sxm4-80gb-krule/p1-E-k16/runs/chang0926-a-n64-s2/initialization.json
223	2026-09-29T09:58:53Z	gpu-bench/a100-sxm4-80gb-krule/p1-E-k16/runs/chang0926-a-n64-s2/input_std.json
33	2026-09-29T10:58:21Z	gpu-bench/a100-sxm4-80gb-krule/p1-E-k16/runs/chang0926-a-n64-s2/latest.json
509293	2026-09-29T10:56:13Z	gpu-bench/a100-sxm4-80gb-krule/p1-E-k16/runs/chang0926-a-n64-s2/model_min_ebops.keras
509293	2026-09-29T10:27:35Z	gpu-bench/a100-sxm4-80gb-krule/p1-E-k16/runs/chang0926-a-n64-s2/model_unconstrained.keras
350	2026-09-29T09:58:53Z	gpu-bench/a100-sxm4-80gb-krule/p1-E-k16/runs/chang0926-a-n64-s2/nondegenerate_rule.json
0	2026-09-29T09:57:02Z	gpu-bench/a100-sxm4-80gb-krule/p1-E-k16/runs/chang0926-a-n64-s2/run.lock
1634	2026-09-29T10:58:36Z	gpu-bench/a100-sxm4-80gb-krule/p1-E-k16/runs/chang0926-a-n64-s2/screen_result.json
3038	2026-09-29T09:57:03Z	gpu-bench/a100-sxm4-80gb-krule/p1-E-k16/runs/chang0926-a-n64-s2/source_manifest.json
509293	2026-09-29T10:58:13Z	gpu-bench/a100-sxm4-80gb-krule/p1-E-k16/runs/chang0926-a-n64-s2/validation_candidate.keras
752195	2026-09-29T10:58:36Z	gpu-bench/a100-sxm4-80gb-krule/p1-E-k16/runs/chang0926-a-n64-s2/validation_predictions.npz
11845484	2026-09-29T10:57:49Z	gpu-bench/a100-sxm4-80gb-krule/p1-E-k16/runs/chang0926-a-n64-s3/activation_widths.jsonl
509293	2026-09-29T10:57:51Z	gpu-bench/a100-sxm4-80gb-krule/p1-E-k16/runs/chang0926-a-n64-s3/checkpoints/epoch-0021/model.keras
509293	2026-09-29T10:57:51Z	gpu-bench/a100-sxm4-80gb-krule/p1-E-k16/runs/chang0926-a-n64-s3/checkpoints/epoch-0021/model_min_ebops.keras
509293	2026-09-29T10:57:51Z	gpu-bench/a100-sxm4-80gb-krule/p1-E-k16/runs/chang0926-a-n64-s3/checkpoints/epoch-0021/model_unconstrained.keras
134966	2026-09-29T10:57:51Z	gpu-bench/a100-sxm4-80gb-krule/p1-E-k16/runs/chang0926-a-n64-s3/checkpoints/epoch-0021/optimizer.npz
1325151	2026-09-29T10:57:51Z	gpu-bench/a100-sxm4-80gb-krule/p1-E-k16/runs/chang0926-a-n64-s3/checkpoints/epoch-0021/state.json
3533	2026-09-29T09:59:10Z	gpu-bench/a100-sxm4-80gb-krule/p1-E-k16/runs/chang0926-a-n64-s3/config.json
113	2026-09-29T09:57:18Z	gpu-bench/a100-sxm4-80gb-krule/p1-E-k16/runs/chang0926-a-n64-s3/cost_contract.json
7473	2026-09-29T09:59:10Z	gpu-bench/a100-sxm4-80gb-krule/p1-E-k16/runs/chang0926-a-n64-s3/data_info.json
687	2026-09-29T09:59:10Z	gpu-bench/a100-sxm4-80gb-krule/p1-E-k16/runs/chang0926-a-n64-s3/i_decay_speed.json
1982	2026-09-29T09:59:10Z	gpu-bench/a100-sxm4-80gb-krule/p1-E-k16/runs/chang0926-a-n64-s3/initialization.json
223	2026-09-29T09:59:10Z	gpu-bench/a100-sxm4-80gb-krule/p1-E-k16/runs/chang0926-a-n64-s3/input_std.json
33	2026-09-29T10:57:51Z	gpu-bench/a100-sxm4-80gb-krule/p1-E-k16/runs/chang0926-a-n64-s3/latest.json
509293	2026-09-29T10:55:38Z	gpu-bench/a100-sxm4-80gb-krule/p1-E-k16/runs/chang0926-a-n64-s3/model_min_ebops.keras
509293	2026-09-29T10:27:28Z	gpu-bench/a100-sxm4-80gb-krule/p1-E-k16/runs/chang0926-a-n64-s3/model_unconstrained.keras
350	2026-09-29T09:59:10Z	gpu-bench/a100-sxm4-80gb-krule/p1-E-k16/runs/chang0926-a-n64-s3/nondegenerate_rule.json
0	2026-09-29T09:57:18Z	gpu-bench/a100-sxm4-80gb-krule/p1-E-k16/runs/chang0926-a-n64-s3/run.lock
1633	2026-09-29T10:58:07Z	gpu-bench/a100-sxm4-80gb-krule/p1-E-k16/runs/chang0926-a-n64-s3/screen_result.json
3038	2026-09-29T09:57:18Z	gpu-bench/a100-sxm4-80gb-krule/p1-E-k16/runs/chang0926-a-n64-s3/source_manifest.json
509293	2026-09-29T10:57:41Z	gpu-bench/a100-sxm4-80gb-krule/p1-E-k16/runs/chang0926-a-n64-s3/validation_candidate.keras
799567	2026-09-29T10:58:07Z	gpu-bench/a100-sxm4-80gb-krule/p1-E-k16/runs/chang0926-a-n64-s3/validation_predictions.npz
12083609	2026-09-29T10:57:59Z	gpu-bench/a100-sxm4-80gb-krule/p1-E-k16/runs/chang0926-a-n64-s4/activation_widths.jsonl
509293	2026-09-29T10:58:00Z	gpu-bench/a100-sxm4-80gb-krule/p1-E-k16/runs/chang0926-a-n64-s4/checkpoints/epoch-0021/model.keras
509293	2026-09-29T10:58:01Z	gpu-bench/a100-sxm4-80gb-krule/p1-E-k16/runs/chang0926-a-n64-s4/checkpoints/epoch-0021/model_min_ebops.keras
509293	2026-09-29T10:58:01Z	gpu-bench/a100-sxm4-80gb-krule/p1-E-k16/runs/chang0926-a-n64-s4/checkpoints/epoch-0021/model_unconstrained.keras
134966	2026-09-29T10:58:00Z	gpu-bench/a100-sxm4-80gb-krule/p1-E-k16/runs/chang0926-a-n64-s4/checkpoints/epoch-0021/optimizer.npz
1325290	2026-09-29T10:58:01Z	gpu-bench/a100-sxm4-80gb-krule/p1-E-k16/runs/chang0926-a-n64-s4/checkpoints/epoch-0021/state.json
3533	2026-09-29T09:59:08Z	gpu-bench/a100-sxm4-80gb-krule/p1-E-k16/runs/chang0926-a-n64-s4/config.json
113	2026-09-29T09:57:33Z	gpu-bench/a100-sxm4-80gb-krule/p1-E-k16/runs/chang0926-a-n64-s4/cost_contract.json
7473	2026-09-29T09:59:08Z	gpu-bench/a100-sxm4-80gb-krule/p1-E-k16/runs/chang0926-a-n64-s4/data_info.json
687	2026-09-29T09:59:08Z	gpu-bench/a100-sxm4-80gb-krule/p1-E-k16/runs/chang0926-a-n64-s4/i_decay_speed.json
1982	2026-09-29T09:59:07Z	gpu-bench/a100-sxm4-80gb-krule/p1-E-k16/runs/chang0926-a-n64-s4/initialization.json
223	2026-09-29T09:59:08Z	gpu-bench/a100-sxm4-80gb-krule/p1-E-k16/runs/chang0926-a-n64-s4/input_std.json
33	2026-09-29T10:58:01Z	gpu-bench/a100-sxm4-80gb-krule/p1-E-k16/runs/chang0926-a-n64-s4/latest.json
509293	2026-09-29T10:55:47Z	gpu-bench/a100-sxm4-80gb-krule/p1-E-k16/runs/chang0926-a-n64-s4/model_min_ebops.keras
509293	2026-09-29T10:27:20Z	gpu-bench/a100-sxm4-80gb-krule/p1-E-k16/runs/chang0926-a-n64-s4/model_unconstrained.keras
350	2026-09-29T09:59:08Z	gpu-bench/a100-sxm4-80gb-krule/p1-E-k16/runs/chang0926-a-n64-s4/nondegenerate_rule.json
0	2026-09-29T09:57:33Z	gpu-bench/a100-sxm4-80gb-krule/p1-E-k16/runs/chang0926-a-n64-s4/run.lock
1632	2026-09-29T10:58:15Z	gpu-bench/a100-sxm4-80gb-krule/p1-E-k16/runs/chang0926-a-n64-s4/screen_result.json
3038	2026-09-29T09:57:33Z	gpu-bench/a100-sxm4-80gb-krule/p1-E-k16/runs/chang0926-a-n64-s4/source_manifest.json
509293	2026-09-29T10:57:52Z	gpu-bench/a100-sxm4-80gb-krule/p1-E-k16/runs/chang0926-a-n64-s4/validation_candidate.keras
825612	2026-09-29T10:58:15Z	gpu-bench/a100-sxm4-80gb-krule/p1-E-k16/runs/chang0926-a-n64-s4/validation_predictions.npz
12115664	2026-09-29T10:59:24Z	gpu-bench/a100-sxm4-80gb-krule/p1-E-k16/runs/chang0926-a-n64-s5/activation_widths.jsonl
509293	2026-09-29T10:59:26Z	gpu-bench/a100-sxm4-80gb-krule/p1-E-k16/runs/chang0926-a-n64-s5/checkpoints/epoch-0021/model.keras
509293	2026-09-29T10:59:26Z	gpu-bench/a100-sxm4-80gb-krule/p1-E-k16/runs/chang0926-a-n64-s5/checkpoints/epoch-0021/model_min_ebops.keras
509293	2026-09-29T10:59:26Z	gpu-bench/a100-sxm4-80gb-krule/p1-E-k16/runs/chang0926-a-n64-s5/checkpoints/epoch-0021/model_unconstrained.keras
134966	2026-09-29T10:59:26Z	gpu-bench/a100-sxm4-80gb-krule/p1-E-k16/runs/chang0926-a-n64-s5/checkpoints/epoch-0021/optimizer.npz
1325155	2026-09-29T10:59:26Z	gpu-bench/a100-sxm4-80gb-krule/p1-E-k16/runs/chang0926-a-n64-s5/checkpoints/epoch-0021/state.json
3533	2026-09-29T10:00:05Z	gpu-bench/a100-sxm4-80gb-krule/p1-E-k16/runs/chang0926-a-n64-s5/config.json
113	2026-09-29T09:57:51Z	gpu-bench/a100-sxm4-80gb-krule/p1-E-k16/runs/chang0926-a-n64-s5/cost_contract.json
7473	2026-09-29T10:00:05Z	gpu-bench/a100-sxm4-80gb-krule/p1-E-k16/runs/chang0926-a-n64-s5/data_info.json
687	2026-09-29T10:00:05Z	gpu-bench/a100-sxm4-80gb-krule/p1-E-k16/runs/chang0926-a-n64-s5/i_decay_speed.json
1982	2026-09-29T10:00:05Z	gpu-bench/a100-sxm4-80gb-krule/p1-E-k16/runs/chang0926-a-n64-s5/initialization.json
223	2026-09-29T10:00:05Z	gpu-bench/a100-sxm4-80gb-krule/p1-E-k16/runs/chang0926-a-n64-s5/input_std.json
33	2026-09-29T10:59:26Z	gpu-bench/a100-sxm4-80gb-krule/p1-E-k16/runs/chang0926-a-n64-s5/latest.json
509293	2026-09-29T10:57:57Z	gpu-bench/a100-sxm4-80gb-krule/p1-E-k16/runs/chang0926-a-n64-s5/model_min_ebops.keras
509293	2026-09-29T10:29:46Z	gpu-bench/a100-sxm4-80gb-krule/p1-E-k16/runs/chang0926-a-n64-s5/model_unconstrained.keras
350	2026-09-29T10:00:06Z	gpu-bench/a100-sxm4-80gb-krule/p1-E-k16/runs/chang0926-a-n64-s5/nondegenerate_rule.json
0	2026-09-29T09:57:50Z	gpu-bench/a100-sxm4-80gb-krule/p1-E-k16/runs/chang0926-a-n64-s5/run.lock
1633	2026-09-29T10:59:39Z	gpu-bench/a100-sxm4-80gb-krule/p1-E-k16/runs/chang0926-a-n64-s5/screen_result.json
3038	2026-09-29T09:57:50Z	gpu-bench/a100-sxm4-80gb-krule/p1-E-k16/runs/chang0926-a-n64-s5/source_manifest.json
509293	2026-09-29T10:59:19Z	gpu-bench/a100-sxm4-80gb-krule/p1-E-k16/runs/chang0926-a-n64-s5/validation_candidate.keras
752966	2026-09-29T10:59:39Z	gpu-bench/a100-sxm4-80gb-krule/p1-E-k16/runs/chang0926-a-n64-s5/validation_predictions.npz
12088765	2026-09-29T10:58:38Z	gpu-bench/a100-sxm4-80gb-krule/p1-E-k16/runs/chang0926-a-n64-s6/activation_widths.jsonl
509293	2026-09-29T10:58:39Z	gpu-bench/a100-sxm4-80gb-krule/p1-E-k16/runs/chang0926-a-n64-s6/checkpoints/epoch-0021/model.keras
509293	2026-09-29T10:58:40Z	gpu-bench/a100-sxm4-80gb-krule/p1-E-k16/runs/chang0926-a-n64-s6/checkpoints/epoch-0021/model_min_ebops.keras
509293	2026-09-29T10:58:40Z	gpu-bench/a100-sxm4-80gb-krule/p1-E-k16/runs/chang0926-a-n64-s6/checkpoints/epoch-0021/model_unconstrained.keras
134966	2026-09-29T10:58:40Z	gpu-bench/a100-sxm4-80gb-krule/p1-E-k16/runs/chang0926-a-n64-s6/checkpoints/epoch-0021/optimizer.npz
1325307	2026-09-29T10:58:40Z	gpu-bench/a100-sxm4-80gb-krule/p1-E-k16/runs/chang0926-a-n64-s6/checkpoints/epoch-0021/state.json
3533	2026-09-29T09:59:50Z	gpu-bench/a100-sxm4-80gb-krule/p1-E-k16/runs/chang0926-a-n64-s6/config.json
113	2026-09-29T09:58:02Z	gpu-bench/a100-sxm4-80gb-krule/p1-E-k16/runs/chang0926-a-n64-s6/cost_contract.json
7473	2026-09-29T09:59:51Z	gpu-bench/a100-sxm4-80gb-krule/p1-E-k16/runs/chang0926-a-n64-s6/data_info.json
687	2026-09-29T09:59:51Z	gpu-bench/a100-sxm4-80gb-krule/p1-E-k16/runs/chang0926-a-n64-s6/i_decay_speed.json
1982	2026-09-29T09:59:50Z	gpu-bench/a100-sxm4-80gb-krule/p1-E-k16/runs/chang0926-a-n64-s6/initialization.json
223	2026-09-29T09:59:51Z	gpu-bench/a100-sxm4-80gb-krule/p1-E-k16/runs/chang0926-a-n64-s6/input_std.json
33	2026-09-29T10:58:40Z	gpu-bench/a100-sxm4-80gb-krule/p1-E-k16/runs/chang0926-a-n64-s6/latest.json
509293	2026-09-29T10:56:44Z	gpu-bench/a100-sxm4-80gb-krule/p1-E-k16/runs/chang0926-a-n64-s6/model_min_ebops.keras
509293	2026-09-29T10:28:33Z	gpu-bench/a100-sxm4-80gb-krule/p1-E-k16/runs/chang0926-a-n64-s6/model_unconstrained.keras
350	2026-09-29T09:59:51Z	gpu-bench/a100-sxm4-80gb-krule/p1-E-k16/runs/chang0926-a-n64-s6/nondegenerate_rule.json
0	2026-09-29T09:58:02Z	gpu-bench/a100-sxm4-80gb-krule/p1-E-k16/runs/chang0926-a-n64-s6/run.lock
1632	2026-09-29T10:58:53Z	gpu-bench/a100-sxm4-80gb-krule/p1-E-k16/runs/chang0926-a-n64-s6/screen_result.json
3038	2026-09-29T09:58:02Z	gpu-bench/a100-sxm4-80gb-krule/p1-E-k16/runs/chang0926-a-n64-s6/source_manifest.json
509293	2026-09-29T10:58:32Z	gpu-bench/a100-sxm4-80gb-krule/p1-E-k16/runs/chang0926-a-n64-s6/validation_candidate.keras
641213	2026-09-29T10:58:53Z	gpu-bench/a100-sxm4-80gb-krule/p1-E-k16/runs/chang0926-a-n64-s6/validation_predictions.npz
11201130	2026-09-29T11:00:01Z	gpu-bench/a100-sxm4-80gb-krule/p1-E-k16/runs/chang0926-a-n64-s7/activation_widths.jsonl
509293	2026-09-29T11:00:02Z	gpu-bench/a100-sxm4-80gb-krule/p1-E-k16/runs/chang0926-a-n64-s7/checkpoints/epoch-0021/model.keras
509293	2026-09-29T11:00:03Z	gpu-bench/a100-sxm4-80gb-krule/p1-E-k16/runs/chang0926-a-n64-s7/checkpoints/epoch-0021/model_min_ebops.keras
509293	2026-09-29T11:00:03Z	gpu-bench/a100-sxm4-80gb-krule/p1-E-k16/runs/chang0926-a-n64-s7/checkpoints/epoch-0021/model_unconstrained.keras
134966	2026-09-29T11:00:03Z	gpu-bench/a100-sxm4-80gb-krule/p1-E-k16/runs/chang0926-a-n64-s7/checkpoints/epoch-0021/optimizer.npz
1325153	2026-09-29T11:00:03Z	gpu-bench/a100-sxm4-80gb-krule/p1-E-k16/runs/chang0926-a-n64-s7/checkpoints/epoch-0021/state.json
3533	2026-09-29T10:00:50Z	gpu-bench/a100-sxm4-80gb-krule/p1-E-k16/runs/chang0926-a-n64-s7/config.json
113	2026-09-29T09:58:19Z	gpu-bench/a100-sxm4-80gb-krule/p1-E-k16/runs/chang0926-a-n64-s7/cost_contract.json
7473	2026-09-29T10:00:50Z	gpu-bench/a100-sxm4-80gb-krule/p1-E-k16/runs/chang0926-a-n64-s7/data_info.json
687	2026-09-29T10:00:50Z	gpu-bench/a100-sxm4-80gb-krule/p1-E-k16/runs/chang0926-a-n64-s7/i_decay_speed.json
1982	2026-09-29T10:00:50Z	gpu-bench/a100-sxm4-80gb-krule/p1-E-k16/runs/chang0926-a-n64-s7/initialization.json
223	2026-09-29T10:00:50Z	gpu-bench/a100-sxm4-80gb-krule/p1-E-k16/runs/chang0926-a-n64-s7/input_std.json
33	2026-09-29T11:00:03Z	gpu-bench/a100-sxm4-80gb-krule/p1-E-k16/runs/chang0926-a-n64-s7/latest.json
509293	2026-09-29T10:58:54Z	gpu-bench/a100-sxm4-80gb-krule/p1-E-k16/runs/chang0926-a-n64-s7/model_min_ebops.keras
509293	2026-09-29T10:31:08Z	gpu-bench/a100-sxm4-80gb-krule/p1-E-k16/runs/chang0926-a-n64-s7/model_unconstrained.keras
350	2026-09-29T10:00:50Z	gpu-bench/a100-sxm4-80gb-krule/p1-E-k16/runs/chang0926-a-n64-s7/nondegenerate_rule.json
0	2026-09-29T09:58:19Z	gpu-bench/a100-sxm4-80gb-krule/p1-E-k16/runs/chang0926-a-n64-s7/run.lock
1631	2026-09-29T11:00:15Z	gpu-bench/a100-sxm4-80gb-krule/p1-E-k16/runs/chang0926-a-n64-s7/screen_result.json
3038	2026-09-29T09:58:19Z	gpu-bench/a100-sxm4-80gb-krule/p1-E-k16/runs/chang0926-a-n64-s7/source_manifest.json
509293	2026-09-29T10:59:57Z	gpu-bench/a100-sxm4-80gb-krule/p1-E-k16/runs/chang0926-a-n64-s7/validation_candidate.keras
803275	2026-09-29T11:00:15Z	gpu-bench/a100-sxm4-80gb-krule/p1-E-k16/runs/chang0926-a-n64-s7/validation_predictions.npz
11988476	2026-09-29T10:59:39Z	gpu-bench/a100-sxm4-80gb-krule/p1-E-k16/runs/chang0926-a-n64-s8/activation_widths.jsonl
509293	2026-09-29T10:59:41Z	gpu-bench/a100-sxm4-80gb-krule/p1-E-k16/runs/chang0926-a-n64-s8/checkpoints/epoch-0021/model.keras
509293	2026-09-29T10:59:41Z	gpu-bench/a100-sxm4-80gb-krule/p1-E-k16/runs/chang0926-a-n64-s8/checkpoints/epoch-0021/model_min_ebops.keras
509293	2026-09-29T10:59:41Z	gpu-bench/a100-sxm4-80gb-krule/p1-E-k16/runs/chang0926-a-n64-s8/checkpoints/epoch-0021/model_unconstrained.keras
134966	2026-09-29T10:59:41Z	gpu-bench/a100-sxm4-80gb-krule/p1-E-k16/runs/chang0926-a-n64-s8/checkpoints/epoch-0021/optimizer.npz
1325349	2026-09-29T10:59:41Z	gpu-bench/a100-sxm4-80gb-krule/p1-E-k16/runs/chang0926-a-n64-s8/checkpoints/epoch-0021/state.json
3533	2026-09-29T10:00:36Z	gpu-bench/a100-sxm4-80gb-krule/p1-E-k16/runs/chang0926-a-n64-s8/config.json
113	2026-09-29T09:58:32Z	gpu-bench/a100-sxm4-80gb-krule/p1-E-k16/runs/chang0926-a-n64-s8/cost_contract.json
7473	2026-09-29T10:00:36Z	gpu-bench/a100-sxm4-80gb-krule/p1-E-k16/runs/chang0926-a-n64-s8/data_info.json
687	2026-09-29T10:00:36Z	gpu-bench/a100-sxm4-80gb-krule/p1-E-k16/runs/chang0926-a-n64-s8/i_decay_speed.json
1982	2026-09-29T10:00:36Z	gpu-bench/a100-sxm4-80gb-krule/p1-E-k16/runs/chang0926-a-n64-s8/initialization.json
223	2026-09-29T10:00:36Z	gpu-bench/a100-sxm4-80gb-krule/p1-E-k16/runs/chang0926-a-n64-s8/input_std.json
33	2026-09-29T10:59:41Z	gpu-bench/a100-sxm4-80gb-krule/p1-E-k16/runs/chang0926-a-n64-s8/latest.json
509293	2026-09-29T10:58:19Z	gpu-bench/a100-sxm4-80gb-krule/p1-E-k16/runs/chang0926-a-n64-s8/model_min_ebops.keras
509293	2026-09-29T10:30:21Z	gpu-bench/a100-sxm4-80gb-krule/p1-E-k16/runs/chang0926-a-n64-s8/model_unconstrained.keras
350	2026-09-29T10:00:36Z	gpu-bench/a100-sxm4-80gb-krule/p1-E-k16/runs/chang0926-a-n64-s8/nondegenerate_rule.json
0	2026-09-29T09:58:32Z	gpu-bench/a100-sxm4-80gb-krule/p1-E-k16/runs/chang0926-a-n64-s8/run.lock
1634	2026-09-29T10:59:53Z	gpu-bench/a100-sxm4-80gb-krule/p1-E-k16/runs/chang0926-a-n64-s8/screen_result.json
3038	2026-09-29T09:58:32Z	gpu-bench/a100-sxm4-80gb-krule/p1-E-k16/runs/chang0926-a-n64-s8/source_manifest.json
509293	2026-09-29T10:59:35Z	gpu-bench/a100-sxm4-80gb-krule/p1-E-k16/runs/chang0926-a-n64-s8/validation_candidate.keras
758751	2026-09-29T10:59:53Z	gpu-bench/a100-sxm4-80gb-krule/p1-E-k16/runs/chang0926-a-n64-s8/validation_predictions.npz
12043232	2026-09-29T11:00:27Z	gpu-bench/a100-sxm4-80gb-krule/p1-E-k16/runs/chang0926-b-n64-s1/activation_widths.jsonl
509293	2026-09-29T11:00:28Z	gpu-bench/a100-sxm4-80gb-krule/p1-E-k16/runs/chang0926-b-n64-s1/checkpoints/epoch-0021/model.keras
509293	2026-09-29T11:00:28Z	gpu-bench/a100-sxm4-80gb-krule/p1-E-k16/runs/chang0926-b-n64-s1/checkpoints/epoch-0021/model_min_ebops.keras
509293	2026-09-29T11:00:28Z	gpu-bench/a100-sxm4-80gb-krule/p1-E-k16/runs/chang0926-b-n64-s1/checkpoints/epoch-0021/model_unconstrained.keras
134966	2026-09-29T11:00:28Z	gpu-bench/a100-sxm4-80gb-krule/p1-E-k16/runs/chang0926-b-n64-s1/checkpoints/epoch-0021/optimizer.npz
1325248	2026-09-29T11:00:28Z	gpu-bench/a100-sxm4-80gb-krule/p1-E-k16/runs/chang0926-b-n64-s1/checkpoints/epoch-0021/state.json
3532	2026-09-29T10:01:12Z	gpu-bench/a100-sxm4-80gb-krule/p1-E-k16/runs/chang0926-b-n64-s1/config.json
113	2026-09-29T09:58:49Z	gpu-bench/a100-sxm4-80gb-krule/p1-E-k16/runs/chang0926-b-n64-s1/cost_contract.json
7473	2026-09-29T10:01:12Z	gpu-bench/a100-sxm4-80gb-krule/p1-E-k16/runs/chang0926-b-n64-s1/data_info.json
687	2026-09-29T10:01:12Z	gpu-bench/a100-sxm4-80gb-krule/p1-E-k16/runs/chang0926-b-n64-s1/i_decay_speed.json
1982	2026-09-29T10:01:12Z	gpu-bench/a100-sxm4-80gb-krule/p1-E-k16/runs/chang0926-b-n64-s1/initialization.json
223	2026-09-29T10:01:12Z	gpu-bench/a100-sxm4-80gb-krule/p1-E-k16/runs/chang0926-b-n64-s1/input_std.json
33	2026-09-29T11:00:29Z	gpu-bench/a100-sxm4-80gb-krule/p1-E-k16/runs/chang0926-b-n64-s1/latest.json
509293	2026-09-29T10:59:31Z	gpu-bench/a100-sxm4-80gb-krule/p1-E-k16/runs/chang0926-b-n64-s1/model_min_ebops.keras
509293	2026-09-29T10:31:40Z	gpu-bench/a100-sxm4-80gb-krule/p1-E-k16/runs/chang0926-b-n64-s1/model_unconstrained.keras
350	2026-09-29T10:01:13Z	gpu-bench/a100-sxm4-80gb-krule/p1-E-k16/runs/chang0926-b-n64-s1/nondegenerate_rule.json
0	2026-09-29T09:58:49Z	gpu-bench/a100-sxm4-80gb-krule/p1-E-k16/runs/chang0926-b-n64-s1/run.lock
1633	2026-09-29T11:00:40Z	gpu-bench/a100-sxm4-80gb-krule/p1-E-k16/runs/chang0926-b-n64-s1/screen_result.json
3038	2026-09-29T09:58:49Z	gpu-bench/a100-sxm4-80gb-krule/p1-E-k16/runs/chang0926-b-n64-s1/source_manifest.json
509293	2026-09-29T11:00:23Z	gpu-bench/a100-sxm4-80gb-krule/p1-E-k16/runs/chang0926-b-n64-s1/validation_candidate.keras
764891	2026-09-29T11:00:40Z	gpu-bench/a100-sxm4-80gb-krule/p1-E-k16/runs/chang0926-b-n64-s1/validation_predictions.npz
12016618	2026-09-29T11:00:08Z	gpu-bench/a100-sxm4-80gb-krule/p1-E-k16/runs/chang0926-b-n64-s2/activation_widths.jsonl
509293	2026-09-29T11:00:09Z	gpu-bench/a100-sxm4-80gb-krule/p1-E-k16/runs/chang0926-b-n64-s2/checkpoints/epoch-0021/model.keras
509293	2026-09-29T11:00:09Z	gpu-bench/a100-sxm4-80gb-krule/p1-E-k16/runs/chang0926-b-n64-s2/checkpoints/epoch-0021/model_min_ebops.keras
509293	2026-09-29T11:00:09Z	gpu-bench/a100-sxm4-80gb-krule/p1-E-k16/runs/chang0926-b-n64-s2/checkpoints/epoch-0021/model_unconstrained.keras
134966	2026-09-29T11:00:09Z	gpu-bench/a100-sxm4-80gb-krule/p1-E-k16/runs/chang0926-b-n64-s2/checkpoints/epoch-0021/optimizer.npz
1325155	2026-09-29T11:00:09Z	gpu-bench/a100-sxm4-80gb-krule/p1-E-k16/runs/chang0926-b-n64-s2/checkpoints/epoch-0021/state.json
3532	2026-09-29T10:01:24Z	gpu-bench/a100-sxm4-80gb-krule/p1-E-k16/runs/chang0926-b-n64-s2/config.json
113	2026-09-29T09:59:03Z	gpu-bench/a100-sxm4-80gb-krule/p1-E-k16/runs/chang0926-b-n64-s2/cost_contract.json
7473	2026-09-29T10:01:25Z	gpu-bench/a100-sxm4-80gb-krule/p1-E-k16/runs/chang0926-b-n64-s2/data_info.json
687	2026-09-29T10:01:25Z	gpu-bench/a100-sxm4-80gb-krule/p1-E-k16/runs/chang0926-b-n64-s2/i_decay_speed.json
1982	2026-09-29T10:01:24Z	gpu-bench/a100-sxm4-80gb-krule/p1-E-k16/runs/chang0926-b-n64-s2/initialization.json
223	2026-09-29T10:01:25Z	gpu-bench/a100-sxm4-80gb-krule/p1-E-k16/runs/chang0926-b-n64-s2/input_std.json
33	2026-09-29T11:00:10Z	gpu-bench/a100-sxm4-80gb-krule/p1-E-k16/runs/chang0926-b-n64-s2/latest.json
509293	2026-09-29T10:59:07Z	gpu-bench/a100-sxm4-80gb-krule/p1-E-k16/runs/chang0926-b-n64-s2/model_min_ebops.keras
509293	2026-09-29T10:31:37Z	gpu-bench/a100-sxm4-80gb-krule/p1-E-k16/runs/chang0926-b-n64-s2/model_unconstrained.keras
350	2026-09-29T10:01:25Z	gpu-bench/a100-sxm4-80gb-krule/p1-E-k16/runs/chang0926-b-n64-s2/nondegenerate_rule.json
0	2026-09-29T09:59:03Z	gpu-bench/a100-sxm4-80gb-krule/p1-E-k16/runs/chang0926-b-n64-s2/run.lock
1633	2026-09-29T11:00:20Z	gpu-bench/a100-sxm4-80gb-krule/p1-E-k16/runs/chang0926-b-n64-s2/screen_result.json
3038	2026-09-29T09:59:03Z	gpu-bench/a100-sxm4-80gb-krule/p1-E-k16/runs/chang0926-b-n64-s2/source_manifest.json
509293	2026-09-29T11:00:05Z	gpu-bench/a100-sxm4-80gb-krule/p1-E-k16/runs/chang0926-b-n64-s2/validation_candidate.keras
776311	2026-09-29T11:00:20Z	gpu-bench/a100-sxm4-80gb-krule/p1-E-k16/runs/chang0926-b-n64-s2/validation_predictions.npz
11796689	2026-09-29T11:00:49Z	gpu-bench/a100-sxm4-80gb-krule/p1-E-k16/runs/chang0926-b-n64-s3/activation_widths.jsonl
509293	2026-09-29T11:00:50Z	gpu-bench/a100-sxm4-80gb-krule/p1-E-k16/runs/chang0926-b-n64-s3/checkpoints/epoch-0021/model.keras
509293	2026-09-29T11:00:50Z	gpu-bench/a100-sxm4-80gb-krule/p1-E-k16/runs/chang0926-b-n64-s3/checkpoints/epoch-0021/model_min_ebops.keras
509293	2026-09-29T11:00:50Z	gpu-bench/a100-sxm4-80gb-krule/p1-E-k16/runs/chang0926-b-n64-s3/checkpoints/epoch-0021/model_unconstrained.keras
134966	2026-09-29T11:00:50Z	gpu-bench/a100-sxm4-80gb-krule/p1-E-k16/runs/chang0926-b-n64-s3/checkpoints/epoch-0021/optimizer.npz
1325153	2026-09-29T11:00:50Z	gpu-bench/a100-sxm4-80gb-krule/p1-E-k16/runs/chang0926-b-n64-s3/checkpoints/epoch-0021/state.json
3532	2026-09-29T10:02:12Z	gpu-bench/a100-sxm4-80gb-krule/p1-E-k16/runs/chang0926-b-n64-s3/config.json
113	2026-09-29T09:59:19Z	gpu-bench/a100-sxm4-80gb-krule/p1-E-k16/runs/chang0926-b-n64-s3/cost_contract.json
7473	2026-09-29T10:02:12Z	gpu-bench/a100-sxm4-80gb-krule/p1-E-k16/runs/chang0926-b-n64-s3/data_info.json
687	2026-09-29T10:02:12Z	gpu-bench/a100-sxm4-80gb-krule/p1-E-k16/runs/chang0926-b-n64-s3/i_decay_speed.json
1982	2026-09-29T10:02:11Z	gpu-bench/a100-sxm4-80gb-krule/p1-E-k16/runs/chang0926-b-n64-s3/initialization.json
223	2026-09-29T10:02:12Z	gpu-bench/a100-sxm4-80gb-krule/p1-E-k16/runs/chang0926-b-n64-s3/input_std.json
33	2026-09-29T11:00:50Z	gpu-bench/a100-sxm4-80gb-krule/p1-E-k16/runs/chang0926-b-n64-s3/latest.json
509293	2026-09-29T11:00:04Z	gpu-bench/a100-sxm4-80gb-krule/p1-E-k16/runs/chang0926-b-n64-s3/model_min_ebops.keras
509293	2026-09-29T10:32:59Z	gpu-bench/a100-sxm4-80gb-krule/p1-E-k16/runs/chang0926-b-n64-s3/model_unconstrained.keras
350	2026-09-29T10:02:12Z	gpu-bench/a100-sxm4-80gb-krule/p1-E-k16/runs/chang0926-b-n64-s3/nondegenerate_rule.json
0	2026-09-29T09:59:19Z	gpu-bench/a100-sxm4-80gb-krule/p1-E-k16/runs/chang0926-b-n64-s3/run.lock
1634	2026-09-29T11:01:00Z	gpu-bench/a100-sxm4-80gb-krule/p1-E-k16/runs/chang0926-b-n64-s3/screen_result.json
3038	2026-09-29T09:59:19Z	gpu-bench/a100-sxm4-80gb-krule/p1-E-k16/runs/chang0926-b-n64-s3/source_manifest.json
509293	2026-09-29T11:00:47Z	gpu-bench/a100-sxm4-80gb-krule/p1-E-k16/runs/chang0926-b-n64-s3/validation_candidate.keras
782579	2026-09-29T11:01:00Z	gpu-bench/a100-sxm4-80gb-krule/p1-E-k16/runs/chang0926-b-n64-s3/validation_predictions.npz
11985823	2026-09-29T11:00:43Z	gpu-bench/a100-sxm4-80gb-krule/p1-E-k16/runs/chang0926-b-n64-s4/activation_widths.jsonl
509293	2026-09-29T11:00:44Z	gpu-bench/a100-sxm4-80gb-krule/p1-E-k16/runs/chang0926-b-n64-s4/checkpoints/epoch-0021/model.keras
509293	2026-09-29T11:00:45Z	gpu-bench/a100-sxm4-80gb-krule/p1-E-k16/runs/chang0926-b-n64-s4/checkpoints/epoch-0021/model_min_ebops.keras
509293	2026-09-29T11:00:45Z	gpu-bench/a100-sxm4-80gb-krule/p1-E-k16/runs/chang0926-b-n64-s4/checkpoints/epoch-0021/model_unconstrained.keras
134966	2026-09-29T11:00:44Z	gpu-bench/a100-sxm4-80gb-krule/p1-E-k16/runs/chang0926-b-n64-s4/checkpoints/epoch-0021/optimizer.npz
1325290	2026-09-29T11:00:45Z	gpu-bench/a100-sxm4-80gb-krule/p1-E-k16/runs/chang0926-b-n64-s4/checkpoints/epoch-0021/state.json
3532	2026-09-29T10:02:13Z	gpu-bench/a100-sxm4-80gb-krule/p1-E-k16/runs/chang0926-b-n64-s4/config.json
113	2026-09-29T09:59:34Z	gpu-bench/a100-sxm4-80gb-krule/p1-E-k16/runs/chang0926-b-n64-s4/cost_contract.json
7473	2026-09-29T10:02:13Z	gpu-bench/a100-sxm4-80gb-krule/p1-E-k16/runs/chang0926-b-n64-s4/data_info.json
687	2026-09-29T10:02:13Z	gpu-bench/a100-sxm4-80gb-krule/p1-E-k16/runs/chang0926-b-n64-s4/i_decay_speed.json
1982	2026-09-29T10:02:13Z	gpu-bench/a100-sxm4-80gb-krule/p1-E-k16/runs/chang0926-b-n64-s4/initialization.json
223	2026-09-29T10:02:13Z	gpu-bench/a100-sxm4-80gb-krule/p1-E-k16/runs/chang0926-b-n64-s4/input_std.json
33	2026-09-29T11:00:45Z	gpu-bench/a100-sxm4-80gb-krule/p1-E-k16/runs/chang0926-b-n64-s4/latest.json
509293	2026-09-29T10:59:53Z	gpu-bench/a100-sxm4-80gb-krule/p1-E-k16/runs/chang0926-b-n64-s4/model_min_ebops.keras
509293	2026-09-29T10:32:50Z	gpu-bench/a100-sxm4-80gb-krule/p1-E-k16/runs/chang0926-b-n64-s4/model_unconstrained.keras
350	2026-09-29T10:02:13Z	gpu-bench/a100-sxm4-80gb-krule/p1-E-k16/runs/chang0926-b-n64-s4/nondegenerate_rule.json
0	2026-09-29T09:59:34Z	gpu-bench/a100-sxm4-80gb-krule/p1-E-k16/runs/chang0926-b-n64-s4/run.lock
1635	2026-09-29T11:00:55Z	gpu-bench/a100-sxm4-80gb-krule/p1-E-k16/runs/chang0926-b-n64-s4/screen_result.json
3038	2026-09-29T09:59:34Z	gpu-bench/a100-sxm4-80gb-krule/p1-E-k16/runs/chang0926-b-n64-s4/source_manifest.json
509293	2026-09-29T11:00:40Z	gpu-bench/a100-sxm4-80gb-krule/p1-E-k16/runs/chang0926-b-n64-s4/validation_candidate.keras
726236	2026-09-29T11:00:55Z	gpu-bench/a100-sxm4-80gb-krule/p1-E-k16/runs/chang0926-b-n64-s4/validation_predictions.npz
11943966	2026-09-29T11:00:50Z	gpu-bench/a100-sxm4-80gb-krule/p1-E-k16/runs/chang0926-b-n64-s5/activation_widths.jsonl
509293	2026-09-29T11:00:51Z	gpu-bench/a100-sxm4-80gb-krule/p1-E-k16/runs/chang0926-b-n64-s5/checkpoints/epoch-0021/model.keras
509293	2026-09-29T11:00:51Z	gpu-bench/a100-sxm4-80gb-krule/p1-E-k16/runs/chang0926-b-n64-s5/checkpoints/epoch-0021/model_min_ebops.keras
509293	2026-09-29T11:00:51Z	gpu-bench/a100-sxm4-80gb-krule/p1-E-k16/runs/chang0926-b-n64-s5/checkpoints/epoch-0021/model_unconstrained.keras
134966	2026-09-29T11:00:51Z	gpu-bench/a100-sxm4-80gb-krule/p1-E-k16/runs/chang0926-b-n64-s5/checkpoints/epoch-0021/optimizer.npz
1325154	2026-09-29T11:00:51Z	gpu-bench/a100-sxm4-80gb-krule/p1-E-k16/runs/chang0926-b-n64-s5/checkpoints/epoch-0021/state.json
3532	2026-09-29T10:02:37Z	gpu-bench/a100-sxm4-80gb-krule/p1-E-k16/runs/chang0926-b-n64-s5/config.json
113	2026-09-29T09:59:51Z	gpu-bench/a100-sxm4-80gb-krule/p1-E-k16/runs/chang0926-b-n64-s5/cost_contract.json
7473	2026-09-29T10:02:37Z	gpu-bench/a100-sxm4-80gb-krule/p1-E-k16/runs/chang0926-b-n64-s5/data_info.json
687	2026-09-29T10:02:38Z	gpu-bench/a100-sxm4-80gb-krule/p1-E-k16/runs/chang0926-b-n64-s5/i_decay_speed.json
1982	2026-09-29T10:02:37Z	gpu-bench/a100-sxm4-80gb-krule/p1-E-k16/runs/chang0926-b-n64-s5/initialization.json
223	2026-09-29T10:02:37Z	gpu-bench/a100-sxm4-80gb-krule/p1-E-k16/runs/chang0926-b-n64-s5/input_std.json
33	2026-09-29T11:00:52Z	gpu-bench/a100-sxm4-80gb-krule/p1-E-k16/runs/chang0926-b-n64-s5/latest.json
509293	2026-09-29T11:00:07Z	gpu-bench/a100-sxm4-80gb-krule/p1-E-k16/runs/chang0926-b-n64-s5/model_min_ebops.keras
509293	2026-09-29T10:33:19Z	gpu-bench/a100-sxm4-80gb-krule/p1-E-k16/runs/chang0926-b-n64-s5/model_unconstrained.keras
350	2026-09-29T10:02:38Z	gpu-bench/a100-sxm4-80gb-krule/p1-E-k16/runs/chang0926-b-n64-s5/nondegenerate_rule.json
0	2026-09-29T09:59:50Z	gpu-bench/a100-sxm4-80gb-krule/p1-E-k16/runs/chang0926-b-n64-s5/run.lock
1634	2026-09-29T11:01:01Z	gpu-bench/a100-sxm4-80gb-krule/p1-E-k16/runs/chang0926-b-n64-s5/screen_result.json
3038	2026-09-29T09:59:51Z	gpu-bench/a100-sxm4-80gb-krule/p1-E-k16/runs/chang0926-b-n64-s5/source_manifest.json
509293	2026-09-29T11:00:48Z	gpu-bench/a100-sxm4-80gb-krule/p1-E-k16/runs/chang0926-b-n64-s5/validation_candidate.keras
748899	2026-09-29T11:01:01Z	gpu-bench/a100-sxm4-80gb-krule/p1-E-k16/runs/chang0926-b-n64-s5/validation_predictions.npz
12044443	2026-09-29T11:01:07Z	gpu-bench/a100-sxm4-80gb-krule/p1-E-k16/runs/chang0926-b-n64-s6/activation_widths.jsonl
509293	2026-09-29T11:01:08Z	gpu-bench/a100-sxm4-80gb-krule/p1-E-k16/runs/chang0926-b-n64-s6/checkpoints/epoch-0021/model.keras
509293	2026-09-29T11:01:08Z	gpu-bench/a100-sxm4-80gb-krule/p1-E-k16/runs/chang0926-b-n64-s6/checkpoints/epoch-0021/model_min_ebops.keras
509293	2026-09-29T11:01:08Z	gpu-bench/a100-sxm4-80gb-krule/p1-E-k16/runs/chang0926-b-n64-s6/checkpoints/epoch-0021/model_unconstrained.keras
134966	2026-09-29T11:01:08Z	gpu-bench/a100-sxm4-80gb-krule/p1-E-k16/runs/chang0926-b-n64-s6/checkpoints/epoch-0021/optimizer.npz
1325311	2026-09-29T11:01:08Z	gpu-bench/a100-sxm4-80gb-krule/p1-E-k16/runs/chang0926-b-n64-s6/checkpoints/epoch-0021/state.json
3532	2026-09-29T10:03:11Z	gpu-bench/a100-sxm4-80gb-krule/p1-E-k16/runs/chang0926-b-n64-s6/config.json
113	2026-09-29T10:00:05Z	gpu-bench/a100-sxm4-80gb-krule/p1-E-k16/runs/chang0926-b-n64-s6/cost_contract.json
7473	2026-09-29T10:03:11Z	gpu-bench/a100-sxm4-80gb-krule/p1-E-k16/runs/chang0926-b-n64-s6/data_info.json
687	2026-09-29T10:03:11Z	gpu-bench/a100-sxm4-80gb-krule/p1-E-k16/runs/chang0926-b-n64-s6/i_decay_speed.json
1982	2026-09-29T10:03:11Z	gpu-bench/a100-sxm4-80gb-krule/p1-E-k16/runs/chang0926-b-n64-s6/initialization.json
223	2026-09-29T10:03:11Z	gpu-bench/a100-sxm4-80gb-krule/p1-E-k16/runs/chang0926-b-n64-s6/input_std.json
33	2026-09-29T11:01:08Z	gpu-bench/a100-sxm4-80gb-krule/p1-E-k16/runs/chang0926-b-n64-s6/latest.json
509293	2026-09-29T11:00:48Z	gpu-bench/a100-sxm4-80gb-krule/p1-E-k16/runs/chang0926-b-n64-s6/model_min_ebops.keras
509293	2026-09-29T10:34:24Z	gpu-bench/a100-sxm4-80gb-krule/p1-E-k16/runs/chang0926-b-n64-s6/model_unconstrained.keras
350	2026-09-29T10:03:12Z	gpu-bench/a100-sxm4-80gb-krule/p1-E-k16/runs/chang0926-b-n64-s6/nondegenerate_rule.json
0	2026-09-29T10:00:05Z	gpu-bench/a100-sxm4-80gb-krule/p1-E-k16/runs/chang0926-b-n64-s6/run.lock
1635	2026-09-29T11:01:19Z	gpu-bench/a100-sxm4-80gb-krule/p1-E-k16/runs/chang0926-b-n64-s6/screen_result.json
3038	2026-09-29T10:00:05Z	gpu-bench/a100-sxm4-80gb-krule/p1-E-k16/runs/chang0926-b-n64-s6/source_manifest.json
509293	2026-09-29T11:01:04Z	gpu-bench/a100-sxm4-80gb-krule/p1-E-k16/runs/chang0926-b-n64-s6/validation_candidate.keras
776264	2026-09-29T11:01:19Z	gpu-bench/a100-sxm4-80gb-krule/p1-E-k16/runs/chang0926-b-n64-s6/validation_predictions.npz
11194461	2026-09-29T11:01:25Z	gpu-bench/a100-sxm4-80gb-krule/p1-E-k16/runs/chang0926-b-n64-s7/activation_widths.jsonl
509293	2026-09-29T11:01:26Z	gpu-bench/a100-sxm4-80gb-krule/p1-E-k16/runs/chang0926-b-n64-s7/checkpoints/epoch-0021/model.keras
509293	2026-09-29T11:01:27Z	gpu-bench/a100-sxm4-80gb-krule/p1-E-k16/runs/chang0926-b-n64-s7/checkpoints/epoch-0021/model_min_ebops.keras
509293	2026-09-29T11:01:27Z	gpu-bench/a100-sxm4-80gb-krule/p1-E-k16/runs/chang0926-b-n64-s7/checkpoints/epoch-0021/model_unconstrained.keras
134966	2026-09-29T11:01:26Z	gpu-bench/a100-sxm4-80gb-krule/p1-E-k16/runs/chang0926-b-n64-s7/checkpoints/epoch-0021/optimizer.npz
1325155	2026-09-29T11:01:26Z	gpu-bench/a100-sxm4-80gb-krule/p1-E-k16/runs/chang0926-b-n64-s7/checkpoints/epoch-0021/state.json
3532	2026-09-29T10:03:51Z	gpu-bench/a100-sxm4-80gb-krule/p1-E-k16/runs/chang0926-b-n64-s7/config.json
113	2026-09-29T10:00:20Z	gpu-bench/a100-sxm4-80gb-krule/p1-E-k16/runs/chang0926-b-n64-s7/cost_contract.json
7473	2026-09-29T10:03:52Z	gpu-bench/a100-sxm4-80gb-krule/p1-E-k16/runs/chang0926-b-n64-s7/data_info.json
687	2026-09-29T10:03:52Z	gpu-bench/a100-sxm4-80gb-krule/p1-E-k16/runs/chang0926-b-n64-s7/i_decay_speed.json
1982	2026-09-29T10:03:51Z	gpu-bench/a100-sxm4-80gb-krule/p1-E-k16/runs/chang0926-b-n64-s7/initialization.json
223	2026-09-29T10:03:52Z	gpu-bench/a100-sxm4-80gb-krule/p1-E-k16/runs/chang0926-b-n64-s7/input_std.json
33	2026-09-29T11:01:27Z	gpu-bench/a100-sxm4-80gb-krule/p1-E-k16/runs/chang0926-b-n64-s7/latest.json
509293	2026-09-29T11:01:00Z	gpu-bench/a100-sxm4-80gb-krule/p1-E-k16/runs/chang0926-b-n64-s7/model_min_ebops.keras
509293	2026-09-29T10:35:21Z	gpu-bench/a100-sxm4-80gb-krule/p1-E-k16/runs/chang0926-b-n64-s7/model_unconstrained.keras
350	2026-09-29T10:03:52Z	gpu-bench/a100-sxm4-80gb-krule/p1-E-k16/runs/chang0926-b-n64-s7/nondegenerate_rule.json
0	2026-09-29T10:00:20Z	gpu-bench/a100-sxm4-80gb-krule/p1-E-k16/runs/chang0926-b-n64-s7/run.lock
1633	2026-09-29T11:01:36Z	gpu-bench/a100-sxm4-80gb-krule/p1-E-k16/runs/chang0926-b-n64-s7/screen_result.json
3038	2026-09-29T10:00:20Z	gpu-bench/a100-sxm4-80gb-krule/p1-E-k16/runs/chang0926-b-n64-s7/source_manifest.json
509293	2026-09-29T11:01:24Z	gpu-bench/a100-sxm4-80gb-krule/p1-E-k16/runs/chang0926-b-n64-s7/validation_candidate.keras
824514	2026-09-29T11:01:36Z	gpu-bench/a100-sxm4-80gb-krule/p1-E-k16/runs/chang0926-b-n64-s7/validation_predictions.npz
12094925	2026-09-29T11:01:26Z	gpu-bench/a100-sxm4-80gb-krule/p1-E-k16/runs/chang0926-b-n64-s8/activation_widths.jsonl
509293	2026-09-29T11:01:27Z	gpu-bench/a100-sxm4-80gb-krule/p1-E-k16/runs/chang0926-b-n64-s8/checkpoints/epoch-0021/model.keras
509293	2026-09-29T11:01:27Z	gpu-bench/a100-sxm4-80gb-krule/p1-E-k16/runs/chang0926-b-n64-s8/checkpoints/epoch-0021/model_min_ebops.keras
509293	2026-09-29T11:01:27Z	gpu-bench/a100-sxm4-80gb-krule/p1-E-k16/runs/chang0926-b-n64-s8/checkpoints/epoch-0021/model_unconstrained.keras
134966	2026-09-29T11:01:27Z	gpu-bench/a100-sxm4-80gb-krule/p1-E-k16/runs/chang0926-b-n64-s8/checkpoints/epoch-0021/optimizer.npz
1325352	2026-09-29T11:01:27Z	gpu-bench/a100-sxm4-80gb-krule/p1-E-k16/runs/chang0926-b-n64-s8/checkpoints/epoch-0021/state.json
3532	2026-09-29T10:03:47Z	gpu-bench/a100-sxm4-80gb-krule/p1-E-k16/runs/chang0926-b-n64-s8/config.json
113	2026-09-29T10:00:34Z	gpu-bench/a100-sxm4-80gb-krule/p1-E-k16/runs/chang0926-b-n64-s8/cost_contract.json
7473	2026-09-29T10:03:47Z	gpu-bench/a100-sxm4-80gb-krule/p1-E-k16/runs/chang0926-b-n64-s8/data_info.json
687	2026-09-29T10:03:48Z	gpu-bench/a100-sxm4-80gb-krule/p1-E-k16/runs/chang0926-b-n64-s8/i_decay_speed.json
1982	2026-09-29T10:03:47Z	gpu-bench/a100-sxm4-80gb-krule/p1-E-k16/runs/chang0926-b-n64-s8/initialization.json
223	2026-09-29T10:03:47Z	gpu-bench/a100-sxm4-80gb-krule/p1-E-k16/runs/chang0926-b-n64-s8/input_std.json
33	2026-09-29T11:01:27Z	gpu-bench/a100-sxm4-80gb-krule/p1-E-k16/runs/chang0926-b-n64-s8/latest.json
509293	2026-09-29T11:01:00Z	gpu-bench/a100-sxm4-80gb-krule/p1-E-k16/runs/chang0926-b-n64-s8/model_min_ebops.keras
509293	2026-09-29T10:35:06Z	gpu-bench/a100-sxm4-80gb-krule/p1-E-k16/runs/chang0926-b-n64-s8/model_unconstrained.keras
350	2026-09-29T10:03:48Z	gpu-bench/a100-sxm4-80gb-krule/p1-E-k16/runs/chang0926-b-n64-s8/nondegenerate_rule.json
0	2026-09-29T10:00:34Z	gpu-bench/a100-sxm4-80gb-krule/p1-E-k16/runs/chang0926-b-n64-s8/run.lock
1635	2026-09-29T11:01:37Z	gpu-bench/a100-sxm4-80gb-krule/p1-E-k16/runs/chang0926-b-n64-s8/screen_result.json
3038	2026-09-29T10:00:34Z	gpu-bench/a100-sxm4-80gb-krule/p1-E-k16/runs/chang0926-b-n64-s8/source_manifest.json
509293	2026-09-29T11:01:24Z	gpu-bench/a100-sxm4-80gb-krule/p1-E-k16/runs/chang0926-b-n64-s8/validation_candidate.keras
768208	2026-09-29T11:01:37Z	gpu-bench/a100-sxm4-80gb-krule/p1-E-k16/runs/chang0926-b-n64-s8/validation_predictions.npz
7512	2026-09-29T11:51:05Z	gpu-bench/a100-sxm4-80gb-krule/p2-A07-k8/logs/chang0926-c-n64-s1.log
7511	2026-09-29T11:52:44Z	gpu-bench/a100-sxm4-80gb-krule/p2-A07-k8/logs/chang0926-c-n64-s2.log
7513	2026-09-29T11:54:19Z	gpu-bench/a100-sxm4-80gb-krule/p2-A07-k8/logs/chang0926-c-n64-s3.log
7514	2026-09-29T11:54:00Z	gpu-bench/a100-sxm4-80gb-krule/p2-A07-k8/logs/chang0926-c-n64-s4.log
7517	2026-09-29T11:54:39Z	gpu-bench/a100-sxm4-80gb-krule/p2-A07-k8/logs/chang0926-c-n64-s5.log
7515	2026-09-29T11:54:28Z	gpu-bench/a100-sxm4-80gb-krule/p2-A07-k8/logs/chang0926-c-n64-s6.log
7489	2026-09-29T11:54:38Z	gpu-bench/a100-sxm4-80gb-krule/p2-A07-k8/logs/chang0926-c-n64-s7.log
7513	2026-09-29T11:54:12Z	gpu-bench/a100-sxm4-80gb-krule/p2-A07-k8/logs/chang0926-c-n64-s8.log
3703	2026-09-29T11:54:48Z	gpu-bench/a100-sxm4-80gb-krule/p2-A07-k8/phase_result.json
23344600	2026-09-29T11:50:50Z	gpu-bench/a100-sxm4-80gb-krule/p2-A07-k8/runs/chang0926-c-n64-s1/activation_widths.jsonl
718266	2026-09-29T11:50:52Z	gpu-bench/a100-sxm4-80gb-krule/p2-A07-k8/runs/chang0926-c-n64-s1/checkpoints/epoch-0021/model.keras
718266	2026-09-29T11:50:52Z	gpu-bench/a100-sxm4-80gb-krule/p2-A07-k8/runs/chang0926-c-n64-s1/checkpoints/epoch-0021/model_best.keras
718266	2026-09-29T11:50:52Z	gpu-bench/a100-sxm4-80gb-krule/p2-A07-k8/runs/chang0926-c-n64-s1/checkpoints/epoch-0021/model_best_auc_feasible.keras
718266	2026-09-29T11:50:52Z	gpu-bench/a100-sxm4-80gb-krule/p2-A07-k8/runs/chang0926-c-n64-s1/checkpoints/epoch-0021/model_min_ebops.keras
718266	2026-09-29T11:50:52Z	gpu-bench/a100-sxm4-80gb-krule/p2-A07-k8/runs/chang0926-c-n64-s1/checkpoints/epoch-0021/model_unconstrained.keras
244818	2026-09-29T11:50:52Z	gpu-bench/a100-sxm4-80gb-krule/p2-A07-k8/runs/chang0926-c-n64-s1/checkpoints/epoch-0021/optimizer.npz
2612681	2026-09-29T11:50:52Z	gpu-bench/a100-sxm4-80gb-krule/p2-A07-k8/runs/chang0926-c-n64-s1/checkpoints/epoch-0021/state.json
3484	2026-09-29T11:03:29Z	gpu-bench/a100-sxm4-80gb-krule/p2-A07-k8/runs/chang0926-c-n64-s1/config.json
114	2026-09-29T11:01:51Z	gpu-bench/a100-sxm4-80gb-krule/p2-A07-k8/runs/chang0926-c-n64-s1/cost_contract.json
7473	2026-09-29T11:03:29Z	gpu-bench/a100-sxm4-80gb-krule/p2-A07-k8/runs/chang0926-c-n64-s1/data_info.json
687	2026-09-29T11:03:29Z	gpu-bench/a100-sxm4-80gb-krule/p2-A07-k8/runs/chang0926-c-n64-s1/i_decay_speed.json
2100	2026-09-29T11:03:29Z	gpu-bench/a100-sxm4-80gb-krule/p2-A07-k8/runs/chang0926-c-n64-s1/initialization.json
223	2026-09-29T11:03:29Z	gpu-bench/a100-sxm4-80gb-krule/p2-A07-k8/runs/chang0926-c-n64-s1/input_std.json
33	2026-09-29T11:50:53Z	gpu-bench/a100-sxm4-80gb-krule/p2-A07-k8/runs/chang0926-c-n64-s1/latest.json
718266	2026-09-29T11:48:43Z	gpu-bench/a100-sxm4-80gb-krule/p2-A07-k8/runs/chang0926-c-n64-s1/model_best.keras
718266	2026-09-29T11:48:43Z	gpu-bench/a100-sxm4-80gb-krule/p2-A07-k8/runs/chang0926-c-n64-s1/model_best_auc_feasible.keras
718266	2026-09-29T11:48:43Z	gpu-bench/a100-sxm4-80gb-krule/p2-A07-k8/runs/chang0926-c-n64-s1/model_min_ebops.keras
718266	2026-09-29T11:48:43Z	gpu-bench/a100-sxm4-80gb-krule/p2-A07-k8/runs/chang0926-c-n64-s1/model_unconstrained.keras
350	2026-09-29T11:03:29Z	gpu-bench/a100-sxm4-80gb-krule/p2-A07-k8/runs/chang0926-c-n64-s1/nondegenerate_rule.json
0	2026-09-29T11:01:51Z	gpu-bench/a100-sxm4-80gb-krule/p2-A07-k8/runs/chang0926-c-n64-s1/run.lock
1632	2026-09-29T11:51:04Z	gpu-bench/a100-sxm4-80gb-krule/p2-A07-k8/runs/chang0926-c-n64-s1/screen_result.json
3038	2026-09-29T11:01:51Z	gpu-bench/a100-sxm4-80gb-krule/p2-A07-k8/runs/chang0926-c-n64-s1/source_manifest.json
718266	2026-09-29T11:50:45Z	gpu-bench/a100-sxm4-80gb-krule/p2-A07-k8/runs/chang0926-c-n64-s1/validation_candidate.keras
910720	2026-09-29T11:51:04Z	gpu-bench/a100-sxm4-80gb-krule/p2-A07-k8/runs/chang0926-c-n64-s1/validation_predictions.npz
23066346	2026-09-29T11:52:30Z	gpu-bench/a100-sxm4-80gb-krule/p2-A07-k8/runs/chang0926-c-n64-s2/activation_widths.jsonl
718266	2026-09-29T11:52:31Z	gpu-bench/a100-sxm4-80gb-krule/p2-A07-k8/runs/chang0926-c-n64-s2/checkpoints/epoch-0021/model.keras
718266	2026-09-29T11:52:31Z	gpu-bench/a100-sxm4-80gb-krule/p2-A07-k8/runs/chang0926-c-n64-s2/checkpoints/epoch-0021/model_best.keras
718266	2026-09-29T11:52:32Z	gpu-bench/a100-sxm4-80gb-krule/p2-A07-k8/runs/chang0926-c-n64-s2/checkpoints/epoch-0021/model_best_auc_feasible.keras
718266	2026-09-29T11:52:31Z	gpu-bench/a100-sxm4-80gb-krule/p2-A07-k8/runs/chang0926-c-n64-s2/checkpoints/epoch-0021/model_min_ebops.keras
718266	2026-09-29T11:52:32Z	gpu-bench/a100-sxm4-80gb-krule/p2-A07-k8/runs/chang0926-c-n64-s2/checkpoints/epoch-0021/model_unconstrained.keras
244818	2026-09-29T11:52:31Z	gpu-bench/a100-sxm4-80gb-krule/p2-A07-k8/runs/chang0926-c-n64-s2/checkpoints/epoch-0021/optimizer.npz
2612780	2026-09-29T11:52:31Z	gpu-bench/a100-sxm4-80gb-krule/p2-A07-k8/runs/chang0926-c-n64-s2/checkpoints/epoch-0021/state.json
3484	2026-09-29T11:04:01Z	gpu-bench/a100-sxm4-80gb-krule/p2-A07-k8/runs/chang0926-c-n64-s2/config.json
114	2026-09-29T11:02:06Z	gpu-bench/a100-sxm4-80gb-krule/p2-A07-k8/runs/chang0926-c-n64-s2/cost_contract.json
7473	2026-09-29T11:04:01Z	gpu-bench/a100-sxm4-80gb-krule/p2-A07-k8/runs/chang0926-c-n64-s2/data_info.json
687	2026-09-29T11:04:01Z	gpu-bench/a100-sxm4-80gb-krule/p2-A07-k8/runs/chang0926-c-n64-s2/i_decay_speed.json
2100	2026-09-29T11:04:01Z	gpu-bench/a100-sxm4-80gb-krule/p2-A07-k8/runs/chang0926-c-n64-s2/initialization.json
223	2026-09-29T11:04:01Z	gpu-bench/a100-sxm4-80gb-krule/p2-A07-k8/runs/chang0926-c-n64-s2/input_std.json
33	2026-09-29T11:52:32Z	gpu-bench/a100-sxm4-80gb-krule/p2-A07-k8/runs/chang0926-c-n64-s2/latest.json
718266	2026-09-29T11:51:32Z	gpu-bench/a100-sxm4-80gb-krule/p2-A07-k8/runs/chang0926-c-n64-s2/model_best.keras
718266	2026-09-29T11:51:32Z	gpu-bench/a100-sxm4-80gb-krule/p2-A07-k8/runs/chang0926-c-n64-s2/model_best_auc_feasible.keras
718266	2026-09-29T11:51:32Z	gpu-bench/a100-sxm4-80gb-krule/p2-A07-k8/runs/chang0926-c-n64-s2/model_min_ebops.keras
718266	2026-09-29T11:51:32Z	gpu-bench/a100-sxm4-80gb-krule/p2-A07-k8/runs/chang0926-c-n64-s2/model_unconstrained.keras
350	2026-09-29T11:04:01Z	gpu-bench/a100-sxm4-80gb-krule/p2-A07-k8/runs/chang0926-c-n64-s2/nondegenerate_rule.json
0	2026-09-29T11:02:05Z	gpu-bench/a100-sxm4-80gb-krule/p2-A07-k8/runs/chang0926-c-n64-s2/run.lock
1631	2026-09-29T11:52:44Z	gpu-bench/a100-sxm4-80gb-krule/p2-A07-k8/runs/chang0926-c-n64-s2/screen_result.json
3038	2026-09-29T11:02:05Z	gpu-bench/a100-sxm4-80gb-krule/p2-A07-k8/runs/chang0926-c-n64-s2/source_manifest.json
718266	2026-09-29T11:52:27Z	gpu-bench/a100-sxm4-80gb-krule/p2-A07-k8/runs/chang0926-c-n64-s2/validation_candidate.keras
878940	2026-09-29T11:52:44Z	gpu-bench/a100-sxm4-80gb-krule/p2-A07-k8/runs/chang0926-c-n64-s2/validation_predictions.npz
23890787	2026-09-29T11:54:05Z	gpu-bench/a100-sxm4-80gb-krule/p2-A07-k8/runs/chang0926-c-n64-s3/activation_widths.jsonl
718266	2026-09-29T11:54:07Z	gpu-bench/a100-sxm4-80gb-krule/p2-A07-k8/runs/chang0926-c-n64-s3/checkpoints/epoch-0021/model.keras
718266	2026-09-29T11:54:07Z	gpu-bench/a100-sxm4-80gb-krule/p2-A07-k8/runs/chang0926-c-n64-s3/checkpoints/epoch-0021/model_best.keras
718266	2026-09-29T11:54:08Z	gpu-bench/a100-sxm4-80gb-krule/p2-A07-k8/runs/chang0926-c-n64-s3/checkpoints/epoch-0021/model_best_auc_feasible.keras
718266	2026-09-29T11:54:07Z	gpu-bench/a100-sxm4-80gb-krule/p2-A07-k8/runs/chang0926-c-n64-s3/checkpoints/epoch-0021/model_min_ebops.keras
718266	2026-09-29T11:54:08Z	gpu-bench/a100-sxm4-80gb-krule/p2-A07-k8/runs/chang0926-c-n64-s3/checkpoints/epoch-0021/model_unconstrained.keras
244818	2026-09-29T11:54:07Z	gpu-bench/a100-sxm4-80gb-krule/p2-A07-k8/runs/chang0926-c-n64-s3/checkpoints/epoch-0021/optimizer.npz
2612643	2026-09-29T11:54:07Z	gpu-bench/a100-sxm4-80gb-krule/p2-A07-k8/runs/chang0926-c-n64-s3/checkpoints/epoch-0021/state.json
3484	2026-09-29T11:04:23Z	gpu-bench/a100-sxm4-80gb-krule/p2-A07-k8/runs/chang0926-c-n64-s3/config.json
114	2026-09-29T11:02:20Z	gpu-bench/a100-sxm4-80gb-krule/p2-A07-k8/runs/chang0926-c-n64-s3/cost_contract.json
7473	2026-09-29T11:04:23Z	gpu-bench/a100-sxm4-80gb-krule/p2-A07-k8/runs/chang0926-c-n64-s3/data_info.json
687	2026-09-29T11:04:24Z	gpu-bench/a100-sxm4-80gb-krule/p2-A07-k8/runs/chang0926-c-n64-s3/i_decay_speed.json
2100	2026-09-29T11:04:23Z	gpu-bench/a100-sxm4-80gb-krule/p2-A07-k8/runs/chang0926-c-n64-s3/initialization.json
223	2026-09-29T11:04:24Z	gpu-bench/a100-sxm4-80gb-krule/p2-A07-k8/runs/chang0926-c-n64-s3/input_std.json
33	2026-09-29T11:54:08Z	gpu-bench/a100-sxm4-80gb-krule/p2-A07-k8/runs/chang0926-c-n64-s3/latest.json
718266	2026-09-29T11:52:39Z	gpu-bench/a100-sxm4-80gb-krule/p2-A07-k8/runs/chang0926-c-n64-s3/model_best.keras
718266	2026-09-29T11:52:39Z	gpu-bench/a100-sxm4-80gb-krule/p2-A07-k8/runs/chang0926-c-n64-s3/model_best_auc_feasible.keras
718266	2026-09-29T11:52:39Z	gpu-bench/a100-sxm4-80gb-krule/p2-A07-k8/runs/chang0926-c-n64-s3/model_min_ebops.keras
718266	2026-09-29T11:52:39Z	gpu-bench/a100-sxm4-80gb-krule/p2-A07-k8/runs/chang0926-c-n64-s3/model_unconstrained.keras
350	2026-09-29T11:04:24Z	gpu-bench/a100-sxm4-80gb-krule/p2-A07-k8/runs/chang0926-c-n64-s3/nondegenerate_rule.json
0	2026-09-29T11:02:20Z	gpu-bench/a100-sxm4-80gb-krule/p2-A07-k8/runs/chang0926-c-n64-s3/run.lock
1631	2026-09-29T11:54:19Z	gpu-bench/a100-sxm4-80gb-krule/p2-A07-k8/runs/chang0926-c-n64-s3/screen_result.json
3038	2026-09-29T11:02:20Z	gpu-bench/a100-sxm4-80gb-krule/p2-A07-k8/runs/chang0926-c-n64-s3/source_manifest.json
718266	2026-09-29T11:54:02Z	gpu-bench/a100-sxm4-80gb-krule/p2-A07-k8/runs/chang0926-c-n64-s3/validation_candidate.keras
854046	2026-09-29T11:54:19Z	gpu-bench/a100-sxm4-80gb-krule/p2-A07-k8/runs/chang0926-c-n64-s3/validation_predictions.npz
22643064	2026-09-29T11:53:45Z	gpu-bench/a100-sxm4-80gb-krule/p2-A07-k8/runs/chang0926-c-n64-s4/activation_widths.jsonl
718266	2026-09-29T11:53:47Z	gpu-bench/a100-sxm4-80gb-krule/p2-A07-k8/runs/chang0926-c-n64-s4/checkpoints/epoch-0021/model.keras
718266	2026-09-29T11:53:48Z	gpu-bench/a100-sxm4-80gb-krule/p2-A07-k8/runs/chang0926-c-n64-s4/checkpoints/epoch-0021/model_best.keras
718266	2026-09-29T11:53:48Z	gpu-bench/a100-sxm4-80gb-krule/p2-A07-k8/runs/chang0926-c-n64-s4/checkpoints/epoch-0021/model_best_auc_feasible.keras
718266	2026-09-29T11:53:48Z	gpu-bench/a100-sxm4-80gb-krule/p2-A07-k8/runs/chang0926-c-n64-s4/checkpoints/epoch-0021/model_min_ebops.keras
718266	2026-09-29T11:53:48Z	gpu-bench/a100-sxm4-80gb-krule/p2-A07-k8/runs/chang0926-c-n64-s4/checkpoints/epoch-0021/model_unconstrained.keras
244818	2026-09-29T11:53:47Z	gpu-bench/a100-sxm4-80gb-krule/p2-A07-k8/runs/chang0926-c-n64-s4/checkpoints/epoch-0021/optimizer.npz
2612619	2026-09-29T11:53:47Z	gpu-bench/a100-sxm4-80gb-krule/p2-A07-k8/runs/chang0926-c-n64-s4/checkpoints/epoch-0021/state.json
3484	2026-09-29T11:04:40Z	gpu-bench/a100-sxm4-80gb-krule/p2-A07-k8/runs/chang0926-c-n64-s4/config.json
114	2026-09-29T11:02:37Z	gpu-bench/a100-sxm4-80gb-krule/p2-A07-k8/runs/chang0926-c-n64-s4/cost_contract.json
7473	2026-09-29T11:04:40Z	gpu-bench/a100-sxm4-80gb-krule/p2-A07-k8/runs/chang0926-c-n64-s4/data_info.json
687	2026-09-29T11:04:40Z	gpu-bench/a100-sxm4-80gb-krule/p2-A07-k8/runs/chang0926-c-n64-s4/i_decay_speed.json
2100	2026-09-29T11:04:40Z	gpu-bench/a100-sxm4-80gb-krule/p2-A07-k8/runs/chang0926-c-n64-s4/initialization.json
223	2026-09-29T11:04:40Z	gpu-bench/a100-sxm4-80gb-krule/p2-A07-k8/runs/chang0926-c-n64-s4/input_std.json
33	2026-09-29T11:53:48Z	gpu-bench/a100-sxm4-80gb-krule/p2-A07-k8/runs/chang0926-c-n64-s4/latest.json
718266	2026-09-29T11:52:29Z	gpu-bench/a100-sxm4-80gb-krule/p2-A07-k8/runs/chang0926-c-n64-s4/model_best.keras
718266	2026-09-29T11:52:29Z	gpu-bench/a100-sxm4-80gb-krule/p2-A07-k8/runs/chang0926-c-n64-s4/model_best_auc_feasible.keras
718266	2026-09-29T11:52:29Z	gpu-bench/a100-sxm4-80gb-krule/p2-A07-k8/runs/chang0926-c-n64-s4/model_min_ebops.keras
718266	2026-09-29T11:52:29Z	gpu-bench/a100-sxm4-80gb-krule/p2-A07-k8/runs/chang0926-c-n64-s4/model_unconstrained.keras
350	2026-09-29T11:04:40Z	gpu-bench/a100-sxm4-80gb-krule/p2-A07-k8/runs/chang0926-c-n64-s4/nondegenerate_rule.json
0	2026-09-29T11:02:37Z	gpu-bench/a100-sxm4-80gb-krule/p2-A07-k8/runs/chang0926-c-n64-s4/run.lock
1633	2026-09-29T11:54:00Z	gpu-bench/a100-sxm4-80gb-krule/p2-A07-k8/runs/chang0926-c-n64-s4/screen_result.json
3038	2026-09-29T11:02:37Z	gpu-bench/a100-sxm4-80gb-krule/p2-A07-k8/runs/chang0926-c-n64-s4/source_manifest.json
718266	2026-09-29T11:53:41Z	gpu-bench/a100-sxm4-80gb-krule/p2-A07-k8/runs/chang0926-c-n64-s4/validation_candidate.keras
862457	2026-09-29T11:54:00Z	gpu-bench/a100-sxm4-80gb-krule/p2-A07-k8/runs/chang0926-c-n64-s4/validation_predictions.npz
23384228	2026-09-29T11:54:28Z	gpu-bench/a100-sxm4-80gb-krule/p2-A07-k8/runs/chang0926-c-n64-s5/activation_widths.jsonl
718266	2026-09-29T11:54:29Z	gpu-bench/a100-sxm4-80gb-krule/p2-A07-k8/runs/chang0926-c-n64-s5/checkpoints/epoch-0021/model.keras
718266	2026-09-29T11:54:29Z	gpu-bench/a100-sxm4-80gb-krule/p2-A07-k8/runs/chang0926-c-n64-s5/checkpoints/epoch-0021/model_best.keras
718266	2026-09-29T11:54:29Z	gpu-bench/a100-sxm4-80gb-krule/p2-A07-k8/runs/chang0926-c-n64-s5/checkpoints/epoch-0021/model_best_auc_feasible.keras
718266	2026-09-29T11:54:29Z	gpu-bench/a100-sxm4-80gb-krule/p2-A07-k8/runs/chang0926-c-n64-s5/checkpoints/epoch-0021/model_min_ebops.keras
718266	2026-09-29T11:54:29Z	gpu-bench/a100-sxm4-80gb-krule/p2-A07-k8/runs/chang0926-c-n64-s5/checkpoints/epoch-0021/model_unconstrained.keras
244818	2026-09-29T11:54:29Z	gpu-bench/a100-sxm4-80gb-krule/p2-A07-k8/runs/chang0926-c-n64-s5/checkpoints/epoch-0021/optimizer.npz
2612629	2026-09-29T11:54:29Z	gpu-bench/a100-sxm4-80gb-krule/p2-A07-k8/runs/chang0926-c-n64-s5/checkpoints/epoch-0021/state.json
3484	2026-09-29T11:05:12Z	gpu-bench/a100-sxm4-80gb-krule/p2-A07-k8/runs/chang0926-c-n64-s5/config.json
114	2026-09-29T11:02:53Z	gpu-bench/a100-sxm4-80gb-krule/p2-A07-k8/runs/chang0926-c-n64-s5/cost_contract.json
7473	2026-09-29T11:05:12Z	gpu-bench/a100-sxm4-80gb-krule/p2-A07-k8/runs/chang0926-c-n64-s5/data_info.json
687	2026-09-29T11:05:13Z	gpu-bench/a100-sxm4-80gb-krule/p2-A07-k8/runs/chang0926-c-n64-s5/i_decay_speed.json
2100	2026-09-29T11:05:12Z	gpu-bench/a100-sxm4-80gb-krule/p2-A07-k8/runs/chang0926-c-n64-s5/initialization.json
223	2026-09-29T11:05:13Z	gpu-bench/a100-sxm4-80gb-krule/p2-A07-k8/runs/chang0926-c-n64-s5/input_std.json
33	2026-09-29T11:54:29Z	gpu-bench/a100-sxm4-80gb-krule/p2-A07-k8/runs/chang0926-c-n64-s5/latest.json
718266	2026-09-29T11:53:29Z	gpu-bench/a100-sxm4-80gb-krule/p2-A07-k8/runs/chang0926-c-n64-s5/model_best.keras
718266	2026-09-29T11:53:29Z	gpu-bench/a100-sxm4-80gb-krule/p2-A07-k8/runs/chang0926-c-n64-s5/model_best_auc_feasible.keras
718266	2026-09-29T11:53:29Z	gpu-bench/a100-sxm4-80gb-krule/p2-A07-k8/runs/chang0926-c-n64-s5/model_min_ebops.keras
718266	2026-09-29T11:30:27Z	gpu-bench/a100-sxm4-80gb-krule/p2-A07-k8/runs/chang0926-c-n64-s5/model_unconstrained.keras
350	2026-09-29T11:05:13Z	gpu-bench/a100-sxm4-80gb-krule/p2-A07-k8/runs/chang0926-c-n64-s5/nondegenerate_rule.json
0	2026-09-29T11:02:53Z	gpu-bench/a100-sxm4-80gb-krule/p2-A07-k8/runs/chang0926-c-n64-s5/run.lock
1632	2026-09-29T11:54:39Z	gpu-bench/a100-sxm4-80gb-krule/p2-A07-k8/runs/chang0926-c-n64-s5/screen_result.json
3038	2026-09-29T11:02:53Z	gpu-bench/a100-sxm4-80gb-krule/p2-A07-k8/runs/chang0926-c-n64-s5/source_manifest.json
718266	2026-09-29T11:54:26Z	gpu-bench/a100-sxm4-80gb-krule/p2-A07-k8/runs/chang0926-c-n64-s5/validation_candidate.keras
877403	2026-09-29T11:54:39Z	gpu-bench/a100-sxm4-80gb-krule/p2-A07-k8/runs/chang0926-c-n64-s5/validation_predictions.npz
23037692	2026-09-29T11:54:16Z	gpu-bench/a100-sxm4-80gb-krule/p2-A07-k8/runs/chang0926-c-n64-s6/activation_widths.jsonl
718266	2026-09-29T11:54:17Z	gpu-bench/a100-sxm4-80gb-krule/p2-A07-k8/runs/chang0926-c-n64-s6/checkpoints/epoch-0021/model.keras
718266	2026-09-29T11:54:17Z	gpu-bench/a100-sxm4-80gb-krule/p2-A07-k8/runs/chang0926-c-n64-s6/checkpoints/epoch-0021/model_best.keras
718266	2026-09-29T11:54:18Z	gpu-bench/a100-sxm4-80gb-krule/p2-A07-k8/runs/chang0926-c-n64-s6/checkpoints/epoch-0021/model_best_auc_feasible.keras
718266	2026-09-29T11:54:17Z	gpu-bench/a100-sxm4-80gb-krule/p2-A07-k8/runs/chang0926-c-n64-s6/checkpoints/epoch-0021/model_min_ebops.keras
718266	2026-09-29T11:54:18Z	gpu-bench/a100-sxm4-80gb-krule/p2-A07-k8/runs/chang0926-c-n64-s6/checkpoints/epoch-0021/model_unconstrained.keras
244818	2026-09-29T11:54:17Z	gpu-bench/a100-sxm4-80gb-krule/p2-A07-k8/runs/chang0926-c-n64-s6/checkpoints/epoch-0021/optimizer.npz
2612638	2026-09-29T11:54:17Z	gpu-bench/a100-sxm4-80gb-krule/p2-A07-k8/runs/chang0926-c-n64-s6/checkpoints/epoch-0021/state.json
3484	2026-09-29T11:05:34Z	gpu-bench/a100-sxm4-80gb-krule/p2-A07-k8/runs/chang0926-c-n64-s6/config.json
114	2026-09-29T11:03:07Z	gpu-bench/a100-sxm4-80gb-krule/p2-A07-k8/runs/chang0926-c-n64-s6/cost_contract.json
7473	2026-09-29T11:05:34Z	gpu-bench/a100-sxm4-80gb-krule/p2-A07-k8/runs/chang0926-c-n64-s6/data_info.json
687	2026-09-29T11:05:34Z	gpu-bench/a100-sxm4-80gb-krule/p2-A07-k8/runs/chang0926-c-n64-s6/i_decay_speed.json
2100	2026-09-29T11:05:34Z	gpu-bench/a100-sxm4-80gb-krule/p2-A07-k8/runs/chang0926-c-n64-s6/initialization.json
223	2026-09-29T11:05:34Z	gpu-bench/a100-sxm4-80gb-krule/p2-A07-k8/runs/chang0926-c-n64-s6/input_std.json
33	2026-09-29T11:54:18Z	gpu-bench/a100-sxm4-80gb-krule/p2-A07-k8/runs/chang0926-c-n64-s6/latest.json
718266	2026-09-29T11:52:56Z	gpu-bench/a100-sxm4-80gb-krule/p2-A07-k8/runs/chang0926-c-n64-s6/model_best.keras
718266	2026-09-29T11:52:56Z	gpu-bench/a100-sxm4-80gb-krule/p2-A07-k8/runs/chang0926-c-n64-s6/model_best_auc_feasible.keras
718266	2026-09-29T11:52:56Z	gpu-bench/a100-sxm4-80gb-krule/p2-A07-k8/runs/chang0926-c-n64-s6/model_min_ebops.keras
718266	2026-09-29T11:52:56Z	gpu-bench/a100-sxm4-80gb-krule/p2-A07-k8/runs/chang0926-c-n64-s6/model_unconstrained.keras
350	2026-09-29T11:05:34Z	gpu-bench/a100-sxm4-80gb-krule/p2-A07-k8/runs/chang0926-c-n64-s6/nondegenerate_rule.json
0	2026-09-29T11:03:07Z	gpu-bench/a100-sxm4-80gb-krule/p2-A07-k8/runs/chang0926-c-n64-s6/run.lock
1633	2026-09-29T11:54:27Z	gpu-bench/a100-sxm4-80gb-krule/p2-A07-k8/runs/chang0926-c-n64-s6/screen_result.json
3038	2026-09-29T11:03:07Z	gpu-bench/a100-sxm4-80gb-krule/p2-A07-k8/runs/chang0926-c-n64-s6/source_manifest.json
718266	2026-09-29T11:54:13Z	gpu-bench/a100-sxm4-80gb-krule/p2-A07-k8/runs/chang0926-c-n64-s6/validation_candidate.keras
879874	2026-09-29T11:54:27Z	gpu-bench/a100-sxm4-80gb-krule/p2-A07-k8/runs/chang0926-c-n64-s6/validation_predictions.npz
23638104	2026-09-29T11:54:26Z	gpu-bench/a100-sxm4-80gb-krule/p2-A07-k8/runs/chang0926-c-n64-s7/activation_widths.jsonl
718266	2026-09-29T11:54:28Z	gpu-bench/a100-sxm4-80gb-krule/p2-A07-k8/runs/chang0926-c-n64-s7/checkpoints/epoch-0021/model.keras
718266	2026-09-29T11:54:28Z	gpu-bench/a100-sxm4-80gb-krule/p2-A07-k8/runs/chang0926-c-n64-s7/checkpoints/epoch-0021/model_best.keras
718266	2026-09-29T11:54:28Z	gpu-bench/a100-sxm4-80gb-krule/p2-A07-k8/runs/chang0926-c-n64-s7/checkpoints/epoch-0021/model_best_auc_feasible.keras
718266	2026-09-29T11:54:28Z	gpu-bench/a100-sxm4-80gb-krule/p2-A07-k8/runs/chang0926-c-n64-s7/checkpoints/epoch-0021/model_min_ebops.keras
718266	2026-09-29T11:54:28Z	gpu-bench/a100-sxm4-80gb-krule/p2-A07-k8/runs/chang0926-c-n64-s7/checkpoints/epoch-0021/model_unconstrained.keras
244818	2026-09-29T11:54:28Z	gpu-bench/a100-sxm4-80gb-krule/p2-A07-k8/runs/chang0926-c-n64-s7/checkpoints/epoch-0021/optimizer.npz
2612732	2026-09-29T11:54:28Z	gpu-bench/a100-sxm4-80gb-krule/p2-A07-k8/runs/chang0926-c-n64-s7/checkpoints/epoch-0021/state.json
3484	2026-09-29T11:05:49Z	gpu-bench/a100-sxm4-80gb-krule/p2-A07-k8/runs/chang0926-c-n64-s7/config.json
114	2026-09-29T11:03:23Z	gpu-bench/a100-sxm4-80gb-krule/p2-A07-k8/runs/chang0926-c-n64-s7/cost_contract.json
7473	2026-09-29T11:05:49Z	gpu-bench/a100-sxm4-80gb-krule/p2-A07-k8/runs/chang0926-c-n64-s7/data_info.json
687	2026-09-29T11:05:49Z	gpu-bench/a100-sxm4-80gb-krule/p2-A07-k8/runs/chang0926-c-n64-s7/i_decay_speed.json
2100	2026-09-29T11:05:49Z	gpu-bench/a100-sxm4-80gb-krule/p2-A07-k8/runs/chang0926-c-n64-s7/initialization.json
223	2026-09-29T11:05:49Z	gpu-bench/a100-sxm4-80gb-krule/p2-A07-k8/runs/chang0926-c-n64-s7/input_std.json
33	2026-09-29T11:54:28Z	gpu-bench/a100-sxm4-80gb-krule/p2-A07-k8/runs/chang0926-c-n64-s7/latest.json
718266	2026-09-29T11:53:18Z	gpu-bench/a100-sxm4-80gb-krule/p2-A07-k8/runs/chang0926-c-n64-s7/model_best.keras
718266	2026-09-29T11:53:18Z	gpu-bench/a100-sxm4-80gb-krule/p2-A07-k8/runs/chang0926-c-n64-s7/model_best_auc_feasible.keras
718266	2026-09-29T11:53:18Z	gpu-bench/a100-sxm4-80gb-krule/p2-A07-k8/runs/chang0926-c-n64-s7/model_min_ebops.keras
718266	2026-09-29T11:30:30Z	gpu-bench/a100-sxm4-80gb-krule/p2-A07-k8/runs/chang0926-c-n64-s7/model_unconstrained.keras
350	2026-09-29T11:05:49Z	gpu-bench/a100-sxm4-80gb-krule/p2-A07-k8/runs/chang0926-c-n64-s7/nondegenerate_rule.json
0	2026-09-29T11:03:22Z	gpu-bench/a100-sxm4-80gb-krule/p2-A07-k8/runs/chang0926-c-n64-s7/run.lock
1607	2026-09-29T11:54:37Z	gpu-bench/a100-sxm4-80gb-krule/p2-A07-k8/runs/chang0926-c-n64-s7/screen_result.json
3038	2026-09-29T11:03:22Z	gpu-bench/a100-sxm4-80gb-krule/p2-A07-k8/runs/chang0926-c-n64-s7/source_manifest.json
718266	2026-09-29T11:54:24Z	gpu-bench/a100-sxm4-80gb-krule/p2-A07-k8/runs/chang0926-c-n64-s7/validation_candidate.keras
856000	2026-09-29T11:54:37Z	gpu-bench/a100-sxm4-80gb-krule/p2-A07-k8/runs/chang0926-c-n64-s7/validation_predictions.npz
23629806	2026-09-29T11:53:58Z	gpu-bench/a100-sxm4-80gb-krule/p2-A07-k8/runs/chang0926-c-n64-s8/activation_widths.jsonl
718266	2026-09-29T11:53:59Z	gpu-bench/a100-sxm4-80gb-krule/p2-A07-k8/runs/chang0926-c-n64-s8/checkpoints/epoch-0021/model.keras
718266	2026-09-29T11:54:00Z	gpu-bench/a100-sxm4-80gb-krule/p2-A07-k8/runs/chang0926-c-n64-s8/checkpoints/epoch-0021/model_best.keras
718266	2026-09-29T11:54:00Z	gpu-bench/a100-sxm4-80gb-krule/p2-A07-k8/runs/chang0926-c-n64-s8/checkpoints/epoch-0021/model_best_auc_feasible.keras
718266	2026-09-29T11:54:00Z	gpu-bench/a100-sxm4-80gb-krule/p2-A07-k8/runs/chang0926-c-n64-s8/checkpoints/epoch-0021/model_min_ebops.keras
718266	2026-09-29T11:54:00Z	gpu-bench/a100-sxm4-80gb-krule/p2-A07-k8/runs/chang0926-c-n64-s8/checkpoints/epoch-0021/model_unconstrained.keras
244818	2026-09-29T11:53:59Z	gpu-bench/a100-sxm4-80gb-krule/p2-A07-k8/runs/chang0926-c-n64-s8/checkpoints/epoch-0021/optimizer.npz
2612899	2026-09-29T11:54:00Z	gpu-bench/a100-sxm4-80gb-krule/p2-A07-k8/runs/chang0926-c-n64-s8/checkpoints/epoch-0021/state.json
3484	2026-09-29T11:06:02Z	gpu-bench/a100-sxm4-80gb-krule/p2-A07-k8/runs/chang0926-c-n64-s8/config.json
114	2026-09-29T11:03:36Z	gpu-bench/a100-sxm4-80gb-krule/p2-A07-k8/runs/chang0926-c-n64-s8/cost_contract.json
7473	2026-09-29T11:06:02Z	gpu-bench/a100-sxm4-80gb-krule/p2-A07-k8/runs/chang0926-c-n64-s8/data_info.json
687	2026-09-29T11:06:02Z	gpu-bench/a100-sxm4-80gb-krule/p2-A07-k8/runs/chang0926-c-n64-s8/i_decay_speed.json
2100	2026-09-29T11:06:02Z	gpu-bench/a100-sxm4-80gb-krule/p2-A07-k8/runs/chang0926-c-n64-s8/initialization.json
223	2026-09-29T11:06:02Z	gpu-bench/a100-sxm4-80gb-krule/p2-A07-k8/runs/chang0926-c-n64-s8/input_std.json
33	2026-09-29T11:54:00Z	gpu-bench/a100-sxm4-80gb-krule/p2-A07-k8/runs/chang0926-c-n64-s8/latest.json
718266	2026-09-29T11:52:36Z	gpu-bench/a100-sxm4-80gb-krule/p2-A07-k8/runs/chang0926-c-n64-s8/model_best.keras
718266	2026-09-29T11:52:36Z	gpu-bench/a100-sxm4-80gb-krule/p2-A07-k8/runs/chang0926-c-n64-s8/model_best_auc_feasible.keras
718266	2026-09-29T11:52:36Z	gpu-bench/a100-sxm4-80gb-krule/p2-A07-k8/runs/chang0926-c-n64-s8/model_min_ebops.keras
718266	2026-09-29T11:30:12Z	gpu-bench/a100-sxm4-80gb-krule/p2-A07-k8/runs/chang0926-c-n64-s8/model_unconstrained.keras
350	2026-09-29T11:06:03Z	gpu-bench/a100-sxm4-80gb-krule/p2-A07-k8/runs/chang0926-c-n64-s8/nondegenerate_rule.json
0	2026-09-29T11:03:36Z	gpu-bench/a100-sxm4-80gb-krule/p2-A07-k8/runs/chang0926-c-n64-s8/run.lock
1633	2026-09-29T11:54:12Z	gpu-bench/a100-sxm4-80gb-krule/p2-A07-k8/runs/chang0926-c-n64-s8/screen_result.json
3038	2026-09-29T11:03:36Z	gpu-bench/a100-sxm4-80gb-krule/p2-A07-k8/runs/chang0926-c-n64-s8/source_manifest.json
718266	2026-09-29T11:53:54Z	gpu-bench/a100-sxm4-80gb-krule/p2-A07-k8/runs/chang0926-c-n64-s8/validation_candidate.keras
913454	2026-09-29T11:54:12Z	gpu-bench/a100-sxm4-80gb-krule/p2-A07-k8/runs/chang0926-c-n64-s8/validation_predictions.npz
1135	2026-09-29T09:56:43Z	gpu-bench/a100-sxm4-80gb-krule/plan.json
13060	2026-09-29T11:54:48Z	gpu-bench/a100-sxm4-80gb-krule/pod-kai-gpubench-a100-sxm4-80gb-krule-kqnx5.log
241659	2026-09-29T11:54:48Z	gpu-bench/a100-sxm4-80gb-krule/samples.csv
4341	2026-09-29T12:40:26Z	gpu-bench/geforce-rtx-3090-klow/bench_result.json
7421	2026-09-29T12:25:33Z	gpu-bench/geforce-rtx-3090-klow/p3-E-k4/logs/chang0926-a-n64-s1.log
7419	2026-09-29T12:26:18Z	gpu-bench/geforce-rtx-3090-klow/p3-E-k4/logs/chang0926-a-n64-s2.log
7423	2026-09-29T12:26:35Z	gpu-bench/geforce-rtx-3090-klow/p3-E-k4/logs/chang0926-a-n64-s3.log
7420	2026-09-29T12:26:42Z	gpu-bench/geforce-rtx-3090-klow/p3-E-k4/logs/chang0926-a-n64-s4.log
2081	2026-09-29T12:26:51Z	gpu-bench/geforce-rtx-3090-klow/p3-E-k4/phase_result.json
12025469	2026-09-29T12:25:23Z	gpu-bench/geforce-rtx-3090-klow/p3-E-k4/runs/chang0926-a-n64-s1/activation_widths.jsonl
509293	2026-09-29T12:25:24Z	gpu-bench/geforce-rtx-3090-klow/p3-E-k4/runs/chang0926-a-n64-s1/checkpoints/epoch-0021/model.keras
509293	2026-09-29T12:25:25Z	gpu-bench/geforce-rtx-3090-klow/p3-E-k4/runs/chang0926-a-n64-s1/checkpoints/epoch-0021/model_min_ebops.keras
509293	2026-09-29T12:25:25Z	gpu-bench/geforce-rtx-3090-klow/p3-E-k4/runs/chang0926-a-n64-s1/checkpoints/epoch-0021/model_unconstrained.keras
134966	2026-09-29T12:25:24Z	gpu-bench/geforce-rtx-3090-klow/p3-E-k4/runs/chang0926-a-n64-s1/checkpoints/epoch-0021/optimizer.npz
1325252	2026-09-29T12:25:24Z	gpu-bench/geforce-rtx-3090-klow/p3-E-k4/runs/chang0926-a-n64-s1/checkpoints/epoch-0021/state.json
3533	2026-09-29T12:01:49Z	gpu-bench/geforce-rtx-3090-klow/p3-E-k4/runs/chang0926-a-n64-s1/config.json
113	2026-09-29T12:00:39Z	gpu-bench/geforce-rtx-3090-klow/p3-E-k4/runs/chang0926-a-n64-s1/cost_contract.json
7473	2026-09-29T12:01:49Z	gpu-bench/geforce-rtx-3090-klow/p3-E-k4/runs/chang0926-a-n64-s1/data_info.json
687	2026-09-29T12:01:49Z	gpu-bench/geforce-rtx-3090-klow/p3-E-k4/runs/chang0926-a-n64-s1/i_decay_speed.json
1982	2026-09-29T12:01:48Z	gpu-bench/geforce-rtx-3090-klow/p3-E-k4/runs/chang0926-a-n64-s1/initialization.json
223	2026-09-29T12:01:49Z	gpu-bench/geforce-rtx-3090-klow/p3-E-k4/runs/chang0926-a-n64-s1/input_std.json
33	2026-09-29T12:25:25Z	gpu-bench/geforce-rtx-3090-klow/p3-E-k4/runs/chang0926-a-n64-s1/latest.json
509293	2026-09-29T12:24:44Z	gpu-bench/geforce-rtx-3090-klow/p3-E-k4/runs/chang0926-a-n64-s1/model_min_ebops.keras
509293	2026-09-29T12:13:38Z	gpu-bench/geforce-rtx-3090-klow/p3-E-k4/runs/chang0926-a-n64-s1/model_unconstrained.keras
350	2026-09-29T12:01:49Z	gpu-bench/geforce-rtx-3090-klow/p3-E-k4/runs/chang0926-a-n64-s1/nondegenerate_rule.json
0	2026-09-29T12:00:38Z	gpu-bench/geforce-rtx-3090-klow/p3-E-k4/runs/chang0926-a-n64-s1/run.lock
1634	2026-09-29T12:25:33Z	gpu-bench/geforce-rtx-3090-klow/p3-E-k4/runs/chang0926-a-n64-s1/screen_result.json
3038	2026-09-29T12:00:38Z	gpu-bench/geforce-rtx-3090-klow/p3-E-k4/runs/chang0926-a-n64-s1/source_manifest.json
509293	2026-09-29T12:25:22Z	gpu-bench/geforce-rtx-3090-klow/p3-E-k4/runs/chang0926-a-n64-s1/validation_candidate.keras
786392	2026-09-29T12:25:33Z	gpu-bench/geforce-rtx-3090-klow/p3-E-k4/runs/chang0926-a-n64-s1/validation_predictions.npz
12015601	2026-09-29T12:26:08Z	gpu-bench/geforce-rtx-3090-klow/p3-E-k4/runs/chang0926-a-n64-s2/activation_widths.jsonl
509293	2026-09-29T12:26:10Z	gpu-bench/geforce-rtx-3090-klow/p3-E-k4/runs/chang0926-a-n64-s2/checkpoints/epoch-0021/model.keras
509293	2026-09-29T12:26:10Z	gpu-bench/geforce-rtx-3090-klow/p3-E-k4/runs/chang0926-a-n64-s2/checkpoints/epoch-0021/model_min_ebops.keras
509293	2026-09-29T12:26:10Z	gpu-bench/geforce-rtx-3090-klow/p3-E-k4/runs/chang0926-a-n64-s2/checkpoints/epoch-0021/model_unconstrained.keras
134966	2026-09-29T12:26:10Z	gpu-bench/geforce-rtx-3090-klow/p3-E-k4/runs/chang0926-a-n64-s2/checkpoints/epoch-0021/optimizer.npz
1325155	2026-09-29T12:26:10Z	gpu-bench/geforce-rtx-3090-klow/p3-E-k4/runs/chang0926-a-n64-s2/checkpoints/epoch-0021/state.json
3533	2026-09-29T12:02:09Z	gpu-bench/geforce-rtx-3090-klow/p3-E-k4/runs/chang0926-a-n64-s2/config.json
113	2026-09-29T12:00:54Z	gpu-bench/geforce-rtx-3090-klow/p3-E-k4/runs/chang0926-a-n64-s2/cost_contract.json
7473	2026-09-29T12:02:10Z	gpu-bench/geforce-rtx-3090-klow/p3-E-k4/runs/chang0926-a-n64-s2/data_info.json
687	2026-09-29T12:02:10Z	gpu-bench/geforce-rtx-3090-klow/p3-E-k4/runs/chang0926-a-n64-s2/i_decay_speed.json
1982	2026-09-29T12:02:09Z	gpu-bench/geforce-rtx-3090-klow/p3-E-k4/runs/chang0926-a-n64-s2/initialization.json
223	2026-09-29T12:02:10Z	gpu-bench/geforce-rtx-3090-klow/p3-E-k4/runs/chang0926-a-n64-s2/input_std.json
33	2026-09-29T12:26:10Z	gpu-bench/geforce-rtx-3090-klow/p3-E-k4/runs/chang0926-a-n64-s2/latest.json
509293	2026-09-29T12:25:36Z	gpu-bench/geforce-rtx-3090-klow/p3-E-k4/runs/chang0926-a-n64-s2/model_min_ebops.keras
509293	2026-09-29T12:14:17Z	gpu-bench/geforce-rtx-3090-klow/p3-E-k4/runs/chang0926-a-n64-s2/model_unconstrained.keras
350	2026-09-29T12:02:10Z	gpu-bench/geforce-rtx-3090-klow/p3-E-k4/runs/chang0926-a-n64-s2/nondegenerate_rule.json
0	2026-09-29T12:00:53Z	gpu-bench/geforce-rtx-3090-klow/p3-E-k4/runs/chang0926-a-n64-s2/run.lock
1630	2026-09-29T12:26:18Z	gpu-bench/geforce-rtx-3090-klow/p3-E-k4/runs/chang0926-a-n64-s2/screen_result.json
3038	2026-09-29T12:00:53Z	gpu-bench/geforce-rtx-3090-klow/p3-E-k4/runs/chang0926-a-n64-s2/source_manifest.json
509293	2026-09-29T12:26:07Z	gpu-bench/geforce-rtx-3090-klow/p3-E-k4/runs/chang0926-a-n64-s2/validation_candidate.keras
793746	2026-09-29T12:26:18Z	gpu-bench/geforce-rtx-3090-klow/p3-E-k4/runs/chang0926-a-n64-s2/validation_predictions.npz
11762357	2026-09-29T12:26:25Z	gpu-bench/geforce-rtx-3090-klow/p3-E-k4/runs/chang0926-a-n64-s3/activation_widths.jsonl
509293	2026-09-29T12:26:26Z	gpu-bench/geforce-rtx-3090-klow/p3-E-k4/runs/chang0926-a-n64-s3/checkpoints/epoch-0021/model.keras
509293	2026-09-29T12:26:26Z	gpu-bench/geforce-rtx-3090-klow/p3-E-k4/runs/chang0926-a-n64-s3/checkpoints/epoch-0021/model_min_ebops.keras
509293	2026-09-29T12:26:26Z	gpu-bench/geforce-rtx-3090-klow/p3-E-k4/runs/chang0926-a-n64-s3/checkpoints/epoch-0021/model_unconstrained.keras
134966	2026-09-29T12:26:26Z	gpu-bench/geforce-rtx-3090-klow/p3-E-k4/runs/chang0926-a-n64-s3/checkpoints/epoch-0021/optimizer.npz
1325152	2026-09-29T12:26:26Z	gpu-bench/geforce-rtx-3090-klow/p3-E-k4/runs/chang0926-a-n64-s3/checkpoints/epoch-0021/state.json
3533	2026-09-29T12:02:30Z	gpu-bench/geforce-rtx-3090-klow/p3-E-k4/runs/chang0926-a-n64-s3/config.json
113	2026-09-29T12:01:09Z	gpu-bench/geforce-rtx-3090-klow/p3-E-k4/runs/chang0926-a-n64-s3/cost_contract.json
7473	2026-09-29T12:02:30Z	gpu-bench/geforce-rtx-3090-klow/p3-E-k4/runs/chang0926-a-n64-s3/data_info.json
687	2026-09-29T12:02:30Z	gpu-bench/geforce-rtx-3090-klow/p3-E-k4/runs/chang0926-a-n64-s3/i_decay_speed.json
1982	2026-09-29T12:02:30Z	gpu-bench/geforce-rtx-3090-klow/p3-E-k4/runs/chang0926-a-n64-s3/initialization.json
223	2026-09-29T12:02:30Z	gpu-bench/geforce-rtx-3090-klow/p3-E-k4/runs/chang0926-a-n64-s3/input_std.json
33	2026-09-29T12:26:27Z	gpu-bench/geforce-rtx-3090-klow/p3-E-k4/runs/chang0926-a-n64-s3/latest.json
509293	2026-09-29T12:25:49Z	gpu-bench/geforce-rtx-3090-klow/p3-E-k4/runs/chang0926-a-n64-s3/model_min_ebops.keras
509293	2026-09-29T12:14:36Z	gpu-bench/geforce-rtx-3090-klow/p3-E-k4/runs/chang0926-a-n64-s3/model_unconstrained.keras
350	2026-09-29T12:02:30Z	gpu-bench/geforce-rtx-3090-klow/p3-E-k4/runs/chang0926-a-n64-s3/nondegenerate_rule.json
0	2026-09-29T12:01:08Z	gpu-bench/geforce-rtx-3090-klow/p3-E-k4/runs/chang0926-a-n64-s3/run.lock
1634	2026-09-29T12:26:34Z	gpu-bench/geforce-rtx-3090-klow/p3-E-k4/runs/chang0926-a-n64-s3/screen_result.json
3038	2026-09-29T12:01:09Z	gpu-bench/geforce-rtx-3090-klow/p3-E-k4/runs/chang0926-a-n64-s3/source_manifest.json
509293	2026-09-29T12:26:23Z	gpu-bench/geforce-rtx-3090-klow/p3-E-k4/runs/chang0926-a-n64-s3/validation_candidate.keras
771912	2026-09-29T12:26:34Z	gpu-bench/geforce-rtx-3090-klow/p3-E-k4/runs/chang0926-a-n64-s3/validation_predictions.npz
12027843	2026-09-29T12:26:33Z	gpu-bench/geforce-rtx-3090-klow/p3-E-k4/runs/chang0926-a-n64-s4/activation_widths.jsonl
509293	2026-09-29T12:26:34Z	gpu-bench/geforce-rtx-3090-klow/p3-E-k4/runs/chang0926-a-n64-s4/checkpoints/epoch-0021/model.keras
509293	2026-09-29T12:26:34Z	gpu-bench/geforce-rtx-3090-klow/p3-E-k4/runs/chang0926-a-n64-s4/checkpoints/epoch-0021/model_min_ebops.keras
509293	2026-09-29T12:26:35Z	gpu-bench/geforce-rtx-3090-klow/p3-E-k4/runs/chang0926-a-n64-s4/checkpoints/epoch-0021/model_unconstrained.keras
134966	2026-09-29T12:26:34Z	gpu-bench/geforce-rtx-3090-klow/p3-E-k4/runs/chang0926-a-n64-s4/checkpoints/epoch-0021/optimizer.npz
1325291	2026-09-29T12:26:34Z	gpu-bench/geforce-rtx-3090-klow/p3-E-k4/runs/chang0926-a-n64-s4/checkpoints/epoch-0021/state.json
3533	2026-09-29T12:02:49Z	gpu-bench/geforce-rtx-3090-klow/p3-E-k4/runs/chang0926-a-n64-s4/config.json
113	2026-09-29T12:01:24Z	gpu-bench/geforce-rtx-3090-klow/p3-E-k4/runs/chang0926-a-n64-s4/cost_contract.json
7473	2026-09-29T12:02:49Z	gpu-bench/geforce-rtx-3090-klow/p3-E-k4/runs/chang0926-a-n64-s4/data_info.json
687	2026-09-29T12:02:50Z	gpu-bench/geforce-rtx-3090-klow/p3-E-k4/runs/chang0926-a-n64-s4/i_decay_speed.json
1982	2026-09-29T12:02:49Z	gpu-bench/geforce-rtx-3090-klow/p3-E-k4/runs/chang0926-a-n64-s4/initialization.json
223	2026-09-29T12:02:50Z	gpu-bench/geforce-rtx-3090-klow/p3-E-k4/runs/chang0926-a-n64-s4/input_std.json
33	2026-09-29T12:26:35Z	gpu-bench/geforce-rtx-3090-klow/p3-E-k4/runs/chang0926-a-n64-s4/latest.json
509293	2026-09-29T12:26:06Z	gpu-bench/geforce-rtx-3090-klow/p3-E-k4/runs/chang0926-a-n64-s4/model_min_ebops.keras
509293	2026-09-29T12:26:06Z	gpu-bench/geforce-rtx-3090-klow/p3-E-k4/runs/chang0926-a-n64-s4/model_unconstrained.keras
350	2026-09-29T12:02:50Z	gpu-bench/geforce-rtx-3090-klow/p3-E-k4/runs/chang0926-a-n64-s4/nondegenerate_rule.json
0	2026-09-29T12:01:23Z	gpu-bench/geforce-rtx-3090-klow/p3-E-k4/runs/chang0926-a-n64-s4/run.lock
1632	2026-09-29T12:26:42Z	gpu-bench/geforce-rtx-3090-klow/p3-E-k4/runs/chang0926-a-n64-s4/screen_result.json
3038	2026-09-29T12:01:24Z	gpu-bench/geforce-rtx-3090-klow/p3-E-k4/runs/chang0926-a-n64-s4/source_manifest.json
509293	2026-09-29T12:26:32Z	gpu-bench/geforce-rtx-3090-klow/p3-E-k4/runs/chang0926-a-n64-s4/validation_candidate.keras
803389	2026-09-29T12:26:42Z	gpu-bench/geforce-rtx-3090-klow/p3-E-k4/runs/chang0926-a-n64-s4/validation_predictions.npz
7436	2026-09-29T12:40:16Z	gpu-bench/geforce-rtx-3090-klow/p4-A07-k1/logs/chang0926-c-n64-s1.log
945	2026-09-29T12:40:26Z	gpu-bench/geforce-rtx-3090-klow/p4-A07-k1/phase_result.json
23793173	2026-09-29T12:40:06Z	gpu-bench/geforce-rtx-3090-klow/p4-A07-k1/runs/chang0926-c-n64-s1/activation_widths.jsonl
718266	2026-09-29T12:40:07Z	gpu-bench/geforce-rtx-3090-klow/p4-A07-k1/runs/chang0926-c-n64-s1/checkpoints/epoch-0021/model.keras
718266	2026-09-29T12:40:07Z	gpu-bench/geforce-rtx-3090-klow/p4-A07-k1/runs/chang0926-c-n64-s1/checkpoints/epoch-0021/model_best.keras
718266	2026-09-29T12:40:08Z	gpu-bench/geforce-rtx-3090-klow/p4-A07-k1/runs/chang0926-c-n64-s1/checkpoints/epoch-0021/model_best_auc_feasible.keras
718266	2026-09-29T12:40:07Z	gpu-bench/geforce-rtx-3090-klow/p4-A07-k1/runs/chang0926-c-n64-s1/checkpoints/epoch-0021/model_min_ebops.keras
718266	2026-09-29T12:40:08Z	gpu-bench/geforce-rtx-3090-klow/p4-A07-k1/runs/chang0926-c-n64-s1/checkpoints/epoch-0021/model_unconstrained.keras
244818	2026-09-29T12:40:07Z	gpu-bench/geforce-rtx-3090-klow/p4-A07-k1/runs/chang0926-c-n64-s1/checkpoints/epoch-0021/optimizer.npz
2612680	2026-09-29T12:40:07Z	gpu-bench/geforce-rtx-3090-klow/p4-A07-k1/runs/chang0926-c-n64-s1/checkpoints/epoch-0021/state.json
3484	2026-09-29T12:28:05Z	gpu-bench/geforce-rtx-3090-klow/p4-A07-k1/runs/chang0926-c-n64-s1/config.json
114	2026-09-29T12:26:54Z	gpu-bench/geforce-rtx-3090-klow/p4-A07-k1/runs/chang0926-c-n64-s1/cost_contract.json
7473	2026-09-29T12:28:05Z	gpu-bench/geforce-rtx-3090-klow/p4-A07-k1/runs/chang0926-c-n64-s1/data_info.json
687	2026-09-29T12:28:06Z	gpu-bench/geforce-rtx-3090-klow/p4-A07-k1/runs/chang0926-c-n64-s1/i_decay_speed.json
2100	2026-09-29T12:28:05Z	gpu-bench/geforce-rtx-3090-klow/p4-A07-k1/runs/chang0926-c-n64-s1/initialization.json
223	2026-09-29T12:28:06Z	gpu-bench/geforce-rtx-3090-klow/p4-A07-k1/runs/chang0926-c-n64-s1/input_std.json
33	2026-09-29T12:40:08Z	gpu-bench/geforce-rtx-3090-klow/p4-A07-k1/runs/chang0926-c-n64-s1/latest.json
718266	2026-09-29T12:39:38Z	gpu-bench/geforce-rtx-3090-klow/p4-A07-k1/runs/chang0926-c-n64-s1/model_best.keras
718266	2026-09-29T12:39:38Z	gpu-bench/geforce-rtx-3090-klow/p4-A07-k1/runs/chang0926-c-n64-s1/model_best_auc_feasible.keras
718266	2026-09-29T12:39:38Z	gpu-bench/geforce-rtx-3090-klow/p4-A07-k1/runs/chang0926-c-n64-s1/model_min_ebops.keras
718266	2026-09-29T12:34:22Z	gpu-bench/geforce-rtx-3090-klow/p4-A07-k1/runs/chang0926-c-n64-s1/model_unconstrained.keras
350	2026-09-29T12:28:06Z	gpu-bench/geforce-rtx-3090-klow/p4-A07-k1/runs/chang0926-c-n64-s1/nondegenerate_rule.json
0	2026-09-29T12:26:54Z	gpu-bench/geforce-rtx-3090-klow/p4-A07-k1/runs/chang0926-c-n64-s1/run.lock
1630	2026-09-29T12:40:16Z	gpu-bench/geforce-rtx-3090-klow/p4-A07-k1/runs/chang0926-c-n64-s1/screen_result.json
3038	2026-09-29T12:26:54Z	gpu-bench/geforce-rtx-3090-klow/p4-A07-k1/runs/chang0926-c-n64-s1/source_manifest.json
718266	2026-09-29T12:40:04Z	gpu-bench/geforce-rtx-3090-klow/p4-A07-k1/runs/chang0926-c-n64-s1/validation_candidate.keras
903423	2026-09-29T12:40:16Z	gpu-bench/geforce-rtx-3090-klow/p4-A07-k1/runs/chang0926-c-n64-s1/validation_predictions.npz
566	2026-09-29T12:00:35Z	gpu-bench/geforce-rtx-3090-klow/plan.json
7544	2026-09-29T12:40:26Z	gpu-bench/geforce-rtx-3090-klow/pod-kai-gpubench-geforce-rtx-3090-klow-nh9qj.log
18617	2026-09-29T12:40:26Z	gpu-bench/geforce-rtx-3090-klow/samples.csv
5290	2026-09-29T12:54:03Z	gpu-bench/geforce-rtx-3090-krule/bench_result.json
7413	2026-09-29T12:30:24Z	gpu-bench/geforce-rtx-3090-krule/p1-E-k5/logs/chang0926-a-n64-s1.log
7425	2026-09-29T12:30:51Z	gpu-bench/geforce-rtx-3090-krule/p1-E-k5/logs/chang0926-a-n64-s2.log
7421	2026-09-29T12:31:14Z	gpu-bench/geforce-rtx-3090-krule/p1-E-k5/logs/chang0926-a-n64-s3.log
7422	2026-09-29T12:31:39Z	gpu-bench/geforce-rtx-3090-krule/p1-E-k5/logs/chang0926-a-n64-s4.log
7422	2026-09-29T12:31:45Z	gpu-bench/geforce-rtx-3090-krule/p1-E-k5/logs/chang0926-a-n64-s5.log
2463	2026-09-29T12:31:53Z	gpu-bench/geforce-rtx-3090-krule/p1-E-k5/phase_result.json
12057180	2026-09-29T12:30:15Z	gpu-bench/geforce-rtx-3090-krule/p1-E-k5/runs/chang0926-a-n64-s1/activation_widths.jsonl
509293	2026-09-29T12:30:16Z	gpu-bench/geforce-rtx-3090-krule/p1-E-k5/runs/chang0926-a-n64-s1/checkpoints/epoch-0021/model.keras
509293	2026-09-29T12:30:16Z	gpu-bench/geforce-rtx-3090-krule/p1-E-k5/runs/chang0926-a-n64-s1/checkpoints/epoch-0021/model_min_ebops.keras
509293	2026-09-29T12:30:16Z	gpu-bench/geforce-rtx-3090-krule/p1-E-k5/runs/chang0926-a-n64-s1/checkpoints/epoch-0021/model_unconstrained.keras
134966	2026-09-29T12:30:16Z	gpu-bench/geforce-rtx-3090-krule/p1-E-k5/runs/chang0926-a-n64-s1/checkpoints/epoch-0021/optimizer.npz
1325249	2026-09-29T12:30:16Z	gpu-bench/geforce-rtx-3090-krule/p1-E-k5/runs/chang0926-a-n64-s1/checkpoints/epoch-0021/state.json
3533	2026-09-29T12:01:29Z	gpu-bench/geforce-rtx-3090-krule/p1-E-k5/runs/chang0926-a-n64-s1/config.json
113	2026-09-29T12:00:30Z	gpu-bench/geforce-rtx-3090-krule/p1-E-k5/runs/chang0926-a-n64-s1/cost_contract.json
7473	2026-09-29T12:01:29Z	gpu-bench/geforce-rtx-3090-krule/p1-E-k5/runs/chang0926-a-n64-s1/data_info.json
687	2026-09-29T12:01:29Z	gpu-bench/geforce-rtx-3090-krule/p1-E-k5/runs/chang0926-a-n64-s1/i_decay_speed.json
1982	2026-09-29T12:01:28Z	gpu-bench/geforce-rtx-3090-krule/p1-E-k5/runs/chang0926-a-n64-s1/initialization.json
223	2026-09-29T12:01:29Z	gpu-bench/geforce-rtx-3090-krule/p1-E-k5/runs/chang0926-a-n64-s1/input_std.json
33	2026-09-29T12:30:17Z	gpu-bench/geforce-rtx-3090-krule/p1-E-k5/runs/chang0926-a-n64-s1/latest.json
509293	2026-09-29T12:29:12Z	gpu-bench/geforce-rtx-3090-krule/p1-E-k5/runs/chang0926-a-n64-s1/model_min_ebops.keras
509293	2026-09-29T12:15:34Z	gpu-bench/geforce-rtx-3090-krule/p1-E-k5/runs/chang0926-a-n64-s1/model_unconstrained.keras
350	2026-09-29T12:01:29Z	gpu-bench/geforce-rtx-3090-krule/p1-E-k5/runs/chang0926-a-n64-s1/nondegenerate_rule.json
0	2026-09-29T12:00:30Z	gpu-bench/geforce-rtx-3090-krule/p1-E-k5/runs/chang0926-a-n64-s1/run.lock
1624	2026-09-29T12:30:24Z	gpu-bench/geforce-rtx-3090-krule/p1-E-k5/runs/chang0926-a-n64-s1/screen_result.json
3038	2026-09-29T12:00:30Z	gpu-bench/geforce-rtx-3090-krule/p1-E-k5/runs/chang0926-a-n64-s1/source_manifest.json
509293	2026-09-29T12:30:13Z	gpu-bench/geforce-rtx-3090-krule/p1-E-k5/runs/chang0926-a-n64-s1/validation_candidate.keras
757549	2026-09-29T12:30:24Z	gpu-bench/geforce-rtx-3090-krule/p1-E-k5/runs/chang0926-a-n64-s1/validation_predictions.npz
11974743	2026-09-29T12:30:42Z	gpu-bench/geforce-rtx-3090-krule/p1-E-k5/runs/chang0926-a-n64-s2/activation_widths.jsonl
509293	2026-09-29T12:30:43Z	gpu-bench/geforce-rtx-3090-krule/p1-E-k5/runs/chang0926-a-n64-s2/checkpoints/epoch-0021/model.keras
509293	2026-09-29T12:30:43Z	gpu-bench/geforce-rtx-3090-krule/p1-E-k5/runs/chang0926-a-n64-s2/checkpoints/epoch-0021/model_min_ebops.keras
509293	2026-09-29T12:30:43Z	gpu-bench/geforce-rtx-3090-krule/p1-E-k5/runs/chang0926-a-n64-s2/checkpoints/epoch-0021/model_unconstrained.keras
134966	2026-09-29T12:30:43Z	gpu-bench/geforce-rtx-3090-krule/p1-E-k5/runs/chang0926-a-n64-s2/checkpoints/epoch-0021/optimizer.npz
1325156	2026-09-29T12:30:43Z	gpu-bench/geforce-rtx-3090-krule/p1-E-k5/runs/chang0926-a-n64-s2/checkpoints/epoch-0021/state.json
3533	2026-09-29T12:01:51Z	gpu-bench/geforce-rtx-3090-krule/p1-E-k5/runs/chang0926-a-n64-s2/config.json
113	2026-09-29T12:00:45Z	gpu-bench/geforce-rtx-3090-krule/p1-E-k5/runs/chang0926-a-n64-s2/cost_contract.json
7473	2026-09-29T12:01:51Z	gpu-bench/geforce-rtx-3090-krule/p1-E-k5/runs/chang0926-a-n64-s2/data_info.json
687	2026-09-29T12:01:51Z	gpu-bench/geforce-rtx-3090-krule/p1-E-k5/runs/chang0926-a-n64-s2/i_decay_speed.json
1982	2026-09-29T12:01:50Z	gpu-bench/geforce-rtx-3090-krule/p1-E-k5/runs/chang0926-a-n64-s2/initialization.json
223	2026-09-29T12:01:51Z	gpu-bench/geforce-rtx-3090-krule/p1-E-k5/runs/chang0926-a-n64-s2/input_std.json
33	2026-09-29T12:30:43Z	gpu-bench/geforce-rtx-3090-krule/p1-E-k5/runs/chang0926-a-n64-s2/latest.json
509293	2026-09-29T12:30:06Z	gpu-bench/geforce-rtx-3090-krule/p1-E-k5/runs/chang0926-a-n64-s2/model_min_ebops.keras
509293	2026-09-29T12:16:24Z	gpu-bench/geforce-rtx-3090-krule/p1-E-k5/runs/chang0926-a-n64-s2/model_unconstrained.keras
350	2026-09-29T12:01:51Z	gpu-bench/geforce-rtx-3090-krule/p1-E-k5/runs/chang0926-a-n64-s2/nondegenerate_rule.json
0	2026-09-29T12:00:45Z	gpu-bench/geforce-rtx-3090-krule/p1-E-k5/runs/chang0926-a-n64-s2/run.lock
1634	2026-09-29T12:30:50Z	gpu-bench/geforce-rtx-3090-krule/p1-E-k5/runs/chang0926-a-n64-s2/screen_result.json
3038	2026-09-29T12:00:45Z	gpu-bench/geforce-rtx-3090-krule/p1-E-k5/runs/chang0926-a-n64-s2/source_manifest.json
509293	2026-09-29T12:30:40Z	gpu-bench/geforce-rtx-3090-krule/p1-E-k5/runs/chang0926-a-n64-s2/validation_candidate.keras
768137	2026-09-29T12:30:50Z	gpu-bench/geforce-rtx-3090-krule/p1-E-k5/runs/chang0926-a-n64-s2/validation_predictions.npz
12029512	2026-09-29T12:31:05Z	gpu-bench/geforce-rtx-3090-krule/p1-E-k5/runs/chang0926-a-n64-s3/activation_widths.jsonl
509293	2026-09-29T12:31:06Z	gpu-bench/geforce-rtx-3090-krule/p1-E-k5/runs/chang0926-a-n64-s3/checkpoints/epoch-0021/model.keras
509293	2026-09-29T12:31:07Z	gpu-bench/geforce-rtx-3090-krule/p1-E-k5/runs/chang0926-a-n64-s3/checkpoints/epoch-0021/model_min_ebops.keras
509293	2026-09-29T12:31:07Z	gpu-bench/geforce-rtx-3090-krule/p1-E-k5/runs/chang0926-a-n64-s3/checkpoints/epoch-0021/model_unconstrained.keras
134966	2026-09-29T12:31:06Z	gpu-bench/geforce-rtx-3090-krule/p1-E-k5/runs/chang0926-a-n64-s3/checkpoints/epoch-0021/optimizer.npz
1325152	2026-09-29T12:31:06Z	gpu-bench/geforce-rtx-3090-krule/p1-E-k5/runs/chang0926-a-n64-s3/checkpoints/epoch-0021/state.json
3533	2026-09-29T12:02:15Z	gpu-bench/geforce-rtx-3090-krule/p1-E-k5/runs/chang0926-a-n64-s3/config.json
113	2026-09-29T12:01:00Z	gpu-bench/geforce-rtx-3090-krule/p1-E-k5/runs/chang0926-a-n64-s3/cost_contract.json
7473	2026-09-29T12:02:15Z	gpu-bench/geforce-rtx-3090-krule/p1-E-k5/runs/chang0926-a-n64-s3/data_info.json
687	2026-09-29T12:02:16Z	gpu-bench/geforce-rtx-3090-krule/p1-E-k5/runs/chang0926-a-n64-s3/i_decay_speed.json
1982	2026-09-29T12:02:15Z	gpu-bench/geforce-rtx-3090-krule/p1-E-k5/runs/chang0926-a-n64-s3/initialization.json
223	2026-09-29T12:02:15Z	gpu-bench/geforce-rtx-3090-krule/p1-E-k5/runs/chang0926-a-n64-s3/input_std.json
33	2026-09-29T12:31:07Z	gpu-bench/geforce-rtx-3090-krule/p1-E-k5/runs/chang0926-a-n64-s3/latest.json
509293	2026-09-29T12:30:37Z	gpu-bench/geforce-rtx-3090-krule/p1-E-k5/runs/chang0926-a-n64-s3/model_min_ebops.keras
509293	2026-09-29T12:16:54Z	gpu-bench/geforce-rtx-3090-krule/p1-E-k5/runs/chang0926-a-n64-s3/model_unconstrained.keras
350	2026-09-29T12:02:16Z	gpu-bench/geforce-rtx-3090-krule/p1-E-k5/runs/chang0926-a-n64-s3/nondegenerate_rule.json
0	2026-09-29T12:01:00Z	gpu-bench/geforce-rtx-3090-krule/p1-E-k5/runs/chang0926-a-n64-s3/run.lock
1633	2026-09-29T12:31:14Z	gpu-bench/geforce-rtx-3090-krule/p1-E-k5/runs/chang0926-a-n64-s3/screen_result.json
3038	2026-09-29T12:01:00Z	gpu-bench/geforce-rtx-3090-krule/p1-E-k5/runs/chang0926-a-n64-s3/source_manifest.json
509293	2026-09-29T12:31:03Z	gpu-bench/geforce-rtx-3090-krule/p1-E-k5/runs/chang0926-a-n64-s3/validation_candidate.keras
799097	2026-09-29T12:31:14Z	gpu-bench/geforce-rtx-3090-krule/p1-E-k5/runs/chang0926-a-n64-s3/validation_predictions.npz
12055344	2026-09-29T12:31:30Z	gpu-bench/geforce-rtx-3090-krule/p1-E-k5/runs/chang0926-a-n64-s4/activation_widths.jsonl
509293	2026-09-29T12:31:31Z	gpu-bench/geforce-rtx-3090-krule/p1-E-k5/runs/chang0926-a-n64-s4/checkpoints/epoch-0021/model.keras
509293	2026-09-29T12:31:32Z	gpu-bench/geforce-rtx-3090-krule/p1-E-k5/runs/chang0926-a-n64-s4/checkpoints/epoch-0021/model_min_ebops.keras
509293	2026-09-29T12:31:32Z	gpu-bench/geforce-rtx-3090-krule/p1-E-k5/runs/chang0926-a-n64-s4/checkpoints/epoch-0021/model_unconstrained.keras
134966	2026-09-29T12:31:31Z	gpu-bench/geforce-rtx-3090-krule/p1-E-k5/runs/chang0926-a-n64-s4/checkpoints/epoch-0021/optimizer.npz
1325291	2026-09-29T12:31:32Z	gpu-bench/geforce-rtx-3090-krule/p1-E-k5/runs/chang0926-a-n64-s4/checkpoints/epoch-0021/state.json
3533	2026-09-29T12:02:39Z	gpu-bench/geforce-rtx-3090-krule/p1-E-k5/runs/chang0926-a-n64-s4/config.json
113	2026-09-29T12:01:15Z	gpu-bench/geforce-rtx-3090-krule/p1-E-k5/runs/chang0926-a-n64-s4/cost_contract.json
7473	2026-09-29T12:02:39Z	gpu-bench/geforce-rtx-3090-krule/p1-E-k5/runs/chang0926-a-n64-s4/data_info.json
687	2026-09-29T12:02:40Z	gpu-bench/geforce-rtx-3090-krule/p1-E-k5/runs/chang0926-a-n64-s4/i_decay_speed.json
1982	2026-09-29T12:02:39Z	gpu-bench/geforce-rtx-3090-krule/p1-E-k5/runs/chang0926-a-n64-s4/initialization.json
223	2026-09-29T12:02:39Z	gpu-bench/geforce-rtx-3090-krule/p1-E-k5/runs/chang0926-a-n64-s4/input_std.json
33	2026-09-29T12:31:32Z	gpu-bench/geforce-rtx-3090-krule/p1-E-k5/runs/chang0926-a-n64-s4/latest.json
509293	2026-09-29T12:31:01Z	gpu-bench/geforce-rtx-3090-krule/p1-E-k5/runs/chang0926-a-n64-s4/model_min_ebops.keras
509293	2026-09-29T12:17:23Z	gpu-bench/geforce-rtx-3090-krule/p1-E-k5/runs/chang0926-a-n64-s4/model_unconstrained.keras
350	2026-09-29T12:02:40Z	gpu-bench/geforce-rtx-3090-krule/p1-E-k5/runs/chang0926-a-n64-s4/nondegenerate_rule.json
0	2026-09-29T12:01:15Z	gpu-bench/geforce-rtx-3090-krule/p1-E-k5/runs/chang0926-a-n64-s4/run.lock
1632	2026-09-29T12:31:39Z	gpu-bench/geforce-rtx-3090-krule/p1-E-k5/runs/chang0926-a-n64-s4/screen_result.json
3038	2026-09-29T12:01:15Z	gpu-bench/geforce-rtx-3090-krule/p1-E-k5/runs/chang0926-a-n64-s4/source_manifest.json
509293	2026-09-29T12:31:29Z	gpu-bench/geforce-rtx-3090-krule/p1-E-k5/runs/chang0926-a-n64-s4/validation_candidate.keras
763803	2026-09-29T12:31:39Z	gpu-bench/geforce-rtx-3090-krule/p1-E-k5/runs/chang0926-a-n64-s4/validation_predictions.npz
12076338	2026-09-29T12:31:37Z	gpu-bench/geforce-rtx-3090-krule/p1-E-k5/runs/chang0926-a-n64-s5/activation_widths.jsonl
509293	2026-09-29T12:31:38Z	gpu-bench/geforce-rtx-3090-krule/p1-E-k5/runs/chang0926-a-n64-s5/checkpoints/epoch-0021/model.keras
509293	2026-09-29T12:31:38Z	gpu-bench/geforce-rtx-3090-krule/p1-E-k5/runs/chang0926-a-n64-s5/checkpoints/epoch-0021/model_min_ebops.keras
509293	2026-09-29T12:31:38Z	gpu-bench/geforce-rtx-3090-krule/p1-E-k5/runs/chang0926-a-n64-s5/checkpoints/epoch-0021/model_unconstrained.keras
134966	2026-09-29T12:31:38Z	gpu-bench/geforce-rtx-3090-krule/p1-E-k5/runs/chang0926-a-n64-s5/checkpoints/epoch-0021/optimizer.npz
1325156	2026-09-29T12:31:38Z	gpu-bench/geforce-rtx-3090-krule/p1-E-k5/runs/chang0926-a-n64-s5/checkpoints/epoch-0021/state.json
3533	2026-09-29T12:03:00Z	gpu-bench/geforce-rtx-3090-krule/p1-E-k5/runs/chang0926-a-n64-s5/config.json
113	2026-09-29T12:01:30Z	gpu-bench/geforce-rtx-3090-krule/p1-E-k5/runs/chang0926-a-n64-s5/cost_contract.json
7473	2026-09-29T12:03:00Z	gpu-bench/geforce-rtx-3090-krule/p1-E-k5/runs/chang0926-a-n64-s5/data_info.json
687	2026-09-29T12:03:00Z	gpu-bench/geforce-rtx-3090-krule/p1-E-k5/runs/chang0926-a-n64-s5/i_decay_speed.json
1982	2026-09-29T12:03:00Z	gpu-bench/geforce-rtx-3090-krule/p1-E-k5/runs/chang0926-a-n64-s5/initialization.json
223	2026-09-29T12:03:00Z	gpu-bench/geforce-rtx-3090-krule/p1-E-k5/runs/chang0926-a-n64-s5/input_std.json
33	2026-09-29T12:31:39Z	gpu-bench/geforce-rtx-3090-krule/p1-E-k5/runs/chang0926-a-n64-s5/latest.json
509293	2026-09-29T12:31:10Z	gpu-bench/geforce-rtx-3090-krule/p1-E-k5/runs/chang0926-a-n64-s5/model_min_ebops.keras
509293	2026-09-29T12:17:44Z	gpu-bench/geforce-rtx-3090-krule/p1-E-k5/runs/chang0926-a-n64-s5/model_unconstrained.keras
350	2026-09-29T12:03:01Z	gpu-bench/geforce-rtx-3090-krule/p1-E-k5/runs/chang0926-a-n64-s5/nondegenerate_rule.json
0	2026-09-29T12:01:30Z	gpu-bench/geforce-rtx-3090-krule/p1-E-k5/runs/chang0926-a-n64-s5/run.lock
1633	2026-09-29T12:31:45Z	gpu-bench/geforce-rtx-3090-krule/p1-E-k5/runs/chang0926-a-n64-s5/screen_result.json
3038	2026-09-29T12:01:30Z	gpu-bench/geforce-rtx-3090-krule/p1-E-k5/runs/chang0926-a-n64-s5/source_manifest.json
509293	2026-09-29T12:31:36Z	gpu-bench/geforce-rtx-3090-krule/p1-E-k5/runs/chang0926-a-n64-s5/validation_candidate.keras
807861	2026-09-29T12:31:45Z	gpu-bench/geforce-rtx-3090-krule/p1-E-k5/runs/chang0926-a-n64-s5/validation_predictions.npz
7442	2026-09-29T12:53:41Z	gpu-bench/geforce-rtx-3090-krule/p2-A07-k2/logs/chang0926-c-n64-s1.log
7441	2026-09-29T12:53:55Z	gpu-bench/geforce-rtx-3090-krule/p2-A07-k2/logs/chang0926-c-n64-s2.log
1325	2026-09-29T12:54:03Z	gpu-bench/geforce-rtx-3090-krule/p2-A07-k2/phase_result.json
23873499	2026-09-29T12:53:31Z	gpu-bench/geforce-rtx-3090-krule/p2-A07-k2/runs/chang0926-c-n64-s1/activation_widths.jsonl
718266	2026-09-29T12:53:33Z	gpu-bench/geforce-rtx-3090-krule/p2-A07-k2/runs/chang0926-c-n64-s1/checkpoints/epoch-0021/model.keras
718266	2026-09-29T12:53:33Z	gpu-bench/geforce-rtx-3090-krule/p2-A07-k2/runs/chang0926-c-n64-s1/checkpoints/epoch-0021/model_best.keras
718266	2026-09-29T12:53:33Z	gpu-bench/geforce-rtx-3090-krule/p2-A07-k2/runs/chang0926-c-n64-s1/checkpoints/epoch-0021/model_best_auc_feasible.keras
718266	2026-09-29T12:53:33Z	gpu-bench/geforce-rtx-3090-krule/p2-A07-k2/runs/chang0926-c-n64-s1/checkpoints/epoch-0021/model_min_ebops.keras
718266	2026-09-29T12:53:33Z	gpu-bench/geforce-rtx-3090-krule/p2-A07-k2/runs/chang0926-c-n64-s1/checkpoints/epoch-0021/model_unconstrained.keras
244818	2026-09-29T12:53:33Z	gpu-bench/geforce-rtx-3090-krule/p2-A07-k2/runs/chang0926-c-n64-s1/checkpoints/epoch-0021/optimizer.npz
2612681	2026-09-29T12:53:33Z	gpu-bench/geforce-rtx-3090-krule/p2-A07-k2/runs/chang0926-c-n64-s1/checkpoints/epoch-0021/state.json
3484	2026-09-29T12:33:02Z	gpu-bench/geforce-rtx-3090-krule/p2-A07-k2/runs/chang0926-c-n64-s1/config.json
114	2026-09-29T12:31:56Z	gpu-bench/geforce-rtx-3090-krule/p2-A07-k2/runs/chang0926-c-n64-s1/cost_contract.json
7473	2026-09-29T12:33:02Z	gpu-bench/geforce-rtx-3090-krule/p2-A07-k2/runs/chang0926-c-n64-s1/data_info.json
687	2026-09-29T12:33:02Z	gpu-bench/geforce-rtx-3090-krule/p2-A07-k2/runs/chang0926-c-n64-s1/i_decay_speed.json
2100	2026-09-29T12:33:01Z	gpu-bench/geforce-rtx-3090-krule/p2-A07-k2/runs/chang0926-c-n64-s1/initialization.json
223	2026-09-29T12:33:02Z	gpu-bench/geforce-rtx-3090-krule/p2-A07-k2/runs/chang0926-c-n64-s1/input_std.json
33	2026-09-29T12:53:33Z	gpu-bench/geforce-rtx-3090-krule/p2-A07-k2/runs/chang0926-c-n64-s1/latest.json
718266	2026-09-29T12:52:47Z	gpu-bench/geforce-rtx-3090-krule/p2-A07-k2/runs/chang0926-c-n64-s1/model_best.keras
718266	2026-09-29T12:52:47Z	gpu-bench/geforce-rtx-3090-krule/p2-A07-k2/runs/chang0926-c-n64-s1/model_best_auc_feasible.keras
718266	2026-09-29T12:52:47Z	gpu-bench/geforce-rtx-3090-krule/p2-A07-k2/runs/chang0926-c-n64-s1/model_min_ebops.keras
718266	2026-09-29T12:43:19Z	gpu-bench/geforce-rtx-3090-krule/p2-A07-k2/runs/chang0926-c-n64-s1/model_unconstrained.keras
350	2026-09-29T12:33:02Z	gpu-bench/geforce-rtx-3090-krule/p2-A07-k2/runs/chang0926-c-n64-s1/nondegenerate_rule.json
0	2026-09-29T12:31:56Z	gpu-bench/geforce-rtx-3090-krule/p2-A07-k2/runs/chang0926-c-n64-s1/run.lock
1633	2026-09-29T12:53:41Z	gpu-bench/geforce-rtx-3090-krule/p2-A07-k2/runs/chang0926-c-n64-s1/screen_result.json
3038	2026-09-29T12:31:56Z	gpu-bench/geforce-rtx-3090-krule/p2-A07-k2/runs/chang0926-c-n64-s1/source_manifest.json
718266	2026-09-29T12:53:30Z	gpu-bench/geforce-rtx-3090-krule/p2-A07-k2/runs/chang0926-c-n64-s1/validation_candidate.keras
923872	2026-09-29T12:53:41Z	gpu-bench/geforce-rtx-3090-krule/p2-A07-k2/runs/chang0926-c-n64-s1/validation_predictions.npz
23195433	2026-09-29T12:53:47Z	gpu-bench/geforce-rtx-3090-krule/p2-A07-k2/runs/chang0926-c-n64-s2/activation_widths.jsonl
718266	2026-09-29T12:53:48Z	gpu-bench/geforce-rtx-3090-krule/p2-A07-k2/runs/chang0926-c-n64-s2/checkpoints/epoch-0021/model.keras
718266	2026-09-29T12:53:48Z	gpu-bench/geforce-rtx-3090-krule/p2-A07-k2/runs/chang0926-c-n64-s2/checkpoints/epoch-0021/model_best.keras
718266	2026-09-29T12:53:48Z	gpu-bench/geforce-rtx-3090-krule/p2-A07-k2/runs/chang0926-c-n64-s2/checkpoints/epoch-0021/model_best_auc_feasible.keras
718266	2026-09-29T12:53:48Z	gpu-bench/geforce-rtx-3090-krule/p2-A07-k2/runs/chang0926-c-n64-s2/checkpoints/epoch-0021/model_min_ebops.keras
718266	2026-09-29T12:53:48Z	gpu-bench/geforce-rtx-3090-krule/p2-A07-k2/runs/chang0926-c-n64-s2/checkpoints/epoch-0021/model_unconstrained.keras
244818	2026-09-29T12:53:48Z	gpu-bench/geforce-rtx-3090-krule/p2-A07-k2/runs/chang0926-c-n64-s2/checkpoints/epoch-0021/optimizer.npz
2612785	2026-09-29T12:53:48Z	gpu-bench/geforce-rtx-3090-krule/p2-A07-k2/runs/chang0926-c-n64-s2/checkpoints/epoch-0021/state.json
3484	2026-09-29T12:33:21Z	gpu-bench/geforce-rtx-3090-krule/p2-A07-k2/runs/chang0926-c-n64-s2/config.json
114	2026-09-29T12:32:11Z	gpu-bench/geforce-rtx-3090-krule/p2-A07-k2/runs/chang0926-c-n64-s2/cost_contract.json
7473	2026-09-29T12:33:21Z	gpu-bench/geforce-rtx-3090-krule/p2-A07-k2/runs/chang0926-c-n64-s2/data_info.json
687	2026-09-29T12:33:21Z	gpu-bench/geforce-rtx-3090-krule/p2-A07-k2/runs/chang0926-c-n64-s2/i_decay_speed.json
2100	2026-09-29T12:33:21Z	gpu-bench/geforce-rtx-3090-krule/p2-A07-k2/runs/chang0926-c-n64-s2/initialization.json
223	2026-09-29T12:33:21Z	gpu-bench/geforce-rtx-3090-krule/p2-A07-k2/runs/chang0926-c-n64-s2/input_std.json
33	2026-09-29T12:53:48Z	gpu-bench/geforce-rtx-3090-krule/p2-A07-k2/runs/chang0926-c-n64-s2/latest.json
718266	2026-09-29T12:53:07Z	gpu-bench/geforce-rtx-3090-krule/p2-A07-k2/runs/chang0926-c-n64-s2/model_best.keras
718266	2026-09-29T12:53:07Z	gpu-bench/geforce-rtx-3090-krule/p2-A07-k2/runs/chang0926-c-n64-s2/model_best_auc_feasible.keras
718266	2026-09-29T12:53:07Z	gpu-bench/geforce-rtx-3090-krule/p2-A07-k2/runs/chang0926-c-n64-s2/model_min_ebops.keras
718266	2026-09-29T12:53:07Z	gpu-bench/geforce-rtx-3090-krule/p2-A07-k2/runs/chang0926-c-n64-s2/model_unconstrained.keras
350	2026-09-29T12:33:21Z	gpu-bench/geforce-rtx-3090-krule/p2-A07-k2/runs/chang0926-c-n64-s2/nondegenerate_rule.json
0	2026-09-29T12:32:11Z	gpu-bench/geforce-rtx-3090-krule/p2-A07-k2/runs/chang0926-c-n64-s2/run.lock
1632	2026-09-29T12:53:55Z	gpu-bench/geforce-rtx-3090-krule/p2-A07-k2/runs/chang0926-c-n64-s2/screen_result.json
3038	2026-09-29T12:32:11Z	gpu-bench/geforce-rtx-3090-krule/p2-A07-k2/runs/chang0926-c-n64-s2/source_manifest.json
718266	2026-09-29T12:53:46Z	gpu-bench/geforce-rtx-3090-krule/p2-A07-k2/runs/chang0926-c-n64-s2/validation_candidate.keras
855901	2026-09-29T12:53:55Z	gpu-bench/geforce-rtx-3090-krule/p2-A07-k2/runs/chang0926-c-n64-s2/validation_predictions.npz
629	2026-09-29T12:00:27Z	gpu-bench/geforce-rtx-3090-krule/plan.json
8101	2026-09-29T12:54:04Z	gpu-bench/geforce-rtx-3090-krule/pod-kai-gpubench-geforce-rtx-3090-krule-m748v.log
29571	2026-09-29T12:54:03Z	gpu-bench/geforce-rtx-3090-krule/samples.csv
4371	2026-09-29T14:02:52Z	gpu-bench/geforce-rtx-4090-klow/bench_result.json
7443	2026-09-29T13:49:34Z	gpu-bench/geforce-rtx-4090-klow/p3-E-k4/logs/chang0926-a-n64-s1.log
7440	2026-09-29T13:50:28Z	gpu-bench/geforce-rtx-4090-klow/p3-E-k4/logs/chang0926-a-n64-s2.log
7439	2026-09-29T13:50:38Z	gpu-bench/geforce-rtx-4090-klow/p3-E-k4/logs/chang0926-a-n64-s3.log
7437	2026-09-29T13:50:46Z	gpu-bench/geforce-rtx-4090-klow/p3-E-k4/logs/chang0926-a-n64-s4.log
2101	2026-09-29T13:50:57Z	gpu-bench/geforce-rtx-4090-klow/p3-E-k4/phase_result.json
11991304	2026-09-29T13:49:21Z	gpu-bench/geforce-rtx-4090-klow/p3-E-k4/runs/chang0926-a-n64-s1/activation_widths.jsonl
509293	2026-09-29T13:49:22Z	gpu-bench/geforce-rtx-4090-klow/p3-E-k4/runs/chang0926-a-n64-s1/checkpoints/epoch-0021/model.keras
509293	2026-09-29T13:49:22Z	gpu-bench/geforce-rtx-4090-klow/p3-E-k4/runs/chang0926-a-n64-s1/checkpoints/epoch-0021/model_min_ebops.keras
509293	2026-09-29T13:49:22Z	gpu-bench/geforce-rtx-4090-klow/p3-E-k4/runs/chang0926-a-n64-s1/checkpoints/epoch-0021/model_unconstrained.keras
134966	2026-09-29T13:49:22Z	gpu-bench/geforce-rtx-4090-klow/p3-E-k4/runs/chang0926-a-n64-s1/checkpoints/epoch-0021/optimizer.npz
1325250	2026-09-29T13:49:22Z	gpu-bench/geforce-rtx-4090-klow/p3-E-k4/runs/chang0926-a-n64-s1/checkpoints/epoch-0021/state.json
3533	2026-09-29T13:31:16Z	gpu-bench/geforce-rtx-4090-klow/p3-E-k4/runs/chang0926-a-n64-s1/config.json
113	2026-09-29T13:30:00Z	gpu-bench/geforce-rtx-4090-klow/p3-E-k4/runs/chang0926-a-n64-s1/cost_contract.json
7473	2026-09-29T13:31:16Z	gpu-bench/geforce-rtx-4090-klow/p3-E-k4/runs/chang0926-a-n64-s1/data_info.json
687	2026-09-29T13:31:16Z	gpu-bench/geforce-rtx-4090-klow/p3-E-k4/runs/chang0926-a-n64-s1/i_decay_speed.json
1982	2026-09-29T13:31:16Z	gpu-bench/geforce-rtx-4090-klow/p3-E-k4/runs/chang0926-a-n64-s1/initialization.json
223	2026-09-29T13:31:16Z	gpu-bench/geforce-rtx-4090-klow/p3-E-k4/runs/chang0926-a-n64-s1/input_std.json
33	2026-09-29T13:49:22Z	gpu-bench/geforce-rtx-4090-klow/p3-E-k4/runs/chang0926-a-n64-s1/latest.json
509293	2026-09-29T13:48:44Z	gpu-bench/geforce-rtx-4090-klow/p3-E-k4/runs/chang0926-a-n64-s1/model_min_ebops.keras
509293	2026-09-29T13:40:33Z	gpu-bench/geforce-rtx-4090-klow/p3-E-k4/runs/chang0926-a-n64-s1/model_unconstrained.keras
350	2026-09-29T13:31:17Z	gpu-bench/geforce-rtx-4090-klow/p3-E-k4/runs/chang0926-a-n64-s1/nondegenerate_rule.json
0	2026-09-29T13:29:59Z	gpu-bench/geforce-rtx-4090-klow/p3-E-k4/runs/chang0926-a-n64-s1/run.lock
1633	2026-09-29T13:49:34Z	gpu-bench/geforce-rtx-4090-klow/p3-E-k4/runs/chang0926-a-n64-s1/screen_result.json
3038	2026-09-29T13:30:00Z	gpu-bench/geforce-rtx-4090-klow/p3-E-k4/runs/chang0926-a-n64-s1/source_manifest.json
509293	2026-09-29T13:49:19Z	gpu-bench/geforce-rtx-4090-klow/p3-E-k4/runs/chang0926-a-n64-s1/validation_candidate.keras
785947	2026-09-29T13:49:34Z	gpu-bench/geforce-rtx-4090-klow/p3-E-k4/runs/chang0926-a-n64-s1/validation_predictions.npz
11938864	2026-09-29T13:50:16Z	gpu-bench/geforce-rtx-4090-klow/p3-E-k4/runs/chang0926-a-n64-s2/activation_widths.jsonl
509293	2026-09-29T13:50:17Z	gpu-bench/geforce-rtx-4090-klow/p3-E-k4/runs/chang0926-a-n64-s2/checkpoints/epoch-0021/model.keras
509293	2026-09-29T13:50:17Z	gpu-bench/geforce-rtx-4090-klow/p3-E-k4/runs/chang0926-a-n64-s2/checkpoints/epoch-0021/model_min_ebops.keras
509293	2026-09-29T13:50:18Z	gpu-bench/geforce-rtx-4090-klow/p3-E-k4/runs/chang0926-a-n64-s2/checkpoints/epoch-0021/model_unconstrained.keras
134966	2026-09-29T13:50:17Z	gpu-bench/geforce-rtx-4090-klow/p3-E-k4/runs/chang0926-a-n64-s2/checkpoints/epoch-0021/optimizer.npz
1325155	2026-09-29T13:50:17Z	gpu-bench/geforce-rtx-4090-klow/p3-E-k4/runs/chang0926-a-n64-s2/checkpoints/epoch-0021/state.json
3533	2026-09-29T13:31:40Z	gpu-bench/geforce-rtx-4090-klow/p3-E-k4/runs/chang0926-a-n64-s2/config.json
113	2026-09-29T13:30:15Z	gpu-bench/geforce-rtx-4090-klow/p3-E-k4/runs/chang0926-a-n64-s2/cost_contract.json
7473	2026-09-29T13:31:40Z	gpu-bench/geforce-rtx-4090-klow/p3-E-k4/runs/chang0926-a-n64-s2/data_info.json
687	2026-09-29T13:31:41Z	gpu-bench/geforce-rtx-4090-klow/p3-E-k4/runs/chang0926-a-n64-s2/i_decay_speed.json
1982	2026-09-29T13:31:40Z	gpu-bench/geforce-rtx-4090-klow/p3-E-k4/runs/chang0926-a-n64-s2/initialization.json
223	2026-09-29T13:31:40Z	gpu-bench/geforce-rtx-4090-klow/p3-E-k4/runs/chang0926-a-n64-s2/input_std.json
33	2026-09-29T13:50:18Z	gpu-bench/geforce-rtx-4090-klow/p3-E-k4/runs/chang0926-a-n64-s2/latest.json
509293	2026-09-29T13:49:52Z	gpu-bench/geforce-rtx-4090-klow/p3-E-k4/runs/chang0926-a-n64-s2/model_min_ebops.keras
509293	2026-09-29T13:41:17Z	gpu-bench/geforce-rtx-4090-klow/p3-E-k4/runs/chang0926-a-n64-s2/model_unconstrained.keras
350	2026-09-29T13:31:41Z	gpu-bench/geforce-rtx-4090-klow/p3-E-k4/runs/chang0926-a-n64-s2/nondegenerate_rule.json
0	2026-09-29T13:30:14Z	gpu-bench/geforce-rtx-4090-klow/p3-E-k4/runs/chang0926-a-n64-s2/run.lock
1633	2026-09-29T13:50:28Z	gpu-bench/geforce-rtx-4090-klow/p3-E-k4/runs/chang0926-a-n64-s2/screen_result.json
3038	2026-09-29T13:30:15Z	gpu-bench/geforce-rtx-4090-klow/p3-E-k4/runs/chang0926-a-n64-s2/source_manifest.json
509293	2026-09-29T13:50:14Z	gpu-bench/geforce-rtx-4090-klow/p3-E-k4/runs/chang0926-a-n64-s2/validation_candidate.keras
733081	2026-09-29T13:50:28Z	gpu-bench/geforce-rtx-4090-klow/p3-E-k4/runs/chang0926-a-n64-s2/validation_predictions.npz
11891603	2026-09-29T13:50:26Z	gpu-bench/geforce-rtx-4090-klow/p3-E-k4/runs/chang0926-a-n64-s3/activation_widths.jsonl
509293	2026-09-29T13:50:28Z	gpu-bench/geforce-rtx-4090-klow/p3-E-k4/runs/chang0926-a-n64-s3/checkpoints/epoch-0021/model.keras
509293	2026-09-29T13:50:28Z	gpu-bench/geforce-rtx-4090-klow/p3-E-k4/runs/chang0926-a-n64-s3/checkpoints/epoch-0021/model_min_ebops.keras
509293	2026-09-29T13:50:28Z	gpu-bench/geforce-rtx-4090-klow/p3-E-k4/runs/chang0926-a-n64-s3/checkpoints/epoch-0021/model_unconstrained.keras
134966	2026-09-29T13:50:28Z	gpu-bench/geforce-rtx-4090-klow/p3-E-k4/runs/chang0926-a-n64-s3/checkpoints/epoch-0021/optimizer.npz
1325151	2026-09-29T13:50:28Z	gpu-bench/geforce-rtx-4090-klow/p3-E-k4/runs/chang0926-a-n64-s3/checkpoints/epoch-0021/state.json
3533	2026-09-29T13:31:57Z	gpu-bench/geforce-rtx-4090-klow/p3-E-k4/runs/chang0926-a-n64-s3/config.json
113	2026-09-29T13:30:30Z	gpu-bench/geforce-rtx-4090-klow/p3-E-k4/runs/chang0926-a-n64-s3/cost_contract.json
7473	2026-09-29T13:31:57Z	gpu-bench/geforce-rtx-4090-klow/p3-E-k4/runs/chang0926-a-n64-s3/data_info.json
687	2026-09-29T13:31:57Z	gpu-bench/geforce-rtx-4090-klow/p3-E-k4/runs/chang0926-a-n64-s3/i_decay_speed.json
1982	2026-09-29T13:31:57Z	gpu-bench/geforce-rtx-4090-klow/p3-E-k4/runs/chang0926-a-n64-s3/initialization.json
223	2026-09-29T13:31:57Z	gpu-bench/geforce-rtx-4090-klow/p3-E-k4/runs/chang0926-a-n64-s3/input_std.json
33	2026-09-29T13:50:28Z	gpu-bench/geforce-rtx-4090-klow/p3-E-k4/runs/chang0926-a-n64-s3/latest.json
509293	2026-09-29T13:50:01Z	gpu-bench/geforce-rtx-4090-klow/p3-E-k4/runs/chang0926-a-n64-s3/model_min_ebops.keras
509293	2026-09-29T13:41:33Z	gpu-bench/geforce-rtx-4090-klow/p3-E-k4/runs/chang0926-a-n64-s3/model_unconstrained.keras
350	2026-09-29T13:31:57Z	gpu-bench/geforce-rtx-4090-klow/p3-E-k4/runs/chang0926-a-n64-s3/nondegenerate_rule.json
0	2026-09-29T13:30:30Z	gpu-bench/geforce-rtx-4090-klow/p3-E-k4/runs/chang0926-a-n64-s3/run.lock
1632	2026-09-29T13:50:38Z	gpu-bench/geforce-rtx-4090-klow/p3-E-k4/runs/chang0926-a-n64-s3/screen_result.json
3038	2026-09-29T13:30:30Z	gpu-bench/geforce-rtx-4090-klow/p3-E-k4/runs/chang0926-a-n64-s3/source_manifest.json
509293	2026-09-29T13:50:25Z	gpu-bench/geforce-rtx-4090-klow/p3-E-k4/runs/chang0926-a-n64-s3/validation_candidate.keras
796713	2026-09-29T13:50:38Z	gpu-bench/geforce-rtx-4090-klow/p3-E-k4/runs/chang0926-a-n64-s3/validation_predictions.npz
11816400	2026-09-29T13:50:35Z	gpu-bench/geforce-rtx-4090-klow/p3-E-k4/runs/chang0926-a-n64-s4/activation_widths.jsonl
509293	2026-09-29T13:50:36Z	gpu-bench/geforce-rtx-4090-klow/p3-E-k4/runs/chang0926-a-n64-s4/checkpoints/epoch-0021/model.keras
509293	2026-09-29T13:50:36Z	gpu-bench/geforce-rtx-4090-klow/p3-E-k4/runs/chang0926-a-n64-s4/checkpoints/epoch-0021/model_min_ebops.keras
509293	2026-09-29T13:50:36Z	gpu-bench/geforce-rtx-4090-klow/p3-E-k4/runs/chang0926-a-n64-s4/checkpoints/epoch-0021/model_unconstrained.keras
134966	2026-09-29T13:50:36Z	gpu-bench/geforce-rtx-4090-klow/p3-E-k4/runs/chang0926-a-n64-s4/checkpoints/epoch-0021/optimizer.npz
1325290	2026-09-29T13:50:36Z	gpu-bench/geforce-rtx-4090-klow/p3-E-k4/runs/chang0926-a-n64-s4/checkpoints/epoch-0021/state.json
3533	2026-09-29T13:32:19Z	gpu-bench/geforce-rtx-4090-klow/p3-E-k4/runs/chang0926-a-n64-s4/config.json
113	2026-09-29T13:30:46Z	gpu-bench/geforce-rtx-4090-klow/p3-E-k4/runs/chang0926-a-n64-s4/cost_contract.json
7473	2026-09-29T13:32:20Z	gpu-bench/geforce-rtx-4090-klow/p3-E-k4/runs/chang0926-a-n64-s4/data_info.json
687	2026-09-29T13:32:20Z	gpu-bench/geforce-rtx-4090-klow/p3-E-k4/runs/chang0926-a-n64-s4/i_decay_speed.json
1982	2026-09-29T13:32:19Z	gpu-bench/geforce-rtx-4090-klow/p3-E-k4/runs/chang0926-a-n64-s4/initialization.json
223	2026-09-29T13:32:20Z	gpu-bench/geforce-rtx-4090-klow/p3-E-k4/runs/chang0926-a-n64-s4/input_std.json
33	2026-09-29T13:50:36Z	gpu-bench/geforce-rtx-4090-klow/p3-E-k4/runs/chang0926-a-n64-s4/latest.json
509293	2026-09-29T13:50:17Z	gpu-bench/geforce-rtx-4090-klow/p3-E-k4/runs/chang0926-a-n64-s4/model_min_ebops.keras
509293	2026-09-29T13:41:50Z	gpu-bench/geforce-rtx-4090-klow/p3-E-k4/runs/chang0926-a-n64-s4/model_unconstrained.keras
350	2026-09-29T13:32:20Z	gpu-bench/geforce-rtx-4090-klow/p3-E-k4/runs/chang0926-a-n64-s4/nondegenerate_rule.json
0	2026-09-29T13:30:46Z	gpu-bench/geforce-rtx-4090-klow/p3-E-k4/runs/chang0926-a-n64-s4/run.lock
1632	2026-09-29T13:50:46Z	gpu-bench/geforce-rtx-4090-klow/p3-E-k4/runs/chang0926-a-n64-s4/screen_result.json
3038	2026-09-29T13:30:46Z	gpu-bench/geforce-rtx-4090-klow/p3-E-k4/runs/chang0926-a-n64-s4/source_manifest.json
509293	2026-09-29T13:50:34Z	gpu-bench/geforce-rtx-4090-klow/p3-E-k4/runs/chang0926-a-n64-s4/validation_candidate.keras
789685	2026-09-29T13:50:46Z	gpu-bench/geforce-rtx-4090-klow/p3-E-k4/runs/chang0926-a-n64-s4/validation_predictions.npz
7437	2026-09-29T14:02:45Z	gpu-bench/geforce-rtx-4090-klow/p4-A07-k1/logs/chang0926-c-n64-s1.log
955	2026-09-29T14:02:52Z	gpu-bench/geforce-rtx-4090-klow/p4-A07-k1/phase_result.json
23444144	2026-09-29T14:02:34Z	gpu-bench/geforce-rtx-4090-klow/p4-A07-k1/runs/chang0926-c-n64-s1/activation_widths.jsonl
718266	2026-09-29T14:02:35Z	gpu-bench/geforce-rtx-4090-klow/p4-A07-k1/runs/chang0926-c-n64-s1/checkpoints/epoch-0021/model.keras
718266	2026-09-29T14:02:35Z	gpu-bench/geforce-rtx-4090-klow/p4-A07-k1/runs/chang0926-c-n64-s1/checkpoints/epoch-0021/model_best.keras
718266	2026-09-29T14:02:36Z	gpu-bench/geforce-rtx-4090-klow/p4-A07-k1/runs/chang0926-c-n64-s1/checkpoints/epoch-0021/model_best_auc_feasible.keras
718266	2026-09-29T14:02:35Z	gpu-bench/geforce-rtx-4090-klow/p4-A07-k1/runs/chang0926-c-n64-s1/checkpoints/epoch-0021/model_min_ebops.keras
718266	2026-09-29T14:02:36Z	gpu-bench/geforce-rtx-4090-klow/p4-A07-k1/runs/chang0926-c-n64-s1/checkpoints/epoch-0021/model_unconstrained.keras
244818	2026-09-29T14:02:35Z	gpu-bench/geforce-rtx-4090-klow/p4-A07-k1/runs/chang0926-c-n64-s1/checkpoints/epoch-0021/optimizer.npz
2612675	2026-09-29T14:02:35Z	gpu-bench/geforce-rtx-4090-klow/p4-A07-k1/runs/chang0926-c-n64-s1/checkpoints/epoch-0021/state.json
3484	2026-09-29T13:52:15Z	gpu-bench/geforce-rtx-4090-klow/p4-A07-k1/runs/chang0926-c-n64-s1/config.json
114	2026-09-29T13:51:01Z	gpu-bench/geforce-rtx-4090-klow/p4-A07-k1/runs/chang0926-c-n64-s1/cost_contract.json
7473	2026-09-29T13:52:15Z	gpu-bench/geforce-rtx-4090-klow/p4-A07-k1/runs/chang0926-c-n64-s1/data_info.json
687	2026-09-29T13:52:15Z	gpu-bench/geforce-rtx-4090-klow/p4-A07-k1/runs/chang0926-c-n64-s1/i_decay_speed.json
2100	2026-09-29T13:52:15Z	gpu-bench/geforce-rtx-4090-klow/p4-A07-k1/runs/chang0926-c-n64-s1/initialization.json
223	2026-09-29T13:52:15Z	gpu-bench/geforce-rtx-4090-klow/p4-A07-k1/runs/chang0926-c-n64-s1/input_std.json
33	2026-09-29T14:02:36Z	gpu-bench/geforce-rtx-4090-klow/p4-A07-k1/runs/chang0926-c-n64-s1/latest.json
718266	2026-09-29T14:02:11Z	gpu-bench/geforce-rtx-4090-klow/p4-A07-k1/runs/chang0926-c-n64-s1/model_best.keras
718266	2026-09-29T14:02:11Z	gpu-bench/geforce-rtx-4090-klow/p4-A07-k1/runs/chang0926-c-n64-s1/model_best_auc_feasible.keras
718266	2026-09-29T14:02:11Z	gpu-bench/geforce-rtx-4090-klow/p4-A07-k1/runs/chang0926-c-n64-s1/model_min_ebops.keras
718266	2026-09-29T13:57:46Z	gpu-bench/geforce-rtx-4090-klow/p4-A07-k1/runs/chang0926-c-n64-s1/model_unconstrained.keras
350	2026-09-29T13:52:16Z	gpu-bench/geforce-rtx-4090-klow/p4-A07-k1/runs/chang0926-c-n64-s1/nondegenerate_rule.json
0	2026-09-29T13:51:00Z	gpu-bench/geforce-rtx-4090-klow/p4-A07-k1/runs/chang0926-c-n64-s1/run.lock
1628	2026-09-29T14:02:45Z	gpu-bench/geforce-rtx-4090-klow/p4-A07-k1/runs/chang0926-c-n64-s1/screen_result.json
3038	2026-09-29T13:51:00Z	gpu-bench/geforce-rtx-4090-klow/p4-A07-k1/runs/chang0926-c-n64-s1/source_manifest.json
718266	2026-09-29T14:02:33Z	gpu-bench/geforce-rtx-4090-klow/p4-A07-k1/runs/chang0926-c-n64-s1/validation_candidate.keras
893622	2026-09-29T14:02:45Z	gpu-bench/geforce-rtx-4090-klow/p4-A07-k1/runs/chang0926-c-n64-s1/validation_predictions.npz
566	2026-09-29T13:29:56Z	gpu-bench/geforce-rtx-4090-klow/plan.json
7916	2026-09-29T14:02:52Z	gpu-bench/geforce-rtx-4090-klow/pod-kai-gpubench-geforce-rtx-4090-klow-5djmp.log
16156	2026-09-29T14:02:52Z	gpu-bench/geforce-rtx-4090-klow/samples.csv
5325	2026-09-29T12:45:49Z	gpu-bench/geforce-rtx-4090-krule/bench_result.json
7443	2026-09-29T12:24:43Z	gpu-bench/geforce-rtx-4090-krule/p1-E-k5/logs/chang0926-a-n64-s1.log
7443	2026-09-29T12:25:10Z	gpu-bench/geforce-rtx-4090-krule/p1-E-k5/logs/chang0926-a-n64-s2.log
7437	2026-09-29T12:25:34Z	gpu-bench/geforce-rtx-4090-krule/p1-E-k5/logs/chang0926-a-n64-s3.log
7442	2026-09-29T12:25:54Z	gpu-bench/geforce-rtx-4090-krule/p1-E-k5/logs/chang0926-a-n64-s4.log
7443	2026-09-29T12:25:58Z	gpu-bench/geforce-rtx-4090-krule/p1-E-k5/logs/chang0926-a-n64-s5.log
2483	2026-09-29T12:26:08Z	gpu-bench/geforce-rtx-4090-krule/p1-E-k5/phase_result.json
12021108	2026-09-29T12:24:31Z	gpu-bench/geforce-rtx-4090-krule/p1-E-k5/runs/chang0926-a-n64-s1/activation_widths.jsonl
509293	2026-09-29T12:24:32Z	gpu-bench/geforce-rtx-4090-krule/p1-E-k5/runs/chang0926-a-n64-s1/checkpoints/epoch-0021/model.keras
509293	2026-09-29T12:24:32Z	gpu-bench/geforce-rtx-4090-krule/p1-E-k5/runs/chang0926-a-n64-s1/checkpoints/epoch-0021/model_min_ebops.keras
509293	2026-09-29T12:24:32Z	gpu-bench/geforce-rtx-4090-krule/p1-E-k5/runs/chang0926-a-n64-s1/checkpoints/epoch-0021/model_unconstrained.keras
134966	2026-09-29T12:24:32Z	gpu-bench/geforce-rtx-4090-krule/p1-E-k5/runs/chang0926-a-n64-s1/checkpoints/epoch-0021/optimizer.npz
1325252	2026-09-29T12:24:32Z	gpu-bench/geforce-rtx-4090-krule/p1-E-k5/runs/chang0926-a-n64-s1/checkpoints/epoch-0021/state.json
3533	2026-09-29T12:02:15Z	gpu-bench/geforce-rtx-4090-krule/p1-E-k5/runs/chang0926-a-n64-s1/config.json
113	2026-09-29T12:00:56Z	gpu-bench/geforce-rtx-4090-krule/p1-E-k5/runs/chang0926-a-n64-s1/cost_contract.json
7473	2026-09-29T12:02:15Z	gpu-bench/geforce-rtx-4090-krule/p1-E-k5/runs/chang0926-a-n64-s1/data_info.json
687	2026-09-29T12:02:16Z	gpu-bench/geforce-rtx-4090-krule/p1-E-k5/runs/chang0926-a-n64-s1/i_decay_speed.json
1982	2026-09-29T12:02:15Z	gpu-bench/geforce-rtx-4090-krule/p1-E-k5/runs/chang0926-a-n64-s1/initialization.json
223	2026-09-29T12:02:16Z	gpu-bench/geforce-rtx-4090-krule/p1-E-k5/runs/chang0926-a-n64-s1/input_std.json
33	2026-09-29T12:24:32Z	gpu-bench/geforce-rtx-4090-krule/p1-E-k5/runs/chang0926-a-n64-s1/latest.json
509293	2026-09-29T12:23:56Z	gpu-bench/geforce-rtx-4090-krule/p1-E-k5/runs/chang0926-a-n64-s1/model_min_ebops.keras
509293	2026-09-29T12:13:30Z	gpu-bench/geforce-rtx-4090-krule/p1-E-k5/runs/chang0926-a-n64-s1/model_unconstrained.keras
350	2026-09-29T12:02:16Z	gpu-bench/geforce-rtx-4090-krule/p1-E-k5/runs/chang0926-a-n64-s1/nondegenerate_rule.json
0	2026-09-29T12:00:56Z	gpu-bench/geforce-rtx-4090-krule/p1-E-k5/runs/chang0926-a-n64-s1/run.lock
1632	2026-09-29T12:24:43Z	gpu-bench/geforce-rtx-4090-krule/p1-E-k5/runs/chang0926-a-n64-s1/screen_result.json
3038	2026-09-29T12:00:56Z	gpu-bench/geforce-rtx-4090-krule/p1-E-k5/runs/chang0926-a-n64-s1/source_manifest.json
509293	2026-09-29T12:24:29Z	gpu-bench/geforce-rtx-4090-krule/p1-E-k5/runs/chang0926-a-n64-s1/validation_candidate.keras
815193	2026-09-29T12:24:43Z	gpu-bench/geforce-rtx-4090-krule/p1-E-k5/runs/chang0926-a-n64-s1/validation_predictions.npz
11824578	2026-09-29T12:24:58Z	gpu-bench/geforce-rtx-4090-krule/p1-E-k5/runs/chang0926-a-n64-s2/activation_widths.jsonl
509293	2026-09-29T12:24:59Z	gpu-bench/geforce-rtx-4090-krule/p1-E-k5/runs/chang0926-a-n64-s2/checkpoints/epoch-0021/model.keras
509293	2026-09-29T12:25:00Z	gpu-bench/geforce-rtx-4090-krule/p1-E-k5/runs/chang0926-a-n64-s2/checkpoints/epoch-0021/model_min_ebops.keras
509293	2026-09-29T12:25:00Z	gpu-bench/geforce-rtx-4090-krule/p1-E-k5/runs/chang0926-a-n64-s2/checkpoints/epoch-0021/model_unconstrained.keras
134966	2026-09-29T12:24:59Z	gpu-bench/geforce-rtx-4090-krule/p1-E-k5/runs/chang0926-a-n64-s2/checkpoints/epoch-0021/optimizer.npz
1325155	2026-09-29T12:25:00Z	gpu-bench/geforce-rtx-4090-krule/p1-E-k5/runs/chang0926-a-n64-s2/checkpoints/epoch-0021/state.json
3533	2026-09-29T12:02:34Z	gpu-bench/geforce-rtx-4090-krule/p1-E-k5/runs/chang0926-a-n64-s2/config.json
113	2026-09-29T12:01:12Z	gpu-bench/geforce-rtx-4090-krule/p1-E-k5/runs/chang0926-a-n64-s2/cost_contract.json
7473	2026-09-29T12:02:34Z	gpu-bench/geforce-rtx-4090-krule/p1-E-k5/runs/chang0926-a-n64-s2/data_info.json
687	2026-09-29T12:02:34Z	gpu-bench/geforce-rtx-4090-krule/p1-E-k5/runs/chang0926-a-n64-s2/i_decay_speed.json
1982	2026-09-29T12:02:33Z	gpu-bench/geforce-rtx-4090-krule/p1-E-k5/runs/chang0926-a-n64-s2/initialization.json
223	2026-09-29T12:02:34Z	gpu-bench/geforce-rtx-4090-krule/p1-E-k5/runs/chang0926-a-n64-s2/input_std.json
33	2026-09-29T12:25:00Z	gpu-bench/geforce-rtx-4090-krule/p1-E-k5/runs/chang0926-a-n64-s2/latest.json
509293	2026-09-29T12:24:36Z	gpu-bench/geforce-rtx-4090-krule/p1-E-k5/runs/chang0926-a-n64-s2/model_min_ebops.keras
509293	2026-09-29T12:13:58Z	gpu-bench/geforce-rtx-4090-krule/p1-E-k5/runs/chang0926-a-n64-s2/model_unconstrained.keras
350	2026-09-29T12:02:34Z	gpu-bench/geforce-rtx-4090-krule/p1-E-k5/runs/chang0926-a-n64-s2/nondegenerate_rule.json
0	2026-09-29T12:01:11Z	gpu-bench/geforce-rtx-4090-krule/p1-E-k5/runs/chang0926-a-n64-s2/run.lock
1634	2026-09-29T12:25:10Z	gpu-bench/geforce-rtx-4090-krule/p1-E-k5/runs/chang0926-a-n64-s2/screen_result.json
3038	2026-09-29T12:01:11Z	gpu-bench/geforce-rtx-4090-krule/p1-E-k5/runs/chang0926-a-n64-s2/source_manifest.json
509293	2026-09-29T12:24:57Z	gpu-bench/geforce-rtx-4090-krule/p1-E-k5/runs/chang0926-a-n64-s2/validation_candidate.keras
741441	2026-09-29T12:25:10Z	gpu-bench/geforce-rtx-4090-krule/p1-E-k5/runs/chang0926-a-n64-s2/validation_predictions.npz
11892768	2026-09-29T12:25:23Z	gpu-bench/geforce-rtx-4090-krule/p1-E-k5/runs/chang0926-a-n64-s3/activation_widths.jsonl
509293	2026-09-29T12:25:24Z	gpu-bench/geforce-rtx-4090-krule/p1-E-k5/runs/chang0926-a-n64-s3/checkpoints/epoch-0021/model.keras
509293	2026-09-29T12:25:24Z	gpu-bench/geforce-rtx-4090-krule/p1-E-k5/runs/chang0926-a-n64-s3/checkpoints/epoch-0021/model_min_ebops.keras
509293	2026-09-29T12:25:24Z	gpu-bench/geforce-rtx-4090-krule/p1-E-k5/runs/chang0926-a-n64-s3/checkpoints/epoch-0021/model_unconstrained.keras
134966	2026-09-29T12:25:24Z	gpu-bench/geforce-rtx-4090-krule/p1-E-k5/runs/chang0926-a-n64-s3/checkpoints/epoch-0021/optimizer.npz
1325151	2026-09-29T12:25:24Z	gpu-bench/geforce-rtx-4090-krule/p1-E-k5/runs/chang0926-a-n64-s3/checkpoints/epoch-0021/state.json
3533	2026-09-29T12:02:57Z	gpu-bench/geforce-rtx-4090-krule/p1-E-k5/runs/chang0926-a-n64-s3/config.json
113	2026-09-29T12:01:27Z	gpu-bench/geforce-rtx-4090-krule/p1-E-k5/runs/chang0926-a-n64-s3/cost_contract.json
7473	2026-09-29T12:02:57Z	gpu-bench/geforce-rtx-4090-krule/p1-E-k5/runs/chang0926-a-n64-s3/data_info.json
687	2026-09-29T12:02:58Z	gpu-bench/geforce-rtx-4090-krule/p1-E-k5/runs/chang0926-a-n64-s3/i_decay_speed.json
1982	2026-09-29T12:02:57Z	gpu-bench/geforce-rtx-4090-krule/p1-E-k5/runs/chang0926-a-n64-s3/initialization.json
223	2026-09-29T12:02:57Z	gpu-bench/geforce-rtx-4090-krule/p1-E-k5/runs/chang0926-a-n64-s3/input_std.json
33	2026-09-29T12:25:24Z	gpu-bench/geforce-rtx-4090-krule/p1-E-k5/runs/chang0926-a-n64-s3/latest.json
509293	2026-09-29T12:25:03Z	gpu-bench/geforce-rtx-4090-krule/p1-E-k5/runs/chang0926-a-n64-s3/model_min_ebops.keras
509293	2026-09-29T12:14:29Z	gpu-bench/geforce-rtx-4090-krule/p1-E-k5/runs/chang0926-a-n64-s3/model_unconstrained.keras
350	2026-09-29T12:02:58Z	gpu-bench/geforce-rtx-4090-krule/p1-E-k5/runs/chang0926-a-n64-s3/nondegenerate_rule.json
0	2026-09-29T12:01:26Z	gpu-bench/geforce-rtx-4090-krule/p1-E-k5/runs/chang0926-a-n64-s3/run.lock
1632	2026-09-29T12:25:34Z	gpu-bench/geforce-rtx-4090-krule/p1-E-k5/runs/chang0926-a-n64-s3/screen_result.json
3038	2026-09-29T12:01:27Z	gpu-bench/geforce-rtx-4090-krule/p1-E-k5/runs/chang0926-a-n64-s3/source_manifest.json
509293	2026-09-29T12:25:21Z	gpu-bench/geforce-rtx-4090-krule/p1-E-k5/runs/chang0926-a-n64-s3/validation_candidate.keras
791737	2026-09-29T12:25:34Z	gpu-bench/geforce-rtx-4090-krule/p1-E-k5/runs/chang0926-a-n64-s3/validation_predictions.npz
11926654	2026-09-29T12:25:44Z	gpu-bench/geforce-rtx-4090-krule/p1-E-k5/runs/chang0926-a-n64-s4/activation_widths.jsonl
509293	2026-09-29T12:25:44Z	gpu-bench/geforce-rtx-4090-krule/p1-E-k5/runs/chang0926-a-n64-s4/checkpoints/epoch-0021/model.keras
509293	2026-09-29T12:25:45Z	gpu-bench/geforce-rtx-4090-krule/p1-E-k5/runs/chang0926-a-n64-s4/checkpoints/epoch-0021/model_min_ebops.keras
509293	2026-09-29T12:25:45Z	gpu-bench/geforce-rtx-4090-krule/p1-E-k5/runs/chang0926-a-n64-s4/checkpoints/epoch-0021/model_unconstrained.keras
134966	2026-09-29T12:25:45Z	gpu-bench/geforce-rtx-4090-krule/p1-E-k5/runs/chang0926-a-n64-s4/checkpoints/epoch-0021/optimizer.npz
1325290	2026-09-29T12:25:45Z	gpu-bench/geforce-rtx-4090-krule/p1-E-k5/runs/chang0926-a-n64-s4/checkpoints/epoch-0021/state.json
3533	2026-09-29T12:03:18Z	gpu-bench/geforce-rtx-4090-krule/p1-E-k5/runs/chang0926-a-n64-s4/config.json
113	2026-09-29T12:01:42Z	gpu-bench/geforce-rtx-4090-krule/p1-E-k5/runs/chang0926-a-n64-s4/cost_contract.json
7473	2026-09-29T12:03:19Z	gpu-bench/geforce-rtx-4090-krule/p1-E-k5/runs/chang0926-a-n64-s4/data_info.json
687	2026-09-29T12:03:19Z	gpu-bench/geforce-rtx-4090-krule/p1-E-k5/runs/chang0926-a-n64-s4/i_decay_speed.json
1982	2026-09-29T12:03:18Z	gpu-bench/geforce-rtx-4090-krule/p1-E-k5/runs/chang0926-a-n64-s4/initialization.json
223	2026-09-29T12:03:19Z	gpu-bench/geforce-rtx-4090-krule/p1-E-k5/runs/chang0926-a-n64-s4/input_std.json
33	2026-09-29T12:25:45Z	gpu-bench/geforce-rtx-4090-krule/p1-E-k5/runs/chang0926-a-n64-s4/latest.json
509293	2026-09-29T12:25:19Z	gpu-bench/geforce-rtx-4090-krule/p1-E-k5/runs/chang0926-a-n64-s4/model_min_ebops.keras
509293	2026-09-29T12:14:51Z	gpu-bench/geforce-rtx-4090-krule/p1-E-k5/runs/chang0926-a-n64-s4/model_unconstrained.keras
350	2026-09-29T12:03:19Z	gpu-bench/geforce-rtx-4090-krule/p1-E-k5/runs/chang0926-a-n64-s4/nondegenerate_rule.json
0	2026-09-29T12:01:42Z	gpu-bench/geforce-rtx-4090-krule/p1-E-k5/runs/chang0926-a-n64-s4/run.lock
1634	2026-09-29T12:25:54Z	gpu-bench/geforce-rtx-4090-krule/p1-E-k5/runs/chang0926-a-n64-s4/screen_result.json
3038	2026-09-29T12:01:42Z	gpu-bench/geforce-rtx-4090-krule/p1-E-k5/runs/chang0926-a-n64-s4/source_manifest.json
509293	2026-09-29T12:25:42Z	gpu-bench/geforce-rtx-4090-krule/p1-E-k5/runs/chang0926-a-n64-s4/validation_candidate.keras
797770	2026-09-29T12:25:54Z	gpu-bench/geforce-rtx-4090-krule/p1-E-k5/runs/chang0926-a-n64-s4/validation_predictions.npz
12201664	2026-09-29T12:25:48Z	gpu-bench/geforce-rtx-4090-krule/p1-E-k5/runs/chang0926-a-n64-s5/activation_widths.jsonl
509293	2026-09-29T12:25:49Z	gpu-bench/geforce-rtx-4090-krule/p1-E-k5/runs/chang0926-a-n64-s5/checkpoints/epoch-0021/model.keras
509293	2026-09-29T12:25:49Z	gpu-bench/geforce-rtx-4090-krule/p1-E-k5/runs/chang0926-a-n64-s5/checkpoints/epoch-0021/model_min_ebops.keras
509293	2026-09-29T12:25:49Z	gpu-bench/geforce-rtx-4090-krule/p1-E-k5/runs/chang0926-a-n64-s5/checkpoints/epoch-0021/model_unconstrained.keras
134966	2026-09-29T12:25:49Z	gpu-bench/geforce-rtx-4090-krule/p1-E-k5/runs/chang0926-a-n64-s5/checkpoints/epoch-0021/optimizer.npz
1325156	2026-09-29T12:25:49Z	gpu-bench/geforce-rtx-4090-krule/p1-E-k5/runs/chang0926-a-n64-s5/checkpoints/epoch-0021/state.json
3533	2026-09-29T12:03:35Z	gpu-bench/geforce-rtx-4090-krule/p1-E-k5/runs/chang0926-a-n64-s5/config.json
113	2026-09-29T12:01:58Z	gpu-bench/geforce-rtx-4090-krule/p1-E-k5/runs/chang0926-a-n64-s5/cost_contract.json
7473	2026-09-29T12:03:35Z	gpu-bench/geforce-rtx-4090-krule/p1-E-k5/runs/chang0926-a-n64-s5/data_info.json
687	2026-09-29T12:03:35Z	gpu-bench/geforce-rtx-4090-krule/p1-E-k5/runs/chang0926-a-n64-s5/i_decay_speed.json
1982	2026-09-29T12:03:35Z	gpu-bench/geforce-rtx-4090-krule/p1-E-k5/runs/chang0926-a-n64-s5/initialization.json
223	2026-09-29T12:03:35Z	gpu-bench/geforce-rtx-4090-krule/p1-E-k5/runs/chang0926-a-n64-s5/input_std.json
33	2026-09-29T12:25:49Z	gpu-bench/geforce-rtx-4090-krule/p1-E-k5/runs/chang0926-a-n64-s5/latest.json
509293	2026-09-29T12:25:24Z	gpu-bench/geforce-rtx-4090-krule/p1-E-k5/runs/chang0926-a-n64-s5/model_min_ebops.keras
509293	2026-09-29T12:15:09Z	gpu-bench/geforce-rtx-4090-krule/p1-E-k5/runs/chang0926-a-n64-s5/model_unconstrained.keras
350	2026-09-29T12:03:35Z	gpu-bench/geforce-rtx-4090-krule/p1-E-k5/runs/chang0926-a-n64-s5/nondegenerate_rule.json
0	2026-09-29T12:01:57Z	gpu-bench/geforce-rtx-4090-krule/p1-E-k5/runs/chang0926-a-n64-s5/run.lock
1634	2026-09-29T12:25:58Z	gpu-bench/geforce-rtx-4090-krule/p1-E-k5/runs/chang0926-a-n64-s5/screen_result.json
3038	2026-09-29T12:01:58Z	gpu-bench/geforce-rtx-4090-krule/p1-E-k5/runs/chang0926-a-n64-s5/source_manifest.json
509293	2026-09-29T12:25:47Z	gpu-bench/geforce-rtx-4090-krule/p1-E-k5/runs/chang0926-a-n64-s5/validation_candidate.keras
786898	2026-09-29T12:25:58Z	gpu-bench/geforce-rtx-4090-krule/p1-E-k5/runs/chang0926-a-n64-s5/validation_predictions.npz
7446	2026-09-29T12:45:27Z	gpu-bench/geforce-rtx-4090-krule/p2-A07-k2/logs/chang0926-c-n64-s1.log
7447	2026-09-29T12:45:39Z	gpu-bench/geforce-rtx-4090-krule/p2-A07-k2/logs/chang0926-c-n64-s2.log
1340	2026-09-29T12:45:49Z	gpu-bench/geforce-rtx-4090-krule/p2-A07-k2/phase_result.json
23126773	2026-09-29T12:45:15Z	gpu-bench/geforce-rtx-4090-krule/p2-A07-k2/runs/chang0926-c-n64-s1/activation_widths.jsonl
718266	2026-09-29T12:45:16Z	gpu-bench/geforce-rtx-4090-krule/p2-A07-k2/runs/chang0926-c-n64-s1/checkpoints/epoch-0021/model.keras
718266	2026-09-29T12:45:16Z	gpu-bench/geforce-rtx-4090-krule/p2-A07-k2/runs/chang0926-c-n64-s1/checkpoints/epoch-0021/model_best.keras
718266	2026-09-29T12:45:17Z	gpu-bench/geforce-rtx-4090-krule/p2-A07-k2/runs/chang0926-c-n64-s1/checkpoints/epoch-0021/model_best_auc_feasible.keras
718266	2026-09-29T12:45:17Z	gpu-bench/geforce-rtx-4090-krule/p2-A07-k2/runs/chang0926-c-n64-s1/checkpoints/epoch-0021/model_min_ebops.keras
718266	2026-09-29T12:45:17Z	gpu-bench/geforce-rtx-4090-krule/p2-A07-k2/runs/chang0926-c-n64-s1/checkpoints/epoch-0021/model_unconstrained.keras
244818	2026-09-29T12:45:16Z	gpu-bench/geforce-rtx-4090-krule/p2-A07-k2/runs/chang0926-c-n64-s1/checkpoints/epoch-0021/optimizer.npz
2612683	2026-09-29T12:45:16Z	gpu-bench/geforce-rtx-4090-krule/p2-A07-k2/runs/chang0926-c-n64-s1/checkpoints/epoch-0021/state.json
3484	2026-09-29T12:27:33Z	gpu-bench/geforce-rtx-4090-krule/p2-A07-k2/runs/chang0926-c-n64-s1/config.json
114	2026-09-29T12:26:12Z	gpu-bench/geforce-rtx-4090-krule/p2-A07-k2/runs/chang0926-c-n64-s1/cost_contract.json
7473	2026-09-29T12:27:33Z	gpu-bench/geforce-rtx-4090-krule/p2-A07-k2/runs/chang0926-c-n64-s1/data_info.json
687	2026-09-29T12:27:34Z	gpu-bench/geforce-rtx-4090-krule/p2-A07-k2/runs/chang0926-c-n64-s1/i_decay_speed.json
2100	2026-09-29T12:27:33Z	gpu-bench/geforce-rtx-4090-krule/p2-A07-k2/runs/chang0926-c-n64-s1/initialization.json
223	2026-09-29T12:27:34Z	gpu-bench/geforce-rtx-4090-krule/p2-A07-k2/runs/chang0926-c-n64-s1/input_std.json
33	2026-09-29T12:45:17Z	gpu-bench/geforce-rtx-4090-krule/p2-A07-k2/runs/chang0926-c-n64-s1/latest.json
718266	2026-09-29T12:44:39Z	gpu-bench/geforce-rtx-4090-krule/p2-A07-k2/runs/chang0926-c-n64-s1/model_best.keras
718266	2026-09-29T12:44:39Z	gpu-bench/geforce-rtx-4090-krule/p2-A07-k2/runs/chang0926-c-n64-s1/model_best_auc_feasible.keras
718266	2026-09-29T12:44:39Z	gpu-bench/geforce-rtx-4090-krule/p2-A07-k2/runs/chang0926-c-n64-s1/model_min_ebops.keras
718266	2026-09-29T12:44:39Z	gpu-bench/geforce-rtx-4090-krule/p2-A07-k2/runs/chang0926-c-n64-s1/model_unconstrained.keras
350	2026-09-29T12:27:34Z	gpu-bench/geforce-rtx-4090-krule/p2-A07-k2/runs/chang0926-c-n64-s1/nondegenerate_rule.json
0	2026-09-29T12:26:12Z	gpu-bench/geforce-rtx-4090-krule/p2-A07-k2/runs/chang0926-c-n64-s1/run.lock
1633	2026-09-29T12:45:27Z	gpu-bench/geforce-rtx-4090-krule/p2-A07-k2/runs/chang0926-c-n64-s1/screen_result.json
3038	2026-09-29T12:26:12Z	gpu-bench/geforce-rtx-4090-krule/p2-A07-k2/runs/chang0926-c-n64-s1/source_manifest.json
718266	2026-09-29T12:45:13Z	gpu-bench/geforce-rtx-4090-krule/p2-A07-k2/runs/chang0926-c-n64-s1/validation_candidate.keras
926683	2026-09-29T12:45:27Z	gpu-bench/geforce-rtx-4090-krule/p2-A07-k2/runs/chang0926-c-n64-s1/validation_predictions.npz
23531331	2026-09-29T12:45:28Z	gpu-bench/geforce-rtx-4090-krule/p2-A07-k2/runs/chang0926-c-n64-s2/activation_widths.jsonl
718266	2026-09-29T12:45:29Z	gpu-bench/geforce-rtx-4090-krule/p2-A07-k2/runs/chang0926-c-n64-s2/checkpoints/epoch-0021/model.keras
718266	2026-09-29T12:45:29Z	gpu-bench/geforce-rtx-4090-krule/p2-A07-k2/runs/chang0926-c-n64-s2/checkpoints/epoch-0021/model_best.keras
718266	2026-09-29T12:45:29Z	gpu-bench/geforce-rtx-4090-krule/p2-A07-k2/runs/chang0926-c-n64-s2/checkpoints/epoch-0021/model_best_auc_feasible.keras
718266	2026-09-29T12:45:29Z	gpu-bench/geforce-rtx-4090-krule/p2-A07-k2/runs/chang0926-c-n64-s2/checkpoints/epoch-0021/model_min_ebops.keras
718266	2026-09-29T12:45:29Z	gpu-bench/geforce-rtx-4090-krule/p2-A07-k2/runs/chang0926-c-n64-s2/checkpoints/epoch-0021/model_unconstrained.keras
244818	2026-09-29T12:45:29Z	gpu-bench/geforce-rtx-4090-krule/p2-A07-k2/runs/chang0926-c-n64-s2/checkpoints/epoch-0021/optimizer.npz
2612784	2026-09-29T12:45:29Z	gpu-bench/geforce-rtx-4090-krule/p2-A07-k2/runs/chang0926-c-n64-s2/checkpoints/epoch-0021/state.json
3484	2026-09-29T12:27:48Z	gpu-bench/geforce-rtx-4090-krule/p2-A07-k2/runs/chang0926-c-n64-s2/config.json
114	2026-09-29T12:26:28Z	gpu-bench/geforce-rtx-4090-krule/p2-A07-k2/runs/chang0926-c-n64-s2/cost_contract.json
7473	2026-09-29T12:27:48Z	gpu-bench/geforce-rtx-4090-krule/p2-A07-k2/runs/chang0926-c-n64-s2/data_info.json
687	2026-09-29T12:27:48Z	gpu-bench/geforce-rtx-4090-krule/p2-A07-k2/runs/chang0926-c-n64-s2/i_decay_speed.json
2100	2026-09-29T12:27:48Z	gpu-bench/geforce-rtx-4090-krule/p2-A07-k2/runs/chang0926-c-n64-s2/initialization.json
223	2026-09-29T12:27:48Z	gpu-bench/geforce-rtx-4090-krule/p2-A07-k2/runs/chang0926-c-n64-s2/input_std.json
33	2026-09-29T12:45:29Z	gpu-bench/geforce-rtx-4090-krule/p2-A07-k2/runs/chang0926-c-n64-s2/latest.json
718266	2026-09-29T12:44:56Z	gpu-bench/geforce-rtx-4090-krule/p2-A07-k2/runs/chang0926-c-n64-s2/model_best.keras
718266	2026-09-29T12:44:56Z	gpu-bench/geforce-rtx-4090-krule/p2-A07-k2/runs/chang0926-c-n64-s2/model_best_auc_feasible.keras
718266	2026-09-29T12:44:56Z	gpu-bench/geforce-rtx-4090-krule/p2-A07-k2/runs/chang0926-c-n64-s2/model_min_ebops.keras
718266	2026-09-29T12:36:57Z	gpu-bench/geforce-rtx-4090-krule/p2-A07-k2/runs/chang0926-c-n64-s2/model_unconstrained.keras
350	2026-09-29T12:27:48Z	gpu-bench/geforce-rtx-4090-krule/p2-A07-k2/runs/chang0926-c-n64-s2/nondegenerate_rule.json
0	2026-09-29T12:26:27Z	gpu-bench/geforce-rtx-4090-krule/p2-A07-k2/runs/chang0926-c-n64-s2/run.lock
1633	2026-09-29T12:45:39Z	gpu-bench/geforce-rtx-4090-krule/p2-A07-k2/runs/chang0926-c-n64-s2/screen_result.json
3038	2026-09-29T12:26:27Z	gpu-bench/geforce-rtx-4090-krule/p2-A07-k2/runs/chang0926-c-n64-s2/source_manifest.json
718266	2026-09-29T12:45:27Z	gpu-bench/geforce-rtx-4090-krule/p2-A07-k2/runs/chang0926-c-n64-s2/validation_candidate.keras
814398	2026-09-29T12:45:39Z	gpu-bench/geforce-rtx-4090-krule/p2-A07-k2/runs/chang0926-c-n64-s2/validation_predictions.npz
629	2026-09-29T12:00:53Z	gpu-bench/geforce-rtx-4090-krule/plan.json
8338	2026-09-29T12:45:49Z	gpu-bench/geforce-rtx-4090-krule/pod-kai-gpubench-geforce-rtx-4090-krule-9wwlj.log
25879	2026-09-29T12:45:49Z	gpu-bench/geforce-rtx-4090-krule/samples.csv
4823	2026-09-29T14:51:53Z	gpu-bench/rtx-a6000-klow/bench_result.json
7434	2026-09-29T14:25:19Z	gpu-bench/rtx-a6000-klow/p3-E-k4/logs/chang0926-a-n64-s1.log
7437	2026-09-29T14:26:03Z	gpu-bench/rtx-a6000-klow/p3-E-k4/logs/chang0926-a-n64-s2.log
7438	2026-09-29T14:26:23Z	gpu-bench/rtx-a6000-klow/p3-E-k4/logs/chang0926-a-n64-s3.log
7434	2026-09-29T14:26:29Z	gpu-bench/rtx-a6000-klow/p3-E-k4/logs/chang0926-a-n64-s4.log
2096	2026-09-29T14:26:37Z	gpu-bench/rtx-a6000-klow/p3-E-k4/phase_result.json
11996449	2026-09-29T14:25:10Z	gpu-bench/rtx-a6000-klow/p3-E-k4/runs/chang0926-a-n64-s1/activation_widths.jsonl
509293	2026-09-29T14:25:11Z	gpu-bench/rtx-a6000-klow/p3-E-k4/runs/chang0926-a-n64-s1/checkpoints/epoch-0021/model.keras
509293	2026-09-29T14:25:11Z	gpu-bench/rtx-a6000-klow/p3-E-k4/runs/chang0926-a-n64-s1/checkpoints/epoch-0021/model_min_ebops.keras
509293	2026-09-29T14:25:11Z	gpu-bench/rtx-a6000-klow/p3-E-k4/runs/chang0926-a-n64-s1/checkpoints/epoch-0021/model_unconstrained.keras
134966	2026-09-29T14:25:11Z	gpu-bench/rtx-a6000-klow/p3-E-k4/runs/chang0926-a-n64-s1/checkpoints/epoch-0021/optimizer.npz
1325251	2026-09-29T14:25:11Z	gpu-bench/rtx-a6000-klow/p3-E-k4/runs/chang0926-a-n64-s1/checkpoints/epoch-0021/state.json
3533	2026-09-29T13:59:04Z	gpu-bench/rtx-a6000-klow/p3-E-k4/runs/chang0926-a-n64-s1/config.json
113	2026-09-29T13:58:04Z	gpu-bench/rtx-a6000-klow/p3-E-k4/runs/chang0926-a-n64-s1/cost_contract.json
7473	2026-09-29T13:59:04Z	gpu-bench/rtx-a6000-klow/p3-E-k4/runs/chang0926-a-n64-s1/data_info.json
687	2026-09-29T13:59:05Z	gpu-bench/rtx-a6000-klow/p3-E-k4/runs/chang0926-a-n64-s1/i_decay_speed.json
1982	2026-09-29T13:59:04Z	gpu-bench/rtx-a6000-klow/p3-E-k4/runs/chang0926-a-n64-s1/initialization.json
223	2026-09-29T13:59:04Z	gpu-bench/rtx-a6000-klow/p3-E-k4/runs/chang0926-a-n64-s1/input_std.json
33	2026-09-29T14:25:11Z	gpu-bench/rtx-a6000-klow/p3-E-k4/runs/chang0926-a-n64-s1/latest.json
509293	2026-09-29T14:24:24Z	gpu-bench/rtx-a6000-klow/p3-E-k4/runs/chang0926-a-n64-s1/model_min_ebops.keras
509293	2026-09-29T14:12:04Z	gpu-bench/rtx-a6000-klow/p3-E-k4/runs/chang0926-a-n64-s1/model_unconstrained.keras
350	2026-09-29T13:59:05Z	gpu-bench/rtx-a6000-klow/p3-E-k4/runs/chang0926-a-n64-s1/nondegenerate_rule.json
0	2026-09-29T13:58:04Z	gpu-bench/rtx-a6000-klow/p3-E-k4/runs/chang0926-a-n64-s1/run.lock
1631	2026-09-29T14:25:19Z	gpu-bench/rtx-a6000-klow/p3-E-k4/runs/chang0926-a-n64-s1/screen_result.json
3038	2026-09-29T13:58:04Z	gpu-bench/rtx-a6000-klow/p3-E-k4/runs/chang0926-a-n64-s1/source_manifest.json
509293	2026-09-29T14:25:08Z	gpu-bench/rtx-a6000-klow/p3-E-k4/runs/chang0926-a-n64-s1/validation_candidate.keras
724966	2026-09-29T14:25:18Z	gpu-bench/rtx-a6000-klow/p3-E-k4/runs/chang0926-a-n64-s1/validation_predictions.npz
12010852	2026-09-29T14:25:53Z	gpu-bench/rtx-a6000-klow/p3-E-k4/runs/chang0926-a-n64-s2/activation_widths.jsonl
509293	2026-09-29T14:25:54Z	gpu-bench/rtx-a6000-klow/p3-E-k4/runs/chang0926-a-n64-s2/checkpoints/epoch-0021/model.keras
509293	2026-09-29T14:25:55Z	gpu-bench/rtx-a6000-klow/p3-E-k4/runs/chang0926-a-n64-s2/checkpoints/epoch-0021/model_min_ebops.keras
509293	2026-09-29T14:25:55Z	gpu-bench/rtx-a6000-klow/p3-E-k4/runs/chang0926-a-n64-s2/checkpoints/epoch-0021/model_unconstrained.keras
134966	2026-09-29T14:25:54Z	gpu-bench/rtx-a6000-klow/p3-E-k4/runs/chang0926-a-n64-s2/checkpoints/epoch-0021/optimizer.npz
1325154	2026-09-29T14:25:54Z	gpu-bench/rtx-a6000-klow/p3-E-k4/runs/chang0926-a-n64-s2/checkpoints/epoch-0021/state.json
3533	2026-09-29T13:59:28Z	gpu-bench/rtx-a6000-klow/p3-E-k4/runs/chang0926-a-n64-s2/config.json
113	2026-09-29T13:58:19Z	gpu-bench/rtx-a6000-klow/p3-E-k4/runs/chang0926-a-n64-s2/cost_contract.json
7473	2026-09-29T13:59:28Z	gpu-bench/rtx-a6000-klow/p3-E-k4/runs/chang0926-a-n64-s2/data_info.json
687	2026-09-29T13:59:28Z	gpu-bench/rtx-a6000-klow/p3-E-k4/runs/chang0926-a-n64-s2/i_decay_speed.json
1982	2026-09-29T13:59:27Z	gpu-bench/rtx-a6000-klow/p3-E-k4/runs/chang0926-a-n64-s2/initialization.json
223	2026-09-29T13:59:28Z	gpu-bench/rtx-a6000-klow/p3-E-k4/runs/chang0926-a-n64-s2/input_std.json
33	2026-09-29T14:25:55Z	gpu-bench/rtx-a6000-klow/p3-E-k4/runs/chang0926-a-n64-s2/latest.json
509293	2026-09-29T14:25:17Z	gpu-bench/rtx-a6000-klow/p3-E-k4/runs/chang0926-a-n64-s2/model_min_ebops.keras
509293	2026-09-29T14:12:47Z	gpu-bench/rtx-a6000-klow/p3-E-k4/runs/chang0926-a-n64-s2/model_unconstrained.keras
350	2026-09-29T13:59:28Z	gpu-bench/rtx-a6000-klow/p3-E-k4/runs/chang0926-a-n64-s2/nondegenerate_rule.json
0	2026-09-29T13:58:19Z	gpu-bench/rtx-a6000-klow/p3-E-k4/runs/chang0926-a-n64-s2/run.lock
1634	2026-09-29T14:26:02Z	gpu-bench/rtx-a6000-klow/p3-E-k4/runs/chang0926-a-n64-s2/screen_result.json
3038	2026-09-29T13:58:19Z	gpu-bench/rtx-a6000-klow/p3-E-k4/runs/chang0926-a-n64-s2/source_manifest.json
509293	2026-09-29T14:25:51Z	gpu-bench/rtx-a6000-klow/p3-E-k4/runs/chang0926-a-n64-s2/validation_candidate.keras
737216	2026-09-29T14:26:02Z	gpu-bench/rtx-a6000-klow/p3-E-k4/runs/chang0926-a-n64-s2/validation_predictions.npz
11801205	2026-09-29T14:26:14Z	gpu-bench/rtx-a6000-klow/p3-E-k4/runs/chang0926-a-n64-s3/activation_widths.jsonl
509293	2026-09-29T14:26:15Z	gpu-bench/rtx-a6000-klow/p3-E-k4/runs/chang0926-a-n64-s3/checkpoints/epoch-0021/model.keras
509293	2026-09-29T14:26:16Z	gpu-bench/rtx-a6000-klow/p3-E-k4/runs/chang0926-a-n64-s3/checkpoints/epoch-0021/model_min_ebops.keras
509293	2026-09-29T14:26:16Z	gpu-bench/rtx-a6000-klow/p3-E-k4/runs/chang0926-a-n64-s3/checkpoints/epoch-0021/model_unconstrained.keras
134966	2026-09-29T14:26:16Z	gpu-bench/rtx-a6000-klow/p3-E-k4/runs/chang0926-a-n64-s3/checkpoints/epoch-0021/optimizer.npz
1325152	2026-09-29T14:26:16Z	gpu-bench/rtx-a6000-klow/p3-E-k4/runs/chang0926-a-n64-s3/checkpoints/epoch-0021/state.json
3533	2026-09-29T13:59:52Z	gpu-bench/rtx-a6000-klow/p3-E-k4/runs/chang0926-a-n64-s3/config.json
113	2026-09-29T13:58:34Z	gpu-bench/rtx-a6000-klow/p3-E-k4/runs/chang0926-a-n64-s3/cost_contract.json
7473	2026-09-29T13:59:52Z	gpu-bench/rtx-a6000-klow/p3-E-k4/runs/chang0926-a-n64-s3/data_info.json
687	2026-09-29T13:59:52Z	gpu-bench/rtx-a6000-klow/p3-E-k4/runs/chang0926-a-n64-s3/i_decay_speed.json
1982	2026-09-29T13:59:51Z	gpu-bench/rtx-a6000-klow/p3-E-k4/runs/chang0926-a-n64-s3/initialization.json
223	2026-09-29T13:59:52Z	gpu-bench/rtx-a6000-klow/p3-E-k4/runs/chang0926-a-n64-s3/input_std.json
33	2026-09-29T14:26:16Z	gpu-bench/rtx-a6000-klow/p3-E-k4/runs/chang0926-a-n64-s3/latest.json
509293	2026-09-29T14:25:34Z	gpu-bench/rtx-a6000-klow/p3-E-k4/runs/chang0926-a-n64-s3/model_min_ebops.keras
509293	2026-09-29T14:13:12Z	gpu-bench/rtx-a6000-klow/p3-E-k4/runs/chang0926-a-n64-s3/model_unconstrained.keras
350	2026-09-29T13:59:52Z	gpu-bench/rtx-a6000-klow/p3-E-k4/runs/chang0926-a-n64-s3/nondegenerate_rule.json
0	2026-09-29T13:58:34Z	gpu-bench/rtx-a6000-klow/p3-E-k4/runs/chang0926-a-n64-s3/run.lock
1633	2026-09-29T14:26:23Z	gpu-bench/rtx-a6000-klow/p3-E-k4/runs/chang0926-a-n64-s3/screen_result.json
3038	2026-09-29T13:58:34Z	gpu-bench/rtx-a6000-klow/p3-E-k4/runs/chang0926-a-n64-s3/source_manifest.json
509293	2026-09-29T14:26:13Z	gpu-bench/rtx-a6000-klow/p3-E-k4/runs/chang0926-a-n64-s3/validation_candidate.keras
825207	2026-09-29T14:26:23Z	gpu-bench/rtx-a6000-klow/p3-E-k4/runs/chang0926-a-n64-s3/validation_predictions.npz
11974274	2026-09-29T14:26:21Z	gpu-bench/rtx-a6000-klow/p3-E-k4/runs/chang0926-a-n64-s4/activation_widths.jsonl
509293	2026-09-29T14:26:22Z	gpu-bench/rtx-a6000-klow/p3-E-k4/runs/chang0926-a-n64-s4/checkpoints/epoch-0021/model.keras
509293	2026-09-29T14:26:22Z	gpu-bench/rtx-a6000-klow/p3-E-k4/runs/chang0926-a-n64-s4/checkpoints/epoch-0021/model_min_ebops.keras
509293	2026-09-29T14:26:22Z	gpu-bench/rtx-a6000-klow/p3-E-k4/runs/chang0926-a-n64-s4/checkpoints/epoch-0021/model_unconstrained.keras
134966	2026-09-29T14:26:22Z	gpu-bench/rtx-a6000-klow/p3-E-k4/runs/chang0926-a-n64-s4/checkpoints/epoch-0021/optimizer.npz
1325291	2026-09-29T14:26:22Z	gpu-bench/rtx-a6000-klow/p3-E-k4/runs/chang0926-a-n64-s4/checkpoints/epoch-0021/state.json
3533	2026-09-29T14:00:15Z	gpu-bench/rtx-a6000-klow/p3-E-k4/runs/chang0926-a-n64-s4/config.json
113	2026-09-29T13:58:49Z	gpu-bench/rtx-a6000-klow/p3-E-k4/runs/chang0926-a-n64-s4/cost_contract.json
7473	2026-09-29T14:00:15Z	gpu-bench/rtx-a6000-klow/p3-E-k4/runs/chang0926-a-n64-s4/data_info.json
687	2026-09-29T14:00:15Z	gpu-bench/rtx-a6000-klow/p3-E-k4/runs/chang0926-a-n64-s4/i_decay_speed.json
1982	2026-09-29T14:00:14Z	gpu-bench/rtx-a6000-klow/p3-E-k4/runs/chang0926-a-n64-s4/initialization.json
223	2026-09-29T14:00:15Z	gpu-bench/rtx-a6000-klow/p3-E-k4/runs/chang0926-a-n64-s4/input_std.json
33	2026-09-29T14:26:23Z	gpu-bench/rtx-a6000-klow/p3-E-k4/runs/chang0926-a-n64-s4/latest.json
509293	2026-09-29T14:25:49Z	gpu-bench/rtx-a6000-klow/p3-E-k4/runs/chang0926-a-n64-s4/model_min_ebops.keras
509293	2026-09-29T14:13:34Z	gpu-bench/rtx-a6000-klow/p3-E-k4/runs/chang0926-a-n64-s4/model_unconstrained.keras
350	2026-09-29T14:00:15Z	gpu-bench/rtx-a6000-klow/p3-E-k4/runs/chang0926-a-n64-s4/nondegenerate_rule.json
0	2026-09-29T13:58:49Z	gpu-bench/rtx-a6000-klow/p3-E-k4/runs/chang0926-a-n64-s4/run.lock
1634	2026-09-29T14:26:29Z	gpu-bench/rtx-a6000-klow/p3-E-k4/runs/chang0926-a-n64-s4/screen_result.json
3038	2026-09-29T13:58:49Z	gpu-bench/rtx-a6000-klow/p3-E-k4/runs/chang0926-a-n64-s4/source_manifest.json
509293	2026-09-29T14:26:20Z	gpu-bench/rtx-a6000-klow/p3-E-k4/runs/chang0926-a-n64-s4/validation_candidate.keras
761741	2026-09-29T14:26:29Z	gpu-bench/rtx-a6000-klow/p3-E-k4/runs/chang0926-a-n64-s4/validation_predictions.npz
7451	2026-09-29T14:51:28Z	gpu-bench/rtx-a6000-klow/p4-A07-k2/logs/chang0926-c-n64-s1.log
7455	2026-09-29T14:51:45Z	gpu-bench/rtx-a6000-klow/p4-A07-k2/logs/chang0926-c-n64-s2.log
1341	2026-09-29T14:51:52Z	gpu-bench/rtx-a6000-klow/p4-A07-k2/phase_result.json
23834147	2026-09-29T14:51:19Z	gpu-bench/rtx-a6000-klow/p4-A07-k2/runs/chang0926-c-n64-s1/activation_widths.jsonl
718266	2026-09-29T14:51:20Z	gpu-bench/rtx-a6000-klow/p4-A07-k2/runs/chang0926-c-n64-s1/checkpoints/epoch-0021/model.keras
718266	2026-09-29T14:51:20Z	gpu-bench/rtx-a6000-klow/p4-A07-k2/runs/chang0926-c-n64-s1/checkpoints/epoch-0021/model_best.keras
718266	2026-09-29T14:51:21Z	gpu-bench/rtx-a6000-klow/p4-A07-k2/runs/chang0926-c-n64-s1/checkpoints/epoch-0021/model_best_auc_feasible.keras
718266	2026-09-29T14:51:21Z	gpu-bench/rtx-a6000-klow/p4-A07-k2/runs/chang0926-c-n64-s1/checkpoints/epoch-0021/model_min_ebops.keras
718266	2026-09-29T14:51:21Z	gpu-bench/rtx-a6000-klow/p4-A07-k2/runs/chang0926-c-n64-s1/checkpoints/epoch-0021/model_unconstrained.keras
244818	2026-09-29T14:51:20Z	gpu-bench/rtx-a6000-klow/p4-A07-k2/runs/chang0926-c-n64-s1/checkpoints/epoch-0021/optimizer.npz
2612681	2026-09-29T14:51:20Z	gpu-bench/rtx-a6000-klow/p4-A07-k2/runs/chang0926-c-n64-s1/checkpoints/epoch-0021/state.json
3484	2026-09-29T14:27:50Z	gpu-bench/rtx-a6000-klow/p4-A07-k2/runs/chang0926-c-n64-s1/config.json
114	2026-09-29T14:26:40Z	gpu-bench/rtx-a6000-klow/p4-A07-k2/runs/chang0926-c-n64-s1/cost_contract.json
7473	2026-09-29T14:27:50Z	gpu-bench/rtx-a6000-klow/p4-A07-k2/runs/chang0926-c-n64-s1/data_info.json
687	2026-09-29T14:27:51Z	gpu-bench/rtx-a6000-klow/p4-A07-k2/runs/chang0926-c-n64-s1/i_decay_speed.json
2100	2026-09-29T14:27:50Z	gpu-bench/rtx-a6000-klow/p4-A07-k2/runs/chang0926-c-n64-s1/initialization.json
223	2026-09-29T14:27:51Z	gpu-bench/rtx-a6000-klow/p4-A07-k2/runs/chang0926-c-n64-s1/input_std.json
33	2026-09-29T14:51:21Z	gpu-bench/rtx-a6000-klow/p4-A07-k2/runs/chang0926-c-n64-s1/latest.json
718266	2026-09-29T14:50:27Z	gpu-bench/rtx-a6000-klow/p4-A07-k2/runs/chang0926-c-n64-s1/model_best.keras
718266	2026-09-29T14:50:27Z	gpu-bench/rtx-a6000-klow/p4-A07-k2/runs/chang0926-c-n64-s1/model_best_auc_feasible.keras
718266	2026-09-29T14:50:27Z	gpu-bench/rtx-a6000-klow/p4-A07-k2/runs/chang0926-c-n64-s1/model_min_ebops.keras
718266	2026-09-29T14:39:35Z	gpu-bench/rtx-a6000-klow/p4-A07-k2/runs/chang0926-c-n64-s1/model_unconstrained.keras
350	2026-09-29T14:27:51Z	gpu-bench/rtx-a6000-klow/p4-A07-k2/runs/chang0926-c-n64-s1/nondegenerate_rule.json
0	2026-09-29T14:26:40Z	gpu-bench/rtx-a6000-klow/p4-A07-k2/runs/chang0926-c-n64-s1/run.lock
1632	2026-09-29T14:51:28Z	gpu-bench/rtx-a6000-klow/p4-A07-k2/runs/chang0926-c-n64-s1/screen_result.json
3038	2026-09-29T14:26:40Z	gpu-bench/rtx-a6000-klow/p4-A07-k2/runs/chang0926-c-n64-s1/source_manifest.json
718266	2026-09-29T14:51:17Z	gpu-bench/rtx-a6000-klow/p4-A07-k2/runs/chang0926-c-n64-s1/validation_candidate.keras
793313	2026-09-29T14:51:28Z	gpu-bench/rtx-a6000-klow/p4-A07-k2/runs/chang0926-c-n64-s1/validation_predictions.npz
23427199	2026-09-29T14:51:35Z	gpu-bench/rtx-a6000-klow/p4-A07-k2/runs/chang0926-c-n64-s2/activation_widths.jsonl
718266	2026-09-29T14:51:37Z	gpu-bench/rtx-a6000-klow/p4-A07-k2/runs/chang0926-c-n64-s2/checkpoints/epoch-0021/model.keras
718266	2026-09-29T14:51:37Z	gpu-bench/rtx-a6000-klow/p4-A07-k2/runs/chang0926-c-n64-s2/checkpoints/epoch-0021/model_best.keras
718266	2026-09-29T14:51:37Z	gpu-bench/rtx-a6000-klow/p4-A07-k2/runs/chang0926-c-n64-s2/checkpoints/epoch-0021/model_best_auc_feasible.keras
718266	2026-09-29T14:51:37Z	gpu-bench/rtx-a6000-klow/p4-A07-k2/runs/chang0926-c-n64-s2/checkpoints/epoch-0021/model_min_ebops.keras
718266	2026-09-29T14:51:37Z	gpu-bench/rtx-a6000-klow/p4-A07-k2/runs/chang0926-c-n64-s2/checkpoints/epoch-0021/model_unconstrained.keras
244818	2026-09-29T14:51:37Z	gpu-bench/rtx-a6000-klow/p4-A07-k2/runs/chang0926-c-n64-s2/checkpoints/epoch-0021/optimizer.npz
2612783	2026-09-29T14:51:37Z	gpu-bench/rtx-a6000-klow/p4-A07-k2/runs/chang0926-c-n64-s2/checkpoints/epoch-0021/state.json
3484	2026-09-29T14:28:10Z	gpu-bench/rtx-a6000-klow/p4-A07-k2/runs/chang0926-c-n64-s2/config.json
114	2026-09-29T14:26:55Z	gpu-bench/rtx-a6000-klow/p4-A07-k2/runs/chang0926-c-n64-s2/cost_contract.json
7473	2026-09-29T14:28:10Z	gpu-bench/rtx-a6000-klow/p4-A07-k2/runs/chang0926-c-n64-s2/data_info.json
687	2026-09-29T14:28:11Z	gpu-bench/rtx-a6000-klow/p4-A07-k2/runs/chang0926-c-n64-s2/i_decay_speed.json
2100	2026-09-29T14:28:10Z	gpu-bench/rtx-a6000-klow/p4-A07-k2/runs/chang0926-c-n64-s2/initialization.json
223	2026-09-29T14:28:10Z	gpu-bench/rtx-a6000-klow/p4-A07-k2/runs/chang0926-c-n64-s2/input_std.json
33	2026-09-29T14:51:37Z	gpu-bench/rtx-a6000-klow/p4-A07-k2/runs/chang0926-c-n64-s2/latest.json
718266	2026-09-29T14:50:49Z	gpu-bench/rtx-a6000-klow/p4-A07-k2/runs/chang0926-c-n64-s2/model_best.keras
718266	2026-09-29T14:50:49Z	gpu-bench/rtx-a6000-klow/p4-A07-k2/runs/chang0926-c-n64-s2/model_best_auc_feasible.keras
718266	2026-09-29T14:50:49Z	gpu-bench/rtx-a6000-klow/p4-A07-k2/runs/chang0926-c-n64-s2/model_min_ebops.keras
718266	2026-09-29T14:39:58Z	gpu-bench/rtx-a6000-klow/p4-A07-k2/runs/chang0926-c-n64-s2/model_unconstrained.keras
350	2026-09-29T14:28:11Z	gpu-bench/rtx-a6000-klow/p4-A07-k2/runs/chang0926-c-n64-s2/nondegenerate_rule.json
0	2026-09-29T14:26:55Z	gpu-bench/rtx-a6000-klow/p4-A07-k2/runs/chang0926-c-n64-s2/run.lock
1632	2026-09-29T14:51:44Z	gpu-bench/rtx-a6000-klow/p4-A07-k2/runs/chang0926-c-n64-s2/screen_result.json
3038	2026-09-29T14:26:55Z	gpu-bench/rtx-a6000-klow/p4-A07-k2/runs/chang0926-c-n64-s2/source_manifest.json
718266	2026-09-29T14:51:34Z	gpu-bench/rtx-a6000-klow/p4-A07-k2/runs/chang0926-c-n64-s2/validation_candidate.keras
854986	2026-09-29T14:51:44Z	gpu-bench/rtx-a6000-klow/p4-A07-k2/runs/chang0926-c-n64-s2/validation_predictions.npz
575	2026-09-29T13:58:01Z	gpu-bench/rtx-a6000-klow/plan.json
8091	2026-09-29T14:51:53Z	gpu-bench/rtx-a6000-klow/pod-kai-gpubench-rtx-a6000-klow-wt9n5.log
27136	2026-09-29T14:51:52Z	gpu-bench/rtx-a6000-klow/samples.csv
