utc,unix_s,phase,k,kind,gpu_name,gpu_mem_total_mib,gpu_mem_used_mib,gpu_util_pct,gpu_sm_clock_mhz,gpu_power_w,gpu_temp_c,cgroup_cpu_usage_usec,cgroup_mem_current_bytes,cgroup_mem_max_bytes,live_arms,epochs_done_min,epochs_done_max,pid,arm,proc_gpu_mem_mib,proc_rss_mib,proc_epochs_done,proc_cpus_allowed,proc_threads
2026-09-29T09:56:43Z,1790675803.6,setup,0,gpu,NVIDIA A100-SXM4-80GB,81920,0,0,1275,94.38,29,190919574,6504017920,137438953472,0,,,,,,,,,
2026-09-29T09:57:43Z,1790675863.7,p1-E-k16,16,gpu,NVIDIA A100-SXM4-80GB,81920,4473,53,1410,121.05,31,348127033,9884483584,137438953472,4,0,0,,,,,,,
2026-09-29T09:57:43Z,1790675863.7,p1-E-k16,16,proc,,,,,,,,,,,,,,631,chang0926-a-n64-s1,1464,2079,0,"4-5,40,43-47,112-115,117-120,132-133,168,171-175,240-243,245-248",24
2026-09-29T09:57:43Z,1790675863.7,p1-E-k16,16,proc,,,,,,,,,,,,,,874,chang0926-a-n64-s2,1464,2070,0,"4-5,40,43-47,112-115,117-120,132-133,168,171-175,240-243,245-248",24
2026-09-29T09:57:43Z,1790675863.7,p1-E-k16,16,proc,,,,,,,,,,,,,,1113,chang0926-a-n64-s3,952,2063,0,"4-5,40,43-47,112-115,117-120,132-133,168,171-175,240-243,245-248",45
2026-09-29T09:57:43Z,1790675863.7,p1-E-k16,16,proc,,,,,,,,,,,,,,1848,chang0926-a-n64-s4,566,1688,0,"4-5,40,43-47,112-115,117-120,132-133,168,171-175,240-243,245-248",59
2026-09-29T09:58:43Z,1790675923.9,p1-E-k16,16,gpu,NVIDIA A100-SXM4-80GB,81920,13815,100,1410,193.05,37,725577658,15133089792,137438953472,8,0,0,,,,,,,
2026-09-29T09:58:43Z,1790675923.9,p1-E-k16,16,proc,,,,,,,,,,,,,,631,chang0926-a-n64-s1,4538,2158,0,"4-5,40,43-47,112-115,117-120,132-133,168,171-175,240-243,245-248",25
2026-09-29T09:58:43Z,1790675923.9,p1-E-k16,16,proc,,,,,,,,,,,,,,874,chang0926-a-n64-s2,1464,2070,0,"4-5,40,43-47,112-115,117-120,132-133,168,171-175,240-243,245-248",24
2026-09-29T09:58:43Z,1790675923.9,p1-E-k16,16,proc,,,,,,,,,,,,,,1113,chang0926-a-n64-s3,1464,2072,0,"4-5,40,43-47,112-115,117-120,132-133,168,171-175,240-243,245-248",24
2026-09-29T09:58:43Z,1790675923.9,p1-E-k16,16,proc,,,,,,,,,,,,,,1848,chang0926-a-n64-s4,1464,2073,0,"4-5,40,43-47,112-115,117-120,132-133,168,171-175,240-243,245-248",24
2026-09-29T09:58:43Z,1790675923.9,p1-E-k16,16,proc,,,,,,,,,,,,,,2308,chang0926-a-n64-s5,1464,2081,0,"4-5,40,43-47,112-115,117-120,132-133,168,171-175,240-243,245-248",24
2026-09-29T09:58:43Z,1790675923.9,p1-E-k16,16,proc,,,,,,,,,,,,,,2759,chang0926-a-n64-s6,1464,2077,0,"4-5,40,43-47,112-115,117-120,132-133,168,171-175,240-243,245-248",24
2026-09-29T09:58:43Z,1790675923.9,p1-E-k16,16,proc,,,,,,,,,,,,,,3275,chang0926-a-n64-s7,952,2524,0,"4-5,40,43-47,112-115,117-120,132-133,168,171-175,240-243,245-248",23
2026-09-29T09:58:43Z,1790675923.9,p1-E-k16,16,proc,,,,,,,,,,,,,,3896,chang0926-a-n64-s8,952,2245,0,"4-5,40,43-47,112-115,117-120,132-133,168,171-175,240-243,245-248",23
2026-09-29T09:59:43Z,1790675984.0,p1-E-k16,16,gpu,NVIDIA A100-SXM4-80GB,81920,28530,100,1410,216.10,38,1219600101,17715478528,137438953472,12,0,0,,,,,,,
2026-09-29T09:59:43Z,1790675984.0,p1-E-k16,16,proc,,,,,,,,,,,,,,631,chang0926-a-n64-s1,4538,2158,0,"4-5,40,43-47,112-115,117-120,132-133,168,171-175,240-243,245-248",25
2026-09-29T09:59:43Z,1790675984.0,p1-E-k16,16,proc,,,,,,,,,,,,,,874,chang0926-a-n64-s2,4538,2148,0,"4-5,40,43-47,112-115,117-120,132-133,168,171-175,240-243,245-248",25
2026-09-29T09:59:43Z,1790675984.0,p1-E-k16,16,proc,,,,,,,,,,,,,,1113,chang0926-a-n64-s3,4538,2155,0,"4-5,40,43-47,112-115,117-120,132-133,168,171-175,240-243,245-248",25
2026-09-29T09:59:43Z,1790675984.0,p1-E-k16,16,proc,,,,,,,,,,,,,,1848,chang0926-a-n64-s4,4538,2151,0,"4-5,40,43-47,112-115,117-120,132-133,168,171-175,240-243,245-248",25
2026-09-29T09:59:43Z,1790675984.0,p1-E-k16,16,proc,,,,,,,,,,,,,,2308,chang0926-a-n64-s5,1464,2081,0,"4-5,40,43-47,112-115,117-120,132-133,168,171-175,240-243,245-248",24
2026-09-29T09:59:43Z,1790675984.0,p1-E-k16,16,proc,,,,,,,,,,,,,,2759,chang0926-a-n64-s6,1464,2077,0,"4-5,40,43-47,112-115,117-120,132-133,168,171-175,240-243,245-248",24
2026-09-29T09:59:43Z,1790675984.0,p1-E-k16,16,proc,,,,,,,,,,,,,,3275,chang0926-a-n64-s7,1464,2090,0,"4-5,40,43-47,112-115,117-120,132-133,168,171-175,240-243,245-248",24
2026-09-29T09:59:43Z,1790675984.0,p1-E-k16,16,proc,,,,,,,,,,,,,,3896,chang0926-a-n64-s8,1464,2077,0,"4-5,40,43-47,112-115,117-120,132-133,168,171-175,240-243,245-248",24
2026-09-29T09:59:43Z,1790675984.0,p1-E-k16,16,proc,,,,,,,,,,,,,,4303,chang0926-b-n64-s1,1464,2080,0,"4-5,40,43-47,112-115,117-120,132-133,168,171-175,240-243,245-248",24
2026-09-29T09:59:43Z,1790675984.0,p1-E-k16,16,proc,,,,,,,,,,,,,,4932,chang0926-b-n64-s2,1464,2095,0,"4-5,40,43-47,112-115,117-120,132-133,168,171-175,240-243,245-248",24
2026-09-29T09:59:43Z,1790675984.0,p1-E-k16,16,proc,,,,,,,,,,,,,,5357,chang0926-b-n64-s3,952,1765,0,"4-5,40,43-47,112-115,117-120,132-133,168,171-175,240-243,245-248",23
2026-09-29T09:59:43Z,1790675984.0,p1-E-k16,16,proc,,,,,,,,,,,,,,5862,chang0926-b-n64-s4,566,1688,0,"4-5,40,43-47,112-115,117-120,132-133,168,171-175,240-243,245-248",59
2026-09-29T10:00:44Z,1790676044.2,p1-E-k16,16,gpu,NVIDIA A100-SXM4-80GB,81920,43633,100,1410,185.99,38,1866911691,22946693120,137438953472,16,0,0,,,,,,,
2026-09-29T10:00:44Z,1790676044.2,p1-E-k16,16,proc,,,,,,,,,,,,,,631,chang0926-a-n64-s1,4538,2424,0,"4-5,40,43-47,112-115,117-120,132-133,168,171-175,240-243,245-248",61
2026-09-29T10:00:44Z,1790676044.2,p1-E-k16,16,proc,,,,,,,,,,,,,,874,chang0926-a-n64-s2,4538,2148,0,"4-5,40,43-47,112-115,117-120,132-133,168,171-175,240-243,245-248",25
2026-09-29T10:00:44Z,1790676044.2,p1-E-k16,16,proc,,,,,,,,,,,,,,1113,chang0926-a-n64-s3,4538,2155,0,"4-5,40,43-47,112-115,117-120,132-133,168,171-175,240-243,245-248",25
2026-09-29T10:00:44Z,1790676044.2,p1-E-k16,16,proc,,,,,,,,,,,,,,1848,chang0926-a-n64-s4,4538,2151,0,"4-5,40,43-47,112-115,117-120,132-133,168,171-175,240-243,245-248",25
2026-09-29T10:00:44Z,1790676044.2,p1-E-k16,16,proc,,,,,,,,,,,,,,2308,chang0926-a-n64-s5,4538,2161,0,"4-5,40,43-47,112-115,117-120,132-133,168,171-175,240-243,245-248",25
2026-09-29T10:00:44Z,1790676044.2,p1-E-k16,16,proc,,,,,,,,,,,,,,2759,chang0926-a-n64-s6,4538,2164,0,"4-5,40,43-47,112-115,117-120,132-133,168,171-175,240-243,245-248",25
2026-09-29T10:00:44Z,1790676044.2,p1-E-k16,16,proc,,,,,,,,,,,,,,3275,chang0926-a-n64-s7,1464,2090,0,"4-5,40,43-47,112-115,117-120,132-133,168,171-175,240-243,245-248",24
2026-09-29T10:00:44Z,1790676044.2,p1-E-k16,16,proc,,,,,,,,,,,,,,3896,chang0926-a-n64-s8,4538,2149,0,"4-5,40,43-47,112-115,117-120,132-133,168,171-175,240-243,245-248",25
2026-09-29T10:00:44Z,1790676044.2,p1-E-k16,16,proc,,,,,,,,,,,,,,4303,chang0926-b-n64-s1,1464,2080,0,"4-5,40,43-47,112-115,117-120,132-133,168,171-175,240-243,245-248",24
2026-09-29T10:00:44Z,1790676044.2,p1-E-k16,16,proc,,,,,,,,,,,,,,4932,chang0926-b-n64-s2,1464,2095,0,"4-5,40,43-47,112-115,117-120,132-133,168,171-175,240-243,245-248",24
2026-09-29T10:00:44Z,1790676044.2,p1-E-k16,16,proc,,,,,,,,,,,,,,5357,chang0926-b-n64-s3,1464,2083,0,"4-5,40,43-47,112-115,117-120,132-133,168,171-175,240-243,245-248",24
2026-09-29T10:00:44Z,1790676044.2,p1-E-k16,16,proc,,,,,,,,,,,,,,5862,chang0926-b-n64-s4,1464,2078,0,"4-5,40,43-47,112-115,117-120,132-133,168,171-175,240-243,245-248",24
2026-09-29T10:00:44Z,1790676044.2,p1-E-k16,16,proc,,,,,,,,,,,,,,6318,chang0926-b-n64-s5,1464,2080,0,"4-5,40,43-47,112-115,117-120,132-133,168,171-175,240-243,245-248",24
2026-09-29T10:00:44Z,1790676044.2,p1-E-k16,16,proc,,,,,,,,,,,,,,6801,chang0926-b-n64-s6,1464,2077,0,"4-5,40,43-47,112-115,117-120,132-133,168,171-175,240-243,245-248",24
2026-09-29T10:00:44Z,1790676044.2,p1-E-k16,16,proc,,,,,,,,,,,,,,7394,chang0926-b-n64-s7,952,2225,0,"4-5,40,43-47,112-115,117-120,132-133,168,171-175,240-243,245-248",23
2026-09-29T10:00:44Z,1790676044.2,p1-E-k16,16,proc,,,,,,,,,,,,,,7826,chang0926-b-n64-s8,566,1694,0,"4-5,40,43-47,112-115,117-120,132-133,168,171-175,240-243,245-248",91
2026-09-29T10:01:44Z,1790676104.3,p1-E-k16,16,gpu,NVIDIA A100-SXM4-80GB,81920,54265,100,1410,230.56,38,2439463820,22950526976,137438953472,16,0,1,,,,,,,
2026-09-29T10:01:44Z,1790676104.3,p1-E-k16,16,proc,,,,,,,,,,,,,,631,chang0926-a-n64-s1,4538,2318,1,"4-5,40,43-47,112-115,117-120,132-133,168,171-175,240-243,245-248",25
2026-09-29T10:01:44Z,1790676104.3,p1-E-k16,16,proc,,,,,,,,,,,,,,874,chang0926-a-n64-s2,4538,2148,0,"4-5,40,43-47,112-115,117-120,132-133,168,171-175,240-243,245-248",25
2026-09-29T10:01:44Z,1790676104.3,p1-E-k16,16,proc,,,,,,,,,,,,,,1113,chang0926-a-n64-s3,4538,2155,0,"4-5,40,43-47,112-115,117-120,132-133,168,171-175,240-243,245-248",25
2026-09-29T10:01:44Z,1790676104.3,p1-E-k16,16,proc,,,,,,,,,,,,,,1848,chang0926-a-n64-s4,4538,2151,0,"4-5,40,43-47,112-115,117-120,132-133,168,171-175,240-243,245-248",25
2026-09-29T10:01:44Z,1790676104.3,p1-E-k16,16,proc,,,,,,,,,,,,,,2308,chang0926-a-n64-s5,4538,2161,0,"4-5,40,43-47,112-115,117-120,132-133,168,171-175,240-243,245-248",25
2026-09-29T10:01:44Z,1790676104.3,p1-E-k16,16,proc,,,,,,,,,,,,,,2759,chang0926-a-n64-s6,4538,2164,0,"4-5,40,43-47,112-115,117-120,132-133,168,171-175,240-243,245-248",25
2026-09-29T10:01:44Z,1790676104.3,p1-E-k16,16,proc,,,,,,,,,,,,,,3275,chang0926-a-n64-s7,4538,2153,0,"4-5,40,43-47,112-115,117-120,132-133,168,171-175,240-243,245-248",25
2026-09-29T10:01:44Z,1790676104.3,p1-E-k16,16,proc,,,,,,,,,,,,,,3896,chang0926-a-n64-s8,4538,2149,0,"4-5,40,43-47,112-115,117-120,132-133,168,171-175,240-243,245-248",25
2026-09-29T10:01:44Z,1790676104.3,p1-E-k16,16,proc,,,,,,,,,,,,,,4303,chang0926-b-n64-s1,4538,2153,0,"4-5,40,43-47,112-115,117-120,132-133,168,171-175,240-243,245-248",25
2026-09-29T10:01:44Z,1790676104.3,p1-E-k16,16,proc,,,,,,,,,,,,,,4932,chang0926-b-n64-s2,4538,2155,0,"4-5,40,43-47,112-115,117-120,132-133,168,171-175,240-243,245-248",25
2026-09-29T10:01:44Z,1790676104.3,p1-E-k16,16,proc,,,,,,,,,,,,,,5357,chang0926-b-n64-s3,1464,2083,0,"4-5,40,43-47,112-115,117-120,132-133,168,171-175,240-243,245-248",24
2026-09-29T10:01:44Z,1790676104.3,p1-E-k16,16,proc,,,,,,,,,,,,,,5862,chang0926-b-n64-s4,1464,2078,0,"4-5,40,43-47,112-115,117-120,132-133,168,171-175,240-243,245-248",24
2026-09-29T10:01:44Z,1790676104.3,p1-E-k16,16,proc,,,,,,,,,,,,,,6318,chang0926-b-n64-s5,1464,2080,0,"4-5,40,43-47,112-115,117-120,132-133,168,171-175,240-243,245-248",24
2026-09-29T10:01:44Z,1790676104.3,p1-E-k16,16,proc,,,,,,,,,,,,,,6801,chang0926-b-n64-s6,1464,2078,0,"4-5,40,43-47,112-115,117-120,132-133,168,171-175,240-243,245-248",24
2026-09-29T10:01:44Z,1790676104.3,p1-E-k16,16,proc,,,,,,,,,,,,,,7394,chang0926-b-n64-s7,1464,2084,0,"4-5,40,43-47,112-115,117-120,132-133,168,171-175,240-243,245-248",24
2026-09-29T10:01:44Z,1790676104.3,p1-E-k16,16,proc,,,,,,,,,,,,,,7826,chang0926-b-n64-s8,1464,2085,0,"4-5,40,43-47,112-115,117-120,132-133,168,171-175,240-243,245-248",24
2026-09-29T10:02:44Z,1790676164.5,p1-E-k16,16,gpu,NVIDIA A100-SXM4-80GB,81920,60413,100,1410,230.03,39,3017917886,23632891904,137438953472,16,0,2,,,,,,,
2026-09-29T10:02:44Z,1790676164.5,p1-E-k16,16,proc,,,,,,,,,,,,,,631,chang0926-a-n64-s1,4538,2390,2,"4-5,40,43-47,112-115,117-120,132-133,168,171-175,240-243,245-248",25
2026-09-29T10:02:44Z,1790676164.5,p1-E-k16,16,proc,,,,,,,,,,,,,,874,chang0926-a-n64-s2,4538,2318,1,"4-5,40,43-47,112-115,117-120,132-133,168,171-175,240-243,245-248",25
2026-09-29T10:02:44Z,1790676164.5,p1-E-k16,16,proc,,,,,,,,,,,,,,1113,chang0926-a-n64-s3,4538,2311,0,"4-5,40,43-47,112-115,117-120,132-133,168,171-175,240-243,245-248",25
2026-09-29T10:02:44Z,1790676164.5,p1-E-k16,16,proc,,,,,,,,,,,,,,1848,chang0926-a-n64-s4,4538,2305,1,"4-5,40,43-47,112-115,117-120,132-133,168,171-175,240-243,245-248",25
2026-09-29T10:02:44Z,1790676164.5,p1-E-k16,16,proc,,,,,,,,,,,,,,2308,chang0926-a-n64-s5,4538,2161,0,"4-5,40,43-47,112-115,117-120,132-133,168,171-175,240-243,245-248",25
2026-09-29T10:02:44Z,1790676164.5,p1-E-k16,16,proc,,,,,,,,,,,,,,2759,chang0926-a-n64-s6,4538,2164,0,"4-5,40,43-47,112-115,117-120,132-133,168,171-175,240-243,245-248",25
2026-09-29T10:02:44Z,1790676164.5,p1-E-k16,16,proc,,,,,,,,,,,,,,3275,chang0926-a-n64-s7,4538,2153,0,"4-5,40,43-47,112-115,117-120,132-133,168,171-175,240-243,245-248",25
2026-09-29T10:02:44Z,1790676164.5,p1-E-k16,16,proc,,,,,,,,,,,,,,3896,chang0926-a-n64-s8,4538,2149,0,"4-5,40,43-47,112-115,117-120,132-133,168,171-175,240-243,245-248",25
2026-09-29T10:02:44Z,1790676164.5,p1-E-k16,16,proc,,,,,,,,,,,,,,4303,chang0926-b-n64-s1,4538,2153,0,"4-5,40,43-47,112-115,117-120,132-133,168,171-175,240-243,245-248",25
2026-09-29T10:02:44Z,1790676164.5,p1-E-k16,16,proc,,,,,,,,,,,,,,4932,chang0926-b-n64-s2,4538,2155,0,"4-5,40,43-47,112-115,117-120,132-133,168,171-175,240-243,245-248",25
2026-09-29T10:02:44Z,1790676164.5,p1-E-k16,16,proc,,,,,,,,,,,,,,5357,chang0926-b-n64-s3,4538,2160,0,"4-5,40,43-47,112-115,117-120,132-133,168,171-175,240-243,245-248",25
2026-09-29T10:02:44Z,1790676164.5,p1-E-k16,16,proc,,,,,,,,,,,,,,5862,chang0926-b-n64-s4,4538,2158,0,"4-5,40,43-47,112-115,117-120,132-133,168,171-175,240-243,245-248",25
2026-09-29T10:02:44Z,1790676164.5,p1-E-k16,16,proc,,,,,,,,,,,,,,6318,chang0926-b-n64-s5,1464,2036,0,"4-5,40,43-47,112-115,117-120,132-133,168,171-175,240-243,245-248",24
2026-09-29T10:02:44Z,1790676164.5,p1-E-k16,16,proc,,,,,,,,,,,,,,6801,chang0926-b-n64-s6,1464,2078,0,"4-5,40,43-47,112-115,117-120,132-133,168,171-175,240-243,245-248",24
2026-09-29T10:02:44Z,1790676164.5,p1-E-k16,16,proc,,,,,,,,,,,,,,7394,chang0926-b-n64-s7,1464,2084,0,"4-5,40,43-47,112-115,117-120,132-133,168,171-175,240-243,245-248",24
2026-09-29T10:02:44Z,1790676164.5,p1-E-k16,16,proc,,,,,,,,,,,,,,7826,chang0926-b-n64-s8,1464,2085,0,"4-5,40,43-47,112-115,117-120,132-133,168,171-175,240-243,245-248",24
2026-09-29T10:03:44Z,1790676224.6,p1-E-k16,16,gpu,NVIDIA A100-SXM4-80GB,81920,66561,100,1410,205.90,39,3517530472,24007884800,137438953472,16,0,2,,,,,,,
2026-09-29T10:03:44Z,1790676224.6,p1-E-k16,16,proc,,,,,,,,,,,,,,631,chang0926-a-n64-s1,4538,2390,2,"4-5,40,43-47,112-115,117-120,132-133,168,171-175,240-243,245-248",25
2026-09-29T10:03:44Z,1790676224.6,p1-E-k16,16,proc,,,,,,,,,,,,,,874,chang0926-a-n64-s2,4538,2318,1,"4-5,40,43-47,112-115,117-120,132-133,168,171-175,240-243,245-248",25
2026-09-29T10:03:44Z,1790676224.6,p1-E-k16,16,proc,,,,,,,,,,,,,,1113,chang0926-a-n64-s3,4538,2311,1,"4-5,40,43-47,112-115,117-120,132-133,168,171-175,240-243,245-248",25
2026-09-29T10:03:44Z,1790676224.6,p1-E-k16,16,proc,,,,,,,,,,,,,,1848,chang0926-a-n64-s4,4538,2305,1,"4-5,40,43-47,112-115,117-120,132-133,168,171-175,240-243,245-248",25
2026-09-29T10:03:44Z,1790676224.6,p1-E-k16,16,proc,,,,,,,,,,,,,,2308,chang0926-a-n64-s5,4538,2161,0,"4-5,40,43-47,112-115,117-120,132-133,168,171-175,240-243,245-248",25
2026-09-29T10:03:44Z,1790676224.6,p1-E-k16,16,proc,,,,,,,,,,,,,,2759,chang0926-a-n64-s6,4538,2326,1,"4-5,40,43-47,112-115,117-120,132-133,168,171-175,240-243,245-248",25
2026-09-29T10:03:44Z,1790676224.6,p1-E-k16,16,proc,,,,,,,,,,,,,,3275,chang0926-a-n64-s7,4538,2153,0,"4-5,40,43-47,112-115,117-120,132-133,168,171-175,240-243,245-248",25
2026-09-29T10:03:44Z,1790676224.6,p1-E-k16,16,proc,,,,,,,,,,,,,,3896,chang0926-a-n64-s8,4538,2149,0,"4-5,40,43-47,112-115,117-120,132-133,168,171-175,240-243,245-248",25
2026-09-29T10:03:44Z,1790676224.6,p1-E-k16,16,proc,,,,,,,,,,,,,,4303,chang0926-b-n64-s1,4538,2154,0,"4-5,40,43-47,112-115,117-120,132-133,168,171-175,240-243,245-248",25
2026-09-29T10:03:44Z,1790676224.6,p1-E-k16,16,proc,,,,,,,,,,,,,,4932,chang0926-b-n64-s2,4538,2155,0,"4-5,40,43-47,112-115,117-120,132-133,168,171-175,240-243,245-248",25
2026-09-29T10:03:44Z,1790676224.6,p1-E-k16,16,proc,,,,,,,,,,,,,,5357,chang0926-b-n64-s3,4538,2160,0,"4-5,40,43-47,112-115,117-120,132-133,168,171-175,240-243,245-248",25
2026-09-29T10:03:44Z,1790676224.6,p1-E-k16,16,proc,,,,,,,,,,,,,,5862,chang0926-b-n64-s4,4538,2158,0,"4-5,40,43-47,112-115,117-120,132-133,168,171-175,240-243,245-248",25
2026-09-29T10:03:44Z,1790676224.6,p1-E-k16,16,proc,,,,,,,,,,,,,,6318,chang0926-b-n64-s5,4538,2164,0,"4-5,40,43-47,112-115,117-120,132-133,168,171-175,240-243,245-248",25
2026-09-29T10:03:44Z,1790676224.6,p1-E-k16,16,proc,,,,,,,,,,,,,,6801,chang0926-b-n64-s6,4538,2158,0,"4-5,40,43-47,112-115,117-120,132-133,168,171-175,240-243,245-248",25
2026-09-29T10:03:44Z,1790676224.6,p1-E-k16,16,proc,,,,,,,,,,,,,,7394,chang0926-b-n64-s7,1464,2084,0,"4-5,40,43-47,112-115,117-120,132-133,168,171-175,240-243,245-248",24
2026-09-29T10:03:44Z,1790676224.6,p1-E-k16,16,proc,,,,,,,,,,,,,,7826,chang0926-b-n64-s8,1464,2085,0,"4-5,40,43-47,112-115,117-120,132-133,168,171-175,240-243,245-248",24
2026-09-29T10:04:44Z,1790676284.8,p1-E-k16,16,gpu,NVIDIA A100-SXM4-80GB,81920,72709,100,1410,221.17,39,4026591375,24433721344,137438953472,16,0,3,,,,,,,
2026-09-29T10:04:44Z,1790676284.8,p1-E-k16,16,proc,,,,,,,,,,,,,,631,chang0926-a-n64-s1,4538,2411,3,"4-5,40,43-47,112-115,117-120,132-133,168,171-175,240-243,245-248",25
2026-09-29T10:04:44Z,1790676284.8,p1-E-k16,16,proc,,,,,,,,,,,,,,874,chang0926-a-n64-s2,4538,2355,2,"4-5,40,43-47,112-115,117-120,132-133,168,171-175,240-243,245-248",25
2026-09-29T10:04:44Z,1790676284.8,p1-E-k16,16,proc,,,,,,,,,,,,,,1113,chang0926-a-n64-s3,4538,2350,2,"4-5,40,43-47,112-115,117-120,132-133,168,171-175,240-243,245-248",25
2026-09-29T10:04:44Z,1790676284.8,p1-E-k16,16,proc,,,,,,,,,,,,,,1848,chang0926-a-n64-s4,4538,2337,2,"4-5,40,43-47,112-115,117-120,132-133,168,171-175,240-243,245-248",25
2026-09-29T10:04:44Z,1790676284.8,p1-E-k16,16,proc,,,,,,,,,,,,,,2308,chang0926-a-n64-s5,4538,2337,1,"4-5,40,43-47,112-115,117-120,132-133,168,171-175,240-243,245-248",25
2026-09-29T10:04:44Z,1790676284.8,p1-E-k16,16,proc,,,,,,,,,,,,,,2759,chang0926-a-n64-s6,4538,2326,1,"4-5,40,43-47,112-115,117-120,132-133,168,171-175,240-243,245-248",25
2026-09-29T10:04:44Z,1790676284.8,p1-E-k16,16,proc,,,,,,,,,,,,,,3275,chang0926-a-n64-s7,4538,2153,0,"4-5,40,43-47,112-115,117-120,132-133,168,171-175,240-243,245-248",25
2026-09-29T10:04:44Z,1790676284.8,p1-E-k16,16,proc,,,,,,,,,,,,,,3896,chang0926-a-n64-s8,4538,2107,0,"4-5,40,43-47,112-115,117-120,132-133,168,171-175,240-243,245-248",25
2026-09-29T10:04:44Z,1790676284.8,p1-E-k16,16,proc,,,,,,,,,,,,,,4303,chang0926-b-n64-s1,4538,2154,0,"4-5,40,43-47,112-115,117-120,132-133,168,171-175,240-243,245-248",25
2026-09-29T10:04:44Z,1790676284.8,p1-E-k16,16,proc,,,,,,,,,,,,,,4932,chang0926-b-n64-s2,4538,2155,0,"4-5,40,43-47,112-115,117-120,132-133,168,171-175,240-243,245-248",25
2026-09-29T10:04:44Z,1790676284.8,p1-E-k16,16,proc,,,,,,,,,,,,,,5357,chang0926-b-n64-s3,4538,2161,0,"4-5,40,43-47,112-115,117-120,132-133,168,171-175,240-243,245-248",25
2026-09-29T10:04:44Z,1790676284.8,p1-E-k16,16,proc,,,,,,,,,,,,,,5862,chang0926-b-n64-s4,4538,2158,0,"4-5,40,43-47,112-115,117-120,132-133,168,171-175,240-243,245-248",25
2026-09-29T10:04:44Z,1790676284.8,p1-E-k16,16,proc,,,,,,,,,,,,,,6318,chang0926-b-n64-s5,4538,2164,0,"4-5,40,43-47,112-115,117-120,132-133,168,171-175,240-243,245-248",25
2026-09-29T10:04:44Z,1790676284.8,p1-E-k16,16,proc,,,,,,,,,,,,,,6801,chang0926-b-n64-s6,4538,2158,0,"4-5,40,43-47,112-115,117-120,132-133,168,171-175,240-243,245-248",25
2026-09-29T10:04:44Z,1790676284.8,p1-E-k16,16,proc,,,,,,,,,,,,,,7394,chang0926-b-n64-s7,4538,2156,0,"4-5,40,43-47,112-115,117-120,132-133,168,171-175,240-243,245-248",25
2026-09-29T10:04:44Z,1790676284.8,p1-E-k16,16,proc,,,,,,,,,,,,,,7826,chang0926-b-n64-s8,4538,2162,0,"4-5,40,43-47,112-115,117-120,132-133,168,171-175,240-243,245-248",25
2026-09-29T10:05:44Z,1790676345.0,p1-E-k16,16,gpu,NVIDIA A100-SXM4-80GB,81920,72709,100,1410,215.79,39,4542245787,24820043776,137438953472,16,0,3,,,,,,,
2026-09-29T10:05:44Z,1790676345.0,p1-E-k16,16,proc,,,,,,,,,,,,,,631,chang0926-a-n64-s1,4538,2411,3,"4-5,40,43-47,112-115,117-120,132-133,168,171-175,240-243,245-248",25
2026-09-29T10:05:44Z,1790676345.0,p1-E-k16,16,proc,,,,,,,,,,,,,,874,chang0926-a-n64-s2,4538,2355,2,"4-5,40,43-47,112-115,117-120,132-133,168,171-175,240-243,245-248",25
2026-09-29T10:05:44Z,1790676345.0,p1-E-k16,16,proc,,,,,,,,,,,,,,1113,chang0926-a-n64-s3,4538,2350,2,"4-5,40,43-47,112-115,117-120,132-133,168,171-175,240-243,245-248",25
2026-09-29T10:05:44Z,1790676345.0,p1-E-k16,16,proc,,,,,,,,,,,,,,1848,chang0926-a-n64-s4,4538,2337,2,"4-5,40,43-47,112-115,117-120,132-133,168,171-175,240-243,245-248",25
2026-09-29T10:05:44Z,1790676345.0,p1-E-k16,16,proc,,,,,,,,,,,,,,2308,chang0926-a-n64-s5,4538,2337,1,"4-5,40,43-47,112-115,117-120,132-133,168,171-175,240-243,245-248",25
2026-09-29T10:05:44Z,1790676345.0,p1-E-k16,16,proc,,,,,,,,,,,,,,2759,chang0926-a-n64-s6,4538,2354,2,"4-5,40,43-47,112-115,117-120,132-133,168,171-175,240-243,245-248",25
2026-09-29T10:05:44Z,1790676345.0,p1-E-k16,16,proc,,,,,,,,,,,,,,3275,chang0926-a-n64-s7,4538,2322,0,"4-5,40,43-47,112-115,117-120,132-133,168,171-175,240-243,245-248",25
2026-09-29T10:05:44Z,1790676345.0,p1-E-k16,16,proc,,,,,,,,,,,,,,3896,chang0926-a-n64-s8,4538,2325,1,"4-5,40,43-47,112-115,117-120,132-133,168,171-175,240-243,245-248",25
2026-09-29T10:05:44Z,1790676345.0,p1-E-k16,16,proc,,,,,,,,,,,,,,4303,chang0926-b-n64-s1,4538,2112,0,"4-5,40,43-47,112-115,117-120,132-133,168,171-175,240-243,245-248",25
2026-09-29T10:05:44Z,1790676345.0,p1-E-k16,16,proc,,,,,,,,,,,,,,4932,chang0926-b-n64-s2,4538,2155,0,"4-5,40,43-47,112-115,117-120,132-133,168,171-175,240-243,245-248",25
2026-09-29T10:05:44Z,1790676345.0,p1-E-k16,16,proc,,,,,,,,,,,,,,5357,chang0926-b-n64-s3,4538,2161,0,"4-5,40,43-47,112-115,117-120,132-133,168,171-175,240-243,245-248",25
2026-09-29T10:05:44Z,1790676345.0,p1-E-k16,16,proc,,,,,,,,,,,,,,5862,chang0926-b-n64-s4,4538,2158,0,"4-5,40,43-47,112-115,117-120,132-133,168,171-175,240-243,245-248",25
2026-09-29T10:05:44Z,1790676345.0,p1-E-k16,16,proc,,,,,,,,,,,,,,6318,chang0926-b-n64-s5,4538,2164,0,"4-5,40,43-47,112-115,117-120,132-133,168,171-175,240-243,245-248",25
2026-09-29T10:05:44Z,1790676345.0,p1-E-k16,16,proc,,,,,,,,,,,,,,6801,chang0926-b-n64-s6,4538,2158,0,"4-5,40,43-47,112-115,117-120,132-133,168,171-175,240-243,245-248",25
2026-09-29T10:05:44Z,1790676345.0,p1-E-k16,16,proc,,,,,,,,,,,,,,7394,chang0926-b-n64-s7,4538,2156,0,"4-5,40,43-47,112-115,117-120,132-133,168,171-175,240-243,245-248",25
2026-09-29T10:05:44Z,1790676345.0,p1-E-k16,16,proc,,,,,,,,,,,,,,7826,chang0926-b-n64-s8,4538,2162,0,"4-5,40,43-47,112-115,117-120,132-133,168,171-175,240-243,245-248",25
2026-09-29T10:06:45Z,1790676405.2,p1-E-k16,16,gpu,NVIDIA A100-SXM4-80GB,81920,72709,100,1410,232.73,39,5052960488,25354874880,137438953472,16,0,4,,,,,,,
2026-09-29T10:06:45Z,1790676405.2,p1-E-k16,16,proc,,,,,,,,,,,,,,631,chang0926-a-n64-s1,4538,2432,4,"4-5,40,43-47,112-115,117-120,132-133,168,171-175,240-243,245-248",25
2026-09-29T10:06:45Z,1790676405.2,p1-E-k16,16,proc,,,,,,,,,,,,,,874,chang0926-a-n64-s2,4538,2390,3,"4-5,40,43-47,112-115,117-120,132-133,168,171-175,240-243,245-248",25
2026-09-29T10:06:45Z,1790676405.2,p1-E-k16,16,proc,,,,,,,,,,,,,,1113,chang0926-a-n64-s3,4538,2374,3,"4-5,40,43-47,112-115,117-120,132-133,168,171-175,240-243,245-248",25
2026-09-29T10:06:45Z,1790676405.2,p1-E-k16,16,proc,,,,,,,,,,,,,,1848,chang0926-a-n64-s4,4538,2368,3,"4-5,40,43-47,112-115,117-120,132-133,168,171-175,240-243,245-248",25
2026-09-29T10:06:45Z,1790676405.2,p1-E-k16,16,proc,,,,,,,,,,,,,,2308,chang0926-a-n64-s5,4538,2369,2,"4-5,40,43-47,112-115,117-120,132-133,168,171-175,240-243,245-248",25
2026-09-29T10:06:45Z,1790676405.2,p1-E-k16,16,proc,,,,,,,,,,,,,,2759,chang0926-a-n64-s6,4538,2354,2,"4-5,40,43-47,112-115,117-120,132-133,168,171-175,240-243,245-248",25
2026-09-29T10:06:45Z,1790676405.2,p1-E-k16,16,proc,,,,,,,,,,,,,,3275,chang0926-a-n64-s7,4538,2326,1,"4-5,40,43-47,112-115,117-120,132-133,168,171-175,240-243,245-248",25
2026-09-29T10:06:45Z,1790676405.2,p1-E-k16,16,proc,,,,,,,,,,,,,,3896,chang0926-a-n64-s8,4538,2325,1,"4-5,40,43-47,112-115,117-120,132-133,168,171-175,240-243,245-248",25
2026-09-29T10:06:45Z,1790676405.2,p1-E-k16,16,proc,,,,,,,,,,,,,,4303,chang0926-b-n64-s1,4538,2305,1,"4-5,40,43-47,112-115,117-120,132-133,168,171-175,240-243,245-248",25
2026-09-29T10:06:45Z,1790676405.2,p1-E-k16,16,proc,,,,,,,,,,,,,,4932,chang0926-b-n64-s2,4538,2322,1,"4-5,40,43-47,112-115,117-120,132-133,168,171-175,240-243,245-248",25
2026-09-29T10:06:45Z,1790676405.2,p1-E-k16,16,proc,,,,,,,,,,,,,,5357,chang0926-b-n64-s3,4538,2161,0,"4-5,40,43-47,112-115,117-120,132-133,168,171-175,240-243,245-248",25
2026-09-29T10:06:45Z,1790676405.2,p1-E-k16,16,proc,,,,,,,,,,,,,,5862,chang0926-b-n64-s4,4538,2158,0,"4-5,40,43-47,112-115,117-120,132-133,168,171-175,240-243,245-248",25
2026-09-29T10:06:45Z,1790676405.2,p1-E-k16,16,proc,,,,,,,,,,,,,,6318,chang0926-b-n64-s5,4538,2164,0,"4-5,40,43-47,112-115,117-120,132-133,168,171-175,240-243,245-248",25
2026-09-29T10:06:45Z,1790676405.2,p1-E-k16,16,proc,,,,,,,,,,,,,,6801,chang0926-b-n64-s6,4538,2158,0,"4-5,40,43-47,112-115,117-120,132-133,168,171-175,240-243,245-248",25
2026-09-29T10:06:45Z,1790676405.2,p1-E-k16,16,proc,,,,,,,,,,,,,,7394,chang0926-b-n64-s7,4538,2156,0,"4-5,40,43-47,112-115,117-120,132-133,168,171-175,240-243,245-248",25
2026-09-29T10:06:45Z,1790676405.2,p1-E-k16,16,proc,,,,,,,,,,,,,,7826,chang0926-b-n64-s8,4538,2163,0,"4-5,40,43-47,112-115,117-120,132-133,168,171-175,240-243,245-248",25
2026-09-29T10:07:45Z,1790676465.3,p1-E-k16,16,gpu,NVIDIA A100-SXM4-80GB,81920,72709,100,1410,222.81,39,5562364120,26169475072,137438953472,16,0,4,,,,,,,
2026-09-29T10:07:45Z,1790676465.3,p1-E-k16,16,proc,,,,,,,,,,,,,,631,chang0926-a-n64-s1,4538,2432,4,"4-5,40,43-47,112-115,117-120,132-133,168,171-175,240-243,245-248",25
2026-09-29T10:07:45Z,1790676465.3,p1-E-k16,16,proc,,,,,,,,,,,,,,874,chang0926-a-n64-s2,4538,2390,3,"4-5,40,43-47,112-115,117-120,132-133,168,171-175,240-243,245-248",25
2026-09-29T10:07:45Z,1790676465.3,p1-E-k16,16,proc,,,,,,,,,,,,,,1113,chang0926-a-n64-s3,4538,2374,3,"4-5,40,43-47,112-115,117-120,132-133,168,171-175,240-243,245-248",25
2026-09-29T10:07:45Z,1790676465.3,p1-E-k16,16,proc,,,,,,,,,,,,,,1848,chang0926-a-n64-s4,4538,2368,3,"4-5,40,43-47,112-115,117-120,132-133,168,171-175,240-243,245-248",25
2026-09-29T10:07:45Z,1790676465.3,p1-E-k16,16,proc,,,,,,,,,,,,,,2308,chang0926-a-n64-s5,4538,2369,2,"4-5,40,43-47,112-115,117-120,132-133,168,171-175,240-243,245-248",25
2026-09-29T10:07:45Z,1790676465.3,p1-E-k16,16,proc,,,,,,,,,,,,,,2759,chang0926-a-n64-s6,4538,2381,3,"4-5,40,43-47,112-115,117-120,132-133,168,171-175,240-243,245-248",25
2026-09-29T10:07:45Z,1790676465.3,p1-E-k16,16,proc,,,,,,,,,,,,,,3275,chang0926-a-n64-s7,4538,2355,1,"4-5,40,43-47,112-115,117-120,132-133,168,171-175,240-243,245-248",25
2026-09-29T10:07:45Z,1790676465.3,p1-E-k16,16,proc,,,,,,,,,,,,,,3896,chang0926-a-n64-s8,4538,2401,2,"4-5,40,43-47,112-115,117-120,132-133,168,171-175,240-243,245-248",25
2026-09-29T10:07:45Z,1790676465.3,p1-E-k16,16,proc,,,,,,,,,,,,,,4303,chang0926-b-n64-s1,4538,2305,1,"4-5,40,43-47,112-115,117-120,132-133,168,171-175,240-243,245-248",25
2026-09-29T10:07:45Z,1790676465.3,p1-E-k16,16,proc,,,,,,,,,,,,,,4932,chang0926-b-n64-s2,4538,2322,1,"4-5,40,43-47,112-115,117-120,132-133,168,171-175,240-243,245-248",25
2026-09-29T10:07:45Z,1790676465.3,p1-E-k16,16,proc,,,,,,,,,,,,,,5357,chang0926-b-n64-s3,4538,2327,1,"4-5,40,43-47,112-115,117-120,132-133,168,171-175,240-243,245-248",25
2026-09-29T10:07:45Z,1790676465.3,p1-E-k16,16,proc,,,,,,,,,,,,,,5862,chang0926-b-n64-s4,4538,2308,1,"4-5,40,43-47,112-115,117-120,132-133,168,171-175,240-243,245-248",25
2026-09-29T10:07:45Z,1790676465.3,p1-E-k16,16,proc,,,,,,,,,,,,,,6318,chang0926-b-n64-s5,4538,2459,0,"4-5,40,43-47,112-115,117-120,132-133,168,171-175,240-243,245-248",61
2026-09-29T10:07:45Z,1790676465.3,p1-E-k16,16,proc,,,,,,,,,,,,,,6801,chang0926-b-n64-s6,4538,2158,0,"4-5,40,43-47,112-115,117-120,132-133,168,171-175,240-243,245-248",25
2026-09-29T10:07:45Z,1790676465.3,p1-E-k16,16,proc,,,,,,,,,,,,,,7394,chang0926-b-n64-s7,4538,2156,0,"4-5,40,43-47,112-115,117-120,132-133,168,171-175,240-243,245-248",25
2026-09-29T10:07:45Z,1790676465.3,p1-E-k16,16,proc,,,,,,,,,,,,,,7826,chang0926-b-n64-s8,4538,2163,0,"4-5,40,43-47,112-115,117-120,132-133,168,171-175,240-243,245-248",25
2026-09-29T10:08:45Z,1790676525.6,p1-E-k16,16,gpu,NVIDIA A100-SXM4-80GB,81920,72709,100,1410,225.19,39,6082416857,26400260096,137438953472,16,0,5,,,,,,,
2026-09-29T10:08:45Z,1790676525.6,p1-E-k16,16,proc,,,,,,,,,,,,,,631,chang0926-a-n64-s1,4538,2454,5,"4-5,40,43-47,112-115,117-120,132-133,168,171-175,240-243,245-248",25
2026-09-29T10:08:45Z,1790676525.6,p1-E-k16,16,proc,,,,,,,,,,,,,,874,chang0926-a-n64-s2,4538,2419,4,"4-5,40,43-47,112-115,117-120,132-133,168,171-175,240-243,245-248",25
2026-09-29T10:08:45Z,1790676525.6,p1-E-k16,16,proc,,,,,,,,,,,,,,1113,chang0926-a-n64-s3,4538,2397,4,"4-5,40,43-47,112-115,117-120,132-133,168,171-175,240-243,245-248",25
2026-09-29T10:08:45Z,1790676525.6,p1-E-k16,16,proc,,,,,,,,,,,,,,1848,chang0926-a-n64-s4,4538,2393,4,"4-5,40,43-47,112-115,117-120,132-133,168,171-175,240-243,245-248",25
2026-09-29T10:08:45Z,1790676525.6,p1-E-k16,16,proc,,,,,,,,,,,,,,2308,chang0926-a-n64-s5,4538,2394,3,"4-5,40,43-47,112-115,117-120,132-133,168,171-175,240-243,245-248",25
2026-09-29T10:08:45Z,1790676525.6,p1-E-k16,16,proc,,,,,,,,,,,,,,2759,chang0926-a-n64-s6,4538,2381,3,"4-5,40,43-47,112-115,117-120,132-133,168,171-175,240-243,245-248",25
2026-09-29T10:08:45Z,1790676525.6,p1-E-k16,16,proc,,,,,,,,,,,,,,3275,chang0926-a-n64-s7,4538,2359,2,"4-5,40,43-47,112-115,117-120,132-133,168,171-175,240-243,245-248",25
2026-09-29T10:08:45Z,1790676525.6,p1-E-k16,16,proc,,,,,,,,,,,,,,3896,chang0926-a-n64-s8,4538,2401,2,"4-5,40,43-47,112-115,117-120,132-133,168,171-175,240-243,245-248",25
2026-09-29T10:08:45Z,1790676525.6,p1-E-k16,16,proc,,,,,,,,,,,,,,4303,chang0926-b-n64-s1,4538,2379,2,"4-5,40,43-47,112-115,117-120,132-133,168,171-175,240-243,245-248",25
2026-09-29T10:08:45Z,1790676525.6,p1-E-k16,16,proc,,,,,,,,,,,,,,4932,chang0926-b-n64-s2,4538,2353,2,"4-5,40,43-47,112-115,117-120,132-133,168,171-175,240-243,245-248",25
2026-09-29T10:08:45Z,1790676525.6,p1-E-k16,16,proc,,,,,,,,,,,,,,5357,chang0926-b-n64-s3,4538,2327,1,"4-5,40,43-47,112-115,117-120,132-133,168,171-175,240-243,245-248",25
2026-09-29T10:08:45Z,1790676525.6,p1-E-k16,16,proc,,,,,,,,,,,,,,5862,chang0926-b-n64-s4,4538,2308,1,"4-5,40,43-47,112-115,117-120,132-133,168,171-175,240-243,245-248",25
2026-09-29T10:08:45Z,1790676525.6,p1-E-k16,16,proc,,,,,,,,,,,,,,6318,chang0926-b-n64-s5,4538,2320,1,"4-5,40,43-47,112-115,117-120,132-133,168,171-175,240-243,245-248",25
2026-09-29T10:08:45Z,1790676525.6,p1-E-k16,16,proc,,,,,,,,,,,,,,6801,chang0926-b-n64-s6,4538,2312,1,"4-5,40,43-47,112-115,117-120,132-133,168,171-175,240-243,245-248",25
2026-09-29T10:08:45Z,1790676525.6,p1-E-k16,16,proc,,,,,,,,,,,,,,7394,chang0926-b-n64-s7,4538,2156,0,"4-5,40,43-47,112-115,117-120,132-133,168,171-175,240-243,245-248",25
2026-09-29T10:08:45Z,1790676525.6,p1-E-k16,16,proc,,,,,,,,,,,,,,7826,chang0926-b-n64-s8,4538,2163,0,"4-5,40,43-47,112-115,117-120,132-133,168,171-175,240-243,245-248",25
2026-09-29T10:09:45Z,1790676585.9,p1-E-k16,16,gpu,NVIDIA A100-SXM4-80GB,81920,72709,100,1410,235.93,39,6602283254,26916990976,137438953472,16,1,5,,,,,,,
2026-09-29T10:09:45Z,1790676585.9,p1-E-k16,16,proc,,,,,,,,,,,,,,631,chang0926-a-n64-s1,4538,2454,5,"4-5,40,43-47,112-115,117-120,132-133,168,171-175,240-243,245-248",25
2026-09-29T10:09:45Z,1790676585.9,p1-E-k16,16,proc,,,,,,,,,,,,,,874,chang0926-a-n64-s2,4538,2419,4,"4-5,40,43-47,112-115,117-120,132-133,168,171-175,240-243,245-248",25
2026-09-29T10:09:45Z,1790676585.9,p1-E-k16,16,proc,,,,,,,,,,,,,,1113,chang0926-a-n64-s3,4538,2397,4,"4-5,40,43-47,112-115,117-120,132-133,168,171-175,240-243,245-248",25
2026-09-29T10:09:45Z,1790676585.9,p1-E-k16,16,proc,,,,,,,,,,,,,,1848,chang0926-a-n64-s4,4538,2393,4,"4-5,40,43-47,112-115,117-120,132-133,168,171-175,240-243,245-248",25
2026-09-29T10:09:45Z,1790676585.9,p1-E-k16,16,proc,,,,,,,,,,,,,,2308,chang0926-a-n64-s5,4538,2394,3,"4-5,40,43-47,112-115,117-120,132-133,168,171-175,240-243,245-248",25
2026-09-29T10:09:45Z,1790676585.9,p1-E-k16,16,proc,,,,,,,,,,,,,,2759,chang0926-a-n64-s6,4538,2401,3,"4-5,40,43-47,112-115,117-120,132-133,168,171-175,240-243,245-248",25
2026-09-29T10:09:45Z,1790676585.9,p1-E-k16,16,proc,,,,,,,,,,,,,,3275,chang0926-a-n64-s7,4538,2359,2,"4-5,40,43-47,112-115,117-120,132-133,168,171-175,240-243,245-248",25
2026-09-29T10:09:45Z,1790676585.9,p1-E-k16,16,proc,,,,,,,,,,,,,,3896,chang0926-a-n64-s8,4538,2427,3,"4-5,40,43-47,112-115,117-120,132-133,168,171-175,240-243,245-248",25
2026-09-29T10:09:45Z,1790676585.9,p1-E-k16,16,proc,,,,,,,,,,,,,,4303,chang0926-b-n64-s1,4538,2379,2,"4-5,40,43-47,112-115,117-120,132-133,168,171-175,240-243,245-248",25
2026-09-29T10:09:45Z,1790676585.9,p1-E-k16,16,proc,,,,,,,,,,,,,,4932,chang0926-b-n64-s2,4538,2353,2,"4-5,40,43-47,112-115,117-120,132-133,168,171-175,240-243,245-248",25
2026-09-29T10:09:45Z,1790676585.9,p1-E-k16,16,proc,,,,,,,,,,,,,,5357,chang0926-b-n64-s3,4538,2404,1,"4-5,40,43-47,112-115,117-120,132-133,168,171-175,240-243,245-248",61
2026-09-29T10:09:45Z,1790676585.9,p1-E-k16,16,proc,,,,,,,,,,,,,,5862,chang0926-b-n64-s4,4538,2338,1,"4-5,40,43-47,112-115,117-120,132-133,168,171-175,240-243,245-248",25
2026-09-29T10:09:45Z,1790676585.9,p1-E-k16,16,proc,,,,,,,,,,,,,,6318,chang0926-b-n64-s5,4538,2320,1,"4-5,40,43-47,112-115,117-120,132-133,168,171-175,240-243,245-248",25
2026-09-29T10:09:45Z,1790676585.9,p1-E-k16,16,proc,,,,,,,,,,,,,,6801,chang0926-b-n64-s6,4538,2312,1,"4-5,40,43-47,112-115,117-120,132-133,168,171-175,240-243,245-248",25
2026-09-29T10:09:45Z,1790676585.9,p1-E-k16,16,proc,,,,,,,,,,,,,,7394,chang0926-b-n64-s7,4538,2328,1,"4-5,40,43-47,112-115,117-120,132-133,168,171-175,240-243,245-248",25
2026-09-29T10:09:45Z,1790676585.9,p1-E-k16,16,proc,,,,,,,,,,,,,,7826,chang0926-b-n64-s8,4538,2329,1,"4-5,40,43-47,112-115,117-120,132-133,168,171-175,240-243,245-248",25
2026-09-29T10:10:46Z,1790676646.1,p1-E-k16,16,gpu,NVIDIA A100-SXM4-80GB,81920,72709,100,1410,230.56,40,7108805130,26970345472,137438953472,16,1,5,,,,,,,
2026-09-29T10:10:46Z,1790676646.1,p1-E-k16,16,proc,,,,,,,,,,,,,,631,chang0926-a-n64-s1,4538,2466,5,"4-5,40,43-47,112-115,117-120,132-133,168,171-175,240-243,245-248",25
2026-09-29T10:10:46Z,1790676646.1,p1-E-k16,16,proc,,,,,,,,,,,,,,874,chang0926-a-n64-s2,4538,2419,4,"4-5,40,43-47,112-115,117-120,132-133,168,171-175,240-243,245-248",25
2026-09-29T10:10:46Z,1790676646.1,p1-E-k16,16,proc,,,,,,,,,,,,,,1113,chang0926-a-n64-s3,4538,2397,4,"4-5,40,43-47,112-115,117-120,132-133,168,171-175,240-243,245-248",25
2026-09-29T10:10:46Z,1790676646.1,p1-E-k16,16,proc,,,,,,,,,,,,,,1848,chang0926-a-n64-s4,4538,2393,4,"4-5,40,43-47,112-115,117-120,132-133,168,171-175,240-243,245-248",25
2026-09-29T10:10:46Z,1790676646.1,p1-E-k16,16,proc,,,,,,,,,,,,,,2308,chang0926-a-n64-s5,4538,2394,3,"4-5,40,43-47,112-115,117-120,132-133,168,171-175,240-243,245-248",25
2026-09-29T10:10:46Z,1790676646.1,p1-E-k16,16,proc,,,,,,,,,,,,,,2759,chang0926-a-n64-s6,4538,2401,4,"4-5,40,43-47,112-115,117-120,132-133,168,171-175,240-243,245-248",25
2026-09-29T10:10:46Z,1790676646.1,p1-E-k16,16,proc,,,,,,,,,,,,,,3275,chang0926-a-n64-s7,4538,2382,3,"4-5,40,43-47,112-115,117-120,132-133,168,171-175,240-243,245-248",25
2026-09-29T10:10:46Z,1790676646.1,p1-E-k16,16,proc,,,,,,,,,,,,,,3896,chang0926-a-n64-s8,4538,2427,3,"4-5,40,43-47,112-115,117-120,132-133,168,171-175,240-243,245-248",25
2026-09-29T10:10:46Z,1790676646.1,p1-E-k16,16,proc,,,,,,,,,,,,,,4303,chang0926-b-n64-s1,4538,2400,3,"4-5,40,43-47,112-115,117-120,132-133,168,171-175,240-243,245-248",25
2026-09-29T10:10:46Z,1790676646.1,p1-E-k16,16,proc,,,,,,,,,,,,,,4932,chang0926-b-n64-s2,4538,2353,2,"4-5,40,43-47,112-115,117-120,132-133,168,171-175,240-243,245-248",25
2026-09-29T10:10:46Z,1790676646.1,p1-E-k16,16,proc,,,,,,,,,,,,,,5357,chang0926-b-n64-s3,4538,2361,2,"4-5,40,43-47,112-115,117-120,132-133,168,171-175,240-243,245-248",25
2026-09-29T10:10:46Z,1790676646.1,p1-E-k16,16,proc,,,,,,,,,,,,,,5862,chang0926-b-n64-s4,4538,2340,2,"4-5,40,43-47,112-115,117-120,132-133,168,171-175,240-243,245-248",25
2026-09-29T10:10:46Z,1790676646.1,p1-E-k16,16,proc,,,,,,,,,,,,,,6318,chang0926-b-n64-s5,4538,2353,2,"4-5,40,43-47,112-115,117-120,132-133,168,171-175,240-243,245-248",25
2026-09-29T10:10:46Z,1790676646.1,p1-E-k16,16,proc,,,,,,,,,,,,,,6801,chang0926-b-n64-s6,4538,2312,1,"4-5,40,43-47,112-115,117-120,132-133,168,171-175,240-243,245-248",25
2026-09-29T10:10:46Z,1790676646.1,p1-E-k16,16,proc,,,,,,,,,,,,,,7394,chang0926-b-n64-s7,4538,2328,1,"4-5,40,43-47,112-115,117-120,132-133,168,171-175,240-243,245-248",25
2026-09-29T10:10:46Z,1790676646.1,p1-E-k16,16,proc,,,,,,,,,,,,,,7826,chang0926-b-n64-s8,4538,2329,1,"4-5,40,43-47,112-115,117-120,132-133,168,171-175,240-243,245-248",25
2026-09-29T10:11:46Z,1790676706.2,p1-E-k16,16,gpu,NVIDIA A100-SXM4-80GB,81920,72709,100,1410,227.35,39,7614863274,27153510400,137438953472,16,1,6,,,,,,,
2026-09-29T10:11:46Z,1790676706.2,p1-E-k16,16,proc,,,,,,,,,,,,,,631,chang0926-a-n64-s1,4538,2466,6,"4-5,40,43-47,112-115,117-120,132-133,168,171-175,240-243,245-248",25
2026-09-29T10:11:46Z,1790676706.2,p1-E-k16,16,proc,,,,,,,,,,,,,,874,chang0926-a-n64-s2,4538,2440,5,"4-5,40,43-47,112-115,117-120,132-133,168,171-175,240-243,245-248",25
2026-09-29T10:11:46Z,1790676706.2,p1-E-k16,16,proc,,,,,,,,,,,,,,1113,chang0926-a-n64-s3,4538,2418,5,"4-5,40,43-47,112-115,117-120,132-133,168,171-175,240-243,245-248",25
2026-09-29T10:11:46Z,1790676706.2,p1-E-k16,16,proc,,,,,,,,,,,,,,1848,chang0926-a-n64-s4,4538,2417,5,"4-5,40,43-47,112-115,117-120,132-133,168,171-175,240-243,245-248",25
2026-09-29T10:11:46Z,1790676706.2,p1-E-k16,16,proc,,,,,,,,,,,,,,2308,chang0926-a-n64-s5,4538,2422,4,"4-5,40,43-47,112-115,117-120,132-133,168,171-175,240-243,245-248",25
2026-09-29T10:11:46Z,1790676706.2,p1-E-k16,16,proc,,,,,,,,,,,,,,2759,chang0926-a-n64-s6,4538,2401,4,"4-5,40,43-47,112-115,117-120,132-133,168,171-175,240-243,245-248",25
2026-09-29T10:11:46Z,1790676706.2,p1-E-k16,16,proc,,,,,,,,,,,,,,3275,chang0926-a-n64-s7,4538,2382,3,"4-5,40,43-47,112-115,117-120,132-133,168,171-175,240-243,245-248",25
2026-09-29T10:11:46Z,1790676706.2,p1-E-k16,16,proc,,,,,,,,,,,,,,3896,chang0926-a-n64-s8,4538,2427,3,"4-5,40,43-47,112-115,117-120,132-133,168,171-175,240-243,245-248",25
2026-09-29T10:11:46Z,1790676706.2,p1-E-k16,16,proc,,,,,,,,,,,,,,4303,chang0926-b-n64-s1,4538,2400,3,"4-5,40,43-47,112-115,117-120,132-133,168,171-175,240-243,245-248",25
2026-09-29T10:11:46Z,1790676706.2,p1-E-k16,16,proc,,,,,,,,,,,,,,4932,chang0926-b-n64-s2,4538,2362,3,"4-5,40,43-47,112-115,117-120,132-133,168,171-175,240-243,245-248",25
2026-09-29T10:11:46Z,1790676706.2,p1-E-k16,16,proc,,,,,,,,,,,,,,5357,chang0926-b-n64-s3,4538,2361,2,"4-5,40,43-47,112-115,117-120,132-133,168,171-175,240-243,245-248",25
2026-09-29T10:11:46Z,1790676706.2,p1-E-k16,16,proc,,,,,,,,,,,,,,5862,chang0926-b-n64-s4,4538,2340,2,"4-5,40,43-47,112-115,117-120,132-133,168,171-175,240-243,245-248",25
2026-09-29T10:11:46Z,1790676706.2,p1-E-k16,16,proc,,,,,,,,,,,,,,6318,chang0926-b-n64-s5,4538,2353,2,"4-5,40,43-47,112-115,117-120,132-133,168,171-175,240-243,245-248",25
2026-09-29T10:11:46Z,1790676706.2,p1-E-k16,16,proc,,,,,,,,,,,,,,6801,chang0926-b-n64-s6,4538,2380,2,"4-5,40,43-47,112-115,117-120,132-133,168,171-175,240-243,245-248",25
2026-09-29T10:11:46Z,1790676706.2,p1-E-k16,16,proc,,,,,,,,,,,,,,7394,chang0926-b-n64-s7,4538,2328,1,"4-5,40,43-47,112-115,117-120,132-133,168,171-175,240-243,245-248",25
2026-09-29T10:11:46Z,1790676706.2,p1-E-k16,16,proc,,,,,,,,,,,,,,7826,chang0926-b-n64-s8,4538,2329,1,"4-5,40,43-47,112-115,117-120,132-133,168,171-175,240-243,245-248",25
2026-09-29T10:12:46Z,1790676766.4,p1-E-k16,16,gpu,NVIDIA A100-SXM4-80GB,81920,72709,100,1410,225.77,39,8125466421,27420372992,137438953472,16,2,6,,,,,,,
2026-09-29T10:12:46Z,1790676766.4,p1-E-k16,16,proc,,,,,,,,,,,,,,631,chang0926-a-n64-s1,4538,2466,6,"4-5,40,43-47,112-115,117-120,132-133,168,171-175,240-243,245-248",25
2026-09-29T10:12:46Z,1790676766.4,p1-E-k16,16,proc,,,,,,,,,,,,,,874,chang0926-a-n64-s2,4538,2440,5,"4-5,40,43-47,112-115,117-120,132-133,168,171-175,240-243,245-248",25
2026-09-29T10:12:46Z,1790676766.4,p1-E-k16,16,proc,,,,,,,,,,,,,,1113,chang0926-a-n64-s3,4538,2418,5,"4-5,40,43-47,112-115,117-120,132-133,168,171-175,240-243,245-248",25
2026-09-29T10:12:46Z,1790676766.4,p1-E-k16,16,proc,,,,,,,,,,,,,,1848,chang0926-a-n64-s4,4538,2417,5,"4-5,40,43-47,112-115,117-120,132-133,168,171-175,240-243,245-248",25
2026-09-29T10:12:46Z,1790676766.4,p1-E-k16,16,proc,,,,,,,,,,,,,,2308,chang0926-a-n64-s5,4538,2422,4,"4-5,40,43-47,112-115,117-120,132-133,168,171-175,240-243,245-248",25
2026-09-29T10:12:46Z,1790676766.4,p1-E-k16,16,proc,,,,,,,,,,,,,,2759,chang0926-a-n64-s6,4538,2426,5,"4-5,40,43-47,112-115,117-120,132-133,168,171-175,240-243,245-248",25
2026-09-29T10:12:46Z,1790676766.4,p1-E-k16,16,proc,,,,,,,,,,,,,,3275,chang0926-a-n64-s7,4538,2438,3,"4-5,40,43-47,112-115,117-120,132-133,168,171-175,240-243,245-248",61
2026-09-29T10:12:46Z,1790676766.4,p1-E-k16,16,proc,,,,,,,,,,,,,,3896,chang0926-a-n64-s8,4538,2448,4,"4-5,40,43-47,112-115,117-120,132-133,168,171-175,240-243,245-248",25
2026-09-29T10:12:46Z,1790676766.4,p1-E-k16,16,proc,,,,,,,,,,,,,,4303,chang0926-b-n64-s1,4538,2400,3,"4-5,40,43-47,112-115,117-120,132-133,168,171-175,240-243,245-248",25
2026-09-29T10:12:46Z,1790676766.4,p1-E-k16,16,proc,,,,,,,,,,,,,,4932,chang0926-b-n64-s2,4538,2362,3,"4-5,40,43-47,112-115,117-120,132-133,168,171-175,240-243,245-248",25
2026-09-29T10:12:46Z,1790676766.4,p1-E-k16,16,proc,,,,,,,,,,,,,,5357,chang0926-b-n64-s3,4538,2388,3,"4-5,40,43-47,112-115,117-120,132-133,168,171-175,240-243,245-248",25
2026-09-29T10:12:46Z,1790676766.4,p1-E-k16,16,proc,,,,,,,,,,,,,,5862,chang0926-b-n64-s4,4538,2361,3,"4-5,40,43-47,112-115,117-120,132-133,168,171-175,240-243,245-248",25
2026-09-29T10:12:46Z,1790676766.4,p1-E-k16,16,proc,,,,,,,,,,,,,,6318,chang0926-b-n64-s5,4538,2353,2,"4-5,40,43-47,112-115,117-120,132-133,168,171-175,240-243,245-248",25
2026-09-29T10:12:46Z,1790676766.4,p1-E-k16,16,proc,,,,,,,,,,,,,,6801,chang0926-b-n64-s6,4538,2380,2,"4-5,40,43-47,112-115,117-120,132-133,168,171-175,240-243,245-248",25
2026-09-29T10:12:46Z,1790676766.4,p1-E-k16,16,proc,,,,,,,,,,,,,,7394,chang0926-b-n64-s7,4538,2400,2,"4-5,40,43-47,112-115,117-120,132-133,168,171-175,240-243,245-248",25
2026-09-29T10:12:46Z,1790676766.4,p1-E-k16,16,proc,,,,,,,,,,,,,,7826,chang0926-b-n64-s8,4538,2362,2,"4-5,40,43-47,112-115,117-120,132-133,168,171-175,240-243,245-248",25
2026-09-29T10:13:46Z,1790676826.6,p1-E-k16,16,gpu,NVIDIA A100-SXM4-80GB,81920,72709,100,1410,231.62,39,8639296219,27604676608,137438953472,16,2,7,,,,,,,
2026-09-29T10:13:46Z,1790676826.6,p1-E-k16,16,proc,,,,,,,,,,,,,,631,chang0926-a-n64-s1,4538,2479,7,"4-5,40,43-47,112-115,117-120,132-133,168,171-175,240-243,245-248",25
2026-09-29T10:13:46Z,1790676826.6,p1-E-k16,16,proc,,,,,,,,,,,,,,874,chang0926-a-n64-s2,4538,2459,6,"4-5,40,43-47,112-115,117-120,132-133,168,171-175,240-243,245-248",25
2026-09-29T10:13:46Z,1790676826.6,p1-E-k16,16,proc,,,,,,,,,,,,,,1113,chang0926-a-n64-s3,4538,2476,5,"4-5,40,43-47,112-115,117-120,132-133,168,171-175,240-243,245-248",61
2026-09-29T10:13:46Z,1790676826.6,p1-E-k16,16,proc,,,,,,,,,,,,,,1848,chang0926-a-n64-s4,4538,2438,6,"4-5,40,43-47,112-115,117-120,132-133,168,171-175,240-243,245-248",25
2026-09-29T10:13:46Z,1790676826.6,p1-E-k16,16,proc,,,,,,,,,,,,,,2308,chang0926-a-n64-s5,4538,2444,5,"4-5,40,43-47,112-115,117-120,132-133,168,171-175,240-243,245-248",25
2026-09-29T10:13:46Z,1790676826.6,p1-E-k16,16,proc,,,,,,,,,,,,,,2759,chang0926-a-n64-s6,4538,2426,5,"4-5,40,43-47,112-115,117-120,132-133,168,171-175,240-243,245-248",25
2026-09-29T10:13:46Z,1790676826.6,p1-E-k16,16,proc,,,,,,,,,,,,,,3275,chang0926-a-n64-s7,4538,2405,4,"4-5,40,43-47,112-115,117-120,132-133,168,171-175,240-243,245-248",25
2026-09-29T10:13:46Z,1790676826.6,p1-E-k16,16,proc,,,,,,,,,,,,,,3896,chang0926-a-n64-s8,4538,2448,4,"4-5,40,43-47,112-115,117-120,132-133,168,171-175,240-243,245-248",25
2026-09-29T10:13:46Z,1790676826.6,p1-E-k16,16,proc,,,,,,,,,,,,,,4303,chang0926-b-n64-s1,4538,2425,4,"4-5,40,43-47,112-115,117-120,132-133,168,171-175,240-243,245-248",25
2026-09-29T10:13:46Z,1790676826.6,p1-E-k16,16,proc,,,,,,,,,,,,,,4932,chang0926-b-n64-s2,4538,2384,4,"4-5,40,43-47,112-115,117-120,132-133,168,171-175,240-243,245-248",25
2026-09-29T10:13:46Z,1790676826.6,p1-E-k16,16,proc,,,,,,,,,,,,,,5357,chang0926-b-n64-s3,4538,2388,3,"4-5,40,43-47,112-115,117-120,132-133,168,171-175,240-243,245-248",25
2026-09-29T10:13:46Z,1790676826.6,p1-E-k16,16,proc,,,,,,,,,,,,,,5862,chang0926-b-n64-s4,4538,2361,3,"4-5,40,43-47,112-115,117-120,132-133,168,171-175,240-243,245-248",25
2026-09-29T10:13:46Z,1790676826.6,p1-E-k16,16,proc,,,,,,,,,,,,,,6318,chang0926-b-n64-s5,4538,2376,3,"4-5,40,43-47,112-115,117-120,132-133,168,171-175,240-243,245-248",25
2026-09-29T10:13:46Z,1790676826.6,p1-E-k16,16,proc,,,,,,,,,,,,,,6801,chang0926-b-n64-s6,4538,2380,2,"4-5,40,43-47,112-115,117-120,132-133,168,171-175,240-243,245-248",25
2026-09-29T10:13:46Z,1790676826.6,p1-E-k16,16,proc,,,,,,,,,,,,,,7394,chang0926-b-n64-s7,4538,2400,2,"4-5,40,43-47,112-115,117-120,132-133,168,171-175,240-243,245-248",25
2026-09-29T10:13:46Z,1790676826.6,p1-E-k16,16,proc,,,,,,,,,,,,,,7826,chang0926-b-n64-s8,4538,2362,2,"4-5,40,43-47,112-115,117-120,132-133,168,171-175,240-243,245-248",25
2026-09-29T10:14:46Z,1790676886.8,p1-E-k16,16,gpu,NVIDIA A100-SXM4-80GB,81920,72709,100,1410,224.42,39,9142216303,27639459840,137438953472,16,2,7,,,,,,,
2026-09-29T10:14:46Z,1790676886.8,p1-E-k16,16,proc,,,,,,,,,,,,,,631,chang0926-a-n64-s1,4538,2479,7,"4-5,40,43-47,112-115,117-120,132-133,168,171-175,240-243,245-248",25
2026-09-29T10:14:46Z,1790676886.8,p1-E-k16,16,proc,,,,,,,,,,,,,,874,chang0926-a-n64-s2,4538,2459,6,"4-5,40,43-47,112-115,117-120,132-133,168,171-175,240-243,245-248",25
2026-09-29T10:14:46Z,1790676886.8,p1-E-k16,16,proc,,,,,,,,,,,,,,1113,chang0926-a-n64-s3,4538,2438,6,"4-5,40,43-47,112-115,117-120,132-133,168,171-175,240-243,245-248",25
2026-09-29T10:14:46Z,1790676886.8,p1-E-k16,16,proc,,,,,,,,,,,,,,1848,chang0926-a-n64-s4,4538,2438,6,"4-5,40,43-47,112-115,117-120,132-133,168,171-175,240-243,245-248",25
2026-09-29T10:14:46Z,1790676886.8,p1-E-k16,16,proc,,,,,,,,,,,,,,2308,chang0926-a-n64-s5,4538,2444,5,"4-5,40,43-47,112-115,117-120,132-133,168,171-175,240-243,245-248",25
2026-09-29T10:14:46Z,1790676886.8,p1-E-k16,16,proc,,,,,,,,,,,,,,2759,chang0926-a-n64-s6,4538,2426,5,"4-5,40,43-47,112-115,117-120,132-133,168,171-175,240-243,245-248",25
2026-09-29T10:14:46Z,1790676886.8,p1-E-k16,16,proc,,,,,,,,,,,,,,3275,chang0926-a-n64-s7,4538,2405,4,"4-5,40,43-47,112-115,117-120,132-133,168,171-175,240-243,245-248",25
2026-09-29T10:14:46Z,1790676886.8,p1-E-k16,16,proc,,,,,,,,,,,,,,3896,chang0926-a-n64-s8,4538,2470,5,"4-5,40,43-47,112-115,117-120,132-133,168,171-175,240-243,245-248",25
2026-09-29T10:14:46Z,1790676886.8,p1-E-k16,16,proc,,,,,,,,,,,,,,4303,chang0926-b-n64-s1,4538,2425,4,"4-5,40,43-47,112-115,117-120,132-133,168,171-175,240-243,245-248",25
2026-09-29T10:14:46Z,1790676886.8,p1-E-k16,16,proc,,,,,,,,,,,,,,4932,chang0926-b-n64-s2,4538,2384,4,"4-5,40,43-47,112-115,117-120,132-133,168,171-175,240-243,245-248",25
2026-09-29T10:14:46Z,1790676886.8,p1-E-k16,16,proc,,,,,,,,,,,,,,5357,chang0926-b-n64-s3,4538,2388,3,"4-5,40,43-47,112-115,117-120,132-133,168,171-175,240-243,245-248",25
2026-09-29T10:14:46Z,1790676886.8,p1-E-k16,16,proc,,,,,,,,,,,,,,5862,chang0926-b-n64-s4,4538,2361,3,"4-5,40,43-47,112-115,117-120,132-133,168,171-175,240-243,245-248",25
2026-09-29T10:14:46Z,1790676886.8,p1-E-k16,16,proc,,,,,,,,,,,,,,6318,chang0926-b-n64-s5,4538,2376,3,"4-5,40,43-47,112-115,117-120,132-133,168,171-175,240-243,245-248",25
2026-09-29T10:14:46Z,1790676886.8,p1-E-k16,16,proc,,,,,,,,,,,,,,6801,chang0926-b-n64-s6,4538,2405,3,"4-5,40,43-47,112-115,117-120,132-133,168,171-175,240-243,245-248",25
2026-09-29T10:14:46Z,1790676886.8,p1-E-k16,16,proc,,,,,,,,,,,,,,7394,chang0926-b-n64-s7,4538,2400,2,"4-5,40,43-47,112-115,117-120,132-133,168,171-175,240-243,245-248",25
2026-09-29T10:14:46Z,1790676886.8,p1-E-k16,16,proc,,,,,,,,,,,,,,7826,chang0926-b-n64-s8,4538,2384,3,"4-5,40,43-47,112-115,117-120,132-133,168,171-175,240-243,245-248",25
2026-09-29T10:15:46Z,1790676946.9,p1-E-k16,16,gpu,NVIDIA A100-SXM4-80GB,81920,72709,100,1410,244.48,39,9649430677,27789889536,137438953472,16,3,7,,,,,,,
2026-09-29T10:15:46Z,1790676946.9,p1-E-k16,16,proc,,,,,,,,,,,,,,631,chang0926-a-n64-s1,4538,2479,7,"4-5,40,43-47,112-115,117-120,132-133,168,171-175,240-243,245-248",25
2026-09-29T10:15:46Z,1790676946.9,p1-E-k16,16,proc,,,,,,,,,,,,,,874,chang0926-a-n64-s2,4538,2459,6,"4-5,40,43-47,112-115,117-120,132-133,168,171-175,240-243,245-248",25
2026-09-29T10:15:46Z,1790676946.9,p1-E-k16,16,proc,,,,,,,,,,,,,,1113,chang0926-a-n64-s3,4538,2438,6,"4-5,40,43-47,112-115,117-120,132-133,168,171-175,240-243,245-248",25
2026-09-29T10:15:46Z,1790676946.9,p1-E-k16,16,proc,,,,,,,,,,,,,,1848,chang0926-a-n64-s4,4538,2438,6,"4-5,40,43-47,112-115,117-120,132-133,168,171-175,240-243,245-248",25
2026-09-29T10:15:46Z,1790676946.9,p1-E-k16,16,proc,,,,,,,,,,,,,,2308,chang0926-a-n64-s5,4538,2444,5,"4-5,40,43-47,112-115,117-120,132-133,168,171-175,240-243,245-248",25
2026-09-29T10:15:46Z,1790676946.9,p1-E-k16,16,proc,,,,,,,,,,,,,,2759,chang0926-a-n64-s6,4538,2443,6,"4-5,40,43-47,112-115,117-120,132-133,168,171-175,240-243,245-248",25
2026-09-29T10:15:46Z,1790676946.9,p1-E-k16,16,proc,,,,,,,,,,,,,,3275,chang0926-a-n64-s7,4538,2433,5,"4-5,40,43-47,112-115,117-120,132-133,168,171-175,240-243,245-248",25
2026-09-29T10:15:46Z,1790676946.9,p1-E-k16,16,proc,,,,,,,,,,,,,,3896,chang0926-a-n64-s8,4538,2470,5,"4-5,40,43-47,112-115,117-120,132-133,168,171-175,240-243,245-248",25
2026-09-29T10:15:46Z,1790676946.9,p1-E-k16,16,proc,,,,,,,,,,,,,,4303,chang0926-b-n64-s1,4538,2425,4,"4-5,40,43-47,112-115,117-120,132-133,168,171-175,240-243,245-248",25
2026-09-29T10:15:46Z,1790676946.9,p1-E-k16,16,proc,,,,,,,,,,,,,,4932,chang0926-b-n64-s2,4538,2384,4,"4-5,40,43-47,112-115,117-120,132-133,168,171-175,240-243,245-248",25
2026-09-29T10:15:46Z,1790676946.9,p1-E-k16,16,proc,,,,,,,,,,,,,,5357,chang0926-b-n64-s3,4538,2409,4,"4-5,40,43-47,112-115,117-120,132-133,168,171-175,240-243,245-248",25
2026-09-29T10:15:46Z,1790676946.9,p1-E-k16,16,proc,,,,,,,,,,,,,,5862,chang0926-b-n64-s4,4538,2383,4,"4-5,40,43-47,112-115,117-120,132-133,168,171-175,240-243,245-248",25
2026-09-29T10:15:46Z,1790676946.9,p1-E-k16,16,proc,,,,,,,,,,,,,,6318,chang0926-b-n64-s5,4538,2400,4,"4-5,40,43-47,112-115,117-120,132-133,168,171-175,240-243,245-248",25
2026-09-29T10:15:46Z,1790676946.9,p1-E-k16,16,proc,,,,,,,,,,,,,,6801,chang0926-b-n64-s6,4538,2405,3,"4-5,40,43-47,112-115,117-120,132-133,168,171-175,240-243,245-248",25
2026-09-29T10:15:46Z,1790676946.9,p1-E-k16,16,proc,,,,,,,,,,,,,,7394,chang0926-b-n64-s7,4538,2427,3,"4-5,40,43-47,112-115,117-120,132-133,168,171-175,240-243,245-248",25
2026-09-29T10:15:46Z,1790676946.9,p1-E-k16,16,proc,,,,,,,,,,,,,,7826,chang0926-b-n64-s8,4538,2384,3,"4-5,40,43-47,112-115,117-120,132-133,168,171-175,240-243,245-248",25
2026-09-29T10:16:47Z,1790677007.1,p1-E-k16,16,gpu,NVIDIA A100-SXM4-80GB,81920,72709,100,1410,225.19,40,10162989798,27972030464,137438953472,16,3,8,,,,,,,
2026-09-29T10:16:47Z,1790677007.1,p1-E-k16,16,proc,,,,,,,,,,,,,,631,chang0926-a-n64-s1,4538,2499,8,"4-5,40,43-47,112-115,117-120,132-133,168,171-175,240-243,245-248",25
2026-09-29T10:16:47Z,1790677007.1,p1-E-k16,16,proc,,,,,,,,,,,,,,874,chang0926-a-n64-s2,4538,2480,7,"4-5,40,43-47,112-115,117-120,132-133,168,171-175,240-243,245-248",25
2026-09-29T10:16:47Z,1790677007.1,p1-E-k16,16,proc,,,,,,,,,,,,,,1113,chang0926-a-n64-s3,4538,2454,7,"4-5,40,43-47,112-115,117-120,132-133,168,171-175,240-243,245-248",25
2026-09-29T10:16:47Z,1790677007.1,p1-E-k16,16,proc,,,,,,,,,,,,,,1848,chang0926-a-n64-s4,4538,2461,7,"4-5,40,43-47,112-115,117-120,132-133,168,171-175,240-243,245-248",25
2026-09-29T10:16:47Z,1790677007.1,p1-E-k16,16,proc,,,,,,,,,,,,,,2308,chang0926-a-n64-s5,4538,2468,6,"4-5,40,43-47,112-115,117-120,132-133,168,171-175,240-243,245-248",25
2026-09-29T10:16:47Z,1790677007.1,p1-E-k16,16,proc,,,,,,,,,,,,,,2759,chang0926-a-n64-s6,4538,2443,6,"4-5,40,43-47,112-115,117-120,132-133,168,171-175,240-243,245-248",25
2026-09-29T10:16:47Z,1790677007.1,p1-E-k16,16,proc,,,,,,,,,,,,,,3275,chang0926-a-n64-s7,4538,2433,5,"4-5,40,43-47,112-115,117-120,132-133,168,171-175,240-243,245-248",25
2026-09-29T10:16:47Z,1790677007.1,p1-E-k16,16,proc,,,,,,,,,,,,,,3896,chang0926-a-n64-s8,4538,2470,5,"4-5,40,43-47,112-115,117-120,132-133,168,171-175,240-243,245-248",25
2026-09-29T10:16:47Z,1790677007.1,p1-E-k16,16,proc,,,,,,,,,,,,,,4303,chang0926-b-n64-s1,4538,2444,5,"4-5,40,43-47,112-115,117-120,132-133,168,171-175,240-243,245-248",25
2026-09-29T10:16:47Z,1790677007.1,p1-E-k16,16,proc,,,,,,,,,,,,,,4932,chang0926-b-n64-s2,4538,2410,5,"4-5,40,43-47,112-115,117-120,132-133,168,171-175,240-243,245-248",25
2026-09-29T10:16:47Z,1790677007.1,p1-E-k16,16,proc,,,,,,,,,,,,,,5357,chang0926-b-n64-s3,4538,2409,4,"4-5,40,43-47,112-115,117-120,132-133,168,171-175,240-243,245-248",25
2026-09-29T10:16:47Z,1790677007.1,p1-E-k16,16,proc,,,,,,,,,,,,,,5862,chang0926-b-n64-s4,4538,2383,4,"4-5,40,43-47,112-115,117-120,132-133,168,171-175,240-243,245-248",25
2026-09-29T10:16:47Z,1790677007.1,p1-E-k16,16,proc,,,,,,,,,,,,,,6318,chang0926-b-n64-s5,4538,2400,4,"4-5,40,43-47,112-115,117-120,132-133,168,171-175,240-243,245-248",25
2026-09-29T10:16:47Z,1790677007.1,p1-E-k16,16,proc,,,,,,,,,,,,,,6801,chang0926-b-n64-s6,4538,2423,4,"4-5,40,43-47,112-115,117-120,132-133,168,171-175,240-243,245-248",25
2026-09-29T10:16:47Z,1790677007.1,p1-E-k16,16,proc,,,,,,,,,,,,,,7394,chang0926-b-n64-s7,4538,2427,3,"4-5,40,43-47,112-115,117-120,132-133,168,171-175,240-243,245-248",25
2026-09-29T10:16:47Z,1790677007.1,p1-E-k16,16,proc,,,,,,,,,,,,,,7826,chang0926-b-n64-s8,4538,2384,3,"4-5,40,43-47,112-115,117-120,132-133,168,171-175,240-243,245-248",25
2026-09-29T10:17:47Z,1790677067.4,p1-E-k16,16,gpu,NVIDIA A100-SXM4-80GB,81920,72709,100,1410,242.11,40,10673460372,28125286400,137438953472,16,4,8,,,,,,,
2026-09-29T10:17:47Z,1790677067.4,p1-E-k16,16,proc,,,,,,,,,,,,,,631,chang0926-a-n64-s1,4538,2499,8,"4-5,40,43-47,112-115,117-120,132-133,168,171-175,240-243,245-248",25
2026-09-29T10:17:47Z,1790677067.4,p1-E-k16,16,proc,,,,,,,,,,,,,,874,chang0926-a-n64-s2,4538,2480,7,"4-5,40,43-47,112-115,117-120,132-133,168,171-175,240-243,245-248",25
2026-09-29T10:17:47Z,1790677067.4,p1-E-k16,16,proc,,,,,,,,,,,,,,1113,chang0926-a-n64-s3,4538,2454,7,"4-5,40,43-47,112-115,117-120,132-133,168,171-175,240-243,245-248",25
2026-09-29T10:17:47Z,1790677067.4,p1-E-k16,16,proc,,,,,,,,,,,,,,1848,chang0926-a-n64-s4,4538,2461,7,"4-5,40,43-47,112-115,117-120,132-133,168,171-175,240-243,245-248",25
2026-09-29T10:17:47Z,1790677067.4,p1-E-k16,16,proc,,,,,,,,,,,,,,2308,chang0926-a-n64-s5,4538,2468,6,"4-5,40,43-47,112-115,117-120,132-133,168,171-175,240-243,245-248",25
2026-09-29T10:17:47Z,1790677067.4,p1-E-k16,16,proc,,,,,,,,,,,,,,2759,chang0926-a-n64-s6,4538,2463,7,"4-5,40,43-47,112-115,117-120,132-133,168,171-175,240-243,245-248",25
2026-09-29T10:17:47Z,1790677067.4,p1-E-k16,16,proc,,,,,,,,,,,,,,3275,chang0926-a-n64-s7,4538,2433,5,"4-5,40,43-47,112-115,117-120,132-133,168,171-175,240-243,245-248",25
2026-09-29T10:17:47Z,1790677067.4,p1-E-k16,16,proc,,,,,,,,,,,,,,3896,chang0926-a-n64-s8,4538,2492,6,"4-5,40,43-47,112-115,117-120,132-133,168,171-175,240-243,245-248",25
2026-09-29T10:17:47Z,1790677067.4,p1-E-k16,16,proc,,,,,,,,,,,,,,4303,chang0926-b-n64-s1,4538,2444,5,"4-5,40,43-47,112-115,117-120,132-133,168,171-175,240-243,245-248",25
2026-09-29T10:17:47Z,1790677067.4,p1-E-k16,16,proc,,,,,,,,,,,,,,4932,chang0926-b-n64-s2,4538,2410,5,"4-5,40,43-47,112-115,117-120,132-133,168,171-175,240-243,245-248",25
2026-09-29T10:17:47Z,1790677067.4,p1-E-k16,16,proc,,,,,,,,,,,,,,5357,chang0926-b-n64-s3,4538,2434,4,"4-5,40,43-47,112-115,117-120,132-133,168,171-175,240-243,245-248",25
2026-09-29T10:17:47Z,1790677067.4,p1-E-k16,16,proc,,,,,,,,,,,,,,5862,chang0926-b-n64-s4,4538,2415,5,"4-5,40,43-47,112-115,117-120,132-133,168,171-175,240-243,245-248",25
2026-09-29T10:17:47Z,1790677067.4,p1-E-k16,16,proc,,,,,,,,,,,,,,6318,chang0926-b-n64-s5,4538,2400,4,"4-5,40,43-47,112-115,117-120,132-133,168,171-175,240-243,245-248",25
2026-09-29T10:17:47Z,1790677067.4,p1-E-k16,16,proc,,,,,,,,,,,,,,6801,chang0926-b-n64-s6,4538,2423,4,"4-5,40,43-47,112-115,117-120,132-133,168,171-175,240-243,245-248",25
2026-09-29T10:17:47Z,1790677067.4,p1-E-k16,16,proc,,,,,,,,,,,,,,7394,chang0926-b-n64-s7,4538,2448,4,"4-5,40,43-47,112-115,117-120,132-133,168,171-175,240-243,245-248",25
2026-09-29T10:17:47Z,1790677067.4,p1-E-k16,16,proc,,,,,,,,,,,,,,7826,chang0926-b-n64-s8,4538,2407,4,"4-5,40,43-47,112-115,117-120,132-133,168,171-175,240-243,245-248",25
2026-09-29T10:18:47Z,1790677127.6,p1-E-k16,16,gpu,NVIDIA A100-SXM4-80GB,81920,72709,100,1410,225.77,39,11179989702,28343230464,137438953472,16,4,9,,,,,,,
2026-09-29T10:18:47Z,1790677127.6,p1-E-k16,16,proc,,,,,,,,,,,,,,631,chang0926-a-n64-s1,4538,2513,9,"4-5,40,43-47,112-115,117-120,132-133,168,171-175,240-243,245-248",25
2026-09-29T10:18:47Z,1790677127.6,p1-E-k16,16,proc,,,,,,,,,,,,,,874,chang0926-a-n64-s2,4538,2480,7,"4-5,40,43-47,112-115,117-120,132-133,168,171-175,240-243,245-248",25
2026-09-29T10:18:47Z,1790677127.6,p1-E-k16,16,proc,,,,,,,,,,,,,,1113,chang0926-a-n64-s3,4538,2454,7,"4-5,40,43-47,112-115,117-120,132-133,168,171-175,240-243,245-248",25
2026-09-29T10:18:47Z,1790677127.6,p1-E-k16,16,proc,,,,,,,,,,,,,,1848,chang0926-a-n64-s4,4538,2524,7,"4-5,40,43-47,112-115,117-120,132-133,168,171-175,240-243,245-248",61
2026-09-29T10:18:47Z,1790677127.6,p1-E-k16,16,proc,,,,,,,,,,,,,,2308,chang0926-a-n64-s5,4538,2468,6,"4-5,40,43-47,112-115,117-120,132-133,168,171-175,240-243,245-248",25
2026-09-29T10:18:47Z,1790677127.6,p1-E-k16,16,proc,,,,,,,,,,,,,,2759,chang0926-a-n64-s6,4538,2463,7,"4-5,40,43-47,112-115,117-120,132-133,168,171-175,240-243,245-248",25
2026-09-29T10:18:47Z,1790677127.6,p1-E-k16,16,proc,,,,,,,,,,,,,,3275,chang0926-a-n64-s7,4538,2453,6,"4-5,40,43-47,112-115,117-120,132-133,168,171-175,240-243,245-248",25
2026-09-29T10:18:47Z,1790677127.6,p1-E-k16,16,proc,,,,,,,,,,,,,,3896,chang0926-a-n64-s8,4538,2492,6,"4-5,40,43-47,112-115,117-120,132-133,168,171-175,240-243,245-248",25
2026-09-29T10:18:47Z,1790677127.6,p1-E-k16,16,proc,,,,,,,,,,,,,,4303,chang0926-b-n64-s1,4538,2467,6,"4-5,40,43-47,112-115,117-120,132-133,168,171-175,240-243,245-248",25
2026-09-29T10:18:47Z,1790677127.6,p1-E-k16,16,proc,,,,,,,,,,,,,,4932,chang0926-b-n64-s2,4538,2473,5,"4-5,40,43-47,112-115,117-120,132-133,168,171-175,240-243,245-248",61
2026-09-29T10:18:47Z,1790677127.6,p1-E-k16,16,proc,,,,,,,,,,,,,,5357,chang0926-b-n64-s3,4538,2434,5,"4-5,40,43-47,112-115,117-120,132-133,168,171-175,240-243,245-248",25
2026-09-29T10:18:47Z,1790677127.6,p1-E-k16,16,proc,,,,,,,,,,,,,,5862,chang0926-b-n64-s4,4538,2415,5,"4-5,40,43-47,112-115,117-120,132-133,168,171-175,240-243,245-248",25
2026-09-29T10:18:47Z,1790677127.6,p1-E-k16,16,proc,,,,,,,,,,,,,,6318,chang0926-b-n64-s5,4538,2422,5,"4-5,40,43-47,112-115,117-120,132-133,168,171-175,240-243,245-248",25
2026-09-29T10:18:47Z,1790677127.6,p1-E-k16,16,proc,,,,,,,,,,,,,,6801,chang0926-b-n64-s6,4538,2423,4,"4-5,40,43-47,112-115,117-120,132-133,168,171-175,240-243,245-248",25
2026-09-29T10:18:47Z,1790677127.6,p1-E-k16,16,proc,,,,,,,,,,,,,,7394,chang0926-b-n64-s7,4538,2448,4,"4-5,40,43-47,112-115,117-120,132-133,168,171-175,240-243,245-248",25
2026-09-29T10:18:47Z,1790677127.6,p1-E-k16,16,proc,,,,,,,,,,,,,,7826,chang0926-b-n64-s8,4538,2407,4,"4-5,40,43-47,112-115,117-120,132-133,168,171-175,240-243,245-248",25
2026-09-29T10:19:47Z,1790677187.8,p1-E-k16,16,gpu,NVIDIA A100-SXM4-80GB,81920,72709,100,1410,225.21,39,11687012153,28311605248,137438953472,16,4,9,,,,,,,
2026-09-29T10:19:47Z,1790677187.8,p1-E-k16,16,proc,,,,,,,,,,,,,,631,chang0926-a-n64-s1,4538,2513,9,"4-5,40,43-47,112-115,117-120,132-133,168,171-175,240-243,245-248",25
2026-09-29T10:19:47Z,1790677187.8,p1-E-k16,16,proc,,,,,,,,,,,,,,874,chang0926-a-n64-s2,4538,2486,8,"4-5,40,43-47,112-115,117-120,132-133,168,171-175,240-243,245-248",25
2026-09-29T10:19:47Z,1790677187.8,p1-E-k16,16,proc,,,,,,,,,,,,,,1113,chang0926-a-n64-s3,4538,2475,8,"4-5,40,43-47,112-115,117-120,132-133,168,171-175,240-243,245-248",25
2026-09-29T10:19:47Z,1790677187.8,p1-E-k16,16,proc,,,,,,,,,,,,,,1848,chang0926-a-n64-s4,4538,2480,8,"4-5,40,43-47,112-115,117-120,132-133,168,171-175,240-243,245-248",25
2026-09-29T10:19:47Z,1790677187.8,p1-E-k16,16,proc,,,,,,,,,,,,,,2308,chang0926-a-n64-s5,4538,2478,7,"4-5,40,43-47,112-115,117-120,132-133,168,171-175,240-243,245-248",25
2026-09-29T10:19:47Z,1790677187.8,p1-E-k16,16,proc,,,,,,,,,,,,,,2759,chang0926-a-n64-s6,4538,2463,7,"4-5,40,43-47,112-115,117-120,132-133,168,171-175,240-243,245-248",25
2026-09-29T10:19:47Z,1790677187.8,p1-E-k16,16,proc,,,,,,,,,,,,,,3275,chang0926-a-n64-s7,4538,2453,6,"4-5,40,43-47,112-115,117-120,132-133,168,171-175,240-243,245-248",25
2026-09-29T10:19:47Z,1790677187.8,p1-E-k16,16,proc,,,,,,,,,,,,,,3896,chang0926-a-n64-s8,4538,2492,6,"4-5,40,43-47,112-115,117-120,132-133,168,171-175,240-243,245-248",25
2026-09-29T10:19:47Z,1790677187.8,p1-E-k16,16,proc,,,,,,,,,,,,,,4303,chang0926-b-n64-s1,4538,2467,6,"4-5,40,43-47,112-115,117-120,132-133,168,171-175,240-243,245-248",25
2026-09-29T10:19:47Z,1790677187.8,p1-E-k16,16,proc,,,,,,,,,,,,,,4932,chang0926-b-n64-s2,4538,2427,6,"4-5,40,43-47,112-115,117-120,132-133,168,171-175,240-243,245-248",25
2026-09-29T10:19:47Z,1790677187.8,p1-E-k16,16,proc,,,,,,,,,,,,,,5357,chang0926-b-n64-s3,4538,2434,5,"4-5,40,43-47,112-115,117-120,132-133,168,171-175,240-243,245-248",25
2026-09-29T10:19:47Z,1790677187.8,p1-E-k16,16,proc,,,,,,,,,,,,,,5862,chang0926-b-n64-s4,4538,2415,5,"4-5,40,43-47,112-115,117-120,132-133,168,171-175,240-243,245-248",25
2026-09-29T10:19:47Z,1790677187.8,p1-E-k16,16,proc,,,,,,,,,,,,,,6318,chang0926-b-n64-s5,4538,2422,5,"4-5,40,43-47,112-115,117-120,132-133,168,171-175,240-243,245-248",25
2026-09-29T10:19:47Z,1790677187.8,p1-E-k16,16,proc,,,,,,,,,,,,,,6801,chang0926-b-n64-s6,4538,2446,5,"4-5,40,43-47,112-115,117-120,132-133,168,171-175,240-243,245-248",25
2026-09-29T10:19:47Z,1790677187.8,p1-E-k16,16,proc,,,,,,,,,,,,,,7394,chang0926-b-n64-s7,4538,2448,4,"4-5,40,43-47,112-115,117-120,132-133,168,171-175,240-243,245-248",25
2026-09-29T10:19:47Z,1790677187.8,p1-E-k16,16,proc,,,,,,,,,,,,,,7826,chang0926-b-n64-s8,4538,2407,4,"4-5,40,43-47,112-115,117-120,132-133,168,171-175,240-243,245-248",25
2026-09-29T10:20:47Z,1790677247.9,p1-E-k16,16,gpu,NVIDIA A100-SXM4-80GB,81920,72709,100,1410,212.36,39,12196922656,28459220992,137438953472,16,5,9,,,,,,,
2026-09-29T10:20:47Z,1790677247.9,p1-E-k16,16,proc,,,,,,,,,,,,,,631,chang0926-a-n64-s1,4538,2513,9,"4-5,40,43-47,112-115,117-120,132-133,168,171-175,240-243,245-248",25
2026-09-29T10:20:47Z,1790677247.9,p1-E-k16,16,proc,,,,,,,,,,,,,,874,chang0926-a-n64-s2,4538,2486,8,"4-5,40,43-47,112-115,117-120,132-133,168,171-175,240-243,245-248",25
2026-09-29T10:20:47Z,1790677247.9,p1-E-k16,16,proc,,,,,,,,,,,,,,1113,chang0926-a-n64-s3,4538,2475,8,"4-5,40,43-47,112-115,117-120,132-133,168,171-175,240-243,245-248",25
2026-09-29T10:20:47Z,1790677247.9,p1-E-k16,16,proc,,,,,,,,,,,,,,1848,chang0926-a-n64-s4,4538,2480,8,"4-5,40,43-47,112-115,117-120,132-133,168,171-175,240-243,245-248",25
2026-09-29T10:20:47Z,1790677247.9,p1-E-k16,16,proc,,,,,,,,,,,,,,2308,chang0926-a-n64-s5,4538,2478,7,"4-5,40,43-47,112-115,117-120,132-133,168,171-175,240-243,245-248",25
2026-09-29T10:20:47Z,1790677247.9,p1-E-k16,16,proc,,,,,,,,,,,,,,2759,chang0926-a-n64-s6,4538,2481,8,"4-5,40,43-47,112-115,117-120,132-133,168,171-175,240-243,245-248",25
2026-09-29T10:20:47Z,1790677247.9,p1-E-k16,16,proc,,,,,,,,,,,,,,3275,chang0926-a-n64-s7,4538,2469,7,"4-5,40,43-47,112-115,117-120,132-133,168,171-175,240-243,245-248",25
2026-09-29T10:20:47Z,1790677247.9,p1-E-k16,16,proc,,,,,,,,,,,,,,3896,chang0926-a-n64-s8,4538,2512,7,"4-5,40,43-47,112-115,117-120,132-133,168,171-175,240-243,245-248",25
2026-09-29T10:20:47Z,1790677247.9,p1-E-k16,16,proc,,,,,,,,,,,,,,4303,chang0926-b-n64-s1,4538,2467,6,"4-5,40,43-47,112-115,117-120,132-133,168,171-175,240-243,245-248",25
2026-09-29T10:20:47Z,1790677247.9,p1-E-k16,16,proc,,,,,,,,,,,,,,4932,chang0926-b-n64-s2,4538,2427,6,"4-5,40,43-47,112-115,117-120,132-133,168,171-175,240-243,245-248",25
2026-09-29T10:20:47Z,1790677247.9,p1-E-k16,16,proc,,,,,,,,,,,,,,5357,chang0926-b-n64-s3,4538,2452,6,"4-5,40,43-47,112-115,117-120,132-133,168,171-175,240-243,245-248",25
2026-09-29T10:20:47Z,1790677247.9,p1-E-k16,16,proc,,,,,,,,,,,,,,5862,chang0926-b-n64-s4,4538,2434,6,"4-5,40,43-47,112-115,117-120,132-133,168,171-175,240-243,245-248",25
2026-09-29T10:20:47Z,1790677247.9,p1-E-k16,16,proc,,,,,,,,,,,,,,6318,chang0926-b-n64-s5,4538,2422,5,"4-5,40,43-47,112-115,117-120,132-133,168,171-175,240-243,245-248",25
2026-09-29T10:20:47Z,1790677247.9,p1-E-k16,16,proc,,,,,,,,,,,,,,6801,chang0926-b-n64-s6,4538,2446,5,"4-5,40,43-47,112-115,117-120,132-133,168,171-175,240-243,245-248",25
2026-09-29T10:20:47Z,1790677247.9,p1-E-k16,16,proc,,,,,,,,,,,,,,7394,chang0926-b-n64-s7,4538,2469,5,"4-5,40,43-47,112-115,117-120,132-133,168,171-175,240-243,245-248",25
2026-09-29T10:20:47Z,1790677247.9,p1-E-k16,16,proc,,,,,,,,,,,,,,7826,chang0926-b-n64-s8,4538,2431,5,"4-5,40,43-47,112-115,117-120,132-133,168,171-175,240-243,245-248",25
2026-09-29T10:21:48Z,1790677308.1,p1-E-k16,16,gpu,NVIDIA A100-SXM4-80GB,81920,72709,100,1410,220.93,39,12700890429,28563152896,137438953472,16,5,9,,,,,,,
2026-09-29T10:21:48Z,1790677308.1,p1-E-k16,16,proc,,,,,,,,,,,,,,631,chang0926-a-n64-s1,4538,2513,9,"4-5,40,43-47,112-115,117-120,132-133,168,171-175,240-243,245-248",25
2026-09-29T10:21:48Z,1790677308.1,p1-E-k16,16,proc,,,,,,,,,,,,,,874,chang0926-a-n64-s2,4538,2496,9,"4-5,40,43-47,112-115,117-120,132-133,168,171-175,240-243,245-248",25
2026-09-29T10:21:48Z,1790677308.1,p1-E-k16,16,proc,,,,,,,,,,,,,,1113,chang0926-a-n64-s3,4538,2490,9,"4-5,40,43-47,112-115,117-120,132-133,168,171-175,240-243,245-248",25
2026-09-29T10:21:48Z,1790677308.1,p1-E-k16,16,proc,,,,,,,,,,,,,,1848,chang0926-a-n64-s4,4538,2485,9,"4-5,40,43-47,112-115,117-120,132-133,168,171-175,240-243,245-248",25
2026-09-29T10:21:48Z,1790677308.1,p1-E-k16,16,proc,,,,,,,,,,,,,,2308,chang0926-a-n64-s5,4538,2489,8,"4-5,40,43-47,112-115,117-120,132-133,168,171-175,240-243,245-248",25
2026-09-29T10:21:48Z,1790677308.1,p1-E-k16,16,proc,,,,,,,,,,,,,,2759,chang0926-a-n64-s6,4538,2481,8,"4-5,40,43-47,112-115,117-120,132-133,168,171-175,240-243,245-248",25
2026-09-29T10:21:48Z,1790677308.1,p1-E-k16,16,proc,,,,,,,,,,,,,,3275,chang0926-a-n64-s7,4538,2469,7,"4-5,40,43-47,112-115,117-120,132-133,168,171-175,240-243,245-248",25
2026-09-29T10:21:48Z,1790677308.1,p1-E-k16,16,proc,,,,,,,,,,,,,,3896,chang0926-a-n64-s8,4538,2512,7,"4-5,40,43-47,112-115,117-120,132-133,168,171-175,240-243,245-248",25
2026-09-29T10:21:48Z,1790677308.1,p1-E-k16,16,proc,,,,,,,,,,,,,,4303,chang0926-b-n64-s1,4538,2485,7,"4-5,40,43-47,112-115,117-120,132-133,168,171-175,240-243,245-248",25
2026-09-29T10:21:48Z,1790677308.1,p1-E-k16,16,proc,,,,,,,,,,,,,,4932,chang0926-b-n64-s2,4538,2441,7,"4-5,40,43-47,112-115,117-120,132-133,168,171-175,240-243,245-248",25
2026-09-29T10:21:48Z,1790677308.1,p1-E-k16,16,proc,,,,,,,,,,,,,,5357,chang0926-b-n64-s3,4538,2452,6,"4-5,40,43-47,112-115,117-120,132-133,168,171-175,240-243,245-248",25
2026-09-29T10:21:48Z,1790677308.1,p1-E-k16,16,proc,,,,,,,,,,,,,,5862,chang0926-b-n64-s4,4538,2434,6,"4-5,40,43-47,112-115,117-120,132-133,168,171-175,240-243,245-248",25
2026-09-29T10:21:48Z,1790677308.1,p1-E-k16,16,proc,,,,,,,,,,,,,,6318,chang0926-b-n64-s5,4538,2442,6,"4-5,40,43-47,112-115,117-120,132-133,168,171-175,240-243,245-248",25
2026-09-29T10:21:48Z,1790677308.1,p1-E-k16,16,proc,,,,,,,,,,,,,,6801,chang0926-b-n64-s6,4538,2446,5,"4-5,40,43-47,112-115,117-120,132-133,168,171-175,240-243,245-248",25
2026-09-29T10:21:48Z,1790677308.1,p1-E-k16,16,proc,,,,,,,,,,,,,,7394,chang0926-b-n64-s7,4538,2469,5,"4-5,40,43-47,112-115,117-120,132-133,168,171-175,240-243,245-248",25
2026-09-29T10:21:48Z,1790677308.1,p1-E-k16,16,proc,,,,,,,,,,,,,,7826,chang0926-b-n64-s8,4538,2431,5,"4-5,40,43-47,112-115,117-120,132-133,168,171-175,240-243,245-248",25
2026-09-29T10:22:48Z,1790677368.2,p1-E-k16,16,gpu,NVIDIA A100-SXM4-80GB,81920,72709,100,1410,226.04,40,13193964376,28618235904,137438953472,16,5,9,,,,,,,
2026-09-29T10:22:48Z,1790677368.2,p1-E-k16,16,proc,,,,,,,,,,,,,,631,chang0926-a-n64-s1,4538,2513,9,"4-5,40,43-47,112-115,117-120,132-133,168,171-175,240-243,245-248",25
2026-09-29T10:22:48Z,1790677368.2,p1-E-k16,16,proc,,,,,,,,,,,,,,874,chang0926-a-n64-s2,4538,2496,9,"4-5,40,43-47,112-115,117-120,132-133,168,171-175,240-243,245-248",25
2026-09-29T10:22:48Z,1790677368.2,p1-E-k16,16,proc,,,,,,,,,,,,,,1113,chang0926-a-n64-s3,4538,2490,9,"4-5,40,43-47,112-115,117-120,132-133,168,171-175,240-243,245-248",25
2026-09-29T10:22:48Z,1790677368.2,p1-E-k16,16,proc,,,,,,,,,,,,,,1848,chang0926-a-n64-s4,4538,2485,9,"4-5,40,43-47,112-115,117-120,132-133,168,171-175,240-243,245-248",25
2026-09-29T10:22:48Z,1790677368.2,p1-E-k16,16,proc,,,,,,,,,,,,,,2308,chang0926-a-n64-s5,4538,2489,8,"4-5,40,43-47,112-115,117-120,132-133,168,171-175,240-243,245-248",25
2026-09-29T10:22:48Z,1790677368.2,p1-E-k16,16,proc,,,,,,,,,,,,,,2759,chang0926-a-n64-s6,4538,2481,8,"4-5,40,43-47,112-115,117-120,132-133,168,171-175,240-243,245-248",25
2026-09-29T10:22:48Z,1790677368.2,p1-E-k16,16,proc,,,,,,,,,,,,,,3275,chang0926-a-n64-s7,4538,2469,7,"4-5,40,43-47,112-115,117-120,132-133,168,171-175,240-243,245-248",25
2026-09-29T10:22:48Z,1790677368.2,p1-E-k16,16,proc,,,,,,,,,,,,,,3896,chang0926-a-n64-s8,4538,2525,8,"4-5,40,43-47,112-115,117-120,132-133,168,171-175,240-243,245-248",25
2026-09-29T10:22:48Z,1790677368.2,p1-E-k16,16,proc,,,,,,,,,,,,,,4303,chang0926-b-n64-s1,4538,2485,7,"4-5,40,43-47,112-115,117-120,132-133,168,171-175,240-243,245-248",25
2026-09-29T10:22:48Z,1790677368.2,p1-E-k16,16,proc,,,,,,,,,,,,,,4932,chang0926-b-n64-s2,4538,2441,7,"4-5,40,43-47,112-115,117-120,132-133,168,171-175,240-243,245-248",25
2026-09-29T10:22:48Z,1790677368.2,p1-E-k16,16,proc,,,,,,,,,,,,,,5357,chang0926-b-n64-s3,4538,2452,6,"4-5,40,43-47,112-115,117-120,132-133,168,171-175,240-243,245-248",25
2026-09-29T10:22:48Z,1790677368.2,p1-E-k16,16,proc,,,,,,,,,,,,,,5862,chang0926-b-n64-s4,4538,2434,6,"4-5,40,43-47,112-115,117-120,132-133,168,171-175,240-243,245-248",25
2026-09-29T10:22:48Z,1790677368.2,p1-E-k16,16,proc,,,,,,,,,,,,,,6318,chang0926-b-n64-s5,4538,2442,6,"4-5,40,43-47,112-115,117-120,132-133,168,171-175,240-243,245-248",25
2026-09-29T10:22:48Z,1790677368.2,p1-E-k16,16,proc,,,,,,,,,,,,,,6801,chang0926-b-n64-s6,4538,2466,6,"4-5,40,43-47,112-115,117-120,132-133,168,171-175,240-243,245-248",25
2026-09-29T10:22:48Z,1790677368.2,p1-E-k16,16,proc,,,,,,,,,,,,,,7394,chang0926-b-n64-s7,4538,2469,5,"4-5,40,43-47,112-115,117-120,132-133,168,171-175,240-243,245-248",25
2026-09-29T10:22:48Z,1790677368.2,p1-E-k16,16,proc,,,,,,,,,,,,,,7826,chang0926-b-n64-s8,4538,2450,6,"4-5,40,43-47,112-115,117-120,132-133,168,171-175,240-243,245-248",25
2026-09-29T10:23:48Z,1790677428.4,p1-E-k16,16,gpu,NVIDIA A100-SXM4-80GB,81920,72709,100,1410,228.69,40,13694776778,28728999936,137438953472,16,6,9,,,,,,,
2026-09-29T10:23:48Z,1790677428.4,p1-E-k16,16,proc,,,,,,,,,,,,,,631,chang0926-a-n64-s1,4538,2513,9,"4-5,40,43-47,112-115,117-120,132-133,168,171-175,240-243,245-248",25
2026-09-29T10:23:48Z,1790677428.4,p1-E-k16,16,proc,,,,,,,,,,,,,,874,chang0926-a-n64-s2,4538,2496,9,"4-5,40,43-47,112-115,117-120,132-133,168,171-175,240-243,245-248",25
2026-09-29T10:23:48Z,1790677428.4,p1-E-k16,16,proc,,,,,,,,,,,,,,1113,chang0926-a-n64-s3,4538,2490,9,"4-5,40,43-47,112-115,117-120,132-133,168,171-175,240-243,245-248",25
2026-09-29T10:23:48Z,1790677428.4,p1-E-k16,16,proc,,,,,,,,,,,,,,1848,chang0926-a-n64-s4,4538,2485,9,"4-5,40,43-47,112-115,117-120,132-133,168,171-175,240-243,245-248",25
2026-09-29T10:23:48Z,1790677428.4,p1-E-k16,16,proc,,,,,,,,,,,,,,2308,chang0926-a-n64-s5,4538,2489,8,"4-5,40,43-47,112-115,117-120,132-133,168,171-175,240-243,245-248",25
2026-09-29T10:23:48Z,1790677428.4,p1-E-k16,16,proc,,,,,,,,,,,,,,2759,chang0926-a-n64-s6,4538,2493,9,"4-5,40,43-47,112-115,117-120,132-133,168,171-175,240-243,245-248",25
2026-09-29T10:23:48Z,1790677428.4,p1-E-k16,16,proc,,,,,,,,,,,,,,3275,chang0926-a-n64-s7,4538,2479,8,"4-5,40,43-47,112-115,117-120,132-133,168,171-175,240-243,245-248",25
2026-09-29T10:23:48Z,1790677428.4,p1-E-k16,16,proc,,,,,,,,,,,,,,3896,chang0926-a-n64-s8,4538,2525,8,"4-5,40,43-47,112-115,117-120,132-133,168,171-175,240-243,245-248",25
2026-09-29T10:23:48Z,1790677428.4,p1-E-k16,16,proc,,,,,,,,,,,,,,4303,chang0926-b-n64-s1,4538,2485,7,"4-5,40,43-47,112-115,117-120,132-133,168,171-175,240-243,245-248",25
2026-09-29T10:23:48Z,1790677428.4,p1-E-k16,16,proc,,,,,,,,,,,,,,4932,chang0926-b-n64-s2,4538,2441,7,"4-5,40,43-47,112-115,117-120,132-133,168,171-175,240-243,245-248",25
2026-09-29T10:23:48Z,1790677428.4,p1-E-k16,16,proc,,,,,,,,,,,,,,5357,chang0926-b-n64-s3,4538,2477,7,"4-5,40,43-47,112-115,117-120,132-133,168,171-175,240-243,245-248",25
2026-09-29T10:23:48Z,1790677428.4,p1-E-k16,16,proc,,,,,,,,,,,,,,5862,chang0926-b-n64-s4,4538,2457,7,"4-5,40,43-47,112-115,117-120,132-133,168,171-175,240-243,245-248",25
2026-09-29T10:23:48Z,1790677428.4,p1-E-k16,16,proc,,,,,,,,,,,,,,6318,chang0926-b-n64-s5,4538,2461,7,"4-5,40,43-47,112-115,117-120,132-133,168,171-175,240-243,245-248",25
2026-09-29T10:23:48Z,1790677428.4,p1-E-k16,16,proc,,,,,,,,,,,,,,6801,chang0926-b-n64-s6,4538,2466,6,"4-5,40,43-47,112-115,117-120,132-133,168,171-175,240-243,245-248",25
2026-09-29T10:23:48Z,1790677428.4,p1-E-k16,16,proc,,,,,,,,,,,,,,7394,chang0926-b-n64-s7,4538,2482,6,"4-5,40,43-47,112-115,117-120,132-133,168,171-175,240-243,245-248",25
2026-09-29T10:23:48Z,1790677428.4,p1-E-k16,16,proc,,,,,,,,,,,,,,7826,chang0926-b-n64-s8,4538,2450,6,"4-5,40,43-47,112-115,117-120,132-133,168,171-175,240-243,245-248",25
2026-09-29T10:24:48Z,1790677488.6,p1-E-k16,16,gpu,NVIDIA A100-SXM4-80GB,81920,72709,100,1410,193.80,39,14182028038,28812611584,137438953472,16,6,9,,,,,,,
2026-09-29T10:24:48Z,1790677488.6,p1-E-k16,16,proc,,,,,,,,,,,,,,631,chang0926-a-n64-s1,4538,2513,9,"4-5,40,43-47,112-115,117-120,132-133,168,171-175,240-243,245-248",25
2026-09-29T10:24:48Z,1790677488.6,p1-E-k16,16,proc,,,,,,,,,,,,,,874,chang0926-a-n64-s2,4538,2496,9,"4-5,40,43-47,112-115,117-120,132-133,168,171-175,240-243,245-248",25
2026-09-29T10:24:48Z,1790677488.6,p1-E-k16,16,proc,,,,,,,,,,,,,,1113,chang0926-a-n64-s3,4538,2490,9,"4-5,40,43-47,112-115,117-120,132-133,168,171-175,240-243,245-248",25
2026-09-29T10:24:48Z,1790677488.6,p1-E-k16,16,proc,,,,,,,,,,,,,,1848,chang0926-a-n64-s4,4538,2485,9,"4-5,40,43-47,112-115,117-120,132-133,168,171-175,240-243,245-248",25
2026-09-29T10:24:48Z,1790677488.6,p1-E-k16,16,proc,,,,,,,,,,,,,,2308,chang0926-a-n64-s5,4538,2508,9,"4-5,40,43-47,112-115,117-120,132-133,168,171-175,240-243,245-248",25
2026-09-29T10:24:48Z,1790677488.6,p1-E-k16,16,proc,,,,,,,,,,,,,,2759,chang0926-a-n64-s6,4538,2493,9,"4-5,40,43-47,112-115,117-120,132-133,168,171-175,240-243,245-248",25
2026-09-29T10:24:48Z,1790677488.6,p1-E-k16,16,proc,,,,,,,,,,,,,,3275,chang0926-a-n64-s7,4538,2479,8,"4-5,40,43-47,112-115,117-120,132-133,168,171-175,240-243,245-248",25
2026-09-29T10:24:48Z,1790677488.6,p1-E-k16,16,proc,,,,,,,,,,,,,,3896,chang0926-a-n64-s8,4538,2525,8,"4-5,40,43-47,112-115,117-120,132-133,168,171-175,240-243,245-248",25
2026-09-29T10:24:48Z,1790677488.6,p1-E-k16,16,proc,,,,,,,,,,,,,,4303,chang0926-b-n64-s1,4538,2502,8,"4-5,40,43-47,112-115,117-120,132-133,168,171-175,240-243,245-248",25
2026-09-29T10:24:48Z,1790677488.6,p1-E-k16,16,proc,,,,,,,,,,,,,,4932,chang0926-b-n64-s2,4538,2460,8,"4-5,40,43-47,112-115,117-120,132-133,168,171-175,240-243,245-248",25
2026-09-29T10:24:48Z,1790677488.6,p1-E-k16,16,proc,,,,,,,,,,,,,,5357,chang0926-b-n64-s3,4538,2477,7,"4-5,40,43-47,112-115,117-120,132-133,168,171-175,240-243,245-248",25
2026-09-29T10:24:48Z,1790677488.6,p1-E-k16,16,proc,,,,,,,,,,,,,,5862,chang0926-b-n64-s4,4538,2457,7,"4-5,40,43-47,112-115,117-120,132-133,168,171-175,240-243,245-248",25
2026-09-29T10:24:48Z,1790677488.6,p1-E-k16,16,proc,,,,,,,,,,,,,,6318,chang0926-b-n64-s5,4538,2461,7,"4-5,40,43-47,112-115,117-120,132-133,168,171-175,240-243,245-248",25
2026-09-29T10:24:48Z,1790677488.6,p1-E-k16,16,proc,,,,,,,,,,,,,,6801,chang0926-b-n64-s6,4538,2487,7,"4-5,40,43-47,112-115,117-120,132-133,168,171-175,240-243,245-248",25
2026-09-29T10:24:48Z,1790677488.6,p1-E-k16,16,proc,,,,,,,,,,,,,,7394,chang0926-b-n64-s7,4538,2482,6,"4-5,40,43-47,112-115,117-120,132-133,168,171-175,240-243,245-248",25
2026-09-29T10:24:48Z,1790677488.6,p1-E-k16,16,proc,,,,,,,,,,,,,,7826,chang0926-b-n64-s8,4538,2450,6,"4-5,40,43-47,112-115,117-120,132-133,168,171-175,240-243,245-248",25
2026-09-29T10:25:48Z,1790677548.7,p1-E-k16,16,gpu,NVIDIA A100-SXM4-80GB,81920,72709,100,1410,217.70,39,14678698115,28919463936,137438953472,16,7,10,,,,,,,
2026-09-29T10:25:48Z,1790677548.7,p1-E-k16,16,proc,,,,,,,,,,,,,,631,chang0926-a-n64-s1,4538,2523,10,"4-5,40,43-47,112-115,117-120,132-133,168,171-175,240-243,245-248",25
2026-09-29T10:25:48Z,1790677548.7,p1-E-k16,16,proc,,,,,,,,,,,,,,874,chang0926-a-n64-s2,4538,2496,9,"4-5,40,43-47,112-115,117-120,132-133,168,171-175,240-243,245-248",25
2026-09-29T10:25:48Z,1790677548.7,p1-E-k16,16,proc,,,,,,,,,,,,,,1113,chang0926-a-n64-s3,4538,2490,9,"4-5,40,43-47,112-115,117-120,132-133,168,171-175,240-243,245-248",25
2026-09-29T10:25:48Z,1790677548.7,p1-E-k16,16,proc,,,,,,,,,,,,,,1848,chang0926-a-n64-s4,4538,2485,9,"4-5,40,43-47,112-115,117-120,132-133,168,171-175,240-243,245-248",25
2026-09-29T10:25:48Z,1790677548.7,p1-E-k16,16,proc,,,,,,,,,,,,,,2308,chang0926-a-n64-s5,4538,2508,9,"4-5,40,43-47,112-115,117-120,132-133,168,171-175,240-243,245-248",25
2026-09-29T10:25:48Z,1790677548.7,p1-E-k16,16,proc,,,,,,,,,,,,,,2759,chang0926-a-n64-s6,4538,2493,9,"4-5,40,43-47,112-115,117-120,132-133,168,171-175,240-243,245-248",25
2026-09-29T10:25:48Z,1790677548.7,p1-E-k16,16,proc,,,,,,,,,,,,,,3275,chang0926-a-n64-s7,4538,2492,9,"4-5,40,43-47,112-115,117-120,132-133,168,171-175,240-243,245-248",25
2026-09-29T10:25:48Z,1790677548.7,p1-E-k16,16,proc,,,,,,,,,,,,,,3896,chang0926-a-n64-s8,4538,2535,9,"4-5,40,43-47,112-115,117-120,132-133,168,171-175,240-243,245-248",25
2026-09-29T10:25:48Z,1790677548.7,p1-E-k16,16,proc,,,,,,,,,,,,,,4303,chang0926-b-n64-s1,4538,2502,8,"4-5,40,43-47,112-115,117-120,132-133,168,171-175,240-243,245-248",25
2026-09-29T10:25:48Z,1790677548.7,p1-E-k16,16,proc,,,,,,,,,,,,,,4932,chang0926-b-n64-s2,4538,2460,8,"4-5,40,43-47,112-115,117-120,132-133,168,171-175,240-243,245-248",25
2026-09-29T10:25:48Z,1790677548.7,p1-E-k16,16,proc,,,,,,,,,,,,,,5357,chang0926-b-n64-s3,4538,2497,8,"4-5,40,43-47,112-115,117-120,132-133,168,171-175,240-243,245-248",25
2026-09-29T10:25:48Z,1790677548.7,p1-E-k16,16,proc,,,,,,,,,,,,,,5862,chang0926-b-n64-s4,4538,2467,8,"4-5,40,43-47,112-115,117-120,132-133,168,171-175,240-243,245-248",25
2026-09-29T10:25:48Z,1790677548.7,p1-E-k16,16,proc,,,,,,,,,,,,,,6318,chang0926-b-n64-s5,4538,2532,7,"4-5,40,43-47,112-115,117-120,132-133,168,171-175,240-243,245-248",25
2026-09-29T10:25:48Z,1790677548.7,p1-E-k16,16,proc,,,,,,,,,,,,,,6801,chang0926-b-n64-s6,4538,2487,7,"4-5,40,43-47,112-115,117-120,132-133,168,171-175,240-243,245-248",25
2026-09-29T10:25:48Z,1790677548.7,p1-E-k16,16,proc,,,,,,,,,,,,,,7394,chang0926-b-n64-s7,4538,2498,7,"4-5,40,43-47,112-115,117-120,132-133,168,171-175,240-243,245-248",25
2026-09-29T10:25:48Z,1790677548.7,p1-E-k16,16,proc,,,,,,,,,,,,,,7826,chang0926-b-n64-s8,4538,2468,7,"4-5,40,43-47,112-115,117-120,132-133,168,171-175,240-243,245-248",25
2026-09-29T10:26:48Z,1790677609.0,p1-E-k16,16,gpu,NVIDIA A100-SXM4-80GB,81920,72709,100,1410,224.93,39,15155363232,28968103936,137438953472,16,7,10,,,,,,,
2026-09-29T10:26:48Z,1790677609.0,p1-E-k16,16,proc,,,,,,,,,,,,,,631,chang0926-a-n64-s1,4538,2523,10,"4-5,40,43-47,112-115,117-120,132-133,168,171-175,240-243,245-248",25
2026-09-29T10:26:48Z,1790677609.0,p1-E-k16,16,proc,,,,,,,,,,,,,,874,chang0926-a-n64-s2,4538,2496,9,"4-5,40,43-47,112-115,117-120,132-133,168,171-175,240-243,245-248",25
2026-09-29T10:26:48Z,1790677609.0,p1-E-k16,16,proc,,,,,,,,,,,,,,1113,chang0926-a-n64-s3,4538,2490,9,"4-5,40,43-47,112-115,117-120,132-133,168,171-175,240-243,245-248",25
2026-09-29T10:26:48Z,1790677609.0,p1-E-k16,16,proc,,,,,,,,,,,,,,1848,chang0926-a-n64-s4,4538,2485,9,"4-5,40,43-47,112-115,117-120,132-133,168,171-175,240-243,245-248",25
2026-09-29T10:26:48Z,1790677609.0,p1-E-k16,16,proc,,,,,,,,,,,,,,2308,chang0926-a-n64-s5,4538,2508,9,"4-5,40,43-47,112-115,117-120,132-133,168,171-175,240-243,245-248",25
2026-09-29T10:26:48Z,1790677609.0,p1-E-k16,16,proc,,,,,,,,,,,,,,2759,chang0926-a-n64-s6,4538,2493,9,"4-5,40,43-47,112-115,117-120,132-133,168,171-175,240-243,245-248",25
2026-09-29T10:26:48Z,1790677609.0,p1-E-k16,16,proc,,,,,,,,,,,,,,3275,chang0926-a-n64-s7,4538,2492,9,"4-5,40,43-47,112-115,117-120,132-133,168,171-175,240-243,245-248",25
2026-09-29T10:26:48Z,1790677609.0,p1-E-k16,16,proc,,,,,,,,,,,,,,3896,chang0926-a-n64-s8,4538,2535,9,"4-5,40,43-47,112-115,117-120,132-133,168,171-175,240-243,245-248",25
2026-09-29T10:26:48Z,1790677609.0,p1-E-k16,16,proc,,,,,,,,,,,,,,4303,chang0926-b-n64-s1,4538,2512,9,"4-5,40,43-47,112-115,117-120,132-133,168,171-175,240-243,245-248",25
2026-09-29T10:26:48Z,1790677609.0,p1-E-k16,16,proc,,,,,,,,,,,,,,4932,chang0926-b-n64-s2,4538,2471,9,"4-5,40,43-47,112-115,117-120,132-133,168,171-175,240-243,245-248",25
2026-09-29T10:26:48Z,1790677609.0,p1-E-k16,16,proc,,,,,,,,,,,,,,5357,chang0926-b-n64-s3,4538,2497,8,"4-5,40,43-47,112-115,117-120,132-133,168,171-175,240-243,245-248",25
2026-09-29T10:26:48Z,1790677609.0,p1-E-k16,16,proc,,,,,,,,,,,,,,5862,chang0926-b-n64-s4,4538,2467,8,"4-5,40,43-47,112-115,117-120,132-133,168,171-175,240-243,245-248",25
2026-09-29T10:26:48Z,1790677609.0,p1-E-k16,16,proc,,,,,,,,,,,,,,6318,chang0926-b-n64-s5,4538,2463,8,"4-5,40,43-47,112-115,117-120,132-133,168,171-175,240-243,245-248",25
2026-09-29T10:26:48Z,1790677609.0,p1-E-k16,16,proc,,,,,,,,,,,,,,6801,chang0926-b-n64-s6,4538,2507,7,"4-5,40,43-47,112-115,117-120,132-133,168,171-175,240-243,245-248",25
2026-09-29T10:26:48Z,1790677609.0,p1-E-k16,16,proc,,,,,,,,,,,,,,7394,chang0926-b-n64-s7,4538,2498,7,"4-5,40,43-47,112-115,117-120,132-133,168,171-175,240-243,245-248",25
2026-09-29T10:26:48Z,1790677609.0,p1-E-k16,16,proc,,,,,,,,,,,,,,7826,chang0926-b-n64-s8,4538,2468,7,"4-5,40,43-47,112-115,117-120,132-133,168,171-175,240-243,245-248",25
2026-09-29T10:27:49Z,1790677669.1,p1-E-k16,16,gpu,NVIDIA A100-SXM4-80GB,81920,72709,100,1410,223.08,39,15650637031,29044727808,137438953472,16,8,11,,,,,,,
2026-09-29T10:27:49Z,1790677669.1,p1-E-k16,16,proc,,,,,,,,,,,,,,631,chang0926-a-n64-s1,4538,2492,11,"4-5,40,43-47,112-115,117-120,132-133,168,171-175,240-243,245-248",25
2026-09-29T10:27:49Z,1790677669.1,p1-E-k16,16,proc,,,,,,,,,,,,,,874,chang0926-a-n64-s2,4538,2509,10,"4-5,40,43-47,112-115,117-120,132-133,168,171-175,240-243,245-248",25
2026-09-29T10:27:49Z,1790677669.1,p1-E-k16,16,proc,,,,,,,,,,,,,,1113,chang0926-a-n64-s3,4538,2493,10,"4-5,40,43-47,112-115,117-120,132-133,168,171-175,240-243,245-248",25
2026-09-29T10:27:49Z,1790677669.1,p1-E-k16,16,proc,,,,,,,,,,,,,,1848,chang0926-a-n64-s4,4538,2502,10,"4-5,40,43-47,112-115,117-120,132-133,168,171-175,240-243,245-248",25
2026-09-29T10:27:49Z,1790677669.1,p1-E-k16,16,proc,,,,,,,,,,,,,,2308,chang0926-a-n64-s5,4538,2508,9,"4-5,40,43-47,112-115,117-120,132-133,168,171-175,240-243,245-248",25
2026-09-29T10:27:49Z,1790677669.1,p1-E-k16,16,proc,,,,,,,,,,,,,,2759,chang0926-a-n64-s6,4538,2493,9,"4-5,40,43-47,112-115,117-120,132-133,168,171-175,240-243,245-248",25
2026-09-29T10:27:49Z,1790677669.1,p1-E-k16,16,proc,,,,,,,,,,,,,,3275,chang0926-a-n64-s7,4538,2492,9,"4-5,40,43-47,112-115,117-120,132-133,168,171-175,240-243,245-248",25
2026-09-29T10:27:49Z,1790677669.1,p1-E-k16,16,proc,,,,,,,,,,,,,,3896,chang0926-a-n64-s8,4538,2535,9,"4-5,40,43-47,112-115,117-120,132-133,168,171-175,240-243,245-248",25
2026-09-29T10:27:49Z,1790677669.1,p1-E-k16,16,proc,,,,,,,,,,,,,,4303,chang0926-b-n64-s1,4538,2512,9,"4-5,40,43-47,112-115,117-120,132-133,168,171-175,240-243,245-248",25
2026-09-29T10:27:49Z,1790677669.1,p1-E-k16,16,proc,,,,,,,,,,,,,,4932,chang0926-b-n64-s2,4538,2471,9,"4-5,40,43-47,112-115,117-120,132-133,168,171-175,240-243,245-248",25
2026-09-29T10:27:49Z,1790677669.1,p1-E-k16,16,proc,,,,,,,,,,,,,,5357,chang0926-b-n64-s3,4538,2514,9,"4-5,40,43-47,112-115,117-120,132-133,168,171-175,240-243,245-248",25
2026-09-29T10:27:49Z,1790677669.1,p1-E-k16,16,proc,,,,,,,,,,,,,,5862,chang0926-b-n64-s4,4538,2486,9,"4-5,40,43-47,112-115,117-120,132-133,168,171-175,240-243,245-248",25
2026-09-29T10:27:49Z,1790677669.1,p1-E-k16,16,proc,,,,,,,,,,,,,,6318,chang0926-b-n64-s5,4538,2463,8,"4-5,40,43-47,112-115,117-120,132-133,168,171-175,240-243,245-248",25
2026-09-29T10:27:49Z,1790677669.1,p1-E-k16,16,proc,,,,,,,,,,,,,,6801,chang0926-b-n64-s6,4538,2507,8,"4-5,40,43-47,112-115,117-120,132-133,168,171-175,240-243,245-248",25
2026-09-29T10:27:49Z,1790677669.1,p1-E-k16,16,proc,,,,,,,,,,,,,,7394,chang0926-b-n64-s7,4538,2509,8,"4-5,40,43-47,112-115,117-120,132-133,168,171-175,240-243,245-248",25
2026-09-29T10:27:49Z,1790677669.1,p1-E-k16,16,proc,,,,,,,,,,,,,,7826,chang0926-b-n64-s8,4538,2486,8,"4-5,40,43-47,112-115,117-120,132-133,168,171-175,240-243,245-248",25
2026-09-29T10:28:49Z,1790677729.4,p1-E-k16,16,gpu,NVIDIA A100-SXM4-80GB,81920,72709,100,1410,215.86,39,16129460688,29075894272,137438953472,16,8,11,,,,,,,
2026-09-29T10:28:49Z,1790677729.4,p1-E-k16,16,proc,,,,,,,,,,,,,,631,chang0926-a-n64-s1,4538,2492,11,"4-5,40,43-47,112-115,117-120,132-133,168,171-175,240-243,245-248",25
2026-09-29T10:28:49Z,1790677729.4,p1-E-k16,16,proc,,,,,,,,,,,,,,874,chang0926-a-n64-s2,4538,2509,10,"4-5,40,43-47,112-115,117-120,132-133,168,171-175,240-243,245-248",25
2026-09-29T10:28:49Z,1790677729.4,p1-E-k16,16,proc,,,,,,,,,,,,,,1113,chang0926-a-n64-s3,4538,2493,10,"4-5,40,43-47,112-115,117-120,132-133,168,171-175,240-243,245-248",25
2026-09-29T10:28:49Z,1790677729.4,p1-E-k16,16,proc,,,,,,,,,,,,,,1848,chang0926-a-n64-s4,4538,2502,10,"4-5,40,43-47,112-115,117-120,132-133,168,171-175,240-243,245-248",25
2026-09-29T10:28:49Z,1790677729.4,p1-E-k16,16,proc,,,,,,,,,,,,,,2308,chang0926-a-n64-s5,4538,2508,9,"4-5,40,43-47,112-115,117-120,132-133,168,171-175,240-243,245-248",25
2026-09-29T10:28:49Z,1790677729.4,p1-E-k16,16,proc,,,,,,,,,,,,,,2759,chang0926-a-n64-s6,4538,2512,10,"4-5,40,43-47,112-115,117-120,132-133,168,171-175,240-243,245-248",25
2026-09-29T10:28:49Z,1790677729.4,p1-E-k16,16,proc,,,,,,,,,,,,,,3275,chang0926-a-n64-s7,4538,2492,9,"4-5,40,43-47,112-115,117-120,132-133,168,171-175,240-243,245-248",25
2026-09-29T10:28:49Z,1790677729.4,p1-E-k16,16,proc,,,,,,,,,,,,,,3896,chang0926-a-n64-s8,4538,2535,9,"4-5,40,43-47,112-115,117-120,132-133,168,171-175,240-243,245-248",25
2026-09-29T10:28:49Z,1790677729.4,p1-E-k16,16,proc,,,,,,,,,,,,,,4303,chang0926-b-n64-s1,4538,2512,9,"4-5,40,43-47,112-115,117-120,132-133,168,171-175,240-243,245-248",25
2026-09-29T10:28:49Z,1790677729.4,p1-E-k16,16,proc,,,,,,,,,,,,,,4932,chang0926-b-n64-s2,4538,2471,9,"4-5,40,43-47,112-115,117-120,132-133,168,171-175,240-243,245-248",25
2026-09-29T10:28:49Z,1790677729.4,p1-E-k16,16,proc,,,,,,,,,,,,,,5357,chang0926-b-n64-s3,4538,2514,9,"4-5,40,43-47,112-115,117-120,132-133,168,171-175,240-243,245-248",25
2026-09-29T10:28:49Z,1790677729.4,p1-E-k16,16,proc,,,,,,,,,,,,,,5862,chang0926-b-n64-s4,4538,2486,9,"4-5,40,43-47,112-115,117-120,132-133,168,171-175,240-243,245-248",25
2026-09-29T10:28:49Z,1790677729.4,p1-E-k16,16,proc,,,,,,,,,,,,,,6318,chang0926-b-n64-s5,4538,2473,9,"4-5,40,43-47,112-115,117-120,132-133,168,171-175,240-243,245-248",25
2026-09-29T10:28:49Z,1790677729.4,p1-E-k16,16,proc,,,,,,,,,,,,,,6801,chang0926-b-n64-s6,4538,2507,8,"4-5,40,43-47,112-115,117-120,132-133,168,171-175,240-243,245-248",25
2026-09-29T10:28:49Z,1790677729.4,p1-E-k16,16,proc,,,,,,,,,,,,,,7394,chang0926-b-n64-s7,4538,2509,8,"4-5,40,43-47,112-115,117-120,132-133,168,171-175,240-243,245-248",25
2026-09-29T10:28:49Z,1790677729.4,p1-E-k16,16,proc,,,,,,,,,,,,,,7826,chang0926-b-n64-s8,4538,2486,8,"4-5,40,43-47,112-115,117-120,132-133,168,171-175,240-243,245-248",25
2026-09-29T10:29:49Z,1790677789.5,p1-E-k16,16,gpu,NVIDIA A100-SXM4-80GB,81920,72709,100,1410,225.48,39,16618800830,29125332992,137438953472,16,8,12,,,,,,,
2026-09-29T10:29:49Z,1790677789.5,p1-E-k16,16,proc,,,,,,,,,,,,,,631,chang0926-a-n64-s1,4538,2513,12,"4-5,40,43-47,112-115,117-120,132-133,168,171-175,240-243,245-248",25
2026-09-29T10:29:49Z,1790677789.5,p1-E-k16,16,proc,,,,,,,,,,,,,,874,chang0926-a-n64-s2,4538,2509,10,"4-5,40,43-47,112-115,117-120,132-133,168,171-175,240-243,245-248",25
2026-09-29T10:29:49Z,1790677789.5,p1-E-k16,16,proc,,,,,,,,,,,,,,1113,chang0926-a-n64-s3,4538,2497,10,"4-5,40,43-47,112-115,117-120,132-133,168,171-175,240-243,245-248",25
2026-09-29T10:29:49Z,1790677789.5,p1-E-k16,16,proc,,,,,,,,,,,,,,1848,chang0926-a-n64-s4,4538,2495,11,"4-5,40,43-47,112-115,117-120,132-133,168,171-175,240-243,245-248",25
2026-09-29T10:29:49Z,1790677789.5,p1-E-k16,16,proc,,,,,,,,,,,,,,2308,chang0926-a-n64-s5,4538,2508,9,"4-5,40,43-47,112-115,117-120,132-133,168,171-175,240-243,245-248",25
2026-09-29T10:29:49Z,1790677789.5,p1-E-k16,16,proc,,,,,,,,,,,,,,2759,chang0926-a-n64-s6,4538,2512,10,"4-5,40,43-47,112-115,117-120,132-133,168,171-175,240-243,245-248",25
2026-09-29T10:29:49Z,1790677789.5,p1-E-k16,16,proc,,,,,,,,,,,,,,3275,chang0926-a-n64-s7,4538,2492,9,"4-5,40,43-47,112-115,117-120,132-133,168,171-175,240-243,245-248",25
2026-09-29T10:29:49Z,1790677789.5,p1-E-k16,16,proc,,,,,,,,,,,,,,3896,chang0926-a-n64-s8,4538,2535,9,"4-5,40,43-47,112-115,117-120,132-133,168,171-175,240-243,245-248",25
2026-09-29T10:29:49Z,1790677789.5,p1-E-k16,16,proc,,,,,,,,,,,,,,4303,chang0926-b-n64-s1,4538,2512,9,"4-5,40,43-47,112-115,117-120,132-133,168,171-175,240-243,245-248",25
2026-09-29T10:29:49Z,1790677789.5,p1-E-k16,16,proc,,,,,,,,,,,,,,4932,chang0926-b-n64-s2,4538,2471,9,"4-5,40,43-47,112-115,117-120,132-133,168,171-175,240-243,245-248",25
2026-09-29T10:29:49Z,1790677789.5,p1-E-k16,16,proc,,,,,,,,,,,,,,5357,chang0926-b-n64-s3,4538,2514,9,"4-5,40,43-47,112-115,117-120,132-133,168,171-175,240-243,245-248",25
2026-09-29T10:29:49Z,1790677789.5,p1-E-k16,16,proc,,,,,,,,,,,,,,5862,chang0926-b-n64-s4,4538,2486,9,"4-5,40,43-47,112-115,117-120,132-133,168,171-175,240-243,245-248",25
2026-09-29T10:29:49Z,1790677789.5,p1-E-k16,16,proc,,,,,,,,,,,,,,6318,chang0926-b-n64-s5,4538,2473,9,"4-5,40,43-47,112-115,117-120,132-133,168,171-175,240-243,245-248",25
2026-09-29T10:29:49Z,1790677789.5,p1-E-k16,16,proc,,,,,,,,,,,,,,6801,chang0926-b-n64-s6,4538,2510,9,"4-5,40,43-47,112-115,117-120,132-133,168,171-175,240-243,245-248",25
2026-09-29T10:29:49Z,1790677789.5,p1-E-k16,16,proc,,,,,,,,,,,,,,7394,chang0926-b-n64-s7,4538,2509,8,"4-5,40,43-47,112-115,117-120,132-133,168,171-175,240-243,245-248",25
2026-09-29T10:29:49Z,1790677789.5,p1-E-k16,16,proc,,,,,,,,,,,,,,7826,chang0926-b-n64-s8,4538,2508,9,"4-5,40,43-47,112-115,117-120,132-133,168,171-175,240-243,245-248",25
2026-09-29T10:30:49Z,1790677849.7,p1-E-k16,16,gpu,NVIDIA A100-SXM4-80GB,81920,72709,100,1410,227.10,39,17105136077,29161951232,137438953472,16,9,12,,,,,,,
2026-09-29T10:30:49Z,1790677849.7,p1-E-k16,16,proc,,,,,,,,,,,,,,631,chang0926-a-n64-s1,4538,2513,12,"4-5,40,43-47,112-115,117-120,132-133,168,171-175,240-243,245-248",25
2026-09-29T10:30:49Z,1790677849.7,p1-E-k16,16,proc,,,,,,,,,,,,,,874,chang0926-a-n64-s2,4538,2502,11,"4-5,40,43-47,112-115,117-120,132-133,168,171-175,240-243,245-248",25
2026-09-29T10:30:49Z,1790677849.7,p1-E-k16,16,proc,,,,,,,,,,,,,,1113,chang0926-a-n64-s3,4538,2498,11,"4-5,40,43-47,112-115,117-120,132-133,168,171-175,240-243,245-248",25
2026-09-29T10:30:49Z,1790677849.7,p1-E-k16,16,proc,,,,,,,,,,,,,,1848,chang0926-a-n64-s4,4538,2495,11,"4-5,40,43-47,112-115,117-120,132-133,168,171-175,240-243,245-248",25
2026-09-29T10:30:49Z,1790677849.7,p1-E-k16,16,proc,,,,,,,,,,,,,,2308,chang0926-a-n64-s5,4538,2524,10,"4-5,40,43-47,112-115,117-120,132-133,168,171-175,240-243,245-248",25
2026-09-29T10:30:49Z,1790677849.7,p1-E-k16,16,proc,,,,,,,,,,,,,,2759,chang0926-a-n64-s6,4538,2514,10,"4-5,40,43-47,112-115,117-120,132-133,168,171-175,240-243,245-248",25
2026-09-29T10:30:49Z,1790677849.7,p1-E-k16,16,proc,,,,,,,,,,,,,,3275,chang0926-a-n64-s7,4538,2492,9,"4-5,40,43-47,112-115,117-120,132-133,168,171-175,240-243,245-248",25
2026-09-29T10:30:49Z,1790677849.7,p1-E-k16,16,proc,,,,,,,,,,,,,,3896,chang0926-a-n64-s8,4538,2547,10,"4-5,40,43-47,112-115,117-120,132-133,168,171-175,240-243,245-248",25
2026-09-29T10:30:49Z,1790677849.7,p1-E-k16,16,proc,,,,,,,,,,,,,,4303,chang0926-b-n64-s1,4538,2512,9,"4-5,40,43-47,112-115,117-120,132-133,168,171-175,240-243,245-248",25
2026-09-29T10:30:49Z,1790677849.7,p1-E-k16,16,proc,,,,,,,,,,,,,,4932,chang0926-b-n64-s2,4538,2471,9,"4-5,40,43-47,112-115,117-120,132-133,168,171-175,240-243,245-248",25
2026-09-29T10:30:49Z,1790677849.7,p1-E-k16,16,proc,,,,,,,,,,,,,,5357,chang0926-b-n64-s3,4538,2514,9,"4-5,40,43-47,112-115,117-120,132-133,168,171-175,240-243,245-248",25
2026-09-29T10:30:49Z,1790677849.7,p1-E-k16,16,proc,,,,,,,,,,,,,,5862,chang0926-b-n64-s4,4538,2486,9,"4-5,40,43-47,112-115,117-120,132-133,168,171-175,240-243,245-248",25
2026-09-29T10:30:49Z,1790677849.7,p1-E-k16,16,proc,,,,,,,,,,,,,,6318,chang0926-b-n64-s5,4538,2473,9,"4-5,40,43-47,112-115,117-120,132-133,168,171-175,240-243,245-248",25
2026-09-29T10:30:49Z,1790677849.7,p1-E-k16,16,proc,,,,,,,,,,,,,,6801,chang0926-b-n64-s6,4538,2510,9,"4-5,40,43-47,112-115,117-120,132-133,168,171-175,240-243,245-248",25
2026-09-29T10:30:49Z,1790677849.7,p1-E-k16,16,proc,,,,,,,,,,,,,,7394,chang0926-b-n64-s7,4538,2519,9,"4-5,40,43-47,112-115,117-120,132-133,168,171-175,240-243,245-248",25
2026-09-29T10:30:49Z,1790677849.7,p1-E-k16,16,proc,,,,,,,,,,,,,,7826,chang0926-b-n64-s8,4538,2508,9,"4-5,40,43-47,112-115,117-120,132-133,168,171-175,240-243,245-248",25
2026-09-29T10:31:49Z,1790677909.8,p1-E-k16,16,gpu,NVIDIA A100-SXM4-80GB,81920,72709,100,1410,213.35,39,17591701640,29245198336,137438953472,16,9,13,,,,,,,
2026-09-29T10:31:49Z,1790677909.8,p1-E-k16,16,proc,,,,,,,,,,,,,,631,chang0926-a-n64-s1,4538,2518,13,"4-5,40,43-47,112-115,117-120,132-133,168,171-175,240-243,245-248",25
2026-09-29T10:31:49Z,1790677909.8,p1-E-k16,16,proc,,,,,,,,,,,,,,874,chang0926-a-n64-s2,4538,2502,11,"4-5,40,43-47,112-115,117-120,132-133,168,171-175,240-243,245-248",25
2026-09-29T10:31:49Z,1790677909.8,p1-E-k16,16,proc,,,,,,,,,,,,,,1113,chang0926-a-n64-s3,4538,2498,11,"4-5,40,43-47,112-115,117-120,132-133,168,171-175,240-243,245-248",25
2026-09-29T10:31:49Z,1790677909.8,p1-E-k16,16,proc,,,,,,,,,,,,,,1848,chang0926-a-n64-s4,4538,2513,11,"4-5,40,43-47,112-115,117-120,132-133,168,171-175,240-243,245-248",25
2026-09-29T10:31:49Z,1790677909.8,p1-E-k16,16,proc,,,,,,,,,,,,,,2308,chang0926-a-n64-s5,4538,2524,10,"4-5,40,43-47,112-115,117-120,132-133,168,171-175,240-243,245-248",25
2026-09-29T10:31:49Z,1790677909.8,p1-E-k16,16,proc,,,,,,,,,,,,,,2759,chang0926-a-n64-s6,4538,2516,11,"4-5,40,43-47,112-115,117-120,132-133,168,171-175,240-243,245-248",25
2026-09-29T10:31:49Z,1790677909.8,p1-E-k16,16,proc,,,,,,,,,,,,,,3275,chang0926-a-n64-s7,4538,2513,10,"4-5,40,43-47,112-115,117-120,132-133,168,171-175,240-243,245-248",25
2026-09-29T10:31:49Z,1790677909.8,p1-E-k16,16,proc,,,,,,,,,,,,,,3896,chang0926-a-n64-s8,4538,2547,10,"4-5,40,43-47,112-115,117-120,132-133,168,171-175,240-243,245-248",25
2026-09-29T10:31:49Z,1790677909.8,p1-E-k16,16,proc,,,,,,,,,,,,,,4303,chang0926-b-n64-s1,4538,2525,10,"4-5,40,43-47,112-115,117-120,132-133,168,171-175,240-243,245-248",25
2026-09-29T10:31:49Z,1790677909.8,p1-E-k16,16,proc,,,,,,,,,,,,,,4932,chang0926-b-n64-s2,4538,2490,10,"4-5,40,43-47,112-115,117-120,132-133,168,171-175,240-243,245-248",25
2026-09-29T10:31:49Z,1790677909.8,p1-E-k16,16,proc,,,,,,,,,,,,,,5357,chang0926-b-n64-s3,4538,2514,9,"4-5,40,43-47,112-115,117-120,132-133,168,171-175,240-243,245-248",25
2026-09-29T10:31:49Z,1790677909.8,p1-E-k16,16,proc,,,,,,,,,,,,,,5862,chang0926-b-n64-s4,4538,2486,9,"4-5,40,43-47,112-115,117-120,132-133,168,171-175,240-243,245-248",25
2026-09-29T10:31:49Z,1790677909.8,p1-E-k16,16,proc,,,,,,,,,,,,,,6318,chang0926-b-n64-s5,4538,2473,9,"4-5,40,43-47,112-115,117-120,132-133,168,171-175,240-243,245-248",25
2026-09-29T10:31:49Z,1790677909.8,p1-E-k16,16,proc,,,,,,,,,,,,,,6801,chang0926-b-n64-s6,4538,2510,9,"4-5,40,43-47,112-115,117-120,132-133,168,171-175,240-243,245-248",25
2026-09-29T10:31:49Z,1790677909.8,p1-E-k16,16,proc,,,,,,,,,,,,,,7394,chang0926-b-n64-s7,4538,2519,9,"4-5,40,43-47,112-115,117-120,132-133,168,171-175,240-243,245-248",25
2026-09-29T10:31:49Z,1790677909.8,p1-E-k16,16,proc,,,,,,,,,,,,,,7826,chang0926-b-n64-s8,4538,2508,9,"4-5,40,43-47,112-115,117-120,132-133,168,171-175,240-243,245-248",25
2026-09-29T10:32:50Z,1790677970.0,p1-E-k16,16,gpu,NVIDIA A100-SXM4-80GB,81920,72709,100,1410,219.59,41,18074453398,29247008768,137438953472,16,9,13,,,,,,,
2026-09-29T10:32:50Z,1790677970.0,p1-E-k16,16,proc,,,,,,,,,,,,,,631,chang0926-a-n64-s1,4538,2518,13,"4-5,40,43-47,112-115,117-120,132-133,168,171-175,240-243,245-248",25
2026-09-29T10:32:50Z,1790677970.0,p1-E-k16,16,proc,,,,,,,,,,,,,,874,chang0926-a-n64-s2,4538,2518,12,"4-5,40,43-47,112-115,117-120,132-133,168,171-175,240-243,245-248",25
2026-09-29T10:32:50Z,1790677970.0,p1-E-k16,16,proc,,,,,,,,,,,,,,1113,chang0926-a-n64-s3,4538,2518,12,"4-5,40,43-47,112-115,117-120,132-133,168,171-175,240-243,245-248",25
2026-09-29T10:32:50Z,1790677970.0,p1-E-k16,16,proc,,,,,,,,,,,,,,1848,chang0926-a-n64-s4,4538,2513,12,"4-5,40,43-47,112-115,117-120,132-133,168,171-175,240-243,245-248",25
2026-09-29T10:32:50Z,1790677970.0,p1-E-k16,16,proc,,,,,,,,,,,,,,2308,chang0926-a-n64-s5,4538,2523,11,"4-5,40,43-47,112-115,117-120,132-133,168,171-175,240-243,245-248",25
2026-09-29T10:32:50Z,1790677970.0,p1-E-k16,16,proc,,,,,,,,,,,,,,2759,chang0926-a-n64-s6,4538,2516,11,"4-5,40,43-47,112-115,117-120,132-133,168,171-175,240-243,245-248",25
2026-09-29T10:32:50Z,1790677970.0,p1-E-k16,16,proc,,,,,,,,,,,,,,3275,chang0926-a-n64-s7,4538,2513,10,"4-5,40,43-47,112-115,117-120,132-133,168,171-175,240-243,245-248",25
2026-09-29T10:32:50Z,1790677970.0,p1-E-k16,16,proc,,,,,,,,,,,,,,3896,chang0926-a-n64-s8,4538,2511,11,"4-5,40,43-47,112-115,117-120,132-133,168,171-175,240-243,245-248",25
2026-09-29T10:32:50Z,1790677970.0,p1-E-k16,16,proc,,,,,,,,,,,,,,4303,chang0926-b-n64-s1,4538,2525,10,"4-5,40,43-47,112-115,117-120,132-133,168,171-175,240-243,245-248",25
2026-09-29T10:32:50Z,1790677970.0,p1-E-k16,16,proc,,,,,,,,,,,,,,4932,chang0926-b-n64-s2,4538,2490,10,"4-5,40,43-47,112-115,117-120,132-133,168,171-175,240-243,245-248",25
2026-09-29T10:32:50Z,1790677970.0,p1-E-k16,16,proc,,,,,,,,,,,,,,5357,chang0926-b-n64-s3,4538,2514,9,"4-5,40,43-47,112-115,117-120,132-133,168,171-175,240-243,245-248",25
2026-09-29T10:32:50Z,1790677970.0,p1-E-k16,16,proc,,,,,,,,,,,,,,5862,chang0926-b-n64-s4,4538,2486,9,"4-5,40,43-47,112-115,117-120,132-133,168,171-175,240-243,245-248",25
2026-09-29T10:32:50Z,1790677970.0,p1-E-k16,16,proc,,,,,,,,,,,,,,6318,chang0926-b-n64-s5,4538,2473,9,"4-5,40,43-47,112-115,117-120,132-133,168,171-175,240-243,245-248",25
2026-09-29T10:32:50Z,1790677970.0,p1-E-k16,16,proc,,,,,,,,,,,,,,6801,chang0926-b-n64-s6,4538,2510,9,"4-5,40,43-47,112-115,117-120,132-133,168,171-175,240-243,245-248",25
2026-09-29T10:32:50Z,1790677970.0,p1-E-k16,16,proc,,,,,,,,,,,,,,7394,chang0926-b-n64-s7,4538,2519,9,"4-5,40,43-47,112-115,117-120,132-133,168,171-175,240-243,245-248",25
2026-09-29T10:32:50Z,1790677970.0,p1-E-k16,16,proc,,,,,,,,,,,,,,7826,chang0926-b-n64-s8,4538,2508,9,"4-5,40,43-47,112-115,117-120,132-133,168,171-175,240-243,245-248",25
2026-09-29T10:33:50Z,1790678030.2,p1-E-k16,16,gpu,NVIDIA A100-SXM4-80GB,81920,72709,100,1410,200.21,41,18566192500,29286432768,137438953472,16,9,13,,,,,,,
2026-09-29T10:33:50Z,1790678030.2,p1-E-k16,16,proc,,,,,,,,,,,,,,631,chang0926-a-n64-s1,4538,2518,13,"4-5,40,43-47,112-115,117-120,132-133,168,171-175,240-243,245-248",25
2026-09-29T10:33:50Z,1790678030.2,p1-E-k16,16,proc,,,,,,,,,,,,,,874,chang0926-a-n64-s2,4538,2518,12,"4-5,40,43-47,112-115,117-120,132-133,168,171-175,240-243,245-248",25
2026-09-29T10:33:50Z,1790678030.2,p1-E-k16,16,proc,,,,,,,,,,,,,,1113,chang0926-a-n64-s3,4538,2518,12,"4-5,40,43-47,112-115,117-120,132-133,168,171-175,240-243,245-248",25
2026-09-29T10:33:50Z,1790678030.2,p1-E-k16,16,proc,,,,,,,,,,,,,,1848,chang0926-a-n64-s4,4538,2513,12,"4-5,40,43-47,112-115,117-120,132-133,168,171-175,240-243,245-248",25
2026-09-29T10:33:50Z,1790678030.2,p1-E-k16,16,proc,,,,,,,,,,,,,,2308,chang0926-a-n64-s5,4538,2523,11,"4-5,40,43-47,112-115,117-120,132-133,168,171-175,240-243,245-248",25
2026-09-29T10:33:50Z,1790678030.2,p1-E-k16,16,proc,,,,,,,,,,,,,,2759,chang0926-a-n64-s6,4538,2531,12,"4-5,40,43-47,112-115,117-120,132-133,168,171-175,240-243,245-248",25
2026-09-29T10:33:50Z,1790678030.2,p1-E-k16,16,proc,,,,,,,,,,,,,,3275,chang0926-a-n64-s7,4538,2503,11,"4-5,40,43-47,112-115,117-120,132-133,168,171-175,240-243,245-248",25
2026-09-29T10:33:50Z,1790678030.2,p1-E-k16,16,proc,,,,,,,,,,,,,,3896,chang0926-a-n64-s8,4538,2511,11,"4-5,40,43-47,112-115,117-120,132-133,168,171-175,240-243,245-248",25
2026-09-29T10:33:50Z,1790678030.2,p1-E-k16,16,proc,,,,,,,,,,,,,,4303,chang0926-b-n64-s1,4538,2525,10,"4-5,40,43-47,112-115,117-120,132-133,168,171-175,240-243,245-248",25
2026-09-29T10:33:50Z,1790678030.2,p1-E-k16,16,proc,,,,,,,,,,,,,,4932,chang0926-b-n64-s2,4538,2490,10,"4-5,40,43-47,112-115,117-120,132-133,168,171-175,240-243,245-248",25
2026-09-29T10:33:50Z,1790678030.2,p1-E-k16,16,proc,,,,,,,,,,,,,,5357,chang0926-b-n64-s3,4538,2522,10,"4-5,40,43-47,112-115,117-120,132-133,168,171-175,240-243,245-248",25
2026-09-29T10:33:50Z,1790678030.2,p1-E-k16,16,proc,,,,,,,,,,,,,,5862,chang0926-b-n64-s4,4538,2489,10,"4-5,40,43-47,112-115,117-120,132-133,168,171-175,240-243,245-248",25
2026-09-29T10:33:50Z,1790678030.2,p1-E-k16,16,proc,,,,,,,,,,,,,,6318,chang0926-b-n64-s5,4538,2492,10,"4-5,40,43-47,112-115,117-120,132-133,168,171-175,240-243,245-248",25
2026-09-29T10:33:50Z,1790678030.2,p1-E-k16,16,proc,,,,,,,,,,,,,,6801,chang0926-b-n64-s6,4538,2510,9,"4-5,40,43-47,112-115,117-120,132-133,168,171-175,240-243,245-248",25
2026-09-29T10:33:50Z,1790678030.2,p1-E-k16,16,proc,,,,,,,,,,,,,,7394,chang0926-b-n64-s7,4538,2519,9,"4-5,40,43-47,112-115,117-120,132-133,168,171-175,240-243,245-248",25
2026-09-29T10:33:50Z,1790678030.2,p1-E-k16,16,proc,,,,,,,,,,,,,,7826,chang0926-b-n64-s8,4538,2508,9,"4-5,40,43-47,112-115,117-120,132-133,168,171-175,240-243,245-248",25
2026-09-29T10:34:50Z,1790678090.4,p1-E-k16,16,gpu,NVIDIA A100-SXM4-80GB,81920,72709,100,1410,217.96,41,19066414839,29389385728,137438953472,16,9,14,,,,,,,
2026-09-29T10:34:50Z,1790678090.4,p1-E-k16,16,proc,,,,,,,,,,,,,,631,chang0926-a-n64-s1,4538,2534,14,"4-5,40,43-47,112-115,117-120,132-133,168,171-175,240-243,245-248",25
2026-09-29T10:34:50Z,1790678090.4,p1-E-k16,16,proc,,,,,,,,,,,,,,874,chang0926-a-n64-s2,4538,2529,13,"4-5,40,43-47,112-115,117-120,132-133,168,171-175,240-243,245-248",25
2026-09-29T10:34:50Z,1790678090.4,p1-E-k16,16,proc,,,,,,,,,,,,,,1113,chang0926-a-n64-s3,4538,2539,13,"4-5,40,43-47,112-115,117-120,132-133,168,171-175,240-243,245-248",25
2026-09-29T10:34:50Z,1790678090.4,p1-E-k16,16,proc,,,,,,,,,,,,,,1848,chang0926-a-n64-s4,4538,2529,13,"4-5,40,43-47,112-115,117-120,132-133,168,171-175,240-243,245-248",25
2026-09-29T10:34:50Z,1790678090.4,p1-E-k16,16,proc,,,,,,,,,,,,,,2308,chang0926-a-n64-s5,4538,2540,12,"4-5,40,43-47,112-115,117-120,132-133,168,171-175,240-243,245-248",25
2026-09-29T10:34:50Z,1790678090.4,p1-E-k16,16,proc,,,,,,,,,,,,,,2759,chang0926-a-n64-s6,4538,2531,12,"4-5,40,43-47,112-115,117-120,132-133,168,171-175,240-243,245-248",25
2026-09-29T10:34:50Z,1790678090.4,p1-E-k16,16,proc,,,,,,,,,,,,,,3275,chang0926-a-n64-s7,4538,2503,11,"4-5,40,43-47,112-115,117-120,132-133,168,171-175,240-243,245-248",25
2026-09-29T10:34:50Z,1790678090.4,p1-E-k16,16,proc,,,,,,,,,,,,,,3896,chang0926-a-n64-s8,4538,2557,11,"4-5,40,43-47,112-115,117-120,132-133,168,171-175,240-243,245-248",61
2026-09-29T10:34:50Z,1790678090.4,p1-E-k16,16,proc,,,,,,,,,,,,,,4303,chang0926-b-n64-s1,4538,2478,11,"4-5,40,43-47,112-115,117-120,132-133,168,171-175,240-243,245-248",25
2026-09-29T10:34:50Z,1790678090.4,p1-E-k16,16,proc,,,,,,,,,,,,,,4932,chang0926-b-n64-s2,4538,2481,11,"4-5,40,43-47,112-115,117-120,132-133,168,171-175,240-243,245-248",25
2026-09-29T10:34:50Z,1790678090.4,p1-E-k16,16,proc,,,,,,,,,,,,,,5357,chang0926-b-n64-s3,4538,2522,10,"4-5,40,43-47,112-115,117-120,132-133,168,171-175,240-243,245-248",25
2026-09-29T10:34:50Z,1790678090.4,p1-E-k16,16,proc,,,,,,,,,,,,,,5862,chang0926-b-n64-s4,4538,2489,10,"4-5,40,43-47,112-115,117-120,132-133,168,171-175,240-243,245-248",25
2026-09-29T10:34:50Z,1790678090.4,p1-E-k16,16,proc,,,,,,,,,,,,,,6318,chang0926-b-n64-s5,4538,2492,10,"4-5,40,43-47,112-115,117-120,132-133,168,171-175,240-243,245-248",25
2026-09-29T10:34:50Z,1790678090.4,p1-E-k16,16,proc,,,,,,,,,,,,,,6801,chang0926-b-n64-s6,4538,2530,10,"4-5,40,43-47,112-115,117-120,132-133,168,171-175,240-243,245-248",25
2026-09-29T10:34:50Z,1790678090.4,p1-E-k16,16,proc,,,,,,,,,,,,,,7394,chang0926-b-n64-s7,4538,2519,9,"4-5,40,43-47,112-115,117-120,132-133,168,171-175,240-243,245-248",25
2026-09-29T10:34:50Z,1790678090.4,p1-E-k16,16,proc,,,,,,,,,,,,,,7826,chang0926-b-n64-s8,4538,2508,9,"4-5,40,43-47,112-115,117-120,132-133,168,171-175,240-243,245-248",25
2026-09-29T10:35:50Z,1790678150.6,p1-E-k16,16,gpu,NVIDIA A100-SXM4-80GB,81920,72709,100,1410,227.07,40,19571946371,29407195136,137438953472,16,10,14,,,,,,,
2026-09-29T10:35:50Z,1790678150.6,p1-E-k16,16,proc,,,,,,,,,,,,,,631,chang0926-a-n64-s1,4538,2534,14,"4-5,40,43-47,112-115,117-120,132-133,168,171-175,240-243,245-248",25
2026-09-29T10:35:50Z,1790678150.6,p1-E-k16,16,proc,,,,,,,,,,,,,,874,chang0926-a-n64-s2,4538,2529,13,"4-5,40,43-47,112-115,117-120,132-133,168,171-175,240-243,245-248",25
2026-09-29T10:35:50Z,1790678150.6,p1-E-k16,16,proc,,,,,,,,,,,,,,1113,chang0926-a-n64-s3,4538,2539,13,"4-5,40,43-47,112-115,117-120,132-133,168,171-175,240-243,245-248",25
2026-09-29T10:35:50Z,1790678150.6,p1-E-k16,16,proc,,,,,,,,,,,,,,1848,chang0926-a-n64-s4,4538,2529,13,"4-5,40,43-47,112-115,117-120,132-133,168,171-175,240-243,245-248",25
2026-09-29T10:35:50Z,1790678150.6,p1-E-k16,16,proc,,,,,,,,,,,,,,2308,chang0926-a-n64-s5,4538,2540,12,"4-5,40,43-47,112-115,117-120,132-133,168,171-175,240-243,245-248",25
2026-09-29T10:35:50Z,1790678150.6,p1-E-k16,16,proc,,,,,,,,,,,,,,2759,chang0926-a-n64-s6,4538,2543,13,"4-5,40,43-47,112-115,117-120,132-133,168,171-175,240-243,245-248",25
2026-09-29T10:35:50Z,1790678150.6,p1-E-k16,16,proc,,,,,,,,,,,,,,3275,chang0926-a-n64-s7,4538,2521,11,"4-5,40,43-47,112-115,117-120,132-133,168,171-175,240-243,245-248",25
2026-09-29T10:35:50Z,1790678150.6,p1-E-k16,16,proc,,,,,,,,,,,,,,3896,chang0926-a-n64-s8,4538,2516,12,"4-5,40,43-47,112-115,117-120,132-133,168,171-175,240-243,245-248",25
2026-09-29T10:35:50Z,1790678150.6,p1-E-k16,16,proc,,,,,,,,,,,,,,4303,chang0926-b-n64-s1,4538,2478,11,"4-5,40,43-47,112-115,117-120,132-133,168,171-175,240-243,245-248",25
2026-09-29T10:35:50Z,1790678150.6,p1-E-k16,16,proc,,,,,,,,,,,,,,4932,chang0926-b-n64-s2,4538,2481,11,"4-5,40,43-47,112-115,117-120,132-133,168,171-175,240-243,245-248",25
2026-09-29T10:35:50Z,1790678150.6,p1-E-k16,16,proc,,,,,,,,,,,,,,5357,chang0926-b-n64-s3,4538,2512,11,"4-5,40,43-47,112-115,117-120,132-133,168,171-175,240-243,245-248",25
2026-09-29T10:35:50Z,1790678150.6,p1-E-k16,16,proc,,,,,,,,,,,,,,5862,chang0926-b-n64-s4,4538,2490,11,"4-5,40,43-47,112-115,117-120,132-133,168,171-175,240-243,245-248",25
2026-09-29T10:35:50Z,1790678150.6,p1-E-k16,16,proc,,,,,,,,,,,,,,6318,chang0926-b-n64-s5,4538,2510,10,"4-5,40,43-47,112-115,117-120,132-133,168,171-175,240-243,245-248",61
2026-09-29T10:35:50Z,1790678150.6,p1-E-k16,16,proc,,,,,,,,,,,,,,6801,chang0926-b-n64-s6,4538,2530,10,"4-5,40,43-47,112-115,117-120,132-133,168,171-175,240-243,245-248",25
2026-09-29T10:35:50Z,1790678150.6,p1-E-k16,16,proc,,,,,,,,,,,,,,7394,chang0926-b-n64-s7,4538,2524,10,"4-5,40,43-47,112-115,117-120,132-133,168,171-175,240-243,245-248",25
2026-09-29T10:35:50Z,1790678150.6,p1-E-k16,16,proc,,,,,,,,,,,,,,7826,chang0926-b-n64-s8,4538,2521,10,"4-5,40,43-47,112-115,117-120,132-133,168,171-175,240-243,245-248",25
2026-09-29T10:36:50Z,1790678210.8,p1-E-k16,16,gpu,NVIDIA A100-SXM4-80GB,81920,72709,100,1410,230.83,41,20085678502,29483778048,137438953472,16,10,15,,,,,,,
2026-09-29T10:36:50Z,1790678210.8,p1-E-k16,16,proc,,,,,,,,,,,,,,631,chang0926-a-n64-s1,4538,2534,15,"4-5,40,43-47,112-115,117-120,132-133,168,171-175,240-243,245-248",25
2026-09-29T10:36:50Z,1790678210.8,p1-E-k16,16,proc,,,,,,,,,,,,,,874,chang0926-a-n64-s2,4538,2529,13,"4-5,40,43-47,112-115,117-120,132-133,168,171-175,240-243,245-248",25
2026-09-29T10:36:50Z,1790678210.8,p1-E-k16,16,proc,,,,,,,,,,,,,,1113,chang0926-a-n64-s3,4538,2554,14,"4-5,40,43-47,112-115,117-120,132-133,168,171-175,240-243,245-248",25
2026-09-29T10:36:50Z,1790678210.8,p1-E-k16,16,proc,,,,,,,,,,,,,,1848,chang0926-a-n64-s4,4538,2545,14,"4-5,40,43-47,112-115,117-120,132-133,168,171-175,240-243,245-248",25
2026-09-29T10:36:50Z,1790678210.8,p1-E-k16,16,proc,,,,,,,,,,,,,,2308,chang0926-a-n64-s5,4538,2555,13,"4-5,40,43-47,112-115,117-120,132-133,168,171-175,240-243,245-248",25
2026-09-29T10:36:50Z,1790678210.8,p1-E-k16,16,proc,,,,,,,,,,,,,,2759,chang0926-a-n64-s6,4538,2543,13,"4-5,40,43-47,112-115,117-120,132-133,168,171-175,240-243,245-248",25
2026-09-29T10:36:50Z,1790678210.8,p1-E-k16,16,proc,,,,,,,,,,,,,,3275,chang0926-a-n64-s7,4538,2521,12,"4-5,40,43-47,112-115,117-120,132-133,168,171-175,240-243,245-248",25
2026-09-29T10:36:50Z,1790678210.8,p1-E-k16,16,proc,,,,,,,,,,,,,,3896,chang0926-a-n64-s8,4538,2516,12,"4-5,40,43-47,112-115,117-120,132-133,168,171-175,240-243,245-248",25
2026-09-29T10:36:50Z,1790678210.8,p1-E-k16,16,proc,,,,,,,,,,,,,,4303,chang0926-b-n64-s1,4538,2497,12,"4-5,40,43-47,112-115,117-120,132-133,168,171-175,240-243,245-248",25
2026-09-29T10:36:50Z,1790678210.8,p1-E-k16,16,proc,,,,,,,,,,,,,,4932,chang0926-b-n64-s2,4538,2506,12,"4-5,40,43-47,112-115,117-120,132-133,168,171-175,240-243,245-248",25
2026-09-29T10:36:50Z,1790678210.8,p1-E-k16,16,proc,,,,,,,,,,,,,,5357,chang0926-b-n64-s3,4538,2512,11,"4-5,40,43-47,112-115,117-120,132-133,168,171-175,240-243,245-248",25
2026-09-29T10:36:50Z,1790678210.8,p1-E-k16,16,proc,,,,,,,,,,,,,,5862,chang0926-b-n64-s4,4538,2490,11,"4-5,40,43-47,112-115,117-120,132-133,168,171-175,240-243,245-248",25
2026-09-29T10:36:50Z,1790678210.8,p1-E-k16,16,proc,,,,,,,,,,,,,,6318,chang0926-b-n64-s5,4538,2487,11,"4-5,40,43-47,112-115,117-120,132-133,168,171-175,240-243,245-248",25
2026-09-29T10:36:50Z,1790678210.8,p1-E-k16,16,proc,,,,,,,,,,,,,,6801,chang0926-b-n64-s6,4538,2530,10,"4-5,40,43-47,112-115,117-120,132-133,168,171-175,240-243,245-248",25
2026-09-29T10:36:50Z,1790678210.8,p1-E-k16,16,proc,,,,,,,,,,,,,,7394,chang0926-b-n64-s7,4538,2524,10,"4-5,40,43-47,112-115,117-120,132-133,168,171-175,240-243,245-248",25
2026-09-29T10:36:50Z,1790678210.8,p1-E-k16,16,proc,,,,,,,,,,,,,,7826,chang0926-b-n64-s8,4538,2521,10,"4-5,40,43-47,112-115,117-120,132-133,168,171-175,240-243,245-248",25
2026-09-29T10:37:50Z,1790678271.0,p1-E-k16,16,gpu,NVIDIA A100-SXM4-80GB,81920,72709,100,1410,212.89,41,20585006055,29469675520,137438953472,16,10,15,,,,,,,
2026-09-29T10:37:50Z,1790678271.0,p1-E-k16,16,proc,,,,,,,,,,,,,,631,chang0926-a-n64-s1,4538,2534,15,"4-5,40,43-47,112-115,117-120,132-133,168,171-175,240-243,245-248",25
2026-09-29T10:37:50Z,1790678271.0,p1-E-k16,16,proc,,,,,,,,,,,,,,874,chang0926-a-n64-s2,4538,2547,14,"4-5,40,43-47,112-115,117-120,132-133,168,171-175,240-243,245-248",25
2026-09-29T10:37:50Z,1790678271.0,p1-E-k16,16,proc,,,,,,,,,,,,,,1113,chang0926-a-n64-s3,4538,2554,14,"4-5,40,43-47,112-115,117-120,132-133,168,171-175,240-243,245-248",25
2026-09-29T10:37:50Z,1790678271.0,p1-E-k16,16,proc,,,,,,,,,,,,,,1848,chang0926-a-n64-s4,4538,2545,14,"4-5,40,43-47,112-115,117-120,132-133,168,171-175,240-243,245-248",25
2026-09-29T10:37:50Z,1790678271.0,p1-E-k16,16,proc,,,,,,,,,,,,,,2308,chang0926-a-n64-s5,4538,2555,13,"4-5,40,43-47,112-115,117-120,132-133,168,171-175,240-243,245-248",25
2026-09-29T10:37:50Z,1790678271.0,p1-E-k16,16,proc,,,,,,,,,,,,,,2759,chang0926-a-n64-s6,4538,2543,13,"4-5,40,43-47,112-115,117-120,132-133,168,171-175,240-243,245-248",25
2026-09-29T10:37:50Z,1790678271.0,p1-E-k16,16,proc,,,,,,,,,,,,,,3275,chang0926-a-n64-s7,4538,2521,12,"4-5,40,43-47,112-115,117-120,132-133,168,171-175,240-243,245-248",25
2026-09-29T10:37:50Z,1790678271.0,p1-E-k16,16,proc,,,,,,,,,,,,,,3896,chang0926-a-n64-s8,4538,2522,13,"4-5,40,43-47,112-115,117-120,132-133,168,171-175,240-243,245-248",25
2026-09-29T10:37:50Z,1790678271.0,p1-E-k16,16,proc,,,,,,,,,,,,,,4303,chang0926-b-n64-s1,4538,2497,12,"4-5,40,43-47,112-115,117-120,132-133,168,171-175,240-243,245-248",25
2026-09-29T10:37:50Z,1790678271.0,p1-E-k16,16,proc,,,,,,,,,,,,,,4932,chang0926-b-n64-s2,4538,2506,12,"4-5,40,43-47,112-115,117-120,132-133,168,171-175,240-243,245-248",25
2026-09-29T10:37:50Z,1790678271.0,p1-E-k16,16,proc,,,,,,,,,,,,,,5357,chang0926-b-n64-s3,4538,2512,11,"4-5,40,43-47,112-115,117-120,132-133,168,171-175,240-243,245-248",25
2026-09-29T10:37:50Z,1790678271.0,p1-E-k16,16,proc,,,,,,,,,,,,,,5862,chang0926-b-n64-s4,4538,2490,11,"4-5,40,43-47,112-115,117-120,132-133,168,171-175,240-243,245-248",25
2026-09-29T10:37:50Z,1790678271.0,p1-E-k16,16,proc,,,,,,,,,,,,,,6318,chang0926-b-n64-s5,4538,2487,11,"4-5,40,43-47,112-115,117-120,132-133,168,171-175,240-243,245-248",25
2026-09-29T10:37:50Z,1790678271.0,p1-E-k16,16,proc,,,,,,,,,,,,,,6801,chang0926-b-n64-s6,4538,2494,11,"4-5,40,43-47,112-115,117-120,132-133,168,171-175,240-243,245-248",25
2026-09-29T10:37:50Z,1790678271.0,p1-E-k16,16,proc,,,,,,,,,,,,,,7394,chang0926-b-n64-s7,4538,2524,10,"4-5,40,43-47,112-115,117-120,132-133,168,171-175,240-243,245-248",25
2026-09-29T10:37:50Z,1790678271.0,p1-E-k16,16,proc,,,,,,,,,,,,,,7826,chang0926-b-n64-s8,4538,2521,10,"4-5,40,43-47,112-115,117-120,132-133,168,171-175,240-243,245-248",25
2026-09-29T10:38:51Z,1790678331.2,p1-E-k16,16,gpu,NVIDIA A100-SXM4-80GB,81920,72709,100,1410,232.16,40,21099182196,29522169856,137438953472,16,11,15,,,,,,,
2026-09-29T10:38:51Z,1790678331.2,p1-E-k16,16,proc,,,,,,,,,,,,,,631,chang0926-a-n64-s1,4538,2534,15,"4-5,40,43-47,112-115,117-120,132-133,168,171-175,240-243,245-248",25
2026-09-29T10:38:51Z,1790678331.2,p1-E-k16,16,proc,,,,,,,,,,,,,,874,chang0926-a-n64-s2,4538,2547,14,"4-5,40,43-47,112-115,117-120,132-133,168,171-175,240-243,245-248",25
2026-09-29T10:38:51Z,1790678331.2,p1-E-k16,16,proc,,,,,,,,,,,,,,1113,chang0926-a-n64-s3,4538,2554,14,"4-5,40,43-47,112-115,117-120,132-133,168,171-175,240-243,245-248",25
2026-09-29T10:38:51Z,1790678331.2,p1-E-k16,16,proc,,,,,,,,,,,,,,1848,chang0926-a-n64-s4,4538,2545,14,"4-5,40,43-47,112-115,117-120,132-133,168,171-175,240-243,245-248",25
2026-09-29T10:38:51Z,1790678331.2,p1-E-k16,16,proc,,,,,,,,,,,,,,2308,chang0926-a-n64-s5,4538,2555,13,"4-5,40,43-47,112-115,117-120,132-133,168,171-175,240-243,245-248",25
2026-09-29T10:38:51Z,1790678331.2,p1-E-k16,16,proc,,,,,,,,,,,,,,2759,chang0926-a-n64-s6,4538,2553,14,"4-5,40,43-47,112-115,117-120,132-133,168,171-175,240-243,245-248",25
2026-09-29T10:38:51Z,1790678331.2,p1-E-k16,16,proc,,,,,,,,,,,,,,3275,chang0926-a-n64-s7,4538,2536,13,"4-5,40,43-47,112-115,117-120,132-133,168,171-175,240-243,245-248",25
2026-09-29T10:38:51Z,1790678331.2,p1-E-k16,16,proc,,,,,,,,,,,,,,3896,chang0926-a-n64-s8,4538,2522,13,"4-5,40,43-47,112-115,117-120,132-133,168,171-175,240-243,245-248",25
2026-09-29T10:38:51Z,1790678331.2,p1-E-k16,16,proc,,,,,,,,,,,,,,4303,chang0926-b-n64-s1,4538,2497,12,"4-5,40,43-47,112-115,117-120,132-133,168,171-175,240-243,245-248",25
2026-09-29T10:38:51Z,1790678331.2,p1-E-k16,16,proc,,,,,,,,,,,,,,4932,chang0926-b-n64-s2,4538,2506,12,"4-5,40,43-47,112-115,117-120,132-133,168,171-175,240-243,245-248",25
2026-09-29T10:38:51Z,1790678331.2,p1-E-k16,16,proc,,,,,,,,,,,,,,5357,chang0926-b-n64-s3,4538,2532,12,"4-5,40,43-47,112-115,117-120,132-133,168,171-175,240-243,245-248",25
2026-09-29T10:38:51Z,1790678331.2,p1-E-k16,16,proc,,,,,,,,,,,,,,5862,chang0926-b-n64-s4,4538,2507,12,"4-5,40,43-47,112-115,117-120,132-133,168,171-175,240-243,245-248",25
2026-09-29T10:38:51Z,1790678331.2,p1-E-k16,16,proc,,,,,,,,,,,,,,6318,chang0926-b-n64-s5,4538,2509,12,"4-5,40,43-47,112-115,117-120,132-133,168,171-175,240-243,245-248",25
2026-09-29T10:38:51Z,1790678331.2,p1-E-k16,16,proc,,,,,,,,,,,,,,6801,chang0926-b-n64-s6,4538,2494,11,"4-5,40,43-47,112-115,117-120,132-133,168,171-175,240-243,245-248",25
2026-09-29T10:38:51Z,1790678331.2,p1-E-k16,16,proc,,,,,,,,,,,,,,7394,chang0926-b-n64-s7,4538,2491,11,"4-5,40,43-47,112-115,117-120,132-133,168,171-175,240-243,245-248",25
2026-09-29T10:38:51Z,1790678331.2,p1-E-k16,16,proc,,,,,,,,,,,,,,7826,chang0926-b-n64-s8,4538,2513,11,"4-5,40,43-47,112-115,117-120,132-133,168,171-175,240-243,245-248",25
2026-09-29T10:39:51Z,1790678391.3,p1-E-k16,16,gpu,NVIDIA A100-SXM4-80GB,81920,72709,100,1410,223.32,40,21609883127,29658152960,137438953472,16,11,16,,,,,,,
2026-09-29T10:39:51Z,1790678391.3,p1-E-k16,16,proc,,,,,,,,,,,,,,631,chang0926-a-n64-s1,4538,2543,16,"4-5,40,43-47,112-115,117-120,132-133,168,171-175,240-243,245-248",25
2026-09-29T10:39:51Z,1790678391.3,p1-E-k16,16,proc,,,,,,,,,,,,,,874,chang0926-a-n64-s2,4538,2554,15,"4-5,40,43-47,112-115,117-120,132-133,168,171-175,240-243,245-248",25
2026-09-29T10:39:51Z,1790678391.3,p1-E-k16,16,proc,,,,,,,,,,,,,,1113,chang0926-a-n64-s3,4538,2570,15,"4-5,40,43-47,112-115,117-120,132-133,168,171-175,240-243,245-248",25
2026-09-29T10:39:51Z,1790678391.3,p1-E-k16,16,proc,,,,,,,,,,,,,,1848,chang0926-a-n64-s4,4538,2545,15,"4-5,40,43-47,112-115,117-120,132-133,168,171-175,240-243,245-248",25
2026-09-29T10:39:51Z,1790678391.3,p1-E-k16,16,proc,,,,,,,,,,,,,,2308,chang0926-a-n64-s5,4538,2567,14,"4-5,40,43-47,112-115,117-120,132-133,168,171-175,240-243,245-248",25
2026-09-29T10:39:51Z,1790678391.3,p1-E-k16,16,proc,,,,,,,,,,,,,,2759,chang0926-a-n64-s6,4538,2553,14,"4-5,40,43-47,112-115,117-120,132-133,168,171-175,240-243,245-248",25
2026-09-29T10:39:51Z,1790678391.3,p1-E-k16,16,proc,,,,,,,,,,,,,,3275,chang0926-a-n64-s7,4538,2536,13,"4-5,40,43-47,112-115,117-120,132-133,168,171-175,240-243,245-248",25
2026-09-29T10:39:51Z,1790678391.3,p1-E-k16,16,proc,,,,,,,,,,,,,,3896,chang0926-a-n64-s8,4538,2522,13,"4-5,40,43-47,112-115,117-120,132-133,168,171-175,240-243,245-248",25
2026-09-29T10:39:51Z,1790678391.3,p1-E-k16,16,proc,,,,,,,,,,,,,,4303,chang0926-b-n64-s1,4538,2514,13,"4-5,40,43-47,112-115,117-120,132-133,168,171-175,240-243,245-248",25
2026-09-29T10:39:51Z,1790678391.3,p1-E-k16,16,proc,,,,,,,,,,,,,,4932,chang0926-b-n64-s2,4538,2520,13,"4-5,40,43-47,112-115,117-120,132-133,168,171-175,240-243,245-248",25
2026-09-29T10:39:51Z,1790678391.3,p1-E-k16,16,proc,,,,,,,,,,,,,,5357,chang0926-b-n64-s3,4538,2532,12,"4-5,40,43-47,112-115,117-120,132-133,168,171-175,240-243,245-248",25
2026-09-29T10:39:51Z,1790678391.3,p1-E-k16,16,proc,,,,,,,,,,,,,,5862,chang0926-b-n64-s4,4538,2507,12,"4-5,40,43-47,112-115,117-120,132-133,168,171-175,240-243,245-248",25
2026-09-29T10:39:51Z,1790678391.3,p1-E-k16,16,proc,,,,,,,,,,,,,,6318,chang0926-b-n64-s5,4538,2509,12,"4-5,40,43-47,112-115,117-120,132-133,168,171-175,240-243,245-248",25
2026-09-29T10:39:51Z,1790678391.3,p1-E-k16,16,proc,,,,,,,,,,,,,,6801,chang0926-b-n64-s6,4538,2545,11,"4-5,40,43-47,112-115,117-120,132-133,168,171-175,240-243,245-248",61
2026-09-29T10:39:51Z,1790678391.3,p1-E-k16,16,proc,,,,,,,,,,,,,,7394,chang0926-b-n64-s7,4538,2491,11,"4-5,40,43-47,112-115,117-120,132-133,168,171-175,240-243,245-248",25
2026-09-29T10:39:51Z,1790678391.3,p1-E-k16,16,proc,,,,,,,,,,,,,,7826,chang0926-b-n64-s8,4538,2513,11,"4-5,40,43-47,112-115,117-120,132-133,168,171-175,240-243,245-248",25
2026-09-29T10:40:51Z,1790678451.5,p1-E-k16,16,gpu,NVIDIA A100-SXM4-80GB,81920,72709,100,1410,209.33,40,22119118453,29743407104,137438953472,16,11,16,,,,,,,
2026-09-29T10:40:51Z,1790678451.5,p1-E-k16,16,proc,,,,,,,,,,,,,,631,chang0926-a-n64-s1,4538,2543,16,"4-5,40,43-47,112-115,117-120,132-133,168,171-175,240-243,245-248",25
2026-09-29T10:40:51Z,1790678451.5,p1-E-k16,16,proc,,,,,,,,,,,,,,874,chang0926-a-n64-s2,4538,2554,15,"4-5,40,43-47,112-115,117-120,132-133,168,171-175,240-243,245-248",25
2026-09-29T10:40:51Z,1790678451.5,p1-E-k16,16,proc,,,,,,,,,,,,,,1113,chang0926-a-n64-s3,4538,2570,15,"4-5,40,43-47,112-115,117-120,132-133,168,171-175,240-243,245-248",25
2026-09-29T10:40:51Z,1790678451.5,p1-E-k16,16,proc,,,,,,,,,,,,,,1848,chang0926-a-n64-s4,4538,2545,15,"4-5,40,43-47,112-115,117-120,132-133,168,171-175,240-243,245-248",25
2026-09-29T10:40:51Z,1790678451.5,p1-E-k16,16,proc,,,,,,,,,,,,,,2308,chang0926-a-n64-s5,4538,2567,14,"4-5,40,43-47,112-115,117-120,132-133,168,171-175,240-243,245-248",25
2026-09-29T10:40:51Z,1790678451.5,p1-E-k16,16,proc,,,,,,,,,,,,,,2759,chang0926-a-n64-s6,4538,2558,15,"4-5,40,43-47,112-115,117-120,132-133,168,171-175,240-243,245-248",25
2026-09-29T10:40:51Z,1790678451.5,p1-E-k16,16,proc,,,,,,,,,,,,,,3275,chang0926-a-n64-s7,4538,2536,13,"4-5,40,43-47,112-115,117-120,132-133,168,171-175,240-243,245-248",25
2026-09-29T10:40:51Z,1790678451.5,p1-E-k16,16,proc,,,,,,,,,,,,,,3896,chang0926-a-n64-s8,4538,2542,14,"4-5,40,43-47,112-115,117-120,132-133,168,171-175,240-243,245-248",25
2026-09-29T10:40:51Z,1790678451.5,p1-E-k16,16,proc,,,,,,,,,,,,,,4303,chang0926-b-n64-s1,4538,2514,13,"4-5,40,43-47,112-115,117-120,132-133,168,171-175,240-243,245-248",25
2026-09-29T10:40:51Z,1790678451.5,p1-E-k16,16,proc,,,,,,,,,,,,,,4932,chang0926-b-n64-s2,4538,2520,13,"4-5,40,43-47,112-115,117-120,132-133,168,171-175,240-243,245-248",25
2026-09-29T10:40:51Z,1790678451.5,p1-E-k16,16,proc,,,,,,,,,,,,,,5357,chang0926-b-n64-s3,4538,2532,12,"4-5,40,43-47,112-115,117-120,132-133,168,171-175,240-243,245-248",25
2026-09-29T10:40:51Z,1790678451.5,p1-E-k16,16,proc,,,,,,,,,,,,,,5862,chang0926-b-n64-s4,4538,2520,13,"4-5,40,43-47,112-115,117-120,132-133,168,171-175,240-243,245-248",25
2026-09-29T10:40:51Z,1790678451.5,p1-E-k16,16,proc,,,,,,,,,,,,,,6318,chang0926-b-n64-s5,4538,2509,12,"4-5,40,43-47,112-115,117-120,132-133,168,171-175,240-243,245-248",25
2026-09-29T10:40:51Z,1790678451.5,p1-E-k16,16,proc,,,,,,,,,,,,,,6801,chang0926-b-n64-s6,4538,2514,12,"4-5,40,43-47,112-115,117-120,132-133,168,171-175,240-243,245-248",25
2026-09-29T10:40:51Z,1790678451.5,p1-E-k16,16,proc,,,,,,,,,,,,,,7394,chang0926-b-n64-s7,4538,2544,11,"4-5,40,43-47,112-115,117-120,132-133,168,171-175,240-243,245-248",61
2026-09-29T10:40:51Z,1790678451.5,p1-E-k16,16,proc,,,,,,,,,,,,,,7826,chang0926-b-n64-s8,4538,2532,12,"4-5,40,43-47,112-115,117-120,132-133,168,171-175,240-243,245-248",25
2026-09-29T10:41:51Z,1790678511.9,p1-E-k16,16,gpu,NVIDIA A100-SXM4-80GB,81920,72709,100,1410,213.66,39,22624996756,29800386560,137438953472,16,12,16,,,,,,,
2026-09-29T10:41:51Z,1790678511.9,p1-E-k16,16,proc,,,,,,,,,,,,,,631,chang0926-a-n64-s1,4538,2590,16,"4-5,40,43-47,112-115,117-120,132-133,168,171-175,240-243,245-248",61
2026-09-29T10:41:51Z,1790678511.9,p1-E-k16,16,proc,,,,,,,,,,,,,,874,chang0926-a-n64-s2,4538,2554,15,"4-5,40,43-47,112-115,117-120,132-133,168,171-175,240-243,245-248",25
2026-09-29T10:41:51Z,1790678511.9,p1-E-k16,16,proc,,,,,,,,,,,,,,1113,chang0926-a-n64-s3,4538,2570,15,"4-5,40,43-47,112-115,117-120,132-133,168,171-175,240-243,245-248",25
2026-09-29T10:41:51Z,1790678511.9,p1-E-k16,16,proc,,,,,,,,,,,,,,1848,chang0926-a-n64-s4,4538,2545,15,"4-5,40,43-47,112-115,117-120,132-133,168,171-175,240-243,245-248",25
2026-09-29T10:41:51Z,1790678511.9,p1-E-k16,16,proc,,,,,,,,,,,,,,2308,chang0926-a-n64-s5,4538,2567,14,"4-5,40,43-47,112-115,117-120,132-133,168,171-175,240-243,245-248",25
2026-09-29T10:41:51Z,1790678511.9,p1-E-k16,16,proc,,,,,,,,,,,,,,2759,chang0926-a-n64-s6,4538,2558,15,"4-5,40,43-47,112-115,117-120,132-133,168,171-175,240-243,245-248",25
2026-09-29T10:41:51Z,1790678511.9,p1-E-k16,16,proc,,,,,,,,,,,,,,3275,chang0926-a-n64-s7,4538,2551,14,"4-5,40,43-47,112-115,117-120,132-133,168,171-175,240-243,245-248",25
2026-09-29T10:41:51Z,1790678511.9,p1-E-k16,16,proc,,,,,,,,,,,,,,3896,chang0926-a-n64-s8,4538,2542,14,"4-5,40,43-47,112-115,117-120,132-133,168,171-175,240-243,245-248",25
2026-09-29T10:41:51Z,1790678511.9,p1-E-k16,16,proc,,,,,,,,,,,,,,4303,chang0926-b-n64-s1,4538,2514,13,"4-5,40,43-47,112-115,117-120,132-133,168,171-175,240-243,245-248",25
2026-09-29T10:41:51Z,1790678511.9,p1-E-k16,16,proc,,,,,,,,,,,,,,4932,chang0926-b-n64-s2,4538,2528,14,"4-5,40,43-47,112-115,117-120,132-133,168,171-175,240-243,245-248",25
2026-09-29T10:41:51Z,1790678511.9,p1-E-k16,16,proc,,,,,,,,,,,,,,5357,chang0926-b-n64-s3,4538,2540,13,"4-5,40,43-47,112-115,117-120,132-133,168,171-175,240-243,245-248",25
2026-09-29T10:41:51Z,1790678511.9,p1-E-k16,16,proc,,,,,,,,,,,,,,5862,chang0926-b-n64-s4,4538,2520,13,"4-5,40,43-47,112-115,117-120,132-133,168,171-175,240-243,245-248",25
2026-09-29T10:41:51Z,1790678511.9,p1-E-k16,16,proc,,,,,,,,,,,,,,6318,chang0926-b-n64-s5,4538,2521,13,"4-5,40,43-47,112-115,117-120,132-133,168,171-175,240-243,245-248",25
2026-09-29T10:41:51Z,1790678511.9,p1-E-k16,16,proc,,,,,,,,,,,,,,6801,chang0926-b-n64-s6,4538,2514,12,"4-5,40,43-47,112-115,117-120,132-133,168,171-175,240-243,245-248",25
2026-09-29T10:41:51Z,1790678511.9,p1-E-k16,16,proc,,,,,,,,,,,,,,7394,chang0926-b-n64-s7,4538,2504,12,"4-5,40,43-47,112-115,117-120,132-133,168,171-175,240-243,245-248",25
2026-09-29T10:41:51Z,1790678511.9,p1-E-k16,16,proc,,,,,,,,,,,,,,7826,chang0926-b-n64-s8,4538,2532,12,"4-5,40,43-47,112-115,117-120,132-133,168,171-175,240-243,245-248",25
2026-09-29T10:42:52Z,1790678572.0,p1-E-k16,16,gpu,NVIDIA A100-SXM4-80GB,81920,72709,100,1410,204.27,40,23134115323,29821837312,137438953472,16,12,17,,,,,,,
2026-09-29T10:42:52Z,1790678572.0,p1-E-k16,16,proc,,,,,,,,,,,,,,631,chang0926-a-n64-s1,4538,2544,17,"4-5,40,43-47,112-115,117-120,132-133,168,171-175,240-243,245-248",25
2026-09-29T10:42:52Z,1790678572.0,p1-E-k16,16,proc,,,,,,,,,,,,,,874,chang0926-a-n64-s2,4538,2554,16,"4-5,40,43-47,112-115,117-120,132-133,168,171-175,240-243,245-248",25
2026-09-29T10:42:52Z,1790678572.0,p1-E-k16,16,proc,,,,,,,,,,,,,,1113,chang0926-a-n64-s3,4538,2574,16,"4-5,40,43-47,112-115,117-120,132-133,168,171-175,240-243,245-248",25
2026-09-29T10:42:52Z,1790678572.0,p1-E-k16,16,proc,,,,,,,,,,,,,,1848,chang0926-a-n64-s4,4538,2555,16,"4-5,40,43-47,112-115,117-120,132-133,168,171-175,240-243,245-248",25
2026-09-29T10:42:52Z,1790678572.0,p1-E-k16,16,proc,,,,,,,,,,,,,,2308,chang0926-a-n64-s5,4538,2571,15,"4-5,40,43-47,112-115,117-120,132-133,168,171-175,240-243,245-248",25
2026-09-29T10:42:52Z,1790678572.0,p1-E-k16,16,proc,,,,,,,,,,,,,,2759,chang0926-a-n64-s6,4538,2558,15,"4-5,40,43-47,112-115,117-120,132-133,168,171-175,240-243,245-248",25
2026-09-29T10:42:52Z,1790678572.0,p1-E-k16,16,proc,,,,,,,,,,,,,,3275,chang0926-a-n64-s7,4538,2551,14,"4-5,40,43-47,112-115,117-120,132-133,168,171-175,240-243,245-248",25
2026-09-29T10:42:52Z,1790678572.0,p1-E-k16,16,proc,,,,,,,,,,,,,,3896,chang0926-a-n64-s8,4538,2560,14,"4-5,40,43-47,112-115,117-120,132-133,168,171-175,240-243,245-248",25
2026-09-29T10:42:52Z,1790678572.0,p1-E-k16,16,proc,,,,,,,,,,,,,,4303,chang0926-b-n64-s1,4538,2523,14,"4-5,40,43-47,112-115,117-120,132-133,168,171-175,240-243,245-248",25
2026-09-29T10:42:52Z,1790678572.0,p1-E-k16,16,proc,,,,,,,,,,,,,,4932,chang0926-b-n64-s2,4538,2528,14,"4-5,40,43-47,112-115,117-120,132-133,168,171-175,240-243,245-248",25
2026-09-29T10:42:52Z,1790678572.0,p1-E-k16,16,proc,,,,,,,,,,,,,,5357,chang0926-b-n64-s3,4538,2540,13,"4-5,40,43-47,112-115,117-120,132-133,168,171-175,240-243,245-248",25
2026-09-29T10:42:52Z,1790678572.0,p1-E-k16,16,proc,,,,,,,,,,,,,,5862,chang0926-b-n64-s4,4538,2520,13,"4-5,40,43-47,112-115,117-120,132-133,168,171-175,240-243,245-248",25
2026-09-29T10:42:52Z,1790678572.0,p1-E-k16,16,proc,,,,,,,,,,,,,,6318,chang0926-b-n64-s5,4538,2521,13,"4-5,40,43-47,112-115,117-120,132-133,168,171-175,240-243,245-248",25
2026-09-29T10:42:52Z,1790678572.0,p1-E-k16,16,proc,,,,,,,,,,,,,,6801,chang0926-b-n64-s6,4538,2533,13,"4-5,40,43-47,112-115,117-120,132-133,168,171-175,240-243,245-248",25
2026-09-29T10:42:52Z,1790678572.0,p1-E-k16,16,proc,,,,,,,,,,,,,,7394,chang0926-b-n64-s7,4538,2504,12,"4-5,40,43-47,112-115,117-120,132-133,168,171-175,240-243,245-248",25
2026-09-29T10:42:52Z,1790678572.0,p1-E-k16,16,proc,,,,,,,,,,,,,,7826,chang0926-b-n64-s8,4538,2532,12,"4-5,40,43-47,112-115,117-120,132-133,168,171-175,240-243,245-248",25
2026-09-29T10:43:52Z,1790678632.2,p1-E-k16,16,gpu,NVIDIA A100-SXM4-80GB,81920,72709,100,1410,209.13,40,23641698427,29908520960,137438953472,16,13,17,,,,,,,
2026-09-29T10:43:52Z,1790678632.2,p1-E-k16,16,proc,,,,,,,,,,,,,,631,chang0926-a-n64-s1,4538,2544,17,"4-5,40,43-47,112-115,117-120,132-133,168,171-175,240-243,245-248",25
2026-09-29T10:43:52Z,1790678632.2,p1-E-k16,16,proc,,,,,,,,,,,,,,874,chang0926-a-n64-s2,4538,2554,16,"4-5,40,43-47,112-115,117-120,132-133,168,171-175,240-243,245-248",25
2026-09-29T10:43:52Z,1790678632.2,p1-E-k16,16,proc,,,,,,,,,,,,,,1113,chang0926-a-n64-s3,4538,2574,16,"4-5,40,43-47,112-115,117-120,132-133,168,171-175,240-243,245-248",25
2026-09-29T10:43:52Z,1790678632.2,p1-E-k16,16,proc,,,,,,,,,,,,,,1848,chang0926-a-n64-s4,4538,2555,16,"4-5,40,43-47,112-115,117-120,132-133,168,171-175,240-243,245-248",25
2026-09-29T10:43:52Z,1790678632.2,p1-E-k16,16,proc,,,,,,,,,,,,,,2308,chang0926-a-n64-s5,4538,2571,15,"4-5,40,43-47,112-115,117-120,132-133,168,171-175,240-243,245-248",25
2026-09-29T10:43:52Z,1790678632.2,p1-E-k16,16,proc,,,,,,,,,,,,,,2759,chang0926-a-n64-s6,4538,2569,16,"4-5,40,43-47,112-115,117-120,132-133,168,171-175,240-243,245-248",25
2026-09-29T10:43:52Z,1790678632.2,p1-E-k16,16,proc,,,,,,,,,,,,,,3275,chang0926-a-n64-s7,4538,2561,14,"4-5,40,43-47,112-115,117-120,132-133,168,171-175,240-243,245-248",25
2026-09-29T10:43:52Z,1790678632.2,p1-E-k16,16,proc,,,,,,,,,,,,,,3896,chang0926-a-n64-s8,4538,2560,15,"4-5,40,43-47,112-115,117-120,132-133,168,171-175,240-243,245-248",25
2026-09-29T10:43:52Z,1790678632.2,p1-E-k16,16,proc,,,,,,,,,,,,,,4303,chang0926-b-n64-s1,4538,2523,14,"4-5,40,43-47,112-115,117-120,132-133,168,171-175,240-243,245-248",25
2026-09-29T10:43:52Z,1790678632.2,p1-E-k16,16,proc,,,,,,,,,,,,,,4932,chang0926-b-n64-s2,4538,2528,14,"4-5,40,43-47,112-115,117-120,132-133,168,171-175,240-243,245-248",25
2026-09-29T10:43:52Z,1790678632.2,p1-E-k16,16,proc,,,,,,,,,,,,,,5357,chang0926-b-n64-s3,4538,2546,14,"4-5,40,43-47,112-115,117-120,132-133,168,171-175,240-243,245-248",25
2026-09-29T10:43:52Z,1790678632.2,p1-E-k16,16,proc,,,,,,,,,,,,,,5862,chang0926-b-n64-s4,4538,2537,14,"4-5,40,43-47,112-115,117-120,132-133,168,171-175,240-243,245-248",25
2026-09-29T10:43:52Z,1790678632.2,p1-E-k16,16,proc,,,,,,,,,,,,,,6318,chang0926-b-n64-s5,4538,2528,13,"4-5,40,43-47,112-115,117-120,132-133,168,171-175,240-243,245-248",25
2026-09-29T10:43:52Z,1790678632.2,p1-E-k16,16,proc,,,,,,,,,,,,,,6801,chang0926-b-n64-s6,4538,2533,13,"4-5,40,43-47,112-115,117-120,132-133,168,171-175,240-243,245-248",25
2026-09-29T10:43:52Z,1790678632.2,p1-E-k16,16,proc,,,,,,,,,,,,,,7394,chang0926-b-n64-s7,4538,2513,13,"4-5,40,43-47,112-115,117-120,132-133,168,171-175,240-243,245-248",25
2026-09-29T10:43:52Z,1790678632.2,p1-E-k16,16,proc,,,,,,,,,,,,,,7826,chang0926-b-n64-s8,4538,2549,13,"4-5,40,43-47,112-115,117-120,132-133,168,171-175,240-243,245-248",25
2026-09-29T10:44:52Z,1790678692.4,p1-E-k16,16,gpu,NVIDIA A100-SXM4-80GB,81920,72709,100,1410,222.78,39,24153933342,29981057024,137438953472,16,13,18,,,,,,,
2026-09-29T10:44:52Z,1790678692.4,p1-E-k16,16,proc,,,,,,,,,,,,,,631,chang0926-a-n64-s1,4538,2560,18,"4-5,40,43-47,112-115,117-120,132-133,168,171-175,240-243,245-248",25
2026-09-29T10:44:52Z,1790678692.4,p1-E-k16,16,proc,,,,,,,,,,,,,,874,chang0926-a-n64-s2,4538,2554,16,"4-5,40,43-47,112-115,117-120,132-133,168,171-175,240-243,245-248",25
2026-09-29T10:44:52Z,1790678692.4,p1-E-k16,16,proc,,,,,,,,,,,,,,1113,chang0926-a-n64-s3,4538,2591,17,"4-5,40,43-47,112-115,117-120,132-133,168,171-175,240-243,245-248",25
2026-09-29T10:44:52Z,1790678692.4,p1-E-k16,16,proc,,,,,,,,,,,,,,1848,chang0926-a-n64-s4,4538,2568,17,"4-5,40,43-47,112-115,117-120,132-133,168,171-175,240-243,245-248",25
2026-09-29T10:44:52Z,1790678692.4,p1-E-k16,16,proc,,,,,,,,,,,,,,2308,chang0926-a-n64-s5,4538,2577,16,"4-5,40,43-47,112-115,117-120,132-133,168,171-175,240-243,245-248",25
2026-09-29T10:44:52Z,1790678692.4,p1-E-k16,16,proc,,,,,,,,,,,,,,2759,chang0926-a-n64-s6,4538,2569,16,"4-5,40,43-47,112-115,117-120,132-133,168,171-175,240-243,245-248",25
2026-09-29T10:44:52Z,1790678692.4,p1-E-k16,16,proc,,,,,,,,,,,,,,3275,chang0926-a-n64-s7,4538,2561,15,"4-5,40,43-47,112-115,117-120,132-133,168,171-175,240-243,245-248",25
2026-09-29T10:44:52Z,1790678692.4,p1-E-k16,16,proc,,,,,,,,,,,,,,3896,chang0926-a-n64-s8,4538,2560,15,"4-5,40,43-47,112-115,117-120,132-133,168,171-175,240-243,245-248",25
2026-09-29T10:44:52Z,1790678692.4,p1-E-k16,16,proc,,,,,,,,,,,,,,4303,chang0926-b-n64-s1,4538,2527,15,"4-5,40,43-47,112-115,117-120,132-133,168,171-175,240-243,245-248",25
2026-09-29T10:44:52Z,1790678692.4,p1-E-k16,16,proc,,,,,,,,,,,,,,4932,chang0926-b-n64-s2,4538,2538,15,"4-5,40,43-47,112-115,117-120,132-133,168,171-175,240-243,245-248",25
2026-09-29T10:44:52Z,1790678692.4,p1-E-k16,16,proc,,,,,,,,,,,,,,5357,chang0926-b-n64-s3,4538,2546,14,"4-5,40,43-47,112-115,117-120,132-133,168,171-175,240-243,245-248",25
2026-09-29T10:44:52Z,1790678692.4,p1-E-k16,16,proc,,,,,,,,,,,,,,5862,chang0926-b-n64-s4,4538,2537,14,"4-5,40,43-47,112-115,117-120,132-133,168,171-175,240-243,245-248",25
2026-09-29T10:44:52Z,1790678692.4,p1-E-k16,16,proc,,,,,,,,,,,,,,6318,chang0926-b-n64-s5,4538,2528,14,"4-5,40,43-47,112-115,117-120,132-133,168,171-175,240-243,245-248",25
2026-09-29T10:44:52Z,1790678692.4,p1-E-k16,16,proc,,,,,,,,,,,,,,6801,chang0926-b-n64-s6,4538,2533,13,"4-5,40,43-47,112-115,117-120,132-133,168,171-175,240-243,245-248",25
2026-09-29T10:44:52Z,1790678692.4,p1-E-k16,16,proc,,,,,,,,,,,,,,7394,chang0926-b-n64-s7,4538,2513,13,"4-5,40,43-47,112-115,117-120,132-133,168,171-175,240-243,245-248",25
2026-09-29T10:44:52Z,1790678692.4,p1-E-k16,16,proc,,,,,,,,,,,,,,7826,chang0926-b-n64-s8,4538,2549,13,"4-5,40,43-47,112-115,117-120,132-133,168,171-175,240-243,245-248",25
2026-09-29T10:45:52Z,1790678752.6,p1-E-k16,16,gpu,NVIDIA A100-SXM4-80GB,81920,72709,100,1410,207.74,40,24656173815,30017085440,137438953472,16,13,18,,,,,,,
2026-09-29T10:45:52Z,1790678752.6,p1-E-k16,16,proc,,,,,,,,,,,,,,631,chang0926-a-n64-s1,4538,2560,18,"4-5,40,43-47,112-115,117-120,132-133,168,171-175,240-243,245-248",25
2026-09-29T10:45:52Z,1790678752.6,p1-E-k16,16,proc,,,,,,,,,,,,,,874,chang0926-a-n64-s2,4538,2567,17,"4-5,40,43-47,112-115,117-120,132-133,168,171-175,240-243,245-248",25
2026-09-29T10:45:52Z,1790678752.6,p1-E-k16,16,proc,,,,,,,,,,,,,,1113,chang0926-a-n64-s3,4538,2591,17,"4-5,40,43-47,112-115,117-120,132-133,168,171-175,240-243,245-248",25
2026-09-29T10:45:52Z,1790678752.6,p1-E-k16,16,proc,,,,,,,,,,,,,,1848,chang0926-a-n64-s4,4538,2568,17,"4-5,40,43-47,112-115,117-120,132-133,168,171-175,240-243,245-248",25
2026-09-29T10:45:52Z,1790678752.6,p1-E-k16,16,proc,,,,,,,,,,,,,,2308,chang0926-a-n64-s5,4538,2577,16,"4-5,40,43-47,112-115,117-120,132-133,168,171-175,240-243,245-248",25
2026-09-29T10:45:52Z,1790678752.6,p1-E-k16,16,proc,,,,,,,,,,,,,,2759,chang0926-a-n64-s6,4538,2569,16,"4-5,40,43-47,112-115,117-120,132-133,168,171-175,240-243,245-248",25
2026-09-29T10:45:52Z,1790678752.6,p1-E-k16,16,proc,,,,,,,,,,,,,,3275,chang0926-a-n64-s7,4538,2561,15,"4-5,40,43-47,112-115,117-120,132-133,168,171-175,240-243,245-248",25
2026-09-29T10:45:52Z,1790678752.6,p1-E-k16,16,proc,,,,,,,,,,,,,,3896,chang0926-a-n64-s8,4538,2564,16,"4-5,40,43-47,112-115,117-120,132-133,168,171-175,240-243,245-248",25
2026-09-29T10:45:52Z,1790678752.6,p1-E-k16,16,proc,,,,,,,,,,,,,,4303,chang0926-b-n64-s1,4538,2527,15,"4-5,40,43-47,112-115,117-120,132-133,168,171-175,240-243,245-248",25
2026-09-29T10:45:52Z,1790678752.6,p1-E-k16,16,proc,,,,,,,,,,,,,,4932,chang0926-b-n64-s2,4538,2538,15,"4-5,40,43-47,112-115,117-120,132-133,168,171-175,240-243,245-248",25
2026-09-29T10:45:52Z,1790678752.6,p1-E-k16,16,proc,,,,,,,,,,,,,,5357,chang0926-b-n64-s3,4538,2546,14,"4-5,40,43-47,112-115,117-120,132-133,168,171-175,240-243,245-248",25
2026-09-29T10:45:52Z,1790678752.6,p1-E-k16,16,proc,,,,,,,,,,,,,,5862,chang0926-b-n64-s4,4538,2537,14,"4-5,40,43-47,112-115,117-120,132-133,168,171-175,240-243,245-248",25
2026-09-29T10:45:52Z,1790678752.6,p1-E-k16,16,proc,,,,,,,,,,,,,,6318,chang0926-b-n64-s5,4538,2528,14,"4-5,40,43-47,112-115,117-120,132-133,168,171-175,240-243,245-248",25
2026-09-29T10:45:52Z,1790678752.6,p1-E-k16,16,proc,,,,,,,,,,,,,,6801,chang0926-b-n64-s6,4538,2550,14,"4-5,40,43-47,112-115,117-120,132-133,168,171-175,240-243,245-248",25
2026-09-29T10:45:52Z,1790678752.6,p1-E-k16,16,proc,,,,,,,,,,,,,,7394,chang0926-b-n64-s7,4538,2513,13,"4-5,40,43-47,112-115,117-120,132-133,168,171-175,240-243,245-248",25
2026-09-29T10:45:52Z,1790678752.6,p1-E-k16,16,proc,,,,,,,,,,,,,,7826,chang0926-b-n64-s8,4538,2549,13,"4-5,40,43-47,112-115,117-120,132-133,168,171-175,240-243,245-248",25
2026-09-29T10:46:52Z,1790678812.8,p1-E-k16,16,gpu,NVIDIA A100-SXM4-80GB,81920,72709,100,1410,204.45,40,25161951381,30096535552,137438953472,16,14,18,,,,,,,
2026-09-29T10:46:52Z,1790678812.8,p1-E-k16,16,proc,,,,,,,,,,,,,,631,chang0926-a-n64-s1,4538,2560,18,"4-5,40,43-47,112-115,117-120,132-133,168,171-175,240-243,245-248",25
2026-09-29T10:46:52Z,1790678812.8,p1-E-k16,16,proc,,,,,,,,,,,,,,874,chang0926-a-n64-s2,4538,2567,17,"4-5,40,43-47,112-115,117-120,132-133,168,171-175,240-243,245-248",25
2026-09-29T10:46:52Z,1790678812.8,p1-E-k16,16,proc,,,,,,,,,,,,,,1113,chang0926-a-n64-s3,4538,2591,17,"4-5,40,43-47,112-115,117-120,132-133,168,171-175,240-243,245-248",25
2026-09-29T10:46:52Z,1790678812.8,p1-E-k16,16,proc,,,,,,,,,,,,,,1848,chang0926-a-n64-s4,4538,2568,17,"4-5,40,43-47,112-115,117-120,132-133,168,171-175,240-243,245-248",25
2026-09-29T10:46:52Z,1790678812.8,p1-E-k16,16,proc,,,,,,,,,,,,,,2308,chang0926-a-n64-s5,4538,2577,16,"4-5,40,43-47,112-115,117-120,132-133,168,171-175,240-243,245-248",25
2026-09-29T10:46:52Z,1790678812.8,p1-E-k16,16,proc,,,,,,,,,,,,,,2759,chang0926-a-n64-s6,4538,2574,17,"4-5,40,43-47,112-115,117-120,132-133,168,171-175,240-243,245-248",25
2026-09-29T10:46:52Z,1790678812.8,p1-E-k16,16,proc,,,,,,,,,,,,,,3275,chang0926-a-n64-s7,4538,2569,16,"4-5,40,43-47,112-115,117-120,132-133,168,171-175,240-243,245-248",25
2026-09-29T10:46:52Z,1790678812.8,p1-E-k16,16,proc,,,,,,,,,,,,,,3896,chang0926-a-n64-s8,4538,2564,16,"4-5,40,43-47,112-115,117-120,132-133,168,171-175,240-243,245-248",25
2026-09-29T10:46:52Z,1790678812.8,p1-E-k16,16,proc,,,,,,,,,,,,,,4303,chang0926-b-n64-s1,4538,2527,15,"4-5,40,43-47,112-115,117-120,132-133,168,171-175,240-243,245-248",25
2026-09-29T10:46:52Z,1790678812.8,p1-E-k16,16,proc,,,,,,,,,,,,,,4932,chang0926-b-n64-s2,4538,2538,15,"4-5,40,43-47,112-115,117-120,132-133,168,171-175,240-243,245-248",25
2026-09-29T10:46:52Z,1790678812.8,p1-E-k16,16,proc,,,,,,,,,,,,,,5357,chang0926-b-n64-s3,4538,2549,15,"4-5,40,43-47,112-115,117-120,132-133,168,171-175,240-243,245-248",25
2026-09-29T10:46:52Z,1790678812.8,p1-E-k16,16,proc,,,,,,,,,,,,,,5862,chang0926-b-n64-s4,4538,2555,15,"4-5,40,43-47,112-115,117-120,132-133,168,171-175,240-243,245-248",25
2026-09-29T10:46:52Z,1790678812.8,p1-E-k16,16,proc,,,,,,,,,,,,,,6318,chang0926-b-n64-s5,4538,2548,15,"4-5,40,43-47,112-115,117-120,132-133,168,171-175,240-243,245-248",25
2026-09-29T10:46:52Z,1790678812.8,p1-E-k16,16,proc,,,,,,,,,,,,,,6801,chang0926-b-n64-s6,4538,2550,14,"4-5,40,43-47,112-115,117-120,132-133,168,171-175,240-243,245-248",25
2026-09-29T10:46:52Z,1790678812.8,p1-E-k16,16,proc,,,,,,,,,,,,,,7394,chang0926-b-n64-s7,4538,2517,14,"4-5,40,43-47,112-115,117-120,132-133,168,171-175,240-243,245-248",25
2026-09-29T10:46:52Z,1790678812.8,p1-E-k16,16,proc,,,,,,,,,,,,,,7826,chang0926-b-n64-s8,4538,2562,14,"4-5,40,43-47,112-115,117-120,132-133,168,171-175,240-243,245-248",25
2026-09-29T10:47:53Z,1790678873.2,p1-E-k16,16,gpu,NVIDIA A100-SXM4-80GB,81920,72709,100,1410,225.21,39,25670841865,30181740544,137438953472,16,14,19,,,,,,,
2026-09-29T10:47:53Z,1790678873.2,p1-E-k16,16,proc,,,,,,,,,,,,,,631,chang0926-a-n64-s1,4538,2567,19,"4-5,40,43-47,112-115,117-120,132-133,168,171-175,240-243,245-248",25
2026-09-29T10:47:53Z,1790678873.2,p1-E-k16,16,proc,,,,,,,,,,,,,,874,chang0926-a-n64-s2,4538,2574,18,"4-5,40,43-47,112-115,117-120,132-133,168,171-175,240-243,245-248",25
2026-09-29T10:47:53Z,1790678873.2,p1-E-k16,16,proc,,,,,,,,,,,,,,1113,chang0926-a-n64-s3,4538,2608,18,"4-5,40,43-47,112-115,117-120,132-133,168,171-175,240-243,245-248",25
2026-09-29T10:47:53Z,1790678873.2,p1-E-k16,16,proc,,,,,,,,,,,,,,1848,chang0926-a-n64-s4,4538,2592,18,"4-5,40,43-47,112-115,117-120,132-133,168,171-175,240-243,245-248",25
2026-09-29T10:47:53Z,1790678873.2,p1-E-k16,16,proc,,,,,,,,,,,,,,2308,chang0926-a-n64-s5,4538,2580,17,"4-5,40,43-47,112-115,117-120,132-133,168,171-175,240-243,245-248",25
2026-09-29T10:47:53Z,1790678873.2,p1-E-k16,16,proc,,,,,,,,,,,,,,2759,chang0926-a-n64-s6,4538,2574,17,"4-5,40,43-47,112-115,117-120,132-133,168,171-175,240-243,245-248",25
2026-09-29T10:47:53Z,1790678873.2,p1-E-k16,16,proc,,,,,,,,,,,,,,3275,chang0926-a-n64-s7,4538,2569,16,"4-5,40,43-47,112-115,117-120,132-133,168,171-175,240-243,245-248",25
2026-09-29T10:47:53Z,1790678873.2,p1-E-k16,16,proc,,,,,,,,,,,,,,3896,chang0926-a-n64-s8,4538,2564,16,"4-5,40,43-47,112-115,117-120,132-133,168,171-175,240-243,245-248",25
2026-09-29T10:47:53Z,1790678873.2,p1-E-k16,16,proc,,,,,,,,,,,,,,4303,chang0926-b-n64-s1,4538,2545,16,"4-5,40,43-47,112-115,117-120,132-133,168,171-175,240-243,245-248",25
2026-09-29T10:47:53Z,1790678873.2,p1-E-k16,16,proc,,,,,,,,,,,,,,4932,chang0926-b-n64-s2,4538,2541,16,"4-5,40,43-47,112-115,117-120,132-133,168,171-175,240-243,245-248",25
2026-09-29T10:47:53Z,1790678873.2,p1-E-k16,16,proc,,,,,,,,,,,,,,5357,chang0926-b-n64-s3,4538,2549,15,"4-5,40,43-47,112-115,117-120,132-133,168,171-175,240-243,245-248",25
2026-09-29T10:47:53Z,1790678873.2,p1-E-k16,16,proc,,,,,,,,,,,,,,5862,chang0926-b-n64-s4,4538,2555,15,"4-5,40,43-47,112-115,117-120,132-133,168,171-175,240-243,245-248",25
2026-09-29T10:47:53Z,1790678873.2,p1-E-k16,16,proc,,,,,,,,,,,,,,6318,chang0926-b-n64-s5,4538,2548,15,"4-5,40,43-47,112-115,117-120,132-133,168,171-175,240-243,245-248",25
2026-09-29T10:47:53Z,1790678873.2,p1-E-k16,16,proc,,,,,,,,,,,,,,6801,chang0926-b-n64-s6,4538,2550,14,"4-5,40,43-47,112-115,117-120,132-133,168,171-175,240-243,245-248",25
2026-09-29T10:47:53Z,1790678873.2,p1-E-k16,16,proc,,,,,,,,,,,,,,7394,chang0926-b-n64-s7,4538,2517,14,"4-5,40,43-47,112-115,117-120,132-133,168,171-175,240-243,245-248",25
2026-09-29T10:47:53Z,1790678873.2,p1-E-k16,16,proc,,,,,,,,,,,,,,7826,chang0926-b-n64-s8,4538,2562,14,"4-5,40,43-47,112-115,117-120,132-133,168,171-175,240-243,245-248",25
2026-09-29T10:48:53Z,1790678933.4,p1-E-k16,16,gpu,NVIDIA A100-SXM4-80GB,81920,72709,100,1410,209.90,39,26179249697,30245425152,137438953472,16,14,19,,,,,,,
2026-09-29T10:48:53Z,1790678933.4,p1-E-k16,16,proc,,,,,,,,,,,,,,631,chang0926-a-n64-s1,4538,2567,19,"4-5,40,43-47,112-115,117-120,132-133,168,171-175,240-243,245-248",25
2026-09-29T10:48:53Z,1790678933.4,p1-E-k16,16,proc,,,,,,,,,,,,,,874,chang0926-a-n64-s2,4538,2574,18,"4-5,40,43-47,112-115,117-120,132-133,168,171-175,240-243,245-248",25
2026-09-29T10:48:53Z,1790678933.4,p1-E-k16,16,proc,,,,,,,,,,,,,,1113,chang0926-a-n64-s3,4538,2608,18,"4-5,40,43-47,112-115,117-120,132-133,168,171-175,240-243,245-248",25
2026-09-29T10:48:53Z,1790678933.4,p1-E-k16,16,proc,,,,,,,,,,,,,,1848,chang0926-a-n64-s4,4538,2592,18,"4-5,40,43-47,112-115,117-120,132-133,168,171-175,240-243,245-248",25
2026-09-29T10:48:53Z,1790678933.4,p1-E-k16,16,proc,,,,,,,,,,,,,,2308,chang0926-a-n64-s5,4538,2580,17,"4-5,40,43-47,112-115,117-120,132-133,168,171-175,240-243,245-248",25
2026-09-29T10:48:53Z,1790678933.4,p1-E-k16,16,proc,,,,,,,,,,,,,,2759,chang0926-a-n64-s6,4538,2577,18,"4-5,40,43-47,112-115,117-120,132-133,168,171-175,240-243,245-248",25
2026-09-29T10:48:53Z,1790678933.4,p1-E-k16,16,proc,,,,,,,,,,,,,,3275,chang0926-a-n64-s7,4538,2569,16,"4-5,40,43-47,112-115,117-120,132-133,168,171-175,240-243,245-248",25
2026-09-29T10:48:53Z,1790678933.4,p1-E-k16,16,proc,,,,,,,,,,,,,,3896,chang0926-a-n64-s8,4538,2575,17,"4-5,40,43-47,112-115,117-120,132-133,168,171-175,240-243,245-248",25
2026-09-29T10:48:53Z,1790678933.4,p1-E-k16,16,proc,,,,,,,,,,,,,,4303,chang0926-b-n64-s1,4538,2545,16,"4-5,40,43-47,112-115,117-120,132-133,168,171-175,240-243,245-248",25
2026-09-29T10:48:53Z,1790678933.4,p1-E-k16,16,proc,,,,,,,,,,,,,,4932,chang0926-b-n64-s2,4538,2541,16,"4-5,40,43-47,112-115,117-120,132-133,168,171-175,240-243,245-248",25
2026-09-29T10:48:53Z,1790678933.4,p1-E-k16,16,proc,,,,,,,,,,,,,,5357,chang0926-b-n64-s3,4538,2549,15,"4-5,40,43-47,112-115,117-120,132-133,168,171-175,240-243,245-248",25
2026-09-29T10:48:53Z,1790678933.4,p1-E-k16,16,proc,,,,,,,,,,,,,,5862,chang0926-b-n64-s4,4538,2564,16,"4-5,40,43-47,112-115,117-120,132-133,168,171-175,240-243,245-248",25
2026-09-29T10:48:53Z,1790678933.4,p1-E-k16,16,proc,,,,,,,,,,,,,,6318,chang0926-b-n64-s5,4538,2548,15,"4-5,40,43-47,112-115,117-120,132-133,168,171-175,240-243,245-248",25
2026-09-29T10:48:53Z,1790678933.4,p1-E-k16,16,proc,,,,,,,,,,,,,,6801,chang0926-b-n64-s6,4538,2566,15,"4-5,40,43-47,112-115,117-120,132-133,168,171-175,240-243,245-248",25
2026-09-29T10:48:53Z,1790678933.4,p1-E-k16,16,proc,,,,,,,,,,,,,,7394,chang0926-b-n64-s7,4538,2517,14,"4-5,40,43-47,112-115,117-120,132-133,168,171-175,240-243,245-248",25
2026-09-29T10:48:53Z,1790678933.4,p1-E-k16,16,proc,,,,,,,,,,,,,,7826,chang0926-b-n64-s8,4538,2578,15,"4-5,40,43-47,112-115,117-120,132-133,168,171-175,240-243,245-248",25
2026-09-29T10:49:53Z,1790678993.7,p1-E-k16,16,gpu,NVIDIA A100-SXM4-80GB,81920,72709,100,1410,223.87,40,26688865595,30302793728,137438953472,16,15,19,,,,,,,
2026-09-29T10:49:53Z,1790678993.7,p1-E-k16,16,proc,,,,,,,,,,,,,,631,chang0926-a-n64-s1,4538,2567,19,"4-5,40,43-47,112-115,117-120,132-133,168,171-175,240-243,245-248",25
2026-09-29T10:49:53Z,1790678993.7,p1-E-k16,16,proc,,,,,,,,,,,,,,874,chang0926-a-n64-s2,4538,2574,18,"4-5,40,43-47,112-115,117-120,132-133,168,171-175,240-243,245-248",25
2026-09-29T10:49:53Z,1790678993.7,p1-E-k16,16,proc,,,,,,,,,,,,,,1113,chang0926-a-n64-s3,4538,2611,19,"4-5,40,43-47,112-115,117-120,132-133,168,171-175,240-243,245-248",25
2026-09-29T10:49:53Z,1790678993.7,p1-E-k16,16,proc,,,,,,,,,,,,,,1848,chang0926-a-n64-s4,4538,2592,18,"4-5,40,43-47,112-115,117-120,132-133,168,171-175,240-243,245-248",25
2026-09-29T10:49:53Z,1790678993.7,p1-E-k16,16,proc,,,,,,,,,,,,,,2308,chang0926-a-n64-s5,4538,2580,17,"4-5,40,43-47,112-115,117-120,132-133,168,171-175,240-243,245-248",25
2026-09-29T10:49:53Z,1790678993.7,p1-E-k16,16,proc,,,,,,,,,,,,,,2759,chang0926-a-n64-s6,4538,2577,18,"4-5,40,43-47,112-115,117-120,132-133,168,171-175,240-243,245-248",25
2026-09-29T10:49:53Z,1790678993.7,p1-E-k16,16,proc,,,,,,,,,,,,,,3275,chang0926-a-n64-s7,4538,2574,17,"4-5,40,43-47,112-115,117-120,132-133,168,171-175,240-243,245-248",25
2026-09-29T10:49:53Z,1790678993.7,p1-E-k16,16,proc,,,,,,,,,,,,,,3896,chang0926-a-n64-s8,4538,2575,17,"4-5,40,43-47,112-115,117-120,132-133,168,171-175,240-243,245-248",25
2026-09-29T10:49:53Z,1790678993.7,p1-E-k16,16,proc,,,,,,,,,,,,,,4303,chang0926-b-n64-s1,4538,2545,16,"4-5,40,43-47,112-115,117-120,132-133,168,171-175,240-243,245-248",25
2026-09-29T10:49:53Z,1790678993.7,p1-E-k16,16,proc,,,,,,,,,,,,,,4932,chang0926-b-n64-s2,4538,2547,17,"4-5,40,43-47,112-115,117-120,132-133,168,171-175,240-243,245-248",25
2026-09-29T10:49:53Z,1790678993.7,p1-E-k16,16,proc,,,,,,,,,,,,,,5357,chang0926-b-n64-s3,4538,2567,16,"4-5,40,43-47,112-115,117-120,132-133,168,171-175,240-243,245-248",25
2026-09-29T10:49:53Z,1790678993.7,p1-E-k16,16,proc,,,,,,,,,,,,,,5862,chang0926-b-n64-s4,4538,2564,16,"4-5,40,43-47,112-115,117-120,132-133,168,171-175,240-243,245-248",25
2026-09-29T10:49:53Z,1790678993.7,p1-E-k16,16,proc,,,,,,,,,,,,,,6318,chang0926-b-n64-s5,4538,2554,16,"4-5,40,43-47,112-115,117-120,132-133,168,171-175,240-243,245-248",25
2026-09-29T10:49:53Z,1790678993.7,p1-E-k16,16,proc,,,,,,,,,,,,,,6801,chang0926-b-n64-s6,4538,2566,15,"4-5,40,43-47,112-115,117-120,132-133,168,171-175,240-243,245-248",25
2026-09-29T10:49:53Z,1790678993.7,p1-E-k16,16,proc,,,,,,,,,,,,,,7394,chang0926-b-n64-s7,4538,2530,15,"4-5,40,43-47,112-115,117-120,132-133,168,171-175,240-243,245-248",25
2026-09-29T10:49:53Z,1790678993.7,p1-E-k16,16,proc,,,,,,,,,,,,,,7826,chang0926-b-n64-s8,4538,2578,15,"4-5,40,43-47,112-115,117-120,132-133,168,171-175,240-243,245-248",25
2026-09-29T10:50:53Z,1790679053.9,p1-E-k16,16,gpu,NVIDIA A100-SXM4-80GB,81920,72709,100,1410,210.48,40,27186614833,30388293632,137438953472,16,15,19,,,,,,,
2026-09-29T10:50:53Z,1790679053.9,p1-E-k16,16,proc,,,,,,,,,,,,,,631,chang0926-a-n64-s1,4538,2567,19,"4-5,40,43-47,112-115,117-120,132-133,168,171-175,240-243,245-248",25
2026-09-29T10:50:53Z,1790679053.9,p1-E-k16,16,proc,,,,,,,,,,,,,,874,chang0926-a-n64-s2,4538,2578,19,"4-5,40,43-47,112-115,117-120,132-133,168,171-175,240-243,245-248",25
2026-09-29T10:50:53Z,1790679053.9,p1-E-k16,16,proc,,,,,,,,,,,,,,1113,chang0926-a-n64-s3,4538,2611,19,"4-5,40,43-47,112-115,117-120,132-133,168,171-175,240-243,245-248",25
2026-09-29T10:50:53Z,1790679053.9,p1-E-k16,16,proc,,,,,,,,,,,,,,1848,chang0926-a-n64-s4,4538,2609,19,"4-5,40,43-47,112-115,117-120,132-133,168,171-175,240-243,245-248",25
2026-09-29T10:50:53Z,1790679053.9,p1-E-k16,16,proc,,,,,,,,,,,,,,2308,chang0926-a-n64-s5,4538,2589,18,"4-5,40,43-47,112-115,117-120,132-133,168,171-175,240-243,245-248",25
2026-09-29T10:50:53Z,1790679053.9,p1-E-k16,16,proc,,,,,,,,,,,,,,2759,chang0926-a-n64-s6,4538,2577,18,"4-5,40,43-47,112-115,117-120,132-133,168,171-175,240-243,245-248",25
2026-09-29T10:50:53Z,1790679053.9,p1-E-k16,16,proc,,,,,,,,,,,,,,3275,chang0926-a-n64-s7,4538,2574,17,"4-5,40,43-47,112-115,117-120,132-133,168,171-175,240-243,245-248",25
2026-09-29T10:50:53Z,1790679053.9,p1-E-k16,16,proc,,,,,,,,,,,,,,3896,chang0926-a-n64-s8,4538,2590,18,"4-5,40,43-47,112-115,117-120,132-133,168,171-175,240-243,245-248",25
2026-09-29T10:50:53Z,1790679053.9,p1-E-k16,16,proc,,,,,,,,,,,,,,4303,chang0926-b-n64-s1,4538,2561,17,"4-5,40,43-47,112-115,117-120,132-133,168,171-175,240-243,245-248",25
2026-09-29T10:50:53Z,1790679053.9,p1-E-k16,16,proc,,,,,,,,,,,,,,4932,chang0926-b-n64-s2,4538,2547,17,"4-5,40,43-47,112-115,117-120,132-133,168,171-175,240-243,245-248",25
2026-09-29T10:50:53Z,1790679053.9,p1-E-k16,16,proc,,,,,,,,,,,,,,5357,chang0926-b-n64-s3,4538,2567,16,"4-5,40,43-47,112-115,117-120,132-133,168,171-175,240-243,245-248",25
2026-09-29T10:50:53Z,1790679053.9,p1-E-k16,16,proc,,,,,,,,,,,,,,5862,chang0926-b-n64-s4,4538,2564,16,"4-5,40,43-47,112-115,117-120,132-133,168,171-175,240-243,245-248",25
2026-09-29T10:50:53Z,1790679053.9,p1-E-k16,16,proc,,,,,,,,,,,,,,6318,chang0926-b-n64-s5,4538,2554,16,"4-5,40,43-47,112-115,117-120,132-133,168,171-175,240-243,245-248",25
2026-09-29T10:50:53Z,1790679053.9,p1-E-k16,16,proc,,,,,,,,,,,,,,6801,chang0926-b-n64-s6,4538,2582,16,"4-5,40,43-47,112-115,117-120,132-133,168,171-175,240-243,245-248",25
2026-09-29T10:50:53Z,1790679053.9,p1-E-k16,16,proc,,,,,,,,,,,,,,7394,chang0926-b-n64-s7,4538,2530,15,"4-5,40,43-47,112-115,117-120,132-133,168,171-175,240-243,245-248",25
2026-09-29T10:50:53Z,1790679053.9,p1-E-k16,16,proc,,,,,,,,,,,,,,7826,chang0926-b-n64-s8,4538,2578,15,"4-5,40,43-47,112-115,117-120,132-133,168,171-175,240-243,245-248",25
2026-09-29T10:51:54Z,1790679114.1,p1-E-k16,16,gpu,NVIDIA A100-SXM4-80GB,81920,72709,100,1410,212.03,39,27692173232,30465183744,137438953472,16,16,19,,,,,,,
2026-09-29T10:51:54Z,1790679114.1,p1-E-k16,16,proc,,,,,,,,,,,,,,631,chang0926-a-n64-s1,4538,2567,19,"4-5,40,43-47,112-115,117-120,132-133,168,171-175,240-243,245-248",25
2026-09-29T10:51:54Z,1790679114.1,p1-E-k16,16,proc,,,,,,,,,,,,,,874,chang0926-a-n64-s2,4538,2578,19,"4-5,40,43-47,112-115,117-120,132-133,168,171-175,240-243,245-248",25
2026-09-29T10:51:54Z,1790679114.1,p1-E-k16,16,proc,,,,,,,,,,,,,,1113,chang0926-a-n64-s3,4538,2613,19,"4-5,40,43-47,112-115,117-120,132-133,168,171-175,240-243,245-248",25
2026-09-29T10:51:54Z,1790679114.1,p1-E-k16,16,proc,,,,,,,,,,,,,,1848,chang0926-a-n64-s4,4538,2609,19,"4-5,40,43-47,112-115,117-120,132-133,168,171-175,240-243,245-248",25
2026-09-29T10:51:54Z,1790679114.1,p1-E-k16,16,proc,,,,,,,,,,,,,,2308,chang0926-a-n64-s5,4538,2589,18,"4-5,40,43-47,112-115,117-120,132-133,168,171-175,240-243,245-248",25
2026-09-29T10:51:54Z,1790679114.1,p1-E-k16,16,proc,,,,,,,,,,,,,,2759,chang0926-a-n64-s6,4538,2586,19,"4-5,40,43-47,112-115,117-120,132-133,168,171-175,240-243,245-248",25
2026-09-29T10:51:54Z,1790679114.1,p1-E-k16,16,proc,,,,,,,,,,,,,,3275,chang0926-a-n64-s7,4538,2577,18,"4-5,40,43-47,112-115,117-120,132-133,168,171-175,240-243,245-248",25
2026-09-29T10:51:54Z,1790679114.1,p1-E-k16,16,proc,,,,,,,,,,,,,,3896,chang0926-a-n64-s8,4538,2590,18,"4-5,40,43-47,112-115,117-120,132-133,168,171-175,240-243,245-248",25
2026-09-29T10:51:54Z,1790679114.1,p1-E-k16,16,proc,,,,,,,,,,,,,,4303,chang0926-b-n64-s1,4538,2561,17,"4-5,40,43-47,112-115,117-120,132-133,168,171-175,240-243,245-248",25
2026-09-29T10:51:54Z,1790679114.1,p1-E-k16,16,proc,,,,,,,,,,,,,,4932,chang0926-b-n64-s2,4538,2547,17,"4-5,40,43-47,112-115,117-120,132-133,168,171-175,240-243,245-248",25
2026-09-29T10:51:54Z,1790679114.1,p1-E-k16,16,proc,,,,,,,,,,,,,,5357,chang0926-b-n64-s3,4538,2573,17,"4-5,40,43-47,112-115,117-120,132-133,168,171-175,240-243,245-248",25
2026-09-29T10:51:54Z,1790679114.1,p1-E-k16,16,proc,,,,,,,,,,,,,,5862,chang0926-b-n64-s4,4538,2580,17,"4-5,40,43-47,112-115,117-120,132-133,168,171-175,240-243,245-248",25
2026-09-29T10:51:54Z,1790679114.1,p1-E-k16,16,proc,,,,,,,,,,,,,,6318,chang0926-b-n64-s5,4538,2566,17,"4-5,40,43-47,112-115,117-120,132-133,168,171-175,240-243,245-248",25
2026-09-29T10:51:54Z,1790679114.1,p1-E-k16,16,proc,,,,,,,,,,,,,,6801,chang0926-b-n64-s6,4538,2582,16,"4-5,40,43-47,112-115,117-120,132-133,168,171-175,240-243,245-248",25
2026-09-29T10:51:54Z,1790679114.1,p1-E-k16,16,proc,,,,,,,,,,,,,,7394,chang0926-b-n64-s7,4538,2533,16,"4-5,40,43-47,112-115,117-120,132-133,168,171-175,240-243,245-248",25
2026-09-29T10:51:54Z,1790679114.1,p1-E-k16,16,proc,,,,,,,,,,,,,,7826,chang0926-b-n64-s8,4538,2597,16,"4-5,40,43-47,112-115,117-120,132-133,168,171-175,240-243,245-248",25
2026-09-29T10:52:54Z,1790679174.4,p1-E-k16,16,gpu,NVIDIA A100-SXM4-80GB,81920,72709,100,1410,204.56,40,28174261367,30489595904,137438953472,16,16,19,,,,,,,
2026-09-29T10:52:54Z,1790679174.4,p1-E-k16,16,proc,,,,,,,,,,,,,,631,chang0926-a-n64-s1,4538,2567,19,"4-5,40,43-47,112-115,117-120,132-133,168,171-175,240-243,245-248",25
2026-09-29T10:52:54Z,1790679174.4,p1-E-k16,16,proc,,,,,,,,,,,,,,874,chang0926-a-n64-s2,4538,2578,19,"4-5,40,43-47,112-115,117-120,132-133,168,171-175,240-243,245-248",25
2026-09-29T10:52:54Z,1790679174.4,p1-E-k16,16,proc,,,,,,,,,,,,,,1113,chang0926-a-n64-s3,4538,2613,19,"4-5,40,43-47,112-115,117-120,132-133,168,171-175,240-243,245-248",25
2026-09-29T10:52:54Z,1790679174.4,p1-E-k16,16,proc,,,,,,,,,,,,,,1848,chang0926-a-n64-s4,4538,2611,19,"4-5,40,43-47,112-115,117-120,132-133,168,171-175,240-243,245-248",25
2026-09-29T10:52:54Z,1790679174.4,p1-E-k16,16,proc,,,,,,,,,,,,,,2308,chang0926-a-n64-s5,4538,2594,19,"4-5,40,43-47,112-115,117-120,132-133,168,171-175,240-243,245-248",25
2026-09-29T10:52:54Z,1790679174.4,p1-E-k16,16,proc,,,,,,,,,,,,,,2759,chang0926-a-n64-s6,4538,2586,19,"4-5,40,43-47,112-115,117-120,132-133,168,171-175,240-243,245-248",25
2026-09-29T10:52:54Z,1790679174.4,p1-E-k16,16,proc,,,,,,,,,,,,,,3275,chang0926-a-n64-s7,4538,2577,18,"4-5,40,43-47,112-115,117-120,132-133,168,171-175,240-243,245-248",25
2026-09-29T10:52:54Z,1790679174.4,p1-E-k16,16,proc,,,,,,,,,,,,,,3896,chang0926-a-n64-s8,4538,2590,18,"4-5,40,43-47,112-115,117-120,132-133,168,171-175,240-243,245-248",25
2026-09-29T10:52:54Z,1790679174.4,p1-E-k16,16,proc,,,,,,,,,,,,,,4303,chang0926-b-n64-s1,4538,2568,18,"4-5,40,43-47,112-115,117-120,132-133,168,171-175,240-243,245-248",25
2026-09-29T10:52:54Z,1790679174.4,p1-E-k16,16,proc,,,,,,,,,,,,,,4932,chang0926-b-n64-s2,4538,2555,18,"4-5,40,43-47,112-115,117-120,132-133,168,171-175,240-243,245-248",25
2026-09-29T10:52:54Z,1790679174.4,p1-E-k16,16,proc,,,,,,,,,,,,,,5357,chang0926-b-n64-s3,4538,2573,17,"4-5,40,43-47,112-115,117-120,132-133,168,171-175,240-243,245-248",25
2026-09-29T10:52:54Z,1790679174.4,p1-E-k16,16,proc,,,,,,,,,,,,,,5862,chang0926-b-n64-s4,4538,2580,17,"4-5,40,43-47,112-115,117-120,132-133,168,171-175,240-243,245-248",25
2026-09-29T10:52:54Z,1790679174.4,p1-E-k16,16,proc,,,,,,,,,,,,,,6318,chang0926-b-n64-s5,4538,2566,17,"4-5,40,43-47,112-115,117-120,132-133,168,171-175,240-243,245-248",25
2026-09-29T10:52:54Z,1790679174.4,p1-E-k16,16,proc,,,,,,,,,,,,,,6801,chang0926-b-n64-s6,4538,2582,16,"4-5,40,43-47,112-115,117-120,132-133,168,171-175,240-243,245-248",25
2026-09-29T10:52:54Z,1790679174.4,p1-E-k16,16,proc,,,,,,,,,,,,,,7394,chang0926-b-n64-s7,4538,2533,16,"4-5,40,43-47,112-115,117-120,132-133,168,171-175,240-243,245-248",25
2026-09-29T10:52:54Z,1790679174.4,p1-E-k16,16,proc,,,,,,,,,,,,,,7826,chang0926-b-n64-s8,4538,2597,16,"4-5,40,43-47,112-115,117-120,132-133,168,171-175,240-243,245-248",25
2026-09-29T10:53:54Z,1790679234.6,p1-E-k16,16,gpu,NVIDIA A100-SXM4-80GB,81920,72709,100,1410,207.16,39,28657980213,30564782080,137438953472,16,16,20,,,,,,,
2026-09-29T10:53:54Z,1790679234.6,p1-E-k16,16,proc,,,,,,,,,,,,,,631,chang0926-a-n64-s1,4538,2582,20,"4-5,40,43-47,112-115,117-120,132-133,168,171-175,240-243,245-248",25
2026-09-29T10:53:54Z,1790679234.6,p1-E-k16,16,proc,,,,,,,,,,,,,,874,chang0926-a-n64-s2,4538,2578,19,"4-5,40,43-47,112-115,117-120,132-133,168,171-175,240-243,245-248",25
2026-09-29T10:53:54Z,1790679234.6,p1-E-k16,16,proc,,,,,,,,,,,,,,1113,chang0926-a-n64-s3,4538,2613,19,"4-5,40,43-47,112-115,117-120,132-133,168,171-175,240-243,245-248",25
2026-09-29T10:53:54Z,1790679234.6,p1-E-k16,16,proc,,,,,,,,,,,,,,1848,chang0926-a-n64-s4,4538,2611,19,"4-5,40,43-47,112-115,117-120,132-133,168,171-175,240-243,245-248",25
2026-09-29T10:53:54Z,1790679234.6,p1-E-k16,16,proc,,,,,,,,,,,,,,2308,chang0926-a-n64-s5,4538,2594,19,"4-5,40,43-47,112-115,117-120,132-133,168,171-175,240-243,245-248",25
2026-09-29T10:53:54Z,1790679234.6,p1-E-k16,16,proc,,,,,,,,,,,,,,2759,chang0926-a-n64-s6,4538,2586,19,"4-5,40,43-47,112-115,117-120,132-133,168,171-175,240-243,245-248",25
2026-09-29T10:53:54Z,1790679234.6,p1-E-k16,16,proc,,,,,,,,,,,,,,3275,chang0926-a-n64-s7,4538,2577,18,"4-5,40,43-47,112-115,117-120,132-133,168,171-175,240-243,245-248",25
2026-09-29T10:53:54Z,1790679234.6,p1-E-k16,16,proc,,,,,,,,,,,,,,3896,chang0926-a-n64-s8,4538,2605,19,"4-5,40,43-47,112-115,117-120,132-133,168,171-175,240-243,245-248",25
2026-09-29T10:53:54Z,1790679234.6,p1-E-k16,16,proc,,,,,,,,,,,,,,4303,chang0926-b-n64-s1,4538,2568,18,"4-5,40,43-47,112-115,117-120,132-133,168,171-175,240-243,245-248",25
2026-09-29T10:53:54Z,1790679234.6,p1-E-k16,16,proc,,,,,,,,,,,,,,4932,chang0926-b-n64-s2,4538,2555,18,"4-5,40,43-47,112-115,117-120,132-133,168,171-175,240-243,245-248",25
2026-09-29T10:53:54Z,1790679234.6,p1-E-k16,16,proc,,,,,,,,,,,,,,5357,chang0926-b-n64-s3,4538,2573,17,"4-5,40,43-47,112-115,117-120,132-133,168,171-175,240-243,245-248",25
2026-09-29T10:53:54Z,1790679234.6,p1-E-k16,16,proc,,,,,,,,,,,,,,5862,chang0926-b-n64-s4,4538,2594,18,"4-5,40,43-47,112-115,117-120,132-133,168,171-175,240-243,245-248",25
2026-09-29T10:53:54Z,1790679234.6,p1-E-k16,16,proc,,,,,,,,,,,,,,6318,chang0926-b-n64-s5,4538,2566,17,"4-5,40,43-47,112-115,117-120,132-133,168,171-175,240-243,245-248",25
2026-09-29T10:53:54Z,1790679234.6,p1-E-k16,16,proc,,,,,,,,,,,,,,6801,chang0926-b-n64-s6,4538,2590,17,"4-5,40,43-47,112-115,117-120,132-133,168,171-175,240-243,245-248",25
2026-09-29T10:53:54Z,1790679234.6,p1-E-k16,16,proc,,,,,,,,,,,,,,7394,chang0926-b-n64-s7,4538,2533,16,"4-5,40,43-47,112-115,117-120,132-133,168,171-175,240-243,245-248",25
2026-09-29T10:53:54Z,1790679234.6,p1-E-k16,16,proc,,,,,,,,,,,,,,7826,chang0926-b-n64-s8,4538,2615,17,"4-5,40,43-47,112-115,117-120,132-133,168,171-175,240-243,245-248",25
2026-09-29T10:54:54Z,1790679294.8,p1-E-k16,16,gpu,NVIDIA A100-SXM4-80GB,81920,72709,100,1410,202.20,38,29141647652,30593662976,137438953472,16,17,20,,,,,,,
2026-09-29T10:54:54Z,1790679294.8,p1-E-k16,16,proc,,,,,,,,,,,,,,631,chang0926-a-n64-s1,4538,2582,20,"4-5,40,43-47,112-115,117-120,132-133,168,171-175,240-243,245-248",25
2026-09-29T10:54:54Z,1790679294.8,p1-E-k16,16,proc,,,,,,,,,,,,,,874,chang0926-a-n64-s2,4538,2578,19,"4-5,40,43-47,112-115,117-120,132-133,168,171-175,240-243,245-248",25
2026-09-29T10:54:54Z,1790679294.8,p1-E-k16,16,proc,,,,,,,,,,,,,,1113,chang0926-a-n64-s3,4538,2613,19,"4-5,40,43-47,112-115,117-120,132-133,168,171-175,240-243,245-248",25
2026-09-29T10:54:54Z,1790679294.8,p1-E-k16,16,proc,,,,,,,,,,,,,,1848,chang0926-a-n64-s4,4538,2611,19,"4-5,40,43-47,112-115,117-120,132-133,168,171-175,240-243,245-248",25
2026-09-29T10:54:54Z,1790679294.8,p1-E-k16,16,proc,,,,,,,,,,,,,,2308,chang0926-a-n64-s5,4538,2594,19,"4-5,40,43-47,112-115,117-120,132-133,168,171-175,240-243,245-248",25
2026-09-29T10:54:54Z,1790679294.8,p1-E-k16,16,proc,,,,,,,,,,,,,,2759,chang0926-a-n64-s6,4538,2586,19,"4-5,40,43-47,112-115,117-120,132-133,168,171-175,240-243,245-248",25
2026-09-29T10:54:54Z,1790679294.8,p1-E-k16,16,proc,,,,,,,,,,,,,,3275,chang0926-a-n64-s7,4538,2577,19,"4-5,40,43-47,112-115,117-120,132-133,168,171-175,240-243,245-248",25
2026-09-29T10:54:54Z,1790679294.8,p1-E-k16,16,proc,,,,,,,,,,,,,,3896,chang0926-a-n64-s8,4538,2605,19,"4-5,40,43-47,112-115,117-120,132-133,168,171-175,240-243,245-248",25
2026-09-29T10:54:54Z,1790679294.8,p1-E-k16,16,proc,,,,,,,,,,,,,,4303,chang0926-b-n64-s1,4538,2568,18,"4-5,40,43-47,112-115,117-120,132-133,168,171-175,240-243,245-248",25
2026-09-29T10:54:54Z,1790679294.8,p1-E-k16,16,proc,,,,,,,,,,,,,,4932,chang0926-b-n64-s2,4538,2571,19,"4-5,40,43-47,112-115,117-120,132-133,168,171-175,240-243,245-248",25
2026-09-29T10:54:54Z,1790679294.8,p1-E-k16,16,proc,,,,,,,,,,,,,,5357,chang0926-b-n64-s3,4538,2573,18,"4-5,40,43-47,112-115,117-120,132-133,168,171-175,240-243,245-248",25
2026-09-29T10:54:54Z,1790679294.8,p1-E-k16,16,proc,,,,,,,,,,,,,,5862,chang0926-b-n64-s4,4538,2594,18,"4-5,40,43-47,112-115,117-120,132-133,168,171-175,240-243,245-248",25
2026-09-29T10:54:54Z,1790679294.8,p1-E-k16,16,proc,,,,,,,,,,,,,,6318,chang0926-b-n64-s5,4538,2573,18,"4-5,40,43-47,112-115,117-120,132-133,168,171-175,240-243,245-248",25
2026-09-29T10:54:54Z,1790679294.8,p1-E-k16,16,proc,,,,,,,,,,,,,,6801,chang0926-b-n64-s6,4538,2590,17,"4-5,40,43-47,112-115,117-120,132-133,168,171-175,240-243,245-248",25
2026-09-29T10:54:54Z,1790679294.8,p1-E-k16,16,proc,,,,,,,,,,,,,,7394,chang0926-b-n64-s7,4538,2535,17,"4-5,40,43-47,112-115,117-120,132-133,168,171-175,240-243,245-248",25
2026-09-29T10:54:54Z,1790679294.8,p1-E-k16,16,proc,,,,,,,,,,,,,,7826,chang0926-b-n64-s8,4538,2615,17,"4-5,40,43-47,112-115,117-120,132-133,168,171-175,240-243,245-248",25
2026-09-29T10:55:55Z,1790679355.0,p1-E-k16,16,gpu,NVIDIA A100-SXM4-80GB,81920,72709,100,1410,202.73,38,29624428237,30676455424,137438953472,16,17,21,,,,,,,
2026-09-29T10:55:55Z,1790679355.0,p1-E-k16,16,proc,,,,,,,,,,,,,,631,chang0926-a-n64-s1,4538,2598,21,"4-5,40,43-47,112-115,117-120,132-133,168,171-175,240-243,245-248",25
2026-09-29T10:55:55Z,1790679355.0,p1-E-k16,16,proc,,,,,,,,,,,,,,874,chang0926-a-n64-s2,4538,2578,19,"4-5,40,43-47,112-115,117-120,132-133,168,171-175,240-243,245-248",25
2026-09-29T10:55:55Z,1790679355.0,p1-E-k16,16,proc,,,,,,,,,,,,,,1113,chang0926-a-n64-s3,4538,2630,20,"4-5,40,43-47,112-115,117-120,132-133,168,171-175,240-243,245-248",25
2026-09-29T10:55:55Z,1790679355.0,p1-E-k16,16,proc,,,,,,,,,,,,,,1848,chang0926-a-n64-s4,4538,2615,19,"4-5,40,43-47,112-115,117-120,132-133,168,171-175,240-243,245-248",25
2026-09-29T10:55:55Z,1790679355.0,p1-E-k16,16,proc,,,,,,,,,,,,,,2308,chang0926-a-n64-s5,4538,2594,19,"4-5,40,43-47,112-115,117-120,132-133,168,171-175,240-243,245-248",25
2026-09-29T10:55:55Z,1790679355.0,p1-E-k16,16,proc,,,,,,,,,,,,,,2759,chang0926-a-n64-s6,4538,2586,19,"4-5,40,43-47,112-115,117-120,132-133,168,171-175,240-243,245-248",25
2026-09-29T10:55:55Z,1790679355.0,p1-E-k16,16,proc,,,,,,,,,,,,,,3275,chang0926-a-n64-s7,4538,2577,19,"4-5,40,43-47,112-115,117-120,132-133,168,171-175,240-243,245-248",25
2026-09-29T10:55:55Z,1790679355.0,p1-E-k16,16,proc,,,,,,,,,,,,,,3896,chang0926-a-n64-s8,4538,2605,19,"4-5,40,43-47,112-115,117-120,132-133,168,171-175,240-243,245-248",25
2026-09-29T10:55:55Z,1790679355.0,p1-E-k16,16,proc,,,,,,,,,,,,,,4303,chang0926-b-n64-s1,4538,2582,19,"4-5,40,43-47,112-115,117-120,132-133,168,171-175,240-243,245-248",25
2026-09-29T10:55:55Z,1790679355.0,p1-E-k16,16,proc,,,,,,,,,,,,,,4932,chang0926-b-n64-s2,4538,2571,19,"4-5,40,43-47,112-115,117-120,132-133,168,171-175,240-243,245-248",25
2026-09-29T10:55:55Z,1790679355.0,p1-E-k16,16,proc,,,,,,,,,,,,,,5357,chang0926-b-n64-s3,4538,2573,18,"4-5,40,43-47,112-115,117-120,132-133,168,171-175,240-243,245-248",25
2026-09-29T10:55:55Z,1790679355.0,p1-E-k16,16,proc,,,,,,,,,,,,,,5862,chang0926-b-n64-s4,4538,2598,18,"4-5,40,43-47,112-115,117-120,132-133,168,171-175,240-243,245-248",25
2026-09-29T10:55:55Z,1790679355.0,p1-E-k16,16,proc,,,,,,,,,,,,,,6318,chang0926-b-n64-s5,4538,2573,18,"4-5,40,43-47,112-115,117-120,132-133,168,171-175,240-243,245-248",25
2026-09-29T10:55:55Z,1790679355.0,p1-E-k16,16,proc,,,,,,,,,,,,,,6801,chang0926-b-n64-s6,4538,2607,18,"4-5,40,43-47,112-115,117-120,132-133,168,171-175,240-243,245-248",25
2026-09-29T10:55:55Z,1790679355.0,p1-E-k16,16,proc,,,,,,,,,,,,,,7394,chang0926-b-n64-s7,4538,2535,17,"4-5,40,43-47,112-115,117-120,132-133,168,171-175,240-243,245-248",25
2026-09-29T10:55:55Z,1790679355.0,p1-E-k16,16,proc,,,,,,,,,,,,,,7826,chang0926-b-n64-s8,4538,2615,17,"4-5,40,43-47,112-115,117-120,132-133,168,171-175,240-243,245-248",25
2026-09-29T10:56:55Z,1790679415.2,p1-E-k16,16,gpu,NVIDIA A100-SXM4-80GB,81920,68166,100,1410,209.66,38,30105287905,29250990080,137438953472,15,18,20,,,,,,,
2026-09-29T10:56:55Z,1790679415.2,p1-E-k16,16,proc,,,,,,,,,,,,,,874,chang0926-a-n64-s2,4538,2584,20,"4-5,40,43-47,112-115,117-120,132-133,168,171-175,240-243,245-248",25
2026-09-29T10:56:55Z,1790679415.2,p1-E-k16,16,proc,,,,,,,,,,,,,,1113,chang0926-a-n64-s3,4538,2630,20,"4-5,40,43-47,112-115,117-120,132-133,168,171-175,240-243,245-248",25
2026-09-29T10:56:55Z,1790679415.2,p1-E-k16,16,proc,,,,,,,,,,,,,,1848,chang0926-a-n64-s4,4538,2615,20,"4-5,40,43-47,112-115,117-120,132-133,168,171-175,240-243,245-248",25
2026-09-29T10:56:55Z,1790679415.2,p1-E-k16,16,proc,,,,,,,,,,,,,,2308,chang0926-a-n64-s5,4538,2594,19,"4-5,40,43-47,112-115,117-120,132-133,168,171-175,240-243,245-248",25
2026-09-29T10:56:55Z,1790679415.2,p1-E-k16,16,proc,,,,,,,,,,,,,,2759,chang0926-a-n64-s6,4538,2600,20,"4-5,40,43-47,112-115,117-120,132-133,168,171-175,240-243,245-248",25
2026-09-29T10:56:55Z,1790679415.2,p1-E-k16,16,proc,,,,,,,,,,,,,,3275,chang0926-a-n64-s7,4538,2577,19,"4-5,40,43-47,112-115,117-120,132-133,168,171-175,240-243,245-248",25
2026-09-29T10:56:55Z,1790679415.2,p1-E-k16,16,proc,,,,,,,,,,,,,,3896,chang0926-a-n64-s8,4538,2605,19,"4-5,40,43-47,112-115,117-120,132-133,168,171-175,240-243,245-248",25
2026-09-29T10:56:55Z,1790679415.2,p1-E-k16,16,proc,,,,,,,,,,,,,,4303,chang0926-b-n64-s1,4538,2582,19,"4-5,40,43-47,112-115,117-120,132-133,168,171-175,240-243,245-248",25
2026-09-29T10:56:55Z,1790679415.2,p1-E-k16,16,proc,,,,,,,,,,,,,,4932,chang0926-b-n64-s2,4538,2571,19,"4-5,40,43-47,112-115,117-120,132-133,168,171-175,240-243,245-248",25
2026-09-29T10:56:55Z,1790679415.2,p1-E-k16,16,proc,,,,,,,,,,,,,,5357,chang0926-b-n64-s3,4538,2582,19,"4-5,40,43-47,112-115,117-120,132-133,168,171-175,240-243,245-248",25
2026-09-29T10:56:55Z,1790679415.2,p1-E-k16,16,proc,,,,,,,,,,,,,,5862,chang0926-b-n64-s4,4538,2599,19,"4-5,40,43-47,112-115,117-120,132-133,168,171-175,240-243,245-248",25
2026-09-29T10:56:55Z,1790679415.2,p1-E-k16,16,proc,,,,,,,,,,,,,,6318,chang0926-b-n64-s5,4538,2584,19,"4-5,40,43-47,112-115,117-120,132-133,168,171-175,240-243,245-248",25
2026-09-29T10:56:55Z,1790679415.2,p1-E-k16,16,proc,,,,,,,,,,,,,,6801,chang0926-b-n64-s6,4538,2607,18,"4-5,40,43-47,112-115,117-120,132-133,168,171-175,240-243,245-248",25
2026-09-29T10:56:55Z,1790679415.2,p1-E-k16,16,proc,,,,,,,,,,,,,,7394,chang0926-b-n64-s7,4538,2551,18,"4-5,40,43-47,112-115,117-120,132-133,168,171-175,240-243,245-248",25
2026-09-29T10:56:55Z,1790679415.2,p1-E-k16,16,proc,,,,,,,,,,,,,,7826,chang0926-b-n64-s8,4538,2633,18,"4-5,40,43-47,112-115,117-120,132-133,168,171-175,240-243,245-248",25
2026-09-29T10:57:55Z,1790679475.6,p1-E-k16,16,gpu,NVIDIA A100-SXM4-80GB,81920,68166,100,1410,213.41,38,30559762524,29313933312,137438953472,15,18,21,,,,,,,
2026-09-29T10:57:55Z,1790679475.6,p1-E-k16,16,proc,,,,,,,,,,,,,,874,chang0926-a-n64-s2,4538,2584,20,"4-5,40,43-47,112-115,117-120,132-133,168,171-175,240-243,245-248",25
2026-09-29T10:57:55Z,1790679475.6,p1-E-k16,16,proc,,,,,,,,,,,,,,1113,chang0926-a-n64-s3,4538,2631,21,"4-5,40,43-47,112-115,117-120,132-133,168,171-175,240-243,245-248",25
2026-09-29T10:57:55Z,1790679475.6,p1-E-k16,16,proc,,,,,,,,,,,,,,1848,chang0926-a-n64-s4,4538,2661,20,"4-5,40,43-47,112-115,117-120,132-133,168,171-175,240-243,245-248",61
2026-09-29T10:57:55Z,1790679475.6,p1-E-k16,16,proc,,,,,,,,,,,,,,2308,chang0926-a-n64-s5,4538,2594,19,"4-5,40,43-47,112-115,117-120,132-133,168,171-175,240-243,245-248",25
2026-09-29T10:57:55Z,1790679475.6,p1-E-k16,16,proc,,,,,,,,,,,,,,2759,chang0926-a-n64-s6,4538,2600,20,"4-5,40,43-47,112-115,117-120,132-133,168,171-175,240-243,245-248",25
2026-09-29T10:57:55Z,1790679475.6,p1-E-k16,16,proc,,,,,,,,,,,,,,3275,chang0926-a-n64-s7,4538,2577,19,"4-5,40,43-47,112-115,117-120,132-133,168,171-175,240-243,245-248",25
2026-09-29T10:57:55Z,1790679475.6,p1-E-k16,16,proc,,,,,,,,,,,,,,3896,chang0926-a-n64-s8,4538,2606,19,"4-5,40,43-47,112-115,117-120,132-133,168,171-175,240-243,245-248",25
2026-09-29T10:57:55Z,1790679475.6,p1-E-k16,16,proc,,,,,,,,,,,,,,4303,chang0926-b-n64-s1,4538,2582,19,"4-5,40,43-47,112-115,117-120,132-133,168,171-175,240-243,245-248",25
2026-09-29T10:57:55Z,1790679475.6,p1-E-k16,16,proc,,,,,,,,,,,,,,4932,chang0926-b-n64-s2,4538,2571,19,"4-5,40,43-47,112-115,117-120,132-133,168,171-175,240-243,245-248",25
2026-09-29T10:57:55Z,1790679475.6,p1-E-k16,16,proc,,,,,,,,,,,,,,5357,chang0926-b-n64-s3,4538,2582,19,"4-5,40,43-47,112-115,117-120,132-133,168,171-175,240-243,245-248",25
2026-09-29T10:57:55Z,1790679475.6,p1-E-k16,16,proc,,,,,,,,,,,,,,5862,chang0926-b-n64-s4,4538,2599,19,"4-5,40,43-47,112-115,117-120,132-133,168,171-175,240-243,245-248",25
2026-09-29T10:57:55Z,1790679475.6,p1-E-k16,16,proc,,,,,,,,,,,,,,6318,chang0926-b-n64-s5,4538,2584,19,"4-5,40,43-47,112-115,117-120,132-133,168,171-175,240-243,245-248",25
2026-09-29T10:57:55Z,1790679475.6,p1-E-k16,16,proc,,,,,,,,,,,,,,6801,chang0926-b-n64-s6,4538,2610,19,"4-5,40,43-47,112-115,117-120,132-133,168,171-175,240-243,245-248",25
2026-09-29T10:57:55Z,1790679475.6,p1-E-k16,16,proc,,,,,,,,,,,,,,7394,chang0926-b-n64-s7,4538,2551,18,"4-5,40,43-47,112-115,117-120,132-133,168,171-175,240-243,245-248",25
2026-09-29T10:57:55Z,1790679475.6,p1-E-k16,16,proc,,,,,,,,,,,,,,7826,chang0926-b-n64-s8,4538,2633,18,"4-5,40,43-47,112-115,117-120,132-133,168,171-175,240-243,245-248",25
2026-09-29T10:58:55Z,1790679535.7,p1-E-k16,16,gpu,NVIDIA A100-SXM4-80GB,81920,49990,100,1410,201.09,38,31028689297,23229075456,137438953472,11,19,20,,,,,,,
2026-09-29T10:58:55Z,1790679535.7,p1-E-k16,16,proc,,,,,,,,,,,,,,2308,chang0926-a-n64-s5,4538,2599,20,"4-5,40,43-47,112-115,117-120,132-133,168,171-175,240-243,245-248",25
2026-09-29T10:58:55Z,1790679535.7,p1-E-k16,16,proc,,,,,,,,,,,,,,3275,chang0926-a-n64-s7,4538,2577,19,"4-5,40,43-47,112-115,117-120,132-133,168,171-175,240-243,245-248",25
2026-09-29T10:58:55Z,1790679535.7,p1-E-k16,16,proc,,,,,,,,,,,,,,3896,chang0926-a-n64-s8,4538,2617,20,"4-5,40,43-47,112-115,117-120,132-133,168,171-175,240-243,245-248",25
2026-09-29T10:58:55Z,1790679535.7,p1-E-k16,16,proc,,,,,,,,,,,,,,4303,chang0926-b-n64-s1,4538,2582,19,"4-5,40,43-47,112-115,117-120,132-133,168,171-175,240-243,245-248",25
2026-09-29T10:58:55Z,1790679535.7,p1-E-k16,16,proc,,,,,,,,,,,,,,4932,chang0926-b-n64-s2,4538,2571,19,"4-5,40,43-47,112-115,117-120,132-133,168,171-175,240-243,245-248",25
2026-09-29T10:58:55Z,1790679535.7,p1-E-k16,16,proc,,,,,,,,,,,,,,5357,chang0926-b-n64-s3,4538,2582,19,"4-5,40,43-47,112-115,117-120,132-133,168,171-175,240-243,245-248",25
2026-09-29T10:58:55Z,1790679535.7,p1-E-k16,16,proc,,,,,,,,,,,,,,5862,chang0926-b-n64-s4,4538,2599,19,"4-5,40,43-47,112-115,117-120,132-133,168,171-175,240-243,245-248",25
2026-09-29T10:58:55Z,1790679535.7,p1-E-k16,16,proc,,,,,,,,,,,,,,6318,chang0926-b-n64-s5,4538,2584,19,"4-5,40,43-47,112-115,117-120,132-133,168,171-175,240-243,245-248",25
2026-09-29T10:58:55Z,1790679535.7,p1-E-k16,16,proc,,,,,,,,,,,,,,6801,chang0926-b-n64-s6,4538,2610,19,"4-5,40,43-47,112-115,117-120,132-133,168,171-175,240-243,245-248",25
2026-09-29T10:58:55Z,1790679535.7,p1-E-k16,16,proc,,,,,,,,,,,,,,7394,chang0926-b-n64-s7,4538,2556,19,"4-5,40,43-47,112-115,117-120,132-133,168,171-175,240-243,245-248",25
2026-09-29T10:58:55Z,1790679535.7,p1-E-k16,16,proc,,,,,,,,,,,,,,7826,chang0926-b-n64-s8,4538,2649,19,"4-5,40,43-47,112-115,117-120,132-133,168,171-175,240-243,245-248",25
2026-09-29T10:59:55Z,1790679595.9,p1-E-k16,16,gpu,NVIDIA A100-SXM4-80GB,81920,40903,100,1410,211.79,38,31421684426,20268298240,137438953472,9,19,20,,,,,,,
2026-09-29T10:59:55Z,1790679595.9,p1-E-k16,16,proc,,,,,,,,,,,,,,3275,chang0926-a-n64-s7,4538,2586,20,"4-5,40,43-47,112-115,117-120,132-133,168,171-175,240-243,245-248",25
2026-09-29T10:59:55Z,1790679595.9,p1-E-k16,16,proc,,,,,,,,,,,,,,4303,chang0926-b-n64-s1,4538,2585,20,"4-5,40,43-47,112-115,117-120,132-133,168,171-175,240-243,245-248",25
2026-09-29T10:59:55Z,1790679595.9,p1-E-k16,16,proc,,,,,,,,,,,,,,4932,chang0926-b-n64-s2,4538,2574,20,"4-5,40,43-47,112-115,117-120,132-133,168,171-175,240-243,245-248",25
2026-09-29T10:59:55Z,1790679595.9,p1-E-k16,16,proc,,,,,,,,,,,,,,5357,chang0926-b-n64-s3,4538,2582,19,"4-5,40,43-47,112-115,117-120,132-133,168,171-175,240-243,245-248",25
2026-09-29T10:59:55Z,1790679595.9,p1-E-k16,16,proc,,,,,,,,,,,,,,5862,chang0926-b-n64-s4,4538,2650,19,"4-5,40,43-47,112-115,117-120,132-133,168,171-175,240-243,245-248",61
2026-09-29T10:59:55Z,1790679595.9,p1-E-k16,16,proc,,,,,,,,,,,,,,6318,chang0926-b-n64-s5,4538,2584,19,"4-5,40,43-47,112-115,117-120,132-133,168,171-175,240-243,245-248",25
2026-09-29T10:59:55Z,1790679595.9,p1-E-k16,16,proc,,,,,,,,,,,,,,6801,chang0926-b-n64-s6,4538,2610,19,"4-5,40,43-47,112-115,117-120,132-133,168,171-175,240-243,245-248",25
2026-09-29T10:59:55Z,1790679595.9,p1-E-k16,16,proc,,,,,,,,,,,,,,7394,chang0926-b-n64-s7,4538,2556,19,"4-5,40,43-47,112-115,117-120,132-133,168,171-175,240-243,245-248",25
2026-09-29T10:59:55Z,1790679595.9,p1-E-k16,16,proc,,,,,,,,,,,,,,7826,chang0926-b-n64-s8,4538,2649,19,"4-5,40,43-47,112-115,117-120,132-133,168,171-175,240-243,245-248",25
2026-09-29T11:00:56Z,1790679656.1,p1-E-k16,16,gpu,NVIDIA A100-SXM4-80GB,81920,27271,100,1410,214.49,37,31741008746,16394113024,137438953472,6,19,21,,,,,,,
2026-09-29T11:00:56Z,1790679656.1,p1-E-k16,16,proc,,,,,,,,,,,,,,5357,chang0926-b-n64-s3,4538,2819,21,"4-5,40,43-47,112-115,117-120,132-133,168,171-175,240-243,245-248",61
2026-09-29T11:00:56Z,1790679656.1,p1-E-k16,16,proc,,,,,,,,,,,,,,5862,chang0926-b-n64-s4,4538,,21,"4-5,40,43-47,112-115,117-120,132-133,168,171-175,240-243,245-248",2
2026-09-29T11:00:56Z,1790679656.1,p1-E-k16,16,proc,,,,,,,,,,,,,,6318,chang0926-b-n64-s5,4538,2887,21,"4-5,40,43-47,112-115,117-120,132-133,168,171-175,240-243,245-248",61
2026-09-29T11:00:56Z,1790679656.1,p1-E-k16,16,proc,,,,,,,,,,,,,,6801,chang0926-b-n64-s6,4538,2623,20,"4-5,40,43-47,112-115,117-120,132-133,168,171-175,240-243,245-248",25
2026-09-29T11:00:56Z,1790679656.1,p1-E-k16,16,proc,,,,,,,,,,,,,,7394,chang0926-b-n64-s7,4538,2556,19,"4-5,40,43-47,112-115,117-120,132-133,168,171-175,240-243,245-248",25
2026-09-29T11:00:56Z,1790679656.1,p1-E-k16,16,proc,,,,,,,,,,,,,,7826,chang0926-b-n64-s8,4538,2649,19,"4-5,40,43-47,112-115,117-120,132-133,168,171-175,240-243,245-248",25
2026-09-29T11:01:56Z,1790679716.2,p2-A07-k8,8,gpu,NVIDIA A100-SXM4-80GB,81920,430,0,1275,94.31,29,31853327399,7187255296,137438953472,1,0,0,,,,,,,
2026-09-29T11:01:56Z,1790679716.2,p2-A07-k8,8,proc,,,,,,,,,,,,,,36134,chang0926-c-n64-s1,420,1609,0,"4-5,40,43-47,112-115,117-120",27
2026-09-29T11:02:56Z,1790679776.3,p2-A07-k8,8,gpu,NVIDIA A100-SXM4-80GB,81920,9381,96,1410,164.25,34,32046825474,11047616512,137438953472,5,0,0,,,,,,,
2026-09-29T11:02:56Z,1790679776.3,p2-A07-k8,8,proc,,,,,,,,,,,,,,36134,chang0926-c-n64-s1,2488,2132,0,"4-5,40,43-47,112-115,117-120",24
2026-09-29T11:02:56Z,1790679776.3,p2-A07-k8,8,proc,,,,,,,,,,,,,,36315,chang0926-c-n64-s2,2488,2136,0,"4-5,40,43-47,112-115,117-120",24
2026-09-29T11:02:56Z,1790679776.3,p2-A07-k8,8,proc,,,,,,,,,,,,,,36580,chang0926-c-n64-s3,2488,2147,0,"4-5,40,43-47,112-115,117-120",24
2026-09-29T11:02:56Z,1790679776.3,p2-A07-k8,8,proc,,,,,,,,,,,,,,36969,chang0926-c-n64-s4,1464,1853,0,"4-5,40,43-47,112-115,117-120",43
2026-09-29T11:02:56Z,1790679776.3,p2-A07-k8,8,proc,,,,,,,,,,,,,,37382,chang0926-c-n64-s5,420,1555,0,"4-5,40,43-47,112-115,117-120",11
2026-09-29T11:03:56Z,1790679836.4,p2-A07-k8,8,gpu,NVIDIA A100-SXM4-80GB,81920,24055,100,1410,195.46,38,32401430434,14898053120,137438953472,8,0,0,,,,,,,
2026-09-29T11:03:56Z,1790679836.4,p2-A07-k8,8,proc,,,,,,,,,,,,,,36134,chang0926-c-n64-s1,8634,2293,0,"4-5,40,43-47,112-115,117-120",25
2026-09-29T11:03:56Z,1790679836.4,p2-A07-k8,8,proc,,,,,,,,,,,,,,36315,chang0926-c-n64-s2,2488,2136,0,"4-5,40,43-47,112-115,117-120",24
2026-09-29T11:03:56Z,1790679836.4,p2-A07-k8,8,proc,,,,,,,,,,,,,,36580,chang0926-c-n64-s3,2488,2147,0,"4-5,40,43-47,112-115,117-120",24
2026-09-29T11:03:56Z,1790679836.4,p2-A07-k8,8,proc,,,,,,,,,,,,,,36969,chang0926-c-n64-s4,2488,2179,0,"4-5,40,43-47,112-115,117-120",24
2026-09-29T11:03:56Z,1790679836.4,p2-A07-k8,8,proc,,,,,,,,,,,,,,37382,chang0926-c-n64-s5,2488,2166,0,"4-5,40,43-47,112-115,117-120",24
2026-09-29T11:03:56Z,1790679836.4,p2-A07-k8,8,proc,,,,,,,,,,,,,,37813,chang0926-c-n64-s6,2488,2140,0,"4-5,40,43-47,112-115,117-120",24
2026-09-29T11:03:56Z,1790679836.4,p2-A07-k8,8,proc,,,,,,,,,,,,,,38157,chang0926-c-n64-s7,1464,2130,0,"4-5,40,43-47,112-115,117-120",23
2026-09-29T11:03:56Z,1790679836.4,p2-A07-k8,8,proc,,,,,,,,,,,,,,38554,chang0926-c-n64-s8,1464,1789,0,"4-5,40,43-47,112-115,117-120",43
2026-09-29T11:04:56Z,1790679896.5,p2-A07-k8,8,gpu,NVIDIA A100-SXM4-80GB,81920,44541,100,1410,222.52,39,32709158106,15708180480,137438953472,8,0,0,,,,,,,
2026-09-29T11:04:56Z,1790679896.5,p2-A07-k8,8,proc,,,,,,,,,,,,,,36134,chang0926-c-n64-s1,8634,2293,0,"4-5,40,43-47,112-115,117-120",25
2026-09-29T11:04:56Z,1790679896.5,p2-A07-k8,8,proc,,,,,,,,,,,,,,36315,chang0926-c-n64-s2,8634,2294,0,"4-5,40,43-47,112-115,117-120",25
2026-09-29T11:04:56Z,1790679896.5,p2-A07-k8,8,proc,,,,,,,,,,,,,,36580,chang0926-c-n64-s3,8634,2296,0,"4-5,40,43-47,112-115,117-120",25
2026-09-29T11:04:56Z,1790679896.5,p2-A07-k8,8,proc,,,,,,,,,,,,,,36969,chang0926-c-n64-s4,8634,2291,0,"4-5,40,43-47,112-115,117-120",25
2026-09-29T11:04:56Z,1790679896.5,p2-A07-k8,8,proc,,,,,,,,,,,,,,37382,chang0926-c-n64-s5,2488,2166,0,"4-5,40,43-47,112-115,117-120",24
2026-09-29T11:04:56Z,1790679896.5,p2-A07-k8,8,proc,,,,,,,,,,,,,,37813,chang0926-c-n64-s6,2488,2140,0,"4-5,40,43-47,112-115,117-120",24
2026-09-29T11:04:56Z,1790679896.5,p2-A07-k8,8,proc,,,,,,,,,,,,,,38157,chang0926-c-n64-s7,2488,2167,0,"4-5,40,43-47,112-115,117-120",24
2026-09-29T11:04:56Z,1790679896.5,p2-A07-k8,8,proc,,,,,,,,,,,,,,38554,chang0926-c-n64-s8,2488,2139,0,"4-5,40,43-47,112-115,117-120",24
2026-09-29T11:05:56Z,1790679956.6,p2-A07-k8,8,gpu,NVIDIA A100-SXM4-80GB,81920,62979,100,1410,238.04,39,32983857917,16089079808,137438953472,8,0,0,,,,,,,
2026-09-29T11:05:56Z,1790679956.6,p2-A07-k8,8,proc,,,,,,,,,,,,,,36134,chang0926-c-n64-s1,8634,2293,0,"4-5,40,43-47,112-115,117-120",25
2026-09-29T11:05:56Z,1790679956.6,p2-A07-k8,8,proc,,,,,,,,,,,,,,36315,chang0926-c-n64-s2,8634,2294,0,"4-5,40,43-47,112-115,117-120",25
2026-09-29T11:05:56Z,1790679956.6,p2-A07-k8,8,proc,,,,,,,,,,,,,,36580,chang0926-c-n64-s3,8634,2296,0,"4-5,40,43-47,112-115,117-120",25
2026-09-29T11:05:56Z,1790679956.6,p2-A07-k8,8,proc,,,,,,,,,,,,,,36969,chang0926-c-n64-s4,8634,2291,0,"4-5,40,43-47,112-115,117-120",25
2026-09-29T11:05:56Z,1790679956.6,p2-A07-k8,8,proc,,,,,,,,,,,,,,37382,chang0926-c-n64-s5,8634,2282,0,"4-5,40,43-47,112-115,117-120",25
2026-09-29T11:05:56Z,1790679956.6,p2-A07-k8,8,proc,,,,,,,,,,,,,,37813,chang0926-c-n64-s6,8634,2287,0,"4-5,40,43-47,112-115,117-120",25
2026-09-29T11:05:56Z,1790679956.6,p2-A07-k8,8,proc,,,,,,,,,,,,,,38157,chang0926-c-n64-s7,8634,2288,0,"4-5,40,43-47,112-115,117-120",25
2026-09-29T11:05:56Z,1790679956.6,p2-A07-k8,8,proc,,,,,,,,,,,,,,38554,chang0926-c-n64-s8,2488,2139,0,"4-5,40,43-47,112-115,117-120",24
2026-09-29T11:06:56Z,1790680016.7,p2-A07-k8,8,gpu,NVIDIA A100-SXM4-80GB,81920,69125,100,1410,240.76,40,33257902401,16407363584,137438953472,8,0,1,,,,,,,
2026-09-29T11:06:56Z,1790680016.7,p2-A07-k8,8,proc,,,,,,,,,,,,,,36134,chang0926-c-n64-s1,8634,2448,1,"4-5,40,43-47,112-115,117-120",25
2026-09-29T11:06:56Z,1790680016.7,p2-A07-k8,8,proc,,,,,,,,,,,,,,36315,chang0926-c-n64-s2,8634,2294,0,"4-5,40,43-47,112-115,117-120",25
2026-09-29T11:06:56Z,1790680016.7,p2-A07-k8,8,proc,,,,,,,,,,,,,,36580,chang0926-c-n64-s3,8634,2296,0,"4-5,40,43-47,112-115,117-120",25
2026-09-29T11:06:56Z,1790680016.7,p2-A07-k8,8,proc,,,,,,,,,,,,,,36969,chang0926-c-n64-s4,8634,2291,0,"4-5,40,43-47,112-115,117-120",25
2026-09-29T11:06:56Z,1790680016.7,p2-A07-k8,8,proc,,,,,,,,,,,,,,37382,chang0926-c-n64-s5,8634,2282,0,"4-5,40,43-47,112-115,117-120",25
2026-09-29T11:06:56Z,1790680016.7,p2-A07-k8,8,proc,,,,,,,,,,,,,,37813,chang0926-c-n64-s6,8634,2287,0,"4-5,40,43-47,112-115,117-120",25
2026-09-29T11:06:56Z,1790680016.7,p2-A07-k8,8,proc,,,,,,,,,,,,,,38157,chang0926-c-n64-s7,8634,2288,0,"4-5,40,43-47,112-115,117-120",25
2026-09-29T11:06:56Z,1790680016.7,p2-A07-k8,8,proc,,,,,,,,,,,,,,38554,chang0926-c-n64-s8,8634,2294,0,"4-5,40,43-47,112-115,117-120",25
2026-09-29T11:07:56Z,1790680076.8,p2-A07-k8,8,gpu,NVIDIA A100-SXM4-80GB,81920,69125,100,1410,231.65,39,33550935811,16601001984,137438953472,8,0,2,,,,,,,
2026-09-29T11:07:56Z,1790680076.8,p2-A07-k8,8,proc,,,,,,,,,,,,,,36134,chang0926-c-n64-s1,8634,2479,2,"4-5,40,43-47,112-115,117-120",25
2026-09-29T11:07:56Z,1790680076.8,p2-A07-k8,8,proc,,,,,,,,,,,,,,36315,chang0926-c-n64-s2,8634,2444,1,"4-5,40,43-47,112-115,117-120",25
2026-09-29T11:07:56Z,1790680076.8,p2-A07-k8,8,proc,,,,,,,,,,,,,,36580,chang0926-c-n64-s3,8634,2298,0,"4-5,40,43-47,112-115,117-120",25
2026-09-29T11:07:56Z,1790680076.8,p2-A07-k8,8,proc,,,,,,,,,,,,,,36969,chang0926-c-n64-s4,8634,2291,0,"4-5,40,43-47,112-115,117-120",25
2026-09-29T11:07:56Z,1790680076.8,p2-A07-k8,8,proc,,,,,,,,,,,,,,37382,chang0926-c-n64-s5,8634,2282,0,"4-5,40,43-47,112-115,117-120",25
2026-09-29T11:07:56Z,1790680076.8,p2-A07-k8,8,proc,,,,,,,,,,,,,,37813,chang0926-c-n64-s6,8634,2287,0,"4-5,40,43-47,112-115,117-120",25
2026-09-29T11:07:56Z,1790680076.8,p2-A07-k8,8,proc,,,,,,,,,,,,,,38157,chang0926-c-n64-s7,8634,2289,0,"4-5,40,43-47,112-115,117-120",25
2026-09-29T11:07:56Z,1790680076.8,p2-A07-k8,8,proc,,,,,,,,,,,,,,38554,chang0926-c-n64-s8,8634,2294,0,"4-5,40,43-47,112-115,117-120",25
2026-09-29T11:08:56Z,1790680136.9,p2-A07-k8,8,gpu,NVIDIA A100-SXM4-80GB,81920,69125,100,1410,222.79,40,33837567669,17207476224,137438953472,8,0,2,,,,,,,
2026-09-29T11:08:56Z,1790680136.9,p2-A07-k8,8,proc,,,,,,,,,,,,,,36134,chang0926-c-n64-s1,8634,2479,2,"4-5,40,43-47,112-115,117-120",25
2026-09-29T11:08:56Z,1790680136.9,p2-A07-k8,8,proc,,,,,,,,,,,,,,36315,chang0926-c-n64-s2,8634,2444,1,"4-5,40,43-47,112-115,117-120",25
2026-09-29T11:08:56Z,1790680136.9,p2-A07-k8,8,proc,,,,,,,,,,,,,,36580,chang0926-c-n64-s3,8634,2451,1,"4-5,40,43-47,112-115,117-120",25
2026-09-29T11:08:56Z,1790680136.9,p2-A07-k8,8,proc,,,,,,,,,,,,,,36969,chang0926-c-n64-s4,8634,2445,1,"4-5,40,43-47,112-115,117-120",25
2026-09-29T11:08:56Z,1790680136.9,p2-A07-k8,8,proc,,,,,,,,,,,,,,37382,chang0926-c-n64-s5,8634,2575,0,"4-5,40,43-47,112-115,117-120",61
2026-09-29T11:08:56Z,1790680136.9,p2-A07-k8,8,proc,,,,,,,,,,,,,,37813,chang0926-c-n64-s6,8634,2287,0,"4-5,40,43-47,112-115,117-120",25
2026-09-29T11:08:56Z,1790680136.9,p2-A07-k8,8,proc,,,,,,,,,,,,,,38157,chang0926-c-n64-s7,8634,2289,0,"4-5,40,43-47,112-115,117-120",25
2026-09-29T11:08:56Z,1790680136.9,p2-A07-k8,8,proc,,,,,,,,,,,,,,38554,chang0926-c-n64-s8,8634,2294,0,"4-5,40,43-47,112-115,117-120",25
2026-09-29T11:09:56Z,1790680197.0,p2-A07-k8,8,gpu,NVIDIA A100-SXM4-80GB,81920,69125,100,1410,228.44,40,34134155624,17643962368,137438953472,8,1,3,,,,,,,
2026-09-29T11:09:56Z,1790680197.0,p2-A07-k8,8,proc,,,,,,,,,,,,,,36134,chang0926-c-n64-s1,8634,2500,3,"4-5,40,43-47,112-115,117-120",25
2026-09-29T11:09:56Z,1790680197.0,p2-A07-k8,8,proc,,,,,,,,,,,,,,36315,chang0926-c-n64-s2,8634,2467,2,"4-5,40,43-47,112-115,117-120",25
2026-09-29T11:09:56Z,1790680197.0,p2-A07-k8,8,proc,,,,,,,,,,,,,,36580,chang0926-c-n64-s3,8634,2482,2,"4-5,40,43-47,112-115,117-120",25
2026-09-29T11:09:56Z,1790680197.0,p2-A07-k8,8,proc,,,,,,,,,,,,,,36969,chang0926-c-n64-s4,8634,2445,1,"4-5,40,43-47,112-115,117-120",25
2026-09-29T11:09:56Z,1790680197.0,p2-A07-k8,8,proc,,,,,,,,,,,,,,37382,chang0926-c-n64-s5,8634,2438,1,"4-5,40,43-47,112-115,117-120",25
2026-09-29T11:09:56Z,1790680197.0,p2-A07-k8,8,proc,,,,,,,,,,,,,,37813,chang0926-c-n64-s6,8634,2438,1,"4-5,40,43-47,112-115,117-120",25
2026-09-29T11:09:56Z,1790680197.0,p2-A07-k8,8,proc,,,,,,,,,,,,,,38157,chang0926-c-n64-s7,8634,2446,1,"4-5,40,43-47,112-115,117-120",25
2026-09-29T11:09:56Z,1790680197.0,p2-A07-k8,8,proc,,,,,,,,,,,,,,38554,chang0926-c-n64-s8,8634,2446,1,"4-5,40,43-47,112-115,117-120",25
2026-09-29T11:10:57Z,1790680257.1,p2-A07-k8,8,gpu,NVIDIA A100-SXM4-80GB,81920,69125,100,1410,243.42,40,34397222501,17676898304,137438953472,8,1,3,,,,,,,
2026-09-29T11:10:57Z,1790680257.1,p2-A07-k8,8,proc,,,,,,,,,,,,,,36134,chang0926-c-n64-s1,8634,2500,3,"4-5,40,43-47,112-115,117-120",25
2026-09-29T11:10:57Z,1790680257.1,p2-A07-k8,8,proc,,,,,,,,,,,,,,36315,chang0926-c-n64-s2,8634,2467,2,"4-5,40,43-47,112-115,117-120",25
2026-09-29T11:10:57Z,1790680257.1,p2-A07-k8,8,proc,,,,,,,,,,,,,,36580,chang0926-c-n64-s3,8634,2482,2,"4-5,40,43-47,112-115,117-120",25
2026-09-29T11:10:57Z,1790680257.1,p2-A07-k8,8,proc,,,,,,,,,,,,,,36969,chang0926-c-n64-s4,8634,2475,2,"4-5,40,43-47,112-115,117-120",25
2026-09-29T11:10:57Z,1790680257.1,p2-A07-k8,8,proc,,,,,,,,,,,,,,37382,chang0926-c-n64-s5,8634,2438,1,"4-5,40,43-47,112-115,117-120",25
2026-09-29T11:10:57Z,1790680257.1,p2-A07-k8,8,proc,,,,,,,,,,,,,,37813,chang0926-c-n64-s6,8634,2438,1,"4-5,40,43-47,112-115,117-120",25
2026-09-29T11:10:57Z,1790680257.1,p2-A07-k8,8,proc,,,,,,,,,,,,,,38157,chang0926-c-n64-s7,8634,2446,1,"4-5,40,43-47,112-115,117-120",25
2026-09-29T11:10:57Z,1790680257.1,p2-A07-k8,8,proc,,,,,,,,,,,,,,38554,chang0926-c-n64-s8,8634,2446,1,"4-5,40,43-47,112-115,117-120",25
2026-09-29T11:11:57Z,1790680317.2,p2-A07-k8,8,gpu,NVIDIA A100-SXM4-80GB,81920,69125,100,1410,250.16,41,34660117989,17955233792,137438953472,8,2,4,,,,,,,
2026-09-29T11:11:57Z,1790680317.2,p2-A07-k8,8,proc,,,,,,,,,,,,,,36134,chang0926-c-n64-s1,8634,2518,4,"4-5,40,43-47,112-115,117-120",25
2026-09-29T11:11:57Z,1790680317.2,p2-A07-k8,8,proc,,,,,,,,,,,,,,36315,chang0926-c-n64-s2,8634,2491,3,"4-5,40,43-47,112-115,117-120",25
2026-09-29T11:11:57Z,1790680317.2,p2-A07-k8,8,proc,,,,,,,,,,,,,,36580,chang0926-c-n64-s3,8634,2482,2,"4-5,40,43-47,112-115,117-120",25
2026-09-29T11:11:57Z,1790680317.2,p2-A07-k8,8,proc,,,,,,,,,,,,,,36969,chang0926-c-n64-s4,8634,2475,2,"4-5,40,43-47,112-115,117-120",25
2026-09-29T11:11:57Z,1790680317.2,p2-A07-k8,8,proc,,,,,,,,,,,,,,37382,chang0926-c-n64-s5,8634,2518,2,"4-5,40,43-47,112-115,117-120",25
2026-09-29T11:11:57Z,1790680317.2,p2-A07-k8,8,proc,,,,,,,,,,,,,,37813,chang0926-c-n64-s6,8634,2518,2,"4-5,40,43-47,112-115,117-120",25
2026-09-29T11:11:57Z,1790680317.2,p2-A07-k8,8,proc,,,,,,,,,,,,,,38157,chang0926-c-n64-s7,8634,2475,2,"4-5,40,43-47,112-115,117-120",25
2026-09-29T11:11:57Z,1790680317.2,p2-A07-k8,8,proc,,,,,,,,,,,,,,38554,chang0926-c-n64-s8,8634,2476,2,"4-5,40,43-47,112-115,117-120",25
2026-09-29T11:12:57Z,1790680377.3,p2-A07-k8,8,gpu,NVIDIA A100-SXM4-80GB,81920,69125,100,1410,230.59,40,34919100690,17995968512,137438953472,8,2,4,,,,,,,
2026-09-29T11:12:57Z,1790680377.3,p2-A07-k8,8,proc,,,,,,,,,,,,,,36134,chang0926-c-n64-s1,8634,2518,4,"4-5,40,43-47,112-115,117-120",25
2026-09-29T11:12:57Z,1790680377.3,p2-A07-k8,8,proc,,,,,,,,,,,,,,36315,chang0926-c-n64-s2,8634,2491,3,"4-5,40,43-47,112-115,117-120",25
2026-09-29T11:12:57Z,1790680377.3,p2-A07-k8,8,proc,,,,,,,,,,,,,,36580,chang0926-c-n64-s3,8634,2502,3,"4-5,40,43-47,112-115,117-120",25
2026-09-29T11:12:57Z,1790680377.3,p2-A07-k8,8,proc,,,,,,,,,,,,,,36969,chang0926-c-n64-s4,8634,2492,3,"4-5,40,43-47,112-115,117-120",25
2026-09-29T11:12:57Z,1790680377.3,p2-A07-k8,8,proc,,,,,,,,,,,,,,37382,chang0926-c-n64-s5,8634,2518,2,"4-5,40,43-47,112-115,117-120",25
2026-09-29T11:12:57Z,1790680377.3,p2-A07-k8,8,proc,,,,,,,,,,,,,,37813,chang0926-c-n64-s6,8634,2518,2,"4-5,40,43-47,112-115,117-120",25
2026-09-29T11:12:57Z,1790680377.3,p2-A07-k8,8,proc,,,,,,,,,,,,,,38157,chang0926-c-n64-s7,8634,2475,2,"4-5,40,43-47,112-115,117-120",25
2026-09-29T11:12:57Z,1790680377.3,p2-A07-k8,8,proc,,,,,,,,,,,,,,38554,chang0926-c-n64-s8,8634,2476,2,"4-5,40,43-47,112-115,117-120",25
2026-09-29T11:13:57Z,1790680437.4,p2-A07-k8,8,gpu,NVIDIA A100-SXM4-80GB,81920,69125,100,1410,252.27,40,35179879808,18156851200,137438953472,8,2,5,,,,,,,
2026-09-29T11:13:57Z,1790680437.4,p2-A07-k8,8,proc,,,,,,,,,,,,,,36134,chang0926-c-n64-s1,8634,2531,5,"4-5,40,43-47,112-115,117-120",25
2026-09-29T11:13:57Z,1790680437.4,p2-A07-k8,8,proc,,,,,,,,,,,,,,36315,chang0926-c-n64-s2,8634,2513,4,"4-5,40,43-47,112-115,117-120",25
2026-09-29T11:13:57Z,1790680437.4,p2-A07-k8,8,proc,,,,,,,,,,,,,,36580,chang0926-c-n64-s3,8634,2502,3,"4-5,40,43-47,112-115,117-120",25
2026-09-29T11:13:57Z,1790680437.4,p2-A07-k8,8,proc,,,,,,,,,,,,,,36969,chang0926-c-n64-s4,8634,2492,3,"4-5,40,43-47,112-115,117-120",25
2026-09-29T11:13:57Z,1790680437.4,p2-A07-k8,8,proc,,,,,,,,,,,,,,37382,chang0926-c-n64-s5,8634,2535,3,"4-5,40,43-47,112-115,117-120",25
2026-09-29T11:13:57Z,1790680437.4,p2-A07-k8,8,proc,,,,,,,,,,,,,,37813,chang0926-c-n64-s6,8634,2532,3,"4-5,40,43-47,112-115,117-120",25
2026-09-29T11:13:57Z,1790680437.4,p2-A07-k8,8,proc,,,,,,,,,,,,,,38157,chang0926-c-n64-s7,8634,2498,3,"4-5,40,43-47,112-115,117-120",25
2026-09-29T11:13:57Z,1790680437.4,p2-A07-k8,8,proc,,,,,,,,,,,,,,38554,chang0926-c-n64-s8,8634,2535,2,"4-5,40,43-47,112-115,117-120",45
2026-09-29T11:14:57Z,1790680497.6,p2-A07-k8,8,gpu,NVIDIA A100-SXM4-80GB,81920,69125,100,1410,247.70,40,35437843753,18144718848,137438953472,8,3,5,,,,,,,
2026-09-29T11:14:57Z,1790680497.6,p2-A07-k8,8,proc,,,,,,,,,,,,,,36134,chang0926-c-n64-s1,8634,2531,5,"4-5,40,43-47,112-115,117-120",25
2026-09-29T11:14:57Z,1790680497.6,p2-A07-k8,8,proc,,,,,,,,,,,,,,36315,chang0926-c-n64-s2,8634,2513,4,"4-5,40,43-47,112-115,117-120",25
2026-09-29T11:14:57Z,1790680497.6,p2-A07-k8,8,proc,,,,,,,,,,,,,,36580,chang0926-c-n64-s3,8634,2518,4,"4-5,40,43-47,112-115,117-120",25
2026-09-29T11:14:57Z,1790680497.6,p2-A07-k8,8,proc,,,,,,,,,,,,,,36969,chang0926-c-n64-s4,8634,2505,4,"4-5,40,43-47,112-115,117-120",25
2026-09-29T11:14:57Z,1790680497.6,p2-A07-k8,8,proc,,,,,,,,,,,,,,37382,chang0926-c-n64-s5,8634,2535,3,"4-5,40,43-47,112-115,117-120",25
2026-09-29T11:14:57Z,1790680497.6,p2-A07-k8,8,proc,,,,,,,,,,,,,,37813,chang0926-c-n64-s6,8634,2532,3,"4-5,40,43-47,112-115,117-120",25
2026-09-29T11:14:57Z,1790680497.6,p2-A07-k8,8,proc,,,,,,,,,,,,,,38157,chang0926-c-n64-s7,8634,2498,3,"4-5,40,43-47,112-115,117-120",25
2026-09-29T11:14:57Z,1790680497.6,p2-A07-k8,8,proc,,,,,,,,,,,,,,38554,chang0926-c-n64-s8,8634,2491,3,"4-5,40,43-47,112-115,117-120",25
2026-09-29T11:15:57Z,1790680557.7,p2-A07-k8,8,gpu,NVIDIA A100-SXM4-80GB,81920,69125,100,1410,232.73,40,35697907067,18227695616,137438953472,8,3,6,,,,,,,
2026-09-29T11:15:57Z,1790680557.7,p2-A07-k8,8,proc,,,,,,,,,,,,,,36134,chang0926-c-n64-s1,8634,2546,6,"4-5,40,43-47,112-115,117-120",25
2026-09-29T11:15:57Z,1790680557.7,p2-A07-k8,8,proc,,,,,,,,,,,,,,36315,chang0926-c-n64-s2,8634,2525,5,"4-5,40,43-47,112-115,117-120",25
2026-09-29T11:15:57Z,1790680557.7,p2-A07-k8,8,proc,,,,,,,,,,,,,,36580,chang0926-c-n64-s3,8634,2518,4,"4-5,40,43-47,112-115,117-120",25
2026-09-29T11:15:57Z,1790680557.7,p2-A07-k8,8,proc,,,,,,,,,,,,,,36969,chang0926-c-n64-s4,8634,2505,4,"4-5,40,43-47,112-115,117-120",25
2026-09-29T11:15:57Z,1790680557.7,p2-A07-k8,8,proc,,,,,,,,,,,,,,37382,chang0926-c-n64-s5,8634,2562,4,"4-5,40,43-47,112-115,117-120",25
2026-09-29T11:15:57Z,1790680557.7,p2-A07-k8,8,proc,,,,,,,,,,,,,,37813,chang0926-c-n64-s6,8634,2553,4,"4-5,40,43-47,112-115,117-120",25
2026-09-29T11:15:57Z,1790680557.7,p2-A07-k8,8,proc,,,,,,,,,,,,,,38157,chang0926-c-n64-s7,8634,2498,3,"4-5,40,43-47,112-115,117-120",25
2026-09-29T11:15:57Z,1790680557.7,p2-A07-k8,8,proc,,,,,,,,,,,,,,38554,chang0926-c-n64-s8,8634,2491,3,"4-5,40,43-47,112-115,117-120",25
2026-09-29T11:16:57Z,1790680618.0,p2-A07-k8,8,gpu,NVIDIA A100-SXM4-80GB,81920,69125,100,1410,250.16,40,35961541348,18277445632,137438953472,8,4,6,,,,,,,
2026-09-29T11:16:57Z,1790680618.0,p2-A07-k8,8,proc,,,,,,,,,,,,,,36134,chang0926-c-n64-s1,8634,2546,6,"4-5,40,43-47,112-115,117-120",25
2026-09-29T11:16:57Z,1790680618.0,p2-A07-k8,8,proc,,,,,,,,,,,,,,36315,chang0926-c-n64-s2,8634,2525,5,"4-5,40,43-47,112-115,117-120",25
2026-09-29T11:16:57Z,1790680618.0,p2-A07-k8,8,proc,,,,,,,,,,,,,,36580,chang0926-c-n64-s3,8634,2520,5,"4-5,40,43-47,112-115,117-120",25
2026-09-29T11:16:57Z,1790680618.0,p2-A07-k8,8,proc,,,,,,,,,,,,,,36969,chang0926-c-n64-s4,8634,2521,5,"4-5,40,43-47,112-115,117-120",25
2026-09-29T11:16:57Z,1790680618.0,p2-A07-k8,8,proc,,,,,,,,,,,,,,37382,chang0926-c-n64-s5,8634,2562,4,"4-5,40,43-47,112-115,117-120",25
2026-09-29T11:16:57Z,1790680618.0,p2-A07-k8,8,proc,,,,,,,,,,,,,,37813,chang0926-c-n64-s6,8634,2553,4,"4-5,40,43-47,112-115,117-120",25
2026-09-29T11:16:57Z,1790680618.0,p2-A07-k8,8,proc,,,,,,,,,,,,,,38157,chang0926-c-n64-s7,8634,2511,4,"4-5,40,43-47,112-115,117-120",25
2026-09-29T11:16:57Z,1790680618.0,p2-A07-k8,8,proc,,,,,,,,,,,,,,38554,chang0926-c-n64-s8,8634,2509,4,"4-5,40,43-47,112-115,117-120",25
2026-09-29T11:17:58Z,1790680678.2,p2-A07-k8,8,gpu,NVIDIA A100-SXM4-80GB,81920,69125,100,1410,248.52,40,36219090118,18317905920,137438953472,8,4,7,,,,,,,
2026-09-29T11:17:58Z,1790680678.2,p2-A07-k8,8,proc,,,,,,,,,,,,,,36134,chang0926-c-n64-s1,8634,2553,7,"4-5,40,43-47,112-115,117-120",25
2026-09-29T11:17:58Z,1790680678.2,p2-A07-k8,8,proc,,,,,,,,,,,,,,36315,chang0926-c-n64-s2,8634,2533,6,"4-5,40,43-47,112-115,117-120",25
2026-09-29T11:17:58Z,1790680678.2,p2-A07-k8,8,proc,,,,,,,,,,,,,,36580,chang0926-c-n64-s3,8634,2520,5,"4-5,40,43-47,112-115,117-120",25
2026-09-29T11:17:58Z,1790680678.2,p2-A07-k8,8,proc,,,,,,,,,,,,,,36969,chang0926-c-n64-s4,8634,2521,5,"4-5,40,43-47,112-115,117-120",25
2026-09-29T11:17:58Z,1790680678.2,p2-A07-k8,8,proc,,,,,,,,,,,,,,37382,chang0926-c-n64-s5,8634,2581,5,"4-5,40,43-47,112-115,117-120",25
2026-09-29T11:17:58Z,1790680678.2,p2-A07-k8,8,proc,,,,,,,,,,,,,,37813,chang0926-c-n64-s6,8634,2553,4,"4-5,40,43-47,112-115,117-120",25
2026-09-29T11:17:58Z,1790680678.2,p2-A07-k8,8,proc,,,,,,,,,,,,,,38157,chang0926-c-n64-s7,8634,2511,4,"4-5,40,43-47,112-115,117-120",25
2026-09-29T11:17:58Z,1790680678.2,p2-A07-k8,8,proc,,,,,,,,,,,,,,38554,chang0926-c-n64-s8,8634,2509,4,"4-5,40,43-47,112-115,117-120",25
2026-09-29T11:18:58Z,1790680738.3,p2-A07-k8,8,gpu,NVIDIA A100-SXM4-80GB,81920,69125,100,1410,244.48,41,36481744020,18388254720,137438953472,8,5,7,,,,,,,
2026-09-29T11:18:58Z,1790680738.3,p2-A07-k8,8,proc,,,,,,,,,,,,,,36134,chang0926-c-n64-s1,8634,2553,7,"4-5,40,43-47,112-115,117-120",25
2026-09-29T11:18:58Z,1790680738.3,p2-A07-k8,8,proc,,,,,,,,,,,,,,36315,chang0926-c-n64-s2,8634,2533,6,"4-5,40,43-47,112-115,117-120",25
2026-09-29T11:18:58Z,1790680738.3,p2-A07-k8,8,proc,,,,,,,,,,,,,,36580,chang0926-c-n64-s3,8634,2522,6,"4-5,40,43-47,112-115,117-120",25
2026-09-29T11:18:58Z,1790680738.3,p2-A07-k8,8,proc,,,,,,,,,,,,,,36969,chang0926-c-n64-s4,8634,2530,6,"4-5,40,43-47,112-115,117-120",25
2026-09-29T11:18:58Z,1790680738.3,p2-A07-k8,8,proc,,,,,,,,,,,,,,37382,chang0926-c-n64-s5,8634,2581,5,"4-5,40,43-47,112-115,117-120",25
2026-09-29T11:18:58Z,1790680738.3,p2-A07-k8,8,proc,,,,,,,,,,,,,,37813,chang0926-c-n64-s6,8634,2569,5,"4-5,40,43-47,112-115,117-120",25
2026-09-29T11:18:58Z,1790680738.3,p2-A07-k8,8,proc,,,,,,,,,,,,,,38157,chang0926-c-n64-s7,8634,2524,5,"4-5,40,43-47,112-115,117-120",25
2026-09-29T11:18:58Z,1790680738.3,p2-A07-k8,8,proc,,,,,,,,,,,,,,38554,chang0926-c-n64-s8,8634,2529,5,"4-5,40,43-47,112-115,117-120",25
2026-09-29T11:19:58Z,1790680798.5,p2-A07-k8,8,gpu,NVIDIA A100-SXM4-80GB,81920,69125,100,1410,219.27,40,36736728019,18415292416,137438953472,8,5,8,,,,,,,
2026-09-29T11:19:58Z,1790680798.5,p2-A07-k8,8,proc,,,,,,,,,,,,,,36134,chang0926-c-n64-s1,8634,2566,8,"4-5,40,43-47,112-115,117-120",25
2026-09-29T11:19:58Z,1790680798.5,p2-A07-k8,8,proc,,,,,,,,,,,,,,36315,chang0926-c-n64-s2,8634,2545,7,"4-5,40,43-47,112-115,117-120",25
2026-09-29T11:19:58Z,1790680798.5,p2-A07-k8,8,proc,,,,,,,,,,,,,,36580,chang0926-c-n64-s3,8634,2522,6,"4-5,40,43-47,112-115,117-120",25
2026-09-29T11:19:58Z,1790680798.5,p2-A07-k8,8,proc,,,,,,,,,,,,,,36969,chang0926-c-n64-s4,8634,2530,6,"4-5,40,43-47,112-115,117-120",25
2026-09-29T11:19:58Z,1790680798.5,p2-A07-k8,8,proc,,,,,,,,,,,,,,37382,chang0926-c-n64-s5,8634,2581,5,"4-5,40,43-47,112-115,117-120",25
2026-09-29T11:19:58Z,1790680798.5,p2-A07-k8,8,proc,,,,,,,,,,,,,,37813,chang0926-c-n64-s6,8634,2569,5,"4-5,40,43-47,112-115,117-120",25
2026-09-29T11:19:58Z,1790680798.5,p2-A07-k8,8,proc,,,,,,,,,,,,,,38157,chang0926-c-n64-s7,8634,2524,5,"4-5,40,43-47,112-115,117-120",25
2026-09-29T11:19:58Z,1790680798.5,p2-A07-k8,8,proc,,,,,,,,,,,,,,38554,chang0926-c-n64-s8,8634,2529,5,"4-5,40,43-47,112-115,117-120",25
2026-09-29T11:20:58Z,1790680858.7,p2-A07-k8,8,gpu,NVIDIA A100-SXM4-80GB,81920,69125,100,1410,245.83,40,36993229367,18493370368,137438953472,8,6,8,,,,,,,
2026-09-29T11:20:58Z,1790680858.7,p2-A07-k8,8,proc,,,,,,,,,,,,,,36134,chang0926-c-n64-s1,8634,2566,8,"4-5,40,43-47,112-115,117-120",25
2026-09-29T11:20:58Z,1790680858.7,p2-A07-k8,8,proc,,,,,,,,,,,,,,36315,chang0926-c-n64-s2,8634,2545,7,"4-5,40,43-47,112-115,117-120",25
2026-09-29T11:20:58Z,1790680858.7,p2-A07-k8,8,proc,,,,,,,,,,,,,,36580,chang0926-c-n64-s3,8634,2525,7,"4-5,40,43-47,112-115,117-120",25
2026-09-29T11:20:58Z,1790680858.7,p2-A07-k8,8,proc,,,,,,,,,,,,,,36969,chang0926-c-n64-s4,8634,2530,6,"4-5,40,43-47,112-115,117-120",25
2026-09-29T11:20:58Z,1790680858.7,p2-A07-k8,8,proc,,,,,,,,,,,,,,37382,chang0926-c-n64-s5,8634,2588,6,"4-5,40,43-47,112-115,117-120",25
2026-09-29T11:20:58Z,1790680858.7,p2-A07-k8,8,proc,,,,,,,,,,,,,,37813,chang0926-c-n64-s6,8634,2582,6,"4-5,40,43-47,112-115,117-120",25
2026-09-29T11:20:58Z,1790680858.7,p2-A07-k8,8,proc,,,,,,,,,,,,,,38157,chang0926-c-n64-s7,8634,2547,6,"4-5,40,43-47,112-115,117-120",25
2026-09-29T11:20:58Z,1790680858.7,p2-A07-k8,8,proc,,,,,,,,,,,,,,38554,chang0926-c-n64-s8,8634,2552,6,"4-5,40,43-47,112-115,117-120",25
2026-09-29T11:21:58Z,1790680918.8,p2-A07-k8,8,gpu,NVIDIA A100-SXM4-80GB,81920,69125,100,1410,243.46,40,37252129644,18525044736,137438953472,8,6,9,,,,,,,
2026-09-29T11:21:58Z,1790680918.8,p2-A07-k8,8,proc,,,,,,,,,,,,,,36134,chang0926-c-n64-s1,8634,2564,9,"4-5,40,43-47,112-115,117-120",25
2026-09-29T11:21:58Z,1790680918.8,p2-A07-k8,8,proc,,,,,,,,,,,,,,36315,chang0926-c-n64-s2,8634,2554,7,"4-5,40,43-47,112-115,117-120",25
2026-09-29T11:21:58Z,1790680918.8,p2-A07-k8,8,proc,,,,,,,,,,,,,,36580,chang0926-c-n64-s3,8634,2525,7,"4-5,40,43-47,112-115,117-120",25
2026-09-29T11:21:58Z,1790680918.8,p2-A07-k8,8,proc,,,,,,,,,,,,,,36969,chang0926-c-n64-s4,8634,2551,7,"4-5,40,43-47,112-115,117-120",25
2026-09-29T11:21:58Z,1790680918.8,p2-A07-k8,8,proc,,,,,,,,,,,,,,37382,chang0926-c-n64-s5,8634,2588,6,"4-5,40,43-47,112-115,117-120",25
2026-09-29T11:21:58Z,1790680918.8,p2-A07-k8,8,proc,,,,,,,,,,,,,,37813,chang0926-c-n64-s6,8634,2582,6,"4-5,40,43-47,112-115,117-120",25
2026-09-29T11:21:58Z,1790680918.8,p2-A07-k8,8,proc,,,,,,,,,,,,,,38157,chang0926-c-n64-s7,8634,2547,6,"4-5,40,43-47,112-115,117-120",25
2026-09-29T11:21:58Z,1790680918.8,p2-A07-k8,8,proc,,,,,,,,,,,,,,38554,chang0926-c-n64-s8,8634,2552,6,"4-5,40,43-47,112-115,117-120",25
2026-09-29T11:22:59Z,1790680979.0,p2-A07-k8,8,gpu,NVIDIA A100-SXM4-80GB,81920,69125,100,1410,181.25,40,37514613569,18623283200,137438953472,8,7,9,,,,,,,
2026-09-29T11:22:59Z,1790680979.0,p2-A07-k8,8,proc,,,,,,,,,,,,,,36134,chang0926-c-n64-s1,8634,2564,9,"4-5,40,43-47,112-115,117-120",25
2026-09-29T11:22:59Z,1790680979.0,p2-A07-k8,8,proc,,,,,,,,,,,,,,36315,chang0926-c-n64-s2,8634,2554,8,"4-5,40,43-47,112-115,117-120",25
2026-09-29T11:22:59Z,1790680979.0,p2-A07-k8,8,proc,,,,,,,,,,,,,,36580,chang0926-c-n64-s3,8634,2576,7,"4-5,40,43-47,112-115,117-120",45
2026-09-29T11:22:59Z,1790680979.0,p2-A07-k8,8,proc,,,,,,,,,,,,,,36969,chang0926-c-n64-s4,8634,2551,7,"4-5,40,43-47,112-115,117-120",25
2026-09-29T11:22:59Z,1790680979.0,p2-A07-k8,8,proc,,,,,,,,,,,,,,37382,chang0926-c-n64-s5,8634,2603,7,"4-5,40,43-47,112-115,117-120",25
2026-09-29T11:22:59Z,1790680979.0,p2-A07-k8,8,proc,,,,,,,,,,,,,,37813,chang0926-c-n64-s6,8634,2591,7,"4-5,40,43-47,112-115,117-120",25
2026-09-29T11:22:59Z,1790680979.0,p2-A07-k8,8,proc,,,,,,,,,,,,,,38157,chang0926-c-n64-s7,8634,2554,7,"4-5,40,43-47,112-115,117-120",25
2026-09-29T11:22:59Z,1790680979.0,p2-A07-k8,8,proc,,,,,,,,,,,,,,38554,chang0926-c-n64-s8,8634,2559,7,"4-5,40,43-47,112-115,117-120",25
2026-09-29T11:23:59Z,1790681039.2,p2-A07-k8,8,gpu,NVIDIA A100-SXM4-80GB,81920,69125,100,1410,233.22,40,37772853214,18602700800,137438953472,8,7,9,,,,,,,
2026-09-29T11:23:59Z,1790681039.2,p2-A07-k8,8,proc,,,,,,,,,,,,,,36134,chang0926-c-n64-s1,8634,2565,9,"4-5,40,43-47,112-115,117-120",25
2026-09-29T11:23:59Z,1790681039.2,p2-A07-k8,8,proc,,,,,,,,,,,,,,36315,chang0926-c-n64-s2,8634,2554,8,"4-5,40,43-47,112-115,117-120",25
2026-09-29T11:23:59Z,1790681039.2,p2-A07-k8,8,proc,,,,,,,,,,,,,,36580,chang0926-c-n64-s3,8634,2550,8,"4-5,40,43-47,112-115,117-120",25
2026-09-29T11:23:59Z,1790681039.2,p2-A07-k8,8,proc,,,,,,,,,,,,,,36969,chang0926-c-n64-s4,8634,2554,8,"4-5,40,43-47,112-115,117-120",25
2026-09-29T11:23:59Z,1790681039.2,p2-A07-k8,8,proc,,,,,,,,,,,,,,37382,chang0926-c-n64-s5,8634,2603,7,"4-5,40,43-47,112-115,117-120",25
2026-09-29T11:23:59Z,1790681039.2,p2-A07-k8,8,proc,,,,,,,,,,,,,,37813,chang0926-c-n64-s6,8634,2591,7,"4-5,40,43-47,112-115,117-120",25
2026-09-29T11:23:59Z,1790681039.2,p2-A07-k8,8,proc,,,,,,,,,,,,,,38157,chang0926-c-n64-s7,8634,2554,7,"4-5,40,43-47,112-115,117-120",25
2026-09-29T11:23:59Z,1790681039.2,p2-A07-k8,8,proc,,,,,,,,,,,,,,38554,chang0926-c-n64-s8,8634,2559,7,"4-5,40,43-47,112-115,117-120",25
2026-09-29T11:24:59Z,1790681099.3,p2-A07-k8,8,gpu,NVIDIA A100-SXM4-80GB,81920,69125,100,1410,218.45,40,38030733216,18628034560,137438953472,8,8,9,,,,,,,
2026-09-29T11:24:59Z,1790681099.3,p2-A07-k8,8,proc,,,,,,,,,,,,,,36134,chang0926-c-n64-s1,8634,2565,9,"4-5,40,43-47,112-115,117-120",25
2026-09-29T11:24:59Z,1790681099.3,p2-A07-k8,8,proc,,,,,,,,,,,,,,36315,chang0926-c-n64-s2,8634,2540,9,"4-5,40,43-47,112-115,117-120",25
2026-09-29T11:24:59Z,1790681099.3,p2-A07-k8,8,proc,,,,,,,,,,,,,,36580,chang0926-c-n64-s3,8634,2550,8,"4-5,40,43-47,112-115,117-120",25
2026-09-29T11:24:59Z,1790681099.3,p2-A07-k8,8,proc,,,,,,,,,,,,,,36969,chang0926-c-n64-s4,8634,2554,8,"4-5,40,43-47,112-115,117-120",25
2026-09-29T11:24:59Z,1790681099.3,p2-A07-k8,8,proc,,,,,,,,,,,,,,37382,chang0926-c-n64-s5,8634,2608,8,"4-5,40,43-47,112-115,117-120",25
2026-09-29T11:24:59Z,1790681099.3,p2-A07-k8,8,proc,,,,,,,,,,,,,,37813,chang0926-c-n64-s6,8634,2594,8,"4-5,40,43-47,112-115,117-120",25
2026-09-29T11:24:59Z,1790681099.3,p2-A07-k8,8,proc,,,,,,,,,,,,,,38157,chang0926-c-n64-s7,8634,2560,8,"4-5,40,43-47,112-115,117-120",25
2026-09-29T11:24:59Z,1790681099.3,p2-A07-k8,8,proc,,,,,,,,,,,,,,38554,chang0926-c-n64-s8,8634,2577,8,"4-5,40,43-47,112-115,117-120",25
2026-09-29T11:25:59Z,1790681159.5,p2-A07-k8,8,gpu,NVIDIA A100-SXM4-80GB,81920,69125,100,1410,226.30,39,38286317593,18625531904,137438953472,8,8,9,,,,,,,
2026-09-29T11:25:59Z,1790681159.5,p2-A07-k8,8,proc,,,,,,,,,,,,,,36134,chang0926-c-n64-s1,8634,2565,9,"4-5,40,43-47,112-115,117-120",25
2026-09-29T11:25:59Z,1790681159.5,p2-A07-k8,8,proc,,,,,,,,,,,,,,36315,chang0926-c-n64-s2,8634,2540,9,"4-5,40,43-47,112-115,117-120",25
2026-09-29T11:25:59Z,1790681159.5,p2-A07-k8,8,proc,,,,,,,,,,,,,,36580,chang0926-c-n64-s3,8634,2550,9,"4-5,40,43-47,112-115,117-120",25
2026-09-29T11:25:59Z,1790681159.5,p2-A07-k8,8,proc,,,,,,,,,,,,,,36969,chang0926-c-n64-s4,8634,2550,9,"4-5,40,43-47,112-115,117-120",25
2026-09-29T11:25:59Z,1790681159.5,p2-A07-k8,8,proc,,,,,,,,,,,,,,37382,chang0926-c-n64-s5,8634,2608,8,"4-5,40,43-47,112-115,117-120",25
2026-09-29T11:25:59Z,1790681159.5,p2-A07-k8,8,proc,,,,,,,,,,,,,,37813,chang0926-c-n64-s6,8634,2594,8,"4-5,40,43-47,112-115,117-120",25
2026-09-29T11:25:59Z,1790681159.5,p2-A07-k8,8,proc,,,,,,,,,,,,,,38157,chang0926-c-n64-s7,8634,2560,8,"4-5,40,43-47,112-115,117-120",25
2026-09-29T11:25:59Z,1790681159.5,p2-A07-k8,8,proc,,,,,,,,,,,,,,38554,chang0926-c-n64-s8,8634,2577,8,"4-5,40,43-47,112-115,117-120",25
2026-09-29T11:26:59Z,1790681219.8,p2-A07-k8,8,gpu,NVIDIA A100-SXM4-80GB,81920,69125,100,1410,246.93,40,38545953549,18609946624,137438953472,8,9,10,,,,,,,
2026-09-29T11:26:59Z,1790681219.8,p2-A07-k8,8,proc,,,,,,,,,,,,,,36134,chang0926-c-n64-s1,8634,2577,10,"4-5,40,43-47,112-115,117-120",25
2026-09-29T11:26:59Z,1790681219.8,p2-A07-k8,8,proc,,,,,,,,,,,,,,36315,chang0926-c-n64-s2,8634,2540,9,"4-5,40,43-47,112-115,117-120",25
2026-09-29T11:26:59Z,1790681219.8,p2-A07-k8,8,proc,,,,,,,,,,,,,,36580,chang0926-c-n64-s3,8634,2550,9,"4-5,40,43-47,112-115,117-120",25
2026-09-29T11:26:59Z,1790681219.8,p2-A07-k8,8,proc,,,,,,,,,,,,,,36969,chang0926-c-n64-s4,8634,2550,9,"4-5,40,43-47,112-115,117-120",25
2026-09-29T11:26:59Z,1790681219.8,p2-A07-k8,8,proc,,,,,,,,,,,,,,37382,chang0926-c-n64-s5,8634,2601,9,"4-5,40,43-47,112-115,117-120",25
2026-09-29T11:26:59Z,1790681219.8,p2-A07-k8,8,proc,,,,,,,,,,,,,,37813,chang0926-c-n64-s6,8634,2584,9,"4-5,40,43-47,112-115,117-120",25
2026-09-29T11:26:59Z,1790681219.8,p2-A07-k8,8,proc,,,,,,,,,,,,,,38157,chang0926-c-n64-s7,8634,2551,9,"4-5,40,43-47,112-115,117-120",25
2026-09-29T11:26:59Z,1790681219.8,p2-A07-k8,8,proc,,,,,,,,,,,,,,38554,chang0926-c-n64-s8,8634,2571,9,"4-5,40,43-47,112-115,117-120",25
2026-09-29T11:27:59Z,1790681279.9,p2-A07-k8,8,gpu,NVIDIA A100-SXM4-80GB,81920,69125,100,1410,213.95,41,38796884961,18609864704,137438953472,8,9,10,,,,,,,
2026-09-29T11:27:59Z,1790681279.9,p2-A07-k8,8,proc,,,,,,,,,,,,,,36134,chang0926-c-n64-s1,8634,2577,10,"4-5,40,43-47,112-115,117-120",25
2026-09-29T11:27:59Z,1790681279.9,p2-A07-k8,8,proc,,,,,,,,,,,,,,36315,chang0926-c-n64-s2,8634,2540,9,"4-5,40,43-47,112-115,117-120",25
2026-09-29T11:27:59Z,1790681279.9,p2-A07-k8,8,proc,,,,,,,,,,,,,,36580,chang0926-c-n64-s3,8634,2550,9,"4-5,40,43-47,112-115,117-120",25
2026-09-29T11:27:59Z,1790681279.9,p2-A07-k8,8,proc,,,,,,,,,,,,,,36969,chang0926-c-n64-s4,8634,2550,9,"4-5,40,43-47,112-115,117-120",25
2026-09-29T11:27:59Z,1790681279.9,p2-A07-k8,8,proc,,,,,,,,,,,,,,37382,chang0926-c-n64-s5,8634,2601,9,"4-5,40,43-47,112-115,117-120",25
2026-09-29T11:27:59Z,1790681279.9,p2-A07-k8,8,proc,,,,,,,,,,,,,,37813,chang0926-c-n64-s6,8634,2584,9,"4-5,40,43-47,112-115,117-120",25
2026-09-29T11:27:59Z,1790681279.9,p2-A07-k8,8,proc,,,,,,,,,,,,,,38157,chang0926-c-n64-s7,8634,2551,9,"4-5,40,43-47,112-115,117-120",25
2026-09-29T11:27:59Z,1790681279.9,p2-A07-k8,8,proc,,,,,,,,,,,,,,38554,chang0926-c-n64-s8,8634,2571,9,"4-5,40,43-47,112-115,117-120",25
2026-09-29T11:29:00Z,1790681340.1,p2-A07-k8,8,gpu,NVIDIA A100-SXM4-80GB,81920,69125,100,1410,209.13,40,39072507072,18627817472,137438953472,8,9,11,,,,,,,
2026-09-29T11:29:00Z,1790681340.1,p2-A07-k8,8,proc,,,,,,,,,,,,,,36134,chang0926-c-n64-s1,8634,2587,11,"4-5,40,43-47,112-115,117-120",25
2026-09-29T11:29:00Z,1790681340.1,p2-A07-k8,8,proc,,,,,,,,,,,,,,36315,chang0926-c-n64-s2,8634,2546,10,"4-5,40,43-47,112-115,117-120",25
2026-09-29T11:29:00Z,1790681340.1,p2-A07-k8,8,proc,,,,,,,,,,,,,,36580,chang0926-c-n64-s3,8634,2550,9,"4-5,40,43-47,112-115,117-120",25
2026-09-29T11:29:00Z,1790681340.1,p2-A07-k8,8,proc,,,,,,,,,,,,,,36969,chang0926-c-n64-s4,8634,2550,9,"4-5,40,43-47,112-115,117-120",25
2026-09-29T11:29:00Z,1790681340.1,p2-A07-k8,8,proc,,,,,,,,,,,,,,37382,chang0926-c-n64-s5,8634,2601,9,"4-5,40,43-47,112-115,117-120",25
2026-09-29T11:29:00Z,1790681340.1,p2-A07-k8,8,proc,,,,,,,,,,,,,,37813,chang0926-c-n64-s6,8634,2584,9,"4-5,40,43-47,112-115,117-120",25
2026-09-29T11:29:00Z,1790681340.1,p2-A07-k8,8,proc,,,,,,,,,,,,,,38157,chang0926-c-n64-s7,8634,2551,9,"4-5,40,43-47,112-115,117-120",25
2026-09-29T11:29:00Z,1790681340.1,p2-A07-k8,8,proc,,,,,,,,,,,,,,38554,chang0926-c-n64-s8,8634,2571,9,"4-5,40,43-47,112-115,117-120",25
2026-09-29T11:30:00Z,1790681400.3,p2-A07-k8,8,gpu,NVIDIA A100-SXM4-80GB,81920,69125,100,1410,221.99,40,39345890854,18683252736,137438953472,8,9,12,,,,,,,
2026-09-29T11:30:00Z,1790681400.3,p2-A07-k8,8,proc,,,,,,,,,,,,,,36134,chang0926-c-n64-s1,8634,2588,12,"4-5,40,43-47,112-115,117-120",25
2026-09-29T11:30:00Z,1790681400.3,p2-A07-k8,8,proc,,,,,,,,,,,,,,36315,chang0926-c-n64-s2,8634,2556,11,"4-5,40,43-47,112-115,117-120",25
2026-09-29T11:30:00Z,1790681400.3,p2-A07-k8,8,proc,,,,,,,,,,,,,,36580,chang0926-c-n64-s3,8634,2573,10,"4-5,40,43-47,112-115,117-120",25
2026-09-29T11:30:00Z,1790681400.3,p2-A07-k8,8,proc,,,,,,,,,,,,,,36969,chang0926-c-n64-s4,8634,2564,10,"4-5,40,43-47,112-115,117-120",25
2026-09-29T11:30:00Z,1790681400.3,p2-A07-k8,8,proc,,,,,,,,,,,,,,37382,chang0926-c-n64-s5,8634,2601,9,"4-5,40,43-47,112-115,117-120",25
2026-09-29T11:30:00Z,1790681400.3,p2-A07-k8,8,proc,,,,,,,,,,,,,,37813,chang0926-c-n64-s6,8634,2584,9,"4-5,40,43-47,112-115,117-120",25
2026-09-29T11:30:00Z,1790681400.3,p2-A07-k8,8,proc,,,,,,,,,,,,,,38157,chang0926-c-n64-s7,8634,2551,9,"4-5,40,43-47,112-115,117-120",25
2026-09-29T11:30:00Z,1790681400.3,p2-A07-k8,8,proc,,,,,,,,,,,,,,38554,chang0926-c-n64-s8,8634,2571,9,"4-5,40,43-47,112-115,117-120",25
2026-09-29T11:31:00Z,1790681460.5,p2-A07-k8,8,gpu,NVIDIA A100-SXM4-80GB,81920,69125,100,1410,244.24,40,39605388262,18735513600,137438953472,8,10,12,,,,,,,
2026-09-29T11:31:00Z,1790681460.5,p2-A07-k8,8,proc,,,,,,,,,,,,,,36134,chang0926-c-n64-s1,8634,2588,12,"4-5,40,43-47,112-115,117-120",25
2026-09-29T11:31:00Z,1790681460.5,p2-A07-k8,8,proc,,,,,,,,,,,,,,36315,chang0926-c-n64-s2,8634,2556,11,"4-5,40,43-47,112-115,117-120",25
2026-09-29T11:31:00Z,1790681460.5,p2-A07-k8,8,proc,,,,,,,,,,,,,,36580,chang0926-c-n64-s3,8634,2573,10,"4-5,40,43-47,112-115,117-120",25
2026-09-29T11:31:00Z,1790681460.5,p2-A07-k8,8,proc,,,,,,,,,,,,,,36969,chang0926-c-n64-s4,8634,2564,10,"4-5,40,43-47,112-115,117-120",25
2026-09-29T11:31:00Z,1790681460.5,p2-A07-k8,8,proc,,,,,,,,,,,,,,37382,chang0926-c-n64-s5,8634,2611,10,"4-5,40,43-47,112-115,117-120",25
2026-09-29T11:31:00Z,1790681460.5,p2-A07-k8,8,proc,,,,,,,,,,,,,,37813,chang0926-c-n64-s6,8634,2606,10,"4-5,40,43-47,112-115,117-120",25
2026-09-29T11:31:00Z,1790681460.5,p2-A07-k8,8,proc,,,,,,,,,,,,,,38157,chang0926-c-n64-s7,8634,2556,10,"4-5,40,43-47,112-115,117-120",25
2026-09-29T11:31:00Z,1790681460.5,p2-A07-k8,8,proc,,,,,,,,,,,,,,38554,chang0926-c-n64-s8,8634,2582,10,"4-5,40,43-47,112-115,117-120",25
2026-09-29T11:32:00Z,1790681520.6,p2-A07-k8,8,gpu,NVIDIA A100-SXM4-80GB,81920,69125,100,1410,237.55,41,39868051780,18782781440,137438953472,8,10,13,,,,,,,
2026-09-29T11:32:00Z,1790681520.6,p2-A07-k8,8,proc,,,,,,,,,,,,,,36134,chang0926-c-n64-s1,8634,2600,13,"4-5,40,43-47,112-115,117-120",25
2026-09-29T11:32:00Z,1790681520.6,p2-A07-k8,8,proc,,,,,,,,,,,,,,36315,chang0926-c-n64-s2,8634,2567,12,"4-5,40,43-47,112-115,117-120",25
2026-09-29T11:32:00Z,1790681520.6,p2-A07-k8,8,proc,,,,,,,,,,,,,,36580,chang0926-c-n64-s3,8634,2582,11,"4-5,40,43-47,112-115,117-120",25
2026-09-29T11:32:00Z,1790681520.6,p2-A07-k8,8,proc,,,,,,,,,,,,,,36969,chang0926-c-n64-s4,8634,2573,11,"4-5,40,43-47,112-115,117-120",25
2026-09-29T11:32:00Z,1790681520.6,p2-A07-k8,8,proc,,,,,,,,,,,,,,37382,chang0926-c-n64-s5,8634,2611,10,"4-5,40,43-47,112-115,117-120",25
2026-09-29T11:32:00Z,1790681520.6,p2-A07-k8,8,proc,,,,,,,,,,,,,,37813,chang0926-c-n64-s6,8634,2606,10,"4-5,40,43-47,112-115,117-120",25
2026-09-29T11:32:00Z,1790681520.6,p2-A07-k8,8,proc,,,,,,,,,,,,,,38157,chang0926-c-n64-s7,8634,2556,10,"4-5,40,43-47,112-115,117-120",25
2026-09-29T11:32:00Z,1790681520.6,p2-A07-k8,8,proc,,,,,,,,,,,,,,38554,chang0926-c-n64-s8,8634,2582,10,"4-5,40,43-47,112-115,117-120",25
2026-09-29T11:33:00Z,1790681580.8,p2-A07-k8,8,gpu,NVIDIA A100-SXM4-80GB,81920,69125,100,1410,237.79,40,40130709854,18849894400,137438953472,8,11,13,,,,,,,
2026-09-29T11:33:00Z,1790681580.8,p2-A07-k8,8,proc,,,,,,,,,,,,,,36134,chang0926-c-n64-s1,8634,2600,13,"4-5,40,43-47,112-115,117-120",25
2026-09-29T11:33:00Z,1790681580.8,p2-A07-k8,8,proc,,,,,,,,,,,,,,36315,chang0926-c-n64-s2,8634,2567,12,"4-5,40,43-47,112-115,117-120",25
2026-09-29T11:33:00Z,1790681580.8,p2-A07-k8,8,proc,,,,,,,,,,,,,,36580,chang0926-c-n64-s3,8634,2582,11,"4-5,40,43-47,112-115,117-120",25
2026-09-29T11:33:00Z,1790681580.8,p2-A07-k8,8,proc,,,,,,,,,,,,,,36969,chang0926-c-n64-s4,8634,2573,11,"4-5,40,43-47,112-115,117-120",25
2026-09-29T11:33:00Z,1790681580.8,p2-A07-k8,8,proc,,,,,,,,,,,,,,37382,chang0926-c-n64-s5,8634,2626,11,"4-5,40,43-47,112-115,117-120",25
2026-09-29T11:33:00Z,1790681580.8,p2-A07-k8,8,proc,,,,,,,,,,,,,,37813,chang0926-c-n64-s6,8634,2626,11,"4-5,40,43-47,112-115,117-120",25
2026-09-29T11:33:00Z,1790681580.8,p2-A07-k8,8,proc,,,,,,,,,,,,,,38157,chang0926-c-n64-s7,8634,2563,11,"4-5,40,43-47,112-115,117-120",25
2026-09-29T11:33:00Z,1790681580.8,p2-A07-k8,8,proc,,,,,,,,,,,,,,38554,chang0926-c-n64-s8,8634,2598,11,"4-5,40,43-47,112-115,117-120",25
2026-09-29T11:34:00Z,1790681641.0,p2-A07-k8,8,gpu,NVIDIA A100-SXM4-80GB,81920,69125,100,1410,234.08,40,40387575086,18873864192,137438953472,8,11,14,,,,,,,
2026-09-29T11:34:00Z,1790681641.0,p2-A07-k8,8,proc,,,,,,,,,,,,,,36134,chang0926-c-n64-s1,8634,2600,14,"4-5,40,43-47,112-115,117-120",25
2026-09-29T11:34:00Z,1790681641.0,p2-A07-k8,8,proc,,,,,,,,,,,,,,36315,chang0926-c-n64-s2,8634,2567,12,"4-5,40,43-47,112-115,117-120",25
2026-09-29T11:34:00Z,1790681641.0,p2-A07-k8,8,proc,,,,,,,,,,,,,,36580,chang0926-c-n64-s3,8634,2595,12,"4-5,40,43-47,112-115,117-120",25
2026-09-29T11:34:00Z,1790681641.0,p2-A07-k8,8,proc,,,,,,,,,,,,,,36969,chang0926-c-n64-s4,8634,2580,12,"4-5,40,43-47,112-115,117-120",25
2026-09-29T11:34:00Z,1790681641.0,p2-A07-k8,8,proc,,,,,,,,,,,,,,37382,chang0926-c-n64-s5,8634,2626,11,"4-5,40,43-47,112-115,117-120",25
2026-09-29T11:34:00Z,1790681641.0,p2-A07-k8,8,proc,,,,,,,,,,,,,,37813,chang0926-c-n64-s6,8634,2626,11,"4-5,40,43-47,112-115,117-120",25
2026-09-29T11:34:00Z,1790681641.0,p2-A07-k8,8,proc,,,,,,,,,,,,,,38157,chang0926-c-n64-s7,8634,2563,11,"4-5,40,43-47,112-115,117-120",25
2026-09-29T11:34:00Z,1790681641.0,p2-A07-k8,8,proc,,,,,,,,,,,,,,38554,chang0926-c-n64-s8,8634,2598,11,"4-5,40,43-47,112-115,117-120",25
2026-09-29T11:35:01Z,1790681701.1,p2-A07-k8,8,gpu,NVIDIA A100-SXM4-80GB,81920,69125,100,1410,242.89,41,40649261316,18930974720,137438953472,8,12,14,,,,,,,
2026-09-29T11:35:01Z,1790681701.1,p2-A07-k8,8,proc,,,,,,,,,,,,,,36134,chang0926-c-n64-s1,8634,2600,14,"4-5,40,43-47,112-115,117-120",25
2026-09-29T11:35:01Z,1790681701.1,p2-A07-k8,8,proc,,,,,,,,,,,,,,36315,chang0926-c-n64-s2,8634,2573,13,"4-5,40,43-47,112-115,117-120",25
2026-09-29T11:35:01Z,1790681701.1,p2-A07-k8,8,proc,,,,,,,,,,,,,,36580,chang0926-c-n64-s3,8634,2595,12,"4-5,40,43-47,112-115,117-120",25
2026-09-29T11:35:01Z,1790681701.1,p2-A07-k8,8,proc,,,,,,,,,,,,,,36969,chang0926-c-n64-s4,8634,2580,12,"4-5,40,43-47,112-115,117-120",25
2026-09-29T11:35:01Z,1790681701.1,p2-A07-k8,8,proc,,,,,,,,,,,,,,37382,chang0926-c-n64-s5,8634,2643,12,"4-5,40,43-47,112-115,117-120",25
2026-09-29T11:35:01Z,1790681701.1,p2-A07-k8,8,proc,,,,,,,,,,,,,,37813,chang0926-c-n64-s6,8634,2640,12,"4-5,40,43-47,112-115,117-120",25
2026-09-29T11:35:01Z,1790681701.1,p2-A07-k8,8,proc,,,,,,,,,,,,,,38157,chang0926-c-n64-s7,8634,2574,12,"4-5,40,43-47,112-115,117-120",25
2026-09-29T11:35:01Z,1790681701.1,p2-A07-k8,8,proc,,,,,,,,,,,,,,38554,chang0926-c-n64-s8,8634,2599,12,"4-5,40,43-47,112-115,117-120",25
2026-09-29T11:36:01Z,1790681761.3,p2-A07-k8,8,gpu,NVIDIA A100-SXM4-80GB,81920,69125,100,1410,224.69,40,40913883689,18940919808,137438953472,8,12,15,,,,,,,
2026-09-29T11:36:01Z,1790681761.3,p2-A07-k8,8,proc,,,,,,,,,,,,,,36134,chang0926-c-n64-s1,8634,2600,15,"4-5,40,43-47,112-115,117-120",25
2026-09-29T11:36:01Z,1790681761.3,p2-A07-k8,8,proc,,,,,,,,,,,,,,36315,chang0926-c-n64-s2,8634,2573,13,"4-5,40,43-47,112-115,117-120",25
2026-09-29T11:36:01Z,1790681761.3,p2-A07-k8,8,proc,,,,,,,,,,,,,,36580,chang0926-c-n64-s3,8634,2595,13,"4-5,40,43-47,112-115,117-120",25
2026-09-29T11:36:01Z,1790681761.3,p2-A07-k8,8,proc,,,,,,,,,,,,,,36969,chang0926-c-n64-s4,8634,2586,13,"4-5,40,43-47,112-115,117-120",25
2026-09-29T11:36:01Z,1790681761.3,p2-A07-k8,8,proc,,,,,,,,,,,,,,37382,chang0926-c-n64-s5,8634,2643,12,"4-5,40,43-47,112-115,117-120",25
2026-09-29T11:36:01Z,1790681761.3,p2-A07-k8,8,proc,,,,,,,,,,,,,,37813,chang0926-c-n64-s6,8634,2640,12,"4-5,40,43-47,112-115,117-120",25
2026-09-29T11:36:01Z,1790681761.3,p2-A07-k8,8,proc,,,,,,,,,,,,,,38157,chang0926-c-n64-s7,8634,2574,12,"4-5,40,43-47,112-115,117-120",25
2026-09-29T11:36:01Z,1790681761.3,p2-A07-k8,8,proc,,,,,,,,,,,,,,38554,chang0926-c-n64-s8,8634,2599,12,"4-5,40,43-47,112-115,117-120",25
2026-09-29T11:37:01Z,1790681821.5,p2-A07-k8,8,gpu,NVIDIA A100-SXM4-80GB,81920,69125,100,1410,232.73,40,41179899604,18955382784,137438953472,8,12,15,,,,,,,
2026-09-29T11:37:01Z,1790681821.5,p2-A07-k8,8,proc,,,,,,,,,,,,,,36134,chang0926-c-n64-s1,8634,2600,15,"4-5,40,43-47,112-115,117-120",25
2026-09-29T11:37:01Z,1790681821.5,p2-A07-k8,8,proc,,,,,,,,,,,,,,36315,chang0926-c-n64-s2,8634,2580,14,"4-5,40,43-47,112-115,117-120",25
2026-09-29T11:37:01Z,1790681821.5,p2-A07-k8,8,proc,,,,,,,,,,,,,,36580,chang0926-c-n64-s3,8634,2595,13,"4-5,40,43-47,112-115,117-120",25
2026-09-29T11:37:01Z,1790681821.5,p2-A07-k8,8,proc,,,,,,,,,,,,,,36969,chang0926-c-n64-s4,8634,2586,13,"4-5,40,43-47,112-115,117-120",25
2026-09-29T11:37:01Z,1790681821.5,p2-A07-k8,8,proc,,,,,,,,,,,,,,37382,chang0926-c-n64-s5,8634,2643,12,"4-5,40,43-47,112-115,117-120",25
2026-09-29T11:37:01Z,1790681821.5,p2-A07-k8,8,proc,,,,,,,,,,,,,,37813,chang0926-c-n64-s6,8634,2643,13,"4-5,40,43-47,112-115,117-120",25
2026-09-29T11:37:01Z,1790681821.5,p2-A07-k8,8,proc,,,,,,,,,,,,,,38157,chang0926-c-n64-s7,8634,2574,12,"4-5,40,43-47,112-115,117-120",25
2026-09-29T11:37:01Z,1790681821.5,p2-A07-k8,8,proc,,,,,,,,,,,,,,38554,chang0926-c-n64-s8,8634,2599,13,"4-5,40,43-47,112-115,117-120",25
2026-09-29T11:38:01Z,1790681881.8,p2-A07-k8,8,gpu,NVIDIA A100-SXM4-80GB,81920,69125,100,1410,232.16,40,41444030585,18984996864,137438953472,8,13,16,,,,,,,
2026-09-29T11:38:01Z,1790681881.8,p2-A07-k8,8,proc,,,,,,,,,,,,,,36134,chang0926-c-n64-s1,8634,2601,16,"4-5,40,43-47,112-115,117-120",25
2026-09-29T11:38:01Z,1790681881.8,p2-A07-k8,8,proc,,,,,,,,,,,,,,36315,chang0926-c-n64-s2,8634,2580,14,"4-5,40,43-47,112-115,117-120",25
2026-09-29T11:38:01Z,1790681881.8,p2-A07-k8,8,proc,,,,,,,,,,,,,,36580,chang0926-c-n64-s3,8634,2595,14,"4-5,40,43-47,112-115,117-120",25
2026-09-29T11:38:01Z,1790681881.8,p2-A07-k8,8,proc,,,,,,,,,,,,,,36969,chang0926-c-n64-s4,8634,2598,14,"4-5,40,43-47,112-115,117-120",25
2026-09-29T11:38:01Z,1790681881.8,p2-A07-k8,8,proc,,,,,,,,,,,,,,37382,chang0926-c-n64-s5,8634,2647,13,"4-5,40,43-47,112-115,117-120",25
2026-09-29T11:38:01Z,1790681881.8,p2-A07-k8,8,proc,,,,,,,,,,,,,,37813,chang0926-c-n64-s6,8634,2643,13,"4-5,40,43-47,112-115,117-120",25
2026-09-29T11:38:01Z,1790681881.8,p2-A07-k8,8,proc,,,,,,,,,,,,,,38157,chang0926-c-n64-s7,8634,2579,13,"4-5,40,43-47,112-115,117-120",25
2026-09-29T11:38:01Z,1790681881.8,p2-A07-k8,8,proc,,,,,,,,,,,,,,38554,chang0926-c-n64-s8,8634,2599,13,"4-5,40,43-47,112-115,117-120",25
2026-09-29T11:39:01Z,1790681942.0,p2-A07-k8,8,gpu,NVIDIA A100-SXM4-80GB,81920,69125,100,1410,230.30,40,41708227272,19002888192,137438953472,8,13,16,,,,,,,
2026-09-29T11:39:01Z,1790681942.0,p2-A07-k8,8,proc,,,,,,,,,,,,,,36134,chang0926-c-n64-s1,8634,2601,16,"4-5,40,43-47,112-115,117-120",25
2026-09-29T11:39:01Z,1790681942.0,p2-A07-k8,8,proc,,,,,,,,,,,,,,36315,chang0926-c-n64-s2,8634,2581,15,"4-5,40,43-47,112-115,117-120",25
2026-09-29T11:39:01Z,1790681942.0,p2-A07-k8,8,proc,,,,,,,,,,,,,,36580,chang0926-c-n64-s3,8634,2595,14,"4-5,40,43-47,112-115,117-120",25
2026-09-29T11:39:01Z,1790681942.0,p2-A07-k8,8,proc,,,,,,,,,,,,,,36969,chang0926-c-n64-s4,8634,2598,14,"4-5,40,43-47,112-115,117-120",25
2026-09-29T11:39:01Z,1790681942.0,p2-A07-k8,8,proc,,,,,,,,,,,,,,37382,chang0926-c-n64-s5,8634,2647,13,"4-5,40,43-47,112-115,117-120",25
2026-09-29T11:39:01Z,1790681942.0,p2-A07-k8,8,proc,,,,,,,,,,,,,,37813,chang0926-c-n64-s6,8634,2644,14,"4-5,40,43-47,112-115,117-120",25
2026-09-29T11:39:01Z,1790681942.0,p2-A07-k8,8,proc,,,,,,,,,,,,,,38157,chang0926-c-n64-s7,8634,2579,13,"4-5,40,43-47,112-115,117-120",25
2026-09-29T11:39:01Z,1790681942.0,p2-A07-k8,8,proc,,,,,,,,,,,,,,38554,chang0926-c-n64-s8,8634,2610,14,"4-5,40,43-47,112-115,117-120",25
2026-09-29T11:40:02Z,1790682002.1,p2-A07-k8,8,gpu,NVIDIA A100-SXM4-80GB,81920,69125,100,1410,238.60,40,41973374090,19013750784,137438953472,8,14,17,,,,,,,
2026-09-29T11:40:02Z,1790682002.1,p2-A07-k8,8,proc,,,,,,,,,,,,,,36134,chang0926-c-n64-s1,8634,2601,17,"4-5,40,43-47,112-115,117-120",25
2026-09-29T11:40:02Z,1790682002.1,p2-A07-k8,8,proc,,,,,,,,,,,,,,36315,chang0926-c-n64-s2,8634,2581,15,"4-5,40,43-47,112-115,117-120",25
2026-09-29T11:40:02Z,1790682002.1,p2-A07-k8,8,proc,,,,,,,,,,,,,,36580,chang0926-c-n64-s3,8634,2595,14,"4-5,40,43-47,112-115,117-120",25
2026-09-29T11:40:02Z,1790682002.1,p2-A07-k8,8,proc,,,,,,,,,,,,,,36969,chang0926-c-n64-s4,8634,2598,14,"4-5,40,43-47,112-115,117-120",25
2026-09-29T11:40:02Z,1790682002.1,p2-A07-k8,8,proc,,,,,,,,,,,,,,37382,chang0926-c-n64-s5,8634,2650,14,"4-5,40,43-47,112-115,117-120",25
2026-09-29T11:40:02Z,1790682002.1,p2-A07-k8,8,proc,,,,,,,,,,,,,,37813,chang0926-c-n64-s6,8634,2644,14,"4-5,40,43-47,112-115,117-120",25
2026-09-29T11:40:02Z,1790682002.1,p2-A07-k8,8,proc,,,,,,,,,,,,,,38157,chang0926-c-n64-s7,8634,2584,14,"4-5,40,43-47,112-115,117-120",25
2026-09-29T11:40:02Z,1790682002.1,p2-A07-k8,8,proc,,,,,,,,,,,,,,38554,chang0926-c-n64-s8,8634,2610,14,"4-5,40,43-47,112-115,117-120",25
2026-09-29T11:41:02Z,1790682062.4,p2-A07-k8,8,gpu,NVIDIA A100-SXM4-80GB,81920,69125,100,1410,232.73,41,42235918936,19039956992,137438953472,8,14,17,,,,,,,
2026-09-29T11:41:02Z,1790682062.4,p2-A07-k8,8,proc,,,,,,,,,,,,,,36134,chang0926-c-n64-s1,8634,2601,17,"4-5,40,43-47,112-115,117-120",25
2026-09-29T11:41:02Z,1790682062.4,p2-A07-k8,8,proc,,,,,,,,,,,,,,36315,chang0926-c-n64-s2,8634,2587,16,"4-5,40,43-47,112-115,117-120",25
2026-09-29T11:41:02Z,1790682062.4,p2-A07-k8,8,proc,,,,,,,,,,,,,,36580,chang0926-c-n64-s3,8634,2598,15,"4-5,40,43-47,112-115,117-120",25
2026-09-29T11:41:02Z,1790682062.4,p2-A07-k8,8,proc,,,,,,,,,,,,,,36969,chang0926-c-n64-s4,8634,2606,15,"4-5,40,43-47,112-115,117-120",25
2026-09-29T11:41:02Z,1790682062.4,p2-A07-k8,8,proc,,,,,,,,,,,,,,37382,chang0926-c-n64-s5,8634,2650,14,"4-5,40,43-47,112-115,117-120",25
2026-09-29T11:41:02Z,1790682062.4,p2-A07-k8,8,proc,,,,,,,,,,,,,,37813,chang0926-c-n64-s6,8634,2644,14,"4-5,40,43-47,112-115,117-120",25
2026-09-29T11:41:02Z,1790682062.4,p2-A07-k8,8,proc,,,,,,,,,,,,,,38157,chang0926-c-n64-s7,8634,2584,14,"4-5,40,43-47,112-115,117-120",25
2026-09-29T11:41:02Z,1790682062.4,p2-A07-k8,8,proc,,,,,,,,,,,,,,38554,chang0926-c-n64-s8,8634,2615,15,"4-5,40,43-47,112-115,117-120",25
2026-09-29T11:42:02Z,1790682122.6,p2-A07-k8,8,gpu,NVIDIA A100-SXM4-80GB,81920,69125,100,1410,228.15,40,42500958300,19084546048,137438953472,8,15,17,,,,,,,
2026-09-29T11:42:02Z,1790682122.6,p2-A07-k8,8,proc,,,,,,,,,,,,,,36134,chang0926-c-n64-s1,8634,2616,17,"4-5,40,43-47,112-115,117-120",25
2026-09-29T11:42:02Z,1790682122.6,p2-A07-k8,8,proc,,,,,,,,,,,,,,36315,chang0926-c-n64-s2,8634,2587,16,"4-5,40,43-47,112-115,117-120",25
2026-09-29T11:42:02Z,1790682122.6,p2-A07-k8,8,proc,,,,,,,,,,,,,,36580,chang0926-c-n64-s3,8634,2598,15,"4-5,40,43-47,112-115,117-120",25
2026-09-29T11:42:02Z,1790682122.6,p2-A07-k8,8,proc,,,,,,,,,,,,,,36969,chang0926-c-n64-s4,8634,2606,15,"4-5,40,43-47,112-115,117-120",25
2026-09-29T11:42:02Z,1790682122.6,p2-A07-k8,8,proc,,,,,,,,,,,,,,37382,chang0926-c-n64-s5,8634,2661,15,"4-5,40,43-47,112-115,117-120",25
2026-09-29T11:42:02Z,1790682122.6,p2-A07-k8,8,proc,,,,,,,,,,,,,,37813,chang0926-c-n64-s6,8634,2644,15,"4-5,40,43-47,112-115,117-120",25
2026-09-29T11:42:02Z,1790682122.6,p2-A07-k8,8,proc,,,,,,,,,,,,,,38157,chang0926-c-n64-s7,8634,2596,15,"4-5,40,43-47,112-115,117-120",25
2026-09-29T11:42:02Z,1790682122.6,p2-A07-k8,8,proc,,,,,,,,,,,,,,38554,chang0926-c-n64-s8,8634,2615,15,"4-5,40,43-47,112-115,117-120",25
2026-09-29T11:43:02Z,1790682182.8,p2-A07-k8,8,gpu,NVIDIA A100-SXM4-80GB,81920,69125,100,1410,227.89,39,42766688079,19121385472,137438953472,8,15,18,,,,,,,
2026-09-29T11:43:02Z,1790682182.8,p2-A07-k8,8,proc,,,,,,,,,,,,,,36134,chang0926-c-n64-s1,8634,2616,18,"4-5,40,43-47,112-115,117-120",25
2026-09-29T11:43:02Z,1790682182.8,p2-A07-k8,8,proc,,,,,,,,,,,,,,36315,chang0926-c-n64-s2,8634,2600,17,"4-5,40,43-47,112-115,117-120",25
2026-09-29T11:43:02Z,1790682182.8,p2-A07-k8,8,proc,,,,,,,,,,,,,,36580,chang0926-c-n64-s3,8634,2605,16,"4-5,40,43-47,112-115,117-120",25
2026-09-29T11:43:02Z,1790682182.8,p2-A07-k8,8,proc,,,,,,,,,,,,,,36969,chang0926-c-n64-s4,8634,2610,16,"4-5,40,43-47,112-115,117-120",25
2026-09-29T11:43:02Z,1790682182.8,p2-A07-k8,8,proc,,,,,,,,,,,,,,37382,chang0926-c-n64-s5,8634,2661,15,"4-5,40,43-47,112-115,117-120",25
2026-09-29T11:43:02Z,1790682182.8,p2-A07-k8,8,proc,,,,,,,,,,,,,,37813,chang0926-c-n64-s6,8634,2644,15,"4-5,40,43-47,112-115,117-120",25
2026-09-29T11:43:02Z,1790682182.8,p2-A07-k8,8,proc,,,,,,,,,,,,,,38157,chang0926-c-n64-s7,8634,2596,15,"4-5,40,43-47,112-115,117-120",25
2026-09-29T11:43:02Z,1790682182.8,p2-A07-k8,8,proc,,,,,,,,,,,,,,38554,chang0926-c-n64-s8,8634,2620,16,"4-5,40,43-47,112-115,117-120",25
2026-09-29T11:44:03Z,1790682243.0,p2-A07-k8,8,gpu,NVIDIA A100-SXM4-80GB,81920,69125,100,1410,233.00,40,43030311605,19143266304,137438953472,8,16,18,,,,,,,
2026-09-29T11:44:03Z,1790682243.0,p2-A07-k8,8,proc,,,,,,,,,,,,,,36134,chang0926-c-n64-s1,8634,2616,18,"4-5,40,43-47,112-115,117-120",25
2026-09-29T11:44:03Z,1790682243.0,p2-A07-k8,8,proc,,,,,,,,,,,,,,36315,chang0926-c-n64-s2,8634,2600,17,"4-5,40,43-47,112-115,117-120",25
2026-09-29T11:44:03Z,1790682243.0,p2-A07-k8,8,proc,,,,,,,,,,,,,,36580,chang0926-c-n64-s3,8634,2605,16,"4-5,40,43-47,112-115,117-120",25
2026-09-29T11:44:03Z,1790682243.0,p2-A07-k8,8,proc,,,,,,,,,,,,,,36969,chang0926-c-n64-s4,8634,2610,16,"4-5,40,43-47,112-115,117-120",25
2026-09-29T11:44:03Z,1790682243.0,p2-A07-k8,8,proc,,,,,,,,,,,,,,37382,chang0926-c-n64-s5,8634,2662,16,"4-5,40,43-47,112-115,117-120",25
2026-09-29T11:44:03Z,1790682243.0,p2-A07-k8,8,proc,,,,,,,,,,,,,,37813,chang0926-c-n64-s6,8634,2646,16,"4-5,40,43-47,112-115,117-120",25
2026-09-29T11:44:03Z,1790682243.0,p2-A07-k8,8,proc,,,,,,,,,,,,,,38157,chang0926-c-n64-s7,8634,2610,16,"4-5,40,43-47,112-115,117-120",25
2026-09-29T11:44:03Z,1790682243.0,p2-A07-k8,8,proc,,,,,,,,,,,,,,38554,chang0926-c-n64-s8,8634,2620,16,"4-5,40,43-47,112-115,117-120",25
2026-09-29T11:45:03Z,1790682303.2,p2-A07-k8,8,gpu,NVIDIA A100-SXM4-80GB,81920,69125,100,1410,232.74,41,43295946034,19219324928,137438953472,8,16,19,,,,,,,
2026-09-29T11:45:03Z,1790682303.2,p2-A07-k8,8,proc,,,,,,,,,,,,,,36134,chang0926-c-n64-s1,8634,2619,19,"4-5,40,43-47,112-115,117-120",25
2026-09-29T11:45:03Z,1790682303.2,p2-A07-k8,8,proc,,,,,,,,,,,,,,36315,chang0926-c-n64-s2,8634,2648,17,"4-5,40,43-47,112-115,117-120",45
2026-09-29T11:45:03Z,1790682303.2,p2-A07-k8,8,proc,,,,,,,,,,,,,,36580,chang0926-c-n64-s3,8634,2618,17,"4-5,40,43-47,112-115,117-120",25
2026-09-29T11:45:03Z,1790682303.2,p2-A07-k8,8,proc,,,,,,,,,,,,,,36969,chang0926-c-n64-s4,8634,2610,17,"4-5,40,43-47,112-115,117-120",25
2026-09-29T11:45:03Z,1790682303.2,p2-A07-k8,8,proc,,,,,,,,,,,,,,37382,chang0926-c-n64-s5,8634,2662,16,"4-5,40,43-47,112-115,117-120",25
2026-09-29T11:45:03Z,1790682303.2,p2-A07-k8,8,proc,,,,,,,,,,,,,,37813,chang0926-c-n64-s6,8634,2646,16,"4-5,40,43-47,112-115,117-120",25
2026-09-29T11:45:03Z,1790682303.2,p2-A07-k8,8,proc,,,,,,,,,,,,,,38157,chang0926-c-n64-s7,8634,2610,16,"4-5,40,43-47,112-115,117-120",25
2026-09-29T11:45:03Z,1790682303.2,p2-A07-k8,8,proc,,,,,,,,,,,,,,38554,chang0926-c-n64-s8,8634,2623,17,"4-5,40,43-47,112-115,117-120",25
2026-09-29T11:46:03Z,1790682363.5,p2-A07-k8,8,gpu,NVIDIA A100-SXM4-80GB,81920,69125,100,1410,216.36,39,43562726076,19184918528,137438953472,8,16,19,,,,,,,
2026-09-29T11:46:03Z,1790682363.5,p2-A07-k8,8,proc,,,,,,,,,,,,,,36134,chang0926-c-n64-s1,8634,2619,19,"4-5,40,43-47,112-115,117-120",25
2026-09-29T11:46:03Z,1790682363.5,p2-A07-k8,8,proc,,,,,,,,,,,,,,36315,chang0926-c-n64-s2,8634,2602,18,"4-5,40,43-47,112-115,117-120",25
2026-09-29T11:46:03Z,1790682363.5,p2-A07-k8,8,proc,,,,,,,,,,,,,,36580,chang0926-c-n64-s3,8634,2618,17,"4-5,40,43-47,112-115,117-120",25
2026-09-29T11:46:03Z,1790682363.5,p2-A07-k8,8,proc,,,,,,,,,,,,,,36969,chang0926-c-n64-s4,8634,2610,17,"4-5,40,43-47,112-115,117-120",25
2026-09-29T11:46:03Z,1790682363.5,p2-A07-k8,8,proc,,,,,,,,,,,,,,37382,chang0926-c-n64-s5,8634,2667,16,"4-5,40,43-47,112-115,117-120",25
2026-09-29T11:46:03Z,1790682363.5,p2-A07-k8,8,proc,,,,,,,,,,,,,,37813,chang0926-c-n64-s6,8634,2647,17,"4-5,40,43-47,112-115,117-120",25
2026-09-29T11:46:03Z,1790682363.5,p2-A07-k8,8,proc,,,,,,,,,,,,,,38157,chang0926-c-n64-s7,8634,2615,17,"4-5,40,43-47,112-115,117-120",25
2026-09-29T11:46:03Z,1790682363.5,p2-A07-k8,8,proc,,,,,,,,,,,,,,38554,chang0926-c-n64-s8,8634,2623,17,"4-5,40,43-47,112-115,117-120",25
2026-09-29T11:47:03Z,1790682423.7,p2-A07-k8,8,gpu,NVIDIA A100-SXM4-80GB,81920,69125,100,1410,213.99,40,43822386131,19247194112,137438953472,8,17,19,,,,,,,
2026-09-29T11:47:03Z,1790682423.7,p2-A07-k8,8,proc,,,,,,,,,,,,,,36134,chang0926-c-n64-s1,8634,2619,19,"4-5,40,43-47,112-115,117-120",25
2026-09-29T11:47:03Z,1790682423.7,p2-A07-k8,8,proc,,,,,,,,,,,,,,36315,chang0926-c-n64-s2,8634,2602,18,"4-5,40,43-47,112-115,117-120",25
2026-09-29T11:47:03Z,1790682423.7,p2-A07-k8,8,proc,,,,,,,,,,,,,,36580,chang0926-c-n64-s3,8634,2627,18,"4-5,40,43-47,112-115,117-120",25
2026-09-29T11:47:03Z,1790682423.7,p2-A07-k8,8,proc,,,,,,,,,,,,,,36969,chang0926-c-n64-s4,8634,2610,18,"4-5,40,43-47,112-115,117-120",25
2026-09-29T11:47:03Z,1790682423.7,p2-A07-k8,8,proc,,,,,,,,,,,,,,37382,chang0926-c-n64-s5,8634,2667,17,"4-5,40,43-47,112-115,117-120",25
2026-09-29T11:47:03Z,1790682423.7,p2-A07-k8,8,proc,,,,,,,,,,,,,,37813,chang0926-c-n64-s6,8634,2647,17,"4-5,40,43-47,112-115,117-120",25
2026-09-29T11:47:03Z,1790682423.7,p2-A07-k8,8,proc,,,,,,,,,,,,,,38157,chang0926-c-n64-s7,8634,2615,17,"4-5,40,43-47,112-115,117-120",25
2026-09-29T11:47:03Z,1790682423.7,p2-A07-k8,8,proc,,,,,,,,,,,,,,38554,chang0926-c-n64-s8,8634,2670,17,"4-5,40,43-47,112-115,117-120",61
2026-09-29T11:48:03Z,1790682483.9,p2-A07-k8,8,gpu,NVIDIA A100-SXM4-80GB,81920,69125,100,1410,240.49,40,44081806310,19214868480,137438953472,8,17,19,,,,,,,
2026-09-29T11:48:03Z,1790682483.9,p2-A07-k8,8,proc,,,,,,,,,,,,,,36134,chang0926-c-n64-s1,8634,2619,19,"4-5,40,43-47,112-115,117-120",25
2026-09-29T11:48:03Z,1790682483.9,p2-A07-k8,8,proc,,,,,,,,,,,,,,36315,chang0926-c-n64-s2,8634,2612,19,"4-5,40,43-47,112-115,117-120",25
2026-09-29T11:48:03Z,1790682483.9,p2-A07-k8,8,proc,,,,,,,,,,,,,,36580,chang0926-c-n64-s3,8634,2627,18,"4-5,40,43-47,112-115,117-120",25
2026-09-29T11:48:03Z,1790682483.9,p2-A07-k8,8,proc,,,,,,,,,,,,,,36969,chang0926-c-n64-s4,8634,2610,18,"4-5,40,43-47,112-115,117-120",25
2026-09-29T11:48:03Z,1790682483.9,p2-A07-k8,8,proc,,,,,,,,,,,,,,37382,chang0926-c-n64-s5,8634,2667,17,"4-5,40,43-47,112-115,117-120",25
2026-09-29T11:48:03Z,1790682483.9,p2-A07-k8,8,proc,,,,,,,,,,,,,,37813,chang0926-c-n64-s6,8634,2649,18,"4-5,40,43-47,112-115,117-120",25
2026-09-29T11:48:03Z,1790682483.9,p2-A07-k8,8,proc,,,,,,,,,,,,,,38157,chang0926-c-n64-s7,8634,2615,17,"4-5,40,43-47,112-115,117-120",25
2026-09-29T11:48:03Z,1790682483.9,p2-A07-k8,8,proc,,,,,,,,,,,,,,38554,chang0926-c-n64-s8,8634,2624,18,"4-5,40,43-47,112-115,117-120",25
2026-09-29T11:49:04Z,1790682544.1,p2-A07-k8,8,gpu,NVIDIA A100-SXM4-80GB,81920,69125,100,1410,231.91,39,44346545562,19240296448,137438953472,8,18,20,,,,,,,
2026-09-29T11:49:04Z,1790682544.1,p2-A07-k8,8,proc,,,,,,,,,,,,,,36134,chang0926-c-n64-s1,8634,2624,20,"4-5,40,43-47,112-115,117-120",25
2026-09-29T11:49:04Z,1790682544.1,p2-A07-k8,8,proc,,,,,,,,,,,,,,36315,chang0926-c-n64-s2,8634,2612,19,"4-5,40,43-47,112-115,117-120",25
2026-09-29T11:49:04Z,1790682544.1,p2-A07-k8,8,proc,,,,,,,,,,,,,,36580,chang0926-c-n64-s3,8634,2637,19,"4-5,40,43-47,112-115,117-120",25
2026-09-29T11:49:04Z,1790682544.1,p2-A07-k8,8,proc,,,,,,,,,,,,,,36969,chang0926-c-n64-s4,8634,2613,19,"4-5,40,43-47,112-115,117-120",25
2026-09-29T11:49:04Z,1790682544.1,p2-A07-k8,8,proc,,,,,,,,,,,,,,37382,chang0926-c-n64-s5,8634,2667,18,"4-5,40,43-47,112-115,117-120",25
2026-09-29T11:49:04Z,1790682544.1,p2-A07-k8,8,proc,,,,,,,,,,,,,,37813,chang0926-c-n64-s6,8634,2649,18,"4-5,40,43-47,112-115,117-120",25
2026-09-29T11:49:04Z,1790682544.1,p2-A07-k8,8,proc,,,,,,,,,,,,,,38157,chang0926-c-n64-s7,8634,2615,18,"4-5,40,43-47,112-115,117-120",25
2026-09-29T11:49:04Z,1790682544.1,p2-A07-k8,8,proc,,,,,,,,,,,,,,38554,chang0926-c-n64-s8,8634,2624,18,"4-5,40,43-47,112-115,117-120",25
2026-09-29T11:50:04Z,1790682604.3,p2-A07-k8,8,gpu,NVIDIA A100-SXM4-80GB,81920,69125,100,1410,230.32,40,44603701753,19242336256,137438953472,8,18,20,,,,,,,
2026-09-29T11:50:04Z,1790682604.3,p2-A07-k8,8,proc,,,,,,,,,,,,,,36134,chang0926-c-n64-s1,8634,2624,20,"4-5,40,43-47,112-115,117-120",25
2026-09-29T11:50:04Z,1790682604.3,p2-A07-k8,8,proc,,,,,,,,,,,,,,36315,chang0926-c-n64-s2,8634,2612,19,"4-5,40,43-47,112-115,117-120",25
2026-09-29T11:50:04Z,1790682604.3,p2-A07-k8,8,proc,,,,,,,,,,,,,,36580,chang0926-c-n64-s3,8634,2637,19,"4-5,40,43-47,112-115,117-120",25
2026-09-29T11:50:04Z,1790682604.3,p2-A07-k8,8,proc,,,,,,,,,,,,,,36969,chang0926-c-n64-s4,8634,2613,19,"4-5,40,43-47,112-115,117-120",25
2026-09-29T11:50:04Z,1790682604.3,p2-A07-k8,8,proc,,,,,,,,,,,,,,37382,chang0926-c-n64-s5,8634,2667,18,"4-5,40,43-47,112-115,117-120",25
2026-09-29T11:50:04Z,1790682604.3,p2-A07-k8,8,proc,,,,,,,,,,,,,,37813,chang0926-c-n64-s6,8634,2649,19,"4-5,40,43-47,112-115,117-120",25
2026-09-29T11:50:04Z,1790682604.3,p2-A07-k8,8,proc,,,,,,,,,,,,,,38157,chang0926-c-n64-s7,8634,2615,18,"4-5,40,43-47,112-115,117-120",25
2026-09-29T11:50:04Z,1790682604.3,p2-A07-k8,8,proc,,,,,,,,,,,,,,38554,chang0926-c-n64-s8,8634,2624,19,"4-5,40,43-47,112-115,117-120",25
2026-09-29T11:51:04Z,1790682664.5,p2-A07-k8,8,gpu,NVIDIA A100-SXM4-80GB,81920,69125,100,1410,231.62,40,44869988644,19416064000,137438953472,8,19,21,,,,,,,
2026-09-29T11:51:04Z,1790682664.5,p2-A07-k8,8,proc,,,,,,,,,,,,,,36134,chang0926-c-n64-s1,8634,2776,21,"4-5,40,43-47,112-115,117-120",61
2026-09-29T11:51:04Z,1790682664.5,p2-A07-k8,8,proc,,,,,,,,,,,,,,36315,chang0926-c-n64-s2,8634,2612,19,"4-5,40,43-47,112-115,117-120",25
2026-09-29T11:51:04Z,1790682664.5,p2-A07-k8,8,proc,,,,,,,,,,,,,,36580,chang0926-c-n64-s3,8634,2637,19,"4-5,40,43-47,112-115,117-120",25
2026-09-29T11:51:04Z,1790682664.5,p2-A07-k8,8,proc,,,,,,,,,,,,,,36969,chang0926-c-n64-s4,8634,2613,19,"4-5,40,43-47,112-115,117-120",25
2026-09-29T11:51:04Z,1790682664.5,p2-A07-k8,8,proc,,,,,,,,,,,,,,37382,chang0926-c-n64-s5,8634,2668,19,"4-5,40,43-47,112-115,117-120",25
2026-09-29T11:51:04Z,1790682664.5,p2-A07-k8,8,proc,,,,,,,,,,,,,,37813,chang0926-c-n64-s6,8634,2649,19,"4-5,40,43-47,112-115,117-120",25
2026-09-29T11:51:04Z,1790682664.5,p2-A07-k8,8,proc,,,,,,,,,,,,,,38157,chang0926-c-n64-s7,8634,2616,19,"4-5,40,43-47,112-115,117-120",25
2026-09-29T11:51:04Z,1790682664.5,p2-A07-k8,8,proc,,,,,,,,,,,,,,38554,chang0926-c-n64-s8,8634,2624,19,"4-5,40,43-47,112-115,117-120",25
2026-09-29T11:52:04Z,1790682724.7,p2-A07-k8,8,gpu,NVIDIA A100-SXM4-80GB,81920,60485,100,1410,198.34,38,45132270610,17723555840,137438953472,7,19,20,,,,,,,
2026-09-29T11:52:04Z,1790682724.7,p2-A07-k8,8,proc,,,,,,,,,,,,,,36315,chang0926-c-n64-s2,8634,2612,20,"4-5,40,43-47,112-115,117-120",25
2026-09-29T11:52:04Z,1790682724.7,p2-A07-k8,8,proc,,,,,,,,,,,,,,36580,chang0926-c-n64-s3,8634,2637,19,"4-5,40,43-47,112-115,117-120",25
2026-09-29T11:52:04Z,1790682724.7,p2-A07-k8,8,proc,,,,,,,,,,,,,,36969,chang0926-c-n64-s4,8634,2613,19,"4-5,40,43-47,112-115,117-120",25
2026-09-29T11:52:04Z,1790682724.7,p2-A07-k8,8,proc,,,,,,,,,,,,,,37382,chang0926-c-n64-s5,8634,2668,19,"4-5,40,43-47,112-115,117-120",25
2026-09-29T11:52:04Z,1790682724.7,p2-A07-k8,8,proc,,,,,,,,,,,,,,37813,chang0926-c-n64-s6,8634,2649,19,"4-5,40,43-47,112-115,117-120",25
2026-09-29T11:52:04Z,1790682724.7,p2-A07-k8,8,proc,,,,,,,,,,,,,,38157,chang0926-c-n64-s7,8634,2616,19,"4-5,40,43-47,112-115,117-120",25
2026-09-29T11:52:04Z,1790682724.7,p2-A07-k8,8,proc,,,,,,,,,,,,,,38554,chang0926-c-n64-s8,8634,2624,19,"4-5,40,43-47,112-115,117-120",25
2026-09-29T11:53:04Z,1790682785.0,p2-A07-k8,8,gpu,NVIDIA A100-SXM4-80GB,81920,51845,100,1410,201.32,39,45396361359,16235315200,137438953472,6,19,20,,,,,,,
2026-09-29T11:53:04Z,1790682785.0,p2-A07-k8,8,proc,,,,,,,,,,,,,,36580,chang0926-c-n64-s3,8634,2640,20,"4-5,40,43-47,112-115,117-120",25
2026-09-29T11:53:04Z,1790682785.0,p2-A07-k8,8,proc,,,,,,,,,,,,,,36969,chang0926-c-n64-s4,8634,2623,20,"4-5,40,43-47,112-115,117-120",25
2026-09-29T11:53:04Z,1790682785.0,p2-A07-k8,8,proc,,,,,,,,,,,,,,37382,chang0926-c-n64-s5,8634,2668,19,"4-5,40,43-47,112-115,117-120",25
2026-09-29T11:53:04Z,1790682785.0,p2-A07-k8,8,proc,,,,,,,,,,,,,,37813,chang0926-c-n64-s6,8634,2651,20,"4-5,40,43-47,112-115,117-120",25
2026-09-29T11:53:04Z,1790682785.0,p2-A07-k8,8,proc,,,,,,,,,,,,,,38157,chang0926-c-n64-s7,8634,2616,19,"4-5,40,43-47,112-115,117-120",25
2026-09-29T11:53:04Z,1790682785.0,p2-A07-k8,8,proc,,,,,,,,,,,,,,38554,chang0926-c-n64-s8,8634,2627,20,"4-5,40,43-47,112-115,117-120",25
2026-09-29T11:54:05Z,1790682845.2,p2-A07-k8,8,gpu,NVIDIA A100-SXM4-80GB,81920,43205,100,1410,235.12,40,45606288291,15006044160,137438953472,5,20,21,,,,,,,
2026-09-29T11:54:05Z,1790682845.2,p2-A07-k8,8,proc,,,,,,,,,,,,,,36580,chang0926-c-n64-s3,8634,2640,20,"4-5,40,43-47,112-115,117-120",25
2026-09-29T11:54:05Z,1790682845.2,p2-A07-k8,8,proc,,,,,,,,,,,,,,37382,chang0926-c-n64-s5,8634,2680,20,"4-5,40,43-47,112-115,117-120",25
2026-09-29T11:54:05Z,1790682845.2,p2-A07-k8,8,proc,,,,,,,,,,,,,,37813,chang0926-c-n64-s6,8634,2651,20,"4-5,40,43-47,112-115,117-120",25
2026-09-29T11:54:05Z,1790682845.2,p2-A07-k8,8,proc,,,,,,,,,,,,,,38157,chang0926-c-n64-s7,8634,2619,20,"4-5,40,43-47,112-115,117-120",25
2026-09-29T11:54:05Z,1790682845.2,p2-A07-k8,8,proc,,,,,,,,,,,,,,38554,chang0926-c-n64-s8,8634,2880,21,"4-5,40,43-47,112-115,117-120",45
2026-09-29T11:54:48Z,1790682888.4,idle,0,gpu,NVIDIA A100-SXM4-80GB,81920,0,0,210,61.25,28,45700790273,6977953792,137438953472,0,,,,,,,,,
