

================================================================
== Vitis HLS Report for 'dense_latency_ap_fixed_4_2_5_3_0_ap_fixed_9_7_4_0_0_config7_dense_s'
================================================================
* Date:           Thu Aug 13 13:52:03 2026

* Version:        2023.2 (Build 4023990 on Oct 11 2023)
* Project:        myproject_prj
* Solution:       solution1 (Vivado IP Flow Target)
* Product family: virtexuplus
* Target device:  xcvu13p-flga2577-2-e


================================================================
== Performance Estimates
================================================================
+ Timing: 
    * Summary: 
    +--------+---------+----------+------------+
    |  Clock |  Target | Estimated| Uncertainty|
    +--------+---------+----------+------------+
    |ap_clk  |  2.50 ns|  1.676 ns|     0.68 ns|
    +--------+---------+----------+------------+

+ Latency: 
    * Summary: 
    +---------+---------+-----------+-----------+-----+-----+---------+
    |  Latency (cycles) |   Latency (absolute)  |  Interval | Pipeline|
    |   min   |   max   |    min    |    max    | min | max |   Type  |
    +---------+---------+-----------+-----------+-----+-----+---------+
    |        4|        4|  10.000 ns|  10.000 ns|    1|    1|      yes|
    +---------+---------+-----------+-----------+-----+-----+---------+

    + Detail: 
        * Instance: 
        N/A

        * Loop: 
        N/A



================================================================
== Utilization Estimates
================================================================
* Summary: 
+---------------------+---------+-------+---------+---------+------+
|         Name        | BRAM_18K|  DSP  |    FF   |   LUT   | URAM |
+---------------------+---------+-------+---------+---------+------+
|DSP                  |        -|      -|        -|        -|     -|
|Expression           |        -|      -|        0|    10481|     -|
|FIFO                 |        -|      -|        -|        -|     -|
|Instance             |        -|      -|        -|        -|     -|
|Memory               |        -|      -|        -|        -|     -|
|Multiplexer          |        -|      -|        -|        -|     -|
|Register             |        -|      -|     3580|      512|     -|
+---------------------+---------+-------+---------+---------+------+
|Total                |        0|      0|     3580|    10993|     0|
+---------------------+---------+-------+---------+---------+------+
|Available SLR        |     1344|   3072|   864000|   432000|   320|
+---------------------+---------+-------+---------+---------+------+
|Utilization SLR (%)  |        0|      0|       ~0|        2|     0|
+---------------------+---------+-------+---------+---------+------+
|Available            |     5376|  12288|  3456000|  1728000|  1280|
+---------------------+---------+-------+---------+---------+------+
|Utilization (%)      |        0|      0|       ~0|       ~0|     0|
+---------------------+---------+-------+---------+---------+------+

+ Detail: 
    * Instance: 
    N/A

    * DSP: 
    N/A

    * Memory: 
    N/A

    * FIFO: 
    N/A

    * Expression: 
    +---------------------------+----------+----+---+-----+------------+------------+
    |       Variable Name       | Operation| DSP| FF| LUT | Bitwidth P0| Bitwidth P1|
    +---------------------------+----------+----+---+-----+------------+------------+
    |add_ln58_27546_fu_491_p2   |         +|   0|  0|   13|           6|           6|
    |add_ln58_27547_fu_497_p2   |         +|   0|  0|   13|           6|           6|
    |add_ln58_27548_fu_507_p2   |         +|   0|  0|   13|           6|           6|
    |add_ln58_27549_fu_1416_p2  |         +|   0|  0|   13|           6|           6|
    |add_ln58_27550_fu_1426_p2  |         +|   0|  0|   13|           6|           6|
    |add_ln58_27551_fu_1434_p2  |         +|   0|  0|   13|           6|           6|
    |add_ln58_27552_fu_513_p2   |         +|   0|  0|   14|           7|           7|
    |add_ln58_27553_fu_1443_p2  |         +|   0|  0|   14|           7|           7|
    |add_ln58_27554_fu_1449_p2  |         +|   0|  0|   14|           7|           7|
    |add_ln58_27555_fu_1455_p2  |         +|   0|  0|   14|           7|           7|
    |add_ln58_27556_fu_519_p2   |         +|   0|  0|   13|           6|           6|
    |add_ln58_27557_fu_529_p2   |         +|   0|  0|   14|           7|           7|
    |add_ln58_27558_fu_1461_p2  |         +|   0|  0|   14|           7|           7|
    |add_ln58_27559_fu_1466_p2  |         +|   0|  0|   14|           7|           7|
    |add_ln58_27560_fu_1471_p2  |         +|   0|  0|   14|           7|           7|
    |add_ln58_27561_fu_1477_p2  |         +|   0|  0|   14|           7|           7|
    |add_ln58_27562_fu_1483_p2  |         +|   0|  0|   13|           6|           6|
    |add_ln58_27563_fu_1492_p2  |         +|   0|  0|   14|           7|           7|
    |add_ln58_27564_fu_1502_p2  |         +|   0|  0|   15|           8|           8|
    |add_ln58_27565_fu_1508_p2  |         +|   0|  0|   14|           7|           7|
    |add_ln58_27566_fu_1514_p2  |         +|   0|  0|   14|           7|           7|
    |add_ln58_27567_fu_1520_p2  |         +|   0|  0|   12|           5|           5|
    |add_ln58_27568_fu_1529_p2  |         +|   0|  0|   14|           7|           7|
    |add_ln58_27569_fu_1534_p2  |         +|   0|  0|   16|           7|           7|
    |add_ln58_27570_fu_1540_p2  |         +|   0|  0|   13|           6|           6|
    |add_ln58_27571_fu_1550_p2  |         +|   0|  0|   16|           7|           7|
    |add_ln58_27572_fu_2445_p2  |         +|   0|  0|   15|           8|           8|
    |add_ln58_27573_fu_2451_p2  |         +|   0|  0|   15|           8|           8|
    |add_ln58_27574_fu_1556_p2  |         +|   0|  0|   14|           7|           7|
    |add_ln58_27575_fu_1562_p2  |         +|   0|  0|   12|           5|           5|
    |add_ln58_27576_fu_2463_p2  |         +|   0|  0|   15|           8|           8|
    |add_ln58_27577_fu_535_p2   |         +|   0|  0|   12|           5|           5|
    |add_ln58_27578_fu_1570_p2  |         +|   0|  0|   13|           6|           6|
    |add_ln58_27579_fu_2475_p2  |         +|   0|  0|   15|           8|           8|
    |add_ln58_27580_fu_1580_p2  |         +|   0|  0|   14|           7|           7|
    |add_ln58_27581_fu_2484_p2  |         +|   0|  0|   15|           8|           8|
    |add_ln58_27582_fu_1586_p2  |         +|   0|  0|   12|           5|           5|
    |add_ln58_27583_fu_1591_p2  |         +|   0|  0|   13|           6|           6|
    |add_ln58_27584_fu_2499_p2  |         +|   0|  0|   19|           8|           8|
    |add_ln58_27585_fu_2505_p2  |         +|   0|  0|   19|           8|           8|
    |add_ln58_27586_fu_2511_p2  |         +|   0|  0|   13|           6|           6|
    |add_ln58_27587_fu_2524_p2  |         +|   0|  0|   14|           7|           7|
    |add_ln58_27588_fu_2534_p2  |         +|   0|  0|   19|           8|           8|
    |add_ln58_27589_fu_2540_p2  |         +|   0|  0|   19|           8|           8|
    |add_ln58_27590_fu_2546_p2  |         +|   0|  0|   13|           6|           6|
    |add_ln58_27591_fu_2560_p2  |         +|   0|  0|   15|           8|           8|
    |add_ln58_27592_fu_2566_p2  |         +|   0|  0|   13|           6|           6|
    |add_ln58_27593_fu_2576_p2  |         +|   0|  0|   14|           7|           7|
    |add_ln58_27594_fu_5690_p2  |         +|   0|  0|   16|           9|           9|
    |add_ln58_27595_fu_2582_p2  |         +|   0|  0|   13|           6|           6|
    |add_ln58_27596_fu_2590_p2  |         +|   0|  0|   14|           7|           7|
    |add_ln58_27597_fu_1597_p2  |         +|   0|  0|   12|           5|           5|
    |add_ln58_27598_fu_2599_p2  |         +|   0|  0|   13|           6|           6|
    |add_ln58_27599_fu_5702_p2  |         +|   0|  0|   15|           8|           8|
    |add_ln58_27600_fu_5712_p2  |         +|   0|  0|   18|           9|           9|
    |add_ln58_27601_fu_1603_p2  |         +|   0|  0|   12|           5|           5|
    |add_ln58_27602_fu_2607_p2  |         +|   0|  0|   13|           6|           6|
    |add_ln58_27603_fu_1609_p2  |         +|   0|  0|   12|           5|           5|
    |add_ln58_27604_fu_2620_p2  |         +|   0|  0|   13|           6|           6|
    |add_ln58_27605_fu_2630_p2  |         +|   0|  0|   14|           7|           7|
    |add_ln58_27606_fu_1615_p2  |         +|   0|  0|   12|           5|           5|
    |add_ln58_27607_fu_2639_p2  |         +|   0|  0|   13|           6|           6|
    |add_ln58_27608_fu_1621_p2  |         +|   0|  0|   12|           5|           5|
    |add_ln58_27609_fu_1627_p2  |         +|   0|  0|   12|           5|           5|
    |add_ln58_27610_fu_2655_p2  |         +|   0|  0|   13|           6|           6|
    |add_ln58_27611_fu_2665_p2  |         +|   0|  0|   14|           7|           7|
    |add_ln58_27612_fu_5724_p2  |         +|   0|  0|   15|           8|           8|
    |add_ln58_27613_fu_5734_p2  |         +|   0|  0|   18|           9|           9|
    |add_ln58_27614_fu_2671_p2  |         +|   0|  0|   13|           6|           6|
    |add_ln58_27615_fu_2684_p2  |         +|   0|  0|   15|           8|           8|
    |add_ln58_27616_fu_2690_p2  |         +|   0|  0|   13|           6|           6|
    |add_ln58_27617_fu_2700_p2  |         +|   0|  0|   14|           7|           7|
    |add_ln58_27618_fu_5746_p2  |         +|   0|  0|   16|           9|           9|
    |add_ln58_27619_fu_2706_p2  |         +|   0|  0|   13|           6|           6|
    |add_ln58_27620_fu_2715_p2  |         +|   0|  0|   14|           7|           7|
    |add_ln58_27621_fu_1633_p2  |         +|   0|  0|   13|           6|           6|
    |add_ln58_27622_fu_1639_p2  |         +|   0|  0|   12|           5|           5|
    |add_ln58_27623_fu_2727_p2  |         +|   0|  0|   14|           7|           7|
    |add_ln58_27624_fu_5758_p2  |         +|   0|  0|   15|           8|           8|
    |add_ln58_27625_fu_5768_p2  |         +|   0|  0|   18|           9|           9|
    |add_ln58_27626_fu_1645_p2  |         +|   0|  0|   12|           5|           5|
    |add_ln58_27627_fu_2736_p2  |         +|   0|  0|   13|           6|           6|
    |add_ln58_27628_fu_1651_p2  |         +|   0|  0|   12|           5|           5|
    |add_ln58_27629_fu_1657_p2  |         +|   0|  0|   12|           5|           5|
    |add_ln58_27630_fu_2752_p2  |         +|   0|  0|   13|           6|           6|
    |add_ln58_27631_fu_2762_p2  |         +|   0|  0|   14|           7|           7|
    |add_ln58_27632_fu_1663_p2  |         +|   0|  0|   12|           5|           5|
    |add_ln58_27633_fu_1669_p2  |         +|   0|  0|   12|           5|           5|
    |add_ln58_27634_fu_2774_p2  |         +|   0|  0|   13|           6|           6|
    |add_ln58_27635_fu_1675_p2  |         +|   0|  0|   12|           5|           5|
    |add_ln58_27636_fu_1681_p2  |         +|   0|  0|   12|           5|           5|
    |add_ln58_27637_fu_2790_p2  |         +|   0|  0|   13|           6|           6|
    |add_ln58_27638_fu_2800_p2  |         +|   0|  0|   14|           7|           7|
    |add_ln58_27639_fu_5780_p2  |         +|   0|  0|   15|           8|           8|
    |add_ln58_27640_fu_5790_p2  |         +|   0|  0|   18|           9|           9|
    |add_ln58_27641_fu_2806_p2  |         +|   0|  0|   13|           6|           6|
    |add_ln58_27642_fu_2816_p2  |         +|   0|  0|   14|           7|           7|
    |add_ln58_27643_fu_2822_p2  |         +|   0|  0|   13|           6|           6|
    |add_ln58_27644_fu_2832_p2  |         +|   0|  0|   14|           7|           7|
    |add_ln58_27645_fu_5802_p2  |         +|   0|  0|   15|           8|           8|
    |add_ln58_27646_fu_1687_p2  |         +|   0|  0|   13|           6|           6|
    |add_ln58_27647_fu_2841_p2  |         +|   0|  0|   14|           7|           7|
    |add_ln58_27648_fu_2847_p2  |         +|   0|  0|   19|           8|           8|
    |add_ln58_27649_fu_2853_p2  |         +|   0|  0|   19|           8|           8|
    |add_ln58_27650_fu_5818_p2  |         +|   0|  0|   16|           9|           9|
    |add_ln58_27651_fu_5824_p2  |         +|   0|  0|   18|           9|           9|
    |add_ln58_27652_fu_1693_p2  |         +|   0|  0|   12|           5|           5|
    |add_ln58_27653_fu_2862_p2  |         +|   0|  0|   13|           6|           6|
    |add_ln58_27654_fu_1699_p2  |         +|   0|  0|   12|           5|           5|
    |add_ln58_27655_fu_2874_p2  |         +|   0|  0|   13|           6|           6|
    |add_ln58_27656_fu_2884_p2  |         +|   0|  0|   14|           7|           7|
    |add_ln58_27657_fu_1705_p2  |         +|   0|  0|   12|           5|           5|
    |add_ln58_27658_fu_2893_p2  |         +|   0|  0|   13|           6|           6|
    |add_ln58_27659_fu_2903_p2  |         +|   0|  0|   13|           6|           6|
    |add_ln58_27660_fu_2913_p2  |         +|   0|  0|   14|           7|           7|
    |add_ln58_27661_fu_5836_p2  |         +|   0|  0|   15|           8|           8|
    |add_ln58_27662_fu_5846_p2  |         +|   0|  0|   18|           9|           9|
    |add_ln58_27663_fu_2919_p2  |         +|   0|  0|   14|           7|           7|
    |add_ln58_27664_fu_2925_p2  |         +|   0|  0|   13|           6|           6|
    |add_ln58_27665_fu_2935_p2  |         +|   0|  0|   14|           7|           7|
    |add_ln58_27666_fu_5858_p2  |         +|   0|  0|   15|           8|           8|
    |add_ln58_27667_fu_2941_p2  |         +|   0|  0|   13|           6|           6|
    |add_ln58_27668_fu_2951_p2  |         +|   0|  0|   14|           7|           7|
    |add_ln58_27669_fu_2957_p2  |         +|   0|  0|   13|           6|           6|
    |add_ln58_27670_fu_2965_p2  |         +|   0|  0|   13|           6|           6|
    |add_ln58_27671_fu_2973_p2  |         +|   0|  0|   14|           7|           7|
    |add_ln58_27672_fu_5874_p2  |         +|   0|  0|   15|           8|           8|
    |add_ln58_27673_fu_5884_p2  |         +|   0|  0|   18|           9|           9|
    |add_ln58_27674_fu_1711_p2  |         +|   0|  0|   13|           6|           6|
    |add_ln58_27675_fu_2982_p2  |         +|   0|  0|   14|           7|           7|
    |add_ln58_27676_fu_2992_p2  |         +|   0|  0|   16|           7|           7|
    |add_ln58_27677_fu_1717_p2  |         +|   0|  0|   12|           5|           5|
    |add_ln58_27678_fu_2999_p2  |         +|   0|  0|   16|           7|           7|
    |add_ln58_27679_fu_3009_p2  |         +|   0|  0|   15|           8|           8|
    |add_ln58_27680_fu_1723_p2  |         +|   0|  0|   12|           5|           5|
    |add_ln58_27681_fu_1729_p2  |         +|   0|  0|   12|           5|           5|
    |add_ln58_27682_fu_3021_p2  |         +|   0|  0|   13|           6|           6|
    |add_ln58_27683_fu_3031_p2  |         +|   0|  0|   14|           7|           7|
    |add_ln58_27684_fu_5896_p2  |         +|   0|  0|   16|           9|           9|
    |add_ln58_27685_fu_5902_p2  |         +|   0|  0|   18|           9|           9|
    |add_ln58_27686_fu_3037_p2  |         +|   0|  0|   13|           6|           6|
    |add_ln58_27687_fu_3051_p2  |         +|   0|  0|   15|           8|           8|
    |add_ln58_27688_fu_3057_p2  |         +|   0|  0|   13|           6|           6|
    |add_ln58_27689_fu_3067_p2  |         +|   0|  0|   14|           7|           7|
    |add_ln58_27690_fu_5914_p2  |         +|   0|  0|   16|           9|           9|
    |add_ln58_27691_fu_3073_p2  |         +|   0|  0|   14|           7|           7|
    |add_ln58_27692_fu_3079_p2  |         +|   0|  0|   13|           6|           6|
    |add_ln58_27693_fu_1735_p2  |         +|   0|  0|   12|           5|           5|
    |add_ln58_27694_fu_3090_p2  |         +|   0|  0|   14|           7|           7|
    |add_ln58_27695_fu_5926_p2  |         +|   0|  0|   15|           8|           8|
    |add_ln58_27696_fu_5936_p2  |         +|   0|  0|   18|           9|           9|
    |add_ln58_27697_fu_1741_p2  |         +|   0|  0|   12|           5|           5|
    |add_ln58_27698_fu_3099_p2  |         +|   0|  0|   13|           6|           6|
    |add_ln58_27699_fu_3109_p2  |         +|   0|  0|   14|           7|           7|
    |add_ln58_27700_fu_3115_p2  |         +|   0|  0|   13|           6|           6|
    |add_ln58_27701_fu_1747_p2  |         +|   0|  0|   12|           5|           5|
    |add_ln58_27702_fu_3128_p2  |         +|   0|  0|   13|           6|           6|
    |add_ln58_27703_fu_3138_p2  |         +|   0|  0|   14|           7|           7|
    |add_ln58_27704_fu_5948_p2  |         +|   0|  0|   15|           8|           8|
    |add_ln58_27705_fu_5958_p2  |         +|   0|  0|   18|           9|           9|
    |add_ln58_27706_fu_3144_p2  |         +|   0|  0|   19|           8|           8|
    |add_ln58_27707_fu_3150_p2  |         +|   0|  0|   19|           8|           8|
    |add_ln58_27708_fu_3156_p2  |         +|   0|  0|   13|           6|           6|
    |add_ln58_27709_fu_3166_p2  |         +|   0|  0|   14|           7|           7|
    |add_ln58_27710_fu_5970_p2  |         +|   0|  0|   16|           9|           9|
    |add_ln58_27711_fu_3172_p2  |         +|   0|  0|   13|           6|           6|
    |add_ln58_27712_fu_3182_p2  |         +|   0|  0|   14|           7|           7|
    |add_ln58_27713_fu_3188_p2  |         +|   0|  0|   13|           6|           6|
    |add_ln58_27714_fu_3198_p2  |         +|   0|  0|   13|           6|           6|
    |add_ln58_27715_fu_3206_p2  |         +|   0|  0|   14|           7|           7|
    |add_ln58_27716_fu_5982_p2  |         +|   0|  0|   15|           8|           8|
    |add_ln58_27717_fu_5992_p2  |         +|   0|  0|   18|           9|           9|
    |add_ln58_27718_fu_1753_p2  |         +|   0|  0|   13|           6|           6|
    |add_ln58_27719_fu_3215_p2  |         +|   0|  0|   14|           7|           7|
    |add_ln58_27720_fu_1759_p2  |         +|   0|  0|   12|           5|           5|
    |add_ln58_27721_fu_1765_p2  |         +|   0|  0|   12|           5|           5|
    |add_ln58_27722_fu_3227_p2  |         +|   0|  0|   13|           6|           6|
    |add_ln58_27723_fu_6004_p2  |         +|   0|  0|   19|           8|           8|
    |add_ln58_27724_fu_3233_p2  |         +|   0|  0|   13|           6|           6|
    |add_ln58_27725_fu_1771_p2  |         +|   0|  0|   12|           5|           5|
    |add_ln58_27726_fu_3246_p2  |         +|   0|  0|   13|           6|           6|
    |add_ln58_27727_fu_3256_p2  |         +|   0|  0|   14|           7|           7|
    |add_ln58_27728_fu_6013_p2  |         +|   0|  0|   19|           8|           8|
    |add_ln58_27729_fu_6023_p2  |         +|   0|  0|   18|           9|           9|
    |add_ln58_27730_fu_3262_p2  |         +|   0|  0|   19|           8|           8|
    |add_ln58_27731_fu_3267_p2  |         +|   0|  0|   19|           8|           8|
    |add_ln58_27732_fu_3273_p2  |         +|   0|  0|   13|           6|           6|
    |add_ln58_27733_fu_3283_p2  |         +|   0|  0|   13|           6|           6|
    |add_ln58_27734_fu_3293_p2  |         +|   0|  0|   14|           7|           7|
    |add_ln58_27735_fu_6035_p2  |         +|   0|  0|   16|           9|           9|
    |add_ln58_27736_fu_3299_p2  |         +|   0|  0|   14|           7|           7|
    |add_ln58_27737_fu_3305_p2  |         +|   0|  0|   13|           6|           6|
    |add_ln58_27738_fu_3315_p2  |         +|   0|  0|   13|           6|           6|
    |add_ln58_27739_fu_3323_p2  |         +|   0|  0|   14|           7|           7|
    |add_ln58_27740_fu_6047_p2  |         +|   0|  0|   15|           8|           8|
    |add_ln58_27741_fu_6057_p2  |         +|   0|  0|   18|           9|           9|
    |add_ln58_27742_fu_1777_p2  |         +|   0|  0|   12|           5|           5|
    |add_ln58_27743_fu_3332_p2  |         +|   0|  0|   13|           6|           6|
    |add_ln58_27744_fu_1783_p2  |         +|   0|  0|   12|           5|           5|
    |add_ln58_27745_fu_3347_p2  |         +|   0|  0|   13|           6|           6|
    |add_ln58_27746_fu_3357_p2  |         +|   0|  0|   14|           7|           7|
    |add_ln58_27747_fu_1789_p2  |         +|   0|  0|   12|           5|           5|
    |add_ln58_27748_fu_3366_p2  |         +|   0|  0|   13|           6|           6|
    |add_ln58_27749_fu_1795_p2  |         +|   0|  0|   12|           5|           5|
    |add_ln58_27750_fu_3379_p2  |         +|   0|  0|   13|           6|           6|
    |add_ln58_27751_fu_3389_p2  |         +|   0|  0|   14|           7|           7|
    |add_ln58_27752_fu_6069_p2  |         +|   0|  0|   15|           8|           8|
    |add_ln58_27753_fu_6079_p2  |         +|   0|  0|   18|           9|           9|
    |add_ln58_27754_fu_3395_p2  |         +|   0|  0|   19|           8|           8|
    |add_ln58_27755_fu_3400_p2  |         +|   0|  0|   19|           8|           8|
    |add_ln58_27756_fu_3406_p2  |         +|   0|  0|   14|           7|           7|
    |add_ln58_27757_fu_6091_p2  |         +|   0|  0|   16|           9|           9|
    |add_ln58_27758_fu_3412_p2  |         +|   0|  0|   13|           6|           6|
    |add_ln58_27759_fu_3421_p2  |         +|   0|  0|   14|           7|           7|
    |add_ln58_27760_fu_6100_p2  |         +|   0|  0|   15|           8|           8|
    |add_ln58_27761_fu_6110_p2  |         +|   0|  0|   18|           9|           9|
    |add_ln58_27762_fu_1801_p2  |         +|   0|  0|   12|           5|           5|
    |add_ln58_27763_fu_3430_p2  |         +|   0|  0|   13|           6|           6|
    |add_ln58_27764_fu_1807_p2  |         +|   0|  0|   12|           5|           5|
    |add_ln58_27765_fu_3443_p2  |         +|   0|  0|   13|           6|           6|
    |add_ln58_27766_fu_3453_p2  |         +|   0|  0|   14|           7|           7|
    |add_ln58_27767_fu_1813_p2  |         +|   0|  0|   12|           5|           5|
    |add_ln58_27768_fu_3462_p2  |         +|   0|  0|   13|           6|           6|
    |add_ln58_27769_fu_1819_p2  |         +|   0|  0|   12|           5|           5|
    |add_ln58_27770_fu_1825_p2  |         +|   0|  0|   12|           5|           5|
    |add_ln58_27771_fu_3478_p2  |         +|   0|  0|   13|           6|           6|
    |add_ln58_27772_fu_3488_p2  |         +|   0|  0|   14|           7|           7|
    |add_ln58_27773_fu_6122_p2  |         +|   0|  0|   15|           8|           8|
    |add_ln58_27774_fu_6132_p2  |         +|   0|  0|   18|           9|           9|
    |add_ln58_27775_fu_3494_p2  |         +|   0|  0|   13|           6|           6|
    |add_ln58_27776_fu_3508_p2  |         +|   0|  0|   15|           8|           8|
    |add_ln58_27777_fu_3514_p2  |         +|   0|  0|   13|           6|           6|
    |add_ln58_27778_fu_3524_p2  |         +|   0|  0|   14|           7|           7|
    |add_ln58_27779_fu_6147_p2  |         +|   0|  0|   16|           9|           9|
    |add_ln58_27780_fu_3530_p2  |         +|   0|  0|   13|           6|           6|
    |add_ln58_27781_fu_3540_p2  |         +|   0|  0|   14|           7|           7|
    |add_ln58_27782_fu_3546_p2  |         +|   0|  0|   14|           7|           7|
    |add_ln58_27783_fu_6159_p2  |         +|   0|  0|   15|           8|           8|
    |add_ln58_27784_fu_6169_p2  |         +|   0|  0|   18|           9|           9|
    |add_ln58_27785_fu_3552_p2  |         +|   0|  0|   14|           7|           7|
    |add_ln58_27786_fu_1831_p2  |         +|   0|  0|   13|           6|           6|
    |add_ln58_27787_fu_3565_p2  |         +|   0|  0|   14|           7|           7|
    |add_ln58_27788_fu_3575_p2  |         +|   0|  0|   15|           8|           8|
    |add_ln58_27789_fu_1837_p2  |         +|   0|  0|   12|           5|           5|
    |add_ln58_27790_fu_3584_p2  |         +|   0|  0|   13|           6|           6|
    |add_ln58_27791_fu_1843_p2  |         +|   0|  0|   12|           5|           5|
    |add_ln58_27792_fu_3597_p2  |         +|   0|  0|   13|           6|           6|
    |add_ln58_27793_fu_3607_p2  |         +|   0|  0|   14|           7|           7|
    |add_ln58_27794_fu_6181_p2  |         +|   0|  0|   16|           9|           9|
    |add_ln58_27795_fu_6187_p2  |         +|   0|  0|   18|           9|           9|
    |add_ln58_27796_fu_3613_p2  |         +|   0|  0|   13|           6|           6|
    |add_ln58_27797_fu_3627_p2  |         +|   0|  0|   15|           8|           8|
    |add_ln58_27798_fu_3633_p2  |         +|   0|  0|   13|           6|           6|
    |add_ln58_27799_fu_3643_p2  |         +|   0|  0|   14|           7|           7|
    |add_ln58_27800_fu_6202_p2  |         +|   0|  0|   16|           9|           9|
    |add_ln58_27801_fu_3649_p2  |         +|   0|  0|   13|           6|           6|
    |add_ln58_27802_fu_3659_p2  |         +|   0|  0|   14|           7|           7|
    |add_ln58_27803_fu_3665_p2  |         +|   0|  0|   13|           6|           6|
    |add_ln58_27804_fu_3673_p2  |         +|   0|  0|   14|           7|           7|
    |add_ln58_27805_fu_6214_p2  |         +|   0|  0|   15|           8|           8|
    |add_ln58_27806_fu_6224_p2  |         +|   0|  0|   18|           9|           9|
    |add_ln58_27807_fu_1849_p2  |         +|   0|  0|   12|           5|           5|
    |add_ln58_27808_fu_3682_p2  |         +|   0|  0|   13|           6|           6|
    |add_ln58_27809_fu_1855_p2  |         +|   0|  0|   12|           5|           5|
    |add_ln58_27810_fu_3694_p2  |         +|   0|  0|   13|           6|           6|
    |add_ln58_27811_fu_3704_p2  |         +|   0|  0|   14|           7|           7|
    |add_ln58_27812_fu_1861_p2  |         +|   0|  0|   12|           5|           5|
    |add_ln58_27813_fu_3713_p2  |         +|   0|  0|   13|           6|           6|
    |add_ln58_27814_fu_3723_p2  |         +|   0|  0|   13|           6|           6|
    |add_ln58_27815_fu_3733_p2  |         +|   0|  0|   14|           7|           7|
    |add_ln58_27816_fu_6236_p2  |         +|   0|  0|   15|           8|           8|
    |add_ln58_27817_fu_6246_p2  |         +|   0|  0|   18|           9|           9|
    |add_ln58_27818_fu_3739_p2  |         +|   0|  0|   19|           8|           8|
    |add_ln58_27819_fu_3745_p2  |         +|   0|  0|   19|           8|           8|
    |add_ln58_27820_fu_6255_p2  |         +|   0|  0|   16|           9|           9|
    |add_ln58_27821_fu_3751_p2  |         +|   0|  0|   13|           6|           6|
    |add_ln58_27822_fu_3761_p2  |         +|   0|  0|   14|           7|           7|
    |add_ln58_27823_fu_3767_p2  |         +|   0|  0|   13|           6|           6|
    |add_ln58_27824_fu_3776_p2  |         +|   0|  0|   14|           7|           7|
    |add_ln58_27825_fu_6267_p2  |         +|   0|  0|   15|           8|           8|
    |add_ln58_27826_fu_6277_p2  |         +|   0|  0|   18|           9|           9|
    |add_ln58_27827_fu_1867_p2  |         +|   0|  0|   12|           5|           5|
    |add_ln58_27828_fu_3785_p2  |         +|   0|  0|   13|           6|           6|
    |add_ln58_27829_fu_3794_p2  |         +|   0|  0|   13|           6|           6|
    |add_ln58_27830_fu_3804_p2  |         +|   0|  0|   14|           7|           7|
    |add_ln58_27831_fu_6286_p2  |         +|   0|  0|   15|           8|           8|
    |add_ln58_27832_fu_6296_p2  |         +|   0|  0|   18|           9|           9|
    |add_ln58_27833_fu_3810_p2  |         +|   0|  0|   13|           6|           6|
    |add_ln58_27834_fu_3824_p2  |         +|   0|  0|   15|           8|           8|
    |add_ln58_27835_fu_3830_p2  |         +|   0|  0|   14|           7|           7|
    |add_ln58_27836_fu_6308_p2  |         +|   0|  0|   16|           9|           9|
    |add_ln58_27837_fu_3836_p2  |         +|   0|  0|   14|           7|           7|
    |add_ln58_27838_fu_3842_p2  |         +|   0|  0|   13|           6|           6|
    |add_ln58_27839_fu_3850_p2  |         +|   0|  0|   14|           7|           7|
    |add_ln58_27840_fu_6320_p2  |         +|   0|  0|   15|           8|           8|
    |add_ln58_27841_fu_6330_p2  |         +|   0|  0|   18|           9|           9|
    |add_ln58_27842_fu_1873_p2  |         +|   0|  0|   12|           5|           5|
    |add_ln58_27843_fu_3859_p2  |         +|   0|  0|   13|           6|           6|
    |add_ln58_27844_fu_1878_p2  |         +|   0|  0|   12|           5|           5|
    |add_ln58_27845_fu_3871_p2  |         +|   0|  0|   13|           6|           6|
    |add_ln58_27846_fu_3881_p2  |         +|   0|  0|   14|           7|           7|
    |add_ln58_27847_fu_1884_p2  |         +|   0|  0|   12|           5|           5|
    |add_ln58_27848_fu_3890_p2  |         +|   0|  0|   13|           6|           6|
    |add_ln58_27849_fu_3900_p2  |         +|   0|  0|   14|           7|           7|
    |add_ln58_27850_fu_6342_p2  |         +|   0|  0|   15|           8|           8|
    |add_ln58_27851_fu_6352_p2  |         +|   0|  0|   18|           9|           9|
    |add_ln58_27852_fu_3906_p2  |         +|   0|  0|   13|           6|           6|
    |add_ln58_27853_fu_3915_p2  |         +|   0|  0|   15|           8|           8|
    |add_ln58_27854_fu_3921_p2  |         +|   0|  0|   14|           7|           7|
    |add_ln58_27855_fu_6364_p2  |         +|   0|  0|   16|           9|           9|
    |add_ln58_27856_fu_3927_p2  |         +|   0|  0|   13|           6|           6|
    |add_ln58_27857_fu_3937_p2  |         +|   0|  0|   14|           7|           7|
    |add_ln58_27858_fu_3943_p2  |         +|   0|  0|   13|           6|           6|
    |add_ln58_27859_fu_1890_p2  |         +|   0|  0|   13|           6|           6|
    |add_ln58_27860_fu_3955_p2  |         +|   0|  0|   14|           7|           7|
    |add_ln58_27861_fu_6376_p2  |         +|   0|  0|   15|           8|           8|
    |add_ln58_27862_fu_6386_p2  |         +|   0|  0|   18|           9|           9|
    |add_ln58_27863_fu_1896_p2  |         +|   0|  0|   13|           6|           6|
    |add_ln58_27864_fu_3964_p2  |         +|   0|  0|   14|           7|           7|
    |add_ln58_27865_fu_1902_p2  |         +|   0|  0|   12|           5|           5|
    |add_ln58_27866_fu_3977_p2  |         +|   0|  0|   13|           6|           6|
    |add_ln58_27867_fu_3987_p2  |         +|   0|  0|   15|           8|           8|
    |add_ln58_27868_fu_1908_p2  |         +|   0|  0|   12|           5|           5|
    |add_ln58_27869_fu_1914_p2  |         +|   0|  0|   12|           5|           5|
    |add_ln58_27870_fu_3999_p2  |         +|   0|  0|   13|           6|           6|
    |add_ln58_27871_fu_1920_p2  |         +|   0|  0|   12|           5|           5|
    |add_ln58_27872_fu_4012_p2  |         +|   0|  0|   13|           6|           6|
    |add_ln58_27873_fu_4022_p2  |         +|   0|  0|   14|           7|           7|
    |add_ln58_27874_fu_6398_p2  |         +|   0|  0|   16|           9|           9|
    |add_ln58_27875_fu_6404_p2  |         +|   0|  0|   18|           9|           9|
    |add_ln58_27876_fu_4028_p2  |         +|   0|  0|   19|           8|           8|
    |add_ln58_27877_fu_4034_p2  |         +|   0|  0|   19|           8|           8|
    |add_ln58_27878_fu_4040_p2  |         +|   0|  0|   13|           6|           6|
    |add_ln58_27879_fu_4050_p2  |         +|   0|  0|   14|           7|           7|
    |add_ln58_27880_fu_6419_p2  |         +|   0|  0|   16|           9|           9|
    |add_ln58_27881_fu_4056_p2  |         +|   0|  0|   13|           6|           6|
    |add_ln58_27882_fu_4066_p2  |         +|   0|  0|   14|           7|           7|
    |add_ln58_27883_fu_1926_p2  |         +|   0|  0|   13|           6|           6|
    |add_ln58_27884_fu_4075_p2  |         +|   0|  0|   14|           7|           7|
    |add_ln58_27885_fu_6431_p2  |         +|   0|  0|   15|           8|           8|
    |add_ln58_27886_fu_6441_p2  |         +|   0|  0|   18|           9|           9|
    |add_ln58_27887_fu_4081_p2  |         +|   0|  0|   13|           6|           6|
    |add_ln58_27888_fu_4091_p2  |         +|   0|  0|   13|           6|           6|
    |add_ln58_27889_fu_4101_p2  |         +|   0|  0|   14|           7|           7|
    |add_ln58_27890_fu_4107_p2  |         +|   0|  0|   14|           7|           7|
    |add_ln58_27891_fu_6453_p2  |         +|   0|  0|   15|           8|           8|
    |add_ln58_27892_fu_6463_p2  |         +|   0|  0|   18|           9|           9|
    |add_ln58_27893_fu_4113_p2  |         +|   0|  0|   19|           8|           8|
    |add_ln58_27894_fu_4119_p2  |         +|   0|  0|   19|           8|           8|
    |add_ln58_27895_fu_6472_p2  |         +|   0|  0|   16|           9|           9|
    |add_ln58_27896_fu_4125_p2  |         +|   0|  0|   13|           6|           6|
    |add_ln58_27897_fu_4135_p2  |         +|   0|  0|   14|           7|           7|
    |add_ln58_27898_fu_6481_p2  |         +|   0|  0|   15|           8|           8|
    |add_ln58_27899_fu_6491_p2  |         +|   0|  0|   18|           9|           9|
    |add_ln58_27900_fu_4141_p2  |         +|   0|  0|   14|           7|           7|
    |add_ln58_27901_fu_1932_p2  |         +|   0|  0|   13|           6|           6|
    |add_ln58_27902_fu_4157_p2  |         +|   0|  0|   14|           7|           7|
    |add_ln58_27903_fu_4167_p2  |         +|   0|  0|   15|           8|           8|
    |add_ln58_27904_fu_4173_p2  |         +|   0|  0|   13|           6|           6|
    |add_ln58_27905_fu_1938_p2  |         +|   0|  0|   12|           5|           5|
    |add_ln58_27906_fu_4185_p2  |         +|   0|  0|   13|           6|           6|
    |add_ln58_27907_fu_4195_p2  |         +|   0|  0|   14|           7|           7|
    |add_ln58_27908_fu_6503_p2  |         +|   0|  0|   16|           9|           9|
    |add_ln58_27909_fu_6509_p2  |         +|   0|  0|   18|           9|           9|
    |add_ln58_27910_fu_6515_p2  |         +|   0|  0|   18|           9|           9|
    |add_ln58_27911_fu_4201_p2  |         +|   0|  0|   13|           6|           6|
    |add_ln58_27912_fu_4211_p2  |         +|   0|  0|   14|           7|           7|
    |add_ln58_27913_fu_6524_p2  |         +|   0|  0|   18|           9|           9|
    |add_ln58_27914_fu_4217_p2  |         +|   0|  0|   13|           6|           6|
    |add_ln58_27915_fu_4226_p2  |         +|   0|  0|   14|           7|           7|
    |add_ln58_27916_fu_4232_p2  |         +|   0|  0|   14|           7|           7|
    |add_ln58_27917_fu_6536_p2  |         +|   0|  0|   15|           8|           8|
    |add_ln58_27918_fu_6546_p2  |         +|   0|  0|   18|           9|           9|
    |add_ln58_27919_fu_1944_p2  |         +|   0|  0|   12|           5|           5|
    |add_ln58_27920_fu_4241_p2  |         +|   0|  0|   13|           6|           6|
    |add_ln58_27921_fu_4250_p2  |         +|   0|  0|   14|           7|           7|
    |add_ln58_27922_fu_1950_p2  |         +|   0|  0|   12|           5|           5|
    |add_ln58_27923_fu_4259_p2  |         +|   0|  0|   13|           6|           6|
    |add_ln58_27924_fu_4269_p2  |         +|   0|  0|   13|           6|           6|
    |add_ln58_27925_fu_4279_p2  |         +|   0|  0|   14|           7|           7|
    |add_ln58_27926_fu_6558_p2  |         +|   0|  0|   15|           8|           8|
    |add_ln58_27927_fu_6568_p2  |         +|   0|  0|   18|           9|           9|
    |add_ln58_27928_fu_4285_p2  |         +|   0|  0|   13|           6|           6|
    |add_ln58_27929_fu_4294_p2  |         +|   0|  0|   19|           8|           8|
    |add_ln58_27930_fu_4300_p2  |         +|   0|  0|   19|           8|           8|
    |add_ln58_27931_fu_4306_p2  |         +|   0|  0|   13|           6|           6|
    |add_ln58_27932_fu_4316_p2  |         +|   0|  0|   14|           7|           7|
    |add_ln58_27933_fu_6580_p2  |         +|   0|  0|   16|           9|           9|
    |add_ln58_27934_fu_4322_p2  |         +|   0|  0|   13|           6|           6|
    |add_ln58_27935_fu_4332_p2  |         +|   0|  0|   14|           7|           7|
    |add_ln58_27936_fu_4338_p2  |         +|   0|  0|   14|           7|           7|
    |add_ln58_27937_fu_6592_p2  |         +|   0|  0|   15|           8|           8|
    |add_ln58_27938_fu_6602_p2  |         +|   0|  0|   18|           9|           9|
    |add_ln58_27939_fu_4344_p2  |         +|   0|  0|   14|           7|           7|
    |add_ln58_27940_fu_4354_p2  |         +|   0|  0|   14|           7|           7|
    |add_ln58_27941_fu_4364_p2  |         +|   0|  0|   15|           8|           8|
    |add_ln58_27942_fu_1956_p2  |         +|   0|  0|   12|           5|           5|
    |add_ln58_27943_fu_4373_p2  |         +|   0|  0|   13|           6|           6|
    |add_ln58_27944_fu_1962_p2  |         +|   0|  0|   12|           5|           5|
    |add_ln58_27945_fu_1968_p2  |         +|   0|  0|   12|           5|           5|
    |add_ln58_27946_fu_4389_p2  |         +|   0|  0|   13|           6|           6|
    |add_ln58_27947_fu_4399_p2  |         +|   0|  0|   14|           7|           7|
    |add_ln58_27948_fu_6614_p2  |         +|   0|  0|   16|           9|           9|
    |add_ln58_27949_fu_6620_p2  |         +|   0|  0|   18|           9|           9|
    |add_ln58_27950_fu_4405_p2  |         +|   0|  0|   13|           6|           6|
    |add_ln58_27951_fu_4415_p2  |         +|   0|  0|   15|           8|           8|
    |add_ln58_27952_fu_4421_p2  |         +|   0|  0|   14|           7|           7|
    |add_ln58_27953_fu_6632_p2  |         +|   0|  0|   16|           9|           9|
    |add_ln58_27954_fu_4427_p2  |         +|   0|  0|   14|           7|           7|
    |add_ln58_27955_fu_6641_p2  |         +|   0|  0|   15|           8|           8|
    |add_ln58_27956_fu_6651_p2  |         +|   0|  0|   18|           9|           9|
    |add_ln58_27957_fu_4433_p2  |         +|   0|  0|   13|           6|           6|
    |add_ln58_27958_fu_4441_p2  |         +|   0|  0|   14|           7|           7|
    |add_ln58_27959_fu_4447_p2  |         +|   0|  0|   13|           6|           6|
    |add_ln58_27960_fu_6663_p2  |         +|   0|  0|   19|           8|           8|
    |add_ln58_27961_fu_1974_p2  |         +|   0|  0|   12|           5|           5|
    |add_ln58_27962_fu_4456_p2  |         +|   0|  0|   13|           6|           6|
    |add_ln58_27963_fu_1980_p2  |         +|   0|  0|   12|           5|           5|
    |add_ln58_27964_fu_4469_p2  |         +|   0|  0|   13|           6|           6|
    |add_ln58_27965_fu_4479_p2  |         +|   0|  0|   14|           7|           7|
    |add_ln58_27966_fu_6672_p2  |         +|   0|  0|   19|           8|           8|
    |add_ln58_27967_fu_6682_p2  |         +|   0|  0|   18|           9|           9|
    |add_ln58_27968_fu_4485_p2  |         +|   0|  0|   14|           7|           7|
    |add_ln58_27969_fu_6691_p2  |         +|   0|  0|   19|           8|           8|
    |add_ln58_27970_fu_4490_p2  |         +|   0|  0|   14|           7|           7|
    |add_ln58_27971_fu_6702_p2  |         +|   0|  0|   19|           8|           8|
    |add_ln58_27972_fu_4496_p2  |         +|   0|  0|   13|           6|           6|
    |add_ln58_27973_fu_4506_p2  |         +|   0|  0|   13|           6|           6|
    |add_ln58_27974_fu_4514_p2  |         +|   0|  0|   14|           7|           7|
    |add_ln58_27975_fu_6715_p2  |         +|   0|  0|   15|           8|           8|
    |add_ln58_27976_fu_6725_p2  |         +|   0|  0|   18|           9|           9|
    |add_ln58_27977_fu_4520_p2  |         +|   0|  0|   13|           6|           6|
    |add_ln58_27978_fu_4530_p2  |         +|   0|  0|   13|           6|           6|
    |add_ln58_27979_fu_4540_p2  |         +|   0|  0|   14|           7|           7|
    |add_ln58_27980_fu_4546_p2  |         +|   0|  0|   13|           6|           6|
    |add_ln58_27981_fu_4556_p2  |         +|   0|  0|   14|           7|           7|
    |add_ln58_27982_fu_6737_p2  |         +|   0|  0|   15|           8|           8|
    |add_ln58_27983_fu_6747_p2  |         +|   0|  0|   18|           9|           9|
    |add_ln58_27984_fu_1986_p2  |         +|   0|  0|   16|           7|           7|
    |add_ln58_27985_fu_1992_p2  |         +|   0|  0|   16|           7|           7|
    |add_ln58_27986_fu_4562_p2  |         +|   0|  0|   13|           6|           6|
    |add_ln58_27987_fu_4572_p2  |         +|   0|  0|   14|           7|           7|
    |add_ln58_27988_fu_6759_p2  |         +|   0|  0|   15|           8|           8|
    |add_ln58_27989_fu_4578_p2  |         +|   0|  0|   14|           7|           7|
    |add_ln58_27990_fu_6772_p2  |         +|   0|  0|   15|           8|           8|
    |add_ln58_27991_fu_6782_p2  |         +|   0|  0|   18|           9|           9|
    |add_ln58_27992_fu_1998_p2  |         +|   0|  0|   12|           5|           5|
    |add_ln58_27993_fu_4587_p2  |         +|   0|  0|   14|           7|           7|
    |add_ln58_27994_fu_4597_p2  |         +|   0|  0|   15|           8|           8|
    |add_ln58_27995_fu_4603_p2  |         +|   0|  0|   13|           6|           6|
    |add_ln58_27996_fu_2004_p2  |         +|   0|  0|   12|           5|           5|
    |add_ln58_27997_fu_4616_p2  |         +|   0|  0|   13|           6|           6|
    |add_ln58_27998_fu_4626_p2  |         +|   0|  0|   14|           7|           7|
    |add_ln58_27999_fu_6794_p2  |         +|   0|  0|   16|           9|           9|
    |add_ln58_28000_fu_6800_p2  |         +|   0|  0|   18|           9|           9|
    |add_ln58_28001_fu_4632_p2  |         +|   0|  0|   19|           8|           8|
    |add_ln58_28002_fu_4638_p2  |         +|   0|  0|   19|           8|           8|
    |add_ln58_28003_fu_4644_p2  |         +|   0|  0|   13|           6|           6|
    |add_ln58_28004_fu_4654_p2  |         +|   0|  0|   14|           7|           7|
    |add_ln58_28005_fu_6812_p2  |         +|   0|  0|   16|           9|           9|
    |add_ln58_28006_fu_4660_p2  |         +|   0|  0|   14|           7|           7|
    |add_ln58_28007_fu_4666_p2  |         +|   0|  0|   13|           6|           6|
    |add_ln58_28008_fu_4674_p2  |         +|   0|  0|   14|           7|           7|
    |add_ln58_28009_fu_6824_p2  |         +|   0|  0|   15|           8|           8|
    |add_ln58_28010_fu_6834_p2  |         +|   0|  0|   18|           9|           9|
    |add_ln58_28011_fu_4680_p2  |         +|   0|  0|   13|           6|           6|
    |add_ln58_28012_fu_4689_p2  |         +|   0|  0|   14|           7|           7|
    |add_ln58_28013_fu_2010_p2  |         +|   0|  0|   12|           5|           5|
    |add_ln58_28014_fu_2020_p2  |         +|   0|  0|   12|           5|           5|
    |add_ln58_28015_fu_2030_p2  |         +|   0|  0|   13|           6|           6|
    |add_ln58_28016_fu_6846_p2  |         +|   0|  0|   19|           8|           8|
    |add_ln58_28017_fu_4695_p2  |         +|   0|  0|   13|           6|           6|
    |add_ln58_28018_fu_2036_p2  |         +|   0|  0|   12|           5|           5|
    |add_ln58_28019_fu_4708_p2  |         +|   0|  0|   13|           6|           6|
    |add_ln58_28020_fu_4718_p2  |         +|   0|  0|   14|           7|           7|
    |add_ln58_28021_fu_6855_p2  |         +|   0|  0|   19|           8|           8|
    |add_ln58_28022_fu_6865_p2  |         +|   0|  0|   18|           9|           9|
    |add_ln58_28023_fu_4724_p2  |         +|   0|  0|   15|           8|           8|
    |add_ln58_28024_fu_4730_p2  |         +|   0|  0|   14|           7|           7|
    |add_ln58_28025_fu_6877_p2  |         +|   0|  0|   16|           9|           9|
    |add_ln58_28026_fu_4736_p2  |         +|   0|  0|   14|           7|           7|
    |add_ln58_28027_fu_4742_p2  |         +|   0|  0|   14|           7|           7|
    |add_ln58_28028_fu_6889_p2  |         +|   0|  0|   15|           8|           8|
    |add_ln58_28029_fu_6899_p2  |         +|   0|  0|   18|           9|           9|
    |add_ln58_28030_fu_2042_p2  |         +|   0|  0|   13|           6|           6|
    |add_ln58_28031_fu_4751_p2  |         +|   0|  0|   14|           7|           7|
    |add_ln58_28032_fu_2048_p2  |         +|   0|  0|   13|           6|           6|
    |add_ln58_28033_fu_4764_p2  |         +|   0|  0|   14|           7|           7|
    |add_ln58_28034_fu_4774_p2  |         +|   0|  0|   15|           8|           8|
    |add_ln58_28035_fu_2054_p2  |         +|   0|  0|   12|           5|           5|
    |add_ln58_28036_fu_4783_p2  |         +|   0|  0|   13|           6|           6|
    |add_ln58_28037_fu_4793_p2  |         +|   0|  0|   14|           7|           7|
    |add_ln58_28038_fu_6911_p2  |         +|   0|  0|   16|           9|           9|
    |add_ln58_28039_fu_6917_p2  |         +|   0|  0|   18|           9|           9|
    |add_ln58_28040_fu_4799_p2  |         +|   0|  0|   13|           6|           6|
    |add_ln58_28041_fu_4813_p2  |         +|   0|  0|   15|           8|           8|
    |add_ln58_28042_fu_6926_p2  |         +|   0|  0|   16|           9|           9|
    |add_ln58_28043_fu_4819_p2  |         +|   0|  0|   13|           6|           6|
    |add_ln58_28044_fu_4829_p2  |         +|   0|  0|   13|           6|           6|
    |add_ln58_28045_fu_4839_p2  |         +|   0|  0|   14|           7|           7|
    |add_ln58_28046_fu_6935_p2  |         +|   0|  0|   15|           8|           8|
    |add_ln58_28047_fu_6945_p2  |         +|   0|  0|   18|           9|           9|
    |add_ln58_28048_fu_2060_p2  |         +|   0|  0|   12|           5|           5|
    |add_ln58_28049_fu_4848_p2  |         +|   0|  0|   14|           7|           7|
    |add_ln58_28050_fu_4858_p2  |         +|   0|  0|   15|           8|           8|
    |add_ln58_28051_fu_4864_p2  |         +|   0|  0|   13|           6|           6|
    |add_ln58_28052_fu_4874_p2  |         +|   0|  0|   13|           6|           6|
    |add_ln58_28053_fu_4884_p2  |         +|   0|  0|   14|           7|           7|
    |add_ln58_28054_fu_6957_p2  |         +|   0|  0|   16|           9|           9|
    |add_ln58_28055_fu_6963_p2  |         +|   0|  0|   18|           9|           9|
    |add_ln58_28056_fu_2066_p2  |         +|   0|  0|   16|           7|           7|
    |add_ln58_28057_fu_2072_p2  |         +|   0|  0|   16|           7|           7|
    |add_ln58_28058_fu_4890_p2  |         +|   0|  0|   14|           7|           7|
    |add_ln58_28059_fu_6975_p2  |         +|   0|  0|   15|           8|           8|
    |add_ln58_28060_fu_4896_p2  |         +|   0|  0|   14|           7|           7|
    |add_ln58_28061_fu_4902_p2  |         +|   0|  0|   13|           6|           6|
    |add_ln58_28062_fu_4910_p2  |         +|   0|  0|   14|           7|           7|
    |add_ln58_28063_fu_6991_p2  |         +|   0|  0|   15|           8|           8|
    |add_ln58_28064_fu_7001_p2  |         +|   0|  0|   18|           9|           9|
    |add_ln58_28065_fu_2077_p2  |         +|   0|  0|   12|           5|           5|
    |add_ln58_28066_fu_2082_p2  |         +|   0|  0|   12|           5|           5|
    |add_ln58_28067_fu_4922_p2  |         +|   0|  0|   13|           6|           6|
    |add_ln58_28068_fu_4935_p2  |         +|   0|  0|   13|           6|           6|
    |add_ln58_28069_fu_4945_p2  |         +|   0|  0|   14|           7|           7|
    |add_ln58_28070_fu_4951_p2  |         +|   0|  0|   13|           6|           6|
    |add_ln58_28071_fu_2088_p2  |         +|   0|  0|   12|           5|           5|
    |add_ln58_28072_fu_4964_p2  |         +|   0|  0|   13|           6|           6|
    |add_ln58_28073_fu_4974_p2  |         +|   0|  0|   14|           7|           7|
    |add_ln58_28074_fu_7013_p2  |         +|   0|  0|   15|           8|           8|
    |add_ln58_28075_fu_7023_p2  |         +|   0|  0|   18|           9|           9|
    |add_ln58_28076_fu_4980_p2  |         +|   0|  0|   13|           6|           6|
    |add_ln58_28077_fu_4990_p2  |         +|   0|  0|   15|           8|           8|
    |add_ln58_28078_fu_4996_p2  |         +|   0|  0|   13|           6|           6|
    |add_ln58_28079_fu_5004_p2  |         +|   0|  0|   14|           7|           7|
    |add_ln58_28080_fu_7035_p2  |         +|   0|  0|   16|           9|           9|
    |add_ln58_28081_fu_5010_p2  |         +|   0|  0|   13|           6|           6|
    |add_ln58_28082_fu_5019_p2  |         +|   0|  0|   14|           7|           7|
    |add_ln58_28083_fu_2094_p2  |         +|   0|  0|   12|           5|           5|
    |add_ln58_28084_fu_5028_p2  |         +|   0|  0|   13|           6|           6|
    |add_ln58_28085_fu_7047_p2  |         +|   0|  0|   15|           8|           8|
    |add_ln58_28086_fu_7057_p2  |         +|   0|  0|   18|           9|           9|
    |add_ln58_28087_fu_5034_p2  |         +|   0|  0|   13|           6|           6|
    |add_ln58_28088_fu_2099_p2  |         +|   0|  0|   12|           5|           5|
    |add_ln58_28089_fu_5047_p2  |         +|   0|  0|   13|           6|           6|
    |add_ln58_28090_fu_5057_p2  |         +|   0|  0|   14|           7|           7|
    |add_ln58_28091_fu_5063_p2  |         +|   0|  0|   13|           6|           6|
    |add_ln58_28092_fu_2105_p2  |         +|   0|  0|   12|           5|           5|
    |add_ln58_28093_fu_5076_p2  |         +|   0|  0|   13|           6|           6|
    |add_ln58_28094_fu_5086_p2  |         +|   0|  0|   14|           7|           7|
    |add_ln58_28095_fu_7069_p2  |         +|   0|  0|   15|           8|           8|
    |add_ln58_28096_fu_7079_p2  |         +|   0|  0|   18|           9|           9|
    |add_ln58_28097_fu_5092_p2  |         +|   0|  0|   15|           8|           8|
    |add_ln58_28098_fu_5098_p2  |         +|   0|  0|   13|           6|           6|
    |add_ln58_28099_fu_5108_p2  |         +|   0|  0|   14|           7|           7|
    |add_ln58_28100_fu_7091_p2  |         +|   0|  0|   16|           9|           9|
    |add_ln58_28101_fu_5114_p2  |         +|   0|  0|   13|           6|           6|
    |add_ln58_28102_fu_5123_p2  |         +|   0|  0|   14|           7|           7|
    |add_ln58_28103_fu_5129_p2  |         +|   0|  0|   13|           6|           6|
    |add_ln58_28104_fu_2111_p2  |         +|   0|  0|   12|           5|           5|
    |add_ln58_28105_fu_5141_p2  |         +|   0|  0|   14|           7|           7|
    |add_ln58_28106_fu_7103_p2  |         +|   0|  0|   15|           8|           8|
    |add_ln58_28107_fu_7113_p2  |         +|   0|  0|   18|           9|           9|
    |add_ln58_28108_fu_5147_p2  |         +|   0|  0|   13|           6|           6|
    |add_ln58_28109_fu_5157_p2  |         +|   0|  0|   14|           7|           7|
    |add_ln58_28110_fu_5163_p2  |         +|   0|  0|   13|           6|           6|
    |add_ln58_28111_fu_5173_p2  |         +|   0|  0|   14|           7|           7|
    |add_ln58_28112_fu_7125_p2  |         +|   0|  0|   15|           8|           8|
    |add_ln58_28113_fu_7135_p2  |         +|   0|  0|   18|           9|           9|
    |add_ln58_28114_fu_5179_p2  |         +|   0|  0|   19|           8|           8|
    |add_ln58_28115_fu_5185_p2  |         +|   0|  0|   19|           8|           8|
    |add_ln58_28116_fu_5191_p2  |         +|   0|  0|   13|           6|           6|
    |add_ln58_28117_fu_5201_p2  |         +|   0|  0|   14|           7|           7|
    |add_ln58_28118_fu_7147_p2  |         +|   0|  0|   16|           9|           9|
    |add_ln58_28119_fu_5207_p2  |         +|   0|  0|   14|           7|           7|
    |add_ln58_28120_fu_5213_p2  |         +|   0|  0|   13|           6|           6|
    |add_ln58_28121_fu_5221_p2  |         +|   0|  0|   14|           7|           7|
    |add_ln58_28122_fu_7159_p2  |         +|   0|  0|   15|           8|           8|
    |add_ln58_28123_fu_7169_p2  |         +|   0|  0|   18|           9|           9|
    |add_ln58_28124_fu_2117_p2  |         +|   0|  0|   12|           5|           5|
    |add_ln58_28125_fu_5230_p2  |         +|   0|  0|   13|           6|           6|
    |add_ln58_28126_fu_5239_p2  |         +|   0|  0|   13|           6|           6|
    |add_ln58_28127_fu_5249_p2  |         +|   0|  0|   14|           7|           7|
    |add_ln58_28128_fu_2123_p2  |         +|   0|  0|   12|           5|           5|
    |add_ln58_28129_fu_5258_p2  |         +|   0|  0|   13|           6|           6|
    |add_ln58_28130_fu_5268_p2  |         +|   0|  0|   14|           7|           7|
    |add_ln58_28131_fu_7181_p2  |         +|   0|  0|   15|           8|           8|
    |add_ln58_28132_fu_7191_p2  |         +|   0|  0|   18|           9|           9|
    |add_ln58_28133_fu_7197_p2  |         +|   0|  0|   18|           9|           9|
    |add_ln58_28134_fu_7203_p2  |         +|   0|  0|   18|           9|           9|
    |add_ln58_28135_fu_5274_p2  |         +|   0|  0|   14|           7|           7|
    |add_ln58_28136_fu_5280_p2  |         +|   0|  0|   14|           7|           7|
    |add_ln58_28137_fu_7215_p2  |         +|   0|  0|   15|           8|           8|
    |add_ln58_28138_fu_7225_p2  |         +|   0|  0|   18|           9|           9|
    |add_ln58_28139_fu_2129_p2  |         +|   0|  0|   13|           6|           6|
    |add_ln58_28140_fu_5289_p2  |         +|   0|  0|   14|           7|           7|
    |add_ln58_28141_fu_5299_p2  |         +|   0|  0|   15|           8|           8|
    |add_ln58_28142_fu_5305_p2  |         +|   0|  0|   13|           6|           6|
    |add_ln58_28143_fu_2135_p2  |         +|   0|  0|   12|           5|           5|
    |add_ln58_28144_fu_5318_p2  |         +|   0|  0|   13|           6|           6|
    |add_ln58_28145_fu_5328_p2  |         +|   0|  0|   14|           7|           7|
    |add_ln58_28146_fu_7237_p2  |         +|   0|  0|   16|           9|           9|
    |add_ln58_28147_fu_7243_p2  |         +|   0|  0|   18|           9|           9|
    |add_ln58_28148_fu_5334_p2  |         +|   0|  0|   14|           7|           7|
    |add_ln58_28149_fu_7252_p2  |         +|   0|  0|   15|           8|           8|
    |add_ln58_28150_fu_5340_p2  |         +|   0|  0|   13|           6|           6|
    |add_ln58_28151_fu_5350_p2  |         +|   0|  0|   14|           7|           7|
    |add_ln58_28152_fu_5356_p2  |         +|   0|  0|   14|           7|           7|
    |add_ln58_28153_fu_7268_p2  |         +|   0|  0|   15|           8|           8|
    |add_ln58_28154_fu_7278_p2  |         +|   0|  0|   18|           9|           9|
    |add_ln58_28155_fu_5362_p2  |         +|   0|  0|   15|           8|           8|
    |add_ln58_28156_fu_5368_p2  |         +|   0|  0|   19|           8|           8|
    |add_ln58_28157_fu_5377_p2  |         +|   0|  0|   13|           6|           6|
    |add_ln58_28158_fu_5387_p2  |         +|   0|  0|   19|           8|           8|
    |add_ln58_28159_fu_2141_p2  |         +|   0|  0|   12|           5|           5|
    |add_ln58_28160_fu_5396_p2  |         +|   0|  0|   13|           6|           6|
    |add_ln58_28161_fu_5406_p2  |         +|   0|  0|   13|           6|           6|
    |add_ln58_28162_fu_5416_p2  |         +|   0|  0|   14|           7|           7|
    |add_ln58_28163_fu_7290_p2  |         +|   0|  0|   16|           9|           9|
    |add_ln58_28164_fu_7296_p2  |         +|   0|  0|   18|           9|           9|
    |add_ln58_28165_fu_2147_p2  |         +|   0|  0|   16|           7|           7|
    |add_ln58_28166_fu_2153_p2  |         +|   0|  0|   16|           7|           7|
    |add_ln58_28167_fu_5422_p2  |         +|   0|  0|   14|           7|           7|
    |add_ln58_28168_fu_7308_p2  |         +|   0|  0|   15|           8|           8|
    |add_ln58_28169_fu_5428_p2  |         +|   0|  0|   14|           7|           7|
    |add_ln58_28170_fu_5434_p2  |         +|   0|  0|   13|           6|           6|
    |add_ln58_28171_fu_5444_p2  |         +|   0|  0|   13|           6|           6|
    |add_ln58_28172_fu_5453_p2  |         +|   0|  0|   14|           7|           7|
    |add_ln58_28173_fu_7324_p2  |         +|   0|  0|   15|           8|           8|
    |add_ln58_28174_fu_7334_p2  |         +|   0|  0|   18|           9|           9|
    |add_ln58_28175_fu_5459_p2  |         +|   0|  0|   14|           7|           7|
    |add_ln58_28176_fu_2159_p2  |         +|   0|  0|   12|           5|           5|
    |add_ln58_28177_fu_2169_p2  |         +|   0|  0|   12|           5|           5|
    |add_ln58_28178_fu_2179_p2  |         +|   0|  0|   13|           6|           6|
    |add_ln58_28179_fu_5472_p2  |         +|   0|  0|   15|           8|           8|
    |add_ln58_28180_fu_5478_p2  |         +|   0|  0|   13|           6|           6|
    |add_ln58_28181_fu_5488_p2  |         +|   0|  0|   13|           6|           6|
    |add_ln58_28182_fu_5498_p2  |         +|   0|  0|   14|           7|           7|
    |add_ln58_28183_fu_7346_p2  |         +|   0|  0|   16|           9|           9|
    |add_ln58_28184_fu_7352_p2  |         +|   0|  0|   18|           9|           9|
    |add_ln58_28185_fu_5504_p2  |         +|   0|  0|   13|           6|           6|
    |add_ln58_28186_fu_5514_p2  |         +|   0|  0|   15|           8|           8|
    |add_ln58_28187_fu_5520_p2  |         +|   0|  0|   14|           7|           7|
    |add_ln58_28188_fu_7364_p2  |         +|   0|  0|   16|           9|           9|
    |add_ln58_28189_fu_5526_p2  |         +|   0|  0|   14|           7|           7|
    |add_ln58_28190_fu_7373_p2  |         +|   0|  0|   15|           8|           8|
    |add_ln58_28191_fu_7383_p2  |         +|   0|  0|   18|           9|           9|
    |add_ln58_28192_fu_5532_p2  |         +|   0|  0|   13|           6|           6|
    |add_ln58_28193_fu_5541_p2  |         +|   0|  0|   13|           6|           6|
    |add_ln58_28194_fu_5551_p2  |         +|   0|  0|   14|           7|           7|
    |add_ln58_28195_fu_2185_p2  |         +|   0|  0|   12|           5|           5|
    |add_ln58_28196_fu_5560_p2  |         +|   0|  0|   13|           6|           6|
    |add_ln58_28197_fu_2191_p2  |         +|   0|  0|   12|           5|           5|
    |add_ln58_28198_fu_5573_p2  |         +|   0|  0|   13|           6|           6|
    |add_ln58_28199_fu_5583_p2  |         +|   0|  0|   14|           7|           7|
    |add_ln58_28200_fu_7395_p2  |         +|   0|  0|   15|           8|           8|
    |add_ln58_28201_fu_7405_p2  |         +|   0|  0|   18|           9|           9|
    |add_ln58_28202_fu_2197_p2  |         +|   0|  0|   14|           7|           7|
    |add_ln58_28203_fu_5592_p2  |         +|   0|  0|   15|           8|           8|
    |add_ln58_28204_fu_5598_p2  |         +|   0|  0|   13|           6|           6|
    |add_ln58_28205_fu_5608_p2  |         +|   0|  0|   14|           7|           7|
    |add_ln58_28206_fu_7417_p2  |         +|   0|  0|   16|           9|           9|
    |add_ln58_28207_fu_5614_p2  |         +|   0|  0|   14|           7|           7|
    |add_ln58_28208_fu_7426_p2  |         +|   0|  0|   15|           8|           8|
    |add_ln58_28209_fu_7436_p2  |         +|   0|  0|   18|           9|           9|
    |add_ln58_28210_fu_2202_p2  |         +|   0|  0|   13|           6|           6|
    |add_ln58_28211_fu_5623_p2  |         +|   0|  0|   14|           7|           7|
    |add_ln58_28212_fu_2208_p2  |         +|   0|  0|   12|           5|           5|
    |add_ln58_28213_fu_5636_p2  |         +|   0|  0|   14|           7|           7|
    |add_ln58_28214_fu_5646_p2  |         +|   0|  0|   15|           8|           8|
    |add_ln58_28215_fu_5652_p2  |         +|   0|  0|   13|           6|           6|
    |add_ln58_28216_fu_5662_p2  |         +|   0|  0|   13|           6|           6|
    |add_ln58_28217_fu_5672_p2  |         +|   0|  0|   14|           7|           7|
    |add_ln58_28218_fu_7448_p2  |         +|   0|  0|   16|           9|           9|
    |add_ln58_28219_fu_7454_p2  |         +|   0|  0|   18|           9|           9|
    |add_ln58_fu_485_p2         |         +|   0|  0|   12|           5|           5|
    |sub_ln73_1116_fu_368_p2    |         -|   0|  0|   24|           1|          17|
    |sub_ln73_1117_fu_399_p2    |         -|   0|  0|   24|           1|          17|
    |sub_ln73_1118_fu_326_p2    |         -|   0|  0|   24|           1|          17|
    |sub_ln73_1119_fu_436_p2    |         -|   0|  0|   24|           1|          17|
    |sub_ln73_1120_fu_466_p2    |         -|   0|  0|   24|           1|          17|
    |sub_ln73_1121_fu_597_p2    |         -|   0|  0|   24|           1|          17|
    |sub_ln73_1122_fu_630_p2    |         -|   0|  0|   24|           1|          17|
    |sub_ln73_1123_fu_660_p2    |         -|   0|  0|   24|           1|          17|
    |sub_ln73_1124_fu_687_p2    |         -|   0|  0|   24|           1|          17|
    |sub_ln73_1125_fu_720_p2    |         -|   0|  0|   24|           1|          17|
    |sub_ln73_1126_fu_756_p2    |         -|   0|  0|   24|           1|          17|
    |sub_ln73_1127_fu_786_p2    |         -|   0|  0|   24|           1|          17|
    |sub_ln73_1128_fu_813_p2    |         -|   0|  0|   24|           1|          17|
    |sub_ln73_1129_fu_849_p2    |         -|   0|  0|   24|           1|          17|
    |sub_ln73_1130_fu_879_p2    |         -|   0|  0|   24|           1|          17|
    |sub_ln73_1131_fu_909_p2    |         -|   0|  0|   24|           1|          17|
    |sub_ln73_1132_fu_939_p2    |         -|   0|  0|   24|           1|          17|
    |sub_ln73_1133_fu_969_p2    |         -|   0|  0|   24|           1|          17|
    |sub_ln73_1134_fu_999_p2    |         -|   0|  0|   24|           1|          17|
    |sub_ln73_1135_fu_1026_p2   |         -|   0|  0|   24|           1|          17|
    |sub_ln73_1136_fu_1056_p2   |         -|   0|  0|   24|           1|          17|
    |sub_ln73_1137_fu_1089_p2   |         -|   0|  0|   24|           1|          17|
    |sub_ln73_1138_fu_1116_p2   |         -|   0|  0|   24|           1|          17|
    |sub_ln73_1139_fu_1149_p2   |         -|   0|  0|   24|           1|          17|
    |sub_ln73_1140_fu_1183_p2   |         -|   0|  0|   24|           1|          17|
    |sub_ln73_1141_fu_1214_p2   |         -|   0|  0|   24|           1|          17|
    |sub_ln73_1142_fu_1248_p2   |         -|   0|  0|   24|           1|          17|
    |sub_ln73_1143_fu_1285_p2   |         -|   0|  0|   24|           1|          17|
    |sub_ln73_1144_fu_1316_p2   |         -|   0|  0|   24|           1|          17|
    |sub_ln73_1145_fu_1353_p2   |         -|   0|  0|   24|           1|          17|
    |sub_ln73_1146_fu_1387_p2   |         -|   0|  0|   24|           1|          17|
    |sub_ln73_fu_298_p2         |         -|   0|  0|   24|           1|          17|
    +---------------------------+----------+----+---+-----+------------+------------+
    |Total                      |          |   0|  0|10481|        4728|        5240|
    +---------------------------+----------+----+---+-----+------------+------------+

    * Multiplexer: 
    N/A

    * Register: 
    +-----------------------------------------+----+----+-----+-----------+
    |                   Name                  | FF | LUT| Bits| Const Bits|
    +-----------------------------------------+----+----+-----+-----------+
    |add_ln58_27546_reg_7936                  |   6|   0|    6|          0|
    |add_ln58_27548_reg_7942                  |   6|   0|    6|          0|
    |add_ln58_27552_reg_7947                  |   7|   0|    7|          0|
    |add_ln58_27554_reg_8226                  |   7|   0|    7|          0|
    |add_ln58_27555_reg_8231                  |   7|   0|    7|          0|
    |add_ln58_27557_reg_7953                  |   7|   0|    7|          0|
    |add_ln58_27558_reg_8237                  |   7|   0|    7|          0|
    |add_ln58_27559_reg_8242                  |   7|   0|    7|          0|
    |add_ln58_27560_reg_8247                  |   7|   0|    7|          0|
    |add_ln58_27561_reg_8253                  |   7|   0|    7|          0|
    |add_ln58_27564_reg_8258                  |   8|   0|    8|          0|
    |add_ln58_27565_reg_8264                  |   7|   0|    7|          0|
    |add_ln58_27566_reg_8269                  |   7|   0|    7|          0|
    |add_ln58_27567_reg_8274                  |   5|   0|    5|          0|
    |add_ln58_27568_reg_8279                  |   7|   0|    7|          0|
    |add_ln58_27571_reg_8284                  |   7|   0|    7|          0|
    |add_ln58_27574_reg_8289                  |   7|   0|    7|          0|
    |add_ln58_27575_reg_8294                  |   5|   0|    5|          0|
    |add_ln58_27577_reg_7959                  |   5|   0|    5|          0|
    |add_ln58_27577_reg_7959_pp0_iter2_reg    |   5|   0|    5|          0|
    |add_ln58_27578_reg_8299                  |   6|   0|    6|          0|
    |add_ln58_27580_reg_8304                  |   7|   0|    7|          0|
    |add_ln58_27582_reg_8309                  |   5|   0|    5|          0|
    |add_ln58_27583_reg_8314                  |   6|   0|    6|          0|
    |add_ln58_27589_reg_8794                  |   8|   0|    8|          0|
    |add_ln58_27590_reg_8799                  |   6|   0|    6|          0|
    |add_ln58_27591_reg_8804                  |   8|   0|    8|          0|
    |add_ln58_27593_reg_8809                  |   7|   0|    7|          0|
    |add_ln58_27596_reg_8814                  |   7|   0|    7|          0|
    |add_ln58_27597_reg_8320                  |   5|   0|    5|          0|
    |add_ln58_27598_reg_8819                  |   6|   0|    6|          0|
    |add_ln58_27601_reg_8325                  |   5|   0|    5|          0|
    |add_ln58_27603_reg_8330                  |   5|   0|    5|          0|
    |add_ln58_27605_reg_8824                  |   7|   0|    7|          0|
    |add_ln58_27606_reg_8335                  |   5|   0|    5|          0|
    |add_ln58_27608_reg_8340                  |   5|   0|    5|          0|
    |add_ln58_27609_reg_8345                  |   5|   0|    5|          0|
    |add_ln58_27611_reg_8829                  |   7|   0|    7|          0|
    |add_ln58_27615_reg_8834                  |   8|   0|    8|          0|
    |add_ln58_27617_reg_8839                  |   7|   0|    7|          0|
    |add_ln58_27620_reg_8844                  |   7|   0|    7|          0|
    |add_ln58_27621_reg_8350                  |   6|   0|    6|          0|
    |add_ln58_27622_reg_8355                  |   5|   0|    5|          0|
    |add_ln58_27623_reg_8849                  |   7|   0|    7|          0|
    |add_ln58_27626_reg_8360                  |   5|   0|    5|          0|
    |add_ln58_27628_reg_8365                  |   5|   0|    5|          0|
    |add_ln58_27629_reg_8370                  |   5|   0|    5|          0|
    |add_ln58_27631_reg_8854                  |   7|   0|    7|          0|
    |add_ln58_27632_reg_8375                  |   5|   0|    5|          0|
    |add_ln58_27633_reg_8380                  |   5|   0|    5|          0|
    |add_ln58_27635_reg_8385                  |   5|   0|    5|          0|
    |add_ln58_27636_reg_8390                  |   5|   0|    5|          0|
    |add_ln58_27638_reg_8859                  |   7|   0|    7|          0|
    |add_ln58_27642_reg_8864                  |   7|   0|    7|          0|
    |add_ln58_27644_reg_8869                  |   7|   0|    7|          0|
    |add_ln58_27646_reg_8395                  |   6|   0|    6|          0|
    |add_ln58_27647_reg_8874                  |   7|   0|    7|          0|
    |add_ln58_27649_reg_8879                  |   8|   0|    8|          0|
    |add_ln58_27652_reg_8400                  |   5|   0|    5|          0|
    |add_ln58_27654_reg_8405                  |   5|   0|    5|          0|
    |add_ln58_27656_reg_8884                  |   7|   0|    7|          0|
    |add_ln58_27657_reg_8410                  |   5|   0|    5|          0|
    |add_ln58_27660_reg_8889                  |   7|   0|    7|          0|
    |add_ln58_27663_reg_8894                  |   7|   0|    7|          0|
    |add_ln58_27665_reg_8899                  |   7|   0|    7|          0|
    |add_ln58_27668_reg_8904                  |   7|   0|    7|          0|
    |add_ln58_27671_reg_8909                  |   7|   0|    7|          0|
    |add_ln58_27674_reg_8415                  |   6|   0|    6|          0|
    |add_ln58_27677_reg_8420                  |   5|   0|    5|          0|
    |add_ln58_27679_reg_8914                  |   8|   0|    8|          0|
    |add_ln58_27680_reg_8425                  |   5|   0|    5|          0|
    |add_ln58_27681_reg_8430                  |   5|   0|    5|          0|
    |add_ln58_27683_reg_8919                  |   7|   0|    7|          0|
    |add_ln58_27687_reg_8924                  |   8|   0|    8|          0|
    |add_ln58_27689_reg_8929                  |   7|   0|    7|          0|
    |add_ln58_27691_reg_8934                  |   7|   0|    7|          0|
    |add_ln58_27693_reg_8435                  |   5|   0|    5|          0|
    |add_ln58_27694_reg_8939                  |   7|   0|    7|          0|
    |add_ln58_27697_reg_8441                  |   5|   0|    5|          0|
    |add_ln58_27699_reg_8944                  |   7|   0|    7|          0|
    |add_ln58_27701_reg_8446                  |   5|   0|    5|          0|
    |add_ln58_27703_reg_8949                  |   7|   0|    7|          0|
    |add_ln58_27707_reg_8954                  |   8|   0|    8|          0|
    |add_ln58_27709_reg_8959                  |   7|   0|    7|          0|
    |add_ln58_27712_reg_8964                  |   7|   0|    7|          0|
    |add_ln58_27715_reg_8969                  |   7|   0|    7|          0|
    |add_ln58_27718_reg_8451                  |   6|   0|    6|          0|
    |add_ln58_27719_reg_8974                  |   7|   0|    7|          0|
    |add_ln58_27720_reg_8456                  |   5|   0|    5|          0|
    |add_ln58_27721_reg_8462                  |   5|   0|    5|          0|
    |add_ln58_27722_reg_8979                  |   6|   0|    6|          0|
    |add_ln58_27725_reg_8467                  |   5|   0|    5|          0|
    |add_ln58_27727_reg_8984                  |   7|   0|    7|          0|
    |add_ln58_27731_reg_8989                  |   8|   0|    8|          0|
    |add_ln58_27734_reg_8994                  |   7|   0|    7|          0|
    |add_ln58_27736_reg_8999                  |   7|   0|    7|          0|
    |add_ln58_27739_reg_9004                  |   7|   0|    7|          0|
    |add_ln58_27742_reg_8472                  |   5|   0|    5|          0|
    |add_ln58_27744_reg_8477                  |   5|   0|    5|          0|
    |add_ln58_27746_reg_9009                  |   7|   0|    7|          0|
    |add_ln58_27747_reg_8482                  |   5|   0|    5|          0|
    |add_ln58_27749_reg_8487                  |   5|   0|    5|          0|
    |add_ln58_27751_reg_9014                  |   7|   0|    7|          0|
    |add_ln58_27755_reg_9019                  |   8|   0|    8|          0|
    |add_ln58_27756_reg_9024                  |   7|   0|    7|          0|
    |add_ln58_27759_reg_9029                  |   7|   0|    7|          0|
    |add_ln58_27762_reg_8492                  |   5|   0|    5|          0|
    |add_ln58_27764_reg_8497                  |   5|   0|    5|          0|
    |add_ln58_27766_reg_9034                  |   7|   0|    7|          0|
    |add_ln58_27767_reg_8502                  |   5|   0|    5|          0|
    |add_ln58_27769_reg_8507                  |   5|   0|    5|          0|
    |add_ln58_27770_reg_8512                  |   5|   0|    5|          0|
    |add_ln58_27772_reg_9039                  |   7|   0|    7|          0|
    |add_ln58_27776_reg_9044                  |   8|   0|    8|          0|
    |add_ln58_27778_reg_9049                  |   7|   0|    7|          0|
    |add_ln58_27781_reg_9055                  |   7|   0|    7|          0|
    |add_ln58_27782_reg_9060                  |   7|   0|    7|          0|
    |add_ln58_27786_reg_8517                  |   6|   0|    6|          0|
    |add_ln58_27788_reg_9065                  |   8|   0|    8|          0|
    |add_ln58_27789_reg_8522                  |   5|   0|    5|          0|
    |add_ln58_27791_reg_8527                  |   5|   0|    5|          0|
    |add_ln58_27793_reg_9070                  |   7|   0|    7|          0|
    |add_ln58_27797_reg_9075                  |   8|   0|    8|          0|
    |add_ln58_27799_reg_9080                  |   7|   0|    7|          0|
    |add_ln58_27802_reg_9086                  |   7|   0|    7|          0|
    |add_ln58_27804_reg_9091                  |   7|   0|    7|          0|
    |add_ln58_27807_reg_8532                  |   5|   0|    5|          0|
    |add_ln58_27809_reg_8537                  |   5|   0|    5|          0|
    |add_ln58_27811_reg_9096                  |   7|   0|    7|          0|
    |add_ln58_27812_reg_8542                  |   5|   0|    5|          0|
    |add_ln58_27815_reg_9101                  |   7|   0|    7|          0|
    |add_ln58_27819_reg_9106                  |   8|   0|    8|          0|
    |add_ln58_27822_reg_9111                  |   7|   0|    7|          0|
    |add_ln58_27824_reg_9116                  |   7|   0|    7|          0|
    |add_ln58_27827_reg_8547                  |   5|   0|    5|          0|
    |add_ln58_27830_reg_9121                  |   7|   0|    7|          0|
    |add_ln58_27834_reg_9126                  |   8|   0|    8|          0|
    |add_ln58_27835_reg_9131                  |   7|   0|    7|          0|
    |add_ln58_27837_reg_9136                  |   7|   0|    7|          0|
    |add_ln58_27839_reg_9141                  |   7|   0|    7|          0|
    |add_ln58_27842_reg_8552                  |   5|   0|    5|          0|
    |add_ln58_27844_reg_8557                  |   5|   0|    5|          0|
    |add_ln58_27846_reg_9146                  |   7|   0|    7|          0|
    |add_ln58_27847_reg_8562                  |   5|   0|    5|          0|
    |add_ln58_27849_reg_9151                  |   7|   0|    7|          0|
    |add_ln58_27853_reg_9156                  |   8|   0|    8|          0|
    |add_ln58_27854_reg_9161                  |   7|   0|    7|          0|
    |add_ln58_27857_reg_9166                  |   7|   0|    7|          0|
    |add_ln58_27859_reg_8567                  |   6|   0|    6|          0|
    |add_ln58_27860_reg_9171                  |   7|   0|    7|          0|
    |add_ln58_27863_reg_8572                  |   6|   0|    6|          0|
    |add_ln58_27865_reg_8577                  |   5|   0|    5|          0|
    |add_ln58_27867_reg_9176                  |   8|   0|    8|          0|
    |add_ln58_27868_reg_8582                  |   5|   0|    5|          0|
    |add_ln58_27869_reg_8587                  |   5|   0|    5|          0|
    |add_ln58_27871_reg_8592                  |   5|   0|    5|          0|
    |add_ln58_27873_reg_9181                  |   7|   0|    7|          0|
    |add_ln58_27877_reg_9186                  |   8|   0|    8|          0|
    |add_ln58_27878_reg_9191                  |   6|   0|    6|          0|
    |add_ln58_27879_reg_9196                  |   7|   0|    7|          0|
    |add_ln58_27882_reg_9201                  |   7|   0|    7|          0|
    |add_ln58_27883_reg_8597                  |   6|   0|    6|          0|
    |add_ln58_27884_reg_9206                  |   7|   0|    7|          0|
    |add_ln58_27889_reg_9211                  |   7|   0|    7|          0|
    |add_ln58_27890_reg_9216                  |   7|   0|    7|          0|
    |add_ln58_27894_reg_9221                  |   8|   0|    8|          0|
    |add_ln58_27897_reg_9226                  |   7|   0|    7|          0|
    |add_ln58_27901_reg_8602                  |   6|   0|    6|          0|
    |add_ln58_27903_reg_9231                  |   8|   0|    8|          0|
    |add_ln58_27905_reg_8607                  |   5|   0|    5|          0|
    |add_ln58_27907_reg_9236                  |   7|   0|    7|          0|
    |add_ln58_27912_reg_9241                  |   7|   0|    7|          0|
    |add_ln58_27915_reg_9246                  |   7|   0|    7|          0|
    |add_ln58_27916_reg_9251                  |   7|   0|    7|          0|
    |add_ln58_27919_reg_8612                  |   5|   0|    5|          0|
    |add_ln58_27921_reg_9256                  |   7|   0|    7|          0|
    |add_ln58_27922_reg_8617                  |   5|   0|    5|          0|
    |add_ln58_27925_reg_9261                  |   7|   0|    7|          0|
    |add_ln58_27930_reg_9271                  |   8|   0|    8|          0|
    |add_ln58_27932_reg_9276                  |   7|   0|    7|          0|
    |add_ln58_27935_reg_9281                  |   7|   0|    7|          0|
    |add_ln58_27936_reg_9286                  |   7|   0|    7|          0|
    |add_ln58_27941_reg_9291                  |   8|   0|    8|          0|
    |add_ln58_27942_reg_8622                  |   5|   0|    5|          0|
    |add_ln58_27944_reg_8627                  |   5|   0|    5|          0|
    |add_ln58_27945_reg_8632                  |   5|   0|    5|          0|
    |add_ln58_27947_reg_9296                  |   7|   0|    7|          0|
    |add_ln58_27951_reg_9301                  |   8|   0|    8|          0|
    |add_ln58_27952_reg_9306                  |   7|   0|    7|          0|
    |add_ln58_27954_reg_9311                  |   7|   0|    7|          0|
    |add_ln58_27958_reg_9316                  |   7|   0|    7|          0|
    |add_ln58_27959_reg_9321                  |   6|   0|    6|          0|
    |add_ln58_27961_reg_8637                  |   5|   0|    5|          0|
    |add_ln58_27963_reg_8642                  |   5|   0|    5|          0|
    |add_ln58_27965_reg_9326                  |   7|   0|    7|          0|
    |add_ln58_27968_reg_9331                  |   7|   0|    7|          0|
    |add_ln58_27970_reg_9336                  |   7|   0|    7|          0|
    |add_ln58_27974_reg_9342                  |   7|   0|    7|          0|
    |add_ln58_27979_reg_9347                  |   7|   0|    7|          0|
    |add_ln58_27981_reg_9352                  |   7|   0|    7|          0|
    |add_ln58_27985_reg_8647                  |   7|   0|    7|          0|
    |add_ln58_27985_reg_8647_pp0_iter3_reg    |   7|   0|    7|          0|
    |add_ln58_27987_reg_9357                  |   7|   0|    7|          0|
    |add_ln58_27989_reg_9362                  |   7|   0|    7|          0|
    |add_ln58_27992_reg_8652                  |   5|   0|    5|          0|
    |add_ln58_27994_reg_9367                  |   8|   0|    8|          0|
    |add_ln58_27996_reg_8658                  |   5|   0|    5|          0|
    |add_ln58_27998_reg_9372                  |   7|   0|    7|          0|
    |add_ln58_28002_reg_9377                  |   8|   0|    8|          0|
    |add_ln58_28004_reg_9382                  |   7|   0|    7|          0|
    |add_ln58_28006_reg_9387                  |   7|   0|    7|          0|
    |add_ln58_28008_reg_9392                  |   7|   0|    7|          0|
    |add_ln58_28012_reg_9397                  |   7|   0|    7|          0|
    |add_ln58_28015_reg_8663                  |   6|   0|    6|          0|
    |add_ln58_28015_reg_8663_pp0_iter3_reg    |   6|   0|    6|          0|
    |add_ln58_28018_reg_8668                  |   5|   0|    5|          0|
    |add_ln58_28020_reg_9402                  |   7|   0|    7|          0|
    |add_ln58_28023_reg_9407                  |   8|   0|    8|          0|
    |add_ln58_28024_reg_9412                  |   7|   0|    7|          0|
    |add_ln58_28026_reg_9417                  |   7|   0|    7|          0|
    |add_ln58_28027_reg_9422                  |   7|   0|    7|          0|
    |add_ln58_28030_reg_8673                  |   6|   0|    6|          0|
    |add_ln58_28032_reg_8678                  |   6|   0|    6|          0|
    |add_ln58_28034_reg_9427                  |   8|   0|    8|          0|
    |add_ln58_28035_reg_8683                  |   5|   0|    5|          0|
    |add_ln58_28037_reg_9432                  |   7|   0|    7|          0|
    |add_ln58_28041_reg_9437                  |   8|   0|    8|          0|
    |add_ln58_28045_reg_9442                  |   7|   0|    7|          0|
    |add_ln58_28048_reg_8688                  |   5|   0|    5|          0|
    |add_ln58_28050_reg_9447                  |   8|   0|    8|          0|
    |add_ln58_28053_reg_9452                  |   7|   0|    7|          0|
    |add_ln58_28057_reg_8693                  |   7|   0|    7|          0|
    |add_ln58_28057_reg_8693_pp0_iter3_reg    |   7|   0|    7|          0|
    |add_ln58_28058_reg_9457                  |   7|   0|    7|          0|
    |add_ln58_28060_reg_9462                  |   7|   0|    7|          0|
    |add_ln58_28062_reg_9467                  |   7|   0|    7|          0|
    |add_ln58_28065_reg_8698                  |   5|   0|    5|          0|
    |add_ln58_28066_reg_8703                  |   5|   0|    5|          0|
    |add_ln58_28069_reg_9472                  |   7|   0|    7|          0|
    |add_ln58_28071_reg_8708                  |   5|   0|    5|          0|
    |add_ln58_28073_reg_9477                  |   7|   0|    7|          0|
    |add_ln58_28077_reg_9482                  |   8|   0|    8|          0|
    |add_ln58_28079_reg_9487                  |   7|   0|    7|          0|
    |add_ln58_28082_reg_9492                  |   7|   0|    7|          0|
    |add_ln58_28083_reg_8713                  |   5|   0|    5|          0|
    |add_ln58_28084_reg_9497                  |   6|   0|    6|          0|
    |add_ln58_28088_reg_8718                  |   5|   0|    5|          0|
    |add_ln58_28090_reg_9502                  |   7|   0|    7|          0|
    |add_ln58_28092_reg_8723                  |   5|   0|    5|          0|
    |add_ln58_28094_reg_9507                  |   7|   0|    7|          0|
    |add_ln58_28097_reg_9512                  |   8|   0|    8|          0|
    |add_ln58_28099_reg_9517                  |   7|   0|    7|          0|
    |add_ln58_28102_reg_9522                  |   7|   0|    7|          0|
    |add_ln58_28104_reg_8728                  |   5|   0|    5|          0|
    |add_ln58_28105_reg_9527                  |   7|   0|    7|          0|
    |add_ln58_28109_reg_9532                  |   7|   0|    7|          0|
    |add_ln58_28111_reg_9537                  |   7|   0|    7|          0|
    |add_ln58_28115_reg_9542                  |   8|   0|    8|          0|
    |add_ln58_28117_reg_9547                  |   7|   0|    7|          0|
    |add_ln58_28119_reg_9552                  |   7|   0|    7|          0|
    |add_ln58_28121_reg_9557                  |   7|   0|    7|          0|
    |add_ln58_28124_reg_8734                  |   5|   0|    5|          0|
    |add_ln58_28127_reg_9562                  |   7|   0|    7|          0|
    |add_ln58_28128_reg_8739                  |   5|   0|    5|          0|
    |add_ln58_28130_reg_9567                  |   7|   0|    7|          0|
    |add_ln58_28135_reg_9572                  |   7|   0|    7|          0|
    |add_ln58_28136_reg_9577                  |   7|   0|    7|          0|
    |add_ln58_28139_reg_8744                  |   6|   0|    6|          0|
    |add_ln58_28141_reg_9582                  |   8|   0|    8|          0|
    |add_ln58_28143_reg_8749                  |   5|   0|    5|          0|
    |add_ln58_28145_reg_9587                  |   7|   0|    7|          0|
    |add_ln58_28148_reg_9592                  |   7|   0|    7|          0|
    |add_ln58_28151_reg_9597                  |   7|   0|    7|          0|
    |add_ln58_28152_reg_9602                  |   7|   0|    7|          0|
    |add_ln58_28158_reg_9607                  |   8|   0|    8|          0|
    |add_ln58_28159_reg_8754                  |   5|   0|    5|          0|
    |add_ln58_28162_reg_9612                  |   7|   0|    7|          0|
    |add_ln58_28166_reg_8759                  |   7|   0|    7|          0|
    |add_ln58_28166_reg_8759_pp0_iter3_reg    |   7|   0|    7|          0|
    |add_ln58_28167_reg_9617                  |   7|   0|    7|          0|
    |add_ln58_28169_reg_9622                  |   7|   0|    7|          0|
    |add_ln58_28172_reg_9627                  |   7|   0|    7|          0|
    |add_ln58_28178_reg_8764                  |   6|   0|    6|          0|
    |add_ln58_28179_reg_9632                  |   8|   0|    8|          0|
    |add_ln58_28182_reg_9637                  |   7|   0|    7|          0|
    |add_ln58_28186_reg_9642                  |   8|   0|    8|          0|
    |add_ln58_28187_reg_9647                  |   7|   0|    7|          0|
    |add_ln58_28189_reg_9652                  |   7|   0|    7|          0|
    |add_ln58_28194_reg_9657                  |   7|   0|    7|          0|
    |add_ln58_28195_reg_8769                  |   5|   0|    5|          0|
    |add_ln58_28197_reg_8774                  |   5|   0|    5|          0|
    |add_ln58_28199_reg_9662                  |   7|   0|    7|          0|
    |add_ln58_28202_reg_8779                  |   7|   0|    7|          0|
    |add_ln58_28203_reg_9667                  |   8|   0|    8|          0|
    |add_ln58_28205_reg_9672                  |   7|   0|    7|          0|
    |add_ln58_28207_reg_9677                  |   7|   0|    7|          0|
    |add_ln58_28210_reg_8784                  |   6|   0|    6|          0|
    |add_ln58_28212_reg_8789                  |   5|   0|    5|          0|
    |add_ln58_28214_reg_9682                  |   8|   0|    8|          0|
    |add_ln58_28217_reg_9687                  |   7|   0|    7|          0|
    |add_ln58_reg_7931                        |   5|   0|    5|          0|
    |data_0_val_int_reg                       |   4|   0|    4|          0|
    |data_0_val_read_reg_7866                 |   4|   0|    4|          0|
    |data_10_val_int_reg                      |   4|   0|    4|          0|
    |data_10_val_read_reg_7793                |   4|   0|    4|          0|
    |data_10_val_read_reg_7793_pp0_iter1_reg  |   4|   0|    4|          0|
    |data_11_val_int_reg                      |   4|   0|    4|          0|
    |data_11_val_read_reg_7786                |   4|   0|    4|          0|
    |data_12_val_int_reg                      |   4|   0|    4|          0|
    |data_12_val_read_reg_7779                |   4|   0|    4|          0|
    |data_13_val_int_reg                      |   4|   0|    4|          0|
    |data_13_val_read_reg_7772                |   4|   0|    4|          0|
    |data_13_val_read_reg_7772_pp0_iter1_reg  |   4|   0|    4|          0|
    |data_14_val_int_reg                      |   4|   0|    4|          0|
    |data_14_val_read_reg_7765                |   4|   0|    4|          0|
    |data_15_val_int_reg                      |   4|   0|    4|          0|
    |data_15_val_read_reg_7758                |   4|   0|    4|          0|
    |data_16_val_int_reg                      |   4|   0|    4|          0|
    |data_16_val_read_reg_7751                |   4|   0|    4|          0|
    |data_17_val_int_reg                      |   4|   0|    4|          0|
    |data_17_val_read_reg_7744                |   4|   0|    4|          0|
    |data_18_val_int_reg                      |   4|   0|    4|          0|
    |data_18_val_read_reg_7737                |   4|   0|    4|          0|
    |data_19_val_int_reg                      |   4|   0|    4|          0|
    |data_19_val_read_reg_7730                |   4|   0|    4|          0|
    |data_1_val_int_reg                       |   4|   0|    4|          0|
    |data_1_val_read_reg_7859                 |   4|   0|    4|          0|
    |data_20_val_int_reg                      |   4|   0|    4|          0|
    |data_20_val_read_reg_7723                |   4|   0|    4|          0|
    |data_21_val_int_reg                      |   4|   0|    4|          0|
    |data_21_val_read_reg_7716                |   4|   0|    4|          0|
    |data_22_val_int_reg                      |   4|   0|    4|          0|
    |data_22_val_read_reg_7709                |   4|   0|    4|          0|
    |data_23_val_int_reg                      |   4|   0|    4|          0|
    |data_23_val_read_reg_7702                |   4|   0|    4|          0|
    |data_24_val_int_reg                      |   4|   0|    4|          0|
    |data_24_val_read_reg_7696                |   4|   0|    4|          0|
    |data_24_val_read_reg_7696_pp0_iter1_reg  |   4|   0|    4|          0|
    |data_25_val_int_reg                      |   4|   0|    4|          0|
    |data_25_val_read_reg_7689                |   4|   0|    4|          0|
    |data_26_val_int_reg                      |   4|   0|    4|          0|
    |data_26_val_read_reg_7683                |   4|   0|    4|          0|
    |data_26_val_read_reg_7683_pp0_iter1_reg  |   4|   0|    4|          0|
    |data_27_val_int_reg                      |   4|   0|    4|          0|
    |data_27_val_read_reg_7677                |   4|   0|    4|          0|
    |data_27_val_read_reg_7677_pp0_iter1_reg  |   4|   0|    4|          0|
    |data_28_val_int_reg                      |   4|   0|    4|          0|
    |data_28_val_read_reg_7670                |   4|   0|    4|          0|
    |data_29_val_int_reg                      |   4|   0|    4|          0|
    |data_29_val_read_reg_7664                |   4|   0|    4|          0|
    |data_29_val_read_reg_7664_pp0_iter1_reg  |   4|   0|    4|          0|
    |data_2_val_int_reg                       |   4|   0|    4|          0|
    |data_2_val_read_reg_7852                 |   4|   0|    4|          0|
    |data_2_val_read_reg_7852_pp0_iter1_reg   |   4|   0|    4|          0|
    |data_30_val_int_reg                      |   4|   0|    4|          0|
    |data_30_val_read_reg_7658                |   4|   0|    4|          0|
    |data_30_val_read_reg_7658_pp0_iter1_reg  |   4|   0|    4|          0|
    |data_31_val_int_reg                      |   4|   0|    4|          0|
    |data_31_val_read_reg_7652                |   4|   0|    4|          0|
    |data_31_val_read_reg_7652_pp0_iter1_reg  |   4|   0|    4|          0|
    |data_3_val_int_reg                       |   4|   0|    4|          0|
    |data_3_val_read_reg_7845                 |   4|   0|    4|          0|
    |data_3_val_read_reg_7845_pp0_iter1_reg   |   4|   0|    4|          0|
    |data_4_val_int_reg                       |   4|   0|    4|          0|
    |data_4_val_read_reg_7837                 |   4|   0|    4|          0|
    |data_4_val_read_reg_7837_pp0_iter1_reg   |   4|   0|    4|          0|
    |data_5_val_int_reg                       |   4|   0|    4|          0|
    |data_5_val_read_reg_7830                 |   4|   0|    4|          0|
    |data_5_val_read_reg_7830_pp0_iter1_reg   |   4|   0|    4|          0|
    |data_6_val_int_reg                       |   4|   0|    4|          0|
    |data_6_val_read_reg_7823                 |   4|   0|    4|          0|
    |data_6_val_read_reg_7823_pp0_iter1_reg   |   4|   0|    4|          0|
    |data_7_val_int_reg                       |   4|   0|    4|          0|
    |data_7_val_read_reg_7815                 |   4|   0|    4|          0|
    |data_8_val_int_reg                       |   4|   0|    4|          0|
    |data_8_val_read_reg_7807                 |   4|   0|    4|          0|
    |data_9_val_int_reg                       |   4|   0|    4|          0|
    |data_9_val_read_reg_7800                 |   4|   0|    4|          0|
    |data_9_val_read_reg_7800_pp0_iter1_reg   |   4|   0|    4|          0|
    |mult_467_reg_7883                        |   5|   0|    5|          0|
    |mult_468_reg_7877                        |   5|   0|    5|          0|
    |mult_468_reg_7877_pp0_iter1_reg          |   5|   0|    5|          0|
    |mult_469_reg_7904                        |   5|   0|    5|          0|
    |mult_470_reg_7917                        |   5|   0|    5|          0|
    |mult_470_reg_7917_pp0_iter2_reg          |   5|   0|    5|          0|
    |mult_471_reg_7978                        |   5|   0|    5|          0|
    |mult_472_reg_7989                        |   5|   0|    5|          0|
    |mult_473_reg_7996                        |   5|   0|    5|          0|
    |mult_474_reg_8002                        |   5|   0|    5|          0|
    |mult_475_reg_8017                        |   5|   0|    5|          0|
    |mult_476_reg_8030                        |   5|   0|    5|          0|
    |mult_477_reg_8036                        |   5|   0|    5|          0|
    |mult_478_reg_8043                        |   5|   0|    5|          0|
    |mult_479_reg_8054                        |   5|   0|    5|          0|
    |mult_480_reg_8060                        |   5|   0|    5|          0|
    |mult_481_reg_8066                        |   5|   0|    5|          0|
    |mult_482_reg_8072                        |   5|   0|    5|          0|
    |mult_483_reg_8078                        |   5|   0|    5|          0|
    |mult_484_reg_8084                        |   5|   0|    5|          0|
    |mult_485_reg_8089                        |   5|   0|    5|          0|
    |mult_486_reg_8095                        |   5|   0|    5|          0|
    |mult_487_reg_8100                        |   5|   0|    5|          0|
    |mult_488_reg_8106                        |   5|   0|    5|          0|
    |mult_489_reg_8112                        |   5|   0|    5|          0|
    |mult_490_reg_8126                        |   5|   0|    5|          0|
    |mult_491_reg_8139                        |   5|   0|    5|          0|
    |mult_492_reg_8153                        |   5|   0|    5|          0|
    |mult_493_reg_8169                        |   5|   0|    5|          0|
    |mult_494_reg_8186                        |   5|   0|    5|          0|
    |mult_495_reg_8198                        |   5|   0|    5|          0|
    |mult_496_reg_8213                        |   5|   0|    5|          0|
    |mult_reg_7872                            |   5|   0|    5|          0|
    |sext_ln17_1277_reg_7888                  |   7|   0|    7|          0|
    |sext_ln17_1280_reg_7893                  |   6|   0|    6|          0|
    |sext_ln17_1284_reg_7899                  |   6|   0|    6|          0|
    |sext_ln17_1292_reg_7965                  |   6|   0|    6|          0|
    |sext_ln17_1293_reg_7972                  |   6|   0|    6|          0|
    |sext_ln17_1297_reg_7984                  |   7|   0|    7|          0|
    |sext_ln17_1308_reg_8009                  |   6|   0|    6|          0|
    |sext_ln17_1312_reg_8024                  |   6|   0|    6|          0|
    |sext_ln17_1320_reg_8049                  |   6|   0|    6|          0|
    |sext_ln17_1339_reg_8117                  |   6|   0|    6|          0|
    |sext_ln17_1342_reg_8131                  |   6|   0|    6|          0|
    |sext_ln17_1344_reg_8144                  |   6|   0|    6|          0|
    |sext_ln17_1346_reg_8158                  |   6|   0|    6|          0|
    |sext_ln17_1349_reg_8175                  |   6|   0|    6|          0|
    |sext_ln17_1351_reg_8191                  |   6|   0|    6|          0|
    |sext_ln17_1353_reg_8204                  |   6|   0|    6|          0|
    |sext_ln17_1356_reg_8218                  |   6|   0|    6|          0|
    |sext_ln17_763_reg_7910                   |   5|   0|    5|          0|
    |sext_ln17_765_reg_7924                   |   5|   0|    5|          0|
    |sext_ln58_15749_reg_9266                 |   8|   0|    8|          0|
    |data_11_val_read_reg_7786                |  64|  32|    4|          0|
    |data_12_val_read_reg_7779                |  64|  32|    4|          0|
    |data_14_val_read_reg_7765                |  64|  32|    4|          0|
    |data_15_val_read_reg_7758                |  64|  32|    4|          0|
    |data_16_val_read_reg_7751                |  64|  32|    4|          0|
    |data_17_val_read_reg_7744                |  64|  32|    4|          0|
    |data_18_val_read_reg_7737                |  64|  32|    4|          0|
    |data_19_val_read_reg_7730                |  64|  32|    4|          0|
    |data_20_val_read_reg_7723                |  64|  32|    4|          0|
    |data_21_val_read_reg_7716                |  64|  32|    4|          0|
    |data_22_val_read_reg_7709                |  64|  32|    4|          0|
    |data_23_val_read_reg_7702                |  64|  32|    4|          0|
    |data_25_val_read_reg_7689                |  64|  32|    4|          0|
    |data_28_val_read_reg_7670                |  64|  32|    4|          0|
    |data_7_val_read_reg_7815                 |  64|  32|    4|          0|
    |data_8_val_read_reg_7807                 |  64|  32|    4|          0|
    +-----------------------------------------+----+----+-----+-----------+
    |Total                                    |3580| 512| 2620|          0|
    +-----------------------------------------+----+----+-----+-----------+



================================================================
== Interface
================================================================
* Summary: 
+--------------+-----+-----+------------+--------------------------------------------------------------------------------+--------------+
|   RTL Ports  | Dir | Bits|  Protocol  |                                  Source Object                                 |    C Type    |
+--------------+-----+-----+------------+--------------------------------------------------------------------------------+--------------+
|ap_clk        |   in|    1|  ap_ctrl_hs|  dense_latency<ap_fixed<4, 2, 5, 3, 0>, ap_fixed<9, 7, 4, 0, 0>, config7_dense>|  return value|
|ap_rst        |   in|    1|  ap_ctrl_hs|  dense_latency<ap_fixed<4, 2, 5, 3, 0>, ap_fixed<9, 7, 4, 0, 0>, config7_dense>|  return value|
|ap_return_0   |  out|    9|  ap_ctrl_hs|  dense_latency<ap_fixed<4, 2, 5, 3, 0>, ap_fixed<9, 7, 4, 0, 0>, config7_dense>|  return value|
|ap_return_1   |  out|    9|  ap_ctrl_hs|  dense_latency<ap_fixed<4, 2, 5, 3, 0>, ap_fixed<9, 7, 4, 0, 0>, config7_dense>|  return value|
|ap_return_2   |  out|    9|  ap_ctrl_hs|  dense_latency<ap_fixed<4, 2, 5, 3, 0>, ap_fixed<9, 7, 4, 0, 0>, config7_dense>|  return value|
|ap_return_3   |  out|    9|  ap_ctrl_hs|  dense_latency<ap_fixed<4, 2, 5, 3, 0>, ap_fixed<9, 7, 4, 0, 0>, config7_dense>|  return value|
|ap_return_4   |  out|    9|  ap_ctrl_hs|  dense_latency<ap_fixed<4, 2, 5, 3, 0>, ap_fixed<9, 7, 4, 0, 0>, config7_dense>|  return value|
|ap_return_5   |  out|    9|  ap_ctrl_hs|  dense_latency<ap_fixed<4, 2, 5, 3, 0>, ap_fixed<9, 7, 4, 0, 0>, config7_dense>|  return value|
|ap_return_6   |  out|    9|  ap_ctrl_hs|  dense_latency<ap_fixed<4, 2, 5, 3, 0>, ap_fixed<9, 7, 4, 0, 0>, config7_dense>|  return value|
|ap_return_7   |  out|    9|  ap_ctrl_hs|  dense_latency<ap_fixed<4, 2, 5, 3, 0>, ap_fixed<9, 7, 4, 0, 0>, config7_dense>|  return value|
|ap_return_8   |  out|    9|  ap_ctrl_hs|  dense_latency<ap_fixed<4, 2, 5, 3, 0>, ap_fixed<9, 7, 4, 0, 0>, config7_dense>|  return value|
|ap_return_9   |  out|    9|  ap_ctrl_hs|  dense_latency<ap_fixed<4, 2, 5, 3, 0>, ap_fixed<9, 7, 4, 0, 0>, config7_dense>|  return value|
|ap_return_10  |  out|    9|  ap_ctrl_hs|  dense_latency<ap_fixed<4, 2, 5, 3, 0>, ap_fixed<9, 7, 4, 0, 0>, config7_dense>|  return value|
|ap_return_11  |  out|    9|  ap_ctrl_hs|  dense_latency<ap_fixed<4, 2, 5, 3, 0>, ap_fixed<9, 7, 4, 0, 0>, config7_dense>|  return value|
|ap_return_12  |  out|    9|  ap_ctrl_hs|  dense_latency<ap_fixed<4, 2, 5, 3, 0>, ap_fixed<9, 7, 4, 0, 0>, config7_dense>|  return value|
|ap_return_13  |  out|    9|  ap_ctrl_hs|  dense_latency<ap_fixed<4, 2, 5, 3, 0>, ap_fixed<9, 7, 4, 0, 0>, config7_dense>|  return value|
|ap_return_14  |  out|    9|  ap_ctrl_hs|  dense_latency<ap_fixed<4, 2, 5, 3, 0>, ap_fixed<9, 7, 4, 0, 0>, config7_dense>|  return value|
|ap_return_15  |  out|    9|  ap_ctrl_hs|  dense_latency<ap_fixed<4, 2, 5, 3, 0>, ap_fixed<9, 7, 4, 0, 0>, config7_dense>|  return value|
|ap_return_16  |  out|    9|  ap_ctrl_hs|  dense_latency<ap_fixed<4, 2, 5, 3, 0>, ap_fixed<9, 7, 4, 0, 0>, config7_dense>|  return value|
|ap_return_17  |  out|    9|  ap_ctrl_hs|  dense_latency<ap_fixed<4, 2, 5, 3, 0>, ap_fixed<9, 7, 4, 0, 0>, config7_dense>|  return value|
|ap_return_18  |  out|    9|  ap_ctrl_hs|  dense_latency<ap_fixed<4, 2, 5, 3, 0>, ap_fixed<9, 7, 4, 0, 0>, config7_dense>|  return value|
|ap_return_19  |  out|    9|  ap_ctrl_hs|  dense_latency<ap_fixed<4, 2, 5, 3, 0>, ap_fixed<9, 7, 4, 0, 0>, config7_dense>|  return value|
|ap_return_20  |  out|    9|  ap_ctrl_hs|  dense_latency<ap_fixed<4, 2, 5, 3, 0>, ap_fixed<9, 7, 4, 0, 0>, config7_dense>|  return value|
|ap_return_21  |  out|    9|  ap_ctrl_hs|  dense_latency<ap_fixed<4, 2, 5, 3, 0>, ap_fixed<9, 7, 4, 0, 0>, config7_dense>|  return value|
|ap_return_22  |  out|    9|  ap_ctrl_hs|  dense_latency<ap_fixed<4, 2, 5, 3, 0>, ap_fixed<9, 7, 4, 0, 0>, config7_dense>|  return value|
|ap_return_23  |  out|    9|  ap_ctrl_hs|  dense_latency<ap_fixed<4, 2, 5, 3, 0>, ap_fixed<9, 7, 4, 0, 0>, config7_dense>|  return value|
|ap_return_24  |  out|    9|  ap_ctrl_hs|  dense_latency<ap_fixed<4, 2, 5, 3, 0>, ap_fixed<9, 7, 4, 0, 0>, config7_dense>|  return value|
|ap_return_25  |  out|    9|  ap_ctrl_hs|  dense_latency<ap_fixed<4, 2, 5, 3, 0>, ap_fixed<9, 7, 4, 0, 0>, config7_dense>|  return value|
|ap_return_26  |  out|    9|  ap_ctrl_hs|  dense_latency<ap_fixed<4, 2, 5, 3, 0>, ap_fixed<9, 7, 4, 0, 0>, config7_dense>|  return value|
|ap_return_27  |  out|    9|  ap_ctrl_hs|  dense_latency<ap_fixed<4, 2, 5, 3, 0>, ap_fixed<9, 7, 4, 0, 0>, config7_dense>|  return value|
|ap_return_28  |  out|    9|  ap_ctrl_hs|  dense_latency<ap_fixed<4, 2, 5, 3, 0>, ap_fixed<9, 7, 4, 0, 0>, config7_dense>|  return value|
|ap_return_29  |  out|    9|  ap_ctrl_hs|  dense_latency<ap_fixed<4, 2, 5, 3, 0>, ap_fixed<9, 7, 4, 0, 0>, config7_dense>|  return value|
|ap_return_30  |  out|    9|  ap_ctrl_hs|  dense_latency<ap_fixed<4, 2, 5, 3, 0>, ap_fixed<9, 7, 4, 0, 0>, config7_dense>|  return value|
|ap_return_31  |  out|    9|  ap_ctrl_hs|  dense_latency<ap_fixed<4, 2, 5, 3, 0>, ap_fixed<9, 7, 4, 0, 0>, config7_dense>|  return value|
|ap_ce         |   in|    1|  ap_ctrl_hs|  dense_latency<ap_fixed<4, 2, 5, 3, 0>, ap_fixed<9, 7, 4, 0, 0>, config7_dense>|  return value|
|data_0_val    |   in|    4|     ap_none|                                                                      data_0_val|        scalar|
|data_1_val    |   in|    4|     ap_none|                                                                      data_1_val|        scalar|
|data_2_val    |   in|    4|     ap_none|                                                                      data_2_val|        scalar|
|data_3_val    |   in|    4|     ap_none|                                                                      data_3_val|        scalar|
|data_4_val    |   in|    4|     ap_none|                                                                      data_4_val|        scalar|
|data_5_val    |   in|    4|     ap_none|                                                                      data_5_val|        scalar|
|data_6_val    |   in|    4|     ap_none|                                                                      data_6_val|        scalar|
|data_7_val    |   in|    4|     ap_none|                                                                      data_7_val|        scalar|
|data_8_val    |   in|    4|     ap_none|                                                                      data_8_val|        scalar|
|data_9_val    |   in|    4|     ap_none|                                                                      data_9_val|        scalar|
|data_10_val   |   in|    4|     ap_none|                                                                     data_10_val|        scalar|
|data_11_val   |   in|    4|     ap_none|                                                                     data_11_val|        scalar|
|data_12_val   |   in|    4|     ap_none|                                                                     data_12_val|        scalar|
|data_13_val   |   in|    4|     ap_none|                                                                     data_13_val|        scalar|
|data_14_val   |   in|    4|     ap_none|                                                                     data_14_val|        scalar|
|data_15_val   |   in|    4|     ap_none|                                                                     data_15_val|        scalar|
|data_16_val   |   in|    4|     ap_none|                                                                     data_16_val|        scalar|
|data_17_val   |   in|    4|     ap_none|                                                                     data_17_val|        scalar|
|data_18_val   |   in|    4|     ap_none|                                                                     data_18_val|        scalar|
|data_19_val   |   in|    4|     ap_none|                                                                     data_19_val|        scalar|
|data_20_val   |   in|    4|     ap_none|                                                                     data_20_val|        scalar|
|data_21_val   |   in|    4|     ap_none|                                                                     data_21_val|        scalar|
|data_22_val   |   in|    4|     ap_none|                                                                     data_22_val|        scalar|
|data_23_val   |   in|    4|     ap_none|                                                                     data_23_val|        scalar|
|data_24_val   |   in|    4|     ap_none|                                                                     data_24_val|        scalar|
|data_25_val   |   in|    4|     ap_none|                                                                     data_25_val|        scalar|
|data_26_val   |   in|    4|     ap_none|                                                                     data_26_val|        scalar|
|data_27_val   |   in|    4|     ap_none|                                                                     data_27_val|        scalar|
|data_28_val   |   in|    4|     ap_none|                                                                     data_28_val|        scalar|
|data_29_val   |   in|    4|     ap_none|                                                                     data_29_val|        scalar|
|data_30_val   |   in|    4|     ap_none|                                                                     data_30_val|        scalar|
|data_31_val   |   in|    4|     ap_none|                                                                     data_31_val|        scalar|
+--------------+-----+-----+------------+--------------------------------------------------------------------------------+--------------+

