

================================================================
== Vitis HLS Report for 'dense_latency_ap_fixed_4_2_4_0_0_ap_fixed_9_7_4_0_0_config60_dense_76'
================================================================
* Date:           Thu Aug 13 14:16:07 2026

* Version:        2023.2 (Build 4023990 on Oct 11 2023)
* Project:        myproject_prj
* Solution:       solution1 (Vivado IP Flow Target)
* Product family: virtexuplus
* Target device:  xcvu13p-flga2577-2-e


================================================================
== Performance Estimates
================================================================
+ Timing: 
    * Summary: 
    +--------+---------+----------+------------+
    |  Clock |  Target | Estimated| Uncertainty|
    +--------+---------+----------+------------+
    |ap_clk  |  2.50 ns|  1.656 ns|     0.68 ns|
    +--------+---------+----------+------------+

+ Latency: 
    * Summary: 
    +---------+---------+-----------+-----------+-----+-----+---------+
    |  Latency (cycles) |   Latency (absolute)  |  Interval | Pipeline|
    |   min   |   max   |    min    |    max    | min | max |   Type  |
    +---------+---------+-----------+-----------+-----+-----+---------+
    |        4|        4|  10.000 ns|  10.000 ns|    1|    1|      yes|
    +---------+---------+-----------+-----------+-----+-----+---------+

    + Detail: 
        * Instance: 
        N/A

        * Loop: 
        N/A



================================================================
== Utilization Estimates
================================================================
* Summary: 
+---------------------+---------+-------+---------+---------+------+
|         Name        | BRAM_18K|  DSP  |    FF   |   LUT   | URAM |
+---------------------+---------+-------+---------+---------+------+
|DSP                  |        -|      -|        -|        -|     -|
|Expression           |        -|      -|        0|    10465|     -|
|FIFO                 |        -|      -|        -|        -|     -|
|Instance             |        -|      -|        -|        -|     -|
|Memory               |        -|      -|        -|        -|     -|
|Multiplexer          |        -|      -|        -|        -|     -|
|Register             |        -|      -|     3512|      512|     -|
+---------------------+---------+-------+---------+---------+------+
|Total                |        0|      0|     3512|    10977|     0|
+---------------------+---------+-------+---------+---------+------+
|Available SLR        |     1344|   3072|   864000|   432000|   320|
+---------------------+---------+-------+---------+---------+------+
|Utilization SLR (%)  |        0|      0|       ~0|        2|     0|
+---------------------+---------+-------+---------+---------+------+
|Available            |     5376|  12288|  3456000|  1728000|  1280|
+---------------------+---------+-------+---------+---------+------+
|Utilization (%)      |        0|      0|       ~0|       ~0|     0|
+---------------------+---------+-------+---------+---------+------+

+ Detail: 
    * Instance: 
    N/A

    * DSP: 
    N/A

    * Memory: 
    N/A

    * FIFO: 
    N/A

    * Expression: 
    +---------------------------+----------+----+---+-----+------------+------------+
    |       Variable Name       | Operation| DSP| FF| LUT | Bitwidth P0| Bitwidth P1|
    +---------------------------+----------+----+---+-----+------------+------------+
    |add_ln58_60912_fu_423_p2   |         +|   0|  0|   13|           6|           6|
    |add_ln58_60913_fu_429_p2   |         +|   0|  0|   13|           6|           6|
    |add_ln58_60914_fu_435_p2   |         +|   0|  0|   12|           5|           5|
    |add_ln58_60915_fu_441_p2   |         +|   0|  0|   13|           6|           6|
    |add_ln58_60916_fu_447_p2   |         +|   0|  0|   13|           6|           6|
    |add_ln58_60917_fu_1399_p2  |         +|   0|  0|   14|           7|           7|
    |add_ln58_60918_fu_1405_p2  |         +|   0|  0|   14|           7|           7|
    |add_ln58_60919_fu_1411_p2  |         +|   0|  0|   14|           7|           7|
    |add_ln58_60920_fu_1417_p2  |         +|   0|  0|   13|           6|           6|
    |add_ln58_60921_fu_1427_p2  |         +|   0|  0|   14|           7|           7|
    |add_ln58_60922_fu_1433_p2  |         +|   0|  0|   14|           7|           7|
    |add_ln58_60923_fu_1439_p2  |         +|   0|  0|   14|           7|           7|
    |add_ln58_60924_fu_1445_p2  |         +|   0|  0|   14|           7|           7|
    |add_ln58_60925_fu_1451_p2  |         +|   0|  0|   14|           7|           7|
    |add_ln58_60926_fu_1457_p2  |         +|   0|  0|   14|           7|           7|
    |add_ln58_60927_fu_1463_p2  |         +|   0|  0|   13|           6|           6|
    |add_ln58_60928_fu_1472_p2  |         +|   0|  0|   14|           7|           7|
    |add_ln58_60929_fu_1478_p2  |         +|   0|  0|   14|           7|           7|
    |add_ln58_60930_fu_1484_p2  |         +|   0|  0|   14|           7|           7|
    |add_ln58_60931_fu_1490_p2  |         +|   0|  0|   14|           7|           7|
    |add_ln58_60932_fu_1496_p2  |         +|   0|  0|   14|           7|           7|
    |add_ln58_60933_fu_2349_p2  |         +|   0|  0|   14|           7|           7|
    |add_ln58_60934_fu_2358_p2  |         +|   0|  0|   14|           7|           7|
    |add_ln58_60935_fu_2367_p2  |         +|   0|  0|   14|           7|           7|
    |add_ln58_60936_fu_2376_p2  |         +|   0|  0|   15|           8|           8|
    |add_ln58_60937_fu_1502_p2  |         +|   0|  0|   12|           5|           5|
    |add_ln58_60938_fu_1512_p2  |         +|   0|  0|   13|           6|           6|
    |add_ln58_60939_fu_2388_p2  |         +|   0|  0|   15|           8|           8|
    |add_ln58_60940_fu_1518_p2  |         +|   0|  0|   13|           6|           6|
    |add_ln58_60941_fu_2400_p2  |         +|   0|  0|   15|           8|           8|
    |add_ln58_60942_fu_1524_p2  |         +|   0|  0|   13|           6|           6|
    |add_ln58_60943_fu_1530_p2  |         +|   0|  0|   14|           7|           7|
    |add_ln58_60944_fu_2412_p2  |         +|   0|  0|   15|           8|           8|
    |add_ln58_60945_fu_2418_p2  |         +|   0|  0|   13|           6|           6|
    |add_ln58_60946_fu_2428_p2  |         +|   0|  0|   15|           8|           8|
    |add_ln58_60947_fu_2434_p2  |         +|   0|  0|   13|           6|           6|
    |add_ln58_60948_fu_2444_p2  |         +|   0|  0|   14|           7|           7|
    |add_ln58_60949_fu_5757_p2  |         +|   0|  0|   16|           9|           9|
    |add_ln58_60950_fu_2450_p2  |         +|   0|  0|   13|           6|           6|
    |add_ln58_60951_fu_2460_p2  |         +|   0|  0|   14|           7|           7|
    |add_ln58_60952_fu_2466_p2  |         +|   0|  0|   13|           6|           6|
    |add_ln58_60953_fu_2476_p2  |         +|   0|  0|   13|           6|           6|
    |add_ln58_60954_fu_2485_p2  |         +|   0|  0|   14|           7|           7|
    |add_ln58_60955_fu_5769_p2  |         +|   0|  0|   15|           8|           8|
    |add_ln58_60956_fu_5779_p2  |         +|   0|  0|   18|           9|           9|
    |add_ln58_60957_fu_1536_p2  |         +|   0|  0|   13|           6|           6|
    |add_ln58_60958_fu_2494_p2  |         +|   0|  0|   14|           7|           7|
    |add_ln58_60959_fu_1542_p2  |         +|   0|  0|   13|           6|           6|
    |add_ln58_60960_fu_1548_p2  |         +|   0|  0|   12|           5|           5|
    |add_ln58_60961_fu_2510_p2  |         +|   0|  0|   14|           7|           7|
    |add_ln58_60962_fu_2520_p2  |         +|   0|  0|   15|           8|           8|
    |add_ln58_60963_fu_1554_p2  |         +|   0|  0|   12|           5|           5|
    |add_ln58_60964_fu_2529_p2  |         +|   0|  0|   13|           6|           6|
    |add_ln58_60965_fu_1560_p2  |         +|   0|  0|   12|           5|           5|
    |add_ln58_60966_fu_1570_p2  |         +|   0|  0|   12|           5|           5|
    |add_ln58_60967_fu_1580_p2  |         +|   0|  0|   13|           6|           6|
    |add_ln58_60968_fu_2542_p2  |         +|   0|  0|   14|           7|           7|
    |add_ln58_60969_fu_5791_p2  |         +|   0|  0|   16|           9|           9|
    |add_ln58_60970_fu_5797_p2  |         +|   0|  0|   18|           9|           9|
    |add_ln58_60971_fu_1586_p2  |         +|   0|  0|   12|           5|           5|
    |add_ln58_60972_fu_2554_p2  |         +|   0|  0|   13|           6|           6|
    |add_ln58_60973_fu_2563_p2  |         +|   0|  0|   14|           7|           7|
    |add_ln58_60974_fu_5806_p2  |         +|   0|  0|   19|           8|           8|
    |add_ln58_60975_fu_2568_p2  |         +|   0|  0|   13|           6|           6|
    |add_ln58_60976_fu_2578_p2  |         +|   0|  0|   14|           7|           7|
    |add_ln58_60977_fu_5814_p2  |         +|   0|  0|   19|           8|           8|
    |add_ln58_60978_fu_2584_p2  |         +|   0|  0|   13|           6|           6|
    |add_ln58_60979_fu_2594_p2  |         +|   0|  0|   14|           7|           7|
    |add_ln58_60980_fu_2600_p2  |         +|   0|  0|   13|           6|           6|
    |add_ln58_60981_fu_2610_p2  |         +|   0|  0|   13|           6|           6|
    |add_ln58_60982_fu_2620_p2  |         +|   0|  0|   14|           7|           7|
    |add_ln58_60983_fu_5830_p2  |         +|   0|  0|   15|           8|           8|
    |add_ln58_60984_fu_5840_p2  |         +|   0|  0|   18|           9|           9|
    |add_ln58_60985_fu_1592_p2  |         +|   0|  0|   13|           6|           6|
    |add_ln58_60986_fu_2629_p2  |         +|   0|  0|   14|           7|           7|
    |add_ln58_60987_fu_1598_p2  |         +|   0|  0|   13|           6|           6|
    |add_ln58_60988_fu_1604_p2  |         +|   0|  0|   12|           5|           5|
    |add_ln58_60989_fu_2648_p2  |         +|   0|  0|   14|           7|           7|
    |add_ln58_60990_fu_2658_p2  |         +|   0|  0|   15|           8|           8|
    |add_ln58_60991_fu_1610_p2  |         +|   0|  0|   12|           5|           5|
    |add_ln58_60992_fu_2667_p2  |         +|   0|  0|   13|           6|           6|
    |add_ln58_60993_fu_1616_p2  |         +|   0|  0|   12|           5|           5|
    |add_ln58_60994_fu_1622_p2  |         +|   0|  0|   12|           5|           5|
    |add_ln58_60995_fu_2682_p2  |         +|   0|  0|   13|           6|           6|
    |add_ln58_60996_fu_2692_p2  |         +|   0|  0|   14|           7|           7|
    |add_ln58_60997_fu_5852_p2  |         +|   0|  0|   16|           9|           9|
    |add_ln58_60998_fu_5858_p2  |         +|   0|  0|   18|           9|           9|
    |add_ln58_60999_fu_2698_p2  |         +|   0|  0|   14|           7|           7|
    |add_ln58_61000_fu_2707_p2  |         +|   0|  0|   15|           8|           8|
    |add_ln58_61001_fu_2713_p2  |         +|   0|  0|   13|           6|           6|
    |add_ln58_61002_fu_2723_p2  |         +|   0|  0|   13|           6|           6|
    |add_ln58_61003_fu_2733_p2  |         +|   0|  0|   14|           7|           7|
    |add_ln58_61004_fu_5870_p2  |         +|   0|  0|   16|           9|           9|
    |add_ln58_61005_fu_2739_p2  |         +|   0|  0|   13|           6|           6|
    |add_ln58_61006_fu_2749_p2  |         +|   0|  0|   14|           7|           7|
    |add_ln58_61007_fu_2755_p2  |         +|   0|  0|   13|           6|           6|
    |add_ln58_61008_fu_2765_p2  |         +|   0|  0|   13|           6|           6|
    |add_ln58_61009_fu_2774_p2  |         +|   0|  0|   14|           7|           7|
    |add_ln58_61010_fu_5882_p2  |         +|   0|  0|   15|           8|           8|
    |add_ln58_61011_fu_5892_p2  |         +|   0|  0|   18|           9|           9|
    |add_ln58_61012_fu_1628_p2  |         +|   0|  0|   13|           6|           6|
    |add_ln58_61013_fu_2783_p2  |         +|   0|  0|   14|           7|           7|
    |add_ln58_61014_fu_1634_p2  |         +|   0|  0|   12|           5|           5|
    |add_ln58_61015_fu_1640_p2  |         +|   0|  0|   12|           5|           5|
    |add_ln58_61016_fu_2799_p2  |         +|   0|  0|   13|           6|           6|
    |add_ln58_61017_fu_2809_p2  |         +|   0|  0|   19|           8|           8|
    |add_ln58_61018_fu_1646_p2  |         +|   0|  0|   12|           5|           5|
    |add_ln58_61019_fu_1656_p2  |         +|   0|  0|   13|           6|           6|
    |add_ln58_61020_fu_1662_p2  |         +|   0|  0|   12|           5|           5|
    |add_ln58_61021_fu_1672_p2  |         +|   0|  0|   12|           5|           5|
    |add_ln58_61022_fu_1682_p2  |         +|   0|  0|   13|           6|           6|
    |add_ln58_61023_fu_2821_p2  |         +|   0|  0|   14|           7|           7|
    |add_ln58_61024_fu_2831_p2  |         +|   0|  0|   19|           8|           8|
    |add_ln58_61025_fu_5901_p2  |         +|   0|  0|   18|           9|           9|
    |add_ln58_61026_fu_2837_p2  |         +|   0|  0|   13|           6|           6|
    |add_ln58_61027_fu_2846_p2  |         +|   0|  0|   13|           6|           6|
    |add_ln58_61028_fu_2856_p2  |         +|   0|  0|   14|           7|           7|
    |add_ln58_61029_fu_2862_p2  |         +|   0|  0|   13|           6|           6|
    |add_ln58_61030_fu_2872_p2  |         +|   0|  0|   13|           6|           6|
    |add_ln58_61031_fu_2882_p2  |         +|   0|  0|   14|           7|           7|
    |add_ln58_61032_fu_5913_p2  |         +|   0|  0|   15|           8|           8|
    |add_ln58_61033_fu_1688_p2  |         +|   0|  0|   13|           6|           6|
    |add_ln58_61034_fu_2894_p2  |         +|   0|  0|   14|           7|           7|
    |add_ln58_61035_fu_2904_p2  |         +|   0|  0|   16|           7|           7|
    |add_ln58_61036_fu_1694_p2  |         +|   0|  0|   12|           5|           5|
    |add_ln58_61037_fu_2915_p2  |         +|   0|  0|   16|           7|           7|
    |add_ln58_61038_fu_2925_p2  |         +|   0|  0|   15|           8|           8|
    |add_ln58_61039_fu_5926_p2  |         +|   0|  0|   18|           9|           9|
    |add_ln58_61040_fu_2931_p2  |         +|   0|  0|   13|           6|           6|
    |add_ln58_61041_fu_1700_p2  |         +|   0|  0|   12|           5|           5|
    |add_ln58_61042_fu_2947_p2  |         +|   0|  0|   13|           6|           6|
    |add_ln58_61043_fu_2957_p2  |         +|   0|  0|   14|           7|           7|
    |add_ln58_61044_fu_1706_p2  |         +|   0|  0|   12|           5|           5|
    |add_ln58_61045_fu_2966_p2  |         +|   0|  0|   13|           6|           6|
    |add_ln58_61046_fu_1712_p2  |         +|   0|  0|   12|           5|           5|
    |add_ln58_61047_fu_1718_p2  |         +|   0|  0|   12|           5|           5|
    |add_ln58_61048_fu_2982_p2  |         +|   0|  0|   13|           6|           6|
    |add_ln58_61049_fu_2992_p2  |         +|   0|  0|   14|           7|           7|
    |add_ln58_61050_fu_5938_p2  |         +|   0|  0|   15|           8|           8|
    |add_ln58_61051_fu_5948_p2  |         +|   0|  0|   18|           9|           9|
    |add_ln58_61052_fu_2998_p2  |         +|   0|  0|   13|           6|           6|
    |add_ln58_61053_fu_3008_p2  |         +|   0|  0|   14|           7|           7|
    |add_ln58_61054_fu_3014_p2  |         +|   0|  0|   13|           6|           6|
    |add_ln58_61055_fu_3024_p2  |         +|   0|  0|   14|           7|           7|
    |add_ln58_61056_fu_5960_p2  |         +|   0|  0|   15|           8|           8|
    |add_ln58_61057_fu_3030_p2  |         +|   0|  0|   14|           7|           7|
    |add_ln58_61058_fu_3036_p2  |         +|   0|  0|   14|           7|           7|
    |add_ln58_61059_fu_5976_p2  |         +|   0|  0|   15|           8|           8|
    |add_ln58_61060_fu_5986_p2  |         +|   0|  0|   18|           9|           9|
    |add_ln58_61061_fu_3042_p2  |         +|   0|  0|   13|           6|           6|
    |add_ln58_61062_fu_3051_p2  |         +|   0|  0|   14|           7|           7|
    |add_ln58_61063_fu_3057_p2  |         +|   0|  0|   13|           6|           6|
    |add_ln58_61064_fu_3069_p2  |         +|   0|  0|   19|           8|           8|
    |add_ln58_61065_fu_3075_p2  |         +|   0|  0|   19|           8|           8|
    |add_ln58_61066_fu_5998_p2  |         +|   0|  0|   18|           9|           9|
    |add_ln58_61067_fu_1724_p2  |         +|   0|  0|   12|           5|           5|
    |add_ln58_61068_fu_3084_p2  |         +|   0|  0|   13|           6|           6|
    |add_ln58_61069_fu_1730_p2  |         +|   0|  0|   12|           5|           5|
    |add_ln58_61070_fu_1736_p2  |         +|   0|  0|   12|           5|           5|
    |add_ln58_61071_fu_3099_p2  |         +|   0|  0|   13|           6|           6|
    |add_ln58_61072_fu_3109_p2  |         +|   0|  0|   14|           7|           7|
    |add_ln58_61073_fu_6007_p2  |         +|   0|  0|   18|           9|           9|
    |add_ln58_61074_fu_6013_p2  |         +|   0|  0|   18|           9|           9|
    |add_ln58_61075_fu_3115_p2  |         +|   0|  0|   13|           6|           6|
    |add_ln58_61076_fu_3124_p2  |         +|   0|  0|   13|           6|           6|
    |add_ln58_61077_fu_3138_p2  |         +|   0|  0|   14|           7|           7|
    |add_ln58_61078_fu_6022_p2  |         +|   0|  0|   15|           8|           8|
    |add_ln58_61079_fu_3144_p2  |         +|   0|  0|   14|           7|           7|
    |add_ln58_61080_fu_3150_p2  |         +|   0|  0|   13|           6|           6|
    |add_ln58_61081_fu_3158_p2  |         +|   0|  0|   19|           8|           8|
    |add_ln58_61082_fu_3164_p2  |         +|   0|  0|   19|           8|           8|
    |add_ln58_61083_fu_6038_p2  |         +|   0|  0|   16|           9|           9|
    |add_ln58_61084_fu_6044_p2  |         +|   0|  0|   18|           9|           9|
    |add_ln58_61085_fu_3170_p2  |         +|   0|  0|   13|           6|           6|
    |add_ln58_61086_fu_3179_p2  |         +|   0|  0|   13|           6|           6|
    |add_ln58_61087_fu_3189_p2  |         +|   0|  0|   14|           7|           7|
    |add_ln58_61088_fu_3195_p2  |         +|   0|  0|   13|           6|           6|
    |add_ln58_61089_fu_1742_p2  |         +|   0|  0|   12|           5|           5|
    |add_ln58_61090_fu_1748_p2  |         +|   0|  0|   12|           5|           5|
    |add_ln58_61091_fu_3211_p2  |         +|   0|  0|   13|           6|           6|
    |add_ln58_61092_fu_3221_p2  |         +|   0|  0|   14|           7|           7|
    |add_ln58_61093_fu_6056_p2  |         +|   0|  0|   15|           8|           8|
    |add_ln58_61094_fu_6066_p2  |         +|   0|  0|   18|           9|           9|
    |add_ln58_61095_fu_3227_p2  |         +|   0|  0|   13|           6|           6|
    |add_ln58_61096_fu_3237_p2  |         +|   0|  0|   14|           7|           7|
    |add_ln58_61097_fu_6075_p2  |         +|   0|  0|   15|           8|           8|
    |add_ln58_61098_fu_3243_p2  |         +|   0|  0|   13|           6|           6|
    |add_ln58_61099_fu_3253_p2  |         +|   0|  0|   14|           7|           7|
    |add_ln58_61100_fu_3259_p2  |         +|   0|  0|   13|           6|           6|
    |add_ln58_61101_fu_3267_p2  |         +|   0|  0|   14|           7|           7|
    |add_ln58_61102_fu_6091_p2  |         +|   0|  0|   15|           8|           8|
    |add_ln58_61103_fu_6101_p2  |         +|   0|  0|   18|           9|           9|
    |add_ln58_61104_fu_1754_p2  |         +|   0|  0|   12|           5|           5|
    |add_ln58_61105_fu_3276_p2  |         +|   0|  0|   14|           7|           7|
    |add_ln58_61106_fu_1760_p2  |         +|   0|  0|   12|           5|           5|
    |add_ln58_61107_fu_1766_p2  |         +|   0|  0|   12|           5|           5|
    |add_ln58_61108_fu_3291_p2  |         +|   0|  0|   13|           6|           6|
    |add_ln58_61109_fu_3301_p2  |         +|   0|  0|   15|           8|           8|
    |add_ln58_61110_fu_1772_p2  |         +|   0|  0|   12|           5|           5|
    |add_ln58_61111_fu_3310_p2  |         +|   0|  0|   13|           6|           6|
    |add_ln58_61112_fu_1778_p2  |         +|   0|  0|   12|           5|           5|
    |add_ln58_61113_fu_3322_p2  |         +|   0|  0|   13|           6|           6|
    |add_ln58_61114_fu_3332_p2  |         +|   0|  0|   14|           7|           7|
    |add_ln58_61115_fu_6113_p2  |         +|   0|  0|   16|           9|           9|
    |add_ln58_61116_fu_6119_p2  |         +|   0|  0|   18|           9|           9|
    |add_ln58_61117_fu_3338_p2  |         +|   0|  0|   19|           8|           8|
    |add_ln58_61118_fu_3344_p2  |         +|   0|  0|   19|           8|           8|
    |add_ln58_61119_fu_3350_p2  |         +|   0|  0|   13|           6|           6|
    |add_ln58_61120_fu_3360_p2  |         +|   0|  0|   14|           7|           7|
    |add_ln58_61121_fu_6131_p2  |         +|   0|  0|   16|           9|           9|
    |add_ln58_61122_fu_3366_p2  |         +|   0|  0|   14|           7|           7|
    |add_ln58_61123_fu_3372_p2  |         +|   0|  0|   13|           6|           6|
    |add_ln58_61124_fu_3380_p2  |         +|   0|  0|   14|           7|           7|
    |add_ln58_61125_fu_6143_p2  |         +|   0|  0|   15|           8|           8|
    |add_ln58_61126_fu_6153_p2  |         +|   0|  0|   18|           9|           9|
    |add_ln58_61127_fu_3386_p2  |         +|   0|  0|   13|           6|           6|
    |add_ln58_61128_fu_1784_p2  |         +|   0|  0|   12|           5|           5|
    |add_ln58_61129_fu_3399_p2  |         +|   0|  0|   13|           6|           6|
    |add_ln58_61130_fu_3409_p2  |         +|   0|  0|   14|           7|           7|
    |add_ln58_61131_fu_1790_p2  |         +|   0|  0|   12|           5|           5|
    |add_ln58_61132_fu_3418_p2  |         +|   0|  0|   13|           6|           6|
    |add_ln58_61133_fu_1796_p2  |         +|   0|  0|   12|           5|           5|
    |add_ln58_61134_fu_1802_p2  |         +|   0|  0|   12|           5|           5|
    |add_ln58_61135_fu_3434_p2  |         +|   0|  0|   13|           6|           6|
    |add_ln58_61136_fu_3444_p2  |         +|   0|  0|   14|           7|           7|
    |add_ln58_61137_fu_6165_p2  |         +|   0|  0|   15|           8|           8|
    |add_ln58_61138_fu_6175_p2  |         +|   0|  0|   18|           9|           9|
    |add_ln58_61139_fu_3450_p2  |         +|   0|  0|   13|           6|           6|
    |add_ln58_61140_fu_3460_p2  |         +|   0|  0|   14|           7|           7|
    |add_ln58_61141_fu_6184_p2  |         +|   0|  0|   15|           8|           8|
    |add_ln58_61142_fu_3466_p2  |         +|   0|  0|   14|           7|           7|
    |add_ln58_61143_fu_3472_p2  |         +|   0|  0|   19|           8|           8|
    |add_ln58_61144_fu_3478_p2  |         +|   0|  0|   19|           8|           8|
    |add_ln58_61145_fu_6200_p2  |         +|   0|  0|   16|           9|           9|
    |add_ln58_61146_fu_6206_p2  |         +|   0|  0|   18|           9|           9|
    |add_ln58_61147_fu_3484_p2  |         +|   0|  0|   13|           6|           6|
    |add_ln58_61148_fu_1808_p2  |         +|   0|  0|   12|           5|           5|
    |add_ln58_61149_fu_3496_p2  |         +|   0|  0|   13|           6|           6|
    |add_ln58_61150_fu_3505_p2  |         +|   0|  0|   14|           7|           7|
    |add_ln58_61151_fu_1814_p2  |         +|   0|  0|   13|           6|           6|
    |add_ln58_61152_fu_1820_p2  |         +|   0|  0|   12|           5|           5|
    |add_ln58_61153_fu_1830_p2  |         +|   0|  0|   12|           5|           5|
    |add_ln58_61154_fu_3517_p2  |         +|   0|  0|   13|           6|           6|
    |add_ln58_61155_fu_3526_p2  |         +|   0|  0|   14|           7|           7|
    |add_ln58_61156_fu_6218_p2  |         +|   0|  0|   15|           8|           8|
    |add_ln58_61157_fu_6228_p2  |         +|   0|  0|   18|           9|           9|
    |add_ln58_61158_fu_3532_p2  |         +|   0|  0|   19|           8|           8|
    |add_ln58_61159_fu_3538_p2  |         +|   0|  0|   19|           8|           8|
    |add_ln58_61160_fu_3544_p2  |         +|   0|  0|   14|           7|           7|
    |add_ln58_61161_fu_6240_p2  |         +|   0|  0|   16|           9|           9|
    |add_ln58_61162_fu_3550_p2  |         +|   0|  0|   13|           6|           6|
    |add_ln58_61163_fu_3560_p2  |         +|   0|  0|   14|           7|           7|
    |add_ln58_61164_fu_3566_p2  |         +|   0|  0|   13|           6|           6|
    |add_ln58_61165_fu_3575_p2  |         +|   0|  0|   13|           6|           6|
    |add_ln58_61166_fu_3583_p2  |         +|   0|  0|   14|           7|           7|
    |add_ln58_61167_fu_6252_p2  |         +|   0|  0|   15|           8|           8|
    |add_ln58_61168_fu_6262_p2  |         +|   0|  0|   18|           9|           9|
    |add_ln58_61169_fu_3589_p2  |         +|   0|  0|   13|           6|           6|
    |add_ln58_61170_fu_1836_p2  |         +|   0|  0|   12|           5|           5|
    |add_ln58_61171_fu_3601_p2  |         +|   0|  0|   13|           6|           6|
    |add_ln58_61172_fu_3611_p2  |         +|   0|  0|   14|           7|           7|
    |add_ln58_61173_fu_3617_p2  |         +|   0|  0|   13|           6|           6|
    |add_ln58_61174_fu_1842_p2  |         +|   0|  0|   12|           5|           5|
    |add_ln58_61175_fu_3629_p2  |         +|   0|  0|   13|           6|           6|
    |add_ln58_61176_fu_3639_p2  |         +|   0|  0|   14|           7|           7|
    |add_ln58_61177_fu_6274_p2  |         +|   0|  0|   15|           8|           8|
    |add_ln58_61178_fu_6284_p2  |         +|   0|  0|   18|           9|           9|
    |add_ln58_61179_fu_3645_p2  |         +|   0|  0|   14|           7|           7|
    |add_ln58_61180_fu_3654_p2  |         +|   0|  0|   15|           8|           8|
    |add_ln58_61181_fu_3660_p2  |         +|   0|  0|   13|           6|           6|
    |add_ln58_61182_fu_3670_p2  |         +|   0|  0|   13|           6|           6|
    |add_ln58_61183_fu_3680_p2  |         +|   0|  0|   14|           7|           7|
    |add_ln58_61184_fu_6296_p2  |         +|   0|  0|   16|           9|           9|
    |add_ln58_61185_fu_3686_p2  |         +|   0|  0|   13|           6|           6|
    |add_ln58_61186_fu_3696_p2  |         +|   0|  0|   14|           7|           7|
    |add_ln58_61187_fu_3702_p2  |         +|   0|  0|   13|           6|           6|
    |add_ln58_61188_fu_1848_p2  |         +|   0|  0|   13|           6|           6|
    |add_ln58_61189_fu_3715_p2  |         +|   0|  0|   14|           7|           7|
    |add_ln58_61190_fu_6308_p2  |         +|   0|  0|   15|           8|           8|
    |add_ln58_61191_fu_6318_p2  |         +|   0|  0|   18|           9|           9|
    |add_ln58_61192_fu_1854_p2  |         +|   0|  0|   12|           5|           5|
    |add_ln58_61193_fu_1860_p2  |         +|   0|  0|   12|           5|           5|
    |add_ln58_61194_fu_3727_p2  |         +|   0|  0|   13|           6|           6|
    |add_ln58_61195_fu_3737_p2  |         +|   0|  0|   15|           8|           8|
    |add_ln58_61196_fu_3743_p2  |         +|   0|  0|   13|           6|           6|
    |add_ln58_61197_fu_1866_p2  |         +|   0|  0|   12|           5|           5|
    |add_ln58_61198_fu_1872_p2  |         +|   0|  0|   12|           5|           5|
    |add_ln58_61199_fu_3759_p2  |         +|   0|  0|   13|           6|           6|
    |add_ln58_61200_fu_3769_p2  |         +|   0|  0|   14|           7|           7|
    |add_ln58_61201_fu_6330_p2  |         +|   0|  0|   16|           9|           9|
    |add_ln58_61202_fu_6336_p2  |         +|   0|  0|   18|           9|           9|
    |add_ln58_61203_fu_3775_p2  |         +|   0|  0|   14|           7|           7|
    |add_ln58_61204_fu_3784_p2  |         +|   0|  0|   15|           8|           8|
    |add_ln58_61205_fu_3790_p2  |         +|   0|  0|   13|           6|           6|
    |add_ln58_61206_fu_3800_p2  |         +|   0|  0|   14|           7|           7|
    |add_ln58_61207_fu_6348_p2  |         +|   0|  0|   16|           9|           9|
    |add_ln58_61208_fu_3806_p2  |         +|   0|  0|   14|           7|           7|
    |add_ln58_61209_fu_3812_p2  |         +|   0|  0|   13|           6|           6|
    |add_ln58_61210_fu_3820_p2  |         +|   0|  0|   14|           7|           7|
    |add_ln58_61211_fu_6360_p2  |         +|   0|  0|   15|           8|           8|
    |add_ln58_61212_fu_6370_p2  |         +|   0|  0|   18|           9|           9|
    |add_ln58_61213_fu_1878_p2  |         +|   0|  0|   12|           5|           5|
    |add_ln58_61214_fu_3829_p2  |         +|   0|  0|   13|           6|           6|
    |add_ln58_61215_fu_1884_p2  |         +|   0|  0|   12|           5|           5|
    |add_ln58_61216_fu_3842_p2  |         +|   0|  0|   13|           6|           6|
    |add_ln58_61217_fu_3852_p2  |         +|   0|  0|   14|           7|           7|
    |add_ln58_61218_fu_1890_p2  |         +|   0|  0|   12|           5|           5|
    |add_ln58_61219_fu_3861_p2  |         +|   0|  0|   13|           6|           6|
    |add_ln58_61220_fu_1896_p2  |         +|   0|  0|   12|           5|           5|
    |add_ln58_61221_fu_3874_p2  |         +|   0|  0|   13|           6|           6|
    |add_ln58_61222_fu_3883_p2  |         +|   0|  0|   14|           7|           7|
    |add_ln58_61223_fu_6382_p2  |         +|   0|  0|   15|           8|           8|
    |add_ln58_61224_fu_6392_p2  |         +|   0|  0|   18|           9|           9|
    |add_ln58_61225_fu_3889_p2  |         +|   0|  0|   13|           6|           6|
    |add_ln58_61226_fu_3903_p2  |         +|   0|  0|   15|           8|           8|
    |add_ln58_61227_fu_3909_p2  |         +|   0|  0|   13|           6|           6|
    |add_ln58_61228_fu_3919_p2  |         +|   0|  0|   14|           7|           7|
    |add_ln58_61229_fu_6404_p2  |         +|   0|  0|   16|           9|           9|
    |add_ln58_61230_fu_3925_p2  |         +|   0|  0|   13|           6|           6|
    |add_ln58_61231_fu_3935_p2  |         +|   0|  0|   14|           7|           7|
    |add_ln58_61232_fu_3941_p2  |         +|   0|  0|   13|           6|           6|
    |add_ln58_61233_fu_3950_p2  |         +|   0|  0|   13|           6|           6|
    |add_ln58_61234_fu_3959_p2  |         +|   0|  0|   14|           7|           7|
    |add_ln58_61235_fu_6416_p2  |         +|   0|  0|   15|           8|           8|
    |add_ln58_61236_fu_6426_p2  |         +|   0|  0|   18|           9|           9|
    |add_ln58_61237_fu_3965_p2  |         +|   0|  0|   13|           6|           6|
    |add_ln58_61238_fu_1902_p2  |         +|   0|  0|   12|           5|           5|
    |add_ln58_61239_fu_3977_p2  |         +|   0|  0|   13|           6|           6|
    |add_ln58_61240_fu_3987_p2  |         +|   0|  0|   14|           7|           7|
    |add_ln58_61241_fu_3993_p2  |         +|   0|  0|   13|           6|           6|
    |add_ln58_61242_fu_1908_p2  |         +|   0|  0|   12|           5|           5|
    |add_ln58_61243_fu_4006_p2  |         +|   0|  0|   13|           6|           6|
    |add_ln58_61244_fu_4015_p2  |         +|   0|  0|   14|           7|           7|
    |add_ln58_61245_fu_6438_p2  |         +|   0|  0|   15|           8|           8|
    |add_ln58_61246_fu_6448_p2  |         +|   0|  0|   18|           9|           9|
    |add_ln58_61247_fu_4021_p2  |         +|   0|  0|   19|           8|           8|
    |add_ln58_61248_fu_4027_p2  |         +|   0|  0|   19|           8|           8|
    |add_ln58_61249_fu_4033_p2  |         +|   0|  0|   13|           6|           6|
    |add_ln58_61250_fu_4043_p2  |         +|   0|  0|   14|           7|           7|
    |add_ln58_61251_fu_6460_p2  |         +|   0|  0|   16|           9|           9|
    |add_ln58_61252_fu_4049_p2  |         +|   0|  0|   14|           7|           7|
    |add_ln58_61253_fu_4055_p2  |         +|   0|  0|   13|           6|           6|
    |add_ln58_61254_fu_4065_p2  |         +|   0|  0|   14|           7|           7|
    |add_ln58_61255_fu_6472_p2  |         +|   0|  0|   15|           8|           8|
    |add_ln58_61256_fu_6482_p2  |         +|   0|  0|   18|           9|           9|
    |add_ln58_61257_fu_4071_p2  |         +|   0|  0|   14|           7|           7|
    |add_ln58_61258_fu_4081_p2  |         +|   0|  0|   15|           8|           8|
    |add_ln58_61259_fu_4087_p2  |         +|   0|  0|   13|           6|           6|
    |add_ln58_61260_fu_1914_p2  |         +|   0|  0|   12|           5|           5|
    |add_ln58_61261_fu_4100_p2  |         +|   0|  0|   13|           6|           6|
    |add_ln58_61262_fu_4110_p2  |         +|   0|  0|   14|           7|           7|
    |add_ln58_61263_fu_6494_p2  |         +|   0|  0|   16|           9|           9|
    |add_ln58_61264_fu_6500_p2  |         +|   0|  0|   18|           9|           9|
    |add_ln58_61265_fu_1920_p2  |         +|   0|  0|   12|           5|           5|
    |add_ln58_61266_fu_4122_p2  |         +|   0|  0|   13|           6|           6|
    |add_ln58_61267_fu_4132_p2  |         +|   0|  0|   15|           8|           8|
    |add_ln58_61268_fu_4138_p2  |         +|   0|  0|   13|           6|           6|
    |add_ln58_61269_fu_4152_p2  |         +|   0|  0|   14|           7|           7|
    |add_ln58_61270_fu_6512_p2  |         +|   0|  0|   16|           9|           9|
    |add_ln58_61271_fu_4158_p2  |         +|   0|  0|   13|           6|           6|
    |add_ln58_61272_fu_4168_p2  |         +|   0|  0|   14|           7|           7|
    |add_ln58_61273_fu_4174_p2  |         +|   0|  0|   13|           6|           6|
    |add_ln58_61274_fu_4184_p2  |         +|   0|  0|   13|           6|           6|
    |add_ln58_61275_fu_4194_p2  |         +|   0|  0|   14|           7|           7|
    |add_ln58_61276_fu_6524_p2  |         +|   0|  0|   15|           8|           8|
    |add_ln58_61277_fu_6534_p2  |         +|   0|  0|   18|           9|           9|
    |add_ln58_61278_fu_4200_p2  |         +|   0|  0|   14|           7|           7|
    |add_ln58_61279_fu_4210_p2  |         +|   0|  0|   13|           6|           6|
    |add_ln58_61280_fu_4220_p2  |         +|   0|  0|   19|           8|           8|
    |add_ln58_61281_fu_1926_p2  |         +|   0|  0|   13|           6|           6|
    |add_ln58_61282_fu_4229_p2  |         +|   0|  0|   14|           7|           7|
    |add_ln58_61283_fu_4239_p2  |         +|   0|  0|   19|           8|           8|
    |add_ln58_61284_fu_6543_p2  |         +|   0|  0|   18|           9|           9|
    |add_ln58_61285_fu_4245_p2  |         +|   0|  0|   13|           6|           6|
    |add_ln58_61286_fu_4257_p2  |         +|   0|  0|   14|           7|           7|
    |add_ln58_61287_fu_4266_p2  |         +|   0|  0|   15|           8|           8|
    |add_ln58_61288_fu_4272_p2  |         +|   0|  0|   13|           6|           6|
    |add_ln58_61289_fu_4282_p2  |         +|   0|  0|   13|           6|           6|
    |add_ln58_61290_fu_4292_p2  |         +|   0|  0|   14|           7|           7|
    |add_ln58_61291_fu_6555_p2  |         +|   0|  0|   16|           9|           9|
    |add_ln58_61292_fu_4298_p2  |         +|   0|  0|   14|           7|           7|
    |add_ln58_61293_fu_4304_p2  |         +|   0|  0|   14|           7|           7|
    |add_ln58_61294_fu_6567_p2  |         +|   0|  0|   15|           8|           8|
    |add_ln58_61295_fu_6577_p2  |         +|   0|  0|   18|           9|           9|
    |add_ln58_61296_fu_4310_p2  |         +|   0|  0|   13|           6|           6|
    |add_ln58_61297_fu_4319_p2  |         +|   0|  0|   14|           7|           7|
    |add_ln58_61298_fu_1932_p2  |         +|   0|  0|   12|           5|           5|
    |add_ln58_61299_fu_1942_p2  |         +|   0|  0|   12|           5|           5|
    |add_ln58_61300_fu_1952_p2  |         +|   0|  0|   13|           6|           6|
    |add_ln58_61301_fu_6589_p2  |         +|   0|  0|   19|           8|           8|
    |add_ln58_61302_fu_1958_p2  |         +|   0|  0|   12|           5|           5|
    |add_ln58_61303_fu_4328_p2  |         +|   0|  0|   13|           6|           6|
    |add_ln58_61304_fu_4338_p2  |         +|   0|  0|   13|           6|           6|
    |add_ln58_61305_fu_4348_p2  |         +|   0|  0|   14|           7|           7|
    |add_ln58_61306_fu_6598_p2  |         +|   0|  0|   19|           8|           8|
    |add_ln58_61307_fu_6608_p2  |         +|   0|  0|   18|           9|           9|
    |add_ln58_61308_fu_4354_p2  |         +|   0|  0|   14|           7|           7|
    |add_ln58_61309_fu_4363_p2  |         +|   0|  0|   15|           8|           8|
    |add_ln58_61310_fu_4369_p2  |         +|   0|  0|   14|           7|           7|
    |add_ln58_61311_fu_6623_p2  |         +|   0|  0|   16|           9|           9|
    |add_ln58_61312_fu_4375_p2  |         +|   0|  0|   14|           7|           7|
    |add_ln58_61313_fu_4381_p2  |         +|   0|  0|   13|           6|           6|
    |add_ln58_61314_fu_4391_p2  |         +|   0|  0|   13|           6|           6|
    |add_ln58_61315_fu_4400_p2  |         +|   0|  0|   14|           7|           7|
    |add_ln58_61316_fu_6635_p2  |         +|   0|  0|   15|           8|           8|
    |add_ln58_61317_fu_6645_p2  |         +|   0|  0|   18|           9|           9|
    |add_ln58_61318_fu_4406_p2  |         +|   0|  0|   13|           6|           6|
    |add_ln58_61319_fu_4415_p2  |         +|   0|  0|   14|           7|           7|
    |add_ln58_61320_fu_1964_p2  |         +|   0|  0|   12|           5|           5|
    |add_ln58_61321_fu_4424_p2  |         +|   0|  0|   13|           6|           6|
    |add_ln58_61322_fu_6657_p2  |         +|   0|  0|   19|           8|           8|
    |add_ln58_61323_fu_4430_p2  |         +|   0|  0|   13|           6|           6|
    |add_ln58_61324_fu_4440_p2  |         +|   0|  0|   14|           7|           7|
    |add_ln58_61325_fu_6666_p2  |         +|   0|  0|   19|           8|           8|
    |add_ln58_61326_fu_6676_p2  |         +|   0|  0|   18|           9|           9|
    |add_ln58_61327_fu_4446_p2  |         +|   0|  0|   14|           7|           7|
    |add_ln58_61328_fu_4452_p2  |         +|   0|  0|   13|           6|           6|
    |add_ln58_61329_fu_4462_p2  |         +|   0|  0|   13|           6|           6|
    |add_ln58_61330_fu_4472_p2  |         +|   0|  0|   14|           7|           7|
    |add_ln58_61331_fu_6688_p2  |         +|   0|  0|   15|           8|           8|
    |add_ln58_61332_fu_4478_p2  |         +|   0|  0|   13|           6|           6|
    |add_ln58_61333_fu_4488_p2  |         +|   0|  0|   14|           7|           7|
    |add_ln58_61334_fu_4494_p2  |         +|   0|  0|   13|           6|           6|
    |add_ln58_61335_fu_4503_p2  |         +|   0|  0|   14|           7|           7|
    |add_ln58_61336_fu_6704_p2  |         +|   0|  0|   15|           8|           8|
    |add_ln58_61337_fu_6714_p2  |         +|   0|  0|   18|           9|           9|
    |add_ln58_61338_fu_4509_p2  |         +|   0|  0|   14|           7|           7|
    |add_ln58_61339_fu_1970_p2  |         +|   0|  0|   12|           5|           5|
    |add_ln58_61340_fu_1976_p2  |         +|   0|  0|   12|           5|           5|
    |add_ln58_61341_fu_4524_p2  |         +|   0|  0|   13|           6|           6|
    |add_ln58_61342_fu_4534_p2  |         +|   0|  0|   15|           8|           8|
    |add_ln58_61343_fu_1982_p2  |         +|   0|  0|   12|           5|           5|
    |add_ln58_61344_fu_4543_p2  |         +|   0|  0|   13|           6|           6|
    |add_ln58_61345_fu_4553_p2  |         +|   0|  0|   13|           6|           6|
    |add_ln58_61346_fu_4563_p2  |         +|   0|  0|   14|           7|           7|
    |add_ln58_61347_fu_6726_p2  |         +|   0|  0|   16|           9|           9|
    |add_ln58_61348_fu_6732_p2  |         +|   0|  0|   18|           9|           9|
    |add_ln58_61349_fu_4569_p2  |         +|   0|  0|   15|           8|           8|
    |add_ln58_61350_fu_4575_p2  |         +|   0|  0|   13|           6|           6|
    |add_ln58_61351_fu_4585_p2  |         +|   0|  0|   14|           7|           7|
    |add_ln58_61352_fu_6744_p2  |         +|   0|  0|   16|           9|           9|
    |add_ln58_61353_fu_4591_p2  |         +|   0|  0|   14|           7|           7|
    |add_ln58_61354_fu_4597_p2  |         +|   0|  0|   14|           7|           7|
    |add_ln58_61355_fu_6756_p2  |         +|   0|  0|   15|           8|           8|
    |add_ln58_61356_fu_6766_p2  |         +|   0|  0|   18|           9|           9|
    |add_ln58_61357_fu_4603_p2  |         +|   0|  0|   16|           7|           7|
    |add_ln58_61358_fu_1988_p2  |         +|   0|  0|   12|           5|           5|
    |add_ln58_61359_fu_4612_p2  |         +|   0|  0|   13|           6|           6|
    |add_ln58_61360_fu_4622_p2  |         +|   0|  0|   16|           7|           7|
    |add_ln58_61361_fu_1994_p2  |         +|   0|  0|   12|           5|           5|
    |add_ln58_61362_fu_2004_p2  |         +|   0|  0|   13|           6|           6|
    |add_ln58_61363_fu_4631_p2  |         +|   0|  0|   13|           6|           6|
    |add_ln58_61364_fu_4641_p2  |         +|   0|  0|   14|           7|           7|
    |add_ln58_61365_fu_6778_p2  |         +|   0|  0|   15|           8|           8|
    |add_ln58_61366_fu_6788_p2  |         +|   0|  0|   18|           9|           9|
    |add_ln58_61367_fu_4647_p2  |         +|   0|  0|   13|           6|           6|
    |add_ln58_61368_fu_4656_p2  |         +|   0|  0|   15|           8|           8|
    |add_ln58_61369_fu_4662_p2  |         +|   0|  0|   14|           7|           7|
    |add_ln58_61370_fu_6800_p2  |         +|   0|  0|   16|           9|           9|
    |add_ln58_61371_fu_4668_p2  |         +|   0|  0|   13|           6|           6|
    |add_ln58_61372_fu_4678_p2  |         +|   0|  0|   14|           7|           7|
    |add_ln58_61373_fu_4684_p2  |         +|   0|  0|   13|           6|           6|
    |add_ln58_61374_fu_4693_p2  |         +|   0|  0|   14|           7|           7|
    |add_ln58_61375_fu_6812_p2  |         +|   0|  0|   15|           8|           8|
    |add_ln58_61376_fu_6822_p2  |         +|   0|  0|   18|           9|           9|
    |add_ln58_61377_fu_2010_p2  |         +|   0|  0|   12|           5|           5|
    |add_ln58_61378_fu_4702_p2  |         +|   0|  0|   13|           6|           6|
    |add_ln58_61379_fu_2016_p2  |         +|   0|  0|   12|           5|           5|
    |add_ln58_61380_fu_2022_p2  |         +|   0|  0|   12|           5|           5|
    |add_ln58_61381_fu_4717_p2  |         +|   0|  0|   13|           6|           6|
    |add_ln58_61382_fu_4727_p2  |         +|   0|  0|   14|           7|           7|
    |add_ln58_61383_fu_2028_p2  |         +|   0|  0|   12|           5|           5|
    |add_ln58_61384_fu_4736_p2  |         +|   0|  0|   13|           6|           6|
    |add_ln58_61385_fu_4746_p2  |         +|   0|  0|   13|           6|           6|
    |add_ln58_61386_fu_4756_p2  |         +|   0|  0|   14|           7|           7|
    |add_ln58_61387_fu_6834_p2  |         +|   0|  0|   15|           8|           8|
    |add_ln58_61388_fu_6844_p2  |         +|   0|  0|   18|           9|           9|
    |add_ln58_61389_fu_4762_p2  |         +|   0|  0|   15|           8|           8|
    |add_ln58_61390_fu_4768_p2  |         +|   0|  0|   13|           6|           6|
    |add_ln58_61391_fu_4778_p2  |         +|   0|  0|   14|           7|           7|
    |add_ln58_61392_fu_6856_p2  |         +|   0|  0|   16|           9|           9|
    |add_ln58_61393_fu_4784_p2  |         +|   0|  0|   13|           6|           6|
    |add_ln58_61394_fu_4794_p2  |         +|   0|  0|   14|           7|           7|
    |add_ln58_61395_fu_4800_p2  |         +|   0|  0|   13|           6|           6|
    |add_ln58_61396_fu_2034_p2  |         +|   0|  0|   12|           5|           5|
    |add_ln58_61397_fu_4812_p2  |         +|   0|  0|   14|           7|           7|
    |add_ln58_61398_fu_6868_p2  |         +|   0|  0|   15|           8|           8|
    |add_ln58_61399_fu_6878_p2  |         +|   0|  0|   18|           9|           9|
    |add_ln58_61400_fu_4818_p2  |         +|   0|  0|   13|           6|           6|
    |add_ln58_61401_fu_4828_p2  |         +|   0|  0|   13|           6|           6|
    |add_ln58_61402_fu_4838_p2  |         +|   0|  0|   14|           7|           7|
    |add_ln58_61403_fu_4844_p2  |         +|   0|  0|   13|           6|           6|
    |add_ln58_61404_fu_4854_p2  |         +|   0|  0|   13|           6|           6|
    |add_ln58_61405_fu_4863_p2  |         +|   0|  0|   14|           7|           7|
    |add_ln58_61406_fu_6890_p2  |         +|   0|  0|   15|           8|           8|
    |add_ln58_61407_fu_6900_p2  |         +|   0|  0|   18|           9|           9|
    |add_ln58_61408_fu_4869_p2  |         +|   0|  0|   15|           8|           8|
    |add_ln58_61409_fu_6909_p2  |         +|   0|  0|   16|           9|           9|
    |add_ln58_61410_fu_4875_p2  |         +|   0|  0|   14|           7|           7|
    |add_ln58_61411_fu_4881_p2  |         +|   0|  0|   14|           7|           7|
    |add_ln58_61412_fu_6921_p2  |         +|   0|  0|   15|           8|           8|
    |add_ln58_61413_fu_6931_p2  |         +|   0|  0|   18|           9|           9|
    |add_ln58_61414_fu_4887_p2  |         +|   0|  0|   13|           6|           6|
    |add_ln58_61415_fu_4896_p2  |         +|   0|  0|   14|           7|           7|
    |add_ln58_61416_fu_4902_p2  |         +|   0|  0|   13|           6|           6|
    |add_ln58_61417_fu_6943_p2  |         +|   0|  0|   19|           8|           8|
    |add_ln58_61418_fu_4908_p2  |         +|   0|  0|   13|           6|           6|
    |add_ln58_61419_fu_4917_p2  |         +|   0|  0|   14|           7|           7|
    |add_ln58_61420_fu_6952_p2  |         +|   0|  0|   19|           8|           8|
    |add_ln58_61421_fu_6962_p2  |         +|   0|  0|   18|           9|           9|
    |add_ln58_61422_fu_4923_p2  |         +|   0|  0|   15|           8|           8|
    |add_ln58_61423_fu_4929_p2  |         +|   0|  0|   13|           6|           6|
    |add_ln58_61424_fu_4939_p2  |         +|   0|  0|   14|           7|           7|
    |add_ln58_61425_fu_6974_p2  |         +|   0|  0|   16|           9|           9|
    |add_ln58_61426_fu_4945_p2  |         +|   0|  0|   14|           7|           7|
    |add_ln58_61427_fu_4951_p2  |         +|   0|  0|   13|           6|           6|
    |add_ln58_61428_fu_4959_p2  |         +|   0|  0|   14|           7|           7|
    |add_ln58_61429_fu_6986_p2  |         +|   0|  0|   15|           8|           8|
    |add_ln58_61430_fu_6996_p2  |         +|   0|  0|   18|           9|           9|
    |add_ln58_61431_fu_4968_p2  |         +|   0|  0|   13|           6|           6|
    |add_ln58_61432_fu_4977_p2  |         +|   0|  0|   13|           6|           6|
    |add_ln58_61433_fu_4987_p2  |         +|   0|  0|   14|           7|           7|
    |add_ln58_61434_fu_4993_p2  |         +|   0|  0|   13|           6|           6|
    |add_ln58_61435_fu_5003_p2  |         +|   0|  0|   14|           7|           7|
    |add_ln58_61436_fu_7008_p2  |         +|   0|  0|   15|           8|           8|
    |add_ln58_61437_fu_7018_p2  |         +|   0|  0|   18|           9|           9|
    |add_ln58_61438_fu_5009_p2  |         +|   0|  0|   13|           6|           6|
    |add_ln58_61439_fu_5018_p2  |         +|   0|  0|   14|           7|           7|
    |add_ln58_61440_fu_5024_p2  |         +|   0|  0|   13|           6|           6|
    |add_ln58_61441_fu_5034_p2  |         +|   0|  0|   13|           6|           6|
    |add_ln58_61442_fu_5044_p2  |         +|   0|  0|   14|           7|           7|
    |add_ln58_61443_fu_7030_p2  |         +|   0|  0|   15|           8|           8|
    |add_ln58_61444_fu_5050_p2  |         +|   0|  0|   14|           7|           7|
    |add_ln58_61445_fu_5059_p2  |         +|   0|  0|   19|           8|           8|
    |add_ln58_61446_fu_5065_p2  |         +|   0|  0|   13|           6|           6|
    |add_ln58_61447_fu_5075_p2  |         +|   0|  0|   19|           8|           8|
    |add_ln58_61448_fu_7043_p2  |         +|   0|  0|   18|           9|           9|
    |add_ln58_61449_fu_2040_p2  |         +|   0|  0|   12|           5|           5|
    |add_ln58_61450_fu_5084_p2  |         +|   0|  0|   13|           6|           6|
    |add_ln58_61451_fu_5094_p2  |         +|   0|  0|   13|           6|           6|
    |add_ln58_61452_fu_5104_p2  |         +|   0|  0|   14|           7|           7|
    |add_ln58_61453_fu_2046_p2  |         +|   0|  0|   12|           5|           5|
    |add_ln58_61454_fu_5113_p2  |         +|   0|  0|   13|           6|           6|
    |add_ln58_61455_fu_5123_p2  |         +|   0|  0|   13|           6|           6|
    |add_ln58_61456_fu_5132_p2  |         +|   0|  0|   14|           7|           7|
    |add_ln58_61457_fu_7055_p2  |         +|   0|  0|   15|           8|           8|
    |add_ln58_61458_fu_7065_p2  |         +|   0|  0|   18|           9|           9|
    |add_ln58_61459_fu_5138_p2  |         +|   0|  0|   15|           8|           8|
    |add_ln58_61460_fu_5144_p2  |         +|   0|  0|   14|           7|           7|
    |add_ln58_61461_fu_7077_p2  |         +|   0|  0|   16|           9|           9|
    |add_ln58_61462_fu_5150_p2  |         +|   0|  0|   14|           7|           7|
    |add_ln58_61463_fu_5156_p2  |         +|   0|  0|   14|           7|           7|
    |add_ln58_61464_fu_7089_p2  |         +|   0|  0|   15|           8|           8|
    |add_ln58_61465_fu_7099_p2  |         +|   0|  0|   18|           9|           9|
    |add_ln58_61466_fu_2052_p2  |         +|   0|  0|   12|           5|           5|
    |add_ln58_61467_fu_5165_p2  |         +|   0|  0|   13|           6|           6|
    |add_ln58_61468_fu_5174_p2  |         +|   0|  0|   13|           6|           6|
    |add_ln58_61469_fu_5184_p2  |         +|   0|  0|   14|           7|           7|
    |add_ln58_61470_fu_5190_p2  |         +|   0|  0|   13|           6|           6|
    |add_ln58_61471_fu_5200_p2  |         +|   0|  0|   13|           6|           6|
    |add_ln58_61472_fu_5209_p2  |         +|   0|  0|   14|           7|           7|
    |add_ln58_61473_fu_7111_p2  |         +|   0|  0|   15|           8|           8|
    |add_ln58_61474_fu_7121_p2  |         +|   0|  0|   18|           9|           9|
    |add_ln58_61475_fu_5215_p2  |         +|   0|  0|   15|           8|           8|
    |add_ln58_61476_fu_5221_p2  |         +|   0|  0|   14|           7|           7|
    |add_ln58_61477_fu_7133_p2  |         +|   0|  0|   16|           9|           9|
    |add_ln58_61478_fu_5227_p2  |         +|   0|  0|   13|           6|           6|
    |add_ln58_61479_fu_5237_p2  |         +|   0|  0|   14|           7|           7|
    |add_ln58_61480_fu_5243_p2  |         +|   0|  0|   14|           7|           7|
    |add_ln58_61481_fu_7145_p2  |         +|   0|  0|   15|           8|           8|
    |add_ln58_61482_fu_7155_p2  |         +|   0|  0|   18|           9|           9|
    |add_ln58_61483_fu_5249_p2  |         +|   0|  0|   13|           6|           6|
    |add_ln58_61484_fu_5258_p2  |         +|   0|  0|   14|           7|           7|
    |add_ln58_61485_fu_5264_p2  |         +|   0|  0|   13|           6|           6|
    |add_ln58_61486_fu_7167_p2  |         +|   0|  0|   19|           8|           8|
    |add_ln58_61487_fu_2058_p2  |         +|   0|  0|   12|           5|           5|
    |add_ln58_61488_fu_5273_p2  |         +|   0|  0|   13|           6|           6|
    |add_ln58_61489_fu_5283_p2  |         +|   0|  0|   14|           7|           7|
    |add_ln58_61490_fu_7176_p2  |         +|   0|  0|   19|           8|           8|
    |add_ln58_61491_fu_7186_p2  |         +|   0|  0|   18|           9|           9|
    |add_ln58_61492_fu_5289_p2  |         +|   0|  0|   19|           8|           8|
    |add_ln58_61493_fu_5295_p2  |         +|   0|  0|   19|           8|           8|
    |add_ln58_61494_fu_7195_p2  |         +|   0|  0|   16|           9|           9|
    |add_ln58_61495_fu_5301_p2  |         +|   0|  0|   13|           6|           6|
    |add_ln58_61496_fu_5311_p2  |         +|   0|  0|   14|           7|           7|
    |add_ln58_61497_fu_5317_p2  |         +|   0|  0|   13|           6|           6|
    |add_ln58_61498_fu_2064_p2  |         +|   0|  0|   12|           5|           5|
    |add_ln58_61499_fu_5329_p2  |         +|   0|  0|   14|           7|           7|
    |add_ln58_61500_fu_7207_p2  |         +|   0|  0|   15|           8|           8|
    |add_ln58_61501_fu_7217_p2  |         +|   0|  0|   18|           9|           9|
    |add_ln58_61502_fu_5335_p2  |         +|   0|  0|   13|           6|           6|
    |add_ln58_61503_fu_5345_p2  |         +|   0|  0|   13|           6|           6|
    |add_ln58_61504_fu_5355_p2  |         +|   0|  0|   14|           7|           7|
    |add_ln58_61505_fu_5361_p2  |         +|   0|  0|   13|           6|           6|
    |add_ln58_61506_fu_5371_p2  |         +|   0|  0|   14|           7|           7|
    |add_ln58_61507_fu_7229_p2  |         +|   0|  0|   15|           8|           8|
    |add_ln58_61508_fu_7239_p2  |         +|   0|  0|   18|           9|           9|
    |add_ln58_61509_fu_5377_p2  |         +|   0|  0|   15|           8|           8|
    |add_ln58_61510_fu_5383_p2  |         +|   0|  0|   14|           7|           7|
    |add_ln58_61511_fu_7251_p2  |         +|   0|  0|   16|           9|           9|
    |add_ln58_61512_fu_7257_p2  |         +|   0|  0|   15|           8|           8|
    |add_ln58_61513_fu_7267_p2  |         +|   0|  0|   18|           9|           9|
    |add_ln58_61514_fu_2070_p2  |         +|   0|  0|   13|           6|           6|
    |add_ln58_61515_fu_5392_p2  |         +|   0|  0|   14|           7|           7|
    |add_ln58_61516_fu_5402_p2  |         +|   0|  0|   13|           6|           6|
    |add_ln58_61517_fu_5412_p2  |         +|   0|  0|   15|           8|           8|
    |add_ln58_61518_fu_5418_p2  |         +|   0|  0|   13|           6|           6|
    |add_ln58_61519_fu_5428_p2  |         +|   0|  0|   13|           6|           6|
    |add_ln58_61520_fu_5438_p2  |         +|   0|  0|   14|           7|           7|
    |add_ln58_61521_fu_7279_p2  |         +|   0|  0|   16|           9|           9|
    |add_ln58_61522_fu_7285_p2  |         +|   0|  0|   18|           9|           9|
    |add_ln58_61523_fu_2076_p2  |         +|   0|  0|   16|           7|           7|
    |add_ln58_61524_fu_2082_p2  |         +|   0|  0|   16|           7|           7|
    |add_ln58_61525_fu_7294_p2  |         +|   0|  0|   15|           8|           8|
    |add_ln58_61526_fu_5444_p2  |         +|   0|  0|   14|           7|           7|
    |add_ln58_61527_fu_5450_p2  |         +|   0|  0|   13|           6|           6|
    |add_ln58_61528_fu_5459_p2  |         +|   0|  0|   14|           7|           7|
    |add_ln58_61529_fu_7310_p2  |         +|   0|  0|   15|           8|           8|
    |add_ln58_61530_fu_7320_p2  |         +|   0|  0|   18|           9|           9|
    |add_ln58_61531_fu_5465_p2  |         +|   0|  0|   13|           6|           6|
    |add_ln58_61532_fu_2088_p2  |         +|   0|  0|   12|           5|           5|
    |add_ln58_61533_fu_5477_p2  |         +|   0|  0|   13|           6|           6|
    |add_ln58_61534_fu_5487_p2  |         +|   0|  0|   14|           7|           7|
    |add_ln58_61535_fu_5493_p2  |         +|   0|  0|   13|           6|           6|
    |add_ln58_61536_fu_5503_p2  |         +|   0|  0|   14|           7|           7|
    |add_ln58_61537_fu_7332_p2  |         +|   0|  0|   15|           8|           8|
    |add_ln58_61538_fu_7342_p2  |         +|   0|  0|   18|           9|           9|
    |add_ln58_61539_fu_5509_p2  |         +|   0|  0|   14|           7|           7|
    |add_ln58_61540_fu_5518_p2  |         +|   0|  0|   15|           8|           8|
    |add_ln58_61541_fu_5524_p2  |         +|   0|  0|   14|           7|           7|
    |add_ln58_61542_fu_7354_p2  |         +|   0|  0|   16|           9|           9|
    |add_ln58_61543_fu_5530_p2  |         +|   0|  0|   13|           6|           6|
    |add_ln58_61544_fu_5540_p2  |         +|   0|  0|   14|           7|           7|
    |add_ln58_61545_fu_5546_p2  |         +|   0|  0|   13|           6|           6|
    |add_ln58_61546_fu_5554_p2  |         +|   0|  0|   14|           7|           7|
    |add_ln58_61547_fu_7366_p2  |         +|   0|  0|   15|           8|           8|
    |add_ln58_61548_fu_7376_p2  |         +|   0|  0|   18|           9|           9|
    |add_ln58_61549_fu_2094_p2  |         +|   0|  0|   12|           5|           5|
    |add_ln58_61550_fu_5563_p2  |         +|   0|  0|   13|           6|           6|
    |add_ln58_61551_fu_5572_p2  |         +|   0|  0|   13|           6|           6|
    |add_ln58_61552_fu_5582_p2  |         +|   0|  0|   14|           7|           7|
    |add_ln58_61553_fu_5588_p2  |         +|   0|  0|   13|           6|           6|
    |add_ln58_61554_fu_5598_p2  |         +|   0|  0|   14|           7|           7|
    |add_ln58_61555_fu_7388_p2  |         +|   0|  0|   15|           8|           8|
    |add_ln58_61556_fu_7398_p2  |         +|   0|  0|   18|           9|           9|
    |add_ln58_61557_fu_5604_p2  |         +|   0|  0|   15|           8|           8|
    |add_ln58_61558_fu_5610_p2  |         +|   0|  0|   13|           6|           6|
    |add_ln58_61559_fu_5620_p2  |         +|   0|  0|   14|           7|           7|
    |add_ln58_61560_fu_7410_p2  |         +|   0|  0|   16|           9|           9|
    |add_ln58_61561_fu_5626_p2  |         +|   0|  0|   14|           7|           7|
    |add_ln58_61562_fu_7419_p2  |         +|   0|  0|   15|           8|           8|
    |add_ln58_61563_fu_7429_p2  |         +|   0|  0|   18|           9|           9|
    |add_ln58_61564_fu_5632_p2  |         +|   0|  0|   13|           6|           6|
    |add_ln58_61565_fu_5642_p2  |         +|   0|  0|   14|           7|           7|
    |add_ln58_61566_fu_2100_p2  |         +|   0|  0|   12|           5|           5|
    |add_ln58_61567_fu_5651_p2  |         +|   0|  0|   13|           6|           6|
    |add_ln58_61568_fu_5661_p2  |         +|   0|  0|   13|           6|           6|
    |add_ln58_61569_fu_5670_p2  |         +|   0|  0|   14|           7|           7|
    |add_ln58_61570_fu_7441_p2  |         +|   0|  0|   15|           8|           8|
    |add_ln58_61571_fu_7451_p2  |         +|   0|  0|   18|           9|           9|
    |add_ln58_61572_fu_5676_p2  |         +|   0|  0|   15|           8|           8|
    |add_ln58_61573_fu_7460_p2  |         +|   0|  0|   16|           9|           9|
    |add_ln58_61574_fu_5682_p2  |         +|   0|  0|   14|           7|           7|
    |add_ln58_61575_fu_5688_p2  |         +|   0|  0|   14|           7|           7|
    |add_ln58_61576_fu_7472_p2  |         +|   0|  0|   15|           8|           8|
    |add_ln58_61577_fu_7482_p2  |         +|   0|  0|   18|           9|           9|
    |add_ln58_61578_fu_5694_p2  |         +|   0|  0|   13|           6|           6|
    |add_ln58_61579_fu_5703_p2  |         +|   0|  0|   13|           6|           6|
    |add_ln58_61580_fu_5713_p2  |         +|   0|  0|   14|           7|           7|
    |add_ln58_61581_fu_2106_p2  |         +|   0|  0|   12|           5|           5|
    |add_ln58_61582_fu_5722_p2  |         +|   0|  0|   13|           6|           6|
    |add_ln58_61583_fu_2112_p2  |         +|   0|  0|   12|           5|           5|
    |add_ln58_61584_fu_5735_p2  |         +|   0|  0|   13|           6|           6|
    |add_ln58_61585_fu_5745_p2  |         +|   0|  0|   14|           7|           7|
    |add_ln58_61586_fu_7494_p2  |         +|   0|  0|   15|           8|           8|
    |add_ln58_61587_fu_7504_p2  |         +|   0|  0|   18|           9|           9|
    |add_ln58_fu_417_p2         |         +|   0|  0|   13|           6|           6|
    |sub_ln73_2062_fu_326_p2    |         -|   0|  0|   24|           1|          17|
    |sub_ln73_2063_fu_374_p2    |         -|   0|  0|   24|           1|          17|
    |sub_ln73_2064_fu_401_p2    |         -|   0|  0|   24|           1|          17|
    |sub_ln73_2065_fu_485_p2    |         -|   0|  0|   24|           1|          17|
    |sub_ln73_2066_fu_532_p2    |         -|   0|  0|   24|           1|          17|
    |sub_ln73_2067_fu_563_p2    |         -|   0|  0|   24|           1|          17|
    |sub_ln73_2068_fu_600_p2    |         -|   0|  0|   24|           1|          17|
    |sub_ln73_2069_fu_633_p2    |         -|   0|  0|   24|           1|          17|
    |sub_ln73_2070_fu_663_p2    |         -|   0|  0|   24|           1|          17|
    |sub_ln73_2071_fu_693_p2    |         -|   0|  0|   24|           1|          17|
    |sub_ln73_2072_fu_729_p2    |         -|   0|  0|   24|           1|          17|
    |sub_ln73_2073_fu_756_p2    |         -|   0|  0|   24|           1|          17|
    |sub_ln73_2074_fu_786_p2    |         -|   0|  0|   24|           1|          17|
    |sub_ln73_2075_fu_819_p2    |         -|   0|  0|   24|           1|          17|
    |sub_ln73_2076_fu_846_p2    |         -|   0|  0|   24|           1|          17|
    |sub_ln73_2077_fu_885_p2    |         -|   0|  0|   24|           1|          17|
    |sub_ln73_2078_fu_915_p2    |         -|   0|  0|   24|           1|          17|
    |sub_ln73_2079_fu_942_p2    |         -|   0|  0|   24|           1|          17|
    |sub_ln73_2080_fu_972_p2    |         -|   0|  0|   24|           1|          17|
    |sub_ln73_2081_fu_1008_p2   |         -|   0|  0|   24|           1|          17|
    |sub_ln73_2082_fu_1038_p2   |         -|   0|  0|   24|           1|          17|
    |sub_ln73_2083_fu_1068_p2   |         -|   0|  0|   24|           1|          17|
    |sub_ln73_2084_fu_1095_p2   |         -|   0|  0|   24|           1|          17|
    |sub_ln73_2085_fu_1128_p2   |         -|   0|  0|   24|           1|          17|
    |sub_ln73_2086_fu_1158_p2   |         -|   0|  0|   24|           1|          17|
    |sub_ln73_2087_fu_1185_p2   |         -|   0|  0|   24|           1|          17|
    |sub_ln73_2088_fu_1219_p2   |         -|   0|  0|   24|           1|          17|
    |sub_ln73_2089_fu_1253_p2   |         -|   0|  0|   24|           1|          17|
    |sub_ln73_2090_fu_1290_p2   |         -|   0|  0|   24|           1|          17|
    |sub_ln73_2091_fu_1321_p2   |         -|   0|  0|   24|           1|          17|
    |sub_ln73_2092_fu_1355_p2   |         -|   0|  0|   24|           1|          17|
    |sub_ln73_fu_298_p2         |         -|   0|  0|   24|           1|          17|
    +---------------------------+----------+----+---+-----+------------+------------+
    |Total                      |          |   0|  0|10465|        4726|        5238|
    +---------------------------+----------+----+---+-----+------------+------------+

    * Multiplexer: 
    N/A

    * Register: 
    +------------------------------------------+----+----+-----+-----------+
    |                   Name                   | FF | LUT| Bits| Const Bits|
    +------------------------------------------+----+----+-----+-----------+
    |add_ln58_60912_reg_7954                   |   6|   0|    6|          0|
    |add_ln58_60913_reg_7959                   |   6|   0|    6|          0|
    |add_ln58_60914_reg_7964                   |   5|   0|    5|          0|
    |add_ln58_60915_reg_7970                   |   6|   0|    6|          0|
    |add_ln58_60916_reg_7975                   |   6|   0|    6|          0|
    |add_ln58_60917_reg_8254                   |   7|   0|    7|          0|
    |add_ln58_60918_reg_8260                   |   7|   0|    7|          0|
    |add_ln58_60919_reg_8265                   |   7|   0|    7|          0|
    |add_ln58_60921_reg_8270                   |   7|   0|    7|          0|
    |add_ln58_60922_reg_8275                   |   7|   0|    7|          0|
    |add_ln58_60923_reg_8280                   |   7|   0|    7|          0|
    |add_ln58_60924_reg_8285                   |   7|   0|    7|          0|
    |add_ln58_60925_reg_8290                   |   7|   0|    7|          0|
    |add_ln58_60926_reg_8296                   |   7|   0|    7|          0|
    |add_ln58_60928_reg_8302                   |   7|   0|    7|          0|
    |add_ln58_60929_reg_8308                   |   7|   0|    7|          0|
    |add_ln58_60930_reg_8314                   |   7|   0|    7|          0|
    |add_ln58_60931_reg_8320                   |   7|   0|    7|          0|
    |add_ln58_60932_reg_8326                   |   7|   0|    7|          0|
    |add_ln58_60937_reg_8332                   |   5|   0|    5|          0|
    |add_ln58_60938_reg_8337                   |   6|   0|    6|          0|
    |add_ln58_60940_reg_8342                   |   6|   0|    6|          0|
    |add_ln58_60942_reg_8348                   |   6|   0|    6|          0|
    |add_ln58_60943_reg_8353                   |   7|   0|    7|          0|
    |add_ln58_60946_reg_8785                   |   8|   0|    8|          0|
    |add_ln58_60948_reg_8790                   |   7|   0|    7|          0|
    |add_ln58_60951_reg_8795                   |   7|   0|    7|          0|
    |add_ln58_60954_reg_8800                   |   7|   0|    7|          0|
    |add_ln58_60957_reg_8358                   |   6|   0|    6|          0|
    |add_ln58_60959_reg_8363                   |   6|   0|    6|          0|
    |add_ln58_60960_reg_8368                   |   5|   0|    5|          0|
    |add_ln58_60962_reg_8805                   |   8|   0|    8|          0|
    |add_ln58_60963_reg_8374                   |   5|   0|    5|          0|
    |add_ln58_60967_reg_8379                   |   6|   0|    6|          0|
    |add_ln58_60968_reg_8810                   |   7|   0|    7|          0|
    |add_ln58_60971_reg_8384                   |   5|   0|    5|          0|
    |add_ln58_60973_reg_8820                   |   7|   0|    7|          0|
    |add_ln58_60976_reg_8825                   |   7|   0|    7|          0|
    |add_ln58_60979_reg_8830                   |   7|   0|    7|          0|
    |add_ln58_60982_reg_8835                   |   7|   0|    7|          0|
    |add_ln58_60985_reg_8390                   |   6|   0|    6|          0|
    |add_ln58_60987_reg_8395                   |   6|   0|    6|          0|
    |add_ln58_60988_reg_8400                   |   5|   0|    5|          0|
    |add_ln58_60990_reg_8840                   |   8|   0|    8|          0|
    |add_ln58_60991_reg_8406                   |   5|   0|    5|          0|
    |add_ln58_60993_reg_8411                   |   5|   0|    5|          0|
    |add_ln58_60994_reg_8416                   |   5|   0|    5|          0|
    |add_ln58_60996_reg_8845                   |   7|   0|    7|          0|
    |add_ln58_61000_reg_8850                   |   8|   0|    8|          0|
    |add_ln58_61003_reg_8855                   |   7|   0|    7|          0|
    |add_ln58_61006_reg_8860                   |   7|   0|    7|          0|
    |add_ln58_61009_reg_8865                   |   7|   0|    7|          0|
    |add_ln58_61012_reg_8421                   |   6|   0|    6|          0|
    |add_ln58_61014_reg_8426                   |   5|   0|    5|          0|
    |add_ln58_61015_reg_8431                   |   5|   0|    5|          0|
    |add_ln58_61019_reg_8436                   |   6|   0|    6|          0|
    |add_ln58_61022_reg_8450                   |   6|   0|    6|          0|
    |add_ln58_61024_reg_8870                   |   8|   0|    8|          0|
    |add_ln58_61028_reg_8875                   |   7|   0|    7|          0|
    |add_ln58_61031_reg_8880                   |   7|   0|    7|          0|
    |add_ln58_61033_reg_8455                   |   6|   0|    6|          0|
    |add_ln58_61036_reg_8461                   |   5|   0|    5|          0|
    |add_ln58_61038_reg_8885                   |   8|   0|    8|          0|
    |add_ln58_61041_reg_8467                   |   5|   0|    5|          0|
    |add_ln58_61043_reg_8890                   |   7|   0|    7|          0|
    |add_ln58_61044_reg_8472                   |   5|   0|    5|          0|
    |add_ln58_61046_reg_8477                   |   5|   0|    5|          0|
    |add_ln58_61047_reg_8482                   |   5|   0|    5|          0|
    |add_ln58_61049_reg_8895                   |   7|   0|    7|          0|
    |add_ln58_61053_reg_8900                   |   7|   0|    7|          0|
    |add_ln58_61055_reg_8905                   |   7|   0|    7|          0|
    |add_ln58_61057_reg_8910                   |   7|   0|    7|          0|
    |add_ln58_61058_reg_8915                   |   7|   0|    7|          0|
    |add_ln58_61062_reg_8920                   |   7|   0|    7|          0|
    |add_ln58_61065_reg_8925                   |   8|   0|    8|          0|
    |add_ln58_61067_reg_8487                   |   5|   0|    5|          0|
    |add_ln58_61069_reg_8492                   |   5|   0|    5|          0|
    |add_ln58_61070_reg_8497                   |   5|   0|    5|          0|
    |add_ln58_61072_reg_8930                   |   7|   0|    7|          0|
    |add_ln58_61077_reg_8935                   |   7|   0|    7|          0|
    |add_ln58_61079_reg_8940                   |   7|   0|    7|          0|
    |add_ln58_61082_reg_8945                   |   8|   0|    8|          0|
    |add_ln58_61087_reg_8950                   |   7|   0|    7|          0|
    |add_ln58_61089_reg_8502                   |   5|   0|    5|          0|
    |add_ln58_61090_reg_8507                   |   5|   0|    5|          0|
    |add_ln58_61092_reg_8955                   |   7|   0|    7|          0|
    |add_ln58_61096_reg_8960                   |   7|   0|    7|          0|
    |add_ln58_61099_reg_8965                   |   7|   0|    7|          0|
    |add_ln58_61101_reg_8970                   |   7|   0|    7|          0|
    |add_ln58_61104_reg_8512                   |   5|   0|    5|          0|
    |add_ln58_61106_reg_8518                   |   5|   0|    5|          0|
    |add_ln58_61107_reg_8523                   |   5|   0|    5|          0|
    |add_ln58_61109_reg_8975                   |   8|   0|    8|          0|
    |add_ln58_61110_reg_8528                   |   5|   0|    5|          0|
    |add_ln58_61112_reg_8533                   |   5|   0|    5|          0|
    |add_ln58_61114_reg_8980                   |   7|   0|    7|          0|
    |add_ln58_61118_reg_8985                   |   8|   0|    8|          0|
    |add_ln58_61120_reg_8990                   |   7|   0|    7|          0|
    |add_ln58_61122_reg_8995                   |   7|   0|    7|          0|
    |add_ln58_61124_reg_9000                   |   7|   0|    7|          0|
    |add_ln58_61128_reg_8538                   |   5|   0|    5|          0|
    |add_ln58_61130_reg_9005                   |   7|   0|    7|          0|
    |add_ln58_61131_reg_8543                   |   5|   0|    5|          0|
    |add_ln58_61133_reg_8548                   |   5|   0|    5|          0|
    |add_ln58_61134_reg_8553                   |   5|   0|    5|          0|
    |add_ln58_61136_reg_9010                   |   7|   0|    7|          0|
    |add_ln58_61140_reg_9015                   |   7|   0|    7|          0|
    |add_ln58_61142_reg_9020                   |   7|   0|    7|          0|
    |add_ln58_61144_reg_9025                   |   8|   0|    8|          0|
    |add_ln58_61148_reg_8558                   |   5|   0|    5|          0|
    |add_ln58_61150_reg_9030                   |   7|   0|    7|          0|
    |add_ln58_61151_reg_8563                   |   6|   0|    6|          0|
    |add_ln58_61153_reg_8574                   |   5|   0|    5|          0|
    |add_ln58_61155_reg_9035                   |   7|   0|    7|          0|
    |add_ln58_61159_reg_9040                   |   8|   0|    8|          0|
    |add_ln58_61160_reg_9045                   |   7|   0|    7|          0|
    |add_ln58_61163_reg_9050                   |   7|   0|    7|          0|
    |add_ln58_61166_reg_9055                   |   7|   0|    7|          0|
    |add_ln58_61170_reg_8579                   |   5|   0|    5|          0|
    |add_ln58_61172_reg_9060                   |   7|   0|    7|          0|
    |add_ln58_61174_reg_8584                   |   5|   0|    5|          0|
    |add_ln58_61176_reg_9065                   |   7|   0|    7|          0|
    |add_ln58_61180_reg_9070                   |   8|   0|    8|          0|
    |add_ln58_61183_reg_9075                   |   7|   0|    7|          0|
    |add_ln58_61186_reg_9080                   |   7|   0|    7|          0|
    |add_ln58_61188_reg_8589                   |   6|   0|    6|          0|
    |add_ln58_61189_reg_9085                   |   7|   0|    7|          0|
    |add_ln58_61192_reg_8594                   |   5|   0|    5|          0|
    |add_ln58_61193_reg_8599                   |   5|   0|    5|          0|
    |add_ln58_61195_reg_9090                   |   8|   0|    8|          0|
    |add_ln58_61197_reg_8604                   |   5|   0|    5|          0|
    |add_ln58_61198_reg_8609                   |   5|   0|    5|          0|
    |add_ln58_61200_reg_9095                   |   7|   0|    7|          0|
    |add_ln58_61204_reg_9100                   |   8|   0|    8|          0|
    |add_ln58_61206_reg_9105                   |   7|   0|    7|          0|
    |add_ln58_61208_reg_9110                   |   7|   0|    7|          0|
    |add_ln58_61210_reg_9115                   |   7|   0|    7|          0|
    |add_ln58_61213_reg_8614                   |   5|   0|    5|          0|
    |add_ln58_61215_reg_8619                   |   5|   0|    5|          0|
    |add_ln58_61217_reg_9120                   |   7|   0|    7|          0|
    |add_ln58_61218_reg_8624                   |   5|   0|    5|          0|
    |add_ln58_61220_reg_8629                   |   5|   0|    5|          0|
    |add_ln58_61222_reg_9125                   |   7|   0|    7|          0|
    |add_ln58_61226_reg_9130                   |   8|   0|    8|          0|
    |add_ln58_61228_reg_9135                   |   7|   0|    7|          0|
    |add_ln58_61231_reg_9140                   |   7|   0|    7|          0|
    |add_ln58_61234_reg_9145                   |   7|   0|    7|          0|
    |add_ln58_61238_reg_8634                   |   5|   0|    5|          0|
    |add_ln58_61240_reg_9150                   |   7|   0|    7|          0|
    |add_ln58_61242_reg_8639                   |   5|   0|    5|          0|
    |add_ln58_61244_reg_9155                   |   7|   0|    7|          0|
    |add_ln58_61248_reg_9160                   |   8|   0|    8|          0|
    |add_ln58_61250_reg_9165                   |   7|   0|    7|          0|
    |add_ln58_61252_reg_9170                   |   7|   0|    7|          0|
    |add_ln58_61254_reg_9175                   |   7|   0|    7|          0|
    |add_ln58_61258_reg_9180                   |   8|   0|    8|          0|
    |add_ln58_61260_reg_8644                   |   5|   0|    5|          0|
    |add_ln58_61262_reg_9185                   |   7|   0|    7|          0|
    |add_ln58_61265_reg_8649                   |   5|   0|    5|          0|
    |add_ln58_61267_reg_9190                   |   8|   0|    8|          0|
    |add_ln58_61269_reg_9195                   |   7|   0|    7|          0|
    |add_ln58_61272_reg_9200                   |   7|   0|    7|          0|
    |add_ln58_61275_reg_9205                   |   7|   0|    7|          0|
    |add_ln58_61281_reg_8655                   |   6|   0|    6|          0|
    |add_ln58_61283_reg_9210                   |   8|   0|    8|          0|
    |add_ln58_61287_reg_9215                   |   8|   0|    8|          0|
    |add_ln58_61290_reg_9220                   |   7|   0|    7|          0|
    |add_ln58_61292_reg_9225                   |   7|   0|    7|          0|
    |add_ln58_61293_reg_9230                   |   7|   0|    7|          0|
    |add_ln58_61297_reg_9235                   |   7|   0|    7|          0|
    |add_ln58_61300_reg_8660                   |   6|   0|    6|          0|
    |add_ln58_61300_reg_8660_pp0_iter3_reg     |   6|   0|    6|          0|
    |add_ln58_61302_reg_8665                   |   5|   0|    5|          0|
    |add_ln58_61305_reg_9240                   |   7|   0|    7|          0|
    |add_ln58_61309_reg_9245                   |   8|   0|    8|          0|
    |add_ln58_61310_reg_9250                   |   7|   0|    7|          0|
    |add_ln58_61312_reg_9256                   |   7|   0|    7|          0|
    |add_ln58_61315_reg_9261                   |   7|   0|    7|          0|
    |add_ln58_61319_reg_9266                   |   7|   0|    7|          0|
    |add_ln58_61320_reg_8670                   |   5|   0|    5|          0|
    |add_ln58_61321_reg_9271                   |   6|   0|    6|          0|
    |add_ln58_61324_reg_9276                   |   7|   0|    7|          0|
    |add_ln58_61327_reg_9281                   |   7|   0|    7|          0|
    |add_ln58_61330_reg_9286                   |   7|   0|    7|          0|
    |add_ln58_61333_reg_9291                   |   7|   0|    7|          0|
    |add_ln58_61335_reg_9296                   |   7|   0|    7|          0|
    |add_ln58_61339_reg_8675                   |   5|   0|    5|          0|
    |add_ln58_61340_reg_8680                   |   5|   0|    5|          0|
    |add_ln58_61342_reg_9301                   |   8|   0|    8|          0|
    |add_ln58_61343_reg_8685                   |   5|   0|    5|          0|
    |add_ln58_61346_reg_9306                   |   7|   0|    7|          0|
    |add_ln58_61349_reg_9311                   |   8|   0|    8|          0|
    |add_ln58_61351_reg_9316                   |   7|   0|    7|          0|
    |add_ln58_61353_reg_9321                   |   7|   0|    7|          0|
    |add_ln58_61354_reg_9326                   |   7|   0|    7|          0|
    |add_ln58_61358_reg_8690                   |   5|   0|    5|          0|
    |add_ln58_61360_reg_9331                   |   7|   0|    7|          0|
    |add_ln58_61362_reg_8695                   |   6|   0|    6|          0|
    |add_ln58_61364_reg_9336                   |   7|   0|    7|          0|
    |add_ln58_61368_reg_9341                   |   8|   0|    8|          0|
    |add_ln58_61369_reg_9346                   |   7|   0|    7|          0|
    |add_ln58_61372_reg_9351                   |   7|   0|    7|          0|
    |add_ln58_61374_reg_9356                   |   7|   0|    7|          0|
    |add_ln58_61377_reg_8700                   |   5|   0|    5|          0|
    |add_ln58_61379_reg_8705                   |   5|   0|    5|          0|
    |add_ln58_61380_reg_8710                   |   5|   0|    5|          0|
    |add_ln58_61382_reg_9361                   |   7|   0|    7|          0|
    |add_ln58_61383_reg_8715                   |   5|   0|    5|          0|
    |add_ln58_61386_reg_9366                   |   7|   0|    7|          0|
    |add_ln58_61389_reg_9371                   |   8|   0|    8|          0|
    |add_ln58_61391_reg_9376                   |   7|   0|    7|          0|
    |add_ln58_61394_reg_9381                   |   7|   0|    7|          0|
    |add_ln58_61396_reg_8720                   |   5|   0|    5|          0|
    |add_ln58_61397_reg_9386                   |   7|   0|    7|          0|
    |add_ln58_61402_reg_9391                   |   7|   0|    7|          0|
    |add_ln58_61405_reg_9396                   |   7|   0|    7|          0|
    |add_ln58_61408_reg_9401                   |   8|   0|    8|          0|
    |add_ln58_61410_reg_9406                   |   7|   0|    7|          0|
    |add_ln58_61411_reg_9411                   |   7|   0|    7|          0|
    |add_ln58_61415_reg_9416                   |   7|   0|    7|          0|
    |add_ln58_61416_reg_9421                   |   6|   0|    6|          0|
    |add_ln58_61419_reg_9426                   |   7|   0|    7|          0|
    |add_ln58_61422_reg_9431                   |   8|   0|    8|          0|
    |add_ln58_61424_reg_9436                   |   7|   0|    7|          0|
    |add_ln58_61426_reg_9441                   |   7|   0|    7|          0|
    |add_ln58_61428_reg_9446                   |   7|   0|    7|          0|
    |add_ln58_61433_reg_9451                   |   7|   0|    7|          0|
    |add_ln58_61435_reg_9456                   |   7|   0|    7|          0|
    |add_ln58_61439_reg_9461                   |   7|   0|    7|          0|
    |add_ln58_61442_reg_9466                   |   7|   0|    7|          0|
    |add_ln58_61447_reg_9471                   |   8|   0|    8|          0|
    |add_ln58_61449_reg_8725                   |   5|   0|    5|          0|
    |add_ln58_61452_reg_9476                   |   7|   0|    7|          0|
    |add_ln58_61453_reg_8730                   |   5|   0|    5|          0|
    |add_ln58_61456_reg_9481                   |   7|   0|    7|          0|
    |add_ln58_61459_reg_9486                   |   8|   0|    8|          0|
    |add_ln58_61460_reg_9491                   |   7|   0|    7|          0|
    |add_ln58_61462_reg_9496                   |   7|   0|    7|          0|
    |add_ln58_61463_reg_9501                   |   7|   0|    7|          0|
    |add_ln58_61466_reg_8735                   |   5|   0|    5|          0|
    |add_ln58_61469_reg_9506                   |   7|   0|    7|          0|
    |add_ln58_61472_reg_9511                   |   7|   0|    7|          0|
    |add_ln58_61475_reg_9516                   |   8|   0|    8|          0|
    |add_ln58_61476_reg_9521                   |   7|   0|    7|          0|
    |add_ln58_61479_reg_9526                   |   7|   0|    7|          0|
    |add_ln58_61480_reg_9531                   |   7|   0|    7|          0|
    |add_ln58_61484_reg_9536                   |   7|   0|    7|          0|
    |add_ln58_61485_reg_9541                   |   6|   0|    6|          0|
    |add_ln58_61487_reg_8740                   |   5|   0|    5|          0|
    |add_ln58_61489_reg_9546                   |   7|   0|    7|          0|
    |add_ln58_61493_reg_9551                   |   8|   0|    8|          0|
    |add_ln58_61496_reg_9556                   |   7|   0|    7|          0|
    |add_ln58_61498_reg_8745                   |   5|   0|    5|          0|
    |add_ln58_61499_reg_9561                   |   7|   0|    7|          0|
    |add_ln58_61504_reg_9566                   |   7|   0|    7|          0|
    |add_ln58_61506_reg_9571                   |   7|   0|    7|          0|
    |add_ln58_61509_reg_9576                   |   8|   0|    8|          0|
    |add_ln58_61510_reg_9581                   |   7|   0|    7|          0|
    |add_ln58_61514_reg_8750                   |   6|   0|    6|          0|
    |add_ln58_61517_reg_9586                   |   8|   0|    8|          0|
    |add_ln58_61520_reg_9591                   |   7|   0|    7|          0|
    |add_ln58_61524_reg_8755                   |   7|   0|    7|          0|
    |add_ln58_61524_reg_8755_pp0_iter3_reg     |   7|   0|    7|          0|
    |add_ln58_61526_reg_9596                   |   7|   0|    7|          0|
    |add_ln58_61528_reg_9601                   |   7|   0|    7|          0|
    |add_ln58_61532_reg_8760                   |   5|   0|    5|          0|
    |add_ln58_61534_reg_9606                   |   7|   0|    7|          0|
    |add_ln58_61536_reg_9611                   |   7|   0|    7|          0|
    |add_ln58_61540_reg_9616                   |   8|   0|    8|          0|
    |add_ln58_61541_reg_9621                   |   7|   0|    7|          0|
    |add_ln58_61544_reg_9626                   |   7|   0|    7|          0|
    |add_ln58_61546_reg_9631                   |   7|   0|    7|          0|
    |add_ln58_61549_reg_8765                   |   5|   0|    5|          0|
    |add_ln58_61552_reg_9636                   |   7|   0|    7|          0|
    |add_ln58_61554_reg_9641                   |   7|   0|    7|          0|
    |add_ln58_61557_reg_9646                   |   8|   0|    8|          0|
    |add_ln58_61559_reg_9651                   |   7|   0|    7|          0|
    |add_ln58_61561_reg_9656                   |   7|   0|    7|          0|
    |add_ln58_61565_reg_9661                   |   7|   0|    7|          0|
    |add_ln58_61566_reg_8770                   |   5|   0|    5|          0|
    |add_ln58_61569_reg_9666                   |   7|   0|    7|          0|
    |add_ln58_61572_reg_9671                   |   8|   0|    8|          0|
    |add_ln58_61574_reg_9676                   |   7|   0|    7|          0|
    |add_ln58_61575_reg_9681                   |   7|   0|    7|          0|
    |add_ln58_61580_reg_9686                   |   7|   0|    7|          0|
    |add_ln58_61581_reg_8775                   |   5|   0|    5|          0|
    |add_ln58_61583_reg_8780                   |   5|   0|    5|          0|
    |add_ln58_61585_reg_9691                   |   7|   0|    7|          0|
    |add_ln58_reg_7949                         |   6|   0|    6|          0|
    |data_192_val_int_reg                      |   4|   0|    4|          0|
    |data_192_val_read_reg_7915                |   4|   0|    4|          0|
    |data_193_val_int_reg                      |   4|   0|    4|          0|
    |data_193_val_read_reg_7909                |   4|   0|    4|          0|
    |data_194_val_int_reg                      |   4|   0|    4|          0|
    |data_194_val_read_reg_7902                |   4|   0|    4|          0|
    |data_194_val_read_reg_7902_pp0_iter1_reg  |   4|   0|    4|          0|
    |data_195_val_int_reg                      |   4|   0|    4|          0|
    |data_195_val_read_reg_7895                |   4|   0|    4|          0|
    |data_195_val_read_reg_7895_pp0_iter1_reg  |   4|   0|    4|          0|
    |data_196_val_int_reg                      |   4|   0|    4|          0|
    |data_196_val_read_reg_7887                |   4|   0|    4|          0|
    |data_197_val_int_reg                      |   4|   0|    4|          0|
    |data_197_val_read_reg_7879                |   4|   0|    4|          0|
    |data_198_val_int_reg                      |   4|   0|    4|          0|
    |data_198_val_read_reg_7871                |   4|   0|    4|          0|
    |data_199_val_int_reg                      |   4|   0|    4|          0|
    |data_199_val_read_reg_7864                |   4|   0|    4|          0|
    |data_199_val_read_reg_7864_pp0_iter1_reg  |   4|   0|    4|          0|
    |data_200_val_int_reg                      |   4|   0|    4|          0|
    |data_200_val_read_reg_7857                |   4|   0|    4|          0|
    |data_201_val_int_reg                      |   4|   0|    4|          0|
    |data_201_val_read_reg_7849                |   4|   0|    4|          0|
    |data_202_val_int_reg                      |   4|   0|    4|          0|
    |data_202_val_read_reg_7842                |   4|   0|    4|          0|
    |data_203_val_int_reg                      |   4|   0|    4|          0|
    |data_203_val_read_reg_7835                |   4|   0|    4|          0|
    |data_203_val_read_reg_7835_pp0_iter1_reg  |   4|   0|    4|          0|
    |data_204_val_int_reg                      |   4|   0|    4|          0|
    |data_204_val_read_reg_7828                |   4|   0|    4|          0|
    |data_205_val_int_reg                      |   4|   0|    4|          0|
    |data_205_val_read_reg_7821                |   4|   0|    4|          0|
    |data_206_val_int_reg                      |   4|   0|    4|          0|
    |data_206_val_read_reg_7814                |   4|   0|    4|          0|
    |data_207_val_int_reg                      |   4|   0|    4|          0|
    |data_207_val_read_reg_7807                |   4|   0|    4|          0|
    |data_207_val_read_reg_7807_pp0_iter1_reg  |   4|   0|    4|          0|
    |data_208_val_int_reg                      |   4|   0|    4|          0|
    |data_208_val_read_reg_7800                |   4|   0|    4|          0|
    |data_208_val_read_reg_7800_pp0_iter1_reg  |   4|   0|    4|          0|
    |data_209_val_int_reg                      |   4|   0|    4|          0|
    |data_209_val_read_reg_7793                |   4|   0|    4|          0|
    |data_210_val_int_reg                      |   4|   0|    4|          0|
    |data_210_val_read_reg_7786                |   4|   0|    4|          0|
    |data_211_val_int_reg                      |   4|   0|    4|          0|
    |data_211_val_read_reg_7779                |   4|   0|    4|          0|
    |data_211_val_read_reg_7779_pp0_iter1_reg  |   4|   0|    4|          0|
    |data_212_val_int_reg                      |   4|   0|    4|          0|
    |data_212_val_read_reg_7772                |   4|   0|    4|          0|
    |data_213_val_int_reg                      |   4|   0|    4|          0|
    |data_213_val_read_reg_7765                |   4|   0|    4|          0|
    |data_214_val_int_reg                      |   4|   0|    4|          0|
    |data_214_val_read_reg_7758                |   4|   0|    4|          0|
    |data_215_val_int_reg                      |   4|   0|    4|          0|
    |data_215_val_read_reg_7751                |   4|   0|    4|          0|
    |data_216_val_int_reg                      |   4|   0|    4|          0|
    |data_216_val_read_reg_7744                |   4|   0|    4|          0|
    |data_217_val_int_reg                      |   4|   0|    4|          0|
    |data_217_val_read_reg_7738                |   4|   0|    4|          0|
    |data_217_val_read_reg_7738_pp0_iter1_reg  |   4|   0|    4|          0|
    |data_218_val_int_reg                      |   4|   0|    4|          0|
    |data_218_val_read_reg_7732                |   4|   0|    4|          0|
    |data_218_val_read_reg_7732_pp0_iter1_reg  |   4|   0|    4|          0|
    |data_219_val_int_reg                      |   4|   0|    4|          0|
    |data_219_val_read_reg_7726                |   4|   0|    4|          0|
    |data_219_val_read_reg_7726_pp0_iter1_reg  |   4|   0|    4|          0|
    |data_220_val_int_reg                      |   4|   0|    4|          0|
    |data_220_val_read_reg_7720                |   4|   0|    4|          0|
    |data_220_val_read_reg_7720_pp0_iter1_reg  |   4|   0|    4|          0|
    |data_221_val_int_reg                      |   4|   0|    4|          0|
    |data_221_val_read_reg_7714                |   4|   0|    4|          0|
    |data_221_val_read_reg_7714_pp0_iter1_reg  |   4|   0|    4|          0|
    |data_222_val_int_reg                      |   4|   0|    4|          0|
    |data_222_val_read_reg_7708                |   4|   0|    4|          0|
    |data_222_val_read_reg_7708_pp0_iter1_reg  |   4|   0|    4|          0|
    |data_223_val_int_reg                      |   4|   0|    4|          0|
    |data_223_val_read_reg_7702                |   4|   0|    4|          0|
    |data_223_val_read_reg_7702_pp0_iter1_reg  |   4|   0|    4|          0|
    |mult_1272_reg_7926                        |   5|   0|    5|          0|
    |mult_1273_reg_7936                        |   5|   0|    5|          0|
    |mult_1274_reg_7942                        |   5|   0|    5|          0|
    |mult_1274_reg_7942_pp0_iter2_reg          |   5|   0|    5|          0|
    |mult_1276_reg_8001                        |   5|   0|    5|          0|
    |mult_1277_reg_8013                        |   5|   0|    5|          0|
    |mult_1278_reg_8028                        |   5|   0|    5|          0|
    |mult_1279_reg_8041                        |   5|   0|    5|          0|
    |mult_1280_reg_8047                        |   5|   0|    5|          0|
    |mult_1281_reg_8053                        |   5|   0|    5|          0|
    |mult_1282_reg_8065                        |   5|   0|    5|          0|
    |mult_1283_reg_8072                        |   5|   0|    5|          0|
    |mult_1284_reg_8078                        |   5|   0|    5|          0|
    |mult_1285_reg_8084                        |   5|   0|    5|          0|
    |mult_1286_reg_8090                        |   5|   0|    5|          0|
    |mult_1287_reg_8103                        |   5|   0|    5|          0|
    |mult_1288_reg_8109                        |   5|   0|    5|          0|
    |mult_1289_reg_8115                        |   5|   0|    5|          0|
    |mult_1290_reg_8121                        |   5|   0|    5|          0|
    |mult_1291_reg_8133                        |   5|   0|    5|          0|
    |mult_1292_reg_8139                        |   5|   0|    5|          0|
    |mult_1293_reg_8145                        |   5|   0|    5|          0|
    |mult_1294_reg_8151                        |   5|   0|    5|          0|
    |mult_1295_reg_8157                        |   5|   0|    5|          0|
    |mult_1296_reg_8163                        |   5|   0|    5|          0|
    |mult_1298_reg_8180                        |   5|   0|    5|          0|
    |mult_1299_reg_8195                        |   5|   0|    5|          0|
    |mult_1300_reg_8208                        |   5|   0|    5|          0|
    |mult_1301_reg_8226                        |   5|   0|    5|          0|
    |mult_1302_reg_8241                        |   5|   0|    5|          0|
    |mult_reg_7921                             |   5|   0|    5|          0|
    |sext_ln17_2101_reg_8096                   |   6|   0|    6|          0|
    |sext_ln17_2108_reg_8127                   |   6|   0|    6|          0|
    |sext_ln17_3400_reg_7931                   |   6|   0|    6|          0|
    |sext_ln17_3405_reg_7980                   |   6|   0|    6|          0|
    |sext_ln17_3407_reg_7985                   |   6|   0|    6|          0|
    |sext_ln17_3409_reg_7990                   |   6|   0|    6|          0|
    |sext_ln17_3411_reg_7996                   |   6|   0|    6|          0|
    |sext_ln17_3414_reg_8007                   |   6|   0|    6|          0|
    |sext_ln17_3420_reg_8019                   |   6|   0|    6|          0|
    |sext_ln17_3424_reg_8035                   |   6|   0|    6|          0|
    |sext_ln17_3434_reg_8059                   |   6|   0|    6|          0|
    |sext_ln17_3468_reg_8169                   |   6|   0|    6|          0|
    |sext_ln17_3469_reg_8185                   |   6|   0|    6|          0|
    |sext_ln17_3472_reg_8200                   |   6|   0|    6|          0|
    |sext_ln17_3475_reg_8214                   |   6|   0|    6|          0|
    |sext_ln17_3477_reg_8231                   |   6|   0|    6|          0|
    |sext_ln17_3480_reg_8247                   |   6|   0|    6|          0|
    |sext_ln58_35677_reg_8441                  |   6|   0|    6|          0|
    |sext_ln58_35733_reg_8568                  |   6|   0|    6|          0|
    |sext_ln58_36026_reg_8815                  |   8|   0|    8|          0|
    |data_196_val_read_reg_7887                |  64|  32|    4|          0|
    |data_197_val_read_reg_7879                |  64|  32|    4|          0|
    |data_198_val_read_reg_7871                |  64|  32|    4|          0|
    |data_200_val_read_reg_7857                |  64|  32|    4|          0|
    |data_201_val_read_reg_7849                |  64|  32|    4|          0|
    |data_202_val_read_reg_7842                |  64|  32|    4|          0|
    |data_204_val_read_reg_7828                |  64|  32|    4|          0|
    |data_205_val_read_reg_7821                |  64|  32|    4|          0|
    |data_206_val_read_reg_7814                |  64|  32|    4|          0|
    |data_209_val_read_reg_7793                |  64|  32|    4|          0|
    |data_210_val_read_reg_7786                |  64|  32|    4|          0|
    |data_212_val_read_reg_7772                |  64|  32|    4|          0|
    |data_213_val_read_reg_7765                |  64|  32|    4|          0|
    |data_214_val_read_reg_7758                |  64|  32|    4|          0|
    |data_215_val_read_reg_7751                |  64|  32|    4|          0|
    |data_216_val_read_reg_7744                |  64|  32|    4|          0|
    +------------------------------------------+----+----+-----+-----------+
    |Total                                     |3512| 512| 2552|          0|
    +------------------------------------------+----+----+-----+-----------+



================================================================
== Interface
================================================================
* Summary: 
+--------------+-----+-----+------------+------------------------------------------------------------------------------------+--------------+
|   RTL Ports  | Dir | Bits|  Protocol  |                                    Source Object                                   |    C Type    |
+--------------+-----+-----+------------+------------------------------------------------------------------------------------+--------------+
|ap_clk        |   in|    1|  ap_ctrl_hs|  dense_latency<ap_fixed<4, 2, 4, 0, 0>, ap_fixed<9, 7, 4, 0, 0>, config60_dense>.76|  return value|
|ap_rst        |   in|    1|  ap_ctrl_hs|  dense_latency<ap_fixed<4, 2, 4, 0, 0>, ap_fixed<9, 7, 4, 0, 0>, config60_dense>.76|  return value|
|ap_return_0   |  out|    9|  ap_ctrl_hs|  dense_latency<ap_fixed<4, 2, 4, 0, 0>, ap_fixed<9, 7, 4, 0, 0>, config60_dense>.76|  return value|
|ap_return_1   |  out|    9|  ap_ctrl_hs|  dense_latency<ap_fixed<4, 2, 4, 0, 0>, ap_fixed<9, 7, 4, 0, 0>, config60_dense>.76|  return value|
|ap_return_2   |  out|    9|  ap_ctrl_hs|  dense_latency<ap_fixed<4, 2, 4, 0, 0>, ap_fixed<9, 7, 4, 0, 0>, config60_dense>.76|  return value|
|ap_return_3   |  out|    9|  ap_ctrl_hs|  dense_latency<ap_fixed<4, 2, 4, 0, 0>, ap_fixed<9, 7, 4, 0, 0>, config60_dense>.76|  return value|
|ap_return_4   |  out|    9|  ap_ctrl_hs|  dense_latency<ap_fixed<4, 2, 4, 0, 0>, ap_fixed<9, 7, 4, 0, 0>, config60_dense>.76|  return value|
|ap_return_5   |  out|    9|  ap_ctrl_hs|  dense_latency<ap_fixed<4, 2, 4, 0, 0>, ap_fixed<9, 7, 4, 0, 0>, config60_dense>.76|  return value|
|ap_return_6   |  out|    9|  ap_ctrl_hs|  dense_latency<ap_fixed<4, 2, 4, 0, 0>, ap_fixed<9, 7, 4, 0, 0>, config60_dense>.76|  return value|
|ap_return_7   |  out|    9|  ap_ctrl_hs|  dense_latency<ap_fixed<4, 2, 4, 0, 0>, ap_fixed<9, 7, 4, 0, 0>, config60_dense>.76|  return value|
|ap_return_8   |  out|    9|  ap_ctrl_hs|  dense_latency<ap_fixed<4, 2, 4, 0, 0>, ap_fixed<9, 7, 4, 0, 0>, config60_dense>.76|  return value|
|ap_return_9   |  out|    9|  ap_ctrl_hs|  dense_latency<ap_fixed<4, 2, 4, 0, 0>, ap_fixed<9, 7, 4, 0, 0>, config60_dense>.76|  return value|
|ap_return_10  |  out|    9|  ap_ctrl_hs|  dense_latency<ap_fixed<4, 2, 4, 0, 0>, ap_fixed<9, 7, 4, 0, 0>, config60_dense>.76|  return value|
|ap_return_11  |  out|    9|  ap_ctrl_hs|  dense_latency<ap_fixed<4, 2, 4, 0, 0>, ap_fixed<9, 7, 4, 0, 0>, config60_dense>.76|  return value|
|ap_return_12  |  out|    9|  ap_ctrl_hs|  dense_latency<ap_fixed<4, 2, 4, 0, 0>, ap_fixed<9, 7, 4, 0, 0>, config60_dense>.76|  return value|
|ap_return_13  |  out|    9|  ap_ctrl_hs|  dense_latency<ap_fixed<4, 2, 4, 0, 0>, ap_fixed<9, 7, 4, 0, 0>, config60_dense>.76|  return value|
|ap_return_14  |  out|    9|  ap_ctrl_hs|  dense_latency<ap_fixed<4, 2, 4, 0, 0>, ap_fixed<9, 7, 4, 0, 0>, config60_dense>.76|  return value|
|ap_return_15  |  out|    9|  ap_ctrl_hs|  dense_latency<ap_fixed<4, 2, 4, 0, 0>, ap_fixed<9, 7, 4, 0, 0>, config60_dense>.76|  return value|
|ap_return_16  |  out|    9|  ap_ctrl_hs|  dense_latency<ap_fixed<4, 2, 4, 0, 0>, ap_fixed<9, 7, 4, 0, 0>, config60_dense>.76|  return value|
|ap_return_17  |  out|    9|  ap_ctrl_hs|  dense_latency<ap_fixed<4, 2, 4, 0, 0>, ap_fixed<9, 7, 4, 0, 0>, config60_dense>.76|  return value|
|ap_return_18  |  out|    9|  ap_ctrl_hs|  dense_latency<ap_fixed<4, 2, 4, 0, 0>, ap_fixed<9, 7, 4, 0, 0>, config60_dense>.76|  return value|
|ap_return_19  |  out|    9|  ap_ctrl_hs|  dense_latency<ap_fixed<4, 2, 4, 0, 0>, ap_fixed<9, 7, 4, 0, 0>, config60_dense>.76|  return value|
|ap_return_20  |  out|    9|  ap_ctrl_hs|  dense_latency<ap_fixed<4, 2, 4, 0, 0>, ap_fixed<9, 7, 4, 0, 0>, config60_dense>.76|  return value|
|ap_return_21  |  out|    9|  ap_ctrl_hs|  dense_latency<ap_fixed<4, 2, 4, 0, 0>, ap_fixed<9, 7, 4, 0, 0>, config60_dense>.76|  return value|
|ap_return_22  |  out|    9|  ap_ctrl_hs|  dense_latency<ap_fixed<4, 2, 4, 0, 0>, ap_fixed<9, 7, 4, 0, 0>, config60_dense>.76|  return value|
|ap_return_23  |  out|    9|  ap_ctrl_hs|  dense_latency<ap_fixed<4, 2, 4, 0, 0>, ap_fixed<9, 7, 4, 0, 0>, config60_dense>.76|  return value|
|ap_return_24  |  out|    9|  ap_ctrl_hs|  dense_latency<ap_fixed<4, 2, 4, 0, 0>, ap_fixed<9, 7, 4, 0, 0>, config60_dense>.76|  return value|
|ap_return_25  |  out|    9|  ap_ctrl_hs|  dense_latency<ap_fixed<4, 2, 4, 0, 0>, ap_fixed<9, 7, 4, 0, 0>, config60_dense>.76|  return value|
|ap_return_26  |  out|    9|  ap_ctrl_hs|  dense_latency<ap_fixed<4, 2, 4, 0, 0>, ap_fixed<9, 7, 4, 0, 0>, config60_dense>.76|  return value|
|ap_return_27  |  out|    9|  ap_ctrl_hs|  dense_latency<ap_fixed<4, 2, 4, 0, 0>, ap_fixed<9, 7, 4, 0, 0>, config60_dense>.76|  return value|
|ap_return_28  |  out|    9|  ap_ctrl_hs|  dense_latency<ap_fixed<4, 2, 4, 0, 0>, ap_fixed<9, 7, 4, 0, 0>, config60_dense>.76|  return value|
|ap_return_29  |  out|    9|  ap_ctrl_hs|  dense_latency<ap_fixed<4, 2, 4, 0, 0>, ap_fixed<9, 7, 4, 0, 0>, config60_dense>.76|  return value|
|ap_return_30  |  out|    9|  ap_ctrl_hs|  dense_latency<ap_fixed<4, 2, 4, 0, 0>, ap_fixed<9, 7, 4, 0, 0>, config60_dense>.76|  return value|
|ap_return_31  |  out|    9|  ap_ctrl_hs|  dense_latency<ap_fixed<4, 2, 4, 0, 0>, ap_fixed<9, 7, 4, 0, 0>, config60_dense>.76|  return value|
|ap_ce         |   in|    1|  ap_ctrl_hs|  dense_latency<ap_fixed<4, 2, 4, 0, 0>, ap_fixed<9, 7, 4, 0, 0>, config60_dense>.76|  return value|
|data_192_val  |   in|    4|     ap_none|                                                                        data_192_val|        scalar|
|data_193_val  |   in|    4|     ap_none|                                                                        data_193_val|        scalar|
|data_194_val  |   in|    4|     ap_none|                                                                        data_194_val|        scalar|
|data_195_val  |   in|    4|     ap_none|                                                                        data_195_val|        scalar|
|data_196_val  |   in|    4|     ap_none|                                                                        data_196_val|        scalar|
|data_197_val  |   in|    4|     ap_none|                                                                        data_197_val|        scalar|
|data_198_val  |   in|    4|     ap_none|                                                                        data_198_val|        scalar|
|data_199_val  |   in|    4|     ap_none|                                                                        data_199_val|        scalar|
|data_200_val  |   in|    4|     ap_none|                                                                        data_200_val|        scalar|
|data_201_val  |   in|    4|     ap_none|                                                                        data_201_val|        scalar|
|data_202_val  |   in|    4|     ap_none|                                                                        data_202_val|        scalar|
|data_203_val  |   in|    4|     ap_none|                                                                        data_203_val|        scalar|
|data_204_val  |   in|    4|     ap_none|                                                                        data_204_val|        scalar|
|data_205_val  |   in|    4|     ap_none|                                                                        data_205_val|        scalar|
|data_206_val  |   in|    4|     ap_none|                                                                        data_206_val|        scalar|
|data_207_val  |   in|    4|     ap_none|                                                                        data_207_val|        scalar|
|data_208_val  |   in|    4|     ap_none|                                                                        data_208_val|        scalar|
|data_209_val  |   in|    4|     ap_none|                                                                        data_209_val|        scalar|
|data_210_val  |   in|    4|     ap_none|                                                                        data_210_val|        scalar|
|data_211_val  |   in|    4|     ap_none|                                                                        data_211_val|        scalar|
|data_212_val  |   in|    4|     ap_none|                                                                        data_212_val|        scalar|
|data_213_val  |   in|    4|     ap_none|                                                                        data_213_val|        scalar|
|data_214_val  |   in|    4|     ap_none|                                                                        data_214_val|        scalar|
|data_215_val  |   in|    4|     ap_none|                                                                        data_215_val|        scalar|
|data_216_val  |   in|    4|     ap_none|                                                                        data_216_val|        scalar|
|data_217_val  |   in|    4|     ap_none|                                                                        data_217_val|        scalar|
|data_218_val  |   in|    4|     ap_none|                                                                        data_218_val|        scalar|
|data_219_val  |   in|    4|     ap_none|                                                                        data_219_val|        scalar|
|data_220_val  |   in|    4|     ap_none|                                                                        data_220_val|        scalar|
|data_221_val  |   in|    4|     ap_none|                                                                        data_221_val|        scalar|
|data_222_val  |   in|    4|     ap_none|                                                                        data_222_val|        scalar|
|data_223_val  |   in|    4|     ap_none|                                                                        data_223_val|        scalar|
+--------------+-----+-----+------------+------------------------------------------------------------------------------------+--------------+

