

================================================================
== Vitis HLS Report for 'dense_latency_ap_fixed_4_2_5_3_0_ap_fixed_9_7_4_0_0_config65_dense_79'
================================================================
* Date:           Thu Aug 13 14:17:23 2026

* Version:        2023.2 (Build 4023990 on Oct 11 2023)
* Project:        myproject_prj
* Solution:       solution1 (Vivado IP Flow Target)
* Product family: virtexuplus
* Target device:  xcvu13p-flga2577-2-e


================================================================
== Performance Estimates
================================================================
+ Timing: 
    * Summary: 
    +--------+---------+----------+------------+
    |  Clock |  Target | Estimated| Uncertainty|
    +--------+---------+----------+------------+
    |ap_clk  |  2.50 ns|  1.656 ns|     0.68 ns|
    +--------+---------+----------+------------+

+ Latency: 
    * Summary: 
    +---------+---------+----------+----------+-----+-----+---------+
    |  Latency (cycles) |  Latency (absolute) |  Interval | Pipeline|
    |   min   |   max   |    min   |    max   | min | max |   Type  |
    +---------+---------+----------+----------+-----+-----+---------+
    |        3|        3|  7.500 ns|  7.500 ns|    1|    1|      yes|
    +---------+---------+----------+----------+-----+-----+---------+

    + Detail: 
        * Instance: 
        N/A

        * Loop: 
        N/A



================================================================
== Utilization Estimates
================================================================
* Summary: 
+---------------------+---------+-------+---------+---------+------+
|         Name        | BRAM_18K|  DSP  |    FF   |   LUT   | URAM |
+---------------------+---------+-------+---------+---------+------+
|DSP                  |        -|      -|        -|        -|     -|
|Expression           |        -|      -|        0|    16879|     -|
|FIFO                 |        -|      -|        -|        -|     -|
|Instance             |        -|      -|        -|        -|     -|
|Memory               |        -|      -|        -|        -|     -|
|Multiplexer          |        -|      -|        -|        -|     -|
|Register             |        -|      -|     3648|        -|     -|
+---------------------+---------+-------+---------+---------+------+
|Total                |        0|      0|     3648|    16879|     0|
+---------------------+---------+-------+---------+---------+------+
|Available SLR        |     1344|   3072|   864000|   432000|   320|
+---------------------+---------+-------+---------+---------+------+
|Utilization SLR (%)  |        0|      0|       ~0|        3|     0|
+---------------------+---------+-------+---------+---------+------+
|Available            |     5376|  12288|  3456000|  1728000|  1280|
+---------------------+---------+-------+---------+---------+------+
|Utilization (%)      |        0|      0|       ~0|       ~0|     0|
+---------------------+---------+-------+---------+---------+------+

+ Detail: 
    * Instance: 
    N/A

    * DSP: 
    N/A

    * Memory: 
    N/A

    * FIFO: 
    N/A

    * Expression: 
    +----------------------------+----------+----+---+-----+------------+------------+
    |        Variable Name       | Operation| DSP| FF| LUT | Bitwidth P0| Bitwidth P1|
    +----------------------------+----------+----+---+-----+------------+------------+
    |add_ln58_33195_fu_358_p2    |         +|   0|  0|   13|           6|           6|
    |add_ln58_33196_fu_382_p2    |         +|   0|  0|   13|           6|           6|
    |add_ln58_33197_fu_388_p2    |         +|   0|  0|   13|           6|           6|
    |add_ln58_33198_fu_646_p2    |         +|   0|  0|   13|           6|           6|
    |add_ln58_33199_fu_664_p2    |         +|   0|  0|   13|           6|           6|
    |add_ln58_33200_fu_676_p2    |         +|   0|  0|   13|           6|           6|
    |add_ln58_33201_fu_681_p2    |         +|   0|  0|   13|           6|           6|
    |add_ln58_33202_fu_690_p2    |         +|   0|  0|   13|           6|           6|
    |add_ln58_33203_fu_695_p2    |         +|   0|  0|   13|           6|           6|
    |add_ln58_33204_fu_700_p2    |         +|   0|  0|   13|           6|           6|
    |add_ln58_33205_fu_709_p2    |         +|   0|  0|   13|           6|           6|
    |add_ln58_33206_fu_718_p2    |         +|   0|  0|   13|           6|           6|
    |add_ln58_33207_fu_723_p2    |         +|   0|  0|   13|           6|           6|
    |add_ln58_33208_fu_738_p2    |         +|   0|  0|   14|           7|           7|
    |add_ln58_33209_fu_761_p2    |         +|   0|  0|   14|           7|           7|
    |add_ln58_33210_fu_783_p2    |         +|   0|  0|   14|           7|           7|
    |add_ln58_33211_fu_789_p2    |         +|   0|  0|   14|           7|           7|
    |add_ln58_33212_fu_1852_p2   |         +|   0|  0|   14|           7|           7|
    |add_ln58_33213_fu_1856_p2   |         +|   0|  0|   14|           7|           7|
    |add_ln58_33214_fu_1864_p2   |         +|   0|  0|   14|           7|           7|
    |add_ln58_33215_fu_813_p2    |         +|   0|  0|   14|           7|           7|
    |add_ln58_33216_fu_1870_p2   |         +|   0|  0|   14|           7|           7|
    |add_ln58_33217_fu_841_p2    |         +|   0|  0|   14|           7|           7|
    |add_ln58_33218_fu_1877_p2   |         +|   0|  0|   14|           7|           7|
    |add_ln58_33219_fu_1881_p2   |         +|   0|  0|   14|           7|           7|
    |add_ln58_33220_fu_847_p2    |         +|   0|  0|   13|           6|           6|
    |add_ln58_33221_fu_852_p2    |         +|   0|  0|   12|           5|           5|
    |add_ln58_33222_fu_1891_p2   |         +|   0|  0|   14|           7|           7|
    |add_ln58_33223_fu_857_p2    |         +|   0|  0|   12|           5|           5|
    |add_ln58_33224_fu_1900_p2   |         +|   0|  0|   14|           7|           7|
    |add_ln58_33225_fu_1905_p2   |         +|   0|  0|   14|           7|           7|
    |add_ln58_33226_fu_863_p2    |         +|   0|  0|   13|           6|           6|
    |add_ln58_33227_fu_882_p2    |         +|   0|  0|   14|           7|           7|
    |add_ln58_33228_fu_1911_p2   |         +|   0|  0|   14|           7|           7|
    |add_ln58_33229_fu_1917_p2   |         +|   0|  0|   14|           7|           7|
    |add_ln58_33230_fu_1922_p2   |         +|   0|  0|   14|           7|           7|
    |add_ln58_33231_fu_1932_p2   |         +|   0|  0|   14|           7|           7|
    |add_ln58_33232_fu_1938_p2   |         +|   0|  0|   14|           7|           7|
    |add_ln58_33233_fu_907_p2    |         +|   0|  0|   16|           7|           7|
    |add_ln58_33234_fu_928_p2    |         +|   0|  0|   16|           7|           7|
    |add_ln58_33235_fu_1964_p2   |         +|   0|  0|   16|           7|           7|
    |add_ln58_33236_fu_1973_p2   |         +|   0|  0|   14|           7|           7|
    |add_ln58_33237_fu_1979_p2   |         +|   0|  0|   16|           7|           7|
    |add_ln58_33238_fu_945_p2    |         +|   0|  0|   12|           5|           5|
    |add_ln58_33239_fu_1986_p2   |         +|   0|  0|   16|           7|           7|
    |add_ln58_33240_fu_2005_p2   |         +|   0|  0|   14|           7|           7|
    |add_ln58_33241_fu_2011_p2   |         +|   0|  0|   14|           7|           7|
    |add_ln58_33242_fu_953_p2    |         +|   0|  0|   12|           5|           5|
    |add_ln58_33243_fu_2032_p2   |         +|   0|  0|   15|           8|           8|
    |add_ln58_33244_fu_2050_p2   |         +|   0|  0|   14|           7|           7|
    |add_ln58_33245_fu_2065_p2   |         +|   0|  0|   14|           7|           7|
    |add_ln58_33246_fu_2075_p2   |         +|   0|  0|   15|           8|           8|
    |add_ln58_33247_fu_2084_p2   |         +|   0|  0|   14|           7|           7|
    |add_ln58_33248_fu_993_p2    |         +|   0|  0|   12|           5|           5|
    |add_ln58_33249_fu_1002_p2   |         +|   0|  0|   12|           5|           5|
    |add_ln58_33250_fu_1012_p2   |         +|   0|  0|   13|           6|           6|
    |add_ln58_33251_fu_2096_p2   |         +|   0|  0|   15|           8|           8|
    |add_ln58_33252_fu_2102_p2   |         +|   0|  0|   14|           7|           7|
    |add_ln58_33253_fu_1018_p2   |         +|   0|  0|   12|           5|           5|
    |add_ln58_33254_fu_2123_p2   |         +|   0|  0|   15|           8|           8|
    |add_ln58_33255_fu_2219_p2   |         +|   0|  0|   14|           7|           7|
    |add_ln58_33256_fu_2244_p2   |         +|   0|  0|   14|           7|           7|
    |add_ln58_33257_fu_6952_p2   |         +|   0|  0|   15|           8|           8|
    |add_ln58_33258_fu_2256_p2   |         +|   0|  0|   13|           6|           6|
    |add_ln58_33259_fu_2272_p2   |         +|   0|  0|   16|           7|           7|
    |add_ln58_33260_fu_2278_p2   |         +|   0|  0|   16|           7|           7|
    |add_ln58_33261_fu_6965_p2   |         +|   0|  0|   18|           9|           9|
    |add_ln58_33262_fu_1078_p2   |         +|   0|  0|   12|           5|           5|
    |add_ln58_33263_fu_2287_p2   |         +|   0|  0|   13|           6|           6|
    |add_ln58_33264_fu_1083_p2   |         +|   0|  0|   12|           5|           5|
    |add_ln58_33265_fu_1089_p2   |         +|   0|  0|   12|           5|           5|
    |add_ln58_33266_fu_2302_p2   |         +|   0|  0|   13|           6|           6|
    |add_ln58_33267_fu_2312_p2   |         +|   0|  0|   14|           7|           7|
    |add_ln58_33268_fu_1095_p2   |         +|   0|  0|   12|           5|           5|
    |add_ln58_33269_fu_1101_p2   |         +|   0|  0|   12|           5|           5|
    |add_ln58_33270_fu_2324_p2   |         +|   0|  0|   13|           6|           6|
    |add_ln58_33271_fu_1107_p2   |         +|   0|  0|   12|           5|           5|
    |add_ln58_33272_fu_1113_p2   |         +|   0|  0|   12|           5|           5|
    |add_ln58_33273_fu_2340_p2   |         +|   0|  0|   13|           6|           6|
    |add_ln58_33274_fu_2350_p2   |         +|   0|  0|   14|           7|           7|
    |add_ln58_33275_fu_6977_p2   |         +|   0|  0|   15|           8|           8|
    |add_ln58_33276_fu_6987_p2   |         +|   0|  0|   18|           9|           9|
    |add_ln58_33277_fu_2356_p2   |         +|   0|  0|   14|           7|           7|
    |add_ln58_33278_fu_2368_p2   |         +|   0|  0|   13|           6|           6|
    |add_ln58_33279_fu_6999_p2   |         +|   0|  0|   15|           8|           8|
    |add_ln58_33280_fu_2382_p2   |         +|   0|  0|   13|           6|           6|
    |add_ln58_33281_fu_7015_p2   |         +|   0|  0|   16|           7|           7|
    |add_ln58_33282_fu_7020_p2   |         +|   0|  0|   16|           7|           7|
    |add_ln58_33283_fu_7030_p2   |         +|   0|  0|   18|           9|           9|
    |add_ln58_33284_fu_1119_p2   |         +|   0|  0|   12|           5|           5|
    |add_ln58_33285_fu_2406_p2   |         +|   0|  0|   13|           6|           6|
    |add_ln58_33286_fu_1125_p2   |         +|   0|  0|   12|           5|           5|
    |add_ln58_33287_fu_1131_p2   |         +|   0|  0|   12|           5|           5|
    |add_ln58_33288_fu_2422_p2   |         +|   0|  0|   13|           6|           6|
    |add_ln58_33289_fu_2432_p2   |         +|   0|  0|   14|           7|           7|
    |add_ln58_33290_fu_1137_p2   |         +|   0|  0|   12|           5|           5|
    |add_ln58_33291_fu_2441_p2   |         +|   0|  0|   13|           6|           6|
    |add_ln58_33292_fu_1143_p2   |         +|   0|  0|   12|           5|           5|
    |add_ln58_33293_fu_1149_p2   |         +|   0|  0|   12|           5|           5|
    |add_ln58_33294_fu_2457_p2   |         +|   0|  0|   13|           6|           6|
    |add_ln58_33295_fu_2467_p2   |         +|   0|  0|   14|           7|           7|
    |add_ln58_33296_fu_7042_p2   |         +|   0|  0|   15|           8|           8|
    |add_ln58_33297_fu_7052_p2   |         +|   0|  0|   18|           9|           9|
    |add_ln58_33298_fu_2483_p2   |         +|   0|  0|   14|           7|           7|
    |add_ln58_33299_fu_2494_p2   |         +|   0|  0|   13|           6|           6|
    |add_ln58_33300_fu_7064_p2   |         +|   0|  0|   15|           8|           8|
    |add_ln58_33301_fu_2505_p2   |         +|   0|  0|   13|           6|           6|
    |add_ln58_33302_fu_7083_p2   |         +|   0|  0|   16|           7|           7|
    |add_ln58_33303_fu_7089_p2   |         +|   0|  0|   16|           7|           7|
    |add_ln58_33304_fu_7099_p2   |         +|   0|  0|   18|           9|           9|
    |add_ln58_33305_fu_1161_p2   |         +|   0|  0|   12|           5|           5|
    |add_ln58_33306_fu_1167_p2   |         +|   0|  0|   12|           5|           5|
    |add_ln58_33307_fu_2541_p2   |         +|   0|  0|   13|           6|           6|
    |add_ln58_33308_fu_2551_p2   |         +|   0|  0|   14|           7|           7|
    |add_ln58_33309_fu_1173_p2   |         +|   0|  0|   12|           5|           5|
    |add_ln58_33310_fu_2560_p2   |         +|   0|  0|   13|           6|           6|
    |add_ln58_33311_fu_2570_p2   |         +|   0|  0|   13|           6|           6|
    |add_ln58_33312_fu_2580_p2   |         +|   0|  0|   14|           7|           7|
    |add_ln58_33313_fu_7111_p2   |         +|   0|  0|   15|           8|           8|
    |add_ln58_33314_fu_7121_p2   |         +|   0|  0|   18|           9|           9|
    |add_ln58_33315_fu_2595_p2   |         +|   0|  0|   14|           7|           7|
    |add_ln58_33316_fu_2618_p2   |         +|   0|  0|   14|           7|           7|
    |add_ln58_33317_fu_7133_p2   |         +|   0|  0|   15|           8|           8|
    |add_ln58_33318_fu_2624_p2   |         +|   0|  0|   13|           6|           6|
    |add_ln58_33319_fu_2636_p2   |         +|   0|  0|   13|           6|           6|
    |add_ln58_33320_fu_2645_p2   |         +|   0|  0|   14|           7|           7|
    |add_ln58_33321_fu_7146_p2   |         +|   0|  0|   18|           9|           9|
    |add_ln58_33322_fu_2651_p2   |         +|   0|  0|   13|           6|           6|
    |add_ln58_33323_fu_1200_p2   |         +|   0|  0|   12|           5|           5|
    |add_ln58_33324_fu_1206_p2   |         +|   0|  0|   12|           5|           5|
    |add_ln58_33325_fu_2667_p2   |         +|   0|  0|   13|           6|           6|
    |add_ln58_33326_fu_2677_p2   |         +|   0|  0|   14|           7|           7|
    |add_ln58_33327_fu_1212_p2   |         +|   0|  0|   12|           5|           5|
    |add_ln58_33328_fu_2686_p2   |         +|   0|  0|   13|           6|           6|
    |add_ln58_33329_fu_1218_p2   |         +|   0|  0|   12|           5|           5|
    |add_ln58_33330_fu_2698_p2   |         +|   0|  0|   13|           6|           6|
    |add_ln58_33331_fu_2708_p2   |         +|   0|  0|   14|           7|           7|
    |add_ln58_33332_fu_7158_p2   |         +|   0|  0|   15|           8|           8|
    |add_ln58_33333_fu_7168_p2   |         +|   0|  0|   18|           9|           9|
    |add_ln58_33334_fu_2714_p2   |         +|   0|  0|   14|           7|           7|
    |add_ln58_33335_fu_7177_p2   |         +|   0|  0|   15|           8|           8|
    |add_ln58_33336_fu_2726_p2   |         +|   0|  0|   13|           6|           6|
    |add_ln58_33337_fu_7196_p2   |         +|   0|  0|   16|           7|           7|
    |add_ln58_33338_fu_7202_p2   |         +|   0|  0|   16|           7|           7|
    |add_ln58_33339_fu_7212_p2   |         +|   0|  0|   18|           9|           9|
    |add_ln58_33340_fu_2743_p2   |         +|   0|  0|   13|           6|           6|
    |add_ln58_33341_fu_2755_p2   |         +|   0|  0|   13|           6|           6|
    |add_ln58_33342_fu_2765_p2   |         +|   0|  0|   14|           7|           7|
    |add_ln58_33343_fu_1229_p2   |         +|   0|  0|   12|           5|           5|
    |add_ln58_33344_fu_2774_p2   |         +|   0|  0|   13|           6|           6|
    |add_ln58_33345_fu_1235_p2   |         +|   0|  0|   12|           5|           5|
    |add_ln58_33346_fu_1241_p2   |         +|   0|  0|   12|           5|           5|
    |add_ln58_33347_fu_2789_p2   |         +|   0|  0|   13|           6|           6|
    |add_ln58_33348_fu_2799_p2   |         +|   0|  0|   14|           7|           7|
    |add_ln58_33349_fu_7224_p2   |         +|   0|  0|   15|           8|           8|
    |add_ln58_33350_fu_7234_p2   |         +|   0|  0|   18|           9|           9|
    |add_ln58_33351_fu_7240_p2   |         +|   0|  0|   19|           8|           8|
    |add_ln58_33352_fu_2811_p2   |         +|   0|  0|   13|           6|           6|
    |add_ln58_33353_fu_7248_p2   |         +|   0|  0|   19|           8|           8|
    |add_ln58_33354_fu_2821_p2   |         +|   0|  0|   13|           6|           6|
    |add_ln58_33355_fu_1247_p2   |         +|   0|  0|   12|           5|           5|
    |add_ln58_33356_fu_7264_p2   |         +|   0|  0|   14|           7|           7|
    |add_ln58_33357_fu_7274_p2   |         +|   0|  0|   18|           9|           9|
    |add_ln58_33358_fu_2838_p2   |         +|   0|  0|   13|           6|           6|
    |add_ln58_33359_fu_2848_p2   |         +|   0|  0|   14|           7|           7|
    |add_ln58_33360_fu_1253_p2   |         +|   0|  0|   12|           5|           5|
    |add_ln58_33361_fu_2857_p2   |         +|   0|  0|   13|           6|           6|
    |add_ln58_33362_fu_2867_p2   |         +|   0|  0|   13|           6|           6|
    |add_ln58_33363_fu_2876_p2   |         +|   0|  0|   14|           7|           7|
    |add_ln58_33364_fu_7286_p2   |         +|   0|  0|   15|           8|           8|
    |add_ln58_33365_fu_7296_p2   |         +|   0|  0|   18|           9|           9|
    |add_ln58_33366_fu_7305_p2   |         +|   0|  0|   19|           8|           8|
    |add_ln58_33367_fu_2888_p2   |         +|   0|  0|   13|           6|           6|
    |add_ln58_33368_fu_7314_p2   |         +|   0|  0|   19|           8|           8|
    |add_ln58_33369_fu_2900_p2   |         +|   0|  0|   13|           6|           6|
    |add_ln58_33370_fu_1259_p2   |         +|   0|  0|   12|           5|           5|
    |add_ln58_33371_fu_7330_p2   |         +|   0|  0|   14|           7|           7|
    |add_ln58_33372_fu_7340_p2   |         +|   0|  0|   18|           9|           9|
    |add_ln58_33373_fu_1265_p2   |         +|   0|  0|   12|           5|           5|
    |add_ln58_33374_fu_2921_p2   |         +|   0|  0|   13|           6|           6|
    |add_ln58_33375_fu_1271_p2   |         +|   0|  0|   12|           5|           5|
    |add_ln58_33376_fu_2934_p2   |         +|   0|  0|   13|           6|           6|
    |add_ln58_33377_fu_2944_p2   |         +|   0|  0|   14|           7|           7|
    |add_ln58_33378_fu_2950_p2   |         +|   0|  0|   13|           6|           6|
    |add_ln58_33379_fu_2960_p2   |         +|   0|  0|   14|           7|           7|
    |add_ln58_33380_fu_7352_p2   |         +|   0|  0|   15|           8|           8|
    |add_ln58_33381_fu_7362_p2   |         +|   0|  0|   18|           9|           9|
    |add_ln58_33382_fu_2966_p2   |         +|   0|  0|   14|           7|           7|
    |add_ln58_33383_fu_2984_p2   |         +|   0|  0|   14|           7|           7|
    |add_ln58_33384_fu_7374_p2   |         +|   0|  0|   15|           8|           8|
    |add_ln58_33385_fu_2996_p2   |         +|   0|  0|   13|           6|           6|
    |add_ln58_33386_fu_7390_p2   |         +|   0|  0|   16|           7|           7|
    |add_ln58_33387_fu_7395_p2   |         +|   0|  0|   16|           7|           7|
    |add_ln58_33388_fu_7405_p2   |         +|   0|  0|   18|           9|           9|
    |add_ln58_33389_fu_3008_p2   |         +|   0|  0|   13|           6|           6|
    |add_ln58_33390_fu_1286_p2   |         +|   0|  0|   12|           5|           5|
    |add_ln58_33391_fu_1292_p2   |         +|   0|  0|   12|           5|           5|
    |add_ln58_33392_fu_3022_p2   |         +|   0|  0|   13|           6|           6|
    |add_ln58_33393_fu_3032_p2   |         +|   0|  0|   14|           7|           7|
    |add_ln58_33394_fu_3038_p2   |         +|   0|  0|   13|           6|           6|
    |add_ln58_33395_fu_1298_p2   |         +|   0|  0|   12|           5|           5|
    |add_ln58_33396_fu_1304_p2   |         +|   0|  0|   12|           5|           5|
    |add_ln58_33397_fu_3054_p2   |         +|   0|  0|   13|           6|           6|
    |add_ln58_33398_fu_3064_p2   |         +|   0|  0|   14|           7|           7|
    |add_ln58_33399_fu_7417_p2   |         +|   0|  0|   15|           8|           8|
    |add_ln58_33400_fu_7427_p2   |         +|   0|  0|   18|           9|           9|
    |add_ln58_33401_fu_3070_p2   |         +|   0|  0|   14|           7|           7|
    |add_ln58_33402_fu_3094_p2   |         +|   0|  0|   14|           7|           7|
    |add_ln58_33403_fu_7439_p2   |         +|   0|  0|   15|           8|           8|
    |add_ln58_33404_fu_3105_p2   |         +|   0|  0|   13|           6|           6|
    |add_ln58_33405_fu_7455_p2   |         +|   0|  0|   16|           7|           7|
    |add_ln58_33406_fu_7460_p2   |         +|   0|  0|   16|           7|           7|
    |add_ln58_33407_fu_7470_p2   |         +|   0|  0|   18|           9|           9|
    |add_ln58_33408_fu_1316_p2   |         +|   0|  0|   12|           5|           5|
    |add_ln58_33409_fu_1322_p2   |         +|   0|  0|   12|           5|           5|
    |add_ln58_33410_fu_1328_p2   |         +|   0|  0|   12|           5|           5|
    |add_ln58_33411_fu_3130_p2   |         +|   0|  0|   13|           6|           6|
    |add_ln58_33412_fu_3140_p2   |         +|   0|  0|   14|           7|           7|
    |add_ln58_33413_fu_1334_p2   |         +|   0|  0|   12|           5|           5|
    |add_ln58_33414_fu_3149_p2   |         +|   0|  0|   13|           6|           6|
    |add_ln58_33415_fu_1340_p2   |         +|   0|  0|   12|           5|           5|
    |add_ln58_33416_fu_3162_p2   |         +|   0|  0|   13|           6|           6|
    |add_ln58_33417_fu_3172_p2   |         +|   0|  0|   14|           7|           7|
    |add_ln58_33418_fu_7482_p2   |         +|   0|  0|   15|           8|           8|
    |add_ln58_33419_fu_7492_p2   |         +|   0|  0|   18|           9|           9|
    |add_ln58_33420_fu_7501_p2   |         +|   0|  0|   19|           8|           8|
    |add_ln58_33421_fu_3190_p2   |         +|   0|  0|   13|           6|           6|
    |add_ln58_33422_fu_7510_p2   |         +|   0|  0|   19|           8|           8|
    |add_ln58_33423_fu_3196_p2   |         +|   0|  0|   13|           6|           6|
    |add_ln58_33424_fu_3206_p2   |         +|   0|  0|   13|           6|           6|
    |add_ln58_33425_fu_7526_p2   |         +|   0|  0|   14|           7|           7|
    |add_ln58_33426_fu_7536_p2   |         +|   0|  0|   18|           9|           9|
    |add_ln58_33427_fu_1346_p2   |         +|   0|  0|   12|           5|           5|
    |add_ln58_33428_fu_3215_p2   |         +|   0|  0|   13|           6|           6|
    |add_ln58_33429_fu_1352_p2   |         +|   0|  0|   12|           5|           5|
    |add_ln58_33430_fu_3227_p2   |         +|   0|  0|   13|           6|           6|
    |add_ln58_33431_fu_3237_p2   |         +|   0|  0|   14|           7|           7|
    |add_ln58_33432_fu_3243_p2   |         +|   0|  0|   13|           6|           6|
    |add_ln58_33433_fu_1358_p2   |         +|   0|  0|   12|           5|           5|
    |add_ln58_33434_fu_1364_p2   |         +|   0|  0|   12|           5|           5|
    |add_ln58_33435_fu_3259_p2   |         +|   0|  0|   13|           6|           6|
    |add_ln58_33436_fu_3269_p2   |         +|   0|  0|   14|           7|           7|
    |add_ln58_33437_fu_7548_p2   |         +|   0|  0|   15|           8|           8|
    |add_ln58_33438_fu_7558_p2   |         +|   0|  0|   18|           9|           9|
    |add_ln58_33439_fu_1380_p2   |         +|   0|  0|   14|           7|           7|
    |add_ln58_33440_fu_3285_p2   |         +|   0|  0|   14|           7|           7|
    |add_ln58_33441_fu_7570_p2   |         +|   0|  0|   15|           8|           8|
    |add_ln58_33442_fu_3309_p2   |         +|   0|  0|   16|           7|           7|
    |add_ln58_33443_fu_3318_p2   |         +|   0|  0|   13|           6|           6|
    |add_ln58_33444_fu_3327_p2   |         +|   0|  0|   16|           7|           7|
    |add_ln58_33445_fu_7583_p2   |         +|   0|  0|   18|           9|           9|
    |add_ln58_33446_fu_1391_p2   |         +|   0|  0|   12|           5|           5|
    |add_ln58_33447_fu_3336_p2   |         +|   0|  0|   13|           6|           6|
    |add_ln58_33448_fu_3345_p2   |         +|   0|  0|   14|           7|           7|
    |add_ln58_33449_fu_1397_p2   |         +|   0|  0|   12|           5|           5|
    |add_ln58_33450_fu_3354_p2   |         +|   0|  0|   13|           6|           6|
    |add_ln58_33451_fu_3364_p2   |         +|   0|  0|   13|           6|           6|
    |add_ln58_33452_fu_3374_p2   |         +|   0|  0|   14|           7|           7|
    |add_ln58_33453_fu_7595_p2   |         +|   0|  0|   15|           8|           8|
    |add_ln58_33454_fu_7605_p2   |         +|   0|  0|   18|           9|           9|
    |add_ln58_33455_fu_7614_p2   |         +|   0|  0|   19|           8|           8|
    |add_ln58_33456_fu_3384_p2   |         +|   0|  0|   13|           6|           6|
    |add_ln58_33457_fu_7623_p2   |         +|   0|  0|   19|           8|           8|
    |add_ln58_33458_fu_3390_p2   |         +|   0|  0|   13|           6|           6|
    |add_ln58_33459_fu_1413_p2   |         +|   0|  0|   12|           5|           5|
    |add_ln58_33460_fu_1423_p2   |         +|   0|  0|   13|           6|           6|
    |add_ln58_33461_fu_7639_p2   |         +|   0|  0|   14|           7|           7|
    |add_ln58_33462_fu_7649_p2   |         +|   0|  0|   18|           9|           9|
    |add_ln58_33463_fu_3396_p2   |         +|   0|  0|   13|           6|           6|
    |add_ln58_33464_fu_3406_p2   |         +|   0|  0|   14|           7|           7|
    |add_ln58_33465_fu_3412_p2   |         +|   0|  0|   13|           6|           6|
    |add_ln58_33466_fu_1429_p2   |         +|   0|  0|   12|           5|           5|
    |add_ln58_33467_fu_3425_p2   |         +|   0|  0|   13|           6|           6|
    |add_ln58_33468_fu_3435_p2   |         +|   0|  0|   14|           7|           7|
    |add_ln58_33469_fu_7661_p2   |         +|   0|  0|   15|           8|           8|
    |add_ln58_33470_fu_7671_p2   |         +|   0|  0|   18|           9|           9|
    |add_ln58_33471_fu_7680_p2   |         +|   0|  0|   19|           8|           8|
    |add_ln58_33472_fu_7689_p2   |         +|   0|  0|   19|           8|           8|
    |add_ln58_33473_fu_3452_p2   |         +|   0|  0|   13|           6|           6|
    |add_ln58_33474_fu_3458_p2   |         +|   0|  0|   13|           6|           6|
    |add_ln58_33475_fu_7705_p2   |         +|   0|  0|   14|           7|           7|
    |add_ln58_33476_fu_7715_p2   |         +|   0|  0|   18|           9|           9|
    |add_ln58_33477_fu_3464_p2   |         +|   0|  0|   13|           6|           6|
    |add_ln58_33478_fu_3472_p2   |         +|   0|  0|   14|           7|           7|
    |add_ln58_33479_fu_3478_p2   |         +|   0|  0|   13|           6|           6|
    |add_ln58_33480_fu_1435_p2   |         +|   0|  0|   12|           5|           5|
    |add_ln58_33481_fu_3491_p2   |         +|   0|  0|   13|           6|           6|
    |add_ln58_33482_fu_3501_p2   |         +|   0|  0|   14|           7|           7|
    |add_ln58_33483_fu_7727_p2   |         +|   0|  0|   15|           8|           8|
    |add_ln58_33484_fu_7737_p2   |         +|   0|  0|   18|           9|           9|
    |add_ln58_33485_fu_3511_p2   |         +|   0|  0|   14|           7|           7|
    |add_ln58_33486_fu_3517_p2   |         +|   0|  0|   13|           6|           6|
    |add_ln58_33487_fu_7749_p2   |         +|   0|  0|   15|           8|           8|
    |add_ln58_33488_fu_3523_p2   |         +|   0|  0|   13|           6|           6|
    |add_ln58_33489_fu_3544_p2   |         +|   0|  0|   16|           7|           7|
    |add_ln58_33490_fu_3550_p2   |         +|   0|  0|   16|           7|           7|
    |add_ln58_33491_fu_7762_p2   |         +|   0|  0|   18|           9|           9|
    |add_ln58_33492_fu_1447_p2   |         +|   0|  0|   12|           5|           5|
    |add_ln58_33493_fu_3559_p2   |         +|   0|  0|   13|           6|           6|
    |add_ln58_33494_fu_1453_p2   |         +|   0|  0|   12|           5|           5|
    |add_ln58_33495_fu_3572_p2   |         +|   0|  0|   13|           6|           6|
    |add_ln58_33496_fu_3582_p2   |         +|   0|  0|   14|           7|           7|
    |add_ln58_33497_fu_3588_p2   |         +|   0|  0|   13|           6|           6|
    |add_ln58_33498_fu_3598_p2   |         +|   0|  0|   13|           6|           6|
    |add_ln58_33499_fu_3608_p2   |         +|   0|  0|   14|           7|           7|
    |add_ln58_33500_fu_7774_p2   |         +|   0|  0|   15|           8|           8|
    |add_ln58_33501_fu_7784_p2   |         +|   0|  0|   18|           9|           9|
    |add_ln58_33502_fu_3614_p2   |         +|   0|  0|   14|           7|           7|
    |add_ln58_33503_fu_3636_p2   |         +|   0|  0|   14|           7|           7|
    |add_ln58_33504_fu_7796_p2   |         +|   0|  0|   15|           8|           8|
    |add_ln58_33505_fu_3642_p2   |         +|   0|  0|   13|           6|           6|
    |add_ln58_33506_fu_7812_p2   |         +|   0|  0|   16|           7|           7|
    |add_ln58_33507_fu_7818_p2   |         +|   0|  0|   16|           7|           7|
    |add_ln58_33508_fu_7828_p2   |         +|   0|  0|   18|           9|           9|
    |add_ln58_33509_fu_3648_p2   |         +|   0|  0|   13|           6|           6|
    |add_ln58_33510_fu_1459_p2   |         +|   0|  0|   12|           5|           5|
    |add_ln58_33511_fu_3659_p2   |         +|   0|  0|   13|           6|           6|
    |add_ln58_33512_fu_3669_p2   |         +|   0|  0|   14|           7|           7|
    |add_ln58_33513_fu_3675_p2   |         +|   0|  0|   13|           6|           6|
    |add_ln58_33514_fu_1465_p2   |         +|   0|  0|   12|           5|           5|
    |add_ln58_33515_fu_1471_p2   |         +|   0|  0|   12|           5|           5|
    |add_ln58_33516_fu_3691_p2   |         +|   0|  0|   13|           6|           6|
    |add_ln58_33517_fu_3701_p2   |         +|   0|  0|   14|           7|           7|
    |add_ln58_33518_fu_7840_p2   |         +|   0|  0|   15|           8|           8|
    |add_ln58_33519_fu_7850_p2   |         +|   0|  0|   18|           9|           9|
    |add_ln58_33520_fu_3711_p2   |         +|   0|  0|   14|           7|           7|
    |add_ln58_33521_fu_7859_p2   |         +|   0|  0|   15|           8|           8|
    |add_ln58_33522_fu_3721_p2   |         +|   0|  0|   13|           6|           6|
    |add_ln58_33523_fu_7875_p2   |         +|   0|  0|   16|           7|           7|
    |add_ln58_33524_fu_7880_p2   |         +|   0|  0|   16|           7|           7|
    |add_ln58_33525_fu_7890_p2   |         +|   0|  0|   18|           9|           9|
    |add_ln58_33526_fu_3733_p2   |         +|   0|  0|   13|           6|           6|
    |add_ln58_33527_fu_1477_p2   |         +|   0|  0|   12|           5|           5|
    |add_ln58_33528_fu_3746_p2   |         +|   0|  0|   13|           6|           6|
    |add_ln58_33529_fu_3756_p2   |         +|   0|  0|   14|           7|           7|
    |add_ln58_33530_fu_3762_p2   |         +|   0|  0|   13|           6|           6|
    |add_ln58_33531_fu_3772_p2   |         +|   0|  0|   14|           7|           7|
    |add_ln58_33532_fu_7902_p2   |         +|   0|  0|   15|           8|           8|
    |add_ln58_33533_fu_7912_p2   |         +|   0|  0|   18|           9|           9|
    |add_ln58_33534_fu_3778_p2   |         +|   0|  0|   14|           7|           7|
    |add_ln58_33535_fu_3782_p2   |         +|   0|  0|   14|           7|           7|
    |add_ln58_33536_fu_7924_p2   |         +|   0|  0|   15|           8|           8|
    |add_ln58_33537_fu_3788_p2   |         +|   0|  0|   13|           6|           6|
    |add_ln58_33538_fu_3803_p2   |         +|   0|  0|   14|           7|           7|
    |add_ln58_33539_fu_7937_p2   |         +|   0|  0|   14|           7|           7|
    |add_ln58_33540_fu_7946_p2   |         +|   0|  0|   18|           9|           9|
    |add_ln58_33541_fu_3821_p2   |         +|   0|  0|   13|           6|           6|
    |add_ln58_33542_fu_3831_p2   |         +|   0|  0|   14|           7|           7|
    |add_ln58_33543_fu_3837_p2   |         +|   0|  0|   13|           6|           6|
    |add_ln58_33544_fu_1489_p2   |         +|   0|  0|   12|           5|           5|
    |add_ln58_33545_fu_3849_p2   |         +|   0|  0|   13|           6|           6|
    |add_ln58_33546_fu_3859_p2   |         +|   0|  0|   14|           7|           7|
    |add_ln58_33547_fu_7958_p2   |         +|   0|  0|   15|           8|           8|
    |add_ln58_33548_fu_7968_p2   |         +|   0|  0|   18|           9|           9|
    |add_ln58_33549_fu_7974_p2   |         +|   0|  0|   19|           8|           8|
    |add_ln58_33550_fu_7979_p2   |         +|   0|  0|   19|           8|           8|
    |add_ln58_33551_fu_3865_p2   |         +|   0|  0|   13|           6|           6|
    |add_ln58_33552_fu_3875_p2   |         +|   0|  0|   13|           6|           6|
    |add_ln58_33553_fu_7992_p2   |         +|   0|  0|   14|           7|           7|
    |add_ln58_33554_fu_8001_p2   |         +|   0|  0|   18|           9|           9|
    |add_ln58_33555_fu_1501_p2   |         +|   0|  0|   12|           5|           5|
    |add_ln58_33556_fu_3890_p2   |         +|   0|  0|   13|           6|           6|
    |add_ln58_33557_fu_3900_p2   |         +|   0|  0|   14|           7|           7|
    |add_ln58_33558_fu_3906_p2   |         +|   0|  0|   13|           6|           6|
    |add_ln58_33559_fu_1507_p2   |         +|   0|  0|   12|           5|           5|
    |add_ln58_33560_fu_3919_p2   |         +|   0|  0|   13|           6|           6|
    |add_ln58_33561_fu_3928_p2   |         +|   0|  0|   14|           7|           7|
    |add_ln58_33562_fu_8013_p2   |         +|   0|  0|   15|           8|           8|
    |add_ln58_33563_fu_8023_p2   |         +|   0|  0|   18|           9|           9|
    |add_ln58_33564_fu_3934_p2   |         +|   0|  0|   14|           7|           7|
    |add_ln58_33565_fu_3953_p2   |         +|   0|  0|   14|           7|           7|
    |add_ln58_33566_fu_8035_p2   |         +|   0|  0|   15|           8|           8|
    |add_ln58_33567_fu_3959_p2   |         +|   0|  0|   13|           6|           6|
    |add_ln58_33568_fu_1513_p2   |         +|   0|  0|   12|           5|           5|
    |add_ln58_33569_fu_3971_p2   |         +|   0|  0|   13|           6|           6|
    |add_ln58_33570_fu_3980_p2   |         +|   0|  0|   14|           7|           7|
    |add_ln58_33571_fu_8048_p2   |         +|   0|  0|   18|           9|           9|
    |add_ln58_33572_fu_1519_p2   |         +|   0|  0|   12|           5|           5|
    |add_ln58_33573_fu_3989_p2   |         +|   0|  0|   13|           6|           6|
    |add_ln58_33574_fu_1525_p2   |         +|   0|  0|   12|           5|           5|
    |add_ln58_33575_fu_4002_p2   |         +|   0|  0|   13|           6|           6|
    |add_ln58_33576_fu_4012_p2   |         +|   0|  0|   14|           7|           7|
    |add_ln58_33577_fu_4018_p2   |         +|   0|  0|   13|           6|           6|
    |add_ln58_33578_fu_1531_p2   |         +|   0|  0|   12|           5|           5|
    |add_ln58_33579_fu_4031_p2   |         +|   0|  0|   13|           6|           6|
    |add_ln58_33580_fu_4041_p2   |         +|   0|  0|   14|           7|           7|
    |add_ln58_33581_fu_8060_p2   |         +|   0|  0|   15|           8|           8|
    |add_ln58_33582_fu_8070_p2   |         +|   0|  0|   18|           9|           9|
    |add_ln58_33583_fu_4047_p2   |         +|   0|  0|   14|           7|           7|
    |add_ln58_33584_fu_4073_p2   |         +|   0|  0|   14|           7|           7|
    |add_ln58_33585_fu_8082_p2   |         +|   0|  0|   15|           8|           8|
    |add_ln58_33586_fu_4079_p2   |         +|   0|  0|   13|           6|           6|
    |add_ln58_33587_fu_4092_p2   |         +|   0|  0|   13|           6|           6|
    |add_ln58_33588_fu_8098_p2   |         +|   0|  0|   14|           7|           7|
    |add_ln58_33589_fu_8108_p2   |         +|   0|  0|   18|           9|           9|
    |add_ln58_33590_fu_4098_p2   |         +|   0|  0|   13|           6|           6|
    |add_ln58_33591_fu_1543_p2   |         +|   0|  0|   12|           5|           5|
    |add_ln58_33592_fu_4111_p2   |         +|   0|  0|   13|           6|           6|
    |add_ln58_33593_fu_4121_p2   |         +|   0|  0|   14|           7|           7|
    |add_ln58_33594_fu_1549_p2   |         +|   0|  0|   12|           5|           5|
    |add_ln58_33595_fu_4130_p2   |         +|   0|  0|   13|           6|           6|
    |add_ln58_33596_fu_1555_p2   |         +|   0|  0|   12|           5|           5|
    |add_ln58_33597_fu_4143_p2   |         +|   0|  0|   13|           6|           6|
    |add_ln58_33598_fu_4153_p2   |         +|   0|  0|   14|           7|           7|
    |add_ln58_33599_fu_8120_p2   |         +|   0|  0|   15|           8|           8|
    |add_ln58_33600_fu_8130_p2   |         +|   0|  0|   18|           9|           9|
    |add_ln58_33601_fu_4167_p2   |         +|   0|  0|   14|           7|           7|
    |add_ln58_33602_fu_4183_p2   |         +|   0|  0|   14|           7|           7|
    |add_ln58_33603_fu_8142_p2   |         +|   0|  0|   15|           8|           8|
    |add_ln58_33604_fu_4189_p2   |         +|   0|  0|   13|           6|           6|
    |add_ln58_33605_fu_4198_p2   |         +|   0|  0|   13|           6|           6|
    |add_ln58_33606_fu_8158_p2   |         +|   0|  0|   14|           7|           7|
    |add_ln58_33607_fu_8168_p2   |         +|   0|  0|   18|           9|           9|
    |add_ln58_33608_fu_4204_p2   |         +|   0|  0|   13|           6|           6|
    |add_ln58_33609_fu_4213_p2   |         +|   0|  0|   14|           7|           7|
    |add_ln58_33610_fu_1561_p2   |         +|   0|  0|   12|           5|           5|
    |add_ln58_33611_fu_4222_p2   |         +|   0|  0|   13|           6|           6|
    |add_ln58_33612_fu_1567_p2   |         +|   0|  0|   12|           5|           5|
    |add_ln58_33613_fu_4235_p2   |         +|   0|  0|   13|           6|           6|
    |add_ln58_33614_fu_4245_p2   |         +|   0|  0|   14|           7|           7|
    |add_ln58_33615_fu_8180_p2   |         +|   0|  0|   15|           8|           8|
    |add_ln58_33616_fu_8190_p2   |         +|   0|  0|   18|           9|           9|
    |add_ln58_33617_fu_4251_p2   |         +|   0|  0|   14|           7|           7|
    |add_ln58_33618_fu_8199_p2   |         +|   0|  0|   15|           8|           8|
    |add_ln58_33619_fu_8212_p2   |         +|   0|  0|   16|           7|           7|
    |add_ln58_33620_fu_8218_p2   |         +|   0|  0|   16|           7|           7|
    |add_ln58_33621_fu_8228_p2   |         +|   0|  0|   18|           9|           9|
    |add_ln58_33622_fu_4271_p2   |         +|   0|  0|   14|           7|           7|
    |add_ln58_33623_fu_4277_p2   |         +|   0|  0|   13|           6|           6|
    |add_ln58_33624_fu_4287_p2   |         +|   0|  0|   13|           6|           6|
    |add_ln58_33625_fu_4297_p2   |         +|   0|  0|   14|           7|           7|
    |add_ln58_33626_fu_8240_p2   |         +|   0|  0|   15|           8|           8|
    |add_ln58_33627_fu_8250_p2   |         +|   0|  0|   18|           9|           9|
    |add_ln58_33628_fu_4315_p2   |         +|   0|  0|   14|           7|           7|
    |add_ln58_33629_fu_8259_p2   |         +|   0|  0|   15|           8|           8|
    |add_ln58_33630_fu_8269_p2   |         +|   0|  0|   14|           7|           7|
    |add_ln58_33631_fu_8278_p2   |         +|   0|  0|   18|           9|           9|
    |add_ln58_33632_fu_4321_p2   |         +|   0|  0|   13|           6|           6|
    |add_ln58_33633_fu_4329_p2   |         +|   0|  0|   13|           6|           6|
    |add_ln58_33634_fu_4339_p2   |         +|   0|  0|   14|           7|           7|
    |add_ln58_33635_fu_1573_p2   |         +|   0|  0|   12|           5|           5|
    |add_ln58_33636_fu_4348_p2   |         +|   0|  0|   13|           6|           6|
    |add_ln58_33637_fu_1579_p2   |         +|   0|  0|   12|           5|           5|
    |add_ln58_33638_fu_4361_p2   |         +|   0|  0|   13|           6|           6|
    |add_ln58_33639_fu_4371_p2   |         +|   0|  0|   14|           7|           7|
    |add_ln58_33640_fu_8290_p2   |         +|   0|  0|   15|           8|           8|
    |add_ln58_33641_fu_8300_p2   |         +|   0|  0|   18|           9|           9|
    |add_ln58_33642_fu_4377_p2   |         +|   0|  0|   14|           7|           7|
    |add_ln58_33643_fu_4382_p2   |         +|   0|  0|   14|           7|           7|
    |add_ln58_33644_fu_8312_p2   |         +|   0|  0|   15|           8|           8|
    |add_ln58_33645_fu_8325_p2   |         +|   0|  0|   16|           7|           7|
    |add_ln58_33646_fu_8330_p2   |         +|   0|  0|   16|           7|           7|
    |add_ln58_33647_fu_8340_p2   |         +|   0|  0|   18|           9|           9|
    |add_ln58_33648_fu_4398_p2   |         +|   0|  0|   13|           6|           6|
    |add_ln58_33649_fu_4408_p2   |         +|   0|  0|   14|           7|           7|
    |add_ln58_33650_fu_4414_p2   |         +|   0|  0|   13|           6|           6|
    |add_ln58_33651_fu_4424_p2   |         +|   0|  0|   13|           6|           6|
    |add_ln58_33652_fu_4434_p2   |         +|   0|  0|   14|           7|           7|
    |add_ln58_33653_fu_8352_p2   |         +|   0|  0|   15|           8|           8|
    |add_ln58_33654_fu_8362_p2   |         +|   0|  0|   18|           9|           9|
    |add_ln58_33655_fu_4440_p2   |         +|   0|  0|   14|           7|           7|
    |add_ln58_33656_fu_4456_p2   |         +|   0|  0|   14|           7|           7|
    |add_ln58_33657_fu_8374_p2   |         +|   0|  0|   15|           8|           8|
    |add_ln58_33658_fu_4462_p2   |         +|   0|  0|   13|           6|           6|
    |add_ln58_33659_fu_8390_p2   |         +|   0|  0|   16|           7|           7|
    |add_ln58_33660_fu_8395_p2   |         +|   0|  0|   16|           7|           7|
    |add_ln58_33661_fu_8405_p2   |         +|   0|  0|   18|           9|           9|
    |add_ln58_33662_fu_4477_p2   |         +|   0|  0|   13|           6|           6|
    |add_ln58_33663_fu_4487_p2   |         +|   0|  0|   14|           7|           7|
    |add_ln58_33664_fu_4493_p2   |         +|   0|  0|   13|           6|           6|
    |add_ln58_33665_fu_4503_p2   |         +|   0|  0|   14|           7|           7|
    |add_ln58_33666_fu_8417_p2   |         +|   0|  0|   15|           8|           8|
    |add_ln58_33667_fu_8427_p2   |         +|   0|  0|   18|           9|           9|
    |add_ln58_33668_fu_4518_p2   |         +|   0|  0|   14|           7|           7|
    |add_ln58_33669_fu_4537_p2   |         +|   0|  0|   14|           7|           7|
    |add_ln58_33670_fu_8439_p2   |         +|   0|  0|   15|           8|           8|
    |add_ln58_33671_fu_4549_p2   |         +|   0|  0|   13|           6|           6|
    |add_ln58_33672_fu_4559_p2   |         +|   0|  0|   14|           7|           7|
    |add_ln58_33673_fu_8452_p2   |         +|   0|  0|   14|           7|           7|
    |add_ln58_33674_fu_8461_p2   |         +|   0|  0|   18|           9|           9|
    |add_ln58_33675_fu_1591_p2   |         +|   0|  0|   12|           5|           5|
    |add_ln58_33676_fu_1596_p2   |         +|   0|  0|   12|           5|           5|
    |add_ln58_33677_fu_4580_p2   |         +|   0|  0|   13|           6|           6|
    |add_ln58_33678_fu_4590_p2   |         +|   0|  0|   14|           7|           7|
    |add_ln58_33679_fu_1602_p2   |         +|   0|  0|   12|           5|           5|
    |add_ln58_33680_fu_4599_p2   |         +|   0|  0|   13|           6|           6|
    |add_ln58_33681_fu_1608_p2   |         +|   0|  0|   12|           5|           5|
    |add_ln58_33682_fu_4612_p2   |         +|   0|  0|   13|           6|           6|
    |add_ln58_33683_fu_4622_p2   |         +|   0|  0|   14|           7|           7|
    |add_ln58_33684_fu_8473_p2   |         +|   0|  0|   15|           8|           8|
    |add_ln58_33685_fu_8483_p2   |         +|   0|  0|   18|           9|           9|
    |add_ln58_33686_fu_4628_p2   |         +|   0|  0|   14|           7|           7|
    |add_ln58_33687_fu_4634_p2   |         +|   0|  0|   13|           6|           6|
    |add_ln58_33688_fu_8495_p2   |         +|   0|  0|   15|           8|           8|
    |add_ln58_33689_fu_8505_p2   |         +|   0|  0|   16|           7|           7|
    |add_ln58_33690_fu_8511_p2   |         +|   0|  0|   16|           7|           7|
    |add_ln58_33691_fu_8521_p2   |         +|   0|  0|   18|           9|           9|
    |add_ln58_33692_fu_4639_p2   |         +|   0|  0|   13|           6|           6|
    |add_ln58_33693_fu_4647_p2   |         +|   0|  0|   13|           6|           6|
    |add_ln58_33694_fu_4657_p2   |         +|   0|  0|   14|           7|           7|
    |add_ln58_33695_fu_1614_p2   |         +|   0|  0|   12|           5|           5|
    |add_ln58_33696_fu_4666_p2   |         +|   0|  0|   13|           6|           6|
    |add_ln58_33697_fu_1620_p2   |         +|   0|  0|   12|           5|           5|
    |add_ln58_33698_fu_4679_p2   |         +|   0|  0|   13|           6|           6|
    |add_ln58_33699_fu_4689_p2   |         +|   0|  0|   14|           7|           7|
    |add_ln58_33700_fu_8533_p2   |         +|   0|  0|   15|           8|           8|
    |add_ln58_33701_fu_8543_p2   |         +|   0|  0|   18|           9|           9|
    |add_ln58_33702_fu_4699_p2   |         +|   0|  0|   14|           7|           7|
    |add_ln58_33703_fu_8552_p2   |         +|   0|  0|   15|           8|           8|
    |add_ln58_33704_fu_4710_p2   |         +|   0|  0|   13|           6|           6|
    |add_ln58_33705_fu_8565_p2   |         +|   0|  0|   14|           7|           7|
    |add_ln58_33706_fu_8575_p2   |         +|   0|  0|   18|           9|           9|
    |add_ln58_33707_fu_1626_p2   |         +|   0|  0|   12|           5|           5|
    |add_ln58_33708_fu_4719_p2   |         +|   0|  0|   13|           6|           6|
    |add_ln58_33709_fu_4729_p2   |         +|   0|  0|   14|           7|           7|
    |add_ln58_33710_fu_4735_p2   |         +|   0|  0|   13|           6|           6|
    |add_ln58_33711_fu_4745_p2   |         +|   0|  0|   13|           6|           6|
    |add_ln58_33712_fu_4755_p2   |         +|   0|  0|   14|           7|           7|
    |add_ln58_33713_fu_8587_p2   |         +|   0|  0|   15|           8|           8|
    |add_ln58_33714_fu_8597_p2   |         +|   0|  0|   18|           9|           9|
    |add_ln58_33715_fu_4761_p2   |         +|   0|  0|   14|           7|           7|
    |add_ln58_33716_fu_8606_p2   |         +|   0|  0|   15|           8|           8|
    |add_ln58_33717_fu_4766_p2   |         +|   0|  0|   13|           6|           6|
    |add_ln58_33718_fu_8619_p2   |         +|   0|  0|   16|           7|           7|
    |add_ln58_33719_fu_8624_p2   |         +|   0|  0|   16|           7|           7|
    |add_ln58_33720_fu_8634_p2   |         +|   0|  0|   18|           9|           9|
    |add_ln58_33721_fu_1632_p2   |         +|   0|  0|   12|           5|           5|
    |add_ln58_33722_fu_4784_p2   |         +|   0|  0|   13|           6|           6|
    |add_ln58_33723_fu_4794_p2   |         +|   0|  0|   14|           7|           7|
    |add_ln58_33724_fu_4800_p2   |         +|   0|  0|   13|           6|           6|
    |add_ln58_33725_fu_1638_p2   |         +|   0|  0|   12|           5|           5|
    |add_ln58_33726_fu_1644_p2   |         +|   0|  0|   12|           5|           5|
    |add_ln58_33727_fu_4816_p2   |         +|   0|  0|   13|           6|           6|
    |add_ln58_33728_fu_4826_p2   |         +|   0|  0|   14|           7|           7|
    |add_ln58_33729_fu_8646_p2   |         +|   0|  0|   15|           8|           8|
    |add_ln58_33730_fu_8656_p2   |         +|   0|  0|   18|           9|           9|
    |add_ln58_33731_fu_8665_p2   |         +|   0|  0|   19|           8|           8|
    |add_ln58_33732_fu_8674_p2   |         +|   0|  0|   19|           8|           8|
    |add_ln58_33733_fu_4832_p2   |         +|   0|  0|   13|           6|           6|
    |add_ln58_33734_fu_8690_p2   |         +|   0|  0|   16|           7|           7|
    |add_ln58_33735_fu_8696_p2   |         +|   0|  0|   16|           7|           7|
    |add_ln58_33736_fu_8706_p2   |         +|   0|  0|   18|           9|           9|
    |add_ln58_33737_fu_4851_p2   |         +|   0|  0|   13|           6|           6|
    |add_ln58_33738_fu_4861_p2   |         +|   0|  0|   14|           7|           7|
    |add_ln58_33739_fu_4867_p2   |         +|   0|  0|   13|           6|           6|
    |add_ln58_33740_fu_4877_p2   |         +|   0|  0|   14|           7|           7|
    |add_ln58_33741_fu_8718_p2   |         +|   0|  0|   15|           8|           8|
    |add_ln58_33742_fu_8728_p2   |         +|   0|  0|   18|           9|           9|
    |add_ln58_33743_fu_8734_p2   |         +|   0|  0|   19|           8|           8|
    |add_ln58_33744_fu_4883_p2   |         +|   0|  0|   13|           6|           6|
    |add_ln58_33745_fu_8742_p2   |         +|   0|  0|   19|           8|           8|
    |add_ln58_33746_fu_4889_p2   |         +|   0|  0|   13|           6|           6|
    |add_ln58_33747_fu_8758_p2   |         +|   0|  0|   14|           7|           7|
    |add_ln58_33748_fu_8768_p2   |         +|   0|  0|   18|           9|           9|
    |add_ln58_33749_fu_4906_p2   |         +|   0|  0|   13|           6|           6|
    |add_ln58_33750_fu_4916_p2   |         +|   0|  0|   14|           7|           7|
    |add_ln58_33751_fu_4922_p2   |         +|   0|  0|   13|           6|           6|
    |add_ln58_33752_fu_4932_p2   |         +|   0|  0|   14|           7|           7|
    |add_ln58_33753_fu_8780_p2   |         +|   0|  0|   15|           8|           8|
    |add_ln58_33754_fu_8790_p2   |         +|   0|  0|   18|           9|           9|
    |add_ln58_33755_fu_4938_p2   |         +|   0|  0|   14|           7|           7|
    |add_ln58_33756_fu_4947_p2   |         +|   0|  0|   14|           7|           7|
    |add_ln58_33757_fu_8802_p2   |         +|   0|  0|   15|           8|           8|
    |add_ln58_33758_fu_4959_p2   |         +|   0|  0|   13|           6|           6|
    |add_ln58_33759_fu_8821_p2   |         +|   0|  0|   16|           7|           7|
    |add_ln58_33760_fu_8827_p2   |         +|   0|  0|   16|           7|           7|
    |add_ln58_33761_fu_8837_p2   |         +|   0|  0|   18|           9|           9|
    |add_ln58_33762_fu_4965_p2   |         +|   0|  0|   13|           6|           6|
    |add_ln58_33763_fu_1656_p2   |         +|   0|  0|   12|           5|           5|
    |add_ln58_33764_fu_4977_p2   |         +|   0|  0|   13|           6|           6|
    |add_ln58_33765_fu_4987_p2   |         +|   0|  0|   14|           7|           7|
    |add_ln58_33766_fu_4993_p2   |         +|   0|  0|   14|           7|           7|
    |add_ln58_33767_fu_8849_p2   |         +|   0|  0|   15|           8|           8|
    |add_ln58_33768_fu_8859_p2   |         +|   0|  0|   18|           9|           9|
    |add_ln58_33769_fu_4999_p2   |         +|   0|  0|   14|           7|           7|
    |add_ln58_33770_fu_5004_p2   |         +|   0|  0|   14|           7|           7|
    |add_ln58_33771_fu_8871_p2   |         +|   0|  0|   15|           8|           8|
    |add_ln58_33772_fu_5010_p2   |         +|   0|  0|   13|           6|           6|
    |add_ln58_33773_fu_8887_p2   |         +|   0|  0|   16|           7|           7|
    |add_ln58_33774_fu_8892_p2   |         +|   0|  0|   16|           7|           7|
    |add_ln58_33775_fu_8902_p2   |         +|   0|  0|   18|           9|           9|
    |add_ln58_33776_fu_5022_p2   |         +|   0|  0|   13|           6|           6|
    |add_ln58_33777_fu_5030_p2   |         +|   0|  0|   13|           6|           6|
    |add_ln58_33778_fu_5039_p2   |         +|   0|  0|   14|           7|           7|
    |add_ln58_33779_fu_5045_p2   |         +|   0|  0|   13|           6|           6|
    |add_ln58_33780_fu_1662_p2   |         +|   0|  0|   12|           5|           5|
    |add_ln58_33781_fu_5058_p2   |         +|   0|  0|   13|           6|           6|
    |add_ln58_33782_fu_5068_p2   |         +|   0|  0|   14|           7|           7|
    |add_ln58_33783_fu_8914_p2   |         +|   0|  0|   15|           8|           8|
    |add_ln58_33784_fu_8924_p2   |         +|   0|  0|   18|           9|           9|
    |add_ln58_33785_fu_8933_p2   |         +|   0|  0|   19|           8|           8|
    |add_ln58_33786_fu_8939_p2   |         +|   0|  0|   19|           8|           8|
    |add_ln58_33787_fu_8949_p2   |         +|   0|  0|   16|           7|           7|
    |add_ln58_33788_fu_8955_p2   |         +|   0|  0|   16|           7|           7|
    |add_ln58_33789_fu_8965_p2   |         +|   0|  0|   18|           9|           9|
    |add_ln58_33790_fu_5074_p2   |         +|   0|  0|   13|           6|           6|
    |add_ln58_33791_fu_5093_p2   |         +|   0|  0|   14|           7|           7|
    |add_ln58_33792_fu_1668_p2   |         +|   0|  0|   12|           5|           5|
    |add_ln58_33793_fu_5102_p2   |         +|   0|  0|   13|           6|           6|
    |add_ln58_33794_fu_5112_p2   |         +|   0|  0|   14|           7|           7|
    |add_ln58_33795_fu_8977_p2   |         +|   0|  0|   15|           8|           8|
    |add_ln58_33796_fu_8987_p2   |         +|   0|  0|   18|           9|           9|
    |add_ln58_33797_fu_8996_p2   |         +|   0|  0|   19|           8|           8|
    |add_ln58_33798_fu_9002_p2   |         +|   0|  0|   19|           8|           8|
    |add_ln58_33799_fu_5118_p2   |         +|   0|  0|   13|           6|           6|
    |add_ln58_33800_fu_5124_p2   |         +|   0|  0|   13|           6|           6|
    |add_ln58_33801_fu_9018_p2   |         +|   0|  0|   14|           7|           7|
    |add_ln58_33802_fu_9028_p2   |         +|   0|  0|   18|           9|           9|
    |add_ln58_33803_fu_5141_p2   |         +|   0|  0|   14|           7|           7|
    |add_ln58_33804_fu_5147_p2   |         +|   0|  0|   13|           6|           6|
    |add_ln58_33805_fu_5157_p2   |         +|   0|  0|   13|           6|           6|
    |add_ln58_33806_fu_5167_p2   |         +|   0|  0|   14|           7|           7|
    |add_ln58_33807_fu_9040_p2   |         +|   0|  0|   15|           8|           8|
    |add_ln58_33808_fu_9050_p2   |         +|   0|  0|   18|           9|           9|
    |add_ln58_33809_fu_5173_p2   |         +|   0|  0|   14|           7|           7|
    |add_ln58_33810_fu_5178_p2   |         +|   0|  0|   13|           6|           6|
    |add_ln58_33811_fu_9062_p2   |         +|   0|  0|   15|           8|           8|
    |add_ln58_33812_fu_5190_p2   |         +|   0|  0|   13|           6|           6|
    |add_ln58_33813_fu_9075_p2   |         +|   0|  0|   14|           7|           7|
    |add_ln58_33814_fu_9084_p2   |         +|   0|  0|   18|           9|           9|
    |add_ln58_33815_fu_1686_p2   |         +|   0|  0|   12|           5|           5|
    |add_ln58_33816_fu_5208_p2   |         +|   0|  0|   13|           6|           6|
    |add_ln58_33817_fu_5218_p2   |         +|   0|  0|   14|           7|           7|
    |add_ln58_33818_fu_5224_p2   |         +|   0|  0|   13|           6|           6|
    |add_ln58_33819_fu_5233_p2   |         +|   0|  0|   13|           6|           6|
    |add_ln58_33820_fu_5243_p2   |         +|   0|  0|   14|           7|           7|
    |add_ln58_33821_fu_9096_p2   |         +|   0|  0|   15|           8|           8|
    |add_ln58_33822_fu_9106_p2   |         +|   0|  0|   18|           9|           9|
    |add_ln58_33823_fu_9112_p2   |         +|   0|  0|   19|           8|           8|
    |add_ln58_33824_fu_9120_p2   |         +|   0|  0|   19|           8|           8|
    |add_ln58_33825_fu_5249_p2   |         +|   0|  0|   13|           6|           6|
    |add_ln58_33826_fu_1692_p2   |         +|   0|  0|   12|           5|           5|
    |add_ln58_33827_fu_5261_p2   |         +|   0|  0|   13|           6|           6|
    |add_ln58_33828_fu_5271_p2   |         +|   0|  0|   14|           7|           7|
    |add_ln58_33829_fu_9133_p2   |         +|   0|  0|   18|           9|           9|
    |add_ln58_33830_fu_1698_p2   |         +|   0|  0|   12|           5|           5|
    |add_ln58_33831_fu_5283_p2   |         +|   0|  0|   13|           6|           6|
    |add_ln58_33832_fu_5293_p2   |         +|   0|  0|   14|           7|           7|
    |add_ln58_33833_fu_5299_p2   |         +|   0|  0|   13|           6|           6|
    |add_ln58_33834_fu_5309_p2   |         +|   0|  0|   13|           6|           6|
    |add_ln58_33835_fu_5318_p2   |         +|   0|  0|   14|           7|           7|
    |add_ln58_33836_fu_9145_p2   |         +|   0|  0|   15|           8|           8|
    |add_ln58_33837_fu_9155_p2   |         +|   0|  0|   18|           9|           9|
    |add_ln58_33838_fu_9164_p2   |         +|   0|  0|   19|           8|           8|
    |add_ln58_33839_fu_9170_p2   |         +|   0|  0|   19|           8|           8|
    |add_ln58_33840_fu_5329_p2   |         +|   0|  0|   13|           6|           6|
    |add_ln58_33841_fu_9183_p2   |         +|   0|  0|   14|           7|           7|
    |add_ln58_33842_fu_9193_p2   |         +|   0|  0|   18|           9|           9|
    |add_ln58_33843_fu_5335_p2   |         +|   0|  0|   13|           6|           6|
    |add_ln58_33844_fu_5344_p2   |         +|   0|  0|   14|           7|           7|
    |add_ln58_33845_fu_5350_p2   |         +|   0|  0|   14|           7|           7|
    |add_ln58_33846_fu_9205_p2   |         +|   0|  0|   15|           8|           8|
    |add_ln58_33847_fu_9215_p2   |         +|   0|  0|   18|           9|           9|
    |add_ln58_33848_fu_5365_p2   |         +|   0|  0|   14|           7|           7|
    |add_ln58_33849_fu_5371_p2   |         +|   0|  0|   13|           6|           6|
    |add_ln58_33850_fu_9227_p2   |         +|   0|  0|   15|           8|           8|
    |add_ln58_33851_fu_9240_p2   |         +|   0|  0|   16|           7|           7|
    |add_ln58_33852_fu_9245_p2   |         +|   0|  0|   16|           7|           7|
    |add_ln58_33853_fu_9255_p2   |         +|   0|  0|   18|           9|           9|
    |add_ln58_33854_fu_5377_p2   |         +|   0|  0|   13|           6|           6|
    |add_ln58_33855_fu_5387_p2   |         +|   0|  0|   14|           7|           7|
    |add_ln58_33856_fu_5393_p2   |         +|   0|  0|   13|           6|           6|
    |add_ln58_33857_fu_5403_p2   |         +|   0|  0|   13|           6|           6|
    |add_ln58_33858_fu_5413_p2   |         +|   0|  0|   14|           7|           7|
    |add_ln58_33859_fu_9267_p2   |         +|   0|  0|   15|           8|           8|
    |add_ln58_33860_fu_9277_p2   |         +|   0|  0|   18|           9|           9|
    |add_ln58_33861_fu_5419_p2   |         +|   0|  0|   14|           7|           7|
    |add_ln58_33862_fu_5435_p2   |         +|   0|  0|   14|           7|           7|
    |add_ln58_33863_fu_9289_p2   |         +|   0|  0|   15|           8|           8|
    |add_ln58_33864_fu_5441_p2   |         +|   0|  0|   13|           6|           6|
    |add_ln58_33865_fu_9302_p2   |         +|   0|  0|   16|           7|           7|
    |add_ln58_33866_fu_9308_p2   |         +|   0|  0|   16|           7|           7|
    |add_ln58_33867_fu_9318_p2   |         +|   0|  0|   18|           9|           9|
    |add_ln58_33868_fu_1710_p2   |         +|   0|  0|   12|           5|           5|
    |add_ln58_33869_fu_5462_p2   |         +|   0|  0|   13|           6|           6|
    |add_ln58_33870_fu_5472_p2   |         +|   0|  0|   14|           7|           7|
    |add_ln58_33871_fu_1715_p2   |         +|   0|  0|   12|           5|           5|
    |add_ln58_33872_fu_5481_p2   |         +|   0|  0|   13|           6|           6|
    |add_ln58_33873_fu_5491_p2   |         +|   0|  0|   14|           7|           7|
    |add_ln58_33874_fu_9330_p2   |         +|   0|  0|   15|           8|           8|
    |add_ln58_33875_fu_9340_p2   |         +|   0|  0|   18|           9|           9|
    |add_ln58_33876_fu_9349_p2   |         +|   0|  0|   19|           8|           8|
    |add_ln58_33877_fu_5497_p2   |         +|   0|  0|   13|           6|           6|
    |add_ln58_33878_fu_9358_p2   |         +|   0|  0|   19|           8|           8|
    |add_ln58_33879_fu_5503_p2   |         +|   0|  0|   13|           6|           6|
    |add_ln58_33880_fu_9371_p2   |         +|   0|  0|   14|           7|           7|
    |add_ln58_33881_fu_9381_p2   |         +|   0|  0|   18|           9|           9|
    |add_ln58_33882_fu_5508_p2   |         +|   0|  0|   13|           6|           6|
    |add_ln58_33883_fu_5518_p2   |         +|   0|  0|   13|           6|           6|
    |add_ln58_33884_fu_5528_p2   |         +|   0|  0|   14|           7|           7|
    |add_ln58_33885_fu_5534_p2   |         +|   0|  0|   13|           6|           6|
    |add_ln58_33886_fu_5544_p2   |         +|   0|  0|   13|           6|           6|
    |add_ln58_33887_fu_5554_p2   |         +|   0|  0|   14|           7|           7|
    |add_ln58_33888_fu_9393_p2   |         +|   0|  0|   15|           8|           8|
    |add_ln58_33889_fu_9403_p2   |         +|   0|  0|   18|           9|           9|
    |add_ln58_33890_fu_9409_p2   |         +|   0|  0|   19|           8|           8|
    |add_ln58_33891_fu_5560_p2   |         +|   0|  0|   13|           6|           6|
    |add_ln58_33892_fu_9418_p2   |         +|   0|  0|   19|           8|           8|
    |add_ln58_33893_fu_9428_p2   |         +|   0|  0|   14|           7|           7|
    |add_ln58_33894_fu_9438_p2   |         +|   0|  0|   18|           9|           9|
    |add_ln58_33895_fu_5566_p2   |         +|   0|  0|   13|           6|           6|
    |add_ln58_33896_fu_5587_p2   |         +|   0|  0|   14|           7|           7|
    |add_ln58_33897_fu_5593_p2   |         +|   0|  0|   13|           6|           6|
    |add_ln58_33898_fu_5603_p2   |         +|   0|  0|   13|           6|           6|
    |add_ln58_33899_fu_5613_p2   |         +|   0|  0|   14|           7|           7|
    |add_ln58_33900_fu_9450_p2   |         +|   0|  0|   15|           8|           8|
    |add_ln58_33901_fu_9460_p2   |         +|   0|  0|   18|           9|           9|
    |add_ln58_33902_fu_9466_p2   |         +|   0|  0|   19|           8|           8|
    |add_ln58_33903_fu_5625_p2   |         +|   0|  0|   13|           6|           6|
    |add_ln58_33904_fu_9474_p2   |         +|   0|  0|   19|           8|           8|
    |add_ln58_33905_fu_5631_p2   |         +|   0|  0|   13|           6|           6|
    |add_ln58_33906_fu_5637_p2   |         +|   0|  0|   13|           6|           6|
    |add_ln58_33907_fu_9490_p2   |         +|   0|  0|   14|           7|           7|
    |add_ln58_33908_fu_9500_p2   |         +|   0|  0|   18|           9|           9|
    |add_ln58_33909_fu_5660_p2   |         +|   0|  0|   14|           7|           7|
    |add_ln58_33910_fu_5666_p2   |         +|   0|  0|   13|           6|           6|
    |add_ln58_33911_fu_5676_p2   |         +|   0|  0|   13|           6|           6|
    |add_ln58_33912_fu_5686_p2   |         +|   0|  0|   14|           7|           7|
    |add_ln58_33913_fu_9512_p2   |         +|   0|  0|   15|           8|           8|
    |add_ln58_33914_fu_9522_p2   |         +|   0|  0|   18|           9|           9|
    |add_ln58_33915_fu_5702_p2   |         +|   0|  0|   14|           7|           7|
    |add_ln58_33916_fu_5713_p2   |         +|   0|  0|   13|           6|           6|
    |add_ln58_33917_fu_9534_p2   |         +|   0|  0|   15|           8|           8|
    |add_ln58_33918_fu_5719_p2   |         +|   0|  0|   13|           6|           6|
    |add_ln58_33919_fu_5729_p2   |         +|   0|  0|   14|           7|           7|
    |add_ln58_33920_fu_9547_p2   |         +|   0|  0|   18|           9|           9|
    |add_ln58_33921_fu_5735_p2   |         +|   0|  0|   13|           6|           6|
    |add_ln58_33922_fu_5745_p2   |         +|   0|  0|   14|           7|           7|
    |add_ln58_33923_fu_9556_p2   |         +|   0|  0|   15|           8|           8|
    |add_ln58_33924_fu_9566_p2   |         +|   0|  0|   18|           9|           9|
    |add_ln58_33925_fu_5751_p2   |         +|   0|  0|   14|           7|           7|
    |add_ln58_33926_fu_5763_p2   |         +|   0|  0|   13|           6|           6|
    |add_ln58_33927_fu_9578_p2   |         +|   0|  0|   15|           8|           8|
    |add_ln58_33928_fu_5768_p2   |         +|   0|  0|   13|           6|           6|
    |add_ln58_33929_fu_9594_p2   |         +|   0|  0|   16|           7|           7|
    |add_ln58_33930_fu_9600_p2   |         +|   0|  0|   16|           7|           7|
    |add_ln58_33931_fu_9610_p2   |         +|   0|  0|   18|           9|           9|
    |add_ln58_33932_fu_5784_p2   |         +|   0|  0|   13|           6|           6|
    |add_ln58_33933_fu_5794_p2   |         +|   0|  0|   14|           7|           7|
    |add_ln58_33934_fu_5800_p2   |         +|   0|  0|   13|           6|           6|
    |add_ln58_33935_fu_5810_p2   |         +|   0|  0|   13|           6|           6|
    |add_ln58_33936_fu_5820_p2   |         +|   0|  0|   14|           7|           7|
    |add_ln58_33937_fu_9622_p2   |         +|   0|  0|   15|           8|           8|
    |add_ln58_33938_fu_9632_p2   |         +|   0|  0|   18|           9|           9|
    |add_ln58_33939_fu_5826_p2   |         +|   0|  0|   14|           7|           7|
    |add_ln58_33940_fu_5831_p2   |         +|   0|  0|   14|           7|           7|
    |add_ln58_33941_fu_9644_p2   |         +|   0|  0|   15|           8|           8|
    |add_ln58_33942_fu_5837_p2   |         +|   0|  0|   13|           6|           6|
    |add_ln58_33943_fu_9657_p2   |         +|   0|  0|   16|           7|           7|
    |add_ln58_33944_fu_9662_p2   |         +|   0|  0|   16|           7|           7|
    |add_ln58_33945_fu_9672_p2   |         +|   0|  0|   18|           9|           9|
    |add_ln58_33946_fu_5843_p2   |         +|   0|  0|   13|           6|           6|
    |add_ln58_33947_fu_5852_p2   |         +|   0|  0|   14|           7|           7|
    |add_ln58_33948_fu_1727_p2   |         +|   0|  0|   12|           5|           5|
    |add_ln58_33949_fu_5861_p2   |         +|   0|  0|   13|           6|           6|
    |add_ln58_33950_fu_5871_p2   |         +|   0|  0|   13|           6|           6|
    |add_ln58_33951_fu_5881_p2   |         +|   0|  0|   14|           7|           7|
    |add_ln58_33952_fu_9684_p2   |         +|   0|  0|   15|           8|           8|
    |add_ln58_33953_fu_9694_p2   |         +|   0|  0|   18|           9|           9|
    |add_ln58_33954_fu_5887_p2   |         +|   0|  0|   14|           7|           7|
    |add_ln58_33955_fu_5892_p2   |         +|   0|  0|   14|           7|           7|
    |add_ln58_33956_fu_9706_p2   |         +|   0|  0|   15|           8|           8|
    |add_ln58_33957_fu_5898_p2   |         +|   0|  0|   13|           6|           6|
    |add_ln58_33958_fu_9719_p2   |         +|   0|  0|   16|           7|           7|
    |add_ln58_33959_fu_9725_p2   |         +|   0|  0|   16|           7|           7|
    |add_ln58_33960_fu_9735_p2   |         +|   0|  0|   18|           9|           9|
    |add_ln58_33961_fu_5904_p2   |         +|   0|  0|   13|           6|           6|
    |add_ln58_33962_fu_1733_p2   |         +|   0|  0|   12|           5|           5|
    |add_ln58_33963_fu_5915_p2   |         +|   0|  0|   13|           6|           6|
    |add_ln58_33964_fu_5925_p2   |         +|   0|  0|   14|           7|           7|
    |add_ln58_33965_fu_1739_p2   |         +|   0|  0|   12|           5|           5|
    |add_ln58_33966_fu_5934_p2   |         +|   0|  0|   13|           6|           6|
    |add_ln58_33967_fu_5943_p2   |         +|   0|  0|   14|           7|           7|
    |add_ln58_33968_fu_9747_p2   |         +|   0|  0|   15|           8|           8|
    |add_ln58_33969_fu_9757_p2   |         +|   0|  0|   18|           9|           9|
    |add_ln58_33970_fu_5949_p2   |         +|   0|  0|   14|           7|           7|
    |add_ln58_33971_fu_9766_p2   |         +|   0|  0|   15|           8|           8|
    |add_ln58_33972_fu_9776_p2   |         +|   0|  0|   16|           7|           7|
    |add_ln58_33973_fu_9781_p2   |         +|   0|  0|   16|           7|           7|
    |add_ln58_33974_fu_9790_p2   |         +|   0|  0|   18|           9|           9|
    |add_ln58_33975_fu_5964_p2   |         +|   0|  0|   13|           6|           6|
    |add_ln58_33976_fu_5974_p2   |         +|   0|  0|   14|           7|           7|
    |add_ln58_33977_fu_5980_p2   |         +|   0|  0|   13|           6|           6|
    |add_ln58_33978_fu_5990_p2   |         +|   0|  0|   13|           6|           6|
    |add_ln58_33979_fu_6000_p2   |         +|   0|  0|   14|           7|           7|
    |add_ln58_33980_fu_9802_p2   |         +|   0|  0|   15|           8|           8|
    |add_ln58_33981_fu_9812_p2   |         +|   0|  0|   18|           9|           9|
    |add_ln58_33982_fu_6006_p2   |         +|   0|  0|   14|           7|           7|
    |add_ln58_33983_fu_9821_p2   |         +|   0|  0|   15|           8|           8|
    |add_ln58_33984_fu_9834_p2   |         +|   0|  0|   16|           7|           7|
    |add_ln58_33985_fu_9840_p2   |         +|   0|  0|   16|           7|           7|
    |add_ln58_33986_fu_9850_p2   |         +|   0|  0|   18|           9|           9|
    |add_ln58_33987_fu_1745_p2   |         +|   0|  0|   12|           5|           5|
    |add_ln58_33988_fu_1755_p2   |         +|   0|  0|   12|           5|           5|
    |add_ln58_33989_fu_1765_p2   |         +|   0|  0|   13|           6|           6|
    |add_ln58_33990_fu_6030_p2   |         +|   0|  0|   14|           7|           7|
    |add_ln58_33991_fu_6036_p2   |         +|   0|  0|   13|           6|           6|
    |add_ln58_33992_fu_1771_p2   |         +|   0|  0|   12|           5|           5|
    |add_ln58_33993_fu_6049_p2   |         +|   0|  0|   13|           6|           6|
    |add_ln58_33994_fu_6059_p2   |         +|   0|  0|   14|           7|           7|
    |add_ln58_33995_fu_9862_p2   |         +|   0|  0|   15|           8|           8|
    |add_ln58_33996_fu_9872_p2   |         +|   0|  0|   18|           9|           9|
    |add_ln58_33997_fu_9878_p2   |         +|   0|  0|   19|           8|           8|
    |add_ln58_33998_fu_6065_p2   |         +|   0|  0|   13|           6|           6|
    |add_ln58_33999_fu_9887_p2   |         +|   0|  0|   19|           8|           8|
    |add_ln58_34000_fu_6071_p2   |         +|   0|  0|   13|           6|           6|
    |add_ln58_34001_fu_9900_p2   |         +|   0|  0|   16|           7|           7|
    |add_ln58_34002_fu_9904_p2   |         +|   0|  0|   16|           7|           7|
    |add_ln58_34003_fu_9914_p2   |         +|   0|  0|   18|           9|           9|
    |add_ln58_34004_fu_6089_p2   |         +|   0|  0|   13|           6|           6|
    |add_ln58_34005_fu_6099_p2   |         +|   0|  0|   14|           7|           7|
    |add_ln58_34006_fu_6105_p2   |         +|   0|  0|   13|           6|           6|
    |add_ln58_34007_fu_6115_p2   |         +|   0|  0|   13|           6|           6|
    |add_ln58_34008_fu_6125_p2   |         +|   0|  0|   14|           7|           7|
    |add_ln58_34009_fu_9926_p2   |         +|   0|  0|   15|           8|           8|
    |add_ln58_34010_fu_9936_p2   |         +|   0|  0|   18|           9|           9|
    |add_ln58_34011_fu_6131_p2   |         +|   0|  0|   14|           7|           7|
    |add_ln58_34012_fu_6143_p2   |         +|   0|  0|   13|           6|           6|
    |add_ln58_34013_fu_9948_p2   |         +|   0|  0|   15|           8|           8|
    |add_ln58_34014_fu_6153_p2   |         +|   0|  0|   13|           6|           6|
    |add_ln58_34015_fu_6158_p2   |         +|   0|  0|   13|           6|           6|
    |add_ln58_34016_fu_9964_p2   |         +|   0|  0|   14|           7|           7|
    |add_ln58_34017_fu_9974_p2   |         +|   0|  0|   18|           9|           9|
    |add_ln58_34018_fu_6163_p2   |         +|   0|  0|   13|           6|           6|
    |add_ln58_34019_fu_6173_p2   |         +|   0|  0|   13|           6|           6|
    |add_ln58_34020_fu_6183_p2   |         +|   0|  0|   14|           7|           7|
    |add_ln58_34021_fu_6189_p2   |         +|   0|  0|   13|           6|           6|
    |add_ln58_34022_fu_6199_p2   |         +|   0|  0|   13|           6|           6|
    |add_ln58_34023_fu_6209_p2   |         +|   0|  0|   14|           7|           7|
    |add_ln58_34024_fu_9986_p2   |         +|   0|  0|   15|           8|           8|
    |add_ln58_34025_fu_9996_p2   |         +|   0|  0|   18|           9|           9|
    |add_ln58_34026_fu_10002_p2  |         +|   0|  0|   19|           8|           8|
    |add_ln58_34027_fu_6215_p2   |         +|   0|  0|   13|           6|           6|
    |add_ln58_34028_fu_10011_p2  |         +|   0|  0|   19|           8|           8|
    |add_ln58_34029_fu_10021_p2  |         +|   0|  0|   16|           7|           7|
    |add_ln58_34030_fu_10027_p2  |         +|   0|  0|   16|           7|           7|
    |add_ln58_34031_fu_10036_p2  |         +|   0|  0|   18|           9|           9|
    |add_ln58_34032_fu_6229_p2   |         +|   0|  0|   13|           6|           6|
    |add_ln58_34033_fu_6239_p2   |         +|   0|  0|   14|           7|           7|
    |add_ln58_34034_fu_6245_p2   |         +|   0|  0|   13|           6|           6|
    |add_ln58_34035_fu_1783_p2   |         +|   0|  0|   12|           5|           5|
    |add_ln58_34036_fu_6258_p2   |         +|   0|  0|   13|           6|           6|
    |add_ln58_34037_fu_6268_p2   |         +|   0|  0|   14|           7|           7|
    |add_ln58_34038_fu_10048_p2  |         +|   0|  0|   15|           8|           8|
    |add_ln58_34039_fu_10058_p2  |         +|   0|  0|   18|           9|           9|
    |add_ln58_34040_fu_10067_p2  |         +|   0|  0|   19|           8|           8|
    |add_ln58_34041_fu_10072_p2  |         +|   0|  0|   19|           8|           8|
    |add_ln58_34042_fu_6280_p2   |         +|   0|  0|   13|           6|           6|
    |add_ln58_34043_fu_10085_p2  |         +|   0|  0|   14|           7|           7|
    |add_ln58_34044_fu_10094_p2  |         +|   0|  0|   18|           9|           9|
    |add_ln58_34045_fu_6285_p2   |         +|   0|  0|   13|           6|           6|
    |add_ln58_34046_fu_1789_p2   |         +|   0|  0|   12|           5|           5|
    |add_ln58_34047_fu_6296_p2   |         +|   0|  0|   13|           6|           6|
    |add_ln58_34048_fu_6306_p2   |         +|   0|  0|   14|           7|           7|
    |add_ln58_34049_fu_6312_p2   |         +|   0|  0|   13|           6|           6|
    |add_ln58_34050_fu_6321_p2   |         +|   0|  0|   13|           6|           6|
    |add_ln58_34051_fu_6331_p2   |         +|   0|  0|   14|           7|           7|
    |add_ln58_34052_fu_10106_p2  |         +|   0|  0|   15|           8|           8|
    |add_ln58_34053_fu_10116_p2  |         +|   0|  0|   18|           9|           9|
    |add_ln58_34054_fu_6337_p2   |         +|   0|  0|   14|           7|           7|
    |add_ln58_34055_fu_10125_p2  |         +|   0|  0|   15|           8|           8|
    |add_ln58_34056_fu_10138_p2  |         +|   0|  0|   16|           7|           7|
    |add_ln58_34057_fu_10144_p2  |         +|   0|  0|   16|           7|           7|
    |add_ln58_34058_fu_10154_p2  |         +|   0|  0|   18|           9|           9|
    |add_ln58_34059_fu_6347_p2   |         +|   0|  0|   13|           6|           6|
    |add_ln58_34060_fu_6357_p2   |         +|   0|  0|   13|           6|           6|
    |add_ln58_34061_fu_6366_p2   |         +|   0|  0|   14|           7|           7|
    |add_ln58_34062_fu_1795_p2   |         +|   0|  0|   12|           5|           5|
    |add_ln58_34063_fu_6375_p2   |         +|   0|  0|   13|           6|           6|
    |add_ln58_34064_fu_6385_p2   |         +|   0|  0|   13|           6|           6|
    |add_ln58_34065_fu_6395_p2   |         +|   0|  0|   14|           7|           7|
    |add_ln58_34066_fu_10166_p2  |         +|   0|  0|   15|           8|           8|
    |add_ln58_34067_fu_10176_p2  |         +|   0|  0|   18|           9|           9|
    |add_ln58_34068_fu_10182_p2  |         +|   0|  0|   19|           8|           8|
    |add_ln58_34069_fu_10187_p2  |         +|   0|  0|   19|           8|           8|
    |add_ln58_34070_fu_10197_p2  |         +|   0|  0|   14|           7|           7|
    |add_ln58_34071_fu_10207_p2  |         +|   0|  0|   18|           9|           9|
    |add_ln58_34072_fu_6410_p2   |         +|   0|  0|   14|           7|           7|
    |add_ln58_34073_fu_6416_p2   |         +|   0|  0|   13|           6|           6|
    |add_ln58_34074_fu_6426_p2   |         +|   0|  0|   14|           7|           7|
    |add_ln58_34075_fu_10219_p2  |         +|   0|  0|   15|           8|           8|
    |add_ln58_34076_fu_10229_p2  |         +|   0|  0|   18|           9|           9|
    |add_ln58_34077_fu_6432_p2   |         +|   0|  0|   14|           7|           7|
    |add_ln58_34078_fu_10238_p2  |         +|   0|  0|   15|           8|           8|
    |add_ln58_34079_fu_10254_p2  |         +|   0|  0|   16|           7|           7|
    |add_ln58_34080_fu_10260_p2  |         +|   0|  0|   16|           7|           7|
    |add_ln58_34081_fu_10270_p2  |         +|   0|  0|   18|           9|           9|
    |add_ln58_34082_fu_6443_p2   |         +|   0|  0|   13|           6|           6|
    |add_ln58_34083_fu_1801_p2   |         +|   0|  0|   12|           5|           5|
    |add_ln58_34084_fu_6455_p2   |         +|   0|  0|   13|           6|           6|
    |add_ln58_34085_fu_6464_p2   |         +|   0|  0|   14|           7|           7|
    |add_ln58_34086_fu_6470_p2   |         +|   0|  0|   13|           6|           6|
    |add_ln58_34087_fu_6480_p2   |         +|   0|  0|   14|           7|           7|
    |add_ln58_34088_fu_10282_p2  |         +|   0|  0|   15|           8|           8|
    |add_ln58_34089_fu_10292_p2  |         +|   0|  0|   18|           9|           9|
    |add_ln58_34090_fu_10298_p2  |         +|   0|  0|   19|           8|           8|
    |add_ln58_34091_fu_10304_p2  |         +|   0|  0|   19|           8|           8|
    |add_ln58_34092_fu_6486_p2   |         +|   0|  0|   13|           6|           6|
    |add_ln58_34093_fu_10317_p2  |         +|   0|  0|   14|           7|           7|
    |add_ln58_34094_fu_10327_p2  |         +|   0|  0|   18|           9|           9|
    |add_ln58_34095_fu_6492_p2   |         +|   0|  0|   13|           6|           6|
    |add_ln58_34096_fu_6502_p2   |         +|   0|  0|   13|           6|           6|
    |add_ln58_34097_fu_6511_p2   |         +|   0|  0|   14|           7|           7|
    |add_ln58_34098_fu_6517_p2   |         +|   0|  0|   14|           7|           7|
    |add_ln58_34099_fu_10339_p2  |         +|   0|  0|   15|           8|           8|
    |add_ln58_34100_fu_10349_p2  |         +|   0|  0|   18|           9|           9|
    |add_ln58_34101_fu_10355_p2  |         +|   0|  0|   19|           8|           8|
    |add_ln58_34102_fu_10361_p2  |         +|   0|  0|   19|           8|           8|
    |add_ln58_34103_fu_6529_p2   |         +|   0|  0|   13|           6|           6|
    |add_ln58_34104_fu_1806_p2   |         +|   0|  0|   12|           5|           5|
    |add_ln58_34105_fu_10377_p2  |         +|   0|  0|   14|           7|           7|
    |add_ln58_34106_fu_10387_p2  |         +|   0|  0|   18|           9|           9|
    |add_ln58_34107_fu_6544_p2   |         +|   0|  0|   14|           7|           7|
    |add_ln58_34108_fu_6550_p2   |         +|   0|  0|   14|           7|           7|
    |add_ln58_34109_fu_10399_p2  |         +|   0|  0|   15|           8|           8|
    |add_ln58_34110_fu_10409_p2  |         +|   0|  0|   18|           9|           9|
    |add_ln58_34111_fu_10415_p2  |         +|   0|  0|   19|           8|           8|
    |add_ln58_34112_fu_10420_p2  |         +|   0|  0|   19|           8|           8|
    |add_ln58_34113_fu_6556_p2   |         +|   0|  0|   13|           6|           6|
    |add_ln58_34114_fu_10433_p2  |         +|   0|  0|   14|           7|           7|
    |add_ln58_34115_fu_10443_p2  |         +|   0|  0|   18|           9|           9|
    |add_ln58_34116_fu_1812_p2   |         +|   0|  0|   12|           5|           5|
    |add_ln58_34117_fu_6565_p2   |         +|   0|  0|   13|           6|           6|
    |add_ln58_34118_fu_6575_p2   |         +|   0|  0|   14|           7|           7|
    |add_ln58_34119_fu_6581_p2   |         +|   0|  0|   13|           6|           6|
    |add_ln58_34120_fu_6590_p2   |         +|   0|  0|   14|           7|           7|
    |add_ln58_34121_fu_10455_p2  |         +|   0|  0|   15|           8|           8|
    |add_ln58_34122_fu_10465_p2  |         +|   0|  0|   18|           9|           9|
    |add_ln58_34123_fu_6596_p2   |         +|   0|  0|   14|           7|           7|
    |add_ln58_34124_fu_6609_p2   |         +|   0|  0|   14|           7|           7|
    |add_ln58_34125_fu_10477_p2  |         +|   0|  0|   15|           8|           8|
    |add_ln58_34126_fu_6615_p2   |         +|   0|  0|   13|           6|           6|
    |add_ln58_34127_fu_6624_p2   |         +|   0|  0|   13|           6|           6|
    |add_ln58_34128_fu_10493_p2  |         +|   0|  0|   14|           7|           7|
    |add_ln58_34129_fu_10503_p2  |         +|   0|  0|   18|           9|           9|
    |add_ln58_34130_fu_6630_p2   |         +|   0|  0|   13|           6|           6|
    |add_ln58_34131_fu_6639_p2   |         +|   0|  0|   13|           6|           6|
    |add_ln58_34132_fu_6649_p2   |         +|   0|  0|   14|           7|           7|
    |add_ln58_34133_fu_6655_p2   |         +|   0|  0|   13|           6|           6|
    |add_ln58_34134_fu_6665_p2   |         +|   0|  0|   13|           6|           6|
    |add_ln58_34135_fu_6675_p2   |         +|   0|  0|   14|           7|           7|
    |add_ln58_34136_fu_10515_p2  |         +|   0|  0|   15|           8|           8|
    |add_ln58_34137_fu_10525_p2  |         +|   0|  0|   18|           9|           9|
    |add_ln58_34138_fu_6690_p2   |         +|   0|  0|   14|           7|           7|
    |add_ln58_34139_fu_6696_p2   |         +|   0|  0|   13|           6|           6|
    |add_ln58_34140_fu_10537_p2  |         +|   0|  0|   15|           8|           8|
    |add_ln58_34141_fu_6702_p2   |         +|   0|  0|   13|           6|           6|
    |add_ln58_34142_fu_6708_p2   |         +|   0|  0|   13|           6|           6|
    |add_ln58_34143_fu_10553_p2  |         +|   0|  0|   14|           7|           7|
    |add_ln58_34144_fu_10563_p2  |         +|   0|  0|   18|           9|           9|
    |add_ln58_34145_fu_6714_p2   |         +|   0|  0|   13|           6|           6|
    |add_ln58_34146_fu_6724_p2   |         +|   0|  0|   14|           7|           7|
    |add_ln58_34147_fu_6730_p2   |         +|   0|  0|   13|           6|           6|
    |add_ln58_34148_fu_6740_p2   |         +|   0|  0|   14|           7|           7|
    |add_ln58_34149_fu_10575_p2  |         +|   0|  0|   15|           8|           8|
    |add_ln58_34150_fu_10585_p2  |         +|   0|  0|   18|           9|           9|
    |add_ln58_34151_fu_6746_p2   |         +|   0|  0|   14|           7|           7|
    |add_ln58_34152_fu_6752_p2   |         +|   0|  0|   13|           6|           6|
    |add_ln58_34153_fu_10597_p2  |         +|   0|  0|   15|           8|           8|
    |add_ln58_34154_fu_6757_p2   |         +|   0|  0|   13|           6|           6|
    |add_ln58_34155_fu_10610_p2  |         +|   0|  0|   16|           7|           7|
    |add_ln58_34156_fu_10616_p2  |         +|   0|  0|   16|           7|           7|
    |add_ln58_34157_fu_10626_p2  |         +|   0|  0|   18|           9|           9|
    |add_ln58_34158_fu_6763_p2   |         +|   0|  0|   13|           6|           6|
    |add_ln58_34159_fu_1824_p2   |         +|   0|  0|   12|           5|           5|
    |add_ln58_34160_fu_6775_p2   |         +|   0|  0|   13|           6|           6|
    |add_ln58_34161_fu_6784_p2   |         +|   0|  0|   14|           7|           7|
    |add_ln58_34162_fu_6790_p2   |         +|   0|  0|   13|           6|           6|
    |add_ln58_34163_fu_6800_p2   |         +|   0|  0|   14|           7|           7|
    |add_ln58_34164_fu_10638_p2  |         +|   0|  0|   15|           8|           8|
    |add_ln58_34165_fu_10648_p2  |         +|   0|  0|   18|           9|           9|
    |add_ln58_34166_fu_6806_p2   |         +|   0|  0|   14|           7|           7|
    |add_ln58_34167_fu_6812_p2   |         +|   0|  0|   13|           6|           6|
    |add_ln58_34168_fu_10660_p2  |         +|   0|  0|   15|           8|           8|
    |add_ln58_34169_fu_6817_p2   |         +|   0|  0|   13|           6|           6|
    |add_ln58_34170_fu_6829_p2   |         +|   0|  0|   16|           7|           7|
    |add_ln58_34171_fu_6835_p2   |         +|   0|  0|   16|           7|           7|
    |add_ln58_34172_fu_10673_p2  |         +|   0|  0|   18|           9|           9|
    |add_ln58_34173_fu_6841_p2   |         +|   0|  0|   13|           6|           6|
    |add_ln58_34174_fu_6851_p2   |         +|   0|  0|   14|           7|           7|
    |add_ln58_34175_fu_6857_p2   |         +|   0|  0|   13|           6|           6|
    |add_ln58_34176_fu_6867_p2   |         +|   0|  0|   14|           7|           7|
    |add_ln58_34177_fu_10685_p2  |         +|   0|  0|   15|           8|           8|
    |add_ln58_34178_fu_10695_p2  |         +|   0|  0|   18|           9|           9|
    |add_ln58_34179_fu_10701_p2  |         +|   0|  0|   19|           8|           8|
    |add_ln58_34180_fu_10707_p2  |         +|   0|  0|   19|           8|           8|
    |add_ln58_34181_fu_6873_p2   |         +|   0|  0|   13|           6|           6|
    |add_ln58_34182_fu_10720_p2  |         +|   0|  0|   14|           7|           7|
    |add_ln58_34183_fu_10730_p2  |         +|   0|  0|   18|           9|           9|
    |add_ln58_34184_fu_1829_p2   |         +|   0|  0|   12|           5|           5|
    |add_ln58_34185_fu_6891_p2   |         +|   0|  0|   14|           7|           7|
    |add_ln58_34186_fu_6897_p2   |         +|   0|  0|   13|           6|           6|
    |add_ln58_34187_fu_6907_p2   |         +|   0|  0|   14|           7|           7|
    |add_ln58_34188_fu_10742_p2  |         +|   0|  0|   15|           8|           8|
    |add_ln58_34189_fu_10752_p2  |         +|   0|  0|   18|           9|           9|
    |add_ln58_fu_316_p2          |         +|   0|  0|   12|           5|           5|
    |sub_ln58_1000_fu_1847_p2    |         -|   0|  0|   14|           7|           7|
    |sub_ln58_1001_fu_795_p2     |         -|   0|  0|   14|           7|           7|
    |sub_ln58_1002_fu_801_p2     |         -|   0|  0|   14|           7|           7|
    |sub_ln58_1003_fu_807_p2     |         -|   0|  0|   13|           6|           6|
    |sub_ln58_1004_fu_819_p2     |         -|   0|  0|   14|           7|           7|
    |sub_ln58_1005_fu_831_p2     |         -|   0|  0|   12|           5|           5|
    |sub_ln58_1006_fu_872_p2     |         -|   0|  0|   12|           5|           5|
    |sub_ln58_1007_fu_891_p2     |         -|   0|  0|   13|           6|           6|
    |sub_ln58_1008_fu_901_p2     |         -|   0|  0|   16|           7|           7|
    |sub_ln58_1009_fu_913_p2     |         -|   0|  0|   16|           7|           7|
    |sub_ln58_1010_fu_919_p2     |         -|   0|  0|   12|           5|           5|
    |sub_ln58_1011_fu_1946_p2    |         -|   0|  0|   16|           7|           7|
    |sub_ln58_1012_fu_934_p2     |         -|   0|  0|   12|           5|           5|
    |sub_ln58_1013_fu_1954_p2    |         -|   0|  0|   13|           6|           6|
    |sub_ln58_1014_fu_940_p2     |         -|   0|  0|   12|           5|           5|
    |sub_ln58_1015_fu_1995_p2    |         -|   0|  0|   13|           6|           6|
    |sub_ln58_1016_fu_2023_p2    |         -|   0|  0|   13|           6|           6|
    |sub_ln58_1017_fu_966_p2     |         -|   0|  0|   13|           6|           6|
    |sub_ln58_1018_fu_975_p2     |         -|   0|  0|   13|           6|           6|
    |sub_ln58_1019_fu_981_p2     |         -|   0|  0|   13|           6|           6|
    |sub_ln58_1020_fu_987_p2     |         -|   0|  0|   12|           5|           5|
    |sub_ln58_1021_fu_2114_p2    |         -|   0|  0|   13|           6|           6|
    |sub_ln58_1022_fu_2210_p2    |         -|   0|  0|   13|           6|           6|
    |sub_ln58_1023_fu_2224_p2    |         -|   0|  0|   13|           6|           6|
    |sub_ln58_1024_fu_2234_p2    |         -|   0|  0|   13|           6|           6|
    |sub_ln58_1025_fu_2250_p2    |         -|   0|  0|   13|           6|           6|
    |sub_ln58_1026_fu_1059_p2    |         -|   0|  0|   13|           6|           6|
    |sub_ln58_1027_fu_1072_p2    |         -|   0|  0|   13|           6|           6|
    |sub_ln58_1028_fu_2362_p2    |         -|   0|  0|   13|           6|           6|
    |sub_ln58_1029_fu_2376_p2    |         -|   0|  0|   13|           6|           6|
    |sub_ln58_1030_fu_2388_p2    |         -|   0|  0|   13|           6|           6|
    |sub_ln58_1031_fu_2398_p2    |         -|   0|  0|   13|           6|           6|
    |sub_ln58_1032_fu_2473_p2    |         -|   0|  0|   13|           6|           6|
    |sub_ln58_1033_fu_2488_p2    |         -|   0|  0|   13|           6|           6|
    |sub_ln58_1034_fu_2499_p2    |         -|   0|  0|   13|           6|           6|
    |sub_ln58_1035_fu_2511_p2    |         -|   0|  0|   13|           6|           6|
    |sub_ln58_1036_fu_2517_p2    |         -|   0|  0|   13|           6|           6|
    |sub_ln58_1037_fu_1155_p2    |         -|   0|  0|   12|           5|           5|
    |sub_ln58_1038_fu_2526_p2    |         -|   0|  0|   13|           6|           6|
    |sub_ln58_1039_fu_2586_p2    |         -|   0|  0|   13|           6|           6|
    |sub_ln58_1040_fu_2600_p2    |         -|   0|  0|   13|           6|           6|
    |sub_ln58_1041_fu_2609_p2    |         -|   0|  0|   13|           6|           6|
    |sub_ln58_1042_fu_1179_p2    |         -|   0|  0|   13|           6|           6|
    |sub_ln58_1043_fu_1189_p2    |         -|   0|  0|   13|           6|           6|
    |sub_ln58_1044_fu_1195_p2    |         -|   0|  0|   12|           5|           5|
    |sub_ln58_1045_fu_2720_p2    |         -|   0|  0|   13|           6|           6|
    |sub_ln58_1046_fu_2732_p2    |         -|   0|  0|   13|           6|           6|
    |sub_ln58_1047_fu_2737_p2    |         -|   0|  0|   13|           6|           6|
    |sub_ln58_1048_fu_1224_p2    |         -|   0|  0|   12|           5|           5|
    |sub_ln58_1049_fu_2805_p2    |         -|   0|  0|   13|           6|           6|
    |sub_ln58_1050_fu_2817_p2    |         -|   0|  0|   13|           6|           6|
    |sub_ln58_1051_fu_2830_p2    |         -|   0|  0|   13|           6|           6|
    |sub_ln58_1052_fu_2882_p2    |         -|   0|  0|   13|           6|           6|
    |sub_ln58_1053_fu_2894_p2    |         -|   0|  0|   13|           6|           6|
    |sub_ln58_1054_fu_2912_p2    |         -|   0|  0|   13|           6|           6|
    |sub_ln58_1055_fu_2971_p2    |         -|   0|  0|   13|           6|           6|
    |sub_ln58_1056_fu_2990_p2    |         -|   0|  0|   13|           6|           6|
    |sub_ln58_1057_fu_3002_p2    |         -|   0|  0|   13|           6|           6|
    |sub_ln58_1058_fu_1280_p2    |         -|   0|  0|   13|           6|           6|
    |sub_ln58_1059_fu_3076_p2    |         -|   0|  0|   13|           6|           6|
    |sub_ln58_1060_fu_3084_p2    |         -|   0|  0|   13|           6|           6|
    |sub_ln58_1061_fu_3100_p2    |         -|   0|  0|   13|           6|           6|
    |sub_ln58_1062_fu_1310_p2    |         -|   0|  0|   13|           6|           6|
    |sub_ln58_1063_fu_3114_p2    |         -|   0|  0|   13|           6|           6|
    |sub_ln58_1064_fu_3178_p2    |         -|   0|  0|   13|           6|           6|
    |sub_ln58_1065_fu_3184_p2    |         -|   0|  0|   13|           6|           6|
    |sub_ln58_1066_fu_3202_p2    |         -|   0|  0|   13|           6|           6|
    |sub_ln58_1067_fu_1370_p2    |         -|   0|  0|   13|           6|           6|
    |sub_ln58_1068_fu_3275_p2    |         -|   0|  0|   13|           6|           6|
    |sub_ln58_1069_fu_3291_p2    |         -|   0|  0|   13|           6|           6|
    |sub_ln58_1070_fu_3300_p2    |         -|   0|  0|   13|           6|           6|
    |sub_ln58_1071_fu_1386_p2    |         -|   0|  0|   12|           5|           5|
    |sub_ln58_1072_fu_3380_p2    |         -|   0|  0|   13|           6|           6|
    |sub_ln58_1073_fu_1403_p2    |         -|   0|  0|   12|           5|           5|
    |sub_ln58_1074_fu_3441_p2    |         -|   0|  0|   13|           6|           6|
    |sub_ln58_1075_fu_3446_p2    |         -|   0|  0|   13|           6|           6|
    |sub_ln58_1076_fu_1441_p2    |         -|   0|  0|   13|           6|           6|
    |sub_ln58_1077_fu_3532_p2    |         -|   0|  0|   13|           6|           6|
    |sub_ln58_1078_fu_3618_p2    |         -|   0|  0|   13|           6|           6|
    |sub_ln58_1079_fu_3626_p2    |         -|   0|  0|   13|           6|           6|
    |sub_ln58_1080_fu_3716_p2    |         -|   0|  0|   13|           6|           6|
    |sub_ln58_1081_fu_3727_p2    |         -|   0|  0|   13|           6|           6|
    |sub_ln58_1082_fu_3794_p2    |         -|   0|  0|   13|           6|           6|
    |sub_ln58_1083_fu_1483_p2    |         -|   0|  0|   12|           5|           5|
    |sub_ln58_1084_fu_3812_p2    |         -|   0|  0|   13|           6|           6|
    |sub_ln58_1085_fu_3871_p2    |         -|   0|  0|   13|           6|           6|
    |sub_ln58_1086_fu_1495_p2    |         -|   0|  0|   12|           5|           5|
    |sub_ln58_1087_fu_3939_p2    |         -|   0|  0|   13|           6|           6|
    |sub_ln58_1088_fu_4053_p2    |         -|   0|  0|   13|           6|           6|
    |sub_ln58_1089_fu_4063_p2    |         -|   0|  0|   13|           6|           6|
    |sub_ln58_1090_fu_4085_p2    |         -|   0|  0|   13|           6|           6|
    |sub_ln58_1091_fu_1537_p2    |         -|   0|  0|   12|           5|           5|
    |sub_ln58_1092_fu_4159_p2    |         -|   0|  0|   13|           6|           6|
    |sub_ln58_1093_fu_4173_p2    |         -|   0|  0|   13|           6|           6|
    |sub_ln58_1094_fu_4257_p2    |         -|   0|  0|   13|           6|           6|
    |sub_ln58_1095_fu_4262_p2    |         -|   0|  0|   13|           6|           6|
    |sub_ln58_1096_fu_4306_p2    |         -|   0|  0|   13|           6|           6|
    |sub_ln58_1097_fu_4388_p2    |         -|   0|  0|   13|           6|           6|
    |sub_ln58_1098_fu_4446_p2    |         -|   0|  0|   13|           6|           6|
    |sub_ln58_1099_fu_1585_p2    |         -|   0|  0|   13|           6|           6|
    |sub_ln58_1100_fu_4468_p2    |         -|   0|  0|   13|           6|           6|
    |sub_ln58_1101_fu_4509_p2    |         -|   0|  0|   13|           6|           6|
    |sub_ln58_1102_fu_4523_p2    |         -|   0|  0|   13|           6|           6|
    |sub_ln58_1103_fu_4543_p2    |         -|   0|  0|   13|           6|           6|
    |sub_ln58_1104_fu_4568_p2    |         -|   0|  0|   13|           6|           6|
    |sub_ln58_1105_fu_4705_p2    |         -|   0|  0|   13|           6|           6|
    |sub_ln58_1106_fu_4775_p2    |         -|   0|  0|   13|           6|           6|
    |sub_ln58_1107_fu_4837_p2    |         -|   0|  0|   13|           6|           6|
    |sub_ln58_1108_fu_4841_p2    |         -|   0|  0|   13|           6|           6|
    |sub_ln58_1109_fu_1650_p2    |         -|   0|  0|   12|           5|           5|
    |sub_ln58_1110_fu_4898_p2    |         -|   0|  0|   13|           6|           6|
    |sub_ln58_1111_fu_4953_p2    |         -|   0|  0|   13|           6|           6|
    |sub_ln58_1112_fu_5016_p2    |         -|   0|  0|   13|           6|           6|
    |sub_ln58_1113_fu_5083_p2    |         -|   0|  0|   13|           6|           6|
    |sub_ln58_1114_fu_1674_p2    |         -|   0|  0|   13|           6|           6|
    |sub_ln58_1115_fu_1680_p2    |         -|   0|  0|   12|           5|           5|
    |sub_ln58_1116_fu_5132_p2    |         -|   0|  0|   13|           6|           6|
    |sub_ln58_1117_fu_5184_p2    |         -|   0|  0|   13|           6|           6|
    |sub_ln58_1118_fu_5196_p2    |         -|   0|  0|   13|           6|           6|
    |sub_ln58_1119_fu_5324_p2    |         -|   0|  0|   13|           6|           6|
    |sub_ln58_1120_fu_5356_p2    |         -|   0|  0|   13|           6|           6|
    |sub_ln58_1121_fu_5425_p2    |         -|   0|  0|   13|           6|           6|
    |sub_ln58_1122_fu_1704_p2    |         -|   0|  0|   12|           5|           5|
    |sub_ln58_1123_fu_5450_p2    |         -|   0|  0|   13|           6|           6|
    |sub_ln58_1124_fu_1721_p2    |         -|   0|  0|   12|           5|           5|
    |sub_ln58_1125_fu_5578_p2    |         -|   0|  0|   13|           6|           6|
    |sub_ln58_1126_fu_5619_p2    |         -|   0|  0|   13|           6|           6|
    |sub_ln58_1127_fu_5642_p2    |         -|   0|  0|   13|           6|           6|
    |sub_ln58_1128_fu_5650_p2    |         -|   0|  0|   13|           6|           6|
    |sub_ln58_1129_fu_5692_p2    |         -|   0|  0|   13|           6|           6|
    |sub_ln58_1130_fu_5708_p2    |         -|   0|  0|   13|           6|           6|
    |sub_ln58_1131_fu_5757_p2    |         -|   0|  0|   13|           6|           6|
    |sub_ln58_1132_fu_5774_p2    |         -|   0|  0|   13|           6|           6|
    |sub_ln58_1133_fu_5955_p2    |         -|   0|  0|   13|           6|           6|
    |sub_ln58_1134_fu_6012_p2    |         -|   0|  0|   13|           6|           6|
    |sub_ln58_1135_fu_6017_p2    |         -|   0|  0|   13|           6|           6|
    |sub_ln58_1136_fu_1777_p2    |         -|   0|  0|   12|           5|           5|
    |sub_ln58_1137_fu_6080_p2    |         -|   0|  0|   13|           6|           6|
    |sub_ln58_1138_fu_6137_p2    |         -|   0|  0|   13|           6|           6|
    |sub_ln58_1139_fu_6148_p2    |         -|   0|  0|   13|           6|           6|
    |sub_ln58_1140_fu_6220_p2    |         -|   0|  0|   13|           6|           6|
    |sub_ln58_1141_fu_6274_p2    |         -|   0|  0|   13|           6|           6|
    |sub_ln58_1142_fu_6343_p2    |         -|   0|  0|   13|           6|           6|
    |sub_ln58_1143_fu_6401_p2    |         -|   0|  0|   13|           6|           6|
    |sub_ln58_1144_fu_6437_p2    |         -|   0|  0|   13|           6|           6|
    |sub_ln58_1145_fu_6523_p2    |         -|   0|  0|   13|           6|           6|
    |sub_ln58_1146_fu_6538_p2    |         -|   0|  0|   13|           6|           6|
    |sub_ln58_1147_fu_1818_p2    |         -|   0|  0|   12|           5|           5|
    |sub_ln58_1148_fu_6681_p2    |         -|   0|  0|   13|           6|           6|
    |sub_ln58_1149_fu_6882_p2    |         -|   0|  0|   13|           6|           6|
    |sub_ln58_16_fu_306_p2       |         -|   0|  0|   12|           5|           5|
    |sub_ln58_17_fu_332_p2       |         -|   0|  0|   12|           5|           5|
    |sub_ln58_18_fu_352_p2       |         -|   0|  0|   13|           6|           6|
    |sub_ln58_992_fu_346_p2      |         -|   0|  0|   13|           6|           6|
    |sub_ln58_993_fu_364_p2      |         -|   0|  0|   13|           6|           6|
    |sub_ln58_994_fu_370_p2      |         -|   0|  0|   13|           6|           6|
    |sub_ln58_995_fu_376_p2      |         -|   0|  0|   13|           6|           6|
    |sub_ln58_996_fu_658_p2      |         -|   0|  0|   14|           7|           7|
    |sub_ln58_997_fu_752_p2      |         -|   0|  0|   12|           5|           5|
    |sub_ln58_998_fu_771_p2      |         -|   0|  0|   14|           7|           7|
    |sub_ln58_999_fu_777_p2      |         -|   0|  0|   14|           7|           7|
    |sub_ln58_fu_326_p2          |         -|   0|  0|   13|           1|           6|
    |sub_ln73_1203_fu_397_p2     |         -|   0|  0|   12|           1|           5|
    |sub_ln73_1204_fu_406_p2     |         -|   0|  0|   12|           1|           5|
    |sub_ln73_1205_fu_300_p2     |         -|   0|  0|   12|           1|           5|
    |sub_ln73_1206_fu_415_p2     |         -|   0|  0|   12|           1|           5|
    |sub_ln73_1207_fu_424_p2     |         -|   0|  0|   12|           1|           5|
    |sub_ln73_1208_fu_433_p2     |         -|   0|  0|   12|           1|           5|
    |sub_ln73_1209_fu_442_p2     |         -|   0|  0|   12|           1|           5|
    |sub_ln73_1210_fu_451_p2     |         -|   0|  0|   12|           1|           5|
    |sub_ln73_1211_fu_460_p2     |         -|   0|  0|   12|           1|           5|
    |sub_ln73_1212_fu_469_p2     |         -|   0|  0|   12|           1|           5|
    |sub_ln73_1213_fu_478_p2     |         -|   0|  0|   12|           1|           5|
    |sub_ln73_1214_fu_487_p2     |         -|   0|  0|   12|           1|           5|
    |sub_ln73_1215_fu_496_p2     |         -|   0|  0|   12|           1|           5|
    |sub_ln73_1216_fu_505_p2     |         -|   0|  0|   12|           1|           5|
    |sub_ln73_1217_fu_514_p2     |         -|   0|  0|   12|           1|           5|
    |sub_ln73_1218_fu_523_p2     |         -|   0|  0|   12|           1|           5|
    |sub_ln73_1219_fu_532_p2     |         -|   0|  0|   12|           1|           5|
    |sub_ln73_1220_fu_541_p2     |         -|   0|  0|   12|           1|           5|
    |sub_ln73_1221_fu_550_p2     |         -|   0|  0|   12|           1|           5|
    |sub_ln73_1222_fu_559_p2     |         -|   0|  0|   12|           1|           5|
    |sub_ln73_1223_fu_568_p2     |         -|   0|  0|   12|           1|           5|
    |sub_ln73_1224_fu_577_p2     |         -|   0|  0|   12|           1|           5|
    |sub_ln73_1225_fu_586_p2     |         -|   0|  0|   12|           1|           5|
    |sub_ln73_1226_fu_595_p2     |         -|   0|  0|   12|           1|           5|
    |sub_ln73_1227_fu_604_p2     |         -|   0|  0|   12|           1|           5|
    |sub_ln73_1228_fu_613_p2     |         -|   0|  0|   12|           1|           5|
    |sub_ln73_1229_fu_622_p2     |         -|   0|  0|   12|           1|           5|
    |sub_ln73_1230_fu_631_p2     |         -|   0|  0|   12|           1|           5|
    |sub_ln73_fu_290_p2          |         -|   0|  0|   12|           1|           5|
    +----------------------------+----------+----+---+-----+------------+------------+
    |Total                       |          |   0|  0|16879|        7865|        7986|
    +----------------------------+----------+----+---+-----+------------+------------+

    * Multiplexer: 
    N/A

    * Register: 
    +------------------------------------------+----+----+-----+-----------+
    |                   Name                   | FF | LUT| Bits| Const Bits|
    +------------------------------------------+----+----+-----+-----------+
    |add_ln58_33195_reg_11362                  |   6|   0|    6|          0|
    |add_ln58_33196_reg_11386                  |   6|   0|    6|          0|
    |add_ln58_33196_reg_11386_pp0_iter1_reg    |   6|   0|    6|          0|
    |add_ln58_33197_reg_11392                  |   6|   0|    6|          0|
    |add_ln58_33202_reg_11503                  |   6|   0|    6|          0|
    |add_ln58_33203_reg_11508                  |   6|   0|    6|          0|
    |add_ln58_33206_reg_11523                  |   6|   0|    6|          0|
    |add_ln58_33208_reg_11541                  |   7|   0|    7|          0|
    |add_ln58_33209_reg_11547                  |   7|   0|    7|          0|
    |add_ln58_33210_reg_11565                  |   7|   0|    7|          0|
    |add_ln58_33211_reg_11571                  |   7|   0|    7|          0|
    |add_ln58_33215_reg_11594                  |   7|   0|    7|          0|
    |add_ln58_33217_reg_11625                  |   7|   0|    7|          0|
    |add_ln58_33220_reg_11631                  |   6|   0|    6|          0|
    |add_ln58_33221_reg_11636                  |   5|   0|    5|          0|
    |add_ln58_33223_reg_11641                  |   5|   0|    5|          0|
    |add_ln58_33227_reg_11646                  |   7|   0|    7|          0|
    |add_ln58_33231_reg_12521                  |   7|   0|    7|          0|
    |add_ln58_33232_reg_12526                  |   7|   0|    7|          0|
    |add_ln58_33233_reg_11660                  |   7|   0|    7|          0|
    |add_ln58_33233_reg_11660_pp0_iter2_reg    |   7|   0|    7|          0|
    |add_ln58_33234_reg_11666                  |   7|   0|    7|          0|
    |add_ln58_33234_reg_11666_pp0_iter2_reg    |   7|   0|    7|          0|
    |add_ln58_33235_reg_12531                  |   7|   0|    7|          0|
    |add_ln58_33236_reg_12536                  |   7|   0|    7|          0|
    |add_ln58_33238_reg_11681                  |   5|   0|    5|          0|
    |add_ln58_33239_reg_12541                  |   7|   0|    7|          0|
    |add_ln58_33240_reg_12546                  |   7|   0|    7|          0|
    |add_ln58_33242_reg_11698                  |   5|   0|    5|          0|
    |add_ln58_33243_reg_12551                  |   8|   0|    8|          0|
    |add_ln58_33246_reg_12557                  |   8|   0|    8|          0|
    |add_ln58_33250_reg_11754                  |   6|   0|    6|          0|
    |add_ln58_33251_reg_12563                  |   8|   0|    8|          0|
    |add_ln58_33253_reg_11759                  |   5|   0|    5|          0|
    |add_ln58_33254_reg_12569                  |   8|   0|    8|          0|
    |add_ln58_33255_reg_12580                  |   7|   0|    7|          0|
    |add_ln58_33256_reg_12590                  |   7|   0|    7|          0|
    |add_ln58_33260_reg_12603                  |   7|   0|    7|          0|
    |add_ln58_33262_reg_11889                  |   5|   0|    5|          0|
    |add_ln58_33264_reg_11894                  |   5|   0|    5|          0|
    |add_ln58_33265_reg_11899                  |   5|   0|    5|          0|
    |add_ln58_33267_reg_12608                  |   7|   0|    7|          0|
    |add_ln58_33268_reg_11904                  |   5|   0|    5|          0|
    |add_ln58_33269_reg_11909                  |   5|   0|    5|          0|
    |add_ln58_33271_reg_11914                  |   5|   0|    5|          0|
    |add_ln58_33272_reg_11919                  |   5|   0|    5|          0|
    |add_ln58_33274_reg_12613                  |   7|   0|    7|          0|
    |add_ln58_33277_reg_12618                  |   7|   0|    7|          0|
    |add_ln58_33278_reg_12623                  |   6|   0|    6|          0|
    |add_ln58_33280_reg_12628                  |   6|   0|    6|          0|
    |add_ln58_33284_reg_11924                  |   5|   0|    5|          0|
    |add_ln58_33286_reg_11929                  |   5|   0|    5|          0|
    |add_ln58_33287_reg_11934                  |   5|   0|    5|          0|
    |add_ln58_33289_reg_12647                  |   7|   0|    7|          0|
    |add_ln58_33290_reg_11939                  |   5|   0|    5|          0|
    |add_ln58_33292_reg_11944                  |   5|   0|    5|          0|
    |add_ln58_33293_reg_11949                  |   5|   0|    5|          0|
    |add_ln58_33295_reg_12652                  |   7|   0|    7|          0|
    |add_ln58_33298_reg_12657                  |   7|   0|    7|          0|
    |add_ln58_33299_reg_12662                  |   6|   0|    6|          0|
    |add_ln58_33301_reg_12667                  |   6|   0|    6|          0|
    |add_ln58_33305_reg_11959                  |   5|   0|    5|          0|
    |add_ln58_33306_reg_11964                  |   5|   0|    5|          0|
    |add_ln58_33308_reg_12682                  |   7|   0|    7|          0|
    |add_ln58_33309_reg_11970                  |   5|   0|    5|          0|
    |add_ln58_33312_reg_12687                  |   7|   0|    7|          0|
    |add_ln58_33315_reg_12692                  |   7|   0|    7|          0|
    |add_ln58_33316_reg_12702                  |   7|   0|    7|          0|
    |add_ln58_33320_reg_12707                  |   7|   0|    7|          0|
    |add_ln58_33323_reg_12008                  |   5|   0|    5|          0|
    |add_ln58_33324_reg_12014                  |   5|   0|    5|          0|
    |add_ln58_33326_reg_12712                  |   7|   0|    7|          0|
    |add_ln58_33327_reg_12020                  |   5|   0|    5|          0|
    |add_ln58_33329_reg_12025                  |   5|   0|    5|          0|
    |add_ln58_33331_reg_12717                  |   7|   0|    7|          0|
    |add_ln58_33334_reg_12722                  |   7|   0|    7|          0|
    |add_ln58_33336_reg_12727                  |   6|   0|    6|          0|
    |add_ln58_33342_reg_12743                  |   7|   0|    7|          0|
    |add_ln58_33343_reg_12035                  |   5|   0|    5|          0|
    |add_ln58_33345_reg_12040                  |   5|   0|    5|          0|
    |add_ln58_33346_reg_12045                  |   5|   0|    5|          0|
    |add_ln58_33348_reg_12748                  |   7|   0|    7|          0|
    |add_ln58_33352_reg_12753                  |   6|   0|    6|          0|
    |add_ln58_33354_reg_12763                  |   6|   0|    6|          0|
    |add_ln58_33355_reg_12050                  |   5|   0|    5|          0|
    |add_ln58_33359_reg_12773                  |   7|   0|    7|          0|
    |add_ln58_33360_reg_12055                  |   5|   0|    5|          0|
    |add_ln58_33363_reg_12778                  |   7|   0|    7|          0|
    |add_ln58_33367_reg_12783                  |   6|   0|    6|          0|
    |add_ln58_33369_reg_12788                  |   6|   0|    6|          0|
    |add_ln58_33370_reg_12060                  |   5|   0|    5|          0|
    |add_ln58_33373_reg_12065                  |   5|   0|    5|          0|
    |add_ln58_33375_reg_12070                  |   5|   0|    5|          0|
    |add_ln58_33377_reg_12798                  |   7|   0|    7|          0|
    |add_ln58_33379_reg_12803                  |   7|   0|    7|          0|
    |add_ln58_33382_reg_12808                  |   7|   0|    7|          0|
    |add_ln58_33383_reg_12818                  |   7|   0|    7|          0|
    |add_ln58_33385_reg_12828                  |   6|   0|    6|          0|
    |add_ln58_33390_reg_12095                  |   5|   0|    5|          0|
    |add_ln58_33391_reg_12100                  |   5|   0|    5|          0|
    |add_ln58_33393_reg_12838                  |   7|   0|    7|          0|
    |add_ln58_33395_reg_12105                  |   5|   0|    5|          0|
    |add_ln58_33396_reg_12110                  |   5|   0|    5|          0|
    |add_ln58_33398_reg_12843                  |   7|   0|    7|          0|
    |add_ln58_33401_reg_12848                  |   7|   0|    7|          0|
    |add_ln58_33402_reg_12863                  |   7|   0|    7|          0|
    |add_ln58_33404_reg_12868                  |   6|   0|    6|          0|
    |add_ln58_33408_reg_12123                  |   5|   0|    5|          0|
    |add_ln58_33409_reg_12128                  |   5|   0|    5|          0|
    |add_ln58_33410_reg_12133                  |   5|   0|    5|          0|
    |add_ln58_33412_reg_12873                  |   7|   0|    7|          0|
    |add_ln58_33413_reg_12138                  |   5|   0|    5|          0|
    |add_ln58_33415_reg_12143                  |   5|   0|    5|          0|
    |add_ln58_33417_reg_12878                  |   7|   0|    7|          0|
    |add_ln58_33421_reg_12893                  |   6|   0|    6|          0|
    |add_ln58_33423_reg_12899                  |   6|   0|    6|          0|
    |add_ln58_33424_reg_12904                  |   6|   0|    6|          0|
    |add_ln58_33427_reg_12148                  |   5|   0|    5|          0|
    |add_ln58_33429_reg_12153                  |   5|   0|    5|          0|
    |add_ln58_33431_reg_12909                  |   7|   0|    7|          0|
    |add_ln58_33433_reg_12158                  |   5|   0|    5|          0|
    |add_ln58_33434_reg_12163                  |   5|   0|    5|          0|
    |add_ln58_33436_reg_12914                  |   7|   0|    7|          0|
    |add_ln58_33439_reg_12168                  |   7|   0|    7|          0|
    |add_ln58_33439_reg_12168_pp0_iter2_reg    |   7|   0|    7|          0|
    |add_ln58_33440_reg_12919                  |   7|   0|    7|          0|
    |add_ln58_33444_reg_12924                  |   7|   0|    7|          0|
    |add_ln58_33446_reg_12178                  |   5|   0|    5|          0|
    |add_ln58_33448_reg_12929                  |   7|   0|    7|          0|
    |add_ln58_33449_reg_12183                  |   5|   0|    5|          0|
    |add_ln58_33452_reg_12934                  |   7|   0|    7|          0|
    |add_ln58_33456_reg_12944                  |   6|   0|    6|          0|
    |add_ln58_33458_reg_12949                  |   6|   0|    6|          0|
    |add_ln58_33460_reg_12188                  |   6|   0|    6|          0|
    |add_ln58_33460_reg_12188_pp0_iter2_reg    |   6|   0|    6|          0|
    |add_ln58_33464_reg_12954                  |   7|   0|    7|          0|
    |add_ln58_33466_reg_12193                  |   5|   0|    5|          0|
    |add_ln58_33468_reg_12959                  |   7|   0|    7|          0|
    |add_ln58_33473_reg_12974                  |   6|   0|    6|          0|
    |add_ln58_33474_reg_12979                  |   6|   0|    6|          0|
    |add_ln58_33478_reg_12984                  |   7|   0|    7|          0|
    |add_ln58_33480_reg_12198                  |   5|   0|    5|          0|
    |add_ln58_33482_reg_12989                  |   7|   0|    7|          0|
    |add_ln58_33485_reg_12994                  |   7|   0|    7|          0|
    |add_ln58_33486_reg_12999                  |   6|   0|    6|          0|
    |add_ln58_33490_reg_13011                  |   7|   0|    7|          0|
    |add_ln58_33492_reg_12209                  |   5|   0|    5|          0|
    |add_ln58_33494_reg_12214                  |   5|   0|    5|          0|
    |add_ln58_33496_reg_13016                  |   7|   0|    7|          0|
    |add_ln58_33499_reg_13021                  |   7|   0|    7|          0|
    |add_ln58_33502_reg_13026                  |   7|   0|    7|          0|
    |add_ln58_33503_reg_13031                  |   7|   0|    7|          0|
    |add_ln58_33505_reg_13036                  |   6|   0|    6|          0|
    |add_ln58_33510_reg_12219                  |   5|   0|    5|          0|
    |add_ln58_33512_reg_13041                  |   7|   0|    7|          0|
    |add_ln58_33514_reg_12224                  |   5|   0|    5|          0|
    |add_ln58_33515_reg_12229                  |   5|   0|    5|          0|
    |add_ln58_33517_reg_13046                  |   7|   0|    7|          0|
    |add_ln58_33520_reg_13051                  |   7|   0|    7|          0|
    |add_ln58_33522_reg_13056                  |   6|   0|    6|          0|
    |add_ln58_33527_reg_12234                  |   5|   0|    5|          0|
    |add_ln58_33529_reg_13066                  |   7|   0|    7|          0|
    |add_ln58_33531_reg_13071                  |   7|   0|    7|          0|
    |add_ln58_33534_reg_13076                  |   7|   0|    7|          0|
    |add_ln58_33535_reg_13081                  |   7|   0|    7|          0|
    |add_ln58_33537_reg_13086                  |   6|   0|    6|          0|
    |add_ln58_33538_reg_13097                  |   7|   0|    7|          0|
    |add_ln58_33542_reg_13103                  |   7|   0|    7|          0|
    |add_ln58_33544_reg_12244                  |   5|   0|    5|          0|
    |add_ln58_33546_reg_13108                  |   7|   0|    7|          0|
    |add_ln58_33551_reg_13113                  |   6|   0|    6|          0|
    |add_ln58_33555_reg_12254                  |   5|   0|    5|          0|
    |add_ln58_33557_reg_13123                  |   7|   0|    7|          0|
    |add_ln58_33559_reg_12259                  |   5|   0|    5|          0|
    |add_ln58_33561_reg_13128                  |   7|   0|    7|          0|
    |add_ln58_33564_reg_13133                  |   7|   0|    7|          0|
    |add_ln58_33565_reg_13138                  |   7|   0|    7|          0|
    |add_ln58_33568_reg_12264                  |   5|   0|    5|          0|
    |add_ln58_33570_reg_13143                  |   7|   0|    7|          0|
    |add_ln58_33572_reg_12269                  |   5|   0|    5|          0|
    |add_ln58_33574_reg_12274                  |   5|   0|    5|          0|
    |add_ln58_33576_reg_13148                  |   7|   0|    7|          0|
    |add_ln58_33578_reg_12279                  |   5|   0|    5|          0|
    |add_ln58_33580_reg_13153                  |   7|   0|    7|          0|
    |add_ln58_33583_reg_13158                  |   7|   0|    7|          0|
    |add_ln58_33584_reg_13163                  |   7|   0|    7|          0|
    |add_ln58_33586_reg_13168                  |   6|   0|    6|          0|
    |add_ln58_33587_reg_13178                  |   6|   0|    6|          0|
    |add_ln58_33591_reg_12289                  |   5|   0|    5|          0|
    |add_ln58_33593_reg_13183                  |   7|   0|    7|          0|
    |add_ln58_33594_reg_12294                  |   5|   0|    5|          0|
    |add_ln58_33596_reg_12299                  |   5|   0|    5|          0|
    |add_ln58_33598_reg_13188                  |   7|   0|    7|          0|
    |add_ln58_33601_reg_13193                  |   7|   0|    7|          0|
    |add_ln58_33602_reg_13203                  |   7|   0|    7|          0|
    |add_ln58_33604_reg_13208                  |   6|   0|    6|          0|
    |add_ln58_33605_reg_13213                  |   6|   0|    6|          0|
    |add_ln58_33609_reg_13218                  |   7|   0|    7|          0|
    |add_ln58_33610_reg_12304                  |   5|   0|    5|          0|
    |add_ln58_33612_reg_12309                  |   5|   0|    5|          0|
    |add_ln58_33614_reg_13223                  |   7|   0|    7|          0|
    |add_ln58_33617_reg_13228                  |   7|   0|    7|          0|
    |add_ln58_33622_reg_13238                  |   7|   0|    7|          0|
    |add_ln58_33625_reg_13243                  |   7|   0|    7|          0|
    |add_ln58_33628_reg_13248                  |   7|   0|    7|          0|
    |add_ln58_33634_reg_13253                  |   7|   0|    7|          0|
    |add_ln58_33635_reg_12314                  |   5|   0|    5|          0|
    |add_ln58_33637_reg_12319                  |   5|   0|    5|          0|
    |add_ln58_33639_reg_13258                  |   7|   0|    7|          0|
    |add_ln58_33642_reg_13263                  |   7|   0|    7|          0|
    |add_ln58_33643_reg_13268                  |   7|   0|    7|          0|
    |add_ln58_33649_reg_13273                  |   7|   0|    7|          0|
    |add_ln58_33652_reg_13278                  |   7|   0|    7|          0|
    |add_ln58_33655_reg_13283                  |   7|   0|    7|          0|
    |add_ln58_33656_reg_13288                  |   7|   0|    7|          0|
    |add_ln58_33658_reg_13293                  |   6|   0|    6|          0|
    |add_ln58_33663_reg_13299                  |   7|   0|    7|          0|
    |add_ln58_33665_reg_13304                  |   7|   0|    7|          0|
    |add_ln58_33668_reg_13309                  |   7|   0|    7|          0|
    |add_ln58_33669_reg_13314                  |   7|   0|    7|          0|
    |add_ln58_33671_reg_13319                  |   6|   0|    6|          0|
    |add_ln58_33672_reg_13329                  |   7|   0|    7|          0|
    |add_ln58_33675_reg_12330                  |   5|   0|    5|          0|
    |add_ln58_33676_reg_12335                  |   5|   0|    5|          0|
    |add_ln58_33678_reg_13335                  |   7|   0|    7|          0|
    |add_ln58_33679_reg_12340                  |   5|   0|    5|          0|
    |add_ln58_33681_reg_12345                  |   5|   0|    5|          0|
    |add_ln58_33683_reg_13340                  |   7|   0|    7|          0|
    |add_ln58_33686_reg_13345                  |   7|   0|    7|          0|
    |add_ln58_33687_reg_13350                  |   6|   0|    6|          0|
    |add_ln58_33694_reg_13355                  |   7|   0|    7|          0|
    |add_ln58_33695_reg_12350                  |   5|   0|    5|          0|
    |add_ln58_33697_reg_12355                  |   5|   0|    5|          0|
    |add_ln58_33699_reg_13360                  |   7|   0|    7|          0|
    |add_ln58_33702_reg_13365                  |   7|   0|    7|          0|
    |add_ln58_33704_reg_13370                  |   6|   0|    6|          0|
    |add_ln58_33707_reg_12360                  |   5|   0|    5|          0|
    |add_ln58_33709_reg_13375                  |   7|   0|    7|          0|
    |add_ln58_33712_reg_13380                  |   7|   0|    7|          0|
    |add_ln58_33715_reg_13385                  |   7|   0|    7|          0|
    |add_ln58_33717_reg_13390                  |   6|   0|    6|          0|
    |add_ln58_33721_reg_12365                  |   5|   0|    5|          0|
    |add_ln58_33723_reg_13395                  |   7|   0|    7|          0|
    |add_ln58_33725_reg_12370                  |   5|   0|    5|          0|
    |add_ln58_33726_reg_12375                  |   5|   0|    5|          0|
    |add_ln58_33728_reg_13400                  |   7|   0|    7|          0|
    |add_ln58_33733_reg_13405                  |   6|   0|    6|          0|
    |add_ln58_33738_reg_13415                  |   7|   0|    7|          0|
    |add_ln58_33740_reg_13420                  |   7|   0|    7|          0|
    |add_ln58_33744_reg_13425                  |   6|   0|    6|          0|
    |add_ln58_33746_reg_13431                  |   6|   0|    6|          0|
    |add_ln58_33750_reg_13441                  |   7|   0|    7|          0|
    |add_ln58_33752_reg_13446                  |   7|   0|    7|          0|
    |add_ln58_33755_reg_13451                  |   7|   0|    7|          0|
    |add_ln58_33756_reg_13456                  |   7|   0|    7|          0|
    |add_ln58_33758_reg_13461                  |   6|   0|    6|          0|
    |add_ln58_33763_reg_12385                  |   5|   0|    5|          0|
    |add_ln58_33765_reg_13471                  |   7|   0|    7|          0|
    |add_ln58_33766_reg_13476                  |   7|   0|    7|          0|
    |add_ln58_33769_reg_13481                  |   7|   0|    7|          0|
    |add_ln58_33770_reg_13486                  |   7|   0|    7|          0|
    |add_ln58_33772_reg_13491                  |   6|   0|    6|          0|
    |add_ln58_33778_reg_13501                  |   7|   0|    7|          0|
    |add_ln58_33780_reg_12390                  |   5|   0|    5|          0|
    |add_ln58_33782_reg_13506                  |   7|   0|    7|          0|
    |add_ln58_33791_reg_13511                  |   7|   0|    7|          0|
    |add_ln58_33792_reg_12395                  |   5|   0|    5|          0|
    |add_ln58_33794_reg_13516                  |   7|   0|    7|          0|
    |add_ln58_33799_reg_13521                  |   6|   0|    6|          0|
    |add_ln58_33800_reg_13526                  |   6|   0|    6|          0|
    |add_ln58_33803_reg_13531                  |   7|   0|    7|          0|
    |add_ln58_33806_reg_13536                  |   7|   0|    7|          0|
    |add_ln58_33809_reg_13541                  |   7|   0|    7|          0|
    |add_ln58_33810_reg_13546                  |   6|   0|    6|          0|
    |add_ln58_33812_reg_13551                  |   6|   0|    6|          0|
    |add_ln58_33815_reg_12411                  |   5|   0|    5|          0|
    |add_ln58_33817_reg_13556                  |   7|   0|    7|          0|
    |add_ln58_33820_reg_13561                  |   7|   0|    7|          0|
    |add_ln58_33826_reg_12416                  |   5|   0|    5|          0|
    |add_ln58_33828_reg_13566                  |   7|   0|    7|          0|
    |add_ln58_33830_reg_12421                  |   5|   0|    5|          0|
    |add_ln58_33832_reg_13571                  |   7|   0|    7|          0|
    |add_ln58_33835_reg_13576                  |   7|   0|    7|          0|
    |add_ln58_33840_reg_13581                  |   6|   0|    6|          0|
    |add_ln58_33844_reg_13586                  |   7|   0|    7|          0|
    |add_ln58_33845_reg_13591                  |   7|   0|    7|          0|
    |add_ln58_33848_reg_13596                  |   7|   0|    7|          0|
    |add_ln58_33849_reg_13601                  |   6|   0|    6|          0|
    |add_ln58_33855_reg_13606                  |   7|   0|    7|          0|
    |add_ln58_33858_reg_13611                  |   7|   0|    7|          0|
    |add_ln58_33861_reg_13616                  |   7|   0|    7|          0|
    |add_ln58_33862_reg_13621                  |   7|   0|    7|          0|
    |add_ln58_33864_reg_13626                  |   6|   0|    6|          0|
    |add_ln58_33868_reg_12431                  |   5|   0|    5|          0|
    |add_ln58_33870_reg_13631                  |   7|   0|    7|          0|
    |add_ln58_33871_reg_12436                  |   5|   0|    5|          0|
    |add_ln58_33873_reg_13636                  |   7|   0|    7|          0|
    |add_ln58_33877_reg_13641                  |   6|   0|    6|          0|
    |add_ln58_33879_reg_13646                  |   6|   0|    6|          0|
    |add_ln58_33884_reg_13651                  |   7|   0|    7|          0|
    |add_ln58_33887_reg_13656                  |   7|   0|    7|          0|
    |add_ln58_33891_reg_13661                  |   6|   0|    6|          0|
    |add_ln58_33896_reg_13666                  |   7|   0|    7|          0|
    |add_ln58_33899_reg_13671                  |   7|   0|    7|          0|
    |add_ln58_33903_reg_13676                  |   6|   0|    6|          0|
    |add_ln58_33905_reg_13681                  |   6|   0|    6|          0|
    |add_ln58_33906_reg_13686                  |   6|   0|    6|          0|
    |add_ln58_33909_reg_13691                  |   7|   0|    7|          0|
    |add_ln58_33912_reg_13696                  |   7|   0|    7|          0|
    |add_ln58_33915_reg_13701                  |   7|   0|    7|          0|
    |add_ln58_33916_reg_13706                  |   6|   0|    6|          0|
    |add_ln58_33919_reg_13711                  |   7|   0|    7|          0|
    |add_ln58_33922_reg_13716                  |   7|   0|    7|          0|
    |add_ln58_33925_reg_13721                  |   7|   0|    7|          0|
    |add_ln58_33926_reg_13726                  |   6|   0|    6|          0|
    |add_ln58_33928_reg_13731                  |   6|   0|    6|          0|
    |add_ln58_33933_reg_13736                  |   7|   0|    7|          0|
    |add_ln58_33936_reg_13741                  |   7|   0|    7|          0|
    |add_ln58_33939_reg_13746                  |   7|   0|    7|          0|
    |add_ln58_33940_reg_13751                  |   7|   0|    7|          0|
    |add_ln58_33942_reg_13756                  |   6|   0|    6|          0|
    |add_ln58_33947_reg_13761                  |   7|   0|    7|          0|
    |add_ln58_33948_reg_12446                  |   5|   0|    5|          0|
    |add_ln58_33951_reg_13766                  |   7|   0|    7|          0|
    |add_ln58_33954_reg_13771                  |   7|   0|    7|          0|
    |add_ln58_33955_reg_13776                  |   7|   0|    7|          0|
    |add_ln58_33957_reg_13781                  |   6|   0|    6|          0|
    |add_ln58_33962_reg_12451                  |   5|   0|    5|          0|
    |add_ln58_33964_reg_13786                  |   7|   0|    7|          0|
    |add_ln58_33965_reg_12456                  |   5|   0|    5|          0|
    |add_ln58_33967_reg_13791                  |   7|   0|    7|          0|
    |add_ln58_33970_reg_13796                  |   7|   0|    7|          0|
    |add_ln58_33976_reg_13801                  |   7|   0|    7|          0|
    |add_ln58_33979_reg_13806                  |   7|   0|    7|          0|
    |add_ln58_33982_reg_13811                  |   7|   0|    7|          0|
    |add_ln58_33989_reg_12461                  |   6|   0|    6|          0|
    |add_ln58_33990_reg_13821                  |   7|   0|    7|          0|
    |add_ln58_33992_reg_12466                  |   5|   0|    5|          0|
    |add_ln58_33994_reg_13826                  |   7|   0|    7|          0|
    |add_ln58_33998_reg_13831                  |   6|   0|    6|          0|
    |add_ln58_34000_reg_13836                  |   6|   0|    6|          0|
    |add_ln58_34005_reg_13841                  |   7|   0|    7|          0|
    |add_ln58_34008_reg_13846                  |   7|   0|    7|          0|
    |add_ln58_34011_reg_13851                  |   7|   0|    7|          0|
    |add_ln58_34012_reg_13856                  |   6|   0|    6|          0|
    |add_ln58_34014_reg_13861                  |   6|   0|    6|          0|
    |add_ln58_34015_reg_13866                  |   6|   0|    6|          0|
    |add_ln58_34020_reg_13871                  |   7|   0|    7|          0|
    |add_ln58_34023_reg_13876                  |   7|   0|    7|          0|
    |add_ln58_34027_reg_13881                  |   6|   0|    6|          0|
    |add_ln58_34033_reg_13886                  |   7|   0|    7|          0|
    |add_ln58_34035_reg_12476                  |   5|   0|    5|          0|
    |add_ln58_34037_reg_13891                  |   7|   0|    7|          0|
    |add_ln58_34042_reg_13901                  |   6|   0|    6|          0|
    |add_ln58_34046_reg_12481                  |   5|   0|    5|          0|
    |add_ln58_34048_reg_13906                  |   7|   0|    7|          0|
    |add_ln58_34051_reg_13911                  |   7|   0|    7|          0|
    |add_ln58_34054_reg_13916                  |   7|   0|    7|          0|
    |add_ln58_34061_reg_13921                  |   7|   0|    7|          0|
    |add_ln58_34062_reg_12486                  |   5|   0|    5|          0|
    |add_ln58_34065_reg_13926                  |   7|   0|    7|          0|
    |add_ln58_34072_reg_13931                  |   7|   0|    7|          0|
    |add_ln58_34074_reg_13936                  |   7|   0|    7|          0|
    |add_ln58_34077_reg_13941                  |   7|   0|    7|          0|
    |add_ln58_34083_reg_12491                  |   5|   0|    5|          0|
    |add_ln58_34085_reg_13951                  |   7|   0|    7|          0|
    |add_ln58_34087_reg_13956                  |   7|   0|    7|          0|
    |add_ln58_34092_reg_13961                  |   6|   0|    6|          0|
    |add_ln58_34097_reg_13966                  |   7|   0|    7|          0|
    |add_ln58_34098_reg_13971                  |   7|   0|    7|          0|
    |add_ln58_34103_reg_13976                  |   6|   0|    6|          0|
    |add_ln58_34104_reg_12496                  |   5|   0|    5|          0|
    |add_ln58_34107_reg_13986                  |   7|   0|    7|          0|
    |add_ln58_34108_reg_13991                  |   7|   0|    7|          0|
    |add_ln58_34113_reg_13996                  |   6|   0|    6|          0|
    |add_ln58_34116_reg_12501                  |   5|   0|    5|          0|
    |add_ln58_34118_reg_14001                  |   7|   0|    7|          0|
    |add_ln58_34120_reg_14006                  |   7|   0|    7|          0|
    |add_ln58_34123_reg_14011                  |   7|   0|    7|          0|
    |add_ln58_34124_reg_14016                  |   7|   0|    7|          0|
    |add_ln58_34126_reg_14021                  |   6|   0|    6|          0|
    |add_ln58_34127_reg_14026                  |   6|   0|    6|          0|
    |add_ln58_34132_reg_14031                  |   7|   0|    7|          0|
    |add_ln58_34135_reg_14036                  |   7|   0|    7|          0|
    |add_ln58_34138_reg_14041                  |   7|   0|    7|          0|
    |add_ln58_34139_reg_14046                  |   6|   0|    6|          0|
    |add_ln58_34141_reg_14051                  |   6|   0|    6|          0|
    |add_ln58_34142_reg_14056                  |   6|   0|    6|          0|
    |add_ln58_34146_reg_14061                  |   7|   0|    7|          0|
    |add_ln58_34148_reg_14066                  |   7|   0|    7|          0|
    |add_ln58_34151_reg_14071                  |   7|   0|    7|          0|
    |add_ln58_34152_reg_14076                  |   6|   0|    6|          0|
    |add_ln58_34154_reg_14081                  |   6|   0|    6|          0|
    |add_ln58_34159_reg_12511                  |   5|   0|    5|          0|
    |add_ln58_34161_reg_14086                  |   7|   0|    7|          0|
    |add_ln58_34163_reg_14091                  |   7|   0|    7|          0|
    |add_ln58_34166_reg_14096                  |   7|   0|    7|          0|
    |add_ln58_34167_reg_14101                  |   6|   0|    6|          0|
    |add_ln58_34171_reg_14106                  |   7|   0|    7|          0|
    |add_ln58_34174_reg_14111                  |   7|   0|    7|          0|
    |add_ln58_34176_reg_14116                  |   7|   0|    7|          0|
    |add_ln58_34181_reg_14121                  |   6|   0|    6|          0|
    |add_ln58_34184_reg_12516                  |   5|   0|    5|          0|
    |add_ln58_34185_reg_14126                  |   7|   0|    7|          0|
    |add_ln58_34187_reg_14131                  |   7|   0|    7|          0|
    |data_64_val_int_reg                       |   4|   0|    4|          0|
    |data_65_val_int_reg                       |   4|   0|    4|          0|
    |data_66_val_int_reg                       |   4|   0|    4|          0|
    |data_67_val_int_reg                       |   4|   0|    4|          0|
    |data_67_val_read_reg_11311                |   4|   0|    4|          0|
    |data_68_val_int_reg                       |   4|   0|    4|          0|
    |data_68_val_read_reg_11304                |   4|   0|    4|          0|
    |data_69_val_int_reg                       |   4|   0|    4|          0|
    |data_69_val_read_reg_11297                |   4|   0|    4|          0|
    |data_70_val_int_reg                       |   4|   0|    4|          0|
    |data_70_val_read_reg_11292                |   4|   0|    4|          0|
    |data_70_val_read_reg_11292_pp0_iter1_reg  |   4|   0|    4|          0|
    |data_71_val_int_reg                       |   4|   0|    4|          0|
    |data_71_val_read_reg_11286                |   4|   0|    4|          0|
    |data_72_val_int_reg                       |   4|   0|    4|          0|
    |data_72_val_read_reg_11280                |   4|   0|    4|          0|
    |data_73_val_int_reg                       |   4|   0|    4|          0|
    |data_73_val_read_reg_11274                |   4|   0|    4|          0|
    |data_73_val_read_reg_11274_pp0_iter1_reg  |   4|   0|    4|          0|
    |data_74_val_int_reg                       |   4|   0|    4|          0|
    |data_74_val_read_reg_11268                |   4|   0|    4|          0|
    |data_74_val_read_reg_11268_pp0_iter1_reg  |   4|   0|    4|          0|
    |data_75_val_int_reg                       |   4|   0|    4|          0|
    |data_75_val_read_reg_11262                |   4|   0|    4|          0|
    |data_75_val_read_reg_11262_pp0_iter1_reg  |   4|   0|    4|          0|
    |data_76_val_int_reg                       |   4|   0|    4|          0|
    |data_76_val_read_reg_11256                |   4|   0|    4|          0|
    |data_76_val_read_reg_11256_pp0_iter1_reg  |   4|   0|    4|          0|
    |data_77_val_int_reg                       |   4|   0|    4|          0|
    |data_77_val_read_reg_11250                |   4|   0|    4|          0|
    |data_77_val_read_reg_11250_pp0_iter1_reg  |   4|   0|    4|          0|
    |data_78_val_int_reg                       |   4|   0|    4|          0|
    |data_78_val_read_reg_11244                |   4|   0|    4|          0|
    |data_78_val_read_reg_11244_pp0_iter1_reg  |   4|   0|    4|          0|
    |data_79_val_int_reg                       |   4|   0|    4|          0|
    |data_79_val_read_reg_11238                |   4|   0|    4|          0|
    |data_79_val_read_reg_11238_pp0_iter1_reg  |   4|   0|    4|          0|
    |data_80_val_int_reg                       |   4|   0|    4|          0|
    |data_80_val_read_reg_11232                |   4|   0|    4|          0|
    |data_80_val_read_reg_11232_pp0_iter1_reg  |   4|   0|    4|          0|
    |data_81_val_int_reg                       |   4|   0|    4|          0|
    |data_81_val_read_reg_11226                |   4|   0|    4|          0|
    |data_82_val_int_reg                       |   4|   0|    4|          0|
    |data_82_val_read_reg_11220                |   4|   0|    4|          0|
    |data_82_val_read_reg_11220_pp0_iter1_reg  |   4|   0|    4|          0|
    |data_83_val_int_reg                       |   4|   0|    4|          0|
    |data_83_val_read_reg_11214                |   4|   0|    4|          0|
    |data_83_val_read_reg_11214_pp0_iter1_reg  |   4|   0|    4|          0|
    |data_84_val_int_reg                       |   4|   0|    4|          0|
    |data_84_val_read_reg_11208                |   4|   0|    4|          0|
    |data_84_val_read_reg_11208_pp0_iter1_reg  |   4|   0|    4|          0|
    |data_85_val_int_reg                       |   4|   0|    4|          0|
    |data_85_val_read_reg_11202                |   4|   0|    4|          0|
    |data_85_val_read_reg_11202_pp0_iter1_reg  |   4|   0|    4|          0|
    |data_86_val_int_reg                       |   4|   0|    4|          0|
    |data_86_val_read_reg_11196                |   4|   0|    4|          0|
    |data_86_val_read_reg_11196_pp0_iter1_reg  |   4|   0|    4|          0|
    |data_87_val_int_reg                       |   4|   0|    4|          0|
    |data_87_val_read_reg_11190                |   4|   0|    4|          0|
    |data_87_val_read_reg_11190_pp0_iter1_reg  |   4|   0|    4|          0|
    |data_88_val_int_reg                       |   4|   0|    4|          0|
    |data_88_val_read_reg_11184                |   4|   0|    4|          0|
    |data_88_val_read_reg_11184_pp0_iter1_reg  |   4|   0|    4|          0|
    |data_89_val_int_reg                       |   4|   0|    4|          0|
    |data_89_val_read_reg_11178                |   4|   0|    4|          0|
    |data_90_val_int_reg                       |   4|   0|    4|          0|
    |data_90_val_read_reg_11172                |   4|   0|    4|          0|
    |data_91_val_int_reg                       |   4|   0|    4|          0|
    |data_91_val_read_reg_11166                |   4|   0|    4|          0|
    |data_92_val_int_reg                       |   4|   0|    4|          0|
    |data_92_val_read_reg_11160                |   4|   0|    4|          0|
    |data_93_val_int_reg                       |   4|   0|    4|          0|
    |data_93_val_read_reg_11154                |   4|   0|    4|          0|
    |data_94_val_int_reg                       |   4|   0|    4|          0|
    |data_94_val_read_reg_11148                |   4|   0|    4|          0|
    |data_95_val_int_reg                       |   4|   0|    4|          0|
    |data_95_val_read_reg_11142                |   4|   0|    4|          0|
    |data_95_val_read_reg_11142_pp0_iter1_reg  |   4|   0|    4|          0|
    |sext_ln58_18855_reg_11493                 |   7|   0|    7|          0|
    |sext_ln58_18859_reg_11498                 |   7|   0|    7|          0|
    |sext_ln58_18862_reg_11513                 |   7|   0|    7|          0|
    |sext_ln58_18863_reg_11518                 |   7|   0|    7|          0|
    |sext_ln58_18866_reg_11528                 |   6|   0|    6|          0|
    |sext_ln58_18867_reg_11534                 |   7|   0|    7|          0|
    |sext_ln58_18873_reg_11606                 |   6|   0|    6|          0|
    |sext_ln58_18874_reg_11615                 |   7|   0|    7|          0|
    |sext_ln58_18886_reg_11652                 |   7|   0|    7|          0|
    |sext_ln58_18902_reg_11687                 |   6|   0|    6|          0|
    |sext_ln58_18908_reg_11703                 |   6|   0|    6|          0|
    |sext_ln58_18909_reg_11715                 |   6|   0|    6|          0|
    |sext_ln58_18913_reg_11731                 |   6|   0|    6|          0|
    |sext_ln58_18940_reg_11764                 |   6|   0|    6|          0|
    |sext_ln58_18947_reg_11778                 |   6|   0|    6|          0|
    |sext_ln58_18956_reg_11788                 |   6|   0|    6|          0|
    |sext_ln58_18957_reg_11794                 |   6|   0|    6|          0|
    |sext_ln58_18958_reg_11804                 |   6|   0|    6|          0|
    |sext_ln58_18959_reg_11814                 |   6|   0|    6|          0|
    |sext_ln58_18960_reg_11823                 |   6|   0|    6|          0|
    |sext_ln58_18961_reg_11831                 |   6|   0|    6|          0|
    |sext_ln58_18962_reg_11840                 |   6|   0|    6|          0|
    |sext_ln58_18971_reg_11849                 |   6|   0|    6|          0|
    |sext_ln58_18972_reg_12595                 |   7|   0|    7|          0|
    |sext_ln58_18973_reg_11865                 |   6|   0|    6|          0|
    |sext_ln58_18974_reg_11877                 |   6|   0|    6|          0|
    |sext_ln58_18996_reg_12633                 |   7|   0|    7|          0|
    |sext_ln58_19034_reg_12697                 |   7|   0|    7|          0|
    |sext_ln58_19038_reg_11984                 |   6|   0|    6|          0|
    |sext_ln58_19108_reg_12075                 |   6|   0|    6|          0|
    |sext_ln58_19207_reg_13005                 |   7|   0|    7|          0|
    |sext_ln58_19255_reg_13092                 |   7|   0|    7|          0|
    |sext_ln58_19268_reg_13118                 |   7|   0|    7|          0|
    |sext_ln58_19319_reg_13198                 |   7|   0|    7|          0|
    |sext_ln58_19390_reg_13324                 |   7|   0|    7|          0|
    |sext_ln58_19474_reg_13466                 |   7|   0|    7|          0|
    |sext_ln70_11440_reg_11317                 |   5|   0|    5|          0|
    |sext_ln70_11443_reg_11329                 |   5|   0|    5|          0|
    |sub_ln58_1001_reg_11577                   |   7|   0|    7|          0|
    |sub_ln58_1002_reg_11583                   |   7|   0|    7|          0|
    |sub_ln58_1003_reg_11589                   |   6|   0|    6|          0|
    |sub_ln58_1004_reg_11600                   |   7|   0|    7|          0|
    |sub_ln58_1012_reg_11671                   |   5|   0|    5|          0|
    |sub_ln58_1014_reg_11676                   |   5|   0|    5|          0|
    |sub_ln58_1017_reg_11725                   |   6|   0|    6|          0|
    |sub_ln58_1017_reg_11725_pp0_iter2_reg     |   6|   0|    6|          0|
    |sub_ln58_1018_reg_11739                   |   6|   0|    6|          0|
    |sub_ln58_1019_reg_11744                   |   6|   0|    6|          0|
    |sub_ln58_1020_reg_11749                   |   5|   0|    5|          0|
    |sub_ln58_1022_reg_12575                   |   6|   0|    6|          0|
    |sub_ln58_1023_reg_12585                   |   6|   0|    6|          0|
    |sub_ln58_1026_reg_11857                   |   6|   0|    6|          0|
    |sub_ln58_1027_reg_11883                   |   6|   0|    6|          0|
    |sub_ln58_1031_reg_12642                   |   6|   0|    6|          0|
    |sub_ln58_1035_reg_12672                   |   6|   0|    6|          0|
    |sub_ln58_1036_reg_12677                   |   6|   0|    6|          0|
    |sub_ln58_1037_reg_11954                   |   5|   0|    5|          0|
    |sub_ln58_1042_reg_11975                   |   6|   0|    6|          0|
    |sub_ln58_1043_reg_11991                   |   6|   0|    6|          0|
    |sub_ln58_1044_reg_12003                   |   5|   0|    5|          0|
    |sub_ln58_1046_reg_12733                   |   6|   0|    6|          0|
    |sub_ln58_1047_reg_12738                   |   6|   0|    6|          0|
    |sub_ln58_1048_reg_12030                   |   5|   0|    5|          0|
    |sub_ln58_1050_reg_12758                   |   6|   0|    6|          0|
    |sub_ln58_1051_reg_12768                   |   6|   0|    6|          0|
    |sub_ln58_1054_reg_12793                   |   6|   0|    6|          0|
    |sub_ln58_1055_reg_12813                   |   6|   0|    6|          0|
    |sub_ln58_1056_reg_12823                   |   6|   0|    6|          0|
    |sub_ln58_1057_reg_12833                   |   6|   0|    6|          0|
    |sub_ln58_1058_reg_12083                   |   6|   0|    6|          0|
    |sub_ln58_1059_reg_12853                   |   6|   0|    6|          0|
    |sub_ln58_1060_reg_12858                   |   6|   0|    6|          0|
    |sub_ln58_1062_reg_12115                   |   6|   0|    6|          0|
    |sub_ln58_1062_reg_12115_pp0_iter2_reg     |   6|   0|    6|          0|
    |sub_ln58_1064_reg_12883                   |   6|   0|    6|          0|
    |sub_ln58_1065_reg_12888                   |   6|   0|    6|          0|
    |sub_ln58_1071_reg_12173                   |   5|   0|    5|          0|
    |sub_ln58_1072_reg_12939                   |   6|   0|    6|          0|
    |sub_ln58_1074_reg_12964                   |   6|   0|    6|          0|
    |sub_ln58_1075_reg_12969                   |   6|   0|    6|          0|
    |sub_ln58_1076_reg_12203                   |   6|   0|    6|          0|
    |sub_ln58_1081_reg_13061                   |   6|   0|    6|          0|
    |sub_ln58_1083_reg_12239                   |   5|   0|    5|          0|
    |sub_ln58_1086_reg_12249                   |   5|   0|    5|          0|
    |sub_ln58_1090_reg_13173                   |   6|   0|    6|          0|
    |sub_ln58_1091_reg_12284                   |   5|   0|    5|          0|
    |sub_ln58_1094_reg_13233                   |   6|   0|    6|          0|
    |sub_ln58_1099_reg_12324                   |   6|   0|    6|          0|
    |sub_ln58_1099_reg_12324_pp0_iter2_reg     |   6|   0|    6|          0|
    |sub_ln58_1107_reg_13410                   |   6|   0|    6|          0|
    |sub_ln58_1109_reg_12380                   |   5|   0|    5|          0|
    |sub_ln58_1110_reg_13436                   |   6|   0|    6|          0|
    |sub_ln58_1112_reg_13496                   |   6|   0|    6|          0|
    |sub_ln58_1114_reg_12400                   |   6|   0|    6|          0|
    |sub_ln58_1115_reg_12406                   |   5|   0|    5|          0|
    |sub_ln58_1122_reg_12426                   |   5|   0|    5|          0|
    |sub_ln58_1124_reg_12441                   |   5|   0|    5|          0|
    |sub_ln58_1134_reg_13816                   |   6|   0|    6|          0|
    |sub_ln58_1136_reg_12471                   |   5|   0|    5|          0|
    |sub_ln58_1141_reg_13896                   |   6|   0|    6|          0|
    |sub_ln58_1144_reg_13946                   |   6|   0|    6|          0|
    |sub_ln58_1146_reg_13981                   |   6|   0|    6|          0|
    |sub_ln58_1147_reg_12506                   |   5|   0|    5|          0|
    |sub_ln58_18_reg_11357                     |   6|   0|    6|          0|
    |sub_ln58_992_reg_11351                    |   6|   0|    6|          0|
    |sub_ln58_993_reg_11368                    |   6|   0|    6|          0|
    |sub_ln58_994_reg_11374                    |   6|   0|    6|          0|
    |sub_ln58_995_reg_11380                    |   6|   0|    6|          0|
    |sub_ln58_998_reg_11553                    |   7|   0|    7|          0|
    |sub_ln58_999_reg_11559                    |   7|   0|    7|          0|
    |sub_ln73_1204_reg_11398                   |   5|   0|    5|          0|
    |sub_ln73_1205_reg_11345                   |   5|   0|    5|          0|
    |sub_ln73_1205_reg_11345_pp0_iter1_reg     |   5|   0|    5|          0|
    |sub_ln73_1206_reg_11404                   |   5|   0|    5|          0|
    |sub_ln73_1207_reg_11410                   |   5|   0|    5|          0|
    |sub_ln73_1208_reg_11415                   |   5|   0|    5|          0|
    |sub_ln73_1210_reg_11420                   |   5|   0|    5|          0|
    |sub_ln73_1210_reg_11420_pp0_iter2_reg     |   5|   0|    5|          0|
    |sub_ln73_1211_reg_11426                   |   5|   0|    5|          0|
    |sub_ln73_1211_reg_11426_pp0_iter2_reg     |   5|   0|    5|          0|
    |sub_ln73_1212_reg_11432                   |   5|   0|    5|          0|
    |sub_ln73_1212_reg_11432_pp0_iter2_reg     |   5|   0|    5|          0|
    |sub_ln73_1213_reg_11438                   |   5|   0|    5|          0|
    |sub_ln73_1214_reg_11443                   |   5|   0|    5|          0|
    |sub_ln73_1215_reg_11448                   |   5|   0|    5|          0|
    |sub_ln73_1216_reg_11453                   |   5|   0|    5|          0|
    |sub_ln73_1217_reg_11458                   |   5|   0|    5|          0|
    |sub_ln73_1218_reg_11463                   |   5|   0|    5|          0|
    |sub_ln73_1220_reg_11468                   |   5|   0|    5|          0|
    |sub_ln73_1221_reg_11473                   |   5|   0|    5|          0|
    |sub_ln73_1222_reg_11478                   |   5|   0|    5|          0|
    |sub_ln73_1223_reg_11483                   |   5|   0|    5|          0|
    |sub_ln73_1224_reg_11488                   |   5|   0|    5|          0|
    |sub_ln73_reg_11324                        |   5|   0|    5|          0|
    +------------------------------------------+----+----+-----+-----------+
    |Total                                     |3648|   0| 3648|          0|
    +------------------------------------------+----+----+-----+-----------+



================================================================
== Interface
================================================================
* Summary: 
+--------------+-----+-----+------------+------------------------------------------------------------------------------------+--------------+
|   RTL Ports  | Dir | Bits|  Protocol  |                                    Source Object                                   |    C Type    |
+--------------+-----+-----+------------+------------------------------------------------------------------------------------+--------------+
|ap_clk        |   in|    1|  ap_ctrl_hs|  dense_latency<ap_fixed<4, 2, 5, 3, 0>, ap_fixed<9, 7, 4, 0, 0>, config65_dense>.79|  return value|
|ap_rst        |   in|    1|  ap_ctrl_hs|  dense_latency<ap_fixed<4, 2, 5, 3, 0>, ap_fixed<9, 7, 4, 0, 0>, config65_dense>.79|  return value|
|ap_return_0   |  out|    9|  ap_ctrl_hs|  dense_latency<ap_fixed<4, 2, 5, 3, 0>, ap_fixed<9, 7, 4, 0, 0>, config65_dense>.79|  return value|
|ap_return_1   |  out|    9|  ap_ctrl_hs|  dense_latency<ap_fixed<4, 2, 5, 3, 0>, ap_fixed<9, 7, 4, 0, 0>, config65_dense>.79|  return value|
|ap_return_2   |  out|    9|  ap_ctrl_hs|  dense_latency<ap_fixed<4, 2, 5, 3, 0>, ap_fixed<9, 7, 4, 0, 0>, config65_dense>.79|  return value|
|ap_return_3   |  out|    9|  ap_ctrl_hs|  dense_latency<ap_fixed<4, 2, 5, 3, 0>, ap_fixed<9, 7, 4, 0, 0>, config65_dense>.79|  return value|
|ap_return_4   |  out|    9|  ap_ctrl_hs|  dense_latency<ap_fixed<4, 2, 5, 3, 0>, ap_fixed<9, 7, 4, 0, 0>, config65_dense>.79|  return value|
|ap_return_5   |  out|    9|  ap_ctrl_hs|  dense_latency<ap_fixed<4, 2, 5, 3, 0>, ap_fixed<9, 7, 4, 0, 0>, config65_dense>.79|  return value|
|ap_return_6   |  out|    9|  ap_ctrl_hs|  dense_latency<ap_fixed<4, 2, 5, 3, 0>, ap_fixed<9, 7, 4, 0, 0>, config65_dense>.79|  return value|
|ap_return_7   |  out|    9|  ap_ctrl_hs|  dense_latency<ap_fixed<4, 2, 5, 3, 0>, ap_fixed<9, 7, 4, 0, 0>, config65_dense>.79|  return value|
|ap_return_8   |  out|    9|  ap_ctrl_hs|  dense_latency<ap_fixed<4, 2, 5, 3, 0>, ap_fixed<9, 7, 4, 0, 0>, config65_dense>.79|  return value|
|ap_return_9   |  out|    9|  ap_ctrl_hs|  dense_latency<ap_fixed<4, 2, 5, 3, 0>, ap_fixed<9, 7, 4, 0, 0>, config65_dense>.79|  return value|
|ap_return_10  |  out|    9|  ap_ctrl_hs|  dense_latency<ap_fixed<4, 2, 5, 3, 0>, ap_fixed<9, 7, 4, 0, 0>, config65_dense>.79|  return value|
|ap_return_11  |  out|    9|  ap_ctrl_hs|  dense_latency<ap_fixed<4, 2, 5, 3, 0>, ap_fixed<9, 7, 4, 0, 0>, config65_dense>.79|  return value|
|ap_return_12  |  out|    9|  ap_ctrl_hs|  dense_latency<ap_fixed<4, 2, 5, 3, 0>, ap_fixed<9, 7, 4, 0, 0>, config65_dense>.79|  return value|
|ap_return_13  |  out|    9|  ap_ctrl_hs|  dense_latency<ap_fixed<4, 2, 5, 3, 0>, ap_fixed<9, 7, 4, 0, 0>, config65_dense>.79|  return value|
|ap_return_14  |  out|    9|  ap_ctrl_hs|  dense_latency<ap_fixed<4, 2, 5, 3, 0>, ap_fixed<9, 7, 4, 0, 0>, config65_dense>.79|  return value|
|ap_return_15  |  out|    9|  ap_ctrl_hs|  dense_latency<ap_fixed<4, 2, 5, 3, 0>, ap_fixed<9, 7, 4, 0, 0>, config65_dense>.79|  return value|
|ap_return_16  |  out|    9|  ap_ctrl_hs|  dense_latency<ap_fixed<4, 2, 5, 3, 0>, ap_fixed<9, 7, 4, 0, 0>, config65_dense>.79|  return value|
|ap_return_17  |  out|    9|  ap_ctrl_hs|  dense_latency<ap_fixed<4, 2, 5, 3, 0>, ap_fixed<9, 7, 4, 0, 0>, config65_dense>.79|  return value|
|ap_return_18  |  out|    9|  ap_ctrl_hs|  dense_latency<ap_fixed<4, 2, 5, 3, 0>, ap_fixed<9, 7, 4, 0, 0>, config65_dense>.79|  return value|
|ap_return_19  |  out|    9|  ap_ctrl_hs|  dense_latency<ap_fixed<4, 2, 5, 3, 0>, ap_fixed<9, 7, 4, 0, 0>, config65_dense>.79|  return value|
|ap_return_20  |  out|    9|  ap_ctrl_hs|  dense_latency<ap_fixed<4, 2, 5, 3, 0>, ap_fixed<9, 7, 4, 0, 0>, config65_dense>.79|  return value|
|ap_return_21  |  out|    9|  ap_ctrl_hs|  dense_latency<ap_fixed<4, 2, 5, 3, 0>, ap_fixed<9, 7, 4, 0, 0>, config65_dense>.79|  return value|
|ap_return_22  |  out|    9|  ap_ctrl_hs|  dense_latency<ap_fixed<4, 2, 5, 3, 0>, ap_fixed<9, 7, 4, 0, 0>, config65_dense>.79|  return value|
|ap_return_23  |  out|    9|  ap_ctrl_hs|  dense_latency<ap_fixed<4, 2, 5, 3, 0>, ap_fixed<9, 7, 4, 0, 0>, config65_dense>.79|  return value|
|ap_return_24  |  out|    9|  ap_ctrl_hs|  dense_latency<ap_fixed<4, 2, 5, 3, 0>, ap_fixed<9, 7, 4, 0, 0>, config65_dense>.79|  return value|
|ap_return_25  |  out|    9|  ap_ctrl_hs|  dense_latency<ap_fixed<4, 2, 5, 3, 0>, ap_fixed<9, 7, 4, 0, 0>, config65_dense>.79|  return value|
|ap_return_26  |  out|    9|  ap_ctrl_hs|  dense_latency<ap_fixed<4, 2, 5, 3, 0>, ap_fixed<9, 7, 4, 0, 0>, config65_dense>.79|  return value|
|ap_return_27  |  out|    9|  ap_ctrl_hs|  dense_latency<ap_fixed<4, 2, 5, 3, 0>, ap_fixed<9, 7, 4, 0, 0>, config65_dense>.79|  return value|
|ap_return_28  |  out|    9|  ap_ctrl_hs|  dense_latency<ap_fixed<4, 2, 5, 3, 0>, ap_fixed<9, 7, 4, 0, 0>, config65_dense>.79|  return value|
|ap_return_29  |  out|    9|  ap_ctrl_hs|  dense_latency<ap_fixed<4, 2, 5, 3, 0>, ap_fixed<9, 7, 4, 0, 0>, config65_dense>.79|  return value|
|ap_return_30  |  out|    9|  ap_ctrl_hs|  dense_latency<ap_fixed<4, 2, 5, 3, 0>, ap_fixed<9, 7, 4, 0, 0>, config65_dense>.79|  return value|
|ap_return_31  |  out|    9|  ap_ctrl_hs|  dense_latency<ap_fixed<4, 2, 5, 3, 0>, ap_fixed<9, 7, 4, 0, 0>, config65_dense>.79|  return value|
|ap_return_32  |  out|    9|  ap_ctrl_hs|  dense_latency<ap_fixed<4, 2, 5, 3, 0>, ap_fixed<9, 7, 4, 0, 0>, config65_dense>.79|  return value|
|ap_return_33  |  out|    9|  ap_ctrl_hs|  dense_latency<ap_fixed<4, 2, 5, 3, 0>, ap_fixed<9, 7, 4, 0, 0>, config65_dense>.79|  return value|
|ap_return_34  |  out|    9|  ap_ctrl_hs|  dense_latency<ap_fixed<4, 2, 5, 3, 0>, ap_fixed<9, 7, 4, 0, 0>, config65_dense>.79|  return value|
|ap_return_35  |  out|    9|  ap_ctrl_hs|  dense_latency<ap_fixed<4, 2, 5, 3, 0>, ap_fixed<9, 7, 4, 0, 0>, config65_dense>.79|  return value|
|ap_return_36  |  out|    9|  ap_ctrl_hs|  dense_latency<ap_fixed<4, 2, 5, 3, 0>, ap_fixed<9, 7, 4, 0, 0>, config65_dense>.79|  return value|
|ap_return_37  |  out|    9|  ap_ctrl_hs|  dense_latency<ap_fixed<4, 2, 5, 3, 0>, ap_fixed<9, 7, 4, 0, 0>, config65_dense>.79|  return value|
|ap_return_38  |  out|    9|  ap_ctrl_hs|  dense_latency<ap_fixed<4, 2, 5, 3, 0>, ap_fixed<9, 7, 4, 0, 0>, config65_dense>.79|  return value|
|ap_return_39  |  out|    9|  ap_ctrl_hs|  dense_latency<ap_fixed<4, 2, 5, 3, 0>, ap_fixed<9, 7, 4, 0, 0>, config65_dense>.79|  return value|
|ap_return_40  |  out|    9|  ap_ctrl_hs|  dense_latency<ap_fixed<4, 2, 5, 3, 0>, ap_fixed<9, 7, 4, 0, 0>, config65_dense>.79|  return value|
|ap_return_41  |  out|    9|  ap_ctrl_hs|  dense_latency<ap_fixed<4, 2, 5, 3, 0>, ap_fixed<9, 7, 4, 0, 0>, config65_dense>.79|  return value|
|ap_return_42  |  out|    9|  ap_ctrl_hs|  dense_latency<ap_fixed<4, 2, 5, 3, 0>, ap_fixed<9, 7, 4, 0, 0>, config65_dense>.79|  return value|
|ap_return_43  |  out|    9|  ap_ctrl_hs|  dense_latency<ap_fixed<4, 2, 5, 3, 0>, ap_fixed<9, 7, 4, 0, 0>, config65_dense>.79|  return value|
|ap_return_44  |  out|    9|  ap_ctrl_hs|  dense_latency<ap_fixed<4, 2, 5, 3, 0>, ap_fixed<9, 7, 4, 0, 0>, config65_dense>.79|  return value|
|ap_return_45  |  out|    9|  ap_ctrl_hs|  dense_latency<ap_fixed<4, 2, 5, 3, 0>, ap_fixed<9, 7, 4, 0, 0>, config65_dense>.79|  return value|
|ap_return_46  |  out|    9|  ap_ctrl_hs|  dense_latency<ap_fixed<4, 2, 5, 3, 0>, ap_fixed<9, 7, 4, 0, 0>, config65_dense>.79|  return value|
|ap_return_47  |  out|    9|  ap_ctrl_hs|  dense_latency<ap_fixed<4, 2, 5, 3, 0>, ap_fixed<9, 7, 4, 0, 0>, config65_dense>.79|  return value|
|ap_return_48  |  out|    9|  ap_ctrl_hs|  dense_latency<ap_fixed<4, 2, 5, 3, 0>, ap_fixed<9, 7, 4, 0, 0>, config65_dense>.79|  return value|
|ap_return_49  |  out|    9|  ap_ctrl_hs|  dense_latency<ap_fixed<4, 2, 5, 3, 0>, ap_fixed<9, 7, 4, 0, 0>, config65_dense>.79|  return value|
|ap_return_50  |  out|    9|  ap_ctrl_hs|  dense_latency<ap_fixed<4, 2, 5, 3, 0>, ap_fixed<9, 7, 4, 0, 0>, config65_dense>.79|  return value|
|ap_return_51  |  out|    9|  ap_ctrl_hs|  dense_latency<ap_fixed<4, 2, 5, 3, 0>, ap_fixed<9, 7, 4, 0, 0>, config65_dense>.79|  return value|
|ap_return_52  |  out|    9|  ap_ctrl_hs|  dense_latency<ap_fixed<4, 2, 5, 3, 0>, ap_fixed<9, 7, 4, 0, 0>, config65_dense>.79|  return value|
|ap_return_53  |  out|    9|  ap_ctrl_hs|  dense_latency<ap_fixed<4, 2, 5, 3, 0>, ap_fixed<9, 7, 4, 0, 0>, config65_dense>.79|  return value|
|ap_return_54  |  out|    9|  ap_ctrl_hs|  dense_latency<ap_fixed<4, 2, 5, 3, 0>, ap_fixed<9, 7, 4, 0, 0>, config65_dense>.79|  return value|
|ap_return_55  |  out|    9|  ap_ctrl_hs|  dense_latency<ap_fixed<4, 2, 5, 3, 0>, ap_fixed<9, 7, 4, 0, 0>, config65_dense>.79|  return value|
|ap_return_56  |  out|    9|  ap_ctrl_hs|  dense_latency<ap_fixed<4, 2, 5, 3, 0>, ap_fixed<9, 7, 4, 0, 0>, config65_dense>.79|  return value|
|ap_return_57  |  out|    9|  ap_ctrl_hs|  dense_latency<ap_fixed<4, 2, 5, 3, 0>, ap_fixed<9, 7, 4, 0, 0>, config65_dense>.79|  return value|
|ap_return_58  |  out|    9|  ap_ctrl_hs|  dense_latency<ap_fixed<4, 2, 5, 3, 0>, ap_fixed<9, 7, 4, 0, 0>, config65_dense>.79|  return value|
|ap_return_59  |  out|    9|  ap_ctrl_hs|  dense_latency<ap_fixed<4, 2, 5, 3, 0>, ap_fixed<9, 7, 4, 0, 0>, config65_dense>.79|  return value|
|ap_return_60  |  out|    9|  ap_ctrl_hs|  dense_latency<ap_fixed<4, 2, 5, 3, 0>, ap_fixed<9, 7, 4, 0, 0>, config65_dense>.79|  return value|
|ap_return_61  |  out|    9|  ap_ctrl_hs|  dense_latency<ap_fixed<4, 2, 5, 3, 0>, ap_fixed<9, 7, 4, 0, 0>, config65_dense>.79|  return value|
|ap_return_62  |  out|    9|  ap_ctrl_hs|  dense_latency<ap_fixed<4, 2, 5, 3, 0>, ap_fixed<9, 7, 4, 0, 0>, config65_dense>.79|  return value|
|ap_return_63  |  out|    9|  ap_ctrl_hs|  dense_latency<ap_fixed<4, 2, 5, 3, 0>, ap_fixed<9, 7, 4, 0, 0>, config65_dense>.79|  return value|
|ap_ce         |   in|    1|  ap_ctrl_hs|  dense_latency<ap_fixed<4, 2, 5, 3, 0>, ap_fixed<9, 7, 4, 0, 0>, config65_dense>.79|  return value|
|data_64_val   |   in|    4|     ap_none|                                                                         data_64_val|        scalar|
|data_65_val   |   in|    4|     ap_none|                                                                         data_65_val|        scalar|
|data_66_val   |   in|    4|     ap_none|                                                                         data_66_val|        scalar|
|data_67_val   |   in|    4|     ap_none|                                                                         data_67_val|        scalar|
|data_68_val   |   in|    4|     ap_none|                                                                         data_68_val|        scalar|
|data_69_val   |   in|    4|     ap_none|                                                                         data_69_val|        scalar|
|data_70_val   |   in|    4|     ap_none|                                                                         data_70_val|        scalar|
|data_71_val   |   in|    4|     ap_none|                                                                         data_71_val|        scalar|
|data_72_val   |   in|    4|     ap_none|                                                                         data_72_val|        scalar|
|data_73_val   |   in|    4|     ap_none|                                                                         data_73_val|        scalar|
|data_74_val   |   in|    4|     ap_none|                                                                         data_74_val|        scalar|
|data_75_val   |   in|    4|     ap_none|                                                                         data_75_val|        scalar|
|data_76_val   |   in|    4|     ap_none|                                                                         data_76_val|        scalar|
|data_77_val   |   in|    4|     ap_none|                                                                         data_77_val|        scalar|
|data_78_val   |   in|    4|     ap_none|                                                                         data_78_val|        scalar|
|data_79_val   |   in|    4|     ap_none|                                                                         data_79_val|        scalar|
|data_80_val   |   in|    4|     ap_none|                                                                         data_80_val|        scalar|
|data_81_val   |   in|    4|     ap_none|                                                                         data_81_val|        scalar|
|data_82_val   |   in|    4|     ap_none|                                                                         data_82_val|        scalar|
|data_83_val   |   in|    4|     ap_none|                                                                         data_83_val|        scalar|
|data_84_val   |   in|    4|     ap_none|                                                                         data_84_val|        scalar|
|data_85_val   |   in|    4|     ap_none|                                                                         data_85_val|        scalar|
|data_86_val   |   in|    4|     ap_none|                                                                         data_86_val|        scalar|
|data_87_val   |   in|    4|     ap_none|                                                                         data_87_val|        scalar|
|data_88_val   |   in|    4|     ap_none|                                                                         data_88_val|        scalar|
|data_89_val   |   in|    4|     ap_none|                                                                         data_89_val|        scalar|
|data_90_val   |   in|    4|     ap_none|                                                                         data_90_val|        scalar|
|data_91_val   |   in|    4|     ap_none|                                                                         data_91_val|        scalar|
|data_92_val   |   in|    4|     ap_none|                                                                         data_92_val|        scalar|
|data_93_val   |   in|    4|     ap_none|                                                                         data_93_val|        scalar|
|data_94_val   |   in|    4|     ap_none|                                                                         data_94_val|        scalar|
|data_95_val   |   in|    4|     ap_none|                                                                         data_95_val|        scalar|
+--------------+-----+-----+------------+------------------------------------------------------------------------------------+--------------+

