

================================================================
== Vitis HLS Report for 'dense_latency_ap_fixed_4_2_5_3_0_ap_fixed_9_7_4_0_0_config9_dense_s'
================================================================
* Date:           Thu Aug 13 13:52:47 2026

* Version:        2023.2 (Build 4023990 on Oct 11 2023)
* Project:        myproject_prj
* Solution:       solution1 (Vivado IP Flow Target)
* Product family: virtexuplus
* Target device:  xcvu13p-flga2577-2-e


================================================================
== Performance Estimates
================================================================
+ Timing: 
    * Summary: 
    +--------+---------+----------+------------+
    |  Clock |  Target | Estimated| Uncertainty|
    +--------+---------+----------+------------+
    |ap_clk  |  2.50 ns|  1.676 ns|     0.68 ns|
    +--------+---------+----------+------------+

+ Latency: 
    * Summary: 
    +---------+---------+-----------+-----------+-----+-----+---------+
    |  Latency (cycles) |   Latency (absolute)  |  Interval | Pipeline|
    |   min   |   max   |    min    |    max    | min | max |   Type  |
    +---------+---------+-----------+-----------+-----+-----+---------+
    |        4|        4|  10.000 ns|  10.000 ns|    1|    1|      yes|
    +---------+---------+-----------+-----------+-----+-----+---------+

    + Detail: 
        * Instance: 
        N/A

        * Loop: 
        N/A



================================================================
== Utilization Estimates
================================================================
* Summary: 
+---------------------+---------+-------+---------+---------+------+
|         Name        | BRAM_18K|  DSP  |    FF   |   LUT   | URAM |
+---------------------+---------+-------+---------+---------+------+
|DSP                  |        -|      -|        -|        -|     -|
|Expression           |        -|      -|        0|    10350|     -|
|FIFO                 |        -|      -|        -|        -|     -|
|Instance             |        -|      -|        -|        -|     -|
|Memory               |        -|      -|        -|        -|     -|
|Multiplexer          |        -|      -|        -|        -|     -|
|Register             |        -|      -|     3514|      480|     -|
+---------------------+---------+-------+---------+---------+------+
|Total                |        0|      0|     3514|    10830|     0|
+---------------------+---------+-------+---------+---------+------+
|Available SLR        |     1344|   3072|   864000|   432000|   320|
+---------------------+---------+-------+---------+---------+------+
|Utilization SLR (%)  |        0|      0|       ~0|        2|     0|
+---------------------+---------+-------+---------+---------+------+
|Available            |     5376|  12288|  3456000|  1728000|  1280|
+---------------------+---------+-------+---------+---------+------+
|Utilization (%)      |        0|      0|       ~0|       ~0|     0|
+---------------------+---------+-------+---------+---------+------+

+ Detail: 
    * Instance: 
    N/A

    * DSP: 
    N/A

    * Memory: 
    N/A

    * FIFO: 
    N/A

    * Expression: 
    +---------------------------+----------+----+---+-----+------------+------------+
    |       Variable Name       | Operation| DSP| FF| LUT | Bitwidth P0| Bitwidth P1|
    +---------------------------+----------+----+---+-----+------------+------------+
    |add_ln58_22159_fu_481_p2   |         +|   0|  0|   13|           6|           6|
    |add_ln58_22160_fu_491_p2   |         +|   0|  0|   12|           5|           5|
    |add_ln58_22161_fu_497_p2   |         +|   0|  0|   13|           6|           6|
    |add_ln58_22162_fu_1406_p2  |         +|   0|  0|   14|           7|           7|
    |add_ln58_22163_fu_503_p2   |         +|   0|  0|   14|           7|           7|
    |add_ln58_22164_fu_509_p2   |         +|   0|  0|   13|           6|           6|
    |add_ln58_22165_fu_1414_p2  |         +|   0|  0|   14|           7|           7|
    |add_ln58_22166_fu_1420_p2  |         +|   0|  0|   13|           6|           6|
    |add_ln58_22167_fu_1429_p2  |         +|   0|  0|   13|           6|           6|
    |add_ln58_22168_fu_1439_p2  |         +|   0|  0|   14|           7|           7|
    |add_ln58_22169_fu_1444_p2  |         +|   0|  0|   14|           7|           7|
    |add_ln58_22170_fu_1449_p2  |         +|   0|  0|   14|           7|           7|
    |add_ln58_22171_fu_1455_p2  |         +|   0|  0|   14|           7|           7|
    |add_ln58_22172_fu_1461_p2  |         +|   0|  0|   14|           7|           7|
    |add_ln58_22173_fu_1466_p2  |         +|   0|  0|   14|           7|           7|
    |add_ln58_22174_fu_1472_p2  |         +|   0|  0|   14|           7|           7|
    |add_ln58_22175_fu_1478_p2  |         +|   0|  0|   14|           7|           7|
    |add_ln58_22176_fu_2401_p2  |         +|   0|  0|   14|           7|           7|
    |add_ln58_22177_fu_1484_p2  |         +|   0|  0|   12|           5|           5|
    |add_ln58_22178_fu_1494_p2  |         +|   0|  0|   14|           7|           7|
    |add_ln58_22179_fu_1500_p2  |         +|   0|  0|   13|           6|           6|
    |add_ln58_22180_fu_1510_p2  |         +|   0|  0|   14|           7|           7|
    |add_ln58_22181_fu_2415_p2  |         +|   0|  0|   15|           8|           8|
    |add_ln58_22182_fu_2421_p2  |         +|   0|  0|   15|           8|           8|
    |add_ln58_22183_fu_1516_p2  |         +|   0|  0|   13|           6|           6|
    |add_ln58_22184_fu_1526_p2  |         +|   0|  0|   14|           7|           7|
    |add_ln58_22185_fu_1532_p2  |         +|   0|  0|   13|           6|           6|
    |add_ln58_22186_fu_1538_p2  |         +|   0|  0|   13|           6|           6|
    |add_ln58_22187_fu_1547_p2  |         +|   0|  0|   14|           7|           7|
    |add_ln58_22188_fu_2436_p2  |         +|   0|  0|   15|           8|           8|
    |add_ln58_22189_fu_2442_p2  |         +|   0|  0|   19|           8|           8|
    |add_ln58_22190_fu_1553_p2  |         +|   0|  0|   13|           6|           6|
    |add_ln58_22191_fu_2451_p2  |         +|   0|  0|   19|           8|           8|
    |add_ln58_22192_fu_1559_p2  |         +|   0|  0|   13|           6|           6|
    |add_ln58_22193_fu_2463_p2  |         +|   0|  0|   15|           8|           8|
    |add_ln58_22194_fu_1565_p2  |         +|   0|  0|   14|           7|           7|
    |add_ln58_22195_fu_1571_p2  |         +|   0|  0|   13|           6|           6|
    |add_ln58_22196_fu_2475_p2  |         +|   0|  0|   19|           8|           8|
    |add_ln58_22197_fu_1577_p2  |         +|   0|  0|   12|           5|           5|
    |add_ln58_22198_fu_1587_p2  |         +|   0|  0|   12|           5|           5|
    |add_ln58_22199_fu_1597_p2  |         +|   0|  0|   13|           6|           6|
    |add_ln58_22200_fu_2484_p2  |         +|   0|  0|   19|           8|           8|
    |add_ln58_22201_fu_2493_p2  |         +|   0|  0|   13|           6|           6|
    |add_ln58_22202_fu_2502_p2  |         +|   0|  0|   15|           8|           8|
    |add_ln58_22203_fu_2508_p2  |         +|   0|  0|   13|           6|           6|
    |add_ln58_22204_fu_2517_p2  |         +|   0|  0|   13|           6|           6|
    |add_ln58_22205_fu_2527_p2  |         +|   0|  0|   14|           7|           7|
    |add_ln58_22206_fu_5686_p2  |         +|   0|  0|   16|           9|           9|
    |add_ln58_22207_fu_2533_p2  |         +|   0|  0|   13|           6|           6|
    |add_ln58_22208_fu_2543_p2  |         +|   0|  0|   14|           7|           7|
    |add_ln58_22209_fu_2549_p2  |         +|   0|  0|   13|           6|           6|
    |add_ln58_22210_fu_1603_p2  |         +|   0|  0|   13|           6|           6|
    |add_ln58_22211_fu_2561_p2  |         +|   0|  0|   14|           7|           7|
    |add_ln58_22212_fu_5698_p2  |         +|   0|  0|   15|           8|           8|
    |add_ln58_22213_fu_5708_p2  |         +|   0|  0|   18|           9|           9|
    |add_ln58_22214_fu_2567_p2  |         +|   0|  0|   13|           6|           6|
    |add_ln58_22215_fu_1609_p2  |         +|   0|  0|   12|           5|           5|
    |add_ln58_22216_fu_1615_p2  |         +|   0|  0|   12|           5|           5|
    |add_ln58_22217_fu_2581_p2  |         +|   0|  0|   13|           6|           6|
    |add_ln58_22218_fu_2591_p2  |         +|   0|  0|   14|           7|           7|
    |add_ln58_22219_fu_1621_p2  |         +|   0|  0|   12|           5|           5|
    |add_ln58_22220_fu_1627_p2  |         +|   0|  0|   12|           5|           5|
    |add_ln58_22221_fu_2600_p2  |         +|   0|  0|   13|           6|           6|
    |add_ln58_22222_fu_1637_p2  |         +|   0|  0|   12|           5|           5|
    |add_ln58_22223_fu_1647_p2  |         +|   0|  0|   12|           5|           5|
    |add_ln58_22224_fu_2612_p2  |         +|   0|  0|   13|           6|           6|
    |add_ln58_22225_fu_2621_p2  |         +|   0|  0|   14|           7|           7|
    |add_ln58_22226_fu_5720_p2  |         +|   0|  0|   15|           8|           8|
    |add_ln58_22227_fu_5730_p2  |         +|   0|  0|   18|           9|           9|
    |add_ln58_22228_fu_1653_p2  |         +|   0|  0|   12|           5|           5|
    |add_ln58_22229_fu_2633_p2  |         +|   0|  0|   19|           8|           8|
    |add_ln58_22230_fu_2639_p2  |         +|   0|  0|   19|           8|           8|
    |add_ln58_22231_fu_2645_p2  |         +|   0|  0|   13|           6|           6|
    |add_ln58_22232_fu_2655_p2  |         +|   0|  0|   14|           7|           7|
    |add_ln58_22233_fu_5745_p2  |         +|   0|  0|   16|           9|           9|
    |add_ln58_22234_fu_2661_p2  |         +|   0|  0|   13|           6|           6|
    |add_ln58_22235_fu_2671_p2  |         +|   0|  0|   14|           7|           7|
    |add_ln58_22236_fu_2677_p2  |         +|   0|  0|   13|           6|           6|
    |add_ln58_22237_fu_2687_p2  |         +|   0|  0|   14|           7|           7|
    |add_ln58_22238_fu_5757_p2  |         +|   0|  0|   15|           8|           8|
    |add_ln58_22239_fu_5767_p2  |         +|   0|  0|   18|           9|           9|
    |add_ln58_22240_fu_1659_p2  |         +|   0|  0|   13|           6|           6|
    |add_ln58_22241_fu_2696_p2  |         +|   0|  0|   14|           7|           7|
    |add_ln58_22242_fu_1665_p2  |         +|   0|  0|   13|           6|           6|
    |add_ln58_22243_fu_2709_p2  |         +|   0|  0|   14|           7|           7|
    |add_ln58_22244_fu_2719_p2  |         +|   0|  0|   15|           8|           8|
    |add_ln58_22245_fu_1671_p2  |         +|   0|  0|   12|           5|           5|
    |add_ln58_22246_fu_1681_p2  |         +|   0|  0|   13|           6|           6|
    |add_ln58_22247_fu_1687_p2  |         +|   0|  0|   12|           5|           5|
    |add_ln58_22248_fu_1693_p2  |         +|   0|  0|   12|           5|           5|
    |add_ln58_22249_fu_2734_p2  |         +|   0|  0|   13|           6|           6|
    |add_ln58_22250_fu_2744_p2  |         +|   0|  0|   14|           7|           7|
    |add_ln58_22251_fu_5779_p2  |         +|   0|  0|   16|           9|           9|
    |add_ln58_22252_fu_5785_p2  |         +|   0|  0|   18|           9|           9|
    |add_ln58_22253_fu_2750_p2  |         +|   0|  0|   13|           6|           6|
    |add_ln58_22254_fu_2764_p2  |         +|   0|  0|   15|           8|           8|
    |add_ln58_22255_fu_2770_p2  |         +|   0|  0|   13|           6|           6|
    |add_ln58_22256_fu_2780_p2  |         +|   0|  0|   14|           7|           7|
    |add_ln58_22257_fu_5797_p2  |         +|   0|  0|   16|           9|           9|
    |add_ln58_22258_fu_2786_p2  |         +|   0|  0|   13|           6|           6|
    |add_ln58_22259_fu_2795_p2  |         +|   0|  0|   14|           7|           7|
    |add_ln58_22260_fu_2801_p2  |         +|   0|  0|   13|           6|           6|
    |add_ln58_22261_fu_2809_p2  |         +|   0|  0|   14|           7|           7|
    |add_ln58_22262_fu_5809_p2  |         +|   0|  0|   15|           8|           8|
    |add_ln58_22263_fu_5819_p2  |         +|   0|  0|   18|           9|           9|
    |add_ln58_22264_fu_1699_p2  |         +|   0|  0|   12|           5|           5|
    |add_ln58_22265_fu_2818_p2  |         +|   0|  0|   13|           6|           6|
    |add_ln58_22266_fu_1705_p2  |         +|   0|  0|   12|           5|           5|
    |add_ln58_22267_fu_2830_p2  |         +|   0|  0|   13|           6|           6|
    |add_ln58_22268_fu_2840_p2  |         +|   0|  0|   14|           7|           7|
    |add_ln58_22269_fu_2846_p2  |         +|   0|  0|   13|           6|           6|
    |add_ln58_22270_fu_1711_p2  |         +|   0|  0|   12|           5|           5|
    |add_ln58_22271_fu_1717_p2  |         +|   0|  0|   12|           5|           5|
    |add_ln58_22272_fu_2861_p2  |         +|   0|  0|   13|           6|           6|
    |add_ln58_22273_fu_2871_p2  |         +|   0|  0|   14|           7|           7|
    |add_ln58_22274_fu_5831_p2  |         +|   0|  0|   15|           8|           8|
    |add_ln58_22275_fu_5841_p2  |         +|   0|  0|   18|           9|           9|
    |add_ln58_22276_fu_2877_p2  |         +|   0|  0|   13|           6|           6|
    |add_ln58_22277_fu_2886_p2  |         +|   0|  0|   15|           8|           8|
    |add_ln58_22278_fu_2892_p2  |         +|   0|  0|   13|           6|           6|
    |add_ln58_22279_fu_2902_p2  |         +|   0|  0|   13|           6|           6|
    |add_ln58_22280_fu_2912_p2  |         +|   0|  0|   14|           7|           7|
    |add_ln58_22281_fu_5853_p2  |         +|   0|  0|   16|           9|           9|
    |add_ln58_22282_fu_2918_p2  |         +|   0|  0|   13|           6|           6|
    |add_ln58_22283_fu_2928_p2  |         +|   0|  0|   14|           7|           7|
    |add_ln58_22284_fu_2934_p2  |         +|   0|  0|   13|           6|           6|
    |add_ln58_22285_fu_2943_p2  |         +|   0|  0|   13|           6|           6|
    |add_ln58_22286_fu_2951_p2  |         +|   0|  0|   14|           7|           7|
    |add_ln58_22287_fu_5865_p2  |         +|   0|  0|   15|           8|           8|
    |add_ln58_22288_fu_5875_p2  |         +|   0|  0|   18|           9|           9|
    |add_ln58_22289_fu_1723_p2  |         +|   0|  0|   12|           5|           5|
    |add_ln58_22290_fu_2960_p2  |         +|   0|  0|   13|           6|           6|
    |add_ln58_22291_fu_1729_p2  |         +|   0|  0|   12|           5|           5|
    |add_ln58_22292_fu_2972_p2  |         +|   0|  0|   13|           6|           6|
    |add_ln58_22293_fu_2982_p2  |         +|   0|  0|   14|           7|           7|
    |add_ln58_22294_fu_1735_p2  |         +|   0|  0|   12|           5|           5|
    |add_ln58_22295_fu_2991_p2  |         +|   0|  0|   13|           6|           6|
    |add_ln58_22296_fu_1741_p2  |         +|   0|  0|   12|           5|           5|
    |add_ln58_22297_fu_3004_p2  |         +|   0|  0|   13|           6|           6|
    |add_ln58_22298_fu_3014_p2  |         +|   0|  0|   14|           7|           7|
    |add_ln58_22299_fu_5887_p2  |         +|   0|  0|   15|           8|           8|
    |add_ln58_22300_fu_5897_p2  |         +|   0|  0|   18|           9|           9|
    |add_ln58_22301_fu_3020_p2  |         +|   0|  0|   13|           6|           6|
    |add_ln58_22302_fu_3030_p2  |         +|   0|  0|   15|           8|           8|
    |add_ln58_22303_fu_3036_p2  |         +|   0|  0|   13|           6|           6|
    |add_ln58_22304_fu_3046_p2  |         +|   0|  0|   14|           7|           7|
    |add_ln58_22305_fu_5909_p2  |         +|   0|  0|   16|           9|           9|
    |add_ln58_22306_fu_3052_p2  |         +|   0|  0|   14|           7|           7|
    |add_ln58_22307_fu_1747_p2  |         +|   0|  0|   12|           5|           5|
    |add_ln58_22308_fu_3061_p2  |         +|   0|  0|   14|           7|           7|
    |add_ln58_22309_fu_5921_p2  |         +|   0|  0|   15|           8|           8|
    |add_ln58_22310_fu_5931_p2  |         +|   0|  0|   18|           9|           9|
    |add_ln58_22311_fu_1753_p2  |         +|   0|  0|   12|           5|           5|
    |add_ln58_22312_fu_3070_p2  |         +|   0|  0|   13|           6|           6|
    |add_ln58_22313_fu_1759_p2  |         +|   0|  0|   12|           5|           5|
    |add_ln58_22314_fu_3083_p2  |         +|   0|  0|   13|           6|           6|
    |add_ln58_22315_fu_3093_p2  |         +|   0|  0|   14|           7|           7|
    |add_ln58_22316_fu_1765_p2  |         +|   0|  0|   12|           5|           5|
    |add_ln58_22317_fu_3102_p2  |         +|   0|  0|   13|           6|           6|
    |add_ln58_22318_fu_1771_p2  |         +|   0|  0|   12|           5|           5|
    |add_ln58_22319_fu_3112_p2  |         +|   0|  0|   13|           6|           6|
    |add_ln58_22320_fu_3121_p2  |         +|   0|  0|   14|           7|           7|
    |add_ln58_22321_fu_5943_p2  |         +|   0|  0|   15|           8|           8|
    |add_ln58_22322_fu_5953_p2  |         +|   0|  0|   18|           9|           9|
    |add_ln58_22323_fu_3127_p2  |         +|   0|  0|   13|           6|           6|
    |add_ln58_22324_fu_3140_p2  |         +|   0|  0|   15|           8|           8|
    |add_ln58_22325_fu_3146_p2  |         +|   0|  0|   13|           6|           6|
    |add_ln58_22326_fu_3156_p2  |         +|   0|  0|   14|           7|           7|
    |add_ln58_22327_fu_5965_p2  |         +|   0|  0|   16|           9|           9|
    |add_ln58_22328_fu_3162_p2  |         +|   0|  0|   13|           6|           6|
    |add_ln58_22329_fu_3171_p2  |         +|   0|  0|   14|           7|           7|
    |add_ln58_22330_fu_1781_p2  |         +|   0|  0|   13|           6|           6|
    |add_ln58_22331_fu_3180_p2  |         +|   0|  0|   14|           7|           7|
    |add_ln58_22332_fu_5974_p2  |         +|   0|  0|   15|           8|           8|
    |add_ln58_22333_fu_5983_p2  |         +|   0|  0|   18|           9|           9|
    |add_ln58_22334_fu_3190_p2  |         +|   0|  0|   14|           7|           7|
    |add_ln58_22335_fu_1787_p2  |         +|   0|  0|   12|           5|           5|
    |add_ln58_22336_fu_3203_p2  |         +|   0|  0|   13|           6|           6|
    |add_ln58_22337_fu_3212_p2  |         +|   0|  0|   15|           8|           8|
    |add_ln58_22338_fu_1793_p2  |         +|   0|  0|   12|           5|           5|
    |add_ln58_22339_fu_3221_p2  |         +|   0|  0|   13|           6|           6|
    |add_ln58_22340_fu_1799_p2  |         +|   0|  0|   12|           5|           5|
    |add_ln58_22341_fu_1805_p2  |         +|   0|  0|   12|           5|           5|
    |add_ln58_22342_fu_3237_p2  |         +|   0|  0|   13|           6|           6|
    |add_ln58_22343_fu_3247_p2  |         +|   0|  0|   14|           7|           7|
    |add_ln58_22344_fu_5995_p2  |         +|   0|  0|   16|           9|           9|
    |add_ln58_22345_fu_6001_p2  |         +|   0|  0|   18|           9|           9|
    |add_ln58_22346_fu_1811_p2  |         +|   0|  0|   13|           6|           6|
    |add_ln58_22347_fu_3259_p2  |         +|   0|  0|   14|           7|           7|
    |add_ln58_22348_fu_3268_p2  |         +|   0|  0|   15|           8|           8|
    |add_ln58_22349_fu_3274_p2  |         +|   0|  0|   13|           6|           6|
    |add_ln58_22350_fu_3282_p2  |         +|   0|  0|   14|           7|           7|
    |add_ln58_22351_fu_6013_p2  |         +|   0|  0|   16|           9|           9|
    |add_ln58_22352_fu_3288_p2  |         +|   0|  0|   14|           7|           7|
    |add_ln58_22353_fu_3294_p2  |         +|   0|  0|   13|           6|           6|
    |add_ln58_22354_fu_1817_p2  |         +|   0|  0|   12|           5|           5|
    |add_ln58_22355_fu_3311_p2  |         +|   0|  0|   14|           7|           7|
    |add_ln58_22356_fu_6025_p2  |         +|   0|  0|   15|           8|           8|
    |add_ln58_22357_fu_6035_p2  |         +|   0|  0|   18|           9|           9|
    |add_ln58_22358_fu_1823_p2  |         +|   0|  0|   12|           5|           5|
    |add_ln58_22359_fu_3320_p2  |         +|   0|  0|   13|           6|           6|
    |add_ln58_22360_fu_1829_p2  |         +|   0|  0|   12|           5|           5|
    |add_ln58_22361_fu_3333_p2  |         +|   0|  0|   13|           6|           6|
    |add_ln58_22362_fu_3343_p2  |         +|   0|  0|   14|           7|           7|
    |add_ln58_22363_fu_1835_p2  |         +|   0|  0|   12|           5|           5|
    |add_ln58_22364_fu_1845_p2  |         +|   0|  0|   12|           5|           5|
    |add_ln58_22365_fu_1855_p2  |         +|   0|  0|   13|           6|           6|
    |add_ln58_22366_fu_1861_p2  |         +|   0|  0|   12|           5|           5|
    |add_ln58_22367_fu_1867_p2  |         +|   0|  0|   12|           5|           5|
    |add_ln58_22368_fu_3358_p2  |         +|   0|  0|   13|           6|           6|
    |add_ln58_22369_fu_3368_p2  |         +|   0|  0|   14|           7|           7|
    |add_ln58_22370_fu_6047_p2  |         +|   0|  0|   15|           8|           8|
    |add_ln58_22371_fu_6057_p2  |         +|   0|  0|   18|           9|           9|
    |add_ln58_22372_fu_3374_p2  |         +|   0|  0|   15|           8|           8|
    |add_ln58_22373_fu_3380_p2  |         +|   0|  0|   13|           6|           6|
    |add_ln58_22374_fu_3390_p2  |         +|   0|  0|   14|           7|           7|
    |add_ln58_22375_fu_6069_p2  |         +|   0|  0|   16|           9|           9|
    |add_ln58_22376_fu_3396_p2  |         +|   0|  0|   13|           6|           6|
    |add_ln58_22377_fu_3404_p2  |         +|   0|  0|   14|           7|           7|
    |add_ln58_22378_fu_6078_p2  |         +|   0|  0|   15|           8|           8|
    |add_ln58_22379_fu_6088_p2  |         +|   0|  0|   18|           9|           9|
    |add_ln58_22380_fu_3410_p2  |         +|   0|  0|   13|           6|           6|
    |add_ln58_22381_fu_1873_p2  |         +|   0|  0|   12|           5|           5|
    |add_ln58_22382_fu_3422_p2  |         +|   0|  0|   13|           6|           6|
    |add_ln58_22383_fu_3432_p2  |         +|   0|  0|   14|           7|           7|
    |add_ln58_22384_fu_3438_p2  |         +|   0|  0|   13|           6|           6|
    |add_ln58_22385_fu_3447_p2  |         +|   0|  0|   13|           6|           6|
    |add_ln58_22386_fu_3457_p2  |         +|   0|  0|   14|           7|           7|
    |add_ln58_22387_fu_6100_p2  |         +|   0|  0|   15|           8|           8|
    |add_ln58_22388_fu_6110_p2  |         +|   0|  0|   18|           9|           9|
    |add_ln58_22389_fu_3463_p2  |         +|   0|  0|   19|           8|           8|
    |add_ln58_22390_fu_3469_p2  |         +|   0|  0|   19|           8|           8|
    |add_ln58_22391_fu_3475_p2  |         +|   0|  0|   13|           6|           6|
    |add_ln58_22392_fu_3485_p2  |         +|   0|  0|   14|           7|           7|
    |add_ln58_22393_fu_6122_p2  |         +|   0|  0|   16|           9|           9|
    |add_ln58_22394_fu_3491_p2  |         +|   0|  0|   14|           7|           7|
    |add_ln58_22395_fu_3497_p2  |         +|   0|  0|   13|           6|           6|
    |add_ln58_22396_fu_3506_p2  |         +|   0|  0|   14|           7|           7|
    |add_ln58_22397_fu_6134_p2  |         +|   0|  0|   15|           8|           8|
    |add_ln58_22398_fu_6144_p2  |         +|   0|  0|   18|           9|           9|
    |add_ln58_22399_fu_1879_p2  |         +|   0|  0|   12|           5|           5|
    |add_ln58_22400_fu_3515_p2  |         +|   0|  0|   13|           6|           6|
    |add_ln58_22401_fu_1885_p2  |         +|   0|  0|   12|           5|           5|
    |add_ln58_22402_fu_3527_p2  |         +|   0|  0|   13|           6|           6|
    |add_ln58_22403_fu_3537_p2  |         +|   0|  0|   14|           7|           7|
    |add_ln58_22404_fu_1891_p2  |         +|   0|  0|   12|           5|           5|
    |add_ln58_22405_fu_3546_p2  |         +|   0|  0|   13|           6|           6|
    |add_ln58_22406_fu_3556_p2  |         +|   0|  0|   13|           6|           6|
    |add_ln58_22407_fu_3566_p2  |         +|   0|  0|   14|           7|           7|
    |add_ln58_22408_fu_6156_p2  |         +|   0|  0|   15|           8|           8|
    |add_ln58_22409_fu_6166_p2  |         +|   0|  0|   18|           9|           9|
    |add_ln58_22410_fu_3572_p2  |         +|   0|  0|   13|           6|           6|
    |add_ln58_22411_fu_3580_p2  |         +|   0|  0|   14|           7|           7|
    |add_ln58_22412_fu_3586_p2  |         +|   0|  0|   14|           7|           7|
    |add_ln58_22413_fu_6178_p2  |         +|   0|  0|   15|           8|           8|
    |add_ln58_22414_fu_1897_p2  |         +|   0|  0|   13|           6|           6|
    |add_ln58_22415_fu_3595_p2  |         +|   0|  0|   14|           7|           7|
    |add_ln58_22416_fu_1903_p2  |         +|   0|  0|   13|           6|           6|
    |add_ln58_22417_fu_1909_p2  |         +|   0|  0|   14|           7|           7|
    |add_ln58_22418_fu_3614_p2  |         +|   0|  0|   15|           8|           8|
    |add_ln58_22419_fu_3624_p2  |         +|   0|  0|   16|           9|           9|
    |add_ln58_22420_fu_6188_p2  |         +|   0|  0|   18|           9|           9|
    |add_ln58_22421_fu_3630_p2  |         +|   0|  0|   13|           6|           6|
    |add_ln58_22422_fu_1915_p2  |         +|   0|  0|   12|           5|           5|
    |add_ln58_22423_fu_3643_p2  |         +|   0|  0|   13|           6|           6|
    |add_ln58_22424_fu_3653_p2  |         +|   0|  0|   14|           7|           7|
    |add_ln58_22425_fu_3659_p2  |         +|   0|  0|   13|           6|           6|
    |add_ln58_22426_fu_1921_p2  |         +|   0|  0|   12|           5|           5|
    |add_ln58_22427_fu_3672_p2  |         +|   0|  0|   13|           6|           6|
    |add_ln58_22428_fu_3682_p2  |         +|   0|  0|   14|           7|           7|
    |add_ln58_22429_fu_6199_p2  |         +|   0|  0|   15|           8|           8|
    |add_ln58_22430_fu_6209_p2  |         +|   0|  0|   18|           9|           9|
    |add_ln58_22431_fu_3688_p2  |         +|   0|  0|   13|           6|           6|
    |add_ln58_22432_fu_3696_p2  |         +|   0|  0|   14|           7|           7|
    |add_ln58_22433_fu_3701_p2  |         +|   0|  0|   13|           6|           6|
    |add_ln58_22434_fu_3710_p2  |         +|   0|  0|   14|           7|           7|
    |add_ln58_22435_fu_6221_p2  |         +|   0|  0|   15|           8|           8|
    |add_ln58_22436_fu_3716_p2  |         +|   0|  0|   13|           6|           6|
    |add_ln58_22437_fu_3726_p2  |         +|   0|  0|   14|           7|           7|
    |add_ln58_22438_fu_3732_p2  |         +|   0|  0|   13|           6|           6|
    |add_ln58_22439_fu_3741_p2  |         +|   0|  0|   14|           7|           7|
    |add_ln58_22440_fu_3750_p2  |         +|   0|  0|   15|           8|           8|
    |add_ln58_22441_fu_6237_p2  |         +|   0|  0|   16|           9|           9|
    |add_ln58_22442_fu_6243_p2  |         +|   0|  0|   18|           9|           9|
    |add_ln58_22443_fu_3756_p2  |         +|   0|  0|   13|           6|           6|
    |add_ln58_22444_fu_1927_p2  |         +|   0|  0|   12|           5|           5|
    |add_ln58_22445_fu_3767_p2  |         +|   0|  0|   13|           6|           6|
    |add_ln58_22446_fu_3777_p2  |         +|   0|  0|   14|           7|           7|
    |add_ln58_22447_fu_3783_p2  |         +|   0|  0|   13|           6|           6|
    |add_ln58_22448_fu_3793_p2  |         +|   0|  0|   14|           7|           7|
    |add_ln58_22449_fu_6255_p2  |         +|   0|  0|   15|           8|           8|
    |add_ln58_22450_fu_6265_p2  |         +|   0|  0|   18|           9|           9|
    |add_ln58_22451_fu_1933_p2  |         +|   0|  0|   12|           5|           5|
    |add_ln58_22452_fu_3802_p2  |         +|   0|  0|   13|           6|           6|
    |add_ln58_22453_fu_3811_p2  |         +|   0|  0|   14|           7|           7|
    |add_ln58_22454_fu_3820_p2  |         +|   0|  0|   15|           8|           8|
    |add_ln58_22455_fu_3826_p2  |         +|   0|  0|   13|           6|           6|
    |add_ln58_22456_fu_3836_p2  |         +|   0|  0|   14|           7|           7|
    |add_ln58_22457_fu_6277_p2  |         +|   0|  0|   16|           9|           9|
    |add_ln58_22458_fu_3842_p2  |         +|   0|  0|   14|           7|           7|
    |add_ln58_22459_fu_3848_p2  |         +|   0|  0|   13|           6|           6|
    |add_ln58_22460_fu_3858_p2  |         +|   0|  0|   13|           6|           6|
    |add_ln58_22461_fu_3866_p2  |         +|   0|  0|   14|           7|           7|
    |add_ln58_22462_fu_6289_p2  |         +|   0|  0|   15|           8|           8|
    |add_ln58_22463_fu_6299_p2  |         +|   0|  0|   18|           9|           9|
    |add_ln58_22464_fu_1939_p2  |         +|   0|  0|   13|           6|           6|
    |add_ln58_22465_fu_3875_p2  |         +|   0|  0|   14|           7|           7|
    |add_ln58_22466_fu_6311_p2  |         +|   0|  0|   19|           8|           8|
    |add_ln58_22467_fu_3881_p2  |         +|   0|  0|   13|           6|           6|
    |add_ln58_22468_fu_1945_p2  |         +|   0|  0|   12|           5|           5|
    |add_ln58_22469_fu_1951_p2  |         +|   0|  0|   12|           5|           5|
    |add_ln58_22470_fu_3897_p2  |         +|   0|  0|   13|           6|           6|
    |add_ln58_22471_fu_3907_p2  |         +|   0|  0|   14|           7|           7|
    |add_ln58_22472_fu_6320_p2  |         +|   0|  0|   19|           8|           8|
    |add_ln58_22473_fu_6330_p2  |         +|   0|  0|   18|           9|           9|
    |add_ln58_22474_fu_3913_p2  |         +|   0|  0|   15|           8|           8|
    |add_ln58_22475_fu_3919_p2  |         +|   0|  0|   13|           6|           6|
    |add_ln58_22476_fu_3929_p2  |         +|   0|  0|   13|           6|           6|
    |add_ln58_22477_fu_3939_p2  |         +|   0|  0|   14|           7|           7|
    |add_ln58_22478_fu_6342_p2  |         +|   0|  0|   16|           9|           9|
    |add_ln58_22479_fu_3945_p2  |         +|   0|  0|   13|           6|           6|
    |add_ln58_22480_fu_3954_p2  |         +|   0|  0|   14|           7|           7|
    |add_ln58_22481_fu_3960_p2  |         +|   0|  0|   13|           6|           6|
    |add_ln58_22482_fu_1957_p2  |         +|   0|  0|   13|           6|           6|
    |add_ln58_22483_fu_3972_p2  |         +|   0|  0|   14|           7|           7|
    |add_ln58_22484_fu_6354_p2  |         +|   0|  0|   15|           8|           8|
    |add_ln58_22485_fu_6364_p2  |         +|   0|  0|   18|           9|           9|
    |add_ln58_22486_fu_3978_p2  |         +|   0|  0|   13|           6|           6|
    |add_ln58_22487_fu_1963_p2  |         +|   0|  0|   12|           5|           5|
    |add_ln58_22488_fu_1969_p2  |         +|   0|  0|   12|           5|           5|
    |add_ln58_22489_fu_3993_p2  |         +|   0|  0|   13|           6|           6|
    |add_ln58_22490_fu_4003_p2  |         +|   0|  0|   14|           7|           7|
    |add_ln58_22491_fu_1975_p2  |         +|   0|  0|   12|           5|           5|
    |add_ln58_22492_fu_4012_p2  |         +|   0|  0|   13|           6|           6|
    |add_ln58_22493_fu_1981_p2  |         +|   0|  0|   12|           5|           5|
    |add_ln58_22494_fu_4025_p2  |         +|   0|  0|   13|           6|           6|
    |add_ln58_22495_fu_4035_p2  |         +|   0|  0|   14|           7|           7|
    |add_ln58_22496_fu_6376_p2  |         +|   0|  0|   15|           8|           8|
    |add_ln58_22497_fu_6386_p2  |         +|   0|  0|   18|           9|           9|
    |add_ln58_22498_fu_4041_p2  |         +|   0|  0|   13|           6|           6|
    |add_ln58_22499_fu_4049_p2  |         +|   0|  0|   15|           8|           8|
    |add_ln58_22500_fu_4055_p2  |         +|   0|  0|   13|           6|           6|
    |add_ln58_22501_fu_4065_p2  |         +|   0|  0|   14|           7|           7|
    |add_ln58_22502_fu_6398_p2  |         +|   0|  0|   16|           9|           9|
    |add_ln58_22503_fu_4071_p2  |         +|   0|  0|   14|           7|           7|
    |add_ln58_22504_fu_4077_p2  |         +|   0|  0|   14|           7|           7|
    |add_ln58_22505_fu_6410_p2  |         +|   0|  0|   15|           8|           8|
    |add_ln58_22506_fu_6420_p2  |         +|   0|  0|   18|           9|           9|
    |add_ln58_22507_fu_1987_p2  |         +|   0|  0|   12|           5|           5|
    |add_ln58_22508_fu_4086_p2  |         +|   0|  0|   13|           6|           6|
    |add_ln58_22509_fu_4095_p2  |         +|   0|  0|   13|           6|           6|
    |add_ln58_22510_fu_4105_p2  |         +|   0|  0|   14|           7|           7|
    |add_ln58_22511_fu_1993_p2  |         +|   0|  0|   12|           5|           5|
    |add_ln58_22512_fu_4114_p2  |         +|   0|  0|   13|           6|           6|
    |add_ln58_22513_fu_1999_p2  |         +|   0|  0|   12|           5|           5|
    |add_ln58_22514_fu_4127_p2  |         +|   0|  0|   13|           6|           6|
    |add_ln58_22515_fu_4137_p2  |         +|   0|  0|   14|           7|           7|
    |add_ln58_22516_fu_6432_p2  |         +|   0|  0|   15|           8|           8|
    |add_ln58_22517_fu_6442_p2  |         +|   0|  0|   18|           9|           9|
    |add_ln58_22518_fu_4143_p2  |         +|   0|  0|   13|           6|           6|
    |add_ln58_22519_fu_4151_p2  |         +|   0|  0|   15|           8|           8|
    |add_ln58_22520_fu_4157_p2  |         +|   0|  0|   14|           7|           7|
    |add_ln58_22521_fu_6454_p2  |         +|   0|  0|   16|           9|           9|
    |add_ln58_22522_fu_4163_p2  |         +|   0|  0|   14|           7|           7|
    |add_ln58_22523_fu_4169_p2  |         +|   0|  0|   13|           6|           6|
    |add_ln58_22524_fu_4179_p2  |         +|   0|  0|   13|           6|           6|
    |add_ln58_22525_fu_4188_p2  |         +|   0|  0|   14|           7|           7|
    |add_ln58_22526_fu_6466_p2  |         +|   0|  0|   15|           8|           8|
    |add_ln58_22527_fu_6476_p2  |         +|   0|  0|   18|           9|           9|
    |add_ln58_22528_fu_4194_p2  |         +|   0|  0|   14|           7|           7|
    |add_ln58_22529_fu_4204_p2  |         +|   0|  0|   15|           8|           8|
    |add_ln58_22530_fu_4213_p2  |         +|   0|  0|   13|           6|           6|
    |add_ln58_22531_fu_2005_p2  |         +|   0|  0|   12|           5|           5|
    |add_ln58_22532_fu_4226_p2  |         +|   0|  0|   13|           6|           6|
    |add_ln58_22533_fu_4236_p2  |         +|   0|  0|   14|           7|           7|
    |add_ln58_22534_fu_6488_p2  |         +|   0|  0|   16|           9|           9|
    |add_ln58_22535_fu_6494_p2  |         +|   0|  0|   18|           9|           9|
    |add_ln58_22536_fu_4242_p2  |         +|   0|  0|   13|           6|           6|
    |add_ln58_22537_fu_4251_p2  |         +|   0|  0|   15|           8|           8|
    |add_ln58_22538_fu_4257_p2  |         +|   0|  0|   14|           7|           7|
    |add_ln58_22539_fu_6506_p2  |         +|   0|  0|   16|           9|           9|
    |add_ln58_22540_fu_4263_p2  |         +|   0|  0|   13|           6|           6|
    |add_ln58_22541_fu_4273_p2  |         +|   0|  0|   14|           7|           7|
    |add_ln58_22542_fu_4279_p2  |         +|   0|  0|   13|           6|           6|
    |add_ln58_22543_fu_4287_p2  |         +|   0|  0|   14|           7|           7|
    |add_ln58_22544_fu_6521_p2  |         +|   0|  0|   15|           8|           8|
    |add_ln58_22545_fu_6531_p2  |         +|   0|  0|   18|           9|           9|
    |add_ln58_22546_fu_4293_p2  |         +|   0|  0|   13|           6|           6|
    |add_ln58_22547_fu_4303_p2  |         +|   0|  0|   13|           6|           6|
    |add_ln58_22548_fu_4313_p2  |         +|   0|  0|   14|           7|           7|
    |add_ln58_22549_fu_2011_p2  |         +|   0|  0|   12|           5|           5|
    |add_ln58_22550_fu_2017_p2  |         +|   0|  0|   12|           5|           5|
    |add_ln58_22551_fu_4325_p2  |         +|   0|  0|   13|           6|           6|
    |add_ln58_22552_fu_4335_p2  |         +|   0|  0|   14|           7|           7|
    |add_ln58_22553_fu_6543_p2  |         +|   0|  0|   15|           8|           8|
    |add_ln58_22554_fu_6553_p2  |         +|   0|  0|   18|           9|           9|
    |add_ln58_22555_fu_4341_p2  |         +|   0|  0|   19|           8|           8|
    |add_ln58_22556_fu_4347_p2  |         +|   0|  0|   19|           8|           8|
    |add_ln58_22557_fu_4353_p2  |         +|   0|  0|   14|           7|           7|
    |add_ln58_22558_fu_6565_p2  |         +|   0|  0|   16|           9|           9|
    |add_ln58_22559_fu_4359_p2  |         +|   0|  0|   14|           7|           7|
    |add_ln58_22560_fu_4365_p2  |         +|   0|  0|   14|           7|           7|
    |add_ln58_22561_fu_6577_p2  |         +|   0|  0|   15|           8|           8|
    |add_ln58_22562_fu_6587_p2  |         +|   0|  0|   18|           9|           9|
    |add_ln58_22563_fu_4371_p2  |         +|   0|  0|   14|           7|           7|
    |add_ln58_22564_fu_2023_p2  |         +|   0|  0|   12|           5|           5|
    |add_ln58_22565_fu_4384_p2  |         +|   0|  0|   14|           7|           7|
    |add_ln58_22566_fu_4394_p2  |         +|   0|  0|   15|           8|           8|
    |add_ln58_22567_fu_2029_p2  |         +|   0|  0|   12|           5|           5|
    |add_ln58_22568_fu_4403_p2  |         +|   0|  0|   13|           6|           6|
    |add_ln58_22569_fu_2035_p2  |         +|   0|  0|   12|           5|           5|
    |add_ln58_22570_fu_2041_p2  |         +|   0|  0|   12|           5|           5|
    |add_ln58_22571_fu_4419_p2  |         +|   0|  0|   13|           6|           6|
    |add_ln58_22572_fu_4429_p2  |         +|   0|  0|   14|           7|           7|
    |add_ln58_22573_fu_6599_p2  |         +|   0|  0|   16|           9|           9|
    |add_ln58_22574_fu_6605_p2  |         +|   0|  0|   18|           9|           9|
    |add_ln58_22575_fu_4435_p2  |         +|   0|  0|   13|           6|           6|
    |add_ln58_22576_fu_4444_p2  |         +|   0|  0|   15|           8|           8|
    |add_ln58_22577_fu_4450_p2  |         +|   0|  0|   13|           6|           6|
    |add_ln58_22578_fu_4460_p2  |         +|   0|  0|   14|           7|           7|
    |add_ln58_22579_fu_6617_p2  |         +|   0|  0|   16|           9|           9|
    |add_ln58_22580_fu_4466_p2  |         +|   0|  0|   14|           7|           7|
    |add_ln58_22581_fu_4472_p2  |         +|   0|  0|   13|           6|           6|
    |add_ln58_22582_fu_4482_p2  |         +|   0|  0|   14|           7|           7|
    |add_ln58_22583_fu_6629_p2  |         +|   0|  0|   15|           8|           8|
    |add_ln58_22584_fu_6639_p2  |         +|   0|  0|   18|           9|           9|
    |add_ln58_22585_fu_4488_p2  |         +|   0|  0|   14|           7|           7|
    |add_ln58_22586_fu_4498_p2  |         +|   0|  0|   13|           6|           6|
    |add_ln58_22587_fu_4508_p2  |         +|   0|  0|   19|           8|           8|
    |add_ln58_22588_fu_2047_p2  |         +|   0|  0|   13|           6|           6|
    |add_ln58_22589_fu_2053_p2  |         +|   0|  0|   13|           6|           6|
    |add_ln58_22590_fu_4520_p2  |         +|   0|  0|   14|           7|           7|
    |add_ln58_22591_fu_4530_p2  |         +|   0|  0|   19|           8|           8|
    |add_ln58_22592_fu_6648_p2  |         +|   0|  0|   18|           9|           9|
    |add_ln58_22593_fu_2059_p2  |         +|   0|  0|   12|           5|           5|
    |add_ln58_22594_fu_4539_p2  |         +|   0|  0|   19|           8|           8|
    |add_ln58_22595_fu_4545_p2  |         +|   0|  0|   19|           8|           8|
    |add_ln58_22596_fu_4551_p2  |         +|   0|  0|   13|           6|           6|
    |add_ln58_22597_fu_4561_p2  |         +|   0|  0|   14|           7|           7|
    |add_ln58_22598_fu_6660_p2  |         +|   0|  0|   16|           9|           9|
    |add_ln58_22599_fu_4567_p2  |         +|   0|  0|   14|           7|           7|
    |add_ln58_22600_fu_4573_p2  |         +|   0|  0|   13|           6|           6|
    |add_ln58_22601_fu_4582_p2  |         +|   0|  0|   14|           7|           7|
    |add_ln58_22602_fu_6672_p2  |         +|   0|  0|   15|           8|           8|
    |add_ln58_22603_fu_6682_p2  |         +|   0|  0|   18|           9|           9|
    |add_ln58_22604_fu_2065_p2  |         +|   0|  0|   12|           5|           5|
    |add_ln58_22605_fu_4591_p2  |         +|   0|  0|   13|           6|           6|
    |add_ln58_22606_fu_4601_p2  |         +|   0|  0|   14|           7|           7|
    |add_ln58_22607_fu_4607_p2  |         +|   0|  0|   13|           6|           6|
    |add_ln58_22608_fu_4617_p2  |         +|   0|  0|   14|           7|           7|
    |add_ln58_22609_fu_6694_p2  |         +|   0|  0|   15|           8|           8|
    |add_ln58_22610_fu_6704_p2  |         +|   0|  0|   18|           9|           9|
    |add_ln58_22611_fu_4623_p2  |         +|   0|  0|   15|           8|           8|
    |add_ln58_22612_fu_4629_p2  |         +|   0|  0|   14|           7|           7|
    |add_ln58_22613_fu_6716_p2  |         +|   0|  0|   16|           9|           9|
    |add_ln58_22614_fu_4635_p2  |         +|   0|  0|   13|           6|           6|
    |add_ln58_22615_fu_4644_p2  |         +|   0|  0|   14|           7|           7|
    |add_ln58_22616_fu_4650_p2  |         +|   0|  0|   13|           6|           6|
    |add_ln58_22617_fu_4659_p2  |         +|   0|  0|   14|           7|           7|
    |add_ln58_22618_fu_6728_p2  |         +|   0|  0|   15|           8|           8|
    |add_ln58_22619_fu_6738_p2  |         +|   0|  0|   18|           9|           9|
    |add_ln58_22620_fu_2071_p2  |         +|   0|  0|   12|           5|           5|
    |add_ln58_22621_fu_4668_p2  |         +|   0|  0|   13|           6|           6|
    |add_ln58_22622_fu_4678_p2  |         +|   0|  0|   13|           6|           6|
    |add_ln58_22623_fu_4688_p2  |         +|   0|  0|   14|           7|           7|
    |add_ln58_22624_fu_4694_p2  |         +|   0|  0|   13|           6|           6|
    |add_ln58_22625_fu_4704_p2  |         +|   0|  0|   13|           6|           6|
    |add_ln58_22626_fu_4714_p2  |         +|   0|  0|   14|           7|           7|
    |add_ln58_22627_fu_6750_p2  |         +|   0|  0|   15|           8|           8|
    |add_ln58_22628_fu_6760_p2  |         +|   0|  0|   18|           9|           9|
    |add_ln58_22629_fu_4720_p2  |         +|   0|  0|   15|           8|           8|
    |add_ln58_22630_fu_6769_p2  |         +|   0|  0|   16|           9|           9|
    |add_ln58_22631_fu_4726_p2  |         +|   0|  0|   13|           6|           6|
    |add_ln58_22632_fu_4736_p2  |         +|   0|  0|   14|           7|           7|
    |add_ln58_22633_fu_4742_p2  |         +|   0|  0|   13|           6|           6|
    |add_ln58_22634_fu_4752_p2  |         +|   0|  0|   14|           7|           7|
    |add_ln58_22635_fu_6781_p2  |         +|   0|  0|   15|           8|           8|
    |add_ln58_22636_fu_6791_p2  |         +|   0|  0|   18|           9|           9|
    |add_ln58_22637_fu_4758_p2  |         +|   0|  0|   13|           6|           6|
    |add_ln58_22638_fu_4767_p2  |         +|   0|  0|   13|           6|           6|
    |add_ln58_22639_fu_4777_p2  |         +|   0|  0|   14|           7|           7|
    |add_ln58_22640_fu_2077_p2  |         +|   0|  0|   12|           5|           5|
    |add_ln58_22641_fu_2087_p2  |         +|   0|  0|   13|           6|           6|
    |add_ln58_22642_fu_4786_p2  |         +|   0|  0|   14|           7|           7|
    |add_ln58_22643_fu_6803_p2  |         +|   0|  0|   15|           8|           8|
    |add_ln58_22644_fu_6813_p2  |         +|   0|  0|   18|           9|           9|
    |add_ln58_22645_fu_4792_p2  |         +|   0|  0|   14|           7|           7|
    |add_ln58_22646_fu_4801_p2  |         +|   0|  0|   15|           8|           8|
    |add_ln58_22647_fu_4807_p2  |         +|   0|  0|   13|           6|           6|
    |add_ln58_22648_fu_4817_p2  |         +|   0|  0|   14|           7|           7|
    |add_ln58_22649_fu_6825_p2  |         +|   0|  0|   16|           9|           9|
    |add_ln58_22650_fu_4823_p2  |         +|   0|  0|   13|           6|           6|
    |add_ln58_22651_fu_4833_p2  |         +|   0|  0|   14|           7|           7|
    |add_ln58_22652_fu_4839_p2  |         +|   0|  0|   14|           7|           7|
    |add_ln58_22653_fu_6837_p2  |         +|   0|  0|   15|           8|           8|
    |add_ln58_22654_fu_6847_p2  |         +|   0|  0|   18|           9|           9|
    |add_ln58_22655_fu_4845_p2  |         +|   0|  0|   13|           6|           6|
    |add_ln58_22656_fu_4855_p2  |         +|   0|  0|   14|           7|           7|
    |add_ln58_22657_fu_4861_p2  |         +|   0|  0|   13|           6|           6|
    |add_ln58_22658_fu_4871_p2  |         +|   0|  0|   14|           7|           7|
    |add_ln58_22659_fu_6859_p2  |         +|   0|  0|   15|           8|           8|
    |add_ln58_22660_fu_6869_p2  |         +|   0|  0|   18|           9|           9|
    |add_ln58_22661_fu_4877_p2  |         +|   0|  0|   13|           6|           6|
    |add_ln58_22662_fu_4885_p2  |         +|   0|  0|   15|           8|           8|
    |add_ln58_22663_fu_4891_p2  |         +|   0|  0|   13|           6|           6|
    |add_ln58_22664_fu_4900_p2  |         +|   0|  0|   14|           7|           7|
    |add_ln58_22665_fu_6881_p2  |         +|   0|  0|   16|           9|           9|
    |add_ln58_22666_fu_4906_p2  |         +|   0|  0|   13|           6|           6|
    |add_ln58_22667_fu_4916_p2  |         +|   0|  0|   14|           7|           7|
    |add_ln58_22668_fu_4922_p2  |         +|   0|  0|   14|           7|           7|
    |add_ln58_22669_fu_6893_p2  |         +|   0|  0|   15|           8|           8|
    |add_ln58_22670_fu_6903_p2  |         +|   0|  0|   18|           9|           9|
    |add_ln58_22671_fu_4928_p2  |         +|   0|  0|   13|           6|           6|
    |add_ln58_22672_fu_2093_p2  |         +|   0|  0|   12|           5|           5|
    |add_ln58_22673_fu_4940_p2  |         +|   0|  0|   13|           6|           6|
    |add_ln58_22674_fu_4950_p2  |         +|   0|  0|   14|           7|           7|
    |add_ln58_22675_fu_2099_p2  |         +|   0|  0|   12|           5|           5|
    |add_ln58_22676_fu_4959_p2  |         +|   0|  0|   13|           6|           6|
    |add_ln58_22677_fu_4968_p2  |         +|   0|  0|   14|           7|           7|
    |add_ln58_22678_fu_6915_p2  |         +|   0|  0|   15|           8|           8|
    |add_ln58_22679_fu_6925_p2  |         +|   0|  0|   18|           9|           9|
    |add_ln58_22680_fu_4974_p2  |         +|   0|  0|   15|           8|           8|
    |add_ln58_22681_fu_4980_p2  |         +|   0|  0|   13|           6|           6|
    |add_ln58_22682_fu_4989_p2  |         +|   0|  0|   13|           6|           6|
    |add_ln58_22683_fu_4999_p2  |         +|   0|  0|   14|           7|           7|
    |add_ln58_22684_fu_6937_p2  |         +|   0|  0|   16|           9|           9|
    |add_ln58_22685_fu_5005_p2  |         +|   0|  0|   14|           7|           7|
    |add_ln58_22686_fu_6946_p2  |         +|   0|  0|   15|           8|           8|
    |add_ln58_22687_fu_6956_p2  |         +|   0|  0|   18|           9|           9|
    |add_ln58_22688_fu_5011_p2  |         +|   0|  0|   13|           6|           6|
    |add_ln58_22689_fu_2105_p2  |         +|   0|  0|   12|           5|           5|
    |add_ln58_22690_fu_5024_p2  |         +|   0|  0|   13|           6|           6|
    |add_ln58_22691_fu_5034_p2  |         +|   0|  0|   14|           7|           7|
    |add_ln58_22692_fu_5040_p2  |         +|   0|  0|   13|           6|           6|
    |add_ln58_22693_fu_5050_p2  |         +|   0|  0|   13|           6|           6|
    |add_ln58_22694_fu_5060_p2  |         +|   0|  0|   14|           7|           7|
    |add_ln58_22695_fu_6968_p2  |         +|   0|  0|   15|           8|           8|
    |add_ln58_22696_fu_6978_p2  |         +|   0|  0|   18|           9|           9|
    |add_ln58_22697_fu_5066_p2  |         +|   0|  0|   19|           8|           8|
    |add_ln58_22698_fu_5072_p2  |         +|   0|  0|   19|           8|           8|
    |add_ln58_22699_fu_5078_p2  |         +|   0|  0|   14|           7|           7|
    |add_ln58_22700_fu_6990_p2  |         +|   0|  0|   16|           9|           9|
    |add_ln58_22701_fu_5084_p2  |         +|   0|  0|   14|           7|           7|
    |add_ln58_22702_fu_6999_p2  |         +|   0|  0|   15|           8|           8|
    |add_ln58_22703_fu_7009_p2  |         +|   0|  0|   18|           9|           9|
    |add_ln58_22704_fu_5090_p2  |         +|   0|  0|   13|           6|           6|
    |add_ln58_22705_fu_5099_p2  |         +|   0|  0|   14|           7|           7|
    |add_ln58_22706_fu_2111_p2  |         +|   0|  0|   12|           5|           5|
    |add_ln58_22707_fu_5108_p2  |         +|   0|  0|   13|           6|           6|
    |add_ln58_22708_fu_7021_p2  |         +|   0|  0|   19|           8|           8|
    |add_ln58_22709_fu_2117_p2  |         +|   0|  0|   12|           5|           5|
    |add_ln58_22710_fu_2127_p2  |         +|   0|  0|   13|           6|           6|
    |add_ln58_22711_fu_5117_p2  |         +|   0|  0|   13|           6|           6|
    |add_ln58_22712_fu_5127_p2  |         +|   0|  0|   14|           7|           7|
    |add_ln58_22713_fu_7030_p2  |         +|   0|  0|   19|           8|           8|
    |add_ln58_22714_fu_7040_p2  |         +|   0|  0|   18|           9|           9|
    |add_ln58_22715_fu_5133_p2  |         +|   0|  0|   15|           8|           8|
    |add_ln58_22716_fu_5139_p2  |         +|   0|  0|   14|           7|           7|
    |add_ln58_22717_fu_7052_p2  |         +|   0|  0|   16|           9|           9|
    |add_ln58_22718_fu_5145_p2  |         +|   0|  0|   13|           6|           6|
    |add_ln58_22719_fu_5155_p2  |         +|   0|  0|   14|           7|           7|
    |add_ln58_22720_fu_5161_p2  |         +|   0|  0|   14|           7|           7|
    |add_ln58_22721_fu_7064_p2  |         +|   0|  0|   15|           8|           8|
    |add_ln58_22722_fu_7074_p2  |         +|   0|  0|   18|           9|           9|
    |add_ln58_22723_fu_2133_p2  |         +|   0|  0|   13|           6|           6|
    |add_ln58_22724_fu_5170_p2  |         +|   0|  0|   14|           7|           7|
    |add_ln58_22725_fu_5180_p2  |         +|   0|  0|   13|           6|           6|
    |add_ln58_22726_fu_5190_p2  |         +|   0|  0|   15|           8|           8|
    |add_ln58_22727_fu_5196_p2  |         +|   0|  0|   13|           6|           6|
    |add_ln58_22728_fu_2139_p2  |         +|   0|  0|   12|           5|           5|
    |add_ln58_22729_fu_5209_p2  |         +|   0|  0|   13|           6|           6|
    |add_ln58_22730_fu_5218_p2  |         +|   0|  0|   14|           7|           7|
    |add_ln58_22731_fu_7086_p2  |         +|   0|  0|   16|           9|           9|
    |add_ln58_22732_fu_7092_p2  |         +|   0|  0|   18|           9|           9|
    |add_ln58_22733_fu_5224_p2  |         +|   0|  0|   15|           8|           8|
    |add_ln58_22734_fu_5230_p2  |         +|   0|  0|   14|           7|           7|
    |add_ln58_22735_fu_7104_p2  |         +|   0|  0|   16|           9|           9|
    |add_ln58_22736_fu_5236_p2  |         +|   0|  0|   14|           7|           7|
    |add_ln58_22737_fu_7113_p2  |         +|   0|  0|   15|           8|           8|
    |add_ln58_22738_fu_7123_p2  |         +|   0|  0|   18|           9|           9|
    |add_ln58_22739_fu_5242_p2  |         +|   0|  0|   14|           7|           7|
    |add_ln58_22740_fu_5258_p2  |         +|   0|  0|   14|           7|           7|
    |add_ln58_22741_fu_5268_p2  |         +|   0|  0|   15|           8|           8|
    |add_ln58_22742_fu_5274_p2  |         +|   0|  0|   13|           6|           6|
    |add_ln58_22743_fu_2145_p2  |         +|   0|  0|   12|           5|           5|
    |add_ln58_22744_fu_2155_p2  |         +|   0|  0|   13|           6|           6|
    |add_ln58_22745_fu_5287_p2  |         +|   0|  0|   14|           7|           7|
    |add_ln58_22746_fu_7135_p2  |         +|   0|  0|   16|           9|           9|
    |add_ln58_22747_fu_7141_p2  |         +|   0|  0|   18|           9|           9|
    |add_ln58_22748_fu_5293_p2  |         +|   0|  0|   14|           7|           7|
    |add_ln58_22749_fu_5299_p2  |         +|   0|  0|   14|           7|           7|
    |add_ln58_22750_fu_7153_p2  |         +|   0|  0|   15|           8|           8|
    |add_ln58_22751_fu_5305_p2  |         +|   0|  0|   14|           7|           7|
    |add_ln58_22752_fu_5311_p2  |         +|   0|  0|   14|           7|           7|
    |add_ln58_22753_fu_7169_p2  |         +|   0|  0|   15|           8|           8|
    |add_ln58_22754_fu_7179_p2  |         +|   0|  0|   18|           9|           9|
    |add_ln58_22755_fu_5317_p2  |         +|   0|  0|   16|           7|           7|
    |add_ln58_22756_fu_5322_p2  |         +|   0|  0|   16|           7|           7|
    |add_ln58_22757_fu_5332_p2  |         +|   0|  0|   13|           6|           6|
    |add_ln58_22758_fu_5341_p2  |         +|   0|  0|   15|           8|           8|
    |add_ln58_22759_fu_2161_p2  |         +|   0|  0|   12|           5|           5|
    |add_ln58_22760_fu_5350_p2  |         +|   0|  0|   13|           6|           6|
    |add_ln58_22761_fu_5360_p2  |         +|   0|  0|   14|           7|           7|
    |add_ln58_22762_fu_7191_p2  |         +|   0|  0|   16|           9|           9|
    |add_ln58_22763_fu_7197_p2  |         +|   0|  0|   18|           9|           9|
    |add_ln58_22764_fu_5366_p2  |         +|   0|  0|   13|           6|           6|
    |add_ln58_22765_fu_5375_p2  |         +|   0|  0|   14|           7|           7|
    |add_ln58_22766_fu_7206_p2  |         +|   0|  0|   15|           8|           8|
    |add_ln58_22767_fu_5381_p2  |         +|   0|  0|   14|           7|           7|
    |add_ln58_22768_fu_5387_p2  |         +|   0|  0|   14|           7|           7|
    |add_ln58_22769_fu_7222_p2  |         +|   0|  0|   15|           8|           8|
    |add_ln58_22770_fu_7232_p2  |         +|   0|  0|   18|           9|           9|
    |add_ln58_22771_fu_5396_p2  |         +|   0|  0|   19|           8|           8|
    |add_ln58_22772_fu_5402_p2  |         +|   0|  0|   13|           6|           6|
    |add_ln58_22773_fu_5412_p2  |         +|   0|  0|   19|           8|           8|
    |add_ln58_22774_fu_5418_p2  |         +|   0|  0|   13|           6|           6|
    |add_ln58_22775_fu_2167_p2  |         +|   0|  0|   12|           5|           5|
    |add_ln58_22776_fu_5431_p2  |         +|   0|  0|   13|           6|           6|
    |add_ln58_22777_fu_5441_p2  |         +|   0|  0|   14|           7|           7|
    |add_ln58_22778_fu_7244_p2  |         +|   0|  0|   16|           9|           9|
    |add_ln58_22779_fu_7250_p2  |         +|   0|  0|   18|           9|           9|
    |add_ln58_22780_fu_5447_p2  |         +|   0|  0|   19|           8|           8|
    |add_ln58_22781_fu_5453_p2  |         +|   0|  0|   19|           8|           8|
    |add_ln58_22782_fu_7259_p2  |         +|   0|  0|   16|           9|           9|
    |add_ln58_22783_fu_5459_p2  |         +|   0|  0|   13|           6|           6|
    |add_ln58_22784_fu_5468_p2  |         +|   0|  0|   14|           7|           7|
    |add_ln58_22785_fu_7268_p2  |         +|   0|  0|   15|           8|           8|
    |add_ln58_22786_fu_7278_p2  |         +|   0|  0|   18|           9|           9|
    |add_ln58_22787_fu_5474_p2  |         +|   0|  0|   13|           6|           6|
    |add_ln58_22788_fu_5484_p2  |         +|   0|  0|   13|           6|           6|
    |add_ln58_22789_fu_5494_p2  |         +|   0|  0|   14|           7|           7|
    |add_ln58_22790_fu_5500_p2  |         +|   0|  0|   13|           6|           6|
    |add_ln58_22791_fu_2173_p2  |         +|   0|  0|   12|           5|           5|
    |add_ln58_22792_fu_5513_p2  |         +|   0|  0|   13|           6|           6|
    |add_ln58_22793_fu_5523_p2  |         +|   0|  0|   14|           7|           7|
    |add_ln58_22794_fu_7290_p2  |         +|   0|  0|   15|           8|           8|
    |add_ln58_22795_fu_7300_p2  |         +|   0|  0|   18|           9|           9|
    |add_ln58_22796_fu_5529_p2  |         +|   0|  0|   14|           7|           7|
    |add_ln58_22797_fu_5535_p2  |         +|   0|  0|   14|           7|           7|
    |add_ln58_22798_fu_7312_p2  |         +|   0|  0|   15|           8|           8|
    |add_ln58_22799_fu_5541_p2  |         +|   0|  0|   14|           7|           7|
    |add_ln58_22800_fu_7325_p2  |         +|   0|  0|   15|           8|           8|
    |add_ln58_22801_fu_7334_p2  |         +|   0|  0|   18|           9|           9|
    |add_ln58_22802_fu_5547_p2  |         +|   0|  0|   19|           8|           8|
    |add_ln58_22803_fu_2179_p2  |         +|   0|  0|   12|           5|           5|
    |add_ln58_22804_fu_5556_p2  |         +|   0|  0|   13|           6|           6|
    |add_ln58_22805_fu_5566_p2  |         +|   0|  0|   19|           8|           8|
    |add_ln58_22806_fu_5572_p2  |         +|   0|  0|   13|           6|           6|
    |add_ln58_22807_fu_5582_p2  |         +|   0|  0|   13|           6|           6|
    |add_ln58_22808_fu_5592_p2  |         +|   0|  0|   14|           7|           7|
    |add_ln58_22809_fu_7346_p2  |         +|   0|  0|   16|           9|           9|
    |add_ln58_22810_fu_7352_p2  |         +|   0|  0|   18|           9|           9|
    |add_ln58_22811_fu_5598_p2  |         +|   0|  0|   14|           7|           7|
    |add_ln58_22812_fu_5604_p2  |         +|   0|  0|   14|           7|           7|
    |add_ln58_22813_fu_7364_p2  |         +|   0|  0|   15|           8|           8|
    |add_ln58_22814_fu_5610_p2  |         +|   0|  0|   14|           7|           7|
    |add_ln58_22815_fu_5616_p2  |         +|   0|  0|   13|           6|           6|
    |add_ln58_22816_fu_5624_p2  |         +|   0|  0|   14|           7|           7|
    |add_ln58_22817_fu_7380_p2  |         +|   0|  0|   15|           8|           8|
    |add_ln58_22818_fu_7390_p2  |         +|   0|  0|   18|           9|           9|
    |add_ln58_22819_fu_5633_p2  |         +|   0|  0|   14|           7|           7|
    |add_ln58_22820_fu_2185_p2  |         +|   0|  0|   12|           5|           5|
    |add_ln58_22821_fu_5645_p2  |         +|   0|  0|   13|           6|           6|
    |add_ln58_22822_fu_5655_p2  |         +|   0|  0|   15|           8|           8|
    |add_ln58_22823_fu_2191_p2  |         +|   0|  0|   12|           5|           5|
    |add_ln58_22824_fu_5664_p2  |         +|   0|  0|   13|           6|           6|
    |add_ln58_22825_fu_5674_p2  |         +|   0|  0|   14|           7|           7|
    |add_ln58_22826_fu_7402_p2  |         +|   0|  0|   16|           9|           9|
    |add_ln58_22827_fu_7408_p2  |         +|   0|  0|   18|           9|           9|
    |add_ln58_fu_475_p2         |         +|   0|  0|   13|           6|           6|
    |sub_ln73_868_fu_334_p2     |         -|   0|  0|   24|           1|          17|
    |sub_ln73_869_fu_371_p2     |         -|   0|  0|   24|           1|          17|
    |sub_ln73_870_fu_405_p2     |         -|   0|  0|   24|           1|          17|
    |sub_ln73_871_fu_432_p2     |         -|   0|  0|   24|           1|          17|
    |sub_ln73_872_fu_459_p2     |         -|   0|  0|   24|           1|          17|
    |sub_ln73_873_fu_571_p2     |         -|   0|  0|   24|           1|          17|
    |sub_ln73_874_fu_602_p2     |         -|   0|  0|   24|           1|          17|
    |sub_ln73_875_fu_645_p2     |         -|   0|  0|   24|           1|          17|
    |sub_ln73_876_fu_675_p2     |         -|   0|  0|   24|           1|          17|
    |sub_ln73_877_fu_709_p2     |         -|   0|  0|   24|           1|          17|
    |sub_ln73_878_fu_736_p2     |         -|   0|  0|   24|           1|          17|
    |sub_ln73_879_fu_769_p2     |         -|   0|  0|   24|           1|          17|
    |sub_ln73_880_fu_799_p2     |         -|   0|  0|   24|           1|          17|
    |sub_ln73_881_fu_826_p2     |         -|   0|  0|   24|           1|          17|
    |sub_ln73_882_fu_859_p2     |         -|   0|  0|   24|           1|          17|
    |sub_ln73_883_fu_886_p2     |         -|   0|  0|   24|           1|          17|
    |sub_ln73_884_fu_916_p2     |         -|   0|  0|   24|           1|          17|
    |sub_ln73_885_fu_946_p2     |         -|   0|  0|   24|           1|          17|
    |sub_ln73_886_fu_976_p2     |         -|   0|  0|   24|           1|          17|
    |sub_ln73_887_fu_1012_p2    |         -|   0|  0|   24|           1|          17|
    |sub_ln73_888_fu_1045_p2    |         -|   0|  0|   24|           1|          17|
    |sub_ln73_889_fu_1075_p2    |         -|   0|  0|   24|           1|          17|
    |sub_ln73_890_fu_1105_p2    |         -|   0|  0|   24|           1|          17|
    |sub_ln73_891_fu_1136_p2    |         -|   0|  0|   24|           1|          17|
    |sub_ln73_892_fu_1169_p2    |         -|   0|  0|   24|           1|          17|
    |sub_ln73_893_fu_1200_p2    |         -|   0|  0|   24|           1|          17|
    |sub_ln73_894_fu_1234_p2    |         -|   0|  0|   24|           1|          17|
    |sub_ln73_895_fu_1268_p2    |         -|   0|  0|   24|           1|          17|
    |sub_ln73_896_fu_1305_p2    |         -|   0|  0|   24|           1|          17|
    |sub_ln73_897_fu_1336_p2    |         -|   0|  0|   24|           1|          17|
    |sub_ln73_898_fu_1373_p2    |         -|   0|  0|   24|           1|          17|
    |sub_ln73_fu_298_p2         |         -|   0|  0|   24|           1|          17|
    +---------------------------+----------+----+---+-----+------------+------------+
    |Total                      |          |   0|  0|10350|        4688|        5200|
    +---------------------------+----------+----+---+-----+------------+------------+

    * Multiplexer: 
    N/A

    * Register: 
    +-----------------------------------------+----+----+-----+-----------+
    |                   Name                  | FF | LUT| Bits| Const Bits|
    +-----------------------------------------+----+----+-----+-----------+
    |add_ln58_22160_reg_7871                  |   5|   0|    5|          0|
    |add_ln58_22161_reg_7876                  |   6|   0|    6|          0|
    |add_ln58_22162_reg_8162                  |   7|   0|    7|          0|
    |add_ln58_22163_reg_7881                  |   7|   0|    7|          0|
    |add_ln58_22164_reg_7887                  |   6|   0|    6|          0|
    |add_ln58_22165_reg_8168                  |   7|   0|    7|          0|
    |add_ln58_22169_reg_8183                  |   7|   0|    7|          0|
    |add_ln58_22171_reg_8188                  |   7|   0|    7|          0|
    |add_ln58_22172_reg_8193                  |   7|   0|    7|          0|
    |add_ln58_22173_reg_8199                  |   7|   0|    7|          0|
    |add_ln58_22174_reg_8205                  |   7|   0|    7|          0|
    |add_ln58_22175_reg_8210                  |   7|   0|    7|          0|
    |add_ln58_22177_reg_8215                  |   5|   0|    5|          0|
    |add_ln58_22178_reg_8220                  |   7|   0|    7|          0|
    |add_ln58_22180_reg_8226                  |   7|   0|    7|          0|
    |add_ln58_22184_reg_8231                  |   7|   0|    7|          0|
    |add_ln58_22185_reg_8236                  |   6|   0|    6|          0|
    |add_ln58_22187_reg_8241                  |   7|   0|    7|          0|
    |add_ln58_22190_reg_8246                  |   6|   0|    6|          0|
    |add_ln58_22192_reg_8251                  |   6|   0|    6|          0|
    |add_ln58_22194_reg_8257                  |   7|   0|    7|          0|
    |add_ln58_22195_reg_8262                  |   6|   0|    6|          0|
    |add_ln58_22197_reg_8267                  |   5|   0|    5|          0|
    |add_ln58_22199_reg_8279                  |   6|   0|    6|          0|
    |add_ln58_22202_reg_8732                  |   8|   0|    8|          0|
    |add_ln58_22205_reg_8737                  |   7|   0|    7|          0|
    |add_ln58_22208_reg_8742                  |   7|   0|    7|          0|
    |add_ln58_22210_reg_8284                  |   6|   0|    6|          0|
    |add_ln58_22211_reg_8747                  |   7|   0|    7|          0|
    |add_ln58_22215_reg_8289                  |   5|   0|    5|          0|
    |add_ln58_22216_reg_8296                  |   5|   0|    5|          0|
    |add_ln58_22218_reg_8752                  |   7|   0|    7|          0|
    |add_ln58_22219_reg_8301                  |   5|   0|    5|          0|
    |add_ln58_22223_reg_8319                  |   5|   0|    5|          0|
    |add_ln58_22225_reg_8757                  |   7|   0|    7|          0|
    |add_ln58_22228_reg_8324                  |   5|   0|    5|          0|
    |add_ln58_22230_reg_8762                  |   8|   0|    8|          0|
    |add_ln58_22232_reg_8767                  |   7|   0|    7|          0|
    |add_ln58_22235_reg_8773                  |   7|   0|    7|          0|
    |add_ln58_22237_reg_8778                  |   7|   0|    7|          0|
    |add_ln58_22240_reg_8330                  |   6|   0|    6|          0|
    |add_ln58_22242_reg_8335                  |   6|   0|    6|          0|
    |add_ln58_22244_reg_8783                  |   8|   0|    8|          0|
    |add_ln58_22246_reg_8340                  |   6|   0|    6|          0|
    |add_ln58_22247_reg_8345                  |   5|   0|    5|          0|
    |add_ln58_22248_reg_8350                  |   5|   0|    5|          0|
    |add_ln58_22250_reg_8788                  |   7|   0|    7|          0|
    |add_ln58_22254_reg_8793                  |   8|   0|    8|          0|
    |add_ln58_22256_reg_8798                  |   7|   0|    7|          0|
    |add_ln58_22259_reg_8803                  |   7|   0|    7|          0|
    |add_ln58_22261_reg_8808                  |   7|   0|    7|          0|
    |add_ln58_22264_reg_8355                  |   5|   0|    5|          0|
    |add_ln58_22266_reg_8360                  |   5|   0|    5|          0|
    |add_ln58_22268_reg_8813                  |   7|   0|    7|          0|
    |add_ln58_22270_reg_8365                  |   5|   0|    5|          0|
    |add_ln58_22271_reg_8370                  |   5|   0|    5|          0|
    |add_ln58_22273_reg_8818                  |   7|   0|    7|          0|
    |add_ln58_22277_reg_8823                  |   8|   0|    8|          0|
    |add_ln58_22280_reg_8828                  |   7|   0|    7|          0|
    |add_ln58_22283_reg_8833                  |   7|   0|    7|          0|
    |add_ln58_22286_reg_8838                  |   7|   0|    7|          0|
    |add_ln58_22289_reg_8375                  |   5|   0|    5|          0|
    |add_ln58_22291_reg_8380                  |   5|   0|    5|          0|
    |add_ln58_22293_reg_8843                  |   7|   0|    7|          0|
    |add_ln58_22294_reg_8386                  |   5|   0|    5|          0|
    |add_ln58_22296_reg_8391                  |   5|   0|    5|          0|
    |add_ln58_22298_reg_8848                  |   7|   0|    7|          0|
    |add_ln58_22302_reg_8853                  |   8|   0|    8|          0|
    |add_ln58_22304_reg_8858                  |   7|   0|    7|          0|
    |add_ln58_22306_reg_8863                  |   7|   0|    7|          0|
    |add_ln58_22307_reg_8396                  |   5|   0|    5|          0|
    |add_ln58_22308_reg_8868                  |   7|   0|    7|          0|
    |add_ln58_22311_reg_8402                  |   5|   0|    5|          0|
    |add_ln58_22313_reg_8407                  |   5|   0|    5|          0|
    |add_ln58_22315_reg_8873                  |   7|   0|    7|          0|
    |add_ln58_22316_reg_8412                  |   5|   0|    5|          0|
    |add_ln58_22320_reg_8878                  |   7|   0|    7|          0|
    |add_ln58_22324_reg_8883                  |   8|   0|    8|          0|
    |add_ln58_22326_reg_8888                  |   7|   0|    7|          0|
    |add_ln58_22329_reg_8893                  |   7|   0|    7|          0|
    |add_ln58_22330_reg_8423                  |   6|   0|    6|          0|
    |add_ln58_22335_reg_8428                  |   5|   0|    5|          0|
    |add_ln58_22337_reg_8903                  |   8|   0|    8|          0|
    |add_ln58_22338_reg_8433                  |   5|   0|    5|          0|
    |add_ln58_22340_reg_8438                  |   5|   0|    5|          0|
    |add_ln58_22341_reg_8443                  |   5|   0|    5|          0|
    |add_ln58_22343_reg_8908                  |   7|   0|    7|          0|
    |add_ln58_22346_reg_8448                  |   6|   0|    6|          0|
    |add_ln58_22348_reg_8913                  |   8|   0|    8|          0|
    |add_ln58_22350_reg_8918                  |   7|   0|    7|          0|
    |add_ln58_22352_reg_8923                  |   7|   0|    7|          0|
    |add_ln58_22354_reg_8454                  |   5|   0|    5|          0|
    |add_ln58_22355_reg_8928                  |   7|   0|    7|          0|
    |add_ln58_22358_reg_8461                  |   5|   0|    5|          0|
    |add_ln58_22360_reg_8466                  |   5|   0|    5|          0|
    |add_ln58_22362_reg_8933                  |   7|   0|    7|          0|
    |add_ln58_22365_reg_8471                  |   6|   0|    6|          0|
    |add_ln58_22366_reg_8476                  |   5|   0|    5|          0|
    |add_ln58_22367_reg_8481                  |   5|   0|    5|          0|
    |add_ln58_22369_reg_8938                  |   7|   0|    7|          0|
    |add_ln58_22372_reg_8943                  |   8|   0|    8|          0|
    |add_ln58_22374_reg_8948                  |   7|   0|    7|          0|
    |add_ln58_22377_reg_8953                  |   7|   0|    7|          0|
    |add_ln58_22381_reg_8486                  |   5|   0|    5|          0|
    |add_ln58_22383_reg_8958                  |   7|   0|    7|          0|
    |add_ln58_22386_reg_8963                  |   7|   0|    7|          0|
    |add_ln58_22390_reg_8968                  |   8|   0|    8|          0|
    |add_ln58_22392_reg_8973                  |   7|   0|    7|          0|
    |add_ln58_22394_reg_8978                  |   7|   0|    7|          0|
    |add_ln58_22396_reg_8983                  |   7|   0|    7|          0|
    |add_ln58_22399_reg_8491                  |   5|   0|    5|          0|
    |add_ln58_22401_reg_8496                  |   5|   0|    5|          0|
    |add_ln58_22403_reg_8988                  |   7|   0|    7|          0|
    |add_ln58_22404_reg_8501                  |   5|   0|    5|          0|
    |add_ln58_22407_reg_8993                  |   7|   0|    7|          0|
    |add_ln58_22411_reg_8998                  |   7|   0|    7|          0|
    |add_ln58_22412_reg_9003                  |   7|   0|    7|          0|
    |add_ln58_22414_reg_8506                  |   6|   0|    6|          0|
    |add_ln58_22416_reg_8511                  |   6|   0|    6|          0|
    |add_ln58_22417_reg_8517                  |   7|   0|    7|          0|
    |add_ln58_22419_reg_9008                  |   9|   0|    9|          0|
    |add_ln58_22422_reg_8522                  |   5|   0|    5|          0|
    |add_ln58_22424_reg_9013                  |   7|   0|    7|          0|
    |add_ln58_22426_reg_8527                  |   5|   0|    5|          0|
    |add_ln58_22428_reg_9018                  |   7|   0|    7|          0|
    |add_ln58_22432_reg_9023                  |   7|   0|    7|          0|
    |add_ln58_22434_reg_9028                  |   7|   0|    7|          0|
    |add_ln58_22437_reg_9033                  |   7|   0|    7|          0|
    |add_ln58_22440_reg_9038                  |   8|   0|    8|          0|
    |add_ln58_22444_reg_8532                  |   5|   0|    5|          0|
    |add_ln58_22445_reg_9043                  |   6|   0|    6|          0|
    |add_ln58_22446_reg_9048                  |   7|   0|    7|          0|
    |add_ln58_22448_reg_9053                  |   7|   0|    7|          0|
    |add_ln58_22451_reg_8537                  |   5|   0|    5|          0|
    |add_ln58_22454_reg_9058                  |   8|   0|    8|          0|
    |add_ln58_22456_reg_9063                  |   7|   0|    7|          0|
    |add_ln58_22458_reg_9068                  |   7|   0|    7|          0|
    |add_ln58_22461_reg_9073                  |   7|   0|    7|          0|
    |add_ln58_22464_reg_8542                  |   6|   0|    6|          0|
    |add_ln58_22465_reg_9078                  |   7|   0|    7|          0|
    |add_ln58_22468_reg_8547                  |   5|   0|    5|          0|
    |add_ln58_22469_reg_8552                  |   5|   0|    5|          0|
    |add_ln58_22471_reg_9083                  |   7|   0|    7|          0|
    |add_ln58_22474_reg_9088                  |   8|   0|    8|          0|
    |add_ln58_22477_reg_9093                  |   7|   0|    7|          0|
    |add_ln58_22480_reg_9098                  |   7|   0|    7|          0|
    |add_ln58_22482_reg_8557                  |   6|   0|    6|          0|
    |add_ln58_22483_reg_9103                  |   7|   0|    7|          0|
    |add_ln58_22487_reg_8562                  |   5|   0|    5|          0|
    |add_ln58_22488_reg_8567                  |   5|   0|    5|          0|
    |add_ln58_22490_reg_9108                  |   7|   0|    7|          0|
    |add_ln58_22491_reg_8572                  |   5|   0|    5|          0|
    |add_ln58_22493_reg_8577                  |   5|   0|    5|          0|
    |add_ln58_22495_reg_9113                  |   7|   0|    7|          0|
    |add_ln58_22499_reg_9118                  |   8|   0|    8|          0|
    |add_ln58_22501_reg_9123                  |   7|   0|    7|          0|
    |add_ln58_22503_reg_9128                  |   7|   0|    7|          0|
    |add_ln58_22504_reg_9133                  |   7|   0|    7|          0|
    |add_ln58_22507_reg_8582                  |   5|   0|    5|          0|
    |add_ln58_22510_reg_9138                  |   7|   0|    7|          0|
    |add_ln58_22511_reg_8587                  |   5|   0|    5|          0|
    |add_ln58_22513_reg_8592                  |   5|   0|    5|          0|
    |add_ln58_22515_reg_9143                  |   7|   0|    7|          0|
    |add_ln58_22519_reg_9148                  |   8|   0|    8|          0|
    |add_ln58_22520_reg_9153                  |   7|   0|    7|          0|
    |add_ln58_22522_reg_9158                  |   7|   0|    7|          0|
    |add_ln58_22525_reg_9163                  |   7|   0|    7|          0|
    |add_ln58_22529_reg_9168                  |   8|   0|    8|          0|
    |add_ln58_22531_reg_8597                  |   5|   0|    5|          0|
    |add_ln58_22533_reg_9173                  |   7|   0|    7|          0|
    |add_ln58_22537_reg_9178                  |   8|   0|    8|          0|
    |add_ln58_22538_reg_9183                  |   7|   0|    7|          0|
    |add_ln58_22541_reg_9188                  |   7|   0|    7|          0|
    |add_ln58_22543_reg_9194                  |   7|   0|    7|          0|
    |add_ln58_22548_reg_9199                  |   7|   0|    7|          0|
    |add_ln58_22549_reg_8602                  |   5|   0|    5|          0|
    |add_ln58_22550_reg_8607                  |   5|   0|    5|          0|
    |add_ln58_22552_reg_9204                  |   7|   0|    7|          0|
    |add_ln58_22556_reg_9209                  |   8|   0|    8|          0|
    |add_ln58_22557_reg_9214                  |   7|   0|    7|          0|
    |add_ln58_22559_reg_9219                  |   7|   0|    7|          0|
    |add_ln58_22560_reg_9224                  |   7|   0|    7|          0|
    |add_ln58_22564_reg_8612                  |   5|   0|    5|          0|
    |add_ln58_22566_reg_9229                  |   8|   0|    8|          0|
    |add_ln58_22567_reg_8617                  |   5|   0|    5|          0|
    |add_ln58_22569_reg_8622                  |   5|   0|    5|          0|
    |add_ln58_22570_reg_8627                  |   5|   0|    5|          0|
    |add_ln58_22572_reg_9234                  |   7|   0|    7|          0|
    |add_ln58_22576_reg_9239                  |   8|   0|    8|          0|
    |add_ln58_22578_reg_9244                  |   7|   0|    7|          0|
    |add_ln58_22580_reg_9249                  |   7|   0|    7|          0|
    |add_ln58_22582_reg_9254                  |   7|   0|    7|          0|
    |add_ln58_22588_reg_8632                  |   6|   0|    6|          0|
    |add_ln58_22589_reg_8637                  |   6|   0|    6|          0|
    |add_ln58_22591_reg_9259                  |   8|   0|    8|          0|
    |add_ln58_22593_reg_8642                  |   5|   0|    5|          0|
    |add_ln58_22595_reg_9264                  |   8|   0|    8|          0|
    |add_ln58_22597_reg_9269                  |   7|   0|    7|          0|
    |add_ln58_22599_reg_9274                  |   7|   0|    7|          0|
    |add_ln58_22601_reg_9279                  |   7|   0|    7|          0|
    |add_ln58_22604_reg_8647                  |   5|   0|    5|          0|
    |add_ln58_22606_reg_9284                  |   7|   0|    7|          0|
    |add_ln58_22608_reg_9289                  |   7|   0|    7|          0|
    |add_ln58_22611_reg_9294                  |   8|   0|    8|          0|
    |add_ln58_22612_reg_9299                  |   7|   0|    7|          0|
    |add_ln58_22615_reg_9304                  |   7|   0|    7|          0|
    |add_ln58_22617_reg_9309                  |   7|   0|    7|          0|
    |add_ln58_22620_reg_8652                  |   5|   0|    5|          0|
    |add_ln58_22623_reg_9314                  |   7|   0|    7|          0|
    |add_ln58_22626_reg_9319                  |   7|   0|    7|          0|
    |add_ln58_22629_reg_9324                  |   8|   0|    8|          0|
    |add_ln58_22632_reg_9329                  |   7|   0|    7|          0|
    |add_ln58_22634_reg_9334                  |   7|   0|    7|          0|
    |add_ln58_22639_reg_9339                  |   7|   0|    7|          0|
    |add_ln58_22641_reg_8657                  |   6|   0|    6|          0|
    |add_ln58_22642_reg_9344                  |   7|   0|    7|          0|
    |add_ln58_22646_reg_9349                  |   8|   0|    8|          0|
    |add_ln58_22648_reg_9354                  |   7|   0|    7|          0|
    |add_ln58_22651_reg_9359                  |   7|   0|    7|          0|
    |add_ln58_22652_reg_9364                  |   7|   0|    7|          0|
    |add_ln58_22656_reg_9369                  |   7|   0|    7|          0|
    |add_ln58_22658_reg_9374                  |   7|   0|    7|          0|
    |add_ln58_22662_reg_9379                  |   8|   0|    8|          0|
    |add_ln58_22664_reg_9384                  |   7|   0|    7|          0|
    |add_ln58_22667_reg_9389                  |   7|   0|    7|          0|
    |add_ln58_22668_reg_9394                  |   7|   0|    7|          0|
    |add_ln58_22672_reg_8662                  |   5|   0|    5|          0|
    |add_ln58_22674_reg_9399                  |   7|   0|    7|          0|
    |add_ln58_22675_reg_8667                  |   5|   0|    5|          0|
    |add_ln58_22677_reg_9404                  |   7|   0|    7|          0|
    |add_ln58_22680_reg_9409                  |   8|   0|    8|          0|
    |add_ln58_22683_reg_9414                  |   7|   0|    7|          0|
    |add_ln58_22685_reg_9419                  |   7|   0|    7|          0|
    |add_ln58_22689_reg_8672                  |   5|   0|    5|          0|
    |add_ln58_22691_reg_9424                  |   7|   0|    7|          0|
    |add_ln58_22694_reg_9429                  |   7|   0|    7|          0|
    |add_ln58_22698_reg_9434                  |   8|   0|    8|          0|
    |add_ln58_22699_reg_9439                  |   7|   0|    7|          0|
    |add_ln58_22701_reg_9444                  |   7|   0|    7|          0|
    |add_ln58_22705_reg_9449                  |   7|   0|    7|          0|
    |add_ln58_22706_reg_8677                  |   5|   0|    5|          0|
    |add_ln58_22707_reg_9454                  |   6|   0|    6|          0|
    |add_ln58_22710_reg_8682                  |   6|   0|    6|          0|
    |add_ln58_22712_reg_9459                  |   7|   0|    7|          0|
    |add_ln58_22715_reg_9464                  |   8|   0|    8|          0|
    |add_ln58_22716_reg_9469                  |   7|   0|    7|          0|
    |add_ln58_22719_reg_9474                  |   7|   0|    7|          0|
    |add_ln58_22720_reg_9479                  |   7|   0|    7|          0|
    |add_ln58_22723_reg_8687                  |   6|   0|    6|          0|
    |add_ln58_22726_reg_9489                  |   8|   0|    8|          0|
    |add_ln58_22728_reg_8692                  |   5|   0|    5|          0|
    |add_ln58_22730_reg_9494                  |   7|   0|    7|          0|
    |add_ln58_22733_reg_9499                  |   8|   0|    8|          0|
    |add_ln58_22734_reg_9504                  |   7|   0|    7|          0|
    |add_ln58_22736_reg_9509                  |   7|   0|    7|          0|
    |add_ln58_22741_reg_9514                  |   8|   0|    8|          0|
    |add_ln58_22744_reg_8697                  |   6|   0|    6|          0|
    |add_ln58_22745_reg_9519                  |   7|   0|    7|          0|
    |add_ln58_22748_reg_9524                  |   7|   0|    7|          0|
    |add_ln58_22749_reg_9529                  |   7|   0|    7|          0|
    |add_ln58_22751_reg_9534                  |   7|   0|    7|          0|
    |add_ln58_22752_reg_9539                  |   7|   0|    7|          0|
    |add_ln58_22758_reg_9544                  |   8|   0|    8|          0|
    |add_ln58_22759_reg_8702                  |   5|   0|    5|          0|
    |add_ln58_22761_reg_9549                  |   7|   0|    7|          0|
    |add_ln58_22765_reg_9554                  |   7|   0|    7|          0|
    |add_ln58_22767_reg_9559                  |   7|   0|    7|          0|
    |add_ln58_22768_reg_9564                  |   7|   0|    7|          0|
    |add_ln58_22773_reg_9569                  |   8|   0|    8|          0|
    |add_ln58_22775_reg_8707                  |   5|   0|    5|          0|
    |add_ln58_22777_reg_9574                  |   7|   0|    7|          0|
    |add_ln58_22781_reg_9579                  |   8|   0|    8|          0|
    |add_ln58_22784_reg_9584                  |   7|   0|    7|          0|
    |add_ln58_22789_reg_9589                  |   7|   0|    7|          0|
    |add_ln58_22791_reg_8712                  |   5|   0|    5|          0|
    |add_ln58_22793_reg_9594                  |   7|   0|    7|          0|
    |add_ln58_22796_reg_9599                  |   7|   0|    7|          0|
    |add_ln58_22797_reg_9604                  |   7|   0|    7|          0|
    |add_ln58_22799_reg_9609                  |   7|   0|    7|          0|
    |add_ln58_22803_reg_8717                  |   5|   0|    5|          0|
    |add_ln58_22805_reg_9614                  |   8|   0|    8|          0|
    |add_ln58_22808_reg_9619                  |   7|   0|    7|          0|
    |add_ln58_22811_reg_9624                  |   7|   0|    7|          0|
    |add_ln58_22812_reg_9629                  |   7|   0|    7|          0|
    |add_ln58_22814_reg_9634                  |   7|   0|    7|          0|
    |add_ln58_22816_reg_9639                  |   7|   0|    7|          0|
    |add_ln58_22820_reg_8722                  |   5|   0|    5|          0|
    |add_ln58_22822_reg_9644                  |   8|   0|    8|          0|
    |add_ln58_22823_reg_8727                  |   5|   0|    5|          0|
    |add_ln58_22825_reg_9649                  |   7|   0|    7|          0|
    |add_ln58_reg_7866                        |   6|   0|    6|          0|
    |data_0_val_int_reg                       |   4|   0|    4|          0|
    |data_0_val_read_reg_7818                 |   4|   0|    4|          0|
    |data_10_val_int_reg                      |   4|   0|    4|          0|
    |data_10_val_read_reg_7746                |   4|   0|    4|          0|
    |data_11_val_int_reg                      |   4|   0|    4|          0|
    |data_11_val_read_reg_7739                |   4|   0|    4|          0|
    |data_12_val_int_reg                      |   4|   0|    4|          0|
    |data_12_val_read_reg_7732                |   4|   0|    4|          0|
    |data_13_val_int_reg                      |   4|   0|    4|          0|
    |data_13_val_read_reg_7725                |   4|   0|    4|          0|
    |data_14_val_int_reg                      |   4|   0|    4|          0|
    |data_14_val_read_reg_7718                |   4|   0|    4|          0|
    |data_15_val_int_reg                      |   4|   0|    4|          0|
    |data_15_val_read_reg_7711                |   4|   0|    4|          0|
    |data_16_val_int_reg                      |   4|   0|    4|          0|
    |data_16_val_read_reg_7704                |   4|   0|    4|          0|
    |data_17_val_int_reg                      |   4|   0|    4|          0|
    |data_17_val_read_reg_7697                |   4|   0|    4|          0|
    |data_18_val_int_reg                      |   4|   0|    4|          0|
    |data_18_val_read_reg_7690                |   4|   0|    4|          0|
    |data_19_val_int_reg                      |   4|   0|    4|          0|
    |data_19_val_read_reg_7683                |   4|   0|    4|          0|
    |data_1_val_int_reg                       |   4|   0|    4|          0|
    |data_1_val_read_reg_7811                 |   4|   0|    4|          0|
    |data_20_val_int_reg                      |   4|   0|    4|          0|
    |data_20_val_read_reg_7676                |   4|   0|    4|          0|
    |data_20_val_read_reg_7676_pp0_iter1_reg  |   4|   0|    4|          0|
    |data_21_val_int_reg                      |   4|   0|    4|          0|
    |data_21_val_read_reg_7669                |   4|   0|    4|          0|
    |data_21_val_read_reg_7669_pp0_iter1_reg  |   4|   0|    4|          0|
    |data_22_val_int_reg                      |   4|   0|    4|          0|
    |data_22_val_read_reg_7662                |   4|   0|    4|          0|
    |data_23_val_int_reg                      |   4|   0|    4|          0|
    |data_23_val_read_reg_7655                |   4|   0|    4|          0|
    |data_24_val_int_reg                      |   4|   0|    4|          0|
    |data_24_val_read_reg_7649                |   4|   0|    4|          0|
    |data_24_val_read_reg_7649_pp0_iter1_reg  |   4|   0|    4|          0|
    |data_25_val_int_reg                      |   4|   0|    4|          0|
    |data_25_val_read_reg_7643                |   4|   0|    4|          0|
    |data_25_val_read_reg_7643_pp0_iter1_reg  |   4|   0|    4|          0|
    |data_26_val_int_reg                      |   4|   0|    4|          0|
    |data_26_val_read_reg_7637                |   4|   0|    4|          0|
    |data_26_val_read_reg_7637_pp0_iter1_reg  |   4|   0|    4|          0|
    |data_27_val_int_reg                      |   4|   0|    4|          0|
    |data_27_val_read_reg_7631                |   4|   0|    4|          0|
    |data_27_val_read_reg_7631_pp0_iter1_reg  |   4|   0|    4|          0|
    |data_28_val_int_reg                      |   4|   0|    4|          0|
    |data_28_val_read_reg_7624                |   4|   0|    4|          0|
    |data_29_val_int_reg                      |   4|   0|    4|          0|
    |data_29_val_read_reg_7618                |   4|   0|    4|          0|
    |data_29_val_read_reg_7618_pp0_iter1_reg  |   4|   0|    4|          0|
    |data_2_val_int_reg                       |   4|   0|    4|          0|
    |data_2_val_read_reg_7804                 |   4|   0|    4|          0|
    |data_2_val_read_reg_7804_pp0_iter1_reg   |   4|   0|    4|          0|
    |data_30_val_int_reg                      |   4|   0|    4|          0|
    |data_30_val_read_reg_7612                |   4|   0|    4|          0|
    |data_30_val_read_reg_7612_pp0_iter1_reg  |   4|   0|    4|          0|
    |data_31_val_int_reg                      |   4|   0|    4|          0|
    |data_31_val_read_reg_7606                |   4|   0|    4|          0|
    |data_31_val_read_reg_7606_pp0_iter1_reg  |   4|   0|    4|          0|
    |data_3_val_int_reg                       |   4|   0|    4|          0|
    |data_3_val_read_reg_7796                 |   4|   0|    4|          0|
    |data_3_val_read_reg_7796_pp0_iter1_reg   |   4|   0|    4|          0|
    |data_4_val_int_reg                       |   4|   0|    4|          0|
    |data_4_val_read_reg_7788                 |   4|   0|    4|          0|
    |data_4_val_read_reg_7788_pp0_iter1_reg   |   4|   0|    4|          0|
    |data_5_val_int_reg                       |   4|   0|    4|          0|
    |data_5_val_read_reg_7781                 |   4|   0|    4|          0|
    |data_5_val_read_reg_7781_pp0_iter1_reg   |   4|   0|    4|          0|
    |data_6_val_int_reg                       |   4|   0|    4|          0|
    |data_6_val_read_reg_7774                 |   4|   0|    4|          0|
    |data_7_val_int_reg                       |   4|   0|    4|          0|
    |data_7_val_read_reg_7767                 |   4|   0|    4|          0|
    |data_7_val_read_reg_7767_pp0_iter1_reg   |   4|   0|    4|          0|
    |data_8_val_int_reg                       |   4|   0|    4|          0|
    |data_8_val_read_reg_7760                 |   4|   0|    4|          0|
    |data_8_val_read_reg_7760_pp0_iter1_reg   |   4|   0|    4|          0|
    |data_9_val_int_reg                       |   4|   0|    4|          0|
    |data_9_val_read_reg_7753                 |   4|   0|    4|          0|
    |mult_219_reg_7829                        |   5|   0|    5|          0|
    |mult_220_reg_7846                        |   5|   0|    5|          0|
    |mult_221_reg_7852                        |   5|   0|    5|          0|
    |mult_221_reg_7852_pp0_iter2_reg          |   5|   0|    5|          0|
    |mult_222_reg_7859                        |   5|   0|    5|          0|
    |mult_222_reg_7859_pp0_iter2_reg          |   5|   0|    5|          0|
    |mult_223_reg_7930                        |   5|   0|    5|          0|
    |mult_224_reg_7943                        |   5|   0|    5|          0|
    |mult_225_reg_7959                        |   5|   0|    5|          0|
    |mult_226_reg_7965                        |   5|   0|    5|          0|
    |mult_227_reg_7979                        |   5|   0|    5|          0|
    |mult_228_reg_7986                        |   5|   0|    5|          0|
    |mult_229_reg_7993                        |   5|   0|    5|          0|
    |mult_230_reg_7999                        |   5|   0|    5|          0|
    |mult_231_reg_8005                        |   5|   0|    5|          0|
    |mult_232_reg_8011                        |   5|   0|    5|          0|
    |mult_233_reg_8017                        |   5|   0|    5|          0|
    |mult_234_reg_8023                        |   5|   0|    5|          0|
    |mult_235_reg_8029                        |   5|   0|    5|          0|
    |mult_236_reg_8035                        |   5|   0|    5|          0|
    |mult_237_reg_8041                        |   5|   0|    5|          0|
    |mult_238_reg_8047                        |   5|   0|    5|          0|
    |mult_239_reg_8053                        |   5|   0|    5|          0|
    |mult_241_reg_8068                        |   5|   0|    5|          0|
    |mult_242_reg_8074                        |   5|   0|    5|          0|
    |mult_243_reg_8087                        |   5|   0|    5|          0|
    |mult_244_reg_8102                        |   5|   0|    5|          0|
    |mult_245_reg_8116                        |   5|   0|    5|          0|
    |mult_246_reg_8127                        |   5|   0|    5|          0|
    |mult_247_reg_8139                        |   5|   0|    5|          0|
    |mult_reg_7824                            |   5|   0|    5|          0|
    |sext_ln17_610_reg_7834                   |   7|   0|    7|          0|
    |sext_ln17_612_reg_7840                   |   6|   0|    6|          0|
    |sext_ln17_616_reg_7892                   |   7|   0|    7|          0|
    |sext_ln17_617_reg_7897                   |   6|   0|    6|          0|
    |sext_ln17_618_reg_7902                   |   7|   0|    7|          0|
    |sext_ln17_621_reg_7907                   |   6|   0|    6|          0|
    |sext_ln17_623_reg_7914                   |   6|   0|    6|          0|
    |sext_ln17_625_reg_7923                   |   6|   0|    6|          0|
    |sext_ln17_627_reg_7935                   |   6|   0|    6|          0|
    |sext_ln17_630_reg_7949                   |   6|   0|    6|          0|
    |sext_ln17_637_reg_7970                   |   6|   0|    6|          0|
    |sext_ln17_668_reg_8059                   |   6|   0|    6|          0|
    |sext_ln17_672_reg_8079                   |   6|   0|    6|          0|
    |sext_ln17_674_reg_8092                   |   6|   0|    6|          0|
    |sext_ln17_676_reg_8107                   |   6|   0|    6|          0|
    |sext_ln17_678_reg_8121                   |   6|   0|    6|          0|
    |sext_ln17_680_reg_8132                   |   6|   0|    6|          0|
    |sext_ln17_682_reg_8144                   |   6|   0|    6|          0|
    |sext_ln17_684_reg_8151                   |   6|   0|    6|          0|
    |sext_ln58_11688_reg_8272                 |   6|   0|    6|          0|
    |sext_ln58_11697_reg_8306                 |   6|   0|    6|          0|
    |sext_ln58_11699_reg_8313                 |   6|   0|    6|          0|
    |sext_ln58_11737_reg_8417                 |   6|   0|    6|          0|
    |sext_ln58_12708_reg_8173                 |   7|   0|    7|          0|
    |sext_ln58_12709_reg_8178                 |   7|   0|    7|          0|
    |sext_ln58_12806_reg_8898                 |   8|   0|    8|          0|
    |sext_ln58_13016_reg_9484                 |   8|   0|    8|          0|
    |data_10_val_read_reg_7746                |  64|  32|    4|          0|
    |data_11_val_read_reg_7739                |  64|  32|    4|          0|
    |data_12_val_read_reg_7732                |  64|  32|    4|          0|
    |data_13_val_read_reg_7725                |  64|  32|    4|          0|
    |data_14_val_read_reg_7718                |  64|  32|    4|          0|
    |data_15_val_read_reg_7711                |  64|  32|    4|          0|
    |data_16_val_read_reg_7704                |  64|  32|    4|          0|
    |data_17_val_read_reg_7697                |  64|  32|    4|          0|
    |data_18_val_read_reg_7690                |  64|  32|    4|          0|
    |data_19_val_read_reg_7683                |  64|  32|    4|          0|
    |data_22_val_read_reg_7662                |  64|  32|    4|          0|
    |data_23_val_read_reg_7655                |  64|  32|    4|          0|
    |data_28_val_read_reg_7624                |  64|  32|    4|          0|
    |data_6_val_read_reg_7774                 |  64|  32|    4|          0|
    |data_9_val_read_reg_7753                 |  64|  32|    4|          0|
    +-----------------------------------------+----+----+-----+-----------+
    |Total                                    |3514| 480| 2614|          0|
    +-----------------------------------------+----+----+-----+-----------+



================================================================
== Interface
================================================================
* Summary: 
+--------------+-----+-----+------------+--------------------------------------------------------------------------------+--------------+
|   RTL Ports  | Dir | Bits|  Protocol  |                                  Source Object                                 |    C Type    |
+--------------+-----+-----+------------+--------------------------------------------------------------------------------+--------------+
|ap_clk        |   in|    1|  ap_ctrl_hs|  dense_latency<ap_fixed<4, 2, 5, 3, 0>, ap_fixed<9, 7, 4, 0, 0>, config9_dense>|  return value|
|ap_rst        |   in|    1|  ap_ctrl_hs|  dense_latency<ap_fixed<4, 2, 5, 3, 0>, ap_fixed<9, 7, 4, 0, 0>, config9_dense>|  return value|
|ap_return_0   |  out|    9|  ap_ctrl_hs|  dense_latency<ap_fixed<4, 2, 5, 3, 0>, ap_fixed<9, 7, 4, 0, 0>, config9_dense>|  return value|
|ap_return_1   |  out|    9|  ap_ctrl_hs|  dense_latency<ap_fixed<4, 2, 5, 3, 0>, ap_fixed<9, 7, 4, 0, 0>, config9_dense>|  return value|
|ap_return_2   |  out|    9|  ap_ctrl_hs|  dense_latency<ap_fixed<4, 2, 5, 3, 0>, ap_fixed<9, 7, 4, 0, 0>, config9_dense>|  return value|
|ap_return_3   |  out|    9|  ap_ctrl_hs|  dense_latency<ap_fixed<4, 2, 5, 3, 0>, ap_fixed<9, 7, 4, 0, 0>, config9_dense>|  return value|
|ap_return_4   |  out|    9|  ap_ctrl_hs|  dense_latency<ap_fixed<4, 2, 5, 3, 0>, ap_fixed<9, 7, 4, 0, 0>, config9_dense>|  return value|
|ap_return_5   |  out|    9|  ap_ctrl_hs|  dense_latency<ap_fixed<4, 2, 5, 3, 0>, ap_fixed<9, 7, 4, 0, 0>, config9_dense>|  return value|
|ap_return_6   |  out|    9|  ap_ctrl_hs|  dense_latency<ap_fixed<4, 2, 5, 3, 0>, ap_fixed<9, 7, 4, 0, 0>, config9_dense>|  return value|
|ap_return_7   |  out|    9|  ap_ctrl_hs|  dense_latency<ap_fixed<4, 2, 5, 3, 0>, ap_fixed<9, 7, 4, 0, 0>, config9_dense>|  return value|
|ap_return_8   |  out|    9|  ap_ctrl_hs|  dense_latency<ap_fixed<4, 2, 5, 3, 0>, ap_fixed<9, 7, 4, 0, 0>, config9_dense>|  return value|
|ap_return_9   |  out|    9|  ap_ctrl_hs|  dense_latency<ap_fixed<4, 2, 5, 3, 0>, ap_fixed<9, 7, 4, 0, 0>, config9_dense>|  return value|
|ap_return_10  |  out|    9|  ap_ctrl_hs|  dense_latency<ap_fixed<4, 2, 5, 3, 0>, ap_fixed<9, 7, 4, 0, 0>, config9_dense>|  return value|
|ap_return_11  |  out|    9|  ap_ctrl_hs|  dense_latency<ap_fixed<4, 2, 5, 3, 0>, ap_fixed<9, 7, 4, 0, 0>, config9_dense>|  return value|
|ap_return_12  |  out|    9|  ap_ctrl_hs|  dense_latency<ap_fixed<4, 2, 5, 3, 0>, ap_fixed<9, 7, 4, 0, 0>, config9_dense>|  return value|
|ap_return_13  |  out|    9|  ap_ctrl_hs|  dense_latency<ap_fixed<4, 2, 5, 3, 0>, ap_fixed<9, 7, 4, 0, 0>, config9_dense>|  return value|
|ap_return_14  |  out|    9|  ap_ctrl_hs|  dense_latency<ap_fixed<4, 2, 5, 3, 0>, ap_fixed<9, 7, 4, 0, 0>, config9_dense>|  return value|
|ap_return_15  |  out|    9|  ap_ctrl_hs|  dense_latency<ap_fixed<4, 2, 5, 3, 0>, ap_fixed<9, 7, 4, 0, 0>, config9_dense>|  return value|
|ap_return_16  |  out|    9|  ap_ctrl_hs|  dense_latency<ap_fixed<4, 2, 5, 3, 0>, ap_fixed<9, 7, 4, 0, 0>, config9_dense>|  return value|
|ap_return_17  |  out|    9|  ap_ctrl_hs|  dense_latency<ap_fixed<4, 2, 5, 3, 0>, ap_fixed<9, 7, 4, 0, 0>, config9_dense>|  return value|
|ap_return_18  |  out|    9|  ap_ctrl_hs|  dense_latency<ap_fixed<4, 2, 5, 3, 0>, ap_fixed<9, 7, 4, 0, 0>, config9_dense>|  return value|
|ap_return_19  |  out|    9|  ap_ctrl_hs|  dense_latency<ap_fixed<4, 2, 5, 3, 0>, ap_fixed<9, 7, 4, 0, 0>, config9_dense>|  return value|
|ap_return_20  |  out|    9|  ap_ctrl_hs|  dense_latency<ap_fixed<4, 2, 5, 3, 0>, ap_fixed<9, 7, 4, 0, 0>, config9_dense>|  return value|
|ap_return_21  |  out|    9|  ap_ctrl_hs|  dense_latency<ap_fixed<4, 2, 5, 3, 0>, ap_fixed<9, 7, 4, 0, 0>, config9_dense>|  return value|
|ap_return_22  |  out|    9|  ap_ctrl_hs|  dense_latency<ap_fixed<4, 2, 5, 3, 0>, ap_fixed<9, 7, 4, 0, 0>, config9_dense>|  return value|
|ap_return_23  |  out|    9|  ap_ctrl_hs|  dense_latency<ap_fixed<4, 2, 5, 3, 0>, ap_fixed<9, 7, 4, 0, 0>, config9_dense>|  return value|
|ap_return_24  |  out|    9|  ap_ctrl_hs|  dense_latency<ap_fixed<4, 2, 5, 3, 0>, ap_fixed<9, 7, 4, 0, 0>, config9_dense>|  return value|
|ap_return_25  |  out|    9|  ap_ctrl_hs|  dense_latency<ap_fixed<4, 2, 5, 3, 0>, ap_fixed<9, 7, 4, 0, 0>, config9_dense>|  return value|
|ap_return_26  |  out|    9|  ap_ctrl_hs|  dense_latency<ap_fixed<4, 2, 5, 3, 0>, ap_fixed<9, 7, 4, 0, 0>, config9_dense>|  return value|
|ap_return_27  |  out|    9|  ap_ctrl_hs|  dense_latency<ap_fixed<4, 2, 5, 3, 0>, ap_fixed<9, 7, 4, 0, 0>, config9_dense>|  return value|
|ap_return_28  |  out|    9|  ap_ctrl_hs|  dense_latency<ap_fixed<4, 2, 5, 3, 0>, ap_fixed<9, 7, 4, 0, 0>, config9_dense>|  return value|
|ap_return_29  |  out|    9|  ap_ctrl_hs|  dense_latency<ap_fixed<4, 2, 5, 3, 0>, ap_fixed<9, 7, 4, 0, 0>, config9_dense>|  return value|
|ap_return_30  |  out|    9|  ap_ctrl_hs|  dense_latency<ap_fixed<4, 2, 5, 3, 0>, ap_fixed<9, 7, 4, 0, 0>, config9_dense>|  return value|
|ap_return_31  |  out|    9|  ap_ctrl_hs|  dense_latency<ap_fixed<4, 2, 5, 3, 0>, ap_fixed<9, 7, 4, 0, 0>, config9_dense>|  return value|
|ap_ce         |   in|    1|  ap_ctrl_hs|  dense_latency<ap_fixed<4, 2, 5, 3, 0>, ap_fixed<9, 7, 4, 0, 0>, config9_dense>|  return value|
|data_0_val    |   in|    4|     ap_none|                                                                      data_0_val|        scalar|
|data_1_val    |   in|    4|     ap_none|                                                                      data_1_val|        scalar|
|data_2_val    |   in|    4|     ap_none|                                                                      data_2_val|        scalar|
|data_3_val    |   in|    4|     ap_none|                                                                      data_3_val|        scalar|
|data_4_val    |   in|    4|     ap_none|                                                                      data_4_val|        scalar|
|data_5_val    |   in|    4|     ap_none|                                                                      data_5_val|        scalar|
|data_6_val    |   in|    4|     ap_none|                                                                      data_6_val|        scalar|
|data_7_val    |   in|    4|     ap_none|                                                                      data_7_val|        scalar|
|data_8_val    |   in|    4|     ap_none|                                                                      data_8_val|        scalar|
|data_9_val    |   in|    4|     ap_none|                                                                      data_9_val|        scalar|
|data_10_val   |   in|    4|     ap_none|                                                                     data_10_val|        scalar|
|data_11_val   |   in|    4|     ap_none|                                                                     data_11_val|        scalar|
|data_12_val   |   in|    4|     ap_none|                                                                     data_12_val|        scalar|
|data_13_val   |   in|    4|     ap_none|                                                                     data_13_val|        scalar|
|data_14_val   |   in|    4|     ap_none|                                                                     data_14_val|        scalar|
|data_15_val   |   in|    4|     ap_none|                                                                     data_15_val|        scalar|
|data_16_val   |   in|    4|     ap_none|                                                                     data_16_val|        scalar|
|data_17_val   |   in|    4|     ap_none|                                                                     data_17_val|        scalar|
|data_18_val   |   in|    4|     ap_none|                                                                     data_18_val|        scalar|
|data_19_val   |   in|    4|     ap_none|                                                                     data_19_val|        scalar|
|data_20_val   |   in|    4|     ap_none|                                                                     data_20_val|        scalar|
|data_21_val   |   in|    4|     ap_none|                                                                     data_21_val|        scalar|
|data_22_val   |   in|    4|     ap_none|                                                                     data_22_val|        scalar|
|data_23_val   |   in|    4|     ap_none|                                                                     data_23_val|        scalar|
|data_24_val   |   in|    4|     ap_none|                                                                     data_24_val|        scalar|
|data_25_val   |   in|    4|     ap_none|                                                                     data_25_val|        scalar|
|data_26_val   |   in|    4|     ap_none|                                                                     data_26_val|        scalar|
|data_27_val   |   in|    4|     ap_none|                                                                     data_27_val|        scalar|
|data_28_val   |   in|    4|     ap_none|                                                                     data_28_val|        scalar|
|data_29_val   |   in|    4|     ap_none|                                                                     data_29_val|        scalar|
|data_30_val   |   in|    4|     ap_none|                                                                     data_30_val|        scalar|
|data_31_val   |   in|    4|     ap_none|                                                                     data_31_val|        scalar|
+--------------+-----+-----+------------+--------------------------------------------------------------------------------+--------------+

