

================================================================
== Vitis HLS Report for 'dense_latency_ap_ufixed_ap_fixed_10_8_4_0_0_config70_dense_2'
================================================================
* Date:           Thu Aug 13 14:21:03 2026

* Version:        2023.2 (Build 4023990 on Oct 11 2023)
* Project:        myproject_prj
* Solution:       solution1 (Vivado IP Flow Target)
* Product family: virtexuplus
* Target device:  xcvu13p-flga2577-2-e


================================================================
== Performance Estimates
================================================================
+ Timing: 
    * Summary: 
    +--------+---------+----------+------------+
    |  Clock |  Target | Estimated| Uncertainty|
    +--------+---------+----------+------------+
    |ap_clk  |  2.50 ns|  1.656 ns|     0.68 ns|
    +--------+---------+----------+------------+

+ Latency: 
    * Summary: 
    +---------+---------+-----------+-----------+-----+-----+---------+
    |  Latency (cycles) |   Latency (absolute)  |  Interval | Pipeline|
    |   min   |   max   |    min    |    max    | min | max |   Type  |
    +---------+---------+-----------+-----------+-----+-----+---------+
    |        4|        4|  10.000 ns|  10.000 ns|    1|    1|      yes|
    +---------+---------+-----------+-----------+-----+-----+---------+

    + Detail: 
        * Instance: 
        N/A

        * Loop: 
        N/A



================================================================
== Utilization Estimates
================================================================
* Summary: 
+---------------------+---------+-------+---------+---------+------+
|         Name        | BRAM_18K|  DSP  |    FF   |   LUT   | URAM |
+---------------------+---------+-------+---------+---------+------+
|DSP                  |        -|      -|        -|        -|     -|
|Expression           |        -|      -|        0|    18929|     -|
|FIFO                 |        -|      -|        -|        -|     -|
|Instance             |        -|      -|        -|        -|     -|
|Memory               |        -|      -|        -|        -|     -|
|Multiplexer          |        -|      -|        -|        -|     -|
|Register             |        -|      -|     4570|        -|     -|
+---------------------+---------+-------+---------+---------+------+
|Total                |        0|      0|     4570|    18929|     0|
+---------------------+---------+-------+---------+---------+------+
|Available SLR        |     1344|   3072|   864000|   432000|   320|
+---------------------+---------+-------+---------+---------+------+
|Utilization SLR (%)  |        0|      0|       ~0|        4|     0|
+---------------------+---------+-------+---------+---------+------+
|Available            |     5376|  12288|  3456000|  1728000|  1280|
+---------------------+---------+-------+---------+---------+------+
|Utilization (%)      |        0|      0|       ~0|        1|     0|
+---------------------+---------+-------+---------+---------+------+

+ Detail: 
    * Instance: 
    N/A

    * DSP: 
    N/A

    * Memory: 
    N/A

    * FIFO: 
    N/A

    * Expression: 
    +---------------------------+----------+----+---+-----+------------+------------+
    |       Variable Name       | Operation| DSP| FF| LUT | Bitwidth P0| Bitwidth P1|
    +---------------------------+----------+----+---+-----+------------+------------+
    |add_ln58_3946_fu_646_p2    |         +|   0|  0|   12|           5|           5|
    |add_ln58_3947_fu_656_p2    |         +|   0|  0|   12|           5|           5|
    |add_ln58_3948_fu_668_p2    |         +|   0|  0|   12|           5|           5|
    |add_ln58_3949_fu_674_p2    |         +|   0|  0|   12|           5|           5|
    |add_ln58_3950_fu_680_p2    |         +|   0|  0|   12|           5|           5|
    |add_ln58_3951_fu_1226_p2   |         +|   0|  0|   12|           5|           5|
    |add_ln58_3952_fu_690_p2    |         +|   0|  0|   12|           5|           5|
    |add_ln58_3953_fu_1237_p2   |         +|   0|  0|   13|           6|           6|
    |add_ln58_3954_fu_1247_p2   |         +|   0|  0|   13|           6|           6|
    |add_ln58_3955_fu_1257_p2   |         +|   0|  0|   12|           5|           5|
    |add_ln58_3956_fu_1262_p2   |         +|   0|  0|   12|           5|           5|
    |add_ln58_3957_fu_6220_p2   |         +|   0|  0|   13|           6|           6|
    |add_ln58_3958_fu_1289_p2   |         +|   0|  0|   13|           6|           6|
    |add_ln58_3959_fu_1295_p2   |         +|   0|  0|   14|           7|           7|
    |add_ln58_3960_fu_1301_p2   |         +|   0|  0|   13|           6|           6|
    |add_ln58_3961_fu_696_p2    |         +|   0|  0|   12|           5|           5|
    |add_ln58_3962_fu_702_p2    |         +|   0|  0|   12|           4|           4|
    |add_ln58_3963_fu_1313_p2   |         +|   0|  0|   13|           6|           6|
    |add_ln58_3964_fu_1319_p2   |         +|   0|  0|   13|           6|           6|
    |add_ln58_3965_fu_1336_p2   |         +|   0|  0|   12|           4|           4|
    |add_ln58_3966_fu_1345_p2   |         +|   0|  0|   14|           7|           7|
    |add_ln58_3967_fu_6229_p2   |         +|   0|  0|   13|           6|           6|
    |add_ln58_3968_fu_1351_p2   |         +|   0|  0|   13|           6|           6|
    |add_ln58_3969_fu_6240_p2   |         +|   0|  0|   14|           7|           7|
    |add_ln58_3970_fu_6248_p2   |         +|   0|  0|   13|           6|           6|
    |add_ln58_3971_fu_1381_p2   |         +|   0|  0|   13|           6|           6|
    |add_ln58_3972_fu_1397_p2   |         +|   0|  0|   12|           5|           5|
    |add_ln58_3973_fu_6263_p2   |         +|   0|  0|   14|           7|           7|
    |add_ln58_3974_fu_1412_p2   |         +|   0|  0|   13|           6|           6|
    |add_ln58_3975_fu_1418_p2   |         +|   0|  0|   12|           4|           4|
    |add_ln58_3976_fu_1427_p2   |         +|   0|  0|   12|           5|           5|
    |add_ln58_3977_fu_6275_p2   |         +|   0|  0|   14|           7|           7|
    |add_ln58_3978_fu_1728_p2   |         +|   0|  0|   12|           5|           5|
    |add_ln58_3979_fu_6380_p2   |         +|   0|  0|   16|           7|           7|
    |add_ln58_3980_fu_1734_p2   |         +|   0|  0|   12|           5|           5|
    |add_ln58_3981_fu_1740_p2   |         +|   0|  0|   12|           5|           5|
    |add_ln58_3982_fu_6392_p2   |         +|   0|  0|   13|           6|           6|
    |add_ln58_3983_fu_6402_p2   |         +|   0|  0|   16|           7|           7|
    |add_ln58_3984_fu_1746_p2   |         +|   0|  0|   12|           5|           5|
    |add_ln58_3985_fu_1752_p2   |         +|   0|  0|   12|           5|           5|
    |add_ln58_3986_fu_6414_p2   |         +|   0|  0|   13|           6|           6|
    |add_ln58_3987_fu_1758_p2   |         +|   0|  0|   12|           5|           5|
    |add_ln58_3988_fu_1764_p2   |         +|   0|  0|   12|           5|           5|
    |add_ln58_3989_fu_6430_p2   |         +|   0|  0|   13|           6|           6|
    |add_ln58_3990_fu_6440_p2   |         +|   0|  0|   14|           7|           7|
    |add_ln58_3991_fu_12374_p2  |         +|   0|  0|   15|           8|           8|
    |add_ln58_3992_fu_1770_p2   |         +|   0|  0|   12|           5|           5|
    |add_ln58_3993_fu_6449_p2   |         +|   0|  0|   13|           6|           6|
    |add_ln58_3994_fu_1776_p2   |         +|   0|  0|   12|           5|           5|
    |add_ln58_3995_fu_1782_p2   |         +|   0|  0|   12|           5|           5|
    |add_ln58_3996_fu_6465_p2   |         +|   0|  0|   13|           6|           6|
    |add_ln58_3997_fu_6475_p2   |         +|   0|  0|   14|           7|           7|
    |add_ln58_3998_fu_1788_p2   |         +|   0|  0|   12|           5|           5|
    |add_ln58_3999_fu_1794_p2   |         +|   0|  0|   12|           5|           5|
    |add_ln58_4000_fu_6484_p2   |         +|   0|  0|   13|           6|           6|
    |add_ln58_4001_fu_1804_p2   |         +|   0|  0|   12|           4|           4|
    |add_ln58_4002_fu_1814_p2   |         +|   0|  0|   12|           4|           4|
    |add_ln58_4003_fu_1824_p2   |         +|   0|  0|   12|           5|           5|
    |add_ln58_4004_fu_6492_p2   |         +|   0|  0|   13|           6|           6|
    |add_ln58_4005_fu_12390_p2  |         +|   0|  0|   15|           8|           8|
    |add_ln58_4006_fu_12400_p2  |         +|   0|  0|   18|           9|           9|
    |add_ln58_4007_fu_1830_p2   |         +|   0|  0|   12|           4|           4|
    |add_ln58_4008_fu_1840_p2   |         +|   0|  0|   12|           5|           5|
    |add_ln58_4009_fu_1846_p2   |         +|   0|  0|   12|           4|           4|
    |add_ln58_4010_fu_1856_p2   |         +|   0|  0|   12|           4|           4|
    |add_ln58_4011_fu_1866_p2   |         +|   0|  0|   12|           5|           5|
    |add_ln58_4012_fu_6504_p2   |         +|   0|  0|   13|           6|           6|
    |add_ln58_4013_fu_1872_p2   |         +|   0|  0|   12|           4|           4|
    |add_ln58_4014_fu_1882_p2   |         +|   0|  0|   12|           4|           4|
    |add_ln58_4015_fu_1892_p2   |         +|   0|  0|   12|           5|           5|
    |add_ln58_4016_fu_1898_p2   |         +|   0|  0|   12|           4|           4|
    |add_ln58_4017_fu_1908_p2   |         +|   0|  0|   12|           4|           4|
    |add_ln58_4018_fu_1918_p2   |         +|   0|  0|   12|           5|           5|
    |add_ln58_4019_fu_6520_p2   |         +|   0|  0|   13|           6|           6|
    |add_ln58_4020_fu_6530_p2   |         +|   0|  0|   14|           7|           7|
    |add_ln58_4021_fu_1924_p2   |         +|   0|  0|   12|           4|           4|
    |add_ln58_4022_fu_1934_p2   |         +|   0|  0|   12|           5|           5|
    |add_ln58_4023_fu_1940_p2   |         +|   0|  0|   12|           4|           4|
    |add_ln58_4024_fu_1950_p2   |         +|   0|  0|   12|           4|           4|
    |add_ln58_4025_fu_1960_p2   |         +|   0|  0|   12|           5|           5|
    |add_ln58_4026_fu_6542_p2   |         +|   0|  0|   13|           6|           6|
    |add_ln58_4027_fu_1966_p2   |         +|   0|  0|   12|           4|           4|
    |add_ln58_4028_fu_1976_p2   |         +|   0|  0|   12|           4|           4|
    |add_ln58_4029_fu_1986_p2   |         +|   0|  0|   12|           5|           5|
    |add_ln58_4030_fu_1992_p2   |         +|   0|  0|   12|           4|           4|
    |add_ln58_4031_fu_2001_p2   |         +|   0|  0|   12|           4|           4|
    |add_ln58_4032_fu_2011_p2   |         +|   0|  0|   12|           5|           5|
    |add_ln58_4033_fu_6558_p2   |         +|   0|  0|   13|           6|           6|
    |add_ln58_4034_fu_6568_p2   |         +|   0|  0|   14|           7|           7|
    |add_ln58_4035_fu_12412_p2  |         +|   0|  0|   15|           8|           8|
    |add_ln58_4036_fu_12422_p2  |         +|   0|  0|   18|           9|           9|
    |add_ln58_4037_fu_2017_p2   |         +|   0|  0|   12|           5|           5|
    |add_ln58_4038_fu_6577_p2   |         +|   0|  0|   14|           7|           7|
    |add_ln58_4039_fu_2023_p2   |         +|   0|  0|   12|           5|           5|
    |add_ln58_4040_fu_2029_p2   |         +|   0|  0|   12|           5|           5|
    |add_ln58_4041_fu_6589_p2   |         +|   0|  0|   13|           6|           6|
    |add_ln58_4042_fu_12434_p2  |         +|   0|  0|   19|           8|           8|
    |add_ln58_4043_fu_2035_p2   |         +|   0|  0|   12|           5|           5|
    |add_ln58_4044_fu_6598_p2   |         +|   0|  0|   13|           6|           6|
    |add_ln58_4046_fu_2041_p2   |         +|   0|  0|   12|           5|           5|
    |add_ln58_4047_fu_6611_p2   |         +|   0|  0|   13|           6|           6|
    |add_ln58_4048_fu_6621_p2   |         +|   0|  0|   14|           7|           7|
    |add_ln58_4049_fu_12443_p2  |         +|   0|  0|   19|           8|           8|
    |add_ln58_4050_fu_2047_p2   |         +|   0|  0|   12|           5|           5|
    |add_ln58_4051_fu_6630_p2   |         +|   0|  0|   13|           6|           6|
    |add_ln58_4052_fu_2053_p2   |         +|   0|  0|   12|           5|           5|
    |add_ln58_4053_fu_2059_p2   |         +|   0|  0|   12|           5|           5|
    |add_ln58_4054_fu_6646_p2   |         +|   0|  0|   13|           6|           6|
    |add_ln58_4055_fu_6656_p2   |         +|   0|  0|   14|           7|           7|
    |add_ln58_4058_fu_2065_p2   |         +|   0|  0|   12|           5|           5|
    |add_ln58_4059_fu_2071_p2   |         +|   0|  0|   12|           5|           5|
    |add_ln58_4060_fu_6668_p2   |         +|   0|  0|   13|           6|           6|
    |add_ln58_4061_fu_6678_p2   |         +|   0|  0|   14|           7|           7|
    |add_ln58_4062_fu_12459_p2  |         +|   0|  0|   15|           8|           8|
    |add_ln58_4063_fu_12469_p2  |         +|   0|  0|   16|           9|           9|
    |add_ln58_4064_fu_2077_p2   |         +|   0|  0|   12|           5|           5|
    |add_ln58_4065_fu_6687_p2   |         +|   0|  0|   13|           6|           6|
    |add_ln58_4066_fu_2083_p2   |         +|   0|  0|   10|           5|           5|
    |add_ln58_4067_fu_2089_p2   |         +|   0|  0|   12|           4|           4|
    |add_ln58_4068_fu_2099_p2   |         +|   0|  0|   10|           5|           5|
    |add_ln58_4069_fu_6700_p2   |         +|   0|  0|   16|           7|           7|
    |add_ln58_4070_fu_2105_p2   |         +|   0|  0|   12|           4|           4|
    |add_ln58_4071_fu_2115_p2   |         +|   0|  0|   12|           5|           5|
    |add_ln58_4073_fu_2121_p2   |         +|   0|  0|   12|           4|           4|
    |add_ln58_4074_fu_2131_p2   |         +|   0|  0|   12|           5|           5|
    |add_ln58_4075_fu_6712_p2   |         +|   0|  0|   13|           6|           6|
    |add_ln58_4076_fu_6722_p2   |         +|   0|  0|   16|           7|           7|
    |add_ln58_4077_fu_2137_p2   |         +|   0|  0|   12|           4|           4|
    |add_ln58_4078_fu_2147_p2   |         +|   0|  0|   12|           5|           5|
    |add_ln58_4079_fu_2153_p2   |         +|   0|  0|   12|           4|           4|
    |add_ln58_4080_fu_2163_p2   |         +|   0|  0|   12|           4|           4|
    |add_ln58_4081_fu_2173_p2   |         +|   0|  0|   12|           5|           5|
    |add_ln58_4082_fu_6734_p2   |         +|   0|  0|   13|           6|           6|
    |add_ln58_4083_fu_2179_p2   |         +|   0|  0|   12|           4|           4|
    |add_ln58_4084_fu_2189_p2   |         +|   0|  0|   12|           4|           4|
    |add_ln58_4085_fu_2199_p2   |         +|   0|  0|   12|           5|           5|
    |add_ln58_4086_fu_2205_p2   |         +|   0|  0|   12|           4|           4|
    |add_ln58_4087_fu_2214_p2   |         +|   0|  0|   12|           4|           4|
    |add_ln58_4088_fu_2223_p2   |         +|   0|  0|   12|           5|           5|
    |add_ln58_4089_fu_6750_p2   |         +|   0|  0|   13|           6|           6|
    |add_ln58_4090_fu_6760_p2   |         +|   0|  0|   14|           7|           7|
    |add_ln58_4091_fu_12481_p2  |         +|   0|  0|   16|           9|           9|
    |add_ln58_4092_fu_14155_p2  |         +|   0|  0|   17|          10|          10|
    |add_ln58_4093_fu_2233_p2   |         +|   0|  0|   12|           5|           5|
    |add_ln58_4094_fu_6769_p2   |         +|   0|  0|   13|           6|           6|
    |add_ln58_4095_fu_2239_p2   |         +|   0|  0|   12|           5|           5|
    |add_ln58_4096_fu_2245_p2   |         +|   0|  0|   12|           5|           5|
    |add_ln58_4097_fu_6784_p2   |         +|   0|  0|   13|           6|           6|
    |add_ln58_4098_fu_6794_p2   |         +|   0|  0|   14|           7|           7|
    |add_ln58_4099_fu_2251_p2   |         +|   0|  0|   12|           5|           5|
    |add_ln58_4100_fu_2257_p2   |         +|   0|  0|   12|           5|           5|
    |add_ln58_4101_fu_6806_p2   |         +|   0|  0|   13|           6|           6|
    |add_ln58_4102_fu_2263_p2   |         +|   0|  0|   12|           5|           5|
    |add_ln58_4103_fu_2269_p2   |         +|   0|  0|   12|           5|           5|
    |add_ln58_4104_fu_6822_p2   |         +|   0|  0|   13|           6|           6|
    |add_ln58_4105_fu_6832_p2   |         +|   0|  0|   14|           7|           7|
    |add_ln58_4106_fu_12493_p2  |         +|   0|  0|   15|           8|           8|
    |add_ln58_4107_fu_2275_p2   |         +|   0|  0|   12|           5|           5|
    |add_ln58_4108_fu_6841_p2   |         +|   0|  0|   13|           6|           6|
    |add_ln58_4109_fu_2281_p2   |         +|   0|  0|   12|           5|           5|
    |add_ln58_4110_fu_2287_p2   |         +|   0|  0|   12|           5|           5|
    |add_ln58_4111_fu_6857_p2   |         +|   0|  0|   13|           6|           6|
    |add_ln58_4112_fu_6867_p2   |         +|   0|  0|   14|           7|           7|
    |add_ln58_4113_fu_2293_p2   |         +|   0|  0|   12|           5|           5|
    |add_ln58_4114_fu_2299_p2   |         +|   0|  0|   12|           5|           5|
    |add_ln58_4115_fu_6879_p2   |         +|   0|  0|   13|           6|           6|
    |add_ln58_4116_fu_2305_p2   |         +|   0|  0|   12|           5|           5|
    |add_ln58_4117_fu_2311_p2   |         +|   0|  0|   12|           4|           4|
    |add_ln58_4118_fu_6892_p2   |         +|   0|  0|   12|           5|           5|
    |add_ln58_4119_fu_6901_p2   |         +|   0|  0|   14|           7|           7|
    |add_ln58_4120_fu_12509_p2  |         +|   0|  0|   15|           8|           8|
    |add_ln58_4121_fu_12519_p2  |         +|   0|  0|   18|           9|           9|
    |add_ln58_4122_fu_2317_p2   |         +|   0|  0|   12|           4|           4|
    |add_ln58_4123_fu_2327_p2   |         +|   0|  0|   12|           5|           5|
    |add_ln58_4124_fu_2333_p2   |         +|   0|  0|   12|           4|           4|
    |add_ln58_4125_fu_2343_p2   |         +|   0|  0|   12|           4|           4|
    |add_ln58_4126_fu_2353_p2   |         +|   0|  0|   12|           5|           5|
    |add_ln58_4127_fu_6913_p2   |         +|   0|  0|   13|           6|           6|
    |add_ln58_4128_fu_2359_p2   |         +|   0|  0|   12|           4|           4|
    |add_ln58_4129_fu_2369_p2   |         +|   0|  0|   12|           4|           4|
    |add_ln58_4130_fu_2379_p2   |         +|   0|  0|   12|           5|           5|
    |add_ln58_4131_fu_2385_p2   |         +|   0|  0|   12|           4|           4|
    |add_ln58_4132_fu_2395_p2   |         +|   0|  0|   12|           4|           4|
    |add_ln58_4133_fu_2405_p2   |         +|   0|  0|   12|           5|           5|
    |add_ln58_4134_fu_6929_p2   |         +|   0|  0|   13|           6|           6|
    |add_ln58_4135_fu_6939_p2   |         +|   0|  0|   14|           7|           7|
    |add_ln58_4136_fu_2411_p2   |         +|   0|  0|   12|           4|           4|
    |add_ln58_4137_fu_2421_p2   |         +|   0|  0|   12|           5|           5|
    |add_ln58_4138_fu_2427_p2   |         +|   0|  0|   12|           4|           4|
    |add_ln58_4139_fu_2437_p2   |         +|   0|  0|   12|           4|           4|
    |add_ln58_4140_fu_2447_p2   |         +|   0|  0|   12|           5|           5|
    |add_ln58_4141_fu_6951_p2   |         +|   0|  0|   13|           6|           6|
    |add_ln58_4142_fu_2453_p2   |         +|   0|  0|   12|           4|           4|
    |add_ln58_4143_fu_2463_p2   |         +|   0|  0|   12|           4|           4|
    |add_ln58_4144_fu_2473_p2   |         +|   0|  0|   12|           5|           5|
    |add_ln58_4145_fu_2479_p2   |         +|   0|  0|   12|           4|           4|
    |add_ln58_4146_fu_2489_p2   |         +|   0|  0|   12|           4|           4|
    |add_ln58_4147_fu_2498_p2   |         +|   0|  0|   12|           5|           5|
    |add_ln58_4148_fu_6967_p2   |         +|   0|  0|   13|           6|           6|
    |add_ln58_4149_fu_6977_p2   |         +|   0|  0|   14|           7|           7|
    |add_ln58_4150_fu_12531_p2  |         +|   0|  0|   15|           8|           8|
    |add_ln58_4151_fu_12541_p2  |         +|   0|  0|   18|           9|           9|
    |add_ln58_4152_fu_2504_p2   |         +|   0|  0|   12|           5|           5|
    |add_ln58_4153_fu_6986_p2   |         +|   0|  0|   13|           6|           6|
    |add_ln58_4154_fu_2509_p2   |         +|   0|  0|   12|           5|           5|
    |add_ln58_4155_fu_2515_p2   |         +|   0|  0|   12|           5|           5|
    |add_ln58_4156_fu_7002_p2   |         +|   0|  0|   13|           6|           6|
    |add_ln58_4157_fu_7012_p2   |         +|   0|  0|   14|           7|           7|
    |add_ln58_4158_fu_2521_p2   |         +|   0|  0|   12|           5|           5|
    |add_ln58_4160_fu_7021_p2   |         +|   0|  0|   13|           6|           6|
    |add_ln58_4162_fu_2527_p2   |         +|   0|  0|   12|           5|           5|
    |add_ln58_4163_fu_7034_p2   |         +|   0|  0|   13|           6|           6|
    |add_ln58_4164_fu_7044_p2   |         +|   0|  0|   14|           7|           7|
    |add_ln58_4165_fu_12553_p2  |         +|   0|  0|   15|           8|           8|
    |add_ln58_4166_fu_2533_p2   |         +|   0|  0|   12|           5|           5|
    |add_ln58_4167_fu_2539_p2   |         +|   0|  0|   12|           5|           5|
    |add_ln58_4168_fu_7056_p2   |         +|   0|  0|   13|           6|           6|
    |add_ln58_4169_fu_2545_p2   |         +|   0|  0|   12|           5|           5|
    |add_ln58_4170_fu_2551_p2   |         +|   0|  0|   12|           5|           5|
    |add_ln58_4171_fu_7072_p2   |         +|   0|  0|   13|           6|           6|
    |add_ln58_4172_fu_7082_p2   |         +|   0|  0|   14|           7|           7|
    |add_ln58_4173_fu_2557_p2   |         +|   0|  0|   12|           5|           5|
    |add_ln58_4174_fu_2563_p2   |         +|   0|  0|   12|           5|           5|
    |add_ln58_4175_fu_7094_p2   |         +|   0|  0|   13|           6|           6|
    |add_ln58_4177_fu_2569_p2   |         +|   0|  0|   12|           5|           5|
    |add_ln58_4178_fu_7107_p2   |         +|   0|  0|   13|           6|           6|
    |add_ln58_4179_fu_7117_p2   |         +|   0|  0|   14|           7|           7|
    |add_ln58_4180_fu_12569_p2  |         +|   0|  0|   15|           8|           8|
    |add_ln58_4181_fu_12579_p2  |         +|   0|  0|   18|           9|           9|
    |add_ln58_4182_fu_2575_p2   |         +|   0|  0|   12|           4|           4|
    |add_ln58_4183_fu_2585_p2   |         +|   0|  0|   12|           5|           5|
    |add_ln58_4185_fu_2591_p2   |         +|   0|  0|   12|           4|           4|
    |add_ln58_4186_fu_2601_p2   |         +|   0|  0|   12|           5|           5|
    |add_ln58_4187_fu_7129_p2   |         +|   0|  0|   14|           7|           7|
    |add_ln58_4188_fu_2607_p2   |         +|   0|  0|   12|           4|           4|
    |add_ln58_4190_fu_2617_p2   |         +|   0|  0|   12|           5|           5|
    |add_ln58_4191_fu_2623_p2   |         +|   0|  0|   12|           4|           4|
    |add_ln58_4192_fu_2633_p2   |         +|   0|  0|   12|           4|           4|
    |add_ln58_4193_fu_2643_p2   |         +|   0|  0|   12|           5|           5|
    |add_ln58_4194_fu_7145_p2   |         +|   0|  0|   13|           6|           6|
    |add_ln58_4195_fu_7155_p2   |         +|   0|  0|   15|           8|           8|
    |add_ln58_4196_fu_2649_p2   |         +|   0|  0|   12|           4|           4|
    |add_ln58_4198_fu_2659_p2   |         +|   0|  0|   12|           5|           5|
    |add_ln58_4199_fu_2665_p2   |         +|   0|  0|   12|           4|           4|
    |add_ln58_4200_fu_2675_p2   |         +|   0|  0|   12|           4|           4|
    |add_ln58_4201_fu_2685_p2   |         +|   0|  0|   12|           5|           5|
    |add_ln58_4202_fu_7167_p2   |         +|   0|  0|   13|           6|           6|
    |add_ln58_4203_fu_2691_p2   |         +|   0|  0|   12|           4|           4|
    |add_ln58_4204_fu_2701_p2   |         +|   0|  0|   12|           4|           4|
    |add_ln58_4205_fu_2711_p2   |         +|   0|  0|   12|           5|           5|
    |add_ln58_4206_fu_2717_p2   |         +|   0|  0|   12|           4|           4|
    |add_ln58_4207_fu_2726_p2   |         +|   0|  0|   12|           4|           4|
    |add_ln58_4208_fu_2734_p2   |         +|   0|  0|   12|           5|           5|
    |add_ln58_4209_fu_7183_p2   |         +|   0|  0|   13|           6|           6|
    |add_ln58_4210_fu_7193_p2   |         +|   0|  0|   14|           7|           7|
    |add_ln58_4211_fu_12591_p2  |         +|   0|  0|   16|           9|           9|
    |add_ln58_4212_fu_12597_p2  |         +|   0|  0|   18|           9|           9|
    |add_ln58_4213_fu_2740_p2   |         +|   0|  0|   12|           5|           5|
    |add_ln58_4214_fu_7202_p2   |         +|   0|  0|   14|           7|           7|
    |add_ln58_4215_fu_2746_p2   |         +|   0|  0|   12|           5|           5|
    |add_ln58_4216_fu_2752_p2   |         +|   0|  0|   12|           5|           5|
    |add_ln58_4217_fu_7217_p2   |         +|   0|  0|   13|           6|           6|
    |add_ln58_4218_fu_7227_p2   |         +|   0|  0|   15|           8|           8|
    |add_ln58_4220_fu_2758_p2   |         +|   0|  0|   12|           5|           5|
    |add_ln58_4221_fu_7236_p2   |         +|   0|  0|   13|           6|           6|
    |add_ln58_4222_fu_2764_p2   |         +|   0|  0|   12|           5|           5|
    |add_ln58_4223_fu_2770_p2   |         +|   0|  0|   12|           5|           5|
    |add_ln58_4224_fu_7252_p2   |         +|   0|  0|   13|           6|           6|
    |add_ln58_4225_fu_7262_p2   |         +|   0|  0|   14|           7|           7|
    |add_ln58_4226_fu_12609_p2  |         +|   0|  0|   16|           9|           9|
    |add_ln58_4227_fu_2776_p2   |         +|   0|  0|   12|           5|           5|
    |add_ln58_4228_fu_7271_p2   |         +|   0|  0|   13|           6|           6|
    |add_ln58_4229_fu_2782_p2   |         +|   0|  0|   12|           5|           5|
    |add_ln58_4230_fu_2788_p2   |         +|   0|  0|   12|           5|           5|
    |add_ln58_4231_fu_7287_p2   |         +|   0|  0|   13|           6|           6|
    |add_ln58_4232_fu_7297_p2   |         +|   0|  0|   14|           7|           7|
    |add_ln58_4233_fu_2794_p2   |         +|   0|  0|   12|           5|           5|
    |add_ln58_4234_fu_2800_p2   |         +|   0|  0|   12|           5|           5|
    |add_ln58_4235_fu_7309_p2   |         +|   0|  0|   13|           6|           6|
    |add_ln58_4238_fu_7322_p2   |         +|   0|  0|   13|           6|           6|
    |add_ln58_4239_fu_7332_p2   |         +|   0|  0|   14|           7|           7|
    |add_ln58_4240_fu_12621_p2  |         +|   0|  0|   15|           8|           8|
    |add_ln58_4241_fu_12631_p2  |         +|   0|  0|   18|           9|           9|
    |add_ln58_4242_fu_2806_p2   |         +|   0|  0|   12|           4|           4|
    |add_ln58_4243_fu_2816_p2   |         +|   0|  0|   12|           5|           5|
    |add_ln58_4244_fu_2822_p2   |         +|   0|  0|   12|           4|           4|
    |add_ln58_4245_fu_2832_p2   |         +|   0|  0|   12|           4|           4|
    |add_ln58_4246_fu_2842_p2   |         +|   0|  0|   12|           5|           5|
    |add_ln58_4247_fu_7344_p2   |         +|   0|  0|   13|           6|           6|
    |add_ln58_4248_fu_2848_p2   |         +|   0|  0|   12|           4|           4|
    |add_ln58_4249_fu_2858_p2   |         +|   0|  0|   12|           4|           4|
    |add_ln58_4250_fu_2868_p2   |         +|   0|  0|   12|           5|           5|
    |add_ln58_4251_fu_2874_p2   |         +|   0|  0|   12|           4|           4|
    |add_ln58_4252_fu_2884_p2   |         +|   0|  0|   12|           4|           4|
    |add_ln58_4253_fu_2894_p2   |         +|   0|  0|   12|           5|           5|
    |add_ln58_4254_fu_7360_p2   |         +|   0|  0|   13|           6|           6|
    |add_ln58_4255_fu_7370_p2   |         +|   0|  0|   14|           7|           7|
    |add_ln58_4256_fu_2900_p2   |         +|   0|  0|   12|           4|           4|
    |add_ln58_4257_fu_2910_p2   |         +|   0|  0|   12|           5|           5|
    |add_ln58_4258_fu_2916_p2   |         +|   0|  0|   12|           4|           4|
    |add_ln58_4260_fu_2926_p2   |         +|   0|  0|   12|           5|           5|
    |add_ln58_4261_fu_7382_p2   |         +|   0|  0|   13|           6|           6|
    |add_ln58_4262_fu_2932_p2   |         +|   0|  0|   12|           4|           4|
    |add_ln58_4264_fu_2942_p2   |         +|   0|  0|   12|           5|           5|
    |add_ln58_4265_fu_2948_p2   |         +|   0|  0|   12|           4|           4|
    |add_ln58_4266_fu_2958_p2   |         +|   0|  0|   12|           4|           4|
    |add_ln58_4267_fu_2966_p2   |         +|   0|  0|   12|           5|           5|
    |add_ln58_4268_fu_7398_p2   |         +|   0|  0|   13|           6|           6|
    |add_ln58_4269_fu_7408_p2   |         +|   0|  0|   14|           7|           7|
    |add_ln58_4270_fu_12643_p2  |         +|   0|  0|   15|           8|           8|
    |add_ln58_4271_fu_12653_p2  |         +|   0|  0|   18|           9|           9|
    |add_ln58_4272_fu_2972_p2   |         +|   0|  0|   12|           5|           5|
    |add_ln58_4273_fu_7417_p2   |         +|   0|  0|   16|           7|           7|
    |add_ln58_4275_fu_2978_p2   |         +|   0|  0|   12|           5|           5|
    |add_ln58_4276_fu_7426_p2   |         +|   0|  0|   13|           6|           6|
    |add_ln58_4277_fu_7436_p2   |         +|   0|  0|   16|           7|           7|
    |add_ln58_4278_fu_2984_p2   |         +|   0|  0|   12|           5|           5|
    |add_ln58_4279_fu_7445_p2   |         +|   0|  0|   13|           6|           6|
    |add_ln58_4280_fu_2990_p2   |         +|   0|  0|   12|           5|           5|
    |add_ln58_4281_fu_2996_p2   |         +|   0|  0|   12|           5|           5|
    |add_ln58_4282_fu_7461_p2   |         +|   0|  0|   13|           6|           6|
    |add_ln58_4283_fu_7471_p2   |         +|   0|  0|   14|           7|           7|
    |add_ln58_4284_fu_12665_p2  |         +|   0|  0|   15|           8|           8|
    |add_ln58_4286_fu_7477_p2   |         +|   0|  0|   13|           6|           6|
    |add_ln58_4287_fu_3002_p2   |         +|   0|  0|   12|           5|           5|
    |add_ln58_4288_fu_3008_p2   |         +|   0|  0|   12|           5|           5|
    |add_ln58_4289_fu_7493_p2   |         +|   0|  0|   13|           6|           6|
    |add_ln58_4290_fu_7503_p2   |         +|   0|  0|   16|           7|           7|
    |add_ln58_4292_fu_3028_p2   |         +|   0|  0|   13|           6|           6|
    |add_ln58_4293_fu_3034_p2   |         +|   0|  0|   12|           4|           4|
    |add_ln58_4295_fu_3044_p2   |         +|   0|  0|   12|           5|           5|
    |add_ln58_4296_fu_7515_p2   |         +|   0|  0|   14|           7|           7|
    |add_ln58_4297_fu_7521_p2   |         +|   0|  0|   16|           7|           7|
    |add_ln58_4298_fu_12678_p2  |         +|   0|  0|   16|           9|           9|
    |add_ln58_4299_fu_3050_p2   |         +|   0|  0|   12|           4|           4|
    |add_ln58_4300_fu_3060_p2   |         +|   0|  0|   12|           5|           5|
    |add_ln58_4301_fu_3066_p2   |         +|   0|  0|   12|           4|           4|
    |add_ln58_4302_fu_3076_p2   |         +|   0|  0|   12|           4|           4|
    |add_ln58_4303_fu_3086_p2   |         +|   0|  0|   12|           5|           5|
    |add_ln58_4304_fu_7533_p2   |         +|   0|  0|   13|           6|           6|
    |add_ln58_4306_fu_3092_p2   |         +|   0|  0|   12|           5|           5|
    |add_ln58_4307_fu_3098_p2   |         +|   0|  0|   12|           4|           4|
    |add_ln58_4309_fu_3108_p2   |         +|   0|  0|   12|           5|           5|
    |add_ln58_4310_fu_7549_p2   |         +|   0|  0|   13|           6|           6|
    |add_ln58_4311_fu_7559_p2   |         +|   0|  0|   14|           7|           7|
    |add_ln58_4315_fu_3114_p2   |         +|   0|  0|   12|           4|           4|
    |add_ln58_4316_fu_3124_p2   |         +|   0|  0|   12|           5|           5|
    |add_ln58_4317_fu_7568_p2   |         +|   0|  0|   13|           6|           6|
    |add_ln58_4318_fu_3130_p2   |         +|   0|  0|   12|           4|           4|
    |add_ln58_4319_fu_3140_p2   |         +|   0|  0|   12|           4|           4|
    |add_ln58_4320_fu_3150_p2   |         +|   0|  0|   12|           5|           5|
    |add_ln58_4321_fu_3156_p2   |         +|   0|  0|   12|           4|           4|
    |add_ln58_4322_fu_3165_p2   |         +|   0|  0|   12|           4|           4|
    |add_ln58_4323_fu_3173_p2   |         +|   0|  0|   12|           5|           5|
    |add_ln58_4324_fu_7584_p2   |         +|   0|  0|   13|           6|           6|
    |add_ln58_4325_fu_7594_p2   |         +|   0|  0|   14|           7|           7|
    |add_ln58_4326_fu_12690_p2  |         +|   0|  0|   15|           8|           8|
    |add_ln58_4327_fu_14176_p2  |         +|   0|  0|   17|          10|          10|
    |add_ln58_4328_fu_3179_p2   |         +|   0|  0|   12|           5|           5|
    |add_ln58_4329_fu_7603_p2   |         +|   0|  0|   13|           6|           6|
    |add_ln58_4331_fu_3185_p2   |         +|   0|  0|   12|           5|           5|
    |add_ln58_4332_fu_7615_p2   |         +|   0|  0|   13|           6|           6|
    |add_ln58_4333_fu_7625_p2   |         +|   0|  0|   14|           7|           7|
    |add_ln58_4334_fu_3191_p2   |         +|   0|  0|   12|           5|           5|
    |add_ln58_4336_fu_7634_p2   |         +|   0|  0|   13|           6|           6|
    |add_ln58_4337_fu_3197_p2   |         +|   0|  0|   12|           5|           5|
    |add_ln58_4338_fu_3203_p2   |         +|   0|  0|   12|           5|           5|
    |add_ln58_4339_fu_7650_p2   |         +|   0|  0|   13|           6|           6|
    |add_ln58_4340_fu_7660_p2   |         +|   0|  0|   14|           7|           7|
    |add_ln58_4341_fu_12702_p2  |         +|   0|  0|   15|           8|           8|
    |add_ln58_4342_fu_3209_p2   |         +|   0|  0|   12|           5|           5|
    |add_ln58_4343_fu_3215_p2   |         +|   0|  0|   12|           5|           5|
    |add_ln58_4344_fu_7672_p2   |         +|   0|  0|   13|           6|           6|
    |add_ln58_4346_fu_3221_p2   |         +|   0|  0|   12|           5|           5|
    |add_ln58_4347_fu_7685_p2   |         +|   0|  0|   13|           6|           6|
    |add_ln58_4348_fu_7695_p2   |         +|   0|  0|   14|           7|           7|
    |add_ln58_4349_fu_3227_p2   |         +|   0|  0|   12|           5|           5|
    |add_ln58_4351_fu_7704_p2   |         +|   0|  0|   13|           6|           6|
    |add_ln58_4352_fu_3233_p2   |         +|   0|  0|   12|           5|           5|
    |add_ln58_4353_fu_3239_p2   |         +|   0|  0|   12|           5|           5|
    |add_ln58_4354_fu_7720_p2   |         +|   0|  0|   13|           6|           6|
    |add_ln58_4355_fu_7730_p2   |         +|   0|  0|   14|           7|           7|
    |add_ln58_4356_fu_12718_p2  |         +|   0|  0|   15|           8|           8|
    |add_ln58_4357_fu_12728_p2  |         +|   0|  0|   18|           9|           9|
    |add_ln58_4359_fu_3249_p2   |         +|   0|  0|   12|           5|           5|
    |add_ln58_4360_fu_3255_p2   |         +|   0|  0|   12|           4|           4|
    |add_ln58_4361_fu_3265_p2   |         +|   0|  0|   12|           4|           4|
    |add_ln58_4362_fu_3275_p2   |         +|   0|  0|   12|           5|           5|
    |add_ln58_4363_fu_7742_p2   |         +|   0|  0|   13|           6|           6|
    |add_ln58_4364_fu_3281_p2   |         +|   0|  0|   12|           4|           4|
    |add_ln58_4366_fu_3291_p2   |         +|   0|  0|   12|           5|           5|
    |add_ln58_4367_fu_3297_p2   |         +|   0|  0|   12|           4|           4|
    |add_ln58_4369_fu_3307_p2   |         +|   0|  0|   12|           5|           5|
    |add_ln58_4370_fu_7758_p2   |         +|   0|  0|   13|           6|           6|
    |add_ln58_4371_fu_7768_p2   |         +|   0|  0|   14|           7|           7|
    |add_ln58_4373_fu_3313_p2   |         +|   0|  0|   12|           4|           4|
    |add_ln58_4374_fu_3323_p2   |         +|   0|  0|   12|           5|           5|
    |add_ln58_4375_fu_3329_p2   |         +|   0|  0|   12|           4|           4|
    |add_ln58_4377_fu_3339_p2   |         +|   0|  0|   12|           5|           5|
    |add_ln58_4378_fu_7780_p2   |         +|   0|  0|   13|           6|           6|
    |add_ln58_4380_fu_3345_p2   |         +|   0|  0|   12|           4|           4|
    |add_ln58_4381_fu_3355_p2   |         +|   0|  0|   12|           5|           5|
    |add_ln58_4382_fu_3361_p2   |         +|   0|  0|   12|           4|           4|
    |add_ln58_4384_fu_3371_p2   |         +|   0|  0|   12|           5|           5|
    |add_ln58_4385_fu_7796_p2   |         +|   0|  0|   13|           6|           6|
    |add_ln58_4386_fu_7806_p2   |         +|   0|  0|   14|           7|           7|
    |add_ln58_4387_fu_12740_p2  |         +|   0|  0|   15|           8|           8|
    |add_ln58_4388_fu_12750_p2  |         +|   0|  0|   18|           9|           9|
    |add_ln58_4390_fu_7812_p2   |         +|   0|  0|   16|           7|           7|
    |add_ln58_4393_fu_7818_p2   |         +|   0|  0|   13|           6|           6|
    |add_ln58_4394_fu_7828_p2   |         +|   0|  0|   16|           7|           7|
    |add_ln58_4396_fu_7834_p2   |         +|   0|  0|   13|           6|           6|
    |add_ln58_4397_fu_3377_p2   |         +|   0|  0|   12|           5|           5|
    |add_ln58_4399_fu_7847_p2   |         +|   0|  0|   13|           6|           6|
    |add_ln58_4400_fu_7857_p2   |         +|   0|  0|   14|           7|           7|
    |add_ln58_4401_fu_12762_p2  |         +|   0|  0|   15|           8|           8|
    |add_ln58_4402_fu_3383_p2   |         +|   0|  0|   12|           5|           5|
    |add_ln58_4403_fu_7866_p2   |         +|   0|  0|   13|           6|           6|
    |add_ln58_4404_fu_3389_p2   |         +|   0|  0|   12|           5|           5|
    |add_ln58_4405_fu_3395_p2   |         +|   0|  0|   12|           5|           5|
    |add_ln58_4406_fu_7882_p2   |         +|   0|  0|   13|           6|           6|
    |add_ln58_4407_fu_7892_p2   |         +|   0|  0|   14|           7|           7|
    |add_ln58_4408_fu_3401_p2   |         +|   0|  0|   12|           5|           5|
    |add_ln58_4410_fu_7901_p2   |         +|   0|  0|   13|           6|           6|
    |add_ln58_4411_fu_3407_p2   |         +|   0|  0|   12|           5|           5|
    |add_ln58_4413_fu_7914_p2   |         +|   0|  0|   13|           6|           6|
    |add_ln58_4414_fu_7924_p2   |         +|   0|  0|   14|           7|           7|
    |add_ln58_4415_fu_12778_p2  |         +|   0|  0|   15|           8|           8|
    |add_ln58_4416_fu_12788_p2  |         +|   0|  0|   16|           9|           9|
    |add_ln58_4417_fu_3413_p2   |         +|   0|  0|   12|           5|           5|
    |add_ln58_4418_fu_7933_p2   |         +|   0|  0|   13|           6|           6|
    |add_ln58_4421_fu_7943_p2   |         +|   0|  0|   13|           6|           6|
    |add_ln58_4422_fu_7953_p2   |         +|   0|  0|   16|           7|           7|
    |add_ln58_4424_fu_3419_p2   |         +|   0|  0|   12|           4|           4|
    |add_ln58_4425_fu_3429_p2   |         +|   0|  0|   12|           5|           5|
    |add_ln58_4427_fu_3435_p2   |         +|   0|  0|   12|           4|           4|
    |add_ln58_4428_fu_3445_p2   |         +|   0|  0|   12|           5|           5|
    |add_ln58_4429_fu_7965_p2   |         +|   0|  0|   14|           7|           7|
    |add_ln58_4430_fu_7971_p2   |         +|   0|  0|   16|           7|           7|
    |add_ln58_4431_fu_3451_p2   |         +|   0|  0|   12|           4|           4|
    |add_ln58_4432_fu_3461_p2   |         +|   0|  0|   12|           5|           5|
    |add_ln58_4434_fu_3467_p2   |         +|   0|  0|   12|           4|           4|
    |add_ln58_4435_fu_3477_p2   |         +|   0|  0|   12|           5|           5|
    |add_ln58_4436_fu_7983_p2   |         +|   0|  0|   13|           6|           6|
    |add_ln58_4437_fu_3483_p2   |         +|   0|  0|   12|           4|           4|
    |add_ln58_4439_fu_3493_p2   |         +|   0|  0|   12|           5|           5|
    |add_ln58_4440_fu_3499_p2   |         +|   0|  0|   12|           4|           4|
    |add_ln58_4441_fu_3509_p2   |         +|   0|  0|   12|           4|           4|
    |add_ln58_4442_fu_3518_p2   |         +|   0|  0|   12|           5|           5|
    |add_ln58_4443_fu_7999_p2   |         +|   0|  0|   13|           6|           6|
    |add_ln58_4444_fu_8009_p2   |         +|   0|  0|   14|           7|           7|
    |add_ln58_4445_fu_12800_p2  |         +|   0|  0|   16|           9|           9|
    |add_ln58_4446_fu_14191_p2  |         +|   0|  0|   17|          10|          10|
    |add_ln58_4447_fu_3524_p2   |         +|   0|  0|   12|           5|           5|
    |add_ln58_4448_fu_8018_p2   |         +|   0|  0|   13|           6|           6|
    |add_ln58_4450_fu_3530_p2   |         +|   0|  0|   12|           5|           5|
    |add_ln58_4451_fu_8034_p2   |         +|   0|  0|   13|           6|           6|
    |add_ln58_4452_fu_8044_p2   |         +|   0|  0|   14|           7|           7|
    |add_ln58_4455_fu_8050_p2   |         +|   0|  0|   13|           6|           6|
    |add_ln58_4456_fu_3536_p2   |         +|   0|  0|   12|           5|           5|
    |add_ln58_4457_fu_3542_p2   |         +|   0|  0|   12|           5|           5|
    |add_ln58_4458_fu_8066_p2   |         +|   0|  0|   13|           6|           6|
    |add_ln58_4459_fu_8076_p2   |         +|   0|  0|   14|           7|           7|
    |add_ln58_4460_fu_12812_p2  |         +|   0|  0|   15|           8|           8|
    |add_ln58_4462_fu_8082_p2   |         +|   0|  0|   13|           6|           6|
    |add_ln58_4465_fu_8092_p2   |         +|   0|  0|   13|           6|           6|
    |add_ln58_4466_fu_8102_p2   |         +|   0|  0|   14|           7|           7|
    |add_ln58_4467_fu_3548_p2   |         +|   0|  0|   12|           5|           5|
    |add_ln58_4469_fu_8111_p2   |         +|   0|  0|   13|           6|           6|
    |add_ln58_4470_fu_3554_p2   |         +|   0|  0|   12|           5|           5|
    |add_ln58_4471_fu_3560_p2   |         +|   0|  0|   12|           5|           5|
    |add_ln58_4472_fu_8127_p2   |         +|   0|  0|   13|           6|           6|
    |add_ln58_4473_fu_8137_p2   |         +|   0|  0|   14|           7|           7|
    |add_ln58_4474_fu_12828_p2  |         +|   0|  0|   15|           8|           8|
    |add_ln58_4475_fu_12838_p2  |         +|   0|  0|   18|           9|           9|
    |add_ln58_4476_fu_3566_p2   |         +|   0|  0|   12|           5|           5|
    |add_ln58_4477_fu_8146_p2   |         +|   0|  0|   13|           6|           6|
    |add_ln58_4478_fu_3572_p2   |         +|   0|  0|   12|           4|           4|
    |add_ln58_4479_fu_3581_p2   |         +|   0|  0|   12|           4|           4|
    |add_ln58_4480_fu_3591_p2   |         +|   0|  0|   12|           5|           5|
    |add_ln58_4481_fu_8155_p2   |         +|   0|  0|   13|           6|           6|
    |add_ln58_4482_fu_3597_p2   |         +|   0|  0|   12|           4|           4|
    |add_ln58_4483_fu_3607_p2   |         +|   0|  0|   12|           4|           4|
    |add_ln58_4484_fu_3617_p2   |         +|   0|  0|   12|           5|           5|
    |add_ln58_4486_fu_3623_p2   |         +|   0|  0|   12|           4|           4|
    |add_ln58_4487_fu_3633_p2   |         +|   0|  0|   12|           5|           5|
    |add_ln58_4488_fu_8171_p2   |         +|   0|  0|   13|           6|           6|
    |add_ln58_4489_fu_8181_p2   |         +|   0|  0|   15|           8|           8|
    |add_ln58_4490_fu_3639_p2   |         +|   0|  0|   12|           4|           4|
    |add_ln58_4491_fu_3649_p2   |         +|   0|  0|   12|           4|           4|
    |add_ln58_4492_fu_3659_p2   |         +|   0|  0|   12|           5|           5|
    |add_ln58_4495_fu_3665_p2   |         +|   0|  0|   12|           5|           5|
    |add_ln58_4496_fu_8193_p2   |         +|   0|  0|   13|           6|           6|
    |add_ln58_4499_fu_3671_p2   |         +|   0|  0|   12|           5|           5|
    |add_ln58_4500_fu_3677_p2   |         +|   0|  0|   12|           4|           4|
    |add_ln58_4502_fu_3687_p2   |         +|   0|  0|   12|           5|           5|
    |add_ln58_4503_fu_8209_p2   |         +|   0|  0|   13|           6|           6|
    |add_ln58_4504_fu_8219_p2   |         +|   0|  0|   14|           7|           7|
    |add_ln58_4505_fu_12850_p2  |         +|   0|  0|   16|           9|           9|
    |add_ln58_4506_fu_12856_p2  |         +|   0|  0|   18|           9|           9|
    |add_ln58_4507_fu_3693_p2   |         +|   0|  0|   12|           5|           5|
    |add_ln58_4508_fu_8228_p2   |         +|   0|  0|   13|           6|           6|
    |add_ln58_4510_fu_3699_p2   |         +|   0|  0|   12|           5|           5|
    |add_ln58_4511_fu_8240_p2   |         +|   0|  0|   13|           6|           6|
    |add_ln58_4512_fu_8250_p2   |         +|   0|  0|   14|           7|           7|
    |add_ln58_4513_fu_3705_p2   |         +|   0|  0|   12|           5|           5|
    |add_ln58_4514_fu_8259_p2   |         +|   0|  0|   13|           6|           6|
    |add_ln58_4516_fu_3711_p2   |         +|   0|  0|   12|           5|           5|
    |add_ln58_4517_fu_8272_p2   |         +|   0|  0|   13|           6|           6|
    |add_ln58_4518_fu_8282_p2   |         +|   0|  0|   14|           7|           7|
    |add_ln58_4519_fu_12868_p2  |         +|   0|  0|   15|           8|           8|
    |add_ln58_4520_fu_3717_p2   |         +|   0|  0|   12|           5|           5|
    |add_ln58_4521_fu_8291_p2   |         +|   0|  0|   13|           6|           6|
    |add_ln58_4522_fu_3723_p2   |         +|   0|  0|   12|           5|           5|
    |add_ln58_4524_fu_8304_p2   |         +|   0|  0|   13|           6|           6|
    |add_ln58_4525_fu_8314_p2   |         +|   0|  0|   14|           7|           7|
    |add_ln58_4528_fu_8320_p2   |         +|   0|  0|   13|           6|           6|
    |add_ln58_4529_fu_3729_p2   |         +|   0|  0|   12|           5|           5|
    |add_ln58_4530_fu_3735_p2   |         +|   0|  0|   12|           5|           5|
    |add_ln58_4531_fu_8336_p2   |         +|   0|  0|   13|           6|           6|
    |add_ln58_4532_fu_8346_p2   |         +|   0|  0|   14|           7|           7|
    |add_ln58_4533_fu_12884_p2  |         +|   0|  0|   15|           8|           8|
    |add_ln58_4534_fu_12894_p2  |         +|   0|  0|   18|           9|           9|
    |add_ln58_4535_fu_3751_p2   |         +|   0|  0|   12|           5|           5|
    |add_ln58_4536_fu_3757_p2   |         +|   0|  0|   12|           4|           4|
    |add_ln58_4537_fu_3767_p2   |         +|   0|  0|   12|           4|           4|
    |add_ln58_4538_fu_3777_p2   |         +|   0|  0|   12|           5|           5|
    |add_ln58_4539_fu_8358_p2   |         +|   0|  0|   14|           7|           7|
    |add_ln58_4540_fu_3783_p2   |         +|   0|  0|   12|           4|           4|
    |add_ln58_4542_fu_3793_p2   |         +|   0|  0|   12|           5|           5|
    |add_ln58_4543_fu_3799_p2   |         +|   0|  0|   12|           4|           4|
    |add_ln58_4545_fu_3809_p2   |         +|   0|  0|   12|           5|           5|
    |add_ln58_4546_fu_8374_p2   |         +|   0|  0|   13|           6|           6|
    |add_ln58_4547_fu_8384_p2   |         +|   0|  0|   15|           8|           8|
    |add_ln58_4549_fu_3815_p2   |         +|   0|  0|   12|           5|           5|
    |add_ln58_4553_fu_8393_p2   |         +|   0|  0|   13|           6|           6|
    |add_ln58_4554_fu_3821_p2   |         +|   0|  0|   12|           4|           4|
    |add_ln58_4556_fu_3831_p2   |         +|   0|  0|   12|           5|           5|
    |add_ln58_4559_fu_3837_p2   |         +|   0|  0|   12|           5|           5|
    |add_ln58_4560_fu_8409_p2   |         +|   0|  0|   13|           6|           6|
    |add_ln58_4561_fu_8419_p2   |         +|   0|  0|   14|           7|           7|
    |add_ln58_4562_fu_12906_p2  |         +|   0|  0|   16|           9|           9|
    |add_ln58_4563_fu_12912_p2  |         +|   0|  0|   18|           9|           9|
    |add_ln58_4565_fu_8425_p2   |         +|   0|  0|   13|           6|           6|
    |add_ln58_4569_fu_8438_p2   |         +|   0|  0|   14|           7|           7|
    |add_ln58_4570_fu_3843_p2   |         +|   0|  0|   12|           5|           5|
    |add_ln58_4571_fu_3849_p2   |         +|   0|  0|   12|           5|           5|
    |add_ln58_4572_fu_8450_p2   |         +|   0|  0|   13|           6|           6|
    |add_ln58_4574_fu_3855_p2   |         +|   0|  0|   12|           5|           5|
    |add_ln58_4575_fu_8463_p2   |         +|   0|  0|   13|           6|           6|
    |add_ln58_4576_fu_8473_p2   |         +|   0|  0|   14|           7|           7|
    |add_ln58_4577_fu_12924_p2  |         +|   0|  0|   15|           8|           8|
    |add_ln58_4579_fu_8479_p2   |         +|   0|  0|   13|           6|           6|
    |add_ln58_4580_fu_3861_p2   |         +|   0|  0|   12|           5|           5|
    |add_ln58_4582_fu_8492_p2   |         +|   0|  0|   13|           6|           6|
    |add_ln58_4583_fu_8502_p2   |         +|   0|  0|   14|           7|           7|
    |add_ln58_4584_fu_3867_p2   |         +|   0|  0|   12|           5|           5|
    |add_ln58_4586_fu_8511_p2   |         +|   0|  0|   13|           6|           6|
    |add_ln58_4589_fu_8521_p2   |         +|   0|  0|   13|           6|           6|
    |add_ln58_4590_fu_8530_p2   |         +|   0|  0|   14|           7|           7|
    |add_ln58_4591_fu_12940_p2  |         +|   0|  0|   15|           8|           8|
    |add_ln58_4592_fu_12950_p2  |         +|   0|  0|   18|           9|           9|
    |add_ln58_4593_fu_3873_p2   |         +|   0|  0|   12|           4|           4|
    |add_ln58_4594_fu_3883_p2   |         +|   0|  0|   12|           5|           5|
    |add_ln58_4595_fu_3889_p2   |         +|   0|  0|   12|           4|           4|
    |add_ln58_4597_fu_3899_p2   |         +|   0|  0|   12|           5|           5|
    |add_ln58_4598_fu_8542_p2   |         +|   0|  0|   13|           6|           6|
    |add_ln58_4600_fu_3905_p2   |         +|   0|  0|   12|           4|           4|
    |add_ln58_4601_fu_3915_p2   |         +|   0|  0|   12|           5|           5|
    |add_ln58_4604_fu_3921_p2   |         +|   0|  0|   12|           5|           5|
    |add_ln58_4605_fu_8558_p2   |         +|   0|  0|   13|           6|           6|
    |add_ln58_4606_fu_8568_p2   |         +|   0|  0|   14|           7|           7|
    |add_ln58_4608_fu_3927_p2   |         +|   0|  0|   12|           5|           5|
    |add_ln58_4609_fu_3933_p2   |         +|   0|  0|   12|           4|           4|
    |add_ln58_4611_fu_3943_p2   |         +|   0|  0|   12|           5|           5|
    |add_ln58_4612_fu_8580_p2   |         +|   0|  0|   13|           6|           6|
    |add_ln58_4615_fu_3949_p2   |         +|   0|  0|   12|           5|           5|
    |add_ln58_4617_fu_3955_p2   |         +|   0|  0|   12|           4|           4|
    |add_ln58_4618_fu_3964_p2   |         +|   0|  0|   12|           5|           5|
    |add_ln58_4619_fu_8596_p2   |         +|   0|  0|   13|           6|           6|
    |add_ln58_4620_fu_8606_p2   |         +|   0|  0|   14|           7|           7|
    |add_ln58_4621_fu_12962_p2  |         +|   0|  0|   15|           8|           8|
    |add_ln58_4622_fu_12972_p2  |         +|   0|  0|   18|           9|           9|
    |add_ln58_4624_fu_8612_p2   |         +|   0|  0|   16|           7|           7|
    |add_ln58_4626_fu_3970_p2   |         +|   0|  0|   12|           5|           5|
    |add_ln58_4627_fu_8621_p2   |         +|   0|  0|   13|           6|           6|
    |add_ln58_4628_fu_8631_p2   |         +|   0|  0|   16|           7|           7|
    |add_ln58_4630_fu_8637_p2   |         +|   0|  0|   13|           6|           6|
    |add_ln58_4631_fu_3976_p2   |         +|   0|  0|   12|           5|           5|
    |add_ln58_4632_fu_3982_p2   |         +|   0|  0|   12|           5|           5|
    |add_ln58_4633_fu_8653_p2   |         +|   0|  0|   13|           6|           6|
    |add_ln58_4634_fu_8663_p2   |         +|   0|  0|   14|           7|           7|
    |add_ln58_4635_fu_12984_p2  |         +|   0|  0|   15|           8|           8|
    |add_ln58_4637_fu_8669_p2   |         +|   0|  0|   13|           6|           6|
    |add_ln58_4638_fu_3988_p2   |         +|   0|  0|   12|           5|           5|
    |add_ln58_4640_fu_8682_p2   |         +|   0|  0|   13|           6|           6|
    |add_ln58_4641_fu_8692_p2   |         +|   0|  0|   14|           7|           7|
    |add_ln58_4642_fu_3994_p2   |         +|   0|  0|   12|           5|           5|
    |add_ln58_4643_fu_8701_p2   |         +|   0|  0|   13|           6|           6|
    |add_ln58_4644_fu_4000_p2   |         +|   0|  0|   12|           5|           5|
    |add_ln58_4645_fu_4006_p2   |         +|   0|  0|   12|           5|           5|
    |add_ln58_4646_fu_8717_p2   |         +|   0|  0|   13|           6|           6|
    |add_ln58_4647_fu_8727_p2   |         +|   0|  0|   14|           7|           7|
    |add_ln58_4648_fu_13000_p2  |         +|   0|  0|   15|           8|           8|
    |add_ln58_4649_fu_13010_p2  |         +|   0|  0|   18|           9|           9|
    |add_ln58_4651_fu_8733_p2   |         +|   0|  0|   13|           6|           6|
    |add_ln58_4653_fu_8745_p2   |         +|   0|  0|   13|           6|           6|
    |add_ln58_4654_fu_8754_p2   |         +|   0|  0|   16|           7|           7|
    |add_ln58_4656_fu_4018_p2   |         +|   0|  0|   12|           5|           5|
    |add_ln58_4657_fu_4024_p2   |         +|   0|  0|   12|           4|           4|
    |add_ln58_4659_fu_4034_p2   |         +|   0|  0|   12|           5|           5|
    |add_ln58_4660_fu_8766_p2   |         +|   0|  0|   13|           6|           6|
    |add_ln58_4661_fu_8776_p2   |         +|   0|  0|   16|           7|           7|
    |add_ln58_4662_fu_4040_p2   |         +|   0|  0|   12|           4|           4|
    |add_ln58_4663_fu_4050_p2   |         +|   0|  0|   12|           5|           5|
    |add_ln58_4667_fu_8785_p2   |         +|   0|  0|   13|           6|           6|
    |add_ln58_4668_fu_4056_p2   |         +|   0|  0|   12|           4|           4|
    |add_ln58_4670_fu_4066_p2   |         +|   0|  0|   12|           5|           5|
    |add_ln58_4673_fu_4072_p2   |         +|   0|  0|   12|           5|           5|
    |add_ln58_4674_fu_8801_p2   |         +|   0|  0|   13|           6|           6|
    |add_ln58_4675_fu_8811_p2   |         +|   0|  0|   14|           7|           7|
    |add_ln58_4676_fu_13022_p2  |         +|   0|  0|   16|           9|           9|
    |add_ln58_4677_fu_13028_p2  |         +|   0|  0|   18|           9|           9|
    |add_ln58_4679_fu_8820_p2   |         +|   0|  0|   14|           7|           7|
    |add_ln58_4682_fu_8826_p2   |         +|   0|  0|   13|           6|           6|
    |add_ln58_4683_fu_13040_p2  |         +|   0|  0|   19|           8|           8|
    |add_ln58_4684_fu_4078_p2   |         +|   0|  0|   12|           5|           5|
    |add_ln58_4685_fu_8835_p2   |         +|   0|  0|   13|           6|           6|
    |add_ln58_4688_fu_8845_p2   |         +|   0|  0|   13|           6|           6|
    |add_ln58_4689_fu_8855_p2   |         +|   0|  0|   14|           7|           7|
    |add_ln58_4690_fu_13049_p2  |         +|   0|  0|   19|           8|           8|
    |add_ln58_4692_fu_8861_p2   |         +|   0|  0|   13|           6|           6|
    |add_ln58_4694_fu_4084_p2   |         +|   0|  0|   12|           5|           5|
    |add_ln58_4695_fu_8874_p2   |         +|   0|  0|   13|           6|           6|
    |add_ln58_4696_fu_8884_p2   |         +|   0|  0|   14|           7|           7|
    |add_ln58_4698_fu_8890_p2   |         +|   0|  0|   13|           6|           6|
    |add_ln58_4701_fu_4090_p2   |         +|   0|  0|   12|           5|           5|
    |add_ln58_4702_fu_8898_p2   |         +|   0|  0|   13|           6|           6|
    |add_ln58_4703_fu_13065_p2  |         +|   0|  0|   15|           8|           8|
    |add_ln58_4704_fu_13075_p2  |         +|   0|  0|   18|           9|           9|
    |add_ln58_4706_fu_4096_p2   |         +|   0|  0|   12|           5|           5|
    |add_ln58_4708_fu_4102_p2   |         +|   0|  0|   12|           4|           4|
    |add_ln58_4709_fu_4112_p2   |         +|   0|  0|   12|           5|           5|
    |add_ln58_4710_fu_8910_p2   |         +|   0|  0|   13|           6|           6|
    |add_ln58_4712_fu_4118_p2   |         +|   0|  0|   12|           5|           5|
    |add_ln58_4715_fu_4124_p2   |         +|   0|  0|   12|           5|           5|
    |add_ln58_4716_fu_8926_p2   |         +|   0|  0|   13|           6|           6|
    |add_ln58_4717_fu_8936_p2   |         +|   0|  0|   14|           7|           7|
    |add_ln58_4718_fu_4130_p2   |         +|   0|  0|   12|           4|           4|
    |add_ln58_4719_fu_4140_p2   |         +|   0|  0|   12|           5|           5|
    |add_ln58_4721_fu_4146_p2   |         +|   0|  0|   12|           4|           4|
    |add_ln58_4722_fu_4156_p2   |         +|   0|  0|   12|           5|           5|
    |add_ln58_4723_fu_8948_p2   |         +|   0|  0|   13|           6|           6|
    |add_ln58_4724_fu_4162_p2   |         +|   0|  0|   12|           4|           4|
    |add_ln58_4726_fu_4172_p2   |         +|   0|  0|   12|           5|           5|
    |add_ln58_4729_fu_4178_p2   |         +|   0|  0|   12|           5|           5|
    |add_ln58_4730_fu_8964_p2   |         +|   0|  0|   13|           6|           6|
    |add_ln58_4731_fu_8974_p2   |         +|   0|  0|   14|           7|           7|
    |add_ln58_4732_fu_13087_p2  |         +|   0|  0|   15|           8|           8|
    |add_ln58_4733_fu_13097_p2  |         +|   0|  0|   18|           9|           9|
    |add_ln58_4734_fu_4184_p2   |         +|   0|  0|   12|           5|           5|
    |add_ln58_4735_fu_8983_p2   |         +|   0|  0|   13|           6|           6|
    |add_ln58_4738_fu_8992_p2   |         +|   0|  0|   13|           6|           6|
    |add_ln58_4739_fu_9002_p2   |         +|   0|  0|   14|           7|           7|
    |add_ln58_4740_fu_4190_p2   |         +|   0|  0|   12|           5|           5|
    |add_ln58_4741_fu_4196_p2   |         +|   0|  0|   12|           5|           5|
    |add_ln58_4742_fu_9014_p2   |         +|   0|  0|   13|           6|           6|
    |add_ln58_4743_fu_4202_p2   |         +|   0|  0|   12|           5|           5|
    |add_ln58_4744_fu_4208_p2   |         +|   0|  0|   12|           5|           5|
    |add_ln58_4745_fu_9030_p2   |         +|   0|  0|   13|           6|           6|
    |add_ln58_4746_fu_9040_p2   |         +|   0|  0|   14|           7|           7|
    |add_ln58_4747_fu_13109_p2  |         +|   0|  0|   15|           8|           8|
    |add_ln58_4749_fu_9046_p2   |         +|   0|  0|   13|           6|           6|
    |add_ln58_4750_fu_4214_p2   |         +|   0|  0|   12|           5|           5|
    |add_ln58_4752_fu_9059_p2   |         +|   0|  0|   13|           6|           6|
    |add_ln58_4753_fu_9069_p2   |         +|   0|  0|   14|           7|           7|
    |add_ln58_4757_fu_4220_p2   |         +|   0|  0|   10|           5|           5|
    |add_ln58_4758_fu_4226_p2   |         +|   0|  0|   12|           4|           4|
    |add_ln58_4759_fu_4236_p2   |         +|   0|  0|   10|           5|           5|
    |add_ln58_4760_fu_9078_p2   |         +|   0|  0|   14|           7|           7|
    |add_ln58_4761_fu_13125_p2  |         +|   0|  0|   15|           8|           8|
    |add_ln58_4762_fu_13135_p2  |         +|   0|  0|   18|           9|           9|
    |add_ln58_4763_fu_4242_p2   |         +|   0|  0|   12|           4|           4|
    |add_ln58_4764_fu_4252_p2   |         +|   0|  0|   12|           5|           5|
    |add_ln58_4767_fu_4258_p2   |         +|   0|  0|   12|           5|           5|
    |add_ln58_4768_fu_9090_p2   |         +|   0|  0|   13|           6|           6|
    |add_ln58_4770_fu_4264_p2   |         +|   0|  0|   12|           4|           4|
    |add_ln58_4771_fu_4274_p2   |         +|   0|  0|   12|           5|           5|
    |add_ln58_4775_fu_9103_p2   |         +|   0|  0|   13|           6|           6|
    |add_ln58_4776_fu_9113_p2   |         +|   0|  0|   14|           7|           7|
    |add_ln58_4778_fu_4280_p2   |         +|   0|  0|   12|           5|           5|
    |add_ln58_4779_fu_4286_p2   |         +|   0|  0|   12|           4|           4|
    |add_ln58_4780_fu_4296_p2   |         +|   0|  0|   12|           4|           4|
    |add_ln58_4781_fu_4306_p2   |         +|   0|  0|   12|           5|           5|
    |add_ln58_4782_fu_9125_p2   |         +|   0|  0|   13|           6|           6|
    |add_ln58_4785_fu_4312_p2   |         +|   0|  0|   12|           5|           5|
    |add_ln58_4787_fu_4318_p2   |         +|   0|  0|   12|           4|           4|
    |add_ln58_4788_fu_4327_p2   |         +|   0|  0|   12|           5|           5|
    |add_ln58_4789_fu_9141_p2   |         +|   0|  0|   13|           6|           6|
    |add_ln58_4790_fu_9151_p2   |         +|   0|  0|   14|           7|           7|
    |add_ln58_4791_fu_13147_p2  |         +|   0|  0|   15|           8|           8|
    |add_ln58_4792_fu_13157_p2  |         +|   0|  0|   18|           9|           9|
    |add_ln58_4794_fu_9157_p2   |         +|   0|  0|   16|           7|           7|
    |add_ln58_4795_fu_4333_p2   |         +|   0|  0|   12|           5|           5|
    |add_ln58_4797_fu_9166_p2   |         +|   0|  0|   13|           6|           6|
    |add_ln58_4798_fu_9176_p2   |         +|   0|  0|   16|           7|           7|
    |add_ln58_4799_fu_4339_p2   |         +|   0|  0|   12|           5|           5|
    |add_ln58_4801_fu_9185_p2   |         +|   0|  0|   13|           6|           6|
    |add_ln58_4804_fu_9195_p2   |         +|   0|  0|   13|           6|           6|
    |add_ln58_4805_fu_9205_p2   |         +|   0|  0|   14|           7|           7|
    |add_ln58_4806_fu_13169_p2  |         +|   0|  0|   15|           8|           8|
    |add_ln58_4808_fu_9211_p2   |         +|   0|  0|   13|           6|           6|
    |add_ln58_4810_fu_4345_p2   |         +|   0|  0|   12|           5|           5|
    |add_ln58_4811_fu_9224_p2   |         +|   0|  0|   13|           6|           6|
    |add_ln58_4812_fu_9234_p2   |         +|   0|  0|   14|           7|           7|
    |add_ln58_4813_fu_4351_p2   |         +|   0|  0|   12|           5|           5|
    |add_ln58_4815_fu_9243_p2   |         +|   0|  0|   13|           6|           6|
    |add_ln58_4819_fu_9253_p2   |         +|   0|  0|   14|           7|           7|
    |add_ln58_4820_fu_13185_p2  |         +|   0|  0|   15|           8|           8|
    |add_ln58_4821_fu_13195_p2  |         +|   0|  0|   18|           9|           9|
    |add_ln58_4823_fu_9259_p2   |         +|   0|  0|   13|           6|           6|
    |add_ln58_4825_fu_4371_p2   |         +|   0|  0|   13|           6|           6|
    |add_ln58_4826_fu_9264_p2   |         +|   0|  0|   13|           6|           6|
    |add_ln58_4827_fu_4377_p2   |         +|   0|  0|   12|           4|           4|
    |add_ln58_4829_fu_4387_p2   |         +|   0|  0|   12|           5|           5|
    |add_ln58_4830_fu_4393_p2   |         +|   0|  0|   12|           4|           4|
    |add_ln58_4832_fu_4403_p2   |         +|   0|  0|   12|           5|           5|
    |add_ln58_4833_fu_9279_p2   |         +|   0|  0|   13|           6|           6|
    |add_ln58_4834_fu_9289_p2   |         +|   0|  0|   15|           8|           8|
    |add_ln58_4835_fu_4409_p2   |         +|   0|  0|   12|           4|           4|
    |add_ln58_4836_fu_4419_p2   |         +|   0|  0|   12|           5|           5|
    |add_ln58_4840_fu_9298_p2   |         +|   0|  0|   13|           6|           6|
    |add_ln58_4841_fu_4425_p2   |         +|   0|  0|   12|           4|           4|
    |add_ln58_4843_fu_4435_p2   |         +|   0|  0|   12|           5|           5|
    |add_ln58_4847_fu_9311_p2   |         +|   0|  0|   13|           6|           6|
    |add_ln58_4848_fu_9321_p2   |         +|   0|  0|   14|           7|           7|
    |add_ln58_4849_fu_13207_p2  |         +|   0|  0|   16|           9|           9|
    |add_ln58_4850_fu_13213_p2  |         +|   0|  0|   18|           9|           9|
    |add_ln58_4852_fu_9330_p2   |         +|   0|  0|   16|           7|           7|
    |add_ln58_4853_fu_4441_p2   |         +|   0|  0|   12|           5|           5|
    |add_ln58_4855_fu_9339_p2   |         +|   0|  0|   13|           6|           6|
    |add_ln58_4856_fu_9349_p2   |         +|   0|  0|   16|           7|           7|
    |add_ln58_4858_fu_9355_p2   |         +|   0|  0|   13|           6|           6|
    |add_ln58_4860_fu_4447_p2   |         +|   0|  0|   12|           5|           5|
    |add_ln58_4861_fu_9368_p2   |         +|   0|  0|   13|           6|           6|
    |add_ln58_4862_fu_9378_p2   |         +|   0|  0|   14|           7|           7|
    |add_ln58_4863_fu_13225_p2  |         +|   0|  0|   15|           8|           8|
    |add_ln58_4864_fu_4453_p2   |         +|   0|  0|   12|           5|           5|
    |add_ln58_4865_fu_9387_p2   |         +|   0|  0|   13|           6|           6|
    |add_ln58_4867_fu_4459_p2   |         +|   0|  0|   12|           5|           5|
    |add_ln58_4868_fu_9400_p2   |         +|   0|  0|   13|           6|           6|
    |add_ln58_4869_fu_9410_p2   |         +|   0|  0|   14|           7|           7|
    |add_ln58_4872_fu_9416_p2   |         +|   0|  0|   13|           6|           6|
    |add_ln58_4873_fu_4465_p2   |         +|   0|  0|   12|           5|           5|
    |add_ln58_4875_fu_9429_p2   |         +|   0|  0|   13|           6|           6|
    |add_ln58_4876_fu_9439_p2   |         +|   0|  0|   14|           7|           7|
    |add_ln58_4877_fu_13241_p2  |         +|   0|  0|   15|           8|           8|
    |add_ln58_4878_fu_13251_p2  |         +|   0|  0|   18|           9|           9|
    |add_ln58_4880_fu_4471_p2   |         +|   0|  0|   13|           6|           6|
    |add_ln58_4882_fu_9451_p2   |         +|   0|  0|   13|           6|           6|
    |add_ln58_4883_fu_9457_p2   |         +|   0|  0|   13|           6|           6|
    |add_ln58_4885_fu_4483_p2   |         +|   0|  0|   12|           5|           5|
    |add_ln58_4887_fu_4489_p2   |         +|   0|  0|   12|           4|           4|
    |add_ln58_4888_fu_4499_p2   |         +|   0|  0|   12|           5|           5|
    |add_ln58_4889_fu_9472_p2   |         +|   0|  0|   13|           6|           6|
    |add_ln58_4890_fu_9482_p2   |         +|   0|  0|   15|           8|           8|
    |add_ln58_4891_fu_4505_p2   |         +|   0|  0|   12|           4|           4|
    |add_ln58_4892_fu_4515_p2   |         +|   0|  0|   12|           5|           5|
    |add_ln58_4893_fu_4521_p2   |         +|   0|  0|   12|           4|           4|
    |add_ln58_4894_fu_4531_p2   |         +|   0|  0|   12|           4|           4|
    |add_ln58_4895_fu_4541_p2   |         +|   0|  0|   12|           5|           5|
    |add_ln58_4896_fu_9494_p2   |         +|   0|  0|   13|           6|           6|
    |add_ln58_4897_fu_4547_p2   |         +|   0|  0|   12|           4|           4|
    |add_ln58_4899_fu_4557_p2   |         +|   0|  0|   12|           5|           5|
    |add_ln58_4902_fu_4563_p2   |         +|   0|  0|   12|           5|           5|
    |add_ln58_4903_fu_9510_p2   |         +|   0|  0|   13|           6|           6|
    |add_ln58_4904_fu_9520_p2   |         +|   0|  0|   14|           7|           7|
    |add_ln58_4905_fu_13263_p2  |         +|   0|  0|   16|           9|           9|
    |add_ln58_4906_fu_13269_p2  |         +|   0|  0|   18|           9|           9|
    |add_ln58_4908_fu_9526_p2   |         +|   0|  0|   13|           6|           6|
    |add_ln58_4912_fu_9535_p2   |         +|   0|  0|   14|           7|           7|
    |add_ln58_4913_fu_4569_p2   |         +|   0|  0|   12|           5|           5|
    |add_ln58_4914_fu_4575_p2   |         +|   0|  0|   12|           5|           5|
    |add_ln58_4915_fu_9547_p2   |         +|   0|  0|   13|           6|           6|
    |add_ln58_4916_fu_4581_p2   |         +|   0|  0|   12|           5|           5|
    |add_ln58_4917_fu_4587_p2   |         +|   0|  0|   12|           5|           5|
    |add_ln58_4918_fu_9563_p2   |         +|   0|  0|   13|           6|           6|
    |add_ln58_4919_fu_9573_p2   |         +|   0|  0|   14|           7|           7|
    |add_ln58_4920_fu_13281_p2  |         +|   0|  0|   15|           8|           8|
    |add_ln58_4921_fu_4593_p2   |         +|   0|  0|   12|           5|           5|
    |add_ln58_4922_fu_9582_p2   |         +|   0|  0|   13|           6|           6|
    |add_ln58_4923_fu_4599_p2   |         +|   0|  0|   12|           5|           5|
    |add_ln58_4925_fu_9595_p2   |         +|   0|  0|   13|           6|           6|
    |add_ln58_4926_fu_9605_p2   |         +|   0|  0|   14|           7|           7|
    |add_ln58_4927_fu_4605_p2   |         +|   0|  0|   12|           5|           5|
    |add_ln58_4928_fu_4625_p2   |         +|   0|  0|   13|           6|           6|
    |add_ln58_4931_fu_4631_p2   |         +|   0|  0|   12|           5|           5|
    |add_ln58_4932_fu_9617_p2   |         +|   0|  0|   14|           7|           7|
    |add_ln58_4933_fu_13297_p2  |         +|   0|  0|   15|           8|           8|
    |add_ln58_4934_fu_13307_p2  |         +|   0|  0|   16|           9|           9|
    |add_ln58_4936_fu_4637_p2   |         +|   0|  0|   12|           5|           5|
    |add_ln58_4937_fu_4643_p2   |         +|   0|  0|   12|           4|           4|
    |add_ln58_4938_fu_4653_p2   |         +|   0|  0|   12|           4|           4|
    |add_ln58_4939_fu_4663_p2   |         +|   0|  0|   12|           5|           5|
    |add_ln58_4940_fu_9629_p2   |         +|   0|  0|   13|           6|           6|
    |add_ln58_4943_fu_4669_p2   |         +|   0|  0|   12|           5|           5|
    |add_ln58_4946_fu_4675_p2   |         +|   0|  0|   12|           5|           5|
    |add_ln58_4947_fu_9645_p2   |         +|   0|  0|   13|           6|           6|
    |add_ln58_4948_fu_9655_p2   |         +|   0|  0|   14|           7|           7|
    |add_ln58_4949_fu_4681_p2   |         +|   0|  0|   12|           4|           4|
    |add_ln58_4950_fu_4691_p2   |         +|   0|  0|   12|           5|           5|
    |add_ln58_4952_fu_4697_p2   |         +|   0|  0|   12|           4|           4|
    |add_ln58_4953_fu_4707_p2   |         +|   0|  0|   12|           5|           5|
    |add_ln58_4954_fu_9667_p2   |         +|   0|  0|   13|           6|           6|
    |add_ln58_4957_fu_4713_p2   |         +|   0|  0|   12|           5|           5|
    |add_ln58_4958_fu_4719_p2   |         +|   0|  0|   12|           4|           4|
    |add_ln58_4960_fu_4729_p2   |         +|   0|  0|   12|           5|           5|
    |add_ln58_4961_fu_9683_p2   |         +|   0|  0|   13|           6|           6|
    |add_ln58_4962_fu_9693_p2   |         +|   0|  0|   14|           7|           7|
    |add_ln58_4963_fu_13319_p2  |         +|   0|  0|   15|           8|           8|
    |add_ln58_4964_fu_14227_p2  |         +|   0|  0|   17|          10|          10|
    |add_ln58_4965_fu_4735_p2   |         +|   0|  0|   12|           5|           5|
    |add_ln58_4966_fu_9702_p2   |         +|   0|  0|   14|           7|           7|
    |add_ln58_4969_fu_9711_p2   |         +|   0|  0|   13|           6|           6|
    |add_ln58_4970_fu_9721_p2   |         +|   0|  0|   15|           8|           8|
    |add_ln58_4971_fu_4741_p2   |         +|   0|  0|   12|           5|           5|
    |add_ln58_4973_fu_9730_p2   |         +|   0|  0|   13|           6|           6|
    |add_ln58_4977_fu_9740_p2   |         +|   0|  0|   14|           7|           7|
    |add_ln58_4978_fu_13331_p2  |         +|   0|  0|   18|           9|           9|
    |add_ln58_4980_fu_9746_p2   |         +|   0|  0|   13|           6|           6|
    |add_ln58_4983_fu_9756_p2   |         +|   0|  0|   13|           6|           6|
    |add_ln58_4984_fu_9766_p2   |         +|   0|  0|   14|           7|           7|
    |add_ln58_4987_fu_9772_p2   |         +|   0|  0|   13|           6|           6|
    |add_ln58_4988_fu_4747_p2   |         +|   0|  0|   12|           5|           5|
    |add_ln58_4989_fu_4753_p2   |         +|   0|  0|   12|           5|           5|
    |add_ln58_4990_fu_9788_p2   |         +|   0|  0|   13|           6|           6|
    |add_ln58_4991_fu_9798_p2   |         +|   0|  0|   14|           7|           7|
    |add_ln58_4992_fu_13343_p2  |         +|   0|  0|   15|           8|           8|
    |add_ln58_4993_fu_13353_p2  |         +|   0|  0|   18|           9|           9|
    |add_ln58_4994_fu_4759_p2   |         +|   0|  0|   12|           5|           5|
    |add_ln58_4995_fu_9807_p2   |         +|   0|  0|   13|           6|           6|
    |add_ln58_4998_fu_9817_p2   |         +|   0|  0|   13|           6|           6|
    |add_ln58_4999_fu_9826_p2   |         +|   0|  0|   16|           7|           7|
    |add_ln58_5001_fu_4765_p2   |         +|   0|  0|   12|           4|           4|
    |add_ln58_5002_fu_4775_p2   |         +|   0|  0|   12|           5|           5|
    |add_ln58_5003_fu_4781_p2   |         +|   0|  0|   12|           4|           4|
    |add_ln58_5005_fu_4791_p2   |         +|   0|  0|   12|           5|           5|
    |add_ln58_5006_fu_9838_p2   |         +|   0|  0|   13|           6|           6|
    |add_ln58_5007_fu_9848_p2   |         +|   0|  0|   16|           7|           7|
    |add_ln58_5009_fu_4797_p2   |         +|   0|  0|   12|           5|           5|
    |add_ln58_5010_fu_4803_p2   |         +|   0|  0|   12|           4|           4|
    |add_ln58_5011_fu_4813_p2   |         +|   0|  0|   12|           4|           4|
    |add_ln58_5012_fu_4823_p2   |         +|   0|  0|   12|           5|           5|
    |add_ln58_5013_fu_9860_p2   |         +|   0|  0|   13|           6|           6|
    |add_ln58_5014_fu_4829_p2   |         +|   0|  0|   12|           4|           4|
    |add_ln58_5015_fu_4839_p2   |         +|   0|  0|   12|           4|           4|
    |add_ln58_5016_fu_4849_p2   |         +|   0|  0|   12|           5|           5|
    |add_ln58_5017_fu_4855_p2   |         +|   0|  0|   12|           4|           4|
    |add_ln58_5019_fu_4865_p2   |         +|   0|  0|   12|           5|           5|
    |add_ln58_5020_fu_9876_p2   |         +|   0|  0|   13|           6|           6|
    |add_ln58_5021_fu_9886_p2   |         +|   0|  0|   14|           7|           7|
    |add_ln58_5022_fu_13365_p2  |         +|   0|  0|   16|           9|           9|
    |add_ln58_5023_fu_14239_p2  |         +|   0|  0|   17|          10|          10|
    |add_ln58_5025_fu_9895_p2   |         +|   0|  0|   14|           7|           7|
    |add_ln58_5026_fu_4871_p2   |         +|   0|  0|   12|           5|           5|
    |add_ln58_5028_fu_9903_p2   |         +|   0|  0|   13|           6|           6|
    |add_ln58_5029_fu_13377_p2  |         +|   0|  0|   19|           8|           8|
    |add_ln58_5033_fu_4877_p2   |         +|   0|  0|   12|           5|           5|
    |add_ln58_5035_fu_9912_p2   |         +|   0|  0|   13|           6|           6|
    |add_ln58_5036_fu_9922_p2   |         +|   0|  0|   14|           7|           7|
    |add_ln58_5037_fu_13386_p2  |         +|   0|  0|   19|           8|           8|
    |add_ln58_5039_fu_9928_p2   |         +|   0|  0|   13|           6|           6|
    |add_ln58_5040_fu_4883_p2   |         +|   0|  0|   12|           5|           5|
    |add_ln58_5042_fu_9941_p2   |         +|   0|  0|   13|           6|           6|
    |add_ln58_5043_fu_9951_p2   |         +|   0|  0|   14|           7|           7|
    |add_ln58_5044_fu_4889_p2   |         +|   0|  0|   12|           5|           5|
    |add_ln58_5046_fu_9960_p2   |         +|   0|  0|   13|           6|           6|
    |add_ln58_5049_fu_4895_p2   |         +|   0|  0|   12|           5|           5|
    |add_ln58_5050_fu_9973_p2   |         +|   0|  0|   14|           7|           7|
    |add_ln58_5051_fu_13402_p2  |         +|   0|  0|   15|           8|           8|
    |add_ln58_5052_fu_13412_p2  |         +|   0|  0|   18|           9|           9|
    |add_ln58_5054_fu_4901_p2   |         +|   0|  0|   12|           5|           5|
    |add_ln58_5055_fu_4907_p2   |         +|   0|  0|   12|           4|           4|
    |add_ln58_5057_fu_4917_p2   |         +|   0|  0|   12|           5|           5|
    |add_ln58_5058_fu_9985_p2   |         +|   0|  0|   13|           6|           6|
    |add_ln58_5061_fu_4923_p2   |         +|   0|  0|   12|           5|           5|
    |add_ln58_5062_fu_4929_p2   |         +|   0|  0|   12|           4|           4|
    |add_ln58_5064_fu_4939_p2   |         +|   0|  0|   12|           5|           5|
    |add_ln58_5065_fu_10001_p2  |         +|   0|  0|   13|           6|           6|
    |add_ln58_5066_fu_10011_p2  |         +|   0|  0|   14|           7|           7|
    |add_ln58_5069_fu_4945_p2   |         +|   0|  0|   12|           5|           5|
    |add_ln58_5072_fu_4951_p2   |         +|   0|  0|   12|           5|           5|
    |add_ln58_5073_fu_10023_p2  |         +|   0|  0|   13|           6|           6|
    |add_ln58_5076_fu_4957_p2   |         +|   0|  0|   12|           5|           5|
    |add_ln58_5078_fu_4963_p2   |         +|   0|  0|   12|           4|           4|
    |add_ln58_5079_fu_4973_p2   |         +|   0|  0|   12|           5|           5|
    |add_ln58_5080_fu_10039_p2  |         +|   0|  0|   13|           6|           6|
    |add_ln58_5081_fu_10049_p2  |         +|   0|  0|   14|           7|           7|
    |add_ln58_5082_fu_13424_p2  |         +|   0|  0|   15|           8|           8|
    |add_ln58_5083_fu_13434_p2  |         +|   0|  0|   18|           9|           9|
    |add_ln58_5085_fu_10058_p2  |         +|   0|  0|   16|           7|           7|
    |add_ln58_5086_fu_4979_p2   |         +|   0|  0|   12|           5|           5|
    |add_ln58_5088_fu_10067_p2  |         +|   0|  0|   13|           6|           6|
    |add_ln58_5089_fu_10077_p2  |         +|   0|  0|   16|           7|           7|
    |add_ln58_5091_fu_10083_p2  |         +|   0|  0|   13|           6|           6|
    |add_ln58_5093_fu_4985_p2   |         +|   0|  0|   12|           5|           5|
    |add_ln58_5094_fu_10096_p2  |         +|   0|  0|   13|           6|           6|
    |add_ln58_5095_fu_10106_p2  |         +|   0|  0|   14|           7|           7|
    |add_ln58_5096_fu_13446_p2  |         +|   0|  0|   15|           8|           8|
    |add_ln58_5098_fu_10112_p2  |         +|   0|  0|   13|           6|           6|
    |add_ln58_5102_fu_10122_p2  |         +|   0|  0|   16|           7|           7|
    |add_ln58_5104_fu_4991_p2   |         +|   0|  0|   12|           5|           5|
    |add_ln58_5107_fu_4997_p2   |         +|   0|  0|   12|           5|           5|
    |add_ln58_5108_fu_10134_p2  |         +|   0|  0|   14|           7|           7|
    |add_ln58_5109_fu_10140_p2  |         +|   0|  0|   16|           7|           7|
    |add_ln58_5110_fu_13459_p2  |         +|   0|  0|   16|           9|           9|
    |add_ln58_5114_fu_5003_p2   |         +|   0|  0|   12|           4|           4|
    |add_ln58_5115_fu_5013_p2   |         +|   0|  0|   12|           5|           5|
    |add_ln58_5116_fu_10149_p2  |         +|   0|  0|   13|           6|           6|
    |add_ln58_5118_fu_5019_p2   |         +|   0|  0|   12|           5|           5|
    |add_ln58_5122_fu_10162_p2  |         +|   0|  0|   13|           6|           6|
    |add_ln58_5123_fu_10172_p2  |         +|   0|  0|   14|           7|           7|
    |add_ln58_5125_fu_5025_p2   |         +|   0|  0|   12|           5|           5|
    |add_ln58_5129_fu_10181_p2  |         +|   0|  0|   13|           6|           6|
    |add_ln58_5132_fu_5031_p2   |         +|   0|  0|   12|           5|           5|
    |add_ln58_5135_fu_5037_p2   |         +|   0|  0|   12|           5|           5|
    |add_ln58_5136_fu_10197_p2  |         +|   0|  0|   13|           6|           6|
    |add_ln58_5137_fu_10207_p2  |         +|   0|  0|   14|           7|           7|
    |add_ln58_5138_fu_13471_p2  |         +|   0|  0|   15|           8|           8|
    |add_ln58_5139_fu_14254_p2  |         +|   0|  0|   17|          10|          10|
    |add_ln58_5141_fu_10213_p2  |         +|   0|  0|   16|           7|           7|
    |add_ln58_5144_fu_10219_p2  |         +|   0|  0|   13|           6|           6|
    |add_ln58_5145_fu_10229_p2  |         +|   0|  0|   16|           7|           7|
    |add_ln58_5147_fu_10235_p2  |         +|   0|  0|   13|           6|           6|
    |add_ln58_5151_fu_10245_p2  |         +|   0|  0|   14|           7|           7|
    |add_ln58_5152_fu_13483_p2  |         +|   0|  0|   15|           8|           8|
    |add_ln58_5157_fu_10251_p2  |         +|   0|  0|   13|           6|           6|
    |add_ln58_5158_fu_10261_p2  |         +|   0|  0|   14|           7|           7|
    |add_ln58_5159_fu_5043_p2   |         +|   0|  0|   12|           5|           5|
    |add_ln58_5160_fu_5049_p2   |         +|   0|  0|   12|           5|           5|
    |add_ln58_5161_fu_10273_p2  |         +|   0|  0|   13|           6|           6|
    |add_ln58_5162_fu_5055_p2   |         +|   0|  0|   12|           4|           4|
    |add_ln58_5163_fu_5065_p2   |         +|   0|  0|   12|           4|           4|
    |add_ln58_5164_fu_5075_p2   |         +|   0|  0|   12|           5|           5|
    |add_ln58_5165_fu_10282_p2  |         +|   0|  0|   13|           6|           6|
    |add_ln58_5166_fu_13499_p2  |         +|   0|  0|   15|           8|           8|
    |add_ln58_5167_fu_13509_p2  |         +|   0|  0|   16|           9|           9|
    |add_ln58_5169_fu_5081_p2   |         +|   0|  0|   12|           5|           5|
    |add_ln58_5172_fu_5087_p2   |         +|   0|  0|   12|           5|           5|
    |add_ln58_5173_fu_10294_p2  |         +|   0|  0|   13|           6|           6|
    |add_ln58_5174_fu_5093_p2   |         +|   0|  0|   12|           4|           4|
    |add_ln58_5175_fu_5103_p2   |         +|   0|  0|   12|           5|           5|
    |add_ln58_5178_fu_5109_p2   |         +|   0|  0|   12|           5|           5|
    |add_ln58_5179_fu_10310_p2  |         +|   0|  0|   13|           6|           6|
    |add_ln58_5180_fu_10320_p2  |         +|   0|  0|   14|           7|           7|
    |add_ln58_5182_fu_5115_p2   |         +|   0|  0|   12|           5|           5|
    |add_ln58_5186_fu_10329_p2  |         +|   0|  0|   13|           6|           6|
    |add_ln58_5189_fu_5121_p2   |         +|   0|  0|   12|           5|           5|
    |add_ln58_5190_fu_5127_p2   |         +|   0|  0|   12|           4|           4|
    |add_ln58_5192_fu_5136_p2   |         +|   0|  0|   12|           5|           5|
    |add_ln58_5193_fu_10345_p2  |         +|   0|  0|   13|           6|           6|
    |add_ln58_5194_fu_10355_p2  |         +|   0|  0|   14|           7|           7|
    |add_ln58_5195_fu_13521_p2  |         +|   0|  0|   15|           8|           8|
    |add_ln58_5196_fu_14266_p2  |         +|   0|  0|   17|          10|          10|
    |add_ln58_5197_fu_5142_p2   |         +|   0|  0|   12|           5|           5|
    |add_ln58_5198_fu_10364_p2  |         +|   0|  0|   13|           6|           6|
    |add_ln58_5201_fu_10374_p2  |         +|   0|  0|   13|           6|           6|
    |add_ln58_5202_fu_10384_p2  |         +|   0|  0|   14|           7|           7|
    |add_ln58_5205_fu_10390_p2  |         +|   0|  0|   13|           6|           6|
    |add_ln58_5208_fu_10400_p2  |         +|   0|  0|   13|           6|           6|
    |add_ln58_5209_fu_10410_p2  |         +|   0|  0|   14|           7|           7|
    |add_ln58_5210_fu_13533_p2  |         +|   0|  0|   15|           8|           8|
    |add_ln58_5213_fu_10416_p2  |         +|   0|  0|   13|           6|           6|
    |add_ln58_5217_fu_10426_p2  |         +|   0|  0|   14|           7|           7|
    |add_ln58_5219_fu_5147_p2   |         +|   0|  0|   12|           5|           5|
    |add_ln58_5220_fu_10435_p2  |         +|   0|  0|   13|           6|           6|
    |add_ln58_5223_fu_10445_p2  |         +|   0|  0|   13|           6|           6|
    |add_ln58_5224_fu_10455_p2  |         +|   0|  0|   14|           7|           7|
    |add_ln58_5225_fu_13549_p2  |         +|   0|  0|   15|           8|           8|
    |add_ln58_5226_fu_13559_p2  |         +|   0|  0|   16|           9|           9|
    |add_ln58_5228_fu_10461_p2  |         +|   0|  0|   13|           6|           6|
    |add_ln58_5230_fu_10474_p2  |         +|   0|  0|   13|           6|           6|
    |add_ln58_5231_fu_10483_p2  |         +|   0|  0|   16|           7|           7|
    |add_ln58_5232_fu_5158_p2   |         +|   0|  0|   12|           4|           4|
    |add_ln58_5233_fu_5168_p2   |         +|   0|  0|   12|           4|           4|
    |add_ln58_5234_fu_5178_p2   |         +|   0|  0|   12|           5|           5|
    |add_ln58_5236_fu_5184_p2   |         +|   0|  0|   12|           4|           4|
    |add_ln58_5237_fu_5194_p2   |         +|   0|  0|   12|           5|           5|
    |add_ln58_5238_fu_10495_p2  |         +|   0|  0|   13|           6|           6|
    |add_ln58_5239_fu_10505_p2  |         +|   0|  0|   16|           7|           7|
    |add_ln58_5242_fu_5200_p2   |         +|   0|  0|   12|           5|           5|
    |add_ln58_5244_fu_5206_p2   |         +|   0|  0|   12|           4|           4|
    |add_ln58_5245_fu_5216_p2   |         +|   0|  0|   12|           5|           5|
    |add_ln58_5246_fu_10517_p2  |         +|   0|  0|   13|           6|           6|
    |add_ln58_5253_fu_10527_p2  |         +|   0|  0|   13|           6|           6|
    |add_ln58_5254_fu_10537_p2  |         +|   0|  0|   14|           7|           7|
    |add_ln58_5255_fu_13571_p2  |         +|   0|  0|   16|           9|           9|
    |add_ln58_5256_fu_14278_p2  |         +|   0|  0|   17|          10|          10|
    |add_ln58_5257_fu_5222_p2   |         +|   0|  0|   12|           5|           5|
    |add_ln58_5258_fu_10546_p2  |         +|   0|  0|   16|           7|           7|
    |add_ln58_5261_fu_10552_p2  |         +|   0|  0|   13|           6|           6|
    |add_ln58_5262_fu_10562_p2  |         +|   0|  0|   16|           7|           7|
    |add_ln58_5264_fu_10568_p2  |         +|   0|  0|   13|           6|           6|
    |add_ln58_5265_fu_5228_p2   |         +|   0|  0|   12|           5|           5|
    |add_ln58_5267_fu_10581_p2  |         +|   0|  0|   13|           6|           6|
    |add_ln58_5268_fu_10591_p2  |         +|   0|  0|   14|           7|           7|
    |add_ln58_5269_fu_13583_p2  |         +|   0|  0|   15|           8|           8|
    |add_ln58_5271_fu_10597_p2  |         +|   0|  0|   13|           6|           6|
    |add_ln58_5272_fu_5234_p2   |         +|   0|  0|   12|           5|           5|
    |add_ln58_5274_fu_10610_p2  |         +|   0|  0|   13|           6|           6|
    |add_ln58_5275_fu_10620_p2  |         +|   0|  0|   14|           7|           7|
    |add_ln58_5278_fu_10626_p2  |         +|   0|  0|   13|           6|           6|
    |add_ln58_5281_fu_10636_p2  |         +|   0|  0|   13|           6|           6|
    |add_ln58_5282_fu_10646_p2  |         +|   0|  0|   14|           7|           7|
    |add_ln58_5283_fu_13599_p2  |         +|   0|  0|   15|           8|           8|
    |add_ln58_5284_fu_13609_p2  |         +|   0|  0|   18|           9|           9|
    |add_ln58_5286_fu_5240_p2   |         +|   0|  0|   12|           5|           5|
    |add_ln58_5287_fu_5246_p2   |         +|   0|  0|   12|           4|           4|
    |add_ln58_5288_fu_5256_p2   |         +|   0|  0|   12|           4|           4|
    |add_ln58_5289_fu_5266_p2   |         +|   0|  0|   12|           5|           5|
    |add_ln58_5290_fu_10658_p2  |         +|   0|  0|   13|           6|           6|
    |add_ln58_5293_fu_5272_p2   |         +|   0|  0|   12|           5|           5|
    |add_ln58_5294_fu_5278_p2   |         +|   0|  0|   12|           4|           4|
    |add_ln58_5296_fu_5288_p2   |         +|   0|  0|   12|           5|           5|
    |add_ln58_5297_fu_10674_p2  |         +|   0|  0|   13|           6|           6|
    |add_ln58_5298_fu_10684_p2  |         +|   0|  0|   14|           7|           7|
    |add_ln58_5300_fu_5294_p2   |         +|   0|  0|   12|           5|           5|
    |add_ln58_5303_fu_5300_p2   |         +|   0|  0|   12|           5|           5|
    |add_ln58_5304_fu_10696_p2  |         +|   0|  0|   13|           6|           6|
    |add_ln58_5306_fu_5306_p2   |         +|   0|  0|   12|           4|           4|
    |add_ln58_5307_fu_5316_p2   |         +|   0|  0|   12|           5|           5|
    |add_ln58_5311_fu_10709_p2  |         +|   0|  0|   13|           6|           6|
    |add_ln58_5312_fu_10719_p2  |         +|   0|  0|   14|           7|           7|
    |add_ln58_5313_fu_13621_p2  |         +|   0|  0|   15|           8|           8|
    |add_ln58_5314_fu_13631_p2  |         +|   0|  0|   18|           9|           9|
    |add_ln58_5316_fu_10725_p2  |         +|   0|  0|   13|           6|           6|
    |add_ln58_5319_fu_10735_p2  |         +|   0|  0|   13|           6|           6|
    |add_ln58_5320_fu_10745_p2  |         +|   0|  0|   14|           7|           7|
    |add_ln58_5323_fu_10751_p2  |         +|   0|  0|   13|           6|           6|
    |add_ln58_5326_fu_10761_p2  |         +|   0|  0|   13|           6|           6|
    |add_ln58_5327_fu_10771_p2  |         +|   0|  0|   14|           7|           7|
    |add_ln58_5328_fu_13643_p2  |         +|   0|  0|   15|           8|           8|
    |add_ln58_5334_fu_10777_p2  |         +|   0|  0|   13|           6|           6|
    |add_ln58_5335_fu_10787_p2  |         +|   0|  0|   14|           7|           7|
    |add_ln58_5336_fu_5322_p2   |         +|   0|  0|   12|           5|           5|
    |add_ln58_5338_fu_10796_p2  |         +|   0|  0|   13|           6|           6|
    |add_ln58_5341_fu_10806_p2  |         +|   0|  0|   13|           6|           6|
    |add_ln58_5342_fu_10816_p2  |         +|   0|  0|   14|           7|           7|
    |add_ln58_5343_fu_13659_p2  |         +|   0|  0|   15|           8|           8|
    |add_ln58_5344_fu_13669_p2  |         +|   0|  0|   16|           9|           9|
    |add_ln58_5345_fu_5328_p2   |         +|   0|  0|   12|           5|           5|
    |add_ln58_5346_fu_10825_p2  |         +|   0|  0|   13|           6|           6|
    |add_ln58_5349_fu_10835_p2  |         +|   0|  0|   13|           6|           6|
    |add_ln58_5350_fu_10845_p2  |         +|   0|  0|   14|           7|           7|
    |add_ln58_5352_fu_10854_p2  |         +|   0|  0|   13|           6|           6|
    |add_ln58_5355_fu_5339_p2   |         +|   0|  0|   12|           5|           5|
    |add_ln58_5356_fu_10867_p2  |         +|   0|  0|   14|           7|           7|
    |add_ln58_5357_fu_13681_p2  |         +|   0|  0|   15|           8|           8|
    |add_ln58_5358_fu_5345_p2   |         +|   0|  0|   12|           4|           4|
    |add_ln58_5360_fu_5355_p2   |         +|   0|  0|   12|           5|           5|
    |add_ln58_5362_fu_5361_p2   |         +|   0|  0|   12|           4|           4|
    |add_ln58_5363_fu_5371_p2   |         +|   0|  0|   12|           5|           5|
    |add_ln58_5364_fu_10879_p2  |         +|   0|  0|   13|           6|           6|
    |add_ln58_5366_fu_5377_p2   |         +|   0|  0|   12|           4|           4|
    |add_ln58_5367_fu_5387_p2   |         +|   0|  0|   12|           5|           5|
    |add_ln58_5369_fu_5393_p2   |         +|   0|  0|   12|           4|           4|
    |add_ln58_5370_fu_5402_p2   |         +|   0|  0|   12|           5|           5|
    |add_ln58_5371_fu_10895_p2  |         +|   0|  0|   13|           6|           6|
    |add_ln58_5372_fu_10905_p2  |         +|   0|  0|   14|           7|           7|
    |add_ln58_5373_fu_13694_p2  |         +|   0|  0|   16|           9|           9|
    |add_ln58_5374_fu_14293_p2  |         +|   0|  0|   17|          10|          10|
    |add_ln58_5376_fu_10911_p2  |         +|   0|  0|   13|           6|           6|
    |add_ln58_5378_fu_5408_p2   |         +|   0|  0|   12|           5|           5|
    |add_ln58_5379_fu_10924_p2  |         +|   0|  0|   13|           6|           6|
    |add_ln58_5380_fu_10934_p2  |         +|   0|  0|   14|           7|           7|
    |add_ln58_5383_fu_10940_p2  |         +|   0|  0|   13|           6|           6|
    |add_ln58_5384_fu_5414_p2   |         +|   0|  0|   12|           5|           5|
    |add_ln58_5386_fu_10953_p2  |         +|   0|  0|   13|           6|           6|
    |add_ln58_5387_fu_10963_p2  |         +|   0|  0|   14|           7|           7|
    |add_ln58_5388_fu_13706_p2  |         +|   0|  0|   15|           8|           8|
    |add_ln58_5391_fu_10969_p2  |         +|   0|  0|   13|           6|           6|
    |add_ln58_5392_fu_5420_p2   |         +|   0|  0|   12|           5|           5|
    |add_ln58_5394_fu_10982_p2  |         +|   0|  0|   13|           6|           6|
    |add_ln58_5395_fu_10992_p2  |         +|   0|  0|   14|           7|           7|
    |add_ln58_5398_fu_10998_p2  |         +|   0|  0|   13|           6|           6|
    |add_ln58_5401_fu_11008_p2  |         +|   0|  0|   13|           6|           6|
    |add_ln58_5402_fu_11018_p2  |         +|   0|  0|   14|           7|           7|
    |add_ln58_5403_fu_13722_p2  |         +|   0|  0|   15|           8|           8|
    |add_ln58_5404_fu_13732_p2  |         +|   0|  0|   18|           9|           9|
    |add_ln58_5406_fu_5426_p2   |         +|   0|  0|   13|           6|           6|
    |add_ln58_5408_fu_11027_p2  |         +|   0|  0|   13|           6|           6|
    |add_ln58_5409_fu_11032_p2  |         +|   0|  0|   13|           6|           6|
    |add_ln58_5410_fu_5432_p2   |         +|   0|  0|   12|           4|           4|
    |add_ln58_5412_fu_5442_p2   |         +|   0|  0|   12|           5|           5|
    |add_ln58_5415_fu_5448_p2   |         +|   0|  0|   12|           5|           5|
    |add_ln58_5416_fu_11047_p2  |         +|   0|  0|   13|           6|           6|
    |add_ln58_5417_fu_11057_p2  |         +|   0|  0|   15|           8|           8|
    |add_ln58_5418_fu_5454_p2   |         +|   0|  0|   12|           4|           4|
    |add_ln58_5420_fu_5464_p2   |         +|   0|  0|   12|           5|           5|
    |add_ln58_5421_fu_5470_p2   |         +|   0|  0|   12|           4|           4|
    |add_ln58_5423_fu_5480_p2   |         +|   0|  0|   12|           5|           5|
    |add_ln58_5424_fu_11069_p2  |         +|   0|  0|   13|           6|           6|
    |add_ln58_5425_fu_5486_p2   |         +|   0|  0|   12|           4|           4|
    |add_ln58_5427_fu_5496_p2   |         +|   0|  0|   12|           5|           5|
    |add_ln58_5428_fu_5502_p2   |         +|   0|  0|   12|           4|           4|
    |add_ln58_5430_fu_5512_p2   |         +|   0|  0|   12|           5|           5|
    |add_ln58_5431_fu_11085_p2  |         +|   0|  0|   13|           6|           6|
    |add_ln58_5432_fu_11095_p2  |         +|   0|  0|   14|           7|           7|
    |add_ln58_5433_fu_13744_p2  |         +|   0|  0|   16|           9|           9|
    |add_ln58_5434_fu_13750_p2  |         +|   0|  0|   18|           9|           9|
    |add_ln58_5436_fu_11104_p2  |         +|   0|  0|   16|           7|           7|
    |add_ln58_5440_fu_11109_p2  |         +|   0|  0|   16|           7|           7|
    |add_ln58_5442_fu_11115_p2  |         +|   0|  0|   13|           6|           6|
    |add_ln58_5445_fu_11125_p2  |         +|   0|  0|   13|           6|           6|
    |add_ln58_5446_fu_11135_p2  |         +|   0|  0|   14|           7|           7|
    |add_ln58_5447_fu_13762_p2  |         +|   0|  0|   15|           8|           8|
    |add_ln58_5449_fu_11141_p2  |         +|   0|  0|   13|           6|           6|
    |add_ln58_5450_fu_5518_p2   |         +|   0|  0|   12|           5|           5|
    |add_ln58_5451_fu_5524_p2   |         +|   0|  0|   12|           5|           5|
    |add_ln58_5452_fu_11157_p2  |         +|   0|  0|   13|           6|           6|
    |add_ln58_5453_fu_11167_p2  |         +|   0|  0|   14|           7|           7|
    |add_ln58_5456_fu_11173_p2  |         +|   0|  0|   13|           6|           6|
    |add_ln58_5459_fu_11183_p2  |         +|   0|  0|   13|           6|           6|
    |add_ln58_5460_fu_11193_p2  |         +|   0|  0|   14|           7|           7|
    |add_ln58_5461_fu_13778_p2  |         +|   0|  0|   15|           8|           8|
    |add_ln58_5462_fu_13788_p2  |         +|   0|  0|   18|           9|           9|
    |add_ln58_5465_fu_5530_p2   |         +|   0|  0|   12|           4|           4|
    |add_ln58_5466_fu_11202_p2  |         +|   0|  0|   13|           6|           6|
    |add_ln58_5467_fu_11208_p2  |         +|   0|  0|   13|           6|           6|
    |add_ln58_5468_fu_5536_p2   |         +|   0|  0|   12|           4|           4|
    |add_ln58_5470_fu_5546_p2   |         +|   0|  0|   12|           5|           5|
    |add_ln58_5473_fu_5552_p2   |         +|   0|  0|   12|           5|           5|
    |add_ln58_5474_fu_11223_p2  |         +|   0|  0|   13|           6|           6|
    |add_ln58_5475_fu_11233_p2  |         +|   0|  0|   15|           8|           8|
    |add_ln58_5477_fu_5558_p2   |         +|   0|  0|   12|           5|           5|
    |add_ln58_5479_fu_5564_p2   |         +|   0|  0|   12|           4|           4|
    |add_ln58_5480_fu_5574_p2   |         +|   0|  0|   12|           5|           5|
    |add_ln58_5481_fu_11245_p2  |         +|   0|  0|   13|           6|           6|
    |add_ln58_5484_fu_5580_p2   |         +|   0|  0|   12|           5|           5|
    |add_ln58_5488_fu_11258_p2  |         +|   0|  0|   13|           6|           6|
    |add_ln58_5489_fu_11268_p2  |         +|   0|  0|   14|           7|           7|
    |add_ln58_5490_fu_13800_p2  |         +|   0|  0|   16|           9|           9|
    |add_ln58_5491_fu_13806_p2  |         +|   0|  0|   18|           9|           9|
    |add_ln58_5493_fu_11274_p2  |         +|   0|  0|   13|           6|           6|
    |add_ln58_5495_fu_5586_p2   |         +|   0|  0|   12|           5|           5|
    |add_ln58_5496_fu_11286_p2  |         +|   0|  0|   13|           6|           6|
    |add_ln58_5497_fu_11296_p2  |         +|   0|  0|   14|           7|           7|
    |add_ln58_5499_fu_11302_p2  |         +|   0|  0|   13|           6|           6|
    |add_ln58_5500_fu_5592_p2   |         +|   0|  0|   12|           5|           5|
    |add_ln58_5502_fu_11315_p2  |         +|   0|  0|   13|           6|           6|
    |add_ln58_5503_fu_11325_p2  |         +|   0|  0|   14|           7|           7|
    |add_ln58_5504_fu_13818_p2  |         +|   0|  0|   15|           8|           8|
    |add_ln58_5506_fu_11331_p2  |         +|   0|  0|   13|           6|           6|
    |add_ln58_5509_fu_11341_p2  |         +|   0|  0|   13|           6|           6|
    |add_ln58_5510_fu_11351_p2  |         +|   0|  0|   14|           7|           7|
    |add_ln58_5512_fu_5598_p2   |         +|   0|  0|   12|           5|           5|
    |add_ln58_5513_fu_11360_p2  |         +|   0|  0|   13|           6|           6|
    |add_ln58_5515_fu_11373_p2  |         +|   0|  0|   13|           6|           6|
    |add_ln58_5516_fu_11383_p2  |         +|   0|  0|   14|           7|           7|
    |add_ln58_5517_fu_13834_p2  |         +|   0|  0|   15|           8|           8|
    |add_ln58_5518_fu_13844_p2  |         +|   0|  0|   16|           9|           9|
    |add_ln58_5520_fu_5609_p2   |         +|   0|  0|   12|           5|           5|
    |add_ln58_5523_fu_5615_p2   |         +|   0|  0|   12|           5|           5|
    |add_ln58_5524_fu_11395_p2  |         +|   0|  0|   13|           6|           6|
    |add_ln58_5527_fu_5621_p2   |         +|   0|  0|   12|           5|           5|
    |add_ln58_5530_fu_5627_p2   |         +|   0|  0|   12|           5|           5|
    |add_ln58_5531_fu_11411_p2  |         +|   0|  0|   13|           6|           6|
    |add_ln58_5532_fu_11421_p2  |         +|   0|  0|   14|           7|           7|
    |add_ln58_5533_fu_5633_p2   |         +|   0|  0|   12|           4|           4|
    |add_ln58_5534_fu_5643_p2   |         +|   0|  0|   12|           5|           5|
    |add_ln58_5537_fu_5649_p2   |         +|   0|  0|   12|           5|           5|
    |add_ln58_5538_fu_11433_p2  |         +|   0|  0|   13|           6|           6|
    |add_ln58_5539_fu_5655_p2   |         +|   0|  0|   12|           4|           4|
    |add_ln58_5541_fu_5665_p2   |         +|   0|  0|   12|           5|           5|
    |add_ln58_5542_fu_5671_p2   |         +|   0|  0|   12|           4|           4|
    |add_ln58_5544_fu_5679_p2   |         +|   0|  0|   12|           5|           5|
    |add_ln58_5545_fu_11449_p2  |         +|   0|  0|   13|           6|           6|
    |add_ln58_5546_fu_11459_p2  |         +|   0|  0|   14|           7|           7|
    |add_ln58_5547_fu_13856_p2  |         +|   0|  0|   15|           8|           8|
    |add_ln58_5548_fu_14311_p2  |         +|   0|  0|   17|          10|          10|
    |add_ln58_5549_fu_5685_p2   |         +|   0|  0|   12|           5|           5|
    |add_ln58_5550_fu_11468_p2  |         +|   0|  0|   13|           6|           6|
    |add_ln58_5551_fu_5691_p2   |         +|   0|  0|   12|           5|           5|
    |add_ln58_5553_fu_11481_p2  |         +|   0|  0|   13|           6|           6|
    |add_ln58_5554_fu_11491_p2  |         +|   0|  0|   14|           7|           7|
    |add_ln58_5558_fu_5697_p2   |         +|   0|  0|   12|           5|           5|
    |add_ln58_5559_fu_5703_p2   |         +|   0|  0|   12|           5|           5|
    |add_ln58_5560_fu_11503_p2  |         +|   0|  0|   13|           6|           6|
    |add_ln58_5561_fu_11513_p2  |         +|   0|  0|   14|           7|           7|
    |add_ln58_5562_fu_13868_p2  |         +|   0|  0|   15|           8|           8|
    |add_ln58_5564_fu_11519_p2  |         +|   0|  0|   13|           6|           6|
    |add_ln58_5567_fu_11529_p2  |         +|   0|  0|   13|           6|           6|
    |add_ln58_5568_fu_11539_p2  |         +|   0|  0|   14|           7|           7|
    |add_ln58_5571_fu_11545_p2  |         +|   0|  0|   13|           6|           6|
    |add_ln58_5573_fu_11558_p2  |         +|   0|  0|   13|           6|           6|
    |add_ln58_5574_fu_11568_p2  |         +|   0|  0|   14|           7|           7|
    |add_ln58_5575_fu_13884_p2  |         +|   0|  0|   15|           8|           8|
    |add_ln58_5576_fu_13894_p2  |         +|   0|  0|   18|           9|           9|
    |add_ln58_5578_fu_5715_p2   |         +|   0|  0|   12|           5|           5|
    |add_ln58_5579_fu_5721_p2   |         +|   0|  0|   12|           4|           4|
    |add_ln58_5581_fu_5731_p2   |         +|   0|  0|   12|           5|           5|
    |add_ln58_5582_fu_11580_p2  |         +|   0|  0|   13|           6|           6|
    |add_ln58_5585_fu_5737_p2   |         +|   0|  0|   12|           5|           5|
    |add_ln58_5589_fu_11593_p2  |         +|   0|  0|   13|           6|           6|
    |add_ln58_5590_fu_11603_p2  |         +|   0|  0|   14|           7|           7|
    |add_ln58_5591_fu_5743_p2   |         +|   0|  0|   12|           4|           4|
    |add_ln58_5593_fu_5753_p2   |         +|   0|  0|   12|           5|           5|
    |add_ln58_5594_fu_5759_p2   |         +|   0|  0|   12|           4|           4|
    |add_ln58_5595_fu_5769_p2   |         +|   0|  0|   12|           4|           4|
    |add_ln58_5596_fu_5779_p2   |         +|   0|  0|   12|           5|           5|
    |add_ln58_5597_fu_11615_p2  |         +|   0|  0|   13|           6|           6|
    |add_ln58_5599_fu_5785_p2   |         +|   0|  0|   12|           4|           4|
    |add_ln58_5600_fu_5794_p2   |         +|   0|  0|   12|           5|           5|
    |add_ln58_5604_fu_11628_p2  |         +|   0|  0|   13|           6|           6|
    |add_ln58_5605_fu_11638_p2  |         +|   0|  0|   14|           7|           7|
    |add_ln58_5606_fu_13906_p2  |         +|   0|  0|   15|           8|           8|
    |add_ln58_5607_fu_13916_p2  |         +|   0|  0|   18|           9|           9|
    |add_ln58_5609_fu_11647_p2  |         +|   0|  0|   16|           7|           7|
    |add_ln58_5613_fu_11653_p2  |         +|   0|  0|   16|           7|           7|
    |add_ln58_5618_fu_11659_p2  |         +|   0|  0|   13|           6|           6|
    |add_ln58_5619_fu_11669_p2  |         +|   0|  0|   14|           7|           7|
    |add_ln58_5620_fu_13928_p2  |         +|   0|  0|   15|           8|           8|
    |add_ln58_5622_fu_11675_p2  |         +|   0|  0|   13|           6|           6|
    |add_ln58_5624_fu_5800_p2   |         +|   0|  0|   12|           5|           5|
    |add_ln58_5625_fu_11688_p2  |         +|   0|  0|   13|           6|           6|
    |add_ln58_5626_fu_11698_p2  |         +|   0|  0|   14|           7|           7|
    |add_ln58_5629_fu_11704_p2  |         +|   0|  0|   13|           6|           6|
    |add_ln58_5630_fu_5806_p2   |         +|   0|  0|   12|           5|           5|
    |add_ln58_5631_fu_5812_p2   |         +|   0|  0|   12|           5|           5|
    |add_ln58_5632_fu_11720_p2  |         +|   0|  0|   13|           6|           6|
    |add_ln58_5633_fu_11730_p2  |         +|   0|  0|   14|           7|           7|
    |add_ln58_5634_fu_13944_p2  |         +|   0|  0|   15|           8|           8|
    |add_ln58_5635_fu_13954_p2  |         +|   0|  0|   18|           9|           9|
    |add_ln58_5637_fu_5818_p2   |         +|   0|  0|   12|           5|           5|
    |add_ln58_5640_fu_5824_p2   |         +|   0|  0|   12|           5|           5|
    |add_ln58_5641_fu_11742_p2  |         +|   0|  0|   14|           7|           7|
    |add_ln58_5642_fu_5830_p2   |         +|   0|  0|   12|           4|           4|
    |add_ln58_5643_fu_5840_p2   |         +|   0|  0|   12|           5|           5|
    |add_ln58_5646_fu_5846_p2   |         +|   0|  0|   12|           5|           5|
    |add_ln58_5647_fu_11758_p2  |         +|   0|  0|   13|           6|           6|
    |add_ln58_5648_fu_11768_p2  |         +|   0|  0|   15|           8|           8|
    |add_ln58_5649_fu_5852_p2   |         +|   0|  0|   12|           4|           4|
    |add_ln58_5650_fu_5862_p2   |         +|   0|  0|   12|           5|           5|
    |add_ln58_5651_fu_5868_p2   |         +|   0|  0|   12|           4|           4|
    |add_ln58_5652_fu_5878_p2   |         +|   0|  0|   12|           4|           4|
    |add_ln58_5653_fu_5888_p2   |         +|   0|  0|   12|           5|           5|
    |add_ln58_5654_fu_11780_p2  |         +|   0|  0|   13|           6|           6|
    |add_ln58_5657_fu_5894_p2   |         +|   0|  0|   12|           5|           5|
    |add_ln58_5660_fu_5900_p2   |         +|   0|  0|   12|           5|           5|
    |add_ln58_5661_fu_11796_p2  |         +|   0|  0|   13|           6|           6|
    |add_ln58_5662_fu_11806_p2  |         +|   0|  0|   14|           7|           7|
    |add_ln58_5663_fu_13966_p2  |         +|   0|  0|   16|           9|           9|
    |add_ln58_5664_fu_13972_p2  |         +|   0|  0|   18|           9|           9|
    |add_ln58_5665_fu_5906_p2   |         +|   0|  0|   12|           5|           5|
    |add_ln58_5666_fu_11815_p2  |         +|   0|  0|   13|           6|           6|
    |add_ln58_5667_fu_5912_p2   |         +|   0|  0|   12|           5|           5|
    |add_ln58_5668_fu_5918_p2   |         +|   0|  0|   12|           5|           5|
    |add_ln58_5669_fu_11830_p2  |         +|   0|  0|   13|           6|           6|
    |add_ln58_5670_fu_11840_p2  |         +|   0|  0|   14|           7|           7|
    |add_ln58_5671_fu_5924_p2   |         +|   0|  0|   12|           5|           5|
    |add_ln58_5673_fu_11849_p2  |         +|   0|  0|   13|           6|           6|
    |add_ln58_5674_fu_5930_p2   |         +|   0|  0|   12|           5|           5|
    |add_ln58_5675_fu_5936_p2   |         +|   0|  0|   12|           5|           5|
    |add_ln58_5676_fu_11865_p2  |         +|   0|  0|   13|           6|           6|
    |add_ln58_5677_fu_11875_p2  |         +|   0|  0|   14|           7|           7|
    |add_ln58_5678_fu_13984_p2  |         +|   0|  0|   15|           8|           8|
    |add_ln58_5680_fu_11881_p2  |         +|   0|  0|   13|           6|           6|
    |add_ln58_5683_fu_11891_p2  |         +|   0|  0|   13|           6|           6|
    |add_ln58_5684_fu_11901_p2  |         +|   0|  0|   14|           7|           7|
    |add_ln58_5690_fu_11907_p2  |         +|   0|  0|   13|           6|           6|
    |add_ln58_5691_fu_11917_p2  |         +|   0|  0|   14|           7|           7|
    |add_ln58_5692_fu_14000_p2  |         +|   0|  0|   15|           8|           8|
    |add_ln58_5693_fu_14010_p2  |         +|   0|  0|   18|           9|           9|
    |add_ln58_5695_fu_5942_p2   |         +|   0|  0|   12|           5|           5|
    |add_ln58_5698_fu_5948_p2   |         +|   0|  0|   12|           5|           5|
    |add_ln58_5699_fu_11929_p2  |         +|   0|  0|   14|           7|           7|
    |add_ln58_5701_fu_5954_p2   |         +|   0|  0|   12|           4|           4|
    |add_ln58_5702_fu_5964_p2   |         +|   0|  0|   12|           5|           5|
    |add_ln58_5705_fu_5970_p2   |         +|   0|  0|   12|           5|           5|
    |add_ln58_5706_fu_11945_p2  |         +|   0|  0|   13|           6|           6|
    |add_ln58_5707_fu_11955_p2  |         +|   0|  0|   15|           8|           8|
    |add_ln58_5710_fu_5976_p2   |         +|   0|  0|   12|           5|           5|
    |add_ln58_5711_fu_5982_p2   |         +|   0|  0|   12|           4|           4|
    |add_ln58_5712_fu_5992_p2   |         +|   0|  0|   12|           4|           4|
    |add_ln58_5713_fu_6002_p2   |         +|   0|  0|   12|           5|           5|
    |add_ln58_5714_fu_11967_p2  |         +|   0|  0|   13|           6|           6|
    |add_ln58_5717_fu_6008_p2   |         +|   0|  0|   12|           5|           5|
    |add_ln58_5719_fu_6014_p2   |         +|   0|  0|   12|           4|           4|
    |add_ln58_5720_fu_6023_p2   |         +|   0|  0|   12|           5|           5|
    |add_ln58_5721_fu_11983_p2  |         +|   0|  0|   13|           6|           6|
    |add_ln58_5722_fu_11993_p2  |         +|   0|  0|   14|           7|           7|
    |add_ln58_5723_fu_14022_p2  |         +|   0|  0|   16|           9|           9|
    |add_ln58_5724_fu_14028_p2  |         +|   0|  0|   18|           9|           9|
    |add_ln58_5726_fu_11999_p2  |         +|   0|  0|   13|           6|           6|
    |add_ln58_5727_fu_6029_p2   |         +|   0|  0|   12|           5|           5|
    |add_ln58_5729_fu_12011_p2  |         +|   0|  0|   13|           6|           6|
    |add_ln58_5730_fu_12021_p2  |         +|   0|  0|   14|           7|           7|
    |add_ln58_5732_fu_6035_p2   |         +|   0|  0|   12|           5|           5|
    |add_ln58_5733_fu_12030_p2  |         +|   0|  0|   13|           6|           6|
    |add_ln58_5735_fu_6041_p2   |         +|   0|  0|   12|           5|           5|
    |add_ln58_5736_fu_12043_p2  |         +|   0|  0|   13|           6|           6|
    |add_ln58_5737_fu_12053_p2  |         +|   0|  0|   14|           7|           7|
    |add_ln58_5738_fu_14040_p2  |         +|   0|  0|   15|           8|           8|
    |add_ln58_5740_fu_12059_p2  |         +|   0|  0|   13|           6|           6|
    |add_ln58_5743_fu_12069_p2  |         +|   0|  0|   13|           6|           6|
    |add_ln58_5744_fu_12079_p2  |         +|   0|  0|   14|           7|           7|
    |add_ln58_5746_fu_6047_p2   |         +|   0|  0|   12|           5|           5|
    |add_ln58_5747_fu_12088_p2  |         +|   0|  0|   13|           6|           6|
    |add_ln58_5750_fu_12098_p2  |         +|   0|  0|   13|           6|           6|
    |add_ln58_5751_fu_12108_p2  |         +|   0|  0|   14|           7|           7|
    |add_ln58_5752_fu_14056_p2  |         +|   0|  0|   15|           8|           8|
    |add_ln58_5753_fu_14066_p2  |         +|   0|  0|   18|           9|           9|
    |add_ln58_5754_fu_6062_p2   |         +|   0|  0|   12|           5|           5|
    |add_ln58_5757_fu_6068_p2   |         +|   0|  0|   12|           5|           5|
    |add_ln58_5758_fu_12120_p2  |         +|   0|  0|   14|           7|           7|
    |add_ln58_5761_fu_6074_p2   |         +|   0|  0|   12|           5|           5|
    |add_ln58_5764_fu_6080_p2   |         +|   0|  0|   12|           5|           5|
    |add_ln58_5765_fu_12136_p2  |         +|   0|  0|   13|           6|           6|
    |add_ln58_5766_fu_12146_p2  |         +|   0|  0|   15|           8|           8|
    |add_ln58_5767_fu_6086_p2   |         +|   0|  0|   12|           4|           4|
    |add_ln58_5769_fu_6096_p2   |         +|   0|  0|   12|           5|           5|
    |add_ln58_5771_fu_6102_p2   |         +|   0|  0|   12|           4|           4|
    |add_ln58_5772_fu_6112_p2   |         +|   0|  0|   12|           5|           5|
    |add_ln58_5773_fu_12158_p2  |         +|   0|  0|   13|           6|           6|
    |add_ln58_5775_fu_6118_p2   |         +|   0|  0|   12|           4|           4|
    |add_ln58_5776_fu_6128_p2   |         +|   0|  0|   12|           5|           5|
    |add_ln58_5779_fu_6134_p2   |         +|   0|  0|   12|           5|           5|
    |add_ln58_5780_fu_12174_p2  |         +|   0|  0|   13|           6|           6|
    |add_ln58_5781_fu_12184_p2  |         +|   0|  0|   14|           7|           7|
    |add_ln58_5782_fu_14078_p2  |         +|   0|  0|   16|           9|           9|
    |add_ln58_5783_fu_14084_p2  |         +|   0|  0|   18|           9|           9|
    |add_ln58_5784_fu_6140_p2   |         +|   0|  0|   12|           5|           5|
    |add_ln58_5785_fu_12193_p2  |         +|   0|  0|   13|           6|           6|
    |add_ln58_5788_fu_12202_p2  |         +|   0|  0|   13|           6|           6|
    |add_ln58_5789_fu_12212_p2  |         +|   0|  0|   14|           7|           7|
    |add_ln58_5792_fu_12218_p2  |         +|   0|  0|   13|           6|           6|
    |add_ln58_5795_fu_12228_p2  |         +|   0|  0|   13|           6|           6|
    |add_ln58_5796_fu_12238_p2  |         +|   0|  0|   14|           7|           7|
    |add_ln58_5797_fu_14096_p2  |         +|   0|  0|   15|           8|           8|
    |add_ln58_5799_fu_12244_p2  |         +|   0|  0|   13|           6|           6|
    |add_ln58_5802_fu_12254_p2  |         +|   0|  0|   13|           6|           6|
    |add_ln58_5803_fu_12264_p2  |         +|   0|  0|   14|           7|           7|
    |add_ln58_5805_fu_6146_p2   |         +|   0|  0|   12|           5|           5|
    |add_ln58_5806_fu_12273_p2  |         +|   0|  0|   13|           6|           6|
    |add_ln58_5809_fu_12283_p2  |         +|   0|  0|   13|           6|           6|
    |add_ln58_5810_fu_12293_p2  |         +|   0|  0|   14|           7|           7|
    |add_ln58_5811_fu_14112_p2  |         +|   0|  0|   15|           8|           8|
    |add_ln58_5812_fu_14122_p2  |         +|   0|  0|   18|           9|           9|
    |add_ln58_5817_fu_6152_p2   |         +|   0|  0|   12|           5|           5|
    |add_ln58_5818_fu_12302_p2  |         +|   0|  0|   13|           6|           6|
    |add_ln58_5821_fu_6158_p2   |         +|   0|  0|   12|           5|           5|
    |add_ln58_5823_fu_6164_p2   |         +|   0|  0|   12|           4|           4|
    |add_ln58_5824_fu_6174_p2   |         +|   0|  0|   12|           5|           5|
    |add_ln58_5825_fu_12317_p2  |         +|   0|  0|   13|           6|           6|
    |add_ln58_5826_fu_12327_p2  |         +|   0|  0|   15|           8|           8|
    |add_ln58_5827_fu_6180_p2   |         +|   0|  0|   12|           4|           4|
    |add_ln58_5828_fu_6190_p2   |         +|   0|  0|   12|           5|           5|
    |add_ln58_5832_fu_12336_p2  |         +|   0|  0|   13|           6|           6|
    |add_ln58_5835_fu_6196_p2   |         +|   0|  0|   12|           5|           5|
    |add_ln58_5838_fu_6202_p2   |         +|   0|  0|   12|           5|           5|
    |add_ln58_5839_fu_12352_p2  |         +|   0|  0|   13|           6|           6|
    |add_ln58_5840_fu_12362_p2  |         +|   0|  0|   14|           7|           7|
    |add_ln58_5841_fu_14134_p2  |         +|   0|  0|   16|           9|           9|
    |add_ln58_5842_fu_14140_p2  |         +|   0|  0|   18|           9|           9|
    |add_ln58_fu_616_p2         |         +|   0|  0|   12|           4|           4|
    |sub_ln58_50_fu_606_p2      |         -|   0|  0|   12|           4|           4|
    |sub_ln58_51_fu_632_p2      |         -|   0|  0|   12|           4|           4|
    |sub_ln58_52_fu_662_p2      |         -|   0|  0|   12|           5|           5|
    |sub_ln58_53_fu_1278_p2     |         -|   0|  0|   12|           4|           4|
    |sub_ln58_55_fu_1368_p2     |         -|   0|  0|   12|           4|           4|
    |sub_ln58_56_fu_1387_p2     |         -|   0|  0|   12|           4|           4|
    |sub_ln58_57_fu_1403_p2     |         -|   0|  0|   12|           4|           4|
    |sub_ln58_58_fu_3014_p2     |         -|   0|  0|   12|           4|           4|
    |sub_ln58_59_fu_3741_p2     |         -|   0|  0|   12|           4|           4|
    |sub_ln58_60_fu_4012_p2     |         -|   0|  0|   12|           4|           4|
    |sub_ln58_61_fu_4357_p2     |         -|   0|  0|   12|           4|           4|
    |sub_ln58_62_fu_4477_p2     |         -|   0|  0|   12|           4|           4|
    |sub_ln58_63_fu_4615_p2     |         -|   0|  0|   12|           4|           4|
    |sub_ln58_64_fu_5153_p2     |         -|   0|  0|   12|           4|           4|
    |sub_ln58_65_fu_5334_p2     |         -|   0|  0|   12|           4|           4|
    |sub_ln58_68_fu_5604_p2     |         -|   0|  0|   12|           4|           4|
    |sub_ln58_69_fu_5709_p2     |         -|   0|  0|   12|           4|           4|
    |sub_ln58_70_fu_6053_p2     |         -|   0|  0|   12|           4|           4|
    |sub_ln58_fu_626_p2         |         -|   0|  0|   12|           1|           5|
    |sub_ln73_147_fu_556_p2     |         -|   0|  0|   12|           1|           4|
    |sub_ln73_148_fu_708_p2     |         -|   0|  0|   12|           1|           4|
    |sub_ln73_149_fu_716_p2     |         -|   0|  0|   12|           1|           4|
    |sub_ln73_150_fu_725_p2     |         -|   0|  0|   12|           1|           4|
    |sub_ln73_151_fu_734_p2     |         -|   0|  0|   12|           1|           4|
    |sub_ln73_152_fu_743_p2     |         -|   0|  0|   12|           1|           4|
    |sub_ln73_153_fu_752_p2     |         -|   0|  0|   12|           1|           4|
    |sub_ln73_154_fu_761_p2     |         -|   0|  0|   12|           1|           4|
    |sub_ln73_155_fu_770_p2     |         -|   0|  0|   12|           1|           4|
    |sub_ln73_156_fu_779_p2     |         -|   0|  0|   12|           1|           4|
    |sub_ln73_157_fu_788_p2     |         -|   0|  0|   12|           1|           4|
    |sub_ln73_158_fu_797_p2     |         -|   0|  0|   12|           1|           4|
    |sub_ln73_159_fu_806_p2     |         -|   0|  0|   12|           1|           4|
    |sub_ln73_160_fu_815_p2     |         -|   0|  0|   12|           1|           4|
    |sub_ln73_161_fu_824_p2     |         -|   0|  0|   12|           1|           4|
    |sub_ln73_162_fu_833_p2     |         -|   0|  0|   12|           1|           4|
    |sub_ln73_163_fu_842_p2     |         -|   0|  0|   12|           1|           4|
    |sub_ln73_164_fu_851_p2     |         -|   0|  0|   12|           1|           4|
    |sub_ln73_165_fu_860_p2     |         -|   0|  0|   12|           1|           4|
    |sub_ln73_166_fu_869_p2     |         -|   0|  0|   12|           1|           4|
    |sub_ln73_167_fu_878_p2     |         -|   0|  0|   12|           1|           4|
    |sub_ln73_168_fu_887_p2     |         -|   0|  0|   12|           1|           4|
    |sub_ln73_169_fu_896_p2     |         -|   0|  0|   12|           1|           4|
    |sub_ln73_170_fu_905_p2     |         -|   0|  0|   12|           1|           4|
    |sub_ln73_171_fu_914_p2     |         -|   0|  0|   12|           1|           4|
    |sub_ln73_172_fu_923_p2     |         -|   0|  0|   12|           1|           4|
    |sub_ln73_173_fu_932_p2     |         -|   0|  0|   12|           1|           4|
    |sub_ln73_174_fu_941_p2     |         -|   0|  0|   12|           1|           4|
    |sub_ln73_175_fu_950_p2     |         -|   0|  0|   12|           1|           4|
    |sub_ln73_176_fu_959_p2     |         -|   0|  0|   12|           1|           4|
    |sub_ln73_177_fu_968_p2     |         -|   0|  0|   12|           1|           4|
    |sub_ln73_178_fu_977_p2     |         -|   0|  0|   12|           1|           4|
    |sub_ln73_179_fu_986_p2     |         -|   0|  0|   12|           1|           4|
    |sub_ln73_180_fu_995_p2     |         -|   0|  0|   12|           1|           4|
    |sub_ln73_181_fu_1004_p2    |         -|   0|  0|   12|           1|           4|
    |sub_ln73_182_fu_1013_p2    |         -|   0|  0|   12|           1|           4|
    |sub_ln73_183_fu_1022_p2    |         -|   0|  0|   12|           1|           4|
    |sub_ln73_184_fu_1031_p2    |         -|   0|  0|   12|           1|           4|
    |sub_ln73_185_fu_1040_p2    |         -|   0|  0|   12|           1|           4|
    |sub_ln73_186_fu_1049_p2    |         -|   0|  0|   12|           1|           4|
    |sub_ln73_187_fu_1058_p2    |         -|   0|  0|   12|           1|           4|
    |sub_ln73_188_fu_1067_p2    |         -|   0|  0|   12|           1|           4|
    |sub_ln73_189_fu_1076_p2    |         -|   0|  0|   12|           1|           4|
    |sub_ln73_190_fu_1085_p2    |         -|   0|  0|   12|           1|           4|
    |sub_ln73_191_fu_1094_p2    |         -|   0|  0|   12|           1|           4|
    |sub_ln73_192_fu_1103_p2    |         -|   0|  0|   12|           1|           4|
    |sub_ln73_193_fu_1112_p2    |         -|   0|  0|   12|           1|           4|
    |sub_ln73_194_fu_1121_p2    |         -|   0|  0|   12|           1|           4|
    |sub_ln73_195_fu_1130_p2    |         -|   0|  0|   12|           1|           4|
    |sub_ln73_196_fu_1139_p2    |         -|   0|  0|   12|           1|           4|
    |sub_ln73_197_fu_1148_p2    |         -|   0|  0|   12|           1|           4|
    |sub_ln73_198_fu_1157_p2    |         -|   0|  0|   12|           1|           4|
    |sub_ln73_199_fu_1166_p2    |         -|   0|  0|   12|           1|           4|
    |sub_ln73_200_fu_1175_p2    |         -|   0|  0|   12|           1|           4|
    |sub_ln73_201_fu_1184_p2    |         -|   0|  0|   12|           1|           4|
    |sub_ln73_202_fu_570_p2     |         -|   0|  0|   12|           1|           4|
    |sub_ln73_203_fu_1193_p2    |         -|   0|  0|   12|           1|           4|
    |sub_ln73_204_fu_580_p2     |         -|   0|  0|   12|           1|           4|
    |sub_ln73_205_fu_590_p2     |         -|   0|  0|   12|           1|           4|
    |sub_ln73_206_fu_600_p2     |         -|   0|  0|   12|           1|           4|
    |sub_ln73_207_fu_1202_p2    |         -|   0|  0|   12|           1|           4|
    |sub_ln73_fu_546_p2         |         -|   0|  0|   12|           1|           4|
    +---------------------------+----------+----+---+-----+------------+------------+
    |Total                      |          |   0|  0|18929|        8163|        8353|
    +---------------------------+----------+----+---+-----+------------+------------+

    * Multiplexer: 
    N/A

    * Register: 
    +-------------------------------------------+----+----+-----+-----------+
    |                    Name                   | FF | LUT| Bits| Const Bits|
    +-------------------------------------------+----+----+-----+-----------+
    |add_ln58_3946_reg_14921                    |   5|   0|    5|          0|
    |add_ln58_3946_reg_14921_pp0_iter1_reg      |   5|   0|    5|          0|
    |add_ln58_3947_reg_14926                    |   5|   0|    5|          0|
    |add_ln58_3948_reg_14937                    |   5|   0|    5|          0|
    |add_ln58_3949_reg_14942                    |   5|   0|    5|          0|
    |add_ln58_3950_reg_14948                    |   5|   0|    5|          0|
    |add_ln58_3950_reg_14948_pp0_iter1_reg      |   5|   0|    5|          0|
    |add_ln58_3952_reg_14962                    |   5|   0|    5|          0|
    |add_ln58_3954_reg_15142                    |   6|   0|    6|          0|
    |add_ln58_3955_reg_15147                    |   5|   0|    5|          0|
    |add_ln58_3958_reg_15162                    |   6|   0|    6|          0|
    |add_ln58_3959_reg_15168                    |   7|   0|    7|          0|
    |add_ln58_3960_reg_15174                    |   6|   0|    6|          0|
    |add_ln58_3961_reg_14967                    |   5|   0|    5|          0|
    |add_ln58_3962_reg_14972                    |   4|   0|    4|          0|
    |add_ln58_3963_reg_15180                    |   6|   0|    6|          0|
    |add_ln58_3964_reg_15185                    |   6|   0|    6|          0|
    |add_ln58_3966_reg_15196                    |   7|   0|    7|          0|
    |add_ln58_3968_reg_15202                    |   6|   0|    6|          0|
    |add_ln58_3971_reg_15213                    |   6|   0|    6|          0|
    |add_ln58_3972_reg_15218                    |   5|   0|    5|          0|
    |add_ln58_3974_reg_15223                    |   6|   0|    6|          0|
    |add_ln58_3976_reg_15228                    |   5|   0|    5|          0|
    |add_ln58_3978_reg_15238                    |   5|   0|    5|          0|
    |add_ln58_3980_reg_15243                    |   5|   0|    5|          0|
    |add_ln58_3981_reg_15248                    |   5|   0|    5|          0|
    |add_ln58_3983_reg_17374                    |   7|   0|    7|          0|
    |add_ln58_3984_reg_15253                    |   5|   0|    5|          0|
    |add_ln58_3985_reg_15258                    |   5|   0|    5|          0|
    |add_ln58_3987_reg_15263                    |   5|   0|    5|          0|
    |add_ln58_3988_reg_15268                    |   5|   0|    5|          0|
    |add_ln58_3990_reg_17379                    |   7|   0|    7|          0|
    |add_ln58_3992_reg_15273                    |   5|   0|    5|          0|
    |add_ln58_3994_reg_15278                    |   5|   0|    5|          0|
    |add_ln58_3995_reg_15283                    |   5|   0|    5|          0|
    |add_ln58_3997_reg_17384                    |   7|   0|    7|          0|
    |add_ln58_3998_reg_15288                    |   5|   0|    5|          0|
    |add_ln58_4002_reg_15304                    |   4|   0|    4|          0|
    |add_ln58_4003_reg_15309                    |   5|   0|    5|          0|
    |add_ln58_4004_reg_17389                    |   6|   0|    6|          0|
    |add_ln58_4008_reg_15314                    |   5|   0|    5|          0|
    |add_ln58_4011_reg_15319                    |   5|   0|    5|          0|
    |add_ln58_4015_reg_15324                    |   5|   0|    5|          0|
    |add_ln58_4018_reg_15329                    |   5|   0|    5|          0|
    |add_ln58_4020_reg_17394                    |   7|   0|    7|          0|
    |add_ln58_4022_reg_15334                    |   5|   0|    5|          0|
    |add_ln58_4025_reg_15339                    |   5|   0|    5|          0|
    |add_ln58_4029_reg_15344                    |   5|   0|    5|          0|
    |add_ln58_4032_reg_15349                    |   5|   0|    5|          0|
    |add_ln58_4034_reg_17399                    |   7|   0|    7|          0|
    |add_ln58_4036_reg_18344                    |   9|   0|    9|          0|
    |add_ln58_4037_reg_15354                    |   5|   0|    5|          0|
    |add_ln58_4038_reg_17404                    |   7|   0|    7|          0|
    |add_ln58_4039_reg_15360                    |   5|   0|    5|          0|
    |add_ln58_4040_reg_15366                    |   5|   0|    5|          0|
    |add_ln58_4041_reg_17409                    |   6|   0|    6|          0|
    |add_ln58_4043_reg_15371                    |   5|   0|    5|          0|
    |add_ln58_4046_reg_15376                    |   5|   0|    5|          0|
    |add_ln58_4048_reg_17414                    |   7|   0|    7|          0|
    |add_ln58_4050_reg_15381                    |   5|   0|    5|          0|
    |add_ln58_4052_reg_15386                    |   5|   0|    5|          0|
    |add_ln58_4053_reg_15391                    |   5|   0|    5|          0|
    |add_ln58_4055_reg_17419                    |   7|   0|    7|          0|
    |add_ln58_4058_reg_15396                    |   5|   0|    5|          0|
    |add_ln58_4059_reg_15401                    |   5|   0|    5|          0|
    |add_ln58_4061_reg_17424                    |   7|   0|    7|          0|
    |add_ln58_4063_reg_18349                    |   9|   0|    9|          0|
    |add_ln58_4064_reg_15406                    |   5|   0|    5|          0|
    |add_ln58_4068_reg_15411                    |   5|   0|    5|          0|
    |add_ln58_4071_reg_15416                    |   5|   0|    5|          0|
    |add_ln58_4074_reg_15421                    |   5|   0|    5|          0|
    |add_ln58_4076_reg_17429                    |   7|   0|    7|          0|
    |add_ln58_4078_reg_15426                    |   5|   0|    5|          0|
    |add_ln58_4081_reg_15431                    |   5|   0|    5|          0|
    |add_ln58_4085_reg_15436                    |   5|   0|    5|          0|
    |add_ln58_4088_reg_15441                    |   5|   0|    5|          0|
    |add_ln58_4090_reg_17434                    |   7|   0|    7|          0|
    |add_ln58_4091_reg_18354                    |   9|   0|    9|          0|
    |add_ln58_4093_reg_15446                    |   5|   0|    5|          0|
    |add_ln58_4095_reg_15451                    |   5|   0|    5|          0|
    |add_ln58_4096_reg_15456                    |   5|   0|    5|          0|
    |add_ln58_4098_reg_17439                    |   7|   0|    7|          0|
    |add_ln58_4099_reg_15461                    |   5|   0|    5|          0|
    |add_ln58_4100_reg_15466                    |   5|   0|    5|          0|
    |add_ln58_4102_reg_15471                    |   5|   0|    5|          0|
    |add_ln58_4103_reg_15476                    |   5|   0|    5|          0|
    |add_ln58_4105_reg_17444                    |   7|   0|    7|          0|
    |add_ln58_4107_reg_15481                    |   5|   0|    5|          0|
    |add_ln58_4109_reg_15486                    |   5|   0|    5|          0|
    |add_ln58_4110_reg_15491                    |   5|   0|    5|          0|
    |add_ln58_4112_reg_17449                    |   7|   0|    7|          0|
    |add_ln58_4113_reg_15496                    |   5|   0|    5|          0|
    |add_ln58_4114_reg_15501                    |   5|   0|    5|          0|
    |add_ln58_4116_reg_15506                    |   5|   0|    5|          0|
    |add_ln58_4117_reg_15512                    |   4|   0|    4|          0|
    |add_ln58_4119_reg_17454                    |   7|   0|    7|          0|
    |add_ln58_4123_reg_15517                    |   5|   0|    5|          0|
    |add_ln58_4126_reg_15522                    |   5|   0|    5|          0|
    |add_ln58_4130_reg_15527                    |   5|   0|    5|          0|
    |add_ln58_4133_reg_15532                    |   5|   0|    5|          0|
    |add_ln58_4135_reg_17459                    |   7|   0|    7|          0|
    |add_ln58_4137_reg_15537                    |   5|   0|    5|          0|
    |add_ln58_4140_reg_15542                    |   5|   0|    5|          0|
    |add_ln58_4144_reg_15547                    |   5|   0|    5|          0|
    |add_ln58_4147_reg_15552                    |   5|   0|    5|          0|
    |add_ln58_4149_reg_17464                    |   7|   0|    7|          0|
    |add_ln58_4151_reg_18359                    |   9|   0|    9|          0|
    |add_ln58_4152_reg_15557                    |   5|   0|    5|          0|
    |add_ln58_4154_reg_15562                    |   5|   0|    5|          0|
    |add_ln58_4155_reg_15568                    |   5|   0|    5|          0|
    |add_ln58_4157_reg_17469                    |   7|   0|    7|          0|
    |add_ln58_4158_reg_15573                    |   5|   0|    5|          0|
    |add_ln58_4162_reg_15578                    |   5|   0|    5|          0|
    |add_ln58_4164_reg_17474                    |   7|   0|    7|          0|
    |add_ln58_4166_reg_15583                    |   5|   0|    5|          0|
    |add_ln58_4167_reg_15588                    |   5|   0|    5|          0|
    |add_ln58_4169_reg_15593                    |   5|   0|    5|          0|
    |add_ln58_4170_reg_15598                    |   5|   0|    5|          0|
    |add_ln58_4172_reg_17479                    |   7|   0|    7|          0|
    |add_ln58_4173_reg_15603                    |   5|   0|    5|          0|
    |add_ln58_4174_reg_15608                    |   5|   0|    5|          0|
    |add_ln58_4177_reg_15613                    |   5|   0|    5|          0|
    |add_ln58_4179_reg_17484                    |   7|   0|    7|          0|
    |add_ln58_4183_reg_15618                    |   5|   0|    5|          0|
    |add_ln58_4186_reg_15623                    |   5|   0|    5|          0|
    |add_ln58_4190_reg_15628                    |   5|   0|    5|          0|
    |add_ln58_4193_reg_15633                    |   5|   0|    5|          0|
    |add_ln58_4195_reg_17489                    |   8|   0|    8|          0|
    |add_ln58_4198_reg_15638                    |   5|   0|    5|          0|
    |add_ln58_4201_reg_15643                    |   5|   0|    5|          0|
    |add_ln58_4205_reg_15648                    |   5|   0|    5|          0|
    |add_ln58_4208_reg_15653                    |   5|   0|    5|          0|
    |add_ln58_4210_reg_17494                    |   7|   0|    7|          0|
    |add_ln58_4212_reg_18364                    |   9|   0|    9|          0|
    |add_ln58_4213_reg_15658                    |   5|   0|    5|          0|
    |add_ln58_4215_reg_15663                    |   5|   0|    5|          0|
    |add_ln58_4216_reg_15669                    |   5|   0|    5|          0|
    |add_ln58_4218_reg_17499                    |   8|   0|    8|          0|
    |add_ln58_4220_reg_15675                    |   5|   0|    5|          0|
    |add_ln58_4222_reg_15680                    |   5|   0|    5|          0|
    |add_ln58_4223_reg_15685                    |   5|   0|    5|          0|
    |add_ln58_4225_reg_17504                    |   7|   0|    7|          0|
    |add_ln58_4227_reg_15690                    |   5|   0|    5|          0|
    |add_ln58_4229_reg_15695                    |   5|   0|    5|          0|
    |add_ln58_4230_reg_15700                    |   5|   0|    5|          0|
    |add_ln58_4232_reg_17509                    |   7|   0|    7|          0|
    |add_ln58_4233_reg_15705                    |   5|   0|    5|          0|
    |add_ln58_4234_reg_15710                    |   5|   0|    5|          0|
    |add_ln58_4239_reg_17514                    |   7|   0|    7|          0|
    |add_ln58_4243_reg_15715                    |   5|   0|    5|          0|
    |add_ln58_4246_reg_15720                    |   5|   0|    5|          0|
    |add_ln58_4250_reg_15725                    |   5|   0|    5|          0|
    |add_ln58_4253_reg_15730                    |   5|   0|    5|          0|
    |add_ln58_4255_reg_17519                    |   7|   0|    7|          0|
    |add_ln58_4257_reg_15735                    |   5|   0|    5|          0|
    |add_ln58_4260_reg_15740                    |   5|   0|    5|          0|
    |add_ln58_4264_reg_15745                    |   5|   0|    5|          0|
    |add_ln58_4267_reg_15750                    |   5|   0|    5|          0|
    |add_ln58_4269_reg_17524                    |   7|   0|    7|          0|
    |add_ln58_4271_reg_18369                    |   9|   0|    9|          0|
    |add_ln58_4272_reg_15755                    |   5|   0|    5|          0|
    |add_ln58_4275_reg_15760                    |   5|   0|    5|          0|
    |add_ln58_4277_reg_17529                    |   7|   0|    7|          0|
    |add_ln58_4278_reg_15765                    |   5|   0|    5|          0|
    |add_ln58_4280_reg_15770                    |   5|   0|    5|          0|
    |add_ln58_4281_reg_15775                    |   5|   0|    5|          0|
    |add_ln58_4283_reg_17534                    |   7|   0|    7|          0|
    |add_ln58_4287_reg_15780                    |   5|   0|    5|          0|
    |add_ln58_4288_reg_15785                    |   5|   0|    5|          0|
    |add_ln58_4292_reg_15795                    |   6|   0|    6|          0|
    |add_ln58_4295_reg_15800                    |   5|   0|    5|          0|
    |add_ln58_4297_reg_17539                    |   7|   0|    7|          0|
    |add_ln58_4298_reg_18374                    |   9|   0|    9|          0|
    |add_ln58_4300_reg_15805                    |   5|   0|    5|          0|
    |add_ln58_4303_reg_15810                    |   5|   0|    5|          0|
    |add_ln58_4306_reg_15815                    |   5|   0|    5|          0|
    |add_ln58_4309_reg_15820                    |   5|   0|    5|          0|
    |add_ln58_4311_reg_17544                    |   7|   0|    7|          0|
    |add_ln58_4316_reg_15825                    |   5|   0|    5|          0|
    |add_ln58_4320_reg_15830                    |   5|   0|    5|          0|
    |add_ln58_4323_reg_15835                    |   5|   0|    5|          0|
    |add_ln58_4325_reg_17549                    |   7|   0|    7|          0|
    |add_ln58_4326_reg_18379                    |   8|   0|    8|          0|
    |add_ln58_4328_reg_15840                    |   5|   0|    5|          0|
    |add_ln58_4331_reg_15845                    |   5|   0|    5|          0|
    |add_ln58_4333_reg_17554                    |   7|   0|    7|          0|
    |add_ln58_4334_reg_15850                    |   5|   0|    5|          0|
    |add_ln58_4337_reg_15855                    |   5|   0|    5|          0|
    |add_ln58_4338_reg_15860                    |   5|   0|    5|          0|
    |add_ln58_4340_reg_17559                    |   7|   0|    7|          0|
    |add_ln58_4342_reg_15865                    |   5|   0|    5|          0|
    |add_ln58_4343_reg_15870                    |   5|   0|    5|          0|
    |add_ln58_4346_reg_15875                    |   5|   0|    5|          0|
    |add_ln58_4348_reg_17564                    |   7|   0|    7|          0|
    |add_ln58_4349_reg_15880                    |   5|   0|    5|          0|
    |add_ln58_4352_reg_15885                    |   5|   0|    5|          0|
    |add_ln58_4353_reg_15890                    |   5|   0|    5|          0|
    |add_ln58_4355_reg_17569                    |   7|   0|    7|          0|
    |add_ln58_4359_reg_15895                    |   5|   0|    5|          0|
    |add_ln58_4362_reg_15900                    |   5|   0|    5|          0|
    |add_ln58_4366_reg_15905                    |   5|   0|    5|          0|
    |add_ln58_4369_reg_15910                    |   5|   0|    5|          0|
    |add_ln58_4371_reg_17574                    |   7|   0|    7|          0|
    |add_ln58_4374_reg_15915                    |   5|   0|    5|          0|
    |add_ln58_4377_reg_15920                    |   5|   0|    5|          0|
    |add_ln58_4381_reg_15925                    |   5|   0|    5|          0|
    |add_ln58_4384_reg_15930                    |   5|   0|    5|          0|
    |add_ln58_4386_reg_17579                    |   7|   0|    7|          0|
    |add_ln58_4388_reg_18384                    |   9|   0|    9|          0|
    |add_ln58_4394_reg_17584                    |   7|   0|    7|          0|
    |add_ln58_4397_reg_15935                    |   5|   0|    5|          0|
    |add_ln58_4400_reg_17589                    |   7|   0|    7|          0|
    |add_ln58_4402_reg_15940                    |   5|   0|    5|          0|
    |add_ln58_4404_reg_15945                    |   5|   0|    5|          0|
    |add_ln58_4405_reg_15950                    |   5|   0|    5|          0|
    |add_ln58_4407_reg_17594                    |   7|   0|    7|          0|
    |add_ln58_4408_reg_15955                    |   5|   0|    5|          0|
    |add_ln58_4411_reg_15960                    |   5|   0|    5|          0|
    |add_ln58_4414_reg_17599                    |   7|   0|    7|          0|
    |add_ln58_4416_reg_18389                    |   9|   0|    9|          0|
    |add_ln58_4417_reg_15965                    |   5|   0|    5|          0|
    |add_ln58_4425_reg_15970                    |   5|   0|    5|          0|
    |add_ln58_4428_reg_15975                    |   5|   0|    5|          0|
    |add_ln58_4430_reg_17604                    |   7|   0|    7|          0|
    |add_ln58_4432_reg_15980                    |   5|   0|    5|          0|
    |add_ln58_4435_reg_15985                    |   5|   0|    5|          0|
    |add_ln58_4439_reg_15990                    |   5|   0|    5|          0|
    |add_ln58_4442_reg_15995                    |   5|   0|    5|          0|
    |add_ln58_4444_reg_17609                    |   7|   0|    7|          0|
    |add_ln58_4445_reg_18394                    |   9|   0|    9|          0|
    |add_ln58_4447_reg_16000                    |   5|   0|    5|          0|
    |add_ln58_4450_reg_16005                    |   5|   0|    5|          0|
    |add_ln58_4452_reg_17614                    |   7|   0|    7|          0|
    |add_ln58_4456_reg_16010                    |   5|   0|    5|          0|
    |add_ln58_4457_reg_16015                    |   5|   0|    5|          0|
    |add_ln58_4459_reg_17619                    |   7|   0|    7|          0|
    |add_ln58_4466_reg_17624                    |   7|   0|    7|          0|
    |add_ln58_4467_reg_16020                    |   5|   0|    5|          0|
    |add_ln58_4470_reg_16025                    |   5|   0|    5|          0|
    |add_ln58_4471_reg_16030                    |   5|   0|    5|          0|
    |add_ln58_4473_reg_17629                    |   7|   0|    7|          0|
    |add_ln58_4476_reg_16035                    |   5|   0|    5|          0|
    |add_ln58_4480_reg_16040                    |   5|   0|    5|          0|
    |add_ln58_4484_reg_16045                    |   5|   0|    5|          0|
    |add_ln58_4487_reg_16050                    |   5|   0|    5|          0|
    |add_ln58_4489_reg_17634                    |   8|   0|    8|          0|
    |add_ln58_4492_reg_16055                    |   5|   0|    5|          0|
    |add_ln58_4495_reg_16060                    |   5|   0|    5|          0|
    |add_ln58_4499_reg_16065                    |   5|   0|    5|          0|
    |add_ln58_4502_reg_16070                    |   5|   0|    5|          0|
    |add_ln58_4504_reg_17639                    |   7|   0|    7|          0|
    |add_ln58_4506_reg_18399                    |   9|   0|    9|          0|
    |add_ln58_4507_reg_16075                    |   5|   0|    5|          0|
    |add_ln58_4510_reg_16081                    |   5|   0|    5|          0|
    |add_ln58_4512_reg_17644                    |   7|   0|    7|          0|
    |add_ln58_4513_reg_16086                    |   5|   0|    5|          0|
    |add_ln58_4516_reg_16091                    |   5|   0|    5|          0|
    |add_ln58_4518_reg_17649                    |   7|   0|    7|          0|
    |add_ln58_4520_reg_16096                    |   5|   0|    5|          0|
    |add_ln58_4522_reg_16101                    |   5|   0|    5|          0|
    |add_ln58_4525_reg_17654                    |   7|   0|    7|          0|
    |add_ln58_4529_reg_16106                    |   5|   0|    5|          0|
    |add_ln58_4530_reg_16111                    |   5|   0|    5|          0|
    |add_ln58_4532_reg_17659                    |   7|   0|    7|          0|
    |add_ln58_4535_reg_16116                    |   5|   0|    5|          0|
    |add_ln58_4538_reg_16121                    |   5|   0|    5|          0|
    |add_ln58_4542_reg_16126                    |   5|   0|    5|          0|
    |add_ln58_4545_reg_16131                    |   5|   0|    5|          0|
    |add_ln58_4547_reg_17664                    |   8|   0|    8|          0|
    |add_ln58_4549_reg_16136                    |   5|   0|    5|          0|
    |add_ln58_4556_reg_16141                    |   5|   0|    5|          0|
    |add_ln58_4559_reg_16146                    |   5|   0|    5|          0|
    |add_ln58_4561_reg_17669                    |   7|   0|    7|          0|
    |add_ln58_4563_reg_18404                    |   9|   0|    9|          0|
    |add_ln58_4569_reg_17674                    |   7|   0|    7|          0|
    |add_ln58_4570_reg_16151                    |   5|   0|    5|          0|
    |add_ln58_4571_reg_16156                    |   5|   0|    5|          0|
    |add_ln58_4574_reg_16161                    |   5|   0|    5|          0|
    |add_ln58_4576_reg_17679                    |   7|   0|    7|          0|
    |add_ln58_4580_reg_16166                    |   5|   0|    5|          0|
    |add_ln58_4583_reg_17684                    |   7|   0|    7|          0|
    |add_ln58_4584_reg_16171                    |   5|   0|    5|          0|
    |add_ln58_4590_reg_17689                    |   7|   0|    7|          0|
    |add_ln58_4594_reg_16176                    |   5|   0|    5|          0|
    |add_ln58_4597_reg_16181                    |   5|   0|    5|          0|
    |add_ln58_4601_reg_16186                    |   5|   0|    5|          0|
    |add_ln58_4604_reg_16191                    |   5|   0|    5|          0|
    |add_ln58_4606_reg_17694                    |   7|   0|    7|          0|
    |add_ln58_4608_reg_16196                    |   5|   0|    5|          0|
    |add_ln58_4611_reg_16201                    |   5|   0|    5|          0|
    |add_ln58_4615_reg_16206                    |   5|   0|    5|          0|
    |add_ln58_4618_reg_16211                    |   5|   0|    5|          0|
    |add_ln58_4620_reg_17699                    |   7|   0|    7|          0|
    |add_ln58_4622_reg_18409                    |   9|   0|    9|          0|
    |add_ln58_4626_reg_16216                    |   5|   0|    5|          0|
    |add_ln58_4628_reg_17704                    |   7|   0|    7|          0|
    |add_ln58_4631_reg_16221                    |   5|   0|    5|          0|
    |add_ln58_4632_reg_16226                    |   5|   0|    5|          0|
    |add_ln58_4634_reg_17709                    |   7|   0|    7|          0|
    |add_ln58_4638_reg_16231                    |   5|   0|    5|          0|
    |add_ln58_4641_reg_17714                    |   7|   0|    7|          0|
    |add_ln58_4642_reg_16236                    |   5|   0|    5|          0|
    |add_ln58_4644_reg_16241                    |   5|   0|    5|          0|
    |add_ln58_4645_reg_16246                    |   5|   0|    5|          0|
    |add_ln58_4647_reg_17719                    |   7|   0|    7|          0|
    |add_ln58_4656_reg_16256                    |   5|   0|    5|          0|
    |add_ln58_4659_reg_16261                    |   5|   0|    5|          0|
    |add_ln58_4661_reg_17724                    |   7|   0|    7|          0|
    |add_ln58_4663_reg_16266                    |   5|   0|    5|          0|
    |add_ln58_4670_reg_16271                    |   5|   0|    5|          0|
    |add_ln58_4673_reg_16276                    |   5|   0|    5|          0|
    |add_ln58_4675_reg_17729                    |   7|   0|    7|          0|
    |add_ln58_4677_reg_18414                    |   9|   0|    9|          0|
    |add_ln58_4679_reg_17734                    |   7|   0|    7|          0|
    |add_ln58_4682_reg_17739                    |   6|   0|    6|          0|
    |add_ln58_4684_reg_16281                    |   5|   0|    5|          0|
    |add_ln58_4689_reg_17744                    |   7|   0|    7|          0|
    |add_ln58_4694_reg_16286                    |   5|   0|    5|          0|
    |add_ln58_4696_reg_17749                    |   7|   0|    7|          0|
    |add_ln58_4701_reg_16291                    |   5|   0|    5|          0|
    |add_ln58_4702_reg_17754                    |   6|   0|    6|          0|
    |add_ln58_4706_reg_16296                    |   5|   0|    5|          0|
    |add_ln58_4709_reg_16301                    |   5|   0|    5|          0|
    |add_ln58_4712_reg_16306                    |   5|   0|    5|          0|
    |add_ln58_4715_reg_16311                    |   5|   0|    5|          0|
    |add_ln58_4717_reg_17759                    |   7|   0|    7|          0|
    |add_ln58_4719_reg_16316                    |   5|   0|    5|          0|
    |add_ln58_4722_reg_16321                    |   5|   0|    5|          0|
    |add_ln58_4726_reg_16326                    |   5|   0|    5|          0|
    |add_ln58_4729_reg_16331                    |   5|   0|    5|          0|
    |add_ln58_4731_reg_17764                    |   7|   0|    7|          0|
    |add_ln58_4733_reg_18419                    |   9|   0|    9|          0|
    |add_ln58_4734_reg_16336                    |   5|   0|    5|          0|
    |add_ln58_4739_reg_17769                    |   7|   0|    7|          0|
    |add_ln58_4740_reg_16341                    |   5|   0|    5|          0|
    |add_ln58_4741_reg_16346                    |   5|   0|    5|          0|
    |add_ln58_4743_reg_16351                    |   5|   0|    5|          0|
    |add_ln58_4744_reg_16356                    |   5|   0|    5|          0|
    |add_ln58_4746_reg_17774                    |   7|   0|    7|          0|
    |add_ln58_4750_reg_16361                    |   5|   0|    5|          0|
    |add_ln58_4753_reg_17779                    |   7|   0|    7|          0|
    |add_ln58_4759_reg_16366                    |   5|   0|    5|          0|
    |add_ln58_4760_reg_17784                    |   7|   0|    7|          0|
    |add_ln58_4764_reg_16371                    |   5|   0|    5|          0|
    |add_ln58_4767_reg_16376                    |   5|   0|    5|          0|
    |add_ln58_4771_reg_16381                    |   5|   0|    5|          0|
    |add_ln58_4776_reg_17789                    |   7|   0|    7|          0|
    |add_ln58_4778_reg_16386                    |   5|   0|    5|          0|
    |add_ln58_4781_reg_16391                    |   5|   0|    5|          0|
    |add_ln58_4785_reg_16396                    |   5|   0|    5|          0|
    |add_ln58_4788_reg_16401                    |   5|   0|    5|          0|
    |add_ln58_4790_reg_17794                    |   7|   0|    7|          0|
    |add_ln58_4792_reg_18424                    |   9|   0|    9|          0|
    |add_ln58_4795_reg_16406                    |   5|   0|    5|          0|
    |add_ln58_4798_reg_17799                    |   7|   0|    7|          0|
    |add_ln58_4799_reg_16411                    |   5|   0|    5|          0|
    |add_ln58_4805_reg_17804                    |   7|   0|    7|          0|
    |add_ln58_4810_reg_16416                    |   5|   0|    5|          0|
    |add_ln58_4812_reg_17809                    |   7|   0|    7|          0|
    |add_ln58_4813_reg_16421                    |   5|   0|    5|          0|
    |add_ln58_4819_reg_17814                    |   7|   0|    7|          0|
    |add_ln58_4825_reg_16426                    |   6|   0|    6|          0|
    |add_ln58_4829_reg_16431                    |   5|   0|    5|          0|
    |add_ln58_4832_reg_16436                    |   5|   0|    5|          0|
    |add_ln58_4834_reg_17819                    |   8|   0|    8|          0|
    |add_ln58_4836_reg_16441                    |   5|   0|    5|          0|
    |add_ln58_4843_reg_16446                    |   5|   0|    5|          0|
    |add_ln58_4848_reg_17824                    |   7|   0|    7|          0|
    |add_ln58_4850_reg_18429                    |   9|   0|    9|          0|
    |add_ln58_4853_reg_16451                    |   5|   0|    5|          0|
    |add_ln58_4856_reg_17829                    |   7|   0|    7|          0|
    |add_ln58_4860_reg_16456                    |   5|   0|    5|          0|
    |add_ln58_4862_reg_17834                    |   7|   0|    7|          0|
    |add_ln58_4864_reg_16461                    |   5|   0|    5|          0|
    |add_ln58_4867_reg_16466                    |   5|   0|    5|          0|
    |add_ln58_4869_reg_17839                    |   7|   0|    7|          0|
    |add_ln58_4873_reg_16471                    |   5|   0|    5|          0|
    |add_ln58_4876_reg_17844                    |   7|   0|    7|          0|
    |add_ln58_4880_reg_16476                    |   6|   0|    6|          0|
    |add_ln58_4885_reg_16487                    |   5|   0|    5|          0|
    |add_ln58_4888_reg_16492                    |   5|   0|    5|          0|
    |add_ln58_4890_reg_17849                    |   8|   0|    8|          0|
    |add_ln58_4892_reg_16497                    |   5|   0|    5|          0|
    |add_ln58_4895_reg_16502                    |   5|   0|    5|          0|
    |add_ln58_4899_reg_16507                    |   5|   0|    5|          0|
    |add_ln58_4902_reg_16512                    |   5|   0|    5|          0|
    |add_ln58_4904_reg_17854                    |   7|   0|    7|          0|
    |add_ln58_4906_reg_18434                    |   9|   0|    9|          0|
    |add_ln58_4912_reg_17859                    |   7|   0|    7|          0|
    |add_ln58_4913_reg_16517                    |   5|   0|    5|          0|
    |add_ln58_4914_reg_16522                    |   5|   0|    5|          0|
    |add_ln58_4916_reg_16527                    |   5|   0|    5|          0|
    |add_ln58_4917_reg_16532                    |   5|   0|    5|          0|
    |add_ln58_4919_reg_17864                    |   7|   0|    7|          0|
    |add_ln58_4921_reg_16537                    |   5|   0|    5|          0|
    |add_ln58_4923_reg_16542                    |   5|   0|    5|          0|
    |add_ln58_4926_reg_17869                    |   7|   0|    7|          0|
    |add_ln58_4928_reg_16547                    |   6|   0|    6|          0|
    |add_ln58_4931_reg_16552                    |   5|   0|    5|          0|
    |add_ln58_4932_reg_17874                    |   7|   0|    7|          0|
    |add_ln58_4934_reg_18439                    |   9|   0|    9|          0|
    |add_ln58_4936_reg_16557                    |   5|   0|    5|          0|
    |add_ln58_4939_reg_16562                    |   5|   0|    5|          0|
    |add_ln58_4943_reg_16567                    |   5|   0|    5|          0|
    |add_ln58_4946_reg_16572                    |   5|   0|    5|          0|
    |add_ln58_4948_reg_17879                    |   7|   0|    7|          0|
    |add_ln58_4950_reg_16577                    |   5|   0|    5|          0|
    |add_ln58_4953_reg_16582                    |   5|   0|    5|          0|
    |add_ln58_4957_reg_16587                    |   5|   0|    5|          0|
    |add_ln58_4960_reg_16592                    |   5|   0|    5|          0|
    |add_ln58_4962_reg_17884                    |   7|   0|    7|          0|
    |add_ln58_4963_reg_18444                    |   8|   0|    8|          0|
    |add_ln58_4965_reg_16597                    |   5|   0|    5|          0|
    |add_ln58_4970_reg_17889                    |   8|   0|    8|          0|
    |add_ln58_4971_reg_16602                    |   5|   0|    5|          0|
    |add_ln58_4977_reg_17894                    |   7|   0|    7|          0|
    |add_ln58_4984_reg_17899                    |   7|   0|    7|          0|
    |add_ln58_4988_reg_16607                    |   5|   0|    5|          0|
    |add_ln58_4989_reg_16612                    |   5|   0|    5|          0|
    |add_ln58_4991_reg_17904                    |   7|   0|    7|          0|
    |add_ln58_4993_reg_18449                    |   9|   0|    9|          0|
    |add_ln58_4994_reg_16617                    |   5|   0|    5|          0|
    |add_ln58_5002_reg_16622                    |   5|   0|    5|          0|
    |add_ln58_5005_reg_16627                    |   5|   0|    5|          0|
    |add_ln58_5007_reg_17909                    |   7|   0|    7|          0|
    |add_ln58_5009_reg_16632                    |   5|   0|    5|          0|
    |add_ln58_5012_reg_16637                    |   5|   0|    5|          0|
    |add_ln58_5016_reg_16642                    |   5|   0|    5|          0|
    |add_ln58_5019_reg_16647                    |   5|   0|    5|          0|
    |add_ln58_5021_reg_17914                    |   7|   0|    7|          0|
    |add_ln58_5022_reg_18454                    |   9|   0|    9|          0|
    |add_ln58_5025_reg_17919                    |   7|   0|    7|          0|
    |add_ln58_5026_reg_16652                    |   5|   0|    5|          0|
    |add_ln58_5028_reg_17924                    |   6|   0|    6|          0|
    |add_ln58_5033_reg_16657                    |   5|   0|    5|          0|
    |add_ln58_5036_reg_17929                    |   7|   0|    7|          0|
    |add_ln58_5040_reg_16662                    |   5|   0|    5|          0|
    |add_ln58_5043_reg_17934                    |   7|   0|    7|          0|
    |add_ln58_5044_reg_16667                    |   5|   0|    5|          0|
    |add_ln58_5049_reg_16672                    |   5|   0|    5|          0|
    |add_ln58_5050_reg_17939                    |   7|   0|    7|          0|
    |add_ln58_5054_reg_16677                    |   5|   0|    5|          0|
    |add_ln58_5055_reg_16682                    |   4|   0|    4|          0|
    |add_ln58_5057_reg_16687                    |   5|   0|    5|          0|
    |add_ln58_5061_reg_16692                    |   5|   0|    5|          0|
    |add_ln58_5064_reg_16697                    |   5|   0|    5|          0|
    |add_ln58_5066_reg_17944                    |   7|   0|    7|          0|
    |add_ln58_5069_reg_16702                    |   5|   0|    5|          0|
    |add_ln58_5072_reg_16707                    |   5|   0|    5|          0|
    |add_ln58_5076_reg_16712                    |   5|   0|    5|          0|
    |add_ln58_5079_reg_16717                    |   5|   0|    5|          0|
    |add_ln58_5081_reg_17949                    |   7|   0|    7|          0|
    |add_ln58_5083_reg_18459                    |   9|   0|    9|          0|
    |add_ln58_5086_reg_16722                    |   5|   0|    5|          0|
    |add_ln58_5089_reg_17954                    |   7|   0|    7|          0|
    |add_ln58_5093_reg_16727                    |   5|   0|    5|          0|
    |add_ln58_5095_reg_17959                    |   7|   0|    7|          0|
    |add_ln58_5104_reg_16732                    |   5|   0|    5|          0|
    |add_ln58_5107_reg_16737                    |   5|   0|    5|          0|
    |add_ln58_5109_reg_17964                    |   7|   0|    7|          0|
    |add_ln58_5110_reg_18464                    |   9|   0|    9|          0|
    |add_ln58_5115_reg_16742                    |   5|   0|    5|          0|
    |add_ln58_5118_reg_16747                    |   5|   0|    5|          0|
    |add_ln58_5123_reg_17969                    |   7|   0|    7|          0|
    |add_ln58_5125_reg_16752                    |   5|   0|    5|          0|
    |add_ln58_5132_reg_16757                    |   5|   0|    5|          0|
    |add_ln58_5135_reg_16762                    |   5|   0|    5|          0|
    |add_ln58_5137_reg_17974                    |   7|   0|    7|          0|
    |add_ln58_5138_reg_18469                    |   8|   0|    8|          0|
    |add_ln58_5145_reg_17979                    |   7|   0|    7|          0|
    |add_ln58_5151_reg_17984                    |   7|   0|    7|          0|
    |add_ln58_5158_reg_17989                    |   7|   0|    7|          0|
    |add_ln58_5159_reg_16767                    |   5|   0|    5|          0|
    |add_ln58_5160_reg_16772                    |   5|   0|    5|          0|
    |add_ln58_5164_reg_16777                    |   5|   0|    5|          0|
    |add_ln58_5165_reg_17994                    |   6|   0|    6|          0|
    |add_ln58_5167_reg_18474                    |   9|   0|    9|          0|
    |add_ln58_5169_reg_16782                    |   5|   0|    5|          0|
    |add_ln58_5172_reg_16787                    |   5|   0|    5|          0|
    |add_ln58_5175_reg_16792                    |   5|   0|    5|          0|
    |add_ln58_5178_reg_16797                    |   5|   0|    5|          0|
    |add_ln58_5180_reg_17999                    |   7|   0|    7|          0|
    |add_ln58_5182_reg_16802                    |   5|   0|    5|          0|
    |add_ln58_5189_reg_16807                    |   5|   0|    5|          0|
    |add_ln58_5192_reg_16812                    |   5|   0|    5|          0|
    |add_ln58_5194_reg_18004                    |   7|   0|    7|          0|
    |add_ln58_5195_reg_18479                    |   8|   0|    8|          0|
    |add_ln58_5197_reg_16817                    |   5|   0|    5|          0|
    |add_ln58_5202_reg_18009                    |   7|   0|    7|          0|
    |add_ln58_5209_reg_18014                    |   7|   0|    7|          0|
    |add_ln58_5217_reg_18019                    |   7|   0|    7|          0|
    |add_ln58_5219_reg_16822                    |   5|   0|    5|          0|
    |add_ln58_5224_reg_18024                    |   7|   0|    7|          0|
    |add_ln58_5226_reg_18484                    |   9|   0|    9|          0|
    |add_ln58_5234_reg_16832                    |   5|   0|    5|          0|
    |add_ln58_5237_reg_16837                    |   5|   0|    5|          0|
    |add_ln58_5239_reg_18029                    |   7|   0|    7|          0|
    |add_ln58_5242_reg_16842                    |   5|   0|    5|          0|
    |add_ln58_5245_reg_16847                    |   5|   0|    5|          0|
    |add_ln58_5254_reg_18034                    |   7|   0|    7|          0|
    |add_ln58_5255_reg_18489                    |   9|   0|    9|          0|
    |add_ln58_5257_reg_16852                    |   5|   0|    5|          0|
    |add_ln58_5262_reg_18039                    |   7|   0|    7|          0|
    |add_ln58_5265_reg_16857                    |   5|   0|    5|          0|
    |add_ln58_5268_reg_18044                    |   7|   0|    7|          0|
    |add_ln58_5272_reg_16862                    |   5|   0|    5|          0|
    |add_ln58_5275_reg_18049                    |   7|   0|    7|          0|
    |add_ln58_5282_reg_18054                    |   7|   0|    7|          0|
    |add_ln58_5286_reg_16867                    |   5|   0|    5|          0|
    |add_ln58_5289_reg_16872                    |   5|   0|    5|          0|
    |add_ln58_5293_reg_16877                    |   5|   0|    5|          0|
    |add_ln58_5296_reg_16882                    |   5|   0|    5|          0|
    |add_ln58_5298_reg_18059                    |   7|   0|    7|          0|
    |add_ln58_5300_reg_16887                    |   5|   0|    5|          0|
    |add_ln58_5303_reg_16892                    |   5|   0|    5|          0|
    |add_ln58_5307_reg_16897                    |   5|   0|    5|          0|
    |add_ln58_5312_reg_18064                    |   7|   0|    7|          0|
    |add_ln58_5314_reg_18494                    |   9|   0|    9|          0|
    |add_ln58_5320_reg_18069                    |   7|   0|    7|          0|
    |add_ln58_5327_reg_18074                    |   7|   0|    7|          0|
    |add_ln58_5335_reg_18079                    |   7|   0|    7|          0|
    |add_ln58_5336_reg_16902                    |   5|   0|    5|          0|
    |add_ln58_5342_reg_18084                    |   7|   0|    7|          0|
    |add_ln58_5344_reg_18499                    |   9|   0|    9|          0|
    |add_ln58_5345_reg_16907                    |   5|   0|    5|          0|
    |add_ln58_5350_reg_18089                    |   7|   0|    7|          0|
    |add_ln58_5355_reg_16917                    |   5|   0|    5|          0|
    |add_ln58_5356_reg_18094                    |   7|   0|    7|          0|
    |add_ln58_5360_reg_16922                    |   5|   0|    5|          0|
    |add_ln58_5363_reg_16927                    |   5|   0|    5|          0|
    |add_ln58_5367_reg_16932                    |   5|   0|    5|          0|
    |add_ln58_5370_reg_16937                    |   5|   0|    5|          0|
    |add_ln58_5372_reg_18099                    |   7|   0|    7|          0|
    |add_ln58_5373_reg_18504                    |   9|   0|    9|          0|
    |add_ln58_5378_reg_16942                    |   5|   0|    5|          0|
    |add_ln58_5380_reg_18104                    |   7|   0|    7|          0|
    |add_ln58_5384_reg_16947                    |   5|   0|    5|          0|
    |add_ln58_5387_reg_18109                    |   7|   0|    7|          0|
    |add_ln58_5392_reg_16952                    |   5|   0|    5|          0|
    |add_ln58_5395_reg_18114                    |   7|   0|    7|          0|
    |add_ln58_5402_reg_18119                    |   7|   0|    7|          0|
    |add_ln58_5406_reg_16957                    |   6|   0|    6|          0|
    |add_ln58_5412_reg_16963                    |   5|   0|    5|          0|
    |add_ln58_5415_reg_16968                    |   5|   0|    5|          0|
    |add_ln58_5417_reg_18124                    |   8|   0|    8|          0|
    |add_ln58_5420_reg_16973                    |   5|   0|    5|          0|
    |add_ln58_5423_reg_16978                    |   5|   0|    5|          0|
    |add_ln58_5427_reg_16983                    |   5|   0|    5|          0|
    |add_ln58_5430_reg_16988                    |   5|   0|    5|          0|
    |add_ln58_5432_reg_18129                    |   7|   0|    7|          0|
    |add_ln58_5434_reg_18509                    |   9|   0|    9|          0|
    |add_ln58_5440_reg_18134                    |   7|   0|    7|          0|
    |add_ln58_5446_reg_18139                    |   7|   0|    7|          0|
    |add_ln58_5450_reg_16993                    |   5|   0|    5|          0|
    |add_ln58_5451_reg_16998                    |   5|   0|    5|          0|
    |add_ln58_5453_reg_18144                    |   7|   0|    7|          0|
    |add_ln58_5460_reg_18149                    |   7|   0|    7|          0|
    |add_ln58_5465_reg_17003                    |   4|   0|    4|          0|
    |add_ln58_5470_reg_17008                    |   5|   0|    5|          0|
    |add_ln58_5473_reg_17013                    |   5|   0|    5|          0|
    |add_ln58_5475_reg_18154                    |   8|   0|    8|          0|
    |add_ln58_5477_reg_17018                    |   5|   0|    5|          0|
    |add_ln58_5480_reg_17023                    |   5|   0|    5|          0|
    |add_ln58_5484_reg_17028                    |   5|   0|    5|          0|
    |add_ln58_5489_reg_18159                    |   7|   0|    7|          0|
    |add_ln58_5491_reg_18514                    |   9|   0|    9|          0|
    |add_ln58_5495_reg_17033                    |   5|   0|    5|          0|
    |add_ln58_5497_reg_18164                    |   7|   0|    7|          0|
    |add_ln58_5500_reg_17038                    |   5|   0|    5|          0|
    |add_ln58_5503_reg_18169                    |   7|   0|    7|          0|
    |add_ln58_5510_reg_18174                    |   7|   0|    7|          0|
    |add_ln58_5512_reg_17043                    |   5|   0|    5|          0|
    |add_ln58_5516_reg_18179                    |   7|   0|    7|          0|
    |add_ln58_5518_reg_18519                    |   9|   0|    9|          0|
    |add_ln58_5520_reg_17053                    |   5|   0|    5|          0|
    |add_ln58_5523_reg_17058                    |   5|   0|    5|          0|
    |add_ln58_5527_reg_17063                    |   5|   0|    5|          0|
    |add_ln58_5530_reg_17068                    |   5|   0|    5|          0|
    |add_ln58_5532_reg_18184                    |   7|   0|    7|          0|
    |add_ln58_5534_reg_17073                    |   5|   0|    5|          0|
    |add_ln58_5537_reg_17078                    |   5|   0|    5|          0|
    |add_ln58_5541_reg_17083                    |   5|   0|    5|          0|
    |add_ln58_5544_reg_17088                    |   5|   0|    5|          0|
    |add_ln58_5546_reg_18189                    |   7|   0|    7|          0|
    |add_ln58_5547_reg_18524                    |   8|   0|    8|          0|
    |add_ln58_5549_reg_17093                    |   5|   0|    5|          0|
    |add_ln58_5551_reg_17098                    |   5|   0|    5|          0|
    |add_ln58_5554_reg_18194                    |   7|   0|    7|          0|
    |add_ln58_5558_reg_17104                    |   5|   0|    5|          0|
    |add_ln58_5559_reg_17109                    |   5|   0|    5|          0|
    |add_ln58_5561_reg_18199                    |   7|   0|    7|          0|
    |add_ln58_5568_reg_18204                    |   7|   0|    7|          0|
    |add_ln58_5574_reg_18209                    |   7|   0|    7|          0|
    |add_ln58_5578_reg_17119                    |   5|   0|    5|          0|
    |add_ln58_5581_reg_17124                    |   5|   0|    5|          0|
    |add_ln58_5585_reg_17129                    |   5|   0|    5|          0|
    |add_ln58_5590_reg_18214                    |   7|   0|    7|          0|
    |add_ln58_5593_reg_17134                    |   5|   0|    5|          0|
    |add_ln58_5596_reg_17139                    |   5|   0|    5|          0|
    |add_ln58_5600_reg_17144                    |   5|   0|    5|          0|
    |add_ln58_5605_reg_18219                    |   7|   0|    7|          0|
    |add_ln58_5607_reg_18529                    |   9|   0|    9|          0|
    |add_ln58_5613_reg_18224                    |   7|   0|    7|          0|
    |add_ln58_5619_reg_18229                    |   7|   0|    7|          0|
    |add_ln58_5624_reg_17149                    |   5|   0|    5|          0|
    |add_ln58_5626_reg_18234                    |   7|   0|    7|          0|
    |add_ln58_5630_reg_17154                    |   5|   0|    5|          0|
    |add_ln58_5631_reg_17159                    |   5|   0|    5|          0|
    |add_ln58_5633_reg_18239                    |   7|   0|    7|          0|
    |add_ln58_5637_reg_17164                    |   5|   0|    5|          0|
    |add_ln58_5640_reg_17169                    |   5|   0|    5|          0|
    |add_ln58_5643_reg_17174                    |   5|   0|    5|          0|
    |add_ln58_5646_reg_17179                    |   5|   0|    5|          0|
    |add_ln58_5648_reg_18244                    |   8|   0|    8|          0|
    |add_ln58_5650_reg_17184                    |   5|   0|    5|          0|
    |add_ln58_5653_reg_17189                    |   5|   0|    5|          0|
    |add_ln58_5657_reg_17194                    |   5|   0|    5|          0|
    |add_ln58_5660_reg_17199                    |   5|   0|    5|          0|
    |add_ln58_5662_reg_18249                    |   7|   0|    7|          0|
    |add_ln58_5664_reg_18534                    |   9|   0|    9|          0|
    |add_ln58_5665_reg_17204                    |   5|   0|    5|          0|
    |add_ln58_5667_reg_17209                    |   5|   0|    5|          0|
    |add_ln58_5668_reg_17214                    |   5|   0|    5|          0|
    |add_ln58_5670_reg_18254                    |   7|   0|    7|          0|
    |add_ln58_5671_reg_17219                    |   5|   0|    5|          0|
    |add_ln58_5674_reg_17224                    |   5|   0|    5|          0|
    |add_ln58_5675_reg_17229                    |   5|   0|    5|          0|
    |add_ln58_5677_reg_18259                    |   7|   0|    7|          0|
    |add_ln58_5684_reg_18264                    |   7|   0|    7|          0|
    |add_ln58_5691_reg_18269                    |   7|   0|    7|          0|
    |add_ln58_5695_reg_17234                    |   5|   0|    5|          0|
    |add_ln58_5698_reg_17239                    |   5|   0|    5|          0|
    |add_ln58_5702_reg_17244                    |   5|   0|    5|          0|
    |add_ln58_5705_reg_17249                    |   5|   0|    5|          0|
    |add_ln58_5707_reg_18274                    |   8|   0|    8|          0|
    |add_ln58_5710_reg_17254                    |   5|   0|    5|          0|
    |add_ln58_5713_reg_17259                    |   5|   0|    5|          0|
    |add_ln58_5717_reg_17264                    |   5|   0|    5|          0|
    |add_ln58_5720_reg_17269                    |   5|   0|    5|          0|
    |add_ln58_5722_reg_18279                    |   7|   0|    7|          0|
    |add_ln58_5724_reg_18539                    |   9|   0|    9|          0|
    |add_ln58_5727_reg_17274                    |   5|   0|    5|          0|
    |add_ln58_5730_reg_18284                    |   7|   0|    7|          0|
    |add_ln58_5732_reg_17279                    |   5|   0|    5|          0|
    |add_ln58_5735_reg_17284                    |   5|   0|    5|          0|
    |add_ln58_5737_reg_18289                    |   7|   0|    7|          0|
    |add_ln58_5744_reg_18294                    |   7|   0|    7|          0|
    |add_ln58_5746_reg_17289                    |   5|   0|    5|          0|
    |add_ln58_5751_reg_18299                    |   7|   0|    7|          0|
    |add_ln58_5754_reg_17294                    |   5|   0|    5|          0|
    |add_ln58_5757_reg_17299                    |   5|   0|    5|          0|
    |add_ln58_5761_reg_17304                    |   5|   0|    5|          0|
    |add_ln58_5764_reg_17309                    |   5|   0|    5|          0|
    |add_ln58_5766_reg_18304                    |   8|   0|    8|          0|
    |add_ln58_5769_reg_17314                    |   5|   0|    5|          0|
    |add_ln58_5772_reg_17319                    |   5|   0|    5|          0|
    |add_ln58_5776_reg_17324                    |   5|   0|    5|          0|
    |add_ln58_5779_reg_17329                    |   5|   0|    5|          0|
    |add_ln58_5781_reg_18309                    |   7|   0|    7|          0|
    |add_ln58_5783_reg_18544                    |   9|   0|    9|          0|
    |add_ln58_5784_reg_17334                    |   5|   0|    5|          0|
    |add_ln58_5789_reg_18314                    |   7|   0|    7|          0|
    |add_ln58_5796_reg_18319                    |   7|   0|    7|          0|
    |add_ln58_5803_reg_18324                    |   7|   0|    7|          0|
    |add_ln58_5805_reg_17339                    |   5|   0|    5|          0|
    |add_ln58_5810_reg_18329                    |   7|   0|    7|          0|
    |add_ln58_5817_reg_17344                    |   5|   0|    5|          0|
    |add_ln58_5821_reg_17349                    |   5|   0|    5|          0|
    |add_ln58_5824_reg_17354                    |   5|   0|    5|          0|
    |add_ln58_5826_reg_18334                    |   8|   0|    8|          0|
    |add_ln58_5828_reg_17359                    |   5|   0|    5|          0|
    |add_ln58_5835_reg_17364                    |   5|   0|    5|          0|
    |add_ln58_5838_reg_17369                    |   5|   0|    5|          0|
    |add_ln58_5840_reg_18339                    |   7|   0|    7|          0|
    |add_ln58_5842_reg_18549                    |   9|   0|    9|          0|
    |data_320_val_int_reg                       |   3|   0|    3|          0|
    |data_321_val_int_reg                       |   3|   0|    3|          0|
    |data_322_val_int_reg                       |   3|   0|    3|          0|
    |data_323_val_int_reg                       |   3|   0|    3|          0|
    |data_323_val_read_reg_14832                |   3|   0|    3|          0|
    |data_324_val_int_reg                       |   3|   0|    3|          0|
    |data_324_val_read_reg_14827                |   3|   0|    3|          0|
    |data_325_val_int_reg                       |   3|   0|    3|          0|
    |data_325_val_read_reg_14821                |   3|   0|    3|          0|
    |data_326_val_int_reg                       |   3|   0|    3|          0|
    |data_326_val_read_reg_14814                |   3|   0|    3|          0|
    |data_326_val_read_reg_14814_pp0_iter1_reg  |   3|   0|    3|          0|
    |data_327_val_int_reg                       |   3|   0|    3|          0|
    |data_327_val_read_reg_14808                |   3|   0|    3|          0|
    |data_328_val_int_reg                       |   3|   0|    3|          0|
    |data_328_val_read_reg_14802                |   3|   0|    3|          0|
    |data_329_val_int_reg                       |   3|   0|    3|          0|
    |data_329_val_read_reg_14797                |   3|   0|    3|          0|
    |data_330_val_int_reg                       |   3|   0|    3|          0|
    |data_330_val_read_reg_14791                |   3|   0|    3|          0|
    |data_331_val_int_reg                       |   3|   0|    3|          0|
    |data_331_val_read_reg_14785                |   3|   0|    3|          0|
    |data_332_val_int_reg                       |   3|   0|    3|          0|
    |data_332_val_read_reg_14779                |   3|   0|    3|          0|
    |data_333_val_int_reg                       |   3|   0|    3|          0|
    |data_333_val_read_reg_14774                |   3|   0|    3|          0|
    |data_334_val_int_reg                       |   3|   0|    3|          0|
    |data_334_val_read_reg_14768                |   3|   0|    3|          0|
    |data_335_val_int_reg                       |   3|   0|    3|          0|
    |data_335_val_read_reg_14762                |   3|   0|    3|          0|
    |data_336_val_int_reg                       |   3|   0|    3|          0|
    |data_336_val_read_reg_14757                |   3|   0|    3|          0|
    |data_337_val_int_reg                       |   3|   0|    3|          0|
    |data_337_val_read_reg_14751                |   3|   0|    3|          0|
    |data_338_val_int_reg                       |   3|   0|    3|          0|
    |data_338_val_read_reg_14745                |   3|   0|    3|          0|
    |data_339_val_int_reg                       |   3|   0|    3|          0|
    |data_339_val_read_reg_14739                |   3|   0|    3|          0|
    |data_340_val_int_reg                       |   3|   0|    3|          0|
    |data_340_val_read_reg_14733                |   3|   0|    3|          0|
    |data_341_val_int_reg                       |   3|   0|    3|          0|
    |data_341_val_read_reg_14727                |   3|   0|    3|          0|
    |data_342_val_int_reg                       |   3|   0|    3|          0|
    |data_342_val_read_reg_14722                |   3|   0|    3|          0|
    |data_343_val_int_reg                       |   3|   0|    3|          0|
    |data_343_val_read_reg_14717                |   3|   0|    3|          0|
    |data_344_val_int_reg                       |   3|   0|    3|          0|
    |data_344_val_read_reg_14711                |   3|   0|    3|          0|
    |data_345_val_int_reg                       |   3|   0|    3|          0|
    |data_345_val_read_reg_14706                |   3|   0|    3|          0|
    |data_346_val_int_reg                       |   3|   0|    3|          0|
    |data_346_val_read_reg_14701                |   3|   0|    3|          0|
    |data_347_val_int_reg                       |   3|   0|    3|          0|
    |data_347_val_read_reg_14695                |   3|   0|    3|          0|
    |data_348_val_int_reg                       |   3|   0|    3|          0|
    |data_348_val_read_reg_14689                |   3|   0|    3|          0|
    |data_349_val_int_reg                       |   3|   0|    3|          0|
    |data_349_val_read_reg_14683                |   3|   0|    3|          0|
    |data_350_val_int_reg                       |   3|   0|    3|          0|
    |data_350_val_read_reg_14678                |   3|   0|    3|          0|
    |data_351_val_int_reg                       |   3|   0|    3|          0|
    |data_351_val_read_reg_14672                |   3|   0|    3|          0|
    |data_352_val_int_reg                       |   3|   0|    3|          0|
    |data_352_val_read_reg_14666                |   3|   0|    3|          0|
    |data_353_val_int_reg                       |   3|   0|    3|          0|
    |data_353_val_read_reg_14660                |   3|   0|    3|          0|
    |data_354_val_int_reg                       |   3|   0|    3|          0|
    |data_354_val_read_reg_14655                |   3|   0|    3|          0|
    |data_355_val_int_reg                       |   3|   0|    3|          0|
    |data_355_val_read_reg_14649                |   3|   0|    3|          0|
    |data_356_val_int_reg                       |   3|   0|    3|          0|
    |data_356_val_read_reg_14643                |   3|   0|    3|          0|
    |data_357_val_int_reg                       |   3|   0|    3|          0|
    |data_357_val_read_reg_14637                |   3|   0|    3|          0|
    |data_358_val_int_reg                       |   3|   0|    3|          0|
    |data_358_val_read_reg_14632                |   3|   0|    3|          0|
    |data_359_val_int_reg                       |   3|   0|    3|          0|
    |data_359_val_read_reg_14627                |   3|   0|    3|          0|
    |data_360_val_int_reg                       |   3|   0|    3|          0|
    |data_360_val_read_reg_14621                |   3|   0|    3|          0|
    |data_361_val_int_reg                       |   3|   0|    3|          0|
    |data_361_val_read_reg_14615                |   3|   0|    3|          0|
    |data_362_val_int_reg                       |   3|   0|    3|          0|
    |data_362_val_read_reg_14610                |   3|   0|    3|          0|
    |data_363_val_int_reg                       |   3|   0|    3|          0|
    |data_363_val_read_reg_14605                |   3|   0|    3|          0|
    |data_364_val_int_reg                       |   3|   0|    3|          0|
    |data_364_val_read_reg_14600                |   3|   0|    3|          0|
    |data_365_val_int_reg                       |   3|   0|    3|          0|
    |data_365_val_read_reg_14595                |   3|   0|    3|          0|
    |data_366_val_int_reg                       |   3|   0|    3|          0|
    |data_366_val_read_reg_14589                |   3|   0|    3|          0|
    |data_367_val_int_reg                       |   3|   0|    3|          0|
    |data_367_val_read_reg_14584                |   3|   0|    3|          0|
    |data_368_val_int_reg                       |   3|   0|    3|          0|
    |data_368_val_read_reg_14579                |   3|   0|    3|          0|
    |data_369_val_int_reg                       |   3|   0|    3|          0|
    |data_369_val_read_reg_14574                |   3|   0|    3|          0|
    |data_370_val_int_reg                       |   3|   0|    3|          0|
    |data_370_val_read_reg_14569                |   3|   0|    3|          0|
    |data_371_val_int_reg                       |   3|   0|    3|          0|
    |data_371_val_read_reg_14564                |   3|   0|    3|          0|
    |data_372_val_int_reg                       |   3|   0|    3|          0|
    |data_372_val_read_reg_14559                |   3|   0|    3|          0|
    |data_373_val_int_reg                       |   3|   0|    3|          0|
    |data_373_val_read_reg_14554                |   3|   0|    3|          0|
    |data_374_val_int_reg                       |   3|   0|    3|          0|
    |data_374_val_read_reg_14549                |   3|   0|    3|          0|
    |data_375_val_int_reg                       |   3|   0|    3|          0|
    |data_375_val_read_reg_14544                |   3|   0|    3|          0|
    |data_376_val_int_reg                       |   3|   0|    3|          0|
    |data_376_val_read_reg_14539                |   3|   0|    3|          0|
    |data_377_val_int_reg                       |   3|   0|    3|          0|
    |data_377_val_read_reg_14534                |   3|   0|    3|          0|
    |data_378_val_int_reg                       |   3|   0|    3|          0|
    |data_379_val_int_reg                       |   3|   0|    3|          0|
    |data_379_val_read_reg_14529                |   3|   0|    3|          0|
    |data_380_val_int_reg                       |   3|   0|    3|          0|
    |data_381_val_int_reg                       |   3|   0|    3|          0|
    |data_382_val_int_reg                       |   3|   0|    3|          0|
    |data_383_val_int_reg                       |   3|   0|    3|          0|
    |data_383_val_read_reg_14524                |   3|   0|    3|          0|
    |sext_ln58_2250_reg_15132                   |   6|   0|    6|          0|
    |sext_ln58_2253_reg_14954                   |   5|   0|    5|          0|
    |sext_ln58_2256_reg_15137                   |   7|   0|    7|          0|
    |sext_ln58_2259_reg_15152                   |   6|   0|    6|          0|
    |sext_ln58_2262_reg_15157                   |   6|   0|    6|          0|
    |sext_ln58_2267_reg_15191                   |   6|   0|    6|          0|
    |sext_ln58_2360_reg_15233                   |   6|   0|    6|          0|
    |sext_ln58_2388_reg_15293                   |   6|   0|    6|          0|
    |sext_ln58_2529_reg_15790                   |   6|   0|    6|          0|
    |sub_ln58_52_reg_14932                      |   5|   0|    5|          0|
    |sub_ln58_52_reg_14932_pp0_iter1_reg        |   5|   0|    5|          0|
    |sub_ln58_55_reg_15208                      |   4|   0|    4|          0|
    |sub_ln58_60_reg_16251                      |   4|   0|    4|          0|
    |sub_ln58_62_reg_16482                      |   4|   0|    4|          0|
    |sub_ln58_64_reg_16827                      |   4|   0|    4|          0|
    |sub_ln58_65_reg_16912                      |   4|   0|    4|          0|
    |sub_ln58_68_reg_17048                      |   4|   0|    4|          0|
    |sub_ln58_69_reg_17114                      |   4|   0|    4|          0|
    |sub_ln58_reg_14916                         |   5|   0|    5|          0|
    |sub_ln73_158_reg_14977                     |   4|   0|    4|          0|
    |sub_ln73_159_reg_14982                     |   4|   0|    4|          0|
    |sub_ln73_160_reg_14987                     |   4|   0|    4|          0|
    |sub_ln73_162_reg_14992                     |   4|   0|    4|          0|
    |sub_ln73_165_reg_14997                     |   4|   0|    4|          0|
    |sub_ln73_166_reg_15002                     |   4|   0|    4|          0|
    |sub_ln73_167_reg_15007                     |   4|   0|    4|          0|
    |sub_ln73_168_reg_15012                     |   4|   0|    4|          0|
    |sub_ln73_169_reg_15017                     |   4|   0|    4|          0|
    |sub_ln73_170_reg_15022                     |   4|   0|    4|          0|
    |sub_ln73_171_reg_15027                     |   4|   0|    4|          0|
    |sub_ln73_172_reg_15032                     |   4|   0|    4|          0|
    |sub_ln73_175_reg_15037                     |   4|   0|    4|          0|
    |sub_ln73_176_reg_15042                     |   4|   0|    4|          0|
    |sub_ln73_177_reg_15047                     |   4|   0|    4|          0|
    |sub_ln73_178_reg_15052                     |   4|   0|    4|          0|
    |sub_ln73_179_reg_15057                     |   4|   0|    4|          0|
    |sub_ln73_181_reg_15062                     |   4|   0|    4|          0|
    |sub_ln73_182_reg_15067                     |   4|   0|    4|          0|
    |sub_ln73_183_reg_15072                     |   4|   0|    4|          0|
    |sub_ln73_184_reg_15077                     |   4|   0|    4|          0|
    |sub_ln73_185_reg_15082                     |   4|   0|    4|          0|
    |sub_ln73_188_reg_15087                     |   4|   0|    4|          0|
    |sub_ln73_191_reg_15092                     |   4|   0|    4|          0|
    |sub_ln73_192_reg_15097                     |   4|   0|    4|          0|
    |sub_ln73_194_reg_15102                     |   4|   0|    4|          0|
    |sub_ln73_195_reg_15107                     |   4|   0|    4|          0|
    |sub_ln73_196_reg_15112                     |   4|   0|    4|          0|
    |sub_ln73_197_reg_15117                     |   4|   0|    4|          0|
    |sub_ln73_199_reg_15122                     |   4|   0|    4|          0|
    |sub_ln73_202_reg_14865                     |   4|   0|    4|          0|
    |sub_ln73_203_reg_15127                     |   4|   0|    4|          0|
    |sub_ln73_204_reg_14880                     |   4|   0|    4|          0|
    |sub_ln73_204_reg_14880_pp0_iter1_reg       |   4|   0|    4|          0|
    |sub_ln73_205_reg_14895                     |   4|   0|    4|          0|
    |sub_ln73_206_reg_14911                     |   4|   0|    4|          0|
    |zext_ln70_160_reg_14838                    |   3|   0|    4|          1|
    |zext_ln70_161_reg_14845                    |   3|   0|    4|          1|
    |zext_ln70_215_reg_14855                    |   3|   0|    4|          1|
    |zext_ln70_217_reg_14871                    |   3|   0|    4|          1|
    |zext_ln70_218_reg_14886                    |   3|   0|    4|          1|
    |zext_ln70_219_reg_14900                    |   3|   0|    4|          1|
    +-------------------------------------------+----+----+-----+-----------+
    |Total                                      |4570|   0| 4576|          6|
    +-------------------------------------------+----+----+-----+-----------+



================================================================
== Interface
================================================================
* Summary: 
+--------------+-----+-----+------------+----------------------------------------------------------------+--------------+
|   RTL Ports  | Dir | Bits|  Protocol  |                          Source Object                         |    C Type    |
+--------------+-----+-----+------------+----------------------------------------------------------------+--------------+
|ap_clk        |   in|    1|  ap_ctrl_hs|  dense_latency<ap_ufixed,ap_fixed<10,8,4,0,0>,config70_dense>.2|  return value|
|ap_rst        |   in|    1|  ap_ctrl_hs|  dense_latency<ap_ufixed,ap_fixed<10,8,4,0,0>,config70_dense>.2|  return value|
|ap_return_0   |  out|   10|  ap_ctrl_hs|  dense_latency<ap_ufixed,ap_fixed<10,8,4,0,0>,config70_dense>.2|  return value|
|ap_return_1   |  out|   10|  ap_ctrl_hs|  dense_latency<ap_ufixed,ap_fixed<10,8,4,0,0>,config70_dense>.2|  return value|
|ap_return_2   |  out|   10|  ap_ctrl_hs|  dense_latency<ap_ufixed,ap_fixed<10,8,4,0,0>,config70_dense>.2|  return value|
|ap_return_3   |  out|   10|  ap_ctrl_hs|  dense_latency<ap_ufixed,ap_fixed<10,8,4,0,0>,config70_dense>.2|  return value|
|ap_return_4   |  out|   10|  ap_ctrl_hs|  dense_latency<ap_ufixed,ap_fixed<10,8,4,0,0>,config70_dense>.2|  return value|
|ap_return_5   |  out|   10|  ap_ctrl_hs|  dense_latency<ap_ufixed,ap_fixed<10,8,4,0,0>,config70_dense>.2|  return value|
|ap_return_6   |  out|   10|  ap_ctrl_hs|  dense_latency<ap_ufixed,ap_fixed<10,8,4,0,0>,config70_dense>.2|  return value|
|ap_return_7   |  out|   10|  ap_ctrl_hs|  dense_latency<ap_ufixed,ap_fixed<10,8,4,0,0>,config70_dense>.2|  return value|
|ap_return_8   |  out|   10|  ap_ctrl_hs|  dense_latency<ap_ufixed,ap_fixed<10,8,4,0,0>,config70_dense>.2|  return value|
|ap_return_9   |  out|   10|  ap_ctrl_hs|  dense_latency<ap_ufixed,ap_fixed<10,8,4,0,0>,config70_dense>.2|  return value|
|ap_return_10  |  out|   10|  ap_ctrl_hs|  dense_latency<ap_ufixed,ap_fixed<10,8,4,0,0>,config70_dense>.2|  return value|
|ap_return_11  |  out|   10|  ap_ctrl_hs|  dense_latency<ap_ufixed,ap_fixed<10,8,4,0,0>,config70_dense>.2|  return value|
|ap_return_12  |  out|   10|  ap_ctrl_hs|  dense_latency<ap_ufixed,ap_fixed<10,8,4,0,0>,config70_dense>.2|  return value|
|ap_return_13  |  out|   10|  ap_ctrl_hs|  dense_latency<ap_ufixed,ap_fixed<10,8,4,0,0>,config70_dense>.2|  return value|
|ap_return_14  |  out|   10|  ap_ctrl_hs|  dense_latency<ap_ufixed,ap_fixed<10,8,4,0,0>,config70_dense>.2|  return value|
|ap_return_15  |  out|   10|  ap_ctrl_hs|  dense_latency<ap_ufixed,ap_fixed<10,8,4,0,0>,config70_dense>.2|  return value|
|ap_return_16  |  out|   10|  ap_ctrl_hs|  dense_latency<ap_ufixed,ap_fixed<10,8,4,0,0>,config70_dense>.2|  return value|
|ap_return_17  |  out|   10|  ap_ctrl_hs|  dense_latency<ap_ufixed,ap_fixed<10,8,4,0,0>,config70_dense>.2|  return value|
|ap_return_18  |  out|   10|  ap_ctrl_hs|  dense_latency<ap_ufixed,ap_fixed<10,8,4,0,0>,config70_dense>.2|  return value|
|ap_return_19  |  out|   10|  ap_ctrl_hs|  dense_latency<ap_ufixed,ap_fixed<10,8,4,0,0>,config70_dense>.2|  return value|
|ap_return_20  |  out|   10|  ap_ctrl_hs|  dense_latency<ap_ufixed,ap_fixed<10,8,4,0,0>,config70_dense>.2|  return value|
|ap_return_21  |  out|   10|  ap_ctrl_hs|  dense_latency<ap_ufixed,ap_fixed<10,8,4,0,0>,config70_dense>.2|  return value|
|ap_return_22  |  out|   10|  ap_ctrl_hs|  dense_latency<ap_ufixed,ap_fixed<10,8,4,0,0>,config70_dense>.2|  return value|
|ap_return_23  |  out|   10|  ap_ctrl_hs|  dense_latency<ap_ufixed,ap_fixed<10,8,4,0,0>,config70_dense>.2|  return value|
|ap_return_24  |  out|   10|  ap_ctrl_hs|  dense_latency<ap_ufixed,ap_fixed<10,8,4,0,0>,config70_dense>.2|  return value|
|ap_return_25  |  out|   10|  ap_ctrl_hs|  dense_latency<ap_ufixed,ap_fixed<10,8,4,0,0>,config70_dense>.2|  return value|
|ap_return_26  |  out|   10|  ap_ctrl_hs|  dense_latency<ap_ufixed,ap_fixed<10,8,4,0,0>,config70_dense>.2|  return value|
|ap_return_27  |  out|   10|  ap_ctrl_hs|  dense_latency<ap_ufixed,ap_fixed<10,8,4,0,0>,config70_dense>.2|  return value|
|ap_return_28  |  out|   10|  ap_ctrl_hs|  dense_latency<ap_ufixed,ap_fixed<10,8,4,0,0>,config70_dense>.2|  return value|
|ap_return_29  |  out|   10|  ap_ctrl_hs|  dense_latency<ap_ufixed,ap_fixed<10,8,4,0,0>,config70_dense>.2|  return value|
|ap_return_30  |  out|   10|  ap_ctrl_hs|  dense_latency<ap_ufixed,ap_fixed<10,8,4,0,0>,config70_dense>.2|  return value|
|ap_return_31  |  out|   10|  ap_ctrl_hs|  dense_latency<ap_ufixed,ap_fixed<10,8,4,0,0>,config70_dense>.2|  return value|
|ap_ce         |   in|    1|  ap_ctrl_hs|  dense_latency<ap_ufixed,ap_fixed<10,8,4,0,0>,config70_dense>.2|  return value|
|data_320_val  |   in|    3|     ap_none|                                                    data_320_val|        scalar|
|data_321_val  |   in|    3|     ap_none|                                                    data_321_val|        scalar|
|data_322_val  |   in|    3|     ap_none|                                                    data_322_val|        scalar|
|data_323_val  |   in|    3|     ap_none|                                                    data_323_val|        scalar|
|data_324_val  |   in|    3|     ap_none|                                                    data_324_val|        scalar|
|data_325_val  |   in|    3|     ap_none|                                                    data_325_val|        scalar|
|data_326_val  |   in|    3|     ap_none|                                                    data_326_val|        scalar|
|data_327_val  |   in|    3|     ap_none|                                                    data_327_val|        scalar|
|data_328_val  |   in|    3|     ap_none|                                                    data_328_val|        scalar|
|data_329_val  |   in|    3|     ap_none|                                                    data_329_val|        scalar|
|data_330_val  |   in|    3|     ap_none|                                                    data_330_val|        scalar|
|data_331_val  |   in|    3|     ap_none|                                                    data_331_val|        scalar|
|data_332_val  |   in|    3|     ap_none|                                                    data_332_val|        scalar|
|data_333_val  |   in|    3|     ap_none|                                                    data_333_val|        scalar|
|data_334_val  |   in|    3|     ap_none|                                                    data_334_val|        scalar|
|data_335_val  |   in|    3|     ap_none|                                                    data_335_val|        scalar|
|data_336_val  |   in|    3|     ap_none|                                                    data_336_val|        scalar|
|data_337_val  |   in|    3|     ap_none|                                                    data_337_val|        scalar|
|data_338_val  |   in|    3|     ap_none|                                                    data_338_val|        scalar|
|data_339_val  |   in|    3|     ap_none|                                                    data_339_val|        scalar|
|data_340_val  |   in|    3|     ap_none|                                                    data_340_val|        scalar|
|data_341_val  |   in|    3|     ap_none|                                                    data_341_val|        scalar|
|data_342_val  |   in|    3|     ap_none|                                                    data_342_val|        scalar|
|data_343_val  |   in|    3|     ap_none|                                                    data_343_val|        scalar|
|data_344_val  |   in|    3|     ap_none|                                                    data_344_val|        scalar|
|data_345_val  |   in|    3|     ap_none|                                                    data_345_val|        scalar|
|data_346_val  |   in|    3|     ap_none|                                                    data_346_val|        scalar|
|data_347_val  |   in|    3|     ap_none|                                                    data_347_val|        scalar|
|data_348_val  |   in|    3|     ap_none|                                                    data_348_val|        scalar|
|data_349_val  |   in|    3|     ap_none|                                                    data_349_val|        scalar|
|data_350_val  |   in|    3|     ap_none|                                                    data_350_val|        scalar|
|data_351_val  |   in|    3|     ap_none|                                                    data_351_val|        scalar|
|data_352_val  |   in|    3|     ap_none|                                                    data_352_val|        scalar|
|data_353_val  |   in|    3|     ap_none|                                                    data_353_val|        scalar|
|data_354_val  |   in|    3|     ap_none|                                                    data_354_val|        scalar|
|data_355_val  |   in|    3|     ap_none|                                                    data_355_val|        scalar|
|data_356_val  |   in|    3|     ap_none|                                                    data_356_val|        scalar|
|data_357_val  |   in|    3|     ap_none|                                                    data_357_val|        scalar|
|data_358_val  |   in|    3|     ap_none|                                                    data_358_val|        scalar|
|data_359_val  |   in|    3|     ap_none|                                                    data_359_val|        scalar|
|data_360_val  |   in|    3|     ap_none|                                                    data_360_val|        scalar|
|data_361_val  |   in|    3|     ap_none|                                                    data_361_val|        scalar|
|data_362_val  |   in|    3|     ap_none|                                                    data_362_val|        scalar|
|data_363_val  |   in|    3|     ap_none|                                                    data_363_val|        scalar|
|data_364_val  |   in|    3|     ap_none|                                                    data_364_val|        scalar|
|data_365_val  |   in|    3|     ap_none|                                                    data_365_val|        scalar|
|data_366_val  |   in|    3|     ap_none|                                                    data_366_val|        scalar|
|data_367_val  |   in|    3|     ap_none|                                                    data_367_val|        scalar|
|data_368_val  |   in|    3|     ap_none|                                                    data_368_val|        scalar|
|data_369_val  |   in|    3|     ap_none|                                                    data_369_val|        scalar|
|data_370_val  |   in|    3|     ap_none|                                                    data_370_val|        scalar|
|data_371_val  |   in|    3|     ap_none|                                                    data_371_val|        scalar|
|data_372_val  |   in|    3|     ap_none|                                                    data_372_val|        scalar|
|data_373_val  |   in|    3|     ap_none|                                                    data_373_val|        scalar|
|data_374_val  |   in|    3|     ap_none|                                                    data_374_val|        scalar|
|data_375_val  |   in|    3|     ap_none|                                                    data_375_val|        scalar|
|data_376_val  |   in|    3|     ap_none|                                                    data_376_val|        scalar|
|data_377_val  |   in|    3|     ap_none|                                                    data_377_val|        scalar|
|data_378_val  |   in|    3|     ap_none|                                                    data_378_val|        scalar|
|data_379_val  |   in|    3|     ap_none|                                                    data_379_val|        scalar|
|data_380_val  |   in|    3|     ap_none|                                                    data_380_val|        scalar|
|data_381_val  |   in|    3|     ap_none|                                                    data_381_val|        scalar|
|data_382_val  |   in|    3|     ap_none|                                                    data_382_val|        scalar|
|data_383_val  |   in|    3|     ap_none|                                                    data_383_val|        scalar|
+--------------+-----+-----+------------+----------------------------------------------------------------+--------------+

