

================================================================
== Vitis HLS Report for 'normalize_ap_fixed_9_7_4_0_0_ap_fixed_4_2_4_0_0_config11_s'
================================================================
* Date:           Thu Aug 13 13:54:07 2026

* Version:        2023.2 (Build 4023990 on Oct 11 2023)
* Project:        myproject_prj
* Solution:       solution1 (Vivado IP Flow Target)
* Product family: virtexuplus
* Target device:  xcvu13p-flga2577-2-e


================================================================
== Performance Estimates
================================================================
+ Timing: 
    * Summary: 
    +--------+---------+----------+------------+
    |  Clock |  Target | Estimated| Uncertainty|
    +--------+---------+----------+------------+
    |ap_clk  |  2.50 ns|  1.815 ns|     0.68 ns|
    +--------+---------+----------+------------+

+ Latency: 
    * Summary: 
    +---------+---------+----------+----------+-----+-----+---------+
    |  Latency (cycles) |  Latency (absolute) |  Interval | Pipeline|
    |   min   |   max   |    min   |    max   | min | max |   Type  |
    +---------+---------+----------+----------+-----+-----+---------+
    |        2|        2|  5.000 ns|  5.000 ns|    1|    1|      yes|
    +---------+---------+----------+----------+-----+-----+---------+

    + Detail: 
        * Instance: 
        N/A

        * Loop: 
        N/A



================================================================
== Utilization Estimates
================================================================
* Summary: 
+---------------------+---------+-------+---------+---------+------+
|         Name        | BRAM_18K|  DSP  |    FF   |   LUT   | URAM |
+---------------------+---------+-------+---------+---------+------+
|DSP                  |        -|      -|        -|        -|     -|
|Expression           |        -|      -|        0|    25088|     -|
|FIFO                 |        -|      -|        -|        -|     -|
|Instance             |        -|      0|        0|    12544|     -|
|Memory               |        -|      -|        -|        -|     -|
|Multiplexer          |        -|      -|        -|     3584|     -|
|Register             |        -|      -|    11777|        -|     -|
+---------------------+---------+-------+---------+---------+------+
|Total                |        0|      0|    11777|    41216|     0|
+---------------------+---------+-------+---------+---------+------+
|Available SLR        |     1344|   3072|   864000|   432000|   320|
+---------------------+---------+-------+---------+---------+------+
|Utilization SLR (%)  |        0|      0|        1|        9|     0|
+---------------------+---------+-------+---------+---------+------+
|Available            |     5376|  12288|  3456000|  1728000|  1280|
+---------------------+---------+-------+---------+---------+------+
|Utilization (%)      |        0|      0|       ~0|        2|     0|
+---------------------+---------+-------+---------+---------+------+

+ Detail: 
    * Instance: 
    +-------------------------+-------------------+---------+----+---+-----+-----+
    |         Instance        |       Module      | BRAM_18K| DSP| FF| LUT | URAM|
    +-------------------------+-------------------+---------+----+---+-----+-----+
    |mul_9s_5ns_13_1_0_U2843  |mul_9s_5ns_13_1_0  |        0|   0|  0|   49|    0|
    |mul_9s_5ns_13_1_0_U2844  |mul_9s_5ns_13_1_0  |        0|   0|  0|   49|    0|
    |mul_9s_5ns_13_1_0_U2845  |mul_9s_5ns_13_1_0  |        0|   0|  0|   49|    0|
    |mul_9s_5ns_13_1_0_U2846  |mul_9s_5ns_13_1_0  |        0|   0|  0|   49|    0|
    |mul_9s_5ns_13_1_0_U2847  |mul_9s_5ns_13_1_0  |        0|   0|  0|   49|    0|
    |mul_9s_5ns_13_1_0_U2848  |mul_9s_5ns_13_1_0  |        0|   0|  0|   49|    0|
    |mul_9s_5ns_13_1_0_U2849  |mul_9s_5ns_13_1_0  |        0|   0|  0|   49|    0|
    |mul_9s_5ns_13_1_0_U2850  |mul_9s_5ns_13_1_0  |        0|   0|  0|   49|    0|
    |mul_9s_5ns_13_1_0_U2851  |mul_9s_5ns_13_1_0  |        0|   0|  0|   49|    0|
    |mul_9s_5ns_13_1_0_U2852  |mul_9s_5ns_13_1_0  |        0|   0|  0|   49|    0|
    |mul_9s_5ns_13_1_0_U2853  |mul_9s_5ns_13_1_0  |        0|   0|  0|   49|    0|
    |mul_9s_5ns_13_1_0_U2854  |mul_9s_5ns_13_1_0  |        0|   0|  0|   49|    0|
    |mul_9s_5ns_13_1_0_U2855  |mul_9s_5ns_13_1_0  |        0|   0|  0|   49|    0|
    |mul_9s_5ns_13_1_0_U2856  |mul_9s_5ns_13_1_0  |        0|   0|  0|   49|    0|
    |mul_9s_5ns_13_1_0_U2857  |mul_9s_5ns_13_1_0  |        0|   0|  0|   49|    0|
    |mul_9s_5ns_13_1_0_U2858  |mul_9s_5ns_13_1_0  |        0|   0|  0|   49|    0|
    |mul_9s_5ns_13_1_0_U2859  |mul_9s_5ns_13_1_0  |        0|   0|  0|   49|    0|
    |mul_9s_5ns_13_1_0_U2860  |mul_9s_5ns_13_1_0  |        0|   0|  0|   49|    0|
    |mul_9s_5ns_13_1_0_U2861  |mul_9s_5ns_13_1_0  |        0|   0|  0|   49|    0|
    |mul_9s_5ns_13_1_0_U2862  |mul_9s_5ns_13_1_0  |        0|   0|  0|   49|    0|
    |mul_9s_5ns_13_1_0_U2863  |mul_9s_5ns_13_1_0  |        0|   0|  0|   49|    0|
    |mul_9s_5ns_13_1_0_U2864  |mul_9s_5ns_13_1_0  |        0|   0|  0|   49|    0|
    |mul_9s_5ns_13_1_0_U2865  |mul_9s_5ns_13_1_0  |        0|   0|  0|   49|    0|
    |mul_9s_5ns_13_1_0_U2866  |mul_9s_5ns_13_1_0  |        0|   0|  0|   49|    0|
    |mul_9s_5ns_13_1_0_U2867  |mul_9s_5ns_13_1_0  |        0|   0|  0|   49|    0|
    |mul_9s_5ns_13_1_0_U2868  |mul_9s_5ns_13_1_0  |        0|   0|  0|   49|    0|
    |mul_9s_5ns_13_1_0_U2869  |mul_9s_5ns_13_1_0  |        0|   0|  0|   49|    0|
    |mul_9s_5ns_13_1_0_U2870  |mul_9s_5ns_13_1_0  |        0|   0|  0|   49|    0|
    |mul_9s_5ns_13_1_0_U2871  |mul_9s_5ns_13_1_0  |        0|   0|  0|   49|    0|
    |mul_9s_5ns_13_1_0_U2872  |mul_9s_5ns_13_1_0  |        0|   0|  0|   49|    0|
    |mul_9s_5ns_13_1_0_U2873  |mul_9s_5ns_13_1_0  |        0|   0|  0|   49|    0|
    |mul_9s_5ns_13_1_0_U2874  |mul_9s_5ns_13_1_0  |        0|   0|  0|   49|    0|
    |mul_9s_5ns_13_1_0_U2875  |mul_9s_5ns_13_1_0  |        0|   0|  0|   49|    0|
    |mul_9s_5ns_13_1_0_U2876  |mul_9s_5ns_13_1_0  |        0|   0|  0|   49|    0|
    |mul_9s_5ns_13_1_0_U2877  |mul_9s_5ns_13_1_0  |        0|   0|  0|   49|    0|
    |mul_9s_5ns_13_1_0_U2878  |mul_9s_5ns_13_1_0  |        0|   0|  0|   49|    0|
    |mul_9s_5ns_13_1_0_U2879  |mul_9s_5ns_13_1_0  |        0|   0|  0|   49|    0|
    |mul_9s_5ns_13_1_0_U2880  |mul_9s_5ns_13_1_0  |        0|   0|  0|   49|    0|
    |mul_9s_5ns_13_1_0_U2881  |mul_9s_5ns_13_1_0  |        0|   0|  0|   49|    0|
    |mul_9s_5ns_13_1_0_U2882  |mul_9s_5ns_13_1_0  |        0|   0|  0|   49|    0|
    |mul_9s_5ns_13_1_0_U2883  |mul_9s_5ns_13_1_0  |        0|   0|  0|   49|    0|
    |mul_9s_5ns_13_1_0_U2884  |mul_9s_5ns_13_1_0  |        0|   0|  0|   49|    0|
    |mul_9s_5ns_13_1_0_U2885  |mul_9s_5ns_13_1_0  |        0|   0|  0|   49|    0|
    |mul_9s_5ns_13_1_0_U2886  |mul_9s_5ns_13_1_0  |        0|   0|  0|   49|    0|
    |mul_9s_5ns_13_1_0_U2887  |mul_9s_5ns_13_1_0  |        0|   0|  0|   49|    0|
    |mul_9s_5ns_13_1_0_U2888  |mul_9s_5ns_13_1_0  |        0|   0|  0|   49|    0|
    |mul_9s_5ns_13_1_0_U2889  |mul_9s_5ns_13_1_0  |        0|   0|  0|   49|    0|
    |mul_9s_5ns_13_1_0_U2890  |mul_9s_5ns_13_1_0  |        0|   0|  0|   49|    0|
    |mul_9s_5ns_13_1_0_U2891  |mul_9s_5ns_13_1_0  |        0|   0|  0|   49|    0|
    |mul_9s_5ns_13_1_0_U2892  |mul_9s_5ns_13_1_0  |        0|   0|  0|   49|    0|
    |mul_9s_5ns_13_1_0_U2893  |mul_9s_5ns_13_1_0  |        0|   0|  0|   49|    0|
    |mul_9s_5ns_13_1_0_U2894  |mul_9s_5ns_13_1_0  |        0|   0|  0|   49|    0|
    |mul_9s_5ns_13_1_0_U2895  |mul_9s_5ns_13_1_0  |        0|   0|  0|   49|    0|
    |mul_9s_5ns_13_1_0_U2896  |mul_9s_5ns_13_1_0  |        0|   0|  0|   49|    0|
    |mul_9s_5ns_13_1_0_U2897  |mul_9s_5ns_13_1_0  |        0|   0|  0|   49|    0|
    |mul_9s_5ns_13_1_0_U2898  |mul_9s_5ns_13_1_0  |        0|   0|  0|   49|    0|
    |mul_9s_5ns_13_1_0_U2899  |mul_9s_5ns_13_1_0  |        0|   0|  0|   49|    0|
    |mul_9s_5ns_13_1_0_U2900  |mul_9s_5ns_13_1_0  |        0|   0|  0|   49|    0|
    |mul_9s_5ns_13_1_0_U2901  |mul_9s_5ns_13_1_0  |        0|   0|  0|   49|    0|
    |mul_9s_5ns_13_1_0_U2902  |mul_9s_5ns_13_1_0  |        0|   0|  0|   49|    0|
    |mul_9s_5ns_13_1_0_U2903  |mul_9s_5ns_13_1_0  |        0|   0|  0|   49|    0|
    |mul_9s_5ns_13_1_0_U2904  |mul_9s_5ns_13_1_0  |        0|   0|  0|   49|    0|
    |mul_9s_5ns_13_1_0_U2905  |mul_9s_5ns_13_1_0  |        0|   0|  0|   49|    0|
    |mul_9s_5ns_13_1_0_U2906  |mul_9s_5ns_13_1_0  |        0|   0|  0|   49|    0|
    |mul_9s_5ns_13_1_0_U2907  |mul_9s_5ns_13_1_0  |        0|   0|  0|   49|    0|
    |mul_9s_5ns_13_1_0_U2908  |mul_9s_5ns_13_1_0  |        0|   0|  0|   49|    0|
    |mul_9s_5ns_13_1_0_U2909  |mul_9s_5ns_13_1_0  |        0|   0|  0|   49|    0|
    |mul_9s_5ns_13_1_0_U2910  |mul_9s_5ns_13_1_0  |        0|   0|  0|   49|    0|
    |mul_9s_5ns_13_1_0_U2911  |mul_9s_5ns_13_1_0  |        0|   0|  0|   49|    0|
    |mul_9s_5ns_13_1_0_U2912  |mul_9s_5ns_13_1_0  |        0|   0|  0|   49|    0|
    |mul_9s_5ns_13_1_0_U2913  |mul_9s_5ns_13_1_0  |        0|   0|  0|   49|    0|
    |mul_9s_5ns_13_1_0_U2914  |mul_9s_5ns_13_1_0  |        0|   0|  0|   49|    0|
    |mul_9s_5ns_13_1_0_U2915  |mul_9s_5ns_13_1_0  |        0|   0|  0|   49|    0|
    |mul_9s_5ns_13_1_0_U2916  |mul_9s_5ns_13_1_0  |        0|   0|  0|   49|    0|
    |mul_9s_5ns_13_1_0_U2917  |mul_9s_5ns_13_1_0  |        0|   0|  0|   49|    0|
    |mul_9s_5ns_13_1_0_U2918  |mul_9s_5ns_13_1_0  |        0|   0|  0|   49|    0|
    |mul_9s_5ns_13_1_0_U2919  |mul_9s_5ns_13_1_0  |        0|   0|  0|   49|    0|
    |mul_9s_5ns_13_1_0_U2920  |mul_9s_5ns_13_1_0  |        0|   0|  0|   49|    0|
    |mul_9s_5ns_13_1_0_U2921  |mul_9s_5ns_13_1_0  |        0|   0|  0|   49|    0|
    |mul_9s_5ns_13_1_0_U2922  |mul_9s_5ns_13_1_0  |        0|   0|  0|   49|    0|
    |mul_9s_5ns_13_1_0_U2923  |mul_9s_5ns_13_1_0  |        0|   0|  0|   49|    0|
    |mul_9s_5ns_13_1_0_U2924  |mul_9s_5ns_13_1_0  |        0|   0|  0|   49|    0|
    |mul_9s_5ns_13_1_0_U2925  |mul_9s_5ns_13_1_0  |        0|   0|  0|   49|    0|
    |mul_9s_5ns_13_1_0_U2926  |mul_9s_5ns_13_1_0  |        0|   0|  0|   49|    0|
    |mul_9s_5ns_13_1_0_U2927  |mul_9s_5ns_13_1_0  |        0|   0|  0|   49|    0|
    |mul_9s_5ns_13_1_0_U2928  |mul_9s_5ns_13_1_0  |        0|   0|  0|   49|    0|
    |mul_9s_5ns_13_1_0_U2929  |mul_9s_5ns_13_1_0  |        0|   0|  0|   49|    0|
    |mul_9s_5ns_13_1_0_U2930  |mul_9s_5ns_13_1_0  |        0|   0|  0|   49|    0|
    |mul_9s_5ns_13_1_0_U2931  |mul_9s_5ns_13_1_0  |        0|   0|  0|   49|    0|
    |mul_9s_5ns_13_1_0_U2932  |mul_9s_5ns_13_1_0  |        0|   0|  0|   49|    0|
    |mul_9s_5ns_13_1_0_U2933  |mul_9s_5ns_13_1_0  |        0|   0|  0|   49|    0|
    |mul_9s_5ns_13_1_0_U2934  |mul_9s_5ns_13_1_0  |        0|   0|  0|   49|    0|
    |mul_9s_5ns_13_1_0_U2935  |mul_9s_5ns_13_1_0  |        0|   0|  0|   49|    0|
    |mul_9s_5ns_13_1_0_U2936  |mul_9s_5ns_13_1_0  |        0|   0|  0|   49|    0|
    |mul_9s_5ns_13_1_0_U2937  |mul_9s_5ns_13_1_0  |        0|   0|  0|   49|    0|
    |mul_9s_5ns_13_1_0_U2938  |mul_9s_5ns_13_1_0  |        0|   0|  0|   49|    0|
    |mul_9s_5ns_13_1_0_U2939  |mul_9s_5ns_13_1_0  |        0|   0|  0|   49|    0|
    |mul_9s_5ns_13_1_0_U2940  |mul_9s_5ns_13_1_0  |        0|   0|  0|   49|    0|
    |mul_9s_5ns_13_1_0_U2941  |mul_9s_5ns_13_1_0  |        0|   0|  0|   49|    0|
    |mul_9s_5ns_13_1_0_U2942  |mul_9s_5ns_13_1_0  |        0|   0|  0|   49|    0|
    |mul_9s_5ns_13_1_0_U2943  |mul_9s_5ns_13_1_0  |        0|   0|  0|   49|    0|
    |mul_9s_5ns_13_1_0_U2944  |mul_9s_5ns_13_1_0  |        0|   0|  0|   49|    0|
    |mul_9s_5ns_13_1_0_U2945  |mul_9s_5ns_13_1_0  |        0|   0|  0|   49|    0|
    |mul_9s_5ns_13_1_0_U2946  |mul_9s_5ns_13_1_0  |        0|   0|  0|   49|    0|
    |mul_9s_5ns_13_1_0_U2947  |mul_9s_5ns_13_1_0  |        0|   0|  0|   49|    0|
    |mul_9s_5ns_13_1_0_U2948  |mul_9s_5ns_13_1_0  |        0|   0|  0|   49|    0|
    |mul_9s_5ns_13_1_0_U2949  |mul_9s_5ns_13_1_0  |        0|   0|  0|   49|    0|
    |mul_9s_5ns_13_1_0_U2950  |mul_9s_5ns_13_1_0  |        0|   0|  0|   49|    0|
    |mul_9s_5ns_13_1_0_U2951  |mul_9s_5ns_13_1_0  |        0|   0|  0|   49|    0|
    |mul_9s_5ns_13_1_0_U2952  |mul_9s_5ns_13_1_0  |        0|   0|  0|   49|    0|
    |mul_9s_5ns_13_1_0_U2953  |mul_9s_5ns_13_1_0  |        0|   0|  0|   49|    0|
    |mul_9s_5ns_13_1_0_U2954  |mul_9s_5ns_13_1_0  |        0|   0|  0|   49|    0|
    |mul_9s_5ns_13_1_0_U2955  |mul_9s_5ns_13_1_0  |        0|   0|  0|   49|    0|
    |mul_9s_5ns_13_1_0_U2956  |mul_9s_5ns_13_1_0  |        0|   0|  0|   49|    0|
    |mul_9s_5ns_13_1_0_U2957  |mul_9s_5ns_13_1_0  |        0|   0|  0|   49|    0|
    |mul_9s_5ns_13_1_0_U2958  |mul_9s_5ns_13_1_0  |        0|   0|  0|   49|    0|
    |mul_9s_5ns_13_1_0_U2959  |mul_9s_5ns_13_1_0  |        0|   0|  0|   49|    0|
    |mul_9s_5ns_13_1_0_U2960  |mul_9s_5ns_13_1_0  |        0|   0|  0|   49|    0|
    |mul_9s_5ns_13_1_0_U2961  |mul_9s_5ns_13_1_0  |        0|   0|  0|   49|    0|
    |mul_9s_5ns_13_1_0_U2962  |mul_9s_5ns_13_1_0  |        0|   0|  0|   49|    0|
    |mul_9s_5ns_13_1_0_U2963  |mul_9s_5ns_13_1_0  |        0|   0|  0|   49|    0|
    |mul_9s_5ns_13_1_0_U2964  |mul_9s_5ns_13_1_0  |        0|   0|  0|   49|    0|
    |mul_9s_5ns_13_1_0_U2965  |mul_9s_5ns_13_1_0  |        0|   0|  0|   49|    0|
    |mul_9s_5ns_13_1_0_U2966  |mul_9s_5ns_13_1_0  |        0|   0|  0|   49|    0|
    |mul_9s_5ns_13_1_0_U2967  |mul_9s_5ns_13_1_0  |        0|   0|  0|   49|    0|
    |mul_9s_5ns_13_1_0_U2968  |mul_9s_5ns_13_1_0  |        0|   0|  0|   49|    0|
    |mul_9s_5ns_13_1_0_U2969  |mul_9s_5ns_13_1_0  |        0|   0|  0|   49|    0|
    |mul_9s_5ns_13_1_0_U2970  |mul_9s_5ns_13_1_0  |        0|   0|  0|   49|    0|
    |mul_9s_5ns_13_1_0_U2971  |mul_9s_5ns_13_1_0  |        0|   0|  0|   49|    0|
    |mul_9s_5ns_13_1_0_U2972  |mul_9s_5ns_13_1_0  |        0|   0|  0|   49|    0|
    |mul_9s_5ns_13_1_0_U2973  |mul_9s_5ns_13_1_0  |        0|   0|  0|   49|    0|
    |mul_9s_5ns_13_1_0_U2974  |mul_9s_5ns_13_1_0  |        0|   0|  0|   49|    0|
    |mul_9s_5ns_13_1_0_U2975  |mul_9s_5ns_13_1_0  |        0|   0|  0|   49|    0|
    |mul_9s_5ns_13_1_0_U2976  |mul_9s_5ns_13_1_0  |        0|   0|  0|   49|    0|
    |mul_9s_5ns_13_1_0_U2977  |mul_9s_5ns_13_1_0  |        0|   0|  0|   49|    0|
    |mul_9s_5ns_13_1_0_U2978  |mul_9s_5ns_13_1_0  |        0|   0|  0|   49|    0|
    |mul_9s_5ns_13_1_0_U2979  |mul_9s_5ns_13_1_0  |        0|   0|  0|   49|    0|
    |mul_9s_5ns_13_1_0_U2980  |mul_9s_5ns_13_1_0  |        0|   0|  0|   49|    0|
    |mul_9s_5ns_13_1_0_U2981  |mul_9s_5ns_13_1_0  |        0|   0|  0|   49|    0|
    |mul_9s_5ns_13_1_0_U2982  |mul_9s_5ns_13_1_0  |        0|   0|  0|   49|    0|
    |mul_9s_5ns_13_1_0_U2983  |mul_9s_5ns_13_1_0  |        0|   0|  0|   49|    0|
    |mul_9s_5ns_13_1_0_U2984  |mul_9s_5ns_13_1_0  |        0|   0|  0|   49|    0|
    |mul_9s_5ns_13_1_0_U2985  |mul_9s_5ns_13_1_0  |        0|   0|  0|   49|    0|
    |mul_9s_5ns_13_1_0_U2986  |mul_9s_5ns_13_1_0  |        0|   0|  0|   49|    0|
    |mul_9s_5ns_13_1_0_U2987  |mul_9s_5ns_13_1_0  |        0|   0|  0|   49|    0|
    |mul_9s_5ns_13_1_0_U2988  |mul_9s_5ns_13_1_0  |        0|   0|  0|   49|    0|
    |mul_9s_5ns_13_1_0_U2989  |mul_9s_5ns_13_1_0  |        0|   0|  0|   49|    0|
    |mul_9s_5ns_13_1_0_U2990  |mul_9s_5ns_13_1_0  |        0|   0|  0|   49|    0|
    |mul_9s_5ns_13_1_0_U2991  |mul_9s_5ns_13_1_0  |        0|   0|  0|   49|    0|
    |mul_9s_5ns_13_1_0_U2992  |mul_9s_5ns_13_1_0  |        0|   0|  0|   49|    0|
    |mul_9s_5ns_13_1_0_U2993  |mul_9s_5ns_13_1_0  |        0|   0|  0|   49|    0|
    |mul_9s_5ns_13_1_0_U2994  |mul_9s_5ns_13_1_0  |        0|   0|  0|   49|    0|
    |mul_9s_5ns_13_1_0_U2995  |mul_9s_5ns_13_1_0  |        0|   0|  0|   49|    0|
    |mul_9s_5ns_13_1_0_U2996  |mul_9s_5ns_13_1_0  |        0|   0|  0|   49|    0|
    |mul_9s_5ns_13_1_0_U2997  |mul_9s_5ns_13_1_0  |        0|   0|  0|   49|    0|
    |mul_9s_5ns_13_1_0_U2998  |mul_9s_5ns_13_1_0  |        0|   0|  0|   49|    0|
    |mul_9s_5ns_13_1_0_U2999  |mul_9s_5ns_13_1_0  |        0|   0|  0|   49|    0|
    |mul_9s_5ns_13_1_0_U3000  |mul_9s_5ns_13_1_0  |        0|   0|  0|   49|    0|
    |mul_9s_5ns_13_1_0_U3001  |mul_9s_5ns_13_1_0  |        0|   0|  0|   49|    0|
    |mul_9s_5ns_13_1_0_U3002  |mul_9s_5ns_13_1_0  |        0|   0|  0|   49|    0|
    |mul_9s_5ns_13_1_0_U3003  |mul_9s_5ns_13_1_0  |        0|   0|  0|   49|    0|
    |mul_9s_5ns_13_1_0_U3004  |mul_9s_5ns_13_1_0  |        0|   0|  0|   49|    0|
    |mul_9s_5ns_13_1_0_U3005  |mul_9s_5ns_13_1_0  |        0|   0|  0|   49|    0|
    |mul_9s_5ns_13_1_0_U3006  |mul_9s_5ns_13_1_0  |        0|   0|  0|   49|    0|
    |mul_9s_5ns_13_1_0_U3007  |mul_9s_5ns_13_1_0  |        0|   0|  0|   49|    0|
    |mul_9s_5ns_13_1_0_U3008  |mul_9s_5ns_13_1_0  |        0|   0|  0|   49|    0|
    |mul_9s_5ns_13_1_0_U3009  |mul_9s_5ns_13_1_0  |        0|   0|  0|   49|    0|
    |mul_9s_5ns_13_1_0_U3010  |mul_9s_5ns_13_1_0  |        0|   0|  0|   49|    0|
    |mul_9s_5ns_13_1_0_U3011  |mul_9s_5ns_13_1_0  |        0|   0|  0|   49|    0|
    |mul_9s_5ns_13_1_0_U3012  |mul_9s_5ns_13_1_0  |        0|   0|  0|   49|    0|
    |mul_9s_5ns_13_1_0_U3013  |mul_9s_5ns_13_1_0  |        0|   0|  0|   49|    0|
    |mul_9s_5ns_13_1_0_U3014  |mul_9s_5ns_13_1_0  |        0|   0|  0|   49|    0|
    |mul_9s_5ns_13_1_0_U3015  |mul_9s_5ns_13_1_0  |        0|   0|  0|   49|    0|
    |mul_9s_5ns_13_1_0_U3016  |mul_9s_5ns_13_1_0  |        0|   0|  0|   49|    0|
    |mul_9s_5ns_13_1_0_U3017  |mul_9s_5ns_13_1_0  |        0|   0|  0|   49|    0|
    |mul_9s_5ns_13_1_0_U3018  |mul_9s_5ns_13_1_0  |        0|   0|  0|   49|    0|
    |mul_9s_5ns_13_1_0_U3019  |mul_9s_5ns_13_1_0  |        0|   0|  0|   49|    0|
    |mul_9s_5ns_13_1_0_U3020  |mul_9s_5ns_13_1_0  |        0|   0|  0|   49|    0|
    |mul_9s_5ns_13_1_0_U3021  |mul_9s_5ns_13_1_0  |        0|   0|  0|   49|    0|
    |mul_9s_5ns_13_1_0_U3022  |mul_9s_5ns_13_1_0  |        0|   0|  0|   49|    0|
    |mul_9s_5ns_13_1_0_U3023  |mul_9s_5ns_13_1_0  |        0|   0|  0|   49|    0|
    |mul_9s_5ns_13_1_0_U3024  |mul_9s_5ns_13_1_0  |        0|   0|  0|   49|    0|
    |mul_9s_5ns_13_1_0_U3025  |mul_9s_5ns_13_1_0  |        0|   0|  0|   49|    0|
    |mul_9s_5ns_13_1_0_U3026  |mul_9s_5ns_13_1_0  |        0|   0|  0|   49|    0|
    |mul_9s_5ns_13_1_0_U3027  |mul_9s_5ns_13_1_0  |        0|   0|  0|   49|    0|
    |mul_9s_5ns_13_1_0_U3028  |mul_9s_5ns_13_1_0  |        0|   0|  0|   49|    0|
    |mul_9s_5ns_13_1_0_U3029  |mul_9s_5ns_13_1_0  |        0|   0|  0|   49|    0|
    |mul_9s_5ns_13_1_0_U3030  |mul_9s_5ns_13_1_0  |        0|   0|  0|   49|    0|
    |mul_9s_5ns_13_1_0_U3031  |mul_9s_5ns_13_1_0  |        0|   0|  0|   49|    0|
    |mul_9s_5ns_13_1_0_U3032  |mul_9s_5ns_13_1_0  |        0|   0|  0|   49|    0|
    |mul_9s_5ns_13_1_0_U3033  |mul_9s_5ns_13_1_0  |        0|   0|  0|   49|    0|
    |mul_9s_5ns_13_1_0_U3034  |mul_9s_5ns_13_1_0  |        0|   0|  0|   49|    0|
    |mul_9s_5ns_13_1_0_U3035  |mul_9s_5ns_13_1_0  |        0|   0|  0|   49|    0|
    |mul_9s_5ns_13_1_0_U3036  |mul_9s_5ns_13_1_0  |        0|   0|  0|   49|    0|
    |mul_9s_5ns_13_1_0_U3037  |mul_9s_5ns_13_1_0  |        0|   0|  0|   49|    0|
    |mul_9s_5ns_13_1_0_U3038  |mul_9s_5ns_13_1_0  |        0|   0|  0|   49|    0|
    |mul_9s_5ns_13_1_0_U3039  |mul_9s_5ns_13_1_0  |        0|   0|  0|   49|    0|
    |mul_9s_5ns_13_1_0_U3040  |mul_9s_5ns_13_1_0  |        0|   0|  0|   49|    0|
    |mul_9s_5ns_13_1_0_U3041  |mul_9s_5ns_13_1_0  |        0|   0|  0|   49|    0|
    |mul_9s_5ns_13_1_0_U3042  |mul_9s_5ns_13_1_0  |        0|   0|  0|   49|    0|
    |mul_9s_5ns_13_1_0_U3043  |mul_9s_5ns_13_1_0  |        0|   0|  0|   49|    0|
    |mul_9s_5ns_13_1_0_U3044  |mul_9s_5ns_13_1_0  |        0|   0|  0|   49|    0|
    |mul_9s_5ns_13_1_0_U3045  |mul_9s_5ns_13_1_0  |        0|   0|  0|   49|    0|
    |mul_9s_5ns_13_1_0_U3046  |mul_9s_5ns_13_1_0  |        0|   0|  0|   49|    0|
    |mul_9s_5ns_13_1_0_U3047  |mul_9s_5ns_13_1_0  |        0|   0|  0|   49|    0|
    |mul_9s_5ns_13_1_0_U3048  |mul_9s_5ns_13_1_0  |        0|   0|  0|   49|    0|
    |mul_9s_5ns_13_1_0_U3049  |mul_9s_5ns_13_1_0  |        0|   0|  0|   49|    0|
    |mul_9s_5ns_13_1_0_U3050  |mul_9s_5ns_13_1_0  |        0|   0|  0|   49|    0|
    |mul_9s_5ns_13_1_0_U3051  |mul_9s_5ns_13_1_0  |        0|   0|  0|   49|    0|
    |mul_9s_5ns_13_1_0_U3052  |mul_9s_5ns_13_1_0  |        0|   0|  0|   49|    0|
    |mul_9s_5ns_13_1_0_U3053  |mul_9s_5ns_13_1_0  |        0|   0|  0|   49|    0|
    |mul_9s_5ns_13_1_0_U3054  |mul_9s_5ns_13_1_0  |        0|   0|  0|   49|    0|
    |mul_9s_5ns_13_1_0_U3055  |mul_9s_5ns_13_1_0  |        0|   0|  0|   49|    0|
    |mul_9s_5ns_13_1_0_U3056  |mul_9s_5ns_13_1_0  |        0|   0|  0|   49|    0|
    |mul_9s_5ns_13_1_0_U3057  |mul_9s_5ns_13_1_0  |        0|   0|  0|   49|    0|
    |mul_9s_5ns_13_1_0_U3058  |mul_9s_5ns_13_1_0  |        0|   0|  0|   49|    0|
    |mul_9s_5ns_13_1_0_U3059  |mul_9s_5ns_13_1_0  |        0|   0|  0|   49|    0|
    |mul_9s_5ns_13_1_0_U3060  |mul_9s_5ns_13_1_0  |        0|   0|  0|   49|    0|
    |mul_9s_5ns_13_1_0_U3061  |mul_9s_5ns_13_1_0  |        0|   0|  0|   49|    0|
    |mul_9s_5ns_13_1_0_U3062  |mul_9s_5ns_13_1_0  |        0|   0|  0|   49|    0|
    |mul_9s_5ns_13_1_0_U3063  |mul_9s_5ns_13_1_0  |        0|   0|  0|   49|    0|
    |mul_9s_5ns_13_1_0_U3064  |mul_9s_5ns_13_1_0  |        0|   0|  0|   49|    0|
    |mul_9s_5ns_13_1_0_U3065  |mul_9s_5ns_13_1_0  |        0|   0|  0|   49|    0|
    |mul_9s_5ns_13_1_0_U3066  |mul_9s_5ns_13_1_0  |        0|   0|  0|   49|    0|
    |mul_9s_5ns_13_1_0_U3067  |mul_9s_5ns_13_1_0  |        0|   0|  0|   49|    0|
    |mul_9s_5ns_13_1_0_U3068  |mul_9s_5ns_13_1_0  |        0|   0|  0|   49|    0|
    |mul_9s_5ns_13_1_0_U3069  |mul_9s_5ns_13_1_0  |        0|   0|  0|   49|    0|
    |mul_9s_5ns_13_1_0_U3070  |mul_9s_5ns_13_1_0  |        0|   0|  0|   49|    0|
    |mul_9s_5ns_13_1_0_U3071  |mul_9s_5ns_13_1_0  |        0|   0|  0|   49|    0|
    |mul_9s_5ns_13_1_0_U3072  |mul_9s_5ns_13_1_0  |        0|   0|  0|   49|    0|
    |mul_9s_5ns_13_1_0_U3073  |mul_9s_5ns_13_1_0  |        0|   0|  0|   49|    0|
    |mul_9s_5ns_13_1_0_U3074  |mul_9s_5ns_13_1_0  |        0|   0|  0|   49|    0|
    |mul_9s_5ns_13_1_0_U3075  |mul_9s_5ns_13_1_0  |        0|   0|  0|   49|    0|
    |mul_9s_5ns_13_1_0_U3076  |mul_9s_5ns_13_1_0  |        0|   0|  0|   49|    0|
    |mul_9s_5ns_13_1_0_U3077  |mul_9s_5ns_13_1_0  |        0|   0|  0|   49|    0|
    |mul_9s_5ns_13_1_0_U3078  |mul_9s_5ns_13_1_0  |        0|   0|  0|   49|    0|
    |mul_9s_5ns_13_1_0_U3079  |mul_9s_5ns_13_1_0  |        0|   0|  0|   49|    0|
    |mul_9s_5ns_13_1_0_U3080  |mul_9s_5ns_13_1_0  |        0|   0|  0|   49|    0|
    |mul_9s_5ns_13_1_0_U3081  |mul_9s_5ns_13_1_0  |        0|   0|  0|   49|    0|
    |mul_9s_5ns_13_1_0_U3082  |mul_9s_5ns_13_1_0  |        0|   0|  0|   49|    0|
    |mul_9s_5ns_13_1_0_U3083  |mul_9s_5ns_13_1_0  |        0|   0|  0|   49|    0|
    |mul_9s_5ns_13_1_0_U3084  |mul_9s_5ns_13_1_0  |        0|   0|  0|   49|    0|
    |mul_9s_5ns_13_1_0_U3085  |mul_9s_5ns_13_1_0  |        0|   0|  0|   49|    0|
    |mul_9s_5ns_13_1_0_U3086  |mul_9s_5ns_13_1_0  |        0|   0|  0|   49|    0|
    |mul_9s_5ns_13_1_0_U3087  |mul_9s_5ns_13_1_0  |        0|   0|  0|   49|    0|
    |mul_9s_5ns_13_1_0_U3088  |mul_9s_5ns_13_1_0  |        0|   0|  0|   49|    0|
    |mul_9s_5ns_13_1_0_U3089  |mul_9s_5ns_13_1_0  |        0|   0|  0|   49|    0|
    |mul_9s_5ns_13_1_0_U3090  |mul_9s_5ns_13_1_0  |        0|   0|  0|   49|    0|
    |mul_9s_5ns_13_1_0_U3091  |mul_9s_5ns_13_1_0  |        0|   0|  0|   49|    0|
    |mul_9s_5ns_13_1_0_U3092  |mul_9s_5ns_13_1_0  |        0|   0|  0|   49|    0|
    |mul_9s_5ns_13_1_0_U3093  |mul_9s_5ns_13_1_0  |        0|   0|  0|   49|    0|
    |mul_9s_5ns_13_1_0_U3094  |mul_9s_5ns_13_1_0  |        0|   0|  0|   49|    0|
    |mul_9s_5ns_13_1_0_U3095  |mul_9s_5ns_13_1_0  |        0|   0|  0|   49|    0|
    |mul_9s_5ns_13_1_0_U3096  |mul_9s_5ns_13_1_0  |        0|   0|  0|   49|    0|
    |mul_9s_5ns_13_1_0_U3097  |mul_9s_5ns_13_1_0  |        0|   0|  0|   49|    0|
    |mul_9s_5ns_13_1_0_U3098  |mul_9s_5ns_13_1_0  |        0|   0|  0|   49|    0|
    +-------------------------+-------------------+---------+----+---+-----+-----+
    |Total                    |                   |        0|   0|  0|12544|    0|
    +-------------------------+-------------------+---------+----+---+-----+-----+

    * DSP: 
    N/A

    * Memory: 
    N/A

    * FIFO: 
    N/A

    * Expression: 
    +-------------------------------+----------+----+---+-----+------------+------------+
    |         Variable Name         | Operation| DSP| FF| LUT | Bitwidth P0| Bitwidth P1|
    +-------------------------------+----------+----+---+-----+------------+------------+
    |add_ln59_1021_fu_276243_p2     |         +|   0|  0|   12|           4|           4|
    |add_ln59_1022_fu_276404_p2     |         +|   0|  0|   12|           4|           4|
    |add_ln59_1023_fu_276565_p2     |         +|   0|  0|   12|           4|           4|
    |add_ln59_1024_fu_276726_p2     |         +|   0|  0|   12|           4|           4|
    |add_ln59_1025_fu_276887_p2     |         +|   0|  0|   12|           4|           4|
    |add_ln59_1026_fu_277048_p2     |         +|   0|  0|   12|           4|           4|
    |add_ln59_1027_fu_277209_p2     |         +|   0|  0|   12|           4|           4|
    |add_ln59_1028_fu_277370_p2     |         +|   0|  0|   12|           4|           4|
    |add_ln59_1029_fu_277531_p2     |         +|   0|  0|   12|           4|           4|
    |add_ln59_1030_fu_277692_p2     |         +|   0|  0|   12|           4|           4|
    |add_ln59_1031_fu_277853_p2     |         +|   0|  0|   12|           4|           4|
    |add_ln59_1032_fu_278014_p2     |         +|   0|  0|   12|           4|           4|
    |add_ln59_1033_fu_278175_p2     |         +|   0|  0|   12|           4|           4|
    |add_ln59_1034_fu_278336_p2     |         +|   0|  0|   12|           4|           4|
    |add_ln59_1035_fu_278497_p2     |         +|   0|  0|   12|           4|           4|
    |add_ln59_1036_fu_278658_p2     |         +|   0|  0|   12|           4|           4|
    |add_ln59_1037_fu_278819_p2     |         +|   0|  0|   12|           4|           4|
    |add_ln59_1038_fu_278980_p2     |         +|   0|  0|   12|           4|           4|
    |add_ln59_1039_fu_279141_p2     |         +|   0|  0|   12|           4|           4|
    |add_ln59_1040_fu_279302_p2     |         +|   0|  0|   12|           4|           4|
    |add_ln59_1041_fu_279463_p2     |         +|   0|  0|   12|           4|           4|
    |add_ln59_1042_fu_279624_p2     |         +|   0|  0|   12|           4|           4|
    |add_ln59_1043_fu_279785_p2     |         +|   0|  0|   12|           4|           4|
    |add_ln59_1044_fu_279946_p2     |         +|   0|  0|   12|           4|           4|
    |add_ln59_1045_fu_280107_p2     |         +|   0|  0|   12|           4|           4|
    |add_ln59_1046_fu_280268_p2     |         +|   0|  0|   12|           4|           4|
    |add_ln59_1047_fu_280429_p2     |         +|   0|  0|   12|           4|           4|
    |add_ln59_1048_fu_280590_p2     |         +|   0|  0|   12|           4|           4|
    |add_ln59_1049_fu_280751_p2     |         +|   0|  0|   12|           4|           4|
    |add_ln59_1050_fu_280912_p2     |         +|   0|  0|   12|           4|           4|
    |add_ln59_1051_fu_281073_p2     |         +|   0|  0|   12|           4|           4|
    |add_ln59_1052_fu_281234_p2     |         +|   0|  0|   12|           4|           4|
    |add_ln59_1053_fu_281395_p2     |         +|   0|  0|   12|           4|           4|
    |add_ln59_1054_fu_281556_p2     |         +|   0|  0|   12|           4|           4|
    |add_ln59_1055_fu_281717_p2     |         +|   0|  0|   12|           4|           4|
    |add_ln59_1056_fu_281878_p2     |         +|   0|  0|   12|           4|           4|
    |add_ln59_1057_fu_282039_p2     |         +|   0|  0|   12|           4|           4|
    |add_ln59_1058_fu_282200_p2     |         +|   0|  0|   12|           4|           4|
    |add_ln59_1059_fu_282361_p2     |         +|   0|  0|   12|           4|           4|
    |add_ln59_1060_fu_282522_p2     |         +|   0|  0|   12|           4|           4|
    |add_ln59_1061_fu_282683_p2     |         +|   0|  0|   12|           4|           4|
    |add_ln59_1062_fu_282844_p2     |         +|   0|  0|   12|           4|           4|
    |add_ln59_1063_fu_283005_p2     |         +|   0|  0|   12|           4|           4|
    |add_ln59_1064_fu_283166_p2     |         +|   0|  0|   12|           4|           4|
    |add_ln59_1065_fu_283327_p2     |         +|   0|  0|   12|           4|           4|
    |add_ln59_1066_fu_283488_p2     |         +|   0|  0|   12|           4|           4|
    |add_ln59_1067_fu_283649_p2     |         +|   0|  0|   12|           4|           4|
    |add_ln59_1068_fu_283810_p2     |         +|   0|  0|   12|           4|           4|
    |add_ln59_1069_fu_283971_p2     |         +|   0|  0|   12|           4|           4|
    |add_ln59_1070_fu_284132_p2     |         +|   0|  0|   12|           4|           4|
    |add_ln59_1071_fu_284293_p2     |         +|   0|  0|   12|           4|           4|
    |add_ln59_1072_fu_284454_p2     |         +|   0|  0|   12|           4|           4|
    |add_ln59_1073_fu_284615_p2     |         +|   0|  0|   12|           4|           4|
    |add_ln59_1074_fu_284776_p2     |         +|   0|  0|   12|           4|           4|
    |add_ln59_1075_fu_284937_p2     |         +|   0|  0|   12|           4|           4|
    |add_ln59_1076_fu_285098_p2     |         +|   0|  0|   12|           4|           4|
    |add_ln59_1077_fu_285259_p2     |         +|   0|  0|   12|           4|           4|
    |add_ln59_1078_fu_285420_p2     |         +|   0|  0|   12|           4|           4|
    |add_ln59_1079_fu_285581_p2     |         +|   0|  0|   12|           4|           4|
    |add_ln59_1080_fu_285742_p2     |         +|   0|  0|   12|           4|           4|
    |add_ln59_1081_fu_285903_p2     |         +|   0|  0|   12|           4|           4|
    |add_ln59_1082_fu_286064_p2     |         +|   0|  0|   12|           4|           4|
    |add_ln59_1083_fu_286225_p2     |         +|   0|  0|   12|           4|           4|
    |add_ln59_1084_fu_286386_p2     |         +|   0|  0|   12|           4|           4|
    |add_ln59_1085_fu_286547_p2     |         +|   0|  0|   12|           4|           4|
    |add_ln59_1086_fu_286708_p2     |         +|   0|  0|   12|           4|           4|
    |add_ln59_1087_fu_286869_p2     |         +|   0|  0|   12|           4|           4|
    |add_ln59_1088_fu_287030_p2     |         +|   0|  0|   12|           4|           4|
    |add_ln59_1089_fu_287191_p2     |         +|   0|  0|   12|           4|           4|
    |add_ln59_1090_fu_287352_p2     |         +|   0|  0|   12|           4|           4|
    |add_ln59_1091_fu_287513_p2     |         +|   0|  0|   12|           4|           4|
    |add_ln59_1092_fu_287674_p2     |         +|   0|  0|   12|           4|           4|
    |add_ln59_1093_fu_287835_p2     |         +|   0|  0|   12|           4|           4|
    |add_ln59_1094_fu_287996_p2     |         +|   0|  0|   12|           4|           4|
    |add_ln59_1095_fu_288157_p2     |         +|   0|  0|   12|           4|           4|
    |add_ln59_1096_fu_288318_p2     |         +|   0|  0|   12|           4|           4|
    |add_ln59_1097_fu_288479_p2     |         +|   0|  0|   12|           4|           4|
    |add_ln59_1098_fu_288640_p2     |         +|   0|  0|   12|           4|           4|
    |add_ln59_1099_fu_288801_p2     |         +|   0|  0|   12|           4|           4|
    |add_ln59_1100_fu_288962_p2     |         +|   0|  0|   12|           4|           4|
    |add_ln59_1101_fu_289123_p2     |         +|   0|  0|   12|           4|           4|
    |add_ln59_1102_fu_289284_p2     |         +|   0|  0|   12|           4|           4|
    |add_ln59_1103_fu_289445_p2     |         +|   0|  0|   12|           4|           4|
    |add_ln59_1104_fu_289606_p2     |         +|   0|  0|   12|           4|           4|
    |add_ln59_1105_fu_289767_p2     |         +|   0|  0|   12|           4|           4|
    |add_ln59_1106_fu_289928_p2     |         +|   0|  0|   12|           4|           4|
    |add_ln59_1107_fu_290089_p2     |         +|   0|  0|   12|           4|           4|
    |add_ln59_1108_fu_290250_p2     |         +|   0|  0|   12|           4|           4|
    |add_ln59_1109_fu_290411_p2     |         +|   0|  0|   12|           4|           4|
    |add_ln59_1110_fu_290572_p2     |         +|   0|  0|   12|           4|           4|
    |add_ln59_1111_fu_290733_p2     |         +|   0|  0|   12|           4|           4|
    |add_ln59_1112_fu_290894_p2     |         +|   0|  0|   12|           4|           4|
    |add_ln59_1113_fu_291055_p2     |         +|   0|  0|   12|           4|           4|
    |add_ln59_1114_fu_291216_p2     |         +|   0|  0|   12|           4|           4|
    |add_ln59_1115_fu_291377_p2     |         +|   0|  0|   12|           4|           4|
    |add_ln59_1116_fu_291538_p2     |         +|   0|  0|   12|           4|           4|
    |add_ln59_1117_fu_291699_p2     |         +|   0|  0|   12|           4|           4|
    |add_ln59_1118_fu_291860_p2     |         +|   0|  0|   12|           4|           4|
    |add_ln59_1119_fu_292021_p2     |         +|   0|  0|   12|           4|           4|
    |add_ln59_1120_fu_292182_p2     |         +|   0|  0|   12|           4|           4|
    |add_ln59_1121_fu_292343_p2     |         +|   0|  0|   12|           4|           4|
    |add_ln59_1122_fu_292504_p2     |         +|   0|  0|   12|           4|           4|
    |add_ln59_1123_fu_292665_p2     |         +|   0|  0|   12|           4|           4|
    |add_ln59_1124_fu_292826_p2     |         +|   0|  0|   12|           4|           4|
    |add_ln59_1125_fu_292987_p2     |         +|   0|  0|   12|           4|           4|
    |add_ln59_1126_fu_293148_p2     |         +|   0|  0|   12|           4|           4|
    |add_ln59_1127_fu_293309_p2     |         +|   0|  0|   12|           4|           4|
    |add_ln59_1128_fu_293470_p2     |         +|   0|  0|   12|           4|           4|
    |add_ln59_1129_fu_293631_p2     |         +|   0|  0|   12|           4|           4|
    |add_ln59_1130_fu_293792_p2     |         +|   0|  0|   12|           4|           4|
    |add_ln59_1131_fu_293953_p2     |         +|   0|  0|   12|           4|           4|
    |add_ln59_1132_fu_294114_p2     |         +|   0|  0|   12|           4|           4|
    |add_ln59_1133_fu_294275_p2     |         +|   0|  0|   12|           4|           4|
    |add_ln59_1134_fu_294436_p2     |         +|   0|  0|   12|           4|           4|
    |add_ln59_1135_fu_294597_p2     |         +|   0|  0|   12|           4|           4|
    |add_ln59_1136_fu_294758_p2     |         +|   0|  0|   12|           4|           4|
    |add_ln59_1137_fu_294919_p2     |         +|   0|  0|   12|           4|           4|
    |add_ln59_1138_fu_295080_p2     |         +|   0|  0|   12|           4|           4|
    |add_ln59_1139_fu_295241_p2     |         +|   0|  0|   12|           4|           4|
    |add_ln59_1140_fu_295402_p2     |         +|   0|  0|   12|           4|           4|
    |add_ln59_1141_fu_295563_p2     |         +|   0|  0|   12|           4|           4|
    |add_ln59_1142_fu_295724_p2     |         +|   0|  0|   12|           4|           4|
    |add_ln59_1143_fu_295885_p2     |         +|   0|  0|   12|           4|           4|
    |add_ln59_1144_fu_296046_p2     |         +|   0|  0|   12|           4|           4|
    |add_ln59_1145_fu_296207_p2     |         +|   0|  0|   12|           4|           4|
    |add_ln59_1146_fu_296368_p2     |         +|   0|  0|   12|           4|           4|
    |add_ln59_1147_fu_296529_p2     |         +|   0|  0|   12|           4|           4|
    |add_ln59_1148_fu_296690_p2     |         +|   0|  0|   12|           4|           4|
    |add_ln59_1149_fu_296851_p2     |         +|   0|  0|   12|           4|           4|
    |add_ln59_1150_fu_297012_p2     |         +|   0|  0|   12|           4|           4|
    |add_ln59_1151_fu_297173_p2     |         +|   0|  0|   12|           4|           4|
    |add_ln59_1152_fu_297334_p2     |         +|   0|  0|   12|           4|           4|
    |add_ln59_1153_fu_297495_p2     |         +|   0|  0|   12|           4|           4|
    |add_ln59_1154_fu_297656_p2     |         +|   0|  0|   12|           4|           4|
    |add_ln59_1155_fu_297817_p2     |         +|   0|  0|   12|           4|           4|
    |add_ln59_1156_fu_297978_p2     |         +|   0|  0|   12|           4|           4|
    |add_ln59_1157_fu_298139_p2     |         +|   0|  0|   12|           4|           4|
    |add_ln59_1158_fu_298300_p2     |         +|   0|  0|   12|           4|           4|
    |add_ln59_1159_fu_298461_p2     |         +|   0|  0|   12|           4|           4|
    |add_ln59_1160_fu_298622_p2     |         +|   0|  0|   12|           4|           4|
    |add_ln59_1161_fu_298783_p2     |         +|   0|  0|   12|           4|           4|
    |add_ln59_1162_fu_298944_p2     |         +|   0|  0|   12|           4|           4|
    |add_ln59_1163_fu_299105_p2     |         +|   0|  0|   12|           4|           4|
    |add_ln59_1164_fu_299266_p2     |         +|   0|  0|   12|           4|           4|
    |add_ln59_1165_fu_299427_p2     |         +|   0|  0|   12|           4|           4|
    |add_ln59_1166_fu_299588_p2     |         +|   0|  0|   12|           4|           4|
    |add_ln59_1167_fu_299749_p2     |         +|   0|  0|   12|           4|           4|
    |add_ln59_1168_fu_299910_p2     |         +|   0|  0|   12|           4|           4|
    |add_ln59_1169_fu_300071_p2     |         +|   0|  0|   12|           4|           4|
    |add_ln59_1170_fu_300232_p2     |         +|   0|  0|   12|           4|           4|
    |add_ln59_1171_fu_300393_p2     |         +|   0|  0|   12|           4|           4|
    |add_ln59_1172_fu_300554_p2     |         +|   0|  0|   12|           4|           4|
    |add_ln59_1173_fu_300715_p2     |         +|   0|  0|   12|           4|           4|
    |add_ln59_1174_fu_300876_p2     |         +|   0|  0|   12|           4|           4|
    |add_ln59_1175_fu_301037_p2     |         +|   0|  0|   12|           4|           4|
    |add_ln59_1176_fu_301198_p2     |         +|   0|  0|   12|           4|           4|
    |add_ln59_1177_fu_301359_p2     |         +|   0|  0|   12|           4|           4|
    |add_ln59_1178_fu_301520_p2     |         +|   0|  0|   12|           4|           4|
    |add_ln59_1179_fu_301681_p2     |         +|   0|  0|   12|           4|           4|
    |add_ln59_1180_fu_301842_p2     |         +|   0|  0|   12|           4|           4|
    |add_ln59_1181_fu_302003_p2     |         +|   0|  0|   12|           4|           4|
    |add_ln59_1182_fu_302164_p2     |         +|   0|  0|   12|           4|           4|
    |add_ln59_1183_fu_302325_p2     |         +|   0|  0|   12|           4|           4|
    |add_ln59_1184_fu_302486_p2     |         +|   0|  0|   12|           4|           4|
    |add_ln59_1185_fu_302647_p2     |         +|   0|  0|   12|           4|           4|
    |add_ln59_1186_fu_302808_p2     |         +|   0|  0|   12|           4|           4|
    |add_ln59_1187_fu_302969_p2     |         +|   0|  0|   12|           4|           4|
    |add_ln59_1188_fu_303130_p2     |         +|   0|  0|   12|           4|           4|
    |add_ln59_1189_fu_303291_p2     |         +|   0|  0|   12|           4|           4|
    |add_ln59_1190_fu_303452_p2     |         +|   0|  0|   12|           4|           4|
    |add_ln59_1191_fu_303613_p2     |         +|   0|  0|   12|           4|           4|
    |add_ln59_1192_fu_303774_p2     |         +|   0|  0|   12|           4|           4|
    |add_ln59_1193_fu_303935_p2     |         +|   0|  0|   12|           4|           4|
    |add_ln59_1194_fu_304096_p2     |         +|   0|  0|   12|           4|           4|
    |add_ln59_1195_fu_304257_p2     |         +|   0|  0|   12|           4|           4|
    |add_ln59_1196_fu_304418_p2     |         +|   0|  0|   12|           4|           4|
    |add_ln59_1197_fu_304579_p2     |         +|   0|  0|   12|           4|           4|
    |add_ln59_1198_fu_304740_p2     |         +|   0|  0|   12|           4|           4|
    |add_ln59_1199_fu_304901_p2     |         +|   0|  0|   12|           4|           4|
    |add_ln59_1200_fu_305062_p2     |         +|   0|  0|   12|           4|           4|
    |add_ln59_1201_fu_305223_p2     |         +|   0|  0|   12|           4|           4|
    |add_ln59_1202_fu_305384_p2     |         +|   0|  0|   12|           4|           4|
    |add_ln59_1203_fu_305545_p2     |         +|   0|  0|   12|           4|           4|
    |add_ln59_1204_fu_305706_p2     |         +|   0|  0|   12|           4|           4|
    |add_ln59_1205_fu_305867_p2     |         +|   0|  0|   12|           4|           4|
    |add_ln59_1206_fu_306028_p2     |         +|   0|  0|   12|           4|           4|
    |add_ln59_1207_fu_306189_p2     |         +|   0|  0|   12|           4|           4|
    |add_ln59_1208_fu_306350_p2     |         +|   0|  0|   12|           4|           4|
    |add_ln59_1209_fu_306511_p2     |         +|   0|  0|   12|           4|           4|
    |add_ln59_1210_fu_306672_p2     |         +|   0|  0|   12|           4|           4|
    |add_ln59_1211_fu_306833_p2     |         +|   0|  0|   12|           4|           4|
    |add_ln59_1212_fu_306994_p2     |         +|   0|  0|   12|           4|           4|
    |add_ln59_1213_fu_307155_p2     |         +|   0|  0|   12|           4|           4|
    |add_ln59_1214_fu_307316_p2     |         +|   0|  0|   12|           4|           4|
    |add_ln59_1215_fu_307477_p2     |         +|   0|  0|   12|           4|           4|
    |add_ln59_1216_fu_307638_p2     |         +|   0|  0|   12|           4|           4|
    |add_ln59_1217_fu_307799_p2     |         +|   0|  0|   12|           4|           4|
    |add_ln59_1218_fu_307960_p2     |         +|   0|  0|   12|           4|           4|
    |add_ln59_1219_fu_308121_p2     |         +|   0|  0|   12|           4|           4|
    |add_ln59_1220_fu_308282_p2     |         +|   0|  0|   12|           4|           4|
    |add_ln59_1221_fu_308443_p2     |         +|   0|  0|   12|           4|           4|
    |add_ln59_1222_fu_308604_p2     |         +|   0|  0|   12|           4|           4|
    |add_ln59_1223_fu_308765_p2     |         +|   0|  0|   12|           4|           4|
    |add_ln59_1224_fu_308926_p2     |         +|   0|  0|   12|           4|           4|
    |add_ln59_1225_fu_309087_p2     |         +|   0|  0|   12|           4|           4|
    |add_ln59_1226_fu_309248_p2     |         +|   0|  0|   12|           4|           4|
    |add_ln59_1227_fu_309409_p2     |         +|   0|  0|   12|           4|           4|
    |add_ln59_1228_fu_309570_p2     |         +|   0|  0|   12|           4|           4|
    |add_ln59_1229_fu_309731_p2     |         +|   0|  0|   12|           4|           4|
    |add_ln59_1230_fu_309892_p2     |         +|   0|  0|   12|           4|           4|
    |add_ln59_1231_fu_310053_p2     |         +|   0|  0|   12|           4|           4|
    |add_ln59_1232_fu_310214_p2     |         +|   0|  0|   12|           4|           4|
    |add_ln59_1233_fu_310375_p2     |         +|   0|  0|   12|           4|           4|
    |add_ln59_1234_fu_310536_p2     |         +|   0|  0|   12|           4|           4|
    |add_ln59_1235_fu_310697_p2     |         +|   0|  0|   12|           4|           4|
    |add_ln59_1236_fu_310858_p2     |         +|   0|  0|   12|           4|           4|
    |add_ln59_1237_fu_311019_p2     |         +|   0|  0|   12|           4|           4|
    |add_ln59_1238_fu_311180_p2     |         +|   0|  0|   12|           4|           4|
    |add_ln59_1239_fu_311341_p2     |         +|   0|  0|   12|           4|           4|
    |add_ln59_1240_fu_311502_p2     |         +|   0|  0|   12|           4|           4|
    |add_ln59_1241_fu_311663_p2     |         +|   0|  0|   12|           4|           4|
    |add_ln59_1242_fu_311824_p2     |         +|   0|  0|   12|           4|           4|
    |add_ln59_1243_fu_311985_p2     |         +|   0|  0|   12|           4|           4|
    |add_ln59_1244_fu_312146_p2     |         +|   0|  0|   12|           4|           4|
    |add_ln59_1245_fu_312307_p2     |         +|   0|  0|   12|           4|           4|
    |add_ln59_1246_fu_312468_p2     |         +|   0|  0|   12|           4|           4|
    |add_ln59_1247_fu_312629_p2     |         +|   0|  0|   12|           4|           4|
    |add_ln59_1248_fu_312790_p2     |         +|   0|  0|   12|           4|           4|
    |add_ln59_1249_fu_312951_p2     |         +|   0|  0|   12|           4|           4|
    |add_ln59_1250_fu_313112_p2     |         +|   0|  0|   12|           4|           4|
    |add_ln59_1251_fu_313273_p2     |         +|   0|  0|   12|           4|           4|
    |add_ln59_1252_fu_313434_p2     |         +|   0|  0|   12|           4|           4|
    |add_ln59_1253_fu_313595_p2     |         +|   0|  0|   12|           4|           4|
    |add_ln59_1254_fu_313756_p2     |         +|   0|  0|   12|           4|           4|
    |add_ln59_1255_fu_313917_p2     |         +|   0|  0|   12|           4|           4|
    |add_ln59_1256_fu_314078_p2     |         +|   0|  0|   12|           4|           4|
    |add_ln59_1257_fu_314239_p2     |         +|   0|  0|   12|           4|           4|
    |add_ln59_1258_fu_314400_p2     |         +|   0|  0|   12|           4|           4|
    |add_ln59_1259_fu_314561_p2     |         +|   0|  0|   12|           4|           4|
    |add_ln59_1260_fu_314722_p2     |         +|   0|  0|   12|           4|           4|
    |add_ln59_1261_fu_314883_p2     |         +|   0|  0|   12|           4|           4|
    |add_ln59_1262_fu_315044_p2     |         +|   0|  0|   12|           4|           4|
    |add_ln59_1263_fu_315205_p2     |         +|   0|  0|   12|           4|           4|
    |add_ln59_1264_fu_315366_p2     |         +|   0|  0|   12|           4|           4|
    |add_ln59_1265_fu_315527_p2     |         +|   0|  0|   12|           4|           4|
    |add_ln59_1266_fu_315688_p2     |         +|   0|  0|   12|           4|           4|
    |add_ln59_1267_fu_315849_p2     |         +|   0|  0|   12|           4|           4|
    |add_ln59_1268_fu_316010_p2     |         +|   0|  0|   12|           4|           4|
    |add_ln59_1269_fu_316171_p2     |         +|   0|  0|   12|           4|           4|
    |add_ln59_1270_fu_316332_p2     |         +|   0|  0|   12|           4|           4|
    |add_ln59_1271_fu_316493_p2     |         +|   0|  0|   12|           4|           4|
    |add_ln59_1272_fu_316654_p2     |         +|   0|  0|   12|           4|           4|
    |add_ln59_1273_fu_316815_p2     |         +|   0|  0|   12|           4|           4|
    |add_ln59_1274_fu_316976_p2     |         +|   0|  0|   12|           4|           4|
    |add_ln59_1275_fu_317137_p2     |         +|   0|  0|   12|           4|           4|
    |add_ln59_fu_276082_p2          |         +|   0|  0|   12|           4|           4|
    |and_ln59_7165_fu_276102_p2     |       and|   0|  0|    2|           1|           1|
    |and_ln59_7166_fu_276145_p2     |       and|   0|  0|    2|           1|           1|
    |and_ln59_7167_fu_317243_p2     |       and|   0|  0|    2|           1|           1|
    |and_ln59_7168_fu_276176_p2     |       and|   0|  0|    2|           1|           1|
    |and_ln59_7169_fu_276182_p2     |       and|   0|  0|    2|           1|           1|
    |and_ln59_7170_fu_317258_p2     |       and|   0|  0|    2|           1|           1|
    |and_ln59_7171_fu_276233_p2     |       and|   0|  0|    2|           1|           1|
    |and_ln59_7172_fu_276263_p2     |       and|   0|  0|    2|           1|           1|
    |and_ln59_7173_fu_276306_p2     |       and|   0|  0|    2|           1|           1|
    |and_ln59_7174_fu_317282_p2     |       and|   0|  0|    2|           1|           1|
    |and_ln59_7175_fu_276337_p2     |       and|   0|  0|    2|           1|           1|
    |and_ln59_7176_fu_276343_p2     |       and|   0|  0|    2|           1|           1|
    |and_ln59_7177_fu_317297_p2     |       and|   0|  0|    2|           1|           1|
    |and_ln59_7178_fu_276394_p2     |       and|   0|  0|    2|           1|           1|
    |and_ln59_7179_fu_276424_p2     |       and|   0|  0|    2|           1|           1|
    |and_ln59_7180_fu_276467_p2     |       and|   0|  0|    2|           1|           1|
    |and_ln59_7181_fu_317321_p2     |       and|   0|  0|    2|           1|           1|
    |and_ln59_7182_fu_276498_p2     |       and|   0|  0|    2|           1|           1|
    |and_ln59_7183_fu_276504_p2     |       and|   0|  0|    2|           1|           1|
    |and_ln59_7184_fu_317336_p2     |       and|   0|  0|    2|           1|           1|
    |and_ln59_7185_fu_276555_p2     |       and|   0|  0|    2|           1|           1|
    |and_ln59_7186_fu_276585_p2     |       and|   0|  0|    2|           1|           1|
    |and_ln59_7187_fu_276628_p2     |       and|   0|  0|    2|           1|           1|
    |and_ln59_7188_fu_317360_p2     |       and|   0|  0|    2|           1|           1|
    |and_ln59_7189_fu_276659_p2     |       and|   0|  0|    2|           1|           1|
    |and_ln59_7190_fu_276665_p2     |       and|   0|  0|    2|           1|           1|
    |and_ln59_7191_fu_317375_p2     |       and|   0|  0|    2|           1|           1|
    |and_ln59_7192_fu_276716_p2     |       and|   0|  0|    2|           1|           1|
    |and_ln59_7193_fu_276746_p2     |       and|   0|  0|    2|           1|           1|
    |and_ln59_7194_fu_276789_p2     |       and|   0|  0|    2|           1|           1|
    |and_ln59_7195_fu_317399_p2     |       and|   0|  0|    2|           1|           1|
    |and_ln59_7196_fu_276820_p2     |       and|   0|  0|    2|           1|           1|
    |and_ln59_7197_fu_276826_p2     |       and|   0|  0|    2|           1|           1|
    |and_ln59_7198_fu_317414_p2     |       and|   0|  0|    2|           1|           1|
    |and_ln59_7199_fu_276877_p2     |       and|   0|  0|    2|           1|           1|
    |and_ln59_7200_fu_276907_p2     |       and|   0|  0|    2|           1|           1|
    |and_ln59_7201_fu_276950_p2     |       and|   0|  0|    2|           1|           1|
    |and_ln59_7202_fu_317438_p2     |       and|   0|  0|    2|           1|           1|
    |and_ln59_7203_fu_276981_p2     |       and|   0|  0|    2|           1|           1|
    |and_ln59_7204_fu_276987_p2     |       and|   0|  0|    2|           1|           1|
    |and_ln59_7205_fu_317453_p2     |       and|   0|  0|    2|           1|           1|
    |and_ln59_7206_fu_277038_p2     |       and|   0|  0|    2|           1|           1|
    |and_ln59_7207_fu_277068_p2     |       and|   0|  0|    2|           1|           1|
    |and_ln59_7208_fu_277111_p2     |       and|   0|  0|    2|           1|           1|
    |and_ln59_7209_fu_317477_p2     |       and|   0|  0|    2|           1|           1|
    |and_ln59_7210_fu_277142_p2     |       and|   0|  0|    2|           1|           1|
    |and_ln59_7211_fu_277148_p2     |       and|   0|  0|    2|           1|           1|
    |and_ln59_7212_fu_317492_p2     |       and|   0|  0|    2|           1|           1|
    |and_ln59_7213_fu_277199_p2     |       and|   0|  0|    2|           1|           1|
    |and_ln59_7214_fu_277229_p2     |       and|   0|  0|    2|           1|           1|
    |and_ln59_7215_fu_277272_p2     |       and|   0|  0|    2|           1|           1|
    |and_ln59_7216_fu_317516_p2     |       and|   0|  0|    2|           1|           1|
    |and_ln59_7217_fu_277303_p2     |       and|   0|  0|    2|           1|           1|
    |and_ln59_7218_fu_277309_p2     |       and|   0|  0|    2|           1|           1|
    |and_ln59_7219_fu_317531_p2     |       and|   0|  0|    2|           1|           1|
    |and_ln59_7220_fu_277360_p2     |       and|   0|  0|    2|           1|           1|
    |and_ln59_7221_fu_277390_p2     |       and|   0|  0|    2|           1|           1|
    |and_ln59_7222_fu_277433_p2     |       and|   0|  0|    2|           1|           1|
    |and_ln59_7223_fu_317555_p2     |       and|   0|  0|    2|           1|           1|
    |and_ln59_7224_fu_277464_p2     |       and|   0|  0|    2|           1|           1|
    |and_ln59_7225_fu_277470_p2     |       and|   0|  0|    2|           1|           1|
    |and_ln59_7226_fu_317570_p2     |       and|   0|  0|    2|           1|           1|
    |and_ln59_7227_fu_277521_p2     |       and|   0|  0|    2|           1|           1|
    |and_ln59_7228_fu_277551_p2     |       and|   0|  0|    2|           1|           1|
    |and_ln59_7229_fu_277594_p2     |       and|   0|  0|    2|           1|           1|
    |and_ln59_7230_fu_317594_p2     |       and|   0|  0|    2|           1|           1|
    |and_ln59_7231_fu_277625_p2     |       and|   0|  0|    2|           1|           1|
    |and_ln59_7232_fu_277631_p2     |       and|   0|  0|    2|           1|           1|
    |and_ln59_7233_fu_317609_p2     |       and|   0|  0|    2|           1|           1|
    |and_ln59_7234_fu_277682_p2     |       and|   0|  0|    2|           1|           1|
    |and_ln59_7235_fu_277712_p2     |       and|   0|  0|    2|           1|           1|
    |and_ln59_7236_fu_277755_p2     |       and|   0|  0|    2|           1|           1|
    |and_ln59_7237_fu_317633_p2     |       and|   0|  0|    2|           1|           1|
    |and_ln59_7238_fu_277786_p2     |       and|   0|  0|    2|           1|           1|
    |and_ln59_7239_fu_277792_p2     |       and|   0|  0|    2|           1|           1|
    |and_ln59_7240_fu_317648_p2     |       and|   0|  0|    2|           1|           1|
    |and_ln59_7241_fu_277843_p2     |       and|   0|  0|    2|           1|           1|
    |and_ln59_7242_fu_277873_p2     |       and|   0|  0|    2|           1|           1|
    |and_ln59_7243_fu_277916_p2     |       and|   0|  0|    2|           1|           1|
    |and_ln59_7244_fu_317672_p2     |       and|   0|  0|    2|           1|           1|
    |and_ln59_7245_fu_277947_p2     |       and|   0|  0|    2|           1|           1|
    |and_ln59_7246_fu_277953_p2     |       and|   0|  0|    2|           1|           1|
    |and_ln59_7247_fu_317687_p2     |       and|   0|  0|    2|           1|           1|
    |and_ln59_7248_fu_278004_p2     |       and|   0|  0|    2|           1|           1|
    |and_ln59_7249_fu_278034_p2     |       and|   0|  0|    2|           1|           1|
    |and_ln59_7250_fu_278077_p2     |       and|   0|  0|    2|           1|           1|
    |and_ln59_7251_fu_317711_p2     |       and|   0|  0|    2|           1|           1|
    |and_ln59_7252_fu_278108_p2     |       and|   0|  0|    2|           1|           1|
    |and_ln59_7253_fu_278114_p2     |       and|   0|  0|    2|           1|           1|
    |and_ln59_7254_fu_317726_p2     |       and|   0|  0|    2|           1|           1|
    |and_ln59_7255_fu_278165_p2     |       and|   0|  0|    2|           1|           1|
    |and_ln59_7256_fu_278195_p2     |       and|   0|  0|    2|           1|           1|
    |and_ln59_7257_fu_278238_p2     |       and|   0|  0|    2|           1|           1|
    |and_ln59_7258_fu_317750_p2     |       and|   0|  0|    2|           1|           1|
    |and_ln59_7259_fu_278269_p2     |       and|   0|  0|    2|           1|           1|
    |and_ln59_7260_fu_278275_p2     |       and|   0|  0|    2|           1|           1|
    |and_ln59_7261_fu_317765_p2     |       and|   0|  0|    2|           1|           1|
    |and_ln59_7262_fu_278326_p2     |       and|   0|  0|    2|           1|           1|
    |and_ln59_7263_fu_278356_p2     |       and|   0|  0|    2|           1|           1|
    |and_ln59_7264_fu_278399_p2     |       and|   0|  0|    2|           1|           1|
    |and_ln59_7265_fu_317789_p2     |       and|   0|  0|    2|           1|           1|
    |and_ln59_7266_fu_278430_p2     |       and|   0|  0|    2|           1|           1|
    |and_ln59_7267_fu_278436_p2     |       and|   0|  0|    2|           1|           1|
    |and_ln59_7268_fu_317804_p2     |       and|   0|  0|    2|           1|           1|
    |and_ln59_7269_fu_278487_p2     |       and|   0|  0|    2|           1|           1|
    |and_ln59_7270_fu_278517_p2     |       and|   0|  0|    2|           1|           1|
    |and_ln59_7271_fu_278560_p2     |       and|   0|  0|    2|           1|           1|
    |and_ln59_7272_fu_317828_p2     |       and|   0|  0|    2|           1|           1|
    |and_ln59_7273_fu_278591_p2     |       and|   0|  0|    2|           1|           1|
    |and_ln59_7274_fu_278597_p2     |       and|   0|  0|    2|           1|           1|
    |and_ln59_7275_fu_317843_p2     |       and|   0|  0|    2|           1|           1|
    |and_ln59_7276_fu_278648_p2     |       and|   0|  0|    2|           1|           1|
    |and_ln59_7277_fu_278678_p2     |       and|   0|  0|    2|           1|           1|
    |and_ln59_7278_fu_278721_p2     |       and|   0|  0|    2|           1|           1|
    |and_ln59_7279_fu_317867_p2     |       and|   0|  0|    2|           1|           1|
    |and_ln59_7280_fu_278752_p2     |       and|   0|  0|    2|           1|           1|
    |and_ln59_7281_fu_278758_p2     |       and|   0|  0|    2|           1|           1|
    |and_ln59_7282_fu_317882_p2     |       and|   0|  0|    2|           1|           1|
    |and_ln59_7283_fu_278809_p2     |       and|   0|  0|    2|           1|           1|
    |and_ln59_7284_fu_278839_p2     |       and|   0|  0|    2|           1|           1|
    |and_ln59_7285_fu_278882_p2     |       and|   0|  0|    2|           1|           1|
    |and_ln59_7286_fu_317906_p2     |       and|   0|  0|    2|           1|           1|
    |and_ln59_7287_fu_278913_p2     |       and|   0|  0|    2|           1|           1|
    |and_ln59_7288_fu_278919_p2     |       and|   0|  0|    2|           1|           1|
    |and_ln59_7289_fu_317921_p2     |       and|   0|  0|    2|           1|           1|
    |and_ln59_7290_fu_278970_p2     |       and|   0|  0|    2|           1|           1|
    |and_ln59_7291_fu_279000_p2     |       and|   0|  0|    2|           1|           1|
    |and_ln59_7292_fu_279043_p2     |       and|   0|  0|    2|           1|           1|
    |and_ln59_7293_fu_317945_p2     |       and|   0|  0|    2|           1|           1|
    |and_ln59_7294_fu_279074_p2     |       and|   0|  0|    2|           1|           1|
    |and_ln59_7295_fu_279080_p2     |       and|   0|  0|    2|           1|           1|
    |and_ln59_7296_fu_317960_p2     |       and|   0|  0|    2|           1|           1|
    |and_ln59_7297_fu_279131_p2     |       and|   0|  0|    2|           1|           1|
    |and_ln59_7298_fu_279161_p2     |       and|   0|  0|    2|           1|           1|
    |and_ln59_7299_fu_279204_p2     |       and|   0|  0|    2|           1|           1|
    |and_ln59_7300_fu_317984_p2     |       and|   0|  0|    2|           1|           1|
    |and_ln59_7301_fu_279235_p2     |       and|   0|  0|    2|           1|           1|
    |and_ln59_7302_fu_279241_p2     |       and|   0|  0|    2|           1|           1|
    |and_ln59_7303_fu_317999_p2     |       and|   0|  0|    2|           1|           1|
    |and_ln59_7304_fu_279292_p2     |       and|   0|  0|    2|           1|           1|
    |and_ln59_7305_fu_279322_p2     |       and|   0|  0|    2|           1|           1|
    |and_ln59_7306_fu_279365_p2     |       and|   0|  0|    2|           1|           1|
    |and_ln59_7307_fu_318023_p2     |       and|   0|  0|    2|           1|           1|
    |and_ln59_7308_fu_279396_p2     |       and|   0|  0|    2|           1|           1|
    |and_ln59_7309_fu_279402_p2     |       and|   0|  0|    2|           1|           1|
    |and_ln59_7310_fu_318038_p2     |       and|   0|  0|    2|           1|           1|
    |and_ln59_7311_fu_279453_p2     |       and|   0|  0|    2|           1|           1|
    |and_ln59_7312_fu_279483_p2     |       and|   0|  0|    2|           1|           1|
    |and_ln59_7313_fu_279526_p2     |       and|   0|  0|    2|           1|           1|
    |and_ln59_7314_fu_318062_p2     |       and|   0|  0|    2|           1|           1|
    |and_ln59_7315_fu_279557_p2     |       and|   0|  0|    2|           1|           1|
    |and_ln59_7316_fu_279563_p2     |       and|   0|  0|    2|           1|           1|
    |and_ln59_7317_fu_318077_p2     |       and|   0|  0|    2|           1|           1|
    |and_ln59_7318_fu_279614_p2     |       and|   0|  0|    2|           1|           1|
    |and_ln59_7319_fu_279644_p2     |       and|   0|  0|    2|           1|           1|
    |and_ln59_7320_fu_279687_p2     |       and|   0|  0|    2|           1|           1|
    |and_ln59_7321_fu_318101_p2     |       and|   0|  0|    2|           1|           1|
    |and_ln59_7322_fu_279718_p2     |       and|   0|  0|    2|           1|           1|
    |and_ln59_7323_fu_279724_p2     |       and|   0|  0|    2|           1|           1|
    |and_ln59_7324_fu_318116_p2     |       and|   0|  0|    2|           1|           1|
    |and_ln59_7325_fu_279775_p2     |       and|   0|  0|    2|           1|           1|
    |and_ln59_7326_fu_279805_p2     |       and|   0|  0|    2|           1|           1|
    |and_ln59_7327_fu_279848_p2     |       and|   0|  0|    2|           1|           1|
    |and_ln59_7328_fu_318140_p2     |       and|   0|  0|    2|           1|           1|
    |and_ln59_7329_fu_279879_p2     |       and|   0|  0|    2|           1|           1|
    |and_ln59_7330_fu_279885_p2     |       and|   0|  0|    2|           1|           1|
    |and_ln59_7331_fu_318155_p2     |       and|   0|  0|    2|           1|           1|
    |and_ln59_7332_fu_279936_p2     |       and|   0|  0|    2|           1|           1|
    |and_ln59_7333_fu_279966_p2     |       and|   0|  0|    2|           1|           1|
    |and_ln59_7334_fu_280009_p2     |       and|   0|  0|    2|           1|           1|
    |and_ln59_7335_fu_318179_p2     |       and|   0|  0|    2|           1|           1|
    |and_ln59_7336_fu_280040_p2     |       and|   0|  0|    2|           1|           1|
    |and_ln59_7337_fu_280046_p2     |       and|   0|  0|    2|           1|           1|
    |and_ln59_7338_fu_318194_p2     |       and|   0|  0|    2|           1|           1|
    |and_ln59_7339_fu_280097_p2     |       and|   0|  0|    2|           1|           1|
    |and_ln59_7340_fu_280127_p2     |       and|   0|  0|    2|           1|           1|
    |and_ln59_7341_fu_280170_p2     |       and|   0|  0|    2|           1|           1|
    |and_ln59_7342_fu_318218_p2     |       and|   0|  0|    2|           1|           1|
    |and_ln59_7343_fu_280201_p2     |       and|   0|  0|    2|           1|           1|
    |and_ln59_7344_fu_280207_p2     |       and|   0|  0|    2|           1|           1|
    |and_ln59_7345_fu_318233_p2     |       and|   0|  0|    2|           1|           1|
    |and_ln59_7346_fu_280258_p2     |       and|   0|  0|    2|           1|           1|
    |and_ln59_7347_fu_280288_p2     |       and|   0|  0|    2|           1|           1|
    |and_ln59_7348_fu_280331_p2     |       and|   0|  0|    2|           1|           1|
    |and_ln59_7349_fu_318257_p2     |       and|   0|  0|    2|           1|           1|
    |and_ln59_7350_fu_280362_p2     |       and|   0|  0|    2|           1|           1|
    |and_ln59_7351_fu_280368_p2     |       and|   0|  0|    2|           1|           1|
    |and_ln59_7352_fu_318272_p2     |       and|   0|  0|    2|           1|           1|
    |and_ln59_7353_fu_280419_p2     |       and|   0|  0|    2|           1|           1|
    |and_ln59_7354_fu_280449_p2     |       and|   0|  0|    2|           1|           1|
    |and_ln59_7355_fu_280492_p2     |       and|   0|  0|    2|           1|           1|
    |and_ln59_7356_fu_318296_p2     |       and|   0|  0|    2|           1|           1|
    |and_ln59_7357_fu_280523_p2     |       and|   0|  0|    2|           1|           1|
    |and_ln59_7358_fu_280529_p2     |       and|   0|  0|    2|           1|           1|
    |and_ln59_7359_fu_318311_p2     |       and|   0|  0|    2|           1|           1|
    |and_ln59_7360_fu_280580_p2     |       and|   0|  0|    2|           1|           1|
    |and_ln59_7361_fu_280610_p2     |       and|   0|  0|    2|           1|           1|
    |and_ln59_7362_fu_280653_p2     |       and|   0|  0|    2|           1|           1|
    |and_ln59_7363_fu_318335_p2     |       and|   0|  0|    2|           1|           1|
    |and_ln59_7364_fu_280684_p2     |       and|   0|  0|    2|           1|           1|
    |and_ln59_7365_fu_280690_p2     |       and|   0|  0|    2|           1|           1|
    |and_ln59_7366_fu_318350_p2     |       and|   0|  0|    2|           1|           1|
    |and_ln59_7367_fu_280741_p2     |       and|   0|  0|    2|           1|           1|
    |and_ln59_7368_fu_280771_p2     |       and|   0|  0|    2|           1|           1|
    |and_ln59_7369_fu_280814_p2     |       and|   0|  0|    2|           1|           1|
    |and_ln59_7370_fu_318374_p2     |       and|   0|  0|    2|           1|           1|
    |and_ln59_7371_fu_280845_p2     |       and|   0|  0|    2|           1|           1|
    |and_ln59_7372_fu_280851_p2     |       and|   0|  0|    2|           1|           1|
    |and_ln59_7373_fu_318389_p2     |       and|   0|  0|    2|           1|           1|
    |and_ln59_7374_fu_280902_p2     |       and|   0|  0|    2|           1|           1|
    |and_ln59_7375_fu_280932_p2     |       and|   0|  0|    2|           1|           1|
    |and_ln59_7376_fu_280975_p2     |       and|   0|  0|    2|           1|           1|
    |and_ln59_7377_fu_318413_p2     |       and|   0|  0|    2|           1|           1|
    |and_ln59_7378_fu_281006_p2     |       and|   0|  0|    2|           1|           1|
    |and_ln59_7379_fu_281012_p2     |       and|   0|  0|    2|           1|           1|
    |and_ln59_7380_fu_318428_p2     |       and|   0|  0|    2|           1|           1|
    |and_ln59_7381_fu_281063_p2     |       and|   0|  0|    2|           1|           1|
    |and_ln59_7382_fu_281093_p2     |       and|   0|  0|    2|           1|           1|
    |and_ln59_7383_fu_281136_p2     |       and|   0|  0|    2|           1|           1|
    |and_ln59_7384_fu_318452_p2     |       and|   0|  0|    2|           1|           1|
    |and_ln59_7385_fu_281167_p2     |       and|   0|  0|    2|           1|           1|
    |and_ln59_7386_fu_281173_p2     |       and|   0|  0|    2|           1|           1|
    |and_ln59_7387_fu_318467_p2     |       and|   0|  0|    2|           1|           1|
    |and_ln59_7388_fu_281224_p2     |       and|   0|  0|    2|           1|           1|
    |and_ln59_7389_fu_281254_p2     |       and|   0|  0|    2|           1|           1|
    |and_ln59_7390_fu_281297_p2     |       and|   0|  0|    2|           1|           1|
    |and_ln59_7391_fu_318491_p2     |       and|   0|  0|    2|           1|           1|
    |and_ln59_7392_fu_281328_p2     |       and|   0|  0|    2|           1|           1|
    |and_ln59_7393_fu_281334_p2     |       and|   0|  0|    2|           1|           1|
    |and_ln59_7394_fu_318506_p2     |       and|   0|  0|    2|           1|           1|
    |and_ln59_7395_fu_281385_p2     |       and|   0|  0|    2|           1|           1|
    |and_ln59_7396_fu_281415_p2     |       and|   0|  0|    2|           1|           1|
    |and_ln59_7397_fu_281458_p2     |       and|   0|  0|    2|           1|           1|
    |and_ln59_7398_fu_318530_p2     |       and|   0|  0|    2|           1|           1|
    |and_ln59_7399_fu_281489_p2     |       and|   0|  0|    2|           1|           1|
    |and_ln59_7400_fu_281495_p2     |       and|   0|  0|    2|           1|           1|
    |and_ln59_7401_fu_318545_p2     |       and|   0|  0|    2|           1|           1|
    |and_ln59_7402_fu_281546_p2     |       and|   0|  0|    2|           1|           1|
    |and_ln59_7403_fu_281576_p2     |       and|   0|  0|    2|           1|           1|
    |and_ln59_7404_fu_281619_p2     |       and|   0|  0|    2|           1|           1|
    |and_ln59_7405_fu_318569_p2     |       and|   0|  0|    2|           1|           1|
    |and_ln59_7406_fu_281650_p2     |       and|   0|  0|    2|           1|           1|
    |and_ln59_7407_fu_281656_p2     |       and|   0|  0|    2|           1|           1|
    |and_ln59_7408_fu_318584_p2     |       and|   0|  0|    2|           1|           1|
    |and_ln59_7409_fu_281707_p2     |       and|   0|  0|    2|           1|           1|
    |and_ln59_7410_fu_281737_p2     |       and|   0|  0|    2|           1|           1|
    |and_ln59_7411_fu_281780_p2     |       and|   0|  0|    2|           1|           1|
    |and_ln59_7412_fu_318608_p2     |       and|   0|  0|    2|           1|           1|
    |and_ln59_7413_fu_281811_p2     |       and|   0|  0|    2|           1|           1|
    |and_ln59_7414_fu_281817_p2     |       and|   0|  0|    2|           1|           1|
    |and_ln59_7415_fu_318623_p2     |       and|   0|  0|    2|           1|           1|
    |and_ln59_7416_fu_281868_p2     |       and|   0|  0|    2|           1|           1|
    |and_ln59_7417_fu_281898_p2     |       and|   0|  0|    2|           1|           1|
    |and_ln59_7418_fu_281941_p2     |       and|   0|  0|    2|           1|           1|
    |and_ln59_7419_fu_318647_p2     |       and|   0|  0|    2|           1|           1|
    |and_ln59_7420_fu_281972_p2     |       and|   0|  0|    2|           1|           1|
    |and_ln59_7421_fu_281978_p2     |       and|   0|  0|    2|           1|           1|
    |and_ln59_7422_fu_318662_p2     |       and|   0|  0|    2|           1|           1|
    |and_ln59_7423_fu_282029_p2     |       and|   0|  0|    2|           1|           1|
    |and_ln59_7424_fu_282059_p2     |       and|   0|  0|    2|           1|           1|
    |and_ln59_7425_fu_282102_p2     |       and|   0|  0|    2|           1|           1|
    |and_ln59_7426_fu_318686_p2     |       and|   0|  0|    2|           1|           1|
    |and_ln59_7427_fu_282133_p2     |       and|   0|  0|    2|           1|           1|
    |and_ln59_7428_fu_282139_p2     |       and|   0|  0|    2|           1|           1|
    |and_ln59_7429_fu_318701_p2     |       and|   0|  0|    2|           1|           1|
    |and_ln59_7430_fu_282190_p2     |       and|   0|  0|    2|           1|           1|
    |and_ln59_7431_fu_282220_p2     |       and|   0|  0|    2|           1|           1|
    |and_ln59_7432_fu_282263_p2     |       and|   0|  0|    2|           1|           1|
    |and_ln59_7433_fu_318725_p2     |       and|   0|  0|    2|           1|           1|
    |and_ln59_7434_fu_282294_p2     |       and|   0|  0|    2|           1|           1|
    |and_ln59_7435_fu_282300_p2     |       and|   0|  0|    2|           1|           1|
    |and_ln59_7436_fu_318740_p2     |       and|   0|  0|    2|           1|           1|
    |and_ln59_7437_fu_282351_p2     |       and|   0|  0|    2|           1|           1|
    |and_ln59_7438_fu_282381_p2     |       and|   0|  0|    2|           1|           1|
    |and_ln59_7439_fu_282424_p2     |       and|   0|  0|    2|           1|           1|
    |and_ln59_7440_fu_318764_p2     |       and|   0|  0|    2|           1|           1|
    |and_ln59_7441_fu_282455_p2     |       and|   0|  0|    2|           1|           1|
    |and_ln59_7442_fu_282461_p2     |       and|   0|  0|    2|           1|           1|
    |and_ln59_7443_fu_318779_p2     |       and|   0|  0|    2|           1|           1|
    |and_ln59_7444_fu_282512_p2     |       and|   0|  0|    2|           1|           1|
    |and_ln59_7445_fu_282542_p2     |       and|   0|  0|    2|           1|           1|
    |and_ln59_7446_fu_282585_p2     |       and|   0|  0|    2|           1|           1|
    |and_ln59_7447_fu_318803_p2     |       and|   0|  0|    2|           1|           1|
    |and_ln59_7448_fu_282616_p2     |       and|   0|  0|    2|           1|           1|
    |and_ln59_7449_fu_282622_p2     |       and|   0|  0|    2|           1|           1|
    |and_ln59_7450_fu_318818_p2     |       and|   0|  0|    2|           1|           1|
    |and_ln59_7451_fu_282673_p2     |       and|   0|  0|    2|           1|           1|
    |and_ln59_7452_fu_282703_p2     |       and|   0|  0|    2|           1|           1|
    |and_ln59_7453_fu_282746_p2     |       and|   0|  0|    2|           1|           1|
    |and_ln59_7454_fu_318842_p2     |       and|   0|  0|    2|           1|           1|
    |and_ln59_7455_fu_282777_p2     |       and|   0|  0|    2|           1|           1|
    |and_ln59_7456_fu_282783_p2     |       and|   0|  0|    2|           1|           1|
    |and_ln59_7457_fu_318857_p2     |       and|   0|  0|    2|           1|           1|
    |and_ln59_7458_fu_282834_p2     |       and|   0|  0|    2|           1|           1|
    |and_ln59_7459_fu_282864_p2     |       and|   0|  0|    2|           1|           1|
    |and_ln59_7460_fu_282907_p2     |       and|   0|  0|    2|           1|           1|
    |and_ln59_7461_fu_318881_p2     |       and|   0|  0|    2|           1|           1|
    |and_ln59_7462_fu_282938_p2     |       and|   0|  0|    2|           1|           1|
    |and_ln59_7463_fu_282944_p2     |       and|   0|  0|    2|           1|           1|
    |and_ln59_7464_fu_318896_p2     |       and|   0|  0|    2|           1|           1|
    |and_ln59_7465_fu_282995_p2     |       and|   0|  0|    2|           1|           1|
    |and_ln59_7466_fu_283025_p2     |       and|   0|  0|    2|           1|           1|
    |and_ln59_7467_fu_283068_p2     |       and|   0|  0|    2|           1|           1|
    |and_ln59_7468_fu_318920_p2     |       and|   0|  0|    2|           1|           1|
    |and_ln59_7469_fu_283099_p2     |       and|   0|  0|    2|           1|           1|
    |and_ln59_7470_fu_283105_p2     |       and|   0|  0|    2|           1|           1|
    |and_ln59_7471_fu_318935_p2     |       and|   0|  0|    2|           1|           1|
    |and_ln59_7472_fu_283156_p2     |       and|   0|  0|    2|           1|           1|
    |and_ln59_7473_fu_283186_p2     |       and|   0|  0|    2|           1|           1|
    |and_ln59_7474_fu_283229_p2     |       and|   0|  0|    2|           1|           1|
    |and_ln59_7475_fu_318959_p2     |       and|   0|  0|    2|           1|           1|
    |and_ln59_7476_fu_283260_p2     |       and|   0|  0|    2|           1|           1|
    |and_ln59_7477_fu_283266_p2     |       and|   0|  0|    2|           1|           1|
    |and_ln59_7478_fu_318974_p2     |       and|   0|  0|    2|           1|           1|
    |and_ln59_7479_fu_283317_p2     |       and|   0|  0|    2|           1|           1|
    |and_ln59_7480_fu_283347_p2     |       and|   0|  0|    2|           1|           1|
    |and_ln59_7481_fu_283390_p2     |       and|   0|  0|    2|           1|           1|
    |and_ln59_7482_fu_318998_p2     |       and|   0|  0|    2|           1|           1|
    |and_ln59_7483_fu_283421_p2     |       and|   0|  0|    2|           1|           1|
    |and_ln59_7484_fu_283427_p2     |       and|   0|  0|    2|           1|           1|
    |and_ln59_7485_fu_319013_p2     |       and|   0|  0|    2|           1|           1|
    |and_ln59_7486_fu_283478_p2     |       and|   0|  0|    2|           1|           1|
    |and_ln59_7487_fu_283508_p2     |       and|   0|  0|    2|           1|           1|
    |and_ln59_7488_fu_283551_p2     |       and|   0|  0|    2|           1|           1|
    |and_ln59_7489_fu_319037_p2     |       and|   0|  0|    2|           1|           1|
    |and_ln59_7490_fu_283582_p2     |       and|   0|  0|    2|           1|           1|
    |and_ln59_7491_fu_283588_p2     |       and|   0|  0|    2|           1|           1|
    |and_ln59_7492_fu_319052_p2     |       and|   0|  0|    2|           1|           1|
    |and_ln59_7493_fu_283639_p2     |       and|   0|  0|    2|           1|           1|
    |and_ln59_7494_fu_283669_p2     |       and|   0|  0|    2|           1|           1|
    |and_ln59_7495_fu_283712_p2     |       and|   0|  0|    2|           1|           1|
    |and_ln59_7496_fu_319076_p2     |       and|   0|  0|    2|           1|           1|
    |and_ln59_7497_fu_283743_p2     |       and|   0|  0|    2|           1|           1|
    |and_ln59_7498_fu_283749_p2     |       and|   0|  0|    2|           1|           1|
    |and_ln59_7499_fu_319091_p2     |       and|   0|  0|    2|           1|           1|
    |and_ln59_7500_fu_283800_p2     |       and|   0|  0|    2|           1|           1|
    |and_ln59_7501_fu_283830_p2     |       and|   0|  0|    2|           1|           1|
    |and_ln59_7502_fu_283873_p2     |       and|   0|  0|    2|           1|           1|
    |and_ln59_7503_fu_319115_p2     |       and|   0|  0|    2|           1|           1|
    |and_ln59_7504_fu_283904_p2     |       and|   0|  0|    2|           1|           1|
    |and_ln59_7505_fu_283910_p2     |       and|   0|  0|    2|           1|           1|
    |and_ln59_7506_fu_319130_p2     |       and|   0|  0|    2|           1|           1|
    |and_ln59_7507_fu_283961_p2     |       and|   0|  0|    2|           1|           1|
    |and_ln59_7508_fu_283991_p2     |       and|   0|  0|    2|           1|           1|
    |and_ln59_7509_fu_284034_p2     |       and|   0|  0|    2|           1|           1|
    |and_ln59_7510_fu_319154_p2     |       and|   0|  0|    2|           1|           1|
    |and_ln59_7511_fu_284065_p2     |       and|   0|  0|    2|           1|           1|
    |and_ln59_7512_fu_284071_p2     |       and|   0|  0|    2|           1|           1|
    |and_ln59_7513_fu_319169_p2     |       and|   0|  0|    2|           1|           1|
    |and_ln59_7514_fu_284122_p2     |       and|   0|  0|    2|           1|           1|
    |and_ln59_7515_fu_284152_p2     |       and|   0|  0|    2|           1|           1|
    |and_ln59_7516_fu_284195_p2     |       and|   0|  0|    2|           1|           1|
    |and_ln59_7517_fu_319193_p2     |       and|   0|  0|    2|           1|           1|
    |and_ln59_7518_fu_284226_p2     |       and|   0|  0|    2|           1|           1|
    |and_ln59_7519_fu_284232_p2     |       and|   0|  0|    2|           1|           1|
    |and_ln59_7520_fu_319208_p2     |       and|   0|  0|    2|           1|           1|
    |and_ln59_7521_fu_284283_p2     |       and|   0|  0|    2|           1|           1|
    |and_ln59_7522_fu_284313_p2     |       and|   0|  0|    2|           1|           1|
    |and_ln59_7523_fu_284356_p2     |       and|   0|  0|    2|           1|           1|
    |and_ln59_7524_fu_319232_p2     |       and|   0|  0|    2|           1|           1|
    |and_ln59_7525_fu_284387_p2     |       and|   0|  0|    2|           1|           1|
    |and_ln59_7526_fu_284393_p2     |       and|   0|  0|    2|           1|           1|
    |and_ln59_7527_fu_319247_p2     |       and|   0|  0|    2|           1|           1|
    |and_ln59_7528_fu_284444_p2     |       and|   0|  0|    2|           1|           1|
    |and_ln59_7529_fu_284474_p2     |       and|   0|  0|    2|           1|           1|
    |and_ln59_7530_fu_284517_p2     |       and|   0|  0|    2|           1|           1|
    |and_ln59_7531_fu_319271_p2     |       and|   0|  0|    2|           1|           1|
    |and_ln59_7532_fu_284548_p2     |       and|   0|  0|    2|           1|           1|
    |and_ln59_7533_fu_284554_p2     |       and|   0|  0|    2|           1|           1|
    |and_ln59_7534_fu_319286_p2     |       and|   0|  0|    2|           1|           1|
    |and_ln59_7535_fu_284605_p2     |       and|   0|  0|    2|           1|           1|
    |and_ln59_7536_fu_284635_p2     |       and|   0|  0|    2|           1|           1|
    |and_ln59_7537_fu_284678_p2     |       and|   0|  0|    2|           1|           1|
    |and_ln59_7538_fu_319310_p2     |       and|   0|  0|    2|           1|           1|
    |and_ln59_7539_fu_284709_p2     |       and|   0|  0|    2|           1|           1|
    |and_ln59_7540_fu_284715_p2     |       and|   0|  0|    2|           1|           1|
    |and_ln59_7541_fu_319325_p2     |       and|   0|  0|    2|           1|           1|
    |and_ln59_7542_fu_284766_p2     |       and|   0|  0|    2|           1|           1|
    |and_ln59_7543_fu_284796_p2     |       and|   0|  0|    2|           1|           1|
    |and_ln59_7544_fu_284839_p2     |       and|   0|  0|    2|           1|           1|
    |and_ln59_7545_fu_319349_p2     |       and|   0|  0|    2|           1|           1|
    |and_ln59_7546_fu_284870_p2     |       and|   0|  0|    2|           1|           1|
    |and_ln59_7547_fu_284876_p2     |       and|   0|  0|    2|           1|           1|
    |and_ln59_7548_fu_319364_p2     |       and|   0|  0|    2|           1|           1|
    |and_ln59_7549_fu_284927_p2     |       and|   0|  0|    2|           1|           1|
    |and_ln59_7550_fu_284957_p2     |       and|   0|  0|    2|           1|           1|
    |and_ln59_7551_fu_285000_p2     |       and|   0|  0|    2|           1|           1|
    |and_ln59_7552_fu_319388_p2     |       and|   0|  0|    2|           1|           1|
    |and_ln59_7553_fu_285031_p2     |       and|   0|  0|    2|           1|           1|
    |and_ln59_7554_fu_285037_p2     |       and|   0|  0|    2|           1|           1|
    |and_ln59_7555_fu_319403_p2     |       and|   0|  0|    2|           1|           1|
    |and_ln59_7556_fu_285088_p2     |       and|   0|  0|    2|           1|           1|
    |and_ln59_7557_fu_285118_p2     |       and|   0|  0|    2|           1|           1|
    |and_ln59_7558_fu_285161_p2     |       and|   0|  0|    2|           1|           1|
    |and_ln59_7559_fu_319427_p2     |       and|   0|  0|    2|           1|           1|
    |and_ln59_7560_fu_285192_p2     |       and|   0|  0|    2|           1|           1|
    |and_ln59_7561_fu_285198_p2     |       and|   0|  0|    2|           1|           1|
    |and_ln59_7562_fu_319442_p2     |       and|   0|  0|    2|           1|           1|
    |and_ln59_7563_fu_285249_p2     |       and|   0|  0|    2|           1|           1|
    |and_ln59_7564_fu_285279_p2     |       and|   0|  0|    2|           1|           1|
    |and_ln59_7565_fu_285322_p2     |       and|   0|  0|    2|           1|           1|
    |and_ln59_7566_fu_319466_p2     |       and|   0|  0|    2|           1|           1|
    |and_ln59_7567_fu_285353_p2     |       and|   0|  0|    2|           1|           1|
    |and_ln59_7568_fu_285359_p2     |       and|   0|  0|    2|           1|           1|
    |and_ln59_7569_fu_319481_p2     |       and|   0|  0|    2|           1|           1|
    |and_ln59_7570_fu_285410_p2     |       and|   0|  0|    2|           1|           1|
    |and_ln59_7571_fu_285440_p2     |       and|   0|  0|    2|           1|           1|
    |and_ln59_7572_fu_285483_p2     |       and|   0|  0|    2|           1|           1|
    |and_ln59_7573_fu_319505_p2     |       and|   0|  0|    2|           1|           1|
    |and_ln59_7574_fu_285514_p2     |       and|   0|  0|    2|           1|           1|
    |and_ln59_7575_fu_285520_p2     |       and|   0|  0|    2|           1|           1|
    |and_ln59_7576_fu_319520_p2     |       and|   0|  0|    2|           1|           1|
    |and_ln59_7577_fu_285571_p2     |       and|   0|  0|    2|           1|           1|
    |and_ln59_7578_fu_285601_p2     |       and|   0|  0|    2|           1|           1|
    |and_ln59_7579_fu_285644_p2     |       and|   0|  0|    2|           1|           1|
    |and_ln59_7580_fu_319544_p2     |       and|   0|  0|    2|           1|           1|
    |and_ln59_7581_fu_285675_p2     |       and|   0|  0|    2|           1|           1|
    |and_ln59_7582_fu_285681_p2     |       and|   0|  0|    2|           1|           1|
    |and_ln59_7583_fu_319559_p2     |       and|   0|  0|    2|           1|           1|
    |and_ln59_7584_fu_285732_p2     |       and|   0|  0|    2|           1|           1|
    |and_ln59_7585_fu_285762_p2     |       and|   0|  0|    2|           1|           1|
    |and_ln59_7586_fu_285805_p2     |       and|   0|  0|    2|           1|           1|
    |and_ln59_7587_fu_319583_p2     |       and|   0|  0|    2|           1|           1|
    |and_ln59_7588_fu_285836_p2     |       and|   0|  0|    2|           1|           1|
    |and_ln59_7589_fu_285842_p2     |       and|   0|  0|    2|           1|           1|
    |and_ln59_7590_fu_319598_p2     |       and|   0|  0|    2|           1|           1|
    |and_ln59_7591_fu_285893_p2     |       and|   0|  0|    2|           1|           1|
    |and_ln59_7592_fu_285923_p2     |       and|   0|  0|    2|           1|           1|
    |and_ln59_7593_fu_285966_p2     |       and|   0|  0|    2|           1|           1|
    |and_ln59_7594_fu_319622_p2     |       and|   0|  0|    2|           1|           1|
    |and_ln59_7595_fu_285997_p2     |       and|   0|  0|    2|           1|           1|
    |and_ln59_7596_fu_286003_p2     |       and|   0|  0|    2|           1|           1|
    |and_ln59_7597_fu_319637_p2     |       and|   0|  0|    2|           1|           1|
    |and_ln59_7598_fu_286054_p2     |       and|   0|  0|    2|           1|           1|
    |and_ln59_7599_fu_286084_p2     |       and|   0|  0|    2|           1|           1|
    |and_ln59_7600_fu_286127_p2     |       and|   0|  0|    2|           1|           1|
    |and_ln59_7601_fu_319661_p2     |       and|   0|  0|    2|           1|           1|
    |and_ln59_7602_fu_286158_p2     |       and|   0|  0|    2|           1|           1|
    |and_ln59_7603_fu_286164_p2     |       and|   0|  0|    2|           1|           1|
    |and_ln59_7604_fu_319676_p2     |       and|   0|  0|    2|           1|           1|
    |and_ln59_7605_fu_286215_p2     |       and|   0|  0|    2|           1|           1|
    |and_ln59_7606_fu_286245_p2     |       and|   0|  0|    2|           1|           1|
    |and_ln59_7607_fu_286288_p2     |       and|   0|  0|    2|           1|           1|
    |and_ln59_7608_fu_319700_p2     |       and|   0|  0|    2|           1|           1|
    |and_ln59_7609_fu_286319_p2     |       and|   0|  0|    2|           1|           1|
    |and_ln59_7610_fu_286325_p2     |       and|   0|  0|    2|           1|           1|
    |and_ln59_7611_fu_319715_p2     |       and|   0|  0|    2|           1|           1|
    |and_ln59_7612_fu_286376_p2     |       and|   0|  0|    2|           1|           1|
    |and_ln59_7613_fu_286406_p2     |       and|   0|  0|    2|           1|           1|
    |and_ln59_7614_fu_286449_p2     |       and|   0|  0|    2|           1|           1|
    |and_ln59_7615_fu_319739_p2     |       and|   0|  0|    2|           1|           1|
    |and_ln59_7616_fu_286480_p2     |       and|   0|  0|    2|           1|           1|
    |and_ln59_7617_fu_286486_p2     |       and|   0|  0|    2|           1|           1|
    |and_ln59_7618_fu_319754_p2     |       and|   0|  0|    2|           1|           1|
    |and_ln59_7619_fu_286537_p2     |       and|   0|  0|    2|           1|           1|
    |and_ln59_7620_fu_286567_p2     |       and|   0|  0|    2|           1|           1|
    |and_ln59_7621_fu_286610_p2     |       and|   0|  0|    2|           1|           1|
    |and_ln59_7622_fu_319778_p2     |       and|   0|  0|    2|           1|           1|
    |and_ln59_7623_fu_286641_p2     |       and|   0|  0|    2|           1|           1|
    |and_ln59_7624_fu_286647_p2     |       and|   0|  0|    2|           1|           1|
    |and_ln59_7625_fu_319793_p2     |       and|   0|  0|    2|           1|           1|
    |and_ln59_7626_fu_286698_p2     |       and|   0|  0|    2|           1|           1|
    |and_ln59_7627_fu_286728_p2     |       and|   0|  0|    2|           1|           1|
    |and_ln59_7628_fu_286771_p2     |       and|   0|  0|    2|           1|           1|
    |and_ln59_7629_fu_319817_p2     |       and|   0|  0|    2|           1|           1|
    |and_ln59_7630_fu_286802_p2     |       and|   0|  0|    2|           1|           1|
    |and_ln59_7631_fu_286808_p2     |       and|   0|  0|    2|           1|           1|
    |and_ln59_7632_fu_319832_p2     |       and|   0|  0|    2|           1|           1|
    |and_ln59_7633_fu_286859_p2     |       and|   0|  0|    2|           1|           1|
    |and_ln59_7634_fu_286889_p2     |       and|   0|  0|    2|           1|           1|
    |and_ln59_7635_fu_286932_p2     |       and|   0|  0|    2|           1|           1|
    |and_ln59_7636_fu_319856_p2     |       and|   0|  0|    2|           1|           1|
    |and_ln59_7637_fu_286963_p2     |       and|   0|  0|    2|           1|           1|
    |and_ln59_7638_fu_286969_p2     |       and|   0|  0|    2|           1|           1|
    |and_ln59_7639_fu_319871_p2     |       and|   0|  0|    2|           1|           1|
    |and_ln59_7640_fu_287020_p2     |       and|   0|  0|    2|           1|           1|
    |and_ln59_7641_fu_287050_p2     |       and|   0|  0|    2|           1|           1|
    |and_ln59_7642_fu_287093_p2     |       and|   0|  0|    2|           1|           1|
    |and_ln59_7643_fu_319895_p2     |       and|   0|  0|    2|           1|           1|
    |and_ln59_7644_fu_287124_p2     |       and|   0|  0|    2|           1|           1|
    |and_ln59_7645_fu_287130_p2     |       and|   0|  0|    2|           1|           1|
    |and_ln59_7646_fu_319910_p2     |       and|   0|  0|    2|           1|           1|
    |and_ln59_7647_fu_287181_p2     |       and|   0|  0|    2|           1|           1|
    |and_ln59_7648_fu_287211_p2     |       and|   0|  0|    2|           1|           1|
    |and_ln59_7649_fu_287254_p2     |       and|   0|  0|    2|           1|           1|
    |and_ln59_7650_fu_319934_p2     |       and|   0|  0|    2|           1|           1|
    |and_ln59_7651_fu_287285_p2     |       and|   0|  0|    2|           1|           1|
    |and_ln59_7652_fu_287291_p2     |       and|   0|  0|    2|           1|           1|
    |and_ln59_7653_fu_319949_p2     |       and|   0|  0|    2|           1|           1|
    |and_ln59_7654_fu_287342_p2     |       and|   0|  0|    2|           1|           1|
    |and_ln59_7655_fu_287372_p2     |       and|   0|  0|    2|           1|           1|
    |and_ln59_7656_fu_287415_p2     |       and|   0|  0|    2|           1|           1|
    |and_ln59_7657_fu_319973_p2     |       and|   0|  0|    2|           1|           1|
    |and_ln59_7658_fu_287446_p2     |       and|   0|  0|    2|           1|           1|
    |and_ln59_7659_fu_287452_p2     |       and|   0|  0|    2|           1|           1|
    |and_ln59_7660_fu_319988_p2     |       and|   0|  0|    2|           1|           1|
    |and_ln59_7661_fu_287503_p2     |       and|   0|  0|    2|           1|           1|
    |and_ln59_7662_fu_287533_p2     |       and|   0|  0|    2|           1|           1|
    |and_ln59_7663_fu_287576_p2     |       and|   0|  0|    2|           1|           1|
    |and_ln59_7664_fu_320012_p2     |       and|   0|  0|    2|           1|           1|
    |and_ln59_7665_fu_287607_p2     |       and|   0|  0|    2|           1|           1|
    |and_ln59_7666_fu_287613_p2     |       and|   0|  0|    2|           1|           1|
    |and_ln59_7667_fu_320027_p2     |       and|   0|  0|    2|           1|           1|
    |and_ln59_7668_fu_287664_p2     |       and|   0|  0|    2|           1|           1|
    |and_ln59_7669_fu_287694_p2     |       and|   0|  0|    2|           1|           1|
    |and_ln59_7670_fu_287737_p2     |       and|   0|  0|    2|           1|           1|
    |and_ln59_7671_fu_320051_p2     |       and|   0|  0|    2|           1|           1|
    |and_ln59_7672_fu_287768_p2     |       and|   0|  0|    2|           1|           1|
    |and_ln59_7673_fu_287774_p2     |       and|   0|  0|    2|           1|           1|
    |and_ln59_7674_fu_320066_p2     |       and|   0|  0|    2|           1|           1|
    |and_ln59_7675_fu_287825_p2     |       and|   0|  0|    2|           1|           1|
    |and_ln59_7676_fu_287855_p2     |       and|   0|  0|    2|           1|           1|
    |and_ln59_7677_fu_287898_p2     |       and|   0|  0|    2|           1|           1|
    |and_ln59_7678_fu_320090_p2     |       and|   0|  0|    2|           1|           1|
    |and_ln59_7679_fu_287929_p2     |       and|   0|  0|    2|           1|           1|
    |and_ln59_7680_fu_287935_p2     |       and|   0|  0|    2|           1|           1|
    |and_ln59_7681_fu_320105_p2     |       and|   0|  0|    2|           1|           1|
    |and_ln59_7682_fu_287986_p2     |       and|   0|  0|    2|           1|           1|
    |and_ln59_7683_fu_288016_p2     |       and|   0|  0|    2|           1|           1|
    |and_ln59_7684_fu_288059_p2     |       and|   0|  0|    2|           1|           1|
    |and_ln59_7685_fu_320129_p2     |       and|   0|  0|    2|           1|           1|
    |and_ln59_7686_fu_288090_p2     |       and|   0|  0|    2|           1|           1|
    |and_ln59_7687_fu_288096_p2     |       and|   0|  0|    2|           1|           1|
    |and_ln59_7688_fu_320144_p2     |       and|   0|  0|    2|           1|           1|
    |and_ln59_7689_fu_288147_p2     |       and|   0|  0|    2|           1|           1|
    |and_ln59_7690_fu_288177_p2     |       and|   0|  0|    2|           1|           1|
    |and_ln59_7691_fu_288220_p2     |       and|   0|  0|    2|           1|           1|
    |and_ln59_7692_fu_320168_p2     |       and|   0|  0|    2|           1|           1|
    |and_ln59_7693_fu_288251_p2     |       and|   0|  0|    2|           1|           1|
    |and_ln59_7694_fu_288257_p2     |       and|   0|  0|    2|           1|           1|
    |and_ln59_7695_fu_320183_p2     |       and|   0|  0|    2|           1|           1|
    |and_ln59_7696_fu_288308_p2     |       and|   0|  0|    2|           1|           1|
    |and_ln59_7697_fu_288338_p2     |       and|   0|  0|    2|           1|           1|
    |and_ln59_7698_fu_288381_p2     |       and|   0|  0|    2|           1|           1|
    |and_ln59_7699_fu_320207_p2     |       and|   0|  0|    2|           1|           1|
    |and_ln59_7700_fu_288412_p2     |       and|   0|  0|    2|           1|           1|
    |and_ln59_7701_fu_288418_p2     |       and|   0|  0|    2|           1|           1|
    |and_ln59_7702_fu_320222_p2     |       and|   0|  0|    2|           1|           1|
    |and_ln59_7703_fu_288469_p2     |       and|   0|  0|    2|           1|           1|
    |and_ln59_7704_fu_288499_p2     |       and|   0|  0|    2|           1|           1|
    |and_ln59_7705_fu_288542_p2     |       and|   0|  0|    2|           1|           1|
    |and_ln59_7706_fu_320246_p2     |       and|   0|  0|    2|           1|           1|
    |and_ln59_7707_fu_288573_p2     |       and|   0|  0|    2|           1|           1|
    |and_ln59_7708_fu_288579_p2     |       and|   0|  0|    2|           1|           1|
    |and_ln59_7709_fu_320261_p2     |       and|   0|  0|    2|           1|           1|
    |and_ln59_7710_fu_288630_p2     |       and|   0|  0|    2|           1|           1|
    |and_ln59_7711_fu_288660_p2     |       and|   0|  0|    2|           1|           1|
    |and_ln59_7712_fu_288703_p2     |       and|   0|  0|    2|           1|           1|
    |and_ln59_7713_fu_320285_p2     |       and|   0|  0|    2|           1|           1|
    |and_ln59_7714_fu_288734_p2     |       and|   0|  0|    2|           1|           1|
    |and_ln59_7715_fu_288740_p2     |       and|   0|  0|    2|           1|           1|
    |and_ln59_7716_fu_320300_p2     |       and|   0|  0|    2|           1|           1|
    |and_ln59_7717_fu_288791_p2     |       and|   0|  0|    2|           1|           1|
    |and_ln59_7718_fu_288821_p2     |       and|   0|  0|    2|           1|           1|
    |and_ln59_7719_fu_288864_p2     |       and|   0|  0|    2|           1|           1|
    |and_ln59_7720_fu_320324_p2     |       and|   0|  0|    2|           1|           1|
    |and_ln59_7721_fu_288895_p2     |       and|   0|  0|    2|           1|           1|
    |and_ln59_7722_fu_288901_p2     |       and|   0|  0|    2|           1|           1|
    |and_ln59_7723_fu_320339_p2     |       and|   0|  0|    2|           1|           1|
    |and_ln59_7724_fu_288952_p2     |       and|   0|  0|    2|           1|           1|
    |and_ln59_7725_fu_288982_p2     |       and|   0|  0|    2|           1|           1|
    |and_ln59_7726_fu_289025_p2     |       and|   0|  0|    2|           1|           1|
    |and_ln59_7727_fu_320363_p2     |       and|   0|  0|    2|           1|           1|
    |and_ln59_7728_fu_289056_p2     |       and|   0|  0|    2|           1|           1|
    |and_ln59_7729_fu_289062_p2     |       and|   0|  0|    2|           1|           1|
    |and_ln59_7730_fu_320378_p2     |       and|   0|  0|    2|           1|           1|
    |and_ln59_7731_fu_289113_p2     |       and|   0|  0|    2|           1|           1|
    |and_ln59_7732_fu_289143_p2     |       and|   0|  0|    2|           1|           1|
    |and_ln59_7733_fu_289186_p2     |       and|   0|  0|    2|           1|           1|
    |and_ln59_7734_fu_320402_p2     |       and|   0|  0|    2|           1|           1|
    |and_ln59_7735_fu_289217_p2     |       and|   0|  0|    2|           1|           1|
    |and_ln59_7736_fu_289223_p2     |       and|   0|  0|    2|           1|           1|
    |and_ln59_7737_fu_320417_p2     |       and|   0|  0|    2|           1|           1|
    |and_ln59_7738_fu_289274_p2     |       and|   0|  0|    2|           1|           1|
    |and_ln59_7739_fu_289304_p2     |       and|   0|  0|    2|           1|           1|
    |and_ln59_7740_fu_289347_p2     |       and|   0|  0|    2|           1|           1|
    |and_ln59_7741_fu_320441_p2     |       and|   0|  0|    2|           1|           1|
    |and_ln59_7742_fu_289378_p2     |       and|   0|  0|    2|           1|           1|
    |and_ln59_7743_fu_289384_p2     |       and|   0|  0|    2|           1|           1|
    |and_ln59_7744_fu_320456_p2     |       and|   0|  0|    2|           1|           1|
    |and_ln59_7745_fu_289435_p2     |       and|   0|  0|    2|           1|           1|
    |and_ln59_7746_fu_289465_p2     |       and|   0|  0|    2|           1|           1|
    |and_ln59_7747_fu_289508_p2     |       and|   0|  0|    2|           1|           1|
    |and_ln59_7748_fu_320480_p2     |       and|   0|  0|    2|           1|           1|
    |and_ln59_7749_fu_289539_p2     |       and|   0|  0|    2|           1|           1|
    |and_ln59_7750_fu_289545_p2     |       and|   0|  0|    2|           1|           1|
    |and_ln59_7751_fu_320495_p2     |       and|   0|  0|    2|           1|           1|
    |and_ln59_7752_fu_289596_p2     |       and|   0|  0|    2|           1|           1|
    |and_ln59_7753_fu_289626_p2     |       and|   0|  0|    2|           1|           1|
    |and_ln59_7754_fu_289669_p2     |       and|   0|  0|    2|           1|           1|
    |and_ln59_7755_fu_320519_p2     |       and|   0|  0|    2|           1|           1|
    |and_ln59_7756_fu_289700_p2     |       and|   0|  0|    2|           1|           1|
    |and_ln59_7757_fu_289706_p2     |       and|   0|  0|    2|           1|           1|
    |and_ln59_7758_fu_320534_p2     |       and|   0|  0|    2|           1|           1|
    |and_ln59_7759_fu_289757_p2     |       and|   0|  0|    2|           1|           1|
    |and_ln59_7760_fu_289787_p2     |       and|   0|  0|    2|           1|           1|
    |and_ln59_7761_fu_289830_p2     |       and|   0|  0|    2|           1|           1|
    |and_ln59_7762_fu_320558_p2     |       and|   0|  0|    2|           1|           1|
    |and_ln59_7763_fu_289861_p2     |       and|   0|  0|    2|           1|           1|
    |and_ln59_7764_fu_289867_p2     |       and|   0|  0|    2|           1|           1|
    |and_ln59_7765_fu_320573_p2     |       and|   0|  0|    2|           1|           1|
    |and_ln59_7766_fu_289918_p2     |       and|   0|  0|    2|           1|           1|
    |and_ln59_7767_fu_289948_p2     |       and|   0|  0|    2|           1|           1|
    |and_ln59_7768_fu_289991_p2     |       and|   0|  0|    2|           1|           1|
    |and_ln59_7769_fu_320597_p2     |       and|   0|  0|    2|           1|           1|
    |and_ln59_7770_fu_290022_p2     |       and|   0|  0|    2|           1|           1|
    |and_ln59_7771_fu_290028_p2     |       and|   0|  0|    2|           1|           1|
    |and_ln59_7772_fu_320612_p2     |       and|   0|  0|    2|           1|           1|
    |and_ln59_7773_fu_290079_p2     |       and|   0|  0|    2|           1|           1|
    |and_ln59_7774_fu_290109_p2     |       and|   0|  0|    2|           1|           1|
    |and_ln59_7775_fu_290152_p2     |       and|   0|  0|    2|           1|           1|
    |and_ln59_7776_fu_320636_p2     |       and|   0|  0|    2|           1|           1|
    |and_ln59_7777_fu_290183_p2     |       and|   0|  0|    2|           1|           1|
    |and_ln59_7778_fu_290189_p2     |       and|   0|  0|    2|           1|           1|
    |and_ln59_7779_fu_320651_p2     |       and|   0|  0|    2|           1|           1|
    |and_ln59_7780_fu_290240_p2     |       and|   0|  0|    2|           1|           1|
    |and_ln59_7781_fu_290270_p2     |       and|   0|  0|    2|           1|           1|
    |and_ln59_7782_fu_290313_p2     |       and|   0|  0|    2|           1|           1|
    |and_ln59_7783_fu_320675_p2     |       and|   0|  0|    2|           1|           1|
    |and_ln59_7784_fu_290344_p2     |       and|   0|  0|    2|           1|           1|
    |and_ln59_7785_fu_290350_p2     |       and|   0|  0|    2|           1|           1|
    |and_ln59_7786_fu_320690_p2     |       and|   0|  0|    2|           1|           1|
    |and_ln59_7787_fu_290401_p2     |       and|   0|  0|    2|           1|           1|
    |and_ln59_7788_fu_290431_p2     |       and|   0|  0|    2|           1|           1|
    |and_ln59_7789_fu_290474_p2     |       and|   0|  0|    2|           1|           1|
    |and_ln59_7790_fu_320714_p2     |       and|   0|  0|    2|           1|           1|
    |and_ln59_7791_fu_290505_p2     |       and|   0|  0|    2|           1|           1|
    |and_ln59_7792_fu_290511_p2     |       and|   0|  0|    2|           1|           1|
    |and_ln59_7793_fu_320729_p2     |       and|   0|  0|    2|           1|           1|
    |and_ln59_7794_fu_290562_p2     |       and|   0|  0|    2|           1|           1|
    |and_ln59_7795_fu_290592_p2     |       and|   0|  0|    2|           1|           1|
    |and_ln59_7796_fu_290635_p2     |       and|   0|  0|    2|           1|           1|
    |and_ln59_7797_fu_320753_p2     |       and|   0|  0|    2|           1|           1|
    |and_ln59_7798_fu_290666_p2     |       and|   0|  0|    2|           1|           1|
    |and_ln59_7799_fu_290672_p2     |       and|   0|  0|    2|           1|           1|
    |and_ln59_7800_fu_320768_p2     |       and|   0|  0|    2|           1|           1|
    |and_ln59_7801_fu_290723_p2     |       and|   0|  0|    2|           1|           1|
    |and_ln59_7802_fu_290753_p2     |       and|   0|  0|    2|           1|           1|
    |and_ln59_7803_fu_290796_p2     |       and|   0|  0|    2|           1|           1|
    |and_ln59_7804_fu_320792_p2     |       and|   0|  0|    2|           1|           1|
    |and_ln59_7805_fu_290827_p2     |       and|   0|  0|    2|           1|           1|
    |and_ln59_7806_fu_290833_p2     |       and|   0|  0|    2|           1|           1|
    |and_ln59_7807_fu_320807_p2     |       and|   0|  0|    2|           1|           1|
    |and_ln59_7808_fu_290884_p2     |       and|   0|  0|    2|           1|           1|
    |and_ln59_7809_fu_290914_p2     |       and|   0|  0|    2|           1|           1|
    |and_ln59_7810_fu_290957_p2     |       and|   0|  0|    2|           1|           1|
    |and_ln59_7811_fu_320831_p2     |       and|   0|  0|    2|           1|           1|
    |and_ln59_7812_fu_290988_p2     |       and|   0|  0|    2|           1|           1|
    |and_ln59_7813_fu_290994_p2     |       and|   0|  0|    2|           1|           1|
    |and_ln59_7814_fu_320846_p2     |       and|   0|  0|    2|           1|           1|
    |and_ln59_7815_fu_291045_p2     |       and|   0|  0|    2|           1|           1|
    |and_ln59_7816_fu_291075_p2     |       and|   0|  0|    2|           1|           1|
    |and_ln59_7817_fu_291118_p2     |       and|   0|  0|    2|           1|           1|
    |and_ln59_7818_fu_320870_p2     |       and|   0|  0|    2|           1|           1|
    |and_ln59_7819_fu_291149_p2     |       and|   0|  0|    2|           1|           1|
    |and_ln59_7820_fu_291155_p2     |       and|   0|  0|    2|           1|           1|
    |and_ln59_7821_fu_320885_p2     |       and|   0|  0|    2|           1|           1|
    |and_ln59_7822_fu_291206_p2     |       and|   0|  0|    2|           1|           1|
    |and_ln59_7823_fu_291236_p2     |       and|   0|  0|    2|           1|           1|
    |and_ln59_7824_fu_291279_p2     |       and|   0|  0|    2|           1|           1|
    |and_ln59_7825_fu_320909_p2     |       and|   0|  0|    2|           1|           1|
    |and_ln59_7826_fu_291310_p2     |       and|   0|  0|    2|           1|           1|
    |and_ln59_7827_fu_291316_p2     |       and|   0|  0|    2|           1|           1|
    |and_ln59_7828_fu_320924_p2     |       and|   0|  0|    2|           1|           1|
    |and_ln59_7829_fu_291367_p2     |       and|   0|  0|    2|           1|           1|
    |and_ln59_7830_fu_291397_p2     |       and|   0|  0|    2|           1|           1|
    |and_ln59_7831_fu_291440_p2     |       and|   0|  0|    2|           1|           1|
    |and_ln59_7832_fu_320948_p2     |       and|   0|  0|    2|           1|           1|
    |and_ln59_7833_fu_291471_p2     |       and|   0|  0|    2|           1|           1|
    |and_ln59_7834_fu_291477_p2     |       and|   0|  0|    2|           1|           1|
    |and_ln59_7835_fu_320963_p2     |       and|   0|  0|    2|           1|           1|
    |and_ln59_7836_fu_291528_p2     |       and|   0|  0|    2|           1|           1|
    |and_ln59_7837_fu_291558_p2     |       and|   0|  0|    2|           1|           1|
    |and_ln59_7838_fu_291601_p2     |       and|   0|  0|    2|           1|           1|
    |and_ln59_7839_fu_320987_p2     |       and|   0|  0|    2|           1|           1|
    |and_ln59_7840_fu_291632_p2     |       and|   0|  0|    2|           1|           1|
    |and_ln59_7841_fu_291638_p2     |       and|   0|  0|    2|           1|           1|
    |and_ln59_7842_fu_321002_p2     |       and|   0|  0|    2|           1|           1|
    |and_ln59_7843_fu_291689_p2     |       and|   0|  0|    2|           1|           1|
    |and_ln59_7844_fu_291719_p2     |       and|   0|  0|    2|           1|           1|
    |and_ln59_7845_fu_291762_p2     |       and|   0|  0|    2|           1|           1|
    |and_ln59_7846_fu_321026_p2     |       and|   0|  0|    2|           1|           1|
    |and_ln59_7847_fu_291793_p2     |       and|   0|  0|    2|           1|           1|
    |and_ln59_7848_fu_291799_p2     |       and|   0|  0|    2|           1|           1|
    |and_ln59_7849_fu_321041_p2     |       and|   0|  0|    2|           1|           1|
    |and_ln59_7850_fu_291850_p2     |       and|   0|  0|    2|           1|           1|
    |and_ln59_7851_fu_291880_p2     |       and|   0|  0|    2|           1|           1|
    |and_ln59_7852_fu_291923_p2     |       and|   0|  0|    2|           1|           1|
    |and_ln59_7853_fu_321065_p2     |       and|   0|  0|    2|           1|           1|
    |and_ln59_7854_fu_291954_p2     |       and|   0|  0|    2|           1|           1|
    |and_ln59_7855_fu_291960_p2     |       and|   0|  0|    2|           1|           1|
    |and_ln59_7856_fu_321080_p2     |       and|   0|  0|    2|           1|           1|
    |and_ln59_7857_fu_292011_p2     |       and|   0|  0|    2|           1|           1|
    |and_ln59_7858_fu_292041_p2     |       and|   0|  0|    2|           1|           1|
    |and_ln59_7859_fu_292084_p2     |       and|   0|  0|    2|           1|           1|
    |and_ln59_7860_fu_321104_p2     |       and|   0|  0|    2|           1|           1|
    |and_ln59_7861_fu_292115_p2     |       and|   0|  0|    2|           1|           1|
    |and_ln59_7862_fu_292121_p2     |       and|   0|  0|    2|           1|           1|
    |and_ln59_7863_fu_321119_p2     |       and|   0|  0|    2|           1|           1|
    |and_ln59_7864_fu_292172_p2     |       and|   0|  0|    2|           1|           1|
    |and_ln59_7865_fu_292202_p2     |       and|   0|  0|    2|           1|           1|
    |and_ln59_7866_fu_292245_p2     |       and|   0|  0|    2|           1|           1|
    |and_ln59_7867_fu_321143_p2     |       and|   0|  0|    2|           1|           1|
    |and_ln59_7868_fu_292276_p2     |       and|   0|  0|    2|           1|           1|
    |and_ln59_7869_fu_292282_p2     |       and|   0|  0|    2|           1|           1|
    |and_ln59_7870_fu_321158_p2     |       and|   0|  0|    2|           1|           1|
    |and_ln59_7871_fu_292333_p2     |       and|   0|  0|    2|           1|           1|
    |and_ln59_7872_fu_292363_p2     |       and|   0|  0|    2|           1|           1|
    |and_ln59_7873_fu_292406_p2     |       and|   0|  0|    2|           1|           1|
    |and_ln59_7874_fu_321182_p2     |       and|   0|  0|    2|           1|           1|
    |and_ln59_7875_fu_292437_p2     |       and|   0|  0|    2|           1|           1|
    |and_ln59_7876_fu_292443_p2     |       and|   0|  0|    2|           1|           1|
    |and_ln59_7877_fu_321197_p2     |       and|   0|  0|    2|           1|           1|
    |and_ln59_7878_fu_292494_p2     |       and|   0|  0|    2|           1|           1|
    |and_ln59_7879_fu_292524_p2     |       and|   0|  0|    2|           1|           1|
    |and_ln59_7880_fu_292567_p2     |       and|   0|  0|    2|           1|           1|
    |and_ln59_7881_fu_321221_p2     |       and|   0|  0|    2|           1|           1|
    |and_ln59_7882_fu_292598_p2     |       and|   0|  0|    2|           1|           1|
    |and_ln59_7883_fu_292604_p2     |       and|   0|  0|    2|           1|           1|
    |and_ln59_7884_fu_321236_p2     |       and|   0|  0|    2|           1|           1|
    |and_ln59_7885_fu_292655_p2     |       and|   0|  0|    2|           1|           1|
    |and_ln59_7886_fu_292685_p2     |       and|   0|  0|    2|           1|           1|
    |and_ln59_7887_fu_292728_p2     |       and|   0|  0|    2|           1|           1|
    |and_ln59_7888_fu_321260_p2     |       and|   0|  0|    2|           1|           1|
    |and_ln59_7889_fu_292759_p2     |       and|   0|  0|    2|           1|           1|
    |and_ln59_7890_fu_292765_p2     |       and|   0|  0|    2|           1|           1|
    |and_ln59_7891_fu_321275_p2     |       and|   0|  0|    2|           1|           1|
    |and_ln59_7892_fu_292816_p2     |       and|   0|  0|    2|           1|           1|
    |and_ln59_7893_fu_292846_p2     |       and|   0|  0|    2|           1|           1|
    |and_ln59_7894_fu_292889_p2     |       and|   0|  0|    2|           1|           1|
    |and_ln59_7895_fu_321299_p2     |       and|   0|  0|    2|           1|           1|
    |and_ln59_7896_fu_292920_p2     |       and|   0|  0|    2|           1|           1|
    |and_ln59_7897_fu_292926_p2     |       and|   0|  0|    2|           1|           1|
    |and_ln59_7898_fu_321314_p2     |       and|   0|  0|    2|           1|           1|
    |and_ln59_7899_fu_292977_p2     |       and|   0|  0|    2|           1|           1|
    |and_ln59_7900_fu_293007_p2     |       and|   0|  0|    2|           1|           1|
    |and_ln59_7901_fu_293050_p2     |       and|   0|  0|    2|           1|           1|
    |and_ln59_7902_fu_321338_p2     |       and|   0|  0|    2|           1|           1|
    |and_ln59_7903_fu_293081_p2     |       and|   0|  0|    2|           1|           1|
    |and_ln59_7904_fu_293087_p2     |       and|   0|  0|    2|           1|           1|
    |and_ln59_7905_fu_321353_p2     |       and|   0|  0|    2|           1|           1|
    |and_ln59_7906_fu_293138_p2     |       and|   0|  0|    2|           1|           1|
    |and_ln59_7907_fu_293168_p2     |       and|   0|  0|    2|           1|           1|
    |and_ln59_7908_fu_293211_p2     |       and|   0|  0|    2|           1|           1|
    |and_ln59_7909_fu_321377_p2     |       and|   0|  0|    2|           1|           1|
    |and_ln59_7910_fu_293242_p2     |       and|   0|  0|    2|           1|           1|
    |and_ln59_7911_fu_293248_p2     |       and|   0|  0|    2|           1|           1|
    |and_ln59_7912_fu_321392_p2     |       and|   0|  0|    2|           1|           1|
    |and_ln59_7913_fu_293299_p2     |       and|   0|  0|    2|           1|           1|
    |and_ln59_7914_fu_293329_p2     |       and|   0|  0|    2|           1|           1|
    |and_ln59_7915_fu_293372_p2     |       and|   0|  0|    2|           1|           1|
    |and_ln59_7916_fu_321416_p2     |       and|   0|  0|    2|           1|           1|
    |and_ln59_7917_fu_293403_p2     |       and|   0|  0|    2|           1|           1|
    |and_ln59_7918_fu_293409_p2     |       and|   0|  0|    2|           1|           1|
    |and_ln59_7919_fu_321431_p2     |       and|   0|  0|    2|           1|           1|
    |and_ln59_7920_fu_293460_p2     |       and|   0|  0|    2|           1|           1|
    |and_ln59_7921_fu_293490_p2     |       and|   0|  0|    2|           1|           1|
    |and_ln59_7922_fu_293533_p2     |       and|   0|  0|    2|           1|           1|
    |and_ln59_7923_fu_321455_p2     |       and|   0|  0|    2|           1|           1|
    |and_ln59_7924_fu_293564_p2     |       and|   0|  0|    2|           1|           1|
    |and_ln59_7925_fu_293570_p2     |       and|   0|  0|    2|           1|           1|
    |and_ln59_7926_fu_321470_p2     |       and|   0|  0|    2|           1|           1|
    |and_ln59_7927_fu_293621_p2     |       and|   0|  0|    2|           1|           1|
    |and_ln59_7928_fu_293651_p2     |       and|   0|  0|    2|           1|           1|
    |and_ln59_7929_fu_293694_p2     |       and|   0|  0|    2|           1|           1|
    |and_ln59_7930_fu_321494_p2     |       and|   0|  0|    2|           1|           1|
    |and_ln59_7931_fu_293725_p2     |       and|   0|  0|    2|           1|           1|
    |and_ln59_7932_fu_293731_p2     |       and|   0|  0|    2|           1|           1|
    |and_ln59_7933_fu_321509_p2     |       and|   0|  0|    2|           1|           1|
    |and_ln59_7934_fu_293782_p2     |       and|   0|  0|    2|           1|           1|
    |and_ln59_7935_fu_293812_p2     |       and|   0|  0|    2|           1|           1|
    |and_ln59_7936_fu_293855_p2     |       and|   0|  0|    2|           1|           1|
    |and_ln59_7937_fu_321533_p2     |       and|   0|  0|    2|           1|           1|
    |and_ln59_7938_fu_293886_p2     |       and|   0|  0|    2|           1|           1|
    |and_ln59_7939_fu_293892_p2     |       and|   0|  0|    2|           1|           1|
    |and_ln59_7940_fu_321548_p2     |       and|   0|  0|    2|           1|           1|
    |and_ln59_7941_fu_293943_p2     |       and|   0|  0|    2|           1|           1|
    |and_ln59_7942_fu_293973_p2     |       and|   0|  0|    2|           1|           1|
    |and_ln59_7943_fu_294016_p2     |       and|   0|  0|    2|           1|           1|
    |and_ln59_7944_fu_321572_p2     |       and|   0|  0|    2|           1|           1|
    |and_ln59_7945_fu_294047_p2     |       and|   0|  0|    2|           1|           1|
    |and_ln59_7946_fu_294053_p2     |       and|   0|  0|    2|           1|           1|
    |and_ln59_7947_fu_321587_p2     |       and|   0|  0|    2|           1|           1|
    |and_ln59_7948_fu_294104_p2     |       and|   0|  0|    2|           1|           1|
    |and_ln59_7949_fu_294134_p2     |       and|   0|  0|    2|           1|           1|
    |and_ln59_7950_fu_294177_p2     |       and|   0|  0|    2|           1|           1|
    |and_ln59_7951_fu_321611_p2     |       and|   0|  0|    2|           1|           1|
    |and_ln59_7952_fu_294208_p2     |       and|   0|  0|    2|           1|           1|
    |and_ln59_7953_fu_294214_p2     |       and|   0|  0|    2|           1|           1|
    |and_ln59_7954_fu_321626_p2     |       and|   0|  0|    2|           1|           1|
    |and_ln59_7955_fu_294265_p2     |       and|   0|  0|    2|           1|           1|
    |and_ln59_7956_fu_294295_p2     |       and|   0|  0|    2|           1|           1|
    |and_ln59_7957_fu_294338_p2     |       and|   0|  0|    2|           1|           1|
    |and_ln59_7958_fu_321650_p2     |       and|   0|  0|    2|           1|           1|
    |and_ln59_7959_fu_294369_p2     |       and|   0|  0|    2|           1|           1|
    |and_ln59_7960_fu_294375_p2     |       and|   0|  0|    2|           1|           1|
    |and_ln59_7961_fu_321665_p2     |       and|   0|  0|    2|           1|           1|
    |and_ln59_7962_fu_294426_p2     |       and|   0|  0|    2|           1|           1|
    |and_ln59_7963_fu_294456_p2     |       and|   0|  0|    2|           1|           1|
    |and_ln59_7964_fu_294499_p2     |       and|   0|  0|    2|           1|           1|
    |and_ln59_7965_fu_321689_p2     |       and|   0|  0|    2|           1|           1|
    |and_ln59_7966_fu_294530_p2     |       and|   0|  0|    2|           1|           1|
    |and_ln59_7967_fu_294536_p2     |       and|   0|  0|    2|           1|           1|
    |and_ln59_7968_fu_321704_p2     |       and|   0|  0|    2|           1|           1|
    |and_ln59_7969_fu_294587_p2     |       and|   0|  0|    2|           1|           1|
    |and_ln59_7970_fu_294617_p2     |       and|   0|  0|    2|           1|           1|
    |and_ln59_7971_fu_294660_p2     |       and|   0|  0|    2|           1|           1|
    |and_ln59_7972_fu_321728_p2     |       and|   0|  0|    2|           1|           1|
    |and_ln59_7973_fu_294691_p2     |       and|   0|  0|    2|           1|           1|
    |and_ln59_7974_fu_294697_p2     |       and|   0|  0|    2|           1|           1|
    |and_ln59_7975_fu_321743_p2     |       and|   0|  0|    2|           1|           1|
    |and_ln59_7976_fu_294748_p2     |       and|   0|  0|    2|           1|           1|
    |and_ln59_7977_fu_294778_p2     |       and|   0|  0|    2|           1|           1|
    |and_ln59_7978_fu_294821_p2     |       and|   0|  0|    2|           1|           1|
    |and_ln59_7979_fu_321767_p2     |       and|   0|  0|    2|           1|           1|
    |and_ln59_7980_fu_294852_p2     |       and|   0|  0|    2|           1|           1|
    |and_ln59_7981_fu_294858_p2     |       and|   0|  0|    2|           1|           1|
    |and_ln59_7982_fu_321782_p2     |       and|   0|  0|    2|           1|           1|
    |and_ln59_7983_fu_294909_p2     |       and|   0|  0|    2|           1|           1|
    |and_ln59_7984_fu_294939_p2     |       and|   0|  0|    2|           1|           1|
    |and_ln59_7985_fu_294982_p2     |       and|   0|  0|    2|           1|           1|
    |and_ln59_7986_fu_321806_p2     |       and|   0|  0|    2|           1|           1|
    |and_ln59_7987_fu_295013_p2     |       and|   0|  0|    2|           1|           1|
    |and_ln59_7988_fu_295019_p2     |       and|   0|  0|    2|           1|           1|
    |and_ln59_7989_fu_321821_p2     |       and|   0|  0|    2|           1|           1|
    |and_ln59_7990_fu_295070_p2     |       and|   0|  0|    2|           1|           1|
    |and_ln59_7991_fu_295100_p2     |       and|   0|  0|    2|           1|           1|
    |and_ln59_7992_fu_295143_p2     |       and|   0|  0|    2|           1|           1|
    |and_ln59_7993_fu_321845_p2     |       and|   0|  0|    2|           1|           1|
    |and_ln59_7994_fu_295174_p2     |       and|   0|  0|    2|           1|           1|
    |and_ln59_7995_fu_295180_p2     |       and|   0|  0|    2|           1|           1|
    |and_ln59_7996_fu_321860_p2     |       and|   0|  0|    2|           1|           1|
    |and_ln59_7997_fu_295231_p2     |       and|   0|  0|    2|           1|           1|
    |and_ln59_7998_fu_295261_p2     |       and|   0|  0|    2|           1|           1|
    |and_ln59_7999_fu_295304_p2     |       and|   0|  0|    2|           1|           1|
    |and_ln59_8000_fu_321884_p2     |       and|   0|  0|    2|           1|           1|
    |and_ln59_8001_fu_295335_p2     |       and|   0|  0|    2|           1|           1|
    |and_ln59_8002_fu_295341_p2     |       and|   0|  0|    2|           1|           1|
    |and_ln59_8003_fu_321899_p2     |       and|   0|  0|    2|           1|           1|
    |and_ln59_8004_fu_295392_p2     |       and|   0|  0|    2|           1|           1|
    |and_ln59_8005_fu_295422_p2     |       and|   0|  0|    2|           1|           1|
    |and_ln59_8006_fu_295465_p2     |       and|   0|  0|    2|           1|           1|
    |and_ln59_8007_fu_321923_p2     |       and|   0|  0|    2|           1|           1|
    |and_ln59_8008_fu_295496_p2     |       and|   0|  0|    2|           1|           1|
    |and_ln59_8009_fu_295502_p2     |       and|   0|  0|    2|           1|           1|
    |and_ln59_8010_fu_321938_p2     |       and|   0|  0|    2|           1|           1|
    |and_ln59_8011_fu_295553_p2     |       and|   0|  0|    2|           1|           1|
    |and_ln59_8012_fu_295583_p2     |       and|   0|  0|    2|           1|           1|
    |and_ln59_8013_fu_295626_p2     |       and|   0|  0|    2|           1|           1|
    |and_ln59_8014_fu_321962_p2     |       and|   0|  0|    2|           1|           1|
    |and_ln59_8015_fu_295657_p2     |       and|   0|  0|    2|           1|           1|
    |and_ln59_8016_fu_295663_p2     |       and|   0|  0|    2|           1|           1|
    |and_ln59_8017_fu_321977_p2     |       and|   0|  0|    2|           1|           1|
    |and_ln59_8018_fu_295714_p2     |       and|   0|  0|    2|           1|           1|
    |and_ln59_8019_fu_295744_p2     |       and|   0|  0|    2|           1|           1|
    |and_ln59_8020_fu_295787_p2     |       and|   0|  0|    2|           1|           1|
    |and_ln59_8021_fu_322001_p2     |       and|   0|  0|    2|           1|           1|
    |and_ln59_8022_fu_295818_p2     |       and|   0|  0|    2|           1|           1|
    |and_ln59_8023_fu_295824_p2     |       and|   0|  0|    2|           1|           1|
    |and_ln59_8024_fu_322016_p2     |       and|   0|  0|    2|           1|           1|
    |and_ln59_8025_fu_295875_p2     |       and|   0|  0|    2|           1|           1|
    |and_ln59_8026_fu_295905_p2     |       and|   0|  0|    2|           1|           1|
    |and_ln59_8027_fu_295948_p2     |       and|   0|  0|    2|           1|           1|
    |and_ln59_8028_fu_322040_p2     |       and|   0|  0|    2|           1|           1|
    |and_ln59_8029_fu_295979_p2     |       and|   0|  0|    2|           1|           1|
    |and_ln59_8030_fu_295985_p2     |       and|   0|  0|    2|           1|           1|
    |and_ln59_8031_fu_322055_p2     |       and|   0|  0|    2|           1|           1|
    |and_ln59_8032_fu_296036_p2     |       and|   0|  0|    2|           1|           1|
    |and_ln59_8033_fu_296066_p2     |       and|   0|  0|    2|           1|           1|
    |and_ln59_8034_fu_296109_p2     |       and|   0|  0|    2|           1|           1|
    |and_ln59_8035_fu_322079_p2     |       and|   0|  0|    2|           1|           1|
    |and_ln59_8036_fu_296140_p2     |       and|   0|  0|    2|           1|           1|
    |and_ln59_8037_fu_296146_p2     |       and|   0|  0|    2|           1|           1|
    |and_ln59_8038_fu_322094_p2     |       and|   0|  0|    2|           1|           1|
    |and_ln59_8039_fu_296197_p2     |       and|   0|  0|    2|           1|           1|
    |and_ln59_8040_fu_296227_p2     |       and|   0|  0|    2|           1|           1|
    |and_ln59_8041_fu_296270_p2     |       and|   0|  0|    2|           1|           1|
    |and_ln59_8042_fu_322118_p2     |       and|   0|  0|    2|           1|           1|
    |and_ln59_8043_fu_296301_p2     |       and|   0|  0|    2|           1|           1|
    |and_ln59_8044_fu_296307_p2     |       and|   0|  0|    2|           1|           1|
    |and_ln59_8045_fu_322133_p2     |       and|   0|  0|    2|           1|           1|
    |and_ln59_8046_fu_296358_p2     |       and|   0|  0|    2|           1|           1|
    |and_ln59_8047_fu_296388_p2     |       and|   0|  0|    2|           1|           1|
    |and_ln59_8048_fu_296431_p2     |       and|   0|  0|    2|           1|           1|
    |and_ln59_8049_fu_322157_p2     |       and|   0|  0|    2|           1|           1|
    |and_ln59_8050_fu_296462_p2     |       and|   0|  0|    2|           1|           1|
    |and_ln59_8051_fu_296468_p2     |       and|   0|  0|    2|           1|           1|
    |and_ln59_8052_fu_322172_p2     |       and|   0|  0|    2|           1|           1|
    |and_ln59_8053_fu_296519_p2     |       and|   0|  0|    2|           1|           1|
    |and_ln59_8054_fu_296549_p2     |       and|   0|  0|    2|           1|           1|
    |and_ln59_8055_fu_296592_p2     |       and|   0|  0|    2|           1|           1|
    |and_ln59_8056_fu_322196_p2     |       and|   0|  0|    2|           1|           1|
    |and_ln59_8057_fu_296623_p2     |       and|   0|  0|    2|           1|           1|
    |and_ln59_8058_fu_296629_p2     |       and|   0|  0|    2|           1|           1|
    |and_ln59_8059_fu_322211_p2     |       and|   0|  0|    2|           1|           1|
    |and_ln59_8060_fu_296680_p2     |       and|   0|  0|    2|           1|           1|
    |and_ln59_8061_fu_296710_p2     |       and|   0|  0|    2|           1|           1|
    |and_ln59_8062_fu_296753_p2     |       and|   0|  0|    2|           1|           1|
    |and_ln59_8063_fu_322235_p2     |       and|   0|  0|    2|           1|           1|
    |and_ln59_8064_fu_296784_p2     |       and|   0|  0|    2|           1|           1|
    |and_ln59_8065_fu_296790_p2     |       and|   0|  0|    2|           1|           1|
    |and_ln59_8066_fu_322250_p2     |       and|   0|  0|    2|           1|           1|
    |and_ln59_8067_fu_296841_p2     |       and|   0|  0|    2|           1|           1|
    |and_ln59_8068_fu_296871_p2     |       and|   0|  0|    2|           1|           1|
    |and_ln59_8069_fu_296914_p2     |       and|   0|  0|    2|           1|           1|
    |and_ln59_8070_fu_322274_p2     |       and|   0|  0|    2|           1|           1|
    |and_ln59_8071_fu_296945_p2     |       and|   0|  0|    2|           1|           1|
    |and_ln59_8072_fu_296951_p2     |       and|   0|  0|    2|           1|           1|
    |and_ln59_8073_fu_322289_p2     |       and|   0|  0|    2|           1|           1|
    |and_ln59_8074_fu_297002_p2     |       and|   0|  0|    2|           1|           1|
    |and_ln59_8075_fu_297032_p2     |       and|   0|  0|    2|           1|           1|
    |and_ln59_8076_fu_297075_p2     |       and|   0|  0|    2|           1|           1|
    |and_ln59_8077_fu_322313_p2     |       and|   0|  0|    2|           1|           1|
    |and_ln59_8078_fu_297106_p2     |       and|   0|  0|    2|           1|           1|
    |and_ln59_8079_fu_297112_p2     |       and|   0|  0|    2|           1|           1|
    |and_ln59_8080_fu_322328_p2     |       and|   0|  0|    2|           1|           1|
    |and_ln59_8081_fu_297163_p2     |       and|   0|  0|    2|           1|           1|
    |and_ln59_8082_fu_297193_p2     |       and|   0|  0|    2|           1|           1|
    |and_ln59_8083_fu_297236_p2     |       and|   0|  0|    2|           1|           1|
    |and_ln59_8084_fu_322352_p2     |       and|   0|  0|    2|           1|           1|
    |and_ln59_8085_fu_297267_p2     |       and|   0|  0|    2|           1|           1|
    |and_ln59_8086_fu_297273_p2     |       and|   0|  0|    2|           1|           1|
    |and_ln59_8087_fu_322367_p2     |       and|   0|  0|    2|           1|           1|
    |and_ln59_8088_fu_297324_p2     |       and|   0|  0|    2|           1|           1|
    |and_ln59_8089_fu_297354_p2     |       and|   0|  0|    2|           1|           1|
    |and_ln59_8090_fu_297397_p2     |       and|   0|  0|    2|           1|           1|
    |and_ln59_8091_fu_322391_p2     |       and|   0|  0|    2|           1|           1|
    |and_ln59_8092_fu_297428_p2     |       and|   0|  0|    2|           1|           1|
    |and_ln59_8093_fu_297434_p2     |       and|   0|  0|    2|           1|           1|
    |and_ln59_8094_fu_322406_p2     |       and|   0|  0|    2|           1|           1|
    |and_ln59_8095_fu_297485_p2     |       and|   0|  0|    2|           1|           1|
    |and_ln59_8096_fu_297515_p2     |       and|   0|  0|    2|           1|           1|
    |and_ln59_8097_fu_297558_p2     |       and|   0|  0|    2|           1|           1|
    |and_ln59_8098_fu_322430_p2     |       and|   0|  0|    2|           1|           1|
    |and_ln59_8099_fu_297589_p2     |       and|   0|  0|    2|           1|           1|
    |and_ln59_8100_fu_297595_p2     |       and|   0|  0|    2|           1|           1|
    |and_ln59_8101_fu_322445_p2     |       and|   0|  0|    2|           1|           1|
    |and_ln59_8102_fu_297646_p2     |       and|   0|  0|    2|           1|           1|
    |and_ln59_8103_fu_297676_p2     |       and|   0|  0|    2|           1|           1|
    |and_ln59_8104_fu_297719_p2     |       and|   0|  0|    2|           1|           1|
    |and_ln59_8105_fu_322469_p2     |       and|   0|  0|    2|           1|           1|
    |and_ln59_8106_fu_297750_p2     |       and|   0|  0|    2|           1|           1|
    |and_ln59_8107_fu_297756_p2     |       and|   0|  0|    2|           1|           1|
    |and_ln59_8108_fu_322484_p2     |       and|   0|  0|    2|           1|           1|
    |and_ln59_8109_fu_297807_p2     |       and|   0|  0|    2|           1|           1|
    |and_ln59_8110_fu_297837_p2     |       and|   0|  0|    2|           1|           1|
    |and_ln59_8111_fu_297880_p2     |       and|   0|  0|    2|           1|           1|
    |and_ln59_8112_fu_322508_p2     |       and|   0|  0|    2|           1|           1|
    |and_ln59_8113_fu_297911_p2     |       and|   0|  0|    2|           1|           1|
    |and_ln59_8114_fu_297917_p2     |       and|   0|  0|    2|           1|           1|
    |and_ln59_8115_fu_322523_p2     |       and|   0|  0|    2|           1|           1|
    |and_ln59_8116_fu_297968_p2     |       and|   0|  0|    2|           1|           1|
    |and_ln59_8117_fu_297998_p2     |       and|   0|  0|    2|           1|           1|
    |and_ln59_8118_fu_298041_p2     |       and|   0|  0|    2|           1|           1|
    |and_ln59_8119_fu_322547_p2     |       and|   0|  0|    2|           1|           1|
    |and_ln59_8120_fu_298072_p2     |       and|   0|  0|    2|           1|           1|
    |and_ln59_8121_fu_298078_p2     |       and|   0|  0|    2|           1|           1|
    |and_ln59_8122_fu_322562_p2     |       and|   0|  0|    2|           1|           1|
    |and_ln59_8123_fu_298129_p2     |       and|   0|  0|    2|           1|           1|
    |and_ln59_8124_fu_298159_p2     |       and|   0|  0|    2|           1|           1|
    |and_ln59_8125_fu_298202_p2     |       and|   0|  0|    2|           1|           1|
    |and_ln59_8126_fu_322586_p2     |       and|   0|  0|    2|           1|           1|
    |and_ln59_8127_fu_298233_p2     |       and|   0|  0|    2|           1|           1|
    |and_ln59_8128_fu_298239_p2     |       and|   0|  0|    2|           1|           1|
    |and_ln59_8129_fu_322601_p2     |       and|   0|  0|    2|           1|           1|
    |and_ln59_8130_fu_298290_p2     |       and|   0|  0|    2|           1|           1|
    |and_ln59_8131_fu_298320_p2     |       and|   0|  0|    2|           1|           1|
    |and_ln59_8132_fu_298363_p2     |       and|   0|  0|    2|           1|           1|
    |and_ln59_8133_fu_322625_p2     |       and|   0|  0|    2|           1|           1|
    |and_ln59_8134_fu_298394_p2     |       and|   0|  0|    2|           1|           1|
    |and_ln59_8135_fu_298400_p2     |       and|   0|  0|    2|           1|           1|
    |and_ln59_8136_fu_322640_p2     |       and|   0|  0|    2|           1|           1|
    |and_ln59_8137_fu_298451_p2     |       and|   0|  0|    2|           1|           1|
    |and_ln59_8138_fu_298481_p2     |       and|   0|  0|    2|           1|           1|
    |and_ln59_8139_fu_298524_p2     |       and|   0|  0|    2|           1|           1|
    |and_ln59_8140_fu_322664_p2     |       and|   0|  0|    2|           1|           1|
    |and_ln59_8141_fu_298555_p2     |       and|   0|  0|    2|           1|           1|
    |and_ln59_8142_fu_298561_p2     |       and|   0|  0|    2|           1|           1|
    |and_ln59_8143_fu_322679_p2     |       and|   0|  0|    2|           1|           1|
    |and_ln59_8144_fu_298612_p2     |       and|   0|  0|    2|           1|           1|
    |and_ln59_8145_fu_298642_p2     |       and|   0|  0|    2|           1|           1|
    |and_ln59_8146_fu_298685_p2     |       and|   0|  0|    2|           1|           1|
    |and_ln59_8147_fu_322703_p2     |       and|   0|  0|    2|           1|           1|
    |and_ln59_8148_fu_298716_p2     |       and|   0|  0|    2|           1|           1|
    |and_ln59_8149_fu_298722_p2     |       and|   0|  0|    2|           1|           1|
    |and_ln59_8150_fu_322718_p2     |       and|   0|  0|    2|           1|           1|
    |and_ln59_8151_fu_298773_p2     |       and|   0|  0|    2|           1|           1|
    |and_ln59_8152_fu_298803_p2     |       and|   0|  0|    2|           1|           1|
    |and_ln59_8153_fu_298846_p2     |       and|   0|  0|    2|           1|           1|
    |and_ln59_8154_fu_322742_p2     |       and|   0|  0|    2|           1|           1|
    |and_ln59_8155_fu_298877_p2     |       and|   0|  0|    2|           1|           1|
    |and_ln59_8156_fu_298883_p2     |       and|   0|  0|    2|           1|           1|
    |and_ln59_8157_fu_322757_p2     |       and|   0|  0|    2|           1|           1|
    |and_ln59_8158_fu_298934_p2     |       and|   0|  0|    2|           1|           1|
    |and_ln59_8159_fu_298964_p2     |       and|   0|  0|    2|           1|           1|
    |and_ln59_8160_fu_299007_p2     |       and|   0|  0|    2|           1|           1|
    |and_ln59_8161_fu_322781_p2     |       and|   0|  0|    2|           1|           1|
    |and_ln59_8162_fu_299038_p2     |       and|   0|  0|    2|           1|           1|
    |and_ln59_8163_fu_299044_p2     |       and|   0|  0|    2|           1|           1|
    |and_ln59_8164_fu_322796_p2     |       and|   0|  0|    2|           1|           1|
    |and_ln59_8165_fu_299095_p2     |       and|   0|  0|    2|           1|           1|
    |and_ln59_8166_fu_299125_p2     |       and|   0|  0|    2|           1|           1|
    |and_ln59_8167_fu_299168_p2     |       and|   0|  0|    2|           1|           1|
    |and_ln59_8168_fu_322820_p2     |       and|   0|  0|    2|           1|           1|
    |and_ln59_8169_fu_299199_p2     |       and|   0|  0|    2|           1|           1|
    |and_ln59_8170_fu_299205_p2     |       and|   0|  0|    2|           1|           1|
    |and_ln59_8171_fu_322835_p2     |       and|   0|  0|    2|           1|           1|
    |and_ln59_8172_fu_299256_p2     |       and|   0|  0|    2|           1|           1|
    |and_ln59_8173_fu_299286_p2     |       and|   0|  0|    2|           1|           1|
    |and_ln59_8174_fu_299329_p2     |       and|   0|  0|    2|           1|           1|
    |and_ln59_8175_fu_322859_p2     |       and|   0|  0|    2|           1|           1|
    |and_ln59_8176_fu_299360_p2     |       and|   0|  0|    2|           1|           1|
    |and_ln59_8177_fu_299366_p2     |       and|   0|  0|    2|           1|           1|
    |and_ln59_8178_fu_322874_p2     |       and|   0|  0|    2|           1|           1|
    |and_ln59_8179_fu_299417_p2     |       and|   0|  0|    2|           1|           1|
    |and_ln59_8180_fu_299447_p2     |       and|   0|  0|    2|           1|           1|
    |and_ln59_8181_fu_299490_p2     |       and|   0|  0|    2|           1|           1|
    |and_ln59_8182_fu_322898_p2     |       and|   0|  0|    2|           1|           1|
    |and_ln59_8183_fu_299521_p2     |       and|   0|  0|    2|           1|           1|
    |and_ln59_8184_fu_299527_p2     |       and|   0|  0|    2|           1|           1|
    |and_ln59_8185_fu_322913_p2     |       and|   0|  0|    2|           1|           1|
    |and_ln59_8186_fu_299578_p2     |       and|   0|  0|    2|           1|           1|
    |and_ln59_8187_fu_299608_p2     |       and|   0|  0|    2|           1|           1|
    |and_ln59_8188_fu_299651_p2     |       and|   0|  0|    2|           1|           1|
    |and_ln59_8189_fu_322937_p2     |       and|   0|  0|    2|           1|           1|
    |and_ln59_8190_fu_299682_p2     |       and|   0|  0|    2|           1|           1|
    |and_ln59_8191_fu_299688_p2     |       and|   0|  0|    2|           1|           1|
    |and_ln59_8192_fu_322952_p2     |       and|   0|  0|    2|           1|           1|
    |and_ln59_8193_fu_299739_p2     |       and|   0|  0|    2|           1|           1|
    |and_ln59_8194_fu_299769_p2     |       and|   0|  0|    2|           1|           1|
    |and_ln59_8195_fu_299812_p2     |       and|   0|  0|    2|           1|           1|
    |and_ln59_8196_fu_322976_p2     |       and|   0|  0|    2|           1|           1|
    |and_ln59_8197_fu_299843_p2     |       and|   0|  0|    2|           1|           1|
    |and_ln59_8198_fu_299849_p2     |       and|   0|  0|    2|           1|           1|
    |and_ln59_8199_fu_322991_p2     |       and|   0|  0|    2|           1|           1|
    |and_ln59_8200_fu_299900_p2     |       and|   0|  0|    2|           1|           1|
    |and_ln59_8201_fu_299930_p2     |       and|   0|  0|    2|           1|           1|
    |and_ln59_8202_fu_299973_p2     |       and|   0|  0|    2|           1|           1|
    |and_ln59_8203_fu_323015_p2     |       and|   0|  0|    2|           1|           1|
    |and_ln59_8204_fu_300004_p2     |       and|   0|  0|    2|           1|           1|
    |and_ln59_8205_fu_300010_p2     |       and|   0|  0|    2|           1|           1|
    |and_ln59_8206_fu_323030_p2     |       and|   0|  0|    2|           1|           1|
    |and_ln59_8207_fu_300061_p2     |       and|   0|  0|    2|           1|           1|
    |and_ln59_8208_fu_300091_p2     |       and|   0|  0|    2|           1|           1|
    |and_ln59_8209_fu_300134_p2     |       and|   0|  0|    2|           1|           1|
    |and_ln59_8210_fu_323054_p2     |       and|   0|  0|    2|           1|           1|
    |and_ln59_8211_fu_300165_p2     |       and|   0|  0|    2|           1|           1|
    |and_ln59_8212_fu_300171_p2     |       and|   0|  0|    2|           1|           1|
    |and_ln59_8213_fu_323069_p2     |       and|   0|  0|    2|           1|           1|
    |and_ln59_8214_fu_300222_p2     |       and|   0|  0|    2|           1|           1|
    |and_ln59_8215_fu_300252_p2     |       and|   0|  0|    2|           1|           1|
    |and_ln59_8216_fu_300295_p2     |       and|   0|  0|    2|           1|           1|
    |and_ln59_8217_fu_323093_p2     |       and|   0|  0|    2|           1|           1|
    |and_ln59_8218_fu_300326_p2     |       and|   0|  0|    2|           1|           1|
    |and_ln59_8219_fu_300332_p2     |       and|   0|  0|    2|           1|           1|
    |and_ln59_8220_fu_323108_p2     |       and|   0|  0|    2|           1|           1|
    |and_ln59_8221_fu_300383_p2     |       and|   0|  0|    2|           1|           1|
    |and_ln59_8222_fu_300413_p2     |       and|   0|  0|    2|           1|           1|
    |and_ln59_8223_fu_300456_p2     |       and|   0|  0|    2|           1|           1|
    |and_ln59_8224_fu_323132_p2     |       and|   0|  0|    2|           1|           1|
    |and_ln59_8225_fu_300487_p2     |       and|   0|  0|    2|           1|           1|
    |and_ln59_8226_fu_300493_p2     |       and|   0|  0|    2|           1|           1|
    |and_ln59_8227_fu_323147_p2     |       and|   0|  0|    2|           1|           1|
    |and_ln59_8228_fu_300544_p2     |       and|   0|  0|    2|           1|           1|
    |and_ln59_8229_fu_300574_p2     |       and|   0|  0|    2|           1|           1|
    |and_ln59_8230_fu_300617_p2     |       and|   0|  0|    2|           1|           1|
    |and_ln59_8231_fu_323171_p2     |       and|   0|  0|    2|           1|           1|
    |and_ln59_8232_fu_300648_p2     |       and|   0|  0|    2|           1|           1|
    |and_ln59_8233_fu_300654_p2     |       and|   0|  0|    2|           1|           1|
    |and_ln59_8234_fu_323186_p2     |       and|   0|  0|    2|           1|           1|
    |and_ln59_8235_fu_300705_p2     |       and|   0|  0|    2|           1|           1|
    |and_ln59_8236_fu_300735_p2     |       and|   0|  0|    2|           1|           1|
    |and_ln59_8237_fu_300778_p2     |       and|   0|  0|    2|           1|           1|
    |and_ln59_8238_fu_323210_p2     |       and|   0|  0|    2|           1|           1|
    |and_ln59_8239_fu_300809_p2     |       and|   0|  0|    2|           1|           1|
    |and_ln59_8240_fu_300815_p2     |       and|   0|  0|    2|           1|           1|
    |and_ln59_8241_fu_323225_p2     |       and|   0|  0|    2|           1|           1|
    |and_ln59_8242_fu_300866_p2     |       and|   0|  0|    2|           1|           1|
    |and_ln59_8243_fu_300896_p2     |       and|   0|  0|    2|           1|           1|
    |and_ln59_8244_fu_300939_p2     |       and|   0|  0|    2|           1|           1|
    |and_ln59_8245_fu_323249_p2     |       and|   0|  0|    2|           1|           1|
    |and_ln59_8246_fu_300970_p2     |       and|   0|  0|    2|           1|           1|
    |and_ln59_8247_fu_300976_p2     |       and|   0|  0|    2|           1|           1|
    |and_ln59_8248_fu_323264_p2     |       and|   0|  0|    2|           1|           1|
    |and_ln59_8249_fu_301027_p2     |       and|   0|  0|    2|           1|           1|
    |and_ln59_8250_fu_301057_p2     |       and|   0|  0|    2|           1|           1|
    |and_ln59_8251_fu_301100_p2     |       and|   0|  0|    2|           1|           1|
    |and_ln59_8252_fu_323288_p2     |       and|   0|  0|    2|           1|           1|
    |and_ln59_8253_fu_301131_p2     |       and|   0|  0|    2|           1|           1|
    |and_ln59_8254_fu_301137_p2     |       and|   0|  0|    2|           1|           1|
    |and_ln59_8255_fu_323303_p2     |       and|   0|  0|    2|           1|           1|
    |and_ln59_8256_fu_301188_p2     |       and|   0|  0|    2|           1|           1|
    |and_ln59_8257_fu_301218_p2     |       and|   0|  0|    2|           1|           1|
    |and_ln59_8258_fu_301261_p2     |       and|   0|  0|    2|           1|           1|
    |and_ln59_8259_fu_323327_p2     |       and|   0|  0|    2|           1|           1|
    |and_ln59_8260_fu_301292_p2     |       and|   0|  0|    2|           1|           1|
    |and_ln59_8261_fu_301298_p2     |       and|   0|  0|    2|           1|           1|
    |and_ln59_8262_fu_323342_p2     |       and|   0|  0|    2|           1|           1|
    |and_ln59_8263_fu_301349_p2     |       and|   0|  0|    2|           1|           1|
    |and_ln59_8264_fu_301379_p2     |       and|   0|  0|    2|           1|           1|
    |and_ln59_8265_fu_301422_p2     |       and|   0|  0|    2|           1|           1|
    |and_ln59_8266_fu_323366_p2     |       and|   0|  0|    2|           1|           1|
    |and_ln59_8267_fu_301453_p2     |       and|   0|  0|    2|           1|           1|
    |and_ln59_8268_fu_301459_p2     |       and|   0|  0|    2|           1|           1|
    |and_ln59_8269_fu_323381_p2     |       and|   0|  0|    2|           1|           1|
    |and_ln59_8270_fu_301510_p2     |       and|   0|  0|    2|           1|           1|
    |and_ln59_8271_fu_301540_p2     |       and|   0|  0|    2|           1|           1|
    |and_ln59_8272_fu_301583_p2     |       and|   0|  0|    2|           1|           1|
    |and_ln59_8273_fu_323405_p2     |       and|   0|  0|    2|           1|           1|
    |and_ln59_8274_fu_301614_p2     |       and|   0|  0|    2|           1|           1|
    |and_ln59_8275_fu_301620_p2     |       and|   0|  0|    2|           1|           1|
    |and_ln59_8276_fu_323420_p2     |       and|   0|  0|    2|           1|           1|
    |and_ln59_8277_fu_301671_p2     |       and|   0|  0|    2|           1|           1|
    |and_ln59_8278_fu_301701_p2     |       and|   0|  0|    2|           1|           1|
    |and_ln59_8279_fu_301744_p2     |       and|   0|  0|    2|           1|           1|
    |and_ln59_8280_fu_323444_p2     |       and|   0|  0|    2|           1|           1|
    |and_ln59_8281_fu_301775_p2     |       and|   0|  0|    2|           1|           1|
    |and_ln59_8282_fu_301781_p2     |       and|   0|  0|    2|           1|           1|
    |and_ln59_8283_fu_323459_p2     |       and|   0|  0|    2|           1|           1|
    |and_ln59_8284_fu_301832_p2     |       and|   0|  0|    2|           1|           1|
    |and_ln59_8285_fu_301862_p2     |       and|   0|  0|    2|           1|           1|
    |and_ln59_8286_fu_301905_p2     |       and|   0|  0|    2|           1|           1|
    |and_ln59_8287_fu_323483_p2     |       and|   0|  0|    2|           1|           1|
    |and_ln59_8288_fu_301936_p2     |       and|   0|  0|    2|           1|           1|
    |and_ln59_8289_fu_301942_p2     |       and|   0|  0|    2|           1|           1|
    |and_ln59_8290_fu_323498_p2     |       and|   0|  0|    2|           1|           1|
    |and_ln59_8291_fu_301993_p2     |       and|   0|  0|    2|           1|           1|
    |and_ln59_8292_fu_302023_p2     |       and|   0|  0|    2|           1|           1|
    |and_ln59_8293_fu_302066_p2     |       and|   0|  0|    2|           1|           1|
    |and_ln59_8294_fu_323522_p2     |       and|   0|  0|    2|           1|           1|
    |and_ln59_8295_fu_302097_p2     |       and|   0|  0|    2|           1|           1|
    |and_ln59_8296_fu_302103_p2     |       and|   0|  0|    2|           1|           1|
    |and_ln59_8297_fu_323537_p2     |       and|   0|  0|    2|           1|           1|
    |and_ln59_8298_fu_302154_p2     |       and|   0|  0|    2|           1|           1|
    |and_ln59_8299_fu_302184_p2     |       and|   0|  0|    2|           1|           1|
    |and_ln59_8300_fu_302227_p2     |       and|   0|  0|    2|           1|           1|
    |and_ln59_8301_fu_323561_p2     |       and|   0|  0|    2|           1|           1|
    |and_ln59_8302_fu_302258_p2     |       and|   0|  0|    2|           1|           1|
    |and_ln59_8303_fu_302264_p2     |       and|   0|  0|    2|           1|           1|
    |and_ln59_8304_fu_323576_p2     |       and|   0|  0|    2|           1|           1|
    |and_ln59_8305_fu_302315_p2     |       and|   0|  0|    2|           1|           1|
    |and_ln59_8306_fu_302345_p2     |       and|   0|  0|    2|           1|           1|
    |and_ln59_8307_fu_302388_p2     |       and|   0|  0|    2|           1|           1|
    |and_ln59_8308_fu_323600_p2     |       and|   0|  0|    2|           1|           1|
    |and_ln59_8309_fu_302419_p2     |       and|   0|  0|    2|           1|           1|
    |and_ln59_8310_fu_302425_p2     |       and|   0|  0|    2|           1|           1|
    |and_ln59_8311_fu_323615_p2     |       and|   0|  0|    2|           1|           1|
    |and_ln59_8312_fu_302476_p2     |       and|   0|  0|    2|           1|           1|
    |and_ln59_8313_fu_302506_p2     |       and|   0|  0|    2|           1|           1|
    |and_ln59_8314_fu_302549_p2     |       and|   0|  0|    2|           1|           1|
    |and_ln59_8315_fu_323639_p2     |       and|   0|  0|    2|           1|           1|
    |and_ln59_8316_fu_302580_p2     |       and|   0|  0|    2|           1|           1|
    |and_ln59_8317_fu_302586_p2     |       and|   0|  0|    2|           1|           1|
    |and_ln59_8318_fu_323654_p2     |       and|   0|  0|    2|           1|           1|
    |and_ln59_8319_fu_302637_p2     |       and|   0|  0|    2|           1|           1|
    |and_ln59_8320_fu_302667_p2     |       and|   0|  0|    2|           1|           1|
    |and_ln59_8321_fu_302710_p2     |       and|   0|  0|    2|           1|           1|
    |and_ln59_8322_fu_323678_p2     |       and|   0|  0|    2|           1|           1|
    |and_ln59_8323_fu_302741_p2     |       and|   0|  0|    2|           1|           1|
    |and_ln59_8324_fu_302747_p2     |       and|   0|  0|    2|           1|           1|
    |and_ln59_8325_fu_323693_p2     |       and|   0|  0|    2|           1|           1|
    |and_ln59_8326_fu_302798_p2     |       and|   0|  0|    2|           1|           1|
    |and_ln59_8327_fu_302828_p2     |       and|   0|  0|    2|           1|           1|
    |and_ln59_8328_fu_302871_p2     |       and|   0|  0|    2|           1|           1|
    |and_ln59_8329_fu_323717_p2     |       and|   0|  0|    2|           1|           1|
    |and_ln59_8330_fu_302902_p2     |       and|   0|  0|    2|           1|           1|
    |and_ln59_8331_fu_302908_p2     |       and|   0|  0|    2|           1|           1|
    |and_ln59_8332_fu_323732_p2     |       and|   0|  0|    2|           1|           1|
    |and_ln59_8333_fu_302959_p2     |       and|   0|  0|    2|           1|           1|
    |and_ln59_8334_fu_302989_p2     |       and|   0|  0|    2|           1|           1|
    |and_ln59_8335_fu_303032_p2     |       and|   0|  0|    2|           1|           1|
    |and_ln59_8336_fu_323756_p2     |       and|   0|  0|    2|           1|           1|
    |and_ln59_8337_fu_303063_p2     |       and|   0|  0|    2|           1|           1|
    |and_ln59_8338_fu_303069_p2     |       and|   0|  0|    2|           1|           1|
    |and_ln59_8339_fu_323771_p2     |       and|   0|  0|    2|           1|           1|
    |and_ln59_8340_fu_303120_p2     |       and|   0|  0|    2|           1|           1|
    |and_ln59_8341_fu_303150_p2     |       and|   0|  0|    2|           1|           1|
    |and_ln59_8342_fu_303193_p2     |       and|   0|  0|    2|           1|           1|
    |and_ln59_8343_fu_323795_p2     |       and|   0|  0|    2|           1|           1|
    |and_ln59_8344_fu_303224_p2     |       and|   0|  0|    2|           1|           1|
    |and_ln59_8345_fu_303230_p2     |       and|   0|  0|    2|           1|           1|
    |and_ln59_8346_fu_323810_p2     |       and|   0|  0|    2|           1|           1|
    |and_ln59_8347_fu_303281_p2     |       and|   0|  0|    2|           1|           1|
    |and_ln59_8348_fu_303311_p2     |       and|   0|  0|    2|           1|           1|
    |and_ln59_8349_fu_303354_p2     |       and|   0|  0|    2|           1|           1|
    |and_ln59_8350_fu_323834_p2     |       and|   0|  0|    2|           1|           1|
    |and_ln59_8351_fu_303385_p2     |       and|   0|  0|    2|           1|           1|
    |and_ln59_8352_fu_303391_p2     |       and|   0|  0|    2|           1|           1|
    |and_ln59_8353_fu_323849_p2     |       and|   0|  0|    2|           1|           1|
    |and_ln59_8354_fu_303442_p2     |       and|   0|  0|    2|           1|           1|
    |and_ln59_8355_fu_303472_p2     |       and|   0|  0|    2|           1|           1|
    |and_ln59_8356_fu_303515_p2     |       and|   0|  0|    2|           1|           1|
    |and_ln59_8357_fu_323873_p2     |       and|   0|  0|    2|           1|           1|
    |and_ln59_8358_fu_303546_p2     |       and|   0|  0|    2|           1|           1|
    |and_ln59_8359_fu_303552_p2     |       and|   0|  0|    2|           1|           1|
    |and_ln59_8360_fu_323888_p2     |       and|   0|  0|    2|           1|           1|
    |and_ln59_8361_fu_303603_p2     |       and|   0|  0|    2|           1|           1|
    |and_ln59_8362_fu_303633_p2     |       and|   0|  0|    2|           1|           1|
    |and_ln59_8363_fu_303676_p2     |       and|   0|  0|    2|           1|           1|
    |and_ln59_8364_fu_323912_p2     |       and|   0|  0|    2|           1|           1|
    |and_ln59_8365_fu_303707_p2     |       and|   0|  0|    2|           1|           1|
    |and_ln59_8366_fu_303713_p2     |       and|   0|  0|    2|           1|           1|
    |and_ln59_8367_fu_323927_p2     |       and|   0|  0|    2|           1|           1|
    |and_ln59_8368_fu_303764_p2     |       and|   0|  0|    2|           1|           1|
    |and_ln59_8369_fu_303794_p2     |       and|   0|  0|    2|           1|           1|
    |and_ln59_8370_fu_303837_p2     |       and|   0|  0|    2|           1|           1|
    |and_ln59_8371_fu_323951_p2     |       and|   0|  0|    2|           1|           1|
    |and_ln59_8372_fu_303868_p2     |       and|   0|  0|    2|           1|           1|
    |and_ln59_8373_fu_303874_p2     |       and|   0|  0|    2|           1|           1|
    |and_ln59_8374_fu_323966_p2     |       and|   0|  0|    2|           1|           1|
    |and_ln59_8375_fu_303925_p2     |       and|   0|  0|    2|           1|           1|
    |and_ln59_8376_fu_303955_p2     |       and|   0|  0|    2|           1|           1|
    |and_ln59_8377_fu_303998_p2     |       and|   0|  0|    2|           1|           1|
    |and_ln59_8378_fu_323990_p2     |       and|   0|  0|    2|           1|           1|
    |and_ln59_8379_fu_304029_p2     |       and|   0|  0|    2|           1|           1|
    |and_ln59_8380_fu_304035_p2     |       and|   0|  0|    2|           1|           1|
    |and_ln59_8381_fu_324005_p2     |       and|   0|  0|    2|           1|           1|
    |and_ln59_8382_fu_304086_p2     |       and|   0|  0|    2|           1|           1|
    |and_ln59_8383_fu_304116_p2     |       and|   0|  0|    2|           1|           1|
    |and_ln59_8384_fu_304159_p2     |       and|   0|  0|    2|           1|           1|
    |and_ln59_8385_fu_324029_p2     |       and|   0|  0|    2|           1|           1|
    |and_ln59_8386_fu_304190_p2     |       and|   0|  0|    2|           1|           1|
    |and_ln59_8387_fu_304196_p2     |       and|   0|  0|    2|           1|           1|
    |and_ln59_8388_fu_324044_p2     |       and|   0|  0|    2|           1|           1|
    |and_ln59_8389_fu_304247_p2     |       and|   0|  0|    2|           1|           1|
    |and_ln59_8390_fu_304277_p2     |       and|   0|  0|    2|           1|           1|
    |and_ln59_8391_fu_304320_p2     |       and|   0|  0|    2|           1|           1|
    |and_ln59_8392_fu_324068_p2     |       and|   0|  0|    2|           1|           1|
    |and_ln59_8393_fu_304351_p2     |       and|   0|  0|    2|           1|           1|
    |and_ln59_8394_fu_304357_p2     |       and|   0|  0|    2|           1|           1|
    |and_ln59_8395_fu_324083_p2     |       and|   0|  0|    2|           1|           1|
    |and_ln59_8396_fu_304408_p2     |       and|   0|  0|    2|           1|           1|
    |and_ln59_8397_fu_304438_p2     |       and|   0|  0|    2|           1|           1|
    |and_ln59_8398_fu_304481_p2     |       and|   0|  0|    2|           1|           1|
    |and_ln59_8399_fu_324107_p2     |       and|   0|  0|    2|           1|           1|
    |and_ln59_8400_fu_304512_p2     |       and|   0|  0|    2|           1|           1|
    |and_ln59_8401_fu_304518_p2     |       and|   0|  0|    2|           1|           1|
    |and_ln59_8402_fu_324122_p2     |       and|   0|  0|    2|           1|           1|
    |and_ln59_8403_fu_304569_p2     |       and|   0|  0|    2|           1|           1|
    |and_ln59_8404_fu_304599_p2     |       and|   0|  0|    2|           1|           1|
    |and_ln59_8405_fu_304642_p2     |       and|   0|  0|    2|           1|           1|
    |and_ln59_8406_fu_324146_p2     |       and|   0|  0|    2|           1|           1|
    |and_ln59_8407_fu_304673_p2     |       and|   0|  0|    2|           1|           1|
    |and_ln59_8408_fu_304679_p2     |       and|   0|  0|    2|           1|           1|
    |and_ln59_8409_fu_324161_p2     |       and|   0|  0|    2|           1|           1|
    |and_ln59_8410_fu_304730_p2     |       and|   0|  0|    2|           1|           1|
    |and_ln59_8411_fu_304760_p2     |       and|   0|  0|    2|           1|           1|
    |and_ln59_8412_fu_304803_p2     |       and|   0|  0|    2|           1|           1|
    |and_ln59_8413_fu_324185_p2     |       and|   0|  0|    2|           1|           1|
    |and_ln59_8414_fu_304834_p2     |       and|   0|  0|    2|           1|           1|
    |and_ln59_8415_fu_304840_p2     |       and|   0|  0|    2|           1|           1|
    |and_ln59_8416_fu_324200_p2     |       and|   0|  0|    2|           1|           1|
    |and_ln59_8417_fu_304891_p2     |       and|   0|  0|    2|           1|           1|
    |and_ln59_8418_fu_304921_p2     |       and|   0|  0|    2|           1|           1|
    |and_ln59_8419_fu_304964_p2     |       and|   0|  0|    2|           1|           1|
    |and_ln59_8420_fu_324224_p2     |       and|   0|  0|    2|           1|           1|
    |and_ln59_8421_fu_304995_p2     |       and|   0|  0|    2|           1|           1|
    |and_ln59_8422_fu_305001_p2     |       and|   0|  0|    2|           1|           1|
    |and_ln59_8423_fu_324239_p2     |       and|   0|  0|    2|           1|           1|
    |and_ln59_8424_fu_305052_p2     |       and|   0|  0|    2|           1|           1|
    |and_ln59_8425_fu_305082_p2     |       and|   0|  0|    2|           1|           1|
    |and_ln59_8426_fu_305125_p2     |       and|   0|  0|    2|           1|           1|
    |and_ln59_8427_fu_324263_p2     |       and|   0|  0|    2|           1|           1|
    |and_ln59_8428_fu_305156_p2     |       and|   0|  0|    2|           1|           1|
    |and_ln59_8429_fu_305162_p2     |       and|   0|  0|    2|           1|           1|
    |and_ln59_8430_fu_324278_p2     |       and|   0|  0|    2|           1|           1|
    |and_ln59_8431_fu_305213_p2     |       and|   0|  0|    2|           1|           1|
    |and_ln59_8432_fu_305243_p2     |       and|   0|  0|    2|           1|           1|
    |and_ln59_8433_fu_305286_p2     |       and|   0|  0|    2|           1|           1|
    |and_ln59_8434_fu_324302_p2     |       and|   0|  0|    2|           1|           1|
    |and_ln59_8435_fu_305317_p2     |       and|   0|  0|    2|           1|           1|
    |and_ln59_8436_fu_305323_p2     |       and|   0|  0|    2|           1|           1|
    |and_ln59_8437_fu_324317_p2     |       and|   0|  0|    2|           1|           1|
    |and_ln59_8438_fu_305374_p2     |       and|   0|  0|    2|           1|           1|
    |and_ln59_8439_fu_305404_p2     |       and|   0|  0|    2|           1|           1|
    |and_ln59_8440_fu_305447_p2     |       and|   0|  0|    2|           1|           1|
    |and_ln59_8441_fu_324341_p2     |       and|   0|  0|    2|           1|           1|
    |and_ln59_8442_fu_305478_p2     |       and|   0|  0|    2|           1|           1|
    |and_ln59_8443_fu_305484_p2     |       and|   0|  0|    2|           1|           1|
    |and_ln59_8444_fu_324356_p2     |       and|   0|  0|    2|           1|           1|
    |and_ln59_8445_fu_305535_p2     |       and|   0|  0|    2|           1|           1|
    |and_ln59_8446_fu_305565_p2     |       and|   0|  0|    2|           1|           1|
    |and_ln59_8447_fu_305608_p2     |       and|   0|  0|    2|           1|           1|
    |and_ln59_8448_fu_324380_p2     |       and|   0|  0|    2|           1|           1|
    |and_ln59_8449_fu_305639_p2     |       and|   0|  0|    2|           1|           1|
    |and_ln59_8450_fu_305645_p2     |       and|   0|  0|    2|           1|           1|
    |and_ln59_8451_fu_324395_p2     |       and|   0|  0|    2|           1|           1|
    |and_ln59_8452_fu_305696_p2     |       and|   0|  0|    2|           1|           1|
    |and_ln59_8453_fu_305726_p2     |       and|   0|  0|    2|           1|           1|
    |and_ln59_8454_fu_305769_p2     |       and|   0|  0|    2|           1|           1|
    |and_ln59_8455_fu_324419_p2     |       and|   0|  0|    2|           1|           1|
    |and_ln59_8456_fu_305800_p2     |       and|   0|  0|    2|           1|           1|
    |and_ln59_8457_fu_305806_p2     |       and|   0|  0|    2|           1|           1|
    |and_ln59_8458_fu_324434_p2     |       and|   0|  0|    2|           1|           1|
    |and_ln59_8459_fu_305857_p2     |       and|   0|  0|    2|           1|           1|
    |and_ln59_8460_fu_305887_p2     |       and|   0|  0|    2|           1|           1|
    |and_ln59_8461_fu_305930_p2     |       and|   0|  0|    2|           1|           1|
    |and_ln59_8462_fu_324458_p2     |       and|   0|  0|    2|           1|           1|
    |and_ln59_8463_fu_305961_p2     |       and|   0|  0|    2|           1|           1|
    |and_ln59_8464_fu_305967_p2     |       and|   0|  0|    2|           1|           1|
    |and_ln59_8465_fu_324473_p2     |       and|   0|  0|    2|           1|           1|
    |and_ln59_8466_fu_306018_p2     |       and|   0|  0|    2|           1|           1|
    |and_ln59_8467_fu_306048_p2     |       and|   0|  0|    2|           1|           1|
    |and_ln59_8468_fu_306091_p2     |       and|   0|  0|    2|           1|           1|
    |and_ln59_8469_fu_324497_p2     |       and|   0|  0|    2|           1|           1|
    |and_ln59_8470_fu_306122_p2     |       and|   0|  0|    2|           1|           1|
    |and_ln59_8471_fu_306128_p2     |       and|   0|  0|    2|           1|           1|
    |and_ln59_8472_fu_324512_p2     |       and|   0|  0|    2|           1|           1|
    |and_ln59_8473_fu_306179_p2     |       and|   0|  0|    2|           1|           1|
    |and_ln59_8474_fu_306209_p2     |       and|   0|  0|    2|           1|           1|
    |and_ln59_8475_fu_306252_p2     |       and|   0|  0|    2|           1|           1|
    |and_ln59_8476_fu_324536_p2     |       and|   0|  0|    2|           1|           1|
    |and_ln59_8477_fu_306283_p2     |       and|   0|  0|    2|           1|           1|
    |and_ln59_8478_fu_306289_p2     |       and|   0|  0|    2|           1|           1|
    |and_ln59_8479_fu_324551_p2     |       and|   0|  0|    2|           1|           1|
    |and_ln59_8480_fu_306340_p2     |       and|   0|  0|    2|           1|           1|
    |and_ln59_8481_fu_306370_p2     |       and|   0|  0|    2|           1|           1|
    |and_ln59_8482_fu_306413_p2     |       and|   0|  0|    2|           1|           1|
    |and_ln59_8483_fu_324575_p2     |       and|   0|  0|    2|           1|           1|
    |and_ln59_8484_fu_306444_p2     |       and|   0|  0|    2|           1|           1|
    |and_ln59_8485_fu_306450_p2     |       and|   0|  0|    2|           1|           1|
    |and_ln59_8486_fu_324590_p2     |       and|   0|  0|    2|           1|           1|
    |and_ln59_8487_fu_306501_p2     |       and|   0|  0|    2|           1|           1|
    |and_ln59_8488_fu_306531_p2     |       and|   0|  0|    2|           1|           1|
    |and_ln59_8489_fu_306574_p2     |       and|   0|  0|    2|           1|           1|
    |and_ln59_8490_fu_324614_p2     |       and|   0|  0|    2|           1|           1|
    |and_ln59_8491_fu_306605_p2     |       and|   0|  0|    2|           1|           1|
    |and_ln59_8492_fu_306611_p2     |       and|   0|  0|    2|           1|           1|
    |and_ln59_8493_fu_324629_p2     |       and|   0|  0|    2|           1|           1|
    |and_ln59_8494_fu_306662_p2     |       and|   0|  0|    2|           1|           1|
    |and_ln59_8495_fu_306692_p2     |       and|   0|  0|    2|           1|           1|
    |and_ln59_8496_fu_306735_p2     |       and|   0|  0|    2|           1|           1|
    |and_ln59_8497_fu_324653_p2     |       and|   0|  0|    2|           1|           1|
    |and_ln59_8498_fu_306766_p2     |       and|   0|  0|    2|           1|           1|
    |and_ln59_8499_fu_306772_p2     |       and|   0|  0|    2|           1|           1|
    |and_ln59_8500_fu_324668_p2     |       and|   0|  0|    2|           1|           1|
    |and_ln59_8501_fu_306823_p2     |       and|   0|  0|    2|           1|           1|
    |and_ln59_8502_fu_306853_p2     |       and|   0|  0|    2|           1|           1|
    |and_ln59_8503_fu_306896_p2     |       and|   0|  0|    2|           1|           1|
    |and_ln59_8504_fu_324692_p2     |       and|   0|  0|    2|           1|           1|
    |and_ln59_8505_fu_306927_p2     |       and|   0|  0|    2|           1|           1|
    |and_ln59_8506_fu_306933_p2     |       and|   0|  0|    2|           1|           1|
    |and_ln59_8507_fu_324707_p2     |       and|   0|  0|    2|           1|           1|
    |and_ln59_8508_fu_306984_p2     |       and|   0|  0|    2|           1|           1|
    |and_ln59_8509_fu_307014_p2     |       and|   0|  0|    2|           1|           1|
    |and_ln59_8510_fu_307057_p2     |       and|   0|  0|    2|           1|           1|
    |and_ln59_8511_fu_324731_p2     |       and|   0|  0|    2|           1|           1|
    |and_ln59_8512_fu_307088_p2     |       and|   0|  0|    2|           1|           1|
    |and_ln59_8513_fu_307094_p2     |       and|   0|  0|    2|           1|           1|
    |and_ln59_8514_fu_324746_p2     |       and|   0|  0|    2|           1|           1|
    |and_ln59_8515_fu_307145_p2     |       and|   0|  0|    2|           1|           1|
    |and_ln59_8516_fu_307175_p2     |       and|   0|  0|    2|           1|           1|
    |and_ln59_8517_fu_307218_p2     |       and|   0|  0|    2|           1|           1|
    |and_ln59_8518_fu_324770_p2     |       and|   0|  0|    2|           1|           1|
    |and_ln59_8519_fu_307249_p2     |       and|   0|  0|    2|           1|           1|
    |and_ln59_8520_fu_307255_p2     |       and|   0|  0|    2|           1|           1|
    |and_ln59_8521_fu_324785_p2     |       and|   0|  0|    2|           1|           1|
    |and_ln59_8522_fu_307306_p2     |       and|   0|  0|    2|           1|           1|
    |and_ln59_8523_fu_307336_p2     |       and|   0|  0|    2|           1|           1|
    |and_ln59_8524_fu_307379_p2     |       and|   0|  0|    2|           1|           1|
    |and_ln59_8525_fu_324809_p2     |       and|   0|  0|    2|           1|           1|
    |and_ln59_8526_fu_307410_p2     |       and|   0|  0|    2|           1|           1|
    |and_ln59_8527_fu_307416_p2     |       and|   0|  0|    2|           1|           1|
    |and_ln59_8528_fu_324824_p2     |       and|   0|  0|    2|           1|           1|
    |and_ln59_8529_fu_307467_p2     |       and|   0|  0|    2|           1|           1|
    |and_ln59_8530_fu_307497_p2     |       and|   0|  0|    2|           1|           1|
    |and_ln59_8531_fu_307540_p2     |       and|   0|  0|    2|           1|           1|
    |and_ln59_8532_fu_324848_p2     |       and|   0|  0|    2|           1|           1|
    |and_ln59_8533_fu_307571_p2     |       and|   0|  0|    2|           1|           1|
    |and_ln59_8534_fu_307577_p2     |       and|   0|  0|    2|           1|           1|
    |and_ln59_8535_fu_324863_p2     |       and|   0|  0|    2|           1|           1|
    |and_ln59_8536_fu_307628_p2     |       and|   0|  0|    2|           1|           1|
    |and_ln59_8537_fu_307658_p2     |       and|   0|  0|    2|           1|           1|
    |and_ln59_8538_fu_307701_p2     |       and|   0|  0|    2|           1|           1|
    |and_ln59_8539_fu_324887_p2     |       and|   0|  0|    2|           1|           1|
    |and_ln59_8540_fu_307732_p2     |       and|   0|  0|    2|           1|           1|
    |and_ln59_8541_fu_307738_p2     |       and|   0|  0|    2|           1|           1|
    |and_ln59_8542_fu_324902_p2     |       and|   0|  0|    2|           1|           1|
    |and_ln59_8543_fu_307789_p2     |       and|   0|  0|    2|           1|           1|
    |and_ln59_8544_fu_307819_p2     |       and|   0|  0|    2|           1|           1|
    |and_ln59_8545_fu_307862_p2     |       and|   0|  0|    2|           1|           1|
    |and_ln59_8546_fu_324926_p2     |       and|   0|  0|    2|           1|           1|
    |and_ln59_8547_fu_307893_p2     |       and|   0|  0|    2|           1|           1|
    |and_ln59_8548_fu_307899_p2     |       and|   0|  0|    2|           1|           1|
    |and_ln59_8549_fu_324941_p2     |       and|   0|  0|    2|           1|           1|
    |and_ln59_8550_fu_307950_p2     |       and|   0|  0|    2|           1|           1|
    |and_ln59_8551_fu_307980_p2     |       and|   0|  0|    2|           1|           1|
    |and_ln59_8552_fu_308023_p2     |       and|   0|  0|    2|           1|           1|
    |and_ln59_8553_fu_324965_p2     |       and|   0|  0|    2|           1|           1|
    |and_ln59_8554_fu_308054_p2     |       and|   0|  0|    2|           1|           1|
    |and_ln59_8555_fu_308060_p2     |       and|   0|  0|    2|           1|           1|
    |and_ln59_8556_fu_324980_p2     |       and|   0|  0|    2|           1|           1|
    |and_ln59_8557_fu_308111_p2     |       and|   0|  0|    2|           1|           1|
    |and_ln59_8558_fu_308141_p2     |       and|   0|  0|    2|           1|           1|
    |and_ln59_8559_fu_308184_p2     |       and|   0|  0|    2|           1|           1|
    |and_ln59_8560_fu_325004_p2     |       and|   0|  0|    2|           1|           1|
    |and_ln59_8561_fu_308215_p2     |       and|   0|  0|    2|           1|           1|
    |and_ln59_8562_fu_308221_p2     |       and|   0|  0|    2|           1|           1|
    |and_ln59_8563_fu_325019_p2     |       and|   0|  0|    2|           1|           1|
    |and_ln59_8564_fu_308272_p2     |       and|   0|  0|    2|           1|           1|
    |and_ln59_8565_fu_308302_p2     |       and|   0|  0|    2|           1|           1|
    |and_ln59_8566_fu_308345_p2     |       and|   0|  0|    2|           1|           1|
    |and_ln59_8567_fu_325043_p2     |       and|   0|  0|    2|           1|           1|
    |and_ln59_8568_fu_308376_p2     |       and|   0|  0|    2|           1|           1|
    |and_ln59_8569_fu_308382_p2     |       and|   0|  0|    2|           1|           1|
    |and_ln59_8570_fu_325058_p2     |       and|   0|  0|    2|           1|           1|
    |and_ln59_8571_fu_308433_p2     |       and|   0|  0|    2|           1|           1|
    |and_ln59_8572_fu_308463_p2     |       and|   0|  0|    2|           1|           1|
    |and_ln59_8573_fu_308506_p2     |       and|   0|  0|    2|           1|           1|
    |and_ln59_8574_fu_325082_p2     |       and|   0|  0|    2|           1|           1|
    |and_ln59_8575_fu_308537_p2     |       and|   0|  0|    2|           1|           1|
    |and_ln59_8576_fu_308543_p2     |       and|   0|  0|    2|           1|           1|
    |and_ln59_8577_fu_325097_p2     |       and|   0|  0|    2|           1|           1|
    |and_ln59_8578_fu_308594_p2     |       and|   0|  0|    2|           1|           1|
    |and_ln59_8579_fu_308624_p2     |       and|   0|  0|    2|           1|           1|
    |and_ln59_8580_fu_308667_p2     |       and|   0|  0|    2|           1|           1|
    |and_ln59_8581_fu_325121_p2     |       and|   0|  0|    2|           1|           1|
    |and_ln59_8582_fu_308698_p2     |       and|   0|  0|    2|           1|           1|
    |and_ln59_8583_fu_308704_p2     |       and|   0|  0|    2|           1|           1|
    |and_ln59_8584_fu_325136_p2     |       and|   0|  0|    2|           1|           1|
    |and_ln59_8585_fu_308755_p2     |       and|   0|  0|    2|           1|           1|
    |and_ln59_8586_fu_308785_p2     |       and|   0|  0|    2|           1|           1|
    |and_ln59_8587_fu_308828_p2     |       and|   0|  0|    2|           1|           1|
    |and_ln59_8588_fu_325160_p2     |       and|   0|  0|    2|           1|           1|
    |and_ln59_8589_fu_308859_p2     |       and|   0|  0|    2|           1|           1|
    |and_ln59_8590_fu_308865_p2     |       and|   0|  0|    2|           1|           1|
    |and_ln59_8591_fu_325175_p2     |       and|   0|  0|    2|           1|           1|
    |and_ln59_8592_fu_308916_p2     |       and|   0|  0|    2|           1|           1|
    |and_ln59_8593_fu_308946_p2     |       and|   0|  0|    2|           1|           1|
    |and_ln59_8594_fu_308989_p2     |       and|   0|  0|    2|           1|           1|
    |and_ln59_8595_fu_325199_p2     |       and|   0|  0|    2|           1|           1|
    |and_ln59_8596_fu_309020_p2     |       and|   0|  0|    2|           1|           1|
    |and_ln59_8597_fu_309026_p2     |       and|   0|  0|    2|           1|           1|
    |and_ln59_8598_fu_325214_p2     |       and|   0|  0|    2|           1|           1|
    |and_ln59_8599_fu_309077_p2     |       and|   0|  0|    2|           1|           1|
    |and_ln59_8600_fu_309107_p2     |       and|   0|  0|    2|           1|           1|
    |and_ln59_8601_fu_309150_p2     |       and|   0|  0|    2|           1|           1|
    |and_ln59_8602_fu_325238_p2     |       and|   0|  0|    2|           1|           1|
    |and_ln59_8603_fu_309181_p2     |       and|   0|  0|    2|           1|           1|
    |and_ln59_8604_fu_309187_p2     |       and|   0|  0|    2|           1|           1|
    |and_ln59_8605_fu_325253_p2     |       and|   0|  0|    2|           1|           1|
    |and_ln59_8606_fu_309238_p2     |       and|   0|  0|    2|           1|           1|
    |and_ln59_8607_fu_309268_p2     |       and|   0|  0|    2|           1|           1|
    |and_ln59_8608_fu_309311_p2     |       and|   0|  0|    2|           1|           1|
    |and_ln59_8609_fu_325277_p2     |       and|   0|  0|    2|           1|           1|
    |and_ln59_8610_fu_309342_p2     |       and|   0|  0|    2|           1|           1|
    |and_ln59_8611_fu_309348_p2     |       and|   0|  0|    2|           1|           1|
    |and_ln59_8612_fu_325292_p2     |       and|   0|  0|    2|           1|           1|
    |and_ln59_8613_fu_309399_p2     |       and|   0|  0|    2|           1|           1|
    |and_ln59_8614_fu_309429_p2     |       and|   0|  0|    2|           1|           1|
    |and_ln59_8615_fu_309472_p2     |       and|   0|  0|    2|           1|           1|
    |and_ln59_8616_fu_325316_p2     |       and|   0|  0|    2|           1|           1|
    |and_ln59_8617_fu_309503_p2     |       and|   0|  0|    2|           1|           1|
    |and_ln59_8618_fu_309509_p2     |       and|   0|  0|    2|           1|           1|
    |and_ln59_8619_fu_325331_p2     |       and|   0|  0|    2|           1|           1|
    |and_ln59_8620_fu_309560_p2     |       and|   0|  0|    2|           1|           1|
    |and_ln59_8621_fu_309590_p2     |       and|   0|  0|    2|           1|           1|
    |and_ln59_8622_fu_309633_p2     |       and|   0|  0|    2|           1|           1|
    |and_ln59_8623_fu_325355_p2     |       and|   0|  0|    2|           1|           1|
    |and_ln59_8624_fu_309664_p2     |       and|   0|  0|    2|           1|           1|
    |and_ln59_8625_fu_309670_p2     |       and|   0|  0|    2|           1|           1|
    |and_ln59_8626_fu_325370_p2     |       and|   0|  0|    2|           1|           1|
    |and_ln59_8627_fu_309721_p2     |       and|   0|  0|    2|           1|           1|
    |and_ln59_8628_fu_309751_p2     |       and|   0|  0|    2|           1|           1|
    |and_ln59_8629_fu_309794_p2     |       and|   0|  0|    2|           1|           1|
    |and_ln59_8630_fu_325394_p2     |       and|   0|  0|    2|           1|           1|
    |and_ln59_8631_fu_309825_p2     |       and|   0|  0|    2|           1|           1|
    |and_ln59_8632_fu_309831_p2     |       and|   0|  0|    2|           1|           1|
    |and_ln59_8633_fu_325409_p2     |       and|   0|  0|    2|           1|           1|
    |and_ln59_8634_fu_309882_p2     |       and|   0|  0|    2|           1|           1|
    |and_ln59_8635_fu_309912_p2     |       and|   0|  0|    2|           1|           1|
    |and_ln59_8636_fu_309955_p2     |       and|   0|  0|    2|           1|           1|
    |and_ln59_8637_fu_325433_p2     |       and|   0|  0|    2|           1|           1|
    |and_ln59_8638_fu_309986_p2     |       and|   0|  0|    2|           1|           1|
    |and_ln59_8639_fu_309992_p2     |       and|   0|  0|    2|           1|           1|
    |and_ln59_8640_fu_325448_p2     |       and|   0|  0|    2|           1|           1|
    |and_ln59_8641_fu_310043_p2     |       and|   0|  0|    2|           1|           1|
    |and_ln59_8642_fu_310073_p2     |       and|   0|  0|    2|           1|           1|
    |and_ln59_8643_fu_310116_p2     |       and|   0|  0|    2|           1|           1|
    |and_ln59_8644_fu_325472_p2     |       and|   0|  0|    2|           1|           1|
    |and_ln59_8645_fu_310147_p2     |       and|   0|  0|    2|           1|           1|
    |and_ln59_8646_fu_310153_p2     |       and|   0|  0|    2|           1|           1|
    |and_ln59_8647_fu_325487_p2     |       and|   0|  0|    2|           1|           1|
    |and_ln59_8648_fu_310204_p2     |       and|   0|  0|    2|           1|           1|
    |and_ln59_8649_fu_310234_p2     |       and|   0|  0|    2|           1|           1|
    |and_ln59_8650_fu_310277_p2     |       and|   0|  0|    2|           1|           1|
    |and_ln59_8651_fu_325511_p2     |       and|   0|  0|    2|           1|           1|
    |and_ln59_8652_fu_310308_p2     |       and|   0|  0|    2|           1|           1|
    |and_ln59_8653_fu_310314_p2     |       and|   0|  0|    2|           1|           1|
    |and_ln59_8654_fu_325526_p2     |       and|   0|  0|    2|           1|           1|
    |and_ln59_8655_fu_310365_p2     |       and|   0|  0|    2|           1|           1|
    |and_ln59_8656_fu_310395_p2     |       and|   0|  0|    2|           1|           1|
    |and_ln59_8657_fu_310438_p2     |       and|   0|  0|    2|           1|           1|
    |and_ln59_8658_fu_325550_p2     |       and|   0|  0|    2|           1|           1|
    |and_ln59_8659_fu_310469_p2     |       and|   0|  0|    2|           1|           1|
    |and_ln59_8660_fu_310475_p2     |       and|   0|  0|    2|           1|           1|
    |and_ln59_8661_fu_325565_p2     |       and|   0|  0|    2|           1|           1|
    |and_ln59_8662_fu_310526_p2     |       and|   0|  0|    2|           1|           1|
    |and_ln59_8663_fu_310556_p2     |       and|   0|  0|    2|           1|           1|
    |and_ln59_8664_fu_310599_p2     |       and|   0|  0|    2|           1|           1|
    |and_ln59_8665_fu_325589_p2     |       and|   0|  0|    2|           1|           1|
    |and_ln59_8666_fu_310630_p2     |       and|   0|  0|    2|           1|           1|
    |and_ln59_8667_fu_310636_p2     |       and|   0|  0|    2|           1|           1|
    |and_ln59_8668_fu_325604_p2     |       and|   0|  0|    2|           1|           1|
    |and_ln59_8669_fu_310687_p2     |       and|   0|  0|    2|           1|           1|
    |and_ln59_8670_fu_310717_p2     |       and|   0|  0|    2|           1|           1|
    |and_ln59_8671_fu_310760_p2     |       and|   0|  0|    2|           1|           1|
    |and_ln59_8672_fu_325628_p2     |       and|   0|  0|    2|           1|           1|
    |and_ln59_8673_fu_310791_p2     |       and|   0|  0|    2|           1|           1|
    |and_ln59_8674_fu_310797_p2     |       and|   0|  0|    2|           1|           1|
    |and_ln59_8675_fu_325643_p2     |       and|   0|  0|    2|           1|           1|
    |and_ln59_8676_fu_310848_p2     |       and|   0|  0|    2|           1|           1|
    |and_ln59_8677_fu_310878_p2     |       and|   0|  0|    2|           1|           1|
    |and_ln59_8678_fu_310921_p2     |       and|   0|  0|    2|           1|           1|
    |and_ln59_8679_fu_325667_p2     |       and|   0|  0|    2|           1|           1|
    |and_ln59_8680_fu_310952_p2     |       and|   0|  0|    2|           1|           1|
    |and_ln59_8681_fu_310958_p2     |       and|   0|  0|    2|           1|           1|
    |and_ln59_8682_fu_325682_p2     |       and|   0|  0|    2|           1|           1|
    |and_ln59_8683_fu_311009_p2     |       and|   0|  0|    2|           1|           1|
    |and_ln59_8684_fu_311039_p2     |       and|   0|  0|    2|           1|           1|
    |and_ln59_8685_fu_311082_p2     |       and|   0|  0|    2|           1|           1|
    |and_ln59_8686_fu_325706_p2     |       and|   0|  0|    2|           1|           1|
    |and_ln59_8687_fu_311113_p2     |       and|   0|  0|    2|           1|           1|
    |and_ln59_8688_fu_311119_p2     |       and|   0|  0|    2|           1|           1|
    |and_ln59_8689_fu_325721_p2     |       and|   0|  0|    2|           1|           1|
    |and_ln59_8690_fu_311170_p2     |       and|   0|  0|    2|           1|           1|
    |and_ln59_8691_fu_311200_p2     |       and|   0|  0|    2|           1|           1|
    |and_ln59_8692_fu_311243_p2     |       and|   0|  0|    2|           1|           1|
    |and_ln59_8693_fu_325745_p2     |       and|   0|  0|    2|           1|           1|
    |and_ln59_8694_fu_311274_p2     |       and|   0|  0|    2|           1|           1|
    |and_ln59_8695_fu_311280_p2     |       and|   0|  0|    2|           1|           1|
    |and_ln59_8696_fu_325760_p2     |       and|   0|  0|    2|           1|           1|
    |and_ln59_8697_fu_311331_p2     |       and|   0|  0|    2|           1|           1|
    |and_ln59_8698_fu_311361_p2     |       and|   0|  0|    2|           1|           1|
    |and_ln59_8699_fu_311404_p2     |       and|   0|  0|    2|           1|           1|
    |and_ln59_8700_fu_325784_p2     |       and|   0|  0|    2|           1|           1|
    |and_ln59_8701_fu_311435_p2     |       and|   0|  0|    2|           1|           1|
    |and_ln59_8702_fu_311441_p2     |       and|   0|  0|    2|           1|           1|
    |and_ln59_8703_fu_325799_p2     |       and|   0|  0|    2|           1|           1|
    |and_ln59_8704_fu_311492_p2     |       and|   0|  0|    2|           1|           1|
    |and_ln59_8705_fu_311522_p2     |       and|   0|  0|    2|           1|           1|
    |and_ln59_8706_fu_311565_p2     |       and|   0|  0|    2|           1|           1|
    |and_ln59_8707_fu_325823_p2     |       and|   0|  0|    2|           1|           1|
    |and_ln59_8708_fu_311596_p2     |       and|   0|  0|    2|           1|           1|
    |and_ln59_8709_fu_311602_p2     |       and|   0|  0|    2|           1|           1|
    |and_ln59_8710_fu_325838_p2     |       and|   0|  0|    2|           1|           1|
    |and_ln59_8711_fu_311653_p2     |       and|   0|  0|    2|           1|           1|
    |and_ln59_8712_fu_311683_p2     |       and|   0|  0|    2|           1|           1|
    |and_ln59_8713_fu_311726_p2     |       and|   0|  0|    2|           1|           1|
    |and_ln59_8714_fu_325862_p2     |       and|   0|  0|    2|           1|           1|
    |and_ln59_8715_fu_311757_p2     |       and|   0|  0|    2|           1|           1|
    |and_ln59_8716_fu_311763_p2     |       and|   0|  0|    2|           1|           1|
    |and_ln59_8717_fu_325877_p2     |       and|   0|  0|    2|           1|           1|
    |and_ln59_8718_fu_311814_p2     |       and|   0|  0|    2|           1|           1|
    |and_ln59_8719_fu_311844_p2     |       and|   0|  0|    2|           1|           1|
    |and_ln59_8720_fu_311887_p2     |       and|   0|  0|    2|           1|           1|
    |and_ln59_8721_fu_325901_p2     |       and|   0|  0|    2|           1|           1|
    |and_ln59_8722_fu_311918_p2     |       and|   0|  0|    2|           1|           1|
    |and_ln59_8723_fu_311924_p2     |       and|   0|  0|    2|           1|           1|
    |and_ln59_8724_fu_325916_p2     |       and|   0|  0|    2|           1|           1|
    |and_ln59_8725_fu_311975_p2     |       and|   0|  0|    2|           1|           1|
    |and_ln59_8726_fu_312005_p2     |       and|   0|  0|    2|           1|           1|
    |and_ln59_8727_fu_312048_p2     |       and|   0|  0|    2|           1|           1|
    |and_ln59_8728_fu_325940_p2     |       and|   0|  0|    2|           1|           1|
    |and_ln59_8729_fu_312079_p2     |       and|   0|  0|    2|           1|           1|
    |and_ln59_8730_fu_312085_p2     |       and|   0|  0|    2|           1|           1|
    |and_ln59_8731_fu_325955_p2     |       and|   0|  0|    2|           1|           1|
    |and_ln59_8732_fu_312136_p2     |       and|   0|  0|    2|           1|           1|
    |and_ln59_8733_fu_312166_p2     |       and|   0|  0|    2|           1|           1|
    |and_ln59_8734_fu_312209_p2     |       and|   0|  0|    2|           1|           1|
    |and_ln59_8735_fu_325979_p2     |       and|   0|  0|    2|           1|           1|
    |and_ln59_8736_fu_312240_p2     |       and|   0|  0|    2|           1|           1|
    |and_ln59_8737_fu_312246_p2     |       and|   0|  0|    2|           1|           1|
    |and_ln59_8738_fu_325994_p2     |       and|   0|  0|    2|           1|           1|
    |and_ln59_8739_fu_312297_p2     |       and|   0|  0|    2|           1|           1|
    |and_ln59_8740_fu_312327_p2     |       and|   0|  0|    2|           1|           1|
    |and_ln59_8741_fu_312370_p2     |       and|   0|  0|    2|           1|           1|
    |and_ln59_8742_fu_326018_p2     |       and|   0|  0|    2|           1|           1|
    |and_ln59_8743_fu_312401_p2     |       and|   0|  0|    2|           1|           1|
    |and_ln59_8744_fu_312407_p2     |       and|   0|  0|    2|           1|           1|
    |and_ln59_8745_fu_326033_p2     |       and|   0|  0|    2|           1|           1|
    |and_ln59_8746_fu_312458_p2     |       and|   0|  0|    2|           1|           1|
    |and_ln59_8747_fu_312488_p2     |       and|   0|  0|    2|           1|           1|
    |and_ln59_8748_fu_312531_p2     |       and|   0|  0|    2|           1|           1|
    |and_ln59_8749_fu_326057_p2     |       and|   0|  0|    2|           1|           1|
    |and_ln59_8750_fu_312562_p2     |       and|   0|  0|    2|           1|           1|
    |and_ln59_8751_fu_312568_p2     |       and|   0|  0|    2|           1|           1|
    |and_ln59_8752_fu_326072_p2     |       and|   0|  0|    2|           1|           1|
    |and_ln59_8753_fu_312619_p2     |       and|   0|  0|    2|           1|           1|
    |and_ln59_8754_fu_312649_p2     |       and|   0|  0|    2|           1|           1|
    |and_ln59_8755_fu_312692_p2     |       and|   0|  0|    2|           1|           1|
    |and_ln59_8756_fu_326096_p2     |       and|   0|  0|    2|           1|           1|
    |and_ln59_8757_fu_312723_p2     |       and|   0|  0|    2|           1|           1|
    |and_ln59_8758_fu_312729_p2     |       and|   0|  0|    2|           1|           1|
    |and_ln59_8759_fu_326111_p2     |       and|   0|  0|    2|           1|           1|
    |and_ln59_8760_fu_312780_p2     |       and|   0|  0|    2|           1|           1|
    |and_ln59_8761_fu_312810_p2     |       and|   0|  0|    2|           1|           1|
    |and_ln59_8762_fu_312853_p2     |       and|   0|  0|    2|           1|           1|
    |and_ln59_8763_fu_326135_p2     |       and|   0|  0|    2|           1|           1|
    |and_ln59_8764_fu_312884_p2     |       and|   0|  0|    2|           1|           1|
    |and_ln59_8765_fu_312890_p2     |       and|   0|  0|    2|           1|           1|
    |and_ln59_8766_fu_326150_p2     |       and|   0|  0|    2|           1|           1|
    |and_ln59_8767_fu_312941_p2     |       and|   0|  0|    2|           1|           1|
    |and_ln59_8768_fu_312971_p2     |       and|   0|  0|    2|           1|           1|
    |and_ln59_8769_fu_313014_p2     |       and|   0|  0|    2|           1|           1|
    |and_ln59_8770_fu_326174_p2     |       and|   0|  0|    2|           1|           1|
    |and_ln59_8771_fu_313045_p2     |       and|   0|  0|    2|           1|           1|
    |and_ln59_8772_fu_313051_p2     |       and|   0|  0|    2|           1|           1|
    |and_ln59_8773_fu_326189_p2     |       and|   0|  0|    2|           1|           1|
    |and_ln59_8774_fu_313102_p2     |       and|   0|  0|    2|           1|           1|
    |and_ln59_8775_fu_313132_p2     |       and|   0|  0|    2|           1|           1|
    |and_ln59_8776_fu_313175_p2     |       and|   0|  0|    2|           1|           1|
    |and_ln59_8777_fu_326213_p2     |       and|   0|  0|    2|           1|           1|
    |and_ln59_8778_fu_313206_p2     |       and|   0|  0|    2|           1|           1|
    |and_ln59_8779_fu_313212_p2     |       and|   0|  0|    2|           1|           1|
    |and_ln59_8780_fu_326228_p2     |       and|   0|  0|    2|           1|           1|
    |and_ln59_8781_fu_313263_p2     |       and|   0|  0|    2|           1|           1|
    |and_ln59_8782_fu_313293_p2     |       and|   0|  0|    2|           1|           1|
    |and_ln59_8783_fu_313336_p2     |       and|   0|  0|    2|           1|           1|
    |and_ln59_8784_fu_326252_p2     |       and|   0|  0|    2|           1|           1|
    |and_ln59_8785_fu_313367_p2     |       and|   0|  0|    2|           1|           1|
    |and_ln59_8786_fu_313373_p2     |       and|   0|  0|    2|           1|           1|
    |and_ln59_8787_fu_326267_p2     |       and|   0|  0|    2|           1|           1|
    |and_ln59_8788_fu_313424_p2     |       and|   0|  0|    2|           1|           1|
    |and_ln59_8789_fu_313454_p2     |       and|   0|  0|    2|           1|           1|
    |and_ln59_8790_fu_313497_p2     |       and|   0|  0|    2|           1|           1|
    |and_ln59_8791_fu_326291_p2     |       and|   0|  0|    2|           1|           1|
    |and_ln59_8792_fu_313528_p2     |       and|   0|  0|    2|           1|           1|
    |and_ln59_8793_fu_313534_p2     |       and|   0|  0|    2|           1|           1|
    |and_ln59_8794_fu_326306_p2     |       and|   0|  0|    2|           1|           1|
    |and_ln59_8795_fu_313585_p2     |       and|   0|  0|    2|           1|           1|
    |and_ln59_8796_fu_313615_p2     |       and|   0|  0|    2|           1|           1|
    |and_ln59_8797_fu_313658_p2     |       and|   0|  0|    2|           1|           1|
    |and_ln59_8798_fu_326330_p2     |       and|   0|  0|    2|           1|           1|
    |and_ln59_8799_fu_313689_p2     |       and|   0|  0|    2|           1|           1|
    |and_ln59_8800_fu_313695_p2     |       and|   0|  0|    2|           1|           1|
    |and_ln59_8801_fu_326345_p2     |       and|   0|  0|    2|           1|           1|
    |and_ln59_8802_fu_313746_p2     |       and|   0|  0|    2|           1|           1|
    |and_ln59_8803_fu_313776_p2     |       and|   0|  0|    2|           1|           1|
    |and_ln59_8804_fu_313819_p2     |       and|   0|  0|    2|           1|           1|
    |and_ln59_8805_fu_326369_p2     |       and|   0|  0|    2|           1|           1|
    |and_ln59_8806_fu_313850_p2     |       and|   0|  0|    2|           1|           1|
    |and_ln59_8807_fu_313856_p2     |       and|   0|  0|    2|           1|           1|
    |and_ln59_8808_fu_326384_p2     |       and|   0|  0|    2|           1|           1|
    |and_ln59_8809_fu_313907_p2     |       and|   0|  0|    2|           1|           1|
    |and_ln59_8810_fu_313937_p2     |       and|   0|  0|    2|           1|           1|
    |and_ln59_8811_fu_313980_p2     |       and|   0|  0|    2|           1|           1|
    |and_ln59_8812_fu_326408_p2     |       and|   0|  0|    2|           1|           1|
    |and_ln59_8813_fu_314011_p2     |       and|   0|  0|    2|           1|           1|
    |and_ln59_8814_fu_314017_p2     |       and|   0|  0|    2|           1|           1|
    |and_ln59_8815_fu_326423_p2     |       and|   0|  0|    2|           1|           1|
    |and_ln59_8816_fu_314068_p2     |       and|   0|  0|    2|           1|           1|
    |and_ln59_8817_fu_314098_p2     |       and|   0|  0|    2|           1|           1|
    |and_ln59_8818_fu_314141_p2     |       and|   0|  0|    2|           1|           1|
    |and_ln59_8819_fu_326447_p2     |       and|   0|  0|    2|           1|           1|
    |and_ln59_8820_fu_314172_p2     |       and|   0|  0|    2|           1|           1|
    |and_ln59_8821_fu_314178_p2     |       and|   0|  0|    2|           1|           1|
    |and_ln59_8822_fu_326462_p2     |       and|   0|  0|    2|           1|           1|
    |and_ln59_8823_fu_314229_p2     |       and|   0|  0|    2|           1|           1|
    |and_ln59_8824_fu_314259_p2     |       and|   0|  0|    2|           1|           1|
    |and_ln59_8825_fu_314302_p2     |       and|   0|  0|    2|           1|           1|
    |and_ln59_8826_fu_326486_p2     |       and|   0|  0|    2|           1|           1|
    |and_ln59_8827_fu_314333_p2     |       and|   0|  0|    2|           1|           1|
    |and_ln59_8828_fu_314339_p2     |       and|   0|  0|    2|           1|           1|
    |and_ln59_8829_fu_326501_p2     |       and|   0|  0|    2|           1|           1|
    |and_ln59_8830_fu_314390_p2     |       and|   0|  0|    2|           1|           1|
    |and_ln59_8831_fu_314420_p2     |       and|   0|  0|    2|           1|           1|
    |and_ln59_8832_fu_314463_p2     |       and|   0|  0|    2|           1|           1|
    |and_ln59_8833_fu_326525_p2     |       and|   0|  0|    2|           1|           1|
    |and_ln59_8834_fu_314494_p2     |       and|   0|  0|    2|           1|           1|
    |and_ln59_8835_fu_314500_p2     |       and|   0|  0|    2|           1|           1|
    |and_ln59_8836_fu_326540_p2     |       and|   0|  0|    2|           1|           1|
    |and_ln59_8837_fu_314551_p2     |       and|   0|  0|    2|           1|           1|
    |and_ln59_8838_fu_314581_p2     |       and|   0|  0|    2|           1|           1|
    |and_ln59_8839_fu_314624_p2     |       and|   0|  0|    2|           1|           1|
    |and_ln59_8840_fu_326564_p2     |       and|   0|  0|    2|           1|           1|
    |and_ln59_8841_fu_314655_p2     |       and|   0|  0|    2|           1|           1|
    |and_ln59_8842_fu_314661_p2     |       and|   0|  0|    2|           1|           1|
    |and_ln59_8843_fu_326579_p2     |       and|   0|  0|    2|           1|           1|
    |and_ln59_8844_fu_314712_p2     |       and|   0|  0|    2|           1|           1|
    |and_ln59_8845_fu_314742_p2     |       and|   0|  0|    2|           1|           1|
    |and_ln59_8846_fu_314785_p2     |       and|   0|  0|    2|           1|           1|
    |and_ln59_8847_fu_326603_p2     |       and|   0|  0|    2|           1|           1|
    |and_ln59_8848_fu_314816_p2     |       and|   0|  0|    2|           1|           1|
    |and_ln59_8849_fu_314822_p2     |       and|   0|  0|    2|           1|           1|
    |and_ln59_8850_fu_326618_p2     |       and|   0|  0|    2|           1|           1|
    |and_ln59_8851_fu_314873_p2     |       and|   0|  0|    2|           1|           1|
    |and_ln59_8852_fu_314903_p2     |       and|   0|  0|    2|           1|           1|
    |and_ln59_8853_fu_314946_p2     |       and|   0|  0|    2|           1|           1|
    |and_ln59_8854_fu_326642_p2     |       and|   0|  0|    2|           1|           1|
    |and_ln59_8855_fu_314977_p2     |       and|   0|  0|    2|           1|           1|
    |and_ln59_8856_fu_314983_p2     |       and|   0|  0|    2|           1|           1|
    |and_ln59_8857_fu_326657_p2     |       and|   0|  0|    2|           1|           1|
    |and_ln59_8858_fu_315034_p2     |       and|   0|  0|    2|           1|           1|
    |and_ln59_8859_fu_315064_p2     |       and|   0|  0|    2|           1|           1|
    |and_ln59_8860_fu_315107_p2     |       and|   0|  0|    2|           1|           1|
    |and_ln59_8861_fu_326681_p2     |       and|   0|  0|    2|           1|           1|
    |and_ln59_8862_fu_315138_p2     |       and|   0|  0|    2|           1|           1|
    |and_ln59_8863_fu_315144_p2     |       and|   0|  0|    2|           1|           1|
    |and_ln59_8864_fu_326696_p2     |       and|   0|  0|    2|           1|           1|
    |and_ln59_8865_fu_315195_p2     |       and|   0|  0|    2|           1|           1|
    |and_ln59_8866_fu_315225_p2     |       and|   0|  0|    2|           1|           1|
    |and_ln59_8867_fu_315268_p2     |       and|   0|  0|    2|           1|           1|
    |and_ln59_8868_fu_326720_p2     |       and|   0|  0|    2|           1|           1|
    |and_ln59_8869_fu_315299_p2     |       and|   0|  0|    2|           1|           1|
    |and_ln59_8870_fu_315305_p2     |       and|   0|  0|    2|           1|           1|
    |and_ln59_8871_fu_326735_p2     |       and|   0|  0|    2|           1|           1|
    |and_ln59_8872_fu_315356_p2     |       and|   0|  0|    2|           1|           1|
    |and_ln59_8873_fu_315386_p2     |       and|   0|  0|    2|           1|           1|
    |and_ln59_8874_fu_315429_p2     |       and|   0|  0|    2|           1|           1|
    |and_ln59_8875_fu_326759_p2     |       and|   0|  0|    2|           1|           1|
    |and_ln59_8876_fu_315460_p2     |       and|   0|  0|    2|           1|           1|
    |and_ln59_8877_fu_315466_p2     |       and|   0|  0|    2|           1|           1|
    |and_ln59_8878_fu_326774_p2     |       and|   0|  0|    2|           1|           1|
    |and_ln59_8879_fu_315517_p2     |       and|   0|  0|    2|           1|           1|
    |and_ln59_8880_fu_315547_p2     |       and|   0|  0|    2|           1|           1|
    |and_ln59_8881_fu_315590_p2     |       and|   0|  0|    2|           1|           1|
    |and_ln59_8882_fu_326798_p2     |       and|   0|  0|    2|           1|           1|
    |and_ln59_8883_fu_315621_p2     |       and|   0|  0|    2|           1|           1|
    |and_ln59_8884_fu_315627_p2     |       and|   0|  0|    2|           1|           1|
    |and_ln59_8885_fu_326813_p2     |       and|   0|  0|    2|           1|           1|
    |and_ln59_8886_fu_315678_p2     |       and|   0|  0|    2|           1|           1|
    |and_ln59_8887_fu_315708_p2     |       and|   0|  0|    2|           1|           1|
    |and_ln59_8888_fu_315751_p2     |       and|   0|  0|    2|           1|           1|
    |and_ln59_8889_fu_326837_p2     |       and|   0|  0|    2|           1|           1|
    |and_ln59_8890_fu_315782_p2     |       and|   0|  0|    2|           1|           1|
    |and_ln59_8891_fu_315788_p2     |       and|   0|  0|    2|           1|           1|
    |and_ln59_8892_fu_326852_p2     |       and|   0|  0|    2|           1|           1|
    |and_ln59_8893_fu_315839_p2     |       and|   0|  0|    2|           1|           1|
    |and_ln59_8894_fu_315869_p2     |       and|   0|  0|    2|           1|           1|
    |and_ln59_8895_fu_315912_p2     |       and|   0|  0|    2|           1|           1|
    |and_ln59_8896_fu_326876_p2     |       and|   0|  0|    2|           1|           1|
    |and_ln59_8897_fu_315943_p2     |       and|   0|  0|    2|           1|           1|
    |and_ln59_8898_fu_315949_p2     |       and|   0|  0|    2|           1|           1|
    |and_ln59_8899_fu_326891_p2     |       and|   0|  0|    2|           1|           1|
    |and_ln59_8900_fu_316000_p2     |       and|   0|  0|    2|           1|           1|
    |and_ln59_8901_fu_316030_p2     |       and|   0|  0|    2|           1|           1|
    |and_ln59_8902_fu_316073_p2     |       and|   0|  0|    2|           1|           1|
    |and_ln59_8903_fu_326915_p2     |       and|   0|  0|    2|           1|           1|
    |and_ln59_8904_fu_316104_p2     |       and|   0|  0|    2|           1|           1|
    |and_ln59_8905_fu_316110_p2     |       and|   0|  0|    2|           1|           1|
    |and_ln59_8906_fu_326930_p2     |       and|   0|  0|    2|           1|           1|
    |and_ln59_8907_fu_316161_p2     |       and|   0|  0|    2|           1|           1|
    |and_ln59_8908_fu_316191_p2     |       and|   0|  0|    2|           1|           1|
    |and_ln59_8909_fu_316234_p2     |       and|   0|  0|    2|           1|           1|
    |and_ln59_8910_fu_326954_p2     |       and|   0|  0|    2|           1|           1|
    |and_ln59_8911_fu_316265_p2     |       and|   0|  0|    2|           1|           1|
    |and_ln59_8912_fu_316271_p2     |       and|   0|  0|    2|           1|           1|
    |and_ln59_8913_fu_326969_p2     |       and|   0|  0|    2|           1|           1|
    |and_ln59_8914_fu_316322_p2     |       and|   0|  0|    2|           1|           1|
    |and_ln59_8915_fu_316352_p2     |       and|   0|  0|    2|           1|           1|
    |and_ln59_8916_fu_316395_p2     |       and|   0|  0|    2|           1|           1|
    |and_ln59_8917_fu_326993_p2     |       and|   0|  0|    2|           1|           1|
    |and_ln59_8918_fu_316426_p2     |       and|   0|  0|    2|           1|           1|
    |and_ln59_8919_fu_316432_p2     |       and|   0|  0|    2|           1|           1|
    |and_ln59_8920_fu_327008_p2     |       and|   0|  0|    2|           1|           1|
    |and_ln59_8921_fu_316483_p2     |       and|   0|  0|    2|           1|           1|
    |and_ln59_8922_fu_316513_p2     |       and|   0|  0|    2|           1|           1|
    |and_ln59_8923_fu_316556_p2     |       and|   0|  0|    2|           1|           1|
    |and_ln59_8924_fu_327032_p2     |       and|   0|  0|    2|           1|           1|
    |and_ln59_8925_fu_316587_p2     |       and|   0|  0|    2|           1|           1|
    |and_ln59_8926_fu_316593_p2     |       and|   0|  0|    2|           1|           1|
    |and_ln59_8927_fu_327047_p2     |       and|   0|  0|    2|           1|           1|
    |and_ln59_8928_fu_316644_p2     |       and|   0|  0|    2|           1|           1|
    |and_ln59_8929_fu_316674_p2     |       and|   0|  0|    2|           1|           1|
    |and_ln59_8930_fu_316717_p2     |       and|   0|  0|    2|           1|           1|
    |and_ln59_8931_fu_327071_p2     |       and|   0|  0|    2|           1|           1|
    |and_ln59_8932_fu_316748_p2     |       and|   0|  0|    2|           1|           1|
    |and_ln59_8933_fu_316754_p2     |       and|   0|  0|    2|           1|           1|
    |and_ln59_8934_fu_327086_p2     |       and|   0|  0|    2|           1|           1|
    |and_ln59_8935_fu_316805_p2     |       and|   0|  0|    2|           1|           1|
    |and_ln59_8936_fu_316835_p2     |       and|   0|  0|    2|           1|           1|
    |and_ln59_8937_fu_316878_p2     |       and|   0|  0|    2|           1|           1|
    |and_ln59_8938_fu_327110_p2     |       and|   0|  0|    2|           1|           1|
    |and_ln59_8939_fu_316909_p2     |       and|   0|  0|    2|           1|           1|
    |and_ln59_8940_fu_316915_p2     |       and|   0|  0|    2|           1|           1|
    |and_ln59_8941_fu_327125_p2     |       and|   0|  0|    2|           1|           1|
    |and_ln59_8942_fu_316966_p2     |       and|   0|  0|    2|           1|           1|
    |and_ln59_8943_fu_316996_p2     |       and|   0|  0|    2|           1|           1|
    |and_ln59_8944_fu_317039_p2     |       and|   0|  0|    2|           1|           1|
    |and_ln59_8945_fu_327149_p2     |       and|   0|  0|    2|           1|           1|
    |and_ln59_8946_fu_317070_p2     |       and|   0|  0|    2|           1|           1|
    |and_ln59_8947_fu_317076_p2     |       and|   0|  0|    2|           1|           1|
    |and_ln59_8948_fu_327164_p2     |       and|   0|  0|    2|           1|           1|
    |and_ln59_8949_fu_317127_p2     |       and|   0|  0|    2|           1|           1|
    |and_ln59_8950_fu_317157_p2     |       and|   0|  0|    2|           1|           1|
    |and_ln59_8951_fu_317200_p2     |       and|   0|  0|    2|           1|           1|
    |and_ln59_8952_fu_327188_p2     |       and|   0|  0|    2|           1|           1|
    |and_ln59_8953_fu_317231_p2     |       and|   0|  0|    2|           1|           1|
    |and_ln59_8954_fu_317237_p2     |       and|   0|  0|    2|           1|           1|
    |and_ln59_8955_fu_327203_p2     |       and|   0|  0|    2|           1|           1|
    |and_ln59_fu_276072_p2          |       and|   0|  0|    2|           1|           1|
    |icmp_ln59_3325_fu_276108_p2    |      icmp|   0|  0|    9|           2|           2|
    |icmp_ln59_3326_fu_276113_p2    |      icmp|   0|  0|   10|           3|           2|
    |icmp_ln59_3327_fu_276118_p2    |      icmp|   0|  0|   10|           3|           1|
    |icmp_ln59_3328_fu_276214_p2    |      icmp|   0|  0|   12|           5|           1|
    |icmp_ln59_3329_fu_276269_p2    |      icmp|   0|  0|    9|           2|           2|
    |icmp_ln59_3330_fu_276274_p2    |      icmp|   0|  0|   10|           3|           2|
    |icmp_ln59_3331_fu_276279_p2    |      icmp|   0|  0|   10|           3|           1|
    |icmp_ln59_3332_fu_276375_p2    |      icmp|   0|  0|   12|           5|           1|
    |icmp_ln59_3333_fu_276430_p2    |      icmp|   0|  0|    9|           2|           2|
    |icmp_ln59_3334_fu_276435_p2    |      icmp|   0|  0|   10|           3|           2|
    |icmp_ln59_3335_fu_276440_p2    |      icmp|   0|  0|   10|           3|           1|
    |icmp_ln59_3336_fu_276536_p2    |      icmp|   0|  0|   12|           5|           1|
    |icmp_ln59_3337_fu_276591_p2    |      icmp|   0|  0|    9|           2|           2|
    |icmp_ln59_3338_fu_276596_p2    |      icmp|   0|  0|   10|           3|           2|
    |icmp_ln59_3339_fu_276601_p2    |      icmp|   0|  0|   10|           3|           1|
    |icmp_ln59_3340_fu_276697_p2    |      icmp|   0|  0|   12|           5|           1|
    |icmp_ln59_3341_fu_276752_p2    |      icmp|   0|  0|    9|           2|           2|
    |icmp_ln59_3342_fu_276757_p2    |      icmp|   0|  0|   10|           3|           2|
    |icmp_ln59_3343_fu_276762_p2    |      icmp|   0|  0|   10|           3|           1|
    |icmp_ln59_3344_fu_276858_p2    |      icmp|   0|  0|   12|           5|           1|
    |icmp_ln59_3345_fu_276913_p2    |      icmp|   0|  0|    9|           2|           2|
    |icmp_ln59_3346_fu_276918_p2    |      icmp|   0|  0|   10|           3|           2|
    |icmp_ln59_3347_fu_276923_p2    |      icmp|   0|  0|   10|           3|           1|
    |icmp_ln59_3348_fu_277019_p2    |      icmp|   0|  0|   12|           5|           1|
    |icmp_ln59_3349_fu_277074_p2    |      icmp|   0|  0|    9|           2|           2|
    |icmp_ln59_3350_fu_277079_p2    |      icmp|   0|  0|   10|           3|           2|
    |icmp_ln59_3351_fu_277084_p2    |      icmp|   0|  0|   10|           3|           1|
    |icmp_ln59_3352_fu_277180_p2    |      icmp|   0|  0|   12|           5|           1|
    |icmp_ln59_3353_fu_277235_p2    |      icmp|   0|  0|    9|           2|           2|
    |icmp_ln59_3354_fu_277240_p2    |      icmp|   0|  0|   10|           3|           2|
    |icmp_ln59_3355_fu_277245_p2    |      icmp|   0|  0|   10|           3|           1|
    |icmp_ln59_3356_fu_277341_p2    |      icmp|   0|  0|   12|           5|           1|
    |icmp_ln59_3357_fu_277396_p2    |      icmp|   0|  0|    9|           2|           2|
    |icmp_ln59_3358_fu_277401_p2    |      icmp|   0|  0|   10|           3|           2|
    |icmp_ln59_3359_fu_277406_p2    |      icmp|   0|  0|   10|           3|           1|
    |icmp_ln59_3360_fu_277502_p2    |      icmp|   0|  0|   12|           5|           1|
    |icmp_ln59_3361_fu_277557_p2    |      icmp|   0|  0|    9|           2|           2|
    |icmp_ln59_3362_fu_277562_p2    |      icmp|   0|  0|   10|           3|           2|
    |icmp_ln59_3363_fu_277567_p2    |      icmp|   0|  0|   10|           3|           1|
    |icmp_ln59_3364_fu_277663_p2    |      icmp|   0|  0|   12|           5|           1|
    |icmp_ln59_3365_fu_277718_p2    |      icmp|   0|  0|    9|           2|           2|
    |icmp_ln59_3366_fu_277723_p2    |      icmp|   0|  0|   10|           3|           2|
    |icmp_ln59_3367_fu_277728_p2    |      icmp|   0|  0|   10|           3|           1|
    |icmp_ln59_3368_fu_277824_p2    |      icmp|   0|  0|   12|           5|           1|
    |icmp_ln59_3369_fu_277879_p2    |      icmp|   0|  0|    9|           2|           2|
    |icmp_ln59_3370_fu_277884_p2    |      icmp|   0|  0|   10|           3|           2|
    |icmp_ln59_3371_fu_277889_p2    |      icmp|   0|  0|   10|           3|           1|
    |icmp_ln59_3372_fu_277985_p2    |      icmp|   0|  0|   12|           5|           1|
    |icmp_ln59_3373_fu_278040_p2    |      icmp|   0|  0|    9|           2|           2|
    |icmp_ln59_3374_fu_278045_p2    |      icmp|   0|  0|   10|           3|           2|
    |icmp_ln59_3375_fu_278050_p2    |      icmp|   0|  0|   10|           3|           1|
    |icmp_ln59_3376_fu_278146_p2    |      icmp|   0|  0|   12|           5|           1|
    |icmp_ln59_3377_fu_278201_p2    |      icmp|   0|  0|    9|           2|           2|
    |icmp_ln59_3378_fu_278206_p2    |      icmp|   0|  0|   10|           3|           2|
    |icmp_ln59_3379_fu_278211_p2    |      icmp|   0|  0|   10|           3|           1|
    |icmp_ln59_3380_fu_278307_p2    |      icmp|   0|  0|   12|           5|           1|
    |icmp_ln59_3381_fu_278362_p2    |      icmp|   0|  0|    9|           2|           2|
    |icmp_ln59_3382_fu_278367_p2    |      icmp|   0|  0|   10|           3|           2|
    |icmp_ln59_3383_fu_278372_p2    |      icmp|   0|  0|   10|           3|           1|
    |icmp_ln59_3384_fu_278468_p2    |      icmp|   0|  0|   12|           5|           1|
    |icmp_ln59_3385_fu_278523_p2    |      icmp|   0|  0|    9|           2|           2|
    |icmp_ln59_3386_fu_278528_p2    |      icmp|   0|  0|   10|           3|           2|
    |icmp_ln59_3387_fu_278533_p2    |      icmp|   0|  0|   10|           3|           1|
    |icmp_ln59_3388_fu_278629_p2    |      icmp|   0|  0|   12|           5|           1|
    |icmp_ln59_3389_fu_278684_p2    |      icmp|   0|  0|    9|           2|           2|
    |icmp_ln59_3390_fu_278689_p2    |      icmp|   0|  0|   10|           3|           2|
    |icmp_ln59_3391_fu_278694_p2    |      icmp|   0|  0|   10|           3|           1|
    |icmp_ln59_3392_fu_278790_p2    |      icmp|   0|  0|   12|           5|           1|
    |icmp_ln59_3393_fu_278845_p2    |      icmp|   0|  0|    9|           2|           2|
    |icmp_ln59_3394_fu_278850_p2    |      icmp|   0|  0|   10|           3|           2|
    |icmp_ln59_3395_fu_278855_p2    |      icmp|   0|  0|   10|           3|           1|
    |icmp_ln59_3396_fu_278951_p2    |      icmp|   0|  0|   12|           5|           1|
    |icmp_ln59_3397_fu_279006_p2    |      icmp|   0|  0|    9|           2|           2|
    |icmp_ln59_3398_fu_279011_p2    |      icmp|   0|  0|   10|           3|           2|
    |icmp_ln59_3399_fu_279016_p2    |      icmp|   0|  0|   10|           3|           1|
    |icmp_ln59_3400_fu_279112_p2    |      icmp|   0|  0|   12|           5|           1|
    |icmp_ln59_3401_fu_279167_p2    |      icmp|   0|  0|    9|           2|           2|
    |icmp_ln59_3402_fu_279172_p2    |      icmp|   0|  0|   10|           3|           2|
    |icmp_ln59_3403_fu_279177_p2    |      icmp|   0|  0|   10|           3|           1|
    |icmp_ln59_3404_fu_279273_p2    |      icmp|   0|  0|   12|           5|           1|
    |icmp_ln59_3405_fu_279328_p2    |      icmp|   0|  0|    9|           2|           2|
    |icmp_ln59_3406_fu_279333_p2    |      icmp|   0|  0|   10|           3|           2|
    |icmp_ln59_3407_fu_279338_p2    |      icmp|   0|  0|   10|           3|           1|
    |icmp_ln59_3408_fu_279434_p2    |      icmp|   0|  0|   12|           5|           1|
    |icmp_ln59_3409_fu_279489_p2    |      icmp|   0|  0|    9|           2|           2|
    |icmp_ln59_3410_fu_279494_p2    |      icmp|   0|  0|   10|           3|           2|
    |icmp_ln59_3411_fu_279499_p2    |      icmp|   0|  0|   10|           3|           1|
    |icmp_ln59_3412_fu_279595_p2    |      icmp|   0|  0|   12|           5|           1|
    |icmp_ln59_3413_fu_279650_p2    |      icmp|   0|  0|    9|           2|           2|
    |icmp_ln59_3414_fu_279655_p2    |      icmp|   0|  0|   10|           3|           2|
    |icmp_ln59_3415_fu_279660_p2    |      icmp|   0|  0|   10|           3|           1|
    |icmp_ln59_3416_fu_279756_p2    |      icmp|   0|  0|   12|           5|           1|
    |icmp_ln59_3417_fu_279811_p2    |      icmp|   0|  0|    9|           2|           2|
    |icmp_ln59_3418_fu_279816_p2    |      icmp|   0|  0|   10|           3|           2|
    |icmp_ln59_3419_fu_279821_p2    |      icmp|   0|  0|   10|           3|           1|
    |icmp_ln59_3420_fu_279917_p2    |      icmp|   0|  0|   12|           5|           1|
    |icmp_ln59_3421_fu_279972_p2    |      icmp|   0|  0|    9|           2|           2|
    |icmp_ln59_3422_fu_279977_p2    |      icmp|   0|  0|   10|           3|           2|
    |icmp_ln59_3423_fu_279982_p2    |      icmp|   0|  0|   10|           3|           1|
    |icmp_ln59_3424_fu_280078_p2    |      icmp|   0|  0|   12|           5|           1|
    |icmp_ln59_3425_fu_280133_p2    |      icmp|   0|  0|    9|           2|           2|
    |icmp_ln59_3426_fu_280138_p2    |      icmp|   0|  0|   10|           3|           2|
    |icmp_ln59_3427_fu_280143_p2    |      icmp|   0|  0|   10|           3|           1|
    |icmp_ln59_3428_fu_280239_p2    |      icmp|   0|  0|   12|           5|           1|
    |icmp_ln59_3429_fu_280294_p2    |      icmp|   0|  0|    9|           2|           2|
    |icmp_ln59_3430_fu_280299_p2    |      icmp|   0|  0|   10|           3|           2|
    |icmp_ln59_3431_fu_280304_p2    |      icmp|   0|  0|   10|           3|           1|
    |icmp_ln59_3432_fu_280400_p2    |      icmp|   0|  0|   12|           5|           1|
    |icmp_ln59_3433_fu_280455_p2    |      icmp|   0|  0|    9|           2|           2|
    |icmp_ln59_3434_fu_280460_p2    |      icmp|   0|  0|   10|           3|           2|
    |icmp_ln59_3435_fu_280465_p2    |      icmp|   0|  0|   10|           3|           1|
    |icmp_ln59_3436_fu_280561_p2    |      icmp|   0|  0|   12|           5|           1|
    |icmp_ln59_3437_fu_280616_p2    |      icmp|   0|  0|    9|           2|           2|
    |icmp_ln59_3438_fu_280621_p2    |      icmp|   0|  0|   10|           3|           2|
    |icmp_ln59_3439_fu_280626_p2    |      icmp|   0|  0|   10|           3|           1|
    |icmp_ln59_3440_fu_280722_p2    |      icmp|   0|  0|   12|           5|           1|
    |icmp_ln59_3441_fu_280777_p2    |      icmp|   0|  0|    9|           2|           2|
    |icmp_ln59_3442_fu_280782_p2    |      icmp|   0|  0|   10|           3|           2|
    |icmp_ln59_3443_fu_280787_p2    |      icmp|   0|  0|   10|           3|           1|
    |icmp_ln59_3444_fu_280883_p2    |      icmp|   0|  0|   12|           5|           1|
    |icmp_ln59_3445_fu_280938_p2    |      icmp|   0|  0|    9|           2|           2|
    |icmp_ln59_3446_fu_280943_p2    |      icmp|   0|  0|   10|           3|           2|
    |icmp_ln59_3447_fu_280948_p2    |      icmp|   0|  0|   10|           3|           1|
    |icmp_ln59_3448_fu_281044_p2    |      icmp|   0|  0|   12|           5|           1|
    |icmp_ln59_3449_fu_281099_p2    |      icmp|   0|  0|    9|           2|           2|
    |icmp_ln59_3450_fu_281104_p2    |      icmp|   0|  0|   10|           3|           2|
    |icmp_ln59_3451_fu_281109_p2    |      icmp|   0|  0|   10|           3|           1|
    |icmp_ln59_3452_fu_281205_p2    |      icmp|   0|  0|   12|           5|           1|
    |icmp_ln59_3453_fu_281260_p2    |      icmp|   0|  0|    9|           2|           2|
    |icmp_ln59_3454_fu_281265_p2    |      icmp|   0|  0|   10|           3|           2|
    |icmp_ln59_3455_fu_281270_p2    |      icmp|   0|  0|   10|           3|           1|
    |icmp_ln59_3456_fu_281366_p2    |      icmp|   0|  0|   12|           5|           1|
    |icmp_ln59_3457_fu_281421_p2    |      icmp|   0|  0|    9|           2|           2|
    |icmp_ln59_3458_fu_281426_p2    |      icmp|   0|  0|   10|           3|           2|
    |icmp_ln59_3459_fu_281431_p2    |      icmp|   0|  0|   10|           3|           1|
    |icmp_ln59_3460_fu_281527_p2    |      icmp|   0|  0|   12|           5|           1|
    |icmp_ln59_3461_fu_281582_p2    |      icmp|   0|  0|    9|           2|           2|
    |icmp_ln59_3462_fu_281587_p2    |      icmp|   0|  0|   10|           3|           2|
    |icmp_ln59_3463_fu_281592_p2    |      icmp|   0|  0|   10|           3|           1|
    |icmp_ln59_3464_fu_281688_p2    |      icmp|   0|  0|   12|           5|           1|
    |icmp_ln59_3465_fu_281743_p2    |      icmp|   0|  0|    9|           2|           2|
    |icmp_ln59_3466_fu_281748_p2    |      icmp|   0|  0|   10|           3|           2|
    |icmp_ln59_3467_fu_281753_p2    |      icmp|   0|  0|   10|           3|           1|
    |icmp_ln59_3468_fu_281849_p2    |      icmp|   0|  0|   12|           5|           1|
    |icmp_ln59_3469_fu_281904_p2    |      icmp|   0|  0|    9|           2|           2|
    |icmp_ln59_3470_fu_281909_p2    |      icmp|   0|  0|   10|           3|           2|
    |icmp_ln59_3471_fu_281914_p2    |      icmp|   0|  0|   10|           3|           1|
    |icmp_ln59_3472_fu_282010_p2    |      icmp|   0|  0|   12|           5|           1|
    |icmp_ln59_3473_fu_282065_p2    |      icmp|   0|  0|    9|           2|           2|
    |icmp_ln59_3474_fu_282070_p2    |      icmp|   0|  0|   10|           3|           2|
    |icmp_ln59_3475_fu_282075_p2    |      icmp|   0|  0|   10|           3|           1|
    |icmp_ln59_3476_fu_282171_p2    |      icmp|   0|  0|   12|           5|           1|
    |icmp_ln59_3477_fu_282226_p2    |      icmp|   0|  0|    9|           2|           2|
    |icmp_ln59_3478_fu_282231_p2    |      icmp|   0|  0|   10|           3|           2|
    |icmp_ln59_3479_fu_282236_p2    |      icmp|   0|  0|   10|           3|           1|
    |icmp_ln59_3480_fu_282332_p2    |      icmp|   0|  0|   12|           5|           1|
    |icmp_ln59_3481_fu_282387_p2    |      icmp|   0|  0|    9|           2|           2|
    |icmp_ln59_3482_fu_282392_p2    |      icmp|   0|  0|   10|           3|           2|
    |icmp_ln59_3483_fu_282397_p2    |      icmp|   0|  0|   10|           3|           1|
    |icmp_ln59_3484_fu_282493_p2    |      icmp|   0|  0|   12|           5|           1|
    |icmp_ln59_3485_fu_282548_p2    |      icmp|   0|  0|    9|           2|           2|
    |icmp_ln59_3486_fu_282553_p2    |      icmp|   0|  0|   10|           3|           2|
    |icmp_ln59_3487_fu_282558_p2    |      icmp|   0|  0|   10|           3|           1|
    |icmp_ln59_3488_fu_282654_p2    |      icmp|   0|  0|   12|           5|           1|
    |icmp_ln59_3489_fu_282709_p2    |      icmp|   0|  0|    9|           2|           2|
    |icmp_ln59_3490_fu_282714_p2    |      icmp|   0|  0|   10|           3|           2|
    |icmp_ln59_3491_fu_282719_p2    |      icmp|   0|  0|   10|           3|           1|
    |icmp_ln59_3492_fu_282815_p2    |      icmp|   0|  0|   12|           5|           1|
    |icmp_ln59_3493_fu_282870_p2    |      icmp|   0|  0|    9|           2|           2|
    |icmp_ln59_3494_fu_282875_p2    |      icmp|   0|  0|   10|           3|           2|
    |icmp_ln59_3495_fu_282880_p2    |      icmp|   0|  0|   10|           3|           1|
    |icmp_ln59_3496_fu_282976_p2    |      icmp|   0|  0|   12|           5|           1|
    |icmp_ln59_3497_fu_283031_p2    |      icmp|   0|  0|    9|           2|           2|
    |icmp_ln59_3498_fu_283036_p2    |      icmp|   0|  0|   10|           3|           2|
    |icmp_ln59_3499_fu_283041_p2    |      icmp|   0|  0|   10|           3|           1|
    |icmp_ln59_3500_fu_283137_p2    |      icmp|   0|  0|   12|           5|           1|
    |icmp_ln59_3501_fu_283192_p2    |      icmp|   0|  0|    9|           2|           2|
    |icmp_ln59_3502_fu_283197_p2    |      icmp|   0|  0|   10|           3|           2|
    |icmp_ln59_3503_fu_283202_p2    |      icmp|   0|  0|   10|           3|           1|
    |icmp_ln59_3504_fu_283298_p2    |      icmp|   0|  0|   12|           5|           1|
    |icmp_ln59_3505_fu_283353_p2    |      icmp|   0|  0|    9|           2|           2|
    |icmp_ln59_3506_fu_283358_p2    |      icmp|   0|  0|   10|           3|           2|
    |icmp_ln59_3507_fu_283363_p2    |      icmp|   0|  0|   10|           3|           1|
    |icmp_ln59_3508_fu_283459_p2    |      icmp|   0|  0|   12|           5|           1|
    |icmp_ln59_3509_fu_283514_p2    |      icmp|   0|  0|    9|           2|           2|
    |icmp_ln59_3510_fu_283519_p2    |      icmp|   0|  0|   10|           3|           2|
    |icmp_ln59_3511_fu_283524_p2    |      icmp|   0|  0|   10|           3|           1|
    |icmp_ln59_3512_fu_283620_p2    |      icmp|   0|  0|   12|           5|           1|
    |icmp_ln59_3513_fu_283675_p2    |      icmp|   0|  0|    9|           2|           2|
    |icmp_ln59_3514_fu_283680_p2    |      icmp|   0|  0|   10|           3|           2|
    |icmp_ln59_3515_fu_283685_p2    |      icmp|   0|  0|   10|           3|           1|
    |icmp_ln59_3516_fu_283781_p2    |      icmp|   0|  0|   12|           5|           1|
    |icmp_ln59_3517_fu_283836_p2    |      icmp|   0|  0|    9|           2|           2|
    |icmp_ln59_3518_fu_283841_p2    |      icmp|   0|  0|   10|           3|           2|
    |icmp_ln59_3519_fu_283846_p2    |      icmp|   0|  0|   10|           3|           1|
    |icmp_ln59_3520_fu_283942_p2    |      icmp|   0|  0|   12|           5|           1|
    |icmp_ln59_3521_fu_283997_p2    |      icmp|   0|  0|    9|           2|           2|
    |icmp_ln59_3522_fu_284002_p2    |      icmp|   0|  0|   10|           3|           2|
    |icmp_ln59_3523_fu_284007_p2    |      icmp|   0|  0|   10|           3|           1|
    |icmp_ln59_3524_fu_284103_p2    |      icmp|   0|  0|   12|           5|           1|
    |icmp_ln59_3525_fu_284158_p2    |      icmp|   0|  0|    9|           2|           2|
    |icmp_ln59_3526_fu_284163_p2    |      icmp|   0|  0|   10|           3|           2|
    |icmp_ln59_3527_fu_284168_p2    |      icmp|   0|  0|   10|           3|           1|
    |icmp_ln59_3528_fu_284264_p2    |      icmp|   0|  0|   12|           5|           1|
    |icmp_ln59_3529_fu_284319_p2    |      icmp|   0|  0|    9|           2|           2|
    |icmp_ln59_3530_fu_284324_p2    |      icmp|   0|  0|   10|           3|           2|
    |icmp_ln59_3531_fu_284329_p2    |      icmp|   0|  0|   10|           3|           1|
    |icmp_ln59_3532_fu_284425_p2    |      icmp|   0|  0|   12|           5|           1|
    |icmp_ln59_3533_fu_284480_p2    |      icmp|   0|  0|    9|           2|           2|
    |icmp_ln59_3534_fu_284485_p2    |      icmp|   0|  0|   10|           3|           2|
    |icmp_ln59_3535_fu_284490_p2    |      icmp|   0|  0|   10|           3|           1|
    |icmp_ln59_3536_fu_284586_p2    |      icmp|   0|  0|   12|           5|           1|
    |icmp_ln59_3537_fu_284641_p2    |      icmp|   0|  0|    9|           2|           2|
    |icmp_ln59_3538_fu_284646_p2    |      icmp|   0|  0|   10|           3|           2|
    |icmp_ln59_3539_fu_284651_p2    |      icmp|   0|  0|   10|           3|           1|
    |icmp_ln59_3540_fu_284747_p2    |      icmp|   0|  0|   12|           5|           1|
    |icmp_ln59_3541_fu_284802_p2    |      icmp|   0|  0|    9|           2|           2|
    |icmp_ln59_3542_fu_284807_p2    |      icmp|   0|  0|   10|           3|           2|
    |icmp_ln59_3543_fu_284812_p2    |      icmp|   0|  0|   10|           3|           1|
    |icmp_ln59_3544_fu_284908_p2    |      icmp|   0|  0|   12|           5|           1|
    |icmp_ln59_3545_fu_284963_p2    |      icmp|   0|  0|    9|           2|           2|
    |icmp_ln59_3546_fu_284968_p2    |      icmp|   0|  0|   10|           3|           2|
    |icmp_ln59_3547_fu_284973_p2    |      icmp|   0|  0|   10|           3|           1|
    |icmp_ln59_3548_fu_285069_p2    |      icmp|   0|  0|   12|           5|           1|
    |icmp_ln59_3549_fu_285124_p2    |      icmp|   0|  0|    9|           2|           2|
    |icmp_ln59_3550_fu_285129_p2    |      icmp|   0|  0|   10|           3|           2|
    |icmp_ln59_3551_fu_285134_p2    |      icmp|   0|  0|   10|           3|           1|
    |icmp_ln59_3552_fu_285230_p2    |      icmp|   0|  0|   12|           5|           1|
    |icmp_ln59_3553_fu_285285_p2    |      icmp|   0|  0|    9|           2|           2|
    |icmp_ln59_3554_fu_285290_p2    |      icmp|   0|  0|   10|           3|           2|
    |icmp_ln59_3555_fu_285295_p2    |      icmp|   0|  0|   10|           3|           1|
    |icmp_ln59_3556_fu_285391_p2    |      icmp|   0|  0|   12|           5|           1|
    |icmp_ln59_3557_fu_285446_p2    |      icmp|   0|  0|    9|           2|           2|
    |icmp_ln59_3558_fu_285451_p2    |      icmp|   0|  0|   10|           3|           2|
    |icmp_ln59_3559_fu_285456_p2    |      icmp|   0|  0|   10|           3|           1|
    |icmp_ln59_3560_fu_285552_p2    |      icmp|   0|  0|   12|           5|           1|
    |icmp_ln59_3561_fu_285607_p2    |      icmp|   0|  0|    9|           2|           2|
    |icmp_ln59_3562_fu_285612_p2    |      icmp|   0|  0|   10|           3|           2|
    |icmp_ln59_3563_fu_285617_p2    |      icmp|   0|  0|   10|           3|           1|
    |icmp_ln59_3564_fu_285713_p2    |      icmp|   0|  0|   12|           5|           1|
    |icmp_ln59_3565_fu_285768_p2    |      icmp|   0|  0|    9|           2|           2|
    |icmp_ln59_3566_fu_285773_p2    |      icmp|   0|  0|   10|           3|           2|
    |icmp_ln59_3567_fu_285778_p2    |      icmp|   0|  0|   10|           3|           1|
    |icmp_ln59_3568_fu_285874_p2    |      icmp|   0|  0|   12|           5|           1|
    |icmp_ln59_3569_fu_285929_p2    |      icmp|   0|  0|    9|           2|           2|
    |icmp_ln59_3570_fu_285934_p2    |      icmp|   0|  0|   10|           3|           2|
    |icmp_ln59_3571_fu_285939_p2    |      icmp|   0|  0|   10|           3|           1|
    |icmp_ln59_3572_fu_286035_p2    |      icmp|   0|  0|   12|           5|           1|
    |icmp_ln59_3573_fu_286090_p2    |      icmp|   0|  0|    9|           2|           2|
    |icmp_ln59_3574_fu_286095_p2    |      icmp|   0|  0|   10|           3|           2|
    |icmp_ln59_3575_fu_286100_p2    |      icmp|   0|  0|   10|           3|           1|
    |icmp_ln59_3576_fu_286196_p2    |      icmp|   0|  0|   12|           5|           1|
    |icmp_ln59_3577_fu_286251_p2    |      icmp|   0|  0|    9|           2|           2|
    |icmp_ln59_3578_fu_286256_p2    |      icmp|   0|  0|   10|           3|           2|
    |icmp_ln59_3579_fu_286261_p2    |      icmp|   0|  0|   10|           3|           1|
    |icmp_ln59_3580_fu_286357_p2    |      icmp|   0|  0|   12|           5|           1|
    |icmp_ln59_3581_fu_286412_p2    |      icmp|   0|  0|    9|           2|           2|
    |icmp_ln59_3582_fu_286417_p2    |      icmp|   0|  0|   10|           3|           2|
    |icmp_ln59_3583_fu_286422_p2    |      icmp|   0|  0|   10|           3|           1|
    |icmp_ln59_3584_fu_286518_p2    |      icmp|   0|  0|   12|           5|           1|
    |icmp_ln59_3585_fu_286573_p2    |      icmp|   0|  0|    9|           2|           2|
    |icmp_ln59_3586_fu_286578_p2    |      icmp|   0|  0|   10|           3|           2|
    |icmp_ln59_3587_fu_286583_p2    |      icmp|   0|  0|   10|           3|           1|
    |icmp_ln59_3588_fu_286679_p2    |      icmp|   0|  0|   12|           5|           1|
    |icmp_ln59_3589_fu_286734_p2    |      icmp|   0|  0|    9|           2|           2|
    |icmp_ln59_3590_fu_286739_p2    |      icmp|   0|  0|   10|           3|           2|
    |icmp_ln59_3591_fu_286744_p2    |      icmp|   0|  0|   10|           3|           1|
    |icmp_ln59_3592_fu_286840_p2    |      icmp|   0|  0|   12|           5|           1|
    |icmp_ln59_3593_fu_286895_p2    |      icmp|   0|  0|    9|           2|           2|
    |icmp_ln59_3594_fu_286900_p2    |      icmp|   0|  0|   10|           3|           2|
    |icmp_ln59_3595_fu_286905_p2    |      icmp|   0|  0|   10|           3|           1|
    |icmp_ln59_3596_fu_287001_p2    |      icmp|   0|  0|   12|           5|           1|
    |icmp_ln59_3597_fu_287056_p2    |      icmp|   0|  0|    9|           2|           2|
    |icmp_ln59_3598_fu_287061_p2    |      icmp|   0|  0|   10|           3|           2|
    |icmp_ln59_3599_fu_287066_p2    |      icmp|   0|  0|   10|           3|           1|
    |icmp_ln59_3600_fu_287162_p2    |      icmp|   0|  0|   12|           5|           1|
    |icmp_ln59_3601_fu_287217_p2    |      icmp|   0|  0|    9|           2|           2|
    |icmp_ln59_3602_fu_287222_p2    |      icmp|   0|  0|   10|           3|           2|
    |icmp_ln59_3603_fu_287227_p2    |      icmp|   0|  0|   10|           3|           1|
    |icmp_ln59_3604_fu_287323_p2    |      icmp|   0|  0|   12|           5|           1|
    |icmp_ln59_3605_fu_287378_p2    |      icmp|   0|  0|    9|           2|           2|
    |icmp_ln59_3606_fu_287383_p2    |      icmp|   0|  0|   10|           3|           2|
    |icmp_ln59_3607_fu_287388_p2    |      icmp|   0|  0|   10|           3|           1|
    |icmp_ln59_3608_fu_287484_p2    |      icmp|   0|  0|   12|           5|           1|
    |icmp_ln59_3609_fu_287539_p2    |      icmp|   0|  0|    9|           2|           2|
    |icmp_ln59_3610_fu_287544_p2    |      icmp|   0|  0|   10|           3|           2|
    |icmp_ln59_3611_fu_287549_p2    |      icmp|   0|  0|   10|           3|           1|
    |icmp_ln59_3612_fu_287645_p2    |      icmp|   0|  0|   12|           5|           1|
    |icmp_ln59_3613_fu_287700_p2    |      icmp|   0|  0|    9|           2|           2|
    |icmp_ln59_3614_fu_287705_p2    |      icmp|   0|  0|   10|           3|           2|
    |icmp_ln59_3615_fu_287710_p2    |      icmp|   0|  0|   10|           3|           1|
    |icmp_ln59_3616_fu_287806_p2    |      icmp|   0|  0|   12|           5|           1|
    |icmp_ln59_3617_fu_287861_p2    |      icmp|   0|  0|    9|           2|           2|
    |icmp_ln59_3618_fu_287866_p2    |      icmp|   0|  0|   10|           3|           2|
    |icmp_ln59_3619_fu_287871_p2    |      icmp|   0|  0|   10|           3|           1|
    |icmp_ln59_3620_fu_287967_p2    |      icmp|   0|  0|   12|           5|           1|
    |icmp_ln59_3621_fu_288022_p2    |      icmp|   0|  0|    9|           2|           2|
    |icmp_ln59_3622_fu_288027_p2    |      icmp|   0|  0|   10|           3|           2|
    |icmp_ln59_3623_fu_288032_p2    |      icmp|   0|  0|   10|           3|           1|
    |icmp_ln59_3624_fu_288128_p2    |      icmp|   0|  0|   12|           5|           1|
    |icmp_ln59_3625_fu_288183_p2    |      icmp|   0|  0|    9|           2|           2|
    |icmp_ln59_3626_fu_288188_p2    |      icmp|   0|  0|   10|           3|           2|
    |icmp_ln59_3627_fu_288193_p2    |      icmp|   0|  0|   10|           3|           1|
    |icmp_ln59_3628_fu_288289_p2    |      icmp|   0|  0|   12|           5|           1|
    |icmp_ln59_3629_fu_288344_p2    |      icmp|   0|  0|    9|           2|           2|
    |icmp_ln59_3630_fu_288349_p2    |      icmp|   0|  0|   10|           3|           2|
    |icmp_ln59_3631_fu_288354_p2    |      icmp|   0|  0|   10|           3|           1|
    |icmp_ln59_3632_fu_288450_p2    |      icmp|   0|  0|   12|           5|           1|
    |icmp_ln59_3633_fu_288505_p2    |      icmp|   0|  0|    9|           2|           2|
    |icmp_ln59_3634_fu_288510_p2    |      icmp|   0|  0|   10|           3|           2|
    |icmp_ln59_3635_fu_288515_p2    |      icmp|   0|  0|   10|           3|           1|
    |icmp_ln59_3636_fu_288611_p2    |      icmp|   0|  0|   12|           5|           1|
    |icmp_ln59_3637_fu_288666_p2    |      icmp|   0|  0|    9|           2|           2|
    |icmp_ln59_3638_fu_288671_p2    |      icmp|   0|  0|   10|           3|           2|
    |icmp_ln59_3639_fu_288676_p2    |      icmp|   0|  0|   10|           3|           1|
    |icmp_ln59_3640_fu_288772_p2    |      icmp|   0|  0|   12|           5|           1|
    |icmp_ln59_3641_fu_288827_p2    |      icmp|   0|  0|    9|           2|           2|
    |icmp_ln59_3642_fu_288832_p2    |      icmp|   0|  0|   10|           3|           2|
    |icmp_ln59_3643_fu_288837_p2    |      icmp|   0|  0|   10|           3|           1|
    |icmp_ln59_3644_fu_288933_p2    |      icmp|   0|  0|   12|           5|           1|
    |icmp_ln59_3645_fu_288988_p2    |      icmp|   0|  0|    9|           2|           2|
    |icmp_ln59_3646_fu_288993_p2    |      icmp|   0|  0|   10|           3|           2|
    |icmp_ln59_3647_fu_288998_p2    |      icmp|   0|  0|   10|           3|           1|
    |icmp_ln59_3648_fu_289094_p2    |      icmp|   0|  0|   12|           5|           1|
    |icmp_ln59_3649_fu_289149_p2    |      icmp|   0|  0|    9|           2|           2|
    |icmp_ln59_3650_fu_289154_p2    |      icmp|   0|  0|   10|           3|           2|
    |icmp_ln59_3651_fu_289159_p2    |      icmp|   0|  0|   10|           3|           1|
    |icmp_ln59_3652_fu_289255_p2    |      icmp|   0|  0|   12|           5|           1|
    |icmp_ln59_3653_fu_289310_p2    |      icmp|   0|  0|    9|           2|           2|
    |icmp_ln59_3654_fu_289315_p2    |      icmp|   0|  0|   10|           3|           2|
    |icmp_ln59_3655_fu_289320_p2    |      icmp|   0|  0|   10|           3|           1|
    |icmp_ln59_3656_fu_289416_p2    |      icmp|   0|  0|   12|           5|           1|
    |icmp_ln59_3657_fu_289471_p2    |      icmp|   0|  0|    9|           2|           2|
    |icmp_ln59_3658_fu_289476_p2    |      icmp|   0|  0|   10|           3|           2|
    |icmp_ln59_3659_fu_289481_p2    |      icmp|   0|  0|   10|           3|           1|
    |icmp_ln59_3660_fu_289577_p2    |      icmp|   0|  0|   12|           5|           1|
    |icmp_ln59_3661_fu_289632_p2    |      icmp|   0|  0|    9|           2|           2|
    |icmp_ln59_3662_fu_289637_p2    |      icmp|   0|  0|   10|           3|           2|
    |icmp_ln59_3663_fu_289642_p2    |      icmp|   0|  0|   10|           3|           1|
    |icmp_ln59_3664_fu_289738_p2    |      icmp|   0|  0|   12|           5|           1|
    |icmp_ln59_3665_fu_289793_p2    |      icmp|   0|  0|    9|           2|           2|
    |icmp_ln59_3666_fu_289798_p2    |      icmp|   0|  0|   10|           3|           2|
    |icmp_ln59_3667_fu_289803_p2    |      icmp|   0|  0|   10|           3|           1|
    |icmp_ln59_3668_fu_289899_p2    |      icmp|   0|  0|   12|           5|           1|
    |icmp_ln59_3669_fu_289954_p2    |      icmp|   0|  0|    9|           2|           2|
    |icmp_ln59_3670_fu_289959_p2    |      icmp|   0|  0|   10|           3|           2|
    |icmp_ln59_3671_fu_289964_p2    |      icmp|   0|  0|   10|           3|           1|
    |icmp_ln59_3672_fu_290060_p2    |      icmp|   0|  0|   12|           5|           1|
    |icmp_ln59_3673_fu_290115_p2    |      icmp|   0|  0|    9|           2|           2|
    |icmp_ln59_3674_fu_290120_p2    |      icmp|   0|  0|   10|           3|           2|
    |icmp_ln59_3675_fu_290125_p2    |      icmp|   0|  0|   10|           3|           1|
    |icmp_ln59_3676_fu_290221_p2    |      icmp|   0|  0|   12|           5|           1|
    |icmp_ln59_3677_fu_290276_p2    |      icmp|   0|  0|    9|           2|           2|
    |icmp_ln59_3678_fu_290281_p2    |      icmp|   0|  0|   10|           3|           2|
    |icmp_ln59_3679_fu_290286_p2    |      icmp|   0|  0|   10|           3|           1|
    |icmp_ln59_3680_fu_290382_p2    |      icmp|   0|  0|   12|           5|           1|
    |icmp_ln59_3681_fu_290437_p2    |      icmp|   0|  0|    9|           2|           2|
    |icmp_ln59_3682_fu_290442_p2    |      icmp|   0|  0|   10|           3|           2|
    |icmp_ln59_3683_fu_290447_p2    |      icmp|   0|  0|   10|           3|           1|
    |icmp_ln59_3684_fu_290543_p2    |      icmp|   0|  0|   12|           5|           1|
    |icmp_ln59_3685_fu_290598_p2    |      icmp|   0|  0|    9|           2|           2|
    |icmp_ln59_3686_fu_290603_p2    |      icmp|   0|  0|   10|           3|           2|
    |icmp_ln59_3687_fu_290608_p2    |      icmp|   0|  0|   10|           3|           1|
    |icmp_ln59_3688_fu_290704_p2    |      icmp|   0|  0|   12|           5|           1|
    |icmp_ln59_3689_fu_290759_p2    |      icmp|   0|  0|    9|           2|           2|
    |icmp_ln59_3690_fu_290764_p2    |      icmp|   0|  0|   10|           3|           2|
    |icmp_ln59_3691_fu_290769_p2    |      icmp|   0|  0|   10|           3|           1|
    |icmp_ln59_3692_fu_290865_p2    |      icmp|   0|  0|   12|           5|           1|
    |icmp_ln59_3693_fu_290920_p2    |      icmp|   0|  0|    9|           2|           2|
    |icmp_ln59_3694_fu_290925_p2    |      icmp|   0|  0|   10|           3|           2|
    |icmp_ln59_3695_fu_290930_p2    |      icmp|   0|  0|   10|           3|           1|
    |icmp_ln59_3696_fu_291026_p2    |      icmp|   0|  0|   12|           5|           1|
    |icmp_ln59_3697_fu_291081_p2    |      icmp|   0|  0|    9|           2|           2|
    |icmp_ln59_3698_fu_291086_p2    |      icmp|   0|  0|   10|           3|           2|
    |icmp_ln59_3699_fu_291091_p2    |      icmp|   0|  0|   10|           3|           1|
    |icmp_ln59_3700_fu_291187_p2    |      icmp|   0|  0|   12|           5|           1|
    |icmp_ln59_3701_fu_291242_p2    |      icmp|   0|  0|    9|           2|           2|
    |icmp_ln59_3702_fu_291247_p2    |      icmp|   0|  0|   10|           3|           2|
    |icmp_ln59_3703_fu_291252_p2    |      icmp|   0|  0|   10|           3|           1|
    |icmp_ln59_3704_fu_291348_p2    |      icmp|   0|  0|   12|           5|           1|
    |icmp_ln59_3705_fu_291403_p2    |      icmp|   0|  0|    9|           2|           2|
    |icmp_ln59_3706_fu_291408_p2    |      icmp|   0|  0|   10|           3|           2|
    |icmp_ln59_3707_fu_291413_p2    |      icmp|   0|  0|   10|           3|           1|
    |icmp_ln59_3708_fu_291509_p2    |      icmp|   0|  0|   12|           5|           1|
    |icmp_ln59_3709_fu_291564_p2    |      icmp|   0|  0|    9|           2|           2|
    |icmp_ln59_3710_fu_291569_p2    |      icmp|   0|  0|   10|           3|           2|
    |icmp_ln59_3711_fu_291574_p2    |      icmp|   0|  0|   10|           3|           1|
    |icmp_ln59_3712_fu_291670_p2    |      icmp|   0|  0|   12|           5|           1|
    |icmp_ln59_3713_fu_291725_p2    |      icmp|   0|  0|    9|           2|           2|
    |icmp_ln59_3714_fu_291730_p2    |      icmp|   0|  0|   10|           3|           2|
    |icmp_ln59_3715_fu_291735_p2    |      icmp|   0|  0|   10|           3|           1|
    |icmp_ln59_3716_fu_291831_p2    |      icmp|   0|  0|   12|           5|           1|
    |icmp_ln59_3717_fu_291886_p2    |      icmp|   0|  0|    9|           2|           2|
    |icmp_ln59_3718_fu_291891_p2    |      icmp|   0|  0|   10|           3|           2|
    |icmp_ln59_3719_fu_291896_p2    |      icmp|   0|  0|   10|           3|           1|
    |icmp_ln59_3720_fu_291992_p2    |      icmp|   0|  0|   12|           5|           1|
    |icmp_ln59_3721_fu_292047_p2    |      icmp|   0|  0|    9|           2|           2|
    |icmp_ln59_3722_fu_292052_p2    |      icmp|   0|  0|   10|           3|           2|
    |icmp_ln59_3723_fu_292057_p2    |      icmp|   0|  0|   10|           3|           1|
    |icmp_ln59_3724_fu_292153_p2    |      icmp|   0|  0|   12|           5|           1|
    |icmp_ln59_3725_fu_292208_p2    |      icmp|   0|  0|    9|           2|           2|
    |icmp_ln59_3726_fu_292213_p2    |      icmp|   0|  0|   10|           3|           2|
    |icmp_ln59_3727_fu_292218_p2    |      icmp|   0|  0|   10|           3|           1|
    |icmp_ln59_3728_fu_292314_p2    |      icmp|   0|  0|   12|           5|           1|
    |icmp_ln59_3729_fu_292369_p2    |      icmp|   0|  0|    9|           2|           2|
    |icmp_ln59_3730_fu_292374_p2    |      icmp|   0|  0|   10|           3|           2|
    |icmp_ln59_3731_fu_292379_p2    |      icmp|   0|  0|   10|           3|           1|
    |icmp_ln59_3732_fu_292475_p2    |      icmp|   0|  0|   12|           5|           1|
    |icmp_ln59_3733_fu_292530_p2    |      icmp|   0|  0|    9|           2|           2|
    |icmp_ln59_3734_fu_292535_p2    |      icmp|   0|  0|   10|           3|           2|
    |icmp_ln59_3735_fu_292540_p2    |      icmp|   0|  0|   10|           3|           1|
    |icmp_ln59_3736_fu_292636_p2    |      icmp|   0|  0|   12|           5|           1|
    |icmp_ln59_3737_fu_292691_p2    |      icmp|   0|  0|    9|           2|           2|
    |icmp_ln59_3738_fu_292696_p2    |      icmp|   0|  0|   10|           3|           2|
    |icmp_ln59_3739_fu_292701_p2    |      icmp|   0|  0|   10|           3|           1|
    |icmp_ln59_3740_fu_292797_p2    |      icmp|   0|  0|   12|           5|           1|
    |icmp_ln59_3741_fu_292852_p2    |      icmp|   0|  0|    9|           2|           2|
    |icmp_ln59_3742_fu_292857_p2    |      icmp|   0|  0|   10|           3|           2|
    |icmp_ln59_3743_fu_292862_p2    |      icmp|   0|  0|   10|           3|           1|
    |icmp_ln59_3744_fu_292958_p2    |      icmp|   0|  0|   12|           5|           1|
    |icmp_ln59_3745_fu_293013_p2    |      icmp|   0|  0|    9|           2|           2|
    |icmp_ln59_3746_fu_293018_p2    |      icmp|   0|  0|   10|           3|           2|
    |icmp_ln59_3747_fu_293023_p2    |      icmp|   0|  0|   10|           3|           1|
    |icmp_ln59_3748_fu_293119_p2    |      icmp|   0|  0|   12|           5|           1|
    |icmp_ln59_3749_fu_293174_p2    |      icmp|   0|  0|    9|           2|           2|
    |icmp_ln59_3750_fu_293179_p2    |      icmp|   0|  0|   10|           3|           2|
    |icmp_ln59_3751_fu_293184_p2    |      icmp|   0|  0|   10|           3|           1|
    |icmp_ln59_3752_fu_293280_p2    |      icmp|   0|  0|   12|           5|           1|
    |icmp_ln59_3753_fu_293335_p2    |      icmp|   0|  0|    9|           2|           2|
    |icmp_ln59_3754_fu_293340_p2    |      icmp|   0|  0|   10|           3|           2|
    |icmp_ln59_3755_fu_293345_p2    |      icmp|   0|  0|   10|           3|           1|
    |icmp_ln59_3756_fu_293441_p2    |      icmp|   0|  0|   12|           5|           1|
    |icmp_ln59_3757_fu_293496_p2    |      icmp|   0|  0|    9|           2|           2|
    |icmp_ln59_3758_fu_293501_p2    |      icmp|   0|  0|   10|           3|           2|
    |icmp_ln59_3759_fu_293506_p2    |      icmp|   0|  0|   10|           3|           1|
    |icmp_ln59_3760_fu_293602_p2    |      icmp|   0|  0|   12|           5|           1|
    |icmp_ln59_3761_fu_293657_p2    |      icmp|   0|  0|    9|           2|           2|
    |icmp_ln59_3762_fu_293662_p2    |      icmp|   0|  0|   10|           3|           2|
    |icmp_ln59_3763_fu_293667_p2    |      icmp|   0|  0|   10|           3|           1|
    |icmp_ln59_3764_fu_293763_p2    |      icmp|   0|  0|   12|           5|           1|
    |icmp_ln59_3765_fu_293818_p2    |      icmp|   0|  0|    9|           2|           2|
    |icmp_ln59_3766_fu_293823_p2    |      icmp|   0|  0|   10|           3|           2|
    |icmp_ln59_3767_fu_293828_p2    |      icmp|   0|  0|   10|           3|           1|
    |icmp_ln59_3768_fu_293924_p2    |      icmp|   0|  0|   12|           5|           1|
    |icmp_ln59_3769_fu_293979_p2    |      icmp|   0|  0|    9|           2|           2|
    |icmp_ln59_3770_fu_293984_p2    |      icmp|   0|  0|   10|           3|           2|
    |icmp_ln59_3771_fu_293989_p2    |      icmp|   0|  0|   10|           3|           1|
    |icmp_ln59_3772_fu_294085_p2    |      icmp|   0|  0|   12|           5|           1|
    |icmp_ln59_3773_fu_294140_p2    |      icmp|   0|  0|    9|           2|           2|
    |icmp_ln59_3774_fu_294145_p2    |      icmp|   0|  0|   10|           3|           2|
    |icmp_ln59_3775_fu_294150_p2    |      icmp|   0|  0|   10|           3|           1|
    |icmp_ln59_3776_fu_294246_p2    |      icmp|   0|  0|   12|           5|           1|
    |icmp_ln59_3777_fu_294301_p2    |      icmp|   0|  0|    9|           2|           2|
    |icmp_ln59_3778_fu_294306_p2    |      icmp|   0|  0|   10|           3|           2|
    |icmp_ln59_3779_fu_294311_p2    |      icmp|   0|  0|   10|           3|           1|
    |icmp_ln59_3780_fu_294407_p2    |      icmp|   0|  0|   12|           5|           1|
    |icmp_ln59_3781_fu_294462_p2    |      icmp|   0|  0|    9|           2|           2|
    |icmp_ln59_3782_fu_294467_p2    |      icmp|   0|  0|   10|           3|           2|
    |icmp_ln59_3783_fu_294472_p2    |      icmp|   0|  0|   10|           3|           1|
    |icmp_ln59_3784_fu_294568_p2    |      icmp|   0|  0|   12|           5|           1|
    |icmp_ln59_3785_fu_294623_p2    |      icmp|   0|  0|    9|           2|           2|
    |icmp_ln59_3786_fu_294628_p2    |      icmp|   0|  0|   10|           3|           2|
    |icmp_ln59_3787_fu_294633_p2    |      icmp|   0|  0|   10|           3|           1|
    |icmp_ln59_3788_fu_294729_p2    |      icmp|   0|  0|   12|           5|           1|
    |icmp_ln59_3789_fu_294784_p2    |      icmp|   0|  0|    9|           2|           2|
    |icmp_ln59_3790_fu_294789_p2    |      icmp|   0|  0|   10|           3|           2|
    |icmp_ln59_3791_fu_294794_p2    |      icmp|   0|  0|   10|           3|           1|
    |icmp_ln59_3792_fu_294890_p2    |      icmp|   0|  0|   12|           5|           1|
    |icmp_ln59_3793_fu_294945_p2    |      icmp|   0|  0|    9|           2|           2|
    |icmp_ln59_3794_fu_294950_p2    |      icmp|   0|  0|   10|           3|           2|
    |icmp_ln59_3795_fu_294955_p2    |      icmp|   0|  0|   10|           3|           1|
    |icmp_ln59_3796_fu_295051_p2    |      icmp|   0|  0|   12|           5|           1|
    |icmp_ln59_3797_fu_295106_p2    |      icmp|   0|  0|    9|           2|           2|
    |icmp_ln59_3798_fu_295111_p2    |      icmp|   0|  0|   10|           3|           2|
    |icmp_ln59_3799_fu_295116_p2    |      icmp|   0|  0|   10|           3|           1|
    |icmp_ln59_3800_fu_295212_p2    |      icmp|   0|  0|   12|           5|           1|
    |icmp_ln59_3801_fu_295267_p2    |      icmp|   0|  0|    9|           2|           2|
    |icmp_ln59_3802_fu_295272_p2    |      icmp|   0|  0|   10|           3|           2|
    |icmp_ln59_3803_fu_295277_p2    |      icmp|   0|  0|   10|           3|           1|
    |icmp_ln59_3804_fu_295373_p2    |      icmp|   0|  0|   12|           5|           1|
    |icmp_ln59_3805_fu_295428_p2    |      icmp|   0|  0|    9|           2|           2|
    |icmp_ln59_3806_fu_295433_p2    |      icmp|   0|  0|   10|           3|           2|
    |icmp_ln59_3807_fu_295438_p2    |      icmp|   0|  0|   10|           3|           1|
    |icmp_ln59_3808_fu_295534_p2    |      icmp|   0|  0|   12|           5|           1|
    |icmp_ln59_3809_fu_295589_p2    |      icmp|   0|  0|    9|           2|           2|
    |icmp_ln59_3810_fu_295594_p2    |      icmp|   0|  0|   10|           3|           2|
    |icmp_ln59_3811_fu_295599_p2    |      icmp|   0|  0|   10|           3|           1|
    |icmp_ln59_3812_fu_295695_p2    |      icmp|   0|  0|   12|           5|           1|
    |icmp_ln59_3813_fu_295750_p2    |      icmp|   0|  0|    9|           2|           2|
    |icmp_ln59_3814_fu_295755_p2    |      icmp|   0|  0|   10|           3|           2|
    |icmp_ln59_3815_fu_295760_p2    |      icmp|   0|  0|   10|           3|           1|
    |icmp_ln59_3816_fu_295856_p2    |      icmp|   0|  0|   12|           5|           1|
    |icmp_ln59_3817_fu_295911_p2    |      icmp|   0|  0|    9|           2|           2|
    |icmp_ln59_3818_fu_295916_p2    |      icmp|   0|  0|   10|           3|           2|
    |icmp_ln59_3819_fu_295921_p2    |      icmp|   0|  0|   10|           3|           1|
    |icmp_ln59_3820_fu_296017_p2    |      icmp|   0|  0|   12|           5|           1|
    |icmp_ln59_3821_fu_296072_p2    |      icmp|   0|  0|    9|           2|           2|
    |icmp_ln59_3822_fu_296077_p2    |      icmp|   0|  0|   10|           3|           2|
    |icmp_ln59_3823_fu_296082_p2    |      icmp|   0|  0|   10|           3|           1|
    |icmp_ln59_3824_fu_296178_p2    |      icmp|   0|  0|   12|           5|           1|
    |icmp_ln59_3825_fu_296233_p2    |      icmp|   0|  0|    9|           2|           2|
    |icmp_ln59_3826_fu_296238_p2    |      icmp|   0|  0|   10|           3|           2|
    |icmp_ln59_3827_fu_296243_p2    |      icmp|   0|  0|   10|           3|           1|
    |icmp_ln59_3828_fu_296339_p2    |      icmp|   0|  0|   12|           5|           1|
    |icmp_ln59_3829_fu_296394_p2    |      icmp|   0|  0|    9|           2|           2|
    |icmp_ln59_3830_fu_296399_p2    |      icmp|   0|  0|   10|           3|           2|
    |icmp_ln59_3831_fu_296404_p2    |      icmp|   0|  0|   10|           3|           1|
    |icmp_ln59_3832_fu_296500_p2    |      icmp|   0|  0|   12|           5|           1|
    |icmp_ln59_3833_fu_296555_p2    |      icmp|   0|  0|    9|           2|           2|
    |icmp_ln59_3834_fu_296560_p2    |      icmp|   0|  0|   10|           3|           2|
    |icmp_ln59_3835_fu_296565_p2    |      icmp|   0|  0|   10|           3|           1|
    |icmp_ln59_3836_fu_296661_p2    |      icmp|   0|  0|   12|           5|           1|
    |icmp_ln59_3837_fu_296716_p2    |      icmp|   0|  0|    9|           2|           2|
    |icmp_ln59_3838_fu_296721_p2    |      icmp|   0|  0|   10|           3|           2|
    |icmp_ln59_3839_fu_296726_p2    |      icmp|   0|  0|   10|           3|           1|
    |icmp_ln59_3840_fu_296822_p2    |      icmp|   0|  0|   12|           5|           1|
    |icmp_ln59_3841_fu_296877_p2    |      icmp|   0|  0|    9|           2|           2|
    |icmp_ln59_3842_fu_296882_p2    |      icmp|   0|  0|   10|           3|           2|
    |icmp_ln59_3843_fu_296887_p2    |      icmp|   0|  0|   10|           3|           1|
    |icmp_ln59_3844_fu_296983_p2    |      icmp|   0|  0|   12|           5|           1|
    |icmp_ln59_3845_fu_297038_p2    |      icmp|   0|  0|    9|           2|           2|
    |icmp_ln59_3846_fu_297043_p2    |      icmp|   0|  0|   10|           3|           2|
    |icmp_ln59_3847_fu_297048_p2    |      icmp|   0|  0|   10|           3|           1|
    |icmp_ln59_3848_fu_297144_p2    |      icmp|   0|  0|   12|           5|           1|
    |icmp_ln59_3849_fu_297199_p2    |      icmp|   0|  0|    9|           2|           2|
    |icmp_ln59_3850_fu_297204_p2    |      icmp|   0|  0|   10|           3|           2|
    |icmp_ln59_3851_fu_297209_p2    |      icmp|   0|  0|   10|           3|           1|
    |icmp_ln59_3852_fu_297305_p2    |      icmp|   0|  0|   12|           5|           1|
    |icmp_ln59_3853_fu_297360_p2    |      icmp|   0|  0|    9|           2|           2|
    |icmp_ln59_3854_fu_297365_p2    |      icmp|   0|  0|   10|           3|           2|
    |icmp_ln59_3855_fu_297370_p2    |      icmp|   0|  0|   10|           3|           1|
    |icmp_ln59_3856_fu_297466_p2    |      icmp|   0|  0|   12|           5|           1|
    |icmp_ln59_3857_fu_297521_p2    |      icmp|   0|  0|    9|           2|           2|
    |icmp_ln59_3858_fu_297526_p2    |      icmp|   0|  0|   10|           3|           2|
    |icmp_ln59_3859_fu_297531_p2    |      icmp|   0|  0|   10|           3|           1|
    |icmp_ln59_3860_fu_297627_p2    |      icmp|   0|  0|   12|           5|           1|
    |icmp_ln59_3861_fu_297682_p2    |      icmp|   0|  0|    9|           2|           2|
    |icmp_ln59_3862_fu_297687_p2    |      icmp|   0|  0|   10|           3|           2|
    |icmp_ln59_3863_fu_297692_p2    |      icmp|   0|  0|   10|           3|           1|
    |icmp_ln59_3864_fu_297788_p2    |      icmp|   0|  0|   12|           5|           1|
    |icmp_ln59_3865_fu_297843_p2    |      icmp|   0|  0|    9|           2|           2|
    |icmp_ln59_3866_fu_297848_p2    |      icmp|   0|  0|   10|           3|           2|
    |icmp_ln59_3867_fu_297853_p2    |      icmp|   0|  0|   10|           3|           1|
    |icmp_ln59_3868_fu_297949_p2    |      icmp|   0|  0|   12|           5|           1|
    |icmp_ln59_3869_fu_298004_p2    |      icmp|   0|  0|    9|           2|           2|
    |icmp_ln59_3870_fu_298009_p2    |      icmp|   0|  0|   10|           3|           2|
    |icmp_ln59_3871_fu_298014_p2    |      icmp|   0|  0|   10|           3|           1|
    |icmp_ln59_3872_fu_298110_p2    |      icmp|   0|  0|   12|           5|           1|
    |icmp_ln59_3873_fu_298165_p2    |      icmp|   0|  0|    9|           2|           2|
    |icmp_ln59_3874_fu_298170_p2    |      icmp|   0|  0|   10|           3|           2|
    |icmp_ln59_3875_fu_298175_p2    |      icmp|   0|  0|   10|           3|           1|
    |icmp_ln59_3876_fu_298271_p2    |      icmp|   0|  0|   12|           5|           1|
    |icmp_ln59_3877_fu_298326_p2    |      icmp|   0|  0|    9|           2|           2|
    |icmp_ln59_3878_fu_298331_p2    |      icmp|   0|  0|   10|           3|           2|
    |icmp_ln59_3879_fu_298336_p2    |      icmp|   0|  0|   10|           3|           1|
    |icmp_ln59_3880_fu_298432_p2    |      icmp|   0|  0|   12|           5|           1|
    |icmp_ln59_3881_fu_298487_p2    |      icmp|   0|  0|    9|           2|           2|
    |icmp_ln59_3882_fu_298492_p2    |      icmp|   0|  0|   10|           3|           2|
    |icmp_ln59_3883_fu_298497_p2    |      icmp|   0|  0|   10|           3|           1|
    |icmp_ln59_3884_fu_298593_p2    |      icmp|   0|  0|   12|           5|           1|
    |icmp_ln59_3885_fu_298648_p2    |      icmp|   0|  0|    9|           2|           2|
    |icmp_ln59_3886_fu_298653_p2    |      icmp|   0|  0|   10|           3|           2|
    |icmp_ln59_3887_fu_298658_p2    |      icmp|   0|  0|   10|           3|           1|
    |icmp_ln59_3888_fu_298754_p2    |      icmp|   0|  0|   12|           5|           1|
    |icmp_ln59_3889_fu_298809_p2    |      icmp|   0|  0|    9|           2|           2|
    |icmp_ln59_3890_fu_298814_p2    |      icmp|   0|  0|   10|           3|           2|
    |icmp_ln59_3891_fu_298819_p2    |      icmp|   0|  0|   10|           3|           1|
    |icmp_ln59_3892_fu_298915_p2    |      icmp|   0|  0|   12|           5|           1|
    |icmp_ln59_3893_fu_298970_p2    |      icmp|   0|  0|    9|           2|           2|
    |icmp_ln59_3894_fu_298975_p2    |      icmp|   0|  0|   10|           3|           2|
    |icmp_ln59_3895_fu_298980_p2    |      icmp|   0|  0|   10|           3|           1|
    |icmp_ln59_3896_fu_299076_p2    |      icmp|   0|  0|   12|           5|           1|
    |icmp_ln59_3897_fu_299131_p2    |      icmp|   0|  0|    9|           2|           2|
    |icmp_ln59_3898_fu_299136_p2    |      icmp|   0|  0|   10|           3|           2|
    |icmp_ln59_3899_fu_299141_p2    |      icmp|   0|  0|   10|           3|           1|
    |icmp_ln59_3900_fu_299237_p2    |      icmp|   0|  0|   12|           5|           1|
    |icmp_ln59_3901_fu_299292_p2    |      icmp|   0|  0|    9|           2|           2|
    |icmp_ln59_3902_fu_299297_p2    |      icmp|   0|  0|   10|           3|           2|
    |icmp_ln59_3903_fu_299302_p2    |      icmp|   0|  0|   10|           3|           1|
    |icmp_ln59_3904_fu_299398_p2    |      icmp|   0|  0|   12|           5|           1|
    |icmp_ln59_3905_fu_299453_p2    |      icmp|   0|  0|    9|           2|           2|
    |icmp_ln59_3906_fu_299458_p2    |      icmp|   0|  0|   10|           3|           2|
    |icmp_ln59_3907_fu_299463_p2    |      icmp|   0|  0|   10|           3|           1|
    |icmp_ln59_3908_fu_299559_p2    |      icmp|   0|  0|   12|           5|           1|
    |icmp_ln59_3909_fu_299614_p2    |      icmp|   0|  0|    9|           2|           2|
    |icmp_ln59_3910_fu_299619_p2    |      icmp|   0|  0|   10|           3|           2|
    |icmp_ln59_3911_fu_299624_p2    |      icmp|   0|  0|   10|           3|           1|
    |icmp_ln59_3912_fu_299720_p2    |      icmp|   0|  0|   12|           5|           1|
    |icmp_ln59_3913_fu_299775_p2    |      icmp|   0|  0|    9|           2|           2|
    |icmp_ln59_3914_fu_299780_p2    |      icmp|   0|  0|   10|           3|           2|
    |icmp_ln59_3915_fu_299785_p2    |      icmp|   0|  0|   10|           3|           1|
    |icmp_ln59_3916_fu_299881_p2    |      icmp|   0|  0|   12|           5|           1|
    |icmp_ln59_3917_fu_299936_p2    |      icmp|   0|  0|    9|           2|           2|
    |icmp_ln59_3918_fu_299941_p2    |      icmp|   0|  0|   10|           3|           2|
    |icmp_ln59_3919_fu_299946_p2    |      icmp|   0|  0|   10|           3|           1|
    |icmp_ln59_3920_fu_300042_p2    |      icmp|   0|  0|   12|           5|           1|
    |icmp_ln59_3921_fu_300097_p2    |      icmp|   0|  0|    9|           2|           2|
    |icmp_ln59_3922_fu_300102_p2    |      icmp|   0|  0|   10|           3|           2|
    |icmp_ln59_3923_fu_300107_p2    |      icmp|   0|  0|   10|           3|           1|
    |icmp_ln59_3924_fu_300203_p2    |      icmp|   0|  0|   12|           5|           1|
    |icmp_ln59_3925_fu_300258_p2    |      icmp|   0|  0|    9|           2|           2|
    |icmp_ln59_3926_fu_300263_p2    |      icmp|   0|  0|   10|           3|           2|
    |icmp_ln59_3927_fu_300268_p2    |      icmp|   0|  0|   10|           3|           1|
    |icmp_ln59_3928_fu_300364_p2    |      icmp|   0|  0|   12|           5|           1|
    |icmp_ln59_3929_fu_300419_p2    |      icmp|   0|  0|    9|           2|           2|
    |icmp_ln59_3930_fu_300424_p2    |      icmp|   0|  0|   10|           3|           2|
    |icmp_ln59_3931_fu_300429_p2    |      icmp|   0|  0|   10|           3|           1|
    |icmp_ln59_3932_fu_300525_p2    |      icmp|   0|  0|   12|           5|           1|
    |icmp_ln59_3933_fu_300580_p2    |      icmp|   0|  0|    9|           2|           2|
    |icmp_ln59_3934_fu_300585_p2    |      icmp|   0|  0|   10|           3|           2|
    |icmp_ln59_3935_fu_300590_p2    |      icmp|   0|  0|   10|           3|           1|
    |icmp_ln59_3936_fu_300686_p2    |      icmp|   0|  0|   12|           5|           1|
    |icmp_ln59_3937_fu_300741_p2    |      icmp|   0|  0|    9|           2|           2|
    |icmp_ln59_3938_fu_300746_p2    |      icmp|   0|  0|   10|           3|           2|
    |icmp_ln59_3939_fu_300751_p2    |      icmp|   0|  0|   10|           3|           1|
    |icmp_ln59_3940_fu_300847_p2    |      icmp|   0|  0|   12|           5|           1|
    |icmp_ln59_3941_fu_300902_p2    |      icmp|   0|  0|    9|           2|           2|
    |icmp_ln59_3942_fu_300907_p2    |      icmp|   0|  0|   10|           3|           2|
    |icmp_ln59_3943_fu_300912_p2    |      icmp|   0|  0|   10|           3|           1|
    |icmp_ln59_3944_fu_301008_p2    |      icmp|   0|  0|   12|           5|           1|
    |icmp_ln59_3945_fu_301063_p2    |      icmp|   0|  0|    9|           2|           2|
    |icmp_ln59_3946_fu_301068_p2    |      icmp|   0|  0|   10|           3|           2|
    |icmp_ln59_3947_fu_301073_p2    |      icmp|   0|  0|   10|           3|           1|
    |icmp_ln59_3948_fu_301169_p2    |      icmp|   0|  0|   12|           5|           1|
    |icmp_ln59_3949_fu_301224_p2    |      icmp|   0|  0|    9|           2|           2|
    |icmp_ln59_3950_fu_301229_p2    |      icmp|   0|  0|   10|           3|           2|
    |icmp_ln59_3951_fu_301234_p2    |      icmp|   0|  0|   10|           3|           1|
    |icmp_ln59_3952_fu_301330_p2    |      icmp|   0|  0|   12|           5|           1|
    |icmp_ln59_3953_fu_301385_p2    |      icmp|   0|  0|    9|           2|           2|
    |icmp_ln59_3954_fu_301390_p2    |      icmp|   0|  0|   10|           3|           2|
    |icmp_ln59_3955_fu_301395_p2    |      icmp|   0|  0|   10|           3|           1|
    |icmp_ln59_3956_fu_301491_p2    |      icmp|   0|  0|   12|           5|           1|
    |icmp_ln59_3957_fu_301546_p2    |      icmp|   0|  0|    9|           2|           2|
    |icmp_ln59_3958_fu_301551_p2    |      icmp|   0|  0|   10|           3|           2|
    |icmp_ln59_3959_fu_301556_p2    |      icmp|   0|  0|   10|           3|           1|
    |icmp_ln59_3960_fu_301652_p2    |      icmp|   0|  0|   12|           5|           1|
    |icmp_ln59_3961_fu_301707_p2    |      icmp|   0|  0|    9|           2|           2|
    |icmp_ln59_3962_fu_301712_p2    |      icmp|   0|  0|   10|           3|           2|
    |icmp_ln59_3963_fu_301717_p2    |      icmp|   0|  0|   10|           3|           1|
    |icmp_ln59_3964_fu_301813_p2    |      icmp|   0|  0|   12|           5|           1|
    |icmp_ln59_3965_fu_301868_p2    |      icmp|   0|  0|    9|           2|           2|
    |icmp_ln59_3966_fu_301873_p2    |      icmp|   0|  0|   10|           3|           2|
    |icmp_ln59_3967_fu_301878_p2    |      icmp|   0|  0|   10|           3|           1|
    |icmp_ln59_3968_fu_301974_p2    |      icmp|   0|  0|   12|           5|           1|
    |icmp_ln59_3969_fu_302029_p2    |      icmp|   0|  0|    9|           2|           2|
    |icmp_ln59_3970_fu_302034_p2    |      icmp|   0|  0|   10|           3|           2|
    |icmp_ln59_3971_fu_302039_p2    |      icmp|   0|  0|   10|           3|           1|
    |icmp_ln59_3972_fu_302135_p2    |      icmp|   0|  0|   12|           5|           1|
    |icmp_ln59_3973_fu_302190_p2    |      icmp|   0|  0|    9|           2|           2|
    |icmp_ln59_3974_fu_302195_p2    |      icmp|   0|  0|   10|           3|           2|
    |icmp_ln59_3975_fu_302200_p2    |      icmp|   0|  0|   10|           3|           1|
    |icmp_ln59_3976_fu_302296_p2    |      icmp|   0|  0|   12|           5|           1|
    |icmp_ln59_3977_fu_302351_p2    |      icmp|   0|  0|    9|           2|           2|
    |icmp_ln59_3978_fu_302356_p2    |      icmp|   0|  0|   10|           3|           2|
    |icmp_ln59_3979_fu_302361_p2    |      icmp|   0|  0|   10|           3|           1|
    |icmp_ln59_3980_fu_302457_p2    |      icmp|   0|  0|   12|           5|           1|
    |icmp_ln59_3981_fu_302512_p2    |      icmp|   0|  0|    9|           2|           2|
    |icmp_ln59_3982_fu_302517_p2    |      icmp|   0|  0|   10|           3|           2|
    |icmp_ln59_3983_fu_302522_p2    |      icmp|   0|  0|   10|           3|           1|
    |icmp_ln59_3984_fu_302618_p2    |      icmp|   0|  0|   12|           5|           1|
    |icmp_ln59_3985_fu_302673_p2    |      icmp|   0|  0|    9|           2|           2|
    |icmp_ln59_3986_fu_302678_p2    |      icmp|   0|  0|   10|           3|           2|
    |icmp_ln59_3987_fu_302683_p2    |      icmp|   0|  0|   10|           3|           1|
    |icmp_ln59_3988_fu_302779_p2    |      icmp|   0|  0|   12|           5|           1|
    |icmp_ln59_3989_fu_302834_p2    |      icmp|   0|  0|    9|           2|           2|
    |icmp_ln59_3990_fu_302839_p2    |      icmp|   0|  0|   10|           3|           2|
    |icmp_ln59_3991_fu_302844_p2    |      icmp|   0|  0|   10|           3|           1|
    |icmp_ln59_3992_fu_302940_p2    |      icmp|   0|  0|   12|           5|           1|
    |icmp_ln59_3993_fu_302995_p2    |      icmp|   0|  0|    9|           2|           2|
    |icmp_ln59_3994_fu_303000_p2    |      icmp|   0|  0|   10|           3|           2|
    |icmp_ln59_3995_fu_303005_p2    |      icmp|   0|  0|   10|           3|           1|
    |icmp_ln59_3996_fu_303101_p2    |      icmp|   0|  0|   12|           5|           1|
    |icmp_ln59_3997_fu_303156_p2    |      icmp|   0|  0|    9|           2|           2|
    |icmp_ln59_3998_fu_303161_p2    |      icmp|   0|  0|   10|           3|           2|
    |icmp_ln59_3999_fu_303166_p2    |      icmp|   0|  0|   10|           3|           1|
    |icmp_ln59_4000_fu_303262_p2    |      icmp|   0|  0|   12|           5|           1|
    |icmp_ln59_4001_fu_303317_p2    |      icmp|   0|  0|    9|           2|           2|
    |icmp_ln59_4002_fu_303322_p2    |      icmp|   0|  0|   10|           3|           2|
    |icmp_ln59_4003_fu_303327_p2    |      icmp|   0|  0|   10|           3|           1|
    |icmp_ln59_4004_fu_303423_p2    |      icmp|   0|  0|   12|           5|           1|
    |icmp_ln59_4005_fu_303478_p2    |      icmp|   0|  0|    9|           2|           2|
    |icmp_ln59_4006_fu_303483_p2    |      icmp|   0|  0|   10|           3|           2|
    |icmp_ln59_4007_fu_303488_p2    |      icmp|   0|  0|   10|           3|           1|
    |icmp_ln59_4008_fu_303584_p2    |      icmp|   0|  0|   12|           5|           1|
    |icmp_ln59_4009_fu_303639_p2    |      icmp|   0|  0|    9|           2|           2|
    |icmp_ln59_4010_fu_303644_p2    |      icmp|   0|  0|   10|           3|           2|
    |icmp_ln59_4011_fu_303649_p2    |      icmp|   0|  0|   10|           3|           1|
    |icmp_ln59_4012_fu_303745_p2    |      icmp|   0|  0|   12|           5|           1|
    |icmp_ln59_4013_fu_303800_p2    |      icmp|   0|  0|    9|           2|           2|
    |icmp_ln59_4014_fu_303805_p2    |      icmp|   0|  0|   10|           3|           2|
    |icmp_ln59_4015_fu_303810_p2    |      icmp|   0|  0|   10|           3|           1|
    |icmp_ln59_4016_fu_303906_p2    |      icmp|   0|  0|   12|           5|           1|
    |icmp_ln59_4017_fu_303961_p2    |      icmp|   0|  0|    9|           2|           2|
    |icmp_ln59_4018_fu_303966_p2    |      icmp|   0|  0|   10|           3|           2|
    |icmp_ln59_4019_fu_303971_p2    |      icmp|   0|  0|   10|           3|           1|
    |icmp_ln59_4020_fu_304067_p2    |      icmp|   0|  0|   12|           5|           1|
    |icmp_ln59_4021_fu_304122_p2    |      icmp|   0|  0|    9|           2|           2|
    |icmp_ln59_4022_fu_304127_p2    |      icmp|   0|  0|   10|           3|           2|
    |icmp_ln59_4023_fu_304132_p2    |      icmp|   0|  0|   10|           3|           1|
    |icmp_ln59_4024_fu_304228_p2    |      icmp|   0|  0|   12|           5|           1|
    |icmp_ln59_4025_fu_304283_p2    |      icmp|   0|  0|    9|           2|           2|
    |icmp_ln59_4026_fu_304288_p2    |      icmp|   0|  0|   10|           3|           2|
    |icmp_ln59_4027_fu_304293_p2    |      icmp|   0|  0|   10|           3|           1|
    |icmp_ln59_4028_fu_304389_p2    |      icmp|   0|  0|   12|           5|           1|
    |icmp_ln59_4029_fu_304444_p2    |      icmp|   0|  0|    9|           2|           2|
    |icmp_ln59_4030_fu_304449_p2    |      icmp|   0|  0|   10|           3|           2|
    |icmp_ln59_4031_fu_304454_p2    |      icmp|   0|  0|   10|           3|           1|
    |icmp_ln59_4032_fu_304550_p2    |      icmp|   0|  0|   12|           5|           1|
    |icmp_ln59_4033_fu_304605_p2    |      icmp|   0|  0|    9|           2|           2|
    |icmp_ln59_4034_fu_304610_p2    |      icmp|   0|  0|   10|           3|           2|
    |icmp_ln59_4035_fu_304615_p2    |      icmp|   0|  0|   10|           3|           1|
    |icmp_ln59_4036_fu_304711_p2    |      icmp|   0|  0|   12|           5|           1|
    |icmp_ln59_4037_fu_304766_p2    |      icmp|   0|  0|    9|           2|           2|
    |icmp_ln59_4038_fu_304771_p2    |      icmp|   0|  0|   10|           3|           2|
    |icmp_ln59_4039_fu_304776_p2    |      icmp|   0|  0|   10|           3|           1|
    |icmp_ln59_4040_fu_304872_p2    |      icmp|   0|  0|   12|           5|           1|
    |icmp_ln59_4041_fu_304927_p2    |      icmp|   0|  0|    9|           2|           2|
    |icmp_ln59_4042_fu_304932_p2    |      icmp|   0|  0|   10|           3|           2|
    |icmp_ln59_4043_fu_304937_p2    |      icmp|   0|  0|   10|           3|           1|
    |icmp_ln59_4044_fu_305033_p2    |      icmp|   0|  0|   12|           5|           1|
    |icmp_ln59_4045_fu_305088_p2    |      icmp|   0|  0|    9|           2|           2|
    |icmp_ln59_4046_fu_305093_p2    |      icmp|   0|  0|   10|           3|           2|
    |icmp_ln59_4047_fu_305098_p2    |      icmp|   0|  0|   10|           3|           1|
    |icmp_ln59_4048_fu_305194_p2    |      icmp|   0|  0|   12|           5|           1|
    |icmp_ln59_4049_fu_305249_p2    |      icmp|   0|  0|    9|           2|           2|
    |icmp_ln59_4050_fu_305254_p2    |      icmp|   0|  0|   10|           3|           2|
    |icmp_ln59_4051_fu_305259_p2    |      icmp|   0|  0|   10|           3|           1|
    |icmp_ln59_4052_fu_305355_p2    |      icmp|   0|  0|   12|           5|           1|
    |icmp_ln59_4053_fu_305410_p2    |      icmp|   0|  0|    9|           2|           2|
    |icmp_ln59_4054_fu_305415_p2    |      icmp|   0|  0|   10|           3|           2|
    |icmp_ln59_4055_fu_305420_p2    |      icmp|   0|  0|   10|           3|           1|
    |icmp_ln59_4056_fu_305516_p2    |      icmp|   0|  0|   12|           5|           1|
    |icmp_ln59_4057_fu_305571_p2    |      icmp|   0|  0|    9|           2|           2|
    |icmp_ln59_4058_fu_305576_p2    |      icmp|   0|  0|   10|           3|           2|
    |icmp_ln59_4059_fu_305581_p2    |      icmp|   0|  0|   10|           3|           1|
    |icmp_ln59_4060_fu_305677_p2    |      icmp|   0|  0|   12|           5|           1|
    |icmp_ln59_4061_fu_305732_p2    |      icmp|   0|  0|    9|           2|           2|
    |icmp_ln59_4062_fu_305737_p2    |      icmp|   0|  0|   10|           3|           2|
    |icmp_ln59_4063_fu_305742_p2    |      icmp|   0|  0|   10|           3|           1|
    |icmp_ln59_4064_fu_305838_p2    |      icmp|   0|  0|   12|           5|           1|
    |icmp_ln59_4065_fu_305893_p2    |      icmp|   0|  0|    9|           2|           2|
    |icmp_ln59_4066_fu_305898_p2    |      icmp|   0|  0|   10|           3|           2|
    |icmp_ln59_4067_fu_305903_p2    |      icmp|   0|  0|   10|           3|           1|
    |icmp_ln59_4068_fu_305999_p2    |      icmp|   0|  0|   12|           5|           1|
    |icmp_ln59_4069_fu_306054_p2    |      icmp|   0|  0|    9|           2|           2|
    |icmp_ln59_4070_fu_306059_p2    |      icmp|   0|  0|   10|           3|           2|
    |icmp_ln59_4071_fu_306064_p2    |      icmp|   0|  0|   10|           3|           1|
    |icmp_ln59_4072_fu_306160_p2    |      icmp|   0|  0|   12|           5|           1|
    |icmp_ln59_4073_fu_306215_p2    |      icmp|   0|  0|    9|           2|           2|
    |icmp_ln59_4074_fu_306220_p2    |      icmp|   0|  0|   10|           3|           2|
    |icmp_ln59_4075_fu_306225_p2    |      icmp|   0|  0|   10|           3|           1|
    |icmp_ln59_4076_fu_306321_p2    |      icmp|   0|  0|   12|           5|           1|
    |icmp_ln59_4077_fu_306376_p2    |      icmp|   0|  0|    9|           2|           2|
    |icmp_ln59_4078_fu_306381_p2    |      icmp|   0|  0|   10|           3|           2|
    |icmp_ln59_4079_fu_306386_p2    |      icmp|   0|  0|   10|           3|           1|
    |icmp_ln59_4080_fu_306482_p2    |      icmp|   0|  0|   12|           5|           1|
    |icmp_ln59_4081_fu_306537_p2    |      icmp|   0|  0|    9|           2|           2|
    |icmp_ln59_4082_fu_306542_p2    |      icmp|   0|  0|   10|           3|           2|
    |icmp_ln59_4083_fu_306547_p2    |      icmp|   0|  0|   10|           3|           1|
    |icmp_ln59_4084_fu_306643_p2    |      icmp|   0|  0|   12|           5|           1|
    |icmp_ln59_4085_fu_306698_p2    |      icmp|   0|  0|    9|           2|           2|
    |icmp_ln59_4086_fu_306703_p2    |      icmp|   0|  0|   10|           3|           2|
    |icmp_ln59_4087_fu_306708_p2    |      icmp|   0|  0|   10|           3|           1|
    |icmp_ln59_4088_fu_306804_p2    |      icmp|   0|  0|   12|           5|           1|
    |icmp_ln59_4089_fu_306859_p2    |      icmp|   0|  0|    9|           2|           2|
    |icmp_ln59_4090_fu_306864_p2    |      icmp|   0|  0|   10|           3|           2|
    |icmp_ln59_4091_fu_306869_p2    |      icmp|   0|  0|   10|           3|           1|
    |icmp_ln59_4092_fu_306965_p2    |      icmp|   0|  0|   12|           5|           1|
    |icmp_ln59_4093_fu_307020_p2    |      icmp|   0|  0|    9|           2|           2|
    |icmp_ln59_4094_fu_307025_p2    |      icmp|   0|  0|   10|           3|           2|
    |icmp_ln59_4095_fu_307030_p2    |      icmp|   0|  0|   10|           3|           1|
    |icmp_ln59_4096_fu_307126_p2    |      icmp|   0|  0|   12|           5|           1|
    |icmp_ln59_4097_fu_307181_p2    |      icmp|   0|  0|    9|           2|           2|
    |icmp_ln59_4098_fu_307186_p2    |      icmp|   0|  0|   10|           3|           2|
    |icmp_ln59_4099_fu_307191_p2    |      icmp|   0|  0|   10|           3|           1|
    |icmp_ln59_4100_fu_307287_p2    |      icmp|   0|  0|   12|           5|           1|
    |icmp_ln59_4101_fu_307342_p2    |      icmp|   0|  0|    9|           2|           2|
    |icmp_ln59_4102_fu_307347_p2    |      icmp|   0|  0|   10|           3|           2|
    |icmp_ln59_4103_fu_307352_p2    |      icmp|   0|  0|   10|           3|           1|
    |icmp_ln59_4104_fu_307448_p2    |      icmp|   0|  0|   12|           5|           1|
    |icmp_ln59_4105_fu_307503_p2    |      icmp|   0|  0|    9|           2|           2|
    |icmp_ln59_4106_fu_307508_p2    |      icmp|   0|  0|   10|           3|           2|
    |icmp_ln59_4107_fu_307513_p2    |      icmp|   0|  0|   10|           3|           1|
    |icmp_ln59_4108_fu_307609_p2    |      icmp|   0|  0|   12|           5|           1|
    |icmp_ln59_4109_fu_307664_p2    |      icmp|   0|  0|    9|           2|           2|
    |icmp_ln59_4110_fu_307669_p2    |      icmp|   0|  0|   10|           3|           2|
    |icmp_ln59_4111_fu_307674_p2    |      icmp|   0|  0|   10|           3|           1|
    |icmp_ln59_4112_fu_307770_p2    |      icmp|   0|  0|   12|           5|           1|
    |icmp_ln59_4113_fu_307825_p2    |      icmp|   0|  0|    9|           2|           2|
    |icmp_ln59_4114_fu_307830_p2    |      icmp|   0|  0|   10|           3|           2|
    |icmp_ln59_4115_fu_307835_p2    |      icmp|   0|  0|   10|           3|           1|
    |icmp_ln59_4116_fu_307931_p2    |      icmp|   0|  0|   12|           5|           1|
    |icmp_ln59_4117_fu_307986_p2    |      icmp|   0|  0|    9|           2|           2|
    |icmp_ln59_4118_fu_307991_p2    |      icmp|   0|  0|   10|           3|           2|
    |icmp_ln59_4119_fu_307996_p2    |      icmp|   0|  0|   10|           3|           1|
    |icmp_ln59_4120_fu_308092_p2    |      icmp|   0|  0|   12|           5|           1|
    |icmp_ln59_4121_fu_308147_p2    |      icmp|   0|  0|    9|           2|           2|
    |icmp_ln59_4122_fu_308152_p2    |      icmp|   0|  0|   10|           3|           2|
    |icmp_ln59_4123_fu_308157_p2    |      icmp|   0|  0|   10|           3|           1|
    |icmp_ln59_4124_fu_308253_p2    |      icmp|   0|  0|   12|           5|           1|
    |icmp_ln59_4125_fu_308308_p2    |      icmp|   0|  0|    9|           2|           2|
    |icmp_ln59_4126_fu_308313_p2    |      icmp|   0|  0|   10|           3|           2|
    |icmp_ln59_4127_fu_308318_p2    |      icmp|   0|  0|   10|           3|           1|
    |icmp_ln59_4128_fu_308414_p2    |      icmp|   0|  0|   12|           5|           1|
    |icmp_ln59_4129_fu_308469_p2    |      icmp|   0|  0|    9|           2|           2|
    |icmp_ln59_4130_fu_308474_p2    |      icmp|   0|  0|   10|           3|           2|
    |icmp_ln59_4131_fu_308479_p2    |      icmp|   0|  0|   10|           3|           1|
    |icmp_ln59_4132_fu_308575_p2    |      icmp|   0|  0|   12|           5|           1|
    |icmp_ln59_4133_fu_308630_p2    |      icmp|   0|  0|    9|           2|           2|
    |icmp_ln59_4134_fu_308635_p2    |      icmp|   0|  0|   10|           3|           2|
    |icmp_ln59_4135_fu_308640_p2    |      icmp|   0|  0|   10|           3|           1|
    |icmp_ln59_4136_fu_308736_p2    |      icmp|   0|  0|   12|           5|           1|
    |icmp_ln59_4137_fu_308791_p2    |      icmp|   0|  0|    9|           2|           2|
    |icmp_ln59_4138_fu_308796_p2    |      icmp|   0|  0|   10|           3|           2|
    |icmp_ln59_4139_fu_308801_p2    |      icmp|   0|  0|   10|           3|           1|
    |icmp_ln59_4140_fu_308897_p2    |      icmp|   0|  0|   12|           5|           1|
    |icmp_ln59_4141_fu_308952_p2    |      icmp|   0|  0|    9|           2|           2|
    |icmp_ln59_4142_fu_308957_p2    |      icmp|   0|  0|   10|           3|           2|
    |icmp_ln59_4143_fu_308962_p2    |      icmp|   0|  0|   10|           3|           1|
    |icmp_ln59_4144_fu_309058_p2    |      icmp|   0|  0|   12|           5|           1|
    |icmp_ln59_4145_fu_309113_p2    |      icmp|   0|  0|    9|           2|           2|
    |icmp_ln59_4146_fu_309118_p2    |      icmp|   0|  0|   10|           3|           2|
    |icmp_ln59_4147_fu_309123_p2    |      icmp|   0|  0|   10|           3|           1|
    |icmp_ln59_4148_fu_309219_p2    |      icmp|   0|  0|   12|           5|           1|
    |icmp_ln59_4149_fu_309274_p2    |      icmp|   0|  0|    9|           2|           2|
    |icmp_ln59_4150_fu_309279_p2    |      icmp|   0|  0|   10|           3|           2|
    |icmp_ln59_4151_fu_309284_p2    |      icmp|   0|  0|   10|           3|           1|
    |icmp_ln59_4152_fu_309380_p2    |      icmp|   0|  0|   12|           5|           1|
    |icmp_ln59_4153_fu_309435_p2    |      icmp|   0|  0|    9|           2|           2|
    |icmp_ln59_4154_fu_309440_p2    |      icmp|   0|  0|   10|           3|           2|
    |icmp_ln59_4155_fu_309445_p2    |      icmp|   0|  0|   10|           3|           1|
    |icmp_ln59_4156_fu_309541_p2    |      icmp|   0|  0|   12|           5|           1|
    |icmp_ln59_4157_fu_309596_p2    |      icmp|   0|  0|    9|           2|           2|
    |icmp_ln59_4158_fu_309601_p2    |      icmp|   0|  0|   10|           3|           2|
    |icmp_ln59_4159_fu_309606_p2    |      icmp|   0|  0|   10|           3|           1|
    |icmp_ln59_4160_fu_309702_p2    |      icmp|   0|  0|   12|           5|           1|
    |icmp_ln59_4161_fu_309757_p2    |      icmp|   0|  0|    9|           2|           2|
    |icmp_ln59_4162_fu_309762_p2    |      icmp|   0|  0|   10|           3|           2|
    |icmp_ln59_4163_fu_309767_p2    |      icmp|   0|  0|   10|           3|           1|
    |icmp_ln59_4164_fu_309863_p2    |      icmp|   0|  0|   12|           5|           1|
    |icmp_ln59_4165_fu_309918_p2    |      icmp|   0|  0|    9|           2|           2|
    |icmp_ln59_4166_fu_309923_p2    |      icmp|   0|  0|   10|           3|           2|
    |icmp_ln59_4167_fu_309928_p2    |      icmp|   0|  0|   10|           3|           1|
    |icmp_ln59_4168_fu_310024_p2    |      icmp|   0|  0|   12|           5|           1|
    |icmp_ln59_4169_fu_310079_p2    |      icmp|   0|  0|    9|           2|           2|
    |icmp_ln59_4170_fu_310084_p2    |      icmp|   0|  0|   10|           3|           2|
    |icmp_ln59_4171_fu_310089_p2    |      icmp|   0|  0|   10|           3|           1|
    |icmp_ln59_4172_fu_310185_p2    |      icmp|   0|  0|   12|           5|           1|
    |icmp_ln59_4173_fu_310240_p2    |      icmp|   0|  0|    9|           2|           2|
    |icmp_ln59_4174_fu_310245_p2    |      icmp|   0|  0|   10|           3|           2|
    |icmp_ln59_4175_fu_310250_p2    |      icmp|   0|  0|   10|           3|           1|
    |icmp_ln59_4176_fu_310346_p2    |      icmp|   0|  0|   12|           5|           1|
    |icmp_ln59_4177_fu_310401_p2    |      icmp|   0|  0|    9|           2|           2|
    |icmp_ln59_4178_fu_310406_p2    |      icmp|   0|  0|   10|           3|           2|
    |icmp_ln59_4179_fu_310411_p2    |      icmp|   0|  0|   10|           3|           1|
    |icmp_ln59_4180_fu_310507_p2    |      icmp|   0|  0|   12|           5|           1|
    |icmp_ln59_4181_fu_310562_p2    |      icmp|   0|  0|    9|           2|           2|
    |icmp_ln59_4182_fu_310567_p2    |      icmp|   0|  0|   10|           3|           2|
    |icmp_ln59_4183_fu_310572_p2    |      icmp|   0|  0|   10|           3|           1|
    |icmp_ln59_4184_fu_310668_p2    |      icmp|   0|  0|   12|           5|           1|
    |icmp_ln59_4185_fu_310723_p2    |      icmp|   0|  0|    9|           2|           2|
    |icmp_ln59_4186_fu_310728_p2    |      icmp|   0|  0|   10|           3|           2|
    |icmp_ln59_4187_fu_310733_p2    |      icmp|   0|  0|   10|           3|           1|
    |icmp_ln59_4188_fu_310829_p2    |      icmp|   0|  0|   12|           5|           1|
    |icmp_ln59_4189_fu_310884_p2    |      icmp|   0|  0|    9|           2|           2|
    |icmp_ln59_4190_fu_310889_p2    |      icmp|   0|  0|   10|           3|           2|
    |icmp_ln59_4191_fu_310894_p2    |      icmp|   0|  0|   10|           3|           1|
    |icmp_ln59_4192_fu_310990_p2    |      icmp|   0|  0|   12|           5|           1|
    |icmp_ln59_4193_fu_311045_p2    |      icmp|   0|  0|    9|           2|           2|
    |icmp_ln59_4194_fu_311050_p2    |      icmp|   0|  0|   10|           3|           2|
    |icmp_ln59_4195_fu_311055_p2    |      icmp|   0|  0|   10|           3|           1|
    |icmp_ln59_4196_fu_311151_p2    |      icmp|   0|  0|   12|           5|           1|
    |icmp_ln59_4197_fu_311206_p2    |      icmp|   0|  0|    9|           2|           2|
    |icmp_ln59_4198_fu_311211_p2    |      icmp|   0|  0|   10|           3|           2|
    |icmp_ln59_4199_fu_311216_p2    |      icmp|   0|  0|   10|           3|           1|
    |icmp_ln59_4200_fu_311312_p2    |      icmp|   0|  0|   12|           5|           1|
    |icmp_ln59_4201_fu_311367_p2    |      icmp|   0|  0|    9|           2|           2|
    |icmp_ln59_4202_fu_311372_p2    |      icmp|   0|  0|   10|           3|           2|
    |icmp_ln59_4203_fu_311377_p2    |      icmp|   0|  0|   10|           3|           1|
    |icmp_ln59_4204_fu_311473_p2    |      icmp|   0|  0|   12|           5|           1|
    |icmp_ln59_4205_fu_311528_p2    |      icmp|   0|  0|    9|           2|           2|
    |icmp_ln59_4206_fu_311533_p2    |      icmp|   0|  0|   10|           3|           2|
    |icmp_ln59_4207_fu_311538_p2    |      icmp|   0|  0|   10|           3|           1|
    |icmp_ln59_4208_fu_311634_p2    |      icmp|   0|  0|   12|           5|           1|
    |icmp_ln59_4209_fu_311689_p2    |      icmp|   0|  0|    9|           2|           2|
    |icmp_ln59_4210_fu_311694_p2    |      icmp|   0|  0|   10|           3|           2|
    |icmp_ln59_4211_fu_311699_p2    |      icmp|   0|  0|   10|           3|           1|
    |icmp_ln59_4212_fu_311795_p2    |      icmp|   0|  0|   12|           5|           1|
    |icmp_ln59_4213_fu_311850_p2    |      icmp|   0|  0|    9|           2|           2|
    |icmp_ln59_4214_fu_311855_p2    |      icmp|   0|  0|   10|           3|           2|
    |icmp_ln59_4215_fu_311860_p2    |      icmp|   0|  0|   10|           3|           1|
    |icmp_ln59_4216_fu_311956_p2    |      icmp|   0|  0|   12|           5|           1|
    |icmp_ln59_4217_fu_312011_p2    |      icmp|   0|  0|    9|           2|           2|
    |icmp_ln59_4218_fu_312016_p2    |      icmp|   0|  0|   10|           3|           2|
    |icmp_ln59_4219_fu_312021_p2    |      icmp|   0|  0|   10|           3|           1|
    |icmp_ln59_4220_fu_312117_p2    |      icmp|   0|  0|   12|           5|           1|
    |icmp_ln59_4221_fu_312172_p2    |      icmp|   0|  0|    9|           2|           2|
    |icmp_ln59_4222_fu_312177_p2    |      icmp|   0|  0|   10|           3|           2|
    |icmp_ln59_4223_fu_312182_p2    |      icmp|   0|  0|   10|           3|           1|
    |icmp_ln59_4224_fu_312278_p2    |      icmp|   0|  0|   12|           5|           1|
    |icmp_ln59_4225_fu_312333_p2    |      icmp|   0|  0|    9|           2|           2|
    |icmp_ln59_4226_fu_312338_p2    |      icmp|   0|  0|   10|           3|           2|
    |icmp_ln59_4227_fu_312343_p2    |      icmp|   0|  0|   10|           3|           1|
    |icmp_ln59_4228_fu_312439_p2    |      icmp|   0|  0|   12|           5|           1|
    |icmp_ln59_4229_fu_312494_p2    |      icmp|   0|  0|    9|           2|           2|
    |icmp_ln59_4230_fu_312499_p2    |      icmp|   0|  0|   10|           3|           2|
    |icmp_ln59_4231_fu_312504_p2    |      icmp|   0|  0|   10|           3|           1|
    |icmp_ln59_4232_fu_312600_p2    |      icmp|   0|  0|   12|           5|           1|
    |icmp_ln59_4233_fu_312655_p2    |      icmp|   0|  0|    9|           2|           2|
    |icmp_ln59_4234_fu_312660_p2    |      icmp|   0|  0|   10|           3|           2|
    |icmp_ln59_4235_fu_312665_p2    |      icmp|   0|  0|   10|           3|           1|
    |icmp_ln59_4236_fu_312761_p2    |      icmp|   0|  0|   12|           5|           1|
    |icmp_ln59_4237_fu_312816_p2    |      icmp|   0|  0|    9|           2|           2|
    |icmp_ln59_4238_fu_312821_p2    |      icmp|   0|  0|   10|           3|           2|
    |icmp_ln59_4239_fu_312826_p2    |      icmp|   0|  0|   10|           3|           1|
    |icmp_ln59_4240_fu_312922_p2    |      icmp|   0|  0|   12|           5|           1|
    |icmp_ln59_4241_fu_312977_p2    |      icmp|   0|  0|    9|           2|           2|
    |icmp_ln59_4242_fu_312982_p2    |      icmp|   0|  0|   10|           3|           2|
    |icmp_ln59_4243_fu_312987_p2    |      icmp|   0|  0|   10|           3|           1|
    |icmp_ln59_4244_fu_313083_p2    |      icmp|   0|  0|   12|           5|           1|
    |icmp_ln59_4245_fu_313138_p2    |      icmp|   0|  0|    9|           2|           2|
    |icmp_ln59_4246_fu_313143_p2    |      icmp|   0|  0|   10|           3|           2|
    |icmp_ln59_4247_fu_313148_p2    |      icmp|   0|  0|   10|           3|           1|
    |icmp_ln59_4248_fu_313244_p2    |      icmp|   0|  0|   12|           5|           1|
    |icmp_ln59_4249_fu_313299_p2    |      icmp|   0|  0|    9|           2|           2|
    |icmp_ln59_4250_fu_313304_p2    |      icmp|   0|  0|   10|           3|           2|
    |icmp_ln59_4251_fu_313309_p2    |      icmp|   0|  0|   10|           3|           1|
    |icmp_ln59_4252_fu_313405_p2    |      icmp|   0|  0|   12|           5|           1|
    |icmp_ln59_4253_fu_313460_p2    |      icmp|   0|  0|    9|           2|           2|
    |icmp_ln59_4254_fu_313465_p2    |      icmp|   0|  0|   10|           3|           2|
    |icmp_ln59_4255_fu_313470_p2    |      icmp|   0|  0|   10|           3|           1|
    |icmp_ln59_4256_fu_313566_p2    |      icmp|   0|  0|   12|           5|           1|
    |icmp_ln59_4257_fu_313621_p2    |      icmp|   0|  0|    9|           2|           2|
    |icmp_ln59_4258_fu_313626_p2    |      icmp|   0|  0|   10|           3|           2|
    |icmp_ln59_4259_fu_313631_p2    |      icmp|   0|  0|   10|           3|           1|
    |icmp_ln59_4260_fu_313727_p2    |      icmp|   0|  0|   12|           5|           1|
    |icmp_ln59_4261_fu_313782_p2    |      icmp|   0|  0|    9|           2|           2|
    |icmp_ln59_4262_fu_313787_p2    |      icmp|   0|  0|   10|           3|           2|
    |icmp_ln59_4263_fu_313792_p2    |      icmp|   0|  0|   10|           3|           1|
    |icmp_ln59_4264_fu_313888_p2    |      icmp|   0|  0|   12|           5|           1|
    |icmp_ln59_4265_fu_313943_p2    |      icmp|   0|  0|    9|           2|           2|
    |icmp_ln59_4266_fu_313948_p2    |      icmp|   0|  0|   10|           3|           2|
    |icmp_ln59_4267_fu_313953_p2    |      icmp|   0|  0|   10|           3|           1|
    |icmp_ln59_4268_fu_314049_p2    |      icmp|   0|  0|   12|           5|           1|
    |icmp_ln59_4269_fu_314104_p2    |      icmp|   0|  0|    9|           2|           2|
    |icmp_ln59_4270_fu_314109_p2    |      icmp|   0|  0|   10|           3|           2|
    |icmp_ln59_4271_fu_314114_p2    |      icmp|   0|  0|   10|           3|           1|
    |icmp_ln59_4272_fu_314210_p2    |      icmp|   0|  0|   12|           5|           1|
    |icmp_ln59_4273_fu_314265_p2    |      icmp|   0|  0|    9|           2|           2|
    |icmp_ln59_4274_fu_314270_p2    |      icmp|   0|  0|   10|           3|           2|
    |icmp_ln59_4275_fu_314275_p2    |      icmp|   0|  0|   10|           3|           1|
    |icmp_ln59_4276_fu_314371_p2    |      icmp|   0|  0|   12|           5|           1|
    |icmp_ln59_4277_fu_314426_p2    |      icmp|   0|  0|    9|           2|           2|
    |icmp_ln59_4278_fu_314431_p2    |      icmp|   0|  0|   10|           3|           2|
    |icmp_ln59_4279_fu_314436_p2    |      icmp|   0|  0|   10|           3|           1|
    |icmp_ln59_4280_fu_314532_p2    |      icmp|   0|  0|   12|           5|           1|
    |icmp_ln59_4281_fu_314587_p2    |      icmp|   0|  0|    9|           2|           2|
    |icmp_ln59_4282_fu_314592_p2    |      icmp|   0|  0|   10|           3|           2|
    |icmp_ln59_4283_fu_314597_p2    |      icmp|   0|  0|   10|           3|           1|
    |icmp_ln59_4284_fu_314693_p2    |      icmp|   0|  0|   12|           5|           1|
    |icmp_ln59_4285_fu_314748_p2    |      icmp|   0|  0|    9|           2|           2|
    |icmp_ln59_4286_fu_314753_p2    |      icmp|   0|  0|   10|           3|           2|
    |icmp_ln59_4287_fu_314758_p2    |      icmp|   0|  0|   10|           3|           1|
    |icmp_ln59_4288_fu_314854_p2    |      icmp|   0|  0|   12|           5|           1|
    |icmp_ln59_4289_fu_314909_p2    |      icmp|   0|  0|    9|           2|           2|
    |icmp_ln59_4290_fu_314914_p2    |      icmp|   0|  0|   10|           3|           2|
    |icmp_ln59_4291_fu_314919_p2    |      icmp|   0|  0|   10|           3|           1|
    |icmp_ln59_4292_fu_315015_p2    |      icmp|   0|  0|   12|           5|           1|
    |icmp_ln59_4293_fu_315070_p2    |      icmp|   0|  0|    9|           2|           2|
    |icmp_ln59_4294_fu_315075_p2    |      icmp|   0|  0|   10|           3|           2|
    |icmp_ln59_4295_fu_315080_p2    |      icmp|   0|  0|   10|           3|           1|
    |icmp_ln59_4296_fu_315176_p2    |      icmp|   0|  0|   12|           5|           1|
    |icmp_ln59_4297_fu_315231_p2    |      icmp|   0|  0|    9|           2|           2|
    |icmp_ln59_4298_fu_315236_p2    |      icmp|   0|  0|   10|           3|           2|
    |icmp_ln59_4299_fu_315241_p2    |      icmp|   0|  0|   10|           3|           1|
    |icmp_ln59_4300_fu_315337_p2    |      icmp|   0|  0|   12|           5|           1|
    |icmp_ln59_4301_fu_315392_p2    |      icmp|   0|  0|    9|           2|           2|
    |icmp_ln59_4302_fu_315397_p2    |      icmp|   0|  0|   10|           3|           2|
    |icmp_ln59_4303_fu_315402_p2    |      icmp|   0|  0|   10|           3|           1|
    |icmp_ln59_4304_fu_315498_p2    |      icmp|   0|  0|   12|           5|           1|
    |icmp_ln59_4305_fu_315553_p2    |      icmp|   0|  0|    9|           2|           2|
    |icmp_ln59_4306_fu_315558_p2    |      icmp|   0|  0|   10|           3|           2|
    |icmp_ln59_4307_fu_315563_p2    |      icmp|   0|  0|   10|           3|           1|
    |icmp_ln59_4308_fu_315659_p2    |      icmp|   0|  0|   12|           5|           1|
    |icmp_ln59_4309_fu_315714_p2    |      icmp|   0|  0|    9|           2|           2|
    |icmp_ln59_4310_fu_315719_p2    |      icmp|   0|  0|   10|           3|           2|
    |icmp_ln59_4311_fu_315724_p2    |      icmp|   0|  0|   10|           3|           1|
    |icmp_ln59_4312_fu_315820_p2    |      icmp|   0|  0|   12|           5|           1|
    |icmp_ln59_4313_fu_315875_p2    |      icmp|   0|  0|    9|           2|           2|
    |icmp_ln59_4314_fu_315880_p2    |      icmp|   0|  0|   10|           3|           2|
    |icmp_ln59_4315_fu_315885_p2    |      icmp|   0|  0|   10|           3|           1|
    |icmp_ln59_4316_fu_315981_p2    |      icmp|   0|  0|   12|           5|           1|
    |icmp_ln59_4317_fu_316036_p2    |      icmp|   0|  0|    9|           2|           2|
    |icmp_ln59_4318_fu_316041_p2    |      icmp|   0|  0|   10|           3|           2|
    |icmp_ln59_4319_fu_316046_p2    |      icmp|   0|  0|   10|           3|           1|
    |icmp_ln59_4320_fu_316142_p2    |      icmp|   0|  0|   12|           5|           1|
    |icmp_ln59_4321_fu_316197_p2    |      icmp|   0|  0|    9|           2|           2|
    |icmp_ln59_4322_fu_316202_p2    |      icmp|   0|  0|   10|           3|           2|
    |icmp_ln59_4323_fu_316207_p2    |      icmp|   0|  0|   10|           3|           1|
    |icmp_ln59_4324_fu_316303_p2    |      icmp|   0|  0|   12|           5|           1|
    |icmp_ln59_4325_fu_316358_p2    |      icmp|   0|  0|    9|           2|           2|
    |icmp_ln59_4326_fu_316363_p2    |      icmp|   0|  0|   10|           3|           2|
    |icmp_ln59_4327_fu_316368_p2    |      icmp|   0|  0|   10|           3|           1|
    |icmp_ln59_4328_fu_316464_p2    |      icmp|   0|  0|   12|           5|           1|
    |icmp_ln59_4329_fu_316519_p2    |      icmp|   0|  0|    9|           2|           2|
    |icmp_ln59_4330_fu_316524_p2    |      icmp|   0|  0|   10|           3|           2|
    |icmp_ln59_4331_fu_316529_p2    |      icmp|   0|  0|   10|           3|           1|
    |icmp_ln59_4332_fu_316625_p2    |      icmp|   0|  0|   12|           5|           1|
    |icmp_ln59_4333_fu_316680_p2    |      icmp|   0|  0|    9|           2|           2|
    |icmp_ln59_4334_fu_316685_p2    |      icmp|   0|  0|   10|           3|           2|
    |icmp_ln59_4335_fu_316690_p2    |      icmp|   0|  0|   10|           3|           1|
    |icmp_ln59_4336_fu_316786_p2    |      icmp|   0|  0|   12|           5|           1|
    |icmp_ln59_4337_fu_316841_p2    |      icmp|   0|  0|    9|           2|           2|
    |icmp_ln59_4338_fu_316846_p2    |      icmp|   0|  0|   10|           3|           2|
    |icmp_ln59_4339_fu_316851_p2    |      icmp|   0|  0|   10|           3|           1|
    |icmp_ln59_4340_fu_316947_p2    |      icmp|   0|  0|   12|           5|           1|
    |icmp_ln59_4341_fu_317002_p2    |      icmp|   0|  0|    9|           2|           2|
    |icmp_ln59_4342_fu_317007_p2    |      icmp|   0|  0|   10|           3|           2|
    |icmp_ln59_4343_fu_317012_p2    |      icmp|   0|  0|   10|           3|           1|
    |icmp_ln59_4344_fu_317108_p2    |      icmp|   0|  0|   12|           5|           1|
    |icmp_ln59_4345_fu_317163_p2    |      icmp|   0|  0|    9|           2|           2|
    |icmp_ln59_4346_fu_317168_p2    |      icmp|   0|  0|   10|           3|           2|
    |icmp_ln59_4347_fu_317173_p2    |      icmp|   0|  0|   10|           3|           1|
    |icmp_ln59_fu_276053_p2         |      icmp|   0|  0|   12|           5|           1|
    |or_ln59_3069_fu_276165_p2      |        or|   0|  0|    2|           1|           1|
    |or_ln59_3070_fu_317270_p2      |        or|   0|  0|    2|           1|           1|
    |or_ln59_3071_fu_276227_p2      |        or|   0|  0|    2|           1|           1|
    |or_ln59_3072_fu_276326_p2      |        or|   0|  0|    2|           1|           1|
    |or_ln59_3073_fu_317309_p2      |        or|   0|  0|    2|           1|           1|
    |or_ln59_3074_fu_276388_p2      |        or|   0|  0|    2|           1|           1|
    |or_ln59_3075_fu_276487_p2      |        or|   0|  0|    2|           1|           1|
    |or_ln59_3076_fu_317348_p2      |        or|   0|  0|    2|           1|           1|
    |or_ln59_3077_fu_276549_p2      |        or|   0|  0|    2|           1|           1|
    |or_ln59_3078_fu_276648_p2      |        or|   0|  0|    2|           1|           1|
    |or_ln59_3079_fu_317387_p2      |        or|   0|  0|    2|           1|           1|
    |or_ln59_3080_fu_276710_p2      |        or|   0|  0|    2|           1|           1|
    |or_ln59_3081_fu_276809_p2      |        or|   0|  0|    2|           1|           1|
    |or_ln59_3082_fu_317426_p2      |        or|   0|  0|    2|           1|           1|
    |or_ln59_3083_fu_276871_p2      |        or|   0|  0|    2|           1|           1|
    |or_ln59_3084_fu_276970_p2      |        or|   0|  0|    2|           1|           1|
    |or_ln59_3085_fu_317465_p2      |        or|   0|  0|    2|           1|           1|
    |or_ln59_3086_fu_277032_p2      |        or|   0|  0|    2|           1|           1|
    |or_ln59_3087_fu_277131_p2      |        or|   0|  0|    2|           1|           1|
    |or_ln59_3088_fu_317504_p2      |        or|   0|  0|    2|           1|           1|
    |or_ln59_3089_fu_277193_p2      |        or|   0|  0|    2|           1|           1|
    |or_ln59_3090_fu_277292_p2      |        or|   0|  0|    2|           1|           1|
    |or_ln59_3091_fu_317543_p2      |        or|   0|  0|    2|           1|           1|
    |or_ln59_3092_fu_277354_p2      |        or|   0|  0|    2|           1|           1|
    |or_ln59_3093_fu_277453_p2      |        or|   0|  0|    2|           1|           1|
    |or_ln59_3094_fu_317582_p2      |        or|   0|  0|    2|           1|           1|
    |or_ln59_3095_fu_277515_p2      |        or|   0|  0|    2|           1|           1|
    |or_ln59_3096_fu_277614_p2      |        or|   0|  0|    2|           1|           1|
    |or_ln59_3097_fu_317621_p2      |        or|   0|  0|    2|           1|           1|
    |or_ln59_3098_fu_277676_p2      |        or|   0|  0|    2|           1|           1|
    |or_ln59_3099_fu_277775_p2      |        or|   0|  0|    2|           1|           1|
    |or_ln59_3100_fu_317660_p2      |        or|   0|  0|    2|           1|           1|
    |or_ln59_3101_fu_277837_p2      |        or|   0|  0|    2|           1|           1|
    |or_ln59_3102_fu_277936_p2      |        or|   0|  0|    2|           1|           1|
    |or_ln59_3103_fu_317699_p2      |        or|   0|  0|    2|           1|           1|
    |or_ln59_3104_fu_277998_p2      |        or|   0|  0|    2|           1|           1|
    |or_ln59_3105_fu_278097_p2      |        or|   0|  0|    2|           1|           1|
    |or_ln59_3106_fu_317738_p2      |        or|   0|  0|    2|           1|           1|
    |or_ln59_3107_fu_278159_p2      |        or|   0|  0|    2|           1|           1|
    |or_ln59_3108_fu_278258_p2      |        or|   0|  0|    2|           1|           1|
    |or_ln59_3109_fu_317777_p2      |        or|   0|  0|    2|           1|           1|
    |or_ln59_3110_fu_278320_p2      |        or|   0|  0|    2|           1|           1|
    |or_ln59_3111_fu_278419_p2      |        or|   0|  0|    2|           1|           1|
    |or_ln59_3112_fu_317816_p2      |        or|   0|  0|    2|           1|           1|
    |or_ln59_3113_fu_278481_p2      |        or|   0|  0|    2|           1|           1|
    |or_ln59_3114_fu_278580_p2      |        or|   0|  0|    2|           1|           1|
    |or_ln59_3115_fu_317855_p2      |        or|   0|  0|    2|           1|           1|
    |or_ln59_3116_fu_278642_p2      |        or|   0|  0|    2|           1|           1|
    |or_ln59_3117_fu_278741_p2      |        or|   0|  0|    2|           1|           1|
    |or_ln59_3118_fu_317894_p2      |        or|   0|  0|    2|           1|           1|
    |or_ln59_3119_fu_278803_p2      |        or|   0|  0|    2|           1|           1|
    |or_ln59_3120_fu_278902_p2      |        or|   0|  0|    2|           1|           1|
    |or_ln59_3121_fu_317933_p2      |        or|   0|  0|    2|           1|           1|
    |or_ln59_3122_fu_278964_p2      |        or|   0|  0|    2|           1|           1|
    |or_ln59_3123_fu_279063_p2      |        or|   0|  0|    2|           1|           1|
    |or_ln59_3124_fu_317972_p2      |        or|   0|  0|    2|           1|           1|
    |or_ln59_3125_fu_279125_p2      |        or|   0|  0|    2|           1|           1|
    |or_ln59_3126_fu_279224_p2      |        or|   0|  0|    2|           1|           1|
    |or_ln59_3127_fu_318011_p2      |        or|   0|  0|    2|           1|           1|
    |or_ln59_3128_fu_279286_p2      |        or|   0|  0|    2|           1|           1|
    |or_ln59_3129_fu_279385_p2      |        or|   0|  0|    2|           1|           1|
    |or_ln59_3130_fu_318050_p2      |        or|   0|  0|    2|           1|           1|
    |or_ln59_3131_fu_279447_p2      |        or|   0|  0|    2|           1|           1|
    |or_ln59_3132_fu_279546_p2      |        or|   0|  0|    2|           1|           1|
    |or_ln59_3133_fu_318089_p2      |        or|   0|  0|    2|           1|           1|
    |or_ln59_3134_fu_279608_p2      |        or|   0|  0|    2|           1|           1|
    |or_ln59_3135_fu_279707_p2      |        or|   0|  0|    2|           1|           1|
    |or_ln59_3136_fu_318128_p2      |        or|   0|  0|    2|           1|           1|
    |or_ln59_3137_fu_279769_p2      |        or|   0|  0|    2|           1|           1|
    |or_ln59_3138_fu_279868_p2      |        or|   0|  0|    2|           1|           1|
    |or_ln59_3139_fu_318167_p2      |        or|   0|  0|    2|           1|           1|
    |or_ln59_3140_fu_279930_p2      |        or|   0|  0|    2|           1|           1|
    |or_ln59_3141_fu_280029_p2      |        or|   0|  0|    2|           1|           1|
    |or_ln59_3142_fu_318206_p2      |        or|   0|  0|    2|           1|           1|
    |or_ln59_3143_fu_280091_p2      |        or|   0|  0|    2|           1|           1|
    |or_ln59_3144_fu_280190_p2      |        or|   0|  0|    2|           1|           1|
    |or_ln59_3145_fu_318245_p2      |        or|   0|  0|    2|           1|           1|
    |or_ln59_3146_fu_280252_p2      |        or|   0|  0|    2|           1|           1|
    |or_ln59_3147_fu_280351_p2      |        or|   0|  0|    2|           1|           1|
    |or_ln59_3148_fu_318284_p2      |        or|   0|  0|    2|           1|           1|
    |or_ln59_3149_fu_280413_p2      |        or|   0|  0|    2|           1|           1|
    |or_ln59_3150_fu_280512_p2      |        or|   0|  0|    2|           1|           1|
    |or_ln59_3151_fu_318323_p2      |        or|   0|  0|    2|           1|           1|
    |or_ln59_3152_fu_280574_p2      |        or|   0|  0|    2|           1|           1|
    |or_ln59_3153_fu_280673_p2      |        or|   0|  0|    2|           1|           1|
    |or_ln59_3154_fu_318362_p2      |        or|   0|  0|    2|           1|           1|
    |or_ln59_3155_fu_280735_p2      |        or|   0|  0|    2|           1|           1|
    |or_ln59_3156_fu_280834_p2      |        or|   0|  0|    2|           1|           1|
    |or_ln59_3157_fu_318401_p2      |        or|   0|  0|    2|           1|           1|
    |or_ln59_3158_fu_280896_p2      |        or|   0|  0|    2|           1|           1|
    |or_ln59_3159_fu_280995_p2      |        or|   0|  0|    2|           1|           1|
    |or_ln59_3160_fu_318440_p2      |        or|   0|  0|    2|           1|           1|
    |or_ln59_3161_fu_281057_p2      |        or|   0|  0|    2|           1|           1|
    |or_ln59_3162_fu_281156_p2      |        or|   0|  0|    2|           1|           1|
    |or_ln59_3163_fu_318479_p2      |        or|   0|  0|    2|           1|           1|
    |or_ln59_3164_fu_281218_p2      |        or|   0|  0|    2|           1|           1|
    |or_ln59_3165_fu_281317_p2      |        or|   0|  0|    2|           1|           1|
    |or_ln59_3166_fu_318518_p2      |        or|   0|  0|    2|           1|           1|
    |or_ln59_3167_fu_281379_p2      |        or|   0|  0|    2|           1|           1|
    |or_ln59_3168_fu_281478_p2      |        or|   0|  0|    2|           1|           1|
    |or_ln59_3169_fu_318557_p2      |        or|   0|  0|    2|           1|           1|
    |or_ln59_3170_fu_281540_p2      |        or|   0|  0|    2|           1|           1|
    |or_ln59_3171_fu_281639_p2      |        or|   0|  0|    2|           1|           1|
    |or_ln59_3172_fu_318596_p2      |        or|   0|  0|    2|           1|           1|
    |or_ln59_3173_fu_281701_p2      |        or|   0|  0|    2|           1|           1|
    |or_ln59_3174_fu_281800_p2      |        or|   0|  0|    2|           1|           1|
    |or_ln59_3175_fu_318635_p2      |        or|   0|  0|    2|           1|           1|
    |or_ln59_3176_fu_281862_p2      |        or|   0|  0|    2|           1|           1|
    |or_ln59_3177_fu_281961_p2      |        or|   0|  0|    2|           1|           1|
    |or_ln59_3178_fu_318674_p2      |        or|   0|  0|    2|           1|           1|
    |or_ln59_3179_fu_282023_p2      |        or|   0|  0|    2|           1|           1|
    |or_ln59_3180_fu_282122_p2      |        or|   0|  0|    2|           1|           1|
    |or_ln59_3181_fu_318713_p2      |        or|   0|  0|    2|           1|           1|
    |or_ln59_3182_fu_282184_p2      |        or|   0|  0|    2|           1|           1|
    |or_ln59_3183_fu_282283_p2      |        or|   0|  0|    2|           1|           1|
    |or_ln59_3184_fu_318752_p2      |        or|   0|  0|    2|           1|           1|
    |or_ln59_3185_fu_282345_p2      |        or|   0|  0|    2|           1|           1|
    |or_ln59_3186_fu_282444_p2      |        or|   0|  0|    2|           1|           1|
    |or_ln59_3187_fu_318791_p2      |        or|   0|  0|    2|           1|           1|
    |or_ln59_3188_fu_282506_p2      |        or|   0|  0|    2|           1|           1|
    |or_ln59_3189_fu_282605_p2      |        or|   0|  0|    2|           1|           1|
    |or_ln59_3190_fu_318830_p2      |        or|   0|  0|    2|           1|           1|
    |or_ln59_3191_fu_282667_p2      |        or|   0|  0|    2|           1|           1|
    |or_ln59_3192_fu_282766_p2      |        or|   0|  0|    2|           1|           1|
    |or_ln59_3193_fu_318869_p2      |        or|   0|  0|    2|           1|           1|
    |or_ln59_3194_fu_282828_p2      |        or|   0|  0|    2|           1|           1|
    |or_ln59_3195_fu_282927_p2      |        or|   0|  0|    2|           1|           1|
    |or_ln59_3196_fu_318908_p2      |        or|   0|  0|    2|           1|           1|
    |or_ln59_3197_fu_282989_p2      |        or|   0|  0|    2|           1|           1|
    |or_ln59_3198_fu_283088_p2      |        or|   0|  0|    2|           1|           1|
    |or_ln59_3199_fu_318947_p2      |        or|   0|  0|    2|           1|           1|
    |or_ln59_3200_fu_283150_p2      |        or|   0|  0|    2|           1|           1|
    |or_ln59_3201_fu_283249_p2      |        or|   0|  0|    2|           1|           1|
    |or_ln59_3202_fu_318986_p2      |        or|   0|  0|    2|           1|           1|
    |or_ln59_3203_fu_283311_p2      |        or|   0|  0|    2|           1|           1|
    |or_ln59_3204_fu_283410_p2      |        or|   0|  0|    2|           1|           1|
    |or_ln59_3205_fu_319025_p2      |        or|   0|  0|    2|           1|           1|
    |or_ln59_3206_fu_283472_p2      |        or|   0|  0|    2|           1|           1|
    |or_ln59_3207_fu_283571_p2      |        or|   0|  0|    2|           1|           1|
    |or_ln59_3208_fu_319064_p2      |        or|   0|  0|    2|           1|           1|
    |or_ln59_3209_fu_283633_p2      |        or|   0|  0|    2|           1|           1|
    |or_ln59_3210_fu_283732_p2      |        or|   0|  0|    2|           1|           1|
    |or_ln59_3211_fu_319103_p2      |        or|   0|  0|    2|           1|           1|
    |or_ln59_3212_fu_283794_p2      |        or|   0|  0|    2|           1|           1|
    |or_ln59_3213_fu_283893_p2      |        or|   0|  0|    2|           1|           1|
    |or_ln59_3214_fu_319142_p2      |        or|   0|  0|    2|           1|           1|
    |or_ln59_3215_fu_283955_p2      |        or|   0|  0|    2|           1|           1|
    |or_ln59_3216_fu_284054_p2      |        or|   0|  0|    2|           1|           1|
    |or_ln59_3217_fu_319181_p2      |        or|   0|  0|    2|           1|           1|
    |or_ln59_3218_fu_284116_p2      |        or|   0|  0|    2|           1|           1|
    |or_ln59_3219_fu_284215_p2      |        or|   0|  0|    2|           1|           1|
    |or_ln59_3220_fu_319220_p2      |        or|   0|  0|    2|           1|           1|
    |or_ln59_3221_fu_284277_p2      |        or|   0|  0|    2|           1|           1|
    |or_ln59_3222_fu_284376_p2      |        or|   0|  0|    2|           1|           1|
    |or_ln59_3223_fu_319259_p2      |        or|   0|  0|    2|           1|           1|
    |or_ln59_3224_fu_284438_p2      |        or|   0|  0|    2|           1|           1|
    |or_ln59_3225_fu_284537_p2      |        or|   0|  0|    2|           1|           1|
    |or_ln59_3226_fu_319298_p2      |        or|   0|  0|    2|           1|           1|
    |or_ln59_3227_fu_284599_p2      |        or|   0|  0|    2|           1|           1|
    |or_ln59_3228_fu_284698_p2      |        or|   0|  0|    2|           1|           1|
    |or_ln59_3229_fu_319337_p2      |        or|   0|  0|    2|           1|           1|
    |or_ln59_3230_fu_284760_p2      |        or|   0|  0|    2|           1|           1|
    |or_ln59_3231_fu_284859_p2      |        or|   0|  0|    2|           1|           1|
    |or_ln59_3232_fu_319376_p2      |        or|   0|  0|    2|           1|           1|
    |or_ln59_3233_fu_284921_p2      |        or|   0|  0|    2|           1|           1|
    |or_ln59_3234_fu_285020_p2      |        or|   0|  0|    2|           1|           1|
    |or_ln59_3235_fu_319415_p2      |        or|   0|  0|    2|           1|           1|
    |or_ln59_3236_fu_285082_p2      |        or|   0|  0|    2|           1|           1|
    |or_ln59_3237_fu_285181_p2      |        or|   0|  0|    2|           1|           1|
    |or_ln59_3238_fu_319454_p2      |        or|   0|  0|    2|           1|           1|
    |or_ln59_3239_fu_285243_p2      |        or|   0|  0|    2|           1|           1|
    |or_ln59_3240_fu_285342_p2      |        or|   0|  0|    2|           1|           1|
    |or_ln59_3241_fu_319493_p2      |        or|   0|  0|    2|           1|           1|
    |or_ln59_3242_fu_285404_p2      |        or|   0|  0|    2|           1|           1|
    |or_ln59_3243_fu_285503_p2      |        or|   0|  0|    2|           1|           1|
    |or_ln59_3244_fu_319532_p2      |        or|   0|  0|    2|           1|           1|
    |or_ln59_3245_fu_285565_p2      |        or|   0|  0|    2|           1|           1|
    |or_ln59_3246_fu_285664_p2      |        or|   0|  0|    2|           1|           1|
    |or_ln59_3247_fu_319571_p2      |        or|   0|  0|    2|           1|           1|
    |or_ln59_3248_fu_285726_p2      |        or|   0|  0|    2|           1|           1|
    |or_ln59_3249_fu_285825_p2      |        or|   0|  0|    2|           1|           1|
    |or_ln59_3250_fu_319610_p2      |        or|   0|  0|    2|           1|           1|
    |or_ln59_3251_fu_285887_p2      |        or|   0|  0|    2|           1|           1|
    |or_ln59_3252_fu_285986_p2      |        or|   0|  0|    2|           1|           1|
    |or_ln59_3253_fu_319649_p2      |        or|   0|  0|    2|           1|           1|
    |or_ln59_3254_fu_286048_p2      |        or|   0|  0|    2|           1|           1|
    |or_ln59_3255_fu_286147_p2      |        or|   0|  0|    2|           1|           1|
    |or_ln59_3256_fu_319688_p2      |        or|   0|  0|    2|           1|           1|
    |or_ln59_3257_fu_286209_p2      |        or|   0|  0|    2|           1|           1|
    |or_ln59_3258_fu_286308_p2      |        or|   0|  0|    2|           1|           1|
    |or_ln59_3259_fu_319727_p2      |        or|   0|  0|    2|           1|           1|
    |or_ln59_3260_fu_286370_p2      |        or|   0|  0|    2|           1|           1|
    |or_ln59_3261_fu_286469_p2      |        or|   0|  0|    2|           1|           1|
    |or_ln59_3262_fu_319766_p2      |        or|   0|  0|    2|           1|           1|
    |or_ln59_3263_fu_286531_p2      |        or|   0|  0|    2|           1|           1|
    |or_ln59_3264_fu_286630_p2      |        or|   0|  0|    2|           1|           1|
    |or_ln59_3265_fu_319805_p2      |        or|   0|  0|    2|           1|           1|
    |or_ln59_3266_fu_286692_p2      |        or|   0|  0|    2|           1|           1|
    |or_ln59_3267_fu_286791_p2      |        or|   0|  0|    2|           1|           1|
    |or_ln59_3268_fu_319844_p2      |        or|   0|  0|    2|           1|           1|
    |or_ln59_3269_fu_286853_p2      |        or|   0|  0|    2|           1|           1|
    |or_ln59_3270_fu_286952_p2      |        or|   0|  0|    2|           1|           1|
    |or_ln59_3271_fu_319883_p2      |        or|   0|  0|    2|           1|           1|
    |or_ln59_3272_fu_287014_p2      |        or|   0|  0|    2|           1|           1|
    |or_ln59_3273_fu_287113_p2      |        or|   0|  0|    2|           1|           1|
    |or_ln59_3274_fu_319922_p2      |        or|   0|  0|    2|           1|           1|
    |or_ln59_3275_fu_287175_p2      |        or|   0|  0|    2|           1|           1|
    |or_ln59_3276_fu_287274_p2      |        or|   0|  0|    2|           1|           1|
    |or_ln59_3277_fu_319961_p2      |        or|   0|  0|    2|           1|           1|
    |or_ln59_3278_fu_287336_p2      |        or|   0|  0|    2|           1|           1|
    |or_ln59_3279_fu_287435_p2      |        or|   0|  0|    2|           1|           1|
    |or_ln59_3280_fu_320000_p2      |        or|   0|  0|    2|           1|           1|
    |or_ln59_3281_fu_287497_p2      |        or|   0|  0|    2|           1|           1|
    |or_ln59_3282_fu_287596_p2      |        or|   0|  0|    2|           1|           1|
    |or_ln59_3283_fu_320039_p2      |        or|   0|  0|    2|           1|           1|
    |or_ln59_3284_fu_287658_p2      |        or|   0|  0|    2|           1|           1|
    |or_ln59_3285_fu_287757_p2      |        or|   0|  0|    2|           1|           1|
    |or_ln59_3286_fu_320078_p2      |        or|   0|  0|    2|           1|           1|
    |or_ln59_3287_fu_287819_p2      |        or|   0|  0|    2|           1|           1|
    |or_ln59_3288_fu_287918_p2      |        or|   0|  0|    2|           1|           1|
    |or_ln59_3289_fu_320117_p2      |        or|   0|  0|    2|           1|           1|
    |or_ln59_3290_fu_287980_p2      |        or|   0|  0|    2|           1|           1|
    |or_ln59_3291_fu_288079_p2      |        or|   0|  0|    2|           1|           1|
    |or_ln59_3292_fu_320156_p2      |        or|   0|  0|    2|           1|           1|
    |or_ln59_3293_fu_288141_p2      |        or|   0|  0|    2|           1|           1|
    |or_ln59_3294_fu_288240_p2      |        or|   0|  0|    2|           1|           1|
    |or_ln59_3295_fu_320195_p2      |        or|   0|  0|    2|           1|           1|
    |or_ln59_3296_fu_288302_p2      |        or|   0|  0|    2|           1|           1|
    |or_ln59_3297_fu_288401_p2      |        or|   0|  0|    2|           1|           1|
    |or_ln59_3298_fu_320234_p2      |        or|   0|  0|    2|           1|           1|
    |or_ln59_3299_fu_288463_p2      |        or|   0|  0|    2|           1|           1|
    |or_ln59_3300_fu_288562_p2      |        or|   0|  0|    2|           1|           1|
    |or_ln59_3301_fu_320273_p2      |        or|   0|  0|    2|           1|           1|
    |or_ln59_3302_fu_288624_p2      |        or|   0|  0|    2|           1|           1|
    |or_ln59_3303_fu_288723_p2      |        or|   0|  0|    2|           1|           1|
    |or_ln59_3304_fu_320312_p2      |        or|   0|  0|    2|           1|           1|
    |or_ln59_3305_fu_288785_p2      |        or|   0|  0|    2|           1|           1|
    |or_ln59_3306_fu_288884_p2      |        or|   0|  0|    2|           1|           1|
    |or_ln59_3307_fu_320351_p2      |        or|   0|  0|    2|           1|           1|
    |or_ln59_3308_fu_288946_p2      |        or|   0|  0|    2|           1|           1|
    |or_ln59_3309_fu_289045_p2      |        or|   0|  0|    2|           1|           1|
    |or_ln59_3310_fu_320390_p2      |        or|   0|  0|    2|           1|           1|
    |or_ln59_3311_fu_289107_p2      |        or|   0|  0|    2|           1|           1|
    |or_ln59_3312_fu_289206_p2      |        or|   0|  0|    2|           1|           1|
    |or_ln59_3313_fu_320429_p2      |        or|   0|  0|    2|           1|           1|
    |or_ln59_3314_fu_289268_p2      |        or|   0|  0|    2|           1|           1|
    |or_ln59_3315_fu_289367_p2      |        or|   0|  0|    2|           1|           1|
    |or_ln59_3316_fu_320468_p2      |        or|   0|  0|    2|           1|           1|
    |or_ln59_3317_fu_289429_p2      |        or|   0|  0|    2|           1|           1|
    |or_ln59_3318_fu_289528_p2      |        or|   0|  0|    2|           1|           1|
    |or_ln59_3319_fu_320507_p2      |        or|   0|  0|    2|           1|           1|
    |or_ln59_3320_fu_289590_p2      |        or|   0|  0|    2|           1|           1|
    |or_ln59_3321_fu_289689_p2      |        or|   0|  0|    2|           1|           1|
    |or_ln59_3322_fu_320546_p2      |        or|   0|  0|    2|           1|           1|
    |or_ln59_3323_fu_289751_p2      |        or|   0|  0|    2|           1|           1|
    |or_ln59_3324_fu_289850_p2      |        or|   0|  0|    2|           1|           1|
    |or_ln59_3325_fu_320585_p2      |        or|   0|  0|    2|           1|           1|
    |or_ln59_3326_fu_289912_p2      |        or|   0|  0|    2|           1|           1|
    |or_ln59_3327_fu_290011_p2      |        or|   0|  0|    2|           1|           1|
    |or_ln59_3328_fu_320624_p2      |        or|   0|  0|    2|           1|           1|
    |or_ln59_3329_fu_290073_p2      |        or|   0|  0|    2|           1|           1|
    |or_ln59_3330_fu_290172_p2      |        or|   0|  0|    2|           1|           1|
    |or_ln59_3331_fu_320663_p2      |        or|   0|  0|    2|           1|           1|
    |or_ln59_3332_fu_290234_p2      |        or|   0|  0|    2|           1|           1|
    |or_ln59_3333_fu_290333_p2      |        or|   0|  0|    2|           1|           1|
    |or_ln59_3334_fu_320702_p2      |        or|   0|  0|    2|           1|           1|
    |or_ln59_3335_fu_290395_p2      |        or|   0|  0|    2|           1|           1|
    |or_ln59_3336_fu_290494_p2      |        or|   0|  0|    2|           1|           1|
    |or_ln59_3337_fu_320741_p2      |        or|   0|  0|    2|           1|           1|
    |or_ln59_3338_fu_290556_p2      |        or|   0|  0|    2|           1|           1|
    |or_ln59_3339_fu_290655_p2      |        or|   0|  0|    2|           1|           1|
    |or_ln59_3340_fu_320780_p2      |        or|   0|  0|    2|           1|           1|
    |or_ln59_3341_fu_290717_p2      |        or|   0|  0|    2|           1|           1|
    |or_ln59_3342_fu_290816_p2      |        or|   0|  0|    2|           1|           1|
    |or_ln59_3343_fu_320819_p2      |        or|   0|  0|    2|           1|           1|
    |or_ln59_3344_fu_290878_p2      |        or|   0|  0|    2|           1|           1|
    |or_ln59_3345_fu_290977_p2      |        or|   0|  0|    2|           1|           1|
    |or_ln59_3346_fu_320858_p2      |        or|   0|  0|    2|           1|           1|
    |or_ln59_3347_fu_291039_p2      |        or|   0|  0|    2|           1|           1|
    |or_ln59_3348_fu_291138_p2      |        or|   0|  0|    2|           1|           1|
    |or_ln59_3349_fu_320897_p2      |        or|   0|  0|    2|           1|           1|
    |or_ln59_3350_fu_291200_p2      |        or|   0|  0|    2|           1|           1|
    |or_ln59_3351_fu_291299_p2      |        or|   0|  0|    2|           1|           1|
    |or_ln59_3352_fu_320936_p2      |        or|   0|  0|    2|           1|           1|
    |or_ln59_3353_fu_291361_p2      |        or|   0|  0|    2|           1|           1|
    |or_ln59_3354_fu_291460_p2      |        or|   0|  0|    2|           1|           1|
    |or_ln59_3355_fu_320975_p2      |        or|   0|  0|    2|           1|           1|
    |or_ln59_3356_fu_291522_p2      |        or|   0|  0|    2|           1|           1|
    |or_ln59_3357_fu_291621_p2      |        or|   0|  0|    2|           1|           1|
    |or_ln59_3358_fu_321014_p2      |        or|   0|  0|    2|           1|           1|
    |or_ln59_3359_fu_291683_p2      |        or|   0|  0|    2|           1|           1|
    |or_ln59_3360_fu_291782_p2      |        or|   0|  0|    2|           1|           1|
    |or_ln59_3361_fu_321053_p2      |        or|   0|  0|    2|           1|           1|
    |or_ln59_3362_fu_291844_p2      |        or|   0|  0|    2|           1|           1|
    |or_ln59_3363_fu_291943_p2      |        or|   0|  0|    2|           1|           1|
    |or_ln59_3364_fu_321092_p2      |        or|   0|  0|    2|           1|           1|
    |or_ln59_3365_fu_292005_p2      |        or|   0|  0|    2|           1|           1|
    |or_ln59_3366_fu_292104_p2      |        or|   0|  0|    2|           1|           1|
    |or_ln59_3367_fu_321131_p2      |        or|   0|  0|    2|           1|           1|
    |or_ln59_3368_fu_292166_p2      |        or|   0|  0|    2|           1|           1|
    |or_ln59_3369_fu_292265_p2      |        or|   0|  0|    2|           1|           1|
    |or_ln59_3370_fu_321170_p2      |        or|   0|  0|    2|           1|           1|
    |or_ln59_3371_fu_292327_p2      |        or|   0|  0|    2|           1|           1|
    |or_ln59_3372_fu_292426_p2      |        or|   0|  0|    2|           1|           1|
    |or_ln59_3373_fu_321209_p2      |        or|   0|  0|    2|           1|           1|
    |or_ln59_3374_fu_292488_p2      |        or|   0|  0|    2|           1|           1|
    |or_ln59_3375_fu_292587_p2      |        or|   0|  0|    2|           1|           1|
    |or_ln59_3376_fu_321248_p2      |        or|   0|  0|    2|           1|           1|
    |or_ln59_3377_fu_292649_p2      |        or|   0|  0|    2|           1|           1|
    |or_ln59_3378_fu_292748_p2      |        or|   0|  0|    2|           1|           1|
    |or_ln59_3379_fu_321287_p2      |        or|   0|  0|    2|           1|           1|
    |or_ln59_3380_fu_292810_p2      |        or|   0|  0|    2|           1|           1|
    |or_ln59_3381_fu_292909_p2      |        or|   0|  0|    2|           1|           1|
    |or_ln59_3382_fu_321326_p2      |        or|   0|  0|    2|           1|           1|
    |or_ln59_3383_fu_292971_p2      |        or|   0|  0|    2|           1|           1|
    |or_ln59_3384_fu_293070_p2      |        or|   0|  0|    2|           1|           1|
    |or_ln59_3385_fu_321365_p2      |        or|   0|  0|    2|           1|           1|
    |or_ln59_3386_fu_293132_p2      |        or|   0|  0|    2|           1|           1|
    |or_ln59_3387_fu_293231_p2      |        or|   0|  0|    2|           1|           1|
    |or_ln59_3388_fu_321404_p2      |        or|   0|  0|    2|           1|           1|
    |or_ln59_3389_fu_293293_p2      |        or|   0|  0|    2|           1|           1|
    |or_ln59_3390_fu_293392_p2      |        or|   0|  0|    2|           1|           1|
    |or_ln59_3391_fu_321443_p2      |        or|   0|  0|    2|           1|           1|
    |or_ln59_3392_fu_293454_p2      |        or|   0|  0|    2|           1|           1|
    |or_ln59_3393_fu_293553_p2      |        or|   0|  0|    2|           1|           1|
    |or_ln59_3394_fu_321482_p2      |        or|   0|  0|    2|           1|           1|
    |or_ln59_3395_fu_293615_p2      |        or|   0|  0|    2|           1|           1|
    |or_ln59_3396_fu_293714_p2      |        or|   0|  0|    2|           1|           1|
    |or_ln59_3397_fu_321521_p2      |        or|   0|  0|    2|           1|           1|
    |or_ln59_3398_fu_293776_p2      |        or|   0|  0|    2|           1|           1|
    |or_ln59_3399_fu_293875_p2      |        or|   0|  0|    2|           1|           1|
    |or_ln59_3400_fu_321560_p2      |        or|   0|  0|    2|           1|           1|
    |or_ln59_3401_fu_293937_p2      |        or|   0|  0|    2|           1|           1|
    |or_ln59_3402_fu_294036_p2      |        or|   0|  0|    2|           1|           1|
    |or_ln59_3403_fu_321599_p2      |        or|   0|  0|    2|           1|           1|
    |or_ln59_3404_fu_294098_p2      |        or|   0|  0|    2|           1|           1|
    |or_ln59_3405_fu_294197_p2      |        or|   0|  0|    2|           1|           1|
    |or_ln59_3406_fu_321638_p2      |        or|   0|  0|    2|           1|           1|
    |or_ln59_3407_fu_294259_p2      |        or|   0|  0|    2|           1|           1|
    |or_ln59_3408_fu_294358_p2      |        or|   0|  0|    2|           1|           1|
    |or_ln59_3409_fu_321677_p2      |        or|   0|  0|    2|           1|           1|
    |or_ln59_3410_fu_294420_p2      |        or|   0|  0|    2|           1|           1|
    |or_ln59_3411_fu_294519_p2      |        or|   0|  0|    2|           1|           1|
    |or_ln59_3412_fu_321716_p2      |        or|   0|  0|    2|           1|           1|
    |or_ln59_3413_fu_294581_p2      |        or|   0|  0|    2|           1|           1|
    |or_ln59_3414_fu_294680_p2      |        or|   0|  0|    2|           1|           1|
    |or_ln59_3415_fu_321755_p2      |        or|   0|  0|    2|           1|           1|
    |or_ln59_3416_fu_294742_p2      |        or|   0|  0|    2|           1|           1|
    |or_ln59_3417_fu_294841_p2      |        or|   0|  0|    2|           1|           1|
    |or_ln59_3418_fu_321794_p2      |        or|   0|  0|    2|           1|           1|
    |or_ln59_3419_fu_294903_p2      |        or|   0|  0|    2|           1|           1|
    |or_ln59_3420_fu_295002_p2      |        or|   0|  0|    2|           1|           1|
    |or_ln59_3421_fu_321833_p2      |        or|   0|  0|    2|           1|           1|
    |or_ln59_3422_fu_295064_p2      |        or|   0|  0|    2|           1|           1|
    |or_ln59_3423_fu_295163_p2      |        or|   0|  0|    2|           1|           1|
    |or_ln59_3424_fu_321872_p2      |        or|   0|  0|    2|           1|           1|
    |or_ln59_3425_fu_295225_p2      |        or|   0|  0|    2|           1|           1|
    |or_ln59_3426_fu_295324_p2      |        or|   0|  0|    2|           1|           1|
    |or_ln59_3427_fu_321911_p2      |        or|   0|  0|    2|           1|           1|
    |or_ln59_3428_fu_295386_p2      |        or|   0|  0|    2|           1|           1|
    |or_ln59_3429_fu_295485_p2      |        or|   0|  0|    2|           1|           1|
    |or_ln59_3430_fu_321950_p2      |        or|   0|  0|    2|           1|           1|
    |or_ln59_3431_fu_295547_p2      |        or|   0|  0|    2|           1|           1|
    |or_ln59_3432_fu_295646_p2      |        or|   0|  0|    2|           1|           1|
    |or_ln59_3433_fu_321989_p2      |        or|   0|  0|    2|           1|           1|
    |or_ln59_3434_fu_295708_p2      |        or|   0|  0|    2|           1|           1|
    |or_ln59_3435_fu_295807_p2      |        or|   0|  0|    2|           1|           1|
    |or_ln59_3436_fu_322028_p2      |        or|   0|  0|    2|           1|           1|
    |or_ln59_3437_fu_295869_p2      |        or|   0|  0|    2|           1|           1|
    |or_ln59_3438_fu_295968_p2      |        or|   0|  0|    2|           1|           1|
    |or_ln59_3439_fu_322067_p2      |        or|   0|  0|    2|           1|           1|
    |or_ln59_3440_fu_296030_p2      |        or|   0|  0|    2|           1|           1|
    |or_ln59_3441_fu_296129_p2      |        or|   0|  0|    2|           1|           1|
    |or_ln59_3442_fu_322106_p2      |        or|   0|  0|    2|           1|           1|
    |or_ln59_3443_fu_296191_p2      |        or|   0|  0|    2|           1|           1|
    |or_ln59_3444_fu_296290_p2      |        or|   0|  0|    2|           1|           1|
    |or_ln59_3445_fu_322145_p2      |        or|   0|  0|    2|           1|           1|
    |or_ln59_3446_fu_296352_p2      |        or|   0|  0|    2|           1|           1|
    |or_ln59_3447_fu_296451_p2      |        or|   0|  0|    2|           1|           1|
    |or_ln59_3448_fu_322184_p2      |        or|   0|  0|    2|           1|           1|
    |or_ln59_3449_fu_296513_p2      |        or|   0|  0|    2|           1|           1|
    |or_ln59_3450_fu_296612_p2      |        or|   0|  0|    2|           1|           1|
    |or_ln59_3451_fu_322223_p2      |        or|   0|  0|    2|           1|           1|
    |or_ln59_3452_fu_296674_p2      |        or|   0|  0|    2|           1|           1|
    |or_ln59_3453_fu_296773_p2      |        or|   0|  0|    2|           1|           1|
    |or_ln59_3454_fu_322262_p2      |        or|   0|  0|    2|           1|           1|
    |or_ln59_3455_fu_296835_p2      |        or|   0|  0|    2|           1|           1|
    |or_ln59_3456_fu_296934_p2      |        or|   0|  0|    2|           1|           1|
    |or_ln59_3457_fu_322301_p2      |        or|   0|  0|    2|           1|           1|
    |or_ln59_3458_fu_296996_p2      |        or|   0|  0|    2|           1|           1|
    |or_ln59_3459_fu_297095_p2      |        or|   0|  0|    2|           1|           1|
    |or_ln59_3460_fu_322340_p2      |        or|   0|  0|    2|           1|           1|
    |or_ln59_3461_fu_297157_p2      |        or|   0|  0|    2|           1|           1|
    |or_ln59_3462_fu_297256_p2      |        or|   0|  0|    2|           1|           1|
    |or_ln59_3463_fu_322379_p2      |        or|   0|  0|    2|           1|           1|
    |or_ln59_3464_fu_297318_p2      |        or|   0|  0|    2|           1|           1|
    |or_ln59_3465_fu_297417_p2      |        or|   0|  0|    2|           1|           1|
    |or_ln59_3466_fu_322418_p2      |        or|   0|  0|    2|           1|           1|
    |or_ln59_3467_fu_297479_p2      |        or|   0|  0|    2|           1|           1|
    |or_ln59_3468_fu_297578_p2      |        or|   0|  0|    2|           1|           1|
    |or_ln59_3469_fu_322457_p2      |        or|   0|  0|    2|           1|           1|
    |or_ln59_3470_fu_297640_p2      |        or|   0|  0|    2|           1|           1|
    |or_ln59_3471_fu_297739_p2      |        or|   0|  0|    2|           1|           1|
    |or_ln59_3472_fu_322496_p2      |        or|   0|  0|    2|           1|           1|
    |or_ln59_3473_fu_297801_p2      |        or|   0|  0|    2|           1|           1|
    |or_ln59_3474_fu_297900_p2      |        or|   0|  0|    2|           1|           1|
    |or_ln59_3475_fu_322535_p2      |        or|   0|  0|    2|           1|           1|
    |or_ln59_3476_fu_297962_p2      |        or|   0|  0|    2|           1|           1|
    |or_ln59_3477_fu_298061_p2      |        or|   0|  0|    2|           1|           1|
    |or_ln59_3478_fu_322574_p2      |        or|   0|  0|    2|           1|           1|
    |or_ln59_3479_fu_298123_p2      |        or|   0|  0|    2|           1|           1|
    |or_ln59_3480_fu_298222_p2      |        or|   0|  0|    2|           1|           1|
    |or_ln59_3481_fu_322613_p2      |        or|   0|  0|    2|           1|           1|
    |or_ln59_3482_fu_298284_p2      |        or|   0|  0|    2|           1|           1|
    |or_ln59_3483_fu_298383_p2      |        or|   0|  0|    2|           1|           1|
    |or_ln59_3484_fu_322652_p2      |        or|   0|  0|    2|           1|           1|
    |or_ln59_3485_fu_298445_p2      |        or|   0|  0|    2|           1|           1|
    |or_ln59_3486_fu_298544_p2      |        or|   0|  0|    2|           1|           1|
    |or_ln59_3487_fu_322691_p2      |        or|   0|  0|    2|           1|           1|
    |or_ln59_3488_fu_298606_p2      |        or|   0|  0|    2|           1|           1|
    |or_ln59_3489_fu_298705_p2      |        or|   0|  0|    2|           1|           1|
    |or_ln59_3490_fu_322730_p2      |        or|   0|  0|    2|           1|           1|
    |or_ln59_3491_fu_298767_p2      |        or|   0|  0|    2|           1|           1|
    |or_ln59_3492_fu_298866_p2      |        or|   0|  0|    2|           1|           1|
    |or_ln59_3493_fu_322769_p2      |        or|   0|  0|    2|           1|           1|
    |or_ln59_3494_fu_298928_p2      |        or|   0|  0|    2|           1|           1|
    |or_ln59_3495_fu_299027_p2      |        or|   0|  0|    2|           1|           1|
    |or_ln59_3496_fu_322808_p2      |        or|   0|  0|    2|           1|           1|
    |or_ln59_3497_fu_299089_p2      |        or|   0|  0|    2|           1|           1|
    |or_ln59_3498_fu_299188_p2      |        or|   0|  0|    2|           1|           1|
    |or_ln59_3499_fu_322847_p2      |        or|   0|  0|    2|           1|           1|
    |or_ln59_3500_fu_299250_p2      |        or|   0|  0|    2|           1|           1|
    |or_ln59_3501_fu_299349_p2      |        or|   0|  0|    2|           1|           1|
    |or_ln59_3502_fu_322886_p2      |        or|   0|  0|    2|           1|           1|
    |or_ln59_3503_fu_299411_p2      |        or|   0|  0|    2|           1|           1|
    |or_ln59_3504_fu_299510_p2      |        or|   0|  0|    2|           1|           1|
    |or_ln59_3505_fu_322925_p2      |        or|   0|  0|    2|           1|           1|
    |or_ln59_3506_fu_299572_p2      |        or|   0|  0|    2|           1|           1|
    |or_ln59_3507_fu_299671_p2      |        or|   0|  0|    2|           1|           1|
    |or_ln59_3508_fu_322964_p2      |        or|   0|  0|    2|           1|           1|
    |or_ln59_3509_fu_299733_p2      |        or|   0|  0|    2|           1|           1|
    |or_ln59_3510_fu_299832_p2      |        or|   0|  0|    2|           1|           1|
    |or_ln59_3511_fu_323003_p2      |        or|   0|  0|    2|           1|           1|
    |or_ln59_3512_fu_299894_p2      |        or|   0|  0|    2|           1|           1|
    |or_ln59_3513_fu_299993_p2      |        or|   0|  0|    2|           1|           1|
    |or_ln59_3514_fu_323042_p2      |        or|   0|  0|    2|           1|           1|
    |or_ln59_3515_fu_300055_p2      |        or|   0|  0|    2|           1|           1|
    |or_ln59_3516_fu_300154_p2      |        or|   0|  0|    2|           1|           1|
    |or_ln59_3517_fu_323081_p2      |        or|   0|  0|    2|           1|           1|
    |or_ln59_3518_fu_300216_p2      |        or|   0|  0|    2|           1|           1|
    |or_ln59_3519_fu_300315_p2      |        or|   0|  0|    2|           1|           1|
    |or_ln59_3520_fu_323120_p2      |        or|   0|  0|    2|           1|           1|
    |or_ln59_3521_fu_300377_p2      |        or|   0|  0|    2|           1|           1|
    |or_ln59_3522_fu_300476_p2      |        or|   0|  0|    2|           1|           1|
    |or_ln59_3523_fu_323159_p2      |        or|   0|  0|    2|           1|           1|
    |or_ln59_3524_fu_300538_p2      |        or|   0|  0|    2|           1|           1|
    |or_ln59_3525_fu_300637_p2      |        or|   0|  0|    2|           1|           1|
    |or_ln59_3526_fu_323198_p2      |        or|   0|  0|    2|           1|           1|
    |or_ln59_3527_fu_300699_p2      |        or|   0|  0|    2|           1|           1|
    |or_ln59_3528_fu_300798_p2      |        or|   0|  0|    2|           1|           1|
    |or_ln59_3529_fu_323237_p2      |        or|   0|  0|    2|           1|           1|
    |or_ln59_3530_fu_300860_p2      |        or|   0|  0|    2|           1|           1|
    |or_ln59_3531_fu_300959_p2      |        or|   0|  0|    2|           1|           1|
    |or_ln59_3532_fu_323276_p2      |        or|   0|  0|    2|           1|           1|
    |or_ln59_3533_fu_301021_p2      |        or|   0|  0|    2|           1|           1|
    |or_ln59_3534_fu_301120_p2      |        or|   0|  0|    2|           1|           1|
    |or_ln59_3535_fu_323315_p2      |        or|   0|  0|    2|           1|           1|
    |or_ln59_3536_fu_301182_p2      |        or|   0|  0|    2|           1|           1|
    |or_ln59_3537_fu_301281_p2      |        or|   0|  0|    2|           1|           1|
    |or_ln59_3538_fu_323354_p2      |        or|   0|  0|    2|           1|           1|
    |or_ln59_3539_fu_301343_p2      |        or|   0|  0|    2|           1|           1|
    |or_ln59_3540_fu_301442_p2      |        or|   0|  0|    2|           1|           1|
    |or_ln59_3541_fu_323393_p2      |        or|   0|  0|    2|           1|           1|
    |or_ln59_3542_fu_301504_p2      |        or|   0|  0|    2|           1|           1|
    |or_ln59_3543_fu_301603_p2      |        or|   0|  0|    2|           1|           1|
    |or_ln59_3544_fu_323432_p2      |        or|   0|  0|    2|           1|           1|
    |or_ln59_3545_fu_301665_p2      |        or|   0|  0|    2|           1|           1|
    |or_ln59_3546_fu_301764_p2      |        or|   0|  0|    2|           1|           1|
    |or_ln59_3547_fu_323471_p2      |        or|   0|  0|    2|           1|           1|
    |or_ln59_3548_fu_301826_p2      |        or|   0|  0|    2|           1|           1|
    |or_ln59_3549_fu_301925_p2      |        or|   0|  0|    2|           1|           1|
    |or_ln59_3550_fu_323510_p2      |        or|   0|  0|    2|           1|           1|
    |or_ln59_3551_fu_301987_p2      |        or|   0|  0|    2|           1|           1|
    |or_ln59_3552_fu_302086_p2      |        or|   0|  0|    2|           1|           1|
    |or_ln59_3553_fu_323549_p2      |        or|   0|  0|    2|           1|           1|
    |or_ln59_3554_fu_302148_p2      |        or|   0|  0|    2|           1|           1|
    |or_ln59_3555_fu_302247_p2      |        or|   0|  0|    2|           1|           1|
    |or_ln59_3556_fu_323588_p2      |        or|   0|  0|    2|           1|           1|
    |or_ln59_3557_fu_302309_p2      |        or|   0|  0|    2|           1|           1|
    |or_ln59_3558_fu_302408_p2      |        or|   0|  0|    2|           1|           1|
    |or_ln59_3559_fu_323627_p2      |        or|   0|  0|    2|           1|           1|
    |or_ln59_3560_fu_302470_p2      |        or|   0|  0|    2|           1|           1|
    |or_ln59_3561_fu_302569_p2      |        or|   0|  0|    2|           1|           1|
    |or_ln59_3562_fu_323666_p2      |        or|   0|  0|    2|           1|           1|
    |or_ln59_3563_fu_302631_p2      |        or|   0|  0|    2|           1|           1|
    |or_ln59_3564_fu_302730_p2      |        or|   0|  0|    2|           1|           1|
    |or_ln59_3565_fu_323705_p2      |        or|   0|  0|    2|           1|           1|
    |or_ln59_3566_fu_302792_p2      |        or|   0|  0|    2|           1|           1|
    |or_ln59_3567_fu_302891_p2      |        or|   0|  0|    2|           1|           1|
    |or_ln59_3568_fu_323744_p2      |        or|   0|  0|    2|           1|           1|
    |or_ln59_3569_fu_302953_p2      |        or|   0|  0|    2|           1|           1|
    |or_ln59_3570_fu_303052_p2      |        or|   0|  0|    2|           1|           1|
    |or_ln59_3571_fu_323783_p2      |        or|   0|  0|    2|           1|           1|
    |or_ln59_3572_fu_303114_p2      |        or|   0|  0|    2|           1|           1|
    |or_ln59_3573_fu_303213_p2      |        or|   0|  0|    2|           1|           1|
    |or_ln59_3574_fu_323822_p2      |        or|   0|  0|    2|           1|           1|
    |or_ln59_3575_fu_303275_p2      |        or|   0|  0|    2|           1|           1|
    |or_ln59_3576_fu_303374_p2      |        or|   0|  0|    2|           1|           1|
    |or_ln59_3577_fu_323861_p2      |        or|   0|  0|    2|           1|           1|
    |or_ln59_3578_fu_303436_p2      |        or|   0|  0|    2|           1|           1|
    |or_ln59_3579_fu_303535_p2      |        or|   0|  0|    2|           1|           1|
    |or_ln59_3580_fu_323900_p2      |        or|   0|  0|    2|           1|           1|
    |or_ln59_3581_fu_303597_p2      |        or|   0|  0|    2|           1|           1|
    |or_ln59_3582_fu_303696_p2      |        or|   0|  0|    2|           1|           1|
    |or_ln59_3583_fu_323939_p2      |        or|   0|  0|    2|           1|           1|
    |or_ln59_3584_fu_303758_p2      |        or|   0|  0|    2|           1|           1|
    |or_ln59_3585_fu_303857_p2      |        or|   0|  0|    2|           1|           1|
    |or_ln59_3586_fu_323978_p2      |        or|   0|  0|    2|           1|           1|
    |or_ln59_3587_fu_303919_p2      |        or|   0|  0|    2|           1|           1|
    |or_ln59_3588_fu_304018_p2      |        or|   0|  0|    2|           1|           1|
    |or_ln59_3589_fu_324017_p2      |        or|   0|  0|    2|           1|           1|
    |or_ln59_3590_fu_304080_p2      |        or|   0|  0|    2|           1|           1|
    |or_ln59_3591_fu_304179_p2      |        or|   0|  0|    2|           1|           1|
    |or_ln59_3592_fu_324056_p2      |        or|   0|  0|    2|           1|           1|
    |or_ln59_3593_fu_304241_p2      |        or|   0|  0|    2|           1|           1|
    |or_ln59_3594_fu_304340_p2      |        or|   0|  0|    2|           1|           1|
    |or_ln59_3595_fu_324095_p2      |        or|   0|  0|    2|           1|           1|
    |or_ln59_3596_fu_304402_p2      |        or|   0|  0|    2|           1|           1|
    |or_ln59_3597_fu_304501_p2      |        or|   0|  0|    2|           1|           1|
    |or_ln59_3598_fu_324134_p2      |        or|   0|  0|    2|           1|           1|
    |or_ln59_3599_fu_304563_p2      |        or|   0|  0|    2|           1|           1|
    |or_ln59_3600_fu_304662_p2      |        or|   0|  0|    2|           1|           1|
    |or_ln59_3601_fu_324173_p2      |        or|   0|  0|    2|           1|           1|
    |or_ln59_3602_fu_304724_p2      |        or|   0|  0|    2|           1|           1|
    |or_ln59_3603_fu_304823_p2      |        or|   0|  0|    2|           1|           1|
    |or_ln59_3604_fu_324212_p2      |        or|   0|  0|    2|           1|           1|
    |or_ln59_3605_fu_304885_p2      |        or|   0|  0|    2|           1|           1|
    |or_ln59_3606_fu_304984_p2      |        or|   0|  0|    2|           1|           1|
    |or_ln59_3607_fu_324251_p2      |        or|   0|  0|    2|           1|           1|
    |or_ln59_3608_fu_305046_p2      |        or|   0|  0|    2|           1|           1|
    |or_ln59_3609_fu_305145_p2      |        or|   0|  0|    2|           1|           1|
    |or_ln59_3610_fu_324290_p2      |        or|   0|  0|    2|           1|           1|
    |or_ln59_3611_fu_305207_p2      |        or|   0|  0|    2|           1|           1|
    |or_ln59_3612_fu_305306_p2      |        or|   0|  0|    2|           1|           1|
    |or_ln59_3613_fu_324329_p2      |        or|   0|  0|    2|           1|           1|
    |or_ln59_3614_fu_305368_p2      |        or|   0|  0|    2|           1|           1|
    |or_ln59_3615_fu_305467_p2      |        or|   0|  0|    2|           1|           1|
    |or_ln59_3616_fu_324368_p2      |        or|   0|  0|    2|           1|           1|
    |or_ln59_3617_fu_305529_p2      |        or|   0|  0|    2|           1|           1|
    |or_ln59_3618_fu_305628_p2      |        or|   0|  0|    2|           1|           1|
    |or_ln59_3619_fu_324407_p2      |        or|   0|  0|    2|           1|           1|
    |or_ln59_3620_fu_305690_p2      |        or|   0|  0|    2|           1|           1|
    |or_ln59_3621_fu_305789_p2      |        or|   0|  0|    2|           1|           1|
    |or_ln59_3622_fu_324446_p2      |        or|   0|  0|    2|           1|           1|
    |or_ln59_3623_fu_305851_p2      |        or|   0|  0|    2|           1|           1|
    |or_ln59_3624_fu_305950_p2      |        or|   0|  0|    2|           1|           1|
    |or_ln59_3625_fu_324485_p2      |        or|   0|  0|    2|           1|           1|
    |or_ln59_3626_fu_306012_p2      |        or|   0|  0|    2|           1|           1|
    |or_ln59_3627_fu_306111_p2      |        or|   0|  0|    2|           1|           1|
    |or_ln59_3628_fu_324524_p2      |        or|   0|  0|    2|           1|           1|
    |or_ln59_3629_fu_306173_p2      |        or|   0|  0|    2|           1|           1|
    |or_ln59_3630_fu_306272_p2      |        or|   0|  0|    2|           1|           1|
    |or_ln59_3631_fu_324563_p2      |        or|   0|  0|    2|           1|           1|
    |or_ln59_3632_fu_306334_p2      |        or|   0|  0|    2|           1|           1|
    |or_ln59_3633_fu_306433_p2      |        or|   0|  0|    2|           1|           1|
    |or_ln59_3634_fu_324602_p2      |        or|   0|  0|    2|           1|           1|
    |or_ln59_3635_fu_306495_p2      |        or|   0|  0|    2|           1|           1|
    |or_ln59_3636_fu_306594_p2      |        or|   0|  0|    2|           1|           1|
    |or_ln59_3637_fu_324641_p2      |        or|   0|  0|    2|           1|           1|
    |or_ln59_3638_fu_306656_p2      |        or|   0|  0|    2|           1|           1|
    |or_ln59_3639_fu_306755_p2      |        or|   0|  0|    2|           1|           1|
    |or_ln59_3640_fu_324680_p2      |        or|   0|  0|    2|           1|           1|
    |or_ln59_3641_fu_306817_p2      |        or|   0|  0|    2|           1|           1|
    |or_ln59_3642_fu_306916_p2      |        or|   0|  0|    2|           1|           1|
    |or_ln59_3643_fu_324719_p2      |        or|   0|  0|    2|           1|           1|
    |or_ln59_3644_fu_306978_p2      |        or|   0|  0|    2|           1|           1|
    |or_ln59_3645_fu_307077_p2      |        or|   0|  0|    2|           1|           1|
    |or_ln59_3646_fu_324758_p2      |        or|   0|  0|    2|           1|           1|
    |or_ln59_3647_fu_307139_p2      |        or|   0|  0|    2|           1|           1|
    |or_ln59_3648_fu_307238_p2      |        or|   0|  0|    2|           1|           1|
    |or_ln59_3649_fu_324797_p2      |        or|   0|  0|    2|           1|           1|
    |or_ln59_3650_fu_307300_p2      |        or|   0|  0|    2|           1|           1|
    |or_ln59_3651_fu_307399_p2      |        or|   0|  0|    2|           1|           1|
    |or_ln59_3652_fu_324836_p2      |        or|   0|  0|    2|           1|           1|
    |or_ln59_3653_fu_307461_p2      |        or|   0|  0|    2|           1|           1|
    |or_ln59_3654_fu_307560_p2      |        or|   0|  0|    2|           1|           1|
    |or_ln59_3655_fu_324875_p2      |        or|   0|  0|    2|           1|           1|
    |or_ln59_3656_fu_307622_p2      |        or|   0|  0|    2|           1|           1|
    |or_ln59_3657_fu_307721_p2      |        or|   0|  0|    2|           1|           1|
    |or_ln59_3658_fu_324914_p2      |        or|   0|  0|    2|           1|           1|
    |or_ln59_3659_fu_307783_p2      |        or|   0|  0|    2|           1|           1|
    |or_ln59_3660_fu_307882_p2      |        or|   0|  0|    2|           1|           1|
    |or_ln59_3661_fu_324953_p2      |        or|   0|  0|    2|           1|           1|
    |or_ln59_3662_fu_307944_p2      |        or|   0|  0|    2|           1|           1|
    |or_ln59_3663_fu_308043_p2      |        or|   0|  0|    2|           1|           1|
    |or_ln59_3664_fu_324992_p2      |        or|   0|  0|    2|           1|           1|
    |or_ln59_3665_fu_308105_p2      |        or|   0|  0|    2|           1|           1|
    |or_ln59_3666_fu_308204_p2      |        or|   0|  0|    2|           1|           1|
    |or_ln59_3667_fu_325031_p2      |        or|   0|  0|    2|           1|           1|
    |or_ln59_3668_fu_308266_p2      |        or|   0|  0|    2|           1|           1|
    |or_ln59_3669_fu_308365_p2      |        or|   0|  0|    2|           1|           1|
    |or_ln59_3670_fu_325070_p2      |        or|   0|  0|    2|           1|           1|
    |or_ln59_3671_fu_308427_p2      |        or|   0|  0|    2|           1|           1|
    |or_ln59_3672_fu_308526_p2      |        or|   0|  0|    2|           1|           1|
    |or_ln59_3673_fu_325109_p2      |        or|   0|  0|    2|           1|           1|
    |or_ln59_3674_fu_308588_p2      |        or|   0|  0|    2|           1|           1|
    |or_ln59_3675_fu_308687_p2      |        or|   0|  0|    2|           1|           1|
    |or_ln59_3676_fu_325148_p2      |        or|   0|  0|    2|           1|           1|
    |or_ln59_3677_fu_308749_p2      |        or|   0|  0|    2|           1|           1|
    |or_ln59_3678_fu_308848_p2      |        or|   0|  0|    2|           1|           1|
    |or_ln59_3679_fu_325187_p2      |        or|   0|  0|    2|           1|           1|
    |or_ln59_3680_fu_308910_p2      |        or|   0|  0|    2|           1|           1|
    |or_ln59_3681_fu_309009_p2      |        or|   0|  0|    2|           1|           1|
    |or_ln59_3682_fu_325226_p2      |        or|   0|  0|    2|           1|           1|
    |or_ln59_3683_fu_309071_p2      |        or|   0|  0|    2|           1|           1|
    |or_ln59_3684_fu_309170_p2      |        or|   0|  0|    2|           1|           1|
    |or_ln59_3685_fu_325265_p2      |        or|   0|  0|    2|           1|           1|
    |or_ln59_3686_fu_309232_p2      |        or|   0|  0|    2|           1|           1|
    |or_ln59_3687_fu_309331_p2      |        or|   0|  0|    2|           1|           1|
    |or_ln59_3688_fu_325304_p2      |        or|   0|  0|    2|           1|           1|
    |or_ln59_3689_fu_309393_p2      |        or|   0|  0|    2|           1|           1|
    |or_ln59_3690_fu_309492_p2      |        or|   0|  0|    2|           1|           1|
    |or_ln59_3691_fu_325343_p2      |        or|   0|  0|    2|           1|           1|
    |or_ln59_3692_fu_309554_p2      |        or|   0|  0|    2|           1|           1|
    |or_ln59_3693_fu_309653_p2      |        or|   0|  0|    2|           1|           1|
    |or_ln59_3694_fu_325382_p2      |        or|   0|  0|    2|           1|           1|
    |or_ln59_3695_fu_309715_p2      |        or|   0|  0|    2|           1|           1|
    |or_ln59_3696_fu_309814_p2      |        or|   0|  0|    2|           1|           1|
    |or_ln59_3697_fu_325421_p2      |        or|   0|  0|    2|           1|           1|
    |or_ln59_3698_fu_309876_p2      |        or|   0|  0|    2|           1|           1|
    |or_ln59_3699_fu_309975_p2      |        or|   0|  0|    2|           1|           1|
    |or_ln59_3700_fu_325460_p2      |        or|   0|  0|    2|           1|           1|
    |or_ln59_3701_fu_310037_p2      |        or|   0|  0|    2|           1|           1|
    |or_ln59_3702_fu_310136_p2      |        or|   0|  0|    2|           1|           1|
    |or_ln59_3703_fu_325499_p2      |        or|   0|  0|    2|           1|           1|
    |or_ln59_3704_fu_310198_p2      |        or|   0|  0|    2|           1|           1|
    |or_ln59_3705_fu_310297_p2      |        or|   0|  0|    2|           1|           1|
    |or_ln59_3706_fu_325538_p2      |        or|   0|  0|    2|           1|           1|
    |or_ln59_3707_fu_310359_p2      |        or|   0|  0|    2|           1|           1|
    |or_ln59_3708_fu_310458_p2      |        or|   0|  0|    2|           1|           1|
    |or_ln59_3709_fu_325577_p2      |        or|   0|  0|    2|           1|           1|
    |or_ln59_3710_fu_310520_p2      |        or|   0|  0|    2|           1|           1|
    |or_ln59_3711_fu_310619_p2      |        or|   0|  0|    2|           1|           1|
    |or_ln59_3712_fu_325616_p2      |        or|   0|  0|    2|           1|           1|
    |or_ln59_3713_fu_310681_p2      |        or|   0|  0|    2|           1|           1|
    |or_ln59_3714_fu_310780_p2      |        or|   0|  0|    2|           1|           1|
    |or_ln59_3715_fu_325655_p2      |        or|   0|  0|    2|           1|           1|
    |or_ln59_3716_fu_310842_p2      |        or|   0|  0|    2|           1|           1|
    |or_ln59_3717_fu_310941_p2      |        or|   0|  0|    2|           1|           1|
    |or_ln59_3718_fu_325694_p2      |        or|   0|  0|    2|           1|           1|
    |or_ln59_3719_fu_311003_p2      |        or|   0|  0|    2|           1|           1|
    |or_ln59_3720_fu_311102_p2      |        or|   0|  0|    2|           1|           1|
    |or_ln59_3721_fu_325733_p2      |        or|   0|  0|    2|           1|           1|
    |or_ln59_3722_fu_311164_p2      |        or|   0|  0|    2|           1|           1|
    |or_ln59_3723_fu_311263_p2      |        or|   0|  0|    2|           1|           1|
    |or_ln59_3724_fu_325772_p2      |        or|   0|  0|    2|           1|           1|
    |or_ln59_3725_fu_311325_p2      |        or|   0|  0|    2|           1|           1|
    |or_ln59_3726_fu_311424_p2      |        or|   0|  0|    2|           1|           1|
    |or_ln59_3727_fu_325811_p2      |        or|   0|  0|    2|           1|           1|
    |or_ln59_3728_fu_311486_p2      |        or|   0|  0|    2|           1|           1|
    |or_ln59_3729_fu_311585_p2      |        or|   0|  0|    2|           1|           1|
    |or_ln59_3730_fu_325850_p2      |        or|   0|  0|    2|           1|           1|
    |or_ln59_3731_fu_311647_p2      |        or|   0|  0|    2|           1|           1|
    |or_ln59_3732_fu_311746_p2      |        or|   0|  0|    2|           1|           1|
    |or_ln59_3733_fu_325889_p2      |        or|   0|  0|    2|           1|           1|
    |or_ln59_3734_fu_311808_p2      |        or|   0|  0|    2|           1|           1|
    |or_ln59_3735_fu_311907_p2      |        or|   0|  0|    2|           1|           1|
    |or_ln59_3736_fu_325928_p2      |        or|   0|  0|    2|           1|           1|
    |or_ln59_3737_fu_311969_p2      |        or|   0|  0|    2|           1|           1|
    |or_ln59_3738_fu_312068_p2      |        or|   0|  0|    2|           1|           1|
    |or_ln59_3739_fu_325967_p2      |        or|   0|  0|    2|           1|           1|
    |or_ln59_3740_fu_312130_p2      |        or|   0|  0|    2|           1|           1|
    |or_ln59_3741_fu_312229_p2      |        or|   0|  0|    2|           1|           1|
    |or_ln59_3742_fu_326006_p2      |        or|   0|  0|    2|           1|           1|
    |or_ln59_3743_fu_312291_p2      |        or|   0|  0|    2|           1|           1|
    |or_ln59_3744_fu_312390_p2      |        or|   0|  0|    2|           1|           1|
    |or_ln59_3745_fu_326045_p2      |        or|   0|  0|    2|           1|           1|
    |or_ln59_3746_fu_312452_p2      |        or|   0|  0|    2|           1|           1|
    |or_ln59_3747_fu_312551_p2      |        or|   0|  0|    2|           1|           1|
    |or_ln59_3748_fu_326084_p2      |        or|   0|  0|    2|           1|           1|
    |or_ln59_3749_fu_312613_p2      |        or|   0|  0|    2|           1|           1|
    |or_ln59_3750_fu_312712_p2      |        or|   0|  0|    2|           1|           1|
    |or_ln59_3751_fu_326123_p2      |        or|   0|  0|    2|           1|           1|
    |or_ln59_3752_fu_312774_p2      |        or|   0|  0|    2|           1|           1|
    |or_ln59_3753_fu_312873_p2      |        or|   0|  0|    2|           1|           1|
    |or_ln59_3754_fu_326162_p2      |        or|   0|  0|    2|           1|           1|
    |or_ln59_3755_fu_312935_p2      |        or|   0|  0|    2|           1|           1|
    |or_ln59_3756_fu_313034_p2      |        or|   0|  0|    2|           1|           1|
    |or_ln59_3757_fu_326201_p2      |        or|   0|  0|    2|           1|           1|
    |or_ln59_3758_fu_313096_p2      |        or|   0|  0|    2|           1|           1|
    |or_ln59_3759_fu_313195_p2      |        or|   0|  0|    2|           1|           1|
    |or_ln59_3760_fu_326240_p2      |        or|   0|  0|    2|           1|           1|
    |or_ln59_3761_fu_313257_p2      |        or|   0|  0|    2|           1|           1|
    |or_ln59_3762_fu_313356_p2      |        or|   0|  0|    2|           1|           1|
    |or_ln59_3763_fu_326279_p2      |        or|   0|  0|    2|           1|           1|
    |or_ln59_3764_fu_313418_p2      |        or|   0|  0|    2|           1|           1|
    |or_ln59_3765_fu_313517_p2      |        or|   0|  0|    2|           1|           1|
    |or_ln59_3766_fu_326318_p2      |        or|   0|  0|    2|           1|           1|
    |or_ln59_3767_fu_313579_p2      |        or|   0|  0|    2|           1|           1|
    |or_ln59_3768_fu_313678_p2      |        or|   0|  0|    2|           1|           1|
    |or_ln59_3769_fu_326357_p2      |        or|   0|  0|    2|           1|           1|
    |or_ln59_3770_fu_313740_p2      |        or|   0|  0|    2|           1|           1|
    |or_ln59_3771_fu_313839_p2      |        or|   0|  0|    2|           1|           1|
    |or_ln59_3772_fu_326396_p2      |        or|   0|  0|    2|           1|           1|
    |or_ln59_3773_fu_313901_p2      |        or|   0|  0|    2|           1|           1|
    |or_ln59_3774_fu_314000_p2      |        or|   0|  0|    2|           1|           1|
    |or_ln59_3775_fu_326435_p2      |        or|   0|  0|    2|           1|           1|
    |or_ln59_3776_fu_314062_p2      |        or|   0|  0|    2|           1|           1|
    |or_ln59_3777_fu_314161_p2      |        or|   0|  0|    2|           1|           1|
    |or_ln59_3778_fu_326474_p2      |        or|   0|  0|    2|           1|           1|
    |or_ln59_3779_fu_314223_p2      |        or|   0|  0|    2|           1|           1|
    |or_ln59_3780_fu_314322_p2      |        or|   0|  0|    2|           1|           1|
    |or_ln59_3781_fu_326513_p2      |        or|   0|  0|    2|           1|           1|
    |or_ln59_3782_fu_314384_p2      |        or|   0|  0|    2|           1|           1|
    |or_ln59_3783_fu_314483_p2      |        or|   0|  0|    2|           1|           1|
    |or_ln59_3784_fu_326552_p2      |        or|   0|  0|    2|           1|           1|
    |or_ln59_3785_fu_314545_p2      |        or|   0|  0|    2|           1|           1|
    |or_ln59_3786_fu_314644_p2      |        or|   0|  0|    2|           1|           1|
    |or_ln59_3787_fu_326591_p2      |        or|   0|  0|    2|           1|           1|
    |or_ln59_3788_fu_314706_p2      |        or|   0|  0|    2|           1|           1|
    |or_ln59_3789_fu_314805_p2      |        or|   0|  0|    2|           1|           1|
    |or_ln59_3790_fu_326630_p2      |        or|   0|  0|    2|           1|           1|
    |or_ln59_3791_fu_314867_p2      |        or|   0|  0|    2|           1|           1|
    |or_ln59_3792_fu_314966_p2      |        or|   0|  0|    2|           1|           1|
    |or_ln59_3793_fu_326669_p2      |        or|   0|  0|    2|           1|           1|
    |or_ln59_3794_fu_315028_p2      |        or|   0|  0|    2|           1|           1|
    |or_ln59_3795_fu_315127_p2      |        or|   0|  0|    2|           1|           1|
    |or_ln59_3796_fu_326708_p2      |        or|   0|  0|    2|           1|           1|
    |or_ln59_3797_fu_315189_p2      |        or|   0|  0|    2|           1|           1|
    |or_ln59_3798_fu_315288_p2      |        or|   0|  0|    2|           1|           1|
    |or_ln59_3799_fu_326747_p2      |        or|   0|  0|    2|           1|           1|
    |or_ln59_3800_fu_315350_p2      |        or|   0|  0|    2|           1|           1|
    |or_ln59_3801_fu_315449_p2      |        or|   0|  0|    2|           1|           1|
    |or_ln59_3802_fu_326786_p2      |        or|   0|  0|    2|           1|           1|
    |or_ln59_3803_fu_315511_p2      |        or|   0|  0|    2|           1|           1|
    |or_ln59_3804_fu_315610_p2      |        or|   0|  0|    2|           1|           1|
    |or_ln59_3805_fu_326825_p2      |        or|   0|  0|    2|           1|           1|
    |or_ln59_3806_fu_315672_p2      |        or|   0|  0|    2|           1|           1|
    |or_ln59_3807_fu_315771_p2      |        or|   0|  0|    2|           1|           1|
    |or_ln59_3808_fu_326864_p2      |        or|   0|  0|    2|           1|           1|
    |or_ln59_3809_fu_315833_p2      |        or|   0|  0|    2|           1|           1|
    |or_ln59_3810_fu_315932_p2      |        or|   0|  0|    2|           1|           1|
    |or_ln59_3811_fu_326903_p2      |        or|   0|  0|    2|           1|           1|
    |or_ln59_3812_fu_315994_p2      |        or|   0|  0|    2|           1|           1|
    |or_ln59_3813_fu_316093_p2      |        or|   0|  0|    2|           1|           1|
    |or_ln59_3814_fu_326942_p2      |        or|   0|  0|    2|           1|           1|
    |or_ln59_3815_fu_316155_p2      |        or|   0|  0|    2|           1|           1|
    |or_ln59_3816_fu_316254_p2      |        or|   0|  0|    2|           1|           1|
    |or_ln59_3817_fu_326981_p2      |        or|   0|  0|    2|           1|           1|
    |or_ln59_3818_fu_316316_p2      |        or|   0|  0|    2|           1|           1|
    |or_ln59_3819_fu_316415_p2      |        or|   0|  0|    2|           1|           1|
    |or_ln59_3820_fu_327020_p2      |        or|   0|  0|    2|           1|           1|
    |or_ln59_3821_fu_316477_p2      |        or|   0|  0|    2|           1|           1|
    |or_ln59_3822_fu_316576_p2      |        or|   0|  0|    2|           1|           1|
    |or_ln59_3823_fu_327059_p2      |        or|   0|  0|    2|           1|           1|
    |or_ln59_3824_fu_316638_p2      |        or|   0|  0|    2|           1|           1|
    |or_ln59_3825_fu_316737_p2      |        or|   0|  0|    2|           1|           1|
    |or_ln59_3826_fu_327098_p2      |        or|   0|  0|    2|           1|           1|
    |or_ln59_3827_fu_316799_p2      |        or|   0|  0|    2|           1|           1|
    |or_ln59_3828_fu_316898_p2      |        or|   0|  0|    2|           1|           1|
    |or_ln59_3829_fu_327137_p2      |        or|   0|  0|    2|           1|           1|
    |or_ln59_3830_fu_316960_p2      |        or|   0|  0|    2|           1|           1|
    |or_ln59_3831_fu_317059_p2      |        or|   0|  0|    2|           1|           1|
    |or_ln59_3832_fu_327176_p2      |        or|   0|  0|    2|           1|           1|
    |or_ln59_3833_fu_317121_p2      |        or|   0|  0|    2|           1|           1|
    |or_ln59_3834_fu_317220_p2      |        or|   0|  0|    2|           1|           1|
    |or_ln59_3835_fu_327215_p2      |        or|   0|  0|    2|           1|           1|
    |or_ln59_3836_fu_317247_p2      |        or|   0|  0|    2|           1|           1|
    |or_ln59_3837_fu_317286_p2      |        or|   0|  0|    2|           1|           1|
    |or_ln59_3838_fu_317325_p2      |        or|   0|  0|    2|           1|           1|
    |or_ln59_3839_fu_317364_p2      |        or|   0|  0|    2|           1|           1|
    |or_ln59_3840_fu_317403_p2      |        or|   0|  0|    2|           1|           1|
    |or_ln59_3841_fu_317442_p2      |        or|   0|  0|    2|           1|           1|
    |or_ln59_3842_fu_317481_p2      |        or|   0|  0|    2|           1|           1|
    |or_ln59_3843_fu_317520_p2      |        or|   0|  0|    2|           1|           1|
    |or_ln59_3844_fu_317559_p2      |        or|   0|  0|    2|           1|           1|
    |or_ln59_3845_fu_317598_p2      |        or|   0|  0|    2|           1|           1|
    |or_ln59_3846_fu_317637_p2      |        or|   0|  0|    2|           1|           1|
    |or_ln59_3847_fu_317676_p2      |        or|   0|  0|    2|           1|           1|
    |or_ln59_3848_fu_317715_p2      |        or|   0|  0|    2|           1|           1|
    |or_ln59_3849_fu_317754_p2      |        or|   0|  0|    2|           1|           1|
    |or_ln59_3850_fu_317793_p2      |        or|   0|  0|    2|           1|           1|
    |or_ln59_3851_fu_317832_p2      |        or|   0|  0|    2|           1|           1|
    |or_ln59_3852_fu_317871_p2      |        or|   0|  0|    2|           1|           1|
    |or_ln59_3853_fu_317910_p2      |        or|   0|  0|    2|           1|           1|
    |or_ln59_3854_fu_317949_p2      |        or|   0|  0|    2|           1|           1|
    |or_ln59_3855_fu_317988_p2      |        or|   0|  0|    2|           1|           1|
    |or_ln59_3856_fu_318027_p2      |        or|   0|  0|    2|           1|           1|
    |or_ln59_3857_fu_318066_p2      |        or|   0|  0|    2|           1|           1|
    |or_ln59_3858_fu_318105_p2      |        or|   0|  0|    2|           1|           1|
    |or_ln59_3859_fu_318144_p2      |        or|   0|  0|    2|           1|           1|
    |or_ln59_3860_fu_318183_p2      |        or|   0|  0|    2|           1|           1|
    |or_ln59_3861_fu_318222_p2      |        or|   0|  0|    2|           1|           1|
    |or_ln59_3862_fu_318261_p2      |        or|   0|  0|    2|           1|           1|
    |or_ln59_3863_fu_318300_p2      |        or|   0|  0|    2|           1|           1|
    |or_ln59_3864_fu_318339_p2      |        or|   0|  0|    2|           1|           1|
    |or_ln59_3865_fu_318378_p2      |        or|   0|  0|    2|           1|           1|
    |or_ln59_3866_fu_318417_p2      |        or|   0|  0|    2|           1|           1|
    |or_ln59_3867_fu_318456_p2      |        or|   0|  0|    2|           1|           1|
    |or_ln59_3868_fu_318495_p2      |        or|   0|  0|    2|           1|           1|
    |or_ln59_3869_fu_318534_p2      |        or|   0|  0|    2|           1|           1|
    |or_ln59_3870_fu_318573_p2      |        or|   0|  0|    2|           1|           1|
    |or_ln59_3871_fu_318612_p2      |        or|   0|  0|    2|           1|           1|
    |or_ln59_3872_fu_318651_p2      |        or|   0|  0|    2|           1|           1|
    |or_ln59_3873_fu_318690_p2      |        or|   0|  0|    2|           1|           1|
    |or_ln59_3874_fu_318729_p2      |        or|   0|  0|    2|           1|           1|
    |or_ln59_3875_fu_318768_p2      |        or|   0|  0|    2|           1|           1|
    |or_ln59_3876_fu_318807_p2      |        or|   0|  0|    2|           1|           1|
    |or_ln59_3877_fu_318846_p2      |        or|   0|  0|    2|           1|           1|
    |or_ln59_3878_fu_318885_p2      |        or|   0|  0|    2|           1|           1|
    |or_ln59_3879_fu_318924_p2      |        or|   0|  0|    2|           1|           1|
    |or_ln59_3880_fu_318963_p2      |        or|   0|  0|    2|           1|           1|
    |or_ln59_3881_fu_319002_p2      |        or|   0|  0|    2|           1|           1|
    |or_ln59_3882_fu_319041_p2      |        or|   0|  0|    2|           1|           1|
    |or_ln59_3883_fu_319080_p2      |        or|   0|  0|    2|           1|           1|
    |or_ln59_3884_fu_319119_p2      |        or|   0|  0|    2|           1|           1|
    |or_ln59_3885_fu_319158_p2      |        or|   0|  0|    2|           1|           1|
    |or_ln59_3886_fu_319197_p2      |        or|   0|  0|    2|           1|           1|
    |or_ln59_3887_fu_319236_p2      |        or|   0|  0|    2|           1|           1|
    |or_ln59_3888_fu_319275_p2      |        or|   0|  0|    2|           1|           1|
    |or_ln59_3889_fu_319314_p2      |        or|   0|  0|    2|           1|           1|
    |or_ln59_3890_fu_319353_p2      |        or|   0|  0|    2|           1|           1|
    |or_ln59_3891_fu_319392_p2      |        or|   0|  0|    2|           1|           1|
    |or_ln59_3892_fu_319431_p2      |        or|   0|  0|    2|           1|           1|
    |or_ln59_3893_fu_319470_p2      |        or|   0|  0|    2|           1|           1|
    |or_ln59_3894_fu_319509_p2      |        or|   0|  0|    2|           1|           1|
    |or_ln59_3895_fu_319548_p2      |        or|   0|  0|    2|           1|           1|
    |or_ln59_3896_fu_319587_p2      |        or|   0|  0|    2|           1|           1|
    |or_ln59_3897_fu_319626_p2      |        or|   0|  0|    2|           1|           1|
    |or_ln59_3898_fu_319665_p2      |        or|   0|  0|    2|           1|           1|
    |or_ln59_3899_fu_319704_p2      |        or|   0|  0|    2|           1|           1|
    |or_ln59_3900_fu_319743_p2      |        or|   0|  0|    2|           1|           1|
    |or_ln59_3901_fu_319782_p2      |        or|   0|  0|    2|           1|           1|
    |or_ln59_3902_fu_319821_p2      |        or|   0|  0|    2|           1|           1|
    |or_ln59_3903_fu_319860_p2      |        or|   0|  0|    2|           1|           1|
    |or_ln59_3904_fu_319899_p2      |        or|   0|  0|    2|           1|           1|
    |or_ln59_3905_fu_319938_p2      |        or|   0|  0|    2|           1|           1|
    |or_ln59_3906_fu_319977_p2      |        or|   0|  0|    2|           1|           1|
    |or_ln59_3907_fu_320016_p2      |        or|   0|  0|    2|           1|           1|
    |or_ln59_3908_fu_320055_p2      |        or|   0|  0|    2|           1|           1|
    |or_ln59_3909_fu_320094_p2      |        or|   0|  0|    2|           1|           1|
    |or_ln59_3910_fu_320133_p2      |        or|   0|  0|    2|           1|           1|
    |or_ln59_3911_fu_320172_p2      |        or|   0|  0|    2|           1|           1|
    |or_ln59_3912_fu_320211_p2      |        or|   0|  0|    2|           1|           1|
    |or_ln59_3913_fu_320250_p2      |        or|   0|  0|    2|           1|           1|
    |or_ln59_3914_fu_320289_p2      |        or|   0|  0|    2|           1|           1|
    |or_ln59_3915_fu_320328_p2      |        or|   0|  0|    2|           1|           1|
    |or_ln59_3916_fu_320367_p2      |        or|   0|  0|    2|           1|           1|
    |or_ln59_3917_fu_320406_p2      |        or|   0|  0|    2|           1|           1|
    |or_ln59_3918_fu_320445_p2      |        or|   0|  0|    2|           1|           1|
    |or_ln59_3919_fu_320484_p2      |        or|   0|  0|    2|           1|           1|
    |or_ln59_3920_fu_320523_p2      |        or|   0|  0|    2|           1|           1|
    |or_ln59_3921_fu_320562_p2      |        or|   0|  0|    2|           1|           1|
    |or_ln59_3922_fu_320601_p2      |        or|   0|  0|    2|           1|           1|
    |or_ln59_3923_fu_320640_p2      |        or|   0|  0|    2|           1|           1|
    |or_ln59_3924_fu_320679_p2      |        or|   0|  0|    2|           1|           1|
    |or_ln59_3925_fu_320718_p2      |        or|   0|  0|    2|           1|           1|
    |or_ln59_3926_fu_320757_p2      |        or|   0|  0|    2|           1|           1|
    |or_ln59_3927_fu_320796_p2      |        or|   0|  0|    2|           1|           1|
    |or_ln59_3928_fu_320835_p2      |        or|   0|  0|    2|           1|           1|
    |or_ln59_3929_fu_320874_p2      |        or|   0|  0|    2|           1|           1|
    |or_ln59_3930_fu_320913_p2      |        or|   0|  0|    2|           1|           1|
    |or_ln59_3931_fu_320952_p2      |        or|   0|  0|    2|           1|           1|
    |or_ln59_3932_fu_320991_p2      |        or|   0|  0|    2|           1|           1|
    |or_ln59_3933_fu_321030_p2      |        or|   0|  0|    2|           1|           1|
    |or_ln59_3934_fu_321069_p2      |        or|   0|  0|    2|           1|           1|
    |or_ln59_3935_fu_321108_p2      |        or|   0|  0|    2|           1|           1|
    |or_ln59_3936_fu_321147_p2      |        or|   0|  0|    2|           1|           1|
    |or_ln59_3937_fu_321186_p2      |        or|   0|  0|    2|           1|           1|
    |or_ln59_3938_fu_321225_p2      |        or|   0|  0|    2|           1|           1|
    |or_ln59_3939_fu_321264_p2      |        or|   0|  0|    2|           1|           1|
    |or_ln59_3940_fu_321303_p2      |        or|   0|  0|    2|           1|           1|
    |or_ln59_3941_fu_321342_p2      |        or|   0|  0|    2|           1|           1|
    |or_ln59_3942_fu_321381_p2      |        or|   0|  0|    2|           1|           1|
    |or_ln59_3943_fu_321420_p2      |        or|   0|  0|    2|           1|           1|
    |or_ln59_3944_fu_321459_p2      |        or|   0|  0|    2|           1|           1|
    |or_ln59_3945_fu_321498_p2      |        or|   0|  0|    2|           1|           1|
    |or_ln59_3946_fu_321537_p2      |        or|   0|  0|    2|           1|           1|
    |or_ln59_3947_fu_321576_p2      |        or|   0|  0|    2|           1|           1|
    |or_ln59_3948_fu_321615_p2      |        or|   0|  0|    2|           1|           1|
    |or_ln59_3949_fu_321654_p2      |        or|   0|  0|    2|           1|           1|
    |or_ln59_3950_fu_321693_p2      |        or|   0|  0|    2|           1|           1|
    |or_ln59_3951_fu_321732_p2      |        or|   0|  0|    2|           1|           1|
    |or_ln59_3952_fu_321771_p2      |        or|   0|  0|    2|           1|           1|
    |or_ln59_3953_fu_321810_p2      |        or|   0|  0|    2|           1|           1|
    |or_ln59_3954_fu_321849_p2      |        or|   0|  0|    2|           1|           1|
    |or_ln59_3955_fu_321888_p2      |        or|   0|  0|    2|           1|           1|
    |or_ln59_3956_fu_321927_p2      |        or|   0|  0|    2|           1|           1|
    |or_ln59_3957_fu_321966_p2      |        or|   0|  0|    2|           1|           1|
    |or_ln59_3958_fu_322005_p2      |        or|   0|  0|    2|           1|           1|
    |or_ln59_3959_fu_322044_p2      |        or|   0|  0|    2|           1|           1|
    |or_ln59_3960_fu_322083_p2      |        or|   0|  0|    2|           1|           1|
    |or_ln59_3961_fu_322122_p2      |        or|   0|  0|    2|           1|           1|
    |or_ln59_3962_fu_322161_p2      |        or|   0|  0|    2|           1|           1|
    |or_ln59_3963_fu_322200_p2      |        or|   0|  0|    2|           1|           1|
    |or_ln59_3964_fu_322239_p2      |        or|   0|  0|    2|           1|           1|
    |or_ln59_3965_fu_322278_p2      |        or|   0|  0|    2|           1|           1|
    |or_ln59_3966_fu_322317_p2      |        or|   0|  0|    2|           1|           1|
    |or_ln59_3967_fu_322356_p2      |        or|   0|  0|    2|           1|           1|
    |or_ln59_3968_fu_322395_p2      |        or|   0|  0|    2|           1|           1|
    |or_ln59_3969_fu_322434_p2      |        or|   0|  0|    2|           1|           1|
    |or_ln59_3970_fu_322473_p2      |        or|   0|  0|    2|           1|           1|
    |or_ln59_3971_fu_322512_p2      |        or|   0|  0|    2|           1|           1|
    |or_ln59_3972_fu_322551_p2      |        or|   0|  0|    2|           1|           1|
    |or_ln59_3973_fu_322590_p2      |        or|   0|  0|    2|           1|           1|
    |or_ln59_3974_fu_322629_p2      |        or|   0|  0|    2|           1|           1|
    |or_ln59_3975_fu_322668_p2      |        or|   0|  0|    2|           1|           1|
    |or_ln59_3976_fu_322707_p2      |        or|   0|  0|    2|           1|           1|
    |or_ln59_3977_fu_322746_p2      |        or|   0|  0|    2|           1|           1|
    |or_ln59_3978_fu_322785_p2      |        or|   0|  0|    2|           1|           1|
    |or_ln59_3979_fu_322824_p2      |        or|   0|  0|    2|           1|           1|
    |or_ln59_3980_fu_322863_p2      |        or|   0|  0|    2|           1|           1|
    |or_ln59_3981_fu_322902_p2      |        or|   0|  0|    2|           1|           1|
    |or_ln59_3982_fu_322941_p2      |        or|   0|  0|    2|           1|           1|
    |or_ln59_3983_fu_322980_p2      |        or|   0|  0|    2|           1|           1|
    |or_ln59_3984_fu_323019_p2      |        or|   0|  0|    2|           1|           1|
    |or_ln59_3985_fu_323058_p2      |        or|   0|  0|    2|           1|           1|
    |or_ln59_3986_fu_323097_p2      |        or|   0|  0|    2|           1|           1|
    |or_ln59_3987_fu_323136_p2      |        or|   0|  0|    2|           1|           1|
    |or_ln59_3988_fu_323175_p2      |        or|   0|  0|    2|           1|           1|
    |or_ln59_3989_fu_323214_p2      |        or|   0|  0|    2|           1|           1|
    |or_ln59_3990_fu_323253_p2      |        or|   0|  0|    2|           1|           1|
    |or_ln59_3991_fu_323292_p2      |        or|   0|  0|    2|           1|           1|
    |or_ln59_3992_fu_323331_p2      |        or|   0|  0|    2|           1|           1|
    |or_ln59_3993_fu_323370_p2      |        or|   0|  0|    2|           1|           1|
    |or_ln59_3994_fu_323409_p2      |        or|   0|  0|    2|           1|           1|
    |or_ln59_3995_fu_323448_p2      |        or|   0|  0|    2|           1|           1|
    |or_ln59_3996_fu_323487_p2      |        or|   0|  0|    2|           1|           1|
    |or_ln59_3997_fu_323526_p2      |        or|   0|  0|    2|           1|           1|
    |or_ln59_3998_fu_323565_p2      |        or|   0|  0|    2|           1|           1|
    |or_ln59_3999_fu_323604_p2      |        or|   0|  0|    2|           1|           1|
    |or_ln59_4000_fu_323643_p2      |        or|   0|  0|    2|           1|           1|
    |or_ln59_4001_fu_323682_p2      |        or|   0|  0|    2|           1|           1|
    |or_ln59_4002_fu_323721_p2      |        or|   0|  0|    2|           1|           1|
    |or_ln59_4003_fu_323760_p2      |        or|   0|  0|    2|           1|           1|
    |or_ln59_4004_fu_323799_p2      |        or|   0|  0|    2|           1|           1|
    |or_ln59_4005_fu_323838_p2      |        or|   0|  0|    2|           1|           1|
    |or_ln59_4006_fu_323877_p2      |        or|   0|  0|    2|           1|           1|
    |or_ln59_4007_fu_323916_p2      |        or|   0|  0|    2|           1|           1|
    |or_ln59_4008_fu_323955_p2      |        or|   0|  0|    2|           1|           1|
    |or_ln59_4009_fu_323994_p2      |        or|   0|  0|    2|           1|           1|
    |or_ln59_4010_fu_324033_p2      |        or|   0|  0|    2|           1|           1|
    |or_ln59_4011_fu_324072_p2      |        or|   0|  0|    2|           1|           1|
    |or_ln59_4012_fu_324111_p2      |        or|   0|  0|    2|           1|           1|
    |or_ln59_4013_fu_324150_p2      |        or|   0|  0|    2|           1|           1|
    |or_ln59_4014_fu_324189_p2      |        or|   0|  0|    2|           1|           1|
    |or_ln59_4015_fu_324228_p2      |        or|   0|  0|    2|           1|           1|
    |or_ln59_4016_fu_324267_p2      |        or|   0|  0|    2|           1|           1|
    |or_ln59_4017_fu_324306_p2      |        or|   0|  0|    2|           1|           1|
    |or_ln59_4018_fu_324345_p2      |        or|   0|  0|    2|           1|           1|
    |or_ln59_4019_fu_324384_p2      |        or|   0|  0|    2|           1|           1|
    |or_ln59_4020_fu_324423_p2      |        or|   0|  0|    2|           1|           1|
    |or_ln59_4021_fu_324462_p2      |        or|   0|  0|    2|           1|           1|
    |or_ln59_4022_fu_324501_p2      |        or|   0|  0|    2|           1|           1|
    |or_ln59_4023_fu_324540_p2      |        or|   0|  0|    2|           1|           1|
    |or_ln59_4024_fu_324579_p2      |        or|   0|  0|    2|           1|           1|
    |or_ln59_4025_fu_324618_p2      |        or|   0|  0|    2|           1|           1|
    |or_ln59_4026_fu_324657_p2      |        or|   0|  0|    2|           1|           1|
    |or_ln59_4027_fu_324696_p2      |        or|   0|  0|    2|           1|           1|
    |or_ln59_4028_fu_324735_p2      |        or|   0|  0|    2|           1|           1|
    |or_ln59_4029_fu_324774_p2      |        or|   0|  0|    2|           1|           1|
    |or_ln59_4030_fu_324813_p2      |        or|   0|  0|    2|           1|           1|
    |or_ln59_4031_fu_324852_p2      |        or|   0|  0|    2|           1|           1|
    |or_ln59_4032_fu_324891_p2      |        or|   0|  0|    2|           1|           1|
    |or_ln59_4033_fu_324930_p2      |        or|   0|  0|    2|           1|           1|
    |or_ln59_4034_fu_324969_p2      |        or|   0|  0|    2|           1|           1|
    |or_ln59_4035_fu_325008_p2      |        or|   0|  0|    2|           1|           1|
    |or_ln59_4036_fu_325047_p2      |        or|   0|  0|    2|           1|           1|
    |or_ln59_4037_fu_325086_p2      |        or|   0|  0|    2|           1|           1|
    |or_ln59_4038_fu_325125_p2      |        or|   0|  0|    2|           1|           1|
    |or_ln59_4039_fu_325164_p2      |        or|   0|  0|    2|           1|           1|
    |or_ln59_4040_fu_325203_p2      |        or|   0|  0|    2|           1|           1|
    |or_ln59_4041_fu_325242_p2      |        or|   0|  0|    2|           1|           1|
    |or_ln59_4042_fu_325281_p2      |        or|   0|  0|    2|           1|           1|
    |or_ln59_4043_fu_325320_p2      |        or|   0|  0|    2|           1|           1|
    |or_ln59_4044_fu_325359_p2      |        or|   0|  0|    2|           1|           1|
    |or_ln59_4045_fu_325398_p2      |        or|   0|  0|    2|           1|           1|
    |or_ln59_4046_fu_325437_p2      |        or|   0|  0|    2|           1|           1|
    |or_ln59_4047_fu_325476_p2      |        or|   0|  0|    2|           1|           1|
    |or_ln59_4048_fu_325515_p2      |        or|   0|  0|    2|           1|           1|
    |or_ln59_4049_fu_325554_p2      |        or|   0|  0|    2|           1|           1|
    |or_ln59_4050_fu_325593_p2      |        or|   0|  0|    2|           1|           1|
    |or_ln59_4051_fu_325632_p2      |        or|   0|  0|    2|           1|           1|
    |or_ln59_4052_fu_325671_p2      |        or|   0|  0|    2|           1|           1|
    |or_ln59_4053_fu_325710_p2      |        or|   0|  0|    2|           1|           1|
    |or_ln59_4054_fu_325749_p2      |        or|   0|  0|    2|           1|           1|
    |or_ln59_4055_fu_325788_p2      |        or|   0|  0|    2|           1|           1|
    |or_ln59_4056_fu_325827_p2      |        or|   0|  0|    2|           1|           1|
    |or_ln59_4057_fu_325866_p2      |        or|   0|  0|    2|           1|           1|
    |or_ln59_4058_fu_325905_p2      |        or|   0|  0|    2|           1|           1|
    |or_ln59_4059_fu_325944_p2      |        or|   0|  0|    2|           1|           1|
    |or_ln59_4060_fu_325983_p2      |        or|   0|  0|    2|           1|           1|
    |or_ln59_4061_fu_326022_p2      |        or|   0|  0|    2|           1|           1|
    |or_ln59_4062_fu_326061_p2      |        or|   0|  0|    2|           1|           1|
    |or_ln59_4063_fu_326100_p2      |        or|   0|  0|    2|           1|           1|
    |or_ln59_4064_fu_326139_p2      |        or|   0|  0|    2|           1|           1|
    |or_ln59_4065_fu_326178_p2      |        or|   0|  0|    2|           1|           1|
    |or_ln59_4066_fu_326217_p2      |        or|   0|  0|    2|           1|           1|
    |or_ln59_4067_fu_326256_p2      |        or|   0|  0|    2|           1|           1|
    |or_ln59_4068_fu_326295_p2      |        or|   0|  0|    2|           1|           1|
    |or_ln59_4069_fu_326334_p2      |        or|   0|  0|    2|           1|           1|
    |or_ln59_4070_fu_326373_p2      |        or|   0|  0|    2|           1|           1|
    |or_ln59_4071_fu_326412_p2      |        or|   0|  0|    2|           1|           1|
    |or_ln59_4072_fu_326451_p2      |        or|   0|  0|    2|           1|           1|
    |or_ln59_4073_fu_326490_p2      |        or|   0|  0|    2|           1|           1|
    |or_ln59_4074_fu_326529_p2      |        or|   0|  0|    2|           1|           1|
    |or_ln59_4075_fu_326568_p2      |        or|   0|  0|    2|           1|           1|
    |or_ln59_4076_fu_326607_p2      |        or|   0|  0|    2|           1|           1|
    |or_ln59_4077_fu_326646_p2      |        or|   0|  0|    2|           1|           1|
    |or_ln59_4078_fu_326685_p2      |        or|   0|  0|    2|           1|           1|
    |or_ln59_4079_fu_326724_p2      |        or|   0|  0|    2|           1|           1|
    |or_ln59_4080_fu_326763_p2      |        or|   0|  0|    2|           1|           1|
    |or_ln59_4081_fu_326802_p2      |        or|   0|  0|    2|           1|           1|
    |or_ln59_4082_fu_326841_p2      |        or|   0|  0|    2|           1|           1|
    |or_ln59_4083_fu_326880_p2      |        or|   0|  0|    2|           1|           1|
    |or_ln59_4084_fu_326919_p2      |        or|   0|  0|    2|           1|           1|
    |or_ln59_4085_fu_326958_p2      |        or|   0|  0|    2|           1|           1|
    |or_ln59_4086_fu_326997_p2      |        or|   0|  0|    2|           1|           1|
    |or_ln59_4087_fu_327036_p2      |        or|   0|  0|    2|           1|           1|
    |or_ln59_4088_fu_327075_p2      |        or|   0|  0|    2|           1|           1|
    |or_ln59_4089_fu_327114_p2      |        or|   0|  0|    2|           1|           1|
    |or_ln59_4090_fu_327153_p2      |        or|   0|  0|    2|           1|           1|
    |or_ln59_4091_fu_327192_p2      |        or|   0|  0|    2|           1|           1|
    |or_ln59_fu_276066_p2           |        or|   0|  0|    2|           1|           1|
    |select_ln59_4093_fu_276151_p3  |    select|   0|  0|    2|           1|           1|
    |select_ln59_4094_fu_317263_p3  |    select|   0|  0|    5|           1|           3|
    |select_ln59_4095_fu_317275_p3  |    select|   0|  0|    4|           1|           4|
    |select_ln59_4096_fu_276284_p3  |    select|   0|  0|    2|           1|           1|
    |select_ln59_4097_fu_276312_p3  |    select|   0|  0|    2|           1|           1|
    |select_ln59_4098_fu_317302_p3  |    select|   0|  0|    5|           1|           3|
    |select_ln59_4099_fu_317314_p3  |    select|   0|  0|    4|           1|           4|
    |select_ln59_4100_fu_276445_p3  |    select|   0|  0|    2|           1|           1|
    |select_ln59_4101_fu_276473_p3  |    select|   0|  0|    2|           1|           1|
    |select_ln59_4102_fu_317341_p3  |    select|   0|  0|    5|           1|           3|
    |select_ln59_4103_fu_317353_p3  |    select|   0|  0|    4|           1|           4|
    |select_ln59_4104_fu_276606_p3  |    select|   0|  0|    2|           1|           1|
    |select_ln59_4105_fu_276634_p3  |    select|   0|  0|    2|           1|           1|
    |select_ln59_4106_fu_317380_p3  |    select|   0|  0|    5|           1|           3|
    |select_ln59_4107_fu_317392_p3  |    select|   0|  0|    4|           1|           4|
    |select_ln59_4108_fu_276767_p3  |    select|   0|  0|    2|           1|           1|
    |select_ln59_4109_fu_276795_p3  |    select|   0|  0|    2|           1|           1|
    |select_ln59_4110_fu_317419_p3  |    select|   0|  0|    5|           1|           3|
    |select_ln59_4111_fu_317431_p3  |    select|   0|  0|    4|           1|           4|
    |select_ln59_4112_fu_276928_p3  |    select|   0|  0|    2|           1|           1|
    |select_ln59_4113_fu_276956_p3  |    select|   0|  0|    2|           1|           1|
    |select_ln59_4114_fu_317458_p3  |    select|   0|  0|    5|           1|           3|
    |select_ln59_4115_fu_317470_p3  |    select|   0|  0|    4|           1|           4|
    |select_ln59_4116_fu_277089_p3  |    select|   0|  0|    2|           1|           1|
    |select_ln59_4117_fu_277117_p3  |    select|   0|  0|    2|           1|           1|
    |select_ln59_4118_fu_317497_p3  |    select|   0|  0|    5|           1|           3|
    |select_ln59_4119_fu_317509_p3  |    select|   0|  0|    4|           1|           4|
    |select_ln59_4120_fu_277250_p3  |    select|   0|  0|    2|           1|           1|
    |select_ln59_4121_fu_277278_p3  |    select|   0|  0|    2|           1|           1|
    |select_ln59_4122_fu_317536_p3  |    select|   0|  0|    5|           1|           3|
    |select_ln59_4123_fu_317548_p3  |    select|   0|  0|    4|           1|           4|
    |select_ln59_4124_fu_277411_p3  |    select|   0|  0|    2|           1|           1|
    |select_ln59_4125_fu_277439_p3  |    select|   0|  0|    2|           1|           1|
    |select_ln59_4126_fu_317575_p3  |    select|   0|  0|    5|           1|           3|
    |select_ln59_4127_fu_317587_p3  |    select|   0|  0|    4|           1|           4|
    |select_ln59_4128_fu_277572_p3  |    select|   0|  0|    2|           1|           1|
    |select_ln59_4129_fu_277600_p3  |    select|   0|  0|    2|           1|           1|
    |select_ln59_4130_fu_317614_p3  |    select|   0|  0|    5|           1|           3|
    |select_ln59_4131_fu_317626_p3  |    select|   0|  0|    4|           1|           4|
    |select_ln59_4132_fu_277733_p3  |    select|   0|  0|    2|           1|           1|
    |select_ln59_4133_fu_277761_p3  |    select|   0|  0|    2|           1|           1|
    |select_ln59_4134_fu_317653_p3  |    select|   0|  0|    5|           1|           3|
    |select_ln59_4135_fu_317665_p3  |    select|   0|  0|    4|           1|           4|
    |select_ln59_4136_fu_277894_p3  |    select|   0|  0|    2|           1|           1|
    |select_ln59_4137_fu_277922_p3  |    select|   0|  0|    2|           1|           1|
    |select_ln59_4138_fu_317692_p3  |    select|   0|  0|    5|           1|           3|
    |select_ln59_4139_fu_317704_p3  |    select|   0|  0|    4|           1|           4|
    |select_ln59_4140_fu_278055_p3  |    select|   0|  0|    2|           1|           1|
    |select_ln59_4141_fu_278083_p3  |    select|   0|  0|    2|           1|           1|
    |select_ln59_4142_fu_317731_p3  |    select|   0|  0|    5|           1|           3|
    |select_ln59_4143_fu_317743_p3  |    select|   0|  0|    4|           1|           4|
    |select_ln59_4144_fu_278216_p3  |    select|   0|  0|    2|           1|           1|
    |select_ln59_4145_fu_278244_p3  |    select|   0|  0|    2|           1|           1|
    |select_ln59_4146_fu_317770_p3  |    select|   0|  0|    5|           1|           3|
    |select_ln59_4147_fu_317782_p3  |    select|   0|  0|    4|           1|           4|
    |select_ln59_4148_fu_278377_p3  |    select|   0|  0|    2|           1|           1|
    |select_ln59_4149_fu_278405_p3  |    select|   0|  0|    2|           1|           1|
    |select_ln59_4150_fu_317809_p3  |    select|   0|  0|    5|           1|           3|
    |select_ln59_4151_fu_317821_p3  |    select|   0|  0|    4|           1|           4|
    |select_ln59_4152_fu_278538_p3  |    select|   0|  0|    2|           1|           1|
    |select_ln59_4153_fu_278566_p3  |    select|   0|  0|    2|           1|           1|
    |select_ln59_4154_fu_317848_p3  |    select|   0|  0|    5|           1|           3|
    |select_ln59_4155_fu_317860_p3  |    select|   0|  0|    4|           1|           4|
    |select_ln59_4156_fu_278699_p3  |    select|   0|  0|    2|           1|           1|
    |select_ln59_4157_fu_278727_p3  |    select|   0|  0|    2|           1|           1|
    |select_ln59_4158_fu_317887_p3  |    select|   0|  0|    5|           1|           3|
    |select_ln59_4159_fu_317899_p3  |    select|   0|  0|    4|           1|           4|
    |select_ln59_4160_fu_278860_p3  |    select|   0|  0|    2|           1|           1|
    |select_ln59_4161_fu_278888_p3  |    select|   0|  0|    2|           1|           1|
    |select_ln59_4162_fu_317926_p3  |    select|   0|  0|    5|           1|           3|
    |select_ln59_4163_fu_317938_p3  |    select|   0|  0|    4|           1|           4|
    |select_ln59_4164_fu_279021_p3  |    select|   0|  0|    2|           1|           1|
    |select_ln59_4165_fu_279049_p3  |    select|   0|  0|    2|           1|           1|
    |select_ln59_4166_fu_317965_p3  |    select|   0|  0|    5|           1|           3|
    |select_ln59_4167_fu_317977_p3  |    select|   0|  0|    4|           1|           4|
    |select_ln59_4168_fu_279182_p3  |    select|   0|  0|    2|           1|           1|
    |select_ln59_4169_fu_279210_p3  |    select|   0|  0|    2|           1|           1|
    |select_ln59_4170_fu_318004_p3  |    select|   0|  0|    5|           1|           3|
    |select_ln59_4171_fu_318016_p3  |    select|   0|  0|    4|           1|           4|
    |select_ln59_4172_fu_279343_p3  |    select|   0|  0|    2|           1|           1|
    |select_ln59_4173_fu_279371_p3  |    select|   0|  0|    2|           1|           1|
    |select_ln59_4174_fu_318043_p3  |    select|   0|  0|    5|           1|           3|
    |select_ln59_4175_fu_318055_p3  |    select|   0|  0|    4|           1|           4|
    |select_ln59_4176_fu_279504_p3  |    select|   0|  0|    2|           1|           1|
    |select_ln59_4177_fu_279532_p3  |    select|   0|  0|    2|           1|           1|
    |select_ln59_4178_fu_318082_p3  |    select|   0|  0|    5|           1|           3|
    |select_ln59_4179_fu_318094_p3  |    select|   0|  0|    4|           1|           4|
    |select_ln59_4180_fu_279665_p3  |    select|   0|  0|    2|           1|           1|
    |select_ln59_4181_fu_279693_p3  |    select|   0|  0|    2|           1|           1|
    |select_ln59_4182_fu_318121_p3  |    select|   0|  0|    5|           1|           3|
    |select_ln59_4183_fu_318133_p3  |    select|   0|  0|    4|           1|           4|
    |select_ln59_4184_fu_279826_p3  |    select|   0|  0|    2|           1|           1|
    |select_ln59_4185_fu_279854_p3  |    select|   0|  0|    2|           1|           1|
    |select_ln59_4186_fu_318160_p3  |    select|   0|  0|    5|           1|           3|
    |select_ln59_4187_fu_318172_p3  |    select|   0|  0|    4|           1|           4|
    |select_ln59_4188_fu_279987_p3  |    select|   0|  0|    2|           1|           1|
    |select_ln59_4189_fu_280015_p3  |    select|   0|  0|    2|           1|           1|
    |select_ln59_4190_fu_318199_p3  |    select|   0|  0|    5|           1|           3|
    |select_ln59_4191_fu_318211_p3  |    select|   0|  0|    4|           1|           4|
    |select_ln59_4192_fu_280148_p3  |    select|   0|  0|    2|           1|           1|
    |select_ln59_4193_fu_280176_p3  |    select|   0|  0|    2|           1|           1|
    |select_ln59_4194_fu_318238_p3  |    select|   0|  0|    5|           1|           3|
    |select_ln59_4195_fu_318250_p3  |    select|   0|  0|    4|           1|           4|
    |select_ln59_4196_fu_280309_p3  |    select|   0|  0|    2|           1|           1|
    |select_ln59_4197_fu_280337_p3  |    select|   0|  0|    2|           1|           1|
    |select_ln59_4198_fu_318277_p3  |    select|   0|  0|    5|           1|           3|
    |select_ln59_4199_fu_318289_p3  |    select|   0|  0|    4|           1|           4|
    |select_ln59_4200_fu_280470_p3  |    select|   0|  0|    2|           1|           1|
    |select_ln59_4201_fu_280498_p3  |    select|   0|  0|    2|           1|           1|
    |select_ln59_4202_fu_318316_p3  |    select|   0|  0|    5|           1|           3|
    |select_ln59_4203_fu_318328_p3  |    select|   0|  0|    4|           1|           4|
    |select_ln59_4204_fu_280631_p3  |    select|   0|  0|    2|           1|           1|
    |select_ln59_4205_fu_280659_p3  |    select|   0|  0|    2|           1|           1|
    |select_ln59_4206_fu_318355_p3  |    select|   0|  0|    5|           1|           3|
    |select_ln59_4207_fu_318367_p3  |    select|   0|  0|    4|           1|           4|
    |select_ln59_4208_fu_280792_p3  |    select|   0|  0|    2|           1|           1|
    |select_ln59_4209_fu_280820_p3  |    select|   0|  0|    2|           1|           1|
    |select_ln59_4210_fu_318394_p3  |    select|   0|  0|    5|           1|           3|
    |select_ln59_4211_fu_318406_p3  |    select|   0|  0|    4|           1|           4|
    |select_ln59_4212_fu_280953_p3  |    select|   0|  0|    2|           1|           1|
    |select_ln59_4213_fu_280981_p3  |    select|   0|  0|    2|           1|           1|
    |select_ln59_4214_fu_318433_p3  |    select|   0|  0|    5|           1|           3|
    |select_ln59_4215_fu_318445_p3  |    select|   0|  0|    4|           1|           4|
    |select_ln59_4216_fu_281114_p3  |    select|   0|  0|    2|           1|           1|
    |select_ln59_4217_fu_281142_p3  |    select|   0|  0|    2|           1|           1|
    |select_ln59_4218_fu_318472_p3  |    select|   0|  0|    5|           1|           3|
    |select_ln59_4219_fu_318484_p3  |    select|   0|  0|    4|           1|           4|
    |select_ln59_4220_fu_281275_p3  |    select|   0|  0|    2|           1|           1|
    |select_ln59_4221_fu_281303_p3  |    select|   0|  0|    2|           1|           1|
    |select_ln59_4222_fu_318511_p3  |    select|   0|  0|    5|           1|           3|
    |select_ln59_4223_fu_318523_p3  |    select|   0|  0|    4|           1|           4|
    |select_ln59_4224_fu_281436_p3  |    select|   0|  0|    2|           1|           1|
    |select_ln59_4225_fu_281464_p3  |    select|   0|  0|    2|           1|           1|
    |select_ln59_4226_fu_318550_p3  |    select|   0|  0|    5|           1|           3|
    |select_ln59_4227_fu_318562_p3  |    select|   0|  0|    4|           1|           4|
    |select_ln59_4228_fu_281597_p3  |    select|   0|  0|    2|           1|           1|
    |select_ln59_4229_fu_281625_p3  |    select|   0|  0|    2|           1|           1|
    |select_ln59_4230_fu_318589_p3  |    select|   0|  0|    5|           1|           3|
    |select_ln59_4231_fu_318601_p3  |    select|   0|  0|    4|           1|           4|
    |select_ln59_4232_fu_281758_p3  |    select|   0|  0|    2|           1|           1|
    |select_ln59_4233_fu_281786_p3  |    select|   0|  0|    2|           1|           1|
    |select_ln59_4234_fu_318628_p3  |    select|   0|  0|    5|           1|           3|
    |select_ln59_4235_fu_318640_p3  |    select|   0|  0|    4|           1|           4|
    |select_ln59_4236_fu_281919_p3  |    select|   0|  0|    2|           1|           1|
    |select_ln59_4237_fu_281947_p3  |    select|   0|  0|    2|           1|           1|
    |select_ln59_4238_fu_318667_p3  |    select|   0|  0|    5|           1|           3|
    |select_ln59_4239_fu_318679_p3  |    select|   0|  0|    4|           1|           4|
    |select_ln59_4240_fu_282080_p3  |    select|   0|  0|    2|           1|           1|
    |select_ln59_4241_fu_282108_p3  |    select|   0|  0|    2|           1|           1|
    |select_ln59_4242_fu_318706_p3  |    select|   0|  0|    5|           1|           3|
    |select_ln59_4243_fu_318718_p3  |    select|   0|  0|    4|           1|           4|
    |select_ln59_4244_fu_282241_p3  |    select|   0|  0|    2|           1|           1|
    |select_ln59_4245_fu_282269_p3  |    select|   0|  0|    2|           1|           1|
    |select_ln59_4246_fu_318745_p3  |    select|   0|  0|    5|           1|           3|
    |select_ln59_4247_fu_318757_p3  |    select|   0|  0|    4|           1|           4|
    |select_ln59_4248_fu_282402_p3  |    select|   0|  0|    2|           1|           1|
    |select_ln59_4249_fu_282430_p3  |    select|   0|  0|    2|           1|           1|
    |select_ln59_4250_fu_318784_p3  |    select|   0|  0|    5|           1|           3|
    |select_ln59_4251_fu_318796_p3  |    select|   0|  0|    4|           1|           4|
    |select_ln59_4252_fu_282563_p3  |    select|   0|  0|    2|           1|           1|
    |select_ln59_4253_fu_282591_p3  |    select|   0|  0|    2|           1|           1|
    |select_ln59_4254_fu_318823_p3  |    select|   0|  0|    5|           1|           3|
    |select_ln59_4255_fu_318835_p3  |    select|   0|  0|    4|           1|           4|
    |select_ln59_4256_fu_282724_p3  |    select|   0|  0|    2|           1|           1|
    |select_ln59_4257_fu_282752_p3  |    select|   0|  0|    2|           1|           1|
    |select_ln59_4258_fu_318862_p3  |    select|   0|  0|    5|           1|           3|
    |select_ln59_4259_fu_318874_p3  |    select|   0|  0|    4|           1|           4|
    |select_ln59_4260_fu_282885_p3  |    select|   0|  0|    2|           1|           1|
    |select_ln59_4261_fu_282913_p3  |    select|   0|  0|    2|           1|           1|
    |select_ln59_4262_fu_318901_p3  |    select|   0|  0|    5|           1|           3|
    |select_ln59_4263_fu_318913_p3  |    select|   0|  0|    4|           1|           4|
    |select_ln59_4264_fu_283046_p3  |    select|   0|  0|    2|           1|           1|
    |select_ln59_4265_fu_283074_p3  |    select|   0|  0|    2|           1|           1|
    |select_ln59_4266_fu_318940_p3  |    select|   0|  0|    5|           1|           3|
    |select_ln59_4267_fu_318952_p3  |    select|   0|  0|    4|           1|           4|
    |select_ln59_4268_fu_283207_p3  |    select|   0|  0|    2|           1|           1|
    |select_ln59_4269_fu_283235_p3  |    select|   0|  0|    2|           1|           1|
    |select_ln59_4270_fu_318979_p3  |    select|   0|  0|    5|           1|           3|
    |select_ln59_4271_fu_318991_p3  |    select|   0|  0|    4|           1|           4|
    |select_ln59_4272_fu_283368_p3  |    select|   0|  0|    2|           1|           1|
    |select_ln59_4273_fu_283396_p3  |    select|   0|  0|    2|           1|           1|
    |select_ln59_4274_fu_319018_p3  |    select|   0|  0|    5|           1|           3|
    |select_ln59_4275_fu_319030_p3  |    select|   0|  0|    4|           1|           4|
    |select_ln59_4276_fu_283529_p3  |    select|   0|  0|    2|           1|           1|
    |select_ln59_4277_fu_283557_p3  |    select|   0|  0|    2|           1|           1|
    |select_ln59_4278_fu_319057_p3  |    select|   0|  0|    5|           1|           3|
    |select_ln59_4279_fu_319069_p3  |    select|   0|  0|    4|           1|           4|
    |select_ln59_4280_fu_283690_p3  |    select|   0|  0|    2|           1|           1|
    |select_ln59_4281_fu_283718_p3  |    select|   0|  0|    2|           1|           1|
    |select_ln59_4282_fu_319096_p3  |    select|   0|  0|    5|           1|           3|
    |select_ln59_4283_fu_319108_p3  |    select|   0|  0|    4|           1|           4|
    |select_ln59_4284_fu_283851_p3  |    select|   0|  0|    2|           1|           1|
    |select_ln59_4285_fu_283879_p3  |    select|   0|  0|    2|           1|           1|
    |select_ln59_4286_fu_319135_p3  |    select|   0|  0|    5|           1|           3|
    |select_ln59_4287_fu_319147_p3  |    select|   0|  0|    4|           1|           4|
    |select_ln59_4288_fu_284012_p3  |    select|   0|  0|    2|           1|           1|
    |select_ln59_4289_fu_284040_p3  |    select|   0|  0|    2|           1|           1|
    |select_ln59_4290_fu_319174_p3  |    select|   0|  0|    5|           1|           3|
    |select_ln59_4291_fu_319186_p3  |    select|   0|  0|    4|           1|           4|
    |select_ln59_4292_fu_284173_p3  |    select|   0|  0|    2|           1|           1|
    |select_ln59_4293_fu_284201_p3  |    select|   0|  0|    2|           1|           1|
    |select_ln59_4294_fu_319213_p3  |    select|   0|  0|    5|           1|           3|
    |select_ln59_4295_fu_319225_p3  |    select|   0|  0|    4|           1|           4|
    |select_ln59_4296_fu_284334_p3  |    select|   0|  0|    2|           1|           1|
    |select_ln59_4297_fu_284362_p3  |    select|   0|  0|    2|           1|           1|
    |select_ln59_4298_fu_319252_p3  |    select|   0|  0|    5|           1|           3|
    |select_ln59_4299_fu_319264_p3  |    select|   0|  0|    4|           1|           4|
    |select_ln59_4300_fu_284495_p3  |    select|   0|  0|    2|           1|           1|
    |select_ln59_4301_fu_284523_p3  |    select|   0|  0|    2|           1|           1|
    |select_ln59_4302_fu_319291_p3  |    select|   0|  0|    5|           1|           3|
    |select_ln59_4303_fu_319303_p3  |    select|   0|  0|    4|           1|           4|
    |select_ln59_4304_fu_284656_p3  |    select|   0|  0|    2|           1|           1|
    |select_ln59_4305_fu_284684_p3  |    select|   0|  0|    2|           1|           1|
    |select_ln59_4306_fu_319330_p3  |    select|   0|  0|    5|           1|           3|
    |select_ln59_4307_fu_319342_p3  |    select|   0|  0|    4|           1|           4|
    |select_ln59_4308_fu_284817_p3  |    select|   0|  0|    2|           1|           1|
    |select_ln59_4309_fu_284845_p3  |    select|   0|  0|    2|           1|           1|
    |select_ln59_4310_fu_319369_p3  |    select|   0|  0|    5|           1|           3|
    |select_ln59_4311_fu_319381_p3  |    select|   0|  0|    4|           1|           4|
    |select_ln59_4312_fu_284978_p3  |    select|   0|  0|    2|           1|           1|
    |select_ln59_4313_fu_285006_p3  |    select|   0|  0|    2|           1|           1|
    |select_ln59_4314_fu_319408_p3  |    select|   0|  0|    5|           1|           3|
    |select_ln59_4315_fu_319420_p3  |    select|   0|  0|    4|           1|           4|
    |select_ln59_4316_fu_285139_p3  |    select|   0|  0|    2|           1|           1|
    |select_ln59_4317_fu_285167_p3  |    select|   0|  0|    2|           1|           1|
    |select_ln59_4318_fu_319447_p3  |    select|   0|  0|    5|           1|           3|
    |select_ln59_4319_fu_319459_p3  |    select|   0|  0|    4|           1|           4|
    |select_ln59_4320_fu_285300_p3  |    select|   0|  0|    2|           1|           1|
    |select_ln59_4321_fu_285328_p3  |    select|   0|  0|    2|           1|           1|
    |select_ln59_4322_fu_319486_p3  |    select|   0|  0|    5|           1|           3|
    |select_ln59_4323_fu_319498_p3  |    select|   0|  0|    4|           1|           4|
    |select_ln59_4324_fu_285461_p3  |    select|   0|  0|    2|           1|           1|
    |select_ln59_4325_fu_285489_p3  |    select|   0|  0|    2|           1|           1|
    |select_ln59_4326_fu_319525_p3  |    select|   0|  0|    5|           1|           3|
    |select_ln59_4327_fu_319537_p3  |    select|   0|  0|    4|           1|           4|
    |select_ln59_4328_fu_285622_p3  |    select|   0|  0|    2|           1|           1|
    |select_ln59_4329_fu_285650_p3  |    select|   0|  0|    2|           1|           1|
    |select_ln59_4330_fu_319564_p3  |    select|   0|  0|    5|           1|           3|
    |select_ln59_4331_fu_319576_p3  |    select|   0|  0|    4|           1|           4|
    |select_ln59_4332_fu_285783_p3  |    select|   0|  0|    2|           1|           1|
    |select_ln59_4333_fu_285811_p3  |    select|   0|  0|    2|           1|           1|
    |select_ln59_4334_fu_319603_p3  |    select|   0|  0|    5|           1|           3|
    |select_ln59_4335_fu_319615_p3  |    select|   0|  0|    4|           1|           4|
    |select_ln59_4336_fu_285944_p3  |    select|   0|  0|    2|           1|           1|
    |select_ln59_4337_fu_285972_p3  |    select|   0|  0|    2|           1|           1|
    |select_ln59_4338_fu_319642_p3  |    select|   0|  0|    5|           1|           3|
    |select_ln59_4339_fu_319654_p3  |    select|   0|  0|    4|           1|           4|
    |select_ln59_4340_fu_286105_p3  |    select|   0|  0|    2|           1|           1|
    |select_ln59_4341_fu_286133_p3  |    select|   0|  0|    2|           1|           1|
    |select_ln59_4342_fu_319681_p3  |    select|   0|  0|    5|           1|           3|
    |select_ln59_4343_fu_319693_p3  |    select|   0|  0|    4|           1|           4|
    |select_ln59_4344_fu_286266_p3  |    select|   0|  0|    2|           1|           1|
    |select_ln59_4345_fu_286294_p3  |    select|   0|  0|    2|           1|           1|
    |select_ln59_4346_fu_319720_p3  |    select|   0|  0|    5|           1|           3|
    |select_ln59_4347_fu_319732_p3  |    select|   0|  0|    4|           1|           4|
    |select_ln59_4348_fu_286427_p3  |    select|   0|  0|    2|           1|           1|
    |select_ln59_4349_fu_286455_p3  |    select|   0|  0|    2|           1|           1|
    |select_ln59_4350_fu_319759_p3  |    select|   0|  0|    5|           1|           3|
    |select_ln59_4351_fu_319771_p3  |    select|   0|  0|    4|           1|           4|
    |select_ln59_4352_fu_286588_p3  |    select|   0|  0|    2|           1|           1|
    |select_ln59_4353_fu_286616_p3  |    select|   0|  0|    2|           1|           1|
    |select_ln59_4354_fu_319798_p3  |    select|   0|  0|    5|           1|           3|
    |select_ln59_4355_fu_319810_p3  |    select|   0|  0|    4|           1|           4|
    |select_ln59_4356_fu_286749_p3  |    select|   0|  0|    2|           1|           1|
    |select_ln59_4357_fu_286777_p3  |    select|   0|  0|    2|           1|           1|
    |select_ln59_4358_fu_319837_p3  |    select|   0|  0|    5|           1|           3|
    |select_ln59_4359_fu_319849_p3  |    select|   0|  0|    4|           1|           4|
    |select_ln59_4360_fu_286910_p3  |    select|   0|  0|    2|           1|           1|
    |select_ln59_4361_fu_286938_p3  |    select|   0|  0|    2|           1|           1|
    |select_ln59_4362_fu_319876_p3  |    select|   0|  0|    5|           1|           3|
    |select_ln59_4363_fu_319888_p3  |    select|   0|  0|    4|           1|           4|
    |select_ln59_4364_fu_287071_p3  |    select|   0|  0|    2|           1|           1|
    |select_ln59_4365_fu_287099_p3  |    select|   0|  0|    2|           1|           1|
    |select_ln59_4366_fu_319915_p3  |    select|   0|  0|    5|           1|           3|
    |select_ln59_4367_fu_319927_p3  |    select|   0|  0|    4|           1|           4|
    |select_ln59_4368_fu_287232_p3  |    select|   0|  0|    2|           1|           1|
    |select_ln59_4369_fu_287260_p3  |    select|   0|  0|    2|           1|           1|
    |select_ln59_4370_fu_319954_p3  |    select|   0|  0|    5|           1|           3|
    |select_ln59_4371_fu_319966_p3  |    select|   0|  0|    4|           1|           4|
    |select_ln59_4372_fu_287393_p3  |    select|   0|  0|    2|           1|           1|
    |select_ln59_4373_fu_287421_p3  |    select|   0|  0|    2|           1|           1|
    |select_ln59_4374_fu_319993_p3  |    select|   0|  0|    5|           1|           3|
    |select_ln59_4375_fu_320005_p3  |    select|   0|  0|    4|           1|           4|
    |select_ln59_4376_fu_287554_p3  |    select|   0|  0|    2|           1|           1|
    |select_ln59_4377_fu_287582_p3  |    select|   0|  0|    2|           1|           1|
    |select_ln59_4378_fu_320032_p3  |    select|   0|  0|    5|           1|           3|
    |select_ln59_4379_fu_320044_p3  |    select|   0|  0|    4|           1|           4|
    |select_ln59_4380_fu_287715_p3  |    select|   0|  0|    2|           1|           1|
    |select_ln59_4381_fu_287743_p3  |    select|   0|  0|    2|           1|           1|
    |select_ln59_4382_fu_320071_p3  |    select|   0|  0|    5|           1|           3|
    |select_ln59_4383_fu_320083_p3  |    select|   0|  0|    4|           1|           4|
    |select_ln59_4384_fu_287876_p3  |    select|   0|  0|    2|           1|           1|
    |select_ln59_4385_fu_287904_p3  |    select|   0|  0|    2|           1|           1|
    |select_ln59_4386_fu_320110_p3  |    select|   0|  0|    5|           1|           3|
    |select_ln59_4387_fu_320122_p3  |    select|   0|  0|    4|           1|           4|
    |select_ln59_4388_fu_288037_p3  |    select|   0|  0|    2|           1|           1|
    |select_ln59_4389_fu_288065_p3  |    select|   0|  0|    2|           1|           1|
    |select_ln59_4390_fu_320149_p3  |    select|   0|  0|    5|           1|           3|
    |select_ln59_4391_fu_320161_p3  |    select|   0|  0|    4|           1|           4|
    |select_ln59_4392_fu_288198_p3  |    select|   0|  0|    2|           1|           1|
    |select_ln59_4393_fu_288226_p3  |    select|   0|  0|    2|           1|           1|
    |select_ln59_4394_fu_320188_p3  |    select|   0|  0|    5|           1|           3|
    |select_ln59_4395_fu_320200_p3  |    select|   0|  0|    4|           1|           4|
    |select_ln59_4396_fu_288359_p3  |    select|   0|  0|    2|           1|           1|
    |select_ln59_4397_fu_288387_p3  |    select|   0|  0|    2|           1|           1|
    |select_ln59_4398_fu_320227_p3  |    select|   0|  0|    5|           1|           3|
    |select_ln59_4399_fu_320239_p3  |    select|   0|  0|    4|           1|           4|
    |select_ln59_4400_fu_288520_p3  |    select|   0|  0|    2|           1|           1|
    |select_ln59_4401_fu_288548_p3  |    select|   0|  0|    2|           1|           1|
    |select_ln59_4402_fu_320266_p3  |    select|   0|  0|    5|           1|           3|
    |select_ln59_4403_fu_320278_p3  |    select|   0|  0|    4|           1|           4|
    |select_ln59_4404_fu_288681_p3  |    select|   0|  0|    2|           1|           1|
    |select_ln59_4405_fu_288709_p3  |    select|   0|  0|    2|           1|           1|
    |select_ln59_4406_fu_320305_p3  |    select|   0|  0|    5|           1|           3|
    |select_ln59_4407_fu_320317_p3  |    select|   0|  0|    4|           1|           4|
    |select_ln59_4408_fu_288842_p3  |    select|   0|  0|    2|           1|           1|
    |select_ln59_4409_fu_288870_p3  |    select|   0|  0|    2|           1|           1|
    |select_ln59_4410_fu_320344_p3  |    select|   0|  0|    5|           1|           3|
    |select_ln59_4411_fu_320356_p3  |    select|   0|  0|    4|           1|           4|
    |select_ln59_4412_fu_289003_p3  |    select|   0|  0|    2|           1|           1|
    |select_ln59_4413_fu_289031_p3  |    select|   0|  0|    2|           1|           1|
    |select_ln59_4414_fu_320383_p3  |    select|   0|  0|    5|           1|           3|
    |select_ln59_4415_fu_320395_p3  |    select|   0|  0|    4|           1|           4|
    |select_ln59_4416_fu_289164_p3  |    select|   0|  0|    2|           1|           1|
    |select_ln59_4417_fu_289192_p3  |    select|   0|  0|    2|           1|           1|
    |select_ln59_4418_fu_320422_p3  |    select|   0|  0|    5|           1|           3|
    |select_ln59_4419_fu_320434_p3  |    select|   0|  0|    4|           1|           4|
    |select_ln59_4420_fu_289325_p3  |    select|   0|  0|    2|           1|           1|
    |select_ln59_4421_fu_289353_p3  |    select|   0|  0|    2|           1|           1|
    |select_ln59_4422_fu_320461_p3  |    select|   0|  0|    5|           1|           3|
    |select_ln59_4423_fu_320473_p3  |    select|   0|  0|    4|           1|           4|
    |select_ln59_4424_fu_289486_p3  |    select|   0|  0|    2|           1|           1|
    |select_ln59_4425_fu_289514_p3  |    select|   0|  0|    2|           1|           1|
    |select_ln59_4426_fu_320500_p3  |    select|   0|  0|    5|           1|           3|
    |select_ln59_4427_fu_320512_p3  |    select|   0|  0|    4|           1|           4|
    |select_ln59_4428_fu_289647_p3  |    select|   0|  0|    2|           1|           1|
    |select_ln59_4429_fu_289675_p3  |    select|   0|  0|    2|           1|           1|
    |select_ln59_4430_fu_320539_p3  |    select|   0|  0|    5|           1|           3|
    |select_ln59_4431_fu_320551_p3  |    select|   0|  0|    4|           1|           4|
    |select_ln59_4432_fu_289808_p3  |    select|   0|  0|    2|           1|           1|
    |select_ln59_4433_fu_289836_p3  |    select|   0|  0|    2|           1|           1|
    |select_ln59_4434_fu_320578_p3  |    select|   0|  0|    5|           1|           3|
    |select_ln59_4435_fu_320590_p3  |    select|   0|  0|    4|           1|           4|
    |select_ln59_4436_fu_289969_p3  |    select|   0|  0|    2|           1|           1|
    |select_ln59_4437_fu_289997_p3  |    select|   0|  0|    2|           1|           1|
    |select_ln59_4438_fu_320617_p3  |    select|   0|  0|    5|           1|           3|
    |select_ln59_4439_fu_320629_p3  |    select|   0|  0|    4|           1|           4|
    |select_ln59_4440_fu_290130_p3  |    select|   0|  0|    2|           1|           1|
    |select_ln59_4441_fu_290158_p3  |    select|   0|  0|    2|           1|           1|
    |select_ln59_4442_fu_320656_p3  |    select|   0|  0|    5|           1|           3|
    |select_ln59_4443_fu_320668_p3  |    select|   0|  0|    4|           1|           4|
    |select_ln59_4444_fu_290291_p3  |    select|   0|  0|    2|           1|           1|
    |select_ln59_4445_fu_290319_p3  |    select|   0|  0|    2|           1|           1|
    |select_ln59_4446_fu_320695_p3  |    select|   0|  0|    5|           1|           3|
    |select_ln59_4447_fu_320707_p3  |    select|   0|  0|    4|           1|           4|
    |select_ln59_4448_fu_290452_p3  |    select|   0|  0|    2|           1|           1|
    |select_ln59_4449_fu_290480_p3  |    select|   0|  0|    2|           1|           1|
    |select_ln59_4450_fu_320734_p3  |    select|   0|  0|    5|           1|           3|
    |select_ln59_4451_fu_320746_p3  |    select|   0|  0|    4|           1|           4|
    |select_ln59_4452_fu_290613_p3  |    select|   0|  0|    2|           1|           1|
    |select_ln59_4453_fu_290641_p3  |    select|   0|  0|    2|           1|           1|
    |select_ln59_4454_fu_320773_p3  |    select|   0|  0|    5|           1|           3|
    |select_ln59_4455_fu_320785_p3  |    select|   0|  0|    4|           1|           4|
    |select_ln59_4456_fu_290774_p3  |    select|   0|  0|    2|           1|           1|
    |select_ln59_4457_fu_290802_p3  |    select|   0|  0|    2|           1|           1|
    |select_ln59_4458_fu_320812_p3  |    select|   0|  0|    5|           1|           3|
    |select_ln59_4459_fu_320824_p3  |    select|   0|  0|    4|           1|           4|
    |select_ln59_4460_fu_290935_p3  |    select|   0|  0|    2|           1|           1|
    |select_ln59_4461_fu_290963_p3  |    select|   0|  0|    2|           1|           1|
    |select_ln59_4462_fu_320851_p3  |    select|   0|  0|    5|           1|           3|
    |select_ln59_4463_fu_320863_p3  |    select|   0|  0|    4|           1|           4|
    |select_ln59_4464_fu_291096_p3  |    select|   0|  0|    2|           1|           1|
    |select_ln59_4465_fu_291124_p3  |    select|   0|  0|    2|           1|           1|
    |select_ln59_4466_fu_320890_p3  |    select|   0|  0|    5|           1|           3|
    |select_ln59_4467_fu_320902_p3  |    select|   0|  0|    4|           1|           4|
    |select_ln59_4468_fu_291257_p3  |    select|   0|  0|    2|           1|           1|
    |select_ln59_4469_fu_291285_p3  |    select|   0|  0|    2|           1|           1|
    |select_ln59_4470_fu_320929_p3  |    select|   0|  0|    5|           1|           3|
    |select_ln59_4471_fu_320941_p3  |    select|   0|  0|    4|           1|           4|
    |select_ln59_4472_fu_291418_p3  |    select|   0|  0|    2|           1|           1|
    |select_ln59_4473_fu_291446_p3  |    select|   0|  0|    2|           1|           1|
    |select_ln59_4474_fu_320968_p3  |    select|   0|  0|    5|           1|           3|
    |select_ln59_4475_fu_320980_p3  |    select|   0|  0|    4|           1|           4|
    |select_ln59_4476_fu_291579_p3  |    select|   0|  0|    2|           1|           1|
    |select_ln59_4477_fu_291607_p3  |    select|   0|  0|    2|           1|           1|
    |select_ln59_4478_fu_321007_p3  |    select|   0|  0|    5|           1|           3|
    |select_ln59_4479_fu_321019_p3  |    select|   0|  0|    4|           1|           4|
    |select_ln59_4480_fu_291740_p3  |    select|   0|  0|    2|           1|           1|
    |select_ln59_4481_fu_291768_p3  |    select|   0|  0|    2|           1|           1|
    |select_ln59_4482_fu_321046_p3  |    select|   0|  0|    5|           1|           3|
    |select_ln59_4483_fu_321058_p3  |    select|   0|  0|    4|           1|           4|
    |select_ln59_4484_fu_291901_p3  |    select|   0|  0|    2|           1|           1|
    |select_ln59_4485_fu_291929_p3  |    select|   0|  0|    2|           1|           1|
    |select_ln59_4486_fu_321085_p3  |    select|   0|  0|    5|           1|           3|
    |select_ln59_4487_fu_321097_p3  |    select|   0|  0|    4|           1|           4|
    |select_ln59_4488_fu_292062_p3  |    select|   0|  0|    2|           1|           1|
    |select_ln59_4489_fu_292090_p3  |    select|   0|  0|    2|           1|           1|
    |select_ln59_4490_fu_321124_p3  |    select|   0|  0|    5|           1|           3|
    |select_ln59_4491_fu_321136_p3  |    select|   0|  0|    4|           1|           4|
    |select_ln59_4492_fu_292223_p3  |    select|   0|  0|    2|           1|           1|
    |select_ln59_4493_fu_292251_p3  |    select|   0|  0|    2|           1|           1|
    |select_ln59_4494_fu_321163_p3  |    select|   0|  0|    5|           1|           3|
    |select_ln59_4495_fu_321175_p3  |    select|   0|  0|    4|           1|           4|
    |select_ln59_4496_fu_292384_p3  |    select|   0|  0|    2|           1|           1|
    |select_ln59_4497_fu_292412_p3  |    select|   0|  0|    2|           1|           1|
    |select_ln59_4498_fu_321202_p3  |    select|   0|  0|    5|           1|           3|
    |select_ln59_4499_fu_321214_p3  |    select|   0|  0|    4|           1|           4|
    |select_ln59_4500_fu_292545_p3  |    select|   0|  0|    2|           1|           1|
    |select_ln59_4501_fu_292573_p3  |    select|   0|  0|    2|           1|           1|
    |select_ln59_4502_fu_321241_p3  |    select|   0|  0|    5|           1|           3|
    |select_ln59_4503_fu_321253_p3  |    select|   0|  0|    4|           1|           4|
    |select_ln59_4504_fu_292706_p3  |    select|   0|  0|    2|           1|           1|
    |select_ln59_4505_fu_292734_p3  |    select|   0|  0|    2|           1|           1|
    |select_ln59_4506_fu_321280_p3  |    select|   0|  0|    5|           1|           3|
    |select_ln59_4507_fu_321292_p3  |    select|   0|  0|    4|           1|           4|
    |select_ln59_4508_fu_292867_p3  |    select|   0|  0|    2|           1|           1|
    |select_ln59_4509_fu_292895_p3  |    select|   0|  0|    2|           1|           1|
    |select_ln59_4510_fu_321319_p3  |    select|   0|  0|    5|           1|           3|
    |select_ln59_4511_fu_321331_p3  |    select|   0|  0|    4|           1|           4|
    |select_ln59_4512_fu_293028_p3  |    select|   0|  0|    2|           1|           1|
    |select_ln59_4513_fu_293056_p3  |    select|   0|  0|    2|           1|           1|
    |select_ln59_4514_fu_321358_p3  |    select|   0|  0|    5|           1|           3|
    |select_ln59_4515_fu_321370_p3  |    select|   0|  0|    4|           1|           4|
    |select_ln59_4516_fu_293189_p3  |    select|   0|  0|    2|           1|           1|
    |select_ln59_4517_fu_293217_p3  |    select|   0|  0|    2|           1|           1|
    |select_ln59_4518_fu_321397_p3  |    select|   0|  0|    5|           1|           3|
    |select_ln59_4519_fu_321409_p3  |    select|   0|  0|    4|           1|           4|
    |select_ln59_4520_fu_293350_p3  |    select|   0|  0|    2|           1|           1|
    |select_ln59_4521_fu_293378_p3  |    select|   0|  0|    2|           1|           1|
    |select_ln59_4522_fu_321436_p3  |    select|   0|  0|    5|           1|           3|
    |select_ln59_4523_fu_321448_p3  |    select|   0|  0|    4|           1|           4|
    |select_ln59_4524_fu_293511_p3  |    select|   0|  0|    2|           1|           1|
    |select_ln59_4525_fu_293539_p3  |    select|   0|  0|    2|           1|           1|
    |select_ln59_4526_fu_321475_p3  |    select|   0|  0|    5|           1|           3|
    |select_ln59_4527_fu_321487_p3  |    select|   0|  0|    4|           1|           4|
    |select_ln59_4528_fu_293672_p3  |    select|   0|  0|    2|           1|           1|
    |select_ln59_4529_fu_293700_p3  |    select|   0|  0|    2|           1|           1|
    |select_ln59_4530_fu_321514_p3  |    select|   0|  0|    5|           1|           3|
    |select_ln59_4531_fu_321526_p3  |    select|   0|  0|    4|           1|           4|
    |select_ln59_4532_fu_293833_p3  |    select|   0|  0|    2|           1|           1|
    |select_ln59_4533_fu_293861_p3  |    select|   0|  0|    2|           1|           1|
    |select_ln59_4534_fu_321553_p3  |    select|   0|  0|    5|           1|           3|
    |select_ln59_4535_fu_321565_p3  |    select|   0|  0|    4|           1|           4|
    |select_ln59_4536_fu_293994_p3  |    select|   0|  0|    2|           1|           1|
    |select_ln59_4537_fu_294022_p3  |    select|   0|  0|    2|           1|           1|
    |select_ln59_4538_fu_321592_p3  |    select|   0|  0|    5|           1|           3|
    |select_ln59_4539_fu_321604_p3  |    select|   0|  0|    4|           1|           4|
    |select_ln59_4540_fu_294155_p3  |    select|   0|  0|    2|           1|           1|
    |select_ln59_4541_fu_294183_p3  |    select|   0|  0|    2|           1|           1|
    |select_ln59_4542_fu_321631_p3  |    select|   0|  0|    5|           1|           3|
    |select_ln59_4543_fu_321643_p3  |    select|   0|  0|    4|           1|           4|
    |select_ln59_4544_fu_294316_p3  |    select|   0|  0|    2|           1|           1|
    |select_ln59_4545_fu_294344_p3  |    select|   0|  0|    2|           1|           1|
    |select_ln59_4546_fu_321670_p3  |    select|   0|  0|    5|           1|           3|
    |select_ln59_4547_fu_321682_p3  |    select|   0|  0|    4|           1|           4|
    |select_ln59_4548_fu_294477_p3  |    select|   0|  0|    2|           1|           1|
    |select_ln59_4549_fu_294505_p3  |    select|   0|  0|    2|           1|           1|
    |select_ln59_4550_fu_321709_p3  |    select|   0|  0|    5|           1|           3|
    |select_ln59_4551_fu_321721_p3  |    select|   0|  0|    4|           1|           4|
    |select_ln59_4552_fu_294638_p3  |    select|   0|  0|    2|           1|           1|
    |select_ln59_4553_fu_294666_p3  |    select|   0|  0|    2|           1|           1|
    |select_ln59_4554_fu_321748_p3  |    select|   0|  0|    5|           1|           3|
    |select_ln59_4555_fu_321760_p3  |    select|   0|  0|    4|           1|           4|
    |select_ln59_4556_fu_294799_p3  |    select|   0|  0|    2|           1|           1|
    |select_ln59_4557_fu_294827_p3  |    select|   0|  0|    2|           1|           1|
    |select_ln59_4558_fu_321787_p3  |    select|   0|  0|    5|           1|           3|
    |select_ln59_4559_fu_321799_p3  |    select|   0|  0|    4|           1|           4|
    |select_ln59_4560_fu_294960_p3  |    select|   0|  0|    2|           1|           1|
    |select_ln59_4561_fu_294988_p3  |    select|   0|  0|    2|           1|           1|
    |select_ln59_4562_fu_321826_p3  |    select|   0|  0|    5|           1|           3|
    |select_ln59_4563_fu_321838_p3  |    select|   0|  0|    4|           1|           4|
    |select_ln59_4564_fu_295121_p3  |    select|   0|  0|    2|           1|           1|
    |select_ln59_4565_fu_295149_p3  |    select|   0|  0|    2|           1|           1|
    |select_ln59_4566_fu_321865_p3  |    select|   0|  0|    5|           1|           3|
    |select_ln59_4567_fu_321877_p3  |    select|   0|  0|    4|           1|           4|
    |select_ln59_4568_fu_295282_p3  |    select|   0|  0|    2|           1|           1|
    |select_ln59_4569_fu_295310_p3  |    select|   0|  0|    2|           1|           1|
    |select_ln59_4570_fu_321904_p3  |    select|   0|  0|    5|           1|           3|
    |select_ln59_4571_fu_321916_p3  |    select|   0|  0|    4|           1|           4|
    |select_ln59_4572_fu_295443_p3  |    select|   0|  0|    2|           1|           1|
    |select_ln59_4573_fu_295471_p3  |    select|   0|  0|    2|           1|           1|
    |select_ln59_4574_fu_321943_p3  |    select|   0|  0|    5|           1|           3|
    |select_ln59_4575_fu_321955_p3  |    select|   0|  0|    4|           1|           4|
    |select_ln59_4576_fu_295604_p3  |    select|   0|  0|    2|           1|           1|
    |select_ln59_4577_fu_295632_p3  |    select|   0|  0|    2|           1|           1|
    |select_ln59_4578_fu_321982_p3  |    select|   0|  0|    5|           1|           3|
    |select_ln59_4579_fu_321994_p3  |    select|   0|  0|    4|           1|           4|
    |select_ln59_4580_fu_295765_p3  |    select|   0|  0|    2|           1|           1|
    |select_ln59_4581_fu_295793_p3  |    select|   0|  0|    2|           1|           1|
    |select_ln59_4582_fu_322021_p3  |    select|   0|  0|    5|           1|           3|
    |select_ln59_4583_fu_322033_p3  |    select|   0|  0|    4|           1|           4|
    |select_ln59_4584_fu_295926_p3  |    select|   0|  0|    2|           1|           1|
    |select_ln59_4585_fu_295954_p3  |    select|   0|  0|    2|           1|           1|
    |select_ln59_4586_fu_322060_p3  |    select|   0|  0|    5|           1|           3|
    |select_ln59_4587_fu_322072_p3  |    select|   0|  0|    4|           1|           4|
    |select_ln59_4588_fu_296087_p3  |    select|   0|  0|    2|           1|           1|
    |select_ln59_4589_fu_296115_p3  |    select|   0|  0|    2|           1|           1|
    |select_ln59_4590_fu_322099_p3  |    select|   0|  0|    5|           1|           3|
    |select_ln59_4591_fu_322111_p3  |    select|   0|  0|    4|           1|           4|
    |select_ln59_4592_fu_296248_p3  |    select|   0|  0|    2|           1|           1|
    |select_ln59_4593_fu_296276_p3  |    select|   0|  0|    2|           1|           1|
    |select_ln59_4594_fu_322138_p3  |    select|   0|  0|    5|           1|           3|
    |select_ln59_4595_fu_322150_p3  |    select|   0|  0|    4|           1|           4|
    |select_ln59_4596_fu_296409_p3  |    select|   0|  0|    2|           1|           1|
    |select_ln59_4597_fu_296437_p3  |    select|   0|  0|    2|           1|           1|
    |select_ln59_4598_fu_322177_p3  |    select|   0|  0|    5|           1|           3|
    |select_ln59_4599_fu_322189_p3  |    select|   0|  0|    4|           1|           4|
    |select_ln59_4600_fu_296570_p3  |    select|   0|  0|    2|           1|           1|
    |select_ln59_4601_fu_296598_p3  |    select|   0|  0|    2|           1|           1|
    |select_ln59_4602_fu_322216_p3  |    select|   0|  0|    5|           1|           3|
    |select_ln59_4603_fu_322228_p3  |    select|   0|  0|    4|           1|           4|
    |select_ln59_4604_fu_296731_p3  |    select|   0|  0|    2|           1|           1|
    |select_ln59_4605_fu_296759_p3  |    select|   0|  0|    2|           1|           1|
    |select_ln59_4606_fu_322255_p3  |    select|   0|  0|    5|           1|           3|
    |select_ln59_4607_fu_322267_p3  |    select|   0|  0|    4|           1|           4|
    |select_ln59_4608_fu_296892_p3  |    select|   0|  0|    2|           1|           1|
    |select_ln59_4609_fu_296920_p3  |    select|   0|  0|    2|           1|           1|
    |select_ln59_4610_fu_322294_p3  |    select|   0|  0|    5|           1|           3|
    |select_ln59_4611_fu_322306_p3  |    select|   0|  0|    4|           1|           4|
    |select_ln59_4612_fu_297053_p3  |    select|   0|  0|    2|           1|           1|
    |select_ln59_4613_fu_297081_p3  |    select|   0|  0|    2|           1|           1|
    |select_ln59_4614_fu_322333_p3  |    select|   0|  0|    5|           1|           3|
    |select_ln59_4615_fu_322345_p3  |    select|   0|  0|    4|           1|           4|
    |select_ln59_4616_fu_297214_p3  |    select|   0|  0|    2|           1|           1|
    |select_ln59_4617_fu_297242_p3  |    select|   0|  0|    2|           1|           1|
    |select_ln59_4618_fu_322372_p3  |    select|   0|  0|    5|           1|           3|
    |select_ln59_4619_fu_322384_p3  |    select|   0|  0|    4|           1|           4|
    |select_ln59_4620_fu_297375_p3  |    select|   0|  0|    2|           1|           1|
    |select_ln59_4621_fu_297403_p3  |    select|   0|  0|    2|           1|           1|
    |select_ln59_4622_fu_322411_p3  |    select|   0|  0|    5|           1|           3|
    |select_ln59_4623_fu_322423_p3  |    select|   0|  0|    4|           1|           4|
    |select_ln59_4624_fu_297536_p3  |    select|   0|  0|    2|           1|           1|
    |select_ln59_4625_fu_297564_p3  |    select|   0|  0|    2|           1|           1|
    |select_ln59_4626_fu_322450_p3  |    select|   0|  0|    5|           1|           3|
    |select_ln59_4627_fu_322462_p3  |    select|   0|  0|    4|           1|           4|
    |select_ln59_4628_fu_297697_p3  |    select|   0|  0|    2|           1|           1|
    |select_ln59_4629_fu_297725_p3  |    select|   0|  0|    2|           1|           1|
    |select_ln59_4630_fu_322489_p3  |    select|   0|  0|    5|           1|           3|
    |select_ln59_4631_fu_322501_p3  |    select|   0|  0|    4|           1|           4|
    |select_ln59_4632_fu_297858_p3  |    select|   0|  0|    2|           1|           1|
    |select_ln59_4633_fu_297886_p3  |    select|   0|  0|    2|           1|           1|
    |select_ln59_4634_fu_322528_p3  |    select|   0|  0|    5|           1|           3|
    |select_ln59_4635_fu_322540_p3  |    select|   0|  0|    4|           1|           4|
    |select_ln59_4636_fu_298019_p3  |    select|   0|  0|    2|           1|           1|
    |select_ln59_4637_fu_298047_p3  |    select|   0|  0|    2|           1|           1|
    |select_ln59_4638_fu_322567_p3  |    select|   0|  0|    5|           1|           3|
    |select_ln59_4639_fu_322579_p3  |    select|   0|  0|    4|           1|           4|
    |select_ln59_4640_fu_298180_p3  |    select|   0|  0|    2|           1|           1|
    |select_ln59_4641_fu_298208_p3  |    select|   0|  0|    2|           1|           1|
    |select_ln59_4642_fu_322606_p3  |    select|   0|  0|    5|           1|           3|
    |select_ln59_4643_fu_322618_p3  |    select|   0|  0|    4|           1|           4|
    |select_ln59_4644_fu_298341_p3  |    select|   0|  0|    2|           1|           1|
    |select_ln59_4645_fu_298369_p3  |    select|   0|  0|    2|           1|           1|
    |select_ln59_4646_fu_322645_p3  |    select|   0|  0|    5|           1|           3|
    |select_ln59_4647_fu_322657_p3  |    select|   0|  0|    4|           1|           4|
    |select_ln59_4648_fu_298502_p3  |    select|   0|  0|    2|           1|           1|
    |select_ln59_4649_fu_298530_p3  |    select|   0|  0|    2|           1|           1|
    |select_ln59_4650_fu_322684_p3  |    select|   0|  0|    5|           1|           3|
    |select_ln59_4651_fu_322696_p3  |    select|   0|  0|    4|           1|           4|
    |select_ln59_4652_fu_298663_p3  |    select|   0|  0|    2|           1|           1|
    |select_ln59_4653_fu_298691_p3  |    select|   0|  0|    2|           1|           1|
    |select_ln59_4654_fu_322723_p3  |    select|   0|  0|    5|           1|           3|
    |select_ln59_4655_fu_322735_p3  |    select|   0|  0|    4|           1|           4|
    |select_ln59_4656_fu_298824_p3  |    select|   0|  0|    2|           1|           1|
    |select_ln59_4657_fu_298852_p3  |    select|   0|  0|    2|           1|           1|
    |select_ln59_4658_fu_322762_p3  |    select|   0|  0|    5|           1|           3|
    |select_ln59_4659_fu_322774_p3  |    select|   0|  0|    4|           1|           4|
    |select_ln59_4660_fu_298985_p3  |    select|   0|  0|    2|           1|           1|
    |select_ln59_4661_fu_299013_p3  |    select|   0|  0|    2|           1|           1|
    |select_ln59_4662_fu_322801_p3  |    select|   0|  0|    5|           1|           3|
    |select_ln59_4663_fu_322813_p3  |    select|   0|  0|    4|           1|           4|
    |select_ln59_4664_fu_299146_p3  |    select|   0|  0|    2|           1|           1|
    |select_ln59_4665_fu_299174_p3  |    select|   0|  0|    2|           1|           1|
    |select_ln59_4666_fu_322840_p3  |    select|   0|  0|    5|           1|           3|
    |select_ln59_4667_fu_322852_p3  |    select|   0|  0|    4|           1|           4|
    |select_ln59_4668_fu_299307_p3  |    select|   0|  0|    2|           1|           1|
    |select_ln59_4669_fu_299335_p3  |    select|   0|  0|    2|           1|           1|
    |select_ln59_4670_fu_322879_p3  |    select|   0|  0|    5|           1|           3|
    |select_ln59_4671_fu_322891_p3  |    select|   0|  0|    4|           1|           4|
    |select_ln59_4672_fu_299468_p3  |    select|   0|  0|    2|           1|           1|
    |select_ln59_4673_fu_299496_p3  |    select|   0|  0|    2|           1|           1|
    |select_ln59_4674_fu_322918_p3  |    select|   0|  0|    5|           1|           3|
    |select_ln59_4675_fu_322930_p3  |    select|   0|  0|    4|           1|           4|
    |select_ln59_4676_fu_299629_p3  |    select|   0|  0|    2|           1|           1|
    |select_ln59_4677_fu_299657_p3  |    select|   0|  0|    2|           1|           1|
    |select_ln59_4678_fu_322957_p3  |    select|   0|  0|    5|           1|           3|
    |select_ln59_4679_fu_322969_p3  |    select|   0|  0|    4|           1|           4|
    |select_ln59_4680_fu_299790_p3  |    select|   0|  0|    2|           1|           1|
    |select_ln59_4681_fu_299818_p3  |    select|   0|  0|    2|           1|           1|
    |select_ln59_4682_fu_322996_p3  |    select|   0|  0|    5|           1|           3|
    |select_ln59_4683_fu_323008_p3  |    select|   0|  0|    4|           1|           4|
    |select_ln59_4684_fu_299951_p3  |    select|   0|  0|    2|           1|           1|
    |select_ln59_4685_fu_299979_p3  |    select|   0|  0|    2|           1|           1|
    |select_ln59_4686_fu_323035_p3  |    select|   0|  0|    5|           1|           3|
    |select_ln59_4687_fu_323047_p3  |    select|   0|  0|    4|           1|           4|
    |select_ln59_4688_fu_300112_p3  |    select|   0|  0|    2|           1|           1|
    |select_ln59_4689_fu_300140_p3  |    select|   0|  0|    2|           1|           1|
    |select_ln59_4690_fu_323074_p3  |    select|   0|  0|    5|           1|           3|
    |select_ln59_4691_fu_323086_p3  |    select|   0|  0|    4|           1|           4|
    |select_ln59_4692_fu_300273_p3  |    select|   0|  0|    2|           1|           1|
    |select_ln59_4693_fu_300301_p3  |    select|   0|  0|    2|           1|           1|
    |select_ln59_4694_fu_323113_p3  |    select|   0|  0|    5|           1|           3|
    |select_ln59_4695_fu_323125_p3  |    select|   0|  0|    4|           1|           4|
    |select_ln59_4696_fu_300434_p3  |    select|   0|  0|    2|           1|           1|
    |select_ln59_4697_fu_300462_p3  |    select|   0|  0|    2|           1|           1|
    |select_ln59_4698_fu_323152_p3  |    select|   0|  0|    5|           1|           3|
    |select_ln59_4699_fu_323164_p3  |    select|   0|  0|    4|           1|           4|
    |select_ln59_4700_fu_300595_p3  |    select|   0|  0|    2|           1|           1|
    |select_ln59_4701_fu_300623_p3  |    select|   0|  0|    2|           1|           1|
    |select_ln59_4702_fu_323191_p3  |    select|   0|  0|    5|           1|           3|
    |select_ln59_4703_fu_323203_p3  |    select|   0|  0|    4|           1|           4|
    |select_ln59_4704_fu_300756_p3  |    select|   0|  0|    2|           1|           1|
    |select_ln59_4705_fu_300784_p3  |    select|   0|  0|    2|           1|           1|
    |select_ln59_4706_fu_323230_p3  |    select|   0|  0|    5|           1|           3|
    |select_ln59_4707_fu_323242_p3  |    select|   0|  0|    4|           1|           4|
    |select_ln59_4708_fu_300917_p3  |    select|   0|  0|    2|           1|           1|
    |select_ln59_4709_fu_300945_p3  |    select|   0|  0|    2|           1|           1|
    |select_ln59_4710_fu_323269_p3  |    select|   0|  0|    5|           1|           3|
    |select_ln59_4711_fu_323281_p3  |    select|   0|  0|    4|           1|           4|
    |select_ln59_4712_fu_301078_p3  |    select|   0|  0|    2|           1|           1|
    |select_ln59_4713_fu_301106_p3  |    select|   0|  0|    2|           1|           1|
    |select_ln59_4714_fu_323308_p3  |    select|   0|  0|    5|           1|           3|
    |select_ln59_4715_fu_323320_p3  |    select|   0|  0|    4|           1|           4|
    |select_ln59_4716_fu_301239_p3  |    select|   0|  0|    2|           1|           1|
    |select_ln59_4717_fu_301267_p3  |    select|   0|  0|    2|           1|           1|
    |select_ln59_4718_fu_323347_p3  |    select|   0|  0|    5|           1|           3|
    |select_ln59_4719_fu_323359_p3  |    select|   0|  0|    4|           1|           4|
    |select_ln59_4720_fu_301400_p3  |    select|   0|  0|    2|           1|           1|
    |select_ln59_4721_fu_301428_p3  |    select|   0|  0|    2|           1|           1|
    |select_ln59_4722_fu_323386_p3  |    select|   0|  0|    5|           1|           3|
    |select_ln59_4723_fu_323398_p3  |    select|   0|  0|    4|           1|           4|
    |select_ln59_4724_fu_301561_p3  |    select|   0|  0|    2|           1|           1|
    |select_ln59_4725_fu_301589_p3  |    select|   0|  0|    2|           1|           1|
    |select_ln59_4726_fu_323425_p3  |    select|   0|  0|    5|           1|           3|
    |select_ln59_4727_fu_323437_p3  |    select|   0|  0|    4|           1|           4|
    |select_ln59_4728_fu_301722_p3  |    select|   0|  0|    2|           1|           1|
    |select_ln59_4729_fu_301750_p3  |    select|   0|  0|    2|           1|           1|
    |select_ln59_4730_fu_323464_p3  |    select|   0|  0|    5|           1|           3|
    |select_ln59_4731_fu_323476_p3  |    select|   0|  0|    4|           1|           4|
    |select_ln59_4732_fu_301883_p3  |    select|   0|  0|    2|           1|           1|
    |select_ln59_4733_fu_301911_p3  |    select|   0|  0|    2|           1|           1|
    |select_ln59_4734_fu_323503_p3  |    select|   0|  0|    5|           1|           3|
    |select_ln59_4735_fu_323515_p3  |    select|   0|  0|    4|           1|           4|
    |select_ln59_4736_fu_302044_p3  |    select|   0|  0|    2|           1|           1|
    |select_ln59_4737_fu_302072_p3  |    select|   0|  0|    2|           1|           1|
    |select_ln59_4738_fu_323542_p3  |    select|   0|  0|    5|           1|           3|
    |select_ln59_4739_fu_323554_p3  |    select|   0|  0|    4|           1|           4|
    |select_ln59_4740_fu_302205_p3  |    select|   0|  0|    2|           1|           1|
    |select_ln59_4741_fu_302233_p3  |    select|   0|  0|    2|           1|           1|
    |select_ln59_4742_fu_323581_p3  |    select|   0|  0|    5|           1|           3|
    |select_ln59_4743_fu_323593_p3  |    select|   0|  0|    4|           1|           4|
    |select_ln59_4744_fu_302366_p3  |    select|   0|  0|    2|           1|           1|
    |select_ln59_4745_fu_302394_p3  |    select|   0|  0|    2|           1|           1|
    |select_ln59_4746_fu_323620_p3  |    select|   0|  0|    5|           1|           3|
    |select_ln59_4747_fu_323632_p3  |    select|   0|  0|    4|           1|           4|
    |select_ln59_4748_fu_302527_p3  |    select|   0|  0|    2|           1|           1|
    |select_ln59_4749_fu_302555_p3  |    select|   0|  0|    2|           1|           1|
    |select_ln59_4750_fu_323659_p3  |    select|   0|  0|    5|           1|           3|
    |select_ln59_4751_fu_323671_p3  |    select|   0|  0|    4|           1|           4|
    |select_ln59_4752_fu_302688_p3  |    select|   0|  0|    2|           1|           1|
    |select_ln59_4753_fu_302716_p3  |    select|   0|  0|    2|           1|           1|
    |select_ln59_4754_fu_323698_p3  |    select|   0|  0|    5|           1|           3|
    |select_ln59_4755_fu_323710_p3  |    select|   0|  0|    4|           1|           4|
    |select_ln59_4756_fu_302849_p3  |    select|   0|  0|    2|           1|           1|
    |select_ln59_4757_fu_302877_p3  |    select|   0|  0|    2|           1|           1|
    |select_ln59_4758_fu_323737_p3  |    select|   0|  0|    5|           1|           3|
    |select_ln59_4759_fu_323749_p3  |    select|   0|  0|    4|           1|           4|
    |select_ln59_4760_fu_303010_p3  |    select|   0|  0|    2|           1|           1|
    |select_ln59_4761_fu_303038_p3  |    select|   0|  0|    2|           1|           1|
    |select_ln59_4762_fu_323776_p3  |    select|   0|  0|    5|           1|           3|
    |select_ln59_4763_fu_323788_p3  |    select|   0|  0|    4|           1|           4|
    |select_ln59_4764_fu_303171_p3  |    select|   0|  0|    2|           1|           1|
    |select_ln59_4765_fu_303199_p3  |    select|   0|  0|    2|           1|           1|
    |select_ln59_4766_fu_323815_p3  |    select|   0|  0|    5|           1|           3|
    |select_ln59_4767_fu_323827_p3  |    select|   0|  0|    4|           1|           4|
    |select_ln59_4768_fu_303332_p3  |    select|   0|  0|    2|           1|           1|
    |select_ln59_4769_fu_303360_p3  |    select|   0|  0|    2|           1|           1|
    |select_ln59_4770_fu_323854_p3  |    select|   0|  0|    5|           1|           3|
    |select_ln59_4771_fu_323866_p3  |    select|   0|  0|    4|           1|           4|
    |select_ln59_4772_fu_303493_p3  |    select|   0|  0|    2|           1|           1|
    |select_ln59_4773_fu_303521_p3  |    select|   0|  0|    2|           1|           1|
    |select_ln59_4774_fu_323893_p3  |    select|   0|  0|    5|           1|           3|
    |select_ln59_4775_fu_323905_p3  |    select|   0|  0|    4|           1|           4|
    |select_ln59_4776_fu_303654_p3  |    select|   0|  0|    2|           1|           1|
    |select_ln59_4777_fu_303682_p3  |    select|   0|  0|    2|           1|           1|
    |select_ln59_4778_fu_323932_p3  |    select|   0|  0|    5|           1|           3|
    |select_ln59_4779_fu_323944_p3  |    select|   0|  0|    4|           1|           4|
    |select_ln59_4780_fu_303815_p3  |    select|   0|  0|    2|           1|           1|
    |select_ln59_4781_fu_303843_p3  |    select|   0|  0|    2|           1|           1|
    |select_ln59_4782_fu_323971_p3  |    select|   0|  0|    5|           1|           3|
    |select_ln59_4783_fu_323983_p3  |    select|   0|  0|    4|           1|           4|
    |select_ln59_4784_fu_303976_p3  |    select|   0|  0|    2|           1|           1|
    |select_ln59_4785_fu_304004_p3  |    select|   0|  0|    2|           1|           1|
    |select_ln59_4786_fu_324010_p3  |    select|   0|  0|    5|           1|           3|
    |select_ln59_4787_fu_324022_p3  |    select|   0|  0|    4|           1|           4|
    |select_ln59_4788_fu_304137_p3  |    select|   0|  0|    2|           1|           1|
    |select_ln59_4789_fu_304165_p3  |    select|   0|  0|    2|           1|           1|
    |select_ln59_4790_fu_324049_p3  |    select|   0|  0|    5|           1|           3|
    |select_ln59_4791_fu_324061_p3  |    select|   0|  0|    4|           1|           4|
    |select_ln59_4792_fu_304298_p3  |    select|   0|  0|    2|           1|           1|
    |select_ln59_4793_fu_304326_p3  |    select|   0|  0|    2|           1|           1|
    |select_ln59_4794_fu_324088_p3  |    select|   0|  0|    5|           1|           3|
    |select_ln59_4795_fu_324100_p3  |    select|   0|  0|    4|           1|           4|
    |select_ln59_4796_fu_304459_p3  |    select|   0|  0|    2|           1|           1|
    |select_ln59_4797_fu_304487_p3  |    select|   0|  0|    2|           1|           1|
    |select_ln59_4798_fu_324127_p3  |    select|   0|  0|    5|           1|           3|
    |select_ln59_4799_fu_324139_p3  |    select|   0|  0|    4|           1|           4|
    |select_ln59_4800_fu_304620_p3  |    select|   0|  0|    2|           1|           1|
    |select_ln59_4801_fu_304648_p3  |    select|   0|  0|    2|           1|           1|
    |select_ln59_4802_fu_324166_p3  |    select|   0|  0|    5|           1|           3|
    |select_ln59_4803_fu_324178_p3  |    select|   0|  0|    4|           1|           4|
    |select_ln59_4804_fu_304781_p3  |    select|   0|  0|    2|           1|           1|
    |select_ln59_4805_fu_304809_p3  |    select|   0|  0|    2|           1|           1|
    |select_ln59_4806_fu_324205_p3  |    select|   0|  0|    5|           1|           3|
    |select_ln59_4807_fu_324217_p3  |    select|   0|  0|    4|           1|           4|
    |select_ln59_4808_fu_304942_p3  |    select|   0|  0|    2|           1|           1|
    |select_ln59_4809_fu_304970_p3  |    select|   0|  0|    2|           1|           1|
    |select_ln59_4810_fu_324244_p3  |    select|   0|  0|    5|           1|           3|
    |select_ln59_4811_fu_324256_p3  |    select|   0|  0|    4|           1|           4|
    |select_ln59_4812_fu_305103_p3  |    select|   0|  0|    2|           1|           1|
    |select_ln59_4813_fu_305131_p3  |    select|   0|  0|    2|           1|           1|
    |select_ln59_4814_fu_324283_p3  |    select|   0|  0|    5|           1|           3|
    |select_ln59_4815_fu_324295_p3  |    select|   0|  0|    4|           1|           4|
    |select_ln59_4816_fu_305264_p3  |    select|   0|  0|    2|           1|           1|
    |select_ln59_4817_fu_305292_p3  |    select|   0|  0|    2|           1|           1|
    |select_ln59_4818_fu_324322_p3  |    select|   0|  0|    5|           1|           3|
    |select_ln59_4819_fu_324334_p3  |    select|   0|  0|    4|           1|           4|
    |select_ln59_4820_fu_305425_p3  |    select|   0|  0|    2|           1|           1|
    |select_ln59_4821_fu_305453_p3  |    select|   0|  0|    2|           1|           1|
    |select_ln59_4822_fu_324361_p3  |    select|   0|  0|    5|           1|           3|
    |select_ln59_4823_fu_324373_p3  |    select|   0|  0|    4|           1|           4|
    |select_ln59_4824_fu_305586_p3  |    select|   0|  0|    2|           1|           1|
    |select_ln59_4825_fu_305614_p3  |    select|   0|  0|    2|           1|           1|
    |select_ln59_4826_fu_324400_p3  |    select|   0|  0|    5|           1|           3|
    |select_ln59_4827_fu_324412_p3  |    select|   0|  0|    4|           1|           4|
    |select_ln59_4828_fu_305747_p3  |    select|   0|  0|    2|           1|           1|
    |select_ln59_4829_fu_305775_p3  |    select|   0|  0|    2|           1|           1|
    |select_ln59_4830_fu_324439_p3  |    select|   0|  0|    5|           1|           3|
    |select_ln59_4831_fu_324451_p3  |    select|   0|  0|    4|           1|           4|
    |select_ln59_4832_fu_305908_p3  |    select|   0|  0|    2|           1|           1|
    |select_ln59_4833_fu_305936_p3  |    select|   0|  0|    2|           1|           1|
    |select_ln59_4834_fu_324478_p3  |    select|   0|  0|    5|           1|           3|
    |select_ln59_4835_fu_324490_p3  |    select|   0|  0|    4|           1|           4|
    |select_ln59_4836_fu_306069_p3  |    select|   0|  0|    2|           1|           1|
    |select_ln59_4837_fu_306097_p3  |    select|   0|  0|    2|           1|           1|
    |select_ln59_4838_fu_324517_p3  |    select|   0|  0|    5|           1|           3|
    |select_ln59_4839_fu_324529_p3  |    select|   0|  0|    4|           1|           4|
    |select_ln59_4840_fu_306230_p3  |    select|   0|  0|    2|           1|           1|
    |select_ln59_4841_fu_306258_p3  |    select|   0|  0|    2|           1|           1|
    |select_ln59_4842_fu_324556_p3  |    select|   0|  0|    5|           1|           3|
    |select_ln59_4843_fu_324568_p3  |    select|   0|  0|    4|           1|           4|
    |select_ln59_4844_fu_306391_p3  |    select|   0|  0|    2|           1|           1|
    |select_ln59_4845_fu_306419_p3  |    select|   0|  0|    2|           1|           1|
    |select_ln59_4846_fu_324595_p3  |    select|   0|  0|    5|           1|           3|
    |select_ln59_4847_fu_324607_p3  |    select|   0|  0|    4|           1|           4|
    |select_ln59_4848_fu_306552_p3  |    select|   0|  0|    2|           1|           1|
    |select_ln59_4849_fu_306580_p3  |    select|   0|  0|    2|           1|           1|
    |select_ln59_4850_fu_324634_p3  |    select|   0|  0|    5|           1|           3|
    |select_ln59_4851_fu_324646_p3  |    select|   0|  0|    4|           1|           4|
    |select_ln59_4852_fu_306713_p3  |    select|   0|  0|    2|           1|           1|
    |select_ln59_4853_fu_306741_p3  |    select|   0|  0|    2|           1|           1|
    |select_ln59_4854_fu_324673_p3  |    select|   0|  0|    5|           1|           3|
    |select_ln59_4855_fu_324685_p3  |    select|   0|  0|    4|           1|           4|
    |select_ln59_4856_fu_306874_p3  |    select|   0|  0|    2|           1|           1|
    |select_ln59_4857_fu_306902_p3  |    select|   0|  0|    2|           1|           1|
    |select_ln59_4858_fu_324712_p3  |    select|   0|  0|    5|           1|           3|
    |select_ln59_4859_fu_324724_p3  |    select|   0|  0|    4|           1|           4|
    |select_ln59_4860_fu_307035_p3  |    select|   0|  0|    2|           1|           1|
    |select_ln59_4861_fu_307063_p3  |    select|   0|  0|    2|           1|           1|
    |select_ln59_4862_fu_324751_p3  |    select|   0|  0|    5|           1|           3|
    |select_ln59_4863_fu_324763_p3  |    select|   0|  0|    4|           1|           4|
    |select_ln59_4864_fu_307196_p3  |    select|   0|  0|    2|           1|           1|
    |select_ln59_4865_fu_307224_p3  |    select|   0|  0|    2|           1|           1|
    |select_ln59_4866_fu_324790_p3  |    select|   0|  0|    5|           1|           3|
    |select_ln59_4867_fu_324802_p3  |    select|   0|  0|    4|           1|           4|
    |select_ln59_4868_fu_307357_p3  |    select|   0|  0|    2|           1|           1|
    |select_ln59_4869_fu_307385_p3  |    select|   0|  0|    2|           1|           1|
    |select_ln59_4870_fu_324829_p3  |    select|   0|  0|    5|           1|           3|
    |select_ln59_4871_fu_324841_p3  |    select|   0|  0|    4|           1|           4|
    |select_ln59_4872_fu_307518_p3  |    select|   0|  0|    2|           1|           1|
    |select_ln59_4873_fu_307546_p3  |    select|   0|  0|    2|           1|           1|
    |select_ln59_4874_fu_324868_p3  |    select|   0|  0|    5|           1|           3|
    |select_ln59_4875_fu_324880_p3  |    select|   0|  0|    4|           1|           4|
    |select_ln59_4876_fu_307679_p3  |    select|   0|  0|    2|           1|           1|
    |select_ln59_4877_fu_307707_p3  |    select|   0|  0|    2|           1|           1|
    |select_ln59_4878_fu_324907_p3  |    select|   0|  0|    5|           1|           3|
    |select_ln59_4879_fu_324919_p3  |    select|   0|  0|    4|           1|           4|
    |select_ln59_4880_fu_307840_p3  |    select|   0|  0|    2|           1|           1|
    |select_ln59_4881_fu_307868_p3  |    select|   0|  0|    2|           1|           1|
    |select_ln59_4882_fu_324946_p3  |    select|   0|  0|    5|           1|           3|
    |select_ln59_4883_fu_324958_p3  |    select|   0|  0|    4|           1|           4|
    |select_ln59_4884_fu_308001_p3  |    select|   0|  0|    2|           1|           1|
    |select_ln59_4885_fu_308029_p3  |    select|   0|  0|    2|           1|           1|
    |select_ln59_4886_fu_324985_p3  |    select|   0|  0|    5|           1|           3|
    |select_ln59_4887_fu_324997_p3  |    select|   0|  0|    4|           1|           4|
    |select_ln59_4888_fu_308162_p3  |    select|   0|  0|    2|           1|           1|
    |select_ln59_4889_fu_308190_p3  |    select|   0|  0|    2|           1|           1|
    |select_ln59_4890_fu_325024_p3  |    select|   0|  0|    5|           1|           3|
    |select_ln59_4891_fu_325036_p3  |    select|   0|  0|    4|           1|           4|
    |select_ln59_4892_fu_308323_p3  |    select|   0|  0|    2|           1|           1|
    |select_ln59_4893_fu_308351_p3  |    select|   0|  0|    2|           1|           1|
    |select_ln59_4894_fu_325063_p3  |    select|   0|  0|    5|           1|           3|
    |select_ln59_4895_fu_325075_p3  |    select|   0|  0|    4|           1|           4|
    |select_ln59_4896_fu_308484_p3  |    select|   0|  0|    2|           1|           1|
    |select_ln59_4897_fu_308512_p3  |    select|   0|  0|    2|           1|           1|
    |select_ln59_4898_fu_325102_p3  |    select|   0|  0|    5|           1|           3|
    |select_ln59_4899_fu_325114_p3  |    select|   0|  0|    4|           1|           4|
    |select_ln59_4900_fu_308645_p3  |    select|   0|  0|    2|           1|           1|
    |select_ln59_4901_fu_308673_p3  |    select|   0|  0|    2|           1|           1|
    |select_ln59_4902_fu_325141_p3  |    select|   0|  0|    5|           1|           3|
    |select_ln59_4903_fu_325153_p3  |    select|   0|  0|    4|           1|           4|
    |select_ln59_4904_fu_308806_p3  |    select|   0|  0|    2|           1|           1|
    |select_ln59_4905_fu_308834_p3  |    select|   0|  0|    2|           1|           1|
    |select_ln59_4906_fu_325180_p3  |    select|   0|  0|    5|           1|           3|
    |select_ln59_4907_fu_325192_p3  |    select|   0|  0|    4|           1|           4|
    |select_ln59_4908_fu_308967_p3  |    select|   0|  0|    2|           1|           1|
    |select_ln59_4909_fu_308995_p3  |    select|   0|  0|    2|           1|           1|
    |select_ln59_4910_fu_325219_p3  |    select|   0|  0|    5|           1|           3|
    |select_ln59_4911_fu_325231_p3  |    select|   0|  0|    4|           1|           4|
    |select_ln59_4912_fu_309128_p3  |    select|   0|  0|    2|           1|           1|
    |select_ln59_4913_fu_309156_p3  |    select|   0|  0|    2|           1|           1|
    |select_ln59_4914_fu_325258_p3  |    select|   0|  0|    5|           1|           3|
    |select_ln59_4915_fu_325270_p3  |    select|   0|  0|    4|           1|           4|
    |select_ln59_4916_fu_309289_p3  |    select|   0|  0|    2|           1|           1|
    |select_ln59_4917_fu_309317_p3  |    select|   0|  0|    2|           1|           1|
    |select_ln59_4918_fu_325297_p3  |    select|   0|  0|    5|           1|           3|
    |select_ln59_4919_fu_325309_p3  |    select|   0|  0|    4|           1|           4|
    |select_ln59_4920_fu_309450_p3  |    select|   0|  0|    2|           1|           1|
    |select_ln59_4921_fu_309478_p3  |    select|   0|  0|    2|           1|           1|
    |select_ln59_4922_fu_325336_p3  |    select|   0|  0|    5|           1|           3|
    |select_ln59_4923_fu_325348_p3  |    select|   0|  0|    4|           1|           4|
    |select_ln59_4924_fu_309611_p3  |    select|   0|  0|    2|           1|           1|
    |select_ln59_4925_fu_309639_p3  |    select|   0|  0|    2|           1|           1|
    |select_ln59_4926_fu_325375_p3  |    select|   0|  0|    5|           1|           3|
    |select_ln59_4927_fu_325387_p3  |    select|   0|  0|    4|           1|           4|
    |select_ln59_4928_fu_309772_p3  |    select|   0|  0|    2|           1|           1|
    |select_ln59_4929_fu_309800_p3  |    select|   0|  0|    2|           1|           1|
    |select_ln59_4930_fu_325414_p3  |    select|   0|  0|    5|           1|           3|
    |select_ln59_4931_fu_325426_p3  |    select|   0|  0|    4|           1|           4|
    |select_ln59_4932_fu_309933_p3  |    select|   0|  0|    2|           1|           1|
    |select_ln59_4933_fu_309961_p3  |    select|   0|  0|    2|           1|           1|
    |select_ln59_4934_fu_325453_p3  |    select|   0|  0|    5|           1|           3|
    |select_ln59_4935_fu_325465_p3  |    select|   0|  0|    4|           1|           4|
    |select_ln59_4936_fu_310094_p3  |    select|   0|  0|    2|           1|           1|
    |select_ln59_4937_fu_310122_p3  |    select|   0|  0|    2|           1|           1|
    |select_ln59_4938_fu_325492_p3  |    select|   0|  0|    5|           1|           3|
    |select_ln59_4939_fu_325504_p3  |    select|   0|  0|    4|           1|           4|
    |select_ln59_4940_fu_310255_p3  |    select|   0|  0|    2|           1|           1|
    |select_ln59_4941_fu_310283_p3  |    select|   0|  0|    2|           1|           1|
    |select_ln59_4942_fu_325531_p3  |    select|   0|  0|    5|           1|           3|
    |select_ln59_4943_fu_325543_p3  |    select|   0|  0|    4|           1|           4|
    |select_ln59_4944_fu_310416_p3  |    select|   0|  0|    2|           1|           1|
    |select_ln59_4945_fu_310444_p3  |    select|   0|  0|    2|           1|           1|
    |select_ln59_4946_fu_325570_p3  |    select|   0|  0|    5|           1|           3|
    |select_ln59_4947_fu_325582_p3  |    select|   0|  0|    4|           1|           4|
    |select_ln59_4948_fu_310577_p3  |    select|   0|  0|    2|           1|           1|
    |select_ln59_4949_fu_310605_p3  |    select|   0|  0|    2|           1|           1|
    |select_ln59_4950_fu_325609_p3  |    select|   0|  0|    5|           1|           3|
    |select_ln59_4951_fu_325621_p3  |    select|   0|  0|    4|           1|           4|
    |select_ln59_4952_fu_310738_p3  |    select|   0|  0|    2|           1|           1|
    |select_ln59_4953_fu_310766_p3  |    select|   0|  0|    2|           1|           1|
    |select_ln59_4954_fu_325648_p3  |    select|   0|  0|    5|           1|           3|
    |select_ln59_4955_fu_325660_p3  |    select|   0|  0|    4|           1|           4|
    |select_ln59_4956_fu_310899_p3  |    select|   0|  0|    2|           1|           1|
    |select_ln59_4957_fu_310927_p3  |    select|   0|  0|    2|           1|           1|
    |select_ln59_4958_fu_325687_p3  |    select|   0|  0|    5|           1|           3|
    |select_ln59_4959_fu_325699_p3  |    select|   0|  0|    4|           1|           4|
    |select_ln59_4960_fu_311060_p3  |    select|   0|  0|    2|           1|           1|
    |select_ln59_4961_fu_311088_p3  |    select|   0|  0|    2|           1|           1|
    |select_ln59_4962_fu_325726_p3  |    select|   0|  0|    5|           1|           3|
    |select_ln59_4963_fu_325738_p3  |    select|   0|  0|    4|           1|           4|
    |select_ln59_4964_fu_311221_p3  |    select|   0|  0|    2|           1|           1|
    |select_ln59_4965_fu_311249_p3  |    select|   0|  0|    2|           1|           1|
    |select_ln59_4966_fu_325765_p3  |    select|   0|  0|    5|           1|           3|
    |select_ln59_4967_fu_325777_p3  |    select|   0|  0|    4|           1|           4|
    |select_ln59_4968_fu_311382_p3  |    select|   0|  0|    2|           1|           1|
    |select_ln59_4969_fu_311410_p3  |    select|   0|  0|    2|           1|           1|
    |select_ln59_4970_fu_325804_p3  |    select|   0|  0|    5|           1|           3|
    |select_ln59_4971_fu_325816_p3  |    select|   0|  0|    4|           1|           4|
    |select_ln59_4972_fu_311543_p3  |    select|   0|  0|    2|           1|           1|
    |select_ln59_4973_fu_311571_p3  |    select|   0|  0|    2|           1|           1|
    |select_ln59_4974_fu_325843_p3  |    select|   0|  0|    5|           1|           3|
    |select_ln59_4975_fu_325855_p3  |    select|   0|  0|    4|           1|           4|
    |select_ln59_4976_fu_311704_p3  |    select|   0|  0|    2|           1|           1|
    |select_ln59_4977_fu_311732_p3  |    select|   0|  0|    2|           1|           1|
    |select_ln59_4978_fu_325882_p3  |    select|   0|  0|    5|           1|           3|
    |select_ln59_4979_fu_325894_p3  |    select|   0|  0|    4|           1|           4|
    |select_ln59_4980_fu_311865_p3  |    select|   0|  0|    2|           1|           1|
    |select_ln59_4981_fu_311893_p3  |    select|   0|  0|    2|           1|           1|
    |select_ln59_4982_fu_325921_p3  |    select|   0|  0|    5|           1|           3|
    |select_ln59_4983_fu_325933_p3  |    select|   0|  0|    4|           1|           4|
    |select_ln59_4984_fu_312026_p3  |    select|   0|  0|    2|           1|           1|
    |select_ln59_4985_fu_312054_p3  |    select|   0|  0|    2|           1|           1|
    |select_ln59_4986_fu_325960_p3  |    select|   0|  0|    5|           1|           3|
    |select_ln59_4987_fu_325972_p3  |    select|   0|  0|    4|           1|           4|
    |select_ln59_4988_fu_312187_p3  |    select|   0|  0|    2|           1|           1|
    |select_ln59_4989_fu_312215_p3  |    select|   0|  0|    2|           1|           1|
    |select_ln59_4990_fu_325999_p3  |    select|   0|  0|    5|           1|           3|
    |select_ln59_4991_fu_326011_p3  |    select|   0|  0|    4|           1|           4|
    |select_ln59_4992_fu_312348_p3  |    select|   0|  0|    2|           1|           1|
    |select_ln59_4993_fu_312376_p3  |    select|   0|  0|    2|           1|           1|
    |select_ln59_4994_fu_326038_p3  |    select|   0|  0|    5|           1|           3|
    |select_ln59_4995_fu_326050_p3  |    select|   0|  0|    4|           1|           4|
    |select_ln59_4996_fu_312509_p3  |    select|   0|  0|    2|           1|           1|
    |select_ln59_4997_fu_312537_p3  |    select|   0|  0|    2|           1|           1|
    |select_ln59_4998_fu_326077_p3  |    select|   0|  0|    5|           1|           3|
    |select_ln59_4999_fu_326089_p3  |    select|   0|  0|    4|           1|           4|
    |select_ln59_5000_fu_312670_p3  |    select|   0|  0|    2|           1|           1|
    |select_ln59_5001_fu_312698_p3  |    select|   0|  0|    2|           1|           1|
    |select_ln59_5002_fu_326116_p3  |    select|   0|  0|    5|           1|           3|
    |select_ln59_5003_fu_326128_p3  |    select|   0|  0|    4|           1|           4|
    |select_ln59_5004_fu_312831_p3  |    select|   0|  0|    2|           1|           1|
    |select_ln59_5005_fu_312859_p3  |    select|   0|  0|    2|           1|           1|
    |select_ln59_5006_fu_326155_p3  |    select|   0|  0|    5|           1|           3|
    |select_ln59_5007_fu_326167_p3  |    select|   0|  0|    4|           1|           4|
    |select_ln59_5008_fu_312992_p3  |    select|   0|  0|    2|           1|           1|
    |select_ln59_5009_fu_313020_p3  |    select|   0|  0|    2|           1|           1|
    |select_ln59_5010_fu_326194_p3  |    select|   0|  0|    5|           1|           3|
    |select_ln59_5011_fu_326206_p3  |    select|   0|  0|    4|           1|           4|
    |select_ln59_5012_fu_313153_p3  |    select|   0|  0|    2|           1|           1|
    |select_ln59_5013_fu_313181_p3  |    select|   0|  0|    2|           1|           1|
    |select_ln59_5014_fu_326233_p3  |    select|   0|  0|    5|           1|           3|
    |select_ln59_5015_fu_326245_p3  |    select|   0|  0|    4|           1|           4|
    |select_ln59_5016_fu_313314_p3  |    select|   0|  0|    2|           1|           1|
    |select_ln59_5017_fu_313342_p3  |    select|   0|  0|    2|           1|           1|
    |select_ln59_5018_fu_326272_p3  |    select|   0|  0|    5|           1|           3|
    |select_ln59_5019_fu_326284_p3  |    select|   0|  0|    4|           1|           4|
    |select_ln59_5020_fu_313475_p3  |    select|   0|  0|    2|           1|           1|
    |select_ln59_5021_fu_313503_p3  |    select|   0|  0|    2|           1|           1|
    |select_ln59_5022_fu_326311_p3  |    select|   0|  0|    5|           1|           3|
    |select_ln59_5023_fu_326323_p3  |    select|   0|  0|    4|           1|           4|
    |select_ln59_5024_fu_313636_p3  |    select|   0|  0|    2|           1|           1|
    |select_ln59_5025_fu_313664_p3  |    select|   0|  0|    2|           1|           1|
    |select_ln59_5026_fu_326350_p3  |    select|   0|  0|    5|           1|           3|
    |select_ln59_5027_fu_326362_p3  |    select|   0|  0|    4|           1|           4|
    |select_ln59_5028_fu_313797_p3  |    select|   0|  0|    2|           1|           1|
    |select_ln59_5029_fu_313825_p3  |    select|   0|  0|    2|           1|           1|
    |select_ln59_5030_fu_326389_p3  |    select|   0|  0|    5|           1|           3|
    |select_ln59_5031_fu_326401_p3  |    select|   0|  0|    4|           1|           4|
    |select_ln59_5032_fu_313958_p3  |    select|   0|  0|    2|           1|           1|
    |select_ln59_5033_fu_313986_p3  |    select|   0|  0|    2|           1|           1|
    |select_ln59_5034_fu_326428_p3  |    select|   0|  0|    5|           1|           3|
    |select_ln59_5035_fu_326440_p3  |    select|   0|  0|    4|           1|           4|
    |select_ln59_5036_fu_314119_p3  |    select|   0|  0|    2|           1|           1|
    |select_ln59_5037_fu_314147_p3  |    select|   0|  0|    2|           1|           1|
    |select_ln59_5038_fu_326467_p3  |    select|   0|  0|    5|           1|           3|
    |select_ln59_5039_fu_326479_p3  |    select|   0|  0|    4|           1|           4|
    |select_ln59_5040_fu_314280_p3  |    select|   0|  0|    2|           1|           1|
    |select_ln59_5041_fu_314308_p3  |    select|   0|  0|    2|           1|           1|
    |select_ln59_5042_fu_326506_p3  |    select|   0|  0|    5|           1|           3|
    |select_ln59_5043_fu_326518_p3  |    select|   0|  0|    4|           1|           4|
    |select_ln59_5044_fu_314441_p3  |    select|   0|  0|    2|           1|           1|
    |select_ln59_5045_fu_314469_p3  |    select|   0|  0|    2|           1|           1|
    |select_ln59_5046_fu_326545_p3  |    select|   0|  0|    5|           1|           3|
    |select_ln59_5047_fu_326557_p3  |    select|   0|  0|    4|           1|           4|
    |select_ln59_5048_fu_314602_p3  |    select|   0|  0|    2|           1|           1|
    |select_ln59_5049_fu_314630_p3  |    select|   0|  0|    2|           1|           1|
    |select_ln59_5050_fu_326584_p3  |    select|   0|  0|    5|           1|           3|
    |select_ln59_5051_fu_326596_p3  |    select|   0|  0|    4|           1|           4|
    |select_ln59_5052_fu_314763_p3  |    select|   0|  0|    2|           1|           1|
    |select_ln59_5053_fu_314791_p3  |    select|   0|  0|    2|           1|           1|
    |select_ln59_5054_fu_326623_p3  |    select|   0|  0|    5|           1|           3|
    |select_ln59_5055_fu_326635_p3  |    select|   0|  0|    4|           1|           4|
    |select_ln59_5056_fu_314924_p3  |    select|   0|  0|    2|           1|           1|
    |select_ln59_5057_fu_314952_p3  |    select|   0|  0|    2|           1|           1|
    |select_ln59_5058_fu_326662_p3  |    select|   0|  0|    5|           1|           3|
    |select_ln59_5059_fu_326674_p3  |    select|   0|  0|    4|           1|           4|
    |select_ln59_5060_fu_315085_p3  |    select|   0|  0|    2|           1|           1|
    |select_ln59_5061_fu_315113_p3  |    select|   0|  0|    2|           1|           1|
    |select_ln59_5062_fu_326701_p3  |    select|   0|  0|    5|           1|           3|
    |select_ln59_5063_fu_326713_p3  |    select|   0|  0|    4|           1|           4|
    |select_ln59_5064_fu_315246_p3  |    select|   0|  0|    2|           1|           1|
    |select_ln59_5065_fu_315274_p3  |    select|   0|  0|    2|           1|           1|
    |select_ln59_5066_fu_326740_p3  |    select|   0|  0|    5|           1|           3|
    |select_ln59_5067_fu_326752_p3  |    select|   0|  0|    4|           1|           4|
    |select_ln59_5068_fu_315407_p3  |    select|   0|  0|    2|           1|           1|
    |select_ln59_5069_fu_315435_p3  |    select|   0|  0|    2|           1|           1|
    |select_ln59_5070_fu_326779_p3  |    select|   0|  0|    5|           1|           3|
    |select_ln59_5071_fu_326791_p3  |    select|   0|  0|    4|           1|           4|
    |select_ln59_5072_fu_315568_p3  |    select|   0|  0|    2|           1|           1|
    |select_ln59_5073_fu_315596_p3  |    select|   0|  0|    2|           1|           1|
    |select_ln59_5074_fu_326818_p3  |    select|   0|  0|    5|           1|           3|
    |select_ln59_5075_fu_326830_p3  |    select|   0|  0|    4|           1|           4|
    |select_ln59_5076_fu_315729_p3  |    select|   0|  0|    2|           1|           1|
    |select_ln59_5077_fu_315757_p3  |    select|   0|  0|    2|           1|           1|
    |select_ln59_5078_fu_326857_p3  |    select|   0|  0|    5|           1|           3|
    |select_ln59_5079_fu_326869_p3  |    select|   0|  0|    4|           1|           4|
    |select_ln59_5080_fu_315890_p3  |    select|   0|  0|    2|           1|           1|
    |select_ln59_5081_fu_315918_p3  |    select|   0|  0|    2|           1|           1|
    |select_ln59_5082_fu_326896_p3  |    select|   0|  0|    5|           1|           3|
    |select_ln59_5083_fu_326908_p3  |    select|   0|  0|    4|           1|           4|
    |select_ln59_5084_fu_316051_p3  |    select|   0|  0|    2|           1|           1|
    |select_ln59_5085_fu_316079_p3  |    select|   0|  0|    2|           1|           1|
    |select_ln59_5086_fu_326935_p3  |    select|   0|  0|    5|           1|           3|
    |select_ln59_5087_fu_326947_p3  |    select|   0|  0|    4|           1|           4|
    |select_ln59_5088_fu_316212_p3  |    select|   0|  0|    2|           1|           1|
    |select_ln59_5089_fu_316240_p3  |    select|   0|  0|    2|           1|           1|
    |select_ln59_5090_fu_326974_p3  |    select|   0|  0|    5|           1|           3|
    |select_ln59_5091_fu_326986_p3  |    select|   0|  0|    4|           1|           4|
    |select_ln59_5092_fu_316373_p3  |    select|   0|  0|    2|           1|           1|
    |select_ln59_5093_fu_316401_p3  |    select|   0|  0|    2|           1|           1|
    |select_ln59_5094_fu_327013_p3  |    select|   0|  0|    5|           1|           3|
    |select_ln59_5095_fu_327025_p3  |    select|   0|  0|    4|           1|           4|
    |select_ln59_5096_fu_316534_p3  |    select|   0|  0|    2|           1|           1|
    |select_ln59_5097_fu_316562_p3  |    select|   0|  0|    2|           1|           1|
    |select_ln59_5098_fu_327052_p3  |    select|   0|  0|    5|           1|           3|
    |select_ln59_5099_fu_327064_p3  |    select|   0|  0|    4|           1|           4|
    |select_ln59_5100_fu_316695_p3  |    select|   0|  0|    2|           1|           1|
    |select_ln59_5101_fu_316723_p3  |    select|   0|  0|    2|           1|           1|
    |select_ln59_5102_fu_327091_p3  |    select|   0|  0|    5|           1|           3|
    |select_ln59_5103_fu_327103_p3  |    select|   0|  0|    4|           1|           4|
    |select_ln59_5104_fu_316856_p3  |    select|   0|  0|    2|           1|           1|
    |select_ln59_5105_fu_316884_p3  |    select|   0|  0|    2|           1|           1|
    |select_ln59_5106_fu_327130_p3  |    select|   0|  0|    5|           1|           3|
    |select_ln59_5107_fu_327142_p3  |    select|   0|  0|    4|           1|           4|
    |select_ln59_5108_fu_317017_p3  |    select|   0|  0|    2|           1|           1|
    |select_ln59_5109_fu_317045_p3  |    select|   0|  0|    2|           1|           1|
    |select_ln59_5110_fu_327169_p3  |    select|   0|  0|    5|           1|           3|
    |select_ln59_5111_fu_327181_p3  |    select|   0|  0|    4|           1|           4|
    |select_ln59_5112_fu_317178_p3  |    select|   0|  0|    2|           1|           1|
    |select_ln59_5113_fu_317206_p3  |    select|   0|  0|    2|           1|           1|
    |select_ln59_5114_fu_327208_p3  |    select|   0|  0|    5|           1|           3|
    |select_ln59_5115_fu_327220_p3  |    select|   0|  0|    4|           1|           4|
    |select_ln59_fu_276123_p3       |    select|   0|  0|    2|           1|           1|
    |xor_ln59_4093_fu_276159_p2     |       xor|   0|  0|    2|           1|           2|
    |xor_ln59_4094_fu_276171_p2     |       xor|   0|  0|    2|           1|           2|
    |xor_ln59_4095_fu_317252_p2     |       xor|   0|  0|    2|           1|           2|
    |xor_ln59_4096_fu_276257_p2     |       xor|   0|  0|    2|           1|           2|
    |xor_ln59_4097_fu_276320_p2     |       xor|   0|  0|    2|           1|           2|
    |xor_ln59_4098_fu_276332_p2     |       xor|   0|  0|    2|           1|           2|
    |xor_ln59_4099_fu_317291_p2     |       xor|   0|  0|    2|           1|           2|
    |xor_ln59_4100_fu_276418_p2     |       xor|   0|  0|    2|           1|           2|
    |xor_ln59_4101_fu_276481_p2     |       xor|   0|  0|    2|           1|           2|
    |xor_ln59_4102_fu_276493_p2     |       xor|   0|  0|    2|           1|           2|
    |xor_ln59_4103_fu_317330_p2     |       xor|   0|  0|    2|           1|           2|
    |xor_ln59_4104_fu_276579_p2     |       xor|   0|  0|    2|           1|           2|
    |xor_ln59_4105_fu_276642_p2     |       xor|   0|  0|    2|           1|           2|
    |xor_ln59_4106_fu_276654_p2     |       xor|   0|  0|    2|           1|           2|
    |xor_ln59_4107_fu_317369_p2     |       xor|   0|  0|    2|           1|           2|
    |xor_ln59_4108_fu_276740_p2     |       xor|   0|  0|    2|           1|           2|
    |xor_ln59_4109_fu_276803_p2     |       xor|   0|  0|    2|           1|           2|
    |xor_ln59_4110_fu_276815_p2     |       xor|   0|  0|    2|           1|           2|
    |xor_ln59_4111_fu_317408_p2     |       xor|   0|  0|    2|           1|           2|
    |xor_ln59_4112_fu_276901_p2     |       xor|   0|  0|    2|           1|           2|
    |xor_ln59_4113_fu_276964_p2     |       xor|   0|  0|    2|           1|           2|
    |xor_ln59_4114_fu_276976_p2     |       xor|   0|  0|    2|           1|           2|
    |xor_ln59_4115_fu_317447_p2     |       xor|   0|  0|    2|           1|           2|
    |xor_ln59_4116_fu_277062_p2     |       xor|   0|  0|    2|           1|           2|
    |xor_ln59_4117_fu_277125_p2     |       xor|   0|  0|    2|           1|           2|
    |xor_ln59_4118_fu_277137_p2     |       xor|   0|  0|    2|           1|           2|
    |xor_ln59_4119_fu_317486_p2     |       xor|   0|  0|    2|           1|           2|
    |xor_ln59_4120_fu_277223_p2     |       xor|   0|  0|    2|           1|           2|
    |xor_ln59_4121_fu_277286_p2     |       xor|   0|  0|    2|           1|           2|
    |xor_ln59_4122_fu_277298_p2     |       xor|   0|  0|    2|           1|           2|
    |xor_ln59_4123_fu_317525_p2     |       xor|   0|  0|    2|           1|           2|
    |xor_ln59_4124_fu_277384_p2     |       xor|   0|  0|    2|           1|           2|
    |xor_ln59_4125_fu_277447_p2     |       xor|   0|  0|    2|           1|           2|
    |xor_ln59_4126_fu_277459_p2     |       xor|   0|  0|    2|           1|           2|
    |xor_ln59_4127_fu_317564_p2     |       xor|   0|  0|    2|           1|           2|
    |xor_ln59_4128_fu_277545_p2     |       xor|   0|  0|    2|           1|           2|
    |xor_ln59_4129_fu_277608_p2     |       xor|   0|  0|    2|           1|           2|
    |xor_ln59_4130_fu_277620_p2     |       xor|   0|  0|    2|           1|           2|
    |xor_ln59_4131_fu_317603_p2     |       xor|   0|  0|    2|           1|           2|
    |xor_ln59_4132_fu_277706_p2     |       xor|   0|  0|    2|           1|           2|
    |xor_ln59_4133_fu_277769_p2     |       xor|   0|  0|    2|           1|           2|
    |xor_ln59_4134_fu_277781_p2     |       xor|   0|  0|    2|           1|           2|
    |xor_ln59_4135_fu_317642_p2     |       xor|   0|  0|    2|           1|           2|
    |xor_ln59_4136_fu_277867_p2     |       xor|   0|  0|    2|           1|           2|
    |xor_ln59_4137_fu_277930_p2     |       xor|   0|  0|    2|           1|           2|
    |xor_ln59_4138_fu_277942_p2     |       xor|   0|  0|    2|           1|           2|
    |xor_ln59_4139_fu_317681_p2     |       xor|   0|  0|    2|           1|           2|
    |xor_ln59_4140_fu_278028_p2     |       xor|   0|  0|    2|           1|           2|
    |xor_ln59_4141_fu_278091_p2     |       xor|   0|  0|    2|           1|           2|
    |xor_ln59_4142_fu_278103_p2     |       xor|   0|  0|    2|           1|           2|
    |xor_ln59_4143_fu_317720_p2     |       xor|   0|  0|    2|           1|           2|
    |xor_ln59_4144_fu_278189_p2     |       xor|   0|  0|    2|           1|           2|
    |xor_ln59_4145_fu_278252_p2     |       xor|   0|  0|    2|           1|           2|
    |xor_ln59_4146_fu_278264_p2     |       xor|   0|  0|    2|           1|           2|
    |xor_ln59_4147_fu_317759_p2     |       xor|   0|  0|    2|           1|           2|
    |xor_ln59_4148_fu_278350_p2     |       xor|   0|  0|    2|           1|           2|
    |xor_ln59_4149_fu_278413_p2     |       xor|   0|  0|    2|           1|           2|
    |xor_ln59_4150_fu_278425_p2     |       xor|   0|  0|    2|           1|           2|
    |xor_ln59_4151_fu_317798_p2     |       xor|   0|  0|    2|           1|           2|
    |xor_ln59_4152_fu_278511_p2     |       xor|   0|  0|    2|           1|           2|
    |xor_ln59_4153_fu_278574_p2     |       xor|   0|  0|    2|           1|           2|
    |xor_ln59_4154_fu_278586_p2     |       xor|   0|  0|    2|           1|           2|
    |xor_ln59_4155_fu_317837_p2     |       xor|   0|  0|    2|           1|           2|
    |xor_ln59_4156_fu_278672_p2     |       xor|   0|  0|    2|           1|           2|
    |xor_ln59_4157_fu_278735_p2     |       xor|   0|  0|    2|           1|           2|
    |xor_ln59_4158_fu_278747_p2     |       xor|   0|  0|    2|           1|           2|
    |xor_ln59_4159_fu_317876_p2     |       xor|   0|  0|    2|           1|           2|
    |xor_ln59_4160_fu_278833_p2     |       xor|   0|  0|    2|           1|           2|
    |xor_ln59_4161_fu_278896_p2     |       xor|   0|  0|    2|           1|           2|
    |xor_ln59_4162_fu_278908_p2     |       xor|   0|  0|    2|           1|           2|
    |xor_ln59_4163_fu_317915_p2     |       xor|   0|  0|    2|           1|           2|
    |xor_ln59_4164_fu_278994_p2     |       xor|   0|  0|    2|           1|           2|
    |xor_ln59_4165_fu_279057_p2     |       xor|   0|  0|    2|           1|           2|
    |xor_ln59_4166_fu_279069_p2     |       xor|   0|  0|    2|           1|           2|
    |xor_ln59_4167_fu_317954_p2     |       xor|   0|  0|    2|           1|           2|
    |xor_ln59_4168_fu_279155_p2     |       xor|   0|  0|    2|           1|           2|
    |xor_ln59_4169_fu_279218_p2     |       xor|   0|  0|    2|           1|           2|
    |xor_ln59_4170_fu_279230_p2     |       xor|   0|  0|    2|           1|           2|
    |xor_ln59_4171_fu_317993_p2     |       xor|   0|  0|    2|           1|           2|
    |xor_ln59_4172_fu_279316_p2     |       xor|   0|  0|    2|           1|           2|
    |xor_ln59_4173_fu_279379_p2     |       xor|   0|  0|    2|           1|           2|
    |xor_ln59_4174_fu_279391_p2     |       xor|   0|  0|    2|           1|           2|
    |xor_ln59_4175_fu_318032_p2     |       xor|   0|  0|    2|           1|           2|
    |xor_ln59_4176_fu_279477_p2     |       xor|   0|  0|    2|           1|           2|
    |xor_ln59_4177_fu_279540_p2     |       xor|   0|  0|    2|           1|           2|
    |xor_ln59_4178_fu_279552_p2     |       xor|   0|  0|    2|           1|           2|
    |xor_ln59_4179_fu_318071_p2     |       xor|   0|  0|    2|           1|           2|
    |xor_ln59_4180_fu_279638_p2     |       xor|   0|  0|    2|           1|           2|
    |xor_ln59_4181_fu_279701_p2     |       xor|   0|  0|    2|           1|           2|
    |xor_ln59_4182_fu_279713_p2     |       xor|   0|  0|    2|           1|           2|
    |xor_ln59_4183_fu_318110_p2     |       xor|   0|  0|    2|           1|           2|
    |xor_ln59_4184_fu_279799_p2     |       xor|   0|  0|    2|           1|           2|
    |xor_ln59_4185_fu_279862_p2     |       xor|   0|  0|    2|           1|           2|
    |xor_ln59_4186_fu_279874_p2     |       xor|   0|  0|    2|           1|           2|
    |xor_ln59_4187_fu_318149_p2     |       xor|   0|  0|    2|           1|           2|
    |xor_ln59_4188_fu_279960_p2     |       xor|   0|  0|    2|           1|           2|
    |xor_ln59_4189_fu_280023_p2     |       xor|   0|  0|    2|           1|           2|
    |xor_ln59_4190_fu_280035_p2     |       xor|   0|  0|    2|           1|           2|
    |xor_ln59_4191_fu_318188_p2     |       xor|   0|  0|    2|           1|           2|
    |xor_ln59_4192_fu_280121_p2     |       xor|   0|  0|    2|           1|           2|
    |xor_ln59_4193_fu_280184_p2     |       xor|   0|  0|    2|           1|           2|
    |xor_ln59_4194_fu_280196_p2     |       xor|   0|  0|    2|           1|           2|
    |xor_ln59_4195_fu_318227_p2     |       xor|   0|  0|    2|           1|           2|
    |xor_ln59_4196_fu_280282_p2     |       xor|   0|  0|    2|           1|           2|
    |xor_ln59_4197_fu_280345_p2     |       xor|   0|  0|    2|           1|           2|
    |xor_ln59_4198_fu_280357_p2     |       xor|   0|  0|    2|           1|           2|
    |xor_ln59_4199_fu_318266_p2     |       xor|   0|  0|    2|           1|           2|
    |xor_ln59_4200_fu_280443_p2     |       xor|   0|  0|    2|           1|           2|
    |xor_ln59_4201_fu_280506_p2     |       xor|   0|  0|    2|           1|           2|
    |xor_ln59_4202_fu_280518_p2     |       xor|   0|  0|    2|           1|           2|
    |xor_ln59_4203_fu_318305_p2     |       xor|   0|  0|    2|           1|           2|
    |xor_ln59_4204_fu_280604_p2     |       xor|   0|  0|    2|           1|           2|
    |xor_ln59_4205_fu_280667_p2     |       xor|   0|  0|    2|           1|           2|
    |xor_ln59_4206_fu_280679_p2     |       xor|   0|  0|    2|           1|           2|
    |xor_ln59_4207_fu_318344_p2     |       xor|   0|  0|    2|           1|           2|
    |xor_ln59_4208_fu_280765_p2     |       xor|   0|  0|    2|           1|           2|
    |xor_ln59_4209_fu_280828_p2     |       xor|   0|  0|    2|           1|           2|
    |xor_ln59_4210_fu_280840_p2     |       xor|   0|  0|    2|           1|           2|
    |xor_ln59_4211_fu_318383_p2     |       xor|   0|  0|    2|           1|           2|
    |xor_ln59_4212_fu_280926_p2     |       xor|   0|  0|    2|           1|           2|
    |xor_ln59_4213_fu_280989_p2     |       xor|   0|  0|    2|           1|           2|
    |xor_ln59_4214_fu_281001_p2     |       xor|   0|  0|    2|           1|           2|
    |xor_ln59_4215_fu_318422_p2     |       xor|   0|  0|    2|           1|           2|
    |xor_ln59_4216_fu_281087_p2     |       xor|   0|  0|    2|           1|           2|
    |xor_ln59_4217_fu_281150_p2     |       xor|   0|  0|    2|           1|           2|
    |xor_ln59_4218_fu_281162_p2     |       xor|   0|  0|    2|           1|           2|
    |xor_ln59_4219_fu_318461_p2     |       xor|   0|  0|    2|           1|           2|
    |xor_ln59_4220_fu_281248_p2     |       xor|   0|  0|    2|           1|           2|
    |xor_ln59_4221_fu_281311_p2     |       xor|   0|  0|    2|           1|           2|
    |xor_ln59_4222_fu_281323_p2     |       xor|   0|  0|    2|           1|           2|
    |xor_ln59_4223_fu_318500_p2     |       xor|   0|  0|    2|           1|           2|
    |xor_ln59_4224_fu_281409_p2     |       xor|   0|  0|    2|           1|           2|
    |xor_ln59_4225_fu_281472_p2     |       xor|   0|  0|    2|           1|           2|
    |xor_ln59_4226_fu_281484_p2     |       xor|   0|  0|    2|           1|           2|
    |xor_ln59_4227_fu_318539_p2     |       xor|   0|  0|    2|           1|           2|
    |xor_ln59_4228_fu_281570_p2     |       xor|   0|  0|    2|           1|           2|
    |xor_ln59_4229_fu_281633_p2     |       xor|   0|  0|    2|           1|           2|
    |xor_ln59_4230_fu_281645_p2     |       xor|   0|  0|    2|           1|           2|
    |xor_ln59_4231_fu_318578_p2     |       xor|   0|  0|    2|           1|           2|
    |xor_ln59_4232_fu_281731_p2     |       xor|   0|  0|    2|           1|           2|
    |xor_ln59_4233_fu_281794_p2     |       xor|   0|  0|    2|           1|           2|
    |xor_ln59_4234_fu_281806_p2     |       xor|   0|  0|    2|           1|           2|
    |xor_ln59_4235_fu_318617_p2     |       xor|   0|  0|    2|           1|           2|
    |xor_ln59_4236_fu_281892_p2     |       xor|   0|  0|    2|           1|           2|
    |xor_ln59_4237_fu_281955_p2     |       xor|   0|  0|    2|           1|           2|
    |xor_ln59_4238_fu_281967_p2     |       xor|   0|  0|    2|           1|           2|
    |xor_ln59_4239_fu_318656_p2     |       xor|   0|  0|    2|           1|           2|
    |xor_ln59_4240_fu_282053_p2     |       xor|   0|  0|    2|           1|           2|
    |xor_ln59_4241_fu_282116_p2     |       xor|   0|  0|    2|           1|           2|
    |xor_ln59_4242_fu_282128_p2     |       xor|   0|  0|    2|           1|           2|
    |xor_ln59_4243_fu_318695_p2     |       xor|   0|  0|    2|           1|           2|
    |xor_ln59_4244_fu_282214_p2     |       xor|   0|  0|    2|           1|           2|
    |xor_ln59_4245_fu_282277_p2     |       xor|   0|  0|    2|           1|           2|
    |xor_ln59_4246_fu_282289_p2     |       xor|   0|  0|    2|           1|           2|
    |xor_ln59_4247_fu_318734_p2     |       xor|   0|  0|    2|           1|           2|
    |xor_ln59_4248_fu_282375_p2     |       xor|   0|  0|    2|           1|           2|
    |xor_ln59_4249_fu_282438_p2     |       xor|   0|  0|    2|           1|           2|
    |xor_ln59_4250_fu_282450_p2     |       xor|   0|  0|    2|           1|           2|
    |xor_ln59_4251_fu_318773_p2     |       xor|   0|  0|    2|           1|           2|
    |xor_ln59_4252_fu_282536_p2     |       xor|   0|  0|    2|           1|           2|
    |xor_ln59_4253_fu_282599_p2     |       xor|   0|  0|    2|           1|           2|
    |xor_ln59_4254_fu_282611_p2     |       xor|   0|  0|    2|           1|           2|
    |xor_ln59_4255_fu_318812_p2     |       xor|   0|  0|    2|           1|           2|
    |xor_ln59_4256_fu_282697_p2     |       xor|   0|  0|    2|           1|           2|
    |xor_ln59_4257_fu_282760_p2     |       xor|   0|  0|    2|           1|           2|
    |xor_ln59_4258_fu_282772_p2     |       xor|   0|  0|    2|           1|           2|
    |xor_ln59_4259_fu_318851_p2     |       xor|   0|  0|    2|           1|           2|
    |xor_ln59_4260_fu_282858_p2     |       xor|   0|  0|    2|           1|           2|
    |xor_ln59_4261_fu_282921_p2     |       xor|   0|  0|    2|           1|           2|
    |xor_ln59_4262_fu_282933_p2     |       xor|   0|  0|    2|           1|           2|
    |xor_ln59_4263_fu_318890_p2     |       xor|   0|  0|    2|           1|           2|
    |xor_ln59_4264_fu_283019_p2     |       xor|   0|  0|    2|           1|           2|
    |xor_ln59_4265_fu_283082_p2     |       xor|   0|  0|    2|           1|           2|
    |xor_ln59_4266_fu_283094_p2     |       xor|   0|  0|    2|           1|           2|
    |xor_ln59_4267_fu_318929_p2     |       xor|   0|  0|    2|           1|           2|
    |xor_ln59_4268_fu_283180_p2     |       xor|   0|  0|    2|           1|           2|
    |xor_ln59_4269_fu_283243_p2     |       xor|   0|  0|    2|           1|           2|
    |xor_ln59_4270_fu_283255_p2     |       xor|   0|  0|    2|           1|           2|
    |xor_ln59_4271_fu_318968_p2     |       xor|   0|  0|    2|           1|           2|
    |xor_ln59_4272_fu_283341_p2     |       xor|   0|  0|    2|           1|           2|
    |xor_ln59_4273_fu_283404_p2     |       xor|   0|  0|    2|           1|           2|
    |xor_ln59_4274_fu_283416_p2     |       xor|   0|  0|    2|           1|           2|
    |xor_ln59_4275_fu_319007_p2     |       xor|   0|  0|    2|           1|           2|
    |xor_ln59_4276_fu_283502_p2     |       xor|   0|  0|    2|           1|           2|
    |xor_ln59_4277_fu_283565_p2     |       xor|   0|  0|    2|           1|           2|
    |xor_ln59_4278_fu_283577_p2     |       xor|   0|  0|    2|           1|           2|
    |xor_ln59_4279_fu_319046_p2     |       xor|   0|  0|    2|           1|           2|
    |xor_ln59_4280_fu_283663_p2     |       xor|   0|  0|    2|           1|           2|
    |xor_ln59_4281_fu_283726_p2     |       xor|   0|  0|    2|           1|           2|
    |xor_ln59_4282_fu_283738_p2     |       xor|   0|  0|    2|           1|           2|
    |xor_ln59_4283_fu_319085_p2     |       xor|   0|  0|    2|           1|           2|
    |xor_ln59_4284_fu_283824_p2     |       xor|   0|  0|    2|           1|           2|
    |xor_ln59_4285_fu_283887_p2     |       xor|   0|  0|    2|           1|           2|
    |xor_ln59_4286_fu_283899_p2     |       xor|   0|  0|    2|           1|           2|
    |xor_ln59_4287_fu_319124_p2     |       xor|   0|  0|    2|           1|           2|
    |xor_ln59_4288_fu_283985_p2     |       xor|   0|  0|    2|           1|           2|
    |xor_ln59_4289_fu_284048_p2     |       xor|   0|  0|    2|           1|           2|
    |xor_ln59_4290_fu_284060_p2     |       xor|   0|  0|    2|           1|           2|
    |xor_ln59_4291_fu_319163_p2     |       xor|   0|  0|    2|           1|           2|
    |xor_ln59_4292_fu_284146_p2     |       xor|   0|  0|    2|           1|           2|
    |xor_ln59_4293_fu_284209_p2     |       xor|   0|  0|    2|           1|           2|
    |xor_ln59_4294_fu_284221_p2     |       xor|   0|  0|    2|           1|           2|
    |xor_ln59_4295_fu_319202_p2     |       xor|   0|  0|    2|           1|           2|
    |xor_ln59_4296_fu_284307_p2     |       xor|   0|  0|    2|           1|           2|
    |xor_ln59_4297_fu_284370_p2     |       xor|   0|  0|    2|           1|           2|
    |xor_ln59_4298_fu_284382_p2     |       xor|   0|  0|    2|           1|           2|
    |xor_ln59_4299_fu_319241_p2     |       xor|   0|  0|    2|           1|           2|
    |xor_ln59_4300_fu_284468_p2     |       xor|   0|  0|    2|           1|           2|
    |xor_ln59_4301_fu_284531_p2     |       xor|   0|  0|    2|           1|           2|
    |xor_ln59_4302_fu_284543_p2     |       xor|   0|  0|    2|           1|           2|
    |xor_ln59_4303_fu_319280_p2     |       xor|   0|  0|    2|           1|           2|
    |xor_ln59_4304_fu_284629_p2     |       xor|   0|  0|    2|           1|           2|
    |xor_ln59_4305_fu_284692_p2     |       xor|   0|  0|    2|           1|           2|
    |xor_ln59_4306_fu_284704_p2     |       xor|   0|  0|    2|           1|           2|
    |xor_ln59_4307_fu_319319_p2     |       xor|   0|  0|    2|           1|           2|
    |xor_ln59_4308_fu_284790_p2     |       xor|   0|  0|    2|           1|           2|
    |xor_ln59_4309_fu_284853_p2     |       xor|   0|  0|    2|           1|           2|
    |xor_ln59_4310_fu_284865_p2     |       xor|   0|  0|    2|           1|           2|
    |xor_ln59_4311_fu_319358_p2     |       xor|   0|  0|    2|           1|           2|
    |xor_ln59_4312_fu_284951_p2     |       xor|   0|  0|    2|           1|           2|
    |xor_ln59_4313_fu_285014_p2     |       xor|   0|  0|    2|           1|           2|
    |xor_ln59_4314_fu_285026_p2     |       xor|   0|  0|    2|           1|           2|
    |xor_ln59_4315_fu_319397_p2     |       xor|   0|  0|    2|           1|           2|
    |xor_ln59_4316_fu_285112_p2     |       xor|   0|  0|    2|           1|           2|
    |xor_ln59_4317_fu_285175_p2     |       xor|   0|  0|    2|           1|           2|
    |xor_ln59_4318_fu_285187_p2     |       xor|   0|  0|    2|           1|           2|
    |xor_ln59_4319_fu_319436_p2     |       xor|   0|  0|    2|           1|           2|
    |xor_ln59_4320_fu_285273_p2     |       xor|   0|  0|    2|           1|           2|
    |xor_ln59_4321_fu_285336_p2     |       xor|   0|  0|    2|           1|           2|
    |xor_ln59_4322_fu_285348_p2     |       xor|   0|  0|    2|           1|           2|
    |xor_ln59_4323_fu_319475_p2     |       xor|   0|  0|    2|           1|           2|
    |xor_ln59_4324_fu_285434_p2     |       xor|   0|  0|    2|           1|           2|
    |xor_ln59_4325_fu_285497_p2     |       xor|   0|  0|    2|           1|           2|
    |xor_ln59_4326_fu_285509_p2     |       xor|   0|  0|    2|           1|           2|
    |xor_ln59_4327_fu_319514_p2     |       xor|   0|  0|    2|           1|           2|
    |xor_ln59_4328_fu_285595_p2     |       xor|   0|  0|    2|           1|           2|
    |xor_ln59_4329_fu_285658_p2     |       xor|   0|  0|    2|           1|           2|
    |xor_ln59_4330_fu_285670_p2     |       xor|   0|  0|    2|           1|           2|
    |xor_ln59_4331_fu_319553_p2     |       xor|   0|  0|    2|           1|           2|
    |xor_ln59_4332_fu_285756_p2     |       xor|   0|  0|    2|           1|           2|
    |xor_ln59_4333_fu_285819_p2     |       xor|   0|  0|    2|           1|           2|
    |xor_ln59_4334_fu_285831_p2     |       xor|   0|  0|    2|           1|           2|
    |xor_ln59_4335_fu_319592_p2     |       xor|   0|  0|    2|           1|           2|
    |xor_ln59_4336_fu_285917_p2     |       xor|   0|  0|    2|           1|           2|
    |xor_ln59_4337_fu_285980_p2     |       xor|   0|  0|    2|           1|           2|
    |xor_ln59_4338_fu_285992_p2     |       xor|   0|  0|    2|           1|           2|
    |xor_ln59_4339_fu_319631_p2     |       xor|   0|  0|    2|           1|           2|
    |xor_ln59_4340_fu_286078_p2     |       xor|   0|  0|    2|           1|           2|
    |xor_ln59_4341_fu_286141_p2     |       xor|   0|  0|    2|           1|           2|
    |xor_ln59_4342_fu_286153_p2     |       xor|   0|  0|    2|           1|           2|
    |xor_ln59_4343_fu_319670_p2     |       xor|   0|  0|    2|           1|           2|
    |xor_ln59_4344_fu_286239_p2     |       xor|   0|  0|    2|           1|           2|
    |xor_ln59_4345_fu_286302_p2     |       xor|   0|  0|    2|           1|           2|
    |xor_ln59_4346_fu_286314_p2     |       xor|   0|  0|    2|           1|           2|
    |xor_ln59_4347_fu_319709_p2     |       xor|   0|  0|    2|           1|           2|
    |xor_ln59_4348_fu_286400_p2     |       xor|   0|  0|    2|           1|           2|
    |xor_ln59_4349_fu_286463_p2     |       xor|   0|  0|    2|           1|           2|
    |xor_ln59_4350_fu_286475_p2     |       xor|   0|  0|    2|           1|           2|
    |xor_ln59_4351_fu_319748_p2     |       xor|   0|  0|    2|           1|           2|
    |xor_ln59_4352_fu_286561_p2     |       xor|   0|  0|    2|           1|           2|
    |xor_ln59_4353_fu_286624_p2     |       xor|   0|  0|    2|           1|           2|
    |xor_ln59_4354_fu_286636_p2     |       xor|   0|  0|    2|           1|           2|
    |xor_ln59_4355_fu_319787_p2     |       xor|   0|  0|    2|           1|           2|
    |xor_ln59_4356_fu_286722_p2     |       xor|   0|  0|    2|           1|           2|
    |xor_ln59_4357_fu_286785_p2     |       xor|   0|  0|    2|           1|           2|
    |xor_ln59_4358_fu_286797_p2     |       xor|   0|  0|    2|           1|           2|
    |xor_ln59_4359_fu_319826_p2     |       xor|   0|  0|    2|           1|           2|
    |xor_ln59_4360_fu_286883_p2     |       xor|   0|  0|    2|           1|           2|
    |xor_ln59_4361_fu_286946_p2     |       xor|   0|  0|    2|           1|           2|
    |xor_ln59_4362_fu_286958_p2     |       xor|   0|  0|    2|           1|           2|
    |xor_ln59_4363_fu_319865_p2     |       xor|   0|  0|    2|           1|           2|
    |xor_ln59_4364_fu_287044_p2     |       xor|   0|  0|    2|           1|           2|
    |xor_ln59_4365_fu_287107_p2     |       xor|   0|  0|    2|           1|           2|
    |xor_ln59_4366_fu_287119_p2     |       xor|   0|  0|    2|           1|           2|
    |xor_ln59_4367_fu_319904_p2     |       xor|   0|  0|    2|           1|           2|
    |xor_ln59_4368_fu_287205_p2     |       xor|   0|  0|    2|           1|           2|
    |xor_ln59_4369_fu_287268_p2     |       xor|   0|  0|    2|           1|           2|
    |xor_ln59_4370_fu_287280_p2     |       xor|   0|  0|    2|           1|           2|
    |xor_ln59_4371_fu_319943_p2     |       xor|   0|  0|    2|           1|           2|
    |xor_ln59_4372_fu_287366_p2     |       xor|   0|  0|    2|           1|           2|
    |xor_ln59_4373_fu_287429_p2     |       xor|   0|  0|    2|           1|           2|
    |xor_ln59_4374_fu_287441_p2     |       xor|   0|  0|    2|           1|           2|
    |xor_ln59_4375_fu_319982_p2     |       xor|   0|  0|    2|           1|           2|
    |xor_ln59_4376_fu_287527_p2     |       xor|   0|  0|    2|           1|           2|
    |xor_ln59_4377_fu_287590_p2     |       xor|   0|  0|    2|           1|           2|
    |xor_ln59_4378_fu_287602_p2     |       xor|   0|  0|    2|           1|           2|
    |xor_ln59_4379_fu_320021_p2     |       xor|   0|  0|    2|           1|           2|
    |xor_ln59_4380_fu_287688_p2     |       xor|   0|  0|    2|           1|           2|
    |xor_ln59_4381_fu_287751_p2     |       xor|   0|  0|    2|           1|           2|
    |xor_ln59_4382_fu_287763_p2     |       xor|   0|  0|    2|           1|           2|
    |xor_ln59_4383_fu_320060_p2     |       xor|   0|  0|    2|           1|           2|
    |xor_ln59_4384_fu_287849_p2     |       xor|   0|  0|    2|           1|           2|
    |xor_ln59_4385_fu_287912_p2     |       xor|   0|  0|    2|           1|           2|
    |xor_ln59_4386_fu_287924_p2     |       xor|   0|  0|    2|           1|           2|
    |xor_ln59_4387_fu_320099_p2     |       xor|   0|  0|    2|           1|           2|
    |xor_ln59_4388_fu_288010_p2     |       xor|   0|  0|    2|           1|           2|
    |xor_ln59_4389_fu_288073_p2     |       xor|   0|  0|    2|           1|           2|
    |xor_ln59_4390_fu_288085_p2     |       xor|   0|  0|    2|           1|           2|
    |xor_ln59_4391_fu_320138_p2     |       xor|   0|  0|    2|           1|           2|
    |xor_ln59_4392_fu_288171_p2     |       xor|   0|  0|    2|           1|           2|
    |xor_ln59_4393_fu_288234_p2     |       xor|   0|  0|    2|           1|           2|
    |xor_ln59_4394_fu_288246_p2     |       xor|   0|  0|    2|           1|           2|
    |xor_ln59_4395_fu_320177_p2     |       xor|   0|  0|    2|           1|           2|
    |xor_ln59_4396_fu_288332_p2     |       xor|   0|  0|    2|           1|           2|
    |xor_ln59_4397_fu_288395_p2     |       xor|   0|  0|    2|           1|           2|
    |xor_ln59_4398_fu_288407_p2     |       xor|   0|  0|    2|           1|           2|
    |xor_ln59_4399_fu_320216_p2     |       xor|   0|  0|    2|           1|           2|
    |xor_ln59_4400_fu_288493_p2     |       xor|   0|  0|    2|           1|           2|
    |xor_ln59_4401_fu_288556_p2     |       xor|   0|  0|    2|           1|           2|
    |xor_ln59_4402_fu_288568_p2     |       xor|   0|  0|    2|           1|           2|
    |xor_ln59_4403_fu_320255_p2     |       xor|   0|  0|    2|           1|           2|
    |xor_ln59_4404_fu_288654_p2     |       xor|   0|  0|    2|           1|           2|
    |xor_ln59_4405_fu_288717_p2     |       xor|   0|  0|    2|           1|           2|
    |xor_ln59_4406_fu_288729_p2     |       xor|   0|  0|    2|           1|           2|
    |xor_ln59_4407_fu_320294_p2     |       xor|   0|  0|    2|           1|           2|
    |xor_ln59_4408_fu_288815_p2     |       xor|   0|  0|    2|           1|           2|
    |xor_ln59_4409_fu_288878_p2     |       xor|   0|  0|    2|           1|           2|
    |xor_ln59_4410_fu_288890_p2     |       xor|   0|  0|    2|           1|           2|
    |xor_ln59_4411_fu_320333_p2     |       xor|   0|  0|    2|           1|           2|
    |xor_ln59_4412_fu_288976_p2     |       xor|   0|  0|    2|           1|           2|
    |xor_ln59_4413_fu_289039_p2     |       xor|   0|  0|    2|           1|           2|
    |xor_ln59_4414_fu_289051_p2     |       xor|   0|  0|    2|           1|           2|
    |xor_ln59_4415_fu_320372_p2     |       xor|   0|  0|    2|           1|           2|
    |xor_ln59_4416_fu_289137_p2     |       xor|   0|  0|    2|           1|           2|
    |xor_ln59_4417_fu_289200_p2     |       xor|   0|  0|    2|           1|           2|
    |xor_ln59_4418_fu_289212_p2     |       xor|   0|  0|    2|           1|           2|
    |xor_ln59_4419_fu_320411_p2     |       xor|   0|  0|    2|           1|           2|
    |xor_ln59_4420_fu_289298_p2     |       xor|   0|  0|    2|           1|           2|
    |xor_ln59_4421_fu_289361_p2     |       xor|   0|  0|    2|           1|           2|
    |xor_ln59_4422_fu_289373_p2     |       xor|   0|  0|    2|           1|           2|
    |xor_ln59_4423_fu_320450_p2     |       xor|   0|  0|    2|           1|           2|
    |xor_ln59_4424_fu_289459_p2     |       xor|   0|  0|    2|           1|           2|
    |xor_ln59_4425_fu_289522_p2     |       xor|   0|  0|    2|           1|           2|
    |xor_ln59_4426_fu_289534_p2     |       xor|   0|  0|    2|           1|           2|
    |xor_ln59_4427_fu_320489_p2     |       xor|   0|  0|    2|           1|           2|
    |xor_ln59_4428_fu_289620_p2     |       xor|   0|  0|    2|           1|           2|
    |xor_ln59_4429_fu_289683_p2     |       xor|   0|  0|    2|           1|           2|
    |xor_ln59_4430_fu_289695_p2     |       xor|   0|  0|    2|           1|           2|
    |xor_ln59_4431_fu_320528_p2     |       xor|   0|  0|    2|           1|           2|
    |xor_ln59_4432_fu_289781_p2     |       xor|   0|  0|    2|           1|           2|
    |xor_ln59_4433_fu_289844_p2     |       xor|   0|  0|    2|           1|           2|
    |xor_ln59_4434_fu_289856_p2     |       xor|   0|  0|    2|           1|           2|
    |xor_ln59_4435_fu_320567_p2     |       xor|   0|  0|    2|           1|           2|
    |xor_ln59_4436_fu_289942_p2     |       xor|   0|  0|    2|           1|           2|
    |xor_ln59_4437_fu_290005_p2     |       xor|   0|  0|    2|           1|           2|
    |xor_ln59_4438_fu_290017_p2     |       xor|   0|  0|    2|           1|           2|
    |xor_ln59_4439_fu_320606_p2     |       xor|   0|  0|    2|           1|           2|
    |xor_ln59_4440_fu_290103_p2     |       xor|   0|  0|    2|           1|           2|
    |xor_ln59_4441_fu_290166_p2     |       xor|   0|  0|    2|           1|           2|
    |xor_ln59_4442_fu_290178_p2     |       xor|   0|  0|    2|           1|           2|
    |xor_ln59_4443_fu_320645_p2     |       xor|   0|  0|    2|           1|           2|
    |xor_ln59_4444_fu_290264_p2     |       xor|   0|  0|    2|           1|           2|
    |xor_ln59_4445_fu_290327_p2     |       xor|   0|  0|    2|           1|           2|
    |xor_ln59_4446_fu_290339_p2     |       xor|   0|  0|    2|           1|           2|
    |xor_ln59_4447_fu_320684_p2     |       xor|   0|  0|    2|           1|           2|
    |xor_ln59_4448_fu_290425_p2     |       xor|   0|  0|    2|           1|           2|
    |xor_ln59_4449_fu_290488_p2     |       xor|   0|  0|    2|           1|           2|
    |xor_ln59_4450_fu_290500_p2     |       xor|   0|  0|    2|           1|           2|
    |xor_ln59_4451_fu_320723_p2     |       xor|   0|  0|    2|           1|           2|
    |xor_ln59_4452_fu_290586_p2     |       xor|   0|  0|    2|           1|           2|
    |xor_ln59_4453_fu_290649_p2     |       xor|   0|  0|    2|           1|           2|
    |xor_ln59_4454_fu_290661_p2     |       xor|   0|  0|    2|           1|           2|
    |xor_ln59_4455_fu_320762_p2     |       xor|   0|  0|    2|           1|           2|
    |xor_ln59_4456_fu_290747_p2     |       xor|   0|  0|    2|           1|           2|
    |xor_ln59_4457_fu_290810_p2     |       xor|   0|  0|    2|           1|           2|
    |xor_ln59_4458_fu_290822_p2     |       xor|   0|  0|    2|           1|           2|
    |xor_ln59_4459_fu_320801_p2     |       xor|   0|  0|    2|           1|           2|
    |xor_ln59_4460_fu_290908_p2     |       xor|   0|  0|    2|           1|           2|
    |xor_ln59_4461_fu_290971_p2     |       xor|   0|  0|    2|           1|           2|
    |xor_ln59_4462_fu_290983_p2     |       xor|   0|  0|    2|           1|           2|
    |xor_ln59_4463_fu_320840_p2     |       xor|   0|  0|    2|           1|           2|
    |xor_ln59_4464_fu_291069_p2     |       xor|   0|  0|    2|           1|           2|
    |xor_ln59_4465_fu_291132_p2     |       xor|   0|  0|    2|           1|           2|
    |xor_ln59_4466_fu_291144_p2     |       xor|   0|  0|    2|           1|           2|
    |xor_ln59_4467_fu_320879_p2     |       xor|   0|  0|    2|           1|           2|
    |xor_ln59_4468_fu_291230_p2     |       xor|   0|  0|    2|           1|           2|
    |xor_ln59_4469_fu_291293_p2     |       xor|   0|  0|    2|           1|           2|
    |xor_ln59_4470_fu_291305_p2     |       xor|   0|  0|    2|           1|           2|
    |xor_ln59_4471_fu_320918_p2     |       xor|   0|  0|    2|           1|           2|
    |xor_ln59_4472_fu_291391_p2     |       xor|   0|  0|    2|           1|           2|
    |xor_ln59_4473_fu_291454_p2     |       xor|   0|  0|    2|           1|           2|
    |xor_ln59_4474_fu_291466_p2     |       xor|   0|  0|    2|           1|           2|
    |xor_ln59_4475_fu_320957_p2     |       xor|   0|  0|    2|           1|           2|
    |xor_ln59_4476_fu_291552_p2     |       xor|   0|  0|    2|           1|           2|
    |xor_ln59_4477_fu_291615_p2     |       xor|   0|  0|    2|           1|           2|
    |xor_ln59_4478_fu_291627_p2     |       xor|   0|  0|    2|           1|           2|
    |xor_ln59_4479_fu_320996_p2     |       xor|   0|  0|    2|           1|           2|
    |xor_ln59_4480_fu_291713_p2     |       xor|   0|  0|    2|           1|           2|
    |xor_ln59_4481_fu_291776_p2     |       xor|   0|  0|    2|           1|           2|
    |xor_ln59_4482_fu_291788_p2     |       xor|   0|  0|    2|           1|           2|
    |xor_ln59_4483_fu_321035_p2     |       xor|   0|  0|    2|           1|           2|
    |xor_ln59_4484_fu_291874_p2     |       xor|   0|  0|    2|           1|           2|
    |xor_ln59_4485_fu_291937_p2     |       xor|   0|  0|    2|           1|           2|
    |xor_ln59_4486_fu_291949_p2     |       xor|   0|  0|    2|           1|           2|
    |xor_ln59_4487_fu_321074_p2     |       xor|   0|  0|    2|           1|           2|
    |xor_ln59_4488_fu_292035_p2     |       xor|   0|  0|    2|           1|           2|
    |xor_ln59_4489_fu_292098_p2     |       xor|   0|  0|    2|           1|           2|
    |xor_ln59_4490_fu_292110_p2     |       xor|   0|  0|    2|           1|           2|
    |xor_ln59_4491_fu_321113_p2     |       xor|   0|  0|    2|           1|           2|
    |xor_ln59_4492_fu_292196_p2     |       xor|   0|  0|    2|           1|           2|
    |xor_ln59_4493_fu_292259_p2     |       xor|   0|  0|    2|           1|           2|
    |xor_ln59_4494_fu_292271_p2     |       xor|   0|  0|    2|           1|           2|
    |xor_ln59_4495_fu_321152_p2     |       xor|   0|  0|    2|           1|           2|
    |xor_ln59_4496_fu_292357_p2     |       xor|   0|  0|    2|           1|           2|
    |xor_ln59_4497_fu_292420_p2     |       xor|   0|  0|    2|           1|           2|
    |xor_ln59_4498_fu_292432_p2     |       xor|   0|  0|    2|           1|           2|
    |xor_ln59_4499_fu_321191_p2     |       xor|   0|  0|    2|           1|           2|
    |xor_ln59_4500_fu_292518_p2     |       xor|   0|  0|    2|           1|           2|
    |xor_ln59_4501_fu_292581_p2     |       xor|   0|  0|    2|           1|           2|
    |xor_ln59_4502_fu_292593_p2     |       xor|   0|  0|    2|           1|           2|
    |xor_ln59_4503_fu_321230_p2     |       xor|   0|  0|    2|           1|           2|
    |xor_ln59_4504_fu_292679_p2     |       xor|   0|  0|    2|           1|           2|
    |xor_ln59_4505_fu_292742_p2     |       xor|   0|  0|    2|           1|           2|
    |xor_ln59_4506_fu_292754_p2     |       xor|   0|  0|    2|           1|           2|
    |xor_ln59_4507_fu_321269_p2     |       xor|   0|  0|    2|           1|           2|
    |xor_ln59_4508_fu_292840_p2     |       xor|   0|  0|    2|           1|           2|
    |xor_ln59_4509_fu_292903_p2     |       xor|   0|  0|    2|           1|           2|
    |xor_ln59_4510_fu_292915_p2     |       xor|   0|  0|    2|           1|           2|
    |xor_ln59_4511_fu_321308_p2     |       xor|   0|  0|    2|           1|           2|
    |xor_ln59_4512_fu_293001_p2     |       xor|   0|  0|    2|           1|           2|
    |xor_ln59_4513_fu_293064_p2     |       xor|   0|  0|    2|           1|           2|
    |xor_ln59_4514_fu_293076_p2     |       xor|   0|  0|    2|           1|           2|
    |xor_ln59_4515_fu_321347_p2     |       xor|   0|  0|    2|           1|           2|
    |xor_ln59_4516_fu_293162_p2     |       xor|   0|  0|    2|           1|           2|
    |xor_ln59_4517_fu_293225_p2     |       xor|   0|  0|    2|           1|           2|
    |xor_ln59_4518_fu_293237_p2     |       xor|   0|  0|    2|           1|           2|
    |xor_ln59_4519_fu_321386_p2     |       xor|   0|  0|    2|           1|           2|
    |xor_ln59_4520_fu_293323_p2     |       xor|   0|  0|    2|           1|           2|
    |xor_ln59_4521_fu_293386_p2     |       xor|   0|  0|    2|           1|           2|
    |xor_ln59_4522_fu_293398_p2     |       xor|   0|  0|    2|           1|           2|
    |xor_ln59_4523_fu_321425_p2     |       xor|   0|  0|    2|           1|           2|
    |xor_ln59_4524_fu_293484_p2     |       xor|   0|  0|    2|           1|           2|
    |xor_ln59_4525_fu_293547_p2     |       xor|   0|  0|    2|           1|           2|
    |xor_ln59_4526_fu_293559_p2     |       xor|   0|  0|    2|           1|           2|
    |xor_ln59_4527_fu_321464_p2     |       xor|   0|  0|    2|           1|           2|
    |xor_ln59_4528_fu_293645_p2     |       xor|   0|  0|    2|           1|           2|
    |xor_ln59_4529_fu_293708_p2     |       xor|   0|  0|    2|           1|           2|
    |xor_ln59_4530_fu_293720_p2     |       xor|   0|  0|    2|           1|           2|
    |xor_ln59_4531_fu_321503_p2     |       xor|   0|  0|    2|           1|           2|
    |xor_ln59_4532_fu_293806_p2     |       xor|   0|  0|    2|           1|           2|
    |xor_ln59_4533_fu_293869_p2     |       xor|   0|  0|    2|           1|           2|
    |xor_ln59_4534_fu_293881_p2     |       xor|   0|  0|    2|           1|           2|
    |xor_ln59_4535_fu_321542_p2     |       xor|   0|  0|    2|           1|           2|
    |xor_ln59_4536_fu_293967_p2     |       xor|   0|  0|    2|           1|           2|
    |xor_ln59_4537_fu_294030_p2     |       xor|   0|  0|    2|           1|           2|
    |xor_ln59_4538_fu_294042_p2     |       xor|   0|  0|    2|           1|           2|
    |xor_ln59_4539_fu_321581_p2     |       xor|   0|  0|    2|           1|           2|
    |xor_ln59_4540_fu_294128_p2     |       xor|   0|  0|    2|           1|           2|
    |xor_ln59_4541_fu_294191_p2     |       xor|   0|  0|    2|           1|           2|
    |xor_ln59_4542_fu_294203_p2     |       xor|   0|  0|    2|           1|           2|
    |xor_ln59_4543_fu_321620_p2     |       xor|   0|  0|    2|           1|           2|
    |xor_ln59_4544_fu_294289_p2     |       xor|   0|  0|    2|           1|           2|
    |xor_ln59_4545_fu_294352_p2     |       xor|   0|  0|    2|           1|           2|
    |xor_ln59_4546_fu_294364_p2     |       xor|   0|  0|    2|           1|           2|
    |xor_ln59_4547_fu_321659_p2     |       xor|   0|  0|    2|           1|           2|
    |xor_ln59_4548_fu_294450_p2     |       xor|   0|  0|    2|           1|           2|
    |xor_ln59_4549_fu_294513_p2     |       xor|   0|  0|    2|           1|           2|
    |xor_ln59_4550_fu_294525_p2     |       xor|   0|  0|    2|           1|           2|
    |xor_ln59_4551_fu_321698_p2     |       xor|   0|  0|    2|           1|           2|
    |xor_ln59_4552_fu_294611_p2     |       xor|   0|  0|    2|           1|           2|
    |xor_ln59_4553_fu_294674_p2     |       xor|   0|  0|    2|           1|           2|
    |xor_ln59_4554_fu_294686_p2     |       xor|   0|  0|    2|           1|           2|
    |xor_ln59_4555_fu_321737_p2     |       xor|   0|  0|    2|           1|           2|
    |xor_ln59_4556_fu_294772_p2     |       xor|   0|  0|    2|           1|           2|
    |xor_ln59_4557_fu_294835_p2     |       xor|   0|  0|    2|           1|           2|
    |xor_ln59_4558_fu_294847_p2     |       xor|   0|  0|    2|           1|           2|
    |xor_ln59_4559_fu_321776_p2     |       xor|   0|  0|    2|           1|           2|
    |xor_ln59_4560_fu_294933_p2     |       xor|   0|  0|    2|           1|           2|
    |xor_ln59_4561_fu_294996_p2     |       xor|   0|  0|    2|           1|           2|
    |xor_ln59_4562_fu_295008_p2     |       xor|   0|  0|    2|           1|           2|
    |xor_ln59_4563_fu_321815_p2     |       xor|   0|  0|    2|           1|           2|
    |xor_ln59_4564_fu_295094_p2     |       xor|   0|  0|    2|           1|           2|
    |xor_ln59_4565_fu_295157_p2     |       xor|   0|  0|    2|           1|           2|
    |xor_ln59_4566_fu_295169_p2     |       xor|   0|  0|    2|           1|           2|
    |xor_ln59_4567_fu_321854_p2     |       xor|   0|  0|    2|           1|           2|
    |xor_ln59_4568_fu_295255_p2     |       xor|   0|  0|    2|           1|           2|
    |xor_ln59_4569_fu_295318_p2     |       xor|   0|  0|    2|           1|           2|
    |xor_ln59_4570_fu_295330_p2     |       xor|   0|  0|    2|           1|           2|
    |xor_ln59_4571_fu_321893_p2     |       xor|   0|  0|    2|           1|           2|
    |xor_ln59_4572_fu_295416_p2     |       xor|   0|  0|    2|           1|           2|
    |xor_ln59_4573_fu_295479_p2     |       xor|   0|  0|    2|           1|           2|
    |xor_ln59_4574_fu_295491_p2     |       xor|   0|  0|    2|           1|           2|
    |xor_ln59_4575_fu_321932_p2     |       xor|   0|  0|    2|           1|           2|
    |xor_ln59_4576_fu_295577_p2     |       xor|   0|  0|    2|           1|           2|
    |xor_ln59_4577_fu_295640_p2     |       xor|   0|  0|    2|           1|           2|
    |xor_ln59_4578_fu_295652_p2     |       xor|   0|  0|    2|           1|           2|
    |xor_ln59_4579_fu_321971_p2     |       xor|   0|  0|    2|           1|           2|
    |xor_ln59_4580_fu_295738_p2     |       xor|   0|  0|    2|           1|           2|
    |xor_ln59_4581_fu_295801_p2     |       xor|   0|  0|    2|           1|           2|
    |xor_ln59_4582_fu_295813_p2     |       xor|   0|  0|    2|           1|           2|
    |xor_ln59_4583_fu_322010_p2     |       xor|   0|  0|    2|           1|           2|
    |xor_ln59_4584_fu_295899_p2     |       xor|   0|  0|    2|           1|           2|
    |xor_ln59_4585_fu_295962_p2     |       xor|   0|  0|    2|           1|           2|
    |xor_ln59_4586_fu_295974_p2     |       xor|   0|  0|    2|           1|           2|
    |xor_ln59_4587_fu_322049_p2     |       xor|   0|  0|    2|           1|           2|
    |xor_ln59_4588_fu_296060_p2     |       xor|   0|  0|    2|           1|           2|
    |xor_ln59_4589_fu_296123_p2     |       xor|   0|  0|    2|           1|           2|
    |xor_ln59_4590_fu_296135_p2     |       xor|   0|  0|    2|           1|           2|
    |xor_ln59_4591_fu_322088_p2     |       xor|   0|  0|    2|           1|           2|
    |xor_ln59_4592_fu_296221_p2     |       xor|   0|  0|    2|           1|           2|
    |xor_ln59_4593_fu_296284_p2     |       xor|   0|  0|    2|           1|           2|
    |xor_ln59_4594_fu_296296_p2     |       xor|   0|  0|    2|           1|           2|
    |xor_ln59_4595_fu_322127_p2     |       xor|   0|  0|    2|           1|           2|
    |xor_ln59_4596_fu_296382_p2     |       xor|   0|  0|    2|           1|           2|
    |xor_ln59_4597_fu_296445_p2     |       xor|   0|  0|    2|           1|           2|
    |xor_ln59_4598_fu_296457_p2     |       xor|   0|  0|    2|           1|           2|
    |xor_ln59_4599_fu_322166_p2     |       xor|   0|  0|    2|           1|           2|
    |xor_ln59_4600_fu_296543_p2     |       xor|   0|  0|    2|           1|           2|
    |xor_ln59_4601_fu_296606_p2     |       xor|   0|  0|    2|           1|           2|
    |xor_ln59_4602_fu_296618_p2     |       xor|   0|  0|    2|           1|           2|
    |xor_ln59_4603_fu_322205_p2     |       xor|   0|  0|    2|           1|           2|
    |xor_ln59_4604_fu_296704_p2     |       xor|   0|  0|    2|           1|           2|
    |xor_ln59_4605_fu_296767_p2     |       xor|   0|  0|    2|           1|           2|
    |xor_ln59_4606_fu_296779_p2     |       xor|   0|  0|    2|           1|           2|
    |xor_ln59_4607_fu_322244_p2     |       xor|   0|  0|    2|           1|           2|
    |xor_ln59_4608_fu_296865_p2     |       xor|   0|  0|    2|           1|           2|
    |xor_ln59_4609_fu_296928_p2     |       xor|   0|  0|    2|           1|           2|
    |xor_ln59_4610_fu_296940_p2     |       xor|   0|  0|    2|           1|           2|
    |xor_ln59_4611_fu_322283_p2     |       xor|   0|  0|    2|           1|           2|
    |xor_ln59_4612_fu_297026_p2     |       xor|   0|  0|    2|           1|           2|
    |xor_ln59_4613_fu_297089_p2     |       xor|   0|  0|    2|           1|           2|
    |xor_ln59_4614_fu_297101_p2     |       xor|   0|  0|    2|           1|           2|
    |xor_ln59_4615_fu_322322_p2     |       xor|   0|  0|    2|           1|           2|
    |xor_ln59_4616_fu_297187_p2     |       xor|   0|  0|    2|           1|           2|
    |xor_ln59_4617_fu_297250_p2     |       xor|   0|  0|    2|           1|           2|
    |xor_ln59_4618_fu_297262_p2     |       xor|   0|  0|    2|           1|           2|
    |xor_ln59_4619_fu_322361_p2     |       xor|   0|  0|    2|           1|           2|
    |xor_ln59_4620_fu_297348_p2     |       xor|   0|  0|    2|           1|           2|
    |xor_ln59_4621_fu_297411_p2     |       xor|   0|  0|    2|           1|           2|
    |xor_ln59_4622_fu_297423_p2     |       xor|   0|  0|    2|           1|           2|
    |xor_ln59_4623_fu_322400_p2     |       xor|   0|  0|    2|           1|           2|
    |xor_ln59_4624_fu_297509_p2     |       xor|   0|  0|    2|           1|           2|
    |xor_ln59_4625_fu_297572_p2     |       xor|   0|  0|    2|           1|           2|
    |xor_ln59_4626_fu_297584_p2     |       xor|   0|  0|    2|           1|           2|
    |xor_ln59_4627_fu_322439_p2     |       xor|   0|  0|    2|           1|           2|
    |xor_ln59_4628_fu_297670_p2     |       xor|   0|  0|    2|           1|           2|
    |xor_ln59_4629_fu_297733_p2     |       xor|   0|  0|    2|           1|           2|
    |xor_ln59_4630_fu_297745_p2     |       xor|   0|  0|    2|           1|           2|
    |xor_ln59_4631_fu_322478_p2     |       xor|   0|  0|    2|           1|           2|
    |xor_ln59_4632_fu_297831_p2     |       xor|   0|  0|    2|           1|           2|
    |xor_ln59_4633_fu_297894_p2     |       xor|   0|  0|    2|           1|           2|
    |xor_ln59_4634_fu_297906_p2     |       xor|   0|  0|    2|           1|           2|
    |xor_ln59_4635_fu_322517_p2     |       xor|   0|  0|    2|           1|           2|
    |xor_ln59_4636_fu_297992_p2     |       xor|   0|  0|    2|           1|           2|
    |xor_ln59_4637_fu_298055_p2     |       xor|   0|  0|    2|           1|           2|
    |xor_ln59_4638_fu_298067_p2     |       xor|   0|  0|    2|           1|           2|
    |xor_ln59_4639_fu_322556_p2     |       xor|   0|  0|    2|           1|           2|
    |xor_ln59_4640_fu_298153_p2     |       xor|   0|  0|    2|           1|           2|
    |xor_ln59_4641_fu_298216_p2     |       xor|   0|  0|    2|           1|           2|
    |xor_ln59_4642_fu_298228_p2     |       xor|   0|  0|    2|           1|           2|
    |xor_ln59_4643_fu_322595_p2     |       xor|   0|  0|    2|           1|           2|
    |xor_ln59_4644_fu_298314_p2     |       xor|   0|  0|    2|           1|           2|
    |xor_ln59_4645_fu_298377_p2     |       xor|   0|  0|    2|           1|           2|
    |xor_ln59_4646_fu_298389_p2     |       xor|   0|  0|    2|           1|           2|
    |xor_ln59_4647_fu_322634_p2     |       xor|   0|  0|    2|           1|           2|
    |xor_ln59_4648_fu_298475_p2     |       xor|   0|  0|    2|           1|           2|
    |xor_ln59_4649_fu_298538_p2     |       xor|   0|  0|    2|           1|           2|
    |xor_ln59_4650_fu_298550_p2     |       xor|   0|  0|    2|           1|           2|
    |xor_ln59_4651_fu_322673_p2     |       xor|   0|  0|    2|           1|           2|
    |xor_ln59_4652_fu_298636_p2     |       xor|   0|  0|    2|           1|           2|
    |xor_ln59_4653_fu_298699_p2     |       xor|   0|  0|    2|           1|           2|
    |xor_ln59_4654_fu_298711_p2     |       xor|   0|  0|    2|           1|           2|
    |xor_ln59_4655_fu_322712_p2     |       xor|   0|  0|    2|           1|           2|
    |xor_ln59_4656_fu_298797_p2     |       xor|   0|  0|    2|           1|           2|
    |xor_ln59_4657_fu_298860_p2     |       xor|   0|  0|    2|           1|           2|
    |xor_ln59_4658_fu_298872_p2     |       xor|   0|  0|    2|           1|           2|
    |xor_ln59_4659_fu_322751_p2     |       xor|   0|  0|    2|           1|           2|
    |xor_ln59_4660_fu_298958_p2     |       xor|   0|  0|    2|           1|           2|
    |xor_ln59_4661_fu_299021_p2     |       xor|   0|  0|    2|           1|           2|
    |xor_ln59_4662_fu_299033_p2     |       xor|   0|  0|    2|           1|           2|
    |xor_ln59_4663_fu_322790_p2     |       xor|   0|  0|    2|           1|           2|
    |xor_ln59_4664_fu_299119_p2     |       xor|   0|  0|    2|           1|           2|
    |xor_ln59_4665_fu_299182_p2     |       xor|   0|  0|    2|           1|           2|
    |xor_ln59_4666_fu_299194_p2     |       xor|   0|  0|    2|           1|           2|
    |xor_ln59_4667_fu_322829_p2     |       xor|   0|  0|    2|           1|           2|
    |xor_ln59_4668_fu_299280_p2     |       xor|   0|  0|    2|           1|           2|
    |xor_ln59_4669_fu_299343_p2     |       xor|   0|  0|    2|           1|           2|
    |xor_ln59_4670_fu_299355_p2     |       xor|   0|  0|    2|           1|           2|
    |xor_ln59_4671_fu_322868_p2     |       xor|   0|  0|    2|           1|           2|
    |xor_ln59_4672_fu_299441_p2     |       xor|   0|  0|    2|           1|           2|
    |xor_ln59_4673_fu_299504_p2     |       xor|   0|  0|    2|           1|           2|
    |xor_ln59_4674_fu_299516_p2     |       xor|   0|  0|    2|           1|           2|
    |xor_ln59_4675_fu_322907_p2     |       xor|   0|  0|    2|           1|           2|
    |xor_ln59_4676_fu_299602_p2     |       xor|   0|  0|    2|           1|           2|
    |xor_ln59_4677_fu_299665_p2     |       xor|   0|  0|    2|           1|           2|
    |xor_ln59_4678_fu_299677_p2     |       xor|   0|  0|    2|           1|           2|
    |xor_ln59_4679_fu_322946_p2     |       xor|   0|  0|    2|           1|           2|
    |xor_ln59_4680_fu_299763_p2     |       xor|   0|  0|    2|           1|           2|
    |xor_ln59_4681_fu_299826_p2     |       xor|   0|  0|    2|           1|           2|
    |xor_ln59_4682_fu_299838_p2     |       xor|   0|  0|    2|           1|           2|
    |xor_ln59_4683_fu_322985_p2     |       xor|   0|  0|    2|           1|           2|
    |xor_ln59_4684_fu_299924_p2     |       xor|   0|  0|    2|           1|           2|
    |xor_ln59_4685_fu_299987_p2     |       xor|   0|  0|    2|           1|           2|
    |xor_ln59_4686_fu_299999_p2     |       xor|   0|  0|    2|           1|           2|
    |xor_ln59_4687_fu_323024_p2     |       xor|   0|  0|    2|           1|           2|
    |xor_ln59_4688_fu_300085_p2     |       xor|   0|  0|    2|           1|           2|
    |xor_ln59_4689_fu_300148_p2     |       xor|   0|  0|    2|           1|           2|
    |xor_ln59_4690_fu_300160_p2     |       xor|   0|  0|    2|           1|           2|
    |xor_ln59_4691_fu_323063_p2     |       xor|   0|  0|    2|           1|           2|
    |xor_ln59_4692_fu_300246_p2     |       xor|   0|  0|    2|           1|           2|
    |xor_ln59_4693_fu_300309_p2     |       xor|   0|  0|    2|           1|           2|
    |xor_ln59_4694_fu_300321_p2     |       xor|   0|  0|    2|           1|           2|
    |xor_ln59_4695_fu_323102_p2     |       xor|   0|  0|    2|           1|           2|
    |xor_ln59_4696_fu_300407_p2     |       xor|   0|  0|    2|           1|           2|
    |xor_ln59_4697_fu_300470_p2     |       xor|   0|  0|    2|           1|           2|
    |xor_ln59_4698_fu_300482_p2     |       xor|   0|  0|    2|           1|           2|
    |xor_ln59_4699_fu_323141_p2     |       xor|   0|  0|    2|           1|           2|
    |xor_ln59_4700_fu_300568_p2     |       xor|   0|  0|    2|           1|           2|
    |xor_ln59_4701_fu_300631_p2     |       xor|   0|  0|    2|           1|           2|
    |xor_ln59_4702_fu_300643_p2     |       xor|   0|  0|    2|           1|           2|
    |xor_ln59_4703_fu_323180_p2     |       xor|   0|  0|    2|           1|           2|
    |xor_ln59_4704_fu_300729_p2     |       xor|   0|  0|    2|           1|           2|
    |xor_ln59_4705_fu_300792_p2     |       xor|   0|  0|    2|           1|           2|
    |xor_ln59_4706_fu_300804_p2     |       xor|   0|  0|    2|           1|           2|
    |xor_ln59_4707_fu_323219_p2     |       xor|   0|  0|    2|           1|           2|
    |xor_ln59_4708_fu_300890_p2     |       xor|   0|  0|    2|           1|           2|
    |xor_ln59_4709_fu_300953_p2     |       xor|   0|  0|    2|           1|           2|
    |xor_ln59_4710_fu_300965_p2     |       xor|   0|  0|    2|           1|           2|
    |xor_ln59_4711_fu_323258_p2     |       xor|   0|  0|    2|           1|           2|
    |xor_ln59_4712_fu_301051_p2     |       xor|   0|  0|    2|           1|           2|
    |xor_ln59_4713_fu_301114_p2     |       xor|   0|  0|    2|           1|           2|
    |xor_ln59_4714_fu_301126_p2     |       xor|   0|  0|    2|           1|           2|
    |xor_ln59_4715_fu_323297_p2     |       xor|   0|  0|    2|           1|           2|
    |xor_ln59_4716_fu_301212_p2     |       xor|   0|  0|    2|           1|           2|
    |xor_ln59_4717_fu_301275_p2     |       xor|   0|  0|    2|           1|           2|
    |xor_ln59_4718_fu_301287_p2     |       xor|   0|  0|    2|           1|           2|
    |xor_ln59_4719_fu_323336_p2     |       xor|   0|  0|    2|           1|           2|
    |xor_ln59_4720_fu_301373_p2     |       xor|   0|  0|    2|           1|           2|
    |xor_ln59_4721_fu_301436_p2     |       xor|   0|  0|    2|           1|           2|
    |xor_ln59_4722_fu_301448_p2     |       xor|   0|  0|    2|           1|           2|
    |xor_ln59_4723_fu_323375_p2     |       xor|   0|  0|    2|           1|           2|
    |xor_ln59_4724_fu_301534_p2     |       xor|   0|  0|    2|           1|           2|
    |xor_ln59_4725_fu_301597_p2     |       xor|   0|  0|    2|           1|           2|
    |xor_ln59_4726_fu_301609_p2     |       xor|   0|  0|    2|           1|           2|
    |xor_ln59_4727_fu_323414_p2     |       xor|   0|  0|    2|           1|           2|
    |xor_ln59_4728_fu_301695_p2     |       xor|   0|  0|    2|           1|           2|
    |xor_ln59_4729_fu_301758_p2     |       xor|   0|  0|    2|           1|           2|
    |xor_ln59_4730_fu_301770_p2     |       xor|   0|  0|    2|           1|           2|
    |xor_ln59_4731_fu_323453_p2     |       xor|   0|  0|    2|           1|           2|
    |xor_ln59_4732_fu_301856_p2     |       xor|   0|  0|    2|           1|           2|
    |xor_ln59_4733_fu_301919_p2     |       xor|   0|  0|    2|           1|           2|
    |xor_ln59_4734_fu_301931_p2     |       xor|   0|  0|    2|           1|           2|
    |xor_ln59_4735_fu_323492_p2     |       xor|   0|  0|    2|           1|           2|
    |xor_ln59_4736_fu_302017_p2     |       xor|   0|  0|    2|           1|           2|
    |xor_ln59_4737_fu_302080_p2     |       xor|   0|  0|    2|           1|           2|
    |xor_ln59_4738_fu_302092_p2     |       xor|   0|  0|    2|           1|           2|
    |xor_ln59_4739_fu_323531_p2     |       xor|   0|  0|    2|           1|           2|
    |xor_ln59_4740_fu_302178_p2     |       xor|   0|  0|    2|           1|           2|
    |xor_ln59_4741_fu_302241_p2     |       xor|   0|  0|    2|           1|           2|
    |xor_ln59_4742_fu_302253_p2     |       xor|   0|  0|    2|           1|           2|
    |xor_ln59_4743_fu_323570_p2     |       xor|   0|  0|    2|           1|           2|
    |xor_ln59_4744_fu_302339_p2     |       xor|   0|  0|    2|           1|           2|
    |xor_ln59_4745_fu_302402_p2     |       xor|   0|  0|    2|           1|           2|
    |xor_ln59_4746_fu_302414_p2     |       xor|   0|  0|    2|           1|           2|
    |xor_ln59_4747_fu_323609_p2     |       xor|   0|  0|    2|           1|           2|
    |xor_ln59_4748_fu_302500_p2     |       xor|   0|  0|    2|           1|           2|
    |xor_ln59_4749_fu_302563_p2     |       xor|   0|  0|    2|           1|           2|
    |xor_ln59_4750_fu_302575_p2     |       xor|   0|  0|    2|           1|           2|
    |xor_ln59_4751_fu_323648_p2     |       xor|   0|  0|    2|           1|           2|
    |xor_ln59_4752_fu_302661_p2     |       xor|   0|  0|    2|           1|           2|
    |xor_ln59_4753_fu_302724_p2     |       xor|   0|  0|    2|           1|           2|
    |xor_ln59_4754_fu_302736_p2     |       xor|   0|  0|    2|           1|           2|
    |xor_ln59_4755_fu_323687_p2     |       xor|   0|  0|    2|           1|           2|
    |xor_ln59_4756_fu_302822_p2     |       xor|   0|  0|    2|           1|           2|
    |xor_ln59_4757_fu_302885_p2     |       xor|   0|  0|    2|           1|           2|
    |xor_ln59_4758_fu_302897_p2     |       xor|   0|  0|    2|           1|           2|
    |xor_ln59_4759_fu_323726_p2     |       xor|   0|  0|    2|           1|           2|
    |xor_ln59_4760_fu_302983_p2     |       xor|   0|  0|    2|           1|           2|
    |xor_ln59_4761_fu_303046_p2     |       xor|   0|  0|    2|           1|           2|
    |xor_ln59_4762_fu_303058_p2     |       xor|   0|  0|    2|           1|           2|
    |xor_ln59_4763_fu_323765_p2     |       xor|   0|  0|    2|           1|           2|
    |xor_ln59_4764_fu_303144_p2     |       xor|   0|  0|    2|           1|           2|
    |xor_ln59_4765_fu_303207_p2     |       xor|   0|  0|    2|           1|           2|
    |xor_ln59_4766_fu_303219_p2     |       xor|   0|  0|    2|           1|           2|
    |xor_ln59_4767_fu_323804_p2     |       xor|   0|  0|    2|           1|           2|
    |xor_ln59_4768_fu_303305_p2     |       xor|   0|  0|    2|           1|           2|
    |xor_ln59_4769_fu_303368_p2     |       xor|   0|  0|    2|           1|           2|
    |xor_ln59_4770_fu_303380_p2     |       xor|   0|  0|    2|           1|           2|
    |xor_ln59_4771_fu_323843_p2     |       xor|   0|  0|    2|           1|           2|
    |xor_ln59_4772_fu_303466_p2     |       xor|   0|  0|    2|           1|           2|
    |xor_ln59_4773_fu_303529_p2     |       xor|   0|  0|    2|           1|           2|
    |xor_ln59_4774_fu_303541_p2     |       xor|   0|  0|    2|           1|           2|
    |xor_ln59_4775_fu_323882_p2     |       xor|   0|  0|    2|           1|           2|
    |xor_ln59_4776_fu_303627_p2     |       xor|   0|  0|    2|           1|           2|
    |xor_ln59_4777_fu_303690_p2     |       xor|   0|  0|    2|           1|           2|
    |xor_ln59_4778_fu_303702_p2     |       xor|   0|  0|    2|           1|           2|
    |xor_ln59_4779_fu_323921_p2     |       xor|   0|  0|    2|           1|           2|
    |xor_ln59_4780_fu_303788_p2     |       xor|   0|  0|    2|           1|           2|
    |xor_ln59_4781_fu_303851_p2     |       xor|   0|  0|    2|           1|           2|
    |xor_ln59_4782_fu_303863_p2     |       xor|   0|  0|    2|           1|           2|
    |xor_ln59_4783_fu_323960_p2     |       xor|   0|  0|    2|           1|           2|
    |xor_ln59_4784_fu_303949_p2     |       xor|   0|  0|    2|           1|           2|
    |xor_ln59_4785_fu_304012_p2     |       xor|   0|  0|    2|           1|           2|
    |xor_ln59_4786_fu_304024_p2     |       xor|   0|  0|    2|           1|           2|
    |xor_ln59_4787_fu_323999_p2     |       xor|   0|  0|    2|           1|           2|
    |xor_ln59_4788_fu_304110_p2     |       xor|   0|  0|    2|           1|           2|
    |xor_ln59_4789_fu_304173_p2     |       xor|   0|  0|    2|           1|           2|
    |xor_ln59_4790_fu_304185_p2     |       xor|   0|  0|    2|           1|           2|
    |xor_ln59_4791_fu_324038_p2     |       xor|   0|  0|    2|           1|           2|
    |xor_ln59_4792_fu_304271_p2     |       xor|   0|  0|    2|           1|           2|
    |xor_ln59_4793_fu_304334_p2     |       xor|   0|  0|    2|           1|           2|
    |xor_ln59_4794_fu_304346_p2     |       xor|   0|  0|    2|           1|           2|
    |xor_ln59_4795_fu_324077_p2     |       xor|   0|  0|    2|           1|           2|
    |xor_ln59_4796_fu_304432_p2     |       xor|   0|  0|    2|           1|           2|
    |xor_ln59_4797_fu_304495_p2     |       xor|   0|  0|    2|           1|           2|
    |xor_ln59_4798_fu_304507_p2     |       xor|   0|  0|    2|           1|           2|
    |xor_ln59_4799_fu_324116_p2     |       xor|   0|  0|    2|           1|           2|
    |xor_ln59_4800_fu_304593_p2     |       xor|   0|  0|    2|           1|           2|
    |xor_ln59_4801_fu_304656_p2     |       xor|   0|  0|    2|           1|           2|
    |xor_ln59_4802_fu_304668_p2     |       xor|   0|  0|    2|           1|           2|
    |xor_ln59_4803_fu_324155_p2     |       xor|   0|  0|    2|           1|           2|
    |xor_ln59_4804_fu_304754_p2     |       xor|   0|  0|    2|           1|           2|
    |xor_ln59_4805_fu_304817_p2     |       xor|   0|  0|    2|           1|           2|
    |xor_ln59_4806_fu_304829_p2     |       xor|   0|  0|    2|           1|           2|
    |xor_ln59_4807_fu_324194_p2     |       xor|   0|  0|    2|           1|           2|
    |xor_ln59_4808_fu_304915_p2     |       xor|   0|  0|    2|           1|           2|
    |xor_ln59_4809_fu_304978_p2     |       xor|   0|  0|    2|           1|           2|
    |xor_ln59_4810_fu_304990_p2     |       xor|   0|  0|    2|           1|           2|
    |xor_ln59_4811_fu_324233_p2     |       xor|   0|  0|    2|           1|           2|
    |xor_ln59_4812_fu_305076_p2     |       xor|   0|  0|    2|           1|           2|
    |xor_ln59_4813_fu_305139_p2     |       xor|   0|  0|    2|           1|           2|
    |xor_ln59_4814_fu_305151_p2     |       xor|   0|  0|    2|           1|           2|
    |xor_ln59_4815_fu_324272_p2     |       xor|   0|  0|    2|           1|           2|
    |xor_ln59_4816_fu_305237_p2     |       xor|   0|  0|    2|           1|           2|
    |xor_ln59_4817_fu_305300_p2     |       xor|   0|  0|    2|           1|           2|
    |xor_ln59_4818_fu_305312_p2     |       xor|   0|  0|    2|           1|           2|
    |xor_ln59_4819_fu_324311_p2     |       xor|   0|  0|    2|           1|           2|
    |xor_ln59_4820_fu_305398_p2     |       xor|   0|  0|    2|           1|           2|
    |xor_ln59_4821_fu_305461_p2     |       xor|   0|  0|    2|           1|           2|
    |xor_ln59_4822_fu_305473_p2     |       xor|   0|  0|    2|           1|           2|
    |xor_ln59_4823_fu_324350_p2     |       xor|   0|  0|    2|           1|           2|
    |xor_ln59_4824_fu_305559_p2     |       xor|   0|  0|    2|           1|           2|
    |xor_ln59_4825_fu_305622_p2     |       xor|   0|  0|    2|           1|           2|
    |xor_ln59_4826_fu_305634_p2     |       xor|   0|  0|    2|           1|           2|
    |xor_ln59_4827_fu_324389_p2     |       xor|   0|  0|    2|           1|           2|
    |xor_ln59_4828_fu_305720_p2     |       xor|   0|  0|    2|           1|           2|
    |xor_ln59_4829_fu_305783_p2     |       xor|   0|  0|    2|           1|           2|
    |xor_ln59_4830_fu_305795_p2     |       xor|   0|  0|    2|           1|           2|
    |xor_ln59_4831_fu_324428_p2     |       xor|   0|  0|    2|           1|           2|
    |xor_ln59_4832_fu_305881_p2     |       xor|   0|  0|    2|           1|           2|
    |xor_ln59_4833_fu_305944_p2     |       xor|   0|  0|    2|           1|           2|
    |xor_ln59_4834_fu_305956_p2     |       xor|   0|  0|    2|           1|           2|
    |xor_ln59_4835_fu_324467_p2     |       xor|   0|  0|    2|           1|           2|
    |xor_ln59_4836_fu_306042_p2     |       xor|   0|  0|    2|           1|           2|
    |xor_ln59_4837_fu_306105_p2     |       xor|   0|  0|    2|           1|           2|
    |xor_ln59_4838_fu_306117_p2     |       xor|   0|  0|    2|           1|           2|
    |xor_ln59_4839_fu_324506_p2     |       xor|   0|  0|    2|           1|           2|
    |xor_ln59_4840_fu_306203_p2     |       xor|   0|  0|    2|           1|           2|
    |xor_ln59_4841_fu_306266_p2     |       xor|   0|  0|    2|           1|           2|
    |xor_ln59_4842_fu_306278_p2     |       xor|   0|  0|    2|           1|           2|
    |xor_ln59_4843_fu_324545_p2     |       xor|   0|  0|    2|           1|           2|
    |xor_ln59_4844_fu_306364_p2     |       xor|   0|  0|    2|           1|           2|
    |xor_ln59_4845_fu_306427_p2     |       xor|   0|  0|    2|           1|           2|
    |xor_ln59_4846_fu_306439_p2     |       xor|   0|  0|    2|           1|           2|
    |xor_ln59_4847_fu_324584_p2     |       xor|   0|  0|    2|           1|           2|
    |xor_ln59_4848_fu_306525_p2     |       xor|   0|  0|    2|           1|           2|
    |xor_ln59_4849_fu_306588_p2     |       xor|   0|  0|    2|           1|           2|
    |xor_ln59_4850_fu_306600_p2     |       xor|   0|  0|    2|           1|           2|
    |xor_ln59_4851_fu_324623_p2     |       xor|   0|  0|    2|           1|           2|
    |xor_ln59_4852_fu_306686_p2     |       xor|   0|  0|    2|           1|           2|
    |xor_ln59_4853_fu_306749_p2     |       xor|   0|  0|    2|           1|           2|
    |xor_ln59_4854_fu_306761_p2     |       xor|   0|  0|    2|           1|           2|
    |xor_ln59_4855_fu_324662_p2     |       xor|   0|  0|    2|           1|           2|
    |xor_ln59_4856_fu_306847_p2     |       xor|   0|  0|    2|           1|           2|
    |xor_ln59_4857_fu_306910_p2     |       xor|   0|  0|    2|           1|           2|
    |xor_ln59_4858_fu_306922_p2     |       xor|   0|  0|    2|           1|           2|
    |xor_ln59_4859_fu_324701_p2     |       xor|   0|  0|    2|           1|           2|
    |xor_ln59_4860_fu_307008_p2     |       xor|   0|  0|    2|           1|           2|
    |xor_ln59_4861_fu_307071_p2     |       xor|   0|  0|    2|           1|           2|
    |xor_ln59_4862_fu_307083_p2     |       xor|   0|  0|    2|           1|           2|
    |xor_ln59_4863_fu_324740_p2     |       xor|   0|  0|    2|           1|           2|
    |xor_ln59_4864_fu_307169_p2     |       xor|   0|  0|    2|           1|           2|
    |xor_ln59_4865_fu_307232_p2     |       xor|   0|  0|    2|           1|           2|
    |xor_ln59_4866_fu_307244_p2     |       xor|   0|  0|    2|           1|           2|
    |xor_ln59_4867_fu_324779_p2     |       xor|   0|  0|    2|           1|           2|
    |xor_ln59_4868_fu_307330_p2     |       xor|   0|  0|    2|           1|           2|
    |xor_ln59_4869_fu_307393_p2     |       xor|   0|  0|    2|           1|           2|
    |xor_ln59_4870_fu_307405_p2     |       xor|   0|  0|    2|           1|           2|
    |xor_ln59_4871_fu_324818_p2     |       xor|   0|  0|    2|           1|           2|
    |xor_ln59_4872_fu_307491_p2     |       xor|   0|  0|    2|           1|           2|
    |xor_ln59_4873_fu_307554_p2     |       xor|   0|  0|    2|           1|           2|
    |xor_ln59_4874_fu_307566_p2     |       xor|   0|  0|    2|           1|           2|
    |xor_ln59_4875_fu_324857_p2     |       xor|   0|  0|    2|           1|           2|
    |xor_ln59_4876_fu_307652_p2     |       xor|   0|  0|    2|           1|           2|
    |xor_ln59_4877_fu_307715_p2     |       xor|   0|  0|    2|           1|           2|
    |xor_ln59_4878_fu_307727_p2     |       xor|   0|  0|    2|           1|           2|
    |xor_ln59_4879_fu_324896_p2     |       xor|   0|  0|    2|           1|           2|
    |xor_ln59_4880_fu_307813_p2     |       xor|   0|  0|    2|           1|           2|
    |xor_ln59_4881_fu_307876_p2     |       xor|   0|  0|    2|           1|           2|
    |xor_ln59_4882_fu_307888_p2     |       xor|   0|  0|    2|           1|           2|
    |xor_ln59_4883_fu_324935_p2     |       xor|   0|  0|    2|           1|           2|
    |xor_ln59_4884_fu_307974_p2     |       xor|   0|  0|    2|           1|           2|
    |xor_ln59_4885_fu_308037_p2     |       xor|   0|  0|    2|           1|           2|
    |xor_ln59_4886_fu_308049_p2     |       xor|   0|  0|    2|           1|           2|
    |xor_ln59_4887_fu_324974_p2     |       xor|   0|  0|    2|           1|           2|
    |xor_ln59_4888_fu_308135_p2     |       xor|   0|  0|    2|           1|           2|
    |xor_ln59_4889_fu_308198_p2     |       xor|   0|  0|    2|           1|           2|
    |xor_ln59_4890_fu_308210_p2     |       xor|   0|  0|    2|           1|           2|
    |xor_ln59_4891_fu_325013_p2     |       xor|   0|  0|    2|           1|           2|
    |xor_ln59_4892_fu_308296_p2     |       xor|   0|  0|    2|           1|           2|
    |xor_ln59_4893_fu_308359_p2     |       xor|   0|  0|    2|           1|           2|
    |xor_ln59_4894_fu_308371_p2     |       xor|   0|  0|    2|           1|           2|
    |xor_ln59_4895_fu_325052_p2     |       xor|   0|  0|    2|           1|           2|
    |xor_ln59_4896_fu_308457_p2     |       xor|   0|  0|    2|           1|           2|
    |xor_ln59_4897_fu_308520_p2     |       xor|   0|  0|    2|           1|           2|
    |xor_ln59_4898_fu_308532_p2     |       xor|   0|  0|    2|           1|           2|
    |xor_ln59_4899_fu_325091_p2     |       xor|   0|  0|    2|           1|           2|
    |xor_ln59_4900_fu_308618_p2     |       xor|   0|  0|    2|           1|           2|
    |xor_ln59_4901_fu_308681_p2     |       xor|   0|  0|    2|           1|           2|
    |xor_ln59_4902_fu_308693_p2     |       xor|   0|  0|    2|           1|           2|
    |xor_ln59_4903_fu_325130_p2     |       xor|   0|  0|    2|           1|           2|
    |xor_ln59_4904_fu_308779_p2     |       xor|   0|  0|    2|           1|           2|
    |xor_ln59_4905_fu_308842_p2     |       xor|   0|  0|    2|           1|           2|
    |xor_ln59_4906_fu_308854_p2     |       xor|   0|  0|    2|           1|           2|
    |xor_ln59_4907_fu_325169_p2     |       xor|   0|  0|    2|           1|           2|
    |xor_ln59_4908_fu_308940_p2     |       xor|   0|  0|    2|           1|           2|
    |xor_ln59_4909_fu_309003_p2     |       xor|   0|  0|    2|           1|           2|
    |xor_ln59_4910_fu_309015_p2     |       xor|   0|  0|    2|           1|           2|
    |xor_ln59_4911_fu_325208_p2     |       xor|   0|  0|    2|           1|           2|
    |xor_ln59_4912_fu_309101_p2     |       xor|   0|  0|    2|           1|           2|
    |xor_ln59_4913_fu_309164_p2     |       xor|   0|  0|    2|           1|           2|
    |xor_ln59_4914_fu_309176_p2     |       xor|   0|  0|    2|           1|           2|
    |xor_ln59_4915_fu_325247_p2     |       xor|   0|  0|    2|           1|           2|
    |xor_ln59_4916_fu_309262_p2     |       xor|   0|  0|    2|           1|           2|
    |xor_ln59_4917_fu_309325_p2     |       xor|   0|  0|    2|           1|           2|
    |xor_ln59_4918_fu_309337_p2     |       xor|   0|  0|    2|           1|           2|
    |xor_ln59_4919_fu_325286_p2     |       xor|   0|  0|    2|           1|           2|
    |xor_ln59_4920_fu_309423_p2     |       xor|   0|  0|    2|           1|           2|
    |xor_ln59_4921_fu_309486_p2     |       xor|   0|  0|    2|           1|           2|
    |xor_ln59_4922_fu_309498_p2     |       xor|   0|  0|    2|           1|           2|
    |xor_ln59_4923_fu_325325_p2     |       xor|   0|  0|    2|           1|           2|
    |xor_ln59_4924_fu_309584_p2     |       xor|   0|  0|    2|           1|           2|
    |xor_ln59_4925_fu_309647_p2     |       xor|   0|  0|    2|           1|           2|
    |xor_ln59_4926_fu_309659_p2     |       xor|   0|  0|    2|           1|           2|
    |xor_ln59_4927_fu_325364_p2     |       xor|   0|  0|    2|           1|           2|
    |xor_ln59_4928_fu_309745_p2     |       xor|   0|  0|    2|           1|           2|
    |xor_ln59_4929_fu_309808_p2     |       xor|   0|  0|    2|           1|           2|
    |xor_ln59_4930_fu_309820_p2     |       xor|   0|  0|    2|           1|           2|
    |xor_ln59_4931_fu_325403_p2     |       xor|   0|  0|    2|           1|           2|
    |xor_ln59_4932_fu_309906_p2     |       xor|   0|  0|    2|           1|           2|
    |xor_ln59_4933_fu_309969_p2     |       xor|   0|  0|    2|           1|           2|
    |xor_ln59_4934_fu_309981_p2     |       xor|   0|  0|    2|           1|           2|
    |xor_ln59_4935_fu_325442_p2     |       xor|   0|  0|    2|           1|           2|
    |xor_ln59_4936_fu_310067_p2     |       xor|   0|  0|    2|           1|           2|
    |xor_ln59_4937_fu_310130_p2     |       xor|   0|  0|    2|           1|           2|
    |xor_ln59_4938_fu_310142_p2     |       xor|   0|  0|    2|           1|           2|
    |xor_ln59_4939_fu_325481_p2     |       xor|   0|  0|    2|           1|           2|
    |xor_ln59_4940_fu_310228_p2     |       xor|   0|  0|    2|           1|           2|
    |xor_ln59_4941_fu_310291_p2     |       xor|   0|  0|    2|           1|           2|
    |xor_ln59_4942_fu_310303_p2     |       xor|   0|  0|    2|           1|           2|
    |xor_ln59_4943_fu_325520_p2     |       xor|   0|  0|    2|           1|           2|
    |xor_ln59_4944_fu_310389_p2     |       xor|   0|  0|    2|           1|           2|
    |xor_ln59_4945_fu_310452_p2     |       xor|   0|  0|    2|           1|           2|
    |xor_ln59_4946_fu_310464_p2     |       xor|   0|  0|    2|           1|           2|
    |xor_ln59_4947_fu_325559_p2     |       xor|   0|  0|    2|           1|           2|
    |xor_ln59_4948_fu_310550_p2     |       xor|   0|  0|    2|           1|           2|
    |xor_ln59_4949_fu_310613_p2     |       xor|   0|  0|    2|           1|           2|
    |xor_ln59_4950_fu_310625_p2     |       xor|   0|  0|    2|           1|           2|
    |xor_ln59_4951_fu_325598_p2     |       xor|   0|  0|    2|           1|           2|
    |xor_ln59_4952_fu_310711_p2     |       xor|   0|  0|    2|           1|           2|
    |xor_ln59_4953_fu_310774_p2     |       xor|   0|  0|    2|           1|           2|
    |xor_ln59_4954_fu_310786_p2     |       xor|   0|  0|    2|           1|           2|
    |xor_ln59_4955_fu_325637_p2     |       xor|   0|  0|    2|           1|           2|
    |xor_ln59_4956_fu_310872_p2     |       xor|   0|  0|    2|           1|           2|
    |xor_ln59_4957_fu_310935_p2     |       xor|   0|  0|    2|           1|           2|
    |xor_ln59_4958_fu_310947_p2     |       xor|   0|  0|    2|           1|           2|
    |xor_ln59_4959_fu_325676_p2     |       xor|   0|  0|    2|           1|           2|
    |xor_ln59_4960_fu_311033_p2     |       xor|   0|  0|    2|           1|           2|
    |xor_ln59_4961_fu_311096_p2     |       xor|   0|  0|    2|           1|           2|
    |xor_ln59_4962_fu_311108_p2     |       xor|   0|  0|    2|           1|           2|
    |xor_ln59_4963_fu_325715_p2     |       xor|   0|  0|    2|           1|           2|
    |xor_ln59_4964_fu_311194_p2     |       xor|   0|  0|    2|           1|           2|
    |xor_ln59_4965_fu_311257_p2     |       xor|   0|  0|    2|           1|           2|
    |xor_ln59_4966_fu_311269_p2     |       xor|   0|  0|    2|           1|           2|
    |xor_ln59_4967_fu_325754_p2     |       xor|   0|  0|    2|           1|           2|
    |xor_ln59_4968_fu_311355_p2     |       xor|   0|  0|    2|           1|           2|
    |xor_ln59_4969_fu_311418_p2     |       xor|   0|  0|    2|           1|           2|
    |xor_ln59_4970_fu_311430_p2     |       xor|   0|  0|    2|           1|           2|
    |xor_ln59_4971_fu_325793_p2     |       xor|   0|  0|    2|           1|           2|
    |xor_ln59_4972_fu_311516_p2     |       xor|   0|  0|    2|           1|           2|
    |xor_ln59_4973_fu_311579_p2     |       xor|   0|  0|    2|           1|           2|
    |xor_ln59_4974_fu_311591_p2     |       xor|   0|  0|    2|           1|           2|
    |xor_ln59_4975_fu_325832_p2     |       xor|   0|  0|    2|           1|           2|
    |xor_ln59_4976_fu_311677_p2     |       xor|   0|  0|    2|           1|           2|
    |xor_ln59_4977_fu_311740_p2     |       xor|   0|  0|    2|           1|           2|
    |xor_ln59_4978_fu_311752_p2     |       xor|   0|  0|    2|           1|           2|
    |xor_ln59_4979_fu_325871_p2     |       xor|   0|  0|    2|           1|           2|
    |xor_ln59_4980_fu_311838_p2     |       xor|   0|  0|    2|           1|           2|
    |xor_ln59_4981_fu_311901_p2     |       xor|   0|  0|    2|           1|           2|
    |xor_ln59_4982_fu_311913_p2     |       xor|   0|  0|    2|           1|           2|
    |xor_ln59_4983_fu_325910_p2     |       xor|   0|  0|    2|           1|           2|
    |xor_ln59_4984_fu_311999_p2     |       xor|   0|  0|    2|           1|           2|
    |xor_ln59_4985_fu_312062_p2     |       xor|   0|  0|    2|           1|           2|
    |xor_ln59_4986_fu_312074_p2     |       xor|   0|  0|    2|           1|           2|
    |xor_ln59_4987_fu_325949_p2     |       xor|   0|  0|    2|           1|           2|
    |xor_ln59_4988_fu_312160_p2     |       xor|   0|  0|    2|           1|           2|
    |xor_ln59_4989_fu_312223_p2     |       xor|   0|  0|    2|           1|           2|
    |xor_ln59_4990_fu_312235_p2     |       xor|   0|  0|    2|           1|           2|
    |xor_ln59_4991_fu_325988_p2     |       xor|   0|  0|    2|           1|           2|
    |xor_ln59_4992_fu_312321_p2     |       xor|   0|  0|    2|           1|           2|
    |xor_ln59_4993_fu_312384_p2     |       xor|   0|  0|    2|           1|           2|
    |xor_ln59_4994_fu_312396_p2     |       xor|   0|  0|    2|           1|           2|
    |xor_ln59_4995_fu_326027_p2     |       xor|   0|  0|    2|           1|           2|
    |xor_ln59_4996_fu_312482_p2     |       xor|   0|  0|    2|           1|           2|
    |xor_ln59_4997_fu_312545_p2     |       xor|   0|  0|    2|           1|           2|
    |xor_ln59_4998_fu_312557_p2     |       xor|   0|  0|    2|           1|           2|
    |xor_ln59_4999_fu_326066_p2     |       xor|   0|  0|    2|           1|           2|
    |xor_ln59_5000_fu_312643_p2     |       xor|   0|  0|    2|           1|           2|
    |xor_ln59_5001_fu_312706_p2     |       xor|   0|  0|    2|           1|           2|
    |xor_ln59_5002_fu_312718_p2     |       xor|   0|  0|    2|           1|           2|
    |xor_ln59_5003_fu_326105_p2     |       xor|   0|  0|    2|           1|           2|
    |xor_ln59_5004_fu_312804_p2     |       xor|   0|  0|    2|           1|           2|
    |xor_ln59_5005_fu_312867_p2     |       xor|   0|  0|    2|           1|           2|
    |xor_ln59_5006_fu_312879_p2     |       xor|   0|  0|    2|           1|           2|
    |xor_ln59_5007_fu_326144_p2     |       xor|   0|  0|    2|           1|           2|
    |xor_ln59_5008_fu_312965_p2     |       xor|   0|  0|    2|           1|           2|
    |xor_ln59_5009_fu_313028_p2     |       xor|   0|  0|    2|           1|           2|
    |xor_ln59_5010_fu_313040_p2     |       xor|   0|  0|    2|           1|           2|
    |xor_ln59_5011_fu_326183_p2     |       xor|   0|  0|    2|           1|           2|
    |xor_ln59_5012_fu_313126_p2     |       xor|   0|  0|    2|           1|           2|
    |xor_ln59_5013_fu_313189_p2     |       xor|   0|  0|    2|           1|           2|
    |xor_ln59_5014_fu_313201_p2     |       xor|   0|  0|    2|           1|           2|
    |xor_ln59_5015_fu_326222_p2     |       xor|   0|  0|    2|           1|           2|
    |xor_ln59_5016_fu_313287_p2     |       xor|   0|  0|    2|           1|           2|
    |xor_ln59_5017_fu_313350_p2     |       xor|   0|  0|    2|           1|           2|
    |xor_ln59_5018_fu_313362_p2     |       xor|   0|  0|    2|           1|           2|
    |xor_ln59_5019_fu_326261_p2     |       xor|   0|  0|    2|           1|           2|
    |xor_ln59_5020_fu_313448_p2     |       xor|   0|  0|    2|           1|           2|
    |xor_ln59_5021_fu_313511_p2     |       xor|   0|  0|    2|           1|           2|
    |xor_ln59_5022_fu_313523_p2     |       xor|   0|  0|    2|           1|           2|
    |xor_ln59_5023_fu_326300_p2     |       xor|   0|  0|    2|           1|           2|
    |xor_ln59_5024_fu_313609_p2     |       xor|   0|  0|    2|           1|           2|
    |xor_ln59_5025_fu_313672_p2     |       xor|   0|  0|    2|           1|           2|
    |xor_ln59_5026_fu_313684_p2     |       xor|   0|  0|    2|           1|           2|
    |xor_ln59_5027_fu_326339_p2     |       xor|   0|  0|    2|           1|           2|
    |xor_ln59_5028_fu_313770_p2     |       xor|   0|  0|    2|           1|           2|
    |xor_ln59_5029_fu_313833_p2     |       xor|   0|  0|    2|           1|           2|
    |xor_ln59_5030_fu_313845_p2     |       xor|   0|  0|    2|           1|           2|
    |xor_ln59_5031_fu_326378_p2     |       xor|   0|  0|    2|           1|           2|
    |xor_ln59_5032_fu_313931_p2     |       xor|   0|  0|    2|           1|           2|
    |xor_ln59_5033_fu_313994_p2     |       xor|   0|  0|    2|           1|           2|
    |xor_ln59_5034_fu_314006_p2     |       xor|   0|  0|    2|           1|           2|
    |xor_ln59_5035_fu_326417_p2     |       xor|   0|  0|    2|           1|           2|
    |xor_ln59_5036_fu_314092_p2     |       xor|   0|  0|    2|           1|           2|
    |xor_ln59_5037_fu_314155_p2     |       xor|   0|  0|    2|           1|           2|
    |xor_ln59_5038_fu_314167_p2     |       xor|   0|  0|    2|           1|           2|
    |xor_ln59_5039_fu_326456_p2     |       xor|   0|  0|    2|           1|           2|
    |xor_ln59_5040_fu_314253_p2     |       xor|   0|  0|    2|           1|           2|
    |xor_ln59_5041_fu_314316_p2     |       xor|   0|  0|    2|           1|           2|
    |xor_ln59_5042_fu_314328_p2     |       xor|   0|  0|    2|           1|           2|
    |xor_ln59_5043_fu_326495_p2     |       xor|   0|  0|    2|           1|           2|
    |xor_ln59_5044_fu_314414_p2     |       xor|   0|  0|    2|           1|           2|
    |xor_ln59_5045_fu_314477_p2     |       xor|   0|  0|    2|           1|           2|
    |xor_ln59_5046_fu_314489_p2     |       xor|   0|  0|    2|           1|           2|
    |xor_ln59_5047_fu_326534_p2     |       xor|   0|  0|    2|           1|           2|
    |xor_ln59_5048_fu_314575_p2     |       xor|   0|  0|    2|           1|           2|
    |xor_ln59_5049_fu_314638_p2     |       xor|   0|  0|    2|           1|           2|
    |xor_ln59_5050_fu_314650_p2     |       xor|   0|  0|    2|           1|           2|
    |xor_ln59_5051_fu_326573_p2     |       xor|   0|  0|    2|           1|           2|
    |xor_ln59_5052_fu_314736_p2     |       xor|   0|  0|    2|           1|           2|
    |xor_ln59_5053_fu_314799_p2     |       xor|   0|  0|    2|           1|           2|
    |xor_ln59_5054_fu_314811_p2     |       xor|   0|  0|    2|           1|           2|
    |xor_ln59_5055_fu_326612_p2     |       xor|   0|  0|    2|           1|           2|
    |xor_ln59_5056_fu_314897_p2     |       xor|   0|  0|    2|           1|           2|
    |xor_ln59_5057_fu_314960_p2     |       xor|   0|  0|    2|           1|           2|
    |xor_ln59_5058_fu_314972_p2     |       xor|   0|  0|    2|           1|           2|
    |xor_ln59_5059_fu_326651_p2     |       xor|   0|  0|    2|           1|           2|
    |xor_ln59_5060_fu_315058_p2     |       xor|   0|  0|    2|           1|           2|
    |xor_ln59_5061_fu_315121_p2     |       xor|   0|  0|    2|           1|           2|
    |xor_ln59_5062_fu_315133_p2     |       xor|   0|  0|    2|           1|           2|
    |xor_ln59_5063_fu_326690_p2     |       xor|   0|  0|    2|           1|           2|
    |xor_ln59_5064_fu_315219_p2     |       xor|   0|  0|    2|           1|           2|
    |xor_ln59_5065_fu_315282_p2     |       xor|   0|  0|    2|           1|           2|
    |xor_ln59_5066_fu_315294_p2     |       xor|   0|  0|    2|           1|           2|
    |xor_ln59_5067_fu_326729_p2     |       xor|   0|  0|    2|           1|           2|
    |xor_ln59_5068_fu_315380_p2     |       xor|   0|  0|    2|           1|           2|
    |xor_ln59_5069_fu_315443_p2     |       xor|   0|  0|    2|           1|           2|
    |xor_ln59_5070_fu_315455_p2     |       xor|   0|  0|    2|           1|           2|
    |xor_ln59_5071_fu_326768_p2     |       xor|   0|  0|    2|           1|           2|
    |xor_ln59_5072_fu_315541_p2     |       xor|   0|  0|    2|           1|           2|
    |xor_ln59_5073_fu_315604_p2     |       xor|   0|  0|    2|           1|           2|
    |xor_ln59_5074_fu_315616_p2     |       xor|   0|  0|    2|           1|           2|
    |xor_ln59_5075_fu_326807_p2     |       xor|   0|  0|    2|           1|           2|
    |xor_ln59_5076_fu_315702_p2     |       xor|   0|  0|    2|           1|           2|
    |xor_ln59_5077_fu_315765_p2     |       xor|   0|  0|    2|           1|           2|
    |xor_ln59_5078_fu_315777_p2     |       xor|   0|  0|    2|           1|           2|
    |xor_ln59_5079_fu_326846_p2     |       xor|   0|  0|    2|           1|           2|
    |xor_ln59_5080_fu_315863_p2     |       xor|   0|  0|    2|           1|           2|
    |xor_ln59_5081_fu_315926_p2     |       xor|   0|  0|    2|           1|           2|
    |xor_ln59_5082_fu_315938_p2     |       xor|   0|  0|    2|           1|           2|
    |xor_ln59_5083_fu_326885_p2     |       xor|   0|  0|    2|           1|           2|
    |xor_ln59_5084_fu_316024_p2     |       xor|   0|  0|    2|           1|           2|
    |xor_ln59_5085_fu_316087_p2     |       xor|   0|  0|    2|           1|           2|
    |xor_ln59_5086_fu_316099_p2     |       xor|   0|  0|    2|           1|           2|
    |xor_ln59_5087_fu_326924_p2     |       xor|   0|  0|    2|           1|           2|
    |xor_ln59_5088_fu_316185_p2     |       xor|   0|  0|    2|           1|           2|
    |xor_ln59_5089_fu_316248_p2     |       xor|   0|  0|    2|           1|           2|
    |xor_ln59_5090_fu_316260_p2     |       xor|   0|  0|    2|           1|           2|
    |xor_ln59_5091_fu_326963_p2     |       xor|   0|  0|    2|           1|           2|
    |xor_ln59_5092_fu_316346_p2     |       xor|   0|  0|    2|           1|           2|
    |xor_ln59_5093_fu_316409_p2     |       xor|   0|  0|    2|           1|           2|
    |xor_ln59_5094_fu_316421_p2     |       xor|   0|  0|    2|           1|           2|
    |xor_ln59_5095_fu_327002_p2     |       xor|   0|  0|    2|           1|           2|
    |xor_ln59_5096_fu_316507_p2     |       xor|   0|  0|    2|           1|           2|
    |xor_ln59_5097_fu_316570_p2     |       xor|   0|  0|    2|           1|           2|
    |xor_ln59_5098_fu_316582_p2     |       xor|   0|  0|    2|           1|           2|
    |xor_ln59_5099_fu_327041_p2     |       xor|   0|  0|    2|           1|           2|
    |xor_ln59_5100_fu_316668_p2     |       xor|   0|  0|    2|           1|           2|
    |xor_ln59_5101_fu_316731_p2     |       xor|   0|  0|    2|           1|           2|
    |xor_ln59_5102_fu_316743_p2     |       xor|   0|  0|    2|           1|           2|
    |xor_ln59_5103_fu_327080_p2     |       xor|   0|  0|    2|           1|           2|
    |xor_ln59_5104_fu_316829_p2     |       xor|   0|  0|    2|           1|           2|
    |xor_ln59_5105_fu_316892_p2     |       xor|   0|  0|    2|           1|           2|
    |xor_ln59_5106_fu_316904_p2     |       xor|   0|  0|    2|           1|           2|
    |xor_ln59_5107_fu_327119_p2     |       xor|   0|  0|    2|           1|           2|
    |xor_ln59_5108_fu_316990_p2     |       xor|   0|  0|    2|           1|           2|
    |xor_ln59_5109_fu_317053_p2     |       xor|   0|  0|    2|           1|           2|
    |xor_ln59_5110_fu_317065_p2     |       xor|   0|  0|    2|           1|           2|
    |xor_ln59_5111_fu_327158_p2     |       xor|   0|  0|    2|           1|           2|
    |xor_ln59_5112_fu_317151_p2     |       xor|   0|  0|    2|           1|           2|
    |xor_ln59_5113_fu_317214_p2     |       xor|   0|  0|    2|           1|           2|
    |xor_ln59_5114_fu_317226_p2     |       xor|   0|  0|    2|           1|           2|
    |xor_ln59_5115_fu_327197_p2     |       xor|   0|  0|    2|           1|           2|
    |xor_ln59_5116_fu_276139_p2     |       xor|   0|  0|    2|           1|           2|
    |xor_ln59_5117_fu_276300_p2     |       xor|   0|  0|    2|           1|           2|
    |xor_ln59_5118_fu_276461_p2     |       xor|   0|  0|    2|           1|           2|
    |xor_ln59_5119_fu_276622_p2     |       xor|   0|  0|    2|           1|           2|
    |xor_ln59_5120_fu_276783_p2     |       xor|   0|  0|    2|           1|           2|
    |xor_ln59_5121_fu_276944_p2     |       xor|   0|  0|    2|           1|           2|
    |xor_ln59_5122_fu_277105_p2     |       xor|   0|  0|    2|           1|           2|
    |xor_ln59_5123_fu_277266_p2     |       xor|   0|  0|    2|           1|           2|
    |xor_ln59_5124_fu_277427_p2     |       xor|   0|  0|    2|           1|           2|
    |xor_ln59_5125_fu_277588_p2     |       xor|   0|  0|    2|           1|           2|
    |xor_ln59_5126_fu_277749_p2     |       xor|   0|  0|    2|           1|           2|
    |xor_ln59_5127_fu_277910_p2     |       xor|   0|  0|    2|           1|           2|
    |xor_ln59_5128_fu_278071_p2     |       xor|   0|  0|    2|           1|           2|
    |xor_ln59_5129_fu_278232_p2     |       xor|   0|  0|    2|           1|           2|
    |xor_ln59_5130_fu_278393_p2     |       xor|   0|  0|    2|           1|           2|
    |xor_ln59_5131_fu_278554_p2     |       xor|   0|  0|    2|           1|           2|
    |xor_ln59_5132_fu_278715_p2     |       xor|   0|  0|    2|           1|           2|
    |xor_ln59_5133_fu_278876_p2     |       xor|   0|  0|    2|           1|           2|
    |xor_ln59_5134_fu_279037_p2     |       xor|   0|  0|    2|           1|           2|
    |xor_ln59_5135_fu_279198_p2     |       xor|   0|  0|    2|           1|           2|
    |xor_ln59_5136_fu_279359_p2     |       xor|   0|  0|    2|           1|           2|
    |xor_ln59_5137_fu_279520_p2     |       xor|   0|  0|    2|           1|           2|
    |xor_ln59_5138_fu_279681_p2     |       xor|   0|  0|    2|           1|           2|
    |xor_ln59_5139_fu_279842_p2     |       xor|   0|  0|    2|           1|           2|
    |xor_ln59_5140_fu_280003_p2     |       xor|   0|  0|    2|           1|           2|
    |xor_ln59_5141_fu_280164_p2     |       xor|   0|  0|    2|           1|           2|
    |xor_ln59_5142_fu_280325_p2     |       xor|   0|  0|    2|           1|           2|
    |xor_ln59_5143_fu_280486_p2     |       xor|   0|  0|    2|           1|           2|
    |xor_ln59_5144_fu_280647_p2     |       xor|   0|  0|    2|           1|           2|
    |xor_ln59_5145_fu_280808_p2     |       xor|   0|  0|    2|           1|           2|
    |xor_ln59_5146_fu_280969_p2     |       xor|   0|  0|    2|           1|           2|
    |xor_ln59_5147_fu_281130_p2     |       xor|   0|  0|    2|           1|           2|
    |xor_ln59_5148_fu_281291_p2     |       xor|   0|  0|    2|           1|           2|
    |xor_ln59_5149_fu_281452_p2     |       xor|   0|  0|    2|           1|           2|
    |xor_ln59_5150_fu_281613_p2     |       xor|   0|  0|    2|           1|           2|
    |xor_ln59_5151_fu_281774_p2     |       xor|   0|  0|    2|           1|           2|
    |xor_ln59_5152_fu_281935_p2     |       xor|   0|  0|    2|           1|           2|
    |xor_ln59_5153_fu_282096_p2     |       xor|   0|  0|    2|           1|           2|
    |xor_ln59_5154_fu_282257_p2     |       xor|   0|  0|    2|           1|           2|
    |xor_ln59_5155_fu_282418_p2     |       xor|   0|  0|    2|           1|           2|
    |xor_ln59_5156_fu_282579_p2     |       xor|   0|  0|    2|           1|           2|
    |xor_ln59_5157_fu_282740_p2     |       xor|   0|  0|    2|           1|           2|
    |xor_ln59_5158_fu_282901_p2     |       xor|   0|  0|    2|           1|           2|
    |xor_ln59_5159_fu_283062_p2     |       xor|   0|  0|    2|           1|           2|
    |xor_ln59_5160_fu_283223_p2     |       xor|   0|  0|    2|           1|           2|
    |xor_ln59_5161_fu_283384_p2     |       xor|   0|  0|    2|           1|           2|
    |xor_ln59_5162_fu_283545_p2     |       xor|   0|  0|    2|           1|           2|
    |xor_ln59_5163_fu_283706_p2     |       xor|   0|  0|    2|           1|           2|
    |xor_ln59_5164_fu_283867_p2     |       xor|   0|  0|    2|           1|           2|
    |xor_ln59_5165_fu_284028_p2     |       xor|   0|  0|    2|           1|           2|
    |xor_ln59_5166_fu_284189_p2     |       xor|   0|  0|    2|           1|           2|
    |xor_ln59_5167_fu_284350_p2     |       xor|   0|  0|    2|           1|           2|
    |xor_ln59_5168_fu_284511_p2     |       xor|   0|  0|    2|           1|           2|
    |xor_ln59_5169_fu_284672_p2     |       xor|   0|  0|    2|           1|           2|
    |xor_ln59_5170_fu_284833_p2     |       xor|   0|  0|    2|           1|           2|
    |xor_ln59_5171_fu_284994_p2     |       xor|   0|  0|    2|           1|           2|
    |xor_ln59_5172_fu_285155_p2     |       xor|   0|  0|    2|           1|           2|
    |xor_ln59_5173_fu_285316_p2     |       xor|   0|  0|    2|           1|           2|
    |xor_ln59_5174_fu_285477_p2     |       xor|   0|  0|    2|           1|           2|
    |xor_ln59_5175_fu_285638_p2     |       xor|   0|  0|    2|           1|           2|
    |xor_ln59_5176_fu_285799_p2     |       xor|   0|  0|    2|           1|           2|
    |xor_ln59_5177_fu_285960_p2     |       xor|   0|  0|    2|           1|           2|
    |xor_ln59_5178_fu_286121_p2     |       xor|   0|  0|    2|           1|           2|
    |xor_ln59_5179_fu_286282_p2     |       xor|   0|  0|    2|           1|           2|
    |xor_ln59_5180_fu_286443_p2     |       xor|   0|  0|    2|           1|           2|
    |xor_ln59_5181_fu_286604_p2     |       xor|   0|  0|    2|           1|           2|
    |xor_ln59_5182_fu_286765_p2     |       xor|   0|  0|    2|           1|           2|
    |xor_ln59_5183_fu_286926_p2     |       xor|   0|  0|    2|           1|           2|
    |xor_ln59_5184_fu_287087_p2     |       xor|   0|  0|    2|           1|           2|
    |xor_ln59_5185_fu_287248_p2     |       xor|   0|  0|    2|           1|           2|
    |xor_ln59_5186_fu_287409_p2     |       xor|   0|  0|    2|           1|           2|
    |xor_ln59_5187_fu_287570_p2     |       xor|   0|  0|    2|           1|           2|
    |xor_ln59_5188_fu_287731_p2     |       xor|   0|  0|    2|           1|           2|
    |xor_ln59_5189_fu_287892_p2     |       xor|   0|  0|    2|           1|           2|
    |xor_ln59_5190_fu_288053_p2     |       xor|   0|  0|    2|           1|           2|
    |xor_ln59_5191_fu_288214_p2     |       xor|   0|  0|    2|           1|           2|
    |xor_ln59_5192_fu_288375_p2     |       xor|   0|  0|    2|           1|           2|
    |xor_ln59_5193_fu_288536_p2     |       xor|   0|  0|    2|           1|           2|
    |xor_ln59_5194_fu_288697_p2     |       xor|   0|  0|    2|           1|           2|
    |xor_ln59_5195_fu_288858_p2     |       xor|   0|  0|    2|           1|           2|
    |xor_ln59_5196_fu_289019_p2     |       xor|   0|  0|    2|           1|           2|
    |xor_ln59_5197_fu_289180_p2     |       xor|   0|  0|    2|           1|           2|
    |xor_ln59_5198_fu_289341_p2     |       xor|   0|  0|    2|           1|           2|
    |xor_ln59_5199_fu_289502_p2     |       xor|   0|  0|    2|           1|           2|
    |xor_ln59_5200_fu_289663_p2     |       xor|   0|  0|    2|           1|           2|
    |xor_ln59_5201_fu_289824_p2     |       xor|   0|  0|    2|           1|           2|
    |xor_ln59_5202_fu_289985_p2     |       xor|   0|  0|    2|           1|           2|
    |xor_ln59_5203_fu_290146_p2     |       xor|   0|  0|    2|           1|           2|
    |xor_ln59_5204_fu_290307_p2     |       xor|   0|  0|    2|           1|           2|
    |xor_ln59_5205_fu_290468_p2     |       xor|   0|  0|    2|           1|           2|
    |xor_ln59_5206_fu_290629_p2     |       xor|   0|  0|    2|           1|           2|
    |xor_ln59_5207_fu_290790_p2     |       xor|   0|  0|    2|           1|           2|
    |xor_ln59_5208_fu_290951_p2     |       xor|   0|  0|    2|           1|           2|
    |xor_ln59_5209_fu_291112_p2     |       xor|   0|  0|    2|           1|           2|
    |xor_ln59_5210_fu_291273_p2     |       xor|   0|  0|    2|           1|           2|
    |xor_ln59_5211_fu_291434_p2     |       xor|   0|  0|    2|           1|           2|
    |xor_ln59_5212_fu_291595_p2     |       xor|   0|  0|    2|           1|           2|
    |xor_ln59_5213_fu_291756_p2     |       xor|   0|  0|    2|           1|           2|
    |xor_ln59_5214_fu_291917_p2     |       xor|   0|  0|    2|           1|           2|
    |xor_ln59_5215_fu_292078_p2     |       xor|   0|  0|    2|           1|           2|
    |xor_ln59_5216_fu_292239_p2     |       xor|   0|  0|    2|           1|           2|
    |xor_ln59_5217_fu_292400_p2     |       xor|   0|  0|    2|           1|           2|
    |xor_ln59_5218_fu_292561_p2     |       xor|   0|  0|    2|           1|           2|
    |xor_ln59_5219_fu_292722_p2     |       xor|   0|  0|    2|           1|           2|
    |xor_ln59_5220_fu_292883_p2     |       xor|   0|  0|    2|           1|           2|
    |xor_ln59_5221_fu_293044_p2     |       xor|   0|  0|    2|           1|           2|
    |xor_ln59_5222_fu_293205_p2     |       xor|   0|  0|    2|           1|           2|
    |xor_ln59_5223_fu_293366_p2     |       xor|   0|  0|    2|           1|           2|
    |xor_ln59_5224_fu_293527_p2     |       xor|   0|  0|    2|           1|           2|
    |xor_ln59_5225_fu_293688_p2     |       xor|   0|  0|    2|           1|           2|
    |xor_ln59_5226_fu_293849_p2     |       xor|   0|  0|    2|           1|           2|
    |xor_ln59_5227_fu_294010_p2     |       xor|   0|  0|    2|           1|           2|
    |xor_ln59_5228_fu_294171_p2     |       xor|   0|  0|    2|           1|           2|
    |xor_ln59_5229_fu_294332_p2     |       xor|   0|  0|    2|           1|           2|
    |xor_ln59_5230_fu_294493_p2     |       xor|   0|  0|    2|           1|           2|
    |xor_ln59_5231_fu_294654_p2     |       xor|   0|  0|    2|           1|           2|
    |xor_ln59_5232_fu_294815_p2     |       xor|   0|  0|    2|           1|           2|
    |xor_ln59_5233_fu_294976_p2     |       xor|   0|  0|    2|           1|           2|
    |xor_ln59_5234_fu_295137_p2     |       xor|   0|  0|    2|           1|           2|
    |xor_ln59_5235_fu_295298_p2     |       xor|   0|  0|    2|           1|           2|
    |xor_ln59_5236_fu_295459_p2     |       xor|   0|  0|    2|           1|           2|
    |xor_ln59_5237_fu_295620_p2     |       xor|   0|  0|    2|           1|           2|
    |xor_ln59_5238_fu_295781_p2     |       xor|   0|  0|    2|           1|           2|
    |xor_ln59_5239_fu_295942_p2     |       xor|   0|  0|    2|           1|           2|
    |xor_ln59_5240_fu_296103_p2     |       xor|   0|  0|    2|           1|           2|
    |xor_ln59_5241_fu_296264_p2     |       xor|   0|  0|    2|           1|           2|
    |xor_ln59_5242_fu_296425_p2     |       xor|   0|  0|    2|           1|           2|
    |xor_ln59_5243_fu_296586_p2     |       xor|   0|  0|    2|           1|           2|
    |xor_ln59_5244_fu_296747_p2     |       xor|   0|  0|    2|           1|           2|
    |xor_ln59_5245_fu_296908_p2     |       xor|   0|  0|    2|           1|           2|
    |xor_ln59_5246_fu_297069_p2     |       xor|   0|  0|    2|           1|           2|
    |xor_ln59_5247_fu_297230_p2     |       xor|   0|  0|    2|           1|           2|
    |xor_ln59_5248_fu_297391_p2     |       xor|   0|  0|    2|           1|           2|
    |xor_ln59_5249_fu_297552_p2     |       xor|   0|  0|    2|           1|           2|
    |xor_ln59_5250_fu_297713_p2     |       xor|   0|  0|    2|           1|           2|
    |xor_ln59_5251_fu_297874_p2     |       xor|   0|  0|    2|           1|           2|
    |xor_ln59_5252_fu_298035_p2     |       xor|   0|  0|    2|           1|           2|
    |xor_ln59_5253_fu_298196_p2     |       xor|   0|  0|    2|           1|           2|
    |xor_ln59_5254_fu_298357_p2     |       xor|   0|  0|    2|           1|           2|
    |xor_ln59_5255_fu_298518_p2     |       xor|   0|  0|    2|           1|           2|
    |xor_ln59_5256_fu_298679_p2     |       xor|   0|  0|    2|           1|           2|
    |xor_ln59_5257_fu_298840_p2     |       xor|   0|  0|    2|           1|           2|
    |xor_ln59_5258_fu_299001_p2     |       xor|   0|  0|    2|           1|           2|
    |xor_ln59_5259_fu_299162_p2     |       xor|   0|  0|    2|           1|           2|
    |xor_ln59_5260_fu_299323_p2     |       xor|   0|  0|    2|           1|           2|
    |xor_ln59_5261_fu_299484_p2     |       xor|   0|  0|    2|           1|           2|
    |xor_ln59_5262_fu_299645_p2     |       xor|   0|  0|    2|           1|           2|
    |xor_ln59_5263_fu_299806_p2     |       xor|   0|  0|    2|           1|           2|
    |xor_ln59_5264_fu_299967_p2     |       xor|   0|  0|    2|           1|           2|
    |xor_ln59_5265_fu_300128_p2     |       xor|   0|  0|    2|           1|           2|
    |xor_ln59_5266_fu_300289_p2     |       xor|   0|  0|    2|           1|           2|
    |xor_ln59_5267_fu_300450_p2     |       xor|   0|  0|    2|           1|           2|
    |xor_ln59_5268_fu_300611_p2     |       xor|   0|  0|    2|           1|           2|
    |xor_ln59_5269_fu_300772_p2     |       xor|   0|  0|    2|           1|           2|
    |xor_ln59_5270_fu_300933_p2     |       xor|   0|  0|    2|           1|           2|
    |xor_ln59_5271_fu_301094_p2     |       xor|   0|  0|    2|           1|           2|
    |xor_ln59_5272_fu_301255_p2     |       xor|   0|  0|    2|           1|           2|
    |xor_ln59_5273_fu_301416_p2     |       xor|   0|  0|    2|           1|           2|
    |xor_ln59_5274_fu_301577_p2     |       xor|   0|  0|    2|           1|           2|
    |xor_ln59_5275_fu_301738_p2     |       xor|   0|  0|    2|           1|           2|
    |xor_ln59_5276_fu_301899_p2     |       xor|   0|  0|    2|           1|           2|
    |xor_ln59_5277_fu_302060_p2     |       xor|   0|  0|    2|           1|           2|
    |xor_ln59_5278_fu_302221_p2     |       xor|   0|  0|    2|           1|           2|
    |xor_ln59_5279_fu_302382_p2     |       xor|   0|  0|    2|           1|           2|
    |xor_ln59_5280_fu_302543_p2     |       xor|   0|  0|    2|           1|           2|
    |xor_ln59_5281_fu_302704_p2     |       xor|   0|  0|    2|           1|           2|
    |xor_ln59_5282_fu_302865_p2     |       xor|   0|  0|    2|           1|           2|
    |xor_ln59_5283_fu_303026_p2     |       xor|   0|  0|    2|           1|           2|
    |xor_ln59_5284_fu_303187_p2     |       xor|   0|  0|    2|           1|           2|
    |xor_ln59_5285_fu_303348_p2     |       xor|   0|  0|    2|           1|           2|
    |xor_ln59_5286_fu_303509_p2     |       xor|   0|  0|    2|           1|           2|
    |xor_ln59_5287_fu_303670_p2     |       xor|   0|  0|    2|           1|           2|
    |xor_ln59_5288_fu_303831_p2     |       xor|   0|  0|    2|           1|           2|
    |xor_ln59_5289_fu_303992_p2     |       xor|   0|  0|    2|           1|           2|
    |xor_ln59_5290_fu_304153_p2     |       xor|   0|  0|    2|           1|           2|
    |xor_ln59_5291_fu_304314_p2     |       xor|   0|  0|    2|           1|           2|
    |xor_ln59_5292_fu_304475_p2     |       xor|   0|  0|    2|           1|           2|
    |xor_ln59_5293_fu_304636_p2     |       xor|   0|  0|    2|           1|           2|
    |xor_ln59_5294_fu_304797_p2     |       xor|   0|  0|    2|           1|           2|
    |xor_ln59_5295_fu_304958_p2     |       xor|   0|  0|    2|           1|           2|
    |xor_ln59_5296_fu_305119_p2     |       xor|   0|  0|    2|           1|           2|
    |xor_ln59_5297_fu_305280_p2     |       xor|   0|  0|    2|           1|           2|
    |xor_ln59_5298_fu_305441_p2     |       xor|   0|  0|    2|           1|           2|
    |xor_ln59_5299_fu_305602_p2     |       xor|   0|  0|    2|           1|           2|
    |xor_ln59_5300_fu_305763_p2     |       xor|   0|  0|    2|           1|           2|
    |xor_ln59_5301_fu_305924_p2     |       xor|   0|  0|    2|           1|           2|
    |xor_ln59_5302_fu_306085_p2     |       xor|   0|  0|    2|           1|           2|
    |xor_ln59_5303_fu_306246_p2     |       xor|   0|  0|    2|           1|           2|
    |xor_ln59_5304_fu_306407_p2     |       xor|   0|  0|    2|           1|           2|
    |xor_ln59_5305_fu_306568_p2     |       xor|   0|  0|    2|           1|           2|
    |xor_ln59_5306_fu_306729_p2     |       xor|   0|  0|    2|           1|           2|
    |xor_ln59_5307_fu_306890_p2     |       xor|   0|  0|    2|           1|           2|
    |xor_ln59_5308_fu_307051_p2     |       xor|   0|  0|    2|           1|           2|
    |xor_ln59_5309_fu_307212_p2     |       xor|   0|  0|    2|           1|           2|
    |xor_ln59_5310_fu_307373_p2     |       xor|   0|  0|    2|           1|           2|
    |xor_ln59_5311_fu_307534_p2     |       xor|   0|  0|    2|           1|           2|
    |xor_ln59_5312_fu_307695_p2     |       xor|   0|  0|    2|           1|           2|
    |xor_ln59_5313_fu_307856_p2     |       xor|   0|  0|    2|           1|           2|
    |xor_ln59_5314_fu_308017_p2     |       xor|   0|  0|    2|           1|           2|
    |xor_ln59_5315_fu_308178_p2     |       xor|   0|  0|    2|           1|           2|
    |xor_ln59_5316_fu_308339_p2     |       xor|   0|  0|    2|           1|           2|
    |xor_ln59_5317_fu_308500_p2     |       xor|   0|  0|    2|           1|           2|
    |xor_ln59_5318_fu_308661_p2     |       xor|   0|  0|    2|           1|           2|
    |xor_ln59_5319_fu_308822_p2     |       xor|   0|  0|    2|           1|           2|
    |xor_ln59_5320_fu_308983_p2     |       xor|   0|  0|    2|           1|           2|
    |xor_ln59_5321_fu_309144_p2     |       xor|   0|  0|    2|           1|           2|
    |xor_ln59_5322_fu_309305_p2     |       xor|   0|  0|    2|           1|           2|
    |xor_ln59_5323_fu_309466_p2     |       xor|   0|  0|    2|           1|           2|
    |xor_ln59_5324_fu_309627_p2     |       xor|   0|  0|    2|           1|           2|
    |xor_ln59_5325_fu_309788_p2     |       xor|   0|  0|    2|           1|           2|
    |xor_ln59_5326_fu_309949_p2     |       xor|   0|  0|    2|           1|           2|
    |xor_ln59_5327_fu_310110_p2     |       xor|   0|  0|    2|           1|           2|
    |xor_ln59_5328_fu_310271_p2     |       xor|   0|  0|    2|           1|           2|
    |xor_ln59_5329_fu_310432_p2     |       xor|   0|  0|    2|           1|           2|
    |xor_ln59_5330_fu_310593_p2     |       xor|   0|  0|    2|           1|           2|
    |xor_ln59_5331_fu_310754_p2     |       xor|   0|  0|    2|           1|           2|
    |xor_ln59_5332_fu_310915_p2     |       xor|   0|  0|    2|           1|           2|
    |xor_ln59_5333_fu_311076_p2     |       xor|   0|  0|    2|           1|           2|
    |xor_ln59_5334_fu_311237_p2     |       xor|   0|  0|    2|           1|           2|
    |xor_ln59_5335_fu_311398_p2     |       xor|   0|  0|    2|           1|           2|
    |xor_ln59_5336_fu_311559_p2     |       xor|   0|  0|    2|           1|           2|
    |xor_ln59_5337_fu_311720_p2     |       xor|   0|  0|    2|           1|           2|
    |xor_ln59_5338_fu_311881_p2     |       xor|   0|  0|    2|           1|           2|
    |xor_ln59_5339_fu_312042_p2     |       xor|   0|  0|    2|           1|           2|
    |xor_ln59_5340_fu_312203_p2     |       xor|   0|  0|    2|           1|           2|
    |xor_ln59_5341_fu_312364_p2     |       xor|   0|  0|    2|           1|           2|
    |xor_ln59_5342_fu_312525_p2     |       xor|   0|  0|    2|           1|           2|
    |xor_ln59_5343_fu_312686_p2     |       xor|   0|  0|    2|           1|           2|
    |xor_ln59_5344_fu_312847_p2     |       xor|   0|  0|    2|           1|           2|
    |xor_ln59_5345_fu_313008_p2     |       xor|   0|  0|    2|           1|           2|
    |xor_ln59_5346_fu_313169_p2     |       xor|   0|  0|    2|           1|           2|
    |xor_ln59_5347_fu_313330_p2     |       xor|   0|  0|    2|           1|           2|
    |xor_ln59_5348_fu_313491_p2     |       xor|   0|  0|    2|           1|           2|
    |xor_ln59_5349_fu_313652_p2     |       xor|   0|  0|    2|           1|           2|
    |xor_ln59_5350_fu_313813_p2     |       xor|   0|  0|    2|           1|           2|
    |xor_ln59_5351_fu_313974_p2     |       xor|   0|  0|    2|           1|           2|
    |xor_ln59_5352_fu_314135_p2     |       xor|   0|  0|    2|           1|           2|
    |xor_ln59_5353_fu_314296_p2     |       xor|   0|  0|    2|           1|           2|
    |xor_ln59_5354_fu_314457_p2     |       xor|   0|  0|    2|           1|           2|
    |xor_ln59_5355_fu_314618_p2     |       xor|   0|  0|    2|           1|           2|
    |xor_ln59_5356_fu_314779_p2     |       xor|   0|  0|    2|           1|           2|
    |xor_ln59_5357_fu_314940_p2     |       xor|   0|  0|    2|           1|           2|
    |xor_ln59_5358_fu_315101_p2     |       xor|   0|  0|    2|           1|           2|
    |xor_ln59_5359_fu_315262_p2     |       xor|   0|  0|    2|           1|           2|
    |xor_ln59_5360_fu_315423_p2     |       xor|   0|  0|    2|           1|           2|
    |xor_ln59_5361_fu_315584_p2     |       xor|   0|  0|    2|           1|           2|
    |xor_ln59_5362_fu_315745_p2     |       xor|   0|  0|    2|           1|           2|
    |xor_ln59_5363_fu_315906_p2     |       xor|   0|  0|    2|           1|           2|
    |xor_ln59_5364_fu_316067_p2     |       xor|   0|  0|    2|           1|           2|
    |xor_ln59_5365_fu_316228_p2     |       xor|   0|  0|    2|           1|           2|
    |xor_ln59_5366_fu_316389_p2     |       xor|   0|  0|    2|           1|           2|
    |xor_ln59_5367_fu_316550_p2     |       xor|   0|  0|    2|           1|           2|
    |xor_ln59_5368_fu_316711_p2     |       xor|   0|  0|    2|           1|           2|
    |xor_ln59_5369_fu_316872_p2     |       xor|   0|  0|    2|           1|           2|
    |xor_ln59_5370_fu_317033_p2     |       xor|   0|  0|    2|           1|           2|
    |xor_ln59_5371_fu_317194_p2     |       xor|   0|  0|    2|           1|           2|
    |xor_ln59_fu_276096_p2          |       xor|   0|  0|    2|           1|           2|
    +-------------------------------+----------+----+---+-----+------------+------------+
    |Total                          |          |   0|  0|25088|        9472|       10240|
    +-------------------------------+----------+----+---+-----+------------+------------+

    * Multiplexer: 
    +---------------+----+-----------+-----+-----------+
    |      Name     | LUT| Input Size| Bits| Total Bits|
    +---------------+----+-----------+-----+-----------+
    |ap_return_0    |  14|          3|    4|         12|
    |ap_return_1    |  14|          3|    4|         12|
    |ap_return_10   |  14|          3|    4|         12|
    |ap_return_100  |  14|          3|    4|         12|
    |ap_return_101  |  14|          3|    4|         12|
    |ap_return_102  |  14|          3|    4|         12|
    |ap_return_103  |  14|          3|    4|         12|
    |ap_return_104  |  14|          3|    4|         12|
    |ap_return_105  |  14|          3|    4|         12|
    |ap_return_106  |  14|          3|    4|         12|
    |ap_return_107  |  14|          3|    4|         12|
    |ap_return_108  |  14|          3|    4|         12|
    |ap_return_109  |  14|          3|    4|         12|
    |ap_return_11   |  14|          3|    4|         12|
    |ap_return_110  |  14|          3|    4|         12|
    |ap_return_111  |  14|          3|    4|         12|
    |ap_return_112  |  14|          3|    4|         12|
    |ap_return_113  |  14|          3|    4|         12|
    |ap_return_114  |  14|          3|    4|         12|
    |ap_return_115  |  14|          3|    4|         12|
    |ap_return_116  |  14|          3|    4|         12|
    |ap_return_117  |  14|          3|    4|         12|
    |ap_return_118  |  14|          3|    4|         12|
    |ap_return_119  |  14|          3|    4|         12|
    |ap_return_12   |  14|          3|    4|         12|
    |ap_return_120  |  14|          3|    4|         12|
    |ap_return_121  |  14|          3|    4|         12|
    |ap_return_122  |  14|          3|    4|         12|
    |ap_return_123  |  14|          3|    4|         12|
    |ap_return_124  |  14|          3|    4|         12|
    |ap_return_125  |  14|          3|    4|         12|
    |ap_return_126  |  14|          3|    4|         12|
    |ap_return_127  |  14|          3|    4|         12|
    |ap_return_128  |  14|          3|    4|         12|
    |ap_return_129  |  14|          3|    4|         12|
    |ap_return_13   |  14|          3|    4|         12|
    |ap_return_130  |  14|          3|    4|         12|
    |ap_return_131  |  14|          3|    4|         12|
    |ap_return_132  |  14|          3|    4|         12|
    |ap_return_133  |  14|          3|    4|         12|
    |ap_return_134  |  14|          3|    4|         12|
    |ap_return_135  |  14|          3|    4|         12|
    |ap_return_136  |  14|          3|    4|         12|
    |ap_return_137  |  14|          3|    4|         12|
    |ap_return_138  |  14|          3|    4|         12|
    |ap_return_139  |  14|          3|    4|         12|
    |ap_return_14   |  14|          3|    4|         12|
    |ap_return_140  |  14|          3|    4|         12|
    |ap_return_141  |  14|          3|    4|         12|
    |ap_return_142  |  14|          3|    4|         12|
    |ap_return_143  |  14|          3|    4|         12|
    |ap_return_144  |  14|          3|    4|         12|
    |ap_return_145  |  14|          3|    4|         12|
    |ap_return_146  |  14|          3|    4|         12|
    |ap_return_147  |  14|          3|    4|         12|
    |ap_return_148  |  14|          3|    4|         12|
    |ap_return_149  |  14|          3|    4|         12|
    |ap_return_15   |  14|          3|    4|         12|
    |ap_return_150  |  14|          3|    4|         12|
    |ap_return_151  |  14|          3|    4|         12|
    |ap_return_152  |  14|          3|    4|         12|
    |ap_return_153  |  14|          3|    4|         12|
    |ap_return_154  |  14|          3|    4|         12|
    |ap_return_155  |  14|          3|    4|         12|
    |ap_return_156  |  14|          3|    4|         12|
    |ap_return_157  |  14|          3|    4|         12|
    |ap_return_158  |  14|          3|    4|         12|
    |ap_return_159  |  14|          3|    4|         12|
    |ap_return_16   |  14|          3|    4|         12|
    |ap_return_160  |  14|          3|    4|         12|
    |ap_return_161  |  14|          3|    4|         12|
    |ap_return_162  |  14|          3|    4|         12|
    |ap_return_163  |  14|          3|    4|         12|
    |ap_return_164  |  14|          3|    4|         12|
    |ap_return_165  |  14|          3|    4|         12|
    |ap_return_166  |  14|          3|    4|         12|
    |ap_return_167  |  14|          3|    4|         12|
    |ap_return_168  |  14|          3|    4|         12|
    |ap_return_169  |  14|          3|    4|         12|
    |ap_return_17   |  14|          3|    4|         12|
    |ap_return_170  |  14|          3|    4|         12|
    |ap_return_171  |  14|          3|    4|         12|
    |ap_return_172  |  14|          3|    4|         12|
    |ap_return_173  |  14|          3|    4|         12|
    |ap_return_174  |  14|          3|    4|         12|
    |ap_return_175  |  14|          3|    4|         12|
    |ap_return_176  |  14|          3|    4|         12|
    |ap_return_177  |  14|          3|    4|         12|
    |ap_return_178  |  14|          3|    4|         12|
    |ap_return_179  |  14|          3|    4|         12|
    |ap_return_18   |  14|          3|    4|         12|
    |ap_return_180  |  14|          3|    4|         12|
    |ap_return_181  |  14|          3|    4|         12|
    |ap_return_182  |  14|          3|    4|         12|
    |ap_return_183  |  14|          3|    4|         12|
    |ap_return_184  |  14|          3|    4|         12|
    |ap_return_185  |  14|          3|    4|         12|
    |ap_return_186  |  14|          3|    4|         12|
    |ap_return_187  |  14|          3|    4|         12|
    |ap_return_188  |  14|          3|    4|         12|
    |ap_return_189  |  14|          3|    4|         12|
    |ap_return_19   |  14|          3|    4|         12|
    |ap_return_190  |  14|          3|    4|         12|
    |ap_return_191  |  14|          3|    4|         12|
    |ap_return_192  |  14|          3|    4|         12|
    |ap_return_193  |  14|          3|    4|         12|
    |ap_return_194  |  14|          3|    4|         12|
    |ap_return_195  |  14|          3|    4|         12|
    |ap_return_196  |  14|          3|    4|         12|
    |ap_return_197  |  14|          3|    4|         12|
    |ap_return_198  |  14|          3|    4|         12|
    |ap_return_199  |  14|          3|    4|         12|
    |ap_return_2    |  14|          3|    4|         12|
    |ap_return_20   |  14|          3|    4|         12|
    |ap_return_200  |  14|          3|    4|         12|
    |ap_return_201  |  14|          3|    4|         12|
    |ap_return_202  |  14|          3|    4|         12|
    |ap_return_203  |  14|          3|    4|         12|
    |ap_return_204  |  14|          3|    4|         12|
    |ap_return_205  |  14|          3|    4|         12|
    |ap_return_206  |  14|          3|    4|         12|
    |ap_return_207  |  14|          3|    4|         12|
    |ap_return_208  |  14|          3|    4|         12|
    |ap_return_209  |  14|          3|    4|         12|
    |ap_return_21   |  14|          3|    4|         12|
    |ap_return_210  |  14|          3|    4|         12|
    |ap_return_211  |  14|          3|    4|         12|
    |ap_return_212  |  14|          3|    4|         12|
    |ap_return_213  |  14|          3|    4|         12|
    |ap_return_214  |  14|          3|    4|         12|
    |ap_return_215  |  14|          3|    4|         12|
    |ap_return_216  |  14|          3|    4|         12|
    |ap_return_217  |  14|          3|    4|         12|
    |ap_return_218  |  14|          3|    4|         12|
    |ap_return_219  |  14|          3|    4|         12|
    |ap_return_22   |  14|          3|    4|         12|
    |ap_return_220  |  14|          3|    4|         12|
    |ap_return_221  |  14|          3|    4|         12|
    |ap_return_222  |  14|          3|    4|         12|
    |ap_return_223  |  14|          3|    4|         12|
    |ap_return_224  |  14|          3|    4|         12|
    |ap_return_225  |  14|          3|    4|         12|
    |ap_return_226  |  14|          3|    4|         12|
    |ap_return_227  |  14|          3|    4|         12|
    |ap_return_228  |  14|          3|    4|         12|
    |ap_return_229  |  14|          3|    4|         12|
    |ap_return_23   |  14|          3|    4|         12|
    |ap_return_230  |  14|          3|    4|         12|
    |ap_return_231  |  14|          3|    4|         12|
    |ap_return_232  |  14|          3|    4|         12|
    |ap_return_233  |  14|          3|    4|         12|
    |ap_return_234  |  14|          3|    4|         12|
    |ap_return_235  |  14|          3|    4|         12|
    |ap_return_236  |  14|          3|    4|         12|
    |ap_return_237  |  14|          3|    4|         12|
    |ap_return_238  |  14|          3|    4|         12|
    |ap_return_239  |  14|          3|    4|         12|
    |ap_return_24   |  14|          3|    4|         12|
    |ap_return_240  |  14|          3|    4|         12|
    |ap_return_241  |  14|          3|    4|         12|
    |ap_return_242  |  14|          3|    4|         12|
    |ap_return_243  |  14|          3|    4|         12|
    |ap_return_244  |  14|          3|    4|         12|
    |ap_return_245  |  14|          3|    4|         12|
    |ap_return_246  |  14|          3|    4|         12|
    |ap_return_247  |  14|          3|    4|         12|
    |ap_return_248  |  14|          3|    4|         12|
    |ap_return_249  |  14|          3|    4|         12|
    |ap_return_25   |  14|          3|    4|         12|
    |ap_return_250  |  14|          3|    4|         12|
    |ap_return_251  |  14|          3|    4|         12|
    |ap_return_252  |  14|          3|    4|         12|
    |ap_return_253  |  14|          3|    4|         12|
    |ap_return_254  |  14|          3|    4|         12|
    |ap_return_255  |  14|          3|    4|         12|
    |ap_return_26   |  14|          3|    4|         12|
    |ap_return_27   |  14|          3|    4|         12|
    |ap_return_28   |  14|          3|    4|         12|
    |ap_return_29   |  14|          3|    4|         12|
    |ap_return_3    |  14|          3|    4|         12|
    |ap_return_30   |  14|          3|    4|         12|
    |ap_return_31   |  14|          3|    4|         12|
    |ap_return_32   |  14|          3|    4|         12|
    |ap_return_33   |  14|          3|    4|         12|
    |ap_return_34   |  14|          3|    4|         12|
    |ap_return_35   |  14|          3|    4|         12|
    |ap_return_36   |  14|          3|    4|         12|
    |ap_return_37   |  14|          3|    4|         12|
    |ap_return_38   |  14|          3|    4|         12|
    |ap_return_39   |  14|          3|    4|         12|
    |ap_return_4    |  14|          3|    4|         12|
    |ap_return_40   |  14|          3|    4|         12|
    |ap_return_41   |  14|          3|    4|         12|
    |ap_return_42   |  14|          3|    4|         12|
    |ap_return_43   |  14|          3|    4|         12|
    |ap_return_44   |  14|          3|    4|         12|
    |ap_return_45   |  14|          3|    4|         12|
    |ap_return_46   |  14|          3|    4|         12|
    |ap_return_47   |  14|          3|    4|         12|
    |ap_return_48   |  14|          3|    4|         12|
    |ap_return_49   |  14|          3|    4|         12|
    |ap_return_5    |  14|          3|    4|         12|
    |ap_return_50   |  14|          3|    4|         12|
    |ap_return_51   |  14|          3|    4|         12|
    |ap_return_52   |  14|          3|    4|         12|
    |ap_return_53   |  14|          3|    4|         12|
    |ap_return_54   |  14|          3|    4|         12|
    |ap_return_55   |  14|          3|    4|         12|
    |ap_return_56   |  14|          3|    4|         12|
    |ap_return_57   |  14|          3|    4|         12|
    |ap_return_58   |  14|          3|    4|         12|
    |ap_return_59   |  14|          3|    4|         12|
    |ap_return_6    |  14|          3|    4|         12|
    |ap_return_60   |  14|          3|    4|         12|
    |ap_return_61   |  14|          3|    4|         12|
    |ap_return_62   |  14|          3|    4|         12|
    |ap_return_63   |  14|          3|    4|         12|
    |ap_return_64   |  14|          3|    4|         12|
    |ap_return_65   |  14|          3|    4|         12|
    |ap_return_66   |  14|          3|    4|         12|
    |ap_return_67   |  14|          3|    4|         12|
    |ap_return_68   |  14|          3|    4|         12|
    |ap_return_69   |  14|          3|    4|         12|
    |ap_return_7    |  14|          3|    4|         12|
    |ap_return_70   |  14|          3|    4|         12|
    |ap_return_71   |  14|          3|    4|         12|
    |ap_return_72   |  14|          3|    4|         12|
    |ap_return_73   |  14|          3|    4|         12|
    |ap_return_74   |  14|          3|    4|         12|
    |ap_return_75   |  14|          3|    4|         12|
    |ap_return_76   |  14|          3|    4|         12|
    |ap_return_77   |  14|          3|    4|         12|
    |ap_return_78   |  14|          3|    4|         12|
    |ap_return_79   |  14|          3|    4|         12|
    |ap_return_8    |  14|          3|    4|         12|
    |ap_return_80   |  14|          3|    4|         12|
    |ap_return_81   |  14|          3|    4|         12|
    |ap_return_82   |  14|          3|    4|         12|
    |ap_return_83   |  14|          3|    4|         12|
    |ap_return_84   |  14|          3|    4|         12|
    |ap_return_85   |  14|          3|    4|         12|
    |ap_return_86   |  14|          3|    4|         12|
    |ap_return_87   |  14|          3|    4|         12|
    |ap_return_88   |  14|          3|    4|         12|
    |ap_return_89   |  14|          3|    4|         12|
    |ap_return_9    |  14|          3|    4|         12|
    |ap_return_90   |  14|          3|    4|         12|
    |ap_return_91   |  14|          3|    4|         12|
    |ap_return_92   |  14|          3|    4|         12|
    |ap_return_93   |  14|          3|    4|         12|
    |ap_return_94   |  14|          3|    4|         12|
    |ap_return_95   |  14|          3|    4|         12|
    |ap_return_96   |  14|          3|    4|         12|
    |ap_return_97   |  14|          3|    4|         12|
    |ap_return_98   |  14|          3|    4|         12|
    |ap_return_99   |  14|          3|    4|         12|
    +---------------+----+-----------+-----+-----------+
    |Total          |3584|        768| 1024|       3072|
    +---------------+----+-----------+-----+-----------+

    * Register: 
    +------------------------------------+-----+----+-----+-----------+
    |                Name                |  FF | LUT| Bits| Const Bits|
    +------------------------------------+-----+----+-----+-----------+
    |add_ln59_1021_reg_334421            |    4|   0|    4|          0|
    |add_ln59_1022_reg_334447            |    4|   0|    4|          0|
    |add_ln59_1023_reg_334473            |    4|   0|    4|          0|
    |add_ln59_1024_reg_334499            |    4|   0|    4|          0|
    |add_ln59_1025_reg_334525            |    4|   0|    4|          0|
    |add_ln59_1026_reg_334551            |    4|   0|    4|          0|
    |add_ln59_1027_reg_334577            |    4|   0|    4|          0|
    |add_ln59_1028_reg_334603            |    4|   0|    4|          0|
    |add_ln59_1029_reg_334629            |    4|   0|    4|          0|
    |add_ln59_1030_reg_334655            |    4|   0|    4|          0|
    |add_ln59_1031_reg_334681            |    4|   0|    4|          0|
    |add_ln59_1032_reg_334707            |    4|   0|    4|          0|
    |add_ln59_1033_reg_334733            |    4|   0|    4|          0|
    |add_ln59_1034_reg_334759            |    4|   0|    4|          0|
    |add_ln59_1035_reg_334785            |    4|   0|    4|          0|
    |add_ln59_1036_reg_334811            |    4|   0|    4|          0|
    |add_ln59_1037_reg_334837            |    4|   0|    4|          0|
    |add_ln59_1038_reg_334863            |    4|   0|    4|          0|
    |add_ln59_1039_reg_334889            |    4|   0|    4|          0|
    |add_ln59_1040_reg_334915            |    4|   0|    4|          0|
    |add_ln59_1041_reg_334941            |    4|   0|    4|          0|
    |add_ln59_1042_reg_334967            |    4|   0|    4|          0|
    |add_ln59_1043_reg_334993            |    4|   0|    4|          0|
    |add_ln59_1044_reg_335019            |    4|   0|    4|          0|
    |add_ln59_1045_reg_335045            |    4|   0|    4|          0|
    |add_ln59_1046_reg_335071            |    4|   0|    4|          0|
    |add_ln59_1047_reg_335097            |    4|   0|    4|          0|
    |add_ln59_1048_reg_335123            |    4|   0|    4|          0|
    |add_ln59_1049_reg_335149            |    4|   0|    4|          0|
    |add_ln59_1050_reg_335175            |    4|   0|    4|          0|
    |add_ln59_1051_reg_335201            |    4|   0|    4|          0|
    |add_ln59_1052_reg_335227            |    4|   0|    4|          0|
    |add_ln59_1053_reg_335253            |    4|   0|    4|          0|
    |add_ln59_1054_reg_335279            |    4|   0|    4|          0|
    |add_ln59_1055_reg_335305            |    4|   0|    4|          0|
    |add_ln59_1056_reg_335331            |    4|   0|    4|          0|
    |add_ln59_1057_reg_335357            |    4|   0|    4|          0|
    |add_ln59_1058_reg_335383            |    4|   0|    4|          0|
    |add_ln59_1059_reg_335409            |    4|   0|    4|          0|
    |add_ln59_1060_reg_335435            |    4|   0|    4|          0|
    |add_ln59_1061_reg_335461            |    4|   0|    4|          0|
    |add_ln59_1062_reg_335487            |    4|   0|    4|          0|
    |add_ln59_1063_reg_335513            |    4|   0|    4|          0|
    |add_ln59_1064_reg_335539            |    4|   0|    4|          0|
    |add_ln59_1065_reg_335565            |    4|   0|    4|          0|
    |add_ln59_1066_reg_335591            |    4|   0|    4|          0|
    |add_ln59_1067_reg_335617            |    4|   0|    4|          0|
    |add_ln59_1068_reg_335643            |    4|   0|    4|          0|
    |add_ln59_1069_reg_335669            |    4|   0|    4|          0|
    |add_ln59_1070_reg_335695            |    4|   0|    4|          0|
    |add_ln59_1071_reg_335721            |    4|   0|    4|          0|
    |add_ln59_1072_reg_335747            |    4|   0|    4|          0|
    |add_ln59_1073_reg_335773            |    4|   0|    4|          0|
    |add_ln59_1074_reg_335799            |    4|   0|    4|          0|
    |add_ln59_1075_reg_335825            |    4|   0|    4|          0|
    |add_ln59_1076_reg_335851            |    4|   0|    4|          0|
    |add_ln59_1077_reg_335877            |    4|   0|    4|          0|
    |add_ln59_1078_reg_335903            |    4|   0|    4|          0|
    |add_ln59_1079_reg_335929            |    4|   0|    4|          0|
    |add_ln59_1080_reg_335955            |    4|   0|    4|          0|
    |add_ln59_1081_reg_335981            |    4|   0|    4|          0|
    |add_ln59_1082_reg_336007            |    4|   0|    4|          0|
    |add_ln59_1083_reg_336033            |    4|   0|    4|          0|
    |add_ln59_1084_reg_336059            |    4|   0|    4|          0|
    |add_ln59_1085_reg_336085            |    4|   0|    4|          0|
    |add_ln59_1086_reg_336111            |    4|   0|    4|          0|
    |add_ln59_1087_reg_336137            |    4|   0|    4|          0|
    |add_ln59_1088_reg_336163            |    4|   0|    4|          0|
    |add_ln59_1089_reg_336189            |    4|   0|    4|          0|
    |add_ln59_1090_reg_336215            |    4|   0|    4|          0|
    |add_ln59_1091_reg_336241            |    4|   0|    4|          0|
    |add_ln59_1092_reg_336267            |    4|   0|    4|          0|
    |add_ln59_1093_reg_336293            |    4|   0|    4|          0|
    |add_ln59_1094_reg_336319            |    4|   0|    4|          0|
    |add_ln59_1095_reg_336345            |    4|   0|    4|          0|
    |add_ln59_1096_reg_336371            |    4|   0|    4|          0|
    |add_ln59_1097_reg_336397            |    4|   0|    4|          0|
    |add_ln59_1098_reg_336423            |    4|   0|    4|          0|
    |add_ln59_1099_reg_336449            |    4|   0|    4|          0|
    |add_ln59_1100_reg_336475            |    4|   0|    4|          0|
    |add_ln59_1101_reg_336501            |    4|   0|    4|          0|
    |add_ln59_1102_reg_336527            |    4|   0|    4|          0|
    |add_ln59_1103_reg_336553            |    4|   0|    4|          0|
    |add_ln59_1104_reg_336579            |    4|   0|    4|          0|
    |add_ln59_1105_reg_336605            |    4|   0|    4|          0|
    |add_ln59_1106_reg_336631            |    4|   0|    4|          0|
    |add_ln59_1107_reg_336657            |    4|   0|    4|          0|
    |add_ln59_1108_reg_336683            |    4|   0|    4|          0|
    |add_ln59_1109_reg_336709            |    4|   0|    4|          0|
    |add_ln59_1110_reg_336735            |    4|   0|    4|          0|
    |add_ln59_1111_reg_336761            |    4|   0|    4|          0|
    |add_ln59_1112_reg_336787            |    4|   0|    4|          0|
    |add_ln59_1113_reg_336813            |    4|   0|    4|          0|
    |add_ln59_1114_reg_336839            |    4|   0|    4|          0|
    |add_ln59_1115_reg_336865            |    4|   0|    4|          0|
    |add_ln59_1116_reg_336891            |    4|   0|    4|          0|
    |add_ln59_1117_reg_336917            |    4|   0|    4|          0|
    |add_ln59_1118_reg_336943            |    4|   0|    4|          0|
    |add_ln59_1119_reg_336969            |    4|   0|    4|          0|
    |add_ln59_1120_reg_336995            |    4|   0|    4|          0|
    |add_ln59_1121_reg_337021            |    4|   0|    4|          0|
    |add_ln59_1122_reg_337047            |    4|   0|    4|          0|
    |add_ln59_1123_reg_337073            |    4|   0|    4|          0|
    |add_ln59_1124_reg_337099            |    4|   0|    4|          0|
    |add_ln59_1125_reg_337125            |    4|   0|    4|          0|
    |add_ln59_1126_reg_337151            |    4|   0|    4|          0|
    |add_ln59_1127_reg_337177            |    4|   0|    4|          0|
    |add_ln59_1128_reg_337203            |    4|   0|    4|          0|
    |add_ln59_1129_reg_337229            |    4|   0|    4|          0|
    |add_ln59_1130_reg_337255            |    4|   0|    4|          0|
    |add_ln59_1131_reg_337281            |    4|   0|    4|          0|
    |add_ln59_1132_reg_337307            |    4|   0|    4|          0|
    |add_ln59_1133_reg_337333            |    4|   0|    4|          0|
    |add_ln59_1134_reg_337359            |    4|   0|    4|          0|
    |add_ln59_1135_reg_337385            |    4|   0|    4|          0|
    |add_ln59_1136_reg_337411            |    4|   0|    4|          0|
    |add_ln59_1137_reg_337437            |    4|   0|    4|          0|
    |add_ln59_1138_reg_337463            |    4|   0|    4|          0|
    |add_ln59_1139_reg_337489            |    4|   0|    4|          0|
    |add_ln59_1140_reg_337515            |    4|   0|    4|          0|
    |add_ln59_1141_reg_337541            |    4|   0|    4|          0|
    |add_ln59_1142_reg_337567            |    4|   0|    4|          0|
    |add_ln59_1143_reg_337593            |    4|   0|    4|          0|
    |add_ln59_1144_reg_337619            |    4|   0|    4|          0|
    |add_ln59_1145_reg_337645            |    4|   0|    4|          0|
    |add_ln59_1146_reg_337671            |    4|   0|    4|          0|
    |add_ln59_1147_reg_337697            |    4|   0|    4|          0|
    |add_ln59_1148_reg_337723            |    4|   0|    4|          0|
    |add_ln59_1149_reg_337749            |    4|   0|    4|          0|
    |add_ln59_1150_reg_337775            |    4|   0|    4|          0|
    |add_ln59_1151_reg_337801            |    4|   0|    4|          0|
    |add_ln59_1152_reg_337827            |    4|   0|    4|          0|
    |add_ln59_1153_reg_337853            |    4|   0|    4|          0|
    |add_ln59_1154_reg_337879            |    4|   0|    4|          0|
    |add_ln59_1155_reg_337905            |    4|   0|    4|          0|
    |add_ln59_1156_reg_337931            |    4|   0|    4|          0|
    |add_ln59_1157_reg_337957            |    4|   0|    4|          0|
    |add_ln59_1158_reg_337983            |    4|   0|    4|          0|
    |add_ln59_1159_reg_338009            |    4|   0|    4|          0|
    |add_ln59_1160_reg_338035            |    4|   0|    4|          0|
    |add_ln59_1161_reg_338061            |    4|   0|    4|          0|
    |add_ln59_1162_reg_338087            |    4|   0|    4|          0|
    |add_ln59_1163_reg_338113            |    4|   0|    4|          0|
    |add_ln59_1164_reg_338139            |    4|   0|    4|          0|
    |add_ln59_1165_reg_338165            |    4|   0|    4|          0|
    |add_ln59_1166_reg_338191            |    4|   0|    4|          0|
    |add_ln59_1167_reg_338217            |    4|   0|    4|          0|
    |add_ln59_1168_reg_338243            |    4|   0|    4|          0|
    |add_ln59_1169_reg_338269            |    4|   0|    4|          0|
    |add_ln59_1170_reg_338295            |    4|   0|    4|          0|
    |add_ln59_1171_reg_338321            |    4|   0|    4|          0|
    |add_ln59_1172_reg_338347            |    4|   0|    4|          0|
    |add_ln59_1173_reg_338373            |    4|   0|    4|          0|
    |add_ln59_1174_reg_338399            |    4|   0|    4|          0|
    |add_ln59_1175_reg_338425            |    4|   0|    4|          0|
    |add_ln59_1176_reg_338451            |    4|   0|    4|          0|
    |add_ln59_1177_reg_338477            |    4|   0|    4|          0|
    |add_ln59_1178_reg_338503            |    4|   0|    4|          0|
    |add_ln59_1179_reg_338529            |    4|   0|    4|          0|
    |add_ln59_1180_reg_338555            |    4|   0|    4|          0|
    |add_ln59_1181_reg_338581            |    4|   0|    4|          0|
    |add_ln59_1182_reg_338607            |    4|   0|    4|          0|
    |add_ln59_1183_reg_338633            |    4|   0|    4|          0|
    |add_ln59_1184_reg_338659            |    4|   0|    4|          0|
    |add_ln59_1185_reg_338685            |    4|   0|    4|          0|
    |add_ln59_1186_reg_338711            |    4|   0|    4|          0|
    |add_ln59_1187_reg_338737            |    4|   0|    4|          0|
    |add_ln59_1188_reg_338763            |    4|   0|    4|          0|
    |add_ln59_1189_reg_338789            |    4|   0|    4|          0|
    |add_ln59_1190_reg_338815            |    4|   0|    4|          0|
    |add_ln59_1191_reg_338841            |    4|   0|    4|          0|
    |add_ln59_1192_reg_338867            |    4|   0|    4|          0|
    |add_ln59_1193_reg_338893            |    4|   0|    4|          0|
    |add_ln59_1194_reg_338919            |    4|   0|    4|          0|
    |add_ln59_1195_reg_338945            |    4|   0|    4|          0|
    |add_ln59_1196_reg_338971            |    4|   0|    4|          0|
    |add_ln59_1197_reg_338997            |    4|   0|    4|          0|
    |add_ln59_1198_reg_339023            |    4|   0|    4|          0|
    |add_ln59_1199_reg_339049            |    4|   0|    4|          0|
    |add_ln59_1200_reg_339075            |    4|   0|    4|          0|
    |add_ln59_1201_reg_339101            |    4|   0|    4|          0|
    |add_ln59_1202_reg_339127            |    4|   0|    4|          0|
    |add_ln59_1203_reg_339153            |    4|   0|    4|          0|
    |add_ln59_1204_reg_339179            |    4|   0|    4|          0|
    |add_ln59_1205_reg_339205            |    4|   0|    4|          0|
    |add_ln59_1206_reg_339231            |    4|   0|    4|          0|
    |add_ln59_1207_reg_339257            |    4|   0|    4|          0|
    |add_ln59_1208_reg_339283            |    4|   0|    4|          0|
    |add_ln59_1209_reg_339309            |    4|   0|    4|          0|
    |add_ln59_1210_reg_339335            |    4|   0|    4|          0|
    |add_ln59_1211_reg_339361            |    4|   0|    4|          0|
    |add_ln59_1212_reg_339387            |    4|   0|    4|          0|
    |add_ln59_1213_reg_339413            |    4|   0|    4|          0|
    |add_ln59_1214_reg_339439            |    4|   0|    4|          0|
    |add_ln59_1215_reg_339465            |    4|   0|    4|          0|
    |add_ln59_1216_reg_339491            |    4|   0|    4|          0|
    |add_ln59_1217_reg_339517            |    4|   0|    4|          0|
    |add_ln59_1218_reg_339543            |    4|   0|    4|          0|
    |add_ln59_1219_reg_339569            |    4|   0|    4|          0|
    |add_ln59_1220_reg_339595            |    4|   0|    4|          0|
    |add_ln59_1221_reg_339621            |    4|   0|    4|          0|
    |add_ln59_1222_reg_339647            |    4|   0|    4|          0|
    |add_ln59_1223_reg_339673            |    4|   0|    4|          0|
    |add_ln59_1224_reg_339699            |    4|   0|    4|          0|
    |add_ln59_1225_reg_339725            |    4|   0|    4|          0|
    |add_ln59_1226_reg_339751            |    4|   0|    4|          0|
    |add_ln59_1227_reg_339777            |    4|   0|    4|          0|
    |add_ln59_1228_reg_339803            |    4|   0|    4|          0|
    |add_ln59_1229_reg_339829            |    4|   0|    4|          0|
    |add_ln59_1230_reg_339855            |    4|   0|    4|          0|
    |add_ln59_1231_reg_339881            |    4|   0|    4|          0|
    |add_ln59_1232_reg_339907            |    4|   0|    4|          0|
    |add_ln59_1233_reg_339933            |    4|   0|    4|          0|
    |add_ln59_1234_reg_339959            |    4|   0|    4|          0|
    |add_ln59_1235_reg_339985            |    4|   0|    4|          0|
    |add_ln59_1236_reg_340011            |    4|   0|    4|          0|
    |add_ln59_1237_reg_340037            |    4|   0|    4|          0|
    |add_ln59_1238_reg_340063            |    4|   0|    4|          0|
    |add_ln59_1239_reg_340089            |    4|   0|    4|          0|
    |add_ln59_1240_reg_340115            |    4|   0|    4|          0|
    |add_ln59_1241_reg_340141            |    4|   0|    4|          0|
    |add_ln59_1242_reg_340167            |    4|   0|    4|          0|
    |add_ln59_1243_reg_340193            |    4|   0|    4|          0|
    |add_ln59_1244_reg_340219            |    4|   0|    4|          0|
    |add_ln59_1245_reg_340245            |    4|   0|    4|          0|
    |add_ln59_1246_reg_340271            |    4|   0|    4|          0|
    |add_ln59_1247_reg_340297            |    4|   0|    4|          0|
    |add_ln59_1248_reg_340323            |    4|   0|    4|          0|
    |add_ln59_1249_reg_340349            |    4|   0|    4|          0|
    |add_ln59_1250_reg_340375            |    4|   0|    4|          0|
    |add_ln59_1251_reg_340401            |    4|   0|    4|          0|
    |add_ln59_1252_reg_340427            |    4|   0|    4|          0|
    |add_ln59_1253_reg_340453            |    4|   0|    4|          0|
    |add_ln59_1254_reg_340479            |    4|   0|    4|          0|
    |add_ln59_1255_reg_340505            |    4|   0|    4|          0|
    |add_ln59_1256_reg_340531            |    4|   0|    4|          0|
    |add_ln59_1257_reg_340557            |    4|   0|    4|          0|
    |add_ln59_1258_reg_340583            |    4|   0|    4|          0|
    |add_ln59_1259_reg_340609            |    4|   0|    4|          0|
    |add_ln59_1260_reg_340635            |    4|   0|    4|          0|
    |add_ln59_1261_reg_340661            |    4|   0|    4|          0|
    |add_ln59_1262_reg_340687            |    4|   0|    4|          0|
    |add_ln59_1263_reg_340713            |    4|   0|    4|          0|
    |add_ln59_1264_reg_340739            |    4|   0|    4|          0|
    |add_ln59_1265_reg_340765            |    4|   0|    4|          0|
    |add_ln59_1266_reg_340791            |    4|   0|    4|          0|
    |add_ln59_1267_reg_340817            |    4|   0|    4|          0|
    |add_ln59_1268_reg_340843            |    4|   0|    4|          0|
    |add_ln59_1269_reg_340869            |    4|   0|    4|          0|
    |add_ln59_1270_reg_340895            |    4|   0|    4|          0|
    |add_ln59_1271_reg_340921            |    4|   0|    4|          0|
    |add_ln59_1272_reg_340947            |    4|   0|    4|          0|
    |add_ln59_1273_reg_340973            |    4|   0|    4|          0|
    |add_ln59_1274_reg_340999            |    4|   0|    4|          0|
    |add_ln59_1275_reg_341025            |    4|   0|    4|          0|
    |add_ln59_reg_334395                 |    4|   0|    4|          0|
    |and_ln59_7165_reg_334400            |    1|   0|    1|          0|
    |and_ln59_7168_reg_334410            |    1|   0|    1|          0|
    |and_ln59_7169_reg_334416            |    1|   0|    1|          0|
    |and_ln59_7172_reg_334426            |    1|   0|    1|          0|
    |and_ln59_7175_reg_334436            |    1|   0|    1|          0|
    |and_ln59_7176_reg_334442            |    1|   0|    1|          0|
    |and_ln59_7179_reg_334452            |    1|   0|    1|          0|
    |and_ln59_7182_reg_334462            |    1|   0|    1|          0|
    |and_ln59_7183_reg_334468            |    1|   0|    1|          0|
    |and_ln59_7186_reg_334478            |    1|   0|    1|          0|
    |and_ln59_7189_reg_334488            |    1|   0|    1|          0|
    |and_ln59_7190_reg_334494            |    1|   0|    1|          0|
    |and_ln59_7193_reg_334504            |    1|   0|    1|          0|
    |and_ln59_7196_reg_334514            |    1|   0|    1|          0|
    |and_ln59_7197_reg_334520            |    1|   0|    1|          0|
    |and_ln59_7200_reg_334530            |    1|   0|    1|          0|
    |and_ln59_7203_reg_334540            |    1|   0|    1|          0|
    |and_ln59_7204_reg_334546            |    1|   0|    1|          0|
    |and_ln59_7207_reg_334556            |    1|   0|    1|          0|
    |and_ln59_7210_reg_334566            |    1|   0|    1|          0|
    |and_ln59_7211_reg_334572            |    1|   0|    1|          0|
    |and_ln59_7214_reg_334582            |    1|   0|    1|          0|
    |and_ln59_7217_reg_334592            |    1|   0|    1|          0|
    |and_ln59_7218_reg_334598            |    1|   0|    1|          0|
    |and_ln59_7221_reg_334608            |    1|   0|    1|          0|
    |and_ln59_7224_reg_334618            |    1|   0|    1|          0|
    |and_ln59_7225_reg_334624            |    1|   0|    1|          0|
    |and_ln59_7228_reg_334634            |    1|   0|    1|          0|
    |and_ln59_7231_reg_334644            |    1|   0|    1|          0|
    |and_ln59_7232_reg_334650            |    1|   0|    1|          0|
    |and_ln59_7235_reg_334660            |    1|   0|    1|          0|
    |and_ln59_7238_reg_334670            |    1|   0|    1|          0|
    |and_ln59_7239_reg_334676            |    1|   0|    1|          0|
    |and_ln59_7242_reg_334686            |    1|   0|    1|          0|
    |and_ln59_7245_reg_334696            |    1|   0|    1|          0|
    |and_ln59_7246_reg_334702            |    1|   0|    1|          0|
    |and_ln59_7249_reg_334712            |    1|   0|    1|          0|
    |and_ln59_7252_reg_334722            |    1|   0|    1|          0|
    |and_ln59_7253_reg_334728            |    1|   0|    1|          0|
    |and_ln59_7256_reg_334738            |    1|   0|    1|          0|
    |and_ln59_7259_reg_334748            |    1|   0|    1|          0|
    |and_ln59_7260_reg_334754            |    1|   0|    1|          0|
    |and_ln59_7263_reg_334764            |    1|   0|    1|          0|
    |and_ln59_7266_reg_334774            |    1|   0|    1|          0|
    |and_ln59_7267_reg_334780            |    1|   0|    1|          0|
    |and_ln59_7270_reg_334790            |    1|   0|    1|          0|
    |and_ln59_7273_reg_334800            |    1|   0|    1|          0|
    |and_ln59_7274_reg_334806            |    1|   0|    1|          0|
    |and_ln59_7277_reg_334816            |    1|   0|    1|          0|
    |and_ln59_7280_reg_334826            |    1|   0|    1|          0|
    |and_ln59_7281_reg_334832            |    1|   0|    1|          0|
    |and_ln59_7284_reg_334842            |    1|   0|    1|          0|
    |and_ln59_7287_reg_334852            |    1|   0|    1|          0|
    |and_ln59_7288_reg_334858            |    1|   0|    1|          0|
    |and_ln59_7291_reg_334868            |    1|   0|    1|          0|
    |and_ln59_7294_reg_334878            |    1|   0|    1|          0|
    |and_ln59_7295_reg_334884            |    1|   0|    1|          0|
    |and_ln59_7298_reg_334894            |    1|   0|    1|          0|
    |and_ln59_7301_reg_334904            |    1|   0|    1|          0|
    |and_ln59_7302_reg_334910            |    1|   0|    1|          0|
    |and_ln59_7305_reg_334920            |    1|   0|    1|          0|
    |and_ln59_7308_reg_334930            |    1|   0|    1|          0|
    |and_ln59_7309_reg_334936            |    1|   0|    1|          0|
    |and_ln59_7312_reg_334946            |    1|   0|    1|          0|
    |and_ln59_7315_reg_334956            |    1|   0|    1|          0|
    |and_ln59_7316_reg_334962            |    1|   0|    1|          0|
    |and_ln59_7319_reg_334972            |    1|   0|    1|          0|
    |and_ln59_7322_reg_334982            |    1|   0|    1|          0|
    |and_ln59_7323_reg_334988            |    1|   0|    1|          0|
    |and_ln59_7326_reg_334998            |    1|   0|    1|          0|
    |and_ln59_7329_reg_335008            |    1|   0|    1|          0|
    |and_ln59_7330_reg_335014            |    1|   0|    1|          0|
    |and_ln59_7333_reg_335024            |    1|   0|    1|          0|
    |and_ln59_7336_reg_335034            |    1|   0|    1|          0|
    |and_ln59_7337_reg_335040            |    1|   0|    1|          0|
    |and_ln59_7340_reg_335050            |    1|   0|    1|          0|
    |and_ln59_7343_reg_335060            |    1|   0|    1|          0|
    |and_ln59_7344_reg_335066            |    1|   0|    1|          0|
    |and_ln59_7347_reg_335076            |    1|   0|    1|          0|
    |and_ln59_7350_reg_335086            |    1|   0|    1|          0|
    |and_ln59_7351_reg_335092            |    1|   0|    1|          0|
    |and_ln59_7354_reg_335102            |    1|   0|    1|          0|
    |and_ln59_7357_reg_335112            |    1|   0|    1|          0|
    |and_ln59_7358_reg_335118            |    1|   0|    1|          0|
    |and_ln59_7361_reg_335128            |    1|   0|    1|          0|
    |and_ln59_7364_reg_335138            |    1|   0|    1|          0|
    |and_ln59_7365_reg_335144            |    1|   0|    1|          0|
    |and_ln59_7368_reg_335154            |    1|   0|    1|          0|
    |and_ln59_7371_reg_335164            |    1|   0|    1|          0|
    |and_ln59_7372_reg_335170            |    1|   0|    1|          0|
    |and_ln59_7375_reg_335180            |    1|   0|    1|          0|
    |and_ln59_7378_reg_335190            |    1|   0|    1|          0|
    |and_ln59_7379_reg_335196            |    1|   0|    1|          0|
    |and_ln59_7382_reg_335206            |    1|   0|    1|          0|
    |and_ln59_7385_reg_335216            |    1|   0|    1|          0|
    |and_ln59_7386_reg_335222            |    1|   0|    1|          0|
    |and_ln59_7389_reg_335232            |    1|   0|    1|          0|
    |and_ln59_7392_reg_335242            |    1|   0|    1|          0|
    |and_ln59_7393_reg_335248            |    1|   0|    1|          0|
    |and_ln59_7396_reg_335258            |    1|   0|    1|          0|
    |and_ln59_7399_reg_335268            |    1|   0|    1|          0|
    |and_ln59_7400_reg_335274            |    1|   0|    1|          0|
    |and_ln59_7403_reg_335284            |    1|   0|    1|          0|
    |and_ln59_7406_reg_335294            |    1|   0|    1|          0|
    |and_ln59_7407_reg_335300            |    1|   0|    1|          0|
    |and_ln59_7410_reg_335310            |    1|   0|    1|          0|
    |and_ln59_7413_reg_335320            |    1|   0|    1|          0|
    |and_ln59_7414_reg_335326            |    1|   0|    1|          0|
    |and_ln59_7417_reg_335336            |    1|   0|    1|          0|
    |and_ln59_7420_reg_335346            |    1|   0|    1|          0|
    |and_ln59_7421_reg_335352            |    1|   0|    1|          0|
    |and_ln59_7424_reg_335362            |    1|   0|    1|          0|
    |and_ln59_7427_reg_335372            |    1|   0|    1|          0|
    |and_ln59_7428_reg_335378            |    1|   0|    1|          0|
    |and_ln59_7431_reg_335388            |    1|   0|    1|          0|
    |and_ln59_7434_reg_335398            |    1|   0|    1|          0|
    |and_ln59_7435_reg_335404            |    1|   0|    1|          0|
    |and_ln59_7438_reg_335414            |    1|   0|    1|          0|
    |and_ln59_7441_reg_335424            |    1|   0|    1|          0|
    |and_ln59_7442_reg_335430            |    1|   0|    1|          0|
    |and_ln59_7445_reg_335440            |    1|   0|    1|          0|
    |and_ln59_7448_reg_335450            |    1|   0|    1|          0|
    |and_ln59_7449_reg_335456            |    1|   0|    1|          0|
    |and_ln59_7452_reg_335466            |    1|   0|    1|          0|
    |and_ln59_7455_reg_335476            |    1|   0|    1|          0|
    |and_ln59_7456_reg_335482            |    1|   0|    1|          0|
    |and_ln59_7459_reg_335492            |    1|   0|    1|          0|
    |and_ln59_7462_reg_335502            |    1|   0|    1|          0|
    |and_ln59_7463_reg_335508            |    1|   0|    1|          0|
    |and_ln59_7466_reg_335518            |    1|   0|    1|          0|
    |and_ln59_7469_reg_335528            |    1|   0|    1|          0|
    |and_ln59_7470_reg_335534            |    1|   0|    1|          0|
    |and_ln59_7473_reg_335544            |    1|   0|    1|          0|
    |and_ln59_7476_reg_335554            |    1|   0|    1|          0|
    |and_ln59_7477_reg_335560            |    1|   0|    1|          0|
    |and_ln59_7480_reg_335570            |    1|   0|    1|          0|
    |and_ln59_7483_reg_335580            |    1|   0|    1|          0|
    |and_ln59_7484_reg_335586            |    1|   0|    1|          0|
    |and_ln59_7487_reg_335596            |    1|   0|    1|          0|
    |and_ln59_7490_reg_335606            |    1|   0|    1|          0|
    |and_ln59_7491_reg_335612            |    1|   0|    1|          0|
    |and_ln59_7494_reg_335622            |    1|   0|    1|          0|
    |and_ln59_7497_reg_335632            |    1|   0|    1|          0|
    |and_ln59_7498_reg_335638            |    1|   0|    1|          0|
    |and_ln59_7501_reg_335648            |    1|   0|    1|          0|
    |and_ln59_7504_reg_335658            |    1|   0|    1|          0|
    |and_ln59_7505_reg_335664            |    1|   0|    1|          0|
    |and_ln59_7508_reg_335674            |    1|   0|    1|          0|
    |and_ln59_7511_reg_335684            |    1|   0|    1|          0|
    |and_ln59_7512_reg_335690            |    1|   0|    1|          0|
    |and_ln59_7515_reg_335700            |    1|   0|    1|          0|
    |and_ln59_7518_reg_335710            |    1|   0|    1|          0|
    |and_ln59_7519_reg_335716            |    1|   0|    1|          0|
    |and_ln59_7522_reg_335726            |    1|   0|    1|          0|
    |and_ln59_7525_reg_335736            |    1|   0|    1|          0|
    |and_ln59_7526_reg_335742            |    1|   0|    1|          0|
    |and_ln59_7529_reg_335752            |    1|   0|    1|          0|
    |and_ln59_7532_reg_335762            |    1|   0|    1|          0|
    |and_ln59_7533_reg_335768            |    1|   0|    1|          0|
    |and_ln59_7536_reg_335778            |    1|   0|    1|          0|
    |and_ln59_7539_reg_335788            |    1|   0|    1|          0|
    |and_ln59_7540_reg_335794            |    1|   0|    1|          0|
    |and_ln59_7543_reg_335804            |    1|   0|    1|          0|
    |and_ln59_7546_reg_335814            |    1|   0|    1|          0|
    |and_ln59_7547_reg_335820            |    1|   0|    1|          0|
    |and_ln59_7550_reg_335830            |    1|   0|    1|          0|
    |and_ln59_7553_reg_335840            |    1|   0|    1|          0|
    |and_ln59_7554_reg_335846            |    1|   0|    1|          0|
    |and_ln59_7557_reg_335856            |    1|   0|    1|          0|
    |and_ln59_7560_reg_335866            |    1|   0|    1|          0|
    |and_ln59_7561_reg_335872            |    1|   0|    1|          0|
    |and_ln59_7564_reg_335882            |    1|   0|    1|          0|
    |and_ln59_7567_reg_335892            |    1|   0|    1|          0|
    |and_ln59_7568_reg_335898            |    1|   0|    1|          0|
    |and_ln59_7571_reg_335908            |    1|   0|    1|          0|
    |and_ln59_7574_reg_335918            |    1|   0|    1|          0|
    |and_ln59_7575_reg_335924            |    1|   0|    1|          0|
    |and_ln59_7578_reg_335934            |    1|   0|    1|          0|
    |and_ln59_7581_reg_335944            |    1|   0|    1|          0|
    |and_ln59_7582_reg_335950            |    1|   0|    1|          0|
    |and_ln59_7585_reg_335960            |    1|   0|    1|          0|
    |and_ln59_7588_reg_335970            |    1|   0|    1|          0|
    |and_ln59_7589_reg_335976            |    1|   0|    1|          0|
    |and_ln59_7592_reg_335986            |    1|   0|    1|          0|
    |and_ln59_7595_reg_335996            |    1|   0|    1|          0|
    |and_ln59_7596_reg_336002            |    1|   0|    1|          0|
    |and_ln59_7599_reg_336012            |    1|   0|    1|          0|
    |and_ln59_7602_reg_336022            |    1|   0|    1|          0|
    |and_ln59_7603_reg_336028            |    1|   0|    1|          0|
    |and_ln59_7606_reg_336038            |    1|   0|    1|          0|
    |and_ln59_7609_reg_336048            |    1|   0|    1|          0|
    |and_ln59_7610_reg_336054            |    1|   0|    1|          0|
    |and_ln59_7613_reg_336064            |    1|   0|    1|          0|
    |and_ln59_7616_reg_336074            |    1|   0|    1|          0|
    |and_ln59_7617_reg_336080            |    1|   0|    1|          0|
    |and_ln59_7620_reg_336090            |    1|   0|    1|          0|
    |and_ln59_7623_reg_336100            |    1|   0|    1|          0|
    |and_ln59_7624_reg_336106            |    1|   0|    1|          0|
    |and_ln59_7627_reg_336116            |    1|   0|    1|          0|
    |and_ln59_7630_reg_336126            |    1|   0|    1|          0|
    |and_ln59_7631_reg_336132            |    1|   0|    1|          0|
    |and_ln59_7634_reg_336142            |    1|   0|    1|          0|
    |and_ln59_7637_reg_336152            |    1|   0|    1|          0|
    |and_ln59_7638_reg_336158            |    1|   0|    1|          0|
    |and_ln59_7641_reg_336168            |    1|   0|    1|          0|
    |and_ln59_7644_reg_336178            |    1|   0|    1|          0|
    |and_ln59_7645_reg_336184            |    1|   0|    1|          0|
    |and_ln59_7648_reg_336194            |    1|   0|    1|          0|
    |and_ln59_7651_reg_336204            |    1|   0|    1|          0|
    |and_ln59_7652_reg_336210            |    1|   0|    1|          0|
    |and_ln59_7655_reg_336220            |    1|   0|    1|          0|
    |and_ln59_7658_reg_336230            |    1|   0|    1|          0|
    |and_ln59_7659_reg_336236            |    1|   0|    1|          0|
    |and_ln59_7662_reg_336246            |    1|   0|    1|          0|
    |and_ln59_7665_reg_336256            |    1|   0|    1|          0|
    |and_ln59_7666_reg_336262            |    1|   0|    1|          0|
    |and_ln59_7669_reg_336272            |    1|   0|    1|          0|
    |and_ln59_7672_reg_336282            |    1|   0|    1|          0|
    |and_ln59_7673_reg_336288            |    1|   0|    1|          0|
    |and_ln59_7676_reg_336298            |    1|   0|    1|          0|
    |and_ln59_7679_reg_336308            |    1|   0|    1|          0|
    |and_ln59_7680_reg_336314            |    1|   0|    1|          0|
    |and_ln59_7683_reg_336324            |    1|   0|    1|          0|
    |and_ln59_7686_reg_336334            |    1|   0|    1|          0|
    |and_ln59_7687_reg_336340            |    1|   0|    1|          0|
    |and_ln59_7690_reg_336350            |    1|   0|    1|          0|
    |and_ln59_7693_reg_336360            |    1|   0|    1|          0|
    |and_ln59_7694_reg_336366            |    1|   0|    1|          0|
    |and_ln59_7697_reg_336376            |    1|   0|    1|          0|
    |and_ln59_7700_reg_336386            |    1|   0|    1|          0|
    |and_ln59_7701_reg_336392            |    1|   0|    1|          0|
    |and_ln59_7704_reg_336402            |    1|   0|    1|          0|
    |and_ln59_7707_reg_336412            |    1|   0|    1|          0|
    |and_ln59_7708_reg_336418            |    1|   0|    1|          0|
    |and_ln59_7711_reg_336428            |    1|   0|    1|          0|
    |and_ln59_7714_reg_336438            |    1|   0|    1|          0|
    |and_ln59_7715_reg_336444            |    1|   0|    1|          0|
    |and_ln59_7718_reg_336454            |    1|   0|    1|          0|
    |and_ln59_7721_reg_336464            |    1|   0|    1|          0|
    |and_ln59_7722_reg_336470            |    1|   0|    1|          0|
    |and_ln59_7725_reg_336480            |    1|   0|    1|          0|
    |and_ln59_7728_reg_336490            |    1|   0|    1|          0|
    |and_ln59_7729_reg_336496            |    1|   0|    1|          0|
    |and_ln59_7732_reg_336506            |    1|   0|    1|          0|
    |and_ln59_7735_reg_336516            |    1|   0|    1|          0|
    |and_ln59_7736_reg_336522            |    1|   0|    1|          0|
    |and_ln59_7739_reg_336532            |    1|   0|    1|          0|
    |and_ln59_7742_reg_336542            |    1|   0|    1|          0|
    |and_ln59_7743_reg_336548            |    1|   0|    1|          0|
    |and_ln59_7746_reg_336558            |    1|   0|    1|          0|
    |and_ln59_7749_reg_336568            |    1|   0|    1|          0|
    |and_ln59_7750_reg_336574            |    1|   0|    1|          0|
    |and_ln59_7753_reg_336584            |    1|   0|    1|          0|
    |and_ln59_7756_reg_336594            |    1|   0|    1|          0|
    |and_ln59_7757_reg_336600            |    1|   0|    1|          0|
    |and_ln59_7760_reg_336610            |    1|   0|    1|          0|
    |and_ln59_7763_reg_336620            |    1|   0|    1|          0|
    |and_ln59_7764_reg_336626            |    1|   0|    1|          0|
    |and_ln59_7767_reg_336636            |    1|   0|    1|          0|
    |and_ln59_7770_reg_336646            |    1|   0|    1|          0|
    |and_ln59_7771_reg_336652            |    1|   0|    1|          0|
    |and_ln59_7774_reg_336662            |    1|   0|    1|          0|
    |and_ln59_7777_reg_336672            |    1|   0|    1|          0|
    |and_ln59_7778_reg_336678            |    1|   0|    1|          0|
    |and_ln59_7781_reg_336688            |    1|   0|    1|          0|
    |and_ln59_7784_reg_336698            |    1|   0|    1|          0|
    |and_ln59_7785_reg_336704            |    1|   0|    1|          0|
    |and_ln59_7788_reg_336714            |    1|   0|    1|          0|
    |and_ln59_7791_reg_336724            |    1|   0|    1|          0|
    |and_ln59_7792_reg_336730            |    1|   0|    1|          0|
    |and_ln59_7795_reg_336740            |    1|   0|    1|          0|
    |and_ln59_7798_reg_336750            |    1|   0|    1|          0|
    |and_ln59_7799_reg_336756            |    1|   0|    1|          0|
    |and_ln59_7802_reg_336766            |    1|   0|    1|          0|
    |and_ln59_7805_reg_336776            |    1|   0|    1|          0|
    |and_ln59_7806_reg_336782            |    1|   0|    1|          0|
    |and_ln59_7809_reg_336792            |    1|   0|    1|          0|
    |and_ln59_7812_reg_336802            |    1|   0|    1|          0|
    |and_ln59_7813_reg_336808            |    1|   0|    1|          0|
    |and_ln59_7816_reg_336818            |    1|   0|    1|          0|
    |and_ln59_7819_reg_336828            |    1|   0|    1|          0|
    |and_ln59_7820_reg_336834            |    1|   0|    1|          0|
    |and_ln59_7823_reg_336844            |    1|   0|    1|          0|
    |and_ln59_7826_reg_336854            |    1|   0|    1|          0|
    |and_ln59_7827_reg_336860            |    1|   0|    1|          0|
    |and_ln59_7830_reg_336870            |    1|   0|    1|          0|
    |and_ln59_7833_reg_336880            |    1|   0|    1|          0|
    |and_ln59_7834_reg_336886            |    1|   0|    1|          0|
    |and_ln59_7837_reg_336896            |    1|   0|    1|          0|
    |and_ln59_7840_reg_336906            |    1|   0|    1|          0|
    |and_ln59_7841_reg_336912            |    1|   0|    1|          0|
    |and_ln59_7844_reg_336922            |    1|   0|    1|          0|
    |and_ln59_7847_reg_336932            |    1|   0|    1|          0|
    |and_ln59_7848_reg_336938            |    1|   0|    1|          0|
    |and_ln59_7851_reg_336948            |    1|   0|    1|          0|
    |and_ln59_7854_reg_336958            |    1|   0|    1|          0|
    |and_ln59_7855_reg_336964            |    1|   0|    1|          0|
    |and_ln59_7858_reg_336974            |    1|   0|    1|          0|
    |and_ln59_7861_reg_336984            |    1|   0|    1|          0|
    |and_ln59_7862_reg_336990            |    1|   0|    1|          0|
    |and_ln59_7865_reg_337000            |    1|   0|    1|          0|
    |and_ln59_7868_reg_337010            |    1|   0|    1|          0|
    |and_ln59_7869_reg_337016            |    1|   0|    1|          0|
    |and_ln59_7872_reg_337026            |    1|   0|    1|          0|
    |and_ln59_7875_reg_337036            |    1|   0|    1|          0|
    |and_ln59_7876_reg_337042            |    1|   0|    1|          0|
    |and_ln59_7879_reg_337052            |    1|   0|    1|          0|
    |and_ln59_7882_reg_337062            |    1|   0|    1|          0|
    |and_ln59_7883_reg_337068            |    1|   0|    1|          0|
    |and_ln59_7886_reg_337078            |    1|   0|    1|          0|
    |and_ln59_7889_reg_337088            |    1|   0|    1|          0|
    |and_ln59_7890_reg_337094            |    1|   0|    1|          0|
    |and_ln59_7893_reg_337104            |    1|   0|    1|          0|
    |and_ln59_7896_reg_337114            |    1|   0|    1|          0|
    |and_ln59_7897_reg_337120            |    1|   0|    1|          0|
    |and_ln59_7900_reg_337130            |    1|   0|    1|          0|
    |and_ln59_7903_reg_337140            |    1|   0|    1|          0|
    |and_ln59_7904_reg_337146            |    1|   0|    1|          0|
    |and_ln59_7907_reg_337156            |    1|   0|    1|          0|
    |and_ln59_7910_reg_337166            |    1|   0|    1|          0|
    |and_ln59_7911_reg_337172            |    1|   0|    1|          0|
    |and_ln59_7914_reg_337182            |    1|   0|    1|          0|
    |and_ln59_7917_reg_337192            |    1|   0|    1|          0|
    |and_ln59_7918_reg_337198            |    1|   0|    1|          0|
    |and_ln59_7921_reg_337208            |    1|   0|    1|          0|
    |and_ln59_7924_reg_337218            |    1|   0|    1|          0|
    |and_ln59_7925_reg_337224            |    1|   0|    1|          0|
    |and_ln59_7928_reg_337234            |    1|   0|    1|          0|
    |and_ln59_7931_reg_337244            |    1|   0|    1|          0|
    |and_ln59_7932_reg_337250            |    1|   0|    1|          0|
    |and_ln59_7935_reg_337260            |    1|   0|    1|          0|
    |and_ln59_7938_reg_337270            |    1|   0|    1|          0|
    |and_ln59_7939_reg_337276            |    1|   0|    1|          0|
    |and_ln59_7942_reg_337286            |    1|   0|    1|          0|
    |and_ln59_7945_reg_337296            |    1|   0|    1|          0|
    |and_ln59_7946_reg_337302            |    1|   0|    1|          0|
    |and_ln59_7949_reg_337312            |    1|   0|    1|          0|
    |and_ln59_7952_reg_337322            |    1|   0|    1|          0|
    |and_ln59_7953_reg_337328            |    1|   0|    1|          0|
    |and_ln59_7956_reg_337338            |    1|   0|    1|          0|
    |and_ln59_7959_reg_337348            |    1|   0|    1|          0|
    |and_ln59_7960_reg_337354            |    1|   0|    1|          0|
    |and_ln59_7963_reg_337364            |    1|   0|    1|          0|
    |and_ln59_7966_reg_337374            |    1|   0|    1|          0|
    |and_ln59_7967_reg_337380            |    1|   0|    1|          0|
    |and_ln59_7970_reg_337390            |    1|   0|    1|          0|
    |and_ln59_7973_reg_337400            |    1|   0|    1|          0|
    |and_ln59_7974_reg_337406            |    1|   0|    1|          0|
    |and_ln59_7977_reg_337416            |    1|   0|    1|          0|
    |and_ln59_7980_reg_337426            |    1|   0|    1|          0|
    |and_ln59_7981_reg_337432            |    1|   0|    1|          0|
    |and_ln59_7984_reg_337442            |    1|   0|    1|          0|
    |and_ln59_7987_reg_337452            |    1|   0|    1|          0|
    |and_ln59_7988_reg_337458            |    1|   0|    1|          0|
    |and_ln59_7991_reg_337468            |    1|   0|    1|          0|
    |and_ln59_7994_reg_337478            |    1|   0|    1|          0|
    |and_ln59_7995_reg_337484            |    1|   0|    1|          0|
    |and_ln59_7998_reg_337494            |    1|   0|    1|          0|
    |and_ln59_8001_reg_337504            |    1|   0|    1|          0|
    |and_ln59_8002_reg_337510            |    1|   0|    1|          0|
    |and_ln59_8005_reg_337520            |    1|   0|    1|          0|
    |and_ln59_8008_reg_337530            |    1|   0|    1|          0|
    |and_ln59_8009_reg_337536            |    1|   0|    1|          0|
    |and_ln59_8012_reg_337546            |    1|   0|    1|          0|
    |and_ln59_8015_reg_337556            |    1|   0|    1|          0|
    |and_ln59_8016_reg_337562            |    1|   0|    1|          0|
    |and_ln59_8019_reg_337572            |    1|   0|    1|          0|
    |and_ln59_8022_reg_337582            |    1|   0|    1|          0|
    |and_ln59_8023_reg_337588            |    1|   0|    1|          0|
    |and_ln59_8026_reg_337598            |    1|   0|    1|          0|
    |and_ln59_8029_reg_337608            |    1|   0|    1|          0|
    |and_ln59_8030_reg_337614            |    1|   0|    1|          0|
    |and_ln59_8033_reg_337624            |    1|   0|    1|          0|
    |and_ln59_8036_reg_337634            |    1|   0|    1|          0|
    |and_ln59_8037_reg_337640            |    1|   0|    1|          0|
    |and_ln59_8040_reg_337650            |    1|   0|    1|          0|
    |and_ln59_8043_reg_337660            |    1|   0|    1|          0|
    |and_ln59_8044_reg_337666            |    1|   0|    1|          0|
    |and_ln59_8047_reg_337676            |    1|   0|    1|          0|
    |and_ln59_8050_reg_337686            |    1|   0|    1|          0|
    |and_ln59_8051_reg_337692            |    1|   0|    1|          0|
    |and_ln59_8054_reg_337702            |    1|   0|    1|          0|
    |and_ln59_8057_reg_337712            |    1|   0|    1|          0|
    |and_ln59_8058_reg_337718            |    1|   0|    1|          0|
    |and_ln59_8061_reg_337728            |    1|   0|    1|          0|
    |and_ln59_8064_reg_337738            |    1|   0|    1|          0|
    |and_ln59_8065_reg_337744            |    1|   0|    1|          0|
    |and_ln59_8068_reg_337754            |    1|   0|    1|          0|
    |and_ln59_8071_reg_337764            |    1|   0|    1|          0|
    |and_ln59_8072_reg_337770            |    1|   0|    1|          0|
    |and_ln59_8075_reg_337780            |    1|   0|    1|          0|
    |and_ln59_8078_reg_337790            |    1|   0|    1|          0|
    |and_ln59_8079_reg_337796            |    1|   0|    1|          0|
    |and_ln59_8082_reg_337806            |    1|   0|    1|          0|
    |and_ln59_8085_reg_337816            |    1|   0|    1|          0|
    |and_ln59_8086_reg_337822            |    1|   0|    1|          0|
    |and_ln59_8089_reg_337832            |    1|   0|    1|          0|
    |and_ln59_8092_reg_337842            |    1|   0|    1|          0|
    |and_ln59_8093_reg_337848            |    1|   0|    1|          0|
    |and_ln59_8096_reg_337858            |    1|   0|    1|          0|
    |and_ln59_8099_reg_337868            |    1|   0|    1|          0|
    |and_ln59_8100_reg_337874            |    1|   0|    1|          0|
    |and_ln59_8103_reg_337884            |    1|   0|    1|          0|
    |and_ln59_8106_reg_337894            |    1|   0|    1|          0|
    |and_ln59_8107_reg_337900            |    1|   0|    1|          0|
    |and_ln59_8110_reg_337910            |    1|   0|    1|          0|
    |and_ln59_8113_reg_337920            |    1|   0|    1|          0|
    |and_ln59_8114_reg_337926            |    1|   0|    1|          0|
    |and_ln59_8117_reg_337936            |    1|   0|    1|          0|
    |and_ln59_8120_reg_337946            |    1|   0|    1|          0|
    |and_ln59_8121_reg_337952            |    1|   0|    1|          0|
    |and_ln59_8124_reg_337962            |    1|   0|    1|          0|
    |and_ln59_8127_reg_337972            |    1|   0|    1|          0|
    |and_ln59_8128_reg_337978            |    1|   0|    1|          0|
    |and_ln59_8131_reg_337988            |    1|   0|    1|          0|
    |and_ln59_8134_reg_337998            |    1|   0|    1|          0|
    |and_ln59_8135_reg_338004            |    1|   0|    1|          0|
    |and_ln59_8138_reg_338014            |    1|   0|    1|          0|
    |and_ln59_8141_reg_338024            |    1|   0|    1|          0|
    |and_ln59_8142_reg_338030            |    1|   0|    1|          0|
    |and_ln59_8145_reg_338040            |    1|   0|    1|          0|
    |and_ln59_8148_reg_338050            |    1|   0|    1|          0|
    |and_ln59_8149_reg_338056            |    1|   0|    1|          0|
    |and_ln59_8152_reg_338066            |    1|   0|    1|          0|
    |and_ln59_8155_reg_338076            |    1|   0|    1|          0|
    |and_ln59_8156_reg_338082            |    1|   0|    1|          0|
    |and_ln59_8159_reg_338092            |    1|   0|    1|          0|
    |and_ln59_8162_reg_338102            |    1|   0|    1|          0|
    |and_ln59_8163_reg_338108            |    1|   0|    1|          0|
    |and_ln59_8166_reg_338118            |    1|   0|    1|          0|
    |and_ln59_8169_reg_338128            |    1|   0|    1|          0|
    |and_ln59_8170_reg_338134            |    1|   0|    1|          0|
    |and_ln59_8173_reg_338144            |    1|   0|    1|          0|
    |and_ln59_8176_reg_338154            |    1|   0|    1|          0|
    |and_ln59_8177_reg_338160            |    1|   0|    1|          0|
    |and_ln59_8180_reg_338170            |    1|   0|    1|          0|
    |and_ln59_8183_reg_338180            |    1|   0|    1|          0|
    |and_ln59_8184_reg_338186            |    1|   0|    1|          0|
    |and_ln59_8187_reg_338196            |    1|   0|    1|          0|
    |and_ln59_8190_reg_338206            |    1|   0|    1|          0|
    |and_ln59_8191_reg_338212            |    1|   0|    1|          0|
    |and_ln59_8194_reg_338222            |    1|   0|    1|          0|
    |and_ln59_8197_reg_338232            |    1|   0|    1|          0|
    |and_ln59_8198_reg_338238            |    1|   0|    1|          0|
    |and_ln59_8201_reg_338248            |    1|   0|    1|          0|
    |and_ln59_8204_reg_338258            |    1|   0|    1|          0|
    |and_ln59_8205_reg_338264            |    1|   0|    1|          0|
    |and_ln59_8208_reg_338274            |    1|   0|    1|          0|
    |and_ln59_8211_reg_338284            |    1|   0|    1|          0|
    |and_ln59_8212_reg_338290            |    1|   0|    1|          0|
    |and_ln59_8215_reg_338300            |    1|   0|    1|          0|
    |and_ln59_8218_reg_338310            |    1|   0|    1|          0|
    |and_ln59_8219_reg_338316            |    1|   0|    1|          0|
    |and_ln59_8222_reg_338326            |    1|   0|    1|          0|
    |and_ln59_8225_reg_338336            |    1|   0|    1|          0|
    |and_ln59_8226_reg_338342            |    1|   0|    1|          0|
    |and_ln59_8229_reg_338352            |    1|   0|    1|          0|
    |and_ln59_8232_reg_338362            |    1|   0|    1|          0|
    |and_ln59_8233_reg_338368            |    1|   0|    1|          0|
    |and_ln59_8236_reg_338378            |    1|   0|    1|          0|
    |and_ln59_8239_reg_338388            |    1|   0|    1|          0|
    |and_ln59_8240_reg_338394            |    1|   0|    1|          0|
    |and_ln59_8243_reg_338404            |    1|   0|    1|          0|
    |and_ln59_8246_reg_338414            |    1|   0|    1|          0|
    |and_ln59_8247_reg_338420            |    1|   0|    1|          0|
    |and_ln59_8250_reg_338430            |    1|   0|    1|          0|
    |and_ln59_8253_reg_338440            |    1|   0|    1|          0|
    |and_ln59_8254_reg_338446            |    1|   0|    1|          0|
    |and_ln59_8257_reg_338456            |    1|   0|    1|          0|
    |and_ln59_8260_reg_338466            |    1|   0|    1|          0|
    |and_ln59_8261_reg_338472            |    1|   0|    1|          0|
    |and_ln59_8264_reg_338482            |    1|   0|    1|          0|
    |and_ln59_8267_reg_338492            |    1|   0|    1|          0|
    |and_ln59_8268_reg_338498            |    1|   0|    1|          0|
    |and_ln59_8271_reg_338508            |    1|   0|    1|          0|
    |and_ln59_8274_reg_338518            |    1|   0|    1|          0|
    |and_ln59_8275_reg_338524            |    1|   0|    1|          0|
    |and_ln59_8278_reg_338534            |    1|   0|    1|          0|
    |and_ln59_8281_reg_338544            |    1|   0|    1|          0|
    |and_ln59_8282_reg_338550            |    1|   0|    1|          0|
    |and_ln59_8285_reg_338560            |    1|   0|    1|          0|
    |and_ln59_8288_reg_338570            |    1|   0|    1|          0|
    |and_ln59_8289_reg_338576            |    1|   0|    1|          0|
    |and_ln59_8292_reg_338586            |    1|   0|    1|          0|
    |and_ln59_8295_reg_338596            |    1|   0|    1|          0|
    |and_ln59_8296_reg_338602            |    1|   0|    1|          0|
    |and_ln59_8299_reg_338612            |    1|   0|    1|          0|
    |and_ln59_8302_reg_338622            |    1|   0|    1|          0|
    |and_ln59_8303_reg_338628            |    1|   0|    1|          0|
    |and_ln59_8306_reg_338638            |    1|   0|    1|          0|
    |and_ln59_8309_reg_338648            |    1|   0|    1|          0|
    |and_ln59_8310_reg_338654            |    1|   0|    1|          0|
    |and_ln59_8313_reg_338664            |    1|   0|    1|          0|
    |and_ln59_8316_reg_338674            |    1|   0|    1|          0|
    |and_ln59_8317_reg_338680            |    1|   0|    1|          0|
    |and_ln59_8320_reg_338690            |    1|   0|    1|          0|
    |and_ln59_8323_reg_338700            |    1|   0|    1|          0|
    |and_ln59_8324_reg_338706            |    1|   0|    1|          0|
    |and_ln59_8327_reg_338716            |    1|   0|    1|          0|
    |and_ln59_8330_reg_338726            |    1|   0|    1|          0|
    |and_ln59_8331_reg_338732            |    1|   0|    1|          0|
    |and_ln59_8334_reg_338742            |    1|   0|    1|          0|
    |and_ln59_8337_reg_338752            |    1|   0|    1|          0|
    |and_ln59_8338_reg_338758            |    1|   0|    1|          0|
    |and_ln59_8341_reg_338768            |    1|   0|    1|          0|
    |and_ln59_8344_reg_338778            |    1|   0|    1|          0|
    |and_ln59_8345_reg_338784            |    1|   0|    1|          0|
    |and_ln59_8348_reg_338794            |    1|   0|    1|          0|
    |and_ln59_8351_reg_338804            |    1|   0|    1|          0|
    |and_ln59_8352_reg_338810            |    1|   0|    1|          0|
    |and_ln59_8355_reg_338820            |    1|   0|    1|          0|
    |and_ln59_8358_reg_338830            |    1|   0|    1|          0|
    |and_ln59_8359_reg_338836            |    1|   0|    1|          0|
    |and_ln59_8362_reg_338846            |    1|   0|    1|          0|
    |and_ln59_8365_reg_338856            |    1|   0|    1|          0|
    |and_ln59_8366_reg_338862            |    1|   0|    1|          0|
    |and_ln59_8369_reg_338872            |    1|   0|    1|          0|
    |and_ln59_8372_reg_338882            |    1|   0|    1|          0|
    |and_ln59_8373_reg_338888            |    1|   0|    1|          0|
    |and_ln59_8376_reg_338898            |    1|   0|    1|          0|
    |and_ln59_8379_reg_338908            |    1|   0|    1|          0|
    |and_ln59_8380_reg_338914            |    1|   0|    1|          0|
    |and_ln59_8383_reg_338924            |    1|   0|    1|          0|
    |and_ln59_8386_reg_338934            |    1|   0|    1|          0|
    |and_ln59_8387_reg_338940            |    1|   0|    1|          0|
    |and_ln59_8390_reg_338950            |    1|   0|    1|          0|
    |and_ln59_8393_reg_338960            |    1|   0|    1|          0|
    |and_ln59_8394_reg_338966            |    1|   0|    1|          0|
    |and_ln59_8397_reg_338976            |    1|   0|    1|          0|
    |and_ln59_8400_reg_338986            |    1|   0|    1|          0|
    |and_ln59_8401_reg_338992            |    1|   0|    1|          0|
    |and_ln59_8404_reg_339002            |    1|   0|    1|          0|
    |and_ln59_8407_reg_339012            |    1|   0|    1|          0|
    |and_ln59_8408_reg_339018            |    1|   0|    1|          0|
    |and_ln59_8411_reg_339028            |    1|   0|    1|          0|
    |and_ln59_8414_reg_339038            |    1|   0|    1|          0|
    |and_ln59_8415_reg_339044            |    1|   0|    1|          0|
    |and_ln59_8418_reg_339054            |    1|   0|    1|          0|
    |and_ln59_8421_reg_339064            |    1|   0|    1|          0|
    |and_ln59_8422_reg_339070            |    1|   0|    1|          0|
    |and_ln59_8425_reg_339080            |    1|   0|    1|          0|
    |and_ln59_8428_reg_339090            |    1|   0|    1|          0|
    |and_ln59_8429_reg_339096            |    1|   0|    1|          0|
    |and_ln59_8432_reg_339106            |    1|   0|    1|          0|
    |and_ln59_8435_reg_339116            |    1|   0|    1|          0|
    |and_ln59_8436_reg_339122            |    1|   0|    1|          0|
    |and_ln59_8439_reg_339132            |    1|   0|    1|          0|
    |and_ln59_8442_reg_339142            |    1|   0|    1|          0|
    |and_ln59_8443_reg_339148            |    1|   0|    1|          0|
    |and_ln59_8446_reg_339158            |    1|   0|    1|          0|
    |and_ln59_8449_reg_339168            |    1|   0|    1|          0|
    |and_ln59_8450_reg_339174            |    1|   0|    1|          0|
    |and_ln59_8453_reg_339184            |    1|   0|    1|          0|
    |and_ln59_8456_reg_339194            |    1|   0|    1|          0|
    |and_ln59_8457_reg_339200            |    1|   0|    1|          0|
    |and_ln59_8460_reg_339210            |    1|   0|    1|          0|
    |and_ln59_8463_reg_339220            |    1|   0|    1|          0|
    |and_ln59_8464_reg_339226            |    1|   0|    1|          0|
    |and_ln59_8467_reg_339236            |    1|   0|    1|          0|
    |and_ln59_8470_reg_339246            |    1|   0|    1|          0|
    |and_ln59_8471_reg_339252            |    1|   0|    1|          0|
    |and_ln59_8474_reg_339262            |    1|   0|    1|          0|
    |and_ln59_8477_reg_339272            |    1|   0|    1|          0|
    |and_ln59_8478_reg_339278            |    1|   0|    1|          0|
    |and_ln59_8481_reg_339288            |    1|   0|    1|          0|
    |and_ln59_8484_reg_339298            |    1|   0|    1|          0|
    |and_ln59_8485_reg_339304            |    1|   0|    1|          0|
    |and_ln59_8488_reg_339314            |    1|   0|    1|          0|
    |and_ln59_8491_reg_339324            |    1|   0|    1|          0|
    |and_ln59_8492_reg_339330            |    1|   0|    1|          0|
    |and_ln59_8495_reg_339340            |    1|   0|    1|          0|
    |and_ln59_8498_reg_339350            |    1|   0|    1|          0|
    |and_ln59_8499_reg_339356            |    1|   0|    1|          0|
    |and_ln59_8502_reg_339366            |    1|   0|    1|          0|
    |and_ln59_8505_reg_339376            |    1|   0|    1|          0|
    |and_ln59_8506_reg_339382            |    1|   0|    1|          0|
    |and_ln59_8509_reg_339392            |    1|   0|    1|          0|
    |and_ln59_8512_reg_339402            |    1|   0|    1|          0|
    |and_ln59_8513_reg_339408            |    1|   0|    1|          0|
    |and_ln59_8516_reg_339418            |    1|   0|    1|          0|
    |and_ln59_8519_reg_339428            |    1|   0|    1|          0|
    |and_ln59_8520_reg_339434            |    1|   0|    1|          0|
    |and_ln59_8523_reg_339444            |    1|   0|    1|          0|
    |and_ln59_8526_reg_339454            |    1|   0|    1|          0|
    |and_ln59_8527_reg_339460            |    1|   0|    1|          0|
    |and_ln59_8530_reg_339470            |    1|   0|    1|          0|
    |and_ln59_8533_reg_339480            |    1|   0|    1|          0|
    |and_ln59_8534_reg_339486            |    1|   0|    1|          0|
    |and_ln59_8537_reg_339496            |    1|   0|    1|          0|
    |and_ln59_8540_reg_339506            |    1|   0|    1|          0|
    |and_ln59_8541_reg_339512            |    1|   0|    1|          0|
    |and_ln59_8544_reg_339522            |    1|   0|    1|          0|
    |and_ln59_8547_reg_339532            |    1|   0|    1|          0|
    |and_ln59_8548_reg_339538            |    1|   0|    1|          0|
    |and_ln59_8551_reg_339548            |    1|   0|    1|          0|
    |and_ln59_8554_reg_339558            |    1|   0|    1|          0|
    |and_ln59_8555_reg_339564            |    1|   0|    1|          0|
    |and_ln59_8558_reg_339574            |    1|   0|    1|          0|
    |and_ln59_8561_reg_339584            |    1|   0|    1|          0|
    |and_ln59_8562_reg_339590            |    1|   0|    1|          0|
    |and_ln59_8565_reg_339600            |    1|   0|    1|          0|
    |and_ln59_8568_reg_339610            |    1|   0|    1|          0|
    |and_ln59_8569_reg_339616            |    1|   0|    1|          0|
    |and_ln59_8572_reg_339626            |    1|   0|    1|          0|
    |and_ln59_8575_reg_339636            |    1|   0|    1|          0|
    |and_ln59_8576_reg_339642            |    1|   0|    1|          0|
    |and_ln59_8579_reg_339652            |    1|   0|    1|          0|
    |and_ln59_8582_reg_339662            |    1|   0|    1|          0|
    |and_ln59_8583_reg_339668            |    1|   0|    1|          0|
    |and_ln59_8586_reg_339678            |    1|   0|    1|          0|
    |and_ln59_8589_reg_339688            |    1|   0|    1|          0|
    |and_ln59_8590_reg_339694            |    1|   0|    1|          0|
    |and_ln59_8593_reg_339704            |    1|   0|    1|          0|
    |and_ln59_8596_reg_339714            |    1|   0|    1|          0|
    |and_ln59_8597_reg_339720            |    1|   0|    1|          0|
    |and_ln59_8600_reg_339730            |    1|   0|    1|          0|
    |and_ln59_8603_reg_339740            |    1|   0|    1|          0|
    |and_ln59_8604_reg_339746            |    1|   0|    1|          0|
    |and_ln59_8607_reg_339756            |    1|   0|    1|          0|
    |and_ln59_8610_reg_339766            |    1|   0|    1|          0|
    |and_ln59_8611_reg_339772            |    1|   0|    1|          0|
    |and_ln59_8614_reg_339782            |    1|   0|    1|          0|
    |and_ln59_8617_reg_339792            |    1|   0|    1|          0|
    |and_ln59_8618_reg_339798            |    1|   0|    1|          0|
    |and_ln59_8621_reg_339808            |    1|   0|    1|          0|
    |and_ln59_8624_reg_339818            |    1|   0|    1|          0|
    |and_ln59_8625_reg_339824            |    1|   0|    1|          0|
    |and_ln59_8628_reg_339834            |    1|   0|    1|          0|
    |and_ln59_8631_reg_339844            |    1|   0|    1|          0|
    |and_ln59_8632_reg_339850            |    1|   0|    1|          0|
    |and_ln59_8635_reg_339860            |    1|   0|    1|          0|
    |and_ln59_8638_reg_339870            |    1|   0|    1|          0|
    |and_ln59_8639_reg_339876            |    1|   0|    1|          0|
    |and_ln59_8642_reg_339886            |    1|   0|    1|          0|
    |and_ln59_8645_reg_339896            |    1|   0|    1|          0|
    |and_ln59_8646_reg_339902            |    1|   0|    1|          0|
    |and_ln59_8649_reg_339912            |    1|   0|    1|          0|
    |and_ln59_8652_reg_339922            |    1|   0|    1|          0|
    |and_ln59_8653_reg_339928            |    1|   0|    1|          0|
    |and_ln59_8656_reg_339938            |    1|   0|    1|          0|
    |and_ln59_8659_reg_339948            |    1|   0|    1|          0|
    |and_ln59_8660_reg_339954            |    1|   0|    1|          0|
    |and_ln59_8663_reg_339964            |    1|   0|    1|          0|
    |and_ln59_8666_reg_339974            |    1|   0|    1|          0|
    |and_ln59_8667_reg_339980            |    1|   0|    1|          0|
    |and_ln59_8670_reg_339990            |    1|   0|    1|          0|
    |and_ln59_8673_reg_340000            |    1|   0|    1|          0|
    |and_ln59_8674_reg_340006            |    1|   0|    1|          0|
    |and_ln59_8677_reg_340016            |    1|   0|    1|          0|
    |and_ln59_8680_reg_340026            |    1|   0|    1|          0|
    |and_ln59_8681_reg_340032            |    1|   0|    1|          0|
    |and_ln59_8684_reg_340042            |    1|   0|    1|          0|
    |and_ln59_8687_reg_340052            |    1|   0|    1|          0|
    |and_ln59_8688_reg_340058            |    1|   0|    1|          0|
    |and_ln59_8691_reg_340068            |    1|   0|    1|          0|
    |and_ln59_8694_reg_340078            |    1|   0|    1|          0|
    |and_ln59_8695_reg_340084            |    1|   0|    1|          0|
    |and_ln59_8698_reg_340094            |    1|   0|    1|          0|
    |and_ln59_8701_reg_340104            |    1|   0|    1|          0|
    |and_ln59_8702_reg_340110            |    1|   0|    1|          0|
    |and_ln59_8705_reg_340120            |    1|   0|    1|          0|
    |and_ln59_8708_reg_340130            |    1|   0|    1|          0|
    |and_ln59_8709_reg_340136            |    1|   0|    1|          0|
    |and_ln59_8712_reg_340146            |    1|   0|    1|          0|
    |and_ln59_8715_reg_340156            |    1|   0|    1|          0|
    |and_ln59_8716_reg_340162            |    1|   0|    1|          0|
    |and_ln59_8719_reg_340172            |    1|   0|    1|          0|
    |and_ln59_8722_reg_340182            |    1|   0|    1|          0|
    |and_ln59_8723_reg_340188            |    1|   0|    1|          0|
    |and_ln59_8726_reg_340198            |    1|   0|    1|          0|
    |and_ln59_8729_reg_340208            |    1|   0|    1|          0|
    |and_ln59_8730_reg_340214            |    1|   0|    1|          0|
    |and_ln59_8733_reg_340224            |    1|   0|    1|          0|
    |and_ln59_8736_reg_340234            |    1|   0|    1|          0|
    |and_ln59_8737_reg_340240            |    1|   0|    1|          0|
    |and_ln59_8740_reg_340250            |    1|   0|    1|          0|
    |and_ln59_8743_reg_340260            |    1|   0|    1|          0|
    |and_ln59_8744_reg_340266            |    1|   0|    1|          0|
    |and_ln59_8747_reg_340276            |    1|   0|    1|          0|
    |and_ln59_8750_reg_340286            |    1|   0|    1|          0|
    |and_ln59_8751_reg_340292            |    1|   0|    1|          0|
    |and_ln59_8754_reg_340302            |    1|   0|    1|          0|
    |and_ln59_8757_reg_340312            |    1|   0|    1|          0|
    |and_ln59_8758_reg_340318            |    1|   0|    1|          0|
    |and_ln59_8761_reg_340328            |    1|   0|    1|          0|
    |and_ln59_8764_reg_340338            |    1|   0|    1|          0|
    |and_ln59_8765_reg_340344            |    1|   0|    1|          0|
    |and_ln59_8768_reg_340354            |    1|   0|    1|          0|
    |and_ln59_8771_reg_340364            |    1|   0|    1|          0|
    |and_ln59_8772_reg_340370            |    1|   0|    1|          0|
    |and_ln59_8775_reg_340380            |    1|   0|    1|          0|
    |and_ln59_8778_reg_340390            |    1|   0|    1|          0|
    |and_ln59_8779_reg_340396            |    1|   0|    1|          0|
    |and_ln59_8782_reg_340406            |    1|   0|    1|          0|
    |and_ln59_8785_reg_340416            |    1|   0|    1|          0|
    |and_ln59_8786_reg_340422            |    1|   0|    1|          0|
    |and_ln59_8789_reg_340432            |    1|   0|    1|          0|
    |and_ln59_8792_reg_340442            |    1|   0|    1|          0|
    |and_ln59_8793_reg_340448            |    1|   0|    1|          0|
    |and_ln59_8796_reg_340458            |    1|   0|    1|          0|
    |and_ln59_8799_reg_340468            |    1|   0|    1|          0|
    |and_ln59_8800_reg_340474            |    1|   0|    1|          0|
    |and_ln59_8803_reg_340484            |    1|   0|    1|          0|
    |and_ln59_8806_reg_340494            |    1|   0|    1|          0|
    |and_ln59_8807_reg_340500            |    1|   0|    1|          0|
    |and_ln59_8810_reg_340510            |    1|   0|    1|          0|
    |and_ln59_8813_reg_340520            |    1|   0|    1|          0|
    |and_ln59_8814_reg_340526            |    1|   0|    1|          0|
    |and_ln59_8817_reg_340536            |    1|   0|    1|          0|
    |and_ln59_8820_reg_340546            |    1|   0|    1|          0|
    |and_ln59_8821_reg_340552            |    1|   0|    1|          0|
    |and_ln59_8824_reg_340562            |    1|   0|    1|          0|
    |and_ln59_8827_reg_340572            |    1|   0|    1|          0|
    |and_ln59_8828_reg_340578            |    1|   0|    1|          0|
    |and_ln59_8831_reg_340588            |    1|   0|    1|          0|
    |and_ln59_8834_reg_340598            |    1|   0|    1|          0|
    |and_ln59_8835_reg_340604            |    1|   0|    1|          0|
    |and_ln59_8838_reg_340614            |    1|   0|    1|          0|
    |and_ln59_8841_reg_340624            |    1|   0|    1|          0|
    |and_ln59_8842_reg_340630            |    1|   0|    1|          0|
    |and_ln59_8845_reg_340640            |    1|   0|    1|          0|
    |and_ln59_8848_reg_340650            |    1|   0|    1|          0|
    |and_ln59_8849_reg_340656            |    1|   0|    1|          0|
    |and_ln59_8852_reg_340666            |    1|   0|    1|          0|
    |and_ln59_8855_reg_340676            |    1|   0|    1|          0|
    |and_ln59_8856_reg_340682            |    1|   0|    1|          0|
    |and_ln59_8859_reg_340692            |    1|   0|    1|          0|
    |and_ln59_8862_reg_340702            |    1|   0|    1|          0|
    |and_ln59_8863_reg_340708            |    1|   0|    1|          0|
    |and_ln59_8866_reg_340718            |    1|   0|    1|          0|
    |and_ln59_8869_reg_340728            |    1|   0|    1|          0|
    |and_ln59_8870_reg_340734            |    1|   0|    1|          0|
    |and_ln59_8873_reg_340744            |    1|   0|    1|          0|
    |and_ln59_8876_reg_340754            |    1|   0|    1|          0|
    |and_ln59_8877_reg_340760            |    1|   0|    1|          0|
    |and_ln59_8880_reg_340770            |    1|   0|    1|          0|
    |and_ln59_8883_reg_340780            |    1|   0|    1|          0|
    |and_ln59_8884_reg_340786            |    1|   0|    1|          0|
    |and_ln59_8887_reg_340796            |    1|   0|    1|          0|
    |and_ln59_8890_reg_340806            |    1|   0|    1|          0|
    |and_ln59_8891_reg_340812            |    1|   0|    1|          0|
    |and_ln59_8894_reg_340822            |    1|   0|    1|          0|
    |and_ln59_8897_reg_340832            |    1|   0|    1|          0|
    |and_ln59_8898_reg_340838            |    1|   0|    1|          0|
    |and_ln59_8901_reg_340848            |    1|   0|    1|          0|
    |and_ln59_8904_reg_340858            |    1|   0|    1|          0|
    |and_ln59_8905_reg_340864            |    1|   0|    1|          0|
    |and_ln59_8908_reg_340874            |    1|   0|    1|          0|
    |and_ln59_8911_reg_340884            |    1|   0|    1|          0|
    |and_ln59_8912_reg_340890            |    1|   0|    1|          0|
    |and_ln59_8915_reg_340900            |    1|   0|    1|          0|
    |and_ln59_8918_reg_340910            |    1|   0|    1|          0|
    |and_ln59_8919_reg_340916            |    1|   0|    1|          0|
    |and_ln59_8922_reg_340926            |    1|   0|    1|          0|
    |and_ln59_8925_reg_340936            |    1|   0|    1|          0|
    |and_ln59_8926_reg_340942            |    1|   0|    1|          0|
    |and_ln59_8929_reg_340952            |    1|   0|    1|          0|
    |and_ln59_8932_reg_340962            |    1|   0|    1|          0|
    |and_ln59_8933_reg_340968            |    1|   0|    1|          0|
    |and_ln59_8936_reg_340978            |    1|   0|    1|          0|
    |and_ln59_8939_reg_340988            |    1|   0|    1|          0|
    |and_ln59_8940_reg_340994            |    1|   0|    1|          0|
    |and_ln59_8943_reg_341004            |    1|   0|    1|          0|
    |and_ln59_8946_reg_341014            |    1|   0|    1|          0|
    |and_ln59_8947_reg_341020            |    1|   0|    1|          0|
    |and_ln59_8950_reg_341030            |    1|   0|    1|          0|
    |and_ln59_8953_reg_341040            |    1|   0|    1|          0|
    |and_ln59_8954_reg_341046            |    1|   0|    1|          0|
    |ap_ce_reg                           |    1|   0|    1|          0|
    |ap_return_0_int_reg                 |    4|   0|    4|          0|
    |ap_return_100_int_reg               |    4|   0|    4|          0|
    |ap_return_101_int_reg               |    4|   0|    4|          0|
    |ap_return_102_int_reg               |    4|   0|    4|          0|
    |ap_return_103_int_reg               |    4|   0|    4|          0|
    |ap_return_104_int_reg               |    4|   0|    4|          0|
    |ap_return_105_int_reg               |    4|   0|    4|          0|
    |ap_return_106_int_reg               |    4|   0|    4|          0|
    |ap_return_107_int_reg               |    4|   0|    4|          0|
    |ap_return_108_int_reg               |    4|   0|    4|          0|
    |ap_return_109_int_reg               |    4|   0|    4|          0|
    |ap_return_10_int_reg                |    4|   0|    4|          0|
    |ap_return_110_int_reg               |    4|   0|    4|          0|
    |ap_return_111_int_reg               |    4|   0|    4|          0|
    |ap_return_112_int_reg               |    4|   0|    4|          0|
    |ap_return_113_int_reg               |    4|   0|    4|          0|
    |ap_return_114_int_reg               |    4|   0|    4|          0|
    |ap_return_115_int_reg               |    4|   0|    4|          0|
    |ap_return_116_int_reg               |    4|   0|    4|          0|
    |ap_return_117_int_reg               |    4|   0|    4|          0|
    |ap_return_118_int_reg               |    4|   0|    4|          0|
    |ap_return_119_int_reg               |    4|   0|    4|          0|
    |ap_return_11_int_reg                |    4|   0|    4|          0|
    |ap_return_120_int_reg               |    4|   0|    4|          0|
    |ap_return_121_int_reg               |    4|   0|    4|          0|
    |ap_return_122_int_reg               |    4|   0|    4|          0|
    |ap_return_123_int_reg               |    4|   0|    4|          0|
    |ap_return_124_int_reg               |    4|   0|    4|          0|
    |ap_return_125_int_reg               |    4|   0|    4|          0|
    |ap_return_126_int_reg               |    4|   0|    4|          0|
    |ap_return_127_int_reg               |    4|   0|    4|          0|
    |ap_return_128_int_reg               |    4|   0|    4|          0|
    |ap_return_129_int_reg               |    4|   0|    4|          0|
    |ap_return_12_int_reg                |    4|   0|    4|          0|
    |ap_return_130_int_reg               |    4|   0|    4|          0|
    |ap_return_131_int_reg               |    4|   0|    4|          0|
    |ap_return_132_int_reg               |    4|   0|    4|          0|
    |ap_return_133_int_reg               |    4|   0|    4|          0|
    |ap_return_134_int_reg               |    4|   0|    4|          0|
    |ap_return_135_int_reg               |    4|   0|    4|          0|
    |ap_return_136_int_reg               |    4|   0|    4|          0|
    |ap_return_137_int_reg               |    4|   0|    4|          0|
    |ap_return_138_int_reg               |    4|   0|    4|          0|
    |ap_return_139_int_reg               |    4|   0|    4|          0|
    |ap_return_13_int_reg                |    4|   0|    4|          0|
    |ap_return_140_int_reg               |    4|   0|    4|          0|
    |ap_return_141_int_reg               |    4|   0|    4|          0|
    |ap_return_142_int_reg               |    4|   0|    4|          0|
    |ap_return_143_int_reg               |    4|   0|    4|          0|
    |ap_return_144_int_reg               |    4|   0|    4|          0|
    |ap_return_145_int_reg               |    4|   0|    4|          0|
    |ap_return_146_int_reg               |    4|   0|    4|          0|
    |ap_return_147_int_reg               |    4|   0|    4|          0|
    |ap_return_148_int_reg               |    4|   0|    4|          0|
    |ap_return_149_int_reg               |    4|   0|    4|          0|
    |ap_return_14_int_reg                |    4|   0|    4|          0|
    |ap_return_150_int_reg               |    4|   0|    4|          0|
    |ap_return_151_int_reg               |    4|   0|    4|          0|
    |ap_return_152_int_reg               |    4|   0|    4|          0|
    |ap_return_153_int_reg               |    4|   0|    4|          0|
    |ap_return_154_int_reg               |    4|   0|    4|          0|
    |ap_return_155_int_reg               |    4|   0|    4|          0|
    |ap_return_156_int_reg               |    4|   0|    4|          0|
    |ap_return_157_int_reg               |    4|   0|    4|          0|
    |ap_return_158_int_reg               |    4|   0|    4|          0|
    |ap_return_159_int_reg               |    4|   0|    4|          0|
    |ap_return_15_int_reg                |    4|   0|    4|          0|
    |ap_return_160_int_reg               |    4|   0|    4|          0|
    |ap_return_161_int_reg               |    4|   0|    4|          0|
    |ap_return_162_int_reg               |    4|   0|    4|          0|
    |ap_return_163_int_reg               |    4|   0|    4|          0|
    |ap_return_164_int_reg               |    4|   0|    4|          0|
    |ap_return_165_int_reg               |    4|   0|    4|          0|
    |ap_return_166_int_reg               |    4|   0|    4|          0|
    |ap_return_167_int_reg               |    4|   0|    4|          0|
    |ap_return_168_int_reg               |    4|   0|    4|          0|
    |ap_return_169_int_reg               |    4|   0|    4|          0|
    |ap_return_16_int_reg                |    4|   0|    4|          0|
    |ap_return_170_int_reg               |    4|   0|    4|          0|
    |ap_return_171_int_reg               |    4|   0|    4|          0|
    |ap_return_172_int_reg               |    4|   0|    4|          0|
    |ap_return_173_int_reg               |    4|   0|    4|          0|
    |ap_return_174_int_reg               |    4|   0|    4|          0|
    |ap_return_175_int_reg               |    4|   0|    4|          0|
    |ap_return_176_int_reg               |    4|   0|    4|          0|
    |ap_return_177_int_reg               |    4|   0|    4|          0|
    |ap_return_178_int_reg               |    4|   0|    4|          0|
    |ap_return_179_int_reg               |    4|   0|    4|          0|
    |ap_return_17_int_reg                |    4|   0|    4|          0|
    |ap_return_180_int_reg               |    4|   0|    4|          0|
    |ap_return_181_int_reg               |    4|   0|    4|          0|
    |ap_return_182_int_reg               |    4|   0|    4|          0|
    |ap_return_183_int_reg               |    4|   0|    4|          0|
    |ap_return_184_int_reg               |    4|   0|    4|          0|
    |ap_return_185_int_reg               |    4|   0|    4|          0|
    |ap_return_186_int_reg               |    4|   0|    4|          0|
    |ap_return_187_int_reg               |    4|   0|    4|          0|
    |ap_return_188_int_reg               |    4|   0|    4|          0|
    |ap_return_189_int_reg               |    4|   0|    4|          0|
    |ap_return_18_int_reg                |    4|   0|    4|          0|
    |ap_return_190_int_reg               |    4|   0|    4|          0|
    |ap_return_191_int_reg               |    4|   0|    4|          0|
    |ap_return_192_int_reg               |    4|   0|    4|          0|
    |ap_return_193_int_reg               |    4|   0|    4|          0|
    |ap_return_194_int_reg               |    4|   0|    4|          0|
    |ap_return_195_int_reg               |    4|   0|    4|          0|
    |ap_return_196_int_reg               |    4|   0|    4|          0|
    |ap_return_197_int_reg               |    4|   0|    4|          0|
    |ap_return_198_int_reg               |    4|   0|    4|          0|
    |ap_return_199_int_reg               |    4|   0|    4|          0|
    |ap_return_19_int_reg                |    4|   0|    4|          0|
    |ap_return_1_int_reg                 |    4|   0|    4|          0|
    |ap_return_200_int_reg               |    4|   0|    4|          0|
    |ap_return_201_int_reg               |    4|   0|    4|          0|
    |ap_return_202_int_reg               |    4|   0|    4|          0|
    |ap_return_203_int_reg               |    4|   0|    4|          0|
    |ap_return_204_int_reg               |    4|   0|    4|          0|
    |ap_return_205_int_reg               |    4|   0|    4|          0|
    |ap_return_206_int_reg               |    4|   0|    4|          0|
    |ap_return_207_int_reg               |    4|   0|    4|          0|
    |ap_return_208_int_reg               |    4|   0|    4|          0|
    |ap_return_209_int_reg               |    4|   0|    4|          0|
    |ap_return_20_int_reg                |    4|   0|    4|          0|
    |ap_return_210_int_reg               |    4|   0|    4|          0|
    |ap_return_211_int_reg               |    4|   0|    4|          0|
    |ap_return_212_int_reg               |    4|   0|    4|          0|
    |ap_return_213_int_reg               |    4|   0|    4|          0|
    |ap_return_214_int_reg               |    4|   0|    4|          0|
    |ap_return_215_int_reg               |    4|   0|    4|          0|
    |ap_return_216_int_reg               |    4|   0|    4|          0|
    |ap_return_217_int_reg               |    4|   0|    4|          0|
    |ap_return_218_int_reg               |    4|   0|    4|          0|
    |ap_return_219_int_reg               |    4|   0|    4|          0|
    |ap_return_21_int_reg                |    4|   0|    4|          0|
    |ap_return_220_int_reg               |    4|   0|    4|          0|
    |ap_return_221_int_reg               |    4|   0|    4|          0|
    |ap_return_222_int_reg               |    4|   0|    4|          0|
    |ap_return_223_int_reg               |    4|   0|    4|          0|
    |ap_return_224_int_reg               |    4|   0|    4|          0|
    |ap_return_225_int_reg               |    4|   0|    4|          0|
    |ap_return_226_int_reg               |    4|   0|    4|          0|
    |ap_return_227_int_reg               |    4|   0|    4|          0|
    |ap_return_228_int_reg               |    4|   0|    4|          0|
    |ap_return_229_int_reg               |    4|   0|    4|          0|
    |ap_return_22_int_reg                |    4|   0|    4|          0|
    |ap_return_230_int_reg               |    4|   0|    4|          0|
    |ap_return_231_int_reg               |    4|   0|    4|          0|
    |ap_return_232_int_reg               |    4|   0|    4|          0|
    |ap_return_233_int_reg               |    4|   0|    4|          0|
    |ap_return_234_int_reg               |    4|   0|    4|          0|
    |ap_return_235_int_reg               |    4|   0|    4|          0|
    |ap_return_236_int_reg               |    4|   0|    4|          0|
    |ap_return_237_int_reg               |    4|   0|    4|          0|
    |ap_return_238_int_reg               |    4|   0|    4|          0|
    |ap_return_239_int_reg               |    4|   0|    4|          0|
    |ap_return_23_int_reg                |    4|   0|    4|          0|
    |ap_return_240_int_reg               |    4|   0|    4|          0|
    |ap_return_241_int_reg               |    4|   0|    4|          0|
    |ap_return_242_int_reg               |    4|   0|    4|          0|
    |ap_return_243_int_reg               |    4|   0|    4|          0|
    |ap_return_244_int_reg               |    4|   0|    4|          0|
    |ap_return_245_int_reg               |    4|   0|    4|          0|
    |ap_return_246_int_reg               |    4|   0|    4|          0|
    |ap_return_247_int_reg               |    4|   0|    4|          0|
    |ap_return_248_int_reg               |    4|   0|    4|          0|
    |ap_return_249_int_reg               |    4|   0|    4|          0|
    |ap_return_24_int_reg                |    4|   0|    4|          0|
    |ap_return_250_int_reg               |    4|   0|    4|          0|
    |ap_return_251_int_reg               |    4|   0|    4|          0|
    |ap_return_252_int_reg               |    4|   0|    4|          0|
    |ap_return_253_int_reg               |    4|   0|    4|          0|
    |ap_return_254_int_reg               |    4|   0|    4|          0|
    |ap_return_255_int_reg               |    4|   0|    4|          0|
    |ap_return_25_int_reg                |    4|   0|    4|          0|
    |ap_return_26_int_reg                |    4|   0|    4|          0|
    |ap_return_27_int_reg                |    4|   0|    4|          0|
    |ap_return_28_int_reg                |    4|   0|    4|          0|
    |ap_return_29_int_reg                |    4|   0|    4|          0|
    |ap_return_2_int_reg                 |    4|   0|    4|          0|
    |ap_return_30_int_reg                |    4|   0|    4|          0|
    |ap_return_31_int_reg                |    4|   0|    4|          0|
    |ap_return_32_int_reg                |    4|   0|    4|          0|
    |ap_return_33_int_reg                |    4|   0|    4|          0|
    |ap_return_34_int_reg                |    4|   0|    4|          0|
    |ap_return_35_int_reg                |    4|   0|    4|          0|
    |ap_return_36_int_reg                |    4|   0|    4|          0|
    |ap_return_37_int_reg                |    4|   0|    4|          0|
    |ap_return_38_int_reg                |    4|   0|    4|          0|
    |ap_return_39_int_reg                |    4|   0|    4|          0|
    |ap_return_3_int_reg                 |    4|   0|    4|          0|
    |ap_return_40_int_reg                |    4|   0|    4|          0|
    |ap_return_41_int_reg                |    4|   0|    4|          0|
    |ap_return_42_int_reg                |    4|   0|    4|          0|
    |ap_return_43_int_reg                |    4|   0|    4|          0|
    |ap_return_44_int_reg                |    4|   0|    4|          0|
    |ap_return_45_int_reg                |    4|   0|    4|          0|
    |ap_return_46_int_reg                |    4|   0|    4|          0|
    |ap_return_47_int_reg                |    4|   0|    4|          0|
    |ap_return_48_int_reg                |    4|   0|    4|          0|
    |ap_return_49_int_reg                |    4|   0|    4|          0|
    |ap_return_4_int_reg                 |    4|   0|    4|          0|
    |ap_return_50_int_reg                |    4|   0|    4|          0|
    |ap_return_51_int_reg                |    4|   0|    4|          0|
    |ap_return_52_int_reg                |    4|   0|    4|          0|
    |ap_return_53_int_reg                |    4|   0|    4|          0|
    |ap_return_54_int_reg                |    4|   0|    4|          0|
    |ap_return_55_int_reg                |    4|   0|    4|          0|
    |ap_return_56_int_reg                |    4|   0|    4|          0|
    |ap_return_57_int_reg                |    4|   0|    4|          0|
    |ap_return_58_int_reg                |    4|   0|    4|          0|
    |ap_return_59_int_reg                |    4|   0|    4|          0|
    |ap_return_5_int_reg                 |    4|   0|    4|          0|
    |ap_return_60_int_reg                |    4|   0|    4|          0|
    |ap_return_61_int_reg                |    4|   0|    4|          0|
    |ap_return_62_int_reg                |    4|   0|    4|          0|
    |ap_return_63_int_reg                |    4|   0|    4|          0|
    |ap_return_64_int_reg                |    4|   0|    4|          0|
    |ap_return_65_int_reg                |    4|   0|    4|          0|
    |ap_return_66_int_reg                |    4|   0|    4|          0|
    |ap_return_67_int_reg                |    4|   0|    4|          0|
    |ap_return_68_int_reg                |    4|   0|    4|          0|
    |ap_return_69_int_reg                |    4|   0|    4|          0|
    |ap_return_6_int_reg                 |    4|   0|    4|          0|
    |ap_return_70_int_reg                |    4|   0|    4|          0|
    |ap_return_71_int_reg                |    4|   0|    4|          0|
    |ap_return_72_int_reg                |    4|   0|    4|          0|
    |ap_return_73_int_reg                |    4|   0|    4|          0|
    |ap_return_74_int_reg                |    4|   0|    4|          0|
    |ap_return_75_int_reg                |    4|   0|    4|          0|
    |ap_return_76_int_reg                |    4|   0|    4|          0|
    |ap_return_77_int_reg                |    4|   0|    4|          0|
    |ap_return_78_int_reg                |    4|   0|    4|          0|
    |ap_return_79_int_reg                |    4|   0|    4|          0|
    |ap_return_7_int_reg                 |    4|   0|    4|          0|
    |ap_return_80_int_reg                |    4|   0|    4|          0|
    |ap_return_81_int_reg                |    4|   0|    4|          0|
    |ap_return_82_int_reg                |    4|   0|    4|          0|
    |ap_return_83_int_reg                |    4|   0|    4|          0|
    |ap_return_84_int_reg                |    4|   0|    4|          0|
    |ap_return_85_int_reg                |    4|   0|    4|          0|
    |ap_return_86_int_reg                |    4|   0|    4|          0|
    |ap_return_87_int_reg                |    4|   0|    4|          0|
    |ap_return_88_int_reg                |    4|   0|    4|          0|
    |ap_return_89_int_reg                |    4|   0|    4|          0|
    |ap_return_8_int_reg                 |    4|   0|    4|          0|
    |ap_return_90_int_reg                |    4|   0|    4|          0|
    |ap_return_91_int_reg                |    4|   0|    4|          0|
    |ap_return_92_int_reg                |    4|   0|    4|          0|
    |ap_return_93_int_reg                |    4|   0|    4|          0|
    |ap_return_94_int_reg                |    4|   0|    4|          0|
    |ap_return_95_int_reg                |    4|   0|    4|          0|
    |ap_return_96_int_reg                |    4|   0|    4|          0|
    |ap_return_97_int_reg                |    4|   0|    4|          0|
    |ap_return_98_int_reg                |    4|   0|    4|          0|
    |ap_return_99_int_reg                |    4|   0|    4|          0|
    |ap_return_9_int_reg                 |    4|   0|    4|          0|
    |data_0_val_int_reg                  |    9|   0|    9|          0|
    |data_100_val_int_reg                |    9|   0|    9|          0|
    |data_101_val_int_reg                |    9|   0|    9|          0|
    |data_102_val_int_reg                |    9|   0|    9|          0|
    |data_103_val_int_reg                |    9|   0|    9|          0|
    |data_104_val_int_reg                |    9|   0|    9|          0|
    |data_105_val_int_reg                |    9|   0|    9|          0|
    |data_106_val_int_reg                |    9|   0|    9|          0|
    |data_107_val_int_reg                |    9|   0|    9|          0|
    |data_108_val_int_reg                |    9|   0|    9|          0|
    |data_109_val_int_reg                |    9|   0|    9|          0|
    |data_10_val_int_reg                 |    9|   0|    9|          0|
    |data_110_val_int_reg                |    9|   0|    9|          0|
    |data_111_val_int_reg                |    9|   0|    9|          0|
    |data_112_val_int_reg                |    9|   0|    9|          0|
    |data_113_val_int_reg                |    9|   0|    9|          0|
    |data_114_val_int_reg                |    9|   0|    9|          0|
    |data_115_val_int_reg                |    9|   0|    9|          0|
    |data_116_val_int_reg                |    9|   0|    9|          0|
    |data_117_val_int_reg                |    9|   0|    9|          0|
    |data_118_val_int_reg                |    9|   0|    9|          0|
    |data_119_val_int_reg                |    9|   0|    9|          0|
    |data_11_val_int_reg                 |    9|   0|    9|          0|
    |data_120_val_int_reg                |    9|   0|    9|          0|
    |data_121_val_int_reg                |    9|   0|    9|          0|
    |data_122_val_int_reg                |    9|   0|    9|          0|
    |data_123_val_int_reg                |    9|   0|    9|          0|
    |data_124_val_int_reg                |    9|   0|    9|          0|
    |data_125_val_int_reg                |    9|   0|    9|          0|
    |data_126_val_int_reg                |    9|   0|    9|          0|
    |data_127_val_int_reg                |    9|   0|    9|          0|
    |data_128_val_int_reg                |    9|   0|    9|          0|
    |data_129_val_int_reg                |    9|   0|    9|          0|
    |data_12_val_int_reg                 |    9|   0|    9|          0|
    |data_130_val_int_reg                |    9|   0|    9|          0|
    |data_131_val_int_reg                |    9|   0|    9|          0|
    |data_132_val_int_reg                |    9|   0|    9|          0|
    |data_133_val_int_reg                |    9|   0|    9|          0|
    |data_134_val_int_reg                |    9|   0|    9|          0|
    |data_135_val_int_reg                |    9|   0|    9|          0|
    |data_136_val_int_reg                |    9|   0|    9|          0|
    |data_137_val_int_reg                |    9|   0|    9|          0|
    |data_138_val_int_reg                |    9|   0|    9|          0|
    |data_139_val_int_reg                |    9|   0|    9|          0|
    |data_13_val_int_reg                 |    9|   0|    9|          0|
    |data_140_val_int_reg                |    9|   0|    9|          0|
    |data_141_val_int_reg                |    9|   0|    9|          0|
    |data_142_val_int_reg                |    9|   0|    9|          0|
    |data_143_val_int_reg                |    9|   0|    9|          0|
    |data_144_val_int_reg                |    9|   0|    9|          0|
    |data_145_val_int_reg                |    9|   0|    9|          0|
    |data_146_val_int_reg                |    9|   0|    9|          0|
    |data_147_val_int_reg                |    9|   0|    9|          0|
    |data_148_val_int_reg                |    9|   0|    9|          0|
    |data_149_val_int_reg                |    9|   0|    9|          0|
    |data_14_val_int_reg                 |    9|   0|    9|          0|
    |data_150_val_int_reg                |    9|   0|    9|          0|
    |data_151_val_int_reg                |    9|   0|    9|          0|
    |data_152_val_int_reg                |    9|   0|    9|          0|
    |data_153_val_int_reg                |    9|   0|    9|          0|
    |data_154_val_int_reg                |    9|   0|    9|          0|
    |data_155_val_int_reg                |    9|   0|    9|          0|
    |data_156_val_int_reg                |    9|   0|    9|          0|
    |data_157_val_int_reg                |    9|   0|    9|          0|
    |data_158_val_int_reg                |    9|   0|    9|          0|
    |data_159_val_int_reg                |    9|   0|    9|          0|
    |data_15_val_int_reg                 |    9|   0|    9|          0|
    |data_160_val_int_reg                |    9|   0|    9|          0|
    |data_161_val_int_reg                |    9|   0|    9|          0|
    |data_162_val_int_reg                |    9|   0|    9|          0|
    |data_163_val_int_reg                |    9|   0|    9|          0|
    |data_164_val_int_reg                |    9|   0|    9|          0|
    |data_165_val_int_reg                |    9|   0|    9|          0|
    |data_166_val_int_reg                |    9|   0|    9|          0|
    |data_167_val_int_reg                |    9|   0|    9|          0|
    |data_168_val_int_reg                |    9|   0|    9|          0|
    |data_169_val_int_reg                |    9|   0|    9|          0|
    |data_16_val_int_reg                 |    9|   0|    9|          0|
    |data_170_val_int_reg                |    9|   0|    9|          0|
    |data_171_val_int_reg                |    9|   0|    9|          0|
    |data_172_val_int_reg                |    9|   0|    9|          0|
    |data_173_val_int_reg                |    9|   0|    9|          0|
    |data_174_val_int_reg                |    9|   0|    9|          0|
    |data_175_val_int_reg                |    9|   0|    9|          0|
    |data_176_val_int_reg                |    9|   0|    9|          0|
    |data_177_val_int_reg                |    9|   0|    9|          0|
    |data_178_val_int_reg                |    9|   0|    9|          0|
    |data_179_val_int_reg                |    9|   0|    9|          0|
    |data_17_val_int_reg                 |    9|   0|    9|          0|
    |data_180_val_int_reg                |    9|   0|    9|          0|
    |data_181_val_int_reg                |    9|   0|    9|          0|
    |data_182_val_int_reg                |    9|   0|    9|          0|
    |data_183_val_int_reg                |    9|   0|    9|          0|
    |data_184_val_int_reg                |    9|   0|    9|          0|
    |data_185_val_int_reg                |    9|   0|    9|          0|
    |data_186_val_int_reg                |    9|   0|    9|          0|
    |data_187_val_int_reg                |    9|   0|    9|          0|
    |data_188_val_int_reg                |    9|   0|    9|          0|
    |data_189_val_int_reg                |    9|   0|    9|          0|
    |data_18_val_int_reg                 |    9|   0|    9|          0|
    |data_190_val_int_reg                |    9|   0|    9|          0|
    |data_191_val_int_reg                |    9|   0|    9|          0|
    |data_192_val_int_reg                |    9|   0|    9|          0|
    |data_193_val_int_reg                |    9|   0|    9|          0|
    |data_194_val_int_reg                |    9|   0|    9|          0|
    |data_195_val_int_reg                |    9|   0|    9|          0|
    |data_196_val_int_reg                |    9|   0|    9|          0|
    |data_197_val_int_reg                |    9|   0|    9|          0|
    |data_198_val_int_reg                |    9|   0|    9|          0|
    |data_199_val_int_reg                |    9|   0|    9|          0|
    |data_19_val_int_reg                 |    9|   0|    9|          0|
    |data_1_val_int_reg                  |    9|   0|    9|          0|
    |data_200_val_int_reg                |    9|   0|    9|          0|
    |data_201_val_int_reg                |    9|   0|    9|          0|
    |data_202_val_int_reg                |    9|   0|    9|          0|
    |data_203_val_int_reg                |    9|   0|    9|          0|
    |data_204_val_int_reg                |    9|   0|    9|          0|
    |data_205_val_int_reg                |    9|   0|    9|          0|
    |data_206_val_int_reg                |    9|   0|    9|          0|
    |data_207_val_int_reg                |    9|   0|    9|          0|
    |data_208_val_int_reg                |    9|   0|    9|          0|
    |data_209_val_int_reg                |    9|   0|    9|          0|
    |data_20_val_int_reg                 |    9|   0|    9|          0|
    |data_210_val_int_reg                |    9|   0|    9|          0|
    |data_211_val_int_reg                |    9|   0|    9|          0|
    |data_212_val_int_reg                |    9|   0|    9|          0|
    |data_213_val_int_reg                |    9|   0|    9|          0|
    |data_214_val_int_reg                |    9|   0|    9|          0|
    |data_215_val_int_reg                |    9|   0|    9|          0|
    |data_216_val_int_reg                |    9|   0|    9|          0|
    |data_217_val_int_reg                |    9|   0|    9|          0|
    |data_218_val_int_reg                |    9|   0|    9|          0|
    |data_219_val_int_reg                |    9|   0|    9|          0|
    |data_21_val_int_reg                 |    9|   0|    9|          0|
    |data_220_val_int_reg                |    9|   0|    9|          0|
    |data_221_val_int_reg                |    9|   0|    9|          0|
    |data_222_val_int_reg                |    9|   0|    9|          0|
    |data_223_val_int_reg                |    9|   0|    9|          0|
    |data_224_val_int_reg                |    9|   0|    9|          0|
    |data_225_val_int_reg                |    9|   0|    9|          0|
    |data_226_val_int_reg                |    9|   0|    9|          0|
    |data_227_val_int_reg                |    9|   0|    9|          0|
    |data_228_val_int_reg                |    9|   0|    9|          0|
    |data_229_val_int_reg                |    9|   0|    9|          0|
    |data_22_val_int_reg                 |    9|   0|    9|          0|
    |data_230_val_int_reg                |    9|   0|    9|          0|
    |data_231_val_int_reg                |    9|   0|    9|          0|
    |data_232_val_int_reg                |    9|   0|    9|          0|
    |data_233_val_int_reg                |    9|   0|    9|          0|
    |data_234_val_int_reg                |    9|   0|    9|          0|
    |data_235_val_int_reg                |    9|   0|    9|          0|
    |data_236_val_int_reg                |    9|   0|    9|          0|
    |data_237_val_int_reg                |    9|   0|    9|          0|
    |data_238_val_int_reg                |    9|   0|    9|          0|
    |data_239_val_int_reg                |    9|   0|    9|          0|
    |data_23_val_int_reg                 |    9|   0|    9|          0|
    |data_240_val_int_reg                |    9|   0|    9|          0|
    |data_241_val_int_reg                |    9|   0|    9|          0|
    |data_242_val_int_reg                |    9|   0|    9|          0|
    |data_243_val_int_reg                |    9|   0|    9|          0|
    |data_244_val_int_reg                |    9|   0|    9|          0|
    |data_245_val_int_reg                |    9|   0|    9|          0|
    |data_246_val_int_reg                |    9|   0|    9|          0|
    |data_247_val_int_reg                |    9|   0|    9|          0|
    |data_248_val_int_reg                |    9|   0|    9|          0|
    |data_249_val_int_reg                |    9|   0|    9|          0|
    |data_24_val_int_reg                 |    9|   0|    9|          0|
    |data_250_val_int_reg                |    9|   0|    9|          0|
    |data_251_val_int_reg                |    9|   0|    9|          0|
    |data_252_val_int_reg                |    9|   0|    9|          0|
    |data_253_val_int_reg                |    9|   0|    9|          0|
    |data_254_val_int_reg                |    9|   0|    9|          0|
    |data_255_val_int_reg                |    9|   0|    9|          0|
    |data_25_val_int_reg                 |    9|   0|    9|          0|
    |data_26_val_int_reg                 |    9|   0|    9|          0|
    |data_27_val_int_reg                 |    9|   0|    9|          0|
    |data_28_val_int_reg                 |    9|   0|    9|          0|
    |data_29_val_int_reg                 |    9|   0|    9|          0|
    |data_2_val_int_reg                  |    9|   0|    9|          0|
    |data_30_val_int_reg                 |    9|   0|    9|          0|
    |data_31_val_int_reg                 |    9|   0|    9|          0|
    |data_32_val_int_reg                 |    9|   0|    9|          0|
    |data_33_val_int_reg                 |    9|   0|    9|          0|
    |data_34_val_int_reg                 |    9|   0|    9|          0|
    |data_35_val_int_reg                 |    9|   0|    9|          0|
    |data_36_val_int_reg                 |    9|   0|    9|          0|
    |data_37_val_int_reg                 |    9|   0|    9|          0|
    |data_38_val_int_reg                 |    9|   0|    9|          0|
    |data_39_val_int_reg                 |    9|   0|    9|          0|
    |data_3_val_int_reg                  |    9|   0|    9|          0|
    |data_40_val_int_reg                 |    9|   0|    9|          0|
    |data_41_val_int_reg                 |    9|   0|    9|          0|
    |data_42_val_int_reg                 |    9|   0|    9|          0|
    |data_43_val_int_reg                 |    9|   0|    9|          0|
    |data_44_val_int_reg                 |    9|   0|    9|          0|
    |data_45_val_int_reg                 |    9|   0|    9|          0|
    |data_46_val_int_reg                 |    9|   0|    9|          0|
    |data_47_val_int_reg                 |    9|   0|    9|          0|
    |data_48_val_int_reg                 |    9|   0|    9|          0|
    |data_49_val_int_reg                 |    9|   0|    9|          0|
    |data_4_val_int_reg                  |    9|   0|    9|          0|
    |data_50_val_int_reg                 |    9|   0|    9|          0|
    |data_51_val_int_reg                 |    9|   0|    9|          0|
    |data_52_val_int_reg                 |    9|   0|    9|          0|
    |data_53_val_int_reg                 |    9|   0|    9|          0|
    |data_54_val_int_reg                 |    9|   0|    9|          0|
    |data_55_val_int_reg                 |    9|   0|    9|          0|
    |data_56_val_int_reg                 |    9|   0|    9|          0|
    |data_57_val_int_reg                 |    9|   0|    9|          0|
    |data_58_val_int_reg                 |    9|   0|    9|          0|
    |data_59_val_int_reg                 |    9|   0|    9|          0|
    |data_5_val_int_reg                  |    9|   0|    9|          0|
    |data_60_val_int_reg                 |    9|   0|    9|          0|
    |data_61_val_int_reg                 |    9|   0|    9|          0|
    |data_62_val_int_reg                 |    9|   0|    9|          0|
    |data_63_val_int_reg                 |    9|   0|    9|          0|
    |data_64_val_int_reg                 |    9|   0|    9|          0|
    |data_65_val_int_reg                 |    9|   0|    9|          0|
    |data_66_val_int_reg                 |    9|   0|    9|          0|
    |data_67_val_int_reg                 |    9|   0|    9|          0|
    |data_68_val_int_reg                 |    9|   0|    9|          0|
    |data_69_val_int_reg                 |    9|   0|    9|          0|
    |data_6_val_int_reg                  |    9|   0|    9|          0|
    |data_70_val_int_reg                 |    9|   0|    9|          0|
    |data_71_val_int_reg                 |    9|   0|    9|          0|
    |data_72_val_int_reg                 |    9|   0|    9|          0|
    |data_73_val_int_reg                 |    9|   0|    9|          0|
    |data_74_val_int_reg                 |    9|   0|    9|          0|
    |data_75_val_int_reg                 |    9|   0|    9|          0|
    |data_76_val_int_reg                 |    9|   0|    9|          0|
    |data_77_val_int_reg                 |    9|   0|    9|          0|
    |data_78_val_int_reg                 |    9|   0|    9|          0|
    |data_79_val_int_reg                 |    9|   0|    9|          0|
    |data_7_val_int_reg                  |    9|   0|    9|          0|
    |data_80_val_int_reg                 |    9|   0|    9|          0|
    |data_81_val_int_reg                 |    9|   0|    9|          0|
    |data_82_val_int_reg                 |    9|   0|    9|          0|
    |data_83_val_int_reg                 |    9|   0|    9|          0|
    |data_84_val_int_reg                 |    9|   0|    9|          0|
    |data_85_val_int_reg                 |    9|   0|    9|          0|
    |data_86_val_int_reg                 |    9|   0|    9|          0|
    |data_87_val_int_reg                 |    9|   0|    9|          0|
    |data_88_val_int_reg                 |    9|   0|    9|          0|
    |data_89_val_int_reg                 |    9|   0|    9|          0|
    |data_8_val_int_reg                  |    9|   0|    9|          0|
    |data_90_val_int_reg                 |    9|   0|    9|          0|
    |data_91_val_int_reg                 |    9|   0|    9|          0|
    |data_92_val_int_reg                 |    9|   0|    9|          0|
    |data_93_val_int_reg                 |    9|   0|    9|          0|
    |data_94_val_int_reg                 |    9|   0|    9|          0|
    |data_95_val_int_reg                 |    9|   0|    9|          0|
    |data_96_val_int_reg                 |    9|   0|    9|          0|
    |data_97_val_int_reg                 |    9|   0|    9|          0|
    |data_98_val_int_reg                 |    9|   0|    9|          0|
    |data_99_val_int_reg                 |    9|   0|    9|          0|
    |data_9_val_int_reg                  |    9|   0|    9|          0|
    |icmp_ln59_3326_reg_334405           |    1|   0|    1|          0|
    |icmp_ln59_3330_reg_334431           |    1|   0|    1|          0|
    |icmp_ln59_3334_reg_334457           |    1|   0|    1|          0|
    |icmp_ln59_3338_reg_334483           |    1|   0|    1|          0|
    |icmp_ln59_3342_reg_334509           |    1|   0|    1|          0|
    |icmp_ln59_3346_reg_334535           |    1|   0|    1|          0|
    |icmp_ln59_3350_reg_334561           |    1|   0|    1|          0|
    |icmp_ln59_3354_reg_334587           |    1|   0|    1|          0|
    |icmp_ln59_3358_reg_334613           |    1|   0|    1|          0|
    |icmp_ln59_3362_reg_334639           |    1|   0|    1|          0|
    |icmp_ln59_3366_reg_334665           |    1|   0|    1|          0|
    |icmp_ln59_3370_reg_334691           |    1|   0|    1|          0|
    |icmp_ln59_3374_reg_334717           |    1|   0|    1|          0|
    |icmp_ln59_3378_reg_334743           |    1|   0|    1|          0|
    |icmp_ln59_3382_reg_334769           |    1|   0|    1|          0|
    |icmp_ln59_3386_reg_334795           |    1|   0|    1|          0|
    |icmp_ln59_3390_reg_334821           |    1|   0|    1|          0|
    |icmp_ln59_3394_reg_334847           |    1|   0|    1|          0|
    |icmp_ln59_3398_reg_334873           |    1|   0|    1|          0|
    |icmp_ln59_3402_reg_334899           |    1|   0|    1|          0|
    |icmp_ln59_3406_reg_334925           |    1|   0|    1|          0|
    |icmp_ln59_3410_reg_334951           |    1|   0|    1|          0|
    |icmp_ln59_3414_reg_334977           |    1|   0|    1|          0|
    |icmp_ln59_3418_reg_335003           |    1|   0|    1|          0|
    |icmp_ln59_3422_reg_335029           |    1|   0|    1|          0|
    |icmp_ln59_3426_reg_335055           |    1|   0|    1|          0|
    |icmp_ln59_3430_reg_335081           |    1|   0|    1|          0|
    |icmp_ln59_3434_reg_335107           |    1|   0|    1|          0|
    |icmp_ln59_3438_reg_335133           |    1|   0|    1|          0|
    |icmp_ln59_3442_reg_335159           |    1|   0|    1|          0|
    |icmp_ln59_3446_reg_335185           |    1|   0|    1|          0|
    |icmp_ln59_3450_reg_335211           |    1|   0|    1|          0|
    |icmp_ln59_3454_reg_335237           |    1|   0|    1|          0|
    |icmp_ln59_3458_reg_335263           |    1|   0|    1|          0|
    |icmp_ln59_3462_reg_335289           |    1|   0|    1|          0|
    |icmp_ln59_3466_reg_335315           |    1|   0|    1|          0|
    |icmp_ln59_3470_reg_335341           |    1|   0|    1|          0|
    |icmp_ln59_3474_reg_335367           |    1|   0|    1|          0|
    |icmp_ln59_3478_reg_335393           |    1|   0|    1|          0|
    |icmp_ln59_3482_reg_335419           |    1|   0|    1|          0|
    |icmp_ln59_3486_reg_335445           |    1|   0|    1|          0|
    |icmp_ln59_3490_reg_335471           |    1|   0|    1|          0|
    |icmp_ln59_3494_reg_335497           |    1|   0|    1|          0|
    |icmp_ln59_3498_reg_335523           |    1|   0|    1|          0|
    |icmp_ln59_3502_reg_335549           |    1|   0|    1|          0|
    |icmp_ln59_3506_reg_335575           |    1|   0|    1|          0|
    |icmp_ln59_3510_reg_335601           |    1|   0|    1|          0|
    |icmp_ln59_3514_reg_335627           |    1|   0|    1|          0|
    |icmp_ln59_3518_reg_335653           |    1|   0|    1|          0|
    |icmp_ln59_3522_reg_335679           |    1|   0|    1|          0|
    |icmp_ln59_3526_reg_335705           |    1|   0|    1|          0|
    |icmp_ln59_3530_reg_335731           |    1|   0|    1|          0|
    |icmp_ln59_3534_reg_335757           |    1|   0|    1|          0|
    |icmp_ln59_3538_reg_335783           |    1|   0|    1|          0|
    |icmp_ln59_3542_reg_335809           |    1|   0|    1|          0|
    |icmp_ln59_3546_reg_335835           |    1|   0|    1|          0|
    |icmp_ln59_3550_reg_335861           |    1|   0|    1|          0|
    |icmp_ln59_3554_reg_335887           |    1|   0|    1|          0|
    |icmp_ln59_3558_reg_335913           |    1|   0|    1|          0|
    |icmp_ln59_3562_reg_335939           |    1|   0|    1|          0|
    |icmp_ln59_3566_reg_335965           |    1|   0|    1|          0|
    |icmp_ln59_3570_reg_335991           |    1|   0|    1|          0|
    |icmp_ln59_3574_reg_336017           |    1|   0|    1|          0|
    |icmp_ln59_3578_reg_336043           |    1|   0|    1|          0|
    |icmp_ln59_3582_reg_336069           |    1|   0|    1|          0|
    |icmp_ln59_3586_reg_336095           |    1|   0|    1|          0|
    |icmp_ln59_3590_reg_336121           |    1|   0|    1|          0|
    |icmp_ln59_3594_reg_336147           |    1|   0|    1|          0|
    |icmp_ln59_3598_reg_336173           |    1|   0|    1|          0|
    |icmp_ln59_3602_reg_336199           |    1|   0|    1|          0|
    |icmp_ln59_3606_reg_336225           |    1|   0|    1|          0|
    |icmp_ln59_3610_reg_336251           |    1|   0|    1|          0|
    |icmp_ln59_3614_reg_336277           |    1|   0|    1|          0|
    |icmp_ln59_3618_reg_336303           |    1|   0|    1|          0|
    |icmp_ln59_3622_reg_336329           |    1|   0|    1|          0|
    |icmp_ln59_3626_reg_336355           |    1|   0|    1|          0|
    |icmp_ln59_3630_reg_336381           |    1|   0|    1|          0|
    |icmp_ln59_3634_reg_336407           |    1|   0|    1|          0|
    |icmp_ln59_3638_reg_336433           |    1|   0|    1|          0|
    |icmp_ln59_3642_reg_336459           |    1|   0|    1|          0|
    |icmp_ln59_3646_reg_336485           |    1|   0|    1|          0|
    |icmp_ln59_3650_reg_336511           |    1|   0|    1|          0|
    |icmp_ln59_3654_reg_336537           |    1|   0|    1|          0|
    |icmp_ln59_3658_reg_336563           |    1|   0|    1|          0|
    |icmp_ln59_3662_reg_336589           |    1|   0|    1|          0|
    |icmp_ln59_3666_reg_336615           |    1|   0|    1|          0|
    |icmp_ln59_3670_reg_336641           |    1|   0|    1|          0|
    |icmp_ln59_3674_reg_336667           |    1|   0|    1|          0|
    |icmp_ln59_3678_reg_336693           |    1|   0|    1|          0|
    |icmp_ln59_3682_reg_336719           |    1|   0|    1|          0|
    |icmp_ln59_3686_reg_336745           |    1|   0|    1|          0|
    |icmp_ln59_3690_reg_336771           |    1|   0|    1|          0|
    |icmp_ln59_3694_reg_336797           |    1|   0|    1|          0|
    |icmp_ln59_3698_reg_336823           |    1|   0|    1|          0|
    |icmp_ln59_3702_reg_336849           |    1|   0|    1|          0|
    |icmp_ln59_3706_reg_336875           |    1|   0|    1|          0|
    |icmp_ln59_3710_reg_336901           |    1|   0|    1|          0|
    |icmp_ln59_3714_reg_336927           |    1|   0|    1|          0|
    |icmp_ln59_3718_reg_336953           |    1|   0|    1|          0|
    |icmp_ln59_3722_reg_336979           |    1|   0|    1|          0|
    |icmp_ln59_3726_reg_337005           |    1|   0|    1|          0|
    |icmp_ln59_3730_reg_337031           |    1|   0|    1|          0|
    |icmp_ln59_3734_reg_337057           |    1|   0|    1|          0|
    |icmp_ln59_3738_reg_337083           |    1|   0|    1|          0|
    |icmp_ln59_3742_reg_337109           |    1|   0|    1|          0|
    |icmp_ln59_3746_reg_337135           |    1|   0|    1|          0|
    |icmp_ln59_3750_reg_337161           |    1|   0|    1|          0|
    |icmp_ln59_3754_reg_337187           |    1|   0|    1|          0|
    |icmp_ln59_3758_reg_337213           |    1|   0|    1|          0|
    |icmp_ln59_3762_reg_337239           |    1|   0|    1|          0|
    |icmp_ln59_3766_reg_337265           |    1|   0|    1|          0|
    |icmp_ln59_3770_reg_337291           |    1|   0|    1|          0|
    |icmp_ln59_3774_reg_337317           |    1|   0|    1|          0|
    |icmp_ln59_3778_reg_337343           |    1|   0|    1|          0|
    |icmp_ln59_3782_reg_337369           |    1|   0|    1|          0|
    |icmp_ln59_3786_reg_337395           |    1|   0|    1|          0|
    |icmp_ln59_3790_reg_337421           |    1|   0|    1|          0|
    |icmp_ln59_3794_reg_337447           |    1|   0|    1|          0|
    |icmp_ln59_3798_reg_337473           |    1|   0|    1|          0|
    |icmp_ln59_3802_reg_337499           |    1|   0|    1|          0|
    |icmp_ln59_3806_reg_337525           |    1|   0|    1|          0|
    |icmp_ln59_3810_reg_337551           |    1|   0|    1|          0|
    |icmp_ln59_3814_reg_337577           |    1|   0|    1|          0|
    |icmp_ln59_3818_reg_337603           |    1|   0|    1|          0|
    |icmp_ln59_3822_reg_337629           |    1|   0|    1|          0|
    |icmp_ln59_3826_reg_337655           |    1|   0|    1|          0|
    |icmp_ln59_3830_reg_337681           |    1|   0|    1|          0|
    |icmp_ln59_3834_reg_337707           |    1|   0|    1|          0|
    |icmp_ln59_3838_reg_337733           |    1|   0|    1|          0|
    |icmp_ln59_3842_reg_337759           |    1|   0|    1|          0|
    |icmp_ln59_3846_reg_337785           |    1|   0|    1|          0|
    |icmp_ln59_3850_reg_337811           |    1|   0|    1|          0|
    |icmp_ln59_3854_reg_337837           |    1|   0|    1|          0|
    |icmp_ln59_3858_reg_337863           |    1|   0|    1|          0|
    |icmp_ln59_3862_reg_337889           |    1|   0|    1|          0|
    |icmp_ln59_3866_reg_337915           |    1|   0|    1|          0|
    |icmp_ln59_3870_reg_337941           |    1|   0|    1|          0|
    |icmp_ln59_3874_reg_337967           |    1|   0|    1|          0|
    |icmp_ln59_3878_reg_337993           |    1|   0|    1|          0|
    |icmp_ln59_3882_reg_338019           |    1|   0|    1|          0|
    |icmp_ln59_3886_reg_338045           |    1|   0|    1|          0|
    |icmp_ln59_3890_reg_338071           |    1|   0|    1|          0|
    |icmp_ln59_3894_reg_338097           |    1|   0|    1|          0|
    |icmp_ln59_3898_reg_338123           |    1|   0|    1|          0|
    |icmp_ln59_3902_reg_338149           |    1|   0|    1|          0|
    |icmp_ln59_3906_reg_338175           |    1|   0|    1|          0|
    |icmp_ln59_3910_reg_338201           |    1|   0|    1|          0|
    |icmp_ln59_3914_reg_338227           |    1|   0|    1|          0|
    |icmp_ln59_3918_reg_338253           |    1|   0|    1|          0|
    |icmp_ln59_3922_reg_338279           |    1|   0|    1|          0|
    |icmp_ln59_3926_reg_338305           |    1|   0|    1|          0|
    |icmp_ln59_3930_reg_338331           |    1|   0|    1|          0|
    |icmp_ln59_3934_reg_338357           |    1|   0|    1|          0|
    |icmp_ln59_3938_reg_338383           |    1|   0|    1|          0|
    |icmp_ln59_3942_reg_338409           |    1|   0|    1|          0|
    |icmp_ln59_3946_reg_338435           |    1|   0|    1|          0|
    |icmp_ln59_3950_reg_338461           |    1|   0|    1|          0|
    |icmp_ln59_3954_reg_338487           |    1|   0|    1|          0|
    |icmp_ln59_3958_reg_338513           |    1|   0|    1|          0|
    |icmp_ln59_3962_reg_338539           |    1|   0|    1|          0|
    |icmp_ln59_3966_reg_338565           |    1|   0|    1|          0|
    |icmp_ln59_3970_reg_338591           |    1|   0|    1|          0|
    |icmp_ln59_3974_reg_338617           |    1|   0|    1|          0|
    |icmp_ln59_3978_reg_338643           |    1|   0|    1|          0|
    |icmp_ln59_3982_reg_338669           |    1|   0|    1|          0|
    |icmp_ln59_3986_reg_338695           |    1|   0|    1|          0|
    |icmp_ln59_3990_reg_338721           |    1|   0|    1|          0|
    |icmp_ln59_3994_reg_338747           |    1|   0|    1|          0|
    |icmp_ln59_3998_reg_338773           |    1|   0|    1|          0|
    |icmp_ln59_4002_reg_338799           |    1|   0|    1|          0|
    |icmp_ln59_4006_reg_338825           |    1|   0|    1|          0|
    |icmp_ln59_4010_reg_338851           |    1|   0|    1|          0|
    |icmp_ln59_4014_reg_338877           |    1|   0|    1|          0|
    |icmp_ln59_4018_reg_338903           |    1|   0|    1|          0|
    |icmp_ln59_4022_reg_338929           |    1|   0|    1|          0|
    |icmp_ln59_4026_reg_338955           |    1|   0|    1|          0|
    |icmp_ln59_4030_reg_338981           |    1|   0|    1|          0|
    |icmp_ln59_4034_reg_339007           |    1|   0|    1|          0|
    |icmp_ln59_4038_reg_339033           |    1|   0|    1|          0|
    |icmp_ln59_4042_reg_339059           |    1|   0|    1|          0|
    |icmp_ln59_4046_reg_339085           |    1|   0|    1|          0|
    |icmp_ln59_4050_reg_339111           |    1|   0|    1|          0|
    |icmp_ln59_4054_reg_339137           |    1|   0|    1|          0|
    |icmp_ln59_4058_reg_339163           |    1|   0|    1|          0|
    |icmp_ln59_4062_reg_339189           |    1|   0|    1|          0|
    |icmp_ln59_4066_reg_339215           |    1|   0|    1|          0|
    |icmp_ln59_4070_reg_339241           |    1|   0|    1|          0|
    |icmp_ln59_4074_reg_339267           |    1|   0|    1|          0|
    |icmp_ln59_4078_reg_339293           |    1|   0|    1|          0|
    |icmp_ln59_4082_reg_339319           |    1|   0|    1|          0|
    |icmp_ln59_4086_reg_339345           |    1|   0|    1|          0|
    |icmp_ln59_4090_reg_339371           |    1|   0|    1|          0|
    |icmp_ln59_4094_reg_339397           |    1|   0|    1|          0|
    |icmp_ln59_4098_reg_339423           |    1|   0|    1|          0|
    |icmp_ln59_4102_reg_339449           |    1|   0|    1|          0|
    |icmp_ln59_4106_reg_339475           |    1|   0|    1|          0|
    |icmp_ln59_4110_reg_339501           |    1|   0|    1|          0|
    |icmp_ln59_4114_reg_339527           |    1|   0|    1|          0|
    |icmp_ln59_4118_reg_339553           |    1|   0|    1|          0|
    |icmp_ln59_4122_reg_339579           |    1|   0|    1|          0|
    |icmp_ln59_4126_reg_339605           |    1|   0|    1|          0|
    |icmp_ln59_4130_reg_339631           |    1|   0|    1|          0|
    |icmp_ln59_4134_reg_339657           |    1|   0|    1|          0|
    |icmp_ln59_4138_reg_339683           |    1|   0|    1|          0|
    |icmp_ln59_4142_reg_339709           |    1|   0|    1|          0|
    |icmp_ln59_4146_reg_339735           |    1|   0|    1|          0|
    |icmp_ln59_4150_reg_339761           |    1|   0|    1|          0|
    |icmp_ln59_4154_reg_339787           |    1|   0|    1|          0|
    |icmp_ln59_4158_reg_339813           |    1|   0|    1|          0|
    |icmp_ln59_4162_reg_339839           |    1|   0|    1|          0|
    |icmp_ln59_4166_reg_339865           |    1|   0|    1|          0|
    |icmp_ln59_4170_reg_339891           |    1|   0|    1|          0|
    |icmp_ln59_4174_reg_339917           |    1|   0|    1|          0|
    |icmp_ln59_4178_reg_339943           |    1|   0|    1|          0|
    |icmp_ln59_4182_reg_339969           |    1|   0|    1|          0|
    |icmp_ln59_4186_reg_339995           |    1|   0|    1|          0|
    |icmp_ln59_4190_reg_340021           |    1|   0|    1|          0|
    |icmp_ln59_4194_reg_340047           |    1|   0|    1|          0|
    |icmp_ln59_4198_reg_340073           |    1|   0|    1|          0|
    |icmp_ln59_4202_reg_340099           |    1|   0|    1|          0|
    |icmp_ln59_4206_reg_340125           |    1|   0|    1|          0|
    |icmp_ln59_4210_reg_340151           |    1|   0|    1|          0|
    |icmp_ln59_4214_reg_340177           |    1|   0|    1|          0|
    |icmp_ln59_4218_reg_340203           |    1|   0|    1|          0|
    |icmp_ln59_4222_reg_340229           |    1|   0|    1|          0|
    |icmp_ln59_4226_reg_340255           |    1|   0|    1|          0|
    |icmp_ln59_4230_reg_340281           |    1|   0|    1|          0|
    |icmp_ln59_4234_reg_340307           |    1|   0|    1|          0|
    |icmp_ln59_4238_reg_340333           |    1|   0|    1|          0|
    |icmp_ln59_4242_reg_340359           |    1|   0|    1|          0|
    |icmp_ln59_4246_reg_340385           |    1|   0|    1|          0|
    |icmp_ln59_4250_reg_340411           |    1|   0|    1|          0|
    |icmp_ln59_4254_reg_340437           |    1|   0|    1|          0|
    |icmp_ln59_4258_reg_340463           |    1|   0|    1|          0|
    |icmp_ln59_4262_reg_340489           |    1|   0|    1|          0|
    |icmp_ln59_4266_reg_340515           |    1|   0|    1|          0|
    |icmp_ln59_4270_reg_340541           |    1|   0|    1|          0|
    |icmp_ln59_4274_reg_340567           |    1|   0|    1|          0|
    |icmp_ln59_4278_reg_340593           |    1|   0|    1|          0|
    |icmp_ln59_4282_reg_340619           |    1|   0|    1|          0|
    |icmp_ln59_4286_reg_340645           |    1|   0|    1|          0|
    |icmp_ln59_4290_reg_340671           |    1|   0|    1|          0|
    |icmp_ln59_4294_reg_340697           |    1|   0|    1|          0|
    |icmp_ln59_4298_reg_340723           |    1|   0|    1|          0|
    |icmp_ln59_4302_reg_340749           |    1|   0|    1|          0|
    |icmp_ln59_4306_reg_340775           |    1|   0|    1|          0|
    |icmp_ln59_4310_reg_340801           |    1|   0|    1|          0|
    |icmp_ln59_4314_reg_340827           |    1|   0|    1|          0|
    |icmp_ln59_4318_reg_340853           |    1|   0|    1|          0|
    |icmp_ln59_4322_reg_340879           |    1|   0|    1|          0|
    |icmp_ln59_4326_reg_340905           |    1|   0|    1|          0|
    |icmp_ln59_4330_reg_340931           |    1|   0|    1|          0|
    |icmp_ln59_4334_reg_340957           |    1|   0|    1|          0|
    |icmp_ln59_4338_reg_340983           |    1|   0|    1|          0|
    |icmp_ln59_4342_reg_341009           |    1|   0|    1|          0|
    |icmp_ln59_4346_reg_341035           |    1|   0|    1|          0|
    |mul_ln73_1021_reg_265534            |   13|   0|   13|          0|
    |mul_ln73_1022_reg_265538            |   13|   0|   13|          0|
    |mul_ln73_1023_reg_265542            |   13|   0|   13|          0|
    |mul_ln73_1024_reg_265546            |   13|   0|   13|          0|
    |mul_ln73_1025_reg_265550            |   13|   0|   13|          0|
    |mul_ln73_1026_reg_265554            |   13|   0|   13|          0|
    |mul_ln73_1027_reg_265558            |   13|   0|   13|          0|
    |mul_ln73_1028_reg_265562            |   13|   0|   13|          0|
    |mul_ln73_1029_reg_265566            |   13|   0|   13|          0|
    |mul_ln73_1030_reg_265570            |   13|   0|   13|          0|
    |mul_ln73_1031_reg_265574            |   13|   0|   13|          0|
    |mul_ln73_1032_reg_265578            |   13|   0|   13|          0|
    |mul_ln73_1033_reg_265582            |   13|   0|   13|          0|
    |mul_ln73_1034_reg_265586            |   13|   0|   13|          0|
    |mul_ln73_1035_reg_265590            |   13|   0|   13|          0|
    |mul_ln73_1036_reg_265594            |   13|   0|   13|          0|
    |mul_ln73_1037_reg_265598            |   13|   0|   13|          0|
    |mul_ln73_1038_reg_265602            |   13|   0|   13|          0|
    |mul_ln73_1039_reg_265606            |   13|   0|   13|          0|
    |mul_ln73_1040_reg_265610            |   13|   0|   13|          0|
    |mul_ln73_1041_reg_265614            |   13|   0|   13|          0|
    |mul_ln73_1042_reg_265618            |   13|   0|   13|          0|
    |mul_ln73_1043_reg_265622            |   13|   0|   13|          0|
    |mul_ln73_1044_reg_265626            |   13|   0|   13|          0|
    |mul_ln73_1045_reg_265630            |   13|   0|   13|          0|
    |mul_ln73_1046_reg_265634            |   13|   0|   13|          0|
    |mul_ln73_1047_reg_265638            |   13|   0|   13|          0|
    |mul_ln73_1048_reg_265642            |   13|   0|   13|          0|
    |mul_ln73_1049_reg_265646            |   13|   0|   13|          0|
    |mul_ln73_1050_reg_265650            |   13|   0|   13|          0|
    |mul_ln73_1051_reg_265654            |   13|   0|   13|          0|
    |mul_ln73_1052_reg_265658            |   13|   0|   13|          0|
    |mul_ln73_1053_reg_265662            |   13|   0|   13|          0|
    |mul_ln73_1054_reg_265666            |   13|   0|   13|          0|
    |mul_ln73_1055_reg_265670            |   13|   0|   13|          0|
    |mul_ln73_1056_reg_265674            |   13|   0|   13|          0|
    |mul_ln73_1057_reg_265678            |   13|   0|   13|          0|
    |mul_ln73_1058_reg_265682            |   13|   0|   13|          0|
    |mul_ln73_1059_reg_265686            |   13|   0|   13|          0|
    |mul_ln73_1060_reg_265690            |   13|   0|   13|          0|
    |mul_ln73_1061_reg_265694            |   13|   0|   13|          0|
    |mul_ln73_1062_reg_265698            |   13|   0|   13|          0|
    |mul_ln73_1063_reg_265702            |   13|   0|   13|          0|
    |mul_ln73_1064_reg_265706            |   13|   0|   13|          0|
    |mul_ln73_1065_reg_265710            |   13|   0|   13|          0|
    |mul_ln73_1066_reg_265714            |   13|   0|   13|          0|
    |mul_ln73_1067_reg_265718            |   13|   0|   13|          0|
    |mul_ln73_1068_reg_265722            |   13|   0|   13|          0|
    |mul_ln73_1069_reg_265726            |   13|   0|   13|          0|
    |mul_ln73_1070_reg_265730            |   13|   0|   13|          0|
    |mul_ln73_1071_reg_265734            |   13|   0|   13|          0|
    |mul_ln73_1072_reg_265738            |   13|   0|   13|          0|
    |mul_ln73_1073_reg_265742            |   13|   0|   13|          0|
    |mul_ln73_1074_reg_265746            |   13|   0|   13|          0|
    |mul_ln73_1075_reg_265750            |   13|   0|   13|          0|
    |mul_ln73_1076_reg_265754            |   13|   0|   13|          0|
    |mul_ln73_1077_reg_265758            |   13|   0|   13|          0|
    |mul_ln73_1078_reg_265762            |   13|   0|   13|          0|
    |mul_ln73_1079_reg_265766            |   13|   0|   13|          0|
    |mul_ln73_1080_reg_265770            |   13|   0|   13|          0|
    |mul_ln73_1081_reg_265774            |   13|   0|   13|          0|
    |mul_ln73_1082_reg_265778            |   13|   0|   13|          0|
    |mul_ln73_1083_reg_265782            |   13|   0|   13|          0|
    |mul_ln73_1084_reg_265786            |   13|   0|   13|          0|
    |mul_ln73_1085_reg_265790            |   13|   0|   13|          0|
    |mul_ln73_1086_reg_265794            |   13|   0|   13|          0|
    |mul_ln73_1087_reg_265798            |   13|   0|   13|          0|
    |mul_ln73_1088_reg_265802            |   13|   0|   13|          0|
    |mul_ln73_1089_reg_265806            |   13|   0|   13|          0|
    |mul_ln73_1090_reg_265810            |   13|   0|   13|          0|
    |mul_ln73_1091_reg_265814            |   13|   0|   13|          0|
    |mul_ln73_1092_reg_265818            |   13|   0|   13|          0|
    |mul_ln73_1093_reg_265822            |   13|   0|   13|          0|
    |mul_ln73_1094_reg_265826            |   13|   0|   13|          0|
    |mul_ln73_1095_reg_265830            |   13|   0|   13|          0|
    |mul_ln73_1096_reg_265834            |   13|   0|   13|          0|
    |mul_ln73_1097_reg_265838            |   13|   0|   13|          0|
    |mul_ln73_1098_reg_265842            |   13|   0|   13|          0|
    |mul_ln73_1099_reg_265846            |   13|   0|   13|          0|
    |mul_ln73_1100_reg_265850            |   13|   0|   13|          0|
    |mul_ln73_1101_reg_265854            |   13|   0|   13|          0|
    |mul_ln73_1102_reg_265858            |   13|   0|   13|          0|
    |mul_ln73_1103_reg_265862            |   13|   0|   13|          0|
    |mul_ln73_1104_reg_265866            |   13|   0|   13|          0|
    |mul_ln73_1105_reg_265870            |   13|   0|   13|          0|
    |mul_ln73_1106_reg_265874            |   13|   0|   13|          0|
    |mul_ln73_1107_reg_265878            |   13|   0|   13|          0|
    |mul_ln73_1108_reg_265882            |   13|   0|   13|          0|
    |mul_ln73_1109_reg_265886            |   13|   0|   13|          0|
    |mul_ln73_1110_reg_265890            |   13|   0|   13|          0|
    |mul_ln73_1111_reg_265894            |   13|   0|   13|          0|
    |mul_ln73_1112_reg_265898            |   13|   0|   13|          0|
    |mul_ln73_1113_reg_265902            |   13|   0|   13|          0|
    |mul_ln73_1114_reg_265906            |   13|   0|   13|          0|
    |mul_ln73_1115_reg_265910            |   13|   0|   13|          0|
    |mul_ln73_1116_reg_265914            |   13|   0|   13|          0|
    |mul_ln73_1117_reg_265918            |   13|   0|   13|          0|
    |mul_ln73_1118_reg_265922            |   13|   0|   13|          0|
    |mul_ln73_1119_reg_265926            |   13|   0|   13|          0|
    |mul_ln73_1120_reg_265930            |   13|   0|   13|          0|
    |mul_ln73_1121_reg_265934            |   13|   0|   13|          0|
    |mul_ln73_1122_reg_265938            |   13|   0|   13|          0|
    |mul_ln73_1123_reg_265942            |   13|   0|   13|          0|
    |mul_ln73_1124_reg_265946            |   13|   0|   13|          0|
    |mul_ln73_1125_reg_265950            |   13|   0|   13|          0|
    |mul_ln73_1126_reg_265954            |   13|   0|   13|          0|
    |mul_ln73_1127_reg_265958            |   13|   0|   13|          0|
    |mul_ln73_1128_reg_265962            |   13|   0|   13|          0|
    |mul_ln73_1129_reg_265966            |   13|   0|   13|          0|
    |mul_ln73_1130_reg_265970            |   13|   0|   13|          0|
    |mul_ln73_1131_reg_265974            |   13|   0|   13|          0|
    |mul_ln73_1132_reg_265978            |   13|   0|   13|          0|
    |mul_ln73_1133_reg_265982            |   13|   0|   13|          0|
    |mul_ln73_1134_reg_265986            |   13|   0|   13|          0|
    |mul_ln73_1135_reg_265990            |   13|   0|   13|          0|
    |mul_ln73_1136_reg_265994            |   13|   0|   13|          0|
    |mul_ln73_1137_reg_265998            |   13|   0|   13|          0|
    |mul_ln73_1138_reg_266002            |   13|   0|   13|          0|
    |mul_ln73_1139_reg_266006            |   13|   0|   13|          0|
    |mul_ln73_1140_reg_266010            |   13|   0|   13|          0|
    |mul_ln73_1141_reg_266014            |   13|   0|   13|          0|
    |mul_ln73_1142_reg_266018            |   13|   0|   13|          0|
    |mul_ln73_1143_reg_266022            |   13|   0|   13|          0|
    |mul_ln73_1144_reg_266026            |   13|   0|   13|          0|
    |mul_ln73_1145_reg_266030            |   13|   0|   13|          0|
    |mul_ln73_1146_reg_266034            |   13|   0|   13|          0|
    |mul_ln73_1147_reg_266038            |   13|   0|   13|          0|
    |mul_ln73_1148_reg_266042            |   13|   0|   13|          0|
    |mul_ln73_1149_reg_266046            |   13|   0|   13|          0|
    |mul_ln73_1150_reg_266050            |   13|   0|   13|          0|
    |mul_ln73_1151_reg_266054            |   13|   0|   13|          0|
    |mul_ln73_1152_reg_266058            |   13|   0|   13|          0|
    |mul_ln73_1153_reg_266062            |   13|   0|   13|          0|
    |mul_ln73_1154_reg_266066            |   13|   0|   13|          0|
    |mul_ln73_1155_reg_266070            |   13|   0|   13|          0|
    |mul_ln73_1156_reg_266074            |   13|   0|   13|          0|
    |mul_ln73_1157_reg_266078            |   13|   0|   13|          0|
    |mul_ln73_1158_reg_266082            |   13|   0|   13|          0|
    |mul_ln73_1159_reg_266086            |   13|   0|   13|          0|
    |mul_ln73_1160_reg_266090            |   13|   0|   13|          0|
    |mul_ln73_1161_reg_266094            |   13|   0|   13|          0|
    |mul_ln73_1162_reg_266098            |   13|   0|   13|          0|
    |mul_ln73_1163_reg_266102            |   13|   0|   13|          0|
    |mul_ln73_1164_reg_266106            |   13|   0|   13|          0|
    |mul_ln73_1165_reg_266110            |   13|   0|   13|          0|
    |mul_ln73_1166_reg_266114            |   13|   0|   13|          0|
    |mul_ln73_1167_reg_266118            |   13|   0|   13|          0|
    |mul_ln73_1168_reg_266122            |   13|   0|   13|          0|
    |mul_ln73_1169_reg_266126            |   13|   0|   13|          0|
    |mul_ln73_1170_reg_266130            |   13|   0|   13|          0|
    |mul_ln73_1171_reg_266134            |   13|   0|   13|          0|
    |mul_ln73_1172_reg_266138            |   13|   0|   13|          0|
    |mul_ln73_1173_reg_266142            |   13|   0|   13|          0|
    |mul_ln73_1174_reg_266146            |   13|   0|   13|          0|
    |mul_ln73_1175_reg_266150            |   13|   0|   13|          0|
    |mul_ln73_1176_reg_266154            |   13|   0|   13|          0|
    |mul_ln73_1177_reg_266158            |   13|   0|   13|          0|
    |mul_ln73_1178_reg_266162            |   13|   0|   13|          0|
    |mul_ln73_1179_reg_266166            |   13|   0|   13|          0|
    |mul_ln73_1180_reg_266170            |   13|   0|   13|          0|
    |mul_ln73_1181_reg_266174            |   13|   0|   13|          0|
    |mul_ln73_1182_reg_266178            |   13|   0|   13|          0|
    |mul_ln73_1183_reg_266182            |   13|   0|   13|          0|
    |mul_ln73_1184_reg_266186            |   13|   0|   13|          0|
    |mul_ln73_1185_reg_266190            |   13|   0|   13|          0|
    |mul_ln73_1186_reg_266194            |   13|   0|   13|          0|
    |mul_ln73_1187_reg_266198            |   13|   0|   13|          0|
    |mul_ln73_1188_reg_266202            |   13|   0|   13|          0|
    |mul_ln73_1189_reg_266206            |   13|   0|   13|          0|
    |mul_ln73_1190_reg_266210            |   13|   0|   13|          0|
    |mul_ln73_1191_reg_266214            |   13|   0|   13|          0|
    |mul_ln73_1192_reg_266218            |   13|   0|   13|          0|
    |mul_ln73_1193_reg_266222            |   13|   0|   13|          0|
    |mul_ln73_1194_reg_266226            |   13|   0|   13|          0|
    |mul_ln73_1195_reg_266230            |   13|   0|   13|          0|
    |mul_ln73_1196_reg_266234            |   13|   0|   13|          0|
    |mul_ln73_1197_reg_266238            |   13|   0|   13|          0|
    |mul_ln73_1198_reg_266242            |   13|   0|   13|          0|
    |mul_ln73_1199_reg_266246            |   13|   0|   13|          0|
    |mul_ln73_1200_reg_266250            |   13|   0|   13|          0|
    |mul_ln73_1201_reg_266254            |   13|   0|   13|          0|
    |mul_ln73_1202_reg_266258            |   13|   0|   13|          0|
    |mul_ln73_1203_reg_266262            |   13|   0|   13|          0|
    |mul_ln73_1204_reg_266266            |   13|   0|   13|          0|
    |mul_ln73_1205_reg_266270            |   13|   0|   13|          0|
    |mul_ln73_1206_reg_266274            |   13|   0|   13|          0|
    |mul_ln73_1207_reg_266278            |   13|   0|   13|          0|
    |mul_ln73_1208_reg_266282            |   13|   0|   13|          0|
    |mul_ln73_1209_reg_266286            |   13|   0|   13|          0|
    |mul_ln73_1210_reg_266290            |   13|   0|   13|          0|
    |mul_ln73_1211_reg_266294            |   13|   0|   13|          0|
    |mul_ln73_1212_reg_266298            |   13|   0|   13|          0|
    |mul_ln73_1213_reg_266302            |   13|   0|   13|          0|
    |mul_ln73_1214_reg_266306            |   13|   0|   13|          0|
    |mul_ln73_1215_reg_266310            |   13|   0|   13|          0|
    |mul_ln73_1216_reg_266314            |   13|   0|   13|          0|
    |mul_ln73_1217_reg_266318            |   13|   0|   13|          0|
    |mul_ln73_1218_reg_266322            |   13|   0|   13|          0|
    |mul_ln73_1219_reg_266326            |   13|   0|   13|          0|
    |mul_ln73_1220_reg_266330            |   13|   0|   13|          0|
    |mul_ln73_1221_reg_266334            |   13|   0|   13|          0|
    |mul_ln73_1222_reg_266338            |   13|   0|   13|          0|
    |mul_ln73_1223_reg_266342            |   13|   0|   13|          0|
    |mul_ln73_1224_reg_266346            |   13|   0|   13|          0|
    |mul_ln73_1225_reg_266350            |   13|   0|   13|          0|
    |mul_ln73_1226_reg_266354            |   13|   0|   13|          0|
    |mul_ln73_1227_reg_266358            |   13|   0|   13|          0|
    |mul_ln73_1228_reg_266362            |   13|   0|   13|          0|
    |mul_ln73_1229_reg_266366            |   13|   0|   13|          0|
    |mul_ln73_1230_reg_266370            |   13|   0|   13|          0|
    |mul_ln73_1231_reg_266374            |   13|   0|   13|          0|
    |mul_ln73_1232_reg_266378            |   13|   0|   13|          0|
    |mul_ln73_1233_reg_266382            |   13|   0|   13|          0|
    |mul_ln73_1234_reg_266386            |   13|   0|   13|          0|
    |mul_ln73_1235_reg_266390            |   13|   0|   13|          0|
    |mul_ln73_1236_reg_266394            |   13|   0|   13|          0|
    |mul_ln73_1237_reg_266398            |   13|   0|   13|          0|
    |mul_ln73_1238_reg_266402            |   13|   0|   13|          0|
    |mul_ln73_1239_reg_266406            |   13|   0|   13|          0|
    |mul_ln73_1240_reg_266410            |   13|   0|   13|          0|
    |mul_ln73_1241_reg_266414            |   13|   0|   13|          0|
    |mul_ln73_1242_reg_266418            |   13|   0|   13|          0|
    |mul_ln73_1243_reg_266422            |   13|   0|   13|          0|
    |mul_ln73_1244_reg_266426            |   13|   0|   13|          0|
    |mul_ln73_1245_reg_266430            |   13|   0|   13|          0|
    |mul_ln73_1246_reg_266434            |   13|   0|   13|          0|
    |mul_ln73_1247_reg_266438            |   13|   0|   13|          0|
    |mul_ln73_1248_reg_266442            |   13|   0|   13|          0|
    |mul_ln73_1249_reg_266446            |   13|   0|   13|          0|
    |mul_ln73_1250_reg_266450            |   13|   0|   13|          0|
    |mul_ln73_1251_reg_266454            |   13|   0|   13|          0|
    |mul_ln73_1252_reg_266458            |   13|   0|   13|          0|
    |mul_ln73_1253_reg_266462            |   13|   0|   13|          0|
    |mul_ln73_1254_reg_266466            |   13|   0|   13|          0|
    |mul_ln73_1255_reg_266470            |   13|   0|   13|          0|
    |mul_ln73_1256_reg_266474            |   13|   0|   13|          0|
    |mul_ln73_1257_reg_266478            |   13|   0|   13|          0|
    |mul_ln73_1258_reg_266482            |   13|   0|   13|          0|
    |mul_ln73_1259_reg_266486            |   13|   0|   13|          0|
    |mul_ln73_1260_reg_266490            |   13|   0|   13|          0|
    |mul_ln73_1261_reg_266494            |   13|   0|   13|          0|
    |mul_ln73_1262_reg_266498            |   13|   0|   13|          0|
    |mul_ln73_1263_reg_266502            |   13|   0|   13|          0|
    |mul_ln73_1264_reg_266506            |   13|   0|   13|          0|
    |mul_ln73_1265_reg_266510            |   13|   0|   13|          0|
    |mul_ln73_1266_reg_266514            |   13|   0|   13|          0|
    |mul_ln73_1267_reg_266518            |   13|   0|   13|          0|
    |mul_ln73_1268_reg_266522            |   13|   0|   13|          0|
    |mul_ln73_1269_reg_266526            |   13|   0|   13|          0|
    |mul_ln73_1270_reg_266530            |   13|   0|   13|          0|
    |mul_ln73_1271_reg_266534            |   13|   0|   13|          0|
    |mul_ln73_1272_reg_266538            |   13|   0|   13|          0|
    |mul_ln73_1273_reg_266542            |   13|   0|   13|          0|
    |mul_ln73_1274_reg_266546            |   13|   0|   13|          0|
    |mul_ln73_1275_reg_266550            |   13|   0|   13|          0|
    |mul_ln73_reg_265530                 |   13|   0|   13|          0|
    |tmp_12595_reg_328785                |    1|   0|    1|          0|
    |tmp_12595_reg_328785_pp0_iter1_reg  |    1|   0|    1|          0|
    |tmp_12601_reg_328807                |    1|   0|    1|          0|
    |tmp_12601_reg_328807_pp0_iter1_reg  |    1|   0|    1|          0|
    |tmp_12607_reg_328829                |    1|   0|    1|          0|
    |tmp_12607_reg_328829_pp0_iter1_reg  |    1|   0|    1|          0|
    |tmp_12613_reg_328851                |    1|   0|    1|          0|
    |tmp_12613_reg_328851_pp0_iter1_reg  |    1|   0|    1|          0|
    |tmp_12619_reg_328873                |    1|   0|    1|          0|
    |tmp_12619_reg_328873_pp0_iter1_reg  |    1|   0|    1|          0|
    |tmp_12625_reg_328895                |    1|   0|    1|          0|
    |tmp_12625_reg_328895_pp0_iter1_reg  |    1|   0|    1|          0|
    |tmp_12631_reg_328917                |    1|   0|    1|          0|
    |tmp_12631_reg_328917_pp0_iter1_reg  |    1|   0|    1|          0|
    |tmp_12637_reg_328939                |    1|   0|    1|          0|
    |tmp_12637_reg_328939_pp0_iter1_reg  |    1|   0|    1|          0|
    |tmp_12643_reg_328961                |    1|   0|    1|          0|
    |tmp_12643_reg_328961_pp0_iter1_reg  |    1|   0|    1|          0|
    |tmp_12649_reg_328983                |    1|   0|    1|          0|
    |tmp_12649_reg_328983_pp0_iter1_reg  |    1|   0|    1|          0|
    |tmp_12655_reg_329005                |    1|   0|    1|          0|
    |tmp_12655_reg_329005_pp0_iter1_reg  |    1|   0|    1|          0|
    |tmp_12661_reg_329027                |    1|   0|    1|          0|
    |tmp_12661_reg_329027_pp0_iter1_reg  |    1|   0|    1|          0|
    |tmp_12667_reg_329049                |    1|   0|    1|          0|
    |tmp_12667_reg_329049_pp0_iter1_reg  |    1|   0|    1|          0|
    |tmp_12673_reg_329071                |    1|   0|    1|          0|
    |tmp_12673_reg_329071_pp0_iter1_reg  |    1|   0|    1|          0|
    |tmp_12679_reg_329093                |    1|   0|    1|          0|
    |tmp_12679_reg_329093_pp0_iter1_reg  |    1|   0|    1|          0|
    |tmp_12685_reg_329115                |    1|   0|    1|          0|
    |tmp_12685_reg_329115_pp0_iter1_reg  |    1|   0|    1|          0|
    |tmp_12691_reg_329137                |    1|   0|    1|          0|
    |tmp_12691_reg_329137_pp0_iter1_reg  |    1|   0|    1|          0|
    |tmp_12697_reg_329159                |    1|   0|    1|          0|
    |tmp_12697_reg_329159_pp0_iter1_reg  |    1|   0|    1|          0|
    |tmp_12703_reg_329181                |    1|   0|    1|          0|
    |tmp_12703_reg_329181_pp0_iter1_reg  |    1|   0|    1|          0|
    |tmp_12709_reg_329203                |    1|   0|    1|          0|
    |tmp_12709_reg_329203_pp0_iter1_reg  |    1|   0|    1|          0|
    |tmp_12715_reg_329225                |    1|   0|    1|          0|
    |tmp_12715_reg_329225_pp0_iter1_reg  |    1|   0|    1|          0|
    |tmp_12721_reg_329247                |    1|   0|    1|          0|
    |tmp_12721_reg_329247_pp0_iter1_reg  |    1|   0|    1|          0|
    |tmp_12727_reg_329269                |    1|   0|    1|          0|
    |tmp_12727_reg_329269_pp0_iter1_reg  |    1|   0|    1|          0|
    |tmp_12733_reg_329291                |    1|   0|    1|          0|
    |tmp_12733_reg_329291_pp0_iter1_reg  |    1|   0|    1|          0|
    |tmp_12739_reg_329313                |    1|   0|    1|          0|
    |tmp_12739_reg_329313_pp0_iter1_reg  |    1|   0|    1|          0|
    |tmp_12745_reg_329335                |    1|   0|    1|          0|
    |tmp_12745_reg_329335_pp0_iter1_reg  |    1|   0|    1|          0|
    |tmp_12751_reg_329357                |    1|   0|    1|          0|
    |tmp_12751_reg_329357_pp0_iter1_reg  |    1|   0|    1|          0|
    |tmp_12757_reg_329379                |    1|   0|    1|          0|
    |tmp_12757_reg_329379_pp0_iter1_reg  |    1|   0|    1|          0|
    |tmp_12763_reg_329401                |    1|   0|    1|          0|
    |tmp_12763_reg_329401_pp0_iter1_reg  |    1|   0|    1|          0|
    |tmp_12769_reg_329423                |    1|   0|    1|          0|
    |tmp_12769_reg_329423_pp0_iter1_reg  |    1|   0|    1|          0|
    |tmp_12775_reg_329445                |    1|   0|    1|          0|
    |tmp_12775_reg_329445_pp0_iter1_reg  |    1|   0|    1|          0|
    |tmp_12781_reg_329467                |    1|   0|    1|          0|
    |tmp_12781_reg_329467_pp0_iter1_reg  |    1|   0|    1|          0|
    |tmp_12787_reg_329489                |    1|   0|    1|          0|
    |tmp_12787_reg_329489_pp0_iter1_reg  |    1|   0|    1|          0|
    |tmp_12793_reg_329511                |    1|   0|    1|          0|
    |tmp_12793_reg_329511_pp0_iter1_reg  |    1|   0|    1|          0|
    |tmp_12799_reg_329533                |    1|   0|    1|          0|
    |tmp_12799_reg_329533_pp0_iter1_reg  |    1|   0|    1|          0|
    |tmp_12805_reg_329555                |    1|   0|    1|          0|
    |tmp_12805_reg_329555_pp0_iter1_reg  |    1|   0|    1|          0|
    |tmp_12811_reg_329577                |    1|   0|    1|          0|
    |tmp_12811_reg_329577_pp0_iter1_reg  |    1|   0|    1|          0|
    |tmp_12817_reg_329599                |    1|   0|    1|          0|
    |tmp_12817_reg_329599_pp0_iter1_reg  |    1|   0|    1|          0|
    |tmp_12823_reg_329621                |    1|   0|    1|          0|
    |tmp_12823_reg_329621_pp0_iter1_reg  |    1|   0|    1|          0|
    |tmp_12829_reg_329643                |    1|   0|    1|          0|
    |tmp_12829_reg_329643_pp0_iter1_reg  |    1|   0|    1|          0|
    |tmp_12835_reg_329665                |    1|   0|    1|          0|
    |tmp_12835_reg_329665_pp0_iter1_reg  |    1|   0|    1|          0|
    |tmp_12841_reg_329687                |    1|   0|    1|          0|
    |tmp_12841_reg_329687_pp0_iter1_reg  |    1|   0|    1|          0|
    |tmp_12847_reg_329709                |    1|   0|    1|          0|
    |tmp_12847_reg_329709_pp0_iter1_reg  |    1|   0|    1|          0|
    |tmp_12853_reg_329731                |    1|   0|    1|          0|
    |tmp_12853_reg_329731_pp0_iter1_reg  |    1|   0|    1|          0|
    |tmp_12859_reg_329753                |    1|   0|    1|          0|
    |tmp_12859_reg_329753_pp0_iter1_reg  |    1|   0|    1|          0|
    |tmp_12865_reg_329775                |    1|   0|    1|          0|
    |tmp_12865_reg_329775_pp0_iter1_reg  |    1|   0|    1|          0|
    |tmp_12871_reg_329797                |    1|   0|    1|          0|
    |tmp_12871_reg_329797_pp0_iter1_reg  |    1|   0|    1|          0|
    |tmp_12877_reg_329819                |    1|   0|    1|          0|
    |tmp_12877_reg_329819_pp0_iter1_reg  |    1|   0|    1|          0|
    |tmp_12883_reg_329841                |    1|   0|    1|          0|
    |tmp_12883_reg_329841_pp0_iter1_reg  |    1|   0|    1|          0|
    |tmp_12889_reg_329863                |    1|   0|    1|          0|
    |tmp_12889_reg_329863_pp0_iter1_reg  |    1|   0|    1|          0|
    |tmp_12895_reg_329885                |    1|   0|    1|          0|
    |tmp_12895_reg_329885_pp0_iter1_reg  |    1|   0|    1|          0|
    |tmp_12901_reg_329907                |    1|   0|    1|          0|
    |tmp_12901_reg_329907_pp0_iter1_reg  |    1|   0|    1|          0|
    |tmp_12907_reg_329929                |    1|   0|    1|          0|
    |tmp_12907_reg_329929_pp0_iter1_reg  |    1|   0|    1|          0|
    |tmp_12913_reg_329951                |    1|   0|    1|          0|
    |tmp_12913_reg_329951_pp0_iter1_reg  |    1|   0|    1|          0|
    |tmp_12919_reg_329973                |    1|   0|    1|          0|
    |tmp_12919_reg_329973_pp0_iter1_reg  |    1|   0|    1|          0|
    |tmp_12925_reg_329995                |    1|   0|    1|          0|
    |tmp_12925_reg_329995_pp0_iter1_reg  |    1|   0|    1|          0|
    |tmp_12931_reg_330017                |    1|   0|    1|          0|
    |tmp_12931_reg_330017_pp0_iter1_reg  |    1|   0|    1|          0|
    |tmp_12937_reg_330039                |    1|   0|    1|          0|
    |tmp_12937_reg_330039_pp0_iter1_reg  |    1|   0|    1|          0|
    |tmp_12943_reg_330061                |    1|   0|    1|          0|
    |tmp_12943_reg_330061_pp0_iter1_reg  |    1|   0|    1|          0|
    |tmp_12949_reg_330083                |    1|   0|    1|          0|
    |tmp_12949_reg_330083_pp0_iter1_reg  |    1|   0|    1|          0|
    |tmp_12955_reg_330105                |    1|   0|    1|          0|
    |tmp_12955_reg_330105_pp0_iter1_reg  |    1|   0|    1|          0|
    |tmp_12961_reg_330127                |    1|   0|    1|          0|
    |tmp_12961_reg_330127_pp0_iter1_reg  |    1|   0|    1|          0|
    |tmp_12967_reg_330149                |    1|   0|    1|          0|
    |tmp_12967_reg_330149_pp0_iter1_reg  |    1|   0|    1|          0|
    |tmp_12973_reg_330171                |    1|   0|    1|          0|
    |tmp_12973_reg_330171_pp0_iter1_reg  |    1|   0|    1|          0|
    |tmp_12979_reg_330193                |    1|   0|    1|          0|
    |tmp_12979_reg_330193_pp0_iter1_reg  |    1|   0|    1|          0|
    |tmp_12985_reg_330215                |    1|   0|    1|          0|
    |tmp_12985_reg_330215_pp0_iter1_reg  |    1|   0|    1|          0|
    |tmp_12991_reg_330237                |    1|   0|    1|          0|
    |tmp_12991_reg_330237_pp0_iter1_reg  |    1|   0|    1|          0|
    |tmp_12997_reg_330259                |    1|   0|    1|          0|
    |tmp_12997_reg_330259_pp0_iter1_reg  |    1|   0|    1|          0|
    |tmp_13003_reg_330281                |    1|   0|    1|          0|
    |tmp_13003_reg_330281_pp0_iter1_reg  |    1|   0|    1|          0|
    |tmp_13009_reg_330303                |    1|   0|    1|          0|
    |tmp_13009_reg_330303_pp0_iter1_reg  |    1|   0|    1|          0|
    |tmp_13015_reg_330325                |    1|   0|    1|          0|
    |tmp_13015_reg_330325_pp0_iter1_reg  |    1|   0|    1|          0|
    |tmp_13021_reg_330347                |    1|   0|    1|          0|
    |tmp_13021_reg_330347_pp0_iter1_reg  |    1|   0|    1|          0|
    |tmp_13027_reg_330369                |    1|   0|    1|          0|
    |tmp_13027_reg_330369_pp0_iter1_reg  |    1|   0|    1|          0|
    |tmp_13033_reg_330391                |    1|   0|    1|          0|
    |tmp_13033_reg_330391_pp0_iter1_reg  |    1|   0|    1|          0|
    |tmp_13039_reg_330413                |    1|   0|    1|          0|
    |tmp_13039_reg_330413_pp0_iter1_reg  |    1|   0|    1|          0|
    |tmp_13045_reg_330435                |    1|   0|    1|          0|
    |tmp_13045_reg_330435_pp0_iter1_reg  |    1|   0|    1|          0|
    |tmp_13051_reg_330457                |    1|   0|    1|          0|
    |tmp_13051_reg_330457_pp0_iter1_reg  |    1|   0|    1|          0|
    |tmp_13057_reg_330479                |    1|   0|    1|          0|
    |tmp_13057_reg_330479_pp0_iter1_reg  |    1|   0|    1|          0|
    |tmp_13063_reg_330501                |    1|   0|    1|          0|
    |tmp_13063_reg_330501_pp0_iter1_reg  |    1|   0|    1|          0|
    |tmp_13069_reg_330523                |    1|   0|    1|          0|
    |tmp_13069_reg_330523_pp0_iter1_reg  |    1|   0|    1|          0|
    |tmp_13075_reg_330545                |    1|   0|    1|          0|
    |tmp_13075_reg_330545_pp0_iter1_reg  |    1|   0|    1|          0|
    |tmp_13081_reg_330567                |    1|   0|    1|          0|
    |tmp_13081_reg_330567_pp0_iter1_reg  |    1|   0|    1|          0|
    |tmp_13087_reg_330589                |    1|   0|    1|          0|
    |tmp_13087_reg_330589_pp0_iter1_reg  |    1|   0|    1|          0|
    |tmp_13093_reg_330611                |    1|   0|    1|          0|
    |tmp_13093_reg_330611_pp0_iter1_reg  |    1|   0|    1|          0|
    |tmp_13099_reg_330633                |    1|   0|    1|          0|
    |tmp_13099_reg_330633_pp0_iter1_reg  |    1|   0|    1|          0|
    |tmp_13105_reg_330655                |    1|   0|    1|          0|
    |tmp_13105_reg_330655_pp0_iter1_reg  |    1|   0|    1|          0|
    |tmp_13111_reg_330677                |    1|   0|    1|          0|
    |tmp_13111_reg_330677_pp0_iter1_reg  |    1|   0|    1|          0|
    |tmp_13117_reg_330699                |    1|   0|    1|          0|
    |tmp_13117_reg_330699_pp0_iter1_reg  |    1|   0|    1|          0|
    |tmp_13123_reg_330721                |    1|   0|    1|          0|
    |tmp_13123_reg_330721_pp0_iter1_reg  |    1|   0|    1|          0|
    |tmp_13129_reg_330743                |    1|   0|    1|          0|
    |tmp_13129_reg_330743_pp0_iter1_reg  |    1|   0|    1|          0|
    |tmp_13135_reg_330765                |    1|   0|    1|          0|
    |tmp_13135_reg_330765_pp0_iter1_reg  |    1|   0|    1|          0|
    |tmp_13141_reg_330787                |    1|   0|    1|          0|
    |tmp_13141_reg_330787_pp0_iter1_reg  |    1|   0|    1|          0|
    |tmp_13147_reg_330809                |    1|   0|    1|          0|
    |tmp_13147_reg_330809_pp0_iter1_reg  |    1|   0|    1|          0|
    |tmp_13153_reg_330831                |    1|   0|    1|          0|
    |tmp_13153_reg_330831_pp0_iter1_reg  |    1|   0|    1|          0|
    |tmp_13159_reg_330853                |    1|   0|    1|          0|
    |tmp_13159_reg_330853_pp0_iter1_reg  |    1|   0|    1|          0|
    |tmp_13165_reg_330875                |    1|   0|    1|          0|
    |tmp_13165_reg_330875_pp0_iter1_reg  |    1|   0|    1|          0|
    |tmp_13171_reg_330897                |    1|   0|    1|          0|
    |tmp_13171_reg_330897_pp0_iter1_reg  |    1|   0|    1|          0|
    |tmp_13177_reg_330919                |    1|   0|    1|          0|
    |tmp_13177_reg_330919_pp0_iter1_reg  |    1|   0|    1|          0|
    |tmp_13183_reg_330941                |    1|   0|    1|          0|
    |tmp_13183_reg_330941_pp0_iter1_reg  |    1|   0|    1|          0|
    |tmp_13189_reg_330963                |    1|   0|    1|          0|
    |tmp_13189_reg_330963_pp0_iter1_reg  |    1|   0|    1|          0|
    |tmp_13195_reg_330985                |    1|   0|    1|          0|
    |tmp_13195_reg_330985_pp0_iter1_reg  |    1|   0|    1|          0|
    |tmp_13201_reg_331007                |    1|   0|    1|          0|
    |tmp_13201_reg_331007_pp0_iter1_reg  |    1|   0|    1|          0|
    |tmp_13207_reg_331029                |    1|   0|    1|          0|
    |tmp_13207_reg_331029_pp0_iter1_reg  |    1|   0|    1|          0|
    |tmp_13213_reg_331051                |    1|   0|    1|          0|
    |tmp_13213_reg_331051_pp0_iter1_reg  |    1|   0|    1|          0|
    |tmp_13219_reg_331073                |    1|   0|    1|          0|
    |tmp_13219_reg_331073_pp0_iter1_reg  |    1|   0|    1|          0|
    |tmp_13225_reg_331095                |    1|   0|    1|          0|
    |tmp_13225_reg_331095_pp0_iter1_reg  |    1|   0|    1|          0|
    |tmp_13231_reg_331117                |    1|   0|    1|          0|
    |tmp_13231_reg_331117_pp0_iter1_reg  |    1|   0|    1|          0|
    |tmp_13237_reg_331139                |    1|   0|    1|          0|
    |tmp_13237_reg_331139_pp0_iter1_reg  |    1|   0|    1|          0|
    |tmp_13243_reg_331161                |    1|   0|    1|          0|
    |tmp_13243_reg_331161_pp0_iter1_reg  |    1|   0|    1|          0|
    |tmp_13249_reg_331183                |    1|   0|    1|          0|
    |tmp_13249_reg_331183_pp0_iter1_reg  |    1|   0|    1|          0|
    |tmp_13255_reg_331205                |    1|   0|    1|          0|
    |tmp_13255_reg_331205_pp0_iter1_reg  |    1|   0|    1|          0|
    |tmp_13261_reg_331227                |    1|   0|    1|          0|
    |tmp_13261_reg_331227_pp0_iter1_reg  |    1|   0|    1|          0|
    |tmp_13267_reg_331249                |    1|   0|    1|          0|
    |tmp_13267_reg_331249_pp0_iter1_reg  |    1|   0|    1|          0|
    |tmp_13273_reg_331271                |    1|   0|    1|          0|
    |tmp_13273_reg_331271_pp0_iter1_reg  |    1|   0|    1|          0|
    |tmp_13279_reg_331293                |    1|   0|    1|          0|
    |tmp_13279_reg_331293_pp0_iter1_reg  |    1|   0|    1|          0|
    |tmp_13285_reg_331315                |    1|   0|    1|          0|
    |tmp_13285_reg_331315_pp0_iter1_reg  |    1|   0|    1|          0|
    |tmp_13291_reg_331337                |    1|   0|    1|          0|
    |tmp_13291_reg_331337_pp0_iter1_reg  |    1|   0|    1|          0|
    |tmp_13297_reg_331359                |    1|   0|    1|          0|
    |tmp_13297_reg_331359_pp0_iter1_reg  |    1|   0|    1|          0|
    |tmp_13303_reg_331381                |    1|   0|    1|          0|
    |tmp_13303_reg_331381_pp0_iter1_reg  |    1|   0|    1|          0|
    |tmp_13309_reg_331403                |    1|   0|    1|          0|
    |tmp_13309_reg_331403_pp0_iter1_reg  |    1|   0|    1|          0|
    |tmp_13315_reg_331425                |    1|   0|    1|          0|
    |tmp_13315_reg_331425_pp0_iter1_reg  |    1|   0|    1|          0|
    |tmp_13321_reg_331447                |    1|   0|    1|          0|
    |tmp_13321_reg_331447_pp0_iter1_reg  |    1|   0|    1|          0|
    |tmp_13327_reg_331469                |    1|   0|    1|          0|
    |tmp_13327_reg_331469_pp0_iter1_reg  |    1|   0|    1|          0|
    |tmp_13333_reg_331491                |    1|   0|    1|          0|
    |tmp_13333_reg_331491_pp0_iter1_reg  |    1|   0|    1|          0|
    |tmp_13339_reg_331513                |    1|   0|    1|          0|
    |tmp_13339_reg_331513_pp0_iter1_reg  |    1|   0|    1|          0|
    |tmp_13345_reg_331535                |    1|   0|    1|          0|
    |tmp_13345_reg_331535_pp0_iter1_reg  |    1|   0|    1|          0|
    |tmp_13351_reg_331557                |    1|   0|    1|          0|
    |tmp_13351_reg_331557_pp0_iter1_reg  |    1|   0|    1|          0|
    |tmp_13357_reg_331579                |    1|   0|    1|          0|
    |tmp_13357_reg_331579_pp0_iter1_reg  |    1|   0|    1|          0|
    |tmp_13363_reg_331601                |    1|   0|    1|          0|
    |tmp_13363_reg_331601_pp0_iter1_reg  |    1|   0|    1|          0|
    |tmp_13369_reg_331623                |    1|   0|    1|          0|
    |tmp_13369_reg_331623_pp0_iter1_reg  |    1|   0|    1|          0|
    |tmp_13375_reg_331645                |    1|   0|    1|          0|
    |tmp_13375_reg_331645_pp0_iter1_reg  |    1|   0|    1|          0|
    |tmp_13381_reg_331667                |    1|   0|    1|          0|
    |tmp_13381_reg_331667_pp0_iter1_reg  |    1|   0|    1|          0|
    |tmp_13387_reg_331689                |    1|   0|    1|          0|
    |tmp_13387_reg_331689_pp0_iter1_reg  |    1|   0|    1|          0|
    |tmp_13393_reg_331711                |    1|   0|    1|          0|
    |tmp_13393_reg_331711_pp0_iter1_reg  |    1|   0|    1|          0|
    |tmp_13399_reg_331733                |    1|   0|    1|          0|
    |tmp_13399_reg_331733_pp0_iter1_reg  |    1|   0|    1|          0|
    |tmp_13405_reg_331755                |    1|   0|    1|          0|
    |tmp_13405_reg_331755_pp0_iter1_reg  |    1|   0|    1|          0|
    |tmp_13411_reg_331777                |    1|   0|    1|          0|
    |tmp_13411_reg_331777_pp0_iter1_reg  |    1|   0|    1|          0|
    |tmp_13417_reg_331799                |    1|   0|    1|          0|
    |tmp_13417_reg_331799_pp0_iter1_reg  |    1|   0|    1|          0|
    |tmp_13423_reg_331821                |    1|   0|    1|          0|
    |tmp_13423_reg_331821_pp0_iter1_reg  |    1|   0|    1|          0|
    |tmp_13429_reg_331843                |    1|   0|    1|          0|
    |tmp_13429_reg_331843_pp0_iter1_reg  |    1|   0|    1|          0|
    |tmp_13435_reg_331865                |    1|   0|    1|          0|
    |tmp_13435_reg_331865_pp0_iter1_reg  |    1|   0|    1|          0|
    |tmp_13441_reg_331887                |    1|   0|    1|          0|
    |tmp_13441_reg_331887_pp0_iter1_reg  |    1|   0|    1|          0|
    |tmp_13447_reg_331909                |    1|   0|    1|          0|
    |tmp_13447_reg_331909_pp0_iter1_reg  |    1|   0|    1|          0|
    |tmp_13453_reg_331931                |    1|   0|    1|          0|
    |tmp_13453_reg_331931_pp0_iter1_reg  |    1|   0|    1|          0|
    |tmp_13459_reg_331953                |    1|   0|    1|          0|
    |tmp_13459_reg_331953_pp0_iter1_reg  |    1|   0|    1|          0|
    |tmp_13465_reg_331975                |    1|   0|    1|          0|
    |tmp_13465_reg_331975_pp0_iter1_reg  |    1|   0|    1|          0|
    |tmp_13471_reg_331997                |    1|   0|    1|          0|
    |tmp_13471_reg_331997_pp0_iter1_reg  |    1|   0|    1|          0|
    |tmp_13477_reg_332019                |    1|   0|    1|          0|
    |tmp_13477_reg_332019_pp0_iter1_reg  |    1|   0|    1|          0|
    |tmp_13483_reg_332041                |    1|   0|    1|          0|
    |tmp_13483_reg_332041_pp0_iter1_reg  |    1|   0|    1|          0|
    |tmp_13489_reg_332063                |    1|   0|    1|          0|
    |tmp_13489_reg_332063_pp0_iter1_reg  |    1|   0|    1|          0|
    |tmp_13495_reg_332085                |    1|   0|    1|          0|
    |tmp_13495_reg_332085_pp0_iter1_reg  |    1|   0|    1|          0|
    |tmp_13501_reg_332107                |    1|   0|    1|          0|
    |tmp_13501_reg_332107_pp0_iter1_reg  |    1|   0|    1|          0|
    |tmp_13507_reg_332129                |    1|   0|    1|          0|
    |tmp_13507_reg_332129_pp0_iter1_reg  |    1|   0|    1|          0|
    |tmp_13513_reg_332151                |    1|   0|    1|          0|
    |tmp_13513_reg_332151_pp0_iter1_reg  |    1|   0|    1|          0|
    |tmp_13519_reg_332173                |    1|   0|    1|          0|
    |tmp_13519_reg_332173_pp0_iter1_reg  |    1|   0|    1|          0|
    |tmp_13525_reg_332195                |    1|   0|    1|          0|
    |tmp_13525_reg_332195_pp0_iter1_reg  |    1|   0|    1|          0|
    |tmp_13531_reg_332217                |    1|   0|    1|          0|
    |tmp_13531_reg_332217_pp0_iter1_reg  |    1|   0|    1|          0|
    |tmp_13537_reg_332239                |    1|   0|    1|          0|
    |tmp_13537_reg_332239_pp0_iter1_reg  |    1|   0|    1|          0|
    |tmp_13543_reg_332261                |    1|   0|    1|          0|
    |tmp_13543_reg_332261_pp0_iter1_reg  |    1|   0|    1|          0|
    |tmp_13549_reg_332283                |    1|   0|    1|          0|
    |tmp_13549_reg_332283_pp0_iter1_reg  |    1|   0|    1|          0|
    |tmp_13555_reg_332305                |    1|   0|    1|          0|
    |tmp_13555_reg_332305_pp0_iter1_reg  |    1|   0|    1|          0|
    |tmp_13561_reg_332327                |    1|   0|    1|          0|
    |tmp_13561_reg_332327_pp0_iter1_reg  |    1|   0|    1|          0|
    |tmp_13567_reg_332349                |    1|   0|    1|          0|
    |tmp_13567_reg_332349_pp0_iter1_reg  |    1|   0|    1|          0|
    |tmp_13573_reg_332371                |    1|   0|    1|          0|
    |tmp_13573_reg_332371_pp0_iter1_reg  |    1|   0|    1|          0|
    |tmp_13579_reg_332393                |    1|   0|    1|          0|
    |tmp_13579_reg_332393_pp0_iter1_reg  |    1|   0|    1|          0|
    |tmp_13585_reg_332415                |    1|   0|    1|          0|
    |tmp_13585_reg_332415_pp0_iter1_reg  |    1|   0|    1|          0|
    |tmp_13591_reg_332437                |    1|   0|    1|          0|
    |tmp_13591_reg_332437_pp0_iter1_reg  |    1|   0|    1|          0|
    |tmp_13597_reg_332459                |    1|   0|    1|          0|
    |tmp_13597_reg_332459_pp0_iter1_reg  |    1|   0|    1|          0|
    |tmp_13603_reg_332481                |    1|   0|    1|          0|
    |tmp_13603_reg_332481_pp0_iter1_reg  |    1|   0|    1|          0|
    |tmp_13609_reg_332503                |    1|   0|    1|          0|
    |tmp_13609_reg_332503_pp0_iter1_reg  |    1|   0|    1|          0|
    |tmp_13615_reg_332525                |    1|   0|    1|          0|
    |tmp_13615_reg_332525_pp0_iter1_reg  |    1|   0|    1|          0|
    |tmp_13621_reg_332547                |    1|   0|    1|          0|
    |tmp_13621_reg_332547_pp0_iter1_reg  |    1|   0|    1|          0|
    |tmp_13627_reg_332569                |    1|   0|    1|          0|
    |tmp_13627_reg_332569_pp0_iter1_reg  |    1|   0|    1|          0|
    |tmp_13633_reg_332591                |    1|   0|    1|          0|
    |tmp_13633_reg_332591_pp0_iter1_reg  |    1|   0|    1|          0|
    |tmp_13639_reg_332613                |    1|   0|    1|          0|
    |tmp_13639_reg_332613_pp0_iter1_reg  |    1|   0|    1|          0|
    |tmp_13645_reg_332635                |    1|   0|    1|          0|
    |tmp_13645_reg_332635_pp0_iter1_reg  |    1|   0|    1|          0|
    |tmp_13651_reg_332657                |    1|   0|    1|          0|
    |tmp_13651_reg_332657_pp0_iter1_reg  |    1|   0|    1|          0|
    |tmp_13657_reg_332679                |    1|   0|    1|          0|
    |tmp_13657_reg_332679_pp0_iter1_reg  |    1|   0|    1|          0|
    |tmp_13663_reg_332701                |    1|   0|    1|          0|
    |tmp_13663_reg_332701_pp0_iter1_reg  |    1|   0|    1|          0|
    |tmp_13669_reg_332723                |    1|   0|    1|          0|
    |tmp_13669_reg_332723_pp0_iter1_reg  |    1|   0|    1|          0|
    |tmp_13675_reg_332745                |    1|   0|    1|          0|
    |tmp_13675_reg_332745_pp0_iter1_reg  |    1|   0|    1|          0|
    |tmp_13681_reg_332767                |    1|   0|    1|          0|
    |tmp_13681_reg_332767_pp0_iter1_reg  |    1|   0|    1|          0|
    |tmp_13687_reg_332789                |    1|   0|    1|          0|
    |tmp_13687_reg_332789_pp0_iter1_reg  |    1|   0|    1|          0|
    |tmp_13693_reg_332811                |    1|   0|    1|          0|
    |tmp_13693_reg_332811_pp0_iter1_reg  |    1|   0|    1|          0|
    |tmp_13699_reg_332833                |    1|   0|    1|          0|
    |tmp_13699_reg_332833_pp0_iter1_reg  |    1|   0|    1|          0|
    |tmp_13705_reg_332855                |    1|   0|    1|          0|
    |tmp_13705_reg_332855_pp0_iter1_reg  |    1|   0|    1|          0|
    |tmp_13711_reg_332877                |    1|   0|    1|          0|
    |tmp_13711_reg_332877_pp0_iter1_reg  |    1|   0|    1|          0|
    |tmp_13717_reg_332899                |    1|   0|    1|          0|
    |tmp_13717_reg_332899_pp0_iter1_reg  |    1|   0|    1|          0|
    |tmp_13723_reg_332921                |    1|   0|    1|          0|
    |tmp_13723_reg_332921_pp0_iter1_reg  |    1|   0|    1|          0|
    |tmp_13729_reg_332943                |    1|   0|    1|          0|
    |tmp_13729_reg_332943_pp0_iter1_reg  |    1|   0|    1|          0|
    |tmp_13735_reg_332965                |    1|   0|    1|          0|
    |tmp_13735_reg_332965_pp0_iter1_reg  |    1|   0|    1|          0|
    |tmp_13741_reg_332987                |    1|   0|    1|          0|
    |tmp_13741_reg_332987_pp0_iter1_reg  |    1|   0|    1|          0|
    |tmp_13747_reg_333009                |    1|   0|    1|          0|
    |tmp_13747_reg_333009_pp0_iter1_reg  |    1|   0|    1|          0|
    |tmp_13753_reg_333031                |    1|   0|    1|          0|
    |tmp_13753_reg_333031_pp0_iter1_reg  |    1|   0|    1|          0|
    |tmp_13759_reg_333053                |    1|   0|    1|          0|
    |tmp_13759_reg_333053_pp0_iter1_reg  |    1|   0|    1|          0|
    |tmp_13765_reg_333075                |    1|   0|    1|          0|
    |tmp_13765_reg_333075_pp0_iter1_reg  |    1|   0|    1|          0|
    |tmp_13771_reg_333097                |    1|   0|    1|          0|
    |tmp_13771_reg_333097_pp0_iter1_reg  |    1|   0|    1|          0|
    |tmp_13777_reg_333119                |    1|   0|    1|          0|
    |tmp_13777_reg_333119_pp0_iter1_reg  |    1|   0|    1|          0|
    |tmp_13783_reg_333141                |    1|   0|    1|          0|
    |tmp_13783_reg_333141_pp0_iter1_reg  |    1|   0|    1|          0|
    |tmp_13789_reg_333163                |    1|   0|    1|          0|
    |tmp_13789_reg_333163_pp0_iter1_reg  |    1|   0|    1|          0|
    |tmp_13795_reg_333185                |    1|   0|    1|          0|
    |tmp_13795_reg_333185_pp0_iter1_reg  |    1|   0|    1|          0|
    |tmp_13801_reg_333207                |    1|   0|    1|          0|
    |tmp_13801_reg_333207_pp0_iter1_reg  |    1|   0|    1|          0|
    |tmp_13807_reg_333229                |    1|   0|    1|          0|
    |tmp_13807_reg_333229_pp0_iter1_reg  |    1|   0|    1|          0|
    |tmp_13813_reg_333251                |    1|   0|    1|          0|
    |tmp_13813_reg_333251_pp0_iter1_reg  |    1|   0|    1|          0|
    |tmp_13819_reg_333273                |    1|   0|    1|          0|
    |tmp_13819_reg_333273_pp0_iter1_reg  |    1|   0|    1|          0|
    |tmp_13825_reg_333295                |    1|   0|    1|          0|
    |tmp_13825_reg_333295_pp0_iter1_reg  |    1|   0|    1|          0|
    |tmp_13831_reg_333317                |    1|   0|    1|          0|
    |tmp_13831_reg_333317_pp0_iter1_reg  |    1|   0|    1|          0|
    |tmp_13837_reg_333339                |    1|   0|    1|          0|
    |tmp_13837_reg_333339_pp0_iter1_reg  |    1|   0|    1|          0|
    |tmp_13843_reg_333361                |    1|   0|    1|          0|
    |tmp_13843_reg_333361_pp0_iter1_reg  |    1|   0|    1|          0|
    |tmp_13849_reg_333383                |    1|   0|    1|          0|
    |tmp_13849_reg_333383_pp0_iter1_reg  |    1|   0|    1|          0|
    |tmp_13855_reg_333405                |    1|   0|    1|          0|
    |tmp_13855_reg_333405_pp0_iter1_reg  |    1|   0|    1|          0|
    |tmp_13861_reg_333427                |    1|   0|    1|          0|
    |tmp_13861_reg_333427_pp0_iter1_reg  |    1|   0|    1|          0|
    |tmp_13867_reg_333449                |    1|   0|    1|          0|
    |tmp_13867_reg_333449_pp0_iter1_reg  |    1|   0|    1|          0|
    |tmp_13873_reg_333471                |    1|   0|    1|          0|
    |tmp_13873_reg_333471_pp0_iter1_reg  |    1|   0|    1|          0|
    |tmp_13879_reg_333493                |    1|   0|    1|          0|
    |tmp_13879_reg_333493_pp0_iter1_reg  |    1|   0|    1|          0|
    |tmp_13885_reg_333515                |    1|   0|    1|          0|
    |tmp_13885_reg_333515_pp0_iter1_reg  |    1|   0|    1|          0|
    |tmp_13891_reg_333537                |    1|   0|    1|          0|
    |tmp_13891_reg_333537_pp0_iter1_reg  |    1|   0|    1|          0|
    |tmp_13897_reg_333559                |    1|   0|    1|          0|
    |tmp_13897_reg_333559_pp0_iter1_reg  |    1|   0|    1|          0|
    |tmp_13903_reg_333581                |    1|   0|    1|          0|
    |tmp_13903_reg_333581_pp0_iter1_reg  |    1|   0|    1|          0|
    |tmp_13909_reg_333603                |    1|   0|    1|          0|
    |tmp_13909_reg_333603_pp0_iter1_reg  |    1|   0|    1|          0|
    |tmp_13915_reg_333625                |    1|   0|    1|          0|
    |tmp_13915_reg_333625_pp0_iter1_reg  |    1|   0|    1|          0|
    |tmp_13921_reg_333647                |    1|   0|    1|          0|
    |tmp_13921_reg_333647_pp0_iter1_reg  |    1|   0|    1|          0|
    |tmp_13927_reg_333669                |    1|   0|    1|          0|
    |tmp_13927_reg_333669_pp0_iter1_reg  |    1|   0|    1|          0|
    |tmp_13933_reg_333691                |    1|   0|    1|          0|
    |tmp_13933_reg_333691_pp0_iter1_reg  |    1|   0|    1|          0|
    |tmp_13939_reg_333713                |    1|   0|    1|          0|
    |tmp_13939_reg_333713_pp0_iter1_reg  |    1|   0|    1|          0|
    |tmp_13945_reg_333735                |    1|   0|    1|          0|
    |tmp_13945_reg_333735_pp0_iter1_reg  |    1|   0|    1|          0|
    |tmp_13951_reg_333757                |    1|   0|    1|          0|
    |tmp_13951_reg_333757_pp0_iter1_reg  |    1|   0|    1|          0|
    |tmp_13957_reg_333779                |    1|   0|    1|          0|
    |tmp_13957_reg_333779_pp0_iter1_reg  |    1|   0|    1|          0|
    |tmp_13963_reg_333801                |    1|   0|    1|          0|
    |tmp_13963_reg_333801_pp0_iter1_reg  |    1|   0|    1|          0|
    |tmp_13969_reg_333823                |    1|   0|    1|          0|
    |tmp_13969_reg_333823_pp0_iter1_reg  |    1|   0|    1|          0|
    |tmp_13975_reg_333845                |    1|   0|    1|          0|
    |tmp_13975_reg_333845_pp0_iter1_reg  |    1|   0|    1|          0|
    |tmp_13981_reg_333867                |    1|   0|    1|          0|
    |tmp_13981_reg_333867_pp0_iter1_reg  |    1|   0|    1|          0|
    |tmp_13987_reg_333889                |    1|   0|    1|          0|
    |tmp_13987_reg_333889_pp0_iter1_reg  |    1|   0|    1|          0|
    |tmp_13993_reg_333911                |    1|   0|    1|          0|
    |tmp_13993_reg_333911_pp0_iter1_reg  |    1|   0|    1|          0|
    |tmp_13999_reg_333933                |    1|   0|    1|          0|
    |tmp_13999_reg_333933_pp0_iter1_reg  |    1|   0|    1|          0|
    |tmp_14005_reg_333955                |    1|   0|    1|          0|
    |tmp_14005_reg_333955_pp0_iter1_reg  |    1|   0|    1|          0|
    |tmp_14011_reg_333977                |    1|   0|    1|          0|
    |tmp_14011_reg_333977_pp0_iter1_reg  |    1|   0|    1|          0|
    |tmp_14017_reg_333999                |    1|   0|    1|          0|
    |tmp_14017_reg_333999_pp0_iter1_reg  |    1|   0|    1|          0|
    |tmp_14023_reg_334021                |    1|   0|    1|          0|
    |tmp_14023_reg_334021_pp0_iter1_reg  |    1|   0|    1|          0|
    |tmp_14029_reg_334043                |    1|   0|    1|          0|
    |tmp_14029_reg_334043_pp0_iter1_reg  |    1|   0|    1|          0|
    |tmp_14035_reg_334065                |    1|   0|    1|          0|
    |tmp_14035_reg_334065_pp0_iter1_reg  |    1|   0|    1|          0|
    |tmp_14041_reg_334087                |    1|   0|    1|          0|
    |tmp_14041_reg_334087_pp0_iter1_reg  |    1|   0|    1|          0|
    |tmp_14047_reg_334109                |    1|   0|    1|          0|
    |tmp_14047_reg_334109_pp0_iter1_reg  |    1|   0|    1|          0|
    |tmp_14053_reg_334131                |    1|   0|    1|          0|
    |tmp_14053_reg_334131_pp0_iter1_reg  |    1|   0|    1|          0|
    |tmp_14059_reg_334153                |    1|   0|    1|          0|
    |tmp_14059_reg_334153_pp0_iter1_reg  |    1|   0|    1|          0|
    |tmp_14065_reg_334175                |    1|   0|    1|          0|
    |tmp_14065_reg_334175_pp0_iter1_reg  |    1|   0|    1|          0|
    |tmp_14071_reg_334197                |    1|   0|    1|          0|
    |tmp_14071_reg_334197_pp0_iter1_reg  |    1|   0|    1|          0|
    |tmp_14077_reg_334219                |    1|   0|    1|          0|
    |tmp_14077_reg_334219_pp0_iter1_reg  |    1|   0|    1|          0|
    |tmp_14083_reg_334241                |    1|   0|    1|          0|
    |tmp_14083_reg_334241_pp0_iter1_reg  |    1|   0|    1|          0|
    |tmp_14089_reg_334263                |    1|   0|    1|          0|
    |tmp_14089_reg_334263_pp0_iter1_reg  |    1|   0|    1|          0|
    |tmp_14095_reg_334285                |    1|   0|    1|          0|
    |tmp_14095_reg_334285_pp0_iter1_reg  |    1|   0|    1|          0|
    |tmp_14101_reg_334307                |    1|   0|    1|          0|
    |tmp_14101_reg_334307_pp0_iter1_reg  |    1|   0|    1|          0|
    |tmp_14107_reg_334329                |    1|   0|    1|          0|
    |tmp_14107_reg_334329_pp0_iter1_reg  |    1|   0|    1|          0|
    |tmp_14113_reg_334351                |    1|   0|    1|          0|
    |tmp_14113_reg_334351_pp0_iter1_reg  |    1|   0|    1|          0|
    |tmp_14119_reg_334373                |    1|   0|    1|          0|
    |tmp_14119_reg_334373_pp0_iter1_reg  |    1|   0|    1|          0|
    |tmp_2049_reg_328774                 |    2|   0|    2|          0|
    |tmp_2050_reg_328779                 |    3|   0|    3|          0|
    |tmp_2051_reg_328796                 |    2|   0|    2|          0|
    |tmp_2052_reg_328801                 |    3|   0|    3|          0|
    |tmp_2053_reg_328818                 |    2|   0|    2|          0|
    |tmp_2054_reg_328823                 |    3|   0|    3|          0|
    |tmp_2055_reg_328840                 |    2|   0|    2|          0|
    |tmp_2056_reg_328845                 |    3|   0|    3|          0|
    |tmp_2057_reg_328862                 |    2|   0|    2|          0|
    |tmp_2058_reg_328867                 |    3|   0|    3|          0|
    |tmp_2059_reg_328884                 |    2|   0|    2|          0|
    |tmp_2060_reg_328889                 |    3|   0|    3|          0|
    |tmp_2061_reg_328906                 |    2|   0|    2|          0|
    |tmp_2062_reg_328911                 |    3|   0|    3|          0|
    |tmp_2063_reg_328928                 |    2|   0|    2|          0|
    |tmp_2064_reg_328933                 |    3|   0|    3|          0|
    |tmp_2065_reg_328950                 |    2|   0|    2|          0|
    |tmp_2066_reg_328955                 |    3|   0|    3|          0|
    |tmp_2067_reg_328972                 |    2|   0|    2|          0|
    |tmp_2068_reg_328977                 |    3|   0|    3|          0|
    |tmp_2069_reg_328994                 |    2|   0|    2|          0|
    |tmp_2070_reg_328999                 |    3|   0|    3|          0|
    |tmp_2071_reg_329016                 |    2|   0|    2|          0|
    |tmp_2072_reg_329021                 |    3|   0|    3|          0|
    |tmp_2073_reg_329038                 |    2|   0|    2|          0|
    |tmp_2074_reg_329043                 |    3|   0|    3|          0|
    |tmp_2075_reg_329060                 |    2|   0|    2|          0|
    |tmp_2076_reg_329065                 |    3|   0|    3|          0|
    |tmp_2077_reg_329082                 |    2|   0|    2|          0|
    |tmp_2078_reg_329087                 |    3|   0|    3|          0|
    |tmp_2079_reg_329104                 |    2|   0|    2|          0|
    |tmp_2080_reg_329109                 |    3|   0|    3|          0|
    |tmp_2081_reg_329126                 |    2|   0|    2|          0|
    |tmp_2082_reg_329131                 |    3|   0|    3|          0|
    |tmp_2083_reg_329148                 |    2|   0|    2|          0|
    |tmp_2084_reg_329153                 |    3|   0|    3|          0|
    |tmp_2085_reg_329170                 |    2|   0|    2|          0|
    |tmp_2086_reg_329175                 |    3|   0|    3|          0|
    |tmp_2087_reg_329192                 |    2|   0|    2|          0|
    |tmp_2088_reg_329197                 |    3|   0|    3|          0|
    |tmp_2089_reg_329214                 |    2|   0|    2|          0|
    |tmp_2090_reg_329219                 |    3|   0|    3|          0|
    |tmp_2091_reg_329236                 |    2|   0|    2|          0|
    |tmp_2092_reg_329241                 |    3|   0|    3|          0|
    |tmp_2093_reg_329258                 |    2|   0|    2|          0|
    |tmp_2094_reg_329263                 |    3|   0|    3|          0|
    |tmp_2095_reg_329280                 |    2|   0|    2|          0|
    |tmp_2096_reg_329285                 |    3|   0|    3|          0|
    |tmp_2097_reg_329302                 |    2|   0|    2|          0|
    |tmp_2098_reg_329307                 |    3|   0|    3|          0|
    |tmp_2099_reg_329324                 |    2|   0|    2|          0|
    |tmp_2100_reg_329329                 |    3|   0|    3|          0|
    |tmp_2101_reg_329346                 |    2|   0|    2|          0|
    |tmp_2102_reg_329351                 |    3|   0|    3|          0|
    |tmp_2103_reg_329368                 |    2|   0|    2|          0|
    |tmp_2104_reg_329373                 |    3|   0|    3|          0|
    |tmp_2105_reg_329390                 |    2|   0|    2|          0|
    |tmp_2106_reg_329395                 |    3|   0|    3|          0|
    |tmp_2107_reg_329412                 |    2|   0|    2|          0|
    |tmp_2108_reg_329417                 |    3|   0|    3|          0|
    |tmp_2109_reg_329434                 |    2|   0|    2|          0|
    |tmp_2110_reg_329439                 |    3|   0|    3|          0|
    |tmp_2111_reg_329456                 |    2|   0|    2|          0|
    |tmp_2112_reg_329461                 |    3|   0|    3|          0|
    |tmp_2113_reg_329478                 |    2|   0|    2|          0|
    |tmp_2114_reg_329483                 |    3|   0|    3|          0|
    |tmp_2115_reg_329500                 |    2|   0|    2|          0|
    |tmp_2116_reg_329505                 |    3|   0|    3|          0|
    |tmp_2117_reg_329522                 |    2|   0|    2|          0|
    |tmp_2118_reg_329527                 |    3|   0|    3|          0|
    |tmp_2119_reg_329544                 |    2|   0|    2|          0|
    |tmp_2120_reg_329549                 |    3|   0|    3|          0|
    |tmp_2121_reg_329566                 |    2|   0|    2|          0|
    |tmp_2122_reg_329571                 |    3|   0|    3|          0|
    |tmp_2123_reg_329588                 |    2|   0|    2|          0|
    |tmp_2124_reg_329593                 |    3|   0|    3|          0|
    |tmp_2125_reg_329610                 |    2|   0|    2|          0|
    |tmp_2126_reg_329615                 |    3|   0|    3|          0|
    |tmp_2127_reg_329632                 |    2|   0|    2|          0|
    |tmp_2128_reg_329637                 |    3|   0|    3|          0|
    |tmp_2129_reg_329654                 |    2|   0|    2|          0|
    |tmp_2130_reg_329659                 |    3|   0|    3|          0|
    |tmp_2131_reg_329676                 |    2|   0|    2|          0|
    |tmp_2132_reg_329681                 |    3|   0|    3|          0|
    |tmp_2133_reg_329698                 |    2|   0|    2|          0|
    |tmp_2134_reg_329703                 |    3|   0|    3|          0|
    |tmp_2135_reg_329720                 |    2|   0|    2|          0|
    |tmp_2136_reg_329725                 |    3|   0|    3|          0|
    |tmp_2137_reg_329742                 |    2|   0|    2|          0|
    |tmp_2138_reg_329747                 |    3|   0|    3|          0|
    |tmp_2139_reg_329764                 |    2|   0|    2|          0|
    |tmp_2140_reg_329769                 |    3|   0|    3|          0|
    |tmp_2141_reg_329786                 |    2|   0|    2|          0|
    |tmp_2142_reg_329791                 |    3|   0|    3|          0|
    |tmp_2143_reg_329808                 |    2|   0|    2|          0|
    |tmp_2144_reg_329813                 |    3|   0|    3|          0|
    |tmp_2145_reg_329830                 |    2|   0|    2|          0|
    |tmp_2146_reg_329835                 |    3|   0|    3|          0|
    |tmp_2147_reg_329852                 |    2|   0|    2|          0|
    |tmp_2148_reg_329857                 |    3|   0|    3|          0|
    |tmp_2149_reg_329874                 |    2|   0|    2|          0|
    |tmp_2150_reg_329879                 |    3|   0|    3|          0|
    |tmp_2151_reg_329896                 |    2|   0|    2|          0|
    |tmp_2152_reg_329901                 |    3|   0|    3|          0|
    |tmp_2153_reg_329918                 |    2|   0|    2|          0|
    |tmp_2154_reg_329923                 |    3|   0|    3|          0|
    |tmp_2155_reg_329940                 |    2|   0|    2|          0|
    |tmp_2156_reg_329945                 |    3|   0|    3|          0|
    |tmp_2157_reg_329962                 |    2|   0|    2|          0|
    |tmp_2158_reg_329967                 |    3|   0|    3|          0|
    |tmp_2159_reg_329984                 |    2|   0|    2|          0|
    |tmp_2160_reg_329989                 |    3|   0|    3|          0|
    |tmp_2161_reg_330006                 |    2|   0|    2|          0|
    |tmp_2162_reg_330011                 |    3|   0|    3|          0|
    |tmp_2163_reg_330028                 |    2|   0|    2|          0|
    |tmp_2164_reg_330033                 |    3|   0|    3|          0|
    |tmp_2165_reg_330050                 |    2|   0|    2|          0|
    |tmp_2166_reg_330055                 |    3|   0|    3|          0|
    |tmp_2167_reg_330072                 |    2|   0|    2|          0|
    |tmp_2168_reg_330077                 |    3|   0|    3|          0|
    |tmp_2169_reg_330094                 |    2|   0|    2|          0|
    |tmp_2170_reg_330099                 |    3|   0|    3|          0|
    |tmp_2171_reg_330116                 |    2|   0|    2|          0|
    |tmp_2172_reg_330121                 |    3|   0|    3|          0|
    |tmp_2173_reg_330138                 |    2|   0|    2|          0|
    |tmp_2174_reg_330143                 |    3|   0|    3|          0|
    |tmp_2175_reg_330160                 |    2|   0|    2|          0|
    |tmp_2176_reg_330165                 |    3|   0|    3|          0|
    |tmp_2177_reg_330182                 |    2|   0|    2|          0|
    |tmp_2178_reg_330187                 |    3|   0|    3|          0|
    |tmp_2179_reg_330204                 |    2|   0|    2|          0|
    |tmp_2180_reg_330209                 |    3|   0|    3|          0|
    |tmp_2181_reg_330226                 |    2|   0|    2|          0|
    |tmp_2182_reg_330231                 |    3|   0|    3|          0|
    |tmp_2183_reg_330248                 |    2|   0|    2|          0|
    |tmp_2184_reg_330253                 |    3|   0|    3|          0|
    |tmp_2185_reg_330270                 |    2|   0|    2|          0|
    |tmp_2186_reg_330275                 |    3|   0|    3|          0|
    |tmp_2187_reg_330292                 |    2|   0|    2|          0|
    |tmp_2188_reg_330297                 |    3|   0|    3|          0|
    |tmp_2189_reg_330314                 |    2|   0|    2|          0|
    |tmp_2190_reg_330319                 |    3|   0|    3|          0|
    |tmp_2191_reg_330336                 |    2|   0|    2|          0|
    |tmp_2192_reg_330341                 |    3|   0|    3|          0|
    |tmp_2193_reg_330358                 |    2|   0|    2|          0|
    |tmp_2194_reg_330363                 |    3|   0|    3|          0|
    |tmp_2195_reg_330380                 |    2|   0|    2|          0|
    |tmp_2196_reg_330385                 |    3|   0|    3|          0|
    |tmp_2197_reg_330402                 |    2|   0|    2|          0|
    |tmp_2198_reg_330407                 |    3|   0|    3|          0|
    |tmp_2199_reg_330424                 |    2|   0|    2|          0|
    |tmp_2200_reg_330429                 |    3|   0|    3|          0|
    |tmp_2201_reg_330446                 |    2|   0|    2|          0|
    |tmp_2202_reg_330451                 |    3|   0|    3|          0|
    |tmp_2203_reg_330468                 |    2|   0|    2|          0|
    |tmp_2204_reg_330473                 |    3|   0|    3|          0|
    |tmp_2205_reg_330490                 |    2|   0|    2|          0|
    |tmp_2206_reg_330495                 |    3|   0|    3|          0|
    |tmp_2207_reg_330512                 |    2|   0|    2|          0|
    |tmp_2208_reg_330517                 |    3|   0|    3|          0|
    |tmp_2209_reg_330534                 |    2|   0|    2|          0|
    |tmp_2210_reg_330539                 |    3|   0|    3|          0|
    |tmp_2211_reg_330556                 |    2|   0|    2|          0|
    |tmp_2212_reg_330561                 |    3|   0|    3|          0|
    |tmp_2213_reg_330578                 |    2|   0|    2|          0|
    |tmp_2214_reg_330583                 |    3|   0|    3|          0|
    |tmp_2215_reg_330600                 |    2|   0|    2|          0|
    |tmp_2216_reg_330605                 |    3|   0|    3|          0|
    |tmp_2217_reg_330622                 |    2|   0|    2|          0|
    |tmp_2218_reg_330627                 |    3|   0|    3|          0|
    |tmp_2219_reg_330644                 |    2|   0|    2|          0|
    |tmp_2220_reg_330649                 |    3|   0|    3|          0|
    |tmp_2221_reg_330666                 |    2|   0|    2|          0|
    |tmp_2222_reg_330671                 |    3|   0|    3|          0|
    |tmp_2223_reg_330688                 |    2|   0|    2|          0|
    |tmp_2224_reg_330693                 |    3|   0|    3|          0|
    |tmp_2225_reg_330710                 |    2|   0|    2|          0|
    |tmp_2226_reg_330715                 |    3|   0|    3|          0|
    |tmp_2227_reg_330732                 |    2|   0|    2|          0|
    |tmp_2228_reg_330737                 |    3|   0|    3|          0|
    |tmp_2229_reg_330754                 |    2|   0|    2|          0|
    |tmp_2230_reg_330759                 |    3|   0|    3|          0|
    |tmp_2231_reg_330776                 |    2|   0|    2|          0|
    |tmp_2232_reg_330781                 |    3|   0|    3|          0|
    |tmp_2233_reg_330798                 |    2|   0|    2|          0|
    |tmp_2234_reg_330803                 |    3|   0|    3|          0|
    |tmp_2235_reg_330820                 |    2|   0|    2|          0|
    |tmp_2236_reg_330825                 |    3|   0|    3|          0|
    |tmp_2237_reg_330842                 |    2|   0|    2|          0|
    |tmp_2238_reg_330847                 |    3|   0|    3|          0|
    |tmp_2239_reg_330864                 |    2|   0|    2|          0|
    |tmp_2240_reg_330869                 |    3|   0|    3|          0|
    |tmp_2241_reg_330886                 |    2|   0|    2|          0|
    |tmp_2242_reg_330891                 |    3|   0|    3|          0|
    |tmp_2243_reg_330908                 |    2|   0|    2|          0|
    |tmp_2244_reg_330913                 |    3|   0|    3|          0|
    |tmp_2245_reg_330930                 |    2|   0|    2|          0|
    |tmp_2246_reg_330935                 |    3|   0|    3|          0|
    |tmp_2247_reg_330952                 |    2|   0|    2|          0|
    |tmp_2248_reg_330957                 |    3|   0|    3|          0|
    |tmp_2249_reg_330974                 |    2|   0|    2|          0|
    |tmp_2250_reg_330979                 |    3|   0|    3|          0|
    |tmp_2251_reg_330996                 |    2|   0|    2|          0|
    |tmp_2252_reg_331001                 |    3|   0|    3|          0|
    |tmp_2253_reg_331018                 |    2|   0|    2|          0|
    |tmp_2254_reg_331023                 |    3|   0|    3|          0|
    |tmp_2255_reg_331040                 |    2|   0|    2|          0|
    |tmp_2256_reg_331045                 |    3|   0|    3|          0|
    |tmp_2257_reg_331062                 |    2|   0|    2|          0|
    |tmp_2258_reg_331067                 |    3|   0|    3|          0|
    |tmp_2259_reg_331084                 |    2|   0|    2|          0|
    |tmp_2260_reg_331089                 |    3|   0|    3|          0|
    |tmp_2261_reg_331106                 |    2|   0|    2|          0|
    |tmp_2262_reg_331111                 |    3|   0|    3|          0|
    |tmp_2263_reg_331128                 |    2|   0|    2|          0|
    |tmp_2264_reg_331133                 |    3|   0|    3|          0|
    |tmp_2265_reg_331150                 |    2|   0|    2|          0|
    |tmp_2266_reg_331155                 |    3|   0|    3|          0|
    |tmp_2267_reg_331172                 |    2|   0|    2|          0|
    |tmp_2268_reg_331177                 |    3|   0|    3|          0|
    |tmp_2269_reg_331194                 |    2|   0|    2|          0|
    |tmp_2270_reg_331199                 |    3|   0|    3|          0|
    |tmp_2271_reg_331216                 |    2|   0|    2|          0|
    |tmp_2272_reg_331221                 |    3|   0|    3|          0|
    |tmp_2273_reg_331238                 |    2|   0|    2|          0|
    |tmp_2274_reg_331243                 |    3|   0|    3|          0|
    |tmp_2275_reg_331260                 |    2|   0|    2|          0|
    |tmp_2276_reg_331265                 |    3|   0|    3|          0|
    |tmp_2277_reg_331282                 |    2|   0|    2|          0|
    |tmp_2278_reg_331287                 |    3|   0|    3|          0|
    |tmp_2279_reg_331304                 |    2|   0|    2|          0|
    |tmp_2280_reg_331309                 |    3|   0|    3|          0|
    |tmp_2281_reg_331326                 |    2|   0|    2|          0|
    |tmp_2282_reg_331331                 |    3|   0|    3|          0|
    |tmp_2283_reg_331348                 |    2|   0|    2|          0|
    |tmp_2284_reg_331353                 |    3|   0|    3|          0|
    |tmp_2285_reg_331370                 |    2|   0|    2|          0|
    |tmp_2286_reg_331375                 |    3|   0|    3|          0|
    |tmp_2287_reg_331392                 |    2|   0|    2|          0|
    |tmp_2288_reg_331397                 |    3|   0|    3|          0|
    |tmp_2289_reg_331414                 |    2|   0|    2|          0|
    |tmp_2290_reg_331419                 |    3|   0|    3|          0|
    |tmp_2291_reg_331436                 |    2|   0|    2|          0|
    |tmp_2292_reg_331441                 |    3|   0|    3|          0|
    |tmp_2293_reg_331458                 |    2|   0|    2|          0|
    |tmp_2294_reg_331463                 |    3|   0|    3|          0|
    |tmp_2295_reg_331480                 |    2|   0|    2|          0|
    |tmp_2296_reg_331485                 |    3|   0|    3|          0|
    |tmp_2297_reg_331502                 |    2|   0|    2|          0|
    |tmp_2298_reg_331507                 |    3|   0|    3|          0|
    |tmp_2299_reg_331524                 |    2|   0|    2|          0|
    |tmp_2300_reg_331529                 |    3|   0|    3|          0|
    |tmp_2301_reg_331546                 |    2|   0|    2|          0|
    |tmp_2302_reg_331551                 |    3|   0|    3|          0|
    |tmp_2303_reg_331568                 |    2|   0|    2|          0|
    |tmp_2304_reg_331573                 |    3|   0|    3|          0|
    |tmp_2305_reg_331590                 |    2|   0|    2|          0|
    |tmp_2306_reg_331595                 |    3|   0|    3|          0|
    |tmp_2307_reg_331612                 |    2|   0|    2|          0|
    |tmp_2308_reg_331617                 |    3|   0|    3|          0|
    |tmp_2309_reg_331634                 |    2|   0|    2|          0|
    |tmp_2310_reg_331639                 |    3|   0|    3|          0|
    |tmp_2311_reg_331656                 |    2|   0|    2|          0|
    |tmp_2312_reg_331661                 |    3|   0|    3|          0|
    |tmp_2313_reg_331678                 |    2|   0|    2|          0|
    |tmp_2314_reg_331683                 |    3|   0|    3|          0|
    |tmp_2315_reg_331700                 |    2|   0|    2|          0|
    |tmp_2316_reg_331705                 |    3|   0|    3|          0|
    |tmp_2317_reg_331722                 |    2|   0|    2|          0|
    |tmp_2318_reg_331727                 |    3|   0|    3|          0|
    |tmp_2319_reg_331744                 |    2|   0|    2|          0|
    |tmp_2320_reg_331749                 |    3|   0|    3|          0|
    |tmp_2321_reg_331766                 |    2|   0|    2|          0|
    |tmp_2322_reg_331771                 |    3|   0|    3|          0|
    |tmp_2323_reg_331788                 |    2|   0|    2|          0|
    |tmp_2324_reg_331793                 |    3|   0|    3|          0|
    |tmp_2325_reg_331810                 |    2|   0|    2|          0|
    |tmp_2326_reg_331815                 |    3|   0|    3|          0|
    |tmp_2327_reg_331832                 |    2|   0|    2|          0|
    |tmp_2328_reg_331837                 |    3|   0|    3|          0|
    |tmp_2329_reg_331854                 |    2|   0|    2|          0|
    |tmp_2330_reg_331859                 |    3|   0|    3|          0|
    |tmp_2331_reg_331876                 |    2|   0|    2|          0|
    |tmp_2332_reg_331881                 |    3|   0|    3|          0|
    |tmp_2333_reg_331898                 |    2|   0|    2|          0|
    |tmp_2334_reg_331903                 |    3|   0|    3|          0|
    |tmp_2335_reg_331920                 |    2|   0|    2|          0|
    |tmp_2336_reg_331925                 |    3|   0|    3|          0|
    |tmp_2337_reg_331942                 |    2|   0|    2|          0|
    |tmp_2338_reg_331947                 |    3|   0|    3|          0|
    |tmp_2339_reg_331964                 |    2|   0|    2|          0|
    |tmp_2340_reg_331969                 |    3|   0|    3|          0|
    |tmp_2341_reg_331986                 |    2|   0|    2|          0|
    |tmp_2342_reg_331991                 |    3|   0|    3|          0|
    |tmp_2343_reg_332008                 |    2|   0|    2|          0|
    |tmp_2344_reg_332013                 |    3|   0|    3|          0|
    |tmp_2345_reg_332030                 |    2|   0|    2|          0|
    |tmp_2346_reg_332035                 |    3|   0|    3|          0|
    |tmp_2347_reg_332052                 |    2|   0|    2|          0|
    |tmp_2348_reg_332057                 |    3|   0|    3|          0|
    |tmp_2349_reg_332074                 |    2|   0|    2|          0|
    |tmp_2350_reg_332079                 |    3|   0|    3|          0|
    |tmp_2351_reg_332096                 |    2|   0|    2|          0|
    |tmp_2352_reg_332101                 |    3|   0|    3|          0|
    |tmp_2353_reg_332118                 |    2|   0|    2|          0|
    |tmp_2354_reg_332123                 |    3|   0|    3|          0|
    |tmp_2355_reg_332140                 |    2|   0|    2|          0|
    |tmp_2356_reg_332145                 |    3|   0|    3|          0|
    |tmp_2357_reg_332162                 |    2|   0|    2|          0|
    |tmp_2358_reg_332167                 |    3|   0|    3|          0|
    |tmp_2359_reg_332184                 |    2|   0|    2|          0|
    |tmp_2360_reg_332189                 |    3|   0|    3|          0|
    |tmp_2361_reg_332206                 |    2|   0|    2|          0|
    |tmp_2362_reg_332211                 |    3|   0|    3|          0|
    |tmp_2363_reg_332228                 |    2|   0|    2|          0|
    |tmp_2364_reg_332233                 |    3|   0|    3|          0|
    |tmp_2365_reg_332250                 |    2|   0|    2|          0|
    |tmp_2366_reg_332255                 |    3|   0|    3|          0|
    |tmp_2367_reg_332272                 |    2|   0|    2|          0|
    |tmp_2368_reg_332277                 |    3|   0|    3|          0|
    |tmp_2369_reg_332294                 |    2|   0|    2|          0|
    |tmp_2370_reg_332299                 |    3|   0|    3|          0|
    |tmp_2371_reg_332316                 |    2|   0|    2|          0|
    |tmp_2372_reg_332321                 |    3|   0|    3|          0|
    |tmp_2373_reg_332338                 |    2|   0|    2|          0|
    |tmp_2374_reg_332343                 |    3|   0|    3|          0|
    |tmp_2375_reg_332360                 |    2|   0|    2|          0|
    |tmp_2376_reg_332365                 |    3|   0|    3|          0|
    |tmp_2377_reg_332382                 |    2|   0|    2|          0|
    |tmp_2378_reg_332387                 |    3|   0|    3|          0|
    |tmp_2379_reg_332404                 |    2|   0|    2|          0|
    |tmp_2380_reg_332409                 |    3|   0|    3|          0|
    |tmp_2381_reg_332426                 |    2|   0|    2|          0|
    |tmp_2382_reg_332431                 |    3|   0|    3|          0|
    |tmp_2383_reg_332448                 |    2|   0|    2|          0|
    |tmp_2384_reg_332453                 |    3|   0|    3|          0|
    |tmp_2385_reg_332470                 |    2|   0|    2|          0|
    |tmp_2386_reg_332475                 |    3|   0|    3|          0|
    |tmp_2387_reg_332492                 |    2|   0|    2|          0|
    |tmp_2388_reg_332497                 |    3|   0|    3|          0|
    |tmp_2389_reg_332514                 |    2|   0|    2|          0|
    |tmp_2390_reg_332519                 |    3|   0|    3|          0|
    |tmp_2391_reg_332536                 |    2|   0|    2|          0|
    |tmp_2392_reg_332541                 |    3|   0|    3|          0|
    |tmp_2393_reg_332558                 |    2|   0|    2|          0|
    |tmp_2394_reg_332563                 |    3|   0|    3|          0|
    |tmp_2395_reg_332580                 |    2|   0|    2|          0|
    |tmp_2396_reg_332585                 |    3|   0|    3|          0|
    |tmp_2397_reg_332602                 |    2|   0|    2|          0|
    |tmp_2398_reg_332607                 |    3|   0|    3|          0|
    |tmp_2399_reg_332624                 |    2|   0|    2|          0|
    |tmp_2400_reg_332629                 |    3|   0|    3|          0|
    |tmp_2401_reg_332646                 |    2|   0|    2|          0|
    |tmp_2402_reg_332651                 |    3|   0|    3|          0|
    |tmp_2403_reg_332668                 |    2|   0|    2|          0|
    |tmp_2404_reg_332673                 |    3|   0|    3|          0|
    |tmp_2405_reg_332690                 |    2|   0|    2|          0|
    |tmp_2406_reg_332695                 |    3|   0|    3|          0|
    |tmp_2407_reg_332712                 |    2|   0|    2|          0|
    |tmp_2408_reg_332717                 |    3|   0|    3|          0|
    |tmp_2409_reg_332734                 |    2|   0|    2|          0|
    |tmp_2410_reg_332739                 |    3|   0|    3|          0|
    |tmp_2411_reg_332756                 |    2|   0|    2|          0|
    |tmp_2412_reg_332761                 |    3|   0|    3|          0|
    |tmp_2413_reg_332778                 |    2|   0|    2|          0|
    |tmp_2414_reg_332783                 |    3|   0|    3|          0|
    |tmp_2415_reg_332800                 |    2|   0|    2|          0|
    |tmp_2416_reg_332805                 |    3|   0|    3|          0|
    |tmp_2417_reg_332822                 |    2|   0|    2|          0|
    |tmp_2418_reg_332827                 |    3|   0|    3|          0|
    |tmp_2419_reg_332844                 |    2|   0|    2|          0|
    |tmp_2420_reg_332849                 |    3|   0|    3|          0|
    |tmp_2421_reg_332866                 |    2|   0|    2|          0|
    |tmp_2422_reg_332871                 |    3|   0|    3|          0|
    |tmp_2423_reg_332888                 |    2|   0|    2|          0|
    |tmp_2424_reg_332893                 |    3|   0|    3|          0|
    |tmp_2425_reg_332910                 |    2|   0|    2|          0|
    |tmp_2426_reg_332915                 |    3|   0|    3|          0|
    |tmp_2427_reg_332932                 |    2|   0|    2|          0|
    |tmp_2428_reg_332937                 |    3|   0|    3|          0|
    |tmp_2429_reg_332954                 |    2|   0|    2|          0|
    |tmp_2430_reg_332959                 |    3|   0|    3|          0|
    |tmp_2431_reg_332976                 |    2|   0|    2|          0|
    |tmp_2432_reg_332981                 |    3|   0|    3|          0|
    |tmp_2433_reg_332998                 |    2|   0|    2|          0|
    |tmp_2434_reg_333003                 |    3|   0|    3|          0|
    |tmp_2435_reg_333020                 |    2|   0|    2|          0|
    |tmp_2436_reg_333025                 |    3|   0|    3|          0|
    |tmp_2437_reg_333042                 |    2|   0|    2|          0|
    |tmp_2438_reg_333047                 |    3|   0|    3|          0|
    |tmp_2439_reg_333064                 |    2|   0|    2|          0|
    |tmp_2440_reg_333069                 |    3|   0|    3|          0|
    |tmp_2441_reg_333086                 |    2|   0|    2|          0|
    |tmp_2442_reg_333091                 |    3|   0|    3|          0|
    |tmp_2443_reg_333108                 |    2|   0|    2|          0|
    |tmp_2444_reg_333113                 |    3|   0|    3|          0|
    |tmp_2445_reg_333130                 |    2|   0|    2|          0|
    |tmp_2446_reg_333135                 |    3|   0|    3|          0|
    |tmp_2447_reg_333152                 |    2|   0|    2|          0|
    |tmp_2448_reg_333157                 |    3|   0|    3|          0|
    |tmp_2449_reg_333174                 |    2|   0|    2|          0|
    |tmp_2450_reg_333179                 |    3|   0|    3|          0|
    |tmp_2451_reg_333196                 |    2|   0|    2|          0|
    |tmp_2452_reg_333201                 |    3|   0|    3|          0|
    |tmp_2453_reg_333218                 |    2|   0|    2|          0|
    |tmp_2454_reg_333223                 |    3|   0|    3|          0|
    |tmp_2455_reg_333240                 |    2|   0|    2|          0|
    |tmp_2456_reg_333245                 |    3|   0|    3|          0|
    |tmp_2457_reg_333262                 |    2|   0|    2|          0|
    |tmp_2458_reg_333267                 |    3|   0|    3|          0|
    |tmp_2459_reg_333284                 |    2|   0|    2|          0|
    |tmp_2460_reg_333289                 |    3|   0|    3|          0|
    |tmp_2461_reg_333306                 |    2|   0|    2|          0|
    |tmp_2462_reg_333311                 |    3|   0|    3|          0|
    |tmp_2463_reg_333328                 |    2|   0|    2|          0|
    |tmp_2464_reg_333333                 |    3|   0|    3|          0|
    |tmp_2465_reg_333350                 |    2|   0|    2|          0|
    |tmp_2466_reg_333355                 |    3|   0|    3|          0|
    |tmp_2467_reg_333372                 |    2|   0|    2|          0|
    |tmp_2468_reg_333377                 |    3|   0|    3|          0|
    |tmp_2469_reg_333394                 |    2|   0|    2|          0|
    |tmp_2470_reg_333399                 |    3|   0|    3|          0|
    |tmp_2471_reg_333416                 |    2|   0|    2|          0|
    |tmp_2472_reg_333421                 |    3|   0|    3|          0|
    |tmp_2473_reg_333438                 |    2|   0|    2|          0|
    |tmp_2474_reg_333443                 |    3|   0|    3|          0|
    |tmp_2475_reg_333460                 |    2|   0|    2|          0|
    |tmp_2476_reg_333465                 |    3|   0|    3|          0|
    |tmp_2477_reg_333482                 |    2|   0|    2|          0|
    |tmp_2478_reg_333487                 |    3|   0|    3|          0|
    |tmp_2479_reg_333504                 |    2|   0|    2|          0|
    |tmp_2480_reg_333509                 |    3|   0|    3|          0|
    |tmp_2481_reg_333526                 |    2|   0|    2|          0|
    |tmp_2482_reg_333531                 |    3|   0|    3|          0|
    |tmp_2483_reg_333548                 |    2|   0|    2|          0|
    |tmp_2484_reg_333553                 |    3|   0|    3|          0|
    |tmp_2485_reg_333570                 |    2|   0|    2|          0|
    |tmp_2486_reg_333575                 |    3|   0|    3|          0|
    |tmp_2487_reg_333592                 |    2|   0|    2|          0|
    |tmp_2488_reg_333597                 |    3|   0|    3|          0|
    |tmp_2489_reg_333614                 |    2|   0|    2|          0|
    |tmp_2490_reg_333619                 |    3|   0|    3|          0|
    |tmp_2491_reg_333636                 |    2|   0|    2|          0|
    |tmp_2492_reg_333641                 |    3|   0|    3|          0|
    |tmp_2493_reg_333658                 |    2|   0|    2|          0|
    |tmp_2494_reg_333663                 |    3|   0|    3|          0|
    |tmp_2495_reg_333680                 |    2|   0|    2|          0|
    |tmp_2496_reg_333685                 |    3|   0|    3|          0|
    |tmp_2497_reg_333702                 |    2|   0|    2|          0|
    |tmp_2498_reg_333707                 |    3|   0|    3|          0|
    |tmp_2499_reg_333724                 |    2|   0|    2|          0|
    |tmp_2500_reg_333729                 |    3|   0|    3|          0|
    |tmp_2501_reg_333746                 |    2|   0|    2|          0|
    |tmp_2502_reg_333751                 |    3|   0|    3|          0|
    |tmp_2503_reg_333768                 |    2|   0|    2|          0|
    |tmp_2504_reg_333773                 |    3|   0|    3|          0|
    |tmp_2505_reg_333790                 |    2|   0|    2|          0|
    |tmp_2506_reg_333795                 |    3|   0|    3|          0|
    |tmp_2507_reg_333812                 |    2|   0|    2|          0|
    |tmp_2508_reg_333817                 |    3|   0|    3|          0|
    |tmp_2509_reg_333834                 |    2|   0|    2|          0|
    |tmp_2510_reg_333839                 |    3|   0|    3|          0|
    |tmp_2511_reg_333856                 |    2|   0|    2|          0|
    |tmp_2512_reg_333861                 |    3|   0|    3|          0|
    |tmp_2513_reg_333878                 |    2|   0|    2|          0|
    |tmp_2514_reg_333883                 |    3|   0|    3|          0|
    |tmp_2515_reg_333900                 |    2|   0|    2|          0|
    |tmp_2516_reg_333905                 |    3|   0|    3|          0|
    |tmp_2517_reg_333922                 |    2|   0|    2|          0|
    |tmp_2518_reg_333927                 |    3|   0|    3|          0|
    |tmp_2519_reg_333944                 |    2|   0|    2|          0|
    |tmp_2520_reg_333949                 |    3|   0|    3|          0|
    |tmp_2521_reg_333966                 |    2|   0|    2|          0|
    |tmp_2522_reg_333971                 |    3|   0|    3|          0|
    |tmp_2523_reg_333988                 |    2|   0|    2|          0|
    |tmp_2524_reg_333993                 |    3|   0|    3|          0|
    |tmp_2525_reg_334010                 |    2|   0|    2|          0|
    |tmp_2526_reg_334015                 |    3|   0|    3|          0|
    |tmp_2527_reg_334032                 |    2|   0|    2|          0|
    |tmp_2528_reg_334037                 |    3|   0|    3|          0|
    |tmp_2529_reg_334054                 |    2|   0|    2|          0|
    |tmp_2530_reg_334059                 |    3|   0|    3|          0|
    |tmp_2531_reg_334076                 |    2|   0|    2|          0|
    |tmp_2532_reg_334081                 |    3|   0|    3|          0|
    |tmp_2533_reg_334098                 |    2|   0|    2|          0|
    |tmp_2534_reg_334103                 |    3|   0|    3|          0|
    |tmp_2535_reg_334120                 |    2|   0|    2|          0|
    |tmp_2536_reg_334125                 |    3|   0|    3|          0|
    |tmp_2537_reg_334142                 |    2|   0|    2|          0|
    |tmp_2538_reg_334147                 |    3|   0|    3|          0|
    |tmp_2539_reg_334164                 |    2|   0|    2|          0|
    |tmp_2540_reg_334169                 |    3|   0|    3|          0|
    |tmp_2541_reg_334186                 |    2|   0|    2|          0|
    |tmp_2542_reg_334191                 |    3|   0|    3|          0|
    |tmp_2543_reg_334208                 |    2|   0|    2|          0|
    |tmp_2544_reg_334213                 |    3|   0|    3|          0|
    |tmp_2545_reg_334230                 |    2|   0|    2|          0|
    |tmp_2546_reg_334235                 |    3|   0|    3|          0|
    |tmp_2547_reg_334252                 |    2|   0|    2|          0|
    |tmp_2548_reg_334257                 |    3|   0|    3|          0|
    |tmp_2549_reg_334274                 |    2|   0|    2|          0|
    |tmp_2550_reg_334279                 |    3|   0|    3|          0|
    |tmp_2551_reg_334296                 |    2|   0|    2|          0|
    |tmp_2552_reg_334301                 |    3|   0|    3|          0|
    |tmp_2553_reg_334318                 |    2|   0|    2|          0|
    |tmp_2554_reg_334323                 |    3|   0|    3|          0|
    |tmp_2555_reg_334340                 |    2|   0|    2|          0|
    |tmp_2556_reg_334345                 |    3|   0|    3|          0|
    |tmp_2557_reg_334362                 |    2|   0|    2|          0|
    |tmp_2558_reg_334367                 |    3|   0|    3|          0|
    |tmp_2559_reg_334384                 |    2|   0|    2|          0|
    |tmp_2560_reg_334389                 |    3|   0|    3|          0|
    |tmp_reg_328763                      |    1|   0|    1|          0|
    |tmp_reg_328763_pp0_iter1_reg        |    1|   0|    1|          0|
    |trunc_ln59_1276_reg_328791          |    5|   0|    5|          0|
    |trunc_ln59_1277_reg_328813          |    5|   0|    5|          0|
    |trunc_ln59_1278_reg_328835          |    5|   0|    5|          0|
    |trunc_ln59_1279_reg_328857          |    5|   0|    5|          0|
    |trunc_ln59_1280_reg_328879          |    5|   0|    5|          0|
    |trunc_ln59_1281_reg_328901          |    5|   0|    5|          0|
    |trunc_ln59_1282_reg_328923          |    5|   0|    5|          0|
    |trunc_ln59_1283_reg_328945          |    5|   0|    5|          0|
    |trunc_ln59_1284_reg_328967          |    5|   0|    5|          0|
    |trunc_ln59_1285_reg_328989          |    5|   0|    5|          0|
    |trunc_ln59_1286_reg_329011          |    5|   0|    5|          0|
    |trunc_ln59_1287_reg_329033          |    5|   0|    5|          0|
    |trunc_ln59_1288_reg_329055          |    5|   0|    5|          0|
    |trunc_ln59_1289_reg_329077          |    5|   0|    5|          0|
    |trunc_ln59_1290_reg_329099          |    5|   0|    5|          0|
    |trunc_ln59_1291_reg_329121          |    5|   0|    5|          0|
    |trunc_ln59_1292_reg_329143          |    5|   0|    5|          0|
    |trunc_ln59_1293_reg_329165          |    5|   0|    5|          0|
    |trunc_ln59_1294_reg_329187          |    5|   0|    5|          0|
    |trunc_ln59_1295_reg_329209          |    5|   0|    5|          0|
    |trunc_ln59_1296_reg_329231          |    5|   0|    5|          0|
    |trunc_ln59_1297_reg_329253          |    5|   0|    5|          0|
    |trunc_ln59_1298_reg_329275          |    5|   0|    5|          0|
    |trunc_ln59_1299_reg_329297          |    5|   0|    5|          0|
    |trunc_ln59_1300_reg_329319          |    5|   0|    5|          0|
    |trunc_ln59_1301_reg_329341          |    5|   0|    5|          0|
    |trunc_ln59_1302_reg_329363          |    5|   0|    5|          0|
    |trunc_ln59_1303_reg_329385          |    5|   0|    5|          0|
    |trunc_ln59_1304_reg_329407          |    5|   0|    5|          0|
    |trunc_ln59_1305_reg_329429          |    5|   0|    5|          0|
    |trunc_ln59_1306_reg_329451          |    5|   0|    5|          0|
    |trunc_ln59_1307_reg_329473          |    5|   0|    5|          0|
    |trunc_ln59_1308_reg_329495          |    5|   0|    5|          0|
    |trunc_ln59_1309_reg_329517          |    5|   0|    5|          0|
    |trunc_ln59_1310_reg_329539          |    5|   0|    5|          0|
    |trunc_ln59_1311_reg_329561          |    5|   0|    5|          0|
    |trunc_ln59_1312_reg_329583          |    5|   0|    5|          0|
    |trunc_ln59_1313_reg_329605          |    5|   0|    5|          0|
    |trunc_ln59_1314_reg_329627          |    5|   0|    5|          0|
    |trunc_ln59_1315_reg_329649          |    5|   0|    5|          0|
    |trunc_ln59_1316_reg_329671          |    5|   0|    5|          0|
    |trunc_ln59_1317_reg_329693          |    5|   0|    5|          0|
    |trunc_ln59_1318_reg_329715          |    5|   0|    5|          0|
    |trunc_ln59_1319_reg_329737          |    5|   0|    5|          0|
    |trunc_ln59_1320_reg_329759          |    5|   0|    5|          0|
    |trunc_ln59_1321_reg_329781          |    5|   0|    5|          0|
    |trunc_ln59_1322_reg_329803          |    5|   0|    5|          0|
    |trunc_ln59_1323_reg_329825          |    5|   0|    5|          0|
    |trunc_ln59_1324_reg_329847          |    5|   0|    5|          0|
    |trunc_ln59_1325_reg_329869          |    5|   0|    5|          0|
    |trunc_ln59_1326_reg_329891          |    5|   0|    5|          0|
    |trunc_ln59_1327_reg_329913          |    5|   0|    5|          0|
    |trunc_ln59_1328_reg_329935          |    5|   0|    5|          0|
    |trunc_ln59_1329_reg_329957          |    5|   0|    5|          0|
    |trunc_ln59_1330_reg_329979          |    5|   0|    5|          0|
    |trunc_ln59_1331_reg_330001          |    5|   0|    5|          0|
    |trunc_ln59_1332_reg_330023          |    5|   0|    5|          0|
    |trunc_ln59_1333_reg_330045          |    5|   0|    5|          0|
    |trunc_ln59_1334_reg_330067          |    5|   0|    5|          0|
    |trunc_ln59_1335_reg_330089          |    5|   0|    5|          0|
    |trunc_ln59_1336_reg_330111          |    5|   0|    5|          0|
    |trunc_ln59_1337_reg_330133          |    5|   0|    5|          0|
    |trunc_ln59_1338_reg_330155          |    5|   0|    5|          0|
    |trunc_ln59_1339_reg_330177          |    5|   0|    5|          0|
    |trunc_ln59_1340_reg_330199          |    5|   0|    5|          0|
    |trunc_ln59_1341_reg_330221          |    5|   0|    5|          0|
    |trunc_ln59_1342_reg_330243          |    5|   0|    5|          0|
    |trunc_ln59_1343_reg_330265          |    5|   0|    5|          0|
    |trunc_ln59_1344_reg_330287          |    5|   0|    5|          0|
    |trunc_ln59_1345_reg_330309          |    5|   0|    5|          0|
    |trunc_ln59_1346_reg_330331          |    5|   0|    5|          0|
    |trunc_ln59_1347_reg_330353          |    5|   0|    5|          0|
    |trunc_ln59_1348_reg_330375          |    5|   0|    5|          0|
    |trunc_ln59_1349_reg_330397          |    5|   0|    5|          0|
    |trunc_ln59_1350_reg_330419          |    5|   0|    5|          0|
    |trunc_ln59_1351_reg_330441          |    5|   0|    5|          0|
    |trunc_ln59_1352_reg_330463          |    5|   0|    5|          0|
    |trunc_ln59_1353_reg_330485          |    5|   0|    5|          0|
    |trunc_ln59_1354_reg_330507          |    5|   0|    5|          0|
    |trunc_ln59_1355_reg_330529          |    5|   0|    5|          0|
    |trunc_ln59_1356_reg_330551          |    5|   0|    5|          0|
    |trunc_ln59_1357_reg_330573          |    5|   0|    5|          0|
    |trunc_ln59_1358_reg_330595          |    5|   0|    5|          0|
    |trunc_ln59_1359_reg_330617          |    5|   0|    5|          0|
    |trunc_ln59_1360_reg_330639          |    5|   0|    5|          0|
    |trunc_ln59_1361_reg_330661          |    5|   0|    5|          0|
    |trunc_ln59_1362_reg_330683          |    5|   0|    5|          0|
    |trunc_ln59_1363_reg_330705          |    5|   0|    5|          0|
    |trunc_ln59_1364_reg_330727          |    5|   0|    5|          0|
    |trunc_ln59_1365_reg_330749          |    5|   0|    5|          0|
    |trunc_ln59_1366_reg_330771          |    5|   0|    5|          0|
    |trunc_ln59_1367_reg_330793          |    5|   0|    5|          0|
    |trunc_ln59_1368_reg_330815          |    5|   0|    5|          0|
    |trunc_ln59_1369_reg_330837          |    5|   0|    5|          0|
    |trunc_ln59_1370_reg_330859          |    5|   0|    5|          0|
    |trunc_ln59_1371_reg_330881          |    5|   0|    5|          0|
    |trunc_ln59_1372_reg_330903          |    5|   0|    5|          0|
    |trunc_ln59_1373_reg_330925          |    5|   0|    5|          0|
    |trunc_ln59_1374_reg_330947          |    5|   0|    5|          0|
    |trunc_ln59_1375_reg_330969          |    5|   0|    5|          0|
    |trunc_ln59_1376_reg_330991          |    5|   0|    5|          0|
    |trunc_ln59_1377_reg_331013          |    5|   0|    5|          0|
    |trunc_ln59_1378_reg_331035          |    5|   0|    5|          0|
    |trunc_ln59_1379_reg_331057          |    5|   0|    5|          0|
    |trunc_ln59_1380_reg_331079          |    5|   0|    5|          0|
    |trunc_ln59_1381_reg_331101          |    5|   0|    5|          0|
    |trunc_ln59_1382_reg_331123          |    5|   0|    5|          0|
    |trunc_ln59_1383_reg_331145          |    5|   0|    5|          0|
    |trunc_ln59_1384_reg_331167          |    5|   0|    5|          0|
    |trunc_ln59_1385_reg_331189          |    5|   0|    5|          0|
    |trunc_ln59_1386_reg_331211          |    5|   0|    5|          0|
    |trunc_ln59_1387_reg_331233          |    5|   0|    5|          0|
    |trunc_ln59_1388_reg_331255          |    5|   0|    5|          0|
    |trunc_ln59_1389_reg_331277          |    5|   0|    5|          0|
    |trunc_ln59_1390_reg_331299          |    5|   0|    5|          0|
    |trunc_ln59_1391_reg_331321          |    5|   0|    5|          0|
    |trunc_ln59_1392_reg_331343          |    5|   0|    5|          0|
    |trunc_ln59_1393_reg_331365          |    5|   0|    5|          0|
    |trunc_ln59_1394_reg_331387          |    5|   0|    5|          0|
    |trunc_ln59_1395_reg_331409          |    5|   0|    5|          0|
    |trunc_ln59_1396_reg_331431          |    5|   0|    5|          0|
    |trunc_ln59_1397_reg_331453          |    5|   0|    5|          0|
    |trunc_ln59_1398_reg_331475          |    5|   0|    5|          0|
    |trunc_ln59_1399_reg_331497          |    5|   0|    5|          0|
    |trunc_ln59_1400_reg_331519          |    5|   0|    5|          0|
    |trunc_ln59_1401_reg_331541          |    5|   0|    5|          0|
    |trunc_ln59_1402_reg_331563          |    5|   0|    5|          0|
    |trunc_ln59_1403_reg_331585          |    5|   0|    5|          0|
    |trunc_ln59_1404_reg_331607          |    5|   0|    5|          0|
    |trunc_ln59_1405_reg_331629          |    5|   0|    5|          0|
    |trunc_ln59_1406_reg_331651          |    5|   0|    5|          0|
    |trunc_ln59_1407_reg_331673          |    5|   0|    5|          0|
    |trunc_ln59_1408_reg_331695          |    5|   0|    5|          0|
    |trunc_ln59_1409_reg_331717          |    5|   0|    5|          0|
    |trunc_ln59_1410_reg_331739          |    5|   0|    5|          0|
    |trunc_ln59_1411_reg_331761          |    5|   0|    5|          0|
    |trunc_ln59_1412_reg_331783          |    5|   0|    5|          0|
    |trunc_ln59_1413_reg_331805          |    5|   0|    5|          0|
    |trunc_ln59_1414_reg_331827          |    5|   0|    5|          0|
    |trunc_ln59_1415_reg_331849          |    5|   0|    5|          0|
    |trunc_ln59_1416_reg_331871          |    5|   0|    5|          0|
    |trunc_ln59_1417_reg_331893          |    5|   0|    5|          0|
    |trunc_ln59_1418_reg_331915          |    5|   0|    5|          0|
    |trunc_ln59_1419_reg_331937          |    5|   0|    5|          0|
    |trunc_ln59_1420_reg_331959          |    5|   0|    5|          0|
    |trunc_ln59_1421_reg_331981          |    5|   0|    5|          0|
    |trunc_ln59_1422_reg_332003          |    5|   0|    5|          0|
    |trunc_ln59_1423_reg_332025          |    5|   0|    5|          0|
    |trunc_ln59_1424_reg_332047          |    5|   0|    5|          0|
    |trunc_ln59_1425_reg_332069          |    5|   0|    5|          0|
    |trunc_ln59_1426_reg_332091          |    5|   0|    5|          0|
    |trunc_ln59_1427_reg_332113          |    5|   0|    5|          0|
    |trunc_ln59_1428_reg_332135          |    5|   0|    5|          0|
    |trunc_ln59_1429_reg_332157          |    5|   0|    5|          0|
    |trunc_ln59_1430_reg_332179          |    5|   0|    5|          0|
    |trunc_ln59_1431_reg_332201          |    5|   0|    5|          0|
    |trunc_ln59_1432_reg_332223          |    5|   0|    5|          0|
    |trunc_ln59_1433_reg_332245          |    5|   0|    5|          0|
    |trunc_ln59_1434_reg_332267          |    5|   0|    5|          0|
    |trunc_ln59_1435_reg_332289          |    5|   0|    5|          0|
    |trunc_ln59_1436_reg_332311          |    5|   0|    5|          0|
    |trunc_ln59_1437_reg_332333          |    5|   0|    5|          0|
    |trunc_ln59_1438_reg_332355          |    5|   0|    5|          0|
    |trunc_ln59_1439_reg_332377          |    5|   0|    5|          0|
    |trunc_ln59_1440_reg_332399          |    5|   0|    5|          0|
    |trunc_ln59_1441_reg_332421          |    5|   0|    5|          0|
    |trunc_ln59_1442_reg_332443          |    5|   0|    5|          0|
    |trunc_ln59_1443_reg_332465          |    5|   0|    5|          0|
    |trunc_ln59_1444_reg_332487          |    5|   0|    5|          0|
    |trunc_ln59_1445_reg_332509          |    5|   0|    5|          0|
    |trunc_ln59_1446_reg_332531          |    5|   0|    5|          0|
    |trunc_ln59_1447_reg_332553          |    5|   0|    5|          0|
    |trunc_ln59_1448_reg_332575          |    5|   0|    5|          0|
    |trunc_ln59_1449_reg_332597          |    5|   0|    5|          0|
    |trunc_ln59_1450_reg_332619          |    5|   0|    5|          0|
    |trunc_ln59_1451_reg_332641          |    5|   0|    5|          0|
    |trunc_ln59_1452_reg_332663          |    5|   0|    5|          0|
    |trunc_ln59_1453_reg_332685          |    5|   0|    5|          0|
    |trunc_ln59_1454_reg_332707          |    5|   0|    5|          0|
    |trunc_ln59_1455_reg_332729          |    5|   0|    5|          0|
    |trunc_ln59_1456_reg_332751          |    5|   0|    5|          0|
    |trunc_ln59_1457_reg_332773          |    5|   0|    5|          0|
    |trunc_ln59_1458_reg_332795          |    5|   0|    5|          0|
    |trunc_ln59_1459_reg_332817          |    5|   0|    5|          0|
    |trunc_ln59_1460_reg_332839          |    5|   0|    5|          0|
    |trunc_ln59_1461_reg_332861          |    5|   0|    5|          0|
    |trunc_ln59_1462_reg_332883          |    5|   0|    5|          0|
    |trunc_ln59_1463_reg_332905          |    5|   0|    5|          0|
    |trunc_ln59_1464_reg_332927          |    5|   0|    5|          0|
    |trunc_ln59_1465_reg_332949          |    5|   0|    5|          0|
    |trunc_ln59_1466_reg_332971          |    5|   0|    5|          0|
    |trunc_ln59_1467_reg_332993          |    5|   0|    5|          0|
    |trunc_ln59_1468_reg_333015          |    5|   0|    5|          0|
    |trunc_ln59_1469_reg_333037          |    5|   0|    5|          0|
    |trunc_ln59_1470_reg_333059          |    5|   0|    5|          0|
    |trunc_ln59_1471_reg_333081          |    5|   0|    5|          0|
    |trunc_ln59_1472_reg_333103          |    5|   0|    5|          0|
    |trunc_ln59_1473_reg_333125          |    5|   0|    5|          0|
    |trunc_ln59_1474_reg_333147          |    5|   0|    5|          0|
    |trunc_ln59_1475_reg_333169          |    5|   0|    5|          0|
    |trunc_ln59_1476_reg_333191          |    5|   0|    5|          0|
    |trunc_ln59_1477_reg_333213          |    5|   0|    5|          0|
    |trunc_ln59_1478_reg_333235          |    5|   0|    5|          0|
    |trunc_ln59_1479_reg_333257          |    5|   0|    5|          0|
    |trunc_ln59_1480_reg_333279          |    5|   0|    5|          0|
    |trunc_ln59_1481_reg_333301          |    5|   0|    5|          0|
    |trunc_ln59_1482_reg_333323          |    5|   0|    5|          0|
    |trunc_ln59_1483_reg_333345          |    5|   0|    5|          0|
    |trunc_ln59_1484_reg_333367          |    5|   0|    5|          0|
    |trunc_ln59_1485_reg_333389          |    5|   0|    5|          0|
    |trunc_ln59_1486_reg_333411          |    5|   0|    5|          0|
    |trunc_ln59_1487_reg_333433          |    5|   0|    5|          0|
    |trunc_ln59_1488_reg_333455          |    5|   0|    5|          0|
    |trunc_ln59_1489_reg_333477          |    5|   0|    5|          0|
    |trunc_ln59_1490_reg_333499          |    5|   0|    5|          0|
    |trunc_ln59_1491_reg_333521          |    5|   0|    5|          0|
    |trunc_ln59_1492_reg_333543          |    5|   0|    5|          0|
    |trunc_ln59_1493_reg_333565          |    5|   0|    5|          0|
    |trunc_ln59_1494_reg_333587          |    5|   0|    5|          0|
    |trunc_ln59_1495_reg_333609          |    5|   0|    5|          0|
    |trunc_ln59_1496_reg_333631          |    5|   0|    5|          0|
    |trunc_ln59_1497_reg_333653          |    5|   0|    5|          0|
    |trunc_ln59_1498_reg_333675          |    5|   0|    5|          0|
    |trunc_ln59_1499_reg_333697          |    5|   0|    5|          0|
    |trunc_ln59_1500_reg_333719          |    5|   0|    5|          0|
    |trunc_ln59_1501_reg_333741          |    5|   0|    5|          0|
    |trunc_ln59_1502_reg_333763          |    5|   0|    5|          0|
    |trunc_ln59_1503_reg_333785          |    5|   0|    5|          0|
    |trunc_ln59_1504_reg_333807          |    5|   0|    5|          0|
    |trunc_ln59_1505_reg_333829          |    5|   0|    5|          0|
    |trunc_ln59_1506_reg_333851          |    5|   0|    5|          0|
    |trunc_ln59_1507_reg_333873          |    5|   0|    5|          0|
    |trunc_ln59_1508_reg_333895          |    5|   0|    5|          0|
    |trunc_ln59_1509_reg_333917          |    5|   0|    5|          0|
    |trunc_ln59_1510_reg_333939          |    5|   0|    5|          0|
    |trunc_ln59_1511_reg_333961          |    5|   0|    5|          0|
    |trunc_ln59_1512_reg_333983          |    5|   0|    5|          0|
    |trunc_ln59_1513_reg_334005          |    5|   0|    5|          0|
    |trunc_ln59_1514_reg_334027          |    5|   0|    5|          0|
    |trunc_ln59_1515_reg_334049          |    5|   0|    5|          0|
    |trunc_ln59_1516_reg_334071          |    5|   0|    5|          0|
    |trunc_ln59_1517_reg_334093          |    5|   0|    5|          0|
    |trunc_ln59_1518_reg_334115          |    5|   0|    5|          0|
    |trunc_ln59_1519_reg_334137          |    5|   0|    5|          0|
    |trunc_ln59_1520_reg_334159          |    5|   0|    5|          0|
    |trunc_ln59_1521_reg_334181          |    5|   0|    5|          0|
    |trunc_ln59_1522_reg_334203          |    5|   0|    5|          0|
    |trunc_ln59_1523_reg_334225          |    5|   0|    5|          0|
    |trunc_ln59_1524_reg_334247          |    5|   0|    5|          0|
    |trunc_ln59_1525_reg_334269          |    5|   0|    5|          0|
    |trunc_ln59_1526_reg_334291          |    5|   0|    5|          0|
    |trunc_ln59_1527_reg_334313          |    5|   0|    5|          0|
    |trunc_ln59_1528_reg_334335          |    5|   0|    5|          0|
    |trunc_ln59_1529_reg_334357          |    5|   0|    5|          0|
    |trunc_ln59_1530_reg_334379          |    5|   0|    5|          0|
    |trunc_ln59_reg_328769               |    5|   0|    5|          0|
    +------------------------------------+-----+----+-----+-----------+
    |Total                               |11777|   0|11777|          0|
    +------------------------------------+-----+----+-----+-----------+



================================================================
== Interface
================================================================
* Summary: 
+---------------+-----+-----+------------+-----------------------------------------------------------------------+--------------+
|   RTL Ports   | Dir | Bits|  Protocol  |                             Source Object                             |    C Type    |
+---------------+-----+-----+------------+-----------------------------------------------------------------------+--------------+
|ap_clk         |   in|    1|  ap_ctrl_hs|  normalize<ap_fixed<9, 7, 4, 0, 0>, ap_fixed<4, 2, 4, 0, 0>, config11>|  return value|
|ap_rst         |   in|    1|  ap_ctrl_hs|  normalize<ap_fixed<9, 7, 4, 0, 0>, ap_fixed<4, 2, 4, 0, 0>, config11>|  return value|
|ap_return_0    |  out|    4|  ap_ctrl_hs|  normalize<ap_fixed<9, 7, 4, 0, 0>, ap_fixed<4, 2, 4, 0, 0>, config11>|  return value|
|ap_return_1    |  out|    4|  ap_ctrl_hs|  normalize<ap_fixed<9, 7, 4, 0, 0>, ap_fixed<4, 2, 4, 0, 0>, config11>|  return value|
|ap_return_2    |  out|    4|  ap_ctrl_hs|  normalize<ap_fixed<9, 7, 4, 0, 0>, ap_fixed<4, 2, 4, 0, 0>, config11>|  return value|
|ap_return_3    |  out|    4|  ap_ctrl_hs|  normalize<ap_fixed<9, 7, 4, 0, 0>, ap_fixed<4, 2, 4, 0, 0>, config11>|  return value|
|ap_return_4    |  out|    4|  ap_ctrl_hs|  normalize<ap_fixed<9, 7, 4, 0, 0>, ap_fixed<4, 2, 4, 0, 0>, config11>|  return value|
|ap_return_5    |  out|    4|  ap_ctrl_hs|  normalize<ap_fixed<9, 7, 4, 0, 0>, ap_fixed<4, 2, 4, 0, 0>, config11>|  return value|
|ap_return_6    |  out|    4|  ap_ctrl_hs|  normalize<ap_fixed<9, 7, 4, 0, 0>, ap_fixed<4, 2, 4, 0, 0>, config11>|  return value|
|ap_return_7    |  out|    4|  ap_ctrl_hs|  normalize<ap_fixed<9, 7, 4, 0, 0>, ap_fixed<4, 2, 4, 0, 0>, config11>|  return value|
|ap_return_8    |  out|    4|  ap_ctrl_hs|  normalize<ap_fixed<9, 7, 4, 0, 0>, ap_fixed<4, 2, 4, 0, 0>, config11>|  return value|
|ap_return_9    |  out|    4|  ap_ctrl_hs|  normalize<ap_fixed<9, 7, 4, 0, 0>, ap_fixed<4, 2, 4, 0, 0>, config11>|  return value|
|ap_return_10   |  out|    4|  ap_ctrl_hs|  normalize<ap_fixed<9, 7, 4, 0, 0>, ap_fixed<4, 2, 4, 0, 0>, config11>|  return value|
|ap_return_11   |  out|    4|  ap_ctrl_hs|  normalize<ap_fixed<9, 7, 4, 0, 0>, ap_fixed<4, 2, 4, 0, 0>, config11>|  return value|
|ap_return_12   |  out|    4|  ap_ctrl_hs|  normalize<ap_fixed<9, 7, 4, 0, 0>, ap_fixed<4, 2, 4, 0, 0>, config11>|  return value|
|ap_return_13   |  out|    4|  ap_ctrl_hs|  normalize<ap_fixed<9, 7, 4, 0, 0>, ap_fixed<4, 2, 4, 0, 0>, config11>|  return value|
|ap_return_14   |  out|    4|  ap_ctrl_hs|  normalize<ap_fixed<9, 7, 4, 0, 0>, ap_fixed<4, 2, 4, 0, 0>, config11>|  return value|
|ap_return_15   |  out|    4|  ap_ctrl_hs|  normalize<ap_fixed<9, 7, 4, 0, 0>, ap_fixed<4, 2, 4, 0, 0>, config11>|  return value|
|ap_return_16   |  out|    4|  ap_ctrl_hs|  normalize<ap_fixed<9, 7, 4, 0, 0>, ap_fixed<4, 2, 4, 0, 0>, config11>|  return value|
|ap_return_17   |  out|    4|  ap_ctrl_hs|  normalize<ap_fixed<9, 7, 4, 0, 0>, ap_fixed<4, 2, 4, 0, 0>, config11>|  return value|
|ap_return_18   |  out|    4|  ap_ctrl_hs|  normalize<ap_fixed<9, 7, 4, 0, 0>, ap_fixed<4, 2, 4, 0, 0>, config11>|  return value|
|ap_return_19   |  out|    4|  ap_ctrl_hs|  normalize<ap_fixed<9, 7, 4, 0, 0>, ap_fixed<4, 2, 4, 0, 0>, config11>|  return value|
|ap_return_20   |  out|    4|  ap_ctrl_hs|  normalize<ap_fixed<9, 7, 4, 0, 0>, ap_fixed<4, 2, 4, 0, 0>, config11>|  return value|
|ap_return_21   |  out|    4|  ap_ctrl_hs|  normalize<ap_fixed<9, 7, 4, 0, 0>, ap_fixed<4, 2, 4, 0, 0>, config11>|  return value|
|ap_return_22   |  out|    4|  ap_ctrl_hs|  normalize<ap_fixed<9, 7, 4, 0, 0>, ap_fixed<4, 2, 4, 0, 0>, config11>|  return value|
|ap_return_23   |  out|    4|  ap_ctrl_hs|  normalize<ap_fixed<9, 7, 4, 0, 0>, ap_fixed<4, 2, 4, 0, 0>, config11>|  return value|
|ap_return_24   |  out|    4|  ap_ctrl_hs|  normalize<ap_fixed<9, 7, 4, 0, 0>, ap_fixed<4, 2, 4, 0, 0>, config11>|  return value|
|ap_return_25   |  out|    4|  ap_ctrl_hs|  normalize<ap_fixed<9, 7, 4, 0, 0>, ap_fixed<4, 2, 4, 0, 0>, config11>|  return value|
|ap_return_26   |  out|    4|  ap_ctrl_hs|  normalize<ap_fixed<9, 7, 4, 0, 0>, ap_fixed<4, 2, 4, 0, 0>, config11>|  return value|
|ap_return_27   |  out|    4|  ap_ctrl_hs|  normalize<ap_fixed<9, 7, 4, 0, 0>, ap_fixed<4, 2, 4, 0, 0>, config11>|  return value|
|ap_return_28   |  out|    4|  ap_ctrl_hs|  normalize<ap_fixed<9, 7, 4, 0, 0>, ap_fixed<4, 2, 4, 0, 0>, config11>|  return value|
|ap_return_29   |  out|    4|  ap_ctrl_hs|  normalize<ap_fixed<9, 7, 4, 0, 0>, ap_fixed<4, 2, 4, 0, 0>, config11>|  return value|
|ap_return_30   |  out|    4|  ap_ctrl_hs|  normalize<ap_fixed<9, 7, 4, 0, 0>, ap_fixed<4, 2, 4, 0, 0>, config11>|  return value|
|ap_return_31   |  out|    4|  ap_ctrl_hs|  normalize<ap_fixed<9, 7, 4, 0, 0>, ap_fixed<4, 2, 4, 0, 0>, config11>|  return value|
|ap_return_32   |  out|    4|  ap_ctrl_hs|  normalize<ap_fixed<9, 7, 4, 0, 0>, ap_fixed<4, 2, 4, 0, 0>, config11>|  return value|
|ap_return_33   |  out|    4|  ap_ctrl_hs|  normalize<ap_fixed<9, 7, 4, 0, 0>, ap_fixed<4, 2, 4, 0, 0>, config11>|  return value|
|ap_return_34   |  out|    4|  ap_ctrl_hs|  normalize<ap_fixed<9, 7, 4, 0, 0>, ap_fixed<4, 2, 4, 0, 0>, config11>|  return value|
|ap_return_35   |  out|    4|  ap_ctrl_hs|  normalize<ap_fixed<9, 7, 4, 0, 0>, ap_fixed<4, 2, 4, 0, 0>, config11>|  return value|
|ap_return_36   |  out|    4|  ap_ctrl_hs|  normalize<ap_fixed<9, 7, 4, 0, 0>, ap_fixed<4, 2, 4, 0, 0>, config11>|  return value|
|ap_return_37   |  out|    4|  ap_ctrl_hs|  normalize<ap_fixed<9, 7, 4, 0, 0>, ap_fixed<4, 2, 4, 0, 0>, config11>|  return value|
|ap_return_38   |  out|    4|  ap_ctrl_hs|  normalize<ap_fixed<9, 7, 4, 0, 0>, ap_fixed<4, 2, 4, 0, 0>, config11>|  return value|
|ap_return_39   |  out|    4|  ap_ctrl_hs|  normalize<ap_fixed<9, 7, 4, 0, 0>, ap_fixed<4, 2, 4, 0, 0>, config11>|  return value|
|ap_return_40   |  out|    4|  ap_ctrl_hs|  normalize<ap_fixed<9, 7, 4, 0, 0>, ap_fixed<4, 2, 4, 0, 0>, config11>|  return value|
|ap_return_41   |  out|    4|  ap_ctrl_hs|  normalize<ap_fixed<9, 7, 4, 0, 0>, ap_fixed<4, 2, 4, 0, 0>, config11>|  return value|
|ap_return_42   |  out|    4|  ap_ctrl_hs|  normalize<ap_fixed<9, 7, 4, 0, 0>, ap_fixed<4, 2, 4, 0, 0>, config11>|  return value|
|ap_return_43   |  out|    4|  ap_ctrl_hs|  normalize<ap_fixed<9, 7, 4, 0, 0>, ap_fixed<4, 2, 4, 0, 0>, config11>|  return value|
|ap_return_44   |  out|    4|  ap_ctrl_hs|  normalize<ap_fixed<9, 7, 4, 0, 0>, ap_fixed<4, 2, 4, 0, 0>, config11>|  return value|
|ap_return_45   |  out|    4|  ap_ctrl_hs|  normalize<ap_fixed<9, 7, 4, 0, 0>, ap_fixed<4, 2, 4, 0, 0>, config11>|  return value|
|ap_return_46   |  out|    4|  ap_ctrl_hs|  normalize<ap_fixed<9, 7, 4, 0, 0>, ap_fixed<4, 2, 4, 0, 0>, config11>|  return value|
|ap_return_47   |  out|    4|  ap_ctrl_hs|  normalize<ap_fixed<9, 7, 4, 0, 0>, ap_fixed<4, 2, 4, 0, 0>, config11>|  return value|
|ap_return_48   |  out|    4|  ap_ctrl_hs|  normalize<ap_fixed<9, 7, 4, 0, 0>, ap_fixed<4, 2, 4, 0, 0>, config11>|  return value|
|ap_return_49   |  out|    4|  ap_ctrl_hs|  normalize<ap_fixed<9, 7, 4, 0, 0>, ap_fixed<4, 2, 4, 0, 0>, config11>|  return value|
|ap_return_50   |  out|    4|  ap_ctrl_hs|  normalize<ap_fixed<9, 7, 4, 0, 0>, ap_fixed<4, 2, 4, 0, 0>, config11>|  return value|
|ap_return_51   |  out|    4|  ap_ctrl_hs|  normalize<ap_fixed<9, 7, 4, 0, 0>, ap_fixed<4, 2, 4, 0, 0>, config11>|  return value|
|ap_return_52   |  out|    4|  ap_ctrl_hs|  normalize<ap_fixed<9, 7, 4, 0, 0>, ap_fixed<4, 2, 4, 0, 0>, config11>|  return value|
|ap_return_53   |  out|    4|  ap_ctrl_hs|  normalize<ap_fixed<9, 7, 4, 0, 0>, ap_fixed<4, 2, 4, 0, 0>, config11>|  return value|
|ap_return_54   |  out|    4|  ap_ctrl_hs|  normalize<ap_fixed<9, 7, 4, 0, 0>, ap_fixed<4, 2, 4, 0, 0>, config11>|  return value|
|ap_return_55   |  out|    4|  ap_ctrl_hs|  normalize<ap_fixed<9, 7, 4, 0, 0>, ap_fixed<4, 2, 4, 0, 0>, config11>|  return value|
|ap_return_56   |  out|    4|  ap_ctrl_hs|  normalize<ap_fixed<9, 7, 4, 0, 0>, ap_fixed<4, 2, 4, 0, 0>, config11>|  return value|
|ap_return_57   |  out|    4|  ap_ctrl_hs|  normalize<ap_fixed<9, 7, 4, 0, 0>, ap_fixed<4, 2, 4, 0, 0>, config11>|  return value|
|ap_return_58   |  out|    4|  ap_ctrl_hs|  normalize<ap_fixed<9, 7, 4, 0, 0>, ap_fixed<4, 2, 4, 0, 0>, config11>|  return value|
|ap_return_59   |  out|    4|  ap_ctrl_hs|  normalize<ap_fixed<9, 7, 4, 0, 0>, ap_fixed<4, 2, 4, 0, 0>, config11>|  return value|
|ap_return_60   |  out|    4|  ap_ctrl_hs|  normalize<ap_fixed<9, 7, 4, 0, 0>, ap_fixed<4, 2, 4, 0, 0>, config11>|  return value|
|ap_return_61   |  out|    4|  ap_ctrl_hs|  normalize<ap_fixed<9, 7, 4, 0, 0>, ap_fixed<4, 2, 4, 0, 0>, config11>|  return value|
|ap_return_62   |  out|    4|  ap_ctrl_hs|  normalize<ap_fixed<9, 7, 4, 0, 0>, ap_fixed<4, 2, 4, 0, 0>, config11>|  return value|
|ap_return_63   |  out|    4|  ap_ctrl_hs|  normalize<ap_fixed<9, 7, 4, 0, 0>, ap_fixed<4, 2, 4, 0, 0>, config11>|  return value|
|ap_return_64   |  out|    4|  ap_ctrl_hs|  normalize<ap_fixed<9, 7, 4, 0, 0>, ap_fixed<4, 2, 4, 0, 0>, config11>|  return value|
|ap_return_65   |  out|    4|  ap_ctrl_hs|  normalize<ap_fixed<9, 7, 4, 0, 0>, ap_fixed<4, 2, 4, 0, 0>, config11>|  return value|
|ap_return_66   |  out|    4|  ap_ctrl_hs|  normalize<ap_fixed<9, 7, 4, 0, 0>, ap_fixed<4, 2, 4, 0, 0>, config11>|  return value|
|ap_return_67   |  out|    4|  ap_ctrl_hs|  normalize<ap_fixed<9, 7, 4, 0, 0>, ap_fixed<4, 2, 4, 0, 0>, config11>|  return value|
|ap_return_68   |  out|    4|  ap_ctrl_hs|  normalize<ap_fixed<9, 7, 4, 0, 0>, ap_fixed<4, 2, 4, 0, 0>, config11>|  return value|
|ap_return_69   |  out|    4|  ap_ctrl_hs|  normalize<ap_fixed<9, 7, 4, 0, 0>, ap_fixed<4, 2, 4, 0, 0>, config11>|  return value|
|ap_return_70   |  out|    4|  ap_ctrl_hs|  normalize<ap_fixed<9, 7, 4, 0, 0>, ap_fixed<4, 2, 4, 0, 0>, config11>|  return value|
|ap_return_71   |  out|    4|  ap_ctrl_hs|  normalize<ap_fixed<9, 7, 4, 0, 0>, ap_fixed<4, 2, 4, 0, 0>, config11>|  return value|
|ap_return_72   |  out|    4|  ap_ctrl_hs|  normalize<ap_fixed<9, 7, 4, 0, 0>, ap_fixed<4, 2, 4, 0, 0>, config11>|  return value|
|ap_return_73   |  out|    4|  ap_ctrl_hs|  normalize<ap_fixed<9, 7, 4, 0, 0>, ap_fixed<4, 2, 4, 0, 0>, config11>|  return value|
|ap_return_74   |  out|    4|  ap_ctrl_hs|  normalize<ap_fixed<9, 7, 4, 0, 0>, ap_fixed<4, 2, 4, 0, 0>, config11>|  return value|
|ap_return_75   |  out|    4|  ap_ctrl_hs|  normalize<ap_fixed<9, 7, 4, 0, 0>, ap_fixed<4, 2, 4, 0, 0>, config11>|  return value|
|ap_return_76   |  out|    4|  ap_ctrl_hs|  normalize<ap_fixed<9, 7, 4, 0, 0>, ap_fixed<4, 2, 4, 0, 0>, config11>|  return value|
|ap_return_77   |  out|    4|  ap_ctrl_hs|  normalize<ap_fixed<9, 7, 4, 0, 0>, ap_fixed<4, 2, 4, 0, 0>, config11>|  return value|
|ap_return_78   |  out|    4|  ap_ctrl_hs|  normalize<ap_fixed<9, 7, 4, 0, 0>, ap_fixed<4, 2, 4, 0, 0>, config11>|  return value|
|ap_return_79   |  out|    4|  ap_ctrl_hs|  normalize<ap_fixed<9, 7, 4, 0, 0>, ap_fixed<4, 2, 4, 0, 0>, config11>|  return value|
|ap_return_80   |  out|    4|  ap_ctrl_hs|  normalize<ap_fixed<9, 7, 4, 0, 0>, ap_fixed<4, 2, 4, 0, 0>, config11>|  return value|
|ap_return_81   |  out|    4|  ap_ctrl_hs|  normalize<ap_fixed<9, 7, 4, 0, 0>, ap_fixed<4, 2, 4, 0, 0>, config11>|  return value|
|ap_return_82   |  out|    4|  ap_ctrl_hs|  normalize<ap_fixed<9, 7, 4, 0, 0>, ap_fixed<4, 2, 4, 0, 0>, config11>|  return value|
|ap_return_83   |  out|    4|  ap_ctrl_hs|  normalize<ap_fixed<9, 7, 4, 0, 0>, ap_fixed<4, 2, 4, 0, 0>, config11>|  return value|
|ap_return_84   |  out|    4|  ap_ctrl_hs|  normalize<ap_fixed<9, 7, 4, 0, 0>, ap_fixed<4, 2, 4, 0, 0>, config11>|  return value|
|ap_return_85   |  out|    4|  ap_ctrl_hs|  normalize<ap_fixed<9, 7, 4, 0, 0>, ap_fixed<4, 2, 4, 0, 0>, config11>|  return value|
|ap_return_86   |  out|    4|  ap_ctrl_hs|  normalize<ap_fixed<9, 7, 4, 0, 0>, ap_fixed<4, 2, 4, 0, 0>, config11>|  return value|
|ap_return_87   |  out|    4|  ap_ctrl_hs|  normalize<ap_fixed<9, 7, 4, 0, 0>, ap_fixed<4, 2, 4, 0, 0>, config11>|  return value|
|ap_return_88   |  out|    4|  ap_ctrl_hs|  normalize<ap_fixed<9, 7, 4, 0, 0>, ap_fixed<4, 2, 4, 0, 0>, config11>|  return value|
|ap_return_89   |  out|    4|  ap_ctrl_hs|  normalize<ap_fixed<9, 7, 4, 0, 0>, ap_fixed<4, 2, 4, 0, 0>, config11>|  return value|
|ap_return_90   |  out|    4|  ap_ctrl_hs|  normalize<ap_fixed<9, 7, 4, 0, 0>, ap_fixed<4, 2, 4, 0, 0>, config11>|  return value|
|ap_return_91   |  out|    4|  ap_ctrl_hs|  normalize<ap_fixed<9, 7, 4, 0, 0>, ap_fixed<4, 2, 4, 0, 0>, config11>|  return value|
|ap_return_92   |  out|    4|  ap_ctrl_hs|  normalize<ap_fixed<9, 7, 4, 0, 0>, ap_fixed<4, 2, 4, 0, 0>, config11>|  return value|
|ap_return_93   |  out|    4|  ap_ctrl_hs|  normalize<ap_fixed<9, 7, 4, 0, 0>, ap_fixed<4, 2, 4, 0, 0>, config11>|  return value|
|ap_return_94   |  out|    4|  ap_ctrl_hs|  normalize<ap_fixed<9, 7, 4, 0, 0>, ap_fixed<4, 2, 4, 0, 0>, config11>|  return value|
|ap_return_95   |  out|    4|  ap_ctrl_hs|  normalize<ap_fixed<9, 7, 4, 0, 0>, ap_fixed<4, 2, 4, 0, 0>, config11>|  return value|
|ap_return_96   |  out|    4|  ap_ctrl_hs|  normalize<ap_fixed<9, 7, 4, 0, 0>, ap_fixed<4, 2, 4, 0, 0>, config11>|  return value|
|ap_return_97   |  out|    4|  ap_ctrl_hs|  normalize<ap_fixed<9, 7, 4, 0, 0>, ap_fixed<4, 2, 4, 0, 0>, config11>|  return value|
|ap_return_98   |  out|    4|  ap_ctrl_hs|  normalize<ap_fixed<9, 7, 4, 0, 0>, ap_fixed<4, 2, 4, 0, 0>, config11>|  return value|
|ap_return_99   |  out|    4|  ap_ctrl_hs|  normalize<ap_fixed<9, 7, 4, 0, 0>, ap_fixed<4, 2, 4, 0, 0>, config11>|  return value|
|ap_return_100  |  out|    4|  ap_ctrl_hs|  normalize<ap_fixed<9, 7, 4, 0, 0>, ap_fixed<4, 2, 4, 0, 0>, config11>|  return value|
|ap_return_101  |  out|    4|  ap_ctrl_hs|  normalize<ap_fixed<9, 7, 4, 0, 0>, ap_fixed<4, 2, 4, 0, 0>, config11>|  return value|
|ap_return_102  |  out|    4|  ap_ctrl_hs|  normalize<ap_fixed<9, 7, 4, 0, 0>, ap_fixed<4, 2, 4, 0, 0>, config11>|  return value|
|ap_return_103  |  out|    4|  ap_ctrl_hs|  normalize<ap_fixed<9, 7, 4, 0, 0>, ap_fixed<4, 2, 4, 0, 0>, config11>|  return value|
|ap_return_104  |  out|    4|  ap_ctrl_hs|  normalize<ap_fixed<9, 7, 4, 0, 0>, ap_fixed<4, 2, 4, 0, 0>, config11>|  return value|
|ap_return_105  |  out|    4|  ap_ctrl_hs|  normalize<ap_fixed<9, 7, 4, 0, 0>, ap_fixed<4, 2, 4, 0, 0>, config11>|  return value|
|ap_return_106  |  out|    4|  ap_ctrl_hs|  normalize<ap_fixed<9, 7, 4, 0, 0>, ap_fixed<4, 2, 4, 0, 0>, config11>|  return value|
|ap_return_107  |  out|    4|  ap_ctrl_hs|  normalize<ap_fixed<9, 7, 4, 0, 0>, ap_fixed<4, 2, 4, 0, 0>, config11>|  return value|
|ap_return_108  |  out|    4|  ap_ctrl_hs|  normalize<ap_fixed<9, 7, 4, 0, 0>, ap_fixed<4, 2, 4, 0, 0>, config11>|  return value|
|ap_return_109  |  out|    4|  ap_ctrl_hs|  normalize<ap_fixed<9, 7, 4, 0, 0>, ap_fixed<4, 2, 4, 0, 0>, config11>|  return value|
|ap_return_110  |  out|    4|  ap_ctrl_hs|  normalize<ap_fixed<9, 7, 4, 0, 0>, ap_fixed<4, 2, 4, 0, 0>, config11>|  return value|
|ap_return_111  |  out|    4|  ap_ctrl_hs|  normalize<ap_fixed<9, 7, 4, 0, 0>, ap_fixed<4, 2, 4, 0, 0>, config11>|  return value|
|ap_return_112  |  out|    4|  ap_ctrl_hs|  normalize<ap_fixed<9, 7, 4, 0, 0>, ap_fixed<4, 2, 4, 0, 0>, config11>|  return value|
|ap_return_113  |  out|    4|  ap_ctrl_hs|  normalize<ap_fixed<9, 7, 4, 0, 0>, ap_fixed<4, 2, 4, 0, 0>, config11>|  return value|
|ap_return_114  |  out|    4|  ap_ctrl_hs|  normalize<ap_fixed<9, 7, 4, 0, 0>, ap_fixed<4, 2, 4, 0, 0>, config11>|  return value|
|ap_return_115  |  out|    4|  ap_ctrl_hs|  normalize<ap_fixed<9, 7, 4, 0, 0>, ap_fixed<4, 2, 4, 0, 0>, config11>|  return value|
|ap_return_116  |  out|    4|  ap_ctrl_hs|  normalize<ap_fixed<9, 7, 4, 0, 0>, ap_fixed<4, 2, 4, 0, 0>, config11>|  return value|
|ap_return_117  |  out|    4|  ap_ctrl_hs|  normalize<ap_fixed<9, 7, 4, 0, 0>, ap_fixed<4, 2, 4, 0, 0>, config11>|  return value|
|ap_return_118  |  out|    4|  ap_ctrl_hs|  normalize<ap_fixed<9, 7, 4, 0, 0>, ap_fixed<4, 2, 4, 0, 0>, config11>|  return value|
|ap_return_119  |  out|    4|  ap_ctrl_hs|  normalize<ap_fixed<9, 7, 4, 0, 0>, ap_fixed<4, 2, 4, 0, 0>, config11>|  return value|
|ap_return_120  |  out|    4|  ap_ctrl_hs|  normalize<ap_fixed<9, 7, 4, 0, 0>, ap_fixed<4, 2, 4, 0, 0>, config11>|  return value|
|ap_return_121  |  out|    4|  ap_ctrl_hs|  normalize<ap_fixed<9, 7, 4, 0, 0>, ap_fixed<4, 2, 4, 0, 0>, config11>|  return value|
|ap_return_122  |  out|    4|  ap_ctrl_hs|  normalize<ap_fixed<9, 7, 4, 0, 0>, ap_fixed<4, 2, 4, 0, 0>, config11>|  return value|
|ap_return_123  |  out|    4|  ap_ctrl_hs|  normalize<ap_fixed<9, 7, 4, 0, 0>, ap_fixed<4, 2, 4, 0, 0>, config11>|  return value|
|ap_return_124  |  out|    4|  ap_ctrl_hs|  normalize<ap_fixed<9, 7, 4, 0, 0>, ap_fixed<4, 2, 4, 0, 0>, config11>|  return value|
|ap_return_125  |  out|    4|  ap_ctrl_hs|  normalize<ap_fixed<9, 7, 4, 0, 0>, ap_fixed<4, 2, 4, 0, 0>, config11>|  return value|
|ap_return_126  |  out|    4|  ap_ctrl_hs|  normalize<ap_fixed<9, 7, 4, 0, 0>, ap_fixed<4, 2, 4, 0, 0>, config11>|  return value|
|ap_return_127  |  out|    4|  ap_ctrl_hs|  normalize<ap_fixed<9, 7, 4, 0, 0>, ap_fixed<4, 2, 4, 0, 0>, config11>|  return value|
|ap_return_128  |  out|    4|  ap_ctrl_hs|  normalize<ap_fixed<9, 7, 4, 0, 0>, ap_fixed<4, 2, 4, 0, 0>, config11>|  return value|
|ap_return_129  |  out|    4|  ap_ctrl_hs|  normalize<ap_fixed<9, 7, 4, 0, 0>, ap_fixed<4, 2, 4, 0, 0>, config11>|  return value|
|ap_return_130  |  out|    4|  ap_ctrl_hs|  normalize<ap_fixed<9, 7, 4, 0, 0>, ap_fixed<4, 2, 4, 0, 0>, config11>|  return value|
|ap_return_131  |  out|    4|  ap_ctrl_hs|  normalize<ap_fixed<9, 7, 4, 0, 0>, ap_fixed<4, 2, 4, 0, 0>, config11>|  return value|
|ap_return_132  |  out|    4|  ap_ctrl_hs|  normalize<ap_fixed<9, 7, 4, 0, 0>, ap_fixed<4, 2, 4, 0, 0>, config11>|  return value|
|ap_return_133  |  out|    4|  ap_ctrl_hs|  normalize<ap_fixed<9, 7, 4, 0, 0>, ap_fixed<4, 2, 4, 0, 0>, config11>|  return value|
|ap_return_134  |  out|    4|  ap_ctrl_hs|  normalize<ap_fixed<9, 7, 4, 0, 0>, ap_fixed<4, 2, 4, 0, 0>, config11>|  return value|
|ap_return_135  |  out|    4|  ap_ctrl_hs|  normalize<ap_fixed<9, 7, 4, 0, 0>, ap_fixed<4, 2, 4, 0, 0>, config11>|  return value|
|ap_return_136  |  out|    4|  ap_ctrl_hs|  normalize<ap_fixed<9, 7, 4, 0, 0>, ap_fixed<4, 2, 4, 0, 0>, config11>|  return value|
|ap_return_137  |  out|    4|  ap_ctrl_hs|  normalize<ap_fixed<9, 7, 4, 0, 0>, ap_fixed<4, 2, 4, 0, 0>, config11>|  return value|
|ap_return_138  |  out|    4|  ap_ctrl_hs|  normalize<ap_fixed<9, 7, 4, 0, 0>, ap_fixed<4, 2, 4, 0, 0>, config11>|  return value|
|ap_return_139  |  out|    4|  ap_ctrl_hs|  normalize<ap_fixed<9, 7, 4, 0, 0>, ap_fixed<4, 2, 4, 0, 0>, config11>|  return value|
|ap_return_140  |  out|    4|  ap_ctrl_hs|  normalize<ap_fixed<9, 7, 4, 0, 0>, ap_fixed<4, 2, 4, 0, 0>, config11>|  return value|
|ap_return_141  |  out|    4|  ap_ctrl_hs|  normalize<ap_fixed<9, 7, 4, 0, 0>, ap_fixed<4, 2, 4, 0, 0>, config11>|  return value|
|ap_return_142  |  out|    4|  ap_ctrl_hs|  normalize<ap_fixed<9, 7, 4, 0, 0>, ap_fixed<4, 2, 4, 0, 0>, config11>|  return value|
|ap_return_143  |  out|    4|  ap_ctrl_hs|  normalize<ap_fixed<9, 7, 4, 0, 0>, ap_fixed<4, 2, 4, 0, 0>, config11>|  return value|
|ap_return_144  |  out|    4|  ap_ctrl_hs|  normalize<ap_fixed<9, 7, 4, 0, 0>, ap_fixed<4, 2, 4, 0, 0>, config11>|  return value|
|ap_return_145  |  out|    4|  ap_ctrl_hs|  normalize<ap_fixed<9, 7, 4, 0, 0>, ap_fixed<4, 2, 4, 0, 0>, config11>|  return value|
|ap_return_146  |  out|    4|  ap_ctrl_hs|  normalize<ap_fixed<9, 7, 4, 0, 0>, ap_fixed<4, 2, 4, 0, 0>, config11>|  return value|
|ap_return_147  |  out|    4|  ap_ctrl_hs|  normalize<ap_fixed<9, 7, 4, 0, 0>, ap_fixed<4, 2, 4, 0, 0>, config11>|  return value|
|ap_return_148  |  out|    4|  ap_ctrl_hs|  normalize<ap_fixed<9, 7, 4, 0, 0>, ap_fixed<4, 2, 4, 0, 0>, config11>|  return value|
|ap_return_149  |  out|    4|  ap_ctrl_hs|  normalize<ap_fixed<9, 7, 4, 0, 0>, ap_fixed<4, 2, 4, 0, 0>, config11>|  return value|
|ap_return_150  |  out|    4|  ap_ctrl_hs|  normalize<ap_fixed<9, 7, 4, 0, 0>, ap_fixed<4, 2, 4, 0, 0>, config11>|  return value|
|ap_return_151  |  out|    4|  ap_ctrl_hs|  normalize<ap_fixed<9, 7, 4, 0, 0>, ap_fixed<4, 2, 4, 0, 0>, config11>|  return value|
|ap_return_152  |  out|    4|  ap_ctrl_hs|  normalize<ap_fixed<9, 7, 4, 0, 0>, ap_fixed<4, 2, 4, 0, 0>, config11>|  return value|
|ap_return_153  |  out|    4|  ap_ctrl_hs|  normalize<ap_fixed<9, 7, 4, 0, 0>, ap_fixed<4, 2, 4, 0, 0>, config11>|  return value|
|ap_return_154  |  out|    4|  ap_ctrl_hs|  normalize<ap_fixed<9, 7, 4, 0, 0>, ap_fixed<4, 2, 4, 0, 0>, config11>|  return value|
|ap_return_155  |  out|    4|  ap_ctrl_hs|  normalize<ap_fixed<9, 7, 4, 0, 0>, ap_fixed<4, 2, 4, 0, 0>, config11>|  return value|
|ap_return_156  |  out|    4|  ap_ctrl_hs|  normalize<ap_fixed<9, 7, 4, 0, 0>, ap_fixed<4, 2, 4, 0, 0>, config11>|  return value|
|ap_return_157  |  out|    4|  ap_ctrl_hs|  normalize<ap_fixed<9, 7, 4, 0, 0>, ap_fixed<4, 2, 4, 0, 0>, config11>|  return value|
|ap_return_158  |  out|    4|  ap_ctrl_hs|  normalize<ap_fixed<9, 7, 4, 0, 0>, ap_fixed<4, 2, 4, 0, 0>, config11>|  return value|
|ap_return_159  |  out|    4|  ap_ctrl_hs|  normalize<ap_fixed<9, 7, 4, 0, 0>, ap_fixed<4, 2, 4, 0, 0>, config11>|  return value|
|ap_return_160  |  out|    4|  ap_ctrl_hs|  normalize<ap_fixed<9, 7, 4, 0, 0>, ap_fixed<4, 2, 4, 0, 0>, config11>|  return value|
|ap_return_161  |  out|    4|  ap_ctrl_hs|  normalize<ap_fixed<9, 7, 4, 0, 0>, ap_fixed<4, 2, 4, 0, 0>, config11>|  return value|
|ap_return_162  |  out|    4|  ap_ctrl_hs|  normalize<ap_fixed<9, 7, 4, 0, 0>, ap_fixed<4, 2, 4, 0, 0>, config11>|  return value|
|ap_return_163  |  out|    4|  ap_ctrl_hs|  normalize<ap_fixed<9, 7, 4, 0, 0>, ap_fixed<4, 2, 4, 0, 0>, config11>|  return value|
|ap_return_164  |  out|    4|  ap_ctrl_hs|  normalize<ap_fixed<9, 7, 4, 0, 0>, ap_fixed<4, 2, 4, 0, 0>, config11>|  return value|
|ap_return_165  |  out|    4|  ap_ctrl_hs|  normalize<ap_fixed<9, 7, 4, 0, 0>, ap_fixed<4, 2, 4, 0, 0>, config11>|  return value|
|ap_return_166  |  out|    4|  ap_ctrl_hs|  normalize<ap_fixed<9, 7, 4, 0, 0>, ap_fixed<4, 2, 4, 0, 0>, config11>|  return value|
|ap_return_167  |  out|    4|  ap_ctrl_hs|  normalize<ap_fixed<9, 7, 4, 0, 0>, ap_fixed<4, 2, 4, 0, 0>, config11>|  return value|
|ap_return_168  |  out|    4|  ap_ctrl_hs|  normalize<ap_fixed<9, 7, 4, 0, 0>, ap_fixed<4, 2, 4, 0, 0>, config11>|  return value|
|ap_return_169  |  out|    4|  ap_ctrl_hs|  normalize<ap_fixed<9, 7, 4, 0, 0>, ap_fixed<4, 2, 4, 0, 0>, config11>|  return value|
|ap_return_170  |  out|    4|  ap_ctrl_hs|  normalize<ap_fixed<9, 7, 4, 0, 0>, ap_fixed<4, 2, 4, 0, 0>, config11>|  return value|
|ap_return_171  |  out|    4|  ap_ctrl_hs|  normalize<ap_fixed<9, 7, 4, 0, 0>, ap_fixed<4, 2, 4, 0, 0>, config11>|  return value|
|ap_return_172  |  out|    4|  ap_ctrl_hs|  normalize<ap_fixed<9, 7, 4, 0, 0>, ap_fixed<4, 2, 4, 0, 0>, config11>|  return value|
|ap_return_173  |  out|    4|  ap_ctrl_hs|  normalize<ap_fixed<9, 7, 4, 0, 0>, ap_fixed<4, 2, 4, 0, 0>, config11>|  return value|
|ap_return_174  |  out|    4|  ap_ctrl_hs|  normalize<ap_fixed<9, 7, 4, 0, 0>, ap_fixed<4, 2, 4, 0, 0>, config11>|  return value|
|ap_return_175  |  out|    4|  ap_ctrl_hs|  normalize<ap_fixed<9, 7, 4, 0, 0>, ap_fixed<4, 2, 4, 0, 0>, config11>|  return value|
|ap_return_176  |  out|    4|  ap_ctrl_hs|  normalize<ap_fixed<9, 7, 4, 0, 0>, ap_fixed<4, 2, 4, 0, 0>, config11>|  return value|
|ap_return_177  |  out|    4|  ap_ctrl_hs|  normalize<ap_fixed<9, 7, 4, 0, 0>, ap_fixed<4, 2, 4, 0, 0>, config11>|  return value|
|ap_return_178  |  out|    4|  ap_ctrl_hs|  normalize<ap_fixed<9, 7, 4, 0, 0>, ap_fixed<4, 2, 4, 0, 0>, config11>|  return value|
|ap_return_179  |  out|    4|  ap_ctrl_hs|  normalize<ap_fixed<9, 7, 4, 0, 0>, ap_fixed<4, 2, 4, 0, 0>, config11>|  return value|
|ap_return_180  |  out|    4|  ap_ctrl_hs|  normalize<ap_fixed<9, 7, 4, 0, 0>, ap_fixed<4, 2, 4, 0, 0>, config11>|  return value|
|ap_return_181  |  out|    4|  ap_ctrl_hs|  normalize<ap_fixed<9, 7, 4, 0, 0>, ap_fixed<4, 2, 4, 0, 0>, config11>|  return value|
|ap_return_182  |  out|    4|  ap_ctrl_hs|  normalize<ap_fixed<9, 7, 4, 0, 0>, ap_fixed<4, 2, 4, 0, 0>, config11>|  return value|
|ap_return_183  |  out|    4|  ap_ctrl_hs|  normalize<ap_fixed<9, 7, 4, 0, 0>, ap_fixed<4, 2, 4, 0, 0>, config11>|  return value|
|ap_return_184  |  out|    4|  ap_ctrl_hs|  normalize<ap_fixed<9, 7, 4, 0, 0>, ap_fixed<4, 2, 4, 0, 0>, config11>|  return value|
|ap_return_185  |  out|    4|  ap_ctrl_hs|  normalize<ap_fixed<9, 7, 4, 0, 0>, ap_fixed<4, 2, 4, 0, 0>, config11>|  return value|
|ap_return_186  |  out|    4|  ap_ctrl_hs|  normalize<ap_fixed<9, 7, 4, 0, 0>, ap_fixed<4, 2, 4, 0, 0>, config11>|  return value|
|ap_return_187  |  out|    4|  ap_ctrl_hs|  normalize<ap_fixed<9, 7, 4, 0, 0>, ap_fixed<4, 2, 4, 0, 0>, config11>|  return value|
|ap_return_188  |  out|    4|  ap_ctrl_hs|  normalize<ap_fixed<9, 7, 4, 0, 0>, ap_fixed<4, 2, 4, 0, 0>, config11>|  return value|
|ap_return_189  |  out|    4|  ap_ctrl_hs|  normalize<ap_fixed<9, 7, 4, 0, 0>, ap_fixed<4, 2, 4, 0, 0>, config11>|  return value|
|ap_return_190  |  out|    4|  ap_ctrl_hs|  normalize<ap_fixed<9, 7, 4, 0, 0>, ap_fixed<4, 2, 4, 0, 0>, config11>|  return value|
|ap_return_191  |  out|    4|  ap_ctrl_hs|  normalize<ap_fixed<9, 7, 4, 0, 0>, ap_fixed<4, 2, 4, 0, 0>, config11>|  return value|
|ap_return_192  |  out|    4|  ap_ctrl_hs|  normalize<ap_fixed<9, 7, 4, 0, 0>, ap_fixed<4, 2, 4, 0, 0>, config11>|  return value|
|ap_return_193  |  out|    4|  ap_ctrl_hs|  normalize<ap_fixed<9, 7, 4, 0, 0>, ap_fixed<4, 2, 4, 0, 0>, config11>|  return value|
|ap_return_194  |  out|    4|  ap_ctrl_hs|  normalize<ap_fixed<9, 7, 4, 0, 0>, ap_fixed<4, 2, 4, 0, 0>, config11>|  return value|
|ap_return_195  |  out|    4|  ap_ctrl_hs|  normalize<ap_fixed<9, 7, 4, 0, 0>, ap_fixed<4, 2, 4, 0, 0>, config11>|  return value|
|ap_return_196  |  out|    4|  ap_ctrl_hs|  normalize<ap_fixed<9, 7, 4, 0, 0>, ap_fixed<4, 2, 4, 0, 0>, config11>|  return value|
|ap_return_197  |  out|    4|  ap_ctrl_hs|  normalize<ap_fixed<9, 7, 4, 0, 0>, ap_fixed<4, 2, 4, 0, 0>, config11>|  return value|
|ap_return_198  |  out|    4|  ap_ctrl_hs|  normalize<ap_fixed<9, 7, 4, 0, 0>, ap_fixed<4, 2, 4, 0, 0>, config11>|  return value|
|ap_return_199  |  out|    4|  ap_ctrl_hs|  normalize<ap_fixed<9, 7, 4, 0, 0>, ap_fixed<4, 2, 4, 0, 0>, config11>|  return value|
|ap_return_200  |  out|    4|  ap_ctrl_hs|  normalize<ap_fixed<9, 7, 4, 0, 0>, ap_fixed<4, 2, 4, 0, 0>, config11>|  return value|
|ap_return_201  |  out|    4|  ap_ctrl_hs|  normalize<ap_fixed<9, 7, 4, 0, 0>, ap_fixed<4, 2, 4, 0, 0>, config11>|  return value|
|ap_return_202  |  out|    4|  ap_ctrl_hs|  normalize<ap_fixed<9, 7, 4, 0, 0>, ap_fixed<4, 2, 4, 0, 0>, config11>|  return value|
|ap_return_203  |  out|    4|  ap_ctrl_hs|  normalize<ap_fixed<9, 7, 4, 0, 0>, ap_fixed<4, 2, 4, 0, 0>, config11>|  return value|
|ap_return_204  |  out|    4|  ap_ctrl_hs|  normalize<ap_fixed<9, 7, 4, 0, 0>, ap_fixed<4, 2, 4, 0, 0>, config11>|  return value|
|ap_return_205  |  out|    4|  ap_ctrl_hs|  normalize<ap_fixed<9, 7, 4, 0, 0>, ap_fixed<4, 2, 4, 0, 0>, config11>|  return value|
|ap_return_206  |  out|    4|  ap_ctrl_hs|  normalize<ap_fixed<9, 7, 4, 0, 0>, ap_fixed<4, 2, 4, 0, 0>, config11>|  return value|
|ap_return_207  |  out|    4|  ap_ctrl_hs|  normalize<ap_fixed<9, 7, 4, 0, 0>, ap_fixed<4, 2, 4, 0, 0>, config11>|  return value|
|ap_return_208  |  out|    4|  ap_ctrl_hs|  normalize<ap_fixed<9, 7, 4, 0, 0>, ap_fixed<4, 2, 4, 0, 0>, config11>|  return value|
|ap_return_209  |  out|    4|  ap_ctrl_hs|  normalize<ap_fixed<9, 7, 4, 0, 0>, ap_fixed<4, 2, 4, 0, 0>, config11>|  return value|
|ap_return_210  |  out|    4|  ap_ctrl_hs|  normalize<ap_fixed<9, 7, 4, 0, 0>, ap_fixed<4, 2, 4, 0, 0>, config11>|  return value|
|ap_return_211  |  out|    4|  ap_ctrl_hs|  normalize<ap_fixed<9, 7, 4, 0, 0>, ap_fixed<4, 2, 4, 0, 0>, config11>|  return value|
|ap_return_212  |  out|    4|  ap_ctrl_hs|  normalize<ap_fixed<9, 7, 4, 0, 0>, ap_fixed<4, 2, 4, 0, 0>, config11>|  return value|
|ap_return_213  |  out|    4|  ap_ctrl_hs|  normalize<ap_fixed<9, 7, 4, 0, 0>, ap_fixed<4, 2, 4, 0, 0>, config11>|  return value|
|ap_return_214  |  out|    4|  ap_ctrl_hs|  normalize<ap_fixed<9, 7, 4, 0, 0>, ap_fixed<4, 2, 4, 0, 0>, config11>|  return value|
|ap_return_215  |  out|    4|  ap_ctrl_hs|  normalize<ap_fixed<9, 7, 4, 0, 0>, ap_fixed<4, 2, 4, 0, 0>, config11>|  return value|
|ap_return_216  |  out|    4|  ap_ctrl_hs|  normalize<ap_fixed<9, 7, 4, 0, 0>, ap_fixed<4, 2, 4, 0, 0>, config11>|  return value|
|ap_return_217  |  out|    4|  ap_ctrl_hs|  normalize<ap_fixed<9, 7, 4, 0, 0>, ap_fixed<4, 2, 4, 0, 0>, config11>|  return value|
|ap_return_218  |  out|    4|  ap_ctrl_hs|  normalize<ap_fixed<9, 7, 4, 0, 0>, ap_fixed<4, 2, 4, 0, 0>, config11>|  return value|
|ap_return_219  |  out|    4|  ap_ctrl_hs|  normalize<ap_fixed<9, 7, 4, 0, 0>, ap_fixed<4, 2, 4, 0, 0>, config11>|  return value|
|ap_return_220  |  out|    4|  ap_ctrl_hs|  normalize<ap_fixed<9, 7, 4, 0, 0>, ap_fixed<4, 2, 4, 0, 0>, config11>|  return value|
|ap_return_221  |  out|    4|  ap_ctrl_hs|  normalize<ap_fixed<9, 7, 4, 0, 0>, ap_fixed<4, 2, 4, 0, 0>, config11>|  return value|
|ap_return_222  |  out|    4|  ap_ctrl_hs|  normalize<ap_fixed<9, 7, 4, 0, 0>, ap_fixed<4, 2, 4, 0, 0>, config11>|  return value|
|ap_return_223  |  out|    4|  ap_ctrl_hs|  normalize<ap_fixed<9, 7, 4, 0, 0>, ap_fixed<4, 2, 4, 0, 0>, config11>|  return value|
|ap_return_224  |  out|    4|  ap_ctrl_hs|  normalize<ap_fixed<9, 7, 4, 0, 0>, ap_fixed<4, 2, 4, 0, 0>, config11>|  return value|
|ap_return_225  |  out|    4|  ap_ctrl_hs|  normalize<ap_fixed<9, 7, 4, 0, 0>, ap_fixed<4, 2, 4, 0, 0>, config11>|  return value|
|ap_return_226  |  out|    4|  ap_ctrl_hs|  normalize<ap_fixed<9, 7, 4, 0, 0>, ap_fixed<4, 2, 4, 0, 0>, config11>|  return value|
|ap_return_227  |  out|    4|  ap_ctrl_hs|  normalize<ap_fixed<9, 7, 4, 0, 0>, ap_fixed<4, 2, 4, 0, 0>, config11>|  return value|
|ap_return_228  |  out|    4|  ap_ctrl_hs|  normalize<ap_fixed<9, 7, 4, 0, 0>, ap_fixed<4, 2, 4, 0, 0>, config11>|  return value|
|ap_return_229  |  out|    4|  ap_ctrl_hs|  normalize<ap_fixed<9, 7, 4, 0, 0>, ap_fixed<4, 2, 4, 0, 0>, config11>|  return value|
|ap_return_230  |  out|    4|  ap_ctrl_hs|  normalize<ap_fixed<9, 7, 4, 0, 0>, ap_fixed<4, 2, 4, 0, 0>, config11>|  return value|
|ap_return_231  |  out|    4|  ap_ctrl_hs|  normalize<ap_fixed<9, 7, 4, 0, 0>, ap_fixed<4, 2, 4, 0, 0>, config11>|  return value|
|ap_return_232  |  out|    4|  ap_ctrl_hs|  normalize<ap_fixed<9, 7, 4, 0, 0>, ap_fixed<4, 2, 4, 0, 0>, config11>|  return value|
|ap_return_233  |  out|    4|  ap_ctrl_hs|  normalize<ap_fixed<9, 7, 4, 0, 0>, ap_fixed<4, 2, 4, 0, 0>, config11>|  return value|
|ap_return_234  |  out|    4|  ap_ctrl_hs|  normalize<ap_fixed<9, 7, 4, 0, 0>, ap_fixed<4, 2, 4, 0, 0>, config11>|  return value|
|ap_return_235  |  out|    4|  ap_ctrl_hs|  normalize<ap_fixed<9, 7, 4, 0, 0>, ap_fixed<4, 2, 4, 0, 0>, config11>|  return value|
|ap_return_236  |  out|    4|  ap_ctrl_hs|  normalize<ap_fixed<9, 7, 4, 0, 0>, ap_fixed<4, 2, 4, 0, 0>, config11>|  return value|
|ap_return_237  |  out|    4|  ap_ctrl_hs|  normalize<ap_fixed<9, 7, 4, 0, 0>, ap_fixed<4, 2, 4, 0, 0>, config11>|  return value|
|ap_return_238  |  out|    4|  ap_ctrl_hs|  normalize<ap_fixed<9, 7, 4, 0, 0>, ap_fixed<4, 2, 4, 0, 0>, config11>|  return value|
|ap_return_239  |  out|    4|  ap_ctrl_hs|  normalize<ap_fixed<9, 7, 4, 0, 0>, ap_fixed<4, 2, 4, 0, 0>, config11>|  return value|
|ap_return_240  |  out|    4|  ap_ctrl_hs|  normalize<ap_fixed<9, 7, 4, 0, 0>, ap_fixed<4, 2, 4, 0, 0>, config11>|  return value|
|ap_return_241  |  out|    4|  ap_ctrl_hs|  normalize<ap_fixed<9, 7, 4, 0, 0>, ap_fixed<4, 2, 4, 0, 0>, config11>|  return value|
|ap_return_242  |  out|    4|  ap_ctrl_hs|  normalize<ap_fixed<9, 7, 4, 0, 0>, ap_fixed<4, 2, 4, 0, 0>, config11>|  return value|
|ap_return_243  |  out|    4|  ap_ctrl_hs|  normalize<ap_fixed<9, 7, 4, 0, 0>, ap_fixed<4, 2, 4, 0, 0>, config11>|  return value|
|ap_return_244  |  out|    4|  ap_ctrl_hs|  normalize<ap_fixed<9, 7, 4, 0, 0>, ap_fixed<4, 2, 4, 0, 0>, config11>|  return value|
|ap_return_245  |  out|    4|  ap_ctrl_hs|  normalize<ap_fixed<9, 7, 4, 0, 0>, ap_fixed<4, 2, 4, 0, 0>, config11>|  return value|
|ap_return_246  |  out|    4|  ap_ctrl_hs|  normalize<ap_fixed<9, 7, 4, 0, 0>, ap_fixed<4, 2, 4, 0, 0>, config11>|  return value|
|ap_return_247  |  out|    4|  ap_ctrl_hs|  normalize<ap_fixed<9, 7, 4, 0, 0>, ap_fixed<4, 2, 4, 0, 0>, config11>|  return value|
|ap_return_248  |  out|    4|  ap_ctrl_hs|  normalize<ap_fixed<9, 7, 4, 0, 0>, ap_fixed<4, 2, 4, 0, 0>, config11>|  return value|
|ap_return_249  |  out|    4|  ap_ctrl_hs|  normalize<ap_fixed<9, 7, 4, 0, 0>, ap_fixed<4, 2, 4, 0, 0>, config11>|  return value|
|ap_return_250  |  out|    4|  ap_ctrl_hs|  normalize<ap_fixed<9, 7, 4, 0, 0>, ap_fixed<4, 2, 4, 0, 0>, config11>|  return value|
|ap_return_251  |  out|    4|  ap_ctrl_hs|  normalize<ap_fixed<9, 7, 4, 0, 0>, ap_fixed<4, 2, 4, 0, 0>, config11>|  return value|
|ap_return_252  |  out|    4|  ap_ctrl_hs|  normalize<ap_fixed<9, 7, 4, 0, 0>, ap_fixed<4, 2, 4, 0, 0>, config11>|  return value|
|ap_return_253  |  out|    4|  ap_ctrl_hs|  normalize<ap_fixed<9, 7, 4, 0, 0>, ap_fixed<4, 2, 4, 0, 0>, config11>|  return value|
|ap_return_254  |  out|    4|  ap_ctrl_hs|  normalize<ap_fixed<9, 7, 4, 0, 0>, ap_fixed<4, 2, 4, 0, 0>, config11>|  return value|
|ap_return_255  |  out|    4|  ap_ctrl_hs|  normalize<ap_fixed<9, 7, 4, 0, 0>, ap_fixed<4, 2, 4, 0, 0>, config11>|  return value|
|ap_ce          |   in|    1|  ap_ctrl_hs|  normalize<ap_fixed<9, 7, 4, 0, 0>, ap_fixed<4, 2, 4, 0, 0>, config11>|  return value|
|data_0_val     |   in|    9|     ap_none|                                                             data_0_val|        scalar|
|data_1_val     |   in|    9|     ap_none|                                                             data_1_val|        scalar|
|data_2_val     |   in|    9|     ap_none|                                                             data_2_val|        scalar|
|data_3_val     |   in|    9|     ap_none|                                                             data_3_val|        scalar|
|data_4_val     |   in|    9|     ap_none|                                                             data_4_val|        scalar|
|data_5_val     |   in|    9|     ap_none|                                                             data_5_val|        scalar|
|data_6_val     |   in|    9|     ap_none|                                                             data_6_val|        scalar|
|data_7_val     |   in|    9|     ap_none|                                                             data_7_val|        scalar|
|data_8_val     |   in|    9|     ap_none|                                                             data_8_val|        scalar|
|data_9_val     |   in|    9|     ap_none|                                                             data_9_val|        scalar|
|data_10_val    |   in|    9|     ap_none|                                                            data_10_val|        scalar|
|data_11_val    |   in|    9|     ap_none|                                                            data_11_val|        scalar|
|data_12_val    |   in|    9|     ap_none|                                                            data_12_val|        scalar|
|data_13_val    |   in|    9|     ap_none|                                                            data_13_val|        scalar|
|data_14_val    |   in|    9|     ap_none|                                                            data_14_val|        scalar|
|data_15_val    |   in|    9|     ap_none|                                                            data_15_val|        scalar|
|data_16_val    |   in|    9|     ap_none|                                                            data_16_val|        scalar|
|data_17_val    |   in|    9|     ap_none|                                                            data_17_val|        scalar|
|data_18_val    |   in|    9|     ap_none|                                                            data_18_val|        scalar|
|data_19_val    |   in|    9|     ap_none|                                                            data_19_val|        scalar|
|data_20_val    |   in|    9|     ap_none|                                                            data_20_val|        scalar|
|data_21_val    |   in|    9|     ap_none|                                                            data_21_val|        scalar|
|data_22_val    |   in|    9|     ap_none|                                                            data_22_val|        scalar|
|data_23_val    |   in|    9|     ap_none|                                                            data_23_val|        scalar|
|data_24_val    |   in|    9|     ap_none|                                                            data_24_val|        scalar|
|data_25_val    |   in|    9|     ap_none|                                                            data_25_val|        scalar|
|data_26_val    |   in|    9|     ap_none|                                                            data_26_val|        scalar|
|data_27_val    |   in|    9|     ap_none|                                                            data_27_val|        scalar|
|data_28_val    |   in|    9|     ap_none|                                                            data_28_val|        scalar|
|data_29_val    |   in|    9|     ap_none|                                                            data_29_val|        scalar|
|data_30_val    |   in|    9|     ap_none|                                                            data_30_val|        scalar|
|data_31_val    |   in|    9|     ap_none|                                                            data_31_val|        scalar|
|data_32_val    |   in|    9|     ap_none|                                                            data_32_val|        scalar|
|data_33_val    |   in|    9|     ap_none|                                                            data_33_val|        scalar|
|data_34_val    |   in|    9|     ap_none|                                                            data_34_val|        scalar|
|data_35_val    |   in|    9|     ap_none|                                                            data_35_val|        scalar|
|data_36_val    |   in|    9|     ap_none|                                                            data_36_val|        scalar|
|data_37_val    |   in|    9|     ap_none|                                                            data_37_val|        scalar|
|data_38_val    |   in|    9|     ap_none|                                                            data_38_val|        scalar|
|data_39_val    |   in|    9|     ap_none|                                                            data_39_val|        scalar|
|data_40_val    |   in|    9|     ap_none|                                                            data_40_val|        scalar|
|data_41_val    |   in|    9|     ap_none|                                                            data_41_val|        scalar|
|data_42_val    |   in|    9|     ap_none|                                                            data_42_val|        scalar|
|data_43_val    |   in|    9|     ap_none|                                                            data_43_val|        scalar|
|data_44_val    |   in|    9|     ap_none|                                                            data_44_val|        scalar|
|data_45_val    |   in|    9|     ap_none|                                                            data_45_val|        scalar|
|data_46_val    |   in|    9|     ap_none|                                                            data_46_val|        scalar|
|data_47_val    |   in|    9|     ap_none|                                                            data_47_val|        scalar|
|data_48_val    |   in|    9|     ap_none|                                                            data_48_val|        scalar|
|data_49_val    |   in|    9|     ap_none|                                                            data_49_val|        scalar|
|data_50_val    |   in|    9|     ap_none|                                                            data_50_val|        scalar|
|data_51_val    |   in|    9|     ap_none|                                                            data_51_val|        scalar|
|data_52_val    |   in|    9|     ap_none|                                                            data_52_val|        scalar|
|data_53_val    |   in|    9|     ap_none|                                                            data_53_val|        scalar|
|data_54_val    |   in|    9|     ap_none|                                                            data_54_val|        scalar|
|data_55_val    |   in|    9|     ap_none|                                                            data_55_val|        scalar|
|data_56_val    |   in|    9|     ap_none|                                                            data_56_val|        scalar|
|data_57_val    |   in|    9|     ap_none|                                                            data_57_val|        scalar|
|data_58_val    |   in|    9|     ap_none|                                                            data_58_val|        scalar|
|data_59_val    |   in|    9|     ap_none|                                                            data_59_val|        scalar|
|data_60_val    |   in|    9|     ap_none|                                                            data_60_val|        scalar|
|data_61_val    |   in|    9|     ap_none|                                                            data_61_val|        scalar|
|data_62_val    |   in|    9|     ap_none|                                                            data_62_val|        scalar|
|data_63_val    |   in|    9|     ap_none|                                                            data_63_val|        scalar|
|data_64_val    |   in|    9|     ap_none|                                                            data_64_val|        scalar|
|data_65_val    |   in|    9|     ap_none|                                                            data_65_val|        scalar|
|data_66_val    |   in|    9|     ap_none|                                                            data_66_val|        scalar|
|data_67_val    |   in|    9|     ap_none|                                                            data_67_val|        scalar|
|data_68_val    |   in|    9|     ap_none|                                                            data_68_val|        scalar|
|data_69_val    |   in|    9|     ap_none|                                                            data_69_val|        scalar|
|data_70_val    |   in|    9|     ap_none|                                                            data_70_val|        scalar|
|data_71_val    |   in|    9|     ap_none|                                                            data_71_val|        scalar|
|data_72_val    |   in|    9|     ap_none|                                                            data_72_val|        scalar|
|data_73_val    |   in|    9|     ap_none|                                                            data_73_val|        scalar|
|data_74_val    |   in|    9|     ap_none|                                                            data_74_val|        scalar|
|data_75_val    |   in|    9|     ap_none|                                                            data_75_val|        scalar|
|data_76_val    |   in|    9|     ap_none|                                                            data_76_val|        scalar|
|data_77_val    |   in|    9|     ap_none|                                                            data_77_val|        scalar|
|data_78_val    |   in|    9|     ap_none|                                                            data_78_val|        scalar|
|data_79_val    |   in|    9|     ap_none|                                                            data_79_val|        scalar|
|data_80_val    |   in|    9|     ap_none|                                                            data_80_val|        scalar|
|data_81_val    |   in|    9|     ap_none|                                                            data_81_val|        scalar|
|data_82_val    |   in|    9|     ap_none|                                                            data_82_val|        scalar|
|data_83_val    |   in|    9|     ap_none|                                                            data_83_val|        scalar|
|data_84_val    |   in|    9|     ap_none|                                                            data_84_val|        scalar|
|data_85_val    |   in|    9|     ap_none|                                                            data_85_val|        scalar|
|data_86_val    |   in|    9|     ap_none|                                                            data_86_val|        scalar|
|data_87_val    |   in|    9|     ap_none|                                                            data_87_val|        scalar|
|data_88_val    |   in|    9|     ap_none|                                                            data_88_val|        scalar|
|data_89_val    |   in|    9|     ap_none|                                                            data_89_val|        scalar|
|data_90_val    |   in|    9|     ap_none|                                                            data_90_val|        scalar|
|data_91_val    |   in|    9|     ap_none|                                                            data_91_val|        scalar|
|data_92_val    |   in|    9|     ap_none|                                                            data_92_val|        scalar|
|data_93_val    |   in|    9|     ap_none|                                                            data_93_val|        scalar|
|data_94_val    |   in|    9|     ap_none|                                                            data_94_val|        scalar|
|data_95_val    |   in|    9|     ap_none|                                                            data_95_val|        scalar|
|data_96_val    |   in|    9|     ap_none|                                                            data_96_val|        scalar|
|data_97_val    |   in|    9|     ap_none|                                                            data_97_val|        scalar|
|data_98_val    |   in|    9|     ap_none|                                                            data_98_val|        scalar|
|data_99_val    |   in|    9|     ap_none|                                                            data_99_val|        scalar|
|data_100_val   |   in|    9|     ap_none|                                                           data_100_val|        scalar|
|data_101_val   |   in|    9|     ap_none|                                                           data_101_val|        scalar|
|data_102_val   |   in|    9|     ap_none|                                                           data_102_val|        scalar|
|data_103_val   |   in|    9|     ap_none|                                                           data_103_val|        scalar|
|data_104_val   |   in|    9|     ap_none|                                                           data_104_val|        scalar|
|data_105_val   |   in|    9|     ap_none|                                                           data_105_val|        scalar|
|data_106_val   |   in|    9|     ap_none|                                                           data_106_val|        scalar|
|data_107_val   |   in|    9|     ap_none|                                                           data_107_val|        scalar|
|data_108_val   |   in|    9|     ap_none|                                                           data_108_val|        scalar|
|data_109_val   |   in|    9|     ap_none|                                                           data_109_val|        scalar|
|data_110_val   |   in|    9|     ap_none|                                                           data_110_val|        scalar|
|data_111_val   |   in|    9|     ap_none|                                                           data_111_val|        scalar|
|data_112_val   |   in|    9|     ap_none|                                                           data_112_val|        scalar|
|data_113_val   |   in|    9|     ap_none|                                                           data_113_val|        scalar|
|data_114_val   |   in|    9|     ap_none|                                                           data_114_val|        scalar|
|data_115_val   |   in|    9|     ap_none|                                                           data_115_val|        scalar|
|data_116_val   |   in|    9|     ap_none|                                                           data_116_val|        scalar|
|data_117_val   |   in|    9|     ap_none|                                                           data_117_val|        scalar|
|data_118_val   |   in|    9|     ap_none|                                                           data_118_val|        scalar|
|data_119_val   |   in|    9|     ap_none|                                                           data_119_val|        scalar|
|data_120_val   |   in|    9|     ap_none|                                                           data_120_val|        scalar|
|data_121_val   |   in|    9|     ap_none|                                                           data_121_val|        scalar|
|data_122_val   |   in|    9|     ap_none|                                                           data_122_val|        scalar|
|data_123_val   |   in|    9|     ap_none|                                                           data_123_val|        scalar|
|data_124_val   |   in|    9|     ap_none|                                                           data_124_val|        scalar|
|data_125_val   |   in|    9|     ap_none|                                                           data_125_val|        scalar|
|data_126_val   |   in|    9|     ap_none|                                                           data_126_val|        scalar|
|data_127_val   |   in|    9|     ap_none|                                                           data_127_val|        scalar|
|data_128_val   |   in|    9|     ap_none|                                                           data_128_val|        scalar|
|data_129_val   |   in|    9|     ap_none|                                                           data_129_val|        scalar|
|data_130_val   |   in|    9|     ap_none|                                                           data_130_val|        scalar|
|data_131_val   |   in|    9|     ap_none|                                                           data_131_val|        scalar|
|data_132_val   |   in|    9|     ap_none|                                                           data_132_val|        scalar|
|data_133_val   |   in|    9|     ap_none|                                                           data_133_val|        scalar|
|data_134_val   |   in|    9|     ap_none|                                                           data_134_val|        scalar|
|data_135_val   |   in|    9|     ap_none|                                                           data_135_val|        scalar|
|data_136_val   |   in|    9|     ap_none|                                                           data_136_val|        scalar|
|data_137_val   |   in|    9|     ap_none|                                                           data_137_val|        scalar|
|data_138_val   |   in|    9|     ap_none|                                                           data_138_val|        scalar|
|data_139_val   |   in|    9|     ap_none|                                                           data_139_val|        scalar|
|data_140_val   |   in|    9|     ap_none|                                                           data_140_val|        scalar|
|data_141_val   |   in|    9|     ap_none|                                                           data_141_val|        scalar|
|data_142_val   |   in|    9|     ap_none|                                                           data_142_val|        scalar|
|data_143_val   |   in|    9|     ap_none|                                                           data_143_val|        scalar|
|data_144_val   |   in|    9|     ap_none|                                                           data_144_val|        scalar|
|data_145_val   |   in|    9|     ap_none|                                                           data_145_val|        scalar|
|data_146_val   |   in|    9|     ap_none|                                                           data_146_val|        scalar|
|data_147_val   |   in|    9|     ap_none|                                                           data_147_val|        scalar|
|data_148_val   |   in|    9|     ap_none|                                                           data_148_val|        scalar|
|data_149_val   |   in|    9|     ap_none|                                                           data_149_val|        scalar|
|data_150_val   |   in|    9|     ap_none|                                                           data_150_val|        scalar|
|data_151_val   |   in|    9|     ap_none|                                                           data_151_val|        scalar|
|data_152_val   |   in|    9|     ap_none|                                                           data_152_val|        scalar|
|data_153_val   |   in|    9|     ap_none|                                                           data_153_val|        scalar|
|data_154_val   |   in|    9|     ap_none|                                                           data_154_val|        scalar|
|data_155_val   |   in|    9|     ap_none|                                                           data_155_val|        scalar|
|data_156_val   |   in|    9|     ap_none|                                                           data_156_val|        scalar|
|data_157_val   |   in|    9|     ap_none|                                                           data_157_val|        scalar|
|data_158_val   |   in|    9|     ap_none|                                                           data_158_val|        scalar|
|data_159_val   |   in|    9|     ap_none|                                                           data_159_val|        scalar|
|data_160_val   |   in|    9|     ap_none|                                                           data_160_val|        scalar|
|data_161_val   |   in|    9|     ap_none|                                                           data_161_val|        scalar|
|data_162_val   |   in|    9|     ap_none|                                                           data_162_val|        scalar|
|data_163_val   |   in|    9|     ap_none|                                                           data_163_val|        scalar|
|data_164_val   |   in|    9|     ap_none|                                                           data_164_val|        scalar|
|data_165_val   |   in|    9|     ap_none|                                                           data_165_val|        scalar|
|data_166_val   |   in|    9|     ap_none|                                                           data_166_val|        scalar|
|data_167_val   |   in|    9|     ap_none|                                                           data_167_val|        scalar|
|data_168_val   |   in|    9|     ap_none|                                                           data_168_val|        scalar|
|data_169_val   |   in|    9|     ap_none|                                                           data_169_val|        scalar|
|data_170_val   |   in|    9|     ap_none|                                                           data_170_val|        scalar|
|data_171_val   |   in|    9|     ap_none|                                                           data_171_val|        scalar|
|data_172_val   |   in|    9|     ap_none|                                                           data_172_val|        scalar|
|data_173_val   |   in|    9|     ap_none|                                                           data_173_val|        scalar|
|data_174_val   |   in|    9|     ap_none|                                                           data_174_val|        scalar|
|data_175_val   |   in|    9|     ap_none|                                                           data_175_val|        scalar|
|data_176_val   |   in|    9|     ap_none|                                                           data_176_val|        scalar|
|data_177_val   |   in|    9|     ap_none|                                                           data_177_val|        scalar|
|data_178_val   |   in|    9|     ap_none|                                                           data_178_val|        scalar|
|data_179_val   |   in|    9|     ap_none|                                                           data_179_val|        scalar|
|data_180_val   |   in|    9|     ap_none|                                                           data_180_val|        scalar|
|data_181_val   |   in|    9|     ap_none|                                                           data_181_val|        scalar|
|data_182_val   |   in|    9|     ap_none|                                                           data_182_val|        scalar|
|data_183_val   |   in|    9|     ap_none|                                                           data_183_val|        scalar|
|data_184_val   |   in|    9|     ap_none|                                                           data_184_val|        scalar|
|data_185_val   |   in|    9|     ap_none|                                                           data_185_val|        scalar|
|data_186_val   |   in|    9|     ap_none|                                                           data_186_val|        scalar|
|data_187_val   |   in|    9|     ap_none|                                                           data_187_val|        scalar|
|data_188_val   |   in|    9|     ap_none|                                                           data_188_val|        scalar|
|data_189_val   |   in|    9|     ap_none|                                                           data_189_val|        scalar|
|data_190_val   |   in|    9|     ap_none|                                                           data_190_val|        scalar|
|data_191_val   |   in|    9|     ap_none|                                                           data_191_val|        scalar|
|data_192_val   |   in|    9|     ap_none|                                                           data_192_val|        scalar|
|data_193_val   |   in|    9|     ap_none|                                                           data_193_val|        scalar|
|data_194_val   |   in|    9|     ap_none|                                                           data_194_val|        scalar|
|data_195_val   |   in|    9|     ap_none|                                                           data_195_val|        scalar|
|data_196_val   |   in|    9|     ap_none|                                                           data_196_val|        scalar|
|data_197_val   |   in|    9|     ap_none|                                                           data_197_val|        scalar|
|data_198_val   |   in|    9|     ap_none|                                                           data_198_val|        scalar|
|data_199_val   |   in|    9|     ap_none|                                                           data_199_val|        scalar|
|data_200_val   |   in|    9|     ap_none|                                                           data_200_val|        scalar|
|data_201_val   |   in|    9|     ap_none|                                                           data_201_val|        scalar|
|data_202_val   |   in|    9|     ap_none|                                                           data_202_val|        scalar|
|data_203_val   |   in|    9|     ap_none|                                                           data_203_val|        scalar|
|data_204_val   |   in|    9|     ap_none|                                                           data_204_val|        scalar|
|data_205_val   |   in|    9|     ap_none|                                                           data_205_val|        scalar|
|data_206_val   |   in|    9|     ap_none|                                                           data_206_val|        scalar|
|data_207_val   |   in|    9|     ap_none|                                                           data_207_val|        scalar|
|data_208_val   |   in|    9|     ap_none|                                                           data_208_val|        scalar|
|data_209_val   |   in|    9|     ap_none|                                                           data_209_val|        scalar|
|data_210_val   |   in|    9|     ap_none|                                                           data_210_val|        scalar|
|data_211_val   |   in|    9|     ap_none|                                                           data_211_val|        scalar|
|data_212_val   |   in|    9|     ap_none|                                                           data_212_val|        scalar|
|data_213_val   |   in|    9|     ap_none|                                                           data_213_val|        scalar|
|data_214_val   |   in|    9|     ap_none|                                                           data_214_val|        scalar|
|data_215_val   |   in|    9|     ap_none|                                                           data_215_val|        scalar|
|data_216_val   |   in|    9|     ap_none|                                                           data_216_val|        scalar|
|data_217_val   |   in|    9|     ap_none|                                                           data_217_val|        scalar|
|data_218_val   |   in|    9|     ap_none|                                                           data_218_val|        scalar|
|data_219_val   |   in|    9|     ap_none|                                                           data_219_val|        scalar|
|data_220_val   |   in|    9|     ap_none|                                                           data_220_val|        scalar|
|data_221_val   |   in|    9|     ap_none|                                                           data_221_val|        scalar|
|data_222_val   |   in|    9|     ap_none|                                                           data_222_val|        scalar|
|data_223_val   |   in|    9|     ap_none|                                                           data_223_val|        scalar|
|data_224_val   |   in|    9|     ap_none|                                                           data_224_val|        scalar|
|data_225_val   |   in|    9|     ap_none|                                                           data_225_val|        scalar|
|data_226_val   |   in|    9|     ap_none|                                                           data_226_val|        scalar|
|data_227_val   |   in|    9|     ap_none|                                                           data_227_val|        scalar|
|data_228_val   |   in|    9|     ap_none|                                                           data_228_val|        scalar|
|data_229_val   |   in|    9|     ap_none|                                                           data_229_val|        scalar|
|data_230_val   |   in|    9|     ap_none|                                                           data_230_val|        scalar|
|data_231_val   |   in|    9|     ap_none|                                                           data_231_val|        scalar|
|data_232_val   |   in|    9|     ap_none|                                                           data_232_val|        scalar|
|data_233_val   |   in|    9|     ap_none|                                                           data_233_val|        scalar|
|data_234_val   |   in|    9|     ap_none|                                                           data_234_val|        scalar|
|data_235_val   |   in|    9|     ap_none|                                                           data_235_val|        scalar|
|data_236_val   |   in|    9|     ap_none|                                                           data_236_val|        scalar|
|data_237_val   |   in|    9|     ap_none|                                                           data_237_val|        scalar|
|data_238_val   |   in|    9|     ap_none|                                                           data_238_val|        scalar|
|data_239_val   |   in|    9|     ap_none|                                                           data_239_val|        scalar|
|data_240_val   |   in|    9|     ap_none|                                                           data_240_val|        scalar|
|data_241_val   |   in|    9|     ap_none|                                                           data_241_val|        scalar|
|data_242_val   |   in|    9|     ap_none|                                                           data_242_val|        scalar|
|data_243_val   |   in|    9|     ap_none|                                                           data_243_val|        scalar|
|data_244_val   |   in|    9|     ap_none|                                                           data_244_val|        scalar|
|data_245_val   |   in|    9|     ap_none|                                                           data_245_val|        scalar|
|data_246_val   |   in|    9|     ap_none|                                                           data_246_val|        scalar|
|data_247_val   |   in|    9|     ap_none|                                                           data_247_val|        scalar|
|data_248_val   |   in|    9|     ap_none|                                                           data_248_val|        scalar|
|data_249_val   |   in|    9|     ap_none|                                                           data_249_val|        scalar|
|data_250_val   |   in|    9|     ap_none|                                                           data_250_val|        scalar|
|data_251_val   |   in|    9|     ap_none|                                                           data_251_val|        scalar|
|data_252_val   |   in|    9|     ap_none|                                                           data_252_val|        scalar|
|data_253_val   |   in|    9|     ap_none|                                                           data_253_val|        scalar|
|data_254_val   |   in|    9|     ap_none|                                                           data_254_val|        scalar|
|data_255_val   |   in|    9|     ap_none|                                                           data_255_val|        scalar|
+---------------+-----+-----+------------+-----------------------------------------------------------------------+--------------+

