

================================================================
== Vitis HLS Report for 'dense_latency_ap_fixed_6_2_5_3_0_ap_fixed_11_7_4_0_0_config9_dense_19'
================================================================
* Date:           Thu Aug 13 16:05:27 2026

* Version:        2023.2 (Build 4023990 on Oct 11 2023)
* Project:        myproject_prj
* Solution:       solution1 (Vivado IP Flow Target)
* Product family: virtexuplus
* Target device:  xcvu13p-flga2577-2-e


================================================================
== Performance Estimates
================================================================
+ Timing: 
    * Summary: 
    +--------+---------+----------+------------+
    |  Clock |  Target | Estimated| Uncertainty|
    +--------+---------+----------+------------+
    |ap_clk  |  2.50 ns|  1.574 ns|     0.68 ns|
    +--------+---------+----------+------------+

+ Latency: 
    * Summary: 
    +---------+---------+-----------+-----------+-----+-----+---------+
    |  Latency (cycles) |   Latency (absolute)  |  Interval | Pipeline|
    |   min   |   max   |    min    |    max    | min | max |   Type  |
    +---------+---------+-----------+-----------+-----+-----+---------+
    |        4|        4|  10.000 ns|  10.000 ns|    1|    1|      yes|
    +---------+---------+-----------+-----------+-----+-----+---------+

    + Detail: 
        * Instance: 
        N/A

        * Loop: 
        N/A



================================================================
== Utilization Estimates
================================================================
* Summary: 
+---------------------+---------+-------+---------+---------+------+
|         Name        | BRAM_18K|  DSP  |    FF   |   LUT   | URAM |
+---------------------+---------+-------+---------+---------+------+
|DSP                  |        -|      -|        -|        -|     -|
|Expression           |        -|      -|        0|    11574|     -|
|FIFO                 |        -|      -|        -|        -|     -|
|Instance             |        -|      -|        -|        -|     -|
|Memory               |        -|      -|        -|        -|     -|
|Multiplexer          |        -|      -|        -|        -|     -|
|Register             |        -|      -|     4348|      512|     -|
+---------------------+---------+-------+---------+---------+------+
|Total                |        0|      0|     4348|    12086|     0|
+---------------------+---------+-------+---------+---------+------+
|Available SLR        |     1344|   3072|   864000|   432000|   320|
+---------------------+---------+-------+---------+---------+------+
|Utilization SLR (%)  |        0|      0|       ~0|        2|     0|
+---------------------+---------+-------+---------+---------+------+
|Available            |     5376|  12288|  3456000|  1728000|  1280|
+---------------------+---------+-------+---------+---------+------+
|Utilization (%)      |        0|      0|       ~0|       ~0|     0|
+---------------------+---------+-------+---------+---------+------+

+ Detail: 
    * Instance: 
    N/A

    * DSP: 
    N/A

    * Memory: 
    N/A

    * FIFO: 
    N/A

    * Expression: 
    +---------------------------+----------+----+---+-----+------------+------------+
    |       Variable Name       | Operation| DSP| FF| LUT | Bitwidth P0| Bitwidth P1|
    +---------------------------+----------+----+---+-----+------------+------------+
    |add_ln58_48441_fu_477_p2   |         +|   0|  0|   15|           8|           8|
    |add_ln58_48442_fu_483_p2   |         +|   0|  0|   15|           8|           8|
    |add_ln58_48443_fu_489_p2   |         +|   0|  0|   14|           7|           7|
    |add_ln58_48444_fu_1387_p2  |         +|   0|  0|   16|           9|           9|
    |add_ln58_48445_fu_495_p2   |         +|   0|  0|   15|           8|           8|
    |add_ln58_48446_fu_1396_p2  |         +|   0|  0|   16|           9|           9|
    |add_ln58_48447_fu_1402_p2  |         +|   0|  0|   16|           9|           9|
    |add_ln58_48448_fu_1412_p2  |         +|   0|  0|   15|           8|           8|
    |add_ln58_48449_fu_1418_p2  |         +|   0|  0|   16|           9|           9|
    |add_ln58_48450_fu_1424_p2  |         +|   0|  0|   16|           9|           9|
    |add_ln58_48451_fu_1430_p2  |         +|   0|  0|   16|           9|           9|
    |add_ln58_48452_fu_1436_p2  |         +|   0|  0|   16|           9|           9|
    |add_ln58_48453_fu_1442_p2  |         +|   0|  0|   16|           9|           9|
    |add_ln58_48454_fu_1448_p2  |         +|   0|  0|   16|           9|           9|
    |add_ln58_48455_fu_1454_p2  |         +|   0|  0|   16|           9|           9|
    |add_ln58_48456_fu_1460_p2  |         +|   0|  0|   18|           9|           9|
    |add_ln58_48457_fu_1466_p2  |         +|   0|  0|   15|           8|           8|
    |add_ln58_48458_fu_1475_p2  |         +|   0|  0|   18|           9|           9|
    |add_ln58_48459_fu_1481_p2  |         +|   0|  0|   15|           8|           8|
    |add_ln58_48460_fu_1490_p2  |         +|   0|  0|   14|           7|           7|
    |add_ln58_48461_fu_1500_p2  |         +|   0|  0|   16|           9|           9|
    |add_ln58_48462_fu_2391_p2  |         +|   0|  0|   16|           9|           9|
    |add_ln58_48463_fu_1506_p2  |         +|   0|  0|   15|           8|           8|
    |add_ln58_48464_fu_1516_p2  |         +|   0|  0|   17|          10|          10|
    |add_ln58_48465_fu_1522_p2  |         +|   0|  0|   16|           9|           9|
    |add_ln58_48466_fu_1528_p2  |         +|   0|  0|   15|           8|           8|
    |add_ln58_48467_fu_2406_p2  |         +|   0|  0|   17|          10|          10|
    |add_ln58_48468_fu_1538_p2  |         +|   0|  0|   16|           9|           9|
    |add_ln58_48469_fu_1544_p2  |         +|   0|  0|   14|           7|           7|
    |add_ln58_48470_fu_1554_p2  |         +|   0|  0|   16|           9|           9|
    |add_ln58_48471_fu_1560_p2  |         +|   0|  0|   15|           8|           8|
    |add_ln58_48472_fu_2427_p2  |         +|   0|  0|   18|          10|          10|
    |add_ln58_48473_fu_2433_p2  |         +|   0|  0|   17|          10|          10|
    |add_ln58_48474_fu_2439_p2  |         +|   0|  0|   16|           9|           9|
    |add_ln58_48475_fu_2448_p2  |         +|   0|  0|   17|          10|          10|
    |add_ln58_48476_fu_1566_p2  |         +|   0|  0|   15|           8|           8|
    |add_ln58_48477_fu_2457_p2  |         +|   0|  0|   17|          10|          10|
    |add_ln58_48478_fu_2463_p2  |         +|   0|  0|   18|          10|          10|
    |add_ln58_48479_fu_2469_p2  |         +|   0|  0|   18|          10|          10|
    |add_ln58_48480_fu_2475_p2  |         +|   0|  0|   15|           8|           8|
    |add_ln58_48481_fu_2489_p2  |         +|   0|  0|   15|           8|           8|
    |add_ln58_48482_fu_2499_p2  |         +|   0|  0|   16|           9|           9|
    |add_ln58_48483_fu_5731_p2  |         +|   0|  0|   18|          11|          11|
    |add_ln58_48484_fu_2505_p2  |         +|   0|  0|   15|           8|           8|
    |add_ln58_48485_fu_2515_p2  |         +|   0|  0|   16|           9|           9|
    |add_ln58_48486_fu_2521_p2  |         +|   0|  0|   15|           8|           8|
    |add_ln58_48487_fu_2531_p2  |         +|   0|  0|   15|           8|           8|
    |add_ln58_48488_fu_2540_p2  |         +|   0|  0|   16|           9|           9|
    |add_ln58_48489_fu_5743_p2  |         +|   0|  0|   17|          10|          10|
    |add_ln58_48490_fu_5753_p2  |         +|   0|  0|   17|          11|          11|
    |add_ln58_48491_fu_1572_p2  |         +|   0|  0|   15|           8|           8|
    |add_ln58_48492_fu_2549_p2  |         +|   0|  0|   16|           9|           9|
    |add_ln58_48493_fu_1578_p2  |         +|   0|  0|   14|           7|           7|
    |add_ln58_48494_fu_1584_p2  |         +|   0|  0|   14|           7|           7|
    |add_ln58_48495_fu_2565_p2  |         +|   0|  0|   15|           8|           8|
    |add_ln58_48496_fu_2575_p2  |         +|   0|  0|   17|          10|          10|
    |add_ln58_48497_fu_1590_p2  |         +|   0|  0|   14|           7|           7|
    |add_ln58_48498_fu_2584_p2  |         +|   0|  0|   15|           8|           8|
    |add_ln58_48499_fu_1596_p2  |         +|   0|  0|   14|           7|           7|
    |add_ln58_48500_fu_1602_p2  |         +|   0|  0|   14|           7|           7|
    |add_ln58_48501_fu_2600_p2  |         +|   0|  0|   15|           8|           8|
    |add_ln58_48502_fu_2610_p2  |         +|   0|  0|   16|           9|           9|
    |add_ln58_48503_fu_5765_p2  |         +|   0|  0|   18|          11|          11|
    |add_ln58_48504_fu_5771_p2  |         +|   0|  0|   17|          11|          11|
    |add_ln58_48505_fu_1608_p2  |         +|   0|  0|   14|           7|           7|
    |add_ln58_48506_fu_2622_p2  |         +|   0|  0|   18|          10|          10|
    |add_ln58_48507_fu_2628_p2  |         +|   0|  0|   18|          10|          10|
    |add_ln58_48508_fu_2634_p2  |         +|   0|  0|   15|           8|           8|
    |add_ln58_48509_fu_2644_p2  |         +|   0|  0|   16|           9|           9|
    |add_ln58_48510_fu_5786_p2  |         +|   0|  0|   18|          11|          11|
    |add_ln58_48511_fu_2650_p2  |         +|   0|  0|   15|           8|           8|
    |add_ln58_48512_fu_2660_p2  |         +|   0|  0|   15|           8|           8|
    |add_ln58_48513_fu_2670_p2  |         +|   0|  0|   16|           9|           9|
    |add_ln58_48514_fu_5795_p2  |         +|   0|  0|   17|          10|          10|
    |add_ln58_48515_fu_5805_p2  |         +|   0|  0|   17|          11|          11|
    |add_ln58_48516_fu_1614_p2  |         +|   0|  0|   15|           8|           8|
    |add_ln58_48517_fu_2679_p2  |         +|   0|  0|   16|           9|           9|
    |add_ln58_48518_fu_1620_p2  |         +|   0|  0|   14|           7|           7|
    |add_ln58_48519_fu_2695_p2  |         +|   0|  0|   15|           8|           8|
    |add_ln58_48520_fu_2704_p2  |         +|   0|  0|   17|          10|          10|
    |add_ln58_48521_fu_1626_p2  |         +|   0|  0|   14|           7|           7|
    |add_ln58_48522_fu_2713_p2  |         +|   0|  0|   15|           8|           8|
    |add_ln58_48523_fu_1632_p2  |         +|   0|  0|   14|           7|           7|
    |add_ln58_48524_fu_2726_p2  |         +|   0|  0|   15|           8|           8|
    |add_ln58_48525_fu_2736_p2  |         +|   0|  0|   16|           9|           9|
    |add_ln58_48526_fu_5817_p2  |         +|   0|  0|   18|          11|          11|
    |add_ln58_48527_fu_5823_p2  |         +|   0|  0|   17|          11|          11|
    |add_ln58_48528_fu_2742_p2  |         +|   0|  0|   17|          10|          10|
    |add_ln58_48529_fu_2748_p2  |         +|   0|  0|   15|           8|           8|
    |add_ln58_48530_fu_2758_p2  |         +|   0|  0|   16|           9|           9|
    |add_ln58_48531_fu_5835_p2  |         +|   0|  0|   18|          11|          11|
    |add_ln58_48532_fu_2764_p2  |         +|   0|  0|   15|           8|           8|
    |add_ln58_48533_fu_2773_p2  |         +|   0|  0|   16|           9|           9|
    |add_ln58_48534_fu_2779_p2  |         +|   0|  0|   15|           8|           8|
    |add_ln58_48535_fu_2787_p2  |         +|   0|  0|   16|           9|           9|
    |add_ln58_48536_fu_5847_p2  |         +|   0|  0|   17|          10|          10|
    |add_ln58_48537_fu_5857_p2  |         +|   0|  0|   17|          11|          11|
    |add_ln58_48538_fu_2793_p2  |         +|   0|  0|   15|           8|           8|
    |add_ln58_48539_fu_2802_p2  |         +|   0|  0|   18|           9|           9|
    |add_ln58_48540_fu_1638_p2  |         +|   0|  0|   14|           7|           7|
    |add_ln58_48541_fu_2811_p2  |         +|   0|  0|   15|           8|           8|
    |add_ln58_48542_fu_2820_p2  |         +|   0|  0|   18|           9|           9|
    |add_ln58_48543_fu_1644_p2  |         +|   0|  0|   14|           7|           7|
    |add_ln58_48544_fu_2829_p2  |         +|   0|  0|   15|           8|           8|
    |add_ln58_48545_fu_1650_p2  |         +|   0|  0|   14|           7|           7|
    |add_ln58_48546_fu_1656_p2  |         +|   0|  0|   14|           7|           7|
    |add_ln58_48547_fu_2844_p2  |         +|   0|  0|   15|           8|           8|
    |add_ln58_48548_fu_2854_p2  |         +|   0|  0|   16|           9|           9|
    |add_ln58_48549_fu_5869_p2  |         +|   0|  0|   17|          10|          10|
    |add_ln58_48550_fu_5879_p2  |         +|   0|  0|   17|          11|          11|
    |add_ln58_48551_fu_2860_p2  |         +|   0|  0|   15|           8|           8|
    |add_ln58_48552_fu_2869_p2  |         +|   0|  0|   17|          10|          10|
    |add_ln58_48553_fu_2875_p2  |         +|   0|  0|   15|           8|           8|
    |add_ln58_48554_fu_2885_p2  |         +|   0|  0|   16|           9|           9|
    |add_ln58_48555_fu_5891_p2  |         +|   0|  0|   18|          11|          11|
    |add_ln58_48556_fu_2891_p2  |         +|   0|  0|   15|           8|           8|
    |add_ln58_48557_fu_2901_p2  |         +|   0|  0|   16|           9|           9|
    |add_ln58_48558_fu_2907_p2  |         +|   0|  0|   15|           8|           8|
    |add_ln58_48559_fu_2917_p2  |         +|   0|  0|   15|           8|           8|
    |add_ln58_48560_fu_2926_p2  |         +|   0|  0|   16|           9|           9|
    |add_ln58_48561_fu_5903_p2  |         +|   0|  0|   17|          10|          10|
    |add_ln58_48562_fu_5913_p2  |         +|   0|  0|   17|          11|          11|
    |add_ln58_48563_fu_1662_p2  |         +|   0|  0|   14|           7|           7|
    |add_ln58_48564_fu_2935_p2  |         +|   0|  0|   15|           8|           8|
    |add_ln58_48565_fu_1668_p2  |         +|   0|  0|   14|           7|           7|
    |add_ln58_48566_fu_1674_p2  |         +|   0|  0|   14|           7|           7|
    |add_ln58_48567_fu_2951_p2  |         +|   0|  0|   15|           8|           8|
    |add_ln58_48568_fu_2961_p2  |         +|   0|  0|   16|           9|           9|
    |add_ln58_48569_fu_1680_p2  |         +|   0|  0|   14|           7|           7|
    |add_ln58_48570_fu_2970_p2  |         +|   0|  0|   15|           8|           8|
    |add_ln58_48571_fu_1686_p2  |         +|   0|  0|   14|           7|           7|
    |add_ln58_48572_fu_2983_p2  |         +|   0|  0|   15|           8|           8|
    |add_ln58_48573_fu_2993_p2  |         +|   0|  0|   16|           9|           9|
    |add_ln58_48574_fu_5925_p2  |         +|   0|  0|   17|          10|          10|
    |add_ln58_48575_fu_5935_p2  |         +|   0|  0|   17|          11|          11|
    |add_ln58_48576_fu_2999_p2  |         +|   0|  0|   15|           8|           8|
    |add_ln58_48577_fu_3009_p2  |         +|   0|  0|   17|          10|          10|
    |add_ln58_48578_fu_3015_p2  |         +|   0|  0|   15|           8|           8|
    |add_ln58_48579_fu_3025_p2  |         +|   0|  0|   16|           9|           9|
    |add_ln58_48580_fu_5947_p2  |         +|   0|  0|   18|          11|          11|
    |add_ln58_48581_fu_3031_p2  |         +|   0|  0|   16|           9|           9|
    |add_ln58_48582_fu_1692_p2  |         +|   0|  0|   15|           8|           8|
    |add_ln58_48583_fu_1698_p2  |         +|   0|  0|   14|           7|           7|
    |add_ln58_48584_fu_3043_p2  |         +|   0|  0|   16|           9|           9|
    |add_ln58_48585_fu_5959_p2  |         +|   0|  0|   17|          10|          10|
    |add_ln58_48586_fu_5969_p2  |         +|   0|  0|   17|          11|          11|
    |add_ln58_48587_fu_1704_p2  |         +|   0|  0|   14|           7|           7|
    |add_ln58_48588_fu_3052_p2  |         +|   0|  0|   15|           8|           8|
    |add_ln58_48589_fu_1710_p2  |         +|   0|  0|   14|           7|           7|
    |add_ln58_48590_fu_3065_p2  |         +|   0|  0|   15|           8|           8|
    |add_ln58_48591_fu_3074_p2  |         +|   0|  0|   16|           9|           9|
    |add_ln58_48592_fu_1716_p2  |         +|   0|  0|   14|           7|           7|
    |add_ln58_48593_fu_3083_p2  |         +|   0|  0|   15|           8|           8|
    |add_ln58_48594_fu_1722_p2  |         +|   0|  0|   14|           7|           7|
    |add_ln58_48595_fu_1732_p2  |         +|   0|  0|   14|           7|           7|
    |add_ln58_48596_fu_1742_p2  |         +|   0|  0|   15|           8|           8|
    |add_ln58_48597_fu_3096_p2  |         +|   0|  0|   16|           9|           9|
    |add_ln58_48598_fu_5981_p2  |         +|   0|  0|   17|          10|          10|
    |add_ln58_48599_fu_5991_p2  |         +|   0|  0|   17|          11|          11|
    |add_ln58_48600_fu_3102_p2  |         +|   0|  0|   15|           8|           8|
    |add_ln58_48601_fu_3112_p2  |         +|   0|  0|   17|          10|          10|
    |add_ln58_48602_fu_3118_p2  |         +|   0|  0|   16|           9|           9|
    |add_ln58_48603_fu_6003_p2  |         +|   0|  0|   18|          11|          11|
    |add_ln58_48604_fu_3124_p2  |         +|   0|  0|   15|           8|           8|
    |add_ln58_48605_fu_3134_p2  |         +|   0|  0|   16|           9|           9|
    |add_ln58_48606_fu_1748_p2  |         +|   0|  0|   15|           8|           8|
    |add_ln58_48607_fu_3143_p2  |         +|   0|  0|   16|           9|           9|
    |add_ln58_48608_fu_6015_p2  |         +|   0|  0|   17|          10|          10|
    |add_ln58_48609_fu_6025_p2  |         +|   0|  0|   17|          11|          11|
    |add_ln58_48610_fu_3149_p2  |         +|   0|  0|   15|           8|           8|
    |add_ln58_48611_fu_3158_p2  |         +|   0|  0|   18|           9|           9|
    |add_ln58_48612_fu_3164_p2  |         +|   0|  0|   15|           8|           8|
    |add_ln58_48613_fu_3174_p2  |         +|   0|  0|   18|           9|           9|
    |add_ln58_48614_fu_1754_p2  |         +|   0|  0|   14|           7|           7|
    |add_ln58_48615_fu_1760_p2  |         +|   0|  0|   14|           7|           7|
    |add_ln58_48616_fu_3186_p2  |         +|   0|  0|   15|           8|           8|
    |add_ln58_48617_fu_3196_p2  |         +|   0|  0|   16|           9|           9|
    |add_ln58_48618_fu_6037_p2  |         +|   0|  0|   17|          10|          10|
    |add_ln58_48619_fu_6047_p2  |         +|   0|  0|   17|          11|          11|
    |add_ln58_48620_fu_3202_p2  |         +|   0|  0|   15|           8|           8|
    |add_ln58_48621_fu_3215_p2  |         +|   0|  0|   16|           9|           9|
    |add_ln58_48622_fu_3221_p2  |         +|   0|  0|   15|           8|           8|
    |add_ln58_48623_fu_3231_p2  |         +|   0|  0|   16|           9|           9|
    |add_ln58_48624_fu_6059_p2  |         +|   0|  0|   17|          10|          10|
    |add_ln58_48625_fu_3237_p2  |         +|   0|  0|   15|           8|           8|
    |add_ln58_48626_fu_3246_p2  |         +|   0|  0|   16|           9|           9|
    |add_ln58_48627_fu_3252_p2  |         +|   0|  0|   18|          10|          10|
    |add_ln58_48628_fu_1766_p2  |         +|   0|  0|   14|           7|           7|
    |add_ln58_48629_fu_3264_p2  |         +|   0|  0|   18|          10|          10|
    |add_ln58_48630_fu_6075_p2  |         +|   0|  0|   18|          11|          11|
    |add_ln58_48631_fu_6081_p2  |         +|   0|  0|   17|          11|          11|
    |add_ln58_48632_fu_1772_p2  |         +|   0|  0|   14|           7|           7|
    |add_ln58_48633_fu_3273_p2  |         +|   0|  0|   15|           8|           8|
    |add_ln58_48634_fu_1778_p2  |         +|   0|  0|   14|           7|           7|
    |add_ln58_48635_fu_3286_p2  |         +|   0|  0|   15|           8|           8|
    |add_ln58_48636_fu_3296_p2  |         +|   0|  0|   16|           9|           9|
    |add_ln58_48637_fu_3302_p2  |         +|   0|  0|   15|           8|           8|
    |add_ln58_48638_fu_1784_p2  |         +|   0|  0|   14|           7|           7|
    |add_ln58_48639_fu_3315_p2  |         +|   0|  0|   15|           8|           8|
    |add_ln58_48640_fu_3325_p2  |         +|   0|  0|   16|           9|           9|
    |add_ln58_48641_fu_6093_p2  |         +|   0|  0|   17|          10|          10|
    |add_ln58_48642_fu_6103_p2  |         +|   0|  0|   17|          11|          11|
    |add_ln58_48643_fu_3331_p2  |         +|   0|  0|   18|          10|          10|
    |add_ln58_48644_fu_3337_p2  |         +|   0|  0|   18|          10|          10|
    |add_ln58_48645_fu_3343_p2  |         +|   0|  0|   15|           8|           8|
    |add_ln58_48646_fu_3353_p2  |         +|   0|  0|   16|           9|           9|
    |add_ln58_48647_fu_6115_p2  |         +|   0|  0|   18|          11|          11|
    |add_ln58_48648_fu_3359_p2  |         +|   0|  0|   15|           8|           8|
    |add_ln58_48649_fu_3369_p2  |         +|   0|  0|   16|           9|           9|
    |add_ln58_48650_fu_3375_p2  |         +|   0|  0|   15|           8|           8|
    |add_ln58_48651_fu_3384_p2  |         +|   0|  0|   16|           9|           9|
    |add_ln58_48652_fu_6127_p2  |         +|   0|  0|   17|          10|          10|
    |add_ln58_48653_fu_6137_p2  |         +|   0|  0|   17|          11|          11|
    |add_ln58_48654_fu_1790_p2  |         +|   0|  0|   14|           7|           7|
    |add_ln58_48655_fu_3393_p2  |         +|   0|  0|   15|           8|           8|
    |add_ln58_48656_fu_1796_p2  |         +|   0|  0|   14|           7|           7|
    |add_ln58_48657_fu_3406_p2  |         +|   0|  0|   15|           8|           8|
    |add_ln58_48658_fu_3416_p2  |         +|   0|  0|   16|           9|           9|
    |add_ln58_48659_fu_1802_p2  |         +|   0|  0|   14|           7|           7|
    |add_ln58_48660_fu_1812_p2  |         +|   0|  0|   15|           8|           8|
    |add_ln58_48661_fu_1818_p2  |         +|   0|  0|   14|           7|           7|
    |add_ln58_48662_fu_1824_p2  |         +|   0|  0|   14|           7|           7|
    |add_ln58_48663_fu_3431_p2  |         +|   0|  0|   15|           8|           8|
    |add_ln58_48664_fu_3441_p2  |         +|   0|  0|   16|           9|           9|
    |add_ln58_48665_fu_6149_p2  |         +|   0|  0|   17|          10|          10|
    |add_ln58_48666_fu_6159_p2  |         +|   0|  0|   17|          11|          11|
    |add_ln58_48667_fu_1830_p2  |         +|   0|  0|   14|           7|           7|
    |add_ln58_48668_fu_3450_p2  |         +|   0|  0|   16|           9|           9|
    |add_ln58_48669_fu_3459_p2  |         +|   0|  0|   17|          10|          10|
    |add_ln58_48670_fu_3465_p2  |         +|   0|  0|   15|           8|           8|
    |add_ln58_48671_fu_3479_p2  |         +|   0|  0|   15|           8|           8|
    |add_ln58_48672_fu_3489_p2  |         +|   0|  0|   16|           9|           9|
    |add_ln58_48673_fu_6171_p2  |         +|   0|  0|   18|          11|          11|
    |add_ln58_48674_fu_3495_p2  |         +|   0|  0|   16|           9|           9|
    |add_ln58_48675_fu_3501_p2  |         +|   0|  0|   15|           8|           8|
    |add_ln58_48676_fu_3510_p2  |         +|   0|  0|   16|           9|           9|
    |add_ln58_48677_fu_6183_p2  |         +|   0|  0|   17|          10|          10|
    |add_ln58_48678_fu_6193_p2  |         +|   0|  0|   17|          11|          11|
    |add_ln58_48679_fu_3516_p2  |         +|   0|  0|   15|           8|           8|
    |add_ln58_48680_fu_1836_p2  |         +|   0|  0|   14|           7|           7|
    |add_ln58_48681_fu_3528_p2  |         +|   0|  0|   15|           8|           8|
    |add_ln58_48682_fu_3538_p2  |         +|   0|  0|   16|           9|           9|
    |add_ln58_48683_fu_1842_p2  |         +|   0|  0|   14|           7|           7|
    |add_ln58_48684_fu_3547_p2  |         +|   0|  0|   15|           8|           8|
    |add_ln58_48685_fu_1848_p2  |         +|   0|  0|   14|           7|           7|
    |add_ln58_48686_fu_3559_p2  |         +|   0|  0|   15|           8|           8|
    |add_ln58_48687_fu_3569_p2  |         +|   0|  0|   16|           9|           9|
    |add_ln58_48688_fu_6205_p2  |         +|   0|  0|   17|          10|          10|
    |add_ln58_48689_fu_6215_p2  |         +|   0|  0|   17|          11|          11|
    |add_ln58_48690_fu_3575_p2  |         +|   0|  0|   15|           8|           8|
    |add_ln58_48691_fu_3583_p2  |         +|   0|  0|   16|           9|           9|
    |add_ln58_48692_fu_3589_p2  |         +|   0|  0|   15|           8|           8|
    |add_ln58_48693_fu_3599_p2  |         +|   0|  0|   16|           9|           9|
    |add_ln58_48694_fu_6227_p2  |         +|   0|  0|   17|          10|          10|
    |add_ln58_48695_fu_3605_p2  |         +|   0|  0|   16|           9|           9|
    |add_ln58_48696_fu_1854_p2  |         +|   0|  0|   16|           9|           9|
    |add_ln58_48697_fu_3621_p2  |         +|   0|  0|   18|          10|          10|
    |add_ln58_48698_fu_3627_p2  |         +|   0|  0|   18|          10|          10|
    |add_ln58_48699_fu_6240_p2  |         +|   0|  0|   17|          11|          11|
    |add_ln58_48700_fu_1860_p2  |         +|   0|  0|   14|           7|           7|
    |add_ln58_48701_fu_3636_p2  |         +|   0|  0|   15|           8|           8|
    |add_ln58_48702_fu_3646_p2  |         +|   0|  0|   16|           9|           9|
    |add_ln58_48703_fu_3652_p2  |         +|   0|  0|   15|           8|           8|
    |add_ln58_48704_fu_1866_p2  |         +|   0|  0|   14|           7|           7|
    |add_ln58_48705_fu_3665_p2  |         +|   0|  0|   15|           8|           8|
    |add_ln58_48706_fu_3675_p2  |         +|   0|  0|   16|           9|           9|
    |add_ln58_48707_fu_6252_p2  |         +|   0|  0|   17|          10|          10|
    |add_ln58_48708_fu_6262_p2  |         +|   0|  0|   17|          11|          11|
    |add_ln58_48709_fu_3681_p2  |         +|   0|  0|   17|          10|          10|
    |add_ln58_48710_fu_3687_p2  |         +|   0|  0|   15|           8|           8|
    |add_ln58_48711_fu_3697_p2  |         +|   0|  0|   15|           8|           8|
    |add_ln58_48712_fu_3707_p2  |         +|   0|  0|   16|           9|           9|
    |add_ln58_48713_fu_6274_p2  |         +|   0|  0|   18|          11|          11|
    |add_ln58_48714_fu_3713_p2  |         +|   0|  0|   16|           9|           9|
    |add_ln58_48715_fu_1872_p2  |         +|   0|  0|   14|           7|           7|
    |add_ln58_48716_fu_3726_p2  |         +|   0|  0|   15|           8|           8|
    |add_ln58_48717_fu_3736_p2  |         +|   0|  0|   17|          10|          10|
    |add_ln58_48718_fu_6283_p2  |         +|   0|  0|   17|          11|          11|
    |add_ln58_48719_fu_3742_p2  |         +|   0|  0|   15|           8|           8|
    |add_ln58_48720_fu_1878_p2  |         +|   0|  0|   14|           7|           7|
    |add_ln58_48721_fu_3755_p2  |         +|   0|  0|   15|           8|           8|
    |add_ln58_48722_fu_3765_p2  |         +|   0|  0|   16|           9|           9|
    |add_ln58_48723_fu_6292_p2  |         +|   0|  0|   17|          10|          10|
    |add_ln58_48724_fu_6302_p2  |         +|   0|  0|   17|          11|          11|
    |add_ln58_48725_fu_3771_p2  |         +|   0|  0|   15|           8|           8|
    |add_ln58_48726_fu_3779_p2  |         +|   0|  0|   18|          10|          10|
    |add_ln58_48727_fu_3785_p2  |         +|   0|  0|   17|          10|          10|
    |add_ln58_48728_fu_3791_p2  |         +|   0|  0|   15|           8|           8|
    |add_ln58_48729_fu_3801_p2  |         +|   0|  0|   16|           9|           9|
    |add_ln58_48730_fu_6314_p2  |         +|   0|  0|   18|          11|          11|
    |add_ln58_48731_fu_3807_p2  |         +|   0|  0|   16|           9|           9|
    |add_ln58_48732_fu_3813_p2  |         +|   0|  0|   15|           8|           8|
    |add_ln58_48733_fu_3821_p2  |         +|   0|  0|   16|           9|           9|
    |add_ln58_48734_fu_6326_p2  |         +|   0|  0|   17|          10|          10|
    |add_ln58_48735_fu_6336_p2  |         +|   0|  0|   17|          11|          11|
    |add_ln58_48736_fu_3827_p2  |         +|   0|  0|   15|           8|           8|
    |add_ln58_48737_fu_3836_p2  |         +|   0|  0|   18|           9|           9|
    |add_ln58_48738_fu_3842_p2  |         +|   0|  0|   15|           8|           8|
    |add_ln58_48739_fu_3852_p2  |         +|   0|  0|   18|           9|           9|
    |add_ln58_48740_fu_3858_p2  |         +|   0|  0|   15|           8|           8|
    |add_ln58_48741_fu_1884_p2  |         +|   0|  0|   14|           7|           7|
    |add_ln58_48742_fu_1894_p2  |         +|   0|  0|   14|           7|           7|
    |add_ln58_48743_fu_1904_p2  |         +|   0|  0|   15|           8|           8|
    |add_ln58_48744_fu_3870_p2  |         +|   0|  0|   16|           9|           9|
    |add_ln58_48745_fu_6348_p2  |         +|   0|  0|   17|          10|          10|
    |add_ln58_48746_fu_6358_p2  |         +|   0|  0|   17|          11|          11|
    |add_ln58_48747_fu_3876_p2  |         +|   0|  0|   17|          10|          10|
    |add_ln58_48748_fu_3882_p2  |         +|   0|  0|   15|           8|           8|
    |add_ln58_48749_fu_3892_p2  |         +|   0|  0|   16|           9|           9|
    |add_ln58_48750_fu_6370_p2  |         +|   0|  0|   18|          11|          11|
    |add_ln58_48751_fu_3898_p2  |         +|   0|  0|   15|           8|           8|
    |add_ln58_48752_fu_3908_p2  |         +|   0|  0|   16|           9|           9|
    |add_ln58_48753_fu_3914_p2  |         +|   0|  0|   16|           9|           9|
    |add_ln58_48754_fu_6382_p2  |         +|   0|  0|   17|          10|          10|
    |add_ln58_48755_fu_6392_p2  |         +|   0|  0|   17|          11|          11|
    |add_ln58_48756_fu_1910_p2  |         +|   0|  0|   15|           8|           8|
    |add_ln58_48757_fu_3923_p2  |         +|   0|  0|   16|           9|           9|
    |add_ln58_48758_fu_1916_p2  |         +|   0|  0|   14|           7|           7|
    |add_ln58_48759_fu_1926_p2  |         +|   0|  0|   14|           7|           7|
    |add_ln58_48760_fu_1936_p2  |         +|   0|  0|   15|           8|           8|
    |add_ln58_48761_fu_3936_p2  |         +|   0|  0|   17|          10|          10|
    |add_ln58_48762_fu_1942_p2  |         +|   0|  0|   14|           7|           7|
    |add_ln58_48763_fu_3945_p2  |         +|   0|  0|   15|           8|           8|
    |add_ln58_48764_fu_3955_p2  |         +|   0|  0|   16|           9|           9|
    |add_ln58_48765_fu_6404_p2  |         +|   0|  0|   18|          11|          11|
    |add_ln58_48766_fu_6410_p2  |         +|   0|  0|   17|          11|          11|
    |add_ln58_48767_fu_3961_p2  |         +|   0|  0|   18|          10|          10|
    |add_ln58_48768_fu_3967_p2  |         +|   0|  0|   18|          10|          10|
    |add_ln58_48769_fu_3973_p2  |         +|   0|  0|   15|           8|           8|
    |add_ln58_48770_fu_3983_p2  |         +|   0|  0|   16|           9|           9|
    |add_ln58_48771_fu_6422_p2  |         +|   0|  0|   18|          11|          11|
    |add_ln58_48772_fu_3989_p2  |         +|   0|  0|   16|           9|           9|
    |add_ln58_48773_fu_3995_p2  |         +|   0|  0|   16|           9|           9|
    |add_ln58_48774_fu_6434_p2  |         +|   0|  0|   17|          10|          10|
    |add_ln58_48775_fu_6444_p2  |         +|   0|  0|   17|          11|          11|
    |add_ln58_48776_fu_1948_p2  |         +|   0|  0|   15|           8|           8|
    |add_ln58_48777_fu_4004_p2  |         +|   0|  0|   16|           9|           9|
    |add_ln58_48778_fu_4014_p2  |         +|   0|  0|   17|          10|          10|
    |add_ln58_48779_fu_4023_p2  |         +|   0|  0|   15|           8|           8|
    |add_ln58_48780_fu_1954_p2  |         +|   0|  0|   14|           7|           7|
    |add_ln58_48781_fu_4036_p2  |         +|   0|  0|   15|           8|           8|
    |add_ln58_48782_fu_4046_p2  |         +|   0|  0|   16|           9|           9|
    |add_ln58_48783_fu_6456_p2  |         +|   0|  0|   18|          11|          11|
    |add_ln58_48784_fu_6462_p2  |         +|   0|  0|   17|          11|          11|
    |add_ln58_48785_fu_4052_p2  |         +|   0|  0|   18|          10|          10|
    |add_ln58_48786_fu_4058_p2  |         +|   0|  0|   18|          10|          10|
    |add_ln58_48787_fu_4064_p2  |         +|   0|  0|   15|           8|           8|
    |add_ln58_48788_fu_4073_p2  |         +|   0|  0|   15|           8|           8|
    |add_ln58_48789_fu_4083_p2  |         +|   0|  0|   16|           9|           9|
    |add_ln58_48790_fu_6474_p2  |         +|   0|  0|   18|          11|          11|
    |add_ln58_48791_fu_4089_p2  |         +|   0|  0|   15|           8|           8|
    |add_ln58_48792_fu_4099_p2  |         +|   0|  0|   16|           9|           9|
    |add_ln58_48793_fu_4105_p2  |         +|   0|  0|   15|           8|           8|
    |add_ln58_48794_fu_4115_p2  |         +|   0|  0|   15|           8|           8|
    |add_ln58_48795_fu_4125_p2  |         +|   0|  0|   16|           9|           9|
    |add_ln58_48796_fu_6486_p2  |         +|   0|  0|   17|          10|          10|
    |add_ln58_48797_fu_6496_p2  |         +|   0|  0|   17|          11|          11|
    |add_ln58_48798_fu_1960_p2  |         +|   0|  0|   15|           8|           8|
    |add_ln58_48799_fu_4134_p2  |         +|   0|  0|   16|           9|           9|
    |add_ln58_48800_fu_1966_p2  |         +|   0|  0|   15|           8|           8|
    |add_ln58_48801_fu_4147_p2  |         +|   0|  0|   16|           9|           9|
    |add_ln58_48802_fu_4157_p2  |         +|   0|  0|   17|          10|          10|
    |add_ln58_48803_fu_1972_p2  |         +|   0|  0|   14|           7|           7|
    |add_ln58_48804_fu_4166_p2  |         +|   0|  0|   15|           8|           8|
    |add_ln58_48805_fu_1978_p2  |         +|   0|  0|   14|           7|           7|
    |add_ln58_48806_fu_4179_p2  |         +|   0|  0|   15|           8|           8|
    |add_ln58_48807_fu_4189_p2  |         +|   0|  0|   16|           9|           9|
    |add_ln58_48808_fu_6508_p2  |         +|   0|  0|   18|          11|          11|
    |add_ln58_48809_fu_6514_p2  |         +|   0|  0|   17|          11|          11|
    |add_ln58_48810_fu_4195_p2  |         +|   0|  0|   16|           9|           9|
    |add_ln58_48811_fu_4204_p2  |         +|   0|  0|   17|          10|          10|
    |add_ln58_48812_fu_6523_p2  |         +|   0|  0|   18|          11|          11|
    |add_ln58_48813_fu_4210_p2  |         +|   0|  0|   15|           8|           8|
    |add_ln58_48814_fu_4220_p2  |         +|   0|  0|   16|           9|           9|
    |add_ln58_48815_fu_6532_p2  |         +|   0|  0|   17|          10|          10|
    |add_ln58_48816_fu_6542_p2  |         +|   0|  0|   17|          11|          11|
    |add_ln58_48817_fu_4226_p2  |         +|   0|  0|   15|           8|           8|
    |add_ln58_48818_fu_4235_p2  |         +|   0|  0|   16|           9|           9|
    |add_ln58_48819_fu_1984_p2  |         +|   0|  0|   14|           7|           7|
    |add_ln58_48820_fu_4244_p2  |         +|   0|  0|   15|           8|           8|
    |add_ln58_48821_fu_6554_p2  |         +|   0|  0|   18|          10|          10|
    |add_ln58_48822_fu_1990_p2  |         +|   0|  0|   14|           7|           7|
    |add_ln58_48823_fu_4253_p2  |         +|   0|  0|   15|           8|           8|
    |add_ln58_48824_fu_4263_p2  |         +|   0|  0|   15|           8|           8|
    |add_ln58_48825_fu_4273_p2  |         +|   0|  0|   16|           9|           9|
    |add_ln58_48826_fu_6563_p2  |         +|   0|  0|   18|          10|          10|
    |add_ln58_48827_fu_6573_p2  |         +|   0|  0|   17|          11|          11|
    |add_ln58_48828_fu_4279_p2  |         +|   0|  0|   16|           9|           9|
    |add_ln58_48829_fu_4288_p2  |         +|   0|  0|   17|          10|          10|
    |add_ln58_48830_fu_4294_p2  |         +|   0|  0|   15|           8|           8|
    |add_ln58_48831_fu_4307_p2  |         +|   0|  0|   16|           9|           9|
    |add_ln58_48832_fu_6585_p2  |         +|   0|  0|   18|          11|          11|
    |add_ln58_48833_fu_4313_p2  |         +|   0|  0|   16|           9|           9|
    |add_ln58_48834_fu_4319_p2  |         +|   0|  0|   15|           8|           8|
    |add_ln58_48835_fu_4329_p2  |         +|   0|  0|   15|           8|           8|
    |add_ln58_48836_fu_4339_p2  |         +|   0|  0|   16|           9|           9|
    |add_ln58_48837_fu_6600_p2  |         +|   0|  0|   17|          10|          10|
    |add_ln58_48838_fu_6610_p2  |         +|   0|  0|   17|          11|          11|
    |add_ln58_48839_fu_1996_p2  |         +|   0|  0|   15|           8|           8|
    |add_ln58_48840_fu_4348_p2  |         +|   0|  0|   16|           9|           9|
    |add_ln58_48841_fu_4358_p2  |         +|   0|  0|   17|          10|          10|
    |add_ln58_48842_fu_2002_p2  |         +|   0|  0|   14|           7|           7|
    |add_ln58_48843_fu_4367_p2  |         +|   0|  0|   15|           8|           8|
    |add_ln58_48844_fu_2008_p2  |         +|   0|  0|   14|           7|           7|
    |add_ln58_48845_fu_2014_p2  |         +|   0|  0|   14|           7|           7|
    |add_ln58_48846_fu_4383_p2  |         +|   0|  0|   15|           8|           8|
    |add_ln58_48847_fu_4393_p2  |         +|   0|  0|   16|           9|           9|
    |add_ln58_48848_fu_6622_p2  |         +|   0|  0|   18|          11|          11|
    |add_ln58_48849_fu_6628_p2  |         +|   0|  0|   17|          11|          11|
    |add_ln58_48850_fu_4399_p2  |         +|   0|  0|   16|           9|           9|
    |add_ln58_48851_fu_4408_p2  |         +|   0|  0|   17|          10|          10|
    |add_ln58_48852_fu_4414_p2  |         +|   0|  0|   15|           8|           8|
    |add_ln58_48853_fu_4423_p2  |         +|   0|  0|   16|           9|           9|
    |add_ln58_48854_fu_6640_p2  |         +|   0|  0|   18|          11|          11|
    |add_ln58_48855_fu_4429_p2  |         +|   0|  0|   16|           9|           9|
    |add_ln58_48856_fu_4435_p2  |         +|   0|  0|   15|           8|           8|
    |add_ln58_48857_fu_4445_p2  |         +|   0|  0|   16|           9|           9|
    |add_ln58_48858_fu_6652_p2  |         +|   0|  0|   17|          10|          10|
    |add_ln58_48859_fu_6662_p2  |         +|   0|  0|   17|          11|          11|
    |add_ln58_48860_fu_4451_p2  |         +|   0|  0|   16|           9|           9|
    |add_ln58_48861_fu_2020_p2  |         +|   0|  0|   15|           8|           8|
    |add_ln58_48862_fu_2026_p2  |         +|   0|  0|   14|           7|           7|
    |add_ln58_48863_fu_4467_p2  |         +|   0|  0|   16|           9|           9|
    |add_ln58_48864_fu_4477_p2  |         +|   0|  0|   17|          10|          10|
    |add_ln58_48865_fu_4483_p2  |         +|   0|  0|   15|           8|           8|
    |add_ln58_48866_fu_2032_p2  |         +|   0|  0|   15|           8|           8|
    |add_ln58_48867_fu_4496_p2  |         +|   0|  0|   16|           9|           9|
    |add_ln58_48868_fu_6674_p2  |         +|   0|  0|   18|          11|          11|
    |add_ln58_48869_fu_6680_p2  |         +|   0|  0|   17|          11|          11|
    |add_ln58_48870_fu_4502_p2  |         +|   0|  0|   17|          10|          10|
    |add_ln58_48871_fu_4508_p2  |         +|   0|  0|   15|           8|           8|
    |add_ln58_48872_fu_4518_p2  |         +|   0|  0|   16|           9|           9|
    |add_ln58_48873_fu_6692_p2  |         +|   0|  0|   18|          11|          11|
    |add_ln58_48874_fu_4524_p2  |         +|   0|  0|   16|           9|           9|
    |add_ln58_48875_fu_4530_p2  |         +|   0|  0|   15|           8|           8|
    |add_ln58_48876_fu_4538_p2  |         +|   0|  0|   16|           9|           9|
    |add_ln58_48877_fu_6704_p2  |         +|   0|  0|   17|          10|          10|
    |add_ln58_48878_fu_6714_p2  |         +|   0|  0|   17|          11|          11|
    |add_ln58_48879_fu_4544_p2  |         +|   0|  0|   15|           8|           8|
    |add_ln58_48880_fu_4554_p2  |         +|   0|  0|   15|           8|           8|
    |add_ln58_48881_fu_4564_p2  |         +|   0|  0|   16|           9|           9|
    |add_ln58_48882_fu_2038_p2  |         +|   0|  0|   14|           7|           7|
    |add_ln58_48883_fu_4573_p2  |         +|   0|  0|   15|           8|           8|
    |add_ln58_48884_fu_2044_p2  |         +|   0|  0|   14|           7|           7|
    |add_ln58_48885_fu_4586_p2  |         +|   0|  0|   15|           8|           8|
    |add_ln58_48886_fu_4596_p2  |         +|   0|  0|   16|           9|           9|
    |add_ln58_48887_fu_6726_p2  |         +|   0|  0|   17|          10|          10|
    |add_ln58_48888_fu_6736_p2  |         +|   0|  0|   17|          11|          11|
    |add_ln58_48889_fu_4602_p2  |         +|   0|  0|   17|          10|          10|
    |add_ln58_48890_fu_4608_p2  |         +|   0|  0|   16|           9|           9|
    |add_ln58_48891_fu_6748_p2  |         +|   0|  0|   18|          11|          11|
    |add_ln58_48892_fu_4614_p2  |         +|   0|  0|   15|           8|           8|
    |add_ln58_48893_fu_4624_p2  |         +|   0|  0|   16|           9|           9|
    |add_ln58_48894_fu_4630_p2  |         +|   0|  0|   16|           9|           9|
    |add_ln58_48895_fu_6760_p2  |         +|   0|  0|   17|          10|          10|
    |add_ln58_48896_fu_6770_p2  |         +|   0|  0|   17|          11|          11|
    |add_ln58_48897_fu_2050_p2  |         +|   0|  0|   14|           7|           7|
    |add_ln58_48898_fu_4639_p2  |         +|   0|  0|   15|           8|           8|
    |add_ln58_48899_fu_4649_p2  |         +|   0|  0|   15|           8|           8|
    |add_ln58_48900_fu_4659_p2  |         +|   0|  0|   16|           9|           9|
    |add_ln58_48901_fu_4665_p2  |         +|   0|  0|   15|           8|           8|
    |add_ln58_48902_fu_4675_p2  |         +|   0|  0|   16|           9|           9|
    |add_ln58_48903_fu_6782_p2  |         +|   0|  0|   17|          10|          10|
    |add_ln58_48904_fu_6792_p2  |         +|   0|  0|   17|          11|          11|
    |add_ln58_48905_fu_4681_p2  |         +|   0|  0|   17|          10|          10|
    |add_ln58_48906_fu_4687_p2  |         +|   0|  0|   16|           9|           9|
    |add_ln58_48907_fu_6804_p2  |         +|   0|  0|   18|          11|          11|
    |add_ln58_48908_fu_4693_p2  |         +|   0|  0|   15|           8|           8|
    |add_ln58_48909_fu_4703_p2  |         +|   0|  0|   16|           9|           9|
    |add_ln58_48910_fu_4709_p2  |         +|   0|  0|   15|           8|           8|
    |add_ln58_48911_fu_4719_p2  |         +|   0|  0|   15|           8|           8|
    |add_ln58_48912_fu_4728_p2  |         +|   0|  0|   16|           9|           9|
    |add_ln58_48913_fu_6816_p2  |         +|   0|  0|   17|          10|          10|
    |add_ln58_48914_fu_6826_p2  |         +|   0|  0|   17|          11|          11|
    |add_ln58_48915_fu_4734_p2  |         +|   0|  0|   15|           8|           8|
    |add_ln58_48916_fu_4743_p2  |         +|   0|  0|   18|           9|           9|
    |add_ln58_48917_fu_4749_p2  |         +|   0|  0|   15|           8|           8|
    |add_ln58_48918_fu_4759_p2  |         +|   0|  0|   18|           9|           9|
    |add_ln58_48919_fu_2056_p2  |         +|   0|  0|   14|           7|           7|
    |add_ln58_48920_fu_4768_p2  |         +|   0|  0|   15|           8|           8|
    |add_ln58_48921_fu_2062_p2  |         +|   0|  0|   14|           7|           7|
    |add_ln58_48922_fu_4781_p2  |         +|   0|  0|   15|           8|           8|
    |add_ln58_48923_fu_4791_p2  |         +|   0|  0|   16|           9|           9|
    |add_ln58_48924_fu_6838_p2  |         +|   0|  0|   17|          10|          10|
    |add_ln58_48925_fu_6848_p2  |         +|   0|  0|   17|          11|          11|
    |add_ln58_48926_fu_4797_p2  |         +|   0|  0|   15|           8|           8|
    |add_ln58_48927_fu_4805_p2  |         +|   0|  0|   16|           9|           9|
    |add_ln58_48928_fu_4811_p2  |         +|   0|  0|   16|           9|           9|
    |add_ln58_48929_fu_6860_p2  |         +|   0|  0|   17|          10|          10|
    |add_ln58_48930_fu_4817_p2  |         +|   0|  0|   15|           8|           8|
    |add_ln58_48931_fu_4827_p2  |         +|   0|  0|   16|           9|           9|
    |add_ln58_48932_fu_4833_p2  |         +|   0|  0|   15|           8|           8|
    |add_ln58_48933_fu_4841_p2  |         +|   0|  0|   16|           9|           9|
    |add_ln58_48934_fu_6876_p2  |         +|   0|  0|   17|          10|          10|
    |add_ln58_48935_fu_6886_p2  |         +|   0|  0|   17|          11|          11|
    |add_ln58_48936_fu_2068_p2  |         +|   0|  0|   14|           7|           7|
    |add_ln58_48937_fu_4850_p2  |         +|   0|  0|   15|           8|           8|
    |add_ln58_48938_fu_2074_p2  |         +|   0|  0|   14|           7|           7|
    |add_ln58_48939_fu_4862_p2  |         +|   0|  0|   15|           8|           8|
    |add_ln58_48940_fu_4872_p2  |         +|   0|  0|   16|           9|           9|
    |add_ln58_48941_fu_2080_p2  |         +|   0|  0|   14|           7|           7|
    |add_ln58_48942_fu_4878_p2  |         +|   0|  0|   15|           8|           8|
    |add_ln58_48943_fu_4887_p2  |         +|   0|  0|   15|           8|           8|
    |add_ln58_48944_fu_4897_p2  |         +|   0|  0|   16|           9|           9|
    |add_ln58_48945_fu_6898_p2  |         +|   0|  0|   17|          10|          10|
    |add_ln58_48946_fu_6908_p2  |         +|   0|  0|   17|          11|          11|
    |add_ln58_48947_fu_4903_p2  |         +|   0|  0|   15|           8|           8|
    |add_ln58_48948_fu_4916_p2  |         +|   0|  0|   18|          10|          10|
    |add_ln58_48949_fu_4922_p2  |         +|   0|  0|   18|          10|          10|
    |add_ln58_48950_fu_6917_p2  |         +|   0|  0|   18|          11|          11|
    |add_ln58_48951_fu_4928_p2  |         +|   0|  0|   16|           9|           9|
    |add_ln58_48952_fu_4934_p2  |         +|   0|  0|   16|           9|           9|
    |add_ln58_48953_fu_6929_p2  |         +|   0|  0|   17|          10|          10|
    |add_ln58_48954_fu_6939_p2  |         +|   0|  0|   17|          11|          11|
    |add_ln58_48955_fu_2090_p2  |         +|   0|  0|   14|           7|           7|
    |add_ln58_48956_fu_4943_p2  |         +|   0|  0|   15|           8|           8|
    |add_ln58_48957_fu_2096_p2  |         +|   0|  0|   14|           7|           7|
    |add_ln58_48958_fu_4956_p2  |         +|   0|  0|   15|           8|           8|
    |add_ln58_48959_fu_4966_p2  |         +|   0|  0|   16|           9|           9|
    |add_ln58_48960_fu_2102_p2  |         +|   0|  0|   15|           8|           8|
    |add_ln58_48961_fu_4975_p2  |         +|   0|  0|   16|           9|           9|
    |add_ln58_48962_fu_6951_p2  |         +|   0|  0|   17|          10|          10|
    |add_ln58_48963_fu_6961_p2  |         +|   0|  0|   17|          11|          11|
    |add_ln58_48964_fu_4981_p2  |         +|   0|  0|   15|           8|           8|
    |add_ln58_48965_fu_4989_p2  |         +|   0|  0|   17|          10|          10|
    |add_ln58_48966_fu_4994_p2  |         +|   0|  0|   15|           8|           8|
    |add_ln58_48967_fu_5003_p2  |         +|   0|  0|   15|           8|           8|
    |add_ln58_48968_fu_5013_p2  |         +|   0|  0|   16|           9|           9|
    |add_ln58_48969_fu_6973_p2  |         +|   0|  0|   18|          11|          11|
    |add_ln58_48970_fu_5019_p2  |         +|   0|  0|   16|           9|           9|
    |add_ln58_48971_fu_5025_p2  |         +|   0|  0|   15|           8|           8|
    |add_ln58_48972_fu_5033_p2  |         +|   0|  0|   16|           9|           9|
    |add_ln58_48973_fu_6985_p2  |         +|   0|  0|   17|          10|          10|
    |add_ln58_48974_fu_6995_p2  |         +|   0|  0|   17|          11|          11|
    |add_ln58_48975_fu_5039_p2  |         +|   0|  0|   15|           8|           8|
    |add_ln58_48976_fu_5049_p2  |         +|   0|  0|   16|           9|           9|
    |add_ln58_48977_fu_5055_p2  |         +|   0|  0|   16|           9|           9|
    |add_ln58_48978_fu_7007_p2  |         +|   0|  0|   17|          10|          10|
    |add_ln58_48979_fu_7017_p2  |         +|   0|  0|   17|          11|          11|
    |add_ln58_48980_fu_5061_p2  |         +|   0|  0|   17|          10|          10|
    |add_ln58_48981_fu_5066_p2  |         +|   0|  0|   16|           9|           9|
    |add_ln58_48982_fu_7029_p2  |         +|   0|  0|   18|          11|          11|
    |add_ln58_48983_fu_5072_p2  |         +|   0|  0|   15|           8|           8|
    |add_ln58_48984_fu_5082_p2  |         +|   0|  0|   16|           9|           9|
    |add_ln58_48985_fu_5088_p2  |         +|   0|  0|   15|           8|           8|
    |add_ln58_48986_fu_5097_p2  |         +|   0|  0|   15|           8|           8|
    |add_ln58_48987_fu_5105_p2  |         +|   0|  0|   16|           9|           9|
    |add_ln58_48988_fu_7041_p2  |         +|   0|  0|   17|          10|          10|
    |add_ln58_48989_fu_7051_p2  |         +|   0|  0|   17|          11|          11|
    |add_ln58_48990_fu_2108_p2  |         +|   0|  0|   14|           7|           7|
    |add_ln58_48991_fu_5114_p2  |         +|   0|  0|   15|           8|           8|
    |add_ln58_48992_fu_5123_p2  |         +|   0|  0|   15|           8|           8|
    |add_ln58_48993_fu_5133_p2  |         +|   0|  0|   16|           9|           9|
    |add_ln58_48994_fu_5139_p2  |         +|   0|  0|   15|           8|           8|
    |add_ln58_48995_fu_5149_p2  |         +|   0|  0|   15|           8|           8|
    |add_ln58_48996_fu_5159_p2  |         +|   0|  0|   16|           9|           9|
    |add_ln58_48997_fu_7063_p2  |         +|   0|  0|   17|          10|          10|
    |add_ln58_48998_fu_7073_p2  |         +|   0|  0|   17|          11|          11|
    |add_ln58_48999_fu_5165_p2  |         +|   0|  0|   17|          10|          10|
    |add_ln58_49000_fu_5171_p2  |         +|   0|  0|   15|           8|           8|
    |add_ln58_49001_fu_5181_p2  |         +|   0|  0|   16|           9|           9|
    |add_ln58_49002_fu_7085_p2  |         +|   0|  0|   18|          11|          11|
    |add_ln58_49003_fu_5187_p2  |         +|   0|  0|   16|           9|           9|
    |add_ln58_49004_fu_5193_p2  |         +|   0|  0|   15|           8|           8|
    |add_ln58_49005_fu_5201_p2  |         +|   0|  0|   16|           9|           9|
    |add_ln58_49006_fu_7097_p2  |         +|   0|  0|   17|          10|          10|
    |add_ln58_49007_fu_7107_p2  |         +|   0|  0|   17|          11|          11|
    |add_ln58_49008_fu_5206_p2  |         +|   0|  0|   15|           8|           8|
    |add_ln58_49009_fu_5215_p2  |         +|   0|  0|   16|           9|           9|
    |add_ln58_49010_fu_2114_p2  |         +|   0|  0|   14|           7|           7|
    |add_ln58_49011_fu_5224_p2  |         +|   0|  0|   15|           8|           8|
    |add_ln58_49012_fu_5234_p2  |         +|   0|  0|   15|           8|           8|
    |add_ln58_49013_fu_5244_p2  |         +|   0|  0|   16|           9|           9|
    |add_ln58_49014_fu_7119_p2  |         +|   0|  0|   17|          10|          10|
    |add_ln58_49015_fu_7129_p2  |         +|   0|  0|   17|          11|          11|
    |add_ln58_49016_fu_5250_p2  |         +|   0|  0|   17|          10|          10|
    |add_ln58_49017_fu_5256_p2  |         +|   0|  0|   16|           9|           9|
    |add_ln58_49018_fu_7141_p2  |         +|   0|  0|   18|          11|          11|
    |add_ln58_49019_fu_5262_p2  |         +|   0|  0|   16|           9|           9|
    |add_ln58_49020_fu_7150_p2  |         +|   0|  0|   17|          10|          10|
    |add_ln58_49021_fu_7160_p2  |         +|   0|  0|   17|          11|          11|
    |add_ln58_49022_fu_2120_p2  |         +|   0|  0|   14|           7|           7|
    |add_ln58_49023_fu_5271_p2  |         +|   0|  0|   15|           8|           8|
    |add_ln58_49024_fu_5280_p2  |         +|   0|  0|   17|          10|          10|
    |add_ln58_49025_fu_5286_p2  |         +|   0|  0|   15|           8|           8|
    |add_ln58_49026_fu_2126_p2  |         +|   0|  0|   14|           7|           7|
    |add_ln58_49027_fu_5299_p2  |         +|   0|  0|   15|           8|           8|
    |add_ln58_49028_fu_5309_p2  |         +|   0|  0|   16|           9|           9|
    |add_ln58_49029_fu_7172_p2  |         +|   0|  0|   18|          11|          11|
    |add_ln58_49030_fu_7178_p2  |         +|   0|  0|   17|          11|          11|
    |add_ln58_49031_fu_2132_p2  |         +|   0|  0|   15|           8|           8|
    |add_ln58_49032_fu_5321_p2  |         +|   0|  0|   16|           9|           9|
    |add_ln58_49033_fu_5327_p2  |         +|   0|  0|   15|           8|           8|
    |add_ln58_49034_fu_5337_p2  |         +|   0|  0|   16|           9|           9|
    |add_ln58_49035_fu_7190_p2  |         +|   0|  0|   17|          10|          10|
    |add_ln58_49036_fu_5343_p2  |         +|   0|  0|   16|           9|           9|
    |add_ln58_49037_fu_5349_p2  |         +|   0|  0|   16|           9|           9|
    |add_ln58_49038_fu_7206_p2  |         +|   0|  0|   17|          10|          10|
    |add_ln58_49039_fu_7216_p2  |         +|   0|  0|   17|          11|          11|
    |add_ln58_49040_fu_5355_p2  |         +|   0|  0|   18|           9|           9|
    |add_ln58_49041_fu_5361_p2  |         +|   0|  0|   18|           9|           9|
    |add_ln58_49042_fu_5371_p2  |         +|   0|  0|   15|           8|           8|
    |add_ln58_49043_fu_5381_p2  |         +|   0|  0|   17|          10|          10|
    |add_ln58_49044_fu_5387_p2  |         +|   0|  0|   15|           8|           8|
    |add_ln58_49045_fu_2138_p2  |         +|   0|  0|   14|           7|           7|
    |add_ln58_49046_fu_5400_p2  |         +|   0|  0|   15|           8|           8|
    |add_ln58_49047_fu_5410_p2  |         +|   0|  0|   16|           9|           9|
    |add_ln58_49048_fu_7228_p2  |         +|   0|  0|   18|          11|          11|
    |add_ln58_49049_fu_7234_p2  |         +|   0|  0|   17|          11|          11|
    |add_ln58_49050_fu_5416_p2  |         +|   0|  0|   16|           9|           9|
    |add_ln58_49051_fu_5422_p2  |         +|   0|  0|   16|           9|           9|
    |add_ln58_49052_fu_7246_p2  |         +|   0|  0|   17|          10|          10|
    |add_ln58_49053_fu_5428_p2  |         +|   0|  0|   16|           9|           9|
    |add_ln58_49054_fu_5434_p2  |         +|   0|  0|   16|           9|           9|
    |add_ln58_49055_fu_7262_p2  |         +|   0|  0|   17|          10|          10|
    |add_ln58_49056_fu_7272_p2  |         +|   0|  0|   17|          11|          11|
    |add_ln58_49057_fu_5443_p2  |         +|   0|  0|   18|          10|          10|
    |add_ln58_49058_fu_5449_p2  |         +|   0|  0|   15|           8|           8|
    |add_ln58_49059_fu_5459_p2  |         +|   0|  0|   18|          10|          10|
    |add_ln58_49060_fu_5465_p2  |         +|   0|  0|   15|           8|           8|
    |add_ln58_49061_fu_5475_p2  |         +|   0|  0|   16|           9|           9|
    |add_ln58_49062_fu_7284_p2  |         +|   0|  0|   18|          11|          11|
    |add_ln58_49063_fu_7290_p2  |         +|   0|  0|   17|          11|          11|
    |add_ln58_49064_fu_5481_p2  |         +|   0|  0|   16|           9|           9|
    |add_ln58_49065_fu_5490_p2  |         +|   0|  0|   17|          10|          10|
    |add_ln58_49066_fu_5496_p2  |         +|   0|  0|   15|           8|           8|
    |add_ln58_49067_fu_5505_p2  |         +|   0|  0|   16|           9|           9|
    |add_ln58_49068_fu_7302_p2  |         +|   0|  0|   18|          11|          11|
    |add_ln58_49069_fu_5511_p2  |         +|   0|  0|   16|           9|           9|
    |add_ln58_49070_fu_5517_p2  |         +|   0|  0|   15|           8|           8|
    |add_ln58_49071_fu_5527_p2  |         +|   0|  0|   15|           8|           8|
    |add_ln58_49072_fu_5536_p2  |         +|   0|  0|   16|           9|           9|
    |add_ln58_49073_fu_7314_p2  |         +|   0|  0|   17|          10|          10|
    |add_ln58_49074_fu_7324_p2  |         +|   0|  0|   17|          11|          11|
    |add_ln58_49075_fu_5542_p2  |         +|   0|  0|   15|           8|           8|
    |add_ln58_49076_fu_2144_p2  |         +|   0|  0|   14|           7|           7|
    |add_ln58_49077_fu_5554_p2  |         +|   0|  0|   15|           8|           8|
    |add_ln58_49078_fu_5563_p2  |         +|   0|  0|   16|           9|           9|
    |add_ln58_49079_fu_5569_p2  |         +|   0|  0|   15|           8|           8|
    |add_ln58_49080_fu_5579_p2  |         +|   0|  0|   16|           9|           9|
    |add_ln58_49081_fu_7336_p2  |         +|   0|  0|   17|          10|          10|
    |add_ln58_49082_fu_7346_p2  |         +|   0|  0|   17|          11|          11|
    |add_ln58_49083_fu_5585_p2  |         +|   0|  0|   17|          10|          10|
    |add_ln58_49084_fu_5591_p2  |         +|   0|  0|   16|           9|           9|
    |add_ln58_49085_fu_7358_p2  |         +|   0|  0|   18|          11|          11|
    |add_ln58_49086_fu_5597_p2  |         +|   0|  0|   16|           9|           9|
    |add_ln58_49087_fu_5603_p2  |         +|   0|  0|   16|           9|           9|
    |add_ln58_49088_fu_7370_p2  |         +|   0|  0|   17|          10|          10|
    |add_ln58_49089_fu_7380_p2  |         +|   0|  0|   17|          11|          11|
    |add_ln58_49090_fu_5609_p2  |         +|   0|  0|   16|           9|           9|
    |add_ln58_49091_fu_5619_p2  |         +|   0|  0|   15|           8|           8|
    |add_ln58_49092_fu_5629_p2  |         +|   0|  0|   18|          10|          10|
    |add_ln58_49093_fu_2150_p2  |         +|   0|  0|   15|           8|           8|
    |add_ln58_49094_fu_2156_p2  |         +|   0|  0|   14|           7|           7|
    |add_ln58_49095_fu_2166_p2  |         +|   0|  0|   15|           8|           8|
    |add_ln58_49096_fu_5641_p2  |         +|   0|  0|   16|           9|           9|
    |add_ln58_49097_fu_5651_p2  |         +|   0|  0|   18|          10|          10|
    |add_ln58_49098_fu_7389_p2  |         +|   0|  0|   17|          11|          11|
    |add_ln58_49099_fu_5657_p2  |         +|   0|  0|   18|          10|          10|
    |add_ln58_49100_fu_5663_p2  |         +|   0|  0|   18|          10|          10|
    |add_ln58_49101_fu_7398_p2  |         +|   0|  0|   18|          11|          11|
    |add_ln58_49102_fu_5669_p2  |         +|   0|  0|   15|           8|           8|
    |add_ln58_49103_fu_5678_p2  |         +|   0|  0|   16|           9|           9|
    |add_ln58_49104_fu_7407_p2  |         +|   0|  0|   17|          10|          10|
    |add_ln58_49105_fu_7417_p2  |         +|   0|  0|   17|          11|          11|
    |add_ln58_49106_fu_5684_p2  |         +|   0|  0|   18|           9|           9|
    |add_ln58_49107_fu_2172_p2  |         +|   0|  0|   14|           7|           7|
    |add_ln58_49108_fu_5693_p2  |         +|   0|  0|   15|           8|           8|
    |add_ln58_49109_fu_5703_p2  |         +|   0|  0|   18|           9|           9|
    |add_ln58_49110_fu_5709_p2  |         +|   0|  0|   15|           8|           8|
    |add_ln58_49111_fu_5719_p2  |         +|   0|  0|   16|           9|           9|
    |add_ln58_49112_fu_7429_p2  |         +|   0|  0|   17|          10|          10|
    |add_ln58_49113_fu_7439_p2  |         +|   0|  0|   17|          11|          11|
    |add_ln58_fu_471_p2         |         +|   0|  0|   15|           8|           8|
    |sub_ln73_1913_fu_334_p2    |         -|   0|  0|   26|           1|          19|
    |sub_ln73_1914_fu_371_p2    |         -|   0|  0|   26|           1|          19|
    |sub_ln73_1915_fu_401_p2    |         -|   0|  0|   26|           1|          19|
    |sub_ln73_1916_fu_428_p2    |         -|   0|  0|   26|           1|          19|
    |sub_ln73_1917_fu_455_p2    |         -|   0|  0|   26|           1|          19|
    |sub_ln73_1918_fu_557_p2    |         -|   0|  0|   26|           1|          19|
    |sub_ln73_1919_fu_588_p2    |         -|   0|  0|   26|           1|          19|
    |sub_ln73_1920_fu_628_p2    |         -|   0|  0|   26|           1|          19|
    |sub_ln73_1921_fu_658_p2    |         -|   0|  0|   26|           1|          19|
    |sub_ln73_1922_fu_685_p2    |         -|   0|  0|   26|           1|          19|
    |sub_ln73_1923_fu_715_p2    |         -|   0|  0|   26|           1|          19|
    |sub_ln73_1924_fu_748_p2    |         -|   0|  0|   26|           1|          19|
    |sub_ln73_1925_fu_775_p2    |         -|   0|  0|   26|           1|          19|
    |sub_ln73_1926_fu_805_p2    |         -|   0|  0|   26|           1|          19|
    |sub_ln73_1927_fu_838_p2    |         -|   0|  0|   26|           1|          19|
    |sub_ln73_1928_fu_865_p2    |         -|   0|  0|   26|           1|          19|
    |sub_ln73_1929_fu_895_p2    |         -|   0|  0|   26|           1|          19|
    |sub_ln73_1930_fu_928_p2    |         -|   0|  0|   26|           1|          19|
    |sub_ln73_1931_fu_958_p2    |         -|   0|  0|   26|           1|          19|
    |sub_ln73_1932_fu_994_p2    |         -|   0|  0|   26|           1|          19|
    |sub_ln73_1933_fu_1024_p2   |         -|   0|  0|   26|           1|          19|
    |sub_ln73_1934_fu_1054_p2   |         -|   0|  0|   26|           1|          19|
    |sub_ln73_1935_fu_1081_p2   |         -|   0|  0|   26|           1|          19|
    |sub_ln73_1936_fu_1111_p2   |         -|   0|  0|   26|           1|          19|
    |sub_ln73_1937_fu_1147_p2   |         -|   0|  0|   26|           1|          19|
    |sub_ln73_1938_fu_1178_p2   |         -|   0|  0|   26|           1|          19|
    |sub_ln73_1939_fu_1212_p2   |         -|   0|  0|   26|           1|          19|
    |sub_ln73_1940_fu_1246_p2   |         -|   0|  0|   26|           1|          19|
    |sub_ln73_1941_fu_1283_p2   |         -|   0|  0|   26|           1|          19|
    |sub_ln73_1942_fu_1314_p2   |         -|   0|  0|   26|           1|          19|
    |sub_ln73_1943_fu_1351_p2   |         -|   0|  0|   26|           1|          19|
    |sub_ln73_fu_298_p2         |         -|   0|  0|   26|           1|          19|
    +---------------------------+----------+----+---+-----+------------+------------+
    |Total                      |          |   0|  0|11574|        6066|        6642|
    +---------------------------+----------+----+---+-----+------------+------------+

    * Multiplexer: 
    N/A

    * Register: 
    +------------------------------------------+----+----+-----+-----------+
    |                   Name                   | FF | LUT| Bits| Const Bits|
    +------------------------------------------+----+----+-----+-----------+
    |add_ln58_48441_reg_7898                   |   8|   0|    8|          0|
    |add_ln58_48442_reg_7903                   |   8|   0|    8|          0|
    |add_ln58_48443_reg_7908                   |   7|   0|    7|          0|
    |add_ln58_48445_reg_7913                   |   8|   0|    8|          0|
    |add_ln58_48448_reg_8178                   |   8|   0|    8|          0|
    |add_ln58_48449_reg_8183                   |   9|   0|    9|          0|
    |add_ln58_48450_reg_8189                   |   9|   0|    9|          0|
    |add_ln58_48452_reg_8194                   |   9|   0|    9|          0|
    |add_ln58_48453_reg_8199                   |   9|   0|    9|          0|
    |add_ln58_48454_reg_8205                   |   9|   0|    9|          0|
    |add_ln58_48455_reg_8211                   |   9|   0|    9|          0|
    |add_ln58_48458_reg_8217                   |   9|   0|    9|          0|
    |add_ln58_48461_reg_8227                   |   9|   0|    9|          0|
    |add_ln58_48464_reg_8233                   |  10|   0|   10|          0|
    |add_ln58_48465_reg_8239                   |   9|   0|    9|          0|
    |add_ln58_48466_reg_8244                   |   8|   0|    8|          0|
    |add_ln58_48468_reg_8249                   |   9|   0|    9|          0|
    |add_ln58_48469_reg_8254                   |   7|   0|    7|          0|
    |add_ln58_48470_reg_8259                   |   9|   0|    9|          0|
    |add_ln58_48471_reg_8264                   |   8|   0|    8|          0|
    |add_ln58_48476_reg_8270                   |   8|   0|    8|          0|
    |add_ln58_48479_reg_8718                   |  10|   0|   10|          0|
    |add_ln58_48482_reg_8723                   |   9|   0|    9|          0|
    |add_ln58_48485_reg_8728                   |   9|   0|    9|          0|
    |add_ln58_48488_reg_8733                   |   9|   0|    9|          0|
    |add_ln58_48491_reg_8275                   |   8|   0|    8|          0|
    |add_ln58_48493_reg_8280                   |   7|   0|    7|          0|
    |add_ln58_48494_reg_8286                   |   7|   0|    7|          0|
    |add_ln58_48496_reg_8738                   |  10|   0|   10|          0|
    |add_ln58_48497_reg_8291                   |   7|   0|    7|          0|
    |add_ln58_48499_reg_8296                   |   7|   0|    7|          0|
    |add_ln58_48500_reg_8301                   |   7|   0|    7|          0|
    |add_ln58_48502_reg_8743                   |   9|   0|    9|          0|
    |add_ln58_48505_reg_8306                   |   7|   0|    7|          0|
    |add_ln58_48507_reg_8748                   |  10|   0|   10|          0|
    |add_ln58_48509_reg_8753                   |   9|   0|    9|          0|
    |add_ln58_48513_reg_8759                   |   9|   0|    9|          0|
    |add_ln58_48516_reg_8312                   |   8|   0|    8|          0|
    |add_ln58_48518_reg_8317                   |   7|   0|    7|          0|
    |add_ln58_48520_reg_8764                   |  10|   0|   10|          0|
    |add_ln58_48521_reg_8323                   |   7|   0|    7|          0|
    |add_ln58_48523_reg_8328                   |   7|   0|    7|          0|
    |add_ln58_48525_reg_8769                   |   9|   0|    9|          0|
    |add_ln58_48528_reg_8774                   |  10|   0|   10|          0|
    |add_ln58_48530_reg_8779                   |   9|   0|    9|          0|
    |add_ln58_48533_reg_8784                   |   9|   0|    9|          0|
    |add_ln58_48535_reg_8789                   |   9|   0|    9|          0|
    |add_ln58_48540_reg_8333                   |   7|   0|    7|          0|
    |add_ln58_48542_reg_8794                   |   9|   0|    9|          0|
    |add_ln58_48543_reg_8338                   |   7|   0|    7|          0|
    |add_ln58_48545_reg_8343                   |   7|   0|    7|          0|
    |add_ln58_48546_reg_8348                   |   7|   0|    7|          0|
    |add_ln58_48548_reg_8799                   |   9|   0|    9|          0|
    |add_ln58_48552_reg_8804                   |  10|   0|   10|          0|
    |add_ln58_48554_reg_8809                   |   9|   0|    9|          0|
    |add_ln58_48557_reg_8814                   |   9|   0|    9|          0|
    |add_ln58_48560_reg_8819                   |   9|   0|    9|          0|
    |add_ln58_48563_reg_8353                   |   7|   0|    7|          0|
    |add_ln58_48565_reg_8359                   |   7|   0|    7|          0|
    |add_ln58_48566_reg_8364                   |   7|   0|    7|          0|
    |add_ln58_48568_reg_8824                   |   9|   0|    9|          0|
    |add_ln58_48569_reg_8369                   |   7|   0|    7|          0|
    |add_ln58_48571_reg_8374                   |   7|   0|    7|          0|
    |add_ln58_48573_reg_8829                   |   9|   0|    9|          0|
    |add_ln58_48577_reg_8834                   |  10|   0|   10|          0|
    |add_ln58_48579_reg_8839                   |   9|   0|    9|          0|
    |add_ln58_48581_reg_8844                   |   9|   0|    9|          0|
    |add_ln58_48582_reg_8379                   |   8|   0|    8|          0|
    |add_ln58_48583_reg_8384                   |   7|   0|    7|          0|
    |add_ln58_48584_reg_8849                   |   9|   0|    9|          0|
    |add_ln58_48587_reg_8390                   |   7|   0|    7|          0|
    |add_ln58_48589_reg_8395                   |   7|   0|    7|          0|
    |add_ln58_48591_reg_8854                   |   9|   0|    9|          0|
    |add_ln58_48592_reg_8400                   |   7|   0|    7|          0|
    |add_ln58_48596_reg_8405                   |   8|   0|    8|          0|
    |add_ln58_48597_reg_8859                   |   9|   0|    9|          0|
    |add_ln58_48601_reg_8864                   |  10|   0|   10|          0|
    |add_ln58_48602_reg_8869                   |   9|   0|    9|          0|
    |add_ln58_48605_reg_8874                   |   9|   0|    9|          0|
    |add_ln58_48606_reg_8410                   |   8|   0|    8|          0|
    |add_ln58_48607_reg_8879                   |   9|   0|    9|          0|
    |add_ln58_48613_reg_8884                   |   9|   0|    9|          0|
    |add_ln58_48614_reg_8415                   |   7|   0|    7|          0|
    |add_ln58_48615_reg_8420                   |   7|   0|    7|          0|
    |add_ln58_48617_reg_8889                   |   9|   0|    9|          0|
    |add_ln58_48621_reg_8894                   |   9|   0|    9|          0|
    |add_ln58_48623_reg_8899                   |   9|   0|    9|          0|
    |add_ln58_48626_reg_8904                   |   9|   0|    9|          0|
    |add_ln58_48628_reg_8425                   |   7|   0|    7|          0|
    |add_ln58_48629_reg_8909                   |  10|   0|   10|          0|
    |add_ln58_48632_reg_8431                   |   7|   0|    7|          0|
    |add_ln58_48634_reg_8436                   |   7|   0|    7|          0|
    |add_ln58_48636_reg_8914                   |   9|   0|    9|          0|
    |add_ln58_48638_reg_8441                   |   7|   0|    7|          0|
    |add_ln58_48640_reg_8919                   |   9|   0|    9|          0|
    |add_ln58_48644_reg_8924                   |  10|   0|   10|          0|
    |add_ln58_48646_reg_8929                   |   9|   0|    9|          0|
    |add_ln58_48649_reg_8934                   |   9|   0|    9|          0|
    |add_ln58_48651_reg_8939                   |   9|   0|    9|          0|
    |add_ln58_48654_reg_8446                   |   7|   0|    7|          0|
    |add_ln58_48656_reg_8451                   |   7|   0|    7|          0|
    |add_ln58_48658_reg_8944                   |   9|   0|    9|          0|
    |add_ln58_48660_reg_8456                   |   8|   0|    8|          0|
    |add_ln58_48661_reg_8461                   |   7|   0|    7|          0|
    |add_ln58_48662_reg_8466                   |   7|   0|    7|          0|
    |add_ln58_48664_reg_8949                   |   9|   0|    9|          0|
    |add_ln58_48667_reg_8471                   |   7|   0|    7|          0|
    |add_ln58_48669_reg_8954                   |  10|   0|   10|          0|
    |add_ln58_48672_reg_8959                   |   9|   0|    9|          0|
    |add_ln58_48674_reg_8964                   |   9|   0|    9|          0|
    |add_ln58_48676_reg_8969                   |   9|   0|    9|          0|
    |add_ln58_48680_reg_8476                   |   7|   0|    7|          0|
    |add_ln58_48682_reg_8974                   |   9|   0|    9|          0|
    |add_ln58_48683_reg_8481                   |   7|   0|    7|          0|
    |add_ln58_48685_reg_8486                   |   7|   0|    7|          0|
    |add_ln58_48687_reg_8979                   |   9|   0|    9|          0|
    |add_ln58_48691_reg_8984                   |   9|   0|    9|          0|
    |add_ln58_48693_reg_8989                   |   9|   0|    9|          0|
    |add_ln58_48696_reg_8491                   |   9|   0|    9|          0|
    |add_ln58_48698_reg_8994                   |  10|   0|   10|          0|
    |add_ln58_48700_reg_8496                   |   7|   0|    7|          0|
    |add_ln58_48702_reg_8999                   |   9|   0|    9|          0|
    |add_ln58_48704_reg_8501                   |   7|   0|    7|          0|
    |add_ln58_48706_reg_9004                   |   9|   0|    9|          0|
    |add_ln58_48709_reg_9009                   |  10|   0|   10|          0|
    |add_ln58_48712_reg_9014                   |   9|   0|    9|          0|
    |add_ln58_48715_reg_8506                   |   7|   0|    7|          0|
    |add_ln58_48717_reg_9019                   |  10|   0|   10|          0|
    |add_ln58_48720_reg_8511                   |   7|   0|    7|          0|
    |add_ln58_48722_reg_9024                   |   9|   0|    9|          0|
    |add_ln58_48727_reg_9029                   |  10|   0|   10|          0|
    |add_ln58_48729_reg_9034                   |   9|   0|    9|          0|
    |add_ln58_48731_reg_9039                   |   9|   0|    9|          0|
    |add_ln58_48733_reg_9044                   |   9|   0|    9|          0|
    |add_ln58_48739_reg_9049                   |   9|   0|    9|          0|
    |add_ln58_48743_reg_8516                   |   8|   0|    8|          0|
    |add_ln58_48744_reg_9054                   |   9|   0|    9|          0|
    |add_ln58_48747_reg_9059                   |  10|   0|   10|          0|
    |add_ln58_48749_reg_9064                   |   9|   0|    9|          0|
    |add_ln58_48752_reg_9069                   |   9|   0|    9|          0|
    |add_ln58_48753_reg_9074                   |   9|   0|    9|          0|
    |add_ln58_48756_reg_8521                   |   8|   0|    8|          0|
    |add_ln58_48760_reg_8526                   |   8|   0|    8|          0|
    |add_ln58_48761_reg_9079                   |  10|   0|   10|          0|
    |add_ln58_48762_reg_8531                   |   7|   0|    7|          0|
    |add_ln58_48764_reg_9084                   |   9|   0|    9|          0|
    |add_ln58_48768_reg_9089                   |  10|   0|   10|          0|
    |add_ln58_48770_reg_9094                   |   9|   0|    9|          0|
    |add_ln58_48772_reg_9099                   |   9|   0|    9|          0|
    |add_ln58_48773_reg_9104                   |   9|   0|    9|          0|
    |add_ln58_48776_reg_8536                   |   8|   0|    8|          0|
    |add_ln58_48778_reg_9109                   |  10|   0|   10|          0|
    |add_ln58_48780_reg_8541                   |   7|   0|    7|          0|
    |add_ln58_48782_reg_9114                   |   9|   0|    9|          0|
    |add_ln58_48786_reg_9119                   |  10|   0|   10|          0|
    |add_ln58_48789_reg_9124                   |   9|   0|    9|          0|
    |add_ln58_48792_reg_9129                   |   9|   0|    9|          0|
    |add_ln58_48795_reg_9134                   |   9|   0|    9|          0|
    |add_ln58_48798_reg_8546                   |   8|   0|    8|          0|
    |add_ln58_48800_reg_8551                   |   8|   0|    8|          0|
    |add_ln58_48802_reg_9139                   |  10|   0|   10|          0|
    |add_ln58_48803_reg_8556                   |   7|   0|    7|          0|
    |add_ln58_48805_reg_8561                   |   7|   0|    7|          0|
    |add_ln58_48807_reg_9144                   |   9|   0|    9|          0|
    |add_ln58_48811_reg_9149                   |  10|   0|   10|          0|
    |add_ln58_48814_reg_9154                   |   9|   0|    9|          0|
    |add_ln58_48818_reg_9159                   |   9|   0|    9|          0|
    |add_ln58_48819_reg_8566                   |   7|   0|    7|          0|
    |add_ln58_48820_reg_9164                   |   8|   0|    8|          0|
    |add_ln58_48822_reg_8571                   |   7|   0|    7|          0|
    |add_ln58_48825_reg_9169                   |   9|   0|    9|          0|
    |add_ln58_48829_reg_9174                   |  10|   0|   10|          0|
    |add_ln58_48831_reg_9179                   |   9|   0|    9|          0|
    |add_ln58_48833_reg_9184                   |   9|   0|    9|          0|
    |add_ln58_48836_reg_9190                   |   9|   0|    9|          0|
    |add_ln58_48839_reg_8576                   |   8|   0|    8|          0|
    |add_ln58_48841_reg_9195                   |  10|   0|   10|          0|
    |add_ln58_48842_reg_8581                   |   7|   0|    7|          0|
    |add_ln58_48844_reg_8586                   |   7|   0|    7|          0|
    |add_ln58_48845_reg_8591                   |   7|   0|    7|          0|
    |add_ln58_48847_reg_9200                   |   9|   0|    9|          0|
    |add_ln58_48851_reg_9205                   |  10|   0|   10|          0|
    |add_ln58_48853_reg_9210                   |   9|   0|    9|          0|
    |add_ln58_48855_reg_9215                   |   9|   0|    9|          0|
    |add_ln58_48857_reg_9220                   |   9|   0|    9|          0|
    |add_ln58_48861_reg_8596                   |   8|   0|    8|          0|
    |add_ln58_48862_reg_8601                   |   7|   0|    7|          0|
    |add_ln58_48864_reg_9225                   |  10|   0|   10|          0|
    |add_ln58_48866_reg_8606                   |   8|   0|    8|          0|
    |add_ln58_48867_reg_9230                   |   9|   0|    9|          0|
    |add_ln58_48870_reg_9235                   |  10|   0|   10|          0|
    |add_ln58_48872_reg_9240                   |   9|   0|    9|          0|
    |add_ln58_48874_reg_9245                   |   9|   0|    9|          0|
    |add_ln58_48876_reg_9250                   |   9|   0|    9|          0|
    |add_ln58_48881_reg_9255                   |   9|   0|    9|          0|
    |add_ln58_48882_reg_8611                   |   7|   0|    7|          0|
    |add_ln58_48884_reg_8616                   |   7|   0|    7|          0|
    |add_ln58_48886_reg_9260                   |   9|   0|    9|          0|
    |add_ln58_48889_reg_9265                   |  10|   0|   10|          0|
    |add_ln58_48890_reg_9270                   |   9|   0|    9|          0|
    |add_ln58_48893_reg_9275                   |   9|   0|    9|          0|
    |add_ln58_48894_reg_9280                   |   9|   0|    9|          0|
    |add_ln58_48897_reg_8621                   |   7|   0|    7|          0|
    |add_ln58_48900_reg_9285                   |   9|   0|    9|          0|
    |add_ln58_48902_reg_9290                   |   9|   0|    9|          0|
    |add_ln58_48905_reg_9295                   |  10|   0|   10|          0|
    |add_ln58_48906_reg_9300                   |   9|   0|    9|          0|
    |add_ln58_48909_reg_9305                   |   9|   0|    9|          0|
    |add_ln58_48912_reg_9310                   |   9|   0|    9|          0|
    |add_ln58_48918_reg_9315                   |   9|   0|    9|          0|
    |add_ln58_48919_reg_8626                   |   7|   0|    7|          0|
    |add_ln58_48921_reg_8631                   |   7|   0|    7|          0|
    |add_ln58_48923_reg_9320                   |   9|   0|    9|          0|
    |add_ln58_48927_reg_9325                   |   9|   0|    9|          0|
    |add_ln58_48928_reg_9330                   |   9|   0|    9|          0|
    |add_ln58_48931_reg_9335                   |   9|   0|    9|          0|
    |add_ln58_48933_reg_9340                   |   9|   0|    9|          0|
    |add_ln58_48936_reg_8636                   |   7|   0|    7|          0|
    |add_ln58_48938_reg_8641                   |   7|   0|    7|          0|
    |add_ln58_48940_reg_9345                   |   9|   0|    9|          0|
    |add_ln58_48944_reg_9350                   |   9|   0|    9|          0|
    |add_ln58_48949_reg_9355                   |  10|   0|   10|          0|
    |add_ln58_48951_reg_9360                   |   9|   0|    9|          0|
    |add_ln58_48952_reg_9365                   |   9|   0|    9|          0|
    |add_ln58_48955_reg_8652                   |   7|   0|    7|          0|
    |add_ln58_48957_reg_8657                   |   7|   0|    7|          0|
    |add_ln58_48959_reg_9370                   |   9|   0|    9|          0|
    |add_ln58_48960_reg_8662                   |   8|   0|    8|          0|
    |add_ln58_48961_reg_9375                   |   9|   0|    9|          0|
    |add_ln58_48965_reg_9380                   |  10|   0|   10|          0|
    |add_ln58_48968_reg_9385                   |   9|   0|    9|          0|
    |add_ln58_48970_reg_9390                   |   9|   0|    9|          0|
    |add_ln58_48972_reg_9395                   |   9|   0|    9|          0|
    |add_ln58_48976_reg_9400                   |   9|   0|    9|          0|
    |add_ln58_48977_reg_9405                   |   9|   0|    9|          0|
    |add_ln58_48980_reg_9410                   |  10|   0|   10|          0|
    |add_ln58_48981_reg_9415                   |   9|   0|    9|          0|
    |add_ln58_48984_reg_9420                   |   9|   0|    9|          0|
    |add_ln58_48987_reg_9425                   |   9|   0|    9|          0|
    |add_ln58_48990_reg_8667                   |   7|   0|    7|          0|
    |add_ln58_48993_reg_9430                   |   9|   0|    9|          0|
    |add_ln58_48996_reg_9435                   |   9|   0|    9|          0|
    |add_ln58_48999_reg_9440                   |  10|   0|   10|          0|
    |add_ln58_49001_reg_9445                   |   9|   0|    9|          0|
    |add_ln58_49003_reg_9450                   |   9|   0|    9|          0|
    |add_ln58_49005_reg_9455                   |   9|   0|    9|          0|
    |add_ln58_49009_reg_9460                   |   9|   0|    9|          0|
    |add_ln58_49010_reg_8672                   |   7|   0|    7|          0|
    |add_ln58_49013_reg_9465                   |   9|   0|    9|          0|
    |add_ln58_49016_reg_9470                   |  10|   0|   10|          0|
    |add_ln58_49017_reg_9475                   |   9|   0|    9|          0|
    |add_ln58_49019_reg_9480                   |   9|   0|    9|          0|
    |add_ln58_49022_reg_8677                   |   7|   0|    7|          0|
    |add_ln58_49024_reg_9485                   |  10|   0|   10|          0|
    |add_ln58_49026_reg_8682                   |   7|   0|    7|          0|
    |add_ln58_49028_reg_9490                   |   9|   0|    9|          0|
    |add_ln58_49031_reg_8687                   |   8|   0|    8|          0|
    |add_ln58_49032_reg_9495                   |   9|   0|    9|          0|
    |add_ln58_49034_reg_9500                   |   9|   0|    9|          0|
    |add_ln58_49036_reg_9505                   |   9|   0|    9|          0|
    |add_ln58_49037_reg_9510                   |   9|   0|    9|          0|
    |add_ln58_49043_reg_9515                   |  10|   0|   10|          0|
    |add_ln58_49045_reg_8693                   |   7|   0|    7|          0|
    |add_ln58_49047_reg_9520                   |   9|   0|    9|          0|
    |add_ln58_49050_reg_9525                   |   9|   0|    9|          0|
    |add_ln58_49051_reg_9530                   |   9|   0|    9|          0|
    |add_ln58_49053_reg_9535                   |   9|   0|    9|          0|
    |add_ln58_49054_reg_9540                   |   9|   0|    9|          0|
    |add_ln58_49059_reg_9545                   |  10|   0|   10|          0|
    |add_ln58_49061_reg_9550                   |   9|   0|    9|          0|
    |add_ln58_49065_reg_9555                   |  10|   0|   10|          0|
    |add_ln58_49067_reg_9560                   |   9|   0|    9|          0|
    |add_ln58_49069_reg_9565                   |   9|   0|    9|          0|
    |add_ln58_49072_reg_9570                   |   9|   0|    9|          0|
    |add_ln58_49076_reg_8698                   |   7|   0|    7|          0|
    |add_ln58_49078_reg_9575                   |   9|   0|    9|          0|
    |add_ln58_49080_reg_9580                   |   9|   0|    9|          0|
    |add_ln58_49083_reg_9585                   |  10|   0|   10|          0|
    |add_ln58_49084_reg_9590                   |   9|   0|    9|          0|
    |add_ln58_49086_reg_9595                   |   9|   0|    9|          0|
    |add_ln58_49087_reg_9600                   |   9|   0|    9|          0|
    |add_ln58_49093_reg_8703                   |   8|   0|    8|          0|
    |add_ln58_49095_reg_8708                   |   8|   0|    8|          0|
    |add_ln58_49097_reg_9605                   |  10|   0|   10|          0|
    |add_ln58_49100_reg_9610                   |  10|   0|   10|          0|
    |add_ln58_49103_reg_9615                   |   9|   0|    9|          0|
    |add_ln58_49107_reg_8713                   |   7|   0|    7|          0|
    |add_ln58_49109_reg_9620                   |   9|   0|    9|          0|
    |add_ln58_49111_reg_9625                   |   9|   0|    9|          0|
    |add_ln58_reg_7893                         |   8|   0|    8|          0|
    |data_160_val_int_reg                      |   6|   0|    6|          0|
    |data_160_val_read_reg_7850                |   6|   0|    6|          0|
    |data_161_val_int_reg                      |   6|   0|    6|          0|
    |data_161_val_read_reg_7843                |   6|   0|    6|          0|
    |data_162_val_int_reg                      |   6|   0|    6|          0|
    |data_162_val_read_reg_7836                |   6|   0|    6|          0|
    |data_162_val_read_reg_7836_pp0_iter1_reg  |   6|   0|    6|          0|
    |data_163_val_int_reg                      |   6|   0|    6|          0|
    |data_163_val_read_reg_7829                |   6|   0|    6|          0|
    |data_163_val_read_reg_7829_pp0_iter1_reg  |   6|   0|    6|          0|
    |data_164_val_int_reg                      |   6|   0|    6|          0|
    |data_164_val_read_reg_7821                |   6|   0|    6|          0|
    |data_165_val_int_reg                      |   6|   0|    6|          0|
    |data_165_val_read_reg_7814                |   6|   0|    6|          0|
    |data_165_val_read_reg_7814_pp0_iter1_reg  |   6|   0|    6|          0|
    |data_166_val_int_reg                      |   6|   0|    6|          0|
    |data_166_val_read_reg_7805                |   6|   0|    6|          0|
    |data_167_val_int_reg                      |   6|   0|    6|          0|
    |data_167_val_read_reg_7798                |   6|   0|    6|          0|
    |data_168_val_int_reg                      |   6|   0|    6|          0|
    |data_168_val_read_reg_7791                |   6|   0|    6|          0|
    |data_168_val_read_reg_7791_pp0_iter1_reg  |   6|   0|    6|          0|
    |data_169_val_int_reg                      |   6|   0|    6|          0|
    |data_169_val_read_reg_7784                |   6|   0|    6|          0|
    |data_170_val_int_reg                      |   6|   0|    6|          0|
    |data_170_val_read_reg_7777                |   6|   0|    6|          0|
    |data_171_val_int_reg                      |   6|   0|    6|          0|
    |data_171_val_read_reg_7770                |   6|   0|    6|          0|
    |data_172_val_int_reg                      |   6|   0|    6|          0|
    |data_172_val_read_reg_7763                |   6|   0|    6|          0|
    |data_173_val_int_reg                      |   6|   0|    6|          0|
    |data_173_val_read_reg_7756                |   6|   0|    6|          0|
    |data_174_val_int_reg                      |   6|   0|    6|          0|
    |data_174_val_read_reg_7749                |   6|   0|    6|          0|
    |data_175_val_int_reg                      |   6|   0|    6|          0|
    |data_175_val_read_reg_7742                |   6|   0|    6|          0|
    |data_176_val_int_reg                      |   6|   0|    6|          0|
    |data_176_val_read_reg_7735                |   6|   0|    6|          0|
    |data_177_val_int_reg                      |   6|   0|    6|          0|
    |data_177_val_read_reg_7728                |   6|   0|    6|          0|
    |data_177_val_read_reg_7728_pp0_iter1_reg  |   6|   0|    6|          0|
    |data_178_val_int_reg                      |   6|   0|    6|          0|
    |data_178_val_read_reg_7721                |   6|   0|    6|          0|
    |data_179_val_int_reg                      |   6|   0|    6|          0|
    |data_179_val_read_reg_7714                |   6|   0|    6|          0|
    |data_179_val_read_reg_7714_pp0_iter1_reg  |   6|   0|    6|          0|
    |data_180_val_int_reg                      |   6|   0|    6|          0|
    |data_180_val_read_reg_7707                |   6|   0|    6|          0|
    |data_181_val_int_reg                      |   6|   0|    6|          0|
    |data_181_val_read_reg_7700                |   6|   0|    6|          0|
    |data_182_val_int_reg                      |   6|   0|    6|          0|
    |data_182_val_read_reg_7693                |   6|   0|    6|          0|
    |data_183_val_int_reg                      |   6|   0|    6|          0|
    |data_183_val_read_reg_7686                |   6|   0|    6|          0|
    |data_184_val_int_reg                      |   6|   0|    6|          0|
    |data_184_val_read_reg_7680                |   6|   0|    6|          0|
    |data_184_val_read_reg_7680_pp0_iter1_reg  |   6|   0|    6|          0|
    |data_185_val_int_reg                      |   6|   0|    6|          0|
    |data_185_val_read_reg_7673                |   6|   0|    6|          0|
    |data_185_val_read_reg_7673_pp0_iter1_reg  |   6|   0|    6|          0|
    |data_186_val_int_reg                      |   6|   0|    6|          0|
    |data_186_val_read_reg_7667                |   6|   0|    6|          0|
    |data_186_val_read_reg_7667_pp0_iter1_reg  |   6|   0|    6|          0|
    |data_187_val_int_reg                      |   6|   0|    6|          0|
    |data_187_val_read_reg_7661                |   6|   0|    6|          0|
    |data_187_val_read_reg_7661_pp0_iter1_reg  |   6|   0|    6|          0|
    |data_188_val_int_reg                      |   6|   0|    6|          0|
    |data_188_val_read_reg_7655                |   6|   0|    6|          0|
    |data_188_val_read_reg_7655_pp0_iter1_reg  |   6|   0|    6|          0|
    |data_189_val_int_reg                      |   6|   0|    6|          0|
    |data_189_val_read_reg_7649                |   6|   0|    6|          0|
    |data_189_val_read_reg_7649_pp0_iter1_reg  |   6|   0|    6|          0|
    |data_190_val_int_reg                      |   6|   0|    6|          0|
    |data_190_val_read_reg_7643                |   6|   0|    6|          0|
    |data_190_val_read_reg_7643_pp0_iter1_reg  |   6|   0|    6|          0|
    |data_191_val_int_reg                      |   6|   0|    6|          0|
    |data_191_val_read_reg_7637                |   6|   0|    6|          0|
    |data_191_val_read_reg_7637_pp0_iter1_reg  |   6|   0|    6|          0|
    |mult_1056_reg_7861                        |   7|   0|    7|          0|
    |mult_1057_reg_7873                        |   7|   0|    7|          0|
    |mult_1058_reg_7879                        |   7|   0|    7|          0|
    |mult_1058_reg_7879_pp0_iter2_reg          |   7|   0|    7|          0|
    |mult_1059_reg_7886                        |   7|   0|    7|          0|
    |mult_1059_reg_7886_pp0_iter2_reg          |   7|   0|    7|          0|
    |mult_1060_reg_7936                        |   7|   0|    7|          0|
    |mult_1061_reg_7951                        |   7|   0|    7|          0|
    |mult_1062_reg_7973                        |   7|   0|    7|          0|
    |mult_1063_reg_7978                        |   7|   0|    7|          0|
    |mult_1064_reg_7985                        |   7|   0|    7|          0|
    |mult_1065_reg_7992                        |   7|   0|    7|          0|
    |mult_1066_reg_7998                        |   7|   0|    7|          0|
    |mult_1067_reg_8004                        |   7|   0|    7|          0|
    |mult_1068_reg_8010                        |   7|   0|    7|          0|
    |mult_1069_reg_8016                        |   7|   0|    7|          0|
    |mult_1070_reg_8022                        |   7|   0|    7|          0|
    |mult_1071_reg_8028                        |   7|   0|    7|          0|
    |mult_1072_reg_8042                        |   7|   0|    7|          0|
    |mult_1073_reg_8048                        |   7|   0|    7|          0|
    |mult_1074_reg_8054                        |   7|   0|    7|          0|
    |mult_1075_reg_8060                        |   7|   0|    7|          0|
    |mult_1076_reg_8066                        |   7|   0|    7|          0|
    |mult_1077_reg_8071                        |   7|   0|    7|          0|
    |mult_1078_reg_8077                        |   7|   0|    7|          0|
    |mult_1079_reg_8083                        |   7|   0|    7|          0|
    |mult_1080_reg_8097                        |   7|   0|    7|          0|
    |mult_1081_reg_8110                        |   7|   0|    7|          0|
    |mult_1082_reg_8122                        |   7|   0|    7|          0|
    |mult_1083_reg_8137                        |   7|   0|    7|          0|
    |mult_1084_reg_8147                        |   7|   0|    7|          0|
    |mult_1085_reg_8159                        |   7|   0|    7|          0|
    |mult_reg_7856                             |   7|   0|    7|          0|
    |sext_ln17_1753_reg_8034                   |   8|   0|    8|          0|
    |sext_ln17_2964_reg_7867                   |   8|   0|    8|          0|
    |sext_ln17_2972_reg_7918                   |   8|   0|    8|          0|
    |sext_ln17_2973_reg_7923                   |   8|   0|    8|          0|
    |sext_ln17_2976_reg_7930                   |   8|   0|    8|          0|
    |sext_ln17_2981_reg_7941                   |   8|   0|    8|          0|
    |sext_ln17_2983_reg_7956                   |   8|   0|    8|          0|
    |sext_ln17_2985_reg_7966                   |   8|   0|    8|          0|
    |sext_ln17_3026_reg_8088                   |   8|   0|    8|          0|
    |sext_ln17_3028_reg_8102                   |   8|   0|    8|          0|
    |sext_ln17_3029_reg_8115                   |   8|   0|    8|          0|
    |sext_ln17_3032_reg_8127                   |   8|   0|    8|          0|
    |sext_ln17_3033_reg_8142                   |   8|   0|    8|          0|
    |sext_ln17_3036_reg_8152                   |   8|   0|    8|          0|
    |sext_ln17_3039_reg_8164                   |   8|   0|    8|          0|
    |sext_ln58_26196_reg_8222                  |   9|   0|    9|          0|
    |sext_ln58_26366_reg_8646                  |   8|   0|    8|          0|
    |data_164_val_read_reg_7821                |  64|  32|    6|          0|
    |data_166_val_read_reg_7805                |  64|  32|    6|          0|
    |data_167_val_read_reg_7798                |  64|  32|    6|          0|
    |data_169_val_read_reg_7784                |  64|  32|    6|          0|
    |data_170_val_read_reg_7777                |  64|  32|    6|          0|
    |data_171_val_read_reg_7770                |  64|  32|    6|          0|
    |data_172_val_read_reg_7763                |  64|  32|    6|          0|
    |data_173_val_read_reg_7756                |  64|  32|    6|          0|
    |data_174_val_read_reg_7749                |  64|  32|    6|          0|
    |data_175_val_read_reg_7742                |  64|  32|    6|          0|
    |data_176_val_read_reg_7735                |  64|  32|    6|          0|
    |data_178_val_read_reg_7721                |  64|  32|    6|          0|
    |data_180_val_read_reg_7707                |  64|  32|    6|          0|
    |data_181_val_read_reg_7700                |  64|  32|    6|          0|
    |data_182_val_read_reg_7693                |  64|  32|    6|          0|
    |data_183_val_read_reg_7686                |  64|  32|    6|          0|
    +------------------------------------------+----+----+-----+-----------+
    |Total                                     |4348| 512| 3420|          0|
    +------------------------------------------+----+----+-----+-----------+



================================================================
== Interface
================================================================
* Summary: 
+--------------+-----+-----+------------+------------------------------------------------------------------------------------+--------------+
|   RTL Ports  | Dir | Bits|  Protocol  |                                    Source Object                                   |    C Type    |
+--------------+-----+-----+------------+------------------------------------------------------------------------------------+--------------+
|ap_clk        |   in|    1|  ap_ctrl_hs|  dense_latency<ap_fixed<6, 2, 5, 3, 0>, ap_fixed<11, 7, 4, 0, 0>, config9_dense>.19|  return value|
|ap_rst        |   in|    1|  ap_ctrl_hs|  dense_latency<ap_fixed<6, 2, 5, 3, 0>, ap_fixed<11, 7, 4, 0, 0>, config9_dense>.19|  return value|
|ap_return_0   |  out|   11|  ap_ctrl_hs|  dense_latency<ap_fixed<6, 2, 5, 3, 0>, ap_fixed<11, 7, 4, 0, 0>, config9_dense>.19|  return value|
|ap_return_1   |  out|   11|  ap_ctrl_hs|  dense_latency<ap_fixed<6, 2, 5, 3, 0>, ap_fixed<11, 7, 4, 0, 0>, config9_dense>.19|  return value|
|ap_return_2   |  out|   11|  ap_ctrl_hs|  dense_latency<ap_fixed<6, 2, 5, 3, 0>, ap_fixed<11, 7, 4, 0, 0>, config9_dense>.19|  return value|
|ap_return_3   |  out|   11|  ap_ctrl_hs|  dense_latency<ap_fixed<6, 2, 5, 3, 0>, ap_fixed<11, 7, 4, 0, 0>, config9_dense>.19|  return value|
|ap_return_4   |  out|   11|  ap_ctrl_hs|  dense_latency<ap_fixed<6, 2, 5, 3, 0>, ap_fixed<11, 7, 4, 0, 0>, config9_dense>.19|  return value|
|ap_return_5   |  out|   11|  ap_ctrl_hs|  dense_latency<ap_fixed<6, 2, 5, 3, 0>, ap_fixed<11, 7, 4, 0, 0>, config9_dense>.19|  return value|
|ap_return_6   |  out|   11|  ap_ctrl_hs|  dense_latency<ap_fixed<6, 2, 5, 3, 0>, ap_fixed<11, 7, 4, 0, 0>, config9_dense>.19|  return value|
|ap_return_7   |  out|   11|  ap_ctrl_hs|  dense_latency<ap_fixed<6, 2, 5, 3, 0>, ap_fixed<11, 7, 4, 0, 0>, config9_dense>.19|  return value|
|ap_return_8   |  out|   11|  ap_ctrl_hs|  dense_latency<ap_fixed<6, 2, 5, 3, 0>, ap_fixed<11, 7, 4, 0, 0>, config9_dense>.19|  return value|
|ap_return_9   |  out|   11|  ap_ctrl_hs|  dense_latency<ap_fixed<6, 2, 5, 3, 0>, ap_fixed<11, 7, 4, 0, 0>, config9_dense>.19|  return value|
|ap_return_10  |  out|   11|  ap_ctrl_hs|  dense_latency<ap_fixed<6, 2, 5, 3, 0>, ap_fixed<11, 7, 4, 0, 0>, config9_dense>.19|  return value|
|ap_return_11  |  out|   11|  ap_ctrl_hs|  dense_latency<ap_fixed<6, 2, 5, 3, 0>, ap_fixed<11, 7, 4, 0, 0>, config9_dense>.19|  return value|
|ap_return_12  |  out|   11|  ap_ctrl_hs|  dense_latency<ap_fixed<6, 2, 5, 3, 0>, ap_fixed<11, 7, 4, 0, 0>, config9_dense>.19|  return value|
|ap_return_13  |  out|   11|  ap_ctrl_hs|  dense_latency<ap_fixed<6, 2, 5, 3, 0>, ap_fixed<11, 7, 4, 0, 0>, config9_dense>.19|  return value|
|ap_return_14  |  out|   11|  ap_ctrl_hs|  dense_latency<ap_fixed<6, 2, 5, 3, 0>, ap_fixed<11, 7, 4, 0, 0>, config9_dense>.19|  return value|
|ap_return_15  |  out|   11|  ap_ctrl_hs|  dense_latency<ap_fixed<6, 2, 5, 3, 0>, ap_fixed<11, 7, 4, 0, 0>, config9_dense>.19|  return value|
|ap_return_16  |  out|   11|  ap_ctrl_hs|  dense_latency<ap_fixed<6, 2, 5, 3, 0>, ap_fixed<11, 7, 4, 0, 0>, config9_dense>.19|  return value|
|ap_return_17  |  out|   11|  ap_ctrl_hs|  dense_latency<ap_fixed<6, 2, 5, 3, 0>, ap_fixed<11, 7, 4, 0, 0>, config9_dense>.19|  return value|
|ap_return_18  |  out|   11|  ap_ctrl_hs|  dense_latency<ap_fixed<6, 2, 5, 3, 0>, ap_fixed<11, 7, 4, 0, 0>, config9_dense>.19|  return value|
|ap_return_19  |  out|   11|  ap_ctrl_hs|  dense_latency<ap_fixed<6, 2, 5, 3, 0>, ap_fixed<11, 7, 4, 0, 0>, config9_dense>.19|  return value|
|ap_return_20  |  out|   11|  ap_ctrl_hs|  dense_latency<ap_fixed<6, 2, 5, 3, 0>, ap_fixed<11, 7, 4, 0, 0>, config9_dense>.19|  return value|
|ap_return_21  |  out|   11|  ap_ctrl_hs|  dense_latency<ap_fixed<6, 2, 5, 3, 0>, ap_fixed<11, 7, 4, 0, 0>, config9_dense>.19|  return value|
|ap_return_22  |  out|   11|  ap_ctrl_hs|  dense_latency<ap_fixed<6, 2, 5, 3, 0>, ap_fixed<11, 7, 4, 0, 0>, config9_dense>.19|  return value|
|ap_return_23  |  out|   11|  ap_ctrl_hs|  dense_latency<ap_fixed<6, 2, 5, 3, 0>, ap_fixed<11, 7, 4, 0, 0>, config9_dense>.19|  return value|
|ap_return_24  |  out|   11|  ap_ctrl_hs|  dense_latency<ap_fixed<6, 2, 5, 3, 0>, ap_fixed<11, 7, 4, 0, 0>, config9_dense>.19|  return value|
|ap_return_25  |  out|   11|  ap_ctrl_hs|  dense_latency<ap_fixed<6, 2, 5, 3, 0>, ap_fixed<11, 7, 4, 0, 0>, config9_dense>.19|  return value|
|ap_return_26  |  out|   11|  ap_ctrl_hs|  dense_latency<ap_fixed<6, 2, 5, 3, 0>, ap_fixed<11, 7, 4, 0, 0>, config9_dense>.19|  return value|
|ap_return_27  |  out|   11|  ap_ctrl_hs|  dense_latency<ap_fixed<6, 2, 5, 3, 0>, ap_fixed<11, 7, 4, 0, 0>, config9_dense>.19|  return value|
|ap_return_28  |  out|   11|  ap_ctrl_hs|  dense_latency<ap_fixed<6, 2, 5, 3, 0>, ap_fixed<11, 7, 4, 0, 0>, config9_dense>.19|  return value|
|ap_return_29  |  out|   11|  ap_ctrl_hs|  dense_latency<ap_fixed<6, 2, 5, 3, 0>, ap_fixed<11, 7, 4, 0, 0>, config9_dense>.19|  return value|
|ap_return_30  |  out|   11|  ap_ctrl_hs|  dense_latency<ap_fixed<6, 2, 5, 3, 0>, ap_fixed<11, 7, 4, 0, 0>, config9_dense>.19|  return value|
|ap_return_31  |  out|   11|  ap_ctrl_hs|  dense_latency<ap_fixed<6, 2, 5, 3, 0>, ap_fixed<11, 7, 4, 0, 0>, config9_dense>.19|  return value|
|ap_ce         |   in|    1|  ap_ctrl_hs|  dense_latency<ap_fixed<6, 2, 5, 3, 0>, ap_fixed<11, 7, 4, 0, 0>, config9_dense>.19|  return value|
|data_160_val  |   in|    6|     ap_none|                                                                        data_160_val|        scalar|
|data_161_val  |   in|    6|     ap_none|                                                                        data_161_val|        scalar|
|data_162_val  |   in|    6|     ap_none|                                                                        data_162_val|        scalar|
|data_163_val  |   in|    6|     ap_none|                                                                        data_163_val|        scalar|
|data_164_val  |   in|    6|     ap_none|                                                                        data_164_val|        scalar|
|data_165_val  |   in|    6|     ap_none|                                                                        data_165_val|        scalar|
|data_166_val  |   in|    6|     ap_none|                                                                        data_166_val|        scalar|
|data_167_val  |   in|    6|     ap_none|                                                                        data_167_val|        scalar|
|data_168_val  |   in|    6|     ap_none|                                                                        data_168_val|        scalar|
|data_169_val  |   in|    6|     ap_none|                                                                        data_169_val|        scalar|
|data_170_val  |   in|    6|     ap_none|                                                                        data_170_val|        scalar|
|data_171_val  |   in|    6|     ap_none|                                                                        data_171_val|        scalar|
|data_172_val  |   in|    6|     ap_none|                                                                        data_172_val|        scalar|
|data_173_val  |   in|    6|     ap_none|                                                                        data_173_val|        scalar|
|data_174_val  |   in|    6|     ap_none|                                                                        data_174_val|        scalar|
|data_175_val  |   in|    6|     ap_none|                                                                        data_175_val|        scalar|
|data_176_val  |   in|    6|     ap_none|                                                                        data_176_val|        scalar|
|data_177_val  |   in|    6|     ap_none|                                                                        data_177_val|        scalar|
|data_178_val  |   in|    6|     ap_none|                                                                        data_178_val|        scalar|
|data_179_val  |   in|    6|     ap_none|                                                                        data_179_val|        scalar|
|data_180_val  |   in|    6|     ap_none|                                                                        data_180_val|        scalar|
|data_181_val  |   in|    6|     ap_none|                                                                        data_181_val|        scalar|
|data_182_val  |   in|    6|     ap_none|                                                                        data_182_val|        scalar|
|data_183_val  |   in|    6|     ap_none|                                                                        data_183_val|        scalar|
|data_184_val  |   in|    6|     ap_none|                                                                        data_184_val|        scalar|
|data_185_val  |   in|    6|     ap_none|                                                                        data_185_val|        scalar|
|data_186_val  |   in|    6|     ap_none|                                                                        data_186_val|        scalar|
|data_187_val  |   in|    6|     ap_none|                                                                        data_187_val|        scalar|
|data_188_val  |   in|    6|     ap_none|                                                                        data_188_val|        scalar|
|data_189_val  |   in|    6|     ap_none|                                                                        data_189_val|        scalar|
|data_190_val  |   in|    6|     ap_none|                                                                        data_190_val|        scalar|
|data_191_val  |   in|    6|     ap_none|                                                                        data_191_val|        scalar|
+--------------+-----+-----+------------+------------------------------------------------------------------------------------+--------------+

