

================================================================
== Vitis HLS Report for 'dense_latency_ap_fixed_6_3_5_3_0_ap_fixed_11_8_4_0_0_config41_dense_52'
================================================================
* Date:           Thu Aug 13 16:26:01 2026

* Version:        2023.2 (Build 4023990 on Oct 11 2023)
* Project:        myproject_prj
* Solution:       solution1 (Vivado IP Flow Target)
* Product family: virtexuplus
* Target device:  xcvu13p-flga2577-2-e


================================================================
== Performance Estimates
================================================================
+ Timing: 
    * Summary: 
    +--------+---------+----------+------------+
    |  Clock |  Target | Estimated| Uncertainty|
    +--------+---------+----------+------------+
    |ap_clk  |  2.50 ns|  1.574 ns|     0.68 ns|
    +--------+---------+----------+------------+

+ Latency: 
    * Summary: 
    +---------+---------+-----------+-----------+-----+-----+---------+
    |  Latency (cycles) |   Latency (absolute)  |  Interval | Pipeline|
    |   min   |   max   |    min    |    max    | min | max |   Type  |
    +---------+---------+-----------+-----------+-----+-----+---------+
    |        4|        4|  10.000 ns|  10.000 ns|    1|    1|      yes|
    +---------+---------+-----------+-----------+-----+-----+---------+

    + Detail: 
        * Instance: 
        N/A

        * Loop: 
        N/A



================================================================
== Utilization Estimates
================================================================
* Summary: 
+---------------------+---------+-------+---------+---------+------+
|         Name        | BRAM_18K|  DSP  |    FF   |   LUT   | URAM |
+---------------------+---------+-------+---------+---------+------+
|DSP                  |        -|      -|        -|        -|     -|
|Expression           |        -|      -|        0|    11687|     -|
|FIFO                 |        -|      -|        -|        -|     -|
|Instance             |        -|      -|        -|        -|     -|
|Memory               |        -|      -|        -|        -|     -|
|Multiplexer          |        -|      -|        -|        -|     -|
|Register             |        -|      -|     4660|      608|     -|
+---------------------+---------+-------+---------+---------+------+
|Total                |        0|      0|     4660|    12295|     0|
+---------------------+---------+-------+---------+---------+------+
|Available SLR        |     1344|   3072|   864000|   432000|   320|
+---------------------+---------+-------+---------+---------+------+
|Utilization SLR (%)  |        0|      0|       ~0|        2|     0|
+---------------------+---------+-------+---------+---------+------+
|Available            |     5376|  12288|  3456000|  1728000|  1280|
+---------------------+---------+-------+---------+---------+------+
|Utilization (%)      |        0|      0|       ~0|       ~0|     0|
+---------------------+---------+-------+---------+---------+------+

+ Detail: 
    * Instance: 
    N/A

    * DSP: 
    N/A

    * Memory: 
    N/A

    * FIFO: 
    N/A

    * Expression: 
    +---------------------------+----------+----+---+-----+------------+------------+
    |       Variable Name       | Operation| DSP| FF| LUT | Bitwidth P0| Bitwidth P1|
    +---------------------------+----------+----+---+-----+------------+------------+
    |add_ln58_38347_fu_525_p2   |         +|   0|  0|   15|           8|           8|
    |add_ln58_38348_fu_535_p2   |         +|   0|  0|   14|           7|           7|
    |add_ln58_38349_fu_545_p2   |         +|   0|  0|   15|           8|           8|
    |add_ln58_38350_fu_555_p2   |         +|   0|  0|   15|           8|           8|
    |add_ln58_38351_fu_561_p2   |         +|   0|  0|   16|           9|           9|
    |add_ln58_38352_fu_567_p2   |         +|   0|  0|   15|           8|           8|
    |add_ln58_38353_fu_573_p2   |         +|   0|  0|   16|           9|           9|
    |add_ln58_38354_fu_579_p2   |         +|   0|  0|   16|           9|           9|
    |add_ln58_38355_fu_585_p2   |         +|   0|  0|   16|           9|           9|
    |add_ln58_38356_fu_591_p2   |         +|   0|  0|   15|           8|           8|
    |add_ln58_38357_fu_597_p2   |         +|   0|  0|   15|           8|           8|
    |add_ln58_38358_fu_1453_p2  |         +|   0|  0|   16|           9|           9|
    |add_ln58_38359_fu_1463_p2  |         +|   0|  0|   16|           9|           9|
    |add_ln58_38360_fu_1472_p2  |         +|   0|  0|   16|           9|           9|
    |add_ln58_38361_fu_1478_p2  |         +|   0|  0|   16|           9|           9|
    |add_ln58_38362_fu_1487_p2  |         +|   0|  0|   17|          10|          10|
    |add_ln58_38363_fu_1493_p2  |         +|   0|  0|   18|           9|           9|
    |add_ln58_38364_fu_1498_p2  |         +|   0|  0|   18|           9|           9|
    |add_ln58_38365_fu_2452_p2  |         +|   0|  0|   16|           9|           9|
    |add_ln58_38366_fu_603_p2   |         +|   0|  0|   14|           7|           7|
    |add_ln58_38367_fu_1507_p2  |         +|   0|  0|   15|           8|           8|
    |add_ln58_38368_fu_1517_p2  |         +|   0|  0|   17|          10|          10|
    |add_ln58_38369_fu_1523_p2  |         +|   0|  0|   15|           8|           8|
    |add_ln58_38370_fu_1533_p2  |         +|   0|  0|   17|          10|          10|
    |add_ln58_38371_fu_1539_p2  |         +|   0|  0|   14|           7|           7|
    |add_ln58_38372_fu_1544_p2  |         +|   0|  0|   16|           9|           9|
    |add_ln58_38373_fu_2469_p2  |         +|   0|  0|   17|          10|          10|
    |add_ln58_38374_fu_2475_p2  |         +|   0|  0|   17|          10|          10|
    |add_ln58_38375_fu_1550_p2  |         +|   0|  0|   15|           8|           8|
    |add_ln58_38376_fu_1560_p2  |         +|   0|  0|   16|           9|           9|
    |add_ln58_38377_fu_1569_p2  |         +|   0|  0|   18|          10|          10|
    |add_ln58_38378_fu_1575_p2  |         +|   0|  0|   18|          10|          10|
    |add_ln58_38379_fu_2480_p2  |         +|   0|  0|   17|          10|          10|
    |add_ln58_38380_fu_2485_p2  |         +|   0|  0|   18|          10|          10|
    |add_ln58_38381_fu_1581_p2  |         +|   0|  0|   15|           8|           8|
    |add_ln58_38382_fu_2493_p2  |         +|   0|  0|   18|          10|          10|
    |add_ln58_38383_fu_1587_p2  |         +|   0|  0|   14|           7|           7|
    |add_ln58_38384_fu_2502_p2  |         +|   0|  0|   15|           8|           8|
    |add_ln58_38385_fu_2516_p2  |         +|   0|  0|   18|           9|           9|
    |add_ln58_38386_fu_2520_p2  |         +|   0|  0|   18|           9|           9|
    |add_ln58_38387_fu_1592_p2  |         +|   0|  0|   15|           8|           8|
    |add_ln58_38388_fu_2533_p2  |         +|   0|  0|   16|           9|           9|
    |add_ln58_38389_fu_2543_p2  |         +|   0|  0|   17|          10|          10|
    |add_ln58_38390_fu_2549_p2  |         +|   0|  0|   17|          10|          10|
    |add_ln58_38391_fu_2558_p2  |         +|   0|  0|   18|          11|          11|
    |add_ln58_38392_fu_2564_p2  |         +|   0|  0|   15|           8|           8|
    |add_ln58_38393_fu_2574_p2  |         +|   0|  0|   16|           9|           9|
    |add_ln58_38394_fu_2580_p2  |         +|   0|  0|   15|           8|           8|
    |add_ln58_38395_fu_2590_p2  |         +|   0|  0|   16|           9|           9|
    |add_ln58_38396_fu_5752_p2  |         +|   0|  0|   17|          10|          10|
    |add_ln58_38397_fu_2596_p2  |         +|   0|  0|   15|           8|           8|
    |add_ln58_38398_fu_2606_p2  |         +|   0|  0|   16|           9|           9|
    |add_ln58_38399_fu_2612_p2  |         +|   0|  0|   15|           8|           8|
    |add_ln58_38400_fu_2622_p2  |         +|   0|  0|   16|           9|           9|
    |add_ln58_38401_fu_5768_p2  |         +|   0|  0|   17|          10|          10|
    |add_ln58_38402_fu_5778_p2  |         +|   0|  0|   17|          11|          11|
    |add_ln58_38403_fu_2628_p2  |         +|   0|  0|   15|           8|           8|
    |add_ln58_38404_fu_2636_p2  |         +|   0|  0|   16|           9|           9|
    |add_ln58_38405_fu_1598_p2  |         +|   0|  0|   14|           7|           7|
    |add_ln58_38406_fu_2645_p2  |         +|   0|  0|   17|          10|          10|
    |add_ln58_38407_fu_5790_p2  |         +|   0|  0|   17|          11|          11|
    |add_ln58_38408_fu_1604_p2  |         +|   0|  0|   14|           7|           7|
    |add_ln58_38409_fu_2654_p2  |         +|   0|  0|   15|           8|           8|
    |add_ln58_38410_fu_1610_p2  |         +|   0|  0|   14|           7|           7|
    |add_ln58_38411_fu_1616_p2  |         +|   0|  0|   14|           7|           7|
    |add_ln58_38412_fu_2670_p2  |         +|   0|  0|   15|           8|           8|
    |add_ln58_38413_fu_2680_p2  |         +|   0|  0|   16|           9|           9|
    |add_ln58_38414_fu_5799_p2  |         +|   0|  0|   17|          11|          11|
    |add_ln58_38415_fu_5805_p2  |         +|   0|  0|   17|          11|          11|
    |add_ln58_38416_fu_2686_p2  |         +|   0|  0|   18|          10|          10|
    |add_ln58_38417_fu_2691_p2  |         +|   0|  0|   18|          10|          10|
    |add_ln58_38418_fu_2697_p2  |         +|   0|  0|   15|           8|           8|
    |add_ln58_38419_fu_2707_p2  |         +|   0|  0|   16|           9|           9|
    |add_ln58_38420_fu_5817_p2  |         +|   0|  0|   18|          11|          11|
    |add_ln58_38421_fu_2713_p2  |         +|   0|  0|   15|           8|           8|
    |add_ln58_38422_fu_2723_p2  |         +|   0|  0|   16|           9|           9|
    |add_ln58_38423_fu_2729_p2  |         +|   0|  0|   15|           8|           8|
    |add_ln58_38424_fu_2739_p2  |         +|   0|  0|   15|           8|           8|
    |add_ln58_38425_fu_2748_p2  |         +|   0|  0|   16|           9|           9|
    |add_ln58_38426_fu_5829_p2  |         +|   0|  0|   17|          10|          10|
    |add_ln58_38427_fu_5839_p2  |         +|   0|  0|   17|          11|          11|
    |add_ln58_38428_fu_1622_p2  |         +|   0|  0|   15|           8|           8|
    |add_ln58_38429_fu_2757_p2  |         +|   0|  0|   16|           9|           9|
    |add_ln58_38430_fu_1628_p2  |         +|   0|  0|   14|           7|           7|
    |add_ln58_38431_fu_1634_p2  |         +|   0|  0|   14|           7|           7|
    |add_ln58_38432_fu_2773_p2  |         +|   0|  0|   15|           8|           8|
    |add_ln58_38433_fu_2783_p2  |         +|   0|  0|   17|          10|          10|
    |add_ln58_38434_fu_1640_p2  |         +|   0|  0|   14|           7|           7|
    |add_ln58_38435_fu_2792_p2  |         +|   0|  0|   15|           8|           8|
    |add_ln58_38436_fu_1646_p2  |         +|   0|  0|   14|           7|           7|
    |add_ln58_38437_fu_1652_p2  |         +|   0|  0|   14|           7|           7|
    |add_ln58_38438_fu_2808_p2  |         +|   0|  0|   15|           8|           8|
    |add_ln58_38439_fu_2818_p2  |         +|   0|  0|   16|           9|           9|
    |add_ln58_38440_fu_5851_p2  |         +|   0|  0|   18|          11|          11|
    |add_ln58_38441_fu_5857_p2  |         +|   0|  0|   17|          11|          11|
    |add_ln58_38442_fu_2824_p2  |         +|   0|  0|   18|           9|           9|
    |add_ln58_38443_fu_2828_p2  |         +|   0|  0|   18|           9|           9|
    |add_ln58_38444_fu_2834_p2  |         +|   0|  0|   15|           8|           8|
    |add_ln58_38445_fu_2844_p2  |         +|   0|  0|   16|           9|           9|
    |add_ln58_38446_fu_5869_p2  |         +|   0|  0|   17|          10|          10|
    |add_ln58_38447_fu_2850_p2  |         +|   0|  0|   15|           8|           8|
    |add_ln58_38448_fu_2860_p2  |         +|   0|  0|   16|           9|           9|
    |add_ln58_38449_fu_2866_p2  |         +|   0|  0|   15|           8|           8|
    |add_ln58_38450_fu_2876_p2  |         +|   0|  0|   15|           8|           8|
    |add_ln58_38451_fu_2886_p2  |         +|   0|  0|   16|           9|           9|
    |add_ln58_38452_fu_5885_p2  |         +|   0|  0|   17|          10|          10|
    |add_ln58_38453_fu_5895_p2  |         +|   0|  0|   17|          11|          11|
    |add_ln58_38454_fu_1658_p2  |         +|   0|  0|   15|           8|           8|
    |add_ln58_38455_fu_2895_p2  |         +|   0|  0|   16|           9|           9|
    |add_ln58_38456_fu_1664_p2  |         +|   0|  0|   14|           7|           7|
    |add_ln58_38457_fu_1674_p2  |         +|   0|  0|   14|           7|           7|
    |add_ln58_38458_fu_1684_p2  |         +|   0|  0|   15|           8|           8|
    |add_ln58_38459_fu_2908_p2  |         +|   0|  0|   17|          10|          10|
    |add_ln58_38460_fu_1690_p2  |         +|   0|  0|   14|           7|           7|
    |add_ln58_38461_fu_1696_p2  |         +|   0|  0|   14|           7|           7|
    |add_ln58_38462_fu_2920_p2  |         +|   0|  0|   15|           8|           8|
    |add_ln58_38463_fu_1702_p2  |         +|   0|  0|   14|           7|           7|
    |add_ln58_38464_fu_1708_p2  |         +|   0|  0|   14|           7|           7|
    |add_ln58_38465_fu_2936_p2  |         +|   0|  0|   15|           8|           8|
    |add_ln58_38466_fu_2946_p2  |         +|   0|  0|   16|           9|           9|
    |add_ln58_38467_fu_5907_p2  |         +|   0|  0|   18|          11|          11|
    |add_ln58_38468_fu_5913_p2  |         +|   0|  0|   17|          11|          11|
    |add_ln58_38469_fu_2952_p2  |         +|   0|  0|   16|           9|           9|
    |add_ln58_38470_fu_2961_p2  |         +|   0|  0|   17|          10|          10|
    |add_ln58_38471_fu_2966_p2  |         +|   0|  0|   16|           9|           9|
    |add_ln58_38472_fu_5925_p2  |         +|   0|  0|   18|          11|          11|
    |add_ln58_38473_fu_2972_p2  |         +|   0|  0|   15|           8|           8|
    |add_ln58_38474_fu_2982_p2  |         +|   0|  0|   16|           9|           9|
    |add_ln58_38475_fu_2988_p2  |         +|   0|  0|   15|           8|           8|
    |add_ln58_38476_fu_2998_p2  |         +|   0|  0|   16|           9|           9|
    |add_ln58_38477_fu_5937_p2  |         +|   0|  0|   17|          10|          10|
    |add_ln58_38478_fu_5947_p2  |         +|   0|  0|   17|          11|          11|
    |add_ln58_38479_fu_3004_p2  |         +|   0|  0|   15|           8|           8|
    |add_ln58_38480_fu_3012_p2  |         +|   0|  0|   16|           9|           9|
    |add_ln58_38481_fu_1714_p2  |         +|   0|  0|   14|           7|           7|
    |add_ln58_38482_fu_1720_p2  |         +|   0|  0|   14|           7|           7|
    |add_ln58_38483_fu_3024_p2  |         +|   0|  0|   15|           8|           8|
    |add_ln58_38484_fu_5959_p2  |         +|   0|  0|   18|          10|          10|
    |add_ln58_38485_fu_1726_p2  |         +|   0|  0|   14|           7|           7|
    |add_ln58_38486_fu_3033_p2  |         +|   0|  0|   15|           8|           8|
    |add_ln58_38487_fu_1732_p2  |         +|   0|  0|   14|           7|           7|
    |add_ln58_38488_fu_1738_p2  |         +|   0|  0|   14|           7|           7|
    |add_ln58_38489_fu_3049_p2  |         +|   0|  0|   15|           8|           8|
    |add_ln58_38490_fu_3059_p2  |         +|   0|  0|   16|           9|           9|
    |add_ln58_38491_fu_5968_p2  |         +|   0|  0|   18|          10|          10|
    |add_ln58_38492_fu_5978_p2  |         +|   0|  0|   17|          11|          11|
    |add_ln58_38493_fu_3065_p2  |         +|   0|  0|   18|          10|          10|
    |add_ln58_38494_fu_3071_p2  |         +|   0|  0|   18|          10|          10|
    |add_ln58_38495_fu_5987_p2  |         +|   0|  0|   18|          11|          11|
    |add_ln58_38496_fu_3077_p2  |         +|   0|  0|   15|           8|           8|
    |add_ln58_38497_fu_3087_p2  |         +|   0|  0|   16|           9|           9|
    |add_ln58_38498_fu_3093_p2  |         +|   0|  0|   16|           9|           9|
    |add_ln58_38499_fu_5999_p2  |         +|   0|  0|   17|          10|          10|
    |add_ln58_38500_fu_6009_p2  |         +|   0|  0|   17|          11|          11|
    |add_ln58_38501_fu_1744_p2  |         +|   0|  0|   15|           8|           8|
    |add_ln58_38502_fu_3102_p2  |         +|   0|  0|   16|           9|           9|
    |add_ln58_38503_fu_1750_p2  |         +|   0|  0|   14|           7|           7|
    |add_ln58_38504_fu_3115_p2  |         +|   0|  0|   15|           8|           8|
    |add_ln58_38505_fu_3124_p2  |         +|   0|  0|   17|          10|          10|
    |add_ln58_38506_fu_1756_p2  |         +|   0|  0|   14|           7|           7|
    |add_ln58_38507_fu_3133_p2  |         +|   0|  0|   15|           8|           8|
    |add_ln58_38508_fu_1762_p2  |         +|   0|  0|   14|           7|           7|
    |add_ln58_38509_fu_1768_p2  |         +|   0|  0|   14|           7|           7|
    |add_ln58_38510_fu_3149_p2  |         +|   0|  0|   15|           8|           8|
    |add_ln58_38511_fu_3159_p2  |         +|   0|  0|   16|           9|           9|
    |add_ln58_38512_fu_6021_p2  |         +|   0|  0|   18|          11|          11|
    |add_ln58_38513_fu_6027_p2  |         +|   0|  0|   17|          11|          11|
    |add_ln58_38514_fu_3165_p2  |         +|   0|  0|   18|          10|          10|
    |add_ln58_38515_fu_3171_p2  |         +|   0|  0|   18|          10|          10|
    |add_ln58_38516_fu_3177_p2  |         +|   0|  0|   15|           8|           8|
    |add_ln58_38517_fu_3187_p2  |         +|   0|  0|   16|           9|           9|
    |add_ln58_38518_fu_6039_p2  |         +|   0|  0|   18|          11|          11|
    |add_ln58_38519_fu_3193_p2  |         +|   0|  0|   15|           8|           8|
    |add_ln58_38520_fu_3201_p2  |         +|   0|  0|   16|           9|           9|
    |add_ln58_38521_fu_1774_p2  |         +|   0|  0|   14|           7|           7|
    |add_ln58_38522_fu_1780_p2  |         +|   0|  0|   14|           7|           7|
    |add_ln58_38523_fu_3213_p2  |         +|   0|  0|   15|           8|           8|
    |add_ln58_38524_fu_6051_p2  |         +|   0|  0|   17|          10|          10|
    |add_ln58_38525_fu_6061_p2  |         +|   0|  0|   17|          11|          11|
    |add_ln58_38526_fu_1786_p2  |         +|   0|  0|   14|           7|           7|
    |add_ln58_38527_fu_3222_p2  |         +|   0|  0|   15|           8|           8|
    |add_ln58_38528_fu_1792_p2  |         +|   0|  0|   14|           7|           7|
    |add_ln58_38529_fu_3234_p2  |         +|   0|  0|   15|           8|           8|
    |add_ln58_38530_fu_3244_p2  |         +|   0|  0|   16|           9|           9|
    |add_ln58_38531_fu_1798_p2  |         +|   0|  0|   14|           7|           7|
    |add_ln58_38532_fu_3253_p2  |         +|   0|  0|   15|           8|           8|
    |add_ln58_38533_fu_3263_p2  |         +|   0|  0|   16|           9|           9|
    |add_ln58_38534_fu_6073_p2  |         +|   0|  0|   17|          10|          10|
    |add_ln58_38535_fu_6083_p2  |         +|   0|  0|   17|          11|          11|
    |add_ln58_38536_fu_3269_p2  |         +|   0|  0|   15|           8|           8|
    |add_ln58_38537_fu_3279_p2  |         +|   0|  0|   17|          10|          10|
    |add_ln58_38538_fu_3285_p2  |         +|   0|  0|   15|           8|           8|
    |add_ln58_38539_fu_3295_p2  |         +|   0|  0|   16|           9|           9|
    |add_ln58_38540_fu_6095_p2  |         +|   0|  0|   18|          11|          11|
    |add_ln58_38541_fu_3301_p2  |         +|   0|  0|   15|           8|           8|
    |add_ln58_38542_fu_3311_p2  |         +|   0|  0|   16|           9|           9|
    |add_ln58_38543_fu_3317_p2  |         +|   0|  0|   15|           8|           8|
    |add_ln58_38544_fu_3326_p2  |         +|   0|  0|   16|           9|           9|
    |add_ln58_38545_fu_6107_p2  |         +|   0|  0|   17|          10|          10|
    |add_ln58_38546_fu_6117_p2  |         +|   0|  0|   17|          11|          11|
    |add_ln58_38547_fu_3332_p2  |         +|   0|  0|   15|           8|           8|
    |add_ln58_38548_fu_3341_p2  |         +|   0|  0|   18|           9|           9|
    |add_ln58_38549_fu_1804_p2  |         +|   0|  0|   14|           7|           7|
    |add_ln58_38550_fu_3350_p2  |         +|   0|  0|   15|           8|           8|
    |add_ln58_38551_fu_3360_p2  |         +|   0|  0|   18|           9|           9|
    |add_ln58_38552_fu_1810_p2  |         +|   0|  0|   14|           7|           7|
    |add_ln58_38553_fu_3369_p2  |         +|   0|  0|   15|           8|           8|
    |add_ln58_38554_fu_1816_p2  |         +|   0|  0|   14|           7|           7|
    |add_ln58_38555_fu_3382_p2  |         +|   0|  0|   15|           8|           8|
    |add_ln58_38556_fu_3392_p2  |         +|   0|  0|   16|           9|           9|
    |add_ln58_38557_fu_6129_p2  |         +|   0|  0|   17|          10|          10|
    |add_ln58_38558_fu_6139_p2  |         +|   0|  0|   17|          11|          11|
    |add_ln58_38559_fu_3398_p2  |         +|   0|  0|   15|           8|           8|
    |add_ln58_38560_fu_3407_p2  |         +|   0|  0|   17|          10|          10|
    |add_ln58_38561_fu_3413_p2  |         +|   0|  0|   15|           8|           8|
    |add_ln58_38562_fu_3423_p2  |         +|   0|  0|   16|           9|           9|
    |add_ln58_38563_fu_6151_p2  |         +|   0|  0|   18|          11|          11|
    |add_ln58_38564_fu_3429_p2  |         +|   0|  0|   16|           9|           9|
    |add_ln58_38565_fu_1822_p2  |         +|   0|  0|   15|           8|           8|
    |add_ln58_38566_fu_1828_p2  |         +|   0|  0|   14|           7|           7|
    |add_ln58_38567_fu_3445_p2  |         +|   0|  0|   16|           9|           9|
    |add_ln58_38568_fu_3455_p2  |         +|   0|  0|   17|          10|          10|
    |add_ln58_38569_fu_6160_p2  |         +|   0|  0|   17|          11|          11|
    |add_ln58_38570_fu_1833_p2  |         +|   0|  0|   14|           7|           7|
    |add_ln58_38571_fu_3464_p2  |         +|   0|  0|   15|           8|           8|
    |add_ln58_38572_fu_1839_p2  |         +|   0|  0|   14|           7|           7|
    |add_ln58_38573_fu_3477_p2  |         +|   0|  0|   15|           8|           8|
    |add_ln58_38574_fu_3487_p2  |         +|   0|  0|   16|           9|           9|
    |add_ln58_38575_fu_3493_p2  |         +|   0|  0|   15|           8|           8|
    |add_ln58_38576_fu_1845_p2  |         +|   0|  0|   14|           7|           7|
    |add_ln58_38577_fu_3506_p2  |         +|   0|  0|   15|           8|           8|
    |add_ln58_38578_fu_3516_p2  |         +|   0|  0|   16|           9|           9|
    |add_ln58_38579_fu_6172_p2  |         +|   0|  0|   17|          10|          10|
    |add_ln58_38580_fu_6182_p2  |         +|   0|  0|   17|          11|          11|
    |add_ln58_38581_fu_3525_p2  |         +|   0|  0|   18|          10|          10|
    |add_ln58_38582_fu_3531_p2  |         +|   0|  0|   18|          10|          10|
    |add_ln58_38583_fu_3537_p2  |         +|   0|  0|   15|           8|           8|
    |add_ln58_38584_fu_3547_p2  |         +|   0|  0|   16|           9|           9|
    |add_ln58_38585_fu_6194_p2  |         +|   0|  0|   18|          11|          11|
    |add_ln58_38586_fu_3553_p2  |         +|   0|  0|   16|           9|           9|
    |add_ln58_38587_fu_1851_p2  |         +|   0|  0|   15|           8|           8|
    |add_ln58_38588_fu_3565_p2  |         +|   0|  0|   16|           9|           9|
    |add_ln58_38589_fu_6206_p2  |         +|   0|  0|   17|          10|          10|
    |add_ln58_38590_fu_6216_p2  |         +|   0|  0|   17|          11|          11|
    |add_ln58_38591_fu_1857_p2  |         +|   0|  0|   14|           7|           7|
    |add_ln58_38592_fu_3577_p2  |         +|   0|  0|   15|           8|           8|
    |add_ln58_38593_fu_1863_p2  |         +|   0|  0|   14|           7|           7|
    |add_ln58_38594_fu_3589_p2  |         +|   0|  0|   15|           8|           8|
    |add_ln58_38595_fu_3599_p2  |         +|   0|  0|   16|           9|           9|
    |add_ln58_38596_fu_3605_p2  |         +|   0|  0|   15|           8|           8|
    |add_ln58_38597_fu_3615_p2  |         +|   0|  0|   15|           8|           8|
    |add_ln58_38598_fu_3625_p2  |         +|   0|  0|   16|           9|           9|
    |add_ln58_38599_fu_6228_p2  |         +|   0|  0|   17|          10|          10|
    |add_ln58_38600_fu_6238_p2  |         +|   0|  0|   17|          11|          11|
    |add_ln58_38601_fu_1869_p2  |         +|   0|  0|   17|          10|          10|
    |add_ln58_38602_fu_3631_p2  |         +|   0|  0|   15|           8|           8|
    |add_ln58_38603_fu_3640_p2  |         +|   0|  0|   16|           9|           9|
    |add_ln58_38604_fu_6250_p2  |         +|   0|  0|   18|          11|          11|
    |add_ln58_38605_fu_3646_p2  |         +|   0|  0|   15|           8|           8|
    |add_ln58_38606_fu_3656_p2  |         +|   0|  0|   16|           9|           9|
    |add_ln58_38607_fu_3662_p2  |         +|   0|  0|   15|           8|           8|
    |add_ln58_38608_fu_3672_p2  |         +|   0|  0|   15|           8|           8|
    |add_ln58_38609_fu_3681_p2  |         +|   0|  0|   16|           9|           9|
    |add_ln58_38610_fu_6262_p2  |         +|   0|  0|   17|          10|          10|
    |add_ln58_38611_fu_6272_p2  |         +|   0|  0|   17|          11|          11|
    |add_ln58_38612_fu_1875_p2  |         +|   0|  0|   15|           8|           8|
    |add_ln58_38613_fu_3690_p2  |         +|   0|  0|   16|           9|           9|
    |add_ln58_38614_fu_1881_p2  |         +|   0|  0|   14|           7|           7|
    |add_ln58_38615_fu_3703_p2  |         +|   0|  0|   15|           8|           8|
    |add_ln58_38616_fu_3713_p2  |         +|   0|  0|   17|          10|          10|
    |add_ln58_38617_fu_1887_p2  |         +|   0|  0|   14|           7|           7|
    |add_ln58_38618_fu_3722_p2  |         +|   0|  0|   15|           8|           8|
    |add_ln58_38619_fu_3732_p2  |         +|   0|  0|   16|           9|           9|
    |add_ln58_38620_fu_6284_p2  |         +|   0|  0|   18|          11|          11|
    |add_ln58_38621_fu_6290_p2  |         +|   0|  0|   17|          11|          11|
    |add_ln58_38622_fu_6299_p2  |         +|   0|  0|   17|          11|          11|
    |add_ln58_38623_fu_3738_p2  |         +|   0|  0|   15|           8|           8|
    |add_ln58_38624_fu_3748_p2  |         +|   0|  0|   16|           9|           9|
    |add_ln58_38625_fu_6307_p2  |         +|   0|  0|   17|          11|          11|
    |add_ln58_38626_fu_3754_p2  |         +|   0|  0|   15|           8|           8|
    |add_ln58_38627_fu_3764_p2  |         +|   0|  0|   16|           9|           9|
    |add_ln58_38628_fu_1893_p2  |         +|   0|  0|   15|           8|           8|
    |add_ln58_38629_fu_3773_p2  |         +|   0|  0|   16|           9|           9|
    |add_ln58_38630_fu_6319_p2  |         +|   0|  0|   17|          10|          10|
    |add_ln58_38631_fu_6329_p2  |         +|   0|  0|   17|          11|          11|
    |add_ln58_38632_fu_1899_p2  |         +|   0|  0|   14|           7|           7|
    |add_ln58_38633_fu_1905_p2  |         +|   0|  0|   14|           7|           7|
    |add_ln58_38634_fu_3785_p2  |         +|   0|  0|   15|           8|           8|
    |add_ln58_38635_fu_3795_p2  |         +|   0|  0|   16|           9|           9|
    |add_ln58_38636_fu_3801_p2  |         +|   0|  0|   15|           8|           8|
    |add_ln58_38637_fu_1911_p2  |         +|   0|  0|   14|           7|           7|
    |add_ln58_38638_fu_3814_p2  |         +|   0|  0|   15|           8|           8|
    |add_ln58_38639_fu_3824_p2  |         +|   0|  0|   16|           9|           9|
    |add_ln58_38640_fu_6341_p2  |         +|   0|  0|   17|          10|          10|
    |add_ln58_38641_fu_6351_p2  |         +|   0|  0|   17|          11|          11|
    |add_ln58_38642_fu_1917_p2  |         +|   0|  0|   16|           9|           9|
    |add_ln58_38643_fu_1926_p2  |         +|   0|  0|   17|          10|          10|
    |add_ln58_38644_fu_6360_p2  |         +|   0|  0|   18|          11|          11|
    |add_ln58_38645_fu_3830_p2  |         +|   0|  0|   15|           8|           8|
    |add_ln58_38646_fu_3840_p2  |         +|   0|  0|   16|           9|           9|
    |add_ln58_38647_fu_3846_p2  |         +|   0|  0|   15|           8|           8|
    |add_ln58_38648_fu_3856_p2  |         +|   0|  0|   16|           9|           9|
    |add_ln58_38649_fu_6372_p2  |         +|   0|  0|   17|          10|          10|
    |add_ln58_38650_fu_6382_p2  |         +|   0|  0|   17|          11|          11|
    |add_ln58_38651_fu_3862_p2  |         +|   0|  0|   16|           9|           9|
    |add_ln58_38652_fu_1932_p2  |         +|   0|  0|   14|           7|           7|
    |add_ln58_38653_fu_3875_p2  |         +|   0|  0|   15|           8|           8|
    |add_ln58_38654_fu_3885_p2  |         +|   0|  0|   17|          10|          10|
    |add_ln58_38655_fu_1938_p2  |         +|   0|  0|   14|           7|           7|
    |add_ln58_38656_fu_1944_p2  |         +|   0|  0|   14|           7|           7|
    |add_ln58_38657_fu_3897_p2  |         +|   0|  0|   15|           8|           8|
    |add_ln58_38658_fu_1950_p2  |         +|   0|  0|   14|           7|           7|
    |add_ln58_38659_fu_3910_p2  |         +|   0|  0|   15|           8|           8|
    |add_ln58_38660_fu_3920_p2  |         +|   0|  0|   16|           9|           9|
    |add_ln58_38661_fu_6394_p2  |         +|   0|  0|   18|          11|          11|
    |add_ln58_38662_fu_6400_p2  |         +|   0|  0|   17|          11|          11|
    |add_ln58_38663_fu_1956_p2  |         +|   0|  0|   14|           7|           7|
    |add_ln58_38664_fu_3932_p2  |         +|   0|  0|   15|           8|           8|
    |add_ln58_38665_fu_3941_p2  |         +|   0|  0|   17|          10|          10|
    |add_ln58_38666_fu_3947_p2  |         +|   0|  0|   15|           8|           8|
    |add_ln58_38667_fu_3956_p2  |         +|   0|  0|   15|           8|           8|
    |add_ln58_38668_fu_3966_p2  |         +|   0|  0|   16|           9|           9|
    |add_ln58_38669_fu_6412_p2  |         +|   0|  0|   18|          11|          11|
    |add_ln58_38670_fu_3972_p2  |         +|   0|  0|   16|           9|           9|
    |add_ln58_38671_fu_3978_p2  |         +|   0|  0|   15|           8|           8|
    |add_ln58_38672_fu_3986_p2  |         +|   0|  0|   16|           9|           9|
    |add_ln58_38673_fu_6424_p2  |         +|   0|  0|   17|          10|          10|
    |add_ln58_38674_fu_6434_p2  |         +|   0|  0|   17|          11|          11|
    |add_ln58_38675_fu_3992_p2  |         +|   0|  0|   15|           8|           8|
    |add_ln58_38676_fu_1961_p2  |         +|   0|  0|   14|           7|           7|
    |add_ln58_38677_fu_4004_p2  |         +|   0|  0|   15|           8|           8|
    |add_ln58_38678_fu_4014_p2  |         +|   0|  0|   16|           9|           9|
    |add_ln58_38679_fu_1967_p2  |         +|   0|  0|   14|           7|           7|
    |add_ln58_38680_fu_1973_p2  |         +|   0|  0|   14|           7|           7|
    |add_ln58_38681_fu_4026_p2  |         +|   0|  0|   15|           8|           8|
    |add_ln58_38682_fu_1979_p2  |         +|   0|  0|   14|           7|           7|
    |add_ln58_38683_fu_1989_p2  |         +|   0|  0|   14|           7|           7|
    |add_ln58_38684_fu_1999_p2  |         +|   0|  0|   15|           8|           8|
    |add_ln58_38685_fu_4039_p2  |         +|   0|  0|   16|           9|           9|
    |add_ln58_38686_fu_6446_p2  |         +|   0|  0|   17|          10|          10|
    |add_ln58_38687_fu_6456_p2  |         +|   0|  0|   17|          11|          11|
    |add_ln58_38688_fu_4045_p2  |         +|   0|  0|   17|          10|          10|
    |add_ln58_38689_fu_6465_p2  |         +|   0|  0|   17|          11|          11|
    |add_ln58_38690_fu_4051_p2  |         +|   0|  0|   16|           9|           9|
    |add_ln58_38691_fu_6474_p2  |         +|   0|  0|   17|          11|          11|
    |add_ln58_38692_fu_4057_p2  |         +|   0|  0|   16|           9|           9|
    |add_ln58_38693_fu_2005_p2  |         +|   0|  0|   15|           8|           8|
    |add_ln58_38694_fu_4066_p2  |         +|   0|  0|   16|           9|           9|
    |add_ln58_38695_fu_6483_p2  |         +|   0|  0|   17|          10|          10|
    |add_ln58_38696_fu_6492_p2  |         +|   0|  0|   17|          11|          11|
    |add_ln58_38697_fu_4076_p2  |         +|   0|  0|   15|           8|           8|
    |add_ln58_38698_fu_4085_p2  |         +|   0|  0|   18|           9|           9|
    |add_ln58_38699_fu_4091_p2  |         +|   0|  0|   18|           9|           9|
    |add_ln58_38700_fu_4097_p2  |         +|   0|  0|   15|           8|           8|
    |add_ln58_38701_fu_4107_p2  |         +|   0|  0|   15|           8|           8|
    |add_ln58_38702_fu_4117_p2  |         +|   0|  0|   16|           9|           9|
    |add_ln58_38703_fu_6504_p2  |         +|   0|  0|   17|          10|          10|
    |add_ln58_38704_fu_6514_p2  |         +|   0|  0|   17|          11|          11|
    |add_ln58_38705_fu_4123_p2  |         +|   0|  0|   18|           9|           9|
    |add_ln58_38706_fu_4128_p2  |         +|   0|  0|   18|           9|           9|
    |add_ln58_38707_fu_4133_p2  |         +|   0|  0|   15|           8|           8|
    |add_ln58_38708_fu_4145_p2  |         +|   0|  0|   15|           8|           8|
    |add_ln58_38709_fu_4155_p2  |         +|   0|  0|   16|           9|           9|
    |add_ln58_38710_fu_6526_p2  |         +|   0|  0|   17|          10|          10|
    |add_ln58_38711_fu_4161_p2  |         +|   0|  0|   16|           9|           9|
    |add_ln58_38712_fu_4167_p2  |         +|   0|  0|   15|           8|           8|
    |add_ln58_38713_fu_4177_p2  |         +|   0|  0|   16|           9|           9|
    |add_ln58_38714_fu_6542_p2  |         +|   0|  0|   17|          10|          10|
    |add_ln58_38715_fu_6552_p2  |         +|   0|  0|   17|          11|          11|
    |add_ln58_38716_fu_4183_p2  |         +|   0|  0|   15|           8|           8|
    |add_ln58_38717_fu_4195_p2  |         +|   0|  0|   15|           8|           8|
    |add_ln58_38718_fu_4205_p2  |         +|   0|  0|   16|           9|           9|
    |add_ln58_38719_fu_2011_p2  |         +|   0|  0|   14|           7|           7|
    |add_ln58_38720_fu_4214_p2  |         +|   0|  0|   15|           8|           8|
    |add_ln58_38721_fu_2017_p2  |         +|   0|  0|   14|           7|           7|
    |add_ln58_38722_fu_4227_p2  |         +|   0|  0|   15|           8|           8|
    |add_ln58_38723_fu_4237_p2  |         +|   0|  0|   16|           9|           9|
    |add_ln58_38724_fu_6564_p2  |         +|   0|  0|   17|          10|          10|
    |add_ln58_38725_fu_6574_p2  |         +|   0|  0|   17|          11|          11|
    |add_ln58_38726_fu_4243_p2  |         +|   0|  0|   18|           9|           9|
    |add_ln58_38727_fu_4249_p2  |         +|   0|  0|   18|           9|           9|
    |add_ln58_38728_fu_4255_p2  |         +|   0|  0|   15|           8|           8|
    |add_ln58_38729_fu_4264_p2  |         +|   0|  0|   16|           9|           9|
    |add_ln58_38730_fu_6586_p2  |         +|   0|  0|   17|          10|          10|
    |add_ln58_38731_fu_4270_p2  |         +|   0|  0|   16|           9|           9|
    |add_ln58_38732_fu_4276_p2  |         +|   0|  0|   15|           8|           8|
    |add_ln58_38733_fu_4286_p2  |         +|   0|  0|   16|           9|           9|
    |add_ln58_38734_fu_6602_p2  |         +|   0|  0|   17|          10|          10|
    |add_ln58_38735_fu_6612_p2  |         +|   0|  0|   17|          11|          11|
    |add_ln58_38736_fu_4292_p2  |         +|   0|  0|   15|           8|           8|
    |add_ln58_38737_fu_4301_p2  |         +|   0|  0|   15|           8|           8|
    |add_ln58_38738_fu_4311_p2  |         +|   0|  0|   16|           9|           9|
    |add_ln58_38739_fu_2023_p2  |         +|   0|  0|   14|           7|           7|
    |add_ln58_38740_fu_4320_p2  |         +|   0|  0|   15|           8|           8|
    |add_ln58_38741_fu_4330_p2  |         +|   0|  0|   15|           8|           8|
    |add_ln58_38742_fu_4340_p2  |         +|   0|  0|   16|           9|           9|
    |add_ln58_38743_fu_6624_p2  |         +|   0|  0|   17|          10|          10|
    |add_ln58_38744_fu_6634_p2  |         +|   0|  0|   17|          11|          11|
    |add_ln58_38745_fu_4346_p2  |         +|   0|  0|   15|           8|           8|
    |add_ln58_38746_fu_4356_p2  |         +|   0|  0|   16|           9|           9|
    |add_ln58_38747_fu_4362_p2  |         +|   0|  0|   15|           8|           8|
    |add_ln58_38748_fu_4372_p2  |         +|   0|  0|   16|           9|           9|
    |add_ln58_38749_fu_6652_p2  |         +|   0|  0|   17|          10|          10|
    |add_ln58_38750_fu_4378_p2  |         +|   0|  0|   15|           8|           8|
    |add_ln58_38751_fu_4388_p2  |         +|   0|  0|   16|           9|           9|
    |add_ln58_38752_fu_4394_p2  |         +|   0|  0|   15|           8|           8|
    |add_ln58_38753_fu_4402_p2  |         +|   0|  0|   16|           9|           9|
    |add_ln58_38754_fu_6668_p2  |         +|   0|  0|   17|          10|          10|
    |add_ln58_38755_fu_6678_p2  |         +|   0|  0|   17|          11|          11|
    |add_ln58_38756_fu_2029_p2  |         +|   0|  0|   14|           7|           7|
    |add_ln58_38757_fu_4411_p2  |         +|   0|  0|   18|          10|          10|
    |add_ln58_38758_fu_2035_p2  |         +|   0|  0|   14|           7|           7|
    |add_ln58_38759_fu_2045_p2  |         +|   0|  0|   15|           8|           8|
    |add_ln58_38760_fu_4419_p2  |         +|   0|  0|   18|          10|          10|
    |add_ln58_38761_fu_4425_p2  |         +|   0|  0|   15|           8|           8|
    |add_ln58_38762_fu_2051_p2  |         +|   0|  0|   14|           7|           7|
    |add_ln58_38763_fu_2057_p2  |         +|   0|  0|   14|           7|           7|
    |add_ln58_38764_fu_4441_p2  |         +|   0|  0|   15|           8|           8|
    |add_ln58_38765_fu_4451_p2  |         +|   0|  0|   16|           9|           9|
    |add_ln58_38766_fu_6690_p2  |         +|   0|  0|   18|          11|          11|
    |add_ln58_38767_fu_6696_p2  |         +|   0|  0|   17|          11|          11|
    |add_ln58_38768_fu_4457_p2  |         +|   0|  0|   17|          10|          10|
    |add_ln58_38769_fu_4463_p2  |         +|   0|  0|   15|           8|           8|
    |add_ln58_38770_fu_4472_p2  |         +|   0|  0|   15|           8|           8|
    |add_ln58_38771_fu_4482_p2  |         +|   0|  0|   16|           9|           9|
    |add_ln58_38772_fu_6708_p2  |         +|   0|  0|   18|          11|          11|
    |add_ln58_38773_fu_4488_p2  |         +|   0|  0|   16|           9|           9|
    |add_ln58_38774_fu_6717_p2  |         +|   0|  0|   17|          10|          10|
    |add_ln58_38775_fu_6727_p2  |         +|   0|  0|   17|          11|          11|
    |add_ln58_38776_fu_2063_p2  |         +|   0|  0|   15|           8|           8|
    |add_ln58_38777_fu_4497_p2  |         +|   0|  0|   16|           9|           9|
    |add_ln58_38778_fu_4507_p2  |         +|   0|  0|   17|          10|          10|
    |add_ln58_38779_fu_2069_p2  |         +|   0|  0|   14|           7|           7|
    |add_ln58_38780_fu_4516_p2  |         +|   0|  0|   15|           8|           8|
    |add_ln58_38781_fu_4526_p2  |         +|   0|  0|   15|           8|           8|
    |add_ln58_38782_fu_4536_p2  |         +|   0|  0|   16|           9|           9|
    |add_ln58_38783_fu_6739_p2  |         +|   0|  0|   18|          11|          11|
    |add_ln58_38784_fu_6745_p2  |         +|   0|  0|   17|          11|          11|
    |add_ln58_38785_fu_4542_p2  |         +|   0|  0|   15|           8|           8|
    |add_ln58_38786_fu_4555_p2  |         +|   0|  0|   17|          10|          10|
    |add_ln58_38787_fu_6754_p2  |         +|   0|  0|   18|          11|          11|
    |add_ln58_38788_fu_4561_p2  |         +|   0|  0|   16|           9|           9|
    |add_ln58_38789_fu_4567_p2  |         +|   0|  0|   16|           9|           9|
    |add_ln58_38790_fu_6766_p2  |         +|   0|  0|   17|          10|          10|
    |add_ln58_38791_fu_6776_p2  |         +|   0|  0|   17|          11|          11|
    |add_ln58_38792_fu_4573_p2  |         +|   0|  0|   15|           8|           8|
    |add_ln58_38793_fu_4581_p2  |         +|   0|  0|   18|           9|           9|
    |add_ln58_38794_fu_2075_p2  |         +|   0|  0|   14|           7|           7|
    |add_ln58_38795_fu_4590_p2  |         +|   0|  0|   15|           8|           8|
    |add_ln58_38796_fu_4600_p2  |         +|   0|  0|   18|           9|           9|
    |add_ln58_38797_fu_4606_p2  |         +|   0|  0|   15|           8|           8|
    |add_ln58_38798_fu_4616_p2  |         +|   0|  0|   16|           9|           9|
    |add_ln58_38799_fu_6788_p2  |         +|   0|  0|   17|          10|          10|
    |add_ln58_38800_fu_6798_p2  |         +|   0|  0|   17|          11|          11|
    |add_ln58_38801_fu_2081_p2  |         +|   0|  0|   15|           8|           8|
    |add_ln58_38802_fu_2091_p2  |         +|   0|  0|   17|          10|          10|
    |add_ln58_38803_fu_4622_p2  |         +|   0|  0|   15|           8|           8|
    |add_ln58_38804_fu_4632_p2  |         +|   0|  0|   16|           9|           9|
    |add_ln58_38805_fu_6810_p2  |         +|   0|  0|   18|          11|          11|
    |add_ln58_38806_fu_4638_p2  |         +|   0|  0|   15|           8|           8|
    |add_ln58_38807_fu_4648_p2  |         +|   0|  0|   16|           9|           9|
    |add_ln58_38808_fu_4654_p2  |         +|   0|  0|   16|           9|           9|
    |add_ln58_38809_fu_6822_p2  |         +|   0|  0|   17|          10|          10|
    |add_ln58_38810_fu_6832_p2  |         +|   0|  0|   17|          11|          11|
    |add_ln58_38811_fu_2097_p2  |         +|   0|  0|   14|           7|           7|
    |add_ln58_38812_fu_4663_p2  |         +|   0|  0|   15|           8|           8|
    |add_ln58_38813_fu_2103_p2  |         +|   0|  0|   14|           7|           7|
    |add_ln58_38814_fu_4675_p2  |         +|   0|  0|   15|           8|           8|
    |add_ln58_38815_fu_4685_p2  |         +|   0|  0|   16|           9|           9|
    |add_ln58_38816_fu_4691_p2  |         +|   0|  0|   15|           8|           8|
    |add_ln58_38817_fu_4701_p2  |         +|   0|  0|   15|           8|           8|
    |add_ln58_38818_fu_4711_p2  |         +|   0|  0|   16|           9|           9|
    |add_ln58_38819_fu_6844_p2  |         +|   0|  0|   17|          10|          10|
    |add_ln58_38820_fu_6854_p2  |         +|   0|  0|   17|          11|          11|
    |add_ln58_38821_fu_4717_p2  |         +|   0|  0|   18|          10|          10|
    |add_ln58_38822_fu_4722_p2  |         +|   0|  0|   18|          10|          10|
    |add_ln58_38823_fu_4728_p2  |         +|   0|  0|   16|           9|           9|
    |add_ln58_38824_fu_6866_p2  |         +|   0|  0|   18|          11|          11|
    |add_ln58_38825_fu_4734_p2  |         +|   0|  0|   16|           9|           9|
    |add_ln58_38826_fu_4740_p2  |         +|   0|  0|   15|           8|           8|
    |add_ln58_38827_fu_4750_p2  |         +|   0|  0|   15|           8|           8|
    |add_ln58_38828_fu_4759_p2  |         +|   0|  0|   16|           9|           9|
    |add_ln58_38829_fu_6878_p2  |         +|   0|  0|   17|          10|          10|
    |add_ln58_38830_fu_6888_p2  |         +|   0|  0|   17|          11|          11|
    |add_ln58_38831_fu_2109_p2  |         +|   0|  0|   14|           7|           7|
    |add_ln58_38832_fu_4768_p2  |         +|   0|  0|   15|           8|           8|
    |add_ln58_38833_fu_2115_p2  |         +|   0|  0|   14|           7|           7|
    |add_ln58_38834_fu_4781_p2  |         +|   0|  0|   15|           8|           8|
    |add_ln58_38835_fu_4791_p2  |         +|   0|  0|   16|           9|           9|
    |add_ln58_38836_fu_4797_p2  |         +|   0|  0|   15|           8|           8|
    |add_ln58_38837_fu_4807_p2  |         +|   0|  0|   16|           9|           9|
    |add_ln58_38838_fu_6900_p2  |         +|   0|  0|   17|          10|          10|
    |add_ln58_38839_fu_6910_p2  |         +|   0|  0|   17|          11|          11|
    |add_ln58_38840_fu_2121_p2  |         +|   0|  0|   17|          10|          10|
    |add_ln58_38841_fu_4813_p2  |         +|   0|  0|   15|           8|           8|
    |add_ln58_38842_fu_4823_p2  |         +|   0|  0|   16|           9|           9|
    |add_ln58_38843_fu_6922_p2  |         +|   0|  0|   18|          11|          11|
    |add_ln58_38844_fu_4829_p2  |         +|   0|  0|   16|           9|           9|
    |add_ln58_38845_fu_4835_p2  |         +|   0|  0|   16|           9|           9|
    |add_ln58_38846_fu_6934_p2  |         +|   0|  0|   17|          10|          10|
    |add_ln58_38847_fu_6944_p2  |         +|   0|  0|   17|          11|          11|
    |add_ln58_38848_fu_4841_p2  |         +|   0|  0|   16|           9|           9|
    |add_ln58_38849_fu_2127_p2  |         +|   0|  0|   15|           8|           8|
    |add_ln58_38850_fu_4857_p2  |         +|   0|  0|   16|           9|           9|
    |add_ln58_38851_fu_4867_p2  |         +|   0|  0|   17|          10|          10|
    |add_ln58_38852_fu_4873_p2  |         +|   0|  0|   15|           8|           8|
    |add_ln58_38853_fu_4883_p2  |         +|   0|  0|   15|           8|           8|
    |add_ln58_38854_fu_4893_p2  |         +|   0|  0|   16|           9|           9|
    |add_ln58_38855_fu_6956_p2  |         +|   0|  0|   18|          11|          11|
    |add_ln58_38856_fu_6962_p2  |         +|   0|  0|   17|          11|          11|
    |add_ln58_38857_fu_4899_p2  |         +|   0|  0|   15|           8|           8|
    |add_ln58_38858_fu_4905_p2  |         +|   0|  0|   15|           8|           8|
    |add_ln58_38859_fu_6974_p2  |         +|   0|  0|   17|          11|          11|
    |add_ln58_38860_fu_6980_p2  |         +|   0|  0|   17|          11|          11|
    |add_ln58_38861_fu_4911_p2  |         +|   0|  0|   16|           9|           9|
    |add_ln58_38862_fu_4917_p2  |         +|   0|  0|   15|           8|           8|
    |add_ln58_38863_fu_4926_p2  |         +|   0|  0|   16|           9|           9|
    |add_ln58_38864_fu_6992_p2  |         +|   0|  0|   17|          10|          10|
    |add_ln58_38865_fu_7002_p2  |         +|   0|  0|   17|          11|          11|
    |add_ln58_38866_fu_4932_p2  |         +|   0|  0|   15|           8|           8|
    |add_ln58_38867_fu_4942_p2  |         +|   0|  0|   15|           8|           8|
    |add_ln58_38868_fu_4952_p2  |         +|   0|  0|   16|           9|           9|
    |add_ln58_38869_fu_4958_p2  |         +|   0|  0|   15|           8|           8|
    |add_ln58_38870_fu_4968_p2  |         +|   0|  0|   15|           8|           8|
    |add_ln58_38871_fu_4978_p2  |         +|   0|  0|   16|           9|           9|
    |add_ln58_38872_fu_7014_p2  |         +|   0|  0|   17|          10|          10|
    |add_ln58_38873_fu_7024_p2  |         +|   0|  0|   17|          11|          11|
    |add_ln58_38874_fu_4984_p2  |         +|   0|  0|   15|           8|           8|
    |add_ln58_38875_fu_4994_p2  |         +|   0|  0|   17|          10|          10|
    |add_ln58_38876_fu_5000_p2  |         +|   0|  0|   16|           9|           9|
    |add_ln58_38877_fu_7036_p2  |         +|   0|  0|   18|          11|          11|
    |add_ln58_38878_fu_5006_p2  |         +|   0|  0|   15|           8|           8|
    |add_ln58_38879_fu_5016_p2  |         +|   0|  0|   16|           9|           9|
    |add_ln58_38880_fu_5022_p2  |         +|   0|  0|   16|           9|           9|
    |add_ln58_38881_fu_7048_p2  |         +|   0|  0|   17|          10|          10|
    |add_ln58_38882_fu_7058_p2  |         +|   0|  0|   17|          11|          11|
    |add_ln58_38883_fu_5028_p2  |         +|   0|  0|   15|           8|           8|
    |add_ln58_38884_fu_5038_p2  |         +|   0|  0|   15|           8|           8|
    |add_ln58_38885_fu_5048_p2  |         +|   0|  0|   16|           9|           9|
    |add_ln58_38886_fu_5054_p2  |         +|   0|  0|   15|           8|           8|
    |add_ln58_38887_fu_2133_p2  |         +|   0|  0|   14|           7|           7|
    |add_ln58_38888_fu_5066_p2  |         +|   0|  0|   15|           8|           8|
    |add_ln58_38889_fu_5076_p2  |         +|   0|  0|   16|           9|           9|
    |add_ln58_38890_fu_7070_p2  |         +|   0|  0|   17|          10|          10|
    |add_ln58_38891_fu_7080_p2  |         +|   0|  0|   17|          11|          11|
    |add_ln58_38892_fu_2139_p2  |         +|   0|  0|   16|           9|           9|
    |add_ln58_38893_fu_5085_p2  |         +|   0|  0|   17|          10|          10|
    |add_ln58_38894_fu_5090_p2  |         +|   0|  0|   16|           9|           9|
    |add_ln58_38895_fu_7092_p2  |         +|   0|  0|   18|          11|          11|
    |add_ln58_38896_fu_5096_p2  |         +|   0|  0|   15|           8|           8|
    |add_ln58_38897_fu_5106_p2  |         +|   0|  0|   16|           9|           9|
    |add_ln58_38898_fu_7101_p2  |         +|   0|  0|   17|          10|          10|
    |add_ln58_38899_fu_7111_p2  |         +|   0|  0|   17|          11|          11|
    |add_ln58_38900_fu_2145_p2  |         +|   0|  0|   15|           8|           8|
    |add_ln58_38901_fu_5115_p2  |         +|   0|  0|   16|           9|           9|
    |add_ln58_38902_fu_2151_p2  |         +|   0|  0|   14|           7|           7|
    |add_ln58_38903_fu_5128_p2  |         +|   0|  0|   16|           9|           9|
    |add_ln58_38904_fu_5138_p2  |         +|   0|  0|   17|          10|          10|
    |add_ln58_38905_fu_5144_p2  |         +|   0|  0|   15|           8|           8|
    |add_ln58_38906_fu_2156_p2  |         +|   0|  0|   14|           7|           7|
    |add_ln58_38907_fu_5157_p2  |         +|   0|  0|   15|           8|           8|
    |add_ln58_38908_fu_5167_p2  |         +|   0|  0|   16|           9|           9|
    |add_ln58_38909_fu_7123_p2  |         +|   0|  0|   18|          11|          11|
    |add_ln58_38910_fu_7129_p2  |         +|   0|  0|   17|          11|          11|
    |add_ln58_38911_fu_7135_p2  |         +|   0|  0|   17|          11|          11|
    |add_ln58_38912_fu_5173_p2  |         +|   0|  0|   16|           9|           9|
    |add_ln58_38913_fu_7144_p2  |         +|   0|  0|   17|          11|          11|
    |add_ln58_38914_fu_5179_p2  |         +|   0|  0|   16|           9|           9|
    |add_ln58_38915_fu_5185_p2  |         +|   0|  0|   15|           8|           8|
    |add_ln58_38916_fu_5194_p2  |         +|   0|  0|   16|           9|           9|
    |add_ln58_38917_fu_7156_p2  |         +|   0|  0|   17|          10|          10|
    |add_ln58_38918_fu_7166_p2  |         +|   0|  0|   17|          11|          11|
    |add_ln58_38919_fu_5200_p2  |         +|   0|  0|   15|           8|           8|
    |add_ln58_38920_fu_5210_p2  |         +|   0|  0|   15|           8|           8|
    |add_ln58_38921_fu_5220_p2  |         +|   0|  0|   16|           9|           9|
    |add_ln58_38922_fu_2162_p2  |         +|   0|  0|   14|           7|           7|
    |add_ln58_38923_fu_5229_p2  |         +|   0|  0|   15|           8|           8|
    |add_ln58_38924_fu_5238_p2  |         +|   0|  0|   15|           8|           8|
    |add_ln58_38925_fu_5248_p2  |         +|   0|  0|   16|           9|           9|
    |add_ln58_38926_fu_7178_p2  |         +|   0|  0|   17|          10|          10|
    |add_ln58_38927_fu_7188_p2  |         +|   0|  0|   17|          11|          11|
    |add_ln58_38928_fu_5254_p2  |         +|   0|  0|   15|           8|           8|
    |add_ln58_38929_fu_5264_p2  |         +|   0|  0|   16|           9|           9|
    |add_ln58_38930_fu_5270_p2  |         +|   0|  0|   16|           9|           9|
    |add_ln58_38931_fu_7200_p2  |         +|   0|  0|   17|          10|          10|
    |add_ln58_38932_fu_5276_p2  |         +|   0|  0|   16|           9|           9|
    |add_ln58_38933_fu_2168_p2  |         +|   0|  0|   14|           7|           7|
    |add_ln58_38934_fu_5285_p2  |         +|   0|  0|   17|          10|          10|
    |add_ln58_38935_fu_7216_p2  |         +|   0|  0|   18|          11|          11|
    |add_ln58_38936_fu_7222_p2  |         +|   0|  0|   17|          11|          11|
    |add_ln58_38937_fu_5291_p2  |         +|   0|  0|   15|           8|           8|
    |add_ln58_38938_fu_5301_p2  |         +|   0|  0|   16|           9|           9|
    |add_ln58_38939_fu_5307_p2  |         +|   0|  0|   15|           8|           8|
    |add_ln58_38940_fu_5317_p2  |         +|   0|  0|   15|           8|           8|
    |add_ln58_38941_fu_5327_p2  |         +|   0|  0|   16|           9|           9|
    |add_ln58_38942_fu_7234_p2  |         +|   0|  0|   17|          10|          10|
    |add_ln58_38943_fu_7244_p2  |         +|   0|  0|   17|          11|          11|
    |add_ln58_38944_fu_5333_p2  |         +|   0|  0|   15|           8|           8|
    |add_ln58_38945_fu_5342_p2  |         +|   0|  0|   16|           9|           9|
    |add_ln58_38946_fu_5348_p2  |         +|   0|  0|   15|           8|           8|
    |add_ln58_38947_fu_5358_p2  |         +|   0|  0|   16|           9|           9|
    |add_ln58_38948_fu_7256_p2  |         +|   0|  0|   17|          10|          10|
    |add_ln58_38949_fu_5364_p2  |         +|   0|  0|   15|           8|           8|
    |add_ln58_38950_fu_5374_p2  |         +|   0|  0|   16|           9|           9|
    |add_ln58_38951_fu_5380_p2  |         +|   0|  0|   16|           9|           9|
    |add_ln58_38952_fu_7272_p2  |         +|   0|  0|   17|          10|          10|
    |add_ln58_38953_fu_7282_p2  |         +|   0|  0|   17|          11|          11|
    |add_ln58_38954_fu_2174_p2  |         +|   0|  0|   14|           7|           7|
    |add_ln58_38955_fu_2184_p2  |         +|   0|  0|   15|           8|           8|
    |add_ln58_38956_fu_2190_p2  |         +|   0|  0|   14|           7|           7|
    |add_ln58_38957_fu_5392_p2  |         +|   0|  0|   15|           8|           8|
    |add_ln58_38958_fu_5402_p2  |         +|   0|  0|   16|           9|           9|
    |add_ln58_38959_fu_5408_p2  |         +|   0|  0|   15|           8|           8|
    |add_ln58_38960_fu_5418_p2  |         +|   0|  0|   15|           8|           8|
    |add_ln58_38961_fu_5428_p2  |         +|   0|  0|   16|           9|           9|
    |add_ln58_38962_fu_7294_p2  |         +|   0|  0|   17|          10|          10|
    |add_ln58_38963_fu_7304_p2  |         +|   0|  0|   17|          11|          11|
    |add_ln58_38964_fu_5434_p2  |         +|   0|  0|   15|           8|           8|
    |add_ln58_38965_fu_5443_p2  |         +|   0|  0|   16|           9|           9|
    |add_ln58_38966_fu_5448_p2  |         +|   0|  0|   16|           9|           9|
    |add_ln58_38967_fu_7316_p2  |         +|   0|  0|   17|          10|          10|
    |add_ln58_38968_fu_5454_p2  |         +|   0|  0|   16|           9|           9|
    |add_ln58_38969_fu_5460_p2  |         +|   0|  0|   16|           9|           9|
    |add_ln58_38970_fu_5470_p2  |         +|   0|  0|   17|          10|          10|
    |add_ln58_38971_fu_7332_p2  |         +|   0|  0|   18|          11|          11|
    |add_ln58_38972_fu_7338_p2  |         +|   0|  0|   17|          11|          11|
    |add_ln58_38973_fu_2196_p2  |         +|   0|  0|   14|           7|           7|
    |add_ln58_38974_fu_2206_p2  |         +|   0|  0|   15|           8|           8|
    |add_ln58_38975_fu_5479_p2  |         +|   0|  0|   15|           8|           8|
    |add_ln58_38976_fu_5489_p2  |         +|   0|  0|   16|           9|           9|
    |add_ln58_38977_fu_2212_p2  |         +|   0|  0|   14|           7|           7|
    |add_ln58_38978_fu_5498_p2  |         +|   0|  0|   15|           8|           8|
    |add_ln58_38979_fu_5508_p2  |         +|   0|  0|   15|           8|           8|
    |add_ln58_38980_fu_5518_p2  |         +|   0|  0|   16|           9|           9|
    |add_ln58_38981_fu_7350_p2  |         +|   0|  0|   17|          10|          10|
    |add_ln58_38982_fu_7360_p2  |         +|   0|  0|   17|          11|          11|
    |add_ln58_38983_fu_7366_p2  |         +|   0|  0|   17|          11|          11|
    |add_ln58_38984_fu_5524_p2  |         +|   0|  0|   15|           8|           8|
    |add_ln58_38985_fu_5534_p2  |         +|   0|  0|   16|           9|           9|
    |add_ln58_38986_fu_7374_p2  |         +|   0|  0|   17|          11|          11|
    |add_ln58_38987_fu_5540_p2  |         +|   0|  0|   16|           9|           9|
    |add_ln58_38988_fu_7383_p2  |         +|   0|  0|   17|          10|          10|
    |add_ln58_38989_fu_7393_p2  |         +|   0|  0|   17|          11|          11|
    |add_ln58_38990_fu_2218_p2  |         +|   0|  0|   14|           7|           7|
    |add_ln58_38991_fu_5549_p2  |         +|   0|  0|   15|           8|           8|
    |add_ln58_38992_fu_5559_p2  |         +|   0|  0|   18|          10|          10|
    |add_ln58_38993_fu_2224_p2  |         +|   0|  0|   15|           8|           8|
    |add_ln58_38994_fu_5571_p2  |         +|   0|  0|   16|           9|           9|
    |add_ln58_38995_fu_5581_p2  |         +|   0|  0|   18|          10|          10|
    |add_ln58_38996_fu_7402_p2  |         +|   0|  0|   17|          11|          11|
    |add_ln58_38997_fu_5587_p2  |         +|   0|  0|   15|           8|           8|
    |add_ln58_38998_fu_7411_p2  |         +|   0|  0|   17|          11|          11|
    |add_ln58_38999_fu_5593_p2  |         +|   0|  0|   15|           8|           8|
    |add_ln58_39000_fu_5603_p2  |         +|   0|  0|   16|           9|           9|
    |add_ln58_39001_fu_7420_p2  |         +|   0|  0|   17|          11|          11|
    |add_ln58_39002_fu_5609_p2  |         +|   0|  0|   15|           8|           8|
    |add_ln58_39003_fu_5619_p2  |         +|   0|  0|   16|           9|           9|
    |add_ln58_39004_fu_7429_p2  |         +|   0|  0|   17|          10|          10|
    |add_ln58_39005_fu_7438_p2  |         +|   0|  0|   17|          11|          11|
    |add_ln58_39006_fu_2230_p2  |         +|   0|  0|   14|           7|           7|
    |add_ln58_39007_fu_5628_p2  |         +|   0|  0|   15|           8|           8|
    |add_ln58_39008_fu_5638_p2  |         +|   0|  0|   16|           9|           9|
    |add_ln58_39009_fu_5644_p2  |         +|   0|  0|   15|           8|           8|
    |add_ln58_39010_fu_5653_p2  |         +|   0|  0|   15|           8|           8|
    |add_ln58_39011_fu_5663_p2  |         +|   0|  0|   16|           9|           9|
    |add_ln58_39012_fu_7450_p2  |         +|   0|  0|   17|          10|          10|
    |add_ln58_39013_fu_7460_p2  |         +|   0|  0|   17|          11|          11|
    |add_ln58_39014_fu_7466_p2  |         +|   0|  0|   17|          11|          11|
    |add_ln58_39015_fu_5669_p2  |         +|   0|  0|   16|           9|           9|
    |add_ln58_39016_fu_7475_p2  |         +|   0|  0|   17|          11|          11|
    |add_ln58_39017_fu_5675_p2  |         +|   0|  0|   16|           9|           9|
    |add_ln58_39018_fu_7484_p2  |         +|   0|  0|   17|          10|          10|
    |add_ln58_39019_fu_7494_p2  |         +|   0|  0|   17|          11|          11|
    |add_ln58_39020_fu_5681_p2  |         +|   0|  0|   18|           9|           9|
    |add_ln58_39021_fu_5687_p2  |         +|   0|  0|   15|           8|           8|
    |add_ln58_39022_fu_5697_p2  |         +|   0|  0|   18|           9|           9|
    |add_ln58_39023_fu_5703_p2  |         +|   0|  0|   15|           8|           8|
    |add_ln58_39024_fu_5712_p2  |         +|   0|  0|   15|           8|           8|
    |add_ln58_39025_fu_5722_p2  |         +|   0|  0|   16|           9|           9|
    |add_ln58_39026_fu_7506_p2  |         +|   0|  0|   17|          10|          10|
    |add_ln58_39027_fu_7516_p2  |         +|   0|  0|   17|          11|          11|
    |add_ln58_fu_515_p2         |         +|   0|  0|   15|           8|           8|
    |sub_ln73_1479_fu_326_p2    |         -|   0|  0|   26|           1|          19|
    |sub_ln73_1480_fu_377_p2    |         -|   0|  0|   26|           1|          19|
    |sub_ln73_1481_fu_412_p2    |         -|   0|  0|   26|           1|          19|
    |sub_ln73_1482_fu_442_p2    |         -|   0|  0|   26|           1|          19|
    |sub_ln73_1483_fu_472_p2    |         -|   0|  0|   26|           1|          19|
    |sub_ln73_1484_fu_499_p2    |         -|   0|  0|   26|           1|          19|
    |sub_ln73_1485_fu_671_p2    |         -|   0|  0|   26|           1|          19|
    |sub_ln73_1486_fu_698_p2    |         -|   0|  0|   26|           1|          19|
    |sub_ln73_1487_fu_735_p2    |         -|   0|  0|   26|           1|          19|
    |sub_ln73_1488_fu_762_p2    |         -|   0|  0|   26|           1|          19|
    |sub_ln73_1489_fu_792_p2    |         -|   0|  0|   26|           1|          19|
    |sub_ln73_1490_fu_822_p2    |         -|   0|  0|   26|           1|          19|
    |sub_ln73_1491_fu_852_p2    |         -|   0|  0|   26|           1|          19|
    |sub_ln73_1492_fu_885_p2    |         -|   0|  0|   26|           1|          19|
    |sub_ln73_1493_fu_915_p2    |         -|   0|  0|   26|           1|          19|
    |sub_ln73_1494_fu_948_p2    |         -|   0|  0|   26|           1|          19|
    |sub_ln73_1495_fu_975_p2    |         -|   0|  0|   26|           1|          19|
    |sub_ln73_1496_fu_1005_p2   |         -|   0|  0|   26|           1|          19|
    |sub_ln73_1497_fu_1038_p2   |         -|   0|  0|   26|           1|          19|
    |sub_ln73_1498_fu_1065_p2   |         -|   0|  0|   26|           1|          19|
    |sub_ln73_1499_fu_1098_p2   |         -|   0|  0|   26|           1|          19|
    |sub_ln73_1500_fu_1128_p2   |         -|   0|  0|   26|           1|          19|
    |sub_ln73_1501_fu_1158_p2   |         -|   0|  0|   26|           1|          19|
    |sub_ln73_1502_fu_1188_p2   |         -|   0|  0|   26|           1|          19|
    |sub_ln73_1503_fu_1221_p2   |         -|   0|  0|   26|           1|          19|
    |sub_ln73_1504_fu_1248_p2   |         -|   0|  0|   26|           1|          19|
    |sub_ln73_1505_fu_1282_p2   |         -|   0|  0|   26|           1|          19|
    |sub_ln73_1506_fu_1319_p2   |         -|   0|  0|   26|           1|          19|
    |sub_ln73_1507_fu_1353_p2   |         -|   0|  0|   26|           1|          19|
    |sub_ln73_1508_fu_1387_p2   |         -|   0|  0|   26|           1|          19|
    |sub_ln73_1509_fu_1418_p2   |         -|   0|  0|   26|           1|          19|
    |sub_ln73_fu_298_p2         |         -|   0|  0|   26|           1|          19|
    +---------------------------+----------+----+---+-----+------------+------------+
    |Total                      |          |   0|  0|11687|        6137|        6713|
    +---------------------------+----------+----+---+-----+------------+------------+

    * Multiplexer: 
    N/A

    * Register: 
    +------------------------------------------+----+----+-----+-----------+
    |                   Name                   | FF | LUT| Bits| Const Bits|
    +------------------------------------------+----+----+-----+-----------+
    |add_ln58_38350_reg_7984                   |   8|   0|    8|          0|
    |add_ln58_38351_reg_7989                   |   9|   0|    9|          0|
    |add_ln58_38352_reg_7995                   |   8|   0|    8|          0|
    |add_ln58_38353_reg_8000                   |   9|   0|    9|          0|
    |add_ln58_38354_reg_8006                   |   9|   0|    9|          0|
    |add_ln58_38354_reg_8006_pp0_iter2_reg     |   9|   0|    9|          0|
    |add_ln58_38355_reg_8012                   |   9|   0|    9|          0|
    |add_ln58_38356_reg_8018                   |   8|   0|    8|          0|
    |add_ln58_38356_reg_8018_pp0_iter2_reg     |   8|   0|    8|          0|
    |add_ln58_38357_reg_8023                   |   8|   0|    8|          0|
    |add_ln58_38357_reg_8023_pp0_iter2_reg     |   8|   0|    8|          0|
    |add_ln58_38360_reg_8300                   |   9|   0|    9|          0|
    |add_ln58_38362_reg_8306                   |  10|   0|   10|          0|
    |add_ln58_38364_reg_8312                   |   9|   0|    9|          0|
    |add_ln58_38366_reg_8028                   |   7|   0|    7|          0|
    |add_ln58_38368_reg_8317                   |  10|   0|   10|          0|
    |add_ln58_38370_reg_8328                   |  10|   0|   10|          0|
    |add_ln58_38371_reg_8334                   |   7|   0|    7|          0|
    |add_ln58_38372_reg_8340                   |   9|   0|    9|          0|
    |add_ln58_38378_reg_8345                   |  10|   0|   10|          0|
    |add_ln58_38378_reg_8345_pp0_iter3_reg     |  10|   0|   10|          0|
    |add_ln58_38381_reg_8351                   |   8|   0|    8|          0|
    |add_ln58_38382_reg_8834                   |  10|   0|   10|          0|
    |add_ln58_38383_reg_8356                   |   7|   0|    7|          0|
    |add_ln58_38387_reg_8361                   |   8|   0|    8|          0|
    |add_ln58_38389_reg_8839                   |  10|   0|   10|          0|
    |add_ln58_38391_reg_8844                   |  11|   0|   11|          0|
    |add_ln58_38392_reg_8850                   |   8|   0|    8|          0|
    |add_ln58_38393_reg_8855                   |   9|   0|    9|          0|
    |add_ln58_38395_reg_8860                   |   9|   0|    9|          0|
    |add_ln58_38398_reg_8865                   |   9|   0|    9|          0|
    |add_ln58_38400_reg_8870                   |   9|   0|    9|          0|
    |add_ln58_38404_reg_8875                   |   9|   0|    9|          0|
    |add_ln58_38405_reg_8366                   |   7|   0|    7|          0|
    |add_ln58_38406_reg_8880                   |  10|   0|   10|          0|
    |add_ln58_38408_reg_8371                   |   7|   0|    7|          0|
    |add_ln58_38410_reg_8376                   |   7|   0|    7|          0|
    |add_ln58_38411_reg_8381                   |   7|   0|    7|          0|
    |add_ln58_38413_reg_8885                   |   9|   0|    9|          0|
    |add_ln58_38417_reg_8890                   |  10|   0|   10|          0|
    |add_ln58_38419_reg_8895                   |   9|   0|    9|          0|
    |add_ln58_38422_reg_8900                   |   9|   0|    9|          0|
    |add_ln58_38425_reg_8905                   |   9|   0|    9|          0|
    |add_ln58_38428_reg_8386                   |   8|   0|    8|          0|
    |add_ln58_38430_reg_8391                   |   7|   0|    7|          0|
    |add_ln58_38431_reg_8397                   |   7|   0|    7|          0|
    |add_ln58_38433_reg_8910                   |  10|   0|   10|          0|
    |add_ln58_38434_reg_8402                   |   7|   0|    7|          0|
    |add_ln58_38436_reg_8407                   |   7|   0|    7|          0|
    |add_ln58_38437_reg_8412                   |   7|   0|    7|          0|
    |add_ln58_38439_reg_8915                   |   9|   0|    9|          0|
    |add_ln58_38443_reg_8920                   |   9|   0|    9|          0|
    |add_ln58_38445_reg_8925                   |   9|   0|    9|          0|
    |add_ln58_38448_reg_8930                   |   9|   0|    9|          0|
    |add_ln58_38451_reg_8935                   |   9|   0|    9|          0|
    |add_ln58_38454_reg_8417                   |   8|   0|    8|          0|
    |add_ln58_38458_reg_8422                   |   8|   0|    8|          0|
    |add_ln58_38459_reg_8940                   |  10|   0|   10|          0|
    |add_ln58_38460_reg_8427                   |   7|   0|    7|          0|
    |add_ln58_38461_reg_8432                   |   7|   0|    7|          0|
    |add_ln58_38463_reg_8437                   |   7|   0|    7|          0|
    |add_ln58_38464_reg_8442                   |   7|   0|    7|          0|
    |add_ln58_38466_reg_8945                   |   9|   0|    9|          0|
    |add_ln58_38470_reg_8950                   |  10|   0|   10|          0|
    |add_ln58_38471_reg_8955                   |   9|   0|    9|          0|
    |add_ln58_38474_reg_8960                   |   9|   0|    9|          0|
    |add_ln58_38476_reg_8965                   |   9|   0|    9|          0|
    |add_ln58_38480_reg_8970                   |   9|   0|    9|          0|
    |add_ln58_38481_reg_8447                   |   7|   0|    7|          0|
    |add_ln58_38482_reg_8452                   |   7|   0|    7|          0|
    |add_ln58_38483_reg_8975                   |   8|   0|    8|          0|
    |add_ln58_38485_reg_8457                   |   7|   0|    7|          0|
    |add_ln58_38487_reg_8462                   |   7|   0|    7|          0|
    |add_ln58_38488_reg_8467                   |   7|   0|    7|          0|
    |add_ln58_38490_reg_8980                   |   9|   0|    9|          0|
    |add_ln58_38494_reg_8985                   |  10|   0|   10|          0|
    |add_ln58_38497_reg_8990                   |   9|   0|    9|          0|
    |add_ln58_38498_reg_8995                   |   9|   0|    9|          0|
    |add_ln58_38501_reg_8472                   |   8|   0|    8|          0|
    |add_ln58_38503_reg_8477                   |   7|   0|    7|          0|
    |add_ln58_38505_reg_9000                   |  10|   0|   10|          0|
    |add_ln58_38506_reg_8482                   |   7|   0|    7|          0|
    |add_ln58_38508_reg_8487                   |   7|   0|    7|          0|
    |add_ln58_38509_reg_8492                   |   7|   0|    7|          0|
    |add_ln58_38511_reg_9005                   |   9|   0|    9|          0|
    |add_ln58_38515_reg_9010                   |  10|   0|   10|          0|
    |add_ln58_38517_reg_9015                   |   9|   0|    9|          0|
    |add_ln58_38520_reg_9020                   |   9|   0|    9|          0|
    |add_ln58_38521_reg_8497                   |   7|   0|    7|          0|
    |add_ln58_38522_reg_8502                   |   7|   0|    7|          0|
    |add_ln58_38523_reg_9025                   |   8|   0|    8|          0|
    |add_ln58_38526_reg_8507                   |   7|   0|    7|          0|
    |add_ln58_38528_reg_8512                   |   7|   0|    7|          0|
    |add_ln58_38530_reg_9030                   |   9|   0|    9|          0|
    |add_ln58_38531_reg_8517                   |   7|   0|    7|          0|
    |add_ln58_38533_reg_9035                   |   9|   0|    9|          0|
    |add_ln58_38537_reg_9040                   |  10|   0|   10|          0|
    |add_ln58_38539_reg_9045                   |   9|   0|    9|          0|
    |add_ln58_38542_reg_9050                   |   9|   0|    9|          0|
    |add_ln58_38544_reg_9055                   |   9|   0|    9|          0|
    |add_ln58_38549_reg_8522                   |   7|   0|    7|          0|
    |add_ln58_38551_reg_9060                   |   9|   0|    9|          0|
    |add_ln58_38552_reg_8527                   |   7|   0|    7|          0|
    |add_ln58_38554_reg_8532                   |   7|   0|    7|          0|
    |add_ln58_38556_reg_9065                   |   9|   0|    9|          0|
    |add_ln58_38560_reg_9070                   |  10|   0|   10|          0|
    |add_ln58_38562_reg_9075                   |   9|   0|    9|          0|
    |add_ln58_38565_reg_8537                   |   8|   0|    8|          0|
    |add_ln58_38566_reg_8542                   |   7|   0|    7|          0|
    |add_ln58_38568_reg_9080                   |  10|   0|   10|          0|
    |add_ln58_38570_reg_8547                   |   7|   0|    7|          0|
    |add_ln58_38570_reg_8547_pp0_iter3_reg     |   7|   0|    7|          0|
    |add_ln58_38572_reg_8553                   |   7|   0|    7|          0|
    |add_ln58_38574_reg_9085                   |   9|   0|    9|          0|
    |add_ln58_38576_reg_8558                   |   7|   0|    7|          0|
    |add_ln58_38578_reg_9090                   |   9|   0|    9|          0|
    |add_ln58_38582_reg_9095                   |  10|   0|   10|          0|
    |add_ln58_38584_reg_9100                   |   9|   0|    9|          0|
    |add_ln58_38586_reg_9105                   |   9|   0|    9|          0|
    |add_ln58_38587_reg_8563                   |   8|   0|    8|          0|
    |add_ln58_38588_reg_9110                   |   9|   0|    9|          0|
    |add_ln58_38591_reg_8569                   |   7|   0|    7|          0|
    |add_ln58_38593_reg_8575                   |   7|   0|    7|          0|
    |add_ln58_38595_reg_9115                   |   9|   0|    9|          0|
    |add_ln58_38598_reg_9120                   |   9|   0|    9|          0|
    |add_ln58_38601_reg_8580                   |  10|   0|   10|          0|
    |add_ln58_38601_reg_8580_pp0_iter3_reg     |  10|   0|   10|          0|
    |add_ln58_38603_reg_9125                   |   9|   0|    9|          0|
    |add_ln58_38606_reg_9130                   |   9|   0|    9|          0|
    |add_ln58_38609_reg_9135                   |   9|   0|    9|          0|
    |add_ln58_38612_reg_8585                   |   8|   0|    8|          0|
    |add_ln58_38614_reg_8590                   |   7|   0|    7|          0|
    |add_ln58_38616_reg_9140                   |  10|   0|   10|          0|
    |add_ln58_38617_reg_8596                   |   7|   0|    7|          0|
    |add_ln58_38619_reg_9145                   |   9|   0|    9|          0|
    |add_ln58_38624_reg_9150                   |   9|   0|    9|          0|
    |add_ln58_38627_reg_9155                   |   9|   0|    9|          0|
    |add_ln58_38628_reg_8601                   |   8|   0|    8|          0|
    |add_ln58_38629_reg_9160                   |   9|   0|    9|          0|
    |add_ln58_38632_reg_8606                   |   7|   0|    7|          0|
    |add_ln58_38633_reg_8612                   |   7|   0|    7|          0|
    |add_ln58_38635_reg_9165                   |   9|   0|    9|          0|
    |add_ln58_38637_reg_8617                   |   7|   0|    7|          0|
    |add_ln58_38639_reg_9170                   |   9|   0|    9|          0|
    |add_ln58_38643_reg_8622                   |  10|   0|   10|          0|
    |add_ln58_38643_reg_8622_pp0_iter3_reg     |  10|   0|   10|          0|
    |add_ln58_38646_reg_9175                   |   9|   0|    9|          0|
    |add_ln58_38648_reg_9180                   |   9|   0|    9|          0|
    |add_ln58_38652_reg_8627                   |   7|   0|    7|          0|
    |add_ln58_38654_reg_9185                   |  10|   0|   10|          0|
    |add_ln58_38655_reg_8632                   |   7|   0|    7|          0|
    |add_ln58_38656_reg_8637                   |   7|   0|    7|          0|
    |add_ln58_38658_reg_8642                   |   7|   0|    7|          0|
    |add_ln58_38660_reg_9190                   |   9|   0|    9|          0|
    |add_ln58_38663_reg_8647                   |   7|   0|    7|          0|
    |add_ln58_38665_reg_9195                   |  10|   0|   10|          0|
    |add_ln58_38668_reg_9200                   |   9|   0|    9|          0|
    |add_ln58_38670_reg_9205                   |   9|   0|    9|          0|
    |add_ln58_38672_reg_9210                   |   9|   0|    9|          0|
    |add_ln58_38676_reg_8653                   |   7|   0|    7|          0|
    |add_ln58_38678_reg_9215                   |   9|   0|    9|          0|
    |add_ln58_38679_reg_8658                   |   7|   0|    7|          0|
    |add_ln58_38680_reg_8663                   |   7|   0|    7|          0|
    |add_ln58_38684_reg_8668                   |   8|   0|    8|          0|
    |add_ln58_38685_reg_9220                   |   9|   0|    9|          0|
    |add_ln58_38688_reg_9225                   |  10|   0|   10|          0|
    |add_ln58_38690_reg_9230                   |   9|   0|    9|          0|
    |add_ln58_38692_reg_9235                   |   9|   0|    9|          0|
    |add_ln58_38693_reg_8673                   |   8|   0|    8|          0|
    |add_ln58_38699_reg_9245                   |   9|   0|    9|          0|
    |add_ln58_38702_reg_9250                   |   9|   0|    9|          0|
    |add_ln58_38706_reg_9255                   |   9|   0|    9|          0|
    |add_ln58_38709_reg_9260                   |   9|   0|    9|          0|
    |add_ln58_38711_reg_9265                   |   9|   0|    9|          0|
    |add_ln58_38713_reg_9270                   |   9|   0|    9|          0|
    |add_ln58_38718_reg_9275                   |   9|   0|    9|          0|
    |add_ln58_38719_reg_8678                   |   7|   0|    7|          0|
    |add_ln58_38721_reg_8683                   |   7|   0|    7|          0|
    |add_ln58_38723_reg_9280                   |   9|   0|    9|          0|
    |add_ln58_38727_reg_9285                   |   9|   0|    9|          0|
    |add_ln58_38729_reg_9290                   |   9|   0|    9|          0|
    |add_ln58_38731_reg_9295                   |   9|   0|    9|          0|
    |add_ln58_38733_reg_9300                   |   9|   0|    9|          0|
    |add_ln58_38738_reg_9305                   |   9|   0|    9|          0|
    |add_ln58_38739_reg_8688                   |   7|   0|    7|          0|
    |add_ln58_38742_reg_9310                   |   9|   0|    9|          0|
    |add_ln58_38745_reg_9315                   |   8|   0|    8|          0|
    |add_ln58_38746_reg_9320                   |   9|   0|    9|          0|
    |add_ln58_38748_reg_9325                   |   9|   0|    9|          0|
    |add_ln58_38751_reg_9331                   |   9|   0|    9|          0|
    |add_ln58_38753_reg_9336                   |   9|   0|    9|          0|
    |add_ln58_38756_reg_8693                   |   7|   0|    7|          0|
    |add_ln58_38759_reg_8698                   |   8|   0|    8|          0|
    |add_ln58_38760_reg_9341                   |  10|   0|   10|          0|
    |add_ln58_38762_reg_8704                   |   7|   0|    7|          0|
    |add_ln58_38763_reg_8709                   |   7|   0|    7|          0|
    |add_ln58_38765_reg_9346                   |   9|   0|    9|          0|
    |add_ln58_38768_reg_9351                   |  10|   0|   10|          0|
    |add_ln58_38771_reg_9356                   |   9|   0|    9|          0|
    |add_ln58_38773_reg_9361                   |   9|   0|    9|          0|
    |add_ln58_38776_reg_8714                   |   8|   0|    8|          0|
    |add_ln58_38778_reg_9366                   |  10|   0|   10|          0|
    |add_ln58_38779_reg_8719                   |   7|   0|    7|          0|
    |add_ln58_38782_reg_9371                   |   9|   0|    9|          0|
    |add_ln58_38786_reg_9376                   |  10|   0|   10|          0|
    |add_ln58_38788_reg_9381                   |   9|   0|    9|          0|
    |add_ln58_38789_reg_9386                   |   9|   0|    9|          0|
    |add_ln58_38794_reg_8724                   |   7|   0|    7|          0|
    |add_ln58_38796_reg_9391                   |   9|   0|    9|          0|
    |add_ln58_38798_reg_9396                   |   9|   0|    9|          0|
    |add_ln58_38802_reg_8729                   |  10|   0|   10|          0|
    |add_ln58_38802_reg_8729_pp0_iter3_reg     |  10|   0|   10|          0|
    |add_ln58_38804_reg_9401                   |   9|   0|    9|          0|
    |add_ln58_38807_reg_9406                   |   9|   0|    9|          0|
    |add_ln58_38808_reg_9411                   |   9|   0|    9|          0|
    |add_ln58_38811_reg_8734                   |   7|   0|    7|          0|
    |add_ln58_38813_reg_8739                   |   7|   0|    7|          0|
    |add_ln58_38815_reg_9416                   |   9|   0|    9|          0|
    |add_ln58_38818_reg_9421                   |   9|   0|    9|          0|
    |add_ln58_38822_reg_9426                   |  10|   0|   10|          0|
    |add_ln58_38823_reg_9431                   |   9|   0|    9|          0|
    |add_ln58_38825_reg_9436                   |   9|   0|    9|          0|
    |add_ln58_38828_reg_9441                   |   9|   0|    9|          0|
    |add_ln58_38831_reg_8744                   |   7|   0|    7|          0|
    |add_ln58_38833_reg_8749                   |   7|   0|    7|          0|
    |add_ln58_38835_reg_9446                   |   9|   0|    9|          0|
    |add_ln58_38837_reg_9451                   |   9|   0|    9|          0|
    |add_ln58_38840_reg_8754                   |  10|   0|   10|          0|
    |add_ln58_38840_reg_8754_pp0_iter3_reg     |  10|   0|   10|          0|
    |add_ln58_38842_reg_9456                   |   9|   0|    9|          0|
    |add_ln58_38844_reg_9461                   |   9|   0|    9|          0|
    |add_ln58_38845_reg_9466                   |   9|   0|    9|          0|
    |add_ln58_38849_reg_8759                   |   8|   0|    8|          0|
    |add_ln58_38851_reg_9476                   |  10|   0|   10|          0|
    |add_ln58_38854_reg_9481                   |   9|   0|    9|          0|
    |add_ln58_38857_reg_9486                   |   8|   0|    8|          0|
    |add_ln58_38858_reg_9491                   |   8|   0|    8|          0|
    |add_ln58_38861_reg_9496                   |   9|   0|    9|          0|
    |add_ln58_38863_reg_9501                   |   9|   0|    9|          0|
    |add_ln58_38868_reg_9506                   |   9|   0|    9|          0|
    |add_ln58_38871_reg_9511                   |   9|   0|    9|          0|
    |add_ln58_38875_reg_9516                   |  10|   0|   10|          0|
    |add_ln58_38876_reg_9521                   |   9|   0|    9|          0|
    |add_ln58_38879_reg_9526                   |   9|   0|    9|          0|
    |add_ln58_38880_reg_9531                   |   9|   0|    9|          0|
    |add_ln58_38885_reg_9536                   |   9|   0|    9|          0|
    |add_ln58_38887_reg_8764                   |   7|   0|    7|          0|
    |add_ln58_38889_reg_9541                   |   9|   0|    9|          0|
    |add_ln58_38892_reg_8769                   |   9|   0|    9|          0|
    |add_ln58_38893_reg_9546                   |  10|   0|   10|          0|
    |add_ln58_38894_reg_9551                   |   9|   0|    9|          0|
    |add_ln58_38897_reg_9556                   |   9|   0|    9|          0|
    |add_ln58_38900_reg_8774                   |   8|   0|    8|          0|
    |add_ln58_38902_reg_8779                   |   7|   0|    7|          0|
    |add_ln58_38904_reg_9561                   |  10|   0|   10|          0|
    |add_ln58_38906_reg_8784                   |   7|   0|    7|          0|
    |add_ln58_38908_reg_9566                   |   9|   0|    9|          0|
    |add_ln58_38912_reg_9571                   |   9|   0|    9|          0|
    |add_ln58_38914_reg_9576                   |   9|   0|    9|          0|
    |add_ln58_38916_reg_9581                   |   9|   0|    9|          0|
    |add_ln58_38921_reg_9586                   |   9|   0|    9|          0|
    |add_ln58_38922_reg_8789                   |   7|   0|    7|          0|
    |add_ln58_38925_reg_9591                   |   9|   0|    9|          0|
    |add_ln58_38929_reg_9596                   |   9|   0|    9|          0|
    |add_ln58_38930_reg_9601                   |   9|   0|    9|          0|
    |add_ln58_38932_reg_9606                   |   9|   0|    9|          0|
    |add_ln58_38933_reg_8794                   |   7|   0|    7|          0|
    |add_ln58_38934_reg_9611                   |  10|   0|   10|          0|
    |add_ln58_38938_reg_9616                   |   9|   0|    9|          0|
    |add_ln58_38941_reg_9621                   |   9|   0|    9|          0|
    |add_ln58_38945_reg_9626                   |   9|   0|    9|          0|
    |add_ln58_38947_reg_9631                   |   9|   0|    9|          0|
    |add_ln58_38950_reg_9636                   |   9|   0|    9|          0|
    |add_ln58_38951_reg_9641                   |   9|   0|    9|          0|
    |add_ln58_38955_reg_8799                   |   8|   0|    8|          0|
    |add_ln58_38956_reg_8804                   |   7|   0|    7|          0|
    |add_ln58_38958_reg_9646                   |   9|   0|    9|          0|
    |add_ln58_38961_reg_9651                   |   9|   0|    9|          0|
    |add_ln58_38965_reg_9656                   |   9|   0|    9|          0|
    |add_ln58_38966_reg_9661                   |   9|   0|    9|          0|
    |add_ln58_38968_reg_9666                   |   9|   0|    9|          0|
    |add_ln58_38970_reg_9671                   |  10|   0|   10|          0|
    |add_ln58_38974_reg_8809                   |   8|   0|    8|          0|
    |add_ln58_38976_reg_9676                   |   9|   0|    9|          0|
    |add_ln58_38977_reg_8814                   |   7|   0|    7|          0|
    |add_ln58_38980_reg_9681                   |   9|   0|    9|          0|
    |add_ln58_38985_reg_9686                   |   9|   0|    9|          0|
    |add_ln58_38987_reg_9691                   |   9|   0|    9|          0|
    |add_ln58_38990_reg_8819                   |   7|   0|    7|          0|
    |add_ln58_38993_reg_8824                   |   8|   0|    8|          0|
    |add_ln58_38995_reg_9696                   |  10|   0|   10|          0|
    |add_ln58_38997_reg_9701                   |   8|   0|    8|          0|
    |add_ln58_39000_reg_9706                   |   9|   0|    9|          0|
    |add_ln58_39003_reg_9711                   |   9|   0|    9|          0|
    |add_ln58_39006_reg_8829                   |   7|   0|    7|          0|
    |add_ln58_39008_reg_9716                   |   9|   0|    9|          0|
    |add_ln58_39011_reg_9721                   |   9|   0|    9|          0|
    |add_ln58_39015_reg_9726                   |   9|   0|    9|          0|
    |add_ln58_39017_reg_9731                   |   9|   0|    9|          0|
    |add_ln58_39022_reg_9736                   |   9|   0|    9|          0|
    |add_ln58_39025_reg_9741                   |   9|   0|    9|          0|
    |data_100_val_int_reg                      |   6|   0|    6|          0|
    |data_100_val_read_reg_7899                |   6|   0|    6|          0|
    |data_100_val_read_reg_7899_pp0_iter1_reg  |   6|   0|    6|          0|
    |data_101_val_int_reg                      |   6|   0|    6|          0|
    |data_101_val_read_reg_7893                |   6|   0|    6|          0|
    |data_102_val_int_reg                      |   6|   0|    6|          0|
    |data_102_val_read_reg_7885                |   6|   0|    6|          0|
    |data_103_val_int_reg                      |   6|   0|    6|          0|
    |data_103_val_read_reg_7877                |   6|   0|    6|          0|
    |data_104_val_int_reg                      |   6|   0|    6|          0|
    |data_104_val_read_reg_7870                |   6|   0|    6|          0|
    |data_105_val_int_reg                      |   6|   0|    6|          0|
    |data_105_val_read_reg_7863                |   6|   0|    6|          0|
    |data_106_val_int_reg                      |   6|   0|    6|          0|
    |data_106_val_read_reg_7856                |   6|   0|    6|          0|
    |data_107_val_int_reg                      |   6|   0|    6|          0|
    |data_107_val_read_reg_7849                |   6|   0|    6|          0|
    |data_108_val_int_reg                      |   6|   0|    6|          0|
    |data_108_val_read_reg_7842                |   6|   0|    6|          0|
    |data_109_val_int_reg                      |   6|   0|    6|          0|
    |data_109_val_read_reg_7835                |   6|   0|    6|          0|
    |data_110_val_int_reg                      |   6|   0|    6|          0|
    |data_110_val_read_reg_7828                |   6|   0|    6|          0|
    |data_111_val_int_reg                      |   6|   0|    6|          0|
    |data_111_val_read_reg_7821                |   6|   0|    6|          0|
    |data_112_val_int_reg                      |   6|   0|    6|          0|
    |data_112_val_read_reg_7814                |   6|   0|    6|          0|
    |data_112_val_read_reg_7814_pp0_iter1_reg  |   6|   0|    6|          0|
    |data_113_val_int_reg                      |   6|   0|    6|          0|
    |data_113_val_read_reg_7807                |   6|   0|    6|          0|
    |data_114_val_int_reg                      |   6|   0|    6|          0|
    |data_114_val_read_reg_7800                |   6|   0|    6|          0|
    |data_115_val_int_reg                      |   6|   0|    6|          0|
    |data_115_val_read_reg_7793                |   6|   0|    6|          0|
    |data_116_val_int_reg                      |   6|   0|    6|          0|
    |data_116_val_read_reg_7786                |   6|   0|    6|          0|
    |data_116_val_read_reg_7786_pp0_iter1_reg  |   6|   0|    6|          0|
    |data_117_val_int_reg                      |   6|   0|    6|          0|
    |data_117_val_read_reg_7779                |   6|   0|    6|          0|
    |data_118_val_int_reg                      |   6|   0|    6|          0|
    |data_118_val_read_reg_7772                |   6|   0|    6|          0|
    |data_119_val_int_reg                      |   6|   0|    6|          0|
    |data_119_val_read_reg_7765                |   6|   0|    6|          0|
    |data_120_val_int_reg                      |   6|   0|    6|          0|
    |data_120_val_read_reg_7758                |   6|   0|    6|          0|
    |data_121_val_int_reg                      |   6|   0|    6|          0|
    |data_121_val_read_reg_7752                |   6|   0|    6|          0|
    |data_121_val_read_reg_7752_pp0_iter1_reg  |   6|   0|    6|          0|
    |data_122_val_int_reg                      |   6|   0|    6|          0|
    |data_122_val_read_reg_7746                |   6|   0|    6|          0|
    |data_122_val_read_reg_7746_pp0_iter1_reg  |   6|   0|    6|          0|
    |data_123_val_int_reg                      |   6|   0|    6|          0|
    |data_123_val_read_reg_7739                |   6|   0|    6|          0|
    |data_124_val_int_reg                      |   6|   0|    6|          0|
    |data_124_val_read_reg_7732                |   6|   0|    6|          0|
    |data_125_val_int_reg                      |   6|   0|    6|          0|
    |data_125_val_read_reg_7726                |   6|   0|    6|          0|
    |data_125_val_read_reg_7726_pp0_iter1_reg  |   6|   0|    6|          0|
    |data_126_val_int_reg                      |   6|   0|    6|          0|
    |data_126_val_read_reg_7720                |   6|   0|    6|          0|
    |data_126_val_read_reg_7720_pp0_iter1_reg  |   6|   0|    6|          0|
    |data_127_val_int_reg                      |   6|   0|    6|          0|
    |data_127_val_read_reg_7714                |   6|   0|    6|          0|
    |data_127_val_read_reg_7714_pp0_iter1_reg  |   6|   0|    6|          0|
    |data_96_val_int_reg                       |   6|   0|    6|          0|
    |data_96_val_read_reg_7928                 |   6|   0|    6|          0|
    |data_97_val_int_reg                       |   6|   0|    6|          0|
    |data_97_val_read_reg_7922                 |   6|   0|    6|          0|
    |data_98_val_int_reg                       |   6|   0|    6|          0|
    |data_98_val_read_reg_7915                 |   6|   0|    6|          0|
    |data_99_val_int_reg                       |   6|   0|    6|          0|
    |data_99_val_read_reg_7907                 |   6|   0|    6|          0|
    |data_99_val_read_reg_7907_pp0_iter1_reg   |   6|   0|    6|          0|
    |mult_621_reg_7939                         |   7|   0|    7|          0|
    |mult_623_reg_7944                         |   7|   0|    7|          0|
    |mult_624_reg_7955                         |   7|   0|    7|          0|
    |mult_625_reg_7970                         |   7|   0|    7|          0|
    |mult_625_reg_7970_pp0_iter2_reg           |   7|   0|    7|          0|
    |mult_626_reg_7977                         |   7|   0|    7|          0|
    |mult_626_reg_7977_pp0_iter2_reg           |   7|   0|    7|          0|
    |mult_627_reg_8079                         |   7|   0|    7|          0|
    |mult_628_reg_8086                         |   7|   0|    7|          0|
    |mult_628_reg_8086_pp0_iter3_reg           |   7|   0|    7|          0|
    |mult_629_reg_8101                         |   7|   0|    7|          0|
    |mult_630_reg_8108                         |   7|   0|    7|          0|
    |mult_630_reg_8108_pp0_iter3_reg           |   7|   0|    7|          0|
    |mult_631_reg_8115                         |   7|   0|    7|          0|
    |mult_632_reg_8121                         |   7|   0|    7|          0|
    |mult_633_reg_8128                         |   7|   0|    7|          0|
    |mult_634_reg_8134                         |   7|   0|    7|          0|
    |mult_635_reg_8140                         |   7|   0|    7|          0|
    |mult_636_reg_8151                         |   7|   0|    7|          0|
    |mult_637_reg_8157                         |   7|   0|    7|          0|
    |mult_638_reg_8163                         |   7|   0|    7|          0|
    |mult_639_reg_8169                         |   7|   0|    7|          0|
    |mult_640_reg_8175                         |   7|   0|    7|          0|
    |mult_641_reg_8189                         |   7|   0|    7|          0|
    |mult_642_reg_8195                         |   7|   0|    7|          0|
    |mult_643_reg_8201                         |   7|   0|    7|          0|
    |mult_644_reg_8207                         |   7|   0|    7|          0|
    |mult_645_reg_8213                         |   7|   0|    7|          0|
    |mult_646_reg_8219                         |   7|   0|    7|          0|
    |mult_647_reg_8230                         |   7|   0|    7|          0|
    |mult_648_reg_8242                         |   7|   0|    7|          0|
    |mult_649_reg_8253                         |   7|   0|    7|          0|
    |mult_650_reg_8266                         |   7|   0|    7|          0|
    |mult_reg_7934                             |   7|   0|    7|          0|
    |sext_ln17_1013_reg_7950                   |   7|   0|    7|          0|
    |sext_ln17_1014_reg_7962                   |   7|   0|    7|          0|
    |sext_ln17_1034_reg_8146                   |   8|   0|    8|          0|
    |sext_ln17_1042_reg_8181                   |   8|   0|    8|          0|
    |sext_ln17_1808_reg_8033                   |   9|   0|    9|          0|
    |sext_ln17_1813_reg_8039                   |   8|   0|    8|          0|
    |sext_ln17_1814_reg_8044                   |   9|   0|    9|          0|
    |sext_ln17_1815_reg_8052                   |  10|   0|   10|          0|
    |sext_ln17_1818_reg_8057                   |   8|   0|    8|          0|
    |sext_ln17_1822_reg_8064                   |   8|   0|    8|          0|
    |sext_ln17_1824_reg_8071                   |   8|   0|    8|          0|
    |sext_ln17_1831_reg_8093                   |   8|   0|    8|          0|
    |sext_ln17_1872_reg_8224                   |   8|   0|    8|          0|
    |sext_ln17_1875_reg_8235                   |   8|   0|    8|          0|
    |sext_ln17_1876_reg_8247                   |   8|   0|    8|          0|
    |sext_ln17_1878_reg_8258                   |   8|   0|    8|          0|
    |sext_ln17_1881_reg_8271                   |   8|   0|    8|          0|
    |sext_ln17_1882_reg_8277                   |   8|   0|    8|          0|
    |sext_ln58_25404_reg_8290                  |   9|   0|    9|          0|
    |sext_ln58_25406_reg_8295                  |   9|   0|    9|          0|
    |sext_ln58_25418_reg_8323                  |  10|   0|   10|          0|
    |sext_ln58_25596_reg_9240                  |  10|   0|   10|          0|
    |sext_ln58_25687_reg_9471                  |  10|   0|   10|          0|
    |data_102_val_read_reg_7885                |  64|  32|    6|          0|
    |data_103_val_read_reg_7877                |  64|  32|    6|          0|
    |data_104_val_read_reg_7870                |  64|  32|    6|          0|
    |data_105_val_read_reg_7863                |  64|  32|    6|          0|
    |data_106_val_read_reg_7856                |  64|  32|    6|          0|
    |data_107_val_read_reg_7849                |  64|  32|    6|          0|
    |data_108_val_read_reg_7842                |  64|  32|    6|          0|
    |data_109_val_read_reg_7835                |  64|  32|    6|          0|
    |data_110_val_read_reg_7828                |  64|  32|    6|          0|
    |data_111_val_read_reg_7821                |  64|  32|    6|          0|
    |data_113_val_read_reg_7807                |  64|  32|    6|          0|
    |data_114_val_read_reg_7800                |  64|  32|    6|          0|
    |data_115_val_read_reg_7793                |  64|  32|    6|          0|
    |data_117_val_read_reg_7779                |  64|  32|    6|          0|
    |data_118_val_read_reg_7772                |  64|  32|    6|          0|
    |data_119_val_read_reg_7765                |  64|  32|    6|          0|
    |data_120_val_read_reg_7758                |  64|  32|    6|          0|
    |data_123_val_read_reg_7739                |  64|  32|    6|          0|
    |data_124_val_read_reg_7732                |  64|  32|    6|          0|
    +------------------------------------------+----+----+-----+-----------+
    |Total                                     |4660| 608| 3558|          0|
    +------------------------------------------+----+----+-----+-----------+



================================================================
== Interface
================================================================
* Summary: 
+--------------+-----+-----+------------+-------------------------------------------------------------------------------------+--------------+
|   RTL Ports  | Dir | Bits|  Protocol  |                                    Source Object                                    |    C Type    |
+--------------+-----+-----+------------+-------------------------------------------------------------------------------------+--------------+
|ap_clk        |   in|    1|  ap_ctrl_hs|  dense_latency<ap_fixed<6, 3, 5, 3, 0>, ap_fixed<11, 8, 4, 0, 0>, config41_dense>.52|  return value|
|ap_rst        |   in|    1|  ap_ctrl_hs|  dense_latency<ap_fixed<6, 3, 5, 3, 0>, ap_fixed<11, 8, 4, 0, 0>, config41_dense>.52|  return value|
|ap_return_0   |  out|   11|  ap_ctrl_hs|  dense_latency<ap_fixed<6, 3, 5, 3, 0>, ap_fixed<11, 8, 4, 0, 0>, config41_dense>.52|  return value|
|ap_return_1   |  out|   11|  ap_ctrl_hs|  dense_latency<ap_fixed<6, 3, 5, 3, 0>, ap_fixed<11, 8, 4, 0, 0>, config41_dense>.52|  return value|
|ap_return_2   |  out|   11|  ap_ctrl_hs|  dense_latency<ap_fixed<6, 3, 5, 3, 0>, ap_fixed<11, 8, 4, 0, 0>, config41_dense>.52|  return value|
|ap_return_3   |  out|   11|  ap_ctrl_hs|  dense_latency<ap_fixed<6, 3, 5, 3, 0>, ap_fixed<11, 8, 4, 0, 0>, config41_dense>.52|  return value|
|ap_return_4   |  out|   11|  ap_ctrl_hs|  dense_latency<ap_fixed<6, 3, 5, 3, 0>, ap_fixed<11, 8, 4, 0, 0>, config41_dense>.52|  return value|
|ap_return_5   |  out|   11|  ap_ctrl_hs|  dense_latency<ap_fixed<6, 3, 5, 3, 0>, ap_fixed<11, 8, 4, 0, 0>, config41_dense>.52|  return value|
|ap_return_6   |  out|   11|  ap_ctrl_hs|  dense_latency<ap_fixed<6, 3, 5, 3, 0>, ap_fixed<11, 8, 4, 0, 0>, config41_dense>.52|  return value|
|ap_return_7   |  out|   11|  ap_ctrl_hs|  dense_latency<ap_fixed<6, 3, 5, 3, 0>, ap_fixed<11, 8, 4, 0, 0>, config41_dense>.52|  return value|
|ap_return_8   |  out|   11|  ap_ctrl_hs|  dense_latency<ap_fixed<6, 3, 5, 3, 0>, ap_fixed<11, 8, 4, 0, 0>, config41_dense>.52|  return value|
|ap_return_9   |  out|   11|  ap_ctrl_hs|  dense_latency<ap_fixed<6, 3, 5, 3, 0>, ap_fixed<11, 8, 4, 0, 0>, config41_dense>.52|  return value|
|ap_return_10  |  out|   11|  ap_ctrl_hs|  dense_latency<ap_fixed<6, 3, 5, 3, 0>, ap_fixed<11, 8, 4, 0, 0>, config41_dense>.52|  return value|
|ap_return_11  |  out|   11|  ap_ctrl_hs|  dense_latency<ap_fixed<6, 3, 5, 3, 0>, ap_fixed<11, 8, 4, 0, 0>, config41_dense>.52|  return value|
|ap_return_12  |  out|   11|  ap_ctrl_hs|  dense_latency<ap_fixed<6, 3, 5, 3, 0>, ap_fixed<11, 8, 4, 0, 0>, config41_dense>.52|  return value|
|ap_return_13  |  out|   11|  ap_ctrl_hs|  dense_latency<ap_fixed<6, 3, 5, 3, 0>, ap_fixed<11, 8, 4, 0, 0>, config41_dense>.52|  return value|
|ap_return_14  |  out|   11|  ap_ctrl_hs|  dense_latency<ap_fixed<6, 3, 5, 3, 0>, ap_fixed<11, 8, 4, 0, 0>, config41_dense>.52|  return value|
|ap_return_15  |  out|   11|  ap_ctrl_hs|  dense_latency<ap_fixed<6, 3, 5, 3, 0>, ap_fixed<11, 8, 4, 0, 0>, config41_dense>.52|  return value|
|ap_return_16  |  out|   11|  ap_ctrl_hs|  dense_latency<ap_fixed<6, 3, 5, 3, 0>, ap_fixed<11, 8, 4, 0, 0>, config41_dense>.52|  return value|
|ap_return_17  |  out|   11|  ap_ctrl_hs|  dense_latency<ap_fixed<6, 3, 5, 3, 0>, ap_fixed<11, 8, 4, 0, 0>, config41_dense>.52|  return value|
|ap_return_18  |  out|   11|  ap_ctrl_hs|  dense_latency<ap_fixed<6, 3, 5, 3, 0>, ap_fixed<11, 8, 4, 0, 0>, config41_dense>.52|  return value|
|ap_return_19  |  out|   11|  ap_ctrl_hs|  dense_latency<ap_fixed<6, 3, 5, 3, 0>, ap_fixed<11, 8, 4, 0, 0>, config41_dense>.52|  return value|
|ap_return_20  |  out|   11|  ap_ctrl_hs|  dense_latency<ap_fixed<6, 3, 5, 3, 0>, ap_fixed<11, 8, 4, 0, 0>, config41_dense>.52|  return value|
|ap_return_21  |  out|   11|  ap_ctrl_hs|  dense_latency<ap_fixed<6, 3, 5, 3, 0>, ap_fixed<11, 8, 4, 0, 0>, config41_dense>.52|  return value|
|ap_return_22  |  out|   11|  ap_ctrl_hs|  dense_latency<ap_fixed<6, 3, 5, 3, 0>, ap_fixed<11, 8, 4, 0, 0>, config41_dense>.52|  return value|
|ap_return_23  |  out|   11|  ap_ctrl_hs|  dense_latency<ap_fixed<6, 3, 5, 3, 0>, ap_fixed<11, 8, 4, 0, 0>, config41_dense>.52|  return value|
|ap_return_24  |  out|   11|  ap_ctrl_hs|  dense_latency<ap_fixed<6, 3, 5, 3, 0>, ap_fixed<11, 8, 4, 0, 0>, config41_dense>.52|  return value|
|ap_return_25  |  out|   11|  ap_ctrl_hs|  dense_latency<ap_fixed<6, 3, 5, 3, 0>, ap_fixed<11, 8, 4, 0, 0>, config41_dense>.52|  return value|
|ap_return_26  |  out|   11|  ap_ctrl_hs|  dense_latency<ap_fixed<6, 3, 5, 3, 0>, ap_fixed<11, 8, 4, 0, 0>, config41_dense>.52|  return value|
|ap_return_27  |  out|   11|  ap_ctrl_hs|  dense_latency<ap_fixed<6, 3, 5, 3, 0>, ap_fixed<11, 8, 4, 0, 0>, config41_dense>.52|  return value|
|ap_return_28  |  out|   11|  ap_ctrl_hs|  dense_latency<ap_fixed<6, 3, 5, 3, 0>, ap_fixed<11, 8, 4, 0, 0>, config41_dense>.52|  return value|
|ap_return_29  |  out|   11|  ap_ctrl_hs|  dense_latency<ap_fixed<6, 3, 5, 3, 0>, ap_fixed<11, 8, 4, 0, 0>, config41_dense>.52|  return value|
|ap_return_30  |  out|   11|  ap_ctrl_hs|  dense_latency<ap_fixed<6, 3, 5, 3, 0>, ap_fixed<11, 8, 4, 0, 0>, config41_dense>.52|  return value|
|ap_return_31  |  out|   11|  ap_ctrl_hs|  dense_latency<ap_fixed<6, 3, 5, 3, 0>, ap_fixed<11, 8, 4, 0, 0>, config41_dense>.52|  return value|
|ap_ce         |   in|    1|  ap_ctrl_hs|  dense_latency<ap_fixed<6, 3, 5, 3, 0>, ap_fixed<11, 8, 4, 0, 0>, config41_dense>.52|  return value|
|data_96_val   |   in|    6|     ap_none|                                                                          data_96_val|        scalar|
|data_97_val   |   in|    6|     ap_none|                                                                          data_97_val|        scalar|
|data_98_val   |   in|    6|     ap_none|                                                                          data_98_val|        scalar|
|data_99_val   |   in|    6|     ap_none|                                                                          data_99_val|        scalar|
|data_100_val  |   in|    6|     ap_none|                                                                         data_100_val|        scalar|
|data_101_val  |   in|    6|     ap_none|                                                                         data_101_val|        scalar|
|data_102_val  |   in|    6|     ap_none|                                                                         data_102_val|        scalar|
|data_103_val  |   in|    6|     ap_none|                                                                         data_103_val|        scalar|
|data_104_val  |   in|    6|     ap_none|                                                                         data_104_val|        scalar|
|data_105_val  |   in|    6|     ap_none|                                                                         data_105_val|        scalar|
|data_106_val  |   in|    6|     ap_none|                                                                         data_106_val|        scalar|
|data_107_val  |   in|    6|     ap_none|                                                                         data_107_val|        scalar|
|data_108_val  |   in|    6|     ap_none|                                                                         data_108_val|        scalar|
|data_109_val  |   in|    6|     ap_none|                                                                         data_109_val|        scalar|
|data_110_val  |   in|    6|     ap_none|                                                                         data_110_val|        scalar|
|data_111_val  |   in|    6|     ap_none|                                                                         data_111_val|        scalar|
|data_112_val  |   in|    6|     ap_none|                                                                         data_112_val|        scalar|
|data_113_val  |   in|    6|     ap_none|                                                                         data_113_val|        scalar|
|data_114_val  |   in|    6|     ap_none|                                                                         data_114_val|        scalar|
|data_115_val  |   in|    6|     ap_none|                                                                         data_115_val|        scalar|
|data_116_val  |   in|    6|     ap_none|                                                                         data_116_val|        scalar|
|data_117_val  |   in|    6|     ap_none|                                                                         data_117_val|        scalar|
|data_118_val  |   in|    6|     ap_none|                                                                         data_118_val|        scalar|
|data_119_val  |   in|    6|     ap_none|                                                                         data_119_val|        scalar|
|data_120_val  |   in|    6|     ap_none|                                                                         data_120_val|        scalar|
|data_121_val  |   in|    6|     ap_none|                                                                         data_121_val|        scalar|
|data_122_val  |   in|    6|     ap_none|                                                                         data_122_val|        scalar|
|data_123_val  |   in|    6|     ap_none|                                                                         data_123_val|        scalar|
|data_124_val  |   in|    6|     ap_none|                                                                         data_124_val|        scalar|
|data_125_val  |   in|    6|     ap_none|                                                                         data_125_val|        scalar|
|data_126_val  |   in|    6|     ap_none|                                                                         data_126_val|        scalar|
|data_127_val  |   in|    6|     ap_none|                                                                         data_127_val|        scalar|
+--------------+-----+-----+------------+-------------------------------------------------------------------------------------+--------------+

