

================================================================
== Vitis HLS Report for 'dense_latency_ap_fixed_6_2_5_3_0_ap_fixed_11_7_4_0_0_config18_dense_25'
================================================================
* Date:           Thu Aug 13 16:09:16 2026

* Version:        2023.2 (Build 4023990 on Oct 11 2023)
* Project:        myproject_prj
* Solution:       solution1 (Vivado IP Flow Target)
* Product family: virtexuplus
* Target device:  xcvu13p-flga2577-2-e


================================================================
== Performance Estimates
================================================================
+ Timing: 
    * Summary: 
    +--------+---------+----------+------------+
    |  Clock |  Target | Estimated| Uncertainty|
    +--------+---------+----------+------------+
    |ap_clk  |  2.50 ns|  1.615 ns|     0.68 ns|
    +--------+---------+----------+------------+

+ Latency: 
    * Summary: 
    +---------+---------+-----------+-----------+-----+-----+---------+
    |  Latency (cycles) |   Latency (absolute)  |  Interval | Pipeline|
    |   min   |   max   |    min    |    max    | min | max |   Type  |
    +---------+---------+-----------+-----------+-----+-----+---------+
    |        4|        4|  10.000 ns|  10.000 ns|    1|    1|      yes|
    +---------+---------+-----------+-----------+-----+-----+---------+

    + Detail: 
        * Instance: 
        N/A

        * Loop: 
        N/A



================================================================
== Utilization Estimates
================================================================
* Summary: 
+---------------------+---------+-------+---------+---------+------+
|         Name        | BRAM_18K|  DSP  |    FF   |   LUT   | URAM |
+---------------------+---------+-------+---------+---------+------+
|DSP                  |        -|      -|        -|        -|     -|
|Expression           |        -|      -|        0|    11669|     -|
|FIFO                 |        -|      -|        -|        -|     -|
|Instance             |        -|      -|        -|        -|     -|
|Memory               |        -|      -|        -|        -|     -|
|Multiplexer          |        -|      -|        -|        -|     -|
|Register             |        -|      -|     4443|      480|     -|
+---------------------+---------+-------+---------+---------+------+
|Total                |        0|      0|     4443|    12149|     0|
+---------------------+---------+-------+---------+---------+------+
|Available SLR        |     1344|   3072|   864000|   432000|   320|
+---------------------+---------+-------+---------+---------+------+
|Utilization SLR (%)  |        0|      0|       ~0|        2|     0|
+---------------------+---------+-------+---------+---------+------+
|Available            |     5376|  12288|  3456000|  1728000|  1280|
+---------------------+---------+-------+---------+---------+------+
|Utilization (%)      |        0|      0|       ~0|       ~0|     0|
+---------------------+---------+-------+---------+---------+------+

+ Detail: 
    * Instance: 
    N/A

    * DSP: 
    N/A

    * Memory: 
    N/A

    * FIFO: 
    N/A

    * Expression: 
    +---------------------------+----------+----+---+-----+------------+------------+
    |       Variable Name       | Operation| DSP| FF| LUT | Bitwidth P0| Bitwidth P1|
    +---------------------------+----------+----+---+-----+------------+------------+
    |add_ln58_67967_fu_454_p2   |         +|   0|  0|   15|           8|           8|
    |add_ln58_67968_fu_464_p2   |         +|   0|  0|   14|           7|           7|
    |add_ln58_67969_fu_470_p2   |         +|   0|  0|   15|           8|           8|
    |add_ln58_67970_fu_1405_p2  |         +|   0|  0|   16|           9|           9|
    |add_ln58_67971_fu_476_p2   |         +|   0|  0|   16|           9|           9|
    |add_ln58_67972_fu_1410_p2  |         +|   0|  0|   15|           8|           8|
    |add_ln58_67973_fu_1420_p2  |         +|   0|  0|   15|           8|           8|
    |add_ln58_67974_fu_1429_p2  |         +|   0|  0|   16|           9|           9|
    |add_ln58_67975_fu_1438_p2  |         +|   0|  0|   15|           8|           8|
    |add_ln58_67976_fu_1444_p2  |         +|   0|  0|   16|           9|           9|
    |add_ln58_67977_fu_482_p2   |         +|   0|  0|   15|           8|           8|
    |add_ln58_67978_fu_1456_p2  |         +|   0|  0|   16|           9|           9|
    |add_ln58_67979_fu_1461_p2  |         +|   0|  0|   16|           9|           9|
    |add_ln58_67980_fu_1467_p2  |         +|   0|  0|   15|           8|           8|
    |add_ln58_67981_fu_1472_p2  |         +|   0|  0|   15|           8|           8|
    |add_ln58_67982_fu_2371_p2  |         +|   0|  0|   17|          10|          10|
    |add_ln58_67983_fu_1482_p2  |         +|   0|  0|   17|          10|          10|
    |add_ln58_67984_fu_1488_p2  |         +|   0|  0|   16|           9|           9|
    |add_ln58_67985_fu_1494_p2  |         +|   0|  0|   16|           9|           9|
    |add_ln58_67986_fu_1500_p2  |         +|   0|  0|   15|           8|           8|
    |add_ln58_67987_fu_1509_p2  |         +|   0|  0|   16|           9|           9|
    |add_ln58_67988_fu_2385_p2  |         +|   0|  0|   16|           9|           9|
    |add_ln58_67989_fu_1515_p2  |         +|   0|  0|   18|          10|          10|
    |add_ln58_67990_fu_2394_p2  |         +|   0|  0|   17|          10|          10|
    |add_ln58_67991_fu_1521_p2  |         +|   0|  0|   15|           8|           8|
    |add_ln58_67992_fu_2403_p2  |         +|   0|  0|   16|           9|           9|
    |add_ln58_67993_fu_1527_p2  |         +|   0|  0|   14|           7|           7|
    |add_ln58_67994_fu_2419_p2  |         +|   0|  0|   17|          10|          10|
    |add_ln58_67995_fu_1533_p2  |         +|   0|  0|   15|           8|           8|
    |add_ln58_67996_fu_1539_p2  |         +|   0|  0|   18|           9|           9|
    |add_ln58_67997_fu_1545_p2  |         +|   0|  0|   18|           9|           9|
    |add_ln58_67998_fu_2431_p2  |         +|   0|  0|   17|          10|          10|
    |add_ln58_67999_fu_1551_p2  |         +|   0|  0|   15|           8|           8|
    |add_ln58_68000_fu_2440_p2  |         +|   0|  0|   18|          10|          10|
    |add_ln58_68001_fu_2446_p2  |         +|   0|  0|   18|          10|          10|
    |add_ln58_68002_fu_1557_p2  |         +|   0|  0|   15|           8|           8|
    |add_ln58_68003_fu_1563_p2  |         +|   0|  0|   18|          10|          10|
    |add_ln58_68004_fu_2455_p2  |         +|   0|  0|   17|          10|          10|
    |add_ln58_68005_fu_2460_p2  |         +|   0|  0|   18|          10|          10|
    |add_ln58_68006_fu_2464_p2  |         +|   0|  0|   18|          10|          10|
    |add_ln58_68007_fu_1569_p2  |         +|   0|  0|   14|           7|           7|
    |add_ln58_68008_fu_2477_p2  |         +|   0|  0|   15|           8|           8|
    |add_ln58_68009_fu_2487_p2  |         +|   0|  0|   18|          11|          11|
    |add_ln58_68010_fu_2493_p2  |         +|   0|  0|   17|          10|          10|
    |add_ln58_68011_fu_2499_p2  |         +|   0|  0|   15|           8|           8|
    |add_ln58_68012_fu_2509_p2  |         +|   0|  0|   15|           8|           8|
    |add_ln58_68013_fu_2519_p2  |         +|   0|  0|   16|           9|           9|
    |add_ln58_68014_fu_5726_p2  |         +|   0|  0|   18|          11|          11|
    |add_ln58_68015_fu_2525_p2  |         +|   0|  0|   15|           8|           8|
    |add_ln58_68016_fu_2535_p2  |         +|   0|  0|   16|           9|           9|
    |add_ln58_68017_fu_2541_p2  |         +|   0|  0|   15|           8|           8|
    |add_ln58_68018_fu_2551_p2  |         +|   0|  0|   15|           8|           8|
    |add_ln58_68019_fu_2560_p2  |         +|   0|  0|   16|           9|           9|
    |add_ln58_68020_fu_5738_p2  |         +|   0|  0|   17|          10|          10|
    |add_ln58_68021_fu_5748_p2  |         +|   0|  0|   17|          11|          11|
    |add_ln58_68022_fu_1575_p2  |         +|   0|  0|   15|           8|           8|
    |add_ln58_68023_fu_2569_p2  |         +|   0|  0|   16|           9|           9|
    |add_ln58_68024_fu_1581_p2  |         +|   0|  0|   15|           8|           8|
    |add_ln58_68025_fu_1587_p2  |         +|   0|  0|   14|           7|           7|
    |add_ln58_68026_fu_2585_p2  |         +|   0|  0|   16|           9|           9|
    |add_ln58_68027_fu_2595_p2  |         +|   0|  0|   17|          10|          10|
    |add_ln58_68028_fu_1593_p2  |         +|   0|  0|   14|           7|           7|
    |add_ln58_68029_fu_2604_p2  |         +|   0|  0|   15|           8|           8|
    |add_ln58_68030_fu_1599_p2  |         +|   0|  0|   14|           7|           7|
    |add_ln58_68031_fu_1605_p2  |         +|   0|  0|   14|           7|           7|
    |add_ln58_68032_fu_2620_p2  |         +|   0|  0|   15|           8|           8|
    |add_ln58_68033_fu_2630_p2  |         +|   0|  0|   16|           9|           9|
    |add_ln58_68034_fu_5763_p2  |         +|   0|  0|   18|          11|          11|
    |add_ln58_68035_fu_5769_p2  |         +|   0|  0|   17|          11|          11|
    |add_ln58_68036_fu_1611_p2  |         +|   0|  0|   14|           7|           7|
    |add_ln58_68037_fu_2642_p2  |         +|   0|  0|   18|          10|          10|
    |add_ln58_68038_fu_2647_p2  |         +|   0|  0|   18|          10|          10|
    |add_ln58_68039_fu_2653_p2  |         +|   0|  0|   15|           8|           8|
    |add_ln58_68040_fu_2663_p2  |         +|   0|  0|   16|           9|           9|
    |add_ln58_68041_fu_5781_p2  |         +|   0|  0|   18|          11|          11|
    |add_ln58_68042_fu_2669_p2  |         +|   0|  0|   15|           8|           8|
    |add_ln58_68043_fu_2679_p2  |         +|   0|  0|   16|           9|           9|
    |add_ln58_68044_fu_2685_p2  |         +|   0|  0|   15|           8|           8|
    |add_ln58_68045_fu_2694_p2  |         +|   0|  0|   15|           8|           8|
    |add_ln58_68046_fu_2702_p2  |         +|   0|  0|   16|           9|           9|
    |add_ln58_68047_fu_5793_p2  |         +|   0|  0|   17|          10|          10|
    |add_ln58_68048_fu_5803_p2  |         +|   0|  0|   17|          11|          11|
    |add_ln58_68049_fu_2708_p2  |         +|   0|  0|   15|           8|           8|
    |add_ln58_68050_fu_2717_p2  |         +|   0|  0|   16|           9|           9|
    |add_ln58_68051_fu_1617_p2  |         +|   0|  0|   14|           7|           7|
    |add_ln58_68052_fu_1623_p2  |         +|   0|  0|   14|           7|           7|
    |add_ln58_68053_fu_2729_p2  |         +|   0|  0|   15|           8|           8|
    |add_ln58_68054_fu_5815_p2  |         +|   0|  0|   18|          10|          10|
    |add_ln58_68055_fu_1629_p2  |         +|   0|  0|   14|           7|           7|
    |add_ln58_68056_fu_2738_p2  |         +|   0|  0|   15|           8|           8|
    |add_ln58_68057_fu_1635_p2  |         +|   0|  0|   14|           7|           7|
    |add_ln58_68058_fu_2751_p2  |         +|   0|  0|   15|           8|           8|
    |add_ln58_68059_fu_2761_p2  |         +|   0|  0|   16|           9|           9|
    |add_ln58_68060_fu_5824_p2  |         +|   0|  0|   18|          10|          10|
    |add_ln58_68061_fu_5834_p2  |         +|   0|  0|   17|          11|          11|
    |add_ln58_68062_fu_2767_p2  |         +|   0|  0|   15|           8|           8|
    |add_ln58_68063_fu_2777_p2  |         +|   0|  0|   16|           9|           9|
    |add_ln58_68064_fu_2783_p2  |         +|   0|  0|   15|           8|           8|
    |add_ln58_68065_fu_2793_p2  |         +|   0|  0|   16|           9|           9|
    |add_ln58_68066_fu_5849_p2  |         +|   0|  0|   17|          10|          10|
    |add_ln58_68067_fu_2799_p2  |         +|   0|  0|   15|           8|           8|
    |add_ln58_68068_fu_2809_p2  |         +|   0|  0|   16|           9|           9|
    |add_ln58_68069_fu_2815_p2  |         +|   0|  0|   15|           8|           8|
    |add_ln58_68070_fu_2825_p2  |         +|   0|  0|   15|           8|           8|
    |add_ln58_68071_fu_2833_p2  |         +|   0|  0|   16|           9|           9|
    |add_ln58_68072_fu_5865_p2  |         +|   0|  0|   17|          10|          10|
    |add_ln58_68073_fu_5875_p2  |         +|   0|  0|   17|          11|          11|
    |add_ln58_68074_fu_2839_p2  |         +|   0|  0|   18|          10|          10|
    |add_ln58_68075_fu_2845_p2  |         +|   0|  0|   18|          10|          10|
    |add_ln58_68076_fu_2854_p2  |         +|   0|  0|   15|           8|           8|
    |add_ln58_68077_fu_5887_p2  |         +|   0|  0|   17|          11|          11|
    |add_ln58_68078_fu_1641_p2  |         +|   0|  0|   14|           7|           7|
    |add_ln58_68079_fu_2862_p2  |         +|   0|  0|   15|           8|           8|
    |add_ln58_68080_fu_1647_p2  |         +|   0|  0|   14|           7|           7|
    |add_ln58_68081_fu_1653_p2  |         +|   0|  0|   14|           7|           7|
    |add_ln58_68082_fu_2878_p2  |         +|   0|  0|   15|           8|           8|
    |add_ln58_68083_fu_2888_p2  |         +|   0|  0|   16|           9|           9|
    |add_ln58_68084_fu_5896_p2  |         +|   0|  0|   17|          11|          11|
    |add_ln58_68085_fu_5902_p2  |         +|   0|  0|   17|          11|          11|
    |add_ln58_68086_fu_2894_p2  |         +|   0|  0|   17|          10|          10|
    |add_ln58_68087_fu_2899_p2  |         +|   0|  0|   15|           8|           8|
    |add_ln58_68088_fu_2908_p2  |         +|   0|  0|   15|           8|           8|
    |add_ln58_68089_fu_2918_p2  |         +|   0|  0|   16|           9|           9|
    |add_ln58_68090_fu_5914_p2  |         +|   0|  0|   18|          11|          11|
    |add_ln58_68091_fu_2924_p2  |         +|   0|  0|   15|           8|           8|
    |add_ln58_68092_fu_2934_p2  |         +|   0|  0|   15|           8|           8|
    |add_ln58_68093_fu_2944_p2  |         +|   0|  0|   16|           9|           9|
    |add_ln58_68094_fu_2950_p2  |         +|   0|  0|   15|           8|           8|
    |add_ln58_68095_fu_2960_p2  |         +|   0|  0|   15|           8|           8|
    |add_ln58_68096_fu_2968_p2  |         +|   0|  0|   16|           9|           9|
    |add_ln58_68097_fu_5926_p2  |         +|   0|  0|   17|          10|          10|
    |add_ln58_68098_fu_5936_p2  |         +|   0|  0|   17|          11|          11|
    |add_ln58_68099_fu_1659_p2  |         +|   0|  0|   15|           8|           8|
    |add_ln58_68100_fu_2977_p2  |         +|   0|  0|   16|           9|           9|
    |add_ln58_68101_fu_1665_p2  |         +|   0|  0|   14|           7|           7|
    |add_ln58_68102_fu_1671_p2  |         +|   0|  0|   14|           7|           7|
    |add_ln58_68103_fu_2993_p2  |         +|   0|  0|   15|           8|           8|
    |add_ln58_68104_fu_3003_p2  |         +|   0|  0|   17|          10|          10|
    |add_ln58_68105_fu_1677_p2  |         +|   0|  0|   14|           7|           7|
    |add_ln58_68106_fu_1683_p2  |         +|   0|  0|   14|           7|           7|
    |add_ln58_68107_fu_3015_p2  |         +|   0|  0|   15|           8|           8|
    |add_ln58_68108_fu_1689_p2  |         +|   0|  0|   14|           7|           7|
    |add_ln58_68109_fu_1695_p2  |         +|   0|  0|   14|           7|           7|
    |add_ln58_68110_fu_3031_p2  |         +|   0|  0|   15|           8|           8|
    |add_ln58_68111_fu_3041_p2  |         +|   0|  0|   16|           9|           9|
    |add_ln58_68112_fu_5948_p2  |         +|   0|  0|   18|          11|          11|
    |add_ln58_68113_fu_5954_p2  |         +|   0|  0|   17|          11|          11|
    |add_ln58_68114_fu_1701_p2  |         +|   0|  0|   14|           7|           7|
    |add_ln58_68115_fu_3050_p2  |         +|   0|  0|   18|          10|          10|
    |add_ln58_68116_fu_3056_p2  |         +|   0|  0|   18|          10|          10|
    |add_ln58_68117_fu_3062_p2  |         +|   0|  0|   15|           8|           8|
    |add_ln58_68118_fu_3072_p2  |         +|   0|  0|   16|           9|           9|
    |add_ln58_68119_fu_5966_p2  |         +|   0|  0|   18|          11|          11|
    |add_ln58_68120_fu_1707_p2  |         +|   0|  0|   15|           8|           8|
    |add_ln58_68121_fu_3081_p2  |         +|   0|  0|   16|           9|           9|
    |add_ln58_68122_fu_3091_p2  |         +|   0|  0|   16|           9|           9|
    |add_ln58_68123_fu_3101_p2  |         +|   0|  0|   17|          10|          10|
    |add_ln58_68124_fu_5975_p2  |         +|   0|  0|   17|          11|          11|
    |add_ln58_68125_fu_3107_p2  |         +|   0|  0|   15|           8|           8|
    |add_ln58_68126_fu_1713_p2  |         +|   0|  0|   14|           7|           7|
    |add_ln58_68127_fu_3119_p2  |         +|   0|  0|   15|           8|           8|
    |add_ln58_68128_fu_3129_p2  |         +|   0|  0|   16|           9|           9|
    |add_ln58_68129_fu_3135_p2  |         +|   0|  0|   15|           8|           8|
    |add_ln58_68130_fu_1719_p2  |         +|   0|  0|   14|           7|           7|
    |add_ln58_68131_fu_1725_p2  |         +|   0|  0|   14|           7|           7|
    |add_ln58_68132_fu_3151_p2  |         +|   0|  0|   15|           8|           8|
    |add_ln58_68133_fu_3161_p2  |         +|   0|  0|   16|           9|           9|
    |add_ln58_68134_fu_5987_p2  |         +|   0|  0|   17|          10|          10|
    |add_ln58_68135_fu_5997_p2  |         +|   0|  0|   17|          11|          11|
    |add_ln58_68136_fu_3167_p2  |         +|   0|  0|   17|          10|          10|
    |add_ln58_68137_fu_6006_p2  |         +|   0|  0|   17|          11|          11|
    |add_ln58_68138_fu_3173_p2  |         +|   0|  0|   15|           8|           8|
    |add_ln58_68139_fu_3183_p2  |         +|   0|  0|   16|           9|           9|
    |add_ln58_68140_fu_6015_p2  |         +|   0|  0|   17|          11|          11|
    |add_ln58_68141_fu_3189_p2  |         +|   0|  0|   15|           8|           8|
    |add_ln58_68142_fu_3199_p2  |         +|   0|  0|   16|           9|           9|
    |add_ln58_68143_fu_3205_p2  |         +|   0|  0|   15|           8|           8|
    |add_ln58_68144_fu_3214_p2  |         +|   0|  0|   16|           9|           9|
    |add_ln58_68145_fu_6027_p2  |         +|   0|  0|   17|          10|          10|
    |add_ln58_68146_fu_6037_p2  |         +|   0|  0|   17|          11|          11|
    |add_ln58_68147_fu_1731_p2  |         +|   0|  0|   15|           8|           8|
    |add_ln58_68148_fu_3223_p2  |         +|   0|  0|   16|           9|           9|
    |add_ln58_68149_fu_1737_p2  |         +|   0|  0|   15|           8|           8|
    |add_ln58_68150_fu_3236_p2  |         +|   0|  0|   16|           9|           9|
    |add_ln58_68151_fu_3246_p2  |         +|   0|  0|   17|          10|          10|
    |add_ln58_68152_fu_1743_p2  |         +|   0|  0|   14|           7|           7|
    |add_ln58_68153_fu_3255_p2  |         +|   0|  0|   15|           8|           8|
    |add_ln58_68154_fu_1749_p2  |         +|   0|  0|   14|           7|           7|
    |add_ln58_68155_fu_1755_p2  |         +|   0|  0|   14|           7|           7|
    |add_ln58_68156_fu_3271_p2  |         +|   0|  0|   15|           8|           8|
    |add_ln58_68157_fu_3281_p2  |         +|   0|  0|   16|           9|           9|
    |add_ln58_68158_fu_6049_p2  |         +|   0|  0|   18|          11|          11|
    |add_ln58_68159_fu_6055_p2  |         +|   0|  0|   17|          11|          11|
    |add_ln58_68160_fu_3287_p2  |         +|   0|  0|   15|           8|           8|
    |add_ln58_68161_fu_3295_p2  |         +|   0|  0|   16|           9|           9|
    |add_ln58_68162_fu_3300_p2  |         +|   0|  0|   15|           8|           8|
    |add_ln58_68163_fu_3310_p2  |         +|   0|  0|   15|           8|           8|
    |add_ln58_68164_fu_3320_p2  |         +|   0|  0|   16|           9|           9|
    |add_ln58_68165_fu_6067_p2  |         +|   0|  0|   17|          10|          10|
    |add_ln58_68166_fu_3326_p2  |         +|   0|  0|   15|           8|           8|
    |add_ln58_68167_fu_3336_p2  |         +|   0|  0|   15|           8|           8|
    |add_ln58_68168_fu_3346_p2  |         +|   0|  0|   16|           9|           9|
    |add_ln58_68169_fu_1761_p2  |         +|   0|  0|   15|           8|           8|
    |add_ln58_68170_fu_3358_p2  |         +|   0|  0|   16|           9|           9|
    |add_ln58_68171_fu_3367_p2  |         +|   0|  0|   17|          10|          10|
    |add_ln58_68172_fu_6083_p2  |         +|   0|  0|   18|          11|          11|
    |add_ln58_68173_fu_6089_p2  |         +|   0|  0|   17|          11|          11|
    |add_ln58_68174_fu_1767_p2  |         +|   0|  0|   14|           7|           7|
    |add_ln58_68175_fu_3376_p2  |         +|   0|  0|   15|           8|           8|
    |add_ln58_68176_fu_1773_p2  |         +|   0|  0|   14|           7|           7|
    |add_ln58_68177_fu_3389_p2  |         +|   0|  0|   15|           8|           8|
    |add_ln58_68178_fu_3399_p2  |         +|   0|  0|   16|           9|           9|
    |add_ln58_68179_fu_1779_p2  |         +|   0|  0|   14|           7|           7|
    |add_ln58_68180_fu_3408_p2  |         +|   0|  0|   15|           8|           8|
    |add_ln58_68181_fu_1785_p2  |         +|   0|  0|   14|           7|           7|
    |add_ln58_68182_fu_1791_p2  |         +|   0|  0|   14|           7|           7|
    |add_ln58_68183_fu_3424_p2  |         +|   0|  0|   15|           8|           8|
    |add_ln58_68184_fu_3434_p2  |         +|   0|  0|   16|           9|           9|
    |add_ln58_68185_fu_6101_p2  |         +|   0|  0|   17|          10|          10|
    |add_ln58_68186_fu_6111_p2  |         +|   0|  0|   17|          11|          11|
    |add_ln58_68187_fu_6117_p2  |         +|   0|  0|   17|          11|          11|
    |add_ln58_68188_fu_3440_p2  |         +|   0|  0|   15|           8|           8|
    |add_ln58_68189_fu_3450_p2  |         +|   0|  0|   16|           9|           9|
    |add_ln58_68190_fu_6125_p2  |         +|   0|  0|   17|          11|          11|
    |add_ln58_68191_fu_3456_p2  |         +|   0|  0|   15|           8|           8|
    |add_ln58_68192_fu_3465_p2  |         +|   0|  0|   16|           9|           9|
    |add_ln58_68193_fu_1797_p2  |         +|   0|  0|   15|           8|           8|
    |add_ln58_68194_fu_3474_p2  |         +|   0|  0|   16|           9|           9|
    |add_ln58_68195_fu_6134_p2  |         +|   0|  0|   17|          10|          10|
    |add_ln58_68196_fu_6143_p2  |         +|   0|  0|   17|          11|          11|
    |add_ln58_68197_fu_1803_p2  |         +|   0|  0|   15|           8|           8|
    |add_ln58_68198_fu_3487_p2  |         +|   0|  0|   16|           9|           9|
    |add_ln58_68199_fu_1809_p2  |         +|   0|  0|   14|           7|           7|
    |add_ln58_68200_fu_3500_p2  |         +|   0|  0|   15|           8|           8|
    |add_ln58_68201_fu_3509_p2  |         +|   0|  0|   16|           9|           9|
    |add_ln58_68202_fu_1815_p2  |         +|   0|  0|   14|           7|           7|
    |add_ln58_68203_fu_3518_p2  |         +|   0|  0|   15|           8|           8|
    |add_ln58_68204_fu_1821_p2  |         +|   0|  0|   14|           7|           7|
    |add_ln58_68205_fu_3531_p2  |         +|   0|  0|   15|           8|           8|
    |add_ln58_68206_fu_3541_p2  |         +|   0|  0|   16|           9|           9|
    |add_ln58_68207_fu_6155_p2  |         +|   0|  0|   17|          10|          10|
    |add_ln58_68208_fu_6165_p2  |         +|   0|  0|   17|          11|          11|
    |add_ln58_68209_fu_1827_p2  |         +|   0|  0|   14|           7|           7|
    |add_ln58_68210_fu_3550_p2  |         +|   0|  0|   18|          10|          10|
    |add_ln58_68211_fu_3555_p2  |         +|   0|  0|   18|          10|          10|
    |add_ln58_68212_fu_3561_p2  |         +|   0|  0|   15|           8|           8|
    |add_ln58_68213_fu_3571_p2  |         +|   0|  0|   16|           9|           9|
    |add_ln58_68214_fu_6177_p2  |         +|   0|  0|   18|          11|          11|
    |add_ln58_68215_fu_3577_p2  |         +|   0|  0|   16|           9|           9|
    |add_ln58_68216_fu_3583_p2  |         +|   0|  0|   16|           9|           9|
    |add_ln58_68217_fu_6189_p2  |         +|   0|  0|   17|          10|          10|
    |add_ln58_68218_fu_6199_p2  |         +|   0|  0|   17|          11|          11|
    |add_ln58_68219_fu_1833_p2  |         +|   0|  0|   14|           7|           7|
    |add_ln58_68220_fu_3592_p2  |         +|   0|  0|   15|           8|           8|
    |add_ln58_68221_fu_3601_p2  |         +|   0|  0|   15|           8|           8|
    |add_ln58_68222_fu_3611_p2  |         +|   0|  0|   16|           9|           9|
    |add_ln58_68223_fu_1839_p2  |         +|   0|  0|   14|           7|           7|
    |add_ln58_68224_fu_1849_p2  |         +|   0|  0|   15|           8|           8|
    |add_ln58_68225_fu_1855_p2  |         +|   0|  0|   14|           7|           7|
    |add_ln58_68226_fu_1861_p2  |         +|   0|  0|   14|           7|           7|
    |add_ln58_68227_fu_3626_p2  |         +|   0|  0|   15|           8|           8|
    |add_ln58_68228_fu_3636_p2  |         +|   0|  0|   16|           9|           9|
    |add_ln58_68229_fu_6211_p2  |         +|   0|  0|   17|          10|          10|
    |add_ln58_68230_fu_6221_p2  |         +|   0|  0|   17|          11|          11|
    |add_ln58_68231_fu_3642_p2  |         +|   0|  0|   17|          10|          10|
    |add_ln58_68232_fu_3648_p2  |         +|   0|  0|   15|           8|           8|
    |add_ln58_68233_fu_3662_p2  |         +|   0|  0|   16|           9|           9|
    |add_ln58_68234_fu_6233_p2  |         +|   0|  0|   18|          11|          11|
    |add_ln58_68235_fu_3668_p2  |         +|   0|  0|   15|           8|           8|
    |add_ln58_68236_fu_3678_p2  |         +|   0|  0|   16|           9|           9|
    |add_ln58_68237_fu_6242_p2  |         +|   0|  0|   17|          10|          10|
    |add_ln58_68238_fu_6252_p2  |         +|   0|  0|   17|          11|          11|
    |add_ln58_68239_fu_1867_p2  |         +|   0|  0|   15|           8|           8|
    |add_ln58_68240_fu_3687_p2  |         +|   0|  0|   16|           9|           9|
    |add_ln58_68241_fu_3697_p2  |         +|   0|  0|   15|           8|           8|
    |add_ln58_68242_fu_3707_p2  |         +|   0|  0|   17|          10|          10|
    |add_ln58_68243_fu_1873_p2  |         +|   0|  0|   14|           7|           7|
    |add_ln58_68244_fu_1883_p2  |         +|   0|  0|   14|           7|           7|
    |add_ln58_68245_fu_1893_p2  |         +|   0|  0|   15|           8|           8|
    |add_ln58_68246_fu_3716_p2  |         +|   0|  0|   15|           8|           8|
    |add_ln58_68247_fu_3726_p2  |         +|   0|  0|   16|           9|           9|
    |add_ln58_68248_fu_6264_p2  |         +|   0|  0|   18|          11|          11|
    |add_ln58_68249_fu_6270_p2  |         +|   0|  0|   17|          11|          11|
    |add_ln58_68250_fu_3732_p2  |         +|   0|  0|   18|          10|          10|
    |add_ln58_68251_fu_3737_p2  |         +|   0|  0|   18|          10|          10|
    |add_ln58_68252_fu_6279_p2  |         +|   0|  0|   18|          11|          11|
    |add_ln58_68253_fu_3743_p2  |         +|   0|  0|   15|           8|           8|
    |add_ln58_68254_fu_3753_p2  |         +|   0|  0|   16|           9|           9|
    |add_ln58_68255_fu_3759_p2  |         +|   0|  0|   15|           8|           8|
    |add_ln58_68256_fu_3769_p2  |         +|   0|  0|   16|           9|           9|
    |add_ln58_68257_fu_6291_p2  |         +|   0|  0|   17|          10|          10|
    |add_ln58_68258_fu_6301_p2  |         +|   0|  0|   17|          11|          11|
    |add_ln58_68259_fu_1899_p2  |         +|   0|  0|   14|           7|           7|
    |add_ln58_68260_fu_3778_p2  |         +|   0|  0|   15|           8|           8|
    |add_ln58_68261_fu_3788_p2  |         +|   0|  0|   17|          10|          10|
    |add_ln58_68262_fu_3794_p2  |         +|   0|  0|   15|           8|           8|
    |add_ln58_68263_fu_1905_p2  |         +|   0|  0|   14|           7|           7|
    |add_ln58_68264_fu_3807_p2  |         +|   0|  0|   15|           8|           8|
    |add_ln58_68265_fu_3817_p2  |         +|   0|  0|   16|           9|           9|
    |add_ln58_68266_fu_6313_p2  |         +|   0|  0|   18|          11|          11|
    |add_ln58_68267_fu_6319_p2  |         +|   0|  0|   17|          11|          11|
    |add_ln58_68268_fu_3823_p2  |         +|   0|  0|   15|           8|           8|
    |add_ln58_68269_fu_3836_p2  |         +|   0|  0|   17|          10|          10|
    |add_ln58_68270_fu_3842_p2  |         +|   0|  0|   15|           8|           8|
    |add_ln58_68271_fu_3852_p2  |         +|   0|  0|   15|           8|           8|
    |add_ln58_68272_fu_3862_p2  |         +|   0|  0|   16|           9|           9|
    |add_ln58_68273_fu_6331_p2  |         +|   0|  0|   18|          11|          11|
    |add_ln58_68274_fu_3868_p2  |         +|   0|  0|   15|           8|           8|
    |add_ln58_68275_fu_3878_p2  |         +|   0|  0|   16|           9|           9|
    |add_ln58_68276_fu_3884_p2  |         +|   0|  0|   15|           8|           8|
    |add_ln58_68277_fu_3894_p2  |         +|   0|  0|   15|           8|           8|
    |add_ln58_68278_fu_3903_p2  |         +|   0|  0|   16|           9|           9|
    |add_ln58_68279_fu_6343_p2  |         +|   0|  0|   17|          10|          10|
    |add_ln58_68280_fu_6353_p2  |         +|   0|  0|   17|          11|          11|
    |add_ln58_68281_fu_1911_p2  |         +|   0|  0|   14|           7|           7|
    |add_ln58_68282_fu_3912_p2  |         +|   0|  0|   15|           8|           8|
    |add_ln58_68283_fu_3921_p2  |         +|   0|  0|   15|           8|           8|
    |add_ln58_68284_fu_3931_p2  |         +|   0|  0|   16|           9|           9|
    |add_ln58_68285_fu_1917_p2  |         +|   0|  0|   14|           7|           7|
    |add_ln58_68286_fu_3940_p2  |         +|   0|  0|   15|           8|           8|
    |add_ln58_68287_fu_3950_p2  |         +|   0|  0|   16|           9|           9|
    |add_ln58_68288_fu_6365_p2  |         +|   0|  0|   17|          10|          10|
    |add_ln58_68289_fu_6375_p2  |         +|   0|  0|   17|          11|          11|
    |add_ln58_68290_fu_3956_p2  |         +|   0|  0|   17|          10|          10|
    |add_ln58_68291_fu_3962_p2  |         +|   0|  0|   15|           8|           8|
    |add_ln58_68292_fu_3971_p2  |         +|   0|  0|   16|           9|           9|
    |add_ln58_68293_fu_6387_p2  |         +|   0|  0|   18|          11|          11|
    |add_ln58_68294_fu_3977_p2  |         +|   0|  0|   15|           8|           8|
    |add_ln58_68295_fu_3987_p2  |         +|   0|  0|   16|           9|           9|
    |add_ln58_68296_fu_3993_p2  |         +|   0|  0|   16|           9|           9|
    |add_ln58_68297_fu_6399_p2  |         +|   0|  0|   17|          10|          10|
    |add_ln58_68298_fu_6409_p2  |         +|   0|  0|   17|          11|          11|
    |add_ln58_68299_fu_1923_p2  |         +|   0|  0|   14|           7|           7|
    |add_ln58_68300_fu_4002_p2  |         +|   0|  0|   15|           8|           8|
    |add_ln58_68301_fu_1929_p2  |         +|   0|  0|   14|           7|           7|
    |add_ln58_68302_fu_4014_p2  |         +|   0|  0|   15|           8|           8|
    |add_ln58_68303_fu_4024_p2  |         +|   0|  0|   16|           9|           9|
    |add_ln58_68304_fu_1935_p2  |         +|   0|  0|   14|           7|           7|
    |add_ln58_68305_fu_4033_p2  |         +|   0|  0|   15|           8|           8|
    |add_ln58_68306_fu_4043_p2  |         +|   0|  0|   16|           9|           9|
    |add_ln58_68307_fu_6421_p2  |         +|   0|  0|   17|          10|          10|
    |add_ln58_68308_fu_6431_p2  |         +|   0|  0|   17|          11|          11|
    |add_ln58_68309_fu_4049_p2  |         +|   0|  0|   17|          10|          10|
    |add_ln58_68310_fu_4055_p2  |         +|   0|  0|   15|           8|           8|
    |add_ln58_68311_fu_4065_p2  |         +|   0|  0|   16|           9|           9|
    |add_ln58_68312_fu_6443_p2  |         +|   0|  0|   18|          11|          11|
    |add_ln58_68313_fu_4071_p2  |         +|   0|  0|   16|           9|           9|
    |add_ln58_68314_fu_4077_p2  |         +|   0|  0|   15|           8|           8|
    |add_ln58_68315_fu_4086_p2  |         +|   0|  0|   15|           8|           8|
    |add_ln58_68316_fu_4094_p2  |         +|   0|  0|   16|           9|           9|
    |add_ln58_68317_fu_6455_p2  |         +|   0|  0|   17|          10|          10|
    |add_ln58_68318_fu_6465_p2  |         +|   0|  0|   17|          11|          11|
    |add_ln58_68319_fu_1941_p2  |         +|   0|  0|   14|           7|           7|
    |add_ln58_68320_fu_4103_p2  |         +|   0|  0|   15|           8|           8|
    |add_ln58_68321_fu_1947_p2  |         +|   0|  0|   14|           7|           7|
    |add_ln58_68322_fu_4116_p2  |         +|   0|  0|   15|           8|           8|
    |add_ln58_68323_fu_4126_p2  |         +|   0|  0|   16|           9|           9|
    |add_ln58_68324_fu_1953_p2  |         +|   0|  0|   14|           7|           7|
    |add_ln58_68325_fu_4135_p2  |         +|   0|  0|   15|           8|           8|
    |add_ln58_68326_fu_1959_p2  |         +|   0|  0|   14|           7|           7|
    |add_ln58_68327_fu_4148_p2  |         +|   0|  0|   15|           8|           8|
    |add_ln58_68328_fu_4158_p2  |         +|   0|  0|   16|           9|           9|
    |add_ln58_68329_fu_6477_p2  |         +|   0|  0|   17|          10|          10|
    |add_ln58_68330_fu_6487_p2  |         +|   0|  0|   17|          11|          11|
    |add_ln58_68331_fu_4164_p2  |         +|   0|  0|   17|          10|          10|
    |add_ln58_68332_fu_4169_p2  |         +|   0|  0|   15|           8|           8|
    |add_ln58_68333_fu_4179_p2  |         +|   0|  0|   16|           9|           9|
    |add_ln58_68334_fu_6499_p2  |         +|   0|  0|   18|          11|          11|
    |add_ln58_68335_fu_4185_p2  |         +|   0|  0|   15|           8|           8|
    |add_ln58_68336_fu_4195_p2  |         +|   0|  0|   16|           9|           9|
    |add_ln58_68337_fu_4201_p2  |         +|   0|  0|   16|           9|           9|
    |add_ln58_68338_fu_6511_p2  |         +|   0|  0|   17|          10|          10|
    |add_ln58_68339_fu_6521_p2  |         +|   0|  0|   17|          11|          11|
    |add_ln58_68340_fu_4207_p2  |         +|   0|  0|   15|           8|           8|
    |add_ln58_68341_fu_4215_p2  |         +|   0|  0|   16|           9|           9|
    |add_ln58_68342_fu_1965_p2  |         +|   0|  0|   14|           7|           7|
    |add_ln58_68343_fu_1975_p2  |         +|   0|  0|   15|           8|           8|
    |add_ln58_68344_fu_6533_p2  |         +|   0|  0|   18|          10|          10|
    |add_ln58_68345_fu_1981_p2  |         +|   0|  0|   14|           7|           7|
    |add_ln58_68346_fu_4224_p2  |         +|   0|  0|   15|           8|           8|
    |add_ln58_68347_fu_4234_p2  |         +|   0|  0|   16|           9|           9|
    |add_ln58_68348_fu_6542_p2  |         +|   0|  0|   18|          10|          10|
    |add_ln58_68349_fu_6552_p2  |         +|   0|  0|   17|          11|          11|
    |add_ln58_68350_fu_4240_p2  |         +|   0|  0|   18|          10|          10|
    |add_ln58_68351_fu_4246_p2  |         +|   0|  0|   18|          10|          10|
    |add_ln58_68352_fu_4251_p2  |         +|   0|  0|   15|           8|           8|
    |add_ln58_68353_fu_4261_p2  |         +|   0|  0|   16|           9|           9|
    |add_ln58_68354_fu_6564_p2  |         +|   0|  0|   18|          11|          11|
    |add_ln58_68355_fu_4267_p2  |         +|   0|  0|   16|           9|           9|
    |add_ln58_68356_fu_6573_p2  |         +|   0|  0|   17|          10|          10|
    |add_ln58_68357_fu_6583_p2  |         +|   0|  0|   17|          11|          11|
    |add_ln58_68358_fu_4273_p2  |         +|   0|  0|   15|           8|           8|
    |add_ln58_68359_fu_1987_p2  |         +|   0|  0|   14|           7|           7|
    |add_ln58_68360_fu_4285_p2  |         +|   0|  0|   15|           8|           8|
    |add_ln58_68361_fu_4295_p2  |         +|   0|  0|   16|           9|           9|
    |add_ln58_68362_fu_4301_p2  |         +|   0|  0|   15|           8|           8|
    |add_ln58_68363_fu_1993_p2  |         +|   0|  0|   14|           7|           7|
    |add_ln58_68364_fu_4314_p2  |         +|   0|  0|   15|           8|           8|
    |add_ln58_68365_fu_4324_p2  |         +|   0|  0|   16|           9|           9|
    |add_ln58_68366_fu_6595_p2  |         +|   0|  0|   17|          10|          10|
    |add_ln58_68367_fu_6605_p2  |         +|   0|  0|   17|          11|          11|
    |add_ln58_68368_fu_4330_p2  |         +|   0|  0|   17|          10|          10|
    |add_ln58_68369_fu_6614_p2  |         +|   0|  0|   17|          11|          11|
    |add_ln58_68370_fu_4336_p2  |         +|   0|  0|   15|           8|           8|
    |add_ln58_68371_fu_4345_p2  |         +|   0|  0|   16|           9|           9|
    |add_ln58_68372_fu_6623_p2  |         +|   0|  0|   17|          11|          11|
    |add_ln58_68373_fu_1999_p2  |         +|   0|  0|   14|           7|           7|
    |add_ln58_68374_fu_4354_p2  |         +|   0|  0|   15|           8|           8|
    |add_ln58_68375_fu_4363_p2  |         +|   0|  0|   17|          10|          10|
    |add_ln58_68376_fu_6632_p2  |         +|   0|  0|   17|          11|          11|
    |add_ln58_68377_fu_2005_p2  |         +|   0|  0|   14|           7|           7|
    |add_ln58_68378_fu_4372_p2  |         +|   0|  0|   15|           8|           8|
    |add_ln58_68379_fu_4382_p2  |         +|   0|  0|   16|           9|           9|
    |add_ln58_68380_fu_2011_p2  |         +|   0|  0|   14|           7|           7|
    |add_ln58_68381_fu_4391_p2  |         +|   0|  0|   15|           8|           8|
    |add_ln58_68382_fu_4401_p2  |         +|   0|  0|   15|           8|           8|
    |add_ln58_68383_fu_4411_p2  |         +|   0|  0|   16|           9|           9|
    |add_ln58_68384_fu_6644_p2  |         +|   0|  0|   17|          10|          10|
    |add_ln58_68385_fu_6654_p2  |         +|   0|  0|   17|          11|          11|
    |add_ln58_68386_fu_2017_p2  |         +|   0|  0|   16|           9|           9|
    |add_ln58_68387_fu_4420_p2  |         +|   0|  0|   17|          10|          10|
    |add_ln58_68388_fu_4425_p2  |         +|   0|  0|   16|           9|           9|
    |add_ln58_68389_fu_6666_p2  |         +|   0|  0|   18|          11|          11|
    |add_ln58_68390_fu_4431_p2  |         +|   0|  0|   16|           9|           9|
    |add_ln58_68391_fu_4437_p2  |         +|   0|  0|   15|           8|           8|
    |add_ln58_68392_fu_4445_p2  |         +|   0|  0|   16|           9|           9|
    |add_ln58_68393_fu_6678_p2  |         +|   0|  0|   17|          10|          10|
    |add_ln58_68394_fu_6688_p2  |         +|   0|  0|   17|          11|          11|
    |add_ln58_68395_fu_4454_p2  |         +|   0|  0|   15|           8|           8|
    |add_ln58_68396_fu_2023_p2  |         +|   0|  0|   14|           7|           7|
    |add_ln58_68397_fu_2029_p2  |         +|   0|  0|   14|           7|           7|
    |add_ln58_68398_fu_4470_p2  |         +|   0|  0|   15|           8|           8|
    |add_ln58_68399_fu_4480_p2  |         +|   0|  0|   16|           9|           9|
    |add_ln58_68400_fu_2035_p2  |         +|   0|  0|   14|           7|           7|
    |add_ln58_68401_fu_4489_p2  |         +|   0|  0|   15|           8|           8|
    |add_ln58_68402_fu_2041_p2  |         +|   0|  0|   14|           7|           7|
    |add_ln58_68403_fu_4502_p2  |         +|   0|  0|   15|           8|           8|
    |add_ln58_68404_fu_4512_p2  |         +|   0|  0|   16|           9|           9|
    |add_ln58_68405_fu_6700_p2  |         +|   0|  0|   17|          10|          10|
    |add_ln58_68406_fu_6710_p2  |         +|   0|  0|   17|          11|          11|
    |add_ln58_68407_fu_4518_p2  |         +|   0|  0|   15|           8|           8|
    |add_ln58_68408_fu_6719_p2  |         +|   0|  0|   17|          11|          11|
    |add_ln58_68409_fu_4527_p2  |         +|   0|  0|   16|           9|           9|
    |add_ln58_68410_fu_6728_p2  |         +|   0|  0|   17|          11|          11|
    |add_ln58_68411_fu_4533_p2  |         +|   0|  0|   15|           8|           8|
    |add_ln58_68412_fu_4543_p2  |         +|   0|  0|   16|           9|           9|
    |add_ln58_68413_fu_4549_p2  |         +|   0|  0|   15|           8|           8|
    |add_ln58_68414_fu_4558_p2  |         +|   0|  0|   16|           9|           9|
    |add_ln58_68415_fu_6740_p2  |         +|   0|  0|   17|          10|          10|
    |add_ln58_68416_fu_6750_p2  |         +|   0|  0|   17|          11|          11|
    |add_ln58_68417_fu_4564_p2  |         +|   0|  0|   16|           9|           9|
    |add_ln58_68418_fu_4570_p2  |         +|   0|  0|   15|           8|           8|
    |add_ln58_68419_fu_6762_p2  |         +|   0|  0|   18|          10|          10|
    |add_ln58_68420_fu_2047_p2  |         +|   0|  0|   14|           7|           7|
    |add_ln58_68421_fu_4578_p2  |         +|   0|  0|   15|           8|           8|
    |add_ln58_68422_fu_4588_p2  |         +|   0|  0|   15|           8|           8|
    |add_ln58_68423_fu_4598_p2  |         +|   0|  0|   16|           9|           9|
    |add_ln58_68424_fu_6771_p2  |         +|   0|  0|   18|          10|          10|
    |add_ln58_68425_fu_6781_p2  |         +|   0|  0|   17|          11|          11|
    |add_ln58_68426_fu_4604_p2  |         +|   0|  0|   18|          10|          10|
    |add_ln58_68427_fu_4610_p2  |         +|   0|  0|   18|          10|          10|
    |add_ln58_68428_fu_4616_p2  |         +|   0|  0|   15|           8|           8|
    |add_ln58_68429_fu_4626_p2  |         +|   0|  0|   16|           9|           9|
    |add_ln58_68430_fu_6793_p2  |         +|   0|  0|   18|          11|          11|
    |add_ln58_68431_fu_4632_p2  |         +|   0|  0|   16|           9|           9|
    |add_ln58_68432_fu_4638_p2  |         +|   0|  0|   16|           9|           9|
    |add_ln58_68433_fu_6805_p2  |         +|   0|  0|   17|          10|          10|
    |add_ln58_68434_fu_6815_p2  |         +|   0|  0|   17|          11|          11|
    |add_ln58_68435_fu_4644_p2  |         +|   0|  0|   15|           8|           8|
    |add_ln58_68436_fu_4654_p2  |         +|   0|  0|   15|           8|           8|
    |add_ln58_68437_fu_4664_p2  |         +|   0|  0|   16|           9|           9|
    |add_ln58_68438_fu_4670_p2  |         +|   0|  0|   15|           8|           8|
    |add_ln58_68439_fu_4680_p2  |         +|   0|  0|   16|           9|           9|
    |add_ln58_68440_fu_6827_p2  |         +|   0|  0|   17|          10|          10|
    |add_ln58_68441_fu_6837_p2  |         +|   0|  0|   17|          11|          11|
    |add_ln58_68442_fu_4686_p2  |         +|   0|  0|   16|           9|           9|
    |add_ln58_68443_fu_4691_p2  |         +|   0|  0|   16|           9|           9|
    |add_ln58_68444_fu_6849_p2  |         +|   0|  0|   17|          10|          10|
    |add_ln58_68445_fu_4697_p2  |         +|   0|  0|   16|           9|           9|
    |add_ln58_68446_fu_6862_p2  |         +|   0|  0|   17|          10|          10|
    |add_ln58_68447_fu_6872_p2  |         +|   0|  0|   17|          11|          11|
    |add_ln58_68448_fu_2053_p2  |         +|   0|  0|   14|           7|           7|
    |add_ln58_68449_fu_4706_p2  |         +|   0|  0|   16|           9|           9|
    |add_ln58_68450_fu_2059_p2  |         +|   0|  0|   14|           7|           7|
    |add_ln58_68451_fu_2065_p2  |         +|   0|  0|   14|           7|           7|
    |add_ln58_68452_fu_4722_p2  |         +|   0|  0|   15|           8|           8|
    |add_ln58_68453_fu_4732_p2  |         +|   0|  0|   17|          10|          10|
    |add_ln58_68454_fu_4738_p2  |         +|   0|  0|   15|           8|           8|
    |add_ln58_68455_fu_4748_p2  |         +|   0|  0|   15|           8|           8|
    |add_ln58_68456_fu_4758_p2  |         +|   0|  0|   16|           9|           9|
    |add_ln58_68457_fu_6884_p2  |         +|   0|  0|   18|          11|          11|
    |add_ln58_68458_fu_6890_p2  |         +|   0|  0|   17|          11|          11|
    |add_ln58_68459_fu_4764_p2  |         +|   0|  0|   17|          10|          10|
    |add_ln58_68460_fu_4769_p2  |         +|   0|  0|   16|           9|           9|
    |add_ln58_68461_fu_6902_p2  |         +|   0|  0|   18|          11|          11|
    |add_ln58_68462_fu_4775_p2  |         +|   0|  0|   15|           8|           8|
    |add_ln58_68463_fu_4785_p2  |         +|   0|  0|   16|           9|           9|
    |add_ln58_68464_fu_4791_p2  |         +|   0|  0|   15|           8|           8|
    |add_ln58_68465_fu_4801_p2  |         +|   0|  0|   16|           9|           9|
    |add_ln58_68466_fu_6914_p2  |         +|   0|  0|   17|          10|          10|
    |add_ln58_68467_fu_6924_p2  |         +|   0|  0|   17|          11|          11|
    |add_ln58_68468_fu_2071_p2  |         +|   0|  0|   15|           8|           8|
    |add_ln58_68469_fu_4810_p2  |         +|   0|  0|   16|           9|           9|
    |add_ln58_68470_fu_2077_p2  |         +|   0|  0|   14|           7|           7|
    |add_ln58_68471_fu_4823_p2  |         +|   0|  0|   15|           8|           8|
    |add_ln58_68472_fu_4833_p2  |         +|   0|  0|   17|          10|          10|
    |add_ln58_68473_fu_2083_p2  |         +|   0|  0|   14|           7|           7|
    |add_ln58_68474_fu_4842_p2  |         +|   0|  0|   15|           8|           8|
    |add_ln58_68475_fu_4852_p2  |         +|   0|  0|   15|           8|           8|
    |add_ln58_68476_fu_4862_p2  |         +|   0|  0|   16|           9|           9|
    |add_ln58_68477_fu_6936_p2  |         +|   0|  0|   18|          11|          11|
    |add_ln58_68478_fu_6942_p2  |         +|   0|  0|   17|          11|          11|
    |add_ln58_68479_fu_4868_p2  |         +|   0|  0|   17|          10|          10|
    |add_ln58_68480_fu_4874_p2  |         +|   0|  0|   16|           9|           9|
    |add_ln58_68481_fu_6954_p2  |         +|   0|  0|   18|          11|          11|
    |add_ln58_68482_fu_4880_p2  |         +|   0|  0|   15|           8|           8|
    |add_ln58_68483_fu_4888_p2  |         +|   0|  0|   16|           9|           9|
    |add_ln58_68484_fu_2089_p2  |         +|   0|  0|   14|           7|           7|
    |add_ln58_68485_fu_4897_p2  |         +|   0|  0|   16|           9|           9|
    |add_ln58_68486_fu_6966_p2  |         +|   0|  0|   17|          10|          10|
    |add_ln58_68487_fu_6976_p2  |         +|   0|  0|   17|          11|          11|
    |add_ln58_68488_fu_4903_p2  |         +|   0|  0|   15|           8|           8|
    |add_ln58_68489_fu_4912_p2  |         +|   0|  0|   15|           8|           8|
    |add_ln58_68490_fu_4922_p2  |         +|   0|  0|   16|           9|           9|
    |add_ln58_68491_fu_4928_p2  |         +|   0|  0|   15|           8|           8|
    |add_ln58_68492_fu_4938_p2  |         +|   0|  0|   15|           8|           8|
    |add_ln58_68493_fu_4948_p2  |         +|   0|  0|   16|           9|           9|
    |add_ln58_68494_fu_6988_p2  |         +|   0|  0|   17|          10|          10|
    |add_ln58_68495_fu_6998_p2  |         +|   0|  0|   17|          11|          11|
    |add_ln58_68496_fu_4954_p2  |         +|   0|  0|   17|          10|          10|
    |add_ln58_68497_fu_7007_p2  |         +|   0|  0|   18|          11|          11|
    |add_ln58_68498_fu_4960_p2  |         +|   0|  0|   15|           8|           8|
    |add_ln58_68499_fu_4970_p2  |         +|   0|  0|   16|           9|           9|
    |add_ln58_68500_fu_4976_p2  |         +|   0|  0|   15|           8|           8|
    |add_ln58_68501_fu_4986_p2  |         +|   0|  0|   16|           9|           9|
    |add_ln58_68502_fu_7019_p2  |         +|   0|  0|   17|          10|          10|
    |add_ln58_68503_fu_7029_p2  |         +|   0|  0|   17|          11|          11|
    |add_ln58_68504_fu_2095_p2  |         +|   0|  0|   15|           8|           8|
    |add_ln58_68505_fu_4998_p2  |         +|   0|  0|   16|           9|           9|
    |add_ln58_68506_fu_5008_p2  |         +|   0|  0|   17|          10|          10|
    |add_ln58_68507_fu_5014_p2  |         +|   0|  0|   15|           8|           8|
    |add_ln58_68508_fu_2101_p2  |         +|   0|  0|   14|           7|           7|
    |add_ln58_68509_fu_5027_p2  |         +|   0|  0|   15|           8|           8|
    |add_ln58_68510_fu_5037_p2  |         +|   0|  0|   16|           9|           9|
    |add_ln58_68511_fu_7041_p2  |         +|   0|  0|   18|          11|          11|
    |add_ln58_68512_fu_7047_p2  |         +|   0|  0|   17|          11|          11|
    |add_ln58_68513_fu_5043_p2  |         +|   0|  0|   15|           8|           8|
    |add_ln58_68514_fu_5053_p2  |         +|   0|  0|   16|           9|           9|
    |add_ln58_68515_fu_5059_p2  |         +|   0|  0|   16|           9|           9|
    |add_ln58_68516_fu_7059_p2  |         +|   0|  0|   17|          10|          10|
    |add_ln58_68517_fu_5065_p2  |         +|   0|  0|   15|           8|           8|
    |add_ln58_68518_fu_5074_p2  |         +|   0|  0|   16|           9|           9|
    |add_ln58_68519_fu_5080_p2  |         +|   0|  0|   16|           9|           9|
    |add_ln58_68520_fu_7075_p2  |         +|   0|  0|   18|          10|          10|
    |add_ln58_68521_fu_7081_p2  |         +|   0|  0|   18|          10|          10|
    |add_ln58_68522_fu_7091_p2  |         +|   0|  0|   17|          11|          11|
    |add_ln58_68523_fu_5086_p2  |         +|   0|  0|   15|           8|           8|
    |add_ln58_68524_fu_5095_p2  |         +|   0|  0|   16|           9|           9|
    |add_ln58_68525_fu_5101_p2  |         +|   0|  0|   15|           8|           8|
    |add_ln58_68526_fu_5111_p2  |         +|   0|  0|   16|           9|           9|
    |add_ln58_68527_fu_7103_p2  |         +|   0|  0|   17|          10|          10|
    |add_ln58_68528_fu_7113_p2  |         +|   0|  0|   17|          11|          11|
    |add_ln58_68529_fu_5117_p2  |         +|   0|  0|   18|          10|          10|
    |add_ln58_68530_fu_5123_p2  |         +|   0|  0|   18|          10|          10|
    |add_ln58_68531_fu_5129_p2  |         +|   0|  0|   15|           8|           8|
    |add_ln58_68532_fu_5139_p2  |         +|   0|  0|   16|           9|           9|
    |add_ln58_68533_fu_7125_p2  |         +|   0|  0|   18|          11|          11|
    |add_ln58_68534_fu_5145_p2  |         +|   0|  0|   16|           9|           9|
    |add_ln58_68535_fu_5151_p2  |         +|   0|  0|   15|           8|           8|
    |add_ln58_68536_fu_2107_p2  |         +|   0|  0|   15|           8|           8|
    |add_ln58_68537_fu_5163_p2  |         +|   0|  0|   16|           9|           9|
    |add_ln58_68538_fu_7137_p2  |         +|   0|  0|   17|          10|          10|
    |add_ln58_68539_fu_7147_p2  |         +|   0|  0|   17|          11|          11|
    |add_ln58_68540_fu_5169_p2  |         +|   0|  0|   15|           8|           8|
    |add_ln58_68541_fu_2113_p2  |         +|   0|  0|   14|           7|           7|
    |add_ln58_68542_fu_5181_p2  |         +|   0|  0|   15|           8|           8|
    |add_ln58_68543_fu_5191_p2  |         +|   0|  0|   16|           9|           9|
    |add_ln58_68544_fu_5197_p2  |         +|   0|  0|   15|           8|           8|
    |add_ln58_68545_fu_5207_p2  |         +|   0|  0|   15|           8|           8|
    |add_ln58_68546_fu_5217_p2  |         +|   0|  0|   16|           9|           9|
    |add_ln58_68547_fu_7159_p2  |         +|   0|  0|   17|          10|          10|
    |add_ln58_68548_fu_7169_p2  |         +|   0|  0|   17|          11|          11|
    |add_ln58_68549_fu_5223_p2  |         +|   0|  0|   15|           8|           8|
    |add_ln58_68550_fu_5233_p2  |         +|   0|  0|   17|          10|          10|
    |add_ln58_68551_fu_5239_p2  |         +|   0|  0|   16|           9|           9|
    |add_ln58_68552_fu_7181_p2  |         +|   0|  0|   18|          11|          11|
    |add_ln58_68553_fu_5245_p2  |         +|   0|  0|   15|           8|           8|
    |add_ln58_68554_fu_5255_p2  |         +|   0|  0|   16|           9|           9|
    |add_ln58_68555_fu_5261_p2  |         +|   0|  0|   16|           9|           9|
    |add_ln58_68556_fu_7193_p2  |         +|   0|  0|   17|          10|          10|
    |add_ln58_68557_fu_7203_p2  |         +|   0|  0|   17|          11|          11|
    |add_ln58_68558_fu_5267_p2  |         +|   0|  0|   16|           9|           9|
    |add_ln58_68559_fu_5277_p2  |         +|   0|  0|   17|          10|          10|
    |add_ln58_68560_fu_5283_p2  |         +|   0|  0|   15|           8|           8|
    |add_ln58_68561_fu_2119_p2  |         +|   0|  0|   14|           7|           7|
    |add_ln58_68562_fu_5295_p2  |         +|   0|  0|   15|           8|           8|
    |add_ln58_68563_fu_5305_p2  |         +|   0|  0|   16|           9|           9|
    |add_ln58_68564_fu_7215_p2  |         +|   0|  0|   18|          11|          11|
    |add_ln58_68565_fu_7221_p2  |         +|   0|  0|   17|          11|          11|
    |add_ln58_68566_fu_5311_p2  |         +|   0|  0|   18|          10|          10|
    |add_ln58_68567_fu_5317_p2  |         +|   0|  0|   18|          10|          10|
    |add_ln58_68568_fu_7230_p2  |         +|   0|  0|   18|          11|          11|
    |add_ln58_68569_fu_5323_p2  |         +|   0|  0|   16|           9|           9|
    |add_ln58_68570_fu_5329_p2  |         +|   0|  0|   16|           9|           9|
    |add_ln58_68571_fu_7242_p2  |         +|   0|  0|   17|          10|          10|
    |add_ln58_68572_fu_7252_p2  |         +|   0|  0|   17|          11|          11|
    |add_ln58_68573_fu_5335_p2  |         +|   0|  0|   15|           8|           8|
    |add_ln58_68574_fu_7261_p2  |         +|   0|  0|   18|          10|          10|
    |add_ln58_68575_fu_5341_p2  |         +|   0|  0|   15|           8|           8|
    |add_ln58_68576_fu_5351_p2  |         +|   0|  0|   15|           8|           8|
    |add_ln58_68577_fu_5361_p2  |         +|   0|  0|   16|           9|           9|
    |add_ln58_68578_fu_7270_p2  |         +|   0|  0|   18|          10|          10|
    |add_ln58_68579_fu_7280_p2  |         +|   0|  0|   17|          11|          11|
    |add_ln58_68580_fu_5367_p2  |         +|   0|  0|   15|           8|           8|
    |add_ln58_68581_fu_5377_p2  |         +|   0|  0|   17|          10|          10|
    |add_ln58_68582_fu_5383_p2  |         +|   0|  0|   16|           9|           9|
    |add_ln58_68583_fu_7292_p2  |         +|   0|  0|   18|          11|          11|
    |add_ln58_68584_fu_5389_p2  |         +|   0|  0|   16|           9|           9|
    |add_ln58_68585_fu_5395_p2  |         +|   0|  0|   15|           8|           8|
    |add_ln58_68586_fu_5405_p2  |         +|   0|  0|   16|           9|           9|
    |add_ln58_68587_fu_7304_p2  |         +|   0|  0|   17|          10|          10|
    |add_ln58_68588_fu_7314_p2  |         +|   0|  0|   17|          11|          11|
    |add_ln58_68589_fu_5411_p2  |         +|   0|  0|   16|           9|           9|
    |add_ln58_68590_fu_5421_p2  |         +|   0|  0|   15|           8|           8|
    |add_ln58_68591_fu_5431_p2  |         +|   0|  0|   17|          10|          10|
    |add_ln58_68592_fu_5437_p2  |         +|   0|  0|   15|           8|           8|
    |add_ln58_68593_fu_2125_p2  |         +|   0|  0|   14|           7|           7|
    |add_ln58_68594_fu_5450_p2  |         +|   0|  0|   15|           8|           8|
    |add_ln58_68595_fu_5460_p2  |         +|   0|  0|   16|           9|           9|
    |add_ln58_68596_fu_7326_p2  |         +|   0|  0|   18|          11|          11|
    |add_ln58_68597_fu_7332_p2  |         +|   0|  0|   17|          11|          11|
    |add_ln58_68598_fu_7338_p2  |         +|   0|  0|   17|          11|          11|
    |add_ln58_68599_fu_5466_p2  |         +|   0|  0|   15|           8|           8|
    |add_ln58_68600_fu_5476_p2  |         +|   0|  0|   16|           9|           9|
    |add_ln58_68601_fu_7346_p2  |         +|   0|  0|   17|          11|          11|
    |add_ln58_68602_fu_5482_p2  |         +|   0|  0|   15|           8|           8|
    |add_ln58_68603_fu_5491_p2  |         +|   0|  0|   16|           9|           9|
    |add_ln58_68604_fu_7355_p2  |         +|   0|  0|   17|          10|          10|
    |add_ln58_68605_fu_7365_p2  |         +|   0|  0|   17|          11|          11|
    |add_ln58_68606_fu_2131_p2  |         +|   0|  0|   14|           7|           7|
    |add_ln58_68607_fu_5500_p2  |         +|   0|  0|   15|           8|           8|
    |add_ln58_68608_fu_5510_p2  |         +|   0|  0|   16|           9|           9|
    |add_ln58_68609_fu_5516_p2  |         +|   0|  0|   15|           8|           8|
    |add_ln58_68610_fu_5526_p2  |         +|   0|  0|   15|           8|           8|
    |add_ln58_68611_fu_5536_p2  |         +|   0|  0|   16|           9|           9|
    |add_ln58_68612_fu_7377_p2  |         +|   0|  0|   17|          10|          10|
    |add_ln58_68613_fu_7387_p2  |         +|   0|  0|   17|          11|          11|
    |add_ln58_68614_fu_5542_p2  |         +|   0|  0|   16|           9|           9|
    |add_ln58_68615_fu_5548_p2  |         +|   0|  0|   15|           8|           8|
    |add_ln58_68616_fu_5558_p2  |         +|   0|  0|   16|           9|           9|
    |add_ln58_68617_fu_7399_p2  |         +|   0|  0|   17|          10|          10|
    |add_ln58_68618_fu_5564_p2  |         +|   0|  0|   16|           9|           9|
    |add_ln58_68619_fu_5570_p2  |         +|   0|  0|   15|           8|           8|
    |add_ln58_68620_fu_2137_p2  |         +|   0|  0|   14|           7|           7|
    |add_ln58_68621_fu_5581_p2  |         +|   0|  0|   16|           9|           9|
    |add_ln58_68622_fu_7415_p2  |         +|   0|  0|   17|          10|          10|
    |add_ln58_68623_fu_7425_p2  |         +|   0|  0|   17|          11|          11|
    |add_ln58_68624_fu_5590_p2  |         +|   0|  0|   15|           8|           8|
    |add_ln58_68625_fu_2143_p2  |         +|   0|  0|   14|           7|           7|
    |add_ln58_68626_fu_5603_p2  |         +|   0|  0|   15|           8|           8|
    |add_ln58_68627_fu_5613_p2  |         +|   0|  0|   16|           9|           9|
    |add_ln58_68628_fu_5619_p2  |         +|   0|  0|   15|           8|           8|
    |add_ln58_68629_fu_5629_p2  |         +|   0|  0|   15|           8|           8|
    |add_ln58_68630_fu_5639_p2  |         +|   0|  0|   16|           9|           9|
    |add_ln58_68631_fu_7437_p2  |         +|   0|  0|   17|          10|          10|
    |add_ln58_68632_fu_7447_p2  |         +|   0|  0|   17|          11|          11|
    |add_ln58_68633_fu_5645_p2  |         +|   0|  0|   17|          10|          10|
    |add_ln58_68634_fu_7456_p2  |         +|   0|  0|   18|          11|          11|
    |add_ln58_68635_fu_5651_p2  |         +|   0|  0|   16|           9|           9|
    |add_ln58_68636_fu_5657_p2  |         +|   0|  0|   16|           9|           9|
    |add_ln58_68637_fu_7468_p2  |         +|   0|  0|   17|          10|          10|
    |add_ln58_68638_fu_7478_p2  |         +|   0|  0|   17|          11|          11|
    |add_ln58_68639_fu_5663_p2  |         +|   0|  0|   16|           9|           9|
    |add_ln58_68640_fu_5673_p2  |         +|   0|  0|   17|          10|          10|
    |add_ln58_68641_fu_5679_p2  |         +|   0|  0|   15|           8|           8|
    |add_ln58_68642_fu_2149_p2  |         +|   0|  0|   14|           7|           7|
    |add_ln58_68643_fu_5692_p2  |         +|   0|  0|   15|           8|           8|
    |add_ln58_68644_fu_5702_p2  |         +|   0|  0|   16|           9|           9|
    |add_ln58_68645_fu_7490_p2  |         +|   0|  0|   18|          11|          11|
    |add_ln58_68646_fu_7496_p2  |         +|   0|  0|   17|          11|          11|
    |add_ln58_fu_448_p2         |         +|   0|  0|   15|           8|           8|
    |sub_ln73_2440_fu_326_p2    |         -|   0|  0|   26|           1|          19|
    |sub_ln73_2441_fu_371_p2    |         -|   0|  0|   26|           1|          19|
    |sub_ln73_2442_fu_402_p2    |         -|   0|  0|   26|           1|          19|
    |sub_ln73_2443_fu_432_p2    |         -|   0|  0|   26|           1|          19|
    |sub_ln73_2444_fu_538_p2    |         -|   0|  0|   26|           1|          19|
    |sub_ln73_2445_fu_572_p2    |         -|   0|  0|   26|           1|          19|
    |sub_ln73_2446_fu_617_p2    |         -|   0|  0|   26|           1|          19|
    |sub_ln73_2447_fu_650_p2    |         -|   0|  0|   26|           1|          19|
    |sub_ln73_2448_fu_686_p2    |         -|   0|  0|   26|           1|          19|
    |sub_ln73_2449_fu_713_p2    |         -|   0|  0|   26|           1|          19|
    |sub_ln73_2450_fu_752_p2    |         -|   0|  0|   26|           1|          19|
    |sub_ln73_2451_fu_779_p2    |         -|   0|  0|   26|           1|          19|
    |sub_ln73_2452_fu_812_p2    |         -|   0|  0|   26|           1|          19|
    |sub_ln73_2453_fu_842_p2    |         -|   0|  0|   26|           1|          19|
    |sub_ln73_2454_fu_869_p2    |         -|   0|  0|   26|           1|          19|
    |sub_ln73_2455_fu_899_p2    |         -|   0|  0|   26|           1|          19|
    |sub_ln73_2456_fu_932_p2    |         -|   0|  0|   26|           1|          19|
    |sub_ln73_2457_fu_959_p2    |         -|   0|  0|   26|           1|          19|
    |sub_ln73_2458_fu_989_p2    |         -|   0|  0|   26|           1|          19|
    |sub_ln73_2459_fu_1019_p2   |         -|   0|  0|   26|           1|          19|
    |sub_ln73_2460_fu_1052_p2   |         -|   0|  0|   26|           1|          19|
    |sub_ln73_2461_fu_1079_p2   |         -|   0|  0|   26|           1|          19|
    |sub_ln73_2462_fu_1115_p2   |         -|   0|  0|   26|           1|          19|
    |sub_ln73_2463_fu_1145_p2   |         -|   0|  0|   26|           1|          19|
    |sub_ln73_2464_fu_1172_p2   |         -|   0|  0|   26|           1|          19|
    |sub_ln73_2465_fu_1209_p2   |         -|   0|  0|   26|           1|          19|
    |sub_ln73_2466_fu_1240_p2   |         -|   0|  0|   26|           1|          19|
    |sub_ln73_2467_fu_1274_p2   |         -|   0|  0|   26|           1|          19|
    |sub_ln73_2468_fu_1311_p2   |         -|   0|  0|   26|           1|          19|
    |sub_ln73_2469_fu_1342_p2   |         -|   0|  0|   26|           1|          19|
    |sub_ln73_2470_fu_1376_p2   |         -|   0|  0|   26|           1|          19|
    |sub_ln73_fu_298_p2         |         -|   0|  0|   26|           1|          19|
    +---------------------------+----------+----+---+-----+------------+------------+
    |Total                      |          |   0|  0|11669|        6140|        6716|
    +---------------------------+----------+----+---+-----+------------+------------+

    * Multiplexer: 
    N/A

    * Register: 
    +------------------------------------------+----+----+-----+-----------+
    |                   Name                   | FF | LUT| Bits| Const Bits|
    +------------------------------------------+----+----+-----+-----------+
    |add_ln58_67968_reg_7966                   |   7|   0|    7|          0|
    |add_ln58_67969_reg_7971                   |   8|   0|    8|          0|
    |add_ln58_67969_reg_7971_pp0_iter2_reg     |   8|   0|    8|          0|
    |add_ln58_67970_reg_8264                   |   9|   0|    9|          0|
    |add_ln58_67971_reg_7976                   |   9|   0|    9|          0|
    |add_ln58_67971_reg_7976_pp0_iter2_reg     |   9|   0|    9|          0|
    |add_ln58_67975_reg_8279                   |   8|   0|    8|          0|
    |add_ln58_67977_reg_7982                   |   8|   0|    8|          0|
    |add_ln58_67979_reg_8284                   |   9|   0|    9|          0|
    |add_ln58_67980_reg_8290                   |   8|   0|    8|          0|
    |add_ln58_67983_reg_8301                   |  10|   0|   10|          0|
    |add_ln58_67984_reg_8307                   |   9|   0|    9|          0|
    |add_ln58_67985_reg_8312                   |   9|   0|    9|          0|
    |add_ln58_67987_reg_8317                   |   9|   0|    9|          0|
    |add_ln58_67991_reg_8322                   |   8|   0|    8|          0|
    |add_ln58_67993_reg_8327                   |   7|   0|    7|          0|
    |add_ln58_67995_reg_8333                   |   8|   0|    8|          0|
    |add_ln58_67997_reg_8338                   |   9|   0|    9|          0|
    |add_ln58_67999_reg_8343                   |   8|   0|    8|          0|
    |add_ln58_68002_reg_8348                   |   8|   0|    8|          0|
    |add_ln58_68003_reg_8353                   |  10|   0|   10|          0|
    |add_ln58_68004_reg_8821                   |  10|   0|   10|          0|
    |add_ln58_68007_reg_8359                   |   7|   0|    7|          0|
    |add_ln58_68009_reg_8826                   |  11|   0|   11|          0|
    |add_ln58_68010_reg_8832                   |  10|   0|   10|          0|
    |add_ln58_68013_reg_8837                   |   9|   0|    9|          0|
    |add_ln58_68016_reg_8842                   |   9|   0|    9|          0|
    |add_ln58_68019_reg_8847                   |   9|   0|    9|          0|
    |add_ln58_68022_reg_8364                   |   8|   0|    8|          0|
    |add_ln58_68022_reg_8364_pp0_iter3_reg     |   8|   0|    8|          0|
    |add_ln58_68024_reg_8370                   |   8|   0|    8|          0|
    |add_ln58_68025_reg_8375                   |   7|   0|    7|          0|
    |add_ln58_68027_reg_8852                   |  10|   0|   10|          0|
    |add_ln58_68028_reg_8381                   |   7|   0|    7|          0|
    |add_ln58_68030_reg_8386                   |   7|   0|    7|          0|
    |add_ln58_68031_reg_8391                   |   7|   0|    7|          0|
    |add_ln58_68033_reg_8857                   |   9|   0|    9|          0|
    |add_ln58_68036_reg_8396                   |   7|   0|    7|          0|
    |add_ln58_68038_reg_8862                   |  10|   0|   10|          0|
    |add_ln58_68040_reg_8867                   |   9|   0|    9|          0|
    |add_ln58_68043_reg_8872                   |   9|   0|    9|          0|
    |add_ln58_68046_reg_8877                   |   9|   0|    9|          0|
    |add_ln58_68050_reg_8882                   |   9|   0|    9|          0|
    |add_ln58_68051_reg_8402                   |   7|   0|    7|          0|
    |add_ln58_68052_reg_8407                   |   7|   0|    7|          0|
    |add_ln58_68053_reg_8887                   |   8|   0|    8|          0|
    |add_ln58_68055_reg_8412                   |   7|   0|    7|          0|
    |add_ln58_68057_reg_8417                   |   7|   0|    7|          0|
    |add_ln58_68059_reg_8892                   |   9|   0|    9|          0|
    |add_ln58_68063_reg_8897                   |   9|   0|    9|          0|
    |add_ln58_68065_reg_8902                   |   9|   0|    9|          0|
    |add_ln58_68068_reg_8908                   |   9|   0|    9|          0|
    |add_ln58_68071_reg_8913                   |   9|   0|    9|          0|
    |add_ln58_68075_reg_8918                   |  10|   0|   10|          0|
    |add_ln58_68076_reg_8923                   |   8|   0|    8|          0|
    |add_ln58_68078_reg_8422                   |   7|   0|    7|          0|
    |add_ln58_68080_reg_8427                   |   7|   0|    7|          0|
    |add_ln58_68081_reg_8432                   |   7|   0|    7|          0|
    |add_ln58_68083_reg_8928                   |   9|   0|    9|          0|
    |add_ln58_68086_reg_8933                   |  10|   0|   10|          0|
    |add_ln58_68089_reg_8938                   |   9|   0|    9|          0|
    |add_ln58_68093_reg_8943                   |   9|   0|    9|          0|
    |add_ln58_68096_reg_8948                   |   9|   0|    9|          0|
    |add_ln58_68099_reg_8437                   |   8|   0|    8|          0|
    |add_ln58_68101_reg_8442                   |   7|   0|    7|          0|
    |add_ln58_68102_reg_8447                   |   7|   0|    7|          0|
    |add_ln58_68104_reg_8953                   |  10|   0|   10|          0|
    |add_ln58_68105_reg_8452                   |   7|   0|    7|          0|
    |add_ln58_68106_reg_8457                   |   7|   0|    7|          0|
    |add_ln58_68108_reg_8462                   |   7|   0|    7|          0|
    |add_ln58_68109_reg_8467                   |   7|   0|    7|          0|
    |add_ln58_68111_reg_8958                   |   9|   0|    9|          0|
    |add_ln58_68114_reg_8472                   |   7|   0|    7|          0|
    |add_ln58_68116_reg_8963                   |  10|   0|   10|          0|
    |add_ln58_68118_reg_8968                   |   9|   0|    9|          0|
    |add_ln58_68120_reg_8478                   |   8|   0|    8|          0|
    |add_ln58_68123_reg_8973                   |  10|   0|   10|          0|
    |add_ln58_68126_reg_8483                   |   7|   0|    7|          0|
    |add_ln58_68128_reg_8978                   |   9|   0|    9|          0|
    |add_ln58_68130_reg_8488                   |   7|   0|    7|          0|
    |add_ln58_68131_reg_8493                   |   7|   0|    7|          0|
    |add_ln58_68133_reg_8983                   |   9|   0|    9|          0|
    |add_ln58_68136_reg_8988                   |  10|   0|   10|          0|
    |add_ln58_68139_reg_8993                   |   9|   0|    9|          0|
    |add_ln58_68142_reg_8998                   |   9|   0|    9|          0|
    |add_ln58_68144_reg_9003                   |   9|   0|    9|          0|
    |add_ln58_68147_reg_8498                   |   8|   0|    8|          0|
    |add_ln58_68149_reg_8503                   |   8|   0|    8|          0|
    |add_ln58_68151_reg_9008                   |  10|   0|   10|          0|
    |add_ln58_68152_reg_8508                   |   7|   0|    7|          0|
    |add_ln58_68154_reg_8513                   |   7|   0|    7|          0|
    |add_ln58_68155_reg_8518                   |   7|   0|    7|          0|
    |add_ln58_68157_reg_9013                   |   9|   0|    9|          0|
    |add_ln58_68161_reg_9018                   |   9|   0|    9|          0|
    |add_ln58_68164_reg_9023                   |   9|   0|    9|          0|
    |add_ln58_68168_reg_9028                   |   9|   0|    9|          0|
    |add_ln58_68169_reg_8523                   |   8|   0|    8|          0|
    |add_ln58_68171_reg_9033                   |  10|   0|   10|          0|
    |add_ln58_68174_reg_8529                   |   7|   0|    7|          0|
    |add_ln58_68176_reg_8534                   |   7|   0|    7|          0|
    |add_ln58_68178_reg_9038                   |   9|   0|    9|          0|
    |add_ln58_68179_reg_8539                   |   7|   0|    7|          0|
    |add_ln58_68181_reg_8544                   |   7|   0|    7|          0|
    |add_ln58_68182_reg_8549                   |   7|   0|    7|          0|
    |add_ln58_68184_reg_9043                   |   9|   0|    9|          0|
    |add_ln58_68189_reg_9048                   |   9|   0|    9|          0|
    |add_ln58_68192_reg_9053                   |   9|   0|    9|          0|
    |add_ln58_68193_reg_8554                   |   8|   0|    8|          0|
    |add_ln58_68197_reg_8559                   |   8|   0|    8|          0|
    |add_ln58_68199_reg_8564                   |   7|   0|    7|          0|
    |add_ln58_68201_reg_9063                   |   9|   0|    9|          0|
    |add_ln58_68202_reg_8569                   |   7|   0|    7|          0|
    |add_ln58_68204_reg_8574                   |   7|   0|    7|          0|
    |add_ln58_68206_reg_9068                   |   9|   0|    9|          0|
    |add_ln58_68209_reg_8579                   |   7|   0|    7|          0|
    |add_ln58_68211_reg_9073                   |  10|   0|   10|          0|
    |add_ln58_68213_reg_9078                   |   9|   0|    9|          0|
    |add_ln58_68215_reg_9083                   |   9|   0|    9|          0|
    |add_ln58_68216_reg_9088                   |   9|   0|    9|          0|
    |add_ln58_68219_reg_8584                   |   7|   0|    7|          0|
    |add_ln58_68222_reg_9093                   |   9|   0|    9|          0|
    |add_ln58_68224_reg_8589                   |   8|   0|    8|          0|
    |add_ln58_68225_reg_8594                   |   7|   0|    7|          0|
    |add_ln58_68226_reg_8599                   |   7|   0|    7|          0|
    |add_ln58_68228_reg_9098                   |   9|   0|    9|          0|
    |add_ln58_68231_reg_9103                   |  10|   0|   10|          0|
    |add_ln58_68233_reg_9108                   |   9|   0|    9|          0|
    |add_ln58_68236_reg_9113                   |   9|   0|    9|          0|
    |add_ln58_68239_reg_8604                   |   8|   0|    8|          0|
    |add_ln58_68242_reg_9118                   |  10|   0|   10|          0|
    |add_ln58_68245_reg_8609                   |   8|   0|    8|          0|
    |add_ln58_68247_reg_9123                   |   9|   0|    9|          0|
    |add_ln58_68251_reg_9128                   |  10|   0|   10|          0|
    |add_ln58_68254_reg_9133                   |   9|   0|    9|          0|
    |add_ln58_68256_reg_9138                   |   9|   0|    9|          0|
    |add_ln58_68259_reg_8614                   |   7|   0|    7|          0|
    |add_ln58_68261_reg_9143                   |  10|   0|   10|          0|
    |add_ln58_68263_reg_8619                   |   7|   0|    7|          0|
    |add_ln58_68265_reg_9148                   |   9|   0|    9|          0|
    |add_ln58_68269_reg_9153                   |  10|   0|   10|          0|
    |add_ln58_68272_reg_9158                   |   9|   0|    9|          0|
    |add_ln58_68275_reg_9163                   |   9|   0|    9|          0|
    |add_ln58_68278_reg_9168                   |   9|   0|    9|          0|
    |add_ln58_68281_reg_8624                   |   7|   0|    7|          0|
    |add_ln58_68284_reg_9173                   |   9|   0|    9|          0|
    |add_ln58_68285_reg_8629                   |   7|   0|    7|          0|
    |add_ln58_68287_reg_9178                   |   9|   0|    9|          0|
    |add_ln58_68290_reg_9183                   |  10|   0|   10|          0|
    |add_ln58_68292_reg_9188                   |   9|   0|    9|          0|
    |add_ln58_68295_reg_9193                   |   9|   0|    9|          0|
    |add_ln58_68296_reg_9198                   |   9|   0|    9|          0|
    |add_ln58_68299_reg_8634                   |   7|   0|    7|          0|
    |add_ln58_68301_reg_8639                   |   7|   0|    7|          0|
    |add_ln58_68303_reg_9203                   |   9|   0|    9|          0|
    |add_ln58_68304_reg_8644                   |   7|   0|    7|          0|
    |add_ln58_68306_reg_9208                   |   9|   0|    9|          0|
    |add_ln58_68309_reg_9213                   |  10|   0|   10|          0|
    |add_ln58_68311_reg_9218                   |   9|   0|    9|          0|
    |add_ln58_68313_reg_9223                   |   9|   0|    9|          0|
    |add_ln58_68316_reg_9228                   |   9|   0|    9|          0|
    |add_ln58_68319_reg_8649                   |   7|   0|    7|          0|
    |add_ln58_68321_reg_8654                   |   7|   0|    7|          0|
    |add_ln58_68323_reg_9233                   |   9|   0|    9|          0|
    |add_ln58_68324_reg_8659                   |   7|   0|    7|          0|
    |add_ln58_68326_reg_8664                   |   7|   0|    7|          0|
    |add_ln58_68328_reg_9238                   |   9|   0|    9|          0|
    |add_ln58_68331_reg_9243                   |  10|   0|   10|          0|
    |add_ln58_68333_reg_9248                   |   9|   0|    9|          0|
    |add_ln58_68336_reg_9253                   |   9|   0|    9|          0|
    |add_ln58_68337_reg_9258                   |   9|   0|    9|          0|
    |add_ln58_68341_reg_9263                   |   9|   0|    9|          0|
    |add_ln58_68343_reg_8669                   |   8|   0|    8|          0|
    |add_ln58_68343_reg_8669_pp0_iter3_reg     |   8|   0|    8|          0|
    |add_ln58_68345_reg_8674                   |   7|   0|    7|          0|
    |add_ln58_68347_reg_9268                   |   9|   0|    9|          0|
    |add_ln58_68351_reg_9273                   |  10|   0|   10|          0|
    |add_ln58_68353_reg_9278                   |   9|   0|    9|          0|
    |add_ln58_68355_reg_9283                   |   9|   0|    9|          0|
    |add_ln58_68359_reg_8679                   |   7|   0|    7|          0|
    |add_ln58_68361_reg_9288                   |   9|   0|    9|          0|
    |add_ln58_68363_reg_8684                   |   7|   0|    7|          0|
    |add_ln58_68365_reg_9293                   |   9|   0|    9|          0|
    |add_ln58_68368_reg_9298                   |  10|   0|   10|          0|
    |add_ln58_68371_reg_9303                   |   9|   0|    9|          0|
    |add_ln58_68373_reg_8689                   |   7|   0|    7|          0|
    |add_ln58_68375_reg_9308                   |  10|   0|   10|          0|
    |add_ln58_68377_reg_8694                   |   7|   0|    7|          0|
    |add_ln58_68379_reg_9313                   |   9|   0|    9|          0|
    |add_ln58_68380_reg_8699                   |   7|   0|    7|          0|
    |add_ln58_68383_reg_9318                   |   9|   0|    9|          0|
    |add_ln58_68386_reg_8704                   |   9|   0|    9|          0|
    |add_ln58_68387_reg_9323                   |  10|   0|   10|          0|
    |add_ln58_68388_reg_9328                   |   9|   0|    9|          0|
    |add_ln58_68390_reg_9333                   |   9|   0|    9|          0|
    |add_ln58_68392_reg_9338                   |   9|   0|    9|          0|
    |add_ln58_68396_reg_8709                   |   7|   0|    7|          0|
    |add_ln58_68397_reg_8714                   |   7|   0|    7|          0|
    |add_ln58_68399_reg_9343                   |   9|   0|    9|          0|
    |add_ln58_68400_reg_8719                   |   7|   0|    7|          0|
    |add_ln58_68402_reg_8724                   |   7|   0|    7|          0|
    |add_ln58_68404_reg_9348                   |   9|   0|    9|          0|
    |add_ln58_68407_reg_9353                   |   8|   0|    8|          0|
    |add_ln58_68409_reg_9358                   |   9|   0|    9|          0|
    |add_ln58_68412_reg_9363                   |   9|   0|    9|          0|
    |add_ln58_68414_reg_9368                   |   9|   0|    9|          0|
    |add_ln58_68417_reg_9373                   |   9|   0|    9|          0|
    |add_ln58_68418_reg_9378                   |   8|   0|    8|          0|
    |add_ln58_68420_reg_8729                   |   7|   0|    7|          0|
    |add_ln58_68423_reg_9383                   |   9|   0|    9|          0|
    |add_ln58_68427_reg_9388                   |  10|   0|   10|          0|
    |add_ln58_68429_reg_9393                   |   9|   0|    9|          0|
    |add_ln58_68431_reg_9398                   |   9|   0|    9|          0|
    |add_ln58_68432_reg_9403                   |   9|   0|    9|          0|
    |add_ln58_68437_reg_9408                   |   9|   0|    9|          0|
    |add_ln58_68439_reg_9413                   |   9|   0|    9|          0|
    |add_ln58_68442_reg_9418                   |   9|   0|    9|          0|
    |add_ln58_68443_reg_9423                   |   9|   0|    9|          0|
    |add_ln58_68445_reg_9428                   |   9|   0|    9|          0|
    |add_ln58_68448_reg_8734                   |   7|   0|    7|          0|
    |add_ln58_68450_reg_8740                   |   7|   0|    7|          0|
    |add_ln58_68451_reg_8746                   |   7|   0|    7|          0|
    |add_ln58_68453_reg_9433                   |  10|   0|   10|          0|
    |add_ln58_68456_reg_9438                   |   9|   0|    9|          0|
    |add_ln58_68459_reg_9443                   |  10|   0|   10|          0|
    |add_ln58_68460_reg_9448                   |   9|   0|    9|          0|
    |add_ln58_68463_reg_9453                   |   9|   0|    9|          0|
    |add_ln58_68465_reg_9458                   |   9|   0|    9|          0|
    |add_ln58_68468_reg_8751                   |   8|   0|    8|          0|
    |add_ln58_68470_reg_8756                   |   7|   0|    7|          0|
    |add_ln58_68472_reg_9463                   |  10|   0|   10|          0|
    |add_ln58_68473_reg_8761                   |   7|   0|    7|          0|
    |add_ln58_68476_reg_9468                   |   9|   0|    9|          0|
    |add_ln58_68479_reg_9473                   |  10|   0|   10|          0|
    |add_ln58_68480_reg_9478                   |   9|   0|    9|          0|
    |add_ln58_68483_reg_9483                   |   9|   0|    9|          0|
    |add_ln58_68484_reg_8766                   |   7|   0|    7|          0|
    |add_ln58_68485_reg_9488                   |   9|   0|    9|          0|
    |add_ln58_68490_reg_9493                   |   9|   0|    9|          0|
    |add_ln58_68493_reg_9498                   |   9|   0|    9|          0|
    |add_ln58_68496_reg_9503                   |  10|   0|   10|          0|
    |add_ln58_68499_reg_9508                   |   9|   0|    9|          0|
    |add_ln58_68501_reg_9513                   |   9|   0|    9|          0|
    |add_ln58_68504_reg_8771                   |   8|   0|    8|          0|
    |add_ln58_68506_reg_9518                   |  10|   0|   10|          0|
    |add_ln58_68508_reg_8776                   |   7|   0|    7|          0|
    |add_ln58_68510_reg_9523                   |   9|   0|    9|          0|
    |add_ln58_68514_reg_9528                   |   9|   0|    9|          0|
    |add_ln58_68515_reg_9533                   |   9|   0|    9|          0|
    |add_ln58_68518_reg_9538                   |   9|   0|    9|          0|
    |add_ln58_68519_reg_9543                   |   9|   0|    9|          0|
    |add_ln58_68524_reg_9548                   |   9|   0|    9|          0|
    |add_ln58_68526_reg_9553                   |   9|   0|    9|          0|
    |add_ln58_68530_reg_9558                   |  10|   0|   10|          0|
    |add_ln58_68532_reg_9563                   |   9|   0|    9|          0|
    |add_ln58_68534_reg_9568                   |   9|   0|    9|          0|
    |add_ln58_68536_reg_8781                   |   8|   0|    8|          0|
    |add_ln58_68537_reg_9573                   |   9|   0|    9|          0|
    |add_ln58_68541_reg_8786                   |   7|   0|    7|          0|
    |add_ln58_68543_reg_9578                   |   9|   0|    9|          0|
    |add_ln58_68546_reg_9583                   |   9|   0|    9|          0|
    |add_ln58_68550_reg_9588                   |  10|   0|   10|          0|
    |add_ln58_68551_reg_9593                   |   9|   0|    9|          0|
    |add_ln58_68554_reg_9598                   |   9|   0|    9|          0|
    |add_ln58_68555_reg_9603                   |   9|   0|    9|          0|
    |add_ln58_68559_reg_9608                   |  10|   0|   10|          0|
    |add_ln58_68561_reg_8791                   |   7|   0|    7|          0|
    |add_ln58_68563_reg_9613                   |   9|   0|    9|          0|
    |add_ln58_68567_reg_9618                   |  10|   0|   10|          0|
    |add_ln58_68569_reg_9623                   |   9|   0|    9|          0|
    |add_ln58_68570_reg_9628                   |   9|   0|    9|          0|
    |add_ln58_68573_reg_9633                   |   8|   0|    8|          0|
    |add_ln58_68577_reg_9638                   |   9|   0|    9|          0|
    |add_ln58_68581_reg_9643                   |  10|   0|   10|          0|
    |add_ln58_68582_reg_9648                   |   9|   0|    9|          0|
    |add_ln58_68584_reg_9653                   |   9|   0|    9|          0|
    |add_ln58_68586_reg_9658                   |   9|   0|    9|          0|
    |add_ln58_68591_reg_9663                   |  10|   0|   10|          0|
    |add_ln58_68593_reg_8796                   |   7|   0|    7|          0|
    |add_ln58_68595_reg_9668                   |   9|   0|    9|          0|
    |add_ln58_68600_reg_9673                   |   9|   0|    9|          0|
    |add_ln58_68603_reg_9678                   |   9|   0|    9|          0|
    |add_ln58_68606_reg_8801                   |   7|   0|    7|          0|
    |add_ln58_68608_reg_9683                   |   9|   0|    9|          0|
    |add_ln58_68611_reg_9688                   |   9|   0|    9|          0|
    |add_ln58_68614_reg_9693                   |   9|   0|    9|          0|
    |add_ln58_68616_reg_9698                   |   9|   0|    9|          0|
    |add_ln58_68618_reg_9703                   |   9|   0|    9|          0|
    |add_ln58_68620_reg_8806                   |   7|   0|    7|          0|
    |add_ln58_68621_reg_9708                   |   9|   0|    9|          0|
    |add_ln58_68625_reg_8811                   |   7|   0|    7|          0|
    |add_ln58_68627_reg_9713                   |   9|   0|    9|          0|
    |add_ln58_68630_reg_9718                   |   9|   0|    9|          0|
    |add_ln58_68633_reg_9723                   |  10|   0|   10|          0|
    |add_ln58_68635_reg_9728                   |   9|   0|    9|          0|
    |add_ln58_68636_reg_9733                   |   9|   0|    9|          0|
    |add_ln58_68640_reg_9738                   |  10|   0|   10|          0|
    |add_ln58_68642_reg_8816                   |   7|   0|    7|          0|
    |add_ln58_68644_reg_9743                   |   9|   0|    9|          0|
    |add_ln58_reg_7955                         |   8|   0|    8|          0|
    |data_128_val_int_reg                      |   6|   0|    6|          0|
    |data_128_val_read_reg_7908                |   6|   0|    6|          0|
    |data_129_val_int_reg                      |   6|   0|    6|          0|
    |data_129_val_read_reg_7902                |   6|   0|    6|          0|
    |data_130_val_int_reg                      |   6|   0|    6|          0|
    |data_130_val_read_reg_7894                |   6|   0|    6|          0|
    |data_130_val_read_reg_7894_pp0_iter1_reg  |   6|   0|    6|          0|
    |data_131_val_int_reg                      |   6|   0|    6|          0|
    |data_131_val_read_reg_7886                |   6|   0|    6|          0|
    |data_131_val_read_reg_7886_pp0_iter1_reg  |   6|   0|    6|          0|
    |data_132_val_int_reg                      |   6|   0|    6|          0|
    |data_132_val_read_reg_7878                |   6|   0|    6|          0|
    |data_132_val_read_reg_7878_pp0_iter1_reg  |   6|   0|    6|          0|
    |data_133_val_int_reg                      |   6|   0|    6|          0|
    |data_133_val_read_reg_7870                |   6|   0|    6|          0|
    |data_134_val_int_reg                      |   6|   0|    6|          0|
    |data_134_val_read_reg_7863                |   6|   0|    6|          0|
    |data_134_val_read_reg_7863_pp0_iter1_reg  |   6|   0|    6|          0|
    |data_135_val_int_reg                      |   6|   0|    6|          0|
    |data_135_val_read_reg_7856                |   6|   0|    6|          0|
    |data_135_val_read_reg_7856_pp0_iter1_reg  |   6|   0|    6|          0|
    |data_136_val_int_reg                      |   6|   0|    6|          0|
    |data_136_val_read_reg_7849                |   6|   0|    6|          0|
    |data_137_val_int_reg                      |   6|   0|    6|          0|
    |data_137_val_read_reg_7842                |   6|   0|    6|          0|
    |data_137_val_read_reg_7842_pp0_iter1_reg  |   6|   0|    6|          0|
    |data_138_val_int_reg                      |   6|   0|    6|          0|
    |data_138_val_read_reg_7835                |   6|   0|    6|          0|
    |data_138_val_read_reg_7835_pp0_iter1_reg  |   6|   0|    6|          0|
    |data_139_val_int_reg                      |   6|   0|    6|          0|
    |data_139_val_read_reg_7828                |   6|   0|    6|          0|
    |data_139_val_read_reg_7828_pp0_iter1_reg  |   6|   0|    6|          0|
    |data_140_val_int_reg                      |   6|   0|    6|          0|
    |data_140_val_read_reg_7821                |   6|   0|    6|          0|
    |data_141_val_int_reg                      |   6|   0|    6|          0|
    |data_141_val_read_reg_7814                |   6|   0|    6|          0|
    |data_142_val_int_reg                      |   6|   0|    6|          0|
    |data_142_val_read_reg_7807                |   6|   0|    6|          0|
    |data_143_val_int_reg                      |   6|   0|    6|          0|
    |data_143_val_read_reg_7800                |   6|   0|    6|          0|
    |data_144_val_int_reg                      |   6|   0|    6|          0|
    |data_144_val_read_reg_7793                |   6|   0|    6|          0|
    |data_145_val_int_reg                      |   6|   0|    6|          0|
    |data_145_val_read_reg_7786                |   6|   0|    6|          0|
    |data_146_val_int_reg                      |   6|   0|    6|          0|
    |data_146_val_read_reg_7779                |   6|   0|    6|          0|
    |data_147_val_int_reg                      |   6|   0|    6|          0|
    |data_147_val_read_reg_7772                |   6|   0|    6|          0|
    |data_148_val_int_reg                      |   6|   0|    6|          0|
    |data_148_val_read_reg_7765                |   6|   0|    6|          0|
    |data_149_val_int_reg                      |   6|   0|    6|          0|
    |data_149_val_read_reg_7758                |   6|   0|    6|          0|
    |data_150_val_int_reg                      |   6|   0|    6|          0|
    |data_150_val_read_reg_7751                |   6|   0|    6|          0|
    |data_151_val_int_reg                      |   6|   0|    6|          0|
    |data_151_val_read_reg_7744                |   6|   0|    6|          0|
    |data_151_val_read_reg_7744_pp0_iter1_reg  |   6|   0|    6|          0|
    |data_152_val_int_reg                      |   6|   0|    6|          0|
    |data_152_val_read_reg_7737                |   6|   0|    6|          0|
    |data_153_val_int_reg                      |   6|   0|    6|          0|
    |data_153_val_read_reg_7731                |   6|   0|    6|          0|
    |data_153_val_read_reg_7731_pp0_iter1_reg  |   6|   0|    6|          0|
    |data_154_val_int_reg                      |   6|   0|    6|          0|
    |data_154_val_read_reg_7725                |   6|   0|    6|          0|
    |data_154_val_read_reg_7725_pp0_iter1_reg  |   6|   0|    6|          0|
    |data_155_val_int_reg                      |   6|   0|    6|          0|
    |data_155_val_read_reg_7718                |   6|   0|    6|          0|
    |data_156_val_int_reg                      |   6|   0|    6|          0|
    |data_156_val_read_reg_7712                |   6|   0|    6|          0|
    |data_156_val_read_reg_7712_pp0_iter1_reg  |   6|   0|    6|          0|
    |data_157_val_int_reg                      |   6|   0|    6|          0|
    |data_157_val_read_reg_7706                |   6|   0|    6|          0|
    |data_157_val_read_reg_7706_pp0_iter1_reg  |   6|   0|    6|          0|
    |data_158_val_int_reg                      |   6|   0|    6|          0|
    |data_158_val_read_reg_7700                |   6|   0|    6|          0|
    |data_158_val_read_reg_7700_pp0_iter1_reg  |   6|   0|    6|          0|
    |data_159_val_int_reg                      |   6|   0|    6|          0|
    |data_159_val_read_reg_7694                |   6|   0|    6|          0|
    |data_159_val_read_reg_7694_pp0_iter1_reg  |   6|   0|    6|          0|
    |mult_1582_reg_7919                        |   7|   0|    7|          0|
    |mult_1583_reg_7924                        |   7|   0|    7|          0|
    |mult_1584_reg_7935                        |   7|   0|    7|          0|
    |mult_1585_reg_7948                        |   7|   0|    7|          0|
    |mult_1585_reg_7948_pp0_iter2_reg          |   7|   0|    7|          0|
    |mult_1586_reg_8003                        |   7|   0|    7|          0|
    |mult_1588_reg_8033                        |   7|   0|    7|          0|
    |mult_1589_reg_8040                        |   7|   0|    7|          0|
    |mult_1589_reg_8040_pp0_iter3_reg          |   7|   0|    7|          0|
    |mult_1590_reg_8057                        |   7|   0|    7|          0|
    |mult_1591_reg_8063                        |   7|   0|    7|          0|
    |mult_1591_reg_8063_pp0_iter3_reg          |   7|   0|    7|          0|
    |mult_1592_reg_8084                        |   7|   0|    7|          0|
    |mult_1593_reg_8090                        |   7|   0|    7|          0|
    |mult_1594_reg_8097                        |   7|   0|    7|          0|
    |mult_1594_reg_8097_pp0_iter3_reg          |   7|   0|    7|          0|
    |mult_1595_reg_8104                        |   7|   0|    7|          0|
    |mult_1596_reg_8111                        |   7|   0|    7|          0|
    |mult_1597_reg_8117                        |   7|   0|    7|          0|
    |mult_1598_reg_8123                        |   7|   0|    7|          0|
    |mult_1599_reg_8129                        |   7|   0|    7|          0|
    |mult_1600_reg_8135                        |   7|   0|    7|          0|
    |mult_1601_reg_8141                        |   7|   0|    7|          0|
    |mult_1602_reg_8146                        |   7|   0|    7|          0|
    |mult_1603_reg_8152                        |   7|   0|    7|          0|
    |mult_1604_reg_8158                        |   7|   0|    7|          0|
    |mult_1605_reg_8164                        |   7|   0|    7|          0|
    |mult_1606_reg_8170                        |   7|   0|    7|          0|
    |mult_1607_reg_8186                        |   7|   0|    7|          0|
    |mult_1608_reg_8200                        |   7|   0|    7|          0|
    |mult_1609_reg_8214                        |   7|   0|    7|          0|
    |mult_1610_reg_8226                        |   7|   0|    7|          0|
    |mult_1611_reg_8238                        |   7|   0|    7|          0|
    |mult_1612_reg_8250                        |   7|   0|    7|          0|
    |mult_reg_7914                             |   7|   0|    7|          0|
    |sext_ln17_4395_reg_7929                   |   9|   0|    9|          0|
    |sext_ln17_4398_reg_7987                   |   9|   0|    9|          0|
    |sext_ln17_4400_reg_7941                   |   8|   0|    8|          0|
    |sext_ln17_4400_reg_7941_pp0_iter2_reg     |   8|   0|    8|          0|
    |sext_ln17_4403_reg_7993                   |  10|   0|   10|          0|
    |sext_ln17_4404_reg_7998                   |   8|   0|    8|          0|
    |sext_ln17_4407_reg_8008                   |   8|   0|    8|          0|
    |sext_ln17_4410_reg_8013                   |  10|   0|   10|          0|
    |sext_ln17_4411_reg_8021                   |   8|   0|    8|          0|
    |sext_ln17_4413_reg_8028                   |   8|   0|    8|          0|
    |sext_ln17_4422_reg_8048                   |   8|   0|    8|          0|
    |sext_ln17_4428_reg_8071                   |   8|   0|    8|          0|
    |sext_ln17_4429_reg_8079                   |   8|   0|    8|          0|
    |sext_ln17_4461_reg_8175                   |   8|   0|    8|          0|
    |sext_ln17_4463_reg_8191                   |   8|   0|    8|          0|
    |sext_ln17_4464_reg_8205                   |   8|   0|    8|          0|
    |sext_ln17_4467_reg_8219                   |   8|   0|    8|          0|
    |sext_ln17_4468_reg_8232                   |   8|   0|    8|          0|
    |sext_ln17_4472_reg_8243                   |   8|   0|    8|          0|
    |sext_ln17_4474_reg_8255                   |   8|   0|    8|          0|
    |sext_ln58_38717_reg_7961                  |   9|   0|    9|          0|
    |sext_ln58_38723_reg_8269                  |   9|   0|    9|          0|
    |sext_ln58_38724_reg_8274                  |  10|   0|   10|          0|
    |sext_ln58_38729_reg_8295                  |  10|   0|   10|          0|
    |sext_ln58_38847_reg_9058                  |  10|   0|   10|          0|
    |data_133_val_read_reg_7870                |  64|  32|    6|          0|
    |data_136_val_read_reg_7849                |  64|  32|    6|          0|
    |data_140_val_read_reg_7821                |  64|  32|    6|          0|
    |data_141_val_read_reg_7814                |  64|  32|    6|          0|
    |data_142_val_read_reg_7807                |  64|  32|    6|          0|
    |data_143_val_read_reg_7800                |  64|  32|    6|          0|
    |data_144_val_read_reg_7793                |  64|  32|    6|          0|
    |data_145_val_read_reg_7786                |  64|  32|    6|          0|
    |data_146_val_read_reg_7779                |  64|  32|    6|          0|
    |data_147_val_read_reg_7772                |  64|  32|    6|          0|
    |data_148_val_read_reg_7765                |  64|  32|    6|          0|
    |data_149_val_read_reg_7758                |  64|  32|    6|          0|
    |data_150_val_read_reg_7751                |  64|  32|    6|          0|
    |data_152_val_read_reg_7737                |  64|  32|    6|          0|
    |data_155_val_read_reg_7718                |  64|  32|    6|          0|
    +------------------------------------------+----+----+-----+-----------+
    |Total                                     |4443| 480| 3573|          0|
    +------------------------------------------+----+----+-----+-----------+



================================================================
== Interface
================================================================
* Summary: 
+--------------+-----+-----+------------+-------------------------------------------------------------------------------------+--------------+
|   RTL Ports  | Dir | Bits|  Protocol  |                                    Source Object                                    |    C Type    |
+--------------+-----+-----+------------+-------------------------------------------------------------------------------------+--------------+
|ap_clk        |   in|    1|  ap_ctrl_hs|  dense_latency<ap_fixed<6, 2, 5, 3, 0>, ap_fixed<11, 7, 4, 0, 0>, config18_dense>.25|  return value|
|ap_rst        |   in|    1|  ap_ctrl_hs|  dense_latency<ap_fixed<6, 2, 5, 3, 0>, ap_fixed<11, 7, 4, 0, 0>, config18_dense>.25|  return value|
|ap_return_0   |  out|   11|  ap_ctrl_hs|  dense_latency<ap_fixed<6, 2, 5, 3, 0>, ap_fixed<11, 7, 4, 0, 0>, config18_dense>.25|  return value|
|ap_return_1   |  out|   11|  ap_ctrl_hs|  dense_latency<ap_fixed<6, 2, 5, 3, 0>, ap_fixed<11, 7, 4, 0, 0>, config18_dense>.25|  return value|
|ap_return_2   |  out|   11|  ap_ctrl_hs|  dense_latency<ap_fixed<6, 2, 5, 3, 0>, ap_fixed<11, 7, 4, 0, 0>, config18_dense>.25|  return value|
|ap_return_3   |  out|   11|  ap_ctrl_hs|  dense_latency<ap_fixed<6, 2, 5, 3, 0>, ap_fixed<11, 7, 4, 0, 0>, config18_dense>.25|  return value|
|ap_return_4   |  out|   11|  ap_ctrl_hs|  dense_latency<ap_fixed<6, 2, 5, 3, 0>, ap_fixed<11, 7, 4, 0, 0>, config18_dense>.25|  return value|
|ap_return_5   |  out|   11|  ap_ctrl_hs|  dense_latency<ap_fixed<6, 2, 5, 3, 0>, ap_fixed<11, 7, 4, 0, 0>, config18_dense>.25|  return value|
|ap_return_6   |  out|   11|  ap_ctrl_hs|  dense_latency<ap_fixed<6, 2, 5, 3, 0>, ap_fixed<11, 7, 4, 0, 0>, config18_dense>.25|  return value|
|ap_return_7   |  out|   11|  ap_ctrl_hs|  dense_latency<ap_fixed<6, 2, 5, 3, 0>, ap_fixed<11, 7, 4, 0, 0>, config18_dense>.25|  return value|
|ap_return_8   |  out|   11|  ap_ctrl_hs|  dense_latency<ap_fixed<6, 2, 5, 3, 0>, ap_fixed<11, 7, 4, 0, 0>, config18_dense>.25|  return value|
|ap_return_9   |  out|   11|  ap_ctrl_hs|  dense_latency<ap_fixed<6, 2, 5, 3, 0>, ap_fixed<11, 7, 4, 0, 0>, config18_dense>.25|  return value|
|ap_return_10  |  out|   11|  ap_ctrl_hs|  dense_latency<ap_fixed<6, 2, 5, 3, 0>, ap_fixed<11, 7, 4, 0, 0>, config18_dense>.25|  return value|
|ap_return_11  |  out|   11|  ap_ctrl_hs|  dense_latency<ap_fixed<6, 2, 5, 3, 0>, ap_fixed<11, 7, 4, 0, 0>, config18_dense>.25|  return value|
|ap_return_12  |  out|   11|  ap_ctrl_hs|  dense_latency<ap_fixed<6, 2, 5, 3, 0>, ap_fixed<11, 7, 4, 0, 0>, config18_dense>.25|  return value|
|ap_return_13  |  out|   11|  ap_ctrl_hs|  dense_latency<ap_fixed<6, 2, 5, 3, 0>, ap_fixed<11, 7, 4, 0, 0>, config18_dense>.25|  return value|
|ap_return_14  |  out|   11|  ap_ctrl_hs|  dense_latency<ap_fixed<6, 2, 5, 3, 0>, ap_fixed<11, 7, 4, 0, 0>, config18_dense>.25|  return value|
|ap_return_15  |  out|   11|  ap_ctrl_hs|  dense_latency<ap_fixed<6, 2, 5, 3, 0>, ap_fixed<11, 7, 4, 0, 0>, config18_dense>.25|  return value|
|ap_return_16  |  out|   11|  ap_ctrl_hs|  dense_latency<ap_fixed<6, 2, 5, 3, 0>, ap_fixed<11, 7, 4, 0, 0>, config18_dense>.25|  return value|
|ap_return_17  |  out|   11|  ap_ctrl_hs|  dense_latency<ap_fixed<6, 2, 5, 3, 0>, ap_fixed<11, 7, 4, 0, 0>, config18_dense>.25|  return value|
|ap_return_18  |  out|   11|  ap_ctrl_hs|  dense_latency<ap_fixed<6, 2, 5, 3, 0>, ap_fixed<11, 7, 4, 0, 0>, config18_dense>.25|  return value|
|ap_return_19  |  out|   11|  ap_ctrl_hs|  dense_latency<ap_fixed<6, 2, 5, 3, 0>, ap_fixed<11, 7, 4, 0, 0>, config18_dense>.25|  return value|
|ap_return_20  |  out|   11|  ap_ctrl_hs|  dense_latency<ap_fixed<6, 2, 5, 3, 0>, ap_fixed<11, 7, 4, 0, 0>, config18_dense>.25|  return value|
|ap_return_21  |  out|   11|  ap_ctrl_hs|  dense_latency<ap_fixed<6, 2, 5, 3, 0>, ap_fixed<11, 7, 4, 0, 0>, config18_dense>.25|  return value|
|ap_return_22  |  out|   11|  ap_ctrl_hs|  dense_latency<ap_fixed<6, 2, 5, 3, 0>, ap_fixed<11, 7, 4, 0, 0>, config18_dense>.25|  return value|
|ap_return_23  |  out|   11|  ap_ctrl_hs|  dense_latency<ap_fixed<6, 2, 5, 3, 0>, ap_fixed<11, 7, 4, 0, 0>, config18_dense>.25|  return value|
|ap_return_24  |  out|   11|  ap_ctrl_hs|  dense_latency<ap_fixed<6, 2, 5, 3, 0>, ap_fixed<11, 7, 4, 0, 0>, config18_dense>.25|  return value|
|ap_return_25  |  out|   11|  ap_ctrl_hs|  dense_latency<ap_fixed<6, 2, 5, 3, 0>, ap_fixed<11, 7, 4, 0, 0>, config18_dense>.25|  return value|
|ap_return_26  |  out|   11|  ap_ctrl_hs|  dense_latency<ap_fixed<6, 2, 5, 3, 0>, ap_fixed<11, 7, 4, 0, 0>, config18_dense>.25|  return value|
|ap_return_27  |  out|   11|  ap_ctrl_hs|  dense_latency<ap_fixed<6, 2, 5, 3, 0>, ap_fixed<11, 7, 4, 0, 0>, config18_dense>.25|  return value|
|ap_return_28  |  out|   11|  ap_ctrl_hs|  dense_latency<ap_fixed<6, 2, 5, 3, 0>, ap_fixed<11, 7, 4, 0, 0>, config18_dense>.25|  return value|
|ap_return_29  |  out|   11|  ap_ctrl_hs|  dense_latency<ap_fixed<6, 2, 5, 3, 0>, ap_fixed<11, 7, 4, 0, 0>, config18_dense>.25|  return value|
|ap_return_30  |  out|   11|  ap_ctrl_hs|  dense_latency<ap_fixed<6, 2, 5, 3, 0>, ap_fixed<11, 7, 4, 0, 0>, config18_dense>.25|  return value|
|ap_return_31  |  out|   11|  ap_ctrl_hs|  dense_latency<ap_fixed<6, 2, 5, 3, 0>, ap_fixed<11, 7, 4, 0, 0>, config18_dense>.25|  return value|
|ap_ce         |   in|    1|  ap_ctrl_hs|  dense_latency<ap_fixed<6, 2, 5, 3, 0>, ap_fixed<11, 7, 4, 0, 0>, config18_dense>.25|  return value|
|data_128_val  |   in|    6|     ap_none|                                                                         data_128_val|        scalar|
|data_129_val  |   in|    6|     ap_none|                                                                         data_129_val|        scalar|
|data_130_val  |   in|    6|     ap_none|                                                                         data_130_val|        scalar|
|data_131_val  |   in|    6|     ap_none|                                                                         data_131_val|        scalar|
|data_132_val  |   in|    6|     ap_none|                                                                         data_132_val|        scalar|
|data_133_val  |   in|    6|     ap_none|                                                                         data_133_val|        scalar|
|data_134_val  |   in|    6|     ap_none|                                                                         data_134_val|        scalar|
|data_135_val  |   in|    6|     ap_none|                                                                         data_135_val|        scalar|
|data_136_val  |   in|    6|     ap_none|                                                                         data_136_val|        scalar|
|data_137_val  |   in|    6|     ap_none|                                                                         data_137_val|        scalar|
|data_138_val  |   in|    6|     ap_none|                                                                         data_138_val|        scalar|
|data_139_val  |   in|    6|     ap_none|                                                                         data_139_val|        scalar|
|data_140_val  |   in|    6|     ap_none|                                                                         data_140_val|        scalar|
|data_141_val  |   in|    6|     ap_none|                                                                         data_141_val|        scalar|
|data_142_val  |   in|    6|     ap_none|                                                                         data_142_val|        scalar|
|data_143_val  |   in|    6|     ap_none|                                                                         data_143_val|        scalar|
|data_144_val  |   in|    6|     ap_none|                                                                         data_144_val|        scalar|
|data_145_val  |   in|    6|     ap_none|                                                                         data_145_val|        scalar|
|data_146_val  |   in|    6|     ap_none|                                                                         data_146_val|        scalar|
|data_147_val  |   in|    6|     ap_none|                                                                         data_147_val|        scalar|
|data_148_val  |   in|    6|     ap_none|                                                                         data_148_val|        scalar|
|data_149_val  |   in|    6|     ap_none|                                                                         data_149_val|        scalar|
|data_150_val  |   in|    6|     ap_none|                                                                         data_150_val|        scalar|
|data_151_val  |   in|    6|     ap_none|                                                                         data_151_val|        scalar|
|data_152_val  |   in|    6|     ap_none|                                                                         data_152_val|        scalar|
|data_153_val  |   in|    6|     ap_none|                                                                         data_153_val|        scalar|
|data_154_val  |   in|    6|     ap_none|                                                                         data_154_val|        scalar|
|data_155_val  |   in|    6|     ap_none|                                                                         data_155_val|        scalar|
|data_156_val  |   in|    6|     ap_none|                                                                         data_156_val|        scalar|
|data_157_val  |   in|    6|     ap_none|                                                                         data_157_val|        scalar|
|data_158_val  |   in|    6|     ap_none|                                                                         data_158_val|        scalar|
|data_159_val  |   in|    6|     ap_none|                                                                         data_159_val|        scalar|
+--------------+-----+-----+------------+-------------------------------------------------------------------------------------+--------------+

