

================================================================
== Vitis HLS Report for 'dense_latency_ap_fixed_6_2_5_3_0_ap_fixed_11_7_4_0_0_config31_dense_37'
================================================================
* Date:           Thu Aug 13 16:14:48 2026

* Version:        2023.2 (Build 4023990 on Oct 11 2023)
* Project:        myproject_prj
* Solution:       solution1 (Vivado IP Flow Target)
* Product family: virtexuplus
* Target device:  xcvu13p-flga2577-2-e


================================================================
== Performance Estimates
================================================================
+ Timing: 
    * Summary: 
    +--------+---------+----------+------------+
    |  Clock |  Target | Estimated| Uncertainty|
    +--------+---------+----------+------------+
    |ap_clk  |  2.50 ns|  1.656 ns|     0.68 ns|
    +--------+---------+----------+------------+

+ Latency: 
    * Summary: 
    +---------+---------+----------+----------+-----+-----+---------+
    |  Latency (cycles) |  Latency (absolute) |  Interval | Pipeline|
    |   min   |   max   |    min   |    max   | min | max |   Type  |
    +---------+---------+----------+----------+-----+-----+---------+
    |        3|        3|  7.500 ns|  7.500 ns|    1|    1|      yes|
    +---------+---------+----------+----------+-----+-----+---------+

    + Detail: 
        * Instance: 
        N/A

        * Loop: 
        N/A



================================================================
== Utilization Estimates
================================================================
* Summary: 
+---------------------+---------+-------+---------+---------+------+
|         Name        | BRAM_18K|  DSP  |    FF   |   LUT   | URAM |
+---------------------+---------+-------+---------+---------+------+
|DSP                  |        -|      -|        -|        -|     -|
|Expression           |        -|      -|        0|    18667|     -|
|FIFO                 |        -|      -|        -|        -|     -|
|Instance             |        -|      -|        -|        -|     -|
|Memory               |        -|      -|        -|        -|     -|
|Multiplexer          |        -|      -|        -|        -|     -|
|Register             |        -|      -|     4826|        -|     -|
+---------------------+---------+-------+---------+---------+------+
|Total                |        0|      0|     4826|    18667|     0|
+---------------------+---------+-------+---------+---------+------+
|Available SLR        |     1344|   3072|   864000|   432000|   320|
+---------------------+---------+-------+---------+---------+------+
|Utilization SLR (%)  |        0|      0|       ~0|        4|     0|
+---------------------+---------+-------+---------+---------+------+
|Available            |     5376|  12288|  3456000|  1728000|  1280|
+---------------------+---------+-------+---------+---------+------+
|Utilization (%)      |        0|      0|       ~0|        1|     0|
+---------------------+---------+-------+---------+---------+------+

+ Detail: 
    * Instance: 
    N/A

    * DSP: 
    N/A

    * Memory: 
    N/A

    * FIFO: 
    N/A

    * Expression: 
    +----------------------------+----------+----+---+-----+------------+------------+
    |        Variable Name       | Operation| DSP| FF| LUT | Bitwidth P0| Bitwidth P1|
    +----------------------------+----------+----+---+-----+------------+------------+
    |add_ln58_62957_fu_348_p2    |         +|   0|  0|   15|           8|           8|
    |add_ln58_62958_fu_366_p2    |         +|   0|  0|   15|           8|           8|
    |add_ln58_62959_fu_372_p2    |         +|   0|  0|   15|           8|           8|
    |add_ln58_62960_fu_659_p2    |         +|   0|  0|   15|           8|           8|
    |add_ln58_62961_fu_671_p2    |         +|   0|  0|   15|           8|           8|
    |add_ln58_62962_fu_676_p2    |         +|   0|  0|   15|           8|           8|
    |add_ln58_62963_fu_685_p2    |         +|   0|  0|   15|           8|           8|
    |add_ln58_62964_fu_697_p2    |         +|   0|  0|   15|           8|           8|
    |add_ln58_62965_fu_702_p2    |         +|   0|  0|   15|           8|           8|
    |add_ln58_62966_fu_708_p2    |         +|   0|  0|   15|           8|           8|
    |add_ln58_62967_fu_713_p2    |         +|   0|  0|   15|           8|           8|
    |add_ln58_62968_fu_735_p2    |         +|   0|  0|   15|           8|           8|
    |add_ln58_62969_fu_750_p2    |         +|   0|  0|   16|           9|           9|
    |add_ln58_62970_fu_1820_p2   |         +|   0|  0|   16|           9|           9|
    |add_ln58_62971_fu_1828_p2   |         +|   0|  0|   16|           9|           9|
    |add_ln58_62972_fu_756_p2    |         +|   0|  0|   16|           9|           9|
    |add_ln58_62973_fu_1832_p2   |         +|   0|  0|   16|           9|           9|
    |add_ln58_62974_fu_1837_p2   |         +|   0|  0|   16|           9|           9|
    |add_ln58_62975_fu_768_p2    |         +|   0|  0|   16|           9|           9|
    |add_ln58_62976_fu_1842_p2   |         +|   0|  0|   16|           9|           9|
    |add_ln58_62977_fu_780_p2    |         +|   0|  0|   14|           7|           7|
    |add_ln58_62978_fu_1850_p2   |         +|   0|  0|   16|           9|           9|
    |add_ln58_62979_fu_1856_p2   |         +|   0|  0|   16|           9|           9|
    |add_ln58_62980_fu_797_p2    |         +|   0|  0|   16|           9|           9|
    |add_ln58_62981_fu_1876_p2   |         +|   0|  0|   16|           9|           9|
    |add_ln58_62982_fu_1881_p2   |         +|   0|  0|   16|           9|           9|
    |add_ln58_62983_fu_1886_p2   |         +|   0|  0|   16|           9|           9|
    |add_ln58_62984_fu_394_p2    |         +|   0|  0|   14|           7|           7|
    |add_ln58_62985_fu_827_p2    |         +|   0|  0|   16|           9|           9|
    |add_ln58_62986_fu_841_p2    |         +|   0|  0|   16|           9|           9|
    |add_ln58_62987_fu_847_p2    |         +|   0|  0|   16|           9|           9|
    |add_ln58_62988_fu_1897_p2   |         +|   0|  0|   16|           9|           9|
    |add_ln58_62989_fu_1909_p2   |         +|   0|  0|   16|           9|           9|
    |add_ln58_62990_fu_871_p2    |         +|   0|  0|   16|           9|           9|
    |add_ln58_62991_fu_1914_p2   |         +|   0|  0|   16|           9|           9|
    |add_ln58_62992_fu_877_p2    |         +|   0|  0|   14|           7|           7|
    |add_ln58_62993_fu_1923_p2   |         +|   0|  0|   16|           9|           9|
    |add_ln58_62994_fu_1932_p2   |         +|   0|  0|   16|           9|           9|
    |add_ln58_62995_fu_1947_p2   |         +|   0|  0|   16|           9|           9|
    |add_ln58_62996_fu_1953_p2   |         +|   0|  0|   18|           9|           9|
    |add_ln58_62997_fu_882_p2    |         +|   0|  0|   14|           7|           7|
    |add_ln58_62998_fu_1961_p2   |         +|   0|  0|   18|           9|           9|
    |add_ln58_62999_fu_1971_p2   |         +|   0|  0|   16|           9|           9|
    |add_ln58_63000_fu_1977_p2   |         +|   0|  0|   16|           9|           9|
    |add_ln58_63001_fu_1986_p2   |         +|   0|  0|   16|           9|           9|
    |add_ln58_63002_fu_1992_p2   |         +|   0|  0|   18|           9|           9|
    |add_ln58_63003_fu_2001_p2   |         +|   0|  0|   18|           9|           9|
    |add_ln58_63004_fu_2007_p2   |         +|   0|  0|   16|           9|           9|
    |add_ln58_63005_fu_2016_p2   |         +|   0|  0|   16|           9|           9|
    |add_ln58_63006_fu_2028_p2   |         +|   0|  0|   16|           9|           9|
    |add_ln58_63007_fu_894_p2    |         +|   0|  0|   14|           7|           7|
    |add_ln58_63008_fu_2039_p2   |         +|   0|  0|   15|           8|           8|
    |add_ln58_63009_fu_2049_p2   |         +|   0|  0|   17|          10|          10|
    |add_ln58_63010_fu_2074_p2   |         +|   0|  0|   17|          10|          10|
    |add_ln58_63011_fu_899_p2    |         +|   0|  0|   14|           7|           7|
    |add_ln58_63012_fu_2083_p2   |         +|   0|  0|   17|          10|          10|
    |add_ln58_63013_fu_7505_p2   |         +|   0|  0|   18|          10|          10|
    |add_ln58_63014_fu_2137_p2   |         +|   0|  0|   15|           8|           8|
    |add_ln58_63015_fu_7513_p2   |         +|   0|  0|   18|          10|          10|
    |add_ln58_63016_fu_1007_p2   |         +|   0|  0|   14|           7|           7|
    |add_ln58_63017_fu_2156_p2   |         +|   0|  0|   15|           8|           8|
    |add_ln58_63018_fu_2166_p2   |         +|   0|  0|   16|           9|           9|
    |add_ln58_63019_fu_7526_p2   |         +|   0|  0|   17|          11|          11|
    |add_ln58_63020_fu_1013_p2   |         +|   0|  0|   14|           7|           7|
    |add_ln58_63021_fu_2175_p2   |         +|   0|  0|   15|           8|           8|
    |add_ln58_63022_fu_1019_p2   |         +|   0|  0|   14|           7|           7|
    |add_ln58_63023_fu_2187_p2   |         +|   0|  0|   15|           8|           8|
    |add_ln58_63024_fu_2196_p2   |         +|   0|  0|   16|           9|           9|
    |add_ln58_63025_fu_1025_p2   |         +|   0|  0|   14|           7|           7|
    |add_ln58_63026_fu_2205_p2   |         +|   0|  0|   15|           8|           8|
    |add_ln58_63027_fu_1031_p2   |         +|   0|  0|   14|           7|           7|
    |add_ln58_63028_fu_2217_p2   |         +|   0|  0|   15|           8|           8|
    |add_ln58_63029_fu_2226_p2   |         +|   0|  0|   16|           9|           9|
    |add_ln58_63030_fu_7538_p2   |         +|   0|  0|   17|          10|          10|
    |add_ln58_63031_fu_7548_p2   |         +|   0|  0|   17|          11|          11|
    |add_ln58_63032_fu_7557_p2   |         +|   0|  0|   18|          10|          10|
    |add_ln58_63033_fu_2242_p2   |         +|   0|  0|   15|           8|           8|
    |add_ln58_63034_fu_7565_p2   |         +|   0|  0|   18|          10|          10|
    |add_ln58_63035_fu_2253_p2   |         +|   0|  0|   19|           8|           8|
    |add_ln58_63036_fu_2274_p2   |         +|   0|  0|   16|           9|           9|
    |add_ln58_63037_fu_7578_p2   |         +|   0|  0|   17|          11|          11|
    |add_ln58_63038_fu_1043_p2   |         +|   0|  0|   14|           7|           7|
    |add_ln58_63039_fu_2283_p2   |         +|   0|  0|   15|           8|           8|
    |add_ln58_63040_fu_1049_p2   |         +|   0|  0|   14|           7|           7|
    |add_ln58_63041_fu_2296_p2   |         +|   0|  0|   15|           8|           8|
    |add_ln58_63042_fu_2305_p2   |         +|   0|  0|   16|           9|           9|
    |add_ln58_63043_fu_1055_p2   |         +|   0|  0|   14|           7|           7|
    |add_ln58_63044_fu_2314_p2   |         +|   0|  0|   15|           8|           8|
    |add_ln58_63045_fu_2323_p2   |         +|   0|  0|   15|           8|           8|
    |add_ln58_63046_fu_2332_p2   |         +|   0|  0|   16|           9|           9|
    |add_ln58_63047_fu_7590_p2   |         +|   0|  0|   17|          10|          10|
    |add_ln58_63048_fu_7600_p2   |         +|   0|  0|   17|          11|          11|
    |add_ln58_63049_fu_2342_p2   |         +|   0|  0|   16|           9|           9|
    |add_ln58_63050_fu_2368_p2   |         +|   0|  0|   16|           9|           9|
    |add_ln58_63051_fu_7612_p2   |         +|   0|  0|   17|          10|          10|
    |add_ln58_63052_fu_2374_p2   |         +|   0|  0|   15|           8|           8|
    |add_ln58_63053_fu_2385_p2   |         +|   0|  0|   15|           8|           8|
    |add_ln58_63054_fu_2394_p2   |         +|   0|  0|   16|           9|           9|
    |add_ln58_63055_fu_7625_p2   |         +|   0|  0|   17|          11|          11|
    |add_ln58_63056_fu_1071_p2   |         +|   0|  0|   14|           7|           7|
    |add_ln58_63057_fu_2403_p2   |         +|   0|  0|   15|           8|           8|
    |add_ln58_63058_fu_1077_p2   |         +|   0|  0|   14|           7|           7|
    |add_ln58_63059_fu_1083_p2   |         +|   0|  0|   14|           7|           7|
    |add_ln58_63060_fu_2419_p2   |         +|   0|  0|   15|           8|           8|
    |add_ln58_63061_fu_2429_p2   |         +|   0|  0|   16|           9|           9|
    |add_ln58_63062_fu_1089_p2   |         +|   0|  0|   14|           7|           7|
    |add_ln58_63063_fu_2438_p2   |         +|   0|  0|   15|           8|           8|
    |add_ln58_63064_fu_1095_p2   |         +|   0|  0|   14|           7|           7|
    |add_ln58_63065_fu_1101_p2   |         +|   0|  0|   14|           7|           7|
    |add_ln58_63066_fu_2453_p2   |         +|   0|  0|   15|           8|           8|
    |add_ln58_63067_fu_2463_p2   |         +|   0|  0|   16|           9|           9|
    |add_ln58_63068_fu_7637_p2   |         +|   0|  0|   17|          10|          10|
    |add_ln58_63069_fu_7647_p2   |         +|   0|  0|   17|          11|          11|
    |add_ln58_63070_fu_2469_p2   |         +|   0|  0|   16|           9|           9|
    |add_ln58_63071_fu_2497_p2   |         +|   0|  0|   16|           9|           9|
    |add_ln58_63072_fu_7659_p2   |         +|   0|  0|   17|          10|          10|
    |add_ln58_63073_fu_2503_p2   |         +|   0|  0|   15|           8|           8|
    |add_ln58_63074_fu_2518_p2   |         +|   0|  0|   16|           9|           9|
    |add_ln58_63075_fu_2524_p2   |         +|   0|  0|   16|           9|           9|
    |add_ln58_63076_fu_7672_p2   |         +|   0|  0|   17|          11|          11|
    |add_ln58_63077_fu_1134_p2   |         +|   0|  0|   14|           7|           7|
    |add_ln58_63078_fu_1140_p2   |         +|   0|  0|   14|           7|           7|
    |add_ln58_63079_fu_2548_p2   |         +|   0|  0|   15|           8|           8|
    |add_ln58_63080_fu_2558_p2   |         +|   0|  0|   16|           9|           9|
    |add_ln58_63081_fu_1146_p2   |         +|   0|  0|   14|           7|           7|
    |add_ln58_63082_fu_2567_p2   |         +|   0|  0|   15|           8|           8|
    |add_ln58_63083_fu_1152_p2   |         +|   0|  0|   14|           7|           7|
    |add_ln58_63084_fu_2580_p2   |         +|   0|  0|   15|           8|           8|
    |add_ln58_63085_fu_2590_p2   |         +|   0|  0|   16|           9|           9|
    |add_ln58_63086_fu_7684_p2   |         +|   0|  0|   17|          10|          10|
    |add_ln58_63087_fu_7694_p2   |         +|   0|  0|   17|          11|          11|
    |add_ln58_63088_fu_2596_p2   |         +|   0|  0|   16|           9|           9|
    |add_ln58_63089_fu_2622_p2   |         +|   0|  0|   16|           9|           9|
    |add_ln58_63090_fu_7706_p2   |         +|   0|  0|   17|          10|          10|
    |add_ln58_63091_fu_2628_p2   |         +|   0|  0|   15|           8|           8|
    |add_ln58_63092_fu_2637_p2   |         +|   0|  0|   16|           9|           9|
    |add_ln58_63093_fu_7719_p2   |         +|   0|  0|   17|          11|          11|
    |add_ln58_63094_fu_2643_p2   |         +|   0|  0|   15|           8|           8|
    |add_ln58_63095_fu_1174_p2   |         +|   0|  0|   14|           7|           7|
    |add_ln58_63096_fu_1183_p2   |         +|   0|  0|   14|           7|           7|
    |add_ln58_63097_fu_1193_p2   |         +|   0|  0|   15|           8|           8|
    |add_ln58_63098_fu_2654_p2   |         +|   0|  0|   16|           9|           9|
    |add_ln58_63099_fu_1199_p2   |         +|   0|  0|   14|           7|           7|
    |add_ln58_63100_fu_2663_p2   |         +|   0|  0|   15|           8|           8|
    |add_ln58_63101_fu_1205_p2   |         +|   0|  0|   14|           7|           7|
    |add_ln58_63102_fu_2675_p2   |         +|   0|  0|   15|           8|           8|
    |add_ln58_63103_fu_2685_p2   |         +|   0|  0|   16|           9|           9|
    |add_ln58_63104_fu_7731_p2   |         +|   0|  0|   17|          10|          10|
    |add_ln58_63105_fu_7741_p2   |         +|   0|  0|   17|          11|          11|
    |add_ln58_63106_fu_2691_p2   |         +|   0|  0|   16|           9|           9|
    |add_ln58_63107_fu_2697_p2   |         +|   0|  0|   15|           8|           8|
    |add_ln58_63108_fu_7753_p2   |         +|   0|  0|   17|          10|          10|
    |add_ln58_63109_fu_2703_p2   |         +|   0|  0|   15|           8|           8|
    |add_ln58_63110_fu_2714_p2   |         +|   0|  0|   15|           8|           8|
    |add_ln58_63111_fu_2723_p2   |         +|   0|  0|   16|           9|           9|
    |add_ln58_63112_fu_7766_p2   |         +|   0|  0|   17|          11|          11|
    |add_ln58_63113_fu_2732_p2   |         +|   0|  0|   15|           8|           8|
    |add_ln58_63114_fu_1223_p2   |         +|   0|  0|   14|           7|           7|
    |add_ln58_63115_fu_1229_p2   |         +|   0|  0|   14|           7|           7|
    |add_ln58_63116_fu_2748_p2   |         +|   0|  0|   15|           8|           8|
    |add_ln58_63117_fu_2758_p2   |         +|   0|  0|   16|           9|           9|
    |add_ln58_63118_fu_1235_p2   |         +|   0|  0|   14|           7|           7|
    |add_ln58_63119_fu_2767_p2   |         +|   0|  0|   15|           8|           8|
    |add_ln58_63120_fu_2777_p2   |         +|   0|  0|   16|           9|           9|
    |add_ln58_63121_fu_7778_p2   |         +|   0|  0|   17|          10|          10|
    |add_ln58_63122_fu_7788_p2   |         +|   0|  0|   17|          11|          11|
    |add_ln58_63123_fu_2783_p2   |         +|   0|  0|   16|           9|           9|
    |add_ln58_63124_fu_2789_p2   |         +|   0|  0|   15|           8|           8|
    |add_ln58_63125_fu_7800_p2   |         +|   0|  0|   17|          10|          10|
    |add_ln58_63126_fu_2795_p2   |         +|   0|  0|   15|           8|           8|
    |add_ln58_63127_fu_2816_p2   |         +|   0|  0|   18|           9|           9|
    |add_ln58_63128_fu_2822_p2   |         +|   0|  0|   18|           9|           9|
    |add_ln58_63129_fu_7813_p2   |         +|   0|  0|   17|          11|          11|
    |add_ln58_63130_fu_2840_p2   |         +|   0|  0|   15|           8|           8|
    |add_ln58_63131_fu_2850_p2   |         +|   0|  0|   16|           9|           9|
    |add_ln58_63132_fu_1259_p2   |         +|   0|  0|   14|           7|           7|
    |add_ln58_63133_fu_2859_p2   |         +|   0|  0|   15|           8|           8|
    |add_ln58_63134_fu_1265_p2   |         +|   0|  0|   14|           7|           7|
    |add_ln58_63135_fu_2871_p2   |         +|   0|  0|   15|           8|           8|
    |add_ln58_63136_fu_2881_p2   |         +|   0|  0|   16|           9|           9|
    |add_ln58_63137_fu_7825_p2   |         +|   0|  0|   17|          10|          10|
    |add_ln58_63138_fu_7835_p2   |         +|   0|  0|   17|          11|          11|
    |add_ln58_63139_fu_2897_p2   |         +|   0|  0|   16|           9|           9|
    |add_ln58_63140_fu_2916_p2   |         +|   0|  0|   16|           9|           9|
    |add_ln58_63141_fu_7847_p2   |         +|   0|  0|   17|          10|          10|
    |add_ln58_63142_fu_2927_p2   |         +|   0|  0|   15|           8|           8|
    |add_ln58_63143_fu_2938_p2   |         +|   0|  0|   16|           9|           9|
    |add_ln58_63144_fu_7860_p2   |         +|   0|  0|   16|           9|           9|
    |add_ln58_63145_fu_7869_p2   |         +|   0|  0|   17|          11|          11|
    |add_ln58_63146_fu_1283_p2   |         +|   0|  0|   14|           7|           7|
    |add_ln58_63147_fu_2947_p2   |         +|   0|  0|   15|           8|           8|
    |add_ln58_63148_fu_1289_p2   |         +|   0|  0|   14|           7|           7|
    |add_ln58_63149_fu_1295_p2   |         +|   0|  0|   14|           7|           7|
    |add_ln58_63150_fu_2962_p2   |         +|   0|  0|   15|           8|           8|
    |add_ln58_63151_fu_2972_p2   |         +|   0|  0|   16|           9|           9|
    |add_ln58_63152_fu_2978_p2   |         +|   0|  0|   15|           8|           8|
    |add_ln58_63153_fu_2988_p2   |         +|   0|  0|   16|           9|           9|
    |add_ln58_63154_fu_7881_p2   |         +|   0|  0|   17|          10|          10|
    |add_ln58_63155_fu_7891_p2   |         +|   0|  0|   17|          11|          11|
    |add_ln58_63156_fu_3003_p2   |         +|   0|  0|   16|           9|           9|
    |add_ln58_63157_fu_3029_p2   |         +|   0|  0|   16|           9|           9|
    |add_ln58_63158_fu_7903_p2   |         +|   0|  0|   17|          10|          10|
    |add_ln58_63159_fu_3038_p2   |         +|   0|  0|   18|           9|           9|
    |add_ln58_63160_fu_3047_p2   |         +|   0|  0|   15|           8|           8|
    |add_ln58_63161_fu_3056_p2   |         +|   0|  0|   18|           9|           9|
    |add_ln58_63162_fu_7916_p2   |         +|   0|  0|   17|          11|          11|
    |add_ln58_63163_fu_1306_p2   |         +|   0|  0|   14|           7|           7|
    |add_ln58_63164_fu_3065_p2   |         +|   0|  0|   15|           8|           8|
    |add_ln58_63165_fu_1312_p2   |         +|   0|  0|   14|           7|           7|
    |add_ln58_63166_fu_3077_p2   |         +|   0|  0|   15|           8|           8|
    |add_ln58_63167_fu_3087_p2   |         +|   0|  0|   16|           9|           9|
    |add_ln58_63168_fu_3093_p2   |         +|   0|  0|   15|           8|           8|
    |add_ln58_63169_fu_1318_p2   |         +|   0|  0|   14|           7|           7|
    |add_ln58_63170_fu_3106_p2   |         +|   0|  0|   15|           8|           8|
    |add_ln58_63171_fu_3116_p2   |         +|   0|  0|   16|           9|           9|
    |add_ln58_63172_fu_7928_p2   |         +|   0|  0|   17|          10|          10|
    |add_ln58_63173_fu_7938_p2   |         +|   0|  0|   17|          11|          11|
    |add_ln58_63174_fu_3132_p2   |         +|   0|  0|   18|          10|          10|
    |add_ln58_63175_fu_3138_p2   |         +|   0|  0|   15|           8|           8|
    |add_ln58_63176_fu_3147_p2   |         +|   0|  0|   18|          10|          10|
    |add_ln58_63177_fu_3153_p2   |         +|   0|  0|   15|           8|           8|
    |add_ln58_63178_fu_3161_p2   |         +|   0|  0|   16|           9|           9|
    |add_ln58_63179_fu_7950_p2   |         +|   0|  0|   17|          11|          11|
    |add_ln58_63180_fu_3179_p2   |         +|   0|  0|   15|           8|           8|
    |add_ln58_63181_fu_3189_p2   |         +|   0|  0|   16|           9|           9|
    |add_ln58_63182_fu_1330_p2   |         +|   0|  0|   14|           7|           7|
    |add_ln58_63183_fu_3198_p2   |         +|   0|  0|   15|           8|           8|
    |add_ln58_63184_fu_3208_p2   |         +|   0|  0|   16|           9|           9|
    |add_ln58_63185_fu_7962_p2   |         +|   0|  0|   17|          10|          10|
    |add_ln58_63186_fu_7972_p2   |         +|   0|  0|   17|          11|          11|
    |add_ln58_63187_fu_7981_p2   |         +|   0|  0|   18|          10|          10|
    |add_ln58_63188_fu_3219_p2   |         +|   0|  0|   15|           8|           8|
    |add_ln58_63189_fu_7990_p2   |         +|   0|  0|   18|          10|          10|
    |add_ln58_63190_fu_3225_p2   |         +|   0|  0|   15|           8|           8|
    |add_ln58_63191_fu_3234_p2   |         +|   0|  0|   15|           8|           8|
    |add_ln58_63192_fu_3242_p2   |         +|   0|  0|   16|           9|           9|
    |add_ln58_63193_fu_8003_p2   |         +|   0|  0|   17|          11|          11|
    |add_ln58_63194_fu_3248_p2   |         +|   0|  0|   15|           8|           8|
    |add_ln58_63195_fu_3258_p2   |         +|   0|  0|   15|           8|           8|
    |add_ln58_63196_fu_3268_p2   |         +|   0|  0|   16|           9|           9|
    |add_ln58_63197_fu_1348_p2   |         +|   0|  0|   14|           7|           7|
    |add_ln58_63198_fu_1354_p2   |         +|   0|  0|   14|           7|           7|
    |add_ln58_63199_fu_3280_p2   |         +|   0|  0|   15|           8|           8|
    |add_ln58_63200_fu_3290_p2   |         +|   0|  0|   16|           9|           9|
    |add_ln58_63201_fu_8015_p2   |         +|   0|  0|   17|          10|          10|
    |add_ln58_63202_fu_8025_p2   |         +|   0|  0|   17|          11|          11|
    |add_ln58_63203_fu_3305_p2   |         +|   0|  0|   16|           9|           9|
    |add_ln58_63204_fu_3321_p2   |         +|   0|  0|   16|           9|           9|
    |add_ln58_63205_fu_8037_p2   |         +|   0|  0|   17|          10|          10|
    |add_ln58_63206_fu_3331_p2   |         +|   0|  0|   19|           8|           8|
    |add_ln58_63207_fu_3353_p2   |         +|   0|  0|   18|           9|           9|
    |add_ln58_63208_fu_3359_p2   |         +|   0|  0|   18|           9|           9|
    |add_ln58_63209_fu_8050_p2   |         +|   0|  0|   17|          11|          11|
    |add_ln58_63210_fu_3369_p2   |         +|   0|  0|   19|           8|           8|
    |add_ln58_63211_fu_3381_p2   |         +|   0|  0|   15|           8|           8|
    |add_ln58_63212_fu_3390_p2   |         +|   0|  0|   16|           9|           9|
    |add_ln58_63213_fu_1371_p2   |         +|   0|  0|   14|           7|           7|
    |add_ln58_63214_fu_3399_p2   |         +|   0|  0|   15|           8|           8|
    |add_ln58_63215_fu_1377_p2   |         +|   0|  0|   14|           7|           7|
    |add_ln58_63216_fu_1383_p2   |         +|   0|  0|   14|           7|           7|
    |add_ln58_63217_fu_3415_p2   |         +|   0|  0|   15|           8|           8|
    |add_ln58_63218_fu_3425_p2   |         +|   0|  0|   16|           9|           9|
    |add_ln58_63219_fu_8062_p2   |         +|   0|  0|   17|          10|          10|
    |add_ln58_63220_fu_8072_p2   |         +|   0|  0|   17|          11|          11|
    |add_ln58_63221_fu_3431_p2   |         +|   0|  0|   16|           9|           9|
    |add_ln58_63222_fu_3443_p2   |         +|   0|  0|   15|           8|           8|
    |add_ln58_63223_fu_8084_p2   |         +|   0|  0|   17|          10|          10|
    |add_ln58_63224_fu_3449_p2   |         +|   0|  0|   15|           8|           8|
    |add_ln58_63225_fu_3464_p2   |         +|   0|  0|   16|           9|           9|
    |add_ln58_63226_fu_3470_p2   |         +|   0|  0|   16|           9|           9|
    |add_ln58_63227_fu_8097_p2   |         +|   0|  0|   17|          11|          11|
    |add_ln58_63228_fu_3488_p2   |         +|   0|  0|   15|           8|           8|
    |add_ln58_63229_fu_3498_p2   |         +|   0|  0|   16|           9|           9|
    |add_ln58_63230_fu_1407_p2   |         +|   0|  0|   14|           7|           7|
    |add_ln58_63231_fu_3507_p2   |         +|   0|  0|   15|           8|           8|
    |add_ln58_63232_fu_1413_p2   |         +|   0|  0|   14|           7|           7|
    |add_ln58_63233_fu_3519_p2   |         +|   0|  0|   15|           8|           8|
    |add_ln58_63234_fu_3529_p2   |         +|   0|  0|   16|           9|           9|
    |add_ln58_63235_fu_8109_p2   |         +|   0|  0|   17|          10|          10|
    |add_ln58_63236_fu_8119_p2   |         +|   0|  0|   17|          11|          11|
    |add_ln58_63237_fu_3535_p2   |         +|   0|  0|   16|           9|           9|
    |add_ln58_63238_fu_3541_p2   |         +|   0|  0|   16|           9|           9|
    |add_ln58_63239_fu_8131_p2   |         +|   0|  0|   17|          10|          10|
    |add_ln58_63240_fu_3551_p2   |         +|   0|  0|   19|           8|           8|
    |add_ln58_63241_fu_1425_p2   |         +|   0|  0|   14|           7|           7|
    |add_ln58_63242_fu_3567_p2   |         +|   0|  0|   15|           8|           8|
    |add_ln58_63243_fu_3577_p2   |         +|   0|  0|   16|           9|           9|
    |add_ln58_63244_fu_8144_p2   |         +|   0|  0|   17|          11|          11|
    |add_ln58_63245_fu_3583_p2   |         +|   0|  0|   15|           8|           8|
    |add_ln58_63246_fu_3593_p2   |         +|   0|  0|   15|           8|           8|
    |add_ln58_63247_fu_3603_p2   |         +|   0|  0|   16|           9|           9|
    |add_ln58_63248_fu_1431_p2   |         +|   0|  0|   14|           7|           7|
    |add_ln58_63249_fu_1437_p2   |         +|   0|  0|   14|           7|           7|
    |add_ln58_63250_fu_3615_p2   |         +|   0|  0|   15|           8|           8|
    |add_ln58_63251_fu_3625_p2   |         +|   0|  0|   16|           9|           9|
    |add_ln58_63252_fu_8156_p2   |         +|   0|  0|   17|          10|          10|
    |add_ln58_63253_fu_8166_p2   |         +|   0|  0|   17|          11|          11|
    |add_ln58_63254_fu_3631_p2   |         +|   0|  0|   16|           9|           9|
    |add_ln58_63255_fu_3643_p2   |         +|   0|  0|   15|           8|           8|
    |add_ln58_63256_fu_8178_p2   |         +|   0|  0|   17|          10|          10|
    |add_ln58_63257_fu_3649_p2   |         +|   0|  0|   15|           8|           8|
    |add_ln58_63258_fu_3665_p2   |         +|   0|  0|   18|           9|           9|
    |add_ln58_63259_fu_3671_p2   |         +|   0|  0|   18|           9|           9|
    |add_ln58_63260_fu_8191_p2   |         +|   0|  0|   17|          11|          11|
    |add_ln58_63261_fu_3677_p2   |         +|   0|  0|   15|           8|           8|
    |add_ln58_63262_fu_3687_p2   |         +|   0|  0|   16|           9|           9|
    |add_ln58_63263_fu_1449_p2   |         +|   0|  0|   14|           7|           7|
    |add_ln58_63264_fu_1455_p2   |         +|   0|  0|   14|           7|           7|
    |add_ln58_63265_fu_3699_p2   |         +|   0|  0|   15|           8|           8|
    |add_ln58_63266_fu_3709_p2   |         +|   0|  0|   16|           9|           9|
    |add_ln58_63267_fu_8203_p2   |         +|   0|  0|   17|          10|          10|
    |add_ln58_63268_fu_8213_p2   |         +|   0|  0|   17|          11|          11|
    |add_ln58_63269_fu_3724_p2   |         +|   0|  0|   16|           9|           9|
    |add_ln58_63270_fu_3740_p2   |         +|   0|  0|   16|           9|           9|
    |add_ln58_63271_fu_8225_p2   |         +|   0|  0|   17|          10|          10|
    |add_ln58_63272_fu_3746_p2   |         +|   0|  0|   15|           8|           8|
    |add_ln58_63273_fu_3757_p2   |         +|   0|  0|   18|           9|           9|
    |add_ln58_63274_fu_3763_p2   |         +|   0|  0|   18|           9|           9|
    |add_ln58_63275_fu_8238_p2   |         +|   0|  0|   17|          11|          11|
    |add_ln58_63276_fu_1461_p2   |         +|   0|  0|   14|           7|           7|
    |add_ln58_63277_fu_3772_p2   |         +|   0|  0|   15|           8|           8|
    |add_ln58_63278_fu_3782_p2   |         +|   0|  0|   15|           8|           8|
    |add_ln58_63279_fu_3792_p2   |         +|   0|  0|   16|           9|           9|
    |add_ln58_63280_fu_3798_p2   |         +|   0|  0|   15|           8|           8|
    |add_ln58_63281_fu_3807_p2   |         +|   0|  0|   15|           8|           8|
    |add_ln58_63282_fu_3817_p2   |         +|   0|  0|   16|           9|           9|
    |add_ln58_63283_fu_8250_p2   |         +|   0|  0|   17|          10|          10|
    |add_ln58_63284_fu_8260_p2   |         +|   0|  0|   17|          11|          11|
    |add_ln58_63285_fu_8266_p2   |         +|   0|  0|   18|          10|          10|
    |add_ln58_63286_fu_3823_p2   |         +|   0|  0|   15|           8|           8|
    |add_ln58_63287_fu_8275_p2   |         +|   0|  0|   18|          10|          10|
    |add_ln58_63288_fu_3828_p2   |         +|   0|  0|   15|           8|           8|
    |add_ln58_63289_fu_3836_p2   |         +|   0|  0|   16|           9|           9|
    |add_ln58_63290_fu_8288_p2   |         +|   0|  0|   17|          11|          11|
    |add_ln58_63291_fu_3851_p2   |         +|   0|  0|   16|           9|           9|
    |add_ln58_63292_fu_1473_p2   |         +|   0|  0|   14|           7|           7|
    |add_ln58_63293_fu_3860_p2   |         +|   0|  0|   15|           8|           8|
    |add_ln58_63294_fu_3869_p2   |         +|   0|  0|   15|           8|           8|
    |add_ln58_63295_fu_3879_p2   |         +|   0|  0|   16|           9|           9|
    |add_ln58_63296_fu_8300_p2   |         +|   0|  0|   17|          10|          10|
    |add_ln58_63297_fu_8310_p2   |         +|   0|  0|   17|          11|          11|
    |add_ln58_63298_fu_3895_p2   |         +|   0|  0|   18|          10|          10|
    |add_ln58_63299_fu_3901_p2   |         +|   0|  0|   15|           8|           8|
    |add_ln58_63300_fu_3910_p2   |         +|   0|  0|   18|          10|          10|
    |add_ln58_63301_fu_3916_p2   |         +|   0|  0|   15|           8|           8|
    |add_ln58_63302_fu_3924_p2   |         +|   0|  0|   16|           9|           9|
    |add_ln58_63303_fu_8322_p2   |         +|   0|  0|   17|          11|          11|
    |add_ln58_63304_fu_1485_p2   |         +|   0|  0|   14|           7|           7|
    |add_ln58_63305_fu_3933_p2   |         +|   0|  0|   15|           8|           8|
    |add_ln58_63306_fu_3943_p2   |         +|   0|  0|   16|           9|           9|
    |add_ln58_63307_fu_1491_p2   |         +|   0|  0|   14|           7|           7|
    |add_ln58_63308_fu_3952_p2   |         +|   0|  0|   15|           8|           8|
    |add_ln58_63309_fu_1497_p2   |         +|   0|  0|   14|           7|           7|
    |add_ln58_63310_fu_3964_p2   |         +|   0|  0|   15|           8|           8|
    |add_ln58_63311_fu_3974_p2   |         +|   0|  0|   16|           9|           9|
    |add_ln58_63312_fu_8334_p2   |         +|   0|  0|   17|          10|          10|
    |add_ln58_63313_fu_8344_p2   |         +|   0|  0|   17|          11|          11|
    |add_ln58_63314_fu_3980_p2   |         +|   0|  0|   16|           9|           9|
    |add_ln58_63315_fu_3990_p2   |         +|   0|  0|   16|           9|           9|
    |add_ln58_63316_fu_8356_p2   |         +|   0|  0|   17|          10|          10|
    |add_ln58_63317_fu_3996_p2   |         +|   0|  0|   15|           8|           8|
    |add_ln58_63318_fu_4004_p2   |         +|   0|  0|   18|           9|           9|
    |add_ln58_63319_fu_4010_p2   |         +|   0|  0|   18|           9|           9|
    |add_ln58_63320_fu_8369_p2   |         +|   0|  0|   17|          11|          11|
    |add_ln58_63321_fu_4020_p2   |         +|   0|  0|   19|           8|           8|
    |add_ln58_63322_fu_1509_p2   |         +|   0|  0|   14|           7|           7|
    |add_ln58_63323_fu_4032_p2   |         +|   0|  0|   15|           8|           8|
    |add_ln58_63324_fu_4042_p2   |         +|   0|  0|   16|           9|           9|
    |add_ln58_63325_fu_1515_p2   |         +|   0|  0|   14|           7|           7|
    |add_ln58_63326_fu_4051_p2   |         +|   0|  0|   15|           8|           8|
    |add_ln58_63327_fu_4061_p2   |         +|   0|  0|   16|           9|           9|
    |add_ln58_63328_fu_8381_p2   |         +|   0|  0|   17|          10|          10|
    |add_ln58_63329_fu_8391_p2   |         +|   0|  0|   17|          11|          11|
    |add_ln58_63330_fu_8397_p2   |         +|   0|  0|   18|          10|          10|
    |add_ln58_63331_fu_8402_p2   |         +|   0|  0|   18|          10|          10|
    |add_ln58_63332_fu_4071_p2   |         +|   0|  0|   15|           8|           8|
    |add_ln58_63333_fu_4080_p2   |         +|   0|  0|   15|           8|           8|
    |add_ln58_63334_fu_4088_p2   |         +|   0|  0|   16|           9|           9|
    |add_ln58_63335_fu_8415_p2   |         +|   0|  0|   17|          11|          11|
    |add_ln58_63336_fu_4094_p2   |         +|   0|  0|   15|           8|           8|
    |add_ln58_63337_fu_1527_p2   |         +|   0|  0|   14|           7|           7|
    |add_ln58_63338_fu_4118_p2   |         +|   0|  0|   16|           9|           9|
    |add_ln58_63339_fu_4124_p2   |         +|   0|  0|   15|           8|           8|
    |add_ln58_63340_fu_1533_p2   |         +|   0|  0|   14|           7|           7|
    |add_ln58_63341_fu_4136_p2   |         +|   0|  0|   15|           8|           8|
    |add_ln58_63342_fu_4146_p2   |         +|   0|  0|   16|           9|           9|
    |add_ln58_63343_fu_8427_p2   |         +|   0|  0|   17|          10|          10|
    |add_ln58_63344_fu_8437_p2   |         +|   0|  0|   17|          11|          11|
    |add_ln58_63345_fu_8443_p2   |         +|   0|  0|   18|          10|          10|
    |add_ln58_63346_fu_4152_p2   |         +|   0|  0|   15|           8|           8|
    |add_ln58_63347_fu_8451_p2   |         +|   0|  0|   18|          10|          10|
    |add_ln58_63348_fu_4158_p2   |         +|   0|  0|   15|           8|           8|
    |add_ln58_63349_fu_4166_p2   |         +|   0|  0|   15|           8|           8|
    |add_ln58_63350_fu_4174_p2   |         +|   0|  0|   16|           9|           9|
    |add_ln58_63351_fu_8464_p2   |         +|   0|  0|   17|          11|          11|
    |add_ln58_63352_fu_4192_p2   |         +|   0|  0|   15|           8|           8|
    |add_ln58_63353_fu_4202_p2   |         +|   0|  0|   16|           9|           9|
    |add_ln58_63354_fu_4208_p2   |         +|   0|  0|   15|           8|           8|
    |add_ln58_63355_fu_1545_p2   |         +|   0|  0|   14|           7|           7|
    |add_ln58_63356_fu_4220_p2   |         +|   0|  0|   15|           8|           8|
    |add_ln58_63357_fu_4230_p2   |         +|   0|  0|   16|           9|           9|
    |add_ln58_63358_fu_8476_p2   |         +|   0|  0|   17|          10|          10|
    |add_ln58_63359_fu_8486_p2   |         +|   0|  0|   17|          11|          11|
    |add_ln58_63360_fu_4236_p2   |         +|   0|  0|   18|          10|          10|
    |add_ln58_63361_fu_4242_p2   |         +|   0|  0|   15|           8|           8|
    |add_ln58_63362_fu_4251_p2   |         +|   0|  0|   18|          10|          10|
    |add_ln58_63363_fu_4257_p2   |         +|   0|  0|   15|           8|           8|
    |add_ln58_63364_fu_4265_p2   |         +|   0|  0|   15|           8|           8|
    |add_ln58_63365_fu_4273_p2   |         +|   0|  0|   16|           9|           9|
    |add_ln58_63366_fu_8498_p2   |         +|   0|  0|   17|          11|          11|
    |add_ln58_63367_fu_4289_p2   |         +|   0|  0|   16|           9|           9|
    |add_ln58_63368_fu_1551_p2   |         +|   0|  0|   14|           7|           7|
    |add_ln58_63369_fu_4298_p2   |         +|   0|  0|   15|           8|           8|
    |add_ln58_63370_fu_4307_p2   |         +|   0|  0|   15|           8|           8|
    |add_ln58_63371_fu_4317_p2   |         +|   0|  0|   16|           9|           9|
    |add_ln58_63372_fu_8510_p2   |         +|   0|  0|   17|          10|          10|
    |add_ln58_63373_fu_8520_p2   |         +|   0|  0|   17|          11|          11|
    |add_ln58_63374_fu_4323_p2   |         +|   0|  0|   16|           9|           9|
    |add_ln58_63375_fu_4348_p2   |         +|   0|  0|   16|           9|           9|
    |add_ln58_63376_fu_8532_p2   |         +|   0|  0|   17|          10|          10|
    |add_ln58_63377_fu_4354_p2   |         +|   0|  0|   15|           8|           8|
    |add_ln58_63378_fu_4371_p2   |         +|   0|  0|   18|           9|           9|
    |add_ln58_63379_fu_4377_p2   |         +|   0|  0|   18|           9|           9|
    |add_ln58_63380_fu_8545_p2   |         +|   0|  0|   17|          11|          11|
    |add_ln58_63381_fu_4395_p2   |         +|   0|  0|   15|           8|           8|
    |add_ln58_63382_fu_4405_p2   |         +|   0|  0|   16|           9|           9|
    |add_ln58_63383_fu_1563_p2   |         +|   0|  0|   14|           7|           7|
    |add_ln58_63384_fu_4414_p2   |         +|   0|  0|   15|           8|           8|
    |add_ln58_63385_fu_4423_p2   |         +|   0|  0|   15|           8|           8|
    |add_ln58_63386_fu_4433_p2   |         +|   0|  0|   16|           9|           9|
    |add_ln58_63387_fu_8557_p2   |         +|   0|  0|   17|          10|          10|
    |add_ln58_63388_fu_8567_p2   |         +|   0|  0|   17|          11|          11|
    |add_ln58_63389_fu_4448_p2   |         +|   0|  0|   16|           9|           9|
    |add_ln58_63390_fu_4466_p2   |         +|   0|  0|   16|           9|           9|
    |add_ln58_63391_fu_8579_p2   |         +|   0|  0|   17|          10|          10|
    |add_ln58_63392_fu_4472_p2   |         +|   0|  0|   15|           8|           8|
    |add_ln58_63393_fu_4481_p2   |         +|   0|  0|   15|           8|           8|
    |add_ln58_63394_fu_4490_p2   |         +|   0|  0|   16|           9|           9|
    |add_ln58_63395_fu_8592_p2   |         +|   0|  0|   17|          11|          11|
    |add_ln58_63396_fu_4496_p2   |         +|   0|  0|   15|           8|           8|
    |add_ln58_63397_fu_4506_p2   |         +|   0|  0|   16|           9|           9|
    |add_ln58_63398_fu_4512_p2   |         +|   0|  0|   15|           8|           8|
    |add_ln58_63399_fu_1569_p2   |         +|   0|  0|   14|           7|           7|
    |add_ln58_63400_fu_4524_p2   |         +|   0|  0|   15|           8|           8|
    |add_ln58_63401_fu_4534_p2   |         +|   0|  0|   16|           9|           9|
    |add_ln58_63402_fu_8604_p2   |         +|   0|  0|   17|          10|          10|
    |add_ln58_63403_fu_8614_p2   |         +|   0|  0|   17|          11|          11|
    |add_ln58_63404_fu_4540_p2   |         +|   0|  0|   16|           9|           9|
    |add_ln58_63405_fu_4550_p2   |         +|   0|  0|   16|           9|           9|
    |add_ln58_63406_fu_8626_p2   |         +|   0|  0|   17|          10|          10|
    |add_ln58_63407_fu_4556_p2   |         +|   0|  0|   15|           8|           8|
    |add_ln58_63408_fu_4562_p2   |         +|   0|  0|   15|           8|           8|
    |add_ln58_63409_fu_8642_p2   |         +|   0|  0|   16|           9|           9|
    |add_ln58_63410_fu_8652_p2   |         +|   0|  0|   17|          11|          11|
    |add_ln58_63411_fu_4567_p2   |         +|   0|  0|   15|           8|           8|
    |add_ln58_63412_fu_4577_p2   |         +|   0|  0|   15|           8|           8|
    |add_ln58_63413_fu_4587_p2   |         +|   0|  0|   16|           9|           9|
    |add_ln58_63414_fu_1575_p2   |         +|   0|  0|   14|           7|           7|
    |add_ln58_63415_fu_4596_p2   |         +|   0|  0|   15|           8|           8|
    |add_ln58_63416_fu_4605_p2   |         +|   0|  0|   16|           9|           9|
    |add_ln58_63417_fu_8664_p2   |         +|   0|  0|   17|          10|          10|
    |add_ln58_63418_fu_8674_p2   |         +|   0|  0|   17|          11|          11|
    |add_ln58_63419_fu_4611_p2   |         +|   0|  0|   16|           9|           9|
    |add_ln58_63420_fu_4617_p2   |         +|   0|  0|   16|           9|           9|
    |add_ln58_63421_fu_8686_p2   |         +|   0|  0|   17|          10|          10|
    |add_ln58_63422_fu_4623_p2   |         +|   0|  0|   15|           8|           8|
    |add_ln58_63423_fu_8702_p2   |         +|   0|  0|   18|           9|           9|
    |add_ln58_63424_fu_8707_p2   |         +|   0|  0|   18|           9|           9|
    |add_ln58_63425_fu_8717_p2   |         +|   0|  0|   17|          11|          11|
    |add_ln58_63426_fu_4632_p2   |         +|   0|  0|   15|           8|           8|
    |add_ln58_63427_fu_1587_p2   |         +|   0|  0|   14|           7|           7|
    |add_ln58_63428_fu_4643_p2   |         +|   0|  0|   15|           8|           8|
    |add_ln58_63429_fu_4653_p2   |         +|   0|  0|   16|           9|           9|
    |add_ln58_63430_fu_4659_p2   |         +|   0|  0|   15|           8|           8|
    |add_ln58_63431_fu_4668_p2   |         +|   0|  0|   16|           9|           9|
    |add_ln58_63432_fu_8729_p2   |         +|   0|  0|   17|          10|          10|
    |add_ln58_63433_fu_8739_p2   |         +|   0|  0|   17|          11|          11|
    |add_ln58_63434_fu_8748_p2   |         +|   0|  0|   18|          10|          10|
    |add_ln58_63435_fu_4680_p2   |         +|   0|  0|   15|           8|           8|
    |add_ln58_63436_fu_8757_p2   |         +|   0|  0|   18|          10|          10|
    |add_ln58_63437_fu_4686_p2   |         +|   0|  0|   15|           8|           8|
    |add_ln58_63438_fu_8770_p2   |         +|   0|  0|   18|           9|           9|
    |add_ln58_63439_fu_8774_p2   |         +|   0|  0|   18|           9|           9|
    |add_ln58_63440_fu_8784_p2   |         +|   0|  0|   17|          11|          11|
    |add_ln58_63441_fu_4695_p2   |         +|   0|  0|   15|           8|           8|
    |add_ln58_63442_fu_1599_p2   |         +|   0|  0|   14|           7|           7|
    |add_ln58_63443_fu_4706_p2   |         +|   0|  0|   15|           8|           8|
    |add_ln58_63444_fu_4716_p2   |         +|   0|  0|   16|           9|           9|
    |add_ln58_63445_fu_4722_p2   |         +|   0|  0|   15|           8|           8|
    |add_ln58_63446_fu_4731_p2   |         +|   0|  0|   16|           9|           9|
    |add_ln58_63447_fu_8796_p2   |         +|   0|  0|   17|          10|          10|
    |add_ln58_63448_fu_8806_p2   |         +|   0|  0|   17|          11|          11|
    |add_ln58_63449_fu_4747_p2   |         +|   0|  0|   16|           9|           9|
    |add_ln58_63450_fu_4765_p2   |         +|   0|  0|   16|           9|           9|
    |add_ln58_63451_fu_8818_p2   |         +|   0|  0|   17|          10|          10|
    |add_ln58_63452_fu_4775_p2   |         +|   0|  0|   19|           8|           8|
    |add_ln58_63453_fu_4785_p2   |         +|   0|  0|   16|           9|           9|
    |add_ln58_63454_fu_8831_p2   |         +|   0|  0|   17|          11|          11|
    |add_ln58_63455_fu_4791_p2   |         +|   0|  0|   15|           8|           8|
    |add_ln58_63456_fu_1605_p2   |         +|   0|  0|   14|           7|           7|
    |add_ln58_63457_fu_4804_p2   |         +|   0|  0|   15|           8|           8|
    |add_ln58_63458_fu_4814_p2   |         +|   0|  0|   16|           9|           9|
    |add_ln58_63459_fu_1611_p2   |         +|   0|  0|   14|           7|           7|
    |add_ln58_63460_fu_4823_p2   |         +|   0|  0|   15|           8|           8|
    |add_ln58_63461_fu_4832_p2   |         +|   0|  0|   15|           8|           8|
    |add_ln58_63462_fu_4842_p2   |         +|   0|  0|   16|           9|           9|
    |add_ln58_63463_fu_8843_p2   |         +|   0|  0|   17|          10|          10|
    |add_ln58_63464_fu_8853_p2   |         +|   0|  0|   17|          11|          11|
    |add_ln58_63465_fu_8859_p2   |         +|   0|  0|   18|          10|          10|
    |add_ln58_63466_fu_4848_p2   |         +|   0|  0|   15|           8|           8|
    |add_ln58_63467_fu_8867_p2   |         +|   0|  0|   18|          10|          10|
    |add_ln58_63468_fu_4854_p2   |         +|   0|  0|   15|           8|           8|
    |add_ln58_63469_fu_4867_p2   |         +|   0|  0|   16|           9|           9|
    |add_ln58_63470_fu_8880_p2   |         +|   0|  0|   17|          11|          11|
    |add_ln58_63471_fu_4885_p2   |         +|   0|  0|   15|           8|           8|
    |add_ln58_63472_fu_4895_p2   |         +|   0|  0|   16|           9|           9|
    |add_ln58_63473_fu_4901_p2   |         +|   0|  0|   15|           8|           8|
    |add_ln58_63474_fu_4910_p2   |         +|   0|  0|   16|           9|           9|
    |add_ln58_63475_fu_8892_p2   |         +|   0|  0|   17|          10|          10|
    |add_ln58_63476_fu_8902_p2   |         +|   0|  0|   17|          11|          11|
    |add_ln58_63477_fu_4916_p2   |         +|   0|  0|   16|           9|           9|
    |add_ln58_63478_fu_4927_p2   |         +|   0|  0|   19|           8|           8|
    |add_ln58_63479_fu_8914_p2   |         +|   0|  0|   17|          10|          10|
    |add_ln58_63480_fu_4937_p2   |         +|   0|  0|   19|           8|           8|
    |add_ln58_63481_fu_4949_p2   |         +|   0|  0|   18|           9|           9|
    |add_ln58_63482_fu_4955_p2   |         +|   0|  0|   18|           9|           9|
    |add_ln58_63483_fu_8927_p2   |         +|   0|  0|   17|          11|          11|
    |add_ln58_63484_fu_4971_p2   |         +|   0|  0|   16|           9|           9|
    |add_ln58_63485_fu_4977_p2   |         +|   0|  0|   15|           8|           8|
    |add_ln58_63486_fu_1629_p2   |         +|   0|  0|   14|           7|           7|
    |add_ln58_63487_fu_4989_p2   |         +|   0|  0|   15|           8|           8|
    |add_ln58_63488_fu_4999_p2   |         +|   0|  0|   16|           9|           9|
    |add_ln58_63489_fu_8939_p2   |         +|   0|  0|   17|          10|          10|
    |add_ln58_63490_fu_8949_p2   |         +|   0|  0|   17|          11|          11|
    |add_ln58_63491_fu_5015_p2   |         +|   0|  0|   16|           9|           9|
    |add_ln58_63492_fu_8958_p2   |         +|   0|  0|   17|          10|          10|
    |add_ln58_63493_fu_5021_p2   |         +|   0|  0|   15|           8|           8|
    |add_ln58_63494_fu_5029_p2   |         +|   0|  0|   18|           9|           9|
    |add_ln58_63495_fu_5035_p2   |         +|   0|  0|   18|           9|           9|
    |add_ln58_63496_fu_8971_p2   |         +|   0|  0|   17|          11|          11|
    |add_ln58_63497_fu_5041_p2   |         +|   0|  0|   15|           8|           8|
    |add_ln58_63498_fu_1635_p2   |         +|   0|  0|   14|           7|           7|
    |add_ln58_63499_fu_5054_p2   |         +|   0|  0|   15|           8|           8|
    |add_ln58_63500_fu_5064_p2   |         +|   0|  0|   16|           9|           9|
    |add_ln58_63501_fu_5070_p2   |         +|   0|  0|   15|           8|           8|
    |add_ln58_63502_fu_5079_p2   |         +|   0|  0|   16|           9|           9|
    |add_ln58_63503_fu_8983_p2   |         +|   0|  0|   17|          10|          10|
    |add_ln58_63504_fu_8993_p2   |         +|   0|  0|   17|          11|          11|
    |add_ln58_63505_fu_8999_p2   |         +|   0|  0|   18|          10|          10|
    |add_ln58_63506_fu_5089_p2   |         +|   0|  0|   19|           8|           8|
    |add_ln58_63507_fu_9008_p2   |         +|   0|  0|   18|          10|          10|
    |add_ln58_63508_fu_5095_p2   |         +|   0|  0|   15|           8|           8|
    |add_ln58_63509_fu_1647_p2   |         +|   0|  0|   14|           7|           7|
    |add_ln58_63510_fu_5106_p2   |         +|   0|  0|   15|           8|           8|
    |add_ln58_63511_fu_5116_p2   |         +|   0|  0|   16|           9|           9|
    |add_ln58_63512_fu_9021_p2   |         +|   0|  0|   17|          11|          11|
    |add_ln58_63513_fu_5122_p2   |         +|   0|  0|   15|           8|           8|
    |add_ln58_63514_fu_5132_p2   |         +|   0|  0|   16|           9|           9|
    |add_ln58_63515_fu_1653_p2   |         +|   0|  0|   14|           7|           7|
    |add_ln58_63516_fu_5141_p2   |         +|   0|  0|   15|           8|           8|
    |add_ln58_63517_fu_5151_p2   |         +|   0|  0|   16|           9|           9|
    |add_ln58_63518_fu_9033_p2   |         +|   0|  0|   17|          10|          10|
    |add_ln58_63519_fu_9043_p2   |         +|   0|  0|   17|          11|          11|
    |add_ln58_63520_fu_5161_p2   |         +|   0|  0|   18|          10|          10|
    |add_ln58_63521_fu_5171_p2   |         +|   0|  0|   18|          10|          10|
    |add_ln58_63522_fu_5177_p2   |         +|   0|  0|   15|           8|           8|
    |add_ln58_63523_fu_5186_p2   |         +|   0|  0|   16|           9|           9|
    |add_ln58_63524_fu_9055_p2   |         +|   0|  0|   17|          11|          11|
    |add_ln58_63525_fu_5192_p2   |         +|   0|  0|   15|           8|           8|
    |add_ln58_63526_fu_5202_p2   |         +|   0|  0|   16|           9|           9|
    |add_ln58_63527_fu_5208_p2   |         +|   0|  0|   15|           8|           8|
    |add_ln58_63528_fu_5217_p2   |         +|   0|  0|   16|           9|           9|
    |add_ln58_63529_fu_9067_p2   |         +|   0|  0|   17|          10|          10|
    |add_ln58_63530_fu_9077_p2   |         +|   0|  0|   17|          11|          11|
    |add_ln58_63531_fu_5223_p2   |         +|   0|  0|   16|           9|           9|
    |add_ln58_63532_fu_9086_p2   |         +|   0|  0|   17|          10|          10|
    |add_ln58_63533_fu_5229_p2   |         +|   0|  0|   16|           9|           9|
    |add_ln58_63534_fu_9099_p2   |         +|   0|  0|   17|          11|          11|
    |add_ln58_63535_fu_5235_p2   |         +|   0|  0|   15|           8|           8|
    |add_ln58_63536_fu_5243_p2   |         +|   0|  0|   15|           8|           8|
    |add_ln58_63537_fu_5252_p2   |         +|   0|  0|   16|           9|           9|
    |add_ln58_63538_fu_5258_p2   |         +|   0|  0|   15|           8|           8|
    |add_ln58_63539_fu_1659_p2   |         +|   0|  0|   14|           7|           7|
    |add_ln58_63540_fu_5271_p2   |         +|   0|  0|   15|           8|           8|
    |add_ln58_63541_fu_5281_p2   |         +|   0|  0|   16|           9|           9|
    |add_ln58_63542_fu_9111_p2   |         +|   0|  0|   17|          10|          10|
    |add_ln58_63543_fu_9121_p2   |         +|   0|  0|   17|          11|          11|
    |add_ln58_63544_fu_9130_p2   |         +|   0|  0|   18|          10|          10|
    |add_ln58_63545_fu_5293_p2   |         +|   0|  0|   15|           8|           8|
    |add_ln58_63546_fu_9139_p2   |         +|   0|  0|   18|          10|          10|
    |add_ln58_63547_fu_5297_p2   |         +|   0|  0|   15|           8|           8|
    |add_ln58_63548_fu_5307_p2   |         +|   0|  0|   16|           9|           9|
    |add_ln58_63549_fu_9152_p2   |         +|   0|  0|   17|          11|          11|
    |add_ln58_63550_fu_5313_p2   |         +|   0|  0|   15|           8|           8|
    |add_ln58_63551_fu_5322_p2   |         +|   0|  0|   16|           9|           9|
    |add_ln58_63552_fu_1665_p2   |         +|   0|  0|   14|           7|           7|
    |add_ln58_63553_fu_5331_p2   |         +|   0|  0|   15|           8|           8|
    |add_ln58_63554_fu_5341_p2   |         +|   0|  0|   16|           9|           9|
    |add_ln58_63555_fu_9164_p2   |         +|   0|  0|   17|          10|          10|
    |add_ln58_63556_fu_9174_p2   |         +|   0|  0|   17|          11|          11|
    |add_ln58_63557_fu_5347_p2   |         +|   0|  0|   16|           9|           9|
    |add_ln58_63558_fu_5363_p2   |         +|   0|  0|   16|           9|           9|
    |add_ln58_63559_fu_9186_p2   |         +|   0|  0|   17|          10|          10|
    |add_ln58_63560_fu_5385_p2   |         +|   0|  0|   18|           9|           9|
    |add_ln58_63561_fu_5394_p2   |         +|   0|  0|   15|           8|           8|
    |add_ln58_63562_fu_5403_p2   |         +|   0|  0|   18|           9|           9|
    |add_ln58_63563_fu_9199_p2   |         +|   0|  0|   17|          11|          11|
    |add_ln58_63564_fu_5409_p2   |         +|   0|  0|   15|           8|           8|
    |add_ln58_63565_fu_5418_p2   |         +|   0|  0|   16|           9|           9|
    |add_ln58_63566_fu_1676_p2   |         +|   0|  0|   14|           7|           7|
    |add_ln58_63567_fu_5427_p2   |         +|   0|  0|   15|           8|           8|
    |add_ln58_63568_fu_1682_p2   |         +|   0|  0|   14|           7|           7|
    |add_ln58_63569_fu_5440_p2   |         +|   0|  0|   15|           8|           8|
    |add_ln58_63570_fu_5450_p2   |         +|   0|  0|   16|           9|           9|
    |add_ln58_63571_fu_9211_p2   |         +|   0|  0|   17|          10|          10|
    |add_ln58_63572_fu_9221_p2   |         +|   0|  0|   17|          11|          11|
    |add_ln58_63573_fu_5460_p2   |         +|   0|  0|   16|           9|           9|
    |add_ln58_63574_fu_9233_p2   |         +|   0|  0|   17|          10|          10|
    |add_ln58_63575_fu_5465_p2   |         +|   0|  0|   18|           9|           9|
    |add_ln58_63576_fu_5471_p2   |         +|   0|  0|   18|           9|           9|
    |add_ln58_63577_fu_9246_p2   |         +|   0|  0|   17|          11|          11|
    |add_ln58_63578_fu_5477_p2   |         +|   0|  0|   15|           8|           8|
    |add_ln58_63579_fu_5487_p2   |         +|   0|  0|   16|           9|           9|
    |add_ln58_63580_fu_1688_p2   |         +|   0|  0|   14|           7|           7|
    |add_ln58_63581_fu_5496_p2   |         +|   0|  0|   15|           8|           8|
    |add_ln58_63582_fu_5506_p2   |         +|   0|  0|   16|           9|           9|
    |add_ln58_63583_fu_9258_p2   |         +|   0|  0|   17|          10|          10|
    |add_ln58_63584_fu_9268_p2   |         +|   0|  0|   17|          11|          11|
    |add_ln58_63585_fu_9274_p2   |         +|   0|  0|   18|          10|          10|
    |add_ln58_63586_fu_9279_p2   |         +|   0|  0|   18|          10|          10|
    |add_ln58_63587_fu_5512_p2   |         +|   0|  0|   15|           8|           8|
    |add_ln58_63588_fu_5520_p2   |         +|   0|  0|   15|           8|           8|
    |add_ln58_63589_fu_5528_p2   |         +|   0|  0|   16|           9|           9|
    |add_ln58_63590_fu_9291_p2   |         +|   0|  0|   17|          11|          11|
    |add_ln58_63591_fu_5534_p2   |         +|   0|  0|   15|           8|           8|
    |add_ln58_63592_fu_5544_p2   |         +|   0|  0|   15|           8|           8|
    |add_ln58_63593_fu_5553_p2   |         +|   0|  0|   16|           9|           9|
    |add_ln58_63594_fu_5559_p2   |         +|   0|  0|   15|           8|           8|
    |add_ln58_63595_fu_5568_p2   |         +|   0|  0|   15|           8|           8|
    |add_ln58_63596_fu_5577_p2   |         +|   0|  0|   16|           9|           9|
    |add_ln58_63597_fu_9303_p2   |         +|   0|  0|   17|          10|          10|
    |add_ln58_63598_fu_9313_p2   |         +|   0|  0|   17|          11|          11|
    |add_ln58_63599_fu_5593_p2   |         +|   0|  0|   16|           9|           9|
    |add_ln58_63600_fu_9322_p2   |         +|   0|  0|   17|          10|          10|
    |add_ln58_63601_fu_5599_p2   |         +|   0|  0|   15|           8|           8|
    |add_ln58_63602_fu_5607_p2   |         +|   0|  0|   18|           9|           9|
    |add_ln58_63603_fu_5613_p2   |         +|   0|  0|   18|           9|           9|
    |add_ln58_63604_fu_9335_p2   |         +|   0|  0|   17|          11|          11|
    |add_ln58_63605_fu_5619_p2   |         +|   0|  0|   15|           8|           8|
    |add_ln58_63606_fu_5627_p2   |         +|   0|  0|   15|           8|           8|
    |add_ln58_63607_fu_5637_p2   |         +|   0|  0|   16|           9|           9|
    |add_ln58_63608_fu_5643_p2   |         +|   0|  0|   15|           8|           8|
    |add_ln58_63609_fu_5653_p2   |         +|   0|  0|   16|           9|           9|
    |add_ln58_63610_fu_9347_p2   |         +|   0|  0|   17|          10|          10|
    |add_ln58_63611_fu_9357_p2   |         +|   0|  0|   17|          11|          11|
    |add_ln58_63612_fu_5659_p2   |         +|   0|  0|   16|           9|           9|
    |add_ln58_63613_fu_5668_p2   |         +|   0|  0|   16|           9|           9|
    |add_ln58_63614_fu_9369_p2   |         +|   0|  0|   17|          10|          10|
    |add_ln58_63615_fu_5677_p2   |         +|   0|  0|   18|           9|           9|
    |add_ln58_63616_fu_5683_p2   |         +|   0|  0|   18|           9|           9|
    |add_ln58_63617_fu_9382_p2   |         +|   0|  0|   17|          11|          11|
    |add_ln58_63618_fu_5689_p2   |         +|   0|  0|   15|           8|           8|
    |add_ln58_63619_fu_5698_p2   |         +|   0|  0|   15|           8|           8|
    |add_ln58_63620_fu_5708_p2   |         +|   0|  0|   16|           9|           9|
    |add_ln58_63621_fu_5714_p2   |         +|   0|  0|   15|           8|           8|
    |add_ln58_63622_fu_1700_p2   |         +|   0|  0|   14|           7|           7|
    |add_ln58_63623_fu_5726_p2   |         +|   0|  0|   15|           8|           8|
    |add_ln58_63624_fu_5736_p2   |         +|   0|  0|   16|           9|           9|
    |add_ln58_63625_fu_9394_p2   |         +|   0|  0|   17|          10|          10|
    |add_ln58_63626_fu_9404_p2   |         +|   0|  0|   17|          11|          11|
    |add_ln58_63627_fu_9410_p2   |         +|   0|  0|   18|          10|          10|
    |add_ln58_63628_fu_9415_p2   |         +|   0|  0|   18|          10|          10|
    |add_ln58_63629_fu_5742_p2   |         +|   0|  0|   15|           8|           8|
    |add_ln58_63630_fu_9431_p2   |         +|   0|  0|   16|           9|           9|
    |add_ln58_63631_fu_9441_p2   |         +|   0|  0|   17|          11|          11|
    |add_ln58_63632_fu_5756_p2   |         +|   0|  0|   16|           9|           9|
    |add_ln58_63633_fu_5762_p2   |         +|   0|  0|   15|           8|           8|
    |add_ln58_63634_fu_5771_p2   |         +|   0|  0|   15|           8|           8|
    |add_ln58_63635_fu_5780_p2   |         +|   0|  0|   16|           9|           9|
    |add_ln58_63636_fu_9453_p2   |         +|   0|  0|   17|          10|          10|
    |add_ln58_63637_fu_9463_p2   |         +|   0|  0|   17|          11|          11|
    |add_ln58_63638_fu_5786_p2   |         +|   0|  0|   16|           9|           9|
    |add_ln58_63639_fu_5796_p2   |         +|   0|  0|   16|           9|           9|
    |add_ln58_63640_fu_9475_p2   |         +|   0|  0|   17|          10|          10|
    |add_ln58_63641_fu_5812_p2   |         +|   0|  0|   18|           9|           9|
    |add_ln58_63642_fu_5818_p2   |         +|   0|  0|   18|           9|           9|
    |add_ln58_63643_fu_9488_p2   |         +|   0|  0|   17|          11|          11|
    |add_ln58_63644_fu_5828_p2   |         +|   0|  0|   19|           8|           8|
    |add_ln58_63645_fu_5837_p2   |         +|   0|  0|   15|           8|           8|
    |add_ln58_63646_fu_5847_p2   |         +|   0|  0|   16|           9|           9|
    |add_ln58_63647_fu_1706_p2   |         +|   0|  0|   14|           7|           7|
    |add_ln58_63648_fu_5856_p2   |         +|   0|  0|   15|           8|           8|
    |add_ln58_63649_fu_5866_p2   |         +|   0|  0|   15|           8|           8|
    |add_ln58_63650_fu_5876_p2   |         +|   0|  0|   16|           9|           9|
    |add_ln58_63651_fu_9500_p2   |         +|   0|  0|   17|          10|          10|
    |add_ln58_63652_fu_9510_p2   |         +|   0|  0|   17|          11|          11|
    |add_ln58_63653_fu_5882_p2   |         +|   0|  0|   16|           9|           9|
    |add_ln58_63654_fu_5892_p2   |         +|   0|  0|   16|           9|           9|
    |add_ln58_63655_fu_9522_p2   |         +|   0|  0|   17|          10|          10|
    |add_ln58_63656_fu_5902_p2   |         +|   0|  0|   19|           8|           8|
    |add_ln58_63657_fu_5915_p2   |         +|   0|  0|   15|           8|           8|
    |add_ln58_63658_fu_5925_p2   |         +|   0|  0|   16|           9|           9|
    |add_ln58_63659_fu_9535_p2   |         +|   0|  0|   17|          11|          11|
    |add_ln58_63660_fu_5931_p2   |         +|   0|  0|   15|           8|           8|
    |add_ln58_63661_fu_5940_p2   |         +|   0|  0|   15|           8|           8|
    |add_ln58_63662_fu_5950_p2   |         +|   0|  0|   16|           9|           9|
    |add_ln58_63663_fu_5956_p2   |         +|   0|  0|   15|           8|           8|
    |add_ln58_63664_fu_5965_p2   |         +|   0|  0|   16|           9|           9|
    |add_ln58_63665_fu_9547_p2   |         +|   0|  0|   17|          10|          10|
    |add_ln58_63666_fu_9557_p2   |         +|   0|  0|   17|          11|          11|
    |add_ln58_63667_fu_5971_p2   |         +|   0|  0|   16|           9|           9|
    |add_ln58_63668_fu_5977_p2   |         +|   0|  0|   16|           9|           9|
    |add_ln58_63669_fu_9569_p2   |         +|   0|  0|   17|          10|          10|
    |add_ln58_63670_fu_5987_p2   |         +|   0|  0|   19|           8|           8|
    |add_ln58_63671_fu_6005_p2   |         +|   0|  0|   18|           9|           9|
    |add_ln58_63672_fu_6011_p2   |         +|   0|  0|   18|           9|           9|
    |add_ln58_63673_fu_9582_p2   |         +|   0|  0|   17|          11|          11|
    |add_ln58_63674_fu_6017_p2   |         +|   0|  0|   15|           8|           8|
    |add_ln58_63675_fu_6026_p2   |         +|   0|  0|   15|           8|           8|
    |add_ln58_63676_fu_6036_p2   |         +|   0|  0|   16|           9|           9|
    |add_ln58_63677_fu_6042_p2   |         +|   0|  0|   15|           8|           8|
    |add_ln58_63678_fu_6052_p2   |         +|   0|  0|   16|           9|           9|
    |add_ln58_63679_fu_9594_p2   |         +|   0|  0|   17|          10|          10|
    |add_ln58_63680_fu_9604_p2   |         +|   0|  0|   17|          11|          11|
    |add_ln58_63681_fu_6068_p2   |         +|   0|  0|   16|           9|           9|
    |add_ln58_63682_fu_6073_p2   |         +|   0|  0|   16|           9|           9|
    |add_ln58_63683_fu_9616_p2   |         +|   0|  0|   17|          10|          10|
    |add_ln58_63684_fu_6079_p2   |         +|   0|  0|   15|           8|           8|
    |add_ln58_63685_fu_6087_p2   |         +|   0|  0|   15|           8|           8|
    |add_ln58_63686_fu_6097_p2   |         +|   0|  0|   16|           9|           9|
    |add_ln58_63687_fu_9629_p2   |         +|   0|  0|   17|          11|          11|
    |add_ln58_63688_fu_6103_p2   |         +|   0|  0|   15|           8|           8|
    |add_ln58_63689_fu_6113_p2   |         +|   0|  0|   16|           9|           9|
    |add_ln58_63690_fu_6119_p2   |         +|   0|  0|   15|           8|           8|
    |add_ln58_63691_fu_6128_p2   |         +|   0|  0|   15|           8|           8|
    |add_ln58_63692_fu_6138_p2   |         +|   0|  0|   16|           9|           9|
    |add_ln58_63693_fu_9641_p2   |         +|   0|  0|   17|          10|          10|
    |add_ln58_63694_fu_9651_p2   |         +|   0|  0|   17|          11|          11|
    |add_ln58_63695_fu_6153_p2   |         +|   0|  0|   16|           9|           9|
    |add_ln58_63696_fu_6158_p2   |         +|   0|  0|   16|           9|           9|
    |add_ln58_63697_fu_9663_p2   |         +|   0|  0|   17|          10|          10|
    |add_ln58_63698_fu_6167_p2   |         +|   0|  0|   18|           9|           9|
    |add_ln58_63699_fu_6173_p2   |         +|   0|  0|   18|           9|           9|
    |add_ln58_63700_fu_9676_p2   |         +|   0|  0|   17|          11|          11|
    |add_ln58_63701_fu_6179_p2   |         +|   0|  0|   15|           8|           8|
    |add_ln58_63702_fu_6188_p2   |         +|   0|  0|   15|           8|           8|
    |add_ln58_63703_fu_6198_p2   |         +|   0|  0|   16|           9|           9|
    |add_ln58_63704_fu_6204_p2   |         +|   0|  0|   15|           8|           8|
    |add_ln58_63705_fu_6214_p2   |         +|   0|  0|   15|           8|           8|
    |add_ln58_63706_fu_6224_p2   |         +|   0|  0|   16|           9|           9|
    |add_ln58_63707_fu_9688_p2   |         +|   0|  0|   17|          10|          10|
    |add_ln58_63708_fu_9698_p2   |         +|   0|  0|   17|          11|          11|
    |add_ln58_63709_fu_6230_p2   |         +|   0|  0|   16|           9|           9|
    |add_ln58_63710_fu_9707_p2   |         +|   0|  0|   17|          10|          10|
    |add_ln58_63711_fu_6235_p2   |         +|   0|  0|   15|           8|           8|
    |add_ln58_63712_fu_6247_p2   |         +|   0|  0|   18|           9|           9|
    |add_ln58_63713_fu_6253_p2   |         +|   0|  0|   18|           9|           9|
    |add_ln58_63714_fu_9720_p2   |         +|   0|  0|   17|          11|          11|
    |add_ln58_63715_fu_1718_p2   |         +|   0|  0|   14|           7|           7|
    |add_ln58_63716_fu_6262_p2   |         +|   0|  0|   15|           8|           8|
    |add_ln58_63717_fu_6272_p2   |         +|   0|  0|   16|           9|           9|
    |add_ln58_63718_fu_1724_p2   |         +|   0|  0|   14|           7|           7|
    |add_ln58_63719_fu_6281_p2   |         +|   0|  0|   15|           8|           8|
    |add_ln58_63720_fu_1730_p2   |         +|   0|  0|   14|           7|           7|
    |add_ln58_63721_fu_6293_p2   |         +|   0|  0|   15|           8|           8|
    |add_ln58_63722_fu_6303_p2   |         +|   0|  0|   16|           9|           9|
    |add_ln58_63723_fu_9732_p2   |         +|   0|  0|   17|          10|          10|
    |add_ln58_63724_fu_9742_p2   |         +|   0|  0|   17|          11|          11|
    |add_ln58_63725_fu_6313_p2   |         +|   0|  0|   18|          10|          10|
    |add_ln58_63726_fu_6325_p2   |         +|   0|  0|   19|           8|           8|
    |add_ln58_63727_fu_6335_p2   |         +|   0|  0|   18|          10|          10|
    |add_ln58_63728_fu_6341_p2   |         +|   0|  0|   15|           8|           8|
    |add_ln58_63729_fu_6346_p2   |         +|   0|  0|   15|           8|           8|
    |add_ln58_63730_fu_9757_p2   |         +|   0|  0|   16|           9|           9|
    |add_ln58_63731_fu_9767_p2   |         +|   0|  0|   17|          11|          11|
    |add_ln58_63732_fu_6351_p2   |         +|   0|  0|   15|           8|           8|
    |add_ln58_63733_fu_1736_p2   |         +|   0|  0|   14|           7|           7|
    |add_ln58_63734_fu_6372_p2   |         +|   0|  0|   16|           9|           9|
    |add_ln58_63735_fu_6378_p2   |         +|   0|  0|   15|           8|           8|
    |add_ln58_63736_fu_6388_p2   |         +|   0|  0|   15|           8|           8|
    |add_ln58_63737_fu_6398_p2   |         +|   0|  0|   16|           9|           9|
    |add_ln58_63738_fu_9779_p2   |         +|   0|  0|   17|          10|          10|
    |add_ln58_63739_fu_9789_p2   |         +|   0|  0|   17|          11|          11|
    |add_ln58_63740_fu_6404_p2   |         +|   0|  0|   16|           9|           9|
    |add_ln58_63741_fu_9798_p2   |         +|   0|  0|   17|          10|          10|
    |add_ln58_63742_fu_6409_p2   |         +|   0|  0|   15|           8|           8|
    |add_ln58_63743_fu_6418_p2   |         +|   0|  0|   18|           9|           9|
    |add_ln58_63744_fu_6424_p2   |         +|   0|  0|   18|           9|           9|
    |add_ln58_63745_fu_9811_p2   |         +|   0|  0|   17|          11|          11|
    |add_ln58_63746_fu_6430_p2   |         +|   0|  0|   15|           8|           8|
    |add_ln58_63747_fu_6440_p2   |         +|   0|  0|   16|           9|           9|
    |add_ln58_63748_fu_1742_p2   |         +|   0|  0|   14|           7|           7|
    |add_ln58_63749_fu_6449_p2   |         +|   0|  0|   15|           8|           8|
    |add_ln58_63750_fu_6459_p2   |         +|   0|  0|   15|           8|           8|
    |add_ln58_63751_fu_6469_p2   |         +|   0|  0|   16|           9|           9|
    |add_ln58_63752_fu_9823_p2   |         +|   0|  0|   17|          10|          10|
    |add_ln58_63753_fu_9833_p2   |         +|   0|  0|   17|          11|          11|
    |add_ln58_63754_fu_9839_p2   |         +|   0|  0|   18|          10|          10|
    |add_ln58_63755_fu_9844_p2   |         +|   0|  0|   18|          10|          10|
    |add_ln58_63756_fu_6479_p2   |         +|   0|  0|   19|           8|           8|
    |add_ln58_63757_fu_9857_p2   |         +|   0|  0|   16|           9|           9|
    |add_ln58_63758_fu_9866_p2   |         +|   0|  0|   17|          11|          11|
    |add_ln58_63759_fu_6484_p2   |         +|   0|  0|   15|           8|           8|
    |add_ln58_63760_fu_6494_p2   |         +|   0|  0|   15|           8|           8|
    |add_ln58_63761_fu_6503_p2   |         +|   0|  0|   16|           9|           9|
    |add_ln58_63762_fu_6509_p2   |         +|   0|  0|   15|           8|           8|
    |add_ln58_63763_fu_6518_p2   |         +|   0|  0|   15|           8|           8|
    |add_ln58_63764_fu_6528_p2   |         +|   0|  0|   16|           9|           9|
    |add_ln58_63765_fu_9878_p2   |         +|   0|  0|   17|          10|          10|
    |add_ln58_63766_fu_9888_p2   |         +|   0|  0|   17|          11|          11|
    |add_ln58_63767_fu_6544_p2   |         +|   0|  0|   16|           9|           9|
    |add_ln58_63768_fu_9897_p2   |         +|   0|  0|   17|          10|          10|
    |add_ln58_63769_fu_6561_p2   |         +|   0|  0|   15|           8|           8|
    |add_ln58_63770_fu_6571_p2   |         +|   0|  0|   16|           9|           9|
    |add_ln58_63771_fu_9910_p2   |         +|   0|  0|   17|          11|          11|
    |add_ln58_63772_fu_6577_p2   |         +|   0|  0|   15|           8|           8|
    |add_ln58_63773_fu_6587_p2   |         +|   0|  0|   16|           9|           9|
    |add_ln58_63774_fu_9919_p2   |         +|   0|  0|   17|          10|          10|
    |add_ln58_63775_fu_9929_p2   |         +|   0|  0|   17|          11|          11|
    |add_ln58_63776_fu_6603_p2   |         +|   0|  0|   16|           9|           9|
    |add_ln58_63777_fu_6608_p2   |         +|   0|  0|   15|           8|           8|
    |add_ln58_63778_fu_9941_p2   |         +|   0|  0|   17|          10|          10|
    |add_ln58_63779_fu_6613_p2   |         +|   0|  0|   15|           8|           8|
    |add_ln58_63780_fu_6618_p2   |         +|   0|  0|   15|           8|           8|
    |add_ln58_63781_fu_9957_p2   |         +|   0|  0|   16|           9|           9|
    |add_ln58_63782_fu_9967_p2   |         +|   0|  0|   17|          11|          11|
    |add_ln58_63783_fu_1754_p2   |         +|   0|  0|   14|           7|           7|
    |add_ln58_63784_fu_6626_p2   |         +|   0|  0|   15|           8|           8|
    |add_ln58_63785_fu_6636_p2   |         +|   0|  0|   16|           9|           9|
    |add_ln58_63786_fu_6642_p2   |         +|   0|  0|   15|           8|           8|
    |add_ln58_63787_fu_6651_p2   |         +|   0|  0|   15|           8|           8|
    |add_ln58_63788_fu_6661_p2   |         +|   0|  0|   16|           9|           9|
    |add_ln58_63789_fu_9979_p2   |         +|   0|  0|   17|          10|          10|
    |add_ln58_63790_fu_9989_p2   |         +|   0|  0|   17|          11|          11|
    |add_ln58_63791_fu_9995_p2   |         +|   0|  0|   18|          10|          10|
    |add_ln58_63792_fu_6667_p2   |         +|   0|  0|   15|           8|           8|
    |add_ln58_63793_fu_10003_p2  |         +|   0|  0|   18|          10|          10|
    |add_ln58_63794_fu_6673_p2   |         +|   0|  0|   15|           8|           8|
    |add_ln58_63795_fu_6681_p2   |         +|   0|  0|   16|           9|           9|
    |add_ln58_63796_fu_10016_p2  |         +|   0|  0|   17|          11|          11|
    |add_ln58_63797_fu_6699_p2   |         +|   0|  0|   16|           9|           9|
    |add_ln58_63798_fu_1766_p2   |         +|   0|  0|   14|           7|           7|
    |add_ln58_63799_fu_6708_p2   |         +|   0|  0|   15|           8|           8|
    |add_ln58_63800_fu_6718_p2   |         +|   0|  0|   16|           9|           9|
    |add_ln58_63801_fu_10028_p2  |         +|   0|  0|   17|          10|          10|
    |add_ln58_63802_fu_10038_p2  |         +|   0|  0|   17|          11|          11|
    |add_ln58_63803_fu_6724_p2   |         +|   0|  0|   16|           9|           9|
    |add_ln58_63804_fu_6730_p2   |         +|   0|  0|   16|           9|           9|
    |add_ln58_63805_fu_10050_p2  |         +|   0|  0|   17|          10|          10|
    |add_ln58_63806_fu_6736_p2   |         +|   0|  0|   16|           9|           9|
    |add_ln58_63807_fu_10063_p2  |         +|   0|  0|   17|          11|          11|
    |add_ln58_63808_fu_6742_p2   |         +|   0|  0|   15|           8|           8|
    |add_ln58_63809_fu_6750_p2   |         +|   0|  0|   15|           8|           8|
    |add_ln58_63810_fu_6760_p2   |         +|   0|  0|   16|           9|           9|
    |add_ln58_63811_fu_6766_p2   |         +|   0|  0|   15|           8|           8|
    |add_ln58_63812_fu_6776_p2   |         +|   0|  0|   16|           9|           9|
    |add_ln58_63813_fu_10075_p2  |         +|   0|  0|   17|          10|          10|
    |add_ln58_63814_fu_10085_p2  |         +|   0|  0|   17|          11|          11|
    |add_ln58_63815_fu_10091_p2  |         +|   0|  0|   18|          10|          10|
    |add_ln58_63816_fu_6782_p2   |         +|   0|  0|   15|           8|           8|
    |add_ln58_63817_fu_10099_p2  |         +|   0|  0|   18|          10|          10|
    |add_ln58_63818_fu_6792_p2   |         +|   0|  0|   19|           8|           8|
    |add_ln58_63819_fu_6801_p2   |         +|   0|  0|   16|           9|           9|
    |add_ln58_63820_fu_10112_p2  |         +|   0|  0|   17|          11|          11|
    |add_ln58_63821_fu_6816_p2   |         +|   0|  0|   15|           8|           8|
    |add_ln58_63822_fu_6826_p2   |         +|   0|  0|   16|           9|           9|
    |add_ln58_63823_fu_6832_p2   |         +|   0|  0|   15|           8|           8|
    |add_ln58_63824_fu_6842_p2   |         +|   0|  0|   15|           8|           8|
    |add_ln58_63825_fu_6851_p2   |         +|   0|  0|   16|           9|           9|
    |add_ln58_63826_fu_10124_p2  |         +|   0|  0|   17|          10|          10|
    |add_ln58_63827_fu_10134_p2  |         +|   0|  0|   17|          11|          11|
    |add_ln58_63828_fu_6857_p2   |         +|   0|  0|   16|           9|           9|
    |add_ln58_63829_fu_6866_p2   |         +|   0|  0|   16|           9|           9|
    |add_ln58_63830_fu_10146_p2  |         +|   0|  0|   17|          10|          10|
    |add_ln58_63831_fu_10162_p2  |         +|   0|  0|   18|           9|           9|
    |add_ln58_63832_fu_10168_p2  |         +|   0|  0|   18|           9|           9|
    |add_ln58_63833_fu_10178_p2  |         +|   0|  0|   17|          11|          11|
    |add_ln58_63834_fu_6876_p2   |         +|   0|  0|   15|           8|           8|
    |add_ln58_63835_fu_6886_p2   |         +|   0|  0|   16|           9|           9|
    |add_ln58_63836_fu_6892_p2   |         +|   0|  0|   15|           8|           8|
    |add_ln58_63837_fu_6902_p2   |         +|   0|  0|   16|           9|           9|
    |add_ln58_63838_fu_10190_p2  |         +|   0|  0|   17|          10|          10|
    |add_ln58_63839_fu_10200_p2  |         +|   0|  0|   17|          11|          11|
    |add_ln58_63840_fu_10206_p2  |         +|   0|  0|   18|          10|          10|
    |add_ln58_63841_fu_10211_p2  |         +|   0|  0|   18|          10|          10|
    |add_ln58_63842_fu_6912_p2   |         +|   0|  0|   19|           8|           8|
    |add_ln58_63843_fu_6921_p2   |         +|   0|  0|   16|           9|           9|
    |add_ln58_63844_fu_10224_p2  |         +|   0|  0|   17|          11|          11|
    |add_ln58_63845_fu_1778_p2   |         +|   0|  0|   14|           7|           7|
    |add_ln58_63846_fu_6942_p2   |         +|   0|  0|   15|           8|           8|
    |add_ln58_63847_fu_6952_p2   |         +|   0|  0|   16|           9|           9|
    |add_ln58_63848_fu_6958_p2   |         +|   0|  0|   15|           8|           8|
    |add_ln58_63849_fu_6968_p2   |         +|   0|  0|   15|           8|           8|
    |add_ln58_63850_fu_6978_p2   |         +|   0|  0|   16|           9|           9|
    |add_ln58_63851_fu_10236_p2  |         +|   0|  0|   17|          10|          10|
    |add_ln58_63852_fu_10246_p2  |         +|   0|  0|   17|          11|          11|
    |add_ln58_63853_fu_10252_p2  |         +|   0|  0|   18|          10|          10|
    |add_ln58_63854_fu_10257_p2  |         +|   0|  0|   18|          10|          10|
    |add_ln58_63855_fu_6984_p2   |         +|   0|  0|   15|           8|           8|
    |add_ln58_63856_fu_6993_p2   |         +|   0|  0|   16|           9|           9|
    |add_ln58_63857_fu_10270_p2  |         +|   0|  0|   17|          11|          11|
    |add_ln58_63858_fu_1784_p2   |         +|   0|  0|   14|           7|           7|
    |add_ln58_63859_fu_7002_p2   |         +|   0|  0|   15|           8|           8|
    |add_ln58_63860_fu_7012_p2   |         +|   0|  0|   16|           9|           9|
    |add_ln58_63861_fu_7018_p2   |         +|   0|  0|   15|           8|           8|
    |add_ln58_63862_fu_7027_p2   |         +|   0|  0|   16|           9|           9|
    |add_ln58_63863_fu_10282_p2  |         +|   0|  0|   17|          10|          10|
    |add_ln58_63864_fu_10292_p2  |         +|   0|  0|   17|          11|          11|
    |add_ln58_63865_fu_10298_p2  |         +|   0|  0|   18|          10|          10|
    |add_ln58_63866_fu_7033_p2   |         +|   0|  0|   15|           8|           8|
    |add_ln58_63867_fu_10305_p2  |         +|   0|  0|   18|          10|          10|
    |add_ln58_63868_fu_7043_p2   |         +|   0|  0|   19|           8|           8|
    |add_ln58_63869_fu_7052_p2   |         +|   0|  0|   16|           9|           9|
    |add_ln58_63870_fu_10318_p2  |         +|   0|  0|   17|          11|          11|
    |add_ln58_63871_fu_1790_p2   |         +|   0|  0|   14|           7|           7|
    |add_ln58_63872_fu_7070_p2   |         +|   0|  0|   15|           8|           8|
    |add_ln58_63873_fu_7080_p2   |         +|   0|  0|   16|           9|           9|
    |add_ln58_63874_fu_7086_p2   |         +|   0|  0|   15|           8|           8|
    |add_ln58_63875_fu_7096_p2   |         +|   0|  0|   16|           9|           9|
    |add_ln58_63876_fu_10330_p2  |         +|   0|  0|   17|          10|          10|
    |add_ln58_63877_fu_10340_p2  |         +|   0|  0|   17|          11|          11|
    |add_ln58_63878_fu_10346_p2  |         +|   0|  0|   18|          10|          10|
    |add_ln58_63879_fu_7102_p2   |         +|   0|  0|   15|           8|           8|
    |add_ln58_63880_fu_10355_p2  |         +|   0|  0|   18|          10|          10|
    |add_ln58_63881_fu_10368_p2  |         +|   0|  0|   18|           9|           9|
    |add_ln58_63882_fu_10373_p2  |         +|   0|  0|   18|           9|           9|
    |add_ln58_63883_fu_10383_p2  |         +|   0|  0|   17|          11|          11|
    |add_ln58_63884_fu_7118_p2   |         +|   0|  0|   16|           9|           9|
    |add_ln58_63885_fu_7124_p2   |         +|   0|  0|   15|           8|           8|
    |add_ln58_63886_fu_7134_p2   |         +|   0|  0|   15|           8|           8|
    |add_ln58_63887_fu_7144_p2   |         +|   0|  0|   16|           9|           9|
    |add_ln58_63888_fu_10395_p2  |         +|   0|  0|   17|          10|          10|
    |add_ln58_63889_fu_10405_p2  |         +|   0|  0|   17|          11|          11|
    |add_ln58_63890_fu_10411_p2  |         +|   0|  0|   18|          10|          10|
    |add_ln58_63891_fu_7150_p2   |         +|   0|  0|   15|           8|           8|
    |add_ln58_63892_fu_10419_p2  |         +|   0|  0|   18|          10|          10|
    |add_ln58_63893_fu_7156_p2   |         +|   0|  0|   15|           8|           8|
    |add_ln58_63894_fu_7164_p2   |         +|   0|  0|   15|           8|           8|
    |add_ln58_63895_fu_7172_p2   |         +|   0|  0|   16|           9|           9|
    |add_ln58_63896_fu_10432_p2  |         +|   0|  0|   17|          11|          11|
    |add_ln58_63897_fu_7178_p2   |         +|   0|  0|   15|           8|           8|
    |add_ln58_63898_fu_7186_p2   |         +|   0|  0|   15|           8|           8|
    |add_ln58_63899_fu_7196_p2   |         +|   0|  0|   16|           9|           9|
    |add_ln58_63900_fu_7202_p2   |         +|   0|  0|   15|           8|           8|
    |add_ln58_63901_fu_7211_p2   |         +|   0|  0|   15|           8|           8|
    |add_ln58_63902_fu_7220_p2   |         +|   0|  0|   16|           9|           9|
    |add_ln58_63903_fu_10444_p2  |         +|   0|  0|   17|          10|          10|
    |add_ln58_63904_fu_10454_p2  |         +|   0|  0|   17|          11|          11|
    |add_ln58_63905_fu_7226_p2   |         +|   0|  0|   18|          10|          10|
    |add_ln58_63906_fu_7237_p2   |         +|   0|  0|   19|           8|           8|
    |add_ln58_63907_fu_7247_p2   |         +|   0|  0|   18|          10|          10|
    |add_ln58_63908_fu_7253_p2   |         +|   0|  0|   15|           8|           8|
    |add_ln58_63909_fu_7266_p2   |         +|   0|  0|   19|           8|           8|
    |add_ln58_63910_fu_7276_p2   |         +|   0|  0|   16|           9|           9|
    |add_ln58_63911_fu_10466_p2  |         +|   0|  0|   17|          11|          11|
    |add_ln58_63912_fu_7282_p2   |         +|   0|  0|   15|           8|           8|
    |add_ln58_63913_fu_7292_p2   |         +|   0|  0|   15|           8|           8|
    |add_ln58_63914_fu_7301_p2   |         +|   0|  0|   16|           9|           9|
    |add_ln58_63915_fu_7307_p2   |         +|   0|  0|   15|           8|           8|
    |add_ln58_63916_fu_7316_p2   |         +|   0|  0|   15|           8|           8|
    |add_ln58_63917_fu_7326_p2   |         +|   0|  0|   16|           9|           9|
    |add_ln58_63918_fu_10478_p2  |         +|   0|  0|   17|          10|          10|
    |add_ln58_63919_fu_10488_p2  |         +|   0|  0|   17|          11|          11|
    |add_ln58_63920_fu_7332_p2   |         +|   0|  0|   18|          10|          10|
    |add_ln58_63921_fu_7338_p2   |         +|   0|  0|   15|           8|           8|
    |add_ln58_63922_fu_7347_p2   |         +|   0|  0|   18|          10|          10|
    |add_ln58_63923_fu_7353_p2   |         +|   0|  0|   16|           9|           9|
    |add_ln58_63924_fu_10500_p2  |         +|   0|  0|   17|          11|          11|
    |add_ln58_63925_fu_7359_p2   |         +|   0|  0|   15|           8|           8|
    |add_ln58_63926_fu_7369_p2   |         +|   0|  0|   16|           9|           9|
    |add_ln58_63927_fu_7375_p2   |         +|   0|  0|   15|           8|           8|
    |add_ln58_63928_fu_7385_p2   |         +|   0|  0|   15|           8|           8|
    |add_ln58_63929_fu_7395_p2   |         +|   0|  0|   16|           9|           9|
    |add_ln58_63930_fu_10512_p2  |         +|   0|  0|   17|          10|          10|
    |add_ln58_63931_fu_10522_p2  |         +|   0|  0|   17|          11|          11|
    |add_ln58_63932_fu_7401_p2   |         +|   0|  0|   16|           9|           9|
    |add_ln58_63933_fu_7407_p2   |         +|   0|  0|   16|           9|           9|
    |add_ln58_63934_fu_10534_p2  |         +|   0|  0|   17|          10|          10|
    |add_ln58_63935_fu_7413_p2   |         +|   0|  0|   15|           8|           8|
    |add_ln58_63936_fu_7422_p2   |         +|   0|  0|   18|           9|           9|
    |add_ln58_63937_fu_7428_p2   |         +|   0|  0|   18|           9|           9|
    |add_ln58_63938_fu_10547_p2  |         +|   0|  0|   17|          11|          11|
    |add_ln58_63939_fu_7434_p2   |         +|   0|  0|   15|           8|           8|
    |add_ln58_63940_fu_1796_p2   |         +|   0|  0|   14|           7|           7|
    |add_ln58_63941_fu_7447_p2   |         +|   0|  0|   15|           8|           8|
    |add_ln58_63942_fu_7457_p2   |         +|   0|  0|   16|           9|           9|
    |add_ln58_63943_fu_7463_p2   |         +|   0|  0|   15|           8|           8|
    |add_ln58_63944_fu_7472_p2   |         +|   0|  0|   16|           9|           9|
    |add_ln58_63945_fu_10559_p2  |         +|   0|  0|   17|          10|          10|
    |add_ln58_63946_fu_10569_p2  |         +|   0|  0|   17|          11|          11|
    |add_ln58_fu_310_p2          |         +|   0|  0|   14|           7|           7|
    |sub_ln58_2215_fu_354_p2     |         -|   0|  0|   15|           8|           8|
    |sub_ln58_2216_fu_360_p2     |         -|   0|  0|   15|           8|           8|
    |sub_ln58_2217_fu_644_p2     |         -|   0|  0|   15|           8|           8|
    |sub_ln58_2218_fu_378_p2     |         -|   0|  0|   14|           7|           7|
    |sub_ln58_2219_fu_388_p2     |         -|   0|  0|   15|           8|           8|
    |sub_ln58_2220_fu_729_p2     |         -|   0|  0|   16|           9|           9|
    |sub_ln58_2221_fu_762_p2     |         -|   0|  0|   16|           9|           9|
    |sub_ln58_2222_fu_774_p2     |         -|   0|  0|   16|           9|           9|
    |sub_ln58_2223_fu_1861_p2    |         -|   0|  0|   16|           9|           9|
    |sub_ln58_2224_fu_1865_p2    |         -|   0|  0|   16|           9|           9|
    |sub_ln58_2225_fu_787_p2     |         -|   0|  0|   15|           8|           8|
    |sub_ln58_2226_fu_810_p2     |         -|   0|  0|   15|           8|           8|
    |sub_ln58_2227_fu_816_p2     |         -|   0|  0|   14|           7|           7|
    |sub_ln58_2228_fu_833_p2     |         -|   0|  0|   14|           7|           7|
    |sub_ln58_2229_fu_856_p2     |         -|   0|  0|   14|           7|           7|
    |sub_ln58_2230_fu_865_p2     |         -|   0|  0|   15|           8|           8|
    |sub_ln58_2231_fu_888_p2     |         -|   0|  0|   14|           7|           7|
    |sub_ln58_2232_fu_2064_p2    |         -|   0|  0|   15|           8|           8|
    |sub_ln58_2233_fu_2131_p2    |         -|   0|  0|   15|           8|           8|
    |sub_ln58_2234_fu_995_p2     |         -|   0|  0|   15|           8|           8|
    |sub_ln58_2235_fu_1001_p2    |         -|   0|  0|   14|           7|           7|
    |sub_ln58_2236_fu_2144_p2    |         -|   0|  0|   15|           8|           8|
    |sub_ln58_2237_fu_2232_p2    |         -|   0|  0|   15|           8|           8|
    |sub_ln58_2238_fu_2238_p2    |         -|   0|  0|   15|           8|           8|
    |sub_ln58_2239_fu_2248_p2    |         -|   0|  0|   19|           8|           8|
    |sub_ln58_2240_fu_1037_p2    |         -|   0|  0|   14|           7|           7|
    |sub_ln58_2241_fu_2265_p2    |         -|   0|  0|   15|           8|           8|
    |sub_ln58_2242_fu_2348_p2    |         -|   0|  0|   15|           8|           8|
    |sub_ln58_2243_fu_2358_p2    |         -|   0|  0|   15|           8|           8|
    |sub_ln58_2244_fu_1065_p2    |         -|   0|  0|   15|           8|           8|
    |sub_ln58_2245_fu_2477_p2    |         -|   0|  0|   15|           8|           8|
    |sub_ln58_2246_fu_2487_p2    |         -|   0|  0|   15|           8|           8|
    |sub_ln58_2247_fu_1107_p2    |         -|   0|  0|   15|           8|           8|
    |sub_ln58_2248_fu_1113_p2    |         -|   0|  0|   15|           8|           8|
    |sub_ln58_2249_fu_1119_p2    |         -|   0|  0|   15|           8|           8|
    |sub_ln58_2250_fu_1125_p2    |         -|   0|  0|   14|           7|           7|
    |sub_ln58_2251_fu_2533_p2    |         -|   0|  0|   15|           8|           8|
    |sub_ln58_2252_fu_2602_p2    |         -|   0|  0|   15|           8|           8|
    |sub_ln58_2253_fu_2612_p2    |         -|   0|  0|   15|           8|           8|
    |sub_ln58_2254_fu_1158_p2    |         -|   0|  0|   15|           8|           8|
    |sub_ln58_2255_fu_1168_p2    |         -|   0|  0|   15|           8|           8|
    |sub_ln58_2256_fu_1211_p2    |         -|   0|  0|   15|           8|           8|
    |sub_ln58_2257_fu_1217_p2    |         -|   0|  0|   14|           7|           7|
    |sub_ln58_2258_fu_1241_p2    |         -|   0|  0|   15|           8|           8|
    |sub_ln58_2259_fu_1247_p2    |         -|   0|  0|   15|           8|           8|
    |sub_ln58_2260_fu_2807_p2    |         -|   0|  0|   15|           8|           8|
    |sub_ln58_2261_fu_1253_p2    |         -|   0|  0|   14|           7|           7|
    |sub_ln58_2262_fu_2831_p2    |         -|   0|  0|   15|           8|           8|
    |sub_ln58_2263_fu_2887_p2    |         -|   0|  0|   15|           8|           8|
    |sub_ln58_2264_fu_2903_p2    |         -|   0|  0|   15|           8|           8|
    |sub_ln58_2265_fu_1271_p2    |         -|   0|  0|   15|           8|           8|
    |sub_ln58_2266_fu_2922_p2    |         -|   0|  0|   15|           8|           8|
    |sub_ln58_2267_fu_1277_p2    |         -|   0|  0|   15|           8|           8|
    |sub_ln58_2268_fu_2994_p2    |         -|   0|  0|   15|           8|           8|
    |sub_ln58_2269_fu_3009_p2    |         -|   0|  0|   15|           8|           8|
    |sub_ln58_2270_fu_3019_p2    |         -|   0|  0|   15|           8|           8|
    |sub_ln58_2271_fu_1301_p2    |         -|   0|  0|   14|           7|           7|
    |sub_ln58_2272_fu_3122_p2    |         -|   0|  0|   15|           8|           8|
    |sub_ln58_2273_fu_1324_p2    |         -|   0|  0|   14|           7|           7|
    |sub_ln58_2274_fu_3170_p2    |         -|   0|  0|   15|           8|           8|
    |sub_ln58_2275_fu_3214_p2    |         -|   0|  0|   15|           8|           8|
    |sub_ln58_2276_fu_1336_p2    |         -|   0|  0|   15|           8|           8|
    |sub_ln58_2277_fu_1342_p2    |         -|   0|  0|   15|           8|           8|
    |sub_ln58_2278_fu_3296_p2    |         -|   0|  0|   15|           8|           8|
    |sub_ln58_2279_fu_3311_p2    |         -|   0|  0|   15|           8|           8|
    |sub_ln58_2280_fu_3327_p2    |         -|   0|  0|   19|           8|           8|
    |sub_ln58_2281_fu_1360_p2    |         -|   0|  0|   15|           8|           8|
    |sub_ln58_2282_fu_3344_p2    |         -|   0|  0|   15|           8|           8|
    |sub_ln58_2283_fu_3365_p2    |         -|   0|  0|   19|           8|           8|
    |sub_ln58_2284_fu_1366_p2    |         -|   0|  0|   14|           7|           7|
    |sub_ln58_2285_fu_3437_p2    |         -|   0|  0|   15|           8|           8|
    |sub_ln58_2286_fu_1389_p2    |         -|   0|  0|   15|           8|           8|
    |sub_ln58_2287_fu_1395_p2    |         -|   0|  0|   15|           8|           8|
    |sub_ln58_2288_fu_1401_p2    |         -|   0|  0|   15|           8|           8|
    |sub_ln58_2289_fu_3479_p2    |         -|   0|  0|   15|           8|           8|
    |sub_ln58_2290_fu_3547_p2    |         -|   0|  0|   19|           8|           8|
    |sub_ln58_2291_fu_1419_p2    |         -|   0|  0|   14|           7|           7|
    |sub_ln58_2292_fu_3637_p2    |         -|   0|  0|   15|           8|           8|
    |sub_ln58_2293_fu_1443_p2    |         -|   0|  0|   15|           8|           8|
    |sub_ln58_2294_fu_3715_p2    |         -|   0|  0|   15|           8|           8|
    |sub_ln58_2295_fu_3730_p2    |         -|   0|  0|   15|           8|           8|
    |sub_ln58_2296_fu_1467_p2    |         -|   0|  0|   15|           8|           8|
    |sub_ln58_2297_fu_3842_p2    |         -|   0|  0|   15|           8|           8|
    |sub_ln58_2298_fu_3885_p2    |         -|   0|  0|   15|           8|           8|
    |sub_ln58_2299_fu_1479_p2    |         -|   0|  0|   15|           8|           8|
    |sub_ln58_2300_fu_1503_p2    |         -|   0|  0|   15|           8|           8|
    |sub_ln58_2301_fu_4016_p2    |         -|   0|  0|   19|           8|           8|
    |sub_ln58_2302_fu_1521_p2    |         -|   0|  0|   15|           8|           8|
    |sub_ln58_2303_fu_4108_p2    |         -|   0|  0|   15|           8|           8|
    |sub_ln58_2304_fu_1539_p2    |         -|   0|  0|   14|           7|           7|
    |sub_ln58_2305_fu_4183_p2    |         -|   0|  0|   15|           8|           8|
    |sub_ln58_2306_fu_4279_p2    |         -|   0|  0|   15|           8|           8|
    |sub_ln58_2307_fu_4328_p2    |         -|   0|  0|   15|           8|           8|
    |sub_ln58_2308_fu_4338_p2    |         -|   0|  0|   15|           8|           8|
    |sub_ln58_2309_fu_4363_p2    |         -|   0|  0|   15|           8|           8|
    |sub_ln58_2310_fu_1557_p2    |         -|   0|  0|   14|           7|           7|
    |sub_ln58_2311_fu_4386_p2    |         -|   0|  0|   15|           8|           8|
    |sub_ln58_2312_fu_4439_p2    |         -|   0|  0|   15|           8|           8|
    |sub_ln58_2313_fu_4457_p2    |         -|   0|  0|   15|           8|           8|
    |sub_ln58_2314_fu_1581_p2    |         -|   0|  0|   15|           8|           8|
    |sub_ln58_2315_fu_4674_p2    |         -|   0|  0|   15|           8|           8|
    |sub_ln58_2316_fu_1593_p2    |         -|   0|  0|   15|           8|           8|
    |sub_ln58_2317_fu_4737_p2    |         -|   0|  0|   15|           8|           8|
    |sub_ln58_2318_fu_4753_p2    |         -|   0|  0|   15|           8|           8|
    |sub_ln58_2319_fu_4771_p2    |         -|   0|  0|   19|           8|           8|
    |sub_ln58_2320_fu_1617_p2    |         -|   0|  0|   15|           8|           8|
    |sub_ln58_2321_fu_1623_p2    |         -|   0|  0|   14|           7|           7|
    |sub_ln58_2322_fu_4876_p2    |         -|   0|  0|   15|           8|           8|
    |sub_ln58_2323_fu_4922_p2    |         -|   0|  0|   19|           8|           8|
    |sub_ln58_2324_fu_4933_p2    |         -|   0|  0|   19|           8|           8|
    |sub_ln58_2325_fu_4961_p2    |         -|   0|  0|   15|           8|           8|
    |sub_ln58_2326_fu_5005_p2    |         -|   0|  0|   15|           8|           8|
    |sub_ln58_2327_fu_5085_p2    |         -|   0|  0|   19|           8|           8|
    |sub_ln58_2328_fu_1641_p2    |         -|   0|  0|   15|           8|           8|
    |sub_ln58_2329_fu_5287_p2    |         -|   0|  0|   15|           8|           8|
    |sub_ln58_2330_fu_5353_p2    |         -|   0|  0|   15|           8|           8|
    |sub_ln58_2331_fu_5369_p2    |         -|   0|  0|   15|           8|           8|
    |sub_ln58_2332_fu_5377_p2    |         -|   0|  0|   15|           8|           8|
    |sub_ln58_2333_fu_1671_p2    |         -|   0|  0|   14|           7|           7|
    |sub_ln58_2334_fu_5583_p2    |         -|   0|  0|   15|           8|           8|
    |sub_ln58_2335_fu_1694_p2    |         -|   0|  0|   15|           8|           8|
    |sub_ln58_2336_fu_5747_p2    |         -|   0|  0|   15|           8|           8|
    |sub_ln58_2337_fu_5802_p2    |         -|   0|  0|   15|           8|           8|
    |sub_ln58_2338_fu_5824_p2    |         -|   0|  0|   19|           8|           8|
    |sub_ln58_2339_fu_5898_p2    |         -|   0|  0|   19|           8|           8|
    |sub_ln58_2340_fu_1712_p2    |         -|   0|  0|   14|           7|           7|
    |sub_ln58_2341_fu_5983_p2    |         -|   0|  0|   19|           8|           8|
    |sub_ln58_2342_fu_5997_p2    |         -|   0|  0|   15|           8|           8|
    |sub_ln58_2343_fu_6058_p2    |         -|   0|  0|   15|           8|           8|
    |sub_ln58_2344_fu_6144_p2    |         -|   0|  0|   15|           8|           8|
    |sub_ln58_2345_fu_6319_p2    |         -|   0|  0|   19|           8|           8|
    |sub_ln58_2346_fu_6362_p2    |         -|   0|  0|   15|           8|           8|
    |sub_ln58_2347_fu_6475_p2    |         -|   0|  0|   19|           8|           8|
    |sub_ln58_2348_fu_6534_p2    |         -|   0|  0|   15|           8|           8|
    |sub_ln58_2349_fu_1748_p2    |         -|   0|  0|   14|           7|           7|
    |sub_ln58_2350_fu_6552_p2    |         -|   0|  0|   15|           8|           8|
    |sub_ln58_2351_fu_6593_p2    |         -|   0|  0|   15|           8|           8|
    |sub_ln58_2352_fu_1760_p2    |         -|   0|  0|   14|           7|           7|
    |sub_ln58_2353_fu_6690_p2    |         -|   0|  0|   15|           8|           8|
    |sub_ln58_2354_fu_6788_p2    |         -|   0|  0|   19|           8|           8|
    |sub_ln58_2355_fu_6807_p2    |         -|   0|  0|   15|           8|           8|
    |sub_ln58_2356_fu_6872_p2    |         -|   0|  0|   15|           8|           8|
    |sub_ln58_2357_fu_6908_p2    |         -|   0|  0|   19|           8|           8|
    |sub_ln58_2358_fu_1772_p2    |         -|   0|  0|   14|           7|           7|
    |sub_ln58_2359_fu_6930_p2    |         -|   0|  0|   15|           8|           8|
    |sub_ln58_2360_fu_7039_p2    |         -|   0|  0|   19|           8|           8|
    |sub_ln58_2361_fu_7058_p2    |         -|   0|  0|   15|           8|           8|
    |sub_ln58_2362_fu_7108_p2    |         -|   0|  0|   15|           8|           8|
    |sub_ln58_2363_fu_7232_p2    |         -|   0|  0|   19|           8|           8|
    |sub_ln58_2364_fu_7261_p2    |         -|   0|  0|   19|           8|           8|
    |sub_ln58_40_fu_320_p2       |         -|   0|  0|   14|           7|           7|
    |sub_ln58_41_fu_330_p2       |         -|   0|  0|   14|           7|           7|
    |sub_ln58_42_fu_648_p2       |         -|   0|  0|   19|           8|           8|
    |sub_ln58_fu_639_p2          |         -|   0|  0|   19|           1|           8|
    |sub_ln73_1461_fu_290_p2     |         -|   0|  0|   14|           1|           7|
    |sub_ln73_1462_fu_300_p2     |         -|   0|  0|   14|           1|           7|
    |sub_ln73_1463_fu_400_p2     |         -|   0|  0|   14|           1|           7|
    |sub_ln73_1464_fu_408_p2     |         -|   0|  0|   14|           1|           7|
    |sub_ln73_1465_fu_417_p2     |         -|   0|  0|   14|           1|           7|
    |sub_ln73_1466_fu_426_p2     |         -|   0|  0|   14|           1|           7|
    |sub_ln73_1467_fu_435_p2     |         -|   0|  0|   14|           1|           7|
    |sub_ln73_1468_fu_444_p2     |         -|   0|  0|   14|           1|           7|
    |sub_ln73_1469_fu_453_p2     |         -|   0|  0|   14|           1|           7|
    |sub_ln73_1470_fu_462_p2     |         -|   0|  0|   14|           1|           7|
    |sub_ln73_1471_fu_471_p2     |         -|   0|  0|   14|           1|           7|
    |sub_ln73_1472_fu_480_p2     |         -|   0|  0|   14|           1|           7|
    |sub_ln73_1473_fu_489_p2     |         -|   0|  0|   14|           1|           7|
    |sub_ln73_1474_fu_498_p2     |         -|   0|  0|   14|           1|           7|
    |sub_ln73_1475_fu_507_p2     |         -|   0|  0|   14|           1|           7|
    |sub_ln73_1476_fu_516_p2     |         -|   0|  0|   14|           1|           7|
    |sub_ln73_1477_fu_525_p2     |         -|   0|  0|   14|           1|           7|
    |sub_ln73_1478_fu_534_p2     |         -|   0|  0|   14|           1|           7|
    |sub_ln73_1479_fu_543_p2     |         -|   0|  0|   14|           1|           7|
    |sub_ln73_1480_fu_552_p2     |         -|   0|  0|   14|           1|           7|
    |sub_ln73_1481_fu_561_p2     |         -|   0|  0|   14|           1|           7|
    |sub_ln73_1482_fu_570_p2     |         -|   0|  0|   14|           1|           7|
    |sub_ln73_1483_fu_579_p2     |         -|   0|  0|   14|           1|           7|
    |sub_ln73_1484_fu_588_p2     |         -|   0|  0|   14|           1|           7|
    |sub_ln73_1485_fu_597_p2     |         -|   0|  0|   14|           1|           7|
    |sub_ln73_1486_fu_606_p2     |         -|   0|  0|   14|           1|           7|
    |sub_ln73_1487_fu_615_p2     |         -|   0|  0|   14|           1|           7|
    |sub_ln73_1488_fu_624_p2     |         -|   0|  0|   14|           1|           7|
    |sub_ln73_1489_fu_633_p2     |         -|   0|  0|   14|           1|           7|
    +----------------------------+----------+----+---+-----+------------+------------+
    |Total                       |          |   0|  0|18667|       10082|       10263|
    +----------------------------+----------+----+---+-----+------------+------------+

    * Multiplexer: 
    N/A

    * Register: 
    +------------------------------------------+----+----+-----+-----------+
    |                   Name                   | FF | LUT| Bits| Const Bits|
    +------------------------------------------+----+----+-----+-----------+
    |add_ln58_62957_reg_11183                  |   8|   0|    8|          0|
    |add_ln58_62957_reg_11183_pp0_iter1_reg    |   8|   0|    8|          0|
    |add_ln58_62958_reg_11201                  |   8|   0|    8|          0|
    |add_ln58_62959_reg_11207                  |   8|   0|    8|          0|
    |add_ln58_62961_reg_11301                  |   8|   0|    8|          0|
    |add_ln58_62964_reg_11321                  |   8|   0|    8|          0|
    |add_ln58_62965_reg_11326                  |   8|   0|    8|          0|
    |add_ln58_62966_reg_11331                  |   8|   0|    8|          0|
    |add_ln58_62969_reg_11360                  |   9|   0|    9|          0|
    |add_ln58_62972_reg_11366                  |   9|   0|    9|          0|
    |add_ln58_62975_reg_11378                  |   9|   0|    9|          0|
    |add_ln58_62977_reg_11390                  |   7|   0|    7|          0|
    |add_ln58_62980_reg_11395                  |   9|   0|    9|          0|
    |add_ln58_62984_reg_11218                  |   7|   0|    7|          0|
    |add_ln58_62985_reg_11422                  |   9|   0|    9|          0|
    |add_ln58_62986_reg_11427                  |   9|   0|    9|          0|
    |add_ln58_62987_reg_11433                  |   9|   0|    9|          0|
    |add_ln58_62990_reg_11454                  |   9|   0|    9|          0|
    |add_ln58_62991_reg_12469                  |   9|   0|    9|          0|
    |add_ln58_62992_reg_11460                  |   7|   0|    7|          0|
    |add_ln58_62994_reg_12474                  |   9|   0|    9|          0|
    |add_ln58_62995_reg_12479                  |   9|   0|    9|          0|
    |add_ln58_62997_reg_11466                  |   7|   0|    7|          0|
    |add_ln58_62999_reg_12484                  |   9|   0|    9|          0|
    |add_ln58_63001_reg_12494                  |   9|   0|    9|          0|
    |add_ln58_63003_reg_12499                  |   9|   0|    9|          0|
    |add_ln58_63007_reg_11477                  |   7|   0|    7|          0|
    |add_ln58_63009_reg_12509                  |  10|   0|   10|          0|
    |add_ln58_63010_reg_12524                  |  10|   0|   10|          0|
    |add_ln58_63011_reg_11482                  |   7|   0|    7|          0|
    |add_ln58_63012_reg_12530                  |  10|   0|   10|          0|
    |add_ln58_63014_reg_12541                  |   8|   0|    8|          0|
    |add_ln58_63016_reg_11760                  |   7|   0|    7|          0|
    |add_ln58_63018_reg_12546                  |   9|   0|    9|          0|
    |add_ln58_63020_reg_11765                  |   7|   0|    7|          0|
    |add_ln58_63022_reg_11770                  |   7|   0|    7|          0|
    |add_ln58_63024_reg_12551                  |   9|   0|    9|          0|
    |add_ln58_63025_reg_11775                  |   7|   0|    7|          0|
    |add_ln58_63027_reg_11780                  |   7|   0|    7|          0|
    |add_ln58_63029_reg_12556                  |   9|   0|    9|          0|
    |add_ln58_63033_reg_12566                  |   8|   0|    8|          0|
    |add_ln58_63036_reg_12571                  |   9|   0|    9|          0|
    |add_ln58_63038_reg_11790                  |   7|   0|    7|          0|
    |add_ln58_63040_reg_11795                  |   7|   0|    7|          0|
    |add_ln58_63042_reg_12576                  |   9|   0|    9|          0|
    |add_ln58_63043_reg_11800                  |   7|   0|    7|          0|
    |add_ln58_63046_reg_12581                  |   9|   0|    9|          0|
    |add_ln58_63049_reg_12586                  |   9|   0|    9|          0|
    |add_ln58_63050_reg_12591                  |   9|   0|    9|          0|
    |add_ln58_63054_reg_12596                  |   9|   0|    9|          0|
    |add_ln58_63056_reg_11817                  |   7|   0|    7|          0|
    |add_ln58_63058_reg_11822                  |   7|   0|    7|          0|
    |add_ln58_63059_reg_11827                  |   7|   0|    7|          0|
    |add_ln58_63061_reg_12601                  |   9|   0|    9|          0|
    |add_ln58_63062_reg_11832                  |   7|   0|    7|          0|
    |add_ln58_63064_reg_11837                  |   7|   0|    7|          0|
    |add_ln58_63065_reg_11842                  |   7|   0|    7|          0|
    |add_ln58_63067_reg_12606                  |   9|   0|    9|          0|
    |add_ln58_63070_reg_12611                  |   9|   0|    9|          0|
    |add_ln58_63071_reg_12616                  |   9|   0|    9|          0|
    |add_ln58_63075_reg_12621                  |   9|   0|    9|          0|
    |add_ln58_63077_reg_11882                  |   7|   0|    7|          0|
    |add_ln58_63078_reg_11887                  |   7|   0|    7|          0|
    |add_ln58_63080_reg_12626                  |   9|   0|    9|          0|
    |add_ln58_63081_reg_11892                  |   7|   0|    7|          0|
    |add_ln58_63083_reg_11897                  |   7|   0|    7|          0|
    |add_ln58_63085_reg_12631                  |   9|   0|    9|          0|
    |add_ln58_63088_reg_12636                  |   9|   0|    9|          0|
    |add_ln58_63089_reg_12646                  |   9|   0|    9|          0|
    |add_ln58_63092_reg_12651                  |   9|   0|    9|          0|
    |add_ln58_63097_reg_11922                  |   8|   0|    8|          0|
    |add_ln58_63098_reg_12656                  |   9|   0|    9|          0|
    |add_ln58_63099_reg_11927                  |   7|   0|    7|          0|
    |add_ln58_63101_reg_11932                  |   7|   0|    7|          0|
    |add_ln58_63103_reg_12661                  |   9|   0|    9|          0|
    |add_ln58_63106_reg_12666                  |   9|   0|    9|          0|
    |add_ln58_63107_reg_12671                  |   8|   0|    8|          0|
    |add_ln58_63111_reg_12677                  |   9|   0|    9|          0|
    |add_ln58_63114_reg_11949                  |   7|   0|    7|          0|
    |add_ln58_63115_reg_11954                  |   7|   0|    7|          0|
    |add_ln58_63117_reg_12682                  |   9|   0|    9|          0|
    |add_ln58_63118_reg_11959                  |   7|   0|    7|          0|
    |add_ln58_63120_reg_12687                  |   9|   0|    9|          0|
    |add_ln58_63123_reg_12692                  |   9|   0|    9|          0|
    |add_ln58_63124_reg_12697                  |   8|   0|    8|          0|
    |add_ln58_63128_reg_12702                  |   9|   0|    9|          0|
    |add_ln58_63131_reg_12707                  |   9|   0|    9|          0|
    |add_ln58_63132_reg_11982                  |   7|   0|    7|          0|
    |add_ln58_63134_reg_11987                  |   7|   0|    7|          0|
    |add_ln58_63136_reg_12712                  |   9|   0|    9|          0|
    |add_ln58_63139_reg_12722                  |   9|   0|    9|          0|
    |add_ln58_63140_reg_12727                  |   9|   0|    9|          0|
    |add_ln58_63142_reg_12732                  |   8|   0|    8|          0|
    |add_ln58_63143_reg_12737                  |   9|   0|    9|          0|
    |add_ln58_63146_reg_12007                  |   7|   0|    7|          0|
    |add_ln58_63148_reg_12012                  |   7|   0|    7|          0|
    |add_ln58_63149_reg_12017                  |   7|   0|    7|          0|
    |add_ln58_63151_reg_12743                  |   9|   0|    9|          0|
    |add_ln58_63153_reg_12748                  |   9|   0|    9|          0|
    |add_ln58_63156_reg_12753                  |   9|   0|    9|          0|
    |add_ln58_63157_reg_12758                  |   9|   0|    9|          0|
    |add_ln58_63161_reg_12763                  |   9|   0|    9|          0|
    |add_ln58_63163_reg_12027                  |   7|   0|    7|          0|
    |add_ln58_63165_reg_12032                  |   7|   0|    7|          0|
    |add_ln58_63167_reg_12768                  |   9|   0|    9|          0|
    |add_ln58_63169_reg_12037                  |   7|   0|    7|          0|
    |add_ln58_63171_reg_12773                  |   9|   0|    9|          0|
    |add_ln58_63176_reg_12783                  |  10|   0|   10|          0|
    |add_ln58_63178_reg_12788                  |   9|   0|    9|          0|
    |add_ln58_63181_reg_12793                  |   9|   0|    9|          0|
    |add_ln58_63182_reg_12047                  |   7|   0|    7|          0|
    |add_ln58_63184_reg_12798                  |   9|   0|    9|          0|
    |add_ln58_63188_reg_12803                  |   8|   0|    8|          0|
    |add_ln58_63192_reg_12808                  |   9|   0|    9|          0|
    |add_ln58_63196_reg_12813                  |   9|   0|    9|          0|
    |add_ln58_63197_reg_12067                  |   7|   0|    7|          0|
    |add_ln58_63198_reg_12072                  |   7|   0|    7|          0|
    |add_ln58_63200_reg_12818                  |   9|   0|    9|          0|
    |add_ln58_63203_reg_12823                  |   9|   0|    9|          0|
    |add_ln58_63204_reg_12828                  |   9|   0|    9|          0|
    |add_ln58_63208_reg_12833                  |   9|   0|    9|          0|
    |add_ln58_63212_reg_12838                  |   9|   0|    9|          0|
    |add_ln58_63213_reg_12090                  |   7|   0|    7|          0|
    |add_ln58_63215_reg_12095                  |   7|   0|    7|          0|
    |add_ln58_63216_reg_12100                  |   7|   0|    7|          0|
    |add_ln58_63218_reg_12843                  |   9|   0|    9|          0|
    |add_ln58_63221_reg_12848                  |   9|   0|    9|          0|
    |add_ln58_63222_reg_12853                  |   8|   0|    8|          0|
    |add_ln58_63226_reg_12858                  |   9|   0|    9|          0|
    |add_ln58_63229_reg_12863                  |   9|   0|    9|          0|
    |add_ln58_63230_reg_12124                  |   7|   0|    7|          0|
    |add_ln58_63232_reg_12129                  |   7|   0|    7|          0|
    |add_ln58_63234_reg_12868                  |   9|   0|    9|          0|
    |add_ln58_63237_reg_12873                  |   9|   0|    9|          0|
    |add_ln58_63238_reg_12878                  |   9|   0|    9|          0|
    |add_ln58_63241_reg_12139                  |   7|   0|    7|          0|
    |add_ln58_63243_reg_12883                  |   9|   0|    9|          0|
    |add_ln58_63247_reg_12888                  |   9|   0|    9|          0|
    |add_ln58_63248_reg_12144                  |   7|   0|    7|          0|
    |add_ln58_63249_reg_12149                  |   7|   0|    7|          0|
    |add_ln58_63251_reg_12893                  |   9|   0|    9|          0|
    |add_ln58_63254_reg_12898                  |   9|   0|    9|          0|
    |add_ln58_63255_reg_12903                  |   8|   0|    8|          0|
    |add_ln58_63259_reg_12908                  |   9|   0|    9|          0|
    |add_ln58_63262_reg_12913                  |   9|   0|    9|          0|
    |add_ln58_63263_reg_12161                  |   7|   0|    7|          0|
    |add_ln58_63264_reg_12166                  |   7|   0|    7|          0|
    |add_ln58_63266_reg_12918                  |   9|   0|    9|          0|
    |add_ln58_63269_reg_12923                  |   9|   0|    9|          0|
    |add_ln58_63270_reg_12928                  |   9|   0|    9|          0|
    |add_ln58_63274_reg_12933                  |   9|   0|    9|          0|
    |add_ln58_63276_reg_12171                  |   7|   0|    7|          0|
    |add_ln58_63279_reg_12938                  |   9|   0|    9|          0|
    |add_ln58_63282_reg_12943                  |   9|   0|    9|          0|
    |add_ln58_63286_reg_12948                  |   8|   0|    8|          0|
    |add_ln58_63289_reg_12954                  |   9|   0|    9|          0|
    |add_ln58_63291_reg_12959                  |   9|   0|    9|          0|
    |add_ln58_63292_reg_12183                  |   7|   0|    7|          0|
    |add_ln58_63295_reg_12964                  |   9|   0|    9|          0|
    |add_ln58_63300_reg_12969                  |  10|   0|   10|          0|
    |add_ln58_63302_reg_12974                  |   9|   0|    9|          0|
    |add_ln58_63304_reg_12194                  |   7|   0|    7|          0|
    |add_ln58_63306_reg_12979                  |   9|   0|    9|          0|
    |add_ln58_63307_reg_12199                  |   7|   0|    7|          0|
    |add_ln58_63309_reg_12204                  |   7|   0|    7|          0|
    |add_ln58_63311_reg_12984                  |   9|   0|    9|          0|
    |add_ln58_63314_reg_12989                  |   9|   0|    9|          0|
    |add_ln58_63315_reg_12994                  |   9|   0|    9|          0|
    |add_ln58_63319_reg_12999                  |   9|   0|    9|          0|
    |add_ln58_63322_reg_12215                  |   7|   0|    7|          0|
    |add_ln58_63324_reg_13004                  |   9|   0|    9|          0|
    |add_ln58_63325_reg_12220                  |   7|   0|    7|          0|
    |add_ln58_63327_reg_13009                  |   9|   0|    9|          0|
    |add_ln58_63334_reg_13020                  |   9|   0|    9|          0|
    |add_ln58_63337_reg_12232                  |   7|   0|    7|          0|
    |add_ln58_63338_reg_13025                  |   9|   0|    9|          0|
    |add_ln58_63340_reg_12237                  |   7|   0|    7|          0|
    |add_ln58_63342_reg_13030                  |   9|   0|    9|          0|
    |add_ln58_63346_reg_13035                  |   8|   0|    8|          0|
    |add_ln58_63350_reg_13040                  |   9|   0|    9|          0|
    |add_ln58_63353_reg_13045                  |   9|   0|    9|          0|
    |add_ln58_63355_reg_12247                  |   7|   0|    7|          0|
    |add_ln58_63357_reg_13050                  |   9|   0|    9|          0|
    |add_ln58_63362_reg_13055                  |  10|   0|   10|          0|
    |add_ln58_63365_reg_13060                  |   9|   0|    9|          0|
    |add_ln58_63367_reg_13065                  |   9|   0|    9|          0|
    |add_ln58_63368_reg_12252                  |   7|   0|    7|          0|
    |add_ln58_63371_reg_13070                  |   9|   0|    9|          0|
    |add_ln58_63374_reg_13075                  |   9|   0|    9|          0|
    |add_ln58_63375_reg_13080                  |   9|   0|    9|          0|
    |add_ln58_63379_reg_13085                  |   9|   0|    9|          0|
    |add_ln58_63382_reg_13090                  |   9|   0|    9|          0|
    |add_ln58_63383_reg_12262                  |   7|   0|    7|          0|
    |add_ln58_63386_reg_13095                  |   9|   0|    9|          0|
    |add_ln58_63389_reg_13100                  |   9|   0|    9|          0|
    |add_ln58_63390_reg_13105                  |   9|   0|    9|          0|
    |add_ln58_63394_reg_13110                  |   9|   0|    9|          0|
    |add_ln58_63397_reg_13115                  |   9|   0|    9|          0|
    |add_ln58_63399_reg_12267                  |   7|   0|    7|          0|
    |add_ln58_63401_reg_13120                  |   9|   0|    9|          0|
    |add_ln58_63404_reg_13125                  |   9|   0|    9|          0|
    |add_ln58_63405_reg_13130                  |   9|   0|    9|          0|
    |add_ln58_63407_reg_13135                  |   8|   0|    8|          0|
    |add_ln58_63408_reg_13140                  |   8|   0|    8|          0|
    |add_ln58_63413_reg_13145                  |   9|   0|    9|          0|
    |add_ln58_63414_reg_12272                  |   7|   0|    7|          0|
    |add_ln58_63416_reg_13150                  |   9|   0|    9|          0|
    |add_ln58_63419_reg_13155                  |   9|   0|    9|          0|
    |add_ln58_63420_reg_13160                  |   9|   0|    9|          0|
    |add_ln58_63422_reg_13165                  |   8|   0|    8|          0|
    |add_ln58_63427_reg_12283                  |   7|   0|    7|          0|
    |add_ln58_63429_reg_13177                  |   9|   0|    9|          0|
    |add_ln58_63431_reg_13182                  |   9|   0|    9|          0|
    |add_ln58_63435_reg_13187                  |   8|   0|    8|          0|
    |add_ln58_63437_reg_13192                  |   8|   0|    8|          0|
    |add_ln58_63442_reg_12295                  |   7|   0|    7|          0|
    |add_ln58_63444_reg_13203                  |   9|   0|    9|          0|
    |add_ln58_63446_reg_13208                  |   9|   0|    9|          0|
    |add_ln58_63449_reg_13213                  |   9|   0|    9|          0|
    |add_ln58_63450_reg_13218                  |   9|   0|    9|          0|
    |add_ln58_63453_reg_13223                  |   9|   0|    9|          0|
    |add_ln58_63456_reg_12300                  |   7|   0|    7|          0|
    |add_ln58_63458_reg_13228                  |   9|   0|    9|          0|
    |add_ln58_63459_reg_12305                  |   7|   0|    7|          0|
    |add_ln58_63462_reg_13233                  |   9|   0|    9|          0|
    |add_ln58_63466_reg_13238                  |   8|   0|    8|          0|
    |add_ln58_63469_reg_13243                  |   9|   0|    9|          0|
    |add_ln58_63472_reg_13248                  |   9|   0|    9|          0|
    |add_ln58_63474_reg_13253                  |   9|   0|    9|          0|
    |add_ln58_63477_reg_13258                  |   9|   0|    9|          0|
    |add_ln58_63478_reg_13263                  |   8|   0|    8|          0|
    |add_ln58_63482_reg_13268                  |   9|   0|    9|          0|
    |add_ln58_63484_reg_13273                  |   9|   0|    9|          0|
    |add_ln58_63486_reg_12322                  |   7|   0|    7|          0|
    |add_ln58_63488_reg_13278                  |   9|   0|    9|          0|
    |add_ln58_63491_reg_13283                  |   9|   0|    9|          0|
    |add_ln58_63495_reg_13288                  |   9|   0|    9|          0|
    |add_ln58_63498_reg_12327                  |   7|   0|    7|          0|
    |add_ln58_63500_reg_13293                  |   9|   0|    9|          0|
    |add_ln58_63502_reg_13298                  |   9|   0|    9|          0|
    |add_ln58_63506_reg_13303                  |   8|   0|    8|          0|
    |add_ln58_63509_reg_12338                  |   7|   0|    7|          0|
    |add_ln58_63511_reg_13308                  |   9|   0|    9|          0|
    |add_ln58_63514_reg_13313                  |   9|   0|    9|          0|
    |add_ln58_63515_reg_12343                  |   7|   0|    7|          0|
    |add_ln58_63517_reg_13318                  |   9|   0|    9|          0|
    |add_ln58_63521_reg_13323                  |  10|   0|   10|          0|
    |add_ln58_63523_reg_13328                  |   9|   0|    9|          0|
    |add_ln58_63526_reg_13333                  |   9|   0|    9|          0|
    |add_ln58_63528_reg_13338                  |   9|   0|    9|          0|
    |add_ln58_63531_reg_13343                  |   9|   0|    9|          0|
    |add_ln58_63533_reg_13348                  |   9|   0|    9|          0|
    |add_ln58_63537_reg_13353                  |   9|   0|    9|          0|
    |add_ln58_63539_reg_12348                  |   7|   0|    7|          0|
    |add_ln58_63541_reg_13358                  |   9|   0|    9|          0|
    |add_ln58_63545_reg_13368                  |   8|   0|    8|          0|
    |add_ln58_63548_reg_13373                  |   9|   0|    9|          0|
    |add_ln58_63551_reg_13378                  |   9|   0|    9|          0|
    |add_ln58_63552_reg_12353                  |   7|   0|    7|          0|
    |add_ln58_63554_reg_13383                  |   9|   0|    9|          0|
    |add_ln58_63557_reg_13388                  |   9|   0|    9|          0|
    |add_ln58_63558_reg_13393                  |   9|   0|    9|          0|
    |add_ln58_63562_reg_13398                  |   9|   0|    9|          0|
    |add_ln58_63565_reg_13403                  |   9|   0|    9|          0|
    |add_ln58_63566_reg_12363                  |   7|   0|    7|          0|
    |add_ln58_63568_reg_12368                  |   7|   0|    7|          0|
    |add_ln58_63570_reg_13408                  |   9|   0|    9|          0|
    |add_ln58_63573_reg_13413                  |   9|   0|    9|          0|
    |add_ln58_63576_reg_13418                  |   9|   0|    9|          0|
    |add_ln58_63579_reg_13423                  |   9|   0|    9|          0|
    |add_ln58_63580_reg_12373                  |   7|   0|    7|          0|
    |add_ln58_63582_reg_13428                  |   9|   0|    9|          0|
    |add_ln58_63589_reg_13433                  |   9|   0|    9|          0|
    |add_ln58_63593_reg_13438                  |   9|   0|    9|          0|
    |add_ln58_63596_reg_13443                  |   9|   0|    9|          0|
    |add_ln58_63599_reg_13448                  |   9|   0|    9|          0|
    |add_ln58_63603_reg_13453                  |   9|   0|    9|          0|
    |add_ln58_63607_reg_13458                  |   9|   0|    9|          0|
    |add_ln58_63609_reg_13463                  |   9|   0|    9|          0|
    |add_ln58_63612_reg_13468                  |   9|   0|    9|          0|
    |add_ln58_63613_reg_13473                  |   9|   0|    9|          0|
    |add_ln58_63616_reg_13478                  |   9|   0|    9|          0|
    |add_ln58_63620_reg_13483                  |   9|   0|    9|          0|
    |add_ln58_63622_reg_12384                  |   7|   0|    7|          0|
    |add_ln58_63624_reg_13488                  |   9|   0|    9|          0|
    |add_ln58_63629_reg_13493                  |   8|   0|    8|          0|
    |add_ln58_63632_reg_13498                  |   9|   0|    9|          0|
    |add_ln58_63635_reg_13503                  |   9|   0|    9|          0|
    |add_ln58_63638_reg_13508                  |   9|   0|    9|          0|
    |add_ln58_63639_reg_13513                  |   9|   0|    9|          0|
    |add_ln58_63642_reg_13518                  |   9|   0|    9|          0|
    |add_ln58_63646_reg_13523                  |   9|   0|    9|          0|
    |add_ln58_63647_reg_12389                  |   7|   0|    7|          0|
    |add_ln58_63650_reg_13528                  |   9|   0|    9|          0|
    |add_ln58_63653_reg_13533                  |   9|   0|    9|          0|
    |add_ln58_63654_reg_13538                  |   9|   0|    9|          0|
    |add_ln58_63658_reg_13543                  |   9|   0|    9|          0|
    |add_ln58_63662_reg_13548                  |   9|   0|    9|          0|
    |add_ln58_63664_reg_13553                  |   9|   0|    9|          0|
    |add_ln58_63667_reg_13558                  |   9|   0|    9|          0|
    |add_ln58_63668_reg_13563                  |   9|   0|    9|          0|
    |add_ln58_63672_reg_13568                  |   9|   0|    9|          0|
    |add_ln58_63676_reg_13573                  |   9|   0|    9|          0|
    |add_ln58_63678_reg_13578                  |   9|   0|    9|          0|
    |add_ln58_63681_reg_13583                  |   9|   0|    9|          0|
    |add_ln58_63682_reg_13588                  |   9|   0|    9|          0|
    |add_ln58_63686_reg_13593                  |   9|   0|    9|          0|
    |add_ln58_63689_reg_13598                  |   9|   0|    9|          0|
    |add_ln58_63692_reg_13603                  |   9|   0|    9|          0|
    |add_ln58_63695_reg_13608                  |   9|   0|    9|          0|
    |add_ln58_63696_reg_13613                  |   9|   0|    9|          0|
    |add_ln58_63699_reg_13618                  |   9|   0|    9|          0|
    |add_ln58_63703_reg_13623                  |   9|   0|    9|          0|
    |add_ln58_63706_reg_13628                  |   9|   0|    9|          0|
    |add_ln58_63709_reg_13633                  |   9|   0|    9|          0|
    |add_ln58_63713_reg_13638                  |   9|   0|    9|          0|
    |add_ln58_63715_reg_12399                  |   7|   0|    7|          0|
    |add_ln58_63717_reg_13643                  |   9|   0|    9|          0|
    |add_ln58_63718_reg_12404                  |   7|   0|    7|          0|
    |add_ln58_63720_reg_12409                  |   7|   0|    7|          0|
    |add_ln58_63722_reg_13648                  |   9|   0|    9|          0|
    |add_ln58_63727_reg_13653                  |  10|   0|   10|          0|
    |add_ln58_63728_reg_13658                  |   8|   0|    8|          0|
    |add_ln58_63729_reg_13663                  |   8|   0|    8|          0|
    |add_ln58_63733_reg_12414                  |   7|   0|    7|          0|
    |add_ln58_63734_reg_13668                  |   9|   0|    9|          0|
    |add_ln58_63737_reg_13673                  |   9|   0|    9|          0|
    |add_ln58_63740_reg_13678                  |   9|   0|    9|          0|
    |add_ln58_63744_reg_13683                  |   9|   0|    9|          0|
    |add_ln58_63747_reg_13688                  |   9|   0|    9|          0|
    |add_ln58_63748_reg_12419                  |   7|   0|    7|          0|
    |add_ln58_63751_reg_13693                  |   9|   0|    9|          0|
    |add_ln58_63756_reg_13698                  |   8|   0|    8|          0|
    |add_ln58_63761_reg_13703                  |   9|   0|    9|          0|
    |add_ln58_63764_reg_13708                  |   9|   0|    9|          0|
    |add_ln58_63767_reg_13713                  |   9|   0|    9|          0|
    |add_ln58_63770_reg_13718                  |   9|   0|    9|          0|
    |add_ln58_63773_reg_13723                  |   9|   0|    9|          0|
    |add_ln58_63776_reg_13728                  |   9|   0|    9|          0|
    |add_ln58_63777_reg_13733                  |   8|   0|    8|          0|
    |add_ln58_63779_reg_13738                  |   8|   0|    8|          0|
    |add_ln58_63780_reg_13743                  |   8|   0|    8|          0|
    |add_ln58_63783_reg_12429                  |   7|   0|    7|          0|
    |add_ln58_63785_reg_13748                  |   9|   0|    9|          0|
    |add_ln58_63788_reg_13753                  |   9|   0|    9|          0|
    |add_ln58_63792_reg_13758                  |   8|   0|    8|          0|
    |add_ln58_63795_reg_13763                  |   9|   0|    9|          0|
    |add_ln58_63797_reg_13768                  |   9|   0|    9|          0|
    |add_ln58_63798_reg_12439                  |   7|   0|    7|          0|
    |add_ln58_63800_reg_13773                  |   9|   0|    9|          0|
    |add_ln58_63803_reg_13778                  |   9|   0|    9|          0|
    |add_ln58_63804_reg_13783                  |   9|   0|    9|          0|
    |add_ln58_63806_reg_13788                  |   9|   0|    9|          0|
    |add_ln58_63810_reg_13793                  |   9|   0|    9|          0|
    |add_ln58_63812_reg_13798                  |   9|   0|    9|          0|
    |add_ln58_63816_reg_13803                  |   8|   0|    8|          0|
    |add_ln58_63819_reg_13808                  |   9|   0|    9|          0|
    |add_ln58_63822_reg_13813                  |   9|   0|    9|          0|
    |add_ln58_63825_reg_13818                  |   9|   0|    9|          0|
    |add_ln58_63828_reg_13823                  |   9|   0|    9|          0|
    |add_ln58_63829_reg_13828                  |   9|   0|    9|          0|
    |add_ln58_63835_reg_13838                  |   9|   0|    9|          0|
    |add_ln58_63837_reg_13843                  |   9|   0|    9|          0|
    |add_ln58_63843_reg_13848                  |   9|   0|    9|          0|
    |add_ln58_63845_reg_12449                  |   7|   0|    7|          0|
    |add_ln58_63847_reg_13853                  |   9|   0|    9|          0|
    |add_ln58_63850_reg_13858                  |   9|   0|    9|          0|
    |add_ln58_63856_reg_13863                  |   9|   0|    9|          0|
    |add_ln58_63858_reg_12454                  |   7|   0|    7|          0|
    |add_ln58_63860_reg_13868                  |   9|   0|    9|          0|
    |add_ln58_63862_reg_13873                  |   9|   0|    9|          0|
    |add_ln58_63866_reg_13878                  |   8|   0|    8|          0|
    |add_ln58_63869_reg_13883                  |   9|   0|    9|          0|
    |add_ln58_63871_reg_12459                  |   7|   0|    7|          0|
    |add_ln58_63873_reg_13888                  |   9|   0|    9|          0|
    |add_ln58_63875_reg_13893                  |   9|   0|    9|          0|
    |add_ln58_63879_reg_13898                  |   8|   0|    8|          0|
    |add_ln58_63884_reg_13903                  |   9|   0|    9|          0|
    |add_ln58_63887_reg_13908                  |   9|   0|    9|          0|
    |add_ln58_63891_reg_13913                  |   8|   0|    8|          0|
    |add_ln58_63895_reg_13918                  |   9|   0|    9|          0|
    |add_ln58_63899_reg_13923                  |   9|   0|    9|          0|
    |add_ln58_63902_reg_13928                  |   9|   0|    9|          0|
    |add_ln58_63907_reg_13933                  |  10|   0|   10|          0|
    |add_ln58_63910_reg_13938                  |   9|   0|    9|          0|
    |add_ln58_63914_reg_13943                  |   9|   0|    9|          0|
    |add_ln58_63917_reg_13948                  |   9|   0|    9|          0|
    |add_ln58_63922_reg_13953                  |  10|   0|   10|          0|
    |add_ln58_63923_reg_13958                  |   9|   0|    9|          0|
    |add_ln58_63926_reg_13963                  |   9|   0|    9|          0|
    |add_ln58_63929_reg_13968                  |   9|   0|    9|          0|
    |add_ln58_63932_reg_13973                  |   9|   0|    9|          0|
    |add_ln58_63933_reg_13978                  |   9|   0|    9|          0|
    |add_ln58_63937_reg_13983                  |   9|   0|    9|          0|
    |add_ln58_63940_reg_12464                  |   7|   0|    7|          0|
    |add_ln58_63942_reg_13988                  |   9|   0|    9|          0|
    |add_ln58_63944_reg_13993                  |   9|   0|    9|          0|
    |data_64_val_int_reg                       |   6|   0|    6|          0|
    |data_65_val_int_reg                       |   6|   0|    6|          0|
    |data_66_val_int_reg                       |   6|   0|    6|          0|
    |data_67_val_int_reg                       |   6|   0|    6|          0|
    |data_67_val_read_reg_11128                |   6|   0|    6|          0|
    |data_68_val_int_reg                       |   6|   0|    6|          0|
    |data_68_val_read_reg_11122                |   6|   0|    6|          0|
    |data_69_val_int_reg                       |   6|   0|    6|          0|
    |data_69_val_read_reg_11117                |   6|   0|    6|          0|
    |data_70_val_int_reg                       |   6|   0|    6|          0|
    |data_70_val_read_reg_11110                |   6|   0|    6|          0|
    |data_70_val_read_reg_11110_pp0_iter1_reg  |   6|   0|    6|          0|
    |data_71_val_int_reg                       |   6|   0|    6|          0|
    |data_71_val_read_reg_11103                |   6|   0|    6|          0|
    |data_71_val_read_reg_11103_pp0_iter1_reg  |   6|   0|    6|          0|
    |data_72_val_int_reg                       |   6|   0|    6|          0|
    |data_72_val_read_reg_11097                |   6|   0|    6|          0|
    |data_72_val_read_reg_11097_pp0_iter1_reg  |   6|   0|    6|          0|
    |data_73_val_int_reg                       |   6|   0|    6|          0|
    |data_73_val_read_reg_11091                |   6|   0|    6|          0|
    |data_73_val_read_reg_11091_pp0_iter1_reg  |   6|   0|    6|          0|
    |data_74_val_int_reg                       |   6|   0|    6|          0|
    |data_74_val_read_reg_11085                |   6|   0|    6|          0|
    |data_74_val_read_reg_11085_pp0_iter1_reg  |   6|   0|    6|          0|
    |data_75_val_int_reg                       |   6|   0|    6|          0|
    |data_75_val_read_reg_11079                |   6|   0|    6|          0|
    |data_75_val_read_reg_11079_pp0_iter1_reg  |   6|   0|    6|          0|
    |data_76_val_int_reg                       |   6|   0|    6|          0|
    |data_76_val_read_reg_11073                |   6|   0|    6|          0|
    |data_76_val_read_reg_11073_pp0_iter1_reg  |   6|   0|    6|          0|
    |data_77_val_int_reg                       |   6|   0|    6|          0|
    |data_77_val_read_reg_11067                |   6|   0|    6|          0|
    |data_77_val_read_reg_11067_pp0_iter1_reg  |   6|   0|    6|          0|
    |data_78_val_int_reg                       |   6|   0|    6|          0|
    |data_78_val_read_reg_11061                |   6|   0|    6|          0|
    |data_78_val_read_reg_11061_pp0_iter1_reg  |   6|   0|    6|          0|
    |data_79_val_int_reg                       |   6|   0|    6|          0|
    |data_79_val_read_reg_11055                |   6|   0|    6|          0|
    |data_80_val_int_reg                       |   6|   0|    6|          0|
    |data_80_val_read_reg_11049                |   6|   0|    6|          0|
    |data_81_val_int_reg                       |   6|   0|    6|          0|
    |data_81_val_read_reg_11043                |   6|   0|    6|          0|
    |data_82_val_int_reg                       |   6|   0|    6|          0|
    |data_82_val_read_reg_11037                |   6|   0|    6|          0|
    |data_83_val_int_reg                       |   6|   0|    6|          0|
    |data_83_val_read_reg_11031                |   6|   0|    6|          0|
    |data_84_val_int_reg                       |   6|   0|    6|          0|
    |data_84_val_read_reg_11025                |   6|   0|    6|          0|
    |data_85_val_int_reg                       |   6|   0|    6|          0|
    |data_85_val_read_reg_11019                |   6|   0|    6|          0|
    |data_86_val_int_reg                       |   6|   0|    6|          0|
    |data_86_val_read_reg_11013                |   6|   0|    6|          0|
    |data_86_val_read_reg_11013_pp0_iter1_reg  |   6|   0|    6|          0|
    |data_87_val_int_reg                       |   6|   0|    6|          0|
    |data_87_val_read_reg_11007                |   6|   0|    6|          0|
    |data_88_val_int_reg                       |   6|   0|    6|          0|
    |data_88_val_read_reg_11001                |   6|   0|    6|          0|
    |data_89_val_int_reg                       |   6|   0|    6|          0|
    |data_89_val_read_reg_10995                |   6|   0|    6|          0|
    |data_90_val_int_reg                       |   6|   0|    6|          0|
    |data_90_val_read_reg_10989                |   6|   0|    6|          0|
    |data_91_val_int_reg                       |   6|   0|    6|          0|
    |data_91_val_read_reg_10983                |   6|   0|    6|          0|
    |data_92_val_int_reg                       |   6|   0|    6|          0|
    |data_92_val_read_reg_10977                |   6|   0|    6|          0|
    |data_93_val_int_reg                       |   6|   0|    6|          0|
    |data_93_val_read_reg_10971                |   6|   0|    6|          0|
    |data_94_val_int_reg                       |   6|   0|    6|          0|
    |data_94_val_read_reg_10965                |   6|   0|    6|          0|
    |data_95_val_int_reg                       |   6|   0|    6|          0|
    |data_95_val_read_reg_10959                |   6|   0|    6|          0|
    |data_95_val_read_reg_10959_pp0_iter1_reg  |   6|   0|    6|          0|
    |sext_ln58_34515_reg_11177                 |   8|   0|    8|          0|
    |sext_ln58_34520_reg_11291                 |   9|   0|    9|          0|
    |sext_ln58_34521_reg_11296                 |   8|   0|    8|          0|
    |sext_ln58_34523_reg_11306                 |   9|   0|    9|          0|
    |sext_ln58_34524_reg_11311                 |   9|   0|    9|          0|
    |sext_ln58_34526_reg_11316                 |   9|   0|    9|          0|
    |sext_ln58_34534_reg_11342                 |   8|   0|    8|          0|
    |sext_ln58_34535_reg_11349                 |   9|   0|    9|          0|
    |sext_ln58_34540_reg_11401                 |   8|   0|    8|          0|
    |sext_ln58_34544_reg_11417                 |   9|   0|    9|          0|
    |sext_ln58_34548_reg_11439                 |   9|   0|    9|          0|
    |sext_ln58_34564_reg_12489                 |  10|   0|   10|          0|
    |sext_ln58_34569_reg_12504                 |  10|   0|   10|          0|
    |sext_ln58_34577_reg_12515                 |  10|   0|   10|          0|
    |sext_ln58_34591_reg_11488                 |   8|   0|    8|          0|
    |sext_ln58_34593_reg_11501                 |   8|   0|    8|          0|
    |sext_ln58_34595_reg_11516                 |   8|   0|    8|          0|
    |sext_ln58_34596_reg_11526                 |   8|   0|    8|          0|
    |sext_ln58_34597_reg_11538                 |   8|   0|    8|          0|
    |sext_ln58_34598_reg_11551                 |   8|   0|    8|          0|
    |sext_ln58_34599_reg_11565                 |   8|   0|    8|          0|
    |sext_ln58_34600_reg_11572                 |   8|   0|    8|          0|
    |sext_ln58_34601_reg_11578                 |   8|   0|    8|          0|
    |sext_ln58_34602_reg_11588                 |   8|   0|    8|          0|
    |sext_ln58_34603_reg_11599                 |   8|   0|    8|          0|
    |sext_ln58_34604_reg_11610                 |   8|   0|    8|          0|
    |sext_ln58_34606_reg_11620                 |   8|   0|    8|          0|
    |sext_ln58_34607_reg_11628                 |   8|   0|    8|          0|
    |sext_ln58_34609_reg_11637                 |   8|   0|    8|          0|
    |sext_ln58_34610_reg_11646                 |   8|   0|    8|          0|
    |sext_ln58_34611_reg_11658                 |   8|   0|    8|          0|
    |sext_ln58_34612_reg_11669                 |   8|   0|    8|          0|
    |sext_ln58_34613_reg_11676                 |   8|   0|    8|          0|
    |sext_ln58_34614_reg_11685                 |   8|   0|    8|          0|
    |sext_ln58_34615_reg_11693                 |   8|   0|    8|          0|
    |sext_ln58_34616_reg_11703                 |   8|   0|    8|          0|
    |sext_ln58_34617_reg_11710                 |   8|   0|    8|          0|
    |sext_ln58_34618_reg_11720                 |   8|   0|    8|          0|
    |sext_ln58_34619_reg_11732                 |   8|   0|    8|          0|
    |sext_ln58_34620_reg_11739                 |   8|   0|    8|          0|
    |sext_ln58_34691_reg_11874                 |   8|   0|    8|          0|
    |sext_ln58_34711_reg_11908                 |   8|   0|    8|          0|
    |sext_ln58_34797_reg_12778                 |  10|   0|   10|          0|
    |sext_ln58_34945_reg_13014                 |  10|   0|   10|          0|
    |sext_ln58_35037_reg_13171                 |   9|   0|    9|          0|
    |sext_ln58_35051_reg_13197                 |   9|   0|    9|          0|
    |sext_ln58_reg_11171                       |   8|   0|    8|          0|
    |sext_ln70_11680_reg_11134                 |   7|   0|    7|          0|
    |sext_ln70_11681_reg_11145                 |   7|   0|    7|          0|
    |sext_ln70_11682_reg_11159                 |   7|   0|    7|          0|
    |sub_ln58_2215_reg_11189                   |   8|   0|    8|          0|
    |sub_ln58_2216_reg_11195                   |   8|   0|    8|          0|
    |sub_ln58_2217_reg_11286                   |   8|   0|    8|          0|
    |sub_ln58_2219_reg_11213                   |   8|   0|    8|          0|
    |sub_ln58_2220_reg_11336                   |   9|   0|    9|          0|
    |sub_ln58_2221_reg_11372                   |   9|   0|    9|          0|
    |sub_ln58_2222_reg_11384                   |   9|   0|    9|          0|
    |sub_ln58_2226_reg_11412                   |   8|   0|    8|          0|
    |sub_ln58_2229_reg_11444                   |   7|   0|    7|          0|
    |sub_ln58_2230_reg_11449                   |   8|   0|    8|          0|
    |sub_ln58_2231_reg_11472                   |   7|   0|    7|          0|
    |sub_ln58_2233_reg_12536                   |   8|   0|    8|          0|
    |sub_ln58_2234_reg_11747                   |   8|   0|    8|          0|
    |sub_ln58_2235_reg_11755                   |   7|   0|    7|          0|
    |sub_ln58_2237_reg_12561                   |   8|   0|    8|          0|
    |sub_ln58_2240_reg_11785                   |   7|   0|    7|          0|
    |sub_ln58_2244_reg_11805                   |   8|   0|    8|          0|
    |sub_ln58_2247_reg_11847                   |   8|   0|    8|          0|
    |sub_ln58_2248_reg_11854                   |   8|   0|    8|          0|
    |sub_ln58_2249_reg_11862                   |   8|   0|    8|          0|
    |sub_ln58_2250_reg_11869                   |   7|   0|    7|          0|
    |sub_ln58_2252_reg_12641                   |   8|   0|    8|          0|
    |sub_ln58_2254_reg_11902                   |   8|   0|    8|          0|
    |sub_ln58_2255_reg_11914                   |   8|   0|    8|          0|
    |sub_ln58_2256_reg_11937                   |   8|   0|    8|          0|
    |sub_ln58_2257_reg_11944                   |   7|   0|    7|          0|
    |sub_ln58_2258_reg_11964                   |   8|   0|    8|          0|
    |sub_ln58_2259_reg_11970                   |   8|   0|    8|          0|
    |sub_ln58_2261_reg_11977                   |   7|   0|    7|          0|
    |sub_ln58_2263_reg_12717                   |   8|   0|    8|          0|
    |sub_ln58_2265_reg_11992                   |   8|   0|    8|          0|
    |sub_ln58_2267_reg_11999                   |   8|   0|    8|          0|
    |sub_ln58_2271_reg_12022                   |   7|   0|    7|          0|
    |sub_ln58_2273_reg_12042                   |   7|   0|    7|          0|
    |sub_ln58_2276_reg_12052                   |   8|   0|    8|          0|
    |sub_ln58_2276_reg_12052_pp0_iter2_reg     |   8|   0|    8|          0|
    |sub_ln58_2277_reg_12060                   |   8|   0|    8|          0|
    |sub_ln58_2281_reg_12077                   |   8|   0|    8|          0|
    |sub_ln58_2284_reg_12085                   |   7|   0|    7|          0|
    |sub_ln58_2286_reg_12105                   |   8|   0|    8|          0|
    |sub_ln58_2287_reg_12112                   |   8|   0|    8|          0|
    |sub_ln58_2288_reg_12118                   |   8|   0|    8|          0|
    |sub_ln58_2291_reg_12134                   |   7|   0|    7|          0|
    |sub_ln58_2293_reg_12154                   |   8|   0|    8|          0|
    |sub_ln58_2296_reg_12176                   |   8|   0|    8|          0|
    |sub_ln58_2299_reg_12188                   |   8|   0|    8|          0|
    |sub_ln58_2300_reg_12209                   |   8|   0|    8|          0|
    |sub_ln58_2300_reg_12209_pp0_iter2_reg     |   8|   0|    8|          0|
    |sub_ln58_2302_reg_12225                   |   8|   0|    8|          0|
    |sub_ln58_2304_reg_12242                   |   7|   0|    7|          0|
    |sub_ln58_2310_reg_12257                   |   7|   0|    7|          0|
    |sub_ln58_2314_reg_12277                   |   8|   0|    8|          0|
    |sub_ln58_2316_reg_12288                   |   8|   0|    8|          0|
    |sub_ln58_2320_reg_12310                   |   8|   0|    8|          0|
    |sub_ln58_2321_reg_12317                   |   7|   0|    7|          0|
    |sub_ln58_2328_reg_12332                   |   8|   0|    8|          0|
    |sub_ln58_2329_reg_13363                   |   8|   0|    8|          0|
    |sub_ln58_2333_reg_12358                   |   7|   0|    7|          0|
    |sub_ln58_2335_reg_12378                   |   8|   0|    8|          0|
    |sub_ln58_2340_reg_12394                   |   7|   0|    7|          0|
    |sub_ln58_2349_reg_12424                   |   7|   0|    7|          0|
    |sub_ln58_2352_reg_12434                   |   7|   0|    7|          0|
    |sub_ln58_2356_reg_13833                   |   8|   0|    8|          0|
    |sub_ln58_2358_reg_12444                   |   7|   0|    7|          0|
    |sub_ln73_1461_reg_11140                   |   7|   0|    7|          0|
    |sub_ln73_1462_reg_11153                   |   7|   0|    7|          0|
    |sub_ln73_1462_reg_11153_pp0_iter1_reg     |   7|   0|    7|          0|
    |sub_ln73_1463_reg_11223                   |   7|   0|    7|          0|
    |sub_ln73_1465_reg_11228                   |   7|   0|    7|          0|
    |sub_ln73_1466_reg_11234                   |   7|   0|    7|          0|
    |sub_ln73_1467_reg_11239                   |   7|   0|    7|          0|
    |sub_ln73_1468_reg_11244                   |   7|   0|    7|          0|
    |sub_ln73_1468_reg_11244_pp0_iter2_reg     |   7|   0|    7|          0|
    |sub_ln73_1469_reg_11250                   |   7|   0|    7|          0|
    |sub_ln73_1469_reg_11250_pp0_iter2_reg     |   7|   0|    7|          0|
    |sub_ln73_1470_reg_11256                   |   7|   0|    7|          0|
    |sub_ln73_1471_reg_11261                   |   7|   0|    7|          0|
    |sub_ln73_1472_reg_11266                   |   7|   0|    7|          0|
    |sub_ln73_1473_reg_11271                   |   7|   0|    7|          0|
    |sub_ln73_1474_reg_11276                   |   7|   0|    7|          0|
    |sub_ln73_1481_reg_11281                   |   7|   0|    7|          0|
    +------------------------------------------+----+----+-----+-----------+
    |Total                                     |4826|   0| 4826|          0|
    +------------------------------------------+----+----+-----+-----------+



================================================================
== Interface
================================================================
* Summary: 
+--------------+-----+-----+------------+-------------------------------------------------------------------------------------+--------------+
|   RTL Ports  | Dir | Bits|  Protocol  |                                    Source Object                                    |    C Type    |
+--------------+-----+-----+------------+-------------------------------------------------------------------------------------+--------------+
|ap_clk        |   in|    1|  ap_ctrl_hs|  dense_latency<ap_fixed<6, 2, 5, 3, 0>, ap_fixed<11, 7, 4, 0, 0>, config31_dense>.37|  return value|
|ap_rst        |   in|    1|  ap_ctrl_hs|  dense_latency<ap_fixed<6, 2, 5, 3, 0>, ap_fixed<11, 7, 4, 0, 0>, config31_dense>.37|  return value|
|ap_return_0   |  out|   11|  ap_ctrl_hs|  dense_latency<ap_fixed<6, 2, 5, 3, 0>, ap_fixed<11, 7, 4, 0, 0>, config31_dense>.37|  return value|
|ap_return_1   |  out|   11|  ap_ctrl_hs|  dense_latency<ap_fixed<6, 2, 5, 3, 0>, ap_fixed<11, 7, 4, 0, 0>, config31_dense>.37|  return value|
|ap_return_2   |  out|   11|  ap_ctrl_hs|  dense_latency<ap_fixed<6, 2, 5, 3, 0>, ap_fixed<11, 7, 4, 0, 0>, config31_dense>.37|  return value|
|ap_return_3   |  out|   11|  ap_ctrl_hs|  dense_latency<ap_fixed<6, 2, 5, 3, 0>, ap_fixed<11, 7, 4, 0, 0>, config31_dense>.37|  return value|
|ap_return_4   |  out|   11|  ap_ctrl_hs|  dense_latency<ap_fixed<6, 2, 5, 3, 0>, ap_fixed<11, 7, 4, 0, 0>, config31_dense>.37|  return value|
|ap_return_5   |  out|   11|  ap_ctrl_hs|  dense_latency<ap_fixed<6, 2, 5, 3, 0>, ap_fixed<11, 7, 4, 0, 0>, config31_dense>.37|  return value|
|ap_return_6   |  out|   11|  ap_ctrl_hs|  dense_latency<ap_fixed<6, 2, 5, 3, 0>, ap_fixed<11, 7, 4, 0, 0>, config31_dense>.37|  return value|
|ap_return_7   |  out|   11|  ap_ctrl_hs|  dense_latency<ap_fixed<6, 2, 5, 3, 0>, ap_fixed<11, 7, 4, 0, 0>, config31_dense>.37|  return value|
|ap_return_8   |  out|   11|  ap_ctrl_hs|  dense_latency<ap_fixed<6, 2, 5, 3, 0>, ap_fixed<11, 7, 4, 0, 0>, config31_dense>.37|  return value|
|ap_return_9   |  out|   11|  ap_ctrl_hs|  dense_latency<ap_fixed<6, 2, 5, 3, 0>, ap_fixed<11, 7, 4, 0, 0>, config31_dense>.37|  return value|
|ap_return_10  |  out|   11|  ap_ctrl_hs|  dense_latency<ap_fixed<6, 2, 5, 3, 0>, ap_fixed<11, 7, 4, 0, 0>, config31_dense>.37|  return value|
|ap_return_11  |  out|   11|  ap_ctrl_hs|  dense_latency<ap_fixed<6, 2, 5, 3, 0>, ap_fixed<11, 7, 4, 0, 0>, config31_dense>.37|  return value|
|ap_return_12  |  out|   11|  ap_ctrl_hs|  dense_latency<ap_fixed<6, 2, 5, 3, 0>, ap_fixed<11, 7, 4, 0, 0>, config31_dense>.37|  return value|
|ap_return_13  |  out|   11|  ap_ctrl_hs|  dense_latency<ap_fixed<6, 2, 5, 3, 0>, ap_fixed<11, 7, 4, 0, 0>, config31_dense>.37|  return value|
|ap_return_14  |  out|   11|  ap_ctrl_hs|  dense_latency<ap_fixed<6, 2, 5, 3, 0>, ap_fixed<11, 7, 4, 0, 0>, config31_dense>.37|  return value|
|ap_return_15  |  out|   11|  ap_ctrl_hs|  dense_latency<ap_fixed<6, 2, 5, 3, 0>, ap_fixed<11, 7, 4, 0, 0>, config31_dense>.37|  return value|
|ap_return_16  |  out|   11|  ap_ctrl_hs|  dense_latency<ap_fixed<6, 2, 5, 3, 0>, ap_fixed<11, 7, 4, 0, 0>, config31_dense>.37|  return value|
|ap_return_17  |  out|   11|  ap_ctrl_hs|  dense_latency<ap_fixed<6, 2, 5, 3, 0>, ap_fixed<11, 7, 4, 0, 0>, config31_dense>.37|  return value|
|ap_return_18  |  out|   11|  ap_ctrl_hs|  dense_latency<ap_fixed<6, 2, 5, 3, 0>, ap_fixed<11, 7, 4, 0, 0>, config31_dense>.37|  return value|
|ap_return_19  |  out|   11|  ap_ctrl_hs|  dense_latency<ap_fixed<6, 2, 5, 3, 0>, ap_fixed<11, 7, 4, 0, 0>, config31_dense>.37|  return value|
|ap_return_20  |  out|   11|  ap_ctrl_hs|  dense_latency<ap_fixed<6, 2, 5, 3, 0>, ap_fixed<11, 7, 4, 0, 0>, config31_dense>.37|  return value|
|ap_return_21  |  out|   11|  ap_ctrl_hs|  dense_latency<ap_fixed<6, 2, 5, 3, 0>, ap_fixed<11, 7, 4, 0, 0>, config31_dense>.37|  return value|
|ap_return_22  |  out|   11|  ap_ctrl_hs|  dense_latency<ap_fixed<6, 2, 5, 3, 0>, ap_fixed<11, 7, 4, 0, 0>, config31_dense>.37|  return value|
|ap_return_23  |  out|   11|  ap_ctrl_hs|  dense_latency<ap_fixed<6, 2, 5, 3, 0>, ap_fixed<11, 7, 4, 0, 0>, config31_dense>.37|  return value|
|ap_return_24  |  out|   11|  ap_ctrl_hs|  dense_latency<ap_fixed<6, 2, 5, 3, 0>, ap_fixed<11, 7, 4, 0, 0>, config31_dense>.37|  return value|
|ap_return_25  |  out|   11|  ap_ctrl_hs|  dense_latency<ap_fixed<6, 2, 5, 3, 0>, ap_fixed<11, 7, 4, 0, 0>, config31_dense>.37|  return value|
|ap_return_26  |  out|   11|  ap_ctrl_hs|  dense_latency<ap_fixed<6, 2, 5, 3, 0>, ap_fixed<11, 7, 4, 0, 0>, config31_dense>.37|  return value|
|ap_return_27  |  out|   11|  ap_ctrl_hs|  dense_latency<ap_fixed<6, 2, 5, 3, 0>, ap_fixed<11, 7, 4, 0, 0>, config31_dense>.37|  return value|
|ap_return_28  |  out|   11|  ap_ctrl_hs|  dense_latency<ap_fixed<6, 2, 5, 3, 0>, ap_fixed<11, 7, 4, 0, 0>, config31_dense>.37|  return value|
|ap_return_29  |  out|   11|  ap_ctrl_hs|  dense_latency<ap_fixed<6, 2, 5, 3, 0>, ap_fixed<11, 7, 4, 0, 0>, config31_dense>.37|  return value|
|ap_return_30  |  out|   11|  ap_ctrl_hs|  dense_latency<ap_fixed<6, 2, 5, 3, 0>, ap_fixed<11, 7, 4, 0, 0>, config31_dense>.37|  return value|
|ap_return_31  |  out|   11|  ap_ctrl_hs|  dense_latency<ap_fixed<6, 2, 5, 3, 0>, ap_fixed<11, 7, 4, 0, 0>, config31_dense>.37|  return value|
|ap_return_32  |  out|   11|  ap_ctrl_hs|  dense_latency<ap_fixed<6, 2, 5, 3, 0>, ap_fixed<11, 7, 4, 0, 0>, config31_dense>.37|  return value|
|ap_return_33  |  out|   11|  ap_ctrl_hs|  dense_latency<ap_fixed<6, 2, 5, 3, 0>, ap_fixed<11, 7, 4, 0, 0>, config31_dense>.37|  return value|
|ap_return_34  |  out|   11|  ap_ctrl_hs|  dense_latency<ap_fixed<6, 2, 5, 3, 0>, ap_fixed<11, 7, 4, 0, 0>, config31_dense>.37|  return value|
|ap_return_35  |  out|   11|  ap_ctrl_hs|  dense_latency<ap_fixed<6, 2, 5, 3, 0>, ap_fixed<11, 7, 4, 0, 0>, config31_dense>.37|  return value|
|ap_return_36  |  out|   11|  ap_ctrl_hs|  dense_latency<ap_fixed<6, 2, 5, 3, 0>, ap_fixed<11, 7, 4, 0, 0>, config31_dense>.37|  return value|
|ap_return_37  |  out|   11|  ap_ctrl_hs|  dense_latency<ap_fixed<6, 2, 5, 3, 0>, ap_fixed<11, 7, 4, 0, 0>, config31_dense>.37|  return value|
|ap_return_38  |  out|   11|  ap_ctrl_hs|  dense_latency<ap_fixed<6, 2, 5, 3, 0>, ap_fixed<11, 7, 4, 0, 0>, config31_dense>.37|  return value|
|ap_return_39  |  out|   11|  ap_ctrl_hs|  dense_latency<ap_fixed<6, 2, 5, 3, 0>, ap_fixed<11, 7, 4, 0, 0>, config31_dense>.37|  return value|
|ap_return_40  |  out|   11|  ap_ctrl_hs|  dense_latency<ap_fixed<6, 2, 5, 3, 0>, ap_fixed<11, 7, 4, 0, 0>, config31_dense>.37|  return value|
|ap_return_41  |  out|   11|  ap_ctrl_hs|  dense_latency<ap_fixed<6, 2, 5, 3, 0>, ap_fixed<11, 7, 4, 0, 0>, config31_dense>.37|  return value|
|ap_return_42  |  out|   11|  ap_ctrl_hs|  dense_latency<ap_fixed<6, 2, 5, 3, 0>, ap_fixed<11, 7, 4, 0, 0>, config31_dense>.37|  return value|
|ap_return_43  |  out|   11|  ap_ctrl_hs|  dense_latency<ap_fixed<6, 2, 5, 3, 0>, ap_fixed<11, 7, 4, 0, 0>, config31_dense>.37|  return value|
|ap_return_44  |  out|   11|  ap_ctrl_hs|  dense_latency<ap_fixed<6, 2, 5, 3, 0>, ap_fixed<11, 7, 4, 0, 0>, config31_dense>.37|  return value|
|ap_return_45  |  out|   11|  ap_ctrl_hs|  dense_latency<ap_fixed<6, 2, 5, 3, 0>, ap_fixed<11, 7, 4, 0, 0>, config31_dense>.37|  return value|
|ap_return_46  |  out|   11|  ap_ctrl_hs|  dense_latency<ap_fixed<6, 2, 5, 3, 0>, ap_fixed<11, 7, 4, 0, 0>, config31_dense>.37|  return value|
|ap_return_47  |  out|   11|  ap_ctrl_hs|  dense_latency<ap_fixed<6, 2, 5, 3, 0>, ap_fixed<11, 7, 4, 0, 0>, config31_dense>.37|  return value|
|ap_return_48  |  out|   11|  ap_ctrl_hs|  dense_latency<ap_fixed<6, 2, 5, 3, 0>, ap_fixed<11, 7, 4, 0, 0>, config31_dense>.37|  return value|
|ap_return_49  |  out|   11|  ap_ctrl_hs|  dense_latency<ap_fixed<6, 2, 5, 3, 0>, ap_fixed<11, 7, 4, 0, 0>, config31_dense>.37|  return value|
|ap_return_50  |  out|   11|  ap_ctrl_hs|  dense_latency<ap_fixed<6, 2, 5, 3, 0>, ap_fixed<11, 7, 4, 0, 0>, config31_dense>.37|  return value|
|ap_return_51  |  out|   11|  ap_ctrl_hs|  dense_latency<ap_fixed<6, 2, 5, 3, 0>, ap_fixed<11, 7, 4, 0, 0>, config31_dense>.37|  return value|
|ap_return_52  |  out|   11|  ap_ctrl_hs|  dense_latency<ap_fixed<6, 2, 5, 3, 0>, ap_fixed<11, 7, 4, 0, 0>, config31_dense>.37|  return value|
|ap_return_53  |  out|   11|  ap_ctrl_hs|  dense_latency<ap_fixed<6, 2, 5, 3, 0>, ap_fixed<11, 7, 4, 0, 0>, config31_dense>.37|  return value|
|ap_return_54  |  out|   11|  ap_ctrl_hs|  dense_latency<ap_fixed<6, 2, 5, 3, 0>, ap_fixed<11, 7, 4, 0, 0>, config31_dense>.37|  return value|
|ap_return_55  |  out|   11|  ap_ctrl_hs|  dense_latency<ap_fixed<6, 2, 5, 3, 0>, ap_fixed<11, 7, 4, 0, 0>, config31_dense>.37|  return value|
|ap_return_56  |  out|   11|  ap_ctrl_hs|  dense_latency<ap_fixed<6, 2, 5, 3, 0>, ap_fixed<11, 7, 4, 0, 0>, config31_dense>.37|  return value|
|ap_return_57  |  out|   11|  ap_ctrl_hs|  dense_latency<ap_fixed<6, 2, 5, 3, 0>, ap_fixed<11, 7, 4, 0, 0>, config31_dense>.37|  return value|
|ap_return_58  |  out|   11|  ap_ctrl_hs|  dense_latency<ap_fixed<6, 2, 5, 3, 0>, ap_fixed<11, 7, 4, 0, 0>, config31_dense>.37|  return value|
|ap_return_59  |  out|   11|  ap_ctrl_hs|  dense_latency<ap_fixed<6, 2, 5, 3, 0>, ap_fixed<11, 7, 4, 0, 0>, config31_dense>.37|  return value|
|ap_return_60  |  out|   11|  ap_ctrl_hs|  dense_latency<ap_fixed<6, 2, 5, 3, 0>, ap_fixed<11, 7, 4, 0, 0>, config31_dense>.37|  return value|
|ap_return_61  |  out|   11|  ap_ctrl_hs|  dense_latency<ap_fixed<6, 2, 5, 3, 0>, ap_fixed<11, 7, 4, 0, 0>, config31_dense>.37|  return value|
|ap_return_62  |  out|   11|  ap_ctrl_hs|  dense_latency<ap_fixed<6, 2, 5, 3, 0>, ap_fixed<11, 7, 4, 0, 0>, config31_dense>.37|  return value|
|ap_return_63  |  out|   11|  ap_ctrl_hs|  dense_latency<ap_fixed<6, 2, 5, 3, 0>, ap_fixed<11, 7, 4, 0, 0>, config31_dense>.37|  return value|
|ap_ce         |   in|    1|  ap_ctrl_hs|  dense_latency<ap_fixed<6, 2, 5, 3, 0>, ap_fixed<11, 7, 4, 0, 0>, config31_dense>.37|  return value|
|data_64_val   |   in|    6|     ap_none|                                                                          data_64_val|        scalar|
|data_65_val   |   in|    6|     ap_none|                                                                          data_65_val|        scalar|
|data_66_val   |   in|    6|     ap_none|                                                                          data_66_val|        scalar|
|data_67_val   |   in|    6|     ap_none|                                                                          data_67_val|        scalar|
|data_68_val   |   in|    6|     ap_none|                                                                          data_68_val|        scalar|
|data_69_val   |   in|    6|     ap_none|                                                                          data_69_val|        scalar|
|data_70_val   |   in|    6|     ap_none|                                                                          data_70_val|        scalar|
|data_71_val   |   in|    6|     ap_none|                                                                          data_71_val|        scalar|
|data_72_val   |   in|    6|     ap_none|                                                                          data_72_val|        scalar|
|data_73_val   |   in|    6|     ap_none|                                                                          data_73_val|        scalar|
|data_74_val   |   in|    6|     ap_none|                                                                          data_74_val|        scalar|
|data_75_val   |   in|    6|     ap_none|                                                                          data_75_val|        scalar|
|data_76_val   |   in|    6|     ap_none|                                                                          data_76_val|        scalar|
|data_77_val   |   in|    6|     ap_none|                                                                          data_77_val|        scalar|
|data_78_val   |   in|    6|     ap_none|                                                                          data_78_val|        scalar|
|data_79_val   |   in|    6|     ap_none|                                                                          data_79_val|        scalar|
|data_80_val   |   in|    6|     ap_none|                                                                          data_80_val|        scalar|
|data_81_val   |   in|    6|     ap_none|                                                                          data_81_val|        scalar|
|data_82_val   |   in|    6|     ap_none|                                                                          data_82_val|        scalar|
|data_83_val   |   in|    6|     ap_none|                                                                          data_83_val|        scalar|
|data_84_val   |   in|    6|     ap_none|                                                                          data_84_val|        scalar|
|data_85_val   |   in|    6|     ap_none|                                                                          data_85_val|        scalar|
|data_86_val   |   in|    6|     ap_none|                                                                          data_86_val|        scalar|
|data_87_val   |   in|    6|     ap_none|                                                                          data_87_val|        scalar|
|data_88_val   |   in|    6|     ap_none|                                                                          data_88_val|        scalar|
|data_89_val   |   in|    6|     ap_none|                                                                          data_89_val|        scalar|
|data_90_val   |   in|    6|     ap_none|                                                                          data_90_val|        scalar|
|data_91_val   |   in|    6|     ap_none|                                                                          data_91_val|        scalar|
|data_92_val   |   in|    6|     ap_none|                                                                          data_92_val|        scalar|
|data_93_val   |   in|    6|     ap_none|                                                                          data_93_val|        scalar|
|data_94_val   |   in|    6|     ap_none|                                                                          data_94_val|        scalar|
|data_95_val   |   in|    6|     ap_none|                                                                          data_95_val|        scalar|
+--------------+-----+-----+------------+-------------------------------------------------------------------------------------+--------------+

