

================================================================
== Vitis HLS Report for 'dense_latency_ap_fixed_6_3_5_3_0_ap_fixed_11_8_4_0_0_config41_dense_56'
================================================================
* Date:           Thu Aug 13 16:26:16 2026

* Version:        2023.2 (Build 4023990 on Oct 11 2023)
* Project:        myproject_prj
* Solution:       solution1 (Vivado IP Flow Target)
* Product family: virtexuplus
* Target device:  xcvu13p-flga2577-2-e


================================================================
== Performance Estimates
================================================================
+ Timing: 
    * Summary: 
    +--------+---------+----------+------------+
    |  Clock |  Target | Estimated| Uncertainty|
    +--------+---------+----------+------------+
    |ap_clk  |  2.50 ns|  1.574 ns|     0.68 ns|
    +--------+---------+----------+------------+

+ Latency: 
    * Summary: 
    +---------+---------+-----------+-----------+-----+-----+---------+
    |  Latency (cycles) |   Latency (absolute)  |  Interval | Pipeline|
    |   min   |   max   |    min    |    max    | min | max |   Type  |
    +---------+---------+-----------+-----------+-----+-----+---------+
    |        4|        4|  10.000 ns|  10.000 ns|    1|    1|      yes|
    +---------+---------+-----------+-----------+-----+-----+---------+

    + Detail: 
        * Instance: 
        N/A

        * Loop: 
        N/A



================================================================
== Utilization Estimates
================================================================
* Summary: 
+---------------------+---------+-------+---------+---------+------+
|         Name        | BRAM_18K|  DSP  |    FF   |   LUT   | URAM |
+---------------------+---------+-------+---------+---------+------+
|DSP                  |        -|      -|        -|        -|     -|
|Expression           |        -|      -|        0|    11687|     -|
|FIFO                 |        -|      -|        -|        -|     -|
|Instance             |        -|      -|        -|        -|     -|
|Memory               |        -|      -|        -|        -|     -|
|Multiplexer          |        -|      -|        -|        -|     -|
|Register             |        -|      -|     4660|      608|     -|
+---------------------+---------+-------+---------+---------+------+
|Total                |        0|      0|     4660|    12295|     0|
+---------------------+---------+-------+---------+---------+------+
|Available SLR        |     1344|   3072|   864000|   432000|   320|
+---------------------+---------+-------+---------+---------+------+
|Utilization SLR (%)  |        0|      0|       ~0|        2|     0|
+---------------------+---------+-------+---------+---------+------+
|Available            |     5376|  12288|  3456000|  1728000|  1280|
+---------------------+---------+-------+---------+---------+------+
|Utilization (%)      |        0|      0|       ~0|       ~0|     0|
+---------------------+---------+-------+---------+---------+------+

+ Detail: 
    * Instance: 
    N/A

    * DSP: 
    N/A

    * Memory: 
    N/A

    * FIFO: 
    N/A

    * Expression: 
    +---------------------------+----------+----+---+-----+------------+------------+
    |       Variable Name       | Operation| DSP| FF| LUT | Bitwidth P0| Bitwidth P1|
    +---------------------------+----------+----+---+-----+------------+------------+
    |add_ln58_35623_fu_525_p2   |         +|   0|  0|   15|           8|           8|
    |add_ln58_35624_fu_535_p2   |         +|   0|  0|   14|           7|           7|
    |add_ln58_35625_fu_545_p2   |         +|   0|  0|   15|           8|           8|
    |add_ln58_35626_fu_555_p2   |         +|   0|  0|   15|           8|           8|
    |add_ln58_35627_fu_561_p2   |         +|   0|  0|   16|           9|           9|
    |add_ln58_35628_fu_567_p2   |         +|   0|  0|   15|           8|           8|
    |add_ln58_35629_fu_573_p2   |         +|   0|  0|   16|           9|           9|
    |add_ln58_35630_fu_579_p2   |         +|   0|  0|   16|           9|           9|
    |add_ln58_35631_fu_585_p2   |         +|   0|  0|   16|           9|           9|
    |add_ln58_35632_fu_591_p2   |         +|   0|  0|   15|           8|           8|
    |add_ln58_35633_fu_597_p2   |         +|   0|  0|   15|           8|           8|
    |add_ln58_35634_fu_1453_p2  |         +|   0|  0|   16|           9|           9|
    |add_ln58_35635_fu_1463_p2  |         +|   0|  0|   16|           9|           9|
    |add_ln58_35636_fu_1472_p2  |         +|   0|  0|   16|           9|           9|
    |add_ln58_35637_fu_1478_p2  |         +|   0|  0|   16|           9|           9|
    |add_ln58_35638_fu_1487_p2  |         +|   0|  0|   17|          10|          10|
    |add_ln58_35639_fu_1493_p2  |         +|   0|  0|   18|           9|           9|
    |add_ln58_35640_fu_1498_p2  |         +|   0|  0|   18|           9|           9|
    |add_ln58_35641_fu_2452_p2  |         +|   0|  0|   16|           9|           9|
    |add_ln58_35642_fu_603_p2   |         +|   0|  0|   14|           7|           7|
    |add_ln58_35643_fu_1507_p2  |         +|   0|  0|   15|           8|           8|
    |add_ln58_35644_fu_1517_p2  |         +|   0|  0|   17|          10|          10|
    |add_ln58_35645_fu_1523_p2  |         +|   0|  0|   15|           8|           8|
    |add_ln58_35646_fu_1533_p2  |         +|   0|  0|   17|          10|          10|
    |add_ln58_35647_fu_1539_p2  |         +|   0|  0|   14|           7|           7|
    |add_ln58_35648_fu_1544_p2  |         +|   0|  0|   16|           9|           9|
    |add_ln58_35649_fu_2469_p2  |         +|   0|  0|   17|          10|          10|
    |add_ln58_35650_fu_2475_p2  |         +|   0|  0|   17|          10|          10|
    |add_ln58_35651_fu_1550_p2  |         +|   0|  0|   15|           8|           8|
    |add_ln58_35652_fu_1560_p2  |         +|   0|  0|   16|           9|           9|
    |add_ln58_35653_fu_1569_p2  |         +|   0|  0|   18|          10|          10|
    |add_ln58_35654_fu_1575_p2  |         +|   0|  0|   18|          10|          10|
    |add_ln58_35655_fu_2480_p2  |         +|   0|  0|   17|          10|          10|
    |add_ln58_35656_fu_2485_p2  |         +|   0|  0|   18|          10|          10|
    |add_ln58_35657_fu_1581_p2  |         +|   0|  0|   15|           8|           8|
    |add_ln58_35658_fu_2493_p2  |         +|   0|  0|   18|          10|          10|
    |add_ln58_35659_fu_1587_p2  |         +|   0|  0|   14|           7|           7|
    |add_ln58_35660_fu_2502_p2  |         +|   0|  0|   15|           8|           8|
    |add_ln58_35661_fu_2516_p2  |         +|   0|  0|   18|           9|           9|
    |add_ln58_35662_fu_2520_p2  |         +|   0|  0|   18|           9|           9|
    |add_ln58_35663_fu_1592_p2  |         +|   0|  0|   15|           8|           8|
    |add_ln58_35664_fu_2533_p2  |         +|   0|  0|   16|           9|           9|
    |add_ln58_35665_fu_2543_p2  |         +|   0|  0|   17|          10|          10|
    |add_ln58_35666_fu_2549_p2  |         +|   0|  0|   17|          10|          10|
    |add_ln58_35667_fu_2558_p2  |         +|   0|  0|   18|          11|          11|
    |add_ln58_35668_fu_2564_p2  |         +|   0|  0|   15|           8|           8|
    |add_ln58_35669_fu_2574_p2  |         +|   0|  0|   16|           9|           9|
    |add_ln58_35670_fu_2580_p2  |         +|   0|  0|   15|           8|           8|
    |add_ln58_35671_fu_2590_p2  |         +|   0|  0|   16|           9|           9|
    |add_ln58_35672_fu_5752_p2  |         +|   0|  0|   17|          10|          10|
    |add_ln58_35673_fu_2596_p2  |         +|   0|  0|   15|           8|           8|
    |add_ln58_35674_fu_2606_p2  |         +|   0|  0|   16|           9|           9|
    |add_ln58_35675_fu_2612_p2  |         +|   0|  0|   15|           8|           8|
    |add_ln58_35676_fu_2622_p2  |         +|   0|  0|   16|           9|           9|
    |add_ln58_35677_fu_5768_p2  |         +|   0|  0|   17|          10|          10|
    |add_ln58_35678_fu_5778_p2  |         +|   0|  0|   17|          11|          11|
    |add_ln58_35679_fu_2628_p2  |         +|   0|  0|   15|           8|           8|
    |add_ln58_35680_fu_2636_p2  |         +|   0|  0|   16|           9|           9|
    |add_ln58_35681_fu_1598_p2  |         +|   0|  0|   14|           7|           7|
    |add_ln58_35682_fu_2645_p2  |         +|   0|  0|   17|          10|          10|
    |add_ln58_35683_fu_5790_p2  |         +|   0|  0|   17|          11|          11|
    |add_ln58_35684_fu_1604_p2  |         +|   0|  0|   14|           7|           7|
    |add_ln58_35685_fu_2654_p2  |         +|   0|  0|   15|           8|           8|
    |add_ln58_35686_fu_1610_p2  |         +|   0|  0|   14|           7|           7|
    |add_ln58_35687_fu_1616_p2  |         +|   0|  0|   14|           7|           7|
    |add_ln58_35688_fu_2670_p2  |         +|   0|  0|   15|           8|           8|
    |add_ln58_35689_fu_2680_p2  |         +|   0|  0|   16|           9|           9|
    |add_ln58_35690_fu_5799_p2  |         +|   0|  0|   17|          11|          11|
    |add_ln58_35691_fu_5805_p2  |         +|   0|  0|   17|          11|          11|
    |add_ln58_35692_fu_2686_p2  |         +|   0|  0|   18|          10|          10|
    |add_ln58_35693_fu_2691_p2  |         +|   0|  0|   18|          10|          10|
    |add_ln58_35694_fu_2697_p2  |         +|   0|  0|   15|           8|           8|
    |add_ln58_35695_fu_2707_p2  |         +|   0|  0|   16|           9|           9|
    |add_ln58_35696_fu_5817_p2  |         +|   0|  0|   18|          11|          11|
    |add_ln58_35697_fu_2713_p2  |         +|   0|  0|   15|           8|           8|
    |add_ln58_35698_fu_2723_p2  |         +|   0|  0|   16|           9|           9|
    |add_ln58_35699_fu_2729_p2  |         +|   0|  0|   15|           8|           8|
    |add_ln58_35700_fu_2739_p2  |         +|   0|  0|   15|           8|           8|
    |add_ln58_35701_fu_2748_p2  |         +|   0|  0|   16|           9|           9|
    |add_ln58_35702_fu_5829_p2  |         +|   0|  0|   17|          10|          10|
    |add_ln58_35703_fu_5839_p2  |         +|   0|  0|   17|          11|          11|
    |add_ln58_35704_fu_1622_p2  |         +|   0|  0|   15|           8|           8|
    |add_ln58_35705_fu_2757_p2  |         +|   0|  0|   16|           9|           9|
    |add_ln58_35706_fu_1628_p2  |         +|   0|  0|   14|           7|           7|
    |add_ln58_35707_fu_1634_p2  |         +|   0|  0|   14|           7|           7|
    |add_ln58_35708_fu_2773_p2  |         +|   0|  0|   15|           8|           8|
    |add_ln58_35709_fu_2783_p2  |         +|   0|  0|   17|          10|          10|
    |add_ln58_35710_fu_1640_p2  |         +|   0|  0|   14|           7|           7|
    |add_ln58_35711_fu_2792_p2  |         +|   0|  0|   15|           8|           8|
    |add_ln58_35712_fu_1646_p2  |         +|   0|  0|   14|           7|           7|
    |add_ln58_35713_fu_1652_p2  |         +|   0|  0|   14|           7|           7|
    |add_ln58_35714_fu_2808_p2  |         +|   0|  0|   15|           8|           8|
    |add_ln58_35715_fu_2818_p2  |         +|   0|  0|   16|           9|           9|
    |add_ln58_35716_fu_5851_p2  |         +|   0|  0|   18|          11|          11|
    |add_ln58_35717_fu_5857_p2  |         +|   0|  0|   17|          11|          11|
    |add_ln58_35718_fu_2824_p2  |         +|   0|  0|   18|           9|           9|
    |add_ln58_35719_fu_2828_p2  |         +|   0|  0|   18|           9|           9|
    |add_ln58_35720_fu_2834_p2  |         +|   0|  0|   15|           8|           8|
    |add_ln58_35721_fu_2844_p2  |         +|   0|  0|   16|           9|           9|
    |add_ln58_35722_fu_5869_p2  |         +|   0|  0|   17|          10|          10|
    |add_ln58_35723_fu_2850_p2  |         +|   0|  0|   15|           8|           8|
    |add_ln58_35724_fu_2860_p2  |         +|   0|  0|   16|           9|           9|
    |add_ln58_35725_fu_2866_p2  |         +|   0|  0|   15|           8|           8|
    |add_ln58_35726_fu_2876_p2  |         +|   0|  0|   15|           8|           8|
    |add_ln58_35727_fu_2886_p2  |         +|   0|  0|   16|           9|           9|
    |add_ln58_35728_fu_5885_p2  |         +|   0|  0|   17|          10|          10|
    |add_ln58_35729_fu_5895_p2  |         +|   0|  0|   17|          11|          11|
    |add_ln58_35730_fu_1658_p2  |         +|   0|  0|   15|           8|           8|
    |add_ln58_35731_fu_2895_p2  |         +|   0|  0|   16|           9|           9|
    |add_ln58_35732_fu_1664_p2  |         +|   0|  0|   14|           7|           7|
    |add_ln58_35733_fu_1674_p2  |         +|   0|  0|   14|           7|           7|
    |add_ln58_35734_fu_1684_p2  |         +|   0|  0|   15|           8|           8|
    |add_ln58_35735_fu_2908_p2  |         +|   0|  0|   17|          10|          10|
    |add_ln58_35736_fu_1690_p2  |         +|   0|  0|   14|           7|           7|
    |add_ln58_35737_fu_1696_p2  |         +|   0|  0|   14|           7|           7|
    |add_ln58_35738_fu_2920_p2  |         +|   0|  0|   15|           8|           8|
    |add_ln58_35739_fu_1702_p2  |         +|   0|  0|   14|           7|           7|
    |add_ln58_35740_fu_1708_p2  |         +|   0|  0|   14|           7|           7|
    |add_ln58_35741_fu_2936_p2  |         +|   0|  0|   15|           8|           8|
    |add_ln58_35742_fu_2946_p2  |         +|   0|  0|   16|           9|           9|
    |add_ln58_35743_fu_5907_p2  |         +|   0|  0|   18|          11|          11|
    |add_ln58_35744_fu_5913_p2  |         +|   0|  0|   17|          11|          11|
    |add_ln58_35745_fu_2952_p2  |         +|   0|  0|   16|           9|           9|
    |add_ln58_35746_fu_2961_p2  |         +|   0|  0|   17|          10|          10|
    |add_ln58_35747_fu_2966_p2  |         +|   0|  0|   16|           9|           9|
    |add_ln58_35748_fu_5925_p2  |         +|   0|  0|   18|          11|          11|
    |add_ln58_35749_fu_2972_p2  |         +|   0|  0|   15|           8|           8|
    |add_ln58_35750_fu_2982_p2  |         +|   0|  0|   16|           9|           9|
    |add_ln58_35751_fu_2988_p2  |         +|   0|  0|   15|           8|           8|
    |add_ln58_35752_fu_2998_p2  |         +|   0|  0|   16|           9|           9|
    |add_ln58_35753_fu_5937_p2  |         +|   0|  0|   17|          10|          10|
    |add_ln58_35754_fu_5947_p2  |         +|   0|  0|   17|          11|          11|
    |add_ln58_35755_fu_3004_p2  |         +|   0|  0|   15|           8|           8|
    |add_ln58_35756_fu_3012_p2  |         +|   0|  0|   16|           9|           9|
    |add_ln58_35757_fu_1714_p2  |         +|   0|  0|   14|           7|           7|
    |add_ln58_35758_fu_1720_p2  |         +|   0|  0|   14|           7|           7|
    |add_ln58_35759_fu_3024_p2  |         +|   0|  0|   15|           8|           8|
    |add_ln58_35760_fu_5959_p2  |         +|   0|  0|   18|          10|          10|
    |add_ln58_35761_fu_1726_p2  |         +|   0|  0|   14|           7|           7|
    |add_ln58_35762_fu_3033_p2  |         +|   0|  0|   15|           8|           8|
    |add_ln58_35763_fu_1732_p2  |         +|   0|  0|   14|           7|           7|
    |add_ln58_35764_fu_1738_p2  |         +|   0|  0|   14|           7|           7|
    |add_ln58_35765_fu_3049_p2  |         +|   0|  0|   15|           8|           8|
    |add_ln58_35766_fu_3059_p2  |         +|   0|  0|   16|           9|           9|
    |add_ln58_35767_fu_5968_p2  |         +|   0|  0|   18|          10|          10|
    |add_ln58_35768_fu_5978_p2  |         +|   0|  0|   17|          11|          11|
    |add_ln58_35769_fu_3065_p2  |         +|   0|  0|   18|          10|          10|
    |add_ln58_35770_fu_3071_p2  |         +|   0|  0|   18|          10|          10|
    |add_ln58_35771_fu_5987_p2  |         +|   0|  0|   18|          11|          11|
    |add_ln58_35772_fu_3077_p2  |         +|   0|  0|   15|           8|           8|
    |add_ln58_35773_fu_3087_p2  |         +|   0|  0|   16|           9|           9|
    |add_ln58_35774_fu_3093_p2  |         +|   0|  0|   16|           9|           9|
    |add_ln58_35775_fu_5999_p2  |         +|   0|  0|   17|          10|          10|
    |add_ln58_35776_fu_6009_p2  |         +|   0|  0|   17|          11|          11|
    |add_ln58_35777_fu_1744_p2  |         +|   0|  0|   15|           8|           8|
    |add_ln58_35778_fu_3102_p2  |         +|   0|  0|   16|           9|           9|
    |add_ln58_35779_fu_1750_p2  |         +|   0|  0|   14|           7|           7|
    |add_ln58_35780_fu_3115_p2  |         +|   0|  0|   15|           8|           8|
    |add_ln58_35781_fu_3124_p2  |         +|   0|  0|   17|          10|          10|
    |add_ln58_35782_fu_1756_p2  |         +|   0|  0|   14|           7|           7|
    |add_ln58_35783_fu_3133_p2  |         +|   0|  0|   15|           8|           8|
    |add_ln58_35784_fu_1762_p2  |         +|   0|  0|   14|           7|           7|
    |add_ln58_35785_fu_1768_p2  |         +|   0|  0|   14|           7|           7|
    |add_ln58_35786_fu_3149_p2  |         +|   0|  0|   15|           8|           8|
    |add_ln58_35787_fu_3159_p2  |         +|   0|  0|   16|           9|           9|
    |add_ln58_35788_fu_6021_p2  |         +|   0|  0|   18|          11|          11|
    |add_ln58_35789_fu_6027_p2  |         +|   0|  0|   17|          11|          11|
    |add_ln58_35790_fu_3165_p2  |         +|   0|  0|   18|          10|          10|
    |add_ln58_35791_fu_3171_p2  |         +|   0|  0|   18|          10|          10|
    |add_ln58_35792_fu_3177_p2  |         +|   0|  0|   15|           8|           8|
    |add_ln58_35793_fu_3187_p2  |         +|   0|  0|   16|           9|           9|
    |add_ln58_35794_fu_6039_p2  |         +|   0|  0|   18|          11|          11|
    |add_ln58_35795_fu_3193_p2  |         +|   0|  0|   15|           8|           8|
    |add_ln58_35796_fu_3201_p2  |         +|   0|  0|   16|           9|           9|
    |add_ln58_35797_fu_1774_p2  |         +|   0|  0|   14|           7|           7|
    |add_ln58_35798_fu_1780_p2  |         +|   0|  0|   14|           7|           7|
    |add_ln58_35799_fu_3213_p2  |         +|   0|  0|   15|           8|           8|
    |add_ln58_35800_fu_6051_p2  |         +|   0|  0|   17|          10|          10|
    |add_ln58_35801_fu_6061_p2  |         +|   0|  0|   17|          11|          11|
    |add_ln58_35802_fu_1786_p2  |         +|   0|  0|   14|           7|           7|
    |add_ln58_35803_fu_3222_p2  |         +|   0|  0|   15|           8|           8|
    |add_ln58_35804_fu_1792_p2  |         +|   0|  0|   14|           7|           7|
    |add_ln58_35805_fu_3234_p2  |         +|   0|  0|   15|           8|           8|
    |add_ln58_35806_fu_3244_p2  |         +|   0|  0|   16|           9|           9|
    |add_ln58_35807_fu_1798_p2  |         +|   0|  0|   14|           7|           7|
    |add_ln58_35808_fu_3253_p2  |         +|   0|  0|   15|           8|           8|
    |add_ln58_35809_fu_3263_p2  |         +|   0|  0|   16|           9|           9|
    |add_ln58_35810_fu_6073_p2  |         +|   0|  0|   17|          10|          10|
    |add_ln58_35811_fu_6083_p2  |         +|   0|  0|   17|          11|          11|
    |add_ln58_35812_fu_3269_p2  |         +|   0|  0|   15|           8|           8|
    |add_ln58_35813_fu_3279_p2  |         +|   0|  0|   17|          10|          10|
    |add_ln58_35814_fu_3285_p2  |         +|   0|  0|   15|           8|           8|
    |add_ln58_35815_fu_3295_p2  |         +|   0|  0|   16|           9|           9|
    |add_ln58_35816_fu_6095_p2  |         +|   0|  0|   18|          11|          11|
    |add_ln58_35817_fu_3301_p2  |         +|   0|  0|   15|           8|           8|
    |add_ln58_35818_fu_3311_p2  |         +|   0|  0|   16|           9|           9|
    |add_ln58_35819_fu_3317_p2  |         +|   0|  0|   15|           8|           8|
    |add_ln58_35820_fu_3326_p2  |         +|   0|  0|   16|           9|           9|
    |add_ln58_35821_fu_6107_p2  |         +|   0|  0|   17|          10|          10|
    |add_ln58_35822_fu_6117_p2  |         +|   0|  0|   17|          11|          11|
    |add_ln58_35823_fu_3332_p2  |         +|   0|  0|   15|           8|           8|
    |add_ln58_35824_fu_3341_p2  |         +|   0|  0|   18|           9|           9|
    |add_ln58_35825_fu_1804_p2  |         +|   0|  0|   14|           7|           7|
    |add_ln58_35826_fu_3350_p2  |         +|   0|  0|   15|           8|           8|
    |add_ln58_35827_fu_3360_p2  |         +|   0|  0|   18|           9|           9|
    |add_ln58_35828_fu_1810_p2  |         +|   0|  0|   14|           7|           7|
    |add_ln58_35829_fu_3369_p2  |         +|   0|  0|   15|           8|           8|
    |add_ln58_35830_fu_1816_p2  |         +|   0|  0|   14|           7|           7|
    |add_ln58_35831_fu_3382_p2  |         +|   0|  0|   15|           8|           8|
    |add_ln58_35832_fu_3392_p2  |         +|   0|  0|   16|           9|           9|
    |add_ln58_35833_fu_6129_p2  |         +|   0|  0|   17|          10|          10|
    |add_ln58_35834_fu_6139_p2  |         +|   0|  0|   17|          11|          11|
    |add_ln58_35835_fu_3398_p2  |         +|   0|  0|   15|           8|           8|
    |add_ln58_35836_fu_3407_p2  |         +|   0|  0|   17|          10|          10|
    |add_ln58_35837_fu_3413_p2  |         +|   0|  0|   15|           8|           8|
    |add_ln58_35838_fu_3423_p2  |         +|   0|  0|   16|           9|           9|
    |add_ln58_35839_fu_6151_p2  |         +|   0|  0|   18|          11|          11|
    |add_ln58_35840_fu_3429_p2  |         +|   0|  0|   16|           9|           9|
    |add_ln58_35841_fu_1822_p2  |         +|   0|  0|   15|           8|           8|
    |add_ln58_35842_fu_1828_p2  |         +|   0|  0|   14|           7|           7|
    |add_ln58_35843_fu_3445_p2  |         +|   0|  0|   16|           9|           9|
    |add_ln58_35844_fu_3455_p2  |         +|   0|  0|   17|          10|          10|
    |add_ln58_35845_fu_6160_p2  |         +|   0|  0|   17|          11|          11|
    |add_ln58_35846_fu_1833_p2  |         +|   0|  0|   14|           7|           7|
    |add_ln58_35847_fu_3464_p2  |         +|   0|  0|   15|           8|           8|
    |add_ln58_35848_fu_1839_p2  |         +|   0|  0|   14|           7|           7|
    |add_ln58_35849_fu_3477_p2  |         +|   0|  0|   15|           8|           8|
    |add_ln58_35850_fu_3487_p2  |         +|   0|  0|   16|           9|           9|
    |add_ln58_35851_fu_3493_p2  |         +|   0|  0|   15|           8|           8|
    |add_ln58_35852_fu_1845_p2  |         +|   0|  0|   14|           7|           7|
    |add_ln58_35853_fu_3506_p2  |         +|   0|  0|   15|           8|           8|
    |add_ln58_35854_fu_3516_p2  |         +|   0|  0|   16|           9|           9|
    |add_ln58_35855_fu_6172_p2  |         +|   0|  0|   17|          10|          10|
    |add_ln58_35856_fu_6182_p2  |         +|   0|  0|   17|          11|          11|
    |add_ln58_35857_fu_3525_p2  |         +|   0|  0|   18|          10|          10|
    |add_ln58_35858_fu_3531_p2  |         +|   0|  0|   18|          10|          10|
    |add_ln58_35859_fu_3537_p2  |         +|   0|  0|   15|           8|           8|
    |add_ln58_35860_fu_3547_p2  |         +|   0|  0|   16|           9|           9|
    |add_ln58_35861_fu_6194_p2  |         +|   0|  0|   18|          11|          11|
    |add_ln58_35862_fu_3553_p2  |         +|   0|  0|   16|           9|           9|
    |add_ln58_35863_fu_1851_p2  |         +|   0|  0|   15|           8|           8|
    |add_ln58_35864_fu_3565_p2  |         +|   0|  0|   16|           9|           9|
    |add_ln58_35865_fu_6206_p2  |         +|   0|  0|   17|          10|          10|
    |add_ln58_35866_fu_6216_p2  |         +|   0|  0|   17|          11|          11|
    |add_ln58_35867_fu_1857_p2  |         +|   0|  0|   14|           7|           7|
    |add_ln58_35868_fu_3577_p2  |         +|   0|  0|   15|           8|           8|
    |add_ln58_35869_fu_1863_p2  |         +|   0|  0|   14|           7|           7|
    |add_ln58_35870_fu_3589_p2  |         +|   0|  0|   15|           8|           8|
    |add_ln58_35871_fu_3599_p2  |         +|   0|  0|   16|           9|           9|
    |add_ln58_35872_fu_3605_p2  |         +|   0|  0|   15|           8|           8|
    |add_ln58_35873_fu_3615_p2  |         +|   0|  0|   15|           8|           8|
    |add_ln58_35874_fu_3625_p2  |         +|   0|  0|   16|           9|           9|
    |add_ln58_35875_fu_6228_p2  |         +|   0|  0|   17|          10|          10|
    |add_ln58_35876_fu_6238_p2  |         +|   0|  0|   17|          11|          11|
    |add_ln58_35877_fu_1869_p2  |         +|   0|  0|   17|          10|          10|
    |add_ln58_35878_fu_3631_p2  |         +|   0|  0|   15|           8|           8|
    |add_ln58_35879_fu_3640_p2  |         +|   0|  0|   16|           9|           9|
    |add_ln58_35880_fu_6250_p2  |         +|   0|  0|   18|          11|          11|
    |add_ln58_35881_fu_3646_p2  |         +|   0|  0|   15|           8|           8|
    |add_ln58_35882_fu_3656_p2  |         +|   0|  0|   16|           9|           9|
    |add_ln58_35883_fu_3662_p2  |         +|   0|  0|   15|           8|           8|
    |add_ln58_35884_fu_3672_p2  |         +|   0|  0|   15|           8|           8|
    |add_ln58_35885_fu_3681_p2  |         +|   0|  0|   16|           9|           9|
    |add_ln58_35886_fu_6262_p2  |         +|   0|  0|   17|          10|          10|
    |add_ln58_35887_fu_6272_p2  |         +|   0|  0|   17|          11|          11|
    |add_ln58_35888_fu_1875_p2  |         +|   0|  0|   15|           8|           8|
    |add_ln58_35889_fu_3690_p2  |         +|   0|  0|   16|           9|           9|
    |add_ln58_35890_fu_1881_p2  |         +|   0|  0|   14|           7|           7|
    |add_ln58_35891_fu_3703_p2  |         +|   0|  0|   15|           8|           8|
    |add_ln58_35892_fu_3713_p2  |         +|   0|  0|   17|          10|          10|
    |add_ln58_35893_fu_1887_p2  |         +|   0|  0|   14|           7|           7|
    |add_ln58_35894_fu_3722_p2  |         +|   0|  0|   15|           8|           8|
    |add_ln58_35895_fu_3732_p2  |         +|   0|  0|   16|           9|           9|
    |add_ln58_35896_fu_6284_p2  |         +|   0|  0|   18|          11|          11|
    |add_ln58_35897_fu_6290_p2  |         +|   0|  0|   17|          11|          11|
    |add_ln58_35898_fu_6299_p2  |         +|   0|  0|   17|          11|          11|
    |add_ln58_35899_fu_3738_p2  |         +|   0|  0|   15|           8|           8|
    |add_ln58_35900_fu_3748_p2  |         +|   0|  0|   16|           9|           9|
    |add_ln58_35901_fu_6307_p2  |         +|   0|  0|   17|          11|          11|
    |add_ln58_35902_fu_3754_p2  |         +|   0|  0|   15|           8|           8|
    |add_ln58_35903_fu_3764_p2  |         +|   0|  0|   16|           9|           9|
    |add_ln58_35904_fu_1893_p2  |         +|   0|  0|   15|           8|           8|
    |add_ln58_35905_fu_3773_p2  |         +|   0|  0|   16|           9|           9|
    |add_ln58_35906_fu_6319_p2  |         +|   0|  0|   17|          10|          10|
    |add_ln58_35907_fu_6329_p2  |         +|   0|  0|   17|          11|          11|
    |add_ln58_35908_fu_1899_p2  |         +|   0|  0|   14|           7|           7|
    |add_ln58_35909_fu_1905_p2  |         +|   0|  0|   14|           7|           7|
    |add_ln58_35910_fu_3785_p2  |         +|   0|  0|   15|           8|           8|
    |add_ln58_35911_fu_3795_p2  |         +|   0|  0|   16|           9|           9|
    |add_ln58_35912_fu_3801_p2  |         +|   0|  0|   15|           8|           8|
    |add_ln58_35913_fu_1911_p2  |         +|   0|  0|   14|           7|           7|
    |add_ln58_35914_fu_3814_p2  |         +|   0|  0|   15|           8|           8|
    |add_ln58_35915_fu_3824_p2  |         +|   0|  0|   16|           9|           9|
    |add_ln58_35916_fu_6341_p2  |         +|   0|  0|   17|          10|          10|
    |add_ln58_35917_fu_6351_p2  |         +|   0|  0|   17|          11|          11|
    |add_ln58_35918_fu_1917_p2  |         +|   0|  0|   16|           9|           9|
    |add_ln58_35919_fu_1926_p2  |         +|   0|  0|   17|          10|          10|
    |add_ln58_35920_fu_6360_p2  |         +|   0|  0|   18|          11|          11|
    |add_ln58_35921_fu_3830_p2  |         +|   0|  0|   15|           8|           8|
    |add_ln58_35922_fu_3840_p2  |         +|   0|  0|   16|           9|           9|
    |add_ln58_35923_fu_3846_p2  |         +|   0|  0|   15|           8|           8|
    |add_ln58_35924_fu_3856_p2  |         +|   0|  0|   16|           9|           9|
    |add_ln58_35925_fu_6372_p2  |         +|   0|  0|   17|          10|          10|
    |add_ln58_35926_fu_6382_p2  |         +|   0|  0|   17|          11|          11|
    |add_ln58_35927_fu_3862_p2  |         +|   0|  0|   16|           9|           9|
    |add_ln58_35928_fu_1932_p2  |         +|   0|  0|   14|           7|           7|
    |add_ln58_35929_fu_3875_p2  |         +|   0|  0|   15|           8|           8|
    |add_ln58_35930_fu_3885_p2  |         +|   0|  0|   17|          10|          10|
    |add_ln58_35931_fu_1938_p2  |         +|   0|  0|   14|           7|           7|
    |add_ln58_35932_fu_1944_p2  |         +|   0|  0|   14|           7|           7|
    |add_ln58_35933_fu_3897_p2  |         +|   0|  0|   15|           8|           8|
    |add_ln58_35934_fu_1950_p2  |         +|   0|  0|   14|           7|           7|
    |add_ln58_35935_fu_3910_p2  |         +|   0|  0|   15|           8|           8|
    |add_ln58_35936_fu_3920_p2  |         +|   0|  0|   16|           9|           9|
    |add_ln58_35937_fu_6394_p2  |         +|   0|  0|   18|          11|          11|
    |add_ln58_35938_fu_6400_p2  |         +|   0|  0|   17|          11|          11|
    |add_ln58_35939_fu_1956_p2  |         +|   0|  0|   14|           7|           7|
    |add_ln58_35940_fu_3932_p2  |         +|   0|  0|   15|           8|           8|
    |add_ln58_35941_fu_3941_p2  |         +|   0|  0|   17|          10|          10|
    |add_ln58_35942_fu_3947_p2  |         +|   0|  0|   15|           8|           8|
    |add_ln58_35943_fu_3956_p2  |         +|   0|  0|   15|           8|           8|
    |add_ln58_35944_fu_3966_p2  |         +|   0|  0|   16|           9|           9|
    |add_ln58_35945_fu_6412_p2  |         +|   0|  0|   18|          11|          11|
    |add_ln58_35946_fu_3972_p2  |         +|   0|  0|   16|           9|           9|
    |add_ln58_35947_fu_3978_p2  |         +|   0|  0|   15|           8|           8|
    |add_ln58_35948_fu_3986_p2  |         +|   0|  0|   16|           9|           9|
    |add_ln58_35949_fu_6424_p2  |         +|   0|  0|   17|          10|          10|
    |add_ln58_35950_fu_6434_p2  |         +|   0|  0|   17|          11|          11|
    |add_ln58_35951_fu_3992_p2  |         +|   0|  0|   15|           8|           8|
    |add_ln58_35952_fu_1961_p2  |         +|   0|  0|   14|           7|           7|
    |add_ln58_35953_fu_4004_p2  |         +|   0|  0|   15|           8|           8|
    |add_ln58_35954_fu_4014_p2  |         +|   0|  0|   16|           9|           9|
    |add_ln58_35955_fu_1967_p2  |         +|   0|  0|   14|           7|           7|
    |add_ln58_35956_fu_1973_p2  |         +|   0|  0|   14|           7|           7|
    |add_ln58_35957_fu_4026_p2  |         +|   0|  0|   15|           8|           8|
    |add_ln58_35958_fu_1979_p2  |         +|   0|  0|   14|           7|           7|
    |add_ln58_35959_fu_1989_p2  |         +|   0|  0|   14|           7|           7|
    |add_ln58_35960_fu_1999_p2  |         +|   0|  0|   15|           8|           8|
    |add_ln58_35961_fu_4039_p2  |         +|   0|  0|   16|           9|           9|
    |add_ln58_35962_fu_6446_p2  |         +|   0|  0|   17|          10|          10|
    |add_ln58_35963_fu_6456_p2  |         +|   0|  0|   17|          11|          11|
    |add_ln58_35964_fu_4045_p2  |         +|   0|  0|   17|          10|          10|
    |add_ln58_35965_fu_6465_p2  |         +|   0|  0|   17|          11|          11|
    |add_ln58_35966_fu_4051_p2  |         +|   0|  0|   16|           9|           9|
    |add_ln58_35967_fu_6474_p2  |         +|   0|  0|   17|          11|          11|
    |add_ln58_35968_fu_4057_p2  |         +|   0|  0|   16|           9|           9|
    |add_ln58_35969_fu_2005_p2  |         +|   0|  0|   15|           8|           8|
    |add_ln58_35970_fu_4066_p2  |         +|   0|  0|   16|           9|           9|
    |add_ln58_35971_fu_6483_p2  |         +|   0|  0|   17|          10|          10|
    |add_ln58_35972_fu_6492_p2  |         +|   0|  0|   17|          11|          11|
    |add_ln58_35973_fu_4076_p2  |         +|   0|  0|   15|           8|           8|
    |add_ln58_35974_fu_4085_p2  |         +|   0|  0|   18|           9|           9|
    |add_ln58_35975_fu_4091_p2  |         +|   0|  0|   18|           9|           9|
    |add_ln58_35976_fu_4097_p2  |         +|   0|  0|   15|           8|           8|
    |add_ln58_35977_fu_4107_p2  |         +|   0|  0|   15|           8|           8|
    |add_ln58_35978_fu_4117_p2  |         +|   0|  0|   16|           9|           9|
    |add_ln58_35979_fu_6504_p2  |         +|   0|  0|   17|          10|          10|
    |add_ln58_35980_fu_6514_p2  |         +|   0|  0|   17|          11|          11|
    |add_ln58_35981_fu_4123_p2  |         +|   0|  0|   18|           9|           9|
    |add_ln58_35982_fu_4128_p2  |         +|   0|  0|   18|           9|           9|
    |add_ln58_35983_fu_4133_p2  |         +|   0|  0|   15|           8|           8|
    |add_ln58_35984_fu_4145_p2  |         +|   0|  0|   15|           8|           8|
    |add_ln58_35985_fu_4155_p2  |         +|   0|  0|   16|           9|           9|
    |add_ln58_35986_fu_6526_p2  |         +|   0|  0|   17|          10|          10|
    |add_ln58_35987_fu_4161_p2  |         +|   0|  0|   16|           9|           9|
    |add_ln58_35988_fu_4167_p2  |         +|   0|  0|   15|           8|           8|
    |add_ln58_35989_fu_4177_p2  |         +|   0|  0|   16|           9|           9|
    |add_ln58_35990_fu_6542_p2  |         +|   0|  0|   17|          10|          10|
    |add_ln58_35991_fu_6552_p2  |         +|   0|  0|   17|          11|          11|
    |add_ln58_35992_fu_4183_p2  |         +|   0|  0|   15|           8|           8|
    |add_ln58_35993_fu_4195_p2  |         +|   0|  0|   15|           8|           8|
    |add_ln58_35994_fu_4205_p2  |         +|   0|  0|   16|           9|           9|
    |add_ln58_35995_fu_2011_p2  |         +|   0|  0|   14|           7|           7|
    |add_ln58_35996_fu_4214_p2  |         +|   0|  0|   15|           8|           8|
    |add_ln58_35997_fu_2017_p2  |         +|   0|  0|   14|           7|           7|
    |add_ln58_35998_fu_4227_p2  |         +|   0|  0|   15|           8|           8|
    |add_ln58_35999_fu_4237_p2  |         +|   0|  0|   16|           9|           9|
    |add_ln58_36000_fu_6564_p2  |         +|   0|  0|   17|          10|          10|
    |add_ln58_36001_fu_6574_p2  |         +|   0|  0|   17|          11|          11|
    |add_ln58_36002_fu_4243_p2  |         +|   0|  0|   18|           9|           9|
    |add_ln58_36003_fu_4249_p2  |         +|   0|  0|   18|           9|           9|
    |add_ln58_36004_fu_4255_p2  |         +|   0|  0|   15|           8|           8|
    |add_ln58_36005_fu_4264_p2  |         +|   0|  0|   16|           9|           9|
    |add_ln58_36006_fu_6586_p2  |         +|   0|  0|   17|          10|          10|
    |add_ln58_36007_fu_4270_p2  |         +|   0|  0|   16|           9|           9|
    |add_ln58_36008_fu_4276_p2  |         +|   0|  0|   15|           8|           8|
    |add_ln58_36009_fu_4286_p2  |         +|   0|  0|   16|           9|           9|
    |add_ln58_36010_fu_6602_p2  |         +|   0|  0|   17|          10|          10|
    |add_ln58_36011_fu_6612_p2  |         +|   0|  0|   17|          11|          11|
    |add_ln58_36012_fu_4292_p2  |         +|   0|  0|   15|           8|           8|
    |add_ln58_36013_fu_4301_p2  |         +|   0|  0|   15|           8|           8|
    |add_ln58_36014_fu_4311_p2  |         +|   0|  0|   16|           9|           9|
    |add_ln58_36015_fu_2023_p2  |         +|   0|  0|   14|           7|           7|
    |add_ln58_36016_fu_4320_p2  |         +|   0|  0|   15|           8|           8|
    |add_ln58_36017_fu_4330_p2  |         +|   0|  0|   15|           8|           8|
    |add_ln58_36018_fu_4340_p2  |         +|   0|  0|   16|           9|           9|
    |add_ln58_36019_fu_6624_p2  |         +|   0|  0|   17|          10|          10|
    |add_ln58_36020_fu_6634_p2  |         +|   0|  0|   17|          11|          11|
    |add_ln58_36021_fu_4346_p2  |         +|   0|  0|   15|           8|           8|
    |add_ln58_36022_fu_4356_p2  |         +|   0|  0|   16|           9|           9|
    |add_ln58_36023_fu_4362_p2  |         +|   0|  0|   15|           8|           8|
    |add_ln58_36024_fu_4372_p2  |         +|   0|  0|   16|           9|           9|
    |add_ln58_36025_fu_6652_p2  |         +|   0|  0|   17|          10|          10|
    |add_ln58_36026_fu_4378_p2  |         +|   0|  0|   15|           8|           8|
    |add_ln58_36027_fu_4388_p2  |         +|   0|  0|   16|           9|           9|
    |add_ln58_36028_fu_4394_p2  |         +|   0|  0|   15|           8|           8|
    |add_ln58_36029_fu_4402_p2  |         +|   0|  0|   16|           9|           9|
    |add_ln58_36030_fu_6668_p2  |         +|   0|  0|   17|          10|          10|
    |add_ln58_36031_fu_6678_p2  |         +|   0|  0|   17|          11|          11|
    |add_ln58_36032_fu_2029_p2  |         +|   0|  0|   14|           7|           7|
    |add_ln58_36033_fu_4411_p2  |         +|   0|  0|   18|          10|          10|
    |add_ln58_36034_fu_2035_p2  |         +|   0|  0|   14|           7|           7|
    |add_ln58_36035_fu_2045_p2  |         +|   0|  0|   15|           8|           8|
    |add_ln58_36036_fu_4419_p2  |         +|   0|  0|   18|          10|          10|
    |add_ln58_36037_fu_4425_p2  |         +|   0|  0|   15|           8|           8|
    |add_ln58_36038_fu_2051_p2  |         +|   0|  0|   14|           7|           7|
    |add_ln58_36039_fu_2057_p2  |         +|   0|  0|   14|           7|           7|
    |add_ln58_36040_fu_4441_p2  |         +|   0|  0|   15|           8|           8|
    |add_ln58_36041_fu_4451_p2  |         +|   0|  0|   16|           9|           9|
    |add_ln58_36042_fu_6690_p2  |         +|   0|  0|   18|          11|          11|
    |add_ln58_36043_fu_6696_p2  |         +|   0|  0|   17|          11|          11|
    |add_ln58_36044_fu_4457_p2  |         +|   0|  0|   17|          10|          10|
    |add_ln58_36045_fu_4463_p2  |         +|   0|  0|   15|           8|           8|
    |add_ln58_36046_fu_4472_p2  |         +|   0|  0|   15|           8|           8|
    |add_ln58_36047_fu_4482_p2  |         +|   0|  0|   16|           9|           9|
    |add_ln58_36048_fu_6708_p2  |         +|   0|  0|   18|          11|          11|
    |add_ln58_36049_fu_4488_p2  |         +|   0|  0|   16|           9|           9|
    |add_ln58_36050_fu_6717_p2  |         +|   0|  0|   17|          10|          10|
    |add_ln58_36051_fu_6727_p2  |         +|   0|  0|   17|          11|          11|
    |add_ln58_36052_fu_2063_p2  |         +|   0|  0|   15|           8|           8|
    |add_ln58_36053_fu_4497_p2  |         +|   0|  0|   16|           9|           9|
    |add_ln58_36054_fu_4507_p2  |         +|   0|  0|   17|          10|          10|
    |add_ln58_36055_fu_2069_p2  |         +|   0|  0|   14|           7|           7|
    |add_ln58_36056_fu_4516_p2  |         +|   0|  0|   15|           8|           8|
    |add_ln58_36057_fu_4526_p2  |         +|   0|  0|   15|           8|           8|
    |add_ln58_36058_fu_4536_p2  |         +|   0|  0|   16|           9|           9|
    |add_ln58_36059_fu_6739_p2  |         +|   0|  0|   18|          11|          11|
    |add_ln58_36060_fu_6745_p2  |         +|   0|  0|   17|          11|          11|
    |add_ln58_36061_fu_4542_p2  |         +|   0|  0|   15|           8|           8|
    |add_ln58_36062_fu_4555_p2  |         +|   0|  0|   17|          10|          10|
    |add_ln58_36063_fu_6754_p2  |         +|   0|  0|   18|          11|          11|
    |add_ln58_36064_fu_4561_p2  |         +|   0|  0|   16|           9|           9|
    |add_ln58_36065_fu_4567_p2  |         +|   0|  0|   16|           9|           9|
    |add_ln58_36066_fu_6766_p2  |         +|   0|  0|   17|          10|          10|
    |add_ln58_36067_fu_6776_p2  |         +|   0|  0|   17|          11|          11|
    |add_ln58_36068_fu_4573_p2  |         +|   0|  0|   15|           8|           8|
    |add_ln58_36069_fu_4581_p2  |         +|   0|  0|   18|           9|           9|
    |add_ln58_36070_fu_2075_p2  |         +|   0|  0|   14|           7|           7|
    |add_ln58_36071_fu_4590_p2  |         +|   0|  0|   15|           8|           8|
    |add_ln58_36072_fu_4600_p2  |         +|   0|  0|   18|           9|           9|
    |add_ln58_36073_fu_4606_p2  |         +|   0|  0|   15|           8|           8|
    |add_ln58_36074_fu_4616_p2  |         +|   0|  0|   16|           9|           9|
    |add_ln58_36075_fu_6788_p2  |         +|   0|  0|   17|          10|          10|
    |add_ln58_36076_fu_6798_p2  |         +|   0|  0|   17|          11|          11|
    |add_ln58_36077_fu_2081_p2  |         +|   0|  0|   15|           8|           8|
    |add_ln58_36078_fu_2091_p2  |         +|   0|  0|   17|          10|          10|
    |add_ln58_36079_fu_4622_p2  |         +|   0|  0|   15|           8|           8|
    |add_ln58_36080_fu_4632_p2  |         +|   0|  0|   16|           9|           9|
    |add_ln58_36081_fu_6810_p2  |         +|   0|  0|   18|          11|          11|
    |add_ln58_36082_fu_4638_p2  |         +|   0|  0|   15|           8|           8|
    |add_ln58_36083_fu_4648_p2  |         +|   0|  0|   16|           9|           9|
    |add_ln58_36084_fu_4654_p2  |         +|   0|  0|   16|           9|           9|
    |add_ln58_36085_fu_6822_p2  |         +|   0|  0|   17|          10|          10|
    |add_ln58_36086_fu_6832_p2  |         +|   0|  0|   17|          11|          11|
    |add_ln58_36087_fu_2097_p2  |         +|   0|  0|   14|           7|           7|
    |add_ln58_36088_fu_4663_p2  |         +|   0|  0|   15|           8|           8|
    |add_ln58_36089_fu_2103_p2  |         +|   0|  0|   14|           7|           7|
    |add_ln58_36090_fu_4675_p2  |         +|   0|  0|   15|           8|           8|
    |add_ln58_36091_fu_4685_p2  |         +|   0|  0|   16|           9|           9|
    |add_ln58_36092_fu_4691_p2  |         +|   0|  0|   15|           8|           8|
    |add_ln58_36093_fu_4701_p2  |         +|   0|  0|   15|           8|           8|
    |add_ln58_36094_fu_4711_p2  |         +|   0|  0|   16|           9|           9|
    |add_ln58_36095_fu_6844_p2  |         +|   0|  0|   17|          10|          10|
    |add_ln58_36096_fu_6854_p2  |         +|   0|  0|   17|          11|          11|
    |add_ln58_36097_fu_4717_p2  |         +|   0|  0|   18|          10|          10|
    |add_ln58_36098_fu_4722_p2  |         +|   0|  0|   18|          10|          10|
    |add_ln58_36099_fu_4728_p2  |         +|   0|  0|   16|           9|           9|
    |add_ln58_36100_fu_6866_p2  |         +|   0|  0|   18|          11|          11|
    |add_ln58_36101_fu_4734_p2  |         +|   0|  0|   16|           9|           9|
    |add_ln58_36102_fu_4740_p2  |         +|   0|  0|   15|           8|           8|
    |add_ln58_36103_fu_4750_p2  |         +|   0|  0|   15|           8|           8|
    |add_ln58_36104_fu_4759_p2  |         +|   0|  0|   16|           9|           9|
    |add_ln58_36105_fu_6878_p2  |         +|   0|  0|   17|          10|          10|
    |add_ln58_36106_fu_6888_p2  |         +|   0|  0|   17|          11|          11|
    |add_ln58_36107_fu_2109_p2  |         +|   0|  0|   14|           7|           7|
    |add_ln58_36108_fu_4768_p2  |         +|   0|  0|   15|           8|           8|
    |add_ln58_36109_fu_2115_p2  |         +|   0|  0|   14|           7|           7|
    |add_ln58_36110_fu_4781_p2  |         +|   0|  0|   15|           8|           8|
    |add_ln58_36111_fu_4791_p2  |         +|   0|  0|   16|           9|           9|
    |add_ln58_36112_fu_4797_p2  |         +|   0|  0|   15|           8|           8|
    |add_ln58_36113_fu_4807_p2  |         +|   0|  0|   16|           9|           9|
    |add_ln58_36114_fu_6900_p2  |         +|   0|  0|   17|          10|          10|
    |add_ln58_36115_fu_6910_p2  |         +|   0|  0|   17|          11|          11|
    |add_ln58_36116_fu_2121_p2  |         +|   0|  0|   17|          10|          10|
    |add_ln58_36117_fu_4813_p2  |         +|   0|  0|   15|           8|           8|
    |add_ln58_36118_fu_4823_p2  |         +|   0|  0|   16|           9|           9|
    |add_ln58_36119_fu_6922_p2  |         +|   0|  0|   18|          11|          11|
    |add_ln58_36120_fu_4829_p2  |         +|   0|  0|   16|           9|           9|
    |add_ln58_36121_fu_4835_p2  |         +|   0|  0|   16|           9|           9|
    |add_ln58_36122_fu_6934_p2  |         +|   0|  0|   17|          10|          10|
    |add_ln58_36123_fu_6944_p2  |         +|   0|  0|   17|          11|          11|
    |add_ln58_36124_fu_4841_p2  |         +|   0|  0|   16|           9|           9|
    |add_ln58_36125_fu_2127_p2  |         +|   0|  0|   15|           8|           8|
    |add_ln58_36126_fu_4857_p2  |         +|   0|  0|   16|           9|           9|
    |add_ln58_36127_fu_4867_p2  |         +|   0|  0|   17|          10|          10|
    |add_ln58_36128_fu_4873_p2  |         +|   0|  0|   15|           8|           8|
    |add_ln58_36129_fu_4883_p2  |         +|   0|  0|   15|           8|           8|
    |add_ln58_36130_fu_4893_p2  |         +|   0|  0|   16|           9|           9|
    |add_ln58_36131_fu_6956_p2  |         +|   0|  0|   18|          11|          11|
    |add_ln58_36132_fu_6962_p2  |         +|   0|  0|   17|          11|          11|
    |add_ln58_36133_fu_4899_p2  |         +|   0|  0|   15|           8|           8|
    |add_ln58_36134_fu_4905_p2  |         +|   0|  0|   15|           8|           8|
    |add_ln58_36135_fu_6974_p2  |         +|   0|  0|   17|          11|          11|
    |add_ln58_36136_fu_6980_p2  |         +|   0|  0|   17|          11|          11|
    |add_ln58_36137_fu_4911_p2  |         +|   0|  0|   16|           9|           9|
    |add_ln58_36138_fu_4917_p2  |         +|   0|  0|   15|           8|           8|
    |add_ln58_36139_fu_4926_p2  |         +|   0|  0|   16|           9|           9|
    |add_ln58_36140_fu_6992_p2  |         +|   0|  0|   17|          10|          10|
    |add_ln58_36141_fu_7002_p2  |         +|   0|  0|   17|          11|          11|
    |add_ln58_36142_fu_4932_p2  |         +|   0|  0|   15|           8|           8|
    |add_ln58_36143_fu_4942_p2  |         +|   0|  0|   15|           8|           8|
    |add_ln58_36144_fu_4952_p2  |         +|   0|  0|   16|           9|           9|
    |add_ln58_36145_fu_4958_p2  |         +|   0|  0|   15|           8|           8|
    |add_ln58_36146_fu_4968_p2  |         +|   0|  0|   15|           8|           8|
    |add_ln58_36147_fu_4978_p2  |         +|   0|  0|   16|           9|           9|
    |add_ln58_36148_fu_7014_p2  |         +|   0|  0|   17|          10|          10|
    |add_ln58_36149_fu_7024_p2  |         +|   0|  0|   17|          11|          11|
    |add_ln58_36150_fu_4984_p2  |         +|   0|  0|   15|           8|           8|
    |add_ln58_36151_fu_4994_p2  |         +|   0|  0|   17|          10|          10|
    |add_ln58_36152_fu_5000_p2  |         +|   0|  0|   16|           9|           9|
    |add_ln58_36153_fu_7036_p2  |         +|   0|  0|   18|          11|          11|
    |add_ln58_36154_fu_5006_p2  |         +|   0|  0|   15|           8|           8|
    |add_ln58_36155_fu_5016_p2  |         +|   0|  0|   16|           9|           9|
    |add_ln58_36156_fu_5022_p2  |         +|   0|  0|   16|           9|           9|
    |add_ln58_36157_fu_7048_p2  |         +|   0|  0|   17|          10|          10|
    |add_ln58_36158_fu_7058_p2  |         +|   0|  0|   17|          11|          11|
    |add_ln58_36159_fu_5028_p2  |         +|   0|  0|   15|           8|           8|
    |add_ln58_36160_fu_5038_p2  |         +|   0|  0|   15|           8|           8|
    |add_ln58_36161_fu_5048_p2  |         +|   0|  0|   16|           9|           9|
    |add_ln58_36162_fu_5054_p2  |         +|   0|  0|   15|           8|           8|
    |add_ln58_36163_fu_2133_p2  |         +|   0|  0|   14|           7|           7|
    |add_ln58_36164_fu_5066_p2  |         +|   0|  0|   15|           8|           8|
    |add_ln58_36165_fu_5076_p2  |         +|   0|  0|   16|           9|           9|
    |add_ln58_36166_fu_7070_p2  |         +|   0|  0|   17|          10|          10|
    |add_ln58_36167_fu_7080_p2  |         +|   0|  0|   17|          11|          11|
    |add_ln58_36168_fu_2139_p2  |         +|   0|  0|   16|           9|           9|
    |add_ln58_36169_fu_5085_p2  |         +|   0|  0|   17|          10|          10|
    |add_ln58_36170_fu_5090_p2  |         +|   0|  0|   16|           9|           9|
    |add_ln58_36171_fu_7092_p2  |         +|   0|  0|   18|          11|          11|
    |add_ln58_36172_fu_5096_p2  |         +|   0|  0|   15|           8|           8|
    |add_ln58_36173_fu_5106_p2  |         +|   0|  0|   16|           9|           9|
    |add_ln58_36174_fu_7101_p2  |         +|   0|  0|   17|          10|          10|
    |add_ln58_36175_fu_7111_p2  |         +|   0|  0|   17|          11|          11|
    |add_ln58_36176_fu_2145_p2  |         +|   0|  0|   15|           8|           8|
    |add_ln58_36177_fu_5115_p2  |         +|   0|  0|   16|           9|           9|
    |add_ln58_36178_fu_2151_p2  |         +|   0|  0|   14|           7|           7|
    |add_ln58_36179_fu_5128_p2  |         +|   0|  0|   16|           9|           9|
    |add_ln58_36180_fu_5138_p2  |         +|   0|  0|   17|          10|          10|
    |add_ln58_36181_fu_5144_p2  |         +|   0|  0|   15|           8|           8|
    |add_ln58_36182_fu_2156_p2  |         +|   0|  0|   14|           7|           7|
    |add_ln58_36183_fu_5157_p2  |         +|   0|  0|   15|           8|           8|
    |add_ln58_36184_fu_5167_p2  |         +|   0|  0|   16|           9|           9|
    |add_ln58_36185_fu_7123_p2  |         +|   0|  0|   18|          11|          11|
    |add_ln58_36186_fu_7129_p2  |         +|   0|  0|   17|          11|          11|
    |add_ln58_36187_fu_7135_p2  |         +|   0|  0|   17|          11|          11|
    |add_ln58_36188_fu_5173_p2  |         +|   0|  0|   16|           9|           9|
    |add_ln58_36189_fu_7144_p2  |         +|   0|  0|   17|          11|          11|
    |add_ln58_36190_fu_5179_p2  |         +|   0|  0|   16|           9|           9|
    |add_ln58_36191_fu_5185_p2  |         +|   0|  0|   15|           8|           8|
    |add_ln58_36192_fu_5194_p2  |         +|   0|  0|   16|           9|           9|
    |add_ln58_36193_fu_7156_p2  |         +|   0|  0|   17|          10|          10|
    |add_ln58_36194_fu_7166_p2  |         +|   0|  0|   17|          11|          11|
    |add_ln58_36195_fu_5200_p2  |         +|   0|  0|   15|           8|           8|
    |add_ln58_36196_fu_5210_p2  |         +|   0|  0|   15|           8|           8|
    |add_ln58_36197_fu_5220_p2  |         +|   0|  0|   16|           9|           9|
    |add_ln58_36198_fu_2162_p2  |         +|   0|  0|   14|           7|           7|
    |add_ln58_36199_fu_5229_p2  |         +|   0|  0|   15|           8|           8|
    |add_ln58_36200_fu_5238_p2  |         +|   0|  0|   15|           8|           8|
    |add_ln58_36201_fu_5248_p2  |         +|   0|  0|   16|           9|           9|
    |add_ln58_36202_fu_7178_p2  |         +|   0|  0|   17|          10|          10|
    |add_ln58_36203_fu_7188_p2  |         +|   0|  0|   17|          11|          11|
    |add_ln58_36204_fu_5254_p2  |         +|   0|  0|   15|           8|           8|
    |add_ln58_36205_fu_5264_p2  |         +|   0|  0|   16|           9|           9|
    |add_ln58_36206_fu_5270_p2  |         +|   0|  0|   16|           9|           9|
    |add_ln58_36207_fu_7200_p2  |         +|   0|  0|   17|          10|          10|
    |add_ln58_36208_fu_5276_p2  |         +|   0|  0|   16|           9|           9|
    |add_ln58_36209_fu_2168_p2  |         +|   0|  0|   14|           7|           7|
    |add_ln58_36210_fu_5285_p2  |         +|   0|  0|   17|          10|          10|
    |add_ln58_36211_fu_7216_p2  |         +|   0|  0|   18|          11|          11|
    |add_ln58_36212_fu_7222_p2  |         +|   0|  0|   17|          11|          11|
    |add_ln58_36213_fu_5291_p2  |         +|   0|  0|   15|           8|           8|
    |add_ln58_36214_fu_5301_p2  |         +|   0|  0|   16|           9|           9|
    |add_ln58_36215_fu_5307_p2  |         +|   0|  0|   15|           8|           8|
    |add_ln58_36216_fu_5317_p2  |         +|   0|  0|   15|           8|           8|
    |add_ln58_36217_fu_5327_p2  |         +|   0|  0|   16|           9|           9|
    |add_ln58_36218_fu_7234_p2  |         +|   0|  0|   17|          10|          10|
    |add_ln58_36219_fu_7244_p2  |         +|   0|  0|   17|          11|          11|
    |add_ln58_36220_fu_5333_p2  |         +|   0|  0|   15|           8|           8|
    |add_ln58_36221_fu_5342_p2  |         +|   0|  0|   16|           9|           9|
    |add_ln58_36222_fu_5348_p2  |         +|   0|  0|   15|           8|           8|
    |add_ln58_36223_fu_5358_p2  |         +|   0|  0|   16|           9|           9|
    |add_ln58_36224_fu_7256_p2  |         +|   0|  0|   17|          10|          10|
    |add_ln58_36225_fu_5364_p2  |         +|   0|  0|   15|           8|           8|
    |add_ln58_36226_fu_5374_p2  |         +|   0|  0|   16|           9|           9|
    |add_ln58_36227_fu_5380_p2  |         +|   0|  0|   16|           9|           9|
    |add_ln58_36228_fu_7272_p2  |         +|   0|  0|   17|          10|          10|
    |add_ln58_36229_fu_7282_p2  |         +|   0|  0|   17|          11|          11|
    |add_ln58_36230_fu_2174_p2  |         +|   0|  0|   14|           7|           7|
    |add_ln58_36231_fu_2184_p2  |         +|   0|  0|   15|           8|           8|
    |add_ln58_36232_fu_2190_p2  |         +|   0|  0|   14|           7|           7|
    |add_ln58_36233_fu_5392_p2  |         +|   0|  0|   15|           8|           8|
    |add_ln58_36234_fu_5402_p2  |         +|   0|  0|   16|           9|           9|
    |add_ln58_36235_fu_5408_p2  |         +|   0|  0|   15|           8|           8|
    |add_ln58_36236_fu_5418_p2  |         +|   0|  0|   15|           8|           8|
    |add_ln58_36237_fu_5428_p2  |         +|   0|  0|   16|           9|           9|
    |add_ln58_36238_fu_7294_p2  |         +|   0|  0|   17|          10|          10|
    |add_ln58_36239_fu_7304_p2  |         +|   0|  0|   17|          11|          11|
    |add_ln58_36240_fu_5434_p2  |         +|   0|  0|   15|           8|           8|
    |add_ln58_36241_fu_5443_p2  |         +|   0|  0|   16|           9|           9|
    |add_ln58_36242_fu_5448_p2  |         +|   0|  0|   16|           9|           9|
    |add_ln58_36243_fu_7316_p2  |         +|   0|  0|   17|          10|          10|
    |add_ln58_36244_fu_5454_p2  |         +|   0|  0|   16|           9|           9|
    |add_ln58_36245_fu_5460_p2  |         +|   0|  0|   16|           9|           9|
    |add_ln58_36246_fu_5470_p2  |         +|   0|  0|   17|          10|          10|
    |add_ln58_36247_fu_7332_p2  |         +|   0|  0|   18|          11|          11|
    |add_ln58_36248_fu_7338_p2  |         +|   0|  0|   17|          11|          11|
    |add_ln58_36249_fu_2196_p2  |         +|   0|  0|   14|           7|           7|
    |add_ln58_36250_fu_2206_p2  |         +|   0|  0|   15|           8|           8|
    |add_ln58_36251_fu_5479_p2  |         +|   0|  0|   15|           8|           8|
    |add_ln58_36252_fu_5489_p2  |         +|   0|  0|   16|           9|           9|
    |add_ln58_36253_fu_2212_p2  |         +|   0|  0|   14|           7|           7|
    |add_ln58_36254_fu_5498_p2  |         +|   0|  0|   15|           8|           8|
    |add_ln58_36255_fu_5508_p2  |         +|   0|  0|   15|           8|           8|
    |add_ln58_36256_fu_5518_p2  |         +|   0|  0|   16|           9|           9|
    |add_ln58_36257_fu_7350_p2  |         +|   0|  0|   17|          10|          10|
    |add_ln58_36258_fu_7360_p2  |         +|   0|  0|   17|          11|          11|
    |add_ln58_36259_fu_7366_p2  |         +|   0|  0|   17|          11|          11|
    |add_ln58_36260_fu_5524_p2  |         +|   0|  0|   15|           8|           8|
    |add_ln58_36261_fu_5534_p2  |         +|   0|  0|   16|           9|           9|
    |add_ln58_36262_fu_7374_p2  |         +|   0|  0|   17|          11|          11|
    |add_ln58_36263_fu_5540_p2  |         +|   0|  0|   16|           9|           9|
    |add_ln58_36264_fu_7383_p2  |         +|   0|  0|   17|          10|          10|
    |add_ln58_36265_fu_7393_p2  |         +|   0|  0|   17|          11|          11|
    |add_ln58_36266_fu_2218_p2  |         +|   0|  0|   14|           7|           7|
    |add_ln58_36267_fu_5549_p2  |         +|   0|  0|   15|           8|           8|
    |add_ln58_36268_fu_5559_p2  |         +|   0|  0|   18|          10|          10|
    |add_ln58_36269_fu_2224_p2  |         +|   0|  0|   15|           8|           8|
    |add_ln58_36270_fu_5571_p2  |         +|   0|  0|   16|           9|           9|
    |add_ln58_36271_fu_5581_p2  |         +|   0|  0|   18|          10|          10|
    |add_ln58_36272_fu_7402_p2  |         +|   0|  0|   17|          11|          11|
    |add_ln58_36273_fu_5587_p2  |         +|   0|  0|   15|           8|           8|
    |add_ln58_36274_fu_7411_p2  |         +|   0|  0|   17|          11|          11|
    |add_ln58_36275_fu_5593_p2  |         +|   0|  0|   15|           8|           8|
    |add_ln58_36276_fu_5603_p2  |         +|   0|  0|   16|           9|           9|
    |add_ln58_36277_fu_7420_p2  |         +|   0|  0|   17|          11|          11|
    |add_ln58_36278_fu_5609_p2  |         +|   0|  0|   15|           8|           8|
    |add_ln58_36279_fu_5619_p2  |         +|   0|  0|   16|           9|           9|
    |add_ln58_36280_fu_7429_p2  |         +|   0|  0|   17|          10|          10|
    |add_ln58_36281_fu_7438_p2  |         +|   0|  0|   17|          11|          11|
    |add_ln58_36282_fu_2230_p2  |         +|   0|  0|   14|           7|           7|
    |add_ln58_36283_fu_5628_p2  |         +|   0|  0|   15|           8|           8|
    |add_ln58_36284_fu_5638_p2  |         +|   0|  0|   16|           9|           9|
    |add_ln58_36285_fu_5644_p2  |         +|   0|  0|   15|           8|           8|
    |add_ln58_36286_fu_5653_p2  |         +|   0|  0|   15|           8|           8|
    |add_ln58_36287_fu_5663_p2  |         +|   0|  0|   16|           9|           9|
    |add_ln58_36288_fu_7450_p2  |         +|   0|  0|   17|          10|          10|
    |add_ln58_36289_fu_7460_p2  |         +|   0|  0|   17|          11|          11|
    |add_ln58_36290_fu_7466_p2  |         +|   0|  0|   17|          11|          11|
    |add_ln58_36291_fu_5669_p2  |         +|   0|  0|   16|           9|           9|
    |add_ln58_36292_fu_7475_p2  |         +|   0|  0|   17|          11|          11|
    |add_ln58_36293_fu_5675_p2  |         +|   0|  0|   16|           9|           9|
    |add_ln58_36294_fu_7484_p2  |         +|   0|  0|   17|          10|          10|
    |add_ln58_36295_fu_7494_p2  |         +|   0|  0|   17|          11|          11|
    |add_ln58_36296_fu_5681_p2  |         +|   0|  0|   18|           9|           9|
    |add_ln58_36297_fu_5687_p2  |         +|   0|  0|   15|           8|           8|
    |add_ln58_36298_fu_5697_p2  |         +|   0|  0|   18|           9|           9|
    |add_ln58_36299_fu_5703_p2  |         +|   0|  0|   15|           8|           8|
    |add_ln58_36300_fu_5712_p2  |         +|   0|  0|   15|           8|           8|
    |add_ln58_36301_fu_5722_p2  |         +|   0|  0|   16|           9|           9|
    |add_ln58_36302_fu_7506_p2  |         +|   0|  0|   17|          10|          10|
    |add_ln58_36303_fu_7516_p2  |         +|   0|  0|   17|          11|          11|
    |add_ln58_fu_515_p2         |         +|   0|  0|   15|           8|           8|
    |sub_ln73_1355_fu_326_p2    |         -|   0|  0|   26|           1|          19|
    |sub_ln73_1356_fu_377_p2    |         -|   0|  0|   26|           1|          19|
    |sub_ln73_1357_fu_412_p2    |         -|   0|  0|   26|           1|          19|
    |sub_ln73_1358_fu_442_p2    |         -|   0|  0|   26|           1|          19|
    |sub_ln73_1359_fu_472_p2    |         -|   0|  0|   26|           1|          19|
    |sub_ln73_1360_fu_499_p2    |         -|   0|  0|   26|           1|          19|
    |sub_ln73_1361_fu_671_p2    |         -|   0|  0|   26|           1|          19|
    |sub_ln73_1362_fu_698_p2    |         -|   0|  0|   26|           1|          19|
    |sub_ln73_1363_fu_735_p2    |         -|   0|  0|   26|           1|          19|
    |sub_ln73_1364_fu_762_p2    |         -|   0|  0|   26|           1|          19|
    |sub_ln73_1365_fu_792_p2    |         -|   0|  0|   26|           1|          19|
    |sub_ln73_1366_fu_822_p2    |         -|   0|  0|   26|           1|          19|
    |sub_ln73_1367_fu_852_p2    |         -|   0|  0|   26|           1|          19|
    |sub_ln73_1368_fu_885_p2    |         -|   0|  0|   26|           1|          19|
    |sub_ln73_1369_fu_915_p2    |         -|   0|  0|   26|           1|          19|
    |sub_ln73_1370_fu_948_p2    |         -|   0|  0|   26|           1|          19|
    |sub_ln73_1371_fu_975_p2    |         -|   0|  0|   26|           1|          19|
    |sub_ln73_1372_fu_1005_p2   |         -|   0|  0|   26|           1|          19|
    |sub_ln73_1373_fu_1038_p2   |         -|   0|  0|   26|           1|          19|
    |sub_ln73_1374_fu_1065_p2   |         -|   0|  0|   26|           1|          19|
    |sub_ln73_1375_fu_1098_p2   |         -|   0|  0|   26|           1|          19|
    |sub_ln73_1376_fu_1128_p2   |         -|   0|  0|   26|           1|          19|
    |sub_ln73_1377_fu_1158_p2   |         -|   0|  0|   26|           1|          19|
    |sub_ln73_1378_fu_1188_p2   |         -|   0|  0|   26|           1|          19|
    |sub_ln73_1379_fu_1221_p2   |         -|   0|  0|   26|           1|          19|
    |sub_ln73_1380_fu_1248_p2   |         -|   0|  0|   26|           1|          19|
    |sub_ln73_1381_fu_1282_p2   |         -|   0|  0|   26|           1|          19|
    |sub_ln73_1382_fu_1319_p2   |         -|   0|  0|   26|           1|          19|
    |sub_ln73_1383_fu_1353_p2   |         -|   0|  0|   26|           1|          19|
    |sub_ln73_1384_fu_1387_p2   |         -|   0|  0|   26|           1|          19|
    |sub_ln73_1385_fu_1418_p2   |         -|   0|  0|   26|           1|          19|
    |sub_ln73_fu_298_p2         |         -|   0|  0|   26|           1|          19|
    +---------------------------+----------+----+---+-----+------------+------------+
    |Total                      |          |   0|  0|11687|        6137|        6713|
    +---------------------------+----------+----+---+-----+------------+------------+

    * Multiplexer: 
    N/A

    * Register: 
    +------------------------------------------+----+----+-----+-----------+
    |                   Name                   | FF | LUT| Bits| Const Bits|
    +------------------------------------------+----+----+-----+-----------+
    |add_ln58_35626_reg_7984                   |   8|   0|    8|          0|
    |add_ln58_35627_reg_7989                   |   9|   0|    9|          0|
    |add_ln58_35628_reg_7995                   |   8|   0|    8|          0|
    |add_ln58_35629_reg_8000                   |   9|   0|    9|          0|
    |add_ln58_35630_reg_8006                   |   9|   0|    9|          0|
    |add_ln58_35630_reg_8006_pp0_iter2_reg     |   9|   0|    9|          0|
    |add_ln58_35631_reg_8012                   |   9|   0|    9|          0|
    |add_ln58_35632_reg_8018                   |   8|   0|    8|          0|
    |add_ln58_35632_reg_8018_pp0_iter2_reg     |   8|   0|    8|          0|
    |add_ln58_35633_reg_8023                   |   8|   0|    8|          0|
    |add_ln58_35633_reg_8023_pp0_iter2_reg     |   8|   0|    8|          0|
    |add_ln58_35636_reg_8300                   |   9|   0|    9|          0|
    |add_ln58_35638_reg_8306                   |  10|   0|   10|          0|
    |add_ln58_35640_reg_8312                   |   9|   0|    9|          0|
    |add_ln58_35642_reg_8028                   |   7|   0|    7|          0|
    |add_ln58_35644_reg_8317                   |  10|   0|   10|          0|
    |add_ln58_35646_reg_8328                   |  10|   0|   10|          0|
    |add_ln58_35647_reg_8334                   |   7|   0|    7|          0|
    |add_ln58_35648_reg_8340                   |   9|   0|    9|          0|
    |add_ln58_35654_reg_8345                   |  10|   0|   10|          0|
    |add_ln58_35654_reg_8345_pp0_iter3_reg     |  10|   0|   10|          0|
    |add_ln58_35657_reg_8351                   |   8|   0|    8|          0|
    |add_ln58_35658_reg_8834                   |  10|   0|   10|          0|
    |add_ln58_35659_reg_8356                   |   7|   0|    7|          0|
    |add_ln58_35663_reg_8361                   |   8|   0|    8|          0|
    |add_ln58_35665_reg_8839                   |  10|   0|   10|          0|
    |add_ln58_35667_reg_8844                   |  11|   0|   11|          0|
    |add_ln58_35668_reg_8850                   |   8|   0|    8|          0|
    |add_ln58_35669_reg_8855                   |   9|   0|    9|          0|
    |add_ln58_35671_reg_8860                   |   9|   0|    9|          0|
    |add_ln58_35674_reg_8865                   |   9|   0|    9|          0|
    |add_ln58_35676_reg_8870                   |   9|   0|    9|          0|
    |add_ln58_35680_reg_8875                   |   9|   0|    9|          0|
    |add_ln58_35681_reg_8366                   |   7|   0|    7|          0|
    |add_ln58_35682_reg_8880                   |  10|   0|   10|          0|
    |add_ln58_35684_reg_8371                   |   7|   0|    7|          0|
    |add_ln58_35686_reg_8376                   |   7|   0|    7|          0|
    |add_ln58_35687_reg_8381                   |   7|   0|    7|          0|
    |add_ln58_35689_reg_8885                   |   9|   0|    9|          0|
    |add_ln58_35693_reg_8890                   |  10|   0|   10|          0|
    |add_ln58_35695_reg_8895                   |   9|   0|    9|          0|
    |add_ln58_35698_reg_8900                   |   9|   0|    9|          0|
    |add_ln58_35701_reg_8905                   |   9|   0|    9|          0|
    |add_ln58_35704_reg_8386                   |   8|   0|    8|          0|
    |add_ln58_35706_reg_8391                   |   7|   0|    7|          0|
    |add_ln58_35707_reg_8397                   |   7|   0|    7|          0|
    |add_ln58_35709_reg_8910                   |  10|   0|   10|          0|
    |add_ln58_35710_reg_8402                   |   7|   0|    7|          0|
    |add_ln58_35712_reg_8407                   |   7|   0|    7|          0|
    |add_ln58_35713_reg_8412                   |   7|   0|    7|          0|
    |add_ln58_35715_reg_8915                   |   9|   0|    9|          0|
    |add_ln58_35719_reg_8920                   |   9|   0|    9|          0|
    |add_ln58_35721_reg_8925                   |   9|   0|    9|          0|
    |add_ln58_35724_reg_8930                   |   9|   0|    9|          0|
    |add_ln58_35727_reg_8935                   |   9|   0|    9|          0|
    |add_ln58_35730_reg_8417                   |   8|   0|    8|          0|
    |add_ln58_35734_reg_8422                   |   8|   0|    8|          0|
    |add_ln58_35735_reg_8940                   |  10|   0|   10|          0|
    |add_ln58_35736_reg_8427                   |   7|   0|    7|          0|
    |add_ln58_35737_reg_8432                   |   7|   0|    7|          0|
    |add_ln58_35739_reg_8437                   |   7|   0|    7|          0|
    |add_ln58_35740_reg_8442                   |   7|   0|    7|          0|
    |add_ln58_35742_reg_8945                   |   9|   0|    9|          0|
    |add_ln58_35746_reg_8950                   |  10|   0|   10|          0|
    |add_ln58_35747_reg_8955                   |   9|   0|    9|          0|
    |add_ln58_35750_reg_8960                   |   9|   0|    9|          0|
    |add_ln58_35752_reg_8965                   |   9|   0|    9|          0|
    |add_ln58_35756_reg_8970                   |   9|   0|    9|          0|
    |add_ln58_35757_reg_8447                   |   7|   0|    7|          0|
    |add_ln58_35758_reg_8452                   |   7|   0|    7|          0|
    |add_ln58_35759_reg_8975                   |   8|   0|    8|          0|
    |add_ln58_35761_reg_8457                   |   7|   0|    7|          0|
    |add_ln58_35763_reg_8462                   |   7|   0|    7|          0|
    |add_ln58_35764_reg_8467                   |   7|   0|    7|          0|
    |add_ln58_35766_reg_8980                   |   9|   0|    9|          0|
    |add_ln58_35770_reg_8985                   |  10|   0|   10|          0|
    |add_ln58_35773_reg_8990                   |   9|   0|    9|          0|
    |add_ln58_35774_reg_8995                   |   9|   0|    9|          0|
    |add_ln58_35777_reg_8472                   |   8|   0|    8|          0|
    |add_ln58_35779_reg_8477                   |   7|   0|    7|          0|
    |add_ln58_35781_reg_9000                   |  10|   0|   10|          0|
    |add_ln58_35782_reg_8482                   |   7|   0|    7|          0|
    |add_ln58_35784_reg_8487                   |   7|   0|    7|          0|
    |add_ln58_35785_reg_8492                   |   7|   0|    7|          0|
    |add_ln58_35787_reg_9005                   |   9|   0|    9|          0|
    |add_ln58_35791_reg_9010                   |  10|   0|   10|          0|
    |add_ln58_35793_reg_9015                   |   9|   0|    9|          0|
    |add_ln58_35796_reg_9020                   |   9|   0|    9|          0|
    |add_ln58_35797_reg_8497                   |   7|   0|    7|          0|
    |add_ln58_35798_reg_8502                   |   7|   0|    7|          0|
    |add_ln58_35799_reg_9025                   |   8|   0|    8|          0|
    |add_ln58_35802_reg_8507                   |   7|   0|    7|          0|
    |add_ln58_35804_reg_8512                   |   7|   0|    7|          0|
    |add_ln58_35806_reg_9030                   |   9|   0|    9|          0|
    |add_ln58_35807_reg_8517                   |   7|   0|    7|          0|
    |add_ln58_35809_reg_9035                   |   9|   0|    9|          0|
    |add_ln58_35813_reg_9040                   |  10|   0|   10|          0|
    |add_ln58_35815_reg_9045                   |   9|   0|    9|          0|
    |add_ln58_35818_reg_9050                   |   9|   0|    9|          0|
    |add_ln58_35820_reg_9055                   |   9|   0|    9|          0|
    |add_ln58_35825_reg_8522                   |   7|   0|    7|          0|
    |add_ln58_35827_reg_9060                   |   9|   0|    9|          0|
    |add_ln58_35828_reg_8527                   |   7|   0|    7|          0|
    |add_ln58_35830_reg_8532                   |   7|   0|    7|          0|
    |add_ln58_35832_reg_9065                   |   9|   0|    9|          0|
    |add_ln58_35836_reg_9070                   |  10|   0|   10|          0|
    |add_ln58_35838_reg_9075                   |   9|   0|    9|          0|
    |add_ln58_35841_reg_8537                   |   8|   0|    8|          0|
    |add_ln58_35842_reg_8542                   |   7|   0|    7|          0|
    |add_ln58_35844_reg_9080                   |  10|   0|   10|          0|
    |add_ln58_35846_reg_8547                   |   7|   0|    7|          0|
    |add_ln58_35846_reg_8547_pp0_iter3_reg     |   7|   0|    7|          0|
    |add_ln58_35848_reg_8553                   |   7|   0|    7|          0|
    |add_ln58_35850_reg_9085                   |   9|   0|    9|          0|
    |add_ln58_35852_reg_8558                   |   7|   0|    7|          0|
    |add_ln58_35854_reg_9090                   |   9|   0|    9|          0|
    |add_ln58_35858_reg_9095                   |  10|   0|   10|          0|
    |add_ln58_35860_reg_9100                   |   9|   0|    9|          0|
    |add_ln58_35862_reg_9105                   |   9|   0|    9|          0|
    |add_ln58_35863_reg_8563                   |   8|   0|    8|          0|
    |add_ln58_35864_reg_9110                   |   9|   0|    9|          0|
    |add_ln58_35867_reg_8569                   |   7|   0|    7|          0|
    |add_ln58_35869_reg_8575                   |   7|   0|    7|          0|
    |add_ln58_35871_reg_9115                   |   9|   0|    9|          0|
    |add_ln58_35874_reg_9120                   |   9|   0|    9|          0|
    |add_ln58_35877_reg_8580                   |  10|   0|   10|          0|
    |add_ln58_35877_reg_8580_pp0_iter3_reg     |  10|   0|   10|          0|
    |add_ln58_35879_reg_9125                   |   9|   0|    9|          0|
    |add_ln58_35882_reg_9130                   |   9|   0|    9|          0|
    |add_ln58_35885_reg_9135                   |   9|   0|    9|          0|
    |add_ln58_35888_reg_8585                   |   8|   0|    8|          0|
    |add_ln58_35890_reg_8590                   |   7|   0|    7|          0|
    |add_ln58_35892_reg_9140                   |  10|   0|   10|          0|
    |add_ln58_35893_reg_8596                   |   7|   0|    7|          0|
    |add_ln58_35895_reg_9145                   |   9|   0|    9|          0|
    |add_ln58_35900_reg_9150                   |   9|   0|    9|          0|
    |add_ln58_35903_reg_9155                   |   9|   0|    9|          0|
    |add_ln58_35904_reg_8601                   |   8|   0|    8|          0|
    |add_ln58_35905_reg_9160                   |   9|   0|    9|          0|
    |add_ln58_35908_reg_8606                   |   7|   0|    7|          0|
    |add_ln58_35909_reg_8612                   |   7|   0|    7|          0|
    |add_ln58_35911_reg_9165                   |   9|   0|    9|          0|
    |add_ln58_35913_reg_8617                   |   7|   0|    7|          0|
    |add_ln58_35915_reg_9170                   |   9|   0|    9|          0|
    |add_ln58_35919_reg_8622                   |  10|   0|   10|          0|
    |add_ln58_35919_reg_8622_pp0_iter3_reg     |  10|   0|   10|          0|
    |add_ln58_35922_reg_9175                   |   9|   0|    9|          0|
    |add_ln58_35924_reg_9180                   |   9|   0|    9|          0|
    |add_ln58_35928_reg_8627                   |   7|   0|    7|          0|
    |add_ln58_35930_reg_9185                   |  10|   0|   10|          0|
    |add_ln58_35931_reg_8632                   |   7|   0|    7|          0|
    |add_ln58_35932_reg_8637                   |   7|   0|    7|          0|
    |add_ln58_35934_reg_8642                   |   7|   0|    7|          0|
    |add_ln58_35936_reg_9190                   |   9|   0|    9|          0|
    |add_ln58_35939_reg_8647                   |   7|   0|    7|          0|
    |add_ln58_35941_reg_9195                   |  10|   0|   10|          0|
    |add_ln58_35944_reg_9200                   |   9|   0|    9|          0|
    |add_ln58_35946_reg_9205                   |   9|   0|    9|          0|
    |add_ln58_35948_reg_9210                   |   9|   0|    9|          0|
    |add_ln58_35952_reg_8653                   |   7|   0|    7|          0|
    |add_ln58_35954_reg_9215                   |   9|   0|    9|          0|
    |add_ln58_35955_reg_8658                   |   7|   0|    7|          0|
    |add_ln58_35956_reg_8663                   |   7|   0|    7|          0|
    |add_ln58_35960_reg_8668                   |   8|   0|    8|          0|
    |add_ln58_35961_reg_9220                   |   9|   0|    9|          0|
    |add_ln58_35964_reg_9225                   |  10|   0|   10|          0|
    |add_ln58_35966_reg_9230                   |   9|   0|    9|          0|
    |add_ln58_35968_reg_9235                   |   9|   0|    9|          0|
    |add_ln58_35969_reg_8673                   |   8|   0|    8|          0|
    |add_ln58_35975_reg_9245                   |   9|   0|    9|          0|
    |add_ln58_35978_reg_9250                   |   9|   0|    9|          0|
    |add_ln58_35982_reg_9255                   |   9|   0|    9|          0|
    |add_ln58_35985_reg_9260                   |   9|   0|    9|          0|
    |add_ln58_35987_reg_9265                   |   9|   0|    9|          0|
    |add_ln58_35989_reg_9270                   |   9|   0|    9|          0|
    |add_ln58_35994_reg_9275                   |   9|   0|    9|          0|
    |add_ln58_35995_reg_8678                   |   7|   0|    7|          0|
    |add_ln58_35997_reg_8683                   |   7|   0|    7|          0|
    |add_ln58_35999_reg_9280                   |   9|   0|    9|          0|
    |add_ln58_36003_reg_9285                   |   9|   0|    9|          0|
    |add_ln58_36005_reg_9290                   |   9|   0|    9|          0|
    |add_ln58_36007_reg_9295                   |   9|   0|    9|          0|
    |add_ln58_36009_reg_9300                   |   9|   0|    9|          0|
    |add_ln58_36014_reg_9305                   |   9|   0|    9|          0|
    |add_ln58_36015_reg_8688                   |   7|   0|    7|          0|
    |add_ln58_36018_reg_9310                   |   9|   0|    9|          0|
    |add_ln58_36021_reg_9315                   |   8|   0|    8|          0|
    |add_ln58_36022_reg_9320                   |   9|   0|    9|          0|
    |add_ln58_36024_reg_9325                   |   9|   0|    9|          0|
    |add_ln58_36027_reg_9331                   |   9|   0|    9|          0|
    |add_ln58_36029_reg_9336                   |   9|   0|    9|          0|
    |add_ln58_36032_reg_8693                   |   7|   0|    7|          0|
    |add_ln58_36035_reg_8698                   |   8|   0|    8|          0|
    |add_ln58_36036_reg_9341                   |  10|   0|   10|          0|
    |add_ln58_36038_reg_8704                   |   7|   0|    7|          0|
    |add_ln58_36039_reg_8709                   |   7|   0|    7|          0|
    |add_ln58_36041_reg_9346                   |   9|   0|    9|          0|
    |add_ln58_36044_reg_9351                   |  10|   0|   10|          0|
    |add_ln58_36047_reg_9356                   |   9|   0|    9|          0|
    |add_ln58_36049_reg_9361                   |   9|   0|    9|          0|
    |add_ln58_36052_reg_8714                   |   8|   0|    8|          0|
    |add_ln58_36054_reg_9366                   |  10|   0|   10|          0|
    |add_ln58_36055_reg_8719                   |   7|   0|    7|          0|
    |add_ln58_36058_reg_9371                   |   9|   0|    9|          0|
    |add_ln58_36062_reg_9376                   |  10|   0|   10|          0|
    |add_ln58_36064_reg_9381                   |   9|   0|    9|          0|
    |add_ln58_36065_reg_9386                   |   9|   0|    9|          0|
    |add_ln58_36070_reg_8724                   |   7|   0|    7|          0|
    |add_ln58_36072_reg_9391                   |   9|   0|    9|          0|
    |add_ln58_36074_reg_9396                   |   9|   0|    9|          0|
    |add_ln58_36078_reg_8729                   |  10|   0|   10|          0|
    |add_ln58_36078_reg_8729_pp0_iter3_reg     |  10|   0|   10|          0|
    |add_ln58_36080_reg_9401                   |   9|   0|    9|          0|
    |add_ln58_36083_reg_9406                   |   9|   0|    9|          0|
    |add_ln58_36084_reg_9411                   |   9|   0|    9|          0|
    |add_ln58_36087_reg_8734                   |   7|   0|    7|          0|
    |add_ln58_36089_reg_8739                   |   7|   0|    7|          0|
    |add_ln58_36091_reg_9416                   |   9|   0|    9|          0|
    |add_ln58_36094_reg_9421                   |   9|   0|    9|          0|
    |add_ln58_36098_reg_9426                   |  10|   0|   10|          0|
    |add_ln58_36099_reg_9431                   |   9|   0|    9|          0|
    |add_ln58_36101_reg_9436                   |   9|   0|    9|          0|
    |add_ln58_36104_reg_9441                   |   9|   0|    9|          0|
    |add_ln58_36107_reg_8744                   |   7|   0|    7|          0|
    |add_ln58_36109_reg_8749                   |   7|   0|    7|          0|
    |add_ln58_36111_reg_9446                   |   9|   0|    9|          0|
    |add_ln58_36113_reg_9451                   |   9|   0|    9|          0|
    |add_ln58_36116_reg_8754                   |  10|   0|   10|          0|
    |add_ln58_36116_reg_8754_pp0_iter3_reg     |  10|   0|   10|          0|
    |add_ln58_36118_reg_9456                   |   9|   0|    9|          0|
    |add_ln58_36120_reg_9461                   |   9|   0|    9|          0|
    |add_ln58_36121_reg_9466                   |   9|   0|    9|          0|
    |add_ln58_36125_reg_8759                   |   8|   0|    8|          0|
    |add_ln58_36127_reg_9476                   |  10|   0|   10|          0|
    |add_ln58_36130_reg_9481                   |   9|   0|    9|          0|
    |add_ln58_36133_reg_9486                   |   8|   0|    8|          0|
    |add_ln58_36134_reg_9491                   |   8|   0|    8|          0|
    |add_ln58_36137_reg_9496                   |   9|   0|    9|          0|
    |add_ln58_36139_reg_9501                   |   9|   0|    9|          0|
    |add_ln58_36144_reg_9506                   |   9|   0|    9|          0|
    |add_ln58_36147_reg_9511                   |   9|   0|    9|          0|
    |add_ln58_36151_reg_9516                   |  10|   0|   10|          0|
    |add_ln58_36152_reg_9521                   |   9|   0|    9|          0|
    |add_ln58_36155_reg_9526                   |   9|   0|    9|          0|
    |add_ln58_36156_reg_9531                   |   9|   0|    9|          0|
    |add_ln58_36161_reg_9536                   |   9|   0|    9|          0|
    |add_ln58_36163_reg_8764                   |   7|   0|    7|          0|
    |add_ln58_36165_reg_9541                   |   9|   0|    9|          0|
    |add_ln58_36168_reg_8769                   |   9|   0|    9|          0|
    |add_ln58_36169_reg_9546                   |  10|   0|   10|          0|
    |add_ln58_36170_reg_9551                   |   9|   0|    9|          0|
    |add_ln58_36173_reg_9556                   |   9|   0|    9|          0|
    |add_ln58_36176_reg_8774                   |   8|   0|    8|          0|
    |add_ln58_36178_reg_8779                   |   7|   0|    7|          0|
    |add_ln58_36180_reg_9561                   |  10|   0|   10|          0|
    |add_ln58_36182_reg_8784                   |   7|   0|    7|          0|
    |add_ln58_36184_reg_9566                   |   9|   0|    9|          0|
    |add_ln58_36188_reg_9571                   |   9|   0|    9|          0|
    |add_ln58_36190_reg_9576                   |   9|   0|    9|          0|
    |add_ln58_36192_reg_9581                   |   9|   0|    9|          0|
    |add_ln58_36197_reg_9586                   |   9|   0|    9|          0|
    |add_ln58_36198_reg_8789                   |   7|   0|    7|          0|
    |add_ln58_36201_reg_9591                   |   9|   0|    9|          0|
    |add_ln58_36205_reg_9596                   |   9|   0|    9|          0|
    |add_ln58_36206_reg_9601                   |   9|   0|    9|          0|
    |add_ln58_36208_reg_9606                   |   9|   0|    9|          0|
    |add_ln58_36209_reg_8794                   |   7|   0|    7|          0|
    |add_ln58_36210_reg_9611                   |  10|   0|   10|          0|
    |add_ln58_36214_reg_9616                   |   9|   0|    9|          0|
    |add_ln58_36217_reg_9621                   |   9|   0|    9|          0|
    |add_ln58_36221_reg_9626                   |   9|   0|    9|          0|
    |add_ln58_36223_reg_9631                   |   9|   0|    9|          0|
    |add_ln58_36226_reg_9636                   |   9|   0|    9|          0|
    |add_ln58_36227_reg_9641                   |   9|   0|    9|          0|
    |add_ln58_36231_reg_8799                   |   8|   0|    8|          0|
    |add_ln58_36232_reg_8804                   |   7|   0|    7|          0|
    |add_ln58_36234_reg_9646                   |   9|   0|    9|          0|
    |add_ln58_36237_reg_9651                   |   9|   0|    9|          0|
    |add_ln58_36241_reg_9656                   |   9|   0|    9|          0|
    |add_ln58_36242_reg_9661                   |   9|   0|    9|          0|
    |add_ln58_36244_reg_9666                   |   9|   0|    9|          0|
    |add_ln58_36246_reg_9671                   |  10|   0|   10|          0|
    |add_ln58_36250_reg_8809                   |   8|   0|    8|          0|
    |add_ln58_36252_reg_9676                   |   9|   0|    9|          0|
    |add_ln58_36253_reg_8814                   |   7|   0|    7|          0|
    |add_ln58_36256_reg_9681                   |   9|   0|    9|          0|
    |add_ln58_36261_reg_9686                   |   9|   0|    9|          0|
    |add_ln58_36263_reg_9691                   |   9|   0|    9|          0|
    |add_ln58_36266_reg_8819                   |   7|   0|    7|          0|
    |add_ln58_36269_reg_8824                   |   8|   0|    8|          0|
    |add_ln58_36271_reg_9696                   |  10|   0|   10|          0|
    |add_ln58_36273_reg_9701                   |   8|   0|    8|          0|
    |add_ln58_36276_reg_9706                   |   9|   0|    9|          0|
    |add_ln58_36279_reg_9711                   |   9|   0|    9|          0|
    |add_ln58_36282_reg_8829                   |   7|   0|    7|          0|
    |add_ln58_36284_reg_9716                   |   9|   0|    9|          0|
    |add_ln58_36287_reg_9721                   |   9|   0|    9|          0|
    |add_ln58_36291_reg_9726                   |   9|   0|    9|          0|
    |add_ln58_36293_reg_9731                   |   9|   0|    9|          0|
    |add_ln58_36298_reg_9736                   |   9|   0|    9|          0|
    |add_ln58_36301_reg_9741                   |   9|   0|    9|          0|
    |data_224_val_int_reg                      |   6|   0|    6|          0|
    |data_224_val_read_reg_7928                |   6|   0|    6|          0|
    |data_225_val_int_reg                      |   6|   0|    6|          0|
    |data_225_val_read_reg_7922                |   6|   0|    6|          0|
    |data_226_val_int_reg                      |   6|   0|    6|          0|
    |data_226_val_read_reg_7915                |   6|   0|    6|          0|
    |data_227_val_int_reg                      |   6|   0|    6|          0|
    |data_227_val_read_reg_7907                |   6|   0|    6|          0|
    |data_227_val_read_reg_7907_pp0_iter1_reg  |   6|   0|    6|          0|
    |data_228_val_int_reg                      |   6|   0|    6|          0|
    |data_228_val_read_reg_7899                |   6|   0|    6|          0|
    |data_228_val_read_reg_7899_pp0_iter1_reg  |   6|   0|    6|          0|
    |data_229_val_int_reg                      |   6|   0|    6|          0|
    |data_229_val_read_reg_7893                |   6|   0|    6|          0|
    |data_230_val_int_reg                      |   6|   0|    6|          0|
    |data_230_val_read_reg_7885                |   6|   0|    6|          0|
    |data_231_val_int_reg                      |   6|   0|    6|          0|
    |data_231_val_read_reg_7877                |   6|   0|    6|          0|
    |data_232_val_int_reg                      |   6|   0|    6|          0|
    |data_232_val_read_reg_7870                |   6|   0|    6|          0|
    |data_233_val_int_reg                      |   6|   0|    6|          0|
    |data_233_val_read_reg_7863                |   6|   0|    6|          0|
    |data_234_val_int_reg                      |   6|   0|    6|          0|
    |data_234_val_read_reg_7856                |   6|   0|    6|          0|
    |data_235_val_int_reg                      |   6|   0|    6|          0|
    |data_235_val_read_reg_7849                |   6|   0|    6|          0|
    |data_236_val_int_reg                      |   6|   0|    6|          0|
    |data_236_val_read_reg_7842                |   6|   0|    6|          0|
    |data_237_val_int_reg                      |   6|   0|    6|          0|
    |data_237_val_read_reg_7835                |   6|   0|    6|          0|
    |data_238_val_int_reg                      |   6|   0|    6|          0|
    |data_238_val_read_reg_7828                |   6|   0|    6|          0|
    |data_239_val_int_reg                      |   6|   0|    6|          0|
    |data_239_val_read_reg_7821                |   6|   0|    6|          0|
    |data_240_val_int_reg                      |   6|   0|    6|          0|
    |data_240_val_read_reg_7814                |   6|   0|    6|          0|
    |data_240_val_read_reg_7814_pp0_iter1_reg  |   6|   0|    6|          0|
    |data_241_val_int_reg                      |   6|   0|    6|          0|
    |data_241_val_read_reg_7807                |   6|   0|    6|          0|
    |data_242_val_int_reg                      |   6|   0|    6|          0|
    |data_242_val_read_reg_7800                |   6|   0|    6|          0|
    |data_243_val_int_reg                      |   6|   0|    6|          0|
    |data_243_val_read_reg_7793                |   6|   0|    6|          0|
    |data_244_val_int_reg                      |   6|   0|    6|          0|
    |data_244_val_read_reg_7786                |   6|   0|    6|          0|
    |data_244_val_read_reg_7786_pp0_iter1_reg  |   6|   0|    6|          0|
    |data_245_val_int_reg                      |   6|   0|    6|          0|
    |data_245_val_read_reg_7779                |   6|   0|    6|          0|
    |data_246_val_int_reg                      |   6|   0|    6|          0|
    |data_246_val_read_reg_7772                |   6|   0|    6|          0|
    |data_247_val_int_reg                      |   6|   0|    6|          0|
    |data_247_val_read_reg_7765                |   6|   0|    6|          0|
    |data_248_val_int_reg                      |   6|   0|    6|          0|
    |data_248_val_read_reg_7758                |   6|   0|    6|          0|
    |data_249_val_int_reg                      |   6|   0|    6|          0|
    |data_249_val_read_reg_7752                |   6|   0|    6|          0|
    |data_249_val_read_reg_7752_pp0_iter1_reg  |   6|   0|    6|          0|
    |data_250_val_int_reg                      |   6|   0|    6|          0|
    |data_250_val_read_reg_7746                |   6|   0|    6|          0|
    |data_250_val_read_reg_7746_pp0_iter1_reg  |   6|   0|    6|          0|
    |data_251_val_int_reg                      |   6|   0|    6|          0|
    |data_251_val_read_reg_7739                |   6|   0|    6|          0|
    |data_252_val_int_reg                      |   6|   0|    6|          0|
    |data_252_val_read_reg_7732                |   6|   0|    6|          0|
    |data_253_val_int_reg                      |   6|   0|    6|          0|
    |data_253_val_read_reg_7726                |   6|   0|    6|          0|
    |data_253_val_read_reg_7726_pp0_iter1_reg  |   6|   0|    6|          0|
    |data_254_val_int_reg                      |   6|   0|    6|          0|
    |data_254_val_read_reg_7720                |   6|   0|    6|          0|
    |data_254_val_read_reg_7720_pp0_iter1_reg  |   6|   0|    6|          0|
    |data_255_val_int_reg                      |   6|   0|    6|          0|
    |data_255_val_read_reg_7714                |   6|   0|    6|          0|
    |data_255_val_read_reg_7714_pp0_iter1_reg  |   6|   0|    6|          0|
    |mult_497_reg_7939                         |   7|   0|    7|          0|
    |mult_499_reg_7944                         |   7|   0|    7|          0|
    |mult_500_reg_7955                         |   7|   0|    7|          0|
    |mult_501_reg_7970                         |   7|   0|    7|          0|
    |mult_501_reg_7970_pp0_iter2_reg           |   7|   0|    7|          0|
    |mult_502_reg_7977                         |   7|   0|    7|          0|
    |mult_502_reg_7977_pp0_iter2_reg           |   7|   0|    7|          0|
    |mult_503_reg_8079                         |   7|   0|    7|          0|
    |mult_504_reg_8086                         |   7|   0|    7|          0|
    |mult_504_reg_8086_pp0_iter3_reg           |   7|   0|    7|          0|
    |mult_505_reg_8101                         |   7|   0|    7|          0|
    |mult_506_reg_8108                         |   7|   0|    7|          0|
    |mult_506_reg_8108_pp0_iter3_reg           |   7|   0|    7|          0|
    |mult_507_reg_8115                         |   7|   0|    7|          0|
    |mult_508_reg_8121                         |   7|   0|    7|          0|
    |mult_509_reg_8128                         |   7|   0|    7|          0|
    |mult_510_reg_8134                         |   7|   0|    7|          0|
    |mult_511_reg_8140                         |   7|   0|    7|          0|
    |mult_512_reg_8151                         |   7|   0|    7|          0|
    |mult_513_reg_8157                         |   7|   0|    7|          0|
    |mult_514_reg_8163                         |   7|   0|    7|          0|
    |mult_515_reg_8169                         |   7|   0|    7|          0|
    |mult_516_reg_8175                         |   7|   0|    7|          0|
    |mult_517_reg_8189                         |   7|   0|    7|          0|
    |mult_518_reg_8195                         |   7|   0|    7|          0|
    |mult_519_reg_8201                         |   7|   0|    7|          0|
    |mult_520_reg_8207                         |   7|   0|    7|          0|
    |mult_521_reg_8213                         |   7|   0|    7|          0|
    |mult_522_reg_8219                         |   7|   0|    7|          0|
    |mult_523_reg_8230                         |   7|   0|    7|          0|
    |mult_524_reg_8242                         |   7|   0|    7|          0|
    |mult_525_reg_8253                         |   7|   0|    7|          0|
    |mult_526_reg_8266                         |   7|   0|    7|          0|
    |mult_reg_7934                             |   7|   0|    7|          0|
    |sext_ln17_1472_reg_8033                   |   9|   0|    9|          0|
    |sext_ln17_1477_reg_8039                   |   8|   0|    8|          0|
    |sext_ln17_1478_reg_8044                   |   9|   0|    9|          0|
    |sext_ln17_1479_reg_8052                   |  10|   0|   10|          0|
    |sext_ln17_1482_reg_8057                   |   8|   0|    8|          0|
    |sext_ln17_1486_reg_8064                   |   8|   0|    8|          0|
    |sext_ln17_1488_reg_8071                   |   8|   0|    8|          0|
    |sext_ln17_1495_reg_8093                   |   8|   0|    8|          0|
    |sext_ln17_1536_reg_8224                   |   8|   0|    8|          0|
    |sext_ln17_1539_reg_8235                   |   8|   0|    8|          0|
    |sext_ln17_1540_reg_8247                   |   8|   0|    8|          0|
    |sext_ln17_1542_reg_8258                   |   8|   0|    8|          0|
    |sext_ln17_1545_reg_8271                   |   8|   0|    8|          0|
    |sext_ln17_1546_reg_8277                   |   8|   0|    8|          0|
    |sext_ln17_805_reg_7950                    |   7|   0|    7|          0|
    |sext_ln17_806_reg_7962                    |   7|   0|    7|          0|
    |sext_ln17_826_reg_8146                    |   8|   0|    8|          0|
    |sext_ln17_834_reg_8181                    |   8|   0|    8|          0|
    |sext_ln58_23952_reg_8290                  |   9|   0|    9|          0|
    |sext_ln58_23954_reg_8295                  |   9|   0|    9|          0|
    |sext_ln58_23966_reg_8323                  |  10|   0|   10|          0|
    |sext_ln58_24144_reg_9240                  |  10|   0|   10|          0|
    |sext_ln58_24235_reg_9471                  |  10|   0|   10|          0|
    |data_230_val_read_reg_7885                |  64|  32|    6|          0|
    |data_231_val_read_reg_7877                |  64|  32|    6|          0|
    |data_232_val_read_reg_7870                |  64|  32|    6|          0|
    |data_233_val_read_reg_7863                |  64|  32|    6|          0|
    |data_234_val_read_reg_7856                |  64|  32|    6|          0|
    |data_235_val_read_reg_7849                |  64|  32|    6|          0|
    |data_236_val_read_reg_7842                |  64|  32|    6|          0|
    |data_237_val_read_reg_7835                |  64|  32|    6|          0|
    |data_238_val_read_reg_7828                |  64|  32|    6|          0|
    |data_239_val_read_reg_7821                |  64|  32|    6|          0|
    |data_241_val_read_reg_7807                |  64|  32|    6|          0|
    |data_242_val_read_reg_7800                |  64|  32|    6|          0|
    |data_243_val_read_reg_7793                |  64|  32|    6|          0|
    |data_245_val_read_reg_7779                |  64|  32|    6|          0|
    |data_246_val_read_reg_7772                |  64|  32|    6|          0|
    |data_247_val_read_reg_7765                |  64|  32|    6|          0|
    |data_248_val_read_reg_7758                |  64|  32|    6|          0|
    |data_251_val_read_reg_7739                |  64|  32|    6|          0|
    |data_252_val_read_reg_7732                |  64|  32|    6|          0|
    +------------------------------------------+----+----+-----+-----------+
    |Total                                     |4660| 608| 3558|          0|
    +------------------------------------------+----+----+-----+-----------+



================================================================
== Interface
================================================================
* Summary: 
+--------------+-----+-----+------------+-------------------------------------------------------------------------------------+--------------+
|   RTL Ports  | Dir | Bits|  Protocol  |                                    Source Object                                    |    C Type    |
+--------------+-----+-----+------------+-------------------------------------------------------------------------------------+--------------+
|ap_clk        |   in|    1|  ap_ctrl_hs|  dense_latency<ap_fixed<6, 3, 5, 3, 0>, ap_fixed<11, 8, 4, 0, 0>, config41_dense>.56|  return value|
|ap_rst        |   in|    1|  ap_ctrl_hs|  dense_latency<ap_fixed<6, 3, 5, 3, 0>, ap_fixed<11, 8, 4, 0, 0>, config41_dense>.56|  return value|
|ap_return_0   |  out|   11|  ap_ctrl_hs|  dense_latency<ap_fixed<6, 3, 5, 3, 0>, ap_fixed<11, 8, 4, 0, 0>, config41_dense>.56|  return value|
|ap_return_1   |  out|   11|  ap_ctrl_hs|  dense_latency<ap_fixed<6, 3, 5, 3, 0>, ap_fixed<11, 8, 4, 0, 0>, config41_dense>.56|  return value|
|ap_return_2   |  out|   11|  ap_ctrl_hs|  dense_latency<ap_fixed<6, 3, 5, 3, 0>, ap_fixed<11, 8, 4, 0, 0>, config41_dense>.56|  return value|
|ap_return_3   |  out|   11|  ap_ctrl_hs|  dense_latency<ap_fixed<6, 3, 5, 3, 0>, ap_fixed<11, 8, 4, 0, 0>, config41_dense>.56|  return value|
|ap_return_4   |  out|   11|  ap_ctrl_hs|  dense_latency<ap_fixed<6, 3, 5, 3, 0>, ap_fixed<11, 8, 4, 0, 0>, config41_dense>.56|  return value|
|ap_return_5   |  out|   11|  ap_ctrl_hs|  dense_latency<ap_fixed<6, 3, 5, 3, 0>, ap_fixed<11, 8, 4, 0, 0>, config41_dense>.56|  return value|
|ap_return_6   |  out|   11|  ap_ctrl_hs|  dense_latency<ap_fixed<6, 3, 5, 3, 0>, ap_fixed<11, 8, 4, 0, 0>, config41_dense>.56|  return value|
|ap_return_7   |  out|   11|  ap_ctrl_hs|  dense_latency<ap_fixed<6, 3, 5, 3, 0>, ap_fixed<11, 8, 4, 0, 0>, config41_dense>.56|  return value|
|ap_return_8   |  out|   11|  ap_ctrl_hs|  dense_latency<ap_fixed<6, 3, 5, 3, 0>, ap_fixed<11, 8, 4, 0, 0>, config41_dense>.56|  return value|
|ap_return_9   |  out|   11|  ap_ctrl_hs|  dense_latency<ap_fixed<6, 3, 5, 3, 0>, ap_fixed<11, 8, 4, 0, 0>, config41_dense>.56|  return value|
|ap_return_10  |  out|   11|  ap_ctrl_hs|  dense_latency<ap_fixed<6, 3, 5, 3, 0>, ap_fixed<11, 8, 4, 0, 0>, config41_dense>.56|  return value|
|ap_return_11  |  out|   11|  ap_ctrl_hs|  dense_latency<ap_fixed<6, 3, 5, 3, 0>, ap_fixed<11, 8, 4, 0, 0>, config41_dense>.56|  return value|
|ap_return_12  |  out|   11|  ap_ctrl_hs|  dense_latency<ap_fixed<6, 3, 5, 3, 0>, ap_fixed<11, 8, 4, 0, 0>, config41_dense>.56|  return value|
|ap_return_13  |  out|   11|  ap_ctrl_hs|  dense_latency<ap_fixed<6, 3, 5, 3, 0>, ap_fixed<11, 8, 4, 0, 0>, config41_dense>.56|  return value|
|ap_return_14  |  out|   11|  ap_ctrl_hs|  dense_latency<ap_fixed<6, 3, 5, 3, 0>, ap_fixed<11, 8, 4, 0, 0>, config41_dense>.56|  return value|
|ap_return_15  |  out|   11|  ap_ctrl_hs|  dense_latency<ap_fixed<6, 3, 5, 3, 0>, ap_fixed<11, 8, 4, 0, 0>, config41_dense>.56|  return value|
|ap_return_16  |  out|   11|  ap_ctrl_hs|  dense_latency<ap_fixed<6, 3, 5, 3, 0>, ap_fixed<11, 8, 4, 0, 0>, config41_dense>.56|  return value|
|ap_return_17  |  out|   11|  ap_ctrl_hs|  dense_latency<ap_fixed<6, 3, 5, 3, 0>, ap_fixed<11, 8, 4, 0, 0>, config41_dense>.56|  return value|
|ap_return_18  |  out|   11|  ap_ctrl_hs|  dense_latency<ap_fixed<6, 3, 5, 3, 0>, ap_fixed<11, 8, 4, 0, 0>, config41_dense>.56|  return value|
|ap_return_19  |  out|   11|  ap_ctrl_hs|  dense_latency<ap_fixed<6, 3, 5, 3, 0>, ap_fixed<11, 8, 4, 0, 0>, config41_dense>.56|  return value|
|ap_return_20  |  out|   11|  ap_ctrl_hs|  dense_latency<ap_fixed<6, 3, 5, 3, 0>, ap_fixed<11, 8, 4, 0, 0>, config41_dense>.56|  return value|
|ap_return_21  |  out|   11|  ap_ctrl_hs|  dense_latency<ap_fixed<6, 3, 5, 3, 0>, ap_fixed<11, 8, 4, 0, 0>, config41_dense>.56|  return value|
|ap_return_22  |  out|   11|  ap_ctrl_hs|  dense_latency<ap_fixed<6, 3, 5, 3, 0>, ap_fixed<11, 8, 4, 0, 0>, config41_dense>.56|  return value|
|ap_return_23  |  out|   11|  ap_ctrl_hs|  dense_latency<ap_fixed<6, 3, 5, 3, 0>, ap_fixed<11, 8, 4, 0, 0>, config41_dense>.56|  return value|
|ap_return_24  |  out|   11|  ap_ctrl_hs|  dense_latency<ap_fixed<6, 3, 5, 3, 0>, ap_fixed<11, 8, 4, 0, 0>, config41_dense>.56|  return value|
|ap_return_25  |  out|   11|  ap_ctrl_hs|  dense_latency<ap_fixed<6, 3, 5, 3, 0>, ap_fixed<11, 8, 4, 0, 0>, config41_dense>.56|  return value|
|ap_return_26  |  out|   11|  ap_ctrl_hs|  dense_latency<ap_fixed<6, 3, 5, 3, 0>, ap_fixed<11, 8, 4, 0, 0>, config41_dense>.56|  return value|
|ap_return_27  |  out|   11|  ap_ctrl_hs|  dense_latency<ap_fixed<6, 3, 5, 3, 0>, ap_fixed<11, 8, 4, 0, 0>, config41_dense>.56|  return value|
|ap_return_28  |  out|   11|  ap_ctrl_hs|  dense_latency<ap_fixed<6, 3, 5, 3, 0>, ap_fixed<11, 8, 4, 0, 0>, config41_dense>.56|  return value|
|ap_return_29  |  out|   11|  ap_ctrl_hs|  dense_latency<ap_fixed<6, 3, 5, 3, 0>, ap_fixed<11, 8, 4, 0, 0>, config41_dense>.56|  return value|
|ap_return_30  |  out|   11|  ap_ctrl_hs|  dense_latency<ap_fixed<6, 3, 5, 3, 0>, ap_fixed<11, 8, 4, 0, 0>, config41_dense>.56|  return value|
|ap_return_31  |  out|   11|  ap_ctrl_hs|  dense_latency<ap_fixed<6, 3, 5, 3, 0>, ap_fixed<11, 8, 4, 0, 0>, config41_dense>.56|  return value|
|ap_ce         |   in|    1|  ap_ctrl_hs|  dense_latency<ap_fixed<6, 3, 5, 3, 0>, ap_fixed<11, 8, 4, 0, 0>, config41_dense>.56|  return value|
|data_224_val  |   in|    6|     ap_none|                                                                         data_224_val|        scalar|
|data_225_val  |   in|    6|     ap_none|                                                                         data_225_val|        scalar|
|data_226_val  |   in|    6|     ap_none|                                                                         data_226_val|        scalar|
|data_227_val  |   in|    6|     ap_none|                                                                         data_227_val|        scalar|
|data_228_val  |   in|    6|     ap_none|                                                                         data_228_val|        scalar|
|data_229_val  |   in|    6|     ap_none|                                                                         data_229_val|        scalar|
|data_230_val  |   in|    6|     ap_none|                                                                         data_230_val|        scalar|
|data_231_val  |   in|    6|     ap_none|                                                                         data_231_val|        scalar|
|data_232_val  |   in|    6|     ap_none|                                                                         data_232_val|        scalar|
|data_233_val  |   in|    6|     ap_none|                                                                         data_233_val|        scalar|
|data_234_val  |   in|    6|     ap_none|                                                                         data_234_val|        scalar|
|data_235_val  |   in|    6|     ap_none|                                                                         data_235_val|        scalar|
|data_236_val  |   in|    6|     ap_none|                                                                         data_236_val|        scalar|
|data_237_val  |   in|    6|     ap_none|                                                                         data_237_val|        scalar|
|data_238_val  |   in|    6|     ap_none|                                                                         data_238_val|        scalar|
|data_239_val  |   in|    6|     ap_none|                                                                         data_239_val|        scalar|
|data_240_val  |   in|    6|     ap_none|                                                                         data_240_val|        scalar|
|data_241_val  |   in|    6|     ap_none|                                                                         data_241_val|        scalar|
|data_242_val  |   in|    6|     ap_none|                                                                         data_242_val|        scalar|
|data_243_val  |   in|    6|     ap_none|                                                                         data_243_val|        scalar|
|data_244_val  |   in|    6|     ap_none|                                                                         data_244_val|        scalar|
|data_245_val  |   in|    6|     ap_none|                                                                         data_245_val|        scalar|
|data_246_val  |   in|    6|     ap_none|                                                                         data_246_val|        scalar|
|data_247_val  |   in|    6|     ap_none|                                                                         data_247_val|        scalar|
|data_248_val  |   in|    6|     ap_none|                                                                         data_248_val|        scalar|
|data_249_val  |   in|    6|     ap_none|                                                                         data_249_val|        scalar|
|data_250_val  |   in|    6|     ap_none|                                                                         data_250_val|        scalar|
|data_251_val  |   in|    6|     ap_none|                                                                         data_251_val|        scalar|
|data_252_val  |   in|    6|     ap_none|                                                                         data_252_val|        scalar|
|data_253_val  |   in|    6|     ap_none|                                                                         data_253_val|        scalar|
|data_254_val  |   in|    6|     ap_none|                                                                         data_254_val|        scalar|
|data_255_val  |   in|    6|     ap_none|                                                                         data_255_val|        scalar|
+--------------+-----+-----+------------+-------------------------------------------------------------------------------------+--------------+

