

================================================================
== Vitis HLS Report for 'einsum_dense_ap_fixed_6_2_5_3_0_ap_fixed_11_7_4_0_0_config7_s'
================================================================
* Date:           Thu Aug 13 16:05:08 2026

* Version:        2023.2 (Build 4023990 on Oct 11 2023)
* Project:        myproject_prj
* Solution:       solution1 (Vivado IP Flow Target)
* Product family: virtexuplus
* Target device:  xcvu13p-flga2577-2-e


================================================================
== Performance Estimates
================================================================
+ Timing: 
    * Summary: 
    +--------+---------+----------+------------+
    |  Clock |  Target | Estimated| Uncertainty|
    +--------+---------+----------+------------+
    |ap_clk  |  2.50 ns|  1.615 ns|     0.68 ns|
    +--------+---------+----------+------------+

+ Latency: 
    * Summary: 
    +---------+---------+-----------+-----------+-----+-----+---------+
    |  Latency (cycles) |   Latency (absolute)  |  Interval | Pipeline|
    |   min   |   max   |    min    |    max    | min | max |   Type  |
    +---------+---------+-----------+-----------+-----+-----+---------+
    |        5|        5|  12.500 ns|  12.500 ns|    1|    1|      yes|
    +---------+---------+-----------+-----------+-----+-----+---------+

    + Detail: 
        * Instance: 
        +------------------------------------------------------------------------------------------+-----------------------------------------------------------------------+---------+---------+-----------+-----------+-----+-----+---------+
        |                                                                                          |                                                                       |  Latency (cycles) |   Latency (absolute)  |  Interval | Pipeline|
        |                                         Instance                                         |                                 Module                                |   min   |   max   |    min    |    max    | min | max |   Type  |
        +------------------------------------------------------------------------------------------+-----------------------------------------------------------------------+---------+---------+-----------+-----------+-----+-----+---------+
        |call_ret_transpose_ap_fixed_6_2_5_3_0_ap_fixed_6_2_5_3_0_config7_tpose_inp_s_fu_2070      |transpose_ap_fixed_6_2_5_3_0_ap_fixed_6_2_5_3_0_config7_tpose_inp_s    |        0|        0|       0 ns|       0 ns|    1|    1|      yes|
        |grp_dense_latency_ap_fixed_6_2_5_3_0_ap_fixed_11_7_4_0_0_config7_dense_s_fu_2586          |dense_latency_ap_fixed_6_2_5_3_0_ap_fixed_11_7_4_0_0_config7_dense_s   |        4|        4|  10.000 ns|  10.000 ns|    1|    1|      yes|
        |grp_dense_latency_ap_fixed_6_2_5_3_0_ap_fixed_11_7_4_0_0_config7_dense_8_fu_2622          |dense_latency_ap_fixed_6_2_5_3_0_ap_fixed_11_7_4_0_0_config7_dense_8   |        4|        4|  10.000 ns|  10.000 ns|    1|    1|      yes|
        |grp_dense_latency_ap_fixed_6_2_5_3_0_ap_fixed_11_7_4_0_0_config7_dense_9_fu_2658          |dense_latency_ap_fixed_6_2_5_3_0_ap_fixed_11_7_4_0_0_config7_dense_9   |        4|        4|  10.000 ns|  10.000 ns|    1|    1|      yes|
        |grp_dense_latency_ap_fixed_6_2_5_3_0_ap_fixed_11_7_4_0_0_config7_dense_10_fu_2694         |dense_latency_ap_fixed_6_2_5_3_0_ap_fixed_11_7_4_0_0_config7_dense_10  |        4|        4|  10.000 ns|  10.000 ns|    1|    1|      yes|
        |grp_dense_latency_ap_fixed_6_2_5_3_0_ap_fixed_11_7_4_0_0_config7_dense_11_fu_2730         |dense_latency_ap_fixed_6_2_5_3_0_ap_fixed_11_7_4_0_0_config7_dense_11  |        4|        4|  10.000 ns|  10.000 ns|    1|    1|      yes|
        |grp_dense_latency_ap_fixed_6_2_5_3_0_ap_fixed_11_7_4_0_0_config7_dense_12_fu_2766         |dense_latency_ap_fixed_6_2_5_3_0_ap_fixed_11_7_4_0_0_config7_dense_12  |        4|        4|  10.000 ns|  10.000 ns|    1|    1|      yes|
        |grp_dense_latency_ap_fixed_6_2_5_3_0_ap_fixed_11_7_4_0_0_config7_dense_13_fu_2802         |dense_latency_ap_fixed_6_2_5_3_0_ap_fixed_11_7_4_0_0_config7_dense_13  |        4|        4|  10.000 ns|  10.000 ns|    1|    1|      yes|
        |grp_dense_latency_ap_fixed_6_2_5_3_0_ap_fixed_11_7_4_0_0_config7_dense_14_fu_2838         |dense_latency_ap_fixed_6_2_5_3_0_ap_fixed_11_7_4_0_0_config7_dense_14  |        4|        4|  10.000 ns|  10.000 ns|    1|    1|      yes|
        |call_ret72_transpose_ap_fixed_11_7_4_0_0_ap_fixed_11_7_4_0_0_config7_tpose_out_s_fu_2874  |transpose_ap_fixed_11_7_4_0_0_ap_fixed_11_7_4_0_0_config7_tpose_out_s  |        0|        0|       0 ns|       0 ns|    1|    1|      yes|
        +------------------------------------------------------------------------------------------+-----------------------------------------------------------------------+---------+---------+-----------+-----------+-----+-----+---------+

        * Loop: 
        N/A



================================================================
== Utilization Estimates
================================================================
* Summary: 
+---------------------+---------+-------+---------+---------+------+
|         Name        | BRAM_18K|  DSP  |    FF   |   LUT   | URAM |
+---------------------+---------+-------+---------+---------+------+
|DSP                  |        -|      -|        -|        -|     -|
|Expression           |        -|      -|        -|        -|     -|
|FIFO                 |        -|      -|        -|        -|     -|
|Instance             |        -|      -|    33520|    97400|     -|
|Memory               |        -|      -|        -|        -|     -|
|Multiplexer          |        -|      -|        -|     3584|     -|
|Register             |        -|      -|     4353|        -|     -|
+---------------------+---------+-------+---------+---------+------+
|Total                |        0|      0|    37873|   100984|     0|
+---------------------+---------+-------+---------+---------+------+
|Available SLR        |     1344|   3072|   864000|   432000|   320|
+---------------------+---------+-------+---------+---------+------+
|Utilization SLR (%)  |        0|      0|        4|       23|     0|
+---------------------+---------+-------+---------+---------+------+
|Available            |     5376|  12288|  3456000|  1728000|  1280|
+---------------------+---------+-------+---------+---------+------+
|Utilization (%)      |        0|      0|        1|        5|     0|
+---------------------+---------+-------+---------+---------+------+

+ Detail: 
    * Instance: 
    +------------------------------------------------------------------------------------------+-----------------------------------------------------------------------+---------+----+------+-------+-----+
    |                                         Instance                                         |                                 Module                                | BRAM_18K| DSP|  FF  |  LUT  | URAM|
    +------------------------------------------------------------------------------------------+-----------------------------------------------------------------------+---------+----+------+-------+-----+
    |grp_dense_latency_ap_fixed_6_2_5_3_0_ap_fixed_11_7_4_0_0_config7_dense_10_fu_2694         |dense_latency_ap_fixed_6_2_5_3_0_ap_fixed_11_7_4_0_0_config7_dense_10  |        0|   0|  4190|  12175|    0|
    |grp_dense_latency_ap_fixed_6_2_5_3_0_ap_fixed_11_7_4_0_0_config7_dense_11_fu_2730         |dense_latency_ap_fixed_6_2_5_3_0_ap_fixed_11_7_4_0_0_config7_dense_11  |        0|   0|  4190|  12175|    0|
    |grp_dense_latency_ap_fixed_6_2_5_3_0_ap_fixed_11_7_4_0_0_config7_dense_12_fu_2766         |dense_latency_ap_fixed_6_2_5_3_0_ap_fixed_11_7_4_0_0_config7_dense_12  |        0|   0|  4190|  12175|    0|
    |grp_dense_latency_ap_fixed_6_2_5_3_0_ap_fixed_11_7_4_0_0_config7_dense_13_fu_2802         |dense_latency_ap_fixed_6_2_5_3_0_ap_fixed_11_7_4_0_0_config7_dense_13  |        0|   0|  4190|  12175|    0|
    |grp_dense_latency_ap_fixed_6_2_5_3_0_ap_fixed_11_7_4_0_0_config7_dense_14_fu_2838         |dense_latency_ap_fixed_6_2_5_3_0_ap_fixed_11_7_4_0_0_config7_dense_14  |        0|   0|  4190|  12175|    0|
    |grp_dense_latency_ap_fixed_6_2_5_3_0_ap_fixed_11_7_4_0_0_config7_dense_8_fu_2622          |dense_latency_ap_fixed_6_2_5_3_0_ap_fixed_11_7_4_0_0_config7_dense_8   |        0|   0|  4190|  12175|    0|
    |grp_dense_latency_ap_fixed_6_2_5_3_0_ap_fixed_11_7_4_0_0_config7_dense_9_fu_2658          |dense_latency_ap_fixed_6_2_5_3_0_ap_fixed_11_7_4_0_0_config7_dense_9   |        0|   0|  4190|  12175|    0|
    |grp_dense_latency_ap_fixed_6_2_5_3_0_ap_fixed_11_7_4_0_0_config7_dense_s_fu_2586          |dense_latency_ap_fixed_6_2_5_3_0_ap_fixed_11_7_4_0_0_config7_dense_s   |        0|   0|  4190|  12175|    0|
    |call_ret72_transpose_ap_fixed_11_7_4_0_0_ap_fixed_11_7_4_0_0_config7_tpose_out_s_fu_2874  |transpose_ap_fixed_11_7_4_0_0_ap_fixed_11_7_4_0_0_config7_tpose_out_s  |        0|   0|     0|      0|    0|
    |call_ret_transpose_ap_fixed_6_2_5_3_0_ap_fixed_6_2_5_3_0_config7_tpose_inp_s_fu_2070      |transpose_ap_fixed_6_2_5_3_0_ap_fixed_6_2_5_3_0_config7_tpose_inp_s    |        0|   0|     0|      0|    0|
    +------------------------------------------------------------------------------------------+-----------------------------------------------------------------------+---------+----+------+-------+-----+
    |Total                                                                                     |                                                                       |        0|   0| 33520|  97400|    0|
    +------------------------------------------------------------------------------------------+-----------------------------------------------------------------------+---------+----+------+-------+-----+

    * DSP: 
    N/A

    * Memory: 
    N/A

    * FIFO: 
    N/A

    * Expression: 
    N/A

    * Multiplexer: 
    +---------------+----+-----------+-----+-----------+
    |      Name     | LUT| Input Size| Bits| Total Bits|
    +---------------+----+-----------+-----+-----------+
    |ap_return_0    |  14|          3|   11|         33|
    |ap_return_1    |  14|          3|   11|         33|
    |ap_return_10   |  14|          3|   11|         33|
    |ap_return_100  |  14|          3|   11|         33|
    |ap_return_101  |  14|          3|   11|         33|
    |ap_return_102  |  14|          3|   11|         33|
    |ap_return_103  |  14|          3|   11|         33|
    |ap_return_104  |  14|          3|   11|         33|
    |ap_return_105  |  14|          3|   11|         33|
    |ap_return_106  |  14|          3|   11|         33|
    |ap_return_107  |  14|          3|   11|         33|
    |ap_return_108  |  14|          3|   11|         33|
    |ap_return_109  |  14|          3|   11|         33|
    |ap_return_11   |  14|          3|   11|         33|
    |ap_return_110  |  14|          3|   11|         33|
    |ap_return_111  |  14|          3|   11|         33|
    |ap_return_112  |  14|          3|   11|         33|
    |ap_return_113  |  14|          3|   11|         33|
    |ap_return_114  |  14|          3|   11|         33|
    |ap_return_115  |  14|          3|   11|         33|
    |ap_return_116  |  14|          3|   11|         33|
    |ap_return_117  |  14|          3|   11|         33|
    |ap_return_118  |  14|          3|   11|         33|
    |ap_return_119  |  14|          3|   11|         33|
    |ap_return_12   |  14|          3|   11|         33|
    |ap_return_120  |  14|          3|   11|         33|
    |ap_return_121  |  14|          3|   11|         33|
    |ap_return_122  |  14|          3|   11|         33|
    |ap_return_123  |  14|          3|   11|         33|
    |ap_return_124  |  14|          3|   11|         33|
    |ap_return_125  |  14|          3|   11|         33|
    |ap_return_126  |  14|          3|   11|         33|
    |ap_return_127  |  14|          3|   11|         33|
    |ap_return_128  |  14|          3|   11|         33|
    |ap_return_129  |  14|          3|   11|         33|
    |ap_return_13   |  14|          3|   11|         33|
    |ap_return_130  |  14|          3|   11|         33|
    |ap_return_131  |  14|          3|   11|         33|
    |ap_return_132  |  14|          3|   11|         33|
    |ap_return_133  |  14|          3|   11|         33|
    |ap_return_134  |  14|          3|   11|         33|
    |ap_return_135  |  14|          3|   11|         33|
    |ap_return_136  |  14|          3|   11|         33|
    |ap_return_137  |  14|          3|   11|         33|
    |ap_return_138  |  14|          3|   11|         33|
    |ap_return_139  |  14|          3|   11|         33|
    |ap_return_14   |  14|          3|   11|         33|
    |ap_return_140  |  14|          3|   11|         33|
    |ap_return_141  |  14|          3|   11|         33|
    |ap_return_142  |  14|          3|   11|         33|
    |ap_return_143  |  14|          3|   11|         33|
    |ap_return_144  |  14|          3|   11|         33|
    |ap_return_145  |  14|          3|   11|         33|
    |ap_return_146  |  14|          3|   11|         33|
    |ap_return_147  |  14|          3|   11|         33|
    |ap_return_148  |  14|          3|   11|         33|
    |ap_return_149  |  14|          3|   11|         33|
    |ap_return_15   |  14|          3|   11|         33|
    |ap_return_150  |  14|          3|   11|         33|
    |ap_return_151  |  14|          3|   11|         33|
    |ap_return_152  |  14|          3|   11|         33|
    |ap_return_153  |  14|          3|   11|         33|
    |ap_return_154  |  14|          3|   11|         33|
    |ap_return_155  |  14|          3|   11|         33|
    |ap_return_156  |  14|          3|   11|         33|
    |ap_return_157  |  14|          3|   11|         33|
    |ap_return_158  |  14|          3|   11|         33|
    |ap_return_159  |  14|          3|   11|         33|
    |ap_return_16   |  14|          3|   11|         33|
    |ap_return_160  |  14|          3|   11|         33|
    |ap_return_161  |  14|          3|   11|         33|
    |ap_return_162  |  14|          3|   11|         33|
    |ap_return_163  |  14|          3|   11|         33|
    |ap_return_164  |  14|          3|   11|         33|
    |ap_return_165  |  14|          3|   11|         33|
    |ap_return_166  |  14|          3|   11|         33|
    |ap_return_167  |  14|          3|   11|         33|
    |ap_return_168  |  14|          3|   11|         33|
    |ap_return_169  |  14|          3|   11|         33|
    |ap_return_17   |  14|          3|   11|         33|
    |ap_return_170  |  14|          3|   11|         33|
    |ap_return_171  |  14|          3|   11|         33|
    |ap_return_172  |  14|          3|   11|         33|
    |ap_return_173  |  14|          3|   11|         33|
    |ap_return_174  |  14|          3|   11|         33|
    |ap_return_175  |  14|          3|   11|         33|
    |ap_return_176  |  14|          3|   11|         33|
    |ap_return_177  |  14|          3|   11|         33|
    |ap_return_178  |  14|          3|   11|         33|
    |ap_return_179  |  14|          3|   11|         33|
    |ap_return_18   |  14|          3|   11|         33|
    |ap_return_180  |  14|          3|   11|         33|
    |ap_return_181  |  14|          3|   11|         33|
    |ap_return_182  |  14|          3|   11|         33|
    |ap_return_183  |  14|          3|   11|         33|
    |ap_return_184  |  14|          3|   11|         33|
    |ap_return_185  |  14|          3|   11|         33|
    |ap_return_186  |  14|          3|   11|         33|
    |ap_return_187  |  14|          3|   11|         33|
    |ap_return_188  |  14|          3|   11|         33|
    |ap_return_189  |  14|          3|   11|         33|
    |ap_return_19   |  14|          3|   11|         33|
    |ap_return_190  |  14|          3|   11|         33|
    |ap_return_191  |  14|          3|   11|         33|
    |ap_return_192  |  14|          3|   11|         33|
    |ap_return_193  |  14|          3|   11|         33|
    |ap_return_194  |  14|          3|   11|         33|
    |ap_return_195  |  14|          3|   11|         33|
    |ap_return_196  |  14|          3|   11|         33|
    |ap_return_197  |  14|          3|   11|         33|
    |ap_return_198  |  14|          3|   11|         33|
    |ap_return_199  |  14|          3|   11|         33|
    |ap_return_2    |  14|          3|   11|         33|
    |ap_return_20   |  14|          3|   11|         33|
    |ap_return_200  |  14|          3|   11|         33|
    |ap_return_201  |  14|          3|   11|         33|
    |ap_return_202  |  14|          3|   11|         33|
    |ap_return_203  |  14|          3|   11|         33|
    |ap_return_204  |  14|          3|   11|         33|
    |ap_return_205  |  14|          3|   11|         33|
    |ap_return_206  |  14|          3|   11|         33|
    |ap_return_207  |  14|          3|   11|         33|
    |ap_return_208  |  14|          3|   11|         33|
    |ap_return_209  |  14|          3|   11|         33|
    |ap_return_21   |  14|          3|   11|         33|
    |ap_return_210  |  14|          3|   11|         33|
    |ap_return_211  |  14|          3|   11|         33|
    |ap_return_212  |  14|          3|   11|         33|
    |ap_return_213  |  14|          3|   11|         33|
    |ap_return_214  |  14|          3|   11|         33|
    |ap_return_215  |  14|          3|   11|         33|
    |ap_return_216  |  14|          3|   11|         33|
    |ap_return_217  |  14|          3|   11|         33|
    |ap_return_218  |  14|          3|   11|         33|
    |ap_return_219  |  14|          3|   11|         33|
    |ap_return_22   |  14|          3|   11|         33|
    |ap_return_220  |  14|          3|   11|         33|
    |ap_return_221  |  14|          3|   11|         33|
    |ap_return_222  |  14|          3|   11|         33|
    |ap_return_223  |  14|          3|   11|         33|
    |ap_return_224  |  14|          3|   11|         33|
    |ap_return_225  |  14|          3|   11|         33|
    |ap_return_226  |  14|          3|   11|         33|
    |ap_return_227  |  14|          3|   11|         33|
    |ap_return_228  |  14|          3|   11|         33|
    |ap_return_229  |  14|          3|   11|         33|
    |ap_return_23   |  14|          3|   11|         33|
    |ap_return_230  |  14|          3|   11|         33|
    |ap_return_231  |  14|          3|   11|         33|
    |ap_return_232  |  14|          3|   11|         33|
    |ap_return_233  |  14|          3|   11|         33|
    |ap_return_234  |  14|          3|   11|         33|
    |ap_return_235  |  14|          3|   11|         33|
    |ap_return_236  |  14|          3|   11|         33|
    |ap_return_237  |  14|          3|   11|         33|
    |ap_return_238  |  14|          3|   11|         33|
    |ap_return_239  |  14|          3|   11|         33|
    |ap_return_24   |  14|          3|   11|         33|
    |ap_return_240  |  14|          3|   11|         33|
    |ap_return_241  |  14|          3|   11|         33|
    |ap_return_242  |  14|          3|   11|         33|
    |ap_return_243  |  14|          3|   11|         33|
    |ap_return_244  |  14|          3|   11|         33|
    |ap_return_245  |  14|          3|   11|         33|
    |ap_return_246  |  14|          3|   11|         33|
    |ap_return_247  |  14|          3|   11|         33|
    |ap_return_248  |  14|          3|   11|         33|
    |ap_return_249  |  14|          3|   11|         33|
    |ap_return_25   |  14|          3|   11|         33|
    |ap_return_250  |  14|          3|   11|         33|
    |ap_return_251  |  14|          3|   11|         33|
    |ap_return_252  |  14|          3|   11|         33|
    |ap_return_253  |  14|          3|   11|         33|
    |ap_return_254  |  14|          3|   11|         33|
    |ap_return_255  |  14|          3|   11|         33|
    |ap_return_26   |  14|          3|   11|         33|
    |ap_return_27   |  14|          3|   11|         33|
    |ap_return_28   |  14|          3|   11|         33|
    |ap_return_29   |  14|          3|   11|         33|
    |ap_return_3    |  14|          3|   11|         33|
    |ap_return_30   |  14|          3|   11|         33|
    |ap_return_31   |  14|          3|   11|         33|
    |ap_return_32   |  14|          3|   11|         33|
    |ap_return_33   |  14|          3|   11|         33|
    |ap_return_34   |  14|          3|   11|         33|
    |ap_return_35   |  14|          3|   11|         33|
    |ap_return_36   |  14|          3|   11|         33|
    |ap_return_37   |  14|          3|   11|         33|
    |ap_return_38   |  14|          3|   11|         33|
    |ap_return_39   |  14|          3|   11|         33|
    |ap_return_4    |  14|          3|   11|         33|
    |ap_return_40   |  14|          3|   11|         33|
    |ap_return_41   |  14|          3|   11|         33|
    |ap_return_42   |  14|          3|   11|         33|
    |ap_return_43   |  14|          3|   11|         33|
    |ap_return_44   |  14|          3|   11|         33|
    |ap_return_45   |  14|          3|   11|         33|
    |ap_return_46   |  14|          3|   11|         33|
    |ap_return_47   |  14|          3|   11|         33|
    |ap_return_48   |  14|          3|   11|         33|
    |ap_return_49   |  14|          3|   11|         33|
    |ap_return_5    |  14|          3|   11|         33|
    |ap_return_50   |  14|          3|   11|         33|
    |ap_return_51   |  14|          3|   11|         33|
    |ap_return_52   |  14|          3|   11|         33|
    |ap_return_53   |  14|          3|   11|         33|
    |ap_return_54   |  14|          3|   11|         33|
    |ap_return_55   |  14|          3|   11|         33|
    |ap_return_56   |  14|          3|   11|         33|
    |ap_return_57   |  14|          3|   11|         33|
    |ap_return_58   |  14|          3|   11|         33|
    |ap_return_59   |  14|          3|   11|         33|
    |ap_return_6    |  14|          3|   11|         33|
    |ap_return_60   |  14|          3|   11|         33|
    |ap_return_61   |  14|          3|   11|         33|
    |ap_return_62   |  14|          3|   11|         33|
    |ap_return_63   |  14|          3|   11|         33|
    |ap_return_64   |  14|          3|   11|         33|
    |ap_return_65   |  14|          3|   11|         33|
    |ap_return_66   |  14|          3|   11|         33|
    |ap_return_67   |  14|          3|   11|         33|
    |ap_return_68   |  14|          3|   11|         33|
    |ap_return_69   |  14|          3|   11|         33|
    |ap_return_7    |  14|          3|   11|         33|
    |ap_return_70   |  14|          3|   11|         33|
    |ap_return_71   |  14|          3|   11|         33|
    |ap_return_72   |  14|          3|   11|         33|
    |ap_return_73   |  14|          3|   11|         33|
    |ap_return_74   |  14|          3|   11|         33|
    |ap_return_75   |  14|          3|   11|         33|
    |ap_return_76   |  14|          3|   11|         33|
    |ap_return_77   |  14|          3|   11|         33|
    |ap_return_78   |  14|          3|   11|         33|
    |ap_return_79   |  14|          3|   11|         33|
    |ap_return_8    |  14|          3|   11|         33|
    |ap_return_80   |  14|          3|   11|         33|
    |ap_return_81   |  14|          3|   11|         33|
    |ap_return_82   |  14|          3|   11|         33|
    |ap_return_83   |  14|          3|   11|         33|
    |ap_return_84   |  14|          3|   11|         33|
    |ap_return_85   |  14|          3|   11|         33|
    |ap_return_86   |  14|          3|   11|         33|
    |ap_return_87   |  14|          3|   11|         33|
    |ap_return_88   |  14|          3|   11|         33|
    |ap_return_89   |  14|          3|   11|         33|
    |ap_return_9    |  14|          3|   11|         33|
    |ap_return_90   |  14|          3|   11|         33|
    |ap_return_91   |  14|          3|   11|         33|
    |ap_return_92   |  14|          3|   11|         33|
    |ap_return_93   |  14|          3|   11|         33|
    |ap_return_94   |  14|          3|   11|         33|
    |ap_return_95   |  14|          3|   11|         33|
    |ap_return_96   |  14|          3|   11|         33|
    |ap_return_97   |  14|          3|   11|         33|
    |ap_return_98   |  14|          3|   11|         33|
    |ap_return_99   |  14|          3|   11|         33|
    +---------------+----+-----------+-----+-----------+
    |Total          |3584|        768| 2816|       8448|
    +---------------+----+-----------+-----+-----------+

    * Register: 
    +-------------------------+----+----+-----+-----------+
    |           Name          | FF | LUT| Bits| Const Bits|
    +-------------------------+----+----+-----+-----------+
    |ap_ce_reg                |   1|   0|    1|          0|
    |ap_return_0_int_reg      |  11|   0|   11|          0|
    |ap_return_100_int_reg    |  11|   0|   11|          0|
    |ap_return_101_int_reg    |  11|   0|   11|          0|
    |ap_return_102_int_reg    |  11|   0|   11|          0|
    |ap_return_103_int_reg    |  11|   0|   11|          0|
    |ap_return_104_int_reg    |  11|   0|   11|          0|
    |ap_return_105_int_reg    |  11|   0|   11|          0|
    |ap_return_106_int_reg    |  11|   0|   11|          0|
    |ap_return_107_int_reg    |  11|   0|   11|          0|
    |ap_return_108_int_reg    |  11|   0|   11|          0|
    |ap_return_109_int_reg    |  11|   0|   11|          0|
    |ap_return_10_int_reg     |  11|   0|   11|          0|
    |ap_return_110_int_reg    |  11|   0|   11|          0|
    |ap_return_111_int_reg    |  11|   0|   11|          0|
    |ap_return_112_int_reg    |  11|   0|   11|          0|
    |ap_return_113_int_reg    |  11|   0|   11|          0|
    |ap_return_114_int_reg    |  11|   0|   11|          0|
    |ap_return_115_int_reg    |  11|   0|   11|          0|
    |ap_return_116_int_reg    |  11|   0|   11|          0|
    |ap_return_117_int_reg    |  11|   0|   11|          0|
    |ap_return_118_int_reg    |  11|   0|   11|          0|
    |ap_return_119_int_reg    |  11|   0|   11|          0|
    |ap_return_11_int_reg     |  11|   0|   11|          0|
    |ap_return_120_int_reg    |  11|   0|   11|          0|
    |ap_return_121_int_reg    |  11|   0|   11|          0|
    |ap_return_122_int_reg    |  11|   0|   11|          0|
    |ap_return_123_int_reg    |  11|   0|   11|          0|
    |ap_return_124_int_reg    |  11|   0|   11|          0|
    |ap_return_125_int_reg    |  11|   0|   11|          0|
    |ap_return_126_int_reg    |  11|   0|   11|          0|
    |ap_return_127_int_reg    |  11|   0|   11|          0|
    |ap_return_128_int_reg    |  11|   0|   11|          0|
    |ap_return_129_int_reg    |  11|   0|   11|          0|
    |ap_return_12_int_reg     |  11|   0|   11|          0|
    |ap_return_130_int_reg    |  11|   0|   11|          0|
    |ap_return_131_int_reg    |  11|   0|   11|          0|
    |ap_return_132_int_reg    |  11|   0|   11|          0|
    |ap_return_133_int_reg    |  11|   0|   11|          0|
    |ap_return_134_int_reg    |  11|   0|   11|          0|
    |ap_return_135_int_reg    |  11|   0|   11|          0|
    |ap_return_136_int_reg    |  11|   0|   11|          0|
    |ap_return_137_int_reg    |  11|   0|   11|          0|
    |ap_return_138_int_reg    |  11|   0|   11|          0|
    |ap_return_139_int_reg    |  11|   0|   11|          0|
    |ap_return_13_int_reg     |  11|   0|   11|          0|
    |ap_return_140_int_reg    |  11|   0|   11|          0|
    |ap_return_141_int_reg    |  11|   0|   11|          0|
    |ap_return_142_int_reg    |  11|   0|   11|          0|
    |ap_return_143_int_reg    |  11|   0|   11|          0|
    |ap_return_144_int_reg    |  11|   0|   11|          0|
    |ap_return_145_int_reg    |  11|   0|   11|          0|
    |ap_return_146_int_reg    |  11|   0|   11|          0|
    |ap_return_147_int_reg    |  11|   0|   11|          0|
    |ap_return_148_int_reg    |  11|   0|   11|          0|
    |ap_return_149_int_reg    |  11|   0|   11|          0|
    |ap_return_14_int_reg     |  11|   0|   11|          0|
    |ap_return_150_int_reg    |  11|   0|   11|          0|
    |ap_return_151_int_reg    |  11|   0|   11|          0|
    |ap_return_152_int_reg    |  11|   0|   11|          0|
    |ap_return_153_int_reg    |  11|   0|   11|          0|
    |ap_return_154_int_reg    |  11|   0|   11|          0|
    |ap_return_155_int_reg    |  11|   0|   11|          0|
    |ap_return_156_int_reg    |  11|   0|   11|          0|
    |ap_return_157_int_reg    |  11|   0|   11|          0|
    |ap_return_158_int_reg    |  11|   0|   11|          0|
    |ap_return_159_int_reg    |  11|   0|   11|          0|
    |ap_return_15_int_reg     |  11|   0|   11|          0|
    |ap_return_160_int_reg    |  11|   0|   11|          0|
    |ap_return_161_int_reg    |  11|   0|   11|          0|
    |ap_return_162_int_reg    |  11|   0|   11|          0|
    |ap_return_163_int_reg    |  11|   0|   11|          0|
    |ap_return_164_int_reg    |  11|   0|   11|          0|
    |ap_return_165_int_reg    |  11|   0|   11|          0|
    |ap_return_166_int_reg    |  11|   0|   11|          0|
    |ap_return_167_int_reg    |  11|   0|   11|          0|
    |ap_return_168_int_reg    |  11|   0|   11|          0|
    |ap_return_169_int_reg    |  11|   0|   11|          0|
    |ap_return_16_int_reg     |  11|   0|   11|          0|
    |ap_return_170_int_reg    |  11|   0|   11|          0|
    |ap_return_171_int_reg    |  11|   0|   11|          0|
    |ap_return_172_int_reg    |  11|   0|   11|          0|
    |ap_return_173_int_reg    |  11|   0|   11|          0|
    |ap_return_174_int_reg    |  11|   0|   11|          0|
    |ap_return_175_int_reg    |  11|   0|   11|          0|
    |ap_return_176_int_reg    |  11|   0|   11|          0|
    |ap_return_177_int_reg    |  11|   0|   11|          0|
    |ap_return_178_int_reg    |  11|   0|   11|          0|
    |ap_return_179_int_reg    |  11|   0|   11|          0|
    |ap_return_17_int_reg     |  11|   0|   11|          0|
    |ap_return_180_int_reg    |  11|   0|   11|          0|
    |ap_return_181_int_reg    |  11|   0|   11|          0|
    |ap_return_182_int_reg    |  11|   0|   11|          0|
    |ap_return_183_int_reg    |  11|   0|   11|          0|
    |ap_return_184_int_reg    |  11|   0|   11|          0|
    |ap_return_185_int_reg    |  11|   0|   11|          0|
    |ap_return_186_int_reg    |  11|   0|   11|          0|
    |ap_return_187_int_reg    |  11|   0|   11|          0|
    |ap_return_188_int_reg    |  11|   0|   11|          0|
    |ap_return_189_int_reg    |  11|   0|   11|          0|
    |ap_return_18_int_reg     |  11|   0|   11|          0|
    |ap_return_190_int_reg    |  11|   0|   11|          0|
    |ap_return_191_int_reg    |  11|   0|   11|          0|
    |ap_return_192_int_reg    |  11|   0|   11|          0|
    |ap_return_193_int_reg    |  11|   0|   11|          0|
    |ap_return_194_int_reg    |  11|   0|   11|          0|
    |ap_return_195_int_reg    |  11|   0|   11|          0|
    |ap_return_196_int_reg    |  11|   0|   11|          0|
    |ap_return_197_int_reg    |  11|   0|   11|          0|
    |ap_return_198_int_reg    |  11|   0|   11|          0|
    |ap_return_199_int_reg    |  11|   0|   11|          0|
    |ap_return_19_int_reg     |  11|   0|   11|          0|
    |ap_return_1_int_reg      |  11|   0|   11|          0|
    |ap_return_200_int_reg    |  11|   0|   11|          0|
    |ap_return_201_int_reg    |  11|   0|   11|          0|
    |ap_return_202_int_reg    |  11|   0|   11|          0|
    |ap_return_203_int_reg    |  11|   0|   11|          0|
    |ap_return_204_int_reg    |  11|   0|   11|          0|
    |ap_return_205_int_reg    |  11|   0|   11|          0|
    |ap_return_206_int_reg    |  11|   0|   11|          0|
    |ap_return_207_int_reg    |  11|   0|   11|          0|
    |ap_return_208_int_reg    |  11|   0|   11|          0|
    |ap_return_209_int_reg    |  11|   0|   11|          0|
    |ap_return_20_int_reg     |  11|   0|   11|          0|
    |ap_return_210_int_reg    |  11|   0|   11|          0|
    |ap_return_211_int_reg    |  11|   0|   11|          0|
    |ap_return_212_int_reg    |  11|   0|   11|          0|
    |ap_return_213_int_reg    |  11|   0|   11|          0|
    |ap_return_214_int_reg    |  11|   0|   11|          0|
    |ap_return_215_int_reg    |  11|   0|   11|          0|
    |ap_return_216_int_reg    |  11|   0|   11|          0|
    |ap_return_217_int_reg    |  11|   0|   11|          0|
    |ap_return_218_int_reg    |  11|   0|   11|          0|
    |ap_return_219_int_reg    |  11|   0|   11|          0|
    |ap_return_21_int_reg     |  11|   0|   11|          0|
    |ap_return_220_int_reg    |  11|   0|   11|          0|
    |ap_return_221_int_reg    |  11|   0|   11|          0|
    |ap_return_222_int_reg    |  11|   0|   11|          0|
    |ap_return_223_int_reg    |  11|   0|   11|          0|
    |ap_return_224_int_reg    |  11|   0|   11|          0|
    |ap_return_225_int_reg    |  11|   0|   11|          0|
    |ap_return_226_int_reg    |  11|   0|   11|          0|
    |ap_return_227_int_reg    |  11|   0|   11|          0|
    |ap_return_228_int_reg    |  11|   0|   11|          0|
    |ap_return_229_int_reg    |  11|   0|   11|          0|
    |ap_return_22_int_reg     |  11|   0|   11|          0|
    |ap_return_230_int_reg    |  11|   0|   11|          0|
    |ap_return_231_int_reg    |  11|   0|   11|          0|
    |ap_return_232_int_reg    |  11|   0|   11|          0|
    |ap_return_233_int_reg    |  11|   0|   11|          0|
    |ap_return_234_int_reg    |  11|   0|   11|          0|
    |ap_return_235_int_reg    |  11|   0|   11|          0|
    |ap_return_236_int_reg    |  11|   0|   11|          0|
    |ap_return_237_int_reg    |  11|   0|   11|          0|
    |ap_return_238_int_reg    |  11|   0|   11|          0|
    |ap_return_239_int_reg    |  11|   0|   11|          0|
    |ap_return_23_int_reg     |  11|   0|   11|          0|
    |ap_return_240_int_reg    |  11|   0|   11|          0|
    |ap_return_241_int_reg    |  11|   0|   11|          0|
    |ap_return_242_int_reg    |  11|   0|   11|          0|
    |ap_return_243_int_reg    |  11|   0|   11|          0|
    |ap_return_244_int_reg    |  11|   0|   11|          0|
    |ap_return_245_int_reg    |  11|   0|   11|          0|
    |ap_return_246_int_reg    |  11|   0|   11|          0|
    |ap_return_247_int_reg    |  11|   0|   11|          0|
    |ap_return_248_int_reg    |  11|   0|   11|          0|
    |ap_return_249_int_reg    |  11|   0|   11|          0|
    |ap_return_24_int_reg     |  11|   0|   11|          0|
    |ap_return_250_int_reg    |  11|   0|   11|          0|
    |ap_return_251_int_reg    |  11|   0|   11|          0|
    |ap_return_252_int_reg    |  11|   0|   11|          0|
    |ap_return_253_int_reg    |  11|   0|   11|          0|
    |ap_return_254_int_reg    |  11|   0|   11|          0|
    |ap_return_255_int_reg    |  11|   0|   11|          0|
    |ap_return_25_int_reg     |  11|   0|   11|          0|
    |ap_return_26_int_reg     |  11|   0|   11|          0|
    |ap_return_27_int_reg     |  11|   0|   11|          0|
    |ap_return_28_int_reg     |  11|   0|   11|          0|
    |ap_return_29_int_reg     |  11|   0|   11|          0|
    |ap_return_2_int_reg      |  11|   0|   11|          0|
    |ap_return_30_int_reg     |  11|   0|   11|          0|
    |ap_return_31_int_reg     |  11|   0|   11|          0|
    |ap_return_32_int_reg     |  11|   0|   11|          0|
    |ap_return_33_int_reg     |  11|   0|   11|          0|
    |ap_return_34_int_reg     |  11|   0|   11|          0|
    |ap_return_35_int_reg     |  11|   0|   11|          0|
    |ap_return_36_int_reg     |  11|   0|   11|          0|
    |ap_return_37_int_reg     |  11|   0|   11|          0|
    |ap_return_38_int_reg     |  11|   0|   11|          0|
    |ap_return_39_int_reg     |  11|   0|   11|          0|
    |ap_return_3_int_reg      |  11|   0|   11|          0|
    |ap_return_40_int_reg     |  11|   0|   11|          0|
    |ap_return_41_int_reg     |  11|   0|   11|          0|
    |ap_return_42_int_reg     |  11|   0|   11|          0|
    |ap_return_43_int_reg     |  11|   0|   11|          0|
    |ap_return_44_int_reg     |  11|   0|   11|          0|
    |ap_return_45_int_reg     |  11|   0|   11|          0|
    |ap_return_46_int_reg     |  11|   0|   11|          0|
    |ap_return_47_int_reg     |  11|   0|   11|          0|
    |ap_return_48_int_reg     |  11|   0|   11|          0|
    |ap_return_49_int_reg     |  11|   0|   11|          0|
    |ap_return_4_int_reg      |  11|   0|   11|          0|
    |ap_return_50_int_reg     |  11|   0|   11|          0|
    |ap_return_51_int_reg     |  11|   0|   11|          0|
    |ap_return_52_int_reg     |  11|   0|   11|          0|
    |ap_return_53_int_reg     |  11|   0|   11|          0|
    |ap_return_54_int_reg     |  11|   0|   11|          0|
    |ap_return_55_int_reg     |  11|   0|   11|          0|
    |ap_return_56_int_reg     |  11|   0|   11|          0|
    |ap_return_57_int_reg     |  11|   0|   11|          0|
    |ap_return_58_int_reg     |  11|   0|   11|          0|
    |ap_return_59_int_reg     |  11|   0|   11|          0|
    |ap_return_5_int_reg      |  11|   0|   11|          0|
    |ap_return_60_int_reg     |  11|   0|   11|          0|
    |ap_return_61_int_reg     |  11|   0|   11|          0|
    |ap_return_62_int_reg     |  11|   0|   11|          0|
    |ap_return_63_int_reg     |  11|   0|   11|          0|
    |ap_return_64_int_reg     |  11|   0|   11|          0|
    |ap_return_65_int_reg     |  11|   0|   11|          0|
    |ap_return_66_int_reg     |  11|   0|   11|          0|
    |ap_return_67_int_reg     |  11|   0|   11|          0|
    |ap_return_68_int_reg     |  11|   0|   11|          0|
    |ap_return_69_int_reg     |  11|   0|   11|          0|
    |ap_return_6_int_reg      |  11|   0|   11|          0|
    |ap_return_70_int_reg     |  11|   0|   11|          0|
    |ap_return_71_int_reg     |  11|   0|   11|          0|
    |ap_return_72_int_reg     |  11|   0|   11|          0|
    |ap_return_73_int_reg     |  11|   0|   11|          0|
    |ap_return_74_int_reg     |  11|   0|   11|          0|
    |ap_return_75_int_reg     |  11|   0|   11|          0|
    |ap_return_76_int_reg     |  11|   0|   11|          0|
    |ap_return_77_int_reg     |  11|   0|   11|          0|
    |ap_return_78_int_reg     |  11|   0|   11|          0|
    |ap_return_79_int_reg     |  11|   0|   11|          0|
    |ap_return_7_int_reg      |  11|   0|   11|          0|
    |ap_return_80_int_reg     |  11|   0|   11|          0|
    |ap_return_81_int_reg     |  11|   0|   11|          0|
    |ap_return_82_int_reg     |  11|   0|   11|          0|
    |ap_return_83_int_reg     |  11|   0|   11|          0|
    |ap_return_84_int_reg     |  11|   0|   11|          0|
    |ap_return_85_int_reg     |  11|   0|   11|          0|
    |ap_return_86_int_reg     |  11|   0|   11|          0|
    |ap_return_87_int_reg     |  11|   0|   11|          0|
    |ap_return_88_int_reg     |  11|   0|   11|          0|
    |ap_return_89_int_reg     |  11|   0|   11|          0|
    |ap_return_8_int_reg      |  11|   0|   11|          0|
    |ap_return_90_int_reg     |  11|   0|   11|          0|
    |ap_return_91_int_reg     |  11|   0|   11|          0|
    |ap_return_92_int_reg     |  11|   0|   11|          0|
    |ap_return_93_int_reg     |  11|   0|   11|          0|
    |ap_return_94_int_reg     |  11|   0|   11|          0|
    |ap_return_95_int_reg     |  11|   0|   11|          0|
    |ap_return_96_int_reg     |  11|   0|   11|          0|
    |ap_return_97_int_reg     |  11|   0|   11|          0|
    |ap_return_98_int_reg     |  11|   0|   11|          0|
    |ap_return_99_int_reg     |  11|   0|   11|          0|
    |ap_return_9_int_reg      |  11|   0|   11|          0|
    |data_0_val1_int_reg      |   6|   0|    6|          0|
    |data_100_val101_int_reg  |   6|   0|    6|          0|
    |data_101_val102_int_reg  |   6|   0|    6|          0|
    |data_102_val103_int_reg  |   6|   0|    6|          0|
    |data_103_val104_int_reg  |   6|   0|    6|          0|
    |data_104_val105_int_reg  |   6|   0|    6|          0|
    |data_105_val106_int_reg  |   6|   0|    6|          0|
    |data_106_val107_int_reg  |   6|   0|    6|          0|
    |data_107_val108_int_reg  |   6|   0|    6|          0|
    |data_108_val109_int_reg  |   6|   0|    6|          0|
    |data_109_val110_int_reg  |   6|   0|    6|          0|
    |data_10_val11_int_reg    |   6|   0|    6|          0|
    |data_110_val111_int_reg  |   6|   0|    6|          0|
    |data_111_val112_int_reg  |   6|   0|    6|          0|
    |data_112_val113_int_reg  |   6|   0|    6|          0|
    |data_113_val114_int_reg  |   6|   0|    6|          0|
    |data_114_val115_int_reg  |   6|   0|    6|          0|
    |data_115_val116_int_reg  |   6|   0|    6|          0|
    |data_116_val117_int_reg  |   6|   0|    6|          0|
    |data_117_val118_int_reg  |   6|   0|    6|          0|
    |data_118_val119_int_reg  |   6|   0|    6|          0|
    |data_119_val120_int_reg  |   6|   0|    6|          0|
    |data_11_val12_int_reg    |   6|   0|    6|          0|
    |data_120_val121_int_reg  |   6|   0|    6|          0|
    |data_121_val122_int_reg  |   6|   0|    6|          0|
    |data_122_val123_int_reg  |   6|   0|    6|          0|
    |data_123_val124_int_reg  |   6|   0|    6|          0|
    |data_124_val125_int_reg  |   6|   0|    6|          0|
    |data_125_val126_int_reg  |   6|   0|    6|          0|
    |data_126_val127_int_reg  |   6|   0|    6|          0|
    |data_127_val128_int_reg  |   6|   0|    6|          0|
    |data_128_val129_int_reg  |   6|   0|    6|          0|
    |data_129_val130_int_reg  |   6|   0|    6|          0|
    |data_12_val13_int_reg    |   6|   0|    6|          0|
    |data_130_val131_int_reg  |   6|   0|    6|          0|
    |data_131_val132_int_reg  |   6|   0|    6|          0|
    |data_132_val133_int_reg  |   6|   0|    6|          0|
    |data_133_val134_int_reg  |   6|   0|    6|          0|
    |data_134_val135_int_reg  |   6|   0|    6|          0|
    |data_135_val136_int_reg  |   6|   0|    6|          0|
    |data_136_val137_int_reg  |   6|   0|    6|          0|
    |data_137_val138_int_reg  |   6|   0|    6|          0|
    |data_138_val139_int_reg  |   6|   0|    6|          0|
    |data_139_val140_int_reg  |   6|   0|    6|          0|
    |data_13_val14_int_reg    |   6|   0|    6|          0|
    |data_140_val141_int_reg  |   6|   0|    6|          0|
    |data_141_val142_int_reg  |   6|   0|    6|          0|
    |data_142_val143_int_reg  |   6|   0|    6|          0|
    |data_143_val144_int_reg  |   6|   0|    6|          0|
    |data_144_val145_int_reg  |   6|   0|    6|          0|
    |data_145_val146_int_reg  |   6|   0|    6|          0|
    |data_146_val147_int_reg  |   6|   0|    6|          0|
    |data_147_val148_int_reg  |   6|   0|    6|          0|
    |data_148_val149_int_reg  |   6|   0|    6|          0|
    |data_149_val150_int_reg  |   6|   0|    6|          0|
    |data_14_val15_int_reg    |   6|   0|    6|          0|
    |data_150_val151_int_reg  |   6|   0|    6|          0|
    |data_151_val152_int_reg  |   6|   0|    6|          0|
    |data_152_val153_int_reg  |   6|   0|    6|          0|
    |data_153_val154_int_reg  |   6|   0|    6|          0|
    |data_154_val155_int_reg  |   6|   0|    6|          0|
    |data_155_val156_int_reg  |   6|   0|    6|          0|
    |data_156_val157_int_reg  |   6|   0|    6|          0|
    |data_157_val158_int_reg  |   6|   0|    6|          0|
    |data_158_val159_int_reg  |   6|   0|    6|          0|
    |data_159_val160_int_reg  |   6|   0|    6|          0|
    |data_15_val16_int_reg    |   6|   0|    6|          0|
    |data_160_val161_int_reg  |   6|   0|    6|          0|
    |data_161_val162_int_reg  |   6|   0|    6|          0|
    |data_162_val163_int_reg  |   6|   0|    6|          0|
    |data_163_val164_int_reg  |   6|   0|    6|          0|
    |data_164_val165_int_reg  |   6|   0|    6|          0|
    |data_165_val166_int_reg  |   6|   0|    6|          0|
    |data_166_val167_int_reg  |   6|   0|    6|          0|
    |data_167_val168_int_reg  |   6|   0|    6|          0|
    |data_168_val169_int_reg  |   6|   0|    6|          0|
    |data_169_val170_int_reg  |   6|   0|    6|          0|
    |data_16_val17_int_reg    |   6|   0|    6|          0|
    |data_170_val171_int_reg  |   6|   0|    6|          0|
    |data_171_val172_int_reg  |   6|   0|    6|          0|
    |data_172_val173_int_reg  |   6|   0|    6|          0|
    |data_173_val174_int_reg  |   6|   0|    6|          0|
    |data_174_val175_int_reg  |   6|   0|    6|          0|
    |data_175_val176_int_reg  |   6|   0|    6|          0|
    |data_176_val177_int_reg  |   6|   0|    6|          0|
    |data_177_val178_int_reg  |   6|   0|    6|          0|
    |data_178_val179_int_reg  |   6|   0|    6|          0|
    |data_179_val180_int_reg  |   6|   0|    6|          0|
    |data_17_val18_int_reg    |   6|   0|    6|          0|
    |data_180_val181_int_reg  |   6|   0|    6|          0|
    |data_181_val182_int_reg  |   6|   0|    6|          0|
    |data_182_val183_int_reg  |   6|   0|    6|          0|
    |data_183_val184_int_reg  |   6|   0|    6|          0|
    |data_184_val185_int_reg  |   6|   0|    6|          0|
    |data_185_val186_int_reg  |   6|   0|    6|          0|
    |data_186_val187_int_reg  |   6|   0|    6|          0|
    |data_187_val188_int_reg  |   6|   0|    6|          0|
    |data_188_val189_int_reg  |   6|   0|    6|          0|
    |data_189_val190_int_reg  |   6|   0|    6|          0|
    |data_18_val19_int_reg    |   6|   0|    6|          0|
    |data_190_val191_int_reg  |   6|   0|    6|          0|
    |data_191_val192_int_reg  |   6|   0|    6|          0|
    |data_192_val193_int_reg  |   6|   0|    6|          0|
    |data_193_val194_int_reg  |   6|   0|    6|          0|
    |data_194_val195_int_reg  |   6|   0|    6|          0|
    |data_195_val196_int_reg  |   6|   0|    6|          0|
    |data_196_val197_int_reg  |   6|   0|    6|          0|
    |data_197_val198_int_reg  |   6|   0|    6|          0|
    |data_198_val199_int_reg  |   6|   0|    6|          0|
    |data_199_val200_int_reg  |   6|   0|    6|          0|
    |data_19_val20_int_reg    |   6|   0|    6|          0|
    |data_1_val2_int_reg      |   6|   0|    6|          0|
    |data_200_val201_int_reg  |   6|   0|    6|          0|
    |data_201_val202_int_reg  |   6|   0|    6|          0|
    |data_202_val203_int_reg  |   6|   0|    6|          0|
    |data_203_val204_int_reg  |   6|   0|    6|          0|
    |data_204_val205_int_reg  |   6|   0|    6|          0|
    |data_205_val206_int_reg  |   6|   0|    6|          0|
    |data_206_val207_int_reg  |   6|   0|    6|          0|
    |data_207_val208_int_reg  |   6|   0|    6|          0|
    |data_208_val209_int_reg  |   6|   0|    6|          0|
    |data_209_val210_int_reg  |   6|   0|    6|          0|
    |data_20_val21_int_reg    |   6|   0|    6|          0|
    |data_210_val211_int_reg  |   6|   0|    6|          0|
    |data_211_val212_int_reg  |   6|   0|    6|          0|
    |data_212_val213_int_reg  |   6|   0|    6|          0|
    |data_213_val214_int_reg  |   6|   0|    6|          0|
    |data_214_val215_int_reg  |   6|   0|    6|          0|
    |data_215_val216_int_reg  |   6|   0|    6|          0|
    |data_216_val217_int_reg  |   6|   0|    6|          0|
    |data_217_val218_int_reg  |   6|   0|    6|          0|
    |data_218_val219_int_reg  |   6|   0|    6|          0|
    |data_219_val220_int_reg  |   6|   0|    6|          0|
    |data_21_val22_int_reg    |   6|   0|    6|          0|
    |data_220_val221_int_reg  |   6|   0|    6|          0|
    |data_221_val222_int_reg  |   6|   0|    6|          0|
    |data_222_val223_int_reg  |   6|   0|    6|          0|
    |data_223_val224_int_reg  |   6|   0|    6|          0|
    |data_224_val225_int_reg  |   6|   0|    6|          0|
    |data_225_val226_int_reg  |   6|   0|    6|          0|
    |data_226_val227_int_reg  |   6|   0|    6|          0|
    |data_227_val228_int_reg  |   6|   0|    6|          0|
    |data_228_val229_int_reg  |   6|   0|    6|          0|
    |data_229_val230_int_reg  |   6|   0|    6|          0|
    |data_22_val23_int_reg    |   6|   0|    6|          0|
    |data_230_val231_int_reg  |   6|   0|    6|          0|
    |data_231_val232_int_reg  |   6|   0|    6|          0|
    |data_232_val233_int_reg  |   6|   0|    6|          0|
    |data_233_val234_int_reg  |   6|   0|    6|          0|
    |data_234_val235_int_reg  |   6|   0|    6|          0|
    |data_235_val236_int_reg  |   6|   0|    6|          0|
    |data_236_val237_int_reg  |   6|   0|    6|          0|
    |data_237_val238_int_reg  |   6|   0|    6|          0|
    |data_238_val239_int_reg  |   6|   0|    6|          0|
    |data_239_val240_int_reg  |   6|   0|    6|          0|
    |data_23_val24_int_reg    |   6|   0|    6|          0|
    |data_240_val241_int_reg  |   6|   0|    6|          0|
    |data_241_val242_int_reg  |   6|   0|    6|          0|
    |data_242_val243_int_reg  |   6|   0|    6|          0|
    |data_243_val244_int_reg  |   6|   0|    6|          0|
    |data_244_val245_int_reg  |   6|   0|    6|          0|
    |data_245_val246_int_reg  |   6|   0|    6|          0|
    |data_246_val247_int_reg  |   6|   0|    6|          0|
    |data_247_val248_int_reg  |   6|   0|    6|          0|
    |data_248_val249_int_reg  |   6|   0|    6|          0|
    |data_249_val250_int_reg  |   6|   0|    6|          0|
    |data_24_val25_int_reg    |   6|   0|    6|          0|
    |data_250_val251_int_reg  |   6|   0|    6|          0|
    |data_251_val252_int_reg  |   6|   0|    6|          0|
    |data_252_val253_int_reg  |   6|   0|    6|          0|
    |data_253_val254_int_reg  |   6|   0|    6|          0|
    |data_254_val255_int_reg  |   6|   0|    6|          0|
    |data_255_val256_int_reg  |   6|   0|    6|          0|
    |data_25_val26_int_reg    |   6|   0|    6|          0|
    |data_26_val27_int_reg    |   6|   0|    6|          0|
    |data_27_val28_int_reg    |   6|   0|    6|          0|
    |data_28_val29_int_reg    |   6|   0|    6|          0|
    |data_29_val30_int_reg    |   6|   0|    6|          0|
    |data_2_val3_int_reg      |   6|   0|    6|          0|
    |data_30_val31_int_reg    |   6|   0|    6|          0|
    |data_31_val32_int_reg    |   6|   0|    6|          0|
    |data_32_val33_int_reg    |   6|   0|    6|          0|
    |data_33_val34_int_reg    |   6|   0|    6|          0|
    |data_34_val35_int_reg    |   6|   0|    6|          0|
    |data_35_val36_int_reg    |   6|   0|    6|          0|
    |data_36_val37_int_reg    |   6|   0|    6|          0|
    |data_37_val38_int_reg    |   6|   0|    6|          0|
    |data_38_val39_int_reg    |   6|   0|    6|          0|
    |data_39_val40_int_reg    |   6|   0|    6|          0|
    |data_3_val4_int_reg      |   6|   0|    6|          0|
    |data_40_val41_int_reg    |   6|   0|    6|          0|
    |data_41_val42_int_reg    |   6|   0|    6|          0|
    |data_42_val43_int_reg    |   6|   0|    6|          0|
    |data_43_val44_int_reg    |   6|   0|    6|          0|
    |data_44_val45_int_reg    |   6|   0|    6|          0|
    |data_45_val46_int_reg    |   6|   0|    6|          0|
    |data_46_val47_int_reg    |   6|   0|    6|          0|
    |data_47_val48_int_reg    |   6|   0|    6|          0|
    |data_48_val49_int_reg    |   6|   0|    6|          0|
    |data_49_val50_int_reg    |   6|   0|    6|          0|
    |data_4_val5_int_reg      |   6|   0|    6|          0|
    |data_50_val51_int_reg    |   6|   0|    6|          0|
    |data_51_val52_int_reg    |   6|   0|    6|          0|
    |data_52_val53_int_reg    |   6|   0|    6|          0|
    |data_53_val54_int_reg    |   6|   0|    6|          0|
    |data_54_val55_int_reg    |   6|   0|    6|          0|
    |data_55_val56_int_reg    |   6|   0|    6|          0|
    |data_56_val57_int_reg    |   6|   0|    6|          0|
    |data_57_val58_int_reg    |   6|   0|    6|          0|
    |data_58_val59_int_reg    |   6|   0|    6|          0|
    |data_59_val60_int_reg    |   6|   0|    6|          0|
    |data_5_val6_int_reg      |   6|   0|    6|          0|
    |data_60_val61_int_reg    |   6|   0|    6|          0|
    |data_61_val62_int_reg    |   6|   0|    6|          0|
    |data_62_val63_int_reg    |   6|   0|    6|          0|
    |data_63_val64_int_reg    |   6|   0|    6|          0|
    |data_64_val65_int_reg    |   6|   0|    6|          0|
    |data_65_val66_int_reg    |   6|   0|    6|          0|
    |data_66_val67_int_reg    |   6|   0|    6|          0|
    |data_67_val68_int_reg    |   6|   0|    6|          0|
    |data_68_val69_int_reg    |   6|   0|    6|          0|
    |data_69_val70_int_reg    |   6|   0|    6|          0|
    |data_6_val7_int_reg      |   6|   0|    6|          0|
    |data_70_val71_int_reg    |   6|   0|    6|          0|
    |data_71_val72_int_reg    |   6|   0|    6|          0|
    |data_72_val73_int_reg    |   6|   0|    6|          0|
    |data_73_val74_int_reg    |   6|   0|    6|          0|
    |data_74_val75_int_reg    |   6|   0|    6|          0|
    |data_75_val76_int_reg    |   6|   0|    6|          0|
    |data_76_val77_int_reg    |   6|   0|    6|          0|
    |data_77_val78_int_reg    |   6|   0|    6|          0|
    |data_78_val79_int_reg    |   6|   0|    6|          0|
    |data_79_val80_int_reg    |   6|   0|    6|          0|
    |data_7_val8_int_reg      |   6|   0|    6|          0|
    |data_80_val81_int_reg    |   6|   0|    6|          0|
    |data_81_val82_int_reg    |   6|   0|    6|          0|
    |data_82_val83_int_reg    |   6|   0|    6|          0|
    |data_83_val84_int_reg    |   6|   0|    6|          0|
    |data_84_val85_int_reg    |   6|   0|    6|          0|
    |data_85_val86_int_reg    |   6|   0|    6|          0|
    |data_86_val87_int_reg    |   6|   0|    6|          0|
    |data_87_val88_int_reg    |   6|   0|    6|          0|
    |data_88_val89_int_reg    |   6|   0|    6|          0|
    |data_89_val90_int_reg    |   6|   0|    6|          0|
    |data_8_val9_int_reg      |   6|   0|    6|          0|
    |data_90_val91_int_reg    |   6|   0|    6|          0|
    |data_91_val92_int_reg    |   6|   0|    6|          0|
    |data_92_val93_int_reg    |   6|   0|    6|          0|
    |data_93_val94_int_reg    |   6|   0|    6|          0|
    |data_94_val95_int_reg    |   6|   0|    6|          0|
    |data_95_val96_int_reg    |   6|   0|    6|          0|
    |data_96_val97_int_reg    |   6|   0|    6|          0|
    |data_97_val98_int_reg    |   6|   0|    6|          0|
    |data_98_val99_int_reg    |   6|   0|    6|          0|
    |data_99_val100_int_reg   |   6|   0|    6|          0|
    |data_9_val10_int_reg     |   6|   0|    6|          0|
    +-------------------------+----+----+-----+-----------+
    |Total                    |4353|   0| 4353|          0|
    +-------------------------+----+----+-----+-----------+



================================================================
== Interface
================================================================
* Summary: 
+-----------------+-----+-----+------------+--------------------------------------------------------------------------+--------------+
|    RTL Ports    | Dir | Bits|  Protocol  |                               Source Object                              |    C Type    |
+-----------------+-----+-----+------------+--------------------------------------------------------------------------+--------------+
|ap_clk           |   in|    1|  ap_ctrl_hs|  einsum_dense<ap_fixed<6, 2, 5, 3, 0>, ap_fixed<11, 7, 4, 0, 0>, config7>|  return value|
|ap_rst           |   in|    1|  ap_ctrl_hs|  einsum_dense<ap_fixed<6, 2, 5, 3, 0>, ap_fixed<11, 7, 4, 0, 0>, config7>|  return value|
|ap_return_0      |  out|   11|  ap_ctrl_hs|  einsum_dense<ap_fixed<6, 2, 5, 3, 0>, ap_fixed<11, 7, 4, 0, 0>, config7>|  return value|
|ap_return_1      |  out|   11|  ap_ctrl_hs|  einsum_dense<ap_fixed<6, 2, 5, 3, 0>, ap_fixed<11, 7, 4, 0, 0>, config7>|  return value|
|ap_return_2      |  out|   11|  ap_ctrl_hs|  einsum_dense<ap_fixed<6, 2, 5, 3, 0>, ap_fixed<11, 7, 4, 0, 0>, config7>|  return value|
|ap_return_3      |  out|   11|  ap_ctrl_hs|  einsum_dense<ap_fixed<6, 2, 5, 3, 0>, ap_fixed<11, 7, 4, 0, 0>, config7>|  return value|
|ap_return_4      |  out|   11|  ap_ctrl_hs|  einsum_dense<ap_fixed<6, 2, 5, 3, 0>, ap_fixed<11, 7, 4, 0, 0>, config7>|  return value|
|ap_return_5      |  out|   11|  ap_ctrl_hs|  einsum_dense<ap_fixed<6, 2, 5, 3, 0>, ap_fixed<11, 7, 4, 0, 0>, config7>|  return value|
|ap_return_6      |  out|   11|  ap_ctrl_hs|  einsum_dense<ap_fixed<6, 2, 5, 3, 0>, ap_fixed<11, 7, 4, 0, 0>, config7>|  return value|
|ap_return_7      |  out|   11|  ap_ctrl_hs|  einsum_dense<ap_fixed<6, 2, 5, 3, 0>, ap_fixed<11, 7, 4, 0, 0>, config7>|  return value|
|ap_return_8      |  out|   11|  ap_ctrl_hs|  einsum_dense<ap_fixed<6, 2, 5, 3, 0>, ap_fixed<11, 7, 4, 0, 0>, config7>|  return value|
|ap_return_9      |  out|   11|  ap_ctrl_hs|  einsum_dense<ap_fixed<6, 2, 5, 3, 0>, ap_fixed<11, 7, 4, 0, 0>, config7>|  return value|
|ap_return_10     |  out|   11|  ap_ctrl_hs|  einsum_dense<ap_fixed<6, 2, 5, 3, 0>, ap_fixed<11, 7, 4, 0, 0>, config7>|  return value|
|ap_return_11     |  out|   11|  ap_ctrl_hs|  einsum_dense<ap_fixed<6, 2, 5, 3, 0>, ap_fixed<11, 7, 4, 0, 0>, config7>|  return value|
|ap_return_12     |  out|   11|  ap_ctrl_hs|  einsum_dense<ap_fixed<6, 2, 5, 3, 0>, ap_fixed<11, 7, 4, 0, 0>, config7>|  return value|
|ap_return_13     |  out|   11|  ap_ctrl_hs|  einsum_dense<ap_fixed<6, 2, 5, 3, 0>, ap_fixed<11, 7, 4, 0, 0>, config7>|  return value|
|ap_return_14     |  out|   11|  ap_ctrl_hs|  einsum_dense<ap_fixed<6, 2, 5, 3, 0>, ap_fixed<11, 7, 4, 0, 0>, config7>|  return value|
|ap_return_15     |  out|   11|  ap_ctrl_hs|  einsum_dense<ap_fixed<6, 2, 5, 3, 0>, ap_fixed<11, 7, 4, 0, 0>, config7>|  return value|
|ap_return_16     |  out|   11|  ap_ctrl_hs|  einsum_dense<ap_fixed<6, 2, 5, 3, 0>, ap_fixed<11, 7, 4, 0, 0>, config7>|  return value|
|ap_return_17     |  out|   11|  ap_ctrl_hs|  einsum_dense<ap_fixed<6, 2, 5, 3, 0>, ap_fixed<11, 7, 4, 0, 0>, config7>|  return value|
|ap_return_18     |  out|   11|  ap_ctrl_hs|  einsum_dense<ap_fixed<6, 2, 5, 3, 0>, ap_fixed<11, 7, 4, 0, 0>, config7>|  return value|
|ap_return_19     |  out|   11|  ap_ctrl_hs|  einsum_dense<ap_fixed<6, 2, 5, 3, 0>, ap_fixed<11, 7, 4, 0, 0>, config7>|  return value|
|ap_return_20     |  out|   11|  ap_ctrl_hs|  einsum_dense<ap_fixed<6, 2, 5, 3, 0>, ap_fixed<11, 7, 4, 0, 0>, config7>|  return value|
|ap_return_21     |  out|   11|  ap_ctrl_hs|  einsum_dense<ap_fixed<6, 2, 5, 3, 0>, ap_fixed<11, 7, 4, 0, 0>, config7>|  return value|
|ap_return_22     |  out|   11|  ap_ctrl_hs|  einsum_dense<ap_fixed<6, 2, 5, 3, 0>, ap_fixed<11, 7, 4, 0, 0>, config7>|  return value|
|ap_return_23     |  out|   11|  ap_ctrl_hs|  einsum_dense<ap_fixed<6, 2, 5, 3, 0>, ap_fixed<11, 7, 4, 0, 0>, config7>|  return value|
|ap_return_24     |  out|   11|  ap_ctrl_hs|  einsum_dense<ap_fixed<6, 2, 5, 3, 0>, ap_fixed<11, 7, 4, 0, 0>, config7>|  return value|
|ap_return_25     |  out|   11|  ap_ctrl_hs|  einsum_dense<ap_fixed<6, 2, 5, 3, 0>, ap_fixed<11, 7, 4, 0, 0>, config7>|  return value|
|ap_return_26     |  out|   11|  ap_ctrl_hs|  einsum_dense<ap_fixed<6, 2, 5, 3, 0>, ap_fixed<11, 7, 4, 0, 0>, config7>|  return value|
|ap_return_27     |  out|   11|  ap_ctrl_hs|  einsum_dense<ap_fixed<6, 2, 5, 3, 0>, ap_fixed<11, 7, 4, 0, 0>, config7>|  return value|
|ap_return_28     |  out|   11|  ap_ctrl_hs|  einsum_dense<ap_fixed<6, 2, 5, 3, 0>, ap_fixed<11, 7, 4, 0, 0>, config7>|  return value|
|ap_return_29     |  out|   11|  ap_ctrl_hs|  einsum_dense<ap_fixed<6, 2, 5, 3, 0>, ap_fixed<11, 7, 4, 0, 0>, config7>|  return value|
|ap_return_30     |  out|   11|  ap_ctrl_hs|  einsum_dense<ap_fixed<6, 2, 5, 3, 0>, ap_fixed<11, 7, 4, 0, 0>, config7>|  return value|
|ap_return_31     |  out|   11|  ap_ctrl_hs|  einsum_dense<ap_fixed<6, 2, 5, 3, 0>, ap_fixed<11, 7, 4, 0, 0>, config7>|  return value|
|ap_return_32     |  out|   11|  ap_ctrl_hs|  einsum_dense<ap_fixed<6, 2, 5, 3, 0>, ap_fixed<11, 7, 4, 0, 0>, config7>|  return value|
|ap_return_33     |  out|   11|  ap_ctrl_hs|  einsum_dense<ap_fixed<6, 2, 5, 3, 0>, ap_fixed<11, 7, 4, 0, 0>, config7>|  return value|
|ap_return_34     |  out|   11|  ap_ctrl_hs|  einsum_dense<ap_fixed<6, 2, 5, 3, 0>, ap_fixed<11, 7, 4, 0, 0>, config7>|  return value|
|ap_return_35     |  out|   11|  ap_ctrl_hs|  einsum_dense<ap_fixed<6, 2, 5, 3, 0>, ap_fixed<11, 7, 4, 0, 0>, config7>|  return value|
|ap_return_36     |  out|   11|  ap_ctrl_hs|  einsum_dense<ap_fixed<6, 2, 5, 3, 0>, ap_fixed<11, 7, 4, 0, 0>, config7>|  return value|
|ap_return_37     |  out|   11|  ap_ctrl_hs|  einsum_dense<ap_fixed<6, 2, 5, 3, 0>, ap_fixed<11, 7, 4, 0, 0>, config7>|  return value|
|ap_return_38     |  out|   11|  ap_ctrl_hs|  einsum_dense<ap_fixed<6, 2, 5, 3, 0>, ap_fixed<11, 7, 4, 0, 0>, config7>|  return value|
|ap_return_39     |  out|   11|  ap_ctrl_hs|  einsum_dense<ap_fixed<6, 2, 5, 3, 0>, ap_fixed<11, 7, 4, 0, 0>, config7>|  return value|
|ap_return_40     |  out|   11|  ap_ctrl_hs|  einsum_dense<ap_fixed<6, 2, 5, 3, 0>, ap_fixed<11, 7, 4, 0, 0>, config7>|  return value|
|ap_return_41     |  out|   11|  ap_ctrl_hs|  einsum_dense<ap_fixed<6, 2, 5, 3, 0>, ap_fixed<11, 7, 4, 0, 0>, config7>|  return value|
|ap_return_42     |  out|   11|  ap_ctrl_hs|  einsum_dense<ap_fixed<6, 2, 5, 3, 0>, ap_fixed<11, 7, 4, 0, 0>, config7>|  return value|
|ap_return_43     |  out|   11|  ap_ctrl_hs|  einsum_dense<ap_fixed<6, 2, 5, 3, 0>, ap_fixed<11, 7, 4, 0, 0>, config7>|  return value|
|ap_return_44     |  out|   11|  ap_ctrl_hs|  einsum_dense<ap_fixed<6, 2, 5, 3, 0>, ap_fixed<11, 7, 4, 0, 0>, config7>|  return value|
|ap_return_45     |  out|   11|  ap_ctrl_hs|  einsum_dense<ap_fixed<6, 2, 5, 3, 0>, ap_fixed<11, 7, 4, 0, 0>, config7>|  return value|
|ap_return_46     |  out|   11|  ap_ctrl_hs|  einsum_dense<ap_fixed<6, 2, 5, 3, 0>, ap_fixed<11, 7, 4, 0, 0>, config7>|  return value|
|ap_return_47     |  out|   11|  ap_ctrl_hs|  einsum_dense<ap_fixed<6, 2, 5, 3, 0>, ap_fixed<11, 7, 4, 0, 0>, config7>|  return value|
|ap_return_48     |  out|   11|  ap_ctrl_hs|  einsum_dense<ap_fixed<6, 2, 5, 3, 0>, ap_fixed<11, 7, 4, 0, 0>, config7>|  return value|
|ap_return_49     |  out|   11|  ap_ctrl_hs|  einsum_dense<ap_fixed<6, 2, 5, 3, 0>, ap_fixed<11, 7, 4, 0, 0>, config7>|  return value|
|ap_return_50     |  out|   11|  ap_ctrl_hs|  einsum_dense<ap_fixed<6, 2, 5, 3, 0>, ap_fixed<11, 7, 4, 0, 0>, config7>|  return value|
|ap_return_51     |  out|   11|  ap_ctrl_hs|  einsum_dense<ap_fixed<6, 2, 5, 3, 0>, ap_fixed<11, 7, 4, 0, 0>, config7>|  return value|
|ap_return_52     |  out|   11|  ap_ctrl_hs|  einsum_dense<ap_fixed<6, 2, 5, 3, 0>, ap_fixed<11, 7, 4, 0, 0>, config7>|  return value|
|ap_return_53     |  out|   11|  ap_ctrl_hs|  einsum_dense<ap_fixed<6, 2, 5, 3, 0>, ap_fixed<11, 7, 4, 0, 0>, config7>|  return value|
|ap_return_54     |  out|   11|  ap_ctrl_hs|  einsum_dense<ap_fixed<6, 2, 5, 3, 0>, ap_fixed<11, 7, 4, 0, 0>, config7>|  return value|
|ap_return_55     |  out|   11|  ap_ctrl_hs|  einsum_dense<ap_fixed<6, 2, 5, 3, 0>, ap_fixed<11, 7, 4, 0, 0>, config7>|  return value|
|ap_return_56     |  out|   11|  ap_ctrl_hs|  einsum_dense<ap_fixed<6, 2, 5, 3, 0>, ap_fixed<11, 7, 4, 0, 0>, config7>|  return value|
|ap_return_57     |  out|   11|  ap_ctrl_hs|  einsum_dense<ap_fixed<6, 2, 5, 3, 0>, ap_fixed<11, 7, 4, 0, 0>, config7>|  return value|
|ap_return_58     |  out|   11|  ap_ctrl_hs|  einsum_dense<ap_fixed<6, 2, 5, 3, 0>, ap_fixed<11, 7, 4, 0, 0>, config7>|  return value|
|ap_return_59     |  out|   11|  ap_ctrl_hs|  einsum_dense<ap_fixed<6, 2, 5, 3, 0>, ap_fixed<11, 7, 4, 0, 0>, config7>|  return value|
|ap_return_60     |  out|   11|  ap_ctrl_hs|  einsum_dense<ap_fixed<6, 2, 5, 3, 0>, ap_fixed<11, 7, 4, 0, 0>, config7>|  return value|
|ap_return_61     |  out|   11|  ap_ctrl_hs|  einsum_dense<ap_fixed<6, 2, 5, 3, 0>, ap_fixed<11, 7, 4, 0, 0>, config7>|  return value|
|ap_return_62     |  out|   11|  ap_ctrl_hs|  einsum_dense<ap_fixed<6, 2, 5, 3, 0>, ap_fixed<11, 7, 4, 0, 0>, config7>|  return value|
|ap_return_63     |  out|   11|  ap_ctrl_hs|  einsum_dense<ap_fixed<6, 2, 5, 3, 0>, ap_fixed<11, 7, 4, 0, 0>, config7>|  return value|
|ap_return_64     |  out|   11|  ap_ctrl_hs|  einsum_dense<ap_fixed<6, 2, 5, 3, 0>, ap_fixed<11, 7, 4, 0, 0>, config7>|  return value|
|ap_return_65     |  out|   11|  ap_ctrl_hs|  einsum_dense<ap_fixed<6, 2, 5, 3, 0>, ap_fixed<11, 7, 4, 0, 0>, config7>|  return value|
|ap_return_66     |  out|   11|  ap_ctrl_hs|  einsum_dense<ap_fixed<6, 2, 5, 3, 0>, ap_fixed<11, 7, 4, 0, 0>, config7>|  return value|
|ap_return_67     |  out|   11|  ap_ctrl_hs|  einsum_dense<ap_fixed<6, 2, 5, 3, 0>, ap_fixed<11, 7, 4, 0, 0>, config7>|  return value|
|ap_return_68     |  out|   11|  ap_ctrl_hs|  einsum_dense<ap_fixed<6, 2, 5, 3, 0>, ap_fixed<11, 7, 4, 0, 0>, config7>|  return value|
|ap_return_69     |  out|   11|  ap_ctrl_hs|  einsum_dense<ap_fixed<6, 2, 5, 3, 0>, ap_fixed<11, 7, 4, 0, 0>, config7>|  return value|
|ap_return_70     |  out|   11|  ap_ctrl_hs|  einsum_dense<ap_fixed<6, 2, 5, 3, 0>, ap_fixed<11, 7, 4, 0, 0>, config7>|  return value|
|ap_return_71     |  out|   11|  ap_ctrl_hs|  einsum_dense<ap_fixed<6, 2, 5, 3, 0>, ap_fixed<11, 7, 4, 0, 0>, config7>|  return value|
|ap_return_72     |  out|   11|  ap_ctrl_hs|  einsum_dense<ap_fixed<6, 2, 5, 3, 0>, ap_fixed<11, 7, 4, 0, 0>, config7>|  return value|
|ap_return_73     |  out|   11|  ap_ctrl_hs|  einsum_dense<ap_fixed<6, 2, 5, 3, 0>, ap_fixed<11, 7, 4, 0, 0>, config7>|  return value|
|ap_return_74     |  out|   11|  ap_ctrl_hs|  einsum_dense<ap_fixed<6, 2, 5, 3, 0>, ap_fixed<11, 7, 4, 0, 0>, config7>|  return value|
|ap_return_75     |  out|   11|  ap_ctrl_hs|  einsum_dense<ap_fixed<6, 2, 5, 3, 0>, ap_fixed<11, 7, 4, 0, 0>, config7>|  return value|
|ap_return_76     |  out|   11|  ap_ctrl_hs|  einsum_dense<ap_fixed<6, 2, 5, 3, 0>, ap_fixed<11, 7, 4, 0, 0>, config7>|  return value|
|ap_return_77     |  out|   11|  ap_ctrl_hs|  einsum_dense<ap_fixed<6, 2, 5, 3, 0>, ap_fixed<11, 7, 4, 0, 0>, config7>|  return value|
|ap_return_78     |  out|   11|  ap_ctrl_hs|  einsum_dense<ap_fixed<6, 2, 5, 3, 0>, ap_fixed<11, 7, 4, 0, 0>, config7>|  return value|
|ap_return_79     |  out|   11|  ap_ctrl_hs|  einsum_dense<ap_fixed<6, 2, 5, 3, 0>, ap_fixed<11, 7, 4, 0, 0>, config7>|  return value|
|ap_return_80     |  out|   11|  ap_ctrl_hs|  einsum_dense<ap_fixed<6, 2, 5, 3, 0>, ap_fixed<11, 7, 4, 0, 0>, config7>|  return value|
|ap_return_81     |  out|   11|  ap_ctrl_hs|  einsum_dense<ap_fixed<6, 2, 5, 3, 0>, ap_fixed<11, 7, 4, 0, 0>, config7>|  return value|
|ap_return_82     |  out|   11|  ap_ctrl_hs|  einsum_dense<ap_fixed<6, 2, 5, 3, 0>, ap_fixed<11, 7, 4, 0, 0>, config7>|  return value|
|ap_return_83     |  out|   11|  ap_ctrl_hs|  einsum_dense<ap_fixed<6, 2, 5, 3, 0>, ap_fixed<11, 7, 4, 0, 0>, config7>|  return value|
|ap_return_84     |  out|   11|  ap_ctrl_hs|  einsum_dense<ap_fixed<6, 2, 5, 3, 0>, ap_fixed<11, 7, 4, 0, 0>, config7>|  return value|
|ap_return_85     |  out|   11|  ap_ctrl_hs|  einsum_dense<ap_fixed<6, 2, 5, 3, 0>, ap_fixed<11, 7, 4, 0, 0>, config7>|  return value|
|ap_return_86     |  out|   11|  ap_ctrl_hs|  einsum_dense<ap_fixed<6, 2, 5, 3, 0>, ap_fixed<11, 7, 4, 0, 0>, config7>|  return value|
|ap_return_87     |  out|   11|  ap_ctrl_hs|  einsum_dense<ap_fixed<6, 2, 5, 3, 0>, ap_fixed<11, 7, 4, 0, 0>, config7>|  return value|
|ap_return_88     |  out|   11|  ap_ctrl_hs|  einsum_dense<ap_fixed<6, 2, 5, 3, 0>, ap_fixed<11, 7, 4, 0, 0>, config7>|  return value|
|ap_return_89     |  out|   11|  ap_ctrl_hs|  einsum_dense<ap_fixed<6, 2, 5, 3, 0>, ap_fixed<11, 7, 4, 0, 0>, config7>|  return value|
|ap_return_90     |  out|   11|  ap_ctrl_hs|  einsum_dense<ap_fixed<6, 2, 5, 3, 0>, ap_fixed<11, 7, 4, 0, 0>, config7>|  return value|
|ap_return_91     |  out|   11|  ap_ctrl_hs|  einsum_dense<ap_fixed<6, 2, 5, 3, 0>, ap_fixed<11, 7, 4, 0, 0>, config7>|  return value|
|ap_return_92     |  out|   11|  ap_ctrl_hs|  einsum_dense<ap_fixed<6, 2, 5, 3, 0>, ap_fixed<11, 7, 4, 0, 0>, config7>|  return value|
|ap_return_93     |  out|   11|  ap_ctrl_hs|  einsum_dense<ap_fixed<6, 2, 5, 3, 0>, ap_fixed<11, 7, 4, 0, 0>, config7>|  return value|
|ap_return_94     |  out|   11|  ap_ctrl_hs|  einsum_dense<ap_fixed<6, 2, 5, 3, 0>, ap_fixed<11, 7, 4, 0, 0>, config7>|  return value|
|ap_return_95     |  out|   11|  ap_ctrl_hs|  einsum_dense<ap_fixed<6, 2, 5, 3, 0>, ap_fixed<11, 7, 4, 0, 0>, config7>|  return value|
|ap_return_96     |  out|   11|  ap_ctrl_hs|  einsum_dense<ap_fixed<6, 2, 5, 3, 0>, ap_fixed<11, 7, 4, 0, 0>, config7>|  return value|
|ap_return_97     |  out|   11|  ap_ctrl_hs|  einsum_dense<ap_fixed<6, 2, 5, 3, 0>, ap_fixed<11, 7, 4, 0, 0>, config7>|  return value|
|ap_return_98     |  out|   11|  ap_ctrl_hs|  einsum_dense<ap_fixed<6, 2, 5, 3, 0>, ap_fixed<11, 7, 4, 0, 0>, config7>|  return value|
|ap_return_99     |  out|   11|  ap_ctrl_hs|  einsum_dense<ap_fixed<6, 2, 5, 3, 0>, ap_fixed<11, 7, 4, 0, 0>, config7>|  return value|
|ap_return_100    |  out|   11|  ap_ctrl_hs|  einsum_dense<ap_fixed<6, 2, 5, 3, 0>, ap_fixed<11, 7, 4, 0, 0>, config7>|  return value|
|ap_return_101    |  out|   11|  ap_ctrl_hs|  einsum_dense<ap_fixed<6, 2, 5, 3, 0>, ap_fixed<11, 7, 4, 0, 0>, config7>|  return value|
|ap_return_102    |  out|   11|  ap_ctrl_hs|  einsum_dense<ap_fixed<6, 2, 5, 3, 0>, ap_fixed<11, 7, 4, 0, 0>, config7>|  return value|
|ap_return_103    |  out|   11|  ap_ctrl_hs|  einsum_dense<ap_fixed<6, 2, 5, 3, 0>, ap_fixed<11, 7, 4, 0, 0>, config7>|  return value|
|ap_return_104    |  out|   11|  ap_ctrl_hs|  einsum_dense<ap_fixed<6, 2, 5, 3, 0>, ap_fixed<11, 7, 4, 0, 0>, config7>|  return value|
|ap_return_105    |  out|   11|  ap_ctrl_hs|  einsum_dense<ap_fixed<6, 2, 5, 3, 0>, ap_fixed<11, 7, 4, 0, 0>, config7>|  return value|
|ap_return_106    |  out|   11|  ap_ctrl_hs|  einsum_dense<ap_fixed<6, 2, 5, 3, 0>, ap_fixed<11, 7, 4, 0, 0>, config7>|  return value|
|ap_return_107    |  out|   11|  ap_ctrl_hs|  einsum_dense<ap_fixed<6, 2, 5, 3, 0>, ap_fixed<11, 7, 4, 0, 0>, config7>|  return value|
|ap_return_108    |  out|   11|  ap_ctrl_hs|  einsum_dense<ap_fixed<6, 2, 5, 3, 0>, ap_fixed<11, 7, 4, 0, 0>, config7>|  return value|
|ap_return_109    |  out|   11|  ap_ctrl_hs|  einsum_dense<ap_fixed<6, 2, 5, 3, 0>, ap_fixed<11, 7, 4, 0, 0>, config7>|  return value|
|ap_return_110    |  out|   11|  ap_ctrl_hs|  einsum_dense<ap_fixed<6, 2, 5, 3, 0>, ap_fixed<11, 7, 4, 0, 0>, config7>|  return value|
|ap_return_111    |  out|   11|  ap_ctrl_hs|  einsum_dense<ap_fixed<6, 2, 5, 3, 0>, ap_fixed<11, 7, 4, 0, 0>, config7>|  return value|
|ap_return_112    |  out|   11|  ap_ctrl_hs|  einsum_dense<ap_fixed<6, 2, 5, 3, 0>, ap_fixed<11, 7, 4, 0, 0>, config7>|  return value|
|ap_return_113    |  out|   11|  ap_ctrl_hs|  einsum_dense<ap_fixed<6, 2, 5, 3, 0>, ap_fixed<11, 7, 4, 0, 0>, config7>|  return value|
|ap_return_114    |  out|   11|  ap_ctrl_hs|  einsum_dense<ap_fixed<6, 2, 5, 3, 0>, ap_fixed<11, 7, 4, 0, 0>, config7>|  return value|
|ap_return_115    |  out|   11|  ap_ctrl_hs|  einsum_dense<ap_fixed<6, 2, 5, 3, 0>, ap_fixed<11, 7, 4, 0, 0>, config7>|  return value|
|ap_return_116    |  out|   11|  ap_ctrl_hs|  einsum_dense<ap_fixed<6, 2, 5, 3, 0>, ap_fixed<11, 7, 4, 0, 0>, config7>|  return value|
|ap_return_117    |  out|   11|  ap_ctrl_hs|  einsum_dense<ap_fixed<6, 2, 5, 3, 0>, ap_fixed<11, 7, 4, 0, 0>, config7>|  return value|
|ap_return_118    |  out|   11|  ap_ctrl_hs|  einsum_dense<ap_fixed<6, 2, 5, 3, 0>, ap_fixed<11, 7, 4, 0, 0>, config7>|  return value|
|ap_return_119    |  out|   11|  ap_ctrl_hs|  einsum_dense<ap_fixed<6, 2, 5, 3, 0>, ap_fixed<11, 7, 4, 0, 0>, config7>|  return value|
|ap_return_120    |  out|   11|  ap_ctrl_hs|  einsum_dense<ap_fixed<6, 2, 5, 3, 0>, ap_fixed<11, 7, 4, 0, 0>, config7>|  return value|
|ap_return_121    |  out|   11|  ap_ctrl_hs|  einsum_dense<ap_fixed<6, 2, 5, 3, 0>, ap_fixed<11, 7, 4, 0, 0>, config7>|  return value|
|ap_return_122    |  out|   11|  ap_ctrl_hs|  einsum_dense<ap_fixed<6, 2, 5, 3, 0>, ap_fixed<11, 7, 4, 0, 0>, config7>|  return value|
|ap_return_123    |  out|   11|  ap_ctrl_hs|  einsum_dense<ap_fixed<6, 2, 5, 3, 0>, ap_fixed<11, 7, 4, 0, 0>, config7>|  return value|
|ap_return_124    |  out|   11|  ap_ctrl_hs|  einsum_dense<ap_fixed<6, 2, 5, 3, 0>, ap_fixed<11, 7, 4, 0, 0>, config7>|  return value|
|ap_return_125    |  out|   11|  ap_ctrl_hs|  einsum_dense<ap_fixed<6, 2, 5, 3, 0>, ap_fixed<11, 7, 4, 0, 0>, config7>|  return value|
|ap_return_126    |  out|   11|  ap_ctrl_hs|  einsum_dense<ap_fixed<6, 2, 5, 3, 0>, ap_fixed<11, 7, 4, 0, 0>, config7>|  return value|
|ap_return_127    |  out|   11|  ap_ctrl_hs|  einsum_dense<ap_fixed<6, 2, 5, 3, 0>, ap_fixed<11, 7, 4, 0, 0>, config7>|  return value|
|ap_return_128    |  out|   11|  ap_ctrl_hs|  einsum_dense<ap_fixed<6, 2, 5, 3, 0>, ap_fixed<11, 7, 4, 0, 0>, config7>|  return value|
|ap_return_129    |  out|   11|  ap_ctrl_hs|  einsum_dense<ap_fixed<6, 2, 5, 3, 0>, ap_fixed<11, 7, 4, 0, 0>, config7>|  return value|
|ap_return_130    |  out|   11|  ap_ctrl_hs|  einsum_dense<ap_fixed<6, 2, 5, 3, 0>, ap_fixed<11, 7, 4, 0, 0>, config7>|  return value|
|ap_return_131    |  out|   11|  ap_ctrl_hs|  einsum_dense<ap_fixed<6, 2, 5, 3, 0>, ap_fixed<11, 7, 4, 0, 0>, config7>|  return value|
|ap_return_132    |  out|   11|  ap_ctrl_hs|  einsum_dense<ap_fixed<6, 2, 5, 3, 0>, ap_fixed<11, 7, 4, 0, 0>, config7>|  return value|
|ap_return_133    |  out|   11|  ap_ctrl_hs|  einsum_dense<ap_fixed<6, 2, 5, 3, 0>, ap_fixed<11, 7, 4, 0, 0>, config7>|  return value|
|ap_return_134    |  out|   11|  ap_ctrl_hs|  einsum_dense<ap_fixed<6, 2, 5, 3, 0>, ap_fixed<11, 7, 4, 0, 0>, config7>|  return value|
|ap_return_135    |  out|   11|  ap_ctrl_hs|  einsum_dense<ap_fixed<6, 2, 5, 3, 0>, ap_fixed<11, 7, 4, 0, 0>, config7>|  return value|
|ap_return_136    |  out|   11|  ap_ctrl_hs|  einsum_dense<ap_fixed<6, 2, 5, 3, 0>, ap_fixed<11, 7, 4, 0, 0>, config7>|  return value|
|ap_return_137    |  out|   11|  ap_ctrl_hs|  einsum_dense<ap_fixed<6, 2, 5, 3, 0>, ap_fixed<11, 7, 4, 0, 0>, config7>|  return value|
|ap_return_138    |  out|   11|  ap_ctrl_hs|  einsum_dense<ap_fixed<6, 2, 5, 3, 0>, ap_fixed<11, 7, 4, 0, 0>, config7>|  return value|
|ap_return_139    |  out|   11|  ap_ctrl_hs|  einsum_dense<ap_fixed<6, 2, 5, 3, 0>, ap_fixed<11, 7, 4, 0, 0>, config7>|  return value|
|ap_return_140    |  out|   11|  ap_ctrl_hs|  einsum_dense<ap_fixed<6, 2, 5, 3, 0>, ap_fixed<11, 7, 4, 0, 0>, config7>|  return value|
|ap_return_141    |  out|   11|  ap_ctrl_hs|  einsum_dense<ap_fixed<6, 2, 5, 3, 0>, ap_fixed<11, 7, 4, 0, 0>, config7>|  return value|
|ap_return_142    |  out|   11|  ap_ctrl_hs|  einsum_dense<ap_fixed<6, 2, 5, 3, 0>, ap_fixed<11, 7, 4, 0, 0>, config7>|  return value|
|ap_return_143    |  out|   11|  ap_ctrl_hs|  einsum_dense<ap_fixed<6, 2, 5, 3, 0>, ap_fixed<11, 7, 4, 0, 0>, config7>|  return value|
|ap_return_144    |  out|   11|  ap_ctrl_hs|  einsum_dense<ap_fixed<6, 2, 5, 3, 0>, ap_fixed<11, 7, 4, 0, 0>, config7>|  return value|
|ap_return_145    |  out|   11|  ap_ctrl_hs|  einsum_dense<ap_fixed<6, 2, 5, 3, 0>, ap_fixed<11, 7, 4, 0, 0>, config7>|  return value|
|ap_return_146    |  out|   11|  ap_ctrl_hs|  einsum_dense<ap_fixed<6, 2, 5, 3, 0>, ap_fixed<11, 7, 4, 0, 0>, config7>|  return value|
|ap_return_147    |  out|   11|  ap_ctrl_hs|  einsum_dense<ap_fixed<6, 2, 5, 3, 0>, ap_fixed<11, 7, 4, 0, 0>, config7>|  return value|
|ap_return_148    |  out|   11|  ap_ctrl_hs|  einsum_dense<ap_fixed<6, 2, 5, 3, 0>, ap_fixed<11, 7, 4, 0, 0>, config7>|  return value|
|ap_return_149    |  out|   11|  ap_ctrl_hs|  einsum_dense<ap_fixed<6, 2, 5, 3, 0>, ap_fixed<11, 7, 4, 0, 0>, config7>|  return value|
|ap_return_150    |  out|   11|  ap_ctrl_hs|  einsum_dense<ap_fixed<6, 2, 5, 3, 0>, ap_fixed<11, 7, 4, 0, 0>, config7>|  return value|
|ap_return_151    |  out|   11|  ap_ctrl_hs|  einsum_dense<ap_fixed<6, 2, 5, 3, 0>, ap_fixed<11, 7, 4, 0, 0>, config7>|  return value|
|ap_return_152    |  out|   11|  ap_ctrl_hs|  einsum_dense<ap_fixed<6, 2, 5, 3, 0>, ap_fixed<11, 7, 4, 0, 0>, config7>|  return value|
|ap_return_153    |  out|   11|  ap_ctrl_hs|  einsum_dense<ap_fixed<6, 2, 5, 3, 0>, ap_fixed<11, 7, 4, 0, 0>, config7>|  return value|
|ap_return_154    |  out|   11|  ap_ctrl_hs|  einsum_dense<ap_fixed<6, 2, 5, 3, 0>, ap_fixed<11, 7, 4, 0, 0>, config7>|  return value|
|ap_return_155    |  out|   11|  ap_ctrl_hs|  einsum_dense<ap_fixed<6, 2, 5, 3, 0>, ap_fixed<11, 7, 4, 0, 0>, config7>|  return value|
|ap_return_156    |  out|   11|  ap_ctrl_hs|  einsum_dense<ap_fixed<6, 2, 5, 3, 0>, ap_fixed<11, 7, 4, 0, 0>, config7>|  return value|
|ap_return_157    |  out|   11|  ap_ctrl_hs|  einsum_dense<ap_fixed<6, 2, 5, 3, 0>, ap_fixed<11, 7, 4, 0, 0>, config7>|  return value|
|ap_return_158    |  out|   11|  ap_ctrl_hs|  einsum_dense<ap_fixed<6, 2, 5, 3, 0>, ap_fixed<11, 7, 4, 0, 0>, config7>|  return value|
|ap_return_159    |  out|   11|  ap_ctrl_hs|  einsum_dense<ap_fixed<6, 2, 5, 3, 0>, ap_fixed<11, 7, 4, 0, 0>, config7>|  return value|
|ap_return_160    |  out|   11|  ap_ctrl_hs|  einsum_dense<ap_fixed<6, 2, 5, 3, 0>, ap_fixed<11, 7, 4, 0, 0>, config7>|  return value|
|ap_return_161    |  out|   11|  ap_ctrl_hs|  einsum_dense<ap_fixed<6, 2, 5, 3, 0>, ap_fixed<11, 7, 4, 0, 0>, config7>|  return value|
|ap_return_162    |  out|   11|  ap_ctrl_hs|  einsum_dense<ap_fixed<6, 2, 5, 3, 0>, ap_fixed<11, 7, 4, 0, 0>, config7>|  return value|
|ap_return_163    |  out|   11|  ap_ctrl_hs|  einsum_dense<ap_fixed<6, 2, 5, 3, 0>, ap_fixed<11, 7, 4, 0, 0>, config7>|  return value|
|ap_return_164    |  out|   11|  ap_ctrl_hs|  einsum_dense<ap_fixed<6, 2, 5, 3, 0>, ap_fixed<11, 7, 4, 0, 0>, config7>|  return value|
|ap_return_165    |  out|   11|  ap_ctrl_hs|  einsum_dense<ap_fixed<6, 2, 5, 3, 0>, ap_fixed<11, 7, 4, 0, 0>, config7>|  return value|
|ap_return_166    |  out|   11|  ap_ctrl_hs|  einsum_dense<ap_fixed<6, 2, 5, 3, 0>, ap_fixed<11, 7, 4, 0, 0>, config7>|  return value|
|ap_return_167    |  out|   11|  ap_ctrl_hs|  einsum_dense<ap_fixed<6, 2, 5, 3, 0>, ap_fixed<11, 7, 4, 0, 0>, config7>|  return value|
|ap_return_168    |  out|   11|  ap_ctrl_hs|  einsum_dense<ap_fixed<6, 2, 5, 3, 0>, ap_fixed<11, 7, 4, 0, 0>, config7>|  return value|
|ap_return_169    |  out|   11|  ap_ctrl_hs|  einsum_dense<ap_fixed<6, 2, 5, 3, 0>, ap_fixed<11, 7, 4, 0, 0>, config7>|  return value|
|ap_return_170    |  out|   11|  ap_ctrl_hs|  einsum_dense<ap_fixed<6, 2, 5, 3, 0>, ap_fixed<11, 7, 4, 0, 0>, config7>|  return value|
|ap_return_171    |  out|   11|  ap_ctrl_hs|  einsum_dense<ap_fixed<6, 2, 5, 3, 0>, ap_fixed<11, 7, 4, 0, 0>, config7>|  return value|
|ap_return_172    |  out|   11|  ap_ctrl_hs|  einsum_dense<ap_fixed<6, 2, 5, 3, 0>, ap_fixed<11, 7, 4, 0, 0>, config7>|  return value|
|ap_return_173    |  out|   11|  ap_ctrl_hs|  einsum_dense<ap_fixed<6, 2, 5, 3, 0>, ap_fixed<11, 7, 4, 0, 0>, config7>|  return value|
|ap_return_174    |  out|   11|  ap_ctrl_hs|  einsum_dense<ap_fixed<6, 2, 5, 3, 0>, ap_fixed<11, 7, 4, 0, 0>, config7>|  return value|
|ap_return_175    |  out|   11|  ap_ctrl_hs|  einsum_dense<ap_fixed<6, 2, 5, 3, 0>, ap_fixed<11, 7, 4, 0, 0>, config7>|  return value|
|ap_return_176    |  out|   11|  ap_ctrl_hs|  einsum_dense<ap_fixed<6, 2, 5, 3, 0>, ap_fixed<11, 7, 4, 0, 0>, config7>|  return value|
|ap_return_177    |  out|   11|  ap_ctrl_hs|  einsum_dense<ap_fixed<6, 2, 5, 3, 0>, ap_fixed<11, 7, 4, 0, 0>, config7>|  return value|
|ap_return_178    |  out|   11|  ap_ctrl_hs|  einsum_dense<ap_fixed<6, 2, 5, 3, 0>, ap_fixed<11, 7, 4, 0, 0>, config7>|  return value|
|ap_return_179    |  out|   11|  ap_ctrl_hs|  einsum_dense<ap_fixed<6, 2, 5, 3, 0>, ap_fixed<11, 7, 4, 0, 0>, config7>|  return value|
|ap_return_180    |  out|   11|  ap_ctrl_hs|  einsum_dense<ap_fixed<6, 2, 5, 3, 0>, ap_fixed<11, 7, 4, 0, 0>, config7>|  return value|
|ap_return_181    |  out|   11|  ap_ctrl_hs|  einsum_dense<ap_fixed<6, 2, 5, 3, 0>, ap_fixed<11, 7, 4, 0, 0>, config7>|  return value|
|ap_return_182    |  out|   11|  ap_ctrl_hs|  einsum_dense<ap_fixed<6, 2, 5, 3, 0>, ap_fixed<11, 7, 4, 0, 0>, config7>|  return value|
|ap_return_183    |  out|   11|  ap_ctrl_hs|  einsum_dense<ap_fixed<6, 2, 5, 3, 0>, ap_fixed<11, 7, 4, 0, 0>, config7>|  return value|
|ap_return_184    |  out|   11|  ap_ctrl_hs|  einsum_dense<ap_fixed<6, 2, 5, 3, 0>, ap_fixed<11, 7, 4, 0, 0>, config7>|  return value|
|ap_return_185    |  out|   11|  ap_ctrl_hs|  einsum_dense<ap_fixed<6, 2, 5, 3, 0>, ap_fixed<11, 7, 4, 0, 0>, config7>|  return value|
|ap_return_186    |  out|   11|  ap_ctrl_hs|  einsum_dense<ap_fixed<6, 2, 5, 3, 0>, ap_fixed<11, 7, 4, 0, 0>, config7>|  return value|
|ap_return_187    |  out|   11|  ap_ctrl_hs|  einsum_dense<ap_fixed<6, 2, 5, 3, 0>, ap_fixed<11, 7, 4, 0, 0>, config7>|  return value|
|ap_return_188    |  out|   11|  ap_ctrl_hs|  einsum_dense<ap_fixed<6, 2, 5, 3, 0>, ap_fixed<11, 7, 4, 0, 0>, config7>|  return value|
|ap_return_189    |  out|   11|  ap_ctrl_hs|  einsum_dense<ap_fixed<6, 2, 5, 3, 0>, ap_fixed<11, 7, 4, 0, 0>, config7>|  return value|
|ap_return_190    |  out|   11|  ap_ctrl_hs|  einsum_dense<ap_fixed<6, 2, 5, 3, 0>, ap_fixed<11, 7, 4, 0, 0>, config7>|  return value|
|ap_return_191    |  out|   11|  ap_ctrl_hs|  einsum_dense<ap_fixed<6, 2, 5, 3, 0>, ap_fixed<11, 7, 4, 0, 0>, config7>|  return value|
|ap_return_192    |  out|   11|  ap_ctrl_hs|  einsum_dense<ap_fixed<6, 2, 5, 3, 0>, ap_fixed<11, 7, 4, 0, 0>, config7>|  return value|
|ap_return_193    |  out|   11|  ap_ctrl_hs|  einsum_dense<ap_fixed<6, 2, 5, 3, 0>, ap_fixed<11, 7, 4, 0, 0>, config7>|  return value|
|ap_return_194    |  out|   11|  ap_ctrl_hs|  einsum_dense<ap_fixed<6, 2, 5, 3, 0>, ap_fixed<11, 7, 4, 0, 0>, config7>|  return value|
|ap_return_195    |  out|   11|  ap_ctrl_hs|  einsum_dense<ap_fixed<6, 2, 5, 3, 0>, ap_fixed<11, 7, 4, 0, 0>, config7>|  return value|
|ap_return_196    |  out|   11|  ap_ctrl_hs|  einsum_dense<ap_fixed<6, 2, 5, 3, 0>, ap_fixed<11, 7, 4, 0, 0>, config7>|  return value|
|ap_return_197    |  out|   11|  ap_ctrl_hs|  einsum_dense<ap_fixed<6, 2, 5, 3, 0>, ap_fixed<11, 7, 4, 0, 0>, config7>|  return value|
|ap_return_198    |  out|   11|  ap_ctrl_hs|  einsum_dense<ap_fixed<6, 2, 5, 3, 0>, ap_fixed<11, 7, 4, 0, 0>, config7>|  return value|
|ap_return_199    |  out|   11|  ap_ctrl_hs|  einsum_dense<ap_fixed<6, 2, 5, 3, 0>, ap_fixed<11, 7, 4, 0, 0>, config7>|  return value|
|ap_return_200    |  out|   11|  ap_ctrl_hs|  einsum_dense<ap_fixed<6, 2, 5, 3, 0>, ap_fixed<11, 7, 4, 0, 0>, config7>|  return value|
|ap_return_201    |  out|   11|  ap_ctrl_hs|  einsum_dense<ap_fixed<6, 2, 5, 3, 0>, ap_fixed<11, 7, 4, 0, 0>, config7>|  return value|
|ap_return_202    |  out|   11|  ap_ctrl_hs|  einsum_dense<ap_fixed<6, 2, 5, 3, 0>, ap_fixed<11, 7, 4, 0, 0>, config7>|  return value|
|ap_return_203    |  out|   11|  ap_ctrl_hs|  einsum_dense<ap_fixed<6, 2, 5, 3, 0>, ap_fixed<11, 7, 4, 0, 0>, config7>|  return value|
|ap_return_204    |  out|   11|  ap_ctrl_hs|  einsum_dense<ap_fixed<6, 2, 5, 3, 0>, ap_fixed<11, 7, 4, 0, 0>, config7>|  return value|
|ap_return_205    |  out|   11|  ap_ctrl_hs|  einsum_dense<ap_fixed<6, 2, 5, 3, 0>, ap_fixed<11, 7, 4, 0, 0>, config7>|  return value|
|ap_return_206    |  out|   11|  ap_ctrl_hs|  einsum_dense<ap_fixed<6, 2, 5, 3, 0>, ap_fixed<11, 7, 4, 0, 0>, config7>|  return value|
|ap_return_207    |  out|   11|  ap_ctrl_hs|  einsum_dense<ap_fixed<6, 2, 5, 3, 0>, ap_fixed<11, 7, 4, 0, 0>, config7>|  return value|
|ap_return_208    |  out|   11|  ap_ctrl_hs|  einsum_dense<ap_fixed<6, 2, 5, 3, 0>, ap_fixed<11, 7, 4, 0, 0>, config7>|  return value|
|ap_return_209    |  out|   11|  ap_ctrl_hs|  einsum_dense<ap_fixed<6, 2, 5, 3, 0>, ap_fixed<11, 7, 4, 0, 0>, config7>|  return value|
|ap_return_210    |  out|   11|  ap_ctrl_hs|  einsum_dense<ap_fixed<6, 2, 5, 3, 0>, ap_fixed<11, 7, 4, 0, 0>, config7>|  return value|
|ap_return_211    |  out|   11|  ap_ctrl_hs|  einsum_dense<ap_fixed<6, 2, 5, 3, 0>, ap_fixed<11, 7, 4, 0, 0>, config7>|  return value|
|ap_return_212    |  out|   11|  ap_ctrl_hs|  einsum_dense<ap_fixed<6, 2, 5, 3, 0>, ap_fixed<11, 7, 4, 0, 0>, config7>|  return value|
|ap_return_213    |  out|   11|  ap_ctrl_hs|  einsum_dense<ap_fixed<6, 2, 5, 3, 0>, ap_fixed<11, 7, 4, 0, 0>, config7>|  return value|
|ap_return_214    |  out|   11|  ap_ctrl_hs|  einsum_dense<ap_fixed<6, 2, 5, 3, 0>, ap_fixed<11, 7, 4, 0, 0>, config7>|  return value|
|ap_return_215    |  out|   11|  ap_ctrl_hs|  einsum_dense<ap_fixed<6, 2, 5, 3, 0>, ap_fixed<11, 7, 4, 0, 0>, config7>|  return value|
|ap_return_216    |  out|   11|  ap_ctrl_hs|  einsum_dense<ap_fixed<6, 2, 5, 3, 0>, ap_fixed<11, 7, 4, 0, 0>, config7>|  return value|
|ap_return_217    |  out|   11|  ap_ctrl_hs|  einsum_dense<ap_fixed<6, 2, 5, 3, 0>, ap_fixed<11, 7, 4, 0, 0>, config7>|  return value|
|ap_return_218    |  out|   11|  ap_ctrl_hs|  einsum_dense<ap_fixed<6, 2, 5, 3, 0>, ap_fixed<11, 7, 4, 0, 0>, config7>|  return value|
|ap_return_219    |  out|   11|  ap_ctrl_hs|  einsum_dense<ap_fixed<6, 2, 5, 3, 0>, ap_fixed<11, 7, 4, 0, 0>, config7>|  return value|
|ap_return_220    |  out|   11|  ap_ctrl_hs|  einsum_dense<ap_fixed<6, 2, 5, 3, 0>, ap_fixed<11, 7, 4, 0, 0>, config7>|  return value|
|ap_return_221    |  out|   11|  ap_ctrl_hs|  einsum_dense<ap_fixed<6, 2, 5, 3, 0>, ap_fixed<11, 7, 4, 0, 0>, config7>|  return value|
|ap_return_222    |  out|   11|  ap_ctrl_hs|  einsum_dense<ap_fixed<6, 2, 5, 3, 0>, ap_fixed<11, 7, 4, 0, 0>, config7>|  return value|
|ap_return_223    |  out|   11|  ap_ctrl_hs|  einsum_dense<ap_fixed<6, 2, 5, 3, 0>, ap_fixed<11, 7, 4, 0, 0>, config7>|  return value|
|ap_return_224    |  out|   11|  ap_ctrl_hs|  einsum_dense<ap_fixed<6, 2, 5, 3, 0>, ap_fixed<11, 7, 4, 0, 0>, config7>|  return value|
|ap_return_225    |  out|   11|  ap_ctrl_hs|  einsum_dense<ap_fixed<6, 2, 5, 3, 0>, ap_fixed<11, 7, 4, 0, 0>, config7>|  return value|
|ap_return_226    |  out|   11|  ap_ctrl_hs|  einsum_dense<ap_fixed<6, 2, 5, 3, 0>, ap_fixed<11, 7, 4, 0, 0>, config7>|  return value|
|ap_return_227    |  out|   11|  ap_ctrl_hs|  einsum_dense<ap_fixed<6, 2, 5, 3, 0>, ap_fixed<11, 7, 4, 0, 0>, config7>|  return value|
|ap_return_228    |  out|   11|  ap_ctrl_hs|  einsum_dense<ap_fixed<6, 2, 5, 3, 0>, ap_fixed<11, 7, 4, 0, 0>, config7>|  return value|
|ap_return_229    |  out|   11|  ap_ctrl_hs|  einsum_dense<ap_fixed<6, 2, 5, 3, 0>, ap_fixed<11, 7, 4, 0, 0>, config7>|  return value|
|ap_return_230    |  out|   11|  ap_ctrl_hs|  einsum_dense<ap_fixed<6, 2, 5, 3, 0>, ap_fixed<11, 7, 4, 0, 0>, config7>|  return value|
|ap_return_231    |  out|   11|  ap_ctrl_hs|  einsum_dense<ap_fixed<6, 2, 5, 3, 0>, ap_fixed<11, 7, 4, 0, 0>, config7>|  return value|
|ap_return_232    |  out|   11|  ap_ctrl_hs|  einsum_dense<ap_fixed<6, 2, 5, 3, 0>, ap_fixed<11, 7, 4, 0, 0>, config7>|  return value|
|ap_return_233    |  out|   11|  ap_ctrl_hs|  einsum_dense<ap_fixed<6, 2, 5, 3, 0>, ap_fixed<11, 7, 4, 0, 0>, config7>|  return value|
|ap_return_234    |  out|   11|  ap_ctrl_hs|  einsum_dense<ap_fixed<6, 2, 5, 3, 0>, ap_fixed<11, 7, 4, 0, 0>, config7>|  return value|
|ap_return_235    |  out|   11|  ap_ctrl_hs|  einsum_dense<ap_fixed<6, 2, 5, 3, 0>, ap_fixed<11, 7, 4, 0, 0>, config7>|  return value|
|ap_return_236    |  out|   11|  ap_ctrl_hs|  einsum_dense<ap_fixed<6, 2, 5, 3, 0>, ap_fixed<11, 7, 4, 0, 0>, config7>|  return value|
|ap_return_237    |  out|   11|  ap_ctrl_hs|  einsum_dense<ap_fixed<6, 2, 5, 3, 0>, ap_fixed<11, 7, 4, 0, 0>, config7>|  return value|
|ap_return_238    |  out|   11|  ap_ctrl_hs|  einsum_dense<ap_fixed<6, 2, 5, 3, 0>, ap_fixed<11, 7, 4, 0, 0>, config7>|  return value|
|ap_return_239    |  out|   11|  ap_ctrl_hs|  einsum_dense<ap_fixed<6, 2, 5, 3, 0>, ap_fixed<11, 7, 4, 0, 0>, config7>|  return value|
|ap_return_240    |  out|   11|  ap_ctrl_hs|  einsum_dense<ap_fixed<6, 2, 5, 3, 0>, ap_fixed<11, 7, 4, 0, 0>, config7>|  return value|
|ap_return_241    |  out|   11|  ap_ctrl_hs|  einsum_dense<ap_fixed<6, 2, 5, 3, 0>, ap_fixed<11, 7, 4, 0, 0>, config7>|  return value|
|ap_return_242    |  out|   11|  ap_ctrl_hs|  einsum_dense<ap_fixed<6, 2, 5, 3, 0>, ap_fixed<11, 7, 4, 0, 0>, config7>|  return value|
|ap_return_243    |  out|   11|  ap_ctrl_hs|  einsum_dense<ap_fixed<6, 2, 5, 3, 0>, ap_fixed<11, 7, 4, 0, 0>, config7>|  return value|
|ap_return_244    |  out|   11|  ap_ctrl_hs|  einsum_dense<ap_fixed<6, 2, 5, 3, 0>, ap_fixed<11, 7, 4, 0, 0>, config7>|  return value|
|ap_return_245    |  out|   11|  ap_ctrl_hs|  einsum_dense<ap_fixed<6, 2, 5, 3, 0>, ap_fixed<11, 7, 4, 0, 0>, config7>|  return value|
|ap_return_246    |  out|   11|  ap_ctrl_hs|  einsum_dense<ap_fixed<6, 2, 5, 3, 0>, ap_fixed<11, 7, 4, 0, 0>, config7>|  return value|
|ap_return_247    |  out|   11|  ap_ctrl_hs|  einsum_dense<ap_fixed<6, 2, 5, 3, 0>, ap_fixed<11, 7, 4, 0, 0>, config7>|  return value|
|ap_return_248    |  out|   11|  ap_ctrl_hs|  einsum_dense<ap_fixed<6, 2, 5, 3, 0>, ap_fixed<11, 7, 4, 0, 0>, config7>|  return value|
|ap_return_249    |  out|   11|  ap_ctrl_hs|  einsum_dense<ap_fixed<6, 2, 5, 3, 0>, ap_fixed<11, 7, 4, 0, 0>, config7>|  return value|
|ap_return_250    |  out|   11|  ap_ctrl_hs|  einsum_dense<ap_fixed<6, 2, 5, 3, 0>, ap_fixed<11, 7, 4, 0, 0>, config7>|  return value|
|ap_return_251    |  out|   11|  ap_ctrl_hs|  einsum_dense<ap_fixed<6, 2, 5, 3, 0>, ap_fixed<11, 7, 4, 0, 0>, config7>|  return value|
|ap_return_252    |  out|   11|  ap_ctrl_hs|  einsum_dense<ap_fixed<6, 2, 5, 3, 0>, ap_fixed<11, 7, 4, 0, 0>, config7>|  return value|
|ap_return_253    |  out|   11|  ap_ctrl_hs|  einsum_dense<ap_fixed<6, 2, 5, 3, 0>, ap_fixed<11, 7, 4, 0, 0>, config7>|  return value|
|ap_return_254    |  out|   11|  ap_ctrl_hs|  einsum_dense<ap_fixed<6, 2, 5, 3, 0>, ap_fixed<11, 7, 4, 0, 0>, config7>|  return value|
|ap_return_255    |  out|   11|  ap_ctrl_hs|  einsum_dense<ap_fixed<6, 2, 5, 3, 0>, ap_fixed<11, 7, 4, 0, 0>, config7>|  return value|
|ap_ce            |   in|    1|  ap_ctrl_hs|  einsum_dense<ap_fixed<6, 2, 5, 3, 0>, ap_fixed<11, 7, 4, 0, 0>, config7>|  return value|
|data_0_val1      |   in|    6|     ap_none|                                                               data_0_val1|        scalar|
|data_1_val2      |   in|    6|     ap_none|                                                               data_1_val2|        scalar|
|data_2_val3      |   in|    6|     ap_none|                                                               data_2_val3|        scalar|
|data_3_val4      |   in|    6|     ap_none|                                                               data_3_val4|        scalar|
|data_4_val5      |   in|    6|     ap_none|                                                               data_4_val5|        scalar|
|data_5_val6      |   in|    6|     ap_none|                                                               data_5_val6|        scalar|
|data_6_val7      |   in|    6|     ap_none|                                                               data_6_val7|        scalar|
|data_7_val8      |   in|    6|     ap_none|                                                               data_7_val8|        scalar|
|data_8_val9      |   in|    6|     ap_none|                                                               data_8_val9|        scalar|
|data_9_val10     |   in|    6|     ap_none|                                                              data_9_val10|        scalar|
|data_10_val11    |   in|    6|     ap_none|                                                             data_10_val11|        scalar|
|data_11_val12    |   in|    6|     ap_none|                                                             data_11_val12|        scalar|
|data_12_val13    |   in|    6|     ap_none|                                                             data_12_val13|        scalar|
|data_13_val14    |   in|    6|     ap_none|                                                             data_13_val14|        scalar|
|data_14_val15    |   in|    6|     ap_none|                                                             data_14_val15|        scalar|
|data_15_val16    |   in|    6|     ap_none|                                                             data_15_val16|        scalar|
|data_16_val17    |   in|    6|     ap_none|                                                             data_16_val17|        scalar|
|data_17_val18    |   in|    6|     ap_none|                                                             data_17_val18|        scalar|
|data_18_val19    |   in|    6|     ap_none|                                                             data_18_val19|        scalar|
|data_19_val20    |   in|    6|     ap_none|                                                             data_19_val20|        scalar|
|data_20_val21    |   in|    6|     ap_none|                                                             data_20_val21|        scalar|
|data_21_val22    |   in|    6|     ap_none|                                                             data_21_val22|        scalar|
|data_22_val23    |   in|    6|     ap_none|                                                             data_22_val23|        scalar|
|data_23_val24    |   in|    6|     ap_none|                                                             data_23_val24|        scalar|
|data_24_val25    |   in|    6|     ap_none|                                                             data_24_val25|        scalar|
|data_25_val26    |   in|    6|     ap_none|                                                             data_25_val26|        scalar|
|data_26_val27    |   in|    6|     ap_none|                                                             data_26_val27|        scalar|
|data_27_val28    |   in|    6|     ap_none|                                                             data_27_val28|        scalar|
|data_28_val29    |   in|    6|     ap_none|                                                             data_28_val29|        scalar|
|data_29_val30    |   in|    6|     ap_none|                                                             data_29_val30|        scalar|
|data_30_val31    |   in|    6|     ap_none|                                                             data_30_val31|        scalar|
|data_31_val32    |   in|    6|     ap_none|                                                             data_31_val32|        scalar|
|data_32_val33    |   in|    6|     ap_none|                                                             data_32_val33|        scalar|
|data_33_val34    |   in|    6|     ap_none|                                                             data_33_val34|        scalar|
|data_34_val35    |   in|    6|     ap_none|                                                             data_34_val35|        scalar|
|data_35_val36    |   in|    6|     ap_none|                                                             data_35_val36|        scalar|
|data_36_val37    |   in|    6|     ap_none|                                                             data_36_val37|        scalar|
|data_37_val38    |   in|    6|     ap_none|                                                             data_37_val38|        scalar|
|data_38_val39    |   in|    6|     ap_none|                                                             data_38_val39|        scalar|
|data_39_val40    |   in|    6|     ap_none|                                                             data_39_val40|        scalar|
|data_40_val41    |   in|    6|     ap_none|                                                             data_40_val41|        scalar|
|data_41_val42    |   in|    6|     ap_none|                                                             data_41_val42|        scalar|
|data_42_val43    |   in|    6|     ap_none|                                                             data_42_val43|        scalar|
|data_43_val44    |   in|    6|     ap_none|                                                             data_43_val44|        scalar|
|data_44_val45    |   in|    6|     ap_none|                                                             data_44_val45|        scalar|
|data_45_val46    |   in|    6|     ap_none|                                                             data_45_val46|        scalar|
|data_46_val47    |   in|    6|     ap_none|                                                             data_46_val47|        scalar|
|data_47_val48    |   in|    6|     ap_none|                                                             data_47_val48|        scalar|
|data_48_val49    |   in|    6|     ap_none|                                                             data_48_val49|        scalar|
|data_49_val50    |   in|    6|     ap_none|                                                             data_49_val50|        scalar|
|data_50_val51    |   in|    6|     ap_none|                                                             data_50_val51|        scalar|
|data_51_val52    |   in|    6|     ap_none|                                                             data_51_val52|        scalar|
|data_52_val53    |   in|    6|     ap_none|                                                             data_52_val53|        scalar|
|data_53_val54    |   in|    6|     ap_none|                                                             data_53_val54|        scalar|
|data_54_val55    |   in|    6|     ap_none|                                                             data_54_val55|        scalar|
|data_55_val56    |   in|    6|     ap_none|                                                             data_55_val56|        scalar|
|data_56_val57    |   in|    6|     ap_none|                                                             data_56_val57|        scalar|
|data_57_val58    |   in|    6|     ap_none|                                                             data_57_val58|        scalar|
|data_58_val59    |   in|    6|     ap_none|                                                             data_58_val59|        scalar|
|data_59_val60    |   in|    6|     ap_none|                                                             data_59_val60|        scalar|
|data_60_val61    |   in|    6|     ap_none|                                                             data_60_val61|        scalar|
|data_61_val62    |   in|    6|     ap_none|                                                             data_61_val62|        scalar|
|data_62_val63    |   in|    6|     ap_none|                                                             data_62_val63|        scalar|
|data_63_val64    |   in|    6|     ap_none|                                                             data_63_val64|        scalar|
|data_64_val65    |   in|    6|     ap_none|                                                             data_64_val65|        scalar|
|data_65_val66    |   in|    6|     ap_none|                                                             data_65_val66|        scalar|
|data_66_val67    |   in|    6|     ap_none|                                                             data_66_val67|        scalar|
|data_67_val68    |   in|    6|     ap_none|                                                             data_67_val68|        scalar|
|data_68_val69    |   in|    6|     ap_none|                                                             data_68_val69|        scalar|
|data_69_val70    |   in|    6|     ap_none|                                                             data_69_val70|        scalar|
|data_70_val71    |   in|    6|     ap_none|                                                             data_70_val71|        scalar|
|data_71_val72    |   in|    6|     ap_none|                                                             data_71_val72|        scalar|
|data_72_val73    |   in|    6|     ap_none|                                                             data_72_val73|        scalar|
|data_73_val74    |   in|    6|     ap_none|                                                             data_73_val74|        scalar|
|data_74_val75    |   in|    6|     ap_none|                                                             data_74_val75|        scalar|
|data_75_val76    |   in|    6|     ap_none|                                                             data_75_val76|        scalar|
|data_76_val77    |   in|    6|     ap_none|                                                             data_76_val77|        scalar|
|data_77_val78    |   in|    6|     ap_none|                                                             data_77_val78|        scalar|
|data_78_val79    |   in|    6|     ap_none|                                                             data_78_val79|        scalar|
|data_79_val80    |   in|    6|     ap_none|                                                             data_79_val80|        scalar|
|data_80_val81    |   in|    6|     ap_none|                                                             data_80_val81|        scalar|
|data_81_val82    |   in|    6|     ap_none|                                                             data_81_val82|        scalar|
|data_82_val83    |   in|    6|     ap_none|                                                             data_82_val83|        scalar|
|data_83_val84    |   in|    6|     ap_none|                                                             data_83_val84|        scalar|
|data_84_val85    |   in|    6|     ap_none|                                                             data_84_val85|        scalar|
|data_85_val86    |   in|    6|     ap_none|                                                             data_85_val86|        scalar|
|data_86_val87    |   in|    6|     ap_none|                                                             data_86_val87|        scalar|
|data_87_val88    |   in|    6|     ap_none|                                                             data_87_val88|        scalar|
|data_88_val89    |   in|    6|     ap_none|                                                             data_88_val89|        scalar|
|data_89_val90    |   in|    6|     ap_none|                                                             data_89_val90|        scalar|
|data_90_val91    |   in|    6|     ap_none|                                                             data_90_val91|        scalar|
|data_91_val92    |   in|    6|     ap_none|                                                             data_91_val92|        scalar|
|data_92_val93    |   in|    6|     ap_none|                                                             data_92_val93|        scalar|
|data_93_val94    |   in|    6|     ap_none|                                                             data_93_val94|        scalar|
|data_94_val95    |   in|    6|     ap_none|                                                             data_94_val95|        scalar|
|data_95_val96    |   in|    6|     ap_none|                                                             data_95_val96|        scalar|
|data_96_val97    |   in|    6|     ap_none|                                                             data_96_val97|        scalar|
|data_97_val98    |   in|    6|     ap_none|                                                             data_97_val98|        scalar|
|data_98_val99    |   in|    6|     ap_none|                                                             data_98_val99|        scalar|
|data_99_val100   |   in|    6|     ap_none|                                                            data_99_val100|        scalar|
|data_100_val101  |   in|    6|     ap_none|                                                           data_100_val101|        scalar|
|data_101_val102  |   in|    6|     ap_none|                                                           data_101_val102|        scalar|
|data_102_val103  |   in|    6|     ap_none|                                                           data_102_val103|        scalar|
|data_103_val104  |   in|    6|     ap_none|                                                           data_103_val104|        scalar|
|data_104_val105  |   in|    6|     ap_none|                                                           data_104_val105|        scalar|
|data_105_val106  |   in|    6|     ap_none|                                                           data_105_val106|        scalar|
|data_106_val107  |   in|    6|     ap_none|                                                           data_106_val107|        scalar|
|data_107_val108  |   in|    6|     ap_none|                                                           data_107_val108|        scalar|
|data_108_val109  |   in|    6|     ap_none|                                                           data_108_val109|        scalar|
|data_109_val110  |   in|    6|     ap_none|                                                           data_109_val110|        scalar|
|data_110_val111  |   in|    6|     ap_none|                                                           data_110_val111|        scalar|
|data_111_val112  |   in|    6|     ap_none|                                                           data_111_val112|        scalar|
|data_112_val113  |   in|    6|     ap_none|                                                           data_112_val113|        scalar|
|data_113_val114  |   in|    6|     ap_none|                                                           data_113_val114|        scalar|
|data_114_val115  |   in|    6|     ap_none|                                                           data_114_val115|        scalar|
|data_115_val116  |   in|    6|     ap_none|                                                           data_115_val116|        scalar|
|data_116_val117  |   in|    6|     ap_none|                                                           data_116_val117|        scalar|
|data_117_val118  |   in|    6|     ap_none|                                                           data_117_val118|        scalar|
|data_118_val119  |   in|    6|     ap_none|                                                           data_118_val119|        scalar|
|data_119_val120  |   in|    6|     ap_none|                                                           data_119_val120|        scalar|
|data_120_val121  |   in|    6|     ap_none|                                                           data_120_val121|        scalar|
|data_121_val122  |   in|    6|     ap_none|                                                           data_121_val122|        scalar|
|data_122_val123  |   in|    6|     ap_none|                                                           data_122_val123|        scalar|
|data_123_val124  |   in|    6|     ap_none|                                                           data_123_val124|        scalar|
|data_124_val125  |   in|    6|     ap_none|                                                           data_124_val125|        scalar|
|data_125_val126  |   in|    6|     ap_none|                                                           data_125_val126|        scalar|
|data_126_val127  |   in|    6|     ap_none|                                                           data_126_val127|        scalar|
|data_127_val128  |   in|    6|     ap_none|                                                           data_127_val128|        scalar|
|data_128_val129  |   in|    6|     ap_none|                                                           data_128_val129|        scalar|
|data_129_val130  |   in|    6|     ap_none|                                                           data_129_val130|        scalar|
|data_130_val131  |   in|    6|     ap_none|                                                           data_130_val131|        scalar|
|data_131_val132  |   in|    6|     ap_none|                                                           data_131_val132|        scalar|
|data_132_val133  |   in|    6|     ap_none|                                                           data_132_val133|        scalar|
|data_133_val134  |   in|    6|     ap_none|                                                           data_133_val134|        scalar|
|data_134_val135  |   in|    6|     ap_none|                                                           data_134_val135|        scalar|
|data_135_val136  |   in|    6|     ap_none|                                                           data_135_val136|        scalar|
|data_136_val137  |   in|    6|     ap_none|                                                           data_136_val137|        scalar|
|data_137_val138  |   in|    6|     ap_none|                                                           data_137_val138|        scalar|
|data_138_val139  |   in|    6|     ap_none|                                                           data_138_val139|        scalar|
|data_139_val140  |   in|    6|     ap_none|                                                           data_139_val140|        scalar|
|data_140_val141  |   in|    6|     ap_none|                                                           data_140_val141|        scalar|
|data_141_val142  |   in|    6|     ap_none|                                                           data_141_val142|        scalar|
|data_142_val143  |   in|    6|     ap_none|                                                           data_142_val143|        scalar|
|data_143_val144  |   in|    6|     ap_none|                                                           data_143_val144|        scalar|
|data_144_val145  |   in|    6|     ap_none|                                                           data_144_val145|        scalar|
|data_145_val146  |   in|    6|     ap_none|                                                           data_145_val146|        scalar|
|data_146_val147  |   in|    6|     ap_none|                                                           data_146_val147|        scalar|
|data_147_val148  |   in|    6|     ap_none|                                                           data_147_val148|        scalar|
|data_148_val149  |   in|    6|     ap_none|                                                           data_148_val149|        scalar|
|data_149_val150  |   in|    6|     ap_none|                                                           data_149_val150|        scalar|
|data_150_val151  |   in|    6|     ap_none|                                                           data_150_val151|        scalar|
|data_151_val152  |   in|    6|     ap_none|                                                           data_151_val152|        scalar|
|data_152_val153  |   in|    6|     ap_none|                                                           data_152_val153|        scalar|
|data_153_val154  |   in|    6|     ap_none|                                                           data_153_val154|        scalar|
|data_154_val155  |   in|    6|     ap_none|                                                           data_154_val155|        scalar|
|data_155_val156  |   in|    6|     ap_none|                                                           data_155_val156|        scalar|
|data_156_val157  |   in|    6|     ap_none|                                                           data_156_val157|        scalar|
|data_157_val158  |   in|    6|     ap_none|                                                           data_157_val158|        scalar|
|data_158_val159  |   in|    6|     ap_none|                                                           data_158_val159|        scalar|
|data_159_val160  |   in|    6|     ap_none|                                                           data_159_val160|        scalar|
|data_160_val161  |   in|    6|     ap_none|                                                           data_160_val161|        scalar|
|data_161_val162  |   in|    6|     ap_none|                                                           data_161_val162|        scalar|
|data_162_val163  |   in|    6|     ap_none|                                                           data_162_val163|        scalar|
|data_163_val164  |   in|    6|     ap_none|                                                           data_163_val164|        scalar|
|data_164_val165  |   in|    6|     ap_none|                                                           data_164_val165|        scalar|
|data_165_val166  |   in|    6|     ap_none|                                                           data_165_val166|        scalar|
|data_166_val167  |   in|    6|     ap_none|                                                           data_166_val167|        scalar|
|data_167_val168  |   in|    6|     ap_none|                                                           data_167_val168|        scalar|
|data_168_val169  |   in|    6|     ap_none|                                                           data_168_val169|        scalar|
|data_169_val170  |   in|    6|     ap_none|                                                           data_169_val170|        scalar|
|data_170_val171  |   in|    6|     ap_none|                                                           data_170_val171|        scalar|
|data_171_val172  |   in|    6|     ap_none|                                                           data_171_val172|        scalar|
|data_172_val173  |   in|    6|     ap_none|                                                           data_172_val173|        scalar|
|data_173_val174  |   in|    6|     ap_none|                                                           data_173_val174|        scalar|
|data_174_val175  |   in|    6|     ap_none|                                                           data_174_val175|        scalar|
|data_175_val176  |   in|    6|     ap_none|                                                           data_175_val176|        scalar|
|data_176_val177  |   in|    6|     ap_none|                                                           data_176_val177|        scalar|
|data_177_val178  |   in|    6|     ap_none|                                                           data_177_val178|        scalar|
|data_178_val179  |   in|    6|     ap_none|                                                           data_178_val179|        scalar|
|data_179_val180  |   in|    6|     ap_none|                                                           data_179_val180|        scalar|
|data_180_val181  |   in|    6|     ap_none|                                                           data_180_val181|        scalar|
|data_181_val182  |   in|    6|     ap_none|                                                           data_181_val182|        scalar|
|data_182_val183  |   in|    6|     ap_none|                                                           data_182_val183|        scalar|
|data_183_val184  |   in|    6|     ap_none|                                                           data_183_val184|        scalar|
|data_184_val185  |   in|    6|     ap_none|                                                           data_184_val185|        scalar|
|data_185_val186  |   in|    6|     ap_none|                                                           data_185_val186|        scalar|
|data_186_val187  |   in|    6|     ap_none|                                                           data_186_val187|        scalar|
|data_187_val188  |   in|    6|     ap_none|                                                           data_187_val188|        scalar|
|data_188_val189  |   in|    6|     ap_none|                                                           data_188_val189|        scalar|
|data_189_val190  |   in|    6|     ap_none|                                                           data_189_val190|        scalar|
|data_190_val191  |   in|    6|     ap_none|                                                           data_190_val191|        scalar|
|data_191_val192  |   in|    6|     ap_none|                                                           data_191_val192|        scalar|
|data_192_val193  |   in|    6|     ap_none|                                                           data_192_val193|        scalar|
|data_193_val194  |   in|    6|     ap_none|                                                           data_193_val194|        scalar|
|data_194_val195  |   in|    6|     ap_none|                                                           data_194_val195|        scalar|
|data_195_val196  |   in|    6|     ap_none|                                                           data_195_val196|        scalar|
|data_196_val197  |   in|    6|     ap_none|                                                           data_196_val197|        scalar|
|data_197_val198  |   in|    6|     ap_none|                                                           data_197_val198|        scalar|
|data_198_val199  |   in|    6|     ap_none|                                                           data_198_val199|        scalar|
|data_199_val200  |   in|    6|     ap_none|                                                           data_199_val200|        scalar|
|data_200_val201  |   in|    6|     ap_none|                                                           data_200_val201|        scalar|
|data_201_val202  |   in|    6|     ap_none|                                                           data_201_val202|        scalar|
|data_202_val203  |   in|    6|     ap_none|                                                           data_202_val203|        scalar|
|data_203_val204  |   in|    6|     ap_none|                                                           data_203_val204|        scalar|
|data_204_val205  |   in|    6|     ap_none|                                                           data_204_val205|        scalar|
|data_205_val206  |   in|    6|     ap_none|                                                           data_205_val206|        scalar|
|data_206_val207  |   in|    6|     ap_none|                                                           data_206_val207|        scalar|
|data_207_val208  |   in|    6|     ap_none|                                                           data_207_val208|        scalar|
|data_208_val209  |   in|    6|     ap_none|                                                           data_208_val209|        scalar|
|data_209_val210  |   in|    6|     ap_none|                                                           data_209_val210|        scalar|
|data_210_val211  |   in|    6|     ap_none|                                                           data_210_val211|        scalar|
|data_211_val212  |   in|    6|     ap_none|                                                           data_211_val212|        scalar|
|data_212_val213  |   in|    6|     ap_none|                                                           data_212_val213|        scalar|
|data_213_val214  |   in|    6|     ap_none|                                                           data_213_val214|        scalar|
|data_214_val215  |   in|    6|     ap_none|                                                           data_214_val215|        scalar|
|data_215_val216  |   in|    6|     ap_none|                                                           data_215_val216|        scalar|
|data_216_val217  |   in|    6|     ap_none|                                                           data_216_val217|        scalar|
|data_217_val218  |   in|    6|     ap_none|                                                           data_217_val218|        scalar|
|data_218_val219  |   in|    6|     ap_none|                                                           data_218_val219|        scalar|
|data_219_val220  |   in|    6|     ap_none|                                                           data_219_val220|        scalar|
|data_220_val221  |   in|    6|     ap_none|                                                           data_220_val221|        scalar|
|data_221_val222  |   in|    6|     ap_none|                                                           data_221_val222|        scalar|
|data_222_val223  |   in|    6|     ap_none|                                                           data_222_val223|        scalar|
|data_223_val224  |   in|    6|     ap_none|                                                           data_223_val224|        scalar|
|data_224_val225  |   in|    6|     ap_none|                                                           data_224_val225|        scalar|
|data_225_val226  |   in|    6|     ap_none|                                                           data_225_val226|        scalar|
|data_226_val227  |   in|    6|     ap_none|                                                           data_226_val227|        scalar|
|data_227_val228  |   in|    6|     ap_none|                                                           data_227_val228|        scalar|
|data_228_val229  |   in|    6|     ap_none|                                                           data_228_val229|        scalar|
|data_229_val230  |   in|    6|     ap_none|                                                           data_229_val230|        scalar|
|data_230_val231  |   in|    6|     ap_none|                                                           data_230_val231|        scalar|
|data_231_val232  |   in|    6|     ap_none|                                                           data_231_val232|        scalar|
|data_232_val233  |   in|    6|     ap_none|                                                           data_232_val233|        scalar|
|data_233_val234  |   in|    6|     ap_none|                                                           data_233_val234|        scalar|
|data_234_val235  |   in|    6|     ap_none|                                                           data_234_val235|        scalar|
|data_235_val236  |   in|    6|     ap_none|                                                           data_235_val236|        scalar|
|data_236_val237  |   in|    6|     ap_none|                                                           data_236_val237|        scalar|
|data_237_val238  |   in|    6|     ap_none|                                                           data_237_val238|        scalar|
|data_238_val239  |   in|    6|     ap_none|                                                           data_238_val239|        scalar|
|data_239_val240  |   in|    6|     ap_none|                                                           data_239_val240|        scalar|
|data_240_val241  |   in|    6|     ap_none|                                                           data_240_val241|        scalar|
|data_241_val242  |   in|    6|     ap_none|                                                           data_241_val242|        scalar|
|data_242_val243  |   in|    6|     ap_none|                                                           data_242_val243|        scalar|
|data_243_val244  |   in|    6|     ap_none|                                                           data_243_val244|        scalar|
|data_244_val245  |   in|    6|     ap_none|                                                           data_244_val245|        scalar|
|data_245_val246  |   in|    6|     ap_none|                                                           data_245_val246|        scalar|
|data_246_val247  |   in|    6|     ap_none|                                                           data_246_val247|        scalar|
|data_247_val248  |   in|    6|     ap_none|                                                           data_247_val248|        scalar|
|data_248_val249  |   in|    6|     ap_none|                                                           data_248_val249|        scalar|
|data_249_val250  |   in|    6|     ap_none|                                                           data_249_val250|        scalar|
|data_250_val251  |   in|    6|     ap_none|                                                           data_250_val251|        scalar|
|data_251_val252  |   in|    6|     ap_none|                                                           data_251_val252|        scalar|
|data_252_val253  |   in|    6|     ap_none|                                                           data_252_val253|        scalar|
|data_253_val254  |   in|    6|     ap_none|                                                           data_253_val254|        scalar|
|data_254_val255  |   in|    6|     ap_none|                                                           data_254_val255|        scalar|
|data_255_val256  |   in|    6|     ap_none|                                                           data_255_val256|        scalar|
+-----------------+-----+-----+------------+--------------------------------------------------------------------------+--------------+

