

================================================================
== Vitis HLS Report for 'normalize_ap_fixed_11_7_4_0_0_ap_fixed_21_5_5_3_0_config33_s'
================================================================
* Date:           Thu Aug 13 16:20:34 2026

* Version:        2023.2 (Build 4023990 on Oct 11 2023)
* Project:        myproject_prj
* Solution:       solution1 (Vivado IP Flow Target)
* Product family: virtexuplus
* Target device:  xcvu13p-flga2577-2-e


================================================================
== Performance Estimates
================================================================
+ Timing: 
    * Summary: 
    +--------+---------+----------+------------+
    |  Clock |  Target | Estimated| Uncertainty|
    +--------+---------+----------+------------+
    |ap_clk  |  2.50 ns|  1.041 ns|     0.68 ns|
    +--------+---------+----------+------------+

+ Latency: 
    * Summary: 
    +---------+---------+----------+----------+-----+-----+---------+
    |  Latency (cycles) |  Latency (absolute) |  Interval | Pipeline|
    |   min   |   max   |    min   |    max   | min | max |   Type  |
    +---------+---------+----------+----------+-----+-----+---------+
    |        2|        2|  5.000 ns|  5.000 ns|    1|    1|      yes|
    +---------+---------+----------+----------+-----+-----+---------+

    + Detail: 
        * Instance: 
        N/A

        * Loop: 
        N/A



================================================================
== Utilization Estimates
================================================================
* Summary: 
+---------------------+---------+-------+---------+---------+------+
|         Name        | BRAM_18K|  DSP  |    FF   |   LUT   | URAM |
+---------------------+---------+-------+---------+---------+------+
|DSP                  |        -|      -|        -|        -|     -|
|Expression           |        -|      -|        0|    14336|     -|
|FIFO                 |        -|      -|        -|        -|     -|
|Instance             |        -|    512|    24064|      512|     -|
|Memory               |        -|      -|        -|        -|     -|
|Multiplexer          |        -|      -|        -|     7168|     -|
|Register             |        -|      -|    23041|        -|     -|
+---------------------+---------+-------+---------+---------+------+
|Total                |        0|    512|    47105|    22016|     0|
+---------------------+---------+-------+---------+---------+------+
|Available SLR        |     1344|   3072|   864000|   432000|   320|
+---------------------+---------+-------+---------+---------+------+
|Utilization SLR (%)  |        0|     16|        5|        5|     0|
+---------------------+---------+-------+---------+---------+------+
|Available            |     5376|  12288|  3456000|  1728000|  1280|
+---------------------+---------+-------+---------+---------+------+
|Utilization (%)      |        0|      4|        1|        1|     0|
+---------------------+---------+-------+---------+---------+------+

+ Detail: 
    * Instance: 
    +---------------------------+--------------------+---------+----+-----+----+-----+
    |          Instance         |       Module       | BRAM_18K| DSP|  FF | LUT| URAM|
    +---------------------------+--------------------+---------+----+-----+----+-----+
    |mul_11s_7ns_17_2_0_U13876  |mul_11s_7ns_17_2_0  |        0|   1|   47|   1|    0|
    |mul_11s_7ns_17_2_0_U13877  |mul_11s_7ns_17_2_0  |        0|   1|   47|   1|    0|
    |mul_11s_7ns_17_2_0_U13878  |mul_11s_7ns_17_2_0  |        0|   1|   47|   1|    0|
    |mul_11s_7ns_17_2_0_U13879  |mul_11s_7ns_17_2_0  |        0|   1|   47|   1|    0|
    |mul_11s_7ns_17_2_0_U13880  |mul_11s_7ns_17_2_0  |        0|   1|   47|   1|    0|
    |mul_11s_7ns_17_2_0_U13881  |mul_11s_7ns_17_2_0  |        0|   1|   47|   1|    0|
    |mul_11s_7ns_17_2_0_U13882  |mul_11s_7ns_17_2_0  |        0|   1|   47|   1|    0|
    |mul_11s_7ns_17_2_0_U13883  |mul_11s_7ns_17_2_0  |        0|   1|   47|   1|    0|
    |mul_11s_7ns_17_2_0_U13884  |mul_11s_7ns_17_2_0  |        0|   1|   47|   1|    0|
    |mul_11s_7ns_17_2_0_U13885  |mul_11s_7ns_17_2_0  |        0|   1|   47|   1|    0|
    |mul_11s_7ns_17_2_0_U13886  |mul_11s_7ns_17_2_0  |        0|   1|   47|   1|    0|
    |mul_11s_7ns_17_2_0_U13887  |mul_11s_7ns_17_2_0  |        0|   1|   47|   1|    0|
    |mul_11s_7ns_17_2_0_U13888  |mul_11s_7ns_17_2_0  |        0|   1|   47|   1|    0|
    |mul_11s_7ns_17_2_0_U13889  |mul_11s_7ns_17_2_0  |        0|   1|   47|   1|    0|
    |mul_11s_7ns_17_2_0_U13890  |mul_11s_7ns_17_2_0  |        0|   1|   47|   1|    0|
    |mul_11s_7ns_17_2_0_U13891  |mul_11s_7ns_17_2_0  |        0|   1|   47|   1|    0|
    |mul_11s_7ns_17_2_0_U13892  |mul_11s_7ns_17_2_0  |        0|   1|   47|   1|    0|
    |mul_11s_7ns_17_2_0_U13893  |mul_11s_7ns_17_2_0  |        0|   1|   47|   1|    0|
    |mul_11s_7ns_17_2_0_U13894  |mul_11s_7ns_17_2_0  |        0|   1|   47|   1|    0|
    |mul_11s_7ns_17_2_0_U13895  |mul_11s_7ns_17_2_0  |        0|   1|   47|   1|    0|
    |mul_11s_7ns_17_2_0_U13896  |mul_11s_7ns_17_2_0  |        0|   1|   47|   1|    0|
    |mul_11s_7ns_17_2_0_U13897  |mul_11s_7ns_17_2_0  |        0|   1|   47|   1|    0|
    |mul_11s_7ns_17_2_0_U13898  |mul_11s_7ns_17_2_0  |        0|   1|   47|   1|    0|
    |mul_11s_7ns_17_2_0_U13899  |mul_11s_7ns_17_2_0  |        0|   1|   47|   1|    0|
    |mul_11s_7ns_17_2_0_U13900  |mul_11s_7ns_17_2_0  |        0|   1|   47|   1|    0|
    |mul_11s_7ns_17_2_0_U13901  |mul_11s_7ns_17_2_0  |        0|   1|   47|   1|    0|
    |mul_11s_7ns_17_2_0_U13902  |mul_11s_7ns_17_2_0  |        0|   1|   47|   1|    0|
    |mul_11s_7ns_17_2_0_U13903  |mul_11s_7ns_17_2_0  |        0|   1|   47|   1|    0|
    |mul_11s_7ns_17_2_0_U13904  |mul_11s_7ns_17_2_0  |        0|   1|   47|   1|    0|
    |mul_11s_7ns_17_2_0_U13905  |mul_11s_7ns_17_2_0  |        0|   1|   47|   1|    0|
    |mul_11s_7ns_17_2_0_U13906  |mul_11s_7ns_17_2_0  |        0|   1|   47|   1|    0|
    |mul_11s_7ns_17_2_0_U13907  |mul_11s_7ns_17_2_0  |        0|   1|   47|   1|    0|
    |mul_11s_7ns_17_2_0_U13908  |mul_11s_7ns_17_2_0  |        0|   1|   47|   1|    0|
    |mul_11s_7ns_17_2_0_U13909  |mul_11s_7ns_17_2_0  |        0|   1|   47|   1|    0|
    |mul_11s_7ns_17_2_0_U13910  |mul_11s_7ns_17_2_0  |        0|   1|   47|   1|    0|
    |mul_11s_7ns_17_2_0_U13911  |mul_11s_7ns_17_2_0  |        0|   1|   47|   1|    0|
    |mul_11s_7ns_17_2_0_U13912  |mul_11s_7ns_17_2_0  |        0|   1|   47|   1|    0|
    |mul_11s_7ns_17_2_0_U13913  |mul_11s_7ns_17_2_0  |        0|   1|   47|   1|    0|
    |mul_11s_7ns_17_2_0_U13914  |mul_11s_7ns_17_2_0  |        0|   1|   47|   1|    0|
    |mul_11s_7ns_17_2_0_U13915  |mul_11s_7ns_17_2_0  |        0|   1|   47|   1|    0|
    |mul_11s_7ns_17_2_0_U13916  |mul_11s_7ns_17_2_0  |        0|   1|   47|   1|    0|
    |mul_11s_7ns_17_2_0_U13917  |mul_11s_7ns_17_2_0  |        0|   1|   47|   1|    0|
    |mul_11s_7ns_17_2_0_U13918  |mul_11s_7ns_17_2_0  |        0|   1|   47|   1|    0|
    |mul_11s_7ns_17_2_0_U13919  |mul_11s_7ns_17_2_0  |        0|   1|   47|   1|    0|
    |mul_11s_7ns_17_2_0_U13920  |mul_11s_7ns_17_2_0  |        0|   1|   47|   1|    0|
    |mul_11s_7ns_17_2_0_U13921  |mul_11s_7ns_17_2_0  |        0|   1|   47|   1|    0|
    |mul_11s_7ns_17_2_0_U13922  |mul_11s_7ns_17_2_0  |        0|   1|   47|   1|    0|
    |mul_11s_7ns_17_2_0_U13923  |mul_11s_7ns_17_2_0  |        0|   1|   47|   1|    0|
    |mul_11s_7ns_17_2_0_U13924  |mul_11s_7ns_17_2_0  |        0|   1|   47|   1|    0|
    |mul_11s_7ns_17_2_0_U13925  |mul_11s_7ns_17_2_0  |        0|   1|   47|   1|    0|
    |mul_11s_7ns_17_2_0_U13926  |mul_11s_7ns_17_2_0  |        0|   1|   47|   1|    0|
    |mul_11s_7ns_17_2_0_U13927  |mul_11s_7ns_17_2_0  |        0|   1|   47|   1|    0|
    |mul_11s_7ns_17_2_0_U13928  |mul_11s_7ns_17_2_0  |        0|   1|   47|   1|    0|
    |mul_11s_7ns_17_2_0_U13929  |mul_11s_7ns_17_2_0  |        0|   1|   47|   1|    0|
    |mul_11s_7ns_17_2_0_U13930  |mul_11s_7ns_17_2_0  |        0|   1|   47|   1|    0|
    |mul_11s_7ns_17_2_0_U13931  |mul_11s_7ns_17_2_0  |        0|   1|   47|   1|    0|
    |mul_11s_7ns_17_2_0_U13932  |mul_11s_7ns_17_2_0  |        0|   1|   47|   1|    0|
    |mul_11s_7ns_17_2_0_U13933  |mul_11s_7ns_17_2_0  |        0|   1|   47|   1|    0|
    |mul_11s_7ns_17_2_0_U13934  |mul_11s_7ns_17_2_0  |        0|   1|   47|   1|    0|
    |mul_11s_7ns_17_2_0_U13935  |mul_11s_7ns_17_2_0  |        0|   1|   47|   1|    0|
    |mul_11s_7ns_17_2_0_U13936  |mul_11s_7ns_17_2_0  |        0|   1|   47|   1|    0|
    |mul_11s_7ns_17_2_0_U13937  |mul_11s_7ns_17_2_0  |        0|   1|   47|   1|    0|
    |mul_11s_7ns_17_2_0_U13938  |mul_11s_7ns_17_2_0  |        0|   1|   47|   1|    0|
    |mul_11s_7ns_17_2_0_U13939  |mul_11s_7ns_17_2_0  |        0|   1|   47|   1|    0|
    |mul_11s_7ns_17_2_0_U13940  |mul_11s_7ns_17_2_0  |        0|   1|   47|   1|    0|
    |mul_11s_7ns_17_2_0_U13941  |mul_11s_7ns_17_2_0  |        0|   1|   47|   1|    0|
    |mul_11s_7ns_17_2_0_U13942  |mul_11s_7ns_17_2_0  |        0|   1|   47|   1|    0|
    |mul_11s_7ns_17_2_0_U13943  |mul_11s_7ns_17_2_0  |        0|   1|   47|   1|    0|
    |mul_11s_7ns_17_2_0_U13944  |mul_11s_7ns_17_2_0  |        0|   1|   47|   1|    0|
    |mul_11s_7ns_17_2_0_U13945  |mul_11s_7ns_17_2_0  |        0|   1|   47|   1|    0|
    |mul_11s_7ns_17_2_0_U13946  |mul_11s_7ns_17_2_0  |        0|   1|   47|   1|    0|
    |mul_11s_7ns_17_2_0_U13947  |mul_11s_7ns_17_2_0  |        0|   1|   47|   1|    0|
    |mul_11s_7ns_17_2_0_U13948  |mul_11s_7ns_17_2_0  |        0|   1|   47|   1|    0|
    |mul_11s_7ns_17_2_0_U13949  |mul_11s_7ns_17_2_0  |        0|   1|   47|   1|    0|
    |mul_11s_7ns_17_2_0_U13950  |mul_11s_7ns_17_2_0  |        0|   1|   47|   1|    0|
    |mul_11s_7ns_17_2_0_U13951  |mul_11s_7ns_17_2_0  |        0|   1|   47|   1|    0|
    |mul_11s_7ns_17_2_0_U13952  |mul_11s_7ns_17_2_0  |        0|   1|   47|   1|    0|
    |mul_11s_7ns_17_2_0_U13953  |mul_11s_7ns_17_2_0  |        0|   1|   47|   1|    0|
    |mul_11s_7ns_17_2_0_U13954  |mul_11s_7ns_17_2_0  |        0|   1|   47|   1|    0|
    |mul_11s_7ns_17_2_0_U13955  |mul_11s_7ns_17_2_0  |        0|   1|   47|   1|    0|
    |mul_11s_7ns_17_2_0_U13956  |mul_11s_7ns_17_2_0  |        0|   1|   47|   1|    0|
    |mul_11s_7ns_17_2_0_U13957  |mul_11s_7ns_17_2_0  |        0|   1|   47|   1|    0|
    |mul_11s_7ns_17_2_0_U13958  |mul_11s_7ns_17_2_0  |        0|   1|   47|   1|    0|
    |mul_11s_7ns_17_2_0_U13959  |mul_11s_7ns_17_2_0  |        0|   1|   47|   1|    0|
    |mul_11s_7ns_17_2_0_U13960  |mul_11s_7ns_17_2_0  |        0|   1|   47|   1|    0|
    |mul_11s_7ns_17_2_0_U13961  |mul_11s_7ns_17_2_0  |        0|   1|   47|   1|    0|
    |mul_11s_7ns_17_2_0_U13962  |mul_11s_7ns_17_2_0  |        0|   1|   47|   1|    0|
    |mul_11s_7ns_17_2_0_U13963  |mul_11s_7ns_17_2_0  |        0|   1|   47|   1|    0|
    |mul_11s_7ns_17_2_0_U13964  |mul_11s_7ns_17_2_0  |        0|   1|   47|   1|    0|
    |mul_11s_7ns_17_2_0_U13965  |mul_11s_7ns_17_2_0  |        0|   1|   47|   1|    0|
    |mul_11s_7ns_17_2_0_U13966  |mul_11s_7ns_17_2_0  |        0|   1|   47|   1|    0|
    |mul_11s_7ns_17_2_0_U13967  |mul_11s_7ns_17_2_0  |        0|   1|   47|   1|    0|
    |mul_11s_7ns_17_2_0_U13968  |mul_11s_7ns_17_2_0  |        0|   1|   47|   1|    0|
    |mul_11s_7ns_17_2_0_U13969  |mul_11s_7ns_17_2_0  |        0|   1|   47|   1|    0|
    |mul_11s_7ns_17_2_0_U13970  |mul_11s_7ns_17_2_0  |        0|   1|   47|   1|    0|
    |mul_11s_7ns_17_2_0_U13971  |mul_11s_7ns_17_2_0  |        0|   1|   47|   1|    0|
    |mul_11s_7ns_17_2_0_U13972  |mul_11s_7ns_17_2_0  |        0|   1|   47|   1|    0|
    |mul_11s_7ns_17_2_0_U13973  |mul_11s_7ns_17_2_0  |        0|   1|   47|   1|    0|
    |mul_11s_7ns_17_2_0_U13974  |mul_11s_7ns_17_2_0  |        0|   1|   47|   1|    0|
    |mul_11s_7ns_17_2_0_U13975  |mul_11s_7ns_17_2_0  |        0|   1|   47|   1|    0|
    |mul_11s_7ns_17_2_0_U13976  |mul_11s_7ns_17_2_0  |        0|   1|   47|   1|    0|
    |mul_11s_7ns_17_2_0_U13977  |mul_11s_7ns_17_2_0  |        0|   1|   47|   1|    0|
    |mul_11s_7ns_17_2_0_U13978  |mul_11s_7ns_17_2_0  |        0|   1|   47|   1|    0|
    |mul_11s_7ns_17_2_0_U13979  |mul_11s_7ns_17_2_0  |        0|   1|   47|   1|    0|
    |mul_11s_7ns_17_2_0_U13980  |mul_11s_7ns_17_2_0  |        0|   1|   47|   1|    0|
    |mul_11s_7ns_17_2_0_U13981  |mul_11s_7ns_17_2_0  |        0|   1|   47|   1|    0|
    |mul_11s_7ns_17_2_0_U13982  |mul_11s_7ns_17_2_0  |        0|   1|   47|   1|    0|
    |mul_11s_7ns_17_2_0_U13983  |mul_11s_7ns_17_2_0  |        0|   1|   47|   1|    0|
    |mul_11s_7ns_17_2_0_U13984  |mul_11s_7ns_17_2_0  |        0|   1|   47|   1|    0|
    |mul_11s_7ns_17_2_0_U13985  |mul_11s_7ns_17_2_0  |        0|   1|   47|   1|    0|
    |mul_11s_7ns_17_2_0_U13986  |mul_11s_7ns_17_2_0  |        0|   1|   47|   1|    0|
    |mul_11s_7ns_17_2_0_U13987  |mul_11s_7ns_17_2_0  |        0|   1|   47|   1|    0|
    |mul_11s_7ns_17_2_0_U13988  |mul_11s_7ns_17_2_0  |        0|   1|   47|   1|    0|
    |mul_11s_7ns_17_2_0_U13989  |mul_11s_7ns_17_2_0  |        0|   1|   47|   1|    0|
    |mul_11s_7ns_17_2_0_U13990  |mul_11s_7ns_17_2_0  |        0|   1|   47|   1|    0|
    |mul_11s_7ns_17_2_0_U13991  |mul_11s_7ns_17_2_0  |        0|   1|   47|   1|    0|
    |mul_11s_7ns_17_2_0_U13992  |mul_11s_7ns_17_2_0  |        0|   1|   47|   1|    0|
    |mul_11s_7ns_17_2_0_U13993  |mul_11s_7ns_17_2_0  |        0|   1|   47|   1|    0|
    |mul_11s_7ns_17_2_0_U13994  |mul_11s_7ns_17_2_0  |        0|   1|   47|   1|    0|
    |mul_11s_7ns_17_2_0_U13995  |mul_11s_7ns_17_2_0  |        0|   1|   47|   1|    0|
    |mul_11s_7ns_17_2_0_U13996  |mul_11s_7ns_17_2_0  |        0|   1|   47|   1|    0|
    |mul_11s_7ns_17_2_0_U13997  |mul_11s_7ns_17_2_0  |        0|   1|   47|   1|    0|
    |mul_11s_7ns_17_2_0_U13998  |mul_11s_7ns_17_2_0  |        0|   1|   47|   1|    0|
    |mul_11s_7ns_17_2_0_U13999  |mul_11s_7ns_17_2_0  |        0|   1|   47|   1|    0|
    |mul_11s_7ns_17_2_0_U14000  |mul_11s_7ns_17_2_0  |        0|   1|   47|   1|    0|
    |mul_11s_7ns_17_2_0_U14001  |mul_11s_7ns_17_2_0  |        0|   1|   47|   1|    0|
    |mul_11s_7ns_17_2_0_U14002  |mul_11s_7ns_17_2_0  |        0|   1|   47|   1|    0|
    |mul_11s_7ns_17_2_0_U14003  |mul_11s_7ns_17_2_0  |        0|   1|   47|   1|    0|
    |mul_11s_7ns_17_2_0_U14004  |mul_11s_7ns_17_2_0  |        0|   1|   47|   1|    0|
    |mul_11s_7ns_17_2_0_U14005  |mul_11s_7ns_17_2_0  |        0|   1|   47|   1|    0|
    |mul_11s_7ns_17_2_0_U14006  |mul_11s_7ns_17_2_0  |        0|   1|   47|   1|    0|
    |mul_11s_7ns_17_2_0_U14007  |mul_11s_7ns_17_2_0  |        0|   1|   47|   1|    0|
    |mul_11s_7ns_17_2_0_U14008  |mul_11s_7ns_17_2_0  |        0|   1|   47|   1|    0|
    |mul_11s_7ns_17_2_0_U14009  |mul_11s_7ns_17_2_0  |        0|   1|   47|   1|    0|
    |mul_11s_7ns_17_2_0_U14010  |mul_11s_7ns_17_2_0  |        0|   1|   47|   1|    0|
    |mul_11s_7ns_17_2_0_U14011  |mul_11s_7ns_17_2_0  |        0|   1|   47|   1|    0|
    |mul_11s_7ns_17_2_0_U14012  |mul_11s_7ns_17_2_0  |        0|   1|   47|   1|    0|
    |mul_11s_7ns_17_2_0_U14013  |mul_11s_7ns_17_2_0  |        0|   1|   47|   1|    0|
    |mul_11s_7ns_17_2_0_U14014  |mul_11s_7ns_17_2_0  |        0|   1|   47|   1|    0|
    |mul_11s_7ns_17_2_0_U14015  |mul_11s_7ns_17_2_0  |        0|   1|   47|   1|    0|
    |mul_11s_7ns_17_2_0_U14016  |mul_11s_7ns_17_2_0  |        0|   1|   47|   1|    0|
    |mul_11s_7ns_17_2_0_U14017  |mul_11s_7ns_17_2_0  |        0|   1|   47|   1|    0|
    |mul_11s_7ns_17_2_0_U14018  |mul_11s_7ns_17_2_0  |        0|   1|   47|   1|    0|
    |mul_11s_7ns_17_2_0_U14019  |mul_11s_7ns_17_2_0  |        0|   1|   47|   1|    0|
    |mul_11s_7ns_17_2_0_U14020  |mul_11s_7ns_17_2_0  |        0|   1|   47|   1|    0|
    |mul_11s_7ns_17_2_0_U14021  |mul_11s_7ns_17_2_0  |        0|   1|   47|   1|    0|
    |mul_11s_7ns_17_2_0_U14022  |mul_11s_7ns_17_2_0  |        0|   1|   47|   1|    0|
    |mul_11s_7ns_17_2_0_U14023  |mul_11s_7ns_17_2_0  |        0|   1|   47|   1|    0|
    |mul_11s_7ns_17_2_0_U14024  |mul_11s_7ns_17_2_0  |        0|   1|   47|   1|    0|
    |mul_11s_7ns_17_2_0_U14025  |mul_11s_7ns_17_2_0  |        0|   1|   47|   1|    0|
    |mul_11s_7ns_17_2_0_U14026  |mul_11s_7ns_17_2_0  |        0|   1|   47|   1|    0|
    |mul_11s_7ns_17_2_0_U14027  |mul_11s_7ns_17_2_0  |        0|   1|   47|   1|    0|
    |mul_11s_7ns_17_2_0_U14028  |mul_11s_7ns_17_2_0  |        0|   1|   47|   1|    0|
    |mul_11s_7ns_17_2_0_U14029  |mul_11s_7ns_17_2_0  |        0|   1|   47|   1|    0|
    |mul_11s_7ns_17_2_0_U14030  |mul_11s_7ns_17_2_0  |        0|   1|   47|   1|    0|
    |mul_11s_7ns_17_2_0_U14031  |mul_11s_7ns_17_2_0  |        0|   1|   47|   1|    0|
    |mul_11s_7ns_17_2_0_U14032  |mul_11s_7ns_17_2_0  |        0|   1|   47|   1|    0|
    |mul_11s_7ns_17_2_0_U14033  |mul_11s_7ns_17_2_0  |        0|   1|   47|   1|    0|
    |mul_11s_7ns_17_2_0_U14034  |mul_11s_7ns_17_2_0  |        0|   1|   47|   1|    0|
    |mul_11s_7ns_17_2_0_U14035  |mul_11s_7ns_17_2_0  |        0|   1|   47|   1|    0|
    |mul_11s_7ns_17_2_0_U14036  |mul_11s_7ns_17_2_0  |        0|   1|   47|   1|    0|
    |mul_11s_7ns_17_2_0_U14037  |mul_11s_7ns_17_2_0  |        0|   1|   47|   1|    0|
    |mul_11s_7ns_17_2_0_U14038  |mul_11s_7ns_17_2_0  |        0|   1|   47|   1|    0|
    |mul_11s_7ns_17_2_0_U14039  |mul_11s_7ns_17_2_0  |        0|   1|   47|   1|    0|
    |mul_11s_7ns_17_2_0_U14040  |mul_11s_7ns_17_2_0  |        0|   1|   47|   1|    0|
    |mul_11s_7ns_17_2_0_U14041  |mul_11s_7ns_17_2_0  |        0|   1|   47|   1|    0|
    |mul_11s_7ns_17_2_0_U14042  |mul_11s_7ns_17_2_0  |        0|   1|   47|   1|    0|
    |mul_11s_7ns_17_2_0_U14043  |mul_11s_7ns_17_2_0  |        0|   1|   47|   1|    0|
    |mul_11s_7ns_17_2_0_U14044  |mul_11s_7ns_17_2_0  |        0|   1|   47|   1|    0|
    |mul_11s_7ns_17_2_0_U14045  |mul_11s_7ns_17_2_0  |        0|   1|   47|   1|    0|
    |mul_11s_7ns_17_2_0_U14046  |mul_11s_7ns_17_2_0  |        0|   1|   47|   1|    0|
    |mul_11s_7ns_17_2_0_U14047  |mul_11s_7ns_17_2_0  |        0|   1|   47|   1|    0|
    |mul_11s_7ns_17_2_0_U14048  |mul_11s_7ns_17_2_0  |        0|   1|   47|   1|    0|
    |mul_11s_7ns_17_2_0_U14049  |mul_11s_7ns_17_2_0  |        0|   1|   47|   1|    0|
    |mul_11s_7ns_17_2_0_U14050  |mul_11s_7ns_17_2_0  |        0|   1|   47|   1|    0|
    |mul_11s_7ns_17_2_0_U14051  |mul_11s_7ns_17_2_0  |        0|   1|   47|   1|    0|
    |mul_11s_7ns_17_2_0_U14052  |mul_11s_7ns_17_2_0  |        0|   1|   47|   1|    0|
    |mul_11s_7ns_17_2_0_U14053  |mul_11s_7ns_17_2_0  |        0|   1|   47|   1|    0|
    |mul_11s_7ns_17_2_0_U14054  |mul_11s_7ns_17_2_0  |        0|   1|   47|   1|    0|
    |mul_11s_7ns_17_2_0_U14055  |mul_11s_7ns_17_2_0  |        0|   1|   47|   1|    0|
    |mul_11s_7ns_17_2_0_U14056  |mul_11s_7ns_17_2_0  |        0|   1|   47|   1|    0|
    |mul_11s_7ns_17_2_0_U14057  |mul_11s_7ns_17_2_0  |        0|   1|   47|   1|    0|
    |mul_11s_7ns_17_2_0_U14058  |mul_11s_7ns_17_2_0  |        0|   1|   47|   1|    0|
    |mul_11s_7ns_17_2_0_U14059  |mul_11s_7ns_17_2_0  |        0|   1|   47|   1|    0|
    |mul_11s_7ns_17_2_0_U14060  |mul_11s_7ns_17_2_0  |        0|   1|   47|   1|    0|
    |mul_11s_7ns_17_2_0_U14061  |mul_11s_7ns_17_2_0  |        0|   1|   47|   1|    0|
    |mul_11s_7ns_17_2_0_U14062  |mul_11s_7ns_17_2_0  |        0|   1|   47|   1|    0|
    |mul_11s_7ns_17_2_0_U14063  |mul_11s_7ns_17_2_0  |        0|   1|   47|   1|    0|
    |mul_11s_7ns_17_2_0_U14064  |mul_11s_7ns_17_2_0  |        0|   1|   47|   1|    0|
    |mul_11s_7ns_17_2_0_U14065  |mul_11s_7ns_17_2_0  |        0|   1|   47|   1|    0|
    |mul_11s_7ns_17_2_0_U14066  |mul_11s_7ns_17_2_0  |        0|   1|   47|   1|    0|
    |mul_11s_7ns_17_2_0_U14067  |mul_11s_7ns_17_2_0  |        0|   1|   47|   1|    0|
    |mul_11s_7ns_17_2_0_U14068  |mul_11s_7ns_17_2_0  |        0|   1|   47|   1|    0|
    |mul_11s_7ns_17_2_0_U14069  |mul_11s_7ns_17_2_0  |        0|   1|   47|   1|    0|
    |mul_11s_7ns_17_2_0_U14070  |mul_11s_7ns_17_2_0  |        0|   1|   47|   1|    0|
    |mul_11s_7ns_17_2_0_U14071  |mul_11s_7ns_17_2_0  |        0|   1|   47|   1|    0|
    |mul_11s_7ns_17_2_0_U14072  |mul_11s_7ns_17_2_0  |        0|   1|   47|   1|    0|
    |mul_11s_7ns_17_2_0_U14073  |mul_11s_7ns_17_2_0  |        0|   1|   47|   1|    0|
    |mul_11s_7ns_17_2_0_U14074  |mul_11s_7ns_17_2_0  |        0|   1|   47|   1|    0|
    |mul_11s_7ns_17_2_0_U14075  |mul_11s_7ns_17_2_0  |        0|   1|   47|   1|    0|
    |mul_11s_7ns_17_2_0_U14076  |mul_11s_7ns_17_2_0  |        0|   1|   47|   1|    0|
    |mul_11s_7ns_17_2_0_U14077  |mul_11s_7ns_17_2_0  |        0|   1|   47|   1|    0|
    |mul_11s_7ns_17_2_0_U14078  |mul_11s_7ns_17_2_0  |        0|   1|   47|   1|    0|
    |mul_11s_7ns_17_2_0_U14079  |mul_11s_7ns_17_2_0  |        0|   1|   47|   1|    0|
    |mul_11s_7ns_17_2_0_U14080  |mul_11s_7ns_17_2_0  |        0|   1|   47|   1|    0|
    |mul_11s_7ns_17_2_0_U14081  |mul_11s_7ns_17_2_0  |        0|   1|   47|   1|    0|
    |mul_11s_7ns_17_2_0_U14082  |mul_11s_7ns_17_2_0  |        0|   1|   47|   1|    0|
    |mul_11s_7ns_17_2_0_U14083  |mul_11s_7ns_17_2_0  |        0|   1|   47|   1|    0|
    |mul_11s_7ns_17_2_0_U14084  |mul_11s_7ns_17_2_0  |        0|   1|   47|   1|    0|
    |mul_11s_7ns_17_2_0_U14085  |mul_11s_7ns_17_2_0  |        0|   1|   47|   1|    0|
    |mul_11s_7ns_17_2_0_U14086  |mul_11s_7ns_17_2_0  |        0|   1|   47|   1|    0|
    |mul_11s_7ns_17_2_0_U14087  |mul_11s_7ns_17_2_0  |        0|   1|   47|   1|    0|
    |mul_11s_7ns_17_2_0_U14088  |mul_11s_7ns_17_2_0  |        0|   1|   47|   1|    0|
    |mul_11s_7ns_17_2_0_U14089  |mul_11s_7ns_17_2_0  |        0|   1|   47|   1|    0|
    |mul_11s_7ns_17_2_0_U14090  |mul_11s_7ns_17_2_0  |        0|   1|   47|   1|    0|
    |mul_11s_7ns_17_2_0_U14091  |mul_11s_7ns_17_2_0  |        0|   1|   47|   1|    0|
    |mul_11s_7ns_17_2_0_U14092  |mul_11s_7ns_17_2_0  |        0|   1|   47|   1|    0|
    |mul_11s_7ns_17_2_0_U14093  |mul_11s_7ns_17_2_0  |        0|   1|   47|   1|    0|
    |mul_11s_7ns_17_2_0_U14094  |mul_11s_7ns_17_2_0  |        0|   1|   47|   1|    0|
    |mul_11s_7ns_17_2_0_U14095  |mul_11s_7ns_17_2_0  |        0|   1|   47|   1|    0|
    |mul_11s_7ns_17_2_0_U14096  |mul_11s_7ns_17_2_0  |        0|   1|   47|   1|    0|
    |mul_11s_7ns_17_2_0_U14097  |mul_11s_7ns_17_2_0  |        0|   1|   47|   1|    0|
    |mul_11s_7ns_17_2_0_U14098  |mul_11s_7ns_17_2_0  |        0|   1|   47|   1|    0|
    |mul_11s_7ns_17_2_0_U14099  |mul_11s_7ns_17_2_0  |        0|   1|   47|   1|    0|
    |mul_11s_7ns_17_2_0_U14100  |mul_11s_7ns_17_2_0  |        0|   1|   47|   1|    0|
    |mul_11s_7ns_17_2_0_U14101  |mul_11s_7ns_17_2_0  |        0|   1|   47|   1|    0|
    |mul_11s_7ns_17_2_0_U14102  |mul_11s_7ns_17_2_0  |        0|   1|   47|   1|    0|
    |mul_11s_7ns_17_2_0_U14103  |mul_11s_7ns_17_2_0  |        0|   1|   47|   1|    0|
    |mul_11s_7ns_17_2_0_U14104  |mul_11s_7ns_17_2_0  |        0|   1|   47|   1|    0|
    |mul_11s_7ns_17_2_0_U14105  |mul_11s_7ns_17_2_0  |        0|   1|   47|   1|    0|
    |mul_11s_7ns_17_2_0_U14106  |mul_11s_7ns_17_2_0  |        0|   1|   47|   1|    0|
    |mul_11s_7ns_17_2_0_U14107  |mul_11s_7ns_17_2_0  |        0|   1|   47|   1|    0|
    |mul_11s_7ns_17_2_0_U14108  |mul_11s_7ns_17_2_0  |        0|   1|   47|   1|    0|
    |mul_11s_7ns_17_2_0_U14109  |mul_11s_7ns_17_2_0  |        0|   1|   47|   1|    0|
    |mul_11s_7ns_17_2_0_U14110  |mul_11s_7ns_17_2_0  |        0|   1|   47|   1|    0|
    |mul_11s_7ns_17_2_0_U14111  |mul_11s_7ns_17_2_0  |        0|   1|   47|   1|    0|
    |mul_11s_7ns_17_2_0_U14112  |mul_11s_7ns_17_2_0  |        0|   1|   47|   1|    0|
    |mul_11s_7ns_17_2_0_U14113  |mul_11s_7ns_17_2_0  |        0|   1|   47|   1|    0|
    |mul_11s_7ns_17_2_0_U14114  |mul_11s_7ns_17_2_0  |        0|   1|   47|   1|    0|
    |mul_11s_7ns_17_2_0_U14115  |mul_11s_7ns_17_2_0  |        0|   1|   47|   1|    0|
    |mul_11s_7ns_17_2_0_U14116  |mul_11s_7ns_17_2_0  |        0|   1|   47|   1|    0|
    |mul_11s_7ns_17_2_0_U14117  |mul_11s_7ns_17_2_0  |        0|   1|   47|   1|    0|
    |mul_11s_7ns_17_2_0_U14118  |mul_11s_7ns_17_2_0  |        0|   1|   47|   1|    0|
    |mul_11s_7ns_17_2_0_U14119  |mul_11s_7ns_17_2_0  |        0|   1|   47|   1|    0|
    |mul_11s_7ns_17_2_0_U14120  |mul_11s_7ns_17_2_0  |        0|   1|   47|   1|    0|
    |mul_11s_7ns_17_2_0_U14121  |mul_11s_7ns_17_2_0  |        0|   1|   47|   1|    0|
    |mul_11s_7ns_17_2_0_U14122  |mul_11s_7ns_17_2_0  |        0|   1|   47|   1|    0|
    |mul_11s_7ns_17_2_0_U14123  |mul_11s_7ns_17_2_0  |        0|   1|   47|   1|    0|
    |mul_11s_7ns_17_2_0_U14124  |mul_11s_7ns_17_2_0  |        0|   1|   47|   1|    0|
    |mul_11s_7ns_17_2_0_U14125  |mul_11s_7ns_17_2_0  |        0|   1|   47|   1|    0|
    |mul_11s_7ns_17_2_0_U14126  |mul_11s_7ns_17_2_0  |        0|   1|   47|   1|    0|
    |mul_11s_7ns_17_2_0_U14127  |mul_11s_7ns_17_2_0  |        0|   1|   47|   1|    0|
    |mul_11s_7ns_17_2_0_U14128  |mul_11s_7ns_17_2_0  |        0|   1|   47|   1|    0|
    |mul_11s_7ns_17_2_0_U14129  |mul_11s_7ns_17_2_0  |        0|   1|   47|   1|    0|
    |mul_11s_7ns_17_2_0_U14130  |mul_11s_7ns_17_2_0  |        0|   1|   47|   1|    0|
    |mul_11s_7ns_17_2_0_U14131  |mul_11s_7ns_17_2_0  |        0|   1|   47|   1|    0|
    |mul_11s_7ns_17_2_0_U14132  |mul_11s_7ns_17_2_0  |        0|   1|   47|   1|    0|
    |mul_11s_7ns_17_2_0_U14133  |mul_11s_7ns_17_2_0  |        0|   1|   47|   1|    0|
    |mul_11s_7ns_17_2_0_U14134  |mul_11s_7ns_17_2_0  |        0|   1|   47|   1|    0|
    |mul_11s_7ns_17_2_0_U14135  |mul_11s_7ns_17_2_0  |        0|   1|   47|   1|    0|
    |mul_11s_7ns_17_2_0_U14136  |mul_11s_7ns_17_2_0  |        0|   1|   47|   1|    0|
    |mul_11s_7ns_17_2_0_U14137  |mul_11s_7ns_17_2_0  |        0|   1|   47|   1|    0|
    |mul_11s_7ns_17_2_0_U14138  |mul_11s_7ns_17_2_0  |        0|   1|   47|   1|    0|
    |mul_11s_7ns_17_2_0_U14139  |mul_11s_7ns_17_2_0  |        0|   1|   47|   1|    0|
    |mul_11s_7ns_17_2_0_U14140  |mul_11s_7ns_17_2_0  |        0|   1|   47|   1|    0|
    |mul_11s_7ns_17_2_0_U14141  |mul_11s_7ns_17_2_0  |        0|   1|   47|   1|    0|
    |mul_11s_7ns_17_2_0_U14142  |mul_11s_7ns_17_2_0  |        0|   1|   47|   1|    0|
    |mul_11s_7ns_17_2_0_U14143  |mul_11s_7ns_17_2_0  |        0|   1|   47|   1|    0|
    |mul_11s_7ns_17_2_0_U14144  |mul_11s_7ns_17_2_0  |        0|   1|   47|   1|    0|
    |mul_11s_7ns_17_2_0_U14145  |mul_11s_7ns_17_2_0  |        0|   1|   47|   1|    0|
    |mul_11s_7ns_17_2_0_U14146  |mul_11s_7ns_17_2_0  |        0|   1|   47|   1|    0|
    |mul_11s_7ns_17_2_0_U14147  |mul_11s_7ns_17_2_0  |        0|   1|   47|   1|    0|
    |mul_11s_7ns_17_2_0_U14148  |mul_11s_7ns_17_2_0  |        0|   1|   47|   1|    0|
    |mul_11s_7ns_17_2_0_U14149  |mul_11s_7ns_17_2_0  |        0|   1|   47|   1|    0|
    |mul_11s_7ns_17_2_0_U14150  |mul_11s_7ns_17_2_0  |        0|   1|   47|   1|    0|
    |mul_11s_7ns_17_2_0_U14151  |mul_11s_7ns_17_2_0  |        0|   1|   47|   1|    0|
    |mul_11s_7ns_17_2_0_U14152  |mul_11s_7ns_17_2_0  |        0|   1|   47|   1|    0|
    |mul_11s_7ns_17_2_0_U14153  |mul_11s_7ns_17_2_0  |        0|   1|   47|   1|    0|
    |mul_11s_7ns_17_2_0_U14154  |mul_11s_7ns_17_2_0  |        0|   1|   47|   1|    0|
    |mul_11s_7ns_17_2_0_U14155  |mul_11s_7ns_17_2_0  |        0|   1|   47|   1|    0|
    |mul_11s_7ns_17_2_0_U14156  |mul_11s_7ns_17_2_0  |        0|   1|   47|   1|    0|
    |mul_11s_7ns_17_2_0_U14157  |mul_11s_7ns_17_2_0  |        0|   1|   47|   1|    0|
    |mul_11s_7ns_17_2_0_U14158  |mul_11s_7ns_17_2_0  |        0|   1|   47|   1|    0|
    |mul_11s_7ns_17_2_0_U14159  |mul_11s_7ns_17_2_0  |        0|   1|   47|   1|    0|
    |mul_11s_7ns_17_2_0_U14160  |mul_11s_7ns_17_2_0  |        0|   1|   47|   1|    0|
    |mul_11s_7ns_17_2_0_U14161  |mul_11s_7ns_17_2_0  |        0|   1|   47|   1|    0|
    |mul_11s_7ns_17_2_0_U14162  |mul_11s_7ns_17_2_0  |        0|   1|   47|   1|    0|
    |mul_11s_7ns_17_2_0_U14163  |mul_11s_7ns_17_2_0  |        0|   1|   47|   1|    0|
    |mul_11s_7ns_17_2_0_U14164  |mul_11s_7ns_17_2_0  |        0|   1|   47|   1|    0|
    |mul_11s_7ns_17_2_0_U14165  |mul_11s_7ns_17_2_0  |        0|   1|   47|   1|    0|
    |mul_11s_7ns_17_2_0_U14166  |mul_11s_7ns_17_2_0  |        0|   1|   47|   1|    0|
    |mul_11s_7ns_17_2_0_U14167  |mul_11s_7ns_17_2_0  |        0|   1|   47|   1|    0|
    |mul_11s_7ns_17_2_0_U14168  |mul_11s_7ns_17_2_0  |        0|   1|   47|   1|    0|
    |mul_11s_7ns_17_2_0_U14169  |mul_11s_7ns_17_2_0  |        0|   1|   47|   1|    0|
    |mul_11s_7ns_17_2_0_U14170  |mul_11s_7ns_17_2_0  |        0|   1|   47|   1|    0|
    |mul_11s_7ns_17_2_0_U14171  |mul_11s_7ns_17_2_0  |        0|   1|   47|   1|    0|
    |mul_11s_7ns_17_2_0_U14172  |mul_11s_7ns_17_2_0  |        0|   1|   47|   1|    0|
    |mul_11s_7ns_17_2_0_U14173  |mul_11s_7ns_17_2_0  |        0|   1|   47|   1|    0|
    |mul_11s_7ns_17_2_0_U14174  |mul_11s_7ns_17_2_0  |        0|   1|   47|   1|    0|
    |mul_11s_7ns_17_2_0_U14175  |mul_11s_7ns_17_2_0  |        0|   1|   47|   1|    0|
    |mul_11s_7ns_17_2_0_U14176  |mul_11s_7ns_17_2_0  |        0|   1|   47|   1|    0|
    |mul_11s_7ns_17_2_0_U14177  |mul_11s_7ns_17_2_0  |        0|   1|   47|   1|    0|
    |mul_11s_7ns_17_2_0_U14178  |mul_11s_7ns_17_2_0  |        0|   1|   47|   1|    0|
    |mul_11s_7ns_17_2_0_U14179  |mul_11s_7ns_17_2_0  |        0|   1|   47|   1|    0|
    |mul_11s_7ns_17_2_0_U14180  |mul_11s_7ns_17_2_0  |        0|   1|   47|   1|    0|
    |mul_11s_7ns_17_2_0_U14181  |mul_11s_7ns_17_2_0  |        0|   1|   47|   1|    0|
    |mul_11s_7ns_17_2_0_U14182  |mul_11s_7ns_17_2_0  |        0|   1|   47|   1|    0|
    |mul_11s_7ns_17_2_0_U14183  |mul_11s_7ns_17_2_0  |        0|   1|   47|   1|    0|
    |mul_11s_7ns_17_2_0_U14184  |mul_11s_7ns_17_2_0  |        0|   1|   47|   1|    0|
    |mul_11s_7ns_17_2_0_U14185  |mul_11s_7ns_17_2_0  |        0|   1|   47|   1|    0|
    |mul_11s_7ns_17_2_0_U14186  |mul_11s_7ns_17_2_0  |        0|   1|   47|   1|    0|
    |mul_11s_7ns_17_2_0_U14187  |mul_11s_7ns_17_2_0  |        0|   1|   47|   1|    0|
    |mul_11s_7ns_17_2_0_U14188  |mul_11s_7ns_17_2_0  |        0|   1|   47|   1|    0|
    |mul_11s_7ns_17_2_0_U14189  |mul_11s_7ns_17_2_0  |        0|   1|   47|   1|    0|
    |mul_11s_7ns_17_2_0_U14190  |mul_11s_7ns_17_2_0  |        0|   1|   47|   1|    0|
    |mul_11s_7ns_17_2_0_U14191  |mul_11s_7ns_17_2_0  |        0|   1|   47|   1|    0|
    |mul_11s_7ns_17_2_0_U14192  |mul_11s_7ns_17_2_0  |        0|   1|   47|   1|    0|
    |mul_11s_7ns_17_2_0_U14193  |mul_11s_7ns_17_2_0  |        0|   1|   47|   1|    0|
    |mul_11s_7ns_17_2_0_U14194  |mul_11s_7ns_17_2_0  |        0|   1|   47|   1|    0|
    |mul_11s_7ns_17_2_0_U14195  |mul_11s_7ns_17_2_0  |        0|   1|   47|   1|    0|
    |mul_11s_7ns_17_2_0_U14196  |mul_11s_7ns_17_2_0  |        0|   1|   47|   1|    0|
    |mul_11s_7ns_17_2_0_U14197  |mul_11s_7ns_17_2_0  |        0|   1|   47|   1|    0|
    |mul_11s_7ns_17_2_0_U14198  |mul_11s_7ns_17_2_0  |        0|   1|   47|   1|    0|
    |mul_11s_7ns_17_2_0_U14199  |mul_11s_7ns_17_2_0  |        0|   1|   47|   1|    0|
    |mul_11s_7ns_17_2_0_U14200  |mul_11s_7ns_17_2_0  |        0|   1|   47|   1|    0|
    |mul_11s_7ns_17_2_0_U14201  |mul_11s_7ns_17_2_0  |        0|   1|   47|   1|    0|
    |mul_11s_7ns_17_2_0_U14202  |mul_11s_7ns_17_2_0  |        0|   1|   47|   1|    0|
    |mul_11s_7ns_17_2_0_U14203  |mul_11s_7ns_17_2_0  |        0|   1|   47|   1|    0|
    |mul_11s_7ns_17_2_0_U14204  |mul_11s_7ns_17_2_0  |        0|   1|   47|   1|    0|
    |mul_11s_7ns_17_2_0_U14205  |mul_11s_7ns_17_2_0  |        0|   1|   47|   1|    0|
    |mul_11s_7ns_17_2_0_U14206  |mul_11s_7ns_17_2_0  |        0|   1|   47|   1|    0|
    |mul_11s_7ns_17_2_0_U14207  |mul_11s_7ns_17_2_0  |        0|   1|   47|   1|    0|
    |mul_11s_7ns_17_2_0_U14208  |mul_11s_7ns_17_2_0  |        0|   1|   47|   1|    0|
    |mul_11s_7ns_17_2_0_U14209  |mul_11s_7ns_17_2_0  |        0|   1|   47|   1|    0|
    |mul_11s_7ns_17_2_0_U14210  |mul_11s_7ns_17_2_0  |        0|   1|   47|   1|    0|
    |mul_11s_7ns_17_2_0_U14211  |mul_11s_7ns_17_2_0  |        0|   1|   47|   1|    0|
    |mul_11s_7ns_17_2_0_U14212  |mul_11s_7ns_17_2_0  |        0|   1|   47|   1|    0|
    |mul_11s_7ns_17_2_0_U14213  |mul_11s_7ns_17_2_0  |        0|   1|   47|   1|    0|
    |mul_11s_7ns_17_2_0_U14214  |mul_11s_7ns_17_2_0  |        0|   1|   47|   1|    0|
    |mul_11s_7ns_17_2_0_U14215  |mul_11s_7ns_17_2_0  |        0|   1|   47|   1|    0|
    |mul_11s_7ns_17_2_0_U14216  |mul_11s_7ns_17_2_0  |        0|   1|   47|   1|    0|
    |mul_11s_7ns_17_2_0_U14217  |mul_11s_7ns_17_2_0  |        0|   1|   47|   1|    0|
    |mul_11s_7ns_17_2_0_U14218  |mul_11s_7ns_17_2_0  |        0|   1|   47|   1|    0|
    |mul_11s_7ns_17_2_0_U14219  |mul_11s_7ns_17_2_0  |        0|   1|   47|   1|    0|
    |mul_11s_7ns_17_2_0_U14220  |mul_11s_7ns_17_2_0  |        0|   1|   47|   1|    0|
    |mul_11s_7ns_17_2_0_U14221  |mul_11s_7ns_17_2_0  |        0|   1|   47|   1|    0|
    |mul_11s_7ns_17_2_0_U14222  |mul_11s_7ns_17_2_0  |        0|   1|   47|   1|    0|
    |mul_11s_7ns_17_2_0_U14223  |mul_11s_7ns_17_2_0  |        0|   1|   47|   1|    0|
    |mul_11s_7ns_17_2_0_U14224  |mul_11s_7ns_17_2_0  |        0|   1|   47|   1|    0|
    |mul_11s_7ns_17_2_0_U14225  |mul_11s_7ns_17_2_0  |        0|   1|   47|   1|    0|
    |mul_11s_7ns_17_2_0_U14226  |mul_11s_7ns_17_2_0  |        0|   1|   47|   1|    0|
    |mul_11s_7ns_17_2_0_U14227  |mul_11s_7ns_17_2_0  |        0|   1|   47|   1|    0|
    |mul_11s_7ns_17_2_0_U14228  |mul_11s_7ns_17_2_0  |        0|   1|   47|   1|    0|
    |mul_11s_7ns_17_2_0_U14229  |mul_11s_7ns_17_2_0  |        0|   1|   47|   1|    0|
    |mul_11s_7ns_17_2_0_U14230  |mul_11s_7ns_17_2_0  |        0|   1|   47|   1|    0|
    |mul_11s_7ns_17_2_0_U14231  |mul_11s_7ns_17_2_0  |        0|   1|   47|   1|    0|
    |mul_11s_7ns_17_2_0_U14232  |mul_11s_7ns_17_2_0  |        0|   1|   47|   1|    0|
    |mul_11s_7ns_17_2_0_U14233  |mul_11s_7ns_17_2_0  |        0|   1|   47|   1|    0|
    |mul_11s_7ns_17_2_0_U14234  |mul_11s_7ns_17_2_0  |        0|   1|   47|   1|    0|
    |mul_11s_7ns_17_2_0_U14235  |mul_11s_7ns_17_2_0  |        0|   1|   47|   1|    0|
    |mul_11s_7ns_17_2_0_U14236  |mul_11s_7ns_17_2_0  |        0|   1|   47|   1|    0|
    |mul_11s_7ns_17_2_0_U14237  |mul_11s_7ns_17_2_0  |        0|   1|   47|   1|    0|
    |mul_11s_7ns_17_2_0_U14238  |mul_11s_7ns_17_2_0  |        0|   1|   47|   1|    0|
    |mul_11s_7ns_17_2_0_U14239  |mul_11s_7ns_17_2_0  |        0|   1|   47|   1|    0|
    |mul_11s_7ns_17_2_0_U14240  |mul_11s_7ns_17_2_0  |        0|   1|   47|   1|    0|
    |mul_11s_7ns_17_2_0_U14241  |mul_11s_7ns_17_2_0  |        0|   1|   47|   1|    0|
    |mul_11s_7ns_17_2_0_U14242  |mul_11s_7ns_17_2_0  |        0|   1|   47|   1|    0|
    |mul_11s_7ns_17_2_0_U14243  |mul_11s_7ns_17_2_0  |        0|   1|   47|   1|    0|
    |mul_11s_7ns_17_2_0_U14244  |mul_11s_7ns_17_2_0  |        0|   1|   47|   1|    0|
    |mul_11s_7ns_17_2_0_U14245  |mul_11s_7ns_17_2_0  |        0|   1|   47|   1|    0|
    |mul_11s_7ns_17_2_0_U14246  |mul_11s_7ns_17_2_0  |        0|   1|   47|   1|    0|
    |mul_11s_7ns_17_2_0_U14247  |mul_11s_7ns_17_2_0  |        0|   1|   47|   1|    0|
    |mul_11s_7ns_17_2_0_U14248  |mul_11s_7ns_17_2_0  |        0|   1|   47|   1|    0|
    |mul_11s_7ns_17_2_0_U14249  |mul_11s_7ns_17_2_0  |        0|   1|   47|   1|    0|
    |mul_11s_7ns_17_2_0_U14250  |mul_11s_7ns_17_2_0  |        0|   1|   47|   1|    0|
    |mul_11s_7ns_17_2_0_U14251  |mul_11s_7ns_17_2_0  |        0|   1|   47|   1|    0|
    |mul_11s_7ns_17_2_0_U14252  |mul_11s_7ns_17_2_0  |        0|   1|   47|   1|    0|
    |mul_11s_7ns_17_2_0_U14253  |mul_11s_7ns_17_2_0  |        0|   1|   47|   1|    0|
    |mul_11s_7ns_17_2_0_U14254  |mul_11s_7ns_17_2_0  |        0|   1|   47|   1|    0|
    |mul_11s_7ns_17_2_0_U14255  |mul_11s_7ns_17_2_0  |        0|   1|   47|   1|    0|
    |mul_11s_7ns_17_2_0_U14256  |mul_11s_7ns_17_2_0  |        0|   1|   47|   1|    0|
    |mul_11s_7ns_17_2_0_U14257  |mul_11s_7ns_17_2_0  |        0|   1|   47|   1|    0|
    |mul_11s_7ns_17_2_0_U14258  |mul_11s_7ns_17_2_0  |        0|   1|   47|   1|    0|
    |mul_11s_7ns_17_2_0_U14259  |mul_11s_7ns_17_2_0  |        0|   1|   47|   1|    0|
    |mul_11s_7ns_17_2_0_U14260  |mul_11s_7ns_17_2_0  |        0|   1|   47|   1|    0|
    |mul_11s_7ns_17_2_0_U14261  |mul_11s_7ns_17_2_0  |        0|   1|   47|   1|    0|
    |mul_11s_7ns_17_2_0_U14262  |mul_11s_7ns_17_2_0  |        0|   1|   47|   1|    0|
    |mul_11s_7ns_17_2_0_U14263  |mul_11s_7ns_17_2_0  |        0|   1|   47|   1|    0|
    |mul_11s_7ns_17_2_0_U14264  |mul_11s_7ns_17_2_0  |        0|   1|   47|   1|    0|
    |mul_11s_7ns_17_2_0_U14265  |mul_11s_7ns_17_2_0  |        0|   1|   47|   1|    0|
    |mul_11s_7ns_17_2_0_U14266  |mul_11s_7ns_17_2_0  |        0|   1|   47|   1|    0|
    |mul_11s_7ns_17_2_0_U14267  |mul_11s_7ns_17_2_0  |        0|   1|   47|   1|    0|
    |mul_11s_7ns_17_2_0_U14268  |mul_11s_7ns_17_2_0  |        0|   1|   47|   1|    0|
    |mul_11s_7ns_17_2_0_U14269  |mul_11s_7ns_17_2_0  |        0|   1|   47|   1|    0|
    |mul_11s_7ns_17_2_0_U14270  |mul_11s_7ns_17_2_0  |        0|   1|   47|   1|    0|
    |mul_11s_7ns_17_2_0_U14271  |mul_11s_7ns_17_2_0  |        0|   1|   47|   1|    0|
    |mul_11s_7ns_17_2_0_U14272  |mul_11s_7ns_17_2_0  |        0|   1|   47|   1|    0|
    |mul_11s_7ns_17_2_0_U14273  |mul_11s_7ns_17_2_0  |        0|   1|   47|   1|    0|
    |mul_11s_7ns_17_2_0_U14274  |mul_11s_7ns_17_2_0  |        0|   1|   47|   1|    0|
    |mul_11s_7ns_17_2_0_U14275  |mul_11s_7ns_17_2_0  |        0|   1|   47|   1|    0|
    |mul_11s_7ns_17_2_0_U14276  |mul_11s_7ns_17_2_0  |        0|   1|   47|   1|    0|
    |mul_11s_7ns_17_2_0_U14277  |mul_11s_7ns_17_2_0  |        0|   1|   47|   1|    0|
    |mul_11s_7ns_17_2_0_U14278  |mul_11s_7ns_17_2_0  |        0|   1|   47|   1|    0|
    |mul_11s_7ns_17_2_0_U14279  |mul_11s_7ns_17_2_0  |        0|   1|   47|   1|    0|
    |mul_11s_7ns_17_2_0_U14280  |mul_11s_7ns_17_2_0  |        0|   1|   47|   1|    0|
    |mul_11s_7ns_17_2_0_U14281  |mul_11s_7ns_17_2_0  |        0|   1|   47|   1|    0|
    |mul_11s_7ns_17_2_0_U14282  |mul_11s_7ns_17_2_0  |        0|   1|   47|   1|    0|
    |mul_11s_7ns_17_2_0_U14283  |mul_11s_7ns_17_2_0  |        0|   1|   47|   1|    0|
    |mul_11s_7ns_17_2_0_U14284  |mul_11s_7ns_17_2_0  |        0|   1|   47|   1|    0|
    |mul_11s_7ns_17_2_0_U14285  |mul_11s_7ns_17_2_0  |        0|   1|   47|   1|    0|
    |mul_11s_7ns_17_2_0_U14286  |mul_11s_7ns_17_2_0  |        0|   1|   47|   1|    0|
    |mul_11s_7ns_17_2_0_U14287  |mul_11s_7ns_17_2_0  |        0|   1|   47|   1|    0|
    |mul_11s_7ns_17_2_0_U14288  |mul_11s_7ns_17_2_0  |        0|   1|   47|   1|    0|
    |mul_11s_7ns_17_2_0_U14289  |mul_11s_7ns_17_2_0  |        0|   1|   47|   1|    0|
    |mul_11s_7ns_17_2_0_U14290  |mul_11s_7ns_17_2_0  |        0|   1|   47|   1|    0|
    |mul_11s_7ns_17_2_0_U14291  |mul_11s_7ns_17_2_0  |        0|   1|   47|   1|    0|
    |mul_11s_7ns_17_2_0_U14292  |mul_11s_7ns_17_2_0  |        0|   1|   47|   1|    0|
    |mul_11s_7ns_17_2_0_U14293  |mul_11s_7ns_17_2_0  |        0|   1|   47|   1|    0|
    |mul_11s_7ns_17_2_0_U14294  |mul_11s_7ns_17_2_0  |        0|   1|   47|   1|    0|
    |mul_11s_7ns_17_2_0_U14295  |mul_11s_7ns_17_2_0  |        0|   1|   47|   1|    0|
    |mul_11s_7ns_17_2_0_U14296  |mul_11s_7ns_17_2_0  |        0|   1|   47|   1|    0|
    |mul_11s_7ns_17_2_0_U14297  |mul_11s_7ns_17_2_0  |        0|   1|   47|   1|    0|
    |mul_11s_7ns_17_2_0_U14298  |mul_11s_7ns_17_2_0  |        0|   1|   47|   1|    0|
    |mul_11s_7ns_17_2_0_U14299  |mul_11s_7ns_17_2_0  |        0|   1|   47|   1|    0|
    |mul_11s_7ns_17_2_0_U14300  |mul_11s_7ns_17_2_0  |        0|   1|   47|   1|    0|
    |mul_11s_7ns_17_2_0_U14301  |mul_11s_7ns_17_2_0  |        0|   1|   47|   1|    0|
    |mul_11s_7ns_17_2_0_U14302  |mul_11s_7ns_17_2_0  |        0|   1|   47|   1|    0|
    |mul_11s_7ns_17_2_0_U14303  |mul_11s_7ns_17_2_0  |        0|   1|   47|   1|    0|
    |mul_11s_7ns_17_2_0_U14304  |mul_11s_7ns_17_2_0  |        0|   1|   47|   1|    0|
    |mul_11s_7ns_17_2_0_U14305  |mul_11s_7ns_17_2_0  |        0|   1|   47|   1|    0|
    |mul_11s_7ns_17_2_0_U14306  |mul_11s_7ns_17_2_0  |        0|   1|   47|   1|    0|
    |mul_11s_7ns_17_2_0_U14307  |mul_11s_7ns_17_2_0  |        0|   1|   47|   1|    0|
    |mul_11s_7ns_17_2_0_U14308  |mul_11s_7ns_17_2_0  |        0|   1|   47|   1|    0|
    |mul_11s_7ns_17_2_0_U14309  |mul_11s_7ns_17_2_0  |        0|   1|   47|   1|    0|
    |mul_11s_7ns_17_2_0_U14310  |mul_11s_7ns_17_2_0  |        0|   1|   47|   1|    0|
    |mul_11s_7ns_17_2_0_U14311  |mul_11s_7ns_17_2_0  |        0|   1|   47|   1|    0|
    |mul_11s_7ns_17_2_0_U14312  |mul_11s_7ns_17_2_0  |        0|   1|   47|   1|    0|
    |mul_11s_7ns_17_2_0_U14313  |mul_11s_7ns_17_2_0  |        0|   1|   47|   1|    0|
    |mul_11s_7ns_17_2_0_U14314  |mul_11s_7ns_17_2_0  |        0|   1|   47|   1|    0|
    |mul_11s_7ns_17_2_0_U14315  |mul_11s_7ns_17_2_0  |        0|   1|   47|   1|    0|
    |mul_11s_7ns_17_2_0_U14316  |mul_11s_7ns_17_2_0  |        0|   1|   47|   1|    0|
    |mul_11s_7ns_17_2_0_U14317  |mul_11s_7ns_17_2_0  |        0|   1|   47|   1|    0|
    |mul_11s_7ns_17_2_0_U14318  |mul_11s_7ns_17_2_0  |        0|   1|   47|   1|    0|
    |mul_11s_7ns_17_2_0_U14319  |mul_11s_7ns_17_2_0  |        0|   1|   47|   1|    0|
    |mul_11s_7ns_17_2_0_U14320  |mul_11s_7ns_17_2_0  |        0|   1|   47|   1|    0|
    |mul_11s_7ns_17_2_0_U14321  |mul_11s_7ns_17_2_0  |        0|   1|   47|   1|    0|
    |mul_11s_7ns_17_2_0_U14322  |mul_11s_7ns_17_2_0  |        0|   1|   47|   1|    0|
    |mul_11s_7ns_17_2_0_U14323  |mul_11s_7ns_17_2_0  |        0|   1|   47|   1|    0|
    |mul_11s_7ns_17_2_0_U14324  |mul_11s_7ns_17_2_0  |        0|   1|   47|   1|    0|
    |mul_11s_7ns_17_2_0_U14325  |mul_11s_7ns_17_2_0  |        0|   1|   47|   1|    0|
    |mul_11s_7ns_17_2_0_U14326  |mul_11s_7ns_17_2_0  |        0|   1|   47|   1|    0|
    |mul_11s_7ns_17_2_0_U14327  |mul_11s_7ns_17_2_0  |        0|   1|   47|   1|    0|
    |mul_11s_7ns_17_2_0_U14328  |mul_11s_7ns_17_2_0  |        0|   1|   47|   1|    0|
    |mul_11s_7ns_17_2_0_U14329  |mul_11s_7ns_17_2_0  |        0|   1|   47|   1|    0|
    |mul_11s_7ns_17_2_0_U14330  |mul_11s_7ns_17_2_0  |        0|   1|   47|   1|    0|
    |mul_11s_7ns_17_2_0_U14331  |mul_11s_7ns_17_2_0  |        0|   1|   47|   1|    0|
    |mul_11s_7ns_17_2_0_U14332  |mul_11s_7ns_17_2_0  |        0|   1|   47|   1|    0|
    |mul_11s_7ns_17_2_0_U14333  |mul_11s_7ns_17_2_0  |        0|   1|   47|   1|    0|
    |mul_11s_7ns_17_2_0_U14334  |mul_11s_7ns_17_2_0  |        0|   1|   47|   1|    0|
    |mul_11s_7ns_17_2_0_U14335  |mul_11s_7ns_17_2_0  |        0|   1|   47|   1|    0|
    |mul_11s_7ns_17_2_0_U14336  |mul_11s_7ns_17_2_0  |        0|   1|   47|   1|    0|
    |mul_11s_7ns_17_2_0_U14337  |mul_11s_7ns_17_2_0  |        0|   1|   47|   1|    0|
    |mul_11s_7ns_17_2_0_U14338  |mul_11s_7ns_17_2_0  |        0|   1|   47|   1|    0|
    |mul_11s_7ns_17_2_0_U14339  |mul_11s_7ns_17_2_0  |        0|   1|   47|   1|    0|
    |mul_11s_7ns_17_2_0_U14340  |mul_11s_7ns_17_2_0  |        0|   1|   47|   1|    0|
    |mul_11s_7ns_17_2_0_U14341  |mul_11s_7ns_17_2_0  |        0|   1|   47|   1|    0|
    |mul_11s_7ns_17_2_0_U14342  |mul_11s_7ns_17_2_0  |        0|   1|   47|   1|    0|
    |mul_11s_7ns_17_2_0_U14343  |mul_11s_7ns_17_2_0  |        0|   1|   47|   1|    0|
    |mul_11s_7ns_17_2_0_U14344  |mul_11s_7ns_17_2_0  |        0|   1|   47|   1|    0|
    |mul_11s_7ns_17_2_0_U14345  |mul_11s_7ns_17_2_0  |        0|   1|   47|   1|    0|
    |mul_11s_7ns_17_2_0_U14346  |mul_11s_7ns_17_2_0  |        0|   1|   47|   1|    0|
    |mul_11s_7ns_17_2_0_U14347  |mul_11s_7ns_17_2_0  |        0|   1|   47|   1|    0|
    |mul_11s_7ns_17_2_0_U14348  |mul_11s_7ns_17_2_0  |        0|   1|   47|   1|    0|
    |mul_11s_7ns_17_2_0_U14349  |mul_11s_7ns_17_2_0  |        0|   1|   47|   1|    0|
    |mul_11s_7ns_17_2_0_U14350  |mul_11s_7ns_17_2_0  |        0|   1|   47|   1|    0|
    |mul_11s_7ns_17_2_0_U14351  |mul_11s_7ns_17_2_0  |        0|   1|   47|   1|    0|
    |mul_11s_7ns_17_2_0_U14352  |mul_11s_7ns_17_2_0  |        0|   1|   47|   1|    0|
    |mul_11s_7ns_17_2_0_U14353  |mul_11s_7ns_17_2_0  |        0|   1|   47|   1|    0|
    |mul_11s_7ns_17_2_0_U14354  |mul_11s_7ns_17_2_0  |        0|   1|   47|   1|    0|
    |mul_11s_7ns_17_2_0_U14355  |mul_11s_7ns_17_2_0  |        0|   1|   47|   1|    0|
    |mul_11s_7ns_17_2_0_U14356  |mul_11s_7ns_17_2_0  |        0|   1|   47|   1|    0|
    |mul_11s_7ns_17_2_0_U14357  |mul_11s_7ns_17_2_0  |        0|   1|   47|   1|    0|
    |mul_11s_7ns_17_2_0_U14358  |mul_11s_7ns_17_2_0  |        0|   1|   47|   1|    0|
    |mul_11s_7ns_17_2_0_U14359  |mul_11s_7ns_17_2_0  |        0|   1|   47|   1|    0|
    |mul_11s_7ns_17_2_0_U14360  |mul_11s_7ns_17_2_0  |        0|   1|   47|   1|    0|
    |mul_11s_7ns_17_2_0_U14361  |mul_11s_7ns_17_2_0  |        0|   1|   47|   1|    0|
    |mul_11s_7ns_17_2_0_U14362  |mul_11s_7ns_17_2_0  |        0|   1|   47|   1|    0|
    |mul_11s_7ns_17_2_0_U14363  |mul_11s_7ns_17_2_0  |        0|   1|   47|   1|    0|
    |mul_11s_7ns_17_2_0_U14364  |mul_11s_7ns_17_2_0  |        0|   1|   47|   1|    0|
    |mul_11s_7ns_17_2_0_U14365  |mul_11s_7ns_17_2_0  |        0|   1|   47|   1|    0|
    |mul_11s_7ns_17_2_0_U14366  |mul_11s_7ns_17_2_0  |        0|   1|   47|   1|    0|
    |mul_11s_7ns_17_2_0_U14367  |mul_11s_7ns_17_2_0  |        0|   1|   47|   1|    0|
    |mul_11s_7ns_17_2_0_U14368  |mul_11s_7ns_17_2_0  |        0|   1|   47|   1|    0|
    |mul_11s_7ns_17_2_0_U14369  |mul_11s_7ns_17_2_0  |        0|   1|   47|   1|    0|
    |mul_11s_7ns_17_2_0_U14370  |mul_11s_7ns_17_2_0  |        0|   1|   47|   1|    0|
    |mul_11s_7ns_17_2_0_U14371  |mul_11s_7ns_17_2_0  |        0|   1|   47|   1|    0|
    |mul_11s_7ns_17_2_0_U14372  |mul_11s_7ns_17_2_0  |        0|   1|   47|   1|    0|
    |mul_11s_7ns_17_2_0_U14373  |mul_11s_7ns_17_2_0  |        0|   1|   47|   1|    0|
    |mul_11s_7ns_17_2_0_U14374  |mul_11s_7ns_17_2_0  |        0|   1|   47|   1|    0|
    |mul_11s_7ns_17_2_0_U14375  |mul_11s_7ns_17_2_0  |        0|   1|   47|   1|    0|
    |mul_11s_7ns_17_2_0_U14376  |mul_11s_7ns_17_2_0  |        0|   1|   47|   1|    0|
    |mul_11s_7ns_17_2_0_U14377  |mul_11s_7ns_17_2_0  |        0|   1|   47|   1|    0|
    |mul_11s_7ns_17_2_0_U14378  |mul_11s_7ns_17_2_0  |        0|   1|   47|   1|    0|
    |mul_11s_7ns_17_2_0_U14379  |mul_11s_7ns_17_2_0  |        0|   1|   47|   1|    0|
    |mul_11s_7ns_17_2_0_U14380  |mul_11s_7ns_17_2_0  |        0|   1|   47|   1|    0|
    |mul_11s_7ns_17_2_0_U14381  |mul_11s_7ns_17_2_0  |        0|   1|   47|   1|    0|
    |mul_11s_7ns_17_2_0_U14382  |mul_11s_7ns_17_2_0  |        0|   1|   47|   1|    0|
    |mul_11s_7ns_17_2_0_U14383  |mul_11s_7ns_17_2_0  |        0|   1|   47|   1|    0|
    |mul_11s_7ns_17_2_0_U14384  |mul_11s_7ns_17_2_0  |        0|   1|   47|   1|    0|
    |mul_11s_7ns_17_2_0_U14385  |mul_11s_7ns_17_2_0  |        0|   1|   47|   1|    0|
    |mul_11s_7ns_17_2_0_U14386  |mul_11s_7ns_17_2_0  |        0|   1|   47|   1|    0|
    |mul_11s_7ns_17_2_0_U14387  |mul_11s_7ns_17_2_0  |        0|   1|   47|   1|    0|
    +---------------------------+--------------------+---------+----+-----+----+-----+
    |Total                      |                    |        0| 512|24064| 512|    0|
    +---------------------------+--------------------+---------+----+-----+----+-----+

    * DSP: 
    N/A

    * Memory: 
    N/A

    * FIFO: 
    N/A

    * Expression: 
    +-----------------------------+----------+----+---+-----+------------+------------+
    |        Variable Name        | Operation| DSP| FF| LUT | Bitwidth P0| Bitwidth P1|
    +-----------------------------+----------+----+---+-----+------------+------------+
    |add_ln59_2834_fu_1059501_p2  |         +|   0|  0|   28|          21|          12|
    |add_ln59_2835_fu_1059514_p2  |         +|   0|  0|   28|          21|          14|
    |add_ln59_2836_fu_1059527_p2  |         +|   0|  0|   28|          21|          13|
    |add_ln59_2837_fu_1059540_p2  |         +|   0|  0|   28|          21|          13|
    |add_ln59_2838_fu_1059553_p2  |         +|   0|  0|   28|          21|          12|
    |add_ln59_2839_fu_1059566_p2  |         +|   0|  0|   28|          21|          12|
    |add_ln59_2840_fu_1059579_p2  |         +|   0|  0|   28|          21|          10|
    |add_ln59_2841_fu_1059592_p2  |         +|   0|  0|   28|          21|           9|
    |add_ln59_2842_fu_1059605_p2  |         +|   0|  0|   28|          21|           7|
    |add_ln59_2843_fu_1059618_p2  |         +|   0|  0|   28|          21|          11|
    |add_ln59_2844_fu_1059631_p2  |         +|   0|  0|   28|          21|          12|
    |add_ln59_2845_fu_1059644_p2  |         +|   0|  0|   28|          21|          11|
    |add_ln59_2846_fu_1059657_p2  |         +|   0|  0|   28|          21|          13|
    |add_ln59_2847_fu_1059670_p2  |         +|   0|  0|   28|          21|          11|
    |add_ln59_2848_fu_1059683_p2  |         +|   0|  0|   28|          21|          11|
    |add_ln59_2849_fu_1059696_p2  |         +|   0|  0|   28|          21|          11|
    |add_ln59_2850_fu_1059709_p2  |         +|   0|  0|   28|          21|          13|
    |add_ln59_2851_fu_1059722_p2  |         +|   0|  0|   28|          21|          12|
    |add_ln59_2852_fu_1059735_p2  |         +|   0|  0|   28|          21|          12|
    |add_ln59_2853_fu_1059748_p2  |         +|   0|  0|   28|          21|          13|
    |add_ln59_2854_fu_1059761_p2  |         +|   0|  0|   28|          21|          12|
    |add_ln59_2855_fu_1059774_p2  |         +|   0|  0|   28|          21|          13|
    |add_ln59_2856_fu_1059787_p2  |         +|   0|  0|   28|          21|          13|
    |add_ln59_2857_fu_1059800_p2  |         +|   0|  0|   28|          21|          12|
    |add_ln59_2858_fu_1059813_p2  |         +|   0|  0|   28|          21|          13|
    |add_ln59_2859_fu_1059826_p2  |         +|   0|  0|   28|          21|          13|
    |add_ln59_2860_fu_1059839_p2  |         +|   0|  0|   28|          21|          12|
    |add_ln59_2861_fu_1059852_p2  |         +|   0|  0|   28|          21|          14|
    |add_ln59_2862_fu_1059865_p2  |         +|   0|  0|   28|          21|           5|
    |add_ln59_2863_fu_1059878_p2  |         +|   0|  0|   28|          21|          12|
    |add_ln59_2864_fu_1059891_p2  |         +|   0|  0|   28|          21|          11|
    |add_ln59_2865_fu_1059904_p2  |         +|   0|  0|   28|          21|          13|
    |add_ln59_2866_fu_1059917_p2  |         +|   0|  0|   28|          21|          13|
    |add_ln59_2867_fu_1059930_p2  |         +|   0|  0|   28|          21|          13|
    |add_ln59_2868_fu_1059943_p2  |         +|   0|  0|   28|          21|          12|
    |add_ln59_2869_fu_1059956_p2  |         +|   0|  0|   28|          21|          13|
    |add_ln59_2870_fu_1059969_p2  |         +|   0|  0|   28|          21|          14|
    |add_ln59_2871_fu_1059982_p2  |         +|   0|  0|   28|          21|          13|
    |add_ln59_2872_fu_1059995_p2  |         +|   0|  0|   28|          21|          13|
    |add_ln59_2873_fu_1060008_p2  |         +|   0|  0|   28|          21|           9|
    |add_ln59_2874_fu_1060021_p2  |         +|   0|  0|   28|          21|          14|
    |add_ln59_2875_fu_1060034_p2  |         +|   0|  0|   28|          21|          12|
    |add_ln59_2876_fu_1060047_p2  |         +|   0|  0|   28|          21|          12|
    |add_ln59_2877_fu_1060060_p2  |         +|   0|  0|   28|          21|          11|
    |add_ln59_2878_fu_1060073_p2  |         +|   0|  0|   28|          21|          12|
    |add_ln59_2879_fu_1060086_p2  |         +|   0|  0|   28|          21|          13|
    |add_ln59_2880_fu_1060099_p2  |         +|   0|  0|   28|          21|          13|
    |add_ln59_2881_fu_1060112_p2  |         +|   0|  0|   28|          21|          10|
    |add_ln59_2882_fu_1060125_p2  |         +|   0|  0|   28|          21|          12|
    |add_ln59_2883_fu_1060138_p2  |         +|   0|  0|   28|          21|          13|
    |add_ln59_2884_fu_1060151_p2  |         +|   0|  0|   28|          21|          11|
    |add_ln59_2885_fu_1060164_p2  |         +|   0|  0|   28|          21|          12|
    |add_ln59_2886_fu_1060177_p2  |         +|   0|  0|   28|          21|          13|
    |add_ln59_2887_fu_1060190_p2  |         +|   0|  0|   28|          21|          13|
    |add_ln59_2888_fu_1060203_p2  |         +|   0|  0|   28|          21|          11|
    |add_ln59_2889_fu_1060216_p2  |         +|   0|  0|   28|          21|          13|
    |add_ln59_2890_fu_1060229_p2  |         +|   0|  0|   28|          21|          13|
    |add_ln59_2891_fu_1060242_p2  |         +|   0|  0|   28|          21|          14|
    |add_ln59_2892_fu_1060255_p2  |         +|   0|  0|   28|          21|          12|
    |add_ln59_2893_fu_1060268_p2  |         +|   0|  0|   28|          21|          14|
    |add_ln59_2894_fu_1060281_p2  |         +|   0|  0|   28|          21|           8|
    |add_ln59_2895_fu_1060294_p2  |         +|   0|  0|   28|          21|          14|
    |add_ln59_2896_fu_1060307_p2  |         +|   0|  0|   28|          21|          12|
    |add_ln59_2897_fu_1060320_p2  |         +|   0|  0|   28|          21|          13|
    |add_ln59_2898_fu_1060333_p2  |         +|   0|  0|   28|          21|          12|
    |add_ln59_2899_fu_1060346_p2  |         +|   0|  0|   28|          21|          14|
    |add_ln59_2900_fu_1060359_p2  |         +|   0|  0|   28|          21|          13|
    |add_ln59_2901_fu_1060372_p2  |         +|   0|  0|   28|          21|          13|
    |add_ln59_2902_fu_1060385_p2  |         +|   0|  0|   28|          21|          12|
    |add_ln59_2903_fu_1060398_p2  |         +|   0|  0|   28|          21|          12|
    |add_ln59_2904_fu_1060411_p2  |         +|   0|  0|   28|          21|          10|
    |add_ln59_2905_fu_1060424_p2  |         +|   0|  0|   28|          21|           9|
    |add_ln59_2906_fu_1060437_p2  |         +|   0|  0|   28|          21|           7|
    |add_ln59_2907_fu_1060450_p2  |         +|   0|  0|   28|          21|          11|
    |add_ln59_2908_fu_1060463_p2  |         +|   0|  0|   28|          21|          12|
    |add_ln59_2909_fu_1060476_p2  |         +|   0|  0|   28|          21|          11|
    |add_ln59_2910_fu_1060489_p2  |         +|   0|  0|   28|          21|          13|
    |add_ln59_2911_fu_1060502_p2  |         +|   0|  0|   28|          21|          11|
    |add_ln59_2912_fu_1060515_p2  |         +|   0|  0|   28|          21|          11|
    |add_ln59_2913_fu_1060528_p2  |         +|   0|  0|   28|          21|          11|
    |add_ln59_2914_fu_1060541_p2  |         +|   0|  0|   28|          21|          13|
    |add_ln59_2915_fu_1060554_p2  |         +|   0|  0|   28|          21|          12|
    |add_ln59_2916_fu_1060567_p2  |         +|   0|  0|   28|          21|          12|
    |add_ln59_2917_fu_1060580_p2  |         +|   0|  0|   28|          21|          13|
    |add_ln59_2918_fu_1060593_p2  |         +|   0|  0|   28|          21|          12|
    |add_ln59_2919_fu_1060606_p2  |         +|   0|  0|   28|          21|          13|
    |add_ln59_2920_fu_1060619_p2  |         +|   0|  0|   28|          21|          13|
    |add_ln59_2921_fu_1060632_p2  |         +|   0|  0|   28|          21|          12|
    |add_ln59_2922_fu_1060645_p2  |         +|   0|  0|   28|          21|          13|
    |add_ln59_2923_fu_1060658_p2  |         +|   0|  0|   28|          21|          13|
    |add_ln59_2924_fu_1060671_p2  |         +|   0|  0|   28|          21|          12|
    |add_ln59_2925_fu_1060684_p2  |         +|   0|  0|   28|          21|          14|
    |add_ln59_2926_fu_1060697_p2  |         +|   0|  0|   28|          21|           5|
    |add_ln59_2927_fu_1060710_p2  |         +|   0|  0|   28|          21|          12|
    |add_ln59_2928_fu_1060723_p2  |         +|   0|  0|   28|          21|          11|
    |add_ln59_2929_fu_1060736_p2  |         +|   0|  0|   28|          21|          13|
    |add_ln59_2930_fu_1060749_p2  |         +|   0|  0|   28|          21|          13|
    |add_ln59_2931_fu_1060762_p2  |         +|   0|  0|   28|          21|          13|
    |add_ln59_2932_fu_1060775_p2  |         +|   0|  0|   28|          21|          12|
    |add_ln59_2933_fu_1060788_p2  |         +|   0|  0|   28|          21|          13|
    |add_ln59_2934_fu_1060801_p2  |         +|   0|  0|   28|          21|          14|
    |add_ln59_2935_fu_1060814_p2  |         +|   0|  0|   28|          21|          13|
    |add_ln59_2936_fu_1060827_p2  |         +|   0|  0|   28|          21|          13|
    |add_ln59_2937_fu_1060840_p2  |         +|   0|  0|   28|          21|           9|
    |add_ln59_2938_fu_1060853_p2  |         +|   0|  0|   28|          21|          14|
    |add_ln59_2939_fu_1060866_p2  |         +|   0|  0|   28|          21|          12|
    |add_ln59_2940_fu_1060879_p2  |         +|   0|  0|   28|          21|          12|
    |add_ln59_2941_fu_1060892_p2  |         +|   0|  0|   28|          21|          11|
    |add_ln59_2942_fu_1060905_p2  |         +|   0|  0|   28|          21|          12|
    |add_ln59_2943_fu_1060918_p2  |         +|   0|  0|   28|          21|          13|
    |add_ln59_2944_fu_1060931_p2  |         +|   0|  0|   28|          21|          13|
    |add_ln59_2945_fu_1060944_p2  |         +|   0|  0|   28|          21|          10|
    |add_ln59_2946_fu_1060957_p2  |         +|   0|  0|   28|          21|          12|
    |add_ln59_2947_fu_1060970_p2  |         +|   0|  0|   28|          21|          13|
    |add_ln59_2948_fu_1060983_p2  |         +|   0|  0|   28|          21|          11|
    |add_ln59_2949_fu_1060996_p2  |         +|   0|  0|   28|          21|          12|
    |add_ln59_2950_fu_1061009_p2  |         +|   0|  0|   28|          21|          13|
    |add_ln59_2951_fu_1061022_p2  |         +|   0|  0|   28|          21|          13|
    |add_ln59_2952_fu_1061035_p2  |         +|   0|  0|   28|          21|          11|
    |add_ln59_2953_fu_1061048_p2  |         +|   0|  0|   28|          21|          13|
    |add_ln59_2954_fu_1061061_p2  |         +|   0|  0|   28|          21|          13|
    |add_ln59_2955_fu_1061074_p2  |         +|   0|  0|   28|          21|          14|
    |add_ln59_2956_fu_1061087_p2  |         +|   0|  0|   28|          21|          12|
    |add_ln59_2957_fu_1061100_p2  |         +|   0|  0|   28|          21|          14|
    |add_ln59_2958_fu_1061113_p2  |         +|   0|  0|   28|          21|           8|
    |add_ln59_2959_fu_1061126_p2  |         +|   0|  0|   28|          21|          14|
    |add_ln59_2960_fu_1061139_p2  |         +|   0|  0|   28|          21|          12|
    |add_ln59_2961_fu_1061152_p2  |         +|   0|  0|   28|          21|          13|
    |add_ln59_2962_fu_1061165_p2  |         +|   0|  0|   28|          21|          12|
    |add_ln59_2963_fu_1061178_p2  |         +|   0|  0|   28|          21|          14|
    |add_ln59_2964_fu_1061191_p2  |         +|   0|  0|   28|          21|          13|
    |add_ln59_2965_fu_1061204_p2  |         +|   0|  0|   28|          21|          13|
    |add_ln59_2966_fu_1061217_p2  |         +|   0|  0|   28|          21|          12|
    |add_ln59_2967_fu_1061230_p2  |         +|   0|  0|   28|          21|          12|
    |add_ln59_2968_fu_1061243_p2  |         +|   0|  0|   28|          21|          10|
    |add_ln59_2969_fu_1061256_p2  |         +|   0|  0|   28|          21|           9|
    |add_ln59_2970_fu_1061269_p2  |         +|   0|  0|   28|          21|           7|
    |add_ln59_2971_fu_1061282_p2  |         +|   0|  0|   28|          21|          11|
    |add_ln59_2972_fu_1061295_p2  |         +|   0|  0|   28|          21|          12|
    |add_ln59_2973_fu_1061308_p2  |         +|   0|  0|   28|          21|          11|
    |add_ln59_2974_fu_1061321_p2  |         +|   0|  0|   28|          21|          13|
    |add_ln59_2975_fu_1061334_p2  |         +|   0|  0|   28|          21|          11|
    |add_ln59_2976_fu_1061347_p2  |         +|   0|  0|   28|          21|          11|
    |add_ln59_2977_fu_1061360_p2  |         +|   0|  0|   28|          21|          11|
    |add_ln59_2978_fu_1061373_p2  |         +|   0|  0|   28|          21|          13|
    |add_ln59_2979_fu_1061386_p2  |         +|   0|  0|   28|          21|          12|
    |add_ln59_2980_fu_1061399_p2  |         +|   0|  0|   28|          21|          12|
    |add_ln59_2981_fu_1061412_p2  |         +|   0|  0|   28|          21|          13|
    |add_ln59_2982_fu_1061425_p2  |         +|   0|  0|   28|          21|          12|
    |add_ln59_2983_fu_1061438_p2  |         +|   0|  0|   28|          21|          13|
    |add_ln59_2984_fu_1061451_p2  |         +|   0|  0|   28|          21|          13|
    |add_ln59_2985_fu_1061464_p2  |         +|   0|  0|   28|          21|          12|
    |add_ln59_2986_fu_1061477_p2  |         +|   0|  0|   28|          21|          13|
    |add_ln59_2987_fu_1061490_p2  |         +|   0|  0|   28|          21|          13|
    |add_ln59_2988_fu_1061503_p2  |         +|   0|  0|   28|          21|          12|
    |add_ln59_2989_fu_1061516_p2  |         +|   0|  0|   28|          21|          14|
    |add_ln59_2990_fu_1061529_p2  |         +|   0|  0|   28|          21|           5|
    |add_ln59_2991_fu_1061542_p2  |         +|   0|  0|   28|          21|          12|
    |add_ln59_2992_fu_1061555_p2  |         +|   0|  0|   28|          21|          11|
    |add_ln59_2993_fu_1061568_p2  |         +|   0|  0|   28|          21|          13|
    |add_ln59_2994_fu_1061581_p2  |         +|   0|  0|   28|          21|          13|
    |add_ln59_2995_fu_1061594_p2  |         +|   0|  0|   28|          21|          13|
    |add_ln59_2996_fu_1061607_p2  |         +|   0|  0|   28|          21|          12|
    |add_ln59_2997_fu_1061620_p2  |         +|   0|  0|   28|          21|          13|
    |add_ln59_2998_fu_1061633_p2  |         +|   0|  0|   28|          21|          14|
    |add_ln59_2999_fu_1061646_p2  |         +|   0|  0|   28|          21|          13|
    |add_ln59_3000_fu_1061659_p2  |         +|   0|  0|   28|          21|          13|
    |add_ln59_3001_fu_1061672_p2  |         +|   0|  0|   28|          21|           9|
    |add_ln59_3002_fu_1061685_p2  |         +|   0|  0|   28|          21|          14|
    |add_ln59_3003_fu_1061698_p2  |         +|   0|  0|   28|          21|          12|
    |add_ln59_3004_fu_1061711_p2  |         +|   0|  0|   28|          21|          12|
    |add_ln59_3005_fu_1061724_p2  |         +|   0|  0|   28|          21|          11|
    |add_ln59_3006_fu_1061737_p2  |         +|   0|  0|   28|          21|          12|
    |add_ln59_3007_fu_1061750_p2  |         +|   0|  0|   28|          21|          13|
    |add_ln59_3008_fu_1061763_p2  |         +|   0|  0|   28|          21|          13|
    |add_ln59_3009_fu_1061776_p2  |         +|   0|  0|   28|          21|          10|
    |add_ln59_3010_fu_1061789_p2  |         +|   0|  0|   28|          21|          12|
    |add_ln59_3011_fu_1061802_p2  |         +|   0|  0|   28|          21|          13|
    |add_ln59_3012_fu_1061815_p2  |         +|   0|  0|   28|          21|          11|
    |add_ln59_3013_fu_1061828_p2  |         +|   0|  0|   28|          21|          12|
    |add_ln59_3014_fu_1061841_p2  |         +|   0|  0|   28|          21|          13|
    |add_ln59_3015_fu_1061854_p2  |         +|   0|  0|   28|          21|          13|
    |add_ln59_3016_fu_1061867_p2  |         +|   0|  0|   28|          21|          11|
    |add_ln59_3017_fu_1061880_p2  |         +|   0|  0|   28|          21|          13|
    |add_ln59_3018_fu_1061893_p2  |         +|   0|  0|   28|          21|          13|
    |add_ln59_3019_fu_1061906_p2  |         +|   0|  0|   28|          21|          14|
    |add_ln59_3020_fu_1061919_p2  |         +|   0|  0|   28|          21|          12|
    |add_ln59_3021_fu_1061932_p2  |         +|   0|  0|   28|          21|          14|
    |add_ln59_3022_fu_1061945_p2  |         +|   0|  0|   28|          21|           8|
    |add_ln59_3023_fu_1061958_p2  |         +|   0|  0|   28|          21|          14|
    |add_ln59_3024_fu_1061971_p2  |         +|   0|  0|   28|          21|          12|
    |add_ln59_3025_fu_1061984_p2  |         +|   0|  0|   28|          21|          13|
    |add_ln59_3026_fu_1061997_p2  |         +|   0|  0|   28|          21|          12|
    |add_ln59_3027_fu_1062010_p2  |         +|   0|  0|   28|          21|          14|
    |add_ln59_3028_fu_1062023_p2  |         +|   0|  0|   28|          21|          13|
    |add_ln59_3029_fu_1062036_p2  |         +|   0|  0|   28|          21|          13|
    |add_ln59_3030_fu_1062049_p2  |         +|   0|  0|   28|          21|          12|
    |add_ln59_3031_fu_1062062_p2  |         +|   0|  0|   28|          21|          12|
    |add_ln59_3032_fu_1062075_p2  |         +|   0|  0|   28|          21|          10|
    |add_ln59_3033_fu_1062088_p2  |         +|   0|  0|   28|          21|           9|
    |add_ln59_3034_fu_1062101_p2  |         +|   0|  0|   28|          21|           7|
    |add_ln59_3035_fu_1062114_p2  |         +|   0|  0|   28|          21|          11|
    |add_ln59_3036_fu_1062127_p2  |         +|   0|  0|   28|          21|          12|
    |add_ln59_3037_fu_1062140_p2  |         +|   0|  0|   28|          21|          11|
    |add_ln59_3038_fu_1062153_p2  |         +|   0|  0|   28|          21|          13|
    |add_ln59_3039_fu_1062166_p2  |         +|   0|  0|   28|          21|          11|
    |add_ln59_3040_fu_1062179_p2  |         +|   0|  0|   28|          21|          11|
    |add_ln59_3041_fu_1062192_p2  |         +|   0|  0|   28|          21|          11|
    |add_ln59_3042_fu_1062205_p2  |         +|   0|  0|   28|          21|          13|
    |add_ln59_3043_fu_1062218_p2  |         +|   0|  0|   28|          21|          12|
    |add_ln59_3044_fu_1062231_p2  |         +|   0|  0|   28|          21|          12|
    |add_ln59_3045_fu_1062244_p2  |         +|   0|  0|   28|          21|          13|
    |add_ln59_3046_fu_1062257_p2  |         +|   0|  0|   28|          21|          12|
    |add_ln59_3047_fu_1062270_p2  |         +|   0|  0|   28|          21|          13|
    |add_ln59_3048_fu_1062283_p2  |         +|   0|  0|   28|          21|          13|
    |add_ln59_3049_fu_1062296_p2  |         +|   0|  0|   28|          21|          12|
    |add_ln59_3050_fu_1062309_p2  |         +|   0|  0|   28|          21|          13|
    |add_ln59_3051_fu_1062322_p2  |         +|   0|  0|   28|          21|          13|
    |add_ln59_3052_fu_1062335_p2  |         +|   0|  0|   28|          21|          12|
    |add_ln59_3053_fu_1062348_p2  |         +|   0|  0|   28|          21|          14|
    |add_ln59_3054_fu_1062361_p2  |         +|   0|  0|   28|          21|           5|
    |add_ln59_3055_fu_1062374_p2  |         +|   0|  0|   28|          21|          12|
    |add_ln59_3056_fu_1062387_p2  |         +|   0|  0|   28|          21|          11|
    |add_ln59_3057_fu_1062400_p2  |         +|   0|  0|   28|          21|          13|
    |add_ln59_3058_fu_1062413_p2  |         +|   0|  0|   28|          21|          13|
    |add_ln59_3059_fu_1062426_p2  |         +|   0|  0|   28|          21|          13|
    |add_ln59_3060_fu_1062439_p2  |         +|   0|  0|   28|          21|          12|
    |add_ln59_3061_fu_1062452_p2  |         +|   0|  0|   28|          21|          13|
    |add_ln59_3062_fu_1062465_p2  |         +|   0|  0|   28|          21|          14|
    |add_ln59_3063_fu_1062478_p2  |         +|   0|  0|   28|          21|          13|
    |add_ln59_3064_fu_1062491_p2  |         +|   0|  0|   28|          21|          13|
    |add_ln59_3065_fu_1062504_p2  |         +|   0|  0|   28|          21|           9|
    |add_ln59_3066_fu_1062517_p2  |         +|   0|  0|   28|          21|          14|
    |add_ln59_3067_fu_1062530_p2  |         +|   0|  0|   28|          21|          12|
    |add_ln59_3068_fu_1062543_p2  |         +|   0|  0|   28|          21|          12|
    |add_ln59_3069_fu_1062556_p2  |         +|   0|  0|   28|          21|          11|
    |add_ln59_3070_fu_1062569_p2  |         +|   0|  0|   28|          21|          12|
    |add_ln59_3071_fu_1062582_p2  |         +|   0|  0|   28|          21|          13|
    |add_ln59_3072_fu_1062595_p2  |         +|   0|  0|   28|          21|          13|
    |add_ln59_3073_fu_1062608_p2  |         +|   0|  0|   28|          21|          10|
    |add_ln59_3074_fu_1062621_p2  |         +|   0|  0|   28|          21|          12|
    |add_ln59_3075_fu_1062634_p2  |         +|   0|  0|   28|          21|          13|
    |add_ln59_3076_fu_1062647_p2  |         +|   0|  0|   28|          21|          11|
    |add_ln59_3077_fu_1062660_p2  |         +|   0|  0|   28|          21|          12|
    |add_ln59_3078_fu_1062673_p2  |         +|   0|  0|   28|          21|          13|
    |add_ln59_3079_fu_1062686_p2  |         +|   0|  0|   28|          21|          13|
    |add_ln59_3080_fu_1062699_p2  |         +|   0|  0|   28|          21|          11|
    |add_ln59_3081_fu_1062712_p2  |         +|   0|  0|   28|          21|          13|
    |add_ln59_3082_fu_1062725_p2  |         +|   0|  0|   28|          21|          13|
    |add_ln59_3083_fu_1062738_p2  |         +|   0|  0|   28|          21|          14|
    |add_ln59_3084_fu_1062751_p2  |         +|   0|  0|   28|          21|          12|
    |add_ln59_3085_fu_1062764_p2  |         +|   0|  0|   28|          21|          14|
    |add_ln59_3086_fu_1062777_p2  |         +|   0|  0|   28|          21|           8|
    |add_ln59_3087_fu_1062790_p2  |         +|   0|  0|   28|          21|          14|
    |add_ln59_3088_fu_1062803_p2  |         +|   0|  0|   28|          21|          12|
    |add_ln59_3089_fu_1062816_p2  |         +|   0|  0|   28|          21|          13|
    |add_ln59_3090_fu_1062829_p2  |         +|   0|  0|   28|          21|          12|
    |add_ln59_3091_fu_1062842_p2  |         +|   0|  0|   28|          21|          14|
    |add_ln59_3092_fu_1062855_p2  |         +|   0|  0|   28|          21|          13|
    |add_ln59_3093_fu_1062868_p2  |         +|   0|  0|   28|          21|          13|
    |add_ln59_3094_fu_1062881_p2  |         +|   0|  0|   28|          21|          12|
    |add_ln59_3095_fu_1062894_p2  |         +|   0|  0|   28|          21|          12|
    |add_ln59_3096_fu_1062907_p2  |         +|   0|  0|   28|          21|          10|
    |add_ln59_3097_fu_1062920_p2  |         +|   0|  0|   28|          21|           9|
    |add_ln59_3098_fu_1062933_p2  |         +|   0|  0|   28|          21|           7|
    |add_ln59_3099_fu_1062946_p2  |         +|   0|  0|   28|          21|          11|
    |add_ln59_3100_fu_1062959_p2  |         +|   0|  0|   28|          21|          12|
    |add_ln59_3101_fu_1062972_p2  |         +|   0|  0|   28|          21|          11|
    |add_ln59_3102_fu_1062985_p2  |         +|   0|  0|   28|          21|          13|
    |add_ln59_3103_fu_1062998_p2  |         +|   0|  0|   28|          21|          11|
    |add_ln59_3104_fu_1063011_p2  |         +|   0|  0|   28|          21|          11|
    |add_ln59_3105_fu_1063024_p2  |         +|   0|  0|   28|          21|          11|
    |add_ln59_3106_fu_1063037_p2  |         +|   0|  0|   28|          21|          13|
    |add_ln59_3107_fu_1063050_p2  |         +|   0|  0|   28|          21|          12|
    |add_ln59_3108_fu_1063063_p2  |         +|   0|  0|   28|          21|          12|
    |add_ln59_3109_fu_1063076_p2  |         +|   0|  0|   28|          21|          13|
    |add_ln59_3110_fu_1063089_p2  |         +|   0|  0|   28|          21|          12|
    |add_ln59_3111_fu_1063102_p2  |         +|   0|  0|   28|          21|          13|
    |add_ln59_3112_fu_1063115_p2  |         +|   0|  0|   28|          21|          13|
    |add_ln59_3113_fu_1063128_p2  |         +|   0|  0|   28|          21|          12|
    |add_ln59_3114_fu_1063141_p2  |         +|   0|  0|   28|          21|          13|
    |add_ln59_3115_fu_1063154_p2  |         +|   0|  0|   28|          21|          13|
    |add_ln59_3116_fu_1063167_p2  |         +|   0|  0|   28|          21|          12|
    |add_ln59_3117_fu_1063180_p2  |         +|   0|  0|   28|          21|          14|
    |add_ln59_3118_fu_1063193_p2  |         +|   0|  0|   28|          21|           5|
    |add_ln59_3119_fu_1063206_p2  |         +|   0|  0|   28|          21|          12|
    |add_ln59_3120_fu_1063219_p2  |         +|   0|  0|   28|          21|          11|
    |add_ln59_3121_fu_1063232_p2  |         +|   0|  0|   28|          21|          13|
    |add_ln59_3122_fu_1063245_p2  |         +|   0|  0|   28|          21|          13|
    |add_ln59_3123_fu_1063258_p2  |         +|   0|  0|   28|          21|          13|
    |add_ln59_3124_fu_1063271_p2  |         +|   0|  0|   28|          21|          12|
    |add_ln59_3125_fu_1063284_p2  |         +|   0|  0|   28|          21|          13|
    |add_ln59_3126_fu_1063297_p2  |         +|   0|  0|   28|          21|          14|
    |add_ln59_3127_fu_1063310_p2  |         +|   0|  0|   28|          21|          13|
    |add_ln59_3128_fu_1063323_p2  |         +|   0|  0|   28|          21|          13|
    |add_ln59_3129_fu_1063336_p2  |         +|   0|  0|   28|          21|           9|
    |add_ln59_3130_fu_1063349_p2  |         +|   0|  0|   28|          21|          14|
    |add_ln59_3131_fu_1063362_p2  |         +|   0|  0|   28|          21|          12|
    |add_ln59_3132_fu_1063375_p2  |         +|   0|  0|   28|          21|          12|
    |add_ln59_3133_fu_1063388_p2  |         +|   0|  0|   28|          21|          11|
    |add_ln59_3134_fu_1063401_p2  |         +|   0|  0|   28|          21|          12|
    |add_ln59_3135_fu_1063414_p2  |         +|   0|  0|   28|          21|          13|
    |add_ln59_3136_fu_1063427_p2  |         +|   0|  0|   28|          21|          13|
    |add_ln59_3137_fu_1063440_p2  |         +|   0|  0|   28|          21|          10|
    |add_ln59_3138_fu_1063453_p2  |         +|   0|  0|   28|          21|          12|
    |add_ln59_3139_fu_1063466_p2  |         +|   0|  0|   28|          21|          13|
    |add_ln59_3140_fu_1063479_p2  |         +|   0|  0|   28|          21|          11|
    |add_ln59_3141_fu_1063492_p2  |         +|   0|  0|   28|          21|          12|
    |add_ln59_3142_fu_1063505_p2  |         +|   0|  0|   28|          21|          13|
    |add_ln59_3143_fu_1063518_p2  |         +|   0|  0|   28|          21|          13|
    |add_ln59_3144_fu_1063531_p2  |         +|   0|  0|   28|          21|          11|
    |add_ln59_3145_fu_1063544_p2  |         +|   0|  0|   28|          21|          13|
    |add_ln59_3146_fu_1063557_p2  |         +|   0|  0|   28|          21|          13|
    |add_ln59_3147_fu_1063570_p2  |         +|   0|  0|   28|          21|          14|
    |add_ln59_3148_fu_1063583_p2  |         +|   0|  0|   28|          21|          12|
    |add_ln59_3149_fu_1063596_p2  |         +|   0|  0|   28|          21|          14|
    |add_ln59_3150_fu_1063609_p2  |         +|   0|  0|   28|          21|           8|
    |add_ln59_3151_fu_1063622_p2  |         +|   0|  0|   28|          21|          14|
    |add_ln59_3152_fu_1063635_p2  |         +|   0|  0|   28|          21|          12|
    |add_ln59_3153_fu_1063648_p2  |         +|   0|  0|   28|          21|          13|
    |add_ln59_3154_fu_1063661_p2  |         +|   0|  0|   28|          21|          12|
    |add_ln59_3155_fu_1063674_p2  |         +|   0|  0|   28|          21|          14|
    |add_ln59_3156_fu_1063687_p2  |         +|   0|  0|   28|          21|          13|
    |add_ln59_3157_fu_1063700_p2  |         +|   0|  0|   28|          21|          13|
    |add_ln59_3158_fu_1063713_p2  |         +|   0|  0|   28|          21|          12|
    |add_ln59_3159_fu_1063726_p2  |         +|   0|  0|   28|          21|          12|
    |add_ln59_3160_fu_1063739_p2  |         +|   0|  0|   28|          21|          10|
    |add_ln59_3161_fu_1063752_p2  |         +|   0|  0|   28|          21|           9|
    |add_ln59_3162_fu_1063765_p2  |         +|   0|  0|   28|          21|           7|
    |add_ln59_3163_fu_1063778_p2  |         +|   0|  0|   28|          21|          11|
    |add_ln59_3164_fu_1063791_p2  |         +|   0|  0|   28|          21|          12|
    |add_ln59_3165_fu_1063804_p2  |         +|   0|  0|   28|          21|          11|
    |add_ln59_3166_fu_1063817_p2  |         +|   0|  0|   28|          21|          13|
    |add_ln59_3167_fu_1063830_p2  |         +|   0|  0|   28|          21|          11|
    |add_ln59_3168_fu_1063843_p2  |         +|   0|  0|   28|          21|          11|
    |add_ln59_3169_fu_1063856_p2  |         +|   0|  0|   28|          21|          11|
    |add_ln59_3170_fu_1063869_p2  |         +|   0|  0|   28|          21|          13|
    |add_ln59_3171_fu_1063882_p2  |         +|   0|  0|   28|          21|          12|
    |add_ln59_3172_fu_1063895_p2  |         +|   0|  0|   28|          21|          12|
    |add_ln59_3173_fu_1063908_p2  |         +|   0|  0|   28|          21|          13|
    |add_ln59_3174_fu_1063921_p2  |         +|   0|  0|   28|          21|          12|
    |add_ln59_3175_fu_1063934_p2  |         +|   0|  0|   28|          21|          13|
    |add_ln59_3176_fu_1063947_p2  |         +|   0|  0|   28|          21|          13|
    |add_ln59_3177_fu_1063960_p2  |         +|   0|  0|   28|          21|          12|
    |add_ln59_3178_fu_1063973_p2  |         +|   0|  0|   28|          21|          13|
    |add_ln59_3179_fu_1063986_p2  |         +|   0|  0|   28|          21|          13|
    |add_ln59_3180_fu_1063999_p2  |         +|   0|  0|   28|          21|          12|
    |add_ln59_3181_fu_1064012_p2  |         +|   0|  0|   28|          21|          14|
    |add_ln59_3182_fu_1064025_p2  |         +|   0|  0|   28|          21|           5|
    |add_ln59_3183_fu_1064038_p2  |         +|   0|  0|   28|          21|          12|
    |add_ln59_3184_fu_1064051_p2  |         +|   0|  0|   28|          21|          11|
    |add_ln59_3185_fu_1064064_p2  |         +|   0|  0|   28|          21|          13|
    |add_ln59_3186_fu_1064077_p2  |         +|   0|  0|   28|          21|          13|
    |add_ln59_3187_fu_1064090_p2  |         +|   0|  0|   28|          21|          13|
    |add_ln59_3188_fu_1064103_p2  |         +|   0|  0|   28|          21|          12|
    |add_ln59_3189_fu_1064116_p2  |         +|   0|  0|   28|          21|          13|
    |add_ln59_3190_fu_1064129_p2  |         +|   0|  0|   28|          21|          14|
    |add_ln59_3191_fu_1064142_p2  |         +|   0|  0|   28|          21|          13|
    |add_ln59_3192_fu_1064155_p2  |         +|   0|  0|   28|          21|          13|
    |add_ln59_3193_fu_1064168_p2  |         +|   0|  0|   28|          21|           9|
    |add_ln59_3194_fu_1064181_p2  |         +|   0|  0|   28|          21|          14|
    |add_ln59_3195_fu_1064194_p2  |         +|   0|  0|   28|          21|          12|
    |add_ln59_3196_fu_1064207_p2  |         +|   0|  0|   28|          21|          12|
    |add_ln59_3197_fu_1064220_p2  |         +|   0|  0|   28|          21|          11|
    |add_ln59_3198_fu_1064233_p2  |         +|   0|  0|   28|          21|          12|
    |add_ln59_3199_fu_1064246_p2  |         +|   0|  0|   28|          21|          13|
    |add_ln59_3200_fu_1064259_p2  |         +|   0|  0|   28|          21|          13|
    |add_ln59_3201_fu_1064272_p2  |         +|   0|  0|   28|          21|          10|
    |add_ln59_3202_fu_1064285_p2  |         +|   0|  0|   28|          21|          12|
    |add_ln59_3203_fu_1064298_p2  |         +|   0|  0|   28|          21|          13|
    |add_ln59_3204_fu_1064311_p2  |         +|   0|  0|   28|          21|          11|
    |add_ln59_3205_fu_1064324_p2  |         +|   0|  0|   28|          21|          12|
    |add_ln59_3206_fu_1064337_p2  |         +|   0|  0|   28|          21|          13|
    |add_ln59_3207_fu_1064350_p2  |         +|   0|  0|   28|          21|          13|
    |add_ln59_3208_fu_1064363_p2  |         +|   0|  0|   28|          21|          11|
    |add_ln59_3209_fu_1064376_p2  |         +|   0|  0|   28|          21|          13|
    |add_ln59_3210_fu_1064389_p2  |         +|   0|  0|   28|          21|          13|
    |add_ln59_3211_fu_1064402_p2  |         +|   0|  0|   28|          21|          14|
    |add_ln59_3212_fu_1064415_p2  |         +|   0|  0|   28|          21|          12|
    |add_ln59_3213_fu_1064428_p2  |         +|   0|  0|   28|          21|          14|
    |add_ln59_3214_fu_1064441_p2  |         +|   0|  0|   28|          21|           8|
    |add_ln59_3215_fu_1064454_p2  |         +|   0|  0|   28|          21|          14|
    |add_ln59_3216_fu_1064467_p2  |         +|   0|  0|   28|          21|          12|
    |add_ln59_3217_fu_1064480_p2  |         +|   0|  0|   28|          21|          13|
    |add_ln59_3218_fu_1064493_p2  |         +|   0|  0|   28|          21|          12|
    |add_ln59_3219_fu_1064506_p2  |         +|   0|  0|   28|          21|          14|
    |add_ln59_3220_fu_1064519_p2  |         +|   0|  0|   28|          21|          13|
    |add_ln59_3221_fu_1064532_p2  |         +|   0|  0|   28|          21|          13|
    |add_ln59_3222_fu_1064545_p2  |         +|   0|  0|   28|          21|          12|
    |add_ln59_3223_fu_1064558_p2  |         +|   0|  0|   28|          21|          12|
    |add_ln59_3224_fu_1064571_p2  |         +|   0|  0|   28|          21|          10|
    |add_ln59_3225_fu_1064584_p2  |         +|   0|  0|   28|          21|           9|
    |add_ln59_3226_fu_1064597_p2  |         +|   0|  0|   28|          21|           7|
    |add_ln59_3227_fu_1064610_p2  |         +|   0|  0|   28|          21|          11|
    |add_ln59_3228_fu_1064623_p2  |         +|   0|  0|   28|          21|          12|
    |add_ln59_3229_fu_1064636_p2  |         +|   0|  0|   28|          21|          11|
    |add_ln59_3230_fu_1064649_p2  |         +|   0|  0|   28|          21|          13|
    |add_ln59_3231_fu_1064662_p2  |         +|   0|  0|   28|          21|          11|
    |add_ln59_3232_fu_1064675_p2  |         +|   0|  0|   28|          21|          11|
    |add_ln59_3233_fu_1064688_p2  |         +|   0|  0|   28|          21|          11|
    |add_ln59_3234_fu_1064701_p2  |         +|   0|  0|   28|          21|          13|
    |add_ln59_3235_fu_1064714_p2  |         +|   0|  0|   28|          21|          12|
    |add_ln59_3236_fu_1064727_p2  |         +|   0|  0|   28|          21|          12|
    |add_ln59_3237_fu_1064740_p2  |         +|   0|  0|   28|          21|          13|
    |add_ln59_3238_fu_1064753_p2  |         +|   0|  0|   28|          21|          12|
    |add_ln59_3239_fu_1064766_p2  |         +|   0|  0|   28|          21|          13|
    |add_ln59_3240_fu_1064779_p2  |         +|   0|  0|   28|          21|          13|
    |add_ln59_3241_fu_1064792_p2  |         +|   0|  0|   28|          21|          12|
    |add_ln59_3242_fu_1064805_p2  |         +|   0|  0|   28|          21|          13|
    |add_ln59_3243_fu_1064818_p2  |         +|   0|  0|   28|          21|          13|
    |add_ln59_3244_fu_1064831_p2  |         +|   0|  0|   28|          21|          12|
    |add_ln59_3245_fu_1064844_p2  |         +|   0|  0|   28|          21|          14|
    |add_ln59_3246_fu_1064857_p2  |         +|   0|  0|   28|          21|           5|
    |add_ln59_3247_fu_1064870_p2  |         +|   0|  0|   28|          21|          12|
    |add_ln59_3248_fu_1064883_p2  |         +|   0|  0|   28|          21|          11|
    |add_ln59_3249_fu_1064896_p2  |         +|   0|  0|   28|          21|          13|
    |add_ln59_3250_fu_1064909_p2  |         +|   0|  0|   28|          21|          13|
    |add_ln59_3251_fu_1064922_p2  |         +|   0|  0|   28|          21|          13|
    |add_ln59_3252_fu_1064935_p2  |         +|   0|  0|   28|          21|          12|
    |add_ln59_3253_fu_1064948_p2  |         +|   0|  0|   28|          21|          13|
    |add_ln59_3254_fu_1064961_p2  |         +|   0|  0|   28|          21|          14|
    |add_ln59_3255_fu_1064974_p2  |         +|   0|  0|   28|          21|          13|
    |add_ln59_3256_fu_1064987_p2  |         +|   0|  0|   28|          21|          13|
    |add_ln59_3257_fu_1065000_p2  |         +|   0|  0|   28|          21|           9|
    |add_ln59_3258_fu_1065013_p2  |         +|   0|  0|   28|          21|          14|
    |add_ln59_3259_fu_1065026_p2  |         +|   0|  0|   28|          21|          12|
    |add_ln59_3260_fu_1065039_p2  |         +|   0|  0|   28|          21|          12|
    |add_ln59_3261_fu_1065052_p2  |         +|   0|  0|   28|          21|          11|
    |add_ln59_3262_fu_1065065_p2  |         +|   0|  0|   28|          21|          12|
    |add_ln59_3263_fu_1065078_p2  |         +|   0|  0|   28|          21|          13|
    |add_ln59_3264_fu_1065091_p2  |         +|   0|  0|   28|          21|          13|
    |add_ln59_3265_fu_1065104_p2  |         +|   0|  0|   28|          21|          10|
    |add_ln59_3266_fu_1065117_p2  |         +|   0|  0|   28|          21|          12|
    |add_ln59_3267_fu_1065130_p2  |         +|   0|  0|   28|          21|          13|
    |add_ln59_3268_fu_1065143_p2  |         +|   0|  0|   28|          21|          11|
    |add_ln59_3269_fu_1065156_p2  |         +|   0|  0|   28|          21|          12|
    |add_ln59_3270_fu_1065169_p2  |         +|   0|  0|   28|          21|          13|
    |add_ln59_3271_fu_1065182_p2  |         +|   0|  0|   28|          21|          13|
    |add_ln59_3272_fu_1065195_p2  |         +|   0|  0|   28|          21|          11|
    |add_ln59_3273_fu_1065208_p2  |         +|   0|  0|   28|          21|          13|
    |add_ln59_3274_fu_1065221_p2  |         +|   0|  0|   28|          21|          13|
    |add_ln59_3275_fu_1065234_p2  |         +|   0|  0|   28|          21|          14|
    |add_ln59_3276_fu_1065247_p2  |         +|   0|  0|   28|          21|          12|
    |add_ln59_3277_fu_1065260_p2  |         +|   0|  0|   28|          21|          14|
    |add_ln59_3278_fu_1065273_p2  |         +|   0|  0|   28|          21|           8|
    |add_ln59_3279_fu_1065286_p2  |         +|   0|  0|   28|          21|          14|
    |add_ln59_3280_fu_1065299_p2  |         +|   0|  0|   28|          21|          12|
    |add_ln59_3281_fu_1065312_p2  |         +|   0|  0|   28|          21|          13|
    |add_ln59_3282_fu_1065325_p2  |         +|   0|  0|   28|          21|          12|
    |add_ln59_3283_fu_1065338_p2  |         +|   0|  0|   28|          21|          14|
    |add_ln59_3284_fu_1065351_p2  |         +|   0|  0|   28|          21|          13|
    |add_ln59_3285_fu_1065364_p2  |         +|   0|  0|   28|          21|          13|
    |add_ln59_3286_fu_1065377_p2  |         +|   0|  0|   28|          21|          12|
    |add_ln59_3287_fu_1065390_p2  |         +|   0|  0|   28|          21|          12|
    |add_ln59_3288_fu_1065403_p2  |         +|   0|  0|   28|          21|          10|
    |add_ln59_3289_fu_1065416_p2  |         +|   0|  0|   28|          21|           9|
    |add_ln59_3290_fu_1065429_p2  |         +|   0|  0|   28|          21|           7|
    |add_ln59_3291_fu_1065442_p2  |         +|   0|  0|   28|          21|          11|
    |add_ln59_3292_fu_1065455_p2  |         +|   0|  0|   28|          21|          12|
    |add_ln59_3293_fu_1065468_p2  |         +|   0|  0|   28|          21|          11|
    |add_ln59_3294_fu_1065481_p2  |         +|   0|  0|   28|          21|          13|
    |add_ln59_3295_fu_1065494_p2  |         +|   0|  0|   28|          21|          11|
    |add_ln59_3296_fu_1065507_p2  |         +|   0|  0|   28|          21|          11|
    |add_ln59_3297_fu_1065520_p2  |         +|   0|  0|   28|          21|          11|
    |add_ln59_3298_fu_1065533_p2  |         +|   0|  0|   28|          21|          13|
    |add_ln59_3299_fu_1065546_p2  |         +|   0|  0|   28|          21|          12|
    |add_ln59_3300_fu_1065559_p2  |         +|   0|  0|   28|          21|          12|
    |add_ln59_3301_fu_1065572_p2  |         +|   0|  0|   28|          21|          13|
    |add_ln59_3302_fu_1065585_p2  |         +|   0|  0|   28|          21|          12|
    |add_ln59_3303_fu_1065598_p2  |         +|   0|  0|   28|          21|          13|
    |add_ln59_3304_fu_1065611_p2  |         +|   0|  0|   28|          21|          13|
    |add_ln59_3305_fu_1065624_p2  |         +|   0|  0|   28|          21|          12|
    |add_ln59_3306_fu_1065637_p2  |         +|   0|  0|   28|          21|          13|
    |add_ln59_3307_fu_1065650_p2  |         +|   0|  0|   28|          21|          13|
    |add_ln59_3308_fu_1065663_p2  |         +|   0|  0|   28|          21|          12|
    |add_ln59_3309_fu_1065676_p2  |         +|   0|  0|   28|          21|          14|
    |add_ln59_3310_fu_1065689_p2  |         +|   0|  0|   28|          21|           5|
    |add_ln59_3311_fu_1065702_p2  |         +|   0|  0|   28|          21|          12|
    |add_ln59_3312_fu_1065715_p2  |         +|   0|  0|   28|          21|          11|
    |add_ln59_3313_fu_1065728_p2  |         +|   0|  0|   28|          21|          13|
    |add_ln59_3314_fu_1065741_p2  |         +|   0|  0|   28|          21|          13|
    |add_ln59_3315_fu_1065754_p2  |         +|   0|  0|   28|          21|          13|
    |add_ln59_3316_fu_1065767_p2  |         +|   0|  0|   28|          21|          12|
    |add_ln59_3317_fu_1065780_p2  |         +|   0|  0|   28|          21|          13|
    |add_ln59_3318_fu_1065793_p2  |         +|   0|  0|   28|          21|          14|
    |add_ln59_3319_fu_1065806_p2  |         +|   0|  0|   28|          21|          13|
    |add_ln59_3320_fu_1065819_p2  |         +|   0|  0|   28|          21|          13|
    |add_ln59_3321_fu_1065832_p2  |         +|   0|  0|   28|          21|           9|
    |add_ln59_3322_fu_1065845_p2  |         +|   0|  0|   28|          21|          14|
    |add_ln59_3323_fu_1065858_p2  |         +|   0|  0|   28|          21|          12|
    |add_ln59_3324_fu_1065871_p2  |         +|   0|  0|   28|          21|          12|
    |add_ln59_3325_fu_1065884_p2  |         +|   0|  0|   28|          21|          11|
    |add_ln59_3326_fu_1065897_p2  |         +|   0|  0|   28|          21|          12|
    |add_ln59_3327_fu_1065910_p2  |         +|   0|  0|   28|          21|          13|
    |add_ln59_3328_fu_1065923_p2  |         +|   0|  0|   28|          21|          13|
    |add_ln59_3329_fu_1065936_p2  |         +|   0|  0|   28|          21|          10|
    |add_ln59_3330_fu_1065949_p2  |         +|   0|  0|   28|          21|          12|
    |add_ln59_3331_fu_1065962_p2  |         +|   0|  0|   28|          21|          13|
    |add_ln59_3332_fu_1065975_p2  |         +|   0|  0|   28|          21|          11|
    |add_ln59_3333_fu_1065988_p2  |         +|   0|  0|   28|          21|          12|
    |add_ln59_3334_fu_1066001_p2  |         +|   0|  0|   28|          21|          13|
    |add_ln59_3335_fu_1066014_p2  |         +|   0|  0|   28|          21|          13|
    |add_ln59_3336_fu_1066027_p2  |         +|   0|  0|   28|          21|          11|
    |add_ln59_3337_fu_1066040_p2  |         +|   0|  0|   28|          21|          13|
    |add_ln59_3338_fu_1066053_p2  |         +|   0|  0|   28|          21|          13|
    |add_ln59_3339_fu_1066066_p2  |         +|   0|  0|   28|          21|          14|
    |add_ln59_3340_fu_1066079_p2  |         +|   0|  0|   28|          21|          12|
    |add_ln59_3341_fu_1066092_p2  |         +|   0|  0|   28|          21|          14|
    |add_ln59_3342_fu_1066105_p2  |         +|   0|  0|   28|          21|           8|
    |add_ln59_3343_fu_1066118_p2  |         +|   0|  0|   28|          21|          14|
    |add_ln59_3344_fu_1066131_p2  |         +|   0|  0|   28|          21|          12|
    |add_ln59_fu_1059488_p2       |         +|   0|  0|   28|          21|          13|
    +-----------------------------+----------+----+---+-----+------------+------------+
    |Total                        |          |   0|  0|14336|       10752|        6160|
    +-----------------------------+----------+----+---+-----+------------+------------+

    * Multiplexer: 
    +---------------+----+-----------+-----+-----------+
    |      Name     | LUT| Input Size| Bits| Total Bits|
    +---------------+----+-----------+-----+-----------+
    |ap_return_0    |  14|          3|   21|         63|
    |ap_return_1    |  14|          3|   21|         63|
    |ap_return_10   |  14|          3|   21|         63|
    |ap_return_100  |  14|          3|   21|         63|
    |ap_return_101  |  14|          3|   21|         63|
    |ap_return_102  |  14|          3|   21|         63|
    |ap_return_103  |  14|          3|   21|         63|
    |ap_return_104  |  14|          3|   21|         63|
    |ap_return_105  |  14|          3|   21|         63|
    |ap_return_106  |  14|          3|   21|         63|
    |ap_return_107  |  14|          3|   21|         63|
    |ap_return_108  |  14|          3|   21|         63|
    |ap_return_109  |  14|          3|   21|         63|
    |ap_return_11   |  14|          3|   21|         63|
    |ap_return_110  |  14|          3|   21|         63|
    |ap_return_111  |  14|          3|   21|         63|
    |ap_return_112  |  14|          3|   21|         63|
    |ap_return_113  |  14|          3|   21|         63|
    |ap_return_114  |  14|          3|   21|         63|
    |ap_return_115  |  14|          3|   21|         63|
    |ap_return_116  |  14|          3|   21|         63|
    |ap_return_117  |  14|          3|   21|         63|
    |ap_return_118  |  14|          3|   21|         63|
    |ap_return_119  |  14|          3|   21|         63|
    |ap_return_12   |  14|          3|   21|         63|
    |ap_return_120  |  14|          3|   21|         63|
    |ap_return_121  |  14|          3|   21|         63|
    |ap_return_122  |  14|          3|   21|         63|
    |ap_return_123  |  14|          3|   21|         63|
    |ap_return_124  |  14|          3|   21|         63|
    |ap_return_125  |  14|          3|   21|         63|
    |ap_return_126  |  14|          3|   21|         63|
    |ap_return_127  |  14|          3|   21|         63|
    |ap_return_128  |  14|          3|   21|         63|
    |ap_return_129  |  14|          3|   21|         63|
    |ap_return_13   |  14|          3|   21|         63|
    |ap_return_130  |  14|          3|   21|         63|
    |ap_return_131  |  14|          3|   21|         63|
    |ap_return_132  |  14|          3|   21|         63|
    |ap_return_133  |  14|          3|   21|         63|
    |ap_return_134  |  14|          3|   21|         63|
    |ap_return_135  |  14|          3|   21|         63|
    |ap_return_136  |  14|          3|   21|         63|
    |ap_return_137  |  14|          3|   21|         63|
    |ap_return_138  |  14|          3|   21|         63|
    |ap_return_139  |  14|          3|   21|         63|
    |ap_return_14   |  14|          3|   21|         63|
    |ap_return_140  |  14|          3|   21|         63|
    |ap_return_141  |  14|          3|   21|         63|
    |ap_return_142  |  14|          3|   21|         63|
    |ap_return_143  |  14|          3|   21|         63|
    |ap_return_144  |  14|          3|   21|         63|
    |ap_return_145  |  14|          3|   21|         63|
    |ap_return_146  |  14|          3|   21|         63|
    |ap_return_147  |  14|          3|   21|         63|
    |ap_return_148  |  14|          3|   21|         63|
    |ap_return_149  |  14|          3|   21|         63|
    |ap_return_15   |  14|          3|   21|         63|
    |ap_return_150  |  14|          3|   21|         63|
    |ap_return_151  |  14|          3|   21|         63|
    |ap_return_152  |  14|          3|   21|         63|
    |ap_return_153  |  14|          3|   21|         63|
    |ap_return_154  |  14|          3|   21|         63|
    |ap_return_155  |  14|          3|   21|         63|
    |ap_return_156  |  14|          3|   21|         63|
    |ap_return_157  |  14|          3|   21|         63|
    |ap_return_158  |  14|          3|   21|         63|
    |ap_return_159  |  14|          3|   21|         63|
    |ap_return_16   |  14|          3|   21|         63|
    |ap_return_160  |  14|          3|   21|         63|
    |ap_return_161  |  14|          3|   21|         63|
    |ap_return_162  |  14|          3|   21|         63|
    |ap_return_163  |  14|          3|   21|         63|
    |ap_return_164  |  14|          3|   21|         63|
    |ap_return_165  |  14|          3|   21|         63|
    |ap_return_166  |  14|          3|   21|         63|
    |ap_return_167  |  14|          3|   21|         63|
    |ap_return_168  |  14|          3|   21|         63|
    |ap_return_169  |  14|          3|   21|         63|
    |ap_return_17   |  14|          3|   21|         63|
    |ap_return_170  |  14|          3|   21|         63|
    |ap_return_171  |  14|          3|   21|         63|
    |ap_return_172  |  14|          3|   21|         63|
    |ap_return_173  |  14|          3|   21|         63|
    |ap_return_174  |  14|          3|   21|         63|
    |ap_return_175  |  14|          3|   21|         63|
    |ap_return_176  |  14|          3|   21|         63|
    |ap_return_177  |  14|          3|   21|         63|
    |ap_return_178  |  14|          3|   21|         63|
    |ap_return_179  |  14|          3|   21|         63|
    |ap_return_18   |  14|          3|   21|         63|
    |ap_return_180  |  14|          3|   21|         63|
    |ap_return_181  |  14|          3|   21|         63|
    |ap_return_182  |  14|          3|   21|         63|
    |ap_return_183  |  14|          3|   21|         63|
    |ap_return_184  |  14|          3|   21|         63|
    |ap_return_185  |  14|          3|   21|         63|
    |ap_return_186  |  14|          3|   21|         63|
    |ap_return_187  |  14|          3|   21|         63|
    |ap_return_188  |  14|          3|   21|         63|
    |ap_return_189  |  14|          3|   21|         63|
    |ap_return_19   |  14|          3|   21|         63|
    |ap_return_190  |  14|          3|   21|         63|
    |ap_return_191  |  14|          3|   21|         63|
    |ap_return_192  |  14|          3|   21|         63|
    |ap_return_193  |  14|          3|   21|         63|
    |ap_return_194  |  14|          3|   21|         63|
    |ap_return_195  |  14|          3|   21|         63|
    |ap_return_196  |  14|          3|   21|         63|
    |ap_return_197  |  14|          3|   21|         63|
    |ap_return_198  |  14|          3|   21|         63|
    |ap_return_199  |  14|          3|   21|         63|
    |ap_return_2    |  14|          3|   21|         63|
    |ap_return_20   |  14|          3|   21|         63|
    |ap_return_200  |  14|          3|   21|         63|
    |ap_return_201  |  14|          3|   21|         63|
    |ap_return_202  |  14|          3|   21|         63|
    |ap_return_203  |  14|          3|   21|         63|
    |ap_return_204  |  14|          3|   21|         63|
    |ap_return_205  |  14|          3|   21|         63|
    |ap_return_206  |  14|          3|   21|         63|
    |ap_return_207  |  14|          3|   21|         63|
    |ap_return_208  |  14|          3|   21|         63|
    |ap_return_209  |  14|          3|   21|         63|
    |ap_return_21   |  14|          3|   21|         63|
    |ap_return_210  |  14|          3|   21|         63|
    |ap_return_211  |  14|          3|   21|         63|
    |ap_return_212  |  14|          3|   21|         63|
    |ap_return_213  |  14|          3|   21|         63|
    |ap_return_214  |  14|          3|   21|         63|
    |ap_return_215  |  14|          3|   21|         63|
    |ap_return_216  |  14|          3|   21|         63|
    |ap_return_217  |  14|          3|   21|         63|
    |ap_return_218  |  14|          3|   21|         63|
    |ap_return_219  |  14|          3|   21|         63|
    |ap_return_22   |  14|          3|   21|         63|
    |ap_return_220  |  14|          3|   21|         63|
    |ap_return_221  |  14|          3|   21|         63|
    |ap_return_222  |  14|          3|   21|         63|
    |ap_return_223  |  14|          3|   21|         63|
    |ap_return_224  |  14|          3|   21|         63|
    |ap_return_225  |  14|          3|   21|         63|
    |ap_return_226  |  14|          3|   21|         63|
    |ap_return_227  |  14|          3|   21|         63|
    |ap_return_228  |  14|          3|   21|         63|
    |ap_return_229  |  14|          3|   21|         63|
    |ap_return_23   |  14|          3|   21|         63|
    |ap_return_230  |  14|          3|   21|         63|
    |ap_return_231  |  14|          3|   21|         63|
    |ap_return_232  |  14|          3|   21|         63|
    |ap_return_233  |  14|          3|   21|         63|
    |ap_return_234  |  14|          3|   21|         63|
    |ap_return_235  |  14|          3|   21|         63|
    |ap_return_236  |  14|          3|   21|         63|
    |ap_return_237  |  14|          3|   21|         63|
    |ap_return_238  |  14|          3|   21|         63|
    |ap_return_239  |  14|          3|   21|         63|
    |ap_return_24   |  14|          3|   21|         63|
    |ap_return_240  |  14|          3|   21|         63|
    |ap_return_241  |  14|          3|   21|         63|
    |ap_return_242  |  14|          3|   21|         63|
    |ap_return_243  |  14|          3|   21|         63|
    |ap_return_244  |  14|          3|   21|         63|
    |ap_return_245  |  14|          3|   21|         63|
    |ap_return_246  |  14|          3|   21|         63|
    |ap_return_247  |  14|          3|   21|         63|
    |ap_return_248  |  14|          3|   21|         63|
    |ap_return_249  |  14|          3|   21|         63|
    |ap_return_25   |  14|          3|   21|         63|
    |ap_return_250  |  14|          3|   21|         63|
    |ap_return_251  |  14|          3|   21|         63|
    |ap_return_252  |  14|          3|   21|         63|
    |ap_return_253  |  14|          3|   21|         63|
    |ap_return_254  |  14|          3|   21|         63|
    |ap_return_255  |  14|          3|   21|         63|
    |ap_return_256  |  14|          3|   21|         63|
    |ap_return_257  |  14|          3|   21|         63|
    |ap_return_258  |  14|          3|   21|         63|
    |ap_return_259  |  14|          3|   21|         63|
    |ap_return_26   |  14|          3|   21|         63|
    |ap_return_260  |  14|          3|   21|         63|
    |ap_return_261  |  14|          3|   21|         63|
    |ap_return_262  |  14|          3|   21|         63|
    |ap_return_263  |  14|          3|   21|         63|
    |ap_return_264  |  14|          3|   21|         63|
    |ap_return_265  |  14|          3|   21|         63|
    |ap_return_266  |  14|          3|   21|         63|
    |ap_return_267  |  14|          3|   21|         63|
    |ap_return_268  |  14|          3|   21|         63|
    |ap_return_269  |  14|          3|   21|         63|
    |ap_return_27   |  14|          3|   21|         63|
    |ap_return_270  |  14|          3|   21|         63|
    |ap_return_271  |  14|          3|   21|         63|
    |ap_return_272  |  14|          3|   21|         63|
    |ap_return_273  |  14|          3|   21|         63|
    |ap_return_274  |  14|          3|   21|         63|
    |ap_return_275  |  14|          3|   21|         63|
    |ap_return_276  |  14|          3|   21|         63|
    |ap_return_277  |  14|          3|   21|         63|
    |ap_return_278  |  14|          3|   21|         63|
    |ap_return_279  |  14|          3|   21|         63|
    |ap_return_28   |  14|          3|   21|         63|
    |ap_return_280  |  14|          3|   21|         63|
    |ap_return_281  |  14|          3|   21|         63|
    |ap_return_282  |  14|          3|   21|         63|
    |ap_return_283  |  14|          3|   21|         63|
    |ap_return_284  |  14|          3|   21|         63|
    |ap_return_285  |  14|          3|   21|         63|
    |ap_return_286  |  14|          3|   21|         63|
    |ap_return_287  |  14|          3|   21|         63|
    |ap_return_288  |  14|          3|   21|         63|
    |ap_return_289  |  14|          3|   21|         63|
    |ap_return_29   |  14|          3|   21|         63|
    |ap_return_290  |  14|          3|   21|         63|
    |ap_return_291  |  14|          3|   21|         63|
    |ap_return_292  |  14|          3|   21|         63|
    |ap_return_293  |  14|          3|   21|         63|
    |ap_return_294  |  14|          3|   21|         63|
    |ap_return_295  |  14|          3|   21|         63|
    |ap_return_296  |  14|          3|   21|         63|
    |ap_return_297  |  14|          3|   21|         63|
    |ap_return_298  |  14|          3|   21|         63|
    |ap_return_299  |  14|          3|   21|         63|
    |ap_return_3    |  14|          3|   21|         63|
    |ap_return_30   |  14|          3|   21|         63|
    |ap_return_300  |  14|          3|   21|         63|
    |ap_return_301  |  14|          3|   21|         63|
    |ap_return_302  |  14|          3|   21|         63|
    |ap_return_303  |  14|          3|   21|         63|
    |ap_return_304  |  14|          3|   21|         63|
    |ap_return_305  |  14|          3|   21|         63|
    |ap_return_306  |  14|          3|   21|         63|
    |ap_return_307  |  14|          3|   21|         63|
    |ap_return_308  |  14|          3|   21|         63|
    |ap_return_309  |  14|          3|   21|         63|
    |ap_return_31   |  14|          3|   21|         63|
    |ap_return_310  |  14|          3|   21|         63|
    |ap_return_311  |  14|          3|   21|         63|
    |ap_return_312  |  14|          3|   21|         63|
    |ap_return_313  |  14|          3|   21|         63|
    |ap_return_314  |  14|          3|   21|         63|
    |ap_return_315  |  14|          3|   21|         63|
    |ap_return_316  |  14|          3|   21|         63|
    |ap_return_317  |  14|          3|   21|         63|
    |ap_return_318  |  14|          3|   21|         63|
    |ap_return_319  |  14|          3|   21|         63|
    |ap_return_32   |  14|          3|   21|         63|
    |ap_return_320  |  14|          3|   21|         63|
    |ap_return_321  |  14|          3|   21|         63|
    |ap_return_322  |  14|          3|   21|         63|
    |ap_return_323  |  14|          3|   21|         63|
    |ap_return_324  |  14|          3|   21|         63|
    |ap_return_325  |  14|          3|   21|         63|
    |ap_return_326  |  14|          3|   21|         63|
    |ap_return_327  |  14|          3|   21|         63|
    |ap_return_328  |  14|          3|   21|         63|
    |ap_return_329  |  14|          3|   21|         63|
    |ap_return_33   |  14|          3|   21|         63|
    |ap_return_330  |  14|          3|   21|         63|
    |ap_return_331  |  14|          3|   21|         63|
    |ap_return_332  |  14|          3|   21|         63|
    |ap_return_333  |  14|          3|   21|         63|
    |ap_return_334  |  14|          3|   21|         63|
    |ap_return_335  |  14|          3|   21|         63|
    |ap_return_336  |  14|          3|   21|         63|
    |ap_return_337  |  14|          3|   21|         63|
    |ap_return_338  |  14|          3|   21|         63|
    |ap_return_339  |  14|          3|   21|         63|
    |ap_return_34   |  14|          3|   21|         63|
    |ap_return_340  |  14|          3|   21|         63|
    |ap_return_341  |  14|          3|   21|         63|
    |ap_return_342  |  14|          3|   21|         63|
    |ap_return_343  |  14|          3|   21|         63|
    |ap_return_344  |  14|          3|   21|         63|
    |ap_return_345  |  14|          3|   21|         63|
    |ap_return_346  |  14|          3|   21|         63|
    |ap_return_347  |  14|          3|   21|         63|
    |ap_return_348  |  14|          3|   21|         63|
    |ap_return_349  |  14|          3|   21|         63|
    |ap_return_35   |  14|          3|   21|         63|
    |ap_return_350  |  14|          3|   21|         63|
    |ap_return_351  |  14|          3|   21|         63|
    |ap_return_352  |  14|          3|   21|         63|
    |ap_return_353  |  14|          3|   21|         63|
    |ap_return_354  |  14|          3|   21|         63|
    |ap_return_355  |  14|          3|   21|         63|
    |ap_return_356  |  14|          3|   21|         63|
    |ap_return_357  |  14|          3|   21|         63|
    |ap_return_358  |  14|          3|   21|         63|
    |ap_return_359  |  14|          3|   21|         63|
    |ap_return_36   |  14|          3|   21|         63|
    |ap_return_360  |  14|          3|   21|         63|
    |ap_return_361  |  14|          3|   21|         63|
    |ap_return_362  |  14|          3|   21|         63|
    |ap_return_363  |  14|          3|   21|         63|
    |ap_return_364  |  14|          3|   21|         63|
    |ap_return_365  |  14|          3|   21|         63|
    |ap_return_366  |  14|          3|   21|         63|
    |ap_return_367  |  14|          3|   21|         63|
    |ap_return_368  |  14|          3|   21|         63|
    |ap_return_369  |  14|          3|   21|         63|
    |ap_return_37   |  14|          3|   21|         63|
    |ap_return_370  |  14|          3|   21|         63|
    |ap_return_371  |  14|          3|   21|         63|
    |ap_return_372  |  14|          3|   21|         63|
    |ap_return_373  |  14|          3|   21|         63|
    |ap_return_374  |  14|          3|   21|         63|
    |ap_return_375  |  14|          3|   21|         63|
    |ap_return_376  |  14|          3|   21|         63|
    |ap_return_377  |  14|          3|   21|         63|
    |ap_return_378  |  14|          3|   21|         63|
    |ap_return_379  |  14|          3|   21|         63|
    |ap_return_38   |  14|          3|   21|         63|
    |ap_return_380  |  14|          3|   21|         63|
    |ap_return_381  |  14|          3|   21|         63|
    |ap_return_382  |  14|          3|   21|         63|
    |ap_return_383  |  14|          3|   21|         63|
    |ap_return_384  |  14|          3|   21|         63|
    |ap_return_385  |  14|          3|   21|         63|
    |ap_return_386  |  14|          3|   21|         63|
    |ap_return_387  |  14|          3|   21|         63|
    |ap_return_388  |  14|          3|   21|         63|
    |ap_return_389  |  14|          3|   21|         63|
    |ap_return_39   |  14|          3|   21|         63|
    |ap_return_390  |  14|          3|   21|         63|
    |ap_return_391  |  14|          3|   21|         63|
    |ap_return_392  |  14|          3|   21|         63|
    |ap_return_393  |  14|          3|   21|         63|
    |ap_return_394  |  14|          3|   21|         63|
    |ap_return_395  |  14|          3|   21|         63|
    |ap_return_396  |  14|          3|   21|         63|
    |ap_return_397  |  14|          3|   21|         63|
    |ap_return_398  |  14|          3|   21|         63|
    |ap_return_399  |  14|          3|   21|         63|
    |ap_return_4    |  14|          3|   21|         63|
    |ap_return_40   |  14|          3|   21|         63|
    |ap_return_400  |  14|          3|   21|         63|
    |ap_return_401  |  14|          3|   21|         63|
    |ap_return_402  |  14|          3|   21|         63|
    |ap_return_403  |  14|          3|   21|         63|
    |ap_return_404  |  14|          3|   21|         63|
    |ap_return_405  |  14|          3|   21|         63|
    |ap_return_406  |  14|          3|   21|         63|
    |ap_return_407  |  14|          3|   21|         63|
    |ap_return_408  |  14|          3|   21|         63|
    |ap_return_409  |  14|          3|   21|         63|
    |ap_return_41   |  14|          3|   21|         63|
    |ap_return_410  |  14|          3|   21|         63|
    |ap_return_411  |  14|          3|   21|         63|
    |ap_return_412  |  14|          3|   21|         63|
    |ap_return_413  |  14|          3|   21|         63|
    |ap_return_414  |  14|          3|   21|         63|
    |ap_return_415  |  14|          3|   21|         63|
    |ap_return_416  |  14|          3|   21|         63|
    |ap_return_417  |  14|          3|   21|         63|
    |ap_return_418  |  14|          3|   21|         63|
    |ap_return_419  |  14|          3|   21|         63|
    |ap_return_42   |  14|          3|   21|         63|
    |ap_return_420  |  14|          3|   21|         63|
    |ap_return_421  |  14|          3|   21|         63|
    |ap_return_422  |  14|          3|   21|         63|
    |ap_return_423  |  14|          3|   21|         63|
    |ap_return_424  |  14|          3|   21|         63|
    |ap_return_425  |  14|          3|   21|         63|
    |ap_return_426  |  14|          3|   21|         63|
    |ap_return_427  |  14|          3|   21|         63|
    |ap_return_428  |  14|          3|   21|         63|
    |ap_return_429  |  14|          3|   21|         63|
    |ap_return_43   |  14|          3|   21|         63|
    |ap_return_430  |  14|          3|   21|         63|
    |ap_return_431  |  14|          3|   21|         63|
    |ap_return_432  |  14|          3|   21|         63|
    |ap_return_433  |  14|          3|   21|         63|
    |ap_return_434  |  14|          3|   21|         63|
    |ap_return_435  |  14|          3|   21|         63|
    |ap_return_436  |  14|          3|   21|         63|
    |ap_return_437  |  14|          3|   21|         63|
    |ap_return_438  |  14|          3|   21|         63|
    |ap_return_439  |  14|          3|   21|         63|
    |ap_return_44   |  14|          3|   21|         63|
    |ap_return_440  |  14|          3|   21|         63|
    |ap_return_441  |  14|          3|   21|         63|
    |ap_return_442  |  14|          3|   21|         63|
    |ap_return_443  |  14|          3|   21|         63|
    |ap_return_444  |  14|          3|   21|         63|
    |ap_return_445  |  14|          3|   21|         63|
    |ap_return_446  |  14|          3|   21|         63|
    |ap_return_447  |  14|          3|   21|         63|
    |ap_return_448  |  14|          3|   21|         63|
    |ap_return_449  |  14|          3|   21|         63|
    |ap_return_45   |  14|          3|   21|         63|
    |ap_return_450  |  14|          3|   21|         63|
    |ap_return_451  |  14|          3|   21|         63|
    |ap_return_452  |  14|          3|   21|         63|
    |ap_return_453  |  14|          3|   21|         63|
    |ap_return_454  |  14|          3|   21|         63|
    |ap_return_455  |  14|          3|   21|         63|
    |ap_return_456  |  14|          3|   21|         63|
    |ap_return_457  |  14|          3|   21|         63|
    |ap_return_458  |  14|          3|   21|         63|
    |ap_return_459  |  14|          3|   21|         63|
    |ap_return_46   |  14|          3|   21|         63|
    |ap_return_460  |  14|          3|   21|         63|
    |ap_return_461  |  14|          3|   21|         63|
    |ap_return_462  |  14|          3|   21|         63|
    |ap_return_463  |  14|          3|   21|         63|
    |ap_return_464  |  14|          3|   21|         63|
    |ap_return_465  |  14|          3|   21|         63|
    |ap_return_466  |  14|          3|   21|         63|
    |ap_return_467  |  14|          3|   21|         63|
    |ap_return_468  |  14|          3|   21|         63|
    |ap_return_469  |  14|          3|   21|         63|
    |ap_return_47   |  14|          3|   21|         63|
    |ap_return_470  |  14|          3|   21|         63|
    |ap_return_471  |  14|          3|   21|         63|
    |ap_return_472  |  14|          3|   21|         63|
    |ap_return_473  |  14|          3|   21|         63|
    |ap_return_474  |  14|          3|   21|         63|
    |ap_return_475  |  14|          3|   21|         63|
    |ap_return_476  |  14|          3|   21|         63|
    |ap_return_477  |  14|          3|   21|         63|
    |ap_return_478  |  14|          3|   21|         63|
    |ap_return_479  |  14|          3|   21|         63|
    |ap_return_48   |  14|          3|   21|         63|
    |ap_return_480  |  14|          3|   21|         63|
    |ap_return_481  |  14|          3|   21|         63|
    |ap_return_482  |  14|          3|   21|         63|
    |ap_return_483  |  14|          3|   21|         63|
    |ap_return_484  |  14|          3|   21|         63|
    |ap_return_485  |  14|          3|   21|         63|
    |ap_return_486  |  14|          3|   21|         63|
    |ap_return_487  |  14|          3|   21|         63|
    |ap_return_488  |  14|          3|   21|         63|
    |ap_return_489  |  14|          3|   21|         63|
    |ap_return_49   |  14|          3|   21|         63|
    |ap_return_490  |  14|          3|   21|         63|
    |ap_return_491  |  14|          3|   21|         63|
    |ap_return_492  |  14|          3|   21|         63|
    |ap_return_493  |  14|          3|   21|         63|
    |ap_return_494  |  14|          3|   21|         63|
    |ap_return_495  |  14|          3|   21|         63|
    |ap_return_496  |  14|          3|   21|         63|
    |ap_return_497  |  14|          3|   21|         63|
    |ap_return_498  |  14|          3|   21|         63|
    |ap_return_499  |  14|          3|   21|         63|
    |ap_return_5    |  14|          3|   21|         63|
    |ap_return_50   |  14|          3|   21|         63|
    |ap_return_500  |  14|          3|   21|         63|
    |ap_return_501  |  14|          3|   21|         63|
    |ap_return_502  |  14|          3|   21|         63|
    |ap_return_503  |  14|          3|   21|         63|
    |ap_return_504  |  14|          3|   21|         63|
    |ap_return_505  |  14|          3|   21|         63|
    |ap_return_506  |  14|          3|   21|         63|
    |ap_return_507  |  14|          3|   21|         63|
    |ap_return_508  |  14|          3|   21|         63|
    |ap_return_509  |  14|          3|   21|         63|
    |ap_return_51   |  14|          3|   21|         63|
    |ap_return_510  |  14|          3|   21|         63|
    |ap_return_511  |  14|          3|   21|         63|
    |ap_return_52   |  14|          3|   21|         63|
    |ap_return_53   |  14|          3|   21|         63|
    |ap_return_54   |  14|          3|   21|         63|
    |ap_return_55   |  14|          3|   21|         63|
    |ap_return_56   |  14|          3|   21|         63|
    |ap_return_57   |  14|          3|   21|         63|
    |ap_return_58   |  14|          3|   21|         63|
    |ap_return_59   |  14|          3|   21|         63|
    |ap_return_6    |  14|          3|   21|         63|
    |ap_return_60   |  14|          3|   21|         63|
    |ap_return_61   |  14|          3|   21|         63|
    |ap_return_62   |  14|          3|   21|         63|
    |ap_return_63   |  14|          3|   21|         63|
    |ap_return_64   |  14|          3|   21|         63|
    |ap_return_65   |  14|          3|   21|         63|
    |ap_return_66   |  14|          3|   21|         63|
    |ap_return_67   |  14|          3|   21|         63|
    |ap_return_68   |  14|          3|   21|         63|
    |ap_return_69   |  14|          3|   21|         63|
    |ap_return_7    |  14|          3|   21|         63|
    |ap_return_70   |  14|          3|   21|         63|
    |ap_return_71   |  14|          3|   21|         63|
    |ap_return_72   |  14|          3|   21|         63|
    |ap_return_73   |  14|          3|   21|         63|
    |ap_return_74   |  14|          3|   21|         63|
    |ap_return_75   |  14|          3|   21|         63|
    |ap_return_76   |  14|          3|   21|         63|
    |ap_return_77   |  14|          3|   21|         63|
    |ap_return_78   |  14|          3|   21|         63|
    |ap_return_79   |  14|          3|   21|         63|
    |ap_return_8    |  14|          3|   21|         63|
    |ap_return_80   |  14|          3|   21|         63|
    |ap_return_81   |  14|          3|   21|         63|
    |ap_return_82   |  14|          3|   21|         63|
    |ap_return_83   |  14|          3|   21|         63|
    |ap_return_84   |  14|          3|   21|         63|
    |ap_return_85   |  14|          3|   21|         63|
    |ap_return_86   |  14|          3|   21|         63|
    |ap_return_87   |  14|          3|   21|         63|
    |ap_return_88   |  14|          3|   21|         63|
    |ap_return_89   |  14|          3|   21|         63|
    |ap_return_9    |  14|          3|   21|         63|
    |ap_return_90   |  14|          3|   21|         63|
    |ap_return_91   |  14|          3|   21|         63|
    |ap_return_92   |  14|          3|   21|         63|
    |ap_return_93   |  14|          3|   21|         63|
    |ap_return_94   |  14|          3|   21|         63|
    |ap_return_95   |  14|          3|   21|         63|
    |ap_return_96   |  14|          3|   21|         63|
    |ap_return_97   |  14|          3|   21|         63|
    |ap_return_98   |  14|          3|   21|         63|
    |ap_return_99   |  14|          3|   21|         63|
    +---------------+----+-----------+-----+-----------+
    |Total          |7168|       1536|10752|      32256|
    +---------------+----+-----------+-----+-----------+

    * Register: 
    +---------------------------+-----+----+-----+-----------+
    |            Name           |  FF | LUT| Bits| Const Bits|
    +---------------------------+-----+----+-----+-----------+
    |ap_ce_reg                  |    1|   0|    1|          0|
    |ap_return_0_int_reg        |   17|   0|   21|          4|
    |ap_return_100_int_reg      |   17|   0|   21|          4|
    |ap_return_101_int_reg      |   17|   0|   21|          4|
    |ap_return_102_int_reg      |   17|   0|   21|          4|
    |ap_return_103_int_reg      |   17|   0|   21|          4|
    |ap_return_104_int_reg      |   17|   0|   21|          4|
    |ap_return_105_int_reg      |   17|   0|   21|          4|
    |ap_return_106_int_reg      |   17|   0|   21|          4|
    |ap_return_107_int_reg      |   17|   0|   21|          4|
    |ap_return_108_int_reg      |   17|   0|   21|          4|
    |ap_return_109_int_reg      |   17|   0|   21|          4|
    |ap_return_10_int_reg       |   17|   0|   21|          4|
    |ap_return_110_int_reg      |   17|   0|   21|          4|
    |ap_return_111_int_reg      |   17|   0|   21|          4|
    |ap_return_112_int_reg      |   17|   0|   21|          4|
    |ap_return_113_int_reg      |   17|   0|   21|          4|
    |ap_return_114_int_reg      |   17|   0|   21|          4|
    |ap_return_115_int_reg      |   17|   0|   21|          4|
    |ap_return_116_int_reg      |   17|   0|   21|          4|
    |ap_return_117_int_reg      |   17|   0|   21|          4|
    |ap_return_118_int_reg      |   17|   0|   21|          4|
    |ap_return_119_int_reg      |   17|   0|   21|          4|
    |ap_return_11_int_reg       |   17|   0|   21|          4|
    |ap_return_120_int_reg      |   17|   0|   21|          4|
    |ap_return_121_int_reg      |   17|   0|   21|          4|
    |ap_return_122_int_reg      |   17|   0|   21|          4|
    |ap_return_123_int_reg      |   17|   0|   21|          4|
    |ap_return_124_int_reg      |   17|   0|   21|          4|
    |ap_return_125_int_reg      |   17|   0|   21|          4|
    |ap_return_126_int_reg      |   17|   0|   21|          4|
    |ap_return_127_int_reg      |   17|   0|   21|          4|
    |ap_return_128_int_reg      |   17|   0|   21|          4|
    |ap_return_129_int_reg      |   17|   0|   21|          4|
    |ap_return_12_int_reg       |   17|   0|   21|          4|
    |ap_return_130_int_reg      |   17|   0|   21|          4|
    |ap_return_131_int_reg      |   17|   0|   21|          4|
    |ap_return_132_int_reg      |   17|   0|   21|          4|
    |ap_return_133_int_reg      |   17|   0|   21|          4|
    |ap_return_134_int_reg      |   17|   0|   21|          4|
    |ap_return_135_int_reg      |   17|   0|   21|          4|
    |ap_return_136_int_reg      |   17|   0|   21|          4|
    |ap_return_137_int_reg      |   17|   0|   21|          4|
    |ap_return_138_int_reg      |   17|   0|   21|          4|
    |ap_return_139_int_reg      |   17|   0|   21|          4|
    |ap_return_13_int_reg       |   17|   0|   21|          4|
    |ap_return_140_int_reg      |   17|   0|   21|          4|
    |ap_return_141_int_reg      |   17|   0|   21|          4|
    |ap_return_142_int_reg      |   17|   0|   21|          4|
    |ap_return_143_int_reg      |   17|   0|   21|          4|
    |ap_return_144_int_reg      |   17|   0|   21|          4|
    |ap_return_145_int_reg      |   17|   0|   21|          4|
    |ap_return_146_int_reg      |   17|   0|   21|          4|
    |ap_return_147_int_reg      |   17|   0|   21|          4|
    |ap_return_148_int_reg      |   17|   0|   21|          4|
    |ap_return_149_int_reg      |   17|   0|   21|          4|
    |ap_return_14_int_reg       |   17|   0|   21|          4|
    |ap_return_150_int_reg      |   17|   0|   21|          4|
    |ap_return_151_int_reg      |   17|   0|   21|          4|
    |ap_return_152_int_reg      |   17|   0|   21|          4|
    |ap_return_153_int_reg      |   17|   0|   21|          4|
    |ap_return_154_int_reg      |   17|   0|   21|          4|
    |ap_return_155_int_reg      |   17|   0|   21|          4|
    |ap_return_156_int_reg      |   17|   0|   21|          4|
    |ap_return_157_int_reg      |   17|   0|   21|          4|
    |ap_return_158_int_reg      |   17|   0|   21|          4|
    |ap_return_159_int_reg      |   17|   0|   21|          4|
    |ap_return_15_int_reg       |   17|   0|   21|          4|
    |ap_return_160_int_reg      |   17|   0|   21|          4|
    |ap_return_161_int_reg      |   17|   0|   21|          4|
    |ap_return_162_int_reg      |   17|   0|   21|          4|
    |ap_return_163_int_reg      |   17|   0|   21|          4|
    |ap_return_164_int_reg      |   17|   0|   21|          4|
    |ap_return_165_int_reg      |   17|   0|   21|          4|
    |ap_return_166_int_reg      |   17|   0|   21|          4|
    |ap_return_167_int_reg      |   17|   0|   21|          4|
    |ap_return_168_int_reg      |   17|   0|   21|          4|
    |ap_return_169_int_reg      |   17|   0|   21|          4|
    |ap_return_16_int_reg       |   17|   0|   21|          4|
    |ap_return_170_int_reg      |   17|   0|   21|          4|
    |ap_return_171_int_reg      |   17|   0|   21|          4|
    |ap_return_172_int_reg      |   17|   0|   21|          4|
    |ap_return_173_int_reg      |   17|   0|   21|          4|
    |ap_return_174_int_reg      |   17|   0|   21|          4|
    |ap_return_175_int_reg      |   17|   0|   21|          4|
    |ap_return_176_int_reg      |   17|   0|   21|          4|
    |ap_return_177_int_reg      |   17|   0|   21|          4|
    |ap_return_178_int_reg      |   17|   0|   21|          4|
    |ap_return_179_int_reg      |   17|   0|   21|          4|
    |ap_return_17_int_reg       |   17|   0|   21|          4|
    |ap_return_180_int_reg      |   17|   0|   21|          4|
    |ap_return_181_int_reg      |   17|   0|   21|          4|
    |ap_return_182_int_reg      |   17|   0|   21|          4|
    |ap_return_183_int_reg      |   17|   0|   21|          4|
    |ap_return_184_int_reg      |   17|   0|   21|          4|
    |ap_return_185_int_reg      |   17|   0|   21|          4|
    |ap_return_186_int_reg      |   17|   0|   21|          4|
    |ap_return_187_int_reg      |   17|   0|   21|          4|
    |ap_return_188_int_reg      |   17|   0|   21|          4|
    |ap_return_189_int_reg      |   17|   0|   21|          4|
    |ap_return_18_int_reg       |   17|   0|   21|          4|
    |ap_return_190_int_reg      |   17|   0|   21|          4|
    |ap_return_191_int_reg      |   17|   0|   21|          4|
    |ap_return_192_int_reg      |   17|   0|   21|          4|
    |ap_return_193_int_reg      |   17|   0|   21|          4|
    |ap_return_194_int_reg      |   17|   0|   21|          4|
    |ap_return_195_int_reg      |   17|   0|   21|          4|
    |ap_return_196_int_reg      |   17|   0|   21|          4|
    |ap_return_197_int_reg      |   17|   0|   21|          4|
    |ap_return_198_int_reg      |   17|   0|   21|          4|
    |ap_return_199_int_reg      |   17|   0|   21|          4|
    |ap_return_19_int_reg       |   17|   0|   21|          4|
    |ap_return_1_int_reg        |   17|   0|   21|          4|
    |ap_return_200_int_reg      |   17|   0|   21|          4|
    |ap_return_201_int_reg      |   17|   0|   21|          4|
    |ap_return_202_int_reg      |   17|   0|   21|          4|
    |ap_return_203_int_reg      |   17|   0|   21|          4|
    |ap_return_204_int_reg      |   17|   0|   21|          4|
    |ap_return_205_int_reg      |   17|   0|   21|          4|
    |ap_return_206_int_reg      |   17|   0|   21|          4|
    |ap_return_207_int_reg      |   17|   0|   21|          4|
    |ap_return_208_int_reg      |   17|   0|   21|          4|
    |ap_return_209_int_reg      |   17|   0|   21|          4|
    |ap_return_20_int_reg       |   17|   0|   21|          4|
    |ap_return_210_int_reg      |   17|   0|   21|          4|
    |ap_return_211_int_reg      |   17|   0|   21|          4|
    |ap_return_212_int_reg      |   17|   0|   21|          4|
    |ap_return_213_int_reg      |   17|   0|   21|          4|
    |ap_return_214_int_reg      |   17|   0|   21|          4|
    |ap_return_215_int_reg      |   17|   0|   21|          4|
    |ap_return_216_int_reg      |   17|   0|   21|          4|
    |ap_return_217_int_reg      |   17|   0|   21|          4|
    |ap_return_218_int_reg      |   17|   0|   21|          4|
    |ap_return_219_int_reg      |   17|   0|   21|          4|
    |ap_return_21_int_reg       |   17|   0|   21|          4|
    |ap_return_220_int_reg      |   17|   0|   21|          4|
    |ap_return_221_int_reg      |   17|   0|   21|          4|
    |ap_return_222_int_reg      |   17|   0|   21|          4|
    |ap_return_223_int_reg      |   17|   0|   21|          4|
    |ap_return_224_int_reg      |   17|   0|   21|          4|
    |ap_return_225_int_reg      |   17|   0|   21|          4|
    |ap_return_226_int_reg      |   17|   0|   21|          4|
    |ap_return_227_int_reg      |   17|   0|   21|          4|
    |ap_return_228_int_reg      |   17|   0|   21|          4|
    |ap_return_229_int_reg      |   17|   0|   21|          4|
    |ap_return_22_int_reg       |   17|   0|   21|          4|
    |ap_return_230_int_reg      |   17|   0|   21|          4|
    |ap_return_231_int_reg      |   17|   0|   21|          4|
    |ap_return_232_int_reg      |   17|   0|   21|          4|
    |ap_return_233_int_reg      |   17|   0|   21|          4|
    |ap_return_234_int_reg      |   17|   0|   21|          4|
    |ap_return_235_int_reg      |   17|   0|   21|          4|
    |ap_return_236_int_reg      |   17|   0|   21|          4|
    |ap_return_237_int_reg      |   17|   0|   21|          4|
    |ap_return_238_int_reg      |   17|   0|   21|          4|
    |ap_return_239_int_reg      |   17|   0|   21|          4|
    |ap_return_23_int_reg       |   17|   0|   21|          4|
    |ap_return_240_int_reg      |   17|   0|   21|          4|
    |ap_return_241_int_reg      |   17|   0|   21|          4|
    |ap_return_242_int_reg      |   17|   0|   21|          4|
    |ap_return_243_int_reg      |   17|   0|   21|          4|
    |ap_return_244_int_reg      |   17|   0|   21|          4|
    |ap_return_245_int_reg      |   17|   0|   21|          4|
    |ap_return_246_int_reg      |   17|   0|   21|          4|
    |ap_return_247_int_reg      |   17|   0|   21|          4|
    |ap_return_248_int_reg      |   17|   0|   21|          4|
    |ap_return_249_int_reg      |   17|   0|   21|          4|
    |ap_return_24_int_reg       |   17|   0|   21|          4|
    |ap_return_250_int_reg      |   17|   0|   21|          4|
    |ap_return_251_int_reg      |   17|   0|   21|          4|
    |ap_return_252_int_reg      |   17|   0|   21|          4|
    |ap_return_253_int_reg      |   17|   0|   21|          4|
    |ap_return_254_int_reg      |   17|   0|   21|          4|
    |ap_return_255_int_reg      |   17|   0|   21|          4|
    |ap_return_256_int_reg      |   17|   0|   21|          4|
    |ap_return_257_int_reg      |   17|   0|   21|          4|
    |ap_return_258_int_reg      |   17|   0|   21|          4|
    |ap_return_259_int_reg      |   17|   0|   21|          4|
    |ap_return_25_int_reg       |   17|   0|   21|          4|
    |ap_return_260_int_reg      |   17|   0|   21|          4|
    |ap_return_261_int_reg      |   17|   0|   21|          4|
    |ap_return_262_int_reg      |   17|   0|   21|          4|
    |ap_return_263_int_reg      |   17|   0|   21|          4|
    |ap_return_264_int_reg      |   17|   0|   21|          4|
    |ap_return_265_int_reg      |   17|   0|   21|          4|
    |ap_return_266_int_reg      |   17|   0|   21|          4|
    |ap_return_267_int_reg      |   17|   0|   21|          4|
    |ap_return_268_int_reg      |   17|   0|   21|          4|
    |ap_return_269_int_reg      |   17|   0|   21|          4|
    |ap_return_26_int_reg       |   17|   0|   21|          4|
    |ap_return_270_int_reg      |   17|   0|   21|          4|
    |ap_return_271_int_reg      |   17|   0|   21|          4|
    |ap_return_272_int_reg      |   17|   0|   21|          4|
    |ap_return_273_int_reg      |   17|   0|   21|          4|
    |ap_return_274_int_reg      |   17|   0|   21|          4|
    |ap_return_275_int_reg      |   17|   0|   21|          4|
    |ap_return_276_int_reg      |   17|   0|   21|          4|
    |ap_return_277_int_reg      |   17|   0|   21|          4|
    |ap_return_278_int_reg      |   17|   0|   21|          4|
    |ap_return_279_int_reg      |   17|   0|   21|          4|
    |ap_return_27_int_reg       |   17|   0|   21|          4|
    |ap_return_280_int_reg      |   17|   0|   21|          4|
    |ap_return_281_int_reg      |   17|   0|   21|          4|
    |ap_return_282_int_reg      |   17|   0|   21|          4|
    |ap_return_283_int_reg      |   17|   0|   21|          4|
    |ap_return_284_int_reg      |   17|   0|   21|          4|
    |ap_return_285_int_reg      |   17|   0|   21|          4|
    |ap_return_286_int_reg      |   17|   0|   21|          4|
    |ap_return_287_int_reg      |   17|   0|   21|          4|
    |ap_return_288_int_reg      |   17|   0|   21|          4|
    |ap_return_289_int_reg      |   17|   0|   21|          4|
    |ap_return_28_int_reg       |   17|   0|   21|          4|
    |ap_return_290_int_reg      |   17|   0|   21|          4|
    |ap_return_291_int_reg      |   17|   0|   21|          4|
    |ap_return_292_int_reg      |   17|   0|   21|          4|
    |ap_return_293_int_reg      |   17|   0|   21|          4|
    |ap_return_294_int_reg      |   17|   0|   21|          4|
    |ap_return_295_int_reg      |   17|   0|   21|          4|
    |ap_return_296_int_reg      |   17|   0|   21|          4|
    |ap_return_297_int_reg      |   17|   0|   21|          4|
    |ap_return_298_int_reg      |   17|   0|   21|          4|
    |ap_return_299_int_reg      |   17|   0|   21|          4|
    |ap_return_29_int_reg       |   17|   0|   21|          4|
    |ap_return_2_int_reg        |   17|   0|   21|          4|
    |ap_return_300_int_reg      |   17|   0|   21|          4|
    |ap_return_301_int_reg      |   17|   0|   21|          4|
    |ap_return_302_int_reg      |   17|   0|   21|          4|
    |ap_return_303_int_reg      |   17|   0|   21|          4|
    |ap_return_304_int_reg      |   17|   0|   21|          4|
    |ap_return_305_int_reg      |   17|   0|   21|          4|
    |ap_return_306_int_reg      |   17|   0|   21|          4|
    |ap_return_307_int_reg      |   17|   0|   21|          4|
    |ap_return_308_int_reg      |   17|   0|   21|          4|
    |ap_return_309_int_reg      |   17|   0|   21|          4|
    |ap_return_30_int_reg       |   17|   0|   21|          4|
    |ap_return_310_int_reg      |   17|   0|   21|          4|
    |ap_return_311_int_reg      |   17|   0|   21|          4|
    |ap_return_312_int_reg      |   17|   0|   21|          4|
    |ap_return_313_int_reg      |   17|   0|   21|          4|
    |ap_return_314_int_reg      |   17|   0|   21|          4|
    |ap_return_315_int_reg      |   17|   0|   21|          4|
    |ap_return_316_int_reg      |   17|   0|   21|          4|
    |ap_return_317_int_reg      |   17|   0|   21|          4|
    |ap_return_318_int_reg      |   17|   0|   21|          4|
    |ap_return_319_int_reg      |   17|   0|   21|          4|
    |ap_return_31_int_reg       |   17|   0|   21|          4|
    |ap_return_320_int_reg      |   17|   0|   21|          4|
    |ap_return_321_int_reg      |   17|   0|   21|          4|
    |ap_return_322_int_reg      |   17|   0|   21|          4|
    |ap_return_323_int_reg      |   17|   0|   21|          4|
    |ap_return_324_int_reg      |   17|   0|   21|          4|
    |ap_return_325_int_reg      |   17|   0|   21|          4|
    |ap_return_326_int_reg      |   17|   0|   21|          4|
    |ap_return_327_int_reg      |   17|   0|   21|          4|
    |ap_return_328_int_reg      |   17|   0|   21|          4|
    |ap_return_329_int_reg      |   17|   0|   21|          4|
    |ap_return_32_int_reg       |   17|   0|   21|          4|
    |ap_return_330_int_reg      |   17|   0|   21|          4|
    |ap_return_331_int_reg      |   17|   0|   21|          4|
    |ap_return_332_int_reg      |   17|   0|   21|          4|
    |ap_return_333_int_reg      |   17|   0|   21|          4|
    |ap_return_334_int_reg      |   17|   0|   21|          4|
    |ap_return_335_int_reg      |   17|   0|   21|          4|
    |ap_return_336_int_reg      |   17|   0|   21|          4|
    |ap_return_337_int_reg      |   17|   0|   21|          4|
    |ap_return_338_int_reg      |   17|   0|   21|          4|
    |ap_return_339_int_reg      |   17|   0|   21|          4|
    |ap_return_33_int_reg       |   17|   0|   21|          4|
    |ap_return_340_int_reg      |   17|   0|   21|          4|
    |ap_return_341_int_reg      |   17|   0|   21|          4|
    |ap_return_342_int_reg      |   17|   0|   21|          4|
    |ap_return_343_int_reg      |   17|   0|   21|          4|
    |ap_return_344_int_reg      |   17|   0|   21|          4|
    |ap_return_345_int_reg      |   17|   0|   21|          4|
    |ap_return_346_int_reg      |   17|   0|   21|          4|
    |ap_return_347_int_reg      |   17|   0|   21|          4|
    |ap_return_348_int_reg      |   17|   0|   21|          4|
    |ap_return_349_int_reg      |   17|   0|   21|          4|
    |ap_return_34_int_reg       |   17|   0|   21|          4|
    |ap_return_350_int_reg      |   17|   0|   21|          4|
    |ap_return_351_int_reg      |   17|   0|   21|          4|
    |ap_return_352_int_reg      |   17|   0|   21|          4|
    |ap_return_353_int_reg      |   17|   0|   21|          4|
    |ap_return_354_int_reg      |   17|   0|   21|          4|
    |ap_return_355_int_reg      |   17|   0|   21|          4|
    |ap_return_356_int_reg      |   17|   0|   21|          4|
    |ap_return_357_int_reg      |   17|   0|   21|          4|
    |ap_return_358_int_reg      |   17|   0|   21|          4|
    |ap_return_359_int_reg      |   17|   0|   21|          4|
    |ap_return_35_int_reg       |   17|   0|   21|          4|
    |ap_return_360_int_reg      |   17|   0|   21|          4|
    |ap_return_361_int_reg      |   17|   0|   21|          4|
    |ap_return_362_int_reg      |   17|   0|   21|          4|
    |ap_return_363_int_reg      |   17|   0|   21|          4|
    |ap_return_364_int_reg      |   17|   0|   21|          4|
    |ap_return_365_int_reg      |   17|   0|   21|          4|
    |ap_return_366_int_reg      |   17|   0|   21|          4|
    |ap_return_367_int_reg      |   17|   0|   21|          4|
    |ap_return_368_int_reg      |   17|   0|   21|          4|
    |ap_return_369_int_reg      |   17|   0|   21|          4|
    |ap_return_36_int_reg       |   17|   0|   21|          4|
    |ap_return_370_int_reg      |   17|   0|   21|          4|
    |ap_return_371_int_reg      |   17|   0|   21|          4|
    |ap_return_372_int_reg      |   17|   0|   21|          4|
    |ap_return_373_int_reg      |   17|   0|   21|          4|
    |ap_return_374_int_reg      |   17|   0|   21|          4|
    |ap_return_375_int_reg      |   17|   0|   21|          4|
    |ap_return_376_int_reg      |   17|   0|   21|          4|
    |ap_return_377_int_reg      |   17|   0|   21|          4|
    |ap_return_378_int_reg      |   17|   0|   21|          4|
    |ap_return_379_int_reg      |   17|   0|   21|          4|
    |ap_return_37_int_reg       |   17|   0|   21|          4|
    |ap_return_380_int_reg      |   17|   0|   21|          4|
    |ap_return_381_int_reg      |   17|   0|   21|          4|
    |ap_return_382_int_reg      |   17|   0|   21|          4|
    |ap_return_383_int_reg      |   17|   0|   21|          4|
    |ap_return_384_int_reg      |   17|   0|   21|          4|
    |ap_return_385_int_reg      |   17|   0|   21|          4|
    |ap_return_386_int_reg      |   17|   0|   21|          4|
    |ap_return_387_int_reg      |   17|   0|   21|          4|
    |ap_return_388_int_reg      |   17|   0|   21|          4|
    |ap_return_389_int_reg      |   17|   0|   21|          4|
    |ap_return_38_int_reg       |   17|   0|   21|          4|
    |ap_return_390_int_reg      |   17|   0|   21|          4|
    |ap_return_391_int_reg      |   17|   0|   21|          4|
    |ap_return_392_int_reg      |   17|   0|   21|          4|
    |ap_return_393_int_reg      |   17|   0|   21|          4|
    |ap_return_394_int_reg      |   17|   0|   21|          4|
    |ap_return_395_int_reg      |   17|   0|   21|          4|
    |ap_return_396_int_reg      |   17|   0|   21|          4|
    |ap_return_397_int_reg      |   17|   0|   21|          4|
    |ap_return_398_int_reg      |   17|   0|   21|          4|
    |ap_return_399_int_reg      |   17|   0|   21|          4|
    |ap_return_39_int_reg       |   17|   0|   21|          4|
    |ap_return_3_int_reg        |   17|   0|   21|          4|
    |ap_return_400_int_reg      |   17|   0|   21|          4|
    |ap_return_401_int_reg      |   17|   0|   21|          4|
    |ap_return_402_int_reg      |   17|   0|   21|          4|
    |ap_return_403_int_reg      |   17|   0|   21|          4|
    |ap_return_404_int_reg      |   17|   0|   21|          4|
    |ap_return_405_int_reg      |   17|   0|   21|          4|
    |ap_return_406_int_reg      |   17|   0|   21|          4|
    |ap_return_407_int_reg      |   17|   0|   21|          4|
    |ap_return_408_int_reg      |   17|   0|   21|          4|
    |ap_return_409_int_reg      |   17|   0|   21|          4|
    |ap_return_40_int_reg       |   17|   0|   21|          4|
    |ap_return_410_int_reg      |   17|   0|   21|          4|
    |ap_return_411_int_reg      |   17|   0|   21|          4|
    |ap_return_412_int_reg      |   17|   0|   21|          4|
    |ap_return_413_int_reg      |   17|   0|   21|          4|
    |ap_return_414_int_reg      |   17|   0|   21|          4|
    |ap_return_415_int_reg      |   17|   0|   21|          4|
    |ap_return_416_int_reg      |   17|   0|   21|          4|
    |ap_return_417_int_reg      |   17|   0|   21|          4|
    |ap_return_418_int_reg      |   17|   0|   21|          4|
    |ap_return_419_int_reg      |   17|   0|   21|          4|
    |ap_return_41_int_reg       |   17|   0|   21|          4|
    |ap_return_420_int_reg      |   17|   0|   21|          4|
    |ap_return_421_int_reg      |   17|   0|   21|          4|
    |ap_return_422_int_reg      |   17|   0|   21|          4|
    |ap_return_423_int_reg      |   17|   0|   21|          4|
    |ap_return_424_int_reg      |   17|   0|   21|          4|
    |ap_return_425_int_reg      |   17|   0|   21|          4|
    |ap_return_426_int_reg      |   17|   0|   21|          4|
    |ap_return_427_int_reg      |   17|   0|   21|          4|
    |ap_return_428_int_reg      |   17|   0|   21|          4|
    |ap_return_429_int_reg      |   17|   0|   21|          4|
    |ap_return_42_int_reg       |   17|   0|   21|          4|
    |ap_return_430_int_reg      |   17|   0|   21|          4|
    |ap_return_431_int_reg      |   17|   0|   21|          4|
    |ap_return_432_int_reg      |   17|   0|   21|          4|
    |ap_return_433_int_reg      |   17|   0|   21|          4|
    |ap_return_434_int_reg      |   17|   0|   21|          4|
    |ap_return_435_int_reg      |   17|   0|   21|          4|
    |ap_return_436_int_reg      |   17|   0|   21|          4|
    |ap_return_437_int_reg      |   17|   0|   21|          4|
    |ap_return_438_int_reg      |   17|   0|   21|          4|
    |ap_return_439_int_reg      |   17|   0|   21|          4|
    |ap_return_43_int_reg       |   17|   0|   21|          4|
    |ap_return_440_int_reg      |   17|   0|   21|          4|
    |ap_return_441_int_reg      |   17|   0|   21|          4|
    |ap_return_442_int_reg      |   17|   0|   21|          4|
    |ap_return_443_int_reg      |   17|   0|   21|          4|
    |ap_return_444_int_reg      |   17|   0|   21|          4|
    |ap_return_445_int_reg      |   17|   0|   21|          4|
    |ap_return_446_int_reg      |   17|   0|   21|          4|
    |ap_return_447_int_reg      |   17|   0|   21|          4|
    |ap_return_448_int_reg      |   17|   0|   21|          4|
    |ap_return_449_int_reg      |   17|   0|   21|          4|
    |ap_return_44_int_reg       |   17|   0|   21|          4|
    |ap_return_450_int_reg      |   17|   0|   21|          4|
    |ap_return_451_int_reg      |   17|   0|   21|          4|
    |ap_return_452_int_reg      |   17|   0|   21|          4|
    |ap_return_453_int_reg      |   17|   0|   21|          4|
    |ap_return_454_int_reg      |   17|   0|   21|          4|
    |ap_return_455_int_reg      |   17|   0|   21|          4|
    |ap_return_456_int_reg      |   17|   0|   21|          4|
    |ap_return_457_int_reg      |   17|   0|   21|          4|
    |ap_return_458_int_reg      |   17|   0|   21|          4|
    |ap_return_459_int_reg      |   17|   0|   21|          4|
    |ap_return_45_int_reg       |   17|   0|   21|          4|
    |ap_return_460_int_reg      |   17|   0|   21|          4|
    |ap_return_461_int_reg      |   17|   0|   21|          4|
    |ap_return_462_int_reg      |   17|   0|   21|          4|
    |ap_return_463_int_reg      |   17|   0|   21|          4|
    |ap_return_464_int_reg      |   17|   0|   21|          4|
    |ap_return_465_int_reg      |   17|   0|   21|          4|
    |ap_return_466_int_reg      |   17|   0|   21|          4|
    |ap_return_467_int_reg      |   17|   0|   21|          4|
    |ap_return_468_int_reg      |   17|   0|   21|          4|
    |ap_return_469_int_reg      |   17|   0|   21|          4|
    |ap_return_46_int_reg       |   17|   0|   21|          4|
    |ap_return_470_int_reg      |   17|   0|   21|          4|
    |ap_return_471_int_reg      |   17|   0|   21|          4|
    |ap_return_472_int_reg      |   17|   0|   21|          4|
    |ap_return_473_int_reg      |   17|   0|   21|          4|
    |ap_return_474_int_reg      |   17|   0|   21|          4|
    |ap_return_475_int_reg      |   17|   0|   21|          4|
    |ap_return_476_int_reg      |   17|   0|   21|          4|
    |ap_return_477_int_reg      |   17|   0|   21|          4|
    |ap_return_478_int_reg      |   17|   0|   21|          4|
    |ap_return_479_int_reg      |   17|   0|   21|          4|
    |ap_return_47_int_reg       |   17|   0|   21|          4|
    |ap_return_480_int_reg      |   17|   0|   21|          4|
    |ap_return_481_int_reg      |   17|   0|   21|          4|
    |ap_return_482_int_reg      |   17|   0|   21|          4|
    |ap_return_483_int_reg      |   17|   0|   21|          4|
    |ap_return_484_int_reg      |   17|   0|   21|          4|
    |ap_return_485_int_reg      |   17|   0|   21|          4|
    |ap_return_486_int_reg      |   17|   0|   21|          4|
    |ap_return_487_int_reg      |   17|   0|   21|          4|
    |ap_return_488_int_reg      |   17|   0|   21|          4|
    |ap_return_489_int_reg      |   17|   0|   21|          4|
    |ap_return_48_int_reg       |   17|   0|   21|          4|
    |ap_return_490_int_reg      |   17|   0|   21|          4|
    |ap_return_491_int_reg      |   17|   0|   21|          4|
    |ap_return_492_int_reg      |   17|   0|   21|          4|
    |ap_return_493_int_reg      |   17|   0|   21|          4|
    |ap_return_494_int_reg      |   17|   0|   21|          4|
    |ap_return_495_int_reg      |   17|   0|   21|          4|
    |ap_return_496_int_reg      |   17|   0|   21|          4|
    |ap_return_497_int_reg      |   17|   0|   21|          4|
    |ap_return_498_int_reg      |   17|   0|   21|          4|
    |ap_return_499_int_reg      |   17|   0|   21|          4|
    |ap_return_49_int_reg       |   17|   0|   21|          4|
    |ap_return_4_int_reg        |   17|   0|   21|          4|
    |ap_return_500_int_reg      |   17|   0|   21|          4|
    |ap_return_501_int_reg      |   17|   0|   21|          4|
    |ap_return_502_int_reg      |   17|   0|   21|          4|
    |ap_return_503_int_reg      |   17|   0|   21|          4|
    |ap_return_504_int_reg      |   17|   0|   21|          4|
    |ap_return_505_int_reg      |   17|   0|   21|          4|
    |ap_return_506_int_reg      |   17|   0|   21|          4|
    |ap_return_507_int_reg      |   17|   0|   21|          4|
    |ap_return_508_int_reg      |   17|   0|   21|          4|
    |ap_return_509_int_reg      |   17|   0|   21|          4|
    |ap_return_50_int_reg       |   17|   0|   21|          4|
    |ap_return_510_int_reg      |   17|   0|   21|          4|
    |ap_return_511_int_reg      |   17|   0|   21|          4|
    |ap_return_51_int_reg       |   17|   0|   21|          4|
    |ap_return_52_int_reg       |   17|   0|   21|          4|
    |ap_return_53_int_reg       |   17|   0|   21|          4|
    |ap_return_54_int_reg       |   17|   0|   21|          4|
    |ap_return_55_int_reg       |   17|   0|   21|          4|
    |ap_return_56_int_reg       |   17|   0|   21|          4|
    |ap_return_57_int_reg       |   17|   0|   21|          4|
    |ap_return_58_int_reg       |   17|   0|   21|          4|
    |ap_return_59_int_reg       |   17|   0|   21|          4|
    |ap_return_5_int_reg        |   17|   0|   21|          4|
    |ap_return_60_int_reg       |   17|   0|   21|          4|
    |ap_return_61_int_reg       |   17|   0|   21|          4|
    |ap_return_62_int_reg       |   17|   0|   21|          4|
    |ap_return_63_int_reg       |   17|   0|   21|          4|
    |ap_return_64_int_reg       |   17|   0|   21|          4|
    |ap_return_65_int_reg       |   17|   0|   21|          4|
    |ap_return_66_int_reg       |   17|   0|   21|          4|
    |ap_return_67_int_reg       |   17|   0|   21|          4|
    |ap_return_68_int_reg       |   17|   0|   21|          4|
    |ap_return_69_int_reg       |   17|   0|   21|          4|
    |ap_return_6_int_reg        |   17|   0|   21|          4|
    |ap_return_70_int_reg       |   17|   0|   21|          4|
    |ap_return_71_int_reg       |   17|   0|   21|          4|
    |ap_return_72_int_reg       |   17|   0|   21|          4|
    |ap_return_73_int_reg       |   17|   0|   21|          4|
    |ap_return_74_int_reg       |   17|   0|   21|          4|
    |ap_return_75_int_reg       |   17|   0|   21|          4|
    |ap_return_76_int_reg       |   17|   0|   21|          4|
    |ap_return_77_int_reg       |   17|   0|   21|          4|
    |ap_return_78_int_reg       |   17|   0|   21|          4|
    |ap_return_79_int_reg       |   17|   0|   21|          4|
    |ap_return_7_int_reg        |   17|   0|   21|          4|
    |ap_return_80_int_reg       |   17|   0|   21|          4|
    |ap_return_81_int_reg       |   17|   0|   21|          4|
    |ap_return_82_int_reg       |   17|   0|   21|          4|
    |ap_return_83_int_reg       |   17|   0|   21|          4|
    |ap_return_84_int_reg       |   17|   0|   21|          4|
    |ap_return_85_int_reg       |   17|   0|   21|          4|
    |ap_return_86_int_reg       |   17|   0|   21|          4|
    |ap_return_87_int_reg       |   17|   0|   21|          4|
    |ap_return_88_int_reg       |   17|   0|   21|          4|
    |ap_return_89_int_reg       |   17|   0|   21|          4|
    |ap_return_8_int_reg        |   17|   0|   21|          4|
    |ap_return_90_int_reg       |   17|   0|   21|          4|
    |ap_return_91_int_reg       |   17|   0|   21|          4|
    |ap_return_92_int_reg       |   17|   0|   21|          4|
    |ap_return_93_int_reg       |   17|   0|   21|          4|
    |ap_return_94_int_reg       |   17|   0|   21|          4|
    |ap_return_95_int_reg       |   17|   0|   21|          4|
    |ap_return_96_int_reg       |   17|   0|   21|          4|
    |ap_return_97_int_reg       |   17|   0|   21|          4|
    |ap_return_98_int_reg       |   17|   0|   21|          4|
    |ap_return_99_int_reg       |   17|   0|   21|          4|
    |ap_return_9_int_reg        |   17|   0|   21|          4|
    |data_0_val_int_reg         |   11|   0|   11|          0|
    |data_100_val_int_reg       |   11|   0|   11|          0|
    |data_101_val_int_reg       |   11|   0|   11|          0|
    |data_102_val_int_reg       |   11|   0|   11|          0|
    |data_103_val_int_reg       |   11|   0|   11|          0|
    |data_104_val_int_reg       |   11|   0|   11|          0|
    |data_105_val_int_reg       |   11|   0|   11|          0|
    |data_106_val_int_reg       |   11|   0|   11|          0|
    |data_107_val_int_reg       |   11|   0|   11|          0|
    |data_108_val_int_reg       |   11|   0|   11|          0|
    |data_109_val_int_reg       |   11|   0|   11|          0|
    |data_10_val_int_reg        |   11|   0|   11|          0|
    |data_110_val_int_reg       |   11|   0|   11|          0|
    |data_111_val_int_reg       |   11|   0|   11|          0|
    |data_112_val_int_reg       |   11|   0|   11|          0|
    |data_113_val_int_reg       |   11|   0|   11|          0|
    |data_114_val_int_reg       |   11|   0|   11|          0|
    |data_115_val_int_reg       |   11|   0|   11|          0|
    |data_116_val_int_reg       |   11|   0|   11|          0|
    |data_117_val_int_reg       |   11|   0|   11|          0|
    |data_118_val_int_reg       |   11|   0|   11|          0|
    |data_119_val_int_reg       |   11|   0|   11|          0|
    |data_11_val_int_reg        |   11|   0|   11|          0|
    |data_120_val_int_reg       |   11|   0|   11|          0|
    |data_121_val_int_reg       |   11|   0|   11|          0|
    |data_122_val_int_reg       |   11|   0|   11|          0|
    |data_123_val_int_reg       |   11|   0|   11|          0|
    |data_124_val_int_reg       |   11|   0|   11|          0|
    |data_125_val_int_reg       |   11|   0|   11|          0|
    |data_126_val_int_reg       |   11|   0|   11|          0|
    |data_127_val_int_reg       |   11|   0|   11|          0|
    |data_128_val_int_reg       |   11|   0|   11|          0|
    |data_129_val_int_reg       |   11|   0|   11|          0|
    |data_12_val_int_reg        |   11|   0|   11|          0|
    |data_130_val_int_reg       |   11|   0|   11|          0|
    |data_131_val_int_reg       |   11|   0|   11|          0|
    |data_132_val_int_reg       |   11|   0|   11|          0|
    |data_133_val_int_reg       |   11|   0|   11|          0|
    |data_134_val_int_reg       |   11|   0|   11|          0|
    |data_135_val_int_reg       |   11|   0|   11|          0|
    |data_136_val_int_reg       |   11|   0|   11|          0|
    |data_137_val_int_reg       |   11|   0|   11|          0|
    |data_138_val_int_reg       |   11|   0|   11|          0|
    |data_139_val_int_reg       |   11|   0|   11|          0|
    |data_13_val_int_reg        |   11|   0|   11|          0|
    |data_140_val_int_reg       |   11|   0|   11|          0|
    |data_141_val_int_reg       |   11|   0|   11|          0|
    |data_142_val_int_reg       |   11|   0|   11|          0|
    |data_143_val_int_reg       |   11|   0|   11|          0|
    |data_144_val_int_reg       |   11|   0|   11|          0|
    |data_145_val_int_reg       |   11|   0|   11|          0|
    |data_146_val_int_reg       |   11|   0|   11|          0|
    |data_147_val_int_reg       |   11|   0|   11|          0|
    |data_148_val_int_reg       |   11|   0|   11|          0|
    |data_149_val_int_reg       |   11|   0|   11|          0|
    |data_14_val_int_reg        |   11|   0|   11|          0|
    |data_150_val_int_reg       |   11|   0|   11|          0|
    |data_151_val_int_reg       |   11|   0|   11|          0|
    |data_152_val_int_reg       |   11|   0|   11|          0|
    |data_153_val_int_reg       |   11|   0|   11|          0|
    |data_154_val_int_reg       |   11|   0|   11|          0|
    |data_155_val_int_reg       |   11|   0|   11|          0|
    |data_156_val_int_reg       |   11|   0|   11|          0|
    |data_157_val_int_reg       |   11|   0|   11|          0|
    |data_158_val_int_reg       |   11|   0|   11|          0|
    |data_159_val_int_reg       |   11|   0|   11|          0|
    |data_15_val_int_reg        |   11|   0|   11|          0|
    |data_160_val_int_reg       |   11|   0|   11|          0|
    |data_161_val_int_reg       |   11|   0|   11|          0|
    |data_162_val_int_reg       |   11|   0|   11|          0|
    |data_163_val_int_reg       |   11|   0|   11|          0|
    |data_164_val_int_reg       |   11|   0|   11|          0|
    |data_165_val_int_reg       |   11|   0|   11|          0|
    |data_166_val_int_reg       |   11|   0|   11|          0|
    |data_167_val_int_reg       |   11|   0|   11|          0|
    |data_168_val_int_reg       |   11|   0|   11|          0|
    |data_169_val_int_reg       |   11|   0|   11|          0|
    |data_16_val_int_reg        |   11|   0|   11|          0|
    |data_170_val_int_reg       |   11|   0|   11|          0|
    |data_171_val_int_reg       |   11|   0|   11|          0|
    |data_172_val_int_reg       |   11|   0|   11|          0|
    |data_173_val_int_reg       |   11|   0|   11|          0|
    |data_174_val_int_reg       |   11|   0|   11|          0|
    |data_175_val_int_reg       |   11|   0|   11|          0|
    |data_176_val_int_reg       |   11|   0|   11|          0|
    |data_177_val_int_reg       |   11|   0|   11|          0|
    |data_178_val_int_reg       |   11|   0|   11|          0|
    |data_179_val_int_reg       |   11|   0|   11|          0|
    |data_17_val_int_reg        |   11|   0|   11|          0|
    |data_180_val_int_reg       |   11|   0|   11|          0|
    |data_181_val_int_reg       |   11|   0|   11|          0|
    |data_182_val_int_reg       |   11|   0|   11|          0|
    |data_183_val_int_reg       |   11|   0|   11|          0|
    |data_184_val_int_reg       |   11|   0|   11|          0|
    |data_185_val_int_reg       |   11|   0|   11|          0|
    |data_186_val_int_reg       |   11|   0|   11|          0|
    |data_187_val_int_reg       |   11|   0|   11|          0|
    |data_188_val_int_reg       |   11|   0|   11|          0|
    |data_189_val_int_reg       |   11|   0|   11|          0|
    |data_18_val_int_reg        |   11|   0|   11|          0|
    |data_190_val_int_reg       |   11|   0|   11|          0|
    |data_191_val_int_reg       |   11|   0|   11|          0|
    |data_192_val_int_reg       |   11|   0|   11|          0|
    |data_193_val_int_reg       |   11|   0|   11|          0|
    |data_194_val_int_reg       |   11|   0|   11|          0|
    |data_195_val_int_reg       |   11|   0|   11|          0|
    |data_196_val_int_reg       |   11|   0|   11|          0|
    |data_197_val_int_reg       |   11|   0|   11|          0|
    |data_198_val_int_reg       |   11|   0|   11|          0|
    |data_199_val_int_reg       |   11|   0|   11|          0|
    |data_19_val_int_reg        |   11|   0|   11|          0|
    |data_1_val_int_reg         |   11|   0|   11|          0|
    |data_200_val_int_reg       |   11|   0|   11|          0|
    |data_201_val_int_reg       |   11|   0|   11|          0|
    |data_202_val_int_reg       |   11|   0|   11|          0|
    |data_203_val_int_reg       |   11|   0|   11|          0|
    |data_204_val_int_reg       |   11|   0|   11|          0|
    |data_205_val_int_reg       |   11|   0|   11|          0|
    |data_206_val_int_reg       |   11|   0|   11|          0|
    |data_207_val_int_reg       |   11|   0|   11|          0|
    |data_208_val_int_reg       |   11|   0|   11|          0|
    |data_209_val_int_reg       |   11|   0|   11|          0|
    |data_20_val_int_reg        |   11|   0|   11|          0|
    |data_210_val_int_reg       |   11|   0|   11|          0|
    |data_211_val_int_reg       |   11|   0|   11|          0|
    |data_212_val_int_reg       |   11|   0|   11|          0|
    |data_213_val_int_reg       |   11|   0|   11|          0|
    |data_214_val_int_reg       |   11|   0|   11|          0|
    |data_215_val_int_reg       |   11|   0|   11|          0|
    |data_216_val_int_reg       |   11|   0|   11|          0|
    |data_217_val_int_reg       |   11|   0|   11|          0|
    |data_218_val_int_reg       |   11|   0|   11|          0|
    |data_219_val_int_reg       |   11|   0|   11|          0|
    |data_21_val_int_reg        |   11|   0|   11|          0|
    |data_220_val_int_reg       |   11|   0|   11|          0|
    |data_221_val_int_reg       |   11|   0|   11|          0|
    |data_222_val_int_reg       |   11|   0|   11|          0|
    |data_223_val_int_reg       |   11|   0|   11|          0|
    |data_224_val_int_reg       |   11|   0|   11|          0|
    |data_225_val_int_reg       |   11|   0|   11|          0|
    |data_226_val_int_reg       |   11|   0|   11|          0|
    |data_227_val_int_reg       |   11|   0|   11|          0|
    |data_228_val_int_reg       |   11|   0|   11|          0|
    |data_229_val_int_reg       |   11|   0|   11|          0|
    |data_22_val_int_reg        |   11|   0|   11|          0|
    |data_230_val_int_reg       |   11|   0|   11|          0|
    |data_231_val_int_reg       |   11|   0|   11|          0|
    |data_232_val_int_reg       |   11|   0|   11|          0|
    |data_233_val_int_reg       |   11|   0|   11|          0|
    |data_234_val_int_reg       |   11|   0|   11|          0|
    |data_235_val_int_reg       |   11|   0|   11|          0|
    |data_236_val_int_reg       |   11|   0|   11|          0|
    |data_237_val_int_reg       |   11|   0|   11|          0|
    |data_238_val_int_reg       |   11|   0|   11|          0|
    |data_239_val_int_reg       |   11|   0|   11|          0|
    |data_23_val_int_reg        |   11|   0|   11|          0|
    |data_240_val_int_reg       |   11|   0|   11|          0|
    |data_241_val_int_reg       |   11|   0|   11|          0|
    |data_242_val_int_reg       |   11|   0|   11|          0|
    |data_243_val_int_reg       |   11|   0|   11|          0|
    |data_244_val_int_reg       |   11|   0|   11|          0|
    |data_245_val_int_reg       |   11|   0|   11|          0|
    |data_246_val_int_reg       |   11|   0|   11|          0|
    |data_247_val_int_reg       |   11|   0|   11|          0|
    |data_248_val_int_reg       |   11|   0|   11|          0|
    |data_249_val_int_reg       |   11|   0|   11|          0|
    |data_24_val_int_reg        |   11|   0|   11|          0|
    |data_250_val_int_reg       |   11|   0|   11|          0|
    |data_251_val_int_reg       |   11|   0|   11|          0|
    |data_252_val_int_reg       |   11|   0|   11|          0|
    |data_253_val_int_reg       |   11|   0|   11|          0|
    |data_254_val_int_reg       |   11|   0|   11|          0|
    |data_255_val_int_reg       |   11|   0|   11|          0|
    |data_256_val_int_reg       |   11|   0|   11|          0|
    |data_257_val_int_reg       |   11|   0|   11|          0|
    |data_258_val_int_reg       |   11|   0|   11|          0|
    |data_259_val_int_reg       |   11|   0|   11|          0|
    |data_25_val_int_reg        |   11|   0|   11|          0|
    |data_260_val_int_reg       |   11|   0|   11|          0|
    |data_261_val_int_reg       |   11|   0|   11|          0|
    |data_262_val_int_reg       |   11|   0|   11|          0|
    |data_263_val_int_reg       |   11|   0|   11|          0|
    |data_264_val_int_reg       |   11|   0|   11|          0|
    |data_265_val_int_reg       |   11|   0|   11|          0|
    |data_266_val_int_reg       |   11|   0|   11|          0|
    |data_267_val_int_reg       |   11|   0|   11|          0|
    |data_268_val_int_reg       |   11|   0|   11|          0|
    |data_269_val_int_reg       |   11|   0|   11|          0|
    |data_26_val_int_reg        |   11|   0|   11|          0|
    |data_270_val_int_reg       |   11|   0|   11|          0|
    |data_271_val_int_reg       |   11|   0|   11|          0|
    |data_272_val_int_reg       |   11|   0|   11|          0|
    |data_273_val_int_reg       |   11|   0|   11|          0|
    |data_274_val_int_reg       |   11|   0|   11|          0|
    |data_275_val_int_reg       |   11|   0|   11|          0|
    |data_276_val_int_reg       |   11|   0|   11|          0|
    |data_277_val_int_reg       |   11|   0|   11|          0|
    |data_278_val_int_reg       |   11|   0|   11|          0|
    |data_279_val_int_reg       |   11|   0|   11|          0|
    |data_27_val_int_reg        |   11|   0|   11|          0|
    |data_280_val_int_reg       |   11|   0|   11|          0|
    |data_281_val_int_reg       |   11|   0|   11|          0|
    |data_282_val_int_reg       |   11|   0|   11|          0|
    |data_283_val_int_reg       |   11|   0|   11|          0|
    |data_284_val_int_reg       |   11|   0|   11|          0|
    |data_285_val_int_reg       |   11|   0|   11|          0|
    |data_286_val_int_reg       |   11|   0|   11|          0|
    |data_287_val_int_reg       |   11|   0|   11|          0|
    |data_288_val_int_reg       |   11|   0|   11|          0|
    |data_289_val_int_reg       |   11|   0|   11|          0|
    |data_28_val_int_reg        |   11|   0|   11|          0|
    |data_290_val_int_reg       |   11|   0|   11|          0|
    |data_291_val_int_reg       |   11|   0|   11|          0|
    |data_292_val_int_reg       |   11|   0|   11|          0|
    |data_293_val_int_reg       |   11|   0|   11|          0|
    |data_294_val_int_reg       |   11|   0|   11|          0|
    |data_295_val_int_reg       |   11|   0|   11|          0|
    |data_296_val_int_reg       |   11|   0|   11|          0|
    |data_297_val_int_reg       |   11|   0|   11|          0|
    |data_298_val_int_reg       |   11|   0|   11|          0|
    |data_299_val_int_reg       |   11|   0|   11|          0|
    |data_29_val_int_reg        |   11|   0|   11|          0|
    |data_2_val_int_reg         |   11|   0|   11|          0|
    |data_300_val_int_reg       |   11|   0|   11|          0|
    |data_301_val_int_reg       |   11|   0|   11|          0|
    |data_302_val_int_reg       |   11|   0|   11|          0|
    |data_303_val_int_reg       |   11|   0|   11|          0|
    |data_304_val_int_reg       |   11|   0|   11|          0|
    |data_305_val_int_reg       |   11|   0|   11|          0|
    |data_306_val_int_reg       |   11|   0|   11|          0|
    |data_307_val_int_reg       |   11|   0|   11|          0|
    |data_308_val_int_reg       |   11|   0|   11|          0|
    |data_309_val_int_reg       |   11|   0|   11|          0|
    |data_30_val_int_reg        |   11|   0|   11|          0|
    |data_310_val_int_reg       |   11|   0|   11|          0|
    |data_311_val_int_reg       |   11|   0|   11|          0|
    |data_312_val_int_reg       |   11|   0|   11|          0|
    |data_313_val_int_reg       |   11|   0|   11|          0|
    |data_314_val_int_reg       |   11|   0|   11|          0|
    |data_315_val_int_reg       |   11|   0|   11|          0|
    |data_316_val_int_reg       |   11|   0|   11|          0|
    |data_317_val_int_reg       |   11|   0|   11|          0|
    |data_318_val_int_reg       |   11|   0|   11|          0|
    |data_319_val_int_reg       |   11|   0|   11|          0|
    |data_31_val_int_reg        |   11|   0|   11|          0|
    |data_320_val_int_reg       |   11|   0|   11|          0|
    |data_321_val_int_reg       |   11|   0|   11|          0|
    |data_322_val_int_reg       |   11|   0|   11|          0|
    |data_323_val_int_reg       |   11|   0|   11|          0|
    |data_324_val_int_reg       |   11|   0|   11|          0|
    |data_325_val_int_reg       |   11|   0|   11|          0|
    |data_326_val_int_reg       |   11|   0|   11|          0|
    |data_327_val_int_reg       |   11|   0|   11|          0|
    |data_328_val_int_reg       |   11|   0|   11|          0|
    |data_329_val_int_reg       |   11|   0|   11|          0|
    |data_32_val_int_reg        |   11|   0|   11|          0|
    |data_330_val_int_reg       |   11|   0|   11|          0|
    |data_331_val_int_reg       |   11|   0|   11|          0|
    |data_332_val_int_reg       |   11|   0|   11|          0|
    |data_333_val_int_reg       |   11|   0|   11|          0|
    |data_334_val_int_reg       |   11|   0|   11|          0|
    |data_335_val_int_reg       |   11|   0|   11|          0|
    |data_336_val_int_reg       |   11|   0|   11|          0|
    |data_337_val_int_reg       |   11|   0|   11|          0|
    |data_338_val_int_reg       |   11|   0|   11|          0|
    |data_339_val_int_reg       |   11|   0|   11|          0|
    |data_33_val_int_reg        |   11|   0|   11|          0|
    |data_340_val_int_reg       |   11|   0|   11|          0|
    |data_341_val_int_reg       |   11|   0|   11|          0|
    |data_342_val_int_reg       |   11|   0|   11|          0|
    |data_343_val_int_reg       |   11|   0|   11|          0|
    |data_344_val_int_reg       |   11|   0|   11|          0|
    |data_345_val_int_reg       |   11|   0|   11|          0|
    |data_346_val_int_reg       |   11|   0|   11|          0|
    |data_347_val_int_reg       |   11|   0|   11|          0|
    |data_348_val_int_reg       |   11|   0|   11|          0|
    |data_349_val_int_reg       |   11|   0|   11|          0|
    |data_34_val_int_reg        |   11|   0|   11|          0|
    |data_350_val_int_reg       |   11|   0|   11|          0|
    |data_351_val_int_reg       |   11|   0|   11|          0|
    |data_352_val_int_reg       |   11|   0|   11|          0|
    |data_353_val_int_reg       |   11|   0|   11|          0|
    |data_354_val_int_reg       |   11|   0|   11|          0|
    |data_355_val_int_reg       |   11|   0|   11|          0|
    |data_356_val_int_reg       |   11|   0|   11|          0|
    |data_357_val_int_reg       |   11|   0|   11|          0|
    |data_358_val_int_reg       |   11|   0|   11|          0|
    |data_359_val_int_reg       |   11|   0|   11|          0|
    |data_35_val_int_reg        |   11|   0|   11|          0|
    |data_360_val_int_reg       |   11|   0|   11|          0|
    |data_361_val_int_reg       |   11|   0|   11|          0|
    |data_362_val_int_reg       |   11|   0|   11|          0|
    |data_363_val_int_reg       |   11|   0|   11|          0|
    |data_364_val_int_reg       |   11|   0|   11|          0|
    |data_365_val_int_reg       |   11|   0|   11|          0|
    |data_366_val_int_reg       |   11|   0|   11|          0|
    |data_367_val_int_reg       |   11|   0|   11|          0|
    |data_368_val_int_reg       |   11|   0|   11|          0|
    |data_369_val_int_reg       |   11|   0|   11|          0|
    |data_36_val_int_reg        |   11|   0|   11|          0|
    |data_370_val_int_reg       |   11|   0|   11|          0|
    |data_371_val_int_reg       |   11|   0|   11|          0|
    |data_372_val_int_reg       |   11|   0|   11|          0|
    |data_373_val_int_reg       |   11|   0|   11|          0|
    |data_374_val_int_reg       |   11|   0|   11|          0|
    |data_375_val_int_reg       |   11|   0|   11|          0|
    |data_376_val_int_reg       |   11|   0|   11|          0|
    |data_377_val_int_reg       |   11|   0|   11|          0|
    |data_378_val_int_reg       |   11|   0|   11|          0|
    |data_379_val_int_reg       |   11|   0|   11|          0|
    |data_37_val_int_reg        |   11|   0|   11|          0|
    |data_380_val_int_reg       |   11|   0|   11|          0|
    |data_381_val_int_reg       |   11|   0|   11|          0|
    |data_382_val_int_reg       |   11|   0|   11|          0|
    |data_383_val_int_reg       |   11|   0|   11|          0|
    |data_384_val_int_reg       |   11|   0|   11|          0|
    |data_385_val_int_reg       |   11|   0|   11|          0|
    |data_386_val_int_reg       |   11|   0|   11|          0|
    |data_387_val_int_reg       |   11|   0|   11|          0|
    |data_388_val_int_reg       |   11|   0|   11|          0|
    |data_389_val_int_reg       |   11|   0|   11|          0|
    |data_38_val_int_reg        |   11|   0|   11|          0|
    |data_390_val_int_reg       |   11|   0|   11|          0|
    |data_391_val_int_reg       |   11|   0|   11|          0|
    |data_392_val_int_reg       |   11|   0|   11|          0|
    |data_393_val_int_reg       |   11|   0|   11|          0|
    |data_394_val_int_reg       |   11|   0|   11|          0|
    |data_395_val_int_reg       |   11|   0|   11|          0|
    |data_396_val_int_reg       |   11|   0|   11|          0|
    |data_397_val_int_reg       |   11|   0|   11|          0|
    |data_398_val_int_reg       |   11|   0|   11|          0|
    |data_399_val_int_reg       |   11|   0|   11|          0|
    |data_39_val_int_reg        |   11|   0|   11|          0|
    |data_3_val_int_reg         |   11|   0|   11|          0|
    |data_400_val_int_reg       |   11|   0|   11|          0|
    |data_401_val_int_reg       |   11|   0|   11|          0|
    |data_402_val_int_reg       |   11|   0|   11|          0|
    |data_403_val_int_reg       |   11|   0|   11|          0|
    |data_404_val_int_reg       |   11|   0|   11|          0|
    |data_405_val_int_reg       |   11|   0|   11|          0|
    |data_406_val_int_reg       |   11|   0|   11|          0|
    |data_407_val_int_reg       |   11|   0|   11|          0|
    |data_408_val_int_reg       |   11|   0|   11|          0|
    |data_409_val_int_reg       |   11|   0|   11|          0|
    |data_40_val_int_reg        |   11|   0|   11|          0|
    |data_410_val_int_reg       |   11|   0|   11|          0|
    |data_411_val_int_reg       |   11|   0|   11|          0|
    |data_412_val_int_reg       |   11|   0|   11|          0|
    |data_413_val_int_reg       |   11|   0|   11|          0|
    |data_414_val_int_reg       |   11|   0|   11|          0|
    |data_415_val_int_reg       |   11|   0|   11|          0|
    |data_416_val_int_reg       |   11|   0|   11|          0|
    |data_417_val_int_reg       |   11|   0|   11|          0|
    |data_418_val_int_reg       |   11|   0|   11|          0|
    |data_419_val_int_reg       |   11|   0|   11|          0|
    |data_41_val_int_reg        |   11|   0|   11|          0|
    |data_420_val_int_reg       |   11|   0|   11|          0|
    |data_421_val_int_reg       |   11|   0|   11|          0|
    |data_422_val_int_reg       |   11|   0|   11|          0|
    |data_423_val_int_reg       |   11|   0|   11|          0|
    |data_424_val_int_reg       |   11|   0|   11|          0|
    |data_425_val_int_reg       |   11|   0|   11|          0|
    |data_426_val_int_reg       |   11|   0|   11|          0|
    |data_427_val_int_reg       |   11|   0|   11|          0|
    |data_428_val_int_reg       |   11|   0|   11|          0|
    |data_429_val_int_reg       |   11|   0|   11|          0|
    |data_42_val_int_reg        |   11|   0|   11|          0|
    |data_430_val_int_reg       |   11|   0|   11|          0|
    |data_431_val_int_reg       |   11|   0|   11|          0|
    |data_432_val_int_reg       |   11|   0|   11|          0|
    |data_433_val_int_reg       |   11|   0|   11|          0|
    |data_434_val_int_reg       |   11|   0|   11|          0|
    |data_435_val_int_reg       |   11|   0|   11|          0|
    |data_436_val_int_reg       |   11|   0|   11|          0|
    |data_437_val_int_reg       |   11|   0|   11|          0|
    |data_438_val_int_reg       |   11|   0|   11|          0|
    |data_439_val_int_reg       |   11|   0|   11|          0|
    |data_43_val_int_reg        |   11|   0|   11|          0|
    |data_440_val_int_reg       |   11|   0|   11|          0|
    |data_441_val_int_reg       |   11|   0|   11|          0|
    |data_442_val_int_reg       |   11|   0|   11|          0|
    |data_443_val_int_reg       |   11|   0|   11|          0|
    |data_444_val_int_reg       |   11|   0|   11|          0|
    |data_445_val_int_reg       |   11|   0|   11|          0|
    |data_446_val_int_reg       |   11|   0|   11|          0|
    |data_447_val_int_reg       |   11|   0|   11|          0|
    |data_448_val_int_reg       |   11|   0|   11|          0|
    |data_449_val_int_reg       |   11|   0|   11|          0|
    |data_44_val_int_reg        |   11|   0|   11|          0|
    |data_450_val_int_reg       |   11|   0|   11|          0|
    |data_451_val_int_reg       |   11|   0|   11|          0|
    |data_452_val_int_reg       |   11|   0|   11|          0|
    |data_453_val_int_reg       |   11|   0|   11|          0|
    |data_454_val_int_reg       |   11|   0|   11|          0|
    |data_455_val_int_reg       |   11|   0|   11|          0|
    |data_456_val_int_reg       |   11|   0|   11|          0|
    |data_457_val_int_reg       |   11|   0|   11|          0|
    |data_458_val_int_reg       |   11|   0|   11|          0|
    |data_459_val_int_reg       |   11|   0|   11|          0|
    |data_45_val_int_reg        |   11|   0|   11|          0|
    |data_460_val_int_reg       |   11|   0|   11|          0|
    |data_461_val_int_reg       |   11|   0|   11|          0|
    |data_462_val_int_reg       |   11|   0|   11|          0|
    |data_463_val_int_reg       |   11|   0|   11|          0|
    |data_464_val_int_reg       |   11|   0|   11|          0|
    |data_465_val_int_reg       |   11|   0|   11|          0|
    |data_466_val_int_reg       |   11|   0|   11|          0|
    |data_467_val_int_reg       |   11|   0|   11|          0|
    |data_468_val_int_reg       |   11|   0|   11|          0|
    |data_469_val_int_reg       |   11|   0|   11|          0|
    |data_46_val_int_reg        |   11|   0|   11|          0|
    |data_470_val_int_reg       |   11|   0|   11|          0|
    |data_471_val_int_reg       |   11|   0|   11|          0|
    |data_472_val_int_reg       |   11|   0|   11|          0|
    |data_473_val_int_reg       |   11|   0|   11|          0|
    |data_474_val_int_reg       |   11|   0|   11|          0|
    |data_475_val_int_reg       |   11|   0|   11|          0|
    |data_476_val_int_reg       |   11|   0|   11|          0|
    |data_477_val_int_reg       |   11|   0|   11|          0|
    |data_478_val_int_reg       |   11|   0|   11|          0|
    |data_479_val_int_reg       |   11|   0|   11|          0|
    |data_47_val_int_reg        |   11|   0|   11|          0|
    |data_480_val_int_reg       |   11|   0|   11|          0|
    |data_481_val_int_reg       |   11|   0|   11|          0|
    |data_482_val_int_reg       |   11|   0|   11|          0|
    |data_483_val_int_reg       |   11|   0|   11|          0|
    |data_484_val_int_reg       |   11|   0|   11|          0|
    |data_485_val_int_reg       |   11|   0|   11|          0|
    |data_486_val_int_reg       |   11|   0|   11|          0|
    |data_487_val_int_reg       |   11|   0|   11|          0|
    |data_488_val_int_reg       |   11|   0|   11|          0|
    |data_489_val_int_reg       |   11|   0|   11|          0|
    |data_48_val_int_reg        |   11|   0|   11|          0|
    |data_490_val_int_reg       |   11|   0|   11|          0|
    |data_491_val_int_reg       |   11|   0|   11|          0|
    |data_492_val_int_reg       |   11|   0|   11|          0|
    |data_493_val_int_reg       |   11|   0|   11|          0|
    |data_494_val_int_reg       |   11|   0|   11|          0|
    |data_495_val_int_reg       |   11|   0|   11|          0|
    |data_496_val_int_reg       |   11|   0|   11|          0|
    |data_497_val_int_reg       |   11|   0|   11|          0|
    |data_498_val_int_reg       |   11|   0|   11|          0|
    |data_499_val_int_reg       |   11|   0|   11|          0|
    |data_49_val_int_reg        |   11|   0|   11|          0|
    |data_4_val_int_reg         |   11|   0|   11|          0|
    |data_500_val_int_reg       |   11|   0|   11|          0|
    |data_501_val_int_reg       |   11|   0|   11|          0|
    |data_502_val_int_reg       |   11|   0|   11|          0|
    |data_503_val_int_reg       |   11|   0|   11|          0|
    |data_504_val_int_reg       |   11|   0|   11|          0|
    |data_505_val_int_reg       |   11|   0|   11|          0|
    |data_506_val_int_reg       |   11|   0|   11|          0|
    |data_507_val_int_reg       |   11|   0|   11|          0|
    |data_508_val_int_reg       |   11|   0|   11|          0|
    |data_509_val_int_reg       |   11|   0|   11|          0|
    |data_50_val_int_reg        |   11|   0|   11|          0|
    |data_510_val_int_reg       |   11|   0|   11|          0|
    |data_511_val_int_reg       |   11|   0|   11|          0|
    |data_51_val_int_reg        |   11|   0|   11|          0|
    |data_52_val_int_reg        |   11|   0|   11|          0|
    |data_53_val_int_reg        |   11|   0|   11|          0|
    |data_54_val_int_reg        |   11|   0|   11|          0|
    |data_55_val_int_reg        |   11|   0|   11|          0|
    |data_56_val_int_reg        |   11|   0|   11|          0|
    |data_57_val_int_reg        |   11|   0|   11|          0|
    |data_58_val_int_reg        |   11|   0|   11|          0|
    |data_59_val_int_reg        |   11|   0|   11|          0|
    |data_5_val_int_reg         |   11|   0|   11|          0|
    |data_60_val_int_reg        |   11|   0|   11|          0|
    |data_61_val_int_reg        |   11|   0|   11|          0|
    |data_62_val_int_reg        |   11|   0|   11|          0|
    |data_63_val_int_reg        |   11|   0|   11|          0|
    |data_64_val_int_reg        |   11|   0|   11|          0|
    |data_65_val_int_reg        |   11|   0|   11|          0|
    |data_66_val_int_reg        |   11|   0|   11|          0|
    |data_67_val_int_reg        |   11|   0|   11|          0|
    |data_68_val_int_reg        |   11|   0|   11|          0|
    |data_69_val_int_reg        |   11|   0|   11|          0|
    |data_6_val_int_reg         |   11|   0|   11|          0|
    |data_70_val_int_reg        |   11|   0|   11|          0|
    |data_71_val_int_reg        |   11|   0|   11|          0|
    |data_72_val_int_reg        |   11|   0|   11|          0|
    |data_73_val_int_reg        |   11|   0|   11|          0|
    |data_74_val_int_reg        |   11|   0|   11|          0|
    |data_75_val_int_reg        |   11|   0|   11|          0|
    |data_76_val_int_reg        |   11|   0|   11|          0|
    |data_77_val_int_reg        |   11|   0|   11|          0|
    |data_78_val_int_reg        |   11|   0|   11|          0|
    |data_79_val_int_reg        |   11|   0|   11|          0|
    |data_7_val_int_reg         |   11|   0|   11|          0|
    |data_80_val_int_reg        |   11|   0|   11|          0|
    |data_81_val_int_reg        |   11|   0|   11|          0|
    |data_82_val_int_reg        |   11|   0|   11|          0|
    |data_83_val_int_reg        |   11|   0|   11|          0|
    |data_84_val_int_reg        |   11|   0|   11|          0|
    |data_85_val_int_reg        |   11|   0|   11|          0|
    |data_86_val_int_reg        |   11|   0|   11|          0|
    |data_87_val_int_reg        |   11|   0|   11|          0|
    |data_88_val_int_reg        |   11|   0|   11|          0|
    |data_89_val_int_reg        |   11|   0|   11|          0|
    |data_8_val_int_reg         |   11|   0|   11|          0|
    |data_90_val_int_reg        |   11|   0|   11|          0|
    |data_91_val_int_reg        |   11|   0|   11|          0|
    |data_92_val_int_reg        |   11|   0|   11|          0|
    |data_93_val_int_reg        |   11|   0|   11|          0|
    |data_94_val_int_reg        |   11|   0|   11|          0|
    |data_95_val_int_reg        |   11|   0|   11|          0|
    |data_96_val_int_reg        |   11|   0|   11|          0|
    |data_97_val_int_reg        |   11|   0|   11|          0|
    |data_98_val_int_reg        |   11|   0|   11|          0|
    |data_99_val_int_reg        |   11|   0|   11|          0|
    |data_9_val_int_reg         |   11|   0|   11|          0|
    |mul_ln73_2842_reg_1071774  |   17|   0|   17|          0|
    |mul_ln73_2843_reg_1071779  |   17|   0|   17|          0|
    |mul_ln73_2844_reg_1071784  |   17|   0|   17|          0|
    |mul_ln73_2845_reg_1071789  |   17|   0|   17|          0|
    |mul_ln73_2846_reg_1071794  |   17|   0|   17|          0|
    |mul_ln73_2847_reg_1071799  |   17|   0|   17|          0|
    |mul_ln73_2848_reg_1071804  |   17|   0|   17|          0|
    |mul_ln73_2849_reg_1071809  |   17|   0|   17|          0|
    |mul_ln73_2850_reg_1071814  |   17|   0|   17|          0|
    |mul_ln73_2851_reg_1071819  |   17|   0|   17|          0|
    |mul_ln73_2852_reg_1071824  |   17|   0|   17|          0|
    |mul_ln73_2853_reg_1071829  |   17|   0|   17|          0|
    |mul_ln73_2854_reg_1071834  |   17|   0|   17|          0|
    |mul_ln73_2855_reg_1071839  |   17|   0|   17|          0|
    |mul_ln73_2856_reg_1071844  |   17|   0|   17|          0|
    |mul_ln73_2857_reg_1071849  |   17|   0|   17|          0|
    |mul_ln73_2858_reg_1071854  |   17|   0|   17|          0|
    |mul_ln73_2859_reg_1071859  |   17|   0|   17|          0|
    |mul_ln73_2860_reg_1071864  |   17|   0|   17|          0|
    |mul_ln73_2861_reg_1071869  |   17|   0|   17|          0|
    |mul_ln73_2862_reg_1071874  |   17|   0|   17|          0|
    |mul_ln73_2863_reg_1071879  |   17|   0|   17|          0|
    |mul_ln73_2864_reg_1071884  |   17|   0|   17|          0|
    |mul_ln73_2865_reg_1071889  |   17|   0|   17|          0|
    |mul_ln73_2866_reg_1071894  |   17|   0|   17|          0|
    |mul_ln73_2867_reg_1071899  |   17|   0|   17|          0|
    |mul_ln73_2868_reg_1071904  |   17|   0|   17|          0|
    |mul_ln73_2869_reg_1071909  |   17|   0|   17|          0|
    |mul_ln73_2870_reg_1071914  |   17|   0|   17|          0|
    |mul_ln73_2871_reg_1071919  |   17|   0|   17|          0|
    |mul_ln73_2872_reg_1071924  |   17|   0|   17|          0|
    |mul_ln73_2873_reg_1071929  |   17|   0|   17|          0|
    |mul_ln73_2874_reg_1071934  |   17|   0|   17|          0|
    |mul_ln73_2875_reg_1071939  |   17|   0|   17|          0|
    |mul_ln73_2876_reg_1071944  |   17|   0|   17|          0|
    |mul_ln73_2877_reg_1071949  |   17|   0|   17|          0|
    |mul_ln73_2878_reg_1071954  |   17|   0|   17|          0|
    |mul_ln73_2879_reg_1071959  |   17|   0|   17|          0|
    |mul_ln73_2880_reg_1071964  |   17|   0|   17|          0|
    |mul_ln73_2881_reg_1071969  |   17|   0|   17|          0|
    |mul_ln73_2882_reg_1071974  |   17|   0|   17|          0|
    |mul_ln73_2883_reg_1071979  |   17|   0|   17|          0|
    |mul_ln73_2884_reg_1071984  |   17|   0|   17|          0|
    |mul_ln73_2885_reg_1071989  |   17|   0|   17|          0|
    |mul_ln73_2886_reg_1071994  |   17|   0|   17|          0|
    |mul_ln73_2887_reg_1071999  |   17|   0|   17|          0|
    |mul_ln73_2888_reg_1072004  |   17|   0|   17|          0|
    |mul_ln73_2889_reg_1072009  |   17|   0|   17|          0|
    |mul_ln73_2890_reg_1072014  |   17|   0|   17|          0|
    |mul_ln73_2891_reg_1072019  |   17|   0|   17|          0|
    |mul_ln73_2892_reg_1072024  |   17|   0|   17|          0|
    |mul_ln73_2893_reg_1072029  |   17|   0|   17|          0|
    |mul_ln73_2894_reg_1072034  |   17|   0|   17|          0|
    |mul_ln73_2895_reg_1072039  |   17|   0|   17|          0|
    |mul_ln73_2896_reg_1072044  |   17|   0|   17|          0|
    |mul_ln73_2897_reg_1072049  |   17|   0|   17|          0|
    |mul_ln73_2898_reg_1072054  |   17|   0|   17|          0|
    |mul_ln73_2899_reg_1072059  |   17|   0|   17|          0|
    |mul_ln73_2900_reg_1072064  |   17|   0|   17|          0|
    |mul_ln73_2901_reg_1072069  |   17|   0|   17|          0|
    |mul_ln73_2902_reg_1072074  |   17|   0|   17|          0|
    |mul_ln73_2903_reg_1072079  |   17|   0|   17|          0|
    |mul_ln73_2904_reg_1072084  |   17|   0|   17|          0|
    |mul_ln73_2905_reg_1072089  |   17|   0|   17|          0|
    |mul_ln73_2906_reg_1072094  |   17|   0|   17|          0|
    |mul_ln73_2907_reg_1072099  |   17|   0|   17|          0|
    |mul_ln73_2908_reg_1072104  |   17|   0|   17|          0|
    |mul_ln73_2909_reg_1072109  |   17|   0|   17|          0|
    |mul_ln73_2910_reg_1072114  |   17|   0|   17|          0|
    |mul_ln73_2911_reg_1072119  |   17|   0|   17|          0|
    |mul_ln73_2912_reg_1072124  |   17|   0|   17|          0|
    |mul_ln73_2913_reg_1072129  |   17|   0|   17|          0|
    |mul_ln73_2914_reg_1072134  |   17|   0|   17|          0|
    |mul_ln73_2915_reg_1072139  |   17|   0|   17|          0|
    |mul_ln73_2916_reg_1072144  |   17|   0|   17|          0|
    |mul_ln73_2917_reg_1072149  |   17|   0|   17|          0|
    |mul_ln73_2918_reg_1072154  |   17|   0|   17|          0|
    |mul_ln73_2919_reg_1072159  |   17|   0|   17|          0|
    |mul_ln73_2920_reg_1072164  |   17|   0|   17|          0|
    |mul_ln73_2921_reg_1072169  |   17|   0|   17|          0|
    |mul_ln73_2922_reg_1072174  |   17|   0|   17|          0|
    |mul_ln73_2923_reg_1072179  |   17|   0|   17|          0|
    |mul_ln73_2924_reg_1072184  |   17|   0|   17|          0|
    |mul_ln73_2925_reg_1072189  |   17|   0|   17|          0|
    |mul_ln73_2926_reg_1072194  |   17|   0|   17|          0|
    |mul_ln73_2927_reg_1072199  |   17|   0|   17|          0|
    |mul_ln73_2928_reg_1072204  |   17|   0|   17|          0|
    |mul_ln73_2929_reg_1072209  |   17|   0|   17|          0|
    |mul_ln73_2930_reg_1072214  |   17|   0|   17|          0|
    |mul_ln73_2931_reg_1072219  |   17|   0|   17|          0|
    |mul_ln73_2932_reg_1072224  |   17|   0|   17|          0|
    |mul_ln73_2933_reg_1072229  |   17|   0|   17|          0|
    |mul_ln73_2934_reg_1072234  |   17|   0|   17|          0|
    |mul_ln73_2935_reg_1072239  |   17|   0|   17|          0|
    |mul_ln73_2936_reg_1072244  |   17|   0|   17|          0|
    |mul_ln73_2937_reg_1072249  |   17|   0|   17|          0|
    |mul_ln73_2938_reg_1072254  |   17|   0|   17|          0|
    |mul_ln73_2939_reg_1072259  |   17|   0|   17|          0|
    |mul_ln73_2940_reg_1072264  |   17|   0|   17|          0|
    |mul_ln73_2941_reg_1072269  |   17|   0|   17|          0|
    |mul_ln73_2942_reg_1072274  |   17|   0|   17|          0|
    |mul_ln73_2943_reg_1072279  |   17|   0|   17|          0|
    |mul_ln73_2944_reg_1072284  |   17|   0|   17|          0|
    |mul_ln73_2945_reg_1072289  |   17|   0|   17|          0|
    |mul_ln73_2946_reg_1072294  |   17|   0|   17|          0|
    |mul_ln73_2947_reg_1072299  |   17|   0|   17|          0|
    |mul_ln73_2948_reg_1072304  |   17|   0|   17|          0|
    |mul_ln73_2949_reg_1072309  |   17|   0|   17|          0|
    |mul_ln73_2950_reg_1072314  |   17|   0|   17|          0|
    |mul_ln73_2951_reg_1072319  |   17|   0|   17|          0|
    |mul_ln73_2952_reg_1072324  |   17|   0|   17|          0|
    |mul_ln73_2953_reg_1072329  |   17|   0|   17|          0|
    |mul_ln73_2954_reg_1072334  |   17|   0|   17|          0|
    |mul_ln73_2955_reg_1072339  |   17|   0|   17|          0|
    |mul_ln73_2956_reg_1072344  |   17|   0|   17|          0|
    |mul_ln73_2957_reg_1072349  |   17|   0|   17|          0|
    |mul_ln73_2958_reg_1072354  |   17|   0|   17|          0|
    |mul_ln73_2959_reg_1072359  |   17|   0|   17|          0|
    |mul_ln73_2960_reg_1072364  |   17|   0|   17|          0|
    |mul_ln73_2961_reg_1072369  |   17|   0|   17|          0|
    |mul_ln73_2962_reg_1072374  |   17|   0|   17|          0|
    |mul_ln73_2963_reg_1072379  |   17|   0|   17|          0|
    |mul_ln73_2964_reg_1072384  |   17|   0|   17|          0|
    |mul_ln73_2965_reg_1072389  |   17|   0|   17|          0|
    |mul_ln73_2966_reg_1072394  |   17|   0|   17|          0|
    |mul_ln73_2967_reg_1072399  |   17|   0|   17|          0|
    |mul_ln73_2968_reg_1072404  |   17|   0|   17|          0|
    |mul_ln73_2969_reg_1072409  |   17|   0|   17|          0|
    |mul_ln73_2970_reg_1072414  |   17|   0|   17|          0|
    |mul_ln73_2971_reg_1072419  |   17|   0|   17|          0|
    |mul_ln73_2972_reg_1072424  |   17|   0|   17|          0|
    |mul_ln73_2973_reg_1072429  |   17|   0|   17|          0|
    |mul_ln73_2974_reg_1072434  |   17|   0|   17|          0|
    |mul_ln73_2975_reg_1072439  |   17|   0|   17|          0|
    |mul_ln73_2976_reg_1072444  |   17|   0|   17|          0|
    |mul_ln73_2977_reg_1072449  |   17|   0|   17|          0|
    |mul_ln73_2978_reg_1072454  |   17|   0|   17|          0|
    |mul_ln73_2979_reg_1072459  |   17|   0|   17|          0|
    |mul_ln73_2980_reg_1072464  |   17|   0|   17|          0|
    |mul_ln73_2981_reg_1072469  |   17|   0|   17|          0|
    |mul_ln73_2982_reg_1072474  |   17|   0|   17|          0|
    |mul_ln73_2983_reg_1072479  |   17|   0|   17|          0|
    |mul_ln73_2984_reg_1072484  |   17|   0|   17|          0|
    |mul_ln73_2985_reg_1072489  |   17|   0|   17|          0|
    |mul_ln73_2986_reg_1072494  |   17|   0|   17|          0|
    |mul_ln73_2987_reg_1072499  |   17|   0|   17|          0|
    |mul_ln73_2988_reg_1072504  |   17|   0|   17|          0|
    |mul_ln73_2989_reg_1072509  |   17|   0|   17|          0|
    |mul_ln73_2990_reg_1072514  |   17|   0|   17|          0|
    |mul_ln73_2991_reg_1072519  |   17|   0|   17|          0|
    |mul_ln73_2992_reg_1072524  |   17|   0|   17|          0|
    |mul_ln73_2993_reg_1072529  |   17|   0|   17|          0|
    |mul_ln73_2994_reg_1072534  |   17|   0|   17|          0|
    |mul_ln73_2995_reg_1072539  |   17|   0|   17|          0|
    |mul_ln73_2996_reg_1072544  |   17|   0|   17|          0|
    |mul_ln73_2997_reg_1072549  |   17|   0|   17|          0|
    |mul_ln73_2998_reg_1072554  |   17|   0|   17|          0|
    |mul_ln73_2999_reg_1072559  |   17|   0|   17|          0|
    |mul_ln73_3000_reg_1072564  |   17|   0|   17|          0|
    |mul_ln73_3001_reg_1072569  |   17|   0|   17|          0|
    |mul_ln73_3002_reg_1072574  |   17|   0|   17|          0|
    |mul_ln73_3003_reg_1072579  |   17|   0|   17|          0|
    |mul_ln73_3004_reg_1072584  |   17|   0|   17|          0|
    |mul_ln73_3005_reg_1072589  |   17|   0|   17|          0|
    |mul_ln73_3006_reg_1072594  |   17|   0|   17|          0|
    |mul_ln73_3007_reg_1072599  |   17|   0|   17|          0|
    |mul_ln73_3008_reg_1072604  |   17|   0|   17|          0|
    |mul_ln73_3009_reg_1072609  |   17|   0|   17|          0|
    |mul_ln73_3010_reg_1072614  |   17|   0|   17|          0|
    |mul_ln73_3011_reg_1072619  |   17|   0|   17|          0|
    |mul_ln73_3012_reg_1072624  |   17|   0|   17|          0|
    |mul_ln73_3013_reg_1072629  |   17|   0|   17|          0|
    |mul_ln73_3014_reg_1072634  |   17|   0|   17|          0|
    |mul_ln73_3015_reg_1072639  |   17|   0|   17|          0|
    |mul_ln73_3016_reg_1072644  |   17|   0|   17|          0|
    |mul_ln73_3017_reg_1072649  |   17|   0|   17|          0|
    |mul_ln73_3018_reg_1072654  |   17|   0|   17|          0|
    |mul_ln73_3019_reg_1072659  |   17|   0|   17|          0|
    |mul_ln73_3020_reg_1072664  |   17|   0|   17|          0|
    |mul_ln73_3021_reg_1072669  |   17|   0|   17|          0|
    |mul_ln73_3022_reg_1072674  |   17|   0|   17|          0|
    |mul_ln73_3023_reg_1072679  |   17|   0|   17|          0|
    |mul_ln73_3024_reg_1072684  |   17|   0|   17|          0|
    |mul_ln73_3025_reg_1072689  |   17|   0|   17|          0|
    |mul_ln73_3026_reg_1072694  |   17|   0|   17|          0|
    |mul_ln73_3027_reg_1072699  |   17|   0|   17|          0|
    |mul_ln73_3028_reg_1072704  |   17|   0|   17|          0|
    |mul_ln73_3029_reg_1072709  |   17|   0|   17|          0|
    |mul_ln73_3030_reg_1072714  |   17|   0|   17|          0|
    |mul_ln73_3031_reg_1072719  |   17|   0|   17|          0|
    |mul_ln73_3032_reg_1072724  |   17|   0|   17|          0|
    |mul_ln73_3033_reg_1072729  |   17|   0|   17|          0|
    |mul_ln73_3034_reg_1072734  |   17|   0|   17|          0|
    |mul_ln73_3035_reg_1072739  |   17|   0|   17|          0|
    |mul_ln73_3036_reg_1072744  |   17|   0|   17|          0|
    |mul_ln73_3037_reg_1072749  |   17|   0|   17|          0|
    |mul_ln73_3038_reg_1072754  |   17|   0|   17|          0|
    |mul_ln73_3039_reg_1072759  |   17|   0|   17|          0|
    |mul_ln73_3040_reg_1072764  |   17|   0|   17|          0|
    |mul_ln73_3041_reg_1072769  |   17|   0|   17|          0|
    |mul_ln73_3042_reg_1072774  |   17|   0|   17|          0|
    |mul_ln73_3043_reg_1072779  |   17|   0|   17|          0|
    |mul_ln73_3044_reg_1072784  |   17|   0|   17|          0|
    |mul_ln73_3045_reg_1072789  |   17|   0|   17|          0|
    |mul_ln73_3046_reg_1072794  |   17|   0|   17|          0|
    |mul_ln73_3047_reg_1072799  |   17|   0|   17|          0|
    |mul_ln73_3048_reg_1072804  |   17|   0|   17|          0|
    |mul_ln73_3049_reg_1072809  |   17|   0|   17|          0|
    |mul_ln73_3050_reg_1072814  |   17|   0|   17|          0|
    |mul_ln73_3051_reg_1072819  |   17|   0|   17|          0|
    |mul_ln73_3052_reg_1072824  |   17|   0|   17|          0|
    |mul_ln73_3053_reg_1072829  |   17|   0|   17|          0|
    |mul_ln73_3054_reg_1072834  |   17|   0|   17|          0|
    |mul_ln73_3055_reg_1072839  |   17|   0|   17|          0|
    |mul_ln73_3056_reg_1072844  |   17|   0|   17|          0|
    |mul_ln73_3057_reg_1072849  |   17|   0|   17|          0|
    |mul_ln73_3058_reg_1072854  |   17|   0|   17|          0|
    |mul_ln73_3059_reg_1072859  |   17|   0|   17|          0|
    |mul_ln73_3060_reg_1072864  |   17|   0|   17|          0|
    |mul_ln73_3061_reg_1072869  |   17|   0|   17|          0|
    |mul_ln73_3062_reg_1072874  |   17|   0|   17|          0|
    |mul_ln73_3063_reg_1072879  |   17|   0|   17|          0|
    |mul_ln73_3064_reg_1072884  |   17|   0|   17|          0|
    |mul_ln73_3065_reg_1072889  |   17|   0|   17|          0|
    |mul_ln73_3066_reg_1072894  |   17|   0|   17|          0|
    |mul_ln73_3067_reg_1072899  |   17|   0|   17|          0|
    |mul_ln73_3068_reg_1072904  |   17|   0|   17|          0|
    |mul_ln73_3069_reg_1072909  |   17|   0|   17|          0|
    |mul_ln73_3070_reg_1072914  |   17|   0|   17|          0|
    |mul_ln73_3071_reg_1072919  |   17|   0|   17|          0|
    |mul_ln73_3072_reg_1072924  |   17|   0|   17|          0|
    |mul_ln73_3073_reg_1072929  |   17|   0|   17|          0|
    |mul_ln73_3074_reg_1072934  |   17|   0|   17|          0|
    |mul_ln73_3075_reg_1072939  |   17|   0|   17|          0|
    |mul_ln73_3076_reg_1072944  |   17|   0|   17|          0|
    |mul_ln73_3077_reg_1072949  |   17|   0|   17|          0|
    |mul_ln73_3078_reg_1072954  |   17|   0|   17|          0|
    |mul_ln73_3079_reg_1072959  |   17|   0|   17|          0|
    |mul_ln73_3080_reg_1072964  |   17|   0|   17|          0|
    |mul_ln73_3081_reg_1072969  |   17|   0|   17|          0|
    |mul_ln73_3082_reg_1072974  |   17|   0|   17|          0|
    |mul_ln73_3083_reg_1072979  |   17|   0|   17|          0|
    |mul_ln73_3084_reg_1072984  |   17|   0|   17|          0|
    |mul_ln73_3085_reg_1072989  |   17|   0|   17|          0|
    |mul_ln73_3086_reg_1072994  |   17|   0|   17|          0|
    |mul_ln73_3087_reg_1072999  |   17|   0|   17|          0|
    |mul_ln73_3088_reg_1073004  |   17|   0|   17|          0|
    |mul_ln73_3089_reg_1073009  |   17|   0|   17|          0|
    |mul_ln73_3090_reg_1073014  |   17|   0|   17|          0|
    |mul_ln73_3091_reg_1073019  |   17|   0|   17|          0|
    |mul_ln73_3092_reg_1073024  |   17|   0|   17|          0|
    |mul_ln73_3093_reg_1073029  |   17|   0|   17|          0|
    |mul_ln73_3094_reg_1073034  |   17|   0|   17|          0|
    |mul_ln73_3095_reg_1073039  |   17|   0|   17|          0|
    |mul_ln73_3096_reg_1073044  |   17|   0|   17|          0|
    |mul_ln73_3097_reg_1073049  |   17|   0|   17|          0|
    |mul_ln73_3098_reg_1073054  |   17|   0|   17|          0|
    |mul_ln73_3099_reg_1073059  |   17|   0|   17|          0|
    |mul_ln73_3100_reg_1073064  |   17|   0|   17|          0|
    |mul_ln73_3101_reg_1073069  |   17|   0|   17|          0|
    |mul_ln73_3102_reg_1073074  |   17|   0|   17|          0|
    |mul_ln73_3103_reg_1073079  |   17|   0|   17|          0|
    |mul_ln73_3104_reg_1073084  |   17|   0|   17|          0|
    |mul_ln73_3105_reg_1073089  |   17|   0|   17|          0|
    |mul_ln73_3106_reg_1073094  |   17|   0|   17|          0|
    |mul_ln73_3107_reg_1073099  |   17|   0|   17|          0|
    |mul_ln73_3108_reg_1073104  |   17|   0|   17|          0|
    |mul_ln73_3109_reg_1073109  |   17|   0|   17|          0|
    |mul_ln73_3110_reg_1073114  |   17|   0|   17|          0|
    |mul_ln73_3111_reg_1073119  |   17|   0|   17|          0|
    |mul_ln73_3112_reg_1073124  |   17|   0|   17|          0|
    |mul_ln73_3113_reg_1073129  |   17|   0|   17|          0|
    |mul_ln73_3114_reg_1073134  |   17|   0|   17|          0|
    |mul_ln73_3115_reg_1073139  |   17|   0|   17|          0|
    |mul_ln73_3116_reg_1073144  |   17|   0|   17|          0|
    |mul_ln73_3117_reg_1073149  |   17|   0|   17|          0|
    |mul_ln73_3118_reg_1073154  |   17|   0|   17|          0|
    |mul_ln73_3119_reg_1073159  |   17|   0|   17|          0|
    |mul_ln73_3120_reg_1073164  |   17|   0|   17|          0|
    |mul_ln73_3121_reg_1073169  |   17|   0|   17|          0|
    |mul_ln73_3122_reg_1073174  |   17|   0|   17|          0|
    |mul_ln73_3123_reg_1073179  |   17|   0|   17|          0|
    |mul_ln73_3124_reg_1073184  |   17|   0|   17|          0|
    |mul_ln73_3125_reg_1073189  |   17|   0|   17|          0|
    |mul_ln73_3126_reg_1073194  |   17|   0|   17|          0|
    |mul_ln73_3127_reg_1073199  |   17|   0|   17|          0|
    |mul_ln73_3128_reg_1073204  |   17|   0|   17|          0|
    |mul_ln73_3129_reg_1073209  |   17|   0|   17|          0|
    |mul_ln73_3130_reg_1073214  |   17|   0|   17|          0|
    |mul_ln73_3131_reg_1073219  |   17|   0|   17|          0|
    |mul_ln73_3132_reg_1073224  |   17|   0|   17|          0|
    |mul_ln73_3133_reg_1073229  |   17|   0|   17|          0|
    |mul_ln73_3134_reg_1073234  |   17|   0|   17|          0|
    |mul_ln73_3135_reg_1073239  |   17|   0|   17|          0|
    |mul_ln73_3136_reg_1073244  |   17|   0|   17|          0|
    |mul_ln73_3137_reg_1073249  |   17|   0|   17|          0|
    |mul_ln73_3138_reg_1073254  |   17|   0|   17|          0|
    |mul_ln73_3139_reg_1073259  |   17|   0|   17|          0|
    |mul_ln73_3140_reg_1073264  |   17|   0|   17|          0|
    |mul_ln73_3141_reg_1073269  |   17|   0|   17|          0|
    |mul_ln73_3142_reg_1073274  |   17|   0|   17|          0|
    |mul_ln73_3143_reg_1073279  |   17|   0|   17|          0|
    |mul_ln73_3144_reg_1073284  |   17|   0|   17|          0|
    |mul_ln73_3145_reg_1073289  |   17|   0|   17|          0|
    |mul_ln73_3146_reg_1073294  |   17|   0|   17|          0|
    |mul_ln73_3147_reg_1073299  |   17|   0|   17|          0|
    |mul_ln73_3148_reg_1073304  |   17|   0|   17|          0|
    |mul_ln73_3149_reg_1073309  |   17|   0|   17|          0|
    |mul_ln73_3150_reg_1073314  |   17|   0|   17|          0|
    |mul_ln73_3151_reg_1073319  |   17|   0|   17|          0|
    |mul_ln73_3152_reg_1073324  |   17|   0|   17|          0|
    |mul_ln73_3153_reg_1073329  |   17|   0|   17|          0|
    |mul_ln73_3154_reg_1073334  |   17|   0|   17|          0|
    |mul_ln73_3155_reg_1073339  |   17|   0|   17|          0|
    |mul_ln73_3156_reg_1073344  |   17|   0|   17|          0|
    |mul_ln73_3157_reg_1073349  |   17|   0|   17|          0|
    |mul_ln73_3158_reg_1073354  |   17|   0|   17|          0|
    |mul_ln73_3159_reg_1073359  |   17|   0|   17|          0|
    |mul_ln73_3160_reg_1073364  |   17|   0|   17|          0|
    |mul_ln73_3161_reg_1073369  |   17|   0|   17|          0|
    |mul_ln73_3162_reg_1073374  |   17|   0|   17|          0|
    |mul_ln73_3163_reg_1073379  |   17|   0|   17|          0|
    |mul_ln73_3164_reg_1073384  |   17|   0|   17|          0|
    |mul_ln73_3165_reg_1073389  |   17|   0|   17|          0|
    |mul_ln73_3166_reg_1073394  |   17|   0|   17|          0|
    |mul_ln73_3167_reg_1073399  |   17|   0|   17|          0|
    |mul_ln73_3168_reg_1073404  |   17|   0|   17|          0|
    |mul_ln73_3169_reg_1073409  |   17|   0|   17|          0|
    |mul_ln73_3170_reg_1073414  |   17|   0|   17|          0|
    |mul_ln73_3171_reg_1073419  |   17|   0|   17|          0|
    |mul_ln73_3172_reg_1073424  |   17|   0|   17|          0|
    |mul_ln73_3173_reg_1073429  |   17|   0|   17|          0|
    |mul_ln73_3174_reg_1073434  |   17|   0|   17|          0|
    |mul_ln73_3175_reg_1073439  |   17|   0|   17|          0|
    |mul_ln73_3176_reg_1073444  |   17|   0|   17|          0|
    |mul_ln73_3177_reg_1073449  |   17|   0|   17|          0|
    |mul_ln73_3178_reg_1073454  |   17|   0|   17|          0|
    |mul_ln73_3179_reg_1073459  |   17|   0|   17|          0|
    |mul_ln73_3180_reg_1073464  |   17|   0|   17|          0|
    |mul_ln73_3181_reg_1073469  |   17|   0|   17|          0|
    |mul_ln73_3182_reg_1073474  |   17|   0|   17|          0|
    |mul_ln73_3183_reg_1073479  |   17|   0|   17|          0|
    |mul_ln73_3184_reg_1073484  |   17|   0|   17|          0|
    |mul_ln73_3185_reg_1073489  |   17|   0|   17|          0|
    |mul_ln73_3186_reg_1073494  |   17|   0|   17|          0|
    |mul_ln73_3187_reg_1073499  |   17|   0|   17|          0|
    |mul_ln73_3188_reg_1073504  |   17|   0|   17|          0|
    |mul_ln73_3189_reg_1073509  |   17|   0|   17|          0|
    |mul_ln73_3190_reg_1073514  |   17|   0|   17|          0|
    |mul_ln73_3191_reg_1073519  |   17|   0|   17|          0|
    |mul_ln73_3192_reg_1073524  |   17|   0|   17|          0|
    |mul_ln73_3193_reg_1073529  |   17|   0|   17|          0|
    |mul_ln73_3194_reg_1073534  |   17|   0|   17|          0|
    |mul_ln73_3195_reg_1073539  |   17|   0|   17|          0|
    |mul_ln73_3196_reg_1073544  |   17|   0|   17|          0|
    |mul_ln73_3197_reg_1073549  |   17|   0|   17|          0|
    |mul_ln73_3198_reg_1073554  |   17|   0|   17|          0|
    |mul_ln73_3199_reg_1073559  |   17|   0|   17|          0|
    |mul_ln73_3200_reg_1073564  |   17|   0|   17|          0|
    |mul_ln73_3201_reg_1073569  |   17|   0|   17|          0|
    |mul_ln73_3202_reg_1073574  |   17|   0|   17|          0|
    |mul_ln73_3203_reg_1073579  |   17|   0|   17|          0|
    |mul_ln73_3204_reg_1073584  |   17|   0|   17|          0|
    |mul_ln73_3205_reg_1073589  |   17|   0|   17|          0|
    |mul_ln73_3206_reg_1073594  |   17|   0|   17|          0|
    |mul_ln73_3207_reg_1073599  |   17|   0|   17|          0|
    |mul_ln73_3208_reg_1073604  |   17|   0|   17|          0|
    |mul_ln73_3209_reg_1073609  |   17|   0|   17|          0|
    |mul_ln73_3210_reg_1073614  |   17|   0|   17|          0|
    |mul_ln73_3211_reg_1073619  |   17|   0|   17|          0|
    |mul_ln73_3212_reg_1073624  |   17|   0|   17|          0|
    |mul_ln73_3213_reg_1073629  |   17|   0|   17|          0|
    |mul_ln73_3214_reg_1073634  |   17|   0|   17|          0|
    |mul_ln73_3215_reg_1073639  |   17|   0|   17|          0|
    |mul_ln73_3216_reg_1073644  |   17|   0|   17|          0|
    |mul_ln73_3217_reg_1073649  |   17|   0|   17|          0|
    |mul_ln73_3218_reg_1073654  |   17|   0|   17|          0|
    |mul_ln73_3219_reg_1073659  |   17|   0|   17|          0|
    |mul_ln73_3220_reg_1073664  |   17|   0|   17|          0|
    |mul_ln73_3221_reg_1073669  |   17|   0|   17|          0|
    |mul_ln73_3222_reg_1073674  |   17|   0|   17|          0|
    |mul_ln73_3223_reg_1073679  |   17|   0|   17|          0|
    |mul_ln73_3224_reg_1073684  |   17|   0|   17|          0|
    |mul_ln73_3225_reg_1073689  |   17|   0|   17|          0|
    |mul_ln73_3226_reg_1073694  |   17|   0|   17|          0|
    |mul_ln73_3227_reg_1073699  |   17|   0|   17|          0|
    |mul_ln73_3228_reg_1073704  |   17|   0|   17|          0|
    |mul_ln73_3229_reg_1073709  |   17|   0|   17|          0|
    |mul_ln73_3230_reg_1073714  |   17|   0|   17|          0|
    |mul_ln73_3231_reg_1073719  |   17|   0|   17|          0|
    |mul_ln73_3232_reg_1073724  |   17|   0|   17|          0|
    |mul_ln73_3233_reg_1073729  |   17|   0|   17|          0|
    |mul_ln73_3234_reg_1073734  |   17|   0|   17|          0|
    |mul_ln73_3235_reg_1073739  |   17|   0|   17|          0|
    |mul_ln73_3236_reg_1073744  |   17|   0|   17|          0|
    |mul_ln73_3237_reg_1073749  |   17|   0|   17|          0|
    |mul_ln73_3238_reg_1073754  |   17|   0|   17|          0|
    |mul_ln73_3239_reg_1073759  |   17|   0|   17|          0|
    |mul_ln73_3240_reg_1073764  |   17|   0|   17|          0|
    |mul_ln73_3241_reg_1073769  |   17|   0|   17|          0|
    |mul_ln73_3242_reg_1073774  |   17|   0|   17|          0|
    |mul_ln73_3243_reg_1073779  |   17|   0|   17|          0|
    |mul_ln73_3244_reg_1073784  |   17|   0|   17|          0|
    |mul_ln73_3245_reg_1073789  |   17|   0|   17|          0|
    |mul_ln73_3246_reg_1073794  |   17|   0|   17|          0|
    |mul_ln73_3247_reg_1073799  |   17|   0|   17|          0|
    |mul_ln73_3248_reg_1073804  |   17|   0|   17|          0|
    |mul_ln73_3249_reg_1073809  |   17|   0|   17|          0|
    |mul_ln73_3250_reg_1073814  |   17|   0|   17|          0|
    |mul_ln73_3251_reg_1073819  |   17|   0|   17|          0|
    |mul_ln73_3252_reg_1073824  |   17|   0|   17|          0|
    |mul_ln73_3253_reg_1073829  |   17|   0|   17|          0|
    |mul_ln73_3254_reg_1073834  |   17|   0|   17|          0|
    |mul_ln73_3255_reg_1073839  |   17|   0|   17|          0|
    |mul_ln73_3256_reg_1073844  |   17|   0|   17|          0|
    |mul_ln73_3257_reg_1073849  |   17|   0|   17|          0|
    |mul_ln73_3258_reg_1073854  |   17|   0|   17|          0|
    |mul_ln73_3259_reg_1073859  |   17|   0|   17|          0|
    |mul_ln73_3260_reg_1073864  |   17|   0|   17|          0|
    |mul_ln73_3261_reg_1073869  |   17|   0|   17|          0|
    |mul_ln73_3262_reg_1073874  |   17|   0|   17|          0|
    |mul_ln73_3263_reg_1073879  |   17|   0|   17|          0|
    |mul_ln73_3264_reg_1073884  |   17|   0|   17|          0|
    |mul_ln73_3265_reg_1073889  |   17|   0|   17|          0|
    |mul_ln73_3266_reg_1073894  |   17|   0|   17|          0|
    |mul_ln73_3267_reg_1073899  |   17|   0|   17|          0|
    |mul_ln73_3268_reg_1073904  |   17|   0|   17|          0|
    |mul_ln73_3269_reg_1073909  |   17|   0|   17|          0|
    |mul_ln73_3270_reg_1073914  |   17|   0|   17|          0|
    |mul_ln73_3271_reg_1073919  |   17|   0|   17|          0|
    |mul_ln73_3272_reg_1073924  |   17|   0|   17|          0|
    |mul_ln73_3273_reg_1073929  |   17|   0|   17|          0|
    |mul_ln73_3274_reg_1073934  |   17|   0|   17|          0|
    |mul_ln73_3275_reg_1073939  |   17|   0|   17|          0|
    |mul_ln73_3276_reg_1073944  |   17|   0|   17|          0|
    |mul_ln73_3277_reg_1073949  |   17|   0|   17|          0|
    |mul_ln73_3278_reg_1073954  |   17|   0|   17|          0|
    |mul_ln73_3279_reg_1073959  |   17|   0|   17|          0|
    |mul_ln73_3280_reg_1073964  |   17|   0|   17|          0|
    |mul_ln73_3281_reg_1073969  |   17|   0|   17|          0|
    |mul_ln73_3282_reg_1073974  |   17|   0|   17|          0|
    |mul_ln73_3283_reg_1073979  |   17|   0|   17|          0|
    |mul_ln73_3284_reg_1073984  |   17|   0|   17|          0|
    |mul_ln73_3285_reg_1073989  |   17|   0|   17|          0|
    |mul_ln73_3286_reg_1073994  |   17|   0|   17|          0|
    |mul_ln73_3287_reg_1073999  |   17|   0|   17|          0|
    |mul_ln73_3288_reg_1074004  |   17|   0|   17|          0|
    |mul_ln73_3289_reg_1074009  |   17|   0|   17|          0|
    |mul_ln73_3290_reg_1074014  |   17|   0|   17|          0|
    |mul_ln73_3291_reg_1074019  |   17|   0|   17|          0|
    |mul_ln73_3292_reg_1074024  |   17|   0|   17|          0|
    |mul_ln73_3293_reg_1074029  |   17|   0|   17|          0|
    |mul_ln73_3294_reg_1074034  |   17|   0|   17|          0|
    |mul_ln73_3295_reg_1074039  |   17|   0|   17|          0|
    |mul_ln73_3296_reg_1074044  |   17|   0|   17|          0|
    |mul_ln73_3297_reg_1074049  |   17|   0|   17|          0|
    |mul_ln73_3298_reg_1074054  |   17|   0|   17|          0|
    |mul_ln73_3299_reg_1074059  |   17|   0|   17|          0|
    |mul_ln73_3300_reg_1074064  |   17|   0|   17|          0|
    |mul_ln73_3301_reg_1074069  |   17|   0|   17|          0|
    |mul_ln73_3302_reg_1074074  |   17|   0|   17|          0|
    |mul_ln73_3303_reg_1074079  |   17|   0|   17|          0|
    |mul_ln73_3304_reg_1074084  |   17|   0|   17|          0|
    |mul_ln73_3305_reg_1074089  |   17|   0|   17|          0|
    |mul_ln73_3306_reg_1074094  |   17|   0|   17|          0|
    |mul_ln73_3307_reg_1074099  |   17|   0|   17|          0|
    |mul_ln73_3308_reg_1074104  |   17|   0|   17|          0|
    |mul_ln73_3309_reg_1074109  |   17|   0|   17|          0|
    |mul_ln73_3310_reg_1074114  |   17|   0|   17|          0|
    |mul_ln73_3311_reg_1074119  |   17|   0|   17|          0|
    |mul_ln73_3312_reg_1074124  |   17|   0|   17|          0|
    |mul_ln73_3313_reg_1074129  |   17|   0|   17|          0|
    |mul_ln73_3314_reg_1074134  |   17|   0|   17|          0|
    |mul_ln73_3315_reg_1074139  |   17|   0|   17|          0|
    |mul_ln73_3316_reg_1074144  |   17|   0|   17|          0|
    |mul_ln73_3317_reg_1074149  |   17|   0|   17|          0|
    |mul_ln73_3318_reg_1074154  |   17|   0|   17|          0|
    |mul_ln73_3319_reg_1074159  |   17|   0|   17|          0|
    |mul_ln73_3320_reg_1074164  |   17|   0|   17|          0|
    |mul_ln73_3321_reg_1074169  |   17|   0|   17|          0|
    |mul_ln73_3322_reg_1074174  |   17|   0|   17|          0|
    |mul_ln73_3323_reg_1074179  |   17|   0|   17|          0|
    |mul_ln73_3324_reg_1074184  |   17|   0|   17|          0|
    |mul_ln73_3325_reg_1074189  |   17|   0|   17|          0|
    |mul_ln73_3326_reg_1074194  |   17|   0|   17|          0|
    |mul_ln73_3327_reg_1074199  |   17|   0|   17|          0|
    |mul_ln73_3328_reg_1074204  |   17|   0|   17|          0|
    |mul_ln73_3329_reg_1074209  |   17|   0|   17|          0|
    |mul_ln73_3330_reg_1074214  |   17|   0|   17|          0|
    |mul_ln73_3331_reg_1074219  |   17|   0|   17|          0|
    |mul_ln73_3332_reg_1074224  |   17|   0|   17|          0|
    |mul_ln73_3333_reg_1074229  |   17|   0|   17|          0|
    |mul_ln73_3334_reg_1074234  |   17|   0|   17|          0|
    |mul_ln73_3335_reg_1074239  |   17|   0|   17|          0|
    |mul_ln73_3336_reg_1074244  |   17|   0|   17|          0|
    |mul_ln73_3337_reg_1074249  |   17|   0|   17|          0|
    |mul_ln73_3338_reg_1074254  |   17|   0|   17|          0|
    |mul_ln73_3339_reg_1074259  |   17|   0|   17|          0|
    |mul_ln73_3340_reg_1074264  |   17|   0|   17|          0|
    |mul_ln73_3341_reg_1074269  |   17|   0|   17|          0|
    |mul_ln73_3342_reg_1074274  |   17|   0|   17|          0|
    |mul_ln73_3343_reg_1074279  |   17|   0|   17|          0|
    |mul_ln73_3344_reg_1074284  |   17|   0|   17|          0|
    |mul_ln73_3345_reg_1074289  |   17|   0|   17|          0|
    |mul_ln73_3346_reg_1074294  |   17|   0|   17|          0|
    |mul_ln73_3347_reg_1074299  |   17|   0|   17|          0|
    |mul_ln73_3348_reg_1074304  |   17|   0|   17|          0|
    |mul_ln73_3349_reg_1074309  |   17|   0|   17|          0|
    |mul_ln73_3350_reg_1074314  |   17|   0|   17|          0|
    |mul_ln73_3351_reg_1074319  |   17|   0|   17|          0|
    |mul_ln73_3352_reg_1074324  |   17|   0|   17|          0|
    |mul_ln73_reg_1071769       |   17|   0|   17|          0|
    +---------------------------+-----+----+-----+-----------+
    |Total                      |23041|   0|25089|       2048|
    +---------------------------+-----+----+-----+-----------+



================================================================
== Interface
================================================================
* Summary: 
+---------------+-----+-----+------------+-------------------------------------------------------------------------+--------------+
|   RTL Ports   | Dir | Bits|  Protocol  |                              Source Object                              |    C Type    |
+---------------+-----+-----+------------+-------------------------------------------------------------------------+--------------+
|ap_clk         |   in|    1|  ap_ctrl_hs|  normalize<ap_fixed<11, 7, 4, 0, 0>, ap_fixed<21, 5, 5, 3, 0>, config33>|  return value|
|ap_rst         |   in|    1|  ap_ctrl_hs|  normalize<ap_fixed<11, 7, 4, 0, 0>, ap_fixed<21, 5, 5, 3, 0>, config33>|  return value|
|ap_return_0    |  out|   21|  ap_ctrl_hs|  normalize<ap_fixed<11, 7, 4, 0, 0>, ap_fixed<21, 5, 5, 3, 0>, config33>|  return value|
|ap_return_1    |  out|   21|  ap_ctrl_hs|  normalize<ap_fixed<11, 7, 4, 0, 0>, ap_fixed<21, 5, 5, 3, 0>, config33>|  return value|
|ap_return_2    |  out|   21|  ap_ctrl_hs|  normalize<ap_fixed<11, 7, 4, 0, 0>, ap_fixed<21, 5, 5, 3, 0>, config33>|  return value|
|ap_return_3    |  out|   21|  ap_ctrl_hs|  normalize<ap_fixed<11, 7, 4, 0, 0>, ap_fixed<21, 5, 5, 3, 0>, config33>|  return value|
|ap_return_4    |  out|   21|  ap_ctrl_hs|  normalize<ap_fixed<11, 7, 4, 0, 0>, ap_fixed<21, 5, 5, 3, 0>, config33>|  return value|
|ap_return_5    |  out|   21|  ap_ctrl_hs|  normalize<ap_fixed<11, 7, 4, 0, 0>, ap_fixed<21, 5, 5, 3, 0>, config33>|  return value|
|ap_return_6    |  out|   21|  ap_ctrl_hs|  normalize<ap_fixed<11, 7, 4, 0, 0>, ap_fixed<21, 5, 5, 3, 0>, config33>|  return value|
|ap_return_7    |  out|   21|  ap_ctrl_hs|  normalize<ap_fixed<11, 7, 4, 0, 0>, ap_fixed<21, 5, 5, 3, 0>, config33>|  return value|
|ap_return_8    |  out|   21|  ap_ctrl_hs|  normalize<ap_fixed<11, 7, 4, 0, 0>, ap_fixed<21, 5, 5, 3, 0>, config33>|  return value|
|ap_return_9    |  out|   21|  ap_ctrl_hs|  normalize<ap_fixed<11, 7, 4, 0, 0>, ap_fixed<21, 5, 5, 3, 0>, config33>|  return value|
|ap_return_10   |  out|   21|  ap_ctrl_hs|  normalize<ap_fixed<11, 7, 4, 0, 0>, ap_fixed<21, 5, 5, 3, 0>, config33>|  return value|
|ap_return_11   |  out|   21|  ap_ctrl_hs|  normalize<ap_fixed<11, 7, 4, 0, 0>, ap_fixed<21, 5, 5, 3, 0>, config33>|  return value|
|ap_return_12   |  out|   21|  ap_ctrl_hs|  normalize<ap_fixed<11, 7, 4, 0, 0>, ap_fixed<21, 5, 5, 3, 0>, config33>|  return value|
|ap_return_13   |  out|   21|  ap_ctrl_hs|  normalize<ap_fixed<11, 7, 4, 0, 0>, ap_fixed<21, 5, 5, 3, 0>, config33>|  return value|
|ap_return_14   |  out|   21|  ap_ctrl_hs|  normalize<ap_fixed<11, 7, 4, 0, 0>, ap_fixed<21, 5, 5, 3, 0>, config33>|  return value|
|ap_return_15   |  out|   21|  ap_ctrl_hs|  normalize<ap_fixed<11, 7, 4, 0, 0>, ap_fixed<21, 5, 5, 3, 0>, config33>|  return value|
|ap_return_16   |  out|   21|  ap_ctrl_hs|  normalize<ap_fixed<11, 7, 4, 0, 0>, ap_fixed<21, 5, 5, 3, 0>, config33>|  return value|
|ap_return_17   |  out|   21|  ap_ctrl_hs|  normalize<ap_fixed<11, 7, 4, 0, 0>, ap_fixed<21, 5, 5, 3, 0>, config33>|  return value|
|ap_return_18   |  out|   21|  ap_ctrl_hs|  normalize<ap_fixed<11, 7, 4, 0, 0>, ap_fixed<21, 5, 5, 3, 0>, config33>|  return value|
|ap_return_19   |  out|   21|  ap_ctrl_hs|  normalize<ap_fixed<11, 7, 4, 0, 0>, ap_fixed<21, 5, 5, 3, 0>, config33>|  return value|
|ap_return_20   |  out|   21|  ap_ctrl_hs|  normalize<ap_fixed<11, 7, 4, 0, 0>, ap_fixed<21, 5, 5, 3, 0>, config33>|  return value|
|ap_return_21   |  out|   21|  ap_ctrl_hs|  normalize<ap_fixed<11, 7, 4, 0, 0>, ap_fixed<21, 5, 5, 3, 0>, config33>|  return value|
|ap_return_22   |  out|   21|  ap_ctrl_hs|  normalize<ap_fixed<11, 7, 4, 0, 0>, ap_fixed<21, 5, 5, 3, 0>, config33>|  return value|
|ap_return_23   |  out|   21|  ap_ctrl_hs|  normalize<ap_fixed<11, 7, 4, 0, 0>, ap_fixed<21, 5, 5, 3, 0>, config33>|  return value|
|ap_return_24   |  out|   21|  ap_ctrl_hs|  normalize<ap_fixed<11, 7, 4, 0, 0>, ap_fixed<21, 5, 5, 3, 0>, config33>|  return value|
|ap_return_25   |  out|   21|  ap_ctrl_hs|  normalize<ap_fixed<11, 7, 4, 0, 0>, ap_fixed<21, 5, 5, 3, 0>, config33>|  return value|
|ap_return_26   |  out|   21|  ap_ctrl_hs|  normalize<ap_fixed<11, 7, 4, 0, 0>, ap_fixed<21, 5, 5, 3, 0>, config33>|  return value|
|ap_return_27   |  out|   21|  ap_ctrl_hs|  normalize<ap_fixed<11, 7, 4, 0, 0>, ap_fixed<21, 5, 5, 3, 0>, config33>|  return value|
|ap_return_28   |  out|   21|  ap_ctrl_hs|  normalize<ap_fixed<11, 7, 4, 0, 0>, ap_fixed<21, 5, 5, 3, 0>, config33>|  return value|
|ap_return_29   |  out|   21|  ap_ctrl_hs|  normalize<ap_fixed<11, 7, 4, 0, 0>, ap_fixed<21, 5, 5, 3, 0>, config33>|  return value|
|ap_return_30   |  out|   21|  ap_ctrl_hs|  normalize<ap_fixed<11, 7, 4, 0, 0>, ap_fixed<21, 5, 5, 3, 0>, config33>|  return value|
|ap_return_31   |  out|   21|  ap_ctrl_hs|  normalize<ap_fixed<11, 7, 4, 0, 0>, ap_fixed<21, 5, 5, 3, 0>, config33>|  return value|
|ap_return_32   |  out|   21|  ap_ctrl_hs|  normalize<ap_fixed<11, 7, 4, 0, 0>, ap_fixed<21, 5, 5, 3, 0>, config33>|  return value|
|ap_return_33   |  out|   21|  ap_ctrl_hs|  normalize<ap_fixed<11, 7, 4, 0, 0>, ap_fixed<21, 5, 5, 3, 0>, config33>|  return value|
|ap_return_34   |  out|   21|  ap_ctrl_hs|  normalize<ap_fixed<11, 7, 4, 0, 0>, ap_fixed<21, 5, 5, 3, 0>, config33>|  return value|
|ap_return_35   |  out|   21|  ap_ctrl_hs|  normalize<ap_fixed<11, 7, 4, 0, 0>, ap_fixed<21, 5, 5, 3, 0>, config33>|  return value|
|ap_return_36   |  out|   21|  ap_ctrl_hs|  normalize<ap_fixed<11, 7, 4, 0, 0>, ap_fixed<21, 5, 5, 3, 0>, config33>|  return value|
|ap_return_37   |  out|   21|  ap_ctrl_hs|  normalize<ap_fixed<11, 7, 4, 0, 0>, ap_fixed<21, 5, 5, 3, 0>, config33>|  return value|
|ap_return_38   |  out|   21|  ap_ctrl_hs|  normalize<ap_fixed<11, 7, 4, 0, 0>, ap_fixed<21, 5, 5, 3, 0>, config33>|  return value|
|ap_return_39   |  out|   21|  ap_ctrl_hs|  normalize<ap_fixed<11, 7, 4, 0, 0>, ap_fixed<21, 5, 5, 3, 0>, config33>|  return value|
|ap_return_40   |  out|   21|  ap_ctrl_hs|  normalize<ap_fixed<11, 7, 4, 0, 0>, ap_fixed<21, 5, 5, 3, 0>, config33>|  return value|
|ap_return_41   |  out|   21|  ap_ctrl_hs|  normalize<ap_fixed<11, 7, 4, 0, 0>, ap_fixed<21, 5, 5, 3, 0>, config33>|  return value|
|ap_return_42   |  out|   21|  ap_ctrl_hs|  normalize<ap_fixed<11, 7, 4, 0, 0>, ap_fixed<21, 5, 5, 3, 0>, config33>|  return value|
|ap_return_43   |  out|   21|  ap_ctrl_hs|  normalize<ap_fixed<11, 7, 4, 0, 0>, ap_fixed<21, 5, 5, 3, 0>, config33>|  return value|
|ap_return_44   |  out|   21|  ap_ctrl_hs|  normalize<ap_fixed<11, 7, 4, 0, 0>, ap_fixed<21, 5, 5, 3, 0>, config33>|  return value|
|ap_return_45   |  out|   21|  ap_ctrl_hs|  normalize<ap_fixed<11, 7, 4, 0, 0>, ap_fixed<21, 5, 5, 3, 0>, config33>|  return value|
|ap_return_46   |  out|   21|  ap_ctrl_hs|  normalize<ap_fixed<11, 7, 4, 0, 0>, ap_fixed<21, 5, 5, 3, 0>, config33>|  return value|
|ap_return_47   |  out|   21|  ap_ctrl_hs|  normalize<ap_fixed<11, 7, 4, 0, 0>, ap_fixed<21, 5, 5, 3, 0>, config33>|  return value|
|ap_return_48   |  out|   21|  ap_ctrl_hs|  normalize<ap_fixed<11, 7, 4, 0, 0>, ap_fixed<21, 5, 5, 3, 0>, config33>|  return value|
|ap_return_49   |  out|   21|  ap_ctrl_hs|  normalize<ap_fixed<11, 7, 4, 0, 0>, ap_fixed<21, 5, 5, 3, 0>, config33>|  return value|
|ap_return_50   |  out|   21|  ap_ctrl_hs|  normalize<ap_fixed<11, 7, 4, 0, 0>, ap_fixed<21, 5, 5, 3, 0>, config33>|  return value|
|ap_return_51   |  out|   21|  ap_ctrl_hs|  normalize<ap_fixed<11, 7, 4, 0, 0>, ap_fixed<21, 5, 5, 3, 0>, config33>|  return value|
|ap_return_52   |  out|   21|  ap_ctrl_hs|  normalize<ap_fixed<11, 7, 4, 0, 0>, ap_fixed<21, 5, 5, 3, 0>, config33>|  return value|
|ap_return_53   |  out|   21|  ap_ctrl_hs|  normalize<ap_fixed<11, 7, 4, 0, 0>, ap_fixed<21, 5, 5, 3, 0>, config33>|  return value|
|ap_return_54   |  out|   21|  ap_ctrl_hs|  normalize<ap_fixed<11, 7, 4, 0, 0>, ap_fixed<21, 5, 5, 3, 0>, config33>|  return value|
|ap_return_55   |  out|   21|  ap_ctrl_hs|  normalize<ap_fixed<11, 7, 4, 0, 0>, ap_fixed<21, 5, 5, 3, 0>, config33>|  return value|
|ap_return_56   |  out|   21|  ap_ctrl_hs|  normalize<ap_fixed<11, 7, 4, 0, 0>, ap_fixed<21, 5, 5, 3, 0>, config33>|  return value|
|ap_return_57   |  out|   21|  ap_ctrl_hs|  normalize<ap_fixed<11, 7, 4, 0, 0>, ap_fixed<21, 5, 5, 3, 0>, config33>|  return value|
|ap_return_58   |  out|   21|  ap_ctrl_hs|  normalize<ap_fixed<11, 7, 4, 0, 0>, ap_fixed<21, 5, 5, 3, 0>, config33>|  return value|
|ap_return_59   |  out|   21|  ap_ctrl_hs|  normalize<ap_fixed<11, 7, 4, 0, 0>, ap_fixed<21, 5, 5, 3, 0>, config33>|  return value|
|ap_return_60   |  out|   21|  ap_ctrl_hs|  normalize<ap_fixed<11, 7, 4, 0, 0>, ap_fixed<21, 5, 5, 3, 0>, config33>|  return value|
|ap_return_61   |  out|   21|  ap_ctrl_hs|  normalize<ap_fixed<11, 7, 4, 0, 0>, ap_fixed<21, 5, 5, 3, 0>, config33>|  return value|
|ap_return_62   |  out|   21|  ap_ctrl_hs|  normalize<ap_fixed<11, 7, 4, 0, 0>, ap_fixed<21, 5, 5, 3, 0>, config33>|  return value|
|ap_return_63   |  out|   21|  ap_ctrl_hs|  normalize<ap_fixed<11, 7, 4, 0, 0>, ap_fixed<21, 5, 5, 3, 0>, config33>|  return value|
|ap_return_64   |  out|   21|  ap_ctrl_hs|  normalize<ap_fixed<11, 7, 4, 0, 0>, ap_fixed<21, 5, 5, 3, 0>, config33>|  return value|
|ap_return_65   |  out|   21|  ap_ctrl_hs|  normalize<ap_fixed<11, 7, 4, 0, 0>, ap_fixed<21, 5, 5, 3, 0>, config33>|  return value|
|ap_return_66   |  out|   21|  ap_ctrl_hs|  normalize<ap_fixed<11, 7, 4, 0, 0>, ap_fixed<21, 5, 5, 3, 0>, config33>|  return value|
|ap_return_67   |  out|   21|  ap_ctrl_hs|  normalize<ap_fixed<11, 7, 4, 0, 0>, ap_fixed<21, 5, 5, 3, 0>, config33>|  return value|
|ap_return_68   |  out|   21|  ap_ctrl_hs|  normalize<ap_fixed<11, 7, 4, 0, 0>, ap_fixed<21, 5, 5, 3, 0>, config33>|  return value|
|ap_return_69   |  out|   21|  ap_ctrl_hs|  normalize<ap_fixed<11, 7, 4, 0, 0>, ap_fixed<21, 5, 5, 3, 0>, config33>|  return value|
|ap_return_70   |  out|   21|  ap_ctrl_hs|  normalize<ap_fixed<11, 7, 4, 0, 0>, ap_fixed<21, 5, 5, 3, 0>, config33>|  return value|
|ap_return_71   |  out|   21|  ap_ctrl_hs|  normalize<ap_fixed<11, 7, 4, 0, 0>, ap_fixed<21, 5, 5, 3, 0>, config33>|  return value|
|ap_return_72   |  out|   21|  ap_ctrl_hs|  normalize<ap_fixed<11, 7, 4, 0, 0>, ap_fixed<21, 5, 5, 3, 0>, config33>|  return value|
|ap_return_73   |  out|   21|  ap_ctrl_hs|  normalize<ap_fixed<11, 7, 4, 0, 0>, ap_fixed<21, 5, 5, 3, 0>, config33>|  return value|
|ap_return_74   |  out|   21|  ap_ctrl_hs|  normalize<ap_fixed<11, 7, 4, 0, 0>, ap_fixed<21, 5, 5, 3, 0>, config33>|  return value|
|ap_return_75   |  out|   21|  ap_ctrl_hs|  normalize<ap_fixed<11, 7, 4, 0, 0>, ap_fixed<21, 5, 5, 3, 0>, config33>|  return value|
|ap_return_76   |  out|   21|  ap_ctrl_hs|  normalize<ap_fixed<11, 7, 4, 0, 0>, ap_fixed<21, 5, 5, 3, 0>, config33>|  return value|
|ap_return_77   |  out|   21|  ap_ctrl_hs|  normalize<ap_fixed<11, 7, 4, 0, 0>, ap_fixed<21, 5, 5, 3, 0>, config33>|  return value|
|ap_return_78   |  out|   21|  ap_ctrl_hs|  normalize<ap_fixed<11, 7, 4, 0, 0>, ap_fixed<21, 5, 5, 3, 0>, config33>|  return value|
|ap_return_79   |  out|   21|  ap_ctrl_hs|  normalize<ap_fixed<11, 7, 4, 0, 0>, ap_fixed<21, 5, 5, 3, 0>, config33>|  return value|
|ap_return_80   |  out|   21|  ap_ctrl_hs|  normalize<ap_fixed<11, 7, 4, 0, 0>, ap_fixed<21, 5, 5, 3, 0>, config33>|  return value|
|ap_return_81   |  out|   21|  ap_ctrl_hs|  normalize<ap_fixed<11, 7, 4, 0, 0>, ap_fixed<21, 5, 5, 3, 0>, config33>|  return value|
|ap_return_82   |  out|   21|  ap_ctrl_hs|  normalize<ap_fixed<11, 7, 4, 0, 0>, ap_fixed<21, 5, 5, 3, 0>, config33>|  return value|
|ap_return_83   |  out|   21|  ap_ctrl_hs|  normalize<ap_fixed<11, 7, 4, 0, 0>, ap_fixed<21, 5, 5, 3, 0>, config33>|  return value|
|ap_return_84   |  out|   21|  ap_ctrl_hs|  normalize<ap_fixed<11, 7, 4, 0, 0>, ap_fixed<21, 5, 5, 3, 0>, config33>|  return value|
|ap_return_85   |  out|   21|  ap_ctrl_hs|  normalize<ap_fixed<11, 7, 4, 0, 0>, ap_fixed<21, 5, 5, 3, 0>, config33>|  return value|
|ap_return_86   |  out|   21|  ap_ctrl_hs|  normalize<ap_fixed<11, 7, 4, 0, 0>, ap_fixed<21, 5, 5, 3, 0>, config33>|  return value|
|ap_return_87   |  out|   21|  ap_ctrl_hs|  normalize<ap_fixed<11, 7, 4, 0, 0>, ap_fixed<21, 5, 5, 3, 0>, config33>|  return value|
|ap_return_88   |  out|   21|  ap_ctrl_hs|  normalize<ap_fixed<11, 7, 4, 0, 0>, ap_fixed<21, 5, 5, 3, 0>, config33>|  return value|
|ap_return_89   |  out|   21|  ap_ctrl_hs|  normalize<ap_fixed<11, 7, 4, 0, 0>, ap_fixed<21, 5, 5, 3, 0>, config33>|  return value|
|ap_return_90   |  out|   21|  ap_ctrl_hs|  normalize<ap_fixed<11, 7, 4, 0, 0>, ap_fixed<21, 5, 5, 3, 0>, config33>|  return value|
|ap_return_91   |  out|   21|  ap_ctrl_hs|  normalize<ap_fixed<11, 7, 4, 0, 0>, ap_fixed<21, 5, 5, 3, 0>, config33>|  return value|
|ap_return_92   |  out|   21|  ap_ctrl_hs|  normalize<ap_fixed<11, 7, 4, 0, 0>, ap_fixed<21, 5, 5, 3, 0>, config33>|  return value|
|ap_return_93   |  out|   21|  ap_ctrl_hs|  normalize<ap_fixed<11, 7, 4, 0, 0>, ap_fixed<21, 5, 5, 3, 0>, config33>|  return value|
|ap_return_94   |  out|   21|  ap_ctrl_hs|  normalize<ap_fixed<11, 7, 4, 0, 0>, ap_fixed<21, 5, 5, 3, 0>, config33>|  return value|
|ap_return_95   |  out|   21|  ap_ctrl_hs|  normalize<ap_fixed<11, 7, 4, 0, 0>, ap_fixed<21, 5, 5, 3, 0>, config33>|  return value|
|ap_return_96   |  out|   21|  ap_ctrl_hs|  normalize<ap_fixed<11, 7, 4, 0, 0>, ap_fixed<21, 5, 5, 3, 0>, config33>|  return value|
|ap_return_97   |  out|   21|  ap_ctrl_hs|  normalize<ap_fixed<11, 7, 4, 0, 0>, ap_fixed<21, 5, 5, 3, 0>, config33>|  return value|
|ap_return_98   |  out|   21|  ap_ctrl_hs|  normalize<ap_fixed<11, 7, 4, 0, 0>, ap_fixed<21, 5, 5, 3, 0>, config33>|  return value|
|ap_return_99   |  out|   21|  ap_ctrl_hs|  normalize<ap_fixed<11, 7, 4, 0, 0>, ap_fixed<21, 5, 5, 3, 0>, config33>|  return value|
|ap_return_100  |  out|   21|  ap_ctrl_hs|  normalize<ap_fixed<11, 7, 4, 0, 0>, ap_fixed<21, 5, 5, 3, 0>, config33>|  return value|
|ap_return_101  |  out|   21|  ap_ctrl_hs|  normalize<ap_fixed<11, 7, 4, 0, 0>, ap_fixed<21, 5, 5, 3, 0>, config33>|  return value|
|ap_return_102  |  out|   21|  ap_ctrl_hs|  normalize<ap_fixed<11, 7, 4, 0, 0>, ap_fixed<21, 5, 5, 3, 0>, config33>|  return value|
|ap_return_103  |  out|   21|  ap_ctrl_hs|  normalize<ap_fixed<11, 7, 4, 0, 0>, ap_fixed<21, 5, 5, 3, 0>, config33>|  return value|
|ap_return_104  |  out|   21|  ap_ctrl_hs|  normalize<ap_fixed<11, 7, 4, 0, 0>, ap_fixed<21, 5, 5, 3, 0>, config33>|  return value|
|ap_return_105  |  out|   21|  ap_ctrl_hs|  normalize<ap_fixed<11, 7, 4, 0, 0>, ap_fixed<21, 5, 5, 3, 0>, config33>|  return value|
|ap_return_106  |  out|   21|  ap_ctrl_hs|  normalize<ap_fixed<11, 7, 4, 0, 0>, ap_fixed<21, 5, 5, 3, 0>, config33>|  return value|
|ap_return_107  |  out|   21|  ap_ctrl_hs|  normalize<ap_fixed<11, 7, 4, 0, 0>, ap_fixed<21, 5, 5, 3, 0>, config33>|  return value|
|ap_return_108  |  out|   21|  ap_ctrl_hs|  normalize<ap_fixed<11, 7, 4, 0, 0>, ap_fixed<21, 5, 5, 3, 0>, config33>|  return value|
|ap_return_109  |  out|   21|  ap_ctrl_hs|  normalize<ap_fixed<11, 7, 4, 0, 0>, ap_fixed<21, 5, 5, 3, 0>, config33>|  return value|
|ap_return_110  |  out|   21|  ap_ctrl_hs|  normalize<ap_fixed<11, 7, 4, 0, 0>, ap_fixed<21, 5, 5, 3, 0>, config33>|  return value|
|ap_return_111  |  out|   21|  ap_ctrl_hs|  normalize<ap_fixed<11, 7, 4, 0, 0>, ap_fixed<21, 5, 5, 3, 0>, config33>|  return value|
|ap_return_112  |  out|   21|  ap_ctrl_hs|  normalize<ap_fixed<11, 7, 4, 0, 0>, ap_fixed<21, 5, 5, 3, 0>, config33>|  return value|
|ap_return_113  |  out|   21|  ap_ctrl_hs|  normalize<ap_fixed<11, 7, 4, 0, 0>, ap_fixed<21, 5, 5, 3, 0>, config33>|  return value|
|ap_return_114  |  out|   21|  ap_ctrl_hs|  normalize<ap_fixed<11, 7, 4, 0, 0>, ap_fixed<21, 5, 5, 3, 0>, config33>|  return value|
|ap_return_115  |  out|   21|  ap_ctrl_hs|  normalize<ap_fixed<11, 7, 4, 0, 0>, ap_fixed<21, 5, 5, 3, 0>, config33>|  return value|
|ap_return_116  |  out|   21|  ap_ctrl_hs|  normalize<ap_fixed<11, 7, 4, 0, 0>, ap_fixed<21, 5, 5, 3, 0>, config33>|  return value|
|ap_return_117  |  out|   21|  ap_ctrl_hs|  normalize<ap_fixed<11, 7, 4, 0, 0>, ap_fixed<21, 5, 5, 3, 0>, config33>|  return value|
|ap_return_118  |  out|   21|  ap_ctrl_hs|  normalize<ap_fixed<11, 7, 4, 0, 0>, ap_fixed<21, 5, 5, 3, 0>, config33>|  return value|
|ap_return_119  |  out|   21|  ap_ctrl_hs|  normalize<ap_fixed<11, 7, 4, 0, 0>, ap_fixed<21, 5, 5, 3, 0>, config33>|  return value|
|ap_return_120  |  out|   21|  ap_ctrl_hs|  normalize<ap_fixed<11, 7, 4, 0, 0>, ap_fixed<21, 5, 5, 3, 0>, config33>|  return value|
|ap_return_121  |  out|   21|  ap_ctrl_hs|  normalize<ap_fixed<11, 7, 4, 0, 0>, ap_fixed<21, 5, 5, 3, 0>, config33>|  return value|
|ap_return_122  |  out|   21|  ap_ctrl_hs|  normalize<ap_fixed<11, 7, 4, 0, 0>, ap_fixed<21, 5, 5, 3, 0>, config33>|  return value|
|ap_return_123  |  out|   21|  ap_ctrl_hs|  normalize<ap_fixed<11, 7, 4, 0, 0>, ap_fixed<21, 5, 5, 3, 0>, config33>|  return value|
|ap_return_124  |  out|   21|  ap_ctrl_hs|  normalize<ap_fixed<11, 7, 4, 0, 0>, ap_fixed<21, 5, 5, 3, 0>, config33>|  return value|
|ap_return_125  |  out|   21|  ap_ctrl_hs|  normalize<ap_fixed<11, 7, 4, 0, 0>, ap_fixed<21, 5, 5, 3, 0>, config33>|  return value|
|ap_return_126  |  out|   21|  ap_ctrl_hs|  normalize<ap_fixed<11, 7, 4, 0, 0>, ap_fixed<21, 5, 5, 3, 0>, config33>|  return value|
|ap_return_127  |  out|   21|  ap_ctrl_hs|  normalize<ap_fixed<11, 7, 4, 0, 0>, ap_fixed<21, 5, 5, 3, 0>, config33>|  return value|
|ap_return_128  |  out|   21|  ap_ctrl_hs|  normalize<ap_fixed<11, 7, 4, 0, 0>, ap_fixed<21, 5, 5, 3, 0>, config33>|  return value|
|ap_return_129  |  out|   21|  ap_ctrl_hs|  normalize<ap_fixed<11, 7, 4, 0, 0>, ap_fixed<21, 5, 5, 3, 0>, config33>|  return value|
|ap_return_130  |  out|   21|  ap_ctrl_hs|  normalize<ap_fixed<11, 7, 4, 0, 0>, ap_fixed<21, 5, 5, 3, 0>, config33>|  return value|
|ap_return_131  |  out|   21|  ap_ctrl_hs|  normalize<ap_fixed<11, 7, 4, 0, 0>, ap_fixed<21, 5, 5, 3, 0>, config33>|  return value|
|ap_return_132  |  out|   21|  ap_ctrl_hs|  normalize<ap_fixed<11, 7, 4, 0, 0>, ap_fixed<21, 5, 5, 3, 0>, config33>|  return value|
|ap_return_133  |  out|   21|  ap_ctrl_hs|  normalize<ap_fixed<11, 7, 4, 0, 0>, ap_fixed<21, 5, 5, 3, 0>, config33>|  return value|
|ap_return_134  |  out|   21|  ap_ctrl_hs|  normalize<ap_fixed<11, 7, 4, 0, 0>, ap_fixed<21, 5, 5, 3, 0>, config33>|  return value|
|ap_return_135  |  out|   21|  ap_ctrl_hs|  normalize<ap_fixed<11, 7, 4, 0, 0>, ap_fixed<21, 5, 5, 3, 0>, config33>|  return value|
|ap_return_136  |  out|   21|  ap_ctrl_hs|  normalize<ap_fixed<11, 7, 4, 0, 0>, ap_fixed<21, 5, 5, 3, 0>, config33>|  return value|
|ap_return_137  |  out|   21|  ap_ctrl_hs|  normalize<ap_fixed<11, 7, 4, 0, 0>, ap_fixed<21, 5, 5, 3, 0>, config33>|  return value|
|ap_return_138  |  out|   21|  ap_ctrl_hs|  normalize<ap_fixed<11, 7, 4, 0, 0>, ap_fixed<21, 5, 5, 3, 0>, config33>|  return value|
|ap_return_139  |  out|   21|  ap_ctrl_hs|  normalize<ap_fixed<11, 7, 4, 0, 0>, ap_fixed<21, 5, 5, 3, 0>, config33>|  return value|
|ap_return_140  |  out|   21|  ap_ctrl_hs|  normalize<ap_fixed<11, 7, 4, 0, 0>, ap_fixed<21, 5, 5, 3, 0>, config33>|  return value|
|ap_return_141  |  out|   21|  ap_ctrl_hs|  normalize<ap_fixed<11, 7, 4, 0, 0>, ap_fixed<21, 5, 5, 3, 0>, config33>|  return value|
|ap_return_142  |  out|   21|  ap_ctrl_hs|  normalize<ap_fixed<11, 7, 4, 0, 0>, ap_fixed<21, 5, 5, 3, 0>, config33>|  return value|
|ap_return_143  |  out|   21|  ap_ctrl_hs|  normalize<ap_fixed<11, 7, 4, 0, 0>, ap_fixed<21, 5, 5, 3, 0>, config33>|  return value|
|ap_return_144  |  out|   21|  ap_ctrl_hs|  normalize<ap_fixed<11, 7, 4, 0, 0>, ap_fixed<21, 5, 5, 3, 0>, config33>|  return value|
|ap_return_145  |  out|   21|  ap_ctrl_hs|  normalize<ap_fixed<11, 7, 4, 0, 0>, ap_fixed<21, 5, 5, 3, 0>, config33>|  return value|
|ap_return_146  |  out|   21|  ap_ctrl_hs|  normalize<ap_fixed<11, 7, 4, 0, 0>, ap_fixed<21, 5, 5, 3, 0>, config33>|  return value|
|ap_return_147  |  out|   21|  ap_ctrl_hs|  normalize<ap_fixed<11, 7, 4, 0, 0>, ap_fixed<21, 5, 5, 3, 0>, config33>|  return value|
|ap_return_148  |  out|   21|  ap_ctrl_hs|  normalize<ap_fixed<11, 7, 4, 0, 0>, ap_fixed<21, 5, 5, 3, 0>, config33>|  return value|
|ap_return_149  |  out|   21|  ap_ctrl_hs|  normalize<ap_fixed<11, 7, 4, 0, 0>, ap_fixed<21, 5, 5, 3, 0>, config33>|  return value|
|ap_return_150  |  out|   21|  ap_ctrl_hs|  normalize<ap_fixed<11, 7, 4, 0, 0>, ap_fixed<21, 5, 5, 3, 0>, config33>|  return value|
|ap_return_151  |  out|   21|  ap_ctrl_hs|  normalize<ap_fixed<11, 7, 4, 0, 0>, ap_fixed<21, 5, 5, 3, 0>, config33>|  return value|
|ap_return_152  |  out|   21|  ap_ctrl_hs|  normalize<ap_fixed<11, 7, 4, 0, 0>, ap_fixed<21, 5, 5, 3, 0>, config33>|  return value|
|ap_return_153  |  out|   21|  ap_ctrl_hs|  normalize<ap_fixed<11, 7, 4, 0, 0>, ap_fixed<21, 5, 5, 3, 0>, config33>|  return value|
|ap_return_154  |  out|   21|  ap_ctrl_hs|  normalize<ap_fixed<11, 7, 4, 0, 0>, ap_fixed<21, 5, 5, 3, 0>, config33>|  return value|
|ap_return_155  |  out|   21|  ap_ctrl_hs|  normalize<ap_fixed<11, 7, 4, 0, 0>, ap_fixed<21, 5, 5, 3, 0>, config33>|  return value|
|ap_return_156  |  out|   21|  ap_ctrl_hs|  normalize<ap_fixed<11, 7, 4, 0, 0>, ap_fixed<21, 5, 5, 3, 0>, config33>|  return value|
|ap_return_157  |  out|   21|  ap_ctrl_hs|  normalize<ap_fixed<11, 7, 4, 0, 0>, ap_fixed<21, 5, 5, 3, 0>, config33>|  return value|
|ap_return_158  |  out|   21|  ap_ctrl_hs|  normalize<ap_fixed<11, 7, 4, 0, 0>, ap_fixed<21, 5, 5, 3, 0>, config33>|  return value|
|ap_return_159  |  out|   21|  ap_ctrl_hs|  normalize<ap_fixed<11, 7, 4, 0, 0>, ap_fixed<21, 5, 5, 3, 0>, config33>|  return value|
|ap_return_160  |  out|   21|  ap_ctrl_hs|  normalize<ap_fixed<11, 7, 4, 0, 0>, ap_fixed<21, 5, 5, 3, 0>, config33>|  return value|
|ap_return_161  |  out|   21|  ap_ctrl_hs|  normalize<ap_fixed<11, 7, 4, 0, 0>, ap_fixed<21, 5, 5, 3, 0>, config33>|  return value|
|ap_return_162  |  out|   21|  ap_ctrl_hs|  normalize<ap_fixed<11, 7, 4, 0, 0>, ap_fixed<21, 5, 5, 3, 0>, config33>|  return value|
|ap_return_163  |  out|   21|  ap_ctrl_hs|  normalize<ap_fixed<11, 7, 4, 0, 0>, ap_fixed<21, 5, 5, 3, 0>, config33>|  return value|
|ap_return_164  |  out|   21|  ap_ctrl_hs|  normalize<ap_fixed<11, 7, 4, 0, 0>, ap_fixed<21, 5, 5, 3, 0>, config33>|  return value|
|ap_return_165  |  out|   21|  ap_ctrl_hs|  normalize<ap_fixed<11, 7, 4, 0, 0>, ap_fixed<21, 5, 5, 3, 0>, config33>|  return value|
|ap_return_166  |  out|   21|  ap_ctrl_hs|  normalize<ap_fixed<11, 7, 4, 0, 0>, ap_fixed<21, 5, 5, 3, 0>, config33>|  return value|
|ap_return_167  |  out|   21|  ap_ctrl_hs|  normalize<ap_fixed<11, 7, 4, 0, 0>, ap_fixed<21, 5, 5, 3, 0>, config33>|  return value|
|ap_return_168  |  out|   21|  ap_ctrl_hs|  normalize<ap_fixed<11, 7, 4, 0, 0>, ap_fixed<21, 5, 5, 3, 0>, config33>|  return value|
|ap_return_169  |  out|   21|  ap_ctrl_hs|  normalize<ap_fixed<11, 7, 4, 0, 0>, ap_fixed<21, 5, 5, 3, 0>, config33>|  return value|
|ap_return_170  |  out|   21|  ap_ctrl_hs|  normalize<ap_fixed<11, 7, 4, 0, 0>, ap_fixed<21, 5, 5, 3, 0>, config33>|  return value|
|ap_return_171  |  out|   21|  ap_ctrl_hs|  normalize<ap_fixed<11, 7, 4, 0, 0>, ap_fixed<21, 5, 5, 3, 0>, config33>|  return value|
|ap_return_172  |  out|   21|  ap_ctrl_hs|  normalize<ap_fixed<11, 7, 4, 0, 0>, ap_fixed<21, 5, 5, 3, 0>, config33>|  return value|
|ap_return_173  |  out|   21|  ap_ctrl_hs|  normalize<ap_fixed<11, 7, 4, 0, 0>, ap_fixed<21, 5, 5, 3, 0>, config33>|  return value|
|ap_return_174  |  out|   21|  ap_ctrl_hs|  normalize<ap_fixed<11, 7, 4, 0, 0>, ap_fixed<21, 5, 5, 3, 0>, config33>|  return value|
|ap_return_175  |  out|   21|  ap_ctrl_hs|  normalize<ap_fixed<11, 7, 4, 0, 0>, ap_fixed<21, 5, 5, 3, 0>, config33>|  return value|
|ap_return_176  |  out|   21|  ap_ctrl_hs|  normalize<ap_fixed<11, 7, 4, 0, 0>, ap_fixed<21, 5, 5, 3, 0>, config33>|  return value|
|ap_return_177  |  out|   21|  ap_ctrl_hs|  normalize<ap_fixed<11, 7, 4, 0, 0>, ap_fixed<21, 5, 5, 3, 0>, config33>|  return value|
|ap_return_178  |  out|   21|  ap_ctrl_hs|  normalize<ap_fixed<11, 7, 4, 0, 0>, ap_fixed<21, 5, 5, 3, 0>, config33>|  return value|
|ap_return_179  |  out|   21|  ap_ctrl_hs|  normalize<ap_fixed<11, 7, 4, 0, 0>, ap_fixed<21, 5, 5, 3, 0>, config33>|  return value|
|ap_return_180  |  out|   21|  ap_ctrl_hs|  normalize<ap_fixed<11, 7, 4, 0, 0>, ap_fixed<21, 5, 5, 3, 0>, config33>|  return value|
|ap_return_181  |  out|   21|  ap_ctrl_hs|  normalize<ap_fixed<11, 7, 4, 0, 0>, ap_fixed<21, 5, 5, 3, 0>, config33>|  return value|
|ap_return_182  |  out|   21|  ap_ctrl_hs|  normalize<ap_fixed<11, 7, 4, 0, 0>, ap_fixed<21, 5, 5, 3, 0>, config33>|  return value|
|ap_return_183  |  out|   21|  ap_ctrl_hs|  normalize<ap_fixed<11, 7, 4, 0, 0>, ap_fixed<21, 5, 5, 3, 0>, config33>|  return value|
|ap_return_184  |  out|   21|  ap_ctrl_hs|  normalize<ap_fixed<11, 7, 4, 0, 0>, ap_fixed<21, 5, 5, 3, 0>, config33>|  return value|
|ap_return_185  |  out|   21|  ap_ctrl_hs|  normalize<ap_fixed<11, 7, 4, 0, 0>, ap_fixed<21, 5, 5, 3, 0>, config33>|  return value|
|ap_return_186  |  out|   21|  ap_ctrl_hs|  normalize<ap_fixed<11, 7, 4, 0, 0>, ap_fixed<21, 5, 5, 3, 0>, config33>|  return value|
|ap_return_187  |  out|   21|  ap_ctrl_hs|  normalize<ap_fixed<11, 7, 4, 0, 0>, ap_fixed<21, 5, 5, 3, 0>, config33>|  return value|
|ap_return_188  |  out|   21|  ap_ctrl_hs|  normalize<ap_fixed<11, 7, 4, 0, 0>, ap_fixed<21, 5, 5, 3, 0>, config33>|  return value|
|ap_return_189  |  out|   21|  ap_ctrl_hs|  normalize<ap_fixed<11, 7, 4, 0, 0>, ap_fixed<21, 5, 5, 3, 0>, config33>|  return value|
|ap_return_190  |  out|   21|  ap_ctrl_hs|  normalize<ap_fixed<11, 7, 4, 0, 0>, ap_fixed<21, 5, 5, 3, 0>, config33>|  return value|
|ap_return_191  |  out|   21|  ap_ctrl_hs|  normalize<ap_fixed<11, 7, 4, 0, 0>, ap_fixed<21, 5, 5, 3, 0>, config33>|  return value|
|ap_return_192  |  out|   21|  ap_ctrl_hs|  normalize<ap_fixed<11, 7, 4, 0, 0>, ap_fixed<21, 5, 5, 3, 0>, config33>|  return value|
|ap_return_193  |  out|   21|  ap_ctrl_hs|  normalize<ap_fixed<11, 7, 4, 0, 0>, ap_fixed<21, 5, 5, 3, 0>, config33>|  return value|
|ap_return_194  |  out|   21|  ap_ctrl_hs|  normalize<ap_fixed<11, 7, 4, 0, 0>, ap_fixed<21, 5, 5, 3, 0>, config33>|  return value|
|ap_return_195  |  out|   21|  ap_ctrl_hs|  normalize<ap_fixed<11, 7, 4, 0, 0>, ap_fixed<21, 5, 5, 3, 0>, config33>|  return value|
|ap_return_196  |  out|   21|  ap_ctrl_hs|  normalize<ap_fixed<11, 7, 4, 0, 0>, ap_fixed<21, 5, 5, 3, 0>, config33>|  return value|
|ap_return_197  |  out|   21|  ap_ctrl_hs|  normalize<ap_fixed<11, 7, 4, 0, 0>, ap_fixed<21, 5, 5, 3, 0>, config33>|  return value|
|ap_return_198  |  out|   21|  ap_ctrl_hs|  normalize<ap_fixed<11, 7, 4, 0, 0>, ap_fixed<21, 5, 5, 3, 0>, config33>|  return value|
|ap_return_199  |  out|   21|  ap_ctrl_hs|  normalize<ap_fixed<11, 7, 4, 0, 0>, ap_fixed<21, 5, 5, 3, 0>, config33>|  return value|
|ap_return_200  |  out|   21|  ap_ctrl_hs|  normalize<ap_fixed<11, 7, 4, 0, 0>, ap_fixed<21, 5, 5, 3, 0>, config33>|  return value|
|ap_return_201  |  out|   21|  ap_ctrl_hs|  normalize<ap_fixed<11, 7, 4, 0, 0>, ap_fixed<21, 5, 5, 3, 0>, config33>|  return value|
|ap_return_202  |  out|   21|  ap_ctrl_hs|  normalize<ap_fixed<11, 7, 4, 0, 0>, ap_fixed<21, 5, 5, 3, 0>, config33>|  return value|
|ap_return_203  |  out|   21|  ap_ctrl_hs|  normalize<ap_fixed<11, 7, 4, 0, 0>, ap_fixed<21, 5, 5, 3, 0>, config33>|  return value|
|ap_return_204  |  out|   21|  ap_ctrl_hs|  normalize<ap_fixed<11, 7, 4, 0, 0>, ap_fixed<21, 5, 5, 3, 0>, config33>|  return value|
|ap_return_205  |  out|   21|  ap_ctrl_hs|  normalize<ap_fixed<11, 7, 4, 0, 0>, ap_fixed<21, 5, 5, 3, 0>, config33>|  return value|
|ap_return_206  |  out|   21|  ap_ctrl_hs|  normalize<ap_fixed<11, 7, 4, 0, 0>, ap_fixed<21, 5, 5, 3, 0>, config33>|  return value|
|ap_return_207  |  out|   21|  ap_ctrl_hs|  normalize<ap_fixed<11, 7, 4, 0, 0>, ap_fixed<21, 5, 5, 3, 0>, config33>|  return value|
|ap_return_208  |  out|   21|  ap_ctrl_hs|  normalize<ap_fixed<11, 7, 4, 0, 0>, ap_fixed<21, 5, 5, 3, 0>, config33>|  return value|
|ap_return_209  |  out|   21|  ap_ctrl_hs|  normalize<ap_fixed<11, 7, 4, 0, 0>, ap_fixed<21, 5, 5, 3, 0>, config33>|  return value|
|ap_return_210  |  out|   21|  ap_ctrl_hs|  normalize<ap_fixed<11, 7, 4, 0, 0>, ap_fixed<21, 5, 5, 3, 0>, config33>|  return value|
|ap_return_211  |  out|   21|  ap_ctrl_hs|  normalize<ap_fixed<11, 7, 4, 0, 0>, ap_fixed<21, 5, 5, 3, 0>, config33>|  return value|
|ap_return_212  |  out|   21|  ap_ctrl_hs|  normalize<ap_fixed<11, 7, 4, 0, 0>, ap_fixed<21, 5, 5, 3, 0>, config33>|  return value|
|ap_return_213  |  out|   21|  ap_ctrl_hs|  normalize<ap_fixed<11, 7, 4, 0, 0>, ap_fixed<21, 5, 5, 3, 0>, config33>|  return value|
|ap_return_214  |  out|   21|  ap_ctrl_hs|  normalize<ap_fixed<11, 7, 4, 0, 0>, ap_fixed<21, 5, 5, 3, 0>, config33>|  return value|
|ap_return_215  |  out|   21|  ap_ctrl_hs|  normalize<ap_fixed<11, 7, 4, 0, 0>, ap_fixed<21, 5, 5, 3, 0>, config33>|  return value|
|ap_return_216  |  out|   21|  ap_ctrl_hs|  normalize<ap_fixed<11, 7, 4, 0, 0>, ap_fixed<21, 5, 5, 3, 0>, config33>|  return value|
|ap_return_217  |  out|   21|  ap_ctrl_hs|  normalize<ap_fixed<11, 7, 4, 0, 0>, ap_fixed<21, 5, 5, 3, 0>, config33>|  return value|
|ap_return_218  |  out|   21|  ap_ctrl_hs|  normalize<ap_fixed<11, 7, 4, 0, 0>, ap_fixed<21, 5, 5, 3, 0>, config33>|  return value|
|ap_return_219  |  out|   21|  ap_ctrl_hs|  normalize<ap_fixed<11, 7, 4, 0, 0>, ap_fixed<21, 5, 5, 3, 0>, config33>|  return value|
|ap_return_220  |  out|   21|  ap_ctrl_hs|  normalize<ap_fixed<11, 7, 4, 0, 0>, ap_fixed<21, 5, 5, 3, 0>, config33>|  return value|
|ap_return_221  |  out|   21|  ap_ctrl_hs|  normalize<ap_fixed<11, 7, 4, 0, 0>, ap_fixed<21, 5, 5, 3, 0>, config33>|  return value|
|ap_return_222  |  out|   21|  ap_ctrl_hs|  normalize<ap_fixed<11, 7, 4, 0, 0>, ap_fixed<21, 5, 5, 3, 0>, config33>|  return value|
|ap_return_223  |  out|   21|  ap_ctrl_hs|  normalize<ap_fixed<11, 7, 4, 0, 0>, ap_fixed<21, 5, 5, 3, 0>, config33>|  return value|
|ap_return_224  |  out|   21|  ap_ctrl_hs|  normalize<ap_fixed<11, 7, 4, 0, 0>, ap_fixed<21, 5, 5, 3, 0>, config33>|  return value|
|ap_return_225  |  out|   21|  ap_ctrl_hs|  normalize<ap_fixed<11, 7, 4, 0, 0>, ap_fixed<21, 5, 5, 3, 0>, config33>|  return value|
|ap_return_226  |  out|   21|  ap_ctrl_hs|  normalize<ap_fixed<11, 7, 4, 0, 0>, ap_fixed<21, 5, 5, 3, 0>, config33>|  return value|
|ap_return_227  |  out|   21|  ap_ctrl_hs|  normalize<ap_fixed<11, 7, 4, 0, 0>, ap_fixed<21, 5, 5, 3, 0>, config33>|  return value|
|ap_return_228  |  out|   21|  ap_ctrl_hs|  normalize<ap_fixed<11, 7, 4, 0, 0>, ap_fixed<21, 5, 5, 3, 0>, config33>|  return value|
|ap_return_229  |  out|   21|  ap_ctrl_hs|  normalize<ap_fixed<11, 7, 4, 0, 0>, ap_fixed<21, 5, 5, 3, 0>, config33>|  return value|
|ap_return_230  |  out|   21|  ap_ctrl_hs|  normalize<ap_fixed<11, 7, 4, 0, 0>, ap_fixed<21, 5, 5, 3, 0>, config33>|  return value|
|ap_return_231  |  out|   21|  ap_ctrl_hs|  normalize<ap_fixed<11, 7, 4, 0, 0>, ap_fixed<21, 5, 5, 3, 0>, config33>|  return value|
|ap_return_232  |  out|   21|  ap_ctrl_hs|  normalize<ap_fixed<11, 7, 4, 0, 0>, ap_fixed<21, 5, 5, 3, 0>, config33>|  return value|
|ap_return_233  |  out|   21|  ap_ctrl_hs|  normalize<ap_fixed<11, 7, 4, 0, 0>, ap_fixed<21, 5, 5, 3, 0>, config33>|  return value|
|ap_return_234  |  out|   21|  ap_ctrl_hs|  normalize<ap_fixed<11, 7, 4, 0, 0>, ap_fixed<21, 5, 5, 3, 0>, config33>|  return value|
|ap_return_235  |  out|   21|  ap_ctrl_hs|  normalize<ap_fixed<11, 7, 4, 0, 0>, ap_fixed<21, 5, 5, 3, 0>, config33>|  return value|
|ap_return_236  |  out|   21|  ap_ctrl_hs|  normalize<ap_fixed<11, 7, 4, 0, 0>, ap_fixed<21, 5, 5, 3, 0>, config33>|  return value|
|ap_return_237  |  out|   21|  ap_ctrl_hs|  normalize<ap_fixed<11, 7, 4, 0, 0>, ap_fixed<21, 5, 5, 3, 0>, config33>|  return value|
|ap_return_238  |  out|   21|  ap_ctrl_hs|  normalize<ap_fixed<11, 7, 4, 0, 0>, ap_fixed<21, 5, 5, 3, 0>, config33>|  return value|
|ap_return_239  |  out|   21|  ap_ctrl_hs|  normalize<ap_fixed<11, 7, 4, 0, 0>, ap_fixed<21, 5, 5, 3, 0>, config33>|  return value|
|ap_return_240  |  out|   21|  ap_ctrl_hs|  normalize<ap_fixed<11, 7, 4, 0, 0>, ap_fixed<21, 5, 5, 3, 0>, config33>|  return value|
|ap_return_241  |  out|   21|  ap_ctrl_hs|  normalize<ap_fixed<11, 7, 4, 0, 0>, ap_fixed<21, 5, 5, 3, 0>, config33>|  return value|
|ap_return_242  |  out|   21|  ap_ctrl_hs|  normalize<ap_fixed<11, 7, 4, 0, 0>, ap_fixed<21, 5, 5, 3, 0>, config33>|  return value|
|ap_return_243  |  out|   21|  ap_ctrl_hs|  normalize<ap_fixed<11, 7, 4, 0, 0>, ap_fixed<21, 5, 5, 3, 0>, config33>|  return value|
|ap_return_244  |  out|   21|  ap_ctrl_hs|  normalize<ap_fixed<11, 7, 4, 0, 0>, ap_fixed<21, 5, 5, 3, 0>, config33>|  return value|
|ap_return_245  |  out|   21|  ap_ctrl_hs|  normalize<ap_fixed<11, 7, 4, 0, 0>, ap_fixed<21, 5, 5, 3, 0>, config33>|  return value|
|ap_return_246  |  out|   21|  ap_ctrl_hs|  normalize<ap_fixed<11, 7, 4, 0, 0>, ap_fixed<21, 5, 5, 3, 0>, config33>|  return value|
|ap_return_247  |  out|   21|  ap_ctrl_hs|  normalize<ap_fixed<11, 7, 4, 0, 0>, ap_fixed<21, 5, 5, 3, 0>, config33>|  return value|
|ap_return_248  |  out|   21|  ap_ctrl_hs|  normalize<ap_fixed<11, 7, 4, 0, 0>, ap_fixed<21, 5, 5, 3, 0>, config33>|  return value|
|ap_return_249  |  out|   21|  ap_ctrl_hs|  normalize<ap_fixed<11, 7, 4, 0, 0>, ap_fixed<21, 5, 5, 3, 0>, config33>|  return value|
|ap_return_250  |  out|   21|  ap_ctrl_hs|  normalize<ap_fixed<11, 7, 4, 0, 0>, ap_fixed<21, 5, 5, 3, 0>, config33>|  return value|
|ap_return_251  |  out|   21|  ap_ctrl_hs|  normalize<ap_fixed<11, 7, 4, 0, 0>, ap_fixed<21, 5, 5, 3, 0>, config33>|  return value|
|ap_return_252  |  out|   21|  ap_ctrl_hs|  normalize<ap_fixed<11, 7, 4, 0, 0>, ap_fixed<21, 5, 5, 3, 0>, config33>|  return value|
|ap_return_253  |  out|   21|  ap_ctrl_hs|  normalize<ap_fixed<11, 7, 4, 0, 0>, ap_fixed<21, 5, 5, 3, 0>, config33>|  return value|
|ap_return_254  |  out|   21|  ap_ctrl_hs|  normalize<ap_fixed<11, 7, 4, 0, 0>, ap_fixed<21, 5, 5, 3, 0>, config33>|  return value|
|ap_return_255  |  out|   21|  ap_ctrl_hs|  normalize<ap_fixed<11, 7, 4, 0, 0>, ap_fixed<21, 5, 5, 3, 0>, config33>|  return value|
|ap_return_256  |  out|   21|  ap_ctrl_hs|  normalize<ap_fixed<11, 7, 4, 0, 0>, ap_fixed<21, 5, 5, 3, 0>, config33>|  return value|
|ap_return_257  |  out|   21|  ap_ctrl_hs|  normalize<ap_fixed<11, 7, 4, 0, 0>, ap_fixed<21, 5, 5, 3, 0>, config33>|  return value|
|ap_return_258  |  out|   21|  ap_ctrl_hs|  normalize<ap_fixed<11, 7, 4, 0, 0>, ap_fixed<21, 5, 5, 3, 0>, config33>|  return value|
|ap_return_259  |  out|   21|  ap_ctrl_hs|  normalize<ap_fixed<11, 7, 4, 0, 0>, ap_fixed<21, 5, 5, 3, 0>, config33>|  return value|
|ap_return_260  |  out|   21|  ap_ctrl_hs|  normalize<ap_fixed<11, 7, 4, 0, 0>, ap_fixed<21, 5, 5, 3, 0>, config33>|  return value|
|ap_return_261  |  out|   21|  ap_ctrl_hs|  normalize<ap_fixed<11, 7, 4, 0, 0>, ap_fixed<21, 5, 5, 3, 0>, config33>|  return value|
|ap_return_262  |  out|   21|  ap_ctrl_hs|  normalize<ap_fixed<11, 7, 4, 0, 0>, ap_fixed<21, 5, 5, 3, 0>, config33>|  return value|
|ap_return_263  |  out|   21|  ap_ctrl_hs|  normalize<ap_fixed<11, 7, 4, 0, 0>, ap_fixed<21, 5, 5, 3, 0>, config33>|  return value|
|ap_return_264  |  out|   21|  ap_ctrl_hs|  normalize<ap_fixed<11, 7, 4, 0, 0>, ap_fixed<21, 5, 5, 3, 0>, config33>|  return value|
|ap_return_265  |  out|   21|  ap_ctrl_hs|  normalize<ap_fixed<11, 7, 4, 0, 0>, ap_fixed<21, 5, 5, 3, 0>, config33>|  return value|
|ap_return_266  |  out|   21|  ap_ctrl_hs|  normalize<ap_fixed<11, 7, 4, 0, 0>, ap_fixed<21, 5, 5, 3, 0>, config33>|  return value|
|ap_return_267  |  out|   21|  ap_ctrl_hs|  normalize<ap_fixed<11, 7, 4, 0, 0>, ap_fixed<21, 5, 5, 3, 0>, config33>|  return value|
|ap_return_268  |  out|   21|  ap_ctrl_hs|  normalize<ap_fixed<11, 7, 4, 0, 0>, ap_fixed<21, 5, 5, 3, 0>, config33>|  return value|
|ap_return_269  |  out|   21|  ap_ctrl_hs|  normalize<ap_fixed<11, 7, 4, 0, 0>, ap_fixed<21, 5, 5, 3, 0>, config33>|  return value|
|ap_return_270  |  out|   21|  ap_ctrl_hs|  normalize<ap_fixed<11, 7, 4, 0, 0>, ap_fixed<21, 5, 5, 3, 0>, config33>|  return value|
|ap_return_271  |  out|   21|  ap_ctrl_hs|  normalize<ap_fixed<11, 7, 4, 0, 0>, ap_fixed<21, 5, 5, 3, 0>, config33>|  return value|
|ap_return_272  |  out|   21|  ap_ctrl_hs|  normalize<ap_fixed<11, 7, 4, 0, 0>, ap_fixed<21, 5, 5, 3, 0>, config33>|  return value|
|ap_return_273  |  out|   21|  ap_ctrl_hs|  normalize<ap_fixed<11, 7, 4, 0, 0>, ap_fixed<21, 5, 5, 3, 0>, config33>|  return value|
|ap_return_274  |  out|   21|  ap_ctrl_hs|  normalize<ap_fixed<11, 7, 4, 0, 0>, ap_fixed<21, 5, 5, 3, 0>, config33>|  return value|
|ap_return_275  |  out|   21|  ap_ctrl_hs|  normalize<ap_fixed<11, 7, 4, 0, 0>, ap_fixed<21, 5, 5, 3, 0>, config33>|  return value|
|ap_return_276  |  out|   21|  ap_ctrl_hs|  normalize<ap_fixed<11, 7, 4, 0, 0>, ap_fixed<21, 5, 5, 3, 0>, config33>|  return value|
|ap_return_277  |  out|   21|  ap_ctrl_hs|  normalize<ap_fixed<11, 7, 4, 0, 0>, ap_fixed<21, 5, 5, 3, 0>, config33>|  return value|
|ap_return_278  |  out|   21|  ap_ctrl_hs|  normalize<ap_fixed<11, 7, 4, 0, 0>, ap_fixed<21, 5, 5, 3, 0>, config33>|  return value|
|ap_return_279  |  out|   21|  ap_ctrl_hs|  normalize<ap_fixed<11, 7, 4, 0, 0>, ap_fixed<21, 5, 5, 3, 0>, config33>|  return value|
|ap_return_280  |  out|   21|  ap_ctrl_hs|  normalize<ap_fixed<11, 7, 4, 0, 0>, ap_fixed<21, 5, 5, 3, 0>, config33>|  return value|
|ap_return_281  |  out|   21|  ap_ctrl_hs|  normalize<ap_fixed<11, 7, 4, 0, 0>, ap_fixed<21, 5, 5, 3, 0>, config33>|  return value|
|ap_return_282  |  out|   21|  ap_ctrl_hs|  normalize<ap_fixed<11, 7, 4, 0, 0>, ap_fixed<21, 5, 5, 3, 0>, config33>|  return value|
|ap_return_283  |  out|   21|  ap_ctrl_hs|  normalize<ap_fixed<11, 7, 4, 0, 0>, ap_fixed<21, 5, 5, 3, 0>, config33>|  return value|
|ap_return_284  |  out|   21|  ap_ctrl_hs|  normalize<ap_fixed<11, 7, 4, 0, 0>, ap_fixed<21, 5, 5, 3, 0>, config33>|  return value|
|ap_return_285  |  out|   21|  ap_ctrl_hs|  normalize<ap_fixed<11, 7, 4, 0, 0>, ap_fixed<21, 5, 5, 3, 0>, config33>|  return value|
|ap_return_286  |  out|   21|  ap_ctrl_hs|  normalize<ap_fixed<11, 7, 4, 0, 0>, ap_fixed<21, 5, 5, 3, 0>, config33>|  return value|
|ap_return_287  |  out|   21|  ap_ctrl_hs|  normalize<ap_fixed<11, 7, 4, 0, 0>, ap_fixed<21, 5, 5, 3, 0>, config33>|  return value|
|ap_return_288  |  out|   21|  ap_ctrl_hs|  normalize<ap_fixed<11, 7, 4, 0, 0>, ap_fixed<21, 5, 5, 3, 0>, config33>|  return value|
|ap_return_289  |  out|   21|  ap_ctrl_hs|  normalize<ap_fixed<11, 7, 4, 0, 0>, ap_fixed<21, 5, 5, 3, 0>, config33>|  return value|
|ap_return_290  |  out|   21|  ap_ctrl_hs|  normalize<ap_fixed<11, 7, 4, 0, 0>, ap_fixed<21, 5, 5, 3, 0>, config33>|  return value|
|ap_return_291  |  out|   21|  ap_ctrl_hs|  normalize<ap_fixed<11, 7, 4, 0, 0>, ap_fixed<21, 5, 5, 3, 0>, config33>|  return value|
|ap_return_292  |  out|   21|  ap_ctrl_hs|  normalize<ap_fixed<11, 7, 4, 0, 0>, ap_fixed<21, 5, 5, 3, 0>, config33>|  return value|
|ap_return_293  |  out|   21|  ap_ctrl_hs|  normalize<ap_fixed<11, 7, 4, 0, 0>, ap_fixed<21, 5, 5, 3, 0>, config33>|  return value|
|ap_return_294  |  out|   21|  ap_ctrl_hs|  normalize<ap_fixed<11, 7, 4, 0, 0>, ap_fixed<21, 5, 5, 3, 0>, config33>|  return value|
|ap_return_295  |  out|   21|  ap_ctrl_hs|  normalize<ap_fixed<11, 7, 4, 0, 0>, ap_fixed<21, 5, 5, 3, 0>, config33>|  return value|
|ap_return_296  |  out|   21|  ap_ctrl_hs|  normalize<ap_fixed<11, 7, 4, 0, 0>, ap_fixed<21, 5, 5, 3, 0>, config33>|  return value|
|ap_return_297  |  out|   21|  ap_ctrl_hs|  normalize<ap_fixed<11, 7, 4, 0, 0>, ap_fixed<21, 5, 5, 3, 0>, config33>|  return value|
|ap_return_298  |  out|   21|  ap_ctrl_hs|  normalize<ap_fixed<11, 7, 4, 0, 0>, ap_fixed<21, 5, 5, 3, 0>, config33>|  return value|
|ap_return_299  |  out|   21|  ap_ctrl_hs|  normalize<ap_fixed<11, 7, 4, 0, 0>, ap_fixed<21, 5, 5, 3, 0>, config33>|  return value|
|ap_return_300  |  out|   21|  ap_ctrl_hs|  normalize<ap_fixed<11, 7, 4, 0, 0>, ap_fixed<21, 5, 5, 3, 0>, config33>|  return value|
|ap_return_301  |  out|   21|  ap_ctrl_hs|  normalize<ap_fixed<11, 7, 4, 0, 0>, ap_fixed<21, 5, 5, 3, 0>, config33>|  return value|
|ap_return_302  |  out|   21|  ap_ctrl_hs|  normalize<ap_fixed<11, 7, 4, 0, 0>, ap_fixed<21, 5, 5, 3, 0>, config33>|  return value|
|ap_return_303  |  out|   21|  ap_ctrl_hs|  normalize<ap_fixed<11, 7, 4, 0, 0>, ap_fixed<21, 5, 5, 3, 0>, config33>|  return value|
|ap_return_304  |  out|   21|  ap_ctrl_hs|  normalize<ap_fixed<11, 7, 4, 0, 0>, ap_fixed<21, 5, 5, 3, 0>, config33>|  return value|
|ap_return_305  |  out|   21|  ap_ctrl_hs|  normalize<ap_fixed<11, 7, 4, 0, 0>, ap_fixed<21, 5, 5, 3, 0>, config33>|  return value|
|ap_return_306  |  out|   21|  ap_ctrl_hs|  normalize<ap_fixed<11, 7, 4, 0, 0>, ap_fixed<21, 5, 5, 3, 0>, config33>|  return value|
|ap_return_307  |  out|   21|  ap_ctrl_hs|  normalize<ap_fixed<11, 7, 4, 0, 0>, ap_fixed<21, 5, 5, 3, 0>, config33>|  return value|
|ap_return_308  |  out|   21|  ap_ctrl_hs|  normalize<ap_fixed<11, 7, 4, 0, 0>, ap_fixed<21, 5, 5, 3, 0>, config33>|  return value|
|ap_return_309  |  out|   21|  ap_ctrl_hs|  normalize<ap_fixed<11, 7, 4, 0, 0>, ap_fixed<21, 5, 5, 3, 0>, config33>|  return value|
|ap_return_310  |  out|   21|  ap_ctrl_hs|  normalize<ap_fixed<11, 7, 4, 0, 0>, ap_fixed<21, 5, 5, 3, 0>, config33>|  return value|
|ap_return_311  |  out|   21|  ap_ctrl_hs|  normalize<ap_fixed<11, 7, 4, 0, 0>, ap_fixed<21, 5, 5, 3, 0>, config33>|  return value|
|ap_return_312  |  out|   21|  ap_ctrl_hs|  normalize<ap_fixed<11, 7, 4, 0, 0>, ap_fixed<21, 5, 5, 3, 0>, config33>|  return value|
|ap_return_313  |  out|   21|  ap_ctrl_hs|  normalize<ap_fixed<11, 7, 4, 0, 0>, ap_fixed<21, 5, 5, 3, 0>, config33>|  return value|
|ap_return_314  |  out|   21|  ap_ctrl_hs|  normalize<ap_fixed<11, 7, 4, 0, 0>, ap_fixed<21, 5, 5, 3, 0>, config33>|  return value|
|ap_return_315  |  out|   21|  ap_ctrl_hs|  normalize<ap_fixed<11, 7, 4, 0, 0>, ap_fixed<21, 5, 5, 3, 0>, config33>|  return value|
|ap_return_316  |  out|   21|  ap_ctrl_hs|  normalize<ap_fixed<11, 7, 4, 0, 0>, ap_fixed<21, 5, 5, 3, 0>, config33>|  return value|
|ap_return_317  |  out|   21|  ap_ctrl_hs|  normalize<ap_fixed<11, 7, 4, 0, 0>, ap_fixed<21, 5, 5, 3, 0>, config33>|  return value|
|ap_return_318  |  out|   21|  ap_ctrl_hs|  normalize<ap_fixed<11, 7, 4, 0, 0>, ap_fixed<21, 5, 5, 3, 0>, config33>|  return value|
|ap_return_319  |  out|   21|  ap_ctrl_hs|  normalize<ap_fixed<11, 7, 4, 0, 0>, ap_fixed<21, 5, 5, 3, 0>, config33>|  return value|
|ap_return_320  |  out|   21|  ap_ctrl_hs|  normalize<ap_fixed<11, 7, 4, 0, 0>, ap_fixed<21, 5, 5, 3, 0>, config33>|  return value|
|ap_return_321  |  out|   21|  ap_ctrl_hs|  normalize<ap_fixed<11, 7, 4, 0, 0>, ap_fixed<21, 5, 5, 3, 0>, config33>|  return value|
|ap_return_322  |  out|   21|  ap_ctrl_hs|  normalize<ap_fixed<11, 7, 4, 0, 0>, ap_fixed<21, 5, 5, 3, 0>, config33>|  return value|
|ap_return_323  |  out|   21|  ap_ctrl_hs|  normalize<ap_fixed<11, 7, 4, 0, 0>, ap_fixed<21, 5, 5, 3, 0>, config33>|  return value|
|ap_return_324  |  out|   21|  ap_ctrl_hs|  normalize<ap_fixed<11, 7, 4, 0, 0>, ap_fixed<21, 5, 5, 3, 0>, config33>|  return value|
|ap_return_325  |  out|   21|  ap_ctrl_hs|  normalize<ap_fixed<11, 7, 4, 0, 0>, ap_fixed<21, 5, 5, 3, 0>, config33>|  return value|
|ap_return_326  |  out|   21|  ap_ctrl_hs|  normalize<ap_fixed<11, 7, 4, 0, 0>, ap_fixed<21, 5, 5, 3, 0>, config33>|  return value|
|ap_return_327  |  out|   21|  ap_ctrl_hs|  normalize<ap_fixed<11, 7, 4, 0, 0>, ap_fixed<21, 5, 5, 3, 0>, config33>|  return value|
|ap_return_328  |  out|   21|  ap_ctrl_hs|  normalize<ap_fixed<11, 7, 4, 0, 0>, ap_fixed<21, 5, 5, 3, 0>, config33>|  return value|
|ap_return_329  |  out|   21|  ap_ctrl_hs|  normalize<ap_fixed<11, 7, 4, 0, 0>, ap_fixed<21, 5, 5, 3, 0>, config33>|  return value|
|ap_return_330  |  out|   21|  ap_ctrl_hs|  normalize<ap_fixed<11, 7, 4, 0, 0>, ap_fixed<21, 5, 5, 3, 0>, config33>|  return value|
|ap_return_331  |  out|   21|  ap_ctrl_hs|  normalize<ap_fixed<11, 7, 4, 0, 0>, ap_fixed<21, 5, 5, 3, 0>, config33>|  return value|
|ap_return_332  |  out|   21|  ap_ctrl_hs|  normalize<ap_fixed<11, 7, 4, 0, 0>, ap_fixed<21, 5, 5, 3, 0>, config33>|  return value|
|ap_return_333  |  out|   21|  ap_ctrl_hs|  normalize<ap_fixed<11, 7, 4, 0, 0>, ap_fixed<21, 5, 5, 3, 0>, config33>|  return value|
|ap_return_334  |  out|   21|  ap_ctrl_hs|  normalize<ap_fixed<11, 7, 4, 0, 0>, ap_fixed<21, 5, 5, 3, 0>, config33>|  return value|
|ap_return_335  |  out|   21|  ap_ctrl_hs|  normalize<ap_fixed<11, 7, 4, 0, 0>, ap_fixed<21, 5, 5, 3, 0>, config33>|  return value|
|ap_return_336  |  out|   21|  ap_ctrl_hs|  normalize<ap_fixed<11, 7, 4, 0, 0>, ap_fixed<21, 5, 5, 3, 0>, config33>|  return value|
|ap_return_337  |  out|   21|  ap_ctrl_hs|  normalize<ap_fixed<11, 7, 4, 0, 0>, ap_fixed<21, 5, 5, 3, 0>, config33>|  return value|
|ap_return_338  |  out|   21|  ap_ctrl_hs|  normalize<ap_fixed<11, 7, 4, 0, 0>, ap_fixed<21, 5, 5, 3, 0>, config33>|  return value|
|ap_return_339  |  out|   21|  ap_ctrl_hs|  normalize<ap_fixed<11, 7, 4, 0, 0>, ap_fixed<21, 5, 5, 3, 0>, config33>|  return value|
|ap_return_340  |  out|   21|  ap_ctrl_hs|  normalize<ap_fixed<11, 7, 4, 0, 0>, ap_fixed<21, 5, 5, 3, 0>, config33>|  return value|
|ap_return_341  |  out|   21|  ap_ctrl_hs|  normalize<ap_fixed<11, 7, 4, 0, 0>, ap_fixed<21, 5, 5, 3, 0>, config33>|  return value|
|ap_return_342  |  out|   21|  ap_ctrl_hs|  normalize<ap_fixed<11, 7, 4, 0, 0>, ap_fixed<21, 5, 5, 3, 0>, config33>|  return value|
|ap_return_343  |  out|   21|  ap_ctrl_hs|  normalize<ap_fixed<11, 7, 4, 0, 0>, ap_fixed<21, 5, 5, 3, 0>, config33>|  return value|
|ap_return_344  |  out|   21|  ap_ctrl_hs|  normalize<ap_fixed<11, 7, 4, 0, 0>, ap_fixed<21, 5, 5, 3, 0>, config33>|  return value|
|ap_return_345  |  out|   21|  ap_ctrl_hs|  normalize<ap_fixed<11, 7, 4, 0, 0>, ap_fixed<21, 5, 5, 3, 0>, config33>|  return value|
|ap_return_346  |  out|   21|  ap_ctrl_hs|  normalize<ap_fixed<11, 7, 4, 0, 0>, ap_fixed<21, 5, 5, 3, 0>, config33>|  return value|
|ap_return_347  |  out|   21|  ap_ctrl_hs|  normalize<ap_fixed<11, 7, 4, 0, 0>, ap_fixed<21, 5, 5, 3, 0>, config33>|  return value|
|ap_return_348  |  out|   21|  ap_ctrl_hs|  normalize<ap_fixed<11, 7, 4, 0, 0>, ap_fixed<21, 5, 5, 3, 0>, config33>|  return value|
|ap_return_349  |  out|   21|  ap_ctrl_hs|  normalize<ap_fixed<11, 7, 4, 0, 0>, ap_fixed<21, 5, 5, 3, 0>, config33>|  return value|
|ap_return_350  |  out|   21|  ap_ctrl_hs|  normalize<ap_fixed<11, 7, 4, 0, 0>, ap_fixed<21, 5, 5, 3, 0>, config33>|  return value|
|ap_return_351  |  out|   21|  ap_ctrl_hs|  normalize<ap_fixed<11, 7, 4, 0, 0>, ap_fixed<21, 5, 5, 3, 0>, config33>|  return value|
|ap_return_352  |  out|   21|  ap_ctrl_hs|  normalize<ap_fixed<11, 7, 4, 0, 0>, ap_fixed<21, 5, 5, 3, 0>, config33>|  return value|
|ap_return_353  |  out|   21|  ap_ctrl_hs|  normalize<ap_fixed<11, 7, 4, 0, 0>, ap_fixed<21, 5, 5, 3, 0>, config33>|  return value|
|ap_return_354  |  out|   21|  ap_ctrl_hs|  normalize<ap_fixed<11, 7, 4, 0, 0>, ap_fixed<21, 5, 5, 3, 0>, config33>|  return value|
|ap_return_355  |  out|   21|  ap_ctrl_hs|  normalize<ap_fixed<11, 7, 4, 0, 0>, ap_fixed<21, 5, 5, 3, 0>, config33>|  return value|
|ap_return_356  |  out|   21|  ap_ctrl_hs|  normalize<ap_fixed<11, 7, 4, 0, 0>, ap_fixed<21, 5, 5, 3, 0>, config33>|  return value|
|ap_return_357  |  out|   21|  ap_ctrl_hs|  normalize<ap_fixed<11, 7, 4, 0, 0>, ap_fixed<21, 5, 5, 3, 0>, config33>|  return value|
|ap_return_358  |  out|   21|  ap_ctrl_hs|  normalize<ap_fixed<11, 7, 4, 0, 0>, ap_fixed<21, 5, 5, 3, 0>, config33>|  return value|
|ap_return_359  |  out|   21|  ap_ctrl_hs|  normalize<ap_fixed<11, 7, 4, 0, 0>, ap_fixed<21, 5, 5, 3, 0>, config33>|  return value|
|ap_return_360  |  out|   21|  ap_ctrl_hs|  normalize<ap_fixed<11, 7, 4, 0, 0>, ap_fixed<21, 5, 5, 3, 0>, config33>|  return value|
|ap_return_361  |  out|   21|  ap_ctrl_hs|  normalize<ap_fixed<11, 7, 4, 0, 0>, ap_fixed<21, 5, 5, 3, 0>, config33>|  return value|
|ap_return_362  |  out|   21|  ap_ctrl_hs|  normalize<ap_fixed<11, 7, 4, 0, 0>, ap_fixed<21, 5, 5, 3, 0>, config33>|  return value|
|ap_return_363  |  out|   21|  ap_ctrl_hs|  normalize<ap_fixed<11, 7, 4, 0, 0>, ap_fixed<21, 5, 5, 3, 0>, config33>|  return value|
|ap_return_364  |  out|   21|  ap_ctrl_hs|  normalize<ap_fixed<11, 7, 4, 0, 0>, ap_fixed<21, 5, 5, 3, 0>, config33>|  return value|
|ap_return_365  |  out|   21|  ap_ctrl_hs|  normalize<ap_fixed<11, 7, 4, 0, 0>, ap_fixed<21, 5, 5, 3, 0>, config33>|  return value|
|ap_return_366  |  out|   21|  ap_ctrl_hs|  normalize<ap_fixed<11, 7, 4, 0, 0>, ap_fixed<21, 5, 5, 3, 0>, config33>|  return value|
|ap_return_367  |  out|   21|  ap_ctrl_hs|  normalize<ap_fixed<11, 7, 4, 0, 0>, ap_fixed<21, 5, 5, 3, 0>, config33>|  return value|
|ap_return_368  |  out|   21|  ap_ctrl_hs|  normalize<ap_fixed<11, 7, 4, 0, 0>, ap_fixed<21, 5, 5, 3, 0>, config33>|  return value|
|ap_return_369  |  out|   21|  ap_ctrl_hs|  normalize<ap_fixed<11, 7, 4, 0, 0>, ap_fixed<21, 5, 5, 3, 0>, config33>|  return value|
|ap_return_370  |  out|   21|  ap_ctrl_hs|  normalize<ap_fixed<11, 7, 4, 0, 0>, ap_fixed<21, 5, 5, 3, 0>, config33>|  return value|
|ap_return_371  |  out|   21|  ap_ctrl_hs|  normalize<ap_fixed<11, 7, 4, 0, 0>, ap_fixed<21, 5, 5, 3, 0>, config33>|  return value|
|ap_return_372  |  out|   21|  ap_ctrl_hs|  normalize<ap_fixed<11, 7, 4, 0, 0>, ap_fixed<21, 5, 5, 3, 0>, config33>|  return value|
|ap_return_373  |  out|   21|  ap_ctrl_hs|  normalize<ap_fixed<11, 7, 4, 0, 0>, ap_fixed<21, 5, 5, 3, 0>, config33>|  return value|
|ap_return_374  |  out|   21|  ap_ctrl_hs|  normalize<ap_fixed<11, 7, 4, 0, 0>, ap_fixed<21, 5, 5, 3, 0>, config33>|  return value|
|ap_return_375  |  out|   21|  ap_ctrl_hs|  normalize<ap_fixed<11, 7, 4, 0, 0>, ap_fixed<21, 5, 5, 3, 0>, config33>|  return value|
|ap_return_376  |  out|   21|  ap_ctrl_hs|  normalize<ap_fixed<11, 7, 4, 0, 0>, ap_fixed<21, 5, 5, 3, 0>, config33>|  return value|
|ap_return_377  |  out|   21|  ap_ctrl_hs|  normalize<ap_fixed<11, 7, 4, 0, 0>, ap_fixed<21, 5, 5, 3, 0>, config33>|  return value|
|ap_return_378  |  out|   21|  ap_ctrl_hs|  normalize<ap_fixed<11, 7, 4, 0, 0>, ap_fixed<21, 5, 5, 3, 0>, config33>|  return value|
|ap_return_379  |  out|   21|  ap_ctrl_hs|  normalize<ap_fixed<11, 7, 4, 0, 0>, ap_fixed<21, 5, 5, 3, 0>, config33>|  return value|
|ap_return_380  |  out|   21|  ap_ctrl_hs|  normalize<ap_fixed<11, 7, 4, 0, 0>, ap_fixed<21, 5, 5, 3, 0>, config33>|  return value|
|ap_return_381  |  out|   21|  ap_ctrl_hs|  normalize<ap_fixed<11, 7, 4, 0, 0>, ap_fixed<21, 5, 5, 3, 0>, config33>|  return value|
|ap_return_382  |  out|   21|  ap_ctrl_hs|  normalize<ap_fixed<11, 7, 4, 0, 0>, ap_fixed<21, 5, 5, 3, 0>, config33>|  return value|
|ap_return_383  |  out|   21|  ap_ctrl_hs|  normalize<ap_fixed<11, 7, 4, 0, 0>, ap_fixed<21, 5, 5, 3, 0>, config33>|  return value|
|ap_return_384  |  out|   21|  ap_ctrl_hs|  normalize<ap_fixed<11, 7, 4, 0, 0>, ap_fixed<21, 5, 5, 3, 0>, config33>|  return value|
|ap_return_385  |  out|   21|  ap_ctrl_hs|  normalize<ap_fixed<11, 7, 4, 0, 0>, ap_fixed<21, 5, 5, 3, 0>, config33>|  return value|
|ap_return_386  |  out|   21|  ap_ctrl_hs|  normalize<ap_fixed<11, 7, 4, 0, 0>, ap_fixed<21, 5, 5, 3, 0>, config33>|  return value|
|ap_return_387  |  out|   21|  ap_ctrl_hs|  normalize<ap_fixed<11, 7, 4, 0, 0>, ap_fixed<21, 5, 5, 3, 0>, config33>|  return value|
|ap_return_388  |  out|   21|  ap_ctrl_hs|  normalize<ap_fixed<11, 7, 4, 0, 0>, ap_fixed<21, 5, 5, 3, 0>, config33>|  return value|
|ap_return_389  |  out|   21|  ap_ctrl_hs|  normalize<ap_fixed<11, 7, 4, 0, 0>, ap_fixed<21, 5, 5, 3, 0>, config33>|  return value|
|ap_return_390  |  out|   21|  ap_ctrl_hs|  normalize<ap_fixed<11, 7, 4, 0, 0>, ap_fixed<21, 5, 5, 3, 0>, config33>|  return value|
|ap_return_391  |  out|   21|  ap_ctrl_hs|  normalize<ap_fixed<11, 7, 4, 0, 0>, ap_fixed<21, 5, 5, 3, 0>, config33>|  return value|
|ap_return_392  |  out|   21|  ap_ctrl_hs|  normalize<ap_fixed<11, 7, 4, 0, 0>, ap_fixed<21, 5, 5, 3, 0>, config33>|  return value|
|ap_return_393  |  out|   21|  ap_ctrl_hs|  normalize<ap_fixed<11, 7, 4, 0, 0>, ap_fixed<21, 5, 5, 3, 0>, config33>|  return value|
|ap_return_394  |  out|   21|  ap_ctrl_hs|  normalize<ap_fixed<11, 7, 4, 0, 0>, ap_fixed<21, 5, 5, 3, 0>, config33>|  return value|
|ap_return_395  |  out|   21|  ap_ctrl_hs|  normalize<ap_fixed<11, 7, 4, 0, 0>, ap_fixed<21, 5, 5, 3, 0>, config33>|  return value|
|ap_return_396  |  out|   21|  ap_ctrl_hs|  normalize<ap_fixed<11, 7, 4, 0, 0>, ap_fixed<21, 5, 5, 3, 0>, config33>|  return value|
|ap_return_397  |  out|   21|  ap_ctrl_hs|  normalize<ap_fixed<11, 7, 4, 0, 0>, ap_fixed<21, 5, 5, 3, 0>, config33>|  return value|
|ap_return_398  |  out|   21|  ap_ctrl_hs|  normalize<ap_fixed<11, 7, 4, 0, 0>, ap_fixed<21, 5, 5, 3, 0>, config33>|  return value|
|ap_return_399  |  out|   21|  ap_ctrl_hs|  normalize<ap_fixed<11, 7, 4, 0, 0>, ap_fixed<21, 5, 5, 3, 0>, config33>|  return value|
|ap_return_400  |  out|   21|  ap_ctrl_hs|  normalize<ap_fixed<11, 7, 4, 0, 0>, ap_fixed<21, 5, 5, 3, 0>, config33>|  return value|
|ap_return_401  |  out|   21|  ap_ctrl_hs|  normalize<ap_fixed<11, 7, 4, 0, 0>, ap_fixed<21, 5, 5, 3, 0>, config33>|  return value|
|ap_return_402  |  out|   21|  ap_ctrl_hs|  normalize<ap_fixed<11, 7, 4, 0, 0>, ap_fixed<21, 5, 5, 3, 0>, config33>|  return value|
|ap_return_403  |  out|   21|  ap_ctrl_hs|  normalize<ap_fixed<11, 7, 4, 0, 0>, ap_fixed<21, 5, 5, 3, 0>, config33>|  return value|
|ap_return_404  |  out|   21|  ap_ctrl_hs|  normalize<ap_fixed<11, 7, 4, 0, 0>, ap_fixed<21, 5, 5, 3, 0>, config33>|  return value|
|ap_return_405  |  out|   21|  ap_ctrl_hs|  normalize<ap_fixed<11, 7, 4, 0, 0>, ap_fixed<21, 5, 5, 3, 0>, config33>|  return value|
|ap_return_406  |  out|   21|  ap_ctrl_hs|  normalize<ap_fixed<11, 7, 4, 0, 0>, ap_fixed<21, 5, 5, 3, 0>, config33>|  return value|
|ap_return_407  |  out|   21|  ap_ctrl_hs|  normalize<ap_fixed<11, 7, 4, 0, 0>, ap_fixed<21, 5, 5, 3, 0>, config33>|  return value|
|ap_return_408  |  out|   21|  ap_ctrl_hs|  normalize<ap_fixed<11, 7, 4, 0, 0>, ap_fixed<21, 5, 5, 3, 0>, config33>|  return value|
|ap_return_409  |  out|   21|  ap_ctrl_hs|  normalize<ap_fixed<11, 7, 4, 0, 0>, ap_fixed<21, 5, 5, 3, 0>, config33>|  return value|
|ap_return_410  |  out|   21|  ap_ctrl_hs|  normalize<ap_fixed<11, 7, 4, 0, 0>, ap_fixed<21, 5, 5, 3, 0>, config33>|  return value|
|ap_return_411  |  out|   21|  ap_ctrl_hs|  normalize<ap_fixed<11, 7, 4, 0, 0>, ap_fixed<21, 5, 5, 3, 0>, config33>|  return value|
|ap_return_412  |  out|   21|  ap_ctrl_hs|  normalize<ap_fixed<11, 7, 4, 0, 0>, ap_fixed<21, 5, 5, 3, 0>, config33>|  return value|
|ap_return_413  |  out|   21|  ap_ctrl_hs|  normalize<ap_fixed<11, 7, 4, 0, 0>, ap_fixed<21, 5, 5, 3, 0>, config33>|  return value|
|ap_return_414  |  out|   21|  ap_ctrl_hs|  normalize<ap_fixed<11, 7, 4, 0, 0>, ap_fixed<21, 5, 5, 3, 0>, config33>|  return value|
|ap_return_415  |  out|   21|  ap_ctrl_hs|  normalize<ap_fixed<11, 7, 4, 0, 0>, ap_fixed<21, 5, 5, 3, 0>, config33>|  return value|
|ap_return_416  |  out|   21|  ap_ctrl_hs|  normalize<ap_fixed<11, 7, 4, 0, 0>, ap_fixed<21, 5, 5, 3, 0>, config33>|  return value|
|ap_return_417  |  out|   21|  ap_ctrl_hs|  normalize<ap_fixed<11, 7, 4, 0, 0>, ap_fixed<21, 5, 5, 3, 0>, config33>|  return value|
|ap_return_418  |  out|   21|  ap_ctrl_hs|  normalize<ap_fixed<11, 7, 4, 0, 0>, ap_fixed<21, 5, 5, 3, 0>, config33>|  return value|
|ap_return_419  |  out|   21|  ap_ctrl_hs|  normalize<ap_fixed<11, 7, 4, 0, 0>, ap_fixed<21, 5, 5, 3, 0>, config33>|  return value|
|ap_return_420  |  out|   21|  ap_ctrl_hs|  normalize<ap_fixed<11, 7, 4, 0, 0>, ap_fixed<21, 5, 5, 3, 0>, config33>|  return value|
|ap_return_421  |  out|   21|  ap_ctrl_hs|  normalize<ap_fixed<11, 7, 4, 0, 0>, ap_fixed<21, 5, 5, 3, 0>, config33>|  return value|
|ap_return_422  |  out|   21|  ap_ctrl_hs|  normalize<ap_fixed<11, 7, 4, 0, 0>, ap_fixed<21, 5, 5, 3, 0>, config33>|  return value|
|ap_return_423  |  out|   21|  ap_ctrl_hs|  normalize<ap_fixed<11, 7, 4, 0, 0>, ap_fixed<21, 5, 5, 3, 0>, config33>|  return value|
|ap_return_424  |  out|   21|  ap_ctrl_hs|  normalize<ap_fixed<11, 7, 4, 0, 0>, ap_fixed<21, 5, 5, 3, 0>, config33>|  return value|
|ap_return_425  |  out|   21|  ap_ctrl_hs|  normalize<ap_fixed<11, 7, 4, 0, 0>, ap_fixed<21, 5, 5, 3, 0>, config33>|  return value|
|ap_return_426  |  out|   21|  ap_ctrl_hs|  normalize<ap_fixed<11, 7, 4, 0, 0>, ap_fixed<21, 5, 5, 3, 0>, config33>|  return value|
|ap_return_427  |  out|   21|  ap_ctrl_hs|  normalize<ap_fixed<11, 7, 4, 0, 0>, ap_fixed<21, 5, 5, 3, 0>, config33>|  return value|
|ap_return_428  |  out|   21|  ap_ctrl_hs|  normalize<ap_fixed<11, 7, 4, 0, 0>, ap_fixed<21, 5, 5, 3, 0>, config33>|  return value|
|ap_return_429  |  out|   21|  ap_ctrl_hs|  normalize<ap_fixed<11, 7, 4, 0, 0>, ap_fixed<21, 5, 5, 3, 0>, config33>|  return value|
|ap_return_430  |  out|   21|  ap_ctrl_hs|  normalize<ap_fixed<11, 7, 4, 0, 0>, ap_fixed<21, 5, 5, 3, 0>, config33>|  return value|
|ap_return_431  |  out|   21|  ap_ctrl_hs|  normalize<ap_fixed<11, 7, 4, 0, 0>, ap_fixed<21, 5, 5, 3, 0>, config33>|  return value|
|ap_return_432  |  out|   21|  ap_ctrl_hs|  normalize<ap_fixed<11, 7, 4, 0, 0>, ap_fixed<21, 5, 5, 3, 0>, config33>|  return value|
|ap_return_433  |  out|   21|  ap_ctrl_hs|  normalize<ap_fixed<11, 7, 4, 0, 0>, ap_fixed<21, 5, 5, 3, 0>, config33>|  return value|
|ap_return_434  |  out|   21|  ap_ctrl_hs|  normalize<ap_fixed<11, 7, 4, 0, 0>, ap_fixed<21, 5, 5, 3, 0>, config33>|  return value|
|ap_return_435  |  out|   21|  ap_ctrl_hs|  normalize<ap_fixed<11, 7, 4, 0, 0>, ap_fixed<21, 5, 5, 3, 0>, config33>|  return value|
|ap_return_436  |  out|   21|  ap_ctrl_hs|  normalize<ap_fixed<11, 7, 4, 0, 0>, ap_fixed<21, 5, 5, 3, 0>, config33>|  return value|
|ap_return_437  |  out|   21|  ap_ctrl_hs|  normalize<ap_fixed<11, 7, 4, 0, 0>, ap_fixed<21, 5, 5, 3, 0>, config33>|  return value|
|ap_return_438  |  out|   21|  ap_ctrl_hs|  normalize<ap_fixed<11, 7, 4, 0, 0>, ap_fixed<21, 5, 5, 3, 0>, config33>|  return value|
|ap_return_439  |  out|   21|  ap_ctrl_hs|  normalize<ap_fixed<11, 7, 4, 0, 0>, ap_fixed<21, 5, 5, 3, 0>, config33>|  return value|
|ap_return_440  |  out|   21|  ap_ctrl_hs|  normalize<ap_fixed<11, 7, 4, 0, 0>, ap_fixed<21, 5, 5, 3, 0>, config33>|  return value|
|ap_return_441  |  out|   21|  ap_ctrl_hs|  normalize<ap_fixed<11, 7, 4, 0, 0>, ap_fixed<21, 5, 5, 3, 0>, config33>|  return value|
|ap_return_442  |  out|   21|  ap_ctrl_hs|  normalize<ap_fixed<11, 7, 4, 0, 0>, ap_fixed<21, 5, 5, 3, 0>, config33>|  return value|
|ap_return_443  |  out|   21|  ap_ctrl_hs|  normalize<ap_fixed<11, 7, 4, 0, 0>, ap_fixed<21, 5, 5, 3, 0>, config33>|  return value|
|ap_return_444  |  out|   21|  ap_ctrl_hs|  normalize<ap_fixed<11, 7, 4, 0, 0>, ap_fixed<21, 5, 5, 3, 0>, config33>|  return value|
|ap_return_445  |  out|   21|  ap_ctrl_hs|  normalize<ap_fixed<11, 7, 4, 0, 0>, ap_fixed<21, 5, 5, 3, 0>, config33>|  return value|
|ap_return_446  |  out|   21|  ap_ctrl_hs|  normalize<ap_fixed<11, 7, 4, 0, 0>, ap_fixed<21, 5, 5, 3, 0>, config33>|  return value|
|ap_return_447  |  out|   21|  ap_ctrl_hs|  normalize<ap_fixed<11, 7, 4, 0, 0>, ap_fixed<21, 5, 5, 3, 0>, config33>|  return value|
|ap_return_448  |  out|   21|  ap_ctrl_hs|  normalize<ap_fixed<11, 7, 4, 0, 0>, ap_fixed<21, 5, 5, 3, 0>, config33>|  return value|
|ap_return_449  |  out|   21|  ap_ctrl_hs|  normalize<ap_fixed<11, 7, 4, 0, 0>, ap_fixed<21, 5, 5, 3, 0>, config33>|  return value|
|ap_return_450  |  out|   21|  ap_ctrl_hs|  normalize<ap_fixed<11, 7, 4, 0, 0>, ap_fixed<21, 5, 5, 3, 0>, config33>|  return value|
|ap_return_451  |  out|   21|  ap_ctrl_hs|  normalize<ap_fixed<11, 7, 4, 0, 0>, ap_fixed<21, 5, 5, 3, 0>, config33>|  return value|
|ap_return_452  |  out|   21|  ap_ctrl_hs|  normalize<ap_fixed<11, 7, 4, 0, 0>, ap_fixed<21, 5, 5, 3, 0>, config33>|  return value|
|ap_return_453  |  out|   21|  ap_ctrl_hs|  normalize<ap_fixed<11, 7, 4, 0, 0>, ap_fixed<21, 5, 5, 3, 0>, config33>|  return value|
|ap_return_454  |  out|   21|  ap_ctrl_hs|  normalize<ap_fixed<11, 7, 4, 0, 0>, ap_fixed<21, 5, 5, 3, 0>, config33>|  return value|
|ap_return_455  |  out|   21|  ap_ctrl_hs|  normalize<ap_fixed<11, 7, 4, 0, 0>, ap_fixed<21, 5, 5, 3, 0>, config33>|  return value|
|ap_return_456  |  out|   21|  ap_ctrl_hs|  normalize<ap_fixed<11, 7, 4, 0, 0>, ap_fixed<21, 5, 5, 3, 0>, config33>|  return value|
|ap_return_457  |  out|   21|  ap_ctrl_hs|  normalize<ap_fixed<11, 7, 4, 0, 0>, ap_fixed<21, 5, 5, 3, 0>, config33>|  return value|
|ap_return_458  |  out|   21|  ap_ctrl_hs|  normalize<ap_fixed<11, 7, 4, 0, 0>, ap_fixed<21, 5, 5, 3, 0>, config33>|  return value|
|ap_return_459  |  out|   21|  ap_ctrl_hs|  normalize<ap_fixed<11, 7, 4, 0, 0>, ap_fixed<21, 5, 5, 3, 0>, config33>|  return value|
|ap_return_460  |  out|   21|  ap_ctrl_hs|  normalize<ap_fixed<11, 7, 4, 0, 0>, ap_fixed<21, 5, 5, 3, 0>, config33>|  return value|
|ap_return_461  |  out|   21|  ap_ctrl_hs|  normalize<ap_fixed<11, 7, 4, 0, 0>, ap_fixed<21, 5, 5, 3, 0>, config33>|  return value|
|ap_return_462  |  out|   21|  ap_ctrl_hs|  normalize<ap_fixed<11, 7, 4, 0, 0>, ap_fixed<21, 5, 5, 3, 0>, config33>|  return value|
|ap_return_463  |  out|   21|  ap_ctrl_hs|  normalize<ap_fixed<11, 7, 4, 0, 0>, ap_fixed<21, 5, 5, 3, 0>, config33>|  return value|
|ap_return_464  |  out|   21|  ap_ctrl_hs|  normalize<ap_fixed<11, 7, 4, 0, 0>, ap_fixed<21, 5, 5, 3, 0>, config33>|  return value|
|ap_return_465  |  out|   21|  ap_ctrl_hs|  normalize<ap_fixed<11, 7, 4, 0, 0>, ap_fixed<21, 5, 5, 3, 0>, config33>|  return value|
|ap_return_466  |  out|   21|  ap_ctrl_hs|  normalize<ap_fixed<11, 7, 4, 0, 0>, ap_fixed<21, 5, 5, 3, 0>, config33>|  return value|
|ap_return_467  |  out|   21|  ap_ctrl_hs|  normalize<ap_fixed<11, 7, 4, 0, 0>, ap_fixed<21, 5, 5, 3, 0>, config33>|  return value|
|ap_return_468  |  out|   21|  ap_ctrl_hs|  normalize<ap_fixed<11, 7, 4, 0, 0>, ap_fixed<21, 5, 5, 3, 0>, config33>|  return value|
|ap_return_469  |  out|   21|  ap_ctrl_hs|  normalize<ap_fixed<11, 7, 4, 0, 0>, ap_fixed<21, 5, 5, 3, 0>, config33>|  return value|
|ap_return_470  |  out|   21|  ap_ctrl_hs|  normalize<ap_fixed<11, 7, 4, 0, 0>, ap_fixed<21, 5, 5, 3, 0>, config33>|  return value|
|ap_return_471  |  out|   21|  ap_ctrl_hs|  normalize<ap_fixed<11, 7, 4, 0, 0>, ap_fixed<21, 5, 5, 3, 0>, config33>|  return value|
|ap_return_472  |  out|   21|  ap_ctrl_hs|  normalize<ap_fixed<11, 7, 4, 0, 0>, ap_fixed<21, 5, 5, 3, 0>, config33>|  return value|
|ap_return_473  |  out|   21|  ap_ctrl_hs|  normalize<ap_fixed<11, 7, 4, 0, 0>, ap_fixed<21, 5, 5, 3, 0>, config33>|  return value|
|ap_return_474  |  out|   21|  ap_ctrl_hs|  normalize<ap_fixed<11, 7, 4, 0, 0>, ap_fixed<21, 5, 5, 3, 0>, config33>|  return value|
|ap_return_475  |  out|   21|  ap_ctrl_hs|  normalize<ap_fixed<11, 7, 4, 0, 0>, ap_fixed<21, 5, 5, 3, 0>, config33>|  return value|
|ap_return_476  |  out|   21|  ap_ctrl_hs|  normalize<ap_fixed<11, 7, 4, 0, 0>, ap_fixed<21, 5, 5, 3, 0>, config33>|  return value|
|ap_return_477  |  out|   21|  ap_ctrl_hs|  normalize<ap_fixed<11, 7, 4, 0, 0>, ap_fixed<21, 5, 5, 3, 0>, config33>|  return value|
|ap_return_478  |  out|   21|  ap_ctrl_hs|  normalize<ap_fixed<11, 7, 4, 0, 0>, ap_fixed<21, 5, 5, 3, 0>, config33>|  return value|
|ap_return_479  |  out|   21|  ap_ctrl_hs|  normalize<ap_fixed<11, 7, 4, 0, 0>, ap_fixed<21, 5, 5, 3, 0>, config33>|  return value|
|ap_return_480  |  out|   21|  ap_ctrl_hs|  normalize<ap_fixed<11, 7, 4, 0, 0>, ap_fixed<21, 5, 5, 3, 0>, config33>|  return value|
|ap_return_481  |  out|   21|  ap_ctrl_hs|  normalize<ap_fixed<11, 7, 4, 0, 0>, ap_fixed<21, 5, 5, 3, 0>, config33>|  return value|
|ap_return_482  |  out|   21|  ap_ctrl_hs|  normalize<ap_fixed<11, 7, 4, 0, 0>, ap_fixed<21, 5, 5, 3, 0>, config33>|  return value|
|ap_return_483  |  out|   21|  ap_ctrl_hs|  normalize<ap_fixed<11, 7, 4, 0, 0>, ap_fixed<21, 5, 5, 3, 0>, config33>|  return value|
|ap_return_484  |  out|   21|  ap_ctrl_hs|  normalize<ap_fixed<11, 7, 4, 0, 0>, ap_fixed<21, 5, 5, 3, 0>, config33>|  return value|
|ap_return_485  |  out|   21|  ap_ctrl_hs|  normalize<ap_fixed<11, 7, 4, 0, 0>, ap_fixed<21, 5, 5, 3, 0>, config33>|  return value|
|ap_return_486  |  out|   21|  ap_ctrl_hs|  normalize<ap_fixed<11, 7, 4, 0, 0>, ap_fixed<21, 5, 5, 3, 0>, config33>|  return value|
|ap_return_487  |  out|   21|  ap_ctrl_hs|  normalize<ap_fixed<11, 7, 4, 0, 0>, ap_fixed<21, 5, 5, 3, 0>, config33>|  return value|
|ap_return_488  |  out|   21|  ap_ctrl_hs|  normalize<ap_fixed<11, 7, 4, 0, 0>, ap_fixed<21, 5, 5, 3, 0>, config33>|  return value|
|ap_return_489  |  out|   21|  ap_ctrl_hs|  normalize<ap_fixed<11, 7, 4, 0, 0>, ap_fixed<21, 5, 5, 3, 0>, config33>|  return value|
|ap_return_490  |  out|   21|  ap_ctrl_hs|  normalize<ap_fixed<11, 7, 4, 0, 0>, ap_fixed<21, 5, 5, 3, 0>, config33>|  return value|
|ap_return_491  |  out|   21|  ap_ctrl_hs|  normalize<ap_fixed<11, 7, 4, 0, 0>, ap_fixed<21, 5, 5, 3, 0>, config33>|  return value|
|ap_return_492  |  out|   21|  ap_ctrl_hs|  normalize<ap_fixed<11, 7, 4, 0, 0>, ap_fixed<21, 5, 5, 3, 0>, config33>|  return value|
|ap_return_493  |  out|   21|  ap_ctrl_hs|  normalize<ap_fixed<11, 7, 4, 0, 0>, ap_fixed<21, 5, 5, 3, 0>, config33>|  return value|
|ap_return_494  |  out|   21|  ap_ctrl_hs|  normalize<ap_fixed<11, 7, 4, 0, 0>, ap_fixed<21, 5, 5, 3, 0>, config33>|  return value|
|ap_return_495  |  out|   21|  ap_ctrl_hs|  normalize<ap_fixed<11, 7, 4, 0, 0>, ap_fixed<21, 5, 5, 3, 0>, config33>|  return value|
|ap_return_496  |  out|   21|  ap_ctrl_hs|  normalize<ap_fixed<11, 7, 4, 0, 0>, ap_fixed<21, 5, 5, 3, 0>, config33>|  return value|
|ap_return_497  |  out|   21|  ap_ctrl_hs|  normalize<ap_fixed<11, 7, 4, 0, 0>, ap_fixed<21, 5, 5, 3, 0>, config33>|  return value|
|ap_return_498  |  out|   21|  ap_ctrl_hs|  normalize<ap_fixed<11, 7, 4, 0, 0>, ap_fixed<21, 5, 5, 3, 0>, config33>|  return value|
|ap_return_499  |  out|   21|  ap_ctrl_hs|  normalize<ap_fixed<11, 7, 4, 0, 0>, ap_fixed<21, 5, 5, 3, 0>, config33>|  return value|
|ap_return_500  |  out|   21|  ap_ctrl_hs|  normalize<ap_fixed<11, 7, 4, 0, 0>, ap_fixed<21, 5, 5, 3, 0>, config33>|  return value|
|ap_return_501  |  out|   21|  ap_ctrl_hs|  normalize<ap_fixed<11, 7, 4, 0, 0>, ap_fixed<21, 5, 5, 3, 0>, config33>|  return value|
|ap_return_502  |  out|   21|  ap_ctrl_hs|  normalize<ap_fixed<11, 7, 4, 0, 0>, ap_fixed<21, 5, 5, 3, 0>, config33>|  return value|
|ap_return_503  |  out|   21|  ap_ctrl_hs|  normalize<ap_fixed<11, 7, 4, 0, 0>, ap_fixed<21, 5, 5, 3, 0>, config33>|  return value|
|ap_return_504  |  out|   21|  ap_ctrl_hs|  normalize<ap_fixed<11, 7, 4, 0, 0>, ap_fixed<21, 5, 5, 3, 0>, config33>|  return value|
|ap_return_505  |  out|   21|  ap_ctrl_hs|  normalize<ap_fixed<11, 7, 4, 0, 0>, ap_fixed<21, 5, 5, 3, 0>, config33>|  return value|
|ap_return_506  |  out|   21|  ap_ctrl_hs|  normalize<ap_fixed<11, 7, 4, 0, 0>, ap_fixed<21, 5, 5, 3, 0>, config33>|  return value|
|ap_return_507  |  out|   21|  ap_ctrl_hs|  normalize<ap_fixed<11, 7, 4, 0, 0>, ap_fixed<21, 5, 5, 3, 0>, config33>|  return value|
|ap_return_508  |  out|   21|  ap_ctrl_hs|  normalize<ap_fixed<11, 7, 4, 0, 0>, ap_fixed<21, 5, 5, 3, 0>, config33>|  return value|
|ap_return_509  |  out|   21|  ap_ctrl_hs|  normalize<ap_fixed<11, 7, 4, 0, 0>, ap_fixed<21, 5, 5, 3, 0>, config33>|  return value|
|ap_return_510  |  out|   21|  ap_ctrl_hs|  normalize<ap_fixed<11, 7, 4, 0, 0>, ap_fixed<21, 5, 5, 3, 0>, config33>|  return value|
|ap_return_511  |  out|   21|  ap_ctrl_hs|  normalize<ap_fixed<11, 7, 4, 0, 0>, ap_fixed<21, 5, 5, 3, 0>, config33>|  return value|
|ap_ce          |   in|    1|  ap_ctrl_hs|  normalize<ap_fixed<11, 7, 4, 0, 0>, ap_fixed<21, 5, 5, 3, 0>, config33>|  return value|
|data_0_val     |   in|   11|     ap_none|                                                               data_0_val|        scalar|
|data_1_val     |   in|   11|     ap_none|                                                               data_1_val|        scalar|
|data_2_val     |   in|   11|     ap_none|                                                               data_2_val|        scalar|
|data_3_val     |   in|   11|     ap_none|                                                               data_3_val|        scalar|
|data_4_val     |   in|   11|     ap_none|                                                               data_4_val|        scalar|
|data_5_val     |   in|   11|     ap_none|                                                               data_5_val|        scalar|
|data_6_val     |   in|   11|     ap_none|                                                               data_6_val|        scalar|
|data_7_val     |   in|   11|     ap_none|                                                               data_7_val|        scalar|
|data_8_val     |   in|   11|     ap_none|                                                               data_8_val|        scalar|
|data_9_val     |   in|   11|     ap_none|                                                               data_9_val|        scalar|
|data_10_val    |   in|   11|     ap_none|                                                              data_10_val|        scalar|
|data_11_val    |   in|   11|     ap_none|                                                              data_11_val|        scalar|
|data_12_val    |   in|   11|     ap_none|                                                              data_12_val|        scalar|
|data_13_val    |   in|   11|     ap_none|                                                              data_13_val|        scalar|
|data_14_val    |   in|   11|     ap_none|                                                              data_14_val|        scalar|
|data_15_val    |   in|   11|     ap_none|                                                              data_15_val|        scalar|
|data_16_val    |   in|   11|     ap_none|                                                              data_16_val|        scalar|
|data_17_val    |   in|   11|     ap_none|                                                              data_17_val|        scalar|
|data_18_val    |   in|   11|     ap_none|                                                              data_18_val|        scalar|
|data_19_val    |   in|   11|     ap_none|                                                              data_19_val|        scalar|
|data_20_val    |   in|   11|     ap_none|                                                              data_20_val|        scalar|
|data_21_val    |   in|   11|     ap_none|                                                              data_21_val|        scalar|
|data_22_val    |   in|   11|     ap_none|                                                              data_22_val|        scalar|
|data_23_val    |   in|   11|     ap_none|                                                              data_23_val|        scalar|
|data_24_val    |   in|   11|     ap_none|                                                              data_24_val|        scalar|
|data_25_val    |   in|   11|     ap_none|                                                              data_25_val|        scalar|
|data_26_val    |   in|   11|     ap_none|                                                              data_26_val|        scalar|
|data_27_val    |   in|   11|     ap_none|                                                              data_27_val|        scalar|
|data_28_val    |   in|   11|     ap_none|                                                              data_28_val|        scalar|
|data_29_val    |   in|   11|     ap_none|                                                              data_29_val|        scalar|
|data_30_val    |   in|   11|     ap_none|                                                              data_30_val|        scalar|
|data_31_val    |   in|   11|     ap_none|                                                              data_31_val|        scalar|
|data_32_val    |   in|   11|     ap_none|                                                              data_32_val|        scalar|
|data_33_val    |   in|   11|     ap_none|                                                              data_33_val|        scalar|
|data_34_val    |   in|   11|     ap_none|                                                              data_34_val|        scalar|
|data_35_val    |   in|   11|     ap_none|                                                              data_35_val|        scalar|
|data_36_val    |   in|   11|     ap_none|                                                              data_36_val|        scalar|
|data_37_val    |   in|   11|     ap_none|                                                              data_37_val|        scalar|
|data_38_val    |   in|   11|     ap_none|                                                              data_38_val|        scalar|
|data_39_val    |   in|   11|     ap_none|                                                              data_39_val|        scalar|
|data_40_val    |   in|   11|     ap_none|                                                              data_40_val|        scalar|
|data_41_val    |   in|   11|     ap_none|                                                              data_41_val|        scalar|
|data_42_val    |   in|   11|     ap_none|                                                              data_42_val|        scalar|
|data_43_val    |   in|   11|     ap_none|                                                              data_43_val|        scalar|
|data_44_val    |   in|   11|     ap_none|                                                              data_44_val|        scalar|
|data_45_val    |   in|   11|     ap_none|                                                              data_45_val|        scalar|
|data_46_val    |   in|   11|     ap_none|                                                              data_46_val|        scalar|
|data_47_val    |   in|   11|     ap_none|                                                              data_47_val|        scalar|
|data_48_val    |   in|   11|     ap_none|                                                              data_48_val|        scalar|
|data_49_val    |   in|   11|     ap_none|                                                              data_49_val|        scalar|
|data_50_val    |   in|   11|     ap_none|                                                              data_50_val|        scalar|
|data_51_val    |   in|   11|     ap_none|                                                              data_51_val|        scalar|
|data_52_val    |   in|   11|     ap_none|                                                              data_52_val|        scalar|
|data_53_val    |   in|   11|     ap_none|                                                              data_53_val|        scalar|
|data_54_val    |   in|   11|     ap_none|                                                              data_54_val|        scalar|
|data_55_val    |   in|   11|     ap_none|                                                              data_55_val|        scalar|
|data_56_val    |   in|   11|     ap_none|                                                              data_56_val|        scalar|
|data_57_val    |   in|   11|     ap_none|                                                              data_57_val|        scalar|
|data_58_val    |   in|   11|     ap_none|                                                              data_58_val|        scalar|
|data_59_val    |   in|   11|     ap_none|                                                              data_59_val|        scalar|
|data_60_val    |   in|   11|     ap_none|                                                              data_60_val|        scalar|
|data_61_val    |   in|   11|     ap_none|                                                              data_61_val|        scalar|
|data_62_val    |   in|   11|     ap_none|                                                              data_62_val|        scalar|
|data_63_val    |   in|   11|     ap_none|                                                              data_63_val|        scalar|
|data_64_val    |   in|   11|     ap_none|                                                              data_64_val|        scalar|
|data_65_val    |   in|   11|     ap_none|                                                              data_65_val|        scalar|
|data_66_val    |   in|   11|     ap_none|                                                              data_66_val|        scalar|
|data_67_val    |   in|   11|     ap_none|                                                              data_67_val|        scalar|
|data_68_val    |   in|   11|     ap_none|                                                              data_68_val|        scalar|
|data_69_val    |   in|   11|     ap_none|                                                              data_69_val|        scalar|
|data_70_val    |   in|   11|     ap_none|                                                              data_70_val|        scalar|
|data_71_val    |   in|   11|     ap_none|                                                              data_71_val|        scalar|
|data_72_val    |   in|   11|     ap_none|                                                              data_72_val|        scalar|
|data_73_val    |   in|   11|     ap_none|                                                              data_73_val|        scalar|
|data_74_val    |   in|   11|     ap_none|                                                              data_74_val|        scalar|
|data_75_val    |   in|   11|     ap_none|                                                              data_75_val|        scalar|
|data_76_val    |   in|   11|     ap_none|                                                              data_76_val|        scalar|
|data_77_val    |   in|   11|     ap_none|                                                              data_77_val|        scalar|
|data_78_val    |   in|   11|     ap_none|                                                              data_78_val|        scalar|
|data_79_val    |   in|   11|     ap_none|                                                              data_79_val|        scalar|
|data_80_val    |   in|   11|     ap_none|                                                              data_80_val|        scalar|
|data_81_val    |   in|   11|     ap_none|                                                              data_81_val|        scalar|
|data_82_val    |   in|   11|     ap_none|                                                              data_82_val|        scalar|
|data_83_val    |   in|   11|     ap_none|                                                              data_83_val|        scalar|
|data_84_val    |   in|   11|     ap_none|                                                              data_84_val|        scalar|
|data_85_val    |   in|   11|     ap_none|                                                              data_85_val|        scalar|
|data_86_val    |   in|   11|     ap_none|                                                              data_86_val|        scalar|
|data_87_val    |   in|   11|     ap_none|                                                              data_87_val|        scalar|
|data_88_val    |   in|   11|     ap_none|                                                              data_88_val|        scalar|
|data_89_val    |   in|   11|     ap_none|                                                              data_89_val|        scalar|
|data_90_val    |   in|   11|     ap_none|                                                              data_90_val|        scalar|
|data_91_val    |   in|   11|     ap_none|                                                              data_91_val|        scalar|
|data_92_val    |   in|   11|     ap_none|                                                              data_92_val|        scalar|
|data_93_val    |   in|   11|     ap_none|                                                              data_93_val|        scalar|
|data_94_val    |   in|   11|     ap_none|                                                              data_94_val|        scalar|
|data_95_val    |   in|   11|     ap_none|                                                              data_95_val|        scalar|
|data_96_val    |   in|   11|     ap_none|                                                              data_96_val|        scalar|
|data_97_val    |   in|   11|     ap_none|                                                              data_97_val|        scalar|
|data_98_val    |   in|   11|     ap_none|                                                              data_98_val|        scalar|
|data_99_val    |   in|   11|     ap_none|                                                              data_99_val|        scalar|
|data_100_val   |   in|   11|     ap_none|                                                             data_100_val|        scalar|
|data_101_val   |   in|   11|     ap_none|                                                             data_101_val|        scalar|
|data_102_val   |   in|   11|     ap_none|                                                             data_102_val|        scalar|
|data_103_val   |   in|   11|     ap_none|                                                             data_103_val|        scalar|
|data_104_val   |   in|   11|     ap_none|                                                             data_104_val|        scalar|
|data_105_val   |   in|   11|     ap_none|                                                             data_105_val|        scalar|
|data_106_val   |   in|   11|     ap_none|                                                             data_106_val|        scalar|
|data_107_val   |   in|   11|     ap_none|                                                             data_107_val|        scalar|
|data_108_val   |   in|   11|     ap_none|                                                             data_108_val|        scalar|
|data_109_val   |   in|   11|     ap_none|                                                             data_109_val|        scalar|
|data_110_val   |   in|   11|     ap_none|                                                             data_110_val|        scalar|
|data_111_val   |   in|   11|     ap_none|                                                             data_111_val|        scalar|
|data_112_val   |   in|   11|     ap_none|                                                             data_112_val|        scalar|
|data_113_val   |   in|   11|     ap_none|                                                             data_113_val|        scalar|
|data_114_val   |   in|   11|     ap_none|                                                             data_114_val|        scalar|
|data_115_val   |   in|   11|     ap_none|                                                             data_115_val|        scalar|
|data_116_val   |   in|   11|     ap_none|                                                             data_116_val|        scalar|
|data_117_val   |   in|   11|     ap_none|                                                             data_117_val|        scalar|
|data_118_val   |   in|   11|     ap_none|                                                             data_118_val|        scalar|
|data_119_val   |   in|   11|     ap_none|                                                             data_119_val|        scalar|
|data_120_val   |   in|   11|     ap_none|                                                             data_120_val|        scalar|
|data_121_val   |   in|   11|     ap_none|                                                             data_121_val|        scalar|
|data_122_val   |   in|   11|     ap_none|                                                             data_122_val|        scalar|
|data_123_val   |   in|   11|     ap_none|                                                             data_123_val|        scalar|
|data_124_val   |   in|   11|     ap_none|                                                             data_124_val|        scalar|
|data_125_val   |   in|   11|     ap_none|                                                             data_125_val|        scalar|
|data_126_val   |   in|   11|     ap_none|                                                             data_126_val|        scalar|
|data_127_val   |   in|   11|     ap_none|                                                             data_127_val|        scalar|
|data_128_val   |   in|   11|     ap_none|                                                             data_128_val|        scalar|
|data_129_val   |   in|   11|     ap_none|                                                             data_129_val|        scalar|
|data_130_val   |   in|   11|     ap_none|                                                             data_130_val|        scalar|
|data_131_val   |   in|   11|     ap_none|                                                             data_131_val|        scalar|
|data_132_val   |   in|   11|     ap_none|                                                             data_132_val|        scalar|
|data_133_val   |   in|   11|     ap_none|                                                             data_133_val|        scalar|
|data_134_val   |   in|   11|     ap_none|                                                             data_134_val|        scalar|
|data_135_val   |   in|   11|     ap_none|                                                             data_135_val|        scalar|
|data_136_val   |   in|   11|     ap_none|                                                             data_136_val|        scalar|
|data_137_val   |   in|   11|     ap_none|                                                             data_137_val|        scalar|
|data_138_val   |   in|   11|     ap_none|                                                             data_138_val|        scalar|
|data_139_val   |   in|   11|     ap_none|                                                             data_139_val|        scalar|
|data_140_val   |   in|   11|     ap_none|                                                             data_140_val|        scalar|
|data_141_val   |   in|   11|     ap_none|                                                             data_141_val|        scalar|
|data_142_val   |   in|   11|     ap_none|                                                             data_142_val|        scalar|
|data_143_val   |   in|   11|     ap_none|                                                             data_143_val|        scalar|
|data_144_val   |   in|   11|     ap_none|                                                             data_144_val|        scalar|
|data_145_val   |   in|   11|     ap_none|                                                             data_145_val|        scalar|
|data_146_val   |   in|   11|     ap_none|                                                             data_146_val|        scalar|
|data_147_val   |   in|   11|     ap_none|                                                             data_147_val|        scalar|
|data_148_val   |   in|   11|     ap_none|                                                             data_148_val|        scalar|
|data_149_val   |   in|   11|     ap_none|                                                             data_149_val|        scalar|
|data_150_val   |   in|   11|     ap_none|                                                             data_150_val|        scalar|
|data_151_val   |   in|   11|     ap_none|                                                             data_151_val|        scalar|
|data_152_val   |   in|   11|     ap_none|                                                             data_152_val|        scalar|
|data_153_val   |   in|   11|     ap_none|                                                             data_153_val|        scalar|
|data_154_val   |   in|   11|     ap_none|                                                             data_154_val|        scalar|
|data_155_val   |   in|   11|     ap_none|                                                             data_155_val|        scalar|
|data_156_val   |   in|   11|     ap_none|                                                             data_156_val|        scalar|
|data_157_val   |   in|   11|     ap_none|                                                             data_157_val|        scalar|
|data_158_val   |   in|   11|     ap_none|                                                             data_158_val|        scalar|
|data_159_val   |   in|   11|     ap_none|                                                             data_159_val|        scalar|
|data_160_val   |   in|   11|     ap_none|                                                             data_160_val|        scalar|
|data_161_val   |   in|   11|     ap_none|                                                             data_161_val|        scalar|
|data_162_val   |   in|   11|     ap_none|                                                             data_162_val|        scalar|
|data_163_val   |   in|   11|     ap_none|                                                             data_163_val|        scalar|
|data_164_val   |   in|   11|     ap_none|                                                             data_164_val|        scalar|
|data_165_val   |   in|   11|     ap_none|                                                             data_165_val|        scalar|
|data_166_val   |   in|   11|     ap_none|                                                             data_166_val|        scalar|
|data_167_val   |   in|   11|     ap_none|                                                             data_167_val|        scalar|
|data_168_val   |   in|   11|     ap_none|                                                             data_168_val|        scalar|
|data_169_val   |   in|   11|     ap_none|                                                             data_169_val|        scalar|
|data_170_val   |   in|   11|     ap_none|                                                             data_170_val|        scalar|
|data_171_val   |   in|   11|     ap_none|                                                             data_171_val|        scalar|
|data_172_val   |   in|   11|     ap_none|                                                             data_172_val|        scalar|
|data_173_val   |   in|   11|     ap_none|                                                             data_173_val|        scalar|
|data_174_val   |   in|   11|     ap_none|                                                             data_174_val|        scalar|
|data_175_val   |   in|   11|     ap_none|                                                             data_175_val|        scalar|
|data_176_val   |   in|   11|     ap_none|                                                             data_176_val|        scalar|
|data_177_val   |   in|   11|     ap_none|                                                             data_177_val|        scalar|
|data_178_val   |   in|   11|     ap_none|                                                             data_178_val|        scalar|
|data_179_val   |   in|   11|     ap_none|                                                             data_179_val|        scalar|
|data_180_val   |   in|   11|     ap_none|                                                             data_180_val|        scalar|
|data_181_val   |   in|   11|     ap_none|                                                             data_181_val|        scalar|
|data_182_val   |   in|   11|     ap_none|                                                             data_182_val|        scalar|
|data_183_val   |   in|   11|     ap_none|                                                             data_183_val|        scalar|
|data_184_val   |   in|   11|     ap_none|                                                             data_184_val|        scalar|
|data_185_val   |   in|   11|     ap_none|                                                             data_185_val|        scalar|
|data_186_val   |   in|   11|     ap_none|                                                             data_186_val|        scalar|
|data_187_val   |   in|   11|     ap_none|                                                             data_187_val|        scalar|
|data_188_val   |   in|   11|     ap_none|                                                             data_188_val|        scalar|
|data_189_val   |   in|   11|     ap_none|                                                             data_189_val|        scalar|
|data_190_val   |   in|   11|     ap_none|                                                             data_190_val|        scalar|
|data_191_val   |   in|   11|     ap_none|                                                             data_191_val|        scalar|
|data_192_val   |   in|   11|     ap_none|                                                             data_192_val|        scalar|
|data_193_val   |   in|   11|     ap_none|                                                             data_193_val|        scalar|
|data_194_val   |   in|   11|     ap_none|                                                             data_194_val|        scalar|
|data_195_val   |   in|   11|     ap_none|                                                             data_195_val|        scalar|
|data_196_val   |   in|   11|     ap_none|                                                             data_196_val|        scalar|
|data_197_val   |   in|   11|     ap_none|                                                             data_197_val|        scalar|
|data_198_val   |   in|   11|     ap_none|                                                             data_198_val|        scalar|
|data_199_val   |   in|   11|     ap_none|                                                             data_199_val|        scalar|
|data_200_val   |   in|   11|     ap_none|                                                             data_200_val|        scalar|
|data_201_val   |   in|   11|     ap_none|                                                             data_201_val|        scalar|
|data_202_val   |   in|   11|     ap_none|                                                             data_202_val|        scalar|
|data_203_val   |   in|   11|     ap_none|                                                             data_203_val|        scalar|
|data_204_val   |   in|   11|     ap_none|                                                             data_204_val|        scalar|
|data_205_val   |   in|   11|     ap_none|                                                             data_205_val|        scalar|
|data_206_val   |   in|   11|     ap_none|                                                             data_206_val|        scalar|
|data_207_val   |   in|   11|     ap_none|                                                             data_207_val|        scalar|
|data_208_val   |   in|   11|     ap_none|                                                             data_208_val|        scalar|
|data_209_val   |   in|   11|     ap_none|                                                             data_209_val|        scalar|
|data_210_val   |   in|   11|     ap_none|                                                             data_210_val|        scalar|
|data_211_val   |   in|   11|     ap_none|                                                             data_211_val|        scalar|
|data_212_val   |   in|   11|     ap_none|                                                             data_212_val|        scalar|
|data_213_val   |   in|   11|     ap_none|                                                             data_213_val|        scalar|
|data_214_val   |   in|   11|     ap_none|                                                             data_214_val|        scalar|
|data_215_val   |   in|   11|     ap_none|                                                             data_215_val|        scalar|
|data_216_val   |   in|   11|     ap_none|                                                             data_216_val|        scalar|
|data_217_val   |   in|   11|     ap_none|                                                             data_217_val|        scalar|
|data_218_val   |   in|   11|     ap_none|                                                             data_218_val|        scalar|
|data_219_val   |   in|   11|     ap_none|                                                             data_219_val|        scalar|
|data_220_val   |   in|   11|     ap_none|                                                             data_220_val|        scalar|
|data_221_val   |   in|   11|     ap_none|                                                             data_221_val|        scalar|
|data_222_val   |   in|   11|     ap_none|                                                             data_222_val|        scalar|
|data_223_val   |   in|   11|     ap_none|                                                             data_223_val|        scalar|
|data_224_val   |   in|   11|     ap_none|                                                             data_224_val|        scalar|
|data_225_val   |   in|   11|     ap_none|                                                             data_225_val|        scalar|
|data_226_val   |   in|   11|     ap_none|                                                             data_226_val|        scalar|
|data_227_val   |   in|   11|     ap_none|                                                             data_227_val|        scalar|
|data_228_val   |   in|   11|     ap_none|                                                             data_228_val|        scalar|
|data_229_val   |   in|   11|     ap_none|                                                             data_229_val|        scalar|
|data_230_val   |   in|   11|     ap_none|                                                             data_230_val|        scalar|
|data_231_val   |   in|   11|     ap_none|                                                             data_231_val|        scalar|
|data_232_val   |   in|   11|     ap_none|                                                             data_232_val|        scalar|
|data_233_val   |   in|   11|     ap_none|                                                             data_233_val|        scalar|
|data_234_val   |   in|   11|     ap_none|                                                             data_234_val|        scalar|
|data_235_val   |   in|   11|     ap_none|                                                             data_235_val|        scalar|
|data_236_val   |   in|   11|     ap_none|                                                             data_236_val|        scalar|
|data_237_val   |   in|   11|     ap_none|                                                             data_237_val|        scalar|
|data_238_val   |   in|   11|     ap_none|                                                             data_238_val|        scalar|
|data_239_val   |   in|   11|     ap_none|                                                             data_239_val|        scalar|
|data_240_val   |   in|   11|     ap_none|                                                             data_240_val|        scalar|
|data_241_val   |   in|   11|     ap_none|                                                             data_241_val|        scalar|
|data_242_val   |   in|   11|     ap_none|                                                             data_242_val|        scalar|
|data_243_val   |   in|   11|     ap_none|                                                             data_243_val|        scalar|
|data_244_val   |   in|   11|     ap_none|                                                             data_244_val|        scalar|
|data_245_val   |   in|   11|     ap_none|                                                             data_245_val|        scalar|
|data_246_val   |   in|   11|     ap_none|                                                             data_246_val|        scalar|
|data_247_val   |   in|   11|     ap_none|                                                             data_247_val|        scalar|
|data_248_val   |   in|   11|     ap_none|                                                             data_248_val|        scalar|
|data_249_val   |   in|   11|     ap_none|                                                             data_249_val|        scalar|
|data_250_val   |   in|   11|     ap_none|                                                             data_250_val|        scalar|
|data_251_val   |   in|   11|     ap_none|                                                             data_251_val|        scalar|
|data_252_val   |   in|   11|     ap_none|                                                             data_252_val|        scalar|
|data_253_val   |   in|   11|     ap_none|                                                             data_253_val|        scalar|
|data_254_val   |   in|   11|     ap_none|                                                             data_254_val|        scalar|
|data_255_val   |   in|   11|     ap_none|                                                             data_255_val|        scalar|
|data_256_val   |   in|   11|     ap_none|                                                             data_256_val|        scalar|
|data_257_val   |   in|   11|     ap_none|                                                             data_257_val|        scalar|
|data_258_val   |   in|   11|     ap_none|                                                             data_258_val|        scalar|
|data_259_val   |   in|   11|     ap_none|                                                             data_259_val|        scalar|
|data_260_val   |   in|   11|     ap_none|                                                             data_260_val|        scalar|
|data_261_val   |   in|   11|     ap_none|                                                             data_261_val|        scalar|
|data_262_val   |   in|   11|     ap_none|                                                             data_262_val|        scalar|
|data_263_val   |   in|   11|     ap_none|                                                             data_263_val|        scalar|
|data_264_val   |   in|   11|     ap_none|                                                             data_264_val|        scalar|
|data_265_val   |   in|   11|     ap_none|                                                             data_265_val|        scalar|
|data_266_val   |   in|   11|     ap_none|                                                             data_266_val|        scalar|
|data_267_val   |   in|   11|     ap_none|                                                             data_267_val|        scalar|
|data_268_val   |   in|   11|     ap_none|                                                             data_268_val|        scalar|
|data_269_val   |   in|   11|     ap_none|                                                             data_269_val|        scalar|
|data_270_val   |   in|   11|     ap_none|                                                             data_270_val|        scalar|
|data_271_val   |   in|   11|     ap_none|                                                             data_271_val|        scalar|
|data_272_val   |   in|   11|     ap_none|                                                             data_272_val|        scalar|
|data_273_val   |   in|   11|     ap_none|                                                             data_273_val|        scalar|
|data_274_val   |   in|   11|     ap_none|                                                             data_274_val|        scalar|
|data_275_val   |   in|   11|     ap_none|                                                             data_275_val|        scalar|
|data_276_val   |   in|   11|     ap_none|                                                             data_276_val|        scalar|
|data_277_val   |   in|   11|     ap_none|                                                             data_277_val|        scalar|
|data_278_val   |   in|   11|     ap_none|                                                             data_278_val|        scalar|
|data_279_val   |   in|   11|     ap_none|                                                             data_279_val|        scalar|
|data_280_val   |   in|   11|     ap_none|                                                             data_280_val|        scalar|
|data_281_val   |   in|   11|     ap_none|                                                             data_281_val|        scalar|
|data_282_val   |   in|   11|     ap_none|                                                             data_282_val|        scalar|
|data_283_val   |   in|   11|     ap_none|                                                             data_283_val|        scalar|
|data_284_val   |   in|   11|     ap_none|                                                             data_284_val|        scalar|
|data_285_val   |   in|   11|     ap_none|                                                             data_285_val|        scalar|
|data_286_val   |   in|   11|     ap_none|                                                             data_286_val|        scalar|
|data_287_val   |   in|   11|     ap_none|                                                             data_287_val|        scalar|
|data_288_val   |   in|   11|     ap_none|                                                             data_288_val|        scalar|
|data_289_val   |   in|   11|     ap_none|                                                             data_289_val|        scalar|
|data_290_val   |   in|   11|     ap_none|                                                             data_290_val|        scalar|
|data_291_val   |   in|   11|     ap_none|                                                             data_291_val|        scalar|
|data_292_val   |   in|   11|     ap_none|                                                             data_292_val|        scalar|
|data_293_val   |   in|   11|     ap_none|                                                             data_293_val|        scalar|
|data_294_val   |   in|   11|     ap_none|                                                             data_294_val|        scalar|
|data_295_val   |   in|   11|     ap_none|                                                             data_295_val|        scalar|
|data_296_val   |   in|   11|     ap_none|                                                             data_296_val|        scalar|
|data_297_val   |   in|   11|     ap_none|                                                             data_297_val|        scalar|
|data_298_val   |   in|   11|     ap_none|                                                             data_298_val|        scalar|
|data_299_val   |   in|   11|     ap_none|                                                             data_299_val|        scalar|
|data_300_val   |   in|   11|     ap_none|                                                             data_300_val|        scalar|
|data_301_val   |   in|   11|     ap_none|                                                             data_301_val|        scalar|
|data_302_val   |   in|   11|     ap_none|                                                             data_302_val|        scalar|
|data_303_val   |   in|   11|     ap_none|                                                             data_303_val|        scalar|
|data_304_val   |   in|   11|     ap_none|                                                             data_304_val|        scalar|
|data_305_val   |   in|   11|     ap_none|                                                             data_305_val|        scalar|
|data_306_val   |   in|   11|     ap_none|                                                             data_306_val|        scalar|
|data_307_val   |   in|   11|     ap_none|                                                             data_307_val|        scalar|
|data_308_val   |   in|   11|     ap_none|                                                             data_308_val|        scalar|
|data_309_val   |   in|   11|     ap_none|                                                             data_309_val|        scalar|
|data_310_val   |   in|   11|     ap_none|                                                             data_310_val|        scalar|
|data_311_val   |   in|   11|     ap_none|                                                             data_311_val|        scalar|
|data_312_val   |   in|   11|     ap_none|                                                             data_312_val|        scalar|
|data_313_val   |   in|   11|     ap_none|                                                             data_313_val|        scalar|
|data_314_val   |   in|   11|     ap_none|                                                             data_314_val|        scalar|
|data_315_val   |   in|   11|     ap_none|                                                             data_315_val|        scalar|
|data_316_val   |   in|   11|     ap_none|                                                             data_316_val|        scalar|
|data_317_val   |   in|   11|     ap_none|                                                             data_317_val|        scalar|
|data_318_val   |   in|   11|     ap_none|                                                             data_318_val|        scalar|
|data_319_val   |   in|   11|     ap_none|                                                             data_319_val|        scalar|
|data_320_val   |   in|   11|     ap_none|                                                             data_320_val|        scalar|
|data_321_val   |   in|   11|     ap_none|                                                             data_321_val|        scalar|
|data_322_val   |   in|   11|     ap_none|                                                             data_322_val|        scalar|
|data_323_val   |   in|   11|     ap_none|                                                             data_323_val|        scalar|
|data_324_val   |   in|   11|     ap_none|                                                             data_324_val|        scalar|
|data_325_val   |   in|   11|     ap_none|                                                             data_325_val|        scalar|
|data_326_val   |   in|   11|     ap_none|                                                             data_326_val|        scalar|
|data_327_val   |   in|   11|     ap_none|                                                             data_327_val|        scalar|
|data_328_val   |   in|   11|     ap_none|                                                             data_328_val|        scalar|
|data_329_val   |   in|   11|     ap_none|                                                             data_329_val|        scalar|
|data_330_val   |   in|   11|     ap_none|                                                             data_330_val|        scalar|
|data_331_val   |   in|   11|     ap_none|                                                             data_331_val|        scalar|
|data_332_val   |   in|   11|     ap_none|                                                             data_332_val|        scalar|
|data_333_val   |   in|   11|     ap_none|                                                             data_333_val|        scalar|
|data_334_val   |   in|   11|     ap_none|                                                             data_334_val|        scalar|
|data_335_val   |   in|   11|     ap_none|                                                             data_335_val|        scalar|
|data_336_val   |   in|   11|     ap_none|                                                             data_336_val|        scalar|
|data_337_val   |   in|   11|     ap_none|                                                             data_337_val|        scalar|
|data_338_val   |   in|   11|     ap_none|                                                             data_338_val|        scalar|
|data_339_val   |   in|   11|     ap_none|                                                             data_339_val|        scalar|
|data_340_val   |   in|   11|     ap_none|                                                             data_340_val|        scalar|
|data_341_val   |   in|   11|     ap_none|                                                             data_341_val|        scalar|
|data_342_val   |   in|   11|     ap_none|                                                             data_342_val|        scalar|
|data_343_val   |   in|   11|     ap_none|                                                             data_343_val|        scalar|
|data_344_val   |   in|   11|     ap_none|                                                             data_344_val|        scalar|
|data_345_val   |   in|   11|     ap_none|                                                             data_345_val|        scalar|
|data_346_val   |   in|   11|     ap_none|                                                             data_346_val|        scalar|
|data_347_val   |   in|   11|     ap_none|                                                             data_347_val|        scalar|
|data_348_val   |   in|   11|     ap_none|                                                             data_348_val|        scalar|
|data_349_val   |   in|   11|     ap_none|                                                             data_349_val|        scalar|
|data_350_val   |   in|   11|     ap_none|                                                             data_350_val|        scalar|
|data_351_val   |   in|   11|     ap_none|                                                             data_351_val|        scalar|
|data_352_val   |   in|   11|     ap_none|                                                             data_352_val|        scalar|
|data_353_val   |   in|   11|     ap_none|                                                             data_353_val|        scalar|
|data_354_val   |   in|   11|     ap_none|                                                             data_354_val|        scalar|
|data_355_val   |   in|   11|     ap_none|                                                             data_355_val|        scalar|
|data_356_val   |   in|   11|     ap_none|                                                             data_356_val|        scalar|
|data_357_val   |   in|   11|     ap_none|                                                             data_357_val|        scalar|
|data_358_val   |   in|   11|     ap_none|                                                             data_358_val|        scalar|
|data_359_val   |   in|   11|     ap_none|                                                             data_359_val|        scalar|
|data_360_val   |   in|   11|     ap_none|                                                             data_360_val|        scalar|
|data_361_val   |   in|   11|     ap_none|                                                             data_361_val|        scalar|
|data_362_val   |   in|   11|     ap_none|                                                             data_362_val|        scalar|
|data_363_val   |   in|   11|     ap_none|                                                             data_363_val|        scalar|
|data_364_val   |   in|   11|     ap_none|                                                             data_364_val|        scalar|
|data_365_val   |   in|   11|     ap_none|                                                             data_365_val|        scalar|
|data_366_val   |   in|   11|     ap_none|                                                             data_366_val|        scalar|
|data_367_val   |   in|   11|     ap_none|                                                             data_367_val|        scalar|
|data_368_val   |   in|   11|     ap_none|                                                             data_368_val|        scalar|
|data_369_val   |   in|   11|     ap_none|                                                             data_369_val|        scalar|
|data_370_val   |   in|   11|     ap_none|                                                             data_370_val|        scalar|
|data_371_val   |   in|   11|     ap_none|                                                             data_371_val|        scalar|
|data_372_val   |   in|   11|     ap_none|                                                             data_372_val|        scalar|
|data_373_val   |   in|   11|     ap_none|                                                             data_373_val|        scalar|
|data_374_val   |   in|   11|     ap_none|                                                             data_374_val|        scalar|
|data_375_val   |   in|   11|     ap_none|                                                             data_375_val|        scalar|
|data_376_val   |   in|   11|     ap_none|                                                             data_376_val|        scalar|
|data_377_val   |   in|   11|     ap_none|                                                             data_377_val|        scalar|
|data_378_val   |   in|   11|     ap_none|                                                             data_378_val|        scalar|
|data_379_val   |   in|   11|     ap_none|                                                             data_379_val|        scalar|
|data_380_val   |   in|   11|     ap_none|                                                             data_380_val|        scalar|
|data_381_val   |   in|   11|     ap_none|                                                             data_381_val|        scalar|
|data_382_val   |   in|   11|     ap_none|                                                             data_382_val|        scalar|
|data_383_val   |   in|   11|     ap_none|                                                             data_383_val|        scalar|
|data_384_val   |   in|   11|     ap_none|                                                             data_384_val|        scalar|
|data_385_val   |   in|   11|     ap_none|                                                             data_385_val|        scalar|
|data_386_val   |   in|   11|     ap_none|                                                             data_386_val|        scalar|
|data_387_val   |   in|   11|     ap_none|                                                             data_387_val|        scalar|
|data_388_val   |   in|   11|     ap_none|                                                             data_388_val|        scalar|
|data_389_val   |   in|   11|     ap_none|                                                             data_389_val|        scalar|
|data_390_val   |   in|   11|     ap_none|                                                             data_390_val|        scalar|
|data_391_val   |   in|   11|     ap_none|                                                             data_391_val|        scalar|
|data_392_val   |   in|   11|     ap_none|                                                             data_392_val|        scalar|
|data_393_val   |   in|   11|     ap_none|                                                             data_393_val|        scalar|
|data_394_val   |   in|   11|     ap_none|                                                             data_394_val|        scalar|
|data_395_val   |   in|   11|     ap_none|                                                             data_395_val|        scalar|
|data_396_val   |   in|   11|     ap_none|                                                             data_396_val|        scalar|
|data_397_val   |   in|   11|     ap_none|                                                             data_397_val|        scalar|
|data_398_val   |   in|   11|     ap_none|                                                             data_398_val|        scalar|
|data_399_val   |   in|   11|     ap_none|                                                             data_399_val|        scalar|
|data_400_val   |   in|   11|     ap_none|                                                             data_400_val|        scalar|
|data_401_val   |   in|   11|     ap_none|                                                             data_401_val|        scalar|
|data_402_val   |   in|   11|     ap_none|                                                             data_402_val|        scalar|
|data_403_val   |   in|   11|     ap_none|                                                             data_403_val|        scalar|
|data_404_val   |   in|   11|     ap_none|                                                             data_404_val|        scalar|
|data_405_val   |   in|   11|     ap_none|                                                             data_405_val|        scalar|
|data_406_val   |   in|   11|     ap_none|                                                             data_406_val|        scalar|
|data_407_val   |   in|   11|     ap_none|                                                             data_407_val|        scalar|
|data_408_val   |   in|   11|     ap_none|                                                             data_408_val|        scalar|
|data_409_val   |   in|   11|     ap_none|                                                             data_409_val|        scalar|
|data_410_val   |   in|   11|     ap_none|                                                             data_410_val|        scalar|
|data_411_val   |   in|   11|     ap_none|                                                             data_411_val|        scalar|
|data_412_val   |   in|   11|     ap_none|                                                             data_412_val|        scalar|
|data_413_val   |   in|   11|     ap_none|                                                             data_413_val|        scalar|
|data_414_val   |   in|   11|     ap_none|                                                             data_414_val|        scalar|
|data_415_val   |   in|   11|     ap_none|                                                             data_415_val|        scalar|
|data_416_val   |   in|   11|     ap_none|                                                             data_416_val|        scalar|
|data_417_val   |   in|   11|     ap_none|                                                             data_417_val|        scalar|
|data_418_val   |   in|   11|     ap_none|                                                             data_418_val|        scalar|
|data_419_val   |   in|   11|     ap_none|                                                             data_419_val|        scalar|
|data_420_val   |   in|   11|     ap_none|                                                             data_420_val|        scalar|
|data_421_val   |   in|   11|     ap_none|                                                             data_421_val|        scalar|
|data_422_val   |   in|   11|     ap_none|                                                             data_422_val|        scalar|
|data_423_val   |   in|   11|     ap_none|                                                             data_423_val|        scalar|
|data_424_val   |   in|   11|     ap_none|                                                             data_424_val|        scalar|
|data_425_val   |   in|   11|     ap_none|                                                             data_425_val|        scalar|
|data_426_val   |   in|   11|     ap_none|                                                             data_426_val|        scalar|
|data_427_val   |   in|   11|     ap_none|                                                             data_427_val|        scalar|
|data_428_val   |   in|   11|     ap_none|                                                             data_428_val|        scalar|
|data_429_val   |   in|   11|     ap_none|                                                             data_429_val|        scalar|
|data_430_val   |   in|   11|     ap_none|                                                             data_430_val|        scalar|
|data_431_val   |   in|   11|     ap_none|                                                             data_431_val|        scalar|
|data_432_val   |   in|   11|     ap_none|                                                             data_432_val|        scalar|
|data_433_val   |   in|   11|     ap_none|                                                             data_433_val|        scalar|
|data_434_val   |   in|   11|     ap_none|                                                             data_434_val|        scalar|
|data_435_val   |   in|   11|     ap_none|                                                             data_435_val|        scalar|
|data_436_val   |   in|   11|     ap_none|                                                             data_436_val|        scalar|
|data_437_val   |   in|   11|     ap_none|                                                             data_437_val|        scalar|
|data_438_val   |   in|   11|     ap_none|                                                             data_438_val|        scalar|
|data_439_val   |   in|   11|     ap_none|                                                             data_439_val|        scalar|
|data_440_val   |   in|   11|     ap_none|                                                             data_440_val|        scalar|
|data_441_val   |   in|   11|     ap_none|                                                             data_441_val|        scalar|
|data_442_val   |   in|   11|     ap_none|                                                             data_442_val|        scalar|
|data_443_val   |   in|   11|     ap_none|                                                             data_443_val|        scalar|
|data_444_val   |   in|   11|     ap_none|                                                             data_444_val|        scalar|
|data_445_val   |   in|   11|     ap_none|                                                             data_445_val|        scalar|
|data_446_val   |   in|   11|     ap_none|                                                             data_446_val|        scalar|
|data_447_val   |   in|   11|     ap_none|                                                             data_447_val|        scalar|
|data_448_val   |   in|   11|     ap_none|                                                             data_448_val|        scalar|
|data_449_val   |   in|   11|     ap_none|                                                             data_449_val|        scalar|
|data_450_val   |   in|   11|     ap_none|                                                             data_450_val|        scalar|
|data_451_val   |   in|   11|     ap_none|                                                             data_451_val|        scalar|
|data_452_val   |   in|   11|     ap_none|                                                             data_452_val|        scalar|
|data_453_val   |   in|   11|     ap_none|                                                             data_453_val|        scalar|
|data_454_val   |   in|   11|     ap_none|                                                             data_454_val|        scalar|
|data_455_val   |   in|   11|     ap_none|                                                             data_455_val|        scalar|
|data_456_val   |   in|   11|     ap_none|                                                             data_456_val|        scalar|
|data_457_val   |   in|   11|     ap_none|                                                             data_457_val|        scalar|
|data_458_val   |   in|   11|     ap_none|                                                             data_458_val|        scalar|
|data_459_val   |   in|   11|     ap_none|                                                             data_459_val|        scalar|
|data_460_val   |   in|   11|     ap_none|                                                             data_460_val|        scalar|
|data_461_val   |   in|   11|     ap_none|                                                             data_461_val|        scalar|
|data_462_val   |   in|   11|     ap_none|                                                             data_462_val|        scalar|
|data_463_val   |   in|   11|     ap_none|                                                             data_463_val|        scalar|
|data_464_val   |   in|   11|     ap_none|                                                             data_464_val|        scalar|
|data_465_val   |   in|   11|     ap_none|                                                             data_465_val|        scalar|
|data_466_val   |   in|   11|     ap_none|                                                             data_466_val|        scalar|
|data_467_val   |   in|   11|     ap_none|                                                             data_467_val|        scalar|
|data_468_val   |   in|   11|     ap_none|                                                             data_468_val|        scalar|
|data_469_val   |   in|   11|     ap_none|                                                             data_469_val|        scalar|
|data_470_val   |   in|   11|     ap_none|                                                             data_470_val|        scalar|
|data_471_val   |   in|   11|     ap_none|                                                             data_471_val|        scalar|
|data_472_val   |   in|   11|     ap_none|                                                             data_472_val|        scalar|
|data_473_val   |   in|   11|     ap_none|                                                             data_473_val|        scalar|
|data_474_val   |   in|   11|     ap_none|                                                             data_474_val|        scalar|
|data_475_val   |   in|   11|     ap_none|                                                             data_475_val|        scalar|
|data_476_val   |   in|   11|     ap_none|                                                             data_476_val|        scalar|
|data_477_val   |   in|   11|     ap_none|                                                             data_477_val|        scalar|
|data_478_val   |   in|   11|     ap_none|                                                             data_478_val|        scalar|
|data_479_val   |   in|   11|     ap_none|                                                             data_479_val|        scalar|
|data_480_val   |   in|   11|     ap_none|                                                             data_480_val|        scalar|
|data_481_val   |   in|   11|     ap_none|                                                             data_481_val|        scalar|
|data_482_val   |   in|   11|     ap_none|                                                             data_482_val|        scalar|
|data_483_val   |   in|   11|     ap_none|                                                             data_483_val|        scalar|
|data_484_val   |   in|   11|     ap_none|                                                             data_484_val|        scalar|
|data_485_val   |   in|   11|     ap_none|                                                             data_485_val|        scalar|
|data_486_val   |   in|   11|     ap_none|                                                             data_486_val|        scalar|
|data_487_val   |   in|   11|     ap_none|                                                             data_487_val|        scalar|
|data_488_val   |   in|   11|     ap_none|                                                             data_488_val|        scalar|
|data_489_val   |   in|   11|     ap_none|                                                             data_489_val|        scalar|
|data_490_val   |   in|   11|     ap_none|                                                             data_490_val|        scalar|
|data_491_val   |   in|   11|     ap_none|                                                             data_491_val|        scalar|
|data_492_val   |   in|   11|     ap_none|                                                             data_492_val|        scalar|
|data_493_val   |   in|   11|     ap_none|                                                             data_493_val|        scalar|
|data_494_val   |   in|   11|     ap_none|                                                             data_494_val|        scalar|
|data_495_val   |   in|   11|     ap_none|                                                             data_495_val|        scalar|
|data_496_val   |   in|   11|     ap_none|                                                             data_496_val|        scalar|
|data_497_val   |   in|   11|     ap_none|                                                             data_497_val|        scalar|
|data_498_val   |   in|   11|     ap_none|                                                             data_498_val|        scalar|
|data_499_val   |   in|   11|     ap_none|                                                             data_499_val|        scalar|
|data_500_val   |   in|   11|     ap_none|                                                             data_500_val|        scalar|
|data_501_val   |   in|   11|     ap_none|                                                             data_501_val|        scalar|
|data_502_val   |   in|   11|     ap_none|                                                             data_502_val|        scalar|
|data_503_val   |   in|   11|     ap_none|                                                             data_503_val|        scalar|
|data_504_val   |   in|   11|     ap_none|                                                             data_504_val|        scalar|
|data_505_val   |   in|   11|     ap_none|                                                             data_505_val|        scalar|
|data_506_val   |   in|   11|     ap_none|                                                             data_506_val|        scalar|
|data_507_val   |   in|   11|     ap_none|                                                             data_507_val|        scalar|
|data_508_val   |   in|   11|     ap_none|                                                             data_508_val|        scalar|
|data_509_val   |   in|   11|     ap_none|                                                             data_509_val|        scalar|
|data_510_val   |   in|   11|     ap_none|                                                             data_510_val|        scalar|
|data_511_val   |   in|   11|     ap_none|                                                             data_511_val|        scalar|
+---------------+-----+-----+------------+-------------------------------------------------------------------------+--------------+

